metric,identifier,latency_ms
consensus_latency,ah5H+pdYLDudsTVZk2tXyuWLGBgdVFmpg4XU+f8tDyw=,857.0
consensus_latency,H3ys+8AEkAjq92yT4S8d+3fQv6V3RnyPcl1sMJbPFyo=,910.0
consensus_latency,6KTKwjEBiunddlaZMhIWlXJJ6HnOBSZKMaC3CYH33Ao=,909.0
consensus_latency,/hQzpcyk24YgyEcLTmbyGCE7/+RT8T5dI2p1shWEjfo=,909.0
consensus_latency,AlMfPcz03pESbTksvE7gyP4ARv0yJrSeik4krqpaYD0=,857.0
consensus_latency,Z/SwP9GhnzhaIldBwoHQka9dRIdcGnOSr4fbYn6X1AU=,857.0
consensus_latency,JIMKbQzPVcYGzhY7f4fSP3rnYjnsVH4Mg6Qhwn7EiTY=,906.0
consensus_latency,Fccbo3+NITGXsB0OPHIuCGznhEXuynilmXMLDpN11YQ=,910.0
consensus_latency,Q8tUKQPZrYEwJER+Ii7+KJWru87XM6Y6fCKW2DuXzwA=,858.0
consensus_latency,Zbo/NNRwXV+uJAFKhW0IjzALJBEtAUlkEmdSzjdVBng=,818.0
consensus_latency,Hxv2FQSWj6rTX4FnfmIZ+7zsf5Fv7NZl26nlAeR2IJM=,824.0
consensus_latency,1ackqmarrdtGFgM0vgXwWgjB3Hk7SPEI+9zPsRTg4A8=,572.0
consensus_latency,HCLUWdBTgy/0eDxiJH9n4XuuTwElgrcoVeMGuqJQUoA=,1239.0
consensus_latency,grfGbsX4TmynFBInEZgb5TCmjWEgCiUDynRi3u08sjQ=,1239.0
consensus_latency,tJzxU8b06/OYl0LCLRzX9gmQO9Gfg5VjMz+8YSXbwy0=,1239.0
consensus_latency,5elw/eXVeywRo0oAzK1E/9wN+uZw3jVtpUHn4NAjhaQ=,1239.0
consensus_latency,KhpUQ+1vB8XtRPF/qucVbh1Sm1w0h0KvZraVZGGLMlw=,1237.0
consensus_latency,RQfssX/HdSrNpmQJbph0my83XA7iPwrlil9BZivzZBs=,1237.0
consensus_latency,XyT7QQdJdlpyX3KvkwPJRG47hhHhq1+HgN5lONWyWIw=,1237.0
consensus_latency,jBL4Cs1wBNrpz0Rzwh9HBUkPUpvJKVjyaIoXw6lYqqs=,1237.0
consensus_latency,CLEr9sp6O/914L4fXq2Mg9pVMXp1TUcyQL2RVtJgxNY=,1225.0
consensus_latency,G4HDEoWgIa/ZZiry+/1cBqo/S8Nr6Uv4IU67Of+wLx0=,1225.0
consensus_latency,fiUV6XK0qfcYX0D5/PHT9pKIvybfv8QuSOpi3pkhvWE=,1225.0
consensus_latency,0pg/6c6uAULw6raS95rAZ68c7N/KBs8CgZ3l+xvZLgk=,1225.0
consensus_latency,6NgKEUbqsk+Idwp3lZrHGhIujYEo/zdee7Id1lgovcg=,1225.0
consensus_latency,AUAOC0SR5JKV21Aa5Y/5yyZto0MfSRHaQpSuaQM2IiU=,1239.0
consensus_latency,QtYwUXwlcqB6GJSZmXm5m3tKfM/Vt7tfZywHdN4Bmbs=,1239.0
consensus_latency,k+W30PdTGmd8lToFI1qrueArnmw+dQswl/X5O7daPkE=,1239.0
consensus_latency,0mgBrkenbL8GKbaYv2jJD+YVkOhlOldVKwa+edPGwew=,1239.0
consensus_latency,LdSES2Sj8hr1wMX0OTMWzf/ZQZ49olWUeiBRf/szqrY=,1239.0
consensus_latency,0KQu8ciqBUAkthzv4BRdNtLB6UXZRljxQCf2KJSpWAo=,1239.0
consensus_latency,6xlc23h04lVGYS9Fz0aIZQNlK+DfVptBgTFyCXgIS8E=,1239.0
consensus_latency,qXxW0TC61fUnAWjKkNrcrV2NlyCdjDijkyrPl6UmHC8=,1225.0
consensus_latency,FpvAl8XqZ3KTHZJqtBuvj0LD3fmyUdf5PklL4xsl1dg=,1241.0
consensus_latency,dk27Q/q3SEzLnH4PTDhEUTNSP0Pr04wYo0kI/NwtSMQ=,1241.0
consensus_latency,FjMyBI17NzWmagLkijhdkNrjZq8vHYt+MzNldvb6Bjs=,1056.0
consensus_latency,FkkZb4xOxvHRHfAExaFxdCRBdkJj2nxWsZgcdmerRPs=,1056.0
consensus_latency,PQjlgP6BH16F7+YulDGptNxV9iKwN/1/cN9cRKI5heU=,1056.0
consensus_latency,SSXUL27F6sZKt4g99RoSDiMKVxUqIvnZtH7jBkPPfkY=,1056.0
consensus_latency,X+XgOm8Or6jgoFXGY91QIqADRVDanmrL69rlhV/d6JQ=,1056.0
consensus_latency,ZIuCn8uXyZpYvSBK0sZ/M+21UH04PIGnEuGgTvpqG5Q=,1056.0
consensus_latency,Zc7yJecBZqvhCGHPGVi6FCOPtYlWruJn/MqJtX8D8pg=,1056.0
consensus_latency,aWlD9beyHdXZnXF/aDkLJ6SSgONUczglnnLJnmk88eQ=,1056.0
consensus_latency,f28AJxcICCPxmlH2TQtp1ctKncL747Y/Va30NnMmOeg=,1056.0
consensus_latency,go+ayEXnCfhq/6k2690XzdnNblePPKzksiAGjq/t6ik=,1056.0
consensus_latency,pUvi0lJbxQ0zGcwKtiGMbMBQlhs9lLxUPW8b+EIzBPg=,1056.0
consensus_latency,uzJL//1Sx36bmGSbjk5XAZjixQRmDRemYq+ZCcPxEjo=,1056.0
consensus_latency,9P63FPFowrs4NK5DTgdOPfwpmAa2F5bZJmROwYjaigc=,1056.0
consensus_latency,BCTIh90lpPt1AgeyrOOcNsWZf/ZLC00lYDEJoR2Zh7g=,1056.0
consensus_latency,F2dPsDuQrs4KgC1xGTy/KEQPMLoJpF2i60a5NMFhN0o=,1056.0
consensus_latency,KWF9BJMc3/Q4VRjz2jyYKwjCUSEZ6C+riWwaXCPIZD4=,1056.0
consensus_latency,MzkVifYu94xGF5ecNiUuL3bXCgRrRPaWRzwBwu9Nn9Y=,1056.0
consensus_latency,N05caO1/edjN3xhEUM5UEyLJE1UBOxCsiIPP69hrtYY=,1056.0
consensus_latency,Oxe/CJd8hIwTkTSVJWDsHc40Gh1tkAwo3tnYH4JkMIs=,1056.0
consensus_latency,PLdrpwxC0ZtKpEYjTZLAGSwsJ/LvEPqWZj+DSBhMA1k=,1056.0
consensus_latency,QqL41fvHprlnBRSHwTu1R4/6tciv0gGJpEoqolNk0RE=,1056.0
consensus_latency,ZnJM3cidRsoITxVtC7Oe2ihUMaR0yEtMsQggz6ajUKk=,1056.0
consensus_latency,eZ+9bDRd2DTh+St7lZMjoFYu4Rz+JU7gVesbA1ZCcnM=,1056.0
consensus_latency,hwGUpAfYI7pCJkT9j/iBulbxhWxP2nAxnxzVqhWwZag=,1056.0
consensus_latency,m3XNexxb+lYKXNU7l+Y3CuZnk7oPzO6L5ITjINdNlYA=,1056.0
consensus_latency,pYmVMdtAzGMV6yxSBMxOiSQeodji3Uz5Rt3siO8kUs4=,1056.0
consensus_latency,4lmM5cz1VisUNP0JwHElXTwMKRTPbfCSPL3nydE0Zd0=,1056.0
consensus_latency,/Ukq3zb0CcQupgKhcW20puGYib1YVfxH+UAZUNRUw1s=,1056.0
consensus_latency,SRAGA5IHbHUgNeBbRDJrAxN4bFxU/QGkSH5/g6dZc+M=,1005.0
consensus_latency,UV9NA9fitRWOTf2Fa8M5yzuWXdL9FLV79xYVstLacYA=,1005.0
consensus_latency,YpnTI67tFIeiUySfHlqhf2myUO0081x0sh+EiM0gOkw=,1005.0
consensus_latency,ho2VIqZUMe+CQhZ0NTGFGKVGzEcuQNBJ9SBaFskhF70=,1005.0
consensus_latency,0IlC0RMmcPHnwSclSRP/SvH4PLXv64bD53vxC31JpPM=,1005.0
consensus_latency,2a6LveAO0BHNosXBVK9RG87fUCm1NcNwk1BM5x+Lljk=,1005.0
consensus_latency,4F2TsCW6Uuq5PD3Q+cEKdgnlqTqB2rFnvlBXWvUPWxs=,1005.0
consensus_latency,61pzN7NJHU/BWWshC9haVC4PaLhWjqtiCf8QfDuI39k=,1005.0
consensus_latency,FmjujN6qTUxapQqNQTSwR+g/Px1ailAuyX010sfVbd4=,1056.0
consensus_latency,G5cx78tYs5BKOzQdwMyyR01AUF4zsPG3yGGB7oWhnT0=,1056.0
consensus_latency,HZIiQJW8LxU1Lke8YQ9VX3n7HbWaPZ0ceeH2fKxsK9w=,1056.0
consensus_latency,IvBXQpwHMufp5wBb4ImvrswoV8w+OvHeIPgc+57ThBI=,1056.0
consensus_latency,c3mLO/BjV669wFKmcquJBzPBItL7YtFbP56D42ZYTbg=,1056.0
consensus_latency,qCzqpUvZYkCq1bK60oi73g1LSdVB5rbm0ext5SCtPxg=,1056.0
consensus_latency,rzsJfG30kazp7IxLrr1hGrLxgMTAhaWtwbjILtIwCAI=,1056.0
consensus_latency,t96j0vd2V+4lEiHTzp4N2p5ORnPr++E4VduotKRCFjE=,1056.0
consensus_latency,5RQ/VSMbOawkaFCsMMP1nQ0U/cGxq+xeoHo+alLSvXk=,1056.0
consensus_latency,7Cka/TCoU73agz559jaDLFsbefZqbHqi+/jVIXGmBgw=,1056.0
consensus_latency,7eURDY/1WWusPGkDbvvX4d620fLIZ94o5lpcXZ8eouU=,1056.0
consensus_latency,9rP5I8FHILfl4CLafq4orsHz6MnqQImY0oJqUluI2D8=,1056.0
consensus_latency,+tXBbZ/bqUNcRWpEo9HFVMY6IE2eA2FX3JpQXXXsuWI=,1056.0
consensus_latency,DDkRzIbzP4xkuGq4/x+Q7po1/P4qNrJEhf98hgO6YYA=,1055.0
consensus_latency,F3SNVNCnXIDk0lMbVt9VPYsQAgLdPP5tPMEcJpRlX7k=,1055.0
consensus_latency,GgaLqPW9jahQZJtjeS6b6130UeBX3KmWJZMPS5Z4om0=,1055.0
consensus_latency,H0K3+e//k9OrscTtb9kaFHyWm1hHvJEKMoFeUVAX/C4=,1055.0
consensus_latency,JieocwnTdjb7XobXw2HB/4/CbIDujS+wVfyMajJwwkA=,1055.0
consensus_latency,PwcHlV000P2RkSLfBCucBIsi1qYHWmwSXhCbOv8ozCU=,1055.0
consensus_latency,TAJ/kcD9VOAf3DngzhbpLRHzhS5qSunG8kNj94b3wUM=,1055.0
consensus_latency,X4DwQ1XGiETJrO4c2cGwoc+WR4Oyknn+CYXSC9IX+Pc=,1055.0
consensus_latency,ZqA1syrUgrAm5bF2c1TJBAHiKrOXadv20Ox+L1YGuWU=,1055.0
consensus_latency,b6UToAUYym41E8BxFlM7Wq1NUJbznKx7SOrhEVnT4k0=,1055.0
consensus_latency,eSnDHI9bmmV36HY0LN2+lhe2/r9REHaT6s+BuvRnDfc=,1055.0
consensus_latency,fp5UKaxR2SIf7KsZ5LLPr8B/I7qgU4NkXTkfr1YJqnA=,1055.0
consensus_latency,5bVE26wmYLk8EomhrTYGy/byPlmqTcmft4avIFxIe/s=,1055.0
consensus_latency,B7bUeHTk2YyGHtA/8xA6aKqmYrjAUQDBrxE1FzDWNpA=,1005.0
consensus_latency,CdpBR3fjLhz/jDqeC+jYEGZM8muDSrgF9hItwzikQjs=,1005.0
consensus_latency,DXCWQw+8vMJqnPUeNW4GkiF0uCoizw/frx4jGlAcLUA=,1005.0
consensus_latency,E3soYNr8MN0fEZBjBIvyWIat2YzRM9/aTp8WfdUjdK0=,1005.0
consensus_latency,T6C338XBl88gNpFVyui1auiRDOnMhmmY3Bx4CZAK0qM=,1005.0
consensus_latency,iy3Mf5P9TnUZHxu8Vd5r31vB7I44Gf1/MOCapbCjXvI=,1005.0
consensus_latency,nEg69KZ+NwHjV9SycbXp7uF3IkY9B+wF5QK+Mft11Og=,1005.0
consensus_latency,thhDbP2vZ3u8z1EVCIv541Q66NfoI+J+P2Oy9LT5Vpo=,1005.0
consensus_latency,xSCfWKvmk6JvZ6rNUuRyJ1X/ieTqBZEfvxZqudM3f/g=,1005.0
consensus_latency,zL/DEvv3wTN+UByspKBBE6o3UCAqL1O6IUnQ5uvIXXE=,1005.0
consensus_latency,32AhIhIckGBmL9NZuEg8DrcUKLiAMAwgfulSWw7iO8s=,1005.0
consensus_latency,9KTFUHJED+bx2Q4rtmDWr7r3IlKmLIgmIPyIzc3sJ2A=,1005.0
consensus_latency,9ozXrar28+pTH7hB/EuKAcH3hMRDKNVCmgzATuXa76s=,1005.0
consensus_latency,+UdOpQckkjeHdiVb+KuuPj0fEDcBPLPhMKApTaEEaKE=,1005.0
consensus_latency,IyZnM8RgbuwpqJ5uka0G6sc7ps/BvsRt2qPm3ELYNc8=,1057.0
consensus_latency,JbIrn+xK/ZEjuQguoMmMXLfvztHbbS6TG6FkdPRFuWA=,1057.0
consensus_latency,MUcOtgsZS8oghm67PEmAc75VW3L3ngY0f4fbSJ4IutA=,1057.0
consensus_latency,RaJNwyo11/jS23VBI60apIY77Uilm+XKHQHzGDAC/lI=,1057.0
consensus_latency,R4+cgYGmz+iP25H2kDtbvFNx0wkYjMYVTIRZllv6ZHg=,1057.0
consensus_latency,fcM8iEFz7xIWdGMTe16k2qgq/+qLkyWhJH3VDivxnRo=,1057.0
consensus_latency,fxqDYPCgEusV0yPYwISS/yMweQcYa5kEiFzUXf3O+l0=,1057.0
consensus_latency,h2tXd2aeT8S+RXLszP5gtSKOUf2uMJYyIPnOJEXKcT8=,1057.0
consensus_latency,jAx4N9uonKcXekktoAyTCB0DDWZIhMLaW6AMscBxxxc=,1057.0
consensus_latency,ndLaNwi7l5XHn+mzxi/9SV2oRxW0KxKVgfDGQhViuec=,1057.0
consensus_latency,wW4il/bfoETG2Xm49i7NZZ1wTGIhbaYppyTxUM/Sp10=,1057.0
consensus_latency,5VEdcPZT4yDOxQBes3feSfly52hU5vNOt65sC7wTHCA=,1057.0
consensus_latency,6XbcAJ93Sbsw3GD0Z0MKrKQRAwr3RXgfsllGUaXP3ug=,1057.0
consensus_latency,FnaUJFUYt3k0Quzezb5+iD+AClNtssRajYZqq0/jpBo=,1004.0
consensus_latency,MY0VvTcg+nyQuTJyhbYrzYyFbcNpkg9bHjPVmUpk3Qo=,1004.0
consensus_latency,M2HHqetPEBHaX33mT0dYgxyP863vwmc4Qquuf+mf//s=,1004.0
consensus_latency,QdAi+hNQpbFjYffD2gijGO6jRAcGOxXcYv1tJ0LViIE=,1004.0
consensus_latency,ROSxk2bGEcubLvgdS1vGOXbmtmlADHr3Dsnk7uXbduI=,1004.0
consensus_latency,ZYBDHx1cWbAXXbgyu4bpk5twmy7edAtx2um96VoO3XM=,1004.0
consensus_latency,n5+gRulZWF4Zmean7Q5oQOEL5DyiCUECwzMoW84pL3c=,1004.0
consensus_latency,p1ZJX4FW2FRFhYHoYYCOh5n7pH/43YFNtwPq2eB1hqU=,1004.0
consensus_latency,qrCQHKM85TfZMeKGiTU41aHh3r3JxZCfr5uJ0J5d/JU=,1004.0
consensus_latency,suk2qqyeeulrEKbaQHzdhIDG8p2bFSeXf930J2UU1Lc=,1004.0
consensus_latency,t7N6qGW8ZYtrYzh0udDD7bGr4BdrIUWcBhg5NwqBNMI=,1004.0
consensus_latency,1/TawTW3EOV81KijIMX+Bir6bVuIhDg0emEizf+HMb4=,1004.0
consensus_latency,HYPUi8wZ2PncXmYMrhV1s5kgjOdD9aKiHwgMazdV1KA=,1056.0
consensus_latency,JPt0j/LYQX2nVwrOXmJGPi7kB8WCaHEdScSkxEyGxs0=,1055.0
consensus_latency,N1YS2wRPZRqwaEOqpPWz00CDXhFN0af2RUMOwCxQkhs=,1055.0
consensus_latency,QdtR76QQhWpHKx6CspvIv2AvYIjfznv4fclH3BmoWhY=,1055.0
consensus_latency,R4qjv3RSLwaKExwYpyGEvBCwno3eduEhImH8v3yybRk=,1055.0
consensus_latency,eBc+l5wFG+fwG85y3FBLjeTiaYROKizSjcKebHz13Aw=,1055.0
consensus_latency,er/+/U4P674l1R+uR5oR75qHoQ2iEh4pkzVyJoNK3S0=,1055.0
consensus_latency,oRV1KuGcatBDrzSnWAL8Ng0zN/pSs5/DYH7PeuKcWzI=,1055.0
consensus_latency,tBtOwiRcl4GNy1afEupIEN+zpGFw9YOYYsDPVsEUaAo=,1055.0
consensus_latency,19e2bd3f09ePs3wI0eLJ+MtMt0WfLLU6qpnRM0b3rSM=,1055.0
consensus_latency,7NHA+huJd7mn8VrWWZ1TzqMo8URIyh2P+wv0W/hY8xw=,1055.0
consensus_latency,7VAFbnsouQlwi925nvJ2QCYgz9nolisrOYGQfoMY9Vk=,1055.0
consensus_latency,hDvNy5maXH97Byk/e7O6f7gAxHlEVJD/1T9R6Wvm6sE=,1001.0
consensus_latency,FTAGnlU/EkKWx7AVdmKtg6dx7+qSAiZHIE5HwD6uiIw=,1003.0
consensus_latency,/gpeZEhn8feqgA4Qnr1+qQH/50wybxHu1IE3TClNBNc=,1003.0
consensus_latency,IqhO20IZed8BfhI/TkGe9K1MA2Bm310gkkDHm9x+beQ=,955.0
consensus_latency,pZxsKUj1PJwDkKrcPrenNNLornJdFiNVVYZtAQjchrc=,955.0
consensus_latency,7mGMTe9XQXzsCHllImzu9jnndgXXLd0cr877Z9UfD/k=,955.0
consensus_latency,I2OhZG1qvYsAkE0nWNUTOaFARwAen91oZtoZ6fVo5/o=,956.0
consensus_latency,xyVPTwAHzTRILuAmRRLC36vK7n3vpXgoCpYGMe/WS+U=,956.0
consensus_latency,RkoVzv6amURpehb9M5+mbUMuMFKzkTOjL/9eIm5BcmU=,954.0
consensus_latency,hjJyH+UQQXGOYFe2lqDWcSAFz7N0aNHjKN+y+DIX0+o=,954.0
consensus_latency,1sPW2Ji83ru9n/VhOY5OTchjS4//iU75PfNULWH7JFo=,1001.0
consensus_latency,IoYsSsrFJ/Wxevvrxev+KQhGjI0DD2iLS+oCaA2QAaM=,721.0
consensus_latency,U5cSPLxNXiiDxdnCxoeDf9G98o6usk+SaxkSZ6KEQSw=,721.0
consensus_latency,Fd5eghWdejPmH35Zvl/10MWi7LlyM961gL6sAFKFwZ4=,1531.0
consensus_latency,J3ntMY6qVcy+eGLMeqXTcZYzlMKdgi7zOWMvq4b9YTw=,1531.0
consensus_latency,ipCkpg8Gr2nE8bSXMIeFnICZj68OxMOk8fBNbc4p2Ks=,1251.0
consensus_latency,Rio4+tdaMbF9MPkKXhvL9APS5Hpo0cR3NfFQt7NucM8=,1251.0
consensus_latency,rrtdZLZ+zfpQqiG2WusT5tDriKsqjm0Tzon0cgiScr4=,1251.0
consensus_latency,Jty2h4hDdQyv1GSQrdb3cf7UQgIcFiHF/cPUodorU6Q=,1251.0
consensus_latency,2fQXJqx1VQFGi55W5Y1YqjTWrsMcAw+C9KyNy0de5Lc=,1251.0
consensus_latency,RZF2KsOW24wD98phuX0muCWeq9/bZc8YSq/BtrO1dIk=,1247.0
consensus_latency,lwGKshVLHOmK1wzvAWoNyW5CzsWE2yxFjkg9eI5Jz4w=,1247.0
consensus_latency,47URn+5RlPzvmcPCmmZGa2R85m4lhxKDdaQNpciD6V4=,1247.0
consensus_latency,VjacSr0ZIXGC2g1Gs8/Xda01UXzl+QFULqxqvbtiHxQ=,1249.0
consensus_latency,y/AUZBCrNLUHZNGhs1LtTRpT/Kd+8adRErUx/yoWspQ=,1249.0
consensus_latency,Yh7GF6XGVYk8racHcCLKrA19LOen8KktiQfs3ZR/YaI=,1250.0
consensus_latency,fGJdJslTC2ucvFt7lNu2WhOd1tB0gMUwrkAG0nkeoAs=,1250.0
consensus_latency,AB8NMm5Nwa6ZLxc27oji0LEiVwBgyPmVjur5SJgmveQ=,1020.0
consensus_latency,K37AVkEcVDPwHnERaqtI73T4H/iMVFGqnKqX1Z+IjTU=,1020.0
consensus_latency,hGUi+enLl7cEFNRVNBil5u4eCxLH2PHKqloGYgx8G1I=,1020.0
consensus_latency,8hnSuKD1jXZZc0sNJM6zy1+CLEHcJkmirSZzIPMR+3M=,1020.0
consensus_latency,TtrTvBfycuBQe2Luab3NCRJ9hkSmpghJ1P3p2SdojBY=,1071.0
consensus_latency,ZJkDHVdaOxzLtt1WO5Y/DxJE6LPeOO+HHNL5qsAwXJA=,1071.0
consensus_latency,xeKojulaMqJUR2smHCPLUJ+deGobalDm0jSwuUP3OaE=,1071.0
consensus_latency,52bhlHVsCq638WJ5qlzqXMGW5Lab+aC42ZYe/2SUi/g=,1071.0
consensus_latency,PW9ywrGqMznF55Cpt7YZjUebDZsCaw/RqWyeEoESIyU=,1020.0
consensus_latency,R/GYEUtikTNDUPE0GKUN3sVIvC6ZR/vu8nfF87KQfBU=,1020.0
consensus_latency,T65HSUA9xGEeUA2rxT7yKVA0nsHRf+6uVcoDhCykTiI=,1020.0
consensus_latency,lChb6A+x/5w0d8GCUA2oL5M7wr42DjM/x6beBpwcvfw=,1020.0
consensus_latency,NM4FHGYAsYHoY/jcCDcGTJmbwsKY1xy3NSgO06VBV9s=,1071.0
consensus_latency,7FA3cUIGFsSdMxUrhmZJNZlee+rWc8L8X5U1EsTRp6w=,1071.0
consensus_latency,+98YB02nmG/MJXC0Klszzu6U2x8y23esa5Ptc7vSFZk=,1071.0
consensus_latency,AeJS13KRF0Juv3oQ6J5nra07ok9l5TpIP2xOIjo35rc=,1072.0
consensus_latency,yx2QlsCgeHqro/cJoGH8lyf9rJD3gCZUFprh5XgVTU0=,1072.0
consensus_latency,zO9zLuol+JNKeB/BQbhXzXjFQpvaUOOozrOWCs6tVQY=,1072.0
consensus_latency,IOVihXxwwXyP7lxd4DJG7NQNhfG2JSKjZPYOu9QBZtE=,1072.0
consensus_latency,67KiPW8LXu+lBMCorLBJF8b5LUgRvl5BfwmJvs8ihnI=,1072.0
consensus_latency,W5Zcwd9+IqblA8yJsnVa9wtP5phy13Qkm/bbftz6aFo=,1020.0
consensus_latency,iYXAvcSX5yViO1mF1j00UCgVhoSnLN/XaTcmE+fp23A=,1020.0
consensus_latency,5ejWhois5v/MhVZH1801QceVAafN2gFg3JPslwyTIPI=,1020.0
consensus_latency,7di95vThdn8gdpoX83Dh6iY8oCIIopa/bbe/fdGiJ9E=,1020.0
consensus_latency,PD8GnwSCnPU5TS8+UIMRFW+kDsoZuAZhRe2Jjr0ZGiY=,1071.0
consensus_latency,ZfITti6bcWMvIlJcm8auou05fF2CHW2XJdMwJiJOSN8=,1071.0
consensus_latency,qhC19WjYOboeXeJAfF7HYsmZN2bFlzwNECNDedFCpRM=,1071.0
consensus_latency,xbtwVWiBOTlIsUebymIsA50LY7q7eSGoDwTpHFumBIE=,1071.0
consensus_latency,IFc54IU00PefVKUmKUE4KlWBSpixeQ9QPVHquZ1Dw2c=,1072.0
consensus_latency,l5+8wg/gWht27TiFkQk1/2xdxZvC7y1s9kRvii9+/oQ=,1072.0
consensus_latency,0+J9QTsnQ7nD8X5+tSE3bGmMvPaKYWmKA7B6gl3awAM=,1072.0
consensus_latency,8RU1QHdgVkqE7D8D7/znW4KMH29idOVqNmyIjEzpnM0=,1072.0
consensus_latency,9DMUMuF6hVNc/29Shj3Ahvgw8Jy1nZyjHRgCCPuARmk=,970.0
consensus_latency,iVsijS/BcpRuHC0lfALdhHKyn5rQo+c8pHmQTBrmc2g=,995.0
consensus_latency,uKMkn/k74m3W9z2MTF/6p2auWk+MUTdhse20pmYCiZo=,995.0
consensus_latency,KvTj04vFWGJ7XK1+3ptSbdWzHmHQKtvveku0bjtjATY=,970.0
consensus_latency,bKMS/7LJK1OfD5C2LigHClnpGEEGC3/ItXRqOEsrYGo=,970.0
consensus_latency,rXE2xZ1cp64tVtXrinn4Sb+eoUvVO0FB8pD4Rycd3SA=,994.0
consensus_latency,nYWC2nAOxFOEsG7E/38NTXAIjVEamhN35k/ioceMcW0=,994.0
consensus_latency,81K6rqmWoVG4u3/g8WoBPqJJlDdNTUxiVW8bh9HY24U=,994.0
consensus_latency,e/SHcVf3smFPQzF0MIB43BRROeQpK1uuT6+7kB8Ai1o=,993.0
consensus_latency,r9NVkOjE466v1r5kcNJYRFKWXr5ukauQgOck1YcHQyY=,993.0
consensus_latency,tq/4pU6LQgwcrv7i9oW3duJ4bRv8KZDeuhj5bKtLoiQ=,1504.0
consensus_latency,1fcL4gmsQvVsN9AsXLsVXDsZcOb5vvo91NEACeoACNQ=,1504.0
consensus_latency,XjJbB+Ab+vWEsTTlvchlD8aylKVTLwScvVMOYzCa0dg=,1500.0
consensus_latency,2HoMm8WvKuXshx2ILjFlTv1Rg9Y6XnCwohRbmUAiDbc=,1500.0
consensus_latency,C9GjVv7729jSxqYR7Eqswd41weP5nL28d/g7tN09x9Q=,1225.0
consensus_latency,hnnjjnvMZGKNKTXAKR9Ytg0bEK5Nru7ckfTPh3P5aMc=,1225.0
consensus_latency,my8++VYtmO1+85GU75j3XVoNAuUATFMqxg6+ahQy2XM=,1225.0
consensus_latency,9wZGO28jy6APKB3/+S/CEff095akihAGQJ5+glPeLvQ=,1225.0
consensus_latency,DhNTOkjv4jLRguow7DKukrA9Q98znQIyh3nQe55ragA=,1231.0
consensus_latency,rivX241yWt8ASNxfgX796+lsl+Q41w72HNpYMaRpes8=,1231.0
consensus_latency,A4dZtzb679pubd4fb3Rp1KrUND9/AvugANdot9BFmZo=,1226.0
consensus_latency,ozv6gQJ3rlqt+iWNzMWBn/UzHbap8UZNw/x+rGIdqkI=,1226.0
consensus_latency,2Z276bR927cN72HngpOPtJPrmfOCe4etAqjTrlGEycw=,1225.0
consensus_latency,HC5ZcqDEjA+ULsMfHn7X25TKQ8RIsKAyvfxSZiw/bP4=,1226.0
consensus_latency,5UxmvFD0/mZdHwpN6H/o+k3eIo2+tD+noKT4PxxbFrI=,1067.0
consensus_latency,FvgMByvUsR5NRi5pwt23AAuXhzWamAKRm9Iznyd3VRs=,1070.0
consensus_latency,Z58vto0FYesgMlMheyugXPDtn8V4l4DscNufhSQOiI0=,1070.0
consensus_latency,os2aMxjVAsCIt/Z2WCuYUdKhAM3GGq30128aETnguBY=,1070.0
consensus_latency,8nnLWCun4js9XG0IelsoI6lhgH16VOaDu8OvJQr1/KU=,1070.0
consensus_latency,XLaMgnqDSvfCRYOS/0o+35S9ZLac15TeYDsss75zt40=,1013.0
consensus_latency,jOHeYUxr3u7E689pOmxtfK9Lts1Rb3XG40YHcHZBCIA=,1013.0
consensus_latency,vzrB4J/3G+yB5XnynWh3C3dpRWNN9iZ3zLpqieDoLBk=,1013.0
consensus_latency,2od4JcyW8WZI5BrR1IDIidSMfLswMXoxChh05QDnNsc=,1013.0
consensus_latency,A7WPc+N6sVVet+IKnOgR4Xf022HklKuMhOQ0TJ6+tMw=,1068.0
consensus_latency,hBoksaRVXyIy0gjHiChkrOfx7wXQLrjhOUxmZoGwuU4=,1068.0
consensus_latency,mKaRDyVXofSSpJqfgp5z0jNwqFRCDQV1lF7Z+ekwOSU=,1068.0
consensus_latency,0vpASsPY5MMmDlV5+W1Ep8oDwDvgTnpl38wKuKRX2jU=,1068.0
consensus_latency,NnYXub8Jqb7mhE+cFejxhXAAixWXC8pLOix+0wJFbI0=,1013.0
consensus_latency,sRjlOiwt3jsK5WywTwd7XdRefkHYY1ToJJqiU17KRgs=,1013.0
consensus_latency,+Swb3f9MRLtKO/hOo44+Ey77vrErR+k6Gt2DFYZlQk0=,1013.0
consensus_latency,4ONvFiNKrJpGKqtslwD2coa2EgSKPvo0siE2G4wFYFQ=,1067.0
consensus_latency,/sNxhRMtcXQ89F6Y1xlI8/2rKOYZcirqB3qgDOvRH+4=,1067.0
consensus_latency,OIPfvckfrHzzOCgC7/7hdMAxgm5nLLxAffbPwkodMBg=,1069.0
consensus_latency,PxNTbTqdpRutPU07RmHwQNAz4x4qJURT3FsZrWPn6T0=,1068.0
consensus_latency,4wPHUBcfEvegUUXcOZi05K2pF68epwVcDykYiD5jINY=,1068.0
consensus_latency,dwaG1IloZPflRweCzLXd4lZmtY75km0+nXYoP9kh3Ek=,1009.0
consensus_latency,mbAHp7mOZV9F1TVX2YyMCXdQuYPL0zncjqYpOmnA9Z0=,1009.0
consensus_latency,v7aEci7sO3HV+wsd7XNPLEKXrU4Tth5wSVeD1QVkBkc=,1008.0
consensus_latency,2tZ6vFzxI3E/el0cbmqkaM5wVs70XXRM+0Fg7GC5Zk0=,1008.0
consensus_latency,MajJkgMSam8Hsd/zT8MatbTD/mRre9MSD3x2JDv9ANQ=,963.0
consensus_latency,USG2ayGgnRV8U4074FvbrHud6eRfTexl0svhBjksON8=,963.0
consensus_latency,ImDIBhv7ZXv0URyMjhhFW621IPWpDvU/nWGUjEbrjX0=,718.0
consensus_latency,Lk4aA2JeJptaEqGZpRuPOlwPH9qws1PQojgEDMufAXA=,718.0
consensus_latency,Vv94pUpSlKxa6wGCDhpOjafHADDDBIMm6FjPlmGOdhQ=,718.0
consensus_latency,skv/EGNZIcB6jvQDLp1vy3UtCeuRYE9jAsnIb1uktLc=,718.0
consensus_latency,u6W7KX4hV1vZQEtVvEhl3Ojpm3nLdR2+OGCbRle0TCU=,718.0
consensus_latency,7Iaoh9TbN9QPYgI2YRzQiTPtwrO/lgux1bZVUfE87Oo=,718.0
consensus_latency,rzTfAOZn3j6sTjjqpLBMuWUm4hxA/MK1tUGgqu9F53o=,1225.0
consensus_latency,VvpAUuxloJcldMjNRewHA53mF4MhZ9oOd1agxYeghNc=,928.0
consensus_latency,c9s4ZKMrJphhMdlRsbjR5J5M4K2NZG4Btrn7cMPLHWA=,929.0
consensus_latency,y4ymR346FTVkLrLp0PogjxZ2rRhHEp8YLIr8PqV3yD8=,928.0
consensus_latency,mpuLYOITAB8hRv5R2+saksfHzOGQw9CC7DNLq2TjOIE=,929.0
consensus_latency,6wJJ5HaTUNMicDe760AWLR6yyiDvvWAbSdSNmB72s8k=,928.0
consensus_latency,AqaWNERSqhoUvViJa8wR0kSowbtGkgLs90UkJNwqGOY=,928.0
consensus_latency,DOLbhAfKMwF+NOlAK3+xC2X8ihfVMug5WUj+S4yFKcg=,928.0
consensus_latency,ChBMaQnGZansTdJJycNV6dNgSp2f9IZTrMlYMFIkbLo=,929.0
consensus_latency,kwtwwz8v/B0CQbVOLiitabZfrSpnnCdapnAlhxvucMI=,929.0
consensus_latency,JMXZoJtE9n9lBeMscKL4wHB1AvTFtk+++E5U545tmv4=,772.0
consensus_latency,YXv333TqGd2IfkULwA+TSqz7SDGsf/ZnyePRSFvFCLg=,772.0
consensus_latency,aybqUtUtpEfxDixPKKQP1ZQ0TlvC5JfVQsFheMvwENk=,772.0
consensus_latency,zibXVLWSCzXH5JWigWtpGR7qsGGI4rbg4AecvykhI0M=,772.0
consensus_latency,J2VcWvdD1zBq2Sfk3lV6kfB2XtNzSVp5r7Ym+AUwdys=,771.0
consensus_latency,PjCh9txJKCBwUEywMCSDLKBTnVuWCN3tp6biesBH6XU=,771.0
consensus_latency,tcc7O6H0BvhBp7yNOg4XG+UOWmpmKXwOtFMkotmNkrY=,771.0
consensus_latency,+DN5edIm1s+Me1rLoYpapY2P5msi59Sr/mSNU3KADc8=,771.0
consensus_latency,DBBOy6kESSndVJCwtkkIAwH14nn0oreVMr3lfqrps+w=,771.0
consensus_latency,I/EWPfYRmUbssKUWX7FSN9zxA6l7QZ+ruN6bm9DXkJM=,771.0
consensus_latency,1oghFD03jlYcBZvqw0YpjyF995dQw4uZ0NHGQSGumy0=,771.0
consensus_latency,Q3CM5x+ANKXmo3Fml5QIG9KpsP4Sa+Xr/r2E3X1VNgo=,720.0
consensus_latency,THubLuHveh0+MyQbybG1DFB6Swcl8mb7ehJ3M9RSt/w=,719.0
consensus_latency,Y1mtRMt0Cv2lIKQlAXpH3hfGkXb1/HuTr/wKLMtBLNs=,720.0
consensus_latency,Z1pKkOuzX772+VhBtFrlODTJcfUsRp9Nz0ORBjzKjC8=,720.0
consensus_latency,0EDEdZfOJeuYuxtA+LI+sShbwd3aDEITYgF0QeWBw1c=,720.0
consensus_latency,CLRJ0KA3ca+jPaQtpSF8ifZkKrPKu0rzzVm4c5fZIrk=,772.0
consensus_latency,LUJ4ZXI4mreyOb4y+mSZbFvYk2kOePpDe2qmg7NvfcM=,772.0
consensus_latency,O+RP1qKQpVr+U7YaU6I9fIbSxWrDVwI4jW1vrjHFSZw=,772.0
consensus_latency,PV11aV+zNEnpuQ6BlF8zAbdfuupaxNyYNZ1l4PIBu/8=,772.0
consensus_latency,Zn2pjlKMR6CTuKFNt980oqXzUc4KNMhUIp2OxLei8jo=,772.0
consensus_latency,jV2k8jfhK+AUJlYwvGZTLrVbssDonJHN/O+5jFJiM4k=,772.0
consensus_latency,jqrM0/cNT5QSHcZOX84kJ6OcOMk4r5MDCHbX0jwMsYc=,772.0
consensus_latency,nRLjO3l4UxW5CV4tzw2or3U1QkW6/+wUuehMyTjcI+8=,772.0
consensus_latency,oddTadaR5KPXbZ3+I7UqlJL3BqwLhvAoX7/liLYE9ws=,772.0
consensus_latency,vfgib7UQIWaKkgsPQZyWpCs5Uf0dozNrFTm5I4SV+ss=,772.0
consensus_latency,2KoT/+tQUkFamPW9dFYfl8v7Q7/7V9v8PYtd9fAfx3o=,772.0
consensus_latency,ggJY83ORx2jE7NXlR3xspk/ND/gn6mt6k0Z5I1O+y/c=,720.0
consensus_latency,59QTUo/Iujb3iTsShYn6E0mYG0/9nTjArdxtfb76zzM=,720.0
consensus_latency,/SqyU5PZ11fPQ9s+z16zLZ6NS1UcmGkGFH+dYSZEbQo=,720.0
consensus_latency,w3xKU5BCGms4Kj2h91E5K+f8zlmRanANuVDVrjyYkzY=,772.0
consensus_latency,aqjrWPoH50VXkynCjtmTsDyRY5803HzLAsSvIz+svO8=,772.0
consensus_latency,nYApuLI+xl/jee0DZIyaRoZXSlr4gc3lMR6/rCeYj8w=,772.0
consensus_latency,9kj5vIiQTkRuMNoDDSXptvb/46mkATWKcIoLtOE9+Ig=,772.0
consensus_latency,2im7Pzx/wQpe7QVqXORqfTvxe/Zi97w4vX/Qm6AqaNg=,700.0
consensus_latency,zuFVxiut7sMt/XZf3/gSEQ8eDyN/hTGR6SbNbdS90Y8=,699.0
consensus_latency,4CYnQGBKv9qcohIcRORL1CuHib5HCmVVk5uRaxgOyig=,699.0
consensus_latency,M+CtYC+tEz05lReKq+WcrvgkfOg37kPe+BS/C8b1oy8=,670.0
consensus_latency,XJFPBf/KfX0hro8QTneGfkqxkoGfH6YVB9HsimTWlN4=,702.0
consensus_latency,7J4dtzBO6J790S14y3HqYv4mFUpUCU+DcmoDvgA4QEA=,702.0
consensus_latency,nFwP+L0oQimmVKX9Fjhh/HbwC6fdDwBm6uzsO/mLhH8=,409.0
consensus_latency,5SSjyzJwrE3hP+vEPWWGLlyK3G9U/8W00B6CF4chw18=,409.0
consensus_latency,P3YCC0IeGWmZ8K3odf48CRSb+WfX1A6zG76P3AZvByo=,1186.0
consensus_latency,8jTjoOJDZRY1UFNCoN5ZCMH3Y0O3zuNDv4AMCOjIiNo=,1186.0
consensus_latency,A4plJvsDpl60WVfaFYbOkNK/nfpQY5IghIUUKWi80l0=,1186.0
consensus_latency,l0JlCh43RwqQjBhcR8Ybto8LJGIp0j0OpKkzpD4BCfk=,1186.0
consensus_latency,N0pmVRJbJDzuw4Vu2o6P+NxcYR0j9HBIz7YylQ5O77M=,924.0
consensus_latency,dR4jmHOqRFUwskNBjZ3CYrZBIY/BZ9VKB7VBJAU8Ys4=,924.0
consensus_latency,Fdja4hi3OEiTXwiPrGlTPW3tyEASgvfN3p2Kr7JkAFM=,929.0
consensus_latency,3VZH3bz76jqPEOFB9QYcyUcnqkJ6JegFKc/g6foEyio=,929.0
consensus_latency,AChUUegTtmPoY4XCiWmMgfPPu4gcQWEFYfAWjIMX1O8=,926.0
consensus_latency,DOIhCtfNB1GD16PktC+URf2PopkKLrFtRntmO45ipec=,926.0
consensus_latency,AxB4w5Je76CO16TdwrLOQDPWoETh4U/pbkhTSS4Xd+Q=,926.0
consensus_latency,4NCMEE9q10hbRXwdOVxGtEwsj5Q3Xixkp/yXYvOB9b0=,926.0
consensus_latency,Al/5oGMiEyFQkt4cUHw1dIlRg9nH1icDC0oeEvTsWHQ=,930.0
consensus_latency,C7F00d+J2oUV1IbJBvmKpauSyLvjRYPL2V9RCSDT0Dw=,930.0
consensus_latency,S2+RsqtNvRJuue9gKggPIzFQuIyUvW+xrwWr25q4zeI=,930.0
consensus_latency,sDlJnH5CBcCVhhEqI1rFjCMuhLlnKEApmip2LtbDnhE=,930.0
consensus_latency,4JYNZI19f9CnQE5uRp0yI9IJDVg+MbGylRZBWQXZAEs=,930.0
consensus_latency,91SOvtrbjbyfkkeVankm0JEXVF6rEAC31PkMi5xOnTc=,930.0
consensus_latency,EBjSx9K/qJb10Xe7mtYwJ+E57UA6/Rhdmdm/4oayS3Y=,704.0
consensus_latency,GMtd/iDY8ukKUzBAE2FAlpldupjJVnos/34cHzfEXiM=,704.0
consensus_latency,GuJo6OWLDayaTmBDNHFN/zbuxqsKMDxwIISg+YZxTFg=,704.0
consensus_latency,LK2rFwpjXGjA+V5Cgtx4VxcYicdA2I3JnPCFDN9qnaA=,704.0
consensus_latency,YLabV+TmQn1516JwdYEATlis43/WZPIk7ZanZXgIA9Q=,704.0
consensus_latency,Y6jm5868NcDEW++OArzRtZjLa08nOn7s94SucWhzReE=,704.0
consensus_latency,aBggu6YqNvJ7eeUqib3mOTL6YfxBtIxyZ5+kuyQylNQ=,704.0
consensus_latency,mpVllfOgiABQcB1pTfF8lKZNObTyQdHYmGNO6y3QJc0=,704.0
consensus_latency,pzhWiwXghes0PrIIO67wBr42qT6Jc7bD9BS3nj/1L5I=,704.0
consensus_latency,qzd+XjbDKS9CBM5wshedjh51H7VKbvQf2cVik9k/TW4=,704.0
consensus_latency,x/r24Xs+yCkNKRjB/I7ZHprLug1+B2StxedVuROjv98=,704.0
consensus_latency,11fqXStVDICf2CAO2lrSxFXBB6wSNn19rIxeZXUuVAI=,704.0
consensus_latency,5wiue15g5ho0p0Zv5Jswuq5Vox/LrZyFrtrtGCDL8QE=,704.0
consensus_latency,EZQBkZuISkNSnlJOmECQ+IKTlDCfsGia6B3JgxaOJOo=,751.0
consensus_latency,UH6gF0h51jE1oe1V3xnu3hkE/nV8TE3oAt8G2tpIXGg=,751.0
consensus_latency,hWSkV++SbWdccv94Ec5r6oO6AV5FuoNaYPzFYK49BFU=,751.0
consensus_latency,2bIqL5LrPm7HQtei45SfyHo/JeDBzBqHkwSpOaXix8g=,751.0
consensus_latency,B+kex9P/o2Y5NmygzNv3+YbKEmFaRnsr9hV16kYHdqc=,752.0
consensus_latency,V8KflqhsMbIkGfPXQHeGF3pSNyH6dZjauaOHJsNfZAU=,752.0
consensus_latency,hRD+K343knK2f2MJo8niGmm3S0cAVOzf53OhPuHoHbY=,752.0
consensus_latency,vzW/OIda7X7GK4xa2KFn/lOZQMmqwi3l1B+3t+i48fg=,752.0
consensus_latency,wBTvAtU5FV6w7ZpeRdOTZJv/M2Q5SlqKsOmR80RVuIw=,752.0
consensus_latency,/NNuZqOb8hFOfsB2WmV3rDpZFijCX227UxdmSaTvCdg=,752.0
consensus_latency,J7tGW4jkOhLw0jpVfNJlN6GTCZRQJm45FmWcVVTpqg0=,703.0
consensus_latency,VCYCJWTWxWwseCfZii3OreIDDOt7P4h3U34x8IfdZ4M=,703.0
consensus_latency,fjifA+vbhY8ml9fDLO1W5/GxPyEZcBZS6Kzqh3cps18=,703.0
consensus_latency,f5ues+SiRGSPYsurke4rdq1QnyU+CSPgSo6TFTjc6Sg=,703.0
consensus_latency,nAw3A/C9AemGxgiZD6VK+Exo8irvnbjhe8+y18VvZ2E=,703.0
consensus_latency,nlAJUbiT4Pjle/UPK3jvG+woXHMWPEvozGXxob+Eei8=,703.0
consensus_latency,uKRUKljjD/d9U73sS7xa1DHgtmxi6+/3TkLMCY6JetU=,703.0
consensus_latency,PJQokS+uhL3dDG/ENfz5b+fNWp9HVTy8mntnZZct1Gc=,752.0
consensus_latency,VOAGqROeoc+Tp16SqakUzVlOIo6pEUqfrvMuKr37lnc=,752.0
consensus_latency,w5d8jPA3SmXdO/PVIRiDWgxUrhEoKItazK/mmPD7pAs=,752.0
consensus_latency,VSYnlrY3Pf9Rqh1VzHNwIy1mcgE73eZrruouzg9dpMI=,752.0
consensus_latency,YgTbF3U+MqjrCgqkYbm4kPtJqSrn535+k+m8xp2XZ+E=,752.0
consensus_latency,3F1SBbSifHLI/6Uh7PB3UWcAUR9sZAJGqyoHqImKIdw=,752.0
consensus_latency,3YX2WNjEJmJ4gbcAUeiBJc2ca/gPZF90xaxUECedr1E=,752.0
consensus_latency,QyvrMII0lIvayLs/6VQjsGHFlS70WVIN25YrFJdj8eU=,706.0
consensus_latency,r9HJ2sRQHvJTyyysGA8XBC9+RXO+EfV2NQJfSI+pHA8=,706.0
consensus_latency,u+tB6UAHsGUmcBnYfmksq1tdsdCAdqUgt2RC0LDpKX0=,706.0
consensus_latency,9AX9Cls9tSeg8UnPINdYGSaPtbtqA+vHeDShdgQ2S8Q=,706.0
consensus_latency,YsTnNqprEQnfyt1bFiKuvaxcXrKJKJglsg5wQsOZmxs=,751.0
consensus_latency,nsBFEPOVuaSTqMOr4wo+lYpjaTchJ4nIfNeQJsdfcRs=,751.0
consensus_latency,u8bEC2SMrsrWrTb9IbSYImOlHFQIiHszqsi+WqwJ/3s=,751.0
consensus_latency,JLNsaAt4LjmdjDR2DDQhhrPAJsrFaoJgOUMU+baDQlU=,752.0
consensus_latency,oWkz7BgNvUTzN6QpxdyXgaCFi+CNH5etJbUCzEE2FkU=,752.0
consensus_latency,vHQR3h6Jhil+lCQe0jn9xD5lzxXsgG6RfyFREyJRJ70=,752.0
consensus_latency,/u1RHH2/hNa3yIJ4ytJR4Ulzl4JfVV9v7wywRwSOihk=,752.0
consensus_latency,ZsL7cGEcwnQ4BCQPn/PhXrT9POfIh6w/iDQkvIbdcg8=,702.0
consensus_latency,/HJzIkeyJz64UaXghq8dqPYTfYMMomIkiCDpCx0CwwY=,702.0
consensus_latency,UcpeGY4oeNjXNvzx1ntb4q7X6VskQtgwJeCwk4Xq/qs=,653.0
consensus_latency,RUzSlR1YM8fUMg8OQeXADZszn6PADg6+x3/uK8GtWsw=,698.0
consensus_latency,2PYECWQATSYDG+ECvBwPjxFLwtgzqXgZK8hnhrGvTTk=,415.0
consensus_latency,4/tXooIwZoLkGzNGdvY7YlfYJoQSXKRBGVsUh6BrI1Q=,415.0
consensus_latency,BnD5HqpALQiNNXKbnS16A42UGtnTQ9DSShNKS5acELI=,1481.0
consensus_latency,ON4dLydCt+rfuSbgeVihd1J6jHg2e7G433I88HuUkkw=,1481.0
consensus_latency,FVEwa2bRAKgI0uReE9qaSCHpxkm1exz1t/VuBHEAhPA=,1483.0
consensus_latency,WAxcZHx9/pUgXDzL3VD1QLIZKn+L8nVIEbefdklN6aY=,1483.0
consensus_latency,ID8+rM+rHcHvbox+kiD/LID+VAPAkC439Y/B/a1GO6E=,1222.0
consensus_latency,QhEgIvu94CugGqyq14gsARREoM1mr55LnwsyqT3Puqk=,1236.0
consensus_latency,rmeVRmv5ZGMp1/IRJ/kR0y7uvs6aRTYwJpyuB3oeTks=,1236.0
consensus_latency,BrASPvaiEm4PYSAEfEoP9O8gWmzXxSgCG50vRmmfYgg=,1242.0
consensus_latency,lSXQBNV/CLuI9xbjzjZzrpHQCGnn1hw3B8Q2Ryf9qxs=,1242.0
consensus_latency,hclsL+Amuhrg6VKr7RhgppkboIjEa4YZMJxdY1xPwSc=,1239.0
consensus_latency,lTTuDBddu0OSUL4+LhEfcgvYlLU3Hh92B9qtFhTH6X4=,1236.0
consensus_latency,xpG4PA/UdASgoGiSKbwtl7S9YRRg6hqczWJvkrNJUq4=,1236.0
consensus_latency,ak+WF/X3IWQBbcR6AQcpsA7ypDJyA2sbiLnXqOJ9qvw=,1059.0
consensus_latency,a4y4PV+8JxnBSZLIgPzpa1XjJ5X0MsDjwWm5nAuuUeY=,1059.0
consensus_latency,bkg/3RgoPNcwwkRaNdnNifKUdV/IvOzJ0Aqc2VoBOXg=,1059.0
consensus_latency,BNzzmQ0E3D4Mouib+l9/Vf1bqpYqyNbcffXLPe9Y5I4=,1060.0
consensus_latency,3fKqTL4vHi7SYTqk89Xs7R6lF3b+TAQ4573I+fukPt4=,1060.0
consensus_latency,lov5xPJgrBvSyK4X3BMnj0us2RSELWaTQ76RmltYoMk=,1060.0
consensus_latency,odPjrp923hIUUOFmzP7b3O6WczuDf055sONSlgKbNnY=,1060.0
consensus_latency,qiGk4+fzPhcvwWT0zTzS+vNJk7WE63AaLGkgFz9L7dQ=,1060.0
consensus_latency,sGZ1Zn2FbKG0gp9oscmJ/Hqji6dRxA2HCvsqT3SPbpY=,1060.0
consensus_latency,vLa/RJbFpJT0Y7kcdbeh8th5GHvxqkX25jiZzfoQADU=,1060.0
consensus_latency,OBrkSMa7FvPPelG9mhBwMPiMefF/dAlrkIYHCf38odI=,1007.0
consensus_latency,dNKLGZIq18/eM6AnBd2BOEmcFh59+Q1e/I31p+pGqyI=,1007.0
consensus_latency,iUihMVLX7Li/Blft8FmY9qsAg2P1uMssLlQk9x2ygWY=,1007.0
consensus_latency,mafbsAffWVS5DqVROk2TQYcltVw1HCh5v/w+eVkrhzc=,1007.0
consensus_latency,slG277QXoSptYrPkZQ4p2Jd1sGjMPPfl56bMnwuoEOk=,1007.0
consensus_latency,Si0ga23T9JWJa/UymyPWlB0vSI5sqe0bFZC52nhiIDE=,1062.0
consensus_latency,7K9y189zj3yENDkvYiUURbY0CrrQvePvKYkdEX7QieQ=,1061.0
consensus_latency,80U1Vl1YqEJ/BQZHiCj7vkSFSjQ+YzUPTwPlbBWl4Wo=,1061.0
consensus_latency,+SZ8GvAKy/njn+0xYuI6T2tMMm6/GhOL3VDE4aSQ2VY=,1061.0
consensus_latency,IVQfFc5KogPt2Kp+v3p2DJh2A6cX/pDoyJYHiaMGugM=,1061.0
consensus_latency,SyWtWRYjGBJdcw5ytaX/X8Z7I3ERTTzjhwu965rdhr8=,1061.0
consensus_latency,wmKl4SiGwDqSB7LeDD5FiXsr7RbrjdWCCAhMWuDAhPM=,1061.0
consensus_latency,9WlR4Ji9QyyOtDBRETUPKEdL2KGBYZP+b5yzKo7eYMM=,1061.0
consensus_latency,GUz08+4b5kuebKnDByeAPUle/ajE2IuSOhjJ7Jpw9tE=,1006.0
consensus_latency,fZN0bjNhhF/iS/IOBifcmWIMiLQD3EkHrX5pntIkKm8=,1006.0
consensus_latency,CJDBte1aEBgVOMzLYItuu0/q3GE9XpF6kmVdhlMr9Ww=,1058.0
consensus_latency,G4mYECCZeEXI1na20Fh2ps8PCIUP17Zcbn+FeRoHd9I=,1058.0
consensus_latency,bLjkuMVgK8ZSffjSEHkCSCIhkjWQwANciUqXXveI78M=,1058.0
consensus_latency,6Rk3yLV0P3UV8mAxxp9mQe498C/CfWdYrlEhbjHm8Eg=,1058.0
consensus_latency,Kkwukj8H6sgbOy+jgFr1WoQwWzIB2X4q/s6MGCJQYmY=,1008.0
consensus_latency,28oZJXY8zfYRd6/mpPWLYOMjiJEYe8q6EKu8sol8aak=,1008.0
consensus_latency,OhuGlZamPrwmqoHoTaflQVQxYEE5DbJvLx73fi/rrZk=,956.0
consensus_latency,rrUuue5OFok8+bFVvhpl83YidK4xCo+QNE+bM+kjH44=,956.0
consensus_latency,O8ClbgXtliU6hhz6Sgjlk4uMqrI3Eijwr8B0SUKB868=,956.0
consensus_latency,7GZ8MhQoy0JhAwkDUPJFyZDDRgizwWuw6ez7ccmibiw=,956.0
consensus_latency,H2elTwlgsSxwMl5lKZfFv2w3OnbESrZLWfqm/kRUpKU=,956.0
consensus_latency,4Qbgxa5+pnbIpRTbYlZpuzuPrZ46/A7hpzylet6gef0=,956.0
consensus_latency,DR1/Ia1aZGsrpzJud7PGDVoHsMTEwWcePAXntWtKyYA=,957.0
consensus_latency,itf2e4lHbT1R+17nxawvak438kUKwjqyPQ1LJiKvIv0=,957.0
consensus_latency,4EdO9svnat+RnjBMw07hWmz4SBYXUWUOIupjPriwveM=,957.0
consensus_latency,L6/9SfCwsp2QNORTVnF3oLjAnC2yF7ecFP7dQcyXgl8=,955.0
consensus_latency,w9qLSkxLkMZ3G3l3fifczVxpF0FQpJhpY3zV/A9+OWM=,955.0
consensus_latency,R7iU28S6s3ggg1PVBv2DWzXDaiTMBkbee5R2qN8lM9k=,1517.0
consensus_latency,lVbEPdHr1tmxGXUQnlw9g8FmZan3fXeYOscIRBThM7o=,1517.0
consensus_latency,DQ+14QKzOvM6z2deSEygxslf8xSGBMrWy9SBnDzdqJo=,1517.0
consensus_latency,33bsbEA0r/C8Yqghi2KGCDl5n75UxWZnAPGlp7rLs8c=,1517.0
consensus_latency,OvGnAT99bIad5aDBN1ByUuQJtADd1LfJi8N9K77VhAA=,1285.0
consensus_latency,olkappxNjx+Y/GKh3mHnj5hMNSLTAg0zVtpCh6b4ExQ=,1285.0
consensus_latency,plioXyTcbxxN8o3vp7ovMG45D7wwcmHThQCvnyBwwMo=,1284.0
consensus_latency,9mgRCKfSImXuOc6PlAjsBl9SjXc7RafKw6tCGHVaqOk=,1284.0
consensus_latency,3jTPXYCq9+EffZ5AowPhOW/5YP2jLnwYTBbSGa2lwmc=,1282.0
consensus_latency,O2GRI2/gzDq7CGXvfA7rLTyPiClVId4zUvWhI45R5J4=,1281.0
consensus_latency,7gySHjqWaOpu9RYwwriKlvAxe11qds4azYspmBbe+aY=,1281.0
consensus_latency,rFfOGbwXfpTdT4F3EY6+jAqgTrbkSMGTxNTtlbyLNRQ=,1280.0
consensus_latency,5w5rTVsqRteztrEQFngY2C3JrUNS9NB67Uuqv4s1OxQ=,1255.0
consensus_latency,M9snRL/vZKATJp0abcS3t1LsrRXwDYXRREWuOEdKnlA=,1283.0
consensus_latency,u4tqeSQnBo2Lx9RJQAx/ibN1rBABgEabHA2OIqBmZgY=,1283.0
consensus_latency,Irh9FC14svol1ljNcYy2qdiZxoS7pGpy+mIIU5/inLA=,1256.0
consensus_latency,4oEYvNTz1cb6r6DoZrmN9SugsycnEKnc7zmMpxUae/Q=,1256.0
consensus_latency,Vyqh6m4fYYRGTULF2ahg61KKg6qbSNbOUKFmsHmsKgI=,1096.0
consensus_latency,ni9cypbU0dXek8HceG6C3g2FzX/SXlmvRHxEAOo5zH4=,1096.0
consensus_latency,7ou1H6vnN8/eZggqy+4YnTZWiAWvwtJDc6z6pyTpGKQ=,1096.0
consensus_latency,HWe9UvaH7ev78cYr8av++VzsIW5vfIBo7LEjJt9flVw=,1044.0
consensus_latency,I/7VQFogSh2Jc2D9p1XVg4YkS7ulw/DLeMS8Q1Hd5mk=,1044.0
consensus_latency,KmRNCLvXOiPBEy/PhMy60lUj/gZpQh9psFY5u72h9yE=,1044.0
consensus_latency,S/gczRW9LUbn2xBsT9DFpsgQ5qA4JBTkJW/Lqcpw4+Y=,1044.0
consensus_latency,W+CsEs0fa8kXxBGBY0wLsjyRUX1+vm+teOtW3h7OuAo=,1044.0
consensus_latency,Y/qJuJsiy8noyFmiiroYpN/CmvSdnnjg+IHRq7LFOU0=,1044.0
consensus_latency,dfeT/s9bCur/zINxQW589IrnDGCKJUyo75ObMB/64Ks=,1044.0
consensus_latency,fM4xrkon1XAvD9oIvlQIWYEhNMQ6rfiT0RV66pXHzO8=,1044.0
consensus_latency,maVIs9GMVRwDIFMWT0MwXmKs4Gb9I6716cXNw05mBDI=,1044.0
consensus_latency,zKK169N+dV/dnOgsbZoNExy6EPHDqehbh+yQCp3n6x8=,1044.0
consensus_latency,7/A1Y5Y6ql+uayIxTQ8oZ19xnBS1/NflHqx4Gn0P8n4=,1044.0
consensus_latency,8x8eWNXt/m+rPruSqHFCjJo/xR6bfoU5SNRVcL7+1Kc=,1044.0
consensus_latency,+eX7wEnkUlpJPheETmmVh+aqruSz7d/1YtL6YnwIyxo=,1044.0
consensus_latency,//cylqnKnshudUVDULYFOjBS/3C0oMjpydWajJGwOdo=,1044.0
consensus_latency,SKYL7yiNd/OHpy8CshPQapQV3j3tfFGsHvOPsPE6QEc=,1095.0
consensus_latency,gvrQ2CZVpP4C/GW3tN/I77PsEvlLqitFSM71cy2t0uY=,1095.0
consensus_latency,2M+MB6PBUPjBWu7QAa8Psrgo4W0g5Rte8wV+ZwNlR80=,1095.0
consensus_latency,+e+Nq2J58tAIq+AbZ6DUnrnCV4lhSiot6fe3dc96iXo=,1095.0
consensus_latency,HUGYX3O46eCEfljy5c/Ax/Gecx4e4VIPtm6LFVMQSog=,1096.0
consensus_latency,LXgHT/0u9SyoGuzsnA8T+HEe8Twb2LGDO6njQQAt70A=,1096.0
consensus_latency,aaKg9sWdKCirgfnBDHQW9WRyQS0xLh7bYQSOVtyrTrM=,1096.0
consensus_latency,poxehtIht9NfTo/EWMLoe+G8hVWwFSQanLE+zj42CKk=,1096.0
consensus_latency,HdEagvUoueAReVdgw7WNqDP93ob3eoHnGZj2MnjrIXw=,1096.0
consensus_latency,LyrVuuV0tOhPZ79OP+RBMWQ8Hf1rftIZvu8fr4GK+tg=,1096.0
consensus_latency,QT6Ca4dNOYrjq+rr4uAlBWs0qUKEixLDoJkT7GpHBos=,1096.0
consensus_latency,pG8gY+VTt3qHtR4za8u4+XarIwvkAL2eqkifSpmnGCM=,1096.0
consensus_latency,WaV877IfmY5OAxvJrspybMugSqlzZjbJswJZwjwLNbw=,1046.0
consensus_latency,YThoVZnu99HlSxPh/3AaLVWpMQWrnGaqq/xvcp0HYzE=,1046.0
consensus_latency,waDJ21wrgktwVe/5bc5C3JbodUCmJbx5z0BXqtdGnII=,1046.0
consensus_latency,Pm0lVFt4KC+ehXRrYD+EfzCiYPovXOqaxjQKiUUEv1c=,1096.0
consensus_latency,cFX+PhbXT8o8yHhDi++PNpZ/Go/Y6UM2ovEIa/Tz+kM=,1096.0
consensus_latency,jGSHgu0R0nyQ+VIpcsZ2x1vp6jKHx48PEdglExdz85w=,1095.0
consensus_latency,ycb2eAiTHhPy0NKIAFCMtk7r7HFX+bJjdEm58gVOQz4=,1095.0
consensus_latency,Q7ho5rEm6TxTNdZm/6GmqK4ifPmoZ/Vz7Z1o4CrKuu4=,1095.0
consensus_latency,iQtd6yGTq0k20ZKU2Qzt13R9G0uMrTj7TW89al32Z1o=,1095.0
consensus_latency,j4tsqIBqIWlUL8kfmuBACcHDleoeMy5U0YcdFc6OQAE=,1095.0
consensus_latency,h2V09PpSjWZHpIBvZvuWED5eM9jSHA9GSAmeyRfu3ko=,1044.0
consensus_latency,qwhwpX93GVe//JU/h+YdB4pp580L8F+oP0o1yx6B1+U=,1044.0
consensus_latency,x1S7MSXNXZp3DoMCh9H73dFwWYmzkU85KEL00oIWe2k=,1044.0
consensus_latency,+g5/VxUZJ0l8GeQ33yejLFAcUEDPXs0zFtKYPaa/UzM=,1044.0
consensus_latency,LLtG3ph7+lsH/NgkaXqIH8idmsmAWH+j4MpJhtLeP8o=,994.0
consensus_latency,XjuGeIOSCiOzHRQLHOCsnywul6rptX+dR3fP4T0wma8=,994.0
consensus_latency,EWYoOwrGBAnBqbUmz8kaxBoO6lrcyVKbxyIJ13oZ/HY=,993.0
consensus_latency,a2vA0Tl15rRTJvQsvL23PCpoBmOjbyXcQeZ2EDqiNDI=,993.0
consensus_latency,ia84evEYIwnI6GsT1lzHiN8vth3GNoKevb3vIBGb5x4=,995.0
consensus_latency,1tRJWX7ai0j4QKB98vI5vdv83p2I7Jfkm326l8vo9fQ=,995.0
consensus_latency,Dp7evlflR/MVB/CB2gtbjuZsvmtn1LogWBvoAd5XhjE=,993.0
consensus_latency,PKf8jpFQeN+L4P7jeM8cneXJOxLvxlpE3d6CxHqKurw=,993.0
consensus_latency,WPK2z5wDdms8G+vnGLu4W+HZ3Y9hCXcBpCYAy/38L14=,993.0
consensus_latency,6sMm5Zak6OQuGE4YmdajY+jDYCPwxbVgE1dNZmCXqsU=,993.0
consensus_latency,crA8TYPlrIQ0bqkToNQiRr0kFZekffLaAAonHm2EH7E=,991.0
consensus_latency,utU2F5WnivyrAzarONXwPxloagxQSVirz0NDUYmSzG0=,991.0
consensus_latency,NqllkQMnqpNFcXekVhXikpw+Zs9xtGhgX7p1WxGyxBY=,732.0
consensus_latency,kZ3K4M/lOzIQzoHv+U+Tca0bKW1fYJY7EHC1RJ24DM8=,732.0
consensus_latency,UQN1KM3M6fK9HdgjVhTuOzYn2lyVvYzrJQuwWp6qSIM=,1341.0
consensus_latency,3iPGZAn6ajdFf+FqjYQDODcJZcxhVuM7h0hedfA5ZUk=,1341.0
consensus_latency,H8mSBCBxcMCLaihIw315yYUwe/rz244d43x+K+ssdl8=,1102.0
consensus_latency,g8I7Er9d2OMYeFAFMR3G65AIcJDexiIg3BDkLodvbhc=,1102.0
consensus_latency,CKHiX6OAPf+5IaXujCCmW+jFEF3sW0TYfApqdqozTvc=,1109.0
consensus_latency,y7ybPw+zQoDJvvfQ3JK+mcuUKqFAwifwWypk/GTChlM=,1109.0
consensus_latency,fL2nNHVjsSwQBzTvOTPxkKgAUyEx4h9yIUeimvjlSAE=,1105.0
consensus_latency,m59Dk0EgpnkTtdz25/baqA49B/f4U3GxkjxwowDG0Qw=,1105.0
consensus_latency,aGIkvktDwEMfc+70Cs6oE3sKLJjTgcMkL0SVTf7zQP4=,1107.0
consensus_latency,LxZ/50j/B+sATt7anH/Bei1nDzzAsLqYHseXt/lBQUw=,1107.0
consensus_latency,8VlqgsCHwBcwIyRwkLdMdwNktxFff0GfJkL/ibZdtsU=,1107.0
consensus_latency,9Y0Pec10bRDNLQ48TXwqyJaZTjkNKe16juZvipHcQlA=,1107.0
consensus_latency,GQOeYGFf6XAfyggDZz2uU1ISKB71gQL188dhpPO7mY8=,1081.0
consensus_latency,bQdgtEsERaUVYvQtx8eth6i74FurZWxoNO5qi/sMRFs=,1081.0
consensus_latency,E7bqRz92eoR0OIwxVwEUk3QsfK/j3wOy6V1Q09t6U8M=,1106.0
consensus_latency,dhJTxJkjmiGFa12LDOjigHlx0/79RnrFecS+6T52Kxg=,1106.0
consensus_latency,nvyubAJrY+rTLbSjSvRjOEulaLQZpklzUz3jaR/IQww=,867.0
consensus_latency,xtdPn1LP+jTVNVa26IQq0GVF7cR/k+yhRjnZjJPubD8=,867.0
consensus_latency,89giftgFkRraAdj1OQ+Fwl1P5A8LlqsOqc+1rxOjzx0=,866.0
consensus_latency,GTBY9Nhu9y1NtSq8qtllozQBbgeQNk2tLZbD/xUuBlU=,918.0
consensus_latency,VxBw+2zm27+4Xsi5BTPkc/BEZPqMfLof2VQys9Ks9zg=,918.0
consensus_latency,aJr5JslLmyPgPH6xrVqzIu8z9JFexPTn83ODfBCnPoI=,918.0
consensus_latency,rxcP+czZbQXvTL2V8udCC3amXzFnJJTHD6IK0sDHobQ=,918.0
consensus_latency,KRySfaERWQajp0HRmq8DdQFbifj94a/Z+a911OtF1w8=,917.0
consensus_latency,eeo5NMEHKybBgrc6Ss565dL8jaTKi+JtJZUNoZWtawc=,917.0
consensus_latency,giEJ8g6sSreR8TL5oGgu8h1wyfP1aJjUrL942Jq4dr4=,917.0
consensus_latency,6dMkkSFx5Ij66EMg0sxoLJ2le1ZqUyW5gjkBlOOvgt8=,917.0
consensus_latency,CElIx+WS05gt14ExrE6FjDIZrN0jUQcy+qaKFpU+ZmU=,919.0
consensus_latency,gxloblcldf7rAsQRm/hr19ntLxZfsebQZFCL0KSJwgc=,919.0
consensus_latency,s10UrTaIOuNlyzC0c9WTl2lqveiHBQnvBUEHjupD+EA=,919.0
consensus_latency,/MfFKIkpdCOl6SiUAy2J9oTbYOTw+Q7Xl+vmRX3Mnrc=,918.0
consensus_latency,Lr0/KYVPV6vRbSdNFjZSmwXwfxOx9Z7dFAcY3/K/UcY=,919.0
consensus_latency,MRuO1IyrbgsTaoyMegUnmHR3eRPUNFjjWJpizpei0BI=,919.0
consensus_latency,+Cl3h2BhrejFFUfnjQiLNsTHQXNnGdRjmOZI3zbcqaw=,919.0
consensus_latency,+qXq95FVFhlBqr7Fs407+8jVhm9ZE19U4zXfkXa8h44=,919.0
consensus_latency,X2cBcCHnHfmA1W0i+KtReuecWhlbW14zEkLQpt4+vLQ=,866.0
consensus_latency,clSpyAMB29skClPKQEticIACLVjC24KVSo38389pf0k=,866.0
consensus_latency,h3ibvmb/xn84W8TokTU7QRPvmmnR/lSEQ0YKU/HjktQ=,866.0
consensus_latency,jQUxKI6NY7Muy2i5UsvFXc7NMGRFJjj0JTGkvZxyHaw=,866.0
consensus_latency,FqcaA4gZQzcBNZLRiZIcXHri0aOADwZL5inoU5+U4KI=,917.0
consensus_latency,jJ79/XrW8Cq+Sk7Bq6PPYAh3lXM3F4h/Ohdl+YqBOM4=,917.0
consensus_latency,m8c2ydl/ojIFOA5DG/+KUQTLSD8ruFljcHbVHVBu5A0=,917.0
consensus_latency,2H/HlPKopgM8uV/Vg/DDHmt7qDKCzKTENLOWjBrIfjE=,917.0
consensus_latency,R8CYqkCCLs/JDqXDooaCPnYGTtzsoUl/4HYP6s2s7Fk=,919.0
consensus_latency,ixNNdKtqmclxRoPrmVeRto6Ah+ghomR6sF52vAUVmig=,919.0
consensus_latency,0nDCTRCaZ8SQfrVKo2frlIvTnyK2LL53+CmwWs4Bu3I=,919.0
consensus_latency,YYlhh5zn4QOd26miyomvS5+aZfu0XPeRTL+bGew0lno=,819.0
consensus_latency,Jw7qfsSFF1IN/DSQhNapSL2hX9zgoPZQ9XRF+LVsYJk=,820.0
consensus_latency,sN5yRysCnv9F73/J4fkFYJGXgwvFopRmsoEmUfOtaKg=,822.0
consensus_latency,DKUM65xeiUonxLiZUA5rhel1Uaq0oAhrSGXBhSXqMbQ=,819.0
consensus_latency,gOmN6Xb+4x/Q14hhaqF4276eh8WT0tG9qc63xfaoEw4=,819.0
consensus_latency,G7mAJxoQNTt53tXXU5c7UV1cWbYktJgz/c6VqH9F9oo=,816.0
consensus_latency,QJwQyHVcqt/Cxns1AxBSVt0ZaiacADD/DsYlIrqhbEM=,816.0
consensus_latency,UXQpO3ANfXwB1lTDT+U0hm0ssrmGzoLs5w6WG/Qm1/s=,553.0
consensus_latency,BqZ3w6+hhGzmvzm9bHI8Kax6cpu8pJXrsk/FOajqYc4=,1353.0
consensus_latency,XBkS9OJPfi7tK0LJfUepCQLXdZqbT0I07b52JDe6ZAU=,1353.0
consensus_latency,cP6VpusepB2zz3uxxNTPzW3g4YkjthuJ4SEMzWXwCho=,1353.0
consensus_latency,pnzj1EJMLMuM/9Hka5JA1rYpOJ/cl0YnApGA2T/+9GQ=,1356.0
consensus_latency,Vc5uea27njV89OrNXh1jkl8uWv8eEUGYnwl88oOPU1s=,1125.0
consensus_latency,hapbwGKkcuahBnyokgHed7AYJXUdgnalS9SoeEjFRbw=,1125.0
consensus_latency,rDoHlFYCBggWLpPdBBe0sfIYcUoLQ9z3aaiYViIbrgY=,1122.0
consensus_latency,vhHbUUkLz+76uBHKlDvW5fKeQ00nCHYeBJ0RkrDMknk=,1123.0
consensus_latency,OWpsm2Bwd32W/Py8Iti7KBJvPWG25H3s0tczQssHsVw=,1088.0
consensus_latency,63Uq8Tya/8fR8c0LW9o7ZsyLW6iLWFCH/CrYdcdv6ik=,1088.0
consensus_latency,UBDYqGvbpeokb5DawLcThHMo/7nqbFlVUgAR7uoV4NI=,1123.0
consensus_latency,UvKGU7ar50uK6UuPVGqO0JfLe9K+rNh0WQhynVqC/Y0=,1123.0
consensus_latency,E79Lu6DaNH2byRES987AiHAVp+mYgCLfo0aCEDrnnRw=,1121.0
consensus_latency,fqBCpIOLV8pe8lmd/SlkZ8cK5ElZtx9sd4oIc+DWrUE=,1121.0
consensus_latency,IyfYV4DfcH386tsTew42bpXf3RoXaNVyDyTcF1LlCMQ=,1086.0
consensus_latency,7VEjIkCq+EeWqGxxweNpl+kjZfBrR3MfQSWrgymIFjk=,1086.0
consensus_latency,o3qHEJkBbrBHijxIwy8mvFzoU8ufTsOC7/g5HwKKaHk=,876.0
consensus_latency,/nd2MqoFcrwBynCx+efLND8WKVaddcLOaqwpSk1fMbM=,876.0
consensus_latency,a8HjPOMnAv+AYO+G1jFrEc3a5/us9bYu/dcbldZgpTM=,876.0
consensus_latency,b0cCEzVrc3HNsZ7qh/PisDsJfzu/O0dppP8RCmHNpLY=,876.0
consensus_latency,cFQL4GmBgtvYlV6Ac4hLiOUt/t+7DapU+UJQ0Dviu7c=,876.0
consensus_latency,GI+5mO0vCgzEQjpH9fdcH3iW0r9aDGYkWmvnWG4jiI4=,892.0
consensus_latency,JbSVn3OE4mcoSJmnE3QK73nDHI8AvNdCMaz9AZRt5RQ=,892.0
consensus_latency,hehbts4BYxGv9Is/nHnkSfkrU8AXZChiFBf5BwAgDYs=,892.0
consensus_latency,An+hTpQq5VGAtYOD6HAD0GI5LCezycr3LFubPeHxY2E=,928.0
consensus_latency,nMzXi2q2ykyWJLIV0HdLl02wQ2agyO5tIETmSqoYs2g=,928.0
consensus_latency,zK3hHeq3oJBeaZC25dsVj37FVe8ovuQorGufRrDHXF4=,928.0
consensus_latency,9bUEMy//MR5fSF03GrBjoyTB2oN4a7xyLt3z8MrSZhs=,928.0
consensus_latency,F4y2gW/0dvxexb38Fid5ZkC+QApi6f/lziA4uhBR8XM=,929.0
consensus_latency,I1t1irhx19FsoCYiryHEDrpNmu12G5uS4AbanGFmsrY=,929.0
consensus_latency,e/a8r9F1T4FgXFay66XMrDVSI1kuTkXbSGI0CMrupQg=,929.0
consensus_latency,7Ep42L+DzaHsUtVKdoJZELFlKQAr8UdxQZgZ4e+gxqk=,929.0
consensus_latency,beA7cT98eqeogQO+vxByK+mq2RHys1jtkDLWHKLyOB4=,929.0
consensus_latency,lq5ABb/tKU2KZo5Nnsj3UuTFFYm2CYG/JZ4yHzh2V9w=,929.0
consensus_latency,n9V4Tx/b6yo1ASqnaHWBnXc8LXeBYfrELeF/39OkWxc=,929.0
consensus_latency,8ey3qkrDODX8aJ7JW+/tyBWonqOiV62RsN0naO318Qk=,929.0
consensus_latency,RtILA4Z3pgGmWBy1icBVp4V8oG0NpUuG1v1Kh51QIho=,928.0
consensus_latency,UsOxD/Z/v4M9WaJPsccZfB8z/wPt3gnsJjWYfB1tB0A=,928.0
consensus_latency,v4lgfQPfioZt0XPKdlAdTC3OEzGQIiaTSLpiFLVzxHM=,928.0
consensus_latency,1oupcKa1DnbHrohBT02VcKw33yhl3bYMyhJ40DVt+V8=,928.0
consensus_latency,VfVga2E2izkAggsqaI4yvNQQwqlL2FCCgQijC3IuojM=,876.0
consensus_latency,4ImApKMjss3t+3RewfsjOo3wFVU84zhEx6bt4l2D6nQ=,876.0
consensus_latency,PcvSghh2gjx339x5sskAfCLQb1Qgxr3pgeDMtJLK4KE=,928.0
consensus_latency,RT7LkVW2hE+nMamlalRydnadj2GVtsSp6tubbY807Ds=,928.0
consensus_latency,b9C37L/c9Lq+2LBU+yNMI709DQ9d2HVMUGooWPneN0I=,928.0
consensus_latency,sMjNbxz/QfHJ4c/HACMa8OgODoatxDoBX0TnP1PAggQ=,928.0
consensus_latency,IaiA1ZlKm5THK4mTRAWlHdmagG5nxpJ3rafG15P/HPc=,834.0
consensus_latency,IvGgwIauJs5FFy0qoiGUFkybI5blcR40RoX2A5NGluk=,834.0
consensus_latency,+LY4t0CWYx/YgQL4nuoPZ99TX1m9ZeZBVMsURD4UK1k=,838.0
consensus_latency,/XTs4E4j0jtAwvhMtgcg0KRjOXV7ebypVrl1zkWkv9E=,838.0
consensus_latency,FSAfaRZktMrRTnRdPrkn01bWIj5lZhO2fwrZinYCxTU=,827.0
consensus_latency,nNaR/HxoQawv8ySaLWhWrNsdgQbSkXe4/fqUbfPCgDU=,834.0
consensus_latency,WOfCRrLyh9nThZ9PsZKF+ZzRD+66f7LsEInbG+f6aL0=,833.0
consensus_latency,0oHbtLJDsg0+VsmKYmkVSSa9s7Dcq62m0HB1NtT/iCQ=,833.0
consensus_latency,mk0u9V5iWhR1XKEi800I6d3BNbbgvtol8dW1nFXmziQ=,834.0
consensus_latency,y0lV0EHIvlJzIcZP0cfFAbI9BbqzQv2UQyovOmEUWhA=,834.0
consensus_latency,HpaCUIyLRoKB1CzRClunGlNDtAVo2E5tLdIv61Wc+j4=,835.0
consensus_latency,awPLAgUwJK/HytHbDQgAAVpiymIOzAh9iV4QhqpP5B4=,569.0
consensus_latency,gpVSGWY/SvJ9bAOspij7zIUgrNYw9oZXxA4gsJgzdtA=,569.0
consensus_latency,UIfpviXNW4+WosAvaP705qeaA4l36r23/OtC4EoXq60=,956.0
consensus_latency,aZD3DovEw5senAF1f6Efv7qsyvZ1jgwBmAfnS8sH3yQ=,956.0
consensus_latency,6g4iieaH97EGskAd24tRsGZl6mm8tiGESoChI80DiqI=,956.0
consensus_latency,b1KaQjczQ8feN/aHfOPa8yoFpxbrhgqowkzJMZFQ1Eg=,941.0
consensus_latency,cC60HbCaYxsRRA0YifyOZV6hJSQbaZZhnz0eHnHxJ64=,941.0
consensus_latency,N1e55Vs7xuEuVNQvD0fKi/cncKsf34GkXZ8rSwFIjgg=,959.0
consensus_latency,VU1SYZ91Aq4HoD/R9bx5j0NZgP3lyQzeGkbvLzN/n6Q=,959.0
consensus_latency,ebt0FDqoEikAQeUwZzmMXCZHEAa30ESzEs3Kyh1fjx4=,957.0
consensus_latency,9Kq0t2+gcjrAa8qtX2QQD5zK+NaTGDdQku9rJqMUm84=,957.0
consensus_latency,gQ953zKj5jxMYqzLoZ/n+XqVE1BHoryQZFZYwI9bTX8=,784.0
consensus_latency,mXTg/ebVbaCF6Gvjg87M3BFDVPPjwUfQ8ZmoUkERnuw=,784.0
consensus_latency,RxxPkXJvdg2jNZ7wNjrGAfU0928MdhnpQsWWSt/oN3w=,785.0
consensus_latency,U81y9l7npq8QJ6ofv2bOOs+6vUwihwn/0Qh42mSkhOE=,785.0
consensus_latency,vQzrkq3RuGpuEeNLmhbdKjuM6Oc2QXiUgu9/ysQxzt0=,785.0
consensus_latency,B79AvZ5krRZMligJSCBEMKGm0TIJgkn0q1toat7oWIU=,733.0
consensus_latency,HN+OEzXw2ST+gyjfmoZ8CxUh3/ed3c7ZQCv98OvmV4Q=,733.0
consensus_latency,UwWsvMeCsSUQbkPm+VgJ23CsPkxvXXmBe0dG7HDxNiM=,733.0
consensus_latency,Y4qCmUkvprtdSyoR0ujX8u5qX3IxiXponYD3iKVl8Dw=,733.0
consensus_latency,efxM49wdOp7ivps+D76QbAI2I97pl3CZsEYDty1dqow=,733.0
consensus_latency,h6ugxVi8Vr9R4o1b6zAOnVt4jflbAkH7hVDBYl6Xwz0=,733.0
consensus_latency,lcv814Ow6yV4I0Fj6vxYN6cdKhFK3Jb5HvNadfXNfIQ=,733.0
consensus_latency,pOUaV6QrbUKnPPtv860u5+VsuedGUEgT7/Fill6aseY=,733.0
consensus_latency,qjZCql1liHWl5f/s/r7fwEjj8GCX84q+Q3Vk15+FDHE=,733.0
consensus_latency,y62+wDY7EqQdyfzBsxOdwHdUk3MKhYxHJWNcxUmEsSk=,733.0
consensus_latency,z39OL2Z82IRZRHRp7ws1Xn+q34M5vWPLuP7YD/FTYbA=,733.0
consensus_latency,AGkI9eZvmRbX+pqCj7Ny4kw45vigPQZd8v4hyUVA5EI=,784.0
consensus_latency,VeemMBt+0xJxPlkls1zkNfBjUn0NYkK+gzCle/BqbGI=,784.0
consensus_latency,zNbvWyehR/glqBXvsqWwKEuad6fLK5gj0E2p4IQyA1U=,784.0
consensus_latency,ArpnQPaZ+L0Mwss0sNX7O7FWsf6Eytxpo69CRj8Cb2U=,732.0
consensus_latency,J1Yi672mju9NJr7a3XnpxfzY5/HfYXePWsE5f7lEwXE=,732.0
consensus_latency,LZinIHsex7+V5VGf3e6wvxiGr8PegnKSCHUPuyddY08=,732.0
consensus_latency,1o1oiXLCAmHZ5d49OKGBj6aSIX2rNqXvNsRxSL3OYkg=,732.0
consensus_latency,OOUk4b0iolb2ssznZ3SQzsfZyiu9Hx5V2KKf2qcXL5o=,784.0
consensus_latency,sEmodi6+pF2Y6uk5lcPEglabf00zLVM4xwp9SuggqGU=,784.0
consensus_latency,320o8rRMAHSUzzAYp9Bfh7A/WWqsM7IAh/lBSppgS/w=,784.0
consensus_latency,An227Tt5as/Bn7Gm1D+NwTQJ8jS6yJP9kgV0AwkqWtI=,732.0
consensus_latency,FIpise5tBfhF9e2AFj1dH1uxaXXYZ2Z3Ozht/NSdZFg=,732.0
consensus_latency,J7kG/TT82bCJpqz7JfiAApzFcof+LTTfCWcC6Q3v0UM=,732.0
consensus_latency,jIqNZG86x7PhwAeEe5N5sky1237mYQ0sGUKgI9sOqe8=,732.0
consensus_latency,VI3II36v1HG9tLMa4h8OWMHgzwqrE8htbUn2QlkyW7I=,784.0
consensus_latency,csE83w0c2wUkYa1/Nqq/jbuRCghEcbysMMPjQqbyKLI=,784.0
consensus_latency,4MkPEBWSypykHGsEdWl8rQeEiYm8RWfmEaLVNfOvbYg=,784.0
consensus_latency,bj0gKNz+ODYmjr3c5/+2yRdKMpe6Qx4hkfCDfDQbjcc=,682.0
consensus_latency,c3xrBkE0HuthQhkYYWjn7AXLCf8xcr58LOiXP1rV3WU=,682.0
consensus_latency,cKiSt6a3PRuGp9jgeyQaspCmhxLxw9BrtAgrqL2v5GY=,686.0
consensus_latency,nBj8qZojhYOP/2jIM2SLnxFnf7XnoYZvEG/XLEupNpI=,686.0
consensus_latency,CMj/F3T9/nRkQY5VAXHKnNMPDxH8vAQyOLC7SQkeEa8=,689.0
consensus_latency,QIZQ48UtTUiJLtvkMxI94oxgiWlU75w4Ym8T76ZMUF4=,689.0
consensus_latency,fCk9RULfI5KTK2X1sKT4EFy9Kksp6rRj0bBEjnu2DcE=,685.0
consensus_latency,3y5Q9pGca2qk4aqE8frm/X4LdjPZqzU9y/xRllmLPWo=,685.0
consensus_latency,NFRfM2q1Vktn9uPL4VMQAcyHP6uO2BuimL5fPBmFbkY=,685.0
consensus_latency,RdWW5L3pwsiObDheCfTL6ltxH/5CcQZKBgoJaT1/G04=,685.0
consensus_latency,9gmymP9BhEUw6XJz2YH4yvNxMO3SyPJWeu9EvLSgni0=,686.0
consensus_latency,nH2y/VEO1T0rgZhYUAujTNhQ0wLYVITD7JBQgu8dNeM=,418.0
consensus_latency,vtWeO4xot/aRMmSHIAPWnquk6RxMLFxiqMq4EkApxOs=,418.0
consensus_latency,AupIL9RIO3T8OhJXzXmrNUlly2Q7yfwmd5hdKlsTvm4=,1484.0
consensus_latency,SwSwOweMHIB8EpxrmNeQX2BSDnDwiyMSihixfqGOs+w=,1484.0
consensus_latency,Bj0SVG9PQEAcqyN6QvNqxRGV4ozF0vUCUt2p5ce8BBk=,1485.0
consensus_latency,SofUnNLnth2c/Td2akTjmVVtCjDyxSQ1fiqLh+8DFUw=,1485.0
consensus_latency,Td9Lj1juqeVgOUoNKHo+BJEnCfmnQf4kY1WeGfyZ42E=,1222.0
consensus_latency,9hpgHZjD2+B9wBW3DZ2pd/c2nBpJIQUv7bW8wBD/1zg=,1151.0
consensus_latency,Y/Z8sK8Ny/Wgf7nYk/Uvb40yx3stP6QKjLfRaqqYx88=,1220.0
consensus_latency,JTpECVEAoY3Qh0DLDZFGSbS+TS5uq15BJI/n8Ds/6Y0=,1219.0
consensus_latency,y4OQjo1cF6oAdIUzAgKegKlpzDK31b7YZ0085rtYnQg=,1219.0
consensus_latency,GNN5bDZ0HowuS0wO9fP90u7wNijToEjBMDjPj23y6UU=,1215.0
consensus_latency,Hl89ZDq4aHMZ6iNz8xyiFZJVC4sMjIAcNKIvzw+BrCE=,1215.0
consensus_latency,fPz4aGtp3CuQdS6lbErzMktLp4z0sgr0NAgIGn7At4E=,1220.0
consensus_latency,pYDkmD8DD2OlHmRW+wVwCU9MpBCubdGpa0GH6TcqCT4=,1220.0
consensus_latency,3K4V4ISsxpfv/13JFYJD/mnrUi6esWnAmyC7+ymMRWY=,1219.0
consensus_latency,ismx4L3Ym7P3oELutNPlqQA5Oxv38tRsQhvQku9OEMY=,1063.0
consensus_latency,yZv6jg9UceV+J/+CAp/+HME+dPgDFZdx3yrxrKBq4hw=,1063.0
consensus_latency,1inW9kUxB2froFLs7NIL6hgo0RqCtny1wta3Ntao9n8=,1063.0
consensus_latency,3gbbEB2o1U4EnyitBT/BHHzucBUQMrBcBxiLvsX8ih8=,1063.0
consensus_latency,HhSPK8zFyAVmv8OXAaq8R0RXRVDzM24PMcHVWkpZ+BE=,1009.0
consensus_latency,ILRszPypih+ToeKt33TCbQiwBtSs3NrFZklz/XkM3Hs=,1009.0
consensus_latency,8NORu5LS/qEM8TxJsTFZIXaoOGFtHuaPHuGCnB7qpCY=,1009.0
consensus_latency,PLUJNyyx1655rxSgS4wpyK5ORlM8rHw2vQ4Y+lYbfTI=,1010.0
consensus_latency,RvzBHZ/Ilg4nc6P+CZzpkYvXQMmXtcysMQq620K9ghE=,1010.0
consensus_latency,SZnpzU0B8ME1C7lTEnCvsgZgFnKZPeK8buzNAvWD5XQ=,1010.0
consensus_latency,0mVpxeWqVCYrfqR2SzU6/HWz+5u2i6DmFkccKpE08zA=,1010.0
consensus_latency,74JWfoiRHGj/WTRpn2kffPPErYlm6eMo8O3nXHtk9L4=,1010.0
consensus_latency,9wg5cHv7iS6wC9QMro+kYaT5Fx00ank2HFdDILq+Wuk=,1010.0
consensus_latency,J9QcpMZGakHSznOj+K41c8wIR/r/AEqLJzEveDupTPw=,1064.0
consensus_latency,VdnP3MA7Wu9d2i3mnRFIt6q58E+VcD/96yL9EiVGViY=,1064.0
consensus_latency,iUQ0wKezMbMKT6W/Vm8dFza7l/eJBQ8hbGbzxlQoeXM=,1064.0
consensus_latency,nIkWOc7o7ZT/Y09MmPK/V44n3Og900yGZXE0uR9thmo=,1064.0
consensus_latency,fEoem2C0YxM5WLktIP5l7rDXJ2TtIxzb1h3rqXelDAk=,1066.0
consensus_latency,qu0Rw1LgoKBXfv4/T/9dIxvAmTNOw0MDMGjUlUgpE/A=,1066.0
consensus_latency,3somOmp5UaHfZXaWwW05d3I2KhynDGw2yXQN8XI3b3Y=,1066.0
consensus_latency,HN2k5Fqg9+Mdf68Mhf1OkQuCn1EHKMX5rcK50V24G7I=,1065.0
consensus_latency,lq/eFHbepKN6koi/ePSD7K/d4brzXw76lRN0R+DP3Xs=,1065.0
consensus_latency,m4q24ycCml5fDNfGGR8ezjQTeVtJgKfNkhREf+K1f3A=,1065.0
consensus_latency,Fu+wP2XYTozUB/hhaCNpA8G+gY1oBlvNdazvt5jepE0=,1063.0
consensus_latency,QohRbaDr1PkEKbOOy7ynk+QA4JhmJj8ubxIAOXH6buY=,1063.0
consensus_latency,D1a1xD5ifKZ/W5dRUhisX7luBmQHkur2AM0BZ6ySBn0=,1065.0
consensus_latency,OIeiu8ZiMxnOFN7uAuxLvASm4vligw8WgsMT2bMEvsQ=,1065.0
consensus_latency,zjqa3rt2cJEggCMNY7v5Pc8SHihg5tiGrrbeH92jn9o=,1065.0
consensus_latency,VJEVvcK72uYhDELJOulREbdB45ijvh6HKtVGp/rteos=,957.0
consensus_latency,0wgDzVNlkGsF4O2zKIQJBNcWLOXJJLXz5rzRTt3xG+w=,957.0
consensus_latency,AC4XJPiZWkxz5Epl2UQg1X8Vqp4pyB+XxOGeRiagqdk=,960.0
consensus_latency,HvNhs9qcK3KZMrwnMDu/b0RInCdrNVbqVKVocYGKcX0=,957.0
consensus_latency,KBWfNTYMTw1qcOosxIb61P/a+k3mt3UjW+SzkFMT7OU=,957.0
consensus_latency,NSlirhuDAKOoEIcMjS/+Rl6VNGdPTl5D7HLqixTmP0M=,957.0
consensus_latency,WKAFY7aiTuKwA1ysL14DiCwAM7ZPEsCcEP+l9HdxRX8=,958.0
consensus_latency,eoiNPi15TwuQZFLUniYbaWNtYVvqDIRAGTRyAPJtWoI=,958.0
consensus_latency,wAMWu5R4GS4NdPjFN/K9HVAplNxs5xYkGYpfc+r/YXw=,958.0
consensus_latency,DzKr32enJDOm6hctotJzgkomsVIFKpsVbY7/oiyjLbU=,958.0
consensus_latency,sm/umEVWid+6P80hsCU8VuOjsZ4jmz0ixe+fRM1SAms=,958.0
consensus_latency,QbhWxHhzN6WbT64GqK1rmxFauCq1BHKIs72J8rZvZco=,959.0
consensus_latency,dw1E6RIeOjxH0KzMThIYXdg/qeKXumlM4CdbCjKhd6c=,959.0
consensus_latency,vZzLkFF4OO6WIdGkBR3aBU0mnn2rqxahapCiIGdSvsc=,958.0
consensus_latency,8Yip72cGOpBTWZf/mufXQSGAQ362BL0Ez0JGnD7DIB4=,958.0
consensus_latency,nt01NCB3MVzkNe2UermTjCWknM59YR3f3qhH3z87Fx0=,960.0
consensus_latency,uGAP5a7FqzrT2a0t/IXSWGKky5O1VT9yfSImdHdiXDc=,960.0
consensus_latency,ms3nVC6vOXGmr+OyMASr96Z8rauidNY3WDs25OhrJS8=,957.0
consensus_latency,xmnoItKPd0Q6B/04RnsryPrfbvBHeUz2DwMeA2D1gek=,957.0
consensus_latency,X7vo3EZSryF908ViW77fXQ6DvA4o9wzNGaG822HHI9w=,1265.0
consensus_latency,tJVHfa5QbS+uQH5Am49U1i0fn+RNvoOwCLGIhvt1V6E=,1262.0
consensus_latency,+tZBUuGiTorUINbi7CKPQbtMELfPMOdsn51QNk6HqUc=,1262.0
consensus_latency,db8rghsFo98AoZr+zZ0STt9HnnlMmMHR1YrsQ5oQbNc=,1262.0
consensus_latency,oiGzCO61J8Hv+CwUav+rRel6i2wzloq0XGkqG+k8TS8=,1262.0
consensus_latency,FYeW7+5F9ayMhkcSfH3l/tC0xrh9PZ8HjjsufD/JXPc=,1262.0
consensus_latency,1A14CSYWiu4kjdCzeksNHszh/yfLjMw4yZNLCfXcLUg=,1261.0
consensus_latency,Y9cZInF7ZytuxaSma0w3mpwAFZ4ZPVAb65TDk1tQcrA=,1263.0
consensus_latency,4upkttqKK5tCVsqXY7+ykYwKIH7ruMRyfOExBhczlBg=,1263.0
consensus_latency,VaiLuyUOdyOLXv/UEEGfOtO7XhxRgRC/8ThBNrkRnIg=,1261.0
consensus_latency,k+id9HURQz3H8xpQS1g1YbDXXmtKzKSPL/FO6IXwNew=,1261.0
consensus_latency,Y5Ja9SIJszu86VKuVhPrjXZev4Vnf8pCj57c19T5FkA=,1262.0
consensus_latency,c2p68F4fmazj2Z2bP+eAceTW7wLRtsk/rzEqouBw1PM=,1262.0
consensus_latency,dFrcFnIv7ur6eSWzB9Kwaa3tRLl5PUQWF+Yh7itE8dY=,1101.0
consensus_latency,jmZcSUetHoHD1aHO2XPrWIDqRP2ilahKyi+PIYPNaDY=,1101.0
consensus_latency,3rvHly3BL0OLknamo66Z5FXDdAblN0KHZkH4f9VK2Rw=,1101.0
consensus_latency,NX8rTRhvTECbH1hkPDOMB0Aipapy2ULLwr3mDwwXCb4=,1102.0
consensus_latency,QjHoQMoaRbPVB5jYH5ofO/+5yuJH59ipJPTlLWGFuOw=,1102.0
consensus_latency,u0jRNsmzAgjrXqd+rWaF+DTt2gnAw0hQ0Wqvvr3p5Es=,1102.0
consensus_latency,l0hq7+2FnAK50xd9uJ50qn2SHDRoYshj6X1prfn39EY=,1049.0
consensus_latency,9nElTkTFDV/FzFk6l5BRbfe4iIxeQSEYEupXvs9wMqE=,1049.0
consensus_latency,MmwCXZLHJlGlH40pAW3udfPjzG4i8gx1gkF6QqN0cj8=,1101.0
consensus_latency,VG1ORWRC1Afl/xQquqJhDYusVoTbiwQ5T0gWjetS04o=,1101.0
consensus_latency,iWNGjl6vnyhXWDtFDvf3/LDXIFJYulG8P8rMcS+UDRs=,1101.0
consensus_latency,GwXMWnR12EkP+vWrFQvljohh18DQemzE6mqYXLWinn8=,1050.0
consensus_latency,OTpaCpJTeCASSKIXiZ5140KkwZ/O7lxxfm3UiJK9qg0=,1050.0
consensus_latency,mSc5Eu7CpnRFOzGd3UK/c7dbWleaIqLtSa4ZRWyok4E=,1050.0
consensus_latency,C30GOjwvSQUmHe/EO+4HylwVtN0orMqXjeCfGSTewBM=,1102.0
consensus_latency,i2KK9fGZZngukeBYbkO7RBL+NOruWVo00pjmoKmtpBw=,1102.0
consensus_latency,cwjUVHHEcUvA64Z10Q+IVaxiSxmDlf6kFTnHHmkkfpU=,1050.0
consensus_latency,fn8PXsbfAhZ3BLXoYIkbXtwrSmGjJZP8RvBeku43ziw=,1050.0
consensus_latency,poDVqLKXsXc1bm9uifaYPy+fFmNbCD/Nl5MlEPU1PsE=,1050.0
consensus_latency,yyY8TNQRASNpRjOUmSgbitbiytPpFfEwAhk2rKz5aiM=,1050.0
consensus_latency,BBfIDqor/fw7rPdLGGYsDODkdG6e3BgJK0wJHzMHmo8=,1102.0
consensus_latency,JHzqBnYii9etKYJtQfRgApA4sSnje9KyZuO3m/pDd2k=,1102.0
consensus_latency,LaOF8v6N0orRdrocdQHi9CaugoL8S628bBbSzO+1Kco=,1102.0
consensus_latency,fTL3vFD+K+uM1zvlO339ovwWxW3WmW+hf793wxoTrP8=,1102.0
consensus_latency,LEwzfr47g9gplpdSoN/OExPUK/UOu5KJBoILt5/siJA=,1102.0
consensus_latency,R5SwtJEgDe02VWjZVkX973GMGWEpm4dtFcPi8RK+M64=,1102.0
consensus_latency,mBq5QrbmnU9rGoK+81SYohsFTMi31rXQVmphmL4YUrM=,1102.0
consensus_latency,SmAnXH6m7Au6ANK3VuB5kCxIcuRauqRQW1SMlB9EfRE=,1006.0
consensus_latency,Ugo+DLgG6GZ4cK/uz8+xtv7Uf/ThqYlbzIAM3bJPgHA=,1006.0
consensus_latency,Lw+/cKiFUmVRggN8X+spfGUmz+mbLIGEfB2R6xiKBBs=,1006.0
consensus_latency,15eMNHk1cPdHiy1azMwnw8kR4FHhnOXTOUKyj1EAbls=,1006.0
consensus_latency,stvIdH6bHwio7XRQPcimX1eMishtF7G1NSy0LZu4U/I=,1004.0
consensus_latency,tfWNjuO0IRk50/aFecCVqJW0iNHVjDkatb6CLv1S8sM=,1004.0
consensus_latency,voce8DAxC/EhgW3iWrDO/yeV0/v1ZfoqlWcW6qAT2p0=,1004.0
consensus_latency,I6Kq4V8Af6kqRtg0MltL7la5sUYo4XYf4kFmrqxgVo4=,999.0
consensus_latency,RKrHXn8zJrjE0Ic0BppEbKwxh679zRtUnf2Vo77x+H8=,999.0
consensus_latency,5MGNOjBenCUDWBrn8YJyKRT/16UFJvAZDukFr3SzHME=,1000.0
consensus_latency,p3Zhl9nUj5uhAO1mC/6L5N8JR6hZ10olISfNU4JOEwM=,1006.0
consensus_latency,4jHq3N/QTUekNBQj9TS6hQQkFbIozo6f8u83ZSMCMw0=,1006.0
consensus_latency,hz3ecVCjVPfycMjMu6wvcryiXXXYn5URbw+1fkyyv1A=,1001.0
consensus_latency,jpUCWvy41B2iDUxcTXp7Qxiv5IetXe94OumYDopLAEU=,1001.0
consensus_latency,GpJTFjrTjtM1RMsvROCu06igO2ZvXaeQX1OsePRnbU4=,1005.0
consensus_latency,kLjBBww0HY1kfSQ47fqqXthrXX46bZhfnTpyWU6MKgQ=,742.0
consensus_latency,Xu9Ii1B0NVKxBOjqvpAMUtn2GxkBlcBXheymZ96Xrvk=,1393.0
consensus_latency,rgTIqqbza2e2/K6Xqvvbd6KEHzgZL7Fb6m08lmjl2e4=,1393.0
consensus_latency,iJwuRM+xRQb8eszie6t9/3yK0MRs4IF5fNDNz01BcnY=,1125.0
consensus_latency,twbacXJvOjowrgWDGvtPGSi3XusImgQg/mhUlthEQzo=,1125.0
consensus_latency,ZLLQ5D7KL5jAUNSI8Meqt5YKHJEr8NGwbPkvb1FQXx8=,1125.0
consensus_latency,j0nwd6nGQJR3uuWvnbVOiOAUn/ehhUpcucd8/UnwU+M=,1125.0
consensus_latency,KrYnKG2JiwT/dLVr/iO3mINwcBXffPUY6OJ3BFF/SP8=,1125.0
consensus_latency,YB+z0LNDoiiTDtJHDd+q63STs5yfhuyhQFyxjP2/ORQ=,1125.0
consensus_latency,4kWjD7ZiHxGj4AdsDO9FBKy2Dkv+PpRXpW1WAfxxzrM=,1125.0
consensus_latency,r7XDphmrffl05yr309AtDbF9foxwclBJZpdZY2aPBUU=,1125.0
consensus_latency,PtBCwmFlHD4/0YsuO7vk29y4NIRroJD+EEVGKMz/SH4=,1125.0
consensus_latency,s8E/pXM6B504rHgw8fyT9iJIAou47zeA8P6AEfssARk=,1125.0
consensus_latency,EeLZOr/07IX+ofx9qZEza6sPsZiLucFGwAfh7hWDwT4=,956.0
consensus_latency,RUs4Ho3NDr5WenK86bJjPGFx8+IcrJ7LLGw+MOW7KoI=,956.0
consensus_latency,WpZhkA2WTmHdzFweF84/kHYJLLPBxM885FY6ulVKzzM=,956.0
consensus_latency,7T5Ab8W+95mtU1u5AB3uTH4S4a6gTSVMo0rA2B3aGls=,956.0
consensus_latency,Bpw+iXhn0y9l8ngUdRMN4KPIc9K5y+/i4rvnbfikXgY=,914.0
consensus_latency,GwLwa5QpMykPA5+tZyGIIjDL3gnVFb11gZryC1z2CV0=,914.0
consensus_latency,HTRsc4D/mP7fgY00JvOztxlZxSr80UmLfp8Is+WVU8c=,914.0
consensus_latency,HiwiKGzd7yGtRMb8ovOMmC5i7vvWknO1BeqRPXn8GcA=,914.0
consensus_latency,Uk7g7g6T4DjJhMYkX7B2KnjKz7Epn2JNaLhR1N9bjmc=,914.0
consensus_latency,V1ttLza9u8g/5X3SN7MOmC31F85mu8oLzzuD7y626dg=,914.0
consensus_latency,jOgrmWN8dBOY++y8tKWgpKOfBnmuvxlZjL4iOaytfzk=,914.0
consensus_latency,t4Y4ipVzE2XRLn3qOzzsl+dpTl+lLh0Uwl7Vtq2meqU=,914.0
consensus_latency,wEGeB8op0sj3jKqpi8ipeedKzZVDrAA23UJfj2VuDW4=,914.0
consensus_latency,Hh3v9qh+WC6gHKifGp/50/QTKHaxn5ZQ7GuRp9VuRZs=,957.0
consensus_latency,U0oUbLZ2q+d/3tnbdnPKwqhvp3Y3wLc9XBh/GnqZIcE=,957.0
consensus_latency,0cVipLqkGp11Oq/dqv3sMxT8ZjnEZYSFQ6xXKy5V3vk=,957.0
consensus_latency,9Jq3XjPY40NgndvARewlgQhBFqu0kP2kyvAv4LIu158=,957.0
consensus_latency,Buih8tFqlgkBjU6zSJC6aRsHAta9ZMag4TJbgt6O25s=,957.0
consensus_latency,M85PRaNaEK9oHmYSospWaV+hpDCmmFG2ZE6Mx7uBv+Q=,916.0
consensus_latency,dibBMYXEzCxP+b73Nag5gXtPEw7vmRQM9ExKaZ2yiRg=,916.0
consensus_latency,satrgULTAkLlaSYM3FLHGG5T7E2X0MUluhfH+4MfELk=,916.0
consensus_latency,0BxRutWeuIkypa4jewt0gLFOIu2ai6TxsZW0mjJDpRM=,916.0
consensus_latency,BW+GyUorABx2uotzd+G5LXRZmKuN1y44x4SWSH8zBes=,955.0
consensus_latency,jGnDhfVkGImUfNxu+p3gFtTYiFRsE5HTcEnFT4kuN4U=,955.0
consensus_latency,xIBTOH7+RtXuQDVDCmSVuITKz02MofkcROer//z0+bI=,955.0
consensus_latency,Kyq3KSAjidvKYfko7fvSjMQbdUI97NsL+iCEJ5u/FC4=,957.0
consensus_latency,uhcyRVMRxgk/0rNhnIch0eUrObWyS3BA7DbU9wxZsWI=,957.0
consensus_latency,7Q4U5C1+aXE/pzG5+OH5dCkmr5PTOBLa4oXtZGH9+E0=,957.0
consensus_latency,fUq/JiheAu2pvEulbu4btqtAdgUIQa0BofrjfbxiOwI=,912.0
consensus_latency,k6lpQscTSDkVGPQoG+j2jGT0CJk8vpR1nzpPbnbVR2s=,912.0
consensus_latency,xOc2qkelPidXeWNweYm0q+ZPhLZl1xQ6nW7pyOGwxFE=,912.0
consensus_latency,0rBckgOjX1RTq4GlP8kM/klcfy1i6sblVX2filF/KwA=,912.0
consensus_latency,C4LtTNcwKy+g+5UrmdDDCMI/l6u/5MoPc7qk2O8/hMU=,957.0
consensus_latency,lutgGfwvDBanPxylEVdTawOkO9zjtmEbgvwL+Ct2n8Y=,957.0
consensus_latency,3ap6ZH1wiT1xPb8xF+ml4JOh8p8obeYqOYyYY2/5K74=,957.0
consensus_latency,9ABxjcxqANaMcOMfBI19iZ9J3WlqKZR546AVdQ5DzII=,957.0
consensus_latency,u66OIUxhH+OalB/rK5sk9Fwtn2OKs9kvqmvwJVJ6vpM=,883.0
consensus_latency,g8YCJ+0SiPtR1IokgFQWIIKODlsR8Ww+TuFC/Df+mD4=,882.0
consensus_latency,DnT4DPUYjJBGqYAn+F2uOAuEfMxFZU2RXJzRsDQ1drE=,882.0
consensus_latency,wdB7vUNbHCNr3Lt+NzIj7WBkYBpbt12hM7s7i0jxqzc=,883.0
consensus_latency,BizJh/7ZdFUO8UvJB0bWvIns/8YeDUAszADyrzQ4Mfk=,885.0
consensus_latency,WByxz/ak0JjUQmvK/TkxfsMwkQ0ggfGdNLhNZtbpPH4=,885.0
consensus_latency,s6v6eUoWuLNPunQyu0mmkkzlhnaekMekwpvDMXV40Rc=,865.0
consensus_latency,HBeCByWRf9cb5tDL6MjoLUu8WilOkw9Byfadr2AS9bU=,1228.0
consensus_latency,lVElXP7IAotYRC46bQV7pcXkswN4EGWzr7lJM6mGNu0=,962.0
consensus_latency,XIthlPkwOJ0W5W0pGsQUMaA260Ked53j4/QT+1h1xQ8=,970.0
consensus_latency,oqlPpTaxVzCv7iZynCNx1tIR3fVBx9EXR1GC2Y6t994=,970.0
consensus_latency,oBXf/SvpjaJj5Sr+wb/ZdMYgTnIN4kKLdyk1cQETF2A=,965.0
consensus_latency,4JHQsO0QP0UeiWEScZ6mg1wvl1UpTwZuFI/Be69dbms=,965.0
consensus_latency,yiCGrAoBi/84nslMLCQGwcKn16AT0CDcNUYdvjAB5fI=,953.0
consensus_latency,4hTlLbC66qEXON17LWLfrFrbJrymPXGvJNr1epHuLAE=,968.0
consensus_latency,yTxiEZQXlTuHkjx9N63J9Y2KnItRO/BC3wc1Zk70L5o=,971.0
consensus_latency,O+hKLqYAReDsNxQNmkD8VOJvEOw25DB+xxGfVOt09xk=,969.0
consensus_latency,PHBxe7+338ZCMRDfdRXhT/qwCGw5v10FToj+5/yUm60=,764.0
consensus_latency,udqumRH8lGQmVhWf/sl8FvIwpo4EAQyywaagyDoaZ8k=,764.0
consensus_latency,5QorOpEhrgukubEoOZQGGBzLMG+XAKom65HlIRHFV/I=,764.0
consensus_latency,7PR0ygE5C4lXdNIKGIqIZT4PVyy3ZG37eAm6zSVDG/M=,764.0
consensus_latency,IRrWcZABWvHlXS+zrqcarUCCTarkWNp4K8uFergP3Sk=,738.0
consensus_latency,Is5VTdFXm+H51hlW6pMPMNlhxERsZAEoDEtif/niEoQ=,738.0
consensus_latency,bzdh1BH6eyeNyXH9t1E1SJ/3tKjM8qV2GFn6egcsTMQ=,738.0
consensus_latency,fOnG4o/16tz2kIb+idc16pnbyK7kbsnmWkTOYIy8dyU=,738.0
consensus_latency,+tcYvypj4Bf2BXs3vPtsTswxB0UZZGYgPpfnZz9aprw=,738.0
consensus_latency,/XTMkuFXWSwyRgxY1Ew1c44U6Wx1FGXG8lXu2oug+Vc=,738.0
consensus_latency,/xiRdNh6hwY0FaEJfPSsgmTF5Racq9a4i9keusFTtgc=,738.0
consensus_latency,Ayqw+OwPgrfmp4gx+Ug9uVyyypcxt7OtLCEfYOf+adI=,714.0
consensus_latency,x3Ma5orWHh1ZQt5Zh6ftmZiHmevOqZzb07cl92PAHDw=,714.0
consensus_latency,ynpn5GYrQwmROIywDedK4h/q+cW+cC8D6CbIF+OuNic=,714.0
consensus_latency,3JLRn4igqKakA0OdQG/TtUpACAOBkGfIlbEV8ZxsHpE=,714.0
consensus_latency,9BK0jl5ZDsaOsOCtIKloafqdTWTOVfegSkuuCXjZHfo=,714.0
consensus_latency,HEv8UNx7Sy1P1sppPp9kV8Ea5sLGtbWKlPzd0WUKc+8=,767.0
consensus_latency,jL5M/fSYuGlmMbheVD5OflmJgbrbotSan29/yhcUslY=,767.0
consensus_latency,2ynu8IL9eZ+48AN8wgZ5gh/4E+2qgE4Z6hbzQeNzJ9o=,767.0
consensus_latency,Q2RZp3o0PmaPgB4AH89tEJGF1LHcm4WYZJJtXkbe4KE=,766.0
consensus_latency,cbhZAMr5ykvIwQuMFsKeeP9IFx43GVyUl0Q1EWDA2iw=,766.0
consensus_latency,eyx4qA6+3SK706nKaumhBeeA0110tHtxRyh8FzCSCFI=,766.0
consensus_latency,8dUUhKbpmHilJMRgeIMdfJsb1xpISIsgLnkBAPdVgtw=,766.0
consensus_latency,AYhgdtrAnxrmL0OtClkoPfmjF/mrCh4ClY/PnrP88K0=,713.0
consensus_latency,DloQDKURvmcEEVMVB6ImJbnZjzViMuOK/acutN1XGw4=,713.0
consensus_latency,Gt+aH2iyRexBh4QeUFqQsGm6XofgKPBOTVm720DFiUw=,713.0
consensus_latency,OXlK2sFNmiY8jkFepjKR2bA00u0fc2ur0u2mZUuqD+4=,713.0
consensus_latency,TXTxDLhQoFP8VWZzuEXenMWAEnzWP4FHpKsi/QrcG+E=,713.0
consensus_latency,VHnDWhMnY405WASSd8UtoVDWCoqxxLmT3nAxe4XdI5I=,713.0
consensus_latency,bO1LSPze9c8pRfNfEwg20Yibf6Srl0ppwlISz9rLj/o=,713.0
consensus_latency,e7U67/gcebHBmbn3RcYR7U0dtUWD551jvu64+pMBEAE=,713.0
consensus_latency,hnQJWVbrXi0gEJThyoooV+1ICM4ZFp+VYEYG3XQrL0I=,713.0
consensus_latency,7CyJs75Frx4ZJh7efu38tU6txXR4HG1JFyptEoXjaFU=,713.0
consensus_latency,87KOBr8Mdc6uJCOaei7L7/nK7MNacX5JeTP3v50qRUo=,713.0
consensus_latency,K3/ZXHOOVJReBQAx8z8G9iPKPaU0PJrT6Ck0LbG0SF8=,764.0
consensus_latency,XTVcCP+wOpHW75NZucwdrrlvC1tq5/RH1nq2AfBTofY=,764.0
consensus_latency,rwpprNdvaPggrLE2jmwy/BuJcbhrfJlrVEGLeq/g68w=,764.0
consensus_latency,5ycm7FXZqRWjU7nPykBEElyUke1mxo37lHpiIuXCZLc=,764.0
consensus_latency,83HwiXtcgeCIPdIVylp45BD5q2qIjUoerZqXSXTf6VQ=,764.0
consensus_latency,XbPtqCyy2aPwqDKlsnxyvMbNlh6WF79HcP7Pub/ZUw4=,766.0
consensus_latency,vF96K5ouqEiCvXReDuixTxsuKRgMUd6n15G3dLIoie8=,766.0
consensus_latency,6YtvdhK8bYbUJQmOxmTeoFyXbo/hgwu/iMeI/u+JNWk=,766.0
consensus_latency,8rnGXu4h8ufN5UVOzQf6Bve/qih2MRpR+oRCFXq9TpU=,766.0
consensus_latency,rcblZbSZATzGLWcjqpvPuNVTZBX+cQekV/Z+Jsq/ijc=,683.0
consensus_latency,FTQpNBStXcWikukTGV8Xdl+vT5EktIrb1E/BieHf3do=,684.0
consensus_latency,7BTBlLDd4uh1AnE5y4yAE0Tr5OZuzLpfFafeAPzxJDE=,684.0
consensus_latency,drik5J7yM5a8KOUHRmdDg32pfcsw3nJj6Pr9J2Ehx1w=,683.0
consensus_latency,0ZEDXk6fhYPE/7KZs3vlj47vFHb4Ptbln8ZcsVVeX7o=,685.0
consensus_latency,FIImqpEHAJ3vr4b+2jFaMccg9oP0FN2eL/KXKb6PPOI=,684.0
consensus_latency,SfsJBXOjg4P0gYFTHvtPsb4UNwx2a2VyF0oULmX3IJM=,684.0
consensus_latency,UQ32wXp/IqcInEL7/2uFyDnO5AX+ve5JQojK0GzPpyA=,419.0
consensus_latency,EORMKRA7BjJYT6v29dsG7uegspFB+tG1Gp08sw4fVnk=,987.0
consensus_latency,aK3NKBzPW69KqjvoeY/7X7dBls8ED9F8YOYUm35IwRM=,987.0
consensus_latency,eQYCiTs+VAtLMT2jDpc5OWFdBnEOor5mi2+SJlpFbIU=,986.0
consensus_latency,1naIeKiQ2YEYfC5qmBs2JoL0TFxaIZ6xhQvT/GMn2Ho=,986.0
consensus_latency,bWBaZNd7IO1E4IQmRuf4HlU4SFOoM93N8uOFbWYX+bo=,987.0
consensus_latency,hcpxXdwmUIR6WCpy5osVBML4QDdNF74ZrYaRPw/Dmik=,987.0
consensus_latency,hkACXLoFm6+WuxZZuE2j2tGgnHG8OSuFtdI6fj6Nsj4=,988.0
consensus_latency,zk26qKRA7tbhdtwpvyKzMn37uIF9TzArjejIah7J0aY=,988.0
consensus_latency,5QVy8lzUzU8RNi2wiXekT99nzu35TwnDXhw/yXVmEyE=,988.0
consensus_latency,/K9gBIkaR1XcFZ+JRwfSaKOcObAQzl0tq7XKeabO4t0=,988.0
consensus_latency,DPD1slCDEUuzX1geCso+MC+czZ0opKCl7QylKBALFZs=,973.0
consensus_latency,UJ5PWKtBktUUJcwdudzRilxXFH9pg1ggVqZz7rlOCuk=,813.0
consensus_latency,h6W3edDs5Aw7KFGIz21lL1Q5hYB/SkB9fcvVFa9vOPc=,813.0
consensus_latency,iLczO0AwXvX2fZadCcQLGS767/H4dASkY5imNBCGvzg=,814.0
consensus_latency,yWaV+JIHe4nr9+Ig0x5jdmsnyH7WCP6mSnysQQNP0os=,814.0
consensus_latency,yv7WsL8VriYrDile6BYLkl+VAR47gCt2GRWgb5mQhuY=,814.0
consensus_latency,GAOioC9H+LBlqyo1JAfE+uqBNE3fzOa8u3C7nuc0j1o=,759.0
consensus_latency,iamSX0xC/94Ig+Wr0q6ckxS5nq48H+NwZFELd9wiL9c=,759.0
consensus_latency,kszEaw7tLYy8TEgu33MJB82qef9wa0IgJ+KSKotx5gc=,759.0
consensus_latency,1vc5N8B5Y7FNgqQ/2EpOLkGdlaYKb8Cv2eyK7t/fimU=,759.0
consensus_latency,AO9s/0FDSSa9z98FBN0tY6dzXX26P/3cMxHnSP/9QUE=,815.0
consensus_latency,FtP7NkqlMKvrvRZ9EP3yKNwGiIKA7HAUlQz3kJsXSAc=,815.0
consensus_latency,sR4aO83+zEqz4CYydz+tnC8X6Q68xWo7S6OMyK9GKjU=,815.0
consensus_latency,9PuPJ0dKCZ+bl9pfqVLMLdO1mueiIdhENZOpH2aChVc=,815.0
consensus_latency,ZOxrbnRM9ZqpEVk5akeGigLN6TAHA9tyxpOwK0kV8bc=,812.0
consensus_latency,dXj9rNyAxirw4ZSuu6ICqH/FlsHPtwhjWT1IbQm8/YU=,812.0
consensus_latency,ohB7xKsuHclKLLkrJ2Td9JcsBeZqJOX2QZQJpeOcTBY=,811.0
consensus_latency,ozaWVsY8duYXcyfZbY3o390fggxddLUMRYuCHtAZ8M0=,811.0
consensus_latency,N0vZVx0hwH/TLg8JMIKFg04WC5lLPE9tWu37V3INJWI=,762.0
consensus_latency,PE0H8WbqMkvS7C0eesIw1WFNMrfrzmiyrJlFISerRkY=,762.0
consensus_latency,vcGvILGJtXlVjXwgKskwRV4BDvBegf/S1IMKvL5FgrA=,762.0
consensus_latency,OQSj04F2fGco9KROphLLx4fuZXt5yh2/Qlccxstm/3I=,814.0
consensus_latency,h1EmwgYxHLi6kzJvKwzPwja8hZMYe6S11VdqB7GJHDw=,814.0
consensus_latency,xycDMx1Tat9Kd0tuUIEbI1UuEtPrBjeOsfqrKT9Zx7A=,814.0
consensus_latency,AzYXlMzAVyg1toMkEepfkr1JVqlmtf6eqq5IkkCL2Nw=,815.0
consensus_latency,Z6gtYIK2mtMPw+d7D3aDjM1HRrrvJBOQSQ+4sK85jVk=,815.0
consensus_latency,myeDc8BsuFsgIb9fciLvF7ycMEpYhUFBPm+o9EArliA=,815.0
consensus_latency,TpW4McaE+90Zi4Vs9v75u6gCQD5YGmgwfotEatilLDg=,721.0
consensus_latency,vW4XN363c5E8DJDl5ElfFZ5g22Hj4oPWCevawAWLZRc=,721.0
consensus_latency,CTnk3f/rYI0GPZNNaKscEgyGoJZBxL6gh8a62QGD5zo=,718.0
consensus_latency,lHrj950BFpK+0Gd9LoeUBtyBrgHwn+tnWzHAzwUX7wA=,718.0
consensus_latency,HzjehyKaM3RadsCVcJurIXTWiasSI29hUm9BvX0YMZQ=,723.0
consensus_latency,1a28aO/2t8pmEMibu6GciffmqGfiGf0+7A7GkZ0fzGU=,723.0
consensus_latency,AZ6wxGh0UORR7rBvWI9SxfYqWlXOzBOtaexNQV+yyps=,721.0
consensus_latency,BHf6vevUfAAoL2Y5mherJ2dorlLSobg7PO3sr5+iOfM=,721.0
consensus_latency,TfCHIKjXn3HtratRUBXx8AoxQZ6TiynL0b+j6aunPSk=,724.0
consensus_latency,9Wwowk406/zmy/GWO8PTiZ22INnJZb59UO8J7Iomak0=,724.0
consensus_latency,ZktO6jS+qq5fSU1AjnHenHLizOkmk3dYUU/z7KupjAM=,721.0
consensus_latency,zhc3sthPku8ym0oOyUjyG6+NjxVXRo00T+91KEPC9rQ=,459.0
consensus_latency,Vb4IAtYlqgZSlETVizthcWyyHTEvhGo4yJaI4YjA0PQ=,1597.0
consensus_latency,hqct5431/gI+P1dyCbKuspOd1kzMzDcs1ryjdD0GchA=,1597.0
consensus_latency,37MIjX6ODygFD9cMy92OKv7hgt1mTlXARYDU3abMZAw=,1597.0
consensus_latency,7d/vgeM2VoBdnS4qhN7U+InFF+Eid0sasqGF8cQmDKQ=,1597.0
consensus_latency,9yl53R92AyHHTIlM0P/xwQJXt1H6X3Iqz5MhHYnxR6Y=,1597.0
consensus_latency,o/seoG6XPXI72OL52CUrvVlUmIw2kzEJJ2hjlVw1RZg=,1380.0
consensus_latency,aaQf5KdJDUR7Et84aTwx4EMpmb4rl0ecJPoFQqPCqFo=,1109.0
consensus_latency,5nhwOmfyIWvFp0eJKSEdnO+NPeR0hN0R8oDWXUQKh70=,1147.0
consensus_latency,fhVhOOCAHkNwps0hUyOVosAVXMlrAsexrDV0zl8geCk=,1144.0
consensus_latency,J2nre7jHvUrnVAEohd+PeqiUG8graRwWtaVUalTJge8=,1109.0
consensus_latency,OHEfFsPY3zPYVouSpE5olpxuenzsuWmFRtP83RthcLs=,1068.0
consensus_latency,Z/VbrxG8iWeOtTgjlYx5qdzd/DzCncCxCudUQdjbDro=,1068.0
consensus_latency,cS5DdZjf+WiEF2opU1j+VxvPKCtm9g42b5pgNTcDENU=,1068.0
consensus_latency,dH8Fz33RZ0rhaMHKbSFZJXa6IdD0ds9I5XTIGsetmYY=,1068.0
consensus_latency,if/VPHfJYt6zMbsa7qyMVAtiho0naQnGcL7BHdNJU2o=,1068.0
consensus_latency,u5Rs7MG5R3Vwei+jOG9809aLsyttkYIuj/FfSUqI7YM=,1068.0
consensus_latency,1YE0vYprHQxCGbS6quBG5W1LmJ1ZaB/RUywhHLGGOFQ=,1068.0
consensus_latency,2hlGjR49n4SAxSqwrADUZs1v4KrbH0hQ+t4w5rmgLh8=,1068.0
consensus_latency,3mbUAovLvoUOeOgnJjfA1U8NXpf1TisN1FhDNK7J88E=,1068.0
consensus_latency,44lXyze6p8OaHYry9ZHxxDQI0RUrw0dXStoJO/Rpi64=,1068.0
consensus_latency,5X73bVy/ocZ8YDU0m9XhZoqeKt7vhgFw7vZl2886Yy0=,1068.0
consensus_latency,8QqUbq7WgezOh5zrcE4aIrOF9ReCYvT4+5UBk5Bhhr4=,1068.0
consensus_latency,e6N8ctN3Awx7R0RCVgi4QMVEBZo8ImElsZJFFJ+xvFo=,1145.0
consensus_latency,9ZhBoAwWuSO3CSGtWq14XUF8ViJ74gkm41iWkjsyi/g=,1145.0
consensus_latency,FDtUg8ZrucoATOkoQAj1LufA/GrfyQcGWEFaSh+9Yv4=,943.0
consensus_latency,INngRG8863LPF/n/l3ZzFXxXz4UPuaq/2ga2oYN1Rh8=,943.0
consensus_latency,She4URkLeFyIFdeRgtnxmQ3AP0kHOnmFXxgcbXxnELg=,943.0
consensus_latency,/b5xNqTbdud/iF+YHkdO00iWSO5d1A13bHH6ogjHbWU=,943.0
consensus_latency,U56kLrLaanlHMF75vGfnSPC6yYpXvWPk2zBvOWw1WeE=,942.0
consensus_latency,XS3VDIgo7WMWsJPwOe2zouLjkfZdPHzU20oVFwUIzqc=,942.0
consensus_latency,n65nZDXg6S/duzQ6f178kkuxV8jt0j9IBIfKYSYzeF8=,942.0
consensus_latency,uvTjYCjkB3a2GMHdgvRwVQdBPj4gAVPEgUX4nrGUUZY=,942.0
consensus_latency,JsdE2wuot6EJ/NwH9qMAJiz8A8ydm2z4lfvsuT5aqUE=,890.0
consensus_latency,Qs6+8G/26DS0Vh2z0S0BPbqS4TXgENa10D4bJMGlUTI=,890.0
consensus_latency,arBUZKATScl8iK5+ODyzVWSUMFJpIjMKT0r1BEPU0Jc=,890.0
consensus_latency,nwyrhivMOVuc+T1+k/VpWUtZVON3+q5JWXQu9wetr+I=,890.0
consensus_latency,E6gRg492qeuc//WeA36j1J7WtXvWB0QE6DIKLWTymEs=,890.0
consensus_latency,LtOje1y0mMXtLoFv8KzFgcnzYtfzoK2n4m8wWjxOKuA=,890.0
consensus_latency,xzONQGj0oOQY74ajfNJ27kbIX3zyFqFGpUEJpyrczvo=,890.0
consensus_latency,33JgpExX07kXBwngEhvUbF3ZdWVO5BHTUvW3umdrHSE=,890.0
consensus_latency,Gkc/EV2PgVR4H5Vx93xjB9VPNTmrqh6k36o22HcXLGQ=,943.0
consensus_latency,HbcFaQ2vyGRSPagWqxvc1PKwQJ+/OVFa9yAYvU2NHj0=,943.0
consensus_latency,HsdGpr7K5U2f30j7E/NL7Wv32y4n5kkaySkS1evYM4Y=,943.0
consensus_latency,qzicQn80nhTUkDyZ1TZEDhQXLV32mt2THauGUGA8tek=,943.0
consensus_latency,Mdwy/he74hMXrsKG6Bsw5L4b229OPF/CBfCZXBDo7PE=,944.0
consensus_latency,ywFG40OS6s5GSnjiZ+aizf3JokQdV+YX0YlZYLTiqFg=,944.0
consensus_latency,7HOTwUj73mReaBvB230Jk/MVBCo0HTifwglipRRmTio=,944.0
consensus_latency,7IqZ/DAERkCIBeXcYkyhEppYhywKj3qpUt0pNEtW5dc=,944.0
consensus_latency,FZxssOngyYmeC5GidXQcw7lvtp8XZ/X1nNLNWOQGzQQ=,942.0
consensus_latency,ZVywpyHEWbfiLohVO2Sw9gnEQtP1gKVutCS8TDeZ8K0=,942.0
consensus_latency,eVXeV+frf7IE+pVI6k3BTyGZFLVZbdE2rkXC33QmEnY=,942.0
consensus_latency,ghuyLH3y+u7R4unrmzED1K4YtOeMqanbQ1S3NUTzFrk=,942.0
consensus_latency,8VNaozK5uh64Zs5r6zbBH1/JucgHb7cA2lfBT5Ohi9c=,943.0
consensus_latency,el/+54gPDvmOH2ND+G5F9RGzjDlKLAtwwQATJx2n8oU=,838.0
consensus_latency,9Cl8hoZEKk4szRCvXDZDTQZ5UyCNCuPLAGvnGFQxxlc=,838.0
consensus_latency,Q5gCrNXJsVy5+/T/U0JI7kZZZGAKF4wR5XOCBbz3sTs=,837.0
consensus_latency,QoFPniiYXcnhmpojRQ6QfMQMqfDrqtNEkozQzbEGRA0=,837.0
consensus_latency,5ZLO8QjpGXPLviE0wKzke5nEqrBRIMl16qsBSiDwi1c=,837.0
consensus_latency,VS4PdemfWN5hHyj9pb63DniH+1ksJKu+tuC/1Ei0dpc=,839.0
consensus_latency,xP6b2YY2TxSuQU06kUeWSa6KHiymR+UFUQmduahnIdw=,839.0
consensus_latency,Fn/oQdzLMRFr6dELXkp4rNlOOyBRVNKkNNX0U0gbAzw=,1400.0
consensus_latency,w0qOR0cEgjv+4SMXS2dstxNZfWCf9gIaAxyWw4GPrpM=,1400.0
consensus_latency,0E7Gw4cRGJJ/R9MlJAgpkZpFOySTiHnQtok5F9LroII=,1395.0
consensus_latency,U0S6XZ63Vt2gApXFVzOPAXk58QgWVryutnM2n4eAcRQ=,1143.0
consensus_latency,DULXVC/03Xb/AjGFoyLvLHIkqOjIkYuntA6lmEqnq28=,1146.0
consensus_latency,aRL67a6M/j8J1R4wUO7AC3KL0WrxscsOs/7/uQDPS/E=,1146.0
consensus_latency,zFJ0sE+po6pstFLmL9st5Mks1nS44UJfZNbipAFj3Lw=,1146.0
consensus_latency,HzNGfvvNRqNk80He1rZbNey2/3UGYT3q4lcGgtEMUIg=,1143.0
consensus_latency,9za1nFyJkmWbPZ1sU7hqMsnHa0yM4ZdYTXTRhEZLz1o=,1118.0
consensus_latency,qaPYFN62SK324ynrXkCYrgigXY4EwwFaXmlNi4rah7k=,1138.0
consensus_latency,6WRDtT/eUkg9Q/H6woeLh2qeLz9hrQDGQ4LZgWvD09g=,1138.0
consensus_latency,FPGed07xjx7nfmdM+kRDpDfPazwt/W/pWv1hA8rYfVY=,936.0
consensus_latency,VvMeMLgLpT3XS53NEvekR4E1AWVR+jnkkni7cCUINII=,936.0
consensus_latency,j5TpGH0ju4WQc/njyOM+EmTLKN2v03u2XUBTQW6n628=,936.0
consensus_latency,2IJ5TPv/dtIKVnxBJg+E+b0REJWNbz4CuDu+GIZeBVk=,936.0
consensus_latency,AUlsOGF/qEf1EQ56IVbIdAMRjCbqroxKH7f7/D+oZas=,935.0
consensus_latency,FhjMWWAhu1F5YD3zRmf+8KZUOf4+XRRL4l6cPw63GYg=,935.0
consensus_latency,M8DuOEbhYKkn7nGHAWk9N8ZfkQU8ZXdD6ngL5yoGlmg=,935.0
consensus_latency,WIMbzqQsmPTIfdcS+8Yn3ZeojNMrA3rbIJhbCJ1YbHE=,935.0
consensus_latency,M2lWrywW68lE2K+23xWenBGRYFtpbtTlpa9SYVV4C+M=,935.0
consensus_latency,PUQdmcTeJG0MtHoAF9dwzgjHHHsEL3V1Q8Ici5k7jIs=,935.0
consensus_latency,oO7T9/RZkaRZHz+lphfsndSjCArtHJsp9cF7bnLkC2Q=,935.0
consensus_latency,6Y/I/u8cJ/aDnzOY+e04HHftRzOxWW0uywIDV+dWEcE=,935.0
consensus_latency,IVPbL7KKeEYM6afPzNDWGIlwWULaZDuH+59ptyR/vjU=,935.0
consensus_latency,X5vsNtWh1R0mC06588CI3H6vuP/s/g7I7eL+YVO3wOU=,935.0
consensus_latency,cpSfzqPraUvgck6kgXhBtKNti7/roaCMp6sny+qbYVE=,935.0
consensus_latency,tKgXczEkrj4cBGvjrYJk8qurShMGeYAaH4ruit8fdC8=,935.0
consensus_latency,KEbui/T/8DdbtckwTEPU7tL2d2x46sR/yst7kFyK30k=,881.0
consensus_latency,TpT/fv/BmtoTEGN8HBNy2wOq1PzuyZHorD3G3ZpTLA8=,881.0
consensus_latency,FoDqwVxE+r64ZCCULwfJjkADcAMPypcqq9s28Vb0TlY=,884.0
consensus_latency,HI2ouFouneSqC+4YYO6MHF/zvmck7xxYIqn4GXN9+YA=,884.0
consensus_latency,KChJZ4YKv1ms2BhFa80dGs7ojSQdWpNG7DTZO4DGcJs=,884.0
consensus_latency,fvFb2FMRZJ8drq7290RVnY5WSqjOyUo3ZOv6JdvBS28=,884.0
consensus_latency,iGp2aJ8yH7bpROLg1fDuSHkje1IEgfIdK40wTcWZ0e4=,884.0
consensus_latency,l1xfoqHoebGCQNaRDzDlas9AwEENpd5tJqxtAGOvB5I=,884.0
consensus_latency,rWK9ppYOuUNxwKmwPPxkh/FdKnR9VB0SMQkaiSM5TRs=,884.0
consensus_latency,s9FK83rXZBmFs9o4Rxdf+GBkEvmx6nl1KLDNc1javMY=,884.0
consensus_latency,vmx5gqsjzPL2B0jE4F+nnHrbMGHEsLc3ZqwzmrHj6lg=,884.0
consensus_latency,78ir3S9xrI8fDyTjZQ5VQqyF8rMurDbRHsaFfQoVggA=,884.0
consensus_latency,bbXrkZ/eweIxsIORiwoVF6czp0UrTDRmG9k3BNh7b7I=,932.0
consensus_latency,rGtJH+1+IgMzTytRriyTuQAp+/tborFOD9A5/r8eyLs=,932.0
consensus_latency,uyTq/42iEjJX8tHgJ7qy7cEaEIDdb8rKE0SQjw++Iow=,932.0
consensus_latency,zZoL2LFCg+/hpOt6mzSPbdt5uU2kUG/LgL+bt74/mCc=,932.0
consensus_latency,Fe8Nu7Yeut+GsjCp/lak3SfEY90Zj4c0kIXkDkEmglA=,882.0
consensus_latency,F0o4U8toVtx4Qr4AjR91Z0rhBjmCwxlCidcYUtaJT2Y=,882.0
consensus_latency,ZvHOYUTEO43rDGWRJO00smWVhEBVhsNgG4eIXKkc+2E=,882.0
consensus_latency,hIcFAg54GP+luE1ZeSb3ae9pkjbl6a6f4ZwE8Vujk58=,882.0
consensus_latency,1kG6rQLpmbBpIIxNddHdJaBX3KhgTocx4VpaTmJ3Gio=,882.0
consensus_latency,UXmebNvKJhM7AjRRX69RfUzXwpep7AUr359m0UIsQRc=,849.0
consensus_latency,qFof78mSb51qRO7DMHNkmoQiUjuoVWtBM9YFFQOEp4Q=,849.0
consensus_latency,XRfypWRPr0AQXXq6txM2KKP3bRE9ipwAj2Vgg+W8yTs=,849.0
consensus_latency,wfm1d/GeuZwv91DP0Tl3l8vxFmbM6Q9qfDZo4b1PqRY=,849.0
consensus_latency,HxdAlfk78mU24BPZpDoJsT23AMrbUJMVbfe7ABDHEfU=,834.0
consensus_latency,0s5ddBhRy0Nnqk7v1J7gXf3FIKBBDYZPTtzijB/fSSU=,834.0
consensus_latency,RareWG1bJBt1d76/h4CZ++74AvCiKNFuMbFMQyWSvEo=,849.0
consensus_latency,3h7Bkm0Y/qg6/0xz1QB9z9lVRlRyMis8DnuziWbxNM4=,580.0
consensus_latency,PqGCMLkvQGmU6jSBhSfE1+XE2IsXnXWMbJeR4Vp8ZCs=,1555.0
consensus_latency,30VZCh+sKfNrvyi0jQOLYuc8TgG4fhd+HSDxcxjtraw=,1555.0
consensus_latency,IHFKBKKuYN7hU4tN9WGA/0mXtc9QfQo1hzaw2epqCJM=,1296.0
consensus_latency,j1bbuf/8sDt7axyBpAZqKlQxxayKLuO48AXxbkYzX+w=,1296.0
consensus_latency,VHa3R1xoOyvm3FVsoEd4jgYhZAoA/EUVJotO3Re/DnI=,1215.0
consensus_latency,Xa5umBJmjmGpxvr4ZzyL5ixRumg+V2RpFKynQ24Cco0=,1215.0
consensus_latency,kqeVIqNqByYy4elSNvcVPmf3IPErfeQWUIDmUo/obsQ=,1215.0
consensus_latency,zK0kJjbvUi5sf7gBVbcXb6pWISZlC+H4kfvLJqOrA+s=,1215.0
consensus_latency,4Oa57GeGc2+C8WfeTmaWf+GtWNEEV4l698gHlrptV40=,1215.0
consensus_latency,MVsPvTM/qca28pfqp9opUEvWldJ0hnkY/7n95SZxUAU=,1296.0
consensus_latency,Nhp5h00TbK8KLjAtxT9UuWSBL4g+uao40TVtsYLPKlI=,1296.0
consensus_latency,iDKtkl5PpEXGsEBbkAXQBHqOS4keW63lMpps5lE7fhU=,1296.0
consensus_latency,5FpBFld3t3c7sULXzYEHucOqqWB8nb+CtKIxQkTTO5M=,1296.0
consensus_latency,fpWEyQ/KDv9ZdKGvTD669LAkf3znRebaQKSgi+Zs/4M=,1295.0
consensus_latency,ZiTlcFqhYbrC7unsJSEf1AMUw+RnrlaoAWCjTEKZul8=,1299.0
consensus_latency,8AioNxRcUt5QGa2AZIJx4L31PDsGVHacucelIkvLURM=,1299.0
consensus_latency,DfZ3SQRPIYX2H/5mrshP/L3wv+lrKZOfk8bJpz+oJJ4=,1294.0
consensus_latency,ErMGismkTwMtOejK7KcHwJ+LkWcZP4gTjrC0FNDs0AQ=,1294.0
consensus_latency,jLQe7C9oaict6NFhKcFINLpCQKbsk0NejshgwZTIr2Y=,1104.0
consensus_latency,kenq35Gdg1Z36H7UauTHa+0pKQqNmYA0TX1MgC3SoIs=,1104.0
consensus_latency,lsc3KOLUbNDAPHNIL69Fpzub/FTuZuGd/65DMNG76zs=,1104.0
consensus_latency,GKZh+imucf0q23Pg+4N5WdzV1nUZEph0RXVzKhnndUI=,1075.0
consensus_latency,LfJpPg4chfTZoimQyp7EBrbeRh0LMUtLBb0XD0sWUnY=,1075.0
consensus_latency,MppcpFDdRgKjG2joE6sJWa7to9BYjynvesr8OkvRrNE=,1075.0
consensus_latency,OBw+v78hGxo84a89eX8an3Uy3EdL3sklhIp342w5rNM=,1075.0
consensus_latency,Ppx2vt9mK34N8uXhGls/Xi2IGcjeXxNdH8gT3Ds7iDY=,1075.0
consensus_latency,Vo6AFNl+ilk/Te+idktUd9K6svzfPq43URQwewQvvC4=,1075.0
consensus_latency,YbS/AwWKUIbWer2joljS7v0oxca3DHopugwoYMxRzOU=,1075.0
consensus_latency,dNnn3WVOWEcKgM4nU3yPFqj83vMYeC0WproBhbFOj1s=,1075.0
consensus_latency,eQ8p2S7E9DnFgWEnOXELoiiHn/Te/NPKAN3lDFY5KHE=,1075.0
consensus_latency,g8XboNSM9KI/VUhuqVOazzldEhM7EU5nvWHlnI7bTcQ=,1075.0
consensus_latency,0PZ6JyzX0JuzlMk254FNRfmttwmxMfMXfAWRuXUrUD0=,1075.0
consensus_latency,1cMeh1Axh1MhYdobNb4Ki1cbwPnLSTAAA4uUKeMSM6Q=,1076.0
consensus_latency,4fUMgMDs1uGF200gQy8jzmUfB3b3ERy5nQA0bL0mjwE=,1076.0
consensus_latency,Bp1xvTXJWWwglx6cHr8s1KBd+XZbcbt8NIA/V8CHmYI=,1107.0
consensus_latency,JD4vvq1PFu6nDULyq7CT/NYhiq9K0ukpVtMI2Lma/48=,1107.0
consensus_latency,MsyLsOv9qK8gVkjIAuO83pC4D4nbczIaxhraVacNKxk=,1107.0
consensus_latency,Zhr1kEGylDZzo9/RXUbrx0balREbGwVGGST8GlrMaXU=,1107.0
consensus_latency,ZlmjC2w7PU2o8O7vHGiaOlNPq/gmmmHQabKNO6NuK+Y=,1107.0
consensus_latency,ae0uNvKQXLEy1LWBVJj20nU84SIqIga+gRtgf32xyiU=,1107.0
consensus_latency,fEyp4RfDU6E6LTp4MTb9ptCUfIvK47I2LjjQp4doGNg=,1107.0
consensus_latency,jS+PfKl//MVOoUPf0zwsRCRBCKmVHbeoxw7cQvaxKMI=,1107.0
consensus_latency,u4bp3DawJFUCG/F2Kxy4vpljPdC3mJQwbOPMIVHzmiQ=,1107.0
consensus_latency,xWFXmPFyC4hvUr6ujCYQCVraDeGypGcugWOXOZIVf/k=,1107.0
consensus_latency,31Cf9YQqIxZ8hbohdcAl+FYqyO2A9ZnqKYKMfIjNtaY=,1107.0
consensus_latency,4uWbK0PiiGiVabGM79yrNbIWaENcS3fBGwlbnyyVdy8=,1107.0
consensus_latency,KWtAaklH4nvcDTvEwcjAqxuTBo5R2W8K3Ixi6NNQz2o=,1076.0
consensus_latency,T+2gDkYRr3Rb0U4Y2fYJAp+Ad+fwnyU8sFtv7+IQIsU=,1076.0
consensus_latency,qoeakbbYs+EbEvPAU43kKlQzACATVyjef4cn096yIiE=,1076.0
consensus_latency,5M0TjuYidGI7cLCUjo9vFmkftGXFLAVsiJR5m83w+wI=,1076.0
consensus_latency,D8mNwrawRQn2QXd7XB+mg8OvHYHoTbKJ4RcApeeXO9s=,1106.0
consensus_latency,RPwR5ap7ijiDba0v9CCy6OXaUJjrdY31ubSqrXaCY/8=,1106.0
consensus_latency,ssvpX8GjoVBXUFoPkf56zKDyzKTR2ZDoY4MXYsvf9dA=,1106.0
consensus_latency,Ug1YoijZlJCJfx8geoT417upIXF2yfflDqgx3HVgWbU=,1105.0
consensus_latency,YqBw+Iks/AYdx1tAzGARSQsh+oO/0JF8ORur43zvhx0=,1105.0
consensus_latency,/ZM9/aLCAlvD1aivZPg9OLORlNe0cD6TWqRKVvqWibQ=,1105.0
consensus_latency,QEydh+7NxrhzogeDrpzMinkBvRB2m1bbyd98gC6/yBc=,1106.0
consensus_latency,dt6yqRh2E1Uu0t45lm4+n5kBQiV3D8tpbmiZ3loLzpU=,1106.0
consensus_latency,mujP8MjOZdLDY3HpB+btR54LV6HJwBS11OTGCsqRFa4=,1106.0
consensus_latency,6LmMakMuO5fg0rbUAVrIOqm1WdJvdkP+2Nl9/f0ahh4=,1106.0
consensus_latency,9FuK5f++bHiHTQJCh4Uv0VGDkAOB1NN/ZaXrCBuyVxc=,1106.0
consensus_latency,o+M6abFfmvgoJELeg/sJVM+M3zL+cqZIjcwTte1fWHw=,1028.0
consensus_latency,tCjTlA2yg8KDFC8CtyBjXn/TdP7DWfxVrJr6wsU3Xns=,1028.0
consensus_latency,DpQyPyKPNhrvaelf9DIOAb7rqr7eBl2RQ78IC9lbS08=,1032.0
consensus_latency,roC8xLrvkp68NevyNvW6Qu/ypmP14LfaapeJ+AWFoGM=,1032.0
consensus_latency,hovvnvHZRJykEv4on7pmtNKeMKqrPpYb+M6YMYdbxqk=,1028.0
consensus_latency,GnwyPebbjzRlDQPlmuACd0X/namM/3aPudtLDF5x/Ws=,1026.0
consensus_latency,Tzz1Lh+1aH1JzCOx8ZufPTVEhf7iKJT4UlfyfAk9ib4=,770.0
consensus_latency,bL51MxbPSaEkAg1nn+yOSJUaIOKLKzI6hZYIknyaZ78=,1261.0
consensus_latency,2J91uvinfm79jebKDd1sH1J/DwQAr6g/1+W7tYLV/K8=,1261.0
consensus_latency,M12rDwBVBf6eZbDv93uW2Kf9eepxsnkACOVfhIsHT6A=,1258.0
consensus_latency,5C97esXgdpqIzT31QWurS5EukvNGNt6eMX7+xdTHv6Q=,1258.0
consensus_latency,iEULdY5tWBi+uBBdQdxTl/3XMxz+vls4My3uoSENx/E=,1007.0
consensus_latency,OXN7l25rVCtOF2TsNtHxFjHaJ3NTmhPgsNVoJ8yfJZQ=,1012.0
consensus_latency,7Z8ERTfvm42IDZP9sEuKq3NgaQYLBQvlH4nH2el8GnE=,1008.0
consensus_latency,sze6OxzPG96+fCf7Bvm19COjgrfZOAJ18IggRkXZLwo=,998.0
consensus_latency,HJYCkesXmCOriG5ZSH9NQUubm3i3inQC93bwpa2EJ9Y=,813.0
consensus_latency,RSYBoQIWZp56cwHw1R6EHz66vI9EFQKApZmrrH2TNwY=,813.0
consensus_latency,lUXYMlTkuHbfVfJCMbL2OaxLv/Hh0eHBuyOKJGm4sic=,813.0
consensus_latency,oJESkeExgqdlzK0rQIPz5KLSLw0dyjOU10RhM+l8BEg=,813.0
consensus_latency,3Cd5fWvGgtsEhjsgz1BFvuciNHINZv6AljeLjtGb85Y=,813.0
consensus_latency,4NUQLyw7+Rpsbs1aK0WI4zxmIkhjxw1jfyCQyj7LgQA=,813.0
consensus_latency,6LriajhTwXEQvWslEjnt6dIyipPTXmiX0MFNf81PCG0=,813.0
consensus_latency,aDZvJAQQxaxNPSomzgH5csyfgSeDaOvc29ijHnER6Mg=,761.0
consensus_latency,b6l8ytvQtYo+bnD0salI425Ad0IGzgIKVdAp825dt4A=,761.0
consensus_latency,AgR3dA2X0xHwBn48EN49Os+t9xxYgrjiwcgC9ckEYt8=,815.0
consensus_latency,FiwSTcBM/NJ3hpkZsnNl4rdKI2c/fpXTYz/ogofqPbk=,815.0
consensus_latency,O0puQs30Mt3wQtyQdy8+xJFont+pZril9USIjFDcDhQ=,815.0
consensus_latency,rlFKXcuPtVe/GwsxwWO1J3MY6A5j1MGLVoIRGxSzj6Y=,815.0
consensus_latency,FEOLrhsRM3WqQF7XI2sK0ZxmTzVo9MpM8RgaLMaBl3E=,813.0
consensus_latency,ZAhlHnoKUDLsFwzuPbSz94InLjR4giEi7eMF3bf/xqA=,813.0
consensus_latency,pgx+lbe9uSrvW99ZJaxTa3OPteE4LzmHzQQEeGBIdKA=,813.0
consensus_latency,H9kc0Vl4EMMkSzVVbQJ2o2q96K6n9MNLFqsKdlTBNig=,815.0
consensus_latency,K1UCVDXFql4drsm55NfjEdgqLtbOwdzq4qj72jkE1zM=,815.0
consensus_latency,gOTxEhBMle4OVWSNDM49Yto2l1xbXn5ktrp0A6lCQEI=,815.0
consensus_latency,yrunIlmRqGqhluwTyhw74PsytygQheJ7zVUR1iVCSZ8=,815.0
consensus_latency,MIJF7MG1WGtg8MZ2p5067rJ4V3Gp6XOFB7soTMHwyT0=,813.0
consensus_latency,dIb0t3qNZwLOPwUHJiF397g8ydsGwFONECTyYXqkAPY=,813.0
consensus_latency,ixrIHLp3ovJLqA+3TYx9fQHQz2qX3T/0TxfIe5epheQ=,813.0
consensus_latency,rXmwzOwb7ILAy0FsXwqtGoTRYs00fblV6hTmzUA58iY=,813.0
consensus_latency,siXUAd1cdYJwY+btl9kJEcSPJ7wrZ7Vu4b9x7Vr7sdc=,813.0
consensus_latency,HQtRxb7GAIBsMk9xDUUwwHdA9OXXoCZJeokug8qRp84=,762.0
consensus_latency,gBr2P4xmF78iB73WA143ua9HZtZ8aAB/lqH8els/C0U=,762.0
consensus_latency,ulHMuWPq/uiX8EvMOS8hg9J87u+k2II07gXWlMQ307s=,762.0
consensus_latency,39lfK7R0ci/TnXvhWNBrO9WjR30UMuaSZp/Kk6yhJI8=,762.0
consensus_latency,igCFVNuBKKClMB9YNmj8tFOdd9Rm1N7R/zYRoEJhbNs=,815.0
consensus_latency,yC/hM+zNmQMnJNwOOZvGi0Y28vsB3wR+S2V/5XPAwGA=,814.0
consensus_latency,7lZRvMDuyYT/jLLm8/TFEs3E3Z1cFjNBHgpn0ESDXHk=,814.0
consensus_latency,9XFp+twa7YOKJJI2bZOV2nR9Z5/XhFhA+wMgzpRNp4U=,814.0
consensus_latency,kFiyg1G9AUwc/iKCJX+yANNc7awH2Q5aF+AWF/AFeog=,743.0
consensus_latency,Q3E9RU/SnyidhJBajilKQc9GiewaKIDCm2Hqw01px7Y=,743.0
consensus_latency,FYVrnsoo82WapzKYmFe/i1nN75La4Nyuee0CXnDm+BU=,744.0
consensus_latency,keUr2RRG6CSxtldGu3mEwnp7K3VmMceP1SU8cstO4/A=,744.0
consensus_latency,k12YZnlCwvnwe0LGyznm68HIfNgzveJ+w5TdDI6q1qk=,743.0
consensus_latency,YFElt++dPi15utG7dmwx7EkHUYYF1lBOpNO3izMjNMk=,747.0
consensus_latency,sXlxPrMRt56rNoBnqJtIj6UKLyuk+ACbD0O0sqNCqLY=,747.0
consensus_latency,jIlcZimV5Ug3oQI51+BK4rLhNbvft6uHNr4gpyjuqVU=,713.0
consensus_latency,PDhV7BKbiotvO4uTF/uJ9hMTkuUK0mmMYOkZBW01Hi8=,746.0
consensus_latency,jjlZZkqbfABkF3fObu9Y4GDHK0oP6rZ18MU6+dwmln4=,746.0
consensus_latency,MEkaqERakGV7syXJQ7X7x+Xf0dfqIqy6gGoYzbdmx8c=,448.0
consensus_latency,UlBVvFtUuBTPHqhN1TW5c4vas7SewG+IR3reDbKwQgY=,448.0
consensus_latency,Bh+BKv/6bgZDPIYhVi8hk03Nire6EXyqdW4ciHEQPCY=,936.0
consensus_latency,+oU6hNj3aTjJQ4hxRWsmzqjYnv4nLIWHvplTYc+67Jo=,936.0
consensus_latency,JHN+1pCpULMx+x9OmY0EMy08HtxLfYTrxJF/kEjZTRY=,936.0
consensus_latency,zRixuV7/DzPnDeiy9iuk4ui2qm5SBMi0qhJbO2sWeGc=,936.0
consensus_latency,OnJ9nXGTSayy1CdmA3bPCisSVvr0DCGfDcy1v76/HCk=,939.0
consensus_latency,NY0QA3+g7etDKK1SPdDHgT1mfzZxsjw/6fihjSFIqfE=,936.0
consensus_latency,gZwpFF1qf93JYlrPP/Ylf3mUB+KB2lKwAxefjEaQC6U=,936.0
consensus_latency,ODDkmSXmWRjJBWYaI8tg4FPrk0HT1q4sWUFCebeiHe4=,935.0
consensus_latency,PW7DJ7YcBerWSmsPIJ3PkZ0DopovwYngUo31ROM4VaA=,935.0
consensus_latency,UrGS/vIo/rjRrhi4Lr4DQ51GRsXoqT6D8nlJqlGg4QI=,924.0
consensus_latency,CS9OEigu/iVCeigkdoVbZcUpjmBlEtfjNQgB7NZmLuM=,699.0
consensus_latency,EK5oJmfymecqg7e2p9fSHbBSoDMJXDe+Ua8bREgjcDE=,699.0
consensus_latency,IfGmEipME+yDvs6IrCeuw7es7XD/y8GT0JaubfIcIo0=,699.0
consensus_latency,MidUtKztOc3iXQFEv1IFRLCf2ruhJpi3CJ6RlGoLBh0=,699.0
consensus_latency,SR5kGejYZZd9Owx7hYvekA4kT75+AmBVonC6g9jKdXg=,699.0
consensus_latency,t2pnnFTG41uYAmmgWSMhMmMYaXyccnUKQrOTk9mTlgQ=,699.0
consensus_latency,x9XFvDm1dhG6aHKWo6BDigfQ3+i9c+wGVfsheNVNlOs=,699.0
consensus_latency,ywhumTeSfmZz3fuLjNICuYmhr1EdqMVhnotsSHRs/s8=,699.0
consensus_latency,1UKh/7T48zU8S9sAWjrnrdU2ziQ6m3hPHIj/XzMI7HY=,699.0
consensus_latency,5dr0Bmzab1mpz+ysrlOjgUqAWXevJYW1sUZ3PgSWHdY=,699.0
consensus_latency,6ka1PhxBmPx1ZuYBV3DTLpMj44HNB8gfQFzB9sWL6T0=,699.0
consensus_latency,7TpQhv6wtgR4Tz+4FluybwaVeZd07Unmm6MzZoVDQOo=,699.0
consensus_latency,pLMaOPKhY+xPTsoXr1wbpcfYCi/97+J7VtOj8o8MsGA=,735.0
consensus_latency,qrekmpbotuIDzMuaoXaagrVal6VLvMFDVwx+Ab0L9MA=,735.0
consensus_latency,4Oe84LtzRuF2fPx2AiBj4PFBZ/tfXboAZ3ptfQxCqOU=,735.0
consensus_latency,B+nTmWevIwv8JfPpN88za8XWCoUydi2y7Dzjfcsk54I=,735.0
consensus_latency,dScMX1/GtGDgkfP6mvKrivvm7eISg9UEMIENygqwzYw=,735.0
consensus_latency,wZcHyUomxuGkzKvRcjMYahPifruFue/quUHxT2KxTOg=,735.0
consensus_latency,z5eVXYtY/dd68eQJnFyM1LCJKHtRXadmVq2SgbXm8TA=,735.0
consensus_latency,IHvkcq31oJBZvbAyPklxzlx14ou7RZPwWdyO0hEQnak=,734.0
consensus_latency,4L03mm+m26TVVtSmTF0ARDWwaeA9iE9pWp+x/007H+k=,734.0
consensus_latency,57M0LXfPXINuNsYuR25LJwiULFtEE7FYXAQK4fnXGA0=,734.0
consensus_latency,K2zSJkEXuER4cU3vxB6ESnDX/GNYnHoLiTWGhnfGW9s=,735.0
consensus_latency,oJPSWE1OmUwCUMFlVm+09xOOgZcYWeq/YkGEgPsqHpc=,735.0
consensus_latency,r2CUxJWf9RTh+tecxpoKqYtrWr9rH4USZ0dn7Fx7Ays=,735.0
consensus_latency,6EPfHfijLf6Rai+4QWQCGMu2v2P2F8WshjE1l4nscwE=,735.0
consensus_latency,FjbZukCoj0qt1IK0n40GUanj+ux2d6bP2rWOdlkJ9Lk=,734.0
consensus_latency,VSu9SQejYS1Pb+hvCI+DimspFh3MnYnhsB8x2hE4+3Y=,734.0
consensus_latency,savxIDNIQc4/5uyuZDEG3werNC9Ia5G8/puJ0BS0Ofg=,734.0
consensus_latency,8uES02eI6dKD4vlizgvjg3Ldyqe7t0ZI8ChypZj/z4g=,734.0
consensus_latency,NARNiLM3N81cDk08gJZ5AzUI423FK6fFY5mF4FrNmaE=,701.0
consensus_latency,bPVLMGCRiCA7/1ALZO4fGnmEYQJVbS3A62rEPFzAlos=,701.0
consensus_latency,nX7jEkC8YsVFcYQ2XXeLazGZ9F2mbDfwLAN/3XKLLW4=,701.0
consensus_latency,1zwgEaJI4jK+X5TlQT2DGfwVsorSuHMx4qVxkdxKHWs=,701.0
consensus_latency,/xigv0lRRqEB3DWRJl1vZG9Q61P48JlmcdYb40nYGRc=,701.0
consensus_latency,B+X6LC6ybFMX2lMxOl1OB/QvjBvtuGMMfkzGtV1ZZvQ=,736.0
consensus_latency,Kdz9mnZ8bTlE0LnyqkpCK0Ahh22edDD03u9vMXPjkWk=,736.0
consensus_latency,1KqFl9wbA1mi65681ghYk/UBas4hzkWvyRLpaodO/oE=,736.0
consensus_latency,+5L1ngzcyFj0PLjn8Nf2RlzNEH2I9DjiAid5mcgLA/g=,735.0
consensus_latency,D+oLAb4XEmd79xkSF//EBuqObztAq69bqsmF4VUe7MY=,671.0
consensus_latency,ERIverpMAh9muVr/a5vtB2u/kjucpDPmX5yZg0koWlI=,671.0
consensus_latency,oY6fML0hLfZLBk35HrPAExupAPzgfoTwmSm6Wre72Ls=,669.0
consensus_latency,42jlN3itlwx9cDj4CJzxl36OXXn2x4FO6nHas2lAgHM=,669.0
consensus_latency,DiVrn+QsyF2h3+QoK8dsSgf8+/LRjmQjCPTUzhoDWDU=,668.0
consensus_latency,qhA3Vdtl6m7i6NCUWE4ZDBjGEdjuV4ApBplOEQ3ipXE=,668.0
consensus_latency,I9a+wE+fyMPI8G1ItB/jC5Xbds4lDZ80ju1Wwm3bobY=,407.0
consensus_latency,12hTN3tRZHOIlF4twebGbZMXhYNR41jw09GD4HtK8Dg=,1274.0
consensus_latency,sZtRAq6+BEFkXtB/nepAGK23v/WwIpKOS0S5IOqvKIk=,1271.0
consensus_latency,bHAeLYKD/qybzdiwBGT/D4zXnDzf4Ta57/O40fPoNlQ=,1009.0
consensus_latency,g0KxdZ8C22ifqdatL+LlzY1GgXgf8Jwk8vo7BgAjeFM=,1009.0
consensus_latency,Fd2itR9twF37CQzk05BL30vJSw65g+qhd2er+L0xsVU=,1011.0
consensus_latency,gj/HMAZFu2oOXrTp+Vi/0DtL8NsXV+E249pZdQDMaHY=,1011.0
consensus_latency,Dil8LNeBnmhPXhKEh0U/U7dWT/RIVz0UpM969SphD4k=,1035.0
consensus_latency,GZff6ZrNAx6+JFHmKCNL5hUKPtkqzzfir26UqYHOits=,1035.0
consensus_latency,7JoCeaD7YMm7k29YkuTTrVCSWFHfjKYzaBAzJYC8j4Y=,1031.0
consensus_latency,72fqMK32vrkseFIXPdMxQlRc7NdR+H5burDRPZhOlE8=,1031.0
consensus_latency,62fKhm1j2nsQAHmW0RuHJZ8owuSnuMCjILqEAFUEh+c=,1031.0
consensus_latency,8YThSUiUE2YNIdE9H+FODpPproSQOxqucMTnh12xBFk=,1031.0
consensus_latency,i+ePB7vxHzHwujlSmr5TdNln7+8R+j7yTMsdW63zlIc=,1030.0
consensus_latency,UC5xnOfurP/lA6t1y0BMfjy7MuJPwZtu9FD5Nr/ChJA=,1031.0
consensus_latency,Bg0cFrvSZ99Hz1d6X9Zdb1v2mnEr0m27yrJsJs2m70I=,823.0
consensus_latency,CP36tkXohIwxaxdfjbncQ40v0o9IXjlIzayUGZB7OlI=,823.0
consensus_latency,j12RCNR1veSWJ98Cr51GKHLBU5olt7L47oYI+0CCQqI=,823.0
consensus_latency,4osBPxLsVn9p4kP8tQgrb2YPHbksW/0XODrcKBebBZE=,823.0
consensus_latency,XlAPQLcxp2gDkWqDwzDIzFfRD5yEVgWlN7NpraW41VQ=,824.0
consensus_latency,hR0eJxUtTpfu6srZ7kBUjPswPUW03kK8sztJDpFfApE=,824.0
consensus_latency,q8SJkimArmXOFHv219KOeTRer/0zkvbjNYeJ8ElcGPQ=,824.0
consensus_latency,39DCV11IxFZr4it84qB2s2Q1ZYGfoPPmW2odevZT02c=,824.0
consensus_latency,Iz/24sVqAwc9D2reMy9UacG+aX7G3pl3ijz92Kb9wsI=,825.0
consensus_latency,T/awYNLS7WZ/oXFQVM+Moy6O/DHm/FbLIRn7gIVBmgg=,825.0
consensus_latency,ZLEDWlVP2V8SAqgMqFTMpBI2eesi+OWmJc8ASPN4XE0=,825.0
consensus_latency,2zu+PPmvqRqoqYmusjFagpiJtlmOsUNw3CWbWXble8Y=,825.0
consensus_latency,4LN7P5hH0U3aPgkXGxZkP/18GSrlw8xeEgEoaNeKZtA=,825.0
consensus_latency,kifLjqqoe9jHt+AzmRTx1mdPgkNpETT/EK5y7ZmKfTc=,774.0
consensus_latency,4gw3NLRALlaOjRcIx1CYGQ41AQbh5d3LO18QSBmKJHU=,774.0
consensus_latency,iS6a4M5lJaQHp3+jXbYYEC5pQ6Slsulpg+4AvUmJCng=,824.0
consensus_latency,lIpswUHxLD/0K9juI3f9ABxNB2DLK0mTeIPj7lnTk+c=,824.0
consensus_latency,paann/iCijSaPZSBdsb5prjPTNm2oezx5e6ycTq3unw=,824.0
consensus_latency,u3zTlVhJ8mIRgjLxIWPS5X5Pg7YSRSCSmbMRdCc0TWM=,824.0
consensus_latency,BLvNRbqXNwJ6cK2WYKBVDsAXHMyKfjBQeGbYUwUARkQ=,775.0
consensus_latency,HarbCzKinSZvPuRephWIRyx7Rql0gZ1PGnklk2f/x8E=,775.0
consensus_latency,H22bdZxy8PSw92/YOWDLpBMhVReIz60BBzyYA0+bURU=,775.0
consensus_latency,I27tMEqr7/g/81zncRcj3YaFTuSd2UkUIPmsv1LrSeE=,775.0
consensus_latency,MHV+4mtut3BVZVQf5jvzUTl906rEM53w0ordgL4fRCM=,775.0
consensus_latency,U0kJRLhgD0cCJIqqfWXoLVvo4ovmevabrYqnMPU0+CQ=,775.0
consensus_latency,YT0pIGuwQx9Ur2NSVSO98ZkXo3qdDIr0ekzcXnnXwwA=,775.0
consensus_latency,bBIE2LbSZNiJU7NXWeGwNIHiymU6W1smJK3wjVjaLbM=,775.0
consensus_latency,eF+Pj4UpJcXXY5SLgC9f9AEZ77aUahebPZG9GXB/sCs=,775.0
consensus_latency,sHRfAfM8TVl3q4gYXfwUhDhU17GA4O5LPkoPYayt+P8=,775.0
consensus_latency,t0vhTH4wetNVZi9NzQ76RWUF3hQpZ5dXS+4vv4/I3Dc=,775.0
consensus_latency,uIO5JS9ZqiO5iKkbe+c6Lf0svcjgcUaSJGVJGgaVZNs=,775.0
consensus_latency,w5RQysAljvRLqllkPrpWhePRV3vTlFoMIBBN2Mbpl/w=,775.0
consensus_latency,4UPoG+JXvSNIyahrZtYRgtSHUGQkjIq++rF9FiSuX9I=,775.0
consensus_latency,KyQalM/MfWfPNPOxIBife4KfJRRFqwvFOwmU0igAqRE=,823.0
consensus_latency,K3+mHyD+0y44bJhTHNToIMqBxuJYUFx+ZMs01U05qmw=,823.0
consensus_latency,YZ1trTWI6gBCbQWLF9BII2f/8JRKGEdnwytSMOKnmak=,823.0
consensus_latency,hDT2GIhoWglA/cXExZV3dkh8D2mENfpibLKoPS2dh3g=,823.0
consensus_latency,0EJDqcJeqAxNH/OwvaM0pyRh78bODB9wO2fstBhrvpU=,823.0
consensus_latency,2fUWHC/o5xzdSu4f1vQyrPIUD3cV2Mcp5722xeTaKKs=,770.0
consensus_latency,bILKxL0YJmZi/dH28t/UsJdZLj8lIRVP0z2X3VpIsxk=,1472.0
consensus_latency,7Lxml0aBFSR8WgI7db9KgKgCZ4d7rqscCUl/SvGX5x8=,1184.0
consensus_latency,+qQMgq9NgvtmUTfxbFkytX6F1Sg88G1tlm+8mJoZaFE=,1188.0
consensus_latency,FAg8qCRiai4RS06ehMwlAO8si0De659rYcFAndsyOfU=,1188.0
consensus_latency,G0lIZ8Yvv0KdvpW3ryKrqFg+OgYQA252TPzUEuERpSM=,1188.0
consensus_latency,78VGNPSkIJRLHdbcaseKAYpMBdYe+4yPmO4wjAx2JJ4=,1188.0
consensus_latency,ll4hDaviXRO8vDXOgh5Ps10geLQLgvWqMCWdC+NohM4=,1190.0
consensus_latency,GaguAHvYfaRHeorJRTZZZvy2Ln0iQfVnPM9tRwjfvcg=,895.0
consensus_latency,gtSY0vzv4r1SAOf7r/m4NpNCclnbpg6bItjsoFFGNOs=,895.0
consensus_latency,pzAigr0A8znUROffvVik2WaCbzRSJbwPoNR3XHRabMg=,895.0
consensus_latency,0+KmmXo9NcLTGxBBgxYDoWLp8FDnUmtwZ47MvupuEU0=,895.0
consensus_latency,6+7TcITEP4sawIhIbj+deYP9lj7fO0PmHis2Li43IZU=,895.0
consensus_latency,/qTOqBAD1939rj/27yXmd66EOTnbUO+8T8BwYK+7ggA=,895.0
consensus_latency,CUcnStjBTKJVzF5KIIEr6BqVVPiI3IXJF0eqbuXoXFA=,896.0
consensus_latency,OuHRfpweDKnpZruLDYgoMuh9b2KMQYwRsZK4c0A8BJs=,896.0
consensus_latency,RB/r3EQft4la8WnEkJUQ6Nzr2RItFoXGnrrLtctA4Dg=,896.0
consensus_latency,k7paN+MfrDGcdUkd7gB0Hleo8rlaQJMwmA60rDyTBYI=,896.0
consensus_latency,4WLuu+RU5I6py/cS+lj0/XN5ivzHMrU7KdEb9sxRO2o=,896.0
consensus_latency,D2GXnVSJhd7eaTGswvn0O1aQn+O5yFHbP9fiX9zKm/0=,896.0
consensus_latency,KS6rPAo70JA6tLqc5Eh7Ufy0Oatj/Kj5WVkfP0cbe2o=,896.0
consensus_latency,YlTZ+/k9sB37RFDC4lsFAHU3fgcStY3BsJ1CcVy/e64=,896.0
consensus_latency,nTw4z/Gi58Yzv7RD+YZsCAjwtbNG/3Lo056dsz45h/8=,896.0
consensus_latency,xTV6gCbzBskMRVmTgyclo4Ub9LWQFf+BmKYRPAIWoWg=,896.0
consensus_latency,32n6ONSC3VSMQbirtHEGx7vaswCgpFHqGl4P8Q/cSQk=,896.0
consensus_latency,IJwxGy2HgUNoSe8JKEJVkO7scNDORh+mVxiYcPzxuXc=,896.0
consensus_latency,VAADqgPkBdRNn8cIUUj5tZEfFr8oCfMF627aPNQFvKU=,896.0
consensus_latency,uP4pvSyngEiOasaC1dyLXO6n5TVtajaz7mBJKSd2bq4=,896.0
consensus_latency,x1eEnRMT5rtdGQqj+JzKlsoQDTqiMtfUIPsgkNx+vUI=,896.0
consensus_latency,+oiXfBexiV5IYHwMSkGwLx1Kv+ZjVjLdiVQX2yOXjQY=,896.0
consensus_latency,B9ivTSKWf+8jr6WOiHEJs7TBPsZyllepGUsgm8ofsBo=,948.0
consensus_latency,FDU182aVEPfzoQbGG549i8PMVd/4Rxsl8+kVXNZtvk0=,948.0
consensus_latency,Fj9vFJFmqR9a/bXoxWLnglYFJQphCCcDShPnJLsnng4=,948.0
consensus_latency,PBtPchGWhJZteDYM51X3XID7uKrzWepjqhcJL3bMy3s=,948.0
consensus_latency,PQ0rKutjc8TDYHcEDbpGJW7aAHq4yZdR6SH5GlSat8I=,948.0
consensus_latency,PTxHqcUJ31jOiumYJKdN2N0VPF/ELaQbBEPDdJoVm+c=,948.0
consensus_latency,UgRCWXSLdKRXmXhYBfHF/kWI+iCDasmXo8MqSUA2kHc=,948.0
consensus_latency,U57lhVv50JZ1Hy5cbwiVquhkmdzttQ/Bjng7AS/0slI=,948.0
consensus_latency,WXq1l6rxj5+8fZvPfgAYdD3InQ6hLePGQHcoNyXmjd0=,948.0
consensus_latency,eVTzHQzdO3+1geaAWFjpFqQH2TZPL/L0aZ0l9UDI8a8=,948.0
consensus_latency,iKAZiRYnHaoWkPWC5nt8DOortulzrSxZd+lzn4TvxTw=,948.0
consensus_latency,j/L/c7Z1fSuAw0rPyV+EVDoOmgAgukc0fM5dJd3kEgI=,948.0
consensus_latency,tbyeo4awAwHToQ9QIqh8f5XzDpFIRPgbr+01NcOBdt4=,948.0
consensus_latency,vAaYGGn4vGh5GTJ0buWy2wVgNm0SWoamjl2w/3EBNY0=,948.0
consensus_latency,1HmpVnAKGlxPw7V1m2Q0EqTJIiHs/uryZwEcMO5hC3k=,948.0
consensus_latency,3KNwk5U4F9iKSZQC9/2bKJBkBsyHjUK8xshtd3Ttv7Q=,948.0
consensus_latency,9Q8v2loJAnJoTeuueql/lvHmlLpPmryGa7wA0Zz3shI=,948.0
consensus_latency,/HB/TVZLDyu/v9n3+tGZSUDn0swLIogRk4A2oCd0bF8=,948.0
consensus_latency,ArMm+9CEjhnGijPUqhVexg80DNpCRNKGUJ48D++SyOI=,897.0
consensus_latency,aGI95E9N+ybWsELGbGmiLVBPiKFy6VpQeD6XOQIlaWM=,897.0
consensus_latency,f9utVAyDDFhQwgCy+6adafoWxYpzIqA9CBaSWY79nhI=,897.0
consensus_latency,hkwZnC4EnZOiIK8/ucsCnwcpYUmDK6wAevFCbolRYEk=,897.0
consensus_latency,+FDCzkwEDQbXgUBI8nCbBTPlIYYUAybbyLBwA788Q0s=,897.0
consensus_latency,BvG4dN4bVgkIJ/zHG5fe/R88rTEwbcePF6DGc+V/ZNE=,948.0
consensus_latency,GejCepRNGNIzOvfY5CEN00kAuXGDd5GtfIaHsl/jgr8=,948.0
consensus_latency,OlFqf+vrZAwxEJd6C7BESL3HlDdBu7DDC5qPgMOZMHw=,948.0
consensus_latency,iPlm8GLxk9BNnlwMVqQHdKbjbBFBqKSOh2YKtjt/RuY=,948.0
consensus_latency,i90XxrEMujyHT0WkwOodLF9FRK3Bv/PCZnyynYdPjqg=,948.0
consensus_latency,mnT76Ub4iNjljxmS2th4nVGv64jbxt5uoLMh5e+fzes=,948.0
consensus_latency,qo7Wv9abmzvuwxbUFbOFCYSodisavamDEP8kF6tS7YM=,948.0
consensus_latency,rvbN6u5uA7Zy6Gtr/ZiTh3SAa0/vvJSbEMjoire+Djo=,948.0
consensus_latency,t5kFb+f7+hGk9BwlR6d44Qy1ZKwP2ImUCllv2k8HgQ0=,948.0
consensus_latency,xlSwsEMxl9BPLvbUWEvx3UFXPspgefUu8RHos9fPvUE=,948.0
consensus_latency,7dLzdtDvjjvMQhTBJX4YD899m5fA7Zp+kCvlDGxDkkQ=,948.0
consensus_latency,8JtcKHnSAqoj2odoPygveer74QqQdwFfQJNqVSolyNI=,948.0
consensus_latency,IsG/+Luo3IZqUzY5zsHIM3ZgFvDQZJ8CI73G1wYqMQU=,896.0
consensus_latency,Z+0ulAZE5vK6RI8bTBqsBlKTBj+ae90J7nz7CoJB2ZI=,896.0
consensus_latency,g5NUADFlyIGBC19cbIU0IVFZn0i6ZWSEf7xHX2N9pZE=,896.0
consensus_latency,YiCForoOUbitf4/VeqAE6Z+OEpnk9TK3422q9V/Umdk=,829.0
consensus_latency,oy6KCzk7pkt/J7xFKwHFGCUuAgaNsq6wj6v0ZI5hPPs=,829.0
consensus_latency,P7B8cNY9/NLhh5fv6wBQut+M5ppkBOcXOzHNg7jBj/U=,776.0
consensus_latency,vTUGUOsaTlTiD2AU+vkkjoiWLInAToAo0EDx68enD68=,776.0
consensus_latency,I8Z2WtKeujD0EUKjNZNshhIhaeazarDB0HJL5fa3oe8=,830.0
consensus_latency,z9KfqQHhvMH9lfThYxKvWpNQ/SGs/5SF0Kt1pLehHyg=,830.0
consensus_latency,kRtE0KePmwaIkcdjH+HCkjpLc7M5fhUnR0lHZCREfv0=,1485.0
consensus_latency,QIL7LJ7ABLTNhSip2c9KlnzGSMnTkKnv3rFTODFmElg=,1211.0
consensus_latency,Cz9t/7QYjPQrM+ofU1/+dxAHnwV8gqcsgFcgYuk8CGU=,1210.0
consensus_latency,OD+Kcyg6VFxMTwHOCF+2idlRa0hebciF6TN++AiR4QE=,1210.0
consensus_latency,1IM8Aiavy64V2BjmBv799SC7uPZ9ZBQ7xyMUheBJToI=,1214.0
consensus_latency,HeyCA9pc9Yf6N0yq577GAlo26Jw9o0nP/mAmq1Qz9OQ=,1210.0
consensus_latency,eepQgzOBZQrIgMxjarNxZrQ/wDGnelY7D3DMPOMOcTE=,1210.0
consensus_latency,FztqvKuPXueM8Kt1oRBP7qEqp03mqy+/ax8a84/Rw1E=,925.0
consensus_latency,PEgRmDESmAToxbftHhUnng2XBVOzxwjn3QJn6Ffi0cw=,925.0
consensus_latency,Qw4Go6mgmm0VsKQAtS/kZsxb81h1/XKVjCDU01Dh68A=,925.0
consensus_latency,RA4eCl19Nuv6ssnIBYVCYFIq2umVxvbcX4GiwgUGFT4=,925.0
consensus_latency,2g1ZZ56NRP06KpRsdy+En6YYP9MlvhnCnj6JQAY2FP8=,925.0
consensus_latency,41jE8jslHfJ52yTqwdtS8pVkvUAQjGO2lDGSLuKUZlU=,925.0
consensus_latency,NcYuJaiAqjthLZaZkov/QO/i6urW9dIWwNeFPgrB4Nw=,925.0
consensus_latency,O4fDV34ej5W/xzt9kwi0BkVE14SoSzv9pabzb6Ar5cE=,925.0
consensus_latency,O43bA1QFg9yP4rVhNfqXmWyca0DK9hmpjSE+Ks89lHU=,925.0
consensus_latency,b3WAQ+kvgsDc3SKVt8GjMx9QhkyjK9bljpWz6x1rhKY=,925.0
consensus_latency,ofSDbTetiUQSD/RViNw+uqaDHoU0GucjojFm5qHS8e4=,925.0
consensus_latency,8J+qR6Lc/h+IZMYP8E1qGksz1AIS9mQqmRsh8m8rx6E=,925.0
consensus_latency,/nK36WsJp/mS3LXE39nF/Ruo6IsXPMCWSYgGUcVeJVI=,925.0
consensus_latency,DJxvp6CMakrtNMecMFJ6OYLGk3bOJ8KRgrc5K6e0u58=,924.0
consensus_latency,Vqno4aENLTzjPLnC0RYXnmj7vns+SB8aAHwNmfHvYOI=,924.0
consensus_latency,xKNn16BP7/2BymxdkJvACUHCtrO/jLF+ugaCMmd52iA=,924.0
consensus_latency,2AgLCywpOerlnpt3SZMSRPEzPAW3QvS1DjY5V7Ptrrg=,924.0
consensus_latency,25TNbqlf54tLY77pzHsMWs8GUf5owBiIjURF8BpEWwY=,924.0
consensus_latency,F2/JZa8iWMH9vvGbTx/j8RjwQZ3LsUZ+P2O24dhtvFg=,924.0
consensus_latency,JQZbJRviSXhXoC5FtVaUaPLYM6LKk1bFSLOd03/v+Xo=,924.0
consensus_latency,KuEsqeoDobf/3bKHP9aHU1Gz2hPji4X6W8Q9lLvEido=,924.0
consensus_latency,Mznjgpx0aEgWdRtvuh7WCoLVyFUFyb+hqlW511tPk5M=,924.0
consensus_latency,M++idT/ewwDWDXke7eu7W9pLYCo0lRRjRG+pZ7bA5jg=,924.0
consensus_latency,M/RQoI5sED4STUFhgSZ0FHsYE1h2ZBC0sdCUootaEUI=,924.0
consensus_latency,Sm8h9qfhNACuoF/uB+liH6PzPvqDukgV2eMdDGfT4Y8=,924.0
consensus_latency,T6h76CWHNO2U/yxK1S5IqFbxFvcscMikkrpkOeZcA3E=,924.0
consensus_latency,W7qMsVvG16SkJw1BewavXh/MZnxeXkjuzubE6MZLy74=,924.0
consensus_latency,jqwScBWOyPJcYB/hckzghQZjXKAyArHzLeuRut+FEx0=,924.0
consensus_latency,pD6FAKDUfCOo55nQLv9Lml36FMETCWIRCIOyQf4woYA=,924.0
consensus_latency,1Q4hLaovV7s2oaiCMkQyAMcUsI2ghZzTkka0Ozg29LY=,924.0
consensus_latency,7RbdBSLk+cYzTZQi73vbAuMWfeIEVUs7sIFS9d1n39s=,924.0
consensus_latency,70vCgpc480fUVn9BB5+Mll20w35iXVHmc/sZ9frsQ/Q=,924.0
consensus_latency,AcI0cbarzlJ3eJKXkciLZW+OPot+QR1EpN/BhJE2At0=,977.0
consensus_latency,F7fEAHJsirXLHOw7XoaIXiC5DDvgbJ8qrt0+O3uj/jM=,977.0
consensus_latency,Hi2U9M4wq7xsadAaY71nHY1DCxsUajeWeEPckIT/nXE=,977.0
consensus_latency,Jqi5Cw2zF3rBgFREvpw3D8ayqocCT2EWWKAFy05O338=,977.0
consensus_latency,LEDvlpl+ME0oSTxV1dSUKSqr1IPrb8jKMlcsvrsOIhc=,977.0
consensus_latency,L2BMJUv6IE+vkVTRad+aDJZLtSWc2q8+lOJDcH+UkIE=,977.0
consensus_latency,OBoMkS0nWv1NTUEWQoxViJVmF+VwFpk5EYTX6mSKAdo=,977.0
consensus_latency,Rb9Cza7R0/lUGUQ3Ma4bPBGKxbnrsPrvxGAbJiwJtkE=,977.0
consensus_latency,TQptq43qVHjiwsoDE06QLWD5nwwGMPNnPsT1/sxI2Qg=,977.0
consensus_latency,T3tIHA4BFdYAnE0uEqqut/YQ7wf9L9z1kH5ZLm/sq3g=,977.0
consensus_latency,VDJ0nirvYS0VtE1XYCI79aH013WHGHDZoENVamXrXfI=,977.0
consensus_latency,YQz7M6GNP3/dGls3zCYjizRjlJ+KRS1iP3Wh15ZxsSs=,977.0
consensus_latency,Z3qaCAMuXXdg0D8LTaju+XwL80L6cm5hrtWPC3F4eHM=,977.0
consensus_latency,bZHbbne2jFFIp5yRAnLibU6Fzczk6OBmwH/WLg93gxM=,977.0
consensus_latency,fTeFPokQ9mfjjtj5re9fJAns0EO6H8TDfLGRJhO8PTg=,977.0
consensus_latency,hfLDAjfNkxXmXzBBpApuScvuBrf+N/YcLepngOAfbNo=,977.0
consensus_latency,msfyCs23IE+38D4QUMouNUk4W/2QFtNIeDA9500QPtI=,977.0
consensus_latency,4kXapyuReYnwuepDJDkuxJ2xBMP3OenxMiJf+iFED2k=,977.0
consensus_latency,5IxzDHMv3jrmaF6uBy1upMO/AVO6KdGI5E3b/ACo0xY=,977.0
consensus_latency,53iWFZaBYAvXCGdKJzVhO4Umszzx7t0a+NXX8aYuZbg=,977.0
consensus_latency,/dzVKy8HU4liY/xQriQ1THjFfk/dZ2htayBDFxLxsNE=,977.0
consensus_latency,BzzHVgluorPZA3iL5q4a40CrDlRz8wpecF71M/WaI20=,923.0
consensus_latency,HDN+B5mtfuJXQKxnc6LcwGpQIyJo7I/OFHHCWXkFXjw=,923.0
consensus_latency,Hljjl7z7k8hM8wNvJjMOJm6X/P3nq769TzYHYoYcE44=,923.0
consensus_latency,H8nXAJ7BiA28zozJbP0KqoGzizM3gJlpiZxlveWREKc=,923.0
consensus_latency,YqtqC8YD4wYhSj9SOCa9/yyk2w/38qKC6gxYL4zuKu0=,923.0
consensus_latency,/1UQACw4VTq+nO2UlRTytq8xhG3EJdOD83Vhf7fsD0s=,923.0
consensus_latency,Aj9jG1wPqJ7/wh5lu/8CvaGk5X9pH4nGQ1oZ6crxvWA=,798.0
consensus_latency,KWw/k8FOMZEw9YEZ2dUYkk9z6NqqvsxhC2CEBgm4dyE=,798.0
consensus_latency,HjOXJ0b22c/xJlj1mBrhilTe9wuAnmCdXd0aZYj+C4c=,797.0
consensus_latency,vwCES+Y8zDzxhUjcGAVhJrJKh2qf9Afuy6UXXyMinQk=,797.0
consensus_latency,c759BPYwEP2ZunUOfssbFyPUy8+nJRxRsJrBt/vRVPo=,797.0
consensus_latency,nzTD4w+K2dUD7CogvNOrzaYe+7awqN2eM/AgOg0mUKc=,797.0
consensus_latency,oa7JMAMxl+HdnbpOAqgrdr5Ie23HmsEafxxn8kBmKnw=,797.0
consensus_latency,a5zAUt5O5epZ8D56JJ7LZaMiacnMhUM75fDFNX4WwMw=,798.0
consensus_latency,sWOvlH1IcVwkVWOWYfKTn5Nvs5jooaaEnXQUXn/GwgQ=,798.0
consensus_latency,HPbdXny2NTSmISpClApOht2HKlzIwzssCmx55YgebfY=,799.0
consensus_latency,LMYTvLj3bFt94Obr9Dlt8C5iSFN/a+RYoihsgrwzIgQ=,799.0
consensus_latency,z6d7Zah2Vj4Juzh/nP/KnoBtJUZ8AEZhpwaagCJgkKg=,799.0
consensus_latency,0/N4zG9CvhP7aqiP85pUu6iA4VCr5sNB603vMEOwNeg=,799.0
consensus_latency,Zgn59dcRVZ/yyLIscfDDnOZv/j66MCRiHtEoUFpDfgU=,1793.0
consensus_latency,v5//dSZQmb+wldgt93o6h84eoXvuwhpX3P7gLbZ8xoE=,1793.0
consensus_latency,Ox9CjgdoYqSYO9jjpn7cxUzfwEIyJUkBDBy7atkDi1U=,1794.0
consensus_latency,TQLpLuBFZsniiD0/T45b4ULlbdIuH1RnXSwBMxe4Zrs=,1794.0
consensus_latency,cIwe6PmETF8kUAHit5sAa9bZ1Vp6fbtiJSuEO0z4430=,1776.0
consensus_latency,iRmy6PT981WtR8Uv/fE2Hby2a+nYw7qhqz4BeUJm5A8=,1776.0
consensus_latency,XuuugtlFiN+SA8l8VXk7XxN1vkwSmTX73hguNMCTcww=,1702.0
consensus_latency,pKhaEhy7X4sCHXDOH3WniMOe2xekVVcg18VQ4XYdkyU=,1702.0
consensus_latency,zDxj7YtE5uUaetOMb9V3XYubR7K05jXPVDQ/DERCwu0=,1703.0
consensus_latency,KiHaHjtiNdBlyLnv86PEcE8LrJXR0HbnBXOcfmgCb+I=,1798.0
consensus_latency,xFZwQmiDznylYXVnqJ43pE8gPxqwMKgiRkp/JjnNjDE=,1798.0
consensus_latency,BjH1tlgVmowtD0U/RhH0c5pFW7UqKu5pvBHqJgFa89I=,1793.0
consensus_latency,zHRRgG28t6ndw5rKXIAOczDBxiaFRbM0vhkA/hY3mvY=,1793.0
consensus_latency,FMhF5zu6JbHAWDmFzFwwrqdC7HPnCTrDPID5FOvh+Lw=,1531.0
consensus_latency,FYeuEJwCQpykXAbRxpGirV/qBAF5bnJz+BwIQBNe0Js=,1531.0
consensus_latency,HZG1X9lCSuKD4ml7OlN+3e2Q+PSX2ZSEfYTzaFhcH28=,1531.0
consensus_latency,QvUtdpAQksNKVYt9yWPkWy5kQSoj6Vc1C0pe0Kz6fKc=,1531.0
consensus_latency,c0oiKOI6QJy6swUFSin54JIKu19OvpuKhhY4T550pwQ=,1531.0
consensus_latency,dW6m/yNsy87KiAQXI83bLT2EciO/SycS5eVOdkk0bbw=,1531.0
consensus_latency,gEMu6AzxWeBeN2dYqKzKlJIbfejHyv7VE9cp2EWDilA=,1531.0
consensus_latency,i85cwIrWbHTjEgpR9h7Ln12+pzwVk1hC/59AOg9rMYM=,1531.0
consensus_latency,w9SGCen82lSjGPvPxcOAYNLkUgsvfYNPBYMBLyjeDmQ=,1531.0
consensus_latency,0iUASb4aI+qHiWIE4Z/ZTwbQhVIXMMPBvQ2/eW5/t7w=,1531.0
consensus_latency,6pYVb6eXHCpbOtBZsIpxB2Q31UEkItb11wulWg6hwbE=,1531.0
consensus_latency,+hrjZF52y/r7cn+9OnsE6oDAZ/OJzU0XW995KVo2p4c=,1531.0
consensus_latency,A2DZG7UxKv5oy7Yel/FgscepZ5lT0aueVCcljKPIyRU=,1533.0
consensus_latency,QSrJ1ZXVNaa/exoe9uK/HEEd21zBAljP52sfQdhltpg=,1533.0
consensus_latency,XBQHXV9pGa1Ec5U+f1YynUX+4hATLjRbKZo4VvjMQnI=,1533.0
consensus_latency,bOcWWwLWjvN/aXycHZyC7pdg4DJsBhQ+5+9wzXgw+GU=,1533.0
consensus_latency,urQngOKGy9GdAzcyee20r0R+uNpJfwqtG1Cp2Ahy+9Y=,1533.0
consensus_latency,M+RVVc7AQZtzRON7wsRttVWQj13ROzZ2A7ey5bPA3ww=,1532.0
consensus_latency,OrBXrsjRW3AQFZ78Ngk9MsEkZlCynPBUlwjfveILcCM=,1532.0
consensus_latency,alk7ZSJbdn5EtB6WdynG/as4RhEXHhUMIXz1lfPQo8I=,1532.0
consensus_latency,fOS3mcEg2rlwwPVtiKyQWWwGHy+rWrW50DvwTzDy81I=,1532.0
consensus_latency,kI4FdL5sQInnxMvdvz8i6GpRNS50bXh1Oc493RTq6Zk=,1532.0
consensus_latency,GY75OC/HR7YbzcDsXR6WXKZ49uzujtrS8RTZV2aRiiA=,1532.0
consensus_latency,etxp0xrqDU5P3za6bNzOFjsMV1ZV5XBIkXjH/h4JxSQ=,1532.0
consensus_latency,pAAKuUXFO3z3Utdzw6JkmGioJFrkXjuAlucFjcsEojs=,1532.0
consensus_latency,4nwiCk7IEvar7L+/kc/upCQMCprzSPoM8y8AvjRa32k=,1532.0
consensus_latency,P1GBYpcRSNqbt7bK7Bjl5BTVhmlEfCr7RYGIdBnQzpc=,1532.0
consensus_latency,TkfXTfCXxQ2P0QbtjSr5EQUQorEZcTOX6Ho0x9fEvZM=,1532.0
consensus_latency,XBpjUUOzM6WcUfstjYwOmcIyHXD0ooanVhT8RUMYtys=,1532.0
consensus_latency,fs34l5RjVy9RSEb6GA1CQ9gljtNSfHhn7BGVtxuXwDI=,1532.0
consensus_latency,vvDpyvoQ2NuCuSyWcA4C6ZQNa94KXXVSeRrGhAO9YNA=,1532.0
consensus_latency,7+BHVWBbw4R350n4ks0qhNpaZK0OYaXwKE0ZV9G4aSE=,1532.0
consensus_latency,/anpmJYE5Y/4lFOdgdFYYR+IYE04zbNOgcsd582q9bQ=,1481.0
consensus_latency,ZpNGqVK7eYPRdd2h6f87LSoYmdgqxTvkb0a0FeGVFEU=,1483.0
consensus_latency,jyvdK3S6ZBWAB9lAkLmbPPfmuADgOabPjjBEMehiS84=,1482.0
consensus_latency,FoO4dndTx68e49EaOxdzwvn7PDCh7G8WopGPkpSauJE=,1429.0
consensus_latency,MocUUVgNZFJgOwoQATzbPcUty7YO1ZXR6Vk2K0oPyBo=,1429.0
consensus_latency,NbVcqjyvcNNObR7BV9B5e0luuVwYW3QcFBf2B6Mjur4=,1429.0
consensus_latency,O8W52QGFP1mlGWDAAsEu5MQM1k5+q1+mfgU4uL7DGEc=,1429.0
consensus_latency,RVGtBMo8TsTBvB/W4YaOMGDPD7EkTF2LLJ6SGG8fjxo=,1429.0
consensus_latency,Y75IS2AboruFlc6GiQ2XdloGna6Yytg9TDrnTdFYMts=,1429.0
consensus_latency,ZqS62TuIb9xW2ymbuCNf6qdUT/T4zgqydbve7gRoED0=,1429.0
consensus_latency,adCKLpu9Tdfw48ciUdoGurNjTtHykO4MgCzEl9EFHlU=,1429.0
consensus_latency,d5IJy98/mDl/Cgo4pth18L4E+mkqH8ExxyieBByf9MQ=,1429.0
consensus_latency,fYZGANgEc7xfCe2t/vhN0X9aVYzV/vR1hi0h5uyuOLc=,1429.0
consensus_latency,kxwiUixsfkem8hVm3/0YQvnNhLoHL2fl/Iu+eGzwXGk=,1429.0
consensus_latency,lf2N58lA2QZ832NI25flHavI5iga0waQGwHyBkZ3fuw=,1429.0
consensus_latency,m71l8syzKSq9dfULkvFL5fDFig1oKcdb+ojSMBFks4w=,1429.0
consensus_latency,xPJDMP32hbNTpGuVV/CXMiRr+J/zv6l5dpYfJPeuYT4=,1429.0
consensus_latency,23X+LcSGS6QP7Gu7YOia34s98aG3kaMOfF4Lw76Pi0A=,1429.0
consensus_latency,+hQbTynER1d1RYbd7MmHNqAh3lFKnUr2yf5pxUaSz+8=,1204.0
consensus_latency,MSzwPr+X4qbBtduWfVh9AynBGbwca76PeJbUEtGQRLM=,1425.0
consensus_latency,mcHqEt2eP7fCwReU2EvfPkkDsME5Kc3rrBjsTL4MxW8=,1425.0
consensus_latency,nJZ3o9KQjYrglbUQ0o8+zP+0kZft26r81AtlUwkNEUM=,1425.0
consensus_latency,ptroPOWnCH3eSoM2Buhy5oDIGEObQuOdgK9oRNZX2dk=,1425.0
consensus_latency,sZDQCJC4q4AWFUSpWt09K58SS9UsExTLpnWz8RpnuKc=,1425.0
consensus_latency,o5/nCasKMspN8vHuUuTz2B7Y28CsQ9CfMUtojJ1am7c=,1201.0
consensus_latency,qm8cPJRzhR2aVqZeUuPNbHSzzLAPMLaV4sgiD1x2q2c=,1201.0
consensus_latency,M8SsVz3IwSI7KL1aIRmODDfpmAgeuSzPUS9zvyXmurg=,1200.0
consensus_latency,8Lx52G01XENMV64ZP8F83n+Wr9NCetB5Zyn2Cyun008=,1200.0
consensus_latency,uIEdAQ3W+rdU8LlUbc/jKI/rjF1UA1oLcD1ao7xZAwk=,1202.0
consensus_latency,QNrZnsQPAXzxyA9eYCFQFDf5qJ9IpMY54HEMreAjjag=,1201.0
consensus_latency,fOIVe9sJ/q6GBfIXSgqt/9x4PyJEECqm1jYTxIpPWaQ=,1201.0
consensus_latency,G9iEizG3j3eGVLVdXTPd69/p9INjsMTu4ScOA8S+to8=,903.0
consensus_latency,dxAnc9SmnRKymKgBFAyufXABXjmVrJ5mTAEJCQHYbk4=,898.0
consensus_latency,ngk63UPtsqk6pPbiINmjteOhzHXdmUS6dEv3yUrIkt0=,898.0
consensus_latency,vjzOW8qVNLj3Z197/YyiiSM9Ds3h0y+WnL841Sw2b3A=,898.0
consensus_latency,xEYxm7t9QLdEFTqrIhoTDk/rXbInCE6mhFOIWZYbFvc=,898.0
consensus_latency,2Iszdjs5e6v/qlO58AlmcZKvL+aAOCvvtaSU7pWKJ6Q=,898.0
consensus_latency,81yQMsUzhst755OM3cxQOCKgEQPbDLClZ9ylj1eh1A0=,898.0
consensus_latency,BFV1XO6EY+hHsIu2MtsGErZYl2dSsseIvSmU7TpQRGo=,900.0
consensus_latency,HseoE5lxoGXKFurtkfxxPtk7A0sCW2cF7Sv+42sBTbA=,900.0
consensus_latency,qn1R7B2SPl8+lvWQr50bUI/hZs7F+Rq/yTnw9Jl0jo4=,900.0
consensus_latency,uf8V+/slGtGGTtqZ6K7nNZv9k3KjCPzNirrUp7nE8ek=,900.0
consensus_latency,1sQxR/gKln/LnpeSr4m+zdmdILoX0zzAY9OBHz2yFXE=,900.0
consensus_latency,yC1oFhSeIrATodLXLkThmXfwon3iSSOD1i09QDA8fcY=,849.0
consensus_latency,Nsg37fE2VYJ5nV0ySf30OZjWPtXLeAB7gjwqIG+P10c=,558.0
consensus_latency,tsBs/u2AaqkB3VnSY8uE3yerQ+cdpfWMbO4is4t1qdI=,558.0
consensus_latency,T9NP1B2asKme0lKWDZ5t5peVHxtu51l1B5mGzWXVG9c=,2006.0
consensus_latency,WQblGNFVPqeDEeQ3110Mj83s6chaNx6OjT1+dFkjm+A=,2006.0
consensus_latency,Wg6Rz1JgUkvARTWoa1JTLK3AhcsguiWKsPWmIzuLbb8=,2006.0
consensus_latency,hV3I8pQz1TQECN2QpOCOcLhW67Iz/laIS+4NkSMVfL0=,2006.0
consensus_latency,0r9qEAU3l+hl1M8dJ7Ly3KDQQp9kktjko859qor5Y9Q=,2006.0
consensus_latency,1glPt3Mob3M8se7Q8gxlh/mtgKfnFTjqRv+sEGBPKsY=,2006.0
consensus_latency,2DgfTxZrle5DccGYIVRczjJfNEDf88Ri4fmUHDepcrM=,2006.0
consensus_latency,7bmmgv5YCDIixoPE49LyQLOeSjGPRs2SfI7olYSQgWs=,2006.0
consensus_latency,gsS532HG+AMnWdDstU6+UVkW5ZxwCoGNhnSIr71LFfA=,1760.0
consensus_latency,9EmXBXAPELyjDAKxEYCIol07G950I31JiouWIURNGtI=,1760.0
consensus_latency,sOdmlztfQw/BcMe302gKi+5wRQbvF2n9yHDQyjTknnI=,1767.0
consensus_latency,93ZjMI72LYLr0FoSkDP1AOiXGaz7UmcN4BOHqapZX6I=,1767.0
consensus_latency,TvqTivRKoG0EJj1x9OwKHyAtYWxgHRB/+jAfH9HLP1M=,1767.0
consensus_latency,jcpI6rAQg1qkc52mbeO5tP0PWfd9dElybOqqOUaYGvo=,1767.0
consensus_latency,YPEm33rN5TTA7JygsdBoLhrX+Sm+ldw+27dKsOQIOwY=,1767.0
consensus_latency,5T5TcB8sCvtQQo5M0MBk3TU13Q/JSuTqjVV3/hKXSck=,1759.0
consensus_latency,+YAicLgyw2C+5NIuKgNUz43AjKD90sLSJcitxFYuMm8=,1759.0
consensus_latency,Mybq4gbKv/V61rn5A7dAdTQ3E/m0cStOGdgYYR/jX3k=,1763.0
consensus_latency,4VQ39XgULl6702yZwIm86Qsqlbk7HR6glCBxd60qJeE=,1763.0
consensus_latency,KHiiv+ns43bevdowJ8EnRjt6eKoSeqp3LjpIpupuPek=,1551.0
consensus_latency,Nzy93L+Pn+A1eQFNmDBHx2vpu+9xwE4Q0hxx/4uPEQw=,1551.0
consensus_latency,e4MqyUOzdbifReuNJ5rtCehiTCLUl2HCcMFcltFfUZ0=,1551.0
consensus_latency,C8jOn4dH+zUME/EKSKXovCQrgcF4OjVckesxe1OQ9rA=,1552.0
consensus_latency,NHqYkk34iDHTgn+QtM4s2oOqh3IT/m8+dS5KgK171gk=,1552.0
consensus_latency,THF31Ot5GE9kv3vxRR1JOGYEzk9HEne+kA0Io5dLCpk=,1552.0
consensus_latency,UCWULPnGvFD9oQjlVsgN2TdGhLrfX/z2MPFPer1zHGI=,1552.0
consensus_latency,VZIg2rPmEt0MBGNq2rY1Yy0Z3eajW3r2GxfF/GuzTOM=,1552.0
consensus_latency,V95NG9UTaPVGkvxAyNKkS4LaEGr0NiUGStsOz2Hk73M=,1552.0
consensus_latency,WpMtgw/g1vp9Gx82TBffn3I6P51D3Dz5ba7LD8x8zc4=,1552.0
consensus_latency,edICGX5ZWA4U6EKipEip8qAqMKLzGTrzhviMOpixXv4=,1552.0
consensus_latency,iNgz7fuMPy8spaYVGM3oqam7rFQXh8W1Orwki397Guk=,1552.0
consensus_latency,oQWstJ+jR1CBF9VVUlmZboPqn5lJlKdpQibPPB9qQc4=,1552.0
consensus_latency,0ydMhxQKrXo0TICMRlOF8y2ssf/HfzoDtdQzSJPf8ik=,1552.0
consensus_latency,1pNmCqV+K3A9zzvwqER60QvmkMMkV8c3ZZpA5H1QgeA=,1552.0
consensus_latency,3Af2TFhgArhH5TcqVwe83J9g8zG98SrwS/vcC5ssxFA=,1552.0
consensus_latency,/MCJH+bh4kX9tE/cXqCizUISTXrXQQ4CH4JXBmZAlGU=,1552.0
consensus_latency,/VLnaK7/sxwh0FMGucpCqBy8aP26Bc+VnJrXGxSu5Uk=,1552.0
consensus_latency,/tFHdP9zcB6MpWVH1sjkYSXKEC0+I+pXMS/0HFWaa4g=,1552.0
consensus_latency,0bn+DZ7ZsRKzKOyE7/TDEDoTB1aMDHkunSy/C5frxQI=,1497.0
consensus_latency,0zHzvTe/BYlz6cDF0dfc4o/yNE1M+uX2GJvUjVwy4bE=,1497.0
consensus_latency,/d9prSr8010P6WlYZCYKFaWv3SVD3lj4pSy2ZoIXncw=,1497.0
consensus_latency,IQtuPRmTaG5FZ4ELUJMS1Ft48Vb4OAHXvdvNc9XCfj8=,1551.0
consensus_latency,NicONxj5B4MIrjocDHDjZ+sKIaL9RK4hBBRmaTQIWFI=,1551.0
consensus_latency,Vc5rq1C4VhwJayck8Xzn0TuvXedS3TzPTX76X0mycF8=,1551.0
consensus_latency,6Z7zpXfAGFBBaiYPtqF/CMVqN6tE4neLhxhLoj9Pc88=,1551.0
consensus_latency,QRIcrosvZ+lOtKAfLwSqmSd3Qez3ktJqV/3s2T6jw+c=,1550.0
consensus_latency,1umdNTxUIRQyJ1Ve5T3i0++I4KPCCjXpZTpJNrJp+Rc=,1550.0
consensus_latency,38t+8pE+m+sJh3wLRXkJBrahzB90MbVY3/M5yO95l0o=,1550.0
consensus_latency,83tLDaKskit6u+v69Q+ZFN1bZ/BAvzlOjh60xNw48Xg=,1550.0
consensus_latency,Lx+qT0Gk8gvpMofeQI02VrY+ghVbuNpthOshEs7tNPY=,1498.0
consensus_latency,n93rweudvKEK7fikeKoXIoJohFfn/iqY0gLLzmw3tqk=,1498.0
consensus_latency,MG2K3Vykw5mAMfsCawggC5sHmqFAl+JY44m3oJOudtc=,1552.0
consensus_latency,OHSKUlLE0jtaynbqBh5d7aalfLkSDlntkjyxwR7KCGU=,1552.0
consensus_latency,QXT2oMAxUWc3TOMUYr3OdoFRjcrI/Q/exzPwE6cUTlE=,1552.0
consensus_latency,h+lrubguzFmMmq2NdRGvkKN66pDgKVdsmIbV9b88BbM=,1551.0
consensus_latency,AP4mVnxAVUSMwsnYbWiwNKGDD1SzmcOghvBwoz7Eh1g=,1445.0
consensus_latency,Ip9shdSAVNb3lOhCSD5dI7AjviAmLU4vITE3vztpjxQ=,1446.0
consensus_latency,/24H4hxcoxrj3q0IgPXpBklIeTT+Tl5zHTbWbSjsqfE=,1446.0
consensus_latency,Ann7jWO2CgBICzH3A5uKH0X0yZJrF5RtG572U8yHeGk=,858.0
consensus_latency,BvutCZ40IvpKTpHhkr3WesCHDrUaTSCtdgZ+tbE1/tQ=,858.0
consensus_latency,Dv3OiaOt7hV3WtovkiEpO5K7eyp7g5xLSE9CQAvsOtA=,858.0
consensus_latency,MDnPSb39fVDaEXhpMYrrZ+w1NB8P6EaWM7o+FyP9gH0=,858.0
consensus_latency,UOpJlAVAZGNapaJ/AznE1cwXqMruzf5c3TvJyzC5Y8k=,858.0
consensus_latency,XnaoxRxfWGgBaIJxrBj/13WUL96kpKhJy1lnAqhi9L0=,858.0
consensus_latency,YmY6+j14L1TjdKVO541usMqUpj20FbrxaJ78mtx51zs=,858.0
consensus_latency,ZKJNUmJnPtPsiAeTgq5qKpEdHAZOjwKjS9WS0atkJy8=,858.0
consensus_latency,eSa5Cr6pe4sMONLHqYXo476sXzvqKkYcB2IFRUmxp98=,858.0
consensus_latency,hGK4JzKxnFV4mFNk4+LhrRsXI4ThQTs0KDocDVGRVjo=,858.0
consensus_latency,tFHanPyFqiz3wp+6jjLANBXJqzKwSX2gHY+/A7+Dso0=,858.0
consensus_latency,tVicqyW09TUafTh21xvTdkxJdVgt73niDn3B0CNcCyU=,858.0
consensus_latency,uwGOlXzt0Y/4qBipmd71K3oO2bonAtjgRVBEaD0C/7I=,858.0
consensus_latency,z3uNuiG1VxNeb5r/sfZdysmjAsgXl20LOR60mhj/520=,858.0
consensus_latency,+GCMzEdMmtU+xSCaoi9omFJPk4yhlWrLh+EzSy4t/XI=,858.0
consensus_latency,Ah6YgvnBAlxUdurU8TYxc3HYI0LhVTDx3s66gTDr97c=,2153.0
consensus_latency,BPHQhidZyduA1CQjtQYlcqqCtnZjpGVB26oIPYQRjAc=,2153.0
consensus_latency,UY7BQoXU+2xjEf6tsNGJXE16BKPutxc59L2TMbQKlDE=,2153.0
consensus_latency,mz6z10CUuyTKz4y6G/kcFnsYBcyJHairvIpdCELoHWQ=,2153.0
consensus_latency,Ae+klYa21etO8+2JNLT5oqMkWGV9Lsi+Y0poKLSrbv4=,2153.0
consensus_latency,H5Oi+GmUHNWOe44Iv9IkgGZsXMEVKN26f5HsHB6f7CY=,2153.0
consensus_latency,e7qesunLeF9VVjDtx77BfmdNcoixZXYwLuF5ORjWDwQ=,2153.0
consensus_latency,gZXA2dik4fFv/yq/P7aLbImH/0CiDYuciG6XTPD/4og=,2153.0
consensus_latency,nICfpHe1gJAw/SXtfj+k1nMX2EY+K7h9jwpWvuac15w=,2153.0
consensus_latency,rmZy/wmcS4DIzK0p1ATJemG1XQVtIJvplA1flu/dn0c=,2153.0
consensus_latency,wwQUC24T8ad87MfIMN7pmR8v9xXoKUxNG+hz260ntvc=,2153.0
consensus_latency,zloTQkovcxnRS5t5eqbMi28UFz/Pi/MPqlhcHV0y9vY=,2153.0
consensus_latency,/N9ep1eHkj6PQpj1kuEvTgE1j/6uMxpytUl4WBlmbVc=,2153.0
consensus_latency,UvlTguupnUp2uGmxNWy/+o2En712wMcbZhtYMWvWn30=,2152.0
consensus_latency,blK6ojrxAjXxrmcfXWjk3B7wfuUvG/yxO7wkXt1JMNc=,2152.0
consensus_latency,w8VS0+KS3xw5O5U/g4vz2IR2IuHOwBujZ5N3U8tpLJQ=,2152.0
consensus_latency,xIpmfutMuMKskGGCblJ/DPly1k4viNDJxwsO12m4QJg=,2152.0
consensus_latency,zNReSgZ1QoulyiNLW9QQjPdA243mmkIKQTQdUSEznhY=,2152.0
consensus_latency,GYgISoGpF5gDGz0BLW2GBFjlgVolyaDWfPVdENKqCes=,2099.0
consensus_latency,QhyAIYSZJIhch0ZVs2ohOSJgAEq6XFoGXzQCbkk/rVg=,2099.0
consensus_latency,U73i15YrRHQLoWNBoKYSEL64WyvRFTkf8e5JrIbdLNw=,2099.0
consensus_latency,V318GNGrQFUWsfY5FLvtRe+XJEqJ80Uedx+3k/p3YYA=,2099.0
consensus_latency,XCvPlz31pvVowdnQvq5O0phd6Mfi3fWzTepAXGei44c=,2099.0
consensus_latency,Xa6FJVsGi/jS3DA7Dvp+TdrpMXiN0eAbbLxPk/fRqIA=,2099.0
consensus_latency,XyNUNQyjkK4KW3Kz72JpGv6vXgJG/+dDOUQUuOB4w0c=,2099.0
consensus_latency,e3p5a3LhhlYKQGp4/bcFAzeKF82bzBT7U0KTr5UHKGo=,2099.0
consensus_latency,gCoDpzMMaIZOUlOww++nPr1FHLUEHFdVcvaw03BovH4=,2099.0
consensus_latency,oD+Bz6uceFPiaF6tWzeSQrkTszbtMlxvFK8U+Ev4FgM=,2099.0
consensus_latency,qL7DSkffupLvRCujkxzBVkwr8BENJimqoxV03Ion1W4=,2099.0
consensus_latency,yGk/0LWbbkq8iiX9dj3ZowP82nNC2fMsO7K3qi7Qaoo=,2099.0
consensus_latency,yUqvCeZvcUepXNwiNK2pNzz9EJKXPOtgZOePfVdBLXI=,2099.0
consensus_latency,zVlPa3ysWRIfQ4r0d2HW+kNomghbM5SN9x4Im791FuY=,2099.0
consensus_latency,5pwxdfrAwMqXF9KS2Y9klv8hRXpoZPHl8XDpGBXj2Vc=,2099.0
consensus_latency,/TZHTBuZgohSBHIhSyW8IBJX5iwK2fi4hPS2VHq5mh8=,2099.0
consensus_latency,CHK01XMN+TlxoNK/nDDowNVvzwRi5eOfwhtROjDSfcI=,2152.0
consensus_latency,GgBvbNcWK+FiRZqlJLmQMFChTrehYZ1IROD/1QaFGcQ=,2152.0
consensus_latency,aw2UQ742QeY5Ze19oxbRtn5zAjPRZuNWvUAVsYZrLtA=,2152.0
consensus_latency,bfLNfk8sX1BogUIDTs22zKD7FI+rbBRhm6LrvbZ7FWo=,2152.0
consensus_latency,iztyrSIHT7ydphWY9uMm3Vna5QCF2EhMxFwo8LPVr1s=,2152.0
consensus_latency,nlXyOUY4Rn0m3SAXQB7xRihFnSAifzaFO/qiBeOzDsg=,2152.0
consensus_latency,vV6aFrHiUi72k002h5ExwXRVaB6GwxJ/HYluOg5pzb0=,2152.0
consensus_latency,zakWUVoDO5bCssSXgj/SMk0hYf56OzguR28a/9Xftsw=,2152.0
consensus_latency,HahVMOC/XoGFSZQ09HBZU7DHrNI9n63LeQdJ+QYiHYE=,2097.0
consensus_latency,NRdPz6oSL8pm+wd8P0nkov7cdXbGDU845YepMj69Nzc=,2097.0
consensus_latency,N7g635EARQJ0VIksa1nySHjBM9RuhPR5MidLfyTIKxk=,2097.0
consensus_latency,P+v7zZss80PU743fF4aQy8dNrYtTtcfptRxxxXztCCg=,2097.0
consensus_latency,YQyhC364F8VtKnz8Mt/vxnm9isYoVYsEbF4G51t5jqM=,2097.0
consensus_latency,a5ZQGKNKyTMjgFiI3TXthcKBSlCNFAVt4SkOF3tlVss=,2097.0
consensus_latency,fIuVbBKWWm5vcmfdTneV9O8ayY5jtJfIl8NvJCAvliQ=,2097.0
consensus_latency,gQPsVtIRek+OqyIh41G9zDoL0NzM65Rrs2MxdTWvHN0=,2097.0
consensus_latency,nFQxX2IW6z28oWZoAqnTs4iCCU1GLTol2YaZYvmYNPA=,2097.0
consensus_latency,uNrNiQMp1CkS0SRrXRBSkVUj3rp2ymWBlgunEbCCjPE=,2097.0
consensus_latency,u6gLdSaPiYbDKuSzHzPFFh2JOfBC5dD/rODFKcPaTS4=,2097.0
consensus_latency,0l1k+/YjC3a2SpEur0XrDullIHAsJafVVsThkb34xas=,2097.0
consensus_latency,47//K5DtNfsE7RDHAEtygjY6lQhbxg5cvr8wq0S09rs=,2097.0
consensus_latency,7KR4CjHm5Pv+zigNjdn/Ylh9vnjE76knAOr7YygWHgo=,2097.0
consensus_latency,9i6qBGx05ZAIa+alhJ4E2D8ksTNAGMSP6C52+S1SlAw=,2097.0
consensus_latency,Ro/Wuw92w0y3n47cglhWwMSwCzpOoSVl1CuFmovAGF0=,2153.0
consensus_latency,aOUAR0vQGF3operDXVlYM3THhLxOsCZ/8tI8Nlfdgr4=,2153.0
consensus_latency,jN/+xA7jiEAg5qwGmH11nsGRcMA2xnFJh3E59ymwTsI=,2153.0
consensus_latency,oIZBCYzg/rXwdL/Mx44ZrOrHM/XIdGrz9TbVgbY9jgo=,2153.0
consensus_latency,1MUhw0q2G4h2HXLm70gkfLXhH6+QuEYKQxZ1t9MPL14=,2153.0
consensus_latency,Wm8p4+rZipd/vLN3pU9x0qzjKfn/nHMDlUVpxo0ZYCM=,2152.0
consensus_latency,iROr3TjQ1stB/h/uhrVcjo0nYorPFTwcntLwGPD+Dis=,2152.0
consensus_latency,xPj4e10i7Hu1Oc40d/Gabpirf2Pui9X52BnYj2Hid2A=,2152.0
consensus_latency,8InLs22/d8VLOa7I8fGm4iBtyilLQJBUlc4UPKt9vDg=,2152.0
consensus_latency,H4R385CjV532OHomaidzdB1/G4Y+GHWF1+mL/QZvrGs=,1823.0
consensus_latency,L6KlRvKV7Kv0M/M/p4TrMdsXdBhhOrR++v+pl7ggDYk=,1823.0
consensus_latency,TqaKjjRvnARHBtxxvZAi1b1HyclEwZdrgnXTmyq668c=,1823.0
consensus_latency,VlmCBTuHhgm0mSn47zahGGt2eTl1jOm8qmCD42bDnm4=,1823.0
consensus_latency,c42Ad3SqSExmwvAAaK4L+g5ErF8xZFELxOXWBznOuJ4=,1823.0
consensus_latency,gWJuvFVpRcky9m5VZRiQVTalj3RKcQp8HIHxx7bijW8=,1823.0
consensus_latency,HyajJ0mxcw0O8+KUgJVWbQUbNhfbLTk3lMq7C8ZiLqU=,1823.0
consensus_latency,OZ6GDNOSRFPBtqoBAnpr6Pa9yD7MiETKMW3MkfwHhE0=,1823.0
consensus_latency,QOt8m3ve9HagiZYKDeLdwQjPaQtH+Yky6k3cpKN3rgs=,1823.0
consensus_latency,UVprB1iTJ77cpC+cpkhvizHe2k/UB4B3BgV13hAYXEY=,1823.0
consensus_latency,UgrCHoRmtlQuwmelVgHHxfEST42uaQ9988nkT/OdsbI=,1823.0
consensus_latency,mL9ONl/j/5InCFGR1qhn8ghBBfsHFFoMx7vkCwtQvxg=,1823.0
consensus_latency,Xx7CJWo2cSGnTXQg/Hp/Q+i+iGqwO0G6d4ZGRx1CSVM=,1821.0
consensus_latency,Tde3GMwUEedj1S2yjoJcEduNOBJrpE9YY0RmHZg01Cs=,1801.0
consensus_latency,ZMO8ET2edRoav7HNb/BZJtT/S0GbGHWh9/C3h3/y1Tw=,1801.0
consensus_latency,2Z9Tr896Wfabk+H8hxx9QCmyhv9tLvrY7JIzjtfKqps=,1801.0
consensus_latency,25dgN+zpvGQOldrTvGgPr/37G1RUtHdSBIsPc+/jxA4=,1801.0
consensus_latency,BBP7lTlDtWbBlNLPG8Un6WUkIOhpEGDZczlBFgeZO7A=,1822.0
consensus_latency,GQanrv11w4USWQa/D5rE+mP3E3YzY3L+3pi26dFsa7Y=,1821.0
consensus_latency,Oefv9VP+OoksuEKeiHD5gLJ6CTVOyxw62epTix1/9QQ=,1821.0
consensus_latency,QySD+csDg5w+APW2RjOACqOYRJpL/uajBQgyALB+jS4=,1821.0
consensus_latency,RnhH7Ny86soLzLaujWJwJOYgWzUmyd3lRgfO7wBY36I=,1821.0
consensus_latency,dVJPAbV1tHrxoWFQ/iFDiAMzSDBWL7uSCv92r9EuJaM=,1821.0
consensus_latency,9PdvjY8h/t4vmGFxY8V03eQh+oFhdPBCD1Y0RqwUs2A=,1802.0
consensus_latency,ZetZd/qRSxJI0g/kTzIDM2DLDb2gz1RT2HFvsAUQwGE=,1822.0
consensus_latency,a/Y1hvX3j17yQuh7fgIQo4dKllrYH/YgKd/dSzfr1vQ=,1822.0
consensus_latency,fb6/jF5Vc4lu8rI0d6k19prlsZFiffEnrp3XT3YOzv8=,1822.0
consensus_latency,hD0NF2AdY6DizIw9ODHsw4ES33UCTzV+4Fd0h4yIx/o=,1822.0
consensus_latency,tVJy/5bT5V6tUGqBFUGtpy7piCQyJoc05vK7H9scpDA=,1822.0
consensus_latency,w0XpuZRvCI+HHmVq9bSIl4nTzHgZWqSUhfeS5KqcwuU=,1822.0
consensus_latency,ET859SvoUVJdm2py7rOhSzrIUD28zWwBvKfhx5Ox5uc=,1822.0
consensus_latency,JqRltfAQg78gnueGOusS9f72y6X5HOSOHefoy93eF8Q=,1821.0
consensus_latency,fltmTEVUWJmHlBDnNC7rGsVIOY2fDgkOqhQ5jULd3pw=,1821.0
consensus_latency,gJXYzBwLo/i4T9nNMLhkd64J5Fji7X91SRZyqixW3s4=,1821.0
consensus_latency,gv9eRUeHf6nbY+Rshc47LGxd6YHWfM2bON+o7RoxIlY=,1821.0
consensus_latency,813e0wLidZmesm0SBKSBeHsQoM1RExQLhmrHk/k6Q4M=,1821.0
consensus_latency,vf5TDK64rezGS40Z4fcZ7V651SLS6W6HDX1mD5k+8hw=,1802.0
consensus_latency,a66n+NZkTTjjXnouiQpD301cv+XrbbN6yTjZumJ3CBc=,1694.0
consensus_latency,gonAlFqMOqM4RxTMthsLvva1hYXr+TrnPaYQ0U18efM=,1694.0
consensus_latency,/LQYTM67POdOTVqYQ0FAgoN81y83CHmru+fsXBVw7yg=,1694.0
consensus_latency,Bn0lRzoPazXZwy53YvUnKNinVDnoga5UeG327yuWTC4=,986.0
consensus_latency,IDGWugy0ysJYyOrKmK/eV0QkEE6LvHgx7t72ge3Ghxs=,986.0
consensus_latency,K25Li0JnQqIvzvMC3+4iQ1CgOj97EPbwjjl7vOpiBVE=,986.0
consensus_latency,MfRo+DDgIHPfiiQunJXyXMj7+m4VxBPOw9LFWubV+I8=,986.0
consensus_latency,PPjqMYPexw3oHOQBcLnrOK2tYwhUxWRjzo+KyBYHtX8=,986.0
consensus_latency,XDFmV4/J+e7zsV5ciz1sPPtDLQcZmZYn1dxFRTY5n3g=,986.0
consensus_latency,XNE0FfXzdvQr43tGdJyIUz0QKF3YQ6X+PTbZTsZFazk=,986.0
consensus_latency,ahqsLdrNPbmI2Shs0/M3vHDvF69uurDVvJDDU9nO2DQ=,986.0
consensus_latency,fGyFmPzA3p7WAxBFfBDg6I9PcvY/T6fa2y0btdJuRac=,986.0
consensus_latency,gl4kCPGfKJlvrPnlKcOipCfbesQvA66z1zL9UcQyJIs=,986.0
consensus_latency,k2cRUpWbN40tVu+6V6if8O+Tz/7CAJjX0ub0HySkh4g=,986.0
consensus_latency,o2NSBqqRREACDN/d8X6RTczOWNhYISx0z9eWQxmbCdM=,986.0
consensus_latency,u+NTDvur0Tu+xw9yg/K8qIu7kAtkzMtsdvp0iLoPoJk=,986.0
consensus_latency,z5cj2zH15qYga4c+/XDsRZo7gUmr2odUpM7lpq4jz+w=,986.0
consensus_latency,2klmpyHsbE6ehS1DcDD8l+h4KtBiHeTjCqhX+h5z+Dc=,986.0
consensus_latency,6IU1/Q6ObLJqf0hDODa95gXx/llR9g5EH9SAMNjNKig=,986.0
consensus_latency,6mdAcynLjuQZIEShBx/5KudJIC7gq8eMSSvag1R6TjU=,986.0
consensus_latency,NX0j3hExSCV9RAd1Gpkg88RBF+JUjQS0ipoUQ4Y4prA=,4306.0
consensus_latency,3P7AHXn7iyNIdspKk9fmAcoqec8cWrWM/2f31SLkxKs=,4306.0
consensus_latency,BrHlLugTieSecMym6xSlLl6/n3Glj+4s8QFhP23Wgiw=,3648.0
consensus_latency,O9zoLwJgwMHzIQpSpsl/DimUSNiAU9UWQcJRZDvJHNo=,3648.0
consensus_latency,SQhtDhlbQOs08tWw2E+beH7ra9EZXYSDjboP5rTi3jk=,3648.0
consensus_latency,dfxQbjnH1hy5RX+IyzVf41F0jas2VV7Q0g8ojHUgYNs=,3648.0
consensus_latency,vjGUT4kW79QcVxXndXvz7dww8drYLVamCjjTil/QZi8=,3648.0
consensus_latency,+OlAEKz9BkLj6V6RKjyWazOCYataDC5EHT9GMMAaQlk=,3648.0
consensus_latency,PJeSnxcWLrdfp92aPvf9ZF5y+fiPYZetVm3VdTCZ0uQ=,3528.0
consensus_latency,SN/bf+48/8ON8IttVMcViC/uuEMXWdDKBZdgsQ8LXlU=,3528.0
consensus_latency,Z+NLXr/gpEgJ3LrHj+fi2ihWu3RwvKmka1VcRHkb/kk=,3528.0
consensus_latency,mzzl2/c7pby9wlhdRxuWR/f9py140LQ8UOyvt0YVno8=,3528.0
consensus_latency,ttdHZiQMPFD2OWCyPLKHrfoAS7DcoIQ0webSbL8CmUs=,3528.0
consensus_latency,6gUu0DnwNUtD5l5+MwQYMh8mOq8b4qWSpWxQyqfhaNc=,3528.0
consensus_latency,F6JhGiES76Qw8ILWHonfqCF3eDbo8AK45bhmvmeHLyE=,3596.0
consensus_latency,Iu65bbyS7LcaUrkaLWNOJ25axRV8lpzvvIqpiT6cieE=,3596.0
consensus_latency,Mng/3Ej46cP+y3runzYWJwyRo3LCgG+76N7dYyxQiiM=,3596.0
consensus_latency,M3yNobqB7hrzqhQqNnnfaW2Uo88QU/LhDtyoe5vZRnw=,3596.0
consensus_latency,RPAxzxZGdAW3z9ZNCREQt4va58mSXQO4tiOapnJIsGU=,3596.0
consensus_latency,R2RHz1npR5+7r6oKZvOWOyTlqsmpQC2D2EJHSns7MBA=,3596.0
consensus_latency,a7MbmJRXEDFLhwUxLQR/tekeIEPK4rkEwmyXTgAV2vQ=,3596.0
consensus_latency,dvSPRvUtOY/FfiBuHgctw5c+LnJELfOtcxiCUjaYppM=,3596.0
consensus_latency,ePU8yVRoPxEsH8QSzsH6Xt36E6ksJK+AiO7oNfLrhFU=,3596.0
consensus_latency,esOWhZM6sXleaur6JZFAWZEVtiIwBINmfsHg2psCaWw=,3596.0
consensus_latency,fL1kjcy6W+9nfg0qN2P5/r4Iy8wzLdKwGh+2A6pDYBc=,3596.0
consensus_latency,fWUK0HuMlZ/DwF73yz1rbPlf2lMLE687S8lF/dZtevs=,3596.0
consensus_latency,iX+sDuRzaNCY2b3WlXJqQ/DBVfWpXbzB5f24WRkV/gE=,3596.0
consensus_latency,n7vUvpliJhez8u2jF7uONqEIioaLAYe6eHOBPI4waQE=,3596.0
consensus_latency,o9P0VX3T8ankKGdSbLaCshA/AFggmCRUGIK9VgyMG90=,3596.0
consensus_latency,r4lvonHrxgYQGJX/CfueNg80y+imGEwZcN8b8TXbgc0=,3596.0
consensus_latency,ttXQ3tYfloe53HYftM/RTbSCjUD4biYWE+pbe5x8Ezg=,3596.0
consensus_latency,wpqwJfxe+OffLdS4X3vnSLeKlVZYb/EpWELFmmP7aso=,3596.0
consensus_latency,yM9EjOmItafNWiv6oyMv9mot9X9LFt4HA21bzpxFGUM=,3596.0
consensus_latency,+gCBSOVCpiUsJJsE5xg8+g64s9h3L3OONY/877GYOFo=,3596.0
consensus_latency,EdW9ljBhP8sgGG0sPMAmINHpyoXkANzdYY6EqYNqHk4=,3651.0
consensus_latency,Fe+q9UbcDkGOu7mCvpdlqyW9DiGZF9aargLPJldZei8=,3651.0
consensus_latency,Gpru0h87Bc7LZis55BoMZlv9C2jT8nydYNb84wrNUSc=,3651.0
consensus_latency,GrdEu2AYDaFOQ0/IbaPVqM4KBiLQjb6GIkaWrbvTscQ=,3651.0
consensus_latency,Hh/A55uvJsICAF28nZ09K2KIQKhRaOMb/82NWV6zHMY=,3651.0
consensus_latency,IGzGWD+V+N7FeysnxW6rMYflWtJVyMw63ChzrCVqQGE=,3651.0
consensus_latency,LMeOI4x1l7NsAQAURYf/g908Kd1lPCjvu15BQ4PW7Tg=,3651.0
consensus_latency,L2BgSMFWD9FlYn5wwXNlOn4juwHZrbU6UZ9WlWWZmU0=,3651.0
consensus_latency,Tv0CLfXium0ctUZNSXDDZzuafa6IhywV4cTTT6x6q/4=,3651.0
consensus_latency,VwpJaMu5MGbbr3LMoWc+pj4DdPtilUN9j98dt4mDXfE=,3651.0
consensus_latency,deVQmHjP+e/2VmTRbqpo0uaFXEWlKhIpPTv0YKjCkBc=,3651.0
consensus_latency,fvp8jNyfsKuGhqWYiDAlrRR91jArvfcNKKVnEAuypd0=,3651.0
consensus_latency,iZoAZboq1ZS631k3naV0p2g/IA0J0PUzZUfvBiaZKDQ=,3651.0
consensus_latency,izcAVWWETsX0Cowt64WecJxLhWYz0FrsHMqZ3Z+8u14=,3651.0
consensus_latency,lGNWnO/oKb9hNmjPEhCqsG0V1+kM3jV1vpN6x+czlpU=,3651.0
consensus_latency,lVFdYSBVDnRmZN4Ph7s2S+UFfT9KSJC2W45ytP+2Jwk=,3651.0
consensus_latency,mmqhSCGyHAt0JRMvkJdGQ3I3dzQBifYalclFO5gPjO8=,3651.0
consensus_latency,ncBskX6ZEqeqIMt7c6tvw247Xs5c4DoLRz85C/YTC04=,3651.0
consensus_latency,yWYCVewlgNLl58eN2OExU3GVG4mOUjgXKWugcDDOC4o=,3651.0
consensus_latency,4cqAjU2quKdhI0yM5Yt29ZAF6F629P/vWkO3BgxtcCA=,3651.0
consensus_latency,C4ZoLj5rBP/aByZ0Rfkl3NkJoscu79+SrgU8GVOs40c=,3596.0
consensus_latency,EX5dv4n7kcg25eA0BN5jpoHmlTh9Ja8Zzt9P35jlc7Q=,3596.0
consensus_latency,IF8fZimjSb57o+VEAdnNF7dXdChqNufiSWTE3NXKxcs=,3596.0
consensus_latency,KRkuRqWnAjpu0K95Ip99xq3E4wLcO6KvtC02hX2rpVg=,3596.0
consensus_latency,NHdz57SHz9dx8fLuY3jpFKHD2PrgbhHDGki1ILuWK80=,3596.0
consensus_latency,YC/X8ibYWZxjCS21/c0Pjgtmn5tRZvUHRnTbR2yfPs8=,3596.0
consensus_latency,hasnqWXAbcDkrsjvrnoFaN9ATsrJ1Xrl7ERnWuqdNqo=,3596.0
consensus_latency,i0KG3U66ZLwIX1i2Y3gWVt+VP9o5/2amxQ1P1HToegQ=,3596.0
consensus_latency,kIdRkx8rKGnherDzqna0tG0g8V1QkLxiQQaMZqyyEdA=,3596.0
consensus_latency,mylo0aYoYHyzxUOXoSPPNRo0llg4wE7jetAzgDjvjbg=,3596.0
consensus_latency,xdPs4hVA0VQ/tPc82xGHd2AVhhF+aRVpSO8SpLRrpyY=,3596.0
consensus_latency,yZBvRfqlZ0w2N8kud1zwuRJanwr7lhR9xi4o40VRdeI=,3596.0
consensus_latency,2vx/oRp/u/EhwlC5UjJVr8AmQI4guaRFIWgTDUhPVlA=,3596.0
consensus_latency,+t0p7WJRnVIF1tuqWneX+tlBUW7BnjEZvtsav10jY6A=,3596.0
consensus_latency,/Ha6nHHLj6rleG4BK251JX+euMK4NF9sluHAEV5NBTY=,3596.0
consensus_latency,g0z5Ao3JiQFAgtLa9YDENiguduZVdRWwpT3Gzq0nL0g=,3650.0
consensus_latency,mIzCN0vIXuB4UTf/uD2nZdY7kf/wmiiYmp7dclJ0j5k=,3650.0
consensus_latency,xEEPf4bb6bf9nwNjcGC4NwhbcairWVz8Hy9e709IJ58=,3650.0
consensus_latency,0CUsA9xEecXVWzKLEOjl2g6EXS+IvU3HkDRCeTO05aA=,3650.0
consensus_latency,28teNK7sNUOJ821ob3jjtv4AMPgiEC7ShfxuZM9tWnU=,3650.0
consensus_latency,7W20p0tLzoROdCsb/u8pHo++6V7dx0YDIKABnWhPxZc=,3650.0
consensus_latency,aXp354emQ/TG7R29BfUbGZxyxY6QqVe/X+R7oQiXE1Y=,3648.0
consensus_latency,oYV6GVlkCF41KAHFBJstdVx9iCWF8IsoWGjbYajPjaM=,3648.0
consensus_latency,uex6RidHRW5Mv4VFFABQtsQOAQS/YSA0nHgiGs8iYUk=,3648.0
consensus_latency,yJItTI2gPYv3RJtVPcsL94sGJcH6oZ/AVkkQZV4hCgc=,3648.0
consensus_latency,8Di7XlatNOxE2biuNswBHQVyfF/8ySPoD5kbA3MSncg=,3648.0
consensus_latency,8MwKBI9O4MMGfcH8LppGJm842EusUl/FVp3gi0aGpgU=,3648.0
consensus_latency,T9ZFErgFYy9OP5/XqxwfgFXJ9IWUNnBiyNlL5ZLaSTQ=,3649.0
consensus_latency,ZP23oGRDCXiYi7dk3xRv8ph5vlgk3Un/VVSRYQEU+oM=,3649.0
consensus_latency,cAbHnQ3NjnyBb7PCbU1oXd4vetM0IPDtNiczyPlOKMI=,3649.0
consensus_latency,eHd6LHvsQWokizGT8rwlu+16D7Uh+Cg7q96X4PAp2qE=,3649.0
consensus_latency,wsW4vDadXGIacNk4D1NNI9rkDudbB7fKzxhVICbdOPI=,3649.0
consensus_latency,50MDXJsf/BosdlDcciWEx8A4RfxRXL9Vc2XtLsBye8M=,3649.0
consensus_latency,A5yfzLdIbPOTMHFRjGFIPAJ6fdqc/h9UycvqI6tcwF4=,3011.0
consensus_latency,ELvpwhc/eplcc7Vp2+cgDh90ASj8lQzrO/40yDGUqVc=,3011.0
consensus_latency,FC506BglblBzbO14rwomnQ3P+zepYRNk3NJz+T4FSpA=,3011.0
consensus_latency,IY/LgDfmsTL5/o3f8QLFNgjURJrz7jIvtRc/iz2zSW8=,3011.0
consensus_latency,LVqCjd4rt3q/5wcXDtmCPhJWMdTsoY6UHmrR4koPUzI=,3011.0
consensus_latency,TIwuFtBe7k9OFczBWaMRWh1Pqa/D3n6n8vHID4C0IvI=,3011.0
consensus_latency,USE0RnyWLetClO5OJ8CiKnut2MVwgMJyxU2danTvm34=,3011.0
consensus_latency,sZ2UEsLi0MFH+3Kpa5mwVmLRAA9U8d0NNCFUOLuIgEo=,3011.0
consensus_latency,2rW6opYMBtaATvKt7HHiKF8qbu2A4VAqenUL/2ovDOQ=,3011.0
consensus_latency,5yFrnpu86iqkvjKn2wEwKMBRabQULCIweTLS0+aHHN0=,3011.0
consensus_latency,6DpHBAaNnl+oLm/zf56NgCMCU9GZMhyvL98R1FP4Wt8=,3011.0
consensus_latency,/KUtNNdP/IljeR0bziCPT0frFc86+mqZFkOyYL7G8eM=,3011.0
consensus_latency,AeO9JIznfTj9nOUo0ss5WOeZNk+jebPtiX6oQUkExBA=,3011.0
consensus_latency,Ci0zsc3PqB+qr6qhQ55emE25GscqmX1UUdOMwFmdO7M=,3011.0
consensus_latency,GbYSv3zOuMc+2FsIV42yVb2xqtqc2uDfOSz9UzS5lr0=,3011.0
consensus_latency,JBeBWISAOUMA+Hoo5bgo9f5/Da+cjt3CFWdWCaEwF00=,3011.0
consensus_latency,MENieCFi3/PYlAi8nQv3yPLwXcKERVqUqtsUPItpQFk=,3011.0
consensus_latency,USUghayx8ZvFVkh/S/9ZSsyvoc2IDoXd0WDCent3TuA=,3011.0
consensus_latency,WZ2KJcRr3+9WECmWx/BavE+o1nsJuGBO+h2iqgl55yQ=,3011.0
consensus_latency,YWcaeMDPR7pmDl0k/2jm/MMpYABjxKjW2rRd/8z+J9o=,3011.0
consensus_latency,g5gGfcCLZrdVZJy8T4ygvmn8sH5LvIbud92V5mesl40=,3011.0
consensus_latency,ne8C5K69rHQD5UUPwFrsMr7VNet8qpIJ81GUhOe7pgc=,3011.0
consensus_latency,0efmecZ6+g1yksyQqKa80BN0gh0bvPRlKqO+MkOAZW4=,3011.0
consensus_latency,6bqgqyDzdzQNCPo0zm8RjGNnamkRGT2UjOnoKSWE0VI=,3011.0
consensus_latency,IYnu3LR3eFgcoUzKnfok4Rqqb/sQiBrpQAVbJGeH/4g=,3064.0
consensus_latency,Xrbcv1Pdf/+qT/tWPIzdM//4xu/nMGu/Qs2lt+Smgbs=,3064.0
consensus_latency,ZuodFy5M4QQTEtn6LoGZF9hZamCtmXBJ7LLxiX3we/M=,3064.0
consensus_latency,bfYPE/MfVfNK3KmLCg30kyehXg66DA8Fwk16cTP/Z2M=,3064.0
consensus_latency,bmnxQcvn4M7to+9t3PQTydcvDNyWglEvrKx0ktYpL50=,3064.0
consensus_latency,jR5nltXFl0iJNuQdHRo9MvMylTUcGTm/mw8Di+xvMQI=,3064.0
consensus_latency,j/tsrA4pbnyKfRbCset3My0aRaRdARjOg3kmqoH2Hfc=,3064.0
consensus_latency,nEZnQROCwhSX+Dpwc9MgI6bvm2WXgVz1/KNmFMQhANU=,3064.0
consensus_latency,pT2wa2HV/ZH/s0iOylWBEOGdsN1hlQOsqnnXu3PMgmg=,3064.0
consensus_latency,sNreLqwQbXnJxivGzoA1O5xEmUl33Kkq88AQ+24IzHU=,3064.0
consensus_latency,5kLNzr74FeAkLDH2tB9MCWHtU8XgOA8HfYu0KunXchY=,3064.0
consensus_latency,8xDJPGQfZBd8MopoSPv3kzolwIy9jcngZn6ob0mQsLU=,3064.0
consensus_latency,+ZA6+sINhDCHvwx5QStcJStCA5heKBZggZHDNQLoaD0=,3064.0
consensus_latency,UXxOuKWohsGK+AcubWsB5y/Z1I0lPqRFG57nxgRJW0c=,3010.0
consensus_latency,l/Pxtox7GXOSTF0NkfR/yUJ4gz9nazt94lqEZx7pOvs=,3010.0
consensus_latency,mwICWkJZ1gVKc6Bt0SioiuESKX3bhqtxX9afc4Kr5eE=,3010.0
consensus_latency,uU9skaioITh1+wKg8wOy436SODT0aaZ3/vrJ3RGo+0w=,3010.0
consensus_latency,xK7C6Np9SAlRANxXv1MAMw4EiyPCfApRepdLR0iEFiU=,3010.0
consensus_latency,xpfvmqBYnIJjEfJ1LpuuYu4Wh1QCrwPccBtowaheTBY=,3010.0
consensus_latency,ympQDwP6Aa+22niCHHbmkx6P2GP/cNS06h4cGMZ9HlY=,3010.0
consensus_latency,1hYe5SELewlrUyYLfQFkIxfmDT3bedHE4twkojHMfes=,3010.0
consensus_latency,5jrr4Xfbh3LlWTaGJCxtlVbWFq4HUWIFYd/R7BVKLKE=,3010.0
consensus_latency,8FOSy1DiD6e9dMe9dWQcU/qu2+hAddIJp+xFUO9E1jg=,3010.0
consensus_latency,8LjC+D/5jVL4ZUB5GJMdHGynQBzczUbcURfJppNcIwM=,3010.0
consensus_latency,CAjsedJonQpFwNiCGUy2sQlLTka/VqM6Z/Ne1eKmWmg=,2974.0
consensus_latency,DDOMJbFxZb6oPBVhnZeKSj3MnLOW2pQ63HJdS+UWE3k=,2974.0
consensus_latency,FHTUAxVtVtjIWJmdHG8WWEkvAL6e7kS9WCxEYNKiMNI=,2974.0
consensus_latency,JIS2hwr0houdsCAqig3SiLdifE4GcY9nwVqcLDzsG+8=,2974.0
consensus_latency,LHShNx2nepEqOyDo6b4yQYePRyyd++Ox/Q42gUHkKqc=,2974.0
consensus_latency,QGYKUToop/6IbeZpgZo9CLKpgdj2YtH8rnvr6+TDdYQ=,2974.0
consensus_latency,bY1pn3wZvqYNQnvDxfXNXl6qTnWyrOH8LUoY6Qu/UT8=,2974.0
consensus_latency,pVlyXwTTyj3HiKjf4lZdw4NW49qULnU6DZ8AcgZfUN0=,2974.0
consensus_latency,vAGgJUbXFHSRjc7r3fQ6xe4DV9J9DaoSnbhFa8V+QNs=,2974.0
consensus_latency,w2soZnDlvrcXrKPJXGebFBwrAJApOMgj4j0kUknVaeQ=,2974.0
consensus_latency,60ok/WTb8EqCC880YV407nvXRgTGQr3BUGAa2r92M30=,2974.0
consensus_latency,+A+n0YxuxsFKWvg1rqY6jHnxob2V+yvbtsJvJBJiCfo=,2974.0
consensus_latency,+h06rc3k2s90Wsru00TWOVkkXGrlOojMMdWjOnE3uo8=,2974.0
consensus_latency,D5e5XywNHqNy3B1EK5hDJ/VD7+tZ+iXLDsi/AV+3dw8=,3012.0
consensus_latency,Io/CHcL8MkccZpZ4L7xE3JjpxwcIfXBCWmI3RyLRgb8=,3012.0
consensus_latency,I+IHVnxYPYkfhHLB2hIMVFtKivQBQIEerp/mmJPA0wk=,3012.0
consensus_latency,NG0p4dS34YlI4Ds1I2cic3wp4px0CJtGlDHyFMaBCT8=,3012.0
consensus_latency,Nz0OIhI7Xb5/m2SCupHpAiikqBXiMZboPDsI/zbveGw=,3012.0
consensus_latency,eV6J4zyen1xBQMYzZRBwNZu9s/b2mF7s7rSieodVbbE=,3012.0
consensus_latency,gUHLuEmQ/OO/jQlldudlaPcLMw8HudKIPGM8Bh1QlK8=,3012.0
consensus_latency,qTrWPR6v3FeUwYXXaLQ1jVCMfvTvo6VxiTPxvylImcU=,3012.0
consensus_latency,zxfPca8nZtbBjBZDqDzwwi2qHXQRV/pJrOigeboiuL4=,3012.0
consensus_latency,0z/BV9euQhu0PUp7nzL22/7O3n/0MLAK0YSEX5lUvoI=,3012.0
consensus_latency,4OFM+Ag2y3ZZqgK1HX3S66eLs8fQJDZNTEfri3OPIK0=,3012.0
consensus_latency,8kW3fwqHshuskagWsZ/ZmIplX2QhXr6c1CFezB/x0ns=,3012.0
consensus_latency,Ov5YHN6j2dKyUSgltgXrnNZgRM7tb9C2Ub9W/CvINCY=,3065.0
consensus_latency,R0B6V5z3aGHRBqJfRl4ct8EjX7GbxmlAQYRnToGT5ZA=,3065.0
consensus_latency,FZNc/7Kg6wgOJa1RZh9DiegS0ZvJv1oBitvqr+fsJZY=,3012.0
consensus_latency,Gmz/DykTTt04SWSazwS1XLWmK/1oUVl39jZk5uuCtxc=,3012.0
consensus_latency,HcLvoGoxX1zUwl9mVpS3l3m+wqIEpEHYJcscYkHu2lI=,3012.0
consensus_latency,JaQWb/HMZwTL6/W2kZ8Qpd7YuU9SqaCFYDkrely/fDg=,3012.0
consensus_latency,Kbhp7wG4yB67i8Z5+4DB41XjSM8ScXgz9qH/wn41xRY=,3012.0
consensus_latency,KxrIepQ6ryi5virTbwY1pCuxIWd43BBdJyrJbwpVYRs=,3012.0
consensus_latency,Nrr3p38wP3QQyuUju7+SpBvo/tag2/V2LrbammTMU2w=,3012.0
consensus_latency,TBDrn+xqW06LUI3RDgfyF5wiIBPCYSYx6gDY75GzP2U=,3012.0
consensus_latency,UVSxAUL+RHSd28R+AAdagJGAgO8EaZomQDkSqL47w5k=,3012.0
consensus_latency,aAINiNysKowkd9hYqRrZKjxn9gf0cTr2SJuaUKk6HN4=,3012.0
consensus_latency,almR0Pq3SC2WxuoU+WxQaJyqVv6mkyEyfqqXKUPEJ+Q=,3012.0
consensus_latency,b/G+vpOdGSY/FDbL5BUADsee4Og385ppKXZCM1/+NS8=,3012.0
consensus_latency,dwkxE5f3qdhqtE/PC3t4IEfVdMRCg4TMNCXo702FR7A=,3012.0
consensus_latency,gUwpdbHwWYan3ICQuACrt8nQLHPYfIxnHxtUKNWJ+8w=,3012.0
consensus_latency,hSNaQ7uixBI3G3BBZqBzDP2juPCNfLkrFw4Nv3vd4zY=,3012.0
consensus_latency,juoE6rsFHMxrQodHk1Y12za8PDnh0yRh0rq3pX/7FaU=,3012.0
consensus_latency,mL/sh8wbmlWBcet4hBvwz8Pw7FHA1MvaEXTw5S1pM3s=,3012.0
consensus_latency,p8HUQGnzcHQii4hiJ3coiDajgElVxY3N6jYUetCv2Xc=,3012.0
consensus_latency,yRr9Sco67O5u9GNBPoXB/nJhWzK5HAGLmtJKVTT2LBk=,3012.0
consensus_latency,zuQajrhSoRGf/eekbQb6dXBLtQNQlf5/jQbw+ppI4Z4=,3012.0
consensus_latency,15nl2DYU66+tHd1XrGRf9teba/1SKP5+D9ebtOYTExY=,3012.0
consensus_latency,44Ag9YujqNiYjLNl8bcHK78EDpBfnxpfAK0zZ7ng2j4=,3012.0
consensus_latency,7xQA8DLF+4YJR5XHsmAWkRvzJJrPmupdwVcLi/WycsQ=,3012.0
consensus_latency,9V3HEADYzW7yNU9nKlThF5BsdA1ZqajdX5n5ZK8TKgQ=,3012.0
consensus_latency,/vSPtLkx9SEUWL8qUeYVj6iNR5yOrNjeUoonudz8vIk=,3012.0
consensus_latency,EywIreto/aYHt1wc+lbJiY2CPRqep6p7yoZWUKyFQnw=,3065.0
consensus_latency,MiVRpuZqu+tjDJpj30prgNUgzxiSb/L6TbQfxYryoeI=,3065.0
consensus_latency,T9Tb/8FsXQTQqNFu8Ef+kQL73gq+I+Y5NvL9DZ4IwRM=,3065.0
consensus_latency,YvfgmoASwdwR7iKytTbO1cSOi9bQM827Rb06uK585sw=,3065.0
consensus_latency,dacUajzmSsZtJXFhGJWolIliyA4YkTeljISPlzzH610=,3065.0
consensus_latency,oP2thueQRxlRGxC407qCJ6GYwEocpl0FvCVSfUtetDc=,3065.0
consensus_latency,sMgkgc2CMwP8C0CJ2q4HIuy6iVoB0fkMjW1ycllLSDY=,3065.0
consensus_latency,st3+OMrcmLFIyD2iBS2r2aFvppkUE8tn4sG6k6e3dgw=,3065.0
consensus_latency,uoJB7yDPioYP9fgix3eznBlkBZlsm8flaU7ufUPbZxE=,3065.0
consensus_latency,wIC8btQgbfVS6lPhUV3chATMXr9PVgvar+OIxkfwLFM=,3065.0
consensus_latency,134pPfhoTC91x9LmYNXpvIbXGXSVU8M9nvpG5Xx+b/A=,3065.0
consensus_latency,5prDbu0JtMdrR90HXUYTN94o0k8VMX4IYOzBCyzY17c=,3065.0
consensus_latency,lP/x44xPckcVaQXOnBmsKzI+6qpvFgp4Ib8AMb3GL7I=,2924.0
consensus_latency,Cpvsg/5Kd/yg86S/uf7S0FKIbQKrSj0BGFF7edvfaJA=,2894.0
consensus_latency,M1hLx5+8TG0gXtGG42xkJ5ZOYFw5UDXR7xqTFn8jmF8=,2894.0
consensus_latency,NVyE9Dw89rFYPdQ2szti6wazXbNbZsrTw1mztgu7QLE=,2894.0
consensus_latency,cXK4v9Hr01/xm6GoJVWwi+4uA3lRTiiuFKTRJpzBjvw=,2894.0
consensus_latency,djWvuvtun8CZgR6m3E+38hkT3ki/Nh7nESLDcwFrs6U=,2894.0
consensus_latency,oK/9u/ek5PrvG5voPkx6L61vuZCvDpuG+HZxfvpOg3k=,2894.0
consensus_latency,sFyF0zSf6RIRV5ganMJLxP4jqBYQ0VwRwH8ThE/lxrg=,2894.0
consensus_latency,xQtU1gws6DxKzJ84njqY84TFEB0aC8z3V0kKH5thhRQ=,2894.0
consensus_latency,IyQVhI+SASfvE80lL2XV7z6gHxRrtUKBzIl5Yfy+jn8=,2951.0
consensus_latency,KBAWT1rQ7Bz6VgFWcFmKzrd3lcbhHQ85vLCG0p9NEJY=,2951.0
consensus_latency,X2JF9mTRtVjxNRSqsJ5FXgGkU6z6ZiwFhjZY3g7qc8U=,2951.0
consensus_latency,ixFXYinclGtPFKIGEqidYB9Xewq8WjwFrijOdItnfjk=,2951.0
consensus_latency,GFCVMRejU8q5moO9lymY7e0ruk03o05AdUZM4GM8TB8=,2951.0
consensus_latency,ULn/E0Hps5+hBogtzC5lm8lOX+Yag6+GAE7EU945PA0=,2856.0
consensus_latency,usawKAtjVSYuwMkM50V9nLug8N7AwZDPLw447pChHJI=,2856.0
consensus_latency,OltjfPz015fqnSkFcM1e3cD7B2p3vP/bB8HLHlto9Gw=,2190.0
consensus_latency,ae/FjkcGgTjeAYNATpABydftnAGQ6FO89m+48rmA2r0=,2190.0
consensus_latency,f+Z5o20Wj5P4GMDHJA0S5ZG4lhhMLu6Oq/ocMTnb1cg=,9030.0
consensus_latency,9S0tHsQMih2T1wAck5FXWrarXl+eJnVjJk8904U4/b0=,9028.0
consensus_latency,32sqIT6tGZ8+eMQEIcTyH/4DKVgSqJM1YHAdd63hnSo=,8323.0
consensus_latency,uXTOeMDlXzmQXnxkoiTB45htT9FxAMelPRjjVwY7Pjk=,8324.0
consensus_latency,5vIFsVymZUKw1LGhVHTseHNUoWJEI76e5Wablj7NIBE=,8325.0
consensus_latency,Hpe63MoYuFZaEEuu3dp7QlMEW+R5/WIiudCWLHTh2Mw=,8266.0
consensus_latency,acGbgDmSfvCuP1aobkQLDabuuUzb768msAL19XxNVxA=,8266.0
consensus_latency,b/wneZHpUxybUaImDRq8wp0/v1+WRGKS4eU4Uc/68CM=,8315.0
consensus_latency,AT0MfHJa/J/LDeIemDg0AN6Aqb1Np0RicER0kanDnrQ=,7685.0
consensus_latency,HjE5gVK+C6JA5lFTwnmOK8HZtR0BGuU90phdYHrbGck=,7685.0
consensus_latency,I7CvqjAgMITCF9Zf6IoNRXKvdiDLHSSvNpj3I29WaFc=,7685.0
consensus_latency,JTE40rHPG/uPZIPpKBUjQxfMk4lBji67CD5FA1VK+jc=,7685.0
consensus_latency,OmsCPYXhDhk31lSYSqSB+v+C/l60SJo0o0JQzoCMdbo=,7685.0
consensus_latency,OvtH2V1g+HE8wNPxuCFtxggWEzy1C0qsvOwmmnyMkYQ=,7685.0
consensus_latency,P4xzYiB6dvAGKSXJCZTfB/6Wg1SyL6hqsp5b7kEL7kA=,7685.0
consensus_latency,cIEuWssZAnPxYWiZeHUkZkvP+ZPfrFbbDU6k3ciYQEQ=,7685.0
consensus_latency,hCkk/Vs15WpXHW2MdbdUZfUXV+ZYkmHUOV796/ZzCv8=,7685.0
consensus_latency,w8YvuVsKALsAN0vO6NAvM1X/s7v/BRpJg7JzJTVusvM=,7685.0
consensus_latency,xDDmsi8a/vUEXWq5NWjRu1sQCTd3G0dmoUN9P4DALTk=,7685.0
consensus_latency,249Djs9mAVBRHc00JcG80hIkTLGeUpXa+N3wJ+lCgc8=,7685.0
consensus_latency,4wtD+g6oeQ/phcwlxf3DUCP0kIef1PLrwRp79B+0+18=,7685.0
consensus_latency,6yjIeEwHblWgJc5G1Lyc4O9hOCpzeoNGDN8A15rpm6I=,7685.0
consensus_latency,BiYpW4xko0NnIy9ZVPgurxVx8r3v9nCsE6m+LgLWb90=,7645.0
consensus_latency,DEigXRqgSJRFUtyc4G7sZ10VhgroehlWDRrolhjKE30=,7645.0
consensus_latency,ID1xTPm59xQu2MwBrGPHsZg9d7TR6qN2Zhb9wskFv8w=,7645.0
consensus_latency,J2D/azYfHc6A3pAw46VgpTyX6lXTDaYjRb4Hm5053Y4=,7645.0
consensus_latency,Pzv23yi5FIo3QHVcDOujOYkNL8asd+r0qb9bRiJ7Ivw=,7645.0
consensus_latency,bKApbsyvF7qE/cJc0WRWieb70Fjxv3k7v7acfr4D16U=,7645.0
consensus_latency,feS5RK3MIdoQwKPQn/vNBglmKmMIvPMtSCZPzFXL71U=,7645.0
consensus_latency,rJlwO8trL5slhqQ0wxCasalAUg1c8ladxHmexzT76uc=,7645.0
consensus_latency,sYxh63vEJJz+Co7Q3E+dRyDwWKPXZEMEQmcZHuuM0gg=,7645.0
consensus_latency,u2MWOwydDDZpWQK7ozhqmq7Wq/ad2zFkLv+H40y5iOg=,7645.0
consensus_latency,vYKxqrfY2VgJAU0ouedBFAvIRm6Bwpr5KN5jVqzkOco=,7645.0
consensus_latency,xw2g49OqVrMD6+bVfgX5NEXFJbv5gG1mismCR5wKT78=,7645.0
consensus_latency,zlXOghh381qWoI36V71MKJ7d/jNi8g2857MkB01kP5s=,7645.0
consensus_latency,9K9+/EmGGnAkgrxYLoUtmHIeeaS8qzPeJ9XZGEZ1u68=,7645.0
consensus_latency,+jLBi0P6zqvXgzYu898//79xFty5lnzr9D4+U9JdvJE=,7645.0
consensus_latency,/RVqfMjjcgMJkosqj4CgP7cVOZnNJAMJdceN3mLclH4=,7645.0
consensus_latency,F1XjBHA+97TXqbRBkjxktjs3JRA1Z+8dpGa4IsPvUXo=,7644.0
consensus_latency,OliY7Ztbg/6V9GMmCapxBe1rwlhFrHazXwFv90zfTR8=,7644.0
consensus_latency,afIUA8TpYOf6YEoxc4+O4Yb3Yz3H3AOpVvVJEas24HE=,7644.0
consensus_latency,caBKCwuod4sMeV5IbLY6wqr9RfJ2LQsNTgvZ60UzO24=,7644.0
consensus_latency,cwPpxZlyn/hHaY1TroJq7P9tjMkF282tKgSuG0IO/QU=,7644.0
consensus_latency,ezGznbrNbk3eNUAxPT6XH/wR0ZNoviaZwjHEFtgoT/k=,7644.0
consensus_latency,fe/oUIWCQtHcJj5huG2kmTa3ppSXUdTpE5u2fhOJEUY=,7644.0
consensus_latency,iyD6wTy88lT4u3ouD9g7xlK6G1QKEC0iTrQQRuS3Q/Q=,7644.0
consensus_latency,kEoRowVCkBYDXA2N3nXsUJ7gIt3ckHcy5XJ0RbmVIKs=,7644.0
consensus_latency,lF/1TwfuUP3oSeJF2IgtprvM6E6nRixGtTgNUD9sD0M=,7644.0
consensus_latency,oaN3+cfuO/vPnFTWXQR+98nDdKNtLjke0zQjQc5lSYw=,7644.0
consensus_latency,q624vMA6HzN39CtDNFnBS5Ipn8InaFLV6T5wGFgCCf4=,7644.0
consensus_latency,6eM/TkZFCLzSdA2e1TXAGLhSgE3ewBFpaBdSYNLy+k8=,7644.0
consensus_latency,9F8C4DVNRpZeP6D4bpN+rsnNDPA0xX440UAnBT67o6c=,7644.0
consensus_latency,Bbq/PqnAwXKqaZmPC5x9Boj2D51okgrbcC43iIL6SeU=,7646.0
consensus_latency,FPv8HiMDgvjMR9g+17Vni/36wxHHqzwQ1qRIOyO05BU=,7646.0
consensus_latency,JcuSFq6a1JWwOE7UTpoX7orCPkTIH7vKhIsVhWnTyJ0=,7646.0
consensus_latency,RacqjUmaugBISYT9nPW0FY4NJnbCQXO2AU4jUpwljho=,7646.0
consensus_latency,TbL2gO7jcsNrS3D/tLSO4zAp8TSQ/n8R1YfIAl/4354=,7646.0
consensus_latency,jdqZ66xKqv4Q9JbC4yVF3FdXi/3/JvNCfOReS3eHcEQ=,7646.0
consensus_latency,kgySXh2rBFOJ1F5z6GNwHIwWyLnz4jF+7sOQxyWPNnA=,7646.0
consensus_latency,o4xJwMquPIeWc+/O9pXKYwT5lD2WPjrn1jE/fKJCACg=,7646.0
consensus_latency,vUCz9HBY1ZORK9/GbJVl3BmqhfooGUe1+5RpxsrZ6fE=,7646.0
consensus_latency,zomqfGSD84eyLSzAzsA8jJNKzEtBL2VauSxVG/lnDQk=,7646.0
consensus_latency,7gtonWdJzfQXZ4IzjLBfsEr3I/EG/OJqifC6730WbB0=,7646.0
consensus_latency,92mGtHjUKe1disgfee2iqThlPj5ONo/iDFOKtR9brZk=,7646.0
consensus_latency,/1RYKNwwJiR1MhJZfG1tZ3NiSN6YnMT4RRyGClmUS4A=,7646.0
consensus_latency,Ah6QIIRvZL67DXMtb4U7M66x/gK+gvX8BDVk2GPR9Dc=,7644.0
consensus_latency,Bw7X/D/4GZFT96sLbNSMrcl6pCeNiG826JvbyHgS1ZU=,7622.0
consensus_latency,Ojw+qjKoww4ywv7SxDfV/vP7AR2O+JbKENSWudk7Rio=,7622.0
consensus_latency,SSuk7wq63adRlNQmGfqBWSJQjQEWn/kpFQUupgd8H4w=,7622.0
consensus_latency,TOH0bDjMBisqFLnlYdCHned5GEJQCR3yOKXwhYZy0s8=,7622.0
consensus_latency,ba/Zsau38ccGtREh8q4EhcbGwcJ9Qj2VRQ65vkVo5ag=,7622.0
consensus_latency,dZFBWnbea99y5DWrzhSS7nwb+uGn0gsyV49pVZgv+z4=,7622.0
consensus_latency,dn/RdT4EzK99zMPuCTGlocZ7ICYxRG5Y8ZE142gtF3Q=,7622.0
consensus_latency,lb1yIwlJ+VNpzZc7QOJGNwRjxMreK7hOMcyhRLiEnFY=,7622.0
consensus_latency,q+xAWuUquxdHNU9aXLZZFb2bgXXS9XktDpPoUbYb4Xg=,7622.0
consensus_latency,ud1FyDtRsk8hZJfze2LfDFNHHYqyjczuMDJ9qRHhNfU=,7622.0
consensus_latency,zwwMJ8H61anoTTY4Awg38cJQf8kdDuVfmEdgEt/0qpM=,7622.0
consensus_latency,2RMEG8gR5hiKJF5rdmhoSja+3U54Tbnk+fcMXiaji/s=,7622.0
consensus_latency,8hP0yjm93fSWPaluo4Xk3e2zj2vMnXXafaOBIwTs6yo=,7622.0
consensus_latency,APX4Gug9dfLahySGddZ/GZlYjJPqdNwTGc4u0im/PmU=,7643.0
consensus_latency,Elj8GtGjNQqi/TYhPFuLj7M8r1KxY0tmo3ZTsmdLKII=,7643.0
consensus_latency,MVhmSQNll1Ce+lhjXISDFWw/z3DsjvjusEkl6FwmnGE=,7643.0
consensus_latency,NY+iqLkE319wyt9jZGvAZlmx0MSYgWqyUDDSiUUm5Y0=,7643.0
consensus_latency,jPtI12pVYzbkW+UWnBqwpsOfLWUWDLz5af51dp6OK4k=,7643.0
consensus_latency,jigqjH+Rc2D2LhPc/MWplfm0vUzCHkD+HU4JDsQtn/4=,7643.0
consensus_latency,lXJhwc8i/nN3uD3UypraMf8JYoQaybftufsXBRNfdt0=,7643.0
consensus_latency,qDRwdxG9leM+cWxC2gFmQgNfcKoAy+OWlHMYXqmvHl0=,7643.0
consensus_latency,sWzJvoIGnbbs//r9oNWQOgot1TmBzYIHrXIoGeFQEVU=,7643.0
consensus_latency,szkbddoU+naVrXnV1qLXyPV5YcsJdn5GA27NzaGZvpQ=,7643.0
consensus_latency,2rsy2fMGEOQKgb6Q4dr1x8/SdzSWXkq+Y91uuvirueQ=,7643.0
consensus_latency,6MLHl6Vj/S3RaXntTaRwS1qALtDz0tejQQ5/GKy3TEc=,7643.0
consensus_latency,8FMdGswwEF1kMlJIybZcTZgwwSy73iQm2vwINXkRsfg=,7643.0
consensus_latency,HvBP8r/TeXhiUYnsovQLRWGy0VXEJbept495wl0ElfI=,7646.0
consensus_latency,JeVPcb80b0wu/pDmRjUTaP5kipgQqvz9cK79sMisU14=,7646.0
consensus_latency,L8bYdcsY7qxa0SBxIJW+ezmmDxVALmYnNWvMQCQVxVg=,7646.0
consensus_latency,Pz8wXuxK2PYv1/Tb6k7hycuged6pb3Trs/rdsBvX9Nw=,7646.0
consensus_latency,WeZex4JwhZSH6LnMKNlEMbtzTzK72E4C0xn1S0fM+Es=,7646.0
consensus_latency,auy9zf8IyFzWbQSZt5jBPWMR5O/UME9cAKf7VRguMXY=,7646.0
consensus_latency,dvOYdSsUdRrV3hkOQMQGuFYpdAS+AypfJHu9QhaNHFs=,7646.0
consensus_latency,ep6ujlmrSs+3oq8sn+de2PP0Tpvhrt42ZDVyIeaTe4w=,7646.0
consensus_latency,e5n+v8kzwCSIr7/lkibITkXl56WG6VYXbJ6rg62hmms=,7646.0
consensus_latency,uJWVpch4PJbCZsmhmuJlpzb3tzbMJo1Pdu+VXfW8vk8=,7646.0
consensus_latency,vzk7Ph3P2I0z8jdbwBtKx7Hp7DlCDzTXfE/Z0gyY8qM=,7646.0
consensus_latency,1uLLsh6KdAEYsUsrlucLWA28C14ZNsFKbZ8cQQWaQbA=,7646.0
consensus_latency,3FavJiNX7mdD0+QEDSkOdoP2miSrVWizTt11hXmmR5w=,7646.0
consensus_latency,Az8OvLQyPKYQyfEvCwd33tuz1MMcGnNAySr68Xa5XsM=,7763.0
consensus_latency,kROCP80RCWuhEtibNbe7DvfZiTcOk1y0fh1aGpxR/zg=,7763.0
consensus_latency,2gpojUXOSW9sPxaX7t0Lk7bZv+1BfvBvy36swTlWAbo=,7763.0
consensus_latency,31ZbVVYMChZbtFIcdGGmAF/2xY4vMFyGvu6yvX2GEn0=,7763.0
consensus_latency,8LU2ek2lU+0QChBeCFY7aSIxexDhfygYnu8fsVBmMqo=,7763.0
consensus_latency,+rWD69O7F/ZcmsHAjO7PcHoz7jLfaUqEmYjS/QA63cQ=,7763.0
consensus_latency,Me9DSlBjuTOy0LvqAOquiAtTM1jlUc5EkE9s9BOHkQ0=,7314.0
consensus_latency,OxhsfO/QlkxkIq9SVQvJbrUFb1ialaYfcRHon7PxSXo=,7314.0
consensus_latency,UAzw++EhYcsrRDiSljExtgEnYykcJQS2EDoNk6d/AKo=,7314.0
consensus_latency,Y+R76GzqLmCon5GTj+zUSl/olcDsbjX75UiM6TbUOoU=,7314.0
consensus_latency,afQkBPg6lwyRoJcC0rO+1yMeyCj1xlrhjfndBwlbQ1w=,7314.0
consensus_latency,diXCLvnKCI5am2UGpptKB3dDsc9K0z4VfA6CHA9X9+4=,7314.0
consensus_latency,hx3va9N9yLmF9d7lu7fG/YUtIwsHq+oYBouVYOLXCQs=,7314.0
consensus_latency,lGCpSu7SVeWpr/OnqpYkpp4vVIdkemR9xuC7Zj4fsRg=,7314.0
consensus_latency,oNlSz77zN//NwR8EBUJo0gE55UMqDDAhu3EWO/PjFvg=,7314.0
consensus_latency,qwi7NbToPO8xWhk+bbAHzvXBKHh0HngLgBXbnCDYrLg=,7314.0
consensus_latency,tfjE9rX3d0rvgCZHTzSMq690YGOeHxjZqwqPEBcdUmA=,7314.0
consensus_latency,2Vq+x7t6ROu3mJqYSBhhQVUXMng6vQLy9ost3hevZ8E=,7314.0
consensus_latency,/aZMoAuA2fR/zJporknZP9alqCefw9L7O8S6KtzTS/8=,7314.0
consensus_latency,D1NKathYkbFLXcf72/AFWh4QIZ6edCMtM2+laevrYn4=,7363.0
consensus_latency,D+KLLN6k7748sxHe50YV0hMKn3j3jWRhsL7Epq4WVc0=,7363.0
consensus_latency,HW+m1DsORb/cRUzXpw3/gbpKd8ul2602XZjuBNgv2bU=,7363.0
consensus_latency,UJaaWqtQEWSt0UToEFDljQyNM1dRXtyLWFCzf8d2YTQ=,7363.0
consensus_latency,cHKv+2glw09ukR7QLo9VjKeFwv2SbOYYGOvZX+TEl1Q=,7363.0
consensus_latency,fZ9iWF/Xsis5+KegGt/lXWY0o/C/q4sRCIo8CXStWCk=,7363.0
consensus_latency,kgzV6moHrEB0ydte5fdrMNvoKePXdq2bT68UsgPf/5U=,7363.0
consensus_latency,sSI5KE5bDblpWcdCJOgvPAQQAkj5qjN6TCba0nL26rE=,7363.0
consensus_latency,tqhwWbsFIoDunTXzPLKGdBfK+6QIh5wlOE2Nl63Hng8=,7363.0
consensus_latency,wnMGfwY0xvMFiJTS0cFEXuSzlcXWUn+ifCn6gulqpnw=,7363.0
consensus_latency,xhYAj8umiO0UgJK9dt10cJGboqnzn6/RimLobtq1pQU=,7363.0
consensus_latency,z+FEQJXhfgE8EYJ7nqnL73ZGcLVtbdwyCYPYuwB80B4=,7363.0
consensus_latency,6Dg/kivrOIAgdbs/pAKlhNT5Dw18jV9M74QV7YUoRvU=,7363.0
consensus_latency,XiRsZ3JO7r1+uoW08IteMb21R9/+RYS+aU/iv+4pDh8=,7366.0
consensus_latency,bwPqSJZCgsyFgBn4ytHF3J7YLOLDnOf4+xqp2XxB1Ww=,7366.0
consensus_latency,j+3R4SCp+BBexFt4dyM2aDCJ0J2VK1eAFdI1+kLoDro=,7366.0
consensus_latency,r78JPMhasq/hdEzHi1qBP9o3b2WFXhkk9bjjn5aO/Lk=,7366.0
consensus_latency,wqNOSY+Dsq58nxMtIFM35EjYodj/Yzi0mmLF9GvZjOE=,7366.0
consensus_latency,Fn3IvW9WM95pAZggdB7gKJuvdvVrp9RQubV7ZUclKcU=,7366.0
consensus_latency,Orlb0dAy2O0YvtE0MwJTegCcBxwmbSMgyAqq/CXwN+k=,7366.0
consensus_latency,StZRqwz4B/cBkrU1/3iTHQm5caSY0y8YwuRjnKkRuuE=,7366.0
consensus_latency,+CzsZ9Hz8pcAjU5PUc7PzROvq4W9amvB0U93Vea0iCI=,7366.0
consensus_latency,e+1KpNNubu4/o3N8j5b9vKnsOfYEU2aqLrRqjOSIYps=,7362.0
consensus_latency,Q5De3Y7zgj1O/13kSrk+cf1CA8lT4QdnSa1atjUc49E=,6225.0
consensus_latency,bmWC+oBxO1cD/REcIiVvDgHlDTNbVnSo5GluMcvaMHA=,6225.0
consensus_latency,jWJItSJcVK9u1smtOOygwPiorCzdor76aoKfO8+UdJI=,6225.0
consensus_latency,GJPn0X01JlTnQq5iEEZklyl0zu4r/eghW7Mx45YPGlA=,6169.0
consensus_latency,JcnaUmq2lERnw3p7TFbS50tFyNVdDcqU79wVRSxMc6E=,6169.0
consensus_latency,MUsibf3shOm60pGZFUpnnP1oMPnR50+hupHf+vjqP4g=,6169.0
consensus_latency,WrNokz016rA0GszyF8caZOAzc9pDJTd9fmEAc5W3IcI=,6169.0
consensus_latency,YpHldkbm7662NeHr+1/H6a+iPdDeT3XyxgZFc2ry6bs=,6169.0
consensus_latency,aMfQgJ6Gtw4y18v7QM+P5HS8zpR6gfZELmXFXUFV+qI=,6169.0
consensus_latency,crSaGndSHRUTWzIQpFjfhwai0dArE1UvOLC9VTmKdfU=,6169.0
consensus_latency,hXNgSEC/KHHMOckcxx6A9JXH48l1bfhc/IEk/BUlNiA=,6169.0
consensus_latency,id3oaIjQeYkub1Z42uB1R+KQFM/oUZ3pm2omLQ9M87U=,6169.0
consensus_latency,lTld/c3LVsC9E7JyAwgOhDE3Un3rxsBcqXbarxeyb+I=,6169.0
consensus_latency,qSzIKPT1GKNoiyJ7n1JzaX5fxGn3nJhh3JDFLRhdcQY=,6169.0
consensus_latency,qYjC/l4O4FjnhycMD8/+lc05uPSjelq/7YPMz8ZZvQ4=,6169.0
consensus_latency,rGbRI7Nz/wC9USoJZqlDXcB8KDKRegErq8M1KcYpCbU=,6169.0
consensus_latency,v7sfD8SSiSBK0UtgVWo1xbr0p+1fd8rcVp/zkq9+miE=,6169.0
consensus_latency,ARt8X0ZKRo1ZsWAd7wkn/IHYbBwGIl4+4NvzD557wco=,6226.0
consensus_latency,vB5xu7UTTshnqmhj/TzgW9G5zGowEAjxFUX2P6jWg1c=,6226.0
consensus_latency,BnOwWqtc3En5Dvpa0SX6DQtDceH5TvlcicFpPWBIgYM=,6224.0
consensus_latency,HS700j1g6wBFaNL7ntAFmAoUYKc4vPwvxV+w1Lmb52M=,6203.0
consensus_latency,J38pcUTk7NjCgWWVZZmSTRzXpWyEcrNGYEE+eq7atns=,6203.0
consensus_latency,M0Y4qwLSSVuGC7ZdnUY/uYddGmGxHSXYZQw7lMOpHYI=,6203.0
consensus_latency,T/zr2DuT6Y83947B3L5qwzhukJwgywNU3ltTKCTQFmE=,6203.0
consensus_latency,gxkBv930/tKTdWs0ijZ8GiN+CGdd5JsrNebDSvUuxG8=,6203.0
consensus_latency,lIAyy/H4NlHSNrzYbqmw+ucZwrchJevbVOeSmiIM7yQ=,6203.0
consensus_latency,lR7IOiENXyB3paGG/1K80tMnpdy3oRmUiGh9gMZJE9Q=,6204.0
consensus_latency,lqWM+yTmgKoOAmCOygdh4DLzaDX6p0HKboAk/od3TA0=,6204.0
consensus_latency,nDP1kKzc+c49Z1X3IIZf6orJsrBvk/BYdBEjRcr9VcQ=,6204.0
consensus_latency,nRuQi9s8i0g1fK+a4WHgA9yGq25FvVyBJ2vKk/gm9LA=,6204.0
consensus_latency,oqECnRmLeOdlI0JhZajyy9TSLRHdQbYonLWZNnToqo8=,6204.0
consensus_latency,q1lNtl0fVbTUb0CmGsdYLyscDUH6ksLpa3f0Iq5Exfg=,6204.0
consensus_latency,rtR+AAuIvexvsZH/Li+nIL+DUxFPJnqIuZYnzxaGZfo=,6204.0
consensus_latency,5H1Gnq2TLmXNWW9sEmBDIMBTBy41D03zuZaM7rY1nDk=,6204.0
consensus_latency,6dYKzJEOEH+AttKgiHwqfOdtn/t+f+xbzkScYWwQyi4=,6204.0
consensus_latency,669oFnd28P+a/QYENdI3gWSo4JYAlQ8LOjSBJaA9a8g=,6204.0
consensus_latency,7PngKfbGGqbsVU3/NX5CkNY92l5spK/BG1o783Ke+04=,6204.0
consensus_latency,7QCxZnEqyBtRJZZY+psSDba9AeI4T65bQEwmbIAweQ4=,6204.0
consensus_latency,FXbEu819SX29lBO1Nfp4HRHl5gKoOTFWzjyNvoE4NUk=,5573.0
consensus_latency,FX1Xzpfrj3eAIGJhEqEgs9lDKfrGjb543IdZF1WqFzY=,5573.0
consensus_latency,GVVntcdCcv0lDMBOiTE5AVEXVDVdo/Om3MBZ5+u6cLM=,5573.0
consensus_latency,MoWAsjef2FZ60L7531pb8UbeDjFBuWexbbbiQEvGdf4=,5573.0
consensus_latency,Oxy4tdeJlea7wROGh8NfUprR4J+s8jPYkvbDtWOGDXg=,5573.0
consensus_latency,fBCYRXSFZ2oWY+o+jZ3sGuyfcTxlUJRVoFVCD1ApQjk=,5573.0
consensus_latency,j8WJG+k+W+kTak/5SyXYkXnc6LidlV33cIAg5ixO4ZY=,5573.0
consensus_latency,lBKr5xRSbMxRGCAPCMHCCMWp/R3rlTz3X6p/Xj9QyXA=,5573.0
consensus_latency,nQSfawuC0GYo7TJVrMFXaTn48Fe/sLhlx9QWE8eEvKg=,5573.0
consensus_latency,oa75pn4cJpjWE+SdQWKf8yA4ZfTUq5oI+OyZ7IL3y+k=,5573.0
consensus_latency,w5VTN6BjaMnkgtYoy6oNKE2BHSqdPA/WlZ6bhUOYR28=,5573.0
consensus_latency,xz0OkwyQzzB543U60n76jxpDMW8hPDk28k49jL5C+a8=,5573.0
consensus_latency,0YBHgZbPmqXO9WQH3zjB1yhyLvWWPAr2UOqb+SSX1E4=,5573.0
consensus_latency,55LnvpLDyXB+kflkU6pwA6LBPMzK4C7XaCAY0EVtqtg=,5573.0
consensus_latency,9ichlghvV1DrYFtJJUTDUNS9SSobF0R8gAt86qao9JU=,5573.0
consensus_latency,9oUFrbR1csSraa7pG0NQtLLilrf7eCVv87QyqJweXRo=,5573.0
consensus_latency,AXGTNIOt/lf+TICYce5O0PiVRIGz6d6ZSoypTExLOaY=,5572.0
consensus_latency,BGl5ePNJVVlA94EMIGfq4axKGe+MRCAYoR69FivsmIo=,5572.0
consensus_latency,B16kHoVSnZlkO6gdOOehHHNyKKsSfPqVTthVuLoGWl4=,5572.0
consensus_latency,DdEMzF+L5gQ8tJZqJhF82bAHjnlrG/+cywegVG2bxdY=,5572.0
consensus_latency,IKbAIsvZOvfOt5hj6CJ5H8PEhJrD36VYCx8F3JmL2Zw=,5572.0
consensus_latency,J7LKoLaQZqaa+nMTwkO2sv0aYc+7LbCx5KU28jVvNaY=,5572.0
consensus_latency,M/6V8YAwhXF49fiFqblzabZA+P/DS2gXUZc5kUgwBRA=,5572.0
consensus_latency,Pfn/H+9ZyvRgxhQhefJLKPN3xu4O3UcLQqbgX0TFVdA=,5572.0
consensus_latency,PqZnJYaPbLiuIKt8uos5MniOZ/vgWosar7hcV+8XBoM=,5572.0
consensus_latency,Sq83aXib9EB9SZn5kzo7Lk5wtlhxpNRdf7+JQ6HZKtA=,5572.0
consensus_latency,YGoNKlGMB0NM2tcLIklb4HAkKXL/3O/9aP4Y4iZv27s=,5572.0
consensus_latency,cEI04EGGoYiZiX2x+iccwgbVK3/RcSVX57acZFc8t6Y=,5572.0
consensus_latency,gIe5VrkXiVOU8v0PHYalH+V52kxOmM3h/jp3MTwClOM=,5572.0
consensus_latency,ge7WLktRXFO4dP6KatTs/czZqRffTvCQyl5CWJKvLD8=,5572.0
consensus_latency,owzEW9j1UfbJ2gd14uukIJo1dV00anNghtyB96nwfYg=,5572.0
consensus_latency,pd153M5D1xAO2em/ix5e6Jrdol3RBaWsyCyrrccCu4g=,5572.0
consensus_latency,rGrWrKssdWAFXdqJo3Xp6IG9KKSDQXSv5tIqvlVfhBg=,5572.0
consensus_latency,t6bbJNfjF2/VO6rqJT2ovQTzTCqb+pEdz8wN/FS1zBk=,5572.0
consensus_latency,yIltDbxJPetexzr0Hea1IYEKuDtB4vG1SHnkqIMkYhE=,5572.0
consensus_latency,yUcQsFlf4UenHzNURj0gPY0KSihui2C4dA0sACAOxCU=,5572.0
consensus_latency,3oAkPX2B9Niv+uP3BFHIIeR2SBOczjw6Kl5u9wI/cH4=,5572.0
consensus_latency,4WeC/yvU4CRoDF7mP5CE1YjLZBUfVv5/i1A4YNJPLbA=,5572.0
consensus_latency,8nA6GDy2DykwDQJ4remp2F02U6t9jdFqGmcSLCgmH7E=,5572.0
consensus_latency,+fFZTryFtp1bdeV8QsYITGZH4NLnqY6NUTjUZ94hc+k=,5572.0
consensus_latency,TuNJrZBRMTKo1zJF/m25mkFsdjNkSB3ZzLK3jdIyynI=,5613.0
consensus_latency,pzZ4kV7CQwUV6zaxJcV/Y0RlQ6vt2NwTCh2zoM13wyU=,5612.0
consensus_latency,JJVpm0vGuPf1HwNfObfQtYLgmK6usNvuAHSZlA6+n8U=,5571.0
consensus_latency,K4uaOrPqN6gfEnfhMdtNqnHVqQu92UngwJe7bUycVaE=,5571.0
consensus_latency,MsTIevDuGS6v0x57ByXfR+z7TGeCgfBH7uv8PCXJ2g8=,5571.0
consensus_latency,blq/n9U5w6bCk985R52GvTPQ6mJDvXZAfOD6epKzVeY=,5571.0
consensus_latency,duBWUwwopFyl9j+yOyojb4RUNhFXtKDrmA/k2qE1wMw=,5571.0
consensus_latency,gCakuuuMidsjjxRFIEcSRV0DmvK2fcW8zF4od1LRE2w=,5571.0
consensus_latency,jmKet85hY7k4t72AeQDGHgG2WUsnrkp2ezwf+gvhtd4=,5571.0
consensus_latency,lmp7D1BidBJGU588b8mQ6oJpbZAVzxJZclTLNS0yKQE=,5571.0
consensus_latency,m5FjYD9bKIKk/moZwvjV0ayjGDDNib07IAzDO/XeEjs=,5571.0
consensus_latency,sCeb3i/4CJYRbr5azz41Ia/OLhmpgsk7G9ozPYHfybI=,5571.0
consensus_latency,tLEPJ2ctfsywAAH+M1feEqF8bHlZWGq3uSW5SXwL62g=,5571.0
consensus_latency,wlYaxwbKYN9FjFnAI5ZtrCWhTb4J0P/6LXdtMWSMtfQ=,5571.0
consensus_latency,9PeC6mAZdK0P63YnzpicL27tKRznNm5ei5QiEdCYYFE=,5571.0
consensus_latency,+o24+dVwQaTb0gnBA4BNrN150QdoHNLlp5xAzXLrjbo=,5571.0
consensus_latency,+/QQ6vUB3RdjyT8BmlXdVAy6g/szqesU1ePOUvYBRnM=,5571.0
consensus_latency,ArG3WRSyUWp2wtmhHbt+kZ7qON3Tp6rB6UKnraHRGoE=,5614.0
consensus_latency,GVcMkZyzpNJYB52eB1UlMrIuf6Aj4501qqGWqwGt0fs=,5614.0
consensus_latency,JqGfaaqYgTW00fyy24zc0dhF+qOmeJ5scsySt5WTdM8=,5614.0
consensus_latency,NHb7WGjcOZO5pTzwYKvd1W3y8VCOC/47t297QZxariI=,5614.0
consensus_latency,NR8YXwVOjTARMUxYSHeX08y5VOs3RAz1a7GtaxMQy50=,5614.0
consensus_latency,Ner8I/VNu8RXU26awxTZbPDO2vFT3CRkonqTSZEfE9E=,5614.0
consensus_latency,PneEk/fTsgx6Dw8mEO9cQjY0tRTn6Kmz6Pkj4+Qvoec=,5614.0
consensus_latency,SGseIAJfhkAcS/rbODGBcfqj7MWr58i3qWVok5BtD8o=,5614.0
consensus_latency,SIdEBSBkA61DMyw+ltpFsJ109H96ikWt9J4sMrymhOQ=,5614.0
consensus_latency,SRzA+atVV6HikbyyPfCCXZR0mMN5aIE6yGUP+cgc4bE=,5614.0
consensus_latency,UHv6CCZUnr68DV/QIVoWzfeZ7gyvd4EmcI3bD81QH5M=,5614.0
consensus_latency,XCYPjJ3pRPtwfr1L/aqAmT0Zi340sSIMs24Oer+e18E=,5614.0
consensus_latency,XnfdrgobeuO/kFhPaowy5ajTnMKtAsCgalSKshBo3F8=,5614.0
consensus_latency,acEjLLEX6Dn7eEzfn3lWDW37uep40kfNnigMVBnog48=,5614.0
consensus_latency,gyrkIb9FVtdxaFO1Ge10Q5Z2BQJAIuXC2uLHuHOLOr0=,5614.0
consensus_latency,g0wPSmCcdGJVjjNBE8oFKvq7DY0QsWuLQ8oIUz4hiFQ=,5614.0
consensus_latency,lNNSV4J9m+DQBO+uG5hYWpQbeRvaOTw3G+6pmnAY8Ws=,5614.0
consensus_latency,mjVGAStzC67jELhFVbhIYUWxUv8dEBZOFnowSHP/Yro=,5614.0
consensus_latency,uzdMQ4O57tKbh0SsdchGJbolI2e2olJSR9dSIIFNYR8=,5614.0
consensus_latency,wqtZMy6JIGEZK2EQHknUa+mW7pgy/Rm778FM+6iLbao=,5614.0
consensus_latency,wu2JNF8O0X6MXPDlqmZPzPDqlHvMR/4E4qZtjafAFsA=,5614.0
consensus_latency,yfpo6fzhS28JrSPm/WNV0/bSNBvMSOFp2DSiVEpSFZY=,5614.0
consensus_latency,06yIjxXd/+I4lQGouSzI6/u2l+1CfB6r0z7fRg1QqDk=,5614.0
consensus_latency,190wpHQnGgfPbXCkvRY3NsKMxfgwLqP+PXiexBYFYLc=,5614.0
consensus_latency,4GT89DgbjDN0G22AmTCZDkkzaME69zDQ+IZTf03vQfk=,5614.0
consensus_latency,56ASfFkvrNVVPuk1+8xFoEtTlU51OXL+CLCIfZMbIMw=,5614.0
consensus_latency,ROSPOyhC2eV1Zs7qvrtvncfJzFsZIKQQd+J+OZUopiY=,5572.0
consensus_latency,6UOesFRKIvhCwC0evbsrq8J6QEuIw4jE4TWOHpo49xk=,5572.0
consensus_latency,A2zjzj+p1noKUxr0eaeg9ULLO1Ckctnv+pjtWr9AidY=,5574.0
consensus_latency,GeavJnCarIT8jHX3+9U0XSJZ2ValclFqOkHe20VATN0=,5573.0
consensus_latency,KxWayp6jTNmqyfrFGuDVbyGSBbAQNV2dBsYfHuQa9WI=,5573.0
consensus_latency,L/HEYL88cVCHHm6YOr8xOWxUgymXok2VHpZyXDX30x4=,5573.0
consensus_latency,P9Z+eDOxHBDTzQeRECiGkJSJTqcwMz1FkhbhapgDBPE=,5573.0
consensus_latency,Zh1OqMmVy3aurTnvkkhf5ty6bDslBm51vugwtYL42J0=,5573.0
consensus_latency,gWpxfVQMJAO53eUQU3x+outLo8jBW43yVa1Cit2PmcQ=,5573.0
consensus_latency,icirJkqQPQu+30w6UrbLmh052sN19td2Cgb9AHo6Gmc=,5573.0
consensus_latency,1zKh4ChlnA4xrJsX1EkWmF3z0lExxY08I/UN6EtOKic=,5573.0
consensus_latency,36kVkry9We8SSugLA9o1ClpioujPablqL+w7cYnfEHA=,5573.0
consensus_latency,9XjbDdyWyG0A++yLBx+JpsxJM7JooIZe1g2xrDJq28w=,5573.0
consensus_latency,9hB7lxZHJASgSspX5GtF8Iy6LB3XYsD2i8tUNvoU0oM=,5573.0
consensus_latency,+Et7WZ2f4QqFjmKIysUNG4yeF7gkB+ffLzRC7aKpdsM=,5573.0
consensus_latency,ASqKQp9CkJ+OeAVIXg1RkI8RgQzgLbNAhjAePvXgeQk=,5573.0
consensus_latency,J8zuxa2Yvx8kFyNCUKNqncU8SBHGtpsYFbqIe4aU3hA=,5573.0
consensus_latency,LL32duVYfH4zWNL/Pna6QAfBTDzFBbk8uQrvmubKUr4=,5573.0
consensus_latency,LSNW115UaXnVKsHR4xIMevyLtJ09IiuPfFjILaixuDM=,5573.0
consensus_latency,Xrib8GKXvtnBhb0aY44e2MgxfxP+qP53+Zt1UKmE4Kg=,5573.0
consensus_latency,a15xYw9akbSLYRYUK7U363DKJgCF3zRf8HV4XXUyeNM=,5573.0
consensus_latency,lPZi62TKZrOzALzV+Cjn3P+vapIeJD62cxPvcaj0YcM=,5573.0
consensus_latency,skCxhazTXUaBacjPctLEsnWRrKfIsVQNPMKchkVtxyk=,5573.0
consensus_latency,v2kGIPJ+8xoegF1KaY3KOfQqbHOc2pBkWWacz2V12Vs=,5573.0
consensus_latency,yyAXucUKAFYQ10MSlOMeSIU8QvjngMbgLi6r8lZ3RaE=,5573.0
consensus_latency,y/dJG4oGXgVOAz10/G6R2YqZ/x5anTOOK0VXbHZBC9o=,5573.0
consensus_latency,0kQUhGYZghlPy5CRy1Bb9Jf+eyjsDMKdI7NGhtmdW2I=,5573.0
consensus_latency,443icpDFEYo27fYYbKIbtA66WwzuYWZ9WwcAMFDQDxc=,5573.0
consensus_latency,9cbCHVxUWPCewAY+MQK3wIEru2zfSXF6bg37nM1aOMU=,5573.0
consensus_latency,HpkjIF52yGGxsGMM9RrYNnCbgIDGFc1jzMK5W4zYI4M=,5614.0
consensus_latency,Icvej8LS8o5e0q5qbKllodmB9rBh4ceTj71rHLvG7YM=,5614.0
consensus_latency,Kpy0ujQhdLTPaXmCegS0JpjR8pNGiCUCmOqM/FGHr24=,5614.0
consensus_latency,PHI7BN+idrccp9khhaqEYNoIGRDkO70TIRnSfQLT6c4=,5614.0
consensus_latency,PLdvI35wiQ1pMEuXxCyJVTFJYiILS92MvUcHUfBoB9c=,5614.0
consensus_latency,WhYy1G2seC4N9qqvPF1KBVXRCu5E50qFOfGGa3znbLs=,5614.0
consensus_latency,X6adJJHp2dotoR8dBZ+aZdHmtuKj1e99vl3CN4M1TKQ=,5614.0
consensus_latency,YvFlo9/N6V1827eKhQ2y3iomhcZ5Bx3z3SR7Fc3CDio=,5614.0
consensus_latency,dMs5Ak8GSd0iQAlMxIOccDEH4eVxNuZBUFUDX18M/SQ=,5614.0
consensus_latency,egcenbC0e8PHscdI5Ne/kLp4ZurgzI3ffky2QvxJoxk=,5614.0
consensus_latency,kGx4tMSOgpwadXUTFVFGdlOQs0G8YXHSKzgMtLOvEP4=,5613.0
consensus_latency,kemgZppvcT7yHHvZ9jtpUhuoeWQYIYrOH2xD08kIFew=,5613.0
consensus_latency,rJE70OMJuNjBgrj3kLTwum4/BHyi5aL/Yz1x+GfAMo0=,5613.0
consensus_latency,u2VD7u8n974kBXyz4NZUi93iwH2kGlj4LZ7GeV+3SOY=,5613.0
consensus_latency,4vcnrn3GY05xAHvfVlNb92o2+SZzV1wlMc4q/xYKzSg=,5613.0
consensus_latency,/+lkXYuXQl7hLeIwJ9OZEn1hLh7flbicH/+5X2DBd/M=,5613.0
consensus_latency,Akj4NkBbkDo2aQ+TQwUJr1Rp/xGd/pQOZD0b7mqmMTQ=,4648.0
consensus_latency,A+gPHXm0qvqlGpi6j4ui/G4HbS3FbNZx2iPlp9P1nPM=,4648.0
consensus_latency,EQVIYv1+nET0p0ICRix+3X+v/7IB93WdQ3mTIlWDaoM=,4648.0
consensus_latency,HTb2wivdv1m4k3XYvxncaNjGyLYEhJiK07vaUmottQY=,4648.0
consensus_latency,HsTC120OmpkQUfUD5apv06OHbEGamLXJd0SsYrZVMlY=,4648.0
consensus_latency,N9/cp+6koINYxk0euq1uqR0fFmWHqLsMEWH8t3azw4c=,4648.0
consensus_latency,biF2KK9Uvx6WPZ6eahSSB/w5Sy0sPPfZdDALQmTeCdA=,4648.0
consensus_latency,gfvkfh+CMtvPQDTg8g0FVCNt8F1GHh7QKJbB9GiUeSE=,4648.0
consensus_latency,k0MjDZpA19eaCWURnSgGGmElFXql4nF1ffoLCSojHes=,4648.0
consensus_latency,lHzTxKaIXF4wr7MgdR/dZ1XNB7S44RDbtN0ly3pL3YA=,4648.0
consensus_latency,oTleSyQF7moBnbE0Yhohp/HsdC2eM+/UsUVqrnbNpo0=,4648.0
consensus_latency,pWUYqXmGLV7MyQmHqH0DJYVisiUstQMG04v7x7AhmbY=,4648.0
consensus_latency,r/ETobbDK0K194xB7zP+5twsag80UcRYkVLjuc01pRY=,4648.0
consensus_latency,2+NMT6zRLei+63xk/fH1r/hzUradX4Zw3FiO9dvTl/c=,4648.0
consensus_latency,3/9dk4rnqk6D2XGaOFFNfPAq79LklXEhV9jnyZkENFw=,4648.0
consensus_latency,4t4g30V1yMmX3VaqWS7RphORi+dvai0fIzyhTy+NKqk=,4648.0
consensus_latency,9N4dt9sk8RotC14nnFr9U02EBrschdWOcphzz+gQorE=,4648.0
consensus_latency,AN2GRz+9d4BaxFLbDlQdiuMTiiJGlYAHfXkr70N7Muc=,4648.0
consensus_latency,BEjTvnYJ5l9EovQjx/WnKJdRi7t2Xs1rcxsPPrN01Eo=,4648.0
consensus_latency,CeqjotVR7L08HHuY6D38oGuCAr26fSi2FZblib/ZIh8=,4648.0
consensus_latency,LtOaaylHfdlCoMSq8IZv75bQQ+dPlstqWTdzGg2WsgQ=,4648.0
consensus_latency,N77pXmEvVtHIEJX8yV+afz91KWBlWZBkwrJd9RtvLEI=,4648.0
consensus_latency,PQnxs5zjvFMLLsG//Fee7EgUbVLE5Jhk7+1V8k7iFc8=,4648.0
consensus_latency,XsePCG+MSY3Uwngvr4TkEhDb7pwlPKnK0BhhpB5GDcs=,4648.0
consensus_latency,cN+zxFTFuuMByoj5JZWLUGbnQSG2XvzfU9G2FMaJm88=,4648.0
consensus_latency,fLdnaZCUJva81Rjob/4X9xaNI/jhTC0JZSIgufLakNQ=,4648.0
consensus_latency,no4AMauQ/yqVnyigW3qSeAPuecCrXMim2yxCgE1siQ8=,4648.0
consensus_latency,qNQ/3fvdN2gfEmzJwBcqbMfsa6wDxzm2NeJMMKzJ48o=,4648.0
consensus_latency,riGL0NNuo3DPj59KuVWZ8LpmYPzk8YAhCcp0VEBS120=,4648.0
consensus_latency,sOTu9EEHXNGUCqhGAlSlEzBM19NSwYWdAvP3V2RiBWM=,4648.0
consensus_latency,3yfvB9SWUS1dSEEnDUksunGNnBr3z5/13+ymH1AXGv4=,4648.0
consensus_latency,7vVePG3TFRvRjcvQwCxh+hqO9HZtNyScTT7GhDQXZlA=,4648.0
consensus_latency,A67jLZ2sfb2z4hA0kk99Yj9aBLh4e/mTjM5Mherbf/s=,4597.0
consensus_latency,DmjGr9mqaOut1yBXMxKA+DO7TN2tbFayLfaXSEs7gbQ=,4597.0
consensus_latency,FLiAzP/tH0L7id6Co6eUjoTccHlaDLRg4tQLCjY9DGw=,4597.0
consensus_latency,F8aTnoL8h6j2h/bMcESNaqE3FZwdyzj18E7zES7WKzk=,4597.0
consensus_latency,GC9ciHml3j+GHwtdWk0AITpxb9eBae0VYD1D96y9XxA=,4597.0
consensus_latency,GKdG61GSMKTealajDy21HQrKjUn+EzQrSo4WMcBlxzY=,4597.0
consensus_latency,HCyxbFFSreIOLW7K0chFSxmxoxccfUDplM0K0vcXinE=,4597.0
consensus_latency,LV76jdx4RyZOYIJaCRj4668hrg6Otwa0RgJKsktQ/Xs=,4597.0
consensus_latency,Nq78uWn+v3OTBwsaph6aXzCftJ9QJa8z5EXqwdeSI1Q=,4597.0
consensus_latency,NsC7DP4HJ66Aop8d9hoVT0O7cOQ9OVtHjzHbWlJGnYs=,4597.0
consensus_latency,OJoeO7xoflwtJl4meZAeA65xEm3p6oXnsQuZ1XGBQfw=,4597.0
consensus_latency,OZuTKkdlq7f4lzKeKY9dhOlvxp+Hc8e0/g0lIoyt+2Y=,4597.0
consensus_latency,UM96V6QaZ0GdNQEZBy4X6D8hpi6WFMv/HHeIpDUW2c4=,4597.0
consensus_latency,Vhan43/+HbqCUQrB0GMvmFIrPFMvAC5K8KQXofSqcj4=,4597.0
consensus_latency,gBGjaT43a2NvW4BgRe4Spd8Hpy/smg2Bf7FJs+OwZjg=,4597.0
consensus_latency,jUsd/znBulAQ5fQJvWjVE7cdr3jjbDhnQ+WiVACklmU=,4597.0
consensus_latency,kgrygx6JvnPR5e3vxieVluKxXo/9jhbKY01xp1iq/8E=,4597.0
consensus_latency,oKZ4pJmHusIptIeZbcRMTfPhrBIRG6Wh2OrMc7itbCU=,4597.0
consensus_latency,rAVBaIjMwB2GOQ9BmZXt1fz2JkjqIRA3J/MnS7/87AY=,4597.0
consensus_latency,s1rKmI3UojgcBNh3yvSzj0yi7FkPk4GJNtFt+oC0WG4=,4597.0
consensus_latency,uDU6ZBAE64ZkdnqzEwwc13d3JOFw6CEH7zf1BeLQq/o=,4597.0
consensus_latency,vFM0G0bt5V6u3ZfJzF65jPLOkJCGgeN6uB+5HtMf2Xk=,4597.0
consensus_latency,1oYkF/JinRYi1rCKdM1VH3QVqrFl7XkVi1qE5GaAc/Y=,4597.0
consensus_latency,4sqBG2ckEuD50n/fJSgdxy1xHYWDuSNsrGF3efprOnw=,4597.0
consensus_latency,54JZNbxyL1v2/YfM1Rno1SF7XlmM1HkHAQd8Lz2kZZI=,4597.0
consensus_latency,6yii9LMGgk3nGzF+wzLjvn7BigKDdOJ78CdnvOLHE+Y=,4597.0
consensus_latency,/SM3UrTpkCrE6RjgxAlTZavRqUMCHBlMg8jKgbjOp60=,4597.0
consensus_latency,ErsOgg6PXL1rRDIoDuNuu4f5pUKcpzgkhxmq8ScjRVg=,4596.0
consensus_latency,Gekjn5CvfTJjWQbU2AZrRkW0e3gwMbb8te5dZtdlJI0=,4596.0
consensus_latency,LetQVIZs2CABpEjWt8XhahXYi+cxWS8/V9UDO5bVqD0=,4596.0
consensus_latency,L5+jUJ2lvfpHToAmgCSxEGtUM+dFWXrF754XCPyL9OA=,4597.0
consensus_latency,NUS8UKPHAKkDbk0dH9bO1k7IY5ZP7OorgPM0AOiMU9A=,4597.0
consensus_latency,OuJrYqcIQuD+L4Qq+HXo7zdwY1wISllKtcZZ5I2Blk0=,4597.0
consensus_latency,RFn/A9usCAUMo7fVyW6r8IOZ/Veuh9RH3OhMNZWDhr0=,4597.0
consensus_latency,Xlsbm2rpY6EFL/YdOyh0K14iASWcomRsnY+scKGDIgI=,4597.0
consensus_latency,cQTfpOD7K8mCWSggCYE5nb/hS3eW6pkthPuxnRJli5E=,4597.0
consensus_latency,ceEmNS+/rRtcgu43wNdCYMODS+Gd1kqM2DcErzYbhTE=,4597.0
consensus_latency,fxCtnDToMQTCBEDssbg9Xi+6BRuDjduIPcHs1gbYgmg=,4597.0
consensus_latency,gdy2277yI+NJ/X9YH14245umSIVP0+1MrYGWnxNGlHI=,4597.0
consensus_latency,t/pVicNLdVRUVDCCwuEBg2kBxrz0oXD+OWq+5EWu8zg=,4597.0
consensus_latency,vne4vBb5XqEfBtlkrPGZ1PUIOZYeQ7wkNSr7dzrh/xE=,4597.0
consensus_latency,1FJnclOHhkZfzW2lCK4+m46vGSY/goLKmcZ6J7N/C2k=,4597.0
consensus_latency,7wslWs++MmrB21Q7OIpoM338bpFq+AX56YEmmwQ4qJA=,4597.0
consensus_latency,9MppHApRXC9yUhEVlU9hAPf7AOva33LbLibzFMhQXh8=,4597.0
consensus_latency,E8Seq6LLGbpg6DQIiOiqvgnQ48uyW93LPpB+cORPrzw=,4597.0
consensus_latency,I4qtT4CtcKlTeEcKALGaP4hYfd5Rd6+c3qCKHyMaAvo=,4597.0
consensus_latency,KM0HK4keFm4j8EhpcHWMWPwD7ekWYimBrJfnZjq+JLQ=,4597.0
consensus_latency,KO4FloFiiXsyungcC/wrfoxbGz1OKAPwH4rplPDO4gQ=,4597.0
consensus_latency,NzmLfPCf00Ub/gxIGm2MNCgKAhm+WazAKKJVs2lOCAo=,4597.0
consensus_latency,QZ/EHBBYeAumnQquRH5nhwyNLFoyhvCDXNQt2zYv5N0=,4597.0
consensus_latency,SiaEj8YzYvnaxNgE2l2BjHKZ+YCAWlcckpp5x9O8KCg=,4597.0
consensus_latency,TkopelzOJhhZ8G9KxkGa6TxtaCSEEZy86XdzpNGIArU=,4597.0
consensus_latency,cMHLVPiHNmqms08ZsC3xaAUY/yx6CqsPSdRUPXDWhb8=,4597.0
consensus_latency,keDpYl9cuXSZbTOc9iN0OSoRAhFWYgG6d2cB/wlbA9U=,4597.0
consensus_latency,nS4LB3ElSqz4gaI2cmAO29dezAuzRW6NcPrheG/Aobk=,4597.0
consensus_latency,paOEZ5ZaUSzN5Gz9Gx66GoWaX6CRaT1t50JARps/ZmI=,4597.0
consensus_latency,vaPuujns/JXRQ+ccJmjce6ZmVIvZj8ZUKwtARfgRiaA=,4597.0
consensus_latency,xbGUOsie8DCkXdfvrQyH1+T3Z/S/Q82oovCIFAFL7lc=,4597.0
consensus_latency,0rut6+6hihsiTJMg6poQNN4EiyvIswEDgqziFh6Ba0Y=,4597.0
consensus_latency,1hnqLfnuBk13dUkWM6tABD/814ppM23ldjtH+Vo1PDw=,4597.0
consensus_latency,ElWCsGzG5YBXhz9DD9NvwqGgfm7O6aN+sHcc/KR7nzw=,4648.0
consensus_latency,FTLVvRriAURu28QWdEFCgnlv2uWN4/cd8qXGRMH2dbI=,4648.0
consensus_latency,Fv2pAVYYYChkhhzEBElg0Ov2OhyE9DGMBK5cFRRSvEE=,4648.0
consensus_latency,NPxE2ySIjagcQdRbGNiGadXilRRpiI96j7lZx8wp+ak=,4648.0
consensus_latency,baX1R2AA6yYVslRaRBuw6ass5OeiVXE9WpAfp9PKvJA=,4648.0
consensus_latency,b6UNIjK+KxBrAagBEdJPCdPG5ffs5QcbLdDf8bddwwU=,4648.0
consensus_latency,hYTYL7xx1WAN9y7l0I+hb0JqJ6UMxhkHZtXum9xXZoc=,4648.0
consensus_latency,k8nkA/PxwrenwViyVo9oTbwSOaunSKrZHCW8bnyIEag=,4648.0
consensus_latency,mBaELoCbX0/MqlRbPx+nO29b379A0Uqv2ASvPHjcr2k=,4648.0
consensus_latency,nlLRt0MxFdem2a5GTAnIeQOeGXI1Ynad3yQ2VFf5QXg=,4648.0
consensus_latency,pdsypPZtGaiTBZYa2D4kIZZISGUAnzxpULJLDguq+gs=,4648.0
consensus_latency,qndXuhflm5WJSlL82rFQ4xRnTFqcMihTmu9p9DWEghQ=,4648.0
consensus_latency,vU/ilfB+nXG6OZY+L1unpga2W0HETVpmPFoM3cmd22E=,4648.0
consensus_latency,0iHCQYOo17HjHLr4+MlyGwxbCYW8+iwFG63rDxgOauY=,4648.0
consensus_latency,7CPL4bbMmU1E0bGb4R1gN153JQ10x3ojj1xz/uqyVoA=,4648.0
consensus_latency,7ggXjq/nwhWSpCdQNrtZc8fnsOmUOzxg9Yzq2qrVciE=,4648.0
consensus_latency,/uA7upvbeq9oWUhZNAZTLiBNcozbqBCtZ9awIhvARzE=,4648.0
consensus_latency,ZOLxC8UV8tijqWeUP8VQJuoypeFFJzqYHtORuxW9rZA=,4529.0
consensus_latency,04wLojYDthVTXVN7e1xSk0kYVLfktecm/KTUDQNWbls=,4529.0
consensus_latency,/x4yrfybtqhus85q677VKthqRDY9p5HcpTjS/RYo9C8=,4529.0
consensus_latency,iLikYxcU6WWD1/OEBhyEp8Y/WuLv5fxDs34CzSb4/wc=,3618.0
consensus_latency,pKTbMiWIB4N0wL8Qxo5VaZvvnNNTacdM5t09UJ0GLUQ=,3618.0
consensus_latency,AwlzFvMjkBGMnWrhQe+HLNh3NwlEgkS8Eyt7wFgIqRQ=,7387.0
consensus_latency,FAuSzDzFIEBYxkhY+8iP58AevHk7BESlWNmeHe7A/8U=,7387.0
consensus_latency,L3dzbleSPN0qO+yEZPQ31fHdOV9URzHvTwg/OA7+NRU=,7387.0
consensus_latency,OwJ63mE0SYmhZefU9R/tHFj/Wzlwz9/opGsWQFEVix0=,7387.0
consensus_latency,U7tyCbrX+/pxRIuc/WqiHkvB2V4LwT4wOVG5y6bj1aE=,7387.0
consensus_latency,VYx0rSYjFNeQeboV88Nb9umR16eHLo6Aax4dTmpi3wk=,7387.0
consensus_latency,caz3CcJP6T+aPXpb/XcH0rdHYeXBLUbQI9UUGgSfpOk=,7387.0
consensus_latency,fBsnjhTLzRHaQV8xjKV4y7GXMr6deGQNdxPfp222ycA=,7387.0
consensus_latency,fDRhPF4jIGh4G7enuFqH4w7d7Y1QTSeU4NC5AK0OFl0=,7387.0
consensus_latency,fbVBuQc3yqd6BwEO8rrtEwdu5OysJKO0rPceKpjmMxs=,7387.0
consensus_latency,j/485pjRDLcT4KJrsro2D04IdKr+A1hFjekmvlFOjkA=,7387.0
consensus_latency,n6o+SX5oCMTMVTsQd1H+gKYBHtgVfZ7Z4EGMAcynoeU=,7387.0
consensus_latency,0ZQkNz9BO0AWvOlfTAchKYffX9wz2j5rOkISobV4KWs=,7387.0
consensus_latency,7dYQdG4yk9VAWGM4hAiabESIrBv/JlWwX8h7HFMkvDo=,7387.0
consensus_latency,703tQ1b4RUfieSuUIKCMRU/fyzfNLTR6LJSvMWQZQXw=,7387.0
consensus_latency,/zJwkUSniPLAXcYAP1Afvs4U6iXRTxByTxyCZJqc4hQ=,7387.0
consensus_latency,EWsaee4UDb8yjlRdDzpnHr49jM3/lfGAR6mnGboX6rg=,7335.0
consensus_latency,GcFu5/x1moLQZEeS5yy2QiBj2mK2abjR0ELk/m24eZg=,7335.0
consensus_latency,MkVUh3VNhKWq+krb/5G9cKBl7U7J45IDKeGT5ZsUBw0=,7335.0
consensus_latency,OypN+r+a5pLhV6hC7GRLJuMI9Koun96dUPOJ6Qawsw8=,7335.0
consensus_latency,PJFTpcYv8vHajIbh8A7pUfhwjWl8kKWm9lklzaABAWI=,7335.0
consensus_latency,RMf5VUZFdbWSN0//iBIQPqvKSJwI6+8oFOHckU/lUiY=,7335.0
consensus_latency,UNTn7te6YVlmz5f9cQIPUBBaK8h2YUs6sWS54Um2/YM=,7335.0
consensus_latency,ZLlj/mUKR3W02W3gmi+KXmppic9HZgnVR0kukkVKq+0=,7335.0
consensus_latency,fYXI5ivEmQ70PbGQfnR3DvgJI0qdWSNhzXsA8dmyras=,7335.0
consensus_latency,nXDMbMLt0+wtkiz3qhyqq9ugI1csSWOqEzV6j5fZDus=,7335.0
consensus_latency,qfc/bpSFAHXUsx6ishiYD7dlroGosK4wDyrkWU33ldY=,7335.0
consensus_latency,rrr76DNtZDHkV+dGv1Bo3TbDq3J+f8i0d3KEDr9CNy0=,7335.0
consensus_latency,wHOMdMtnUjWDSDBisSB4y91OolCn/ITypxwZtmifAEw=,7335.0
consensus_latency,y9Yx9yHSRk9Xxldp42ZJDD75oKl/40NzrPjiTvtbRls=,7335.0
consensus_latency,0vbbHsDl5dpJhyNScCpqd5gPKFEDkmtGtTKAFS4oE2g=,7335.0
consensus_latency,E0VSFBAX/u81ivxd38mGMS5bzZ0L8AQyHo9DZ62dbBY=,7386.0
consensus_latency,UwZnDmwRHpFOBNxDL701vZ8n9ujZKhbtg2BNNJZz3/Q=,7386.0
consensus_latency,VzNln6u+SZ8mivLO/NU0I8EMUC6FgLXPCEyf/0ekOjE=,7386.0
consensus_latency,cRXiywDW3mfLVP19sV6GZ4q5trEA6zdBRjFiOwraIdM=,7386.0
consensus_latency,jpbve4f47z16XFnGPHf+XLKk/Rnwku9SMl/nks69mYs=,7386.0
consensus_latency,n6+2pz18pvSS4AfKHYIbaql5/UteQPUPvFyKcBj6k6k=,7386.0
consensus_latency,rCFPE1M4lw2T9nv9tJ4hVpUj1l4U0LQ26H3pnzaNsFE=,7386.0
consensus_latency,vifRZdUdK6k/9J2M/5uCQ3fOattUpmR2nc+Cu78oXvc=,7386.0
consensus_latency,v/H27O2GnHHMlSB+cDVSuyU4MB5/y2v02LskrL8qCps=,7386.0
consensus_latency,xf3Zlyl7V12b/WeJERmPOGCewuBK74X4z/6d6e2TCTM=,7386.0
consensus_latency,8A0tWnERxfknlM5Cj95N7LFm1b5wW6Rr+OWDdcDkPp0=,7386.0
consensus_latency,9NFmKlXZyfQwiL5d0QAmjafY2+mQZNiOuJ9EI8P9M0o=,7386.0
consensus_latency,+UoaT9qgozjHT3MMQ5ZMmWVFkduiR9wg+CZML06NQ7s=,7386.0
consensus_latency,C83A9KJfkQkWn1siMXmzdE4QRtk38smmxpQG2eWTQSg=,7387.0
consensus_latency,EFz+xf1E9dI3QUDHHt/zrpPCMcF+PxrhWSnXe7wIJJo=,7387.0
consensus_latency,IOD8jktiTD49bNwpfNHI2Eo9Ez18JB6Nm1851Lix8JI=,7387.0
consensus_latency,I3XZRyyvkFaVY1G9VdgAxsIMrGfyRf0yyDqZNIFFd7g=,7387.0
consensus_latency,NRHcmrnxhOjLnIjThbPz7eJ7ABK7VXf3qG3iT4278j0=,7387.0
consensus_latency,N4k8kxgrHHsB1POrrLOOo9/gbT/1i/OHqGKAGoXGrHw=,7387.0
consensus_latency,P2TZGmWoN+hTfMGn/l5v6xwqhpKe0xwKVlxZFO36IxA=,7387.0
consensus_latency,UmMnJEwqRou78dKAhxHR0f9woBwan9iA3SO/USWzAP8=,7387.0
consensus_latency,XgWSyLOeqqmIFzitWBDRKtWNmhZF9nPaOzKbokSgJdk=,7387.0
consensus_latency,Zxz9NvagLe8JBdBV76OYFzQJQfiCSQKsw2qllv/OuDY=,7387.0
consensus_latency,mpZvfNJvzW6kOc19zwAGdIpDBRScDO2lewxZmk+YtgY=,7387.0
consensus_latency,udOAg1osW5PenqnxaAClM7WriXROye6VGsPaKGI97r8=,7387.0
consensus_latency,5rbGJrW3Ekr3ly3T5ifEamxuz2tpTXUGezk7bIrVV94=,7387.0
consensus_latency,/Z2SJfWg1KGr7SGZ1Ub21JU/W1sUUeCQrG9gGfreHLA=,7387.0
consensus_latency,c5HnBf5V5U7mpEncZUOKuGzPspGidWVaa/PIdRn1XX0=,7271.0
consensus_latency,jTb8yI7rk8ZPuhbUPa5rCbGYJrB0V0FqNllsChn1Eqk=,7271.0
consensus_latency,x85VtxCd/y0esG12xtEGEn3KLYPIjEhitGQb9dh20Wo=,7271.0
consensus_latency,0WEwu1p0uL1HpDk4z2+tWXbLROs+NdACk6yth09ZYQM=,7271.0
consensus_latency,6ZuvKyQ+rG9hGYF3+Y6NQLZB08c8BDLT6dpIG49DuyE=,7271.0
consensus_latency,AyCEuUUbfOuWo5mr4CbLZpiyRTfDeDV7jEvxBvVtVCI=,7336.0
consensus_latency,BfWEaau2lerVABoQsgqIpkLKZke0GPkfUfg2Y3WY+xc=,7336.0
consensus_latency,ErQAb6Vi4mzExqDp7gwgP7egLNKZw4lkBofYXtTkUn8=,7336.0
consensus_latency,GQ+VXgiIwc2inZQho3ipfnMKClA6U2WUuJqAVfnYWMc=,7336.0
consensus_latency,VAwV+7PJle5h/uANcHKnRmll+goKSTKXbPRnFvapokQ=,7336.0
consensus_latency,YA/XrDNSmy1YXcbKav/OwmNcEb2XDB1jb3iyR6kP430=,7336.0
consensus_latency,cpWerwabDcRSVjuuQPTdpeOvHZ4dcY3McDNg5QVI1Y0=,7336.0
consensus_latency,deTS4N1Y+iKOZYsab1mv9+lvlD2MdlIx31d0ohHbiQQ=,7336.0
consensus_latency,lHNsZBtKQu4oIYYYs1PLfAl1sTEqVHy2ZXizjARjc6U=,7336.0
consensus_latency,nDTeO+ac+okRkkDCMgPoVxUn+PlQcQ91mCyoMV9oEck=,7336.0
consensus_latency,pbVZhiZWi8norFGFVh12Ml1QOoWOKsAIpg11UJLt6s4=,7336.0
consensus_latency,qO0v1Qv8TAZOwwq+L0ocV428ZVl3MZ3nL9VVLFgp0ec=,7336.0
consensus_latency,t9buUJBWd1x4tr2dyydQCbuh0QCJ75q6j+xBvuXyJdU=,7336.0
consensus_latency,wDUvB376uTvgrQtDQaE/WDeitBdlIf4usaj0xKaHPhA=,7336.0
consensus_latency,yafci7dsEzG3fCaVzAvYJ6AtTQxLu6cJF6yzReq4FXM=,7336.0
consensus_latency,16+HZiZvzN0b8XV6vt4NjA8wdzznOdEqBrcgby2pG0A=,7336.0
consensus_latency,6HKCzc6I/sCWoW2b+P1ghQuQ4TB+neSBvQg0gsF1A40=,7336.0
consensus_latency,7dD3fBlk1eJ6Y5j1C6e/GtZ0t5UYt0oVPU8/J9JvV1U=,7336.0
consensus_latency,DlDLZg8Jd0jXM5mkgUgPdCTQHyHrFokNXqQMyQen/D8=,7387.0
consensus_latency,FnemeFNt/JuUnW6EJbN7tr3VZObRUwY6CWkFAuug0n0=,7387.0
consensus_latency,PM59q4ZEv6rj/VVKdSboQqMNLHqVcwrSFi0koiJK5+w=,7387.0
consensus_latency,P6hJcu83C04NVh1i/JD/6HRWquZRU1ts1JmHoslCTqU=,7387.0
consensus_latency,QEqrfhJ6Qk3KCKD5ELME6YIvz7cB6yQSSeZ+hhyzFlo=,7387.0
consensus_latency,Wl6qiYk1rFCRUMLPj0BzGBvnH1YnY4km4p0ZeKnG1WM=,7387.0
consensus_latency,XjnpmWQ5ePssZzn4BlMRiORTye4gf8zgXbV7eS9lpvs=,7387.0
consensus_latency,hXvGEp6BOYiwrHfB6emUhTKC6oNy7P6YxKSab+9zDwk=,7387.0
consensus_latency,pSpEr7B7IQYVsnG1yyt0xcn6xYzK/AxTQUZgpQbM/yQ=,7387.0
consensus_latency,5NpUsPtM8LPHHZaYNjgSKJW7C8jMghqsBnmQFTr1qyA=,7387.0
consensus_latency,/UTPEjxJoVQ9iF1vr5jweEJIqu0Ejpb4J22P9oDk+bo=,7387.0
consensus_latency,Bgx4XSWaQT155Ce4P9exS7j1FUw9xdYr6xgmSMDqJKU=,7334.0
consensus_latency,d+BDSDf6XorHLqyquTTbqdOnUYtsJ6zIm09czKNYZnM=,7334.0
consensus_latency,oU4o369PyT3jiBCfwZFUaj6OPkT0U3RBvsTU2G/qdr4=,7334.0
consensus_latency,4vAsiSKgmfL57/iKSWkBmLgZm1PzNO6oTPkz+vYorCQ=,7334.0
consensus_latency,EEqq6sVuR2pX7vMcrvogtXYmcTRrIwqIV6HDVCP5+BY=,6328.0
consensus_latency,OKasqTGoMvT1PrLQNORo889gMVlhpYxZv0R3HX95VAM=,6328.0
consensus_latency,W4Ah1fMisEoqj+oR8Bd9o2C9Lw43jQMfHMCpQcFWJxI=,6328.0
consensus_latency,Xyzbl0FWgU84Tt6pXGBW2aJFk8mzcFAnLAjmb0Tg4FY=,6328.0
consensus_latency,ciuKNQgGcIBmbmZjjPG+iZIrbEWT1naeGoQ1Pn3+Fbw=,6328.0
consensus_latency,fE+l2bIc3E18kiKmFndp9RwsUHnkFoUxNAvo0fqouVE=,6328.0
consensus_latency,j/E7RwYUdLcOO8b6M//NA1I0Nd9MI7n8+rFZOkm6cJQ=,6328.0
consensus_latency,lSpXeF0jpUPCbSPvokKzv+XTWXZrzO2BF+QN6MUr96I=,6328.0
consensus_latency,mw3vhoZFODgC5Lqkes3CCOwz5HmDtezyUF6ty+Mrb+o=,6328.0
consensus_latency,rJTMr6rqitSpaQkLjTJ/3+NSOXr1fuNvSRqNFcsI3rM=,6328.0
consensus_latency,rU/IbUhfL1wwVD6A/wPWNX9sNQn0xJi1BfNs6lFfxhs=,6328.0
consensus_latency,v3dWjmm4sX74VwaHlYCbPDMbbyW1mDkcBInxvnhYH8E=,6328.0
consensus_latency,5gDIQhpL8ceVk5ukpC9HDPyP6WdsWQ+L+MKzJ4jxjLs=,6328.0
consensus_latency,5p0/EyH1VnO6RWzdqTklHi18i44UXlmU4JeCWgSiED8=,6328.0
consensus_latency,83J24xc8fampi0Zi4YKqzQtIubz0fWGldMpkd2dUwLQ=,6328.0
consensus_latency,9bjsQDOuS7oDRj9m0PNvbOJGwx6WW0XUPAc4H/OP1mY=,6328.0
consensus_latency,+IUXEHp68iD601jlcJpC59NnaR8aRKb3e+IaSokLy5o=,6328.0
consensus_latency,Cdcm0ELLQ6iN2ig8QZAZzdM7A1KSYyuyqWgH3gj79AU=,6382.0
consensus_latency,Ckyusk3cKkIwurGQqN3tTbLkrXWkWDilk7l4SZ8KCPc=,6382.0
consensus_latency,Dha9gYGUWWvGLQUulyFaD7k+HZWNku9nuOd3mvRFRaE=,6382.0
consensus_latency,Ivm19AHwbYTUxKGDgISuGDl9jXLgg0nLDtA3d7krRL0=,6382.0
consensus_latency,NljiqNXk3FcIYUTvuAQ45AY8LekPb4a5rd1MQqSnt3w=,6382.0
consensus_latency,RVYCcRPqzDGUi6eUAZmw8o7wEqQpu7CRYcUXjFRewAc=,6382.0
consensus_latency,S76fzrviKWzS+5jTluzBKB7D61KoKCfo+KMWWL1Lne0=,6382.0
consensus_latency,VBOf5r6I4Y2qzNbhXwFgtjUk2YVhBDIblwyYeFWOgLY=,6382.0
consensus_latency,VbyPNiCC2ysg815gRRLYC4unoEOCTrhijqPwp0XVdr0=,6382.0
consensus_latency,XLiQk1HfqAfU6QrbwBwxmh23MzpZUmswsUl0b8MbomU=,6382.0
consensus_latency,fjsXKm1BG1kzLq4WHuw6+bO1fu1sBGYxeBalFShSE+4=,6382.0
consensus_latency,p1r9uHqX5XWCI8ZBPua3QgAgZpcnS+8GaEMtdjlM/TM=,6382.0
consensus_latency,p6Fvbhh68UdjmiU25FlIUXcKfw5Fdky1vv6o7bvajNY=,6382.0
consensus_latency,rvlNTymNMTMzDKBRX2Nch6QDKq898uwaJtssEQJauJQ=,6382.0
consensus_latency,sEmb9KMX5T8FZF6j5I0vbt8Gi7YOLrsvKbnY8k2JwUY=,6382.0
consensus_latency,tqd+4H8/56Qx9jt6xUWQ+IYNn5SU/xIs06MITNgfksw=,6382.0
consensus_latency,t3alVDOS339eY63FsfKOlYXJYnzocTduUstzh2ws2VM=,6382.0
consensus_latency,uYWUQFXC6spc4ExE25w3qTnRlLctmDANp+24ctjW0vI=,6382.0
consensus_latency,uoFdpAI2QYD4W3S/j7LVqG24qRRZLQ+Fsc8BMdE6QGo=,6382.0
consensus_latency,zd15+XFRKLmbfCzZSYazN2QdYthpRpc4VJWYtYGUsuU=,6382.0
consensus_latency,6I/dgJoCNjayCB4arAMMnNwWjnNeU3/iCreutTKc4dk=,6382.0
consensus_latency,9XrZlt5PVnMsaQ8NtnPlLwwc+9Fcna5lrlph4vuVfkY=,6382.0
consensus_latency,ArEB6i9kf0wKWKMQRYNayo090ofSiyCVYmzfp4fJr1U=,6383.0
consensus_latency,A+Aacmxt4b0jKTLmaswtJjZq6WU5McsNAlqPaAEhtuI=,6383.0
consensus_latency,C9fAcsRVoRVyUm8dwwzRL5WlwNOP8PWuW8+U32rPFtk=,6383.0
consensus_latency,HfjDavmDFSv3kv/+JLcZ8y/0LBrRqXHQYscOIz4T8+E=,6383.0
consensus_latency,PZh8JhN+x+QMj2+3HxIhQD3nWUE7+fld0zqQDgLmEVk=,6383.0
consensus_latency,ReAjR5AasDaOAfaMt1S7cDv5vkQYl2jAeHmu0SWf6t8=,6383.0
consensus_latency,SPSyxhqr/sWlzsIR5+6/jmz6x0DXDJCH7ZQGl+sYTi8=,6383.0
consensus_latency,TR2Yk9bhkMURrWFFpn3mE3NYpIk01yaVkdfmqDwro/k=,6383.0
consensus_latency,XOniC+oJZgmSGpWvYgnGuAATGzTMa+4L/TcHHBLjvKI=,6383.0
consensus_latency,aLA6LTHcEDXYjY7MTJYxiVLGR6WupozqWYa1dWakAuo=,6383.0
consensus_latency,kQoQf/zuNufymQTJaP9NiOGWCQBHQJN+h9c1e/CKqgs=,6383.0
consensus_latency,kfMocdUsvbHAQBHqf51iCauMridQbkigh3DaZaNBzzE=,6383.0
consensus_latency,lnBYOTtrpycSIQhhHVTys4IQr/s+vZiEIEUiVft50yk=,6383.0
consensus_latency,0omzHRrrbQ46cFos4HqJRtpaew/XCPWBsE+LtxnPzA8=,6383.0
consensus_latency,543L01UmIf2HspXA/8ShpY+3yhwQiATOWtBuZysGiZw=,6383.0
consensus_latency,6435Ys0vtHjWydZKU3i9kNcoWYw5zilzCGpxJeqAtV0=,6383.0
consensus_latency,95ElcnEQ/rcJmwz7hZ1EMRLSLkXo1lVeBzPvzc6oTP0=,6383.0
consensus_latency,Ad71GFLN9lGh7dzXWNgMJKueV9ZIOIhNwQvcHfgMpqU=,6329.0
consensus_latency,Bp4l9S7FJ3N5dr86HwgGQlf73mj7l5pssFxkn2z9lEA=,6329.0
consensus_latency,JVwP4g5CVjzCbIMsCrHZop4g62SlrSBYtFH0y68RpS0=,6329.0
consensus_latency,KPstVrfms1EKQ3QIrmz94DBFhKwhHUoZM+hoLwyzLy8=,6329.0
consensus_latency,RQNsvplzLF/j8xXFLLp2GDTG+rBBHIGMa8yl7ecxGQI=,6329.0
consensus_latency,XFvNxiTfLRK93qkbgEoK+pyv7buEVmJ8kjqwFaxQ4+0=,6329.0
consensus_latency,Y0+dvlW+wPVL+q//WyaLf67MeshF4jMEiK+K9BE4+tg=,6329.0
consensus_latency,Z+TyaHH+z420cTSFhdsWeQ+R+cyPh+htV1DqZrSQbR4=,6329.0
consensus_latency,aYDyYd3hN3vUn/Jhq4FBMR1w+jCtlAXl7Keqnms6uB0=,6329.0
consensus_latency,e8unBptVGOpnHoDxNa5rSip12z9n/0jGG6zE/Q6sg2w=,6329.0
consensus_latency,fKkacuVrOQQmWFksT8G6jh4rIpjjKRiv5V/NsXWaC18=,6329.0
consensus_latency,gFxoi+EutTTV3B4uCFVy1A0TnRZzHe/C1vj4cinFtJI=,6329.0
consensus_latency,jSHEWtl3qJhHnDYrxHiKr7sbwCvJkyw/eNRUd7fbzDY=,6329.0
consensus_latency,laQOiSJcJuF/O9TLlFYy+tXpoB2ppdD41PaCMndo+U4=,6329.0
consensus_latency,4Y7LeGKAb+Wb2kxSFfvaE3TzzgHlSR+VzKQJsmk229g=,6329.0
consensus_latency,5FhgfxZJu8Ld8j/XIng+gvuhwgUEaanDkGseCG2lFto=,6329.0
consensus_latency,DdkVfgEqTFHrkO77I2+OdUlBD0Rlkun1GF5A067t7oQ=,6330.0
consensus_latency,Eh+vkDMMG9HZHTfBHTXXBMhHlKYJxDHkDIUTg1Xy3zc=,6330.0
consensus_latency,IVJHfsgdu+J9Z9P+QvKBoY71sgMcCezOOQeteNIxtLo=,6330.0
consensus_latency,LuoM44AyQsLWMYtu0KhVkNDRjxI5suJt+Sqa8jTtRRQ=,6330.0
consensus_latency,Qb2E11ReWcIz9tjTxyIztdbOlKb8DZC1R+rcnaMal8g=,6330.0
consensus_latency,SOXif8aIO8mJBXxM0xtohhfobi0vG/8cU3DCE5i9eQk=,6330.0
consensus_latency,UsHnZZ4yor18bKkvFcxXVaYMWoo67Sqfj/zgHgbr9qs=,6330.0
consensus_latency,VijV2LZMgCsvdA6O0UITGK9KYapBeyvrA8TO4o1/D7Q=,6330.0
consensus_latency,XDCIHkrceCBxviot5tjH/EZL2cvwi+2UDGvXbOQ/lh0=,6330.0
consensus_latency,XJZPWk43HFmVFg1y/5vNemIgqhCUsgSSwtso8tQ4Iyo=,6330.0
consensus_latency,Y9OWqZyq25dkSkazYrwgrFGyCS3cZvDyow430IN4MPw=,6330.0
consensus_latency,cqr2PSgROrcsqMeiaPca4r9cPBLT5iBkGpxRUvap4TA=,6330.0
consensus_latency,c4qhc3K6UD+NOVS8fnROFKw3YJD/9n7M87JlbRdY9Lo=,6330.0
consensus_latency,dnu+Wf0awkg/xAxN7qgJRHQ3rxlgcUXUsa2Orx6g3+8=,6330.0
consensus_latency,e4vxqhmSJONehNaWxht4OnIsuF9XUehZW4k+UVJE4Dk=,6330.0
consensus_latency,fmlxV//znb+LWpu32JvPspE8+75H67yAmz73etVKTV0=,6330.0
consensus_latency,fqlv7lZLLG9FK0WivXFNUOg8ZUtPZ12YvvPkkNXm69s=,6330.0
consensus_latency,gFmT1kfp3RIRJMiKLjORexwpN0Q4bvqv1Z/QQ3WRKyw=,6330.0
consensus_latency,vJwKONFoyM0bKZ2zpNIvslpGh4J1Y/bw9ADORJBYv7Y=,6330.0
consensus_latency,4O4FE6WB/U6JC/AoeHcVNCLOckkWdz12QO3XzT+F9bE=,6330.0
consensus_latency,8mBIgp6QJnH9arDDmqvsZisov6B3YaNLNKezEHE/Gd8=,6330.0
consensus_latency,/LCMaA8MOhU/nOJJ6ZR1cX9L3CWHThSq+joHAZXXszE=,6330.0
consensus_latency,DwO5pMvVTOiv0EkWlhpHaLOq0pz1Px0y6AY0S2k+sqQ=,6384.0
consensus_latency,HLWHYgNqEmX66SQzLV5lYX/BS4BsPxClh+zTc8AUxB8=,6384.0
consensus_latency,JT/UoqR1qI/2FIjrytxhlZ2UmdI8d4NxNNkE3SJxGBU=,6384.0
consensus_latency,MisK8EhW+16cqzrnLi2kWZmatpzfL9v6xTfCluSelDc=,6384.0
consensus_latency,QTmMg/xvFc5h/iNcXNFVRNznWqKIXcJsOF53EqNeZas=,6384.0
consensus_latency,RQ3TtMyO+ucVsCdgT11pnv4z1wP3fJ+9UX6F+I2v9O8=,6384.0
consensus_latency,Sf/KnO43NC1siNHL5Sl9byApURRLNit26ifFxaJfZXs=,6384.0
consensus_latency,YkwxMUwNblTBLYCUUTZPSqlViW3sJfhemE9o0yAvWrM=,6384.0
consensus_latency,cfZA0q+QqrNQYK2JNXZf2Ac3ZD5FH4/PRZuIVDzdw/Q=,6384.0
consensus_latency,dPfqX2x9RP97ts3AtqdP+pDU3I/I93Ontsxt6puMovA=,6384.0
consensus_latency,faO65S/ZaorfvvsWZgEVXPKNYmcJAjoQ3jvKRyttARk=,6384.0
consensus_latency,gWR9M1s8StsdWKYCCVSJeBGfini+pIinmi4H/e3kmik=,6384.0
consensus_latency,iJuYafuYPrtPDUI6iUeFvW99rQg0c5ntzTekJfOOMCg=,6384.0
consensus_latency,kKcaWI/LBECt6fqhVCFUSfwMzns/TwHpAuDUCQyZme4=,6384.0
consensus_latency,oTEBV95bC23X+bg2cq6PeD3bGZZq0A+1P+Io7CXBKHk=,6384.0
consensus_latency,oYTnGXIEAj8ozNUJQVWwyZ0r7V1oO0iElKGkYhaFCaQ=,6384.0
consensus_latency,vgaRS8pN9E4r3rCmrlVPTIy2coiq4IaDYI9k//uTukQ=,6384.0
consensus_latency,yUoCKrMTs4sSHO+RQ5rTgOV6Wh94m4TH4tM+mZ0jwd8=,6384.0
consensus_latency,5fpQAVSDcrKHsfUjAMy0PCOajhWhdTKkjUb0psjH0l4=,6384.0
consensus_latency,7+3ZbQEVGchNpMaYaM2miR5dICdaD/HDqRcTTupcwBE=,6384.0
consensus_latency,8KA1tSyDtw/sLZ5UR7PT5CTr4qvnmxCJQXUU9uuQF9U=,6384.0
consensus_latency,//o2kDXTfdJy8T0ypjfRcL/B6p1LldhDdQKBHh1jFyk=,6384.0
consensus_latency,F+qsP3tKRtkm5JN/G7kXhqj5UbN3OH7OOMCPETo46d4=,6329.0
consensus_latency,I9b0vsIdtAbBUmW3pE9rMKB422cdOa2bUxvfXx0Ynlo=,6329.0
consensus_latency,JBuE2MYvdIWTwE+m8uy68s9qDuftjaJP5bDkGn/Zh2w=,6329.0
consensus_latency,XPLpk3v9pkCbr4/qJr/qJXGMVNdAk++Uck/YRyLbOzY=,6329.0
consensus_latency,Ydrk7MhC35wknHkYOtJr0XbI/5xIht3/xO03nSzwtJ8=,6329.0
consensus_latency,fgErz5EgssSqEOmnoNMf4S+noovYrEEOfGudntIiLiQ=,6329.0
consensus_latency,hThYEz6ulpRgZ/G8vM3jbv6YmhBkeRxcUpb/b9GM1N4=,6329.0
consensus_latency,i5y4r10xx2cbCIgJ1osg8DrhJYOXGrYVwRj9r3BU/j8=,6329.0
consensus_latency,lMA2NZJMpAu19AT6W4iPuhFtutjYEWZSNrgQYN2BkKo=,6329.0
consensus_latency,lzXUxjBOf+FrhnYPZFfRC7fI7k4rUAdSLamFVslAYYk=,6329.0
consensus_latency,qZwQNFobt1jQ8Yp8+1OBOcFmNBeT2diIN8RtL1gHCo0=,6329.0
consensus_latency,uALd1xTx5jp/aFBoyo1TmX9DafGNKViPvMqRKVfRduI=,6329.0
consensus_latency,woXw2eGzPNt5kh/0qTw2St6na7a+0/JRdgpnIXL0reU=,6329.0
consensus_latency,y0f5MEmpFs+FrIYhvRFSxPas7pZ12ZIWVLZ3e/1WXjw=,6329.0
consensus_latency,00NJtJINMuo6XVtGDIUg/sswW5XiwtQ+YV+xjcrB3Mk=,6329.0
consensus_latency,9hEystzcDHgnM4n4c5zgvMLl1FCNs3C6CV+QTCanKe8=,6329.0
consensus_latency,EQr9SvFOSBAC64AHNlAJfjca/Nps4RbZDtwDiJaAJCg=,6329.0
consensus_latency,E3cj70bbEnEaiIoLo+ZNcjtD+9+MauQxoNzbEkSIT4A=,6329.0
consensus_latency,FAZBO3YMUX3dz1U6qJZsQRT3RujieXNgIalkrsUsPt4=,6329.0
consensus_latency,HP5t7ExeVBwj6sTzeRdrs9KgHLLsKDBdACDYGJuH11A=,6329.0
consensus_latency,JF6oVFL4KCRw7E+bU0bBv6cXf3nJ2ZGnU4tB1hUtsPQ=,6329.0
consensus_latency,Mil2FEokh9EuoXvYSKx6+g41EapfrkvTOSVjR7dEsWU=,6329.0
consensus_latency,NjB6RbYuugYAKkVItSCHkCfDO9x0++vAZ31rU5bQ4dw=,6329.0
consensus_latency,Q3LZ9qh4vJ9GOIjeLn59loCXxLL3WZnfuYViFfcAe7M=,6329.0
consensus_latency,SfQg+XECX+oppphv6vU8xeUayBRA1jO+bG3la45QHVI=,6329.0
consensus_latency,SkF6vqO3ZYXzaMZLT7/zYQfKvX0AO7x6yaG6XYl/mdE=,6329.0
consensus_latency,WOheeRqPvmpjTrC/UD5KWWeiUQeUbi/iQkQHRQtIxHA=,6329.0
consensus_latency,YT1rwkhiBHqYNK68ZrUpAMeekLVD/nzmNYb1b6a5w8M=,6329.0
consensus_latency,ZkgvoeRh5ylmrMgbsn1lE0+AY8BfQGGQkffDpcdoWtE=,6329.0
consensus_latency,gIGQUR8brGsjUuD4UHJDQkk/CGeK0tT1jYkWEHw47yU=,6329.0
consensus_latency,jTfQkAfyPmL4YOStzPI7QpnkXXwseyqPED4qlqh1Dkw=,6329.0
consensus_latency,jiknRx+r1JcWr9AjYc2r/q2tTwuxGOW1c4Xo/+jGB1o=,6329.0
consensus_latency,kqAh0+YPgQ/R9u1F8ZpkrX54XbYnIw7VCMEDRmTYVOQ=,6329.0
consensus_latency,sSW2iiVbgs2VCJbBdE59FLAjYxghrLRaX3Rppw5KZRU=,6329.0
consensus_latency,s9LI7VJ0HYAqZIy3UXembQ6GHNMOOvIbSAbBYKR5mZA=,6329.0
consensus_latency,uSaqNFGdj+qM/3HRtBJMAJV6a4/s6urxMKnf2aiEeP8=,6329.0
consensus_latency,wGzFwlRuOMy14hIYrchcZw7U+chMu2UTFI7coiJH8+g=,6329.0
consensus_latency,zGVsceUwk57aWG0KBmjHVaOvTZoVLtWmbhep1fXPPX4=,6329.0
consensus_latency,3YM33nyft1KIt7gYfC3m7P4v4bNpTpP8PgYABEYozg0=,6329.0
consensus_latency,4aiaUL7O2XS5sbRDmjFZId0qtAGEVtpDUaayWznq57w=,6329.0
consensus_latency,45oK0eWhOVwJp7sT8L7pxUW/NM8f0Gij1Z0MAEl8LTI=,6329.0
consensus_latency,/JHUBI58FwpgMb29eQQS3tbJGxktJIfAlB2Lylv7HiQ=,6329.0
consensus_latency,CkbVpldOc3k7GncuOYAdXN7r/EX0vX+3wA9UkqNcytk=,6330.0
consensus_latency,FYbTcxz45gpJLjfeM0wulD7vVYG4rWyNlpLcoyCX5fY=,6330.0
consensus_latency,HM8zgk3PEVq1soh7+KkhDzHjwYb+twYNOiDlSowYQOE=,6330.0
consensus_latency,JDvXO0MBGL/X3trE6oMO1KdYPJGeEcTXGH6b8Jyt3t8=,6330.0
consensus_latency,KL71AIT3PR/n5JxZdmQwMWh4A7U/Gpj7GajMWJLDZTA=,6330.0
consensus_latency,N+S3hgj7qGTfQbRTon8+OwkBTp3Lyv8mZaV58F/ZPbs=,6330.0
consensus_latency,UeQO2UA48aB7QxtVBZqCSeAAEORTv8aqBQpDaxLU4MA=,6330.0
consensus_latency,VJsrsRHmgISR5v2aEB32mmsNTvifP8MQibKrplip6D0=,6330.0
consensus_latency,VpVQCHXywx1HLbsI0SwOnqp28aRzKNOW1S3d5JUDrhM=,6330.0
consensus_latency,Vp+dO5m+hg5l1EQBVb9gSvcbH965C08ZpifwSfsMesA=,6330.0
consensus_latency,XwvkvQHhUL4q7FMzM5G6W2OptYmnmQ4o5CR0uaPebuc=,6330.0
consensus_latency,bJVXdmpVLJSBCvZHQCgmDFjeMj4O1dxjVi8ucFQYkqo=,6330.0
consensus_latency,hESrxQOwqlwjHrLyCo4OOWtasx6KDnzgL8WrQCIp/ak=,6330.0
consensus_latency,lnxFdLwQ+93MR4ZeERswv57odtbl4biJ8Uk554YBg8c=,6330.0
consensus_latency,pSdyKrEFbHreanM7dKBx0wFjJWPpNCsfhacpml6jYvM=,6330.0
consensus_latency,sXoLWnAtakWkdw+jxARSHlXqDg8fSWy+6WKRNlAURSM=,6330.0
consensus_latency,tKsfI2Zs1dBMlPZ9oSUab8Z1OPOqUztZH5TNHdqgZeU=,6330.0
consensus_latency,tTCotu05ehmDf+FXSsZ1DfVNZTce7jTUSqUswnFEf4Q=,6330.0
consensus_latency,tpqHNmnIB1Y1hRcRGN6atTIZsz8A0KIyAyx8jU6rtGI=,6330.0
consensus_latency,uTSCr1WEbUgtKPX+K8qRsAF0uJmM9rNJEXjf4jqmOsQ=,6330.0
consensus_latency,xh6Ic13NJsdkQLFva2iThgjJsjDSBBhnyKO18hhoBcg=,6330.0
consensus_latency,0eH0lOLmGzVwnK3b90kVpuPvq09uprlqC4/hXoLN0Xc=,6330.0
consensus_latency,4n9pgbrAvV6/dca1WyXoq+j6dnFN4qnAQZ/HQ82/GZg=,6330.0
consensus_latency,5VuR4ifBP6raarGoUaRrD+3byZk09T/JsinUWW9j7Qk=,6330.0
consensus_latency,9Zv3yM2TXD5AZGR1fC+bs0dUxUaTGD5Mt3vmoeNqkZM=,6330.0
consensus_latency,/F5f2QmegZz+7xTGfiBAqCOTASPF+XifbJzT3esbQSA=,6330.0
consensus_latency,DRfiOmcsTuqeJJKDGeBO1fJu0cDWjzxMryTf4yYpHRY=,5597.0
consensus_latency,ESCOwMSseElAHvQWAvVbZD5FbPyy7r0PANdvDoZqgfM=,5597.0
consensus_latency,J/5DY5IBxPi4jEf2/UrCaiL0052qoBB8xyJwGSWZUw0=,5597.0
consensus_latency,RTlpurnx4Ya3M/xBkRg/MucezITmSY5bayyeU8sAZv4=,5597.0
consensus_latency,aMh6IGo8wHQ3QXBk3R5dcol4Uxa7qDydunPSDThBt+M=,5597.0
consensus_latency,ais2jtDX8gC0S7Ih5kHIdOHYz0L2yDsIL9p5grPgtKU=,5597.0
consensus_latency,gadco/dGRhvEKQgVOca4By0eYHI07tpBGb8H+J+Z2QQ=,5597.0
consensus_latency,mlRTSpqwqeBAUaVJiRSn4TqAy9riCHyJo7CX4vHNEJY=,5597.0
consensus_latency,mqblQ/5ous7zDn2cSBt0iG3q+lyDWq9K/94H0CtJDNU=,5597.0
consensus_latency,nlaOtziT+VRbTHkdwCeDOlbQoB3wiObZQ2ahRrvVSv4=,5597.0
consensus_latency,qdZNydPidj4209Cj115WZvIVljl7Ve5/tw25V03op6o=,5597.0
consensus_latency,qiI9QO6cFNIgIy01Nveaz/BtabutMbieCQwdbqeBjUY=,5597.0
consensus_latency,3mDZTpKtyVpPhDQOUxNbrvgypql0vOTcRnCyaxdaMnw=,5597.0
consensus_latency,5uZzbNu5CnkDyU1hX/pcaQg/9sRWUjVXsEywKna2hUM=,5597.0
consensus_latency,6gZxZ0rn2mf+ul8pPcIqLX7Qk4fmWHBoaDr0R4XNKMY=,5597.0
consensus_latency,8vJcniSv3ZxPpYi2t6c06PWbYoHoA7LBwxdnn5invbM=,5597.0
consensus_latency,93LZti/nXfs4Cjqhv9WAwGnx03vlsYCIb9aeDyLV0Ms=,5597.0
consensus_latency,HNY9UbE1IkLjPY6UmMhs+3saOaPSmtghsZla7c9kjLY=,5597.0
consensus_latency,IC0mbS5rT4EY2VCcrIkZKyLvtcA38bYpIPGFGFIn6aw=,5597.0
consensus_latency,PCTKPfE/hLHut5sSrXxIF11qglQhvTwPo5aXlKTMWvs=,5597.0
consensus_latency,b/eP5cxW8yO89gmeatFPOLy8tPQEFYKGje91S7JIMZI=,5597.0
consensus_latency,d/rz7WRWhGJwgjxMANWBoprXQ/mFOPPa6JSRFYc+6yo=,5597.0
consensus_latency,ekX7IRB7lUUfOGm44gF4+Ia6UpcV0x1mwhx9/sECxQY=,5597.0
consensus_latency,f5LKx/VbmHWL8Upas+V/nZ5lGLz7h6VFyifXLNqr96M=,5597.0
consensus_latency,iUN7r71GTQF+zTttH4RE1eCPLknxp5gY8EM+BNYJKks=,5597.0
consensus_latency,oexTeZ6C9WeSMAvUVP6todbNLe470uHAZWbtR81vCqU=,5597.0
consensus_latency,s5oQ8UTQYHKjRrbeqkXYQu0LFrlZVtgLDdqJ8vHAO8s=,5597.0
consensus_latency,zImSuuI82C+Eukou6MUqC1HwFOo/aGIV12piyyGb9pQ=,5597.0
consensus_latency,3lL3g68ReOPfaKrvIJsox97+6zHeh8t86b+olHhRE6E=,5597.0
consensus_latency,5Es821vjg/qB8fcS0seaStaKHpXfIYcQe8LusGxjweE=,5597.0
consensus_latency,5mvInH23yMpNMBbeyIsO4mz8YXoUg/oyJKiYGYXmA7U=,5597.0
consensus_latency,7kD6v3mVNBfKPTzpLnPPb4V7hUtkmJusGKeBt1umq8k=,5597.0
consensus_latency,8i248jxC5oJgQTwgE52OXAN2IcjMN0WvSZO6g5a1z0c=,5597.0
consensus_latency,81Y8puYMO3YMtOib3knNc8YTKwTaTEHajccEuni5uVs=,5597.0
consensus_latency,94lhSFBOdDqV8NPkDGjMtMKuZhpQOIxh2B+Ef6jTC3w=,5597.0
consensus_latency,/M6VL82V5Pq4HHWOuG+437SinGnNJ0iZsaln88TW5mQ=,5597.0
consensus_latency,DGe8AX/K6+fFwJeVCKt4SD/jthxf7dn8t7+EpoSvjMs=,5597.0
consensus_latency,KGNUUxC22FsBryZkkAvWvYNnvLARQwdPSyBYH/kI68w=,5597.0
consensus_latency,KTeTUUrfJcfXBatvuePkx1vuM8al6CXge8GCVtPOXLE=,5597.0
consensus_latency,Q8HQCT/qUqaGCJSJJhDNtSgFyT7piZuCug3v4JqKF/A=,5597.0
consensus_latency,UgbMXYoZY94z7ivDFJzd27jBgC5dCaluBpSyQTddYr0=,5597.0
consensus_latency,YXfigb4IezmG15QJcu8Zo5Pu7+3E/JuAbbVMO04omIg=,5597.0
consensus_latency,ixAiGDQXGys8h1w25xSK3ulIJwhDo9K77Q1dPmwEbtw=,5597.0
consensus_latency,kzsXQbwdv3bmqGgql+dQ8kYJBrqJmEGkSuWmcZSzAzA=,5597.0
consensus_latency,qP7+Wyu7HkSqEpInLpCZPGUmLKvtPdlaYhNNEHu0Rqc=,5597.0
consensus_latency,sRSrHt2L6KJ8QgAolOhSEp6EWPe3Ziy1YMldt4qBcg4=,5597.0
consensus_latency,tNnpXUAdLVc1c9u2KoyNhz6App+8YDi8QVRI3PvBers=,5597.0
consensus_latency,tgUB6kL1J6SMdwU9wkGRJiiV/dKQX+Ts8qtYTwG7vSw=,5597.0
consensus_latency,t4jK9afFfhc+Ff1PAmfcJd+EARoBzhiJ+64MC2vaPUw=,5597.0
consensus_latency,0kKsmZrsmApLT5/ZdiQc67/lG6/Vcs2p+3Q18QrCuyo=,5597.0
consensus_latency,2JcESNm0ghyOLSpDlAaw0PVyDJXpMR8r0O4HA4+qgKI=,5597.0
consensus_latency,2w+ylKvQHQ48f9nTtOqy8P3AD2IFvFbYiNjJMEKhSeg=,5597.0
consensus_latency,9WoA2IAy+fnIppEEPniZLEJPgdzWl+owdkP+nHBA2eo=,5597.0
consensus_latency,+JGgW88C/OAD3WEmhkFFxyC1aQJfGbC7cPvcI+6Aeec=,5597.0
consensus_latency,CkUZaq4YCJsCoqukplyrByCPoNKF6lcoUyJwOp68MIU=,5546.0
consensus_latency,Kqg0lFiiWC8Px/aWXmVCe8uPbI+40Nejo/ckN6bjEAg=,5546.0
consensus_latency,PKgv3qH/WFZgwF3CiYUbpP26yFOrMIEzb5lUnT2J7FE=,5546.0
consensus_latency,RCErAh9ZkDOOfGl6B2cLIEjd77jF9F5uEVVlwtc7lM8=,5546.0
consensus_latency,i0q3C+PZNz/7WSHr9V6rgFRL2xRz6V+YEqlerPyt/JM=,5546.0
consensus_latency,ju1vSHzYZqEmUyObpfLjjhsEHLis+ZSzcWV+IWNEDls=,5546.0
consensus_latency,kzUbQLAodbdO1NQtcMF4o1Q4GirAmJB5k3L5t8yZDeg=,5546.0
consensus_latency,mLfJ0qSifRX9Bb/5/E6AangiiyYBvCC4+IazrjQKvJ4=,5546.0
consensus_latency,q1V4Ew+7cf1ouQBeJutdpJr3XhXHa9/h1nmuJGOd7QQ=,5546.0
consensus_latency,q955XvrXpTtZ6gJEjo4Y7PWs84S2uxtdRolJaGaSXP8=,5546.0
consensus_latency,szOklxWg3o6zLBQw3fdNg+6G81MT2ZH+v63AcxYA4wo=,5546.0
consensus_latency,utVL1DllubYBZAS657uIkAjWSMN6fsLwG4KTAGJEfW8=,5546.0
consensus_latency,w5w1wiF6x8B+fjJFqCD016b5JW/S0Z6gpZ4gTtimgBw=,5546.0
consensus_latency,0lgUvedfQU0iM7GODBvJAFQ4UP8eHpYu9MGfnjkWh5k=,5546.0
consensus_latency,2pty+pz0g1pFyAAsh/Qg8JRuGZqZby8twa4Gq33iS1A=,5546.0
consensus_latency,5p9ypDVA8ddSifUeUnNr2uC2cr3tEk0vPj7z/HUtKFY=,5546.0
consensus_latency,8xKC4/euX8RumZn5efXXsbLAtOgF0wEcETwtmnqIWIw=,5546.0
consensus_latency,D6Wag4h7dZKvS1BMowRwYUB1FpUGPiJX3eBDdzZt/hg=,5597.0
consensus_latency,G6PoW9Nx8qE5fNqgXyjJYTDXFkcejl8iMX+EkV8M5HY=,5597.0
consensus_latency,L2kCSna4W87KQenvY6pK65uDBW6qVnHr8um5vne4srg=,5597.0
consensus_latency,MkRlbyHDt9limYxbhpqW9NR+5XhQtmz2G1TC6v/tvAY=,5597.0
consensus_latency,Ms6Y5hqZK3QuZfBkDTvgKffx7RU5Kpwqf6ZLr08JYKU=,5597.0
consensus_latency,NHCrc5GySb190Evmi8hr7jcdSKgnmSPzBjb4SPihivU=,5597.0
consensus_latency,cF3U++1H5ub2LtvcAB4do7vhzls4YdA59eSOPNErhNM=,5597.0
consensus_latency,iTY331NAkOSGAWaha3Rry4u0LaoJ699+BL0fInm/RWg=,5597.0
consensus_latency,mPp06MBYCIFqjN6+4SBPVKeTy95W74Sk8QATdrp56oA=,5597.0
consensus_latency,mVO1Ku1lRiZ0SlXAQlz6lBMdfrqrAMurYj+W0hT6jKI=,5597.0
consensus_latency,p43RyLlOOGPbC6DpMPjI4tPamNoq8obou5dXtKQ2Hv8=,5597.0
consensus_latency,y0vVFrwKJpldmL67sZFnyebwysvmVIORbsJBDDMs/5Q=,5597.0
consensus_latency,03q0OJ31H5yRM2o41fUKt8b2Wh7tUSLsdIRC5xfARWM=,5597.0
consensus_latency,2D5Z7o1GXtrlA+Ay0WEpVjN7vueAiBLtanbmFI/ACdg=,5597.0
consensus_latency,39Yeo9IgiZntbFf5feP9ZJEvxWxv/uytLD/nn/7jyD0=,5597.0
consensus_latency,60Ix/wHsRou6WQfMxblyUFUgKk+qkcbKD4+iMBm7hr0=,5597.0
consensus_latency,9di9J6CMMO9KTr8HPFzp/yG4J2KPZ97c9xJL8Ymakds=,5597.0
consensus_latency,zohGwtA202DbDlfYkQXyTE0ORhA6HpeOckZFgsiJ00U=,5478.0
consensus_latency,9+LtW4LZhPBsIs3Yi6Fj5+I2iHk78R2bZmLy7GlM0bE=,5478.0
consensus_latency,HZ/hYH+hFGeLwCYj/MluvBw7IyAbuxIW4rKkAKXUxHs=,5547.0
consensus_latency,KO+l0/yAv2VvT3IvP1Rx8IPKAGc8DkXxF7a+AY/MwOk=,5547.0
consensus_latency,L000tW/KX1/Bct5pzqFJbmSMWJvJcbO69YKsZoPYAKw=,5547.0
consensus_latency,QYz6CDBF3dY34+J6vJcNlumIxNomWuS3TK4gAqB6stY=,5547.0
consensus_latency,Rr3rzxd9p8t47xDjHSESrS3YZBsIqSHwjvtJUzUzT6s=,5547.0
consensus_latency,SwlgfolXhfy97l0D+gQvH3A45YsBTNQKpTgL2piEIlI=,5547.0
consensus_latency,U04yEzN/v4SBWZ9eGiV5CBpHWux7qiHa1j7igH/DiQg=,5547.0
consensus_latency,WsfPnnXhMagt6lDJQmYv22kp2nGrh5dRYOgtJ2+dALU=,5547.0
consensus_latency,XDlGQRgN72l8YK2YRp4obB84PpT3p4rUcZScgGVUmSE=,5547.0
consensus_latency,aUDH0PWXJhMB4ILMS33nw+iNMwkGgIKpjZxJJlYRe50=,5547.0
consensus_latency,c8p5CLM6g6ZiQtdp/qwJQAeQfjIzrIJOzkKlZuhqXTo=,5547.0
consensus_latency,eRi0k+HUQAF+1E8/oZnefmlPhqiEscNzlQVcQPNJbY0=,5547.0
consensus_latency,wsDEp/mqfDxvZuhs5EgHG8AwlNFEhW2WdjW0dahkick=,5547.0
consensus_latency,4AZoQ706MZCwZQmFwCeqF5jEvHxp8blImdcWv4fKaus=,5547.0
consensus_latency,8wTHADK3ug9vnUJfSn3s5taM6uTtDpdxolq5hHNXRfo=,5547.0
consensus_latency,GFu43WghpGfT4OHthXHBG6fPlqCy21lVt7a+KlcygVM=,6367.0
consensus_latency,Jv0cidtDBYLw27AQcM4mlA41NLm2jnSai0IW/hyv7GQ=,6367.0
consensus_latency,KB70ibi+WYGefhFdtGtqT3kJF5r3KbPFRxPlbp3zHRA=,6367.0
consensus_latency,OUwDnAoILc8M6lsjIDM8c/gKYHtFMf7vAnlTfNMVoog=,6367.0
consensus_latency,fLdIT/tA+JPDLiRoGBzADbcybtsgtvyzXbzm4NmVilU=,6367.0
consensus_latency,ozi++BUDbKF02i10lHwHdDbTnPV9oaALikRU7Ssmd2I=,6367.0
consensus_latency,vmpt9MSgnBjhjxIRDfng2APPKNUv+qGDm3x82a7zGSs=,6367.0
consensus_latency,y770FFqv8bZYE6KNaU+QFDbAFvOQiK8nVevcAJqsru0=,6367.0
consensus_latency,5Kvp5PeWoUjkZjUYoMWFaUVWRznJRqU3uRvZoWZJEW4=,6367.0
consensus_latency,8rKNnaCBjYEBpiKKN0I8+A/Qs5QL0irIVhmVyeIlL88=,6367.0
consensus_latency,B30inHfEAC/l5Y+kF5ctVljwEh0cVeOLASS92cLp6bQ=,6418.0
consensus_latency,EcRmkfHDou4mQ12MlcZ5TqF4k8p0uSFqwQzQik8meuU=,6418.0
consensus_latency,F6LbYOw4CgOkShlMTT1IC9xVvVEbvtGtO5ESrYQG3Js=,6418.0
consensus_latency,HuuhLpxkylcPd8W/gwGJGyGMORUf8I58YrAiXdwXzec=,6418.0
consensus_latency,I43/dBXyiZJjW9qY9fYsEB2/K+xlp2HmKQBc1+qaiEI=,6418.0
consensus_latency,O6FAWYdb7hBvaM228lzp6gLPihT4JI/bPkLn5PhmOao=,6418.0
consensus_latency,QP4kUKMJbZEub4nKFnbdCE+6Sltz64u5gngArkOff74=,6418.0
consensus_latency,Y+OyfptLyPtDXAEURfdBEbj9zzLX7Xse3j8auxWeDes=,6418.0
consensus_latency,bDXrb0pedVTEKtvcAMS0ZICZcXXWwTzS5859LUBzeww=,6418.0
consensus_latency,fhUm7QT0WIgBBt0U79UsLVbq5o6GbehlD04F7txyAwI=,6418.0
consensus_latency,k7YWWiBxteHXbgcsjGxkntuSqjjO+cem2wUHXi/CRqI=,6400.0
consensus_latency,lEN4HTlyBJsEP7S8tJeknQ4xwGSphJKh2kkLrsdOfF0=,6400.0
consensus_latency,qwUNR2Wi3+FL5x1Y/SiH5r7UJPhnuWMwEJb+2aqdpxE=,6400.0
consensus_latency,y9ulu54owMpWmORDAKXyxedRi5O3dQP7L8yF3MstLFo=,6400.0
consensus_latency,zlGYFSMsgA0LRaYPTu35T5au6eUw46nPdgtFq+4r5Wg=,6400.0
consensus_latency,7gTAIqKWEokkedG+j5VSqb5bMc7F7kjuF1hefNuxVQQ=,6400.0
consensus_latency,8FIQVwOmFL/qbwZxHi3lcG8D+sYZig9imH+6i227Ywo=,6400.0
consensus_latency,9DMz8HptMpFOxKVZYno5cc9p+9aJdVWNCP7NC/++FaY=,6400.0
consensus_latency,/MIvPw6Wm86r6grZMIgPvMSOoOMeThqPIegy6aj2ubI=,6400.0
consensus_latency,D2YXx1E+yDqD5hs+la7y3UEMl8SkmFSNQKmyKOOMbBQ=,6420.0
consensus_latency,EKC8FZ7xPF2IJncIkpQGbATpdvc/zwyoMDq+kFFXiPE=,6420.0
consensus_latency,cVKW+41HwJAhgGiKQb8NR05c9lGJ0YGup7MDV7jDJGc=,6420.0
consensus_latency,emw2m2786oa2taecE+SEUKMtn97XfzPaouGfqUjtLeA=,6420.0
consensus_latency,3MbyTIjNufyrFprYuIa2raw8woDnk+3hJ32yhswnD2Q=,6420.0
consensus_latency,CTx40fO5FieYVf9yUZHF+4lTXq/oBpHFOGAH510DZac=,6419.0
consensus_latency,KrL5uH7g1uFIkJTuGpJ5u5Cd9e69StjUnSAJkuuHMyI=,6419.0
consensus_latency,T2cFsyqUil2KF/iUef9FDZxYghO/n4qdJZWkI1ypXpE=,6419.0
consensus_latency,adN6Wv8PYASsReCvOW+YdAHk7n/0AYcBZzGKn4BSoPM=,6419.0
consensus_latency,cAsyqTk6oy5BRrLZsItVxZniN0xqLx7VILEEwHOGeCk=,6419.0
consensus_latency,shYUNl1exQghGZGQUmJVFUL4VRUtBIgBr3ReGnnwRlg=,6419.0
consensus_latency,uSTY0bZCZLYjpPI0u0jxLAnEmfEtm20svXL+OnyPcQY=,6419.0
consensus_latency,wY0mheguu+vg5gkYW7oRyTO1Gp5uaazqbxJkVpgja5I=,6419.0
consensus_latency,xDC0EMagCsMWCmWk8ZhW9iFvOh+cYdBKzcmAQIJKOOM=,6419.0
consensus_latency,yvqx4lfY2B8Md5DBs9s7ge3TQtIe5DjFvocZvT7WFZY=,6419.0
consensus_latency,11TAZp3GFDh7Jyi66s/6hXRZ+0Z2+1X2FWsUFq22c+U=,6419.0
consensus_latency,84niTxVRnyHh5Rri3kfssrFASSW8dgDwAhz5Q5bLT38=,6419.0
consensus_latency,blGhWMlejgm/yAUij+2HxgGAn4movSc+4dbagLgjavI=,6419.0
consensus_latency,ituQzk54vs6xLqIrLdMtlq62AviRZByG+DzOJ3w7DIY=,6419.0
consensus_latency,jU8mDkUI40Fm2XQieQZU2zXuKUYEgkVq1vwwrJ6qulw=,6419.0
consensus_latency,oNtCV84yh/ndHymMrGFRL10qLEQciv6s7AQtgUxI4SM=,6419.0
consensus_latency,AP+h8B0HhdM0TMtVszSKQtr0aQgfgIvTo6mjLFhVDqE=,6421.0
consensus_latency,DYK11erfT2swG4VaLMGV1lLt/SCP8sdJJ2hPPeqVJZ8=,6420.0
consensus_latency,ETlPZgOXyGxRzcKvG1Qt+gvHnk76DLGBoF+0h3xSnJc=,6420.0
consensus_latency,I5e56QU8EsmObOratzo5jW3GP710xF1p/zpQVqPu9pc=,6420.0
consensus_latency,M4GZE9P7WdEq1pgf/C4ntmrwMX/q0yoRx0+f/n25poU=,6420.0
consensus_latency,O2gT5HReVnOjLV5wkdRklSZboJArzn6a7BfviXZytb8=,6420.0
consensus_latency,TpUQbcaxp1IDeclAQYWCf0fsMbBu/dWVdcJ3u4Xntyk=,6420.0
consensus_latency,UNuhlvmpTwflwFhsbxZwkrWqQZC5qBsEoguYmepK1AA=,6420.0
consensus_latency,U7LG6xlQeXQEKETb4oq4vCddQg5G5CA3t5pYXQR3Fh8=,6420.0
consensus_latency,V9oQvB+6qvURx/RMYyK97Lzc22i0SvIBT06h6Dc/5yU=,6420.0
consensus_latency,XCFbPr9fjlc43VfDYKAIA0fHGMmLl4pg7EHBoxUS0z8=,6420.0
consensus_latency,iK83iTV00stDONjP4aIgAvXqJ9jP7U130ALuKCzzsbE=,6420.0
consensus_latency,vBIKC0nDEjQCXMIOs/PX9yZrRifdkX5AvYBLAfpZsbg=,6420.0
consensus_latency,vRSatozOdDGQKhmlBoKykSALKjnyQc4EOwoQT9ffL7g=,6420.0
consensus_latency,z48x41nEC5zfZrXkCjelNNsIOPQEqGQUgUP7LqjFmaQ=,6420.0
consensus_latency,BnYCALkWuath47uhFNRAv8g2JBsdlBH6UCoNGY8Jw34=,5780.0
consensus_latency,FUQfvpaH1bD597s5yOFFMjbj70mReE8QzgoAkum94+M=,5780.0
consensus_latency,N90xqgLZ6yh6NFjPnRltqjm4+FvBVVNISe7PdCqIuA8=,5780.0
consensus_latency,TZox6ZSslFJQXhNYMpX7q2dVPx/GW/79UCasUiRE5fs=,5780.0
consensus_latency,UXGc81h3sdpmzTWoASrwVu19s6/t/DyH9yDEBei9mew=,5780.0
consensus_latency,W8m+MqGx67aMmXWEkoB5ZINXL/qf+z2m87z0SCAmZAs=,5780.0
consensus_latency,b2G/V3BDZDeugz15oUyHTxgt4KgN57+wsCyXfM1DOp0=,5780.0
consensus_latency,hX22NBifX+3NWnGKv3a7g7kYRM3+bK4Rj/vpy07yhzk=,5780.0
consensus_latency,iM9KgFnZHrY1sYl9HcNFxSKiT4wNreMRVc9Rc4evl7k=,5780.0
consensus_latency,jLtYfcYIcF1RPRyXYfKv4xrnOdr7JxbpyQ8RQW49zyQ=,5780.0
consensus_latency,lZTYYolbqGCJ0qtzPOTaYOBa5KGXh6dmtV2FFuwwZ2g=,5780.0
consensus_latency,ly7qDlNOiTrqh5t4xWhoFCEcWS0pcI6o3ecVlUVfaRU=,5780.0
consensus_latency,qalifVr16U3YYztL7xPmlq060CLBP3rkrE2hjgP6TuU=,5780.0
consensus_latency,wuJH4C0MTwN2+yz3trINmYG5S85mHBi8pKKr0CASb8Q=,5780.0
consensus_latency,CWNpgbGpMgM1l3bN6qzVKpR0uia+7xFicy8YLqPypCk=,5780.0
consensus_latency,F6bdqJ8ngKbRFCiPnD/J7TQb5edKbRUPYz8SQyfnxqY=,5780.0
consensus_latency,K4Gjx7AW7b1+Vy3EyL5OqkeSYv3EULWnDZPAUrXKRcQ=,5780.0
consensus_latency,NdHBx5KQZAPUWGRFSUiBaF+wf7DPvhmLf5ZaRGkiyfw=,5780.0
consensus_latency,V7EreZj4aVavtRlgyFxP7qgaO242kMkotp0WJItVLs0=,5780.0
consensus_latency,W8p3uvWx4+B3Y2rQBcZFCKA4G93Gzn3DLYgFVP20SKU=,5780.0
consensus_latency,X28LdFhnAfHRjqi2gBJHQVTzMDVqkLubbm8GaDOXD5o=,5780.0
consensus_latency,i0cHdvMRbHWhJgQB8EPy72X82Mns9yRD0OdycUnujvk=,5780.0
consensus_latency,jQYQFXrsVpcabt7f7MpUDdn0t7LyUO+j9LnX+DdXwxY=,5780.0
consensus_latency,ld2x+BTZyzjggbpBH11TSVI0diM+yormSaM9mi17TO0=,5780.0
consensus_latency,xopjK3zcfu0pzpjUqf9xYTNZUH7BQi8SEPOj303BTzg=,5780.0
consensus_latency,ztlPQ+WajmT8IYjKEUWN1uwsauYzh7i/5gKuBA86wsg=,5780.0
consensus_latency,3m+tM3OcKn/wqYMveWugSDMYiwdNK5+CZef7flON4ts=,5780.0
consensus_latency,B5ajCo2XgK05BJR+qWB/KibEpuQXbhkJJctdsEtVfsA=,5821.0
consensus_latency,Dx12CXLH01OPb1B9ON1ETm1jDFzIKdly4XclXQ8S0A8=,5821.0
consensus_latency,EPPqyNouQkU+tWVOFSM7KlP7PvvHEVNgXCQsmWWywpw=,5821.0
consensus_latency,FQFWI+Og4DjEqw0FgbBJFd1uvRNeCPygDzs0eAFU5R4=,5821.0
consensus_latency,F94X+RHSKJyrM0DAWU1XLTXJP02IxoPvu3etE1Xu4sY=,5821.0
consensus_latency,GfKhOObF6zz/6CgMIyYD7EzUZoqN+4b3iq+Xk1bcDgg=,5821.0
consensus_latency,HQEmWiF1udQp3lTY+sX/jNqgaDOpyR/gkqMIcQNF0uw=,5821.0
consensus_latency,HS+4YU3z4WLEm5LACqvNGwwTMsVdtvizGCggpLFV7Co=,5821.0
consensus_latency,OU4MeF/mqDJOonPqXLviGT6HL5AqI6HQ4FtZh+vFAZ4=,5821.0
consensus_latency,RK7nfgsefmgZJ0c3nc829UQJhQAqGcUQ2AAY9QOTMDY=,5821.0
consensus_latency,RqbLViuK6QzbfeIzoCq+oqWIICEPeHaJ2xjhmniHkq8=,5821.0
consensus_latency,jmI98FjnRcxGK2CHxgu7Wgfq7uUWx0cyUl65BGp4kQo=,5821.0
consensus_latency,0VxWlZm2a6eUw30GZL+2bZe5LxZoPa6OjELJtqYr2is=,5821.0
consensus_latency,4nUPJ5AnODhNuBTNRtDjkLWDBoOUAPbZt9QDRZu0KLQ=,5821.0
consensus_latency,5Cg4g2lA+Xq4RQfS4tFOQ4BxBBIP6LkTHVMKXdGs4V0=,5821.0
consensus_latency,7N2UKdOCtQ4S2PMN9zmUGWQNZo2SUnvvtiDNoRqhivs=,5821.0
consensus_latency,+HEWQMm6odCzYUTOvESf9jb2xIvmy7kr56o90NaetUc=,5821.0
consensus_latency,/04v1KvNEgmqPYquIN8uOvfLhacJVGilCNwj9QO4J2c=,5821.0
consensus_latency,I6RvWVOQPeQg/4/YYanIhS6P4urTDgtMO80bGiHOPpE=,5782.0
consensus_latency,KHyEqENpzkZ07CtTCmo1TJGLui3S/3GrtbeMY0Ao3zk=,5782.0
consensus_latency,AbixVo6tGUy+G7YqryCLXq4EMoRLqZsvMK/1u77KlcA=,5781.0
consensus_latency,CSd0h7WEepLq8c6sbB+NaYTSzKH5nnY+A1LCYOeqWiI=,5781.0
consensus_latency,CjHAyHERwSi+vnrLVAUWICbTIlRjm0fTD8MqMgAOZYI=,5780.0
consensus_latency,LTkwDb7Ee33JfHL2srBHbN1QsZfrRbdoQ6hh2OQ5tiM=,5780.0
consensus_latency,Nr1okGuxyL5pSPtVfUmLZy1KhqQENWACkgw+U93ZTOE=,5780.0
consensus_latency,PxHl2ObFJKb3VedLRV0CC8e/4+AkY2AViekcRKo16RE=,5780.0
consensus_latency,QEVnA0IM+JHuFa8xSp5fDQal79YSsaF7VBtr3x+HJRc=,5780.0
consensus_latency,SA1BdnKrxudjnnPtNP3dQUE0XqtIKqI5PVhiniAg8P0=,5780.0
consensus_latency,Uu9zmGFAoOu4p8C8zhBZPHJZq0usMlnBHAo9/ayv2bY=,5780.0
consensus_latency,Vkpkvbem0JODkTDS5/pDb38hofnFOAIQDvLUcvfXdPY=,5780.0
consensus_latency,aflwhkvM4/9naVoOIaeJMUToYLQ14kBs/+aN2ulSg1Q=,5780.0
consensus_latency,afoLsS0R2udpokE9YsSM9weuoDRL9UADwqeHtSxrTE8=,5780.0
consensus_latency,dTJOUkdY1SIbRQZCCrQxnip5l/MLlHu/0fiVddAom6E=,5780.0
consensus_latency,js6eHCcUjYXoMqWWnCBY/ERjOe5aQ2lWHWr3veDkNnQ=,5780.0
consensus_latency,syse6QnN95jmrAD2E69gmVgoo4h/3TY/F9Es0WoqTSg=,5780.0
consensus_latency,uJCMyG0wh3LyrxVaRL8KklOAbjokZCguX7i2kTp7dpg=,5780.0
consensus_latency,xaRFXwEwMO85zjs7JDuKL0ehdQWP5orfcDDNollcOtk=,5780.0
consensus_latency,4Rpp5xhh+oaymoxyUDKCtCtdQucYjQ6e1/G+vdjFrl4=,5780.0
consensus_latency,VnGH/F7Vozd6XTv5pnm8b3RjcsV6NcQ5S0uteZO/HJE=,5780.0
consensus_latency,L1AnbBOlCys8vdtgkQbhmxTl4nnoOSiHpmLDMvnYn3Q=,5779.0
consensus_latency,ofgojpmOh294Rbw8ilFapi44xx67Ve2YO1m3xKYyC9Q=,5779.0
consensus_latency,MspvRqCiWuevd01xioR2NgJoW9vDvuc4orS20Jv0G/s=,5822.0
consensus_latency,OG5xC9F4l/z+KCFUHmnmrQBgSApyH+bwtkfBE/xeT4g=,5822.0
consensus_latency,QI4TGfLFJjnyU/RY373MKQcrbVRsEDjM0la8dkLoFgk=,5822.0
consensus_latency,TAmdJSGnk/jZ9Ay7OtQFftq4NcWEFRpFOAiTX21C4iI=,5822.0
consensus_latency,UPpF/uSuqfWmw4uOgp7+aeXiExXEXilUbCwYVovRdog=,5822.0
consensus_latency,UzkcHrxt6IYoE5LR2rbDgj/4giqH9yNtWWDcT68aa5g=,5822.0
consensus_latency,YmWynXUX798oHzafFTro3KwaLGzkAHXQ4X0j6vxVB5s=,5822.0
consensus_latency,aelfQxo016aP2XbIjs5FLfp9PZIawIRTbTeZ9Qh4/aE=,5822.0
consensus_latency,fzBrwaMsx6i5GabiNvqyinTsnyrrRDo4n9m58GV+v2Q=,5822.0
consensus_latency,glffvJepwb+vYOWz5Qk2ylbTmylDLXxE+mUkW0470Jc=,5822.0
consensus_latency,hDi6jtuJ4XdvGKbJ5pECtA33qY1evJ4kxxDWssd6hxY=,5822.0
consensus_latency,jQbMrvlKKFz2MJI2IlANmVVa/SOLs84RKF8+faNytDU=,5822.0
consensus_latency,kLPARVx/FJY3dBHZZdsw+ZF4QQmqPUz3oGnShRMiDZU=,5822.0
consensus_latency,lPGcg4W7KGXQg9VE0Z3HUPd0nf1nc4obI9ClaLELkIQ=,5822.0
consensus_latency,ll7rFcJBYL2Tn7a7nGrTMRzfaBv0aqFQiaQ+/ONKVeU=,5822.0
consensus_latency,mAHXfZOWdnnLGHVAmtlfo4M66j3WTBjtRojfxI6uSgw=,5822.0
consensus_latency,nSLqCKJ/U/gO/uX0+oC09Cm4+4EV3J9tfBaLo+O6Oi4=,5822.0
consensus_latency,p2mA7K/9oppEQ2OhAOSj4OxP4erAN0Xs/wknUz57Q+4=,5822.0
consensus_latency,wiOWTEKnF+eY84z6+h9iDe+TTAaRUXf7qhQ0ZCagpVU=,5822.0
consensus_latency,0hHDHgwmlaerc3i9u+fEHvW3Ud6LMARMgbfKdVC0zJ4=,5822.0
consensus_latency,3SJHASjvmBX33B7//Z2KCbnhq5WIL9bYgExRh3wqStE=,5822.0
consensus_latency,3plT3ORwYajLKfK5KQOnvDl4qKTAmOItFCVLewGkQnQ=,5822.0
consensus_latency,+7SO50fSTz5aIIxF0abgL3UVN0y/vTXT31NsQzux+Lw=,5822.0
consensus_latency,DbweL8Xxny976QjTBYUMrdv9mwAUH68B7WDXWLF2ieQ=,3612.0
consensus_latency,dld+O6NP7AGW1CH11rppSPkgWwbjyXqeqS1YP0dwhcI=,3612.0
consensus_latency,d+dlFrDAdBe5tB8euuVH9gas2DVYT4aaEZtbRLz6CUY=,3612.0
consensus_latency,nI3WZwXFDtsJGRJGVBAH4yZaAMzo9piJox1BDSN3dl0=,3612.0
consensus_latency,pZsnBPj3RWFhl7FXQwd6x5mQJgMUjkRA3c1CSiDb4MA=,3612.0
consensus_latency,vT4BJ+iHl2jWY1RmP4HlPqtB7IVoz7OF1Kadv+07wF0=,3612.0
consensus_latency,yFP8sZcqjwPmI4CUjVDlm1rfrVTuI+y2bdbfokCj5MU=,3612.0
consensus_latency,9Z59ANGYaMSWDNR+TEFszJvBi4hH+NB4OVsA3D+NOsc=,3612.0
consensus_latency,AgUIpyF9O/k4ps0Yr7G58pYijEMFQvmL8fpA2ckeBTE=,3680.0
consensus_latency,CCDVWHne3g+kNFR+aNlkS7pWQqxiT/ZSbURYJxk94/8=,3680.0
consensus_latency,EfcOwE0mlp8GiPCCELRhWLcs91Ks5hidEtVx68dW0wM=,3680.0
consensus_latency,GY6AVHwmEEQ4/OB40wbnQm/vKKeoHBFcLVryPtgLUKI=,3680.0
consensus_latency,GoyUaLQv5misDWJ09y8Pwz38xY/AcjG4M43ktTn+pO8=,3680.0
consensus_latency,Gqt5sbqz1fv3W7FViadm4ktK83S4ABobKf310BAv63U=,3680.0
consensus_latency,I7MZ6qlzX0Uwb/VZbYSMnvmKbDL+hnibs8f1fqxM8Qo=,3680.0
consensus_latency,JfX4immmaCjKeTVWPBD4268bP7FAsTF57iIRaOXdUO0=,3680.0
consensus_latency,KCL2FEZrS9Fqvb5+9ZdHZbi2jjhFRjz/FwaF0LWT3Kk=,3680.0
consensus_latency,KSK8UHYtfrikFPJ7kPwyT5waW+PNKevBw3ggiSK+DnI=,3680.0
consensus_latency,K9t+MDift+OUgkl7rvVr6UNsx5kBQpHK5cO5awc25vU=,3680.0
consensus_latency,LXlUi9qVg3MQGPBYTwCVMmKYd3AT+eVkX6WWaL9qFnM=,3680.0
consensus_latency,L93CBl6/Jjvt/4nXhbIdEYmqjqOXBFg1rnA93IEw63M=,3680.0
consensus_latency,N/2M65eEzmFu3XoP/+9NmckyzssI0Oc1fEAdcLXez18=,3680.0
consensus_latency,R5R7CZBCVV6JGusy2MvFgPQOaceAX42sdgWlpA3NfGs=,3680.0
consensus_latency,YFKmao+BVI17RV50DNExhqxbPFvsS3B8y9HKn+xgkYE=,3680.0
consensus_latency,a3raxthv8opY3xk5+lTZf7yRZaLHcZcGqowr5Or5jUM=,3680.0
consensus_latency,ddSdYpoeArL+MUsk5nBi8S/z20xwx17dA+AFBCIFuHs=,3680.0
consensus_latency,f2CQwI17NtfUHaU81wNdaIfEabrg0fBRAPl+45JdTjQ=,3680.0
consensus_latency,gQvK9SUHEkztcXd58v3w20Ov5C+vAwaA8CGVfUJ4Yjc=,3680.0
consensus_latency,ovgb77FLR6wDKhcTBUNk9wCC5Fb8+iqLzVUb8yLEWgU=,3680.0
consensus_latency,rU8Hl7jd8O4che3glu+tW60vXWCnsUHHgCwGhJPomF8=,3680.0
consensus_latency,wfPfndKIBdJWy3ILNFtlqYQa5EGKcT5gqmLUc4Wu64U=,3680.0
consensus_latency,xFIPMcUJkzsELArPtWtM89BIYnK+uQBGW1pl2gJXM8g=,3680.0
consensus_latency,xqHpvAuXJq5adtn9T0pKV/BEe/80s2GoY0bVZ94fbqw=,3680.0
consensus_latency,0YNO988kdVtM6ZjoBCiLIQKavA3KiMU9H7NY5fs+wAw=,3680.0
consensus_latency,4ZlZTB0WOJaDicUeachdjlSdjUSuHFepZ5lHhceVQLw=,3680.0
consensus_latency,4Z1zBqLxKr8KYki3rVGEC5zDROEclSe2OFBfBJYSne4=,3680.0
consensus_latency,4luIS1cBX94GmCPeUx/bWagEMREt/trgylNokQKA72Y=,3679.0
consensus_latency,4yoNehdcGdc9ffwUcx/5rAoVWML1F9K8iYEvUtxYWps=,3679.0
consensus_latency,6FzK2oU2O78pBrLW3k/NbLpPqotwwskuhYKWzCjPsWQ=,3679.0
consensus_latency,7LROawvx9RjPayYDz/iUeZ/DnxKu8NPI5U2Oe9UpYjc=,3679.0
consensus_latency,701AxJfZTD5BtWnO9MfqfEcgNMrolH0+gKGRH8FmRb8=,3679.0
consensus_latency,9IsJmhFpj3tFTBGWGLERTLVChUMi/w755n4zKfD88gI=,3679.0
consensus_latency,/b1lakzZ76tQk2/vOgENq1cKk/EHb2ss7gE3HDp2YnU=,3679.0
consensus_latency,/r9f7BjAsgpyYQNYxDgDUM13EOLZ36aPsISR6sAhyO0=,3679.0
consensus_latency,AEg84IZeMGjXl9PfK3hwvadWbnO4BOj2nZGvVTBpsC0=,3680.0
consensus_latency,AmIbZY1HjfHhU1lRuBIzSrUdw7DJjCaq+tjFLTQOg80=,3680.0
consensus_latency,AtflJbiW6CNsTu/DKlxNAzJKrrEqTTCrOX6KqqOvU2Q=,3680.0
consensus_latency,At5yDYSJYntwth+Lb0lu4iWt75Qem9i6o+ecX3P45VA=,3680.0
consensus_latency,EFXGLeiX9IXpXhsTqGdaGVncHMIyAqh/GbwDKvXxhFo=,3680.0
consensus_latency,HQiFZ8AJBubZpZqRkKWRWSxEw1r2bz3CdgciL0aqsCU=,3680.0
consensus_latency,I/tA+4CHWyNxwAdP8yOu9pcto6I6nDXDYJaBPVMivsU=,3680.0
consensus_latency,LdMA2cxL2+or50ujlWvqKcSKEIg6V+dDi3rHGmP0qzk=,3680.0
consensus_latency,MFPEcyygDQMcoPQ3VBSZncu7+fEXaXQFg5rwkpvw6/0=,3680.0
consensus_latency,OKo+F8hGZTBc3Vyc9f04WCyDrqRt60I1o7Y6YtGQrJw=,3680.0
consensus_latency,PaSO7WGtkbAzyfNmeJY4R9NWtsl9KI7pvwRpElL2YVM=,3680.0
consensus_latency,PdYu57ZAXKeReOW63+XHHDslVn4UcyIxslr6dJgINCM=,3680.0
consensus_latency,QXUriWhynPY62BHuSUFY+rQ1ONrgnq+6wblgXnEOM+w=,3680.0
consensus_latency,SMqSPiFz91Qj0YZnRxyDqyfysuEtzGHqK5x0OV3bJPc=,3680.0
consensus_latency,SqlXjwECZ3/6seWZ1976PEjPCfzYD4MHvuo9QBDTCJo=,3680.0
consensus_latency,Uhy3h9b0Q6gTATaHjjkPK4XqcORmE/NBDXuz0q9AlX8=,3680.0
consensus_latency,VZf7mmrimXBvtJ3CTTfQOwdecDQBWGpMWikVHsJCF+w=,3680.0
consensus_latency,WQgLdDRPhceleREQnZmFWFNTqziu4OlGN/GQb4fB46I=,3680.0
consensus_latency,WR1q6R7837VsWQT7bIY+xFtS9ACxWCV691GvKYc+qZc=,3680.0
consensus_latency,X7D7mkfBXxg4Ba08l2nWXckXxTn2Sq67pL9qGTfw9DE=,3680.0
consensus_latency,YHMaSkkWtdaGWjlKdxYxQDOUxPS/dkqSPeGUMW4irf8=,3680.0
consensus_latency,Y4T0zwZmMNsjtjQb55rLkoVSksQU/h1em2DoxcSrqWo=,3680.0
consensus_latency,aKJQ/2+OLPBeJAiixpXCotOvv+Y06jhp0Xlt2yrHKxI=,3680.0
consensus_latency,di4+tn2MFkITVle2jNF/EbRRrgJ72nfbNXctGxzz4qI=,3680.0
consensus_latency,eEYVpmzgBNqdQjE1T17tyd/W84pu6niVO+nt/umCq8g=,3680.0
consensus_latency,esi3Xx3RkL+OPdDsSnrhXCgcQa4DQirJHxywEPUmtwY=,3680.0
consensus_latency,gRJd8/KvIHA8GkIrYyeFkZKIfus1ubX8XIlYLgo4SuM=,3680.0
consensus_latency,gtyRUxZdn6eNNa48keG5nSwefUjL5b/sCleyOXmeH5s=,3680.0
consensus_latency,iokS4gh5Gy5YGjSiSVcR6cJgBXopJRSLe4PK0JdaPN8=,3680.0
consensus_latency,jwc+rrL2yUcj6037a9qlEhLTcE6kF+INKgoxHQlpMyM=,3680.0
consensus_latency,kE4ngrq3RIh+5PI/edir46Uo37AEvIBcMIwJTaGH9go=,3680.0
consensus_latency,l2Z7gcqv6FcLspQTwYhMwOc7105V14ABtDf+C1lr4jY=,3680.0
consensus_latency,mPnJ4UrokOXuvmRMZRsm7EIdP75fIsCZVRno9+Hr9zg=,3680.0
consensus_latency,mRHdXB4RdOQQZF/hESexZCBSZPtY3ef0BnH4zWCnklQ=,3680.0
consensus_latency,m4NUQBBKe/m/IgzZpNKfymo3twxqNPrUjs59rF9k7Ms=,3680.0
consensus_latency,n19/LJmkcd0WMumoJwVV1oOM3fqzdvUIHPm2TObJD7A=,3680.0
consensus_latency,n2VCmT1eFwZRhVwau2095M5R7MPG6wVEXZPA5iDtnn4=,3680.0
consensus_latency,py91nl8iNVpgG35WwgSYv38mqEAJqd7n/6I9x6+Xqvg=,3680.0
consensus_latency,qApBMxIjNqcc8Yyv9qlZbeA+z49CyfKg+MK/4s3n7wM=,3680.0
consensus_latency,qWjwhshDFBWnOHPezesnj/GjEfB7euo/2MwUeK861LM=,3680.0
consensus_latency,sBST5jlJu2lgpWhDCBvcN+/+4ClLiv2vDaZ+DqH8JYs=,3680.0
consensus_latency,tHGUW1NrxoMIiS8J2bVg3K4XttETzHC2Suvw2EwZlSw=,3680.0
consensus_latency,tgK4a5MkaDQ7pLNwnNOkW+3F/ve8v7lRmTiyym/3otc=,3680.0
consensus_latency,v5WwZKSc48vt+beSdn+yd5TSJco/fWZo0YZdCCykmWs=,3680.0
consensus_latency,wel07ze7rs5vw/p7v7nRVADVCEXhupQIh//+t7eULtk=,3680.0
consensus_latency,w++UMPTKHcIgwGC3usffOrKZBXfcqhoqsS7nrYd9EHI=,3680.0
consensus_latency,yPVutoPq9dRotOPzLX4uPFRTRv4CaYBc6529mu/xzKk=,3680.0
consensus_latency,1q2MdGTo2V8ZmkAKaQwVSV7GKteYCSqfeOsuo5MXt6Y=,3680.0
consensus_latency,4LQpDivOexuFltlQFPyqlHEE7DJ1fT0H8jccwpF3jHE=,3680.0
consensus_latency,42bklqYzikO6mf8ujzhVg6JWU/l/fUq9MqRSGvqtZ4g=,3680.0
consensus_latency,7fOywbQebtCUsr4SxAN8U78Bk/Q6A+/YChklavpXDzY=,3680.0
consensus_latency,/uy1Sf3agtahmr1Y2CiVYRrx0+yM6lhyIccGTKNWzyc=,3680.0
consensus_latency,Ao9r0ReBDpIgp0OQvMDROLr2tzCskDMdpw+GNjosNCg=,3682.0
consensus_latency,FM4a5qZoLTMNPAqOVbtq4RzVfplvXrI4bWQEuePDU2I=,3682.0
consensus_latency,G2doPo9FoQV9/rOPUltEQHaixMHWCWT4+iuLHw0P7KQ=,3682.0
consensus_latency,JLQAXTLoeR13zzBBSB2uyaLihsA8xmm38a1lxu4bL7k=,3682.0
consensus_latency,LF+E8utqFEi9stCLpWmTCZnGEGJL0sWLmN3M4cisNko=,3682.0
consensus_latency,OMHCWAzjvCjhw6sQ9Km25ZBg+0UTYip8UMSIYxg+CL4=,3682.0
consensus_latency,QFXGrEYs2HzLxlXhlZTbMdOfwhbzo4kEbceCclSBxJ0=,3682.0
consensus_latency,TskpRcnzmkMM8V7EG10bIwT6+AEHL1feXowYnLknIB8=,3682.0
consensus_latency,UuB4Fhg+UrZNxgxS5lAXdHZlVTeh6ifApWFcxhy5DvA=,3682.0
consensus_latency,Wl3TxPTlxvCeC0NCphnZEBR5vzSX8FY6oYuZLRrSDfQ=,3682.0
consensus_latency,XUjg9TbKhoMxks6MJkJWw46Mny3OCvWYn0IrDXDBFd0=,3682.0
consensus_latency,XX60uoRe1sgtlpL++Ro9ULnd5m/wr6kaJDJoOYAo/40=,3682.0
consensus_latency,Yoz2qr3sXcEvJ8omtIYUNlfPpVaLkV8bEvzKUuAr80w=,3682.0
consensus_latency,aaNM60+8oZY4pZnbqE9CM83khKYx3HtX3ipSCPkRJWU=,3682.0
consensus_latency,b196xtc8ydf+elb98jzHhbp4iw+/h0dEfJRYJrThaZU=,3682.0
consensus_latency,hW2J1wXQ/WroQSu2kcStvlqDOlWgRQL2fxsyom618+Q=,3682.0
consensus_latency,h5bqeUNCRf4HfBx4Lf4SpINEXTs9HJ1cCCV3NoVvvrc=,3682.0
consensus_latency,iWxtTRhCXO/uV4oMICMICQx0882U2DMP4qw5KFSocnk=,3682.0
consensus_latency,i0enc1QPA9j7jmNr+Dc2+vRZhtM5z/pRVtO+yiHxnzs=,3682.0
consensus_latency,j92iN7oozUA9xzlHhV4D1nyiJvvxDfwMFF/SdMa5HWs=,3682.0
consensus_latency,j/RrMGkRphtm0VAA0qzCdC1lwpb/reCvJSH2hwy0+0U=,3682.0
consensus_latency,niXQB+IZGOY6W+ND6ka8wf92D+RL+Sqq2EnDHUC55BY=,3682.0
consensus_latency,qn81xbw52WVHEqRfiOhABcIW57xfqWDpkzc2CzclYQs=,3682.0
consensus_latency,rbYa4Je0CAd20J6STuBBmjT+mcr5MssUTgCaaQHWkmM=,3682.0
consensus_latency,sL/ey8FyQXZkDzl6me1bzbKN8NxI/AQK0JED0rOo0GE=,3682.0
consensus_latency,th5GUYCLdit3FKC76XGwWoks/5rNdcA4dYUqiDs8YTg=,3682.0
consensus_latency,tvtWyWBzxFgeKRMhBzY2BuriBRBX5vI/8oKY3KRI3Gw=,3682.0
consensus_latency,twpRGh1DWiPPWvU/LW7B2tO6r9MVLJeIP8k5gw0YLJw=,3682.0
consensus_latency,t0gIx+8t4udb7R5mMxihXno6Lj03WrZ9YVcweCjuTQA=,3682.0
consensus_latency,vJjByw+XBQhlhMKiMDcGv48il94BgovR9LlUpd23uag=,3682.0
consensus_latency,wqHO/JluJTLslSCtHroKBFZJriApVlifU/1CsZRRdwM=,3682.0
consensus_latency,xxQZEYq3r98IYIzNa/FB2eJ7gj7fjZQtf0f7P1blbqU=,3682.0
consensus_latency,ynPIps4LPfOStlKwk5lumAppLb748rWXpVw4S8EbO00=,3682.0
consensus_latency,3dtSi036A09kciaG3WhJgH2ladYwP4KwOZRDZeyov80=,3682.0
consensus_latency,49wvYYVEqRcnmqxsQ/WBGT6D3DCf3KchUsQRnZ4aWQ0=,3682.0
consensus_latency,5AAuQsw8/dq85UQsbKfwa95sUyzCr9Nj6RjeAIvVoeY=,3682.0
consensus_latency,+u6VzCRRFS6c38UkksB8wGtXY8TrfwsIDHm6VgXVYeY=,3682.0
consensus_latency,Brc3UokQN+3mz4uVROKb95Gbp08WKyVahwGMIoI0VuE=,3734.0
consensus_latency,DUi93/mcb3mIpugtuOXMSEgtZ82hUpuBony32IwChMY=,3734.0
consensus_latency,DvwwB9rwLCNgx3RVA1asv7YDbaEwW6e793jwkm2WQIU=,3734.0
consensus_latency,EGte2s+VijExWl7gYcVEaJpjZTRlRog7A2Tvj1A3X+U=,3734.0
consensus_latency,EgmBO0zg+9Ll/2/d2abzaMpLpnpau9Pi7gIRyaRzyvY=,3734.0
consensus_latency,ErBBxElS0riH4jZ+gKvoFjzdKbakTUSUNr7Xl+tJAf8=,3734.0
consensus_latency,GHMhTzZBJ2ucHkC9Z0YEMTb0sKQfbyA3tFpK+mkdrHc=,3734.0
consensus_latency,GNTAOZ55N7qppbPneG5Uwyu+OW05ALOoHAbfz/Soa8E=,3734.0
consensus_latency,HHnWjSEjUxx8lNUMaZV9XuJJk3bBVCdA6Ysb35XAb8A=,3734.0
consensus_latency,ItGmuOVB8oicePinxyvo0hmwP6HmTbXU8D/qmp94AEM=,3734.0
consensus_latency,KJ0Yof+94uX8M+9tZ/aADHIiwcUH3bBIewTx2+tzRFY=,3734.0
consensus_latency,L4nTzXmzhkBPaQoezAFXA7MT6Y5+zEtbdwDeuCbGokw=,3734.0
consensus_latency,Py9O2236vr/PlJCQhdTFc0TeqtAXM1sOBmbYqmJo1z4=,3734.0
consensus_latency,P0gIpr+vCS3XOZ8wwiLU/Dma5DyM9NrIy8gm40Zu47U=,3734.0
consensus_latency,Rj0qmw5h1RuQPddUBeBb8R/GJfqa+KlDnNXXgexf/F8=,3734.0
consensus_latency,TtGBqMA2J00UvTf6Xq/JN7rJpJ1k5J054QyZQzeMRAo=,3734.0
consensus_latency,T9MnRWiu2pWZ0DVds9zw7F+Ubc2tw9NA05r0pGosTjY=,3734.0
consensus_latency,WZWXQ7elsBITELKTwG4K7F+gkjPldLvMHpPH7sOyguk=,3734.0
consensus_latency,WjR7e2AEP8CoTuyVvjfxR6xw3TbfoWfmoi5tQRwX4Uo=,3734.0
consensus_latency,ZEmIM3OAccAR1LltpKG0LM+8N5pBKvEcgfVdqTk39OI=,3734.0
consensus_latency,ahLcy4lPpnWt25GlQ/zE0VGR25hVohAsgjv8IWNDON8=,3734.0
consensus_latency,dSS3lyBx+AZZll8eogzDyy3oZo3JB+wYQErQ8dEZClI=,3734.0
consensus_latency,drx14tUUXn6LuL72g6Q85KoU7vlkL/8P8myJC8acwt4=,3734.0
consensus_latency,fnAHaSLD1ec4OZRPljzayfQpY0GJI4PY3MKAFSTbRnw=,3734.0
consensus_latency,hc3LxwG9tWx8VPom+dUHhzkIamjzsxVqWh6HKgQBG34=,3734.0
consensus_latency,lAQ2ciE/3iNpaiowrlD2GacIme1da3GE+UvGj+BRlco=,3734.0
consensus_latency,lYDf2IlQaAvFiAuHCE7kG5A9eWhMqxFExXxc8t+OG9o=,3734.0
consensus_latency,m89mKF9yhRL74LlBzyDZRf1Y+++zTGiCim7WoDnlWtA=,3734.0
consensus_latency,pkWmVXqrpu5Yw2oT8deN0BmOrz/Ne5Ie9A0PYNKPATU=,3734.0
consensus_latency,tF2uJapN+hYH5gMlsVRkcu8FB7NGMCyVcnOPyOMbG+s=,3734.0
consensus_latency,uag1OWOvBY6gwTUkGBMvvAIvQT+M4s91ky4Ygjv5B8c=,3734.0
consensus_latency,2Fvgs9N1SCOZm+QXscNT7pPYzQP30mmdNGcFY1Tfa/A=,3734.0
consensus_latency,4UEPkTccn6DlO7E2gEie7p7JlOOclVzwCYmYOWTMVkE=,3734.0
consensus_latency,4UjAPmIEyzGSCF4RVqBqOZMEA7E5tw3QQSdfntccoXY=,3734.0
consensus_latency,6FSTHnSWnAi/8vucKSjS1G/BbUSLiAr4JsKVKFozSPY=,3734.0
consensus_latency,8ipFlAV+r3fwHVM89NrqYboqRz1MUyGfcT8hgGAXm5g=,3734.0
consensus_latency,94N8MyWam8KmyX8Vb91IovOoeH+KnOMGQZjrRlXID4U=,3734.0
consensus_latency,A8GgERxrHXiI+MpkDN8qwGrgpjRoSGLHDQpMNPE6rgU=,3733.0
consensus_latency,B5RUuRNDE8SzFEYObyHRdqSsJG9fajRnfsxnmORBbJY=,3733.0
consensus_latency,C58ad1wuv9lIfdnTyEn3E2v9RWvOt8oU58UJza0KbWw=,3733.0
consensus_latency,Fi9Ee9WLbQ/+1FJnhCgOrJlN8LlVmfK1eweee1e+Fxg=,3733.0
consensus_latency,F5uN9lfhGaQ9Eu3PB6Fk3Vl6Qw9taAxa930UQu/q4sw=,3733.0
consensus_latency,GCYwg/2QIiJrrO3YqRCeQDaXQn5E8+D1njGybx7VgxY=,3733.0
consensus_latency,GJxJUbl9qN8Z9iCrnFJEa8nb4pHoAZV6vLk/x3Bbofo=,3733.0
consensus_latency,IixBdLTiF70eWG712mGSSQDMf92Ent0utP3QdNW/9tg=,3733.0
consensus_latency,MB9nPqSQP9ngsNLn2c26cEib1+WQRciXKqVyX5iy8pw=,3733.0
consensus_latency,MIutjrewDEQH9Gl3traoeKEnnh8cBLPNpNe0+u+YCwY=,3733.0
consensus_latency,NR1UfDN2Vkou8fLhJh11jEfW8dQDMC1ILCjMGOfYPzo=,3733.0
consensus_latency,NocnZdULvfc2qFoz8+M0Rfx81mRdnoFgBhb5T19t9Js=,3733.0
consensus_latency,OTzILKorinwPfkTJglKE7c+0lnP2CjySBIlXQjS5LPs=,3733.0
consensus_latency,P8tYg5mROjtc79N+M3P67f312ajl6/La68HGLoWpHD0=,3733.0
consensus_latency,R/NEzvMmsB0WG7hXIPYKrbZ3VT5IDgsmT139Ml+NBIE=,3733.0
consensus_latency,SjzsKQREdFOcwqwNQHA+eVgg3lKR/Q2gtLpgUw2mUdY=,3733.0
consensus_latency,TmBSNQoQCMI/yekiqjS8p1FmHfXcxRwmRwTq6iWrJd8=,3733.0
consensus_latency,UM5Hz3SxwCR6c35DrrlX6ZfTRuypLI/i2doD0hH9IfE=,3733.0
consensus_latency,Xori2sRJypGFT2GtrExy65Dd3RT4nfpymPIetSlM2Xw=,3733.0
consensus_latency,aBRfXNp1+z2SuFWSnFuT1/Vs/LxsiPfftLVHCI4zFCo=,3733.0
consensus_latency,cKXDL9XWt2GskgSyPO3udbh8YUC1Y+Trb/72U1KOR3U=,3733.0
consensus_latency,dic6T/ztTymMBOOAP76z703H9Qult0DqaF5eg7xhdes=,3733.0
consensus_latency,d7KF/Hegzp8Orx2yuxGOmY0gxoWQdAaSj22LWud++oY=,3732.0
consensus_latency,e5+k9b2YxX3hjmEEd9hDnntdtCwfnvyz31RNv8EtCqU=,3732.0
consensus_latency,hnxQ3bljzHkIs7HvVTeLezdJlX3ww3qCioqfb4gaKpQ=,3732.0
consensus_latency,jJXHrFpDNMSah3ARUCLL/qIxOwhx2LYaDNg4Ad+pB24=,3732.0
consensus_latency,lksYmoGZZ3yM1ekJhNAIQyxudyiZ4xsoctdwl+/9iwo=,3732.0
consensus_latency,mMHPGZX/7ND6TeOftmuDklzYUBjXmWWqQOSF1vNyWS4=,3732.0
consensus_latency,n6d4oWlB3WFqAxg2UbImEbo6t8IHWN/YXsHrN823Lh0=,3732.0
consensus_latency,oRjn8JYi9SaqQR1hfe42rYqJ1S28rFg7/OLj/yMde5k=,3732.0
consensus_latency,qR1Je5WGx2icznyoGwMDbvJqJcetApJLYzpmPyhmMmM=,3732.0
consensus_latency,rdTm9WGPdNpTqveYpHJ3OR0IhTSh/C3MnVcJM4X10dw=,3732.0
consensus_latency,uIXy5A88j7xBOJU4fqCSfLLQ/8iQTdjjQrWdxw2+OqU=,3732.0
consensus_latency,uNGPbnS6NT5z1RqY/M+LWu/jjsmdmn3D300jJJ0ptJ4=,3732.0
consensus_latency,uYLimkJ+WPSNPxj6zW3paRFSN040vm+FuQRGScHx/aw=,3732.0
consensus_latency,wpTUXbAEomUOewaLsFRNUK9MFDsZP2ZidjnhU5Wd7SM=,3732.0
consensus_latency,w2qizHEqemZPK+Dn8pXyXVvlxkYZrc8JtOqWWjz4jsU=,3732.0
consensus_latency,w6+bmBwXyCm4CX0IZ0RHuv95vQL7bfTfrfWVoeCeW4s=,3732.0
consensus_latency,xRl2Qc3nVvo4TLD4r6QAWjxHMpl6RuBBRE7CvlKatT8=,3732.0
consensus_latency,zNpYKBh20Qiu1ymxNTGap/wcYnEZ/38QUEB3PaQ/dCI=,3732.0
consensus_latency,0Ctc/Q71vOKKuF+Jh4H8TSHpaAV72wIp5LbKxADoVdI=,3732.0
consensus_latency,1idl/PIz2kcbYAtdaXjytTn1AY+edskSfOz6t5xMcB8=,3732.0
consensus_latency,11n88PdCgGq4APhYNG3buBuHi9FoqVksQFv15h8GKRQ=,3732.0
consensus_latency,3AYCDr88yHyGszX0yF8ENPv7lHBU/yPuNw7gL7uqa4I=,3732.0
consensus_latency,7lAEaqgPlOaK7LaZUxAr/2mRS/zUlQIcTYR4qHlBFKc=,3732.0
consensus_latency,8KqlRe7uPVa43ip9/1QJi+gIM2KCaFehxuBM45vlYgE=,3732.0
consensus_latency,9eKSGgc5KZfIEZYFGBz09A1h40ckUN/Jk1s5W9twP90=,3732.0
consensus_latency,+XlUJOGFEWG4cPzXH6qkf5HMaSj9XQc4elOVieYqQiU=,3732.0
consensus_latency,AApvhKZrw439EQB41uetIWOZbR/4I18lcuNaO4BAI78=,3732.0
consensus_latency,ARBqYMk/FYBq9d3QMCGgXzlKJWn40gHwt4sOun8CScY=,3732.0
consensus_latency,EE2YP3iRQDXqqoU7WhunWpxwDdW0UK9XPyh5af2wBSU=,3732.0
consensus_latency,Ejyy2zaPU6Q5lJ5IyFcTxXjPGdEKmTIksVtOTO5kB1c=,3732.0
consensus_latency,Fl2PMgUrTXDD99gPgJ7ymusPYdb9C5qJac0Yu1yD2RI=,3732.0
consensus_latency,HvKDPMpU//JG5LElLSvecErdT7DFnX+osAtOsUQ53lo=,3732.0
consensus_latency,JLnzfJf7OMZjORfXX4/iU+UcfqRyFYxmpZyvGmKBUcY=,3732.0
consensus_latency,JhsorMdrAywIpAgFK/YjIKOu+5S2XftNr3mn8xG5dOw=,3732.0
consensus_latency,KYo436ebjHAQGOvX/aVWJjqmBj0xG6DtcH8AkEvKHBY=,3732.0
consensus_latency,Ki62c26fFIyP5uupHyPjpu7sjlyxrwTrMJMynF8xayM=,3732.0
consensus_latency,L9T9Oespaj6bFZXnojE/Pw4xMtiamK3b95cdLA1MSDI=,3732.0
consensus_latency,M1GX6xZjchseN4k7hgJw6Bf+Ky36hAoDPZeFWrLbLBg=,3732.0
consensus_latency,ODi2XwjQePkT4zuyyOq466L1FuVcnMzwPEFC5QoSzKk=,3732.0
consensus_latency,PIMVGnF+UXpz5DqZwPYowtxqMplUkPxouLH1bRNqcqM=,3732.0
consensus_latency,QH7/qlR7sWxdSeW7AqlEGQIdkpIm4WBTGj8lMhK9K5E=,3732.0
consensus_latency,Rzaic1nlxutP2K71e7vtO8kxjA2GuQ3NpOSNHSfPlfs=,3732.0
consensus_latency,SUC7E5emG3hPnl6ym3xJBnDnLGsugrvIhJ0swMPCFHY=,3732.0
consensus_latency,TOUrPzR9Q4ScbB6pS+7UE0+rg3/EKQlJhLUQt9ojZXo=,3732.0
consensus_latency,YZXx8O90JBpGut2nN5Id7+qHvIe98Vx09MBUge7HVFA=,3732.0
consensus_latency,b7m0bTrnA+8geMAFOckR1jeKfdqRJQpIfIwspJuLV/0=,3732.0
consensus_latency,c9Tix6OJYpHVMZ9IN82Gzw3D4ONdsWMhJiXzW2Kmc0w=,3732.0
consensus_latency,diOgG2QPTH0LeR8jVALtmo/k/VXq37bfvg6zHon7/TA=,3732.0
consensus_latency,duWfVNNhLoMi1vXikW9r8tDgtKvwR6PqYgGc/Qh83ck=,3732.0
consensus_latency,hbgn7Vl/3twNiaCMnaFxMYY//eo7JTfqDAkZC3LXM+k=,3732.0
consensus_latency,kLLUBOgNWollKiOR0ZsEUSOE/r5IfCElntGoulwW+Pg=,3732.0
consensus_latency,n7rG4Dh2hPUCZTTVa8KG+wPk35Q8q+IsBB0fkzvh2Mw=,3732.0
consensus_latency,pUukfefpegaDxwv9sJMJScTYl7+1f6iOwHn3PTCUyvo=,3732.0
consensus_latency,r6AQgS7VcVPT4hjhV4+EmURn5oS8/gRGgg+lY3K7tzA=,3732.0
consensus_latency,soAL/Ctsa9SgwihFYtQTBoIpXDMxQlz1oRjeg+vT2yQ=,3732.0
consensus_latency,vBwbKitA0ug8L0J8hxAcufqBbpuRTSrIgmHd3lY+9UM=,3732.0
consensus_latency,vQV1XWlGqTxt/ShzQWIh6q8JKSg5VjktT/ZdZ3Bry1U=,3732.0
consensus_latency,xxVHZltshO3AHgDWCKaobIC58vTwQWsfb1aX1qMTLsI=,3732.0
consensus_latency,zV6KDqJ2BPpqC43sw06JzaWGtDD6AGeHh3bwTv38vyU=,3732.0
consensus_latency,0mgYciIxaz9i75mvrfvp9l4Ag/WLGJ/OsmrKrl4WI1g=,3732.0
consensus_latency,1QVzbdFb70KyWQjB60ygLFxo/LFhzBUZBdQBO1Lceu4=,3732.0
consensus_latency,56bKwdroo+FanoBzhU7oeUhTydlpu8B84BWbKtW7518=,3732.0
consensus_latency,77eF3Hm2mZ29NlLRi0DMF5xK5CVGAWaSygPbeP9xZ+k=,3732.0
consensus_latency,+SBmCqfQNPPNtPL+23drwtxfFSuZnwhnX8iStFugVaw=,3732.0
consensus_latency,/slmuxALuFkweu3YjCNbahTYpQdimQZqdISK80IG+Fc=,3732.0
consensus_latency,B8t939VbzF6evN+SXYlEqqSdkSBwTp3O6HsEfhzZ+3w=,15697.0
consensus_latency,DD42X70kpKXrmn7BfyoRGNJ2oOz9P2ST0zi1FJqxZCQ=,15697.0
consensus_latency,Gsi1pBFLBmw7Eu10UJBH1tn8stSc98iguIOLHhWgv/U=,15696.0
consensus_latency,G5pijO3h6TIB/gsNaLT6s8TX74UkHivkBEyBSVsla4c=,15696.0
consensus_latency,G8l/MRMMHLfJD8c2uEJFQLAG0zvPH+1DBZI54TqCeRo=,15696.0
consensus_latency,HesGZFwVu/jabXr8oK1tGa05K5W1ksXwrxa7oX4ELsE=,15696.0
consensus_latency,KDKpK1tQ0mXvcC1SkS3+qW3gn3GhZ3HYMT0++iwqnWI=,15696.0
consensus_latency,K4BVX/cu/oy7ZBEi9sJlDmrYSDrF4HVAJWKDdsiIIgY=,15696.0
consensus_latency,LPWHu/i/jj1rm3+J/2zNhjXtXQK3RJJvXBX/2o5uOn0=,15696.0
consensus_latency,Nr/54qGBqvcPUVaLKPYK/InTzqjBUP06+6vTUNE+vG8=,15696.0
consensus_latency,SNb2gSiHCWBKVnR5iduKf6nKhgNIGEb8LDC9jI15KFg=,15696.0
consensus_latency,S5IqRbpHTd4XdSlhcHWrF30qXSB3R5D057QZ65iLI0k=,15696.0
consensus_latency,S9q8jV7HzU2K2nHCxjzbf9fQVKn8CfzHFIeVZiAGAX0=,15696.0
consensus_latency,Tq4FMCKpP8gmVFZ6GgLC/yRQdk5sMUHzUjborekUk5s=,15696.0
consensus_latency,Wd9EfmHpGDSCxX69ncbFasNMImyAN4GknVlSKGE8PF4=,15696.0
consensus_latency,X6DYNGl4mxIQUPb1RZm4ehml3uSTJlmbCTdftbmUc6U=,15696.0
consensus_latency,ZEmroHKjSi6gDXKtZBk0ZDOq4+4RU+KW8fLDN93YLhA=,15696.0
consensus_latency,b005lGIhrmgz17xT37lO1awieN8ORrXOcPf/ZRJuFSU=,15696.0
consensus_latency,cmRNB8R5z5ZGA4pSJfTfTTcdPGsi5KIbpYyo4YphMLQ=,15696.0
consensus_latency,dxzcxr/uhe9mobiQKKNhdpjeS7UU4L4x7orAbAGg0o4=,15696.0
consensus_latency,d3Wk+/M/jRRSB5SHsco+nOPQMzGSS1hT5GfjLJxUzNE=,15696.0
consensus_latency,ilUat1ZDFxKFAR30flCRqAyZ7tZ4avpKxZzs6KnYu2U=,15696.0
consensus_latency,kNS+H9rfbBgnmZKkTfYh5dRRPzRHEr/YpbW/cxNJ9RI=,15696.0
consensus_latency,kgoztalit6mLDkRluGQrDWaY3k7Ek070jFR44Jkp50M=,15696.0
consensus_latency,m/Nq7evfXe30badEvqDYtDLRsyM61gSFZNrZXU5IylE=,15696.0
consensus_latency,nANQeIvccjrzufU2snkNAlUAxHVknIXD6JRx596AWFU=,15696.0
consensus_latency,oqp3z4OsXWfdqaLGikjuy7S9Riq0GaoeKf8gPhttV4s=,15696.0
consensus_latency,oxR29glbHal03/vBFR6Kt6evIL72vpa8wrzKBVzTQto=,15696.0
consensus_latency,o2YOEMma4yu3EyW550VObXFhKy0k4NF/MS+GevUJm78=,15696.0
consensus_latency,pedfKQN+pJrh9YVDy6DYn5uqMzmFGRc3ZI2xFizh2Dg=,15696.0
consensus_latency,rj4ENN9cd/BN7v2LnEBKxXq4YywTZZTSKW9j6+dDn9A=,15696.0
consensus_latency,sPmAZQdaNmlNUvalO/fpYF8OLPIYGIuhGI07kwOV5gs=,15696.0
consensus_latency,tRFoNO6RU4K4GDfSYItI3TdiKEjQwVGl0RH2sC2M2rs=,15696.0
consensus_latency,uelb3vPTc7IElwx0Z0B1rVJoCjXk8hMXKUWmjOfrXo8=,15696.0
consensus_latency,w+Qhg366GcAbOmMzAtFGYmmqNSvWrA8DHUWOa211u0Q=,15696.0
consensus_latency,xejTpx1OclVKp++30odebLtlyUYLFw/1KKv0TIHwSLc=,15696.0
consensus_latency,y5dttwSP65X40X7s8KGZpX2iqxps2V+s35Y81MBNZa0=,15696.0
consensus_latency,02KabJF2YdRUbFbC/q1AC4utMvUJz0p7xGwtLaRbkEE=,15696.0
consensus_latency,3rfdsSUFFepalvFpL7+Yw683ilZCBaWIguMFWx7LkHk=,15696.0
consensus_latency,32p/6k5U6YPcqkm1H74lB8fKX/FTU5inZqhnsLUZRK8=,15696.0
consensus_latency,4dO49Z30Fjb/2qmqKkG4QooOO56rharRrTknUuAqE2U=,15696.0
consensus_latency,6NjXS4appD1ZQLDzsG3U5KWeiwBvFCStfxT10awpiLE=,15696.0
consensus_latency,7W8foArikZVbtaC5OeIRly2sGcFfUQNyV9XhDOQPmNg=,15696.0
consensus_latency,7/kn9CtyQUclTOlxDmPGV8/+NHHTHF1ihCju2qWFK14=,15696.0
consensus_latency,8oM8sQ9IBqh6R5xaPdX/MKuPAvlo89MIbrvCVOICvxI=,15696.0
consensus_latency,+OqqoiXsfrsFlYf47bHRb8JfArzDHY+NF5BUYklg9jY=,15696.0
consensus_latency,/8RRMsDC5ebKzagLv825e8LNQZ8LJSEZRgdngNiJPrA=,15696.0
consensus_latency,NK6SXOB+ZOrKIMA/oFfRAmdd66sCIGYpGgb/ggap0rs=,12479.0
consensus_latency,plKKTtDI5A4gw2g4eXQ36gBRzXI6l9qeonSg3Y3FNPY=,12479.0
consensus_latency,zWumSFiPt3uJfZwidjfXUbQib1/CoYwiu5bWbQduiok=,12325.0
consensus_latency,8vLIL2CDWAAeH+Hm5UdJKvD4W34K9f62Jlr/fpQysuQ=,12325.0
consensus_latency,KxElCwTrVfXpjXIZrBUiiCxEK76CMXcs/RhnKVIpOmM=,11998.0
consensus_latency,TVGZvfvEDayj5xcMS8XOlQRRduNt5p4kiy5yB7Jq/qc=,11998.0
consensus_latency,/DZs+1KkKMVhESHiYj7OyFMuphlnLG1HRkslNY07Uug=,11998.0
consensus_latency,B2Cm6zIfWFBwnws+rLKlPp28SBRv30gln/L+wMwNYh4=,9402.0
consensus_latency,COij2ENlJwPUMIBLRMglQix3+94UqsGHbJwHTSot8zo=,9402.0
consensus_latency,C6MQfnekIFJuylDQ2oRZNhRL3wC0dS/FytMAYjpVjs4=,9402.0
consensus_latency,GgVqEY2MJUWib3k6fuedlmBfxOCVQU4j3d55mQtahKY=,9402.0
consensus_latency,Gg84XXQKCzjdkwPKsiehMhdsj0IjHSZmz2BHykn2uZ8=,9402.0
consensus_latency,HkwHozLZIrYVKZbN3ouZU7FO//89mX6e/rmDMG2adsk=,9401.0
consensus_latency,Hobfn8g+2Yhviae5vlMxYrhnnLKq0HrrmujrvMPW2cc=,9401.0
consensus_latency,H9zQhCn+HzPiE0jRdUL73Hmpmkdwk0X+XsParpgBoIU=,9401.0
consensus_latency,IROYibdVAtGyY4/F+l/ufh2wLdv4xrWWAu6ypUM0h90=,9401.0
consensus_latency,JodiBZbLHNchIUlnu3iuZSD7rykMEiffP3M5jyqsEQg=,9401.0
consensus_latency,J8q4qZlNx16biryFRNzBvzW4UOZKQT5/oDlu33Ltonc=,9401.0
consensus_latency,NO/P1G2jtfpz0zUP2/+2n4FeLFpMVsz+s/p/FLK9weE=,9401.0
consensus_latency,N6xpciqrDfjUcgPbuNc9WAsGviLIyB+Ld2OLgUEZX0Y=,9401.0
consensus_latency,R7jGCaTuCugn2tHVHUIfEX3ad0rwe89UAcvRxbORJXo=,9401.0
consensus_latency,SD+mKGEFEDSFanmmyUj/TVfGbkz4h2FU+Nk1xu11qAI=,9401.0
consensus_latency,S10Fb8Sw3TlSxzgZKmcURkqU4hOfw+TVoBLvUmnsdZg=,9401.0
consensus_latency,S6r6K629E8OKgWQnviXb7zrmeNPVXABEouq2qRklEes=,9401.0
consensus_latency,UwN/MyNitTZQTrm9ZkUJbiMPAenvRhu0DtfIcpn3MO8=,9401.0
consensus_latency,YaMv7po8ptNHq+rD8RtUXzKg1MvSaQzTxk5FnbrZIPc=,9401.0
consensus_latency,ZCRX/0PQLg/BJaDsN/NQ/AejEQZaxOKTTT+kcP5B6is=,9401.0
consensus_latency,Zz6v64JB/Kve9zBTNPeLiy7WM7UNdfGIAtrNHPrWgHk=,9401.0
consensus_latency,aE7nhSvzRSuYG3XpAAjcKidTgUtkwAJd2+fcnZErdPU=,9401.0
consensus_latency,dSuWuqTpLWLSxU7E4Swy07R17Xo8ssk8CvGNKAyTza8=,9401.0
consensus_latency,d+W1oejAZDu3nh0aKacZOOEXdEqdztXEhXf4WjwBUkY=,9401.0
consensus_latency,fXLE9AiUUhBGi6ixKIlgxpXGbJ6OiY8Ilzd7C4nHzaI=,9401.0
consensus_latency,gvrwMGTzvMP4mO+si3JXWEKjjsstc/2ySCVLXtafAyk=,9401.0
consensus_latency,gwm1A/lZc59IsBTofhtH6OLo8qJZMJNCHcRTQhqD6Jc=,9401.0
consensus_latency,iAo8CbjHJ32p1zPLyAMfccEmmcYJJevaQV9f0Di9r00=,9401.0
consensus_latency,il8fqh9LplMTabI4PZ4ddNPSmHSc/lb4lPKuH8A6Zyo=,9401.0
consensus_latency,kKSnZKhp/fe8ASUFbXClyFk6YqgBJlsyhH9Wkm7OP48=,9401.0
consensus_latency,kwxKiWI4UMV9Kv0JqgjE2QRoitIkTZd+lr4XmnwHe/o=,9401.0
consensus_latency,lRnYMV2vDB1I/NY1spQZpbMJKq1wOFSz6nXElxjsyMo=,9401.0
consensus_latency,maWDTx9D13INmOxhdeinObYECTKc1vzMjnqMzx2bgls=,9401.0
consensus_latency,pEvOQ2sbG1TF43HlPEAnB5Qy4tAzEgB/BR1p7tHsqCc=,9401.0
consensus_latency,pPmkZ6BNJe8iM+QjPXteYH2Sa2frdak9JJQtoR5eiaY=,9401.0
consensus_latency,qxYOeeLASoO5Tz60oROdWTiwu0PNiMlnXv5oJfRgWm4=,9401.0
consensus_latency,rQf2QT1zk9433HRs7KZtYjxNmycrK5U62tmC1h3oW18=,9401.0
consensus_latency,utiy8e+gbeKiw/4t7fxNIKGoZPy5HlkIx2XCoy1+r84=,9401.0
consensus_latency,vhQgaIhGDXhpaFgeCfpQV3DpSTC9Ml3PWOOlMASSUp4=,9401.0
consensus_latency,wjit5rMCItRFurwofWJnlB09mCAq/U+uIvAdmdeAACE=,9401.0
consensus_latency,xBPKrRoNNMwExcx48oEpFNHWhxIKpI/32pniymY45RY=,9401.0
consensus_latency,yKhJ4wr54Rmp9/SQfJWXaBGLq1Ku9v14FAPWFsY85Jw=,9401.0
consensus_latency,ysK9fc1a2CNbjDB6oRsIpF9zuP06FjP08GXWzrlSwuo=,9401.0
consensus_latency,znIRUZLs0eZfoKKBDD13SmHsQzvjXJKEb08AHEyPJuk=,9401.0
consensus_latency,zwSkq3D9PLVVnsvkO9UwjAPMOzufCnX2Fqo3T6oBKCU=,9401.0
consensus_latency,0fqEazREyhxDesys1xgLiEk5rF+68ccWddG23A8OlZw=,9401.0
consensus_latency,2ri73vweR8q6ki7kgXK4qhLbRadsH6ro/a2AVQeGoB0=,9401.0
consensus_latency,21x/5Gvw/aFFLkwZlH/edcHYIgDRbOyDLDFgDSU8Qco=,9401.0
consensus_latency,3d1ApbU5w8icTWUBUANPI9FOuibDW4ABRxBdO1JcomQ=,9401.0
consensus_latency,31XZ1RucJLNlmJZIE33kgS5RgI0Qy86b0E2cIAqQ0HI=,9401.0
consensus_latency,4LlrMs2WlF1tp/HWfiDqTkXVMddDIg5C3dDU0+I79zk=,9401.0
consensus_latency,4lsg2K3kNj4f2hEc8PALrIL7SwydVbug+3QDNdQWqLE=,9401.0
consensus_latency,4we+ODRbGM2c3VP6BEpiHpvaqdBlbH1yBJ5Ud7zGiaA=,9401.0
consensus_latency,5o0v1GOV+drpr5qlVHQzmBBzHC19QTDfsYCxTKaket8=,9401.0
consensus_latency,7RGkxSMs3elobrdlOg5+sumi6/Veq+QqQshToO4O5gw=,9401.0
consensus_latency,+NtfSPDJjkllRW29eWh0onGEddkuoNHmmsqeWQsMtFI=,9401.0
consensus_latency,+bVvSf9AMG/M38tpZ5hO3Qq6FbaKB5JTBo756+PBWKo=,9401.0
consensus_latency,+8T/GLJpaSLIufInsDqd473Fd4S8ljbllJ0zoTMc9+c=,9401.0
consensus_latency,/aBBTNGvTO6Dyjv/X7TfQx2foYZBnw7d55gIOskocjw=,9401.0
consensus_latency,A/gEWSsWlAAaanT9nrWt0ygusI77IQBZ/h+GP49Djqg=,32738.0
consensus_latency,CSbQ30ujg9RP46FbMACHyG7chyPrDkmcFU8LnnucJr4=,32738.0
consensus_latency,IZTS+WHXUOlo1aRrHzM7klmXYC7z4imaUlbvlhrmb+o=,32738.0
consensus_latency,KSoFb3phmwlhWaiL1J5mC6iBTp2ZxRaxB9EHuTOgfVU=,32738.0
consensus_latency,PEF6Ft1z/N4topEoVN9VRT9o89JV9PNtvb9ynIwfo40=,32738.0
consensus_latency,PKOVIj5za1M+ZJhSkU25wpR1bjSJfUcEbHckApdcLFE=,32738.0
consensus_latency,Qu09eaR9CNLfN1XrAmfZQC8KLB4n5us2cTAp4dTDpPk=,32738.0
consensus_latency,Sq2Hohq5Vyx+55voeL5kEkCqLNXJsGA8LbCRRLGnKaA=,32738.0
consensus_latency,TP2nuLPKT9DRd79NfEoOAl2aOY2Elfn+XFODgalSbE4=,32738.0
consensus_latency,UdGoye6s0TWGLkp1fikf9rXaETPJjVdEHDLkPyA3gn4=,32738.0
consensus_latency,ZkNa4qESCyGVAwPOLuKKvtreTd9Itrbur708X/LSrAo=,32738.0
consensus_latency,Z0z6uAnHXQEy8PnaXe36urTP6uUlVmfxtyYbvD/X2Z8=,32738.0
consensus_latency,iMmsvSiluBp61ZE5caEfm0W1yEjmDKkhA2Gbwtgptd4=,32738.0
consensus_latency,lnD2Zj9FeKyXiBQtowFLaXP5v5GDHde408UjIjcGJUc=,32738.0
consensus_latency,oS0oT6lvv8tSwOHUnxtq/imcoeU7zGtRtZdJQQeUvWM=,32738.0
consensus_latency,pPx4DpdaSWd6iZgQvCUbV/VTh9fedO+9oD9AWvVJKE4=,32738.0
consensus_latency,thHaHLcQn0cdx/RhOFwkzZ24Mu9LF8KNWZZRbLBYnhg=,32738.0
consensus_latency,tkQ6uqOXjh2tffR/QEMnV+QZNY1/j3ZsDQcJDUQyRg0=,32738.0
consensus_latency,3enx/L2DEqkGeagp4RhpYGsPSqFw4YwimgjO4SyAwJs=,32738.0
consensus_latency,BAGLzZIrwTvn+913sWs77bhNZnu9cPbg5Sxtc96Bzrc=,32738.0
consensus_latency,BsQODjYE+mrMLKM6PEKOi1x1gnKfylK01L1yY/8a+A4=,32737.0
consensus_latency,B+2Id88QlxXKFm0Le7mceAw027gk0GXQvrY+ex2IKEg=,32737.0
consensus_latency,CFNgvz4e6kwzns2u74CMKBr86z0zAzeo5bzfSNFeyKs=,32737.0
consensus_latency,CGAU17K4YlQwEkSqSkGGYmiPe6YGZ3YyMQUYy+WH/Y4=,32737.0
consensus_latency,DleZXA2cWnNOzt9Jus1G88q+pvhSzzT/wozWEZngZ7c=,32737.0
consensus_latency,E1co7pfMQx6bPqPZqGSpZ/zcpNC+YFFRscg08nvk8Js=,32737.0
consensus_latency,GBHE6h5MHsUTlHm5qpmqPRr1PsJ37fFx35ygKtg/Gks=,32737.0
consensus_latency,IJed5PG64p75Dran+z+T9B0vx+Kv7QOc+tDipL5flkI=,32737.0
consensus_latency,KiMFM4Y0pm082GvbA/qRI6O0FdJaZCmUtoDObDwl3AY=,32737.0
consensus_latency,MZXcirrDxZmYcUgGD32+nsljM1nKRr5PLs22NVP8SyE=,32737.0
consensus_latency,ShGJ/8/gaSlKSIIcx4mFAtl8bErA22OKIZAGA3di9u8=,32737.0
consensus_latency,TPByp6yuqLhg+apUSQoGvn3SN/Ong2dAHkeGfhfxXmQ=,32737.0
consensus_latency,U9FfMRTgJtFGlX3eilRZvpR3N7ITijGzV8YuXyiMPmQ=,32737.0
consensus_latency,VcCKwuS3RrQahBf5D+K8g8cNTPTv5RzJ48iX/e+8h+M=,32737.0
consensus_latency,XVk2xBg14UcYnap90VxkuZ7J6yk2O6h4ACJGZY/CmNs=,32737.0
consensus_latency,XxZDo6MStLaM59MiD0dpDNSKgIPYaLWfr4lWBLOEkdA=,32737.0
consensus_latency,YAwq7O8lMHRCjsflM20wyPf3T59Epk5Gjxn1IaSD9Mw=,32737.0
consensus_latency,ZBLeqtg0fWlrsSqjJe5dPmC8SjrgA4Ccn9ijO0QVrIc=,32737.0
consensus_latency,a0IfqjgJg3BPb7Yvr9274cANQ8dSPf4R/HpOTQMBIMc=,32737.0
consensus_latency,bRiwrujtlnjOCg2um8MGbTyj2EsMQQI9hxrB9cKZmAM=,32737.0
consensus_latency,cCR0HcTnEThibUTQB8WcS7MDIcbRRzK/mFksNkLR86U=,32737.0
consensus_latency,dLRXV3auvIpLFOzlRBPoFAUQooo0ibxj9SOevbtshqs=,32737.0
consensus_latency,eNrFlfIF6sBWZko2MOk+w8qGfkmnXcEY3UNOys3FFoM=,32737.0
consensus_latency,emLJTwqBWuXVXvhJ3VkI10nAZxSrhd++LCj+bKBJz/U=,32737.0
consensus_latency,hiovRJAO2/T6tsze4kZ1OPa22IJLxftZXlWwUPY/5MQ=,32737.0
consensus_latency,nofH0FPs5tE1Ou1xO9oyxn5IJ8ZkRDVm2nAEi2zUWvQ=,32737.0
consensus_latency,pR7AdfFcNqpVvX5qlR9/sDswq2tW00wzOlWSV4n6WAg=,32737.0
consensus_latency,q03iQzLCPyhxCpQAQRhTEyZ3REQ32mByWM3zudn67cU=,32737.0
consensus_latency,q2jMdF1atg7Ld5P1mRPtXVXMSCqRe3hW5yaXPNoDJGQ=,32737.0
consensus_latency,rH+mEAE56QMYEPZdnFONV1LTtwnXeq0wjL1y/8RGMcY=,32737.0
consensus_latency,tWDngOHO1oNP9og97tjgI9yiCSsN9/M5MJNft8KqcVQ=,32737.0
consensus_latency,wnFB5C0q80/yutOmZt3u6R+fpveAFvQ03jPrmJrh2H8=,32737.0
consensus_latency,0bP4bbJZoiM7l3lVJeUGgh/y7kqcWxEgrU8Q1csPQiY=,32737.0
consensus_latency,3MJg9d57sT7Wh2NnnnSBnRWmuX+F2zc3t5fBeXngPyA=,32737.0
consensus_latency,4wm+jvJxAcDfHJFGg08lvmUXtPwwRoVW5513h62Npc0=,32737.0
consensus_latency,5wfg+ZY1KL79KEvzYJGR5pnGeU/FgAC89BJgCX5PpGk=,32737.0
consensus_latency,+n5MeutuZdC00eZKy6oFKeHziOx/y83cFjz8jKLfm9E=,32737.0
consensus_latency,/9hTPqnWo/x74TXRPsMfUjB6ibGeesGiXFyZrXrRbwY=,32737.0
consensus_latency,A7yOyjbs3lmq69+xlyoUZiLaG9WxSYcXllWvWIJOeWY=,32685.0
consensus_latency,CTRPUBMmh/I8ETapnsDc5myi5QvQFk81SZ1ptZJylEc=,32685.0
consensus_latency,Er9NPSrFmmjr2QevyadqYNX+S5PpWMktyMdVLa7x9GY=,32685.0
consensus_latency,Fyjo0zkAmgZFdVGVr9W92QnNRxncIyTBZEvzdkr6yt4=,32685.0
consensus_latency,ISHUqw+luTRhPMffzbPtgc4mruN+8wfRedo5rfraVmI=,32685.0
consensus_latency,ImYVqWl1BoEZc/zvFObbwmR+9N/0onMch14IxXcS2Rk=,32685.0
consensus_latency,JEBTOO5Ha14pmQ1Wl8XkPnvVse4VY1XLBOB7rvbQQiA=,32685.0
consensus_latency,J0d8rPlSpIHi0skK7JkqRdOoB9PlRnN8QYqDGSjuTHI=,32685.0
consensus_latency,KAiEtJ0GxKwCMfR+G4fcT2Rls2Y+x8EtIPyADpM9MqM=,32685.0
consensus_latency,M1mUWVaQSEN6Ktovkhc7yg8tS03LxSlpaQn3+HV6f8w=,32685.0
consensus_latency,PlAmpfuoMTJC0D8fFu4huEo+NV1twrlA16UeaaNohVM=,32685.0
consensus_latency,THPexosWtQoStiwDjCRWB/Ddl4Oo1vWH/N526YXODFA=,32685.0
consensus_latency,TWEHtqJPDn0c1hoWVcUdljDLr8gAmyT+pkb8MIl+h+w=,32685.0
consensus_latency,TmlE1f+U8z4WaPf+09IlBqyEnss6pexvfrXGe18je6Q=,32685.0
consensus_latency,TwatSJs5CdXqXd/yYBPvRpc5/8Jlqyx2q8rTDDPO1D4=,32685.0
consensus_latency,T3ebK13KxF8D5RgpkRqA4gV6HMTZL7KUlwhIXqrJFec=,32685.0
consensus_latency,URgU4bRI3gDzAupFB87nfnd9Cy8BdyFqCJ1FchY13Y0=,32685.0
consensus_latency,XcZg34oYZYlATg5v7t+87jr86O+yHPg/ZcU3aZSTkDQ=,32685.0
consensus_latency,YwJaavcUoqB3WUPX4tKJeR9+hMSEL9sq3squ39u4w4g=,32685.0
consensus_latency,Y3O4u7vlPiyCKx2EQpcHFXWp9yy7GJpnLTwqxStq/io=,32685.0
consensus_latency,aMiVf8VSdYlrmssLLN0XIiuHQFemIteOMsPXEC7/eCc=,32685.0
consensus_latency,b9Zx4DZdb89FAz48axz/Xi/lybzsY7xIacJ8LV5++7Q=,32685.0
consensus_latency,c+PwAh3KIHKCbHY6IV4UQ0ruTKHPhS6qFJCLGsK48D0=,32685.0
consensus_latency,dbuP7G3r8MMFGtLvUbhEIJAgKYVRjnChlLqoLBbQaS0=,32685.0
consensus_latency,fBqifoNvH2zcS5aDcNiH3w2emEODFm/0wxkaA9WO918=,32685.0
consensus_latency,geiYxlr8liWwBkywz9JWMm7ZK7sy/3jzJBvZ4hyxAH8=,32685.0
consensus_latency,hbqLK6FwKch1Z6l92vr7sft9u2TVr66Q2TYJ/XAdOeQ=,32685.0
consensus_latency,iCRMQketFgaruEMxznRF5h9vR/WQEII8hr9LOAFJhso=,32685.0
consensus_latency,jUxBkr0fM9YR09JBTYK5wB5Y99eCHlJSZL/xmzLJ+pU=,32685.0
consensus_latency,kNG68Fh85KEi6FjjNPRUEMxoPaL5iuUKniaQQDUK1zg=,32685.0
consensus_latency,lbfJvCO3I35EaUfA244PRMej+pEYaRfiY+u9gj0X9Lo=,32685.0
consensus_latency,l7v6ultSWRNNE19O22A//Q/9bxCtzf+sInIemkOkEBY=,32685.0
consensus_latency,nYZ07NmCf8AlB6PlQPz2HU1vqptDbslHcL5Ci6ODppA=,32685.0
consensus_latency,oOf6eM1tkqClPriyT50ElAswgk4U85vPJGDECwynd/o=,32685.0
consensus_latency,oQI/SxPsfX5sa2QjpV/NvG3x1Na5oDWGykPJaoeVfS4=,32685.0
consensus_latency,pGkgbwvWDe+K1OAVknjQw8Q2Ln+1bX0dInYIsZ8IaJI=,32685.0
consensus_latency,p+lUgmOtfKHHYRuk2q9TTYuAmH10zpWDrI0y0C1uxG0=,32685.0
consensus_latency,qfsDBXIf6h3+GF0VxfcjSDKTnoGmSQbFT2r2hdF21U0=,32685.0
consensus_latency,vAiP6hk/TIBmBk6BUenG1HHG2fBtDNgpDJUeKu15IU4=,32685.0
consensus_latency,wQVIonEhc8CWcGdo78LK5BUez1F6iFLtrc9nOJVQlvQ=,32685.0
consensus_latency,wiuGSzIuLGmVBvuU0gNeh643fIOzOBk0gNl+ba9hQd0=,32685.0
consensus_latency,yHMN0C38K240zwJNU1ldI5rlcEgXQd5ONcK68TzPfog=,32685.0
consensus_latency,zBdCmoBJoq2/KgrgvYOpuC2yoX/+EOiMP91TWz9vGvE=,32685.0
consensus_latency,zF81eDuiE4myp5/uaaB5Uu2pETX/z/UQQS8B5kc6QR4=,32685.0
consensus_latency,1R/FWtf9KDj5pbSIEUw1BaTNowklLtWD4X4u8XPYbDU=,32685.0
consensus_latency,40mo2chfTtm6RMc7gP0hbuwaQiBuK6LvJNnR/eMckS4=,32685.0
consensus_latency,5FK4F54PpZYfF7OpLJTcUcnELxQ8ypkvNCaCkG8MSSE=,32685.0
consensus_latency,50flqBL52rUpn+FW8LpEFTKYgXgjrEvRp42GaXzQfNU=,32685.0
consensus_latency,7DEtNNM0xWAtr6efdv1lAaJTad+YjiAOSBlBkHObYDM=,32685.0
consensus_latency,+4f5+FDzqvzkcBRQ6KarHBqExfDDBIw7jL3YPYQ+z7c=,32685.0
consensus_latency,AHYC/Y9AXWJVmZb7mvUUsZXXtfhqDeVu2mGTMfk7JOY=,32738.0
consensus_latency,AcAy+80gfy088E6Wxi1woQq8YCKzCgk9PQr12S+Taa4=,32738.0
consensus_latency,AvdxDyDXXJtJ0p5Vzy2ippWaZTRFJor/rM7BsC9qRqI=,32738.0
consensus_latency,DVgdxGmM4f5++VLFW5uO/XRCH09mk1wIOW78ym3emUw=,32738.0
consensus_latency,DdKs8VWHVC/x7U08I28N0+3z/Os26Iq+8fg8fuLs6LY=,32738.0
consensus_latency,EJTOYA3bYJx6pOfxg5nCLhcuiPhyf5jjfRa7XG6tVj8=,32738.0
consensus_latency,FosKCaJ0vfNrz2NdVgVFBft7a7zsNqYBkHC+zmSpoXM=,32738.0
consensus_latency,F8serx+BkNIXw2UX80gWdArhw5ZKTuE5bRZ9SMgW3X4=,32738.0
consensus_latency,HV/IuJlN1CYREfLvzQVfJ12jtM0YSbFEzot8RHLChXc=,32738.0
consensus_latency,H5Y9HqgF9FDeIZXeZwsBY9o3G+GwxCbluUKlUpiV4Ts=,32738.0
consensus_latency,KIzJ8lTN8rjOdPPdMv6RSAF1rI5pn3QXIYltFwZf64w=,32738.0
consensus_latency,KI1OGFXQlUK0V+/5nvJagJ/Lw3FbTRCK3S3elaQixRk=,32738.0
consensus_latency,KdQ9yPO6ykAeLVi0FUk9U893nWQ5k1absL3Rk8YmoMw=,32738.0
consensus_latency,Me8FYKH2O5jV+R4/ooP5cXP4N36IyJ7XWfRha1rMUOo=,32738.0
consensus_latency,NqQkAcAGXd9ZlEl0dB8BtnAZoasexBc6/91/n46z4rE=,32738.0
consensus_latency,R0w9OVAMUpN8BULoRNpehpoa8n94AB41imNXYFksx2c=,32738.0
consensus_latency,SR2yg9hlRNVAF5s9J5LgWfTDdj6AEBm20mafsdUOWOo=,32738.0
consensus_latency,TpvLGsfdf5uYfOBvhWETG+rASD4+OwWOMXzX50ek77A=,32738.0
consensus_latency,UvQiS4yrRt2sEcisVoZqEo7P0KiB+RmSTCKoW4MwEtk=,32738.0
consensus_latency,VNarEDmq39Q26h/PkNM7qAT84/ufUF+1qIZSvgGY4wA=,32738.0
consensus_latency,VfpJVf1fhheNbMARAptyop04iud6BNIxxHgCiQWqucQ=,32738.0
consensus_latency,XQ2RoO2zMtWwCFCK7Kj6FuJSwU/MOinoEnRrVRr9XCI=,32738.0
consensus_latency,Y5uNI7W8JZmh6iBIxT+ZpNiku5kUyye5rJ06cAHzUT0=,32738.0
consensus_latency,ZGvXe2DFZpBMspWxXV/XkhDVl3w/Zdru9QTFdI33QPE=,32738.0
consensus_latency,aSIR33F4B4VEehWKa+46Hz9ehi1jKJXxn04c9bStLHE=,32738.0
consensus_latency,aTfu7bdiNESnUe+UEzSjqQdt8jD0XVxJTg9itiNTLf8=,32738.0
consensus_latency,bRsF7uASrLCXDbP49AdAu1NtlmBdlBJtXEuEv0AUIg4=,32738.0
consensus_latency,bog5MMTpusnR470uTU2vJsb6R/7wkUC09cfdf6pASPA=,32738.0
consensus_latency,cU+z1KiX0M8V0nVvXMMpdTx4ExQboKzrLq9CbPThu2U=,32738.0
consensus_latency,cb5WrwdAcPjmblDeoe/XKTSWuRmPxTwNR5Z0YBjsmkQ=,32738.0
consensus_latency,c0krX/f6Z8QYD+pP1raFwxEHcFWCb7yrBn388gxwi9s=,32738.0
consensus_latency,dTKiHNMf01CF2jqkVA6UvgQfh77P9pKVvCkpUDBfKR0=,32738.0
consensus_latency,eSyzgDrQJ5Kx80GZ1Ewjh2bw4fEQo+3SfDfbX8Ag8ms=,32738.0
consensus_latency,e2jxJTnNbULvYjg0nNAzfh6IDcoy5TSJWOoGu9i6GZ4=,32738.0
consensus_latency,fQUF1EPGpEGCnr0asYf5KAB5mb0EkFfeep2m2L608Dg=,32738.0
consensus_latency,gg2GppACxcq9n0JO6ekoZ+wGdmsi6wt92xAsoLG7K/8=,32738.0
consensus_latency,gmm44XrGTyJMM2tl1ydRSXP9ZPDEg2Nj3mNDLWaiEGQ=,32738.0
consensus_latency,hW20zBEanl8gR5agQ8W2FbF64bGvKZ55PPcE0k7jBYU=,32738.0
consensus_latency,h44swHPfsmlPN7P3o7eA7mkigEkDHU1eEzHQtPMaG+4=,32738.0
consensus_latency,jNJfh8Yri42Map/44oP4Cc+L5alkq98CayaKwb1MK3s=,32738.0
consensus_latency,kOsGBkjmnwb8qUgcX+984rHDBjDqDcfbzLKGHJvwHPk=,32738.0
consensus_latency,kV4Xy0osOwPnt5rIzH0p1GDcgO+wAgaE0ZlkZVV2HnY=,32738.0
consensus_latency,kiwy+WrTgaXYjzLEBjzx5nLMPeZosmWolPnj025Nbas=,32738.0
consensus_latency,k0jSeiV27J+ioeGQ7jvq3R3B4HjWUPtay4/vnoJ/NVc=,32738.0
consensus_latency,mQal3qZZo2BA+zPpv1sI7Tzvv4qlHITiPPzdm26Z19k=,32738.0
consensus_latency,nOZzJczqC9hGBE88Jr2/5DOso8hd8f6MVP3Z21htX90=,32738.0
consensus_latency,nbN9UG4FzKpvXXibe0Sku0B9HAGwhU8wj0yhndY8Zxk=,32738.0
consensus_latency,n0HiDC2BbvjVrYLRZqrR8IEYj0Xdr2NFUBQ/Qt88Xd0=,32738.0
consensus_latency,oyp8tCcY8QPj1AJXIvOa4ga37RFAxM7E3Vu3H33y1p0=,32738.0
consensus_latency,rOlAWOdFMSv6aNYsrt38qyH8pL3NOgBzKpo1n8q0lxU=,32738.0
consensus_latency,tZ4Q8vhZ+8OKFjfSiGeN1qZNFseYjDCGBr0yKTfxx8A=,32738.0
consensus_latency,tiP/YM6E14s7Ecpffb7RJKeyhGjpGVTX9alrkTZ/neg=,32738.0
consensus_latency,t9fUxQOREtMITVr4+Km9nj2sVV8O2rrru/t6JqFLHEU=,32738.0
consensus_latency,w4pRS8rYH2vmzE/wIO7jUERo7yOld8lxHc5SZH0K7nY=,32738.0
consensus_latency,zCWa2QACSAR7F0UVKAwCFofWHOtSDSnXJtGgDtIac4Y=,32738.0
consensus_latency,2cfWQBHQd1M8AgTRebGzAhT25r/6j1GonLh/3a2hpyY=,32738.0
consensus_latency,24FgHThK7mbzgqHULt7TpguiChV2tvSzriOFf5KFtYU=,32738.0
consensus_latency,3fbFtQiZwSNZZdJQAziIf+C0VFafqffBEVETQeZzwYs=,32738.0
consensus_latency,4BDNmFXqCsehuXwU1pcr4nXruUX9gn8A+DugtXWjmPY=,32738.0
consensus_latency,6otQf9GX9QMduPhgS3wQoMuaz8rnr2EjgXcsjqh5GkY=,32738.0
consensus_latency,9+3HDQ5nDz8uLmFmrM49LDCzk8Wq2/N0sKrTpgtJ0Vg=,32738.0
consensus_latency,+NdAEC1CPVzJjK/FuJk3lW4Sh+ClHtSYtPgh3+JLIac=,32738.0
consensus_latency,ABsO9go1qAWs9+qSLYb+0hbgP4OYrkf1YeZ5crDReTI=,32737.0
consensus_latency,CJ8/K0iNABK8Zz6Lf4UXDRAkMg4/Q98kp1wd2iPIG3c=,32737.0
consensus_latency,DDVV+E9akyGC1KoBpSX5PepnrsyuTlHIgY+bIy15HcM=,32737.0
consensus_latency,DNrrgcHxUDGyjs+a79yzYRXPJ8Uu2gQN7M+dtrQFahs=,32737.0
consensus_latency,EGbC4p5jEt3ocRTC1i1Ii8oNrSdU6hIVhgu7IW0wsmE=,32737.0
consensus_latency,FZSMogzfctxgCVFarjPdJUNxjTpZzmNtELhDKs3/b8o=,32737.0
consensus_latency,Ft9G3YClU2nh4XKZkSsZ15PvwOdSThbdQsydSbOEAAM=,32737.0
consensus_latency,JMVqhUl6G7C3s5fku0kaWeaz1fItLhBCxsRB4Kyqgvw=,32737.0
consensus_latency,Jtsqqrk32DIGFIIDyAe1qp2yC1a02liuaYs49+5oTng=,32737.0
consensus_latency,KE5ULvcFZXLK9WQIBwahb4mvqptGFBehdhZW2xwCIaY=,32737.0
consensus_latency,LpyjiJUDqjBqUN8JkyaXNxsw1Ihj/+ZLhCxy9cAjSjk=,32737.0
consensus_latency,M4my10H3Ndo/mMWxa4kaMCzJicorpY6c+bL0/sJy3ko=,32737.0
consensus_latency,Ole7ehoq07RIcJI+gYpQRI+v2LHvF7i2kkjBTXK97E0=,32737.0
consensus_latency,QfS0CQMTrB2vaCgIYqQRHUsGG63nQ+jtYv+JdbdSzlI=,32737.0
consensus_latency,Q2XuwPC9a2TJKK05dtoWYGOBZZRyuMnK6/D3kFjLgFU=,32737.0
consensus_latency,RmLujTPG1nBnPs6MHMyatEmNwwakyqkimtasmOjqYYs=,32737.0
consensus_latency,ScWRqRoXzSxxENCp6oXmVpWptVSvBU6Blgh0M6Muqs8=,32737.0
consensus_latency,S8j6+ftzSJ8veIHuJRuE6srZ7Ny3RKZxW9UJKcMqThc=,32737.0
consensus_latency,UT4H/FYkIl6XyKJJOfbeRTnoBEj6J+HlHkLQh3hOxoQ=,32737.0
consensus_latency,UgrvVT/yUAOV5HXsmdiet0s1D44BdGCTQBfkRKgdGf4=,32737.0
consensus_latency,VFfSr8APTrNJNY7LxhWbOq6o5wOqBCFe1j9qRk9Mma0=,32737.0
consensus_latency,VQCocroZ/FxG08D2Fw0UbxHqLs2AeQ2oJai/sPHJTlY=,32737.0
consensus_latency,Wv3SVpsI6HL23UiKDIZyqWfWqncx2gGRpBAykjAS9x4=,32737.0
consensus_latency,W24jvwIPHIuOz0IATK95zsPr5aqvyzDRu+1+d4ax8Cs=,32737.0
consensus_latency,X24FwLHbinhEueEMxh9k0F6DuepdCIhhUB2+gcvc7po=,32737.0
consensus_latency,YINYFGnp5+X/pVblYO+LWxV1jTsqro+xTx8mVjwYZS0=,32737.0
consensus_latency,ZTdRieaaBWBPGPkF1IQi0JfbQwP0jgyLbRDtdOKuZEg=,32737.0
consensus_latency,ZVMjUOjKhD4zN71rGAaQG9+8JwFr8mIVqttZqX1qoq8=,32737.0
consensus_latency,Ze7TiYI3rKALqpcQjT2pYUBi9U0BJcWQHvaQCcGrPS4=,32737.0
consensus_latency,apyOES9orMhY0bBmsivkl2T1rl0UvigBINMb5YOoF34=,32737.0
consensus_latency,cD1CxLeDz0mHvFy1sx30DdWIiIalfzgaEOVOKkPWcDM=,32737.0
consensus_latency,fMEH0rMyFOfZOO29x4xIFV5sIJiNpXGOP1yRP7d+UO8=,32737.0
consensus_latency,hQywedcusoAE/ZTksTgxd/NBhGVKubVhLEdwGHNnwMI=,32737.0
consensus_latency,h3ID14OwEOll5pBda6wFo0gTxbMQCZgLjmvwjvQz+Os=,32737.0
consensus_latency,lcWvnBoCbFoTNxTLQk2u4PP10l/wSMgRJWi0ACTlUrE=,32737.0
consensus_latency,l2SHgLA/UUkaFtns6tpCsOAJ6JbdI19GaBAn8hOEC9g=,32737.0
consensus_latency,muY5lbl7/mXuGC9s/txIgYmoN5O8zefSov73tBVmK10=,32738.0
consensus_latency,oqejbGG+gjbZfy68N1I5oTI2dB2FOlog6RfPRDT4uKs=,32738.0
consensus_latency,ovU6lk9R/1CVysv/pX/4ownk1Mtg2+ywzF5PN10q96w=,32738.0
consensus_latency,peKJ7EBQSi6BiKKClTehmBxyoVeaX+gyUwXfF+bOi7E=,32738.0
consensus_latency,uZFzRSxXt20QzYzCQbCSD4j1zvppx30M75fOKfj8R/4=,32738.0
consensus_latency,ufzs84Dmm7K5eAZDRYzKywrNBR3V3s5LHtrHL/sHwe4=,32738.0
consensus_latency,umquLlv8gX6yYXN0FEG5uYSVl51wlMeGASIepuGlffs=,32738.0
consensus_latency,vTS2t9kL/oU5lNN8nQupVqyqAMfewL6oAxT24FFALlA=,32738.0
consensus_latency,vdwivI+zCWIcxkHkEISQa5s/TmXmncO+jVPA0/mXUIs=,32738.0
consensus_latency,wCrevv9fawljTzCbYfdbjJWHzojwCigq4rqzQDJaWbs=,32738.0
consensus_latency,wnJGd/9p3YAlsWxh1MEjL33klr6qGitt1NZjE12GTvE=,32738.0
consensus_latency,0Qd+tHX0tte9sLFXM3XVJwzPUl6FABsbckiJU8Kj38E=,32738.0
consensus_latency,0cYtkAaH6Tg6O4V8ffm1w0cLtIQA7gdEB0UTMkAS6eQ=,32738.0
consensus_latency,0v1vzZe+AvFkhqgYD+NrutlCTnnGObzlQ4VieP9XNWU=,32737.0
consensus_latency,262j4IMgAcdTJKBPopGHQymqWBQ2Z+LAvNsD+GmKmpQ=,32737.0
consensus_latency,5T1WTdsBvIAUfxXuktPtAqmMbAiA5dJ75T1ZbDQvF9Y=,32737.0
consensus_latency,5f0Q3KDezSmfUbb9CL0vwJWr/jWT1XLErZHzsh875lc=,32737.0
consensus_latency,65s8SCKAfwMow4N3bX5P16kr9itQuYQqDqG0cZbF30o=,32737.0
consensus_latency,7CWVL3nCIiB1fUczFfmo4EccFsS3X9AlR6rABYau3N8=,32737.0
consensus_latency,8vdkf277a3YwJoSRL/3+9K2qu3VVkeUud8ZhyrVoZM4=,32737.0
consensus_latency,81WrTh7fYNqx7L3Mwd4nzEOqAPi46EGD/R3g6afDhxI=,32737.0
consensus_latency,9WfVEzyo1iPxss/iOZ8IXYI71cd+QNyq0YQD/Vu8+5A=,32737.0
consensus_latency,9ebuJe5KP45ZgjQi/u0T9Zfg22iBR2PlTbTNnVrQ8MA=,32737.0
consensus_latency,+QWtwPD6kKfIb2FpKvENuvnNmDqXj1ULHLF0D8DlzEs=,32737.0
consensus_latency,/n3g3BKhztR9pRitsZRPv8xNFXuLWy9+Ee6zkrdw/jc=,32737.0
consensus_latency,CYP8G06ViQ86lXMv2QwbocLZsD8xI0q9IpVX0qK1AF8=,32619.0
consensus_latency,MTLIxF6dO4lIEZ7GOlO6+n1hIcB286gnrLLfdfneVNw=,32619.0
consensus_latency,5OQPgKgFt8Oxe+bzWSWRqnKxvTE+9kXmyh5nxwQbcgs=,32619.0
consensus_latency,AjM4IkZi6+bByV66y9bNpH6oHnBga830okl9tWq0aTo=,32739.0
consensus_latency,BL5cfhAuBvC9i7A0i1CQXaliGHLNBW5I50puLSZheSA=,32738.0
consensus_latency,CvhGdza5es2Si2EnKTBbP/67ZHyqM0JUU9UqX5g1VuI=,32738.0
consensus_latency,DUy0ZsO+Sp8vlXxFlM+ZgYx/QQRFgD2u4J9qB+NASb4=,32738.0
consensus_latency,DmklvQCQ2LQ5rD/gpWAvbw3GB3ZQLzxTi+LBOr6zIYo=,32738.0
consensus_latency,LPNZS7+Axgo+T5zZGzOxCbFpsYEGZXuIPSb7A2FgMDQ=,32738.0
consensus_latency,P8jt/dDAvp4DFNkK/oiChv8YLTH9nNlMBdUB78OtXZ0=,32738.0
consensus_latency,RD1LyM3GqdDKtLTtb+TJr4BtAoLpUror8daPJQO9gQ8=,32738.0
consensus_latency,TgIR9MATQ32xHFw+9nu1QsEuk/C6lCDWBnqsxatamos=,32738.0
consensus_latency,UAREd/kB5be67OGfGUfJuZCQxdB94B7HEURUXN8xBCQ=,32738.0
consensus_latency,UjWwxZx9jHqQzVD1dS1M0EXHkmq9iVuZYERLYPn2nO4=,32738.0
consensus_latency,VdqgGTCgvOMPfB9Orw7lgLgEs30+d9EKXUJ37e94QyE=,32738.0
consensus_latency,XTTeyLlI/p074vj+r7ZxXLBlHS004u8F/rLgjhvLqQ8=,32738.0
consensus_latency,ZDyz5ietE2oHeTmpLPqcOUeGJcJPct4e7TdFQymzj+k=,32738.0
consensus_latency,cfYi9+pVgqDGTdf58P54bnzJpDItuKw13AoK0L6e0b4=,32738.0
consensus_latency,cg3ZVfRu6SICh/26rREJU/+aojBMan5Rvw+0MLu3cIY=,32738.0
consensus_latency,dRhR+Vkh5H5EGQ6BeupLOWdF7VEpOagGWvTuD6fI3Ek=,32738.0
consensus_latency,e59HhVcMfQgAt8fkvxZk3pznxdkovRNdBt+mHpH5loI=,32738.0
consensus_latency,fO07LFBJEcuHyCbgC1Mmk0/VKt2UaiS8AYNCaHIDc38=,32738.0
consensus_latency,f5I3u/8vP5Qo0Lt7ELMzCOYaQs69lmeOxClmvR6c5+w=,32738.0
consensus_latency,glXKA5LHw/jOIPJ48XD7y4ErA2XWPMi/iew3EsC9diU=,32738.0
consensus_latency,iHKQd8TrnYvNZGzLlN2MP8UBhTnpxTmqRHrT+IN70zI=,32738.0
consensus_latency,ieTXetoVaQM8EHESNG62H88x1Zu7PwDHM4+JhyfE2mY=,32738.0
consensus_latency,i56shUlX5UL6f1cKiyhxXrfoAQ2tHLhJewvJBbp5CQU=,32738.0
consensus_latency,jVwDQSWjr1PUswdLluyXYw0PBpDRp4I9Z2I6OAxmmt8=,32738.0
consensus_latency,ni+/8OVMBQjMgRX1Vfzy25kuExFy8oYQUUL42wb0/6k=,32738.0
consensus_latency,nrRhqPXUKFs8yzFbIf3ruiU6GesXc0q91kL1zfDVuQ4=,32738.0
consensus_latency,n1P5RZfkJCH+feoASKzFXz5JZFnUsIKit/wkU4suvz4=,32738.0
consensus_latency,n5m5hiqIQ0NfA9gG4IBEmOkXtq5O6kZvd/aAclHfIiM=,32738.0
consensus_latency,ohEnr2UFQNvCekaVgQjZeF7Nzamr3XIpdZgeaxcPe8A=,32738.0
consensus_latency,prtd30+EqXuzIqCSxOkf9f1mo0185yNgJ1r++pkK9Ss=,32738.0
consensus_latency,pxR2MEfzWFN0RGKbP43aeenwLpC5tbDzT3H6WA+Bpxg=,32738.0
consensus_latency,qeheDS35hKNEgvrH/GA9/yb9aMBCDfAFpGDIsVwPXOw=,32738.0
consensus_latency,qtlGIMOezFE3TBoiDP5JQ1GYpdwE1mTINlIVBlEGEEM=,32738.0
consensus_latency,rlQv02JLb36J5MICKQUGOylHAX37hu1Pf6c+vWP6wTg=,32738.0
consensus_latency,sm1uXkQ+qArdq2/2tiD1Qv4bIT3sDH6MJxBzqXTNq9I=,32738.0
consensus_latency,sy3tPnan3b0NVLbysH6KV5rQPgJc1e/5A7lsJxWn7KY=,32738.0
consensus_latency,tA5xuB5WMuIkobdOcM3Da/6rYLZ/ACYyfzw/QWFtLPI=,32738.0
consensus_latency,uHzeesyRVIYgUL5AzO+PmkSo8YP+CmsjqlZNEJwCZ+4=,32738.0
consensus_latency,xQB4tvp7lSwYQlIQulZw1QSoRodiFND4BCYkG8GDrjI=,32738.0
consensus_latency,xczKgdZGhA9H1hjf6BXMRGcL7eNiUhAXGatucW3j0WQ=,32738.0
consensus_latency,0GcY8LIhgj5nMeDd+xeqMP4bcEnx97TKjtWHib+3vYI=,32738.0
consensus_latency,0Sszw7x4mAqODrwOfvRJ7N5eoS95dOS5nAhv3u9Lh1o=,32738.0
consensus_latency,0z9CM28y+rLLUwJCIykAV8zfH8dRwwCE+15E+80tvsA=,32738.0
consensus_latency,11g5OvH1UbiQ+tXWCKYtRZDLCG5btyA0kyt1FwD75/4=,32738.0
consensus_latency,2CLXhI9UYyTxVibdACYGHzhqUmHkyhDT6qAbGymVJb0=,32738.0
consensus_latency,4yB5iJWZttDWrInZDdfMT0aZ5U5K2FpMB6KDcvSCJhs=,32738.0
consensus_latency,5ddDMvzc4jhJ4+LdpxsfwiZOMNQ2BbflekNL+9C5FgI=,32738.0
consensus_latency,5oXMOQK+/NvvZOkYl6pxRU4NdUVLVKj/MyPp3GXUL/g=,32738.0
consensus_latency,7G+SD8mjPeLpZqMfCiXzgcThvSMrI8oD/FCJ85NpzBw=,32738.0
consensus_latency,7Yp5nqCqGtlOLJVJ0rvGgJdH7+A0VVKWF72vhmQKdCc=,32738.0
consensus_latency,7keul4+pwhZHlpfrLekZqBkzMjjIJrcqqWPCr9vmvu8=,32738.0
consensus_latency,8eTs6nXyja+6td2Cl2UfMNeLYrXrAksTPPJ5ARAF2o4=,32738.0
consensus_latency,9btUX4EbRFVsiAbwppImA4MuLZCSgNv1yeRcY/J2NRY=,32738.0
consensus_latency,91JNJ2kjcMCwQDtGi7QLSPGFZQWZNiPd+8R2YfPMiQ0=,32738.0
consensus_latency,/xlKF2ZcUdtimQ1KDKnLBQ1B80VZNNqBp7V/cC08mZ4=,32738.0
consensus_latency,ABpnGZzHwa0kXwDh5mM84w/DYkE6Vel29Vmu488eqQA=,32686.0
consensus_latency,Awah7io1gD7e1LgvT/Fk7+O4OB9pM5C4SjuZAig3Fd8=,32686.0
consensus_latency,BDQyTMR/9vxVIoDJ+yo7WsfM93CZT4xYTP3hodeP9DE=,32686.0
consensus_latency,BK3Ba+5FmrjAQ21a20NXW0XYiYiP08Nszm0czB+dDKs=,32686.0
consensus_latency,B2PHQmpd/Z9OablHQw470ub5QN7CoZKZERRJoRxEg7g=,32686.0
consensus_latency,C8b5kSMNbtD227+dZLZWEa6lxez9d3Pmv54Xe+EcAI0=,32686.0
consensus_latency,DiPvf40mRVlwMxma5rct/giTaP0ljwzS8a7ZNbrbyNw=,32686.0
consensus_latency,Eo5pQJYoU1iNcqsssGTOH1f/GIprpMuNllwgkaKhXgo=,32686.0
consensus_latency,Glp7S/lEcr+Q0ezNm8usVI3deGAJzburDhGpOIKoRqw=,32686.0
consensus_latency,H99Lfe0ZO/ecBA4TRbhHtZPhJiQ+lMKxu5ZHJaBuQZk=,32686.0
consensus_latency,I4n8kkHkJxxXIxRKTGmLM2Se3R+c3Uk4p3rEtC/UpJ4=,32686.0
consensus_latency,JKJqDhCM3Aj2LpzP/B8Tsn5ankZ3UsRXlnAGBKrUmgc=,32686.0
consensus_latency,J9oeejLfS/uBh/nevw/AdNf/GirF7zuPPMmn+Y3uacE=,32686.0
consensus_latency,L9N6eR0+mzDPjdEIv1LQMfxYzQ/JyHg5RZAlpIddFjc=,32686.0
consensus_latency,MI6s7JpJaL4sQO1kNZ6ylqjIRysxW043jC/BAgopyeM=,32686.0
consensus_latency,O9c9L2glaHc/UJfO8Vy8HUdpaSlDYWF/spKa+muHnfc=,32686.0
consensus_latency,RkeCwFsZaGDBMYj2chk9ui6iLJXYGU1vjhz7sxHLmcE=,32686.0
consensus_latency,SLACj/gcBMIblyuV370xNeu16dEhHmoBQHoSAt0s58s=,32686.0
consensus_latency,SwPaSJgLPhHNhrAGq+F4DuJzXBt5bb3pMWzpK3FLwcc=,32686.0
consensus_latency,U3PjENOtEubSzlLs/S+1A2anTG2t1i57xdAnG5X89uE=,32686.0
consensus_latency,VI4JrvhttDlL8+uATZ31keN67er6tumUabbWka3XMB0=,32686.0
consensus_latency,XfBhxEMj4Za3Y2EuBvBPwnHLYxLkKFyZt0jhTvdlWSA=,32686.0
consensus_latency,X6B9HoQ8fwsO0WqRnxqrH+HjnW1HZ1/1ihLGSuCd5q8=,32686.0
consensus_latency,YzAgAj/t1guOtMnV2JBuYkYGkDVKsT7d4w4yBAEW3/o=,32686.0
consensus_latency,e5T36y0DqwW2l87bHfLMH1m9/oBG6fgNLVpdFZ7q9zc=,32686.0
consensus_latency,gxGxALGo+E6dvRoQQX8Uho5KPiqNa4XBjTRe1vI/Yv4=,32686.0
consensus_latency,g6pLJMrdGYNDZ2q8G7z4gfmr2Kzw3z1L5mqvdWEPA3c=,32686.0
consensus_latency,hV4hfhPo1hRfAuZcSiVZSE1T9BtnefYsGzQoYrlmpKA=,32686.0
consensus_latency,hlo5/2/OHw8dN6JucRS6xHRIzmv6+NdlWCWDJf21HPU=,32686.0
consensus_latency,k7ojTfQnOg0WJRhbMKL6tAa7YJd5aQ8rZNvewyXVHhw=,32686.0
consensus_latency,mRzTD8q4C7ftZCWxxAuvjzw9rw9eQUfhv8bT71KW+aU=,32686.0
consensus_latency,nbYeG/sN/+9cU8UGSbpNfiEPivTwxebVspIstA3hvNY=,32686.0
consensus_latency,ocIFSLo0b98+A7h1joshuewgdCMYQMcd2iOnMwuufC4=,32686.0
consensus_latency,riDaYuOxdFgMbply+M/ohnyFqthA8ZIKog+ZFe7MHzY=,32686.0
consensus_latency,s77MbI6Ll0PIH9JUISBqG15++bJ0/nkmmfQNXCEB3QQ=,32686.0
consensus_latency,xNIWQax9tk9VxirF9Zh4BhjJ5RoIHmuARqdUQWO69aM=,32686.0
consensus_latency,xSqZZ2A81dcbc3/LV36WReCkWeE1v72CouHuXwcz5ms=,32686.0
consensus_latency,xvX44XHzHgecVa4azegWg8pFcxcweF6xWbIIwJMGjtQ=,32686.0
consensus_latency,yOCk7QzQu4E2KSn2FjVs7qXs1oHPzh9i2ZadVFnthY4=,32686.0
consensus_latency,zxfcd9gOQ82xvWM7A7tzXP04xHnraFhioNaRFNByVQw=,32686.0
consensus_latency,zx3bYYKxqH/zgwiGlw5GjLCQdpCV/bwTI+KMZloPwEM=,32686.0
consensus_latency,z4YDZ4AAvc/L6Ljm6wvavt6iQ9r1TZNNzM0eniFoOno=,32686.0
consensus_latency,11JSKmTDMupRON4dIgLTtjHv7WX0yXQKkFGw7P+MF58=,32686.0
consensus_latency,2sw2hm3oF9UaQ7/RgLN7lOFVekFrDV40Q3ruNTsePYI=,32686.0
consensus_latency,2xb//tSKYoLM6Ic6nY1gqULjJ+YZZ5RPrRpYaubh7rE=,32686.0
consensus_latency,4EroDNO9W0/wcIi8kbmhe5Jng10qvaLxTGkHAeeN1Ig=,32686.0
consensus_latency,4/H2ANeoteeCWkBZi8vRPbJ9MQJeSHdqlFTw1kM0Qmo=,32686.0
consensus_latency,5FPpqGti32x53VdYBx4srE8Nc+VjLLsLEFM3shaWKz4=,32686.0
consensus_latency,7Fw7NaRGEFI2/5WyIRGjkjSmsLDi5twFxlrLAdbqknE=,32686.0
consensus_latency,74DpAq6hBUzUhX+3fv4kQCsD5RzUEtvC6VhpUoUvpbc=,32686.0
consensus_latency,8VHiU447lrujsMN1//U4NpzdGFLNFnW09720kjTT1lc=,32686.0
consensus_latency,+oSGXtuy8vh83qhKUBtez2fE2C9oBHrMI/PoHNdmM0U=,32686.0
consensus_latency,C3L8PiUJISAKX3YBYRiTZZqL2rcY/3AQElgeGNrBQ54=,32738.0
consensus_latency,E55AXWaNMGfT8b4cx+nwjdOarFOKcnySFDEx6LvDxkw=,32738.0
consensus_latency,E/puNa1qW0QC0uoWQHqBD+g4y3xTZMXSDU4iBHICVQw=,32738.0
consensus_latency,FV2v7OTIv9nCT5QguM0lIM+F0laUTtMKE90Lx3LVBtI=,32738.0
consensus_latency,GHlTkSkZUF4O2n6C//whCoKFA1C9yfA45ZaWaXIDiDo=,32738.0
consensus_latency,GQGdo8ZJsh7jWXSx44cqf6c8xv+KuLini+91/rdsw1w=,32738.0
consensus_latency,Gtopp85a5WGSm2s2Vwj7bGHNIT1Y1pbbnoN2qZnwhgg=,32738.0
consensus_latency,IuxIPJ6uP97w6SDHK0OzKlZsjqX1JsVdCA49kERGtF4=,32738.0
consensus_latency,JNW5IJ7/AlANBjFpU6jr4etPVEZGMMJK7e6vaGYorLM=,32738.0
consensus_latency,JTMZpUr+0UxWtrLa5YdLLaWbIV/MzOaZxdJnZghmTbE=,32738.0
consensus_latency,OSLMHs+oDHIJTSCPZ3Etr6kO7xexo0UsbSUopBkxjkQ=,32738.0
consensus_latency,SeUo1HBvFHSsfAdix2JSDvjQ84XAo/5lFmKLVyp1ZGQ=,32738.0
consensus_latency,WU9N5Q7eeCyueZ8FKPxNRCBhjAF2M4XSdKfl0qDH7K0=,32738.0
consensus_latency,Wd5pIEJRQo5kRYkO9L2Rp9GU+J+LgVnOYUMoZsmyL0c=,32738.0
consensus_latency,XalOt0VomoLgtUk4t9S7em9m+wCGc7RjalO0eH3651Y=,32738.0
consensus_latency,Xe2yIZTOL9JXEb6aTQfAr4gu3ha87l0m2fQHZq5MYG0=,32738.0
consensus_latency,bC7XSXDpkc+NJ2/J4uVHoWhOKb/aMGA2HXvpB+ZbSGw=,32738.0
consensus_latency,bOtz4Am4HRZfRCVebLa/1xJ5t5yj/sqV7am1jWYTB6M=,32738.0
consensus_latency,bfNFfdXATRVoqSHgvpgFUhXnaYv2MeIz11N1bAibeMY=,32738.0
consensus_latency,eNMaAuOabYxXB2XibblNLTXE1dY3UobiK6lRArjyUOo=,32738.0
consensus_latency,eSlHfoSqnRxa5+M0cYFmqIA1p4C4nXBvoAEpWqHEpfs=,32738.0
consensus_latency,iBg9ctO9BqAseH9yeQF1LF/qAlEos5MKUAhuM9e91C8=,32738.0
consensus_latency,iIQgMK7vhj0V7R/1bL72z1qA8VphD3JJLjFIaehRB18=,32738.0
consensus_latency,lTxdHjkUrx/Ha1EdGh6I9vQwMntajl/pllomcePYcgw=,32738.0
consensus_latency,oAluF13vBl/sDvgO2hYSrghnzRrYKmAqNTgeGpWbMCs=,32738.0
consensus_latency,oc3ZLv/hwckrkm73IhZSZvCS0pv9sGtZKECEAGDYByU=,32738.0
consensus_latency,q7277ExAfgGhoDjxRh5Wa0F4YzTMg7FfkC3piEiFOf8=,32738.0
consensus_latency,txgQn/fbVc6/bT4PtspsaHO81ewBL0v8gUC6ZHDaOo8=,32738.0
consensus_latency,v2tjEUqDSqPl2BAprpCg2e7Jy/7jsSlZfvU3N2hUoj4=,32738.0
consensus_latency,wF1wKabcnNyIeaB1ibKy5vAZCSw/ZmwIO+wd5x2PXeE=,32738.0
consensus_latency,wdS+Qz/vSVXe7VtRjhCuEL2CSpBUigY/PL50ke+wh4Q=,32738.0
consensus_latency,wfEkRCkx13du9FVUdbWU8sJdzE423+lTOrXebVPRyV8=,32738.0
consensus_latency,xMLLlTA2iKr7WnLb+fFVc7zXVIo6UA4VOwAIo58CaRs=,32738.0
consensus_latency,1hm0ZkH0XeYg08Yrdk7TAE/6AaG2xR4kUJn5V4d6HZw=,32738.0
consensus_latency,1ydX4fYKPJeib5VzDol0qC6d6yLmVL7kbMQBCXkqumg=,32738.0
consensus_latency,4ZrseReOYLUcZStd19qCCJTSsyBnr5Q/lcaSCS7Bs9k=,32738.0
consensus_latency,5NkDmoKfHyvCRhRBY6zWHcUZwvxQVBOCcDVvSVmllKA=,32738.0
consensus_latency,84VdjSsXCdnhEf+57HJqq/1Z7CdFlSSoYQO/3pM90JE=,32738.0
consensus_latency,AKtA+5C56py7EeqMAKUGPApU/q8OzSGoF7KBIt0K/sw=,28690.0
consensus_latency,Ay6VtYeOUkaxvzMPIzfXT1MwmgosE/oyoCH+2SAdn48=,28690.0
consensus_latency,BNbE8QSLt1R+e+hFKqzgQIhRk4toFestU8/naQFz0tg=,28690.0
consensus_latency,Bl8sFqXTCw2MDYKiW/58ZOJbmk3jztIi++CHQt0OEOk=,28690.0
consensus_latency,B8qo1BtgDXdIqccuojTLkJk3/mkbkdHMTBhdY49RFtQ=,28690.0
consensus_latency,CnxByzP4QajAFXLq2ZGOsFfffh3eYCd9U47uFbkzLAI=,28690.0
consensus_latency,GBXJYmlbT8fuwtFrBaYKp6Fp4ZwiUDTEjMbIWkBp0AU=,28690.0
consensus_latency,GCStVzLRRUJTt6pc46/S1fdc6MNmmyuhBWpWvgvOSqU=,28690.0
consensus_latency,HN6zMJnQbSCpLvLjVop4HimZmPj49Pr2IptFJArqJZ4=,28690.0
consensus_latency,HTUbNHszXci2DSFeLxhMZQ+OuoFUYF2trBMGQ/BneyA=,28690.0
consensus_latency,INdbl+2fZDb8Bjgb75MjH4gtfRuE+BFXOfI6TQjWgy0=,28690.0
consensus_latency,Jue62PRBbC2caOW4OKkCOR4R1gRCQEgzZJ+gy2XFr4A=,28690.0
consensus_latency,LBl0B4sQKMrWpEjjc9vqCgu/LTuymYu8Km1K7nZM368=,28690.0
consensus_latency,L9J8XPjW0k4+k5SvP2mg6VZIMCCyeNyIdXaFpgqbz6M=,28690.0
consensus_latency,MFyEuLyeSc8UFAf/0ZtPaM4RqFVAOU3svQVznPmu+v0=,28690.0
consensus_latency,M2YP9dtwVyB4SAZInWOTuoLBPdMg7JUJpKbR9CXORF8=,28690.0
consensus_latency,NZySXUtqj8BpEBFhHBOQjMqxFv8qmSw/jNQUbLVqbw0=,28690.0
consensus_latency,NqhyvexJqElwA5CY3BAAqafoL3Fswt0lPvH4dk18o88=,28690.0
consensus_latency,OBGR5Nwc6B8HIzXTJgUBnynBwWE8/s6zOhjVEX3zIUg=,28690.0
consensus_latency,ORMGwXThwjjxQ7jhZuNpk9vSoEflNGY/niZMTInhK6w=,28690.0
consensus_latency,PtbzHciyIcJH0ubLSu8fAaHpcm+LTZfhf9KIR5kf3YU=,28689.0
consensus_latency,RtHVHeme55eTGd4oFST+L2yfn+OLfaQvhlNc3pmCfqU=,28689.0
consensus_latency,SirjUa7XuYGpU8Q8x9MohDkpDahgBg3nekb1GyG+1og=,28689.0
consensus_latency,TMQo078jkgY6L/p89N8sSXRW5aKJcBo5QaiZIsOBzj4=,28689.0
consensus_latency,UNCXf+RbxmlGd8jBbokyAywTDCfmaTTomNqVdQLTj9g=,28689.0
consensus_latency,UxRYhjLLBsXiNXR3+PXgztNqdrYkJr0VBe38pVgMRMY=,28689.0
consensus_latency,Wze13RZsJU50Ui6mPTlX4vodUjARnnzmHHIyd46SlgI=,28689.0
consensus_latency,YxSWfOZxZJklCNp8W/ZDPSeTMh3hRKg9rmUPI+vnnkc=,28689.0
consensus_latency,YxjlE+Zlzfh/WRR2Kv7wz1qXroy9YvF0sYENbAp/aAI=,28689.0
consensus_latency,Y2wwVIIt94AYFckubWqExX3fuxM4RuFo6dXbubWPtZI=,28689.0
consensus_latency,ah01L9yWUy/CgnZ0GlCjOwqNptldERzuxj5DcKJZve8=,28689.0
consensus_latency,a9O76qlc0IsufxQJPiuFPtuXcXDOhMvx+x+hXol5jZ8=,28689.0
consensus_latency,a+Q9irlrTVQDFzBUT4QNytmeWHqRwuMzEWcJe/6mB+s=,28689.0
consensus_latency,bRkF01zF5PGun5vf57e8sSX9mZ3WDAj99frK24sCmQI=,28689.0
consensus_latency,bp6zuo2XICG/VSHKVrAdHrEm5XKsqamsbxzWjf0ED8A=,28689.0
consensus_latency,cIvlEzHAggzf/1oIoLulOQLxmFmW4nRbN/W17nlm2KY=,28689.0
consensus_latency,cQtSFjeHRmBvTHA+blMhYu6RafrKKcA0/VAwUaTdNF4=,28689.0
consensus_latency,dPQjitXs2MTXFCnNciVwbmzDiFlIPrI//NaDZbVGYXE=,28689.0
consensus_latency,dkphkBe38ekS0esWjmEMOYYgUvUW87hFH9+aZ5k9trY=,28689.0
consensus_latency,eLJYXgske0uUyTDxroztf8ZM8lkIV1hzDqNmjryfXjk=,28689.0
consensus_latency,e7Uq4FAdk2vFXryUKRpke93xB3g7OBnejyuTLjFVliE=,28689.0
consensus_latency,fR+5mkc4VIN9tgcT9gNHhMWFbPNexPx51OSlLo7gjkg=,28689.0
consensus_latency,hH2QTrTobgNaSj04BeZ+hJu54X5k1djbVdnf38WJGOs=,28689.0
consensus_latency,hNV8q/SISEvhIsDJ4NPqUT2Yl1FBSW254g0WfCgY47E=,28689.0
consensus_latency,irjOl/vd4Q8jt6ebpohH/7DxESL+7FIJlJ8yriFbrpo=,28689.0
consensus_latency,jMdA7GUL3s0lTYW5plV1/SlFDiExCxkSJj5RzVZS/tg=,28689.0
consensus_latency,je86PcWosciQjlQZanNpsmUh5Zd1hz6aGQ6f2xuTcnI=,28689.0
consensus_latency,kGr9dErNKwNdBRzDHRFHYPJ6Gsvcc4yPA4ryQC2/IGA=,28689.0
consensus_latency,mjoTAFvy2/FdOsv2clxWD2PXQlH01KAWhzGML69MDNg=,28689.0
consensus_latency,m86fBvwOGc86uKkIr6P+ZBKXy37HWVqIDnBh2cncC1k=,28689.0
consensus_latency,nAMXePUiEaI4U7k2y4Ublws5epoXQuP6npaKMdO4RE0=,28689.0
consensus_latency,nFJv4U2IBW6aFtU16vV4S7Nizo9fwiRAl8nOuCfJwno=,28689.0
consensus_latency,nt6SV4yhoDPNacMHvyWRwq6NA7nZM+bSnJrT4f+4e/w=,28689.0
consensus_latency,n7ISxLozKk6xGCPACxEd67QgFPXWXaQBKi859ahx4JU=,28689.0
consensus_latency,oFnFsYq8qfIyvu3uH3HrOjSoG7i4xNb36tuPjO4u6Bc=,28689.0
consensus_latency,pJ40CWU3AOEyktZd0TlV3yYQpYX6LbgNi8pNCLLXBHQ=,28689.0
consensus_latency,q+B+tm0/cboLmEkcq6/oSl7dtmG2eR/9MV5RSH9AE4o=,28689.0
consensus_latency,tl9CfNIYkxGFJat2muYkaOwOFz83epDLJgA+mQf/fr0=,28689.0
consensus_latency,tzTJRBSpwyAs+gNjtA8EqNcWhHPl7bLtWSG9hjrF6qo=,28689.0
consensus_latency,unzX9ebXCu8wtmzDQ2m4t70fzX+jd3WhCirLPSwwTUY=,28689.0
consensus_latency,vVfaE9FRs5fFTv4XtS8M3G4anSFImvqcBpIQy7mAXes=,28689.0
consensus_latency,vnRiiLICOx+NA0XKoNmZ5M63ANf6ya11diNB710MxDU=,28689.0
consensus_latency,wN/MjPE7uj0XASjMiD7kwmIbNvblIYL8dIwOi6bCcV8=,28689.0
consensus_latency,wU8l2Yi+G0vwGaXrinNjdiQCGsP4r2WECJaJoKWAAgQ=,28689.0
consensus_latency,ww2NUG4b6Yh1Oju0pPebkBTaurrM7sWwxMpuJ4aCiOo=,28689.0
consensus_latency,w6ORlrQC2qAwqP69VJjMdF+my7qtdyoOIcs1wv603/c=,28689.0
consensus_latency,w6SGKIhqT8gz45A1ykpCvejgjYpYydmyoYBDGw2G1TM=,28689.0
consensus_latency,xfoEwygHhx6MUbfKlJKz5MWvU6GPAToUOdsnx7o8aRM=,28689.0
consensus_latency,yabvuJfgTfBGwT1+Ew4WDBoOcBov4aPIapay+yrtGr0=,28689.0
consensus_latency,zH96PVpdao3fIpQZHTrCG8kk//mUeq2JasFtRTMBjaA=,28689.0
consensus_latency,06ki/GU8XhcD7Di1HOfuFW+HFufrm6k/9WozZIF1N5s=,28689.0
consensus_latency,3GKCGHpcQne+0IkhIp7M5rMVE8o6/M4EQZpf5ralezI=,28689.0
consensus_latency,4WlCz6FgQcVb1Q5pdaAI8ht3tVhKXu1xmHAemWnZLCg=,28689.0
consensus_latency,8eQC0aOT+FUpf1Od/alst1nlZoGztGn6KZpc50JNjTM=,28689.0
consensus_latency,8fys4OQVepQoL7LrACl5ZAzmOF7bqv5K5xDki7edwUE=,28689.0
consensus_latency,8qx+sLT6Ic0OVZ5vUg8rd5ySg3PV2ecUjWaA2rXL5uc=,28689.0
consensus_latency,/gWWJoMJLGX79yr1YgvalbNABORStwjKjbWMkV29WCI=,28689.0
consensus_latency,AL6HOlCuuiTtUpiHVFmnN5tuVv+VRDRjjLevJYM4ELA=,28688.0
consensus_latency,BBd3AE+/zrx3TWLA+qzyoXmOXOTXhLVAn57vL+7DrcY=,28688.0
consensus_latency,BS1ijcV+oUYcigB84E5sK8mekGu9B6VhLm4ssTig/R8=,28688.0
consensus_latency,BigolsAtomseVyzJqF9fph7LWUqoCJd8mW3LmXk1NRs=,28688.0
consensus_latency,BzEhfSbYTNnoNsNaO3+e1YRNumNz/R/v6U5y0PlzRm4=,28688.0
consensus_latency,D+7PQPHmfp6l1cPKyziTh5HgxjnW/7v9STmseiNLRyI=,28688.0
consensus_latency,ExYPvVMNM/egNmtlEAqG/3LioVEjOIvmzlV/b233whs=,28688.0
consensus_latency,E0KGrEmJvhXdFH+O57k1PwdiUZWUfqlCWOEz+TItqAc=,28688.0
consensus_latency,FD9gC/W7TfoHUuJaxJauluTj3jarXYg2nCXE9DW2VMY=,28689.0
consensus_latency,FLv641rFFvbMu/EBWfMIyMP27IgcEn//3x34LI3Z6EY=,28689.0
consensus_latency,FS0mAoRNePzEo4gw2nks2NXI1q/hkcRpdm5hJUaTgyU=,28689.0
consensus_latency,GOafAE3TzUPvG/MfvsrMThxxozpXdZm2q79HwDRp3NQ=,28689.0
consensus_latency,GXxWWqxuoxffOTTYnBO5B04Nrxv3BO+BGn1ciyhkiCc=,28689.0
consensus_latency,H/qJGl0yQwbbIMmZbQ2fbauQdgM7A9mEmrfabVwfGyw=,28689.0
consensus_latency,IQXbmsNHv9WUJ85e3DstTMXWgRt2EENCEgmbiMu8Wss=,28689.0
consensus_latency,IVgG2tMgfi8XBzoAVCj565HkVZv4zbn97pT7n1AGF+0=,28689.0
consensus_latency,KAm9jnNf9TYDvNJ9IHzDlYUa38SMAFrLdqLNWoVw0Iw=,28689.0
consensus_latency,Ks5uLrZNiCwlR+km41Ru15WYkQVQX/UiTCS6fcZCUQQ=,28689.0
consensus_latency,K7ThzdGWts0L0PGOqgzKrJsTinL48LFZcp1CpcXy18w=,28689.0
consensus_latency,LCv84ef9UKtOizBIoWSUHjDOJav/EBlEkBusMQ2AsU4=,28689.0
consensus_latency,MTN96T1MCrjTqwmM44WbQkp77rIysXdD6F2/s8AlZDA=,28689.0
consensus_latency,N26S6A/8F6VNuaRzqGq8b0MEAs4KjiVVigQMAaaSs5k=,28689.0
consensus_latency,ODoMHCEHppriVikl7FewEsrN/tIURtxKUfwTHB/Pq2c=,28689.0
consensus_latency,QCXpSrYX6BmPGuSuU8i7tiJ1+VYJCaTxAK8j5R02x9E=,28689.0
consensus_latency,QI+tUstTpCVKZ7O1QiSs3KAxVnSivSHhb/j18LcW6+Y=,28689.0
consensus_latency,RHz7oawcJNs9yG+XiZTD/ISEnZOhnrjpKrgKW8QJG4s=,28689.0
consensus_latency,TGhLlsLZhuT3esmCsjLwhj46ushKUrTyFsJzuo4McLQ=,28689.0
consensus_latency,TIij7OUWAwM5sBJaHKC/n7GBBGabvTjpSR4sP2AiJUI=,28689.0
consensus_latency,Uidb/xR2Nkt+OIJWWSZT24yZutEEYEGxahMWKNXCy60=,28689.0
consensus_latency,VZO6FooYIu2vwxwi0aidja1JrmttE/Xf4MpgOdUNTWU=,28689.0
consensus_latency,VoajuskAzq5Jrft5aHDxY0aO5HHDhBgcrjwgjNtc9LI=,28689.0
consensus_latency,V1ocowHYZypdO7vteHDfTjOLjpTU7Uga+d/oIA3N0pg=,28689.0
consensus_latency,XzDDKjdUrZRKreJBB+12s6Ym7yW0oDxaNEBqq/XrDMs=,28689.0
consensus_latency,YY1wxHEhcIw3NGGnz5aiX48qSBiG1M45Qa5wvBd2mN4=,28689.0
consensus_latency,YyFE1lLOkqrQNLEop4XiXCAiBpQz3S5EsV2ykYAq1eI=,28688.0
consensus_latency,ZMZtQyjHA69JXVuWlyeGiTIq5KFK0es7txZoB/hQ02Q=,28688.0
consensus_latency,ZqrKAKMrMNkUM2bNlft+/q8XKd1GR0M9Fv5kjXsBbGY=,28688.0
consensus_latency,beDUmNlE8HqkBiS5PFJXYLpA4XIIWq3H0HE/HQSA9rM=,28688.0
consensus_latency,cSm/cvjUuMdQKVf9UcSVOqidkUbRSIoX8LespwG8xJc=,28688.0
consensus_latency,gKoH3Kmg6Wjf9yfd2QsYqi0NNrK4qbpy0F9XCRQ09F0=,28688.0
consensus_latency,gyiJKWvnmT3hjJOeEYDFiu83IZ7Vdw2tX8YE+2sS4/c=,28688.0
consensus_latency,ic6BEWkkG6JIBODF5QGagb1b3pSwsRjXVOjvGltPFzU=,28688.0
consensus_latency,i1VY0tJHaAH1UxfF5l+J1dbbElyD+Gg4gDBIwTzH7KM=,28688.0
consensus_latency,ju1hZr6uBHR95aaIT4our2gIn1XzZfvf+wk0JK03lhk=,28688.0
consensus_latency,lHt4PNPPW+LJKOW/NCiBQ6QEp6FWkaxjrJhR+EApkk8=,28688.0
consensus_latency,lL1VukvccMWvlr6pXCrTdibboL0P2Jpm7bFZsV4EjeU=,28688.0
consensus_latency,mDhECdYlAiAIk4ycu0pkWBymSwHINfy8gHgrLRPVsPI=,28688.0
consensus_latency,mXLQBIVjaKsXx06EJQHSlKtg/9VvdyEfqm4ZCMBvbnU=,28688.0
consensus_latency,osTu0W/v8uliHO53dMY9/iMJ+wZkUilpUcghSI9XzVw=,28688.0
consensus_latency,pOkfp0a2pBuZNiPo9PY9GfJOkXUa3oqXOOZtkGuRe0I=,28688.0
consensus_latency,qR6tDYBApodVnyamSCRWO3NetOQgqxfbXz4SYp573oI=,28688.0
consensus_latency,rkoAVh2tsAfZQw8wp57P1uYcTUP5Oheobs5nlpBB7FA=,28688.0
consensus_latency,sQ/qAe9RgB71EoKdfiU3UgN4Bm+bJF5l4BRoJ0G/h2E=,28688.0
consensus_latency,uqlAvcW6nihRIPKM3jdNOtrG5cxSzGoPRwkQUfP8oyA=,28688.0
consensus_latency,uxnih9MC26uM4h35Omnd+tz3PPOgCLZMbdFGfHjgVeQ=,28688.0
consensus_latency,vniCyv7wY8bQCxjwaOdKs9hFzQjQw68rX8VcKiyahlI=,28688.0
consensus_latency,wH+26FBl2U3Mlts8j+oIypFIw6Lzj1eJ87fOXn+5f9c=,28688.0
consensus_latency,whTa/XKW75uFvpgRKvFlS2QdIUYLhkdx13I90l1aVQ8=,28688.0
consensus_latency,wnpG/iO6/MZQz+arL/kHTBuKINCYnrFYOe2A17AwPag=,28688.0
consensus_latency,zo2cCMil+wjBpelSMqLwXajSgeEeEIxm9RiJ7f4FawU=,28688.0
consensus_latency,17dhiqorjjtHeY3qh6COtRt0XoIDg/6l0OCTT+Czwo8=,28688.0
consensus_latency,2dPj5uqCO/lEwFYJt44cjfGgSo0rgXxDI7rHzxziF4o=,28688.0
consensus_latency,3BEL7iQoP/Y5mFoYnaqlj/Yqg5zJWWM6pDN9o4ZIotc=,28688.0
consensus_latency,5f/LPZas43EiJO9i56F/HxNtAHNL3Q8xI94U4ciKZAI=,28688.0
consensus_latency,7ycX4FEL7bI22oks+TUoeHWLhYGEta07ITOW2az/cVs=,28688.0
consensus_latency,8aMMPb/0k97Vq0wwkhwTgFmo57qF/VYd89QcSL54nWE=,28688.0
consensus_latency,8nqXn6BAL0A8yN9t8k0HShO4h1ZmZc5o06hDjAHpb/s=,28688.0
consensus_latency,9W0nNR9hyBeJZozxI5lsfGEKM6Hj9KMIWBSpVnW54xM=,28688.0
consensus_latency,99Fib5sVRhdJNmGnYe9pP8S6hWhCoMvLTHeJ2VBaonQ=,28688.0
consensus_latency,+Mgt+KzJd6w5/DPK0rQICIWxI0zm6Ut9gIFZFn9yyr4=,28688.0
consensus_latency,+h/R/mFNgjaa37cCbX+SgAom8WVExmPjp3fxkQsn6IA=,28688.0
consensus_latency,+6G1iz4/T0yBHtInRenNT3RSMCMi/dWyxiCPNF1WCEo=,28688.0
consensus_latency,AbpLH/dB3d9/3maRM6keBHgM8/sBXz+yRW1yJXECko8=,28690.0
consensus_latency,BlgH5+zAqMOX5dAaeuVsMHEvMI06mwoupFjP+Amv52E=,28690.0
consensus_latency,Cm0K+t2n4tCoo4cPuCwOFPfhmGFSNl1WN6D2LKYD3iY=,28690.0
consensus_latency,DI4qVGdyu6KYQZCny1XDZ6Ako9fWUPQsQQ1d3QZqNL0=,28690.0
consensus_latency,DVUrWnzK17zKo9h9ZpEyzMTtcROwhh04iykMFZqqxnA=,28690.0
consensus_latency,DqLCji6B6VuzR3T300Zlg00ZAsK0ika3BfQIKNmpqSk=,28690.0
consensus_latency,Dy/afkk5riMbMgdozDpgMM7Sona0b2oUKHhardPv/AE=,28690.0
consensus_latency,D0GwDB+h8ytF+6jizpGdSsL9MNnxuFkC0EOqYi7TRmE=,28690.0
consensus_latency,D27tIOnhOQISHRww57DP9Dr/Dk1enIvWqGY//So7U7A=,28690.0
consensus_latency,ErGMEklu23OXwNuujAF97fHSedxcwzTHouhL6/ji6PQ=,28690.0
consensus_latency,FIewjEFqGjfBT/bVYCWekowTw+qaH7cd/j4G/a1LHeA=,28690.0
consensus_latency,FW1giJB8xYwbjDZ74QouuFe/3hpAZMOBL6LuXTTy2K0=,28690.0
consensus_latency,Fb1Horan2+7F6zrkGMSwEgCwRzLxDL2cgg3ZmsmVljI=,28690.0
consensus_latency,GWOOEipYNYSdi8nzUirGwtlxtNqospQ93yRFJhdkTVg=,28690.0
consensus_latency,HVoxxofsZSUvoCeHGe+6230eN1qKtL+8SGxGlx2Vfbg=,28690.0
consensus_latency,HtNAxxFwO0lH9tAUuUG4PB2jDs/X/CSHgHAl6u/CwhA=,28690.0
consensus_latency,H4LiHwnejYU6bbf4DEqpVa67Y7270JVn4RDEckV5zEU=,28690.0
consensus_latency,H4qbDmiIet+8RM+Sm9Xusvmypt1TnJrJk3CnX6turA8=,28690.0
consensus_latency,Ir28kSCRIjSkUAIkVpRbyYp6XrYn9j3r2hIORXemoAg=,28690.0
consensus_latency,Jvpok3hH/dNaEl3t6fBX05J0Ie7BTNhou6F3iuImg7g=,28690.0
consensus_latency,KYnEGoQjJHtO8o8yooF0jz86ih+c/hGl7pd50WDPsJE=,28690.0
consensus_latency,K2gYAHgDrzFCOsdBXA21bBM3CSLpL64Z7VFfWewKYJM=,28690.0
consensus_latency,K4TWNsO+mOzKuGUtOUGkVBB75RcvFiY3I/Pbv9SovSM=,28690.0
consensus_latency,K/jKzKIhroUQLPyXPZhpNpUZHqtABWAzA9Z7Q9K+now=,28690.0
consensus_latency,LBl3NedmvgAmP7mkobXADZMdEQUTt/oUPqayHepy7X0=,28690.0
consensus_latency,MRxwwbji5M0xknxZdgWjt6q810MGzpWr5D6oXqNf1Dk=,28690.0
consensus_latency,NSGPygTqd/90l16GFcCZOAhy0BskdVeandKvQy5KgPg=,28690.0
consensus_latency,NnN7fBvEGLKmMGW1tIcB9NLu6W5GfTVClY4P3Oht4Cg=,28690.0
consensus_latency,NznJecXnCSA3XwsMa+YX/cqqKUY5PWKTfY0S2QR4nto=,28690.0
consensus_latency,OdCPl5qKqCqryM1bu1WJwFDp5x1839jSIkbxYKb25Hg=,28690.0
consensus_latency,OflFrTlW3b1cjaVozApXazc5KGXOduj4NL7mLMcXqyk=,28690.0
consensus_latency,OuigSnKJBp8nSUAuU7oPRJ5QGrie2YFunQwGzb7XZv0=,28690.0
consensus_latency,O6Fxef6kVQBmSWL5F2tBCKx74FmBqmEm2w3b5Z90nkQ=,28690.0
consensus_latency,PU8sDfBM4TRHmRenjhywFo/5a2HVAjhWcHEF8Ykq98Y=,28690.0
consensus_latency,PcC0Nl1pW/SnDTnDH+TvhDOQW3fbASMGWMSZuJp+kAo=,28690.0
consensus_latency,Pr8Y7cXU79D4uW98gcdlxLu5TnL229DOqiQ8RMyhyx0=,28690.0
consensus_latency,P/lTRmj8+aQtaYXrxpU36hdlCH4k5XrlgL92eS9o1yk=,28690.0
consensus_latency,QJJ4hFB2Xpp+XWOhsLcUQIbjYuj1R91UlEKB9H4Rob8=,28690.0
consensus_latency,QJS30XWiChlTWsLP/nClKWg4MrNG9hhXXgA90KMmGag=,28690.0
consensus_latency,QKfQRDu/2KXeA9GsP+kEMzEIV2fU4/9lijXPkx49cVE=,28690.0
consensus_latency,QgvINbD4PSgsfYmTTwi/4Ai6/LjPfzKXK7yOSyBd7xc=,28690.0
consensus_latency,RBdy3QoNa7zP8CGcfH/NmP6IBtkwLDmDmVeotys5ZIw=,28690.0
consensus_latency,RIZf6EXTNgxMoD9uvVwO49DDBysWZgCSPdiWmpZ6Ujo=,28690.0
consensus_latency,RSSsB7gX60uHmoS/n3LIetcHPQm9ISR+rXf8knh0L/s=,28690.0
consensus_latency,ST7SN1QO7VJHYjlGvcOF4rCIz3EE0cLYLaq/ICWE6Bc=,28690.0
consensus_latency,SqB1WrZoYwv+h+KC6jvOK3l0t2w7HdqQsFidRp8FKd4=,28690.0
consensus_latency,TFrTP0zbu06EL9pU3mcq/ewKsiqSGOzSefAr66DK6hU=,28690.0
consensus_latency,TNLABo4/MkXTt8ydd1KOaZ43uauOBeiChT0U7X8HEsw=,28690.0
consensus_latency,TRkuAZxIN2tzqOK/Y6SK2xltfqzyc1rvU3HC2vltnR4=,28690.0
consensus_latency,TeXvjCyiSbEEITZZHYpXqveDi17nl1StlaXQen44VJA=,28690.0
consensus_latency,UgZ15QqSwmKTa46rXKtQ/xPsTDyOoFYh5JI7RvIJqRQ=,28690.0
consensus_latency,U11wwggIvaPiiDZo90rrmx2cmkyxQ2X/IJg9mVZ6cNY=,28690.0
consensus_latency,Vo07bDpAqffSJiLTbQv1DSXm3p4agVw0vcsAyCmS6N4=,28690.0
consensus_latency,V5Sqq+Fmi/Qpztlz5p1JIQNU56yHEMFe8KwP1AtgFAA=,28690.0
consensus_latency,W5iAT97hXVgHf3a1C68dyq/9h74jCrVzS7KazdhSR0E=,28690.0
consensus_latency,X3IyQBm1gpSP0A0wr3fd+5djym26ThcRflDpMjEzzHI=,28690.0
consensus_latency,YnXJ3Jd4AHRy3tauw9t8FZj7NQ14atPFUw5PsjMKj/Y=,28690.0
consensus_latency,Yt6yLyh24oLqQpN5wsASUBqhrS448CrQUFdG9UyGBQo=,28690.0
consensus_latency,ZjLtToNlpyussovyOQ5/zQkvmWhFA6EL3azKNCwUTyI=,28690.0
consensus_latency,ZkI1ImPcIWM6Dx7ht17o0n37d2X4xqV0lQoO4AQUC2w=,28690.0
consensus_latency,aPZJCWXxmbXVDFG+LahwSNPNzNt2P8EMExinx9sThFw=,28690.0
consensus_latency,aRVgopMOh77/m2PyJwq/OphSokhM0dRdzEMcBVzYihg=,28690.0
consensus_latency,bztNr9u+bRuBaqOFjQsOcSrEPg3o6d5JpKBlDDt+cL0=,28690.0
consensus_latency,b74t1HTL15vcm+T/pDy00Lfs+JBwu75T0s/1FdLqhs4=,28690.0
consensus_latency,b846zrTVkBs7qSSux6Hw/DfNe9SwAN/eOx4rRlQm4LQ=,28690.0
consensus_latency,cNPfsIU1APTmYhpyHVoAwaZ8GwIA4TKCZS0RA1nROZ4=,28690.0
consensus_latency,cQUCPQbBEPaFSKiK2XoI2eLbxLzr045wacRtoHlDhlk=,28690.0
consensus_latency,dsXPyvAr/MuaOopbow+07quVuOeGh4gLYD8uIyjt1TU=,28690.0
consensus_latency,eFepGGRXjeK78Bu0riVbj6rtTttdZ7nae1KijQaucF0=,28690.0
consensus_latency,eP3j5YG01u9Nmzjgpa+EkVZgktZ9AL9yK9jNaCL6+Dc=,28690.0
consensus_latency,edDEVCzVR5PG2DxbGpkbJjNl5IEmL46ZNDcnZk/iBP4=,28690.0
consensus_latency,fApkUX6MkFlMFqQH8DTgLaAINAgITg2zGuvhek5jN8I=,28690.0
consensus_latency,fE8lNy2/W8Cc5QiUBqnxYs1kOzf5AYm65zhu4f+TGXY=,28690.0
consensus_latency,gS89cTv6rN8w5bY6dK6wLUe9jZetqqg4v5UBUco8Dr4=,28690.0
consensus_latency,g8qDVUFW710UgtMoGK83sp2lk7+nQJmcogyqtMAMllU=,28690.0
consensus_latency,i+Fu/yHMa1ytlSbEpNqb+B0lL2/W1SzWiyREscfBJ4U=,28690.0
consensus_latency,jKFpIZvnga7BIKhV6gW6/5uffptny2EL4pQydfrkmrE=,28690.0
consensus_latency,kwZaXvNVuFwLTtw21gTzmAoxkA++azRc3VkMPF0ulZg=,28690.0
consensus_latency,lYSQF0819o1nNBXJ4XISf3mIorjqDNR+X6Pk0tZMudY=,28690.0
consensus_latency,lemhBsBA/SfDSrfx0t3vymhVx4OFrMV5Z7j4qfUBOBc=,28690.0
consensus_latency,lnR9kLRA4PprjBD/pkI0G5zbPvnZPWljkFCy2XeuWUY=,28690.0
consensus_latency,ly8H/QbTndKz9hj8tjVWx6Z/DJlBZE/KUHBw7Sks9XQ=,28690.0
consensus_latency,mN9k9AYSpW95NcZLhMx1my1DULZymiRsKJ+2o4/WJ4M=,28690.0
consensus_latency,m8qv1tWRbYS2iUPiMpxG3hXGVeE2R3GrsIrjojTaoYM=,28690.0
consensus_latency,nOxhCuhS7ZeYYjwvqtYzJcVaT0bht5aju3gznfKHJjE=,28690.0
consensus_latency,pTtB609IlYut4xAKdkQGmHzPdjaDwb1mSb4DYHNgmXs=,28690.0
consensus_latency,q/h3aVs7oPT0EUvEbwwHhu9iUFF1U2qUIYbZ2KqcPOc=,28690.0
consensus_latency,rAvcCJpNM+Es9Fl2fo9IyFh77mAOtdvO56us2PpW5gU=,28690.0
consensus_latency,si2bY9UPZ5T+191De5pePPkXejssiG9J+f3qrI6hFN8=,28690.0
consensus_latency,snAfJQ+2dcG0NqBQ+3AhYc6BYJ8bA7wmL3eRr3KJME4=,28690.0
consensus_latency,uhJ1874oObLK2siq0Iig9q4OVq0AqTimGa3DZ0ciwy8=,28690.0
consensus_latency,uzGCncPnEXIzSwPBtEuJdXFbqjVAF/2Phkz1/0SeFJA=,28690.0
consensus_latency,v081zy1duf0Yaa/LWfQlRXpvGbZBMhHd+M5Yup/2DPo=,28689.0
consensus_latency,v1xZejXRgiPsVFALIY4BxylbW+YowsmJ6wba0sRjb/o=,28689.0
consensus_latency,wWx0lLmZCZVWZgMGCwwA7UusqMJqs7/nFA+uilyXBMU=,28689.0
consensus_latency,wfT+QVnE2TM9Qo8kEuODqURf63ATYBYYpoY8XVSxwak=,28689.0
consensus_latency,wwvuFk5LNdc6FiQwkBUnJvmuUSxeOQMvuw2MFAYxZFM=,28689.0
consensus_latency,xYhID0ZTa1jDGSGFfy/Hw0VWAk/AlNpJKTXqb7gFinA=,28689.0
consensus_latency,xgV7gKIAiQzoTbi98MJ2/S/TG8oNkrLDY1bJgcCoTIs=,28689.0
consensus_latency,x01mm3u7xRiIqyTapwo5lymCDemhhd/csROY9Lk+d0E=,28689.0
consensus_latency,yMIvLMX8PWoeG8RdvGO/1NgluKgzIXfzQvXrgaOzIX4=,28689.0
consensus_latency,yi6/+SojA09VBhbiCmoRD/dYUMfLRtPJFJ2yZSE7+ts=,28689.0
consensus_latency,zNf5DMJI0LnxeUeDoQC/4FxqJjoOHCNdA51JGHfnHws=,28689.0
consensus_latency,zTZuDlcSGXW+j0XvnoMkx6HqORMg9UtplTAVlmYQenI=,28689.0
consensus_latency,zwx5Qi+BVPf4dvwFXhzZEfFvH81PiIJAdnGnTVPYyWU=,28689.0
consensus_latency,z9MqIRFSUMUhQB+EbY8L19jO18rTWSh9AIRK8DjdsVc=,28689.0
consensus_latency,0XTAat1YgXfgfPHBbd4iHt3D2dDsZbiv7eC9Nqp8PM0=,28689.0
consensus_latency,0pmsd2RYfWOXfE/dHTNsW73Xm4haF3zsY1Cvzjy8//g=,28689.0
consensus_latency,04+qUcG84ImnMdE8V1hnuroMXR+xtXfdVioOImukysY=,28689.0
consensus_latency,1S0OHRJICRC86W88gqAoH5BdG3yDTYm5S8vlxo51IjE=,28689.0
consensus_latency,1cy3nIxzFkziODD/PBf1ktQzbBsmuL1ANWp2Sa0+5pI=,28689.0
consensus_latency,2NyLwGagJT5hATjcOHlbzAMT0Z3F+6vkyVSVIbw30d0=,28689.0
consensus_latency,2S4i4nDARsWxrg2g56uCpV183AmYZ7DYI4OI74+UWS0=,28689.0
consensus_latency,2ca1HTBlngvKUoqS/gjC+pYZdXoTeST6yDpcz2VChf0=,28689.0
consensus_latency,30aMhBtepHL9uknog9rHvp2J7kV0NNqTNgj3N9H/EiI=,28689.0
consensus_latency,4j+Z6K+Dj6x/jHeVWQWcy64WQEKcKiQadrRyUduLLHg=,28689.0
consensus_latency,6PYdvyjKgkEfiSAtyJ14PMl6pwVcK+EeLinEJsAp6Jw=,28689.0
consensus_latency,98zTiTCUkP2On4iEvLIFmihBL/Oe5wabfFPTkRe7oYU=,28689.0
consensus_latency,+DXRFcwUnuYpVEGXsz/fptbuNi3HfB2ay5jjRnQQTxA=,28689.0
consensus_latency,+VyhrHAW9bNZip6Fyz414ACEL3l+TEh8Fnk0UJhjMss=,28689.0
consensus_latency,/OnStJDNQK0FxvtCDGxSoWySiQpJcZX68Hr9dAgoKbE=,28689.0
consensus_latency,/aE8QfvDRSmrRmSpd2SYHaAZ5OQIFxvb3VLAiRedtX0=,28689.0
consensus_latency,/wODeMqRpwj+qMs9oT/XaGD3ij+x2epOsoSaDZsVqaY=,28689.0
consensus_latency,A+Sft04hbfd+Ro0iS5NB4HPh5zQ8GMNis3mOFVypa8w=,28689.0
consensus_latency,Bt+4QWtsyiydYADfopPjOstBHskWCK9XjVZKsrkXkj8=,28689.0
consensus_latency,DpgPsvfJbO0VJsDQNGXg9CfHza0XP9Y3EGzIeR9wBJ8=,28689.0
consensus_latency,D4nfj12UL579n7ffFUAUMJv4Y1TPzHyeiJpNZv2Gkaw=,28689.0
consensus_latency,EBplCOTRX0dH2eEV2qMzI/fkpi9yn+l4iJrUgJvjwnM=,28689.0
consensus_latency,EFTWMnFsy30RD75DIv6nkH+THU6g5ddPX/ldjf9p1pw=,28689.0
consensus_latency,E5GDA5wDh7QgAPk38Vesqy7TO5glX/XmU7UQp+53H6w=,28689.0
consensus_latency,GIiOj7q+mV6YRhBWeVtg4iWEbPZSdcjpA0pi1CAA9dw=,28689.0
consensus_latency,GW7Z8Ht1laS/nwIU8YOdULvAq2O1Gv4ntwaAhThAR3c=,28689.0
consensus_latency,HoqRnnbd2EXpBmOj2GKV1xMsWx/3pUyq+PMn2OD1xj0=,28689.0
consensus_latency,H7uTAfgsZjXZRZSUPljoQ4sWSYO6eww6WoNsetHZuIU=,28689.0
consensus_latency,JM0RMg3VU/dJBm3hE+yKHLMYFQzjkMj3a/GGNyczha8=,28689.0
consensus_latency,KPN7I/kx/5ciIdmFJpzH1ARLhsEoZCwda6SXE1vxqcU=,28689.0
consensus_latency,MNmY8UFW/o1nZ2WgKvHT65emZVtYmtMZKHOrmpQHjmU=,28689.0
consensus_latency,OCQgVze1bTf11j1+vGvxvGnsuGGewW3nKpvTXhFdKbw=,28689.0
consensus_latency,OHChFq57X7BXTYNKrDbtwLUtNPeuLR9ddLw5QzAA23A=,28689.0
consensus_latency,Omki5kwnYMnVIWmlkfLsDfZMTDtZMeBO/a7s8kZn/jY=,28689.0
consensus_latency,PWuhaISBM0XXb4r+jGb/mMlCbFZywmp66Qwq7XyFAI0=,28689.0
consensus_latency,P/lSKUhPJVFFOOFx65tq2neQckmFHMy0tqahz57fsO0=,28689.0
consensus_latency,QGDTql2iA2dA+RZ53ihYDBTLqKLFVkhne9eiFgu/Sjc=,28689.0
consensus_latency,QS7RDuY05D4SQWK+jMFO5I8+VRrjVoTQ/WXVBLJaDh4=,28689.0
consensus_latency,S8upfP+iMnjTyKQRV12MlJmWhAKvE6g6ziyQWN96Zu0=,28689.0
consensus_latency,S85GZxCzO8TIaHHjoKAffE+7tt+SBUNBn0JQbU4maUw=,28689.0
consensus_latency,TsLW08iUmwiHsBJEIGEp52d5CYHWkePvQzzMT+THMas=,28689.0
consensus_latency,VjHCFucO/cBbQyqnJT2zXVAOe571IDMX8n6gEmda4rs=,28689.0
consensus_latency,V56PwxujawmBYq5EnhzZPOrJ3MC9wcAE3WOM1m6ZmU0=,28689.0
consensus_latency,WReYB7tnguFEkHUfrSbgPFS1TCSLffhu9saGPSadCJY=,28689.0
consensus_latency,XZ9U8vSLKlUF86sRTisJwt3BVPnLfIRPQX8DxJFTO90=,28689.0
consensus_latency,XncJyVAMEfM4fmut8V3nVF9SujvEjJLdatxkuSYGsuA=,28689.0
consensus_latency,YOFmyKpwFCJHSmZGF1rowVfyoKRmEDElzUxaam7A0K4=,28689.0
consensus_latency,ZbVBaW/A1BTs1wlAdmQzwk/C4f3eWFw+NPR/JkCzXxc=,28689.0
consensus_latency,Z/1aChxSK1Ko8tytPTRfO2bWrmZBfRHeEtyjpKc0SCY=,28689.0
consensus_latency,aH3dzL/ZWuFBGwECbsWxUf+7nFslYFu+77cAxZlqzhk=,28689.0
consensus_latency,aWBQQfZjSaSwJDj4ZMxk/9ZvK4elxZxeb5WZOaOt7LU=,28689.0
consensus_latency,bOKHVtv3ACbLJKoxwcP/g/RkCcO28FXR3kn9VEm1ddM=,28689.0
consensus_latency,bQqAAsO13lkZt1M0ZOYGb6gPf5JAWoi7oUCzMmFSw4c=,28689.0
consensus_latency,bf72cbSWHE51eVk+s3auHOeY1mCsZUTzSrrNICqms3I=,28689.0
consensus_latency,d7Q1kOwdgRQCfYryioB4MWLOCYgh01wl6db2sZwzPMM=,28689.0
consensus_latency,eAO7ree2SoHPw50hJTwOWrB0hsNgTFO1vsMGxxJJBqg=,28689.0
consensus_latency,fswVSoz2ww3sJZFAtQ3C3EY0TxVHHcTLF/SyJCGSQew=,28689.0
consensus_latency,g088gLd4hSc95OteD3FIVBce1KUdcK5WWZojtICijh8=,28689.0
consensus_latency,hEyB52kKr+WzG+eBuPdpXT2TH0D4K9x5d0D1TUTion0=,28689.0
consensus_latency,hgumT+EcHrwlGah5TBCVsNwN8cm6c/Ak+1/qgJadfXI=,28689.0
consensus_latency,h1e8JOYtIebOqPKqaG/b96MjMM5dMLcz0XsrNcHjSbk=,28689.0
consensus_latency,iiAfdN7WuokzW8U12ZCDtqEgADmIJwhp18f8oClisYo=,28689.0
consensus_latency,iiuY6QMM3wCWBTquKjcipY8P6Ghy+ty1iFw81irZYW8=,28689.0
consensus_latency,kBbBsIApW/qkl7jEgB6cQeqj4Q33UADY1Db6UJGkz6I=,28689.0
consensus_latency,kyNl34SAt4jmD1qMiSj7IlX8A3AqKw9YF6DuBKs66HE=,28689.0
consensus_latency,lM611+Dhs57akEEJFiLanIrs/rl+OPpSpWiWhVqs3RM=,28689.0
consensus_latency,nu9pkdSC8/hWKe9BqmQCByA27ZB+xNH0YnallC16GjU=,28689.0
consensus_latency,pHhtd/nZK+ps/4mvOWJJU7Zt+ZNrj5+dGyj/TS7ltew=,28689.0
consensus_latency,poGEmE6rjxmQDVVKE4qdmkwdNKTbEuz6lPr+lgfK4YE=,28689.0
consensus_latency,pz4DJGJYmC0tuS+gqXSXedVmHCXs95876o/eRQXQuzs=,28689.0
consensus_latency,rM18kDGNjR/9f0HbJQGq33U9t/v07rR5tINMB37VD6k=,28689.0
consensus_latency,s7WcMk6GyoguB1uJDhBGbb/HCOYiX0clsk41bMqjqRA=,28689.0
consensus_latency,tTXdi4z9sQTBbr61uo2s5FwwesRaC5TJqUicnLst1GA=,28689.0
consensus_latency,uZGeS+jOFwG9M+jBYFQWqcl8lGb4omjr1/ZBmXVJWJA=,28689.0
consensus_latency,vBm/RzCYgvjvvsRTVks7CyvXL6mmitEuL3XsXV1vgm4=,28689.0
consensus_latency,vO7uzI3vlvOT5yyqTdVSDVHTyf+GVhODQ3zwlOuP3Zo=,28689.0
consensus_latency,yYtmy0/VnFxm2kMIrsutU6vmyEb3MYxMVQ7sqg2YPWU=,28689.0
consensus_latency,yfxL53BOVEjHoxvod3+RzLghh78ZiTCcLjeM5Yspv6M=,28689.0
consensus_latency,0hPowCTx7n6w0kBlCSWJrT0JA8FfjX+uX0YfKRHWtnU=,28689.0
consensus_latency,1MpPs7Xv4tbU3LH22f2uOm1wvwyg8qWWgoP0iR8vvOI=,28689.0
consensus_latency,1UzRBRyjFAcPkwUsKJhet7Rzo6zByTQeUnGi20PCJs4=,28689.0
consensus_latency,3+p4/jltd579mLQDTOxAgUbE0eN3Lu7oACCTXBIBymw=,28689.0
consensus_latency,4JIkOZcAK7Lkw5sg5NtMkiLnR2DKiVP6JpBnuZ/scUM=,28689.0
consensus_latency,5u0sF2D6JJvfEBw0AfojRv2Nigomlki0/XhGgNypfaQ=,28689.0
consensus_latency,6E890gUuuM5nyetGpiYBld/Jw986XvY1noC56Xogvqc=,28689.0
consensus_latency,6v45c08xXc0hxMeaZvOQmdNiZ90SUbqbHyTTN6LQkbU=,28689.0
consensus_latency,6+2vN1Ia7l3pPi1FO8DTzaaWELFlze15T6W9vjj4UyQ=,28689.0
consensus_latency,/IeOyAoANe2Q32hZN1B26xN4SM2FhwaM15NgwtGgEPU=,28689.0
consensus_latency,/Z8pqnmkwXKDG0GBEa+EQcqzt4q6+b1KMK6OAHHKPqw=,28689.0
consensus_latency,/jcu1Qudk4RdiYsYsGGHlojiG/ltvONLlovAcSspN2o=,28689.0
consensus_latency,/418Yui5JcEu3uCOr4VnUbN2F71IzKP90K6iSjRph3c=,28689.0
consensus_latency,BVgo0nt8CoN+uEOPEsLngZPkpianQ7CGa4t5/rjdjsE=,28742.0
consensus_latency,B2xerXeJRDJxMiyOVzez7IsgHTXHYPeckkCayIYTpQ4=,28742.0
consensus_latency,CXcVbep/8ZaRjmPGFDen3afcilh8syRZCtWbjJRKIy8=,28742.0
consensus_latency,CmUJKJghrFOqlUA1byVxCszf9RU6LbKVNRN8DpLFs/c=,28742.0
consensus_latency,FFjbATpaivIU+bXyjT2RMhqrBlPRAWu+usWhMMbEOdU=,28742.0
consensus_latency,GSNwk8VLwge8dHlFIX0XpPMmZsnTzgpzk32gWE0EZNs=,28742.0
consensus_latency,GmiAyQM20XTf+UYrOQbZHir7oni05sLV0/MZ51W8NCg=,28743.0
consensus_latency,IJK+eT9HCpVK3A44DYTqgv66RkoS/VoNhMMzFOuV1GU=,28743.0
consensus_latency,IowV2G3ekoiUrfZkuNnWOewpY9pIcfrV5q7ffPZYqAw=,28743.0
consensus_latency,JISKVvuFNfaN1A4pfWuaHO29HTaq8zDOlnbl20jWeHU=,28743.0
consensus_latency,JKcBK4vXrI23n/4ulzzni/5urfcuxFx1ygB4QC3/yCY=,28743.0
consensus_latency,K7xpwKu+aq8WpMoSC2lhYI7PsOFry6k1farCn5zMPvs=,28743.0
consensus_latency,LnLWF6LygX7rEcvi20LHOiNlisSM0wVlR9Ru1Di+dlY=,28743.0
consensus_latency,Lz5cP1woWdzAxuShno12x8PXGruSZ5vsG6L07o51EIk=,28743.0
consensus_latency,MGbeOOxuVGzGeQO48C0Qaua18RmHfeiAoQ3xY97sRCA=,28743.0
consensus_latency,NIMn1bhBnnaYYKDk+oUwpTSssjIhWC8tlCWpVwLj5W8=,28743.0
consensus_latency,OSCsydgQS3irO1GKx2tTQkti/ohvS650rRxAGZV93+U=,28743.0
consensus_latency,Ohu22sNHUh/oM7R7xsuESZ+LGHkv8GC7a39cnwiv4XA=,28743.0
consensus_latency,OzyisuzmerSWs9UbWizogRcIe2zyq/NoIA+Erd6l8kc=,28743.0
consensus_latency,PQBTWs54ibPubIeQOhOUyl1bMuVh1d8lTaimQZk5klo=,28743.0
consensus_latency,QEeY6WhAONzSnznidOFsm/CGgdPDBhyfV695U8f6nZk=,28743.0
consensus_latency,QiDmlV7HPQOne3c5R0Uuzdieef4MOpTuUmYu2sdb8+U=,28743.0
consensus_latency,R4CKCvjYF+2wYdv6+5LIYh0st7G/VSCzgZyufO31mu8=,28743.0
consensus_latency,S3rT7R45notZ/+2zkGRxKzo36Uvs4lqR672whuwSu5A=,28743.0
consensus_latency,YPXmYC5o0EE85IyTf2K9q/0eckjbJxGEomeLwKcmv38=,28743.0
consensus_latency,ZNm2ASsMXAc65DM4AwrOF7kYZORmFqTTJCPKrX67tEQ=,28743.0
consensus_latency,aX1qbJPCqzcNcfUflmgiY1+2x8oSCH52NGipLMczMMM=,28743.0
consensus_latency,bDG6gu9KlRI7usE3Vt3dn88h1polPs2Ex2CYOpT6elI=,28743.0
consensus_latency,cnJat7am/WZ++3FGwuiHc/8lPujp07mKhsgwcBAbOLQ=,28743.0
consensus_latency,c9LoavTaNN2PTPDSxgRXxEV3mVkg2/8vRbwA+vTEO3c=,28743.0
consensus_latency,d1z/8NhabK45mCyOwpKkvRGhl98Q6p+QUjrEFri6bDw=,28743.0
consensus_latency,fIOaATMUIc4qjKzsUsJoEStWiFdyDM/YxkeVn8AUo3g=,28743.0
consensus_latency,gGvVQnGF+NKV76acU7APiMQLn6KIGvyXgh9o3ze0rEU=,28743.0
consensus_latency,gQEBBDfYx2ybVEhe9UFbOLDqBaagWaKQs29ZfyKQBsk=,28743.0
consensus_latency,g2MLjwhJ7oMLQ5qycdb6/KRvFPoRPiySqi5RNCwG7Wo=,28743.0
consensus_latency,hwAH1H6H5Z1ToIMNrlbgiuO7QXRmYwHccwMLaHfBLUQ=,28743.0
consensus_latency,iFeHUJpkeIvBTrWI0sxGZjiFIo25OHfFToPOqHQE2jM=,28743.0
consensus_latency,iRi+eFNP48oRow83w9M3NVxu2KyR661RaP6EScx67wg=,28743.0
consensus_latency,iw6Q8IMghOvWKR9GI9YjizWV4Fk9Qgf+Zv0A6TgNxz0=,28743.0
consensus_latency,lE/B2W8cNtM68G8X207gmHWF+nTM+jTvdRkZZSnc/8w=,28743.0
consensus_latency,mAjTjIX0oI23g4H7muGQLWgomP69la6HXyn21Grmrjg=,28743.0
consensus_latency,mgPHUmFvAuWIRMWaiIcSdsozSBPUCfXvQc4Fa/AgTM4=,28743.0
consensus_latency,mv/ErTpfw/Rt5v947l4uEMWAWXFeaKbAiR/7jn2sZQA=,28743.0
consensus_latency,nSaGhI6OMvEI1prynVbANJ9g6Pkh2aANnviDBDyJurg=,28743.0
consensus_latency,oYi3Y2sU19zWbtuimG49og3qWuVs8+mRdWwphuUcKmY=,28743.0
consensus_latency,oz8e78+Vsosw3swyqyZVEOTigJzLwXzGYxLo3y6LEns=,28743.0
consensus_latency,pFZJFH+SzxkJDbCYVgmpcAgUyP8C3FEC39yoqSmhQsE=,28743.0
consensus_latency,sK2+TM9dbD5ibmByd41nS1YFf1Pdt7VEl8nLUbqRbU4=,28743.0
consensus_latency,sqSj93GILH1xsR6PmRqhAN9wdsXTzK6KkhOsen1PeWw=,28743.0
consensus_latency,uMwoDAPj9dudZssP2bkTNOJFNN6ZABYHx7jEUfjYtfo=,28743.0
consensus_latency,ucclmCw1ySkLb1SxJbXX8CV2oSP14SPVvi2hFgrB2cE=,28743.0
consensus_latency,uugZ9zBQjaoOs9+weqis8PEjCml6BceOf/6wSXVg34w=,28743.0
consensus_latency,vU7VpoSWE9uRE6EhFYlEWBenX677TL0qZ4UWDxN+c40=,28743.0
consensus_latency,vbRaSlEG2FSdPyg/zRYh8QyqtkXMmXgp/T1cHergk/c=,28743.0
consensus_latency,wcIY/CKIFPJ6KTN2xnwYK8LCVbNuawaRkqiStli+8uw=,28743.0
consensus_latency,wnnUb092skELy3fKBGqIjzLVpHIaqYbT5nDpx4rtlpU=,28743.0
consensus_latency,w7yLftcm9SaTPTuzxmHdJcDBY+XYIR6pHo7mjdTAc3M=,28742.0
consensus_latency,yO2S3VKugK6dwFhfdx3U8Fy9CeWOuHzw09rqFNml7+Y=,28742.0
consensus_latency,zy7BAmAeVMDFLnLflqmGYUDdgC5xlpl+O+D9uV5i9ZA=,28742.0
consensus_latency,0K8FoNhMdrR7ikKIjM7n7GPWvAhiVuDfOokqQ9eaZYs=,28742.0
consensus_latency,1XCgUe6aLTI/yiZKMtSeLnBf0osmKFlolndONyU45OM=,28742.0
consensus_latency,2AESHNOblQ3dWUtqeiY+ndtZUa2VJ0eLMOcbTBr62j8=,28742.0
consensus_latency,2piYP0MYiWJMbfMtVv80a61daemXjCFiSZxhBa9W+pE=,28742.0
consensus_latency,3FjHfCIVzhzbz/u+1bLfDEy4/quqENBg50eoA3Ap//U=,28742.0
consensus_latency,3V7/5YTlJpgVomjclw3Ic5DVLc/n94RdkrqLlYQtcyg=,28742.0
consensus_latency,4AHADzkMXo6nqDEZo83vzIn5dCdpM9qgYj+jy1nki5k=,28742.0
consensus_latency,5ycT0uSmRs8slnW77IKgIB4TnFRn0O+t3o2ZhpU0YQY=,28742.0
consensus_latency,7CkAhagHrVQiFjnW2eovFLfgQhFlXTxuPjoWXuMOm2o=,28742.0
consensus_latency,7IDnklpBHSxdWx2tKsgUIX4h+sCIetOwt52cVMjqeLM=,28742.0
consensus_latency,7ocg18khc9UNOyxLTGIha80mbxovPrAJMzRhWd8ow9g=,28742.0
consensus_latency,7pp6VEyYrQIFdgiLb/pylwvSQpJZ8OShR82r26MFFPM=,28742.0
consensus_latency,9YyTQkPmsmJYgDCse+enhRRm/1u0bgeY0u1byR0Sxlg=,28742.0
consensus_latency,90UZtOXMQI+MWzGBXtVc5QMtcgzyLrrjQOnceo08j1s=,28742.0
consensus_latency,98lq05XD+e4RqrHBUMumA4fyvjvRsoBv8F/eIgzv08E=,28742.0
consensus_latency,+EubuPfeVNi4YWsh9XnL/Ud64yQJzQWJk2hivBrMC0E=,28742.0
consensus_latency,AMqOHL3kb9KODYwJOc6HgQOkAtt2jKfSLAfEyjMhTA0=,28743.0
consensus_latency,BxVR42Krg/dmIwwBaGjwlcsXjn8kCQX26sQgWHNISYg=,28743.0
consensus_latency,B7Nw0y8nR9WDZo9xz8bFD/3js0avcGXC3u1d5CfFXWY=,28743.0
consensus_latency,CU522f5XHYjdzQE4EutowxKCkgaTk0Ya/FaBNeCvWxk=,28743.0
consensus_latency,CqOoLA3LEToeP2ctwhGSzmRPs6nhsd7W86NLpvJh98Q=,28743.0
consensus_latency,FjHb7qRmRkCTTHq8PcJLqcOqYSXgeTA3I5oiBA2j/7w=,28743.0
consensus_latency,F+qi69wOrK2UFT+2GvQ08i9sABLxE7MWr9jXyULRlP4=,28743.0
consensus_latency,GS5U61tf/+uPIwXZFG5LctSP2WOrmYRrlB2H3EE93y4=,28743.0
consensus_latency,J6F4vQPZ+vKvD19CKRUMAjP4udCf4JlX9XI4y4eZ3WM=,28743.0
consensus_latency,KwZZEBiz2fnG3nZn0xc/7kR0EgPU4zv678kvPdeBGOI=,28743.0
consensus_latency,LVCDZeZO0pxst/PJ8fcrgug1qHveQV5+dpf/9cN0MiA=,28743.0
consensus_latency,NLd5JvdUbJWtm+s6b5eWkvOBisF8j5AdD4l41Imc4bo=,28743.0
consensus_latency,OyxGOr2tj62IcqfMlZsA5NNmQUky+84QA3plGuKDxZA=,28743.0
consensus_latency,Upu4sSMgHsIroWW6cP2Y2KEfpB8Y5RuGaCN4dMurFYY=,28743.0
consensus_latency,UqCmVa33b2CFAE5JM8wvCwQ9P3I6sWG8dr2tWrUHkRE=,28743.0
consensus_latency,VAm/eFOIHRnCvUwVBDYKss5P2KOHX7aCd/8sqCY8JVI=,28743.0
consensus_latency,VNSzJ3nXpBCiwMB55wIwvfTcrZO8pK3R9t7rkhoXSdM=,28743.0
consensus_latency,Vh0akIro8oeMDReK5aIzRbNrVmZpOAPWxIaV1y6HLxo=,28743.0
consensus_latency,XF1HEqrnr6FFzgfwTj7RTwWK3lnHNIWPZ+IbkO3zOSU=,28743.0
consensus_latency,XuEEa4gq+G1UDk5efLLwjbHlasn0O7dO1biLj/GiMJo=,28743.0
consensus_latency,YFa/2SrEXQVd8APCveusew9+icTPmKq2JBf/S0DHSW0=,28743.0
consensus_latency,Yh0M4fxOg276JDE1M9PwGjFjACKg6iAbMqXaHxO5t8Q=,28743.0
consensus_latency,ZDrxuXZJ/867azn2Kno31szwYGo2FPn/NnGRuQdmFhw=,28743.0
consensus_latency,awJSTp74VtwRU+8x3BFkYwRp6af3LFuAwGC/7XgzYpA=,28743.0
consensus_latency,bZtiaOOtGOl6TktJugvbn7lrE+Z27NPkc0zCe/3OSW0=,28743.0
consensus_latency,b/E7Z/F+XJ2h3FGtwIFesTFW/fYmsLox1+LoF0drsso=,28743.0
consensus_latency,eOigmrfw9dyVHvWjbDd4wiD5b63zj8/8yH4LxRzGEG0=,28743.0
consensus_latency,eknwjzOBq86rJvELsopNg3YEd1m9sbpPeIG3c0C7Vq8=,28743.0
consensus_latency,fwsU1zf29jc2q2TUBxaGeOldSuV7PuKQOW/MIOGMHUU=,28743.0
consensus_latency,f8BClzqOpdagY5T2jAWILVRP+Z4CRdLMFOZF1AmhRAc=,28743.0
consensus_latency,gKHLHvSBtoxZsEaRz56+wtIk3dKbM6y2MSn2BHJaXag=,28743.0
consensus_latency,gujQhnxEOo1igA6LdeS0dxfdHJksKHWI0nIvtQtUWQg=,28743.0
consensus_latency,iRJyzjtK0mDYxdY732DaYUPKCLcsvWrX9F3o/fF2E3c=,28743.0
consensus_latency,j2QUlj9exEcG8+PQl4hKlI7ywX9DCGoKS573/ERX6yQ=,28743.0
consensus_latency,kCbDjCnSj4xOwwEbFo4LoMLkEcMKLxFMpsowqsR1HFE=,28743.0
consensus_latency,kC6cBMtveH4iH9VssrgoZDYj9TZKv8eIjxmDQP6ktas=,28743.0
consensus_latency,kSl3rStLTSB/0jZJ23ZZx9F8v5DZkUyVGmxsqia8RF8=,28743.0
consensus_latency,lOATU2owOdMDgmrUTdDj7lHXoUqToah4HIVW0KCaKV8=,28743.0
consensus_latency,maEIHV0FGh+JZJ2mXeyFshzRAiDD/igvnWaVCIYwNas=,28743.0
consensus_latency,me0WkJElvYsj1SCeFkDV3Hbj7E+OqNkPPNEVUqwHWHQ=,28743.0
consensus_latency,nT+vTBZjfQWwl5KB+jHOztSr7QsT91f+8ULezHZS/jE=,28743.0
consensus_latency,n7AXV3eIIoiQqD3DzZSJVQ1GYS4jJVsv4hMGPhmzO/4=,28743.0
consensus_latency,oGpHp9uHazrAP4IfauM79TgUpX1btRq2NV0J3nfmcrA=,28743.0
consensus_latency,ooyqFvC+1XLwrqBDZu5nJAG+/YZepnf7+Zifmb2zOXk=,28743.0
consensus_latency,pXvuJatFSWNe+tA+Yi3F8GKia8eDinZVpZkhNb6/VCw=,28743.0
consensus_latency,pXyQyJPbqGsrBBGLXfAuM663yOlk+a+EOWtyNwDtwbU=,28743.0
consensus_latency,qgl+NzbZZ7K+NTd6oiK5NKcCneCMsB4lnEF8yoYTbY8=,28743.0
consensus_latency,ra+lGWVHaB9hl6n5ymSRonFqNd/5f92+O79jVCZNopI=,28743.0
consensus_latency,sJarqLOvg49WfZXuIe9QfTV2pWBQL6MO1FySO6PyeRg=,28743.0
consensus_latency,saOhKF4D1498e3h+bTRGIrSpeHqamgKEM4tm7QTB6hs=,28743.0
consensus_latency,saaOaoLuhnP3s2PClc4Y8mkaWQTc1h5oNj6Ukxe+M9c=,28743.0
consensus_latency,vF7bMPNzWnQCHB9cL/FIelr5k6O/h1L4naY/4tB4xD8=,28743.0
consensus_latency,vXIeqtzBIXsFAXzZUUH4B9N1tErcOvfEG1Be4Z7NyK4=,28743.0
consensus_latency,wMlBkCNO2if8NnO+Aw2j7nosSbYUYfsAdtBO/uymRjk=,28743.0
consensus_latency,wf/LEWtAWpG2CeHwfmoYhRNTeqrWbRNKAARZ0ZWGkMM=,28743.0
consensus_latency,w1Wub3jau/ACsvrAPUZSbW16v5F1UifS2Sic8KfvkeM=,28743.0
consensus_latency,xQ1KXKJO2Ls68ccBlDnuL3ImTWK0CNLwCejlhzvHnhg=,28743.0
consensus_latency,xrwWNquWKNNHU14Sl72mrZpg9Dl0v25m0Zbhy2UBJyo=,28743.0
consensus_latency,xzRXyKpGxpKTqqSGzycLUbo8wrn3U+WiH0wdPhU8gZM=,28743.0
consensus_latency,zVJYftJQqYpIjOP1e1ndT6yG6dyX6jfqrZ18xHoS1DQ=,28743.0
consensus_latency,1IvOqz02sEl5ztsqdkaiLRfqmCJGCqgMosVubjeUpBc=,28743.0
consensus_latency,1mJFaKrImFIPbj8P+WU72WrnZF9+mS3lkm6oM8ksFBA=,28743.0
consensus_latency,10OG7R5/MK0r5zMLKKln4wRQ4V+e0/GqNzPo8sgBqxM=,28743.0
consensus_latency,2bE1VBK7IBu98g/wQv0PMGA+tz3uumKklECwY4LpweI=,28743.0
consensus_latency,3ZPe7Qr1TH9z9qlNM53NqwOrrMun/9GOAtlQX257QsU=,28743.0
consensus_latency,3gMxBl969b8ayPx6LfxXX5lKbJknbO9Y4RwPOak4WtQ=,28743.0
consensus_latency,4bJ55oV2HTMRW5THr1cyG9g4UpsD+W2ig1y1SuIOAso=,28743.0
consensus_latency,5ElN1RyUsaAYDlZU871+SPUPLle39w7HnoeoeFlKmoA=,28743.0
consensus_latency,5jJmoL0iRXAyGAg3DC9p5bDxW9CD5cwHvrmebQ/yXik=,28742.0
consensus_latency,5ja7kDTNNIAFFHeXFnIx0CnUlHFCVmxJt8QeWrIa0og=,28742.0
consensus_latency,803EDbzU/tli4QMUr2Nx326tKijvaBlA8ASBR/hjvKs=,28742.0
consensus_latency,9Mqsrq9aM/RdVNwEwYgwXlNcweOOKQFkeOXsJD+4XkQ=,28742.0
consensus_latency,9kXQtZw6wOC39YrvJ2UlbHEbz5lRlT0mXVDxjTnYjxY=,28742.0
consensus_latency,9vKC9vuqG+DKW+/w+dp9+aAwlfigsO8GFTQzQeEsmnM=,28742.0
consensus_latency,+wh8uVJH8RZwI+NpmtiqBWIFNyNTuVjtUcK3BCZqHv4=,28742.0
consensus_latency,AkPoQuYUr5SB8RaLMfNQISAlxQcrMTUaqsaYT9f1EOs=,28742.0
consensus_latency,BByuTmH9P6sQf2B4gQQ/IVsCG9jpsBz0fCKBBvQ7BQY=,28742.0
consensus_latency,CdciKtZqwqWdgFnvrlWvvFZ2bLHY+z+AHwm1jgXSogY=,28742.0
consensus_latency,EK2IQsNJK2aP7nFRAGwYciktADTlajU7X8UyUTUAfK8=,28742.0
consensus_latency,Fg4ByViFXIOY/2jFmGxKpejYWEofHmsgUHuJWiy9lh8=,28742.0
consensus_latency,G/tEVyIqWVJCZeW8HntO2HSQaNnr2Xi/shKqk9ZgftI=,28742.0
consensus_latency,JJLsPeXJ5qLN/0Lj6RlcO3b6aEl/s2rcrgZSRxiVeXU=,28742.0
consensus_latency,JdCvmJT7UIqYnqMYs9LppWFZXax2KTVfuK50v27VsNk=,28742.0
consensus_latency,K4U9R4Sr+E/nGYvYN5ibsHCicnkhfmWYlLJEdJkrqC8=,28742.0
consensus_latency,Mwz01I40SSjVmevu5dWaHiMr/moGoaruDtWMwTlYh2U=,28742.0
consensus_latency,M2SFhTjgLaDmK6uk+v13h4Va6NXRMuqhTWTicS8eLqo=,28742.0
consensus_latency,NL9xXeVVw8et7pvpcnZsyE5JSPeyM8IQS50H6juiXRw=,28742.0
consensus_latency,NhwCGOnCudeSWU2GuEpQehf0DOlhYS8F0IunDoq42/Q=,28742.0
consensus_latency,OLkk+iXsi4UgBWDBrAP1BYQEbVCbHoVqurrbWPSLG/4=,28742.0
consensus_latency,PpbSA7UN1k0azJOf2zSzji2327dMq4TbFYbtt+ch0eM=,28742.0
consensus_latency,P1qgKJLdNHhkCx4XoE0NIMdi2p8YDtu0VBdPFZLGbr8=,28742.0
consensus_latency,Qfe1Kn9KUyWorbKl4OaGpkeElYcXZlwkdkAeKw4ObEg=,28742.0
consensus_latency,QvdzIVRdwJ9VnQ0CCcu6YiJW3vAgyT9066hz1hO8D7A=,28742.0
consensus_latency,RhmdtAFZjKbJO8R18AAU38SbPEEZUynTHmkL6Pl77U8=,28742.0
consensus_latency,SBki2njRPSoSP5l5xJd9f2hz+Y17w5sy5Tyh0mVuzfs=,28742.0
consensus_latency,SHP50paKKOW7t8HIA8b/28PIvTDjnQdPO3BrnZ/7gfI=,28742.0
consensus_latency,T9yH3quatwwt64XvyclHWVVafroaWOAwALpPtmD3wps=,28742.0
consensus_latency,WLgZhgoJ93wgb9oBbg841H7JXDdlygzEQR9b15UThT0=,28742.0
consensus_latency,YQzuWw4diI1fRd2/zbItZydb7frwjfinrw37s3cP7mQ=,28742.0
consensus_latency,a8tHgD/pi8WlMjit6eXnhjxEpM6KFTL9Ll0bME4YZz0=,28742.0
consensus_latency,cFv652SQTk2Mh9Xi24PJzQoId14NUAGdG/6QhCmWMwM=,28742.0
consensus_latency,ciEaZgd3JbkYKoOLkM4xmvqyoyLK9IR8zV9SZd/VCy8=,28742.0
consensus_latency,dKjSRCMU+HR39x0VBxwBUWqLmAwabSIwuI/QUI3qquc=,28742.0
consensus_latency,eMi85sWe9hfHjkEJ2oQcbNmyvSjJlGtLCPvRu8LQDdY=,28742.0
consensus_latency,fgDlp6IFzv3YMjfoAjvk3zJB4+GAt8sR3iB7eB2ZpKM=,28742.0
consensus_latency,f+pBsLYTWEZxxv6KQsCBewghw51btX+ptje1NAzt1b0=,28742.0
consensus_latency,gSW77mw3TPgJ4bdrD1cz9pJmXDtiWdFiOAztpjMK/8s=,28742.0
consensus_latency,ixZBwNiMVjmbNXrOO2vaGxDP32HPwnurs3DLWwpf3oI=,28742.0
consensus_latency,j3aCAr9rY4RyFt0t88y1eElO13ZNJnuFG7ZQqlnQ+E0=,28742.0
consensus_latency,mV3KM0MoMDhFVB4k7Gd29o7xHalHO53/U5zVbRJpbIQ=,28742.0
consensus_latency,n//Ou1Qf0mFuJ1mtKN8K5Dl4ZZWzAaJjh8jC2dR73zQ=,28742.0
consensus_latency,oEOfLN3TBHF0/KlVkoGF8u+EPYx1m9MO1wqv+STf6RQ=,28742.0
consensus_latency,oTTYACzTk4I9HEiUUZYgSsehwav704LcwIuzRH7kTns=,28742.0
consensus_latency,qYquxua8o/bHs7aRS1Ky739864cLj5ese+cmOZrO618=,28742.0
consensus_latency,qbLiDNuyeLvhe2OLQ3SaSVcn2Feosr9F6drQw7W3bvI=,28742.0
consensus_latency,qflW2hnMnUJLsBLjWT2yEyoLjNyIKut5mU0vt+aIQ54=,28742.0
consensus_latency,rO3wrqwp01x9ksamQn8eR9pb3LqbGIByYQYZXXBNELs=,28742.0
consensus_latency,rVdR8OJ5EKTWNgurismC23/MZ8njIgkyVFJSJw/p0uk=,28742.0
consensus_latency,rt/MP+YzWPIubGVsnPMH8Ce8Gb4E/MRO1jZELEHj80Q=,28742.0
consensus_latency,r6CBfBReMil0e5fdbB3fE0iE6mTG3bHo6e6ZlSdRMZA=,28742.0
consensus_latency,sZyaoQsViIRR8fhEq20vpQ7Q98VNKTlMLunJRlhgwIo=,28742.0
consensus_latency,wqmcbuENXWjLNEQqcQH1oHKfdzFiCGCKj5Eln5lDBfo=,28742.0
consensus_latency,wqoqNRCnUL1ModWLlWSdII14qidsK34H/BriDGETr7Y=,28742.0
consensus_latency,yMm2solYcUH7q+bDkcUBy87Oe55UXdh2k7caZ/GPyjI=,28742.0
consensus_latency,yU6K2ZWZQ1DueezJKpUgwM3ZLV7UGAl263/8s9kur4Q=,28742.0
consensus_latency,yw5nliFlX59OpHZ70Xw42rctcG+0mtUfnos0tp3nCkc=,28742.0
consensus_latency,zLxbl7M5coePNmQ0Asmi6ClbUB9hvovpi/qEDINdrSE=,28742.0
consensus_latency,zNFbkJVX9G+KJeZX7W5sMmGdfzWauX65W+PcEGvpMVs=,28742.0
consensus_latency,0F4JlhHs+0qS4VVaEpAhOBhMvWZFPqsK4PtpAKOG4WU=,28742.0
consensus_latency,0OTqVH6xSeFXsu0u4ZUGpAWkVd7xD46no3hgCzTSFb4=,28742.0
consensus_latency,19raQZazF87l01Tc0q1xUiXF8ByUaaYwhd/mSva2Q04=,28742.0
consensus_latency,3U+gGrsjykf8eIr7fxhfkdj7iDoMaPUK3Y6tD0pW4Bo=,28742.0
consensus_latency,5MykRVL7Fq3kHjxAOERtAQHs9SJyS01IMS2eCJZk8xM=,28742.0
consensus_latency,5R/Dnj7vx841vYqEUq0KFAnLBJtyPPnoGLvuZICESXU=,28742.0
consensus_latency,8dTgmVdc1tTOhND6PASI2N2W3ruxARhBsHcjAgefnjs=,28742.0
consensus_latency,8eu3bPJ/lEfBHqzvHh7TrAPyYzufTNQw3tiQcluhKd8=,28742.0
consensus_latency,+/EZqqpRZuAZy6UEQ0w8rA5pa7t9l5H3nHm9zjnOX1U=,28742.0
consensus_latency,AjrUQsrwtphXZbvMCxocK4iqL5HJR7ZnG9IN5xGD/Dg=,28691.0
consensus_latency,A2sx4MapU3OBLcvRKCN3cHKo4yjWY+liUapYu5KsOfQ=,28691.0
consensus_latency,BfiF0tjSlWo+rKDZlPXsxcyRAaqGayIPKjCMP/bHeno=,28691.0
consensus_latency,CuzgHKcpCzRV/As1z2+Ag44t5YrkAinjh5Nf8tkkAUo=,28691.0
consensus_latency,FQVbixpWzze6+SWKKcD5SwKbwKr6+HEtM2+ixKfg24g=,28691.0
consensus_latency,FXfLlHZ2eKfV0BVXEsVMOrP4T7Kq5CpLsySTKYJK2OQ=,28691.0
consensus_latency,GKtMgAtCzAr/ykpbBfCY6aKc0o8N6wkWCMvMYDf0OGg=,28691.0
consensus_latency,GODcicYv0L4o7KYdaE7I2DyY78HBStOJ7x+GGDLyswg=,28691.0
consensus_latency,GthkmqX56sgEP2g/+6VYT8C9INM1qldQ+yUupmnYLLo=,28691.0
consensus_latency,HjA+hkYYUlg7KgiOnaQOemfRy3VbRcFetokYSIO95DQ=,28691.0
consensus_latency,IXGrCqr2JKlRvVbQOG/a779tRnK6cn39xGjTBQnJk08=,28691.0
consensus_latency,IauBjlhXFHByn+flZfD8you51OMaRO3A79izAhsjHf8=,28691.0
consensus_latency,JKn6BNOapdYFcrEi32Zi7aBLkFHvq71p3e0k/C3VM3M=,28691.0
consensus_latency,JjwCRSqGjZI1LQseRgHH1G05rluDBga+m4H1sEnwDDQ=,28691.0
consensus_latency,Jp+CP5mC6tetMSm56nWuFW59JVhTkWuSFcdJsZ+f2vI=,28691.0
consensus_latency,KJp1sgzwOkWjEsdoIHRNQPQx9Ip+8lIR3hW89cLm5Ac=,28691.0
consensus_latency,Kb2oE1+6yyVZ4iqAyjLiZEz3mrXbBgc38Tj/UVO8Oo0=,28691.0
consensus_latency,LkT23XAkzibtkho8XC8JbA6oWfW9OJMSVjeJqA9xFIE=,28691.0
consensus_latency,LmKvG+onULdZ7PbbN6GL57fF9eQzzxNj0dikT+X0sBc=,28691.0
consensus_latency,MKNAwX/q43ceu0pcUM4JMDNvs7GttLH7ER0bYaJh2sM=,28691.0
consensus_latency,NF+Pdac3TDqcW/iOTzbceajcWI9LttFLUnd57HUaHfE=,28691.0
consensus_latency,OBTwL5+fxajgWs7sHBCuDPEbOOsl4AThxUhKSZ+xx1Q=,28691.0
consensus_latency,O2nN+ImKUbxrkxZTa9e2+znp3R7MCVxXngoSBsGfgg8=,28691.0
consensus_latency,O++X6Hcp4j4i7lb7pByiFNrc0abTZLFwtQtoundJDWc=,28691.0
consensus_latency,PdirNh/NdvyvLD20clHtIY+uQ3/F3iu/kb/f+hQVfD4=,28691.0
consensus_latency,RRGVAbJAXQP6N/I5kqg6PMwlouwtiuOCchIrYoPBBUc=,28691.0
consensus_latency,R4JMi6aN9sPT7uaKckfoz/42Vu1RjLoKSUntNqgR7Ao=,28691.0
consensus_latency,S0RUmZOnP5IaBwch0OzUDeyQ7BsaqWGai5qyexMSUos=,28691.0
consensus_latency,TlN5fLSN0JKGtna2/v91+3lb17COtjVNTM7eX3A2WUg=,28691.0
consensus_latency,Umxo/knqICX/WLmnshuwdUa0319vxJHItvbd2HF0ISI=,28691.0
consensus_latency,UrEvPNBlfHyXOX4UuWewG6lGyI/cfHwM49ycBtVZyXs=,28691.0
consensus_latency,VnjtQ4GvoqH1hFXf3mFLUeXjPitcuno/ZwztlHcMdtw=,28691.0
consensus_latency,VvmTaj5XcZdp7Cks6oCK1tjv8f9c92oo58lJCenqvU0=,28691.0
consensus_latency,WBFgqvxcsJWGk5FkDGFcV1t2ZKEXVYmvYy1sNwAQOYA=,28691.0
consensus_latency,WgEhA9nrM+CWPZr/j55mneDnR4bUPcl0elTPuXE9DCo=,28691.0
consensus_latency,W+8JZsqUKVYAho9xVCDc/mIPW843xDvGugzJ0SbPHYk=,28691.0
consensus_latency,XAr1sqrc4HFaud5iqKzO28dQ08xvHG0XeJTQvPyvjbk=,28691.0
consensus_latency,XWbAuJBEkv+RwkqQFN27rXk4KAmql/FxAN/zTZETpA8=,28691.0
consensus_latency,ZRduZKb2WHfH42eLybJxr09IdHSzwJVPbOhXYeNvkBY=,28691.0
consensus_latency,cUmqFj9UzOaDpRN8cjE4tfaSZ/ztm+PqnbrM/VtG+UY=,28691.0
consensus_latency,cayNSPhK3c+1Q5pnZD6lvSZh0ENsx3zwB+zJq55LCBc=,28691.0
consensus_latency,eF3RAozNdS8yydvJM8+V4xyANuASsGtLYxL0p0uugRg=,28691.0
consensus_latency,eNKrObNCZTrb/Uo6ePoGhiYQsGKV6pNbR2p7lHHF0fU=,28691.0
consensus_latency,eNRFN9GzmkBj46vYVtWanm2Zusym7XXM0ee3sOCcgD8=,28691.0
consensus_latency,gAwWOsuug1/LWQ1AS3neHzUBs1Fqf+vjFVcrWOeLsfo=,28691.0
consensus_latency,gFKljJxyUK2M7Pw1Nzztk86j60W8BI2ZsFDYuUkBZRE=,28691.0
consensus_latency,gGLqclMQq+UyQK+9559wuR4JVufxeYOTvdAOY4Wa9gQ=,28691.0
consensus_latency,gaxdZ5fZ5JGji+TfuL7xaW497BfKsXlbHNl45He+osY=,28691.0
consensus_latency,hEjz7oJfLfUVt+OC+Zr4HiLec+ggKJsuOP/7DjALWe8=,28691.0
consensus_latency,kIUyFIhI0OfCRahc1ACufiU29lZZ2oAe2xIHX8fJAlA=,28691.0
consensus_latency,kgVZT/2MZWOa2BxM6Hq6EHgKHZ3TOjI57VeRnBK2J2U=,28691.0
consensus_latency,l3BqP0luKzBGlVuj9VxQrHlTeaC3GqYsupW7PDlbmSE=,28691.0
consensus_latency,l9XQOKvnypyLZlCyNSfCczLkkE8KflBxh6NzwXMKDUQ=,28691.0
consensus_latency,mI2WTMpbuUOBQQ0aEdzIGPMthxcDJL4Kpy4GCM2ia20=,28691.0
consensus_latency,mubjPgIGYYTH3/zWlVtHlo6wt8i9jR85ZTv7EiffayM=,28691.0
consensus_latency,mvtQGAiyj4QaeLdYVugmu0BB2xjX+CcVDtWzvFScTe4=,28691.0
consensus_latency,m9plZRO+VUU0+Q7luzj4HnXaemyXZfkAtKHWiiPL6JE=,28691.0
consensus_latency,ojslzQ9aTzImurqNGhsA82zarlnT8n6Fe9IAtJeMC4o=,28691.0
consensus_latency,o7kWi8FMZTObV6Wb7qsnq/JuPjh5nr6KS3n9deR4aGs=,28691.0
consensus_latency,pJQJnV/2uuPMQnUP8ExH+r1r4nFVMgUZW4FEMoWvDmM=,28691.0
consensus_latency,phkB3RyBEVdWkse5jV57DJNrsEjrAnbhHfxa9DBTOB0=,28691.0
consensus_latency,riMeWqWxL5Ll0KrpZ82FFVxCjDEqfW47axKrftlNvW4=,28691.0
consensus_latency,rjFU/zkD0T0tnG7ogAqfRE+CdBlAn3o2G6gHUAL3Pso=,28691.0
consensus_latency,sjoptHC7LkPDVebUcTrIQbYstzZ4DeLokFR5xTqMzWs=,28691.0
consensus_latency,tFm0+nEohUg/IFp2jGsSjk+VArGdTmo0HO7/6eLMNMM=,28691.0
consensus_latency,tN2YhM3rmYVqSxe2R1Hg5cgZAjzntjOf9Tv8drobOkE=,28691.0
consensus_latency,tvb5H3U2B4nxG4r9FOwx3DLr/xHKh4Pzzq0zVoWME/Q=,28691.0
consensus_latency,twnOFbaiqPPBfZknHL9wIbcgQxA3KM0VPUhMZ+3jtSU=,28692.0
consensus_latency,ubYoX6lozsBr7BqdTjLqMiq9puGOLNzhSpGFBe1G2cE=,28691.0
consensus_latency,ujjzdt+vyEDUBSEOOgRxvjTfxQE53I6BpMBQRIRLGO4=,28691.0
consensus_latency,usJmryr4q72eGYtQWZNc8Sf0EWg+4vvxQaOCV0C5GtA=,28691.0
consensus_latency,vKA+cu/UySSR+bI3obbiRQrpLkOwjd3tW3D51mKltpc=,28691.0
consensus_latency,vr3LPX3MWVT+3SiNGNkJwZgWOq/Bnk3WFwdI3E6g5QQ=,28691.0
consensus_latency,wmKVwGIvui+uiKwBajysGIa4aiUbiTv7duasDxR6k7c=,28691.0
consensus_latency,0MBeDVEQcMDP9yvzAnUNpXP5M0ELmm64LAdNrq8FJ/8=,28691.0
consensus_latency,0WiOKrPuJx+eGYr4fCoPk8NfDqMrvsgtlh5s475z36I=,28691.0
consensus_latency,0bBRokt73GDz7g2uDNRvrQgTwjz4Wf0qI++bbUr5ptY=,28691.0
consensus_latency,1gw3S5x3GjSOhI2jhr4WcMKh8Wmc0AkIN+LSzqS9P9g=,28691.0
consensus_latency,1hzitRBqEkdT66twtKANvUixxEragRWrZ3dQbN4YKNY=,28691.0
consensus_latency,2OH1/LQQM+nNe24oZdsrFMKpUKWUMr4FK//iCQD65A4=,28691.0
consensus_latency,2vOzj6iRas+sTp5mMTrUj9PcHRdcEA1/OLEoelCTN6U=,28691.0
consensus_latency,3ousOVou0H6LayGSlNbRU8R30YEoysTAbzq2PeiT9BE=,28691.0
consensus_latency,4k82mAPZBZUDAamobixZKzQNO0LU88XK5gRdy0oA15M=,28691.0
consensus_latency,5b8m2kf+6IjZ9whpnN+GXh9kHWLQCGcfX45sj1G0lTw=,28691.0
consensus_latency,7kZnxWZNSMcE8DQNMGGo7wwWS1JhvS4N1mXInFl9p/o=,28691.0
consensus_latency,7sKCUeZ6zDC30l58HNMA0l5VATQ4W2aRJCuxBBQW+9Y=,28691.0
consensus_latency,8jddaY3uy1WHQiiV7lyQza344MMoN+Wn8VkH+l6Yu1g=,28691.0
consensus_latency,9QFkG0HYRl3NGHS5PDh4/0jW5p304RKZQ4O0hzBtl5o=,28691.0
consensus_latency,9tPXftEGqKD1ZY2s3GH0QFl6geh6PhWNlmYuqC4MPqw=,28691.0
consensus_latency,+dbdWsN+CP4ONVIFc4B0yKwTJMklJa7dVg85N8rmwXg=,28691.0
consensus_latency,/9NSkaF+Dl3tiyPCJPbG07MCtpCyfmhQcEznGoOhxxI=,28691.0
consensus_latency,BGhO5SM/NZXXebJ0aYa4yHz4iTK9r+xt/nHgICF2luU=,28666.0
consensus_latency,FRop5KJoyQhP6cYzmwFKBdZCrjlZWgwuf5WVXfiIKkY=,28666.0
consensus_latency,H61kF4WnOeo+PFgI+NTUOXMxltpRdBgRa2KuDggXZt8=,28666.0
consensus_latency,MHTNj5UDbPpFom37lOljh4zwSCpXRtt9DECnwIpRElA=,28666.0
consensus_latency,T50cvdj/7PIBHCL0h0VFVC77TF8tYsIBx2LHMyocZ2Q=,28666.0
consensus_latency,VW2Nj/OoXCm3CLyB/Gr5DM/c52tQ2e0DjZnCUBG2Tlo=,28666.0
consensus_latency,YObsZ1BOtfJpjGItDH2Ukyq2CiqQzmw03ikhG3ooo4U=,28666.0
consensus_latency,ZGmpFPWZ3OLR24oMlttwVBiird0O9PHeSYQ5BViixiQ=,28666.0
consensus_latency,ieeBuIlo8Cv95O34Ckp98WVJndM8Hfg/pbIhUX5H0VM=,28666.0
consensus_latency,nVY61Kom2upI/+aQJJTVNdlzzxfbXKSilYzZmo1PqPE=,28666.0
consensus_latency,pjOE0smZdhNzz7vjjGqzwg35Ii/f/DbA8akHkFXD6P4=,28666.0
consensus_latency,xbRzg1GG2yYGh6QGc1ePDxGga0mU68kv6ATFprptBv4=,28666.0
consensus_latency,32bnMPdsofpuDph+mgakP+14QxWQipx1DhH2xidOrOY=,28666.0
consensus_latency,+Wy8GEGNNLbL0COxmxoJQbBEApzXYHv3cAyuWAqp6vs=,28666.0
consensus_latency,AEdQgc3yGY9ojkLcqmrUZ+yxH5YS3+QjphVBk18SVx8=,28692.0
consensus_latency,Bp5UT3vtpLasfftxcjVluVEpXiPfkzeLj6x4q5Hos2A=,28692.0
consensus_latency,BsqtEdq0j2VnMW18QDr1EfdLQYQreAdN13WsTSWEaZk=,28692.0
consensus_latency,CGgpBw2v4ePl0rebw31pNbUTPnRPHyivDKcTnC58Xro=,28692.0
consensus_latency,CzyKoS0QFNULqqOxnIeNuF1hp3LFxdHMAQ1KT/cD8RE=,28692.0
consensus_latency,DUZuqycnPJUxuXMCnvIA7sVoYqIk9N3344Q7a8m6v/8=,28692.0
consensus_latency,D7mGyzwQ3VDFbf2YE/xgaPySJbJlU4gb/3dGjCk2lRc=,28692.0
consensus_latency,E4hAczkXUHMGgVObR+FTi9RsMgW7bXqaRDoPrjsqPUs=,28692.0
consensus_latency,FZmwfGUNeETmQbTVTqQhaLrLRxQJZlvavyL0+ptqNkI=,28692.0
consensus_latency,G+BQ1xpkVLHiLzjrlKVCeF+woa+f1Wchq68EhfClynw=,28692.0
consensus_latency,HjibZlExY3NV5S4dMks0yaYs+2wgE1qfg7d2yLN6BBc=,28692.0
consensus_latency,IHbHUk4hZ9W7+p3w5EMVDuYegWeRJaQm6O+tZyWRkAQ=,28692.0
consensus_latency,IUZ5trx1BBKe9Bf0rcjbFZUqR7IRz49IBdDB8iBNCOY=,28692.0
consensus_latency,I0WkphEc1XVl2ZPC5V3r2Ko5oU6JziDzNtWiYDlSVVk=,28692.0
consensus_latency,JIGnppBRMvjZGaDifP/7xXfRUM6vYg5otaahKh3WsWo=,28692.0
consensus_latency,JUX9suPUBIHcqWQGeEgS2EMjZyAiQXM3hQKPZQzG42Y=,28692.0
consensus_latency,Kqlrfb3iY9UtuNqGLhROEiQr7puTgIWYbEup6aSE6Ig=,28692.0
consensus_latency,MLGvslNMz3b+r+k6t3un+GWcx4hVnFw4QmU6Vv+go3U=,28692.0
consensus_latency,QrfnAiP9CW0/cL1QEyC5YrG37uA9sqsiTAEBkY+FrAA=,28692.0
consensus_latency,SYqpOrWCMI7wNuzCve51EX0O5UaTb4lPgNfv/V+QszA=,28692.0
consensus_latency,SbOVCaUzqvz15ow2UBmQip5uGVQ805PTjOkeaMJztCk=,28692.0
consensus_latency,UhA8FoFzA36qYHTz4VPntw8dNU41N1q/vjF+cCa6Ff0=,28692.0
consensus_latency,VzA3ZCM/9/ZOBs/l1B65Kaq6XqS3fTLD0bZbRdhbLgI=,28692.0
consensus_latency,XzIvTaKyB7tLV6vOznElfQT7DlRlXuB2rNIqFBYuBGg=,28692.0
consensus_latency,YfVHAPVZ7f2Nwdg0I69/Em9yIUHwpTr4ed7BQZETbpk=,28692.0
consensus_latency,Zz34PHNPU6ry6lzzmmIrZCrO5ot0taMlsRBhFSuiDj4=,28692.0
consensus_latency,aFWNx1zN/6CuKEXywK7m6cWse7ysdE5uVnren3RYGYc=,28692.0
consensus_latency,arbXY16dD33nLwpAxuiOIxfNo209pC4pAVoTdvBxIus=,28692.0
consensus_latency,briu1PEwfSRNhPVFifb7k3RGDZN40jyAZrmk0X9zlP8=,28692.0
consensus_latency,cLSc4QAcBSf1jaRCRZJjkxl85SFsywVRQsWeNupPj+Y=,28692.0
consensus_latency,cxddNZ9OKBBHTHDiSK+GTZaXVrOAGHmEiUStmwotyl0=,28692.0
consensus_latency,emqR/LLBX+A66uatC2nh3cOd8ZXWYZ+blh8oTXzCXso=,28692.0
consensus_latency,fqdy+1vGJRXxHh59+5Vht+TyHHrAXKfbI6DuCcRfexI=,28692.0
consensus_latency,ftlRH0EfaZQOfZwGlUMllCdZNfGMYIOQKH664dxWsMc=,28692.0
consensus_latency,gErx5nc0T3Ox1VGlkLERYedesxOsrU1mB1XMOihdv5A=,28692.0
consensus_latency,gbqixbz3mlM9M2S2k2aqWanPIUSCmVIOayUwIKyzGk4=,28692.0
consensus_latency,gxAaAm+sbOK37N5+Z5AwTf2rWD74eyKllfYC23F36Mk=,28692.0
consensus_latency,g05pVoUCOap6UfRSdjyANNceQ4N1yy5yu5oj4tJ0C7w=,28692.0
consensus_latency,g1GX/ITycFwC0XMfZJmSDjfRXsTN21qjTfg+Ghm6sKs=,28692.0
consensus_latency,hFzlzs+nXEqIjkTbBD6QNIRwtM7vOi9Z2Fh5cU+E+yY=,28692.0
consensus_latency,iwT9RpgfikIZpnIsiavjmIjo6SBJx63WdzdwaK4UedA=,28692.0
consensus_latency,i95XUiziZHLmz6YySQeu2QqsY8Vfy0dtR05TL2hZlEc=,28692.0
consensus_latency,jNdjPebery83KHMTLcVwyMjcwqReTM1nMbgqkiE4Bb8=,28692.0
consensus_latency,lHBen43nRa9OJFhY3aJxwLuiF0NJfby/lgkGt28xbY0=,28692.0
consensus_latency,lQscdbbyi+FZbtEoWZsfXC/DoScf299BRcEHwNwV7kE=,28692.0
consensus_latency,lYIhqCMsPWKJPBf0IWNDCbNPoS5fBsetrb5LsjQ3L2M=,28692.0
consensus_latency,mE5rkuEWjUGSN9ZPd2QUPYxVaGh4/7jLzS7NOUOYpL0=,28692.0
consensus_latency,nwlE0AzpL6uZnbW5zWyCDprUA5oNN0RUc62roAUCq/c=,28692.0
consensus_latency,oq50MHfvab3gDK8+aHQg4AAlG7Enm5YrdaRbPl8oBCA=,28692.0
consensus_latency,q1C0OWl8T0AY/1UihpSRotFbaq/4UqpkrUUYGGXE7Ns=,28692.0
consensus_latency,rIS6yfaAxFWHMqA2552JPo1O16ktjBzfh5Cazwj/8II=,28692.0
consensus_latency,t0iPVDdtWPHqdwIstJPvs3UHXk/EJvaoqM0RVegNi0I=,28692.0
consensus_latency,vOzZFSb3mm/iYEsa/cVEB/hG7hqzeqWv9Jl31cTiS/8=,28692.0
consensus_latency,wEpdCmsUQp7SgOfDUnzgLCllzIacjlqiRlSfuQmTvTc=,28692.0
consensus_latency,wX4eZ9WNNLSasdJda5/DUaQ9t6gbUMJL5dTHEqVeD60=,28692.0
consensus_latency,wdfTTsptNc/4496+GdXojpAa/+ebaBWdpbCwIx2/XYg=,28692.0
consensus_latency,wmr56AXoYipE5BU+zsax807icia7rzDQ53uDDlP7Z4o=,28692.0
consensus_latency,w2cpLAa26MAlLZf61PZbV1JXuzK4gc/LFhSXKUiqQj8=,28692.0
consensus_latency,xdsffVrP4AiWysKwo/iqhWecgBomAIRk7/WSxyEdWkk=,28692.0
consensus_latency,xoi3+Nw4v5YKhclKHXfSIE7f3F+8r+skf5tV8aFADd0=,28692.0
consensus_latency,yjITwneb08q7bMTakK2H8NWbXSCCmcWoYry+m2q1lIY=,28692.0
consensus_latency,yj/zX6quoft+nsgtFpMjsizyRxoABC3c9+x7RGJ84PE=,28692.0
consensus_latency,28n6aGCISuD2KBmqWHm37tw8pw4RFUUUW0pVWaljpT8=,28692.0
consensus_latency,3Yj9S1ishVGkjBOotYRykvwxQ8S9IXgHUMGoVrd2X5Q=,28692.0
consensus_latency,3l7ASOuiyZ18AEdLbzI8DZ60X6hxSjYt7Y601BtnILw=,28692.0
consensus_latency,4c6XA1OF3muYP0U1n2CYTTxlB9lpQMiCHruVa9dWlEM=,28692.0
consensus_latency,5lA4lcWJrclC/zZqULtNqdN/LPV1DIYIIisTj53RIrA=,28692.0
consensus_latency,56dUcnnxD/Ye0Kch13s5Zrs++6iiatKPMXzD9eCjqRo=,28692.0
consensus_latency,59cIG1d20+dxw0FnhXF1Nl9JwRwbKjxbsCScPpBHGd4=,28692.0
consensus_latency,7ozIvktnQc2VuzFma+Bp3i8yTcheQbeLHc3HBqX8OPs=,28692.0
consensus_latency,9eDnv6xkTtaiXCbirDFY0IvPeR4d1GVnHZSiO8VB4eU=,28692.0
consensus_latency,9eJv9ONb9QUDwBNR6jc8TI9AqjBqac2oxIiy+gQQMFA=,28692.0
consensus_latency,/j+GDft9c2Y9m6o7LhQ4VO3N5gxahq/qVAt17q8QSZI=,28692.0
consensus_latency,/vMTuhm9kwl4+VY9BJsMfzuO9SytfzVS5E90h2TOKSs=,28692.0
consensus_latency,/0fHysYjT8QFoBXiaJVpehXJmx7c5ABgxR/F+IcX6+8=,28692.0
consensus_latency,Fsa4Nr+kHl09PFXEkxRoIq5MyBBWdwQPJfDOFG0EWCc=,28002.0
consensus_latency,5VIkJQ5qzY1LHDr9qj8AOPw/D1CTNThmYie4jDYJx5k=,28002.0
consensus_latency,JG5tBJwg3F/MOoK/NzIgWzGQ4Fg22nXUStjTBz6dGho=,28000.0
consensus_latency,SofoxpIkDoW+NK7LxonILi3WU8Xx1pMojzUaoiX0Kjg=,28000.0
consensus_latency,6sSWDrqNFn+vZbq/pTBjoGVM1qJGa7veRqHuq+hdUuQ=,28000.0
consensus_latency,Jr5lAl1nXPv5gsVblqJY2Zqn5a0DJc1VrIh/BQQbtDQ=,27950.0
consensus_latency,JwkHEBcSw2l8lJvp6JkSL25qcFrixG0Q3LiUg6I70To=,27950.0
consensus_latency,J8NWRP7+nFYDip3O4UMo5mKacWx7H/aVt1mZecoQxoA=,27950.0
consensus_latency,KJkHgxiZepaPhTXIem9Bkz5pJPta6ByhiwcQRmNwePM=,27950.0
consensus_latency,OJu+xaggEdtgsyLrQh0smZJMwnm8Q97ktQPDuLWr/+A=,27950.0
consensus_latency,UfP2Mwi4njlfJij8zn9ftIel5BU0rGJBnlTji+whzuA=,27950.0
consensus_latency,Y9ia98Uqg2MyUqnzjCx1hDsLbws9livr1jSO5xu+iMc=,27950.0
consensus_latency,ZCl63cJeHSbwBGw3KFJdUXPugfEGtSLGV3QLmI5CRzg=,27950.0
consensus_latency,fz+RXnzIGIYu7qFMuxWDTIimoBvt9cg4EuTI0FOUyag=,27950.0
consensus_latency,m9IHngVsjHbW9BlVAgcqeLmKrZ0ZeqjQtWrpBXWjitM=,27950.0
consensus_latency,nI5wdMw+s0HBOXmovFJMglS4QcC1/9g4DyMuyuiOUHM=,27950.0
consensus_latency,nmmnYXhFIMYkDlLsggVSYEkoM8fiXaEyMYAKHUamfzU=,27950.0
consensus_latency,rRxD033+fncaCoSReCjoyL8+IKctFHp26oLUFnto6xs=,27950.0
consensus_latency,sEKfpjcg/8uBw1eerSFBZvYf/OYyKRHABqFrivNtTXY=,27950.0
consensus_latency,w8LBV0vSGBN/fTqdOKmh6IOjv1x8R45U3EPInRHH1bE=,27950.0
consensus_latency,xEuw6Hokq4pHAOx4dNE1AA4A8j8x8kTP1Tc8MDsqTVg=,27950.0
consensus_latency,08QTQ/3wl3ON5qkApyJNrDVyo/0vJ9pc9CcrqbSpN9w=,27950.0
consensus_latency,3s4RhCoQ6OL5Wp9ZzIJLjCReG2TFq+XKIA2IoGcHkBA=,27949.0
consensus_latency,6gbCpmd3nHEg8Fn0+ajW+oesO5W3iIzHI5/8M4v0bQk=,27949.0
consensus_latency,7hfvIcpGz8oCENoMFBHTxjmqAK85Ot3PlRICyHp3pEo=,27949.0
consensus_latency,PLfM6wvg9hN1KjBWCJiD7jxt29p3dHf9Wa5Zv0gG1YA=,27950.0
consensus_latency,QgXtg7Wm1P6iH1pXdA2NqyCEdD0rPCayN9a54tKq0bU=,27950.0
consensus_latency,R5bNv1fNCJoGAfD7LMAcpM1iPzL64z+VXcjfuzi8JAY=,27950.0
consensus_latency,YbLWWsJS0BQcM+bG/sB6D7IVQ8caVXtkTbCxXptZkQA=,27950.0
consensus_latency,cbeDKkz+SzCOcGVstr7zz4n7ED8wVQljS/PZ0DnPDP8=,27950.0
consensus_latency,eSnP7X9moJ1ExifKmSEmjM8EErRGIWFldcX1mSlLvSw=,27950.0
consensus_latency,gRaD/AJ7GaxixVdqnx7A1fLw/2aygmtZvzL318C+PWk=,27950.0
consensus_latency,luWgTLAxoNBaOO+68rhcbgeFDhFuAgbLHUNKb2KFPlI=,27950.0
consensus_latency,osTJjf3nPYIXd3mgTwd2APFuGtR4h0P1j/u5ke/Oy68=,27950.0
consensus_latency,sD+tcamdVLk3lHqJQ3fULxHjLMLqBJYRHaS6HXU+7cg=,27950.0
consensus_latency,s/g24JNnSZoKWDv5pTQtoE8UG2pD88RMk7IW9tTUpYk=,27950.0
consensus_latency,ztnZtb3hKrZEGjHG2dFlbIMzgcNVdivzGrxkc1iAsP0=,27950.0
consensus_latency,3hUfO0Y72K/LWY/MjywPgJfgWB53jrylHXRA6zBkDLY=,27950.0
consensus_latency,3zq+2g3lYGKL/o0mgeq1xe+FB6IoBJM7Zj3yFnTM5JU=,27950.0
consensus_latency,/bA0ebU0CbAOF0TxxD8eSl9EI2JsfAhORtMo/YL/7L0=,27950.0
consensus_latency,ARxIR6tos9KNz1nGHC3y+RZ8k4EgCRGOMAx/ajcJ9kg=,27949.0
consensus_latency,AVUAegJ+0u8m5PgfYBD+ut4vaW3Bt/KYNd1DGIXgoaY=,27949.0
consensus_latency,E8DAHso+PwbFVTwyM9f2Oqz2EySHvzIca6qWoFvnXzc=,27949.0
consensus_latency,Fb9/QDX3q2ebkvOr18675tJ2QLSN/3EiQdjefezFvRQ=,27949.0
consensus_latency,G5IyqnYiLIgb1GRqy3F/5hVEM36z4nwp4jz4NSi0VMQ=,27949.0
consensus_latency,G+xh7g/qVT11UUS7Qxn5iRKO0xi8ZL09pxh6Xu6bCoQ=,27949.0
consensus_latency,MNt6fmpG91is79UzB52Kv84y+p+qWvONC4A8YS8jUmg=,27949.0
consensus_latency,QjTZj2+a8M/HAirVxEynVGOTRt3p39vI/smqcsgYcfg=,27949.0
consensus_latency,RIRKdQnalAW0LPF6R781HdqNV0/ZE4kDvvLe1S6ImxE=,27949.0
consensus_latency,VrdTIY/4uBK40Lo0UaF/4O/NuGB2UaKF71BX9cG9SnU=,27949.0
consensus_latency,XQZ5uPWNGZPO6T+3UZb4NzoZkc2MbLLmzDHkt9OcOiI=,27949.0
consensus_latency,Z7uVOXVRnd6bdXr8FhzCgMH//Mk5c4ZRYqvmT7C6vG4=,27949.0
consensus_latency,ba4Tu7RLgMr0PGpBME2RB+MNMSacx9d0M2jR+iIMQNs=,27949.0
consensus_latency,b3FU1Wg+12eAg9QYVc/GeQDaMO+LiGsWetabFIWm3ig=,27949.0
consensus_latency,cIW3mZaCOg0NZ1LaRbx8JwPTwvCSZiBu72YU8oJde9M=,27949.0
consensus_latency,eeOvU5VrtCoX4eZKCFnmWApqIW7EtXN/iLKgQMF6cPc=,27949.0
consensus_latency,pPN1mxxqf6sFKWfkxGWa0c7u/514TXtR6eD2hJtPBfk=,27949.0
consensus_latency,zxCEGk4K9e80SHmFMPvDyNfWyCuxtjEywhLU1mQ8p18=,27949.0
consensus_latency,3e/a69l9PgdDwUdgNgXWZNVNUNVeH+s/hXcynyO66qE=,27949.0
consensus_latency,+K+k/s4WovR/4TVO0oQ/+sq9Z7C4Q4CkisMCnOuH2+4=,27949.0
consensus_latency,THlY4sCMv3Y6oQC7CJ5sBUr9AhV37r9XTpbkl4V3b98=,27884.0
consensus_latency,ud1zhshAz8js1v9HGsmsrZBfihwc60//zlNSTzTd9KY=,27884.0
consensus_latency,BqoOYwr86C4xE7OI4TFwHJKEVNO24QfcEtxjJlpYuDM=,22184.0
consensus_latency,DiXyavBloKLWZTSjmuK2wdH8Nc7dkK236Fa8Bj7Y3Xc=,22169.0
consensus_latency,EKTBinaeb/UcCXhQxKRTWVT2tNhkw0dW5Wa1fsYTvvA=,22169.0
consensus_latency,Ofez8td52z0vq0xn1CoLzLGjmEVAMGMBwq444t5y3Uc=,22169.0
consensus_latency,eMQTd9EF//Qv/5P2d2/6MHrqmGsBAUuTcM7TZ5ubDXc=,22169.0
consensus_latency,ePX2qma7G6Y+Gg5KNoMdak0vkIGFSMm6aVBYa8HpoVM=,22169.0
consensus_latency,hmFA3jrMFY10s4SMo626e6/37j1oEV99wPvAmB+0v7U=,22169.0
consensus_latency,mu9HKbG9GPBDalxCHDfU6eZRFm+AJuYbgprvLx5Nl1w=,22169.0
consensus_latency,tVk00bDq9s/Yv0oEV3o7JpNyKSmrlXZzuTz0ldFnoZc=,22169.0
consensus_latency,tmv5qu923f9SBwceDAvOz+1vwDpIzHyMX3TA9QKQRcw=,22169.0
consensus_latency,0MEeP4eWM+php1aF9DWxoew/ap1oJ/sntdiMRshu50U=,22169.0
consensus_latency,3KzAGNVZ12+v6cdCLdIKmVrsehLeh6SiYn2OHpsP3tY=,22169.0
consensus_latency,4CVb/SJ9se0Jru5gJ05iADuEvjX5ybm9KEcjhw8wR/c=,22169.0
consensus_latency,/eBIJme895WjRpvjSIqoU0aeU2o4GLD2BxuTqEED3Dc=,22169.0
consensus_latency,ASxk4Axx9H9ghH5QgMEzRm/ijqyb2qkCoPiSei5po0U=,22185.0
consensus_latency,BqXe2BE1h6pne3XK294TKl+v1Hsgs4w4J2spzLp48rQ=,22185.0
consensus_latency,C8aBed7iO0GfliZ/aJRM9GG+0GBnhrPp3GgM6uVwBr8=,22185.0
consensus_latency,HyFd1vxj8nsY/RRdapTNVdRbWtdZLtoePG2OP5bovoI=,22185.0
consensus_latency,H10e4MUjkjZor8pHVwpWLcDB+6/zWx7lrTWXjzzCMmY=,22185.0
consensus_latency,IVN47uGYYg8MeDCut0f64OmPhHtiVjsKNFifqPr15xo=,22185.0
consensus_latency,PVyl3i3HCz45B1xvVtbjrAoHuYnR8vvfW4/LZMmx64A=,22185.0
consensus_latency,VD5elD5gs+2y66XO9aieL8a7DVbPbhi6F1afKyYs480=,22185.0
consensus_latency,hDJyxjt+c72xpUaUkqMZ7KftwaiDmxsYTMazb028Ss8=,22185.0
consensus_latency,jBEyb/vT8d6t9h465nUx4IhofT57LOlKrmudaRBvfB8=,22185.0
consensus_latency,nwpiO8WEEkZboetOxuO5anr1KmsxijGSRV9SdtL+Ecs=,22185.0
consensus_latency,x0VcVNGk+oSSay4Yt5JVOvmL7mjKhE5FQTJsTtpg+wc=,22185.0
consensus_latency,3eNa/U/TskmOhEJigv48EVR7XWnUzsA285MAjs4W1y8=,22185.0
consensus_latency,7wrDWzutM+zUSMzEQ8LMk2cXhbszoPlqslyLEQc8Ka4=,22185.0
consensus_latency,+7YAcRaYQbYgQphOoFjwYGQGUwiHWo1T025o3TYKuKc=,22185.0
consensus_latency,BAHMbms+quc1lU2WehtsC/USWFHvdClmRkz3c64tiYk=,22133.0
consensus_latency,KrWPlSgapB00BDJFxgDQJ7M3JU3m+xAFTjt4FPx4D2U=,22133.0
consensus_latency,S02NmCFCkRW2oAE2cLmlU9gHqOVXWkJihAYbPlm5gnE=,22133.0
consensus_latency,S17Dq1QQPYXBRRpUIwfDMY4vya0C+dh4yFax5DQ0yOw=,22133.0
consensus_latency,TgvHp0HN1GAqRvvajSISfS7UZWlofzS8ptL0WQwtF7g=,22133.0
consensus_latency,TlCMtGcl+jhAzd1Yjx6+73qHc+yL/GKXjq53UM/BDTA=,22133.0
consensus_latency,Xbo+B0ONZjkT/IJI2KSA5Xa4z22p34QaywEI/aLim9I=,22133.0
consensus_latency,eJZOGBvI12DcdBnSqVEUTsu2AYdelWRuNLMN+JmdilU=,22133.0
consensus_latency,ildr0a5fZ/1iMWgwtrG5gKXwaL3dcPhVNpSwOeyo3iQ=,22133.0
consensus_latency,oowG5Z8vmIUEZHMShLCmu23szVN4cpJGvunj6ld6yZ8=,22133.0
consensus_latency,qP9jjU7GQNV6/yqI88UU8phTUMpdjTlPS6B8JsAJ1Bw=,22133.0
consensus_latency,uCnasM0pwSpbfa6pLjZpOejnF4ifSMI+L7S132Q6Y+U=,22133.0
consensus_latency,02MTww6h7NWPMR8l16e8lJcDnqFFTEb4P1s5XqC8yYM=,22133.0
consensus_latency,4YK8myaEkV7rlaG5nVWaZ/PBfnweow2oCYvrgHvEBhQ=,22133.0
consensus_latency,7HDSJEvtN79+JWvLI/6Em6602SYXxNAWM96Ysm7t5ng=,22134.0
consensus_latency,FrBnP3q6WO7R/Uwf2SZRPiTBmGGywniUrcqzTe8sCLY=,22133.0
consensus_latency,GT+GkLqKh8CGZu/FiCuk+Oy4JT4rR67MGEjT4+mzPF0=,22133.0
consensus_latency,IxZAsXrg7VjOzaGWROAlX4iERzy1nrQPFtTVxh74y3s=,22133.0
consensus_latency,N1ByQAnZ0Txr81pvED1PdxCYpNxxm/kdxHCsImsVOmg=,22133.0
consensus_latency,OfCxGvv/I+NFg1lk3tI89ef3hBExxyUkekeUZJOzmj0=,22133.0
consensus_latency,SWFxvPIU2gNUE/N20SVx0KK0nXZ/UvHFJjen8jfWQmA=,22133.0
consensus_latency,WTMqVO8/Gp08PPxMUtEKNxt/pgmu/isYSl0mrudyOHc=,22133.0
consensus_latency,aLRQJ4woWBsl5unoVh7ppZLfyVL7Qo41smEmPzcP1Ug=,22133.0
consensus_latency,f1PidO1FWP5p0UXC1+V27Gzvl+PNnlRt0Y4ao/3Wm/c=,22133.0
consensus_latency,gLiGmeGgpPBAMHxbnTS2jIaYO0OuwZw06JTqH+QBIvM=,22133.0
consensus_latency,hulhmWd/OPrYJDdh/NrUJFxGg0TymBXNYkVRrmd5nvI=,22133.0
consensus_latency,iqBDJjDgEbK3f2/A0LyTVOKdEDtV7HIMn/1gktCEZsM=,22133.0
consensus_latency,osplqVyEn3rHnqdbMLk39BeIcNC36ZD1eMNuseFNhms=,22133.0
consensus_latency,pSeaoaT6+/hoJ/odh+hZMrf7Uncgypcw1KUJnuruLLY=,22133.0
consensus_latency,s0JYf4YsAkAjS4bpcMMyqYLvSgUC8KqDK35t2axbiJE=,22133.0
consensus_latency,zUwE8lcMLu7d59IpWzl+n4K1IG+gvgiUlRuRzx7nfh4=,22133.0
consensus_latency,2PkuOBFjfoZv+UfK8MGqz07PUzIi3ZA2eks4yq/Rm80=,22133.0
consensus_latency,5StPDt+kAkf99nP2BKbP2mYVPh6J0yLMUD3m+ItEtkQ=,22133.0
consensus_latency,FSxny/FterT5oFyP4VMubYXPDepnfbyE6pRdKrer9u0=,22185.0
consensus_latency,MiixiG527qlQFhCallRxdapDJ2NYjcgdnaLNx87jMvw=,22185.0
consensus_latency,Mqw7U0/R43uA/am9zmN/s1B2Z6NJZeSc12KlNBlUOAs=,22185.0
consensus_latency,M/qJ4zDejhPZQ7rgy4lEUknC6cLuQ6ePX7suRMEzgWw=,22185.0
consensus_latency,VhRjLxHQ8Ar1vfz/MPrbBy42CW5qK88Up4fBwPN8eAU=,22185.0
consensus_latency,Z6sb+zZa+bJLF/Z5rQFvotA+/1zxvT5ldlozNfJzeps=,22185.0
consensus_latency,aOf0MMwVIGOo8SXi3eJ0S0HzPinooo57LyTqjoobr8Y=,22185.0
consensus_latency,cnv3y4InxjiTFzObFPAlJAL1pfSa8OZXGcLINrS3iKw=,22185.0
consensus_latency,qyp/b08NZhUjXsb72Z9b/iXKuxyjbIvZZc+n0QP51fM=,22185.0
consensus_latency,xt7h1xEBuWIgWVA1g1IU6zRuFqh8wqEdx8DjpCA1b58=,22185.0
consensus_latency,AwBi5LuE0OO8/U2fQzJJze//bB+y+D2q1MMvt5GBP50=,21923.0
consensus_latency,IXgAJd8biEL06hfRPxZ1YK/SW1t20Qgr3oL/UFKQRrU=,21923.0
consensus_latency,I/fQibvHWnWHhhCoTbPd6BTJJR88eovQQX9utISw1Cs=,21923.0
consensus_latency,Kwzhb8Pdj61/yfNpUWQ0y823LIavUCbuHMGP9xgDXCI=,21923.0
consensus_latency,OCYLtfTAu/nmucfNlP7Ov2467Z6Mrah9SiGR4ve3ygs=,21923.0
consensus_latency,ReKYMS7dV7NmMjA6g9z5HSGgrEYcz/NTX7DGm3gUSlc=,21923.0
consensus_latency,Y4XdaxER6hieHl4qXVvWRnXpSyAttnoQpONrRV3xfog=,21923.0
consensus_latency,eooqNioc2G7Fw1v7Pslh3MmpQ6MnCVK4TCEv0irBE+Y=,21923.0
consensus_latency,gml932ITnsRx1Q+Z9d1B0UcKFl8c0j9hEKIfF35i7pE=,21923.0
consensus_latency,i5x56j73p+fyS/OIFQhItQbQKRWbHEUhhxDyuU4fkLw=,21923.0
consensus_latency,jLI5sqMcAtCqox4erqT4DoUpMxDCbKc1mQGWkFWqYbg=,21923.0
consensus_latency,q9TARMcyC3B25BNsn0v5lhQ8BgOXjcXiBPeRpXL5xFg=,21923.0
consensus_latency,yMdknCANFO5FO/eInYUJS9lubmmjeoWFyfvlubKycdw=,21923.0
consensus_latency,4dLzrBRnSKshTMdZJx/+h6Oo8ojspZKTsmrEbTAIohE=,21923.0
consensus_latency,5F+PuT+pbTIQM3lpPl9juXh6RS79v7CrBRX65e5CeRs=,21923.0
consensus_latency,5WG0Hwig85x16tR7LJGArtgzEvnCZyJSlGn4RLNiih0=,21923.0
consensus_latency,8E+3OhcUY66/x0daRC5zb++tBoO9n6jMUYBvqOUmy/w=,21923.0
consensus_latency,BndGHikNiKhyqq0pnvVVaFlTmz8YaPZK3pkZhnf+ToM=,21975.0
consensus_latency,BzQWcpdOU7fykfrTWJ6spFSb+OQpKWOw5UIMdPlPgig=,21975.0
consensus_latency,htKrEx9JnZeivVu6RBdMqy+UQZ8VEAuuC2gzqnC2mf0=,21975.0
consensus_latency,xwQ504vAGU3JpWtc2mXZeXfhbjFednYRHcpsCg3nJHY=,21975.0
consensus_latency,AjkmzRHeBst+6EBs7pTE4zupJU1UPf0ijX63jDtpCPc=,21976.0
consensus_latency,P8oVBHn5wMzfEr/X8v94YhbwuHbUvEXrkZoO1kz8/No=,21976.0
consensus_latency,TGnoVGAkUTQ0JuTA9qKnqvhhY/iauXwB5qTZiQkf5nU=,21976.0
consensus_latency,WR04R34DPz58RYlEPk1jIdiC4kFnX8gUVTNAHAZRIvs=,21976.0
consensus_latency,bBl7P+ocYWDYeaL4EP3iPAPfHXnifY1axO6KHtQWAPM=,21976.0
consensus_latency,fILqsbk3VQrAGnecfbus7c6f9EikUPOInbvJhZsi0Tc=,21976.0
consensus_latency,rml6hALVonKGqHFRRG3XunRKFeBe6JdDLvgUvKllIgA=,21976.0
consensus_latency,uhCBTaeU2LGQk3EtFBW6HtQdxEeVeUSQQeHQMnw2gMw=,21976.0
consensus_latency,1kPCW4o0qEktbcPn/tJlD3b+uc5aVzewVdw1RcL0iDU=,21976.0
consensus_latency,Aqe/b/q53te7aAQapsZrmX1DrXNbebJBo8fw4rsgKDk=,15031.0
consensus_latency,CNS9zULv1roEpTW1fvoRkaJ+Ys0YkXkUIGI73apfl68=,15031.0
consensus_latency,CZOdMwEP5vyTEvilnXTX95U6khHYjnfMNslSnHw5e9c=,15031.0
consensus_latency,FRC4I2pC3WCyYEjCey+kNvWr2mREGcA6aOhpouqyY7w=,15031.0
consensus_latency,Ggw8Q9wJJ3sPv49BG+//syej0tPyKE3JSEjtp/OvFls=,15031.0
consensus_latency,HSkL0e/51BY6knli6CzmT3BwX26R0Euv7DXg16IEJgU=,15031.0
consensus_latency,JcscLvtswl0LjNyj+fLgiP9a7BOb9QaF3HcJuygn7sc=,15031.0
consensus_latency,KOrciSVt9Pyr7hNQpTRheyLkCYN1ploutHiMbRGuOmU=,15031.0
consensus_latency,R5CzVC1hwB4povUlS89ybBqVKYnT6u+8guymDaFnUyA=,15031.0
consensus_latency,T/9AuDS5EaLK+738X1Ewjlg03G4rMRZcJaYmbIrWlB8=,15031.0
consensus_latency,Ym3tek1ItehPUNdx9Spe4WOLq1JlmxOm39/bMWY+LMo=,15031.0
consensus_latency,Y4ZnWUdPDnlpUpU9ti4UtHx5y4s9cyswc/BaGjVPCGY=,15031.0
consensus_latency,ZMyI69RkIbZAXMRWIucXx2Zf6we9yxbiJqzUumwOpiU=,15031.0
consensus_latency,iZ+xDvDafMX8n4kCrpgKYvKEExU7tuot9w+wYbraIuM=,15031.0
consensus_latency,rvsZoFdBg/eKWsVK7/mUQrxHF+zQX5Kfv/7tk8qRW6A=,15031.0
consensus_latency,tJYVpVrvtSZhpUErY3t1ahhsuKq116MHc8BLAcrEAwU=,15031.0
consensus_latency,uQAQx/Nk108Mpjo5ATJWEYhtUScPzZM3zm1RIBxkX9U=,15031.0
consensus_latency,usKmWM6txgjxB/qfVqxmaEwUFpZCLwJ54NTlLmICaok=,15031.0
consensus_latency,uw4wqe2CljpHFENNhdi8d7PM27ZTF0lQfuL5War1beQ=,15031.0
consensus_latency,xc8Qxb30CMG7sBQurG67/2NpDInEPQ+oMbCWwCpHWYg=,15031.0
consensus_latency,y13A/sZUrnyqm+OP19gjWrGw5Q14r9eH3W8SfSjxUbQ=,15031.0
consensus_latency,y9XNLWkpieaq0FF2TNOCkjLx1oeEGk96l0SWPM+MRvg=,15031.0
consensus_latency,0ETyrNzinZYoqks8OhGuvFg08EdV1uTUUyJ5nUwX+tE=,15031.0
consensus_latency,4ASwn2rlR0YSq+W7LK63Ll52+euZ3sixGvKol7DXYEQ=,15031.0
consensus_latency,8qGytd40o1Vs406GbUgoCBd/UfgcdRYu2v6d0hChjNE=,15031.0
consensus_latency,B9LDThjkH94J484BxCz9YoZglbmYNAxC6mzjLlUgvVU=,15055.0
consensus_latency,CJ6+TFXRmC3Hku//4JsHFpCRA6mCISbboAm7F1VwASw=,15055.0
consensus_latency,CW3Rmu+5sBRB0XtVVhUd32gk+qhvZlAE50PJ2UyZrJU=,15055.0
consensus_latency,Dazx0iP6t68EV0czaQgD3Qiz79s2fkmpqhB6c0TaWEE=,15055.0
consensus_latency,Dhn1LOzyKKfelmsM1grtYVSq7UEqibxHOwYMwLPOxHg=,15055.0
consensus_latency,ErlnbRiZp3wP9Gd6x31EAc/KfDtnHo5J4655MQ1jsC4=,15055.0
consensus_latency,E4LtU5h6J7RbyvGHYNgRPdGb+HEDVLEpTkWUfM7lHBQ=,15055.0
consensus_latency,F2uHTync5+47/ebsd2gVfFVZjHrxyF6fBgXNWedbeHs=,15055.0
consensus_latency,F+Fw6bomRk4l5ckSZicyrQDfQCw6h/fMUVs6R3ruB3E=,15055.0
consensus_latency,GGeX794KLvv3Ydz+Ke7zKhuwGJvpQsknru52/DynLJI=,15055.0
consensus_latency,GwXacfoEg8ajkqo0MER3eqDGVhB550bWebdrc39J8s0=,15055.0
consensus_latency,HV+UY5k9DpdNnp+hIIHOZc9rls+zZa6E5Rf7StohD3E=,15055.0
consensus_latency,HxLVxF3SASsTRaFYCSQzN4nQIh2RP2xgQAuyZS5V2Q8=,15055.0
consensus_latency,IoQD+HTBHr7FRnubDPRU/5M+DFiVsev8sfP05QVE4BA=,15055.0
consensus_latency,JLmLYnC4kQbhKSHGmLqKe73QheiNcmN4WXM7rCMnzoQ=,15055.0
consensus_latency,KW72nwKgbmx3VPUf6szSCOsPAV8rISYTAbmA5VOE8yw=,15055.0
consensus_latency,Kxbza7sNlP1nFoCTn829yk6RjYeoV8iR9Cwooj2YDX0=,15055.0
consensus_latency,K4EjnoowPnSVhfAtJdiWbOm2XPIFqRX5RgBf8rAZWRc=,15055.0
consensus_latency,LGlhEc4C5hWxS7SrN6Rb0jo7rzpKcOCTU/v3GqiiimY=,15055.0
consensus_latency,MnQdT/ssoqcQnKVQYEEj2QOMhD1NwJn+GuWhZmn5Lq4=,15055.0
consensus_latency,My5TohzA0wM+9oeVQ8qemiN6nDH/2biCrJHfKF8CHIA=,15055.0
consensus_latency,NX3DeX5K0FIL2b1BgRjr33/kQgaiEf9iXawl74GLqm0=,15055.0
consensus_latency,NpG7PhJb4chfeqdDYT3xLfR7yR/j1709E6GD/RkD6hY=,15055.0
consensus_latency,OIEzWARUqDzO9dEW3zjnhAQe2ZuEnWGG9i2h3bBWHZc=,15055.0
consensus_latency,PCyVp/6/sNf2faAw3PpkCDryjzXM00jYLI8wmWM0HA0=,15055.0
consensus_latency,PGqBnf94xH2EOfQarlvFewDbYiwSETZOgzQdjo/5tHE=,15055.0
consensus_latency,P/JwvHgdP+P+URa0+isaRypyQ6ZSib86WO185uXHdYo=,15055.0
consensus_latency,QoVGCfbMW1FjT77DnMfTg0Zam4zG7w9o4Lhrr+v4MUY=,15055.0
consensus_latency,RrZOBKXz1QQ8TRS4GK6DzyYPC/+3FVeIS8IasxM+mjo=,15055.0
consensus_latency,SGVVTH4EQvRSFDT+mX2+6IoljYm3utkYTt4hAlRp3z8=,15055.0
consensus_latency,SOVRXTo8pbgjq3kdfwrfFVSoY/KORvoTPkp+uKiNeO4=,15055.0
consensus_latency,SdVj1MXr85SldbcVRrhhScSE6a4oNPU3yxNeBLTb0JA=,15055.0
consensus_latency,TYN4j9FlF8NhiEaxar2b+1qW4604Lv+G3deg2psyaDk=,15055.0
consensus_latency,UOoltO27zBFur0YNILuU+H6Db4bRTkb3Yo4F2gHuyUs=,15055.0
consensus_latency,UTyT4S4T2mqe+gOTutjAmaUhexP1wq7dHKXuNxNiVkg=,15055.0
consensus_latency,UkFRkR6eLLWlhjzj1wGkqOOK+lMvjWfaU/kG5Fy61gA=,15055.0
consensus_latency,VqYg0/9mC96IQ2ryTrbElbzjusStTb4mdv+xv81wIJo=,15055.0
consensus_latency,WBFSnC8AYJiR1hk3PgMgVqfvu/mlIaAFNHQd6DP1Je4=,15055.0
consensus_latency,WPNvUIjGNS2y4/TqThMtzLKdXnmtabl2rviLfoO7lFo=,15055.0
consensus_latency,WWkvAgXc3FPZcuZdGCmiM2x0DAjn9TdIt29BQPz34II=,15055.0
consensus_latency,XmFulIqLWSe9S/ulk+0qKmsZRDiXkjo1luLLXqOo9mY=,15055.0
consensus_latency,Xx0003Yqsi7GghnPnZ7mPpbjZw3mV8NmPdaoSTlu8cA=,15055.0
consensus_latency,Z6u77tGggVo+W5eIelGQEpxJvU+tZm6W3S4bVNIQKaI=,15055.0
consensus_latency,aqnwRUckcRERHYD2jZyJM8b3zN89auakvr5Qe4+zwgM=,15055.0
consensus_latency,boh2ZJii75ArAPi4mnxyzh1l/fO5sRGDA3py/OI5mC8=,15055.0
consensus_latency,cDm1zkEnKlOvENpESwTpikwllPBd9icN0zsgZEHy/3E=,15055.0
consensus_latency,cRFlngPMFtkAISFs06pAaGfEkd2ABrBBVRdyKdJ/h3g=,15055.0
consensus_latency,cceWyhLLztoyxzFY2ULrTrSapN/TD67IAxHLfqcgusQ=,15055.0
consensus_latency,cgsiRQoAILzPCYntUcDXS75fQ4DgMfHcVDmEYaFC5fI=,15055.0
consensus_latency,cyQNiPRGUhIS/LVvc0Y+B87Cb1MmoV/tPiwY4+vrLzg=,15055.0
consensus_latency,dK2LUIIjsYP09vFvlKVqcaZc2FkzIy7320ZABzl863M=,15055.0
consensus_latency,dY9CZ4attAtxaCMMmAT/0Kv1CwOkpPaJ6A1wC/blcvM=,15055.0
consensus_latency,dnHef7NOMwFeMMwh8CKr7KT46+pbmTAcplVGCNXXpo4=,15055.0
consensus_latency,dtHi/J10q+p1FClyvlhpOLljfXuB3YeAxnxcP9ZiE7Y=,15055.0
consensus_latency,elGgVwWHEUHNWuPG/Z8K026wlYXSqpknFBzvh/chS0Y=,15055.0
consensus_latency,e1vEhtqGO3Xz55n8NcLUnjDhqmALO0SuPkt4vTwdmAU=,15055.0
consensus_latency,foWbKAGRRNF1Fa6ASLk3A6VvbiSXEdltytvCjekIm0A=,15055.0
consensus_latency,fv9aFV+cWizQn1GFSAbY/U5S5w8dA+xXkKc5trO7Nys=,15055.0
consensus_latency,gIydVzwgqqq6pfpObUIJQWRS3SsaNCxcCcCvXcsJeBo=,15055.0
consensus_latency,gZj1IvOXr3fc7Ki0HM4Mcn79L0PwSteJmiIRGbuQ/XU=,15055.0
consensus_latency,hk+4Ux+mRpjPfmPbrHenbcKK5K+yGsXNncY4dBIDAXQ=,15055.0
consensus_latency,iCx80UCskFSF/CW0cQ7OWsHHpJQWsUhYiDzWQ00a8xo=,15055.0
consensus_latency,igzAqCuPUBmdYAyN7P/MNPExy93Vs0nMLGtxWl/e8tA=,15055.0
consensus_latency,kCzJfqpBaNlfosanq7CqvB6nMzjadFVDeqDxOGg3wqY=,15055.0
consensus_latency,k4JJlU6PdNIFJvIdeeR5Q81NDpsqYoKJf54Ag+TEbLI=,15055.0
consensus_latency,lq3+zbQ5phskOHrFojT9rB4wyS/exFB2BUXm/SpFH84=,15055.0
consensus_latency,l0BQEN5gYjLsPe3wboOcIXc0ClziXWFpxe/J+mcNxdg=,15055.0
consensus_latency,l/GuScCAp66xgjGXwGbTsElBqgigqXkB/nZdrwBkQAw=,15055.0
consensus_latency,mB6GtsHfJkFiRSGWjzNpNhaweD1tFQHPzxfA98m0708=,15055.0
consensus_latency,mh0bXwU11rOmxUZsSrDUvHBJEJ2vxLZt4kN+8qtNWvY=,15055.0
consensus_latency,mjB3xctktgMwUALzriOHV4VSlX4FYIvCmB/34DdOBQU=,15055.0
consensus_latency,mtPLRZ/WHkeHXqHnsEhmPJvVX8AsUG1xsBqr+GqJVjE=,15055.0
consensus_latency,nrbDCccK9Y/V5T/JgbQMANyVIKSUokisay6qkW13gNw=,15055.0
consensus_latency,qQ1G+p2qrLG2pIihLTxdwAn7P3CJm7il5Dm6Ylfan5k=,15055.0
consensus_latency,qgaCcvBabrBNziNgd23UhZCun2VU7TOapgJfrM0aJGw=,15055.0
consensus_latency,qq+GLSQc2E7c98vS0plB61RWuroG/9E+vcQDFKWPPKo=,15055.0
consensus_latency,q63TASk2B7zieMDi36lIQ3uzgCupAK6ksMVN3khMnRI=,15055.0
consensus_latency,rF06yJP/wN+iGrYrlOT5Q8LWnvOcNDd0MuZWrBocKl0=,15055.0
consensus_latency,s7mIFMu3Q+xRiIidz4zc3iF5DLf7V3IrhrctOp2+KRc=,15055.0
consensus_latency,tU/ZVcia7IBYxgXRIJJuBzrwq8Y7TWPaVDD2BjcRePo=,15055.0
consensus_latency,tj9azhNFkBiEwtAQkMrd49esJFigkRn67zogExAIaVQ=,15055.0
consensus_latency,uJvWg7QA7lcb+q5tUe2MeKfcqXDGWbgsK7MkhzE46uk=,15055.0
consensus_latency,u6HpaHlSWLuxJr3G73BFE9t4WErovrLn00SAYCTN6KU=,15055.0
consensus_latency,vN6+LxAhrq/lV34fp8Z8d5/QMVLDzujiCR5NYgGCaQs=,15055.0
consensus_latency,vbjAuv2HbEFizvVhLlz/BX+IQifGvyvmJYCqbVEhsLE=,15055.0
consensus_latency,wR8ad27XbA/H2ptPZEyewLDLWvllpataxGpDvtpOnC4=,15055.0
consensus_latency,wjHewtlaVis3ZyolbUe28BFwblLsYY78MpkooK8Bno8=,15055.0
consensus_latency,w6z7pWGcsThHBplL+Cbyb8tgocqgc+bprn/8mmL+rgE=,15055.0
consensus_latency,xHTJYNa/xwDTkZcEc4Fl608vuJNVDEoReaW+t+UA6WE=,15055.0
consensus_latency,xudiDPdX7gZ/ORDYuurBd4iPVzlc9sP0g7X8WuNt6ww=,15055.0
consensus_latency,x2YCVKxUyXYiE9AghFUOOdntbx/qrkRi/zem6lwv9Yc=,15055.0
consensus_latency,x74zjBNfF/ttgtHU77n2TekFvfBVYmhqkXttOiV9Fmg=,15055.0
consensus_latency,y4D9wODnODULJCl7Vs0ePS977gqEARuAR65BSAqH5Vc=,15055.0
consensus_latency,zDzZo2B8SFyc/A/GuE0IhS/QriL/sus+WGhqSpNkbrM=,15055.0
consensus_latency,zwmvMiBsIob4ymdX/nYMRSavYxhTL5TyW2tHmmrgKRQ=,15055.0
consensus_latency,0f+cU1MkBX5Gm3MEknIrx7QsjmLa5nyiGf4On7NoKOw=,15055.0
consensus_latency,0hF/5Ke9W4un0KnZKEaAl43k+91cqPdlzGtreXVYSfM=,15055.0
consensus_latency,1Z90FdoFjFZ+0ZKUNjNapoA7VMwLmHhLg/I/hw2I+vk=,15055.0
consensus_latency,2BCRf1X0AJy3JhtDvs81O4vpgooXm21SltlilkrbVkk=,15055.0
consensus_latency,2GW8RyXhnltoROPh0uyKJ/NpMcHAOUetwpPRdXeU6Vg=,15055.0
consensus_latency,3RBRbyA5+1KsbXDripSpRSkPpmWMZLt+Yc9NGhkXgMw=,15055.0
consensus_latency,36Z9gotmteMJJbE404C7/EqAeFa5I1tOSBXejYQsUuw=,15055.0
consensus_latency,4OBP1F/rLiTCEE05y9wURD4OZeLaiUPIeOFc3bSHKrQ=,15055.0
consensus_latency,4SBV4SQHsU8pioiRAnoDfwY6zLkDTmFQ4pfxhc4MeuY=,15055.0
consensus_latency,4bkk6wd43xlJxiipPLV8s3LQ2X8JKOvxpnFzs9WQRrE=,15055.0
consensus_latency,4fgnStBcPyuQDc2pMN9Jk1QIReD0mhgMMersRaAqByA=,15055.0
consensus_latency,49uKf2wOxiC3KMkn1UY6mYw1XA4WDWveYug+nteAMGQ=,15055.0
consensus_latency,5jxDXGZjHC7Bg+RGzbSGHJFj5Ad2a3JRndxXzROJF2E=,15055.0
consensus_latency,5wSrOFcyBGig2sTyTFsRQ5njnCi0iuJ/obJPoAxgskQ=,15055.0
consensus_latency,6v5yAhLn0pxKo9ywFwb6NLGRIk//eyFOlS0yVULGYLY=,15055.0
consensus_latency,7Lgf9ccXjnHy7ZDibuW3AUJ8Z7gtsZIkz/hp1EkWlZs=,15055.0
consensus_latency,7UgzET50+tdWE8l6w0nx78ztf8WnEF1G9AmntdYkAgg=,15055.0
consensus_latency,7ima0P2CVnP6+RdiiJlOFQrRTVIq+5h0UjCYfLxT/Ec=,15055.0
consensus_latency,7zgLJJXtGPe7TJB83fPV1bkc+Ey9Y0HaPojqPhXlr5Q=,15055.0
consensus_latency,7zsNzRP7YjeZzv5a831qN6sg2SQzlT6/cIaMcN8MmuY=,15056.0
consensus_latency,8uwOt8LiksuY5ovH2JdHtkcaUNzy/j1BltVrDCzP80o=,15056.0
consensus_latency,9e2H4svbaz/7JNa/cU6tpTI/cj5JHHGGcrmaP0sCMg4=,15056.0
consensus_latency,+qY3VlZbSEH7spaqjEIY6sJbrJ6Wr5OZj/nf3FsWpxo=,15056.0
consensus_latency,/Ygn6ZsMRK5opihO13N4dxBpgwMXALZS+eiF9ELMneY=,15056.0
consensus_latency,/a3VxAiJCGGLHrltvhFAPa8ym8q/VVf9FBr4GQSKgDc=,15056.0
consensus_latency,/1FmyYGAjO9qFNSNtIsDOVMLG7eNuRvmhuYfyVicPc0=,15056.0
consensus_latency,AJXNhZlt7biG0RuQoSz+uQe0X1Yksl2WQDhrDHmpfI4=,15109.0
consensus_latency,BP1f7snqjRI/OHLU1OE+AJTbG/LkWJg0DuN1br7kc3M=,15109.0
consensus_latency,BeQpz76LNsHPvkc4M0cjRAHizRVZtEz7okgbhalUUUw=,15109.0
consensus_latency,BzKrjx+oM46Mms5TWktmN688S1Ua5NKfQ7XBNR0jWp8=,15109.0
consensus_latency,CWkywMQOp4RPeyVkKbLlqK+gd4/RkQE5yVmLTz37jW0=,15109.0
consensus_latency,CnGUckGrIuUNbkqF3yQ6MhObRJPpd6tz83CpryrVHQ8=,15109.0
consensus_latency,DszKyryAufYb8Z9dH1+kS6KngxpmqWKeHdtfrhJ0Qq4=,15109.0
consensus_latency,EWJ8GSnaiFadm7pU9iPJHJd9bBg1xWYY2cG6yCSenW0=,15109.0
consensus_latency,E9kcz4Km1fbBq/3lm2iAL03z78iNGbYeLfS7ZvTJGs8=,15109.0
consensus_latency,F9KRQKOGiCcRIcG3E4xMVETdt89J+tpECYi6M2xoEXk=,15109.0
consensus_latency,HJwGVtoLltmgexQyRuVPCwEWddysPxc0h/mheiSe9i8=,15109.0
consensus_latency,HWyJH9ybCeG+L1CD3+DJL+p5U+iZjUHkpo4enWwHRSA=,15109.0
consensus_latency,IUVUg1R5w8bpVhsWrZiZG/4DgxkD6Ko4bnMiu6HjWws=,15109.0
consensus_latency,IU5ltM5t7kl+ozz2TBaOPfoNFL45TyhhbkbfBjdy77g=,15109.0
consensus_latency,IiZn7mWe52zf9ePpPT4mKSLTSdhzh5XgEtqQkD+aj+s=,15109.0
consensus_latency,IwR81QsYfHEdni2tipmxw1Pz7QQZXPRDe4YPGWJQePs=,15109.0
consensus_latency,KA5dpUytwf5whCW61I1Qmbd6DD9WJKqYmqmn/P6iHrU=,15109.0
consensus_latency,KkeAT0CcVTmfydlhAPVAUwv2WsYq8KBV9WUkvdI1oCs=,15109.0
consensus_latency,LJdvp8fyjpaYaneqh3pU/+Hbsu8wrq3H7sd9/7MhOWc=,15109.0
consensus_latency,L5MFtSZiOHqWOKzKlwA9mb3V/lvafOn7al08HAHVrAA=,15109.0
consensus_latency,MYiBrM2MOT+wmfaZQTKREfzKPtUuPf/VOmJdcQyIMhI=,15109.0
consensus_latency,MbN9Bj5fmjYmXJF7Xz1mlAB2qczXluoAreBaKrFvA+U=,15109.0
consensus_latency,Ovey0J65KbQZBgVnS/aclszVkJAHhhmWFai6c1Wmsmo=,15109.0
consensus_latency,Qa3rXTWE+SzsyMEWPkluzUNHKyxwpiNbCuERwDv+IoU=,15109.0
consensus_latency,QcxHq8qXbFCe12RzBSK3hcTkxz52lhSMbdmj41CNK9U=,15109.0
consensus_latency,Q+HQ5Gey+xpdJoBhPYUnpYagAfXh8AUsclUqJ2MtlUo=,15109.0
consensus_latency,RoGatjfPFxvvQwUBna77fXnwvoQw29iWCVWXZQxBCuY=,15109.0
consensus_latency,SUwrRVWPFY7Tkcu7cyXF5uZ63v7xaQqqGSSYEh6HZJM=,15109.0
consensus_latency,Scv9rEvwRUT6b90kP/GI9a9WHSZRsAY7tH30lmIP3ZI=,15109.0
consensus_latency,Tpc7fV44fCbmHyNpNJMIXEvHezqyuJrb/wSTUWz5k4s=,15109.0
consensus_latency,T9f/MC9LKiS9kfivH++eA/SQ2rJpvoG+dCHLWz/nrR4=,15109.0
consensus_latency,V5gVmXg0B3rCt4TBqi4c0XSngL9Ttbp38KL9bs8shiw=,15109.0
consensus_latency,W9+1pACxRA+ScADhy6zHN4g3SBx8TMgBo9JCqWilGYw=,15109.0
consensus_latency,Xbg/AmRiW4TRIqAUA4U2UpbQ4vtZK9foWtgmNKs+L+w=,15109.0
consensus_latency,YkTvXV18Es8IeAyYx3Fr2nJ3PIQSVOGrPzfyeUuH56U=,15109.0
consensus_latency,acwJxGh3vlVJs/1u+eTOrPP+H/xvdXu53s09CzGHQ7M=,15109.0
consensus_latency,bb4AaGlnNXRTiGftryIJJjii8jqnWBsdFWrbNx+FGd4=,15109.0
consensus_latency,boaJytsfg+6dyZfty98nfxovb4N+IsDnbWsjpI7jhrY=,15109.0
consensus_latency,cCQvg0uR2TT/D/bk1zwwsAiWBMqhjoXJSRBX1gzj9qU=,15109.0
consensus_latency,cHQRZZ70567nLcg70voVUTbaL839WP6yDkx0fFMJX5w=,15109.0
consensus_latency,cJHWvfakS/hyezGP7KkJ/DudhHiW59wyBoimjY4/g2I=,15109.0
consensus_latency,cPzs7L2mnAX4LxpAvy12e0nVhmcP8nD9ScPJd81tArY=,15109.0
consensus_latency,cWyyjgj8lI64SPsE/NBn6tZzDrnCWXN81D0erY1PdjM=,15109.0
consensus_latency,eae8LbmeVsyiBN/G5b4IlNk9TS8mXLPXf9AVeHkx+O0=,15109.0
consensus_latency,evS+RgL8KuqhWRXzCcS/EagEWGUyCSuqs9nkl8Ia0xM=,15109.0
consensus_latency,ewaMCxeSzvKHr6CwgMXEGYJx1cBHOwSvoHrL5swLhfs=,15109.0
consensus_latency,fCMjzYub+FMdlCShdX3wNgSHmWNu0X1urN2f9WE+wDg=,15109.0
consensus_latency,gDdl1GJM4SIWZtUwoALJt3pYr76YjKGjv1w9l0KlVf0=,15109.0
consensus_latency,gHoW8wh4KXT4Chyt6zg714LxJ3EctxZUQQFTPteyXQs=,15109.0
consensus_latency,gIYKZDlBp6O3sCrgffgraBn7ZWcr50Mm/c+SJ/O4oXI=,15109.0
consensus_latency,g7DufwGhPcfZ6raQ6iksPpc5fIgeYGcU0ngCxow+MVg=,15109.0
consensus_latency,hDFeoO5XBdDu7CYTVCrrUKHR27ST0KYI1nQbrYLxs2o=,15109.0
consensus_latency,hNjqAtFh3qIMzGoujbEPvS94v/iyBqVLVub9/XORVl0=,15109.0
consensus_latency,kPKNW/WcIWF1c3RRx2tJIgwFc+e1RmeGcc9vwoG6TN4=,15109.0
consensus_latency,lJrgKCQE3YseDKqdnWkpNp+mnSKpZ/zVKkmQd52B/Uc=,15109.0
consensus_latency,ld6PxEI1y3S95IisWKLhfNH30StusGu3/32Ec1UbiZ8=,15109.0
consensus_latency,ljB21OsmJZ4szuox0eu3EdAF5jDYxI7B29efqiAaRSA=,15109.0
consensus_latency,msIiv7FjzH4yvfeqU+g1Mjfo+Y0XXNZ7X+OdIgxytFY=,15109.0
consensus_latency,nUwUjFCFrs/LleBZOf3aJmC+RewQC9QDEwDAQNCr3PY=,15109.0
consensus_latency,nxqGCHgsygd/OwHlh8zLpOBnw5+F15zc7TvmCDT1e1Q=,15109.0
consensus_latency,n2YEUMclw7Dcj8q/bqisSGBJfiLlPuFVimFrIEDAyyE=,15109.0
consensus_latency,oMKRhcLUFIp/l+W6Ku+pf3JEUA8jGQYCnoleKAI4EFA=,15109.0
consensus_latency,o2vipph4i+huf7r3rR6gSJrL4spZYy+YCZV2QmWoIyY=,15109.0
consensus_latency,pr505PQ21EL4V3b03tgYeZqapwXssKXUYbpyK6f3ah0=,15109.0
consensus_latency,qDWCWlM0JXjmVvU8ZUAIe/hhmBm812PaHbTj76llKyc=,15109.0
consensus_latency,qgXfzKLAoIQA4XKkUFRccEt92+UD+SglVnwoN+7/VzU=,15109.0
consensus_latency,qwSeuyGqkDn1yIpWJbRhZe6Q2GoC2IDa9jRcALtnuQ4=,15109.0
consensus_latency,q8Q6Hgm22Pu3TG04hPobjeXzWCupU2LRJtJrXfRHM4c=,15109.0
consensus_latency,q9eBYfriHkjeW97YirzqIq6xwtXh5H2EOiQAMVh7PjI=,15109.0
consensus_latency,rCVgRCe7yvMPAXsRrL33tx26ljJnk19wMVoxgSIQZAo=,15109.0
consensus_latency,sHAYEh2WSjLmWqxAmjRP8eJd6APcxPDAEGnqnYHkugE=,15109.0
consensus_latency,sTzXnbbXPxqC+feSQC04lYVA8Z+b9o2gaaejvGK3Pvk=,15109.0
consensus_latency,tLSKUQyCXlu88qn1lIkTO0Gvm42SCSPcmPA+LlqLIM4=,15109.0
consensus_latency,uN1GbuVCyXZksGsdX7l6ZfPga7ftd2pTKQMHo3iDb9Q=,15109.0
consensus_latency,vLuWkdUXfJiOucn1Ws3k9BeRXzfTxK0LnhHfQ5jxA+o=,15109.0
consensus_latency,w2kIlbUiuK5BNmmV3mb66dKzaz3vsR5Pf6x6OI8iX64=,15109.0
consensus_latency,xd7lDHZGuZJLGPUszRWezMDHRYbSSr5lstCtVj7fGC0=,15109.0
consensus_latency,xhqh++0MC5Fcz7uGRXMS9HoksPUlWo238+jy0dwcQbU=,15109.0
consensus_latency,xnclVgzJ02Sgc3VZ9E7I6hK3vd0u9eTQS+bJQg9XlKU=,15109.0
consensus_latency,xuODkumc5oyRY9t5psuKjjkxUzX9yhqRAJGAMosPKv0=,15109.0
consensus_latency,zC6XDtNt/CXGV6Qdc6xOlRDJlSq+CtQQ3jFu3gEc6nA=,15109.0
consensus_latency,0Bee0sCPx4nAB/jlMUpDmNdYPuieVcDsMV6tirYbFBM=,15109.0
consensus_latency,0XZOUYlc3C4dGPN46PhNTR2lK9gTvFC8mIwhUfuKDRQ=,15109.0
consensus_latency,1TeoQk4rq5aOxNTTaYzRBJOphnRnLhjsgbUEOBXgxZc=,15109.0
consensus_latency,1WZYgQTEyRklYnvr+3fCAuhgcr2Mc7nr7AhWNmLiFjo=,15109.0
consensus_latency,3CJH7R+i7dD+xB7pMtS9akG2i/p441BKHS9YZFxcSUI=,15108.0
consensus_latency,3cZsH437cZINgoLaUznfgh8U1am765uDj8ihE3s++38=,15108.0
consensus_latency,3gHx2IBfENolmlpO9bCnOeYpd58BU9XaPUpGbhBdLIw=,15108.0
consensus_latency,3lKAoPe3xGYMBOl4TADhuUuXFlLwDqCoIdgTX9WA/P8=,15108.0
consensus_latency,4TzdOnsdOLJwwGptFSCziXPpoUnjCpeAKXCRCqVXgsM=,15108.0
consensus_latency,7Bi9oMZdTCgfHPvX784HSDpMYxyRsZdpdUaqhzvx7Nc=,15108.0
consensus_latency,7nF+/ELtSVx0zxRhKoxOaKaTmdiREWyvLJ3pOvxziac=,15108.0
consensus_latency,7+5/iJzGuEL8RDqMzAYhMy64lN2HYeI1FmVTJiZulv4=,15108.0
consensus_latency,9sC5ggjCDej+i7Pb0LKCWooeh0Tpq1U0toIehbXIwRE=,15108.0
consensus_latency,98Ft7+tPwuPS43ZVx9xDAmPm0ajgIA7BZL+IcmaH9W0=,15108.0
consensus_latency,+a5tvwu2NXxvXyYMRdm5g0VXlGv49VFuGGlFNNV1Zf0=,15108.0
consensus_latency,+bxkGwWhy4r9OPCYL+6RGkNvnhl5G3NB8CEuoygGNoU=,15108.0
consensus_latency,/Fa0an8fwubWNs9d1TtwRRnCv6zgDRVm7XdWZodMU1w=,15108.0
consensus_latency,/zn5LrBZZF16nQB1bdofYfH7wDMf1862dxT4c1c/6h4=,15108.0
consensus_latency,AMBWUwCwfptIeD7JY5HlBiDpRPLi+VeeHcgTSwTiR44=,15108.0
consensus_latency,AuNzNYxP4eh1eVtzOEtEpOjyN2lF/8O+RFVN0Vl/7bU=,15108.0
consensus_latency,A4uu6cMtzxzrSczcKU6jflcFjCGYUkvFksYHkDvURuk=,15108.0
consensus_latency,BlzEyh7qDpEF/Ysr8WX9d3zQpx/8D91ZStN8uBWMW0o=,15108.0
consensus_latency,DDf7ZI7rWvAx80KXRCdOWpX3ORzMb4OgllpsFi6/R+w=,15108.0
consensus_latency,Ep8OwccEBK2DON2249W/g6ku+8BfiSLQ4coEo42xGIs=,15108.0
consensus_latency,GQ5YLK3I3XvwbZ3INCh3YEys4FfcYELtWivK29frh7c=,15108.0
consensus_latency,GYhaPXkPGVJyl+wwGu0cfXam3siGIllUANV4go5yTuQ=,15108.0
consensus_latency,GsPP8a9JZgP3LbBM9C462yqNkk2nd5QzU+GAj8He9uA=,15108.0
consensus_latency,G2GpQtz9WTnNvNQXXO+hZ4Z+DoX4HOEOu8jmmEp9Djg=,15108.0
consensus_latency,HiJLV2bikYVX1NvJGtTVlmQQ6veNPgbxDbzkClzHTGQ=,15108.0
consensus_latency,HieobVHh73RQSpQC2Nhf1rEP8qz5/eaCd5bvXJtBilA=,15108.0
consensus_latency,HxnXlTZac/pnpklVBZQqRh/6TkAb3ytSqx6GedFQ13s=,15108.0
consensus_latency,IexYFBE7weSeaGYfPSU1Bo3yA1EAB5FqCcaYR4E4saw=,15108.0
consensus_latency,I05seNOBInLBz+NLjoS0OksAAIIVzJr0/BNmnPPvQK0=,15108.0
consensus_latency,J/z+uUj77CQ8nvxKFi9wIKdx/KH/vj20UMSU1XWHHYY=,15108.0
consensus_latency,KX0I7RzpdLJYGTdOdTKu28gt7a4drudk+edYH40Bu78=,15108.0
consensus_latency,NfxZ2rp4wLnAlUmJvVZb5JF8hSlA4qibsaRU/Kl6p6c=,15108.0
consensus_latency,PvSTa3qhXvNUae3JYSKxKBR7BlpK4K14jWArxc/v6qI=,15108.0
consensus_latency,P/hxeQFGoZ/gj6KbL/JkStQDjrq7LlK1yRzOPTVkkgA=,15108.0
consensus_latency,QA+RK6UqK+zhGftTBQd07VSTM0hRzNhqLcOF5rCCfPs=,15108.0
consensus_latency,QG60W2SA1cVfBD1PocdAD1h9+61iVqU2+aHQHCJOM7A=,15108.0
consensus_latency,QIjtn+kplEiMz/9nzmkBZbdFjLNeoXeEZq7ONOsyeyE=,15108.0
consensus_latency,QpCjkDlrcB8FO1N0lDoiXEP3AV+YpP1UeH1x3Reck5o=,15108.0
consensus_latency,Q9FAHuEJqecXIgB7FWMWkaoVdwgCkzLikITgckABa5U=,15108.0
consensus_latency,RLlcHutG5NLZ8P5a7s2dG8P1o5A1JqXlM2pWpoRxEgE=,15108.0
consensus_latency,R1NqBo9U7JVk+8GzcXO2NqE90aq1VaI/eaSDRvJQn6w=,15108.0
consensus_latency,R9mfRnK6Wur5TzMPGWjaDU7OPzNs2neppRObnCrGfYs=,15108.0
consensus_latency,SPNz63ZbSycus18Mvc0mOkW3kjp6ibdMZa9h1XCB5KM=,15108.0
consensus_latency,UWhuSSbTtA8cZWsgbphe2xlb0Lju+Xf7EyTeedDTdnE=,15108.0
consensus_latency,Uk8L3hsaaBHUzYKXkeQP1vr0y6NLCkUW9i/Zzrr9emg=,15108.0
consensus_latency,UlTT+krZPAICxcWnCgyyu5k2LcrLnoP494eVz6LqtZg=,15108.0
consensus_latency,UoC6RBwXJUIWGHWC/2tIlywk1f6XZ9AIYQm+BmP0qsc=,15108.0
consensus_latency,VUTFSD3k47+MyaxUbh4V5UnoZQ7h4Hc9PWVuUZ9jCEg=,15108.0
consensus_latency,VYMGRNkSfxuemU2Bu/NGam4ynVUHwQJGzM095clCLW4=,15108.0
consensus_latency,VuViSGKDo9usVvQ843AeFGzHZlVTz2ey9XhRcnD0eUY=,15108.0
consensus_latency,WYpVR/BJP0SVSEIia2DfrRWijPtAKsy6aZj/S23vXzY=,15108.0
consensus_latency,Wzm3S16jxSPzSucSeBmykuJ6A3X4oLcIKxfE4o9fKm0=,15108.0
consensus_latency,XnovvsEngdr8GczKMxxfUmJqd1kqPvKSI3tWSBX9OZs=,15108.0
consensus_latency,Xo7egB8IvOdB6FCaJZ1jDBIcHk7X+vz2v1w9Jl67Wa0=,15108.0
consensus_latency,X+L88u59jcuofbLRE/52aholO3w5S062cSqPowo8t+Q=,15108.0
consensus_latency,YKMginwtkuLRN1GbXBT98x1NLuUzvxCxavtxUAgzxOE=,15108.0
consensus_latency,ZSEXxvj+ONcKZRCBwu9uDkxooqxY0w90obMaGkuVPxc=,15108.0
consensus_latency,ZtNa5f8Tj1OQ/MTNg4n//LW5NBvC2LIvpLeqUTiY86E=,15108.0
consensus_latency,aC6xekGDbe0Pz83YmJvlDyRh+t/H5dGXO9L0///YQIc=,15108.0
consensus_latency,aSd40kKzrcXgTCp6Wtw2k+kHIIYR2u+GZ0g5I5SsuQg=,15108.0
consensus_latency,bCQGdlcnrndGH5P0jrYgJkc+Dwl8vSerSE7IL210w80=,15108.0
consensus_latency,bskvI+t8vERUZu1Ynq0Iu7QrgWPldwpMK81YPcN9VA0=,15108.0
consensus_latency,b2G/9GaP7yTBwwoTIa878IkFuJH6pu5TzhRFhKVWm6s=,15108.0
consensus_latency,cYgBKlZRV2rWhdcDl/ho0EbM9KCzDbIIcxXjDQGlO8U=,15108.0
consensus_latency,gaO8ciG6zyqo/kadCPj7mgXlrf4eaaLKq8O06kezNVE=,15108.0
consensus_latency,g19xwZtf7GJhDZIPFvH13rOJ0FEs//UIhOVJVw89JyM=,15108.0
consensus_latency,hVDH2IIFeZrptq+JK/4TTDU0O6IRk0Lco5iMzJErIEk=,15108.0
consensus_latency,h7R1cLTs2tXOfFxt0z+SQJGNu5/pUt1ZDW2Tyyh+1SY=,15108.0
consensus_latency,jLG36gRmnvhSwArwUVK3jM3JH25+c0tt7Fi6atgWDCM=,15108.0
consensus_latency,jgaHa9MWsWMPcxJx77F2iQzHOCbajlq93/vBvypKybM=,15108.0
consensus_latency,jrM4B6NOvkj6JPRcycZD/3u4KiwibA5G6115UK0ZcYA=,15108.0
consensus_latency,k7ow+w6qv7sYtKHRoA4Dbim5KCVVD+3aIPXYfHeaRwM=,15108.0
consensus_latency,lsSni42SC2R9B3MFZBzu2VmlErehUbuzJQCK0jCziD4=,15108.0
consensus_latency,l7k+yCjyDBI9NjAVhI9W+lrLNyrwsaTVutAaTb7XjyM=,15108.0
consensus_latency,mXoVwD6Kz8Vlm+9qSj+zMVQpkYDEc5T804iQz8LQJE4=,15108.0
consensus_latency,oR5v37fEaTSRO2YoV3/ehynw9cHH8nnBJyW577dP+/Y=,15108.0
consensus_latency,pTlBxcAHAL5LMv7VvH1kr3mUGBdN9+i42zulSVj5070=,15108.0
consensus_latency,peB/le2ISld1WkNZjxAYDWomCuqr7s27ZZYO76FAj34=,15108.0
consensus_latency,pjU6ZmbyhYZ+X+qPOeJRqcfFWCf/TL6nl64z0ICMcRg=,15108.0
consensus_latency,p2E8s1druWKX4Z5lMLWOyA0+MT7yvwPDfk4lzips8eU=,15108.0
consensus_latency,qM709EZRb1NMyu8K2l3BNsf7k6t8JMI52giF28D08iE=,15108.0
consensus_latency,qjCFaXPbGh//Q22HQM76/6ueb/4W0P8QuHyyv5oXUS8=,15108.0
consensus_latency,qyI7xnMKeA+i/3x5rMt+jMgy0U8cvIvo8rPNUGPRZn8=,15108.0
consensus_latency,rBWCeySbm4pIYE07io4rT6pyt9YGz7LJyPXUrwhB3fY=,15108.0
consensus_latency,rIjhz7EjoXbX0cDmlABpJCfWYbu8XnPDpnB5aabD9mA=,15108.0
consensus_latency,rqfQJq5h/s81gePvz5CYhINYfNDiCtjBZEIdIunA7HU=,15108.0
consensus_latency,s1fppW2UOK5mY1Ib0GjIvmVx7ACKHe7GeI7Fha3xzJg=,15108.0
consensus_latency,tOiIVxK+XL1FBIE/pxc//JV5020fPIFq+0FaGXK0zOI=,15108.0
consensus_latency,uQfynCHd1XQgjjtlNOxCpLJkrmz/e3FIFvMhoiackIU=,15108.0
consensus_latency,ufdIdCI+E6fZ09FvuftAc3zikP+ytHaqMfnfP6Ox7d8=,15108.0
consensus_latency,vG4i2fAH7udrBr5Z01pEd+A9sYWrt5xLRG8f2PD/Izs=,15108.0
consensus_latency,vnT3ee5lzkpPCxQcZ62ql3+3p7pBxqABRuUcQSCFT9I=,15108.0
consensus_latency,v1OwNLWdkvaItlTKIGMSWZex4/zk1XwVpXNzUsFyMOo=,15108.0
consensus_latency,wSE1by85Otb/EF2ovp0YiyGXiFKW9hd7Ubr4URkes9I=,15108.0
consensus_latency,wiG1ZDHLzEvr3QOb/g0QLY3weMZovqrDt3XDdrskqbs=,15108.0
consensus_latency,wwozQURlwkF5/TGHrUzRCHRcxEMlVEFetml+Al739XI=,15108.0
consensus_latency,xkeuWd/MaGKV20XeM2c6D9y9nDm1U1c8vd4vEkhoGbA=,15108.0
consensus_latency,yhytEYYaV4AjaVBUVi1oNjXZ0XYo+3GCDcuS53adxl8=,15108.0
consensus_latency,yvE88FVp6KIWv+nownt+riHUDtX13HimvYlGAPaIBD0=,15108.0
consensus_latency,zzs0TYonzL6ebA4pycLGPT5ltuSprfI76YzIyt5MBBo=,15108.0
consensus_latency,0ImMP4eLscJfBlx+7ogauRIlY+ieBleWofecj/Xg8Ak=,15108.0
consensus_latency,1BfDf4FlfxXtJh6yoAn9/CcT3w+pMv7fB3Uf1rTQ7Fc=,15108.0
consensus_latency,2bTAPe7NK35YWfncA8ty+fGROIVljV+jwojq+7Ek+ls=,15108.0
consensus_latency,4CX5hUfKID1GaTX0fTWegk5DMPvKF2e+PFVx6eILln8=,15108.0
consensus_latency,4bv/l/zcsVevjQYmQ4vkh3wnjy1Acm/U1rwwo+UDU4U=,15108.0
consensus_latency,4i3oPyzcm74iuaWjH4xbSsjnvHm6TWfSG6ILX51pk6U=,15108.0
consensus_latency,5uT0uY+BEBMQrlr+DsWZWaMH0p8UMB3Sqw8PpF4ECGY=,15107.0
consensus_latency,53V1mlfXHO3fjJNGnN0CW+In4ZJ6URY+TWYdbhu+Drc=,15107.0
consensus_latency,6E4sL6zUaFZDsJKIVWuksFyO/UySTNWVSi+NrCDYRsM=,15107.0
consensus_latency,7NqKmvv8RLQNC/zpXRMGbCFG+WDN5Z/j0cBQJhU8QnA=,15107.0
consensus_latency,7Ud+LnprfCZVYT91+1iEQ/+9HxOW5q0bu0np9UEqtLQ=,15107.0
consensus_latency,7noYXsK91rsXx5McMu4iqteZrhJ7lCXZYS4xqkSoBvQ=,15107.0
consensus_latency,7tfjNGZ+2WaoYUQwpkrDr48/ovbNTFjLRyhXeC3vjno=,15107.0
consensus_latency,7yyI4U4n9P4XFX3IaZOTwr0qL4GqMNHrQ14YU1DkNfA=,15107.0
consensus_latency,7+6AM8mZgX3tirwECY8yOnHCtjd/9kiCar+a89sMMKk=,15107.0
consensus_latency,8EO4H8LPUPuTtANi1k9Bn2aRVJv25+CuFCjjWbG7vkc=,15107.0
consensus_latency,+fbis3FuBKuaaQUi+nC1ccOnvVol541OjSxyeIumIZI=,15107.0
consensus_latency,+gTxm69tiaN0/Um1CXhb3GHRG3gYC2ouoMWXe4MlX68=,15107.0
consensus_latency,/U/pJ4ewOSDfCZQx2vHFLt7zeGwlqmrGLhicDiPSBdY=,15107.0
consensus_latency,/dWiJhJ21RmLeaO8kJZ3wJIU/q6bzW/BBq7H9Qlzmf8=,15107.0
consensus_latency,/kBlg2cVvOAzB5OE328DRw5SUfcrtq53K0qpvx4xE9I=,15107.0
consensus_latency,AMddAj3/D1Lez74v83elqHee1gTauqyHLGmh2nC3zpc=,15056.0
consensus_latency,AuIMEUCqqWl2W4Knakx9eiLjV0SdacGdosav7XHHNnE=,15056.0
consensus_latency,BaYELzQzhMzE7j8j7NMwI5DwSt1wA8yT18oiK0yY+MU=,15056.0
consensus_latency,CrVHyNtnBXVB9VPtV8ldNuvfGzYNPn5UVWw8A7vJV4U=,15056.0
consensus_latency,CzX2KuoEw756dl290D2lb1sSqbVY2YlNuq6AeEqbjSs=,15056.0
consensus_latency,DTNT5vvVLeCvcVo8/G13cVAbe6dHz+3iJ6sfwPk4JSA=,15056.0
consensus_latency,E4QqKF1WHmOw6vzG/AJhjzBW4PrUL+1XeSBYZ5NE1gU=,15056.0
consensus_latency,FBqZLNcvdto16brZaf216SYVJoZSpAL90+t7Zf+N96w=,15056.0
consensus_latency,FHmdk+7c3eK5fyxP3x2cL8Xqkv2EAtltgr2QKC/R11k=,15056.0
consensus_latency,FZEKzaKUvi4W3qjVt7ex+h0ZZAZ6Mu8Ji9wM0gB2gno=,15056.0
consensus_latency,HI9yLtrLEBxv6DC7ULZmQ8yoVoUSrCjyFRRzKM78YOA=,15056.0
consensus_latency,HVQQb2JOqofINgCJUHCV+M36S0bTcEMiTtUmfN93Du0=,15056.0
consensus_latency,HhPTMw2gn3OkbBEY7T5Coxb3NB+9Empl9v4H0AOC0go=,15056.0
consensus_latency,JNYHo0sUOQoHzNVj3VfY8CdyK1w/T6LNnv7OZy0tGXE=,15056.0
consensus_latency,Jri1asWrR4Fvdbf2UuAxWROGAe0kfADdSW9TMgrtUjg=,15056.0
consensus_latency,J7q0gQlutvC7/4SLMDs0j7IBZPJ3Cc2en5i+cDVZUaA=,15056.0
consensus_latency,LKAHUWMBDptyXze/aYzesM/4t1H1M/wCvFxIajXZVvg=,15056.0
consensus_latency,LtJTEI1RNGR15pKvozf7GPlxXgK5qYAwSfVCzhH3sGA=,15056.0
consensus_latency,LxrMugPRr4A+xuTOsCMDKKbJhZaiqrEb57ZHq6KGi/0=,15056.0
consensus_latency,L7oni9Wc+3Qp/261I9bAWx44z74qo6EWvGmykc8yL9o=,15056.0
consensus_latency,N4Tn8fW2RJPM8pvlyibH6WavG7Z5Q2V3N9G/EsGvm1o=,15056.0
consensus_latency,PKTydJgNA1SoBbS9VsKY99U0OF9UuHPfw8btl7NPMyc=,15056.0
consensus_latency,Pvd/pCKFkz6PfYemOzXe6QW0RwkIj29oYdEnJFGOvIA=,15056.0
consensus_latency,P3qqipSFb3ZLyrnOhMr7XquaZ2gmkXAQEoXqRG4yItY=,15056.0
consensus_latency,QZ2Jzi1VABicj4/91zz1vT7NhtVYZKSj2ZQRHizKqyY=,15056.0
consensus_latency,Q9Dp4sKfscs8FwF2HeTO/WWU3aRyE4uxglq2a1MpOTo=,15056.0
consensus_latency,Q/C6qDvkKRcDbTlMo2mqmOQfA571TfSEk3cRrmraBqw=,15056.0
consensus_latency,RUuTavFdXZ9qYeNi+P3BBUgzZBg8Gm63hFbfu/X6CBA=,15056.0
consensus_latency,SQ1BdO6PxvIrGgejvmoKr99D45bI7GADfTKlpv2lOXQ=,15056.0
consensus_latency,SxU2eabilOSRjxkz3QssOHNNx4xzyOMd+XGw5ZLX6FA=,15056.0
consensus_latency,S0DPoPXrF+zNP0HX/3fqQpT1bZ8Xf3rOZur4AIS6EFQ=,15056.0
consensus_latency,TTp4quInuoQGGqbMKmLJCpu2Qx4sHXVSK9xlm1eyP5c=,15056.0
consensus_latency,TVU5mFv5kXQeO28MRZSdJpgqKf1ECAsO6CuRCVaxUt0=,15056.0
consensus_latency,TnLzJv6wtkSWZbIvAtujqkul8b9JxC8anf2zHgfsqQU=,15056.0
consensus_latency,To5O/lRc38Efe1NeYXTj041//6y6ziCfCoFvl+ft2lE=,15056.0
consensus_latency,U2b1A06GppNmegVkwXM+jUJYA+7Q4E1/IsqmNs0GxvI=,15056.0
consensus_latency,WIDMfmPriBX3YzgKB3klqI32g37PtT0xA9dF8asbrBs=,15056.0
consensus_latency,WQ/dGuydJ3gLq6bTypDVJxtbbVQPgksAXHNR1C1JmSU=,15056.0
consensus_latency,Wf6fTLHfY9BIukGv/JyxGZS4evdpLBnGBUmG8C511gw=,15056.0
consensus_latency,XEUgKlwtI3kZPsEiekBUZrPaQzyvtId7esn76TpqSkM=,15056.0
consensus_latency,XPjcT+gQ9eaHOEqxnjZR0oU/4y8E2qnQ/EL/onKeJS8=,15057.0
consensus_latency,XWUbrHMZNXbx1iHvDQ03WySgtw918v2Ftwc6fxE8TlQ=,15057.0
consensus_latency,XWj6Tfli+s1DfOrWfKVw2hd/TRsuTtL0hmTZ62dYqLQ=,15057.0
consensus_latency,Xcg66mn1XGUjAW5jMRgskmvwDOC7w8wQjgXGNDsULFU=,15057.0
consensus_latency,YFDQhG1N+QJfik2aWFrt2yec3/o5Zj1Nk56MOdNyW/Y=,15057.0
consensus_latency,YfBD+V7ILh613R3oXP5UPse44wOafJq/GWMps5gZxVY=,15057.0
consensus_latency,Yy2bHs8HY76hnQQ0qeucKl8Z9rKEVW/tlXnPzvyx1UE=,15057.0
consensus_latency,ZXzr3t9ZCPNYCie/3lWfiFlH/yghxacfi2hwEYjxt0A=,15057.0
consensus_latency,ZjA18smws5yZhi7fOXtv+smq99pOR1YzrwC/SpvaoYY=,15057.0
consensus_latency,ZvNTvMLq0M4+FlisEWb+ofuDJoQgB5Z2eXEpTMtJ1Ik=,15057.0
consensus_latency,aAw8O5Pbmu/pWPzQA83FUchImdUZ4YoWsiMZNClY1fA=,15057.0
consensus_latency,aSUTH4aAJH6AUr0ads8O9XSCEAFwK3zzWX+4LW6rQDo=,15057.0
consensus_latency,aj6PkDTGyBr+/mgkPZSxsuVEEAqWN0ZVpAPzxtT3cfY=,15057.0
consensus_latency,aqwbXO7+ZJKMuo0YS6qSAx/9uW0WdD9EoDqs6Dnj7JI=,15057.0
consensus_latency,bTVeWu7Qw1La7oZ3Onu6XaLkRC2A13vsiuBLG0xrJ1I=,15057.0
consensus_latency,bVlhKUq78K/3jRzakOnIFKEt1S0nSxe9lJmuiYHrTWU=,15057.0
consensus_latency,b9e8mm2m97GkK1/JW+94hDyRIlTQOFc8HM8f1sJxdrI=,15057.0
consensus_latency,cWobYzPs5zt+AyKCVCzf4NRvSZ6gbdOdIOmttIgCy80=,15057.0
consensus_latency,coZEMcvLYmvftxOQeCZTpuW05vf0Ww1BHwDP0ZWfe9U=,15057.0
consensus_latency,cqnmIohtp8zVFqhBUFdLnQipsOURmbMV4LMYsgS6WGQ=,15057.0
consensus_latency,dZ9gXZEPK7tu4MpvJokQXarc1wvfd4f8RV9AAhtT47Y=,15057.0
consensus_latency,fcftS7gNfOhB7GauEmL4iSJ5mBVOCF0r5ACeCyRMv9I=,15057.0
consensus_latency,ftAgFKN4fz/fOfk0qvHrEOSOZCiyTik7aqVvmjeRs7w=,15057.0
consensus_latency,gF3RUNSLO1pZtS8jo7JgyEiectJiUUKqgU5T2jD5FAc=,15057.0
consensus_latency,gfVTqgt+/3IuGh54GI48bCZ/798guDVrIoXj8YRmaPM=,15057.0
consensus_latency,gnNSlA3TgG5axWDP45Fj5KcP8fL7eFBaw952yrVF4xo=,15057.0
consensus_latency,gvUl6cAKHZUsLaI5bb98+SEtPkO4/k34ktm/sNHAz1w=,15057.0
consensus_latency,hA035vkF/44mkINyLjiF3ik97DSNrx9yOl1kIZaaHBI=,15057.0
consensus_latency,hXe/XcbbaqwfEMNIugjC7IitjxRVzOFSdGhYw7Uex5E=,15057.0
consensus_latency,hb7lz4mWbGG24NELsiV3ySMzHUyyinBZz2XTot8VK1A=,15057.0
consensus_latency,isarnzRbnsgdN6CSQEzf8mnJjoyhu/PJgKvsFRRaEwI=,15057.0
consensus_latency,jkYxcf17ZhkfhAZRuORph+DqFn3yq0Yw1oNwi5huam0=,15057.0
consensus_latency,jkved7Cs4lp9Hx8oeixeYK0uvJ0LFR+s3EyGIWI1Khc=,15057.0
consensus_latency,k/YepMI1pfpaMIbtS6h74AR1PD+WAg69ogdtgbYKuF4=,15057.0
consensus_latency,lJXen+mqNaTjoKTHbCA5RfVAHnfWTQSNy1cHvdTouMQ=,15057.0
consensus_latency,lSeHp/fatd3iV56x4EV1nqEjfYgTL2WGNq0j4Cw37kw=,15057.0
consensus_latency,l4usOspuPao5nL6+hO75kFkRxUT1+ezLVIqjmaWFRjc=,15057.0
consensus_latency,mefD5Hz3m8dybOyRB4wE81rSs/WF57fPQQ1kok6pBQQ=,15057.0
consensus_latency,ohZhipytT98+pCAB9FkP42351BAvTqO3u/yjj94iq/s=,15057.0
consensus_latency,rE08qgJ0/1pt49P3ZTb3tGvRbF/mLADBwu/dzobrpWs=,15057.0
consensus_latency,r56DlxX+EYpaqUuUwEXVL+xWQLbLXSV1ERx7FjGy8vc=,15057.0
consensus_latency,stD80ygMd0V2HTXyoPi/vwB+Zb5/saIqCpUtyZRPLDg=,15057.0
consensus_latency,tonlb7EjySRoglvEYY2flQQRVHt2eEJaYsS5YmLOnJE=,15057.0
consensus_latency,t2B9r+gKaBIBc1gV4sU2A3cEE0X31UyELIz3wxGTN54=,15057.0
consensus_latency,uciRcpc97vuo2X76cF1QuAapgLTJ4fhulTMeacXFpw8=,15057.0
consensus_latency,u1TEFKs2wRtHulWMyqVNCsipujAFJrFpB89PwW5lMpU=,15057.0
consensus_latency,vlLE5IxnC/rCpO5eLPyZS6CFmTAe1xTrSW36KiF0KHA=,15057.0
consensus_latency,vz0XQHSG436fYz/t2aPv77Ss2tPlxW14aAEGbvYjU7o=,15057.0
consensus_latency,wW51n6V3+jQJnpFxp+wPO6rwX7hIxFNgZa8qfKOq8NI=,15057.0
consensus_latency,wwCPidCqo3DpFADd2WJ3yri3dYtvyL5WzofFoNBPUnM=,15057.0
consensus_latency,wzzBZPGNjkm5D1gxNWfNclp4URd5XN8o/SiWRkPI0ZE=,15057.0
consensus_latency,w2i1VQF2N1vkG6EY9dffPnijm2yfHr6eOXiAEnpGUjA=,15057.0
consensus_latency,xRdfOMzXGMwm7nXbQmUu6Xg8D5V43pyrrOCSxxS1gjE=,15057.0
consensus_latency,xmrIh/b2TFRtHb2CXROCmQ5ahcV8hWsXkvwhnOD8ci8=,15057.0
consensus_latency,xz5E2MZXPGEhhRpQnKe6HGADpG9SE4HqaSzeIsnrEMY=,15057.0
consensus_latency,zTPeXB31oKr+lvpfK0X2OOUt2ztuey1aZbU8oKVHkFY=,15057.0
consensus_latency,0rGgAw4yjBgUvq+6ZuZNH4BxaZZfk71S2j01f8VXrZ0=,15057.0
consensus_latency,1TDcYbTDhnsq2ro9WCVgMoahZAkIwo4NJRctmoUxtxY=,15057.0
consensus_latency,1qmSAO4+GEIsZLJO7L62Z8Xp1qsd/zZgCqS/GX2T9N8=,15057.0
consensus_latency,2AJhwIfSWjo9V4r3dv5RuTt1AEGlIeAL+KXO+Se+6y4=,15057.0
consensus_latency,2B9hUYH2QJeZvKvA46EbR0kKvUdmg1ORT5LgccSs6pc=,15057.0
consensus_latency,2gYckOdtQWqFuXdhKbe3Zd74D7miZRTzMNfjX7WVmJ8=,15057.0
consensus_latency,3oSPqYBxVIroPROoOVq7OVKs0S2z9ebYG9cD5WEYqXk=,15057.0
consensus_latency,4GGEpORdFTRRovIcTDkCfNdYkydTdvo9sFLVE2OJ+2U=,15057.0
consensus_latency,4V+OwZkuExF+hsNCre7ASUP8jIEUqN93mW0SRxxwHY4=,15057.0
consensus_latency,580V8JJObJhqV4lUb3DuQ3sMJG4/OxsJKnZPRQUZ21E=,15057.0
consensus_latency,6EICfRJHYE7nT90nEiGvQ6wTCRvYX7kkMj0qp5kK6e8=,15057.0
consensus_latency,6GTgirVpIwihWbt0l7HFbR7dpq5RlEGgRJihK1em/F0=,15057.0
consensus_latency,6NOtzMJBqbkjiO44tB8dMmQ0mIIp6jr9NNIN2dPcUnI=,15057.0
consensus_latency,6ljyVLXE32Fu648cji21MOSMyzE2X7YOTbQqzD/lgY4=,15057.0
consensus_latency,677EkUJX7dpPM9UTJakbdkLI21C7PSEluRjAhPTNsLw=,15057.0
consensus_latency,7huPTQJX6IeCvyL+6Q9P9nY1AeKK8iEcYL8NDpp8Juc=,15057.0
consensus_latency,8j8TJ2SM+c/Bz21/amCVg5OF5+23/LgfMSmAOmpZnIc=,15057.0
consensus_latency,9CGb0bwPjrZgABvyXNE+Fuci8Zac28zKdAjMKafo0q4=,15057.0
consensus_latency,9z4ZceD1XvWSiyLRt3lsJJ9FiGrhwBzcaepPSoo9Djs=,15057.0
consensus_latency,+WL/ABTV8XQrqAg5i45qoM73QCkjBi88R2Gl+7asxOU=,15057.0
consensus_latency,+8Fd3juNJSo8ebU8BNqM4XKSdL05jkRna3d9mKnuFE4=,15057.0
consensus_latency,/CSmN1rl7ap7eHEvtxnP4+kSY4LEil6DIvGjievk6ug=,15057.0
consensus_latency,AeixWtIhJOJsEafVwI+kCBbK7MlAiBDwdIJT6eF0epw=,15058.0
consensus_latency,AgkJtSoPc/nzTanM4Uv5RpaaBwhk5sIvmGVtiO001fo=,15058.0
consensus_latency,ArLGJArYc8umv8xQ28+e9PJI84k34sO4XuJqzYLm6c8=,15058.0
consensus_latency,AvF3qm9s/em4DTfF3dWGTE24bcMWBQDne8QZRAYZQwc=,15058.0
consensus_latency,A+hpZ/bcTS9uidhP1gJq/n5RStcHdm8ApUnPqDUd5VY=,15058.0
consensus_latency,BzyH6OyQgSlIG4azMkbZ9kTwPhmnaBFXEJSWvuPvh9c=,15058.0
consensus_latency,CudKGBJeAq++IxdgB3JvB0ua2NtTrY7K/cWNny2YATY=,15058.0
consensus_latency,C+gE6T8bSYhh2oENwQ2bUnudNnRmrslMwx3hzd5pqXc=,15058.0
consensus_latency,DE0aURmzhiUjQB8Vgc7/pDz1Xrrr3/h8PGvb/VTehnM=,15058.0
consensus_latency,DnHRullr4xkwSPLMMMnG4hStzyKKQY23akL1Pf9hOL0=,15058.0
consensus_latency,DrQPbxA+MQ+MKj+PEE2F62bwKSP94mOVm81/zSbxpcM=,15058.0
consensus_latency,EObpBxqH+BXhEhc3JY01J2sUikXt6pfuL/U5YJ9Tn3s=,15058.0
consensus_latency,EYM704A7b9Mvei9i2iIstCgsODfgBWXVm2JlhTClMkI=,15058.0
consensus_latency,Ebg1YRnpq6IrM9UDGvkk86CAYcWD7SNGBf6yMwhdASI=,15058.0
consensus_latency,GQFpwDJdR4BcDjX0rQiCPdekhtUsQV6hdj43fkUwB3I=,15058.0
consensus_latency,G9iGcDSDMHIMaGapfCq+SIjS2jREilgttOdrFNg2OsA=,15058.0
consensus_latency,Ie2RWUtIpGxgqGa12swdyVLLWTCC09RsdX27JetkWkM=,15058.0
consensus_latency,Jy5Ucujh4yEbW2TOYAHw8Lw1TYcuofJNlNwifScNRLk=,15058.0
consensus_latency,KNCpRYNjDiR4EnEd5u7F2lvDM3wD8OBcVU+UJacSP8c=,15058.0
consensus_latency,LHEU8lQMXhwTUV/E7V+V6Ky5vPd98AfqRM4taqwHUa0=,15058.0
consensus_latency,Lw6pM0P/EBGpNCH9aq9nW7swKlMX65Gv4rj8r3EasLo=,15058.0
consensus_latency,L3yhHG7Cm28FVDNQaHS8u+SQtq8bTEfPg8x60oKzUr8=,15058.0
consensus_latency,MTl+6x3AvAOyPkZy6cvJyXbSpdwvGl3t/ebV9W3ZXHc=,15058.0
consensus_latency,MmSKiICNye0/dt/u5IYscEKqUPaoXBDO0ITaUfzJY1o=,15058.0
consensus_latency,NJKdoJoSHHOPqjY7GKwecd9jVeelZghxVRy2jWdLZyY=,15058.0
consensus_latency,NQj9LbSVxgEUKNOf9cGgbkcWQnsrN9IqpHnEelyJrC0=,15058.0
consensus_latency,NXUtQqHOCbb7gPSndDzC2+LdjYL8erhkVYrrovjmH7E=,15058.0
consensus_latency,Nw9t0VrzE7D6liI9cFIin3JwYAg1SO8ES2mma+X36Pk=,15058.0
consensus_latency,QSU2iV6J+7lKE3KMIXg5ZOqseCUV/u1D0lV0C8xc0OE=,15058.0
consensus_latency,Qc6nmY3oglL/2lcK8O9rV3qevppguQyjifZnxwFO8wo=,15058.0
consensus_latency,RT6ZyAi+BLPbpgYg7Uu+oPSlrYbAzWZEJRMy6dfthlk=,15058.0
consensus_latency,R7wQ6IwBpPcpm3mGSbHFmOpdh7ksKJLoDd80Gtpi3WE=,15058.0
consensus_latency,Su7pjQ0289pmJYtybI3sr3PIR+jbfoNhlFXC83uVSKI=,15058.0
consensus_latency,TKCYQ083ioJhLnE0el5ZxELFG+ETBiFpP1G63QgqVOU=,15058.0
consensus_latency,TfIm3a/NETmcT/zk2+8gdCEJ0Px8JIL67Ex+3kDeYz8=,15058.0
consensus_latency,T2ccLglspLK1Yeto9ZS5raeJMpZy2L9IIIWQTBAg4Ik=,15058.0
consensus_latency,XQeYrAjUxL/NAq4sP7DYL8sjcHs+wilz2k/xQ2wHrj0=,15058.0
consensus_latency,X4i3TA8Ng42d0/eiaLVN5i9nL0vRUARwornD1YBeVcA=,15058.0
consensus_latency,YjXXQfdI4usJq9V6l3viFuNqWbudApSVcHhJK4TpzS8=,15058.0
consensus_latency,YxJdCaqTXsqXDiDZ2dDDPGcWAZM7qS/GwCXvEF+9JKA=,15058.0
consensus_latency,Y3+OsN+cbiMmzAYPQyFYGrAiHjmwkTRVekmsqamWvIY=,15058.0
consensus_latency,ZCEvVNyFCTxByA5HyaCsr4TpZEUolyFmwvMYIyWl6J0=,15058.0
consensus_latency,aa9isLCnEtfatdRvT0TApzV9nwqa/luxNjPO3UdoHX8=,15058.0
consensus_latency,a63uzZX5WhLOK1UuybdupjDdFbkDGOUW2h45J8z68Ig=,15058.0
consensus_latency,baie2BZ1SqBa5BazNmxnbZ6k2njKV/nYJOh1o4qcrAQ=,15058.0
consensus_latency,cXxQ637rdtEmvOTsiut1Tg9GeoNclwPn8AI+JnMqhjI=,15058.0
consensus_latency,copBP/+JoSDoQgpJX/907Zvz/iikIRAviuBhDrj4+Dc=,15058.0
consensus_latency,dQY+2K/dAuLoVOHoYhi6V7+jhkx7D7oUfcJ15XjVjTU=,15058.0
consensus_latency,d4pQdfDiASuSVmdPR2fIgGj3Zt+PZzFoSmpqiObo7GM=,15058.0
consensus_latency,eG15ecR2hcFvOEXxIZXvB22fcRdk2MfVgGagRFxzoYU=,15058.0
consensus_latency,e5QL69Im4TzIUtl9PrzSHDPm/HcOJVHKJVLv9Q6sY+U=,15058.0
consensus_latency,fGp8b6f/vutDeLH/R+qxkeZZ7s/TDGBwBd81oM49zW0=,15058.0
consensus_latency,fJTCXpH0p5NstN4lxzdHw0Q7xb946NgSTSUFYLzZfhY=,15058.0
consensus_latency,fTrSStBwUW+8v+PIVqGeSLOoSxpVbfGnN6mJCjvTcMc=,15058.0
consensus_latency,g8oqvFvq0uNEuarcfjihZpowfSTAw0UlUpsPl/GglEo=,15057.0
consensus_latency,hRtVeg326hVAxQbIeE+hqMW+CYkhn+3AEy6bg79EmUk=,15057.0
consensus_latency,iFbRlM7U0eV+mA3A8s6jt8QmRvioLS2IzGV5cpofEXQ=,15057.0
consensus_latency,ir/5CgmgJek5iefhoBAMTpWQorluKhuI028cL+aVhq8=,15057.0
consensus_latency,i8FsgPNR+ldOTpDOA57G9wKPgIQEKdZnNgJpgzOZUp0=,15057.0
consensus_latency,jD64TaUxe5jN5blOgWGf6gigxcyJZe5gWJDBZpSpoJE=,15057.0
consensus_latency,jgufXwQoaQOzMlY20S1g3l/psSD6o7CcCkQh+Nef0ko=,15057.0
consensus_latency,mYLOhhYP4BF3OMmDz1VfI2UA3wjSIOYZpWc8D7Cfh+8=,15057.0
consensus_latency,mq87pT0sOZ4eUUvK+Dx3T+GZDH9Je9hP8fRtQpMy5tI=,15057.0
consensus_latency,o7+Uj7wuYKwvcDjKZAjkd6hXabKZRrkBbozHt/kXSKQ=,15057.0
consensus_latency,paDnGWdqS/KUS+inj78e+T6ZG3K7BxvRQMkkI3hq6PM=,15057.0
consensus_latency,puYoEjflaw09n6jO2wWqznJUhGpbXUstvD7Pxa4gSFc=,15057.0
consensus_latency,qLu3mCshzU1jxfuzQaMeR0rr6t8hPHdD6wAw05iKqNU=,15057.0
consensus_latency,rU3wRnze2yfadSb0k7u6q5m2ib2oDkyQHQNWWPHS3lo=,15057.0
consensus_latency,rds7BKFiwmiTX2+cFuNDHzbNso1NGCysdUWDJ6cMPhY=,15057.0
consensus_latency,rsGoHVQN2L/v9kx6ymqQUunzqia8dxZvVENpz3eKUEc=,15057.0
consensus_latency,sCgAQtdPm0cfrzJiR8yOvrBoxIZGC3K3v3P3b2O0Xdc=,15057.0
consensus_latency,s4px1pcUqmTAxSuaAlNonz89YrgdIeSPHWtk1KLn//k=,15057.0
consensus_latency,s7YMWnEi5zXZuJen4e0exaf8MyoOq/C+dswN3QKiz3w=,15057.0
consensus_latency,tM5q4jbGTZDpSde6GFBb8KL4G+JXiHoEoxhKU1UEg2s=,15057.0
consensus_latency,thxEREFHFJMD/PeZbwSvqNdxpogxIqxN7xoAH3Z4SZs=,15057.0
consensus_latency,uCOY1XuDqzH+3NVRg+Y2ZrjMkT/AYQJYfGfhdVcwehU=,15057.0
consensus_latency,vd+L34JQAW3DA1rxCK9EsW6shH+fyBjyUwlth/cdMA8=,15057.0
consensus_latency,vh5V4x4mELJjkB5zvkEwJicDtBaYOqpELqhRvY4c0XE=,15057.0
consensus_latency,wJ2369Szrizwd8NBjrzMArBWQVmcuYo5hoWNVc2DEKg=,15057.0
consensus_latency,w/g2CcGqclt8oGQ68JkR3oPitftRfwOyfU/uQa/3QM8=,15057.0
consensus_latency,xNwdgjD86X0rKdEgMef8jxGVHD7LBxS/u91NSffxabY=,15057.0
consensus_latency,xuRcW5w6wvk3QWdJOhgEUjv24efQD2+um2pdkGFU0B0=,15057.0
consensus_latency,yGVTfZuESVSLIFammcCh7qcN59MNlzrWAmjRwdmMD8o=,15057.0
consensus_latency,yW5HHT0Pu7OmQr8A0uKxQY0g1UXSt4nunja/7gyyzlw=,15057.0
consensus_latency,ycIqsZ0iVqP6Xa4LUzQ3YyoX6Y1+Zrgtv4n4RrAqM+E=,15057.0
consensus_latency,zMjVSDoU4soA+ARDGvfp3FF8Fgw+9QNVIiZKHZdNn0U=,15057.0
consensus_latency,znB0s+iPNIVgGk2s3mfU9sj07lDzGbHmQYi0Lz5IRKc=,15057.0
consensus_latency,0OjQnsi9POTLzPHLBd+UxGyIwiH9zIq8Xb3UrvthPyo=,15057.0
consensus_latency,0Van/tpGtS1hod9+v2VUWzkHCN0DHwkXEHgQDgfsQzg=,15057.0
consensus_latency,1E4QADN/sjITD5xP9SpeVZjZOElqeFUc+n10nW5Soqk=,15057.0
consensus_latency,2Yc52TZ5UGHKmOi9U0KpbP4zL8aQ5vlzI/rU0Sgd7Pw=,15057.0
consensus_latency,2iqihkJEZ4P4lBbt5LExHCKG+YuW2ZlmS4WuuMQ7R0o=,15057.0
consensus_latency,2qEhFJrnLhldCPpZiZKLbO1+Ro5WBf6uj5SOOvqhQ4A=,15057.0
consensus_latency,29OfZafm5WUDbaPb9RZgZS9cQzCJ3TvLVc9ClbTf5F4=,15057.0
consensus_latency,3lZcW0FEQMBwveSJRN81AiVSSoxKdfS1UwWNxuN8oDc=,15057.0
consensus_latency,3qN/hHlm0bX/y8o4eipul9ZFBlP91bx7YMQhGCl7vzo=,15057.0
consensus_latency,4QiZOvHeSFmVEmRTbtA7Hb3WCY1BDcB7k3Xo+MQTJ2c=,15057.0
consensus_latency,4khVGaivtKG/j/Jb0JpsXXEC+WkMmJ07SbQ1uPbb7l8=,15057.0
consensus_latency,6BAdZov2pBagp0RvU3K0kVBzbb9GzH53yYGWWl1klbg=,15057.0
consensus_latency,7YF4jlPqhkuS+g8c8tTDXdaN+zguyt9EzHOfOlf6+AA=,15057.0
consensus_latency,7gav6FMl7oOSqM2pwCs23Z6iPz/YxAT9FjnoLupUjlc=,15057.0
consensus_latency,7pytC6Dlg6BefbQMm0+k3AUtczm4byQ7K5XSqMKa1DM=,15057.0
consensus_latency,8zSUInTR0OUNMmYylvJVDwJZi3sMLBkjBCnSoVoISd4=,15057.0
consensus_latency,93Z9fBI/3NyI+ZNSNOyqgGLZ1ems6q/60LvehF8Pslg=,15057.0
consensus_latency,98Dyu1R9gwvu1m0YplEv0nDELYFuebdATP4ciUS56OY=,15057.0
consensus_latency,/TawQNWmH4AJeskwQ55ziH4669sPx+ZkYeS+6GgH+Ic=,15057.0
consensus_latency,/WqW1N4Hlq4OdSfc/aNHgcBqjbS40u0OSA0OMpedyOo=,15057.0
consensus_latency,A2zdakKGNFMvZWbKnZ86z1LB4WRsZmIyrGfVjErBt9s=,15057.0
consensus_latency,B6oXIlXNzlyO0ltiBj6jTEfgu1kxzU1EWUnYiiRCwZg=,15057.0
consensus_latency,CMzqwDHxuqhLBlDDaQQFx/rLlTWB5S+B6Jkr6J5g4IY=,15057.0
consensus_latency,CcZlaWOuIWdqfKYDadY1ARnQ+YjgFpaHDXFERF/1TVw=,15057.0
consensus_latency,DWHw76QIRJvdDDZtfj5ergfIMQN5+UKTFiuqDAgUuTs=,15057.0
consensus_latency,DbbHhQc3QTiMeVYaIxQopvanXYDzHoGrHuaD2P4PdkY=,15057.0
consensus_latency,Dj03z8x1fhKG1A3uga12/Rp/eGwV01Y4jLPI3o6P6mw=,15057.0
consensus_latency,D15HuMYo6QTEXcoLHd7mqZEFkSuRCpQ+tPfgDnLboHw=,15057.0
consensus_latency,D6gP++QbwgXZHmICKHNKiuk6o2YMhUqxan2yv17+mWo=,15057.0
consensus_latency,EoUQePGCNpeiv4PLqohPFqQHdVoj2ZLiUbfoCIHKgPU=,15057.0
consensus_latency,FgVO+f+T9GRxbEAaqkeVXKxLUW2v27otCeAW2xy93tA=,15057.0
consensus_latency,FoBwUg92ejb9rZPqGzmp4twdjiKF3fOAbI9y22JHJD4=,15057.0
consensus_latency,F7GiW57cFMfaZTTy37wmc0UJ6oaKGnexHXelVzEGXKg=,15057.0
consensus_latency,F8nR76SAeiKVnIovuKi/SyMwv/jg9sTR75PDmPhHaGU=,15057.0
consensus_latency,GEShv1LEO4HFggw7IQfZ+2q8bfoweF9Qz8RTDLG41WE=,15057.0
consensus_latency,HSWpm62XsYbp2/IE5WGo7m17rPVrZkohOu/CPFGXD5A=,15057.0
consensus_latency,HyUJn08A5HEVvNlB9V1JLxSSOuDTVIrknB1JIzf/3cU=,15057.0
consensus_latency,JInXRw3WXWd8ZCRUJSGjPOkJDi0+Lu8KHFwt/WNXYZ8=,15057.0
consensus_latency,J9IcrJrKvVC9pLoWUbvDFQsxaeVpDs3BJFEnCqpx4XQ=,15057.0
consensus_latency,KtsdUJziV2uwpFq7JLf7W/B1i0ZwKUcZHdJlN8r2DNQ=,15057.0
consensus_latency,LR4yYdzOsyFVHunif4aHVVGLWdbjqNGOtlMpQrO0t8w=,15057.0
consensus_latency,LYEWFV19dLIVobjJfHNiGB2DAepVnD8whLns6JzA+u8=,15057.0
consensus_latency,LYq5oq6q9nqdXaGHIPcHHI4aWv8qlnLLDuCCHo7urTQ=,15057.0
consensus_latency,LZ22fXdawAbrUQ0ebCeCsVjRkxzBR087z3+aoTmokfM=,15057.0
consensus_latency,LfFWJyzSTmbfu4JcMCOPgUW1wMU43pMctVoutTwE8B8=,15057.0
consensus_latency,LvpEDYWBgDEYM7eC01wPA/iPEvfol4/nCUokLIe2shE=,15057.0
consensus_latency,MTlFxmgd5gvdrUmVWsghlYVlGJE6jOmVIREMLa1fuO0=,15057.0
consensus_latency,MYfYaIF8kD7MOlMpg2FS1uY95C60/q+Eamkdn2zKmnU=,15057.0
consensus_latency,MY+AOfYt0LTGCKNp4fPZV/HlzBbWRocXipgFsmgs1v8=,15057.0
consensus_latency,NbAicggGNrzFFsHrrkNv5rOb0sW1HC11C0SviWpRU8g=,15057.0
consensus_latency,OVHLf37KFlqW8Em9p0Ikula6FqlcwihTqHYnMKfL/pc=,15057.0
consensus_latency,QCGbmIWdp2o4tsY+Q/btdQnPwgLHZyhYIc1VOaqqx5Y=,15057.0
consensus_latency,QdPr78D2pEnFlvIHM5LPor6+KZOzdWlYm9fs2fliH3Q=,15057.0
consensus_latency,Rj7sjNnEWLMt03T99nPwSEQrgpweK4DixBS8fue0Tu0=,15057.0
consensus_latency,R65kdZOanWgmy233i9lCdNqZBHQpu1RBBIPplbtzot4=,15057.0
consensus_latency,SBuWuAAmVryf7dBvNXE9s/CHLt4+fz3imxlaeHWmPnY=,15057.0
consensus_latency,TQ1QuaJM7AeKddi7Q06hQ/WDhNoBjl3pJ5EH1HvLLbg=,15057.0
consensus_latency,T32XKMzFnVjpxg3Kze/l2W4cFoJ1aQNC2PbbZbKp+Gk=,15057.0
consensus_latency,UClflKcDk+Ffi8bLKITY69qp/V67U9e1CfHh06nTMKU=,15057.0
consensus_latency,UywftaKUq2XZTyoscgP09X1ego7/RERgAdgrzTr9760=,15057.0
consensus_latency,VCw9vrdSIwNtotxNKWzByPL2t5J9QXwAD8b2nyOQTvQ=,15057.0
consensus_latency,VJE5DFSlyWrjQuUp7B0GhyqfaEKhDk128Wi3IBw1zQc=,15057.0
consensus_latency,Vk2sIOCuTPZLEUDOY/8QzeAiKV28hPug3BD7TogiE2E=,15057.0
consensus_latency,VzCXK343gCdw75y0WxgpVLpMhr11DRSazxF7slPNJNE=,15057.0
consensus_latency,WdVxtxAogNC587TebiQ95GQlKdSZacQV/ci0vPj7JSQ=,15057.0
consensus_latency,WzsrKNPLDVqsP6AltBc5k38+YBkoRS2hsvEAM02AhLQ=,15057.0
consensus_latency,XIShKMLvgxjHM5lEKdlr9F0g6A7lk8//VzdqVjEV2yA=,15057.0
consensus_latency,Xts6vNyM8aL0VnwI3pd3SdOyfnj+mGbi3l8jbmkUvv4=,15057.0
consensus_latency,X96IvUOqluaVNSKR19jYbH2LSO3dbY2f2nfS8VHendg=,15057.0
consensus_latency,Yldu3k7nDQt7xw6u6QaJ6zy+/e4fnrcYjSojog7W+Cs=,15057.0
consensus_latency,ZBl22EVOlsApVQdCrrrc8JYvFq1m6dGHTvHOeaHaax8=,15057.0
consensus_latency,ZMHxzXkbxQLFqnS+2h9OgCdGd7/t5gXGs65Ub50g+oA=,15057.0
consensus_latency,aEJCTgB96TBoPHZ0slOXGU4hcHaxPApgbVmexkZ0/UA=,15057.0
consensus_latency,byg7Lv6YpTjODhlI47Kj+AGMs/bB3GBv3SvvIU0t29Y=,15057.0
consensus_latency,b2FFuveTExCO6SI2af/FQHjW4OpI5/jVS1fmuSeEeBA=,15057.0
consensus_latency,cXltmg7FpF05navKh3RUWmgKPuOpB2BoTs+8tSple5w=,15057.0
consensus_latency,cYfn4yfI9QToy/IBg7AvPEt6h5w4ucOotmVt4QqmrbA=,15057.0
consensus_latency,dYuluTdUJOjOXwOCd/aYh/p6DHa6kew54VUimiVOnC0=,15057.0
consensus_latency,eQZO30a2zpdytkKaxSRS/aHCmtEmjoDc0idwBmb7Eyc=,15057.0
consensus_latency,fh/COp2ZCy+51Hz219rPvwh0Mo4lf8mmzk0yn0l/h1U=,15057.0
consensus_latency,iw5P+ocXeyeXlZoGBFa3NC2WvtpM0rHR+MWLkEvH8UA=,15057.0
consensus_latency,i58z7CyP3WH33oymRslfllnQVrmo0CN11wQ7MB0T33o=,15057.0
consensus_latency,jK7LoborIx7AvKkiJ5rOrARaNV/DeH6rGBGu3VK6BVs=,15057.0
consensus_latency,jpNngF8WwNuGDNWsIOI3HejpM57NaU1DKEkVfM7pGSw=,15057.0
consensus_latency,ll/YAzvJ+Wyf7O9yH8c8u8n06nKGBalqYs+g7+s+wJ0=,15057.0
consensus_latency,nWBk1D2OFoItliUs08cWkysZu/4fBx2UX1xaEMeWDuI=,15057.0
consensus_latency,ngzLUXOWOoB4Eucx4/IYQdWssXyUpWtRiKZ+cvvUEnw=,15057.0
consensus_latency,pu9EMdtJJGey1DHw8qhVSIw5LywVze5fCnKU7nKpMJI=,15057.0
consensus_latency,pwzPqf2TeSCULdBha2cpMKWRIQLhbcObUeyQ9TUxizM=,15058.0
consensus_latency,q32doJAOzVlSiper8pHUcCDhURqXR1jUnFZ6gazFCIY=,15058.0
consensus_latency,rF55tDs4UVVIxZD11q3zzzBAYW0RdzQceHGWG9e9WKU=,15058.0
consensus_latency,rIYqi+c6Sy2mFZCVBhasqGj1rZw8kl5CUifVhClYvys=,15058.0
consensus_latency,rkJQ6uU2x5Ep4idRDjpiDRvkgoQatiPvDdPnKaIiIjw=,15058.0
consensus_latency,ru72CoqatpF+4CZkCxmDdO4Hh4FGsqBSshLYxXRtlMI=,15058.0
consensus_latency,r8Ih9RZTrCh18uFAGIoOGqDgYrixUkq9YTPaq79O9Ro=,15058.0
consensus_latency,sMtl8HPx+OoYdqgQwFEmrH9+SgzB+6FalXGNzK5B3Y4=,15058.0
consensus_latency,vM0nYBgZmCxBBo4kjRGydMrSSYQ0edovXxHzqQKgi7A=,15058.0
consensus_latency,vYO65otS8VycnEJG/iuAS0t8ODhtnDgsXjhc5SzVRb0=,15058.0
consensus_latency,w+nx4PB9ey1RbKJZhQITAT5L5oAwYqyLkNuTwGwmhls=,15058.0
consensus_latency,xJHid/s8yquSbHw0aydGVEBOdYs0Mx0ZhBPHSudlzQY=,15058.0
consensus_latency,xXE37lHFKVGcMeJ5u30d4s4HIOn5i6nOJcQeYiUQLw4=,15058.0
consensus_latency,xXbL/0SXYT3BHucWH78114cGEly7Zfye1EyJewrOmKw=,15058.0
consensus_latency,zEj9+kkKcQ7xgcuBJQn5kMoCHjWnU+1k0tSCgzk7N9M=,15058.0
consensus_latency,0r8pmsYepwXZQ8YqJ/+z0kVaVxIlcJqHEQgpuY6GfIw=,15058.0
consensus_latency,05gVcMe3qmS/58JUnhglgE+3WswLhSE3nNwpA2L6iZY=,15058.0
consensus_latency,1Pbro3iXXkDl7NoOuOMCra7nyLIHVgSzaqnA6Zkamww=,15058.0
consensus_latency,2FUfkcYP/lAci2lF3exQWk0gc/vu8OB69ktSPwsurX0=,15058.0
consensus_latency,27Z8peG0CIGpbKlz3H56zDjL6K67gQLB9U7U+m6B7Zw=,15058.0
consensus_latency,31TbwEOG33nkiZDKHztpsSwi4ENfhkh4/13LF6M8Gho=,15058.0
consensus_latency,4Pre5/oJWTQa4WQYpNW/TUTuk4+32LS8l+uFfQgNTd0=,15058.0
consensus_latency,4+/KnkdtsKrUveqy+vknZEAWBRB16hX9fs6QnNKVscI=,15058.0
consensus_latency,5HHy98cVo8x86FZ1UJOMXeCfMWSD9DIyL82q1Fa/5nY=,15058.0
consensus_latency,6Y290Ee84A7JC5tbUm0l4JmJGrZ1MaDThZ1hCtxBMsI=,15058.0
consensus_latency,6bfChvG4l/SdYxGK231JKodvsAPUuuMB8JgSJHY1al8=,15058.0
consensus_latency,7ix44J5J7Zu6wM0DzftCK5D+gEDj08tMidY75vmUcbM=,15058.0
consensus_latency,7p3jLfE9LtmD8fz4F4ObSjc1Zj0osFR+DZL2ESaEoLY=,15058.0
consensus_latency,7shCiwpVLrQAgogps8e2BOBifgSmPxvFI2fkFA1cFPM=,15058.0
consensus_latency,79zJWrWVJfHBIdTRPqgYWA6iLX7NBXPbkyTqybVjLCk=,15058.0
consensus_latency,8Ewlltmty3GUlh0rwPV+862DFkAhIIKGBY5X0tm0Fi0=,15058.0
consensus_latency,8GcunGaiWp6DZ+OezalcSV3Ss8gyeEhuqcO5wbRtLGs=,15058.0
consensus_latency,8OfWCYXHtIRBW9yF/iaAW+p0O2gmnDzwTlczcRwy060=,15058.0
consensus_latency,9MSiE9x5ub6QOu8JI/0uB1mOF1fw+ez3ZDXOhn4qN5A=,15058.0
consensus_latency,9jMUuqBEtrm8EojwYfNIivzuviIVSltuhLuQnzqMoK0=,15058.0
consensus_latency,9oYXDY3W9MzqH0wmUT8gEpKAP5+p1NH8wtrx1P4DNW0=,15058.0
consensus_latency,972ZKTLjOJL3dFdhH4L+8vgkHyazZ9eysCFCTU2IbhI=,15058.0
consensus_latency,+mzvKsmAOFV3iZqGZ81Y8jWn/Qf9r0cbtow781VbLs4=,15058.0
consensus_latency,+8nZ4iGmwcilT1NOWxbgHYrPoJbKx5P0v7mFVbjn1lw=,15058.0
consensus_latency,/DEwgfPJHspw4Eqh3EjFbflay/txDa9Jhaxb6xrETIo=,15058.0
consensus_latency,/ni+12t0rdMQsGfFgqf+xQoCiy5+kVTpwkQ5DEh+hpQ=,15058.0
consensus_latency,FCVUW12kXKZKb3wupWem1xO4axpAocDCrBxFPV38H8k=,7360.0
consensus_latency,FbsG+PGCDV60ifB00AJf7vBoj7S8i1hpgopugQgd1ME=,7360.0
consensus_latency,GNXFK5uQSC+xaSLlCClfFi68JzY0USPim2x1P9vzSuk=,7360.0
consensus_latency,L0SwM7m9wsInBBaF9OKQfbOmBZWq/JvALGZVPIbEhjo=,7360.0
consensus_latency,NNuNzEPEiFD6iM8aIo84nHD2dEZED8o+uHS9WHPfjnQ=,7360.0
consensus_latency,V/nZzgqJ7IOSOkQTU6PAPgFZvkqHjuE5vh8/L58olIw=,7359.0
consensus_latency,WQ9bF/kYttJpKuIiKmiqAYfnZcLGauHCsRoGMAG8/W4=,7359.0
consensus_latency,Z5QMIjDr5g3BBT8xR/i+7RJp9r2tDwkI3jdP62XxYXM=,7359.0
consensus_latency,oU91Ke57UGcu+bfPDPRZB40sIUNAmJuYUjmqL0/O540=,7359.0
consensus_latency,r++vEvsBqDXOKQB1uwsKag+Q6JpbSo8y7BCYnpSixR4=,7359.0
consensus_latency,vBJTYhuMkCvEj6k94OFytL7ffY0NtdUUnXJ+5LU3/rA=,7359.0
consensus_latency,4izIn0EsuKmQkpuJbVThY4vPrk03vmAcLxCxkYat32M=,7359.0
consensus_latency,6kmkzAwG4CLByrdDlGiSJIxa5TYtJMmqY+s9X44Ev1g=,7359.0
consensus_latency,BYpQD9bDLTaMBliOXSxJ+LALUjrypd+rqTBCImuuv88=,35054.0
consensus_latency,BZFrVS1dtf6SgGZYpYFTIfd4j9EkwT3cWoCvpukw+DU=,35054.0
consensus_latency,DCiWShxKP/JkiO8/LmJa/mBeqtqDXrIA14WpPLl/G/U=,35054.0
consensus_latency,Dtd4WNC0VhfS/L3VhMM5+j7+qM9kcoqXihu7TPdjm2o=,35054.0
consensus_latency,D8v4T/W0qu+U3RIuDEtUoacTffON8wGO82P2CXaxrSk=,35054.0
consensus_latency,EXbxMNvGXMPT/YTmHlqB4U5a3pKsOdjYlziiPIdachA=,35054.0
consensus_latency,Ed7Sa8HBY8doF8G9V4q3TRiwlUiOhJwecDax/9qy3Ew=,35054.0
consensus_latency,ExTNfAVq/2l3qNwy/BGnnRh0cMCNtG5/9fsDyya+tpU=,35054.0
consensus_latency,FxdZTl7jkOE5VJyIWmmMvoMw5SXSaVHvIhrfTPnBhP0=,35054.0
consensus_latency,GaYToXcnH2NMe1Y44gnjlL+ClDzen5dIpcUN0vM/jWQ=,35054.0
consensus_latency,Gc10QOtQIJie/OdzzpFIlaAkJui8sFfeNtP2A14TSD4=,35054.0
consensus_latency,Gmp+9f3Imro2p4T5SOyniB1ORSSFR0j4lF8noVM9GfI=,35054.0
consensus_latency,Gn7nEfkv0206JmPmTfWdYOg8eBp/l8LOv0qOPKHIehI=,35054.0
consensus_latency,G7n8HfA1/qtOtpKlIy3Jc9xHJzOhs8QoDygXCl90470=,35054.0
consensus_latency,HPgC/YVxIsk1Tschs4iumYwaqHpxEKMJLLBBhQffBqE=,35054.0
consensus_latency,HpTsCFaoIMwy5eK4MGED9BI3piBjp9K5bqcGEpWbriU=,35054.0
consensus_latency,IHEYQE2wJsZURi4mT7KsiAYxwNMlo9Y+gS4iREuNahg=,35054.0
consensus_latency,IP8d/0cdSJnzIW5iod5iNihn5woJ8+pWnXUlubI5Dd8=,35054.0
consensus_latency,IZfSoGLvvmSy3cYrqdxNKroYp6wzmvmlToN22YHOnPU=,35054.0
consensus_latency,JiN3sXbSpnPedTiZ5747J9Ho27TQKfbFAQH42ihRcfo=,35054.0
consensus_latency,K7lsbbIngsPbjYfqG1lSu4jcngBhx6EMonQ60j87/40=,35054.0
consensus_latency,LzGxHgBeEtnPCTfMaB7YlqyTmU2cyK1Oc4/n6SMYzz0=,35054.0
consensus_latency,M7c5jsClnpP0j6jvgCVujQd5ON2ejViGAOt3TuFUFqw=,35054.0
consensus_latency,OAgenQ+/m5NqFaSt0tFWr9OD/F5RDDYMkya3N5IB7u4=,35054.0
consensus_latency,PqJBB1prdQDBzA1rZ7OG/hqT0jNvcThHi9POodekx8A=,35054.0
consensus_latency,P9DdthQZ1xO3icEbNHzB2ed02j3ac7wv+USHopK4qhs=,35054.0
consensus_latency,Q3ygE4rlVMRpZri/i7S4TY26zCqSfaOdjgPuH8u7kJQ=,35054.0
consensus_latency,RB4E3I6uLkecJQ7xCLrnCLbC6QZPaHNx7MoRBRzpg/k=,35054.0
consensus_latency,R3qWyFUavisTXdet0XC8k7Mn2MVqj1/3hQaxcVvs6wg=,35054.0
consensus_latency,SL5bN1KficQPXVBLyTfYjLW3OKKn6RWmnfV6Hy4hxus=,35054.0
consensus_latency,SXtwwL03NcaM5AOHtuEr5ImuT05jgrgw/t5BgFbMieQ=,35054.0
consensus_latency,TDBSKYyQk4EXuOKHpud+QH+W+8NYGlWLBgP4DMnTRFI=,35054.0
consensus_latency,TZK/eJ6JkEbPK39dKcLtqkK9obwF4OOJxbkLMb1K3TM=,35054.0
consensus_latency,URJZF8srDkLG/qQcVRcTPJNP6ByuW67t3i8lXjfMKtQ=,35054.0
consensus_latency,UnZc9Y/iALccQP1k4kf+l/Dfu/2Yc4Skz0BIq4GXbCY=,35054.0
consensus_latency,VHyCNyfZ2LwZSv/DF0rBt/oFHvLMJsvyCmua9ectv50=,35054.0
consensus_latency,VaRJUkq0swKhElDCQAMmZmVLteuTSh8r256ZJk5ttnk=,35054.0
consensus_latency,Vcz7k/01Pkxd/Z0sdRBNzmoPvFKcTTKXPNhE60kAF58=,35054.0
consensus_latency,V2yAwNmHXfeZZ+uKuAXb+6Xc/4T2Hz95fByWO4LSlAE=,35054.0
consensus_latency,WBCk/tWOE1228+JqZhJm+Aeg+FChZfk6eL+SWZ0tXGM=,35054.0
consensus_latency,WPk32cSXD4HQjDeMNJCYkXal5SB1S8C1A/+pUCbRagI=,35054.0
consensus_latency,WYizYn86n8+XqBzFHRlz9H7t/+HTPSyy0MwwNAjjf14=,35054.0
consensus_latency,WzbYD5HujVzCVQYeQaw456eO/87/wEsEPPUtId63n9Y=,35054.0
consensus_latency,X8+CoQKhb/wKlLUTN9zCAw8chXc27gbPlDX4hflTh78=,35054.0
consensus_latency,Ze9N56RfNJK3sv6Z7cVBC+r2i9qcU8I25M5fNV3KfiU=,35054.0
consensus_latency,ZgDl+EMgH6BfNeuq3/AMgMeVnVJrP9h01ZbWRbMQlSg=,35054.0
consensus_latency,ZzqfvGhNSEi2Td15bxcfXMfKdV9eieP3Co5uO3WtJ4g=,35054.0
consensus_latency,Z7CzpYlTwQWLI/sVE+J1FXbCeoTKnwfMeHxrb8mjydw=,35054.0
consensus_latency,aIjbrrm89qw1712pqXDnWZH/npgWNmBN1eN0zMToxk4=,35054.0
consensus_latency,bbYyiwnz/VxKdpFD0xVcAlNAy5a972PWlvCw+WLP1bA=,35054.0
consensus_latency,bre9Jnb0UQfeLu4huQZ6gDllLdhuEJ4e6RrI1YamKMM=,35054.0
consensus_latency,b8NAX9rzKPdeCMAGqChtWe1B5VpDZAHYPr4cVFXO6xI=,35054.0
consensus_latency,cH3RfJQJ3Ti/fgcbDszvDTbzEnoCTC1T06IHwIVWcdQ=,35054.0
consensus_latency,cntc0AVUSP21ajkY0qNudGX4z7Q/Ef4YRJfRreCl1+0=,35054.0
consensus_latency,dv01t/npEQctao9bxl56It0J51/rgCkP7Idl80h9GpM=,35054.0
consensus_latency,eYj6fx9B2MWLM/Lhd+KGCYLOGrWGdBc+6G3EPelWAl0=,35054.0
consensus_latency,eila1kUWNu2RbzpI9B7kaH+KIuab3daTw/qXIgeMLeQ=,35054.0
consensus_latency,fSpsVhUMwWw/JofmHIw6q2TiMLWiNOIGbuHAcPgP0wE=,35054.0
consensus_latency,fj2H+VYUiiTAdLIn9J5Qz8syy/zRwuCfXByDxD0GUcE=,35054.0
consensus_latency,gkaGKgy/DxvtdLP1easffggVv8sqc1PXb033QOrV80I=,35054.0
consensus_latency,g5nvSfxTilZvlFFJQdDI74wKwnDqF+MG/v8FrNcPeYs=,35054.0
consensus_latency,hyrghEhGJjIqAUqb3zkX1eBdCCh5SP9Hiog1jPpfUOI=,35054.0
consensus_latency,ikIOPm6O/1cG9GhIPs+ShtsxPxfTrKm0Km+jNbFdVq4=,35054.0
consensus_latency,i+sOr8NOkRKROTNXTy6coJFyBj+otuqvKFKQDif+L18=,35054.0
consensus_latency,kWmoJl5G9rm+hvxc9RILv28Hg2P/GjUa655czRrskDg=,35054.0
consensus_latency,kwwCKxsnRwKQU9zQqlImgFc8Qoh+LJN9qoLAIPx4cDg=,35054.0
consensus_latency,liWr8FYJ54cFB4TmUri7PwTaIM+qbYuP1V6myT0JKHk=,35054.0
consensus_latency,lkBkRsDt4SdcHGtgE/2YH3wNqK23+66DAYvKKKqdmg4=,35054.0
consensus_latency,lussqivFmRzcEJy9Qh0MYK78uAhL/NZxU2jbPr6sLl4=,35054.0
consensus_latency,lxdXQia8cSjgjd+X7khpygriVMtIaTby/VaBW/9jubw=,35054.0
consensus_latency,mAJVdN01ik3nE1CQ6RvOgzKGiCoI13eZP03zrZpg9wI=,35054.0
consensus_latency,mOoSlWGK7Sdmln5kzjqr4YObBpusVunoY2fr/BwXbA4=,35054.0
consensus_latency,mtQWi2kxcpOUCrfhhyjvIOP2WSZ+X3+RIPvfLxP3BXA=,35054.0
consensus_latency,m3w+r+q2WwGijlRBZ6GJYXFc0owIEQdWZiIJLqMcXhc=,35054.0
consensus_latency,nCgNIpvhH1LJH8uxgdJxhenChZCBj6teBJLOYW9JrmU=,35054.0
consensus_latency,nFOuMnb1/yFJgXc0MsTMk+brrIATKEZNwlZ3OoTnl2Y=,35054.0
consensus_latency,nGlscqN1Avv9WMbK3VWyjEd2lSdYIPtuScfjff1sCV4=,35054.0
consensus_latency,oWUokreTasvCPpR/BF5+EOZieSjr4hBFDyxB+AYQqj8=,35054.0
consensus_latency,o7omN2O9JL3iGf3TRAoRdkz+G0mDMF7gdtJiAAcHTUs=,35054.0
consensus_latency,paFZA05f89LruyAf3oriC/gciahpqaZ0C5UblygPxUw=,35054.0
consensus_latency,pcTXt5rEKp/FDTQuOLhNRvIPHapIv1GDqHq2sbrSUuo=,35054.0
consensus_latency,qa03ZBuGuKSWjHwAeY8/QYya9bbrJd/azjpy4SP9Qng=,35054.0
consensus_latency,qel9ZErkVXdhxct/TFpB3f7WAyMFL0c3K4g+W5m12iw=,35054.0
consensus_latency,q9tfi9frsTQiHtKupSabGyc3ks0maO1KQ+GKutD9ZF8=,35054.0
consensus_latency,rDy5u79V395a769CZbZijQ5IFjIcgD+5NRKj0nr0TmM=,35054.0
consensus_latency,rMP3YsCWTXuRTOoa0mZT2nQUdnylTLGagY2mJxeMTIg=,35054.0
consensus_latency,sDm3NCj9XPYnJVYR4FhGnRleFW59E08aqVATbGHUU+8=,35054.0
consensus_latency,sJ+mVcTSpNLFjvPtdzQvMgKo8+8KwsEOLwjKmbcAqds=,35054.0
consensus_latency,sZTicPAC/KV1yvckoOnGDWTCvVpkUU5GW9uGbNQmfr0=,35054.0
consensus_latency,s3XYaFmtQQJ7MmJpJeJ6vX9KcnhAIu8fa+FJFeKwb7Y=,35054.0
consensus_latency,tYVWSXjkaX+odUgBVwC1OB9jccJw8jURS3dCGtuxPTg=,35054.0
consensus_latency,ubFmAexpopJu9+ufbdvHvju45sDEZdAIAHh5KXIbFMQ=,35054.0
consensus_latency,uc4EpJwcINgCQDxSBjFLixp1Y8efBp9M4Lt1sBJBUGM=,35054.0
consensus_latency,urFDE+e3wXNhrYLYvSd7m5oUGNsCSzJTbsf3eN6D7hA=,35054.0
consensus_latency,v2rZ0B8T9kmz0iE/2TBARr/lMXR5Bz2rNHtnmx1nBoU=,35054.0
consensus_latency,xT32wKZRHCXSACwb23w4EyVP7WxxJUg3GZqkUAv94LQ=,35054.0
consensus_latency,x99HCL6utsgxnW4E6nhEmq4b4VGeyNwVQtztw/aQL3Q=,35054.0
consensus_latency,x999xq951c7/8ePC6SrPQP7xWYU8v+EZZSdXtL18Du0=,35054.0
consensus_latency,yW6E7yemBsRHZOQmU0NzV6uK81pDUq0xCP1wyfUDhA8=,35054.0
consensus_latency,yuSBV9CeSptkIEyIhc2YslLYJZYtx6/DjrCTzaMhYZ0=,35054.0
consensus_latency,y2ywjpQnzTaK9VY8D6eP61UymD1MbXROnKEthPBMPpE=,35054.0
consensus_latency,zTzu2lsrgE/uIpf3pnH2fZZpuAlFR49G6Kp424GEz6g=,35054.0
consensus_latency,0pUglqb7bAmq1VSd0GSe4oErHXzbN0E/IxZQP8thF8w=,35054.0
consensus_latency,028NOWsfE3UXxPUWRWbkLzXii503vK3OEobObq7KNdg=,35054.0
consensus_latency,1c0ezXt+94sJKDJF+OF/Z33Dhj1tLtQ+acLd5rg6+yo=,35054.0
consensus_latency,1+qTDSnPLn7TW6pHKoC6KOdWdojjY4+u6U63M4Bk9fk=,35054.0
consensus_latency,2VMFSUEEa3KMPD90K+ATfjYVjX24MxcFEASGC0M3MW4=,35054.0
consensus_latency,2bObpoFBb6kOO8KAnenBzj/O98KoBs3WJI6hNH0mzb0=,35054.0
consensus_latency,2sMYQdc+xUQ136xSCh/+kV7g9n2lyrrEPNugKjeH4BI=,35054.0
consensus_latency,32QqrzErDvydzRb1lHoEzbMRVhRoLgjNx151qSMq7Vs=,35054.0
consensus_latency,4UzemRgmFM1P673ifnDDp4zMCDqnFQEyp0FOxBS1NKs=,35054.0
consensus_latency,4boB57Psury6W5AYPjEqKvwy/U2ZajlHn+5lX+Xoc9M=,35054.0
consensus_latency,5DTNVCS935IYSPK5NAwCLJk/LUENlJhxeq70P8bXKME=,35054.0
consensus_latency,5WB/0/sbqNcz/Ti6hC9yviP/lXH8PeVBiIDTMbvnRA4=,35054.0
consensus_latency,5pEKDcVjk8vRjx1aUg1ct3+vtSArw0lHXWp/gpqOL0k=,35054.0
consensus_latency,5997w1U3vYacxRm0RoJCfPlM/5XL0cmuUUzOHxBPDU8=,35054.0
consensus_latency,6LNX/OoOHunaeGYC+XJRioLm2p+5veW9rfzdaIUJG/k=,35054.0
consensus_latency,7iLrkuXEHBJ21Rrg24esDRboASFn5WgqvXPrYi17tgc=,35054.0
consensus_latency,8ox0YLUsNIkYnP1lVqbJKzeZT0HTMF80XBV97cVLwOE=,35054.0
consensus_latency,9Xy2ByvrGrcQN7/i5CnGjp2topAKudBXD+zdKdbxbfU=,35054.0
consensus_latency,9k9J49E2SAJlorYS7RafIlA/23kBNcNEMgoZjSuzhHI=,35054.0
consensus_latency,+y1Q+p7Ib68Y8H+K8jJ4MMSyQ8+N8nXPuQhyJe09aZk=,35054.0
consensus_latency,/B+11nnhxEa0c6Yc0P4IevcqdTd5DPw8D4mVMktZIcY=,35054.0
consensus_latency,/IArLUKP6acaVPBM75Yvp/pCjwLErVwpyC5c7NJ3/vU=,35054.0
consensus_latency,/OswF8/a58hO341AtfEmPg3hl6RGWP6V+6ZYMe7h01k=,35054.0
consensus_latency,/ZUFuS9ej9Snx+1qEfh1cdkbrICmZxlNe9ZHjrMbsDY=,35054.0
consensus_latency,/+TQiflsL63onTy7ZzU+e27jP5oGZO0fMQkYyuUyN/c=,35054.0
consensus_latency,0sBJYaBaLZTYXDMcotE29XYpVSSW7w4DyWKEZ/FTWXI=,27268.0
consensus_latency,Aft9kHAqpRXHhFUkG3CnnWcqBEmgBCl8rnIr2odS/cg=,27304.0
consensus_latency,FTwvh14ei90SIHRzjpjqwg7pNxjmOPA42xW4H13v55Y=,27304.0
consensus_latency,UK6Papy2y6z2bXIrUYwQcN88P90ekkIMMsXxsNYCErI=,27304.0
consensus_latency,WkbQcmgOukm/a9INBpmdvhQCLkpth+HO3BlCE19b2+Y=,27304.0
consensus_latency,awNzXQeIF5m5iFqneRugA5JhBsjnlib71+9m5xVaEts=,27304.0
consensus_latency,i15updsmm1OWYSVqlUj7Bvr+MSdAHAfStiSb3hCTzMI=,27304.0
consensus_latency,lItYmpU5t7bLZckxOGdE6kJp8hKNcWujyULe+xcY/wY=,27304.0
consensus_latency,s/BwbNu0t3/OFGFQM0ioTUjv74DW3hO4wcQjlHoLt1o=,27304.0
consensus_latency,ue70ixyIGk1k+17jYm5bC9sJ8MPp3iM3Pnhp+mIEeKU=,27304.0
consensus_latency,vIOGgZOqNMT4AbXX3U6fK6/fGD7Qh3UDJmxmcGM7mKs=,27304.0
consensus_latency,xxbKu50HN7d3NMkNc3OTJeVQNv4pc/rGqQjyJSlcoxU=,27304.0
consensus_latency,15wNAD+U4tOSDQBoqgqj8gnRIMJB5sU7MS5WV8pti3I=,27304.0
consensus_latency,209aCcfxWLlFWzNhqLcJxJtaX6MOqiDrDeAkNhGE4Eo=,27304.0
consensus_latency,43zQanlhK2Lttzt+qzuYiUNYoP3RwKSy6rlkzBwvkA8=,27304.0
consensus_latency,+4ozQUgNSBxndljJHAXa4WSSVhfJ75TobdOflRId6ZY=,27304.0
consensus_latency,/e7+ifIz8+wF2cI7uwXKMS7O8wm8gFE07cepti30ogE=,27304.0
consensus_latency,/ipPnkd+0Z0sIr5uCVJPJWzhzxWSe5FdZB2s906hdvM=,27304.0
consensus_latency,/wWOYiUf3f5L8WIpyvzhpqrJok84/FvON/NgPJ186FA=,27304.0
consensus_latency,BrRVQzuGAB9p/1d3ou6cwUg48nOAicF/WoommB+O8F8=,27190.0
consensus_latency,0B8c3fZytkPbaSQ4aA0Q/b1iIAfDbpNXh22KgytVJwU=,27303.0
consensus_latency,ABSBWOeZoeK1n1LKrR0JI0bMSEKKzDQaStMCm4f4in0=,27304.0
consensus_latency,JPBqelUTutU+X/cd1KwNupzrhXMUxNQAYmgM2R7rfCs=,27304.0
consensus_latency,L20SvHZNe/v+eRvyYBLM1Usen/kUGYbeJCeUcEKihpE=,27303.0
consensus_latency,M+tmA6je8CfnpwtfV+28iov8PwYijAO7QoduuI/i9Fw=,27303.0
consensus_latency,Sh5/yjcPxOG3NspKclh7CgaL36w3+oA6vYwufEbs8xE=,27303.0
consensus_latency,SwsydWXuOdaEzEt62kJdHOEGfWv7ZHNOkISdpIsyKbE=,27303.0
consensus_latency,Toh5UpU19BBN1jUPK7RIqP5KwX31Shqcw7/IJIjmblw=,27303.0
consensus_latency,XY28xJK3eSPretmYeVSXkCemaZ749FKdlSp3M56s7fo=,27303.0
consensus_latency,bo7eCsfyOO/Y6XdteeKoEp1rEnZRNMSDcSliET8jj1I=,27303.0
consensus_latency,q6utowS0FrOq7TpcRfkJ9IyZy2wyOAKu0DE5l/sAstI=,27303.0
consensus_latency,wSAeyk6LDQDV7U0tf13TTbG9PrM4axiltIqf8b6Wu14=,27303.0
consensus_latency,3H9vGL9sjGgKIcqe9B3bws/ALaKkVUM3zBNPJKgo1S8=,27303.0
consensus_latency,7Jxa8bCNZ5a3QDC7/Qjr0TD24J1oySeuO0wiJ8gcwy8=,27303.0
consensus_latency,G7xiF38247exExhk2OSlgEC/O3kWsQZfEv8iNzkmNzM=,27303.0
consensus_latency,IOBb+QsOn81K3xZdY7/wamneYWZm+MFwjmhNQytQbXY=,27303.0
consensus_latency,XT3GappifVnG4sLVf615natLCstAMaWObVM8T48y3pI=,27303.0
consensus_latency,xBBqmTgcZNrSIddVTw0918K8a0JYn7JMGvCBh+aebyQ=,27303.0
consensus_latency,zucCcqSS1l34Db6KIrorAHLNZ3y2X4M4JJvhZp7KqsY=,27303.0
consensus_latency,2lb4T6FhXV3zOrwR7aqz4i2SO9HRW/gm2+ryr11Dzg4=,27303.0
consensus_latency,/XOE4A1iVNGADpTToE5tbleYYH0t2hWGUgipCN3oPkg=,27303.0
consensus_latency,BfAfvfpQlqhDXD25Iqh1eEl8KQ06vOq6hgtqYAJ5SY0=,27268.0
consensus_latency,Hmv3S0U036YCwhDAHrXsSA88rbBbO8BOkfm7XaE5Oa0=,27268.0
consensus_latency,JqIYO7rgKHFGl6FFbyXFPIuJcYJiAugzfNO3z/lDLWQ=,27268.0
consensus_latency,LuHZJeOgtvB9NGSZqC/lXs+mUWo0ktxyp647YjfVns0=,27268.0
consensus_latency,PingYQcI7mii42GS0q3hP3F8hzbASJTvW1qHkkh6s0s=,27268.0
consensus_latency,QhgynM/rkaf/DTujXSjtaZ1LAHqP0oNuqsklK3nq23c=,27268.0
consensus_latency,QiRTxxhHBFCrRd9NjIp778ssp98KODCvndTeRe5f0ps=,27268.0
consensus_latency,T+P7rGEDZbJ1OpkLXOoGbApRkUzmYGmGPbUlJcmihUI=,27268.0
consensus_latency,VUIPB4ApK2ZYFNyDv90mRskhn6xgT0nntnbb7YO4Pn0=,27268.0
consensus_latency,XCmistIeoQGF5NCwB7bShfDdPw6nIcAZDngHhYDSuNw=,27268.0
consensus_latency,Xl9SaRcrFvOr6sbk0i/wtFJ075Vburh/hB4OmZ0qHxc=,27268.0
consensus_latency,XoTBGhGUmN9Efyj4GKqxJklQ+t0LettJLD2Y1ruzZkg=,27268.0
consensus_latency,Z/GW0mMx65ip/b+cyixZcNM3+V9b1zFd3IouFzftHhU=,27268.0
consensus_latency,c96cVyWakyD9l/mYmpCTxULISv8DK+RCGHHtb34o9yc=,27268.0
consensus_latency,g+MpHz0J6dKVF/dnjWObFG4g7NTgC9CJFdhL45ni38o=,27268.0
consensus_latency,tpXGBXwIQrfav701mUPovH7at6PopvNFNQOG9OTtXFA=,27268.0
consensus_latency,ukHAb2d+DpZCPN2QtFtn89QhDPdzQV/OUitW/oOhZu4=,27268.0
consensus_latency,Dmv10c0msuFAghbVWvyZeXtTW8A56k8A+Rz7Vj4aKJo=,27304.0
consensus_latency,D8YcocpezAP77P/wxISveJj/jOsVvvBrr5jYMY2S6gQ=,27304.0
consensus_latency,HXTjvEilAm35uCRL/YiHwNG53icq/oyTlAJ1l6Hr8SM=,27304.0
consensus_latency,H0+EeplUXtd5/j1PNEAplKO1v2zHkEsvgE2h61xY6VI=,27305.0
consensus_latency,JzRWIAyJciR0Vax0dC0P3vKZdy597PmdX9OZBdsSFak=,27305.0
consensus_latency,MLqJbMyrqK7m5pMKo7dnDbKzvBMHIbsa6yfSIPRz+JU=,27305.0
consensus_latency,NBJAM8GerZC46YdXLuGvzTyHYnDbP7uGDxKsRZQ/39c=,27305.0
consensus_latency,O9xytRgn+VQSkoC4Sb/4wUjd5M2Q/JaM1C5laQroLhg=,27305.0
consensus_latency,Pw60o39GXhZwFqKl/modd2Vqn4JGjdyF8AY51s46J8A=,27305.0
consensus_latency,U06YUGKuGLKpsgfMakd4O56FEkbTUTgCVNwUX8OCnHw=,27305.0
consensus_latency,We0T/xKVOktmIb+fMuTFQ6a2iTGnWJJbl364htQHENo=,27305.0
consensus_latency,Y7L4Y3aUlJ4yLyjspPwHBam3fsvMHF+SzZp4INrfQY4=,27305.0
consensus_latency,ZNHTD0V2JdTOwP4TAJDKFFmzFCcaM/uLU/n/Syezi14=,27305.0
consensus_latency,ceLF8bFlswqZfbpuY+WBtmcvQypv6xISpSp+EldLpk0=,27305.0
consensus_latency,dARKnK/usVJfg5l2uNh57uWAJu1Tpc0WdAhMJzFlofs=,27305.0
consensus_latency,eVxFK7hTaJtZpX16Qok50KMJNwuJ5mxPAW0E5Drslp4=,27305.0
consensus_latency,gAcETxwES8mxcPtRXLieon4txKg9Za85Y/J495QRcOY=,27305.0
consensus_latency,kNpRd2M4sr8InhY0WF6/Tm/DTOSU2gExFmgbl/gdZEQ=,27305.0
consensus_latency,ntkKLTt3+O6ZKM/ZwFr9P9r/lEPwM1dwt8Vby0T54Yc=,27305.0
consensus_latency,ogrv+jsodQhIk7CK3TD0BbdVr6xu+uaqeuQyuUt5vek=,27305.0
consensus_latency,qakv0dFxqx7ptwEz8Go06PMrHeoA/MyT1phi1OnQ+ag=,27305.0
consensus_latency,2Jp2aQ3JybBo2oqLEGd3XO7Mzo8TT/9nGQu+H3+fap8=,27305.0
consensus_latency,3117bNNKvEgB3+6Vo8G1yoPJ1NO6NLCnaEKf9+OTLag=,27305.0
consensus_latency,6YEMM5njPD8i/y8kJL0Im7sVLVJxHC3rfjQ1kvzoFa8=,27305.0
consensus_latency,8dLyvDiUGj8LtHrJqNcQYgszR1M7OQew0lWlEckmJuo=,27305.0
consensus_latency,/U9PIw8X5s1gGARMVXT+BYvdSZj14tti6vryUjcPS6k=,27305.0
consensus_latency,BZN840hyd9CSKy7ELzpswjVyaYQQxErd/i2gT1B6FUY=,20521.0
consensus_latency,BcLyUon6L32R2uKBqHtesP+rD2hxojy8yRVDQv79FHg=,20521.0
consensus_latency,BisgTzwI5f8OTegrmW/UgXwoE6LJR/jP97TyJuQQ12E=,20521.0
consensus_latency,Bj6aolKCUIyIeFhbcleN6dJ7PmmR6b5p6wcMjv/FKng=,20521.0
consensus_latency,BkaQ57vefaoAraHIiodbMk6+VI/VKONoqDQMJ33g/Jc=,20521.0
consensus_latency,DtU1KPQetUgH2Ww3toxp7k7FgGtIWQFj/tnmfnLXCQc=,20521.0
consensus_latency,Ex40k/xRpUiYTsaxGEUG+rbVT4ruHV5WpIYqCdFbZlc=,20521.0
consensus_latency,FmK5XjG7Wk2JoQJ4tbx4+wEH7JZYblLAXiYrEJl9AhI=,20521.0
consensus_latency,HJS46/BGywMZkiwx28+kizGqCdK+Vyt5xoBIHdxqBmI=,20521.0
consensus_latency,Hmo3YPjZJPugHMv5Df95vRdcJ23Ni5vwojur47NYCEs=,20521.0
consensus_latency,KERKGtkIR3GrnWe8BidoKaQQWlRnqWRRKpGL7q2AblM=,20521.0
consensus_latency,K2zhuUxzeLClendZdaLmHZ4hML5GrCQozsb3ICeKC5w=,20521.0
consensus_latency,LVegU3s/BxqCgeYiYD//N27jm+DIGfbvNSRh97LmYt8=,20521.0
consensus_latency,Lemt8amIFdqR0sLYocM0xXNxTo6Yz6bMjQt4Rdecy9I=,20521.0
consensus_latency,MH31E+JaLGCpK1UJSx36sUDf4xjZnG+Z5wB/liHaTd4=,20521.0
consensus_latency,MV77IDO4f4vybskDhy00VV0UrtX/aJec7lud9Zv84bo=,20521.0
consensus_latency,Ne6Icfr0xHQnjhYHaDk+6yDUP/+PqRPRVooYutbxZjc=,20521.0
consensus_latency,N7r+1kUgc9Q/zfSkbWdCf5vih4YdF59m2/sxx/eBhlg=,20521.0
consensus_latency,OI77ySLsPRWIRqESV2TKdIi8VFXhDWPc+PY/FqloKIM=,20521.0
consensus_latency,ORl6DuWIb4fMgnZ4g7iWxFwD1v/BltwHAcLzAlpF1hU=,20521.0
consensus_latency,OZtoZxr17PuHTcG5QO4mQ+2GJWOextWOBqqeEFKamok=,20521.0
consensus_latency,O3p7IpOMrYatp7nI99OTWeMFI/Kfh+ELWIaPhGk4C7I=,20521.0
consensus_latency,PtfdsNmwzIWY5OdK8ZrqoqZL8bbs3T3I3zJgni0KCe0=,20521.0
consensus_latency,Qx/kHFo3YEDlkqtZNYy++75qKJWoj4OTx7lAFm4elLA=,20521.0
consensus_latency,Q2gYz2bRFGnEwLbKqmk2Bp65KiwByesHe8LBPERQdZE=,20521.0
consensus_latency,Ry3XEgNtYh0fbx623haNgyeyFWhQ2A8UNUhBGnKm9p0=,20521.0
consensus_latency,S+KwZqkxToihTayj1YxUDLPivFynKhlPK7aKzR3xXxQ=,20521.0
consensus_latency,VEgXwt94AA5xuYwpoY3T6nhmHd44NHVb/jTVIpPl4s8=,20521.0
consensus_latency,Vqr+VsQBHhIb+EXnpK8zZ5bf0uf0Fu7Kvu4B3UVE2hc=,20521.0
consensus_latency,VwOw3dg0kM3rZPcI12CL1zHjR2wN5LdjgHVWKMK+UZk=,20521.0
consensus_latency,WVDKZ+qPLL3qqdl+Na9kh2tQP9IBtboTPZKAxpj6xbM=,20521.0
consensus_latency,Wa5e264hU48rtlDP74uc58qPxm1awdqOn5TxoqSJL14=,20521.0
consensus_latency,W6jkBNNqafSR7ym7ntizgeqcaUVmgvQ8C/YqmXIwjXU=,20521.0
consensus_latency,W+pS+2auKbn4IVKAgkTdTBRG35sW4RZIQqw5CjyBbwY=,20521.0
consensus_latency,XPRvchHndleWBdvjiAL0LSun1+oxALKiqcMR0HrWgpw=,20521.0
consensus_latency,X+V11htBAWxXQ3QLv3KNQ09VAHzMyKGeZBHOzteucXg=,20521.0
consensus_latency,ZB7shkSScqZ9fbCrNlLcgnIonMGvFxM6/o+va7EHJ40=,20521.0
consensus_latency,Z0H6pQzRVYK+LfQ6jQ/OlM8GFI3p/98E1Y22Nlt7whc=,20521.0
consensus_latency,Z6dr+9KqmnGMZ+NFvzQ6U2bqiCkUblokTFTkhROpm70=,20521.0
consensus_latency,aaRR/ycOllFiENXyFFsFYhutsEYP82IqnNUW2CjUpOU=,20521.0
consensus_latency,bOZOkhnJGGrLUHdxwq3E6lbN2af4WK5/u7+xI5T+r4c=,20521.0
consensus_latency,cIO3UJwsmdMrQC+A+4CD0rARwXJb8g/4BBZ7iBwD2/A=,20521.0
consensus_latency,ccjaWDkcFFH4T7JR5Eq5ZEW+GxM40OfR20S6VGlX3Ac=,20521.0
consensus_latency,c5nY01vI/4Y05W3APFGTHP5ITkgEOdFxZPSjBc9/79k=,20521.0
consensus_latency,egH6UkB8mC+9g+wlQolb60uSjdGRM45qf6VdHqqAIfQ=,20521.0
consensus_latency,e0kFFDsXIt8giBQypc3GNHjpB37/Q6TgSUYg/mVypfg=,20521.0
consensus_latency,g2hvhYkH4YAFEEGXISkfp0v9cU/CVZj6O5Uh6azag2o=,20521.0
consensus_latency,h4wa14fUHbpyvjIyr2wk5XciV6WNRJDfjJ89F33MyUQ=,20521.0
consensus_latency,iEMcLm+rx33NyENlW6cbuas+t+GKgRtcKcgqjedkXGA=,20521.0
consensus_latency,iqwPsb6zPBta+zjlqJslo38CP1pVhaYDfBYmyTy9ei8=,20521.0
consensus_latency,i3OVLSR3ggAU4ETpPlF2878FDD4er60fcwIKpKJv0HA=,20521.0
consensus_latency,jN5BwYceTrniF7i/n7kMToQz21lWYnxNg/ptDyioG+E=,20521.0
consensus_latency,j/K9eKHQcSgerrjUHbUuahdFYw7vuoB68Um5HIxXrj0=,20521.0
consensus_latency,kXFdozWbH7613ug4gxTk9NJBmziCl7zBuXK0TiRenlc=,20521.0
consensus_latency,l/oGkEOXwH2wHF6LdAu9FeyqDek2pgR/AnVT+YqPhOU=,20521.0
consensus_latency,mGBWY8D9ufCwxTr2x1T5in4mCR1qzuRhhHsVmghhOCw=,20521.0
consensus_latency,mzJ3w/suSUcch+jSdVhY5Hrp0OKogP/98rUyaU0TC3c=,20521.0
consensus_latency,nERhksZsY4yN4na20Dm7iLVdFnASFS22QON0W2XghKY=,20521.0
consensus_latency,ngkbc/LZy9FzKlmdUPzzF62MU21Eo4z72K4PVtQz9D4=,20521.0
consensus_latency,npiVBj4P/cYhNztmdErogzvURlgfRzdIFl8fOhIAJLY=,20521.0
consensus_latency,n80IjMLT3OTdif3A2fdp9sLDLgB6qdGLsUz1Ndi23qc=,20521.0
consensus_latency,oQOtMmA6H4YqMqyu0SQQJnW8l5ylLishjCJ07KeOZrI=,20521.0
consensus_latency,oRWe7s4zDb+7FNwz+e96P4Jb/lULsOyAwmL77++JS5A=,20521.0
consensus_latency,oV54pojBzy63tM93cHIEZVvrD9QWHXgTcaYhzzqE4IE=,20521.0
consensus_latency,orO5ZgVBe56CWPaRtSml7FrWoMKjJYzAX9D5MjrQmX8=,20521.0
consensus_latency,p0NDmFZ62eBIEQahKt/vBL4qx7431GNfhg/l9Pt0634=,20521.0
consensus_latency,qZSuqPWw4BNStMCaWZB2CPHL6TtSfIROPDTNWRb8iRs=,20521.0
consensus_latency,q4tSqrKoMIzy539uVkdxeZXp1LEy0Wggvch1i18vpdQ=,20520.0
consensus_latency,rCsdf9cEV3xJXADuSQkz4q9hVQ/euhEGkFrdldWFLpg=,20520.0
consensus_latency,rIrZViKYsp93cdNVuKfGMXCgZRWp4INNLmFmtuViOcM=,20520.0
consensus_latency,tUS6w1j45OLVhrAfbrnZfKbFxnOoaOsW1+pTHK9xutk=,20520.0
consensus_latency,tfJVKEU4F4smAK1C6NW2m2LOSwzbJUP8fYgHzbdbyqI=,20520.0
consensus_latency,tjpQFkBcOycuIsFc4pIt9zfKCvwTX5BhzaOcN6yhyBc=,20520.0
consensus_latency,uH6tqZZrw03ARPWlg0SgpocB/23LQ938EM5sNUEUJ4g=,20520.0
consensus_latency,wbnpEWoZmTbimwW01HWtSfMo/dlop23OptbwADU3xkA=,20520.0
consensus_latency,xPD3lwS5mJEkeEcXxSUoFPZK2PGYNDCum4z1z9avagQ=,20520.0
consensus_latency,xQt1fZo+I8U2KjDZCsHDNVsIWf0wpkBC8MmuJAwtI4M=,20520.0
consensus_latency,xtCZHSBQrRwjxZ7aunGyA4P7oixgAoC3xzAAOuU/iRw=,20520.0
consensus_latency,xwU1GYpp/FqRRaDNTwG9h/dIaS8MhNElnSjtqxy2o+g=,20520.0
consensus_latency,yDFPircCHPIRQcNCsHDg4IU1YZHw//DEXxBiqnF3Mak=,20520.0
consensus_latency,yUraH3Rk5fOOiNoJElfhi9zgpqkSLuj72SyCO83sfC0=,20520.0
consensus_latency,zZmD4vbpdccLxU0EdEDp8Gxiib0OOlmKsRl/Eyl6FpQ=,20520.0
consensus_latency,zeDJtbhImbOIoi99eJquut6+tk0O8IhyV9Qz3bZNdxQ=,20520.0
consensus_latency,zoh0i7Imszxo58cNXLO7BUExN7B23RZrVA71wyyZjYI=,20520.0
consensus_latency,1HRLEboAwH9lqEhdwAu3+uZYZONdW10LdY1J7rdPyHU=,20520.0
consensus_latency,1x2RlPbqfw9X3k8adVVZLQuMYsn4qEGOJp8uYk5OgBc=,20520.0
consensus_latency,2s9CrSfxp3eO3LnnkCxb+VKe2X+zKrhWdfW/JGBTuLo=,20520.0
consensus_latency,3PKxFiaHSVhBMvR+svg+LHQ5HsnTrNR+tJPFdgU8gpg=,20520.0
consensus_latency,3ZBbvR6J6nkQ2GXi2fZWs1sUKjLaW7f+I5XSJ9OB9ec=,20520.0
consensus_latency,35GpUEeOYzLBZmiN4hvOD9vtIzib4kPoCdjqJXNUs18=,20520.0
consensus_latency,4REEwOVA67kicrGPaJHAS59kHEaUoGxuVf2BzXKuhCU=,20520.0
consensus_latency,5cH6bAM35efj12c0Up2jxfcWEzptgSdEPvSyH2DmkmM=,20520.0
consensus_latency,5fx8nL+SpnEe9Mj5XorBablX8VljPKYfTgG33SBzZ30=,20520.0
consensus_latency,6qK44haMU8o+bNXjhNgjP8MwZzZ3Rifc/ERP4UBc1Xw=,20520.0
consensus_latency,7Kl4tM/5+NM1b4/2pvHg2wwXpqmvYpqrv+y7lN5Wl6Y=,20520.0
consensus_latency,70kqTGMFa5+NfRDOESC//5zLCnhEc53xdfr3pqAVw9o=,20520.0
consensus_latency,8QDMkKqGvwHkntqfmcotvFo3V6V85iJqraXIyk9J0S8=,20520.0
consensus_latency,8u9YzueweNDU4Dv8KtMBG4LFg6L1u9fwyIk5gpdUgX8=,20520.0
consensus_latency,88yotnjNuLwgpeaqdnAQcFq2oRWvvwyZFRJxqcRiBiI=,20520.0
consensus_latency,89wvqNiBJ9K/qrQxbmavI6pWLVamCkhfbOd10dI/kXQ=,20520.0
consensus_latency,9Dcl2iTwXCxEfxhJaJXSn/eLrJjIk4pGfBsQkNdCiMs=,20520.0
consensus_latency,9SXY6q7TpiyuRNGtuOa6ucl79xz4isdlPOthhoFU0QA=,20520.0
consensus_latency,9omBTWj3zOiwGE3mRXXiVtHPF1dzSDvNkWiMwBvXiDA=,20520.0
consensus_latency,+GU0ymqwpHJd5XFqDbmJAwdIJH/ffycvMZULf8eah6g=,20520.0
consensus_latency,/zsaItYEglqCbMa4HPKboiQlNlQhuLdrxiL5xYjB1sk=,20520.0
consensus_latency,AEnBU8gyBs3VSX+b0WpFr/ijVsBQge0P2ZYu8Qash/E=,20470.0
consensus_latency,AfRPC71yZUdBOjXIKywZZ8seyi72wfPKHPFqP0+ocl0=,20470.0
consensus_latency,BA64z8sSnbPOQIDV0fuQEds3luDHIK6NxwAT4e3lpQo=,20470.0
consensus_latency,BP9mtKwb0ZgNYdZ895YPM6Styqe1vcYdg7oJCXXk9S0=,20470.0
consensus_latency,Bp2mzIHGiMFvcRqK3j1rczM3EwE2+t63/YrY4mgvl68=,20470.0
consensus_latency,Ej7w89Aanye4o2Mu6l0nAovljcioeYttn4w1Tyv53j0=,20470.0
consensus_latency,EloZoKT1I5pn5ZGzSq1lPEZ8dlA4xoLJENu9+L8nDYI=,20470.0
consensus_latency,E682z7brZGaUHdtTWyJVmegOmOivxLhparSOzgF5pHw=,20470.0
consensus_latency,FYbgPWTY8SiV0KTrJa/UFmIVAqB2oA2Vj+kIsItw8Is=,20470.0
consensus_latency,Fb55X+HBrrKzTgMeuIYMKsAwKww+mhM+Li7SjKK+Nos=,20470.0
consensus_latency,GCLydsDLhkUarghdWREJWK+vm1B5EZfdkxxO97Pesm4=,20470.0
consensus_latency,GuHJ6L+i37eHIFmOmbvtN3dkNisyIKrowf2qYjyNFc4=,20470.0
consensus_latency,Id0C6gmwa+qP8H29YzgAzt8WfjXCAOvhQ+7TetOSBog=,20470.0
consensus_latency,I2Y2TL2TNQK67f9GkdHTwpQHMUpx1EJUTtF845e+VlQ=,20470.0
consensus_latency,I46jw9sN4yKGSLUTjfhwVRbSKGljwBZvgr2m7m8yB0I=,20470.0
consensus_latency,KAQe7WDkZ78nWQHV8qQt0PACxek+QjDfGXUBsdpf6No=,20470.0
consensus_latency,KJwOZ8SEBceLc3GgHAFaH7hzRR3QVQpb/taQsuVDR9o=,20470.0
consensus_latency,KVk1yk3N0dORn8GU6ya7UrVmPvzrmBQE8WtU0WJtkWw=,20470.0
consensus_latency,K3t+HTZkOjTv72iEnFCqRZU29mQShoJj298NPgZkGjI=,20470.0
consensus_latency,K+HXODfUrHpjacamg1mnt19M0x/eMGUqN66ALInUfPg=,20470.0
consensus_latency,LcKuUi6V4geV5XsOZ8U7A4erA9JttW+cMz+fX6UyJiE=,20470.0
consensus_latency,Lv3r1xUtzfU4fztARnDB+LB7Aa0vJWHKLRNhQU255rU=,20470.0
consensus_latency,MPySO4boHq2dpg3e0Tg9iAxVv5MCe+nLcK9Jert5vCo=,20470.0
consensus_latency,NRROmFSG2Z+/Ssxmenh0RPDPVcBasqkFrXilrMY+GJk=,20470.0
consensus_latency,Ng7SQMyzb1FMDeqKJO9k1oZmSZ6op6LocenhCMjkhpg=,20470.0
consensus_latency,PiG4kI2XINBIs95FRmJKFDhQ7aYv7ECCAINzvt3lCw0=,20470.0
consensus_latency,Sl8RibZdDiCE2Z+L7B1fT8gWIh7+JBW4T9eravZ6f+w=,20470.0
consensus_latency,Twt2ePQVRPTV9+69RUwnT3wRpOT+L9nYv/p8ttfwCA8=,20470.0
consensus_latency,T6DLRAbXul+HoR37Fyjhp0pq0V31ncPPE7XB9ob8stY=,20470.0
consensus_latency,U6aWLgQlzesIMZ+nPG3vGL7SGBddYm9GSsg+n/zleQ4=,20470.0
consensus_latency,VOGNGPKpnTQFWj5rrG3HbLjPhjMEYanAXJbVBJK1lnQ=,20470.0
consensus_latency,VUmDWYgZ1zIGhXErqpe615qAFIV03YdNQ63feFJ5Rig=,20470.0
consensus_latency,WCB1YjQ2aK3exXl1mh4pV/kgKboN4f92h83K4n8GQsk=,20470.0
consensus_latency,Wnhw8Z364pbNTFH3S7cDx+3obaAM8mT6w4neSDEPMdk=,20470.0
consensus_latency,Wtcle6NPQmv6WNAiHiCzQ1IyqGUBjuTR0zlneaBJIW8=,20470.0
consensus_latency,XD0EYi8RiySfm3n82f3w7w+E/U6aRdrr7wWwVx8e1ac=,20470.0
consensus_latency,XbA6GvCfJJ01DO+7+UbM4vha/v+i+i2klWfj9iwCsrU=,20470.0
consensus_latency,Xhe5a0lRm9+6IwBKVmYY3QrAMeaNSF2nVV8jIQ5S6pE=,20470.0
consensus_latency,Xt8vq5S4U7UQpfNiIw2UVbYtx6I0hYmlbNDDVf6IyXM=,20470.0
consensus_latency,X49u4ocqu3gEKBH+QoLv7wulVrXg3HVtY+9a/jn+9BI=,20470.0
consensus_latency,YDdksIQQPkI5cnMqBqGbnLF1VsiKI1Rd82nI2bZBGmE=,20470.0
consensus_latency,Yqwg0OM40YdI5sq4bEj960naBAFU9OTKGawRJo96Qps=,20470.0
consensus_latency,YvuIzwOWky9xGKsGK+9ppBvzhY+HqVwfIJ8kiKS+Y5c=,20470.0
consensus_latency,YyfjUGTm1PU0wZFCDgwZZ8sAHHhiFofagrj+JU3P5eE=,20470.0
consensus_latency,ZFlfkglVGI2AAuGTsx4l5fHjO6DpB4jvlAr1dO5EwtY=,20470.0
consensus_latency,ZHCrAo7Z3YVhBdjyoSnfzQ1tUeo0CJ9P8wfkjeF4nMI=,20470.0
consensus_latency,alRFSEBVxXdB/SqSGSut64zhF/Ulce0TzH8CBDgXiwo=,20470.0
consensus_latency,axFd3t9D90SmoUfy5soyyfPhZtzflFYfbrwsUGvFt2s=,20470.0
consensus_latency,a+Dr0KzD/vigV4HXwR6oecA4zolrKVeUTT5Qeixwfz0=,20470.0
consensus_latency,bAOQ4DenaXqjhk4VJJjQZ5UQmP+i/oaVBFoQtoR6Ix0=,20470.0
consensus_latency,bfDhq/arUhmOXCLtDnt9x8GO7HAVk8/qaC0HD68EF/g=,20470.0
consensus_latency,bnGKmSUoC/PFgvewv0ZwgXyGkh4+gvrG6CZlX6lDlMc=,20470.0
consensus_latency,ccdciRdPIJk8JjHLaPdjAp/cchQMIiUarv2cUEgQJn4=,20470.0
consensus_latency,c3EgM8lpNcIm6tWeV3B09Q04qBw1Y98uaT8r/l0IgEI=,20470.0
consensus_latency,drmNEceqql7nwYyRZ5F58bUBXPbUJ7F+DV2ygk4gJBI=,20470.0
consensus_latency,dwYVGuTtrmK2Th34brgGDXmQhiRsD/Yfgh0y10bDw3o=,20470.0
consensus_latency,eAHfYeNHqYlLAlWrgsOxeZ0FYbp+/XI8+oLdLP+73vk=,20470.0
consensus_latency,e7ctjir5B0lkuDez9jprDeq3Ji9cXgiTqzNU2MiOJWM=,20470.0
consensus_latency,fE92jyTHg280rePvuG9TstB3ULj9lGc4osbn6gnSmhg=,20470.0
consensus_latency,fI6XtVmo8wKBjB7GMJnstEQ+27dkfkt2CsqHWSrI+04=,20470.0
consensus_latency,fc3L0m1tQ7Ftf8o+xmyvJK2oMGXdAGyYwxrl0byOv/k=,20470.0
consensus_latency,gb4iLrqbwVVhhSb93J7AA7ijgMrtEi666oFDwgYfBdc=,20470.0
consensus_latency,hOyhDii3j0hSVHWsqFbGhLecsBDeUwnt2ZX13ETmBAM=,20470.0
consensus_latency,hbddaHi8HrhxCpviFRZTpjHPscCxQgVgwNdT48X9BRM=,20470.0
consensus_latency,hvLOeAwG6Z7JlFkTpEC6lkz33ss4PUZbkrrue9Mt+zQ=,20470.0
consensus_latency,iBn92A6O7pkJa2q1wXD7xuyC9Ea3ofc5GYtpBvrRYL0=,20470.0
consensus_latency,jkggK2gMctk6j49sXAUZjAlzgEk+pd4fSkaSdohEWuk=,20470.0
consensus_latency,jm0kyU1RIeQWozyutfxidwmVkNy5X+JjPld2QiOsQYs=,20470.0
consensus_latency,lQpdTwRXI3JxrENIlquzM2Oupw6db1U4r0f7oLKqTF4=,20470.0
consensus_latency,lfkaQdcauT0LWzmfjEt+kDFkpZ6wVRhNFCEm+vGP/2s=,20470.0
consensus_latency,oCpQSpIj8Siz5//yvB+/nqCCQ/p1S7/VQkLcOdm0g4w=,20470.0
consensus_latency,oUNO/gWIDNMd3r8V1OyP8SijN+QDecHs7sRWbkSs51k=,20470.0
consensus_latency,pATnmOoKmcvtH74gIhcNeugDlgaFMiHyjTubD97rn58=,20470.0
consensus_latency,rJqhsyMIy3PzmUK+5cOo5w3UaXNQ6CPXkHwxzN4Nhbc=,20470.0
consensus_latency,rP0mB2HBf0wV+JudpF7SiPAedv/DCLGkF9mSX+RinT4=,20470.0
consensus_latency,radALhOE0Ao16d0Wz8BhLuFIr8Fq3iL3ANxNchr/aew=,20470.0
consensus_latency,shkhzYPtixmaGMSWhJQ+e9kiRv2Z4Wd1V8hnzBktrcw=,20470.0
consensus_latency,tBH9X/4IXsoQQ1hIdEnANIMGYAZo7EgC0m0qK+tT2rM=,20470.0
consensus_latency,tzisamsSb1J/kJIswKuxJD6PO7U5KvZWEh41FJIjbB8=,20470.0
consensus_latency,uzrtKI6KgE5NSkW7/mntogz+sTv7+lp4B5OW5wabAMs=,20470.0
consensus_latency,u2sCJ8eT6YsumKIpgzQZ9EV6oyBFjaofdcsfXhsVHE4=,20470.0
consensus_latency,vRCN5ZX8ACwgk9ke9na7jApCP147LjnJRQA9rd3XFuc=,20470.0
consensus_latency,wCgDs8gpCW8VorGQDmjHZTg29U/JqsTRGyYCz3njOKo=,20470.0
consensus_latency,xAzrA6vTs9WZLVB+8VXQmRfwCiMI/vZ9w+tt6cdSdRg=,20470.0
consensus_latency,xWgO7NkC95KFQrVmv2cSKXDph6taxPNWGlHcZOxVcOw=,20470.0
consensus_latency,xi6tVmI5XgJJX99TXz3l9A1JJaCde7ex9N6BqpqkOGU=,20470.0
consensus_latency,xkjl+LTEr8LPqx7nPCO1tmCbv+8gM6c/q5fKLlrgunA=,20470.0
consensus_latency,yUOi8Bzg0PeTp+SNCaau1tvQaU8++MQSQDlFW53C5R8=,20470.0
consensus_latency,zdkOsnmvF+HbFsHaQnTJaMU65wHDIXDLBqupYI5gIsc=,20470.0
consensus_latency,zlbA8MWlckXlf7coGUetxJ+W+D0szMY7gucIm7V3/DI=,20470.0
consensus_latency,zxTg2HJcnzXMvxhfsuePQxg9P6LouPbqLcltYaQ17kE=,20470.0
consensus_latency,z+ZurN6zxJfGaacAx4GodrE70IXp1hrFxVuDourogvU=,20470.0
consensus_latency,0rvJ/+bQd2zsGy6wuigzcV0ONoRdFADY+CsyNI6pKXE=,20470.0
consensus_latency,04qov7biAARUcolUzE4w5QdEGowIqQTTh/I1w6Mm1qk=,20470.0
consensus_latency,1LbJQg7rLjKWCcj52pKpwPu1l2aT6ybMB8xZbscJXz8=,20470.0
consensus_latency,1Qz9TAMpzT94CBB8yepWn2x3WrS4EFWCf14LafuUK+U=,20470.0
consensus_latency,1erXg3l86Op39cbcsKVUAvr+rjecHC798iq0QLBILMw=,20470.0
consensus_latency,2nG/0UruEw4kERgWon15FuRH60PI9kE1npXHUAO29rc=,20470.0
consensus_latency,3EUO/jO7365fiar9HlLW0pm1HPB+LKs/3pXQPaYJwh4=,20470.0
consensus_latency,467XUwh9DrqQYH/C1oxL/V7Q7QPFq9ALyACDY39P0lA=,20470.0
consensus_latency,47orOf997R34uU4Zb7vkK+BrDwXsyHScxaDNEHNB1OM=,20470.0
consensus_latency,5HHZR4mx13cA96tS20lLqC9d4nMaB4pKaRB2Q/Epx/o=,20470.0
consensus_latency,6j0q/hC3bqZ29zvyMfOicfEfa3aWuxCtP6ASuzZG7BI=,20470.0
consensus_latency,6onKqavRnfXcINs0f7FIK08o5jEfod9Z+dvcyKY3r/I=,20470.0
consensus_latency,7eVWR+wwPQpK9jPNdSs6+LDZZ6h83TuzNkhrJKyfXns=,20470.0
consensus_latency,7w7EZOZ+5P3PNm4CWGBVfuzJDfmJjF7yyBUe4ggcl+o=,20470.0
consensus_latency,8MFhIFz9yxOHvDk5vTKbpu1JJ59ym5NEYiqlpLPsZjE=,20470.0
consensus_latency,8bHrn3ago2vL5ZsxhAhPKkfABShRzvdJM6PWVJlZlo4=,20470.0
consensus_latency,8ozrrE+Vxl5xF/ufvao6mxUG8AJrUltCtGFDfbu6vwA=,20470.0
consensus_latency,+ttKM7D48lc6GtLznOFhXpcQA25/RE56saGiC6FDQKQ=,20470.0
consensus_latency,+/3pvJMPnAGF3AOnYq+FSNx9is7CzovcE3uu/URVQMg=,20470.0
consensus_latency,/O2joC/1wRNsc/gqYrlVw4JR9XaL6UcGWtAvhx26IaQ=,20470.0
consensus_latency,AkG9Qi8gXxP62grVjUA2kDoOISsoa5Knkt8mqOewJAM=,20471.0
consensus_latency,B2gD7PmEeRRecIgaIhxMXJup9RyuCSmcOnL0kjjMx3M=,20471.0
consensus_latency,CIM+fw+xRxzryitnH1BUZvLcZ28ZlFM9PeaxJgIFk4s=,20471.0
consensus_latency,CYXtWTRIvBy4DSLm5XWdmSl2m+xVDvBUp5XHRuNyM1A=,20471.0
consensus_latency,CtUvGcRpdcI38P0a9JIENtSb7PE5nDUr4NNPViOCoac=,20471.0
consensus_latency,DH0eBFUFe1TPBHb/O7JbnZH+dptJH6CyqydLr7xb0Oo=,20472.0
consensus_latency,EqUzNRwi8FC2I5GxnpjyhHF+sQnl+4YYP1vIf6GTfn0=,20472.0
consensus_latency,GeHi7MfTfXZmU/iwB9Z45eKe4Ty1z43ljAMs4THfK38=,20472.0
consensus_latency,GilDlywMNkyin0q0tL1cyHEAmwreh6Ccn+wjYZU5o4U=,20472.0
consensus_latency,GlcO+5lCE6oF09SFM9aOk8Id7qlHEHxiQ7uaV+CtVS4=,20472.0
consensus_latency,GuwEU/thrUNHFxhF2G5HTshxkpCpM1nTXTI3a3Iq7uA=,20472.0
consensus_latency,HAkE64pkaLx7c6Gh4LswwYGNOYia/ZDpobFHq/OLX8I=,20472.0
consensus_latency,HLTz//WoimS0vzOlfcClLn7YRCc2hBlXUEBRB9tt+DQ=,20472.0
consensus_latency,HSnj7JSYoTx3VpQ9ooFEXn3+8YemR+kaele+M/tzYts=,20472.0
consensus_latency,IA5wGjWUcIliFRKGiaUA1LgqO7lQCxosuSys2zfsO6w=,20472.0
consensus_latency,IJpyX+KqnbwFvfrSINLv56VU4Np3R75jcxe7UAKg740=,20472.0
consensus_latency,I0yj66IcsW4J+xDBQB22PV7qFnBpPHkJ35uI+kiDZWE=,20472.0
consensus_latency,JxUjMH9ilIfXt+eoDu+KK/8t+ja9uFbITVPE2VBTsyM=,20472.0
consensus_latency,KYi9U5CWgXvgDtiJn9xCW1hLD8LX8kt6xROH1Ln9PWw=,20472.0
consensus_latency,LlKYzQMqTApjiyqtT8uwlBJJMSAsx+J0XTX5OQlShj4=,20472.0
consensus_latency,Lz8GYr4ZgG+/nrcdm/3hJwcG/aKf0krQTAAjlB0dUV4=,20471.0
consensus_latency,MSVa53hRlzYGCof5IIavEB8dg8/KgFmBWFmhPaEyw0I=,20471.0
consensus_latency,MhZK/6VsQ0Mgc9CgevoU3cXORpOPQlI9vuEfv8F4yq0=,20471.0
consensus_latency,NItJKzSDRNxS96Ggsy8aUot/emL9U1k1TXq32XC1nmw=,20471.0
consensus_latency,NTv3RpS3xaJ+HhN2K14Gd4On3AEhQlC8zFgkzUTPQPU=,20471.0
consensus_latency,Nnz7V9KYh6o1wVS1GggBQdBP/1yJeOoZecK11Q7BYI0=,20471.0
consensus_latency,OvVUKy9oRqA6m3ZUGN2BH3xgxUdMzvKrGvyA9RzNH1g=,20471.0
consensus_latency,PKjbwSQvFkFUu/soXfBmnLUjDfwXs9rojArxQrvddwE=,20471.0
consensus_latency,Q4SXR+c8HmJAd8fAPJUZrJfmmUXYidCchU603lei7PY=,20471.0
consensus_latency,SUGc218nLSyA6bsFLInM+6b13ysbkh88GlX4CZfQhno=,20471.0
consensus_latency,SdE1j+WQlqPFV7+bhIMIHxyY5FuTLBGqTfM0AI4jnPc=,20471.0
consensus_latency,TRdlFooKUNqCTBIr1L2D9TzRAC9EbEvvdKBT0J/y1LA=,20471.0
consensus_latency,TVS9bVzFzu14/b/Z9vI+nwjQ+LAM4oNm1ASBECrZqlM=,20471.0
consensus_latency,TXlY/bFNXhhh4BAGm14NV3IH1dX14GlBmZ2x5dmLugA=,20471.0
consensus_latency,VXgRFEQqxQvwynYazTauuc2R4yji4z8OdQ+Gdl89zg0=,20471.0
consensus_latency,VhpjYNTua252Y20uADs7xWn3KnvE9MPuoR/Nng9BBWc=,20471.0
consensus_latency,VnA/sgsWzQd/OjDjdEb5lF+5m41STSw88a6kH/wMegY=,20471.0
consensus_latency,WMqqOBDJNuzxfy3yKufQmYSLZ80XMMGIbAi5gscY6II=,20471.0
consensus_latency,XppFsFLLk34mFfvsKLFW1Mj3nxbeoUsOP+kFqVNryJY=,20471.0
consensus_latency,ZAtg0cQb671eCHzI1imq59edTpHRkAeccx7aEqQE/h8=,20471.0
consensus_latency,ZdJyFtoLowhmTQz9QKJTjs4PxWf7ixCZxUciXz9sWgA=,20471.0
consensus_latency,bSlsSrr+FIaaVZHOFc+xKkqhH5UjZbRc1HolnbuDjys=,20471.0
consensus_latency,eoHDj952UuQs+HU3k5y7qosw1fElRHjojUnzmotWBY4=,20471.0
consensus_latency,fD1EeIaOGFWmKyoYV788PRa3X0sQPp3SjoNv0HMI8XQ=,20471.0
consensus_latency,fGumZQyvMIP+fbK3YjcQvw9rhlEzJDobGRrcBUsimR0=,20471.0
consensus_latency,fRNvNivK3Lu6OmbL53JyZxSfGZIKCOrCH62GLCQV9Gw=,20471.0
consensus_latency,f0nBIyhr7r7YOc7GPcF8GvlzZyQmFabVuk1o6kkXc7E=,20471.0
consensus_latency,f8enRqgOsCjWELwJoNMPLq3La1w8RCLctVxwFLDXX+g=,20471.0
consensus_latency,f92NgcfqL3TQJInCceHV475Hq9xC9llzygm1J2vaAMk=,20471.0
consensus_latency,iXyUH1jCwDo6v2pKUdrmHaoqHvIGOl8FdQWXLigV/fI=,20471.0
consensus_latency,ife84FyquHQOsGarMy89Ph3wUifb/uAqh2o6VhoLlbw=,20471.0
consensus_latency,jO5OFXPurX1p3OKrok88P6VMylSspH8uHGbsZ+BLtac=,20471.0
consensus_latency,jbHGO4ojCvooIdTddiwaJ9GU+4EvHv9qe6TaZSu7OHI=,20471.0
consensus_latency,jswf+WPvIaxVWde27lUDEt7gulC652OwQN0iIwd7sBQ=,20471.0
consensus_latency,kTiGVDuXuhzim8aciR5VAn+pyJLv9k9drWrPgl6Ur0Y=,20471.0
consensus_latency,ksyvgMWmCPk9x9x+/W6zmAxESe+uXnF90ePjvhlb/is=,20471.0
consensus_latency,l01BZnqgqwJXEa+9wS9zkvhLCbQpFkXDFj7aIJTrcwg=,20471.0
consensus_latency,ma5KhryB0049NO59zBNM/jKNJM7WuOaQyFxNr4uuiyo=,20471.0
consensus_latency,mbcqDNgPoxTFXdgkTbEm5FaXfQ+o1J+vxXjqFSSWjr0=,20471.0
consensus_latency,m7NXZ0hbaXetctOfILQb+6bUaJMDk/nR26y/A4DSwec=,20471.0
consensus_latency,nLoXtnBQ1VSG9J/t8Vlzzv0nGto/GFQ3mm67I6y5uKw=,20471.0
consensus_latency,nz0am5WY2JvsiEZb0PLVqrMs+m1LURrrYqpQ6DTk8KY=,20471.0
consensus_latency,oV0DECLb+X5rlSkF+Lr9On23iMeS2YDxL8MwlaEBZ7I=,20471.0
consensus_latency,ojSulrA5vQ/tLEhnkHFFxkEDUWKXBY4I6O4VNLb0BMg=,20471.0
consensus_latency,pVt4bpfZgNf+dklWvT3+UYePm+Bsp80aByV1UqUvCoE=,20471.0
consensus_latency,qUYoR/WR3y/YjIryVav0qs6cROPpb0toYm30R8IP4+Q=,20471.0
consensus_latency,r/s3bvQk9qEqBRB+UEVNJZ7Yp5NaY2iWE/z2lme+rjY=,20471.0
consensus_latency,sqse9KtLqHqdQwDN/28BS/ye5XSdixRb9Nq1HwDjLKY=,20471.0
consensus_latency,uV38J2qn0DKwJcjuw0tyQzGMzPbxZb4P3oaqEZuy/wg=,20471.0
consensus_latency,wr1oZ9azzk/9krDAt9BZpMXZcwqXZ7a73rdhprDo0BM=,20471.0
consensus_latency,yWWttDIi0962D+d5ob+TkeU6SdnRR/ILoQPslYkdJ1I=,20471.0
consensus_latency,y0AOPuRAkrzE/P5iejrr+IRX7+vM3dld4ap3sKWSjlM=,20471.0
consensus_latency,z27Fv1+jGlofY4pIinVtqh6X/5DDtWdivrEMeVDxtLM=,20471.0
consensus_latency,1PadQYes02fjPYNh7OAlJps3yG2Biu8cW2EyzBQcn8k=,20471.0
consensus_latency,132WPrqzT8kQsvh5hlefG9ljx2GyjQVkUtJnzOvWZjw=,20471.0
consensus_latency,228YVEtaOgdAMwizb7j+TTC+KZOrdgO/KOGav6c2WoE=,20471.0
consensus_latency,31rCOei0bYQJIzdM95ELDmRg0pvE5Gr3Z13navJydaQ=,20471.0
consensus_latency,4OnVco7O8HQkvFAmCH59MG067QYc+On+uSnQrYQ4Hcs=,20471.0
consensus_latency,4QfZ5XCBuDUI2uZncyFEiv73e0/K+KMeCMewTXn9A4Y=,20471.0
consensus_latency,4RMIdW6f00UF11/DmVzKtNwYZl22ltBv1vy3u4uCDTU=,20471.0
consensus_latency,4ua9uS8d+AQfskqAcTO5ZSWPF8L9TQ35Oa4rzJHyZIg=,20471.0
consensus_latency,48h9e5uu6Ydxm11ba/aY8ZbTcyi7RhFUmWHjaRFQg5U=,20471.0
consensus_latency,5E0BFXdT48EtZa2jOBRCg1VRoYsnfZVJgghDoM6LP9Q=,20471.0
consensus_latency,6E2MxtBjXiu9ubnjmhzm1GHJ0RMu70cx1Es370t8HHY=,20471.0
consensus_latency,7EXT2yW7aAi18F62fnf67fFzupe+UnEsLd/x0s0jA7U=,20471.0
consensus_latency,7OnlHtA3k0Ju4qOwLd/D42Znhs1n/l/9YqsWW+Fb4rc=,20471.0
consensus_latency,7d5UFMJTwCiaBfp1AU4rRvMpOuPAvSKRv4FqIPlfHh4=,20471.0
consensus_latency,7kOepcyhzcfRTDGFeDQzcJ/GhDJ8l5fUwdShPdwfgtY=,20471.0
consensus_latency,7m72Aj2GKvMLEx3U8NoRK9GQylg47CYUFhiWsOYQ444=,20471.0
consensus_latency,86vjrYRHTWnqkQB6jBcHNI3r/yR6qKlepV2S7EoBNu0=,20471.0
consensus_latency,89YLBhrzHJS+UrLPOo2rnicUeHhI8K2CjZdHwb5/5gI=,20471.0
consensus_latency,8+geWgt3o6Iab6N/dPX+1/CObq6pnBuPFhv0vbDDYyg=,20471.0
consensus_latency,91xwt9m9dbQR6V/4XGllSf2iUQHF3aLHl8+vCb2zUtk=,20471.0
consensus_latency,+NoVQnB5JoJ11ipKB+f3WggA3JgsLT4UOgtHaxT+vZM=,20471.0
consensus_latency,+wqPS2S4IkbAVdCrOPZTt9IxNbXMivnsLD1r6VfRXF0=,20471.0
consensus_latency,/BYJ1WUOqewbhTG5+kc45nDN1nbqX/c8neICnWuOz74=,20471.0
consensus_latency,/KmGEjuFanXUa62X494PZcVJS0gkZBHy7lk6p5gRf5Y=,20471.0
consensus_latency,ARAG32COydj0n63M8SVFux3kEFH1tpamdb5ZA6j+LyU=,20470.0
consensus_latency,CGdmZsVOsZxGoyvvbKeCV91leCBgIg7ohR7XSghC5Iw=,20470.0
consensus_latency,Cjc00w5S8YPbBk4PD8BKFEsVxrlYm4SAoPI10PTA054=,20470.0
consensus_latency,D8kY1MWBGMXPHMHgMgFlQjoiVD+JqCNU8O1xMQz1SKs=,20470.0
consensus_latency,FWTiEFDVt+w55//SSfva/mG9kC68/0txVtP0TOa+OwU=,20470.0
consensus_latency,Fq++XwMfj0c+4Xcu0iQQDIzDtMBE1JLml0z9z6LwwI8=,20470.0
consensus_latency,Fs/J4HpY33qSO+0S9jy35SxzZGDu1SvEkZLYKU3Nh4E=,20470.0
consensus_latency,HLKvwiZuyT33WJ7fZion7eJLaKEuxbYYdK3UMggRYow=,20470.0
consensus_latency,HavtRiNtl/+9bEXxmfbbtmGaufoG7MZ9CXF3Sa8Sc1U=,20470.0
consensus_latency,HeXmNGO5NfpLR8+tEE1sP+iIxSe/fndukfQHmAJABls=,20470.0
consensus_latency,I/K65bPGOJHpVWGymka9NskX3uaXZqynpqmd6cjsHoA=,20470.0
consensus_latency,KGqYp9qXOnha3l+/BeufKN1m6b5H4OTbuSbkH/L3u9E=,20470.0
consensus_latency,K10lmCk4bHDJh5B48fQu1j4ITJK6fQObvwo5M7GxAO0=,20470.0
consensus_latency,LMq1Sc6rhT04FMd8iJNVhkXjburEQ0Vwk+4LyJ+C4Ro=,20470.0
consensus_latency,LlFBr/0Zm/b4+Rcb3gaNOcvpzieTO8eLjMUCqb9fgOQ=,20470.0
consensus_latency,MGgd1yZcrz3uL4fXIgBZs+t2hzYrhwB+XKT34xrBeEE=,20470.0
consensus_latency,MGtlELsYyimOM5yyl+LAHjmJabxLMULpB1zeRKWnSho=,20470.0
consensus_latency,MfdxK6Hdy7INetG0//2q3JaMNeWSXBLkUt7Uw+SUzwo=,20470.0
consensus_latency,Mum1yssEwlB9rh9Xuz6AqBbT7qWNrXJQofWMjNKc8UM=,20470.0
consensus_latency,M4HO4lU5gf/1yz/ptwgHcn5bHg3E10xt8sGlpUEb4Sw=,20470.0
consensus_latency,NuqwECfz5Amu25G9ZUAVcIK8aNRiPxUgdSA00XNhvN0=,20470.0
consensus_latency,N5J9ouQv90tvLZw2k+IyJ8lUx+kqOexoyMZVmO51u9U=,20470.0
consensus_latency,ObMxaSS7cklyLhd6GoB6Yg4sb52VLFJQKrMwWKPw3tU=,20470.0
consensus_latency,PTrmElKCfoUBkLczcO+4gYCLsqPT4062ksT6J+OhRQs=,20470.0
consensus_latency,PYnHQLqq2HdQNrmwsRnMDv/rqepxU1eSHVEG7KPfzAg=,20470.0
consensus_latency,QasDxldWrvOfS9pABk8PIj6HKTac737aBb3bQaZmxvY=,20470.0
consensus_latency,RQUGWCZR5zfZZGOeA7BK/6qpDng3idSahHq93wr6ZGs=,20470.0
consensus_latency,RvCZ9VnXvUBRw0BUj9ibYKJMziL7av/e+Mfj++cYDNw=,20470.0
consensus_latency,SWSff6WVxq6I5cYR1nJByPGqKk4wf39M+gOfnyFmH0I=,20470.0
consensus_latency,SfJN5WBGfLYXmMDR5zk5mkOyOyNY+ADq+YwYpUx3w9M=,20470.0
consensus_latency,SiY7LYCS2ID1rMehklPiaGMp6hBrM2Tmj7MFsM0Umys=,20470.0
consensus_latency,Si2Vz8bKHg8s9KD4ojFN38d3VjBtMD/ZMxLSYbKqZDk=,20470.0
consensus_latency,UU93AnOJJ9doVPUSHQzfkJDyTUDAT0ok58ZiIublRAQ=,20470.0
consensus_latency,UV++YzgWVDVxZsKnYVsp0cQbDkeixAqVEnpl7js2EV8=,20470.0
consensus_latency,VvlSJ2MjYzDtZHGTIn9DJh+f74DR/gH6NJ0U6bAsj+E=,20470.0
consensus_latency,WRI3pKuFeAp9Uj6RvHqc1rhUi2jMg+Bt993G0TMhrng=,20470.0
consensus_latency,WfYby/7piGe7ABijfzsS19JWlPBFZIjhbWoeizjzKXI=,20470.0
consensus_latency,XcD7q5EBmpra2Q2XpwUJbLH67Feblf5TAf6CiToKgJo=,20470.0
consensus_latency,YsVF2mFJQ/nl74DWB+8VRFcxdqZUlO9RqOl742c18/0=,20470.0
consensus_latency,ZCUizowdUKsiekyPp2PwJoq+pcObUi7hGLpOm4qHBG0=,20470.0
consensus_latency,ZRLReKNR19p2VRnzkXBgLbPZSKWl+kk95mqWQIJexaI=,20470.0
consensus_latency,ZgWI4lxtQLkmg8PHNCGh8x14sYKMzfjTHVviyCR01B8=,20470.0
consensus_latency,Zo4zu9JSFD08yBZ8dWvqi6EtopghBP6dl+aASRnC2aQ=,20470.0
consensus_latency,aYDp5MowI58WveHB+C1qQZs3yG7cxz+6DZZgT+MNZ2k=,20470.0
consensus_latency,a8N+Yy9V4yeQDRco3/Aa4exz0vXZOz3uPUoTn6jvk94=,20470.0
consensus_latency,bG/RcirD6ydweqxuqe0aHUI7CUbEZsKpxY4lCjJuJpA=,20470.0
consensus_latency,cZVkAUf6War08oBeWNJLBRfJsSaoKaxbj3/SrZrgaE8=,20470.0
consensus_latency,ciyDP/dvwHGRvD7sT9EionxtfNHWHGE6X+kWpeUxAbg=,20470.0
consensus_latency,cj0vF/0QkdYwCDFJPnsL/8kjUwg4O3k2HjusSKZ2b2s=,20470.0
consensus_latency,c3a71Zr5LRX0/cnakmtwBaUdiekRnwXuQAAQz/1po4U=,20470.0
consensus_latency,dJFtgr7U60f70qMixZE96ojTLWHZwTqnCzOotT5fiEg=,20470.0
consensus_latency,dzkK8kfklTdswXdi/w9Z9m55oPkBu4xBp2M00lU2sxo=,20470.0
consensus_latency,fDBKFstIhFEFs3LLEEvahiPxj2Oin/4jMoVPgETj8O4=,20470.0
consensus_latency,gEhdXtOKEoEon+MYiDWkr/EXuGgAof8A4oSW7v/G2DY=,20470.0
consensus_latency,iFr3P+U4fPucBmwRJl8MTtvHX0Sa698tzN75pyCgC1Q=,20470.0
consensus_latency,iGXlG/6fq/zNJiySj74tGep7U0QtnFUzbH5RTeVJq5E=,20470.0
consensus_latency,iMI8/f6+fOjnLQhEdl1iRVVJHOYsIdZuLFC0A9sh1/A=,20470.0
consensus_latency,i9Y/envqbWxJ2vElmBo76YcOZfshhDtX7jA4CKagaUk=,20470.0
consensus_latency,kZkHZhCNu4RPgGxsrgLbIxgJe2Pgez/Zh/izfmXHCTA=,20470.0
consensus_latency,kbL6m8ionKseqok5YiOk9iw/S92gQNoskPFHuOyPUfs=,20470.0
consensus_latency,kqRzIGHPHE1RMQkoCfR59lx0QuCxAkF3qexXQ3NlUTI=,20470.0
consensus_latency,k/jVh2GWujiMOF8Kkd36hiWnjEyr6sieZ+nGBW58N0o=,20470.0
consensus_latency,lCGcpIHcBlJUzB3sOamh7nIgPQLTn/vEEaOXz2tobHE=,20470.0
consensus_latency,lsqOwpkBoQXmAqPRRMXXwgDWJLRB9wj4orUAunRfvXY=,20470.0
consensus_latency,nAjcVhAHIIuIL8dfBNycO0e3LPbd1cWPExla3qyFPEk=,20470.0
consensus_latency,nPir77nEvs5Xp37Y6NdGsay1YdHMMonBpOzidTz4NO4=,20470.0
consensus_latency,nr0ydLSkgj6q7rmojpmXYhmq0KEgKIPydc7tre6X5Ec=,20470.0
consensus_latency,q9WjAiLbMYGOlqZVR2qmW4Z8GamBdzuDD+F3ozMinko=,20470.0
consensus_latency,rEWxKiVjyZWG0Lsq3cwF1xEzGvLDpkPWQRzaLHnpNqI=,20470.0
consensus_latency,r6fLMmgVfizYwCUs4A+C+nF+1MJ2oR0hLOfXCDnIXaw=,20470.0
consensus_latency,sEHPXhHt+BWpgd5P5nnqxyGagRD0lCpsTGT5+7a6XiY=,20470.0
consensus_latency,sKne7g9hijg/FcesW7Wpgks3mdckvJAfRB2K0kkDEtc=,20470.0
consensus_latency,sdLsSgQCINPDMWhZX1ae1BY8WUjpBf0bxbgAZFKXe0Y=,20470.0
consensus_latency,s3+WmEABFN+oiMLSWiJRz66NE/frYRZCIiIqlW7K/ts=,20470.0
consensus_latency,s4hCYy5AjNE0j58ULRflZBv1xxOvtdYeeOM4Rch9r/4=,20470.0
consensus_latency,s5gd1qYWzPwTw4NBspZbU2/EfR6VKRmhuXF9S7q5Fk8=,20470.0
consensus_latency,tFBHObEpFsyBalFKmEuodbFx0WgTrgmNfK5s9xMHZ8E=,20470.0
consensus_latency,ttjyShF5Y0BedIY2sMZ1nviWEobT0wL+am7ZZdx37Ek=,20470.0
consensus_latency,uDE3miFFlhKo1JTNCjuUXOpiVvBSoLvFTQ2ABJwRYB0=,20470.0
consensus_latency,uNPnEt7ObBvNuHhnaGMyJgm31ofruyDa/ELSWRghHrg=,20470.0
consensus_latency,uwXo51vfHtPzDjVZiTGd8OJuXmjcYL3v0nXDca8bNXo=,20470.0
consensus_latency,vzMYGRhZmE5RkVUD9NK7PjQAlrB2qgA5TgNulfSgOLM=,20470.0
consensus_latency,wWqNf0kusgjCyhvgl7J0VH89oI8JU6L4zEg/2nMtPs8=,20470.0
consensus_latency,xXCNzkuBcq2M7j42bvmUO5AF5n+xDDtK9Pqq4yqeDjI=,20470.0
consensus_latency,xxPvoKHjMsFL0/uZL/RydmYMcm/IPTRWcKhpe4cC+wM=,20470.0
consensus_latency,x05Gfyd7WjjhPyKJoozfFEP2ktz50FESxJztgBlp7kg=,20470.0
consensus_latency,x4MN28UGOQRHVxCu6dsJMuWKYf/PS842MIine5mXJaA=,20470.0
consensus_latency,ymogMMltejbIgE4H2T1YS2zFO0MITaO+8CoMTTfaPHU=,20470.0
consensus_latency,zhgxzEItmXhwu+mZEmQdD4JYQGS1FdyWh1cl3JaoANg=,20470.0
consensus_latency,2GATkruINKZjg+3DJnwSmrSJPR041OcugqdOKk/vRWg=,20470.0
consensus_latency,2GmoQ4v7Wfb5FJsD84DmWbEWPeWq75DXAXD8JXdm74U=,20470.0
consensus_latency,3NN8zovFgEHcBJFSMMfnCd17ydPgJnA9/m6u8vTp4IE=,20470.0
consensus_latency,77fIclkWcp7pO3dFXjw6eHWPfU2t3nZCrUtBBjjPMOI=,20470.0
consensus_latency,8hOomhReGldupsWorXu0tn2emA9V+PzaB7ep1U+s9qU=,20470.0
consensus_latency,+dbJPyUtQAH/0wBu2rBbaeDYfPoyx5R0UdUVIoGezsg=,20470.0
consensus_latency,/U7iatgXas/Bij0iwRa8pHiOBQPh6TcM/nFnSOYHiRs=,20470.0
consensus_latency,/22qOZh9eFd9QVyUVi7/2Lik49xbhFRRKQKh7RS5IMM=,20470.0
consensus_latency,BRwh9vprvaDEklBA/HC6u8VTvK8k5Ci5RIsZFo84RpM=,20523.0
consensus_latency,BX9PqcIJ9g00Ea9hzFDl0uXW98BgILa6eM0aXWc8WSE=,20523.0
consensus_latency,BYCCAqd6svl8kpCgO5rsMdumLoRrL7dNdumG3lMK7wI=,20523.0
consensus_latency,B3g6pp+ELRW3NMIz7FpTG5UZpLpTj+OwSFWAPq+AgHY=,20523.0
consensus_latency,CRJZZl+YiMnd0bzJabzoSyQDjsUV2LrtqATjaMRQL5o=,20523.0
consensus_latency,C1uuyLhwceP8e5T5sNqKRwzkpQvtLrZqhGL2cHfQpOw=,20523.0
consensus_latency,D+A88YzaOlOlgFkJm3CRqZFiNx+pZr2zdKpKtJUS0MY=,20523.0
consensus_latency,EL92rJ2k03Sgs8SMCyu86cHp5gRe+0uEMDkQFc9j5lA=,20523.0
consensus_latency,EMpr2dG/w4vQNliob+tSw3RI/MkK8ToZ00URrRXuzM0=,20523.0
consensus_latency,FKEdEvxfSwemP09PHwA34usTtPOqZw5HLUM7Pq/JwlY=,20523.0
consensus_latency,FMm7Elk5m3vFraKknQmk2WDaPYOwZCsEIkZsckD4FS0=,20523.0
consensus_latency,Fd9Ytn9neEcxu5/s42JK+ApspyJikEstYboaR4Im+2M=,20523.0
consensus_latency,GFF62+ZJq57O4W+WV+5kuxkD/vl4BKQQEZA3AoYb1CM=,20523.0
consensus_latency,GyBTLc56ICPW09Et7TLFQBIVTly/1Sd2SWJk3rxiiy8=,20523.0
consensus_latency,HGO12zJtmra362KIygnvznSrCDy1M/UclA0BtRKy49o=,20523.0
consensus_latency,IsOtvUhFd/nfs89bp/EVaLfzYt2RGS/b7PmfQfjZjCc=,20523.0
consensus_latency,JLM4K9jdc0maG+Y2yijH/4mfzgfxGGCjtHgnIm9PJ/w=,20523.0
consensus_latency,J/eLHjulcmy8owonpW+lYG64tLf3ULgNPfaCLkFsIb4=,20523.0
consensus_latency,KDmGYgu44HYygJsGwvTOb1pR9HFdVGvaoAXhMQPyANY=,20523.0
consensus_latency,KnAHgSgVhyIYeMZMA4qxjl+CBPSPm0EBCtXzTjvBi38=,20523.0
consensus_latency,KnWwkb86C6aCRAH3nuT3Lc2ojaqOTJIX8X3/3LWpQO8=,20523.0
consensus_latency,LjQ+FdApUFydaXVJ7PAdxdEz2SEDj7hZ83AdFPU6IjE=,20523.0
consensus_latency,L169O+i1SmaCtyM8/hWUTucW7mOXGr3LS9g8cj4NSO4=,20523.0
consensus_latency,OHa7e/HjDIM7rwFjKVzVOJYHzvRC1phJ+dBmzy2GeNM=,20523.0
consensus_latency,OkZQZ2aaSee/gIGPLNnUTRM/iiFwPCgaGqgOd5EtYII=,20523.0
consensus_latency,QEWdTrbKNglBhKJMghcaKeg8UTTgUboBeixyPhPnJGw=,20523.0
consensus_latency,QtosP/kE5suhk2u6ovpCXku1K/4gM/KkCYkWtAUxVxQ=,20523.0
consensus_latency,RAvAEC/LVLJO44ragAt4Ou3oCc1RJYMYvZuC/f6etu0=,20523.0
consensus_latency,RIhyYlKRYb2n2TDxQAi8HfFf/WOD/eIxDJkZTzgbiqo=,20523.0
consensus_latency,SN1HIoU6tRQvu7gxmdqUw0deDVdi9GTH6hbNpj1Zb6s=,20523.0
consensus_latency,TJlTDEZRHNd8+AyeOERSXgImEcl/6ZsYXa7L4IyOjZc=,20523.0
consensus_latency,UAv9S4KiGmyWzreAr9QUSU4dnig+sdR0ZRKgiPy3MG8=,20523.0
consensus_latency,UvhZfjsUpiKazZVcGZwJ6/5BsDb8e6WgknEaC+PbaJ8=,20523.0
consensus_latency,Vgx7XSUClR6QCqFxdX32BtxuIMAfCYIZcjxpOutbTYU=,20523.0
consensus_latency,XLXs5TyU6vkS6q0+nOx4m3ktLbNloxRGsiEmbomagxQ=,20523.0
consensus_latency,XntVNkBKMzEYSzXD1zpE8buGPLPxxrL9bbussd2LyCw=,20523.0
consensus_latency,Xs5BCBJ2eKuD+ATjkm/IUArl5ngvqUu9o8cEbAGRHQk=,20523.0
consensus_latency,XxGC1iSxYHVeK2hTACH6CtseQTm1d6SP/q49pJY8p4E=,20523.0
consensus_latency,Ylw6F4OmiWEKiMxGEjagtYP6UpfTUmewCbBoIWkGZYs=,20523.0
consensus_latency,Ym9Kmao//wUBsojCAhHp3dFmMoYKWlexk0gVXb0ra8E=,20523.0
consensus_latency,ZX7gw18m9IPk811bMh978ppREsIiHKibP1JDsVSK8pE=,20523.0
consensus_latency,Zy8W7EuqVdXUejtyRE6l2o+Vt+W0m18LTVMseLb4RdE=,20523.0
consensus_latency,b5QhJVaCPpmDlswMA/IoDWrHydEoQke7iyeIAiCGvV0=,20523.0
consensus_latency,b6h4KyW4P5po7um/2WBO4xuEFXl5aOSq6zAkFP8gCms=,20523.0
consensus_latency,dSO/MuhAGgkaJXsBM9Fe6ZSbtms6IjPPMvC3i8kMV0U=,20523.0
consensus_latency,dr7dO9ZEMlzzns9O9zE+dEwBG65g2zjjokXa1zvj4A8=,20523.0
consensus_latency,d1lzM1Fw+0di6gzrJKMkP3dcfjODPsPepfGH+P82PkE=,20523.0
consensus_latency,eZATLXTpdI74bLcgCENZybA2zZ2Krn5XT3BsaEUcuAQ=,20523.0
consensus_latency,e5mnGtsIDNwbeK+n/B5nqVLW8JQLkyjqYfmBCTKd7/A=,20523.0
consensus_latency,fVmt29ibdVOikmwUdl5QYb2FMGdffsuY1vufsjJMVWQ=,20523.0
consensus_latency,ghfRScn8Gsu4xaWz8eLBd5RWe1yI4JdVq+p+XH1yHyk=,20523.0
consensus_latency,g92BgkkfZ+7C8QOtnFE+phgR4SnqrvAKkjsN/1YGh3g=,20523.0
consensus_latency,hNqnx1THd53+47HHakxpdZU147tWiJfK+M1r60q8nwk=,20523.0
consensus_latency,hlkHFzORmXMkXzBoD/nDWrjUnOVo0dhu/kXQTSs+KJ8=,20523.0
consensus_latency,kiuBvOTSfkfb/+y5DrMfe+gSLCP17B9hLqUzHBo8YpA=,20523.0
consensus_latency,nH35tZ1XJ/91/0C+GVnsImW61wCAHJe0VNEI4ijTk+s=,20523.0
consensus_latency,n09q+PfHMH3o1PT4Oqu4qLI9j1VUsfc0ZN70/kHrHno=,20523.0
consensus_latency,n37wkf6C+Yg3YIghLlM2fT19ztX3t/qu461Nmpr85zE=,20523.0
consensus_latency,oDsknnLx4sSTg+LufeB/mLZhyFgVDDuAjKEK+h6L9xk=,20523.0
consensus_latency,oEByfBGkcaRoks75lCi1TAu3bSzdzK4Wbd87VdvB+Gs=,20523.0
consensus_latency,oKLHEY8LOlyiwvmat00Vqg0ADxG6h7nxnqSu7zs/uB4=,20523.0
consensus_latency,oX/w/vI91kqiJ0xkYCfslMlSJUBnAYztpY942alOqyc=,20523.0
consensus_latency,o7b/CYejg/r0dXbNrHCFOUAfdAOvmUr+OoyVHowpyOo=,20523.0
consensus_latency,p1FMr9yKrXGuUABolzWfDMcs6F7RjtA54vqZ3XlGG3Y=,20523.0
consensus_latency,qdTFqYb64+n4mfG364yR/8ty8Sj1HfsR9Tk0ja5WTfg=,20523.0
consensus_latency,qgLcgtK5718M+E8kDlzv4i3FcKi5B1pYgjm7okvmVFw=,20523.0
consensus_latency,rBJEdhO0V42ITNWC9LvrgQpvJuYPOrSQ2VqZwKgUY9I=,20523.0
consensus_latency,rkaaGWrle67OyUVWuzMyFpJsySo/p1orxuslIuWIqP0=,20523.0
consensus_latency,sBt9e8DpalP/3N7162uqjpyvKTmJCzLi+Vz6zoJjHkY=,20523.0
consensus_latency,tNsXHhL7IJItmUb366rRS0EeBeW3WunXBYyN5ukRWvc=,20523.0
consensus_latency,tUYoM2+zfrzysGobvRQxTj2gSOLc6Tx9OPAgCrMvnjg=,20524.0
consensus_latency,uDPVLj/3o+br1rmcDLrr+dP123SO1Ndv1lSNnkV6+W0=,20524.0
consensus_latency,uMBw8L5gAAh6NBSw6pgGddIpSXp2h5OPD/5AYg7K1Uc=,20524.0
consensus_latency,vOE8YdSo2c2hAzhPwRhjAVm7lbPoL39MD9UYfa2n0uI=,20524.0
consensus_latency,yYIkNX5czDzjXNQEqZSdshSiSP9ff72g4XA58IqWQuk=,20524.0
consensus_latency,y8wdT2R2R6T14DSht2v34A4K1L1gG7P7K9wDVAqOQX0=,20524.0
consensus_latency,zdRcRDESCUnqZKOV04bebV2bSbUWA5FuOResUNH7ajg=,20524.0
consensus_latency,z+03gFGbwicfaUmzyxA4z868f0U7AmTRmlaA+uc4kz8=,20524.0
consensus_latency,1bokgMnUASGIokP7xs81hi1mnZaq21W0LDmBh0wMPOo=,20524.0
consensus_latency,2Qboa3OYVDelH+p3NVHpGgOcD0A7Ga14d5hoI7hIGQA=,20524.0
consensus_latency,2U7m3e3ZghQeHXWC175P8Tj5C5+0BpE6n4cPYGB5UQs=,20524.0
consensus_latency,3XvuxXtZ4hJjRiMulNhhCvbYr/IPrfSK/jGc8Ihlp+8=,20524.0
consensus_latency,33cMmP5foFDW0uksdZelMnLdmeqs4P3CNTostuLSxXI=,20524.0
consensus_latency,4GGjwlZkUKGo4EdCFPOm/BrmLoYxgyXMIXoKl1SUyPM=,20524.0
consensus_latency,43m4GWoKAfkFBUgHjIeOzN4pMqvSTwBy4SfaROW20SM=,20524.0
consensus_latency,5SJj0aGbBDt/5D4/yDl6FzI96ivS9DaPKoQ2WX7mk5g=,20524.0
consensus_latency,5hlhDrKZuDdzeDUYlJAdWI45LyCq94/uuesgUf1CCSY=,20524.0
consensus_latency,50CEkK2d92d/ovU2qHpGdcpenBZPlAUZ6orZ0cVVpTo=,20524.0
consensus_latency,6OOWuMIonNVn6sY/aTjOTp2t9johHFnwbxeqvndZQAg=,20524.0
consensus_latency,6/HaNtq1o3jwv12CtbCKFbzvPypzPet9m/972CDz7Fk=,20524.0
consensus_latency,7eAY1Z/d3cNXHhokWUvQ3wKac9noL+jlboWBDr6Mbys=,20524.0
consensus_latency,8Awv+5Qv78qul1xWwOYXFMM4NJ/8aXOksWdz1gnEr3s=,20524.0
consensus_latency,9L/nEiFQkFumYQijKgvQWAspELnEZHjQRulNOxS4OXg=,20524.0
consensus_latency,+PqAxyUvfIGyK01MPFNsnst4WGFOub6glmqtS9tDMq8=,20524.0
consensus_latency,/wmACfpI3Nollp8xPLF+Tf69U1q8F7gfh2OpnFUbQZs=,20524.0
consensus_latency,/51SZrJcQnhB2rFDUlEh4UfEtuleV624w6MU8Aql6Hs=,20524.0
consensus_latency,//DKJnSDPbdf0GjBPDlsPmiD56lB3zF85xsk3rDCOKQ=,20524.0
consensus_latency,CBV6HlrbpFyIbMjtqtrAcHqeHYpzy7PNVfc8/VSkldU=,20524.0
consensus_latency,CXx0B8sGv4Qa5SS1SCZAjlRSIocmuHJ2X3mvYTb6fmc=,20524.0
consensus_latency,Ch3jRHvDb3oLwxomRm6qDcTAwz4txSGG950GfyQIsIA=,20524.0
consensus_latency,CqJoY+7pZDjVKQnjkAjR+FAvbPOV5faVChC6+Gp7PWU=,20524.0
consensus_latency,Ds1e25oz+E9yPOdoem/hb0zchd5d6Kq3u6wrMQuUzJY=,20524.0
consensus_latency,EenQx4M/LRJWb75jIPfcXtftEc7IwhVYENoF+mPHRMw=,20524.0
consensus_latency,EjPSnSJcUOGX65/oFbHoQcXAZKWuq1KiE7IcRKKyZPw=,20524.0
consensus_latency,EpLWFotOrlghXLvLUHoGGw3xdfCtgUmSwXeCPiWv1BA=,20524.0
consensus_latency,E4rmF0yOdxyMZzmsBlarTCeRLfjMjav6vzFJc7JK0y4=,20524.0
consensus_latency,GeEGhYs3mJYb8viO3X+oY+NhrCg+krBG2cA2AyCJ8Ts=,20524.0
consensus_latency,HDsPAAT289Y6vi3nZnuXfx7XFC6kVC6uzuYourW9ICg=,20524.0
consensus_latency,HLZ9Dsu23LskCYrcrrk916HwDvq0kT5//65Q/vYSM/E=,20524.0
consensus_latency,ICH7uuEO3yzTt2+9iqWKbjaKCGq/ohKnzSSc0pxxUDI=,20524.0
consensus_latency,ID4lscw2fdW5MPgM3X66hJDE/7D3ym1xzUQfYlQaC4I=,20524.0
consensus_latency,Iu+gh5k8CTyWFbu9Wows68hPiLq7QW6potoTzyHXEhQ=,20524.0
consensus_latency,KEYEVM2sz4IMOU1zaVBxsBMPdW7c8+GuSlWC8xnKWp4=,20524.0
consensus_latency,K3xOT6wqqs5vYu7TdL0O7Af+Ttb1q+BHRl9ASN0+7Oo=,20524.0
consensus_latency,LolKIYndPSG1Ww/qVcOvutmPTTY4BA8qhEgq9w+rn14=,20524.0
consensus_latency,M8p8Ynx+qrjpBJRU8uflyileCeBSVX9Hzoz1fvjIZ7A=,20524.0
consensus_latency,NXlYgPaj/Z64jCwi7eeJsLGZuL3nrHIOg3zStxPRgIc=,20524.0
consensus_latency,OMnlqaCNZx/5OfmE8Hw9x4YJBQP1d6Wp/CdAx2NVark=,20524.0
consensus_latency,PEx58sC909fRMhdbt2vnSUb/B4imvhTFRwxh+hwlghI=,20524.0
consensus_latency,PE460Ogcz2EOb9YZrXY00tE4L+STb2CZyiesykcBSIg=,20524.0
consensus_latency,PMwOr2nICp6HLZib9an2w6VrSH/fcqHHe9zhBN8qxow=,20524.0
consensus_latency,RHvw2XNeK/fuNdN6CLC7JlwPi0fJ5bgukJ9QlQY1sxU=,20524.0
consensus_latency,RVo/CdBcBpHaT81fFqw8j/Pb9RpNL3FQ987jH72nqJQ=,20524.0
consensus_latency,RfE4Y6wtH8Mh45OZAvivZhSoMEGiH5yJgMTHZwNBHuo=,20524.0
consensus_latency,SF6cT4iREZowsvLmCfvCaXIyVEELWKHZeAgKNfW2E+E=,20524.0
consensus_latency,SoPFtuc0AMTiOIlAWue98y7b9eKXCMQaYlK3ERWJsM4=,20524.0
consensus_latency,T6pjeq8+dX8IqUed122DkkIjw8hIU1SSH34fYIClHVo=,20524.0
consensus_latency,UY6OPwxebIfMxBzQJRFTSNVbOuIon2Et7ShTzRgru+w=,20524.0
consensus_latency,VGvyQAgojy3Sfi2xZTESN2gvprs1gpR7eYqJHmgHyWA=,20524.0
consensus_latency,VHHZZ2Yb4VGWNx/q5T20sI8qDquuaaTOE72OBBxTVOo=,20524.0
consensus_latency,Vu0sQ1nNEDJg3GO14pzwxmaBpM72d6faLCnybzsSEHo=,20524.0
consensus_latency,YtqfW8l3V8BQOUzKj8uarq4WiQrUPL2nRYoYKj9Ej6g=,20524.0
consensus_latency,Yuds0AB9ZfoZ0oQzWozc+xp7gB52ULKLqaCn2lAHNf0=,20524.0
consensus_latency,ZfmmG/OhzlLWZfdlFPvEPv4MdLHa2q8CE3Srii2MlNY=,20524.0
consensus_latency,buOa6BUrGJfKGsHJN97vlBFEo4DnP8Fa8ijfyxBj2IY=,20524.0
consensus_latency,bxIqknj3BoD0Wv9EpmTMDgQMjVDIc9I5eb44APsDU1I=,20524.0
consensus_latency,dACzhpXHgk3lCmG04Bjv6a6AnFHZhu4APRUzTeSaseY=,20524.0
consensus_latency,fhbm+UlN9WBDRa2RaS2a8PiSISESt5stQ2JwT9ggU7w=,20524.0
consensus_latency,hNJFqyOZwXfgV847pz12LvBeB3OnftdrTqGBy/LmZd8=,20524.0
consensus_latency,hmHDsWYqOEk1Q830ll1r9oV2IxAU761esUERhL23LSY=,20524.0
consensus_latency,i3tAuV3SM0/B5mJUPkhat2mulFCRRYQPVU4iWjtqLzg=,20524.0
consensus_latency,jcv4U9KTJ+/iG4jwDros0jb463WvQLfeofbZkFpXfUI=,20524.0
consensus_latency,kICNR7t81uRFKzogtDXwxEyyrhbk80O3i96zWgqOLxA=,20524.0
consensus_latency,kg9PdG429A/vcUa4hkaMh9/XHWNX+pCypPT7FrvkSqc=,20524.0
consensus_latency,kxZ7NEkJ/ejjzkG22gQPlxUWIerF/T3ZwUwFrh/5sTY=,20524.0
consensus_latency,lvgEdQv1pnv1rByAk1hULHbpLYX8yFySdwpOk5oUkPM=,20524.0
consensus_latency,l00o44y6ZW2wFrHs0SkpHpqRXDJ/mw4RI9NP3342ry0=,20524.0
consensus_latency,l8d1ofbO/PvQSSzLcg7ANRuPrzkjtyXZANFKBBYDfYg=,20524.0
consensus_latency,nTKk5B/XC3Amjk3oyeF/l4BMT6ENwg+mH7psQsHyrj4=,20524.0
consensus_latency,naTR+QuoV9gCNdYIvh/bhD6jWlK+1StXD4CHnA5ndUc=,20524.0
consensus_latency,n+mLJLZjuFDoSjBlmDESz0iho7/TKyf0HdYqmG6dIvc=,20524.0
consensus_latency,omuQKig5uIRjFBUA+BrV89QkBvRHAZLkmWjWSUkhDJk=,20524.0
consensus_latency,pPoVxiUNub5Tqjx9yKtfp9REc76pn3SC2V600O5a90E=,20524.0
consensus_latency,p61glP34Ve/15PATRaH3Q1/gxRtLRTRhuzUdqwhzy+M=,20524.0
consensus_latency,tT15w5RmpmP8IM+u2EZXiOeBbN6YbE07YfL2F2QynDE=,20524.0
consensus_latency,vH4HHpdjM9D0egAaWEiazC6bE0cCl2BuFa+iyI5HbWg=,20524.0
consensus_latency,vjRR5kQv4iilMoiVtw/H8dUuVVbhCcMApMXfWif/Fhs=,20524.0
consensus_latency,v7TeGZ4P7dAqR5IxCDY3H59ccwTQMPmxoJD3do0qGOQ=,20524.0
consensus_latency,xtWB+2TDFPcV7Y9QeaZj69Lns3krcgl1GRH204w3tJs=,20524.0
consensus_latency,yxoYGzBka4aoFoN44FcNRx+OW+N5gwbM8LEgp29PiBk=,20524.0
consensus_latency,y2vmKqC1Oq5ztC5uYhoirMWbvzjm/yMO7b8LNT6SGpw=,20524.0
consensus_latency,zoxsWm+NgW/boLtXUEUWkxjOgP9Q9mVZERZzd6+vrNY=,20524.0
consensus_latency,0Y16oOAmF6GX9NWUbUge1kvRCxI8lrNVxb9X3aMdwvg=,20524.0
consensus_latency,1Fp/2ypx8awbDYrajU6sBJT6iBMbAyyQkPps2XE3lds=,20524.0
consensus_latency,1P5BXYIwnOxQjWo9J/uCEGBtuPJ03itkxre3CnvMexU=,20523.0
consensus_latency,2VRLVmsMt7/n4+L056uLhQK8ETBDHHGWb9TepVlvBMI=,20523.0
consensus_latency,27PvI3tOZeWSPE1w5qTn+FvinAhvG2WG1Cb5ehc9EHg=,20523.0
consensus_latency,3VRfD3BxcGOGuNU/1Vi4nuhYZ9pk6MjYNITghSMjRaU=,20523.0
consensus_latency,3oSjzkE0zfOuAEIJTasbj35WrsEKQfi57xg4Th13A24=,20523.0
consensus_latency,4MZhaDUuHEOrhv3W86qcMaJGs5/L9K5DNBt/Rw4u6T0=,20523.0
consensus_latency,4T+2keEBAhydmLux6M7s1BHvc6Rugq26f7it/BvujGo=,20523.0
consensus_latency,4nYsfzu3wnc2EwK+4dZcqAaB/7F1UwBFbLHh/UlkL44=,20523.0
consensus_latency,4oVURulb7puHeihm4cF8kUSRlkOGtZsBOKWYx/HFb50=,20523.0
consensus_latency,5bBK8V8seZGzVETpJ96R//blbUwcvWHc7dy1vsKYaB0=,20523.0
consensus_latency,5fbbvbr+kuiY5Cn9bK0goUjdtB3VEEcQ/TyY6ZAgFMo=,20523.0
consensus_latency,5u6RYxT3v6OllTnX9BTJ4xf9/wdhVvpFQp2JWkoUfYk=,20523.0
consensus_latency,6PL2YMH/k0puWWlWQBKmVGb7kNtYSYq50jzSQ6okmPU=,20523.0
consensus_latency,6io5JBom1u/2LbOylZu8mSAzvKCBS/isQmAeRjN6AEg=,20523.0
consensus_latency,6n+F4fVRMlDzjKB3uCH7p2kB9BUx+kDOs7SDie42XH4=,20523.0
consensus_latency,7PkYDsX62bj7HcaIlAPEB9jtp0dSVBKHAtrO5dFcvU4=,20523.0
consensus_latency,8Zqmwst06b/3uo6vqFDHgugOjsggJig1T1he/+uAcx0=,20523.0
consensus_latency,9SWnYJ3A5WvhmG+1nGRK0MwIqmd83oI/cn8LqESSqv0=,20523.0
consensus_latency,+LPkNX/3kEcyTJkT40nLtLGfI0ZOa1ZRGDzpj8q3osQ=,20523.0
consensus_latency,/ZErHC5fDavU36ncjundN9yzrrwZFVXlPzTgk21Yaxo=,20523.0
consensus_latency,Bt+0Pt06mAFmimcO8ki7x3uvv5QcvOEfmAESNKcdE4I=,20524.0
consensus_latency,B2ev7HCKSgb+wyw10nNX7GqYt314c1ip+zgfEUVfsKg=,20524.0
consensus_latency,B+GZmihxh9r7dGvXHuF+t17ytQk+MDczqAbJX4fGcP0=,20524.0
consensus_latency,CibQ/aDvxqJqT9WR+02sEePEdSqHWtqiz7JUWzWQ3t4=,20524.0
consensus_latency,DMLgwzabK6yIwIlSWgusAmm/M5EM8XChPl+Uc1OtnZA=,20524.0
consensus_latency,ER18wT9YzpHwT8xszMCV+JHbdF65AxeeSMg4NNl4WK0=,20524.0
consensus_latency,E77E80xdJMbxrOPDcv1sIQ369gWQ+zV5omVWa87NE5Q=,20524.0
consensus_latency,L3afSbV0bkji4rgjkTxO7UnxuMURjhWT/p6Nc/V/WIE=,20524.0
consensus_latency,L8UX9Sa9oNh2o1aR5pNlmj33h5iR12p56/AQDZfk/Gg=,20524.0
consensus_latency,M6d3t00KMAINdzQNiv7e0dav+1DvnH0bdF1xKyS4qkk=,20524.0
consensus_latency,NA61dtqrvNulbM/Job2RUmQKf9hldosRzQSbnSl6MRM=,20523.0
consensus_latency,Nka2pGSmK5O60o38hhdB2z0e8IaYERDwV+y6HokC/B4=,20523.0
consensus_latency,N1HiekriRK8ZpTPSkNV5ikWELnVQstZ7xBr6Sjne19M=,20523.0
consensus_latency,OqWQVcgqAQVPEL9pij+crgwSfh83s5+ZIsOl8kJToJc=,20523.0
consensus_latency,OquYo2e40YCHfgS9dlOOTqw8QAWg8mfPCXe2dSewHdM=,20523.0
consensus_latency,Ow6cOTMLJdy35sao4tCFspY3wUTVHiuXr+R9Lwcv/yM=,20523.0
consensus_latency,O5LWMUpxdHFUq+rQ/FAqeei4qXRAcS1jcyRVREezgBE=,20523.0
consensus_latency,PhFsmxUlGFdtpoLf5lDMDWD4eNdN/OuPjOMPyEZvQYk=,20523.0
consensus_latency,PmGxQ7BN+0d4Xc2+8j4gq7Aq3W9EGgcXbBEBdsebTnY=,20523.0
consensus_latency,PsxXuO6V6ty8bm59ccdWC/qRRXlyZ2E7GvQB52g9Eq4=,20523.0
consensus_latency,RE/VwrDr7vZhGIHshTUIPPe5kJGFDAPVs1Y9e2oRcCM=,20523.0
consensus_latency,SCmG9gLrN+ssCsiSTXzMz8idLEco3ibqnw4oHIttx5Y=,20523.0
consensus_latency,T8uv5LKSt2/0byz8z56euwLtBRQlPWXDgirRQBOh2T4=,20523.0
consensus_latency,T+HA+2LbM01QiLwjUoOSX+7DVK7Gf/k8q37gIDj2mOw=,20523.0
consensus_latency,UcSxQXui9jmJ2uF5vJlN28BIiK9aRKxfZbikWmUELyQ=,20523.0
consensus_latency,Uflp+pfSevdF9dxBDve7usagdhUGRZf/DQ5YPPMbqu0=,20523.0
consensus_latency,U1/FcbvrmEeAeir88KFRvWKshwYZZXeVloNV6IFAjxc=,20523.0
consensus_latency,VBgO2UNqNJurxalUt2PAMOjAvZuvlYqvXDQ+qxRZUSQ=,20523.0
consensus_latency,VtCJofPc9NdfnuOAN4/nu1bbLOMQeJVs03H7LSy3Ljg=,20523.0
consensus_latency,VxWI5OWpsPAiwUXZx3uj+etoYUourO759YvBB90lTOQ=,20523.0
consensus_latency,W6ibATjsJzAPpDNDMCCENNLtwan1dqkEoiKt3qhWI5g=,20523.0
consensus_latency,XLr1AGB2/GJ9bmvM/rVar+vCnv4QBowS0WToTJEQF+0=,20523.0
consensus_latency,Xu6wyHnJ5sIJ8kTmZ1M5qXRkc7YfjLuzG5eCSBGN1Ww=,20523.0
consensus_latency,X4OZTBGLG1g335jTbq4vqSjgxY8Mhw+wnIlsJituh7w=,20523.0
consensus_latency,YHo9GqbAMbx4gP7jjTG9gKMdCNFDDhp496Cj9YjcaTw=,20523.0
consensus_latency,YHwVFhK6UmMSokzXZ43HfKk4HDstBwn7g0I7rfeUkiU=,20523.0
consensus_latency,Ym2A1+VVbVT+4BayUI+jJ4iOoR24Xky9RP8UmnHHX+Q=,20523.0
consensus_latency,Y80C+frYkMcDYIYh9Z76jWPl7Pn/Zlj2OXD/yrb4gQE=,20523.0
consensus_latency,ZZ4CH/o8lAOqJQqQVwZI16oHWqrG808TSdSH88l3MhI=,20523.0
consensus_latency,ahmkLLAc4r6H7eOR/8dhU9SJgWV0QcURE4dFVzm5MmM=,20523.0
consensus_latency,bDucyW/1t1K0Ky1q+/GyOS7AyOS6M/psrG2FAiRBqdw=,20523.0
consensus_latency,bt448WngqhvfHMkulO16zc1ApE3Gf+OrLljxkxaCCt4=,20523.0
consensus_latency,b34qrlqyGyeZ59PcEx6tn+eRVNB0z4jEwhEWDLR1woQ=,20523.0
consensus_latency,d/zwq9bvYFJfutrAtMAtvnYT+CcbQ/cfbZ3XItTelwM=,20523.0
consensus_latency,fFacXJy6aVJY0lGoYGQajzxSlwILC6K+DJPqVYnOmhI=,20523.0
consensus_latency,gF9ATv7t+D0DrJ594yHfKkzDhv/pYBn+gtlmncNOP+4=,20523.0
consensus_latency,ghYl7eSOx+0YKbmP6/Lzbcd9ylq98urzqkfLajwOjaw=,20523.0
consensus_latency,gnCn12wkSpuzhHGteeVNXWoTwR7HdE7t3Mk2Q52I7cY=,20523.0
consensus_latency,hJGcrx7GUZXOO59qR2r06yYD5afwzD0hpQxXJI3mJqs=,20523.0
consensus_latency,hw9Rcn3P5eLgZJYqjcuwNFEQW+69Hc9safZ4d+pisqA=,20523.0
consensus_latency,jdYH8nXp45gWKau4ox5oBM1rMqMjBKpmr9bs+Zc9hoQ=,20523.0
consensus_latency,j+Ta1BG3xJjFY0A3fKBV0sCueIsXQNXkzwwPxGOsFWk=,20523.0
consensus_latency,lwGltTFNlqB9uPPzIdy0j87f0+MdttYYq0CQ6Hvg1qA=,20523.0
consensus_latency,ly7hf2ymSLxvWiegnKpdxQk+eH11W/BuBw+sfX3wC0I=,20523.0
consensus_latency,mH0aEvkRQ0u/oyi6DBBebdfy/r0OvfVPR+S3JJZwDm0=,20523.0
consensus_latency,nB1/5PP70R7BPZibGbVvspt1MQUQ92KE0eEj2AMBtHA=,20523.0
consensus_latency,nJ6ghT3MhKQPMN7gyy51JCka+vG2cBCXY8si5/2nFEA=,20523.0
consensus_latency,nTgupGyGFAt/swdWtZkBMr4wMLO5WRgx61gCK0zefEk=,20523.0
consensus_latency,nfUmnUvseu/RC8TgTnrAIdlZMRMlwcUmoCq9LPdtzBY=,20523.0
consensus_latency,qr0JItOaIjaRQ1eHEg46uhAsW7554rGJTwO7KZ6GYMI=,20523.0
consensus_latency,rRcQdtdFWd7XH7jy7QZVo+3UkzmhlU3f859bzpu0uuY=,20523.0
consensus_latency,sPMTAW9hPZxHavuXIJCGL8HCr0K4tREI1tIje51zA44=,20523.0
consensus_latency,tGQbhQp+bN7xcygbqOOjxuGwy0HbjxKEg0gkKQPMMz0=,20523.0
consensus_latency,uG5ihLHSkQVk6EcBRTOF/3A5XG8LN6m9W5aDS8JUrdg=,20523.0
consensus_latency,uhMR/m/QBt6+Xo12B9TX3pcVZRQTh1Hxf2C9YxnjwFI=,20523.0
consensus_latency,ukkMGEwzx/41sUEjPmvrk4bmkugUQwJvOsxTlx3a2IY=,20523.0
consensus_latency,utCM6fl0bYLtaEQzJo2ywPrBDmpmSGswfdVjpCLSOmc=,20523.0
consensus_latency,vcbm1tbLnTTKuhpSwDvPT+DKv4s4jjLgr4qGaWSD3iU=,20523.0
consensus_latency,w866HQKS+UzQoE8eT3mu0mBwwWyrWbtjD5Pyr0vo5tY=,20523.0
consensus_latency,yMt0lmyAjcMQtrz8X7icG92H/0lZN9HipdYXJt1RvAQ=,20523.0
consensus_latency,yilqJxfqC/WtWDBfEqSZEXSZvYOnfySJnjihlVUllFQ=,20523.0
consensus_latency,0A5I6h5SJsdAWNj2tyskxUjbJcUvOCSvcay+I68vg/8=,20523.0
consensus_latency,0RMncXD8bMbj3i0Ai5DwqBAtPy4CjSdClevtAu1nM3U=,20523.0
consensus_latency,0gF1xQKxoL1dllnz3duR/3Pj4ku/0GvVuUI5BKAXzi4=,20523.0
consensus_latency,1AxFCZOg91QF9kB0WWSlcKZNnq7wNd2NdvCv/T6y72w=,20523.0
consensus_latency,1HfcOHWcudXSYXkyqKqQQcqv4alaw/TlEdl4TyL/wFw=,20523.0
consensus_latency,2h2RhMg5P0Zu71U1+vc6Zqe16oPPng23zn0zYg5vq7w=,20523.0
consensus_latency,207Edn2SZ6KjGdaenP4GzF3wTFgNp8eqkgYo1W8TgaQ=,20523.0
consensus_latency,3NGjtzxVItM8qgTlbdXsu50p/UoIP5do3uJ6i8QNbxw=,20523.0
consensus_latency,3p0vUKeJTL75iJSlyr1Djk19qTjILruZyAwoBjiIkIw=,20523.0
consensus_latency,5o/GdV7U07RcNcbrUCx6icH8ro0Ugibkg49dK5DDOsA=,20523.0
consensus_latency,61yHlo3Fl4Jy5WnKiQtHIFaef/3Nt8uioo4Ur4Hh0RU=,20523.0
consensus_latency,68eBN6NLLowfA5a+QhMTiyFrxTj2KrpLAyuaCGiar4I=,20523.0
consensus_latency,7JLYoMDzLR1gy16FSb4zlAfkkHaGXTY3Fjzaxmaio/c=,20523.0
consensus_latency,7LUt792IzS5+yY0MPYCgVYjsx5UildFGkFL2tP+5EYw=,20523.0
consensus_latency,7RNXan7NWPA9N+m2UT3WbGm9mBt+mLyo9QawBJnplKE=,20523.0
consensus_latency,7ibCTB4EjCKKSTz73Vygmlm1izieOtn/hOCwit0Uya4=,20523.0
consensus_latency,7uUzRi1+0yeNQ9hwr7o4R/atx9Y9VRa59mEM0t1XOQ4=,20523.0
consensus_latency,7477hXZe4dXe5mjFmtQLVXusFCbCWjkpuqljSj8WbFA=,20523.0
consensus_latency,8E+pOs8qErC8THF1ENJnWm34vd8/JuPawQLTajyD6N4=,20523.0
consensus_latency,9c64zXZ56vbYhjHYpb3eGXO3jx+P30KQfWKItWdAT6o=,20523.0
consensus_latency,/YDcOMzMaaLgJVVUasagGqAFkw3VO4P0T9xnjTlOZTw=,20523.0
consensus_latency,/c0IBFHRoJE4yKe289uG65wO1/EDpGQZKyXf4rdwW0M=,20523.0
consensus_latency,/zVV5sVW6Um4B77fujd/7aT9TI9Sz0YJZrnGxFxgPE8=,20523.0
consensus_latency,ir9KONtNOP3YxjA5FJsGNU5CODOPOKis7ZzQs4m6+ww=,20264.0
consensus_latency,npb2Qj56nBroSexsVIN7+oHJZxLFsbjK+pqhFw0um94=,20264.0
consensus_latency,3Thz5nk7ACwEX3Vl+SgGkh4jk66gMdnhwAK2TwpYs8c=,20264.0
consensus_latency,ANPw4/AEKR1qFam+1a/ibP041RnK6V8885Z5lyniPyA=,13164.0
consensus_latency,CGQ9mf2ugWJqq+npSckGsT2tEdgo50mRhLINoa6Ghfc=,13164.0
consensus_latency,Con5QXKAs+WRQDqe3NQfCCHgxWK8kEcgcigAboIjXz8=,13164.0
consensus_latency,ED4jWMx3vXqZUPVG0lwybjPWaThtapwW0QM3u6WE3Ww=,13164.0
consensus_latency,FEMe91JyYQS6gKcHGoakcSH6ZtRV1RUNmWrZiXawnH0=,13164.0
consensus_latency,FEtjsRT3u9cUmBJXj2oQzZovUxuyeFLPrz4mHer76FI=,13164.0
consensus_latency,FIvkollxurq7AI6r1Y2pR1cbJlPSepTEpp29Ydxt3UU=,13164.0
consensus_latency,FPJxMvPI/RjfqSit0IxAa6i3svGfEqvozvIjKWQvtW0=,13164.0
consensus_latency,FzUPQAuSiRHyDuWdUWm2iYBesuKdVMMYjUoSjVrny+k=,13164.0
consensus_latency,HRmxHwZcMdGy7932uo56EPJzVeU+O0AyrFrAElMTvTY=,13164.0
consensus_latency,IFl1JRxE826v0YJNXegt4HZE5psbVtY16mogG+ydm5M=,13164.0
consensus_latency,JKMESdlzb4imwGNQIhWNGVe/kI5B2nl9VkLvzhh5R38=,13164.0
consensus_latency,Jit9iL86RkTJjIFE/8TIY2e+N4FUJWB5t2tzXWHpPOQ=,13164.0
consensus_latency,J202KWOdZUZhEBREgpyOVvOjWD+ld/COeSgQ/F+mSiA=,13164.0
consensus_latency,LyECYjPJByhmhARIBVYyaG0tTQhV4PNgdZEqzSPofIc=,13164.0
consensus_latency,MXOWfN+SofHhz7W6Man9gAzQmn9P+/QgCnicIcFJa8c=,13164.0
consensus_latency,MX/xM6HEdHJpgBpTLwt7+FzEmYrpAJa2EUacs3Xa7QQ=,13164.0
consensus_latency,M0M20He3iGVwFpDmqXH9iVKoIh9obUMsDd26yBtBAwg=,13164.0
consensus_latency,NMT2cJ2mDM5tdB7tTPuAmqYq+FTKzCfJ1rmOTIX0yDs=,13164.0
consensus_latency,NVD054eU18J8p1U8rffeWPn6/YDZdNc6DCvavtQMP3o=,13164.0
consensus_latency,QutGxrXqGIkTrMwxhkOaudYuqN+GPHRbcLeO8R/3ILM=,13164.0
consensus_latency,Tpy7CmgqshkcxOcd+qgEf3UhGHbJznOjBTXEmtdZ9BI=,13164.0
consensus_latency,UGBJ4a7n7PEWpvDYt66Hxa6NWFyKvIv5ea4CCiz013s=,13164.0
consensus_latency,VigB4Zzc7sx6WetpbPB2M5Gxzzsgl4LkLnTcio7t/0I=,13164.0
consensus_latency,XMbOdhJjO3OhgymmtBxXGxwfLyhPW1qD5+l8Ci90mLQ=,13164.0
consensus_latency,XM5aeAsHdCgbjBW6ORpT35/QQlU9RowNawz1LhpljGc=,13164.0
consensus_latency,XNPpqVs+vYomuqz4WiPkMjoLvL8lgOj56Kx/5HoxnS0=,13164.0
consensus_latency,XsLotnxGJ+j+jE7gTPgwy/iVzF7Ec6QkmukosQAztLw=,13164.0
consensus_latency,XzN+Rb8y3uiEU9JFJS20QvsmJgXQKI7ivTEADhaxqdw=,13164.0
consensus_latency,YpobEYLFpPX4/Cjx+WN0xsPOZwAfpAIOtgDOIYXmUNg=,13164.0
consensus_latency,ZoCtSvmXygPPk5EgRFoNE/aY0k6ckUAerHIUs51ugTg=,13164.0
consensus_latency,bdsAeYbYv27E8s6MwwfI/HvXAsxSbMKTUssAzsgMboA=,13164.0
consensus_latency,cYDkhmJL0nNAYZN3ZaSW0qYI+oZkAmH6kIYtbZH7emQ=,13164.0
consensus_latency,dLsXxDYtj4WEkH5j2D93In4zxUgqcwSdGATa1dZNf2M=,13164.0
consensus_latency,fFlxNEGnZJU08NR995bgM0EeuHo5WipO51vijww2r8s=,13164.0
consensus_latency,fi/gzT0PE0k83I2W+NqPWk/kpcB5h+Z3lznhsXOe38w=,13164.0
consensus_latency,gAoSxa1kN5oACMqvU+8ej/fsUGarsOAwP7wqFArlGTg=,13164.0
consensus_latency,g28J4SpopkJ88bLcCOJmp9nVajySM6Xg97zpqGtEAZ8=,13164.0
consensus_latency,g/u3mR43r+Ef3PtV7RuD2NDbbEUe8ol7udXgYZbT9d0=,13164.0
consensus_latency,jT7obTPjocM6lCqqA4l/EgtwPRRNLa1MhrxXDSS+jIo=,13164.0
consensus_latency,jy6TKQEGnc2775oqhsVF3X04/xUBiuLcSph9p+99pcg=,13164.0
consensus_latency,kZZcYIF8fIQOjNHrWALJKOQl0LcaQ88h+a5PhT7jegU=,13164.0
consensus_latency,kioglu8ctkb0ZsRKyDrnw3S5ZOGnRu9458e5KK7c04w=,13164.0
consensus_latency,k1leBpDUcrHAyw+FKUZ4QscgSfH53gTm4OS2tE+amzI=,13164.0
consensus_latency,k7FjMIl1+gX2Kel5PXvon2cIl8aoKbdvNuxl0IAA5Cg=,13164.0
consensus_latency,lkvoBQHYM3X95t4yoYui+o2U+wHyEOuOTYHPRwNrKDE=,13164.0
consensus_latency,llAYFjttBMCbn47l9VMI1YEyDoJBVVLHqhgaZboZFio=,13164.0
consensus_latency,ltSWu8Qy0CJd4xGf/kr6QZw5xq5ZQnXyXoklpCk38iA=,13164.0
consensus_latency,lw8Am7r4cOVoOKC3BZnj9BsFj3b/kh0rjDHtHuOL9ew=,13164.0
consensus_latency,md1kal1bq+xY9EovA9BOay4DtcPuiDetvdNAz7kU7Zc=,13164.0
consensus_latency,mpI2EpsRzse3v0NXjEQW3bglBtMDkW1xJikB4s0foLo=,13164.0
consensus_latency,ooWe/9OibRSpVKz0ByJUZaKKZEkRR6wFnaedAkHY40g=,13164.0
consensus_latency,oprV5O78/yxvk/TXwROf5whPcKegdo1nGpTE1efhYl0=,13164.0
consensus_latency,oszphxprRkMNBPAXVVi5Vpa7+tRiL9EMkFZbZw6GG94=,13164.0
consensus_latency,pg11vvctQaK+mqpqHMdqopZ9MSjFL5dvzrS7Xzxq9rI=,13164.0
consensus_latency,qRQT0QDeZoC8sDtTDJQmOKeIGT9xfDOcCBmzBAvM2rI=,13164.0
consensus_latency,qbF21WkYRRpk00DKbBhQklFsfqNgXw+EIlgd3e0ykq0=,13164.0
consensus_latency,qhl6xsTI30fKSopAKhoyGYvvWAoTVg13ZDzt+V8nfOE=,13164.0
consensus_latency,q+Hj5bbxtRxmuGXUH0Mlkq7wKg3l089lVwmYGAlXzhc=,13164.0
consensus_latency,rO2BmgFSeVtj4mNoHgqQSOk1kArZY9vmN62T4c/enNA=,13164.0
consensus_latency,rfyHSV7A+gyXlbHfTKPt1l5xcSzrB4ZjGvrAHKDWybk=,13164.0
consensus_latency,r/Pcly0O8GS0WYflZwjpIoRX1DfI/TVUWMExj1TQ2rE=,13164.0
consensus_latency,sz1INSNJso+j4TivBXjB6SF4Oc2USTuChsiMyLCodfs=,13164.0
consensus_latency,s8igX2lTB+6ueUk56dbkodSepowYpxf7VAG6whZ0caA=,13164.0
consensus_latency,tgJ9cLXfsFN2YLphnL1WAIv284x7lglbthhrP796b7E=,13164.0
consensus_latency,t/HXaCf5z0B4H0oSLlWJpcA+SY3Yeqt8MZbRTNoIQeE=,13164.0
consensus_latency,upQ8nMsGNEeOkeINoXx+ZxOW9VM9C50D//iauWDi8lo=,13164.0
consensus_latency,vD053evnmbAknVSUqDKWTMs++VO1XU6bhr0ndTN923E=,13164.0
consensus_latency,vYCgllWq20xis+yOcJLpn1oOazHlEawWAXz/bUFE1sg=,13163.0
consensus_latency,v9MjibCoeVInyP0uTYTouBaon1HcrbkC62dJTuckBiM=,13163.0
consensus_latency,xfQVa3OtlipvKErAnd+FKM+1gEis/wmfaE3oic3cyQM=,13163.0
consensus_latency,xiXEFIn1eVxNnH6yufQmAHYyH2LfomX72ox7ldOp0IE=,13163.0
consensus_latency,x5mQwLZ38Qm8dJaLQBjRFTnR6rMsCdH2Ck7n9tRQNns=,13163.0
consensus_latency,yFl35+hoFWEJw7PcAX3PhkDUGkFeFns85VQTs5SVbBw=,13163.0
consensus_latency,ysxs0Fp0Yx8N2FZOb2pD999+zuwBHbsYzbh6uVI5DqM=,13163.0
consensus_latency,y2VV96ynqJjEguIieIrtujjsMUuQP8issgtIKRD0ZXY=,13163.0
consensus_latency,zZ2H59w86EnAYTXoi29GNaYg6kGDfQ2VbT3WJ06Aids=,13163.0
consensus_latency,0Tncb0krmOW7eg+xlzfzktxG52xbF+CYs3MkN0ccVGg=,13163.0
consensus_latency,0aaDO07lqCCHrUMl4V8ObkbxqyoK8cdtIzwgLJlNIm8=,13163.0
consensus_latency,0no2oE5jOHyMJgHmlv1dZCb6I56Xn0aMwTaP9U38HUM=,13163.0
consensus_latency,0562aBMHgju9wBLBH+7bho2v2t4f07w0V6nlSeNPznw=,13163.0
consensus_latency,1RxtaHH5VOY0veE4EwdBgunnjNA7HoO27g+dFzYAzNU=,13163.0
consensus_latency,2APoOSaCH76q1YnyGYpHzZsRArlJW2hZnS3jm+ystyE=,13163.0
consensus_latency,3ttj3/jHyYJlZLfVWYsddd0cKTYrnHT8LG0AFAJEXuY=,13163.0
consensus_latency,4LldOG6Y4GZ7Y8F0Q8W0YQoiTgZuDuH/nuaOh5ieg10=,13163.0
consensus_latency,4tprRMLEWXhq18YjBPOHvhIjlsfoPSOq1phmqTMVwS0=,13163.0
consensus_latency,4yBNWbPCfIoJ9Mw8/NR5KGlxA8O/yGe4GTXwbx35cDg=,13163.0
consensus_latency,5BP+1bSzD0nvECCHUd1L3EfI1CJuN3nNFHiO3wYmbd4=,13163.0
consensus_latency,5Uh+g8qx6JEKD+j5vW3XXrrVOYLDL8+wgp7LqC4v4Ks=,13163.0
consensus_latency,5ouyNLv3CjXwAtSdN2Xkgq1cPyxKrtmGAfPaUIGWf00=,13163.0
consensus_latency,6JJVAZBNCCbUHD60KSi6Pt+WgSdYZFUehXNVCntePQ4=,13163.0
consensus_latency,6TuV3sQfeDJVrnQfM9e6d+YIOyisxN23pLwUhCCVxDw=,13163.0
consensus_latency,6Zo66iFUBRFE1uWx5GkJ/wSUDeEAJzSebTaMFtyXYgA=,13163.0
consensus_latency,6qEEppe0cJIkM24jYgiEzMQDSLp3RmDBRg3SU3g7Cdo=,13163.0
consensus_latency,7mZc/VpWj6L2fKCcz4q9gu4Gp4dEhjTcDFnaa0FqrXA=,13163.0
consensus_latency,8GwNmi+oJ20vCdgvMg7jmIy+hZWjiKQrX5ARh3WGCGo=,13163.0
consensus_latency,8Rj/3O1IT5d7m6P0kKBaZO97Lj2tjIST+VigTA7TJFk=,13163.0
consensus_latency,9PcHtcI/xclm/FbiFjjPF4N3iqr/cZYbfcvGynPtnco=,13163.0
consensus_latency,/AC53keYxSyHXFKvGxvxP+GfXoWPrfUVdd/sPrt3Nc8=,13163.0
consensus_latency,/A6qneDnw//FrfHqc59QxtZ/XoGzt+7YJ9G55YHyDUg=,13163.0
consensus_latency,/nCeB6psSFBNA71TSHuZpr/Hen+7PJwwK+nbnebu7mU=,13163.0
consensus_latency,/q6K8/KAu2paWFsY+q4YsK40vPjZ9tPQgskWayAfuMM=,13163.0
end_to_end_latency,0,1663.0
end_to_end_latency,4,2129.0
end_to_end_latency,5,2079.0
end_to_end_latency,6,2029.0
end_to_end_latency,7,1979.0
end_to_end_latency,8,1929.0
end_to_end_latency,9,1880.0
end_to_end_latency,10,1830.0
end_to_end_latency,11,1780.0
end_to_end_latency,12,1730.0
end_to_end_latency,13,1680.0
end_to_end_latency,14,1630.0
end_to_end_latency,15,1580.0
end_to_end_latency,16,1530.0
end_to_end_latency,17,1480.0
end_to_end_latency,18,1429.0
end_to_end_latency,19,1380.0
end_to_end_latency,20,1330.0
end_to_end_latency,21,1280.0
end_to_end_latency,22,1230.0
end_to_end_latency,27,1508.0
end_to_end_latency,28,1459.0
end_to_end_latency,29,1409.0
end_to_end_latency,30,1359.0
end_to_end_latency,31,1308.0
end_to_end_latency,32,1259.0
end_to_end_latency,33,1209.0
end_to_end_latency,36,1565.0
end_to_end_latency,37,1515.0
end_to_end_latency,38,1466.0
end_to_end_latency,39,1416.0
end_to_end_latency,40,1366.0
end_to_end_latency,41,1316.0
end_to_end_latency,42,1266.0
end_to_end_latency,46,1283.0
end_to_end_latency,47,1233.0
end_to_end_latency,48,1183.0
end_to_end_latency,49,1133.0
end_to_end_latency,50,1083.0
end_to_end_latency,51,1033.0
end_to_end_latency,52,983.0
end_to_end_latency,57,733.0
end_to_end_latency,58,683.0
end_to_end_latency,59,1150.0
end_to_end_latency,60,1099.0
end_to_end_latency,61,1050.0
end_to_end_latency,68,1527.0
end_to_end_latency,69,1477.0
end_to_end_latency,70,1427.0
end_to_end_latency,71,1377.0
end_to_end_latency,72,1327.0
end_to_end_latency,73,1277.0
end_to_end_latency,74,1227.0
end_to_end_latency,75,1177.0
end_to_end_latency,77,1638.0
end_to_end_latency,78,1589.0
end_to_end_latency,79,1539.0
end_to_end_latency,80,1489.0
end_to_end_latency,81,1439.0
end_to_end_latency,82,1390.0
end_to_end_latency,83,1340.0
end_to_end_latency,84,1289.0
end_to_end_latency,85,1240.0
end_to_end_latency,89,1388.0
end_to_end_latency,90,1338.0
end_to_end_latency,91,1288.0
end_to_end_latency,92,1238.0
end_to_end_latency,93,1189.0
end_to_end_latency,94,1139.0
end_to_end_latency,95,1088.0
end_to_end_latency,100,1371.0
end_to_end_latency,101,1320.0
end_to_end_latency,102,1270.0
end_to_end_latency,103,1221.0
end_to_end_latency,104,1170.0
end_to_end_latency,105,1121.0
end_to_end_latency,106,1072.0
end_to_end_latency,110,871.0
end_to_end_latency,111,821.0
end_to_end_latency,112,1158.0
end_to_end_latency,113,1108.0
end_to_end_latency,114,1058.0
end_to_end_latency,115,1008.0
end_to_end_latency,116,958.0
end_to_end_latency,117,908.0
end_to_end_latency,120,1560.0
end_to_end_latency,121,1511.0
end_to_end_latency,122,1460.0
end_to_end_latency,123,1411.0
end_to_end_latency,124,1360.0
end_to_end_latency,125,1311.0
end_to_end_latency,126,1261.0
end_to_end_latency,127,1211.0
end_to_end_latency,128,1161.0
end_to_end_latency,131,1573.0
end_to_end_latency,132,1523.0
end_to_end_latency,133,1473.0
end_to_end_latency,134,1423.0
end_to_end_latency,135,1373.0
end_to_end_latency,136,1323.0
end_to_end_latency,137,1274.0
end_to_end_latency,138,1224.0
end_to_end_latency,139,1173.0
end_to_end_latency,142,1410.0
end_to_end_latency,143,1360.0
end_to_end_latency,144,1310.0
end_to_end_latency,145,1260.0
end_to_end_latency,146,1210.0
end_to_end_latency,147,1161.0
end_to_end_latency,153,1208.0
end_to_end_latency,154,1158.0
end_to_end_latency,155,1109.0
end_to_end_latency,156,1058.0
end_to_end_latency,157,1008.0
end_to_end_latency,158,958.0
end_to_end_latency,159,908.0
end_to_end_latency,160,859.0
end_to_end_latency,164,657.0
end_to_end_latency,165,1180.0
end_to_end_latency,166,1130.0
end_to_end_latency,167,1080.0
end_to_end_latency,168,1030.0
end_to_end_latency,169,981.0
end_to_end_latency,170,930.0
end_to_end_latency,175,1932.0
end_to_end_latency,176,1881.0
end_to_end_latency,183,2235.0
end_to_end_latency,184,2185.0
end_to_end_latency,185,2135.0
end_to_end_latency,186,2085.0
end_to_end_latency,187,2035.0
end_to_end_latency,188,1987.0
end_to_end_latency,189,1936.0
end_to_end_latency,190,1886.0
end_to_end_latency,191,1836.0
end_to_end_latency,192,1786.0
end_to_end_latency,193,1737.0
end_to_end_latency,194,1686.0
end_to_end_latency,195,1636.0
end_to_end_latency,196,1586.0
end_to_end_latency,197,1536.0
end_to_end_latency,198,1486.0
end_to_end_latency,199,1436.0
end_to_end_latency,200,1386.0
end_to_end_latency,201,1336.0
end_to_end_latency,202,1286.0
end_to_end_latency,203,1236.0
end_to_end_latency,207,1269.0
end_to_end_latency,208,1219.0
end_to_end_latency,209,1169.0
end_to_end_latency,210,1119.0
end_to_end_latency,211,1070.0
end_to_end_latency,212,1020.0
end_to_end_latency,213,970.0
end_to_end_latency,218,720.0
end_to_end_latency,219,670.0
end_to_end_latency,220,1107.0
end_to_end_latency,221,1058.0
end_to_end_latency,222,1009.0
end_to_end_latency,223,958.0
end_to_end_latency,228,1332.0
end_to_end_latency,229,1282.0
end_to_end_latency,230,1232.0
end_to_end_latency,231,1182.0
end_to_end_latency,232,1132.0
end_to_end_latency,233,1082.0
end_to_end_latency,241,1381.0
end_to_end_latency,242,1331.0
end_to_end_latency,243,1281.0
end_to_end_latency,244,1232.0
end_to_end_latency,245,1181.0
end_to_end_latency,246,1132.0
end_to_end_latency,247,1082.0
end_to_end_latency,251,1538.0
end_to_end_latency,252,1488.0
end_to_end_latency,253,1438.0
end_to_end_latency,254,1388.0
end_to_end_latency,255,1338.0
end_to_end_latency,256,1287.0
end_to_end_latency,257,1237.0
end_to_end_latency,258,1188.0
end_to_end_latency,259,1138.0
end_to_end_latency,260,1087.0
end_to_end_latency,266,2101.0
end_to_end_latency,267,2051.0
end_to_end_latency,268,2001.0
end_to_end_latency,269,1950.0
end_to_end_latency,270,1901.0
end_to_end_latency,271,1850.0
end_to_end_latency,272,1801.0
end_to_end_latency,279,1451.0
end_to_end_latency,280,1402.0
end_to_end_latency,281,1351.0
end_to_end_latency,282,1301.0
end_to_end_latency,283,1251.0
end_to_end_latency,284,1201.0
end_to_end_latency,285,1151.0
end_to_end_latency,286,1102.0
end_to_end_latency,292,2010.0
end_to_end_latency,293,1961.0
end_to_end_latency,294,1911.0
end_to_end_latency,295,1861.0
end_to_end_latency,296,1811.0
end_to_end_latency,297,1761.0
end_to_end_latency,306,2551.0
end_to_end_latency,307,2501.0
end_to_end_latency,308,2452.0
end_to_end_latency,309,2401.0
end_to_end_latency,310,2350.0
end_to_end_latency,311,2300.0
end_to_end_latency,312,2251.0
end_to_end_latency,313,2202.0
end_to_end_latency,314,2150.0
end_to_end_latency,315,2101.0
end_to_end_latency,316,2051.0
end_to_end_latency,326,4161.0
end_to_end_latency,327,4112.0
end_to_end_latency,328,4061.0
end_to_end_latency,329,4012.0
end_to_end_latency,330,3962.0
end_to_end_latency,331,3912.0
end_to_end_latency,332,3863.0
end_to_end_latency,333,3811.0
end_to_end_latency,334,3761.0
end_to_end_latency,335,3711.0
end_to_end_latency,336,3662.0
end_to_end_latency,337,3611.0
end_to_end_latency,338,3561.0
end_to_end_latency,339,3512.0
end_to_end_latency,340,3463.0
end_to_end_latency,341,3412.0
end_to_end_latency,342,3361.0
end_to_end_latency,343,3312.0
end_to_end_latency,344,3263.0
end_to_end_latency,345,3212.0
end_to_end_latency,346,3162.0
end_to_end_latency,347,3114.0
end_to_end_latency,359,8593.0
end_to_end_latency,360,8542.0
end_to_end_latency,361,8493.0
end_to_end_latency,362,8444.0
end_to_end_latency,363,8393.0
end_to_end_latency,364,8343.0
end_to_end_latency,365,8293.0
end_to_end_latency,366,8243.0
end_to_end_latency,367,8193.0
end_to_end_latency,368,8143.0
end_to_end_latency,369,8093.0
end_to_end_latency,370,8043.0
end_to_end_latency,371,7991.0
end_to_end_latency,372,7942.0
end_to_end_latency,373,7893.0
end_to_end_latency,386,7243.0
end_to_end_latency,387,7194.0
end_to_end_latency,388,7144.0
end_to_end_latency,389,7094.0
end_to_end_latency,390,7044.0
end_to_end_latency,391,6995.0
end_to_end_latency,392,6944.0
end_to_end_latency,393,6894.0
end_to_end_latency,394,6845.0
end_to_end_latency,395,6794.0
end_to_end_latency,396,6744.0
end_to_end_latency,397,6694.0
end_to_end_latency,398,6644.0
end_to_end_latency,399,6594.0
end_to_end_latency,400,6544.0
end_to_end_latency,401,6494.0
end_to_end_latency,402,6444.0
end_to_end_latency,403,6393.0
end_to_end_latency,404,6344.0
end_to_end_latency,405,6294.0
end_to_end_latency,406,6244.0
end_to_end_latency,407,6194.0
end_to_end_latency,408,6144.0
end_to_end_latency,409,6094.0
end_to_end_latency,410,6043.0
end_to_end_latency,411,5994.0
end_to_end_latency,412,5943.0
end_to_end_latency,413,5893.0
end_to_end_latency,414,5844.0
end_to_end_latency,415,5793.0
end_to_end_latency,416,5743.0
end_to_end_latency,417,5694.0
end_to_end_latency,418,5644.0
end_to_end_latency,419,5594.0
end_to_end_latency,453,8436.0
end_to_end_latency,454,8385.0
end_to_end_latency,455,8336.0
end_to_end_latency,456,8285.0
end_to_end_latency,457,8236.0
end_to_end_latency,458,8186.0
end_to_end_latency,459,8136.0
end_to_end_latency,460,8087.0
end_to_end_latency,461,8036.0
end_to_end_latency,462,7986.0
end_to_end_latency,463,7936.0
end_to_end_latency,464,7887.0
end_to_end_latency,465,7837.0
end_to_end_latency,466,7787.0
end_to_end_latency,467,7737.0
end_to_end_latency,468,7687.0
end_to_end_latency,469,7637.0
end_to_end_latency,470,7587.0
end_to_end_latency,471,7537.0
end_to_end_latency,472,7486.0
end_to_end_latency,473,7437.0
end_to_end_latency,474,7387.0
end_to_end_latency,475,7336.0
end_to_end_latency,476,7287.0
end_to_end_latency,477,7236.0
end_to_end_latency,478,7187.0
end_to_end_latency,479,7137.0
end_to_end_latency,480,7087.0
end_to_end_latency,481,7037.0
end_to_end_latency,482,6988.0
end_to_end_latency,483,6937.0
end_to_end_latency,484,6887.0
end_to_end_latency,485,6837.0
end_to_end_latency,486,6787.0
end_to_end_latency,487,6737.0
end_to_end_latency,488,6687.0
end_to_end_latency,489,6637.0
end_to_end_latency,490,6587.0
end_to_end_latency,491,6537.0
end_to_end_latency,492,6487.0
end_to_end_latency,493,6437.0
end_to_end_latency,494,6387.0
end_to_end_latency,495,6337.0
end_to_end_latency,496,6286.0
end_to_end_latency,497,6237.0
end_to_end_latency,498,6187.0
end_to_end_latency,499,6137.0
end_to_end_latency,546,6922.0
end_to_end_latency,547,6873.0
end_to_end_latency,548,6823.0
end_to_end_latency,549,6773.0
end_to_end_latency,550,6723.0
end_to_end_latency,551,6673.0
end_to_end_latency,552,6623.0
end_to_end_latency,553,6573.0
end_to_end_latency,554,6524.0
end_to_end_latency,555,6473.0
end_to_end_latency,556,6422.0
end_to_end_latency,557,6373.0
end_to_end_latency,558,6322.0
end_to_end_latency,559,6272.0
end_to_end_latency,560,6222.0
end_to_end_latency,561,6173.0
end_to_end_latency,562,6122.0
end_to_end_latency,563,6072.0
end_to_end_latency,564,6022.0
end_to_end_latency,565,5973.0
end_to_end_latency,566,5924.0
end_to_end_latency,567,5874.0
end_to_end_latency,568,5824.0
end_to_end_latency,569,5774.0
end_to_end_latency,570,5724.0
end_to_end_latency,571,5674.0
end_to_end_latency,572,5624.0
end_to_end_latency,573,5573.0
end_to_end_latency,574,5524.0
end_to_end_latency,575,5474.0
end_to_end_latency,576,5424.0
end_to_end_latency,577,5373.0
end_to_end_latency,578,5324.0
end_to_end_latency,579,5275.0
end_to_end_latency,580,5224.0
end_to_end_latency,581,5174.0
end_to_end_latency,582,5124.0
end_to_end_latency,583,5074.0
end_to_end_latency,584,5024.0
end_to_end_latency,585,4973.0
end_to_end_latency,586,4924.0
end_to_end_latency,587,4874.0
end_to_end_latency,588,4824.0
end_to_end_latency,589,4774.0
end_to_end_latency,590,4724.0
end_to_end_latency,591,4673.0
end_to_end_latency,592,4624.0
end_to_end_latency,593,4574.0
end_to_end_latency,594,4524.0
end_to_end_latency,595,4474.0
end_to_end_latency,596,4423.0
end_to_end_latency,597,4373.0
end_to_end_latency,598,4323.0
end_to_end_latency,599,4274.0
end_to_end_latency,600,4224.0
end_to_end_latency,601,4174.0
end_to_end_latency,602,4124.0
end_to_end_latency,603,4074.0
end_to_end_latency,604,4024.0
end_to_end_latency,669,36023.0
end_to_end_latency,670,35973.0
end_to_end_latency,671,35923.0
end_to_end_latency,672,35872.0
end_to_end_latency,673,35823.0
end_to_end_latency,674,35772.0
end_to_end_latency,675,35720.0
end_to_end_latency,676,35673.0
end_to_end_latency,677,35623.0
end_to_end_latency,678,35572.0
end_to_end_latency,679,35523.0
end_to_end_latency,680,35472.0
end_to_end_latency,681,35421.0
end_to_end_latency,682,35371.0
end_to_end_latency,683,35322.0
end_to_end_latency,684,35272.0
end_to_end_latency,685,35220.0
end_to_end_latency,686,35172.0
end_to_end_latency,687,35120.0
end_to_end_latency,688,35072.0
end_to_end_latency,689,35023.0
end_to_end_latency,690,34973.0
end_to_end_latency,691,34923.0
end_to_end_latency,692,34873.0
end_to_end_latency,693,34823.0
end_to_end_latency,694,34773.0
end_to_end_latency,695,34723.0
end_to_end_latency,696,34673.0
end_to_end_latency,697,34623.0
end_to_end_latency,698,34573.0
end_to_end_latency,699,34523.0
end_to_end_latency,700,34472.0
end_to_end_latency,701,34423.0
end_to_end_latency,702,34373.0
end_to_end_latency,703,34323.0
end_to_end_latency,704,34272.0
end_to_end_latency,705,34222.0
end_to_end_latency,706,34172.0
end_to_end_latency,707,34123.0
end_to_end_latency,708,34073.0
end_to_end_latency,709,34023.0
end_to_end_latency,710,33972.0
end_to_end_latency,711,33922.0
end_to_end_latency,712,33872.0
end_to_end_latency,713,33822.0
end_to_end_latency,714,33772.0
end_to_end_latency,715,33721.0
end_to_end_latency,716,33672.0
end_to_end_latency,717,33621.0
end_to_end_latency,718,33573.0
end_to_end_latency,719,33523.0
end_to_end_latency,720,33473.0
end_to_end_latency,721,33422.0
end_to_end_latency,722,33373.0
end_to_end_latency,723,33323.0
end_to_end_latency,724,33272.0
end_to_end_latency,725,33223.0
end_to_end_latency,726,33173.0
end_to_end_latency,727,33123.0
end_to_end_latency,728,33073.0
end_to_end_latency,729,33023.0
end_to_end_latency,730,32973.0
end_to_end_latency,731,32922.0
end_to_end_latency,732,32873.0
end_to_end_latency,733,32823.0
end_to_end_latency,734,32773.0
end_to_end_latency,735,32723.0
end_to_end_latency,736,32672.0
end_to_end_latency,737,32623.0
end_to_end_latency,738,32573.0
end_to_end_latency,739,32522.0
end_to_end_latency,740,32473.0
end_to_end_latency,741,32422.0
end_to_end_latency,742,32373.0
end_to_end_latency,743,32323.0
end_to_end_latency,744,32273.0
end_to_end_latency,745,32223.0
end_to_end_latency,746,32172.0
end_to_end_latency,747,32123.0
end_to_end_latency,748,32073.0
end_to_end_latency,749,32022.0
end_to_end_latency,750,31973.0
end_to_end_latency,751,31923.0
end_to_end_latency,752,31873.0
end_to_end_latency,753,31823.0
end_to_end_latency,754,31773.0
end_to_end_latency,755,31723.0
end_to_end_latency,756,31672.0
end_to_end_latency,757,31621.0
end_to_end_latency,758,31573.0
end_to_end_latency,759,31520.0
end_to_end_latency,760,31473.0
end_to_end_latency,761,31422.0
end_to_end_latency,762,31373.0
end_to_end_latency,763,31323.0
end_to_end_latency,764,31272.0
end_to_end_latency,765,31223.0
end_to_end_latency,766,31173.0
end_to_end_latency,767,31122.0
end_to_end_latency,768,31073.0
end_to_end_latency,769,31023.0
end_to_end_latency,770,30972.0
end_to_end_latency,771,30923.0
end_to_end_latency,772,30871.0
end_to_end_latency,773,30823.0
end_to_end_latency,774,30771.0
end_to_end_latency,775,30722.0
end_to_end_latency,776,30672.0
end_to_end_latency,777,30623.0
end_to_end_latency,778,30573.0
end_to_end_latency,779,30523.0
end_to_end_latency,780,30472.0
end_to_end_latency,781,30423.0
end_to_end_latency,782,30373.0
end_to_end_latency,783,30323.0
end_to_end_latency,784,30273.0
end_to_end_latency,785,30223.0
end_to_end_latency,786,30172.0
end_to_end_latency,787,30123.0
end_to_end_latency,788,30072.0
end_to_end_latency,789,30023.0
end_to_end_latency,790,29973.0
end_to_end_latency,791,29922.0
end_to_end_latency,792,29873.0
end_to_end_latency,793,29822.0
end_to_end_latency,794,29773.0
end_to_end_latency,795,29723.0
end_to_end_latency,796,29672.0
end_to_end_latency,797,29623.0
end_to_end_latency,798,29572.0
end_to_end_latency,799,29523.0
end_to_end_latency,800,29474.0
end_to_end_latency,801,29424.0
end_to_end_latency,802,29374.0
end_to_end_latency,803,29323.0
end_to_end_latency,804,29274.0
end_to_end_latency,805,29224.0
end_to_end_latency,806,29174.0
end_to_end_latency,807,29124.0
end_to_end_latency,808,29073.0
end_to_end_latency,809,29024.0
end_to_end_latency,810,28974.0
end_to_end_latency,923,23326.0
end_to_end_latency,924,23276.0
end_to_end_latency,925,23227.0
end_to_end_latency,926,23177.0
end_to_end_latency,927,23126.0
end_to_end_latency,928,23077.0
end_to_end_latency,929,23026.0
end_to_end_latency,930,22977.0
end_to_end_latency,931,22926.0
end_to_end_latency,932,22877.0
end_to_end_latency,933,22827.0
end_to_end_latency,934,22776.0
end_to_end_latency,935,22727.0
end_to_end_latency,936,22676.0
end_to_end_latency,937,22627.0
end_to_end_latency,938,22578.0
end_to_end_latency,939,22528.0
end_to_end_latency,940,22477.0
end_to_end_latency,941,22427.0
end_to_end_latency,942,22380.0
end_to_end_latency,943,22329.0
end_to_end_latency,944,22280.0
end_to_end_latency,945,22230.0
end_to_end_latency,946,22180.0
end_to_end_latency,947,22130.0
end_to_end_latency,948,22080.0
end_to_end_latency,949,22029.0
end_to_end_latency,950,21980.0
end_to_end_latency,951,21929.0
end_to_end_latency,952,21880.0
end_to_end_latency,953,21829.0
end_to_end_latency,954,21780.0
end_to_end_latency,955,21730.0
end_to_end_latency,956,21679.0
end_to_end_latency,957,21630.0
end_to_end_latency,958,21579.0
end_to_end_latency,959,21530.0
end_to_end_latency,960,21480.0
end_to_end_latency,961,21429.0
end_to_end_latency,962,21380.0
end_to_end_latency,963,21329.0
end_to_end_latency,964,21280.0
end_to_end_latency,965,21229.0
end_to_end_latency,966,21180.0
end_to_end_latency,967,21129.0
end_to_end_latency,968,21080.0
end_to_end_latency,969,21030.0
end_to_end_latency,970,20979.0
end_to_end_latency,971,20930.0
end_to_end_latency,972,20879.0
end_to_end_latency,973,20829.0
end_to_end_latency,974,20780.0
end_to_end_latency,975,20730.0
end_to_end_latency,976,20679.0
end_to_end_latency,977,20630.0
end_to_end_latency,978,20580.0
end_to_end_latency,979,20529.0
end_to_end_latency,980,20480.0
end_to_end_latency,981,20430.0
end_to_end_latency,982,20380.0
end_to_end_latency,983,20330.0
end_to_end_latency,984,20279.0
end_to_end_latency,985,20229.0
end_to_end_latency,986,20179.0
end_to_end_latency,987,20130.0
end_to_end_latency,988,20080.0
end_to_end_latency,989,20029.0
end_to_end_latency,990,19980.0
end_to_end_latency,991,19929.0
end_to_end_latency,992,19879.0
end_to_end_latency,993,19830.0
end_to_end_latency,994,19780.0
end_to_end_latency,995,19729.0
end_to_end_latency,996,19680.0
end_to_end_latency,997,19630.0
end_to_end_latency,998,19579.0
end_to_end_latency,999,19529.0
end_to_end_latency,1000,19480.0
end_to_end_latency,1001,19429.0
end_to_end_latency,1002,19380.0
end_to_end_latency,1003,19329.0
end_to_end_latency,1004,19280.0
end_to_end_latency,1005,19230.0
end_to_end_latency,1006,19179.0
end_to_end_latency,1007,19130.0
end_to_end_latency,1008,19079.0
end_to_end_latency,1009,19029.0
end_to_end_latency,1010,18980.0
end_to_end_latency,1011,18930.0
end_to_end_latency,1012,18879.0
end_to_end_latency,1013,18829.0
end_to_end_latency,1014,18779.0
end_to_end_latency,1015,18729.0
end_to_end_latency,1016,18679.0
end_to_end_latency,1017,18629.0
end_to_end_latency,1018,18580.0
end_to_end_latency,1019,18529.0
end_to_end_latency,1020,18480.0
end_to_end_latency,1021,18429.0
end_to_end_latency,1022,18380.0
end_to_end_latency,1023,18329.0
end_to_end_latency,1024,18279.0
end_to_end_latency,1025,18230.0
end_to_end_latency,1026,18179.0
end_to_end_latency,1027,18130.0
end_to_end_latency,1028,18079.0
end_to_end_latency,1029,18030.0
end_to_end_latency,1030,17979.0
end_to_end_latency,1031,17930.0
end_to_end_latency,1032,17880.0
end_to_end_latency,1033,17829.0
end_to_end_latency,1034,17779.0
end_to_end_latency,1035,17730.0
end_to_end_latency,1036,17680.0
end_to_end_latency,1037,17629.0
end_to_end_latency,1038,17579.0
end_to_end_latency,1039,17529.0
end_to_end_latency,1040,17479.0
end_to_end_latency,1041,17430.0
end_to_end_latency,1042,17379.0
end_to_end_latency,1043,17329.0
end_to_end_latency,1044,17280.0
end_to_end_latency,1045,17229.0
end_to_end_latency,1046,17180.0
end_to_end_latency,1047,17129.0
end_to_end_latency,1048,17080.0
end_to_end_latency,1049,17029.0
end_to_end_latency,1050,16979.0
end_to_end_latency,1051,16929.0
end_to_end_latency,1052,16879.0
end_to_end_latency,1053,16830.0
end_to_end_latency,1054,16779.0
end_to_end_latency,1055,16729.0
end_to_end_latency,1170,30924.0
end_to_end_latency,1171,30874.0
end_to_end_latency,1172,30824.0
end_to_end_latency,1173,30775.0
end_to_end_latency,1174,30724.0
end_to_end_latency,1175,30674.0
end_to_end_latency,1176,30624.0
end_to_end_latency,1177,30573.0
end_to_end_latency,1178,30523.0
end_to_end_latency,1179,30474.0
end_to_end_latency,1180,30423.0
end_to_end_latency,1181,30373.0
end_to_end_latency,1182,30324.0
end_to_end_latency,1183,30274.0
end_to_end_latency,1184,30226.0
end_to_end_latency,1185,30175.0
end_to_end_latency,1186,30125.0
end_to_end_latency,1187,30076.0
end_to_end_latency,1188,30026.0
end_to_end_latency,1189,29976.0
end_to_end_latency,1190,29926.0
end_to_end_latency,1191,29877.0
end_to_end_latency,1192,29827.0
end_to_end_latency,1193,29777.0
end_to_end_latency,1194,29726.0
end_to_end_latency,1195,29676.0
end_to_end_latency,1196,29626.0
end_to_end_latency,1197,29576.0
end_to_end_latency,1198,29526.0
end_to_end_latency,1199,29477.0
end_to_end_latency,1200,29426.0
end_to_end_latency,1201,29375.0
end_to_end_latency,1202,29325.0
end_to_end_latency,1203,29276.0
end_to_end_latency,1204,29226.0
end_to_end_latency,1205,29176.0
end_to_end_latency,1206,29125.0
end_to_end_latency,1207,29075.0
end_to_end_latency,1208,29026.0
end_to_end_latency,1209,28975.0
end_to_end_latency,1210,28926.0
end_to_end_latency,1211,28877.0
end_to_end_latency,1212,28826.0
end_to_end_latency,1213,28775.0
end_to_end_latency,1214,28726.0
end_to_end_latency,1215,28677.0
end_to_end_latency,1216,28627.0
end_to_end_latency,1217,28575.0
end_to_end_latency,1218,28526.0
end_to_end_latency,1219,28476.0
end_to_end_latency,1220,28426.0
end_to_end_latency,1221,28376.0
end_to_end_latency,1222,28325.0
end_to_end_latency,1223,28276.0
end_to_end_latency,1224,28227.0
end_to_end_latency,1225,28177.0
end_to_end_latency,1226,28126.0
end_to_end_latency,1227,28076.0
end_to_end_latency,1228,28028.0
end_to_end_latency,1229,27976.0
end_to_end_latency,1230,27926.0
end_to_end_latency,1231,27875.0
end_to_end_latency,1232,27826.0
end_to_end_latency,1233,27777.0
end_to_end_latency,1234,27727.0
end_to_end_latency,1235,27676.0
end_to_end_latency,1236,27626.0
end_to_end_latency,1237,27576.0
end_to_end_latency,1238,27526.0
end_to_end_latency,1239,27476.0
end_to_end_latency,1240,27425.0
end_to_end_latency,1241,27376.0
end_to_end_latency,1242,27326.0
end_to_end_latency,1243,27276.0
end_to_end_latency,1244,27225.0
end_to_end_latency,1245,27176.0
end_to_end_latency,1246,27124.0
end_to_end_latency,1247,27076.0
end_to_end_latency,1248,27027.0
end_to_end_latency,1249,26976.0
end_to_end_latency,1250,26926.0
end_to_end_latency,1251,26876.0
end_to_end_latency,1252,26827.0
end_to_end_latency,1253,26775.0
end_to_end_latency,1254,26727.0
end_to_end_latency,1255,26676.0
end_to_end_latency,1256,26625.0
end_to_end_latency,1257,26576.0
end_to_end_latency,1258,26526.0
end_to_end_latency,1259,26476.0
end_to_end_latency,1260,26427.0
end_to_end_latency,1261,26377.0
end_to_end_latency,1262,26326.0
end_to_end_latency,1263,26276.0
end_to_end_latency,1264,26226.0
end_to_end_latency,1265,26176.0
end_to_end_latency,1266,26126.0
end_to_end_latency,1267,26077.0
end_to_end_latency,1268,26027.0
end_to_end_latency,1269,25976.0
end_to_end_latency,1270,25926.0
end_to_end_latency,1271,25876.0
end_to_end_latency,1272,25826.0
end_to_end_latency,1273,25777.0
end_to_end_latency,1274,25726.0
end_to_end_latency,1275,25676.0
end_to_end_latency,1276,25625.0
end_to_end_latency,1277,25576.0
end_to_end_latency,1278,25526.0
end_to_end_latency,1279,25476.0
end_to_end_latency,1280,25426.0
end_to_end_latency,1281,25377.0
end_to_end_latency,1282,25327.0
end_to_end_latency,1283,25277.0
end_to_end_latency,1284,25226.0
end_to_end_latency,1285,25177.0
end_to_end_latency,0,1692.0
end_to_end_latency,1,1642.0
end_to_end_latency,4,2158.0
end_to_end_latency,5,2107.0
end_to_end_latency,6,2057.0
end_to_end_latency,7,2007.0
end_to_end_latency,8,1957.0
end_to_end_latency,9,1908.0
end_to_end_latency,10,1857.0
end_to_end_latency,11,1807.0
end_to_end_latency,12,1757.0
end_to_end_latency,13,1707.0
end_to_end_latency,14,1658.0
end_to_end_latency,15,1607.0
end_to_end_latency,16,1557.0
end_to_end_latency,17,1508.0
end_to_end_latency,18,1458.0
end_to_end_latency,19,1407.0
end_to_end_latency,20,1357.0
end_to_end_latency,21,1307.0
end_to_end_latency,27,1536.0
end_to_end_latency,28,1486.0
end_to_end_latency,29,1437.0
end_to_end_latency,30,1387.0
end_to_end_latency,31,1337.0
end_to_end_latency,32,1794.0
end_to_end_latency,33,1745.0
end_to_end_latency,37,1545.0
end_to_end_latency,38,1494.0
end_to_end_latency,39,1445.0
end_to_end_latency,40,1395.0
end_to_end_latency,41,1345.0
end_to_end_latency,42,1295.0
end_to_end_latency,43,1461.0
end_to_end_latency,46,1311.0
end_to_end_latency,47,1261.0
end_to_end_latency,48,1211.0
end_to_end_latency,49,1161.0
end_to_end_latency,50,1112.0
end_to_end_latency,51,1062.0
end_to_end_latency,52,1011.0
end_to_end_latency,53,963.0
end_to_end_latency,54,912.0
end_to_end_latency,57,1278.0
end_to_end_latency,58,1229.0
end_to_end_latency,59,1178.0
end_to_end_latency,60,1129.0
end_to_end_latency,61,1078.0
end_to_end_latency,62,1028.0
end_to_end_latency,63,978.0
end_to_end_latency,64,929.0
end_to_end_latency,65,878.0
end_to_end_latency,69,1505.0
end_to_end_latency,70,1455.0
end_to_end_latency,71,1405.0
end_to_end_latency,72,1355.0
end_to_end_latency,73,1305.0
end_to_end_latency,74,1255.0
end_to_end_latency,75,1205.0
end_to_end_latency,80,1517.0
end_to_end_latency,81,1468.0
end_to_end_latency,82,1417.0
end_to_end_latency,83,1367.0
end_to_end_latency,84,1318.0
end_to_end_latency,85,1269.0
end_to_end_latency,90,1366.0
end_to_end_latency,91,1316.0
end_to_end_latency,92,1267.0
end_to_end_latency,93,1217.0
end_to_end_latency,94,1167.0
end_to_end_latency,95,1118.0
end_to_end_latency,96,1067.0
end_to_end_latency,100,1400.0
end_to_end_latency,101,1349.0
end_to_end_latency,102,1299.0
end_to_end_latency,103,1249.0
end_to_end_latency,104,1199.0
end_to_end_latency,105,1149.0
end_to_end_latency,106,1099.0
end_to_end_latency,107,1049.0
end_to_end_latency,111,1236.0
end_to_end_latency,112,1186.0
end_to_end_latency,113,1137.0
end_to_end_latency,114,1087.0
end_to_end_latency,115,1037.0
end_to_end_latency,116,987.0
end_to_end_latency,117,937.0
end_to_end_latency,123,1439.0
end_to_end_latency,124,1388.0
end_to_end_latency,125,1339.0
end_to_end_latency,126,1289.0
end_to_end_latency,127,1240.0
end_to_end_latency,128,1190.0
end_to_end_latency,132,1552.0
end_to_end_latency,133,1502.0
end_to_end_latency,134,1452.0
end_to_end_latency,135,1402.0
end_to_end_latency,136,1352.0
end_to_end_latency,137,1688.0
end_to_end_latency,138,1638.0
end_to_end_latency,139,1588.0
end_to_end_latency,142,1439.0
end_to_end_latency,143,1389.0
end_to_end_latency,144,1340.0
end_to_end_latency,145,1289.0
end_to_end_latency,146,1240.0
end_to_end_latency,147,1190.0
end_to_end_latency,148,1140.0
end_to_end_latency,149,1090.0
end_to_end_latency,153,1235.0
end_to_end_latency,154,1186.0
end_to_end_latency,155,1137.0
end_to_end_latency,156,1087.0
end_to_end_latency,157,1037.0
end_to_end_latency,158,987.0
end_to_end_latency,159,937.0
end_to_end_latency,160,887.0
end_to_end_latency,164,1259.0
end_to_end_latency,165,1209.0
end_to_end_latency,166,1159.0
end_to_end_latency,167,1109.0
end_to_end_latency,168,1059.0
end_to_end_latency,169,1009.0
end_to_end_latency,170,959.0
end_to_end_latency,171,909.0
end_to_end_latency,175,1400.0
end_to_end_latency,176,1349.0
end_to_end_latency,177,1300.0
end_to_end_latency,178,1250.0
end_to_end_latency,179,1199.0
end_to_end_latency,180,1150.0
end_to_end_latency,181,1100.0
end_to_end_latency,186,1408.0
end_to_end_latency,187,1359.0
end_to_end_latency,188,1309.0
end_to_end_latency,189,1260.0
end_to_end_latency,190,1210.0
end_to_end_latency,191,1160.0
end_to_end_latency,192,1110.0
end_to_end_latency,193,1060.0
end_to_end_latency,197,1564.0
end_to_end_latency,198,1514.0
end_to_end_latency,199,1464.0
end_to_end_latency,200,1415.0
end_to_end_latency,201,1365.0
end_to_end_latency,202,1548.0
end_to_end_latency,203,1497.0
end_to_end_latency,204,1448.0
end_to_end_latency,208,1247.0
end_to_end_latency,209,1197.0
end_to_end_latency,210,1148.0
end_to_end_latency,211,1097.0
end_to_end_latency,212,1047.0
end_to_end_latency,213,998.0
end_to_end_latency,219,1187.0
end_to_end_latency,220,1137.0
end_to_end_latency,221,1088.0
end_to_end_latency,222,1037.0
end_to_end_latency,223,986.0
end_to_end_latency,224,937.0
end_to_end_latency,229,1311.0
end_to_end_latency,230,1261.0
end_to_end_latency,231,1211.0
end_to_end_latency,232,1161.0
end_to_end_latency,233,1111.0
end_to_end_latency,234,1061.0
end_to_end_latency,241,1410.0
end_to_end_latency,242,1360.0
end_to_end_latency,243,1310.0
end_to_end_latency,244,1260.0
end_to_end_latency,245,1210.0
end_to_end_latency,246,1160.0
end_to_end_latency,247,1767.0
end_to_end_latency,252,1517.0
end_to_end_latency,253,1467.0
end_to_end_latency,254,1417.0
end_to_end_latency,255,1367.0
end_to_end_latency,256,1316.0
end_to_end_latency,257,1266.0
end_to_end_latency,258,1217.0
end_to_end_latency,259,1167.0
end_to_end_latency,260,1117.0
end_to_end_latency,261,1067.0
end_to_end_latency,262,1017.0
end_to_end_latency,267,2079.0
end_to_end_latency,268,2029.0
end_to_end_latency,269,1980.0
end_to_end_latency,270,1929.0
end_to_end_latency,271,1879.0
end_to_end_latency,272,1830.0
end_to_end_latency,273,1780.0
end_to_end_latency,279,1480.0
end_to_end_latency,280,1430.0
end_to_end_latency,291,2090.0
end_to_end_latency,292,2039.0
end_to_end_latency,293,1989.0
end_to_end_latency,294,1939.0
end_to_end_latency,295,1890.0
end_to_end_latency,296,1840.0
end_to_end_latency,297,1789.0
end_to_end_latency,306,2580.0
end_to_end_latency,307,2530.0
end_to_end_latency,308,2479.0
end_to_end_latency,309,2430.0
end_to_end_latency,310,2380.0
end_to_end_latency,311,2330.0
end_to_end_latency,312,2280.0
end_to_end_latency,313,2230.0
end_to_end_latency,314,2178.0
end_to_end_latency,315,2130.0
end_to_end_latency,316,2079.0
end_to_end_latency,327,4141.0
end_to_end_latency,328,4091.0
end_to_end_latency,329,4041.0
end_to_end_latency,330,3991.0
end_to_end_latency,331,3941.0
end_to_end_latency,332,3890.0
end_to_end_latency,333,3841.0
end_to_end_latency,334,3791.0
end_to_end_latency,335,3741.0
end_to_end_latency,336,3691.0
end_to_end_latency,337,3641.0
end_to_end_latency,338,3591.0
end_to_end_latency,339,3540.0
end_to_end_latency,340,3491.0
end_to_end_latency,341,3440.0
end_to_end_latency,342,3391.0
end_to_end_latency,343,3341.0
end_to_end_latency,344,3290.0
end_to_end_latency,345,3241.0
end_to_end_latency,346,9271.0
end_to_end_latency,360,8570.0
end_to_end_latency,361,8521.0
end_to_end_latency,362,8472.0
end_to_end_latency,363,8422.0
end_to_end_latency,364,8372.0
end_to_end_latency,365,8322.0
end_to_end_latency,366,8271.0
end_to_end_latency,367,8221.0
end_to_end_latency,368,8170.0
end_to_end_latency,369,8121.0
end_to_end_latency,370,8072.0
end_to_end_latency,371,8022.0
end_to_end_latency,372,7972.0
end_to_end_latency,373,7921.0
end_to_end_latency,374,7872.0
end_to_end_latency,399,6622.0
end_to_end_latency,400,6571.0
end_to_end_latency,401,6523.0
end_to_end_latency,402,6473.0
end_to_end_latency,403,6423.0
end_to_end_latency,404,6371.0
end_to_end_latency,405,6323.0
end_to_end_latency,406,6272.0
end_to_end_latency,407,6222.0
end_to_end_latency,408,6172.0
end_to_end_latency,409,6123.0
end_to_end_latency,410,6073.0
end_to_end_latency,411,6022.0
end_to_end_latency,412,5973.0
end_to_end_latency,413,5922.0
end_to_end_latency,414,5873.0
end_to_end_latency,415,5821.0
end_to_end_latency,416,5772.0
end_to_end_latency,417,5722.0
end_to_end_latency,418,5672.0
end_to_end_latency,419,5622.0
end_to_end_latency,420,5572.0
end_to_end_latency,421,5522.0
end_to_end_latency,422,5472.0
end_to_end_latency,423,5422.0
end_to_end_latency,424,5373.0
end_to_end_latency,425,5322.0
end_to_end_latency,426,5273.0
end_to_end_latency,427,5223.0
end_to_end_latency,428,5172.0
end_to_end_latency,429,5123.0
end_to_end_latency,430,5073.0
end_to_end_latency,431,5022.0
end_to_end_latency,432,4973.0
end_to_end_latency,433,4922.0
end_to_end_latency,434,4873.0
end_to_end_latency,453,8464.0
end_to_end_latency,454,8415.0
end_to_end_latency,455,8365.0
end_to_end_latency,456,8315.0
end_to_end_latency,457,8264.0
end_to_end_latency,458,8214.0
end_to_end_latency,459,8165.0
end_to_end_latency,460,8114.0
end_to_end_latency,461,8064.0
end_to_end_latency,462,8015.0
end_to_end_latency,463,7965.0
end_to_end_latency,464,7914.0
end_to_end_latency,465,7865.0
end_to_end_latency,466,7814.0
end_to_end_latency,467,7764.0
end_to_end_latency,468,7714.0
end_to_end_latency,469,7664.0
end_to_end_latency,470,7614.0
end_to_end_latency,471,7564.0
end_to_end_latency,472,7514.0
end_to_end_latency,473,7465.0
end_to_end_latency,474,7415.0
end_to_end_latency,475,7364.0
end_to_end_latency,476,7314.0
end_to_end_latency,477,7265.0
end_to_end_latency,478,7215.0
end_to_end_latency,479,7164.0
end_to_end_latency,480,7115.0
end_to_end_latency,481,7064.0
end_to_end_latency,482,7015.0
end_to_end_latency,483,6965.0
end_to_end_latency,484,6915.0
end_to_end_latency,485,6864.0
end_to_end_latency,486,6815.0
end_to_end_latency,541,7202.0
end_to_end_latency,542,7152.0
end_to_end_latency,543,7101.0
end_to_end_latency,544,7052.0
end_to_end_latency,545,7001.0
end_to_end_latency,546,6952.0
end_to_end_latency,547,6901.0
end_to_end_latency,548,6851.0
end_to_end_latency,549,6802.0
end_to_end_latency,550,6751.0
end_to_end_latency,551,6702.0
end_to_end_latency,552,6651.0
end_to_end_latency,553,6601.0
end_to_end_latency,554,6551.0
end_to_end_latency,555,6502.0
end_to_end_latency,556,18416.0
end_to_end_latency,557,18367.0
end_to_end_latency,558,18316.0
end_to_end_latency,559,18266.0
end_to_end_latency,560,18216.0
end_to_end_latency,561,18166.0
end_to_end_latency,562,18116.0
end_to_end_latency,563,18067.0
end_to_end_latency,564,18016.0
end_to_end_latency,565,17966.0
end_to_end_latency,566,17916.0
end_to_end_latency,567,17867.0
end_to_end_latency,568,17816.0
end_to_end_latency,569,17767.0
end_to_end_latency,570,17715.0
end_to_end_latency,571,17665.0
end_to_end_latency,572,17616.0
end_to_end_latency,573,17566.0
end_to_end_latency,574,17517.0
end_to_end_latency,575,17466.0
end_to_end_latency,576,17417.0
end_to_end_latency,577,17366.0
end_to_end_latency,578,17316.0
end_to_end_latency,579,17266.0
end_to_end_latency,580,17217.0
end_to_end_latency,581,17167.0
end_to_end_latency,582,17116.0
end_to_end_latency,583,17066.0
end_to_end_latency,584,17016.0
end_to_end_latency,585,16967.0
end_to_end_latency,586,16916.0
end_to_end_latency,587,16867.0
end_to_end_latency,588,16816.0
end_to_end_latency,589,16767.0
end_to_end_latency,590,16716.0
end_to_end_latency,591,16667.0
end_to_end_latency,592,16617.0
end_to_end_latency,593,16566.0
end_to_end_latency,594,16517.0
end_to_end_latency,595,16466.0
end_to_end_latency,596,16416.0
end_to_end_latency,597,16366.0
end_to_end_latency,598,16316.0
end_to_end_latency,599,16267.0
end_to_end_latency,600,16216.0
end_to_end_latency,601,16167.0
end_to_end_latency,602,16116.0
end_to_end_latency,603,16067.0
end_to_end_latency,604,16016.0
end_to_end_latency,605,15966.0
end_to_end_latency,650,13717.0
end_to_end_latency,651,13667.0
end_to_end_latency,652,13616.0
end_to_end_latency,653,13566.0
end_to_end_latency,654,36801.0
end_to_end_latency,655,36750.0
end_to_end_latency,656,36701.0
end_to_end_latency,657,36651.0
end_to_end_latency,658,36600.0
end_to_end_latency,659,36551.0
end_to_end_latency,660,36500.0
end_to_end_latency,661,36451.0
end_to_end_latency,662,36401.0
end_to_end_latency,663,36350.0
end_to_end_latency,664,36301.0
end_to_end_latency,665,36250.0
end_to_end_latency,666,36201.0
end_to_end_latency,667,36151.0
end_to_end_latency,668,36100.0
end_to_end_latency,669,36051.0
end_to_end_latency,670,36000.0
end_to_end_latency,671,35950.0
end_to_end_latency,672,35899.0
end_to_end_latency,673,35849.0
end_to_end_latency,674,35800.0
end_to_end_latency,675,33828.0
end_to_end_latency,676,33827.0
end_to_end_latency,677,33825.0
end_to_end_latency,678,33823.0
end_to_end_latency,679,33822.0
end_to_end_latency,680,33821.0
end_to_end_latency,681,33820.0
end_to_end_latency,682,33819.0
end_to_end_latency,683,33803.0
end_to_end_latency,684,33801.0
end_to_end_latency,685,33800.0
end_to_end_latency,686,33799.0
end_to_end_latency,687,33798.0
end_to_end_latency,688,33777.0
end_to_end_latency,689,33776.0
end_to_end_latency,690,33775.0
end_to_end_latency,691,33774.0
end_to_end_latency,692,33756.0
end_to_end_latency,693,33754.0
end_to_end_latency,694,33753.0
end_to_end_latency,695,33751.0
end_to_end_latency,696,33750.0
end_to_end_latency,697,33731.0
end_to_end_latency,698,33730.0
end_to_end_latency,699,33729.0
end_to_end_latency,700,33728.0
end_to_end_latency,701,33707.0
end_to_end_latency,702,33705.0
end_to_end_latency,703,33704.0
end_to_end_latency,704,33703.0
end_to_end_latency,705,33702.0
end_to_end_latency,706,33689.0
end_to_end_latency,707,33688.0
end_to_end_latency,708,33687.0
end_to_end_latency,709,33686.0
end_to_end_latency,710,33664.0
end_to_end_latency,711,33663.0
end_to_end_latency,712,33661.0
end_to_end_latency,713,33660.0
end_to_end_latency,714,33659.0
end_to_end_latency,715,33645.0
end_to_end_latency,716,33644.0
end_to_end_latency,717,33642.0
end_to_end_latency,718,33603.0
end_to_end_latency,719,33552.0
end_to_end_latency,720,33502.0
end_to_end_latency,721,33451.0
end_to_end_latency,722,33402.0
end_to_end_latency,723,33351.0
end_to_end_latency,724,33301.0
end_to_end_latency,725,33251.0
end_to_end_latency,726,33201.0
end_to_end_latency,727,33151.0
end_to_end_latency,728,33102.0
end_to_end_latency,729,33051.0
end_to_end_latency,730,33001.0
end_to_end_latency,731,32952.0
end_to_end_latency,732,32902.0
end_to_end_latency,733,32852.0
end_to_end_latency,734,32802.0
end_to_end_latency,735,32752.0
end_to_end_latency,736,32702.0
end_to_end_latency,737,32652.0
end_to_end_latency,738,32602.0
end_to_end_latency,739,32552.0
end_to_end_latency,740,32502.0
end_to_end_latency,741,32452.0
end_to_end_latency,742,32402.0
end_to_end_latency,743,32352.0
end_to_end_latency,744,32302.0
end_to_end_latency,745,32252.0
end_to_end_latency,746,32202.0
end_to_end_latency,747,32152.0
end_to_end_latency,748,32102.0
end_to_end_latency,749,32052.0
end_to_end_latency,750,32003.0
end_to_end_latency,751,31952.0
end_to_end_latency,752,31902.0
end_to_end_latency,753,31852.0
end_to_end_latency,754,31802.0
end_to_end_latency,755,31752.0
end_to_end_latency,756,31703.0
end_to_end_latency,757,31652.0
end_to_end_latency,758,31602.0
end_to_end_latency,759,31553.0
end_to_end_latency,760,31502.0
end_to_end_latency,761,31453.0
end_to_end_latency,762,31402.0
end_to_end_latency,763,31352.0
end_to_end_latency,764,31302.0
end_to_end_latency,765,31252.0
end_to_end_latency,766,31201.0
end_to_end_latency,767,31152.0
end_to_end_latency,768,31102.0
end_to_end_latency,769,31052.0
end_to_end_latency,770,31002.0
end_to_end_latency,771,30952.0
end_to_end_latency,772,30902.0
end_to_end_latency,773,30853.0
end_to_end_latency,774,30802.0
end_to_end_latency,775,30752.0
end_to_end_latency,776,30703.0
end_to_end_latency,777,30652.0
end_to_end_latency,778,30602.0
end_to_end_latency,779,30552.0
end_to_end_latency,780,30503.0
end_to_end_latency,781,30452.0
end_to_end_latency,782,30402.0
end_to_end_latency,783,30353.0
end_to_end_latency,784,30302.0
end_to_end_latency,785,30252.0
end_to_end_latency,786,30203.0
end_to_end_latency,787,30152.0
end_to_end_latency,788,30102.0
end_to_end_latency,789,30051.0
end_to_end_latency,790,30002.0
end_to_end_latency,791,29953.0
end_to_end_latency,792,29902.0
end_to_end_latency,793,29851.0
end_to_end_latency,794,29802.0
end_to_end_latency,795,29752.0
end_to_end_latency,796,29702.0
end_to_end_latency,797,29652.0
end_to_end_latency,798,29603.0
end_to_end_latency,799,29551.0
end_to_end_latency,800,29503.0
end_to_end_latency,801,29453.0
end_to_end_latency,802,29403.0
end_to_end_latency,803,29353.0
end_to_end_latency,804,29303.0
end_to_end_latency,805,29253.0
end_to_end_latency,806,29203.0
end_to_end_latency,807,29153.0
end_to_end_latency,808,29103.0
end_to_end_latency,809,29053.0
end_to_end_latency,810,29003.0
end_to_end_latency,811,28954.0
end_to_end_latency,812,28905.0
end_to_end_latency,813,28856.0
end_to_end_latency,922,23405.0
end_to_end_latency,923,23355.0
end_to_end_latency,924,23305.0
end_to_end_latency,925,23255.0
end_to_end_latency,926,23205.0
end_to_end_latency,927,23155.0
end_to_end_latency,928,23105.0
end_to_end_latency,929,23055.0
end_to_end_latency,930,23005.0
end_to_end_latency,931,22955.0
end_to_end_latency,932,22905.0
end_to_end_latency,933,22855.0
end_to_end_latency,934,22805.0
end_to_end_latency,935,22755.0
end_to_end_latency,936,22705.0
end_to_end_latency,937,22655.0
end_to_end_latency,938,22607.0
end_to_end_latency,939,22556.0
end_to_end_latency,940,22506.0
end_to_end_latency,941,22457.0
end_to_end_latency,942,22406.0
end_to_end_latency,943,22357.0
end_to_end_latency,944,22306.0
end_to_end_latency,945,22256.0
end_to_end_latency,946,22206.0
end_to_end_latency,947,22156.0
end_to_end_latency,948,22106.0
end_to_end_latency,949,22057.0
end_to_end_latency,950,22007.0
end_to_end_latency,951,21956.0
end_to_end_latency,952,21906.0
end_to_end_latency,953,21856.0
end_to_end_latency,954,21806.0
end_to_end_latency,955,21756.0
end_to_end_latency,956,21707.0
end_to_end_latency,957,21656.0
end_to_end_latency,958,21606.0
end_to_end_latency,959,21556.0
end_to_end_latency,960,21506.0
end_to_end_latency,961,21456.0
end_to_end_latency,962,21406.0
end_to_end_latency,963,21356.0
end_to_end_latency,964,21306.0
end_to_end_latency,965,21256.0
end_to_end_latency,966,21206.0
end_to_end_latency,967,21156.0
end_to_end_latency,968,21106.0
end_to_end_latency,969,21056.0
end_to_end_latency,970,21006.0
end_to_end_latency,971,20956.0
end_to_end_latency,972,20906.0
end_to_end_latency,973,20856.0
end_to_end_latency,974,20806.0
end_to_end_latency,975,20756.0
end_to_end_latency,976,20706.0
end_to_end_latency,977,20656.0
end_to_end_latency,978,20606.0
end_to_end_latency,979,20556.0
end_to_end_latency,980,20506.0
end_to_end_latency,981,20456.0
end_to_end_latency,982,20406.0
end_to_end_latency,983,20356.0
end_to_end_latency,984,20306.0
end_to_end_latency,985,20256.0
end_to_end_latency,986,20206.0
end_to_end_latency,987,20156.0
end_to_end_latency,988,20106.0
end_to_end_latency,989,20056.0
end_to_end_latency,990,20007.0
end_to_end_latency,991,19956.0
end_to_end_latency,992,19906.0
end_to_end_latency,993,19857.0
end_to_end_latency,994,19806.0
end_to_end_latency,995,19756.0
end_to_end_latency,996,19706.0
end_to_end_latency,997,19656.0
end_to_end_latency,998,19606.0
end_to_end_latency,999,19556.0
end_to_end_latency,1000,19507.0
end_to_end_latency,1001,19457.0
end_to_end_latency,1002,19406.0
end_to_end_latency,1003,19356.0
end_to_end_latency,1004,19306.0
end_to_end_latency,1005,19256.0
end_to_end_latency,1006,19206.0
end_to_end_latency,1007,19156.0
end_to_end_latency,1008,19106.0
end_to_end_latency,1009,19056.0
end_to_end_latency,1010,19006.0
end_to_end_latency,1011,18955.0
end_to_end_latency,1012,18906.0
end_to_end_latency,1013,18856.0
end_to_end_latency,1014,18806.0
end_to_end_latency,1015,18757.0
end_to_end_latency,1016,18707.0
end_to_end_latency,1017,18655.0
end_to_end_latency,1018,18605.0
end_to_end_latency,1019,18556.0
end_to_end_latency,1020,18506.0
end_to_end_latency,1021,18455.0
end_to_end_latency,1022,18406.0
end_to_end_latency,1023,18355.0
end_to_end_latency,1024,18306.0
end_to_end_latency,1025,18256.0
end_to_end_latency,1026,18206.0
end_to_end_latency,1027,18156.0
end_to_end_latency,1028,18106.0
end_to_end_latency,1029,18056.0
end_to_end_latency,1030,18006.0
end_to_end_latency,1031,17956.0
end_to_end_latency,1032,17906.0
end_to_end_latency,1033,17856.0
end_to_end_latency,1034,17806.0
end_to_end_latency,1035,17756.0
end_to_end_latency,1036,17706.0
end_to_end_latency,1037,17656.0
end_to_end_latency,1038,17606.0
end_to_end_latency,1039,17556.0
end_to_end_latency,1040,17505.0
end_to_end_latency,1041,17456.0
end_to_end_latency,1042,17406.0
end_to_end_latency,1043,17356.0
end_to_end_latency,1044,17306.0
end_to_end_latency,1045,17256.0
end_to_end_latency,1046,17206.0
end_to_end_latency,1047,17156.0
end_to_end_latency,1048,17106.0
end_to_end_latency,1049,17056.0
end_to_end_latency,1050,17005.0
end_to_end_latency,1051,16956.0
end_to_end_latency,1052,16905.0
end_to_end_latency,1053,16856.0
end_to_end_latency,1054,16806.0
end_to_end_latency,1055,16756.0
end_to_end_latency,1056,16706.0
end_to_end_latency,1057,16656.0
end_to_end_latency,1058,16606.0
end_to_end_latency,1059,16556.0
end_to_end_latency,1060,16505.0
end_to_end_latency,1061,16455.0
end_to_end_latency,1062,16406.0
end_to_end_latency,1063,16356.0
end_to_end_latency,1064,16306.0
end_to_end_latency,1065,16256.0
end_to_end_latency,1136,31472.0
end_to_end_latency,1137,31470.0
end_to_end_latency,1138,31469.0
end_to_end_latency,1139,31467.0
end_to_end_latency,1140,31442.0
end_to_end_latency,1141,31440.0
end_to_end_latency,1142,31438.0
end_to_end_latency,1143,31436.0
end_to_end_latency,1144,31435.0
end_to_end_latency,1145,31415.0
end_to_end_latency,1146,31414.0
end_to_end_latency,1147,31413.0
end_to_end_latency,1148,31411.0
end_to_end_latency,1149,31410.0
end_to_end_latency,1150,31391.0
end_to_end_latency,1151,31389.0
end_to_end_latency,1152,31388.0
end_to_end_latency,1153,31386.0
end_to_end_latency,1154,31385.0
end_to_end_latency,1155,31358.0
end_to_end_latency,1156,31357.0
end_to_end_latency,1157,31356.0
end_to_end_latency,0,1701.0
end_to_end_latency,2,2266.0
end_to_end_latency,3,2216.0
end_to_end_latency,4,2166.0
end_to_end_latency,5,2117.0
end_to_end_latency,6,2066.0
end_to_end_latency,7,2017.0
end_to_end_latency,8,1967.0
end_to_end_latency,9,1916.0
end_to_end_latency,10,1866.0
end_to_end_latency,11,1817.0
end_to_end_latency,12,1767.0
end_to_end_latency,13,1717.0
end_to_end_latency,14,1667.0
end_to_end_latency,15,1616.0
end_to_end_latency,16,1567.0
end_to_end_latency,17,1516.0
end_to_end_latency,18,1466.0
end_to_end_latency,19,1416.0
end_to_end_latency,20,1366.0
end_to_end_latency,21,1846.0
end_to_end_latency,22,1796.0
end_to_end_latency,27,1546.0
end_to_end_latency,28,1496.0
end_to_end_latency,29,1446.0
end_to_end_latency,30,1396.0
end_to_end_latency,31,1347.0
end_to_end_latency,32,1296.0
end_to_end_latency,33,1753.0
end_to_end_latency,34,1703.0
end_to_end_latency,38,1721.0
end_to_end_latency,39,1670.0
end_to_end_latency,40,1621.0
end_to_end_latency,41,1571.0
end_to_end_latency,42,1522.0
end_to_end_latency,43,1471.0
end_to_end_latency,44,1421.0
end_to_end_latency,45,1371.0
end_to_end_latency,46,1321.0
end_to_end_latency,47,1271.0
end_to_end_latency,48,1221.0
end_to_end_latency,49,1171.0
end_to_end_latency,50,1122.0
end_to_end_latency,51,1071.0
end_to_end_latency,52,1022.0
end_to_end_latency,57,1288.0
end_to_end_latency,58,1238.0
end_to_end_latency,59,1187.0
end_to_end_latency,60,1137.0
end_to_end_latency,61,1087.0
end_to_end_latency,62,1037.0
end_to_end_latency,69,1514.0
end_to_end_latency,70,1464.0
end_to_end_latency,71,1414.0
end_to_end_latency,72,1364.0
end_to_end_latency,73,1314.0
end_to_end_latency,74,1265.0
end_to_end_latency,75,1215.0
end_to_end_latency,78,1626.0
end_to_end_latency,79,1575.0
end_to_end_latency,80,1527.0
end_to_end_latency,81,1477.0
end_to_end_latency,82,1427.0
end_to_end_latency,83,1377.0
end_to_end_latency,84,1328.0
end_to_end_latency,85,1278.0
end_to_end_latency,86,1227.0
end_to_end_latency,89,1425.0
end_to_end_latency,90,1375.0
end_to_end_latency,91,1326.0
end_to_end_latency,92,1276.0
end_to_end_latency,93,1226.0
end_to_end_latency,94,1176.0
end_to_end_latency,95,1126.0
end_to_end_latency,96,1076.0
end_to_end_latency,97,1026.0
end_to_end_latency,101,1357.0
end_to_end_latency,102,1308.0
end_to_end_latency,103,1258.0
end_to_end_latency,104,1209.0
end_to_end_latency,105,1158.0
end_to_end_latency,106,1109.0
end_to_end_latency,107,1059.0
end_to_end_latency,111,1246.0
end_to_end_latency,112,1196.0
end_to_end_latency,113,1146.0
end_to_end_latency,114,1096.0
end_to_end_latency,115,1046.0
end_to_end_latency,116,996.0
end_to_end_latency,117,946.0
end_to_end_latency,122,1498.0
end_to_end_latency,123,1448.0
end_to_end_latency,124,1398.0
end_to_end_latency,125,1348.0
end_to_end_latency,126,1299.0
end_to_end_latency,127,1249.0
end_to_end_latency,133,1511.0
end_to_end_latency,134,1461.0
end_to_end_latency,135,1411.0
end_to_end_latency,136,1361.0
end_to_end_latency,137,1311.0
end_to_end_latency,138,1262.0
end_to_end_latency,143,1398.0
end_to_end_latency,144,1348.0
end_to_end_latency,145,1298.0
end_to_end_latency,146,1249.0
end_to_end_latency,147,1198.0
end_to_end_latency,148,1148.0
end_to_end_latency,149,1099.0
end_to_end_latency,154,1195.0
end_to_end_latency,155,1146.0
end_to_end_latency,156,1096.0
end_to_end_latency,157,1046.0
end_to_end_latency,158,996.0
end_to_end_latency,159,946.0
end_to_end_latency,164,1268.0
end_to_end_latency,165,1217.0
end_to_end_latency,166,1168.0
end_to_end_latency,167,1118.0
end_to_end_latency,168,1068.0
end_to_end_latency,169,1019.0
end_to_end_latency,170,968.0
end_to_end_latency,171,918.0
end_to_end_latency,175,1408.0
end_to_end_latency,176,1358.0
end_to_end_latency,177,1309.0
end_to_end_latency,178,1259.0
end_to_end_latency,179,1209.0
end_to_end_latency,180,1718.0
end_to_end_latency,186,1417.0
end_to_end_latency,187,1367.0
end_to_end_latency,188,1317.0
end_to_end_latency,189,1268.0
end_to_end_latency,190,1218.0
end_to_end_latency,191,1168.0
end_to_end_latency,192,1118.0
end_to_end_latency,193,1069.0
end_to_end_latency,197,1573.0
end_to_end_latency,198,1523.0
end_to_end_latency,199,1474.0
end_to_end_latency,200,1424.0
end_to_end_latency,201,1374.0
end_to_end_latency,202,1556.0
end_to_end_latency,203,1507.0
end_to_end_latency,204,1457.0
end_to_end_latency,209,1207.0
end_to_end_latency,210,1157.0
end_to_end_latency,211,1107.0
end_to_end_latency,212,1057.0
end_to_end_latency,213,1007.0
end_to_end_latency,219,1196.0
end_to_end_latency,220,1146.0
end_to_end_latency,221,1096.0
end_to_end_latency,222,1046.0
end_to_end_latency,223,996.0
end_to_end_latency,224,947.0
end_to_end_latency,225,896.0
end_to_end_latency,229,1320.0
end_to_end_latency,230,1269.0
end_to_end_latency,231,1219.0
end_to_end_latency,232,1170.0
end_to_end_latency,233,1120.0
end_to_end_latency,234,1069.0
end_to_end_latency,235,1021.0
end_to_end_latency,236,970.0
end_to_end_latency,241,1419.0
end_to_end_latency,242,1370.0
end_to_end_latency,243,1319.0
end_to_end_latency,244,1270.0
end_to_end_latency,245,1876.0
end_to_end_latency,246,1826.0
end_to_end_latency,247,1776.0
end_to_end_latency,248,1726.0
end_to_end_latency,249,1676.0
end_to_end_latency,250,1626.0
end_to_end_latency,251,1576.0
end_to_end_latency,252,1526.0
end_to_end_latency,253,1476.0
end_to_end_latency,254,1425.0
end_to_end_latency,255,1375.0
end_to_end_latency,256,1325.0
end_to_end_latency,257,1275.0
end_to_end_latency,258,1226.0
end_to_end_latency,259,1176.0
end_to_end_latency,260,1126.0
end_to_end_latency,261,2389.0
end_to_end_latency,262,2339.0
end_to_end_latency,263,2289.0
end_to_end_latency,264,2239.0
end_to_end_latency,265,2188.0
end_to_end_latency,266,2138.0
end_to_end_latency,267,2089.0
end_to_end_latency,268,2039.0
end_to_end_latency,269,1988.0
end_to_end_latency,270,1939.0
end_to_end_latency,271,1888.0
end_to_end_latency,272,1838.0
end_to_end_latency,273,1788.0
end_to_end_latency,274,1739.0
end_to_end_latency,291,2097.0
end_to_end_latency,292,2047.0
end_to_end_latency,293,1998.0
end_to_end_latency,302,2789.0
end_to_end_latency,303,2739.0
end_to_end_latency,304,2688.0
end_to_end_latency,305,2639.0
end_to_end_latency,306,2588.0
end_to_end_latency,307,2539.0
end_to_end_latency,308,2489.0
end_to_end_latency,309,2439.0
end_to_end_latency,310,2389.0
end_to_end_latency,311,2338.0
end_to_end_latency,312,4900.0
end_to_end_latency,313,4850.0
end_to_end_latency,314,4800.0
end_to_end_latency,315,4750.0
end_to_end_latency,316,4700.0
end_to_end_latency,317,4650.0
end_to_end_latency,318,4600.0
end_to_end_latency,319,4550.0
end_to_end_latency,320,4499.0
end_to_end_latency,321,4449.0
end_to_end_latency,322,4399.0
end_to_end_latency,323,4349.0
end_to_end_latency,324,4300.0
end_to_end_latency,325,4250.0
end_to_end_latency,326,4199.0
end_to_end_latency,327,4149.0
end_to_end_latency,328,4099.0
end_to_end_latency,329,4050.0
end_to_end_latency,330,4000.0
end_to_end_latency,331,3949.0
end_to_end_latency,332,3898.0
end_to_end_latency,333,3849.0
end_to_end_latency,334,3800.0
end_to_end_latency,335,3750.0
end_to_end_latency,336,3700.0
end_to_end_latency,337,3650.0
end_to_end_latency,338,3600.0
end_to_end_latency,339,3549.0
end_to_end_latency,340,3500.0
end_to_end_latency,341,3450.0
end_to_end_latency,342,3400.0
end_to_end_latency,343,3350.0
end_to_end_latency,344,3301.0
end_to_end_latency,345,3251.0
end_to_end_latency,346,3201.0
end_to_end_latency,347,3151.0
end_to_end_latency,350,9080.0
end_to_end_latency,351,9030.0
end_to_end_latency,352,8980.0
end_to_end_latency,353,8930.0
end_to_end_latency,354,8880.0
end_to_end_latency,355,8829.0
end_to_end_latency,356,8779.0
end_to_end_latency,357,8730.0
end_to_end_latency,358,8679.0
end_to_end_latency,359,8629.0
end_to_end_latency,360,8580.0
end_to_end_latency,361,8530.0
end_to_end_latency,362,8480.0
end_to_end_latency,363,8430.0
end_to_end_latency,364,8380.0
end_to_end_latency,365,8330.0
end_to_end_latency,366,8280.0
end_to_end_latency,367,8231.0
end_to_end_latency,368,8181.0
end_to_end_latency,369,8131.0
end_to_end_latency,370,8080.0
end_to_end_latency,371,8031.0
end_to_end_latency,372,7981.0
end_to_end_latency,373,7931.0
end_to_end_latency,374,7881.0
end_to_end_latency,375,7831.0
end_to_end_latency,376,7781.0
end_to_end_latency,377,7730.0
end_to_end_latency,378,7681.0
end_to_end_latency,379,7631.0
end_to_end_latency,380,7580.0
end_to_end_latency,383,7432.0
end_to_end_latency,384,7382.0
end_to_end_latency,385,7332.0
end_to_end_latency,386,7281.0
end_to_end_latency,387,7231.0
end_to_end_latency,388,7181.0
end_to_end_latency,389,7131.0
end_to_end_latency,390,7080.0
end_to_end_latency,391,7031.0
end_to_end_latency,392,6981.0
end_to_end_latency,393,6931.0
end_to_end_latency,394,6882.0
end_to_end_latency,395,6831.0
end_to_end_latency,396,6782.0
end_to_end_latency,397,6731.0
end_to_end_latency,398,6682.0
end_to_end_latency,399,6631.0
end_to_end_latency,400,6580.0
end_to_end_latency,401,6532.0
end_to_end_latency,402,6482.0
end_to_end_latency,403,6432.0
end_to_end_latency,404,6381.0
end_to_end_latency,405,6332.0
end_to_end_latency,406,6282.0
end_to_end_latency,407,6233.0
end_to_end_latency,408,6183.0
end_to_end_latency,409,6133.0
end_to_end_latency,410,6082.0
end_to_end_latency,411,6033.0
end_to_end_latency,412,5983.0
end_to_end_latency,413,5933.0
end_to_end_latency,414,5883.0
end_to_end_latency,415,5832.0
end_to_end_latency,416,5783.0
end_to_end_latency,417,5733.0
end_to_end_latency,418,5683.0
end_to_end_latency,419,5632.0
end_to_end_latency,420,5582.0
end_to_end_latency,421,5531.0
end_to_end_latency,422,5482.0
end_to_end_latency,423,5432.0
end_to_end_latency,455,8375.0
end_to_end_latency,456,8325.0
end_to_end_latency,457,8274.0
end_to_end_latency,458,8225.0
end_to_end_latency,459,8175.0
end_to_end_latency,460,8124.0
end_to_end_latency,461,8074.0
end_to_end_latency,462,8025.0
end_to_end_latency,463,7975.0
end_to_end_latency,464,7924.0
end_to_end_latency,465,7875.0
end_to_end_latency,466,7825.0
end_to_end_latency,467,7774.0
end_to_end_latency,468,7725.0
end_to_end_latency,469,7675.0
end_to_end_latency,470,7624.0
end_to_end_latency,471,7574.0
end_to_end_latency,472,7525.0
end_to_end_latency,473,7475.0
end_to_end_latency,474,7425.0
end_to_end_latency,475,7374.0
end_to_end_latency,476,7324.0
end_to_end_latency,477,7273.0
end_to_end_latency,478,7225.0
end_to_end_latency,479,7175.0
end_to_end_latency,480,7125.0
end_to_end_latency,481,7074.0
end_to_end_latency,482,7025.0
end_to_end_latency,483,6975.0
end_to_end_latency,484,6924.0
end_to_end_latency,485,6874.0
end_to_end_latency,486,6825.0
end_to_end_latency,487,6774.0
end_to_end_latency,488,6725.0
end_to_end_latency,489,6674.0
end_to_end_latency,490,6625.0
end_to_end_latency,491,6574.0
end_to_end_latency,492,6525.0
end_to_end_latency,493,6474.0
end_to_end_latency,494,6425.0
end_to_end_latency,495,6374.0
end_to_end_latency,496,6325.0
end_to_end_latency,497,6274.0
end_to_end_latency,498,6224.0
end_to_end_latency,499,6174.0
end_to_end_latency,500,6125.0
end_to_end_latency,533,7610.0
end_to_end_latency,534,7560.0
end_to_end_latency,535,7509.0
end_to_end_latency,536,7459.0
end_to_end_latency,537,7410.0
end_to_end_latency,538,7359.0
end_to_end_latency,539,7309.0
end_to_end_latency,540,7259.0
end_to_end_latency,541,7209.0
end_to_end_latency,542,7160.0
end_to_end_latency,543,7110.0
end_to_end_latency,544,7059.0
end_to_end_latency,545,7010.0
end_to_end_latency,546,6960.0
end_to_end_latency,547,6909.0
end_to_end_latency,548,6860.0
end_to_end_latency,549,6810.0
end_to_end_latency,550,6759.0
end_to_end_latency,551,6709.0
end_to_end_latency,552,6658.0
end_to_end_latency,553,6610.0
end_to_end_latency,554,6560.0
end_to_end_latency,555,6512.0
end_to_end_latency,556,6461.0
end_to_end_latency,557,6412.0
end_to_end_latency,558,6361.0
end_to_end_latency,559,6312.0
end_to_end_latency,560,6262.0
end_to_end_latency,561,6209.0
end_to_end_latency,562,6161.0
end_to_end_latency,563,6111.0
end_to_end_latency,564,6061.0
end_to_end_latency,565,6011.0
end_to_end_latency,566,5962.0
end_to_end_latency,567,5911.0
end_to_end_latency,568,5861.0
end_to_end_latency,569,5812.0
end_to_end_latency,570,5761.0
end_to_end_latency,571,5711.0
end_to_end_latency,572,5661.0
end_to_end_latency,573,5612.0
end_to_end_latency,574,5562.0
end_to_end_latency,575,5511.0
end_to_end_latency,576,5462.0
end_to_end_latency,577,5411.0
end_to_end_latency,578,5362.0
end_to_end_latency,579,5311.0
end_to_end_latency,580,5262.0
end_to_end_latency,581,5211.0
end_to_end_latency,582,5162.0
end_to_end_latency,583,5112.0
end_to_end_latency,584,5061.0
end_to_end_latency,585,5011.0
end_to_end_latency,586,4961.0
end_to_end_latency,587,4912.0
end_to_end_latency,588,4862.0
end_to_end_latency,589,4811.0
end_to_end_latency,590,4762.0
end_to_end_latency,591,4712.0
end_to_end_latency,592,4661.0
end_to_end_latency,593,4612.0
end_to_end_latency,594,4562.0
end_to_end_latency,595,4511.0
end_to_end_latency,596,4461.0
end_to_end_latency,597,4411.0
end_to_end_latency,598,4361.0
end_to_end_latency,599,4311.0
end_to_end_latency,600,4262.0
end_to_end_latency,601,4212.0
end_to_end_latency,602,4161.0
end_to_end_latency,603,4111.0
end_to_end_latency,604,4062.0
end_to_end_latency,605,4012.0
end_to_end_latency,668,36111.0
end_to_end_latency,669,36060.0
end_to_end_latency,670,36011.0
end_to_end_latency,671,35961.0
end_to_end_latency,672,35909.0
end_to_end_latency,673,35860.0
end_to_end_latency,674,35809.0
end_to_end_latency,675,35760.0
end_to_end_latency,676,35710.0
end_to_end_latency,677,35659.0
end_to_end_latency,678,35610.0
end_to_end_latency,679,35559.0
end_to_end_latency,680,35509.0
end_to_end_latency,681,35459.0
end_to_end_latency,682,35409.0
end_to_end_latency,683,35357.0
end_to_end_latency,684,35309.0
end_to_end_latency,685,35259.0
end_to_end_latency,686,35209.0
end_to_end_latency,687,35159.0
end_to_end_latency,688,35109.0
end_to_end_latency,689,35059.0
end_to_end_latency,690,35010.0
end_to_end_latency,691,34959.0
end_to_end_latency,692,34910.0
end_to_end_latency,693,34860.0
end_to_end_latency,694,34809.0
end_to_end_latency,695,34761.0
end_to_end_latency,696,34709.0
end_to_end_latency,697,34659.0
end_to_end_latency,698,34609.0
end_to_end_latency,699,34559.0
end_to_end_latency,700,34509.0
end_to_end_latency,701,34460.0
end_to_end_latency,702,34410.0
end_to_end_latency,703,34359.0
end_to_end_latency,704,34310.0
end_to_end_latency,705,34261.0
end_to_end_latency,706,34210.0
end_to_end_latency,707,34160.0
end_to_end_latency,708,34111.0
end_to_end_latency,709,34060.0
end_to_end_latency,710,34009.0
end_to_end_latency,711,33959.0
end_to_end_latency,712,33909.0
end_to_end_latency,713,33859.0
end_to_end_latency,714,33807.0
end_to_end_latency,715,33760.0
end_to_end_latency,716,33710.0
end_to_end_latency,717,33659.0
end_to_end_latency,718,33610.0
end_to_end_latency,719,33560.0
end_to_end_latency,720,33510.0
end_to_end_latency,721,33459.0
end_to_end_latency,722,33410.0
end_to_end_latency,723,33360.0
end_to_end_latency,724,33309.0
end_to_end_latency,725,33259.0
end_to_end_latency,726,33209.0
end_to_end_latency,727,33159.0
end_to_end_latency,728,33110.0
end_to_end_latency,729,33060.0
end_to_end_latency,730,33009.0
end_to_end_latency,731,32959.0
end_to_end_latency,732,32911.0
end_to_end_latency,733,32862.0
end_to_end_latency,734,32811.0
end_to_end_latency,735,32761.0
end_to_end_latency,736,32711.0
end_to_end_latency,737,32662.0
end_to_end_latency,738,32611.0
end_to_end_latency,739,32561.0
end_to_end_latency,740,32512.0
end_to_end_latency,741,32461.0
end_to_end_latency,742,32411.0
end_to_end_latency,743,32361.0
end_to_end_latency,744,32311.0
end_to_end_latency,745,32261.0
end_to_end_latency,746,32212.0
end_to_end_latency,747,32161.0
end_to_end_latency,748,32110.0
end_to_end_latency,749,32061.0
end_to_end_latency,750,32012.0
end_to_end_latency,751,31961.0
end_to_end_latency,752,31911.0
end_to_end_latency,753,31861.0
end_to_end_latency,754,31811.0
end_to_end_latency,755,31755.0
end_to_end_latency,756,31711.0
end_to_end_latency,757,31661.0
end_to_end_latency,758,31611.0
end_to_end_latency,759,31561.0
end_to_end_latency,760,31512.0
end_to_end_latency,761,31461.0
end_to_end_latency,762,31411.0
end_to_end_latency,763,31361.0
end_to_end_latency,764,31311.0
end_to_end_latency,765,31261.0
end_to_end_latency,766,31211.0
end_to_end_latency,767,31162.0
end_to_end_latency,768,31110.0
end_to_end_latency,769,31062.0
end_to_end_latency,770,31010.0
end_to_end_latency,771,30961.0
end_to_end_latency,772,30912.0
end_to_end_latency,773,30861.0
end_to_end_latency,774,30811.0
end_to_end_latency,775,30761.0
end_to_end_latency,776,30710.0
end_to_end_latency,777,30660.0
end_to_end_latency,778,30612.0
end_to_end_latency,779,30561.0
end_to_end_latency,780,30511.0
end_to_end_latency,781,30462.0
end_to_end_latency,782,30411.0
end_to_end_latency,783,30361.0
end_to_end_latency,784,30311.0
end_to_end_latency,785,30261.0
end_to_end_latency,786,30211.0
end_to_end_latency,787,30160.0
end_to_end_latency,788,30112.0
end_to_end_latency,789,30061.0
end_to_end_latency,790,30011.0
end_to_end_latency,791,29961.0
end_to_end_latency,792,29911.0
end_to_end_latency,793,29860.0
end_to_end_latency,794,29812.0
end_to_end_latency,795,29761.0
end_to_end_latency,796,29710.0
end_to_end_latency,797,29661.0
end_to_end_latency,798,29610.0
end_to_end_latency,799,29560.0
end_to_end_latency,800,29512.0
end_to_end_latency,801,29462.0
end_to_end_latency,802,29412.0
end_to_end_latency,803,29362.0
end_to_end_latency,804,29312.0
end_to_end_latency,805,29263.0
end_to_end_latency,806,29212.0
end_to_end_latency,807,29163.0
end_to_end_latency,1189,30011.0
end_to_end_latency,1190,29963.0
end_to_end_latency,1191,29913.0
end_to_end_latency,1192,29862.0
end_to_end_latency,1193,29813.0
end_to_end_latency,1194,29763.0
end_to_end_latency,1195,29712.0
end_to_end_latency,1196,29663.0
end_to_end_latency,1197,29613.0
end_to_end_latency,1198,29563.0
end_to_end_latency,1199,29513.0
end_to_end_latency,1200,29462.0
end_to_end_latency,1201,29413.0
end_to_end_latency,1202,29363.0
end_to_end_latency,1203,29312.0
end_to_end_latency,1204,29263.0
end_to_end_latency,1205,29213.0
end_to_end_latency,1206,29163.0
end_to_end_latency,1207,29113.0
end_to_end_latency,1208,29063.0
end_to_end_latency,1209,29013.0
end_to_end_latency,1210,28963.0
end_to_end_latency,1211,28913.0
end_to_end_latency,1212,28862.0
end_to_end_latency,1213,28813.0
end_to_end_latency,1214,28762.0
end_to_end_latency,1215,28713.0
end_to_end_latency,1216,28663.0
end_to_end_latency,1217,28613.0
end_to_end_latency,1218,28563.0
end_to_end_latency,1219,28512.0
end_to_end_latency,1220,28462.0
end_to_end_latency,1221,28413.0
end_to_end_latency,1222,28363.0
end_to_end_latency,1223,28313.0
end_to_end_latency,1224,28263.0
end_to_end_latency,1225,28212.0
end_to_end_latency,1226,28163.0
end_to_end_latency,1227,28113.0
end_to_end_latency,1228,28063.0
end_to_end_latency,1229,28012.0
end_to_end_latency,1230,27962.0
end_to_end_latency,1231,27913.0
end_to_end_latency,1232,27863.0
end_to_end_latency,1233,27813.0
end_to_end_latency,1234,27763.0
end_to_end_latency,1235,27713.0
end_to_end_latency,1236,27662.0
end_to_end_latency,1237,27613.0
end_to_end_latency,1238,27562.0
end_to_end_latency,1239,27513.0
end_to_end_latency,1240,27463.0
end_to_end_latency,1241,27413.0
end_to_end_latency,1242,27363.0
end_to_end_latency,1243,27313.0
end_to_end_latency,1244,27263.0
end_to_end_latency,1245,27213.0
end_to_end_latency,1246,27163.0
end_to_end_latency,1247,27113.0
end_to_end_latency,1248,26960.0
end_to_end_latency,1249,26959.0
end_to_end_latency,1250,26958.0
end_to_end_latency,1251,26913.0
end_to_end_latency,1252,26863.0
end_to_end_latency,1253,26813.0
end_to_end_latency,1254,26762.0
end_to_end_latency,1255,26713.0
end_to_end_latency,1256,26663.0
end_to_end_latency,1257,26613.0
end_to_end_latency,1258,26563.0
end_to_end_latency,1259,26513.0
end_to_end_latency,1260,26463.0
end_to_end_latency,1261,26412.0
end_to_end_latency,1262,26363.0
end_to_end_latency,1263,26312.0
end_to_end_latency,1264,26263.0
end_to_end_latency,1265,26212.0
end_to_end_latency,1266,26163.0
end_to_end_latency,1267,26112.0
end_to_end_latency,1268,26063.0
end_to_end_latency,1269,26013.0
end_to_end_latency,1270,25963.0
end_to_end_latency,1271,25912.0
end_to_end_latency,1272,25862.0
end_to_end_latency,1273,25812.0
end_to_end_latency,1274,25763.0
end_to_end_latency,1275,25713.0
end_to_end_latency,1276,25662.0
end_to_end_latency,1277,25613.0
end_to_end_latency,1278,25562.0
end_to_end_latency,1279,25513.0
end_to_end_latency,1280,25462.0
end_to_end_latency,1281,25413.0
end_to_end_latency,1282,25362.0
end_to_end_latency,1283,25312.0
end_to_end_latency,1284,25263.0
end_to_end_latency,1285,25212.0
end_to_end_latency,1286,25163.0
end_to_end_latency,1287,25112.0
end_to_end_latency,1288,25062.0
end_to_end_latency,1289,25013.0
end_to_end_latency,1290,24962.0
end_to_end_latency,1291,24913.0
end_to_end_latency,1292,24863.0
end_to_end_latency,1293,24813.0
end_to_end_latency,1294,24763.0
end_to_end_latency,1295,24712.0
end_to_end_latency,1296,24663.0
end_to_end_latency,1297,24612.0
end_to_end_latency,0,1589.0
end_to_end_latency,2,1490.0
end_to_end_latency,3,2106.0
end_to_end_latency,4,2056.0
end_to_end_latency,5,2006.0
end_to_end_latency,6,1955.0
end_to_end_latency,7,1905.0
end_to_end_latency,8,1856.0
end_to_end_latency,9,1805.0
end_to_end_latency,10,1755.0
end_to_end_latency,11,1705.0
end_to_end_latency,12,1656.0
end_to_end_latency,13,1605.0
end_to_end_latency,14,1555.0
end_to_end_latency,15,1506.0
end_to_end_latency,16,1456.0
end_to_end_latency,17,1405.0
end_to_end_latency,18,1356.0
end_to_end_latency,25,1534.0
end_to_end_latency,26,1484.0
end_to_end_latency,27,1434.0
end_to_end_latency,28,1385.0
end_to_end_latency,29,1335.0
end_to_end_latency,30,1285.0
end_to_end_latency,31,1235.0
end_to_end_latency,36,1492.0
end_to_end_latency,37,1443.0
end_to_end_latency,38,1393.0
end_to_end_latency,39,1343.0
end_to_end_latency,40,1292.0
end_to_end_latency,41,1242.0
end_to_end_latency,42,1192.0
end_to_end_latency,46,1208.0
end_to_end_latency,47,1159.0
end_to_end_latency,48,1110.0
end_to_end_latency,49,1059.0
end_to_end_latency,50,1010.0
end_to_end_latency,51,959.0
end_to_end_latency,56,1225.0
end_to_end_latency,57,1176.0
end_to_end_latency,58,1126.0
end_to_end_latency,59,1076.0
end_to_end_latency,60,1025.0
end_to_end_latency,61,975.0
end_to_end_latency,66,725.0
end_to_end_latency,67,675.0
end_to_end_latency,68,1452.0
end_to_end_latency,69,1403.0
end_to_end_latency,70,1352.0
end_to_end_latency,71,1302.0
end_to_end_latency,72,1814.0
end_to_end_latency,73,1764.0
end_to_end_latency,76,1614.0
end_to_end_latency,77,1565.0
end_to_end_latency,78,1515.0
end_to_end_latency,79,1465.0
end_to_end_latency,80,1415.0
end_to_end_latency,81,1366.0
end_to_end_latency,82,1316.0
end_to_end_latency,83,1613.0
end_to_end_latency,84,1563.0
end_to_end_latency,86,1465.0
end_to_end_latency,87,1414.0
end_to_end_latency,88,1364.0
end_to_end_latency,89,1314.0
end_to_end_latency,90,1265.0
end_to_end_latency,91,1214.0
end_to_end_latency,92,1165.0
end_to_end_latency,93,1647.0
end_to_end_latency,94,1596.0
end_to_end_latency,95,1547.0
end_to_end_latency,99,1347.0
end_to_end_latency,100,1296.0
end_to_end_latency,101,1246.0
end_to_end_latency,102,1197.0
end_to_end_latency,103,1147.0
end_to_end_latency,104,1098.0
end_to_end_latency,105,1047.0
end_to_end_latency,110,1185.0
end_to_end_latency,111,1134.0
end_to_end_latency,112,1085.0
end_to_end_latency,113,1034.0
end_to_end_latency,114,984.0
end_to_end_latency,115,934.0
end_to_end_latency,120,684.0
end_to_end_latency,121,635.0
end_to_end_latency,122,585.0
end_to_end_latency,123,1337.0
end_to_end_latency,124,1287.0
end_to_end_latency,125,1236.0
end_to_end_latency,126,1187.0
end_to_end_latency,127,1138.0
end_to_end_latency,130,1550.0
end_to_end_latency,131,1500.0
end_to_end_latency,132,1449.0
end_to_end_latency,133,1399.0
end_to_end_latency,134,1349.0
end_to_end_latency,135,1300.0
end_to_end_latency,136,1250.0
end_to_end_latency,141,1386.0
end_to_end_latency,142,1336.0
end_to_end_latency,143,1287.0
end_to_end_latency,144,1237.0
end_to_end_latency,145,1187.0
end_to_end_latency,146,1137.0
end_to_end_latency,152,1184.0
end_to_end_latency,153,1135.0
end_to_end_latency,154,1084.0
end_to_end_latency,155,1034.0
end_to_end_latency,156,984.0
end_to_end_latency,157,934.0
end_to_end_latency,163,1206.0
end_to_end_latency,164,1157.0
end_to_end_latency,165,1106.0
end_to_end_latency,166,1056.0
end_to_end_latency,167,1006.0
end_to_end_latency,168,956.0
end_to_end_latency,173,706.0
end_to_end_latency,174,1347.0
end_to_end_latency,175,1297.0
end_to_end_latency,176,1248.0
end_to_end_latency,177,1197.0
end_to_end_latency,178,1706.0
end_to_end_latency,179,1656.0
end_to_end_latency,180,1606.0
end_to_end_latency,185,1356.0
end_to_end_latency,186,1306.0
end_to_end_latency,187,1257.0
end_to_end_latency,188,1206.0
end_to_end_latency,189,1157.0
end_to_end_latency,190,1108.0
end_to_end_latency,201,1495.0
end_to_end_latency,202,1445.0
end_to_end_latency,203,1395.0
end_to_end_latency,204,1345.0
end_to_end_latency,205,1295.0
end_to_end_latency,206,1245.0
end_to_end_latency,207,1195.0
end_to_end_latency,208,1145.0
end_to_end_latency,209,1095.0
end_to_end_latency,210,1045.0
end_to_end_latency,211,996.0
end_to_end_latency,216,1234.0
end_to_end_latency,217,1184.0
end_to_end_latency,218,1134.0
end_to_end_latency,219,1084.0
end_to_end_latency,220,1034.0
end_to_end_latency,221,984.0
end_to_end_latency,222,934.0
end_to_end_latency,223,884.0
end_to_end_latency,226,1358.0
end_to_end_latency,235,1607.0
end_to_end_latency,236,1557.0
end_to_end_latency,237,1508.0
end_to_end_latency,238,1457.0
end_to_end_latency,239,1407.0
end_to_end_latency,240,1357.0
end_to_end_latency,241,1307.0
end_to_end_latency,242,1258.0
end_to_end_latency,243,1207.0
end_to_end_latency,244,1157.0
end_to_end_latency,245,1107.0
end_to_end_latency,246,1058.0
end_to_end_latency,250,1515.0
end_to_end_latency,251,1464.0
end_to_end_latency,252,1414.0
end_to_end_latency,253,1363.0
end_to_end_latency,254,1314.0
end_to_end_latency,255,1263.0
end_to_end_latency,256,1213.0
end_to_end_latency,257,1164.0
end_to_end_latency,258,1114.0
end_to_end_latency,259,1065.0
end_to_end_latency,260,1014.0
end_to_end_latency,264,2126.0
end_to_end_latency,265,2075.0
end_to_end_latency,266,2027.0
end_to_end_latency,267,1977.0
end_to_end_latency,268,1927.0
end_to_end_latency,269,1877.0
end_to_end_latency,270,1827.0
end_to_end_latency,271,1777.0
end_to_end_latency,272,1727.0
end_to_end_latency,277,1478.0
end_to_end_latency,278,1427.0
end_to_end_latency,279,1377.0
end_to_end_latency,280,1327.0
end_to_end_latency,281,1277.0
end_to_end_latency,282,1227.0
end_to_end_latency,283,1177.0
end_to_end_latency,284,1127.0
end_to_end_latency,290,828.0
end_to_end_latency,291,778.0
end_to_end_latency,292,1937.0
end_to_end_latency,293,1887.0
end_to_end_latency,294,1837.0
end_to_end_latency,295,1786.0
end_to_end_latency,305,2527.0
end_to_end_latency,306,2477.0
end_to_end_latency,307,2428.0
end_to_end_latency,308,2377.0
end_to_end_latency,309,2327.0
end_to_end_latency,310,2277.0
end_to_end_latency,311,2227.0
end_to_end_latency,312,2178.0
end_to_end_latency,313,2126.0
end_to_end_latency,314,2076.0
end_to_end_latency,315,2027.0
end_to_end_latency,316,4588.0
end_to_end_latency,317,4538.0
end_to_end_latency,324,4188.0
end_to_end_latency,325,4137.0
end_to_end_latency,326,4088.0
end_to_end_latency,327,4038.0
end_to_end_latency,328,3987.0
end_to_end_latency,329,3937.0
end_to_end_latency,330,3887.0
end_to_end_latency,331,3837.0
end_to_end_latency,332,3788.0
end_to_end_latency,333,3738.0
end_to_end_latency,334,3688.0
end_to_end_latency,335,3638.0
end_to_end_latency,336,3587.0
end_to_end_latency,337,3537.0
end_to_end_latency,338,3488.0
end_to_end_latency,339,3437.0
end_to_end_latency,340,3387.0
end_to_end_latency,341,3339.0
end_to_end_latency,342,3288.0
end_to_end_latency,343,3237.0
end_to_end_latency,344,3189.0
end_to_end_latency,358,8568.0
end_to_end_latency,359,8519.0
end_to_end_latency,360,8470.0
end_to_end_latency,361,8419.0
end_to_end_latency,362,8370.0
end_to_end_latency,363,8319.0
end_to_end_latency,364,8269.0
end_to_end_latency,365,8218.0
end_to_end_latency,366,8168.0
end_to_end_latency,367,8119.0
end_to_end_latency,368,8069.0
end_to_end_latency,369,8019.0
end_to_end_latency,370,7970.0
end_to_end_latency,371,7919.0
end_to_end_latency,372,7869.0
end_to_end_latency,373,7817.0
end_to_end_latency,374,7768.0
end_to_end_latency,375,7718.0
end_to_end_latency,376,7669.0
end_to_end_latency,377,7618.0
end_to_end_latency,397,6619.0
end_to_end_latency,398,6569.0
end_to_end_latency,399,6520.0
end_to_end_latency,400,6470.0
end_to_end_latency,401,6420.0
end_to_end_latency,402,6370.0
end_to_end_latency,403,6319.0
end_to_end_latency,404,6270.0
end_to_end_latency,405,6221.0
end_to_end_latency,406,6169.0
end_to_end_latency,407,6119.0
end_to_end_latency,408,6069.0
end_to_end_latency,409,6018.0
end_to_end_latency,410,5970.0
end_to_end_latency,411,5921.0
end_to_end_latency,412,5870.0
end_to_end_latency,413,5820.0
end_to_end_latency,448,8613.0
end_to_end_latency,449,8563.0
end_to_end_latency,450,8513.0
end_to_end_latency,451,8463.0
end_to_end_latency,452,8412.0
end_to_end_latency,453,8362.0
end_to_end_latency,454,8311.0
end_to_end_latency,455,8263.0
end_to_end_latency,456,8212.0
end_to_end_latency,457,8163.0
end_to_end_latency,458,8113.0
end_to_end_latency,459,8063.0
end_to_end_latency,460,8012.0
end_to_end_latency,461,7963.0
end_to_end_latency,462,7913.0
end_to_end_latency,463,7863.0
end_to_end_latency,464,7813.0
end_to_end_latency,465,7763.0
end_to_end_latency,466,7713.0
end_to_end_latency,467,7664.0
end_to_end_latency,468,7613.0
end_to_end_latency,469,7562.0
end_to_end_latency,470,7512.0
end_to_end_latency,471,7464.0
end_to_end_latency,472,7413.0
end_to_end_latency,473,7361.0
end_to_end_latency,474,7311.0
end_to_end_latency,475,7263.0
end_to_end_latency,476,7213.0
end_to_end_latency,477,7163.0
end_to_end_latency,478,7112.0
end_to_end_latency,479,7063.0
end_to_end_latency,480,7013.0
end_to_end_latency,481,6963.0
end_to_end_latency,482,6913.0
end_to_end_latency,483,6863.0
end_to_end_latency,484,6813.0
end_to_end_latency,485,6763.0
end_to_end_latency,486,6713.0
end_to_end_latency,487,6663.0
end_to_end_latency,488,6613.0
end_to_end_latency,489,6563.0
end_to_end_latency,490,6513.0
end_to_end_latency,491,6462.0
end_to_end_latency,492,6413.0
end_to_end_latency,493,6363.0
end_to_end_latency,494,6312.0
end_to_end_latency,495,6262.0
end_to_end_latency,544,6949.0
end_to_end_latency,545,6899.0
end_to_end_latency,546,6849.0
end_to_end_latency,547,6799.0
end_to_end_latency,548,6749.0
end_to_end_latency,549,6699.0
end_to_end_latency,550,6649.0
end_to_end_latency,551,6599.0
end_to_end_latency,552,6549.0
end_to_end_latency,553,6499.0
end_to_end_latency,554,6449.0
end_to_end_latency,555,6399.0
end_to_end_latency,556,6349.0
end_to_end_latency,557,6299.0
end_to_end_latency,558,6249.0
end_to_end_latency,559,6199.0
end_to_end_latency,560,6149.0
end_to_end_latency,561,6099.0
end_to_end_latency,562,6049.0
end_to_end_latency,671,35845.0
end_to_end_latency,672,35797.0
end_to_end_latency,673,35747.0
end_to_end_latency,674,35696.0
end_to_end_latency,675,35647.0
end_to_end_latency,676,35597.0
end_to_end_latency,677,35548.0
end_to_end_latency,678,35497.0
end_to_end_latency,679,35445.0
end_to_end_latency,680,35397.0
end_to_end_latency,681,35346.0
end_to_end_latency,682,35296.0
end_to_end_latency,683,35246.0
end_to_end_latency,684,35196.0
end_to_end_latency,685,35148.0
end_to_end_latency,686,35096.0
end_to_end_latency,687,35045.0
end_to_end_latency,688,34997.0
end_to_end_latency,689,34947.0
end_to_end_latency,690,34898.0
end_to_end_latency,691,34846.0
end_to_end_latency,692,34796.0
end_to_end_latency,693,34746.0
end_to_end_latency,694,34696.0
end_to_end_latency,695,34646.0
end_to_end_latency,696,34596.0
end_to_end_latency,697,34548.0
end_to_end_latency,698,34498.0
end_to_end_latency,699,34448.0
end_to_end_latency,700,34398.0
end_to_end_latency,701,34348.0
end_to_end_latency,702,34298.0
end_to_end_latency,703,34248.0
end_to_end_latency,704,34197.0
end_to_end_latency,705,34147.0
end_to_end_latency,706,34098.0
end_to_end_latency,707,34047.0
end_to_end_latency,708,33998.0
end_to_end_latency,709,33948.0
end_to_end_latency,710,33898.0
end_to_end_latency,711,33848.0
end_to_end_latency,712,33796.0
end_to_end_latency,713,33751.0
end_to_end_latency,714,33700.0
end_to_end_latency,715,33651.0
end_to_end_latency,716,33601.0
end_to_end_latency,717,33551.0
end_to_end_latency,718,33501.0
end_to_end_latency,719,33451.0
end_to_end_latency,720,33401.0
end_to_end_latency,721,33351.0
end_to_end_latency,722,33301.0
end_to_end_latency,723,33251.0
end_to_end_latency,724,33200.0
end_to_end_latency,725,33151.0
end_to_end_latency,726,33101.0
end_to_end_latency,727,33052.0
end_to_end_latency,728,33000.0
end_to_end_latency,729,32951.0
end_to_end_latency,730,32901.0
end_to_end_latency,731,32851.0
end_to_end_latency,732,32800.0
end_to_end_latency,733,32751.0
end_to_end_latency,734,32699.0
end_to_end_latency,735,32649.0
end_to_end_latency,736,32600.0
end_to_end_latency,737,32550.0
end_to_end_latency,738,32500.0
end_to_end_latency,739,32451.0
end_to_end_latency,740,32401.0
end_to_end_latency,741,32351.0
end_to_end_latency,742,32300.0
end_to_end_latency,743,32251.0
end_to_end_latency,744,32201.0
end_to_end_latency,745,32152.0
end_to_end_latency,746,32101.0
end_to_end_latency,747,32050.0
end_to_end_latency,748,32002.0
end_to_end_latency,749,31951.0
end_to_end_latency,750,31899.0
end_to_end_latency,751,31851.0
end_to_end_latency,752,31801.0
end_to_end_latency,753,31750.0
end_to_end_latency,754,31702.0
end_to_end_latency,755,31652.0
end_to_end_latency,756,31602.0
end_to_end_latency,757,31551.0
end_to_end_latency,758,31501.0
end_to_end_latency,759,31449.0
end_to_end_latency,760,31400.0
end_to_end_latency,761,31349.0
end_to_end_latency,762,31300.0
end_to_end_latency,763,31249.0
end_to_end_latency,764,31199.0
end_to_end_latency,765,31149.0
end_to_end_latency,766,31099.0
end_to_end_latency,767,31051.0
end_to_end_latency,768,31000.0
end_to_end_latency,769,30951.0
end_to_end_latency,770,30900.0
end_to_end_latency,771,30851.0
end_to_end_latency,772,30801.0
end_to_end_latency,773,30751.0
end_to_end_latency,774,30700.0
end_to_end_latency,775,30650.0
end_to_end_latency,776,30601.0
end_to_end_latency,777,30551.0
end_to_end_latency,778,30501.0
end_to_end_latency,779,30451.0
end_to_end_latency,780,30400.0
end_to_end_latency,781,30352.0
end_to_end_latency,782,30300.0
end_to_end_latency,783,30251.0
end_to_end_latency,784,30200.0
end_to_end_latency,785,30150.0
end_to_end_latency,786,30101.0
end_to_end_latency,787,30050.0
end_to_end_latency,788,30002.0
end_to_end_latency,789,29951.0
end_to_end_latency,790,29900.0
end_to_end_latency,791,29850.0
end_to_end_latency,792,29801.0
end_to_end_latency,793,29749.0
end_to_end_latency,794,29699.0
end_to_end_latency,795,29650.0
end_to_end_latency,796,29599.0
end_to_end_latency,797,29549.0
end_to_end_latency,798,29499.0
end_to_end_latency,799,29449.0
end_to_end_latency,800,29402.0
end_to_end_latency,801,29352.0
end_to_end_latency,802,29303.0
end_to_end_latency,803,29251.0
end_to_end_latency,804,29201.0
end_to_end_latency,805,29153.0
end_to_end_latency,806,29102.0
end_to_end_latency,807,29053.0
end_to_end_latency,808,29002.0
end_to_end_latency,809,28952.0
end_to_end_latency,932,22805.0
end_to_end_latency,933,22756.0
end_to_end_latency,934,22704.0
end_to_end_latency,935,22654.0
end_to_end_latency,936,22606.0
end_to_end_latency,937,22555.0
end_to_end_latency,938,22506.0
end_to_end_latency,939,22455.0
end_to_end_latency,940,22406.0
end_to_end_latency,941,22354.0
end_to_end_latency,942,22304.0
end_to_end_latency,943,22256.0
end_to_end_latency,944,22206.0
end_to_end_latency,945,22155.0
end_to_end_latency,946,22105.0
end_to_end_latency,947,22054.0
end_to_end_latency,948,22005.0
end_to_end_latency,949,21955.0
end_to_end_latency,950,21905.0
end_to_end_latency,951,21855.0
end_to_end_latency,952,21804.0
end_to_end_latency,953,21755.0
end_to_end_latency,954,21704.0
end_to_end_latency,955,21656.0
end_to_end_latency,956,21606.0
end_to_end_latency,957,21554.0
end_to_end_latency,958,21505.0
end_to_end_latency,959,21454.0
end_to_end_latency,960,21404.0
end_to_end_latency,961,21354.0
end_to_end_latency,962,21305.0
end_to_end_latency,963,21254.0
end_to_end_latency,964,21205.0
end_to_end_latency,965,21155.0
end_to_end_latency,966,21105.0
end_to_end_latency,967,21054.0
end_to_end_latency,968,21005.0
end_to_end_latency,969,20955.0
end_to_end_latency,970,20906.0
end_to_end_latency,971,20856.0
end_to_end_latency,972,20805.0
end_to_end_latency,973,20755.0
end_to_end_latency,974,20705.0
end_to_end_latency,975,20655.0
end_to_end_latency,976,20606.0
end_to_end_latency,977,20555.0
end_to_end_latency,978,20504.0
end_to_end_latency,979,20456.0
end_to_end_latency,980,20405.0
end_to_end_latency,981,20355.0
end_to_end_latency,982,20306.0
end_to_end_latency,983,20254.0
end_to_end_latency,984,20205.0
end_to_end_latency,985,20154.0
end_to_end_latency,986,20105.0
end_to_end_latency,987,20055.0
end_to_end_latency,988,20004.0
end_to_end_latency,989,19955.0
end_to_end_latency,990,19905.0
end_to_end_latency,991,19855.0
end_to_end_latency,992,19804.0
end_to_end_latency,993,19755.0
end_to_end_latency,994,19705.0
end_to_end_latency,995,19655.0
end_to_end_latency,996,19605.0
end_to_end_latency,997,19556.0
end_to_end_latency,998,19505.0
end_to_end_latency,999,19455.0
end_to_end_latency,1000,19405.0
end_to_end_latency,1001,19353.0
end_to_end_latency,1002,19305.0
end_to_end_latency,1003,19255.0
end_to_end_latency,1004,19205.0
end_to_end_latency,1005,19154.0
end_to_end_latency,1006,19105.0
end_to_end_latency,1007,19054.0
end_to_end_latency,1008,19005.0
end_to_end_latency,1009,18953.0
end_to_end_latency,1010,18905.0
end_to_end_latency,1011,18854.0
end_to_end_latency,1012,18806.0
end_to_end_latency,1013,18756.0
end_to_end_latency,1014,18706.0
end_to_end_latency,1015,18655.0
end_to_end_latency,1016,18605.0
end_to_end_latency,1017,18555.0
end_to_end_latency,1018,18505.0
end_to_end_latency,1019,18455.0
end_to_end_latency,1020,18405.0
end_to_end_latency,1021,18356.0
end_to_end_latency,1022,18305.0
end_to_end_latency,1023,18255.0
end_to_end_latency,1024,18206.0
end_to_end_latency,1025,18155.0
end_to_end_latency,1026,18105.0
end_to_end_latency,1027,18054.0
end_to_end_latency,1028,18005.0
end_to_end_latency,1029,17956.0
end_to_end_latency,1030,17906.0
end_to_end_latency,1031,17855.0
end_to_end_latency,1032,17805.0
end_to_end_latency,1033,17755.0
end_to_end_latency,1034,17705.0
end_to_end_latency,1035,17655.0
end_to_end_latency,1036,17604.0
end_to_end_latency,1037,17555.0
end_to_end_latency,1038,17505.0
end_to_end_latency,1039,17456.0
end_to_end_latency,1040,17405.0
end_to_end_latency,1041,17356.0
end_to_end_latency,1042,17306.0
end_to_end_latency,1043,17255.0
end_to_end_latency,1044,17206.0
end_to_end_latency,1045,17155.0
end_to_end_latency,1046,17106.0
end_to_end_latency,1047,17055.0
end_to_end_latency,1048,17004.0
end_to_end_latency,1049,16956.0
end_to_end_latency,1050,16905.0
end_to_end_latency,1051,16855.0
end_to_end_latency,1052,16804.0
end_to_end_latency,1053,16755.0
end_to_end_latency,1054,16706.0
end_to_end_latency,1055,16655.0
end_to_end_latency,1056,16605.0
end_to_end_latency,1057,16555.0
end_to_end_latency,1175,10656.0
end_to_end_latency,1176,10606.0
end_to_end_latency,1177,10556.0
end_to_end_latency,1178,10506.0
end_to_end_latency,1179,10456.0
end_to_end_latency,1180,10406.0
end_to_end_latency,1181,10356.0
end_to_end_latency,1182,10306.0
end_to_end_latency,1183,10257.0
end_to_end_latency,1184,10206.0
end_to_end_latency,1185,10156.0
end_to_end_latency,1186,10106.0
end_to_end_latency,1187,10056.0
end_to_end_latency,1188,29954.0
end_to_end_latency,1189,29903.0
end_to_end_latency,1190,29853.0
end_to_end_latency,1191,29803.0
end_to_end_latency,1192,29753.0
end_to_end_latency,1193,29703.0
end_to_end_latency,1194,29653.0
end_to_end_latency,1195,29603.0
end_to_end_latency,1196,29553.0
end_to_end_latency,1197,29502.0
end_to_end_latency,1198,29453.0
end_to_end_latency,1199,29402.0
end_to_end_latency,1200,29352.0
end_to_end_latency,1201,29302.0
end_to_end_latency,1202,29253.0
end_to_end_latency,1203,29203.0
end_to_end_latency,1204,29154.0
end_to_end_latency,1205,29103.0
end_to_end_latency,1206,29053.0
end_to_end_latency,1207,29003.0
end_to_end_latency,1208,28953.0
end_to_end_latency,1209,28904.0
end_to_end_latency,1210,28853.0
end_to_end_latency,1211,28803.0
end_to_end_latency,1212,28753.0
end_to_end_latency,1213,28703.0
end_to_end_latency,1214,28653.0
end_to_end_latency,1215,28603.0
end_to_end_latency,1216,28553.0
end_to_end_latency,1217,28503.0
end_to_end_latency,1218,28453.0
end_to_end_latency,1219,28403.0
end_to_end_latency,1220,28352.0
end_to_end_latency,1221,28302.0
end_to_end_latency,1222,28252.0
end_to_end_latency,1223,28203.0
end_to_end_latency,1224,28152.0
end_to_end_latency,1225,28103.0
end_to_end_latency,1226,28053.0
end_to_end_latency,1227,28003.0
end_to_end_latency,1228,27953.0
end_to_end_latency,1229,27903.0
end_to_end_latency,1230,27852.0
end_to_end_latency,1231,27804.0
end_to_end_latency,1232,27753.0
end_to_end_latency,1233,27703.0
end_to_end_latency,1234,27653.0
end_to_end_latency,1235,27602.0
end_to_end_latency,1236,27552.0
end_to_end_latency,1237,27502.0
end_to_end_latency,1238,27452.0
end_to_end_latency,1239,27402.0
end_to_end_latency,1240,27353.0
end_to_end_latency,1241,27303.0
end_to_end_latency,1242,27252.0
end_to_end_latency,1243,27202.0
end_to_end_latency,1244,27153.0
end_to_end_latency,1245,27103.0
end_to_end_latency,1246,27053.0
end_to_end_latency,1247,27004.0
end_to_end_latency,1248,26953.0
end_to_end_latency,1249,26903.0
end_to_end_latency,1250,26853.0
end_to_end_latency,1251,26803.0
end_to_end_latency,1252,26753.0
end_to_end_latency,1253,26703.0
end_to_end_latency,1254,26654.0
end_to_end_latency,1255,26603.0
end_to_end_latency,1256,26553.0
end_to_end_latency,1257,26503.0
end_to_end_latency,1258,26453.0
end_to_end_latency,1259,26403.0
end_to_end_latency,1260,26353.0
end_to_end_latency,1261,26303.0
end_to_end_latency,1262,26253.0
end_to_end_latency,1263,26203.0
end_to_end_latency,1264,26154.0
end_to_end_latency,1265,26103.0
end_to_end_latency,1266,26053.0
end_to_end_latency,1267,26003.0
end_to_end_latency,1268,25952.0
end_to_end_latency,1269,25902.0
end_to_end_latency,1270,25852.0
end_to_end_latency,1271,25802.0
end_to_end_latency,1272,25754.0
end_to_end_latency,1273,25703.0
end_to_end_latency,1274,25652.0
end_to_end_latency,1275,25603.0
end_to_end_latency,1276,25553.0
end_to_end_latency,1277,25502.0
end_to_end_latency,1278,25452.0
end_to_end_latency,1279,25402.0
end_to_end_latency,1280,25353.0
end_to_end_latency,1281,25303.0
end_to_end_latency,1282,25253.0
end_to_end_latency,1283,25203.0
end_to_end_latency,1284,25153.0
end_to_end_latency,1285,25103.0
end_to_end_latency,0,1708.0
end_to_end_latency,4,2172.0
end_to_end_latency,5,2123.0
end_to_end_latency,6,2073.0
end_to_end_latency,7,2023.0
end_to_end_latency,8,1973.0
end_to_end_latency,9,1923.0
end_to_end_latency,10,1872.0
end_to_end_latency,11,1822.0
end_to_end_latency,12,1772.0
end_to_end_latency,13,1723.0
end_to_end_latency,14,1672.0
end_to_end_latency,15,1622.0
end_to_end_latency,16,1573.0
end_to_end_latency,17,1522.0
end_to_end_latency,18,1473.0
end_to_end_latency,19,1422.0
end_to_end_latency,20,1372.0
end_to_end_latency,21,1323.0
end_to_end_latency,27,1552.0
end_to_end_latency,28,1501.0
end_to_end_latency,29,1452.0
end_to_end_latency,30,1403.0
end_to_end_latency,31,1353.0
end_to_end_latency,32,1302.0
end_to_end_latency,33,1253.0
end_to_end_latency,34,1202.0
end_to_end_latency,37,1561.0
end_to_end_latency,38,1728.0
end_to_end_latency,39,1678.0
end_to_end_latency,51,1594.0
end_to_end_latency,52,1543.0
end_to_end_latency,53,1494.0
end_to_end_latency,54,1444.0
end_to_end_latency,55,1393.0
end_to_end_latency,56,1343.0
end_to_end_latency,57,1294.0
end_to_end_latency,58,1244.0
end_to_end_latency,59,1193.0
end_to_end_latency,60,1143.0
end_to_end_latency,61,1093.0
end_to_end_latency,62,1043.0
end_to_end_latency,63,993.0
end_to_end_latency,69,1520.0
end_to_end_latency,70,1471.0
end_to_end_latency,71,1421.0
end_to_end_latency,72,1371.0
end_to_end_latency,73,1320.0
end_to_end_latency,74,1271.0
end_to_end_latency,75,1222.0
end_to_end_latency,76,1171.0
end_to_end_latency,78,1633.0
end_to_end_latency,79,1582.0
end_to_end_latency,80,1533.0
end_to_end_latency,81,1482.0
end_to_end_latency,82,1432.0
end_to_end_latency,83,1383.0
end_to_end_latency,84,1332.0
end_to_end_latency,85,1283.0
end_to_end_latency,86,1234.0
end_to_end_latency,89,1433.0
end_to_end_latency,90,1382.0
end_to_end_latency,91,1333.0
end_to_end_latency,92,1282.0
end_to_end_latency,93,1232.0
end_to_end_latency,94,1182.0
end_to_end_latency,95,1132.0
end_to_end_latency,96,1614.0
end_to_end_latency,101,1365.0
end_to_end_latency,102,1314.0
end_to_end_latency,103,1265.0
end_to_end_latency,104,1215.0
end_to_end_latency,105,1165.0
end_to_end_latency,106,1116.0
end_to_end_latency,107,2255.0
end_to_end_latency,108,2204.0
end_to_end_latency,109,2154.0
end_to_end_latency,110,2106.0
end_to_end_latency,111,2056.0
end_to_end_latency,112,2006.0
end_to_end_latency,113,1955.0
end_to_end_latency,114,1906.0
end_to_end_latency,115,1855.0
end_to_end_latency,116,1804.0
end_to_end_latency,117,1754.0
end_to_end_latency,132,1568.0
end_to_end_latency,133,1518.0
end_to_end_latency,134,1467.0
end_to_end_latency,135,1417.0
end_to_end_latency,136,1367.0
end_to_end_latency,137,1318.0
end_to_end_latency,138,1268.0
end_to_end_latency,141,1505.0
end_to_end_latency,142,1454.0
end_to_end_latency,143,1404.0
end_to_end_latency,144,1354.0
end_to_end_latency,145,1304.0
end_to_end_latency,146,1254.0
end_to_end_latency,147,1206.0
end_to_end_latency,148,1155.0
end_to_end_latency,153,1251.0
end_to_end_latency,154,1201.0
end_to_end_latency,155,1152.0
end_to_end_latency,156,1102.0
end_to_end_latency,157,1053.0
end_to_end_latency,158,1002.0
end_to_end_latency,163,1324.0
end_to_end_latency,164,1274.0
end_to_end_latency,165,1224.0
end_to_end_latency,166,1174.0
end_to_end_latency,167,1124.0
end_to_end_latency,168,1075.0
end_to_end_latency,169,1025.0
end_to_end_latency,170,975.0
end_to_end_latency,171,924.0
end_to_end_latency,175,1416.0
end_to_end_latency,176,1365.0
end_to_end_latency,177,1316.0
end_to_end_latency,178,1266.0
end_to_end_latency,179,1215.0
end_to_end_latency,180,1165.0
end_to_end_latency,181,1115.0
end_to_end_latency,182,1065.0
end_to_end_latency,185,1474.0
end_to_end_latency,186,1424.0
end_to_end_latency,187,1374.0
end_to_end_latency,188,1324.0
end_to_end_latency,189,1275.0
end_to_end_latency,190,1224.0
end_to_end_latency,191,1173.0
end_to_end_latency,192,1124.0
end_to_end_latency,197,1579.0
end_to_end_latency,198,1529.0
end_to_end_latency,199,1479.0
end_to_end_latency,200,1429.0
end_to_end_latency,201,1379.0
end_to_end_latency,202,1330.0
end_to_end_latency,203,1279.0
end_to_end_latency,208,1264.0
end_to_end_latency,209,1214.0
end_to_end_latency,210,1163.0
end_to_end_latency,211,1113.0
end_to_end_latency,212,1063.0
end_to_end_latency,213,1015.0
end_to_end_latency,214,964.0
end_to_end_latency,218,1252.0
end_to_end_latency,219,1202.0
end_to_end_latency,220,1152.0
end_to_end_latency,221,1102.0
end_to_end_latency,222,1052.0
end_to_end_latency,223,1003.0
end_to_end_latency,224,952.0
end_to_end_latency,225,902.0
end_to_end_latency,229,1325.0
end_to_end_latency,230,1276.0
end_to_end_latency,231,1226.0
end_to_end_latency,232,1175.0
end_to_end_latency,233,1125.0
end_to_end_latency,234,1076.0
end_to_end_latency,241,1425.0
end_to_end_latency,242,1377.0
end_to_end_latency,243,1326.0
end_to_end_latency,244,1277.0
end_to_end_latency,245,1226.0
end_to_end_latency,246,1177.0
end_to_end_latency,249,1683.0
end_to_end_latency,250,1634.0
end_to_end_latency,251,1583.0
end_to_end_latency,252,1533.0
end_to_end_latency,253,1484.0
end_to_end_latency,266,2145.0
end_to_end_latency,267,2095.0
end_to_end_latency,280,1445.0
end_to_end_latency,281,1395.0
end_to_end_latency,282,2555.0
end_to_end_latency,283,2506.0
end_to_end_latency,284,2456.0
end_to_end_latency,285,2405.0
end_to_end_latency,286,2355.0
end_to_end_latency,287,2306.0
end_to_end_latency,288,2255.0
end_to_end_latency,289,2205.0
end_to_end_latency,290,2156.0
end_to_end_latency,291,2105.0
end_to_end_latency,292,2055.0
end_to_end_latency,293,2005.0
end_to_end_latency,294,1955.0
end_to_end_latency,295,1905.0
end_to_end_latency,296,1855.0
end_to_end_latency,297,1804.0
end_to_end_latency,298,1754.0
end_to_end_latency,299,1704.0
end_to_end_latency,300,2895.0
end_to_end_latency,301,2846.0
end_to_end_latency,302,2795.0
end_to_end_latency,303,2746.0
end_to_end_latency,304,2695.0
end_to_end_latency,305,2645.0
end_to_end_latency,306,2595.0
end_to_end_latency,307,2545.0
end_to_end_latency,308,2494.0
end_to_end_latency,309,2444.0
end_to_end_latency,310,2394.0
end_to_end_latency,311,2344.0
end_to_end_latency,312,2295.0
end_to_end_latency,313,2245.0
end_to_end_latency,314,2195.0
end_to_end_latency,315,2145.0
end_to_end_latency,316,4707.0
end_to_end_latency,317,4656.0
end_to_end_latency,318,4606.0
end_to_end_latency,319,4557.0
end_to_end_latency,320,4506.0
end_to_end_latency,321,4456.0
end_to_end_latency,322,4407.0
end_to_end_latency,323,4356.0
end_to_end_latency,324,4307.0
end_to_end_latency,325,4256.0
end_to_end_latency,326,4206.0
end_to_end_latency,327,4156.0
end_to_end_latency,328,4106.0
end_to_end_latency,329,4056.0
end_to_end_latency,330,4007.0
end_to_end_latency,331,3956.0
end_to_end_latency,332,3906.0
end_to_end_latency,333,3857.0
end_to_end_latency,334,3806.0
end_to_end_latency,335,3756.0
end_to_end_latency,336,3706.0
end_to_end_latency,337,3655.0
end_to_end_latency,338,3606.0
end_to_end_latency,339,3555.0
end_to_end_latency,340,3505.0
end_to_end_latency,341,3456.0
end_to_end_latency,342,3407.0
end_to_end_latency,361,8537.0
end_to_end_latency,362,8486.0
end_to_end_latency,363,8436.0
end_to_end_latency,364,8386.0
end_to_end_latency,365,8336.0
end_to_end_latency,366,8286.0
end_to_end_latency,367,8236.0
end_to_end_latency,368,8186.0
end_to_end_latency,369,8137.0
end_to_end_latency,370,8085.0
end_to_end_latency,371,8035.0
end_to_end_latency,372,7986.0
end_to_end_latency,373,7935.0
end_to_end_latency,374,7886.0
end_to_end_latency,375,7836.0
end_to_end_latency,376,7787.0
end_to_end_latency,391,7038.0
end_to_end_latency,392,6988.0
end_to_end_latency,393,6938.0
end_to_end_latency,394,6888.0
end_to_end_latency,395,6839.0
end_to_end_latency,396,6788.0
end_to_end_latency,397,6738.0
end_to_end_latency,398,6688.0
end_to_end_latency,399,6638.0
end_to_end_latency,400,6589.0
end_to_end_latency,401,6538.0
end_to_end_latency,402,6488.0
end_to_end_latency,403,6438.0
end_to_end_latency,404,6388.0
end_to_end_latency,405,6338.0
end_to_end_latency,406,6289.0
end_to_end_latency,407,6238.0
end_to_end_latency,408,6188.0
end_to_end_latency,409,6138.0
end_to_end_latency,410,6088.0
end_to_end_latency,411,6038.0
end_to_end_latency,412,5989.0
end_to_end_latency,413,5938.0
end_to_end_latency,414,5888.0
end_to_end_latency,415,5839.0
end_to_end_latency,416,5788.0
end_to_end_latency,453,8480.0
end_to_end_latency,454,8430.0
end_to_end_latency,455,8380.0
end_to_end_latency,456,8331.0
end_to_end_latency,457,8280.0
end_to_end_latency,458,8229.0
end_to_end_latency,459,8179.0
end_to_end_latency,460,8130.0
end_to_end_latency,461,8080.0
end_to_end_latency,462,8029.0
end_to_end_latency,463,7979.0
end_to_end_latency,464,7929.0
end_to_end_latency,465,7879.0
end_to_end_latency,466,7829.0
end_to_end_latency,467,7779.0
end_to_end_latency,468,7731.0
end_to_end_latency,469,7682.0
end_to_end_latency,470,7631.0
end_to_end_latency,471,7581.0
end_to_end_latency,472,7531.0
end_to_end_latency,473,7481.0
end_to_end_latency,474,7432.0
end_to_end_latency,475,7381.0
end_to_end_latency,476,7330.0
end_to_end_latency,477,7281.0
end_to_end_latency,478,7231.0
end_to_end_latency,479,7182.0
end_to_end_latency,480,7131.0
end_to_end_latency,481,7081.0
end_to_end_latency,482,7031.0
end_to_end_latency,483,6981.0
end_to_end_latency,484,6931.0
end_to_end_latency,485,6881.0
end_to_end_latency,486,6831.0
end_to_end_latency,487,6781.0
end_to_end_latency,488,6731.0
end_to_end_latency,489,6682.0
end_to_end_latency,490,6631.0
end_to_end_latency,547,6916.0
end_to_end_latency,548,6867.0
end_to_end_latency,549,6817.0
end_to_end_latency,550,6767.0
end_to_end_latency,551,6717.0
end_to_end_latency,552,6667.0
end_to_end_latency,553,6615.0
end_to_end_latency,554,6565.0
end_to_end_latency,555,6516.0
end_to_end_latency,556,6466.0
end_to_end_latency,557,6416.0
end_to_end_latency,558,6367.0
end_to_end_latency,559,6317.0
end_to_end_latency,560,6267.0
end_to_end_latency,561,6217.0
end_to_end_latency,562,6165.0
end_to_end_latency,563,6117.0
end_to_end_latency,564,6066.0
end_to_end_latency,565,6017.0
end_to_end_latency,665,36264.0
end_to_end_latency,666,36216.0
end_to_end_latency,667,36166.0
end_to_end_latency,668,36116.0
end_to_end_latency,669,36066.0
end_to_end_latency,670,36016.0
end_to_end_latency,671,35964.0
end_to_end_latency,672,35914.0
end_to_end_latency,673,35864.0
end_to_end_latency,674,35816.0
end_to_end_latency,675,35766.0
end_to_end_latency,676,35713.0
end_to_end_latency,677,35666.0
end_to_end_latency,678,35616.0
end_to_end_latency,679,35564.0
end_to_end_latency,680,35514.0
end_to_end_latency,681,35465.0
end_to_end_latency,682,35415.0
end_to_end_latency,683,35365.0
end_to_end_latency,684,35316.0
end_to_end_latency,685,35266.0
end_to_end_latency,686,35215.0
end_to_end_latency,687,35165.0
end_to_end_latency,688,35115.0
end_to_end_latency,689,35066.0
end_to_end_latency,690,35016.0
end_to_end_latency,691,34965.0
end_to_end_latency,692,34914.0
end_to_end_latency,693,34865.0
end_to_end_latency,694,34816.0
end_to_end_latency,695,34766.0
end_to_end_latency,696,34716.0
end_to_end_latency,697,34666.0
end_to_end_latency,698,34615.0
end_to_end_latency,699,34566.0
end_to_end_latency,700,34516.0
end_to_end_latency,701,34466.0
end_to_end_latency,702,34416.0
end_to_end_latency,703,34366.0
end_to_end_latency,704,34315.0
end_to_end_latency,705,34266.0
end_to_end_latency,706,34216.0
end_to_end_latency,707,34166.0
end_to_end_latency,708,34116.0
end_to_end_latency,709,34066.0
end_to_end_latency,710,34015.0
end_to_end_latency,711,33966.0
end_to_end_latency,712,33916.0
end_to_end_latency,713,33866.0
end_to_end_latency,714,33816.0
end_to_end_latency,715,33765.0
end_to_end_latency,716,33714.0
end_to_end_latency,717,33664.0
end_to_end_latency,718,33613.0
end_to_end_latency,719,33565.0
end_to_end_latency,720,33515.0
end_to_end_latency,721,33464.0
end_to_end_latency,722,33416.0
end_to_end_latency,723,33366.0
end_to_end_latency,724,33316.0
end_to_end_latency,725,33266.0
end_to_end_latency,726,33216.0
end_to_end_latency,727,33165.0
end_to_end_latency,728,33116.0
end_to_end_latency,729,33066.0
end_to_end_latency,730,33014.0
end_to_end_latency,731,32968.0
end_to_end_latency,732,32919.0
end_to_end_latency,733,32868.0
end_to_end_latency,734,32819.0
end_to_end_latency,735,32770.0
end_to_end_latency,736,32720.0
end_to_end_latency,737,32668.0
end_to_end_latency,738,32619.0
end_to_end_latency,739,32568.0
end_to_end_latency,740,32518.0
end_to_end_latency,741,32469.0
end_to_end_latency,742,32420.0
end_to_end_latency,743,32370.0
end_to_end_latency,744,32320.0
end_to_end_latency,745,32268.0
end_to_end_latency,746,32217.0
end_to_end_latency,747,32168.0
end_to_end_latency,748,32120.0
end_to_end_latency,749,32069.0
end_to_end_latency,750,32020.0
end_to_end_latency,751,31970.0
end_to_end_latency,752,31920.0
end_to_end_latency,753,31870.0
end_to_end_latency,754,31820.0
end_to_end_latency,755,31769.0
end_to_end_latency,756,31719.0
end_to_end_latency,757,31667.0
end_to_end_latency,758,31619.0
end_to_end_latency,759,31570.0
end_to_end_latency,760,31519.0
end_to_end_latency,761,31470.0
end_to_end_latency,762,31419.0
end_to_end_latency,763,31370.0
end_to_end_latency,764,31320.0
end_to_end_latency,765,31269.0
end_to_end_latency,766,31220.0
end_to_end_latency,767,31169.0
end_to_end_latency,768,31120.0
end_to_end_latency,769,31070.0
end_to_end_latency,770,31020.0
end_to_end_latency,771,30970.0
end_to_end_latency,772,30920.0
end_to_end_latency,773,30869.0
end_to_end_latency,774,30820.0
end_to_end_latency,775,30770.0
end_to_end_latency,776,30719.0
end_to_end_latency,777,30670.0
end_to_end_latency,778,30620.0
end_to_end_latency,779,30569.0
end_to_end_latency,780,30518.0
end_to_end_latency,781,30470.0
end_to_end_latency,782,30418.0
end_to_end_latency,783,30369.0
end_to_end_latency,784,30320.0
end_to_end_latency,785,30269.0
end_to_end_latency,786,30220.0
end_to_end_latency,787,30170.0
end_to_end_latency,788,30119.0
end_to_end_latency,789,30070.0
end_to_end_latency,790,30020.0
end_to_end_latency,791,29970.0
end_to_end_latency,792,29919.0
end_to_end_latency,793,29869.0
end_to_end_latency,794,29819.0
end_to_end_latency,795,29769.0
end_to_end_latency,796,29720.0
end_to_end_latency,797,29669.0
end_to_end_latency,798,29618.0
end_to_end_latency,799,29570.0
end_to_end_latency,800,29521.0
end_to_end_latency,801,29471.0
end_to_end_latency,802,29420.0
end_to_end_latency,803,29371.0
end_to_end_latency,804,29321.0
end_to_end_latency,805,29271.0
end_to_end_latency,806,29221.0
end_to_end_latency,807,29171.0
end_to_end_latency,808,29120.0
end_to_end_latency,809,29071.0
end_to_end_latency,810,29021.0
end_to_end_latency,811,28970.0
end_to_end_latency,812,28921.0
end_to_end_latency,813,28871.0
end_to_end_latency,814,28821.0
end_to_end_latency,924,23322.0
end_to_end_latency,925,23271.0
end_to_end_latency,926,23222.0
end_to_end_latency,927,23172.0
end_to_end_latency,928,23122.0
end_to_end_latency,929,23071.0
end_to_end_latency,930,23022.0
end_to_end_latency,931,22971.0
end_to_end_latency,932,22922.0
end_to_end_latency,933,22872.0
end_to_end_latency,934,22821.0
end_to_end_latency,935,22772.0
end_to_end_latency,936,22722.0
end_to_end_latency,937,22672.0
end_to_end_latency,938,22621.0
end_to_end_latency,939,22572.0
end_to_end_latency,940,22522.0
end_to_end_latency,941,22472.0
end_to_end_latency,942,22421.0
end_to_end_latency,943,22372.0
end_to_end_latency,944,22324.0
end_to_end_latency,945,22274.0
end_to_end_latency,946,22223.0
end_to_end_latency,947,22174.0
end_to_end_latency,948,22123.0
end_to_end_latency,949,22075.0
end_to_end_latency,950,22023.0
end_to_end_latency,951,21974.0
end_to_end_latency,952,21923.0
end_to_end_latency,953,21874.0
end_to_end_latency,954,21825.0
end_to_end_latency,955,21774.0
end_to_end_latency,956,21725.0
end_to_end_latency,957,21674.0
end_to_end_latency,958,21625.0
end_to_end_latency,959,21573.0
end_to_end_latency,960,21524.0
end_to_end_latency,961,21474.0
end_to_end_latency,962,21424.0
end_to_end_latency,963,21373.0
end_to_end_latency,964,21324.0
end_to_end_latency,965,21275.0
end_to_end_latency,966,21223.0
end_to_end_latency,967,21174.0
end_to_end_latency,968,21123.0
end_to_end_latency,969,21074.0
end_to_end_latency,970,21023.0
end_to_end_latency,971,20975.0
end_to_end_latency,972,20923.0
end_to_end_latency,973,20873.0
end_to_end_latency,974,20824.0
end_to_end_latency,975,20774.0
end_to_end_latency,976,20724.0
end_to_end_latency,977,20674.0
end_to_end_latency,978,20624.0
end_to_end_latency,979,20574.0
end_to_end_latency,980,20523.0
end_to_end_latency,981,20473.0
end_to_end_latency,982,20423.0
end_to_end_latency,983,20374.0
end_to_end_latency,984,20323.0
end_to_end_latency,985,20274.0
end_to_end_latency,986,20223.0
end_to_end_latency,987,20174.0
end_to_end_latency,988,20125.0
end_to_end_latency,989,20074.0
end_to_end_latency,990,20024.0
end_to_end_latency,991,19974.0
end_to_end_latency,992,19924.0
end_to_end_latency,993,19875.0
end_to_end_latency,994,19824.0
end_to_end_latency,995,19775.0
end_to_end_latency,996,19723.0
end_to_end_latency,997,19673.0
end_to_end_latency,998,19624.0
end_to_end_latency,999,19573.0
end_to_end_latency,1000,19525.0
end_to_end_latency,1001,19475.0
end_to_end_latency,1002,19423.0
end_to_end_latency,1003,19374.0
end_to_end_latency,1004,19323.0
end_to_end_latency,1005,19274.0
end_to_end_latency,1006,19224.0
end_to_end_latency,1007,19173.0
end_to_end_latency,1008,19124.0
end_to_end_latency,1009,19074.0
end_to_end_latency,1010,19025.0
end_to_end_latency,1011,18974.0
end_to_end_latency,1012,18924.0
end_to_end_latency,1013,18873.0
end_to_end_latency,1014,18824.0
end_to_end_latency,1015,18773.0
end_to_end_latency,1016,18724.0
end_to_end_latency,1017,18674.0
end_to_end_latency,1018,18623.0
end_to_end_latency,1019,18574.0
end_to_end_latency,1020,18523.0
end_to_end_latency,1021,18474.0
end_to_end_latency,1022,18425.0
end_to_end_latency,1023,18372.0
end_to_end_latency,1024,18324.0
end_to_end_latency,1025,18273.0
end_to_end_latency,1026,18223.0
end_to_end_latency,1027,18173.0
end_to_end_latency,1028,18124.0
end_to_end_latency,1029,18074.0
end_to_end_latency,1030,18022.0
end_to_end_latency,1031,17974.0
end_to_end_latency,1032,17923.0
end_to_end_latency,1033,17873.0
end_to_end_latency,1034,17824.0
end_to_end_latency,1035,17773.0
end_to_end_latency,1036,17723.0
end_to_end_latency,1037,17673.0
end_to_end_latency,1038,17623.0
end_to_end_latency,1039,17574.0
end_to_end_latency,1040,17523.0
end_to_end_latency,1041,17474.0
end_to_end_latency,1042,17423.0
end_to_end_latency,1043,17373.0
end_to_end_latency,1044,17324.0
end_to_end_latency,1045,17274.0
end_to_end_latency,1046,17224.0
end_to_end_latency,1047,17174.0
end_to_end_latency,1048,17123.0
end_to_end_latency,1049,17074.0
end_to_end_latency,1050,17023.0
end_to_end_latency,1051,16974.0
end_to_end_latency,1052,16924.0
end_to_end_latency,1053,16873.0
end_to_end_latency,1054,16825.0
end_to_end_latency,1055,16774.0
end_to_end_latency,1056,16723.0
end_to_end_latency,1057,16673.0
end_to_end_latency,1058,16575.0
end_to_end_latency,1183,30319.0
end_to_end_latency,1184,30269.0
end_to_end_latency,1185,30218.0
end_to_end_latency,1186,30169.0
end_to_end_latency,1187,30119.0
end_to_end_latency,1188,30069.0
end_to_end_latency,1189,30019.0
end_to_end_latency,1190,29969.0
end_to_end_latency,1191,29920.0
end_to_end_latency,1192,29869.0
end_to_end_latency,1193,29819.0
end_to_end_latency,1194,29770.0
end_to_end_latency,1195,29718.0
end_to_end_latency,1196,29668.0
end_to_end_latency,1197,29619.0
end_to_end_latency,1198,29569.0
end_to_end_latency,1199,29519.0
end_to_end_latency,1200,29470.0
end_to_end_latency,1201,29419.0
end_to_end_latency,1202,29369.0
end_to_end_latency,1203,29319.0
end_to_end_latency,1204,29267.0
end_to_end_latency,1205,29219.0
end_to_end_latency,1206,29169.0
end_to_end_latency,1207,29119.0
end_to_end_latency,1208,29069.0
end_to_end_latency,1209,29019.0
end_to_end_latency,1210,28972.0
end_to_end_latency,1211,28921.0
end_to_end_latency,1212,28871.0
end_to_end_latency,1213,28821.0
end_to_end_latency,1214,28771.0
end_to_end_latency,1215,28721.0
end_to_end_latency,1216,28671.0
end_to_end_latency,1217,28621.0
end_to_end_latency,1218,28571.0
end_to_end_latency,1219,28521.0
end_to_end_latency,1220,28472.0
end_to_end_latency,1221,28421.0
end_to_end_latency,1222,28370.0
end_to_end_latency,1223,28320.0
end_to_end_latency,1224,28270.0
end_to_end_latency,1225,28221.0
end_to_end_latency,1226,28171.0
end_to_end_latency,1227,28121.0
end_to_end_latency,1228,28071.0
end_to_end_latency,1229,28021.0
end_to_end_latency,1230,27972.0
end_to_end_latency,1231,27921.0
end_to_end_latency,1232,27870.0
end_to_end_latency,1233,27821.0
end_to_end_latency,1234,27770.0
end_to_end_latency,1235,27720.0
end_to_end_latency,1236,27670.0
end_to_end_latency,1237,27620.0
end_to_end_latency,1238,27570.0
end_to_end_latency,1239,27520.0
end_to_end_latency,1240,27470.0
end_to_end_latency,1241,27420.0
end_to_end_latency,1242,27371.0
end_to_end_latency,1243,27321.0
end_to_end_latency,1244,27271.0
end_to_end_latency,1245,27221.0
end_to_end_latency,1246,27171.0
end_to_end_latency,1247,27120.0
end_to_end_latency,1248,27070.0
end_to_end_latency,1249,27020.0
end_to_end_latency,1250,26970.0
end_to_end_latency,1251,26920.0
end_to_end_latency,1252,26870.0
end_to_end_latency,1253,26821.0
end_to_end_latency,1254,26771.0
end_to_end_latency,1255,26720.0
end_to_end_latency,1256,26670.0
end_to_end_latency,1257,26620.0
end_to_end_latency,1258,26570.0
end_to_end_latency,1259,26520.0
end_to_end_latency,1260,26471.0
end_to_end_latency,1261,26421.0
end_to_end_latency,1262,26371.0
end_to_end_latency,1263,26322.0
end_to_end_latency,1264,26271.0
end_to_end_latency,1265,26221.0
end_to_end_latency,1266,26171.0
end_to_end_latency,1267,26120.0
end_to_end_latency,1268,26070.0
end_to_end_latency,1269,26021.0
end_to_end_latency,1270,25970.0
end_to_end_latency,1271,25920.0
end_to_end_latency,1272,25870.0
end_to_end_latency,1273,25820.0
end_to_end_latency,1274,25770.0
end_to_end_latency,1275,25720.0
end_to_end_latency,1276,25670.0
end_to_end_latency,1277,25620.0
end_to_end_latency,1278,25570.0
end_to_end_latency,1279,25521.0
end_to_end_latency,1280,25471.0
end_to_end_latency,1281,25421.0
end_to_end_latency,1282,25371.0
end_to_end_latency,1283,25321.0
end_to_end_latency,1284,25271.0
end_to_end_latency,1285,25221.0
end_to_end_latency,1286,25171.0
end_to_end_latency,1287,25121.0
end_to_end_latency,1288,25071.0
end_to_end_latency,1289,25021.0
end_to_end_latency,1290,24971.0
end_to_end_latency,1291,24921.0
end_to_end_latency,1292,24871.0
end_to_end_latency,1293,24820.0
end_to_end_latency,1294,24771.0
end_to_end_latency,1295,24721.0
end_to_end_latency,1296,24671.0
end_to_end_latency,1297,24621.0
end_to_end_latency,1298,24571.0
end_to_end_latency,1299,24521.0
end_to_end_latency,1300,24471.0
end_to_end_latency,1301,24421.0
end_to_end_latency,0,1668.0
end_to_end_latency,4,2134.0
end_to_end_latency,5,2084.0
end_to_end_latency,6,2033.0
end_to_end_latency,7,1983.0
end_to_end_latency,8,1934.0
end_to_end_latency,9,1884.0
end_to_end_latency,10,1834.0
end_to_end_latency,11,1785.0
end_to_end_latency,12,1735.0
end_to_end_latency,13,1684.0
end_to_end_latency,14,1635.0
end_to_end_latency,15,1584.0
end_to_end_latency,16,1534.0
end_to_end_latency,17,1484.0
end_to_end_latency,18,1434.0
end_to_end_latency,19,1384.0
end_to_end_latency,20,1334.0
end_to_end_latency,21,1284.0
end_to_end_latency,22,1234.0
end_to_end_latency,28,1463.0
end_to_end_latency,29,1413.0
end_to_end_latency,30,1363.0
end_to_end_latency,31,1313.0
end_to_end_latency,32,1263.0
end_to_end_latency,33,1213.0
end_to_end_latency,38,1471.0
end_to_end_latency,39,1421.0
end_to_end_latency,40,1372.0
end_to_end_latency,41,1321.0
end_to_end_latency,42,1271.0
end_to_end_latency,43,1221.0
end_to_end_latency,47,1237.0
end_to_end_latency,48,1187.0
end_to_end_latency,49,1137.0
end_to_end_latency,50,1087.0
end_to_end_latency,51,1037.0
end_to_end_latency,52,987.0
end_to_end_latency,53,938.0
end_to_end_latency,58,1204.0
end_to_end_latency,59,1154.0
end_to_end_latency,60,1104.0
end_to_end_latency,61,1054.0
end_to_end_latency,62,1004.0
end_to_end_latency,63,954.0
end_to_end_latency,69,1481.0
end_to_end_latency,70,1431.0
end_to_end_latency,71,1381.0
end_to_end_latency,72,1331.0
end_to_end_latency,73,1843.0
end_to_end_latency,74,1793.0
end_to_end_latency,79,1543.0
end_to_end_latency,80,1493.0
end_to_end_latency,81,1444.0
end_to_end_latency,82,1394.0
end_to_end_latency,83,1344.0
end_to_end_latency,84,1294.0
end_to_end_latency,85,1244.0
end_to_end_latency,89,1392.0
end_to_end_latency,90,1342.0
end_to_end_latency,91,1293.0
end_to_end_latency,92,1243.0
end_to_end_latency,93,1193.0
end_to_end_latency,94,1143.0
end_to_end_latency,95,1093.0
end_to_end_latency,96,1043.0
end_to_end_latency,100,1375.0
end_to_end_latency,101,1325.0
end_to_end_latency,102,1275.0
end_to_end_latency,103,1225.0
end_to_end_latency,104,1175.0
end_to_end_latency,105,1125.0
end_to_end_latency,106,1075.0
end_to_end_latency,107,1026.0
end_to_end_latency,110,1262.0
end_to_end_latency,111,1212.0
end_to_end_latency,112,1162.0
end_to_end_latency,113,1112.0
end_to_end_latency,114,1063.0
end_to_end_latency,115,1014.0
end_to_end_latency,116,963.0
end_to_end_latency,117,913.0
end_to_end_latency,120,1565.0
end_to_end_latency,121,1515.0
end_to_end_latency,122,1464.0
end_to_end_latency,123,1416.0
end_to_end_latency,124,1365.0
end_to_end_latency,125,1315.0
end_to_end_latency,126,1266.0
end_to_end_latency,127,1215.0
end_to_end_latency,128,1165.0
end_to_end_latency,131,1579.0
end_to_end_latency,132,1528.0
end_to_end_latency,133,1477.0
end_to_end_latency,134,1428.0
end_to_end_latency,135,1378.0
end_to_end_latency,136,1328.0
end_to_end_latency,137,1278.0
end_to_end_latency,138,1228.0
end_to_end_latency,139,1178.0
end_to_end_latency,142,1415.0
end_to_end_latency,143,1365.0
end_to_end_latency,144,1662.0
end_to_end_latency,151,1311.0
end_to_end_latency,152,1262.0
end_to_end_latency,153,1213.0
end_to_end_latency,154,1163.0
end_to_end_latency,155,1113.0
end_to_end_latency,156,1063.0
end_to_end_latency,157,1012.0
end_to_end_latency,158,963.0
end_to_end_latency,159,913.0
end_to_end_latency,163,1284.0
end_to_end_latency,164,1235.0
end_to_end_latency,165,1184.0
end_to_end_latency,166,1135.0
end_to_end_latency,167,1085.0
end_to_end_latency,168,1035.0
end_to_end_latency,174,1426.0
end_to_end_latency,175,1376.0
end_to_end_latency,176,1326.0
end_to_end_latency,177,1275.0
end_to_end_latency,178,1225.0
end_to_end_latency,179,1175.0
end_to_end_latency,180,1125.0
end_to_end_latency,181,1076.0
end_to_end_latency,186,1385.0
end_to_end_latency,187,1335.0
end_to_end_latency,188,1284.0
end_to_end_latency,189,1235.0
end_to_end_latency,190,1185.0
end_to_end_latency,191,1840.0
end_to_end_latency,192,1789.0
end_to_end_latency,196,1589.0
end_to_end_latency,197,1540.0
end_to_end_latency,198,1491.0
end_to_end_latency,199,1441.0
end_to_end_latency,200,1391.0
end_to_end_latency,201,1341.0
end_to_end_latency,202,1291.0
end_to_end_latency,203,1241.0
end_to_end_latency,207,1273.0
end_to_end_latency,208,1155.0
end_to_end_latency,209,1152.0
end_to_end_latency,210,1123.0
end_to_end_latency,211,1074.0
end_to_end_latency,212,1024.0
end_to_end_latency,213,974.0
end_to_end_latency,218,1212.0
end_to_end_latency,219,1163.0
end_to_end_latency,220,1113.0
end_to_end_latency,221,1063.0
end_to_end_latency,222,1013.0
end_to_end_latency,223,962.0
end_to_end_latency,224,913.0
end_to_end_latency,229,1287.0
end_to_end_latency,230,1237.0
end_to_end_latency,231,1186.0
end_to_end_latency,232,1136.0
end_to_end_latency,233,1087.0
end_to_end_latency,234,1037.0
end_to_end_latency,235,1686.0
end_to_end_latency,241,1386.0
end_to_end_latency,242,1336.0
end_to_end_latency,243,1286.0
end_to_end_latency,244,1236.0
end_to_end_latency,245,1186.0
end_to_end_latency,246,1136.0
end_to_end_latency,252,1492.0
end_to_end_latency,253,1442.0
end_to_end_latency,254,1392.0
end_to_end_latency,255,1342.0
end_to_end_latency,256,1293.0
end_to_end_latency,257,1242.0
end_to_end_latency,258,1192.0
end_to_end_latency,259,1143.0
end_to_end_latency,260,1092.0
end_to_end_latency,261,1042.0
end_to_end_latency,266,2105.0
end_to_end_latency,267,2054.0
end_to_end_latency,268,2005.0
end_to_end_latency,269,1956.0
end_to_end_latency,270,1906.0
end_to_end_latency,271,1855.0
end_to_end_latency,272,1805.0
end_to_end_latency,273,1755.0
end_to_end_latency,279,1456.0
end_to_end_latency,280,1406.0
end_to_end_latency,290,2114.0
end_to_end_latency,291,2064.0
end_to_end_latency,292,2014.0
end_to_end_latency,293,1965.0
end_to_end_latency,294,1916.0
end_to_end_latency,295,1866.0
end_to_end_latency,296,1816.0
end_to_end_latency,305,2605.0
end_to_end_latency,306,2555.0
end_to_end_latency,307,2505.0
end_to_end_latency,308,2455.0
end_to_end_latency,309,2405.0
end_to_end_latency,310,2356.0
end_to_end_latency,311,2306.0
end_to_end_latency,312,2255.0
end_to_end_latency,313,2206.0
end_to_end_latency,314,2156.0
end_to_end_latency,315,2106.0
end_to_end_latency,316,2056.0
end_to_end_latency,317,2006.0
end_to_end_latency,318,1956.0
end_to_end_latency,326,4166.0
end_to_end_latency,327,4116.0
end_to_end_latency,328,4066.0
end_to_end_latency,329,4016.0
end_to_end_latency,330,3966.0
end_to_end_latency,331,3917.0
end_to_end_latency,332,3867.0
end_to_end_latency,333,3817.0
end_to_end_latency,334,3766.0
end_to_end_latency,335,3717.0
end_to_end_latency,336,3666.0
end_to_end_latency,337,3616.0
end_to_end_latency,338,3566.0
end_to_end_latency,339,3516.0
end_to_end_latency,340,3466.0
end_to_end_latency,341,3416.0
end_to_end_latency,342,3366.0
end_to_end_latency,343,3316.0
end_to_end_latency,344,3266.0
end_to_end_latency,345,9296.0
end_to_end_latency,359,8597.0
end_to_end_latency,360,8547.0
end_to_end_latency,361,8498.0
end_to_end_latency,362,8448.0
end_to_end_latency,363,8397.0
end_to_end_latency,364,8347.0
end_to_end_latency,365,8297.0
end_to_end_latency,366,8247.0
end_to_end_latency,367,8198.0
end_to_end_latency,368,8147.0
end_to_end_latency,369,8098.0
end_to_end_latency,370,8048.0
end_to_end_latency,371,7998.0
end_to_end_latency,372,7948.0
end_to_end_latency,373,7897.0
end_to_end_latency,374,7847.0
end_to_end_latency,375,7798.0
end_to_end_latency,376,7747.0
end_to_end_latency,377,7697.0
end_to_end_latency,378,7647.0
end_to_end_latency,398,6648.0
end_to_end_latency,399,6598.0
end_to_end_latency,400,6549.0
end_to_end_latency,401,6498.0
end_to_end_latency,402,6449.0
end_to_end_latency,403,6398.0
end_to_end_latency,404,6348.0
end_to_end_latency,405,6298.0
end_to_end_latency,406,6247.0
end_to_end_latency,407,6199.0
end_to_end_latency,408,6149.0
end_to_end_latency,409,6098.0
end_to_end_latency,410,6049.0
end_to_end_latency,411,5999.0
end_to_end_latency,412,5949.0
end_to_end_latency,413,5898.0
end_to_end_latency,414,5848.0
end_to_end_latency,415,5798.0
end_to_end_latency,454,8391.0
end_to_end_latency,455,8341.0
end_to_end_latency,456,8291.0
end_to_end_latency,457,8240.0
end_to_end_latency,458,8191.0
end_to_end_latency,459,8140.0
end_to_end_latency,460,8091.0
end_to_end_latency,461,8040.0
end_to_end_latency,462,7991.0
end_to_end_latency,463,7941.0
end_to_end_latency,464,7890.0
end_to_end_latency,465,7841.0
end_to_end_latency,466,7790.0
end_to_end_latency,467,7741.0
end_to_end_latency,468,7692.0
end_to_end_latency,469,7642.0
end_to_end_latency,470,7591.0
end_to_end_latency,471,7541.0
end_to_end_latency,472,7492.0
end_to_end_latency,473,7441.0
end_to_end_latency,474,7392.0
end_to_end_latency,475,7341.0
end_to_end_latency,476,7291.0
end_to_end_latency,477,7240.0
end_to_end_latency,478,7190.0
end_to_end_latency,479,7140.0
end_to_end_latency,480,7091.0
end_to_end_latency,481,7040.0
end_to_end_latency,482,6990.0
end_to_end_latency,483,6941.0
end_to_end_latency,484,6892.0
end_to_end_latency,485,6841.0
end_to_end_latency,486,6791.0
end_to_end_latency,487,6741.0
end_to_end_latency,488,6691.0
end_to_end_latency,489,6642.0
end_to_end_latency,490,6591.0
end_to_end_latency,491,6542.0
end_to_end_latency,492,6491.0
end_to_end_latency,493,6441.0
end_to_end_latency,494,6390.0
end_to_end_latency,495,6341.0
end_to_end_latency,496,6291.0
end_to_end_latency,497,6241.0
end_to_end_latency,498,6191.0
end_to_end_latency,499,6142.0
end_to_end_latency,500,6092.0
end_to_end_latency,501,6042.0
end_to_end_latency,502,5991.0
end_to_end_latency,537,7378.0
end_to_end_latency,538,7327.0
end_to_end_latency,539,7278.0
end_to_end_latency,540,7227.0
end_to_end_latency,541,7178.0
end_to_end_latency,542,7127.0
end_to_end_latency,543,7078.0
end_to_end_latency,544,7027.0
end_to_end_latency,545,6978.0
end_to_end_latency,546,6928.0
end_to_end_latency,547,6877.0
end_to_end_latency,548,6827.0
end_to_end_latency,549,6777.0
end_to_end_latency,550,6728.0
end_to_end_latency,551,6677.0
end_to_end_latency,552,6627.0
end_to_end_latency,553,6577.0
end_to_end_latency,554,6529.0
end_to_end_latency,555,6478.0
end_to_end_latency,556,6428.0
end_to_end_latency,557,6378.0
end_to_end_latency,558,6328.0
end_to_end_latency,559,6276.0
end_to_end_latency,560,6227.0
end_to_end_latency,561,6177.0
end_to_end_latency,562,6126.0
end_to_end_latency,563,6077.0
end_to_end_latency,564,6026.0
end_to_end_latency,565,5979.0
end_to_end_latency,566,5928.0
end_to_end_latency,567,5878.0
end_to_end_latency,568,5828.0
end_to_end_latency,569,5779.0
end_to_end_latency,570,5726.0
end_to_end_latency,571,5679.0
end_to_end_latency,572,5628.0
end_to_end_latency,573,5578.0
end_to_end_latency,574,5529.0
end_to_end_latency,575,5478.0
end_to_end_latency,576,5429.0
end_to_end_latency,577,5379.0
end_to_end_latency,578,5328.0
end_to_end_latency,579,5278.0
end_to_end_latency,580,5228.0
end_to_end_latency,581,5178.0
end_to_end_latency,582,5129.0
end_to_end_latency,583,5078.0
end_to_end_latency,584,5028.0
end_to_end_latency,585,4978.0
end_to_end_latency,586,4929.0
end_to_end_latency,587,4878.0
end_to_end_latency,588,4829.0
end_to_end_latency,589,4778.0
end_to_end_latency,590,4729.0
end_to_end_latency,591,4678.0
end_to_end_latency,592,4629.0
end_to_end_latency,593,4578.0
end_to_end_latency,594,4528.0
end_to_end_latency,673,35826.0
end_to_end_latency,674,35778.0
end_to_end_latency,675,35727.0
end_to_end_latency,676,35677.0
end_to_end_latency,677,35627.0
end_to_end_latency,678,35577.0
end_to_end_latency,679,35527.0
end_to_end_latency,680,35477.0
end_to_end_latency,681,35428.0
end_to_end_latency,682,35377.0
end_to_end_latency,683,35326.0
end_to_end_latency,684,35277.0
end_to_end_latency,685,35227.0
end_to_end_latency,686,35177.0
end_to_end_latency,687,35126.0
end_to_end_latency,688,35078.0
end_to_end_latency,689,35027.0
end_to_end_latency,690,34977.0
end_to_end_latency,691,34927.0
end_to_end_latency,692,34877.0
end_to_end_latency,693,34827.0
end_to_end_latency,694,34777.0
end_to_end_latency,695,34727.0
end_to_end_latency,696,34677.0
end_to_end_latency,697,34628.0
end_to_end_latency,698,34577.0
end_to_end_latency,699,34528.0
end_to_end_latency,700,34477.0
end_to_end_latency,701,34427.0
end_to_end_latency,702,34377.0
end_to_end_latency,703,34327.0
end_to_end_latency,704,34278.0
end_to_end_latency,705,34227.0
end_to_end_latency,706,34178.0
end_to_end_latency,707,34127.0
end_to_end_latency,708,34078.0
end_to_end_latency,709,34027.0
end_to_end_latency,710,33976.0
end_to_end_latency,711,33926.0
end_to_end_latency,712,33876.0
end_to_end_latency,713,33825.0
end_to_end_latency,714,33778.0
end_to_end_latency,715,33728.0
end_to_end_latency,716,33677.0
end_to_end_latency,717,33627.0
end_to_end_latency,718,33578.0
end_to_end_latency,719,33529.0
end_to_end_latency,720,33478.0
end_to_end_latency,721,33428.0
end_to_end_latency,722,33378.0
end_to_end_latency,723,33328.0
end_to_end_latency,724,33279.0
end_to_end_latency,725,33228.0
end_to_end_latency,726,33178.0
end_to_end_latency,727,33128.0
end_to_end_latency,728,33078.0
end_to_end_latency,729,33028.0
end_to_end_latency,730,32978.0
end_to_end_latency,731,32928.0
end_to_end_latency,732,32878.0
end_to_end_latency,733,32828.0
end_to_end_latency,734,32779.0
end_to_end_latency,735,32728.0
end_to_end_latency,736,32679.0
end_to_end_latency,737,32628.0
end_to_end_latency,738,32578.0
end_to_end_latency,739,32529.0
end_to_end_latency,740,32478.0
end_to_end_latency,741,32428.0
end_to_end_latency,742,32378.0
end_to_end_latency,743,32328.0
end_to_end_latency,744,32278.0
end_to_end_latency,745,32228.0
end_to_end_latency,746,32176.0
end_to_end_latency,747,32126.0
end_to_end_latency,748,32076.0
end_to_end_latency,749,32027.0
end_to_end_latency,750,31975.0
end_to_end_latency,751,31927.0
end_to_end_latency,752,31875.0
end_to_end_latency,753,31826.0
end_to_end_latency,754,31775.0
end_to_end_latency,755,31726.0
end_to_end_latency,756,31676.0
end_to_end_latency,757,31626.0
end_to_end_latency,758,31578.0
end_to_end_latency,759,31528.0
end_to_end_latency,760,31477.0
end_to_end_latency,761,31429.0
end_to_end_latency,762,31377.0
end_to_end_latency,763,31327.0
end_to_end_latency,764,31278.0
end_to_end_latency,765,31229.0
end_to_end_latency,766,31178.0
end_to_end_latency,767,31129.0
end_to_end_latency,768,31078.0
end_to_end_latency,769,31029.0
end_to_end_latency,770,30978.0
end_to_end_latency,771,30929.0
end_to_end_latency,772,30878.0
end_to_end_latency,773,30828.0
end_to_end_latency,774,30778.0
end_to_end_latency,775,30728.0
end_to_end_latency,776,30678.0
end_to_end_latency,777,30627.0
end_to_end_latency,778,30578.0
end_to_end_latency,779,30528.0
end_to_end_latency,780,30478.0
end_to_end_latency,781,30428.0
end_to_end_latency,782,30378.0
end_to_end_latency,783,30328.0
end_to_end_latency,784,30279.0
end_to_end_latency,785,30228.0
end_to_end_latency,786,30178.0
end_to_end_latency,787,30128.0
end_to_end_latency,788,30078.0
end_to_end_latency,789,30028.0
end_to_end_latency,790,29978.0
end_to_end_latency,791,29928.0
end_to_end_latency,792,29878.0
end_to_end_latency,1181,30378.0
end_to_end_latency,1182,30329.0
end_to_end_latency,1183,30279.0
end_to_end_latency,1184,30227.0
end_to_end_latency,1185,30179.0
end_to_end_latency,1186,30129.0
end_to_end_latency,1187,30078.0
end_to_end_latency,0,1717.0
end_to_end_latency,9,1932.0
end_to_end_latency,10,1883.0
end_to_end_latency,11,1833.0
end_to_end_latency,12,1783.0
end_to_end_latency,13,1733.0
end_to_end_latency,14,1683.0
end_to_end_latency,15,1633.0
end_to_end_latency,16,1583.0
end_to_end_latency,17,1533.0
end_to_end_latency,18,1482.0
end_to_end_latency,19,1433.0
end_to_end_latency,20,1383.0
end_to_end_latency,21,1333.0
end_to_end_latency,22,1283.0
end_to_end_latency,23,1233.0
end_to_end_latency,24,1183.0
end_to_end_latency,28,1512.0
end_to_end_latency,29,1462.0
end_to_end_latency,30,1412.0
end_to_end_latency,31,1362.0
end_to_end_latency,32,1312.0
end_to_end_latency,33,1261.0
end_to_end_latency,34,1211.0
end_to_end_latency,39,1469.0
end_to_end_latency,40,1419.0
end_to_end_latency,41,1370.0
end_to_end_latency,42,1320.0
end_to_end_latency,43,1270.0
end_to_end_latency,44,1220.0
end_to_end_latency,45,1170.0
end_to_end_latency,50,1137.0
end_to_end_latency,51,1087.0
end_to_end_latency,52,1037.0
end_to_end_latency,53,1503.0
end_to_end_latency,54,1453.0
end_to_end_latency,59,1203.0
end_to_end_latency,60,1153.0
end_to_end_latency,61,1103.0
end_to_end_latency,62,1053.0
end_to_end_latency,63,1003.0
end_to_end_latency,64,1780.0
end_to_end_latency,65,1730.0
end_to_end_latency,70,1480.0
end_to_end_latency,71,1429.0
end_to_end_latency,72,1379.0
end_to_end_latency,73,1330.0
end_to_end_latency,74,1280.0
end_to_end_latency,75,1230.0
end_to_end_latency,80,1541.0
end_to_end_latency,81,1492.0
end_to_end_latency,82,1442.0
end_to_end_latency,83,1393.0
end_to_end_latency,84,1342.0
end_to_end_latency,85,1292.0
end_to_end_latency,86,1242.0
end_to_end_latency,91,993.0
end_to_end_latency,92,943.0
end_to_end_latency,93,1241.0
end_to_end_latency,94,1192.0
end_to_end_latency,95,1141.0
end_to_end_latency,101,1374.0
end_to_end_latency,102,1324.0
end_to_end_latency,103,1273.0
end_to_end_latency,104,1223.0
end_to_end_latency,105,1173.0
end_to_end_latency,106,1124.0
end_to_end_latency,113,1162.0
end_to_end_latency,114,1112.0
end_to_end_latency,115,1062.0
end_to_end_latency,116,1012.0
end_to_end_latency,117,1764.0
end_to_end_latency,118,1713.0
end_to_end_latency,122,1514.0
end_to_end_latency,123,1464.0
end_to_end_latency,124,1414.0
end_to_end_latency,125,1363.0
end_to_end_latency,126,1313.0
end_to_end_latency,127,1265.0
end_to_end_latency,128,1215.0
end_to_end_latency,133,1526.0
end_to_end_latency,134,1476.0
end_to_end_latency,135,1427.0
end_to_end_latency,136,1376.0
end_to_end_latency,137,1328.0
end_to_end_latency,138,1277.0
end_to_end_latency,144,977.0
end_to_end_latency,145,1314.0
end_to_end_latency,146,1264.0
end_to_end_latency,147,1215.0
end_to_end_latency,148,1165.0
end_to_end_latency,153,1260.0
end_to_end_latency,154,1211.0
end_to_end_latency,155,1161.0
end_to_end_latency,156,1111.0
end_to_end_latency,157,1062.0
end_to_end_latency,158,1012.0
end_to_end_latency,165,1234.0
end_to_end_latency,166,1183.0
end_to_end_latency,167,1133.0
end_to_end_latency,168,1083.0
end_to_end_latency,176,1374.0
end_to_end_latency,177,1325.0
end_to_end_latency,178,1275.0
end_to_end_latency,179,1225.0
end_to_end_latency,180,1175.0
end_to_end_latency,181,1125.0
end_to_end_latency,187,1385.0
end_to_end_latency,188,1335.0
end_to_end_latency,189,1284.0
end_to_end_latency,190,1235.0
end_to_end_latency,191,1184.0
end_to_end_latency,192,1135.0
end_to_end_latency,197,884.0
end_to_end_latency,198,1539.0
end_to_end_latency,199,1489.0
end_to_end_latency,200,1439.0
end_to_end_latency,201,1389.0
end_to_end_latency,202,1339.0
end_to_end_latency,203,1289.0
end_to_end_latency,208,1272.0
end_to_end_latency,209,1222.0
end_to_end_latency,210,1173.0
end_to_end_latency,211,1123.0
end_to_end_latency,212,1072.0
end_to_end_latency,213,1023.0
end_to_end_latency,220,1162.0
end_to_end_latency,221,1111.0
end_to_end_latency,222,1062.0
end_to_end_latency,223,1012.0
end_to_end_latency,224,962.0
end_to_end_latency,225,1535.0
end_to_end_latency,229,1335.0
end_to_end_latency,230,1286.0
end_to_end_latency,231,1235.0
end_to_end_latency,232,1185.0
end_to_end_latency,233,1135.0
end_to_end_latency,234,1785.0
end_to_end_latency,235,1735.0
end_to_end_latency,236,1685.0
end_to_end_latency,237,1635.0
end_to_end_latency,238,1585.0
end_to_end_latency,239,1535.0
end_to_end_latency,240,1485.0
end_to_end_latency,241,1435.0
end_to_end_latency,242,1385.0
end_to_end_latency,243,1335.0
end_to_end_latency,244,1285.0
end_to_end_latency,245,1235.0
end_to_end_latency,280,2663.0
end_to_end_latency,281,2614.0
end_to_end_latency,282,2564.0
end_to_end_latency,283,2513.0
end_to_end_latency,284,2463.0
end_to_end_latency,285,2413.0
end_to_end_latency,286,2363.0
end_to_end_latency,287,2313.0
end_to_end_latency,293,2013.0
end_to_end_latency,294,1964.0
end_to_end_latency,295,3154.0
end_to_end_latency,296,3104.0
end_to_end_latency,297,3054.0
end_to_end_latency,298,3005.0
end_to_end_latency,299,2955.0
end_to_end_latency,300,2904.0
end_to_end_latency,301,2855.0
end_to_end_latency,302,2805.0
end_to_end_latency,303,2754.0
end_to_end_latency,304,2704.0
end_to_end_latency,305,2654.0
end_to_end_latency,306,2604.0
end_to_end_latency,307,2554.0
end_to_end_latency,308,2504.0
end_to_end_latency,309,2455.0
end_to_end_latency,310,2405.0
end_to_end_latency,311,2355.0
end_to_end_latency,312,2304.0
end_to_end_latency,313,2255.0
end_to_end_latency,314,2206.0
end_to_end_latency,315,2156.0
end_to_end_latency,316,2106.0
end_to_end_latency,317,2055.0
end_to_end_latency,318,2005.0
end_to_end_latency,319,1956.0
end_to_end_latency,320,1905.0
end_to_end_latency,321,1855.0
end_to_end_latency,322,1806.0
end_to_end_latency,323,1755.0
end_to_end_latency,324,1705.0
end_to_end_latency,325,1655.0
end_to_end_latency,326,1605.0
end_to_end_latency,327,1555.0
end_to_end_latency,328,1505.0
end_to_end_latency,329,1455.0
end_to_end_latency,330,1405.0
end_to_end_latency,331,3965.0
end_to_end_latency,332,3915.0
end_to_end_latency,333,3866.0
end_to_end_latency,334,3816.0
end_to_end_latency,335,3765.0
end_to_end_latency,336,3715.0
end_to_end_latency,337,3666.0
end_to_end_latency,338,3616.0
end_to_end_latency,339,3565.0
end_to_end_latency,340,3516.0
end_to_end_latency,341,3465.0
end_to_end_latency,342,3415.0
end_to_end_latency,343,3365.0
end_to_end_latency,344,3315.0
end_to_end_latency,360,8595.0
end_to_end_latency,398,6697.0
end_to_end_latency,399,6647.0
end_to_end_latency,400,6597.0
end_to_end_latency,401,6547.0
end_to_end_latency,402,6497.0
end_to_end_latency,403,6448.0
end_to_end_latency,404,6398.0
end_to_end_latency,405,6346.0
end_to_end_latency,406,6298.0
end_to_end_latency,407,6247.0
end_to_end_latency,408,6197.0
end_to_end_latency,409,6147.0
end_to_end_latency,410,6097.0
end_to_end_latency,411,6047.0
end_to_end_latency,412,5997.0
end_to_end_latency,413,5947.0
end_to_end_latency,414,5896.0
end_to_end_latency,415,5847.0
end_to_end_latency,416,5798.0
end_to_end_latency,417,5748.0
end_to_end_latency,418,5698.0
end_to_end_latency,419,5649.0
end_to_end_latency,420,5598.0
end_to_end_latency,421,5548.0
end_to_end_latency,422,5498.0
end_to_end_latency,423,5448.0
end_to_end_latency,424,5399.0
end_to_end_latency,425,5349.0
end_to_end_latency,426,5298.0
end_to_end_latency,427,5248.0
end_to_end_latency,428,5199.0
end_to_end_latency,429,5148.0
end_to_end_latency,430,5098.0
end_to_end_latency,431,5047.0
end_to_end_latency,453,8489.0
end_to_end_latency,454,8440.0
end_to_end_latency,455,8389.0
end_to_end_latency,456,8339.0
end_to_end_latency,457,8289.0
end_to_end_latency,458,8240.0
end_to_end_latency,459,8188.0
end_to_end_latency,460,8139.0
end_to_end_latency,461,8089.0
end_to_end_latency,462,8039.0
end_to_end_latency,463,7989.0
end_to_end_latency,464,7939.0
end_to_end_latency,465,7888.0
end_to_end_latency,466,7838.0
end_to_end_latency,467,7788.0
end_to_end_latency,468,7738.0
end_to_end_latency,469,7689.0
end_to_end_latency,470,7639.0
end_to_end_latency,471,7590.0
end_to_end_latency,472,7539.0
end_to_end_latency,473,7489.0
end_to_end_latency,474,7439.0
end_to_end_latency,475,7390.0
end_to_end_latency,476,7339.0
end_to_end_latency,477,7289.0
end_to_end_latency,478,7239.0
end_to_end_latency,479,7190.0
end_to_end_latency,480,7139.0
end_to_end_latency,481,7089.0
end_to_end_latency,482,7038.0
end_to_end_latency,483,6988.0
end_to_end_latency,484,6938.0
end_to_end_latency,485,6888.0
end_to_end_latency,486,6838.0
end_to_end_latency,487,6789.0
end_to_end_latency,488,6739.0
end_to_end_latency,489,6689.0
end_to_end_latency,490,6642.0
end_to_end_latency,491,6591.0
end_to_end_latency,492,6542.0
end_to_end_latency,493,6491.0
end_to_end_latency,494,6442.0
end_to_end_latency,495,6391.0
end_to_end_latency,496,6341.0
end_to_end_latency,497,6291.0
end_to_end_latency,498,6241.0
end_to_end_latency,499,6190.0
end_to_end_latency,500,6139.0
end_to_end_latency,501,6091.0
end_to_end_latency,502,6041.0
end_to_end_latency,503,5990.0
end_to_end_latency,504,5940.0
end_to_end_latency,505,5890.0
end_to_end_latency,506,5841.0
end_to_end_latency,546,6976.0
end_to_end_latency,547,6926.0
end_to_end_latency,548,6876.0
end_to_end_latency,549,6826.0
end_to_end_latency,550,6776.0
end_to_end_latency,551,6726.0
end_to_end_latency,552,6677.0
end_to_end_latency,553,6626.0
end_to_end_latency,554,6576.0
end_to_end_latency,555,6527.0
end_to_end_latency,556,6476.0
end_to_end_latency,557,6426.0
end_to_end_latency,558,6376.0
end_to_end_latency,559,6325.0
end_to_end_latency,560,6274.0
end_to_end_latency,561,6226.0
end_to_end_latency,562,6176.0
end_to_end_latency,563,6126.0
end_to_end_latency,564,6075.0
end_to_end_latency,565,6027.0
end_to_end_latency,566,5976.0
end_to_end_latency,567,5926.0
end_to_end_latency,568,5876.0
end_to_end_latency,569,5827.0
end_to_end_latency,570,5776.0
end_to_end_latency,571,5725.0
end_to_end_latency,572,5676.0
end_to_end_latency,573,5627.0
end_to_end_latency,574,5576.0
end_to_end_latency,575,5525.0
end_to_end_latency,576,5476.0
end_to_end_latency,577,5424.0
end_to_end_latency,578,5375.0
end_to_end_latency,579,5324.0
end_to_end_latency,580,5275.0
end_to_end_latency,581,5226.0
end_to_end_latency,582,5177.0
end_to_end_latency,583,5126.0
end_to_end_latency,584,5075.0
end_to_end_latency,585,5026.0
end_to_end_latency,586,4976.0
end_to_end_latency,587,4926.0
end_to_end_latency,588,4876.0
end_to_end_latency,589,4827.0
end_to_end_latency,590,4776.0
end_to_end_latency,591,4727.0
end_to_end_latency,592,4676.0
end_to_end_latency,593,4626.0
end_to_end_latency,594,4576.0
end_to_end_latency,595,4526.0
end_to_end_latency,596,4476.0
end_to_end_latency,597,4426.0
end_to_end_latency,598,4376.0
end_to_end_latency,599,4326.0
end_to_end_latency,600,4276.0
end_to_end_latency,601,4226.0
end_to_end_latency,602,4176.0
end_to_end_latency,678,35624.0
end_to_end_latency,679,35575.0
end_to_end_latency,680,35525.0
end_to_end_latency,681,35475.0
end_to_end_latency,682,35425.0
end_to_end_latency,683,35375.0
end_to_end_latency,684,35325.0
end_to_end_latency,685,35275.0
end_to_end_latency,686,35225.0
end_to_end_latency,687,35175.0
end_to_end_latency,688,35125.0
end_to_end_latency,689,35075.0
end_to_end_latency,690,35025.0
end_to_end_latency,691,34975.0
end_to_end_latency,692,34925.0
end_to_end_latency,693,34875.0
end_to_end_latency,694,34824.0
end_to_end_latency,695,34774.0
end_to_end_latency,696,34725.0
end_to_end_latency,697,34675.0
end_to_end_latency,698,34625.0
end_to_end_latency,699,34575.0
end_to_end_latency,700,34525.0
end_to_end_latency,701,34475.0
end_to_end_latency,702,34425.0
end_to_end_latency,703,34375.0
end_to_end_latency,704,34325.0
end_to_end_latency,705,34275.0
end_to_end_latency,706,34225.0
end_to_end_latency,707,34175.0
end_to_end_latency,708,34124.0
end_to_end_latency,709,34075.0
end_to_end_latency,710,34025.0
end_to_end_latency,711,33975.0
end_to_end_latency,712,33925.0
end_to_end_latency,713,33873.0
end_to_end_latency,714,33823.0
end_to_end_latency,715,33774.0
end_to_end_latency,716,33725.0
end_to_end_latency,717,33675.0
end_to_end_latency,718,33625.0
end_to_end_latency,719,33575.0
end_to_end_latency,720,33525.0
end_to_end_latency,721,33475.0
end_to_end_latency,722,33425.0
end_to_end_latency,723,33375.0
end_to_end_latency,724,33324.0
end_to_end_latency,725,33274.0
end_to_end_latency,726,33225.0
end_to_end_latency,727,33175.0
end_to_end_latency,728,33125.0
end_to_end_latency,729,33075.0
end_to_end_latency,730,33025.0
end_to_end_latency,731,32978.0
end_to_end_latency,732,32928.0
end_to_end_latency,733,32878.0
end_to_end_latency,734,32827.0
end_to_end_latency,735,32778.0
end_to_end_latency,736,32728.0
end_to_end_latency,737,32678.0
end_to_end_latency,738,32628.0
end_to_end_latency,739,32578.0
end_to_end_latency,740,32527.0
end_to_end_latency,741,32477.0
end_to_end_latency,742,32428.0
end_to_end_latency,743,32378.0
end_to_end_latency,744,32328.0
end_to_end_latency,745,32278.0
end_to_end_latency,746,32228.0
end_to_end_latency,747,32178.0
end_to_end_latency,748,32128.0
end_to_end_latency,749,32078.0
end_to_end_latency,750,31948.0
end_to_end_latency,751,31947.0
end_to_end_latency,752,31928.0
end_to_end_latency,753,31878.0
end_to_end_latency,754,31828.0
end_to_end_latency,755,31777.0
end_to_end_latency,756,31728.0
end_to_end_latency,757,31678.0
end_to_end_latency,758,31628.0
end_to_end_latency,759,31578.0
end_to_end_latency,760,31527.0
end_to_end_latency,761,31478.0
end_to_end_latency,762,31428.0
end_to_end_latency,763,31378.0
end_to_end_latency,764,31327.0
end_to_end_latency,765,31278.0
end_to_end_latency,766,31228.0
end_to_end_latency,767,31178.0
end_to_end_latency,768,31128.0
end_to_end_latency,769,31078.0
end_to_end_latency,770,31028.0
end_to_end_latency,771,30977.0
end_to_end_latency,772,30927.0
end_to_end_latency,773,30877.0
end_to_end_latency,774,30828.0
end_to_end_latency,775,30778.0
end_to_end_latency,776,30728.0
end_to_end_latency,777,30677.0
end_to_end_latency,778,30628.0
end_to_end_latency,779,30578.0
end_to_end_latency,780,30528.0
end_to_end_latency,781,30477.0
end_to_end_latency,782,30428.0
end_to_end_latency,783,30378.0
end_to_end_latency,784,30328.0
end_to_end_latency,785,30278.0
end_to_end_latency,786,30228.0
end_to_end_latency,787,30177.0
end_to_end_latency,788,30127.0
end_to_end_latency,789,30077.0
end_to_end_latency,790,30028.0
end_to_end_latency,791,29978.0
end_to_end_latency,792,29928.0
end_to_end_latency,793,29878.0
end_to_end_latency,794,29827.0
end_to_end_latency,795,29778.0
end_to_end_latency,796,29728.0
end_to_end_latency,797,29677.0
end_to_end_latency,798,29628.0
end_to_end_latency,799,29578.0
end_to_end_latency,800,29529.0
end_to_end_latency,801,29479.0
end_to_end_latency,802,29429.0
end_to_end_latency,803,29379.0
end_to_end_latency,804,29330.0
end_to_end_latency,805,29279.0
end_to_end_latency,806,29229.0
end_to_end_latency,807,29178.0
end_to_end_latency,808,29128.0
end_to_end_latency,809,29079.0
end_to_end_latency,810,29029.0
end_to_end_latency,811,28980.0
end_to_end_latency,812,28930.0
end_to_end_latency,813,28880.0
end_to_end_latency,814,28830.0
end_to_end_latency,815,28780.0
end_to_end_latency,816,28730.0
end_to_end_latency,817,28680.0
end_to_end_latency,818,28630.0
end_to_end_latency,819,28580.0
end_to_end_latency,820,28530.0
end_to_end_latency,821,28480.0
end_to_end_latency,822,28430.0
end_to_end_latency,823,28380.0
end_to_end_latency,824,28330.0
end_to_end_latency,825,28280.0
end_to_end_latency,826,28230.0
end_to_end_latency,922,23430.0
end_to_end_latency,923,23381.0
end_to_end_latency,924,23331.0
end_to_end_latency,925,23281.0
end_to_end_latency,926,23231.0
end_to_end_latency,927,23181.0
end_to_end_latency,928,23131.0
end_to_end_latency,929,23081.0
end_to_end_latency,930,23031.0
end_to_end_latency,931,22981.0
end_to_end_latency,932,22931.0
end_to_end_latency,933,22881.0
end_to_end_latency,934,22831.0
end_to_end_latency,935,22781.0
end_to_end_latency,936,22730.0
end_to_end_latency,937,22681.0
end_to_end_latency,938,22631.0
end_to_end_latency,939,22581.0
end_to_end_latency,940,22531.0
end_to_end_latency,941,22482.0
end_to_end_latency,942,22432.0
end_to_end_latency,943,22382.0
end_to_end_latency,944,22331.0
end_to_end_latency,945,22282.0
end_to_end_latency,946,22231.0
end_to_end_latency,947,22182.0
end_to_end_latency,948,22132.0
end_to_end_latency,949,22082.0
end_to_end_latency,950,22032.0
end_to_end_latency,951,21982.0
end_to_end_latency,952,21932.0
end_to_end_latency,953,21882.0
end_to_end_latency,954,21832.0
end_to_end_latency,955,21781.0
end_to_end_latency,956,21732.0
end_to_end_latency,957,21682.0
end_to_end_latency,958,21632.0
end_to_end_latency,959,21581.0
end_to_end_latency,960,21532.0
end_to_end_latency,961,21482.0
end_to_end_latency,962,21431.0
end_to_end_latency,963,21381.0
end_to_end_latency,964,21332.0
end_to_end_latency,965,21282.0
end_to_end_latency,966,21232.0
end_to_end_latency,967,21182.0
end_to_end_latency,968,21131.0
end_to_end_latency,969,21082.0
end_to_end_latency,970,21032.0
end_to_end_latency,971,20982.0
end_to_end_latency,972,20932.0
end_to_end_latency,973,20881.0
end_to_end_latency,974,20832.0
end_to_end_latency,975,20782.0
end_to_end_latency,976,20732.0
end_to_end_latency,977,20681.0
end_to_end_latency,978,20632.0
end_to_end_latency,979,20581.0
end_to_end_latency,980,20532.0
end_to_end_latency,981,20482.0
end_to_end_latency,982,20432.0
end_to_end_latency,983,20382.0
end_to_end_latency,984,20332.0
end_to_end_latency,985,20281.0
end_to_end_latency,986,20231.0
end_to_end_latency,987,20182.0
end_to_end_latency,988,20132.0
end_to_end_latency,989,20081.0
end_to_end_latency,990,20032.0
end_to_end_latency,991,19982.0
end_to_end_latency,992,19932.0
end_to_end_latency,993,19882.0
end_to_end_latency,994,19832.0
end_to_end_latency,995,19781.0
end_to_end_latency,996,19731.0
end_to_end_latency,997,19681.0
end_to_end_latency,998,19631.0
end_to_end_latency,999,19582.0
end_to_end_latency,1000,19531.0
end_to_end_latency,1001,19482.0
end_to_end_latency,1002,19431.0
end_to_end_latency,1003,19382.0
end_to_end_latency,1004,19332.0
end_to_end_latency,1005,19282.0
end_to_end_latency,1006,19232.0
end_to_end_latency,1007,19182.0
end_to_end_latency,1008,19131.0
end_to_end_latency,1009,19082.0
end_to_end_latency,1010,19031.0
end_to_end_latency,1011,18982.0
end_to_end_latency,1012,18932.0
end_to_end_latency,1013,18881.0
end_to_end_latency,1014,18832.0
end_to_end_latency,1015,18782.0
end_to_end_latency,1016,18732.0
end_to_end_latency,1017,18682.0
end_to_end_latency,1018,18631.0
end_to_end_latency,1019,18581.0
end_to_end_latency,1020,18532.0
end_to_end_latency,1021,18482.0
end_to_end_latency,1022,18431.0
end_to_end_latency,1023,18382.0
end_to_end_latency,1024,18332.0
end_to_end_latency,1025,18281.0
end_to_end_latency,1026,18232.0
end_to_end_latency,1027,18181.0
end_to_end_latency,1028,18132.0
end_to_end_latency,1029,18082.0
end_to_end_latency,1030,18032.0
end_to_end_latency,1031,17982.0
end_to_end_latency,1032,17932.0
end_to_end_latency,1033,17881.0
end_to_end_latency,1034,17832.0
end_to_end_latency,1035,17782.0
end_to_end_latency,1036,17732.0
end_to_end_latency,1037,17682.0
end_to_end_latency,1038,17631.0
end_to_end_latency,1039,17582.0
end_to_end_latency,1040,17531.0
end_to_end_latency,1041,17481.0
end_to_end_latency,1042,17431.0
end_to_end_latency,1043,17382.0
end_to_end_latency,1044,17332.0
end_to_end_latency,1045,17281.0
end_to_end_latency,1149,32027.0
end_to_end_latency,1150,31978.0
end_to_end_latency,1151,31928.0
end_to_end_latency,1152,31877.0
end_to_end_latency,1153,31828.0
end_to_end_latency,1154,31777.0
end_to_end_latency,1155,31727.0
end_to_end_latency,1156,31677.0
end_to_end_latency,1157,31628.0
end_to_end_latency,1158,31577.0
end_to_end_latency,1159,31460.0
end_to_end_latency,1160,31458.0
end_to_end_latency,1161,31427.0
end_to_end_latency,1162,31377.0
end_to_end_latency,1163,31328.0
end_to_end_latency,1164,31278.0
end_to_end_latency,1165,31228.0
end_to_end_latency,1166,31177.0
end_to_end_latency,1167,31128.0
end_to_end_latency,1168,31079.0
end_to_end_latency,1169,31029.0
end_to_end_latency,1170,30978.0
end_to_end_latency,1171,30929.0
end_to_end_latency,1172,30879.0
end_to_end_latency,1173,30828.0
end_to_end_latency,1174,30778.0
end_to_end_latency,1175,30728.0
end_to_end_latency,1176,30678.0
end_to_end_latency,1177,30629.0
end_to_end_latency,1178,30578.0
end_to_end_latency,1179,30528.0
end_to_end_latency,1180,30479.0
end_to_end_latency,1181,30428.0
end_to_end_latency,1182,30379.0
end_to_end_latency,1183,30328.0
end_to_end_latency,1184,30279.0
end_to_end_latency,1185,30228.0
end_to_end_latency,1186,30179.0
end_to_end_latency,1187,30128.0
end_to_end_latency,1188,30079.0
end_to_end_latency,1189,30029.0
end_to_end_latency,1190,29978.0
end_to_end_latency,1191,29929.0
end_to_end_latency,1192,29878.0
end_to_end_latency,1193,29828.0
end_to_end_latency,1194,29779.0
end_to_end_latency,1195,29728.0
end_to_end_latency,1196,29679.0
end_to_end_latency,1197,29628.0
end_to_end_latency,1198,29578.0
end_to_end_latency,1199,29529.0
end_to_end_latency,1200,29478.0
end_to_end_latency,1201,29428.0
end_to_end_latency,1202,29378.0
end_to_end_latency,1203,29329.0
end_to_end_latency,1204,29279.0
end_to_end_latency,1205,29228.0
end_to_end_latency,1206,29179.0
end_to_end_latency,1207,29129.0
end_to_end_latency,1208,29078.0
end_to_end_latency,1209,29028.0
end_to_end_latency,1210,28978.0
end_to_end_latency,1211,28929.0
end_to_end_latency,1212,28878.0
end_to_end_latency,1213,28828.0
end_to_end_latency,1214,28778.0
end_to_end_latency,1215,28728.0
end_to_end_latency,1216,28679.0
end_to_end_latency,1217,28628.0
end_to_end_latency,1218,28578.0
end_to_end_latency,1219,28528.0
end_to_end_latency,1220,28478.0
end_to_end_latency,1221,28428.0
end_to_end_latency,1222,28378.0
end_to_end_latency,1223,28329.0
end_to_end_latency,1224,28278.0
end_to_end_latency,1225,28228.0
end_to_end_latency,1226,28179.0
end_to_end_latency,1227,28128.0
end_to_end_latency,1228,28078.0
end_to_end_latency,1229,28028.0
end_to_end_latency,1230,27978.0
end_to_end_latency,1231,27928.0
end_to_end_latency,1232,27879.0
end_to_end_latency,1233,27828.0
end_to_end_latency,1234,27778.0
end_to_end_latency,1235,27728.0
end_to_end_latency,1236,27679.0
end_to_end_latency,1237,27628.0
end_to_end_latency,1238,27578.0
end_to_end_latency,1239,27528.0
end_to_end_latency,1240,27478.0
end_to_end_latency,1241,27428.0
end_to_end_latency,1242,27379.0
end_to_end_latency,1243,27328.0
end_to_end_latency,1244,27278.0
end_to_end_latency,1245,27228.0
end_to_end_latency,1246,27178.0
end_to_end_latency,1247,27129.0
end_to_end_latency,1248,27078.0
end_to_end_latency,1249,27028.0
end_to_end_latency,1250,26978.0
end_to_end_latency,1251,26928.0
end_to_end_latency,1252,26878.0
end_to_end_latency,1253,26828.0
end_to_end_latency,1254,26778.0
end_to_end_latency,1255,26728.0
end_to_end_latency,1256,26679.0
end_to_end_latency,1257,26628.0
end_to_end_latency,1258,26578.0
end_to_end_latency,1259,26528.0
end_to_end_latency,1260,26479.0
end_to_end_latency,1261,26428.0
end_to_end_latency,1262,26378.0
end_to_end_latency,1263,26328.0
end_to_end_latency,1264,26278.0
end_to_end_latency,1265,26228.0
end_to_end_latency,1266,26179.0
end_to_end_latency,1267,26128.0
end_to_end_latency,1268,26078.0
end_to_end_latency,1269,26028.0
end_to_end_latency,1270,25978.0
end_to_end_latency,1271,25928.0
end_to_end_latency,1272,25878.0
end_to_end_latency,1273,25828.0
end_to_end_latency,1274,25778.0
end_to_end_latency,1275,25728.0
end_to_end_latency,1276,25677.0
end_to_end_latency,1277,25628.0
end_to_end_latency,1278,25578.0
end_to_end_latency,1279,25528.0
end_to_end_latency,1280,25478.0
end_to_end_latency,1281,25428.0
end_to_end_latency,1282,25377.0
end_to_end_latency,1283,25328.0
end_to_end_latency,1284,25278.0
end_to_end_latency,1285,25228.0
end_to_end_latency,1286,25180.0
end_to_end_latency,1287,25131.0
end_to_end_latency,1288,25080.0
end_to_end_latency,0,1730.0
end_to_end_latency,7,2046.0
end_to_end_latency,8,1996.0
end_to_end_latency,9,1946.0
end_to_end_latency,10,1897.0
end_to_end_latency,11,1847.0
end_to_end_latency,12,1796.0
end_to_end_latency,13,1746.0
end_to_end_latency,14,1696.0
end_to_end_latency,15,1647.0
end_to_end_latency,16,1597.0
end_to_end_latency,17,1547.0
end_to_end_latency,18,1497.0
end_to_end_latency,19,1446.0
end_to_end_latency,20,1397.0
end_to_end_latency,21,1347.0
end_to_end_latency,22,1296.0
end_to_end_latency,23,1247.0
end_to_end_latency,24,1196.0
end_to_end_latency,28,1524.0
end_to_end_latency,29,1475.0
end_to_end_latency,30,1425.0
end_to_end_latency,31,1376.0
end_to_end_latency,32,1326.0
end_to_end_latency,33,1275.0
end_to_end_latency,38,1532.0
end_to_end_latency,39,1483.0
end_to_end_latency,40,1433.0
end_to_end_latency,41,1383.0
end_to_end_latency,42,1333.0
end_to_end_latency,43,1284.0
end_to_end_latency,44,1234.0
end_to_end_latency,45,1183.0
end_to_end_latency,46,1133.0
end_to_end_latency,47,1083.0
end_to_end_latency,48,1034.0
end_to_end_latency,49,984.0
end_to_end_latency,50,1150.0
end_to_end_latency,51,1100.0
end_to_end_latency,52,1050.0
end_to_end_latency,53,1000.0
end_to_end_latency,54,950.0
end_to_end_latency,57,1316.0
end_to_end_latency,58,1267.0
end_to_end_latency,59,1216.0
end_to_end_latency,60,1166.0
end_to_end_latency,61,1117.0
end_to_end_latency,62,1066.0
end_to_end_latency,63,1017.0
end_to_end_latency,64,966.0
end_to_end_latency,65,917.0
end_to_end_latency,70,1493.0
end_to_end_latency,71,1443.0
end_to_end_latency,72,1394.0
end_to_end_latency,73,1344.0
end_to_end_latency,74,1295.0
end_to_end_latency,75,1244.0
end_to_end_latency,76,1194.0
end_to_end_latency,81,1505.0
end_to_end_latency,82,1456.0
end_to_end_latency,83,1407.0
end_to_end_latency,84,1357.0
end_to_end_latency,85,1306.0
end_to_end_latency,86,1257.0
end_to_end_latency,90,1405.0
end_to_end_latency,91,1355.0
end_to_end_latency,92,1305.0
end_to_end_latency,93,1255.0
end_to_end_latency,94,1205.0
end_to_end_latency,95,1155.0
end_to_end_latency,96,1106.0
end_to_end_latency,97,1055.0
end_to_end_latency,101,855.0
end_to_end_latency,102,806.0
end_to_end_latency,103,1287.0
end_to_end_latency,104,1238.0
end_to_end_latency,112,1225.0
end_to_end_latency,113,1175.0
end_to_end_latency,114,1125.0
end_to_end_latency,115,1075.0
end_to_end_latency,116,1025.0
end_to_end_latency,117,975.0
end_to_end_latency,118,926.0
end_to_end_latency,122,1528.0
end_to_end_latency,123,1476.0
end_to_end_latency,124,1427.0
end_to_end_latency,125,1377.0
end_to_end_latency,126,1327.0
end_to_end_latency,127,1277.0
end_to_end_latency,128,1228.0
end_to_end_latency,134,1490.0
end_to_end_latency,135,1440.0
end_to_end_latency,136,1391.0
end_to_end_latency,137,1340.0
end_to_end_latency,138,1290.0
end_to_end_latency,144,1377.0
end_to_end_latency,145,1327.0
end_to_end_latency,146,1278.0
end_to_end_latency,147,1227.0
end_to_end_latency,148,1178.0
end_to_end_latency,149,1475.0
end_to_end_latency,150,1425.0
end_to_end_latency,151,1375.0
end_to_end_latency,152,1325.0
end_to_end_latency,153,1275.0
end_to_end_latency,154,1225.0
end_to_end_latency,155,1175.0
end_to_end_latency,156,1125.0
end_to_end_latency,157,1074.0
end_to_end_latency,158,1025.0
end_to_end_latency,159,975.0
end_to_end_latency,164,1988.0
end_to_end_latency,165,1938.0
end_to_end_latency,166,1889.0
end_to_end_latency,167,1838.0
end_to_end_latency,168,1789.0
end_to_end_latency,169,1739.0
end_to_end_latency,170,1688.0
end_to_end_latency,171,1638.0
end_to_end_latency,172,1589.0
end_to_end_latency,173,1538.0
end_to_end_latency,174,1489.0
end_to_end_latency,175,1438.0
end_to_end_latency,176,1388.0
end_to_end_latency,177,1338.0
end_to_end_latency,178,1287.0
end_to_end_latency,179,1238.0
end_to_end_latency,180,1188.0
end_to_end_latency,181,1138.0
end_to_end_latency,182,1648.0
end_to_end_latency,183,1598.0
end_to_end_latency,184,1548.0
end_to_end_latency,185,1498.0
end_to_end_latency,186,1448.0
end_to_end_latency,187,1398.0
end_to_end_latency,188,1347.0
end_to_end_latency,189,1298.0
end_to_end_latency,190,1248.0
end_to_end_latency,191,1198.0
end_to_end_latency,192,1147.0
end_to_end_latency,193,1098.0
end_to_end_latency,208,1052.0
end_to_end_latency,209,1236.0
end_to_end_latency,210,1186.0
end_to_end_latency,211,1625.0
end_to_end_latency,212,1576.0
end_to_end_latency,213,1525.0
end_to_end_latency,214,1475.0
end_to_end_latency,215,1425.0
end_to_end_latency,216,1376.0
end_to_end_latency,217,1325.0
end_to_end_latency,218,1275.0
end_to_end_latency,219,1225.0
end_to_end_latency,220,1175.0
end_to_end_latency,221,1125.0
end_to_end_latency,222,1075.0
end_to_end_latency,223,1025.0
end_to_end_latency,224,974.0
end_to_end_latency,225,1548.0
end_to_end_latency,226,2199.0
end_to_end_latency,227,2149.0
end_to_end_latency,228,2099.0
end_to_end_latency,229,2049.0
end_to_end_latency,230,1999.0
end_to_end_latency,231,1949.0
end_to_end_latency,232,1899.0
end_to_end_latency,233,1850.0
end_to_end_latency,234,1799.0
end_to_end_latency,235,1749.0
end_to_end_latency,236,1699.0
end_to_end_latency,237,1650.0
end_to_end_latency,238,1599.0
end_to_end_latency,239,1549.0
end_to_end_latency,240,1499.0
end_to_end_latency,241,1449.0
end_to_end_latency,242,1398.0
end_to_end_latency,243,1348.0
end_to_end_latency,244,1299.0
end_to_end_latency,245,1249.0
end_to_end_latency,246,1198.0
end_to_end_latency,247,1149.0
end_to_end_latency,266,2168.0
end_to_end_latency,267,2118.0
end_to_end_latency,268,2068.0
end_to_end_latency,269,2018.0
end_to_end_latency,270,1968.0
end_to_end_latency,293,2028.0
end_to_end_latency,294,1978.0
end_to_end_latency,295,1928.0
end_to_end_latency,296,3118.0
end_to_end_latency,297,3068.0
end_to_end_latency,298,3018.0
end_to_end_latency,299,2968.0
end_to_end_latency,300,2918.0
end_to_end_latency,301,2868.0
end_to_end_latency,302,2818.0
end_to_end_latency,303,2768.0
end_to_end_latency,304,2718.0
end_to_end_latency,305,2668.0
end_to_end_latency,306,2618.0
end_to_end_latency,307,2568.0
end_to_end_latency,308,2518.0
end_to_end_latency,309,2468.0
end_to_end_latency,310,2418.0
end_to_end_latency,311,2368.0
end_to_end_latency,312,2318.0
end_to_end_latency,313,2268.0
end_to_end_latency,314,2218.0
end_to_end_latency,315,2168.0
end_to_end_latency,316,4729.0
end_to_end_latency,317,4679.0
end_to_end_latency,318,4629.0
end_to_end_latency,319,4579.0
end_to_end_latency,320,4528.0
end_to_end_latency,321,4479.0
end_to_end_latency,322,4429.0
end_to_end_latency,323,4379.0
end_to_end_latency,324,4329.0
end_to_end_latency,325,4279.0
end_to_end_latency,326,4229.0
end_to_end_latency,327,4179.0
end_to_end_latency,328,4128.0
end_to_end_latency,329,4078.0
end_to_end_latency,330,4029.0
end_to_end_latency,331,3979.0
end_to_end_latency,332,3930.0
end_to_end_latency,333,3880.0
end_to_end_latency,334,3830.0
end_to_end_latency,335,3780.0
end_to_end_latency,336,3730.0
end_to_end_latency,337,3680.0
end_to_end_latency,338,3630.0
end_to_end_latency,339,3580.0
end_to_end_latency,340,3530.0
end_to_end_latency,341,3480.0
end_to_end_latency,342,3430.0
end_to_end_latency,343,3380.0
end_to_end_latency,344,3330.0
end_to_end_latency,345,3280.0
end_to_end_latency,346,3230.0
end_to_end_latency,360,2529.0
end_to_end_latency,361,2479.0
end_to_end_latency,362,2430.0
end_to_end_latency,389,7160.0
end_to_end_latency,390,7110.0
end_to_end_latency,391,7060.0
end_to_end_latency,392,7010.0
end_to_end_latency,393,6959.0
end_to_end_latency,394,6909.0
end_to_end_latency,395,6860.0
end_to_end_latency,396,6810.0
end_to_end_latency,397,6760.0
end_to_end_latency,398,6710.0
end_to_end_latency,399,6659.0
end_to_end_latency,400,6610.0
end_to_end_latency,401,6560.0
end_to_end_latency,402,6510.0
end_to_end_latency,403,6460.0
end_to_end_latency,404,6411.0
end_to_end_latency,405,6361.0
end_to_end_latency,406,6311.0
end_to_end_latency,407,6261.0
end_to_end_latency,408,6210.0
end_to_end_latency,409,6161.0
end_to_end_latency,410,6111.0
end_to_end_latency,411,6060.0
end_to_end_latency,412,6011.0
end_to_end_latency,413,5961.0
end_to_end_latency,414,5911.0
end_to_end_latency,415,5859.0
end_to_end_latency,416,5810.0
end_to_end_latency,417,5760.0
end_to_end_latency,418,5710.0
end_to_end_latency,419,5660.0
end_to_end_latency,420,5611.0
end_to_end_latency,421,5559.0
end_to_end_latency,422,5510.0
end_to_end_latency,423,5460.0
end_to_end_latency,424,5410.0
end_to_end_latency,425,5360.0
end_to_end_latency,426,5310.0
end_to_end_latency,427,5260.0
end_to_end_latency,428,5211.0
end_to_end_latency,429,5161.0
end_to_end_latency,430,5111.0
end_to_end_latency,431,5061.0
end_to_end_latency,432,5011.0
end_to_end_latency,433,4961.0
end_to_end_latency,434,4911.0
end_to_end_latency,453,8503.0
end_to_end_latency,454,8453.0
end_to_end_latency,455,8403.0
end_to_end_latency,456,8353.0
end_to_end_latency,457,8303.0
end_to_end_latency,458,8254.0
end_to_end_latency,459,8203.0
end_to_end_latency,460,8153.0
end_to_end_latency,461,8104.0
end_to_end_latency,462,8054.0
end_to_end_latency,463,8004.0
end_to_end_latency,464,7953.0
end_to_end_latency,465,7904.0
end_to_end_latency,466,7854.0
end_to_end_latency,467,7804.0
end_to_end_latency,468,7754.0
end_to_end_latency,469,7704.0
end_to_end_latency,470,7654.0
end_to_end_latency,471,7603.0
end_to_end_latency,472,7553.0
end_to_end_latency,473,7504.0
end_to_end_latency,474,7454.0
end_to_end_latency,475,7403.0
end_to_end_latency,476,7354.0
end_to_end_latency,477,7304.0
end_to_end_latency,478,7254.0
end_to_end_latency,479,7204.0
end_to_end_latency,480,7154.0
end_to_end_latency,541,7239.0
end_to_end_latency,542,7188.0
end_to_end_latency,543,7139.0
end_to_end_latency,544,7089.0
end_to_end_latency,545,7038.0
end_to_end_latency,546,6989.0
end_to_end_latency,547,6939.0
end_to_end_latency,548,6888.0
end_to_end_latency,549,6839.0
end_to_end_latency,550,6788.0
end_to_end_latency,551,6739.0
end_to_end_latency,552,6691.0
end_to_end_latency,553,6641.0
end_to_end_latency,554,6591.0
end_to_end_latency,555,6540.0
end_to_end_latency,556,6491.0
end_to_end_latency,557,6441.0
end_to_end_latency,558,6391.0
end_to_end_latency,559,6340.0
end_to_end_latency,560,6290.0
end_to_end_latency,561,6240.0
end_to_end_latency,562,6191.0
end_to_end_latency,563,6140.0
end_to_end_latency,564,6090.0
end_to_end_latency,565,6040.0
end_to_end_latency,566,5990.0
end_to_end_latency,567,5941.0
end_to_end_latency,568,5890.0
end_to_end_latency,569,5841.0
end_to_end_latency,570,5790.0
end_to_end_latency,571,5741.0
end_to_end_latency,572,5691.0
end_to_end_latency,573,5640.0
end_to_end_latency,574,5591.0
end_to_end_latency,575,5541.0
end_to_end_latency,576,5490.0
end_to_end_latency,577,5440.0
end_to_end_latency,578,5391.0
end_to_end_latency,579,5341.0
end_to_end_latency,580,5290.0
end_to_end_latency,581,5241.0
end_to_end_latency,582,5191.0
end_to_end_latency,583,5141.0
end_to_end_latency,584,5091.0
end_to_end_latency,585,5041.0
end_to_end_latency,586,4990.0
end_to_end_latency,587,4940.0
end_to_end_latency,588,4891.0
end_to_end_latency,589,4840.0
end_to_end_latency,590,4791.0
end_to_end_latency,591,4740.0
end_to_end_latency,592,4691.0
end_to_end_latency,593,4640.0
end_to_end_latency,594,4591.0
end_to_end_latency,595,4541.0
end_to_end_latency,596,4490.0
end_to_end_latency,597,4440.0
end_to_end_latency,598,4391.0
end_to_end_latency,599,4340.0
end_to_end_latency,600,4291.0
end_to_end_latency,601,4241.0
end_to_end_latency,602,4191.0
end_to_end_latency,603,4140.0
end_to_end_latency,604,4091.0
end_to_end_latency,605,4041.0
end_to_end_latency,606,3990.0
end_to_end_latency,663,13105.0
end_to_end_latency,664,13055.0
end_to_end_latency,665,13005.0
end_to_end_latency,666,12955.0
end_to_end_latency,667,12905.0
end_to_end_latency,668,12855.0
end_to_end_latency,669,12806.0
end_to_end_latency,670,12755.0
end_to_end_latency,671,12705.0
end_to_end_latency,672,12656.0
end_to_end_latency,673,12606.0
end_to_end_latency,674,12555.0
end_to_end_latency,675,12505.0
end_to_end_latency,676,12455.0
end_to_end_latency,677,12406.0
end_to_end_latency,678,12355.0
end_to_end_latency,679,12306.0
end_to_end_latency,680,12255.0
end_to_end_latency,681,12205.0
end_to_end_latency,682,12156.0
end_to_end_latency,683,12106.0
end_to_end_latency,684,12055.0
end_to_end_latency,685,12006.0
end_to_end_latency,686,11955.0
end_to_end_latency,687,11905.0
end_to_end_latency,688,11855.0
end_to_end_latency,689,11806.0
end_to_end_latency,690,11755.0
end_to_end_latency,691,11705.0
end_to_end_latency,692,11656.0
end_to_end_latency,693,11605.0
end_to_end_latency,694,11556.0
end_to_end_latency,695,11505.0
end_to_end_latency,696,11455.0
end_to_end_latency,697,11406.0
end_to_end_latency,698,11356.0
end_to_end_latency,699,11305.0
end_to_end_latency,700,11255.0
end_to_end_latency,701,11206.0
end_to_end_latency,702,11155.0
end_to_end_latency,703,11105.0
end_to_end_latency,704,11055.0
end_to_end_latency,705,11006.0
end_to_end_latency,706,10955.0
end_to_end_latency,707,10905.0
end_to_end_latency,708,10855.0
end_to_end_latency,709,10805.0
end_to_end_latency,710,10756.0
end_to_end_latency,711,10706.0
end_to_end_latency,712,10655.0
end_to_end_latency,713,10606.0
end_to_end_latency,714,10555.0
end_to_end_latency,715,10505.0
end_to_end_latency,716,10456.0
end_to_end_latency,717,10405.0
end_to_end_latency,718,10356.0
end_to_end_latency,719,10305.0
end_to_end_latency,720,10256.0
end_to_end_latency,721,10205.0
end_to_end_latency,722,10155.0
end_to_end_latency,723,10106.0
end_to_end_latency,724,10055.0
end_to_end_latency,725,10005.0
end_to_end_latency,726,33241.0
end_to_end_latency,727,33190.0
end_to_end_latency,728,33141.0
end_to_end_latency,729,33091.0
end_to_end_latency,730,33042.0
end_to_end_latency,731,32991.0
end_to_end_latency,732,32941.0
end_to_end_latency,733,32891.0
end_to_end_latency,734,32841.0
end_to_end_latency,735,32792.0
end_to_end_latency,736,32741.0
end_to_end_latency,737,32692.0
end_to_end_latency,738,32642.0
end_to_end_latency,739,32591.0
end_to_end_latency,740,32540.0
end_to_end_latency,741,32491.0
end_to_end_latency,742,32442.0
end_to_end_latency,743,32391.0
end_to_end_latency,744,32341.0
end_to_end_latency,745,32291.0
end_to_end_latency,746,32241.0
end_to_end_latency,747,32192.0
end_to_end_latency,748,32141.0
end_to_end_latency,749,32091.0
end_to_end_latency,750,32041.0
end_to_end_latency,751,31991.0
end_to_end_latency,752,31941.0
end_to_end_latency,753,31891.0
end_to_end_latency,754,31841.0
end_to_end_latency,755,31792.0
end_to_end_latency,756,31742.0
end_to_end_latency,757,31691.0
end_to_end_latency,758,31641.0
end_to_end_latency,759,31592.0
end_to_end_latency,760,31541.0
end_to_end_latency,761,31491.0
end_to_end_latency,762,31441.0
end_to_end_latency,763,31391.0
end_to_end_latency,764,31341.0
end_to_end_latency,765,31291.0
end_to_end_latency,766,31241.0
end_to_end_latency,767,31191.0
end_to_end_latency,768,31141.0
end_to_end_latency,769,31092.0
end_to_end_latency,770,31041.0
end_to_end_latency,771,30990.0
end_to_end_latency,772,30941.0
end_to_end_latency,773,30892.0
end_to_end_latency,774,30841.0
end_to_end_latency,775,30791.0
end_to_end_latency,776,30742.0
end_to_end_latency,777,30691.0
end_to_end_latency,778,30641.0
end_to_end_latency,779,30591.0
end_to_end_latency,780,30540.0
end_to_end_latency,781,30490.0
end_to_end_latency,782,30441.0
end_to_end_latency,783,30391.0
end_to_end_latency,784,30341.0
end_to_end_latency,785,30292.0
end_to_end_latency,786,30242.0
end_to_end_latency,787,30191.0
end_to_end_latency,788,30141.0
end_to_end_latency,789,30091.0
end_to_end_latency,790,30041.0
end_to_end_latency,791,29991.0
end_to_end_latency,792,29941.0
end_to_end_latency,793,29891.0
end_to_end_latency,794,29841.0
end_to_end_latency,795,29791.0
end_to_end_latency,796,29741.0
end_to_end_latency,797,29691.0
end_to_end_latency,798,29641.0
end_to_end_latency,799,29592.0
end_to_end_latency,800,29542.0
end_to_end_latency,801,29492.0
end_to_end_latency,802,29442.0
end_to_end_latency,803,29393.0
end_to_end_latency,804,29342.0
end_to_end_latency,805,29293.0
end_to_end_latency,806,29243.0
end_to_end_latency,807,29194.0
end_to_end_latency,808,29143.0
end_to_end_latency,809,29094.0
end_to_end_latency,810,29043.0
end_to_end_latency,811,28993.0
end_to_end_latency,812,28943.0
end_to_end_latency,813,28893.0
end_to_end_latency,814,28844.0
end_to_end_latency,815,28793.0
end_to_end_latency,816,28743.0
end_to_end_latency,817,28694.0
end_to_end_latency,818,28644.0
end_to_end_latency,819,28594.0
end_to_end_latency,820,28543.0
end_to_end_latency,821,28494.0
end_to_end_latency,822,28443.0
end_to_end_latency,823,28394.0
end_to_end_latency,824,28344.0
end_to_end_latency,825,28293.0
end_to_end_latency,930,23044.0
end_to_end_latency,931,22994.0
end_to_end_latency,932,22944.0
end_to_end_latency,933,22894.0
end_to_end_latency,934,22844.0
end_to_end_latency,935,22795.0
end_to_end_latency,936,22744.0
end_to_end_latency,937,22695.0
end_to_end_latency,938,22645.0
end_to_end_latency,939,22594.0
end_to_end_latency,940,22544.0
end_to_end_latency,941,22495.0
end_to_end_latency,942,22444.0
end_to_end_latency,943,22394.0
end_to_end_latency,944,22344.0
end_to_end_latency,945,22294.0
end_to_end_latency,946,22244.0
end_to_end_latency,947,22195.0
end_to_end_latency,948,22145.0
end_to_end_latency,949,22095.0
end_to_end_latency,950,22045.0
end_to_end_latency,951,21995.0
end_to_end_latency,952,21946.0
end_to_end_latency,953,21895.0
end_to_end_latency,954,21845.0
end_to_end_latency,955,21795.0
end_to_end_latency,956,21745.0
end_to_end_latency,957,21695.0
end_to_end_latency,958,21645.0
end_to_end_latency,959,21596.0
end_to_end_latency,960,21545.0
end_to_end_latency,961,21495.0
end_to_end_latency,962,21445.0
end_to_end_latency,963,21395.0
end_to_end_latency,964,21345.0
end_to_end_latency,965,21295.0
end_to_end_latency,966,21245.0
end_to_end_latency,967,21195.0
end_to_end_latency,968,21146.0
end_to_end_latency,969,21095.0
end_to_end_latency,970,21046.0
end_to_end_latency,971,20995.0
end_to_end_latency,972,20945.0
end_to_end_latency,973,20895.0
end_to_end_latency,974,20845.0
end_to_end_latency,975,20795.0
end_to_end_latency,976,20746.0
end_to_end_latency,977,20695.0
end_to_end_latency,978,20645.0
end_to_end_latency,979,20595.0
end_to_end_latency,980,20546.0
end_to_end_latency,981,20496.0
end_to_end_latency,982,20445.0
end_to_end_latency,983,20396.0
end_to_end_latency,984,20345.0
end_to_end_latency,985,20295.0
end_to_end_latency,986,20245.0
end_to_end_latency,987,20195.0
end_to_end_latency,988,20145.0
end_to_end_latency,989,20095.0
end_to_end_latency,990,20046.0
end_to_end_latency,991,19995.0
end_to_end_latency,992,19945.0
end_to_end_latency,993,19896.0
end_to_end_latency,994,19845.0
end_to_end_latency,995,19795.0
end_to_end_latency,996,19745.0
end_to_end_latency,997,19696.0
end_to_end_latency,998,19645.0
end_to_end_latency,999,19595.0
end_to_end_latency,1000,19545.0
end_to_end_latency,1001,19495.0
end_to_end_latency,1002,19444.0
end_to_end_latency,1003,19395.0
end_to_end_latency,1004,19346.0
end_to_end_latency,1005,19295.0
end_to_end_latency,1006,19245.0
end_to_end_latency,1007,19196.0
end_to_end_latency,1008,19145.0
end_to_end_latency,1009,19095.0
end_to_end_latency,1010,19045.0
end_to_end_latency,1011,18995.0
end_to_end_latency,1012,18945.0
end_to_end_latency,1013,18896.0
end_to_end_latency,1014,18845.0
end_to_end_latency,1015,18795.0
end_to_end_latency,1016,18745.0
end_to_end_latency,1017,18696.0
end_to_end_latency,1018,18645.0
end_to_end_latency,1019,18595.0
end_to_end_latency,1020,18545.0
end_to_end_latency,1021,18495.0
end_to_end_latency,1022,18445.0
end_to_end_latency,1023,18395.0
end_to_end_latency,1024,18345.0
end_to_end_latency,1025,18295.0
end_to_end_latency,1026,18245.0
end_to_end_latency,1027,18195.0
end_to_end_latency,1028,18145.0
end_to_end_latency,1029,18095.0
end_to_end_latency,1030,18045.0
end_to_end_latency,1031,17995.0
end_to_end_latency,1032,17946.0
end_to_end_latency,1033,17895.0
end_to_end_latency,1034,17845.0
end_to_end_latency,1035,17795.0
end_to_end_latency,1036,17745.0
end_to_end_latency,1037,17695.0
end_to_end_latency,1038,17645.0
end_to_end_latency,1039,17595.0
end_to_end_latency,1040,17546.0
end_to_end_latency,1041,17495.0
end_to_end_latency,1042,17446.0
end_to_end_latency,1043,17395.0
end_to_end_latency,1044,17345.0
end_to_end_latency,1045,17296.0
end_to_end_latency,1046,17245.0
end_to_end_latency,1047,17195.0
end_to_end_latency,1048,17146.0
end_to_end_latency,1049,17095.0
end_to_end_latency,1050,17045.0
end_to_end_latency,1051,16996.0
end_to_end_latency,1052,16945.0
end_to_end_latency,1053,16895.0
end_to_end_latency,1054,16845.0
end_to_end_latency,1055,16795.0
end_to_end_latency,1056,16745.0
end_to_end_latency,1057,16695.0
end_to_end_latency,1058,16645.0
end_to_end_latency,1212,28890.0
end_to_end_latency,1213,28843.0
end_to_end_latency,1214,28793.0
end_to_end_latency,1215,28743.0
end_to_end_latency,1216,28693.0
end_to_end_latency,1217,28643.0
end_to_end_latency,1218,28592.0
end_to_end_latency,1219,28543.0
end_to_end_latency,1220,28493.0
end_to_end_latency,1221,28443.0
end_to_end_latency,1222,28393.0
end_to_end_latency,1223,28343.0
end_to_end_latency,1224,28292.0
end_to_end_latency,1225,28241.0
end_to_end_latency,1226,28193.0
end_to_end_latency,1227,28142.0
end_to_end_latency,1228,28092.0
end_to_end_latency,1229,28042.0
end_to_end_latency,1230,27993.0
end_to_end_latency,1231,27942.0
end_to_end_latency,1232,27892.0
end_to_end_latency,1233,27841.0
end_to_end_latency,1234,27792.0
end_to_end_latency,1235,27742.0
end_to_end_latency,1236,27692.0
end_to_end_latency,1237,27642.0
end_to_end_latency,1238,27592.0
end_to_end_latency,1239,27543.0
end_to_end_latency,1240,27493.0
end_to_end_latency,1241,27443.0
end_to_end_latency,1242,27393.0
end_to_end_latency,1243,27343.0
end_to_end_latency,1244,27293.0
end_to_end_latency,1245,27243.0
end_to_end_latency,1246,27192.0
end_to_end_latency,1247,27142.0
end_to_end_latency,1248,27092.0
end_to_end_latency,1249,27042.0
end_to_end_latency,1250,26991.0
end_to_end_latency,1251,26942.0
end_to_end_latency,1252,26892.0
end_to_end_latency,1253,26842.0
end_to_end_latency,1254,26793.0
end_to_end_latency,1255,26743.0
end_to_end_latency,1256,26692.0
end_to_end_latency,1257,26642.0
end_to_end_latency,1258,26592.0
end_to_end_latency,1259,26542.0
end_to_end_latency,1260,26492.0
end_to_end_latency,1261,26442.0
end_to_end_latency,1262,26393.0
end_to_end_latency,1263,26343.0
end_to_end_latency,1264,26293.0
end_to_end_latency,1265,26243.0
end_to_end_latency,1266,26192.0
end_to_end_latency,1267,26143.0
end_to_end_latency,1268,26092.0
end_to_end_latency,1269,26042.0
end_to_end_latency,1270,25992.0
end_to_end_latency,1271,25942.0
end_to_end_latency,1272,25892.0
end_to_end_latency,1273,25842.0
end_to_end_latency,1274,25792.0
end_to_end_latency,1275,25742.0
end_to_end_latency,1276,25693.0
end_to_end_latency,1277,25643.0
end_to_end_latency,1278,25593.0
end_to_end_latency,1279,25543.0
end_to_end_latency,1280,25493.0
end_to_end_latency,1281,25443.0
end_to_end_latency,1282,25392.0
end_to_end_latency,1283,25343.0
end_to_end_latency,1284,25293.0
end_to_end_latency,1285,25243.0
end_to_end_latency,1286,25193.0
end_to_end_latency,1287,25142.0
end_to_end_latency,1288,25093.0
end_to_end_latency,1289,25043.0
end_to_end_latency,1290,24993.0
end_to_end_latency,1291,24943.0
end_to_end_latency,1292,24892.0
end_to_end_latency,1293,24842.0
end_to_end_latency,1294,24792.0
end_to_end_latency,1295,24743.0
end_to_end_latency,1296,24692.0
end_to_end_latency,1297,24641.0
end_to_end_latency,1298,24593.0
end_to_end_latency,1299,24543.0
end_to_end_latency,1300,24493.0
end_to_end_latency,1301,24443.0
end_to_end_latency,1302,24392.0
end_to_end_latency,1303,24342.0
end_to_end_latency,1304,24293.0
end_to_end_latency,1305,24243.0
end_to_end_latency,1306,24193.0
end_to_end_latency,1307,24142.0
end_to_end_latency,1308,24093.0
end_to_end_latency,1309,24043.0
end_to_end_latency,1310,23993.0
end_to_end_latency,1311,23941.0
end_to_end_latency,1312,23893.0
end_to_end_latency,1313,23843.0
end_to_end_latency,1314,23792.0
end_to_end_latency,1315,23743.0
end_to_end_latency,0,1707.0
end_to_end_latency,1,1657.0
end_to_end_latency,8,1972.0
end_to_end_latency,9,1921.0
end_to_end_latency,10,1872.0
end_to_end_latency,11,1822.0
end_to_end_latency,12,1772.0
end_to_end_latency,13,1722.0
end_to_end_latency,14,1672.0
end_to_end_latency,15,1622.0
end_to_end_latency,16,1572.0
end_to_end_latency,17,1522.0
end_to_end_latency,18,1472.0
end_to_end_latency,19,1421.0
end_to_end_latency,20,1372.0
end_to_end_latency,21,1322.0
end_to_end_latency,22,1273.0
end_to_end_latency,23,1223.0
end_to_end_latency,27,1023.0
end_to_end_latency,28,973.0
end_to_end_latency,29,1452.0
end_to_end_latency,30,1402.0
end_to_end_latency,31,1352.0
end_to_end_latency,32,1302.0
end_to_end_latency,33,1252.0
end_to_end_latency,34,1202.0
end_to_end_latency,36,1826.0
end_to_end_latency,37,1776.0
end_to_end_latency,38,2243.0
end_to_end_latency,39,2192.0
end_to_end_latency,49,1693.0
end_to_end_latency,50,1643.0
end_to_end_latency,51,1593.0
end_to_end_latency,52,1542.0
end_to_end_latency,53,1493.0
end_to_end_latency,54,1443.0
end_to_end_latency,55,1393.0
end_to_end_latency,56,1343.0
end_to_end_latency,57,1292.0
end_to_end_latency,58,1243.0
end_to_end_latency,59,1192.0
end_to_end_latency,60,1143.0
end_to_end_latency,61,1093.0
end_to_end_latency,62,1043.0
end_to_end_latency,63,1820.0
end_to_end_latency,64,1770.0
end_to_end_latency,69,1519.0
end_to_end_latency,70,1470.0
end_to_end_latency,71,1420.0
end_to_end_latency,72,1932.0
end_to_end_latency,73,1882.0
end_to_end_latency,74,1832.0
end_to_end_latency,75,1782.0
end_to_end_latency,76,1732.0
end_to_end_latency,77,1682.0
end_to_end_latency,78,1632.0
end_to_end_latency,79,1582.0
end_to_end_latency,80,1532.0
end_to_end_latency,81,1482.0
end_to_end_latency,82,1431.0
end_to_end_latency,83,1382.0
end_to_end_latency,84,1332.0
end_to_end_latency,85,1282.0
end_to_end_latency,86,1232.0
end_to_end_latency,100,1414.0
end_to_end_latency,101,1364.0
end_to_end_latency,102,1314.0
end_to_end_latency,103,1264.0
end_to_end_latency,104,1214.0
end_to_end_latency,105,1552.0
end_to_end_latency,106,1502.0
end_to_end_latency,107,1452.0
end_to_end_latency,108,1401.0
end_to_end_latency,109,1352.0
end_to_end_latency,110,1302.0
end_to_end_latency,111,1252.0
end_to_end_latency,112,1201.0
end_to_end_latency,113,1152.0
end_to_end_latency,114,1101.0
end_to_end_latency,115,1051.0
end_to_end_latency,116,1002.0
end_to_end_latency,117,1753.0
end_to_end_latency,118,1703.0
end_to_end_latency,134,1467.0
end_to_end_latency,135,1416.0
end_to_end_latency,136,1367.0
end_to_end_latency,137,1316.0
end_to_end_latency,138,1654.0
end_to_end_latency,139,1603.0
end_to_end_latency,140,1554.0
end_to_end_latency,141,1504.0
end_to_end_latency,142,1454.0
end_to_end_latency,143,1404.0
end_to_end_latency,144,1353.0
end_to_end_latency,145,1303.0
end_to_end_latency,146,1253.0
end_to_end_latency,147,1204.0
end_to_end_latency,165,1223.0
end_to_end_latency,166,1174.0
end_to_end_latency,167,1124.0
end_to_end_latency,168,1074.0
end_to_end_latency,187,1374.0
end_to_end_latency,188,1323.0
end_to_end_latency,189,1980.0
end_to_end_latency,190,1929.0
end_to_end_latency,191,1878.0
end_to_end_latency,192,1829.0
end_to_end_latency,193,1778.0
end_to_end_latency,194,1729.0
end_to_end_latency,195,1679.0
end_to_end_latency,196,1628.0
end_to_end_latency,197,1579.0
end_to_end_latency,198,1529.0
end_to_end_latency,199,1480.0
end_to_end_latency,200,1429.0
end_to_end_latency,201,1378.0
end_to_end_latency,202,1329.0
end_to_end_latency,220,1775.0
end_to_end_latency,221,1725.0
end_to_end_latency,222,1675.0
end_to_end_latency,223,1626.0
end_to_end_latency,224,1576.0
end_to_end_latency,225,1525.0
end_to_end_latency,226,1476.0
end_to_end_latency,227,1426.0
end_to_end_latency,228,1376.0
end_to_end_latency,229,1325.0
end_to_end_latency,230,1276.0
end_to_end_latency,231,1225.0
end_to_end_latency,232,1174.0
end_to_end_latency,233,1125.0
end_to_end_latency,234,1076.0
end_to_end_latency,235,1026.0
end_to_end_latency,236,976.0
end_to_end_latency,237,2281.0
end_to_end_latency,238,2231.0
end_to_end_latency,239,2182.0
end_to_end_latency,240,2132.0
end_to_end_latency,241,2082.0
end_to_end_latency,242,2031.0
end_to_end_latency,243,1982.0
end_to_end_latency,244,1931.0
end_to_end_latency,245,1882.0
end_to_end_latency,246,1831.0
end_to_end_latency,247,1781.0
end_to_end_latency,248,1731.0
end_to_end_latency,249,1681.0
end_to_end_latency,250,1631.0
end_to_end_latency,251,1581.0
end_to_end_latency,252,1531.0
end_to_end_latency,253,1481.0
end_to_end_latency,254,1431.0
end_to_end_latency,255,1382.0
end_to_end_latency,256,1332.0
end_to_end_latency,257,1281.0
end_to_end_latency,258,1231.0
end_to_end_latency,259,2495.0
end_to_end_latency,260,2444.0
end_to_end_latency,261,2395.0
end_to_end_latency,262,2344.0
end_to_end_latency,263,2295.0
end_to_end_latency,264,2244.0
end_to_end_latency,265,2195.0
end_to_end_latency,266,2145.0
end_to_end_latency,267,2094.0
end_to_end_latency,268,2045.0
end_to_end_latency,269,1994.0
end_to_end_latency,270,1945.0
end_to_end_latency,271,1894.0
end_to_end_latency,272,1844.0
end_to_end_latency,273,1794.0
end_to_end_latency,274,1744.0
end_to_end_latency,291,2103.0
end_to_end_latency,292,2053.0
end_to_end_latency,293,2004.0
end_to_end_latency,294,1955.0
end_to_end_latency,295,1905.0
end_to_end_latency,296,1855.0
end_to_end_latency,297,1804.0
end_to_end_latency,298,1755.0
end_to_end_latency,299,1704.0
end_to_end_latency,300,1655.0
end_to_end_latency,301,1604.0
end_to_end_latency,302,1554.0
end_to_end_latency,303,1505.0
end_to_end_latency,304,1455.0
end_to_end_latency,305,1404.0
end_to_end_latency,306,1354.0
end_to_end_latency,307,1304.0
end_to_end_latency,308,1255.0
end_to_end_latency,309,1204.0
end_to_end_latency,310,1155.0
end_to_end_latency,311,2345.0
end_to_end_latency,312,2294.0
end_to_end_latency,313,4856.0
end_to_end_latency,314,4806.0
end_to_end_latency,315,4755.0
end_to_end_latency,316,4705.0
end_to_end_latency,317,4655.0
end_to_end_latency,318,4605.0
end_to_end_latency,319,4555.0
end_to_end_latency,320,4505.0
end_to_end_latency,321,4456.0
end_to_end_latency,322,4405.0
end_to_end_latency,323,4355.0
end_to_end_latency,324,4305.0
end_to_end_latency,325,4255.0
end_to_end_latency,326,4205.0
end_to_end_latency,327,4154.0
end_to_end_latency,328,4106.0
end_to_end_latency,329,4056.0
end_to_end_latency,330,4004.0
end_to_end_latency,331,3955.0
end_to_end_latency,332,3905.0
end_to_end_latency,333,3855.0
end_to_end_latency,334,3805.0
end_to_end_latency,335,3756.0
end_to_end_latency,336,3706.0
end_to_end_latency,337,3657.0
end_to_end_latency,338,3607.0
end_to_end_latency,339,3556.0
end_to_end_latency,340,3507.0
end_to_end_latency,341,3456.0
end_to_end_latency,342,3407.0
end_to_end_latency,352,8985.0
end_to_end_latency,353,8936.0
end_to_end_latency,354,8885.0
end_to_end_latency,355,8836.0
end_to_end_latency,356,8786.0
end_to_end_latency,357,8735.0
end_to_end_latency,358,8685.0
end_to_end_latency,359,8636.0
end_to_end_latency,360,8585.0
end_to_end_latency,361,8535.0
end_to_end_latency,362,8485.0
end_to_end_latency,363,8435.0
end_to_end_latency,364,8385.0
end_to_end_latency,365,8335.0
end_to_end_latency,366,8286.0
end_to_end_latency,367,8237.0
end_to_end_latency,368,8186.0
end_to_end_latency,369,8136.0
end_to_end_latency,370,8087.0
end_to_end_latency,371,8036.0
end_to_end_latency,372,7986.0
end_to_end_latency,373,7936.0
end_to_end_latency,374,7887.0
end_to_end_latency,375,7836.0
end_to_end_latency,376,7787.0
end_to_end_latency,377,7736.0
end_to_end_latency,378,7686.0
end_to_end_latency,379,7636.0
end_to_end_latency,380,7585.0
end_to_end_latency,383,7438.0
end_to_end_latency,384,7387.0
end_to_end_latency,385,7337.0
end_to_end_latency,386,7288.0
end_to_end_latency,387,7237.0
end_to_end_latency,388,7188.0
end_to_end_latency,389,7138.0
end_to_end_latency,390,7087.0
end_to_end_latency,391,7038.0
end_to_end_latency,392,6987.0
end_to_end_latency,393,6937.0
end_to_end_latency,394,6887.0
end_to_end_latency,395,6837.0
end_to_end_latency,396,6788.0
end_to_end_latency,397,6737.0
end_to_end_latency,398,6687.0
end_to_end_latency,399,6638.0
end_to_end_latency,400,6588.0
end_to_end_latency,401,6537.0
end_to_end_latency,402,6487.0
end_to_end_latency,403,6437.0
end_to_end_latency,404,6387.0
end_to_end_latency,405,6337.0
end_to_end_latency,406,6288.0
end_to_end_latency,407,6237.0
end_to_end_latency,408,6188.0
end_to_end_latency,409,6136.0
end_to_end_latency,410,6087.0
end_to_end_latency,411,6038.0
end_to_end_latency,412,5989.0
end_to_end_latency,413,5938.0
end_to_end_latency,414,5888.0
end_to_end_latency,415,5838.0
end_to_end_latency,416,5788.0
end_to_end_latency,417,5737.0
end_to_end_latency,418,5688.0
end_to_end_latency,419,5638.0
end_to_end_latency,420,5588.0
end_to_end_latency,421,5538.0
end_to_end_latency,422,5488.0
end_to_end_latency,423,5438.0
end_to_end_latency,424,5388.0
end_to_end_latency,425,5337.0
end_to_end_latency,426,5288.0
end_to_end_latency,427,5238.0
end_to_end_latency,428,5189.0
end_to_end_latency,445,8879.0
end_to_end_latency,446,8829.0
end_to_end_latency,447,8779.0
end_to_end_latency,448,8730.0
end_to_end_latency,449,8679.0
end_to_end_latency,450,8629.0
end_to_end_latency,451,8580.0
end_to_end_latency,452,8529.0
end_to_end_latency,453,8479.0
end_to_end_latency,454,8430.0
end_to_end_latency,455,8379.0
end_to_end_latency,456,8329.0
end_to_end_latency,457,8278.0
end_to_end_latency,458,8228.0
end_to_end_latency,459,8178.0
end_to_end_latency,460,8129.0
end_to_end_latency,461,8079.0
end_to_end_latency,462,8029.0
end_to_end_latency,463,7980.0
end_to_end_latency,464,7929.0
end_to_end_latency,465,7879.0
end_to_end_latency,466,7830.0
end_to_end_latency,467,7779.0
end_to_end_latency,468,7729.0
end_to_end_latency,469,7679.0
end_to_end_latency,470,7629.0
end_to_end_latency,471,7579.0
end_to_end_latency,472,7530.0
end_to_end_latency,473,7479.0
end_to_end_latency,474,7430.0
end_to_end_latency,475,7379.0
end_to_end_latency,476,7329.0
end_to_end_latency,477,7280.0
end_to_end_latency,478,7229.0
end_to_end_latency,479,7179.0
end_to_end_latency,480,7129.0
end_to_end_latency,481,7079.0
end_to_end_latency,482,7029.0
end_to_end_latency,483,6979.0
end_to_end_latency,484,6930.0
end_to_end_latency,485,6880.0
end_to_end_latency,486,6830.0
end_to_end_latency,487,6780.0
end_to_end_latency,488,6731.0
end_to_end_latency,489,6680.0
end_to_end_latency,490,6630.0
end_to_end_latency,491,6580.0
end_to_end_latency,492,6530.0
end_to_end_latency,493,6480.0
end_to_end_latency,494,6430.0
end_to_end_latency,495,6381.0
end_to_end_latency,496,6330.0
end_to_end_latency,497,6280.0
end_to_end_latency,498,6230.0
end_to_end_latency,499,6180.0
end_to_end_latency,500,6130.0
end_to_end_latency,501,6080.0
end_to_end_latency,535,7516.0
end_to_end_latency,536,7466.0
end_to_end_latency,537,7417.0
end_to_end_latency,538,7366.0
end_to_end_latency,539,7316.0
end_to_end_latency,540,7266.0
end_to_end_latency,541,7215.0
end_to_end_latency,542,7167.0
end_to_end_latency,543,7116.0
end_to_end_latency,544,7065.0
end_to_end_latency,545,7016.0
end_to_end_latency,546,6966.0
end_to_end_latency,547,6916.0
end_to_end_latency,548,6866.0
end_to_end_latency,549,6816.0
end_to_end_latency,550,6766.0
end_to_end_latency,551,6716.0
end_to_end_latency,552,6666.0
end_to_end_latency,553,6616.0
end_to_end_latency,554,6566.0
end_to_end_latency,555,6516.0
end_to_end_latency,556,6466.0
end_to_end_latency,557,6416.0
end_to_end_latency,558,6366.0
end_to_end_latency,559,6316.0
end_to_end_latency,560,6267.0
end_to_end_latency,561,6217.0
end_to_end_latency,562,6168.0
end_to_end_latency,563,6117.0
end_to_end_latency,564,6066.0
end_to_end_latency,565,6017.0
end_to_end_latency,566,5967.0
end_to_end_latency,567,5917.0
end_to_end_latency,568,5867.0
end_to_end_latency,569,5817.0
end_to_end_latency,570,5766.0
end_to_end_latency,571,5716.0
end_to_end_latency,572,5667.0
end_to_end_latency,573,5616.0
end_to_end_latency,574,5567.0
end_to_end_latency,575,5517.0
end_to_end_latency,576,5467.0
end_to_end_latency,577,5417.0
end_to_end_latency,578,5367.0
end_to_end_latency,579,5317.0
end_to_end_latency,580,5267.0
end_to_end_latency,581,5217.0
end_to_end_latency,582,5167.0
end_to_end_latency,583,5117.0
end_to_end_latency,584,5067.0
end_to_end_latency,585,5017.0
end_to_end_latency,586,4967.0
end_to_end_latency,587,4917.0
end_to_end_latency,588,4868.0
end_to_end_latency,589,4817.0
end_to_end_latency,590,4767.0
end_to_end_latency,591,4717.0
end_to_end_latency,592,4668.0
end_to_end_latency,593,4617.0
end_to_end_latency,594,4568.0
end_to_end_latency,595,4517.0
end_to_end_latency,596,4468.0
end_to_end_latency,597,4415.0
end_to_end_latency,598,4367.0
end_to_end_latency,676,35716.0
end_to_end_latency,677,35666.0
end_to_end_latency,678,35616.0
end_to_end_latency,679,35566.0
end_to_end_latency,680,35516.0
end_to_end_latency,681,35466.0
end_to_end_latency,682,35416.0
end_to_end_latency,683,35366.0
end_to_end_latency,684,35316.0
end_to_end_latency,685,35266.0
end_to_end_latency,686,35216.0
end_to_end_latency,687,35164.0
end_to_end_latency,688,35114.0
end_to_end_latency,689,35064.0
end_to_end_latency,690,35014.0
end_to_end_latency,691,34965.0
end_to_end_latency,692,34916.0
end_to_end_latency,693,34866.0
end_to_end_latency,694,34816.0
end_to_end_latency,695,34766.0
end_to_end_latency,696,34716.0
end_to_end_latency,697,34666.0
end_to_end_latency,698,34616.0
end_to_end_latency,699,34566.0
end_to_end_latency,700,34516.0
end_to_end_latency,701,34466.0
end_to_end_latency,702,34415.0
end_to_end_latency,703,34366.0
end_to_end_latency,704,34315.0
end_to_end_latency,705,34266.0
end_to_end_latency,706,34216.0
end_to_end_latency,707,34166.0
end_to_end_latency,708,34116.0
end_to_end_latency,709,34066.0
end_to_end_latency,710,34015.0
end_to_end_latency,711,33966.0
end_to_end_latency,712,33915.0
end_to_end_latency,713,33866.0
end_to_end_latency,714,33816.0
end_to_end_latency,715,33766.0
end_to_end_latency,716,33716.0
end_to_end_latency,717,33665.0
end_to_end_latency,718,33615.0
end_to_end_latency,719,33564.0
end_to_end_latency,720,33514.0
end_to_end_latency,721,33465.0
end_to_end_latency,722,33415.0
end_to_end_latency,723,33364.0
end_to_end_latency,724,33314.0
end_to_end_latency,725,33264.0
end_to_end_latency,726,33214.0
end_to_end_latency,727,33164.0
end_to_end_latency,728,33114.0
end_to_end_latency,729,33064.0
end_to_end_latency,730,33015.0
end_to_end_latency,731,32968.0
end_to_end_latency,732,32918.0
end_to_end_latency,733,32868.0
end_to_end_latency,734,32817.0
end_to_end_latency,735,32768.0
end_to_end_latency,736,32717.0
end_to_end_latency,737,32668.0
end_to_end_latency,738,32618.0
end_to_end_latency,739,32568.0
end_to_end_latency,740,32518.0
end_to_end_latency,741,32468.0
end_to_end_latency,742,32417.0
end_to_end_latency,743,32368.0
end_to_end_latency,744,32318.0
end_to_end_latency,745,32268.0
end_to_end_latency,746,32218.0
end_to_end_latency,747,32168.0
end_to_end_latency,748,32118.0
end_to_end_latency,749,32068.0
end_to_end_latency,750,32018.0
end_to_end_latency,751,31968.0
end_to_end_latency,752,31918.0
end_to_end_latency,753,31867.0
end_to_end_latency,754,31817.0
end_to_end_latency,755,31766.0
end_to_end_latency,756,31716.0
end_to_end_latency,757,31667.0
end_to_end_latency,758,31618.0
end_to_end_latency,759,31568.0
end_to_end_latency,760,31518.0
end_to_end_latency,761,31468.0
end_to_end_latency,762,31418.0
end_to_end_latency,763,31368.0
end_to_end_latency,764,31317.0
end_to_end_latency,765,31268.0
end_to_end_latency,766,31218.0
end_to_end_latency,767,31168.0
end_to_end_latency,768,31118.0
end_to_end_latency,769,31068.0
end_to_end_latency,770,31017.0
end_to_end_latency,771,30968.0
end_to_end_latency,772,30917.0
end_to_end_latency,773,30867.0
end_to_end_latency,774,30818.0
end_to_end_latency,775,30768.0
end_to_end_latency,776,30718.0
end_to_end_latency,777,30668.0
end_to_end_latency,778,30617.0
end_to_end_latency,779,30568.0
end_to_end_latency,780,30518.0
end_to_end_latency,781,30468.0
end_to_end_latency,782,30418.0
end_to_end_latency,783,30367.0
end_to_end_latency,784,30318.0
end_to_end_latency,785,30268.0
end_to_end_latency,786,30218.0
end_to_end_latency,787,30168.0
end_to_end_latency,788,30117.0
end_to_end_latency,789,30068.0
end_to_end_latency,790,30018.0
end_to_end_latency,791,29968.0
end_to_end_latency,792,29918.0
end_to_end_latency,793,29868.0
end_to_end_latency,794,29818.0
end_to_end_latency,795,29768.0
end_to_end_latency,796,29717.0
end_to_end_latency,797,29668.0
end_to_end_latency,798,29618.0
end_to_end_latency,799,29569.0
end_to_end_latency,800,29520.0
end_to_end_latency,801,29470.0
end_to_end_latency,802,29420.0
end_to_end_latency,803,29370.0
end_to_end_latency,804,29320.0
end_to_end_latency,805,29270.0
end_to_end_latency,806,29220.0
end_to_end_latency,807,29170.0
end_to_end_latency,808,29120.0
end_to_end_latency,809,29070.0
end_to_end_latency,810,29020.0
end_to_end_latency,811,28970.0
end_to_end_latency,812,28920.0
end_to_end_latency,813,28870.0
end_to_end_latency,814,28820.0
end_to_end_latency,815,28770.0
end_to_end_latency,816,28720.0
end_to_end_latency,817,28670.0
end_to_end_latency,927,23170.0
end_to_end_latency,928,23120.0
end_to_end_latency,929,23070.0
end_to_end_latency,930,23019.0
end_to_end_latency,931,22970.0
end_to_end_latency,932,22920.0
end_to_end_latency,933,22870.0
end_to_end_latency,934,22820.0
end_to_end_latency,935,22770.0
end_to_end_latency,936,22719.0
end_to_end_latency,937,22669.0
end_to_end_latency,938,22619.0
end_to_end_latency,939,22569.0
end_to_end_latency,940,22519.0
end_to_end_latency,941,22470.0
end_to_end_latency,942,22420.0
end_to_end_latency,943,22371.0
end_to_end_latency,944,42267.0
end_to_end_latency,945,42218.0
end_to_end_latency,946,42168.0
end_to_end_latency,947,42118.0
end_to_end_latency,948,42068.0
end_to_end_latency,949,42018.0
end_to_end_latency,950,41968.0
end_to_end_latency,951,41918.0
end_to_end_latency,952,41868.0
end_to_end_latency,953,41817.0
end_to_end_latency,954,41768.0
end_to_end_latency,955,41718.0
end_to_end_latency,956,41668.0
end_to_end_latency,957,41617.0
end_to_end_latency,958,41568.0
end_to_end_latency,959,41517.0
end_to_end_latency,960,41468.0
end_to_end_latency,961,41418.0
end_to_end_latency,962,41368.0
end_to_end_latency,963,41318.0
end_to_end_latency,964,41268.0
end_to_end_latency,965,41217.0
end_to_end_latency,966,41168.0
end_to_end_latency,967,41118.0
end_to_end_latency,968,41068.0
end_to_end_latency,969,41017.0
end_to_end_latency,970,40968.0
end_to_end_latency,971,40917.0
end_to_end_latency,972,40868.0
end_to_end_latency,973,40818.0
end_to_end_latency,974,40767.0
end_to_end_latency,975,40718.0
end_to_end_latency,976,40668.0
end_to_end_latency,977,40618.0
end_to_end_latency,978,40568.0
end_to_end_latency,979,40518.0
end_to_end_latency,980,40467.0
end_to_end_latency,981,40418.0
end_to_end_latency,982,40367.0
end_to_end_latency,983,40318.0
end_to_end_latency,984,40268.0
end_to_end_latency,985,40217.0
end_to_end_latency,986,40168.0
end_to_end_latency,987,40118.0
end_to_end_latency,988,40068.0
end_to_end_latency,989,40018.0
end_to_end_latency,990,39967.0
end_to_end_latency,991,39918.0
end_to_end_latency,992,39868.0
end_to_end_latency,993,39818.0
end_to_end_latency,994,39768.0
end_to_end_latency,995,39717.0
end_to_end_latency,996,39668.0
end_to_end_latency,997,39618.0
end_to_end_latency,998,39568.0
end_to_end_latency,999,39517.0
end_to_end_latency,1000,39467.0
end_to_end_latency,1001,39418.0
end_to_end_latency,1002,39367.0
end_to_end_latency,1003,39317.0
end_to_end_latency,1004,39268.0
end_to_end_latency,1005,39217.0
end_to_end_latency,1006,39168.0
end_to_end_latency,1007,39117.0
end_to_end_latency,1008,39067.0
end_to_end_latency,1009,39017.0
end_to_end_latency,1010,38967.0
end_to_end_latency,1011,38917.0
end_to_end_latency,1012,38867.0
end_to_end_latency,1013,38817.0
end_to_end_latency,1014,38768.0
end_to_end_latency,1015,38717.0
end_to_end_latency,1016,38668.0
end_to_end_latency,1017,38618.0
end_to_end_latency,1018,38568.0
end_to_end_latency,1019,38518.0
end_to_end_latency,1020,38468.0
end_to_end_latency,1021,38418.0
end_to_end_latency,1022,38367.0
end_to_end_latency,1023,38317.0
end_to_end_latency,1024,38268.0
end_to_end_latency,1025,38218.0
end_to_end_latency,1026,38167.0
end_to_end_latency,1027,38118.0
end_to_end_latency,1028,38067.0
end_to_end_latency,1029,38018.0
end_to_end_latency,1030,37967.0
end_to_end_latency,1031,37918.0
end_to_end_latency,1032,37868.0
end_to_end_latency,1033,37817.0
end_to_end_latency,1034,37768.0
end_to_end_latency,1035,37717.0
end_to_end_latency,1036,37668.0
end_to_end_latency,1037,37617.0
end_to_end_latency,1038,37568.0
end_to_end_latency,1039,37517.0
end_to_end_latency,1040,37468.0
end_to_end_latency,1041,37418.0
end_to_end_latency,1042,37367.0
end_to_end_latency,1043,37318.0
end_to_end_latency,1044,37267.0
end_to_end_latency,1045,37218.0
end_to_end_latency,1046,37168.0
end_to_end_latency,1047,37118.0
end_to_end_latency,1048,37068.0
end_to_end_latency,1049,37017.0
end_to_end_latency,1050,36968.0
end_to_end_latency,1051,36822.0
end_to_end_latency,1052,36821.0
end_to_end_latency,1053,36818.0
end_to_end_latency,1054,36767.0
end_to_end_latency,1055,36717.0
end_to_end_latency,1056,36667.0
end_to_end_latency,1057,36617.0
end_to_end_latency,1058,36567.0
end_to_end_latency,1059,36517.0
end_to_end_latency,1060,36467.0
end_to_end_latency,1061,36417.0
end_to_end_latency,1062,36367.0
end_to_end_latency,1063,36317.0
end_to_end_latency,1064,36268.0
end_to_end_latency,1065,36218.0
end_to_end_latency,1066,36168.0
end_to_end_latency,1067,36118.0
end_to_end_latency,1068,36068.0
end_to_end_latency,1069,36018.0
end_to_end_latency,1070,35968.0
end_to_end_latency,1071,35918.0
end_to_end_latency,1072,35867.0
end_to_end_latency,1073,35817.0
end_to_end_latency,1074,35767.0
end_to_end_latency,1075,35717.0
end_to_end_latency,1076,35667.0
end_to_end_latency,1077,35617.0
end_to_end_latency,1208,29069.0
end_to_end_latency,1209,29020.0
end_to_end_latency,1210,28969.0
end_to_end_latency,1211,28920.0
end_to_end_latency,1212,28870.0
end_to_end_latency,1213,28819.0
end_to_end_latency,1214,28770.0
end_to_end_latency,1215,28719.0
end_to_end_latency,1216,28668.0
end_to_end_latency,1217,28619.0
end_to_end_latency,1218,28568.0
end_to_end_latency,1219,28519.0
end_to_end_latency,1220,28469.0
end_to_end_latency,1221,28419.0
end_to_end_latency,1222,28369.0
end_to_end_latency,1223,28319.0
end_to_end_latency,1224,28270.0
end_to_end_latency,1225,28219.0
end_to_end_latency,1226,28169.0
end_to_end_latency,1227,28120.0
end_to_end_latency,1228,28069.0
end_to_end_latency,1229,28020.0
end_to_end_latency,1230,27970.0
end_to_end_latency,1231,27920.0
end_to_end_latency,1232,27869.0
end_to_end_latency,1233,27820.0
end_to_end_latency,1234,27769.0
end_to_end_latency,1235,27720.0
end_to_end_latency,1236,27669.0
end_to_end_latency,1237,27619.0
end_to_end_latency,1238,27570.0
end_to_end_latency,1239,27519.0
end_to_end_latency,1240,27469.0
end_to_end_latency,1241,27420.0
end_to_end_latency,1242,27369.0
end_to_end_latency,1243,27320.0
end_to_end_latency,1244,27269.0
end_to_end_latency,1245,27220.0
end_to_end_latency,1246,27169.0
end_to_end_latency,1247,27119.0
end_to_end_latency,1248,27070.0
end_to_end_latency,1249,27019.0
end_to_end_latency,1250,26969.0
end_to_end_latency,1251,26920.0
end_to_end_latency,1252,26869.0
end_to_end_latency,1253,26819.0
end_to_end_latency,1254,26770.0
end_to_end_latency,1255,26719.0
end_to_end_latency,1256,26669.0
end_to_end_latency,1257,26619.0
end_to_end_latency,1258,26568.0
end_to_end_latency,1259,26519.0
end_to_end_latency,1260,26470.0
end_to_end_latency,1261,26419.0
end_to_end_latency,1262,26370.0
end_to_end_latency,1263,26320.0
end_to_end_latency,1264,26269.0
end_to_end_latency,1265,26220.0
end_to_end_latency,1266,26169.0
end_to_end_latency,1267,26119.0
end_to_end_latency,1268,26070.0
end_to_end_latency,1269,26019.0
end_to_end_latency,1270,25969.0
end_to_end_latency,1271,25919.0
end_to_end_latency,1272,25869.0
end_to_end_latency,1273,25819.0
end_to_end_latency,1274,25770.0
end_to_end_latency,1275,25719.0
end_to_end_latency,1276,25669.0
end_to_end_latency,1277,25620.0
end_to_end_latency,1278,25569.0
end_to_end_latency,1279,25518.0
end_to_end_latency,1280,25470.0
end_to_end_latency,1281,25419.0
end_to_end_latency,1282,25369.0
end_to_end_latency,1283,25319.0
end_to_end_latency,1284,25270.0
end_to_end_latency,1285,25219.0
end_to_end_latency,1286,25169.0
end_to_end_latency,1287,25120.0
end_to_end_latency,1288,25069.0
end_to_end_latency,1289,25019.0
end_to_end_latency,1290,24970.0
end_to_end_latency,1291,24920.0
end_to_end_latency,1292,24869.0
end_to_end_latency,1293,24819.0
end_to_end_latency,1294,24770.0
end_to_end_latency,1295,24719.0
end_to_end_latency,1296,24669.0
end_to_end_latency,1297,24619.0
end_to_end_latency,1298,24570.0
end_to_end_latency,1299,24519.0
end_to_end_latency,1300,24469.0
end_to_end_latency,1301,24419.0
end_to_end_latency,1302,24369.0
end_to_end_latency,1303,24320.0
end_to_end_latency,1304,24269.0
end_to_end_latency,1305,24219.0
end_to_end_latency,1306,24170.0
end_to_end_latency,1307,24119.0
end_to_end_latency,1308,24069.0
end_to_end_latency,1309,24019.0
end_to_end_latency,1310,23969.0
end_to_end_latency,1311,23922.0
end_to_end_latency,1312,23871.0
end_to_end_latency,1313,23821.0
end_to_end_latency,1314,23772.0
end_to_end_latency,1315,23721.0
end_to_end_latency,1316,23671.0
end_to_end_latency,1317,23621.0
end_to_end_latency,1318,23571.0
end_to_end_latency,1319,23521.0
end_to_end_latency,1320,23472.0
end_to_end_latency,1321,23421.0
end_to_end_latency,1322,23372.0
end_to_end_latency,1323,23321.0
end_to_end_latency,1324,23271.0
end_to_end_latency,1325,23222.0
end_to_end_latency,1326,23171.0
end_to_end_latency,1327,23121.0
end_to_end_latency,1328,23071.0
end_to_end_latency,1329,23021.0
end_to_end_latency,1330,22971.0
end_to_end_latency,1331,22922.0
end_to_end_latency,1332,22871.0
end_to_end_latency,1333,22821.0
end_to_end_latency,1334,22772.0
end_to_end_latency,1335,22721.0
end_to_end_latency,1336,22671.0
end_to_end_latency,1337,22621.0
end_to_end_latency,1338,22571.0
end_to_end_latency,1339,22521.0
end_to_end_latency,1340,22472.0
end_to_end_latency,1341,22421.0
end_to_end_latency,1342,22371.0
end_to_end_latency,1343,22320.0
end_to_end_latency,1344,22271.0
end_to_end_latency,1345,22221.0
end_to_end_latency,1346,22171.0
end_to_end_latency,1347,22121.0
end_to_end_latency,1348,22071.0
end_to_end_latency,1349,22021.0
end_to_end_latency,1350,21971.0
end_to_end_latency,1351,21920.0
end_to_end_latency,1352,21871.0
end_to_end_latency,1353,21821.0
end_to_end_latency,1354,21771.0
end_to_end_latency,1355,21721.0
end_to_end_latency,1356,21671.0
end_to_end_latency,1357,21621.0
end_to_end_latency,1358,21572.0
end_to_end_latency,1359,21521.0
end_to_end_latency,1360,21471.0
end_to_end_latency,1361,21422.0
end_to_end_latency,1362,21371.0
end_to_end_latency,1363,21321.0
end_to_end_latency,1364,21271.0
end_to_end_latency,1365,21221.0
end_to_end_latency,1366,21172.0
end_to_end_latency,1367,21121.0
end_to_end_latency,1368,21071.0
end_to_end_latency,1369,21021.0
end_to_end_latency,1370,20971.0
end_to_end_latency,1371,20922.0
end_to_end_latency,1372,20871.0
end_to_end_latency,1373,20821.0
end_to_end_latency,1374,20772.0
end_to_end_latency,1375,20721.0
end_to_end_latency,1376,20671.0
end_to_end_latency,1377,20621.0
end_to_end_latency,1378,20571.0
end_to_end_latency,1379,20521.0
end_to_end_latency,1380,20471.0
end_to_end_latency,1381,20421.0
end_to_end_latency,1382,20371.0
end_to_end_latency,1383,20321.0
end_to_end_latency,1384,20272.0
end_to_end_latency,1385,20221.0
end_to_end_latency,1386,20170.0
end_to_end_latency,1387,20121.0
end_to_end_latency,1388,20071.0
end_to_end_latency,1389,20020.0
end_to_end_latency,1390,19971.0
end_to_end_latency,1391,19921.0
end_to_end_latency,1392,19872.0
end_to_end_latency,1393,19821.0
end_to_end_latency,1394,19771.0
end_to_end_latency,1395,19721.0
end_to_end_latency,1396,19671.0
end_to_end_latency,1397,19621.0
end_to_end_latency,1398,19571.0
end_to_end_latency,1399,19521.0
end_to_end_latency,1400,19471.0
end_to_end_latency,1401,19422.0
end_to_end_latency,1402,19371.0
end_to_end_latency,1403,19320.0
end_to_end_latency,1404,19271.0
end_to_end_latency,1405,19222.0
end_to_end_latency,1406,19171.0
end_to_end_latency,1407,19121.0
end_to_end_latency,1408,19071.0
end_to_end_latency,1409,19021.0
end_to_end_latency,1410,18972.0
end_to_end_latency,1411,18921.0
end_to_end_latency,1412,18871.0
end_to_end_latency,1413,18821.0
end_to_end_latency,1414,18771.0
end_to_end_latency,1415,18722.0
end_to_end_latency,1416,18671.0
end_to_end_latency,1417,18621.0
end_to_end_latency,20,6776.0
end_to_end_latency,29,8887.0
end_to_end_latency,30,8838.0
end_to_end_latency,31,8787.0
end_to_end_latency,32,8738.0
end_to_end_latency,33,8688.0
end_to_end_latency,34,8638.0
end_to_end_latency,38,9702.0
end_to_end_latency,39,9652.0
end_to_end_latency,40,9602.0
end_to_end_latency,41,9552.0
end_to_end_latency,42,9502.0
end_to_end_latency,47,13267.0
end_to_end_latency,48,13216.0
end_to_end_latency,49,13167.0
end_to_end_latency,59,17729.0
end_to_end_latency,60,17678.0
end_to_end_latency,61,17629.0
end_to_end_latency,62,17578.0
end_to_end_latency,63,17529.0
end_to_end_latency,64,17479.0
end_to_end_latency,68,23359.0
end_to_end_latency,69,23310.0
end_to_end_latency,70,23259.0
end_to_end_latency,71,23209.0
end_to_end_latency,72,23159.0
end_to_end_latency,73,23109.0
end_to_end_latency,78,22862.0
end_to_end_latency,79,22812.0
end_to_end_latency,80,22762.0
end_to_end_latency,81,22712.0
end_to_end_latency,82,22661.0
end_to_end_latency,83,27152.0
end_to_end_latency,84,27103.0
end_to_end_latency,85,27052.0
end_to_end_latency,86,27003.0
end_to_end_latency,87,26952.0
end_to_end_latency,88,26903.0
end_to_end_latency,89,26853.0
end_to_end_latency,90,26804.0
end_to_end_latency,91,29890.0
end_to_end_latency,92,29839.0
end_to_end_latency,93,29790.0
end_to_end_latency,94,29740.0
end_to_end_latency,95,29690.0
end_to_end_latency,96,29640.0
end_to_end_latency,97,29589.0
end_to_end_latency,98,29540.0
end_to_end_latency,105,41156.0
end_to_end_latency,106,41105.0
end_to_end_latency,107,41056.0
end_to_end_latency,108,64289.0
end_to_end_latency,109,64239.0
end_to_end_latency,110,64189.0
end_to_end_latency,111,64143.0
end_to_end_latency,112,64093.0
end_to_end_latency,113,64042.0
end_to_end_latency,114,63992.0
end_to_end_latency,115,63943.0
end_to_end_latency,116,63892.0
end_to_end_latency,117,63843.0
end_to_end_latency,118,63792.0
end_to_end_latency,119,63742.0
end_to_end_latency,120,63693.0
end_to_end_latency,121,63643.0
end_to_end_latency,122,63593.0
end_to_end_latency,123,63543.0
end_to_end_latency,124,63492.0
end_to_end_latency,125,63442.0
end_to_end_latency,126,63392.0
end_to_end_latency,127,63342.0
end_to_end_latency,157,61843.0
end_to_end_latency,158,61793.0
end_to_end_latency,159,61744.0
end_to_end_latency,160,61693.0
end_to_end_latency,161,61643.0
end_to_end_latency,162,61593.0
end_to_end_latency,163,61543.0
end_to_end_latency,164,61494.0
end_to_end_latency,165,61443.0
end_to_end_latency,166,61394.0
end_to_end_latency,167,61343.0
end_to_end_latency,168,61293.0
end_to_end_latency,169,61243.0
end_to_end_latency,170,61193.0
end_to_end_latency,171,61143.0
end_to_end_latency,172,61093.0
end_to_end_latency,173,61044.0
end_to_end_latency,174,60994.0
end_to_end_latency,175,60944.0
end_to_end_latency,176,60893.0
end_to_end_latency,177,60843.0
end_to_end_latency,178,60794.0
end_to_end_latency,179,60744.0
end_to_end_latency,180,60694.0
end_to_end_latency,181,60643.0
end_to_end_latency,182,60593.0
end_to_end_latency,183,60543.0
end_to_end_latency,220,78640.0
