metric,identifier,latency_ms
consensus_latency,bn+seKA3apZr507LpdX+Ho2x86aryhPy0OnfD4Xq1yA=,821.0
consensus_latency,FLjhORMdw0lTf/qXuOCjtTESsi7JAS9SYz58p81JPYI=,822.0
consensus_latency,CmoT1XoEWvsUK+Bx0eP124ge0FQVyW+DAAQ8uHV/U/c=,825.0
consensus_latency,GThxPMNRs7ZPEf1L+vPf3pz6dvFsGkU+sEp9+M/QrZ0=,562.0
consensus_latency,fOeNQQwOs67Q1Dmb4Mf2j/HalRu4TuUDfcMkhzsSB48=,1248.0
consensus_latency,lyHVADMjQOTmULddU9zV7Q5ZFcL4dbc1O04/IKnao70=,1248.0
consensus_latency,IE2P8ZeMfNuhXjWpELwvq34x7d1A9xZ8ypc10mLzP9Q=,1255.0
consensus_latency,sNsy403lGnEqRrdYpqhnVd54qANvXy5dtm2v1wK0qRg=,1255.0
consensus_latency,Im0r3XtQXelaLMbCQvhngdcTFTrA1BDMCtYRfKyorEE=,1260.0
consensus_latency,KYo6cmI6e3ckfCMmrWUOHl5ZN0UjBnUcwA2MhFOd1mo=,1260.0
consensus_latency,h+0zdDay/ZSmKBoF+6aoOrySChoLlEIZRtrR+gj/gd8=,1260.0
consensus_latency,hI2UYGnhk4NF8EY5QBj5AyEwriuW/3KJ8SG9wqCGe2k=,1255.0
consensus_latency,+zFSWIRaYSAlxjfY3g0pIoZE914bZZANSmnGlf85exw=,1255.0
consensus_latency,KdQ1X83QI4/0RtlFlc8zIctKKpxy0/zCZE8o1iEDho0=,1248.0
consensus_latency,Z6aRhDu5Hg3EgO8s3mG6HiojmsIZp/8gp3PkRgLP0QU=,1248.0
consensus_latency,nlLpmONyhiIIVMKYvGrYvGmrXWcoP66Y/Q6U0kyL2W4=,1257.0
consensus_latency,oqeji8H7Va9D5KbB3/HiP+YJdICfDaXOF9HQjaIJhvc=,1257.0
consensus_latency,EqYU9hE6eYKCP61IO39c7l0zgiEkb2d1tAPOSpBwyMg=,1256.0
consensus_latency,8JuUv8qYsvmtZtwbAmF8hBC9Z//LLhM6muC5zJ9z54s=,1256.0
consensus_latency,KviZCZREwQx+xyGlPgavPtBHlLeDpIWdBOfkXbfwSW4=,1248.0
consensus_latency,tcjH1ik2FFmpXJ5wlD8qI+lRHTZtPJfxebbYtFPiY/g=,1248.0
consensus_latency,EGyX+2O79PjW3gJr5KaEoORbZaMq6Aix5D6EXDuFXX4=,1036.0
consensus_latency,FDpsXq0jejMs4cwwBMs+7jq3umFhhbTFjKVSwH+fkqI=,1036.0
consensus_latency,H1dy6jxMvVehUB/DOFA/uLhr+JqenvucqH4bA3NYDBU=,1036.0
consensus_latency,JDggz2qsp4HHbMf2AA7ZtzaFPsdZYXFbKhFmGxQjLy8=,1036.0
consensus_latency,Se/ccg1CFz+ZNOAWNudPX4DhlhILuexqXgG2vwKGcp8=,1036.0
consensus_latency,TmJ6Zs0U+E+q3zMHJIasb4afFdFhW3jQSZbILHQnM6k=,1036.0
consensus_latency,a0SW9O3igzTAQ0B+ADGKScCBh0bQGa6QjB6opjmwFxk=,1036.0
consensus_latency,mBTkZOhAwd5U5Obqzq2KAziMGJqL/OsVqXPP6Ak3+IQ=,1036.0
consensus_latency,z9ibSABeEfXF8ladWvCHIXAwEtf2hxHSJQy6UmV2yCc=,1036.0
consensus_latency,2M/d63fsL89khzBvO2BgKUNyGMtTaSUgmw2Za67na8g=,1036.0
consensus_latency,3O+KomP0kIM5fdYvCXKuzmIeobEWqfyZpRiZjbG/9nE=,1036.0
consensus_latency,TY6FVO0Q+P01X7BU/QfuOwLPsgzV+9SMn7YRnmh4Hrk=,1034.0
consensus_latency,WUhoxS7NAI9T4LububnBTKBLg7sn4UpIqejLbC014D0=,1034.0
consensus_latency,YxHZjX3nH1vsU9I7pgsqPqIrTM6/HfaITbqS67yviFE=,1034.0
consensus_latency,hmHuKN7Epjim+GuMz6PyHZWuLr0KFIfpQrcRZFHJyWo=,1034.0
consensus_latency,lKkL54Cfm69a6hUIPX/Q4OS1QOP2ERxf2GeEHEm6VYw=,1034.0
consensus_latency,sAdwwMmYOce6ZhvAU/8D6bUlQA3Lktx5RNOs/6L7Jio=,1034.0
consensus_latency,sCDjkWZmjly6kCzTWwifwnINBpCiNqUanQ/PURqZNqI=,1034.0
consensus_latency,sde8wJhoVhAgPoXP5PI3Lm0kbkjKQI6IhaufUz4lZmU=,1034.0
consensus_latency,s5gkAt8g6mVButb0Y4wepVVhozbij5sfZzeiUrIvI+o=,1034.0
consensus_latency,xk+SLIlio068GkyySrVDXl7pLuvQQGeeAh/D1JkXilI=,1034.0
consensus_latency,04MDyLZh0tgsOtLJtnGJVc4tuxAC7jnH8Z0fvUom2Fo=,1034.0
consensus_latency,7h8pZBUrUvtL3IH4IzULuIuBJjx6Cgt2fH4nZkveVL4=,1034.0
consensus_latency,+CS4WTb+RqNXrMHlAn2hx6SnmXeuj+P4sETuawkSk2Y=,1034.0
consensus_latency,BklWd5anHt/o3OCtf6NRnC+kZTvUama1tdrGTYQRqYg=,1034.0
consensus_latency,B6El5Jx/+PmGK83gCLJa4aiRWVhG/EalWgckji5UF4A=,1033.0
consensus_latency,JBPk7oFfoYyxJUPmk98bHeVC7dV5z5BTsseTZuuj8G4=,1033.0
consensus_latency,V5rWwzEx+Wfd6/iO0m2O5wLXKGw/+vk4nAm167Kr6OM=,1033.0
consensus_latency,g/URK0do4tGqjiJ3SZ2d4Hp40dhRpERcVM0Ikz4/Q6w=,1033.0
consensus_latency,hrjFiq+F5pz5WMRiQ9XpG74dcEkAT76oE96QeKxyKGE=,1033.0
consensus_latency,0ODQDvye+RX4PgLjel+5S7O9SmDO3mV/S/tFG02j3aA=,1033.0
consensus_latency,56NtBVFaliyxDqYnRBo7tqthn4yS+u2lbGbqSeQkZUY=,1033.0
consensus_latency,+NY2QttaSzf2BA5xRh9Q2UnRVbXlG3Qq6JMlWsYjnJQ=,1033.0
consensus_latency,AXN1CbiQ9c4nTpUVkZIM06HQSFTf80WN3VXUw6A/Syo=,1089.0
consensus_latency,MfbNU0Ug/lzZ7+v1sj3XVVBIVkmI3iF5SHARHXMuYfw=,1089.0
consensus_latency,M+/FPSv7gNaIFMYMgrJ4yfttftQxkVhXYHsA9wK+zTQ=,1089.0
consensus_latency,XOiAvv3NUvD/2D2mClZCyKUfU/7lehBqnPmVSvUSRkg=,1089.0
consensus_latency,ZQQF2XseuNkgABE7Cmv2vIrCLsNLizhwy3n3BQoWtjE=,1089.0
consensus_latency,fKJlmXdvSMrh/lgaYe/VxzS8I3ppYojVSMIQMnWNMf4=,1089.0
consensus_latency,hi7YVdzXX3QbRUyeIigWdrqzk6rCu0B3a6IGhEEFx7g=,1089.0
consensus_latency,j5t6uWH5Qqx2nletNVhRi+nT3YlDY4xWBETruxK0FgY=,1089.0
consensus_latency,nuGTEWF5disjUSEd7+KuHAZM4DyWxX2vkme2ldz2cAg=,1089.0
consensus_latency,p2euBoKV4/aE9n0SJEKgvD2BhJLLUuUkSHbXYTQE59o=,1089.0
consensus_latency,sAhDiRORXc568Nyh8j5GMIm5Eaunh13sy1hq9TQgKvo=,1089.0
consensus_latency,vtEtawV6C7VlptsBWbLAX+5H8EfUcFDAubGOE2hVvno=,1089.0
consensus_latency,y//p7T7OLBte84l4ePmTO6C8nNIek3nz5UTDk3gYazE=,1089.0
consensus_latency,7h+r2ng+NdJ61jPfJGWR+Vmdq/kGR+5KmhMrHAUqOqM=,1089.0
consensus_latency,9MdCogLDOULiYmlqcJxYtM1khh8ZC8GVSiJXVqPjFQU=,1089.0
consensus_latency,BvUCuDzHvCALHepQ9HiZboqOeLzISjwQQBmVyKJmyEI=,1087.0
consensus_latency,CQcP13HEHTiRbY7NLHIJCMAzOCJUS3r0T+fiFso6DF8=,1087.0
consensus_latency,MRVZcE0s4U5kVySQZJPY+9AK8dN45QG8qYqjGqcBZN8=,1088.0
consensus_latency,P4Xo8Zl2quzDYuqLj7JzbWOCsHikoIVB5ziDSMFrqpk=,1088.0
consensus_latency,T0gQDHguaodwPfdWHbwIorahNQucTmz7beKGxM828l4=,1088.0
consensus_latency,VoCDLFtFbQtEojE/eWAQKvVDCc7WtFePzednyFf1EW8=,1088.0
consensus_latency,V5cs73P0QfKsznPfhs7z1zbSGoZ5Yf+J9wbgXQqqiL0=,1088.0
consensus_latency,dI1fiaTcOWm3VMCJ9BMt+ifBySHG3+g01ksl0tR777E=,1088.0
consensus_latency,scGCnCYRDvTq/BDMvvrkY+RCRH3bcdzWNfz6VCTN1UQ=,1088.0
consensus_latency,tn7FR81pI8on+pu6MAdNga1f0sWOVFFQ3pzHtJZl064=,1088.0
consensus_latency,zB7bE3Gz3njE7RLfYVgg1lHzIu9891xwVDn3PASqkXs=,1088.0
consensus_latency,zUlt8+nvxu/Db0CLGWs4VdS3E+jylmMXF3ThXDW7auM=,1088.0
consensus_latency,3do41hpj/xjXSnrjvWUnwqDPnO9QWsdoMXHSTkNvRzA=,1088.0
consensus_latency,410slS6dvqEv+dAT9wedtfJdQa25MvrB+Jqd573ccjc=,1088.0
consensus_latency,5OWxJRA0PiqKiglS8e23pXSrP5zwchwIeNKedblryUg=,1088.0
consensus_latency,5tVs71bqZ2Arwl1E3xKnUafvnUuknLBKUEJICe4ZNRQ=,1088.0
consensus_latency,ImMKssfuZ6vxaugzrb4gvQ7IYVRA/RppbF6ANKXjZYE=,1088.0
consensus_latency,KTm4c73n2myRHfwW+oX/DA0oG9yQ/DSjQIGzZlL9DBU=,1088.0
consensus_latency,qWtq5qvAaChc5RDvDp+WRgh4jGanOgX+UFxyksPKkpY=,1088.0
consensus_latency,QhKVfiLNXaKMU0yXBhmRULa2zm5oagehX/SoNRk4F4U=,1089.0
consensus_latency,WrhROecGfIB4rB8Abt2zB1xdAaNiZ4rZHk1xs/Xe/co=,1089.0
consensus_latency,YP/gfUMas+spEOkMVgibLLHNjZcAx4GLmPBS4+LUeTc=,1089.0
consensus_latency,Z+Pl2Pnq3pFJvsrMDGGsRUZIrEsgh2UEEKaBgYjQ9js=,1089.0
consensus_latency,gwHCn9XFbvQ3SJooGTyBLJxTCvBLzRH0j7hL+lPwaeE=,1089.0
consensus_latency,hgSf+OdYBkmJAAo/MNxf2uYB5snMkdghZSxn8Zwd/4s=,1089.0
consensus_latency,3iyfTGw9qdG7wzlxnttTzooR7XyLUP0m5+91mTCocIg=,1089.0
consensus_latency,4XYU+Ajd9TZ+khgrl2KlpVW5+d09c51tmbWrcKaVFuI=,1089.0
consensus_latency,8oj1HPfiFIc4/yXKDdZHzTbsV8kiXYn+ITHsd7neWjU=,1089.0
consensus_latency,L1HzFhKsjxNYBS8waFcuBE7d15jpPg/pE5bQqvBtUSc=,1090.0
consensus_latency,MZFaz3WmgR/J4FGvVse78q8cY98MZR9V4qVgiAAQg/o=,1090.0
consensus_latency,N5KGpf1ztdKGTc4L0fTT3NuBHqdjGUiSxOjirZx8wwA=,1090.0
consensus_latency,SYNmmYfpKlpeiH2XDtDOio4zbXIcM2eHgOOUjMVXhks=,1090.0
consensus_latency,U467AfbDJ8RW8kMnliD7piElbmhPcyjKneSru7kTxR8=,1090.0
consensus_latency,VxnlxUCPKwZ+w9HXgzvJv5zcC0x69NR3Jl6VSc8E/+A=,1090.0
consensus_latency,e0a85GeYu7xcVUvTaOnmZLTujFdpoQsXsJGdxzFyrJU=,1090.0
consensus_latency,krzIGWNQJ1jE5yKLO/d7CvsydCTPDD/ZScfE1Ut74MI=,1090.0
consensus_latency,szdC2vZRaYKrQudNAJcOLMnjR5TTr+9zJbHXi2YnMco=,1090.0
consensus_latency,4p6dv/uyefCvQcm8CqhqyDi+TWIz+rgh2nDhul3n+Ls=,1090.0
consensus_latency,+cFFv3xD2QxtTmYN764po2bDDAuDUVMzvMt+YthdDeI=,1090.0
consensus_latency,/8INJgbCHNj+aNfZS96CP0HnoSGtk6gYDTASwObk83o=,1090.0
consensus_latency,Ide6SFJH+Lk+5Yd5UhD37c9tNRMIJCT7HG3AErBtl9M=,1088.0
consensus_latency,Va++/uSvUR6Fek9nhImHHwrdzsE3ljKd6LlxRbeunpY=,1088.0
consensus_latency,WimZyaS820/imsVWHh7s4AVi4E6FxEq6OdEqIsy9j/A=,1088.0
consensus_latency,iD/bXBd2orVM00DrPjYp+sfqSv1Np027kAXGzSv6LIY=,1088.0
consensus_latency,spiJG45LQD/WZYaxZHAKp4HKZETPUT9AFx8THI5aF6Y=,1088.0
consensus_latency,SSYGmv4PoYSbd0Aet5l8o28eBTtVZac+IWfJo6XQfyE=,983.0
consensus_latency,/A2ewW7tJjURvZ7RedpISts3/LfizE8eKCyFRYASmbs=,983.0
consensus_latency,LMrvR9W/Xa2LBgYTp3EQv6P3YqFvMWF/+dzqEyT83bE=,985.0
consensus_latency,i/Jm3BK//2Eh8N780SPBky5iHU4cLu/9fQksFlzx9bE=,985.0
consensus_latency,pyTvs3im0Ei+gYNP/3GJNSt614L+ciHjcFGH2dTSSwY=,985.0
consensus_latency,AOmuWeAj4kU6dZkphrnZ1/xUzhf/nAc8MtinLM4Cg+o=,982.0
consensus_latency,GyXKiBWU4afcTBeuPcoFpPK7O5LcVwydlTYj9mpnn7U=,982.0
consensus_latency,Kea/880bus4EYnCao7b5U/j8tbdGYc67uDIIN7T3000=,982.0
consensus_latency,5nx0k9K4aVrF7ZRFoax5ipCDApsmcOGtKtL4igRdVME=,982.0
consensus_latency,Lw639ouPkN6sXso7o1DFsEOjLbmuFK02jgz8lV2OOAM=,984.0
consensus_latency,WuH8oUC7XJ3eUcQuEpcSN5o/bxLDTxfYMVASvx2OuBs=,984.0
consensus_latency,YQqAABzHlAiB+MeQH+ZDqAzj6/cYB+sln1rll6zJ9EY=,984.0
consensus_latency,xyiP3fw9WKWx47vLCKFD7tDvvm8Nmk05Fy1+Fo/4RTY=,984.0
consensus_latency,x8It7lVon61T2M/XGdAZYKm6mcsSmv/JwH+rsgOSFZs=,984.0
consensus_latency,KOFnH6ezw8BYT2GNzr/HqsPuGNaWKqiK21c/jsEzuZ8=,984.0
consensus_latency,s0wpbGa2lQDU2e6ScgeRzY5tP4gW7XctckRTAgZOBKU=,984.0
consensus_latency,OoV7Qwh3flpbEHuh9Y/WwWGQCSYIc+bapq4+ceGMySQ=,981.0
consensus_latency,bPg0wkAl5QlwCxkPce2tN+QsmOoFdHFAYntShaUbdCU=,981.0
consensus_latency,eEmjypW/Bi5X+TNqNV+FTbhR8yS9BclGMxHuJHXUTmw=,981.0
consensus_latency,fFIds505N0G5hYlJNtYWfkNmNd8t0FEPNL3zhvAJoWE=,981.0
consensus_latency,gKlWgeiWKocdAwIUyRhD2fAliTbMgpFn0lUr7stOoRY=,981.0
consensus_latency,ivgD5qSIOFiooqdxIlLsap1Zv9HPV1Dv1xzrPCtJMS0=,981.0
consensus_latency,jncM5jL7QbtpInVnO5MmyguaknguI3IITBy+cwXF5rI=,981.0
consensus_latency,rUH276Vh7GlkMuziFkIaX5gOTiwkoQ5lkg90OlLOmC8=,981.0
consensus_latency,wkfY6BaUviMZUYwzpOb14QI1YOV55oG6Jd/QG4zGk/Y=,981.0
consensus_latency,3jHAd75Z64oTXdhtIqpH/SjMlGMy4liF5RsJxfhGRTg=,981.0
consensus_latency,6VLvyhHcUSw+sgbOEMiVCMPY/4gxvLVotQlVfv6Gous=,981.0
consensus_latency,O3pqxSJEb26hjxAZd4GflW+sfifJW02U733HDuBzVkg=,723.0
consensus_latency,EXUQ72+4sJ/W3mZ8YAW6DvKbZK7ke4ipcpatg80o2CE=,1359.0
consensus_latency,EuWUSS3XYrcBF84Hj1UomYMTFEH948FRVjfHaTdkpmE=,1359.0
consensus_latency,I0UaDIVBUxddYConcXM4Ev5DijLAUsxGUvH3eODYC0s=,1359.0
consensus_latency,Mq8v9ouQE+2l0B9zv8I/xbFBUnThdkZVvHC86VONI5o=,1359.0
consensus_latency,XhnFUvbzuWbgJCwxJEA2cpkHwtrVgk3O/mPPvxc+m18=,1359.0
consensus_latency,dIjVVjG0ZNcSmJFGoGzlb6Q8mAQ10aYH9jbZIMNkevE=,1359.0
consensus_latency,q93kgVkliMNAtqHO7LTSNAMG6EhIF6PL1530ixPlMXg=,1359.0
consensus_latency,6ikfMUJR8a8CH6JzMYFkQfwhkpxrDzY37No2vylaLuY=,1359.0
consensus_latency,+y3zehDBWmYWTfqquInm7CCJMdDxwry9XSmz3bXOM98=,1359.0
consensus_latency,ICpYHGIXOpsfBgikfQ8X1863L0KAEZ8VMMLwksi4wYY=,1106.0
consensus_latency,2Mwd7y30YRw74wNgcF3CYT9Y0DWcPzlsUJfNdb57lao=,1106.0
consensus_latency,SlflcC6zl3bLRTGGN0g6LzeibPLftlflQM4gqfIRn9U=,1102.0
consensus_latency,kQcWW0zhN1MVMjDfYCjfZGFJwGYFqPn04eJn+sS2Am4=,1102.0
consensus_latency,+GXPV1IzLuivYhUg3zJZWphDdOCozWhAYdf/X1kTBfY=,1102.0
consensus_latency,UDCFtjI8jJM/3qNFveAkb/Net3oVm07obZSsLDcSTc0=,1102.0
consensus_latency,+uFq7zhwkom8CnrTBWiq6/h0qbKE/LX9ysfMlLHqpXw=,1102.0
consensus_latency,gpFUIkMDJcfExHnumUWf3D9u1JnJF5n3/haX3t4duz0=,1103.0
consensus_latency,0H/c6SV/F38uOK7/+ad6bfeL7yi686OIJwIb7DmTySk=,1103.0
consensus_latency,0fTwPXtnsm+HsL5OBoMIyiaMurWdc71lmSMmuWxt/eQ=,1103.0
consensus_latency,PrgGCox3NnfYVV14rWhVrAaKqypirmR0/CU8V/R3TXA=,1098.0
consensus_latency,RXxJqDaIjh+sbUggccr1jqn+12CD7HKUX8HrOOhKXyo=,1098.0
consensus_latency,wSAKRelLNKNBUy4GzaXMQmiuVBNTdgzv9fwnYPlELgI=,1098.0
consensus_latency,EsLqPJ8UKLnHo6xITjc5yLuF/iea9DA7kdrpahPQCJs=,1102.0
consensus_latency,mvFamsqM4nQ/3e0V62KBvetA1csqWeJEw20ICY72p1I=,1102.0
consensus_latency,sF3a9wbqeYyFQbrsJdjUcZJE+q+9cxAkyicAqRotrBs=,1102.0
consensus_latency,snopo8Jidy1VwFTEUmmqWnUPlxnP7Q8fBBxXixoy330=,1102.0
consensus_latency,dAqcE3Nu2D50B73sW1jHdKwJ4DmrmKlizIEjGnB6JvM=,1102.0
consensus_latency,kQSFrTFcKyBmvRVIGhR+XPppZ4pZS/o1LjtpFr/zNh4=,1102.0
consensus_latency,yhhSV260XiWxzAdED/qFp4N6mP8cwHOZORVZmW3K4ZY=,1102.0
consensus_latency,CqEkEeGkhTusCSAw8KWR/5dx0pfCL4S67g0zcsQCjII=,942.0
consensus_latency,VZ7vRfM4sGd6VTskged2FZE8tX/C354bzqpvy+gAAYU=,941.0
consensus_latency,tWTdFSrY03xYUynXkDjk92aM+/YG5H5xo7E3KjLclPI=,941.0
consensus_latency,4wD9eCTlV1QOI+s12op9zRIcLBMSUiFyBj8zjGuNnr0=,941.0
consensus_latency,Fo4zKTNsxm8n6OKg5nZLzpvca2/xoeBn35LZjWy1200=,940.0
consensus_latency,b8tMKsZxIHzLjBe7Tfu2eY1ksRfPuCCK8R158zalgsk=,940.0
consensus_latency,cgJMTE2ieYfSLLIAJjA5HHcUYgHt+6abS9I5EX4RCZ0=,940.0
consensus_latency,mJY/dIE7WL7QG1UqGA9FMq0XrHPDajJ+Iw1p84AtEBA=,940.0
consensus_latency,Qx4x24+2KuQhet6HQBOHLwmVmgXTAUNPhOWWpWZmnKA=,887.0
consensus_latency,oImMc1N1XlgPy2PAQEj93P2Rk5ZwIk4otGtI52TvyyY=,887.0
consensus_latency,tJK4SHCZazWaSVEoKsxbIRcd6q6TnjpNCdNyk7vA10o=,887.0
consensus_latency,wIQp5plCgbKEmMH+N/zAe2weYHt6DUGUAUrGVD0TYNg=,887.0
consensus_latency,zXA05rfJk8BckNnLcnkeF62BBcG7tjHP7A5aSNvRumI=,887.0
consensus_latency,2g+xo/Igk353WSCdRHFPoIjxQC14ugzQ56WLfqWNUX0=,887.0
consensus_latency,KdFrGe+hdrFLB+7NS+fqJF6oyqWGd4npJBYoDQ7duGI=,888.0
consensus_latency,UDfNB99baArONTALLcWWwif2YA0KiFHFoZ+NB6khdH4=,888.0
consensus_latency,drPAqgJplMFuvs/wVk+RdSX7TdnmLsp/bQnIcTpd8r4=,888.0
consensus_latency,jOXV/bXEA+LV2AtOLPTKs9kcN01JE6SXE+4+zi8qqQM=,888.0
consensus_latency,12sk57mFdU3JznJnncj71NNgs4zKpKWJ5VlCV1zwgRA=,888.0
consensus_latency,86qVOJ1cd/fFHnvf4I6j6F0yZlnkRp1lInqSgmyS9Kk=,888.0
consensus_latency,RGQBqiS1dkeSpy33kmpLyzVyKBmiUysTTju/sWhM1zc=,940.0
consensus_latency,agADYOFR9ZWNsCzBYxiSxsXWJsKzLKYU9lRmtNaptaM=,940.0
consensus_latency,7hrEwBCZC/xvTRAQNt+ewZ8zHPsRi4n6Wmzxvcn5bKQ=,940.0
consensus_latency,icCUSd2ovSRSa1oZWUx0xqEcyzTmH6ttsILQOu2V1Qs=,939.0
consensus_latency,sOtnmHx9ZlXIV66tdXsAfeQQ1/H8+YQWIFBIwZ4RZi0=,939.0
consensus_latency,sWpB86kFBV8PkSU2cUMVgLvvmRCpcxCeM3Msyo2tZ1o=,939.0
consensus_latency,2+PIp2fy4b2Bv5OXFcSl0Qg+onSQ8lN7FPyiWAueXok=,939.0
consensus_latency,9Kn6t/5JohPDEWjmyEaCfxl4M4p935zXnEJ0GL4FUHs=,939.0
consensus_latency,bBWW6xKqjCoeV3/iETuzTJqiWaknWjp5+LYlEKPHyJ0=,938.0
consensus_latency,joSpE1NuH+WO2OMeyawrlM3mGrUB84+XowJF3cbVhWI=,938.0
consensus_latency,vRatckEktu4ZCcajuF2QKpl8dn6CXvYWj92a+iIhfXg=,937.0
consensus_latency,Oq7M3HsvzbPSg1kQFit3LFMb8OuPiRVSC9TMHAT+meQ=,886.0
consensus_latency,ctXFl5EBQGd4EMFFMrvD2yiZe705TVhbPCHiJXDIt7g=,886.0
consensus_latency,mGXpp1cWHqkq3MuzN53a0QQ7RhZMQGX//2FgFS2jqh0=,886.0
consensus_latency,ybpehsRdhsX2bnN/k6jn4BBrBqdi5oUSDtkP1ZdweaU=,886.0
consensus_latency,HjIKg8wQjW+smjfnszaiUuGfG2hXClfhlmY0gJy2btk=,942.0
consensus_latency,eaUy+S2hMjmHNZIZXzcOuRXRoG3bcUSJVBO2yCXZ01A=,942.0
consensus_latency,t/IMyuWyKqgtoO3vNehhhA48o0wxhXel1Jx19ghA4Jo=,942.0
consensus_latency,99VcYSaEgNKDHSsFh3ZG1Rv9LUMM1Eo/UuHYm1TGBGg=,942.0
consensus_latency,+7OTsGUQ0U20bdoAG8kSSDizsYab8SGc0wBJG2qKkrA=,942.0
consensus_latency,nB4I50TRemM+8GC7LEgmA8ryR+o+q2j8i2stDtiIv8Q=,834.0
consensus_latency,3/chLKr6FiiKqkJ9unH9swiwHpeo3su/0pZjgdscm+A=,834.0
consensus_latency,/OiiUwrlj4mhIrU/Wf5YfJLQm0R79T9uR8RgLF8aoR8=,834.0
consensus_latency,VN0/Zp6W8TO/PBWe1TEUDhppdGcsyyFIU9N02Mp4ZX0=,835.0
consensus_latency,cXgYr6M3wUmX6+Yyge+nBnkLYJ/akF+BvyUtyPPD+cI=,835.0
consensus_latency,+GkMf5QriWFq+6lLzUJonFQ48IWo99I4ZL+LZBcgHb8=,835.0
consensus_latency,CscfCIhf7uooy4VrgzIujTVtZUxA+m5eK99vC/yKA74=,839.0
consensus_latency,JnzpNetpsjoJh+5U5Sqeo4YdYPOuDueV4J94Haw7aBc=,839.0
consensus_latency,APlJK6uD6f8+J5MX2wPnfbCOhTEqi8cod8fCPaz4MkE=,833.0
consensus_latency,jHlsc15sIKhKhzL7DqaarDsaJSo8pmxas5fENZ2/JbY=,833.0
consensus_latency,q0Bvgvcrd7djV2ZPjhLA3TjzQ+jdktled0bSZDc7KI0=,833.0
consensus_latency,ChAPo0tuQWAKZbXd4HtBFrC2He8nazoT/4JHksm/Rm0=,834.0
consensus_latency,PezPLjit0d6Cgeyd15NbjrecSfBzEP6BFjRMF5XtCYw=,834.0
consensus_latency,WzW/+gQvoiOAwXSEVv01mJmJ9evEmZTxwxxFS4CLClo=,836.0
consensus_latency,c9nMQL3tfvmxfvJmL/ovVf3grUh1+PIKE8Pj++OiRYw=,836.0
consensus_latency,m03hznnUT7jgejbx+JYyanpcMgc3oX10AmfnjMc8Yi8=,836.0
consensus_latency,Jba0L6eakDHpDgHhvWbu9xOZcRbyfrApxlDA3IQfxLM=,836.0
consensus_latency,WaN6oUnGs7JMiklFfFlgYl6lpt0/pR2BMmfEhZ0E7hA=,836.0
consensus_latency,pwCblwOo582ChoLzLBEdXoAc71NTvYXcFhV7w1dnIoc=,836.0
consensus_latency,CK9d0QYLVeKSkH5Uga9AwPOFT5QX3zNvcH3M/6yo28o=,575.0
consensus_latency,UFqKWb+2tkTY5UA5qnF5QU3mkEfa4lLqSPXbjUbcJpo=,575.0
consensus_latency,++xPU0XTlf6/CRPu+n7rMS0wgafKuMX+ozE3guiT+Y0=,1688.0
consensus_latency,LT5Ip+nBnJ/vZJe2ZdDSsNJkak9X5lOzZtmPSTx3/6Q=,1424.0
consensus_latency,i23cf2N8rUx+NQKRBa+oUySZ9vf5bn7HhfgaToAzqZo=,1424.0
consensus_latency,eb3uTWErjV0X8wMtLLRjwzCycopG0PdZojlrrIvWVWQ=,1428.0
consensus_latency,vvHFL9e2kRWxblQF/wGE05uZdpWuXaIauTl0KTaH+BQ=,1428.0
consensus_latency,0GXLDexuI0TWwPDV2vFKsuxCHhRDWMP9yv+Lh+QWf1k=,1428.0
consensus_latency,Dmmc6x8lRSV7XAIg97xuDs5TqNdJ+0P0GG32h3l7BH4=,1423.0
consensus_latency,b47zo8Tgk9m0JSTrluG2qRvxoKkwtVoVl9JkebweVR0=,1423.0
consensus_latency,UZ1Q5oiZ0a+fVdTh0Wo48pQseCNASjof+ZV1NyyiOH0=,1420.0
consensus_latency,anmJlBf3Pm0ojKQc5d7XTklnD4ojdg8+IECSLnl37cQ=,1420.0
consensus_latency,0rGLadVKiem87HLa5VrZJjZnnlRNniM6nb5DENYiCIQ=,1420.0
consensus_latency,d9/LInA0gjkgQeomBzvSKhqFvljGIZQMdiiaHoW40OA=,1425.0
consensus_latency,0u0+k5VfAIEID/i26GHJwE1ZS+gXvyk0E6fkItgqSME=,1426.0
consensus_latency,GdCoX5xerE+jF8dwC1H00J4gpl70lJW0JLUoPRIgdW4=,1425.0
consensus_latency,X/2AhmsvrCqwNQ7HorvgvmLzl8FXQm03CecrcQPZb0o=,1425.0
consensus_latency,mq/qPC6XOKcRMmsOg8IsVL5ehlWuIitv41YBN3HgIHc=,1425.0
consensus_latency,RnKGxy3nRT7HmVb9AdVCs7oV5J0d2+JbuWsZthW8s4g=,1210.0
consensus_latency,TW30DMLPrQy3uCCG8xwDPxNwa/fQMhMUdg8oV/Cj80U=,1210.0
consensus_latency,labgj+m+3f5FyqLP69mDFdQPP8DIaFDKNAU53AcD7Kw=,1210.0
consensus_latency,xa94lVikbR+29NqnK+3ZYXaO9nvUS0n2EWPq47y4SXs=,1210.0
consensus_latency,5rScaGtfZtF0q5PnCTQw43Z3oZmSgPxZz/k8DSYsoVM=,1210.0
consensus_latency,PyKtLUkmmID3PG1dKDY9zpmSkahYKKal2T+RSLg5xmM=,1261.0
consensus_latency,mLUctdR2Z//x5O73epQxAQaSXE1mjvalJc6sneSNoZk=,1261.0
consensus_latency,yCXPjqTYRz5lVvM0js8d2Ey63k2gJmTeLfWSNi8FmLA=,1261.0
consensus_latency,yWbZoJM3WE5lHQmDHiVFzZnrN+DR/zDtd9Lub+zLS98=,1261.0
consensus_latency,6BihCIWs9ES2y5FQ0nclsmp7X9M6SXxVX7GxEcwXisQ=,1261.0
consensus_latency,OT6AAXrXOH+qi4xXJ4iU1RCyqF117pWoEKTSF2yo79Q=,1263.0
consensus_latency,T7CbxhBdYhWdu0dnTEnvSA4IlWq6Ga4Tu9jPMvHfNuo=,1263.0
consensus_latency,fdrFP2s7t8tag6+UUB5aD47NSQBjaeFd0t6uQSvq820=,1263.0
consensus_latency,VX7h/+/uovgGUzsJINoPm5bOS6F0lvHfagaYVBScQ/w=,1211.0
consensus_latency,dvz2mpkZ5F8/Foq/QiUtS/p985XcNHsZmQLKMswfBwM=,1211.0
consensus_latency,f/v6D4SuCQNaxlfmsFamtiMiHgHDnGXqgpaPUirf5t8=,1211.0
consensus_latency,iXKAqtZKd5ZV1eRmTl19aRKu1YZz6hXvQoBJnt/V2WQ=,1211.0
consensus_latency,2qwu+tRqfDOSu8rQjBYn4S2z8f2k8vUAv1T4XtKF1N4=,1211.0
consensus_latency,8cxWvRKeGgpJAUSjrmbEtZue28V7luH06OOOxbRktc0=,1211.0
consensus_latency,EjCej99nri0MbYyXewPH8s4c8vTbmKpbkDxMhujEasU=,1264.0
consensus_latency,VLm2IcMtwpEAMuBIrcbqqNfdF3lfhN5vjr5T3lCJu9I=,1264.0
consensus_latency,fhEMoS9NDhW6RnF1036Qm4tOX5uJV74JrZDqPGaXHE0=,1264.0
consensus_latency,tpVD9puNh4DuclHYKfsbUhdXz7W8O0ejUjWNdO/ZE3g=,1264.0
consensus_latency,xDDbM7NcoI1qc+HzU2n/WGBhgCDMQFSCuzj7dJ/2eII=,1264.0
consensus_latency,FaepeGajaSwXQuMl5UOXn+Vo+dyIQ4F636ErCP5foPA=,1263.0
consensus_latency,LGVuXiXShingy2E/HJsksdrhHLrYfLJe0lxn2mtrC2M=,1263.0
consensus_latency,NtTg2EIV+veRBXsxIIBPvEK9IWiC3CsxoqrP1sKIQyA=,1263.0
consensus_latency,OsDkmjANBNoqYOPp8rV7JxMG6GxEEpa4ZE4VmS59vOw=,1262.0
consensus_latency,lSzPaK/9qwxPpR0G/XJvc533mnxXyim4af5ARcUXLdg=,1262.0
consensus_latency,nWjL9xGsz4FW1sIskjw+q5KQUDGyxw4maDgsMYQi14Y=,1262.0
consensus_latency,F44L6JhtDrW0LFn0Xwmhh3fcPub8ShRN14lzcsR/NeE=,1209.0
consensus_latency,SsWAH5diMNnQJfPVdshQc/Eii3mwZmRkEaMWLWkaZhQ=,1209.0
consensus_latency,gMa49nRHz+F1IRMvHELuTiK7FL655YdpzwQ9KNV2amE=,1209.0
consensus_latency,o8TLPKU6xSisqyh9mI52tHDWOowjxY+tf7YCGT6aSA0=,1209.0
consensus_latency,HcIz5DKPQCQBhDNSOXspWkubCd9aB26GZprbVbZ7UXo=,1262.0
consensus_latency,J8nKVJ6ufeO/9IpBmae3cYXaWfPZWQFpTrFGc/nI7Qo=,1262.0
consensus_latency,YVxxEUEVlE+NPvXjfs63eFUkTrU+Sl4GVUuhsEf6/B4=,1262.0
consensus_latency,C1Za5+SIzD197wWMUR3KQNtMPX3BsrWpIxzrsXG9xLg=,1157.0
consensus_latency,KEdKLLk2YpHs4LKxRtSkOycN38eUG1unk3cYrrqSVHs=,1157.0
consensus_latency,XsKXj/NHX86wfQKG0dvQfnDTpOx0eOB7u2UX2MQGD/M=,1157.0
consensus_latency,tDCRGw0Gl15h3U51FoodT5DrcAM0iPXrUxzJz55spLk=,1157.0
consensus_latency,Rd2WMlI1gdwOryYtL2LrqddAr8ei8agQ19No3s80Jcg=,1161.0
consensus_latency,V/aPzJoGb0UmudTSHRXV2UBiM6LVj6y7OWkOoljAGOo=,1161.0
consensus_latency,FJBfE6D+mAfX4A52alpxveI9SIQTYFV6Hy75xsRH3y4=,1160.0
consensus_latency,TsN5S6Uplajwbc2i7fizMLOBJonVAa/ykMLOF/nYhcU=,1160.0
consensus_latency,oqc1CwLTf1pbDWaI4xPrUZMz9Mkp+BAI4nKPIHGJhEo=,1160.0
consensus_latency,SSJyfVdpq/UJi3YnYFTLlNkRJZ9U/ksKlug0OFFDtko=,1159.0
consensus_latency,y/jlEZcYbYlfjaL2gUJ7CP9AjLyaAXTOYwzrX/n2jhU=,1159.0
consensus_latency,1C186yZgzkk4BO8lc5p9tuil7mbccJzFfAxqtjxvwbw=,1159.0
consensus_latency,bp1TBQnEnReaDfmWoai6VwX2CARUl+SLKq2dZHFQEiw=,1161.0
consensus_latency,fNfqPkpqYQJVNiB5tBbJ74rztPrdWG8sJEZG5VHY21g=,1161.0
consensus_latency,wf9h71CFsbkH+fLRh+7W0Fmr1ZcD7X56rZwRx9I0FaY=,1161.0
consensus_latency,g4FSl2dHTedV/BMOKArCSxi2O4Od76I4tml/v/tUHrU=,1166.0
consensus_latency,mqpP2o9IcsjTFLkjc6VTAX1nWTDMCnijebGNYIPBMaM=,1165.0
consensus_latency,spREVwN5QxloPiL4hBDFMdNdM0u3ESuNvoEf2DNmcS4=,1165.0
consensus_latency,CDh9IDTdLWDDLCF4iVN0Mf1P0jMSGf15KbZLyfnJlN0=,1162.0
consensus_latency,dh/U5fFLpoPOik/aREFRE8yx+z/DnbJLx9TJ80Fq21g=,1162.0
consensus_latency,Vb07/KKXX2Yav/J43y/BxCLtL8nx0mCySpa628v9Rts=,1162.0
consensus_latency,kTkYbjjKQI2cz9X1IcUoc5JoztebusesZi99mPKCwgg=,898.0
consensus_latency,qmAILFDkLWSrZEhTw1ULPD/KDRu8i++Ym4csM5Offfk=,898.0
consensus_latency,tPnWEKYQ1HfcnDNaaGW7716QeA5xsMSJBcqm6QXWY/g=,898.0
consensus_latency,MkVvvmsDnh3ZiZXPTPZ2oLECLLV304dn41W71GUpk/I=,900.0
consensus_latency,UYm1Gx1yVyDJsEi7I6c1gSI6ff3sF+wqdsGFEStUenA=,900.0
consensus_latency,hnp+HGISopGzxvlvtwFNwGPdsoFNLOYLjjC00GdHr8Q=,900.0
consensus_latency,4TNgl3qbY34QRjNJUuWCYF7CsT8LDKK0zLR8pH/Rxg4=,900.0
consensus_latency,bISVeR07cNgkre2vjQ/XQiZ/gqpe4Z4ro7qDOH9JKTQ=,898.0
consensus_latency,7eGoOSe0hP/gqPcUESdI0zcG6yCwVOduOiSJ1whdvg0=,898.0
consensus_latency,MzKjXCxqeaBPQpatX3O2FcUopH6KHVcDieBUOlcUz8E=,899.0
consensus_latency,RdT2uHHN0T3v/0RkJdDJbfW7aSNuWQDVVfA4Pu8BFvM=,899.0
consensus_latency,igKTUhli9oTPojNHZzRN77r3ch7SrJKo7evaCPJwA3s=,899.0
consensus_latency,dxCxSMOakn5vYM7nIGYwzvYFmmQkl8IPUTH+koBrMqo=,896.0
consensus_latency,lW4L2JsZq5hDOULgnVjA+qB+tH/okdTSM/SIqvUkmYQ=,896.0
consensus_latency,Ak/wu25gek7d5j4S+Oo9ZgNaEssIcOZsJ//wiYDbikA=,896.0
consensus_latency,Fv2xCeQDehoJ3WBiWcAWgIWelP3TvxuVSC20CjyP50o=,896.0
consensus_latency,NXh5OSjnAXz9EtX/tOT9clpgoWdujvUAbt+qeLIUXKQ=,896.0
consensus_latency,QDVX9Z/WZnP5eKzacYiJ4Xnz4o3QHDfbBSJ3P93A18I=,898.0
consensus_latency,725fC3wNvP/UbE5pFJzH44dOzCy2pM2jZ1KhDMA0+xE=,898.0
consensus_latency,Ah/M/Ac15huIkqBWaYlIoEnOa4rL4XpMnXmB5+tqiHI=,901.0
consensus_latency,YEF/kDuMQTukmEokbOlEio/28RIjY0MI9XKsuRHOuFw=,900.0
consensus_latency,Gdco+8BaN4zb8TNVm30pALKwwcgsk8fOkz0F696uwpY=,897.0
consensus_latency,rj1wo1T1Hwi1NgaZJm8uUbyIUw4cfFhLzAzz0BnhpX8=,897.0
consensus_latency,+Hax+IzMD48kXqtLhh21XjoSgLHYZSrWbIXSdg/Y9xQ=,897.0
consensus_latency,FQT4kLZ/1/UKdrWGTNtS6Hrc5ivk58ZvhTMztkCc+l8=,738.0
consensus_latency,PcCFMLEW+aa84LqCzFXBvDzNhxtJuVoKGd+WSS00jrI=,738.0
consensus_latency,oxGHjGkJ1SO+I1dQzIzRAlv3WT2OP2u04IfYpAfCJ8o=,738.0
consensus_latency,QUXSPcDzKYm+39VY4KpMIamWP4aEMG7JMdL+HeSI+8I=,737.0
consensus_latency,YSjzCFSDIFb0U3PyJJ/QyEl/I04GbLXrIMEOYJUy794=,736.0
consensus_latency,9Ico3D5GxrWfcoO/mwvcZPELujEKJrIsUvzjJ04B79E=,736.0
consensus_latency,Q+K8hEVhqzi+rGl2wPzbymAHgagHpBidt9951MhEL8A=,740.0
consensus_latency,mnXq9NJ/3iZVRwkB2H5yRLvEZZI4JQPHsZFh3G0vZEI=,740.0
consensus_latency,rrCLQI4OO9pwFPd4ShDewl90HvxRJRFSTKSid2cOoBg=,740.0
consensus_latency,zMp9+KRSzb2ELyO0FlmOQMcfuWwLDBlpWEc/F3fa8w8=,740.0
consensus_latency,8AsIuBTqHtfP500xrWKCi6hB4+yy3kfP0rLC0+URVKU=,740.0
consensus_latency,rwHWC/7GHGyZ57Fum5ddJtHkYL28L2gTRDqOIcbuKzU=,735.0
consensus_latency,3yJiMlc/OCErNTVXLrLzRXEP0jTUX1r6p5eQ+ACpW3I=,735.0
consensus_latency,+A6aMYSBmVOczq9pY2sOFYbY1U0j8xH5M7Zx8KhsTk4=,735.0
consensus_latency,kZMYM2KiWbXj4sMWThiBsZfhYy57ay/tftZmM4voSOQ=,736.0
consensus_latency,uPqherwNFtLdKEMZEpEGd2/Mlyw1cAJWWRQkel3hDsA=,736.0
consensus_latency,5+js1xLPUU+RpJL8pmH/zHy2/y0Iox2qkk+CK7drvD4=,736.0
consensus_latency,GQccEIMRdGMi2jArrt04CFwJ7vFvRnHjnFd257t4v6g=,738.0
consensus_latency,RcGTPlFvfylpKeeJ1hCNDa3JoYbeoutygbSJEpwGLWE=,738.0
consensus_latency,l0pW7auCbNaW9BAAY5QXdCAgndK74omAQp80PgOMvfU=,738.0
consensus_latency,5XdLyNZvj2N1xqkg/1RoT4/ECXfmLjfua7odAvZmc2U=,738.0
consensus_latency,IoRjBq7wbyolhTbFkSwpPI96QjEpJHfHIuKDT01brAE=,686.0
consensus_latency,TZ2ZsFStJXpuzIjj40RiV9jPhC/6KmY4HKRlFI/AStg=,685.0
consensus_latency,igi/ZBb+y5HKL82Dwd24l4iVr+whH+IP2xipCzlVb/c=,685.0
consensus_latency,slWNjYDy+hCnkyrSPHlhbBcetMlEFef7BVDq0aJ6EFY=,685.0
consensus_latency,xxkmd9iSQficSSgluZgrlIc73oS7poxOb1elEH0fiZw=,685.0
consensus_latency,Fh7n6S/dVIJAiAmndoOPQLzb9ImlQU4qndz7cV83Bak=,686.0
consensus_latency,T8n45QGcBZRBypRUNdMWPiHkrPfcqfiyVdKjwaCO4zM=,686.0
consensus_latency,U4eIR9cww+a4pdLtZrAqatIhr0VwEwKqfAYvC3k4KrE=,686.0
consensus_latency,VH1XFDGWs35wy08UgJuKwD0zQBg9sS8adMKJEs8jbMY=,686.0
consensus_latency,/SCwHYTdpgvlogBU3Kuj+lsOQ+ZKVxew2t3kjBO552k=,686.0
consensus_latency,Nd365+Q4Bj16T+MOXskZnfdPWjO9UmtX3eXm+NKlrxI=,637.0
consensus_latency,PKpeC22TlrcXRaODcSywhwqLVHqTBfjZs3U1BIGdTys=,637.0
consensus_latency,XjASEStdZWiSxFZSqweqaH3tax4pkzd3jYEKVSvXXAM=,637.0
consensus_latency,RRYaeYvPCRghpW/iCabO9vvk/Fn6kI4JyzJD934GKDM=,638.0
consensus_latency,wzta0YqRmhCyXtk0UqlZAoHyTyPf37oezHUF65o5kSM=,638.0
consensus_latency,4rVGgNqBa8HM0sRH77qKw3B79t0/WzaRYm05n9CJUo8=,638.0
consensus_latency,DUjMY9Duk4nROKH+jroOOr1nMS9gw6vWYN2YYuoR510=,639.0
consensus_latency,Iow5ZEtpCzXsTRiIyOpzlGWxvHUf2BeEm0AHaIMpUM8=,639.0
consensus_latency,cZhCtVnis3QJCGAB4j2aVvXgNTbLS3dTLKlfQu8yWi0=,638.0
consensus_latency,B6fw4PkmbGCcR8gNFCELcHTUfEoOpI8fkvVcBPclOFk=,634.0
consensus_latency,DOrPOQ59PbLdtKt1wsqoq7NhJM69XmYxhG24uO0FSS8=,633.0
consensus_latency,nyKNDFiti7RjTVrMdmvFS8QW9pepR7XVhqnw7qmHKDM=,633.0
consensus_latency,U/xDOF8XoAEGkvJ66R4AvBa0Pil6vzBlR1AWX1x7Gwg=,638.0
consensus_latency,amuikhmSW6bi4jWRdYs+55SHw48ZVZtjgWNjbBFvrXU=,638.0
consensus_latency,c54IWlOIcviKCOd38SmeVcCMQA6ZX71rVy+CG3KHizM=,638.0
consensus_latency,ZRwjqe3qsv5+cWvpINfieg3MC8Q3Joq86gYeB6HlJgU=,635.0
consensus_latency,qNhhdr/YpHlUiZSYFMyHm0VuX88DfCYBP2wcysAjGJY=,635.0
consensus_latency,8MNJfeUwUGGMMncdQ7UjzX6P7kEQMSe+ZLZaZTwkOJQ=,635.0
consensus_latency,DiH0myS8R/hfe3zVWY+Vf/rlYX13kKsjO6E9t5SZHYM=,415.0
consensus_latency,S1DtIenBM7XsIjSRitch4CGXqtTGAbymTfE/c94n4A8=,415.0
consensus_latency,Ek+wnNj1Xgtm91q1b4TlGMD7HBA6pp4WmB8xBcxF2N0=,1378.0
consensus_latency,O0oAtKewQQZUhGx8SlMuIeQjopNQoBQyCTKehoz3Yq4=,1378.0
consensus_latency,bEOgLcUv9ZGB1uqbc3w6X63JgZS9i0RU1dfjpGkGUqA=,1378.0
consensus_latency,kQZ/l9x9Wnv4xbTT6T2RdRRxs1c3DU6EyGuwDRy5YX0=,1378.0
consensus_latency,m8E4NX0n/klHSDxoRC7768QuSa/V7c34uhcUHtFrjEY=,1378.0
consensus_latency,q00FZ+WQX9i46CpPSz/u4q/3/2oXwn2ADLdRTI7tU08=,1378.0
consensus_latency,8VAZ44hWmmC0QNoEBnSgJSDnaTDjvPHm0v3BnN5GPZY=,1327.0
consensus_latency,ycLdiwvmW/ikWuZQUX5O2LC3iagSvjbgnwA6OCN+UKQ=,1104.0
consensus_latency,gPy0LaeGWZ2m7uMBuLfMBnT4nU042jtyxKyplQM/GU0=,1064.0
consensus_latency,kJLW9TO3AmTzwmhs1opyWRf/li7nHW7cCvve3nLvbOU=,1104.0
consensus_latency,TvoSL9k+MhJD49v88n7JW7Di8sQS3UWif2p6of+cBW0=,1108.0
consensus_latency,AYlgFcZJjoOwcWqJh2hqqcHsXzh/YKfaZGpyAiTMFFk=,1065.0
consensus_latency,LTjmn4tdLmRDU1JQaOLBlGlcHmxJUitTHnCgrSoNrZQ=,1064.0
consensus_latency,vYLg5Gt6QPmIV2MHdiSD2H12Fz5UUz+TslhV19XpVUo=,1064.0
consensus_latency,ZYLA/i86JrgaNI1YAyRG2IODCgvEWI/c4M5koXEyAp0=,1065.0
consensus_latency,pq47sz9bH2rkKzpOdKS8FhIS10EeaVC2qraYcdU9CSo=,1065.0
consensus_latency,1mAzo/JRtrcI1HKRUGdbuENdlBHJJv22IXSZ9zY3Hp8=,1104.0
consensus_latency,B0Ws6eG4QDFWzA13faI+uVYXY0X1GKLrb2rqm78qi+c=,917.0
consensus_latency,Gtdu7ymyYA+v8aguRq/n0zyzdqZliCa5hxFL5XFHv5A=,916.0
consensus_latency,a+M19/5wu7Q14RRcJ7SKNZOvth1iwhGNX8Tlat36HOk=,916.0
consensus_latency,59ISKQ0oHfAz4ruCbUSBdZbZpvNUKvxv1n5DhyWh8Yw=,916.0
consensus_latency,QeF9kyRuw+HtCA4ThNw4Eo+qgS8EfC1I+xEAVrMNHzc=,914.0
consensus_latency,fKWmpbamjX6LEhybuZcw0F4P+Po5560AfYHivfC5xss=,914.0
consensus_latency,uUm56pjMQCxjQZnEY0kAv7RUZaz/LrSfzXa5NwxDwaw=,914.0
consensus_latency,4h59+ynx7L5tYuzQIo7XAWJIw4CIv/SQ6tShQxuL/2U=,914.0
consensus_latency,+XRWtuBL3gVmMos4FLzCbG0ePYgzWeQwXX669sUgAjs=,914.0
consensus_latency,H29pVy8NFQNVPktNwdNEicO9HmxigFfqqbZZVT/jPTw=,868.0
consensus_latency,h2cWkr6uqaRbTBfGeFOwJ9BmJvhvv1J1f2J3CcPOWEU=,868.0
consensus_latency,ntMpsB22QFTz4zzC4R8UCVwA0YNpqOjT3GAcUSVlGo0=,868.0
consensus_latency,zlvDHnuJP69y/CCy4e63v4rsa1VsmZ1I1LVi/S2t5u8=,868.0
consensus_latency,/SBFdKf+RKJBr84eH0Wz/Iz5raGBIxLIK7oaO/m3BaI=,868.0
consensus_latency,EntTYJbUHVb2iRSAfNM0fgWfYIqSrZu7ryIvSo64fdY=,868.0
consensus_latency,R4emmvbjmOs/J8MJMM3z6PUrIRD0y6jcSwLzvgswcqI=,868.0
consensus_latency,i3W7Uw55IVZCq5sG5CeF5zbx68SEGIJKyHrch8luUoc=,868.0
consensus_latency,jL5hyXdR+Lo7HIRPAs+ee+pvTRtwSLx8MT59wrnNPUs=,868.0
consensus_latency,9Ha6iMyrPy/dmJWZT2yarE0t1UdDzWS6lE2VSd5jyqs=,868.0
consensus_latency,Pjo0htCPxsAvlrYajklKyWtAzqNFdhDD7vYyTCpkCDY=,915.0
consensus_latency,e6csEDcrvl9QsUb/eQP0Hiz3lDV1Op4vlGXs09YbT5c=,915.0
consensus_latency,nbMF/4IqxP0T4jYgUBl/fNwf32g+zdMH8dAYQt0mM9E=,915.0
consensus_latency,vEKTi3UfIJafV9+3xaa+wbvI4hBkduZ16XjMGu4QHys=,915.0
consensus_latency,yCPlbD4VEVUNMbOxl7p5GHyigYrW4EcyMx7scZLQkPQ=,915.0
consensus_latency,DJinKfeU7LlVkIAGw1QXBgVU4qzRXROaFPY5514EuNI=,917.0
consensus_latency,DmBf6aPssMFadmCcUdd5/Et589+KJvyGrB24jzxOWsI=,917.0
consensus_latency,FCnCdu9YC8nxrNXRV3c4ObPh74FCcw/C/fuF6OwD4m0=,917.0
consensus_latency,Hd5GCs1PJQlOhgpXx482vgvTelnwCNfjjdTJiv4Xy2o=,917.0
consensus_latency,x96M++naIG8m08gIPYf8COLpYp48o863MKac96e7UL8=,917.0
consensus_latency,HAYbVzWBzk848O+PkkS75gtqxCJyB3wJbc51wj01KMQ=,919.0
consensus_latency,RmqAZd9LPk2yizuyU8eLXSfLU0xTHjx8DjJ++pdAJL4=,919.0
consensus_latency,lOBjqIVF96QXVkbROVmvfp7HVEQlcKpgKwfKVdG9TyQ=,919.0
consensus_latency,1QZoeSzrjd3F6AS/1woDzFfq7vMh+gzoaxHI9iCgOJQ=,919.0
consensus_latency,9/ruqSrp6Q54fTIimGLIV+ilOnPmLnPYQkiCBjDGGqE=,919.0
consensus_latency,UTPu8/YFupZcSn70M5U3vieOBlbayN1LbNo8SjbgQc8=,916.0
consensus_latency,iWAsQ+wXqnU2J2mmv1+Tky2rPichgKMu2HwOHIFfdsQ=,916.0
consensus_latency,nSZGtFZfZYrvysDwvk2YKuBk+sOiNlTQVBFhHwJ7xcI=,916.0
consensus_latency,vHSxY64i6BH8fIhV7U/703mTyQfsnb6Xfluyf0AoIIc=,916.0
consensus_latency,9dNIZzWnNBJWid1wVtSixqpXb0BQjODF12v2jfBiNnM=,916.0
consensus_latency,Fs6pJiaFv42gN0Y8Apx7o1XlQboiOSZtLXUYg3VFXJ4=,873.0
consensus_latency,Sr7IBxtypPY5goA2oK4jOPhETTbRKHgk4hEltodkmbs=,873.0
consensus_latency,z5YhVXLWxgr/MjE4OEqmLnbOkcMLbs+nz6OgHExUMIU=,873.0
consensus_latency,6fBIgXzF3iNAe0BTka9SmKGbV3p2shgPtrcn/JGaxH4=,873.0
consensus_latency,mRgtvtLuq1iRxdpPCdpW60vzd+b1bOrJv9y1FPY6DqA=,766.0
consensus_latency,0z6zWZqJDGXQk2VSKzEJ+4raAZu2u//cC1K6NeqGE00=,766.0
consensus_latency,OaX7q0fHyBSJvpfGQtMBPQXDQ/46gPmM1BXeRmxS5xM=,819.0
consensus_latency,eDpQq8Y+lsKYFJ/iuvSLZEpio3KHOMAtLxcfjsW3oPc=,819.0
consensus_latency,F+ijvM5nUjikTrswZ+WGxKosOdRFDwjB9g8BD2RZ+fg=,819.0
consensus_latency,IOK2KiW2rQFYtnOubz8zZUg8DyblO8YTfk9s7tlPVM0=,819.0
consensus_latency,06XzBv9+N+BRAXK2oxyKivIULxRl38fVlCqyvcpcMKA=,819.0
consensus_latency,LgBlyK/yGM7FsvCOfaDHegK/ex5oG8kwq2XkjevPmRo=,817.0
consensus_latency,f1Z4fTjq3ts08rkf69mBs69hPQUo5p6Y9r/AWxnY94o=,817.0
consensus_latency,nBniqiXjWA63dH4ut20QyJn15go1QQRtaUq9sZ+kJcE=,817.0
consensus_latency,XannOBfXm+gaGCar+dMnhV/PdyYkAqokQtFxfZMftN8=,819.0
consensus_latency,eNSOahK6h70dmLS3HyM13HR+j+v06YCCX/DM0OtHfJc=,819.0
consensus_latency,INvq+lHvjGWuyZUAPTnDkvQr4FA4bT5okY4q6Q1gke4=,818.0
consensus_latency,Qxm1+M6g3gginbNmoqXLyD2K/BcugvzML5ApWTCAvSE=,568.0
consensus_latency,IRkD/ptdGnZ0xCSquXZKIWSqAXrTjnwh7jcNYW0BU9k=,2175.0
consensus_latency,SK5deBH7quurGD3HJFUY/Ie/g4F89TS2QUs2p6degOk=,2175.0
consensus_latency,1G1g1dZndpuG9g2rqPrCn3X8S42L6RrAdIbKd3ou8pg=,1223.0
consensus_latency,9meFyxFiRUDS+bij7yAl3wG/fQcHWdvez3qFz/KGrVo=,1223.0
consensus_latency,cESLHz+8TlyPmYoxFgdk5aF+fa1+wOGHlJnTIWx1Xgk=,1223.0
consensus_latency,qvykMzMYuq0pV6xyJzV3vRJQRYGi/J3Y/IbOxQyqza8=,1223.0
consensus_latency,Z5RWLcPh5aCnehOWHzYeNLJMNmkXuewc1toPMhe8IFg=,1221.0
consensus_latency,MDLlIgAvHdtXWPiaf+HeDeKG+3rSIjgVo5eaWH1mg8E=,1222.0
consensus_latency,hZS3+LBHZVa6UN9wJF3czhibyP06YTqhrId26IUh+9o=,1222.0
consensus_latency,8FQeLljAC5kQxx7wtWfOjH6RvFQxDjUfRpuvaNXgPKo=,1222.0
consensus_latency,HSeJI/IlFrBT44RXAwxf5F3YxZy0clG1bYCEEsvFWXs=,1222.0
consensus_latency,7T1V72zQvYA7Qdv1fW2B+DaFpQY8BrSoQ1206q5LyHA=,1222.0
consensus_latency,RNGEVx7s+hLofheHBNorFblV5CghTnP//IpFlANYpZU=,1223.0
consensus_latency,UuMKIT7DvyNAWZrR+UXoPMNg+4ZbdLrs3xYSRtCv+wY=,1223.0
consensus_latency,0LP2F5ZhiYoCPm4UNB9MSLEY1J0EzBl4WQy/nEBcn8E=,1222.0
consensus_latency,/qF93ei+ugarWrPDg2klb6dbmJnW7KSXpb2VH2s2oRo=,1222.0
consensus_latency,VLflXklyuc+Tr1lXdc+AhCPWtcaZtanQQvNuk9xv1Co=,1226.0
consensus_latency,K56R/lA2BwBKYwXinZyXSPSz5mTlOzBZS41/nq2t04w=,1062.0
consensus_latency,bn0KTQXFH4huN4D/EM3QSF/9DVEsfzPA8nyTOr+CSXc=,1062.0
consensus_latency,hVW591bDwYBCijAT8MCEfg2dYLA9doALCkC3zWLcZ0A=,1062.0
consensus_latency,sD4URknrH1L6XdXC/R9Bs7z6qcB3s8gNr3FOvPX+um8=,1062.0
consensus_latency,S59CARakHHkMuzFTLFz3B4SpW1DGj7JrbnAfLpeKFSE=,1060.0
consensus_latency,d6Sc/sgk3Q3G+AU8g79PqoYDx31oL3XFb4RAlQBtipA=,1060.0
consensus_latency,0gmLF9fz517/RRmsZgvMoZo/K9pZOJFsH0k3xUqrOf0=,1060.0
consensus_latency,7wKVm7R/RZ8fdB6VBnIaQbbKowIVsWS5ITDiUP7IDdY=,1060.0
consensus_latency,A/NRm3wxZWD8yS2OI4GDx98pXsFiDLfhPvpG7463++w=,1062.0
consensus_latency,OtX/QW+reUt/yWaGPCcLrdUuaSyvBPQJ9Jlby5qzJcA=,1062.0
consensus_latency,u5ssepi41Ggqj8tCrXd2nzQf5ERsjTr3Uz2Gf9yY8m8=,1062.0
consensus_latency,wkZ/Ph7srOuzdGW1SRNYiNZRNUJYfE6juDfkGOhCb5o=,1062.0
consensus_latency,XswAB/f02P/d/oTRBsr4IJZol7UiwOXiPYqm1NKyZII=,1061.0
consensus_latency,3uVRtrD2u7e0TT4iqz0OFICUuB/ugtq99Uo5CfeKBYU=,1061.0
consensus_latency,4xtn4Na88PBn/8BlyWPx4oMhjlCwihD6bsP5i2p7smI=,1061.0
consensus_latency,8Lnafzhsjov73iWbjDeJSVYIasNhTm0KQS0/o4YBk3k=,1061.0
consensus_latency,8xQoqC0If1qiC7wm84RYOGBV3zMI5wnujhOHG8CGu1M=,1061.0
consensus_latency,CvmeLtnbY03pMb8fBRCpmgeBTIC5QUWnRb3vQiFWkIM=,1008.0
consensus_latency,E3ai6TLiH3TyXACQt47Kxm2yQzxEPY7JRPJUaOdQdio=,1008.0
consensus_latency,b+1z29D2HAYdw/55IuKCni4DwiOULzUsbqiO8r09ENM=,1008.0
consensus_latency,psA39c1M49P973cKKqKhq6jCeRYQ3m8smC+ZKKNixQU=,1008.0
consensus_latency,txJfgnMV5s6nJINBZqnqMoDLtrQ+jMPelEtIG+m653o=,1008.0
consensus_latency,RWSrfO/RLbj19I5j0+Qh49NC7iihWwLQMmpSDSyn5EY=,1010.0
consensus_latency,fh6awyzSMvZv1mLypqkY5splZY3yGLspkXJ+SKtd3wM=,1010.0
consensus_latency,kxo2jhRVgTvjizKmnpBcADsKVv+v8wr7K5GxZjvybFs=,1010.0
consensus_latency,8NwPS1+xPwtSMagT06OFGfZJacLChX25lCANLgqOwNA=,1010.0
consensus_latency,VOUTdZJLy2yobVXmtrnCVEyp2c9VVplk643lSXBpOUE=,1040.0
consensus_latency,YdpjV7MKKCOGVIJk7j3MtfUpB9A6vmk62QqFFTI2V6k=,1040.0
consensus_latency,bzRbKkcmvM2ujj74dTpsDLySmxBsfEUv4Mzm4a7/UTw=,1040.0
consensus_latency,jbJdfaHazXFSuQZO8KuoCm3hp8tjeL8p9eT+PnQTgYo=,1040.0
consensus_latency,zyfN2Kl6AsEexrrB648NX2XILqU0Av4FrU90DmhoGf4=,1040.0
consensus_latency,I2AsyECe9dBk7UfYg7433MjE+BQVb6LKj0zfGueN7WM=,1060.0
consensus_latency,ZBDqAQdc+MdL6Do0sNkwNwmk9YG8BRsS9L3elei8UTw=,1060.0
consensus_latency,o8XppJGWvKAo+rz9LTTjWZPKyWSLqUASp2XpI3RT4ec=,1060.0
consensus_latency,pGljy/w3SduWVxBwq7ffEgh+pHVpkyeFH+fQ7fFEkmY=,1060.0
consensus_latency,p4+kp39tMz1G/kgYswtjIVM8PJFKQToayQ48bJleHP8=,1060.0
consensus_latency,HMa9NMKrBZyF4GKchPtuGvSM6cbzcwxPW5InMuu3Deo=,1010.0
consensus_latency,NIDsGhzng1U0TrD4ETucDlHsWJVwftbN1PUsAy3nEVk=,1009.0
consensus_latency,Njlzwcprw+K3OffHpvgV7O1ArSVd2mgC1Ozy5x0UIPc=,1009.0
consensus_latency,8IXQCjNHy1B+qajrbmKAdG5p/qFnOi++cVVfm5FgMO8=,1009.0
consensus_latency,8QOU0AdwPF3Fftg8b+UgaNL3l2XVzmex+amKBZXf6Mc=,1009.0
consensus_latency,IyzZCuPOTaVZCdAYZ56X9LnmA3HG8MUrBBAkwr0Zthw=,961.0
consensus_latency,/ffMIASMVVfDDapSdXYWbTrxT6KyMih2g20M/DfVAgs=,961.0
consensus_latency,E7XW+m7ta66gEF4wlMNIkRQmZpuVOYlOEzRiTxHQGxQ=,958.0
consensus_latency,7j3SHmEXtTYTD0ItB4c5jdQCcwTI6JzNwpJj3fot3u8=,958.0
consensus_latency,FvoweCAyzAY4pmcJ00LWBMHzmzodxpxxv82ByO/vmFg=,960.0
consensus_latency,k0PRB+kb58JfAl+tloo3k+XWodUoQH8AISmBR+TJ9sk=,960.0
consensus_latency,gYKQW0Djf5eyg/SzcFuXkxLf1I56NofXsAidsBBebWQ=,958.0
consensus_latency,QiPebAf9CVrAccbc9ec8xgWB9pmeYUVsX9W4Cv3MOFs=,959.0
consensus_latency,SfG2IyXeH8jtbnoeh41ONgr6DjDWDplX/NSdHFQsoR4=,958.0
consensus_latency,q6coUjc/GRGd/FQMnpNLpN0+ZXF6nBOBQuOWOhfwbOk=,962.0
consensus_latency,0+ZLD6LUwQBJjwFPyCVbrvqeE8sIdJzbAFFBC+I2zDQ=,962.0
consensus_latency,QHnuSo4SGemxC61QUBjLW2EesthF/1EZljC0xh9gbLI=,1179.0
consensus_latency,Y9PvZKdYdHdhQ2XPiUKx1ZSz7DGIMf5/+80Z1KffyI0=,1179.0
consensus_latency,YTJd13w4NI+2E+Sq53FBT5ITB7rdvDjyA949ZUSfxcU=,1180.0
consensus_latency,3fybBcAQPuqvHePoOdk7db1v0c2J9xnsUAHzdpi5kqg=,1180.0
consensus_latency,m8TJsFhKV+E0Z/0ucTj5XvydAalQeqDbhyw8CHOe8pU=,952.0
consensus_latency,59NMoroDdVFZkVnL3gkN3LUbVOxTkOUbRTxpCd3kLk8=,952.0
consensus_latency,JG5WPT0fEaKAv6Bj3AqykhJ/VMrqrAxzxRMX7+NVP64=,952.0
consensus_latency,bQFpbZ5GeKtFvwCjN+QizCQvsoDXPVOphfD6jM5wUaQ=,952.0
consensus_latency,o5f98SlZnV01eO9MJl4pDuDF58y3xF8cYo3TDqdSWvs=,952.0
consensus_latency,J/TRPWS1bJKYbgIvwCRS3kFE1kDkVgp5H/Zb8KntYpk=,952.0
consensus_latency,T/6YboGQl9c4TrGfchYC6G2/aPO1wwqm81XkMeBnoi0=,952.0
consensus_latency,GGKgotg5Fwby5xTwdaBMlZ7oMQ1YDSYMQGOH07hA2r8=,958.0
consensus_latency,YzCD20SXdAN5spweqVwaGBR4cNSMXDs+vICivSku7kM=,958.0
consensus_latency,jG+jWhU/8FhshfN8VY6b4tioqO6R8XIAq8FPH4GST24=,958.0
consensus_latency,NeYMGhVK54LA7mjMvuYjmAmU+d4Qtc1ZSVMakV0gd1Q=,928.0
consensus_latency,t7+dmNz8FqJ0AN8y+pXgxoyehp4ZdxgWiAPWeB5WKYE=,928.0
consensus_latency,5HsR/vNobLrGJaoW24OIlIKbKqDfpK/O0HvKUcgp1Ns=,928.0
consensus_latency,wpBm+vJre6gKbIGr+ozjBc1LdpeU1+YhBsc/mFkRlQw=,935.0
consensus_latency,57/3602m5HZXPoCDou22m0wvuJwYC38PjeTfdM/iizw=,935.0
consensus_latency,9uBRHtYS5dfkwg6VD6qRb7vu6zYkzs14VtGSWy+R5Bc=,935.0
consensus_latency,rwPd/K+ftOEf7abYx54zl7mAfdOUtjsVNFGcwa+04vw=,770.0
consensus_latency,9RixnBeWavfvlRxOGXzhbWGUWbQI0ZsGMdfnneNrVPw=,770.0
consensus_latency,AaXTaaWcnAtaInSZlcb9JxJdlNuHp9y1p+9jo0ORBb8=,770.0
consensus_latency,SIPSgHQ6355dGEKh49+ToPKactvLi4ZxX/Wkf8DgD/4=,770.0
consensus_latency,qh1SLf+KipUdm5Imd/tnEZ3mwtNjVSYoIBIu3GD/vW8=,770.0
consensus_latency,1Klggl7IFMKOqW+X6P5Z78DctjRMUIizJroTmKUwzEE=,770.0
consensus_latency,+MTPjARGjXBG7ZtN2yNeyjs9p/P5K3PYORdcQAK+zUw=,770.0
consensus_latency,B3WBIip9BhTKFwduwharAr37Wz7NFdc9ygcT/s/m704=,771.0
consensus_latency,I12RXDUAr60dBigUan5rExVSvzMTHyxOqN4HE9bXdXw=,771.0
consensus_latency,UtT1Wvy3tGczH1YoGacOLIEc55fAnrnY3ci6P9d9zcg=,771.0
consensus_latency,hlujSrBPsOGf4EkeI6mG8CFJJPb+Fkj6Gm2n/A0WSac=,771.0
consensus_latency,qa64b+dI/GfbT++brfdJWsAoYI65Jxy6Is+O1qmbP7Y=,771.0
consensus_latency,WZmCvhcFfUcFfooUj4ryfg3phuzz5uoVgvTZPwKnar0=,718.0
consensus_latency,Y+MdvBMnXQmsNelSpWN8u5UVD57yTkoPpE6+axCxQGs=,717.0
consensus_latency,0gcyWW6yXXlhtOk3RDfIVzUan3nlS5vQPtzYpLm2UmA=,717.0
consensus_latency,4MjNx+cJ37rKlFQf/ovM6MatV2uUeB+EJujIC5YTq6w=,717.0
consensus_latency,9b3/iTRT3ej/C6sNy+0x0pUc2kqyBq4dLINiJu3JYTE=,717.0
consensus_latency,N2AOiz+0mFxU4/tNqVeGNJwKFvJE0RJ24gzIIwodXoo=,772.0
consensus_latency,rXY39rqlkKlsq1g973VOiC+tmtK3Xk9ipARSwplnT8U=,772.0
consensus_latency,tWPQCmudWWYp3g8lMEsn3vAs+M1FGYTOXGhQz8OEvic=,772.0
consensus_latency,1mr3r6jT6Tf3Vv/ii7nWnr2pIG6PSNb4mRhVa3FbQaw=,772.0
consensus_latency,Zddqlwwmd4dU++X1ICMcOvyAFC2KAIwnudVXKeRymDc=,718.0
consensus_latency,vACHVLiCgHI7ObEkkniwsveDABEOL4AjeA+m2RUIjBE=,718.0
consensus_latency,2ASn+NINC2bBXwEha9AJDxGzYaR4jvIejr0IP9VpKfs=,718.0
consensus_latency,/t2mTwVEabFh4EakfE6FTQEoGp0pmecH6acHdd4d4TE=,718.0
consensus_latency,CpIKo62nzfcos15cW/kfGa3QQWDlcuuS/q7YL7D2W+w=,772.0
consensus_latency,UwzJmw7BXby1LTWD8MvbVkUT+96jeXpsQKWEDr6lYi0=,772.0
consensus_latency,fDZ0hjWZ87htSdpKctNBILvdvI99DdpMnaLSqdrUwNk=,772.0
consensus_latency,mMh/fTJp0AiBBiceag0mh+c7v9rLjAFUP3kGYB1HQ60=,772.0
consensus_latency,wTzMf1VZDDUhpqi/15PWyfYg/AbMPUJuOFZD9e/0Cf4=,772.0
consensus_latency,FvtOpvm0aUV6NO+UygzLfcjJHS2JR5dcfIsA6Usy7Ww=,717.0
consensus_latency,WWlDqPtr3YTms3bkeEJrU6+0CkTVX3JozRUZQsofTdc=,717.0
consensus_latency,fdombjY3bciKGLLLvduBhcmSs29+ZMcOXxwhRyc55/k=,717.0
consensus_latency,fd4PwLbLMrjcs5PWMghpuctzldgjm8YoLst66UH6Ceg=,717.0
consensus_latency,jXAtEO0DIdTadVCq8nzzTGUL7ikzD0vC1rVf86KVnAc=,717.0
consensus_latency,HPs4xNekGhOYV4LcI0Fc7J7ng8Lb13QJkshNfedYwS8=,770.0
consensus_latency,TrXg/Q2OjS654YXhj+ygCEj0I/badvQP+cNBlYiNWEk=,770.0
consensus_latency,UlsNAo05OycagRHmFmQPtIstKE8iraf9sa0Yd/2fiGo=,770.0
consensus_latency,bLlEIDsGk0et5d8FHPL/gpYIveKmPnI51YP0u7Mm78I=,770.0
consensus_latency,gFx6C1BMSozNXxiRNPdde4GiaDl6xw+dOrCOyMAI3NE=,770.0
consensus_latency,P6C2fegzpRF3diz7VvOl1U6rJ3Sg25jm/3dquuIH2xc=,664.0
consensus_latency,iUr2rJw8sZ070Zhuplv079NK7rOcfPctWOVbCjnvcY4=,664.0
consensus_latency,4P3kZF0fjNjXVojkRD3J2ZB1tF/Ms78JbIt4O7VuNOo=,664.0
consensus_latency,CORbGN33wM16oPCJuW/R9NdUPqrgX4YkyqxcsZvD0jQ=,664.0
consensus_latency,re+XN641D9SDBgRVs9P3KJWnKuUZK/096VrABQta8gM=,664.0
consensus_latency,8nWL5emT67lRYJg24fZvVf19Jto2lAoP9f7UgFzensA=,664.0
consensus_latency,UgInT+gEkWiaaj80CViIQp5tydCrYjsmaY7IpZfAKls=,664.0
consensus_latency,VNnETl5igmmm2KGtpT1UzHxyOqGNM/h4IWr+pL8cj8A=,664.0
consensus_latency,fFtS5sGy87nNF/jazyXDhFdoSYiTZwHJ46kW8sOH7/s=,664.0
consensus_latency,Xw5LPNrFKLze7+3lZRJWu7x5vXJ8VA+Q/6phWfqdA/I=,669.0
consensus_latency,Yxm1WEViNCL34A1pTV3P7iusROa1sToOP0SmgqL7/Tw=,669.0
consensus_latency,kiZWFaau8EBz/bRQ6uYmNSPv2Ouk7bnOghkrEEcPS4E=,669.0
consensus_latency,Cu44GUvKjS7UuJCLixpNx77qf17jFPUGt/+wAIgMw/A=,665.0
consensus_latency,h4dZgApCTL+lmcFsSXVUfguNlofjZb81XAk9hECLCac=,665.0
consensus_latency,iGDH+dI/gcjmVtXJQEfAD6yu2VZBLLqHZRHSNQD8YXs=,665.0
consensus_latency,Vb/ON1U+w8rXSREXo5/cBzXkdmAFnT6wMJUfod2jLjY=,665.0
consensus_latency,YB3r3i4dJL+MWwoFGfd02oNpkHgW4LTuzmJoUs9/t+8=,665.0
consensus_latency,ik7gZwVbe7lHmaorEbLTWi/VO1RerXlK/9501xhgVBE=,665.0
consensus_latency,MeYoqNDbGZo1Yz9Yq6axKWkvDuZMOjrWu6NRqDIaJyI=,409.0
consensus_latency,X6xGzZ3hT6EyhDPflwSplWDv72W5kf7+FQpwaiLlZ6E=,409.0
consensus_latency,uy3NnQfXvGZ5ATEmZ9XXVANpN5xPA6BdxFkXzWyVKMY=,409.0
consensus_latency,Pi0Oob+TDtR4H2d3+lUJfkw/LRF2zyAPr5FxR7cz8BA=,1713.0
consensus_latency,TVvPgcnuz2SmKnx/XbWUnhaXat+Gh4kQ2HTxRh9s9ss=,1713.0
consensus_latency,VIDMXr6VIU91/wjbPq0PEf8yPh3DinswwqLfZ/yNSnE=,1713.0
consensus_latency,cHIjConpTssFAK42CdAO1IjH10lvgGGoVNjPPQtb1Ik=,1713.0
consensus_latency,j+9ssIPpd6/6TGSmj1EfGd08UjN+nQ22thbuI3h52Y4=,1713.0
consensus_latency,tRblB86LIYD0nxlXKVyjWBTc+wzRg/F5gtTD8U22skY=,1713.0
consensus_latency,80TgTK2DStCGyid35Bwkn9a+pCOt88OJHjimRgV3ZbM=,1713.0
consensus_latency,/u7vn3w1OHmaa5Ahpn4m93s22DEdpXkEXdxpQ0S0xZ4=,1713.0
consensus_latency,Ip5lvghpFcHfW0AnCFpjd3qb50S8awrxieb7+agIx2o=,1730.0
consensus_latency,k/ILnTafDliexdBrH4YNaBfvIoyBBzWe3iQ3waDLUuY=,1730.0
consensus_latency,OK+YSq6kDKxQvTkEihSfKm3MA6COUGJK21yHN3iQT5w=,1729.0
consensus_latency,QCIWkcyX2Uk3TfiEcKVLbsuZSjQPMtocOKy9dzbJoEU=,1729.0
consensus_latency,e2nJljKyadJaNQQymX2VpYD6JSPe9/CcvEBzO/VgO30=,1463.0
consensus_latency,quVZoAPkZo/oExB4F6fnzCHNNg8mOq+eUZvg2Tjk4MY=,1463.0
consensus_latency,VtVM8o2y9FHXMoebweB59fyCGq955hrs1hQpVjKkf9U=,1464.0
consensus_latency,dSvLT/VzRskMqVAZkQH556MC8X1PR3s4Dni3wL8psBI=,1469.0
consensus_latency,05CBnU6VmOTPGObIqZXycJ4o9EzLnBQaUxKsflNOxd8=,1469.0
consensus_latency,76WuUyuMX4I4rZzPaF64PTbjexrXhllKpsAedBrZTGc=,1469.0
consensus_latency,lxI8BjepKph4H+bWUxmPpG6pnrgfjFVBuPKuYz3GmlQ=,1472.0
consensus_latency,0xGe5swKCay0dnMRwwOkK3jtnIGA75rDLzAUqMjONcE=,1472.0
consensus_latency,DwUKtP0SxDEBnCScZHUwq6pZjH9jsr+K7jVQbiFAxuk=,1471.0
consensus_latency,QLalexvDnCyhevsjvFqVPHl9f2CzkxrdNv7hwlh/+jw=,1471.0
consensus_latency,oI+ybZKK4v0WUQQpGs3u11zSZdToMIWxNZ6xrMr1f1o=,1471.0
consensus_latency,CAYiutCUTjHR67Hjg5TKp29lY01AObdPRYy2Yxaa30o=,1474.0
consensus_latency,L8BHRVYdmerY3ya87Fn6o5ASeq0JqWAg+iVk2MuLHzo=,1474.0
consensus_latency,2baAqqtNF8Rcbv/T7Kr6ZYCatxv+73QnYAw2EjOAAis=,1474.0
consensus_latency,VBy+CepV7aOmljs8K9vC/JHsWPn5qrNuhpUNFsW/lxU=,1471.0
consensus_latency,BHEeU07EBX61U/SfsYF6Bsb9x9tpuXfCx1a2OYq9y6c=,1252.0
consensus_latency,FgkP5s9dwYIZQ5+CfAm8F8iihzIh/Pr/ihp4VHzyy4o=,1252.0
consensus_latency,Oy2L4o+FU2Wf92e9GLsfJD52jnl6moV+vZhC5V4F8J4=,1252.0
consensus_latency,tJM7wQb7+cUQkleSu2lxr3y1KJBCTwOFDIBLcZwBjCw=,1252.0
consensus_latency,8lt3W3LnOHgrT3w6cm5HrYmo5QJuXW35oZl2i2rull8=,1252.0
consensus_latency,AJeJkQ1JJUKIDNe17gFr8WKaP5yen4S1S2WcqgxiJi8=,1252.0
consensus_latency,Dn6gdOpZd/4Z6dp3820fd1tfT2p8jd1x0Pil/c1ttJw=,1252.0
consensus_latency,Ficeh2ftIOWlxjvuJcHUJXFioFoAJjeqsJsmsV3H39w=,1252.0
consensus_latency,dGuNP7EQ/eUl8DgYNDcX6p1MIpcXQboyZ9JF5wOF1mE=,1252.0
consensus_latency,v6KmeivQXFlkZ9dpvwA6iDucpfLZ19kOju6BXdl5Pxg=,1252.0
consensus_latency,I528e9D0ltKDfHnkiNTTB9Dyo8NIYI/R9PTEGe9sA/0=,1304.0
consensus_latency,KFaTS8yKQA6J9370x3qUy+58cRmqia5owWCdha9mks4=,1304.0
consensus_latency,ceDIx6QEPiahAyUwyM3LNyH/QiCJ9azs3+E14ywm5qs=,1304.0
consensus_latency,H2ltOkMPHEy3ahfjkQD53KAh00V3yGKB1Z5zHIy69ME=,1305.0
consensus_latency,SwyQXxhVcsqit7MXR0zeM8rRqfAjiVpQCDSW/sqY5jw=,1305.0
consensus_latency,ZvG0KbT0Npm+XUGAagibZfHid1xnEzjPFNSu1awmOq4=,1305.0
consensus_latency,3hZMzw964lLIrQrWIxw46en9TAgA2QrDPex72IQdy2M=,1305.0
consensus_latency,bdUOZ3FH/9NEGBaYzd6y6KbM0bp7MQ0pOymLJVHimm0=,1308.0
consensus_latency,fXnrw13gRHxXlQQe1+v+lADQqgzE/XWyHuD7fT17Ve4=,1308.0
consensus_latency,j01pWEJZnR2iCsIS+q+oqA0MoDytcjo+Hdv22bNA6pE=,1308.0
consensus_latency,tA58ImX4P/VgMsqBKjCUp8h9gRZvWmGDvu5CmZbLz40=,1308.0
consensus_latency,Fz8oaGI0DzMM4w1knfOeFG8CIjkLUuOpbVpai/SQcF0=,1305.0
consensus_latency,kurE9vZFYmKgUbFBIvuqqiMcgZawqTiAM0zr0grg24s=,1305.0
consensus_latency,nbaCCANXwj87g/ot0MCUbQPMTcTfnx5CoghoTeM++LQ=,1305.0
consensus_latency,outZIsMl8KqaZOeCCIwyxBtV3KN3UocIOQZZR7/a/f0=,1305.0
consensus_latency,0fzA0rBKJUblrlwdCgtLw0IIQY6Lmi0P0Q5fKkwdRnI=,1305.0
consensus_latency,2LPYkyr/loQEA89wV+A2/86rkIqkeF5tXoDfHlckRuA=,1305.0
consensus_latency,94vcg5j4kYaT0DxvkWwVyCSQbdG/Dc+kE4kDr7YWMl4=,1305.0
consensus_latency,HmjgLeRbdKfXLwvsffggx0HIigkEzZk74bfCPZYgGLc=,1307.0
consensus_latency,vExiJU8eGmbbjT7+YZFOJe9EO+AE7gL3m729zQQnrIo=,1307.0
consensus_latency,5tzX7jJtHLHhyYQKklQChh4j3OlyQFT1zpEmrVbclBs=,1307.0
consensus_latency,/7Q2dtrjRZdcIEREWPjX0lm71zBq3Nlmo2BL8UrktEY=,1307.0
consensus_latency,JG/3QmF7GU5imNXFEi4L/jmw61O+9am8FHNOsjS/sIU=,1250.0
consensus_latency,YtY9epjTjtIQjtAPHgumwXxJJjkhBSoA7VtfISlV8OQ=,1250.0
consensus_latency,ZAoRTGhfEmBUE+Cab7nU6Od9tFb9k3EUifqQCAOow2A=,1250.0
consensus_latency,qz+tUy/i9gKkQud/uWUUygD4t2anoGGd2ULdTN2Y7H8=,1250.0
consensus_latency,7xxiM5QWqkDyAMNVCtrh28eiv7ZJOkn7O82ei/LhDVg=,1250.0
consensus_latency,AB58d5cmXhmkFpsHs2tHaoalMUNkrZ2O5TVxOlldb3A=,1199.0
consensus_latency,pXgLoEvVh+XZ7iJYnTHD4eQWaf5xdxATrJSTYIYnJrY=,1199.0
consensus_latency,x+3CWhYtHLj4Jd+ykurs35e6SjvWV3wkRVvxX+1k4zE=,1199.0
consensus_latency,PDxUmFNVHb0+OmU2m/4fIamp7vIi2v0GHbbBo3B7Xec=,1200.0
consensus_latency,kx6pk8GEjwp+II2FLoUg7lCwNrdoD0NghtiSc/JyUBQ=,1200.0
consensus_latency,8sCjnATf15HN8GYQW/nSCClsiHwcqNekuXwxgk/H5Ro=,1200.0
consensus_latency,HfdZiRZEyNpSZT3A0azW49uj+hxD+r2vfkHK2EAgehw=,1199.0
consensus_latency,dvCXyWpsh6R0UV+mNPKqABRpw7ondPRkuNkyCZYPjKo=,1199.0
consensus_latency,jv6xA3sHBLDuXALcIBGPTR47UOGneeI0/8bQWj5Dj7c=,1202.0
consensus_latency,87RoljVSZ1l7fu3YzjKSLBsqlXUAMOwNhfPzS4jXEB8=,1202.0
consensus_latency,+gSjaR7Ddg2j/D6rgwoEYIQxkX8kIz9eqbd/G5EdscM=,1202.0
consensus_latency,EFYRDd3D+O1Le1VIizqePxF6XYwnmn1Ll1jXENgc7gQ=,1202.0
consensus_latency,vIrHGnyk7ubnhrIb9IPu+73s+PT+c6peci+GQ3kB9vw=,1202.0
consensus_latency,vhJuK9ZoPQbz4H5SRhZ2SqzlCirTYQiNQgU/k4PkXlk=,1201.0
consensus_latency,2rcS6z0bew4/aAfvlIoq1+23qVheW41hmQg6t5HzxbA=,1201.0
consensus_latency,nLDU16T1TB7T3Se1xjw0P3kFWYKuJRNgMnKuCUXflHU=,1198.0
consensus_latency,wGgZnev1VCeC7Fsv5KNwoHGnG0OKwxlrVazZQZr4YHI=,1198.0
consensus_latency,jiElvg7Yk2EjTaP00p9m9QPh02K36k5dbBMe8lIAK8Y=,1200.0
consensus_latency,zktJLl6Wln9mVlT6vDWpcBgAjQRPpp/fcpiitpks+lY=,1200.0
consensus_latency,05oRS4MAEcy1xC74vTXm9i832HYLd8GITjN0G+mPpX8=,1202.0
consensus_latency,HTfjc9XalhoJALrPHiJGcjugtkC55NXs3fRhrZqFsOA=,945.0
consensus_latency,fkP4pdywEFCPSsc+U53jjhzzi9rbmg1k2DIvczWaNww=,945.0
consensus_latency,3Y+1vpZvjI0w7UdHmrnCqRJHfL5dwcptePI4XmwQ0Rc=,945.0
consensus_latency,SfQBdg4nw867yMihyn5kVPRjBQIDY18PhipehSmACtA=,947.0
consensus_latency,XRw8ZTvsGXWFwqgtjyy9paynGMf13oxSqrCw4DPnD8M=,947.0
consensus_latency,0r2Ds8ztwPshi8FlBCft69HUkCf/q8GG3Zyhu2QGLBg=,947.0
consensus_latency,qBPrdrq6YtS1dQad4pk5hVC5rVnwFvA9X1UZV2EbNYg=,945.0
consensus_latency,x9yHm2nvDU52et90G9nPA2v0XJLGnBcmEOZ2nweu5vs=,945.0
consensus_latency,tGngEGMT/guq7jwvNEf0wZ70WB+qny80JR/dRBwnoRU=,943.0
consensus_latency,7wYAaRYNfKGOTHso4bdgxgTvBEpcKLJY3GZ7xNmJVss=,943.0
consensus_latency,jJx2yMxG0pSwCH5H1nl616iwbSCG7z6kgLeh3QneBok=,944.0
consensus_latency,42yxHYtAOGPf14855Ez0trihFkcLvW4y0RUa+yz96zw=,944.0
consensus_latency,ArQwuioeHRiXmdqtdTixO1UHMg+tTDsy4vPL2YEeOaY=,943.0
consensus_latency,dzRN6N+FUjnWdtcKSQIsZRuqaToHWXq8QD1PGTVLLBE=,943.0
consensus_latency,vG68fYnhKibfiIVsG/qFn0c1FaRTLADMQ9PjA1ZwNiU=,943.0
consensus_latency,csq9SzqzvizeOj5EcVw7+yjH+McvTI7ssSWbxURT5J0=,947.0
consensus_latency,DHjwh0HOecirlzYXi8Go22CnG3CSBNdaWq1GSmyCArs=,944.0
consensus_latency,fwfVPbnHdRcB8mMsxCa/pcz/mDscZ0LHZVq0gXWYM2c=,944.0
consensus_latency,g2sE5e5sRktp+74KdSy/wFn5kheVOKz1QDf18HZFGuQ=,732.0
consensus_latency,1GccLL5V7ufWpGc/Sn+uEtkudj8ofMWVRcN4+rfHG7c=,732.0
consensus_latency,1IZPEEu6ONU/xSLDcaqLGZwoxcw+brL/3QknhFmHXn8=,732.0
consensus_latency,+gmOccBWqR49Shkze8I1lzfOsGbd466HVmNUSrlXZQ0=,732.0
consensus_latency,+wNn/I+OzEVr0vR/odhU7uhcYyDo+mqyyHurnb6YskY=,732.0
consensus_latency,GY7Q8e1AZOw0brMiPv3PDz9ZCFaErh5+Kv8ErBdcgOU=,782.0
consensus_latency,Qq1+k62InOjxoFMjzgzrMqSRrb7B39uSsjhSO4SsqJ8=,782.0
consensus_latency,b44SFmlpft2KxjWH8ErNvG/1lVEcxiZQRKWQb9ULlJQ=,782.0
consensus_latency,vIm+zZhI9n/arjF5bpxsoPsno3iIHs+74v7BVwBSgZw=,782.0
consensus_latency,8bnNZcggiwRvvU4wbTBe70NDFfEdOc+p7FP0+a5CFNk=,782.0
consensus_latency,BDED6C1/Ev3QiQG6IbBUa/ssOsOsy8/r1My1AhuecL8=,787.0
consensus_latency,FO5NOpF+uQMMig/HOo7y0CHAC95ghhhu0e4t6dVoVhQ=,787.0
consensus_latency,KPK2YWbPK/lTTAU9pdaAKh3C4UqVmMXNWCa01ZrLjj8=,787.0
consensus_latency,WDoVpGETcB9hhFlZ+BvTjMY6+zoEEkLx+Dosh3EYF5I=,787.0
consensus_latency,hO6vZDNbwySrt0MqfCPfgYLfnplA6UT79++I18P6F7M=,787.0
consensus_latency,kAEW4MSrabyPlYqs5+zvIjtKSpPYpVe0X+q4pIEGWtM=,787.0
consensus_latency,6kV5Q7DzR1dQNvdnwvIHlLZ+C9E96iKr2TiB4gpAIIk=,787.0
consensus_latency,8N/6SpvZ11VevxffuBGKzySCS736rYZv41mm0pYtDeg=,787.0
consensus_latency,f5WTqvDWS82SKx+T31UKN8RBO99dFhj5cJXfl7kJVAM=,786.0
consensus_latency,p4CI2yFKp4vGqztygfcVLStD6ZNeJ12lsmx28UrdOjQ=,786.0
consensus_latency,tRVxE64jQkVcc52CFXp+DvdfyKmzu69au7MD3MvFmWw=,786.0
consensus_latency,Ljdsouu+nnQRF4KZe4Q+KYG0YR7MW2FBdNhEjgLq/0g=,787.0
consensus_latency,MgqH8IBiBge8LE+zhtPZMP2F7Ku4ThwEBtUxHW6vUXo=,787.0
consensus_latency,RIPux7Wcsvne/HvvEpTfrAGXQEGa05BddY6LBaJwQaw=,787.0
consensus_latency,VjPWWVz2ynB25I3aM7IwTA+V+4y9IvLsild5tUsLu+c=,787.0
consensus_latency,6d4gsO2mgkjS5CptXbtCsWJw8dHronYGuGNGrRLkWbc=,787.0
consensus_latency,Lqz9WUL0Vpxe/d5jZg///mfL2k9p3afjvSC5WXWEzzQ=,735.0
consensus_latency,ci8SqfMUS9yv7sXpnnR2S24CbU6TRxTNk1rSltLPlDU=,735.0
consensus_latency,ep3Yoj1t7h8+g46pcunV/cISE+9hURA9RzSaGfrhyS0=,735.0
consensus_latency,voTMDVFETJwJONMkHizVCAwzTM64ztecIKjFH1yG4J8=,735.0
consensus_latency,7ByHDqQ9Y5RUM0t5ZiBNVzBhHyf95lknpFYW3TAx970=,735.0
consensus_latency,Ms86WcWsgf7iIqP4W66U92DYArFK6VVu6WHTqN2vLwI=,730.0
consensus_latency,UlHZNf/eTiUjwxs1ETq2IG24cNKQM/o9n3ShwasDxiA=,730.0
consensus_latency,a+TK+mWfQTf3A4r1smD2FDlqrNH1AxOkBRU1TF8geTw=,730.0
consensus_latency,cmEVT2P4DNlPrmZzbnKUGQ/dTdljvhiZ+LFdsvqCnYU=,730.0
consensus_latency,7evAjoCZZR1d1f4jpIKDomT9rLtDpZ0tpPR3c//6P1s=,730.0
consensus_latency,UoRsGY/B1SGgmPm2Zy3L/KhGXqcKIxfx1kIBC6C53No=,787.0
consensus_latency,eJH62u8zRxEJWeGVFbVLjs3qg761PJWD0Tuq4kbsJ8U=,787.0
consensus_latency,h2mh8V2E7m34BcvbL8yNPU0htCHczU1RVrG4m4GpiHc=,787.0
consensus_latency,5kiIXyqC5uk8ExYSEvj/XboPc3SjyTI4zzYE7fhZv1Y=,787.0
consensus_latency,6H57fIHtG5o4NPOUQy3qlp+VNC4erEI+bW+t1CJjXfg=,787.0
consensus_latency,AfnTIGx4kuiZrd422Za2GTAyS7rGxuuAyLetwIkXPQY=,686.0
consensus_latency,sld/UWWP4ZGZwiG/YXqRYyt0ZhfofHmkswnlgIsuFo8=,674.0
consensus_latency,I1creD4PsTraTkikCVoWRJHrx+VZQ/xbu6awT2qkW+M=,684.0
consensus_latency,j9W7rZdxCIVdZ7bQHlFtUzVbgh5nZwzBRGeWUZVVCJg=,684.0
consensus_latency,qPNtw7V2iHv8U3sodO9eZUWHPT7+3XGCpu1GbVOHYnI=,684.0
consensus_latency,aoT5e075URjAZppYqW7zseVcmC+pRBvwGoc5EwlGaGA=,685.0
consensus_latency,hKlpEtjzFhA5xCrS9ljVOyx6DKVXUhv1Ds5+aX7lgCw=,687.0
consensus_latency,ms/+pMOx2tfWLOMdS1poT9ihD3xpJTZrSr4FhYHvZ0c=,687.0
consensus_latency,7zWdQCTycgzgrGObh+DZWYtr/3uVXyNnWBVpgmsKlHo=,687.0
consensus_latency,U84E6Mm+P3TqHNjbqivS2WF/qIGPU4W/AOyiRKJOGuE=,686.0
consensus_latency,tgTOE8FF1DI+WTgxDElG8AZYOrZ3lPIlIPVKrko4iIs=,686.0
consensus_latency,HvNenOwlvBJET5DDIJpxE32hK45Fm/fOIkXVVEitMtk=,689.0
consensus_latency,gLFflKZreLlrKs6nnEZKVvWxiqXzcuDYP/AXOWWYJ1g=,689.0
consensus_latency,IUfK1N26bC489kIOCOF4yfMQgr6/ql99tJx9fhUdzwM=,420.0
consensus_latency,i7fCu6xGkA72+5nrC/FY65pUXu9xC2pkZtOpQacaTBI=,420.0
consensus_latency,yFrOUpHTYHij6TPvWA0NBv+83NAHSoBw7qSx8Dvjo5A=,420.0
consensus_latency,4GvWMA7q7ryuk/ZCiu1DWZoLPyILlhPPgwQAUxSde+4=,420.0
consensus_latency,63vnaeMy2K65/qxYOJXbtnLybFfvJed0s2Lv/VBxJ+I=,420.0
consensus_latency,pNa2+DoiucEC8b4waIBdMRqeDvYAl6ix75oJp0aZ1mU=,1158.0
consensus_latency,Ti4RT+p6wobRA8IFeEqs2Gcx1HePAALFwSTQJ5VUvVM=,1154.0
consensus_latency,mdfyGRqKZlgHDLO1WaSIpgx8JFNDP+7XIXWOXIx8l/4=,1154.0
consensus_latency,1e8MzuRjVLtEe1FBsGSr6wCE5xlsX+WD5+vK1Of1Lkg=,1154.0
consensus_latency,LsGNJpw62GvjPzOft1rvZpHXKtsgH95US464Hugpa/8=,895.0
consensus_latency,ZRn29WeeIWeM1I6YfIBOYwWke9c7ugDqt0uNFUmuuts=,895.0
consensus_latency,aQCz5EMX/lhn+kcJwWeF8bpp71ZHejvsvts9IAlkWCw=,895.0
consensus_latency,8HPBPC1qp9aa4CKQc9ONHqevoMkS4ykhA7pRqyOwQ1E=,895.0
consensus_latency,qaAMKg3EvU6k38o8RY8AxnhlcVX2v9NJDlgThhp0Yfs=,896.0
consensus_latency,0rZA+sNz+SyXCOQ+GcJeVDoJZXIGvwqpCHvAN2MbY5k=,896.0
consensus_latency,u5HtxZLNxmtRDPH4qY9/lnHRfJM7O3cx9yG0OLfrmzo=,893.0
consensus_latency,x/YimZfNtce7LRd93W64oqDGIv5CyLUPKSbZ/WaU4Eg=,893.0
consensus_latency,zqZ7TCa5+mqOQ4E4X3z3e0zHjzz0iSiTEixqlFeXgb8=,893.0
consensus_latency,GRKcC5UoBuMJDFd+ILVP/MC9AF+XGAD1pp1nZu/ABhc=,898.0
consensus_latency,fARKb0Hp8tziiBMOZJpPq8pmQJia6Bs1V9MJfGLkjes=,898.0
consensus_latency,BTPwfrF5ojCDX7TXEdDLTfAH6gQeA59yQTC6Xs931KI=,894.0
consensus_latency,rnqDy/Qm36Dubuxnp0TKk9SRgYv+d3K2F/EP76L+l/c=,894.0
consensus_latency,HYaScLjniW5yZhj1/vLj5SRXyxKsRqrSj7NPAigmsYE=,737.0
consensus_latency,Wkfm1+9X26z/aGyaYNZkvjjb8pFeCcfFqPl62qiSpPc=,737.0
consensus_latency,bf4Srx0gh6aLwtXd+C2xRHPbHQ1QZyG7IGRsJEw3KZI=,737.0
consensus_latency,C2INwnRuwrptcA2+N0/zvpGJlj3jXmTzG1a5SCeOlTo=,685.0
consensus_latency,n+rrz7jEBPBFe6S6s4xzMhf6aMhN0ljTVq+PeHfNVmU=,685.0
consensus_latency,sg435SEyazlJ6yFuy7YaiOc19Y9SNyakBa9q+7NM0Y0=,685.0
consensus_latency,tviwiN/6soCo4VPiQAQLex9I9anNFmZyQKhpu+YeKuQ=,685.0
consensus_latency,3jNPies8KSUElGfqjkPsgcKGtGSM/eHDw11CEbJL1rI=,685.0
consensus_latency,5XhFTC0F/5CX/UxgZluRc01u5kb7utwRflPjj1y5jI0=,685.0
consensus_latency,K9eboXuyeb9FDI6RPyK2CzYui/OS79fewYrww2gDUNg=,737.0
consensus_latency,X5Y6HNfbfD6Oo8gPxpr6y/Enh2PcKFkAfN8Eg2ubDY4=,737.0
consensus_latency,YFIZhzd5UDaCt2k1cjSHyDMwJryafP0/oUTJCTIvDGI=,737.0
consensus_latency,uM/9BZ4IKko1tHeC66HQEuUvvFPg5xuSa6kifT7hYms=,737.0
consensus_latency,B4UMuthta9sOSR1InVQ5AUtG41FmS7H/9kjPTG4blS4=,738.0
consensus_latency,QoYjAscBW7Hpd5XPqgyyO5IyX6hf1Z2CX49exzjNG1U=,738.0
consensus_latency,ZZdwOx4Uw0nvPCENlKcvOiT/cLRg1h1xvt071ostfWA=,738.0
consensus_latency,j/Wn2tuUWPMoNoIt5Tni7xEG+XQC+TTp56pAnBiZCko=,738.0
consensus_latency,2lg6q7+Kpgxs/6tbRdpYU3zZnbUHus+Z3yvZShDz50Q=,738.0
consensus_latency,NV8km6zGBscWIYXx/qKJrEepUtxFU08e2UeyxlSpn/0=,738.0
consensus_latency,RN1fhnUU7K9kLq9Id35y4heBxFFxJLGrZjbm+NH3ZOc=,738.0
consensus_latency,Tz3pBi/a6P0Gbh5TLODws7GHFTBjysDVKYYuK+UYF/A=,738.0
consensus_latency,T9BJ6cuzy35Im0Z75bsJxJW7Cn9DkRVBZ+3dKh44QkQ=,738.0
consensus_latency,6NqnxE26txshBZxH4XSgnTNaXOml4qLWikJ3loVjwek=,738.0
consensus_latency,Cr2ufFDXXbylfMk4ucgQLAaePiYZ9c6axeSftM5X4LI=,684.0
consensus_latency,FGHMN1wo6l67InoZtye9E9AhROl9dKVwsUGuFWNSJoI=,684.0
consensus_latency,V8ZgEQVlJaNpbFxFrFXVGrQ7W+1nrmQN2+/2H0mrFJs=,684.0
consensus_latency,cRM8tW5dNo8pyGnqI+lFzEZ0d2vzZnxqTArHRsCe080=,684.0
consensus_latency,66ooCPuvD9B3rSiKZFDmp/HtWbHH8+lI7xwqRpXTI/Q=,684.0
consensus_latency,EfGdtnqNjkCH2WR4X3Mcr5IGkCs/nzlDKrFfWBK+K1A=,733.0
consensus_latency,HPIFhGUawKpEDLBZLdZy16pgQipwqJaI1Ft752758vs=,733.0
consensus_latency,P3vRsj2soTu4/+7k8zefVA0I5fQxK5nY94OktC8fjbA=,733.0
consensus_latency,R9qKbYHYHluy7q+NNDyxfg0lbhlYQErSsp3f/zxFe9w=,733.0
consensus_latency,vDMMXsqo1IMYmb8vuZcDbvKyYt0hSX3QRslqIbeLZbU=,733.0
consensus_latency,X4JGDkpEeEFuGbUM4tLetWeZfaQ6wppphg8+CUE00uM=,739.0
consensus_latency,a9uVTAYVYWxK0v7H/WucRkM7vX3nXM5KY0vzQijnuKU=,739.0
consensus_latency,gBX3oUzkCS0zPubxVmHBjdkl4MY3aNJAkBbfZYvtQtY=,739.0
consensus_latency,0Pcdl0at9XXqHDp/ewt6IzAwtfVGZu+/4q7Dvmk5Fu8=,739.0
consensus_latency,HGI49xZd7AKu6+hE4bNbbaftNWPtiJ2VihNOJHaXYKk=,683.0
consensus_latency,IAT/yUKPwZzhAtVtvo57CPrDKFbWdCqzKYtrBhxaEls=,683.0
consensus_latency,l/mxajAywtTLb2dWJAz3s+rTqnIOBNL8/I/zYIlAGow=,683.0
consensus_latency,vZIrj26JSC+o9Uuk171JoBVTuq+9hifhysm0NVZO/fM=,683.0
consensus_latency,+G/GAeOARk5GYAishks4SES13eJ0v+pH742ArGdt29s=,683.0
consensus_latency,RD/CX80e1Ldg2jlywesDNj0oTkieCtFmhdzJDDcRRwA=,647.0
consensus_latency,S3MQHSVF/yhPfc0L81gTaMvXrcHGbZmc3MKNlqOvYY4=,647.0
consensus_latency,e93vh+d+VbduJmkJWh7UXeok6nM1ii1E3oKsyLuP84Y=,647.0
consensus_latency,sEW6ad4j892p510WbrYvtQjJSF37YB5gvD4Ot75fK8I=,648.0
consensus_latency,qHwi+/U8QUzRV6X76K9jarovyNjCGZiGxY4F/HM51ew=,646.0
consensus_latency,ShM7M2pe0TIcSbPS1jP7Id1zdThMD0mr5y4IXuZDerA=,651.0
consensus_latency,asiFarU62WKhT9b6Om5NCXo0vCz1RaGSzs84MXqnSPU=,651.0
consensus_latency,F9Douys/I04nl9uE5O6JaVNyi0fj9kst8vIZFGj/zjM=,650.0
consensus_latency,Xoe0At6FIkutSvlGOI5G3UiI6/2DklpqbO7mc1/Ztm4=,650.0
consensus_latency,wecI4wkaIsmRubMhgYEvHWaefRHDq1UQ3J6niiGsZ08=,648.0
consensus_latency,EZGjiApCujOrfKYc0+MvsfiDRVqWwnJdzTwX1SOQ1sA=,376.0
consensus_latency,8Nd6s6TBhsXa3rnMwvP2nJ/hW4TEEsu+XuzV91juwcQ=,376.0
consensus_latency,tqKCUKGTrFVnblQJSxvq4WAxGVILhGK9al1YtCVPJ2M=,1357.0
consensus_latency,ScfR3ugIsJY+2AomF1GPZ7vGWGbv1hmDiR5wU/xN72k=,1355.0
consensus_latency,T7bJPF/+iYiNRSEs74ndpXid+2hzpnhmZyCtctSJOfU=,1355.0
consensus_latency,Er8Fulnk+7glKjR6iyYSIWK4bNf/NK0JDOXMOtwlgmc=,1100.0
consensus_latency,26/mEk7eFujFzNq44dXKBqOewI5twCzkyydC4gacLVE=,1100.0
consensus_latency,bhc9dso4cJKaM7UN1R1pwMSXel6poGefnoyd6zJqWhU=,1098.0
consensus_latency,c2M5yubX+2h2q1Cm9dhgUX77yplmlMQpKRnkjabe1W0=,1098.0
consensus_latency,53qZh3mL/BCzcvzMwBFakmt8eFYui5eiOxbSEg3a+9Y=,1098.0
consensus_latency,pAN97A13urG8Fm6v1fjC3VKkzHoPm4O0rLandvBvkdQ=,1097.0
consensus_latency,7k2e5cFdLzgfhZwR0VCYIetACzum2XDZrEvAw65N4tc=,1097.0
consensus_latency,BljIzzDzUysdLvwAKZovfLHZlZ+wBE1jMxKTy1sCsvk=,1096.0
consensus_latency,djCBDNPwvbTPdyQKUgfQdve1xP8oLRkhYSs4ZdbI0fo=,1096.0
consensus_latency,DGEyjhm3CDX4SSbed9l/14+Zj/eMuECIYp71mKM/ALQ=,1097.0
consensus_latency,t+UYRxnbKcb5gmQJdZKJ9lx0DPQKvKuoXanHIpbOmPE=,1097.0
consensus_latency,SbXkr8lwI1mtql4WgdhNCxxBXqJjTdZiIHXNHWSVYkA=,1093.0
consensus_latency,U6xuXVAKWuU0Nig7zfj33vJr7VJslUd1cx4fNbMQOvA=,1092.0
consensus_latency,z0cRie0g8SzqOKIavWpZiLjtnj7g7M2wX6/nICOeetw=,1092.0
consensus_latency,i9bIttId8HHJ/YC54E/8g1dhParyPnATIwZ+MzZpQdg=,1099.0
consensus_latency,GIw7flox5Kzetug7scMkVJM3+a8DvUW9rwmZYrMC2k0=,880.0
consensus_latency,HNLYnifodgoBlMpEEZbuQZuGOB0fhWkaJ5DZIH/OQig=,880.0
consensus_latency,MAwZo8bxO6/VNLI41SU5CM01d9xUP/j0ebdwN4M5tt4=,880.0
consensus_latency,ozalGvJHi+0I2MJed0I8PtBTTUvHK8y+sNXnnizAXbk=,880.0
consensus_latency,xWADDmMh3pdLnyOqxTpvEgZUJEi6qgLp7nl6xjqKSOM=,880.0
consensus_latency,G5eYf/gSvbgvMUfuL+W2lPnD+ZgCkiaq944gAIFlSTo=,935.0
consensus_latency,aQJQ5g8f1gmk4hInreRpQnQt0Le8BE9wkiAJ6kL/jVA=,935.0
consensus_latency,odBGaJZCqPzNNi/8NJm2MZCAEL0nO67mlI3Lrbex/zU=,935.0
consensus_latency,YN3F+0wFW49+FF+bJNDTgItFdjWIUJdvfHGKvHZqO34=,936.0
consensus_latency,f1oifkrZ6JfKDwQjIiUZQwpkbcBcE/Igfs9nkJLjMk4=,936.0
consensus_latency,iJZMgpYX7W6SDD2HzjHFyO8EKLFTce4t5RnRfqEWVlk=,936.0
consensus_latency,55otWapUmL5IlgmO6aAnOLK2PbxlNFs6ywsa/69f+2s=,936.0
consensus_latency,CuU65Se4ywWZEUUCMWUFOQFxF/sKGuGrcBlnjuW6+t4=,884.0
consensus_latency,Plvvqq8K1KJLVLOuLPePqj0I+dH/Y58m5jmGRrARfjk=,884.0
consensus_latency,gm3a8AAMxaeXZPuMdR2PNk4NhbYEoK9cfEgiwUWWYSU=,884.0
consensus_latency,rPc9xD743ApJ3WW7oFbu6LYwJMUpB6R/6XpkeVb83zc=,884.0
consensus_latency,7N1lVcAPIZKNnw+Y4fdMZPekxh7nmfF0d9e3cO2o2t8=,884.0
consensus_latency,I2JTdygX68zN8hPuLNdENRvLxkcVRDi/bfADSKNeBHg=,937.0
consensus_latency,2i+c7+9PdfWiZ+7pRCMooYK7VGBi/OCJknMkfbRNuzU=,937.0
consensus_latency,D1UfTcu4nvb9bMlZ18aBa3zTj5DHtKkj4byoA75ruCQ=,937.0
consensus_latency,E8aX3+MljDpCREy57oD8gdFr3pmZ1jC4EiYo22b2w1M=,937.0
consensus_latency,0lDQ6xuMd0Vqo5QMlGDrKS4tXssVMvpUlgoR/XMpeZg=,937.0
consensus_latency,3jbQkmA5aQ0okryIUbcTmGps5T0K3vdkpK3Kq2R+nk8=,937.0
consensus_latency,6WKRdmQHvPZAq3xDevaPL+Zgm9F9LrHj3RI/79mkeqc=,937.0
consensus_latency,Ba5JD6SxtgWUydUYRILw4qDGoSzmej6BRJ2h4xCCEZg=,936.0
consensus_latency,C+T67hCet7zk8ncsYaoALpBqFiCncuiHi1EVIWMHJJQ=,936.0
consensus_latency,lyj4O/oHXlEA1+eNs3ibTOVKfzgWLYI5HzDZIviYZIE=,935.0
consensus_latency,tehDklMTa3DREkx+PTJ6jhz9WyzfF+XU1N9AZxFtm8o=,935.0
consensus_latency,9zXHNCNFUliU8yJQlkfA5sqpnJ4Z0nBHGV4EjMkIRgI=,935.0
consensus_latency,AyCRRKgqTeOIUokM+OTuWrk8a022Di6zWdfzo2gKbvQ=,884.0
consensus_latency,FsOu7NxXznJOwDm8QxvXXcBwxgfsGbUsUtHTP31olL8=,884.0
consensus_latency,IpKmNBL+ajb3x+DniwUFMfxKHngDKxLwH9lHxtFOu6c=,884.0
consensus_latency,r02vVYgvpFutuioYob6IUlzrqXNsoguzshQbqDD+x9o=,884.0
consensus_latency,v7GvSzDoXJHc1OCT1Q8NUOR3PUe3UfwnN5ElwOr5DNk=,884.0
consensus_latency,S4R52MEWUUfudvjk75/Jf3nrG43x9xOr4XGD2R/cmb8=,937.0
consensus_latency,eYlggHHgqIh8/5lIvLdZfUNFS1HfInTyj+U6AeyMTV0=,937.0
consensus_latency,w/beyXgVPVf0n+dV+3pezy6XulEOmYmekT1ub2/ZOCY=,937.0
consensus_latency,5DnbQSwC/jYEigIoRCbMWzHP+1IW3Z4PeFj+m89vpp4=,937.0
consensus_latency,IPRlibyyjpnRfC0KYQ+u1A+dhg294WPMGB9K3ouFXNQ=,853.0
consensus_latency,D+TbLUjCPsWW+S6tXBEX4FH+SbyT/3Qo969Gw9XvyeM=,830.0
consensus_latency,FG5y9pu2pLHoFcEBYFoEHJAavfvLEPB8rPpi7RAvH/Q=,830.0
consensus_latency,rPEw2JSpPs95MIXZsyzll0l0+rEYX3TZEBa0cYg55nE=,834.0
consensus_latency,iCbMgKy+q6m7V6Vq66mcmD1gXx3sdwn/xNW4kMwzMt4=,853.0
consensus_latency,yEUkS9tQSUvSU8zEBhljxQZit3tHZl74DBkvsRhG2R0=,853.0
consensus_latency,/1ZW5aBtpHQEZ5v5TBm9uxA0bJcwkbx1vvwwsKTQ/BA=,853.0
consensus_latency,S34o4d63swxaGRjfdRBPyc1SnQkH7BoHhKZRdg1ipM4=,854.0
consensus_latency,0+Cqp0oM6rC6Z61yLCJyX0D8edUHSTonjR4032tmU60=,854.0
consensus_latency,eqIoHYh2Zyig3ReHi0Thmmp1Ag0Z10nUMV919MeRNeg=,858.0
consensus_latency,zk8BvwnZatuolxBNtXxRFuUqZLmoX17YTrRWXs2LzSU=,858.0
consensus_latency,iX+4N3az0TimkSgvnxPejpPQKmaE56aO/l7Jfa9zIQw=,853.0
consensus_latency,650s8GCHvW0R5foa3osmFIxHZ2xayLrsO1ILKMv75BU=,853.0
consensus_latency,8cIgDxYZ7e8RnzsagDEDbdNCYycPjOIYqn2bkMvDoOA=,853.0
consensus_latency,uV/2vldxuK2awDnsfiBiVTJO4O9gBWhIl+2xn17QiiY=,853.0
consensus_latency,4A0WZV8P5hPdaLKJLcmuygtp7FFhtW8784ZK03a/vL4=,853.0
consensus_latency,6KQk1PKGBQi+wUDpHpPWa0gEXm7QkHUmHKGveYpFkGs=,853.0
consensus_latency,wxpXS88wQLbxqtghiYeDuStpYQ/Y07JbbZoKcAbF8hk=,1082.0
consensus_latency,i+qC7Z7BtO77e1wn9IE2pGvpvGa46ENCxB/fwJFIo8M=,1102.0
consensus_latency,fCrvmGg6a5MS6yvQKohtc+aRk5MOXV+PxfUhRJMbrTo=,1102.0
consensus_latency,KQsxco68S2xwxmj3Yho697MXkWY5T7uxoTr/0Sg6adI=,1106.0
consensus_latency,3boIuubip3yPh3U4QBZp3jGZlMOd7CvJoCIApvPLwSg=,1106.0
consensus_latency,6ilkqBcKBN3ExcIQ9ay5YiamzkWTafzahOKWvAvyRTg=,1102.0
consensus_latency,6LSw09e/CeeEu2tAy5vac5d2RwN6r/DCUMzpCH7knvA=,1102.0
consensus_latency,8KQFntPMIPKbGD+kU3hxHiLlBc+/zPrqXLUreMj+29E=,1102.0
consensus_latency,fINcT+tTAUVIaHmMMKnquint3Ds1diuVD0iom8ZCcJY=,919.0
consensus_latency,jsz/Xu6Ai8I8edn2iLZ/fpCb/h7mbWbnfeGd/5fI3/k=,919.0
consensus_latency,spQ31Sp3ozsyKCFbE6Rf50z58RLDnlUV+FTV9aBGc84=,919.0
consensus_latency,Dc+v1GHOpxOvxm/BT1Y3T44BJKUQCYEnZt4huPhZ6C8=,918.0
consensus_latency,TUUSlWjmswqAHg58fpJxdk63+5VSgdxSFYWngxFVTn8=,918.0
consensus_latency,jjjeEdv9PWN4QdHMI9ORCounU2DjSl7e/Vi0IjqzR+M=,918.0
consensus_latency,xCIJH8BlesxKZIhSnEpjRCnWJEKFhtlMBRvkD9TBe8Q=,918.0
consensus_latency,z8KSbH8ChzOuOBuvPqr3aJUrMMl1WI6hG3uViKu2HoE=,918.0
consensus_latency,Y9ImDC2Zdtf/oenx1wzLERB1cqk52iUBVNWruY9Hw8g=,919.0
consensus_latency,aIDaFyZU2V4HKId5wrQ2b12LNgjmb2e2GJR85O5ewCo=,919.0
consensus_latency,fLVZgQDd4MS+VoEbaJM/luCemjnYYDKJHz/xgjkOvPs=,919.0
consensus_latency,wT5TzNczZn37cpiIJg0SWzB+FAjbFQ4Ao44uVd/0NeM=,919.0
consensus_latency,8WlMaNWljDC7XUeH2a2jrLcb1zMYx0p9V5uH75eji7I=,918.0
consensus_latency,CTpQMiPBiwvVUhbx7FKNVmICUdLZzWD5vHh4W8X1j8Y=,864.0
consensus_latency,GY0AdVq3M2YnDzbk/uzw80CgqlVEKxDbstF89EV5hzk=,864.0
consensus_latency,GsfHdiuakhCXFny6L7B5fE8yGWq90727qamWhBiC8y0=,864.0
consensus_latency,UnEaqAUbAC2fP/eBR7ZDwWa+mG8IDIR1bMTTzpeIY9A=,864.0
consensus_latency,Y7MoK1v7hRn+hzhBu/LRnGqey9YR8eogOT3ygn5jIp4=,864.0
consensus_latency,kSN5QQKFlH2DwP2MVGoqbXOyypArnngKU1Gsj+XT3hI=,864.0
consensus_latency,vM6laumLTbZxvlavoShc3Szg+zAOjn8B8rz6VIFzqig=,864.0
consensus_latency,BMY7B45Dz1YklWQ00Mz3t4gZjYqF5c02nZo6gsGEU44=,919.0
consensus_latency,g+H9m0nEbfBnZmcT8kilJYRqPWCcZ8l5e01WWrj9uWw=,919.0
consensus_latency,jUE0zKRWr86mPvMExQ7LH6FxoHvqg60XOFHM7y9d2DM=,919.0
consensus_latency,mKaXShlqc9YfLDQvThWqcDudXzRj5w3+sPNhmOIqBwk=,919.0
consensus_latency,zQV7Fcb1Q8bA8VMvqCnVaciZVpGHfLWLzJqbOLq6X2g=,919.0
consensus_latency,nltil9waGvkLrF0HeCMuNAFNBC3PuatUt74agyB942o=,867.0
consensus_latency,roxpywBuV9iOh2XTr5Iik+joh9A7Ii6THliAssOIOu0=,867.0
consensus_latency,xw8muIv2ekPMddJd7XXvHXkkd6cMKHYzud+CQBC1skk=,867.0
consensus_latency,x2XZfWNNUMfcrVHqvwm1TenMlblEn6yD7i9UCIoCRnI=,867.0
consensus_latency,4VLVh8M9AWGKiSt9hgUdFN0zGOXntsx5aMB4tDhEBrg=,867.0
consensus_latency,GxBEG40POOERzHkXKDMYV9c8cdGO626Yy7B4YF4GSj4=,919.0
consensus_latency,MCBMo5EBrrmn1giSjv5Jot3bonS0sTPZratJCtw2RFM=,919.0
consensus_latency,vjIH2cR4K1qlWcPOT/xJFzq5ZweQk1ftOOCTZL3hP58=,919.0
consensus_latency,v+0UuAzil2RU+9DdCG76is8DP1WYHGQYirDLGj0UfdQ=,919.0
consensus_latency,4CA9eBzeztjhuSVuOQ04QWFEEiPZ42kcnfcJ4Ja/wUw=,919.0
consensus_latency,DR49M1XhbzMvZr4xHEAi+7iVaf2AqmGux8r7VmTUI44=,920.0
consensus_latency,FR+ef2Rfadxw0cAxkDMT+CH2DuBLZq68etw0j/G9F8U=,920.0
consensus_latency,MkeibQJM8/oRJImAVX89Y3K2X8adN7Ti1j3FZpYfbeM=,920.0
consensus_latency,uxvAY3EA7IcevBflI04i3Q+iBEOpV/uRNPgDCsiIGdg=,920.0
consensus_latency,0Hhvmm6fXGtkv14jCELut6+rL5GbAUKPuLAgfKqOQnQ=,920.0
consensus_latency,M2Hw2hVzI+9Gt/D1GbkAX6lujf+60gbEXhujLNdYxf8=,866.0
consensus_latency,rrBIRY2FU4XL6Nkp5WUxjLcyqUYhSogN1WSfltQOijw=,866.0
consensus_latency,0wtKr+t36D8jLy1A78Su+GrAC0Cz/D2u9O8f1tk0gN4=,866.0
consensus_latency,4PAcWhu5GStlnLPRkPS54OCtN8x75zEeddUma7ErcuI=,866.0
consensus_latency,6aSTp7LRdA/OGgT3tiQUDjxZauBrB4S9QwgpetXWMds=,866.0
consensus_latency,KcS1ZAmVIXKCP5isYtZ2kLT2d3do0jVACdOXnq+ArWo=,815.0
consensus_latency,q6CgRITnuBiMYyUzB+2KjbGl8wuANTqY+ckFj4VC8EQ=,815.0
consensus_latency,uDC/AU0Q8CIqHaldHSXWqNkmPRQR7BZ3WVf89XDq8Rs=,815.0
consensus_latency,J+PQwYm/wePOsRGjrmMBwc8w1NxUcUweWbqtdskmPaY=,816.0
consensus_latency,/sfVV/xyrur133ee14cLyNHFrG7J8yOeF5OscEGbcws=,816.0
consensus_latency,MgCL49XVNQoqYDwn9WafcI1uJJQEn82+xKuaDXnpHug=,815.0
consensus_latency,VZ/okyv9I8pBX/iiL4jP8ideYdD4PwiHiTrPjlJYkPA=,815.0
consensus_latency,pwrEqY+JQtlLJ8Lf3KozF11alxvzX6DTck0Wpj5WhXw=,815.0
consensus_latency,Tcc6FYdXHRPEo0e4Shj9JuWrpoOVFFoIU/Q3ShZ1Ats=,815.0
consensus_latency,8Qo/SJgy7kIHwenUtjSAyafB36VMKuIlngeTxD7SFLs=,815.0
consensus_latency,PEf8CktKkB3KJ6kPD1UvUZcf5/7YJLGdI8JzQaOd5ME=,821.0
consensus_latency,+HSRu8QDGlFYkWX9Q8krWLBZ6HCeqoH9enyyoGZo6bk=,821.0
consensus_latency,h1g03jE8kwJ6vKICE20hq2acg9OcSdYFMX/mD7gQcMY=,816.0
consensus_latency,mlas7jdnKXlSqgbEUIiN7ojYWISqo2MuwWTWXT4ye3E=,816.0
consensus_latency,yZebjasM4W34Tjp6hz5iyPhnnCvzvfshkKj+YIO4Qf0=,816.0
consensus_latency,zLoF1VNs7iTCnYRU8nWV0miNkOciZu0M77G+eoXWFTc=,816.0
consensus_latency,gZB5xxXxHLjZOTI+XKx+QPDtmBX2quON1WTdGIy0+MU=,565.0
consensus_latency,wQG3C16uCLWDrYRHbJEaMNzZdzmDojskQ9fv8vSaCOY=,565.0
consensus_latency,3ncXJdpbHWW3bboz7YqC06uV4CK1FOCf5gXRacHlLnI=,565.0
consensus_latency,vE3FdXWcoLteQ8Y1iBUI5d6fb25NfhuW6XcwfOlzSd8=,1709.0
consensus_latency,MsPFFN6rb1hV2WZ7WxL5dP39g2VkJ7ddGXZ2dn08MRg=,1456.0
consensus_latency,mwuvesmdU2oXxvHXYfAFe1T/QpbXZqSiSv4xS0xO9gk=,1456.0
consensus_latency,W2LsH3L2nbuvU2DOnzUFdnvs7UVUYpiI1bJy+EgMFEs=,1457.0
consensus_latency,qXkcOPx6sO55GLWAFXbPzwhz9OogdJ/Q7BEnmeBRL6I=,1457.0
consensus_latency,OaAYuguCayfJT581DmO95khoslnrI2B0YPArdMGi2q0=,1457.0
consensus_latency,UWyTJmeX1Zps9m7Zr+jUYPOECBf48009WFi1ddQyO2U=,1457.0
consensus_latency,XWNjXL0KxwiCdDxCxcVcuoStdTmQHQ9rB6zffPT1S2U=,1457.0
consensus_latency,bibk/cYAjAm2EPmKIjIqSfyQJwYQRtdQoyv2htD49UY=,1456.0
consensus_latency,p6iyzgwwweBURHzRMmoCKjTd/mzRw7f1wYrpwngOPJ8=,1456.0
consensus_latency,zcZSfXskt7dpp5fIh40BhzHt57vSS4ngwkLACzwOFBE=,1456.0
consensus_latency,GGJY4Da0UacDhSNi95Hyrzm/PQ6YSWNbBbXg85oOW6M=,1458.0
consensus_latency,SqgWs36F7OOndKfptQkmjYlM+1NpYS2QOdXBfpz2vG4=,1458.0
consensus_latency,XzEAIo2BQJElcIFm9CxCkx0lOQGMeRLKgBWjkLKorW0=,1457.0
consensus_latency,Okdd77RFFe96vzvCflnCZwQHb91AOX5nWdxBnOKADqA=,1296.0
consensus_latency,nyXY2TeCllMmTZs0JHAXHIt8wiiouPgiX1PTzXIsGz0=,1297.0
consensus_latency,tlgJ+d1Z2jkx8uU5+7XrA+7rym2b74bvI7ZE8EU5qTU=,1296.0
consensus_latency,77++2+IMR3rX8IC4fGVxESM6o5rR0KnpNeELGX6qKFY=,1296.0
consensus_latency,/XsA2BQnbEYFJFunyON/t3a3jmVCrny6ARkNv0j7FLM=,1296.0
consensus_latency,CrVptp+id19gnBnbErgQvzR6APAgGXV1sUjeKPVLD7s=,1243.0
consensus_latency,FcHOrWeTlSmi0vxB56MWO9IlOaeIOQ8azJIVE92hnFQ=,1243.0
consensus_latency,HGs1Pq03CnNQJjN4DC8XSMMEmBUDC4IPlSI0DGA1VJ0=,1243.0
consensus_latency,b1XiwXSsbNa5CtJfuZE6TQs8TCWEW9/IqvKWbiApWDg=,1243.0
consensus_latency,fBY5oEap6LJMW81fe6pNmOYcMFqLoEnX5ULkQa6mnlw=,1243.0
consensus_latency,jN3FjXMou6Z1Z9LwElQ018GL3VF46T/BICd4wWNyb4Y=,1243.0
consensus_latency,zYDGQRQWqtodB1ReyMTaTHUsb+uJSs1MTVX5bfMcq4o=,1243.0
consensus_latency,FBL7NPhuWW7sXM9DvlFf3LRX5+CrZXkwfIWS39FdgE0=,1296.0
consensus_latency,Ryw0IP+Cq5VXkOdHGRErXM6EqLLxAA1zP4BC7y10CpE=,1296.0
consensus_latency,jLDKSd/5qnVZoGAEVE9ss4gZbNV8OfZXY+xuuL9onRc=,1296.0
consensus_latency,G95k4X5U4Jw6qeMy17sDCHdyZLf1Zho4ai49PBvfPrA=,1244.0
consensus_latency,KOUpBCAsQjTNFY+1UDkF0bS7LWaKehRrcukzuNNR8W0=,1244.0
consensus_latency,TkgFW5taXWSJ6z5N1K4xa6unBHjwrnk+eHIfIDZuENw=,1244.0
consensus_latency,mZWpukGkT/XB1tsSGGf3R500SaFLBaUz3zX3A01xbxA=,1244.0
consensus_latency,4Nl/On02cgVAdwkIY0zxrXi26GjAPBInDhlTwTtmrAQ=,1244.0
consensus_latency,Oedas2taJrZhLA7TkpuMvNRHOk5FyAxJziOKZPijAnk=,1242.0
consensus_latency,XmYxM9ZPfIDCJTX8ADnZXMreclzci5690zn9gM7/xCE=,1242.0
consensus_latency,xY+HZ5tWvKxdrBtP/wNoOwly3ah7DlakTwdCpDxWK4o=,1242.0
consensus_latency,30nPJKbE0lCGUFmQ63fnwrfBLJ4QtEj5ZZVn/HXuFvM=,1242.0
consensus_latency,/3vVseBfu/wn4pSPYqj0yH/1uGDuSSu7BxnYjW2AbS4=,1242.0
consensus_latency,J614B+saB5x4rMSwZJkdhbbFrW2FjwFIln84ByKqVZ8=,1296.0
consensus_latency,SCG59yjb1IuZl3thHUVw47FSI5zSxn0n+qEvfYAXQY0=,1296.0
consensus_latency,m8dBQ9M89jxH7PzQubvM3xdSZsA71zoRJhnnKSdU3rY=,1296.0
consensus_latency,zBM2+YIaTQvARjyAp4917c9N5nj7v6nucViK3mSkk1k=,1296.0
consensus_latency,jqRxOQkgVyoDSivuveSXQg9tpsuEBANLj6XHgS15xus=,1296.0
consensus_latency,4aBCwCSvF5lI9lUshp6G4yADGYL5McWXS1xJEYVYuc8=,1296.0
consensus_latency,5WKYYg+JKHWACUuUeyh4TpSJ2xsaaaloNTc+Kz8xQ44=,1296.0
consensus_latency,ImPzcWP6ymkIcMLwNEKZLiyL+jiIcnIiqXEje/LAVao=,1296.0
consensus_latency,UalsSiXfgPxWQCrjsfEaQ70m18EHXCBV1oLqbd/jl6c=,1296.0
consensus_latency,rhtuVVTdj5/sfgbr/ISjatg9qho7n/nWdxOb1ithoy0=,1296.0
consensus_latency,10rrmrCbZ3I1LsWbekf2jhPACJduzsvw7DHigNCpQao=,1296.0
consensus_latency,A7gRsrQB8JhhcFa6FfrI+NjQLcxcqtfK+S7zLAA2vAk=,1296.0
consensus_latency,Bj9kGZelJYcT2RhVUPgMxiE4fKAGXil+ZtzVps3eyFo=,1296.0
consensus_latency,D7O4lG6XadFBoxzcvB4U4vc24WLE4YLFaAzkxpO4T0k=,1296.0
consensus_latency,1u4s42Nx4KJ3vLWuxYjAvTjGRfkZVOmo64X+blNBLxI=,1296.0
consensus_latency,gjw2/9eDCom/BQONp27o2SnCD87YPXOTuDsusrg+/T0=,1192.0
consensus_latency,pqh+DWBshKO2QopfzJoc7ROqwoGkm76dtOJGj+tJY98=,1192.0
consensus_latency,SbOTpegSQJG6hnhpUJi8wh4huwnZmizYpDWm1NzW+Cs=,1194.0
consensus_latency,ZwSzp+mWrGslnFZ99J5upPRPfF7KVlrbp6ZNQS8AhK8=,1194.0
consensus_latency,fzpoekOtHlUpXWW9Ul7SW0zmYZBm5zYGbFL2xT6nbxA=,1199.0
consensus_latency,044mK6Ax5J6BGJ2eeI7Us2ieJ3V2qKiYa7w8LPT1fIA=,1199.0
consensus_latency,VyVAIwgYm3oDi0BtnELbsrx6MC2KEh+1U9EKzQPUenQ=,1199.0
consensus_latency,kNgmmq7L+fTOIX0fnbXkwWdI3nchZfXBy0pCMMOKg9A=,1199.0
consensus_latency,+Lwqup4kvE8atNjcp6+JOXnXT/IiRjS7svqekgNNiSI=,1202.0
consensus_latency,t9i9NFe3rsm44k40ljhvZbCsVhMw1PoQFS3IYmnqYoE=,1200.0
consensus_latency,uQKIN9/1yxuC3MqQDK7kC+E52iunLNK3wuQECWUtNP8=,1200.0
consensus_latency,z3VbFVFkKNPEcQutKdm9uJOcgJzcUW5X5u3t8tpWWzU=,1200.0
consensus_latency,VX5WgQZQMZZoDfGxTdEJxln41hqg5NpL8NuX49JI9C4=,1198.0
consensus_latency,dFX4KmZ2/7jCBBuVzMofeopCdC8gxbk5FP5hVXPd7XU=,1198.0
consensus_latency,6C+92rpwxgBRDCxphKdA0KkUOQ/keeWLmPIQSLs/Dx4=,1198.0
consensus_latency,N1Fiv7bREkyxDl3/AbZDvKwai5Um0/lUQqeLhR5nsLE=,1198.0
consensus_latency,WFQBF6YYVuxcOa/ZoZGNbgcTuD8SIkzA67PXa0P3BbU=,1198.0
consensus_latency,i33BGRjOwGQ5kF57oapLRfhm7ybo0vsIXMu8Yx6dkF0=,1198.0
consensus_latency,enXIclbn/tLAqrP/x4PoWZ6SfshqijzOXkiyY7pRiys=,933.0
consensus_latency,AUbBGGVVJ0wVUvoyOfiONsThL3P5mOb/S0PI/66Q3fE=,932.0
consensus_latency,XjlYeuxzQB9qfzt11W5YKw65kgDvYvD2CpVbH2QuVkk=,932.0
consensus_latency,6PMB5M8m8UkfMt4ZCHvTZ526ctptC2FapIOXA0GTU/k=,932.0
consensus_latency,TtO7pLJfR0n70dH75NX/oSHh6NTbtBSKJ5J1SWcpw4E=,934.0
consensus_latency,rCzcz8yv3jOLY2P210XTMqqVeeMnbRpQWknOxRXKTZQ=,932.0
consensus_latency,7xVSujEgpItdZx5Qsx/yEQNx2Q8kOvGQ4t/Mnt3dHkk=,932.0
consensus_latency,EPc/gKdiQpxkNOhN5A68xvO7qeNsu6nroS3oopiEZok=,933.0
consensus_latency,bnT0SK7D193LSFV3gofr40vjADX2V3kAdQlQ/UGEYNI=,932.0
consensus_latency,wN2kIrbXp3YjkVd3MvT7DFdBraLAWOttWOjLBFOMJsI=,932.0
consensus_latency,QzOBiGCkVz2wmfpgbv2iqI0F+QO7j1ct5vLySwKnDX4=,931.0
consensus_latency,qvjhqqYffhJIJXT/upy8Co2qSwB61b2DBbGr5iytVU0=,931.0
consensus_latency,1P1CtGxixNzmWMk6zWHTpWym1op8kp90gS0MEGVpVys=,931.0
consensus_latency,5qKFwSTmYNABFuOcCO7laZiVOyD1Rvm23zMWwRSBF+s=,931.0
consensus_latency,BEC/gfNPdNxKBHFOYsfKniHRVFTdgKgbwRL+o2Q8Je8=,932.0
consensus_latency,Giwo7SVWv8JHM/Ld566Lp/gUL6N5L6eWBAOd+2Tu868=,932.0
consensus_latency,lybQ3d+slFWCu9sXYk+T1lNe7n/I6n4wz6HfVrIEYko=,932.0
consensus_latency,SEw2bmK1nN07UUEWAharfwKUxCjsAtsxevOgHJjX51g=,932.0
consensus_latency,gtDjhaFpD1n8sfoarbGSBo7vZImtfWibDvoIraPkYcc=,932.0
consensus_latency,rI+XQeuzXiJ9JY7/Uvy0Iirf14tOLT2ATT+KpVRIJH4=,932.0
consensus_latency,LhAtLf7mEoGyomw+b6ZbDpmiBEr3FbX6qvcfo18m6f0=,933.0
consensus_latency,19rCgAvf5jvbvDZY2eGF941xLLOUZsg9va2Cy6peawA=,933.0
consensus_latency,PyWsM1P7vsPk4lDN2mEVWCNABP/ikqFGPoKqEEkztLg=,765.0
consensus_latency,n4h0nusc3B49SUJn7Uz0p1B34Ao1p+tka/e+gjQDS6M=,765.0
consensus_latency,4vu6x1gPRlP8R3+qBiFYjwVvW+Q52f0rA3bULpcczEY=,765.0
consensus_latency,ZTmtQ7qgNgz7I+kMzgggqp+r2zJQzkiATU/YUY+VzcI=,767.0
consensus_latency,j4AD8MpxVaKpJdL1B9Y1UrpRE/ppDs5xEiTUQ/fY22A=,767.0
consensus_latency,1v9+k2Bgi6VFSSwtVIqJJ/lqUxfg1zFDzt40s1P2oO0=,767.0
consensus_latency,Gt5RP+9mmL+72r9O1vR0vUOVk+Vb4o0ABnvwCpsMV2o=,765.0
consensus_latency,WGvXs8p4yrIMUbdfGpakop/mPnQtV5Ue/6dJC2nPs4c=,765.0
consensus_latency,jQqaG82PcJOqtyWOVS11xICDcZBYcznLfPMIxOceSIw=,765.0
consensus_latency,PBt8XBF4jUZHMFy9QkCOHBGp2pbF1bghMqHRySP2N+g=,767.0
consensus_latency,QdBjlTuLafOySgsNkBr2eCObgpq1SwXLC4rb/706z7w=,767.0
consensus_latency,nE0E7dggSgqtrYPu0aejJDBUeeA4BaBR/HPfODAePZs=,767.0
consensus_latency,viSCURWYqLA3xisG8o0yjpP05oiwl5GKzuR1gVr4KDE=,767.0
consensus_latency,6X0F3oXFhwfcSj/HC6itRDgR7VAxAykbm+Il/cnnf4U=,767.0
consensus_latency,Dbictt+EaEic1n9aZ4N+oEaHeBch2vi2vf7+nilK53s=,711.0
consensus_latency,SpB+HRiMDk4+stW0Fvpwl1fu5zDwvEyTMdGyIoBOUH4=,711.0
consensus_latency,gD2UF1BsrdWBk+fnoZfL/voKytS/ZyrBKjzQKwoRKM4=,711.0
consensus_latency,pcsofIhRFdeMBZ4vspDQiAvchvZLcgG6d3cB3YtMbZU=,711.0
consensus_latency,7nAysQHEhVdZFmmCKS96NgEvnEqiYV/lWe9+AmM6WIM=,711.0
consensus_latency,TNZONAgT2MMMKqic+bPlGaN7dg6QiQpKRWZi+3R62+4=,766.0
consensus_latency,WU4G+KLBqhCBI8QWT0CrYTnitpTL63Z89Gdr2sFLqBQ=,766.0
consensus_latency,YZYA5EfiHn9u/H5ks/AQMm31kHSS7UeXeU8Z3ppzdjI=,766.0
consensus_latency,0BjvGs/CiYrYQC/jMLpLM5Hz3ogfc/bigI+ynnhgg24=,766.0
consensus_latency,/FbSLN8D3pLkraopoUyebCuT08EKh0XxsAtiR3C1C1I=,766.0
consensus_latency,HqqkQbJesf0sYF5lHCr1pH3rqmhNK82AmjZccjK6mD8=,711.0
consensus_latency,X6HklTR4s85xicdaTh1ftOW42PsvPvc6pnrTZPcdhwU=,711.0
consensus_latency,iotM2uJ0pp2au41EoN36FJM63fzIq4mBDIijSMtikK4=,711.0
consensus_latency,u5mTdsuxwF5GwcJBezV/fSKMo9psB6WvdTJDc8e2KtU=,711.0
consensus_latency,yCkuC/04EdAW159V8OpPTcouWCd0+nU2bqEzCQqJA68=,711.0
consensus_latency,+g7qfXYA24+kucAu/EIDy1jDqWHTiYqtMe98JvjkzDc=,711.0
consensus_latency,TZD/iLuTZn6TNuoW0xUCrnYMRkRXWRl5IedjZNO09h8=,712.0
consensus_latency,T4QevgJykQCj8hAUOrkxmK2P8NUu23rLA9YhNodyM/8=,712.0
consensus_latency,VrU9lKh5hgtmWq72yylPhKPUSmWcVnupX5fOKrI8WVk=,712.0
consensus_latency,eQl8TWvV+nlOE9i0g+uzsPhGAXxKLuMzy9AuDDkHVGs=,712.0
consensus_latency,2AcUNL1Brnix9W3dgV6Cxn8Y5rVrgGGEUWCCHGMmAvs=,712.0
consensus_latency,+WTeRagfA8G666tla6wjrW0/GWrW+2INQX2Peu6uFgg=,712.0
consensus_latency,g/neI9oO/VaMvijETcHIWoKCl/OwrPe2xuU4U2mEGxs=,765.0
consensus_latency,6yRkJwgwI/vas/76Z9fagun3i9NKDLc2cT4p5Qpu/RQ=,765.0
consensus_latency,Fc/FwbxEZnclw8M2ib69lgnPyzZcadaN8AoQZsISt6c=,660.0
consensus_latency,LL3+GzuHDtz/CJdwaJv2xwC/iEsFXXT4pq4Z8Om9k48=,660.0
consensus_latency,4rt1SdF7xzevE1DmDflUo8FiBG4PYU47MzkP0Y2nYl4=,660.0
consensus_latency,aSr3KQPbmntk1UIG0ouLDpVTkH0l5e8Q2Ni9B/4CGa4=,660.0
consensus_latency,7iGKwg7buJDR7mzdWZzlGf1NYZr0TtmCjU7ekIUrXuM=,660.0
consensus_latency,FCZruM2YKAFLP7fIXA8Hwx4eEszhJHC5vQg4Vqj52HQ=,662.0
consensus_latency,L9xiyq+XMfm1faoSpEVBSh7rSABnj5gkyi2+mWaheA4=,661.0
consensus_latency,WCKNVAZV85L1uiTLkceRyVhf3kwRdtxfAYz1/YH32HU=,661.0
consensus_latency,bDXKa4NRwzMNwBb/RN+uPDhzxPVZg4YIJBLiheEN1yw=,661.0
consensus_latency,+Jfr19d3AUBLZrSkVeX1WckGDqwomcCLLIR2p1V34AY=,661.0
consensus_latency,VjQkStcjKYy6XtZ/gMDHHWZTr1SSGqsaN0jnCu4owYA=,664.0
consensus_latency,mVQ8AMwtgoxRtKTfWCJ8iLLAFI5J2R69sglP3cIuCoo=,664.0
consensus_latency,24vS4kjbqe3BpG3OIuD2vAQg+RNSIkRl8XpVj78nER4=,664.0
consensus_latency,ezMqTc/4OXKJezrG0I1xdaUlrfGN135+CnRnuIJNYbw=,660.0
consensus_latency,gIXPr7g7pS27T/LjmLfey49hAR4d5MQ2zz0l8mpCHUA=,660.0
consensus_latency,s6299aRwYggaQfRZJuYZPFWYfDJVJeGqwweaCjyvPRU=,660.0
consensus_latency,21/TkWA5sL4Cr7S4kdnbaXk3gZKGhZNywGANng+zu8k=,660.0
consensus_latency,JSpPLW+AE6DbFmcLYyye52/weCvS9wt8rtIjHNV7o6o=,661.0
consensus_latency,nHDTO14+LrrA9BHIKw2YBIZcwlxkt5gnu0Z0xiRgvEo=,661.0
consensus_latency,3OE/VnnA3BBU2P5slwZEkEbSZMcfCov8DMqCYuxE5gE=,661.0
consensus_latency,xIMKNbxbVb2oUJhJrh4FSi/u60dXTK4R32SVY1I6Mkk=,419.0
consensus_latency,huik94+uz86QPcAEalNjoNgApOIQtWaYBrqvZ/MNk04=,1349.0
consensus_latency,Fa7/Pd92gG2ocaVuAoz8ZyCL9wvCHIYrL4NoF3pzoKU=,1088.0
consensus_latency,ZfiqZkO4XvYMAPcBtpj1KUz3OOvZ9waF9RoVbuZquUA=,1102.0
consensus_latency,epJ6mxLHUieWR1FA+yRyh+kFULwAnB3l7WDvLtOx6Ro=,1102.0
consensus_latency,2qUymTcJII3JgeBV9Ke+IteBYmu9RRb5vHC0Nn6F8/Q=,1102.0
consensus_latency,KJZGj9gzM3SfgCsoHBxeZ55Brjwyi9gT8ZCilJqJuC4=,1089.0
consensus_latency,SXZJyB8McxZ3zirGwBgqz+6JSppRMgwXPYdN4zSsbyQ=,1089.0
consensus_latency,QNBH9Ig7uZffp5Uh3xkCSGt4R+7T7TFh6WJ8ZbbqZZA=,1100.0
consensus_latency,nLuMaZteMNZBsHgHhMbaoLzrDo7U+OHjEQCWGBeq4Uk=,1100.0
consensus_latency,7Gmx06E0mo5KRlBE17X0CRGJj2XmLgAazpUq/6VWAr4=,1100.0
consensus_latency,DMjCWhombjUEIios7QiE7mBfPl+46l8sQZyWsgZ6g9Y=,1100.0
consensus_latency,NHBhKxiIzLDOhQT5jx+fvqAhjpSdb2CwGwOXEUm04Yw=,1100.0
consensus_latency,KdKPAU1sMNpRFT+bI7/e3K25Gvq7UxsAEnjdaO53edg=,1097.0
consensus_latency,NL8XJKSfc/Hb6tqfLiQngIfWGmat4MxihfrY3v3ZmKI=,1097.0
consensus_latency,/Gf7XK/VkjPZDM7UeUDVE4K7/NO6yB1ElLINHLG788U=,1097.0
consensus_latency,FLnVoaP0IfC0pLkOtT+DomzEdPqZIymga6kHlrHAihE=,1087.0
consensus_latency,giAYZjoOEQOt9+e/WsHYr8nIUVDgDu7VfoZ7AN+IvqE=,1087.0
consensus_latency,Y1LAgEpYKUPsV212O9y/xz/BX9VYJ1llD0CaytcqJ2M=,1101.0
consensus_latency,rsJY2rDtathQRprV73JwseoasseSsR7X2N2OjbmAviY=,1101.0
consensus_latency,30h/o/mqCPhd4l7KJZ7DfMespQAtN99EU0JHzWiPcos=,1101.0
consensus_latency,JP9Afp/lctrKmbgRCfvTUzYuUVjk7IagYIhNeFomqD4=,925.0
consensus_latency,YBMdzw6DAuVpIaxaR1msbSuUkkBjyGIyN14HYM8zV2g=,925.0
consensus_latency,aVqs0E8x4Z60kAOB07iMEzkkQWCZ/RcOMmsdA07V9rU=,925.0
consensus_latency,67JrApjKwBdrJ1m2bc7g3kzwSmy/gxylhifCnozDDaA=,925.0
consensus_latency,TxsIVilkRy2iJy7ibD4+iMwfIv/RrbveQeuhXUIBFLE=,870.0
consensus_latency,VnDMcQaio7PfArRkj9ES14hlBWKPd39Pyw1kpb7MrJ8=,870.0
consensus_latency,bmSOGp8jFpVjW4PJLke1DTI+olUkHYEGjwm91MNPIHk=,870.0
consensus_latency,ntsF9O4rvl3Y+2Ndz/bQh1elWycnchn1m12zGyOawaM=,870.0
consensus_latency,95XmuSfrCmn9AxylOSFNvzLlY94EjfavaElpYSTQPw4=,870.0
consensus_latency,RsKvjr7/W6cLa1RRc6zjlYu7pP7S9Kz9LM/xfAx2VbU=,925.0
consensus_latency,eILERlLnHwYvvhQvrK97cYaNoudLOQDOY7YaG6ZytqQ=,925.0
consensus_latency,5PsNz3Hjq9Ocx6mbDrvQioB+xo+5l3BnRgR7sMPT0ew=,925.0
consensus_latency,XY+Elq6YPTT+rSocTLczG7AXY2IeKrR3QGmcRUQBC2I=,928.0
consensus_latency,dWMKNnXJ1OT4v0AbF845nbgifmccX26jFGhkRBh1W9Q=,928.0
consensus_latency,gW9h+XF6MIL8JF9SRsghWSFvIBI++1YYHif5j3BHrDM=,928.0
consensus_latency,vksSmliRk4Kx3DUglLKYGdoMnASKa0S/NauTmt3Xsns=,928.0
consensus_latency,4WZzD4Lv8nuiucezMce1fYjv8gT06ftn2cSBbJ55XwU=,928.0
consensus_latency,Uaf0rh9YjbsnE6asqmc+V2qb7jJ5N3zz3tODJ9f/qlk=,874.0
consensus_latency,vRNqN+o9jsMqsZ9DZy86OuI6rD6Y7sAnc/G2DXktTBs=,874.0
consensus_latency,x+7jsmVPDQG8az8E1ruWmdK3VVlWIGv+831DE+jVqAg=,874.0
consensus_latency,8h6iC9xDwmC2COYTaEgtXGbXgbYHLgK+e3dUKxgW5oM=,875.0
consensus_latency,M0z3zovbqspGePVNwSj03ZUdd8ncqfhQbfYEkmshBdU=,927.0
consensus_latency,SOPJNPhMyJb3HcVAIlFqgptKGvFTX0P+szFT+QVXo3w=,927.0
consensus_latency,vuT7V/5sDTL38bNBN8J2A7VBR6bTowKNXcLIv3p1XbA=,927.0
consensus_latency,AU4+kc+L4u/0L1lf6E6uhp71c5oSaXDqgRKJkaHePes=,928.0
consensus_latency,Hv128ScWUwLFNE0z0sd6/FAQ8mlmhASzucKwtOcsV6A=,928.0
consensus_latency,N82Gg/GgYDJiF0AV4+3CK6ZLDGtLxBjQHXNKN0HdUhk=,928.0
consensus_latency,eq0ZR5Joohe6gAuJCDSsDX0Ksuz6Q0aMBANLY9/O024=,928.0
consensus_latency,NblKbc32vgaBnJr39s57Z8pFd/gmVeAqTl1hsgbFtzk=,927.0
consensus_latency,mJOnmP2L2zAwFH+jpp/Neici6NRgcvt0gGxY8mvL6jo=,927.0
consensus_latency,q3PpzlIXWfFPwWAujypw8J/4YA3RSTgw7LaTpy8BSRA=,927.0
consensus_latency,xhnTDC+5VyBTrh10pzMH2EHhrdVztPyfaEozoWZ+lTA=,927.0
consensus_latency,3rc+f6cA5S8Pc/dgpXDjNnnJr3bkFS3SVblWN8IZJSE=,927.0
consensus_latency,H/A7C1ITVqvMZVcbXc+OMzLx2/ReRa7mklolXjPaLN0=,876.0
consensus_latency,IXM8r83fZSILtSnxiQLYBa0e0TsEmpyn72D4YYgmb1E=,876.0
consensus_latency,UMnkZOpphKG8vu1xP6RIQtjvyQGU8Nb3MtaGXHvHjTo=,876.0
consensus_latency,obzeMbyCpjeaeoqlksa/kIDZOhSOhJJQf5Hm23GqB9g=,876.0
consensus_latency,zg8Qs23yZIrSVV1H2wFL03jgrIp/dCFB6CaWPOVG/3s=,876.0
consensus_latency,HRD9YPGMZ+yOvC58vwLcNpShZ1bdLAVxHK7QLElIyVM=,832.0
consensus_latency,YLFn6KOG6yvpNe2sjYM6FvA/Np0fVQvJGGj1/dphTFk=,832.0
consensus_latency,F83ZHwyr+snLFtLu2iF8g8apt5puxSSwRj97/fI+dm0=,831.0
consensus_latency,VdclhIcmFXih7GJuyZ0re1sMgv8cYxk+QOOSbVh2mxc=,831.0
consensus_latency,a473TYnF9n8zaYS9Mx/Sy1Eq9UqI5N2clwuXVn88yNA=,831.0
consensus_latency,NuQDo8x1UzolbHjabviqdtF6jVOzBwrih9A97BXY7SU=,831.0
consensus_latency,jOGRqfEB+H+fi8iMUy2MF1pvMjFnM4TejcBMfn7c3FU=,831.0
consensus_latency,Mbr8iuJ2QlUPADS1z0tQkPGdQPLwPJc4hfmKqZbUbO8=,831.0
consensus_latency,cUni7TS758g3DEIIZmQ2Azg7fIxs8LI5cs8n4Ckoqv8=,831.0
consensus_latency,sdiHVeePaAvwqr1o4U8CulRi8QoJftIz0LXd/NX/NAI=,831.0
consensus_latency,H2C142ujRMBm+8owUK5Ine+f55nDsaoXibftHv5OaxA=,830.0
consensus_latency,rQBzpeq7JKmu+n+AfPaNZX76cDo0zjDUunhjpH+bjM4=,830.0
consensus_latency,/rbKxbikt0eDCltDBy+lPfUw7uyHrh/37eOiKes+I4o=,830.0
consensus_latency,l/B0izFZ/4ti1VBR+cVCmqXfgp1bQorhFTfy5i7MmP0=,834.0
consensus_latency,xYUYNOTn+tlmBBZzcYQy3+QURiFhccKkjMmgITI2JeY=,834.0
consensus_latency,JCecFyBF7Ek4F3RJkNm/SyI/SFtMfPg42h99rBkUK1s=,579.0
consensus_latency,R6b4q7SPut+iIiG1YGculzgP7dA6WccRVQXzv6mAHps=,579.0
consensus_latency,QTYPfaIb2UUwpeTfWv6cocI4xGk3hOTfHssLrBXCKfs=,1475.0
consensus_latency,TawhXa4ECRARdE/bccwQgiwjWkFAF9JJsf1Ok6rWbJ8=,1475.0
consensus_latency,Wm9WCCqWNn+jngLl4jTAloaLw1SifvgjP9JoqZYf2J4=,1475.0
consensus_latency,NmmUshI2/lNxO42UVLRUUqSFGlzS9yhUt5Ro6BPdi8w=,1210.0
consensus_latency,2dLSW+rZ6jgw9skWguL7HpsKC+cyU1idcuA96nSkIuA=,1210.0
consensus_latency,JHEmGYdkmPgXDRhhkXSxIOuW144939PzUTeLiR5uIgQ=,1210.0
consensus_latency,QgNc/XervABQCGGvNC8OOANeiJ9+LBCK7h99obuON5Q=,1210.0
consensus_latency,RXkCsWuFF9JWXSshmKuIs8aGVzlbGlk+EmD59X+RAPI=,1210.0
consensus_latency,XS4aUTCk7vWbD68MhXV85tHZ76PHmSvnOSByahxw3xw=,1229.0
consensus_latency,iYgtw5+P3V8YRmFXnosB5Yk8/IHYHn6aR7TP4H33KpM=,1229.0
consensus_latency,z2aeBEbR31IhdJfpJNJcY+Wbr1zoXS6TWvvz/GLXu6A=,1230.0
consensus_latency,CVI95N4DdepoXqOuqCq74GPVdJz7i3ayOcQ71FXoVyk=,1228.0
consensus_latency,PAHlkxfVFpss/PJPM/0fVKDjYrqH27EuOZ07xdQxxNs=,1228.0
consensus_latency,3ecxYYgJyAgB+gNMGDCJ/SaluN2d+7bhrpSs2nRYk3k=,1230.0
consensus_latency,+zshfYnUIYdq+heZgZCazKYrc314JOBrStA/KcY8kvA=,1230.0
consensus_latency,yk7aEkZi890hLNogDvsLyXq5WewRGCL2D9/v06eHgbc=,1213.0
consensus_latency,QmKIMuY34rouuNPUPmeKcCXBl8WCJyR3BZyuiybTkC8=,1233.0
consensus_latency,nROdyNDkT3hmo+uIKyE+9OUcizMEEcW0MIooPXbKYlk=,1233.0
consensus_latency,x6IFgKPUlA0Qm5+FGAxViRAsTOXC535DwBC/GBm6xXM=,1233.0
consensus_latency,eGK86gzHW++mv5XaHLOc+nm3offZ9fBHwE6iiBRhLTc=,1231.0
consensus_latency,QgmPjFv7DIxnYgZH1YaBdqdc75CtDCHGT1XRhRBAiM8=,999.0
consensus_latency,qfWgwKUpGnSPT3RmV5zOgui9xB7mWg7NFIQLgPaJgMw=,999.0
consensus_latency,18U9wxN6YeHMqRd7x+s8JZs0tLgHOmsY+5VnLCFArDQ=,999.0
consensus_latency,1+cd9GcAdZb6cnJ/7WcmApjZIiePvbSkxuwCKR4Tcxk=,999.0
consensus_latency,2976MxT3SAbBvWuOFtilFCcshOcZPfHtLgMPTgkmOG0=,999.0
consensus_latency,GfOkKKUZMIdDvxjdas9mWnm5sur1/ZNDZBOZSVliQaU=,1052.0
consensus_latency,KWGsJ4GsugpKx99QZrBORvB6cZ3lC268ueOc5lXBYZo=,1052.0
consensus_latency,U1tdTB6lIP3UZA+yHMAgjRBFPkACjL0lyPjCu1hW69o=,1052.0
consensus_latency,adQSznbdCSLYwV1Q4h2dOdiuks1nLxgf5J+d+bxRwhI=,1052.0
consensus_latency,pm/pwasrAkoe2q0l9Z/yrQcZsE18rH1n3kC1CNmgzxc=,1052.0
consensus_latency,U/lltRBxg0ZAuwXpMHL1aNWD+VKWLooOgNkHj/M+QwU=,1003.0
consensus_latency,kJxaIyw9KZFdj6oy+PgxLkIitFYkUn980avIUL+Fs/0=,1003.0
consensus_latency,sdgIhPsUMaJljgGr1WgZmc6lznM3y6RvyB6AodZ99+A=,1003.0
consensus_latency,3YKXki94yV+yJRyaHHRfZ0PggmJ0gWRfP+Q6NXrgHo0=,1003.0
consensus_latency,5JOwQXLo4D05A0ORHwLduP9R1XCjfBr6cfyS3mfXdnU=,1003.0
consensus_latency,HhloXEZbFCipq2sdDxSrd/eBbD8WWYgTxC3Ypdh0sBc=,1052.0
consensus_latency,QBlK3XUuyIdzlDEKob3X3zM8DpytWALrg4dgNwh7mEY=,1052.0
consensus_latency,Rxcx4TsvZKwuMNVB39JwpJA6AQjosSGszDzBk08Mg+o=,1052.0
consensus_latency,ke9FceJ+WrSO1eBG0ek3GcyvMSwoSbGxrSjxeWCmu/Q=,1052.0
consensus_latency,Q26ZrTl7SewpZuZVicRgd0CXxqUzbStHYNQk+OgTC4w=,1001.0
consensus_latency,dlhlfZJR7AgZzBPnYcnv6GRV587eTUCsHMyd+IuCkbM=,1001.0
consensus_latency,lLX9ZLcGq0SDTEZOLBS3IK2L9LF0l80kcoBQ5NsSs8Q=,1001.0
consensus_latency,oZOe0+m317XRASLMAZ4j14xsg2xwsXc52mMWxbCh4YA=,1001.0
consensus_latency,ug1gyQHKzuFAakxO6krOEKma9jET9Q2ie6Z0lcDau+8=,1002.0
consensus_latency,/rqMPQuNO97j0II71s1rYITTvRHDSnbPMBtfd9HyT4g=,1002.0
consensus_latency,NbPxSkXz2GQw2gCZ/9fmYUZ6yHIuw3/LWmKiQGN2whE=,1052.0
consensus_latency,SpDiw63ZfIy7fi/DWOf2eIvT6aoyZuJAHd30Kt7x5UI=,1052.0
consensus_latency,VxgXjntqMSY3CQiO+UvZjGIS91xbUaPa5hbRe8VHMYs=,1052.0
consensus_latency,bWievguIZY+gGpHmdWSeClQcRX9k4WMCEHNkOd6C53U=,1052.0
consensus_latency,kCxBLuLwiQEZs2ZuuBA9sXuKg5togyliCNODVmT9Mvw=,1052.0
consensus_latency,OMyrHJgcrH0AwveRUIJtDBzj4Wg22/U2hhV0YzL2Gww=,1055.0
consensus_latency,WFe6MwkIKqbQ1kZZ3Jd6H9RLFbwCdqhd9OobuFGCZ10=,1055.0
consensus_latency,cXnw4Q16I1WqBbWPvwktNSiuXLKE4FrA8bdHKXdhMJc=,1055.0
consensus_latency,5sNerksa0CGPy9RiyT4AJscCzaiaCQ370H93sPeXrjU=,1055.0
consensus_latency,iESniukAvgYi4hU3BvK+QJVCILIFeczVrF8BaWoV2yQ=,1052.0
consensus_latency,krhTcyAhm2GHpD1Ehyfhvx3jQgdDCx/GCU1+aeH4GWU=,1052.0
consensus_latency,s/MZDb95o30lhvYZm8k2oyqOuHq5fhCsYI/pIzAjvCU=,1052.0
consensus_latency,8eWhknOOb9Agcgr/PBaVVbqmNZeZ1dt688h5PCJ1ia8=,1052.0
consensus_latency,8i9IIt+Np3Pk8ZZpduOoOG/Fom+acI85xlnBmbu+toU=,1052.0
consensus_latency,uYlSGbMtWxpxmROYMHITDuOSaeq4QktQWw69DYqryxg=,1053.0
consensus_latency,vK1MWu3IuEI3Ve3lojzb4Pn+nPoMB8yzN/hh19y9sf8=,1053.0
consensus_latency,4y3MsDO7XbF0P30ops4PMPRGS1a1n7Nbm7/kuwNZ+68=,1053.0
consensus_latency,9Fw2vhXy/CUoNrpHRUXmGUcU/hDzhnnfGBko7IcCqYM=,1053.0
consensus_latency,+ithFPinUp0WVOAEJQkk0Q3ZRw6a7RaIIs+gqT4oMVs=,1053.0
consensus_latency,N+9zz6glzzC4i8cjT6YXPAW2fRUVF7TR/3znD2kesQk=,950.0
consensus_latency,zXUzndjAqWOs14X/ksgrZVGduYbeTPO8361TLE+MGkc=,950.0
consensus_latency,dc8DLmc4ljGrz6ImIGoZAL8tbkokv4wnxFi8qI/pFm4=,969.0
consensus_latency,9GZlu88h98qhZuRVOY9+evZmZwug1xtJNKAmN2yj6fY=,969.0
consensus_latency,9eIPIY81+JqbsfsWRdyj86L8808AZxvYrtzgYYBPQok=,969.0
consensus_latency,ZPpS77tGTP/Qroxixu6osmMRnB3xQahFPYwlhCF3Zqc=,969.0
consensus_latency,dRwsvvN+sh4d+dDKrvPfLXZcTICF90je/0C6yBq03/s=,969.0
consensus_latency,cd6CbCnlfl/sc41OOsiiED/hvmrYBL2UwKxneTK+Qjg=,968.0
consensus_latency,mMm/wujV0WVY+zJ89o94Z+RQniTtRFoG0VTaHWMwc8U=,968.0
consensus_latency,lt0kMHDwy7JGCbHfFxSWckRJOLwbzVIBL0E8CxoO+cU=,972.0
consensus_latency,wSUfW85V7PLe/vqeEr6r6gff2hn4xv4xu0Ghs0Td8+c=,972.0
consensus_latency,eDsD4AQKNdQZ3+6ilqq/vll/A5nnuxu0bGVLScVfRqM=,970.0
consensus_latency,+2r5vC2MCWbPq0MLQ4tWFerQdoEruYoEAvINLwODj6Y=,970.0
consensus_latency,XMZFTuPYw512Y+XYC75NMxWipFWvnQZNgO1jolFQ6kQ=,968.0
consensus_latency,bU1ZETOOnBoDabnQ3djx15nuUOXBMr/C7Z4IqNZZTeU=,968.0
consensus_latency,AOznkhgoFNnYrB6hTdCYnA8aLPqmD037CepZIvN4z4Y=,658.0
consensus_latency,V+kJFIgo2+6p3yFyAg9GFHPBkUsD/W14FHGc6SirDaY=,933.0
consensus_latency,oLrn6cQ9HYAlCpxWHr8BJx2MNJdffUkbq+hCzEv1XsU=,933.0
consensus_latency,Pk7HoqRh31CG8NF9H9CbY7CJj+kLFDZJ5mIbNO2ijyM=,931.0
consensus_latency,HOrsWU667SRkzcGpzXYOwaw5LvXAMj9vUeZnUiwTdzk=,933.0
consensus_latency,m/6EDJCBf4PKw09rVbV7jx/qGd+2XUzi+gW5tNTx8W8=,933.0
consensus_latency,9soEl8TjdDNf5REaHsIgoSfbLiZo+GlVxPaY61e6OQQ=,933.0
consensus_latency,rZWUL2tgNj9ghvYre6Za0YjdnkXeIzlXQspYaakBkNo=,938.0
consensus_latency,6vZ7dCaIxal0ICEq5eNQVkoGuAcgkNVZq1KMAqQGHiI=,938.0
consensus_latency,FQ2Llo55qCkITb1seb4zowYWOn6R+So5EaNiSlsE9hI=,937.0
consensus_latency,SFbXm/iH9UCYSPMO67YwYv/He0gIR86qOCU2IuKJ5tA=,937.0
consensus_latency,x12gRUihJCMHTulxpXr/KdMRrew/kKVtDkltJwTfkes=,937.0
consensus_latency,olm16OIwMO+rz/kNyvWtM+5KFRgHH4sBI06OaTVBB94=,931.0
consensus_latency,3sOrRlvUQZvUovc3ZifBTjCa3McmHgYRVcn5m5d41jU=,931.0
consensus_latency,68+KE2kTfEl0vv3LlezbKreU942aMvPRl+1awiij8DY=,931.0
consensus_latency,d9+iY1wkWmc7J8phRQOTtxrI5e68On71p+BjhI5AyBo=,929.0
consensus_latency,e8cgtAre+toSGO7VtqialCvHiOn19/77PCnPvGM0fOc=,929.0
consensus_latency,ATa99gC3+zWQ31PnjQ+R6ZTb7PtrKBiiFjgRD3tyFqY=,712.0
consensus_latency,TLHVNbUGiXsm1DyA1vcqsLg6sfWdKROdtfMIBa75s7M=,712.0
consensus_latency,i5b1n7d0LO7Sd6XtVgMtoEfrzdWvljUq0jIUkTlxUYQ=,712.0
consensus_latency,uYWJBpMrDphq4LQeJ+qlaglyx+wgytt4a8eXh7wTnDA=,712.0
consensus_latency,9AMSiWLLc10XSJBFSajOjMrSOdRh1azd40+JzsYDsc0=,712.0
consensus_latency,EPbCR2Y4ahl+PMeNmZLsYortOZ7ObfP1+M0fvJsODVA=,763.0
consensus_latency,MjY6Fe9n56QuDFDxapRUqxvUVr/NFOnhOMfm+KfoRi4=,763.0
consensus_latency,RSoqUy1Ri0lJsIJJVe0VpTCw+s+30Km8RECSMPdg4lo=,763.0
consensus_latency,R/Mh7A6P6FzVKXsRE9bCFNCVB47LtNFjLXcQJQ8ZQl4=,763.0
consensus_latency,ml8PFrsSb/tD7DcPt2FzYPS0eUD8o2Au2KBtdDou4wg=,763.0
consensus_latency,Fj0H7wWJ4CGhdf6kj6iYeIPDyhtH0amztlkKaknlqO0=,763.0
consensus_latency,adc0Th5f9ad5xaI9DcTNXtAiHzxX6/gEk69QqS7gckY=,763.0
consensus_latency,hjOXbcf7NNJSIUvMBGb+UtTyfClOyFwd4z8e+LdIGSU=,763.0
consensus_latency,r99RsBZLUYGMyznZysNjC6Tvb8+d5xuKGaat/WkyC9U=,763.0
consensus_latency,tDVkTjMwEboNLMGy04yFkEFHDA22zSiNRz5hXFzT3y8=,763.0
consensus_latency,McV4Ln3ml1FB2lbpXXFr0OZwqVJ8xWZCrehZh4SoTLg=,763.0
consensus_latency,YDVmlD9t9sPG2yx8+G0Rd5O37CQcM0enhHiRQ+7IQ0M=,763.0
consensus_latency,khsxp2wo3VfCJ+0/PE1H0KzyBkjlgM5jAACo6Oe2Uys=,763.0
consensus_latency,0t9KLZNBMCwyDPvkOwpto8CSi/RDRcaF2ZQ9rKq1bSE=,763.0
consensus_latency,A72pRPQ1H2uHmmWzR2K298e2gj6uBqfEgIP88wZ6LTY=,763.0
consensus_latency,RlIyRGnjFqIPY+89vnfIeIoRDYV7PiaENT0Mh+vLa64=,763.0
consensus_latency,f5U6nwHzOQN3FlgzOUk/MsbkCJQ845Nm80+e6PgL4aA=,763.0
consensus_latency,hs+nyChG90FwR6pFBb1WgykXjd9kyC9NU6DtBMw24aY=,763.0
consensus_latency,ll/3YjcZLl/N2HPj1VQB5aOE2/aaVbkdToralUQI9mQ=,763.0
consensus_latency,GEGDHvukAlg0nVwQEoPqowqwIz8wR2Q+YgcschFjCi4=,711.0
consensus_latency,UvnxYXGotsuIQLqEO5j1po8kU59DQV5TsMmqTLzO5HQ=,711.0
consensus_latency,ucYE/CDUelWHSVRaii8zsx39s8W9IaSid2u8uKew9Bs=,711.0
consensus_latency,155AmVLAJi9pJG+Todyfjez7yYFTr7o7SWqxyPjXUag=,711.0
consensus_latency,5+Ztgtqot6gwbLC2tIuZEQLlP3K6cvYs7zusAk91l9k=,711.0
consensus_latency,R1qexYWR997Nkmu93kF2mJoxZvofj/qNCNnuT8R/V2s=,763.0
consensus_latency,YFyQGEpgwSnf8pJrm/4Ohy4ii2zJXG5omJfvfBXLCWM=,763.0
consensus_latency,gwcpq9FH8C3jcXrVWq5Vwp+25Qu/4nmCLMR7vf6mOyI=,763.0
consensus_latency,hHGwALOl8dRAEKa01CIsL42qx80k5sCY/7Tp5cAvgmA=,763.0
consensus_latency,pR/jgnarSB9cgqLi4zGEpqsGzbh2j0vYLoVGOGK6U1s=,763.0
consensus_latency,GBslABwjqZPkJUp8FkRtAzlhmAXTpuxKOZi/P8ligk8=,764.0
consensus_latency,I5dKZX9QZwh3GSyidEzwxWP/Lv9Jb0PnmBEhBVVkS10=,764.0
consensus_latency,z8TBYbvoCTac3coQVo7eA8MJXaotwyY+03XgE+PmMBs=,764.0
consensus_latency,gh3PlJ/fn7ZmIAw7LdIgZmFCsBfiiCH4XwFjOVrMuOQ=,663.0
consensus_latency,4BGjDXGH9Jc9q6KHQ2b6GX+cqPb/0+Xy8vEMkPKuVM8=,663.0
consensus_latency,Q6QDH01sVt/IBA36Vqnl/in1S/4lFTn56zSzYvW7pzg=,664.0
consensus_latency,x6x5u04VZ3SX3OXE6FCyzHR2109PLK6CNFR/bDqoNJ0=,664.0
consensus_latency,zkVCMaQKBd9FSDXmFb+dJIn486XsnleMkhipyHaSxYI=,664.0
consensus_latency,7vZOcNPDyNsJDTtumGTK4HgIKu1B2bOiC+7Z3/4lT5I=,661.0
consensus_latency,fxayvlHxIngfgOanz3Y5YWE9Uibi2t+MbSsktbChaxw=,666.0
consensus_latency,pyJzR7V4xiE0A+yUaJS+eXqn39MLeoiLYyvyDHqJwhI=,666.0
consensus_latency,p2ixeZSO5Uy8kmftwbp28gAnWLzMQ/YkXM7R5LS4We0=,666.0
consensus_latency,yIr9Zyl8NO+iU6woCGVef0AwTOeYLTnPe/BQTKJOAHQ=,664.0
consensus_latency,2HQJhtF5D2sCGmkCA3y8QqdEqMG3O1Xl8kom63tyg0A=,664.0
consensus_latency,FwGNz0HuaghP9cFXK+0LhClY4AnD4e4MZ0qmgaVrVlQ=,667.0
consensus_latency,LFGvklp2TW1XUSmoqb6BOZa+tjtKvQJ7uPBHmksVubA=,667.0
consensus_latency,eGNuWzgrfwAJaRKtWd+O61XqIQjlu2bN4QG8MZ5Pv2c=,666.0
consensus_latency,ikrtOgthNfUx4mJG/lnf1YKm88JmARvAHRdF5yx7i1A=,666.0
consensus_latency,HQ9DWtkhSlMib+TE7nI9Vtw6KhIIjZ2Hn6/sSSazVq0=,403.0
consensus_latency,3EP5icftj1M0Ehg/eYtadf65nq9F4Y2C3UOB48ToHLg=,403.0
consensus_latency,NXPFpL+vEDrM6d54P1X9zbHhvpGUmZ/d/mFgUl3jQI8=,1913.0
consensus_latency,e2c2cw3/rChgsCSgkO9GxkqZf1YMfNc/TWFTsvL3jIc=,1913.0
consensus_latency,rx7ZnnYcVJrujBKq0gUOX9WFowCoxUNyYcD1fm1dznU=,1913.0
consensus_latency,yX2CJ5OlZq0Aw6xtQDM1SJEc9r/M7OYpnZCJLQoMBsM=,1914.0
consensus_latency,5Wtob35oxB7DXTmrQ3zAFKkOvshMSMUBU6PGX1rFkb0=,1914.0
consensus_latency,BmINR/jr0ZYoIIPGQjk6SroPJicTyxdQ0W/OIxGklMY=,1864.0
consensus_latency,9eNIMuXuV3dMCz6EdqI4KmAmbtrbnoG1JM5a06LXdRo=,1866.0
consensus_latency,j8dRi10iAdUKpQDEWuF/5JIj6L+W1FrwfteJy5Dd2ho=,1575.0
consensus_latency,lKxf2mmUaCObJgZQT/rDqlHGkqCV1rgNwCEkEGDy8Is=,1575.0
consensus_latency,9Hf6+fmbw0SpvdRHqB954URtGmypHvl+PHTmt10BlrQ=,1575.0
consensus_latency,LlK5BgRSWE7aGGHMZp6fvp6FmEiYYq8farZaFeVP1c4=,1607.0
consensus_latency,SDPFi7S1lUv2ZVVR0AeqUMLPv8XKMwbXW5PJZyl+sHM=,1607.0
consensus_latency,ffDw6B6YBs1FP0r3IHtC+sp3xmxkCcd47pZsQbjQ6KE=,1602.0
consensus_latency,1dqEGYk6o/Gc9KWIIhkCxS0d46tlq92w9mu4qaHKQj8=,1602.0
consensus_latency,28d6ZbYRJam9H4Sk2ZC3WQFXZRnIWRsjHKyIAxMAs2k=,1607.0
consensus_latency,+LA9GU13w8v33+6IJ/vRG7PFKS+kRdP9NYurR0bTczg=,1607.0
consensus_latency,Fv0rITFzbrO7jlUM8u2tU5xWN7rtsNc7kpyTMv0j0Ao=,1608.0
consensus_latency,sT3nLyWTgX4eWkqC7FKIYXp8WhVeqC8dOZJ7EQ1UHUI=,1608.0
consensus_latency,uCee34OS6BMMGiqkO8Nt1xr7O9WvTkKX+GhpZILavSI=,1608.0
consensus_latency,hJMN/dGud4qnYKfkHYXEGoLobEdmltUF9qdcoE8eczs=,1602.0
consensus_latency,OXuZ/rl7N8UYKgUfV5bIq7M6PDgCIfmQNmjONCDvcsk=,1614.0
consensus_latency,bj8QwB+4rQ4I7AGPlzky0fzoAIdmj+PuYHyqkAC46ns=,1614.0
consensus_latency,97f0M62BdCWKG1G1cnPNqavvl/KBO46W/xs2iAuiPg4=,1614.0
consensus_latency,fcAdLuCBkH9GK7RrA8U2xqn7xkdxbhUciMjSAl/Ik0w=,1439.0
consensus_latency,6DG1IF3BpgnKYxd+BJsVFiH/oTAgvUfbyQYKMyWgiaY=,1439.0
consensus_latency,7NRmgMyVJCIoa5H6QylLoV7QPITKuOOFBhsvxTOPtcA=,1439.0
consensus_latency,Kd/gyCTmtg+X+nfi7ZZWRLidxeljvpf3aM91EGdM6ng=,1441.0
consensus_latency,dGtiuHHEFFHSb0lNac8Aewfk65BYuYRU/jfJLg/oNbk=,1441.0
consensus_latency,x+sr95q+60CzIvAoJtExtK2ai8xw1D/bvGAbTfFm+2k=,1441.0
consensus_latency,9GeMSOeQ2cWjjwM+CJ9oRLfVXxGv3w30ZRsiKNMD+pY=,1441.0
consensus_latency,/rcNpa6ogRjCsjpgi0ccG/3biBi7sFe0GrcaD1ErYqg=,1441.0
consensus_latency,EAzrKmOsmqFSCUr1hwXU/27j51KpMu9ojNWLymKBQI8=,1386.0
consensus_latency,fyQeMlofliEwe6zoxd7QqyeVMEf7lIrybgolAH5CyXs=,1386.0
consensus_latency,4iXw1HfFE9cAtUXhCWawxVS7FRhmxb6MnzqzZkViLUE=,1386.0
consensus_latency,44TxiGTh8p/2icpw+8CH+qWbFeCaYNDZSDYK5+EC1Uw=,1386.0
consensus_latency,/SPHAcQl9ZnxGW2Ajs505NpZKIZS8sVfRTxvl0dk/QQ=,1386.0
consensus_latency,DcKHUGeY5IYVB832OBfM0KlYY/PL0CXJC/u8FPCfmOM=,1441.0
consensus_latency,FZvPm64F1QI0fgtPkNf1W5G6zeVcitnk5K+70cskUBc=,1441.0
consensus_latency,iMPzQP7/ni5I8u6ZgWlO3L0XZ5COoob3args4K7yVtc=,1441.0
consensus_latency,AVitnqthLZc7MuMgWHhZHtykcyJjDl3ZLybdE5w1xM8=,1389.0
consensus_latency,Bs1AwWFBgvTuV7Vl/QAqwTuHVSD46LY6SydPUiTH2m8=,1389.0
consensus_latency,dPrBICQowV3II+79XncLSaXesP+lCk9heMC+HDKT17M=,1389.0
consensus_latency,hhws7w+nf49WBxxAX88YxNQH1R/iLQ1BbuXgTGjuERo=,1389.0
consensus_latency,msBMHGlGXiP55JnfuPlwid5fw7S1jcofLdkcd1fs25U=,1389.0
consensus_latency,yJtPj8ede5tKFoTGeMEmQY+iumHppaczmYfiDSDJwg0=,1389.0
consensus_latency,ZfVuykInAeUcoxb+kCy4XAUOfuuyjYarmWCNqoQhB3c=,1388.0
consensus_latency,gBpAiIeA7n+AXBrpV/vOBFZmPOaRO/iaZgbrAn8bJkI=,1387.0
consensus_latency,jpXfFuv2N9XDANMV8eFTRhifcK7jAENJSN68vkPyVbc=,1387.0
consensus_latency,vJTjwActSTQ/7C1mLBwCEbRquo2w4334O3XXXehMt6A=,1387.0
consensus_latency,0NL0rfPLGzc/7WL/jO5nMTh4uodnP96pdbK6wpVBWHw=,1387.0
consensus_latency,8e4qLokmmJczXBDouz4/7I56Wr7rqQjmNz03jTSFg3U=,1387.0
consensus_latency,Ik56jo9iiEqhCN6Z30iEYk+S7GEHt1WptbTd1Ltufaw=,1442.0
consensus_latency,LwPuEJiyAs6ScAxewqgs2VVZjSp3IT3F6BswLBQQ6OY=,1441.0
consensus_latency,X9wLIO5gNQWiMVSWKdjwcN5vQIbi5AfwphjGOiDXSvc=,1441.0
consensus_latency,8CCFC9wLe66Almw9YjHgvT1+jwU7tQISxj+MkB2N+4s=,1441.0
consensus_latency,yldMDvQy14IA7XxaRx2pTxy+j4XiTMxGj46QxGLsgWU=,1441.0
consensus_latency,zuyx0ej7C7lIX9szqZ6/q5lKp1kU1ffC6EYgfYAUBtM=,1441.0
consensus_latency,DDoGRIbEEHtp3GcH+VFrZehMqAyzNOr+VUNZOWVse1Y=,1441.0
consensus_latency,dk91yEWiSFrw2Ozr9/ijg2aqcM9sBeM3MKfUSJPXim0=,1441.0
consensus_latency,oWknS/DSCcACGYdwEA4K07cRQo80kxJ++ycSMxB9Z8I=,1441.0
consensus_latency,6vjcyB8SyidIkmzMyjXiZtnGlm3qHnpfAduhC1fuZio=,1441.0
consensus_latency,8U1cszG4CzCjkvmyZovfC6yDTExkGC3hylg+teySQzI=,1441.0
consensus_latency,bL7glLb3dPi4UbWmgkBFGOdlCAhfWbdSao+f2wOcz80=,1339.0
consensus_latency,UD8Qk2/VSuAyLk79mxhZE6lhKsvwSGHY8Oy0soX57Ls=,1342.0
consensus_latency,bC9zY71QBcv7nGquv+uQ4d5QCs3aHCQ1MvietnAt2lo=,1342.0
consensus_latency,IwJ7U6z4T9eK1mRQaO+GYetqPwVMQXIb7lxCPRy++kI=,1342.0
consensus_latency,KrHL1sVamPi0aZ6dQvVb/cIA7MtOgNKegz+rTosKh/A=,1342.0
consensus_latency,2qHoL6jwjtNPpxHn4VMId2QwArRahk2Wk6Tn7m1RoVY=,1342.0
consensus_latency,6HxutnqcDDYhdKot0M0F18+CalIFnbSG5iB900GSQzc=,1342.0
consensus_latency,CUFl3FtzRUF1otM7JOmOSDxTv05pP64gFtCw/vBvrcU=,1341.0
consensus_latency,HwNAoMmsYT531aVV4qUA/9/ZKeszQfFdhSpuAnyXid4=,1340.0
consensus_latency,m7KGpaEi2sc1exmcAlNxzu2OuzuMkiGslMSQdwovC+k=,1340.0
consensus_latency,LV9S99Ne5eTh2wCitP2DXnfjBZciFKMWgRrJ4k2k7ns=,1342.0
consensus_latency,td4WYekpoCDlJWCm07EKDHnFn3G3kiyOvvQ4mWuR7IQ=,1342.0
consensus_latency,3Oncsa0E87oUianzAsC+DHTWcg62/uGntAO33CAh0AQ=,1342.0
consensus_latency,pdup+dicCS0IKGyYml0QtCwfGAnNE0AXa12PYqAO3+s=,1343.0
consensus_latency,u2ltn+sGFFFGCuQW033fPDszHHtByR2lZ7Uel86wuCU=,1343.0
consensus_latency,tfo1opzgG3/mfyu0vfOGrxQJIE61oUUjzqzUsekUxtA=,1336.0
consensus_latency,GKjW3mWO+MPIyUQU30T1qn/QXC8NN9rDrYvEK04WV5o=,1074.0
consensus_latency,oas7M6jO2gfi5V+JjPxOdxcipekc84V0lfLWq7TRT50=,1074.0
consensus_latency,tRhCkJK6XJdf8aZHt3p+K9RdtSY1DNecSYLeUs82H9Y=,1074.0
consensus_latency,aSTULMKEvCdWGDLuN3skQrAbN9hYz88pqy7F08Xk1S4=,1078.0
consensus_latency,nTgJHyKwfrsbzwxnN4NFZF/itOJVJiTAlkWuNVAsAZ4=,1078.0
consensus_latency,4QLiUwqgJxuiCiiSUyhOUGIE7hK6La8oBD2iTRluNQw=,1078.0
consensus_latency,Hc8rSlsJWePhM5vjIDAfXQ7kXtoU+wcXdwQGOj8X05g=,1074.0
consensus_latency,NtaKy7NOJue04+cy3DekmnauzY8T3nctgTa+/lIUhwc=,1074.0
consensus_latency,PLCb8/zrUe9GssWatDMafejYNA4ZY59xNPrh2oWTRK0=,1074.0
consensus_latency,HlQ48ilxrmsjVdl9w0Q5VdtclfK5VIyR+XsdEnYGFI0=,1072.0
consensus_latency,v5IXPd8dmK6X5DhnlDiRvrgIl1ogZkuuupxEIeBq1p0=,1072.0
consensus_latency,eyBVeOcQCtAqZnw3dexwaiGee8HIZOyehmYe23SyoWc=,1075.0
consensus_latency,GASw2/4L/v1PpUAwcUmOHlxT82HTxau5XZdjpWHjteE=,1076.0
consensus_latency,HwaKv1ZKO8QBD0W8x2ZE8ZkMQenpswI8Bnof7ja+Ov0=,1076.0
consensus_latency,t9ESEPMla8hADDAmajRevM3Z7XJ1PE23M5XjmvkE+Lo=,1076.0
consensus_latency,DAyqzV2p/KW5Ozt4w4+vlQrQEFiGdF7HJ+r4772lqYw=,1052.0
consensus_latency,a0gjN0CuGGiVsSHJgNazN28QFYhFrLBKHiMwH+vOCb4=,1052.0
consensus_latency,bPKf3qiL/G3Z1NcYm8wlA8W46/29bmGvfplNYBwU5UE=,1052.0
consensus_latency,rJzGDamiUmVhJyYYAgIXOhG5Cbm2zTc0GAl/PeudTeo=,1052.0
consensus_latency,DY0iiFvn7oJpFAHgX+gOeZctEHJdGHZW3Scb6ecuwcg=,903.0
consensus_latency,alEDNVx6ayPzueQwBhQt3aAQE9XmjcGrTcdR2vheq/0=,903.0
consensus_latency,bQ7QO7oKIsX8Xf/TEOyDGbCauN93YtC5yNTDo2xz2dM=,903.0
consensus_latency,t/0fN8aB0qDNVYv3QjWJlQActjc3qjXE/O0i8DWyQnQ=,903.0
consensus_latency,SGIHjgzPZjayHPwSRjFUJdN403zvxqXIFJ+A8ilB1TI=,904.0
consensus_latency,q45vcJsjpZF6eIB7cwLIhcrX/Xmq7f6PGl0/jEvQ3YA=,904.0
consensus_latency,sEKP0gTYaKBt9QYVMbWob/ru7pCyh8AQWE7cuM935hI=,904.0
consensus_latency,732H8rIeXA/TAAsU8w1lHN5X58eYTqk4ZcqFgIWd/Wk=,904.0
consensus_latency,Gz88ecW8Iful077Yg6SnIERY3PX+hgWO3Hzia6Q466w=,902.0
consensus_latency,RK7+BiWvX4WNVMR/cYROyB8AK9dYblAVZG0KNl6ItZk=,902.0
consensus_latency,S5NmIM9AeOqNL9od1gDxhvb1xhpebBLnojDFQ6nra9s=,902.0
consensus_latency,y7e/SRYsINQ98IoikaBZrgwK3D6u2x8uTtOJozh5W/o=,902.0
consensus_latency,48yGyoBPpn+KDe6squKJDoX6sU/OENta0Ysf0xBCT7U=,902.0
consensus_latency,Ee8QEMyr3jnpezQsW5Q4HF5gfOE9h9+CWLLDDoTMr3o=,853.0
consensus_latency,H5+jGlJwnb2gPA+yK02e1hsMHQfpy1O4q7Upjlu+Ods=,853.0
consensus_latency,LXhzjCacK0i5Z/IavGpruuTBBmjrbpMWQcEXyNm+HwU=,853.0
consensus_latency,Wj3OmYKFs3eokaDFqx0LXhAQBkUyy2+XmFhIUHpaz8A=,853.0
consensus_latency,n0fOoEzPCCUn8WcKy1V29exVRTvEsMEoRk5yoWLG9IE=,853.0
consensus_latency,3jtHsTJoQ9CSZtZXeriWAidZJoG8yWg+rOnhKlNusIs=,853.0
consensus_latency,O7zhePcaAqSzZOnsSz1hFqbZE7Xe2PvfGL218wapipI=,903.0
consensus_latency,eAZz7WQu0JxX+0LMU4exIouz/WQGqw5/rtHeHWdOgGU=,903.0
consensus_latency,3Y/h1uZ+jULIi9cvnhMYCRDuqywlOAmMUJIl4Ik6PLg=,903.0
consensus_latency,D95m+jNtZwfoORkpwTFSGxWIoZSU3+r4mAFM6C3CH0s=,902.0
consensus_latency,FVxtwrONk00dI3b/sWybmvn7vBi+wjhbZBq4k5AU+rE=,902.0
consensus_latency,XNZefOSSIosXaWCgQNoK/k9OwIZZZQXnx75CZm4uAXk=,902.0
consensus_latency,G9qnnuLk5Cypv2k0OZ5RuAPGocR9F8byJrhsjlTXNyI=,850.0
consensus_latency,ODhsWr7q7KdD+vj/B8BovhLhSLUK6dDdbgfmeTQeeJc=,850.0
consensus_latency,X4xEAYX4DC6CWqJFV1xFl5lIaTBkqGHd6YRMqbXrDIk=,850.0
consensus_latency,btw5jQI8jtRXINtTSgYwMzJCwIzg8k+SmB6q06DsWtY=,850.0
consensus_latency,fIFmF3au2mbsafN2597/trzbByVcqTCV29nme8EMiZc=,850.0
consensus_latency,CzZz0EjmmvxRb/zx+PaXnIRxH4Ukq38LaTMs16gDSRk=,856.0
consensus_latency,pjsIHy5A2nSB+3ON6K7oIP6Wb4i4TyKB1JX3WRJBwgw=,856.0
consensus_latency,uDYsdDKnEm40OmDMBdKMzInsFhx/7MbH/VHHe+fpYOw=,856.0
consensus_latency,vc09CXCvKBkCuE6s73h2yZHWGcswi7egR6j8isR+UFI=,856.0
consensus_latency,vwX/szvNlHfpGuGib156vOA6e68skIrNkvNv1mdi2dE=,856.0
consensus_latency,EaE4RIWqYj5XM+I+t5Y1dSCAXGokrNXSogFjGqJ7fb4=,902.0
consensus_latency,KRnojShiHoG5IteM31KqEdesuQz1olZkcTIEfm3ueCE=,901.0
consensus_latency,MYLNUG/FhqMfmYuviWn9RLZRxKtdcx83h42j83+sAh0=,901.0
consensus_latency,QHq62z96TMV2uTevNzM7pbJmRxXmQlJS7u9EQc+M/tU=,901.0
consensus_latency,tJ+3bpLxleq2cz/IQrciZN07duoIcgDfeFl8+lkcwJU=,901.0
consensus_latency,OVX1XeJbTzhXVfcRMmsnGcIQlJtVIq381v1e2E48vqM=,803.0
consensus_latency,fbbU25qGvjh9b1DhZ3QR97NbttzAapvHwhE8r6njthU=,803.0
consensus_latency,4avGJMV7McmL3l7dfEtrWFsjAdOntIdSAItddBw5gLA=,803.0
consensus_latency,BOgH8qbQ4BLV/z4KWV0m/LobDCf3DUsi8wXj6YbLHN0=,801.0
consensus_latency,CUD/ul17RtTO3nQPNkGLXXfC8ox6EqQSr2rXWdFt3Vo=,801.0
consensus_latency,1KYcuXlHo9QFqv5dmZKecvWdQWs2cflWNpG23prmu0g=,801.0
consensus_latency,arlY27/Rf71SHtiMu6RJT019+sbB1IvzPLT86pY9AbQ=,802.0
consensus_latency,qPM7ouJBHd1pzRIgPERhdJYa3sIwPE0rnmO8CXVrvQQ=,802.0
consensus_latency,9gSMBPFGlCLxYjAHK56DIjv5uPtccok7p6+0Eslf66Y=,802.0
consensus_latency,BseFvhG1gSc6HBWSkIw7Ukn3UpWiquW7z81F8zdXJ88=,801.0
consensus_latency,fZUypzXO2b9/bZKGjwqILy7nKclBxC4tX1eIiqVTeHc=,801.0
consensus_latency,96+gDlhEMs1/fev0f5vi0pDspiS1IeLvNeoZFUyiRJ8=,801.0
consensus_latency,BUyNquEDLKCbJJnVP8+bE4bivLAmiuW8KlpsAZBVc34=,802.0
consensus_latency,JJjIVNZOQnKf53xbOZCuatqhl/WaemVUnhV7c3X5mEw=,802.0
consensus_latency,0xjwz+WF8OshrBqS3KuqD1/wjEBSfsmnGq/WmUFWCEE=,802.0
consensus_latency,mOzAT3oqXmR2FMV3rkUiQ+AX/MXiAKjEbKJ8u/MVDr8=,805.0
consensus_latency,qR64NvTMgTMyypaRM9FfMQaON77mbqvfO6NtUlhCngU=,805.0
consensus_latency,OM3rbybjRBppx4Qo3uR561gYQy8eXpt+xz1RS4gJf8M=,800.0
consensus_latency,6yNpLXAsINE3OBwElmgB40lk2G8MmCDi+n4Vc77ZFuI=,800.0
consensus_latency,gNsko5HFAq5QlljYD5ksSR/IuY+gEK7/pf//8kUCMDQ=,557.0
consensus_latency,ny9Cnpd96hMl7QHctmaH61OjwDuWVua/JE1dHHJ7GUw=,557.0
consensus_latency,AbT5cXHxKYx1xhqarYd/DNfcb5BWzCue+1P63tjrqcQ=,1190.0
consensus_latency,LXqXsVRLl4tZ2R+G2u1fkKz3O0ZlUpnnxvOBtBWdQ4o=,944.0
consensus_latency,izT8Fy1NHpKVT5z2KrGCt9QZUK/89eZnGIetIdMUMIM=,944.0
consensus_latency,9XZnUWg+LfwLxQafq1uqokb2S/Vcib9Ry0ndhpK7ZzA=,944.0
consensus_latency,E//n6AAx2woCMZfYZB6dfXNt4vsjZPKXPGtEmYJllug=,949.0
consensus_latency,/XXaC/1uAHpNrlVIhKcG68JVHt1rtQIkC9U+yJaFaOU=,949.0
consensus_latency,EmgKEGob6cCEY46n0ZO8AT2EFUI8BCdMbj0lq5QVsH8=,929.0
consensus_latency,gikKUVA8TI0tdHFo9PPmdnSOTu40uPeV0lI7BderTEk=,929.0
consensus_latency,BqMa4tuWwuOIJjPVuSCD9a4wXBF4V11aFbVo50hAMKg=,942.0
consensus_latency,Lj/RPcqRrewN3USkBS3ZaOc+i6203dEU+vqQPx1e1pw=,942.0
consensus_latency,e/peZr/Qw9Nb2vVzxbo/7nUP6eSfU/X+c6uEOAu0bRE=,942.0
consensus_latency,CdEg1hrWZ+7QrHT9nCuVSRmQaKhyP9Wqo9rOxg8ctF8=,943.0
consensus_latency,OHZs7XvFzYr8XnY2ttTSQuf7z5xUZrf22X0DUJSe2wc=,943.0
consensus_latency,tt+SYEdAAIzA7gpQzXpZTs1mJj2X6vdhPKefXBkKEmg=,943.0
consensus_latency,mEWLBc58v1kG6AJwckMW9l4aoktJ/WAHHxGm8pf6Gd0=,931.0
consensus_latency,0ene+oMGRFNJ2aPauuMyegYpqBhMNyHz6w2djFR7Qbc=,931.0
consensus_latency,4nXkT++hyFfMPonBotqFf9Md08QGELU1gVRYEbjdBB4=,931.0
consensus_latency,Bpr78j17ELvG00i6jLg2ogGUB6OFPnY1WbUpskgTeig=,773.0
consensus_latency,XKJ031ISdMPyzjbB8e8ldMlUG4RcBO335KVkZteoNQg=,773.0
consensus_latency,dpv4PdyW2b+r0dM4oIBcQem37HScR5YgWJd41kH43vI=,773.0
consensus_latency,hBpvDXFpG2Lv3Aw8eUpIOi8lQoNLSoPH/APGNfSkQxc=,773.0
consensus_latency,T1ZWdNk5+cUkQZyE4AMlICJRDVumqI+M7NUaaBp/g5c=,718.0
consensus_latency,U6qUFLF9DV6BvD2P4xVJ41Vmo5rIPpCG2wa15Am61kk=,718.0
consensus_latency,XeW4slE+y7KFBFs2BbigOm3WRWxWkqC7K7JE/X7PFdk=,718.0
consensus_latency,ovy73dAVVD94qymMwjHz5PC6epF2uW5OID4a9ON+U10=,718.0
consensus_latency,zmLVCmLoHYjqUdRr8WvxkEqb9IsU+eX+t+/qR2U/WZs=,718.0
consensus_latency,FDYxGvn4PEcbpU3sNsK+Eojwat1FjrAKt+QjhxIpl3Y=,773.0
consensus_latency,NPeHSr6WZYZ9muyiTiRPOOKAmWPAwxr5vibUMwXp3GI=,773.0
consensus_latency,UQz5vjddkL2nKYrgpbQhta293Cf3TFUSTz7PySDXPks=,773.0
consensus_latency,cyZuox0iTGrshZTTwHKSAOFqVedwLOsZUIKAEvuCPb4=,773.0
consensus_latency,5WBNXrkw6N0mVVgMNTi+To2ad8o8YICinspHjajoNnw=,773.0
consensus_latency,CCU/woLz6r4RcLC/e+0844JzAY4QoyEFrv8XHzQ/CuA=,773.0
consensus_latency,DumRSBs3otqEUCOOMTfo+VANavU78BxmYqKg89bkFmw=,773.0
consensus_latency,E2Lyio//vXPlXjunbvoxgCT43D0pzKdUu5baLmec0xg=,773.0
consensus_latency,0oaGJJMvh1645plwta/C3Ntc7caKAfII5EobuJZNBbg=,773.0
consensus_latency,LJcwwg2Ik8ezyB0zKjYILm7HOJEVN3shlztxMqWRUm0=,721.0
consensus_latency,pg/tNQaW1k9ja99keMzYst8XpB9aBbeTF9KC9yarArg=,721.0
consensus_latency,xVBaGJYBnhRAZXZ0RSRtjEeEQPHjJspMoaMZDr6VK9U=,721.0
consensus_latency,xbh/3oJxO90OfwJALl7auUMVJgIjh/jNF5UQAvDP53I=,721.0
consensus_latency,zscShxPifjTvYtBQdAfMoz/zphBeG8vpuK9SYbz1t1E=,721.0
consensus_latency,Vlqqx5dwiEUDg58Q6O1cbWpK44Rw8p5cU1PjS6gR3yU=,721.0
consensus_latency,fTOn7u7XYo0WGCiqotiHCj0yBOP6fr1iSoSXQZa3bIs=,721.0
consensus_latency,l0z4E2xi7VZ6JgfEk5NdmO7kc+JJOzYaLSFzDDCYs3g=,721.0
consensus_latency,oR9dWnIJMM/IwpsZh8EztrM4nJlaJymzDnx/SOhnayY=,721.0
consensus_latency,uuYhgkEwSN7PrDyhSEqsCqs1oDUWiJzf8P64WSxZvt0=,721.0
consensus_latency,l9jrq+rqZzlX6YMAfbx5CKKVCVBL/HoSM+ziq2cS1Uw=,773.0
consensus_latency,zPFGSj+y8VI3mxUaVC4sREXkr8YDCJvA8QYBybDtsok=,773.0
consensus_latency,RvWqLrbJ5AR6hWXUB65iaGRqki5yzwYR2akY1yFSp4I=,773.0
consensus_latency,hJKuzjhI506ShHupxdj1vICpZyI8r2YDy21XmGO9hMM=,773.0
consensus_latency,0BrGz6Pf10LXgG2vPWKcYdM6HFPVEenfqDch9LZFgh8=,773.0
consensus_latency,3tB2rHL7DJJAhYADvntroSqLxj25QZoAGYomDpO5/gY=,773.0
consensus_latency,CijUXJjjNJIWM338Ox08K+3NFNcLbbe9IrLZOUpekYQ=,775.0
consensus_latency,N1RvBesooqKMVZ/wTy9jhXNr5q06YSSbiMRlUA3xigc=,775.0
consensus_latency,gC8MTE1h1rR62O+1p0z+ui6mfiM+y/ZAAipEkEqnvCc=,775.0
consensus_latency,iRX5GWo44vaOeSTrdpqtlJxc1cRb9WbAMPUN0mW7vkI=,775.0
consensus_latency,6I7RjKNC7SqfQr8T5gadRb1WN6mr3TAnGiIGqHduG54=,775.0
consensus_latency,bp2VL6PjEt7iEmwiFvbs1NDU0h63N5MH5Fm8FTByZzU=,671.0
consensus_latency,eS5eQGTj3dnXsnSGQe2tyQ48bi4/6lxUZfT14gdni7c=,671.0
consensus_latency,/dTwkY2syhUXZa4gkR1m0eTGCdVfjiXyFYc5EOSnTR4=,671.0
consensus_latency,OOTy86MrCrAwivXhlG2nDAapjm3i+tHkmDZWUZXAEhk=,668.0
consensus_latency,rb9Dh3W5e4oDARC3/f2AwqFqPf88Ztib7xDmuFpdsrM=,668.0
consensus_latency,Wo5EX4FhBx+PEu+OqWfWyAGnofc8p0Fc2+Hwdoeg56Q=,672.0
consensus_latency,xq4l283CQC2nzaEQ1dqCGOI60FWRlAeJTWgrt4/qceU=,672.0
consensus_latency,JoJS+qsJXYWSYAWsLciG++pVucrbi7Mr6hjVYigyMhE=,673.0
consensus_latency,mi8iuqo/mbVeXt8BzagWvgpHmqalQ6pzPDV1mdWEEH0=,673.0
consensus_latency,7VXZfF66/CT5c83dBpLpzbTQVLlVPRb86HjHXe+W/ls=,673.0
consensus_latency,Jr2aNChJWnZZSV+chfK2CEjPdGv7vH0AdMvmwATVHOE=,672.0
consensus_latency,QAG/YX0E4AUIuJNAG8Cb1KuIIxzmqhwZNnN26TBiv9Y=,672.0
consensus_latency,1QxPGRUCfpgFRBAuGtyUoX5EoJka2c4e4G8nwSK7RdA=,672.0
consensus_latency,pRaUr4F5Hd/TmBSsmL0EOG5bRKEm0fRJocm1ZV4Etuo=,669.0
consensus_latency,IFjxboHRN4nJ0UZmJOFP3Okq0IEZYSPBoZ2LgqCi954=,669.0
consensus_latency,wddI6FIMX/0owCrCpPDiDIFH08qYMc3v6ogKhElFg70=,669.0
consensus_latency,3jdMl3DVKbxC6atqyDKhrtzTnyALxJBfy4ujdwBwdWY=,669.0
consensus_latency,qigZBX1eN9y2Tuvvm2xbs46kkxfHPZNGxqYlWwq+/Y0=,415.0
consensus_latency,1Gd+MMDkc9CeWsbtD26uGA388627k1P8iOQGdGJZTvM=,415.0
consensus_latency,7YUslPnJtylogolvs52BjaK1WVGJFo5Pop4z19xh4xg=,415.0
consensus_latency,mix/DMmVRdXMkP6CokNwzM6bB9aYzx6fmUgEU/JaVkE=,1862.0
consensus_latency,F0dC2H8ixPrXhjG7bzT8gM5Id6ws/4hGEsqXIKoR3bg=,1861.0
consensus_latency,r9II41lIVBOLrKhlXZPvUpSbNIzqQ/SUvFHQU153iZQ=,1861.0
consensus_latency,mhg04n20g6seIxyZdahAnSEUpCj3k9W+fNP5i15+vhw=,1605.0
consensus_latency,wagKhpkk54rYteXzJMJjQIg2yZdIhCPtMHzkfsclUz0=,1605.0
consensus_latency,wf5qOs0ROJ5/TSF3cS2r+wBSjSr9zYzTiX9txBSl43U=,1605.0
consensus_latency,yUmKAJ4pfHcNQ95lykmfc1BOXpZ9y/Sn6qU9XbinqF0=,1599.0
consensus_latency,m3pvA4J3jjNg2B0RQHIquPdyPikeszAd5MBtMAFZJ0A=,1598.0
consensus_latency,wWe1MQpZ4KTu8j8Xbw3eYbCtfr9MzB1PfESAeuNksAI=,1598.0
consensus_latency,Ds/Sh4AkhoZUlxtkFqVcnz8hv8ZjHdRtX0fzyt0HqK0=,1603.0
consensus_latency,X0y4B6grzbdTviFBTtOofexf4oc+Noomi3wkt+5pDTg=,1603.0
consensus_latency,gDUP520D5HpMaKkX3hzhqF8Z3efnbwnRV99+AN5pxzU=,1603.0
consensus_latency,YSRff51PfFpmgZs+FijXsT2KB+HAVWuYy3dE/TfpgvQ=,1609.0
consensus_latency,yeI/adzc1PQdZPJ5v5+hrGBFr2Q1Gh7KJGcaJvMHtYY=,1609.0
consensus_latency,JfnCZgFD79alQAVcKmepOeuWNz4WOoK08/doKYHGV2k=,1606.0
consensus_latency,yv1i4JXZ9r+RqOVYWNEHFaF7N686f5Lm9fD+FNNe9Zk=,1606.0
consensus_latency,Kb7Jf5cqTbZLVT44kL05Cnv/FexvA4SH5TU/7oqp8TM=,1605.0
consensus_latency,YfFgCCovl+knRhXqn5jjPeXOumXzgs4iGrGCwmaQtkk=,1605.0
consensus_latency,eEZyZ5E/3PbVwt2dQFzyFPzhPTUMkeAuW/RPZGq3J7c=,1605.0
consensus_latency,JlH5Q4pql4MKmcQIm684iH5ZNNTFS65Re5fA+ZwDseY=,1437.0
consensus_latency,i3udjBgtmJFP7++tJtcci1YlcofmZwyifQPB4lWz+oE=,1438.0
consensus_latency,pxTp6LLMZWmuB5xLGTc/hjUYI3JLCEEoZgBTfH3xNdQ=,1438.0
consensus_latency,aPK0JKSHLr723pWYNJUi8ochUjtx7ocmuW8F+lYUcbk=,1437.0
consensus_latency,qqdsdFlst/y6mPdbZSr/J5gr4pDqm1MDUNAMGM/dmhs=,1437.0
consensus_latency,ufSOHnVOOmvToWpAbaKAocrtGaYkf3YdZK3uVjJf1oM=,1437.0
consensus_latency,ux0asBD32I1QwpyJMR4+UtLfdoYWLso0quZ8jK/WFns=,1437.0
consensus_latency,4fhTQwm2tU9NSyJoYwdZXpnTwh1GzER+Khra1Hnjjy0=,1437.0
consensus_latency,GiffdUUjUXEvcg+czN+8j22ZpjIWKgGcqgxazpppB0c=,1381.0
consensus_latency,IfBITJyT4FV+V96aEjWluhpmFq2W9uPRrZZO9Hp4rS4=,1381.0
consensus_latency,xPvniCAubvOjUmoHBxJdCcBYs58Xk3HsVbHzCkAleTM=,1381.0
consensus_latency,1JvVnPG+rkln4km4HHvcJdyLZPxAZQbfC6V16/8tjAY=,1381.0
consensus_latency,1Wv/aoTuwJr6CnfrRqPE3QNPQgSQglbiN84wgC5OIew=,1381.0
consensus_latency,MHbIF54S1UXsgisFAL4/LDP526WoMsWyievbc0WvfLc=,1437.0
consensus_latency,QIVWzeeSZube0J7jkAWWw8NtCqgOkYXQmq3f2SzqR7E=,1437.0
consensus_latency,sSvw9jmEId04x+6Xb/xnW3nQxq+iEznWLyyV1aphxr8=,1437.0
consensus_latency,3at+w+i06OAAuZZBipGXEBeB9D97Hzko9XoPO425b3s=,1437.0
consensus_latency,qcLLEESr9Ef6GPuxcm9k/QHwEBzlFWE3/BAT4VWTsf8=,1438.0
consensus_latency,tAulkHYi4Tjz55kbutEzIxGuGfbDkkbu1aayuV53GsM=,1438.0
consensus_latency,zNljomMTtY4Gd/MsXIb6vk/Pab4/14Qqenhs/AEbsz4=,1438.0
consensus_latency,R6qKUBsOd5ruoqmuY5/BB5LaPixgqu10F3JBWGu7ZGA=,1438.0
consensus_latency,So29fIC3hcaCmpiG9eLoK6SXyswZvTjTWwJoDONWExM=,1438.0
consensus_latency,Ua0Kmf3s1wSBgp264YN4KvRriFbcuxCR8i/pZzeZ/2Y=,1437.0
consensus_latency,gYe4N8hjyusfedYrXaPPP5ggtoBbon5Ngv1y0qbfYDg=,1437.0
consensus_latency,Bdb0RrzksHDLF7+r+JvloBfs+YSXkrQhdsx9eFcvPUE=,1386.0
consensus_latency,SQjpFy01cpiqQVFYZjO9mNjR00Ro9yRNjlZoK71a1J4=,1386.0
consensus_latency,YRo4Egr2+XNdeiODOnT2/N0auv8r/A5SSaJ+KOn7DD8=,1386.0
consensus_latency,oEqADKX4+tOmhbg2vqZOvaQUyXEojFvLdtUf55aj4C4=,1386.0
consensus_latency,A6LrHutBjojLFORybmCjyT0EvvhJwar9DfEI1gEzPGU=,1385.0
consensus_latency,WdrWpehePGgIwWedvhDqLWJvCBsUNwDI2BNgiheOkl0=,1385.0
consensus_latency,fAhfWiJuNU60jegojh6NzYPPWhMHKeamRQxlXVbYvKA=,1385.0
consensus_latency,zW5oNNfUCKxzWte5AsGFS2a1O+g3alovRapCTWvfYKM=,1385.0
consensus_latency,9dxvWJEAfagxoRosrKKPx4RO17lHqo0X106Jx17+x+k=,1385.0
consensus_latency,Pw/G5FtMnDmyQm8lrONVfSd5W+pgNZeqjGkI7J9Y3Zo=,1439.0
consensus_latency,QCiCoO7hs0fRwN/OR6uaVZ2RwYgyezobv7smeTFUu08=,1439.0
consensus_latency,Q3W5Of0vOk22OH8PAPQVAccwSGs/vQft43PalIb5svU=,1439.0
consensus_latency,aP//YCcJGYV4itoeTKe/UJMDNUB17IM0EgpaUrR6oH4=,1439.0
consensus_latency,mBHEszZHU7dhrr13lBL2iPa8Fv8vnIYYrPzDtHtnAtc=,1439.0
consensus_latency,X44scwpOh+U0NuDQaZSWgzHnG/+utjhPg8X76Lx4T2s=,1333.0
consensus_latency,/F5OiJGoW/I4OE/ggE9HDE/NXwlapKUt0LyKyI6QM04=,1333.0
consensus_latency,Aj82caruQfjJRiTjZbjuNMhvo+P2wu45Xnzm6/0nqR4=,1333.0
consensus_latency,8zZwDg9JnfOgW/c0zGCws7yvigVbGEX0cDTDcc25e4s=,1333.0
consensus_latency,IzGhM8axc9NwyNW5/U3785TTP7flaWONzmIUPc+zGSk=,1336.0
consensus_latency,ethUXlTPnSjL7tKyAC42mn+xPxY/1lzNZHyd75WoVJY=,1336.0
consensus_latency,HaGKiIQfWbGEEvMYr+JXi3lXMSabNATUuxvMx1FBnO0=,1332.0
consensus_latency,a6gbV0KvXrwUiLboMmXJSBx8ZU4N9Se61JmRkjXeC1c=,1332.0
consensus_latency,rY4zx6Ln3CZQzeS62VIJHcc2pOCUDwL5TRhQj+/Sslg=,1332.0
consensus_latency,bRXOGJx9PKifiNOJItiEBFtcyes4kJ/8mX2ham23Xjo=,1331.0
consensus_latency,dLPZFI7SLWS9TY+OlOGO3RaDdN3rSpQwvgSgyIkOflw=,1331.0
consensus_latency,w5zgC01Ve4C7ESfCftWwtqnGRuBi8wwsiqxZSx9sdA4=,1331.0
consensus_latency,MARJhF+8UqM5pDJMCHn2KWwZI93tbpR9fEMoPNzJW0Q=,1332.0
consensus_latency,zmk1o8x2D6AzThGOBePb0F1Upl//7MtPT5gv22j6Fm0=,1332.0
consensus_latency,b/gsS3b5kllpeoZznzJB5KVNIwkxnrWYX0SOK+AtMck=,1332.0
consensus_latency,dM7+1c3tNP+vx0oGfkYx4O4eve/X6TNqmqQM7hjG5sQ=,1332.0
consensus_latency,8kDPyybpXlqg4yqnP7dn+hvupEHqJkLbdmURwxtThcI=,1332.0
consensus_latency,HK2z84zEK0xAPP6SH1nf7FLfUN08Fk2Cxw91bimVWeQ=,1336.0
consensus_latency,BOj2I86I/xAp7aQQWKcVymT9t+6QRIDirV/GjqMyqvI=,1333.0
consensus_latency,ByTQDUmV9P7qUbTs9G6Vd0k4BPve44s7K+HzZpBoCkg=,1333.0
consensus_latency,HtIqFe1hxS5vJUU78hBCSFiil0R6yeDVmjUjKKgOp6A=,1333.0
consensus_latency,dXY6OabNtUglw6zoSEYnsfcfR0uplRtC79/F1MDnryw=,1333.0
consensus_latency,mNrQendLk+yIH3HW3VdmE0Jqea20FjClyDDrCvE2a80=,1073.0
consensus_latency,0yYAvpkuTnmOFDg3RE7FkricmgywVGDzpqa4bF4e2Sk=,1086.0
consensus_latency,56kCSyV7e1IOG9ufM7e/1qTsbOO0+0yFwsKRAgl7bWg=,1086.0
consensus_latency,OE2AHEUxsDwvSX1dcT/30FjFzG3qSzSd2iMN9HhaLZs=,1071.0
consensus_latency,WoiHo5OUP/U8JumoaHwx8duhcvKoJKDwMDYrAz+XQpk=,1089.0
consensus_latency,rfuqhYf5XGDlFEJsDV3pDHr82cdoM3WmQSPCjjkCGT4=,1089.0
consensus_latency,/rYAYUnC8oQh4jE76Tr9iyYdWuB/ETjUQ3MuJsPnExw=,1089.0
consensus_latency,YV6j64kx7+FUSSuhnqCjLSAW8APqWr1zIdGhITAXFGw=,1087.0
consensus_latency,mtY1lW/ZTyddikupjDFF8NDCW4GSnZTkU5vk/HE+YKw=,1087.0
consensus_latency,+43gpYwbhhCCrHZYssqbJl0MeAviwG+FREcF6NjgDGE=,1087.0
consensus_latency,bkNM8x7qqNtyUh9Tx3b5hKZokNiaDuBjViT1dFls2Os=,1092.0
consensus_latency,jy0hHnrO04y0tfDo2QkZmO9ACFdDxeZyKbMPopH2O/s=,1092.0
consensus_latency,7qfBzVr0iiwUs4/b46KcqjvYVVGytJKxON+qnn3uIsY=,1092.0
consensus_latency,i+pN6GfXMkDNuKhmoYsV52+HvW5TEYAcXyie+RkWL3o=,1095.0
consensus_latency,0J2ut96Y5v48KYK7bqg89UPEIuzpZEcHZ5nVZ1kArYw=,1095.0
consensus_latency,1+lj+vsQWuO6EFTjA75LwWqtVE1mT4xXVvPqAhtqWUw=,1072.0
consensus_latency,A/xFTGmtzArFmOcQbu4NcicR7tTq4zADB8HKncXENmc=,1089.0
consensus_latency,mSjPz8JZRY940x4vL+fW18BkQAwrBmFNLWl52jDmul0=,1089.0
consensus_latency,nqdi86nlOPwDYZ5T38Dh0glmtAGyh+Z5Q7w+gqCiFUs=,1089.0
consensus_latency,tHFQvjV+9UqeDl7qApfIU1/lUwQVWosQr+bx9FefZZo=,914.0
consensus_latency,v7hMrqTdyyk7ZiAMUuGD6vBTzPoqlwlfC9UFsThBFOs=,914.0
consensus_latency,Mvxztjwri0XZdB3ow5jdW4cHcqBTT1ZgxZQoh9pRzpo=,860.0
consensus_latency,YcKuJqAKrvdyf7dcy28aqJrM4Ii6P0ShZQamyCiACyg=,860.0
consensus_latency,YiObtW/97Y0wZ7nVEigmNKjfkNKnvtPZ484At2fQYjE=,860.0
consensus_latency,bSDfd6cfCjyuFGe8CREz3NZZgjl9J4SVhvitwm7fULQ=,860.0
consensus_latency,fJMKLkxQaalcFb3vgU++ZlaDJlqHnvuNn67FudBZBFk=,860.0
consensus_latency,+nHRoF3C6TVIa1SmbWXJ0sYwgRcIB1sCs9d+sV/9zcQ=,860.0
consensus_latency,v3lLkCaaleynoyHxB4QWYbkoN6IEdJ4S9Zn5DVIOdwY=,915.0
consensus_latency,yH+vJtPLTY/jJ2gCGq5jOhgRE7uuzuZ88E5asxGF3Q4=,915.0
consensus_latency,4wcagfKi1Xrno+xMMRGtyhVXe3WfZUrXbh4GH7s0JxA=,915.0
consensus_latency,9Mgq0WQxcFprDAeCqVRL3zrMjKkcBI4m+xG9LUV0vRI=,915.0
consensus_latency,Bn40i8c2/vbNW+Szn67KC/oak6bqecygdxQ4nSq6T7c=,913.0
consensus_latency,CgpzR0IDCdVVmEWiha14AcSyCgOweflO9HWdlt5cwiA=,913.0
consensus_latency,NNgZ6c2c/QNvyjg2PijhJEAbmy6uzMQn0aFgwsDmDTo=,913.0
consensus_latency,jukUg6cWcHvut7EjDblwKfcFc67wkY+tsHhg7OJ1b74=,913.0
consensus_latency,4PAg5qaCZdIXQdJ4DD13TCNJTRtlDenFb9xlVjt6xEY=,913.0
consensus_latency,UnqqI1SLvvy1PQr6+4ShSzTbFP7PD5X5qt9C13i3cZE=,913.0
consensus_latency,u5jQ8/UrhrWbUk56NY1N9Og+dTQbmic9go6ec9rnF08=,913.0
consensus_latency,/rVexzNxGqT0M6/s6zKltmEebBG5HbLJNiD5Hh0rXUI=,913.0
consensus_latency,DE2NyDtbMXYJGeAOLNeWNXxokHV7Y81yY0VlHcDjn7c=,914.0
consensus_latency,Ic4cdErnDOYhIbb3vZzi+lGK8mB4vMd5T2j8BcOP0H0=,914.0
consensus_latency,LdJK1UTxPy7dcg+VYPQJGyePerV6DImrmaWFnmt+SfA=,914.0
consensus_latency,NE5R744lcRS+Q/zuLFBOBhEvPbSX+yTqFd1I0ysN6T8=,860.0
consensus_latency,amZR5s/r1hC1SA3n4kr71Iq5fLxcPzBE8fCSQhAzu2Q=,860.0
consensus_latency,clNXtp/BfV8NALf7Hyxd7oiEq/kY1/L+v7Zsws0TQJ0=,860.0
consensus_latency,lkX1jTnN3K9f7wXpj8Y0hsy1IBY6rPr7jQ8PhUcPUe0=,860.0
consensus_latency,qvrnjtyvK7T1jCBy7u7dUjAq9U8cTRz5IiRoy0QtZa4=,860.0
consensus_latency,Eb4NLeN9TVOXow0gpdgGKtdASwpDu5sn7KhIpuXFTKo=,915.0
consensus_latency,JXJzweJq9GcgKZAmxXxAMId8e9rpHjDBbBuidrMEhqM=,915.0
consensus_latency,RiaYTdLHXvAZKtSviRpSVNjgShk3y2NhHjKJIo49lpU=,915.0
consensus_latency,UWhgPCbdzeUMuzc/6uwEyN3IvTsSzXtWsf/h29sVtyU=,915.0
consensus_latency,dcrQlsOlbSM+wxNe3jpXxcdhWTzwNNiW9KqA3eozLmY=,915.0
consensus_latency,R5CTMg3yj02lFi5tPxv0OK4+Yz3M0RFI+xqi8UrKpnY=,858.0
consensus_latency,goMldXeYcKFDHFt7jnodpUCYi/PJ4wp/Npqb+rqL6Jg=,858.0
consensus_latency,ljBGRLIFGJizjYkQM57gkdDhokcDifR1rIuNgJEn6uE=,858.0
consensus_latency,pTxf1AO56e7iaawg/gWxEfcwdFhxWOmcFVpVmue0C6o=,858.0
consensus_latency,qV4+7SJMGHEXcvpOrGQBG84++iUSp04XM5BLh972VaM=,858.0
consensus_latency,J//zi+7dXUiAX1Eb+SR9twtpiZ/srFb6dx65eHgawiI=,825.0
consensus_latency,em0lUTUxOJmC4j6hFoY2WR/gtaurYIiSLdWqWIwD7Sw=,825.0
consensus_latency,uPZyzGbS13JVyz4ZDdxlIubETojqjyQtkFWG9ufnHxU=,826.0
consensus_latency,9AZZbK6W1P5PCa23gv5iTxBb0I5/XY8QN8concLjwY0=,826.0
consensus_latency,//dSfhLh+AUUV1GEtba7MWaLD9x3nJR9uj3A6IH1+C8=,826.0
consensus_latency,mmmPY7FP0ujQMZHnThalXpLlcO5EPDWLOtf936yxnvQ=,808.0
consensus_latency,Sn08dN0lKaAkdvUUK9QLNRjHH5+8pasCtAVjSnNxNPo=,830.0
consensus_latency,+2SORGt8+Ow1HUfqssoeXBcICW0poy8v1glENT8ohfo=,830.0
consensus_latency,jgFcf20LT1UbLmyZog2pVeTBqL54dam0a7L0IciXMw8=,826.0
consensus_latency,mpFtwVCG9wIu3EaGw80gcTr8AjDhkL3dlpr++S3Zdhw=,826.0
consensus_latency,ckEK/AuVkLdnen9Ac7YwDzdoUPq22v4Tij6AVH9NPLY=,827.0
consensus_latency,MJs8UV6YIpM7OkO7HbkbWZfYw6B0K0Bf+8awcVKDF50=,826.0
consensus_latency,xN42xH7q7+hnslYTczDqLheYUC0bu6tqbAbfybQpo9Q=,826.0
consensus_latency,x4MYdJqMOsj77JyfqqhG7Ns5OIdQUt0QnALqyv7SZcI=,826.0
consensus_latency,Bxp4umTn97O6GJjDlsBy08yI07DasGqMZ2D2zKchiso=,575.0
consensus_latency,vBwIZxWdx9tvcIwhfy+icLTZCpKTbqohRHXVm8bhRZc=,575.0
consensus_latency,wtVnHx74lvBaQ3dbPF3wXKlu5PdS4Kp02dFXKhu/ZLs=,575.0
consensus_latency,trMVapBifdO2qzQUC+6Gcy1gqzCx/6ikHolpy0BWKg0=,1813.0
consensus_latency,70SqEienafC8TXTY4yiQmB8negt402iiiXyNGDiT+Nw=,1814.0
consensus_latency,/+Hrug8Ki17iTGW1xcRUmxTp3cTprM9zdFRhf+33jHk=,1814.0
consensus_latency,QgBens8Y62MTEC5+1ozNXoMxfDzrVRA3WWjzv6ZMECo=,1578.0
consensus_latency,EqgC9aivgt8Z7N2l0qzWPE+OeJII2MdAmGcPvzF9T6A=,1546.0
consensus_latency,cIRvj2CLi9p3k7sIYH6kTEW/cwKzefynMM4aR04i57w=,1546.0
consensus_latency,XOcCfdfFrYTx/kMgwCbtvKPLnGttVfb3zd+lnt3kAys=,1584.0
consensus_latency,B9LWr2yJ7ClbIHp+tSALP7Fv4vjsfukPAM6ruXyZuD8=,1550.0
consensus_latency,muGp+tQ54NZyqrdHepP6HX+YUw0rbpRSP02JIK0L9qo=,1579.0
consensus_latency,bGm7lGYoCCw2zeziw+sipi9ed6anLXLo9Sc2BIoBIaU=,1551.0
consensus_latency,qYx/TWBldWlbFXE/j+/p0ARQ6U/z41syhXltR2VjWs4=,1579.0
consensus_latency,yH/DuTvmBq6bQBVddJ6iJSL6/wlFVFfqX+dIcnQ7hHE=,1579.0
consensus_latency,BweBV3MYBi562XQRjVCiT/nuhqsgTS3+bJoLTCaVQ1A=,1392.0
consensus_latency,JzvIW5E96186vJoJo58hGMteAzcW3QqisLmJPVPD6lk=,1392.0
consensus_latency,KhcqOEYof+e3Xvik0syQxJ3V68ZQnZNi88C9sAcloaM=,1392.0
consensus_latency,LHOgyC6XC9SUr8RmuuvZdGs+PZ1sftFs1X03uQ8cTuQ=,1392.0
consensus_latency,lOtYhAsOXDZpSOSY/IjHH1Ad1iZriT0JkKmEXemSE+w=,1392.0
consensus_latency,FsSr5dThN1StfoNs0KUKmnea1r5j3DVGAlAyNhFvV3s=,1393.0
consensus_latency,IqPnqOsqJBy/wHQ7VTTCkw+lI+BtTAsSxr43bnFwJlw=,1393.0
consensus_latency,MlhFdqP5XevNVOnLjX/9L9Fe2K58CuOsxqqLp0WHtfY=,1393.0
consensus_latency,jiOafK7LEHla4xOk+s3mMzxd3eOsy57Ai+NxK0Hu06g=,1393.0
consensus_latency,pMQrz0A3gpkjWlBjOuND8OL0wwTaV98oATR8/vkbI3g=,1393.0
consensus_latency,D37mdEMgE1ElkFBrTJ0bnVb4NYxPg6TxVjPyG9Yvn5k=,1345.0
consensus_latency,Mgd6WZIyTZGvsvHyapJ8gSErPcoEfEu05RGS3LvnmiQ=,1345.0
consensus_latency,UAaMDS3Olq/Tg9n3vCi/pUpmL4Mbb4ul4vhi1UqylTU=,1345.0
consensus_latency,uHoKGYM34u5L+Vp8kJJZbudlOlp0k4uSsvaiJkIGhvw=,1345.0
consensus_latency,1qqZP2kI8yUOGzYnArIG8L2mqQSs8SN6gIB0mDDTjJg=,1345.0
consensus_latency,Gf21G70o8FjqF6MesOTB2DZ+oCoS3P2k24dME2d1XIE=,1349.0
consensus_latency,M/4JMqsTEybSsaZrIkkbod3ILA4Wz7zegzndaMYfZ6c=,1349.0
consensus_latency,x8QisHYK5ovo2ZTL562OCLEBcNYQ34KxSVcSkvlXjxE=,1349.0
consensus_latency,zyvKcJwdfyx0dCyHcnXzhLuBBX7XXFaJCbT/5tfiP1M=,1349.0
consensus_latency,2kCIk1+nBAMIyAqcWsUEdcDvpQUnZMdn8oeM1yaDuGY=,1349.0
consensus_latency,frELCIw+fhlODbyJarD/yzMBa0AEyS+SJV6NSiUpbUY=,1342.0
consensus_latency,jhZVUXMXLxBx1uZCN9q4cUdf5ezNt4z2k4RHestXvv4=,1342.0
consensus_latency,rC2sjx7Azx5ouagh2SMB9u6ajO/xAe4wJ1D9Gki9erA=,1342.0
consensus_latency,/g3sGD0A1Q2dDxybJZV3Uk/0nSrO+z+TLr95TjQkPnI=,1342.0
consensus_latency,DQ5hPP3HVmw/g3b+34Qkx5iivY9A/807spY62N+4Hxo=,1393.0
consensus_latency,E4bhIS4Znmz8xGuR4QbN1VYPo3+bp0ZN1cBIgqRvBRM=,1393.0
consensus_latency,N7c1sGNjcL7a24k6bOmdfzLfFkDh35ypaNE5icIl4kI=,1393.0
consensus_latency,xJBOTR7H8DNp4wn0k8Mc/KcxvfiGpifJeLX3WFcejY4=,1393.0
consensus_latency,5cTAGibHfz8bD4kkzhE1bosuu1H8TgD6bQ5x2ip+xXI=,1393.0
consensus_latency,CGsCiLhnHYAnJvREL6LbivhmJW1QKMiiDlICmaYsuzA=,1392.0
consensus_latency,s1YSZ3cPpUlsG5fyGGd3bQSbY2VzPylGoMlur9zvPJ8=,1392.0
consensus_latency,132MLHSAFvs9vmU7noomHkjD29WDJ+xVe5OXv1obu1c=,1392.0
consensus_latency,2V1+NlcGBsYNjSetX12S16dtDhDhKHidsFNtPviTlPI=,1392.0
consensus_latency,+SbG4BAQJgwqEIBLrfcC1X0IvNSD2q4jeO6xn/UVvrY=,1392.0
consensus_latency,AnZn+mRNYltip/1h9EJr6PXfcAo+KLvi4xxRqlXk7S4=,1392.0
consensus_latency,Yd+7r7uVqA5r66f/i4GmFK3nTB51QhRIhQUK4LI7DlI=,1392.0
consensus_latency,imebMc68t8rdAdQC52JC7+FCznc4ltsuYCMYKZOGyTU=,1392.0
consensus_latency,rkaP8+SJeH/sdYMxrsbMiCM7lomO3ALTfxwU+jBVv6M=,1392.0
consensus_latency,4LhfyAurj4lxVSjOK4JdNxKiPN1/+dfyN5AJMSliOUw=,1392.0
consensus_latency,FG0y9SP7EKTqL3cLFpEhBr+Mf7Lfe5MeCNwVNqeELN4=,1392.0
consensus_latency,Gamwg5qqR5l1FUyDUEckQj+nD1v+183R1pw0pzAinOw=,1392.0
consensus_latency,TjGetQpBPMCVIZ/XpCqn0EarZAwj++7uhQEySu1uiQA=,1392.0
consensus_latency,su0+PrHASLF5sAYPIyAI0D1BXjiGDelxiHPuNQAEvU0=,1392.0
consensus_latency,3yJ280lNHiLGUeqddKCQEH3cgVbf8OCgUZsGH2fNk5k=,1392.0
consensus_latency,eSyeC1K3pOkuzkmHsXEom2HUg/nKAJ0tNMyTR2Qjy1A=,1307.0
consensus_latency,oZrPBIiKZAwxc5s94+GUnuz39oMFzRh43EOIg/AMF98=,1307.0
consensus_latency,vuNX/ACMWUMCgRUK6c4dVLtV7OAOTquoz3/8F6Oa1zs=,1307.0
consensus_latency,WhsjqCHg/KNobfbVNqF8HGb58Aw72vphiCybRtnBy+E=,1299.0
consensus_latency,xxbh5e8q2fhuIqA/2iFh9HVyRYratUzI3xpj13lC9Gk=,1307.0
consensus_latency,8AMWVF6LhqABvlRB25y9L9kdpwNgH2TGQw+al0Q7w30=,1307.0
consensus_latency,AeUCbihAbtHoLtdiinwBrmInz4ebS5ZdeAu1jGg2r2Y=,1295.0
consensus_latency,YYLTlW9it8baz3ICL2BaTAQgzrVFLWJqGyQSgXbMvaQ=,1304.0
consensus_latency,kv1xm8TQB8CslSbmpm4HnVD8OF3q6IBt97iJ2KZBK3w=,1304.0
consensus_latency,THIUvyxR+0HMz4YYw25MQmMpoW/RwrPN8hpqUVr8o2o=,1292.0
consensus_latency,UbCJzYd7O6yZmDIohUJu3dB0etC035PLaiEg47MnIWg=,1292.0
consensus_latency,Xng6rR3+FFrNyLyHZKZqP4MmRxKwQ8pc+1bogixdTgE=,1308.0
consensus_latency,XoTHWwATgq0tqV/jSEyfhROq5LaxvWzZClt/grvEOIs=,1308.0
consensus_latency,i4r+zVhUJbin/et8WE1db3PAMZvc5PF7i7/ghUcVN2A=,1308.0
consensus_latency,oN0kG84KgCu8Y5Td2dTyC+wwO6XktahPiBt92k3eZYs=,1035.0
consensus_latency,j2+RFPN/sQnCFloMh9dUw/BO7AOgxqu8R2K25cqPKr4=,1064.0
consensus_latency,hkruF9KeiidC/9nnFfgFv4DzF6BBYzNEqBBjiuAR6G0=,1065.0
consensus_latency,qKxzZcdtjRdD9zenqFWq5rm/gmuCIHLJzqKevll2JuU=,1065.0
consensus_latency,dttnXzN0JstL8lejXz1lNwQHkDx/ACqhmnGSOMJSs3I=,1067.0
consensus_latency,ozY5fc7E41mPwdZvZI08EFe7f81mmKKCxXKax0UJRqE=,1067.0
consensus_latency,u9UiwMEkf6L0xoxVlJ7uzugHgheIuLbJu54Gova88Tw=,1067.0
consensus_latency,DtQ+9plN7Ztuqkrp1INzV8LuBwxunfPWOOQGaUx0gHI=,1036.0
consensus_latency,G4ZTsMluRVE8BzmP6ImGiNkV006CYytnOh2E+LVygW0=,1071.0
consensus_latency,U7Q70XhHAF6Nhy3n4bbga7FZXv+7lN1cEEdxae++x+8=,1066.0
consensus_latency,LKIj4NBdLYmOL3Om8lofXatRcym0ewRs8N3cln+8Vyk=,920.0
consensus_latency,0I2oCgjd40MSzhAB4GVqAfG5eC2WSO7D1JLqvizbK0A=,920.0
consensus_latency,6pXgXZHkEX11MY2xeW9WjCKu55m5wxSS3D9xZR5IJ44=,920.0
consensus_latency,h0ZaUQOPtX0zX85Oho+lr2KvwWy2osF6MMNGgmF5SCE=,918.0
consensus_latency,pS7ju4i3FbHxUg4iwdSflx/41BLIr66Zf+J/4d48AOE=,918.0
consensus_latency,pv4b2fclMDnNfrs8ugbvqJaR7bTSF24nTJ3Lk/HKLLQ=,918.0
consensus_latency,uE2Wl80/HS1rPFRctNtFIthNjsozxivU2cNvRSDORcY=,918.0
consensus_latency,2DEjpktSEr5L7iuoUsNIQmkH6s0TfFuHLfedi1YrzQo=,918.0
consensus_latency,WDMWUxo5cz7f1Q8or7JUwVcREX0dF8xbjRXbyA49eTk=,919.0
consensus_latency,cMRDPD4PelvdcqECvcx3GbHRxQoTyBXug3y3UCFth94=,919.0
consensus_latency,hSaFtW2NRbhxhjwwgCca7il1//A7ROG6Y5ujVUmIyhk=,919.0
consensus_latency,7D2MUQHAnF9gRDAPX/aGvvqsM2JWEhREI0yQ8NukyfM=,919.0
consensus_latency,VduEUJeJqhsMHzdqnNRe1yZJ+FLM0L+iAm2DnTu1yp8=,863.0
consensus_latency,bIAUxS41ZydpKIKnAVLq3KzQT08GBdJ3C8uBHkJOMaU=,863.0
consensus_latency,rHQ5TSqsExx6HSHfI1oeSL2D0a1ZSFY6sK45yb7KCuM=,863.0
consensus_latency,4vavqgjAGJfak1sJgJUgPe2IX2nT0EWKZjv+HX5YbKk=,863.0
consensus_latency,6xAkrhCEoIIqTeUsnthLjjCzm7DbKDx6KQ0MTRRaRXA=,863.0
consensus_latency,R5HycIhDzV40MkUtPYsoPU6XHcsRTUgtGb+LD3Pto80=,920.0
consensus_latency,wFMUPDm79l08m6yHYeSKXRqNwgTfQs8KkSTykCn0aAY=,920.0
consensus_latency,8b94Q4vxLuy8K2H7sLX62/Zym6hGedtZ2ng6yhh7eQ0=,920.0
consensus_latency,DXK46aarOdVaC+VI3R1V8AzLJQggvtev06VXDJrGR3s=,863.0
consensus_latency,bHGN57LrQ4qcHM+8ehQRjxiCXwXT5xb0T5yRxYeImTM=,863.0
consensus_latency,/z5b5JOcUQ9GglVIX+k8bYHOjLSqW7nzhcWnIGhAthM=,863.0
consensus_latency,Nd7yHUyip6ECI2qPozVMyI6GzB+b/NgD4vEHFM1oQkw=,918.0
consensus_latency,OBDMHXtE4UX4um1MqV2U94+DLrBztJSoWNllIj3dnlE=,918.0
consensus_latency,RFG/hK0TDT1KJlzTAres4dS5qXO2smi7z7YNMxy1x+s=,918.0
consensus_latency,fMosbOUhaMZJycVTnXVsuVpNG6xYRIBPEkXxUI/h5H0=,918.0
consensus_latency,WI6wpT+ChWIm83JZYC94VYDv75Os5C5faH46/x5ricA=,919.0
consensus_latency,iWKa2pF0m+eb76Km1pZ00aZY5reAN/1sRWVU/bUJjUs=,919.0
consensus_latency,uvtJVHWCzGitju3Y+xtLE2p0en94/3fx53/2LanZNOk=,919.0
consensus_latency,FWkw8uLsvIArv6sVitcpuz8ik7VzJ0kfU4Y02cnUc5g=,860.0
consensus_latency,GWn1PvgVDd/RgSTugbYKntLaxWqTSz0+/o/MdPpMvKU=,860.0
consensus_latency,IxnCIEK2WBfyGboQfv5E+X3cgVNHun80U9gd1bVC/6g=,860.0
consensus_latency,JyIQNFFgAJfgCtGMxODdM9fgWQicrVVfHWKMvg3Qm60=,860.0
consensus_latency,WwxzbIdt5vBNVnAD7wFC90a7zEGDsWa6kVBcC145WC8=,860.0
consensus_latency,dQ+Bx7QXMuUYOb6HoDfda8j96ulx8XeNLJT/aelnCjE=,860.0
consensus_latency,dmobS6DEFkYHa4bpoNPL5qurvWGES8sF1pjwrTdsVLk=,803.0
consensus_latency,mIBuqKeFNXfMq1s92XA7LTjQbMmmAVJ4F+OOgmZtOWE=,803.0
consensus_latency,5IvlVxBQyCMoPynxipKngPkPxSkdrAMoBhgwTaQbmo8=,803.0
consensus_latency,OfIfYfhWZOAHKRQCnYgH+UCYHc7FYH+xKHG4Dup58Vk=,813.0
consensus_latency,Ndk6/xa2VDrLAq/2DvHge21wC1JivGwmd4cN6Q5vR6Q=,804.0
consensus_latency,gI13vy3P1DKbaqOJDr/8wZ9EvIZHeg2+kz/D9SWFNus=,804.0
consensus_latency,74gnf4dWI1se6LyiKWf9BtoS38I5kXNk51TBUM+biU8=,804.0
consensus_latency,B4cPyszaelnLCQGkLa8Vmf2DMT1RjvptTEf6Zp+mOWc=,803.0
consensus_latency,oSnHfwRJZJF2UlosgOVGEcsc43ui+icLjjuBKmYcQbM=,803.0
consensus_latency,ADiKGIVmeAadOuoeT7wR8VaAx/3IKhy6wE+fcjm+I3E=,805.0
consensus_latency,oMhG2UZlt9NxYAS6sPdgdEIMe7KG0G4+vBlmgHKBc4I=,805.0
consensus_latency,ojgEb1KbKC2yizy7Wx6SG0ekPDN/F15g+2YFNp6C3aU=,805.0
consensus_latency,zAd0tGmHJtp8hGaZmmepRzomfez9ceCYoTSgfsx4H/Q=,805.0
consensus_latency,zqkWpUTKfYiE90kF/HjfqwFzI3VHeXguczSB+X99sjI=,805.0
consensus_latency,iwpQo8DUO3eaed4TeO/3ZojuSgbYjG5BDpCBLxOzkLw=,805.0
consensus_latency,85uorI53kXKTjtzWxg9hLNi1b2ltBpLtYYHLRVCvb9o=,805.0
consensus_latency,JVf90e6j2Kk+owGUPFPPjyZMVvnpHh8SYjjo22wy1M8=,560.0
consensus_latency,05MqtP7hecwxKngFzOKDhlAL3jyFKH/4kqJW3Xv67rg=,560.0
consensus_latency,1Er/LF0tZOCf0DtnL2VxYuoKM7FwKLLYeWgzOiQ4Fg4=,560.0
consensus_latency,AP4K9hR9ct1BveocUjxfKSoXEuWrvVnbpONXReiG+Qo=,1328.0
consensus_latency,t7yxLSTNsGkvp+NBq9Yim7xOG6kL9CndsaqDSzxW2e8=,1328.0
consensus_latency,Ph3wTGAqem3Ar2WzFIRit6Av4ozyy1LD3EMtuADB5To=,1074.0
consensus_latency,l3h2rR1bbf+qnkLtNJLbjlqcQo3OUvWfhU50TcMCC+8=,1074.0
consensus_latency,FJ2OVncfs3vwkwN+JRPRjC3IX5r2+fLsdMohIK727IY=,1071.0
consensus_latency,i7LTZmZOEGOL+zTCNknjp2VX9VhAO9rPLTAuH95G1/E=,1071.0
consensus_latency,QE9HufxaNsCESDiZBlW9UQu8fPWu2CgS7z6BP2uOv6c=,1072.0
consensus_latency,0GrgnnyzE8tpyo2Fw7wraO+EzQYf1JsCQDnJaHu0wK0=,1072.0
consensus_latency,ciJeThv7te7auh7UEDZcmd2D025RjvytwcMBy49GG3g=,1071.0
consensus_latency,6/nG7kRJZuSvLuc4UPyD8phJoA+A0Zz0upoPaoGnkfQ=,1071.0
consensus_latency,/sW5uBC1WgRrYdXEZh0jhKya8cFg77VeyR9KlnubJcU=,1071.0
consensus_latency,fLFDPp3B5ozsZOL/aELjnngNBICbs3kyzeyHR/zmoRI=,1075.0
consensus_latency,3qCFrgoRJUqnW8dTh/4sjk5QMjD13Gc8R6dAQxAUoC0=,1075.0
consensus_latency,8BoaRIupKmEJEcXQCNV1qJ9oZD1mhIsweLDUpVMcrrE=,1075.0
consensus_latency,RoaIOAOLjBXfUYA8u2N8a03jVU7Kdm8rXKIjBNKe9XM=,1073.0
consensus_latency,KV4wI2529qtnQZMAS642t0D442iXHUrzE2ZriPGsaRs=,1074.0
consensus_latency,7PwpE2RhjbEKmbPG+3QMcuNeyLLWMnh1RISrjFVluQA=,1073.0
consensus_latency,+SFX7OujcEPPLYYpsF9RHvX0kNyM7wa0H267pT2S4w4=,1073.0
consensus_latency,/lTQh3DzLzKUItjksr6/VRSokN7ZKebIyfenQETHhjs=,1073.0
consensus_latency,iVPZ4n3mW2JMtGbN05Ngiu0hk9G6Ifz0vhqDMDKNv5w=,915.0
consensus_latency,o906nF/AkGjxCcPji+gr7sGRSDzJgUJFj9yGaHWFYPM=,915.0
consensus_latency,/xXIdeMzGlRfJuQ/vrToucJgDhmgvjrb9MddGWCur+E=,915.0
consensus_latency,OWk6HTZJGe3aVLv8wowtUW8Mx7/krrmf75D9kEUQC0s=,915.0
consensus_latency,PS1WsHY9HPEkTl3noLWrHjQjbDKw1HvtVZTdhtk2EFw=,915.0
consensus_latency,dceB/3TjgxuQXH5FjoCCKeSBG4yfrhAaU7LX9UZgXUc=,915.0
consensus_latency,wynRdoxIJkv5JkyWxgRVRdN2sb3x5G9f5PwUbfW+NDY=,915.0
consensus_latency,E676gefwjHVVG4u87nsNHtIBKPVbad6xtnH0QAGRO+4=,915.0
consensus_latency,LgSsxL7f3U0hj2Xq8QKdMnnTIBh8O74fCP4IFdJ6AYI=,915.0
consensus_latency,STdr3LrEipIQFz9z9BS8kpkcejFLhF+mcNyiXz6pAE8=,915.0
consensus_latency,wswQ2T/++/O3ygm8JVc6qgnuknwTjmPXZ9HoCCV+5dM=,915.0
consensus_latency,0FJNpZuiBx8PqLgI7+UtzHe4o+5s+CWWxlLYVRpAtMU=,915.0
consensus_latency,ELqUhAvuoG7yhrkBdVPdhFaNOLMt+GRIjarqblRJIDE=,871.0
consensus_latency,PU793cWIV/WkxSFLPITItjfwfI6zcHbVW6ABZRi3MVo=,871.0
consensus_latency,rNV5d16RPVjmunDc7q+UbThgCN93CsIGjh0lsiHbQ60=,871.0
consensus_latency,I3dT0GAsclukIyZ+3CWWfHN3oXcv7lP7arBHcoe4bXI=,915.0
consensus_latency,q6zqekjD0BqSNsDH9Mz4PjWSLGKyBcD5kDbYMWa4+Jc=,915.0
consensus_latency,wFqtNMsd6n6d8FMbSwELEHttz8u7mLDO9PspcEWqN3M=,915.0
consensus_latency,+7lRfVTu42IfNwTiHs3JJyCD0P905VlQMOCb0rmZJbo=,915.0
consensus_latency,RRvoNt2BdUfzchhRkk193Cup2KuctmJkK7CwkL76FKw=,913.0
consensus_latency,VnhMLs8Sm+fwc7AxRCxR4XGrFvIJg/2RrxSKLUZ5ZA0=,913.0
consensus_latency,ZC5d7KRf+ErtFxEgHgX7OKqRGj/PZt1w8dsx6VUzBJ0=,913.0
consensus_latency,0Zi4EINX6vn32Ubd2b2aD9+lielr+pr+qm8wWu10b/E=,913.0
consensus_latency,ACfO3jSg21fK2EFx5bHHxikAdfluJxT1iF488+BwmmY=,873.0
consensus_latency,EA1zAKO8Nt05P+v9J1CPFlvWvSpfHyDGVNB8flcvsuo=,873.0
consensus_latency,HydadvdJEMGtgzZQwmdlwIGeoZc0ONMKIWHXuuZK7lI=,873.0
consensus_latency,hFNkx1pClGp9Nnn6W7BegMuVeakrOjcV9Xx1Ya52888=,873.0
consensus_latency,uX0mzsUUA4Wd8AhtN4tIc9JuQKo7rv7xMLhQO0Ssvnw=,873.0
consensus_latency,PGntjknZFse52cT3tDzrprt5cRVUqHlX3270wYn4+5k=,914.0
consensus_latency,ktnvf7IQy01c0VFFU/b7M/2p90IVl2YRetjpdYim+uI=,914.0
consensus_latency,vNLbmeDWmuDMPCbOQ4Prm36Whyx91GL2MVyJ4gBKIGY=,914.0
consensus_latency,NAXqw0GCAuGGQDsD+NAlG6eQg8eaDG/6gQNAclFJRqE=,870.0
consensus_latency,Nm7qhEncoCq7Df0fKHlNTKqOwEm3lmD6PWCkDuFaIrI=,870.0
consensus_latency,ZDS8m6MaY4BcepvHymFdZtxHGwc7DZbPsLe4At3c1tM=,870.0
consensus_latency,dpsosICcVSsCZuv+s4Tg8IsGhsCOdUiRDiW/CfT/DAY=,870.0
consensus_latency,0FTEuSs+epPmil9Ylhu9TyYZjFSEBDU8qK3JQka6aIE=,870.0
consensus_latency,BoasOgiI3iCM1L4UiTLxghgxyRravvFzo9lPoVZZgrA=,818.0
consensus_latency,R2aGxhSiNJY+i+WGfRgiCErFOi4E8F7CymKFGxrFMm4=,818.0
consensus_latency,nS2G292VY0b16BPUBzO4kdaH2uPaJ02aFID5JtDXBZE=,818.0
consensus_latency,++kq7wraqeaBlIxrXbq2qfFWELZl3D/dh2MtLvfJ9gI=,818.0
consensus_latency,TQDUfzoL1ZLnWXfBBvNfVHET/kDqw9QKnW7wtnwWez4=,822.0
consensus_latency,oSgMBE9ak3qTg4Oogpgha7YEPvbRgf8Jhysitd3UHNU=,822.0
consensus_latency,p/AFEJHRFLDoqlnpcN9UHQMa7AV4ak4oSrSuwyiGhBg=,822.0
consensus_latency,nvHvT6ozdMAmT7LUcFfReHpLsaA1TpdOqjBccAGxNdY=,823.0
consensus_latency,iyrXjFliQk8wFEYHkkhp/AqLgt5U6RmTtkDlTDwszMo=,819.0
consensus_latency,uKbJoiLaV4oNuZdsEnXXqpO0xZ53wJTbzw1rKeiWpZA=,819.0
consensus_latency,aA2XBWdEmPQFA3eVFTIAuWu8C++3S0JFyf0vzqUwEuU=,820.0
consensus_latency,3on00dKAJLerKAYZgnQL0vsVe06NtONRBKdhdicNufM=,820.0
consensus_latency,S6oepeqKs10ArGQI6VgmhRGfho46311h86dHq8r8hZk=,820.0
consensus_latency,2/EPpiQE5EikAod1VAcjxzb2DgZI4q+4zEyFYrgI2bQ=,820.0
consensus_latency,LN3erGoQ2mJPTyKvoogijx9VYYnzGza4y3qnDlLnK1Y=,588.0
consensus_latency,kvhiyaMsTO/TzjDlHz0n1LWnJfAjTHXamtfsPqjoN2g=,588.0
consensus_latency,bdSYcwTfNiQ4arMSnuSFFAvl/rCUx1s5JUffpXH+rL8=,1340.0
consensus_latency,jQKLwgtXO7FFNUpda0prsHwwNZCKiupiDXlhucDWh3o=,1340.0
consensus_latency,TIocUMUvl4nW+9CmcbQGvM9GiockODWjc+7UazkXWbU=,1339.0
consensus_latency,pc+BxP4QBxAXSDJAacjuKQA95nUPUNgn8WP8dRQXkUE=,1339.0
consensus_latency,HoC4+DgXyhRZ0x9K8ejs33sJ8dGuX+omhepdSoraojE=,1107.0
consensus_latency,60ixMU+v+h7LVMNuS5K4Wb8tC98tpDE9QXvm0WIg7rg=,1106.0
consensus_latency,dNDYOOGYc0bn6Mf5r3C0isN2ZNTKpLRQ0gthFCyhjHQ=,1108.0
consensus_latency,BJ/MPi67+EW3YQlIapM0YY1h/iDh0n6oT07LU4RRJgw=,1107.0
consensus_latency,IXPeGg6z9QBtyaH42oNWtHtqSD4AAciP6iKR5UDdqII=,1107.0
consensus_latency,NekF09w39OPqJXEF0ckWynXIoNmeBXTA2YYLKSbHIoE=,1107.0
consensus_latency,n/7NYssFtCdjCM8TuaRhoxwQwhASoPyKx0skqkm48ZE=,1079.0
consensus_latency,oLiCwXOlBzGkoGzxubd0DELVMPVi2ZLaDBgUpygj3OQ=,1079.0
consensus_latency,2vHmlDob6a77hcEWxmD5o+kU/M2xo9tlFS+5vkWSYzA=,1079.0
consensus_latency,XbAcce1ROVmLMvoVG8xdF56scXF0HvN/2mfFfkw2i1Y=,1107.0
consensus_latency,o2ZSG0dMKLy3mPvGR7SOJqnm65c3Bryq0TBdt9tKAAg=,1111.0
consensus_latency,QLOj/b6IHa8UTzeQ5D8HSOELwOdlqEUmFQ3wdyLPDxQ=,865.0
consensus_latency,mkDI2qHdAKpkn0lgStqUBZIXmAqexKPFxRs9reOGdmU=,865.0
consensus_latency,yPmyNZvVM8Cut8wYKbBD1gE12XjOQtqZWDlCmPFjjnQ=,865.0
consensus_latency,ysamFbtPfptKYbfOdvJZmpwGKouOHpQN246KpZ9ySqM=,865.0
consensus_latency,0QYpWRmnBOwGSVMJlFmNbPQnZHU/EsHrcd0qLUFIZKw=,865.0
consensus_latency,BAMwPD1Wc1kwjr8cSSkSdC7IG70tHbMIQWaxwcWj9eM=,869.0
consensus_latency,C7NEhbldLoxRZZpdnSHfjNbodPOcUyCz5KBnRqNvqgs=,869.0
consensus_latency,DAIlFLVX43dWJ7dkodrpa1kcVF5ulxfvpwY9f3VyyO8=,869.0
consensus_latency,EMuMqBskay46OGBcGh1MVky6cORsSdEY1SYCM/R4Etg=,869.0
consensus_latency,mz2XJCneUXtz7YGLTtwYCCi8jY1dK4cOlmGJ6e/bp1A=,869.0
consensus_latency,JpTudQAHe74zdMJlT4rlzeQEKPX3gbJW6wIP0DWu1zI=,922.0
consensus_latency,SVN2VUJ0Ff6ofKPyQCum9gkXseD+LeXfDMOlVlyG0aA=,922.0
consensus_latency,eliSu9Ideba/djhyWhH28xNq3VOPMj/5gNGpHjOXFmk=,922.0
consensus_latency,5vjuVj3BYR5F6Dx6tM2pbM8Z6MoDsLqb6INtdjpB+NQ=,922.0
consensus_latency,AvtHDRv10XFDtCBAnWSDMpN5S0vZyoF6NAgDF1/hsB4=,921.0
consensus_latency,D1mLuOKpaXl+zIAWIpF3uzrfPkPBGzKP9I3iHH6Ytfw=,921.0
consensus_latency,ZKHD4kIUolKJQWLsVm/IdQAL05X4JKtwSKc6F6b3NKc=,921.0
consensus_latency,tJHk62GhFjSBbJZWLTfOkqArrkwBHMQw7IR26dnEGbA=,921.0
consensus_latency,Be1arY58AXDpBGCTj8YBixb5Qf6023klSN+cA96AodM=,867.0
consensus_latency,CtifLOEvTX8Qypp+XsFnanWjR5FEpvxTZr51Iww1HeA=,867.0
consensus_latency,E8qnen+lWul3F54MFukproyrMyV7VnMkZRAS79/qTCo=,867.0
consensus_latency,lyLQqp4Ie9/3D5UrMiPXqmqXM2zaKEf1Z8JTRAesHWQ=,867.0
consensus_latency,oK+gyAh7chLY6kESHUPaDJmZ0JSTQi3EMyTzQqin6aw=,867.0
consensus_latency,GF9HF4cCqP3JHxdwvxnnehaGt/g7O9quyaqRbY+hh7w=,923.0
consensus_latency,GwxdqerJ8iuN12dynSrn/vwkIMsygBmwYcBZzay9w5I=,923.0
consensus_latency,NzeK5JW6VV82BrPPUXuzQnoKUyN++Kn4ajqss6hPDXo=,923.0
consensus_latency,S91BAEqtWHP+DeoWxiN5fo7Kaoy/oLXKH7+YPgc9G3w=,923.0
consensus_latency,jIbq84S5+qKGC6DUwBz0C0AmyQKM6zInhGBR2Rl3Z0s=,923.0
consensus_latency,CxI07GxKssmcElW94TT5WZGZi2uS+C8nVLOPb7YoQbw=,920.0
consensus_latency,DEkZnMa/rn0+WER5V89rmZ5zjYhSwDjZzqQwrreq1AM=,920.0
consensus_latency,ZEyQolYnkqrXJ5R6jCS+vWZyw2K6+7PQgMNt8a8HLWM=,920.0
consensus_latency,mig7Bwf3fJWC7/pOdJoyLUaKehHWIxB38dU0r5tGb3s=,920.0
consensus_latency,6VdKj+GaHqQqP5ImErk5E0OfkytvF27NbDClK5nOWF4=,920.0
consensus_latency,CeII/ASrDUqS8ZX0P0blkRfnARlY9Vcnsom6AM0csaI=,924.0
consensus_latency,EKInzqNmkZ4Idfd1iCF/kP0kyik8VUfYCXBPMoPAgbA=,923.0
consensus_latency,Fybh+zBAEfPPqmHI17eVvPdYpSK2zYEC9Dm1GEo/rhY=,923.0
consensus_latency,JV1m0wf4Vcek+Hi5tQEvuFouwcSHCpxpSmqaylNBC0A=,923.0
consensus_latency,h5L/bDojw1Ol37tb95SRc0K8bIl6dqtXrQtcQOZ8gDU=,923.0
consensus_latency,GuBs+oCb/uTzAKMGER4o2asHT+BhpmnUL7K9VEr0WGk=,923.0
consensus_latency,X1ny/Tr7ozMdmmbuuAomWM7Ff4Y+LfTseeEj4Mblrco=,923.0
consensus_latency,ghslWmCpMCflpmBfDkF1TxDRVmprFnpITLOL1ja/rLE=,923.0
consensus_latency,4tUAZmfyEoGmiC94/5an0hIqLgJ1D+iL2rMRA0G9HJ0=,923.0
consensus_latency,75idM4wM+2efM4UDxpZYnAqDIke+ll+gOJxMNh0kpRE=,923.0
consensus_latency,HeeMX15T677qmeFsiz57P63Dj04R/54wlDMoEJtsvZg=,820.0
consensus_latency,r1X/p9DB2MJ1GqCvRlhHLr/zMO94qkcWZDwbhfOPPPc=,820.0
consensus_latency,HFjrgoThqurNfsFKdmmuLsx0WgbwZ2MlmZQ2FOyQ/1o=,818.0
consensus_latency,Qugd8jEn8iLxRBLUpWY1dynQQwvaQ7LZsxNxHPAlwFg=,818.0
consensus_latency,s8/RFLZjdBCuag6KEo610lhPFBdLf6vc6dcxBYcR8oQ=,818.0
consensus_latency,uOM4XfjeMD+xQ/QevQOhBDkroUaCL7BgfOL5xgOO3Zo=,818.0
consensus_latency,0Gk9Mgf33YHFeKLe1jwF0g6etUF9MXxUJmRlJmRK3E8=,818.0
consensus_latency,GAZeLu1niJI0riZDQDuirdMmhDVuaR6upmGwuiKSJJE=,818.0
consensus_latency,SZn3P1WikbSBY2nmO7Eu4giHsqrP/FOAOJxqN1mvPwo=,818.0
consensus_latency,g+OwsoYNBmlJikPHHJLHbQkF9XvBFnI4W66sYgG9boc=,815.0
consensus_latency,oHjNxb1AqDoxnheBKaW99d5928J34zQpoabVQuMsQ/s=,815.0
consensus_latency,DDFKM8zfjASGVHag43qSRu2P7/wuDHxum5yBNMsQRNI=,818.0
consensus_latency,5r47nH8mPJ4KaxvlL0HRsIIRB1Hn4weBT2rHnxeAQno=,818.0
consensus_latency,LmrqvIiXOa3/5q4wrj5KJgP4t0Ft9QwqcKCbycok1fY=,816.0
consensus_latency,siEa7kui9ymChee5z0yw7l+XqRB4X54kgIUIBsMW03g=,816.0
consensus_latency,POP06CYmTLApZVRxfW2pmxpmxvQKh+FthMWjdkhqvxA=,816.0
consensus_latency,82F0XBb+8N9Ab0YTSoxBwtM4Ot/VRsFyyeU194aqG7I=,816.0
consensus_latency,EMtI0nMSHjj1Kj/XvlEUOzZQsFydJ8wKe1W/KfU8Crw=,556.0
consensus_latency,IkxrCJwPARJ+LZBU5oK567y2O/xihmgj9NM3ff1Jv5Q=,556.0
consensus_latency,/3u0YO829K9wbJ/6SEQrWVYITSh8u79D/zFEBAVmwnc=,556.0
consensus_latency,kfgShuYEU144rk+H9g3YRYgHGbodf4nE8+gjiYolLDc=,1075.0
consensus_latency,yV/EC2hfou9OcZxrgYZT/QenwiIDYYnUQ4t5hI2cFyo=,1075.0
consensus_latency,IxvR59/knl1ncRD7k7cdphYZfQifiBn3RhtyLwPJUgw=,1091.0
consensus_latency,6NZiQPKm5JkOlm6qdtsGYqh+ic+2D3nfPaVaIr1V/Rw=,1091.0
consensus_latency,86/bo1CBfxffMqxyQnk7sNwPRh3ECd4/Zp69VPqPEDI=,1091.0
consensus_latency,As/2qeLJnqEZ/1ZsRni1Iw57r2NZrBKcd3Z3AUNsBpc=,1087.0
consensus_latency,GjPY3A9kUJbm9sLwrqW2KV7i8/mkkvc/ATH60JODl40=,1087.0
consensus_latency,0kbsa/Rbpg7126t4pRCnISqmHuokilZ4vX5xv1ePZ1k=,1087.0
consensus_latency,KSu/ne2E0p/9muAQFNU9vTNttAn3xj5yL6hXxik/juI=,1087.0
consensus_latency,L6n58GKHN3R17W3qs5L/sZZU+c4NorDOumjooc8Um1c=,1086.0
consensus_latency,2d2Gb2mCGUCF3M7OvtEAtsE+c69HLarLQDvZWtB0scM=,1088.0
consensus_latency,/HIyBcxp6ECoZaTDANYbQa73geclJTXxeadR9/jjRow=,1088.0
consensus_latency,i3sj8qkt9ZDc7aNT1zS+/MBffPBvYsRQtCOmZ2NGy/k=,1085.0
consensus_latency,vvSnfDH2SzLzQKNHYQ4fJoO/u9TiJubMaG0UD0DnIQ4=,1087.0
consensus_latency,03l5n8MFL1ujMeKYUDIXdXSCb/6gKDJy3btVgiDPPoQ=,1087.0
consensus_latency,2Er5hXUHKUuPNNBzdnZKGvEEJRyW2C0tRalSfQxwQ1Q=,1087.0
consensus_latency,G6+NinGrGAsIUakqt4J5gstWCcmx9dW8wWhFutSRlAo=,918.0
consensus_latency,W8f0IIMt/tG/ghRqHNgPmw+EXZU4IYFTbLIJ88NhtbA=,918.0
consensus_latency,b/8c/OkYrfbtePWe2Wvm6y6BNGaj2no0Mmldfgyw6BY=,918.0
consensus_latency,ckyhUVmaN6gLlOi67StUoD5LbBU1NBWFgcFmVCKGwZg=,918.0
consensus_latency,l/VwlOo8lEbfLPsKcoEuAjfoUHcoJXSC0rkgMdYlFg4=,918.0
consensus_latency,AZZ2y6iUI+HkTQmDKMxR5Hd/lgAiydCAWwcJIZ84xrw=,918.0
consensus_latency,PAsQYQATMCTAcb8oDax/b8/TTpm/9VF5NDiiNfjF+sA=,918.0
consensus_latency,vPbOp8Ft4TPISvAKif7RKcu9ej6YzNv/ua/A+gQpn9A=,918.0
consensus_latency,+g8sHmLucgTJZ2mRXJdsC8XSaFVy8RkMZr6ekU+1Jdk=,918.0
consensus_latency,JPN5Huhu8rRybAg+U2VI8MgB103hwxPwKsT0iwGkfiA=,866.0
consensus_latency,RtDhB2NhXaTmcFVCQVeMQUPkE4956Hsw9DC1DsxrcPc=,866.0
consensus_latency,mD3MDiCijqNgm7W5Khtu9Ziuw7GNLaBaWQOdaIhvtUI=,866.0
consensus_latency,p6Rc3PheakLluTvkVWXafZ2FdrUmX8N0507+xCxbRpo=,866.0
consensus_latency,/PejswWZ/thAD9C4W60ivq0ZZQZrZglxDrW9Uj2V0VI=,866.0
consensus_latency,MJtkBpd4+nEJDVF+Dj9V/M7UESOUgzdA1cOpvQQRLRI=,919.0
consensus_latency,NA6IT8wZEYbNau3XmRoQnQY/3DlA2e41iM8FpIpQ0r8=,919.0
consensus_latency,dsPg5v7iUuXe3heHH7pf8t7GFok5Exj//ozLFuDLEDw=,919.0
consensus_latency,d/NfJuaHieayQZA6e8ejBnyMYhOfUS0RTr0OKI+BP9Y=,919.0
consensus_latency,9IAjIupg8VJ3vJgOBj/KuzHQKu6Cu5x8TtObPsu11RY=,919.0
consensus_latency,Lwb3qfnflFmkQJJAsFx3PfiMv4zp5amYsbHfrAKK9go=,918.0
consensus_latency,ZWT7DG1FoUpSi+GQcshLbaoyFX4gU9FvbqKuYgKOmKs=,918.0
consensus_latency,frYgryGBEczjIcfdjIG6RaamVOxKsiGpEEY4TCYlv8Q=,918.0
consensus_latency,mwL7t8ulkbe3gKJeCgT9RjD82I5QBLaotLAgW2cHnPc=,918.0
consensus_latency,/slbNJC+CIsLMzWdMjtpNG4L2KGQOt0DzczjkvWR1SQ=,918.0
consensus_latency,CqOe0aXsYgD0HSPuh2Os/xVeSRnlf/HKqTzFCVHp6OE=,918.0
consensus_latency,KEJ1Asbh16Pf0NPFcY79QRoszC5k4k7Q+Ke8+SFZGpM=,918.0
consensus_latency,VlCIVyXx+ncw/5+AUdW4lxS9W7ZCAyPlq8G7YdB3yxo=,918.0
consensus_latency,34IhQZA8rjPlV3nUZ9tE5iCaO5mxKvmMvT7XUnwdP7M=,918.0
consensus_latency,CGP+EvFMfkRI5IM5efA2h7suk4gIlDzqVIgSBZ4oh0s=,870.0
consensus_latency,TG5i2RW3Ld8FhsYSa0KbDTUQmIVRaKVwUBVVf28LzQU=,870.0
consensus_latency,kxHm+iwSe1DECxGqjPNF2TlHmqZCPLgyJBBwpR6qNA0=,870.0
consensus_latency,8a18eLsUBBwjjF2mT5vErdwhdskOdruigsmy9wEhpH8=,870.0
consensus_latency,+lnHiWx8gl/x3+d9VZ3XPtXLTNy5VgYvD0qmTxfbjqA=,870.0
consensus_latency,MF4vMyHkRQOcBKxMeaD1wVCe+qc/1VoMDKhVIwNP9HQ=,873.0
consensus_latency,UDOVM8RHAybp8f13flMSpVnVthVty/BEVjlVvBmacAA=,873.0
consensus_latency,ZbVRA5gXqYWaBoOEjT0h89Egps19REDfOht9Rb0eRCo=,873.0
consensus_latency,daEBtrKxVIVZxxSvBRz/Iby4//ewifEnZnkXl5Tqz2s=,873.0
consensus_latency,u9+EAC3GLL9uOjZAGMa6CyCDKbmjf+8pb7pge8/ptQM=,873.0
consensus_latency,3pDqXNsf45gslFAeuD7wCKtknbJXS4JkSfYKdKMhIOk=,873.0
consensus_latency,H7jrnz7Bcl0/FSqGHThUjS0ShLDLheoHE7E2wbxA2kA=,918.0
consensus_latency,KBtK5okMh3BIbI+aBs5qc7WZGn8V/PzlTlMcavSIYYk=,918.0
consensus_latency,LT7EHo7oGqn4PUPqloo8ZjUhZgPtVVZ+dDPl+H9Z0nc=,918.0
consensus_latency,Zm4PN2Do7HKYh+VmJVFYRGHrS4EXUtFAsWLYZ1oK8SM=,918.0
consensus_latency,+RBzgU1CPisSJjqvNLht9kq6p8tyIzmrPoirtFkrXqo=,918.0
consensus_latency,J3EiR1kgArmoPn4z1UJc3zzwttZdvuQy4N/TdXMJW7o=,826.0
consensus_latency,eZUadxhrRFXIkgCMCLI9K6Q1eE2C84TPzxTlbDlDBQw=,826.0
consensus_latency,J3DZ1akHv7d7WGYhjXepoHw53toa8QTxrOSs5GZWhH0=,821.0
consensus_latency,SbpMUvRzvIeDD8PagdkVA0l5cwWpROlMxz1ZUs53arQ=,821.0
consensus_latency,k6V9C+s5L0o4nINK78vValN4HcUzd8T3Q+/iTbTdwJw=,821.0
consensus_latency,Z+3omnXB4EqhJ7uMWXAdpnLdXddjeiQ/k4g/R5MbBq8=,823.0
consensus_latency,/25qLHuMELrspNCKdREbDkeKofiKiZGIaBm5tNKiD0A=,823.0
consensus_latency,Cys3oQdC7vJ8/yguKv33C+ssUXXXVlizIxx/23GICvM=,822.0
consensus_latency,Tqmv4KmKpwWCprDm+S8A8m4ZwY10GHb8J5bQvxyZ9KY=,822.0
consensus_latency,ACSXXWWm2LPpmtt6FRk86Wjsl4CtanVzm4tLxCSyqnI=,822.0
consensus_latency,xw3Oke9+sYXqsR054rAXPy8ezVTc1n3OA6FpWmqMyO4=,822.0
consensus_latency,cASUVmidlKTGBjOPNq0IlEFboqq5wVmsQC86J0L6S/Q=,560.0
consensus_latency,+nL6p0qSH6kyjuKPqDRruepR9KbJRtzE2/6MVjZ9DM8=,560.0
consensus_latency,R6wcKpbZy13qHhUbnpgCx6p6BiCiBEPBRxA2UUV/tsw=,1656.0
consensus_latency,pnvsSMPUqZAcdBlnhllaCyNYa8RggnNB3URLC0IeoUQ=,1656.0
consensus_latency,r/ffCZ/tZFNYPZs5UPebUVv+loneFZfAjT8secJK3Es=,1663.0
consensus_latency,SmKfeJzpp0iwNZqTT64aXm+Z758VtUgf39O7NaUhEgg=,1398.0
consensus_latency,uCkSL24DUAiQ3el9c1ixx/H00BsBajp/TW8Qqk/lCuc=,1398.0
consensus_latency,CmJOwhYSIksxvJfZ05NNWKFZc4OYvl+LM7ZJCamHWRA=,1400.0
consensus_latency,HXKNzqtnoKfpruLSGlGfmJxl1uTfU3ljjFTplhy8zNg=,1400.0
consensus_latency,6zkNh7kqzDpouJJh2GbdtQf7IJYSG8o2rIVtkyQTtS0=,1400.0
consensus_latency,+CCutJOC+48wKPFtTeGLyvDbpfRxIpLMtGfJ/1TLKnE=,1400.0
consensus_latency,aSHNATKb3VqUTLSR0hzfqDHxEO07ge5G+4qAgmABYWw=,1400.0
consensus_latency,k0SdbN2xXiNBJj9qe7ammTciCYUWrXWaOWv5kQoCUZ8=,1400.0
consensus_latency,/qId8gSjkJDtMQylOfwFG4rwz1BE+zUlGifpDvyviCw=,1400.0
consensus_latency,AbB2sktPdAUhN5USrwkatLp9BsBXNdlE74pkoNxIzcc=,1398.0
consensus_latency,1nWGM+QI+PtUFOl0nRloW9qD4XZ9rhFdN0lv+MZXbc4=,1398.0
consensus_latency,pxBqDdef5XOR50j+hCbBPPRNa9JTy8+mQ7HteAhh3Cs=,1401.0
consensus_latency,TyB0eH3xxh33EnPOS9bNLX+et0Liwts+3pLQqU7w3dY=,1400.0
consensus_latency,n4vXh6D5Yxzj3Cv5pPQeOscWMqOfFp/8eSGhZErvOfA=,1400.0
consensus_latency,Gg8fIrMDTTiHmqx3S5V0ZghY6tssM9Ya4/0krZdT9Yw=,1400.0
consensus_latency,gFnxfOI3bFt6gHVM1Df4RXONUV5L0kCdUBG98EFLPy8=,1400.0
consensus_latency,z5O1tC8zTh08UHF0DNogsU4WvWwpsd515Z7KfpgDbtw=,1400.0
consensus_latency,CsupfnUoTy9NTPdzg2J/hXlaYBjyAjG0cPLgh7pDLqI=,1242.0
consensus_latency,HRUHPCd/oAmxtt21o2v1aKuoV2OX1JgErBC4t0EldDw=,1242.0
consensus_latency,Ni0zIPRACdAF6VXlzAZHq1HkdKJO/Z/G9XK7HDGQxic=,1242.0
consensus_latency,ec4i6kEGyluzs3vsBa4obKC0uBx7y1GT8vpyzId+rvI=,1242.0
consensus_latency,AXQ2+GXsfaSGgijGudYjRMEGuc4y8HYHlINrln0Vltc=,1240.0
consensus_latency,frty/YF2eyfT693Ce+S74qnJB/UPyDWUl5GjIjhFsWU=,1240.0
consensus_latency,iSX3Lqq4uM77rrSO8QLvyznyfsJuY5tChKwqqsaBlME=,1240.0
consensus_latency,2dg5Qa/4zXhuvNasM+KY6Xb/TMQj7b3B8y1S7STuFt8=,1240.0
consensus_latency,bv6CjTPTlTTahKxMHjuB5RV2azOYbO7UUJJeP6kZ8gY=,1242.0
consensus_latency,diaEhTKpy4nap4J3jn7qM/idPX48yfEbdhgKmkCDojo=,1242.0
consensus_latency,BKoVz9P7BuGwGGuCcm0YMOq8g6D2+Ng03OS5/hOx/jk=,1242.0
consensus_latency,a7U/gs9IGnUFVahySoVXUnqb7VMIDOksu3igNHXHnUc=,1242.0
consensus_latency,ecWr2bodeWGhi0RG6kxZnvR3XcdpGu4ybhpVq1kIn9Q=,1242.0
consensus_latency,jri4km0uE6nRHMsE/HKBzohQ4i58Y73Sr9nOT+dKEOg=,1242.0
consensus_latency,At9toA9Hg29Ltpnl8PYthlF9TQUBsPo1lFPs7Ob3xXU=,1189.0
consensus_latency,GKyQjFI3JiF93TfCkX9vDlvyDpzaJqRE3nuv1WAfBxo=,1189.0
consensus_latency,PfeTu0gjSVk6G3SadZVIpPPXGMcVRlVd410VHDWL5yY=,1189.0
consensus_latency,o2pZr0AzjTlq/BEkdtCoV1gJM3g6YIT8CYLQWJlx9bo=,1189.0
consensus_latency,za1pqZR5tmIhd3AuTEUKuntl9x+Ou8AXTSduhupe2Lw=,1189.0
consensus_latency,Gaz242zQiQQCzg9SX56ZuO5W0IdKcLSBrtalW1i2AFY=,1189.0
consensus_latency,RQjZgOkyqeA+kX8HSm+RchH6omLVlf/Wdk4LYU9sLF4=,1189.0
consensus_latency,mqx4644HeKI8MJcoRkoiTFWHL1+Qr6wSoDq8S0M1kUQ=,1189.0
consensus_latency,wA0T8nrG0dFs2wBk+n2iNyhy0f7Hp8npryamxxPMX6c=,1189.0
consensus_latency,1rqgy094gxZtyBZF6quVKBn+VrE6HxHSgGcucUncVL8=,1189.0
consensus_latency,R6RzjT0BO8tOocMz33l+MSAU6+epjVj686BZLWTyfGo=,1242.0
consensus_latency,YBiXDQ5c8sHBnuGsi52m295J8YAMYAe4jW/16IaEMUQ=,1242.0
consensus_latency,gb8UScQF4BfsKUxNPmMxiP/DbIaAlLeOhB2wlq+rCA8=,1242.0
consensus_latency,goDrj3yVy1C37FhJEgkz/k8eSz3retGE0RD1qLuTC38=,1241.0
consensus_latency,ACFefMby+FKSQ24gYHTB3ffNVizqUpfTskJ+PxTTmJY=,1241.0
consensus_latency,UrkHL014mXkS6MeFFuh0gqLUPdarHqcygIHNjF1nr4w=,1241.0
consensus_latency,vXLpFKYRawpFggW/UwEfSvRPuweHs/W23DjxwGsyhKg=,1241.0
consensus_latency,5ab0fyL+xbHChJH2t7Bw7x/cgMukvkwTvY0oUb4HzcI=,1241.0
consensus_latency,+6I0QUd7mgiHhw01AmuAcKOXVr64+3PnjVWfmpBS9q4=,1241.0
consensus_latency,BQzM8btSqLfa7xbC9Ro0xzVeavCK/iK0aNnlCNayhx0=,1189.0
consensus_latency,DWd02VzUScVu8fonCa4mxEbt4SEeuKKfjJK/GGcuoL0=,1189.0
consensus_latency,KeDC09jiU0iPpcud9uqO3S15ooJYgNZjIk2gaZ6LxgA=,1189.0
consensus_latency,Xex41EdkYo7vy0bc5nlrFb4LRVxpgbNoPq36IU+wKgE=,1189.0
consensus_latency,m0DchiolYyZ7jKpuiMA2mi5fFfvgXEQSV/b7pqqtPUM=,1189.0
consensus_latency,v/sZU0ydvrRdO12zeBhXV31n2vH5qS1HoTanj5fCZS4=,1189.0
consensus_latency,JB1v06ukgWH3DNvoE3DZ49cytRwOe+IYRr5IVSaYS0I=,1136.0
consensus_latency,zdi95g22Wnwqz3PVQOGQ/73CM8y7QSoUnQ/d7qFAUqM=,1136.0
consensus_latency,VCJWlZUPdjg4tNEWywyemTF/Oj3BOFkzbgLrgHEsdfY=,1136.0
consensus_latency,z2cZfcYHKmkucbrqWvFrWXXvRxNJGtyVLtlnOkBRk6E=,1136.0
consensus_latency,6V1J/F/GMvhMpFgNEdT6pTvrdmnXMi9HXR3B72ilVPg=,1136.0
consensus_latency,CXHWxmSeoGvIS7MqUZtvXRuDJKEA6MF/khxWPVF7uIM=,1137.0
consensus_latency,hec5MyxZspuU2cWIlE59p9IMUxcHcoGwMJHz6stcD4I=,1137.0
consensus_latency,T1s4mVrhr+AFuMdzJcJXZ5B7DKsG5/cETghQpk59bCU=,1136.0
consensus_latency,T3D0wX+v84YhCIOuglEuWorangMk5u8Q1Rkz6ZJ3+14=,1136.0
consensus_latency,dvRqzQX6FZax9C8MBDb7FtYEpsUu/EizENiPRY8519s=,1136.0
consensus_latency,ZfGvw9XsjliTotnxHlarkAgVCa3qRvqfeBEyanK2xBo=,1137.0
consensus_latency,y9mZ7rymQVzhSxQeSuJSwQFAig1wUjncqgnnyC4P9hA=,1137.0
consensus_latency,NVE1zF7sF/UAS3Lgt5uMEh4HbHu2kIgC6DPHGtuubWo=,1138.0
consensus_latency,OgfeJFS+CyxXNZpxsK5C9M5c2vJMvL39O96Frd9FXiI=,1138.0
consensus_latency,Loj0SSZy1JWZ+1kPSdXgkQfC/IAm1Wkt4uRsVsjdcu0=,1139.0
consensus_latency,o4MhU7QQU5AeI00U8+E66PXAeDtUSEp+0Y/wLoQVurk=,1139.0
consensus_latency,WBkhXQUNKgVkNvQgfVBTs9opPxskjHQ5yp+ECbjkLi4=,878.0
consensus_latency,rZJG4PqDP+nCA87bCRc6j1HmvpIvmtOexjrSm9owGwc=,846.0
consensus_latency,ny9FRqsnjZ4wV9zVJN6ZpPcko+5pUcERa/w52z6H9ZA=,882.0
consensus_latency,U0Ye3ptYxvsEFC/qRX36vHQcOaVBipap8FYaG5e4DlM=,883.0
consensus_latency,VKtai3D+/afiy/QEPadCHauF4bfLc3+oEjoTnToRcYA=,883.0
consensus_latency,vlvH/bXIHLPCt39r/MxhGqgyOf9jAFlkjgJcBGs4qrY=,883.0
consensus_latency,2P8aqRm8AA7J0H8OyYaazuDnooH/hpZCHWduUHT4RnU=,883.0
consensus_latency,/JPyIAT5aFNoh8LT7q5CXo0Ji873TuEjLgNP9iqf8VU=,883.0
consensus_latency,Spz8/UtXOCJakVw3U2A4KH8PTrwTcSZ54PmZPTW9Huw=,886.0
consensus_latency,+Tt/6uAfY6u5vmUFkMLvGFYnm6xIFMYJf3I2ZdTcVJw=,886.0
consensus_latency,/1JFm3I9fjlEe2fIrtCTfJCVkP4LpCHT1g2IgUWKDrw=,886.0
consensus_latency,d9ybcZWObbOfIMOPvwfuaGFYc15kq5D+HNQ+hUDILPo=,878.0
consensus_latency,pmkximjwhYh/bLq9g+0RJ3O5RQ1/GUILjWU8rGjNhyU=,878.0
consensus_latency,jSOEDwp0l0aUkfPoMiAVPILu/jWUyZCodKzXi/TTJr4=,883.0
consensus_latency,m87JS4pB36UvPZyM4JFrIcXdo0ZO7rCPRhG+G5QcNZk=,883.0
consensus_latency,q7A71BkCLQZS6jSGq3rH37+DibYPQzOOY0NXDf3XrJk=,883.0
consensus_latency,sB67r/CmEO/rc1VoGARBf+0FKquEWPqyXd//aW7KtTE=,882.0
consensus_latency,H/muknnzy5W+YoPPV+yxakORlUqSTn50QJYqEWq7chg=,664.0
consensus_latency,VrjLzhz9E4x9nzxu6XT4mZ+dYcEeF5rHgGqirFHBfZg=,664.0
consensus_latency,caTJpo5h161GdYQufozcH26UROFUNpdgEM/l2/C86Gw=,664.0
consensus_latency,ez6ZpZo1Cy5T6e4RQRah91pf5KNQauydl+QgpgCnVzE=,664.0
consensus_latency,6/2mCG2Kn4ZnDaEb7KRjGQOZT3FytF7bABMzQo3HJMI=,664.0
consensus_latency,/HjDGm3RlAnmRYjqMgxkgTnoCEZFeqhXbwVBjBNcAFA=,664.0
consensus_latency,xZ/CsdgOy007HVCZpmJ5H3VJ+L17gE9lyVzHy26g+jY=,718.0
consensus_latency,yJQJ9rlU/ltZMZ2WAzz1nxDNQ+0XQJG5tJkZ2Q33ueo=,718.0
consensus_latency,Kkzdh6FQXgTBZmSpSt4h1rsuS09Cp1wQVKHp+tDKD5Y=,717.0
consensus_latency,dFg9zgnSwLrCLni/kmE53CydTXHHG2ItR5/9FCusvvY=,717.0
consensus_latency,jPc2/Fmpbxg12jP7z12VSmG2UWZ2vraKAwJRFM2/FlU=,717.0
consensus_latency,uyhQpGKXLBIv9EXTOBEs0YmVsfqtMo5dqhHtm64OCSU=,717.0
consensus_latency,D+Z/voPN9oME7nbr0sHze4uojeZ9Qhp9jJAs2FyiCEg=,717.0
consensus_latency,F+2MCPr3i984gelxMK0mywCXpbtD5vUJae1ty36X+24=,717.0
consensus_latency,fF6532ZkTOQkHYHDfQstsiAw0m9PgKwZ3SOdQ6m5Klg=,717.0
consensus_latency,gzff1Vfdhj2aQEM++Zy7cVI4Wb9DoU1pf5cuhvPkQgs=,717.0
consensus_latency,t80y1DA4TrnR96+6Csi//T35hru07YhR6ALNr3l1S+I=,717.0
consensus_latency,AcA1ddeIopZbhA2i827xPHMDuK1Tl/Xd8GV7CgExmOk=,717.0
consensus_latency,y9fiP2EmURnkR9eKrFFF1YnfIc2Au0f1bHmlVnNDfI8=,717.0
consensus_latency,6ccpsIPWmr55b1kTlv5wkYWQx+AYT/Jqlm45aZ2QLMg=,717.0
consensus_latency,75etdOT/tbCMu2Qa+KhjUaas0SQRmD6aTVWzA//WSDg=,717.0
consensus_latency,9Bo4bIMIcw46Cgu4Ro8A73DW39bhGHfUlXwB5kX8T3w=,717.0
consensus_latency,O6G/J6UJ4ruMciPj2DjjWaGO2wPi6ysPknAYfD8O3II=,718.0
consensus_latency,WBPtDzSxTkzdxL9XwW1wG1Qi4+dWavGwHXTNyjjWurc=,718.0
consensus_latency,gio2AzXhJghJmwAtilM0ratvSaEyNR8oew+BLU+YeCA=,718.0
consensus_latency,s6dYI7lt8Ff8ehQArKHtXtSHdpX8iTr43jqUcd8NlDU=,718.0
consensus_latency,z4t36sNe94CjD5gJiDhYOmDUhC/DPca2tvb4QXTDPPA=,718.0
consensus_latency,Gtdx9mq13JDECHPAyhXTXRVIvCP9qqqiVzJWB/DLdIg=,717.0
consensus_latency,HF0MbIQTa+86As4+uJzmNIsb+IEX1gn3/6vfcKX9LkY=,717.0
consensus_latency,IeE1eoTPwOLY/PT+cPwGjWh9Jj5i2cmvkIKLGnxT0pA=,717.0
consensus_latency,MQOcoAODgwnfONu+tZZ04bhUAkh9yxnzNAe6BtQrLFo=,716.0
consensus_latency,VSLlvuNp6kmI2vQYzbrz9KSRCY5c1X9DOc2/PrFrXhE=,666.0
consensus_latency,XPvt/myHSJLKND1VYgCcSm5e0RADaJd6oIajOt+cwx8=,666.0
consensus_latency,jgk9Enih1WjfGLed+T9oXLRTxMDmJFxcbJwajVaj2DU=,666.0
consensus_latency,79aoNkzOzIiiQHwYxWjkJvmxsYWWnJjVITTGmeDqYUI=,666.0
consensus_latency,CJLQLbdPl3JIpVCNT3OR2/hoFS7GiOq7nO0Y4ijtL3E=,665.0
consensus_latency,PsKT0g3NLBkXQqKzudpYKRXGL5SLlLka9MgNbQp0i6g=,665.0
consensus_latency,XCREP0bA9kRcMU1DBG161B6C7hCZ7W/vZTytUFgzuhk=,665.0
consensus_latency,xcTNd9HvgGUjcDxeCg2EKdHSWlq5BRFQDaCzkUYI28c=,665.0
consensus_latency,+1EAYiTi1ErIoLc2bsDRiiprjRCVDzdqehjeGSWFWQ0=,665.0
consensus_latency,MMOQN/R7w2neiQL+q1lGNl3FPA22XrU7ZLDzkDKV6Hs=,614.0
consensus_latency,kt29R8wlP9BcB82pFDYty8kSS8PBIjXtJX3QFCnNQQ0=,614.0
consensus_latency,ET1U78T4Yo7jzYmQeIMQjqeCiij15OtL4UimOZrevaA=,613.0
consensus_latency,JNbLRxyKkGC1+Go7P5FrZLdxhWQriRHYRBMdyQGaYhI=,613.0
consensus_latency,1cX+BIPkHPiXtE0NxNA1Ne1md/YJ1I2QYNXnVeu905w=,613.0
consensus_latency,C/DdOBr9cj1n66H+Y0yMudGzsUPD66HbsyFRtN60kFE=,613.0
consensus_latency,tfPy6S3aXeif+uCpkpeTkGArRAlauL9051l2l+/nVwo=,613.0
consensus_latency,H8MfUIBxyKiD3+Wig4QWgTLgNCY21DW97e9C5mrJJMo=,614.0
consensus_latency,hRdfa7bM9jqulfstUsBdD6I1baVu6esaJ5focWdiQx4=,614.0
consensus_latency,0PF/yl3aSaaNat/jnCuk5bGbc1n7VSlzggl4+rQPqik=,613.0
consensus_latency,MxZrfUyuDQ2qEsGZ6X+t8SUmwE7VpICZca6Le+Lm+CQ=,612.0
consensus_latency,rLaxPe1wtTZ8qGYjAnXHLFkIXWqu5d/gTpUi2yh3TFM=,612.0
consensus_latency,wF2ngoombKlQMQ872xMr8HZFrxT+5Y6oVDzTiVd765g=,612.0
consensus_latency,UecKeCBOHUj36nyi0ly3gUUAigF+PEIqmH5UEIMJatk=,613.0
consensus_latency,Xs6iA1T6ZMC9rp0xDIV1Sjk0nq05EJ3SeeNhYsENahw=,613.0
consensus_latency,ZfLCoy0UNNTn24XrNrUQMe1bk9JpLVJ1eSC54r3G/v4=,613.0
consensus_latency,Pkqf2qnmLWdvDrhDQI8W/W8aXyNz1Dn3czXgUCqA/C4=,1138.0
consensus_latency,ZOpZjJIIkVRmN5b0VRerUQrenzPffm6o4WOfM76uL/0=,1138.0
consensus_latency,dHPUH8GNOG3tHGhItX5qkCVOiTJOj7aoplf7ZuZ6Kjc=,879.0
consensus_latency,hDg2ZuTGj4bdJxm7/sE9UejOAMmDi43Omxz0Dqt1VSg=,909.0
consensus_latency,yUyW5+jxp+u/di1LaErdp7CGNrIvUqTr0JhgA5IwkUA=,878.0
consensus_latency,+GVi50z6F3n8J3LjKcXKbzCjFVA7QVzFT0xbyg5r46c=,878.0
consensus_latency,JU51ysbJI4c/V0JruJ6DXBFV8mi/X5sqxnr5CZipYfM=,908.0
consensus_latency,51IZbU1UrzXNg/pS71+16o+913+31W9MZfi+Z/6QfNU=,908.0
consensus_latency,1zHAQs9ygtanAG4bWHhlrhYzcCvZz8YvO83aAGm6K+0=,910.0
consensus_latency,daHCgQ0mZZ6ik8+oXBpa7FrnGdoRy+dyp9a9WxgHMGg=,912.0
consensus_latency,eIgDXd/n3Op00ykDCgIH2vWvSEyzvcfjqDE8abAKhpI=,912.0
consensus_latency,DzajWW58oplDV8WoZ6napqRFrDyBDHmv0nPPuy9ZsDg=,877.0
consensus_latency,tSz40QR/dP2qpZW6CVDayDrjgp7E8vmRpIheYDV7RzY=,877.0
consensus_latency,EdtvvH0tmNYhuYV2AOVPJhsxxxA7lhI8634PWBh+dyg=,909.0
consensus_latency,nu7MnxFMfYk8G85BbrxJnJi4QobaCfbKBearumS2plo=,909.0
consensus_latency,CoLIPsGRHbEspeJ63MDMo/PTXLz4a8JIJjQSPTypT+g=,721.0
consensus_latency,PECGtfy/7JFwp5JSsUfbcF4awjbPyZN4KYdzMV1b1Rs=,721.0
consensus_latency,2Na56jQ6sOi3Vy8wGKqEDhDaknpkvAtqQtT27MPj644=,721.0
consensus_latency,/ZGfsZJpUQVFbWD1yshTMmHqPGQ7HZEWBIs+5qQbgZc=,721.0
consensus_latency,G1x/87wDp4HCevTlVvI6lyxRZ+fjbaC53mRPydFcamY=,720.0
consensus_latency,KtF8ctKRDUTKUUF5rFgy3htW46wHAH5HkW51i+kWDAs=,720.0
consensus_latency,K2xmw9zGFI8hjI4P8A4fMGr3C5NuDg3Jesvu2HCFTaE=,720.0
consensus_latency,5/jip6I/Do5jH58ygS938gAYgzw6wT+XIvNGpaXVxew=,720.0
consensus_latency,7Zc6E1DX8X7R5ycDwAXS1PJGEJHnjEe+xPX04k5zt/k=,720.0
consensus_latency,HSdv+f+UW7AZuOLGipX2dNY7CL0vKEtICCLWIRE/lMM=,721.0
consensus_latency,KZIFs5wE/XfVwcJfEWYqj4B1RJ9WejmBswPJhTv3cTU=,721.0
consensus_latency,nUEqDZS59NouVA41kixrTYT13nOTBqRby8zKQPAJ1eg=,721.0
consensus_latency,nrs3kwlfSi5W8c9X9vdci0+RdvneveAfKrvDoHHzIxU=,721.0
consensus_latency,xvOX1G06dSUka/I5+Bcg9LRwnEncIvSnGbBsVpKoAD4=,721.0
consensus_latency,GuNxBMnl7VK0+uhGrLR2AKiaNVAVh4ONosR1iauLlcU=,669.0
consensus_latency,KzpJ+BE6aBmmE2sVTrjbtxqJt0fTqDSn7Bp+zLazats=,669.0
consensus_latency,L2z8ow06Z16f7OTccDSHyMETWxUhrVYaa+oWAzTm3qQ=,669.0
consensus_latency,3yJ/KOmhKuuRdtCbCzvBaZbQuRSITBCw+8kILKPBIAw=,669.0
consensus_latency,4ECa5kaYihxC7PUhwdmTfqK1AZu1s40FP5MCAIORjPQ=,669.0
consensus_latency,+uTUvCkZtGlU0+K8O4PRUIQsKglK2JFYMyTByTufZew=,669.0
consensus_latency,SWzZn6lgKJ5CFL7gfsAPZ+qBvxpesseJe/Y6VRjBy4I=,720.0
consensus_latency,VZM1NDJnjgtTV2NzjVQgE80rSMmgSwRmuyVMuWY3U60=,702.0
consensus_latency,cL/wRS7LPPHHEEJ6K9T4lpQX6tXWjbk4Wh4Wp8qMmAw=,702.0
consensus_latency,vrJY1Qn9WUh8O1HujJc9pDtYb3z6sxNZd8aQqKE/O8M=,702.0
consensus_latency,0jbusCaVcA0Y5HbuEJ3C0Kz5FvJyLYjGpSYcnICMO0w=,702.0
consensus_latency,GKXDQfKS5NUAfBTJqt7F/p28gReWBxExUtGDkcClRWM=,721.0
consensus_latency,UsEA8Ch+Ae1gAtq3oXcSy9EKlNNMCxsHYRYppmvPUcw=,721.0
consensus_latency,b+pWRvld+zHAMYG7U8/Kp3KDbInlFea3vZbXDnjt9KI=,721.0
consensus_latency,qTSQUUQbWzRRc6jKdr8SoWbZLBWZgFFNK6gabwf4COw=,721.0
consensus_latency,69R16/Ui+RlnRV+WTgVkJM2GElklxzteKnx9/4IlFus=,721.0
consensus_latency,By6RLMtsj1uBoaCFjYLoSdin6s1z5yIIDbmB0AJVqNc=,666.0
consensus_latency,Ix7IftIsM6AbTJFwAveH9WnUWbZfmoTgO7aebsiClbM=,666.0
consensus_latency,L5EL4TJ4AkN9WfYCm+jepaCdYs9q5OOcPL5C3A4YE0M=,666.0
consensus_latency,7cpLCSwImYyC8uuplSy/8XFhDnKRINMqCvzpBkGO/u0=,666.0
consensus_latency,Bc7LYwkrq/4mS9yZWcGJqn1pBAhdUj9WFjBum74CDN0=,722.0
consensus_latency,EiuG86F4W0VINUZd/j21Qf9X4OBx8sRhRQNkW3fUCps=,722.0
consensus_latency,tFeiHYKrkoKkf5N6Z7hecp0jYC2ihVgqJQPaVrChFYA=,722.0
consensus_latency,uTtvsfiLWS3bT189545vtRiSLCT4D/TPEzND9UcALM4=,722.0
consensus_latency,vrHqwg68bIUYWLii4l2yX0WKq0b/Gw8DDYKdEGXCCOA=,722.0
consensus_latency,71soiMJIoDUBkeg0bWymzoWqGOpDCQtA4VvO0Tz1D9w=,722.0
consensus_latency,mqy6YHU3PJTCuRwA8g1CoVvEu3QyosBDospyZPZbr/8=,639.0
consensus_latency,zEaoVik5vVv9dmivlKOJWMgVZg9J/Zn+ivbeOGu73uA=,639.0
consensus_latency,5JPmrvmz/zMmT/lSVvrQClh3oP9ls9y92Xr08KYKRFQ=,639.0
consensus_latency,jsF+xIziiXZt3BlU8N1wYbAAhuaubUg4kHbveNkq+PY=,643.0
consensus_latency,s/U3yJA+QYWlJHOd3rb6WX7cZ6z3PiGrW34gUQPPtLg=,643.0
consensus_latency,edI+JaxR72k/7QvXHtgSR/yJAiNPJ6eBH0UAdBctkK8=,639.0
consensus_latency,g+vaqvCHCNRE9O34xA1+hXpRJ90Ddv3I2H1GmAXdpYE=,639.0
consensus_latency,iFoJg2FHE1hTQmGBslcahbqSsbLK2llyKWt+cDGwsdo=,639.0
consensus_latency,P3Cip3nCg6FK20MuxVQJnvz4donN911Y9VYNS6P0et0=,642.0
consensus_latency,k01P+5hXAHmMDKjliml5AZQ9UW2+FWs51Sif825xFAA=,642.0
consensus_latency,loPwt02XvefZ6EdgjLN81lb6v5lJ4Ws+G56EvK5JMfw=,645.0
consensus_latency,wk2p7Fmxfz6uMwZBRTC5fUFxwHVn1LAiHemIrO64Wxw=,645.0
consensus_latency,Rk9cdZL5ZEeYcqlKz6QoaveUtT0JPERePgyynnatbDs=,616.0
consensus_latency,XvvO+rHol8xH1P9/7AQRmDVHh6amousXewXNC4NQtKc=,616.0
consensus_latency,gnceBELR3LYdUmzSHPSH1Q6wOlZultudXRb9PutwRdE=,398.0
consensus_latency,vAMF3hHZ5ANOf4yLM6rrOijfGfn9UDnguWAWJaqDp/w=,398.0
consensus_latency,POjIChebdU6TPD7cDqzaqpkCTqek/faoEeyJ9Gc9qG4=,1521.0
consensus_latency,RJWpwwTh04nknU/JSbKUyj2QIp6inMT4aYbX3NYNrAs=,1521.0
consensus_latency,aX/c9EGWiu0epepJeIYf64j9C5FtqHj1UiiVwnkq830=,1521.0
consensus_latency,f7H4j7fF8i6h8klgRU/etQ1uJtYVvN1EgAICyUWvTEk=,1521.0
consensus_latency,/n+BMImjSJ5H2pd/Gi4/OIraVWDZYs7KprYjD3a69Bk=,1521.0
consensus_latency,UC/3xaAiv3HfHPt/vUSVOUwx2jhNt7c2XHAYzwQ+5QE=,1471.0
consensus_latency,yXo6j5dFmzfo/n9Vfio7ALdsU5JSYMEKenBQTrhZA2M=,1471.0
consensus_latency,k4NHxzf1FTG2c6h8tzbF5P1+HyWIHbu5cXwS5+M2TUE=,1216.0
consensus_latency,+2RYe4TLjm35ZSc0UaoiOwIjeMuZ9dtcoZiipwSn/4Y=,1216.0
consensus_latency,dsEXN8dpf+BAU1tBcgsfBK3jSfJll747qim3XxfOVwo=,1252.0
consensus_latency,I/1ieikQ2M+IYvZNp8OmPyN295y0UfOyR8XPqdqbrao=,1214.0
consensus_latency,9BFUtxAFdpHDUwSR8qY9WP7IOPzbyT7Otdk8IT83JU0=,1253.0
consensus_latency,Xd9mp/byZPLHpRItonBPfJ6MNiv8DkB+73QVQHNDlho=,1216.0
consensus_latency,ca2Evv2InZqKD4aTsjg/g3xPTmnmdPA51NDHTRe1j5w=,1216.0
consensus_latency,qp1j2+hvh1WRlgwCw31OjtDDBl0Va1SLsefQRENA8as=,1216.0
consensus_latency,ntypO+YfESPAZa078ZQFQTu9QpAA2WS+VdLZOvC4eAo=,1245.0
consensus_latency,z+69q3042m5YhmVopyn6EUpihNnbhp5aR01s7c3UQS8=,1245.0
consensus_latency,PzmngDFv+sByzAR6Umly2NzDuYW8AJ9qXZTQVkcrppo=,1259.0
consensus_latency,Z7RUyyUyso0EVtbI3Y1GOPmosoK0+Ed0ZaSjn5CJ+Tw=,1259.0
consensus_latency,ICL/SxIxPRaFKPZsc2jewFOjh9f0RHXi5hkmoFYRZHI=,1084.0
consensus_latency,OvD6rHJUM/lCzKBbfTL+jTk3G5orXUtv8wwW31opW6U=,1084.0
consensus_latency,VjguNhC3pNk1Fl+fIYLIo+JOri2Gk7Rt6ahgMSfON3M=,1084.0
consensus_latency,vXD5mGBZYYGebR6l7OKFx3tBZ7I/QbyKnpc7SMQkl1k=,1084.0
consensus_latency,DqZL3TH9myU7u1yeLzmfvmalehZXni11Gy8TYcsAfSs=,1029.0
consensus_latency,jtDi4yTa7XAsVztDgIMuNUUiOyA5Vu8r7e1mCG895/k=,1029.0
consensus_latency,tPgh7/vsGXKtmYV6RJ1SEoSL7yhz0ARa7m0LLbGNHjE=,1029.0
consensus_latency,zt2fiH0Jyc47qOImVG8P6gZE7i+wgBBqF026OsulORY=,1029.0
consensus_latency,8A6O8jbxPZTQnp2WgkUqNO2CsNhDfkZ3NYhs5nu4thU=,1029.0
consensus_latency,bh1M165zfVRBGR9HSwUwkESGwFydJYo/ZJ7wW8SosNI=,1030.0
consensus_latency,uigRAlo7yQdmX/xVp870mSvd1oGzScNz0sBm2MmfPgw=,1030.0
consensus_latency,5XJ/aJ7Tr0C4HX4D/f/e7ZRI2mLa7cI/cCIB10Iv/no=,1030.0
consensus_latency,ka5dyax+QjNQ78O/8bCV15lGKhz5dlWb2JnPfcZP7cM=,1086.0
consensus_latency,mwYnjljGbyyxqzpZHJ5K6mfDY+f64UCtx1pzFjmSfuc=,1086.0
consensus_latency,vexDjqw8qFgRHzudMs2gOdPcR+OpgYz1X2W1aTzduMo=,1086.0
consensus_latency,wFRg05sFz6h7OGIx9vlmLfy4AyovYLNSnZ7xacQEM4w=,1086.0
consensus_latency,2nnzqJRffRJuDfFvyPKDCKGkrTJzl1qekUqyXiAW7Uo=,1086.0
consensus_latency,Bcez2ddSkOpMFM5sIGQrNbQRau/Jg3nVtacKRg1ZQn4=,1084.0
consensus_latency,K0mvRDEneFepOu/a4HvuL5slVVW2RvZbdikeujWK+hY=,1084.0
consensus_latency,yal4hnVuohIv1u3Vvxcx1AdAprzAG54H2gpGEfKOUS4=,1084.0
consensus_latency,yyOyLpopNTNPsP8WbtB6CQhDXvmTXGaAnrNcMQskehs=,1084.0
consensus_latency,IuaZvJk6M9D7AMUr8xGMsuaEnipyOqqoMRtjj1oNaNo=,1084.0
consensus_latency,jRSeMA7FU9zmko5Pa7iZ+s/PJB9XZjXbKeD7xq7gqRg=,1084.0
consensus_latency,l6JIxlELMiU2/gtJFn0Pv8yDdFh+xSvrOXPp2HR+ESY=,1084.0
consensus_latency,pmAMlvtjBLArSlfeT7bWehiSefCq5T95ou91nRoZnKQ=,1084.0
consensus_latency,3d5Yas5b07FLNLOS2T8g4RA9QEm0I8AlxEOsoBYPf6Q=,1084.0
consensus_latency,k2aSzLtG3hNnbhj9+7EEY/yC3S/SYbK8vH00cPsfbKg=,1085.0
consensus_latency,sVE/6GDuKRgjc1n2gxM71vC2Y7NfqyyFeQ2gITJLFMY=,1084.0
consensus_latency,xnJC18tip0AYpk8GLVjINPCBTtgezaRAMukDYpvoWB8=,1084.0
consensus_latency,9jRy+th1CRdxO2I+GiyVZSzzOHkDWTf8qssU8bgOKGY=,1084.0
consensus_latency,R6OHk8VGXK/NypPiE61/0Ldre4bHPsy68YJl5Z0DjFA=,1027.0
consensus_latency,eOdiE2Hnss/OxPhZlwVuAj2LlW4eM7yHVe4iK92Z6qQ=,1027.0
consensus_latency,+PJBsD+X1S0P47SSq2DBnP1lB70vWo3JTyIFNwHc/DU=,1027.0
consensus_latency,FIAWUu7vXMmmGqnnA0afUWiKTgp+Fh/FK5dwmToBhX0=,1085.0
consensus_latency,KE8tUR56dwL7W//OnxbqbLAkd2u0sxOtljA/qEf7USk=,1085.0
consensus_latency,ntzlDBfApDsGez8xZIE+PUb+/q5N50RDvexHi7mmTmg=,1085.0
consensus_latency,vi9oLqMkiT2UnodnMuDQ/9J3SwEDGL3F0JB18e0/uQY=,1085.0
consensus_latency,xxDGcOruKxD7UbfgfgegJoWbLq7AZVw5+73SPdEHC6s=,1084.0
consensus_latency,5wudham6cpWfXTMjt92Ag3//ysQ276R3NeRtJqD4uAI=,1084.0
consensus_latency,LTbchjhg51/P3m1mfL36zBI82/ToDVoZAyUeb9y0aXM=,975.0
consensus_latency,PTt34B7TBReiTHTw3DfRWF0JBPn1rpZirLqyF6xwes4=,975.0
consensus_latency,gVAmYtjzZLr0lWttTUJM9EClahv5s8i/j9viCrKRFtw=,976.0
consensus_latency,gXgyauoktd1o+XybDr5pr8u3n57fX/XSo3a8zDduPQs=,976.0
consensus_latency,vI4HSyF5PFL3PWQfUYB1uzqsJKHb5/gWxuUVlQ/p+CU=,976.0
consensus_latency,W4/1ySTuZF8E/ZqlTfbChhXScHRlo1mebK5Erg1X64Q=,977.0
consensus_latency,rl3yqmT4FH558K2nlHLkacx8K/ogOkaH1XRWS4u31mk=,977.0
consensus_latency,PEZmh21bbpx9pIdIG3JLDFsscTUhODbr62XoypkSVVM=,980.0
consensus_latency,j+V9HxBHpChrBrbYIwm4e1sA9bR6qagRDdRf/bKFT1o=,980.0
consensus_latency,HvpCatjwFlvpLDRiNRbAOSqwdhI4v+PTv0kGgu3sF7U=,975.0
consensus_latency,PARBdkUTkN0Kdk/ZsC4sEplos3cM39gSSGwnrycPFlk=,975.0
consensus_latency,jlR75slKDErt9FeqC0X8NNzORHGdJUtX3AiDlFYu160=,975.0
consensus_latency,PGGY9w+pLgosR/02Y6ThGST2TflnxpGP4bezj1Tv4as=,975.0
consensus_latency,pAkc2SCTCzkC8BmLGIJ+90LcdwBjX8E7lxNWFJpuWh8=,975.0
consensus_latency,9YYvaedD5/8qwHlydBHCTwoS9IA+ghof1JdLzRQ7rBo=,975.0
consensus_latency,Cav1F/l5kQKzzNVsqfpqeNhjXAvzwvqnh9uMwRBC4Wo=,978.0
consensus_latency,IhsQr6VuL8mUj+LKKyJm7SlAzzWBj6U55SzlyQH5WAI=,978.0
consensus_latency,8I1BH9GsNtcz9FCv2rU6Im11L994eeFI1bUX4dRNEl8=,732.0
consensus_latency,QlE3L0Jo0Pwoju447pdkGk35k+k1YFTNWqdDNyHRrEw=,1298.0
consensus_latency,URUHayVVJC/VVtChbi6GSvVn/FdRwSc6jSu5jqqSPDc=,1298.0
consensus_latency,S8v9VB7Coaw/RIbdT+L28dCviE5QvzHuG3wb/z5UZKs=,1053.0
consensus_latency,2Hoyi0DkEDUuxQdPiiP68ZTeP66m2h+6Ay6aGSTs4Zw=,1052.0
consensus_latency,bZf4/BtY0t3rMZJDr1u2FyTLdUwiEa+m2OV/H/ZG0dE=,1051.0
consensus_latency,crblYbi7FQjfdMZWMrQRV7z1uWON3qasa6YNF1A1QoQ=,1051.0
consensus_latency,IeyB0FT5vOYAynEJVjTAZ+PUxop9IlV4xrL7NjELozY=,1053.0
consensus_latency,Pn/chVPFX7U+nWtghUsCX/s0e9zIEMuJgMlmwK8KgqQ=,1053.0
consensus_latency,J8F2PP6rTyqdGPvmdgtd+DaCC8iyGfiUCrANDYiNd1Q=,1049.0
consensus_latency,rmklGjN4/xb6Ni5a9mgJHTrUz3zLUpvIVnqKg/MgQZs=,1049.0
consensus_latency,NzyMBRpYhoNEIxAN9PLwrasMFwGio+G6JhZC596f7OM=,1048.0
consensus_latency,4Kfx+ekXe3hIJuC9vZlHzjO2sP1B4uWAGBIaZKJo6A4=,1048.0
consensus_latency,/lOh8zbg6SFrxXx1zxJ5Mkr7lgB55ukiYU3zEDprg0c=,1048.0
consensus_latency,vpiOnewoCg/kApO78LXOtvbEAaQZYM5Qaeb0vNR+KjU=,1048.0
consensus_latency,xfIZIZk2r0oxzOdBR5S9tT46kosWfN+HK3SL2nV40VA=,1048.0
consensus_latency,gvhjbzX+s+ZxbZ6iXcCBlFdOUqD4B5jJ5J/NhrgCAco=,1050.0
consensus_latency,mZEGdlf/9HeDpUU1JW/Yam3ho7nwJCkcutociDP7uz0=,1050.0
consensus_latency,GsQm40ln+zKg1thfCvF8SWRx9W131IPgJSFYQFwMLpE=,1050.0
consensus_latency,bNOfZ64pDLfyGGS6DDiZHa6kX+7dVP4xNw7RCmbJr10=,1050.0
consensus_latency,VNrTWkgZRGXNEMJn1XlmzHL+2FXVDAjWfxA4kxQGyE8=,888.0
consensus_latency,fQcbi8XoNwj4HuCyhaRXX6pw3sW7WfuSNZ4ujOOxALk=,888.0
consensus_latency,gGUsjruSKf1PYANWzazsqWd9QA0fqTS4EA2WaNxI57I=,888.0
consensus_latency,3UwXTiVRSHCZJc8f/QlXuWYYXvCZOHYaS91Iq7O78jw=,888.0
consensus_latency,/abgYY70mlS3ezMoeZCE0ALgCnvEPqizo830+OS5sNQ=,887.0
consensus_latency,DklIu0qSJEyDvu6vPyVrkTns0A6inLC8yFKg+6AWIRU=,835.0
consensus_latency,Qxw9DGp4CNcWxhPX8BN/aMJ6Mn5+BKxYhwCOCPaKq+E=,835.0
consensus_latency,YjsXmOnhVmGHpmXsj8nKGYMW2azIm2m0ZFy9Qal2p1o=,835.0
consensus_latency,pYU0q5Is8ObEc66k1b1wBFkLF8NL5NBt7s3M0SuGsrM=,835.0
consensus_latency,DAKBRF2sGlreMpZrDlB0HraQhy81ohkLa0rUSfs1+7o=,888.0
consensus_latency,Waz9Bvxno1laz3k1Kzzsz49UT7ZX0+D5u/hEk7pel+o=,888.0
consensus_latency,hd4CaCUI1QBBOG096dkr3aDEQwcd2t150UImy4Guf9Q=,888.0
consensus_latency,2xdxa4lzr+ay8PxVCtFi+4tPyha+vafHBvablZAKNtg=,888.0
consensus_latency,38MfjK2tCFoHgzqBJ4PYRqnUhGvs8hGh1BwgY8XbJXc=,888.0
consensus_latency,DrVF8xGN7/o+DvAjluXnM/JgyMUNvrOqzaHybi1SC6E=,889.0
consensus_latency,TcgWwVF7QBl/g2066JEFrJDiXj/Jv7+GEPBMwG2hRmc=,889.0
consensus_latency,kSgrh2hrvELF/C9nhAJAQhvJNU4QNBO8Cj6oTWaAeEo=,889.0
consensus_latency,2qGpt3EiM1l4As04xbWo3l5jWRjcSdv3tqzRhyHKimo=,889.0
consensus_latency,AB28AJnpOUA5voDQv67GL6Ql7xDiHXt0yn7YBekrxvw=,887.0
consensus_latency,WYpIZyQlfoz3h0jzeynZ3m0G72tXUf+ePbp01KcfL6w=,887.0
consensus_latency,n8IeaSY5lCFRBL/o6ohq/mWnLxy0OMfIa1wIwnqtN3U=,886.0
consensus_latency,pwnDJr6KKPZ6H3XicM8kWYg9kSEPtQvmroF+1iyrFPg=,886.0
consensus_latency,vfmBCnHPvAQ+9Ht0Q5cP5TRKLflZBWUpd6gEXNrpYns=,886.0
consensus_latency,0jULpi0EDzud4XZyLImVuJ6VxjH+anoLNXjcMIV/e4w=,886.0
consensus_latency,T/veF1oI9fi4PEWetVJTbt2Ra9gle0ZBUToKdUP93T0=,833.0
consensus_latency,nw8b6uUGjCLweSyM1xQxmU+j4E8SdwZ6LKLxKOyssv0=,833.0
consensus_latency,vrYVtgbYSZbBAWaRtOxx9S/mA4gpVKJsnaGHF1lrpEU=,833.0
consensus_latency,zxQ5NwAmCdCLfp23SqoE4jOw2gI5qU3q2rgebr529sg=,833.0
consensus_latency,/2zL+iRl2TfoN14CMGuI5/tK3rLJVcj8tz6yVcVkox4=,833.0
consensus_latency,GEVExdTaUU1UrrPGJSzCioyWExQxsrq43ROowd/yWgY=,888.0
consensus_latency,K7Robhlld+4PvMtln7vZ3PVPsK1BfVZCDWHgu6hO08M=,888.0
consensus_latency,2IJvloN1afaUBnbHj5LPvj5MgBjhKO7wfhsRemnvFcw=,888.0
consensus_latency,2WXXOVDvD2qQZSxoeldjb3mdJLUyglftFnxel0YjTSY=,888.0
consensus_latency,TFzoO8Bd9CV/vD3sF0i13Qo445YFezmG1I7vJdcM2/0=,888.0
consensus_latency,ZCVALqpr+mFvbRt6y59eQTiGIKYCyoU8+dqQoNmzbEs=,888.0
consensus_latency,duRjyruEG55cCG+ekuRcC6J+XVnhFMN6J9jDHnrCuRA=,888.0
consensus_latency,5aiiWgi7FpzRV9gFvQS4mYEwltJ6L/yaLQb1Y76oTNM=,888.0
consensus_latency,Ch3JImrZoktOV3ILt0+v14sCDsdCwKZ+mT4VXpTzD40=,838.0
consensus_latency,dvWSr1NOXwJgX3fQ3KnaPNJbkLAwA06uMP8OnWBuLiI=,838.0
consensus_latency,gypVyftsP2I6u9DbfljKGM6sx5yL6uJD0+X2A8rPz6k=,838.0
consensus_latency,oEkWzAwkl0bnIu7FJtA2w04CQm0sHj0wQyI92dkTpIM=,838.0
consensus_latency,9+SvAgTpv4Ep1JytYuSCu0hY0lwkJ43jYIMunmumiqc=,838.0
consensus_latency,ec5vVayRwZnSc2GIKsOser4eTUsIWp6zdNvkcaZmgM4=,811.0
consensus_latency,biEVBxPghqulXJzf6AjBkLa3c1Z30LOuZvMCzJaSrk0=,806.0
consensus_latency,1taAbNWsUHqlBU+HDuW/4RTNhIq5xyCWaX4Sbwxgb+s=,806.0
consensus_latency,Rq22G2LnHCxC6ExZyOmswezieDfWxrZj6bsjbY8Jaw0=,783.0
consensus_latency,6U3IkVmXIhh0zOFQVs7NcuLI63N37fzqZr3VCv8WazE=,806.0
consensus_latency,9fpYvtP5AUvegQk8lppmS0ttZoMbQZ1KbqTH0KNXktk=,806.0
consensus_latency,Cho5ilY3LKeIn4KYxEklnoWjlEZkjUpXcFaTTphKkTo=,806.0
consensus_latency,iXj+1RZBm3XvuYT3s4zPAiUGIq9OpUevMqtJyQ9CPl0=,806.0
consensus_latency,Taxfj/5pYnDIaG2x98R5QhvkvSkG5WD48Xj1IIcSwzM=,807.0
consensus_latency,X8B0NzlCivoQ2EBcDLIzQFXGRCxCSjI1+BgQqZ5TS5A=,807.0
consensus_latency,lh33AYQbCJIW/hojxuCOcSxxgGaEOrZ5Oy83m2oENwA=,806.0
consensus_latency,msE31OhAV+8pkhwdr69OQUh2zqA8L5L/yDTkxLTetjM=,806.0
consensus_latency,ILUJlJTyHAmVLlIaGjkwAZ6l8ybPO4mPfTvt69LaVZc=,544.0
consensus_latency,/1B/JBu5E3uTzFK8wy8ZOZgAsDyYeBL9B91CG2ro58w=,544.0
consensus_latency,W/QkU47nGmzMnqR7ANYSL0nt/lProb3s746JndMH4vQ=,1642.0
consensus_latency,kwx1mt3yRw5PdeUeoOpAdq5quj7q3QuusdAQYdKVYtU=,1642.0
consensus_latency,3TvNo37kbNvZvVJdZ7Na2X+ABkHrJbuYcAjn0824KOo=,1642.0
consensus_latency,F7hKIkLCXk8jpF0mbPkPbTNHzvDfk0Sj/TrFKeNuHIU=,1643.0
consensus_latency,M0sz8Skcwh/F0QdlVuehwERDTiP3uOYb3F3RORe+aAU=,1398.0
consensus_latency,b6jfCqlYnOb6xNZVYTfOqHxXYq7zDksUZiHO8VluLVg=,1398.0
consensus_latency,+mWJxTKbA5dzXjBFrF3gMCbcPMOZkBEpoxBOzZbjy3o=,1398.0
consensus_latency,Z/leiw88ZPSNq+MdbA1hIPwX2B/yyD/jtbKUxGs+y6o=,1389.0
consensus_latency,3qFKMewliC9TN08EvD/MBLg+FOPAiB5W4TlV8lHTmoY=,1389.0
consensus_latency,Jd1WLRHCDiqYhPrKoZ3mPo4s14ntq9DeE2Q8o+oskt8=,1390.0
consensus_latency,VfbsBL0I89nsof0IevzRWjXjBszMBaZgrc6vZWAJv6Y=,1404.0
consensus_latency,lPfeAlJYlvR5skDdC6CinLQSPf51f+zzO4CglWSHOzk=,1405.0
consensus_latency,9/xDRkPYn2LZ/1TDFVuzxDdyJB+Zge06BIYvsUbptdI=,1405.0
consensus_latency,1BWQP4TsF/EE/Vw5T84XMlR2g6LFVv625OvnDo/P2A0=,1398.0
consensus_latency,7dz81r2r7GYWS9dRwp5LADWXh8/DtjvIvilF88fISqA=,1398.0
consensus_latency,FM026K9Bpwppwl2yL2qE6Dsi2AWhxmdC9cTtVh42rEw=,1400.0
consensus_latency,5m4B2MLJnJlwMWMBsvfkKtgfM+ShKkTYsz+DeAaveT4=,1400.0
consensus_latency,ExYHzWzh4gcWnuBlO8HFsUPYCo3ACTGaD6xjywJuGwE=,1401.0
consensus_latency,W8yap8lgtOuXiVf/hu8V0AwuXRFRHtShEbkRQZABeME=,1401.0
consensus_latency,KeROXJf964nad9ev2E6oRSKoQnUlI2YwGDBV8ReScoM=,1234.0
consensus_latency,qQH+O1hy3fIRTJu+Ogv+O5hyQcH5YGWuR+8+3tI0zlg=,1233.0
consensus_latency,rrd5GNS1QcBPwRXO9m6j+UVfFIX0hd+oNeTS/Lj+EMc=,1233.0
consensus_latency,1Yt8Wfg5mu5ZaVPDjjTu1k+7y8DBRkdzMRrNnW17//Q=,1233.0
consensus_latency,DfEL5RbZqFAx/N6LJzma/BzcQmPOJdF3p6aA29YfG3w=,1233.0
consensus_latency,KkI7dTql5vhkjpFpTUKpQA2r9X6ZCSBUmJPYlwSVPGU=,1233.0
consensus_latency,YOJcUqU47cxfJO63iQy9b9aK2NoFLrzjPpn9iP8udAs=,1233.0
consensus_latency,gwFn92ut0wZ1+pMggX3DnXtuHbXF+R8WIJa6YKykt1o=,1233.0
consensus_latency,V8eU818eGpGcEYE9FZ3/3La3BDBy07KhwsZEpMoEsK4=,1233.0
consensus_latency,zxiMp/RmTqnYCA3RhL5c9TbuMbit75eupG3M5DXwFk4=,1233.0
consensus_latency,2SQAJ/+0HAAZZg/4uRUYYSZdWpEMjbw9rcpfUsf6zdM=,1233.0
consensus_latency,2iQTV3sjwOejz8ctQTY1Q38p6IWZfepCJvnTmQpPpPo=,1233.0
consensus_latency,FtoC75POwGFLPnk06PS5nY2WUe3m8DQZzdJ3PAenk0s=,1235.0
consensus_latency,QNPcIK9wOEOaHMGBnXxw73hyGmUFxBeCEAGCkMUefP8=,1235.0
consensus_latency,zByBuF89TeoaAKvJj6t/lji4ksOCt7FibPbQDlo0F3w=,1235.0
consensus_latency,fFy1kZWD0zfud2iRuwI16MryjIgWTFp3JfZYn/fl+Rw=,1183.0
consensus_latency,vcMFovayzGDaT+SLb+Osa/5/dZ/DmVr5Hz83qkTNYqo=,1183.0
consensus_latency,2M4RFF4y+1OGSmwBGSp293omvKiT/6vc5VBQ3+N/pqQ=,1183.0
consensus_latency,/MLDpvN48ChsnVnYh1GATeFcDJMnPfUG13VRZcLV9JE=,1183.0
consensus_latency,Nt/IVKPNX5n6XGmSxmd2SSLafP5cZIB91LhM05EL7D8=,1232.0
consensus_latency,pLAYSRiIG68VkF17cW9XPmTW0mO1OI/B6Qu6MGU34fA=,1232.0
consensus_latency,xNHnd4X+9k+bXH3l0PSWRdzJToFvB9vaxNq33feCg28=,1232.0
consensus_latency,9JEF594ZXQyhTFWEuOmJ8WhQqLG0JPhf8Og98I7ppcQ=,1232.0
consensus_latency,KXlz8+lSbZkfrfS8J8H7LHXKK9457PYidn5t7x6LROE=,1181.0
consensus_latency,Vhlkd75uRWdvOkfTseWwbN77OChmQd9RR+wu89ct5yQ=,1182.0
consensus_latency,eLORRD/kcKtzIkgYBLav62/6tQGL01NZ7snCjhyclHE=,1182.0
consensus_latency,7x5S8Dcdi8IrUaYAu3CZBPL9kUGETrRWp4T0Hz+9ySI=,1182.0
consensus_latency,BCmQtZ1CdN3mApmF7sIkR0xLaAokWYExneMDCPP8U1w=,1182.0
consensus_latency,Fe0oVnobwYpvKRKGqqZjefofSZc7NSpo0V2lsW7XwHY=,1181.0
consensus_latency,Q/IF7TnMNks/k/unq0nPnZoLLuYGxCaEZwVgLHld+VE=,1181.0
consensus_latency,ZgfHXBuTFzrD55A49fJWOpkal/iIIe/mLgBmFTN5LRY=,1181.0
consensus_latency,xYStYNn0APQ+ljEJPmQPyDFyreKpyijzvRns8Hv/X+M=,1181.0
consensus_latency,H14p4SJ2vcymHIwjjwh4DW/UjusIwsYd8yRqi9xKIxk=,1236.0
consensus_latency,JgkTzb0XPJzXh6TFrSW0jIG7O9VfXSvUdNS8QFpTxGY=,1236.0
consensus_latency,RYR0MAJMZN6O2mxwzxg7j0vTj3YBdSw5LmioJvcNyBE=,1236.0
consensus_latency,cXyoCQgkLeDIpEdun5yD13azzWYquRV9kD+Fqdjt0tw=,1236.0
consensus_latency,sQoHfxR0RoqcsZBXf8luKbr+7lqfiTuB6LYJ1ZmKoUg=,1236.0
consensus_latency,uTPUtUlozQANdxAyNU3XxhuW5VxlWBVRoUkwMjTGOw0=,1155.0
consensus_latency,81iJ5vxaBtho6pSKsa/WPAIhzEWFrWiqNDZKop0As3w=,1155.0
consensus_latency,VwXOFArbOOGS+L/NU8Eys2vrf2+665NoGVqbbp31oRM=,1132.0
consensus_latency,gNremWt3tvpuMtaLJnpLbay8Ys/KgM1hPSSW8QCG9ic=,1132.0
consensus_latency,8n2W04U2sW/4yt79FrEndvzEL+1pZ9754AtRS0e2Gtg=,1132.0
consensus_latency,Pd0w9Vx3E8e3OR6Gxtz8TLxVwHkYm8OYSbjDLmASjWw=,1154.0
consensus_latency,vhyOrMAxfJaTYkVmgHhZx5m8ZhuBwPYYKCDyd99zGzo=,1154.0
consensus_latency,WjALe22mwv/oA4DPuNQEJhzrptGkSGt6w4pQn+VOT5g=,1134.0
consensus_latency,YEFYOdsNS7r2SVZUY0tMy1ZGCmrI1SEEpjdr3sSqW28=,1134.0
consensus_latency,0/JAC7gVmO+k0CIUY7i9cigb4swE4QdpFq7qlrKL6LI=,1131.0
consensus_latency,CbvL1Xu8OV/nTIt30ZURlAaEfyzbXM78hRXm5QaA4w0=,1155.0
consensus_latency,SXT2xOA0Zgr+t4xC6CVNSAFqYge8Kagq+hG/gAsBgBA=,1155.0
consensus_latency,XmQkGwHYb0+H6mcMCWgMgesMS5TlCLt7gFTLdWTqrhc=,1156.0
consensus_latency,4ozDIVCRAl+WFmpSahhGyfupoogNJG7MGLmAxcjklAw=,1156.0
consensus_latency,cznOQKvgIUtmVSE6F7Q3vdW1gEIGekDfQYOGwK2zItc=,1155.0
consensus_latency,sFA/RrrN1wNU4aFLxCeyvl83BrWJTQqFhe0pGtCHjUI=,1155.0
consensus_latency,KIMnLbVCMk+FF1oFVWU6z9++USrWT5jtzxU+lyERcps=,1159.0
consensus_latency,cs5fWO8Pn2MPUNAKOfq6wiwLTWveZVr4wthjzgARoko=,1159.0
consensus_latency,qrZIdF5vRkWZSStVNtiEn/hy4PWI5dQ+JlXRhoUVILo=,883.0
consensus_latency,GnpV4Xa0bVVZeeT1bMyXk8crSMnccb5v3QJkAHCH51Q=,881.0
consensus_latency,elHEvCDjXUMIjv0Duhrblq+E/j5QaqT304c8Rs6jODc=,881.0
consensus_latency,82A9QFrbRfcsgnckbgAyThnsLeo7Jajqoh5J7o5L5ME=,881.0
consensus_latency,AjcrFrW+Rt9cZR0Nxf7Z7xoJvUJZdRwdJ+K7qXOsZh0=,881.0
consensus_latency,Yd8q4gYHL2YCh6zXUqjSqXJIisWS5N1XuDeJMKSgyEk=,881.0
consensus_latency,jyI1eoR8AdBZHOB6E9f4TZ+X71nxNf587X0blQChedw=,881.0
consensus_latency,1vioRvHrLjpcb/O9fqraloSAlYQOdF5wyx7Y2RiODXA=,882.0
consensus_latency,CSGJQPjIRhXurZq04e4e1XfPi6dMey5mI9qufaIuJYg=,880.0
consensus_latency,T0kCbn/0Ja1v4whxbvXeb5kEp+Kto0jc61B76Pz6/bA=,880.0
consensus_latency,5lP3TwVIpqdB1KSCAMCqQDe5WBx8cIarRlpW+QSeI4w=,880.0
consensus_latency,92y+a9LQSGtJO0PNVDMDHvucNdFiWMqyVSpGTHQdybk=,880.0
consensus_latency,qUP35Rx903TLMjPMujVA7r/JHbqAs6bjxhSWuBbs0L0=,880.0
consensus_latency,xcvF/WGAURaHgA38F+tigMQjqsLhKqmF6GQ8HxzvQS4=,880.0
consensus_latency,hgtpgSptT5p6jqS0HFEQcc3UiJXSUaSdQoBysFIgpJQ=,881.0
consensus_latency,pUtdv/sVY2ijIm8YVdyL5Pc0xEOXQFC+nuITeyaK+DQ=,881.0
consensus_latency,HI/RfKbZs+33DZ6Hj+CDUeJy4sCUIQl0dOKwP/cO1Xs=,880.0
consensus_latency,a272JqZfe0K79iz4ljZtiwGgkN/byRoDdnuWcD4fpns=,880.0
consensus_latency,+CtBOJWhYnUxiVkuxzXtJds88kGMggN5jYCnedPauyM=,880.0
consensus_latency,GM8XJTm0J0JqF+tU2wySZAjp16Jp8XzrElt8vbAiF4I=,723.0
consensus_latency,wDjzlnA7yrq5CFAyHQ9AxZILf5zYiP88zP3USwhYkVo=,723.0
consensus_latency,6x23SYWjQkHhJXgpn++CCL7nVDONFHKHn3weT8fzIfE=,723.0
consensus_latency,DmkJX18zsgdsP5+FINDGjV0gnjrwlmD/EE2H99BPDXw=,721.0
consensus_latency,X0abajPbwUpAYf8Y0cqY/vSlaOuMdGLFPfamtB9CtQQ=,721.0
consensus_latency,qfacqtCCCprjZIDHlNa0iqSCfMVn23Q1gJIsAUdthUA=,720.0
consensus_latency,56O8XjpbHJ+YKaRBAgiWPN++tQvol+6xIgI5s3lIUM4=,720.0
consensus_latency,Qul2bkfNWCGxRUr/TMrNiggtECXCSIPeyGBHM+IT0+E=,723.0
consensus_latency,eO2k0OTLn2XAp+gg+be0cSYemKtlXe1+IWn4MZcmBNw=,723.0
consensus_latency,lXkXXksMfnBYtSGhM1JGsCUwsO3B2R3ZeRly55s8JC8=,723.0
consensus_latency,JUO/YmtFYRfebaAlLCfigOwQeeEP0ZlXvftiayTKtYk=,669.0
consensus_latency,L5vobBbLZH6OwcB/BsSQFttXEzkvNy24TtIWf3zFjcg=,669.0
consensus_latency,s3ZbVClvjubXm6p22Hz5fTz+z9i7VHP0Mgxjex8m1b0=,669.0
consensus_latency,3p0De4CEZ/LhufAgYoyUE4QLO0LkgTb3Ep9s8Ffwk80=,669.0
consensus_latency,6iReO7CQoRbc/+8h+CGEcbBq0PV9khRpvvILnzlWBek=,669.0
consensus_latency,Nwx/XHdIl33vbUuCIzSskkPsDamg2PD7nrEpim2kSxk=,672.0
consensus_latency,Zek0txJ+V2pO9ZnmE4u10GCLz0QfYTcVKIv65XcoYJ8=,672.0
consensus_latency,qdNiHaIXQLZTieOQxx/3HVr+uOOt9GzTnHMbpsdsyhg=,673.0
consensus_latency,qznPC6Q8vzBxHNfEeCyB/BK205Q6mg+8whJV2DZJjnU=,673.0
consensus_latency,sDmLp/zKQec6YPbiVpcFvQPu2e8QCcTUcKQl+rVwLwQ=,673.0
consensus_latency,O6zvLBG92aR7bLIKG579Mwd1D01LwRKnsLVtegee2A0=,723.0
consensus_latency,iremF+HRo8oqW05FUG4syFq+7xgSOhbXqc+WFKeUUic=,723.0
consensus_latency,jLdH3HN70eLV2dQ+jFCtX5i4qSU+2WTr/wyN9H+wHLw=,723.0
consensus_latency,kOAgrZ3IM1kWNMqgQK9GVZboKV9OUVWqCNV1xipQi68=,723.0
consensus_latency,DMsjhtp307T89MXXx0IGyx7HqQJFBb5P4MFelUPQ+rE=,672.0
consensus_latency,eDmaFQyQiPwACFEqtpJTvjC1TJuxmA2XkzHsqxS6T2E=,672.0
consensus_latency,kk1YS1iihKiM7mvT1SqSGiH1CA54qTsy0rQcLTuPARQ=,672.0
consensus_latency,vGJlzb7h6EmOxMzGUXWMrXR+EGRi3S8GJDH4giLtl3I=,672.0
consensus_latency,zb2PMLHZvjcjFqZ7Yig4IdwRlxAxis1/IF2ZtXBKt5Q=,672.0
consensus_latency,5SnNbIdve82YSlLD2KCGtIli9CjLk9qerx+yanlwV68=,672.0
consensus_latency,McXevNMZEl6NwdwfgkhpdlqpU0aXVfpLW4x9reCrv4E=,723.0
consensus_latency,VIZ35IyXv0VglQJ31VPfCVRgi+BSMmoR0q40D5vxHww=,723.0
consensus_latency,YorsayOUjNWmfoT/tpDgsXWUiuMzGcff5Jjf+BRqI+4=,723.0
consensus_latency,b62bQRXGnu/ytKnrwSAQMMHVwnsZSL1eDTADghrx4jg=,726.0
consensus_latency,ijXsyrIVYZgDhQBNM5L/cscILHWHfu3SHfHnQ955RVU=,726.0
consensus_latency,2eLf29uoE/h1H8GKdGteD/cnQ4JRziDXsVr9dmNTxr4=,726.0
consensus_latency,5Rkgfo7LCkGg9S3N/fLw9dmAy0pCYjyWOizlCZuHSD4=,726.0
consensus_latency,NqA8wEbTZPb9gzIQ6Kk1J/ycvaDjCbCUF+/+Ra1OcbU=,641.0
consensus_latency,UUo2J9oTKHXb/01UEEpG9NawFzbmHsl3tnqiw3NpexA=,641.0
consensus_latency,vqk2xiwZu04FTyoYUmnbT7bT6MADlsrl3pzjUUxKL6A=,641.0
consensus_latency,RW3B0Vo98zWwv6AIswIaQUsWDJf2TekSZo9foQPxea4=,641.0
consensus_latency,qV4wy4lufczvhg51CDxpXXpUOzynXBEnpQw2nkoZm2I=,641.0
consensus_latency,PmRWBPnEAFPZde+Eeqo7r0RUQpwVXXX0O4HcFfe/0aA=,641.0
consensus_latency,WeaGghka1H0hsLV1nn5zL9uv/4OBXpn89KTholAwDPo=,641.0
consensus_latency,YI2aEkdyPtbk6YV9e/NgFPqWxO9VtjPsyIur40SRzLA=,646.0
consensus_latency,Re9mRkOn8cWaUPqTneJrHi/hQrxcuThu3azm1CDhs6o=,637.0
consensus_latency,8osIWdSyBcrvXlz6BpAgsxiiQ+621g9fq4+GQxmOD6o=,637.0
consensus_latency,DRqBxZOXJE779aitjyoM/LHzfWhQqJphkqnsFNAqBQ4=,640.0
consensus_latency,YO94rjZGbM0EypT+JXhOO+QI6+uky+v8ey24QHyVbEk=,640.0
consensus_latency,uhoZHhzPzPECZeU2wohUeSt+CIeyuDDnQ3YzllqMlBc=,640.0
consensus_latency,qAT/7SNPAsXwg1Ec4kSYi/3aFSHLHrJUVS4O+rzUolg=,620.0
consensus_latency,CwFxAbqHWPFV2UaSI1+pRJG5TCLsS4MyEUv67hQT2og=,365.0
consensus_latency,SnBaYCXtXFKoaF7Fk70kAB9k6/ZJrRhGFW8zqsGhANc=,365.0
consensus_latency,c6tEtmPr6C8QxDrV0Er7iCdBdSvHX5nggobYi6WNk6M=,365.0
consensus_latency,DGqBCPZKR6Bw//dqydnLsD50vl+mg4BYVprD9mPWz3I=,1339.0
consensus_latency,0r486tBaI7FQIUwc8WJNVCeBx/qcds+oOFi5rhmSwiY=,1338.0
consensus_latency,llGqHm54n3ehNfaBpcn51A3w1ATMRWRsQbFp6ckvk/E=,1085.0
consensus_latency,o85baJGVHZViqtajqVWBXL3+LPiXA2URElBhNJ1+6+I=,1085.0
consensus_latency,2VRVxEQ3R+MUlPIt9LI6tqK04LC2tGsBBs1qpdQG2Tg=,1085.0
consensus_latency,PMsy1BiQphLU9P+lNcn/3XecC/pbNuJ8MHLBUnfqID0=,1083.0
consensus_latency,lA587fsT1deLsIClfQO1KsOrvT3ExvO4TGbWYbui668=,1082.0
consensus_latency,BnnoQvcTbccMVZJL8trsAw2n+7TK5EkTDV474c7GVKg=,1081.0
consensus_latency,TVQzOmfMFcpmpCpdqyUf+EbbiPAXp+JC6uTJOXxr4OY=,1081.0
consensus_latency,JD9ZaPe6AwG8z2aaFThfAL3QDspR1LmHGS0L23nia4o=,1080.0
consensus_latency,zuRg7OuTg8zg13yUSzb8ZMCzJ6Rje95b3OfQt8Yy0gk=,1080.0
consensus_latency,PwSu71eQ88cJ+sdkOlt9A20Un/Tul3xDNcHHDsT5UOg=,1078.0
consensus_latency,X7Fwy2pMRv1oqZbhxJv/0hNnApK/wqqnx8qCokNZXJw=,1078.0
consensus_latency,se6l3JBJsdSR4XzKI1ll4iu921LbS4S90uWLyhhPmkI=,1080.0
consensus_latency,0Satp08Eqo39QFdcJOR8rV68givFWfNE4tskEavCplc=,1080.0
consensus_latency,gCSA8H61mEq9B6Gvlso0eB2D4EHFQfHXBYOZDF3mXl0=,1082.0
consensus_latency,AGofbYYoj8LN0tQjbhFl7G/NPy4jxwEzUOO4u7CVtGg=,921.0
consensus_latency,UTi/5XT8hXzjNmtPzbAoPNhPm2x5SFVUIV5AjLZfXXU=,921.0
consensus_latency,f1euMjl2slygzHTN6LP+/lrvGtqHiWrXD1SnUanKB5A=,921.0
consensus_latency,iXNXY1DssKvVG4u3RRFqyjwK3+5bxsceM6k9SOn1L90=,921.0
consensus_latency,wEe/4L77GsIodgw/H4Y5PTALh9O8jKX1ompkLw2ztUI=,921.0
consensus_latency,BgavRuoIFv5sosviSaEahmuWHLFfkAktPzOOWk3+4V8=,867.0
consensus_latency,TnrCS0L19e+9ixgMGmEWmvdhskEGJVJw812WbvsW8m8=,867.0
consensus_latency,sScXzpmnKK2IFLZ7d+qwxzUgeggFqWkMnJogA19QXns=,868.0
consensus_latency,styaRMSUZFtrrSVh4i9bk/HYxwKHTQ4qaaYo7hEBQoc=,868.0
consensus_latency,6g7doRsjpILZE4ZekIMsvj1+8PhXN9PuNLumBq+GocU=,868.0
consensus_latency,D+2oWX+p37j7InraSoZL3Nv/q7EFd7L+VRyeXe4gON0=,919.0
consensus_latency,TArQk6U4VPPCQUXbagKhvyaH0/64EpdO4qsQsY7BhLA=,919.0
consensus_latency,UEq9No2Se9pfK6CwlfZG44uewy7JpxCHD+zujevTvk8=,919.0
consensus_latency,04ezc1Wvsut87TjuGz81eyUV0SIxIMS2fpJ1VI7UGS0=,919.0
consensus_latency,4YF9LwURhjgcdtNQ8VQ3W0M7OsJk9K2t9HqA/MR5N3Q=,919.0
consensus_latency,72UfrCHJ6Hegxi5r6jyb0GEi/bQkvVuTIQH4kQzqtZ4=,919.0
consensus_latency,IKSEEYYc8+EMWNMNgCPAC6t15x7eYYM2u9th+j0ONFk=,920.0
consensus_latency,LdIALiJRRhTgZr2E3ba0FTIC5jaKOSutD5H6ajrckIU=,920.0
consensus_latency,SqGtS5lYRPifJuOV2+lWsODHWP1Zj9uSDKjVUyv6xNM=,920.0
consensus_latency,fgbT6MW69X3JhWvzv/Q9ql6cIQ1sMHLgrw8eaKepKUc=,920.0
consensus_latency,24Z5nVifnbj6mf+Q9HbWg4RjXzMQ3N0F7tzLe3dONh4=,920.0
consensus_latency,GtahmYIzs4lTCy61AnviS4MOEwR0ayJ7cBtStP69Cpg=,920.0
consensus_latency,cMmvIobopu2uhomiP6pgKdv4d/dSTr/hm2jzToUgXYQ=,920.0
consensus_latency,dS/T0X9Wdin4lKnP3fmcPKzY4kRHfb2FkH8hjqN/Pg8=,920.0
consensus_latency,yAy3ptkP0ukXd2HruqMQthqhRhd7Of2PbI3lPwQA0OI=,920.0
consensus_latency,Q6TTcfgeryEBY9wpse8DE6gfuBdW3Akm0/n7/OBvzTs=,867.0
consensus_latency,YQvfeN9Ex0PG8MhlIa8LbarMlxZ8XvCiqTvuB4gWAvA=,867.0
consensus_latency,rJdSZyZ4cF/iG5pFNJGHW1n+PPOm15v9VKeba3viRRQ=,867.0
consensus_latency,v7pUBQePvOwBGhaPWTP0XfoU8mXrBzkC+gxcHBmWckc=,867.0
consensus_latency,7yzgjXB15RE0pkHvXASifN6b26qiF6WDwxV4c9Vme5o=,867.0
consensus_latency,8+5oBXz6/HBuwCzrG//fjHadDvC4UFqqQ30z8CVagho=,867.0
consensus_latency,cSk2ADK6uhajo/ivPRsjnX48pQgftUkxJ9ZyNWwECEM=,868.0
consensus_latency,s/z14yEfIau05aqXZtZiPmJ+F8kSmmcrgbxeaFOJf90=,868.0
consensus_latency,wq0PNLjx6k8UEp7wx8Hr4KvUsj7K1BWMgSDDU4P6giI=,868.0
consensus_latency,xIF3BEmylA2GankjYW//E065rx2aH1+dIAlyRbpMUHU=,868.0
consensus_latency,LMYnrlFynPzIXNtdeiWmq2fwAURvuxUh854hjIoOrZw=,921.0
consensus_latency,Tqkrim8WA+BDdknqJf0i3p8cxlQuXn3g9jqHhwqkaIs=,921.0
consensus_latency,mP7jovJw3pdQXn74XRkv/KDA3AGUTS1oYCNk6i+WWoc=,921.0
consensus_latency,rGQ1B4kfroVCb0NeeQPX5H+spkP0rWQg6RuWKeDS93E=,921.0
consensus_latency,6AXd8y2+zZIlCZwOH46g9d6YkXRDAq4j4cA9YQwktEk=,921.0
consensus_latency,Fm195Qwr7aZ/NmM26acTQ/vJBi7u4poWjLuNBrvNmmA=,919.0
consensus_latency,UQjcdu/iXXpNPE8jvDATeIKdHFSvGcNvvtJRjgk8bSk=,919.0
consensus_latency,qANHLOZgYc/lvVa4DyVD+J8slaaZUWGrT38CXtu75qQ=,919.0
consensus_latency,Wpn1Z9IYBh3a55CBcxyrKNkXTSGU209SMrweQC0p7uE=,845.0
consensus_latency,iJmh8Q71HhPVwOwLLlxdTDi6mTmGpcjGvcHJKcDtri8=,845.0
consensus_latency,/H5G8/bv26R7PA9Y+wZocPf4rPwtF6nGecabyFalByU=,845.0
consensus_latency,CRleHRw+r6f7ghBFV9YNAgFunuAhtOhv9FS6H65/ilU=,844.0
consensus_latency,jLEzxRUAExZCuNShsNzVz5pfHAgRKMDw8WKqlgAHIIk=,844.0
consensus_latency,y25F6FkiDtkjEic5Zae8QD9FxGn9yPHFbJ61+MSxdvA=,844.0
consensus_latency,VMq2A2Q/lCCwJdlVCus0Rmnl6WXcQqEI00NGGkWaWSE=,817.0
consensus_latency,rcTQhw8kMI2CxV9umW/tlldMdoc37EjhKDX+0R84sbQ=,817.0
consensus_latency,I8AVzSv1BxR3mW5sGq6+MYeuuav+d/PNs6k7yHnpzD4=,843.0
consensus_latency,iE9090Oj3CdKEMrKIcGlwLNdk/x0QGUZ4MeV2J4mCdg=,843.0
consensus_latency,9n9cJJHsLdjHOaoFf9GRW2UI22h4NodhrUYfUYubfkQ=,845.0
consensus_latency,UcbtGDmzamcMRyAMkhk7Z9vfTyIzgXPfMEKma24zJAY=,848.0
consensus_latency,kVc/kgy5pQSrc/N9SKM3c8dXjl8e9AXVDs6HKArd1RU=,848.0
consensus_latency,uuRZcSYrq1B42CnKxIQf/X98sfQaWXPnuBd8t2UxyT0=,848.0
consensus_latency,d6AIAFKkYS3kRs0q7N7F0Ww1+z6TDdS4uaztW7GZVJQ=,564.0
consensus_latency,0tpVUFydrzTeB0AvpOKMAex+Gqxiw5gmssPhZ5zBzl0=,564.0
consensus_latency,f42bEeu+1VWfCalX7WHky3mYsAtBZgTvE/xd5V5o0d8=,1444.0
consensus_latency,p3kXezV+tDeWsTc7bc4bBPhTvjwHVZdLO2bflU9ywoU=,1445.0
consensus_latency,ZxKmqe9CKw1k6eFsZ6TVFpVzoCPavsPkosLyJlL46zA=,1198.0
consensus_latency,veMjrBwVTsf1OJQg3pq97/F9Ifho84f2gEBK71VONBU=,1198.0
consensus_latency,MI729MLbN6Sq4tLVSp7fJSYCGJ2ddhB43x8H3MSSLQ8=,1196.0
consensus_latency,saZUynpJkbw3eY9kFNXlbwRmhYoCpA5ah6TA+9PFyx0=,1196.0
consensus_latency,xuTjNrxNAGq5MOASFx4C03I4iLc5dLm6eksYU2Ebpw0=,1196.0
consensus_latency,fhsscL8cJn1UiQhfGs97Q06hCYv51qlfwtZW1ayGG1E=,1200.0
consensus_latency,1z7Ba+R88oVV8KZ1PsQuH+/Vexq8C4hjgQc58XkuWU0=,1200.0
consensus_latency,ATwQVgnUUiGizIXdBkEufdouyycRHqpiCYJcgkg5lbI=,1197.0
consensus_latency,PmhODsttis18TP39b+ABhG3U++Hxq8BNh+/BSulIL40=,1197.0
consensus_latency,6FWfykJgqH+1HLxxg1bE1qHr5F4gn2Mgx1NgOAoKh4I=,1197.0
consensus_latency,Xfqm/gBl1UlK1OASwbpIHQ0yrsW3nnHlrRkdJn2lRlQ=,1197.0
consensus_latency,jDnYDQqHPKdn2Tg4KqjHOAkoSQt7sy4yhbu2IcrFJ3M=,1198.0
consensus_latency,lm2uzV7cMUrcJ+bSxYEoLso9GNOaIpxKR6IAB7tw5cc=,1198.0
consensus_latency,1YWIvczGSkUtl+Z/fbNkax0IibiMykhGubWNuEuZPkU=,1198.0
consensus_latency,M8BFMVnBirvtjbYL6UxPleOxb5RbyZY+vuiM3cBnftU=,1196.0
consensus_latency,ZBH/xGircI3yh45c5PX5W+UeNOQOjEq5Ac4pU5IoL6Q=,1196.0
consensus_latency,oFjORo7RXU6e+hWB6Ksxz3kXZTv2G7FlWDcpoEw0/ow=,1196.0
consensus_latency,DMRZYTc4DyAip2VgS9clvbY7+7XZOWsZ2vrO63XpyNo=,1038.0
consensus_latency,Kxw5yoO0prTCksYtIeZOF4/8lfsdn4qHdZu22LgNzU4=,1038.0
consensus_latency,SrVpfLgKe33MAICFS2dRGwba7ehhk2BeClRwIUK6/Fg=,1038.0
consensus_latency,nSIGNAp6p+2gdi0b5hY0gkUJsiwza/s/PeWQiQdQ6kU=,1038.0
consensus_latency,+sIOk5UlX8qqgUursJgOSlk14J8ffrVqJQ5w0hmPA0Q=,1038.0
consensus_latency,L+0FtRwWc22yw9vhOXSUropJc7rMTvKNQvzIcIGW4RI=,1037.0
consensus_latency,hETl9M3UXDWZzbqADIBeHWgOiOwAwhHbbH8KmgMuog4=,1037.0
consensus_latency,k25Y//w9R4fxMF3SuRlUbbikdIJLcXV5teb17lzPT70=,1037.0
consensus_latency,+RNduaQE+GlZZFEKuAAYUy8vbo6VvB/TwJgNxSEPKVI=,1037.0
consensus_latency,j2DeELsrTWFdi+nf82SOTcjd7QIJQJ1KQY4HhJ0IjsM=,1037.0
consensus_latency,wqKxD+Uxs86IsBSCV6zY10/2a3atgTxmxs22PBMXnNQ=,1037.0
consensus_latency,y9cnI9+SGpgjYQKia2LrxGKTD5THb+FAY33EjEYy1mI=,1037.0
consensus_latency,8Nor3P9QOpU0Lq1svk7NQyuiVs5OfoiEGQ5h8sDLoVE=,1037.0
consensus_latency,vVA7xpVQjE8MCHiplud3+C3/SshKz8nAp28TgBR2KwU=,1036.0
consensus_latency,3UICrepXLMYtkz/u85CnFFFvmXt/YwP+pwaqkqr4i3k=,1036.0
consensus_latency,9FT1QjVXIGcp5WzvzRBHKMQbMgTxpymwhQTiklbs4ls=,1036.0
consensus_latency,DsC4GsWY8JNLUudhgwbAsYw8XimqsefGIJf2QicVUqA=,985.0
consensus_latency,EldXNh96dchoQ5ur9A/h7it8aHpvyN1ekwK3d6Lz6L0=,985.0
consensus_latency,F+qjSdjtSbe50Mn4Q4DPqYrqZMmL61ry0rCIhlveCN8=,985.0
consensus_latency,UtTK1vd1+V0l6hO33h2LkA0OqlS3ENyC1nR2o6bzPNE=,985.0
consensus_latency,1fasQ+g46Eeh14SWSXFakMTsigjKAgboQG6ng8+20aw=,985.0
consensus_latency,BWf35whaRG2pwnChjxYofTJ0Sb7R4PlzyUgoW8UP2nc=,983.0
consensus_latency,LBGFX5uHi5XEqPSmRsDymdlA3D95Lt+/ZSSFFbi31JI=,983.0
consensus_latency,QdGVqbuvzNWB08j1/2/vrcCGv750D5QjlRiwUlfkJFQ=,983.0
consensus_latency,Zlk+5efWQpnP2jSwxr+mSIO63Oi5Ig1iMVbKoY7TVFM=,1037.0
consensus_latency,aRn6qrBLXquNC1n9qXcgo4CXci5d1HmUdroyg46qWCA=,1037.0
consensus_latency,cLb+2j5ekJXZ5uqBE+gAO60VgFT9ZfX4NGHvT8FoKOI=,1037.0
consensus_latency,llsTBeSE8GabJqiOsbyoI4BHcrOjpqCdO5sAiLzlPSI=,1037.0
consensus_latency,SPXC7ejURZ79Bt/f4WTqpJJiMy7veeOW0DocySa7Uw0=,1037.0
consensus_latency,SxKSXC3JMmNCT6tyt/rdoloh7W00bPCPy2xwViUJH24=,1037.0
consensus_latency,Xqs5nSJBP/lc4sTWAIy8DJgVJ4WwdvMu+hKIj2YpVgg=,1037.0
consensus_latency,xe+Ux81Ewpzmu2BGXaOAR30ScL0keLD9L3ARJUTNZQc=,1038.0
consensus_latency,9SugX9Vns4CYIXk9uih80UCYie2MHZCjHdbBEDtuPY8=,1038.0
consensus_latency,P8EpK1VG7lQf3asl3WV+t3Jw0/B24bsxNHcvRIa0ccE=,986.0
consensus_latency,luxpK3PZgbG0kraSod/Kps3eGwgkZqlzkEBVGR+TGRM=,986.0
consensus_latency,wCx71e64DwWiz5lABvMjoWGkXx8R6nMuzsQyV5CT5Qg=,986.0
consensus_latency,3KhtegerAKNZhq3WfzKNPjreq63unp5OKsusXbrwB/0=,986.0
consensus_latency,4ImQHyGQJYkJErFHHgFmnMsdKGEFlW7v/5NLrkDxmj4=,986.0
consensus_latency,4O0QR5MdApZcuE4dpgcJxy7wgZdX1tTS6m1oz1V0B+Q=,986.0
consensus_latency,++qfllvNTEWSfVmB/LUmd3agjhPdBkpoXW8cCUPMxq0=,986.0
consensus_latency,/5b9IhN8mC6if3tDiT+cqhmaU9MNw8LvTiylxIfNanI=,986.0
consensus_latency,nR+3mX8L9lbuYCneJlgZNlx+utaOB6eENmxxZlWLR7k=,959.0
consensus_latency,sWQ99ec3qvg2ziFnp54yPxAW+rWcDNu0RH3/2Q7cjCQ=,959.0
consensus_latency,klA8SBx97DmCr4rX4o+ux7fKn3coJADoua6OPAcbajQ=,952.0
consensus_latency,zAzm1sNCdCiGZA7faeRBbiZ6Ce6rTadAIpNuC7cXOMg=,952.0
consensus_latency,1tutRY2flc03xCM8FYiXLy/Yi7L6guphRb1NxzSxkN4=,952.0
consensus_latency,+OPEKbweqV3zqJ+DAcUHoKTWWSdJ7ZaBSROmtLnoOPs=,954.0
consensus_latency,SSKGGlNjQ9njxTffpoK440mJexAGbDix7RPfOpxLnlY=,955.0
consensus_latency,qYAB2dW4plS7Pz5tsWnWYY5buxhGDYVpeh1gQM8Xsbs=,955.0
consensus_latency,vXTK/mjeXZbQ0cPeuoFIQL3QEUuro5ZCLMFbznw8S7c=,955.0
consensus_latency,HbOCJ8rstqrMncLpQFKJqqIcieRzYfPLcrrCBpo2d7U=,956.0
consensus_latency,66gf3tTWbgScShJYsEDYOS2MA27OQkM8U2Jsk6L0mTo=,956.0
consensus_latency,A/ZNgiTGbQB8bDRH1JWmhd0FrJGORkbhzy2zxuHfriw=,934.0
consensus_latency,1x8viZD1hW3JAgqEFhFQuyIXzkDlC0J5oJBV6km6LSo=,934.0
consensus_latency,2HxPWlZrvANAA1OPoatP/EJWuaQK8erjSP0Z4QvgwIk=,934.0
consensus_latency,L1OaCPDrzJePysiSGS3VA4z5eVYCxeQrEUWxyWNRsP0=,957.0
consensus_latency,NIXE+z845mcQLv50qFJwrDDIyIy2K8WgHak5PcaLvK0=,957.0
consensus_latency,Ey0EVpfyJtSAgjpjviMieIcJvlab5L2kfaY9VRV5gIk=,936.0
consensus_latency,s6Ey7Z05vIDahhnhK2hcbARcs7ut/y1I8X1RSnaDJ8I=,936.0
consensus_latency,WvPq0XqEW6BBcDD5FP8eibxdAQDaeG54z1U1qinqZog=,1072.0
consensus_latency,ZUX+7at2gMQ10vbZbf8PFAAleB4V49Pm042zBTatdYw=,1072.0
consensus_latency,mdtKa9aSiGQJgjAoIMKsk+HGNYqBE/eFDRkUpHg1wKo=,1073.0
consensus_latency,4+umpEb9XBYEf92rlNnvA0ZZ66nPlertJpSfuT1byQg=,1073.0
consensus_latency,Nmz2/vtug9+4lsmCxYYPPqxByPMVrz2wMJt7hTKj1Gc=,1072.0
consensus_latency,VVFEDpQTxIpy+I9hIlw/F3OwWujQI3gX4t7FnzVwnWw=,1072.0
consensus_latency,AWSG6JzAtEP2TMYbeXUqWAIkmgXw20CjhvJpzdG8Wnk=,1073.0
consensus_latency,zJjLP4XFiDOeTCJozZ3M0/n1Z3aEL+RQYsWDnicOOpo=,1073.0
consensus_latency,6fy5qdVsxowGqCv8zdGRF9DOz3RCIeBrbS1Xk860+0M=,1073.0
consensus_latency,b6KlK5jYCcx7k7gA6njwVzkT1d1437ugrlpYmVpdq0E=,1073.0
consensus_latency,k2UCJNJToFlFXyVAgITnLcYntPGrtFPHSXWbon5LuW4=,1072.0
consensus_latency,AkI7Gl/4favLUOw1ZvBqYckOBzd4WVi89TEd56kyygs=,1071.0
consensus_latency,H1ESaSFPEKxnXrtC7skugceNNR3ZzjZPfry/jiWWt6o=,1070.0
consensus_latency,gMWKBeeFnFJUFLSOXW6gTMDwC2rCGPSQRXfp98Rzx5Y=,1070.0
consensus_latency,jjpe4qPAwcv63KtCNoEgsDot6K13pEjood5DKQo3ocA=,1070.0
consensus_latency,hUs6AYPgHT9kwkDu8+Ux9qX5CU694dnDmpkSj+L+9ws=,1075.0
consensus_latency,oJYW6g3hOzuDSlevW3aHlfbTVbo8yd0yuskSQDD/HKg=,1075.0
consensus_latency,mgu9O3LWFuvn38ZvX9RXraVS38uYpFQ25tqFKwa/GlE=,854.0
consensus_latency,v3U/pCh00AbL5dXQCkW5DQkBEdtrdDe11Uq1ofJzz4o=,854.0
consensus_latency,2y8RWg1IvqXzh/3Ig8KqmZOcvdw6Awvztiax9bTLqEk=,854.0
consensus_latency,KubjF+jHXuKf2exVVcndUZuo3iH3EBTpqU+VV1gVj88=,854.0
consensus_latency,MYQcPVp5wNUUni0CUq1B6DlqZfPlCHD5y0yazV3//YA=,854.0
consensus_latency,gyJHSqNRpLTCqHfDipOjBRq65f68/JyCeWZZQVxa6Zk=,854.0
consensus_latency,zqfefxke8wHd1Z0MTasBJjKje6bXL2sFqFmOX6M3PS0=,854.0
consensus_latency,ABTL4xRw+6YJCA24ktd/Uoq4P5DTtyN0gtPgH8N1ztM=,906.0
consensus_latency,KuWVEZaWnQw0NUhjvvPCfennoFdUQE8Yx8cjwp+RwTY=,906.0
consensus_latency,Zx8xHNbAVrdRYEv4FzYFUTdNNjr4EGUYsF1VejMp5xM=,906.0
consensus_latency,vIvytDe9+ld1F/f2GhjT0Xn74H2o2V+uW+n0cC5NCTA=,906.0
consensus_latency,F97vckmhSg4zmvVIa7VJVM4ZYzL6b9VQMwA8NjYh3ho=,856.0
consensus_latency,JARnr2uvC4c2AoWlxtskoiDj62Zcoz3KQ23dLIqZf5A=,856.0
consensus_latency,nM+UOzVTrwbcvontJ3DMqJZ7YJlmuoYfPRTgBH0FsOw=,856.0
consensus_latency,ohspcB+gJs2RWcjDOqbAJIPp9TQ4gUc4i3VLgI6vfj0=,856.0
consensus_latency,1C9F4G/iWmqgCYq78k0t4KqovEGQrPs9sugYB+t0z7w=,856.0
consensus_latency,1SZvMkMyFE5ohvRStvfRqW787mCdAo10gaMa74KTZpg=,856.0
consensus_latency,UynuOupghbD8qoQgjz69m6Oh7FNBJxJ8apGqZ6+2fE0=,906.0
consensus_latency,wn15VUuTsWWnDqvkK1A3YBKCMKdkQUM4Yt0+Vmqf7w0=,906.0
consensus_latency,KkeBLHMp7q0Kj1dwI9hCDRisUI0fRDduZgdVbHdtkGY=,903.0
consensus_latency,Q/3eIJPSLuU5FN1tnV6I5tTJaWktiih970YA6sv9Xy0=,903.0
consensus_latency,VIPYlime45c3ryVpXN3blrT7bcw9/ysSrEqSMTE2/uY=,903.0
consensus_latency,c+DQmhos1KY2ILKpoQXfxolrdrvBQIrJRBEaHGK28f4=,903.0
consensus_latency,Kss1B3Ibkqc3WmZV0gS9P6etmhNu2YlYHqDEYxKPvFc=,906.0
consensus_latency,e2j20B3au3a4RzPvAgUJExa9XuPXV4m0ELpSCyx5ONM=,906.0
consensus_latency,iA/ai3bjeOR9Jm5x4JN3D3zffSnWBH1sVNql+5fJTgI=,906.0
consensus_latency,39mtZL/gFjyyPLQAEFMIxZ5OlEIkgvRbbNL9Ems2YUQ=,906.0
consensus_latency,7eJmojSg29WMdlH/QBvL48xima00S16FwwqIWHPJCy0=,906.0
consensus_latency,ELDnUR9jKWMkgAYyWHXifxtpYnPWj/gGbV079gIwKu8=,905.0
consensus_latency,PfGQI5h4IeF6DZYaIg85hNxNqgEZnTenxQIuYM8h/eA=,905.0
consensus_latency,q9U90Bo5lzcpLDjmh2drP2/oEr6XXgDDof7aBdarTnc=,905.0
consensus_latency,8Tz/qljBlXUkKXc5V/RVY/8HFeYvCG5Bj8Wb0LzzWuQ=,905.0
consensus_latency,8+5LRbS1b/aknNmK0UyLw/LroqsqNtQYYQe7rnHnsto=,905.0
consensus_latency,rg4e/BKKzincL1ya3eHS4TltaAoyOmayvP+XvXYrGj8=,909.0
consensus_latency,tw0lVgEDtKJNboYfUf2tV5flZW4UauEHlZ7rfelCwhA=,909.0
consensus_latency,z73cr9+GhOqUDkRxZJO9l+VTxEx/hw1LJk9d9tmWCJ4=,909.0
consensus_latency,88x2Kd759nu6kj1wWBQPpWQCV4sYZ/DFhLUnQ6g8hbk=,909.0
consensus_latency,93oTVtZS7H9ess+6pW/Zdm6S51mxmM7RGeBZfnCIcSY=,909.0
consensus_latency,V8crVagu8FFXbzCWDAjGQqCDlDq3k9q0ECV4N7xs2Lk=,825.0
consensus_latency,ffbsVvP0WvVEnydmbNyI6WBCdrOMdkKO+8n6sHntS5I=,825.0
consensus_latency,lic9TJnl0BO8i3DeGSwlYGalx6upciq56fxuQWAepbY=,825.0
consensus_latency,Iiqt1ZXbVFOz38T3dkk3jkefJc6PlWgSB2E0AEFKkek=,807.0
consensus_latency,ImehkLQoC6gqQbdnr1efKvb7LQI71v0TowsbWkl2kUE=,807.0
consensus_latency,3N5osJS0pduyxwhaEw5dKR36ETIzh1XQThFkPOFHFE4=,828.0
consensus_latency,vprereLtczu+ofP+wG88NDoJXWUoMUxg0E50gCvilKc=,828.0
consensus_latency,CXUujCyLnIy8Njcmmk9X4sZlKQ7XcHNr4ntG2hSjQSQ=,824.0
consensus_latency,nBcb7cZ77jGVEd8pk/GTxtcTFwcUMbn5NtFv2LmUnQ8=,824.0
consensus_latency,9+rxEp5gsX6pQfgtdY5yHEcdhT5M9suHOLw1NYDMbgg=,824.0
consensus_latency,B7A9i1or7Bl5iD3HjT4XDNihyc116xCRvIXXQ2rF8H8=,834.0
consensus_latency,SE4nDjo/8CPu+xgZmvrwW5pniFi+bLA1nP8xtV3t9FU=,827.0
consensus_latency,YrF+veJ9hTcYJCeWdVB8cILMhs3z6PTuDpOflR/PHTA=,827.0
consensus_latency,7BQQ1+NadZke2tx0T2WGrb6s7KrG5Owc9yrlmHGuexE=,827.0
consensus_latency,BMhoELwwltqEp272Q9LW78kYFIS0maMelwsDMaty/As=,571.0
consensus_latency,UlLy01+ejE5t00eycrDko6HrXFM7ykvurSBF2wxnHDI=,571.0
end_to_end_latency,0,1171.0
end_to_end_latency,1,1813.0
end_to_end_latency,2,1763.0
end_to_end_latency,3,1712.0
end_to_end_latency,4,1663.0
end_to_end_latency,5,1613.0
end_to_end_latency,6,1562.0
end_to_end_latency,17,1388.0
end_to_end_latency,18,1339.0
end_to_end_latency,19,1289.0
end_to_end_latency,20,1239.0
end_to_end_latency,21,1189.0
end_to_end_latency,22,1139.0
end_to_end_latency,23,1090.0
end_to_end_latency,29,1641.0
end_to_end_latency,30,1591.0
end_to_end_latency,31,1541.0
end_to_end_latency,32,1491.0
end_to_end_latency,33,1441.0
end_to_end_latency,34,1392.0
end_to_end_latency,38,1192.0
end_to_end_latency,39,1142.0
end_to_end_latency,40,1091.0
end_to_end_latency,41,1042.0
end_to_end_latency,42,992.0
end_to_end_latency,43,942.0
end_to_end_latency,44,892.0
end_to_end_latency,45,843.0
end_to_end_latency,50,1284.0
end_to_end_latency,51,1235.0
end_to_end_latency,52,1185.0
end_to_end_latency,53,1135.0
end_to_end_latency,54,1085.0
end_to_end_latency,55,1034.0
end_to_end_latency,56,984.0
end_to_end_latency,60,785.0
end_to_end_latency,61,1388.0
end_to_end_latency,62,1339.0
end_to_end_latency,63,1289.0
end_to_end_latency,64,1238.0
end_to_end_latency,65,1411.0
end_to_end_latency,66,1360.0
end_to_end_latency,69,1212.0
end_to_end_latency,70,1162.0
end_to_end_latency,71,1111.0
end_to_end_latency,72,1062.0
end_to_end_latency,73,1012.0
end_to_end_latency,74,962.0
end_to_end_latency,75,911.0
end_to_end_latency,76,862.0
end_to_end_latency,79,1774.0
end_to_end_latency,80,1725.0
end_to_end_latency,81,1675.0
end_to_end_latency,82,1624.0
end_to_end_latency,83,1575.0
end_to_end_latency,84,1524.0
end_to_end_latency,85,1475.0
end_to_end_latency,86,1425.0
end_to_end_latency,91,1174.0
end_to_end_latency,92,1125.0
end_to_end_latency,93,1075.0
end_to_end_latency,94,1026.0
end_to_end_latency,95,975.0
end_to_end_latency,96,925.0
end_to_end_latency,97,876.0
end_to_end_latency,101,1151.0
end_to_end_latency,102,1100.0
end_to_end_latency,103,1052.0
end_to_end_latency,104,1002.0
end_to_end_latency,105,952.0
end_to_end_latency,106,901.0
end_to_end_latency,107,851.0
end_to_end_latency,108,802.0
end_to_end_latency,112,601.0
end_to_end_latency,113,552.0
end_to_end_latency,114,1225.0
end_to_end_latency,115,1175.0
end_to_end_latency,116,1125.0
end_to_end_latency,117,1076.0
end_to_end_latency,122,1331.0
end_to_end_latency,123,1282.0
end_to_end_latency,124,1231.0
end_to_end_latency,125,1181.0
end_to_end_latency,126,1131.0
end_to_end_latency,127,1081.0
end_to_end_latency,128,1032.0
end_to_end_latency,132,1725.0
end_to_end_latency,133,1674.0
end_to_end_latency,134,1625.0
end_to_end_latency,135,1576.0
end_to_end_latency,136,1525.0
end_to_end_latency,137,1475.0
end_to_end_latency,143,1175.0
end_to_end_latency,144,1126.0
end_to_end_latency,145,1075.0
end_to_end_latency,146,1025.0
end_to_end_latency,147,975.0
end_to_end_latency,148,927.0
end_to_end_latency,149,876.0
end_to_end_latency,153,1362.0
end_to_end_latency,154,1312.0
end_to_end_latency,155,1262.0
end_to_end_latency,156,1213.0
end_to_end_latency,157,1162.0
end_to_end_latency,158,1114.0
end_to_end_latency,159,1063.0
end_to_end_latency,163,863.0
end_to_end_latency,164,813.0
end_to_end_latency,165,1415.0
end_to_end_latency,166,1365.0
end_to_end_latency,167,1315.0
end_to_end_latency,168,1265.0
end_to_end_latency,169,1216.0
end_to_end_latency,174,1202.0
end_to_end_latency,175,1152.0
end_to_end_latency,176,1102.0
end_to_end_latency,177,1052.0
end_to_end_latency,178,1002.0
end_to_end_latency,179,953.0
end_to_end_latency,180,902.0
end_to_end_latency,185,1856.0
end_to_end_latency,186,1807.0
end_to_end_latency,187,1757.0
end_to_end_latency,188,1707.0
end_to_end_latency,189,1656.0
end_to_end_latency,190,1606.0
end_to_end_latency,194,1406.0
end_to_end_latency,195,1357.0
end_to_end_latency,196,1308.0
end_to_end_latency,197,1257.0
end_to_end_latency,198,1207.0
end_to_end_latency,199,1157.0
end_to_end_latency,200,1107.0
end_to_end_latency,201,1057.0
end_to_end_latency,202,1007.0
end_to_end_latency,205,1244.0
end_to_end_latency,206,1194.0
end_to_end_latency,207,1145.0
end_to_end_latency,208,1095.0
end_to_end_latency,209,1045.0
end_to_end_latency,210,995.0
end_to_end_latency,211,945.0
end_to_end_latency,212,895.0
end_to_end_latency,213,845.0
end_to_end_latency,216,695.0
end_to_end_latency,217,645.0
end_to_end_latency,218,595.0
end_to_end_latency,219,1736.0
end_to_end_latency,220,1686.0
end_to_end_latency,221,1636.0
end_to_end_latency,222,1586.0
end_to_end_latency,223,1536.0
end_to_end_latency,226,1387.0
end_to_end_latency,227,1337.0
end_to_end_latency,228,1287.0
end_to_end_latency,229,1238.0
end_to_end_latency,230,1188.0
end_to_end_latency,231,1138.0
end_to_end_latency,232,1088.0
end_to_end_latency,233,1038.0
end_to_end_latency,238,1791.0
end_to_end_latency,239,1740.0
end_to_end_latency,240,1691.0
end_to_end_latency,241,1641.0
end_to_end_latency,242,1591.0
end_to_end_latency,243,1541.0
end_to_end_latency,248,1290.0
end_to_end_latency,249,1241.0
end_to_end_latency,250,1192.0
end_to_end_latency,251,1142.0
end_to_end_latency,252,1092.0
end_to_end_latency,253,1042.0
end_to_end_latency,257,1357.0
end_to_end_latency,258,1307.0
end_to_end_latency,259,1258.0
end_to_end_latency,260,1208.0
end_to_end_latency,261,1158.0
end_to_end_latency,262,1108.0
end_to_end_latency,267,858.0
end_to_end_latency,268,808.0
end_to_end_latency,269,1278.0
end_to_end_latency,270,1228.0
end_to_end_latency,271,1178.0
end_to_end_latency,272,1127.0
end_to_end_latency,273,1078.0
end_to_end_latency,274,1028.0
end_to_end_latency,277,1406.0
end_to_end_latency,278,1356.0
end_to_end_latency,279,1305.0
end_to_end_latency,280,1256.0
end_to_end_latency,281,1206.0
end_to_end_latency,282,1156.0
end_to_end_latency,283,1107.0
end_to_end_latency,284,1056.0
end_to_end_latency,288,1697.0
end_to_end_latency,289,1646.0
end_to_end_latency,290,1597.0
end_to_end_latency,291,1547.0
end_to_end_latency,292,1497.0
end_to_end_latency,293,1446.0
end_to_end_latency,294,1397.0
end_to_end_latency,298,1198.0
end_to_end_latency,299,1147.0
end_to_end_latency,300,1099.0
end_to_end_latency,301,1049.0
end_to_end_latency,302,999.0
end_to_end_latency,303,948.0
end_to_end_latency,304,899.0
end_to_end_latency,305,849.0
end_to_end_latency,310,1121.0
end_to_end_latency,311,1072.0
end_to_end_latency,312,1022.0
end_to_end_latency,313,972.0
end_to_end_latency,314,921.0
end_to_end_latency,315,872.0
end_to_end_latency,316,821.0
end_to_end_latency,320,621.0
end_to_end_latency,321,572.0
end_to_end_latency,322,1376.0
end_to_end_latency,323,1326.0
end_to_end_latency,324,1276.0
end_to_end_latency,325,1226.0
end_to_end_latency,326,1177.0
end_to_end_latency,330,1295.0
end_to_end_latency,331,1246.0
end_to_end_latency,332,1197.0
end_to_end_latency,333,1146.0
end_to_end_latency,334,1097.0
end_to_end_latency,335,1046.0
end_to_end_latency,336,997.0
end_to_end_latency,340,1653.0
end_to_end_latency,341,1604.0
end_to_end_latency,342,1553.0
end_to_end_latency,343,1504.0
end_to_end_latency,344,1454.0
end_to_end_latency,345,1405.0
end_to_end_latency,346,1355.0
end_to_end_latency,350,1156.0
end_to_end_latency,351,1106.0
end_to_end_latency,352,1055.0
end_to_end_latency,353,1007.0
end_to_end_latency,354,956.0
end_to_end_latency,355,906.0
end_to_end_latency,356,857.0
end_to_end_latency,357,807.0
end_to_end_latency,360,1373.0
end_to_end_latency,361,1323.0
end_to_end_latency,362,1272.0
end_to_end_latency,363,1223.0
end_to_end_latency,364,1172.0
end_to_end_latency,365,1123.0
end_to_end_latency,366,1073.0
end_to_end_latency,367,1023.0
end_to_end_latency,370,873.0
end_to_end_latency,371,824.0
end_to_end_latency,372,1402.0
end_to_end_latency,373,1351.0
end_to_end_latency,374,1300.0
end_to_end_latency,375,1251.0
end_to_end_latency,376,1202.0
end_to_end_latency,377,1151.0
end_to_end_latency,380,1388.0
end_to_end_latency,381,1339.0
end_to_end_latency,382,1290.0
end_to_end_latency,383,1239.0
end_to_end_latency,384,1190.0
end_to_end_latency,385,1139.0
end_to_end_latency,386,1090.0
end_to_end_latency,387,1040.0
end_to_end_latency,0,1385.0
end_to_end_latency,3,1927.0
end_to_end_latency,4,1877.0
end_to_end_latency,5,1828.0
end_to_end_latency,6,1777.0
end_to_end_latency,7,1728.0
end_to_end_latency,8,1677.0
end_to_end_latency,9,1627.0
end_to_end_latency,10,1577.0
end_to_end_latency,11,1528.0
end_to_end_latency,12,1477.0
end_to_end_latency,13,1428.0
end_to_end_latency,14,1377.0
end_to_end_latency,15,1328.0
end_to_end_latency,16,1277.0
end_to_end_latency,17,1228.0
end_to_end_latency,18,1177.0
end_to_end_latency,21,1403.0
end_to_end_latency,22,1354.0
end_to_end_latency,23,1303.0
end_to_end_latency,24,1253.0
end_to_end_latency,25,1203.0
end_to_end_latency,26,1153.0
end_to_end_latency,27,1105.0
end_to_end_latency,28,1055.0
end_to_end_latency,29,1005.0
end_to_end_latency,33,804.0
end_to_end_latency,34,755.0
end_to_end_latency,35,1555.0
end_to_end_latency,36,1506.0
end_to_end_latency,37,1455.0
end_to_end_latency,38,1405.0
end_to_end_latency,43,1156.0
end_to_end_latency,44,1106.0
end_to_end_latency,45,1057.0
end_to_end_latency,46,1007.0
end_to_end_latency,47,957.0
end_to_end_latency,48,907.0
end_to_end_latency,49,857.0
end_to_end_latency,54,1298.0
end_to_end_latency,55,1250.0
end_to_end_latency,56,1200.0
end_to_end_latency,57,1149.0
end_to_end_latency,58,1100.0
end_to_end_latency,59,1050.0
end_to_end_latency,60,1000.0
end_to_end_latency,64,1452.0
end_to_end_latency,65,1403.0
end_to_end_latency,66,1353.0
end_to_end_latency,67,1303.0
end_to_end_latency,68,1254.0
end_to_end_latency,69,1204.0
end_to_end_latency,70,1155.0
end_to_end_latency,73,1225.0
end_to_end_latency,74,1175.0
end_to_end_latency,75,1126.0
end_to_end_latency,76,1076.0
end_to_end_latency,77,1026.0
end_to_end_latency,78,977.0
end_to_end_latency,79,926.0
end_to_end_latency,80,876.0
end_to_end_latency,81,827.0
end_to_end_latency,84,676.0
end_to_end_latency,85,627.0
end_to_end_latency,86,576.0
end_to_end_latency,87,1589.0
end_to_end_latency,88,1539.0
end_to_end_latency,89,1489.0
end_to_end_latency,90,1440.0
end_to_end_latency,91,1389.0
end_to_end_latency,94,1239.0
end_to_end_latency,95,1189.0
end_to_end_latency,96,1141.0
end_to_end_latency,97,1091.0
end_to_end_latency,98,1040.0
end_to_end_latency,99,990.0
end_to_end_latency,100,940.0
end_to_end_latency,105,1165.0
end_to_end_latency,106,1116.0
end_to_end_latency,107,1066.0
end_to_end_latency,108,1016.0
end_to_end_latency,109,966.0
end_to_end_latency,110,916.0
end_to_end_latency,111,867.0
end_to_end_latency,115,1389.0
end_to_end_latency,116,1338.0
end_to_end_latency,117,1289.0
end_to_end_latency,118,1240.0
end_to_end_latency,119,1190.0
end_to_end_latency,120,1139.0
end_to_end_latency,121,1090.0
end_to_end_latency,127,1296.0
end_to_end_latency,128,1247.0
end_to_end_latency,129,1196.0
end_to_end_latency,130,1146.0
end_to_end_latency,131,1097.0
end_to_end_latency,137,797.0
end_to_end_latency,138,747.0
end_to_end_latency,139,1591.0
end_to_end_latency,140,1540.0
end_to_end_latency,141,1490.0
end_to_end_latency,142,1440.0
end_to_end_latency,143,1390.0
end_to_end_latency,147,1190.0
end_to_end_latency,148,1140.0
end_to_end_latency,149,1090.0
end_to_end_latency,150,1040.0
end_to_end_latency,151,990.0
end_to_end_latency,152,941.0
end_to_end_latency,153,891.0
end_to_end_latency,156,1427.0
end_to_end_latency,157,1377.0
end_to_end_latency,158,1327.0
end_to_end_latency,159,1278.0
end_to_end_latency,160,1227.0
end_to_end_latency,161,1178.0
end_to_end_latency,162,1127.0
end_to_end_latency,163,1078.0
end_to_end_latency,168,1479.0
end_to_end_latency,169,1428.0
end_to_end_latency,170,1378.0
end_to_end_latency,171,1329.0
end_to_end_latency,172,1280.0
end_to_end_latency,173,1230.0
end_to_end_latency,174,1180.0
end_to_end_latency,175,1130.0
end_to_end_latency,177,1268.0
end_to_end_latency,178,1218.0
end_to_end_latency,179,1167.0
end_to_end_latency,180,1117.0
end_to_end_latency,181,1067.0
end_to_end_latency,182,1017.0
end_to_end_latency,183,967.0
end_to_end_latency,184,918.0
end_to_end_latency,185,868.0
end_to_end_latency,189,668.0
end_to_end_latency,190,618.0
end_to_end_latency,191,1771.0
end_to_end_latency,192,1722.0
end_to_end_latency,193,1671.0
end_to_end_latency,194,1621.0
end_to_end_latency,195,1571.0
end_to_end_latency,199,1372.0
end_to_end_latency,200,1322.0
end_to_end_latency,201,1272.0
end_to_end_latency,202,1223.0
end_to_end_latency,203,1171.0
end_to_end_latency,204,1122.0
end_to_end_latency,205,1055.0
end_to_end_latency,210,1209.0
end_to_end_latency,211,1159.0
end_to_end_latency,212,1108.0
end_to_end_latency,213,1059.0
end_to_end_latency,214,1010.0
end_to_end_latency,215,960.0
end_to_end_latency,221,1849.0
end_to_end_latency,222,1800.0
end_to_end_latency,223,1751.0
end_to_end_latency,224,1700.0
end_to_end_latency,225,1651.0
end_to_end_latency,226,1601.0
end_to_end_latency,227,1551.0
end_to_end_latency,231,1351.0
end_to_end_latency,232,1302.0
end_to_end_latency,233,1252.0
end_to_end_latency,234,1202.0
end_to_end_latency,235,1152.0
end_to_end_latency,236,1103.0
end_to_end_latency,241,853.0
end_to_end_latency,242,803.0
end_to_end_latency,243,1756.0
end_to_end_latency,244,1706.0
end_to_end_latency,245,1656.0
end_to_end_latency,246,1605.0
end_to_end_latency,247,1556.0
end_to_end_latency,252,1307.0
end_to_end_latency,253,1257.0
end_to_end_latency,254,1207.0
end_to_end_latency,255,1157.0
end_to_end_latency,256,1107.0
end_to_end_latency,257,1057.0
end_to_end_latency,261,1372.0
end_to_end_latency,262,1321.0
end_to_end_latency,263,1273.0
end_to_end_latency,264,1222.0
end_to_end_latency,265,1173.0
end_to_end_latency,266,1122.0
end_to_end_latency,267,1073.0
end_to_end_latency,271,1391.0
end_to_end_latency,272,1343.0
end_to_end_latency,273,1293.0
end_to_end_latency,274,1242.0
end_to_end_latency,275,1192.0
end_to_end_latency,276,1143.0
end_to_end_latency,277,1093.0
end_to_end_latency,278,1042.0
end_to_end_latency,283,1321.0
end_to_end_latency,284,1271.0
end_to_end_latency,285,1221.0
end_to_end_latency,286,1170.0
end_to_end_latency,287,1121.0
end_to_end_latency,288,1071.0
end_to_end_latency,293,822.0
end_to_end_latency,294,1611.0
end_to_end_latency,295,1562.0
end_to_end_latency,296,1511.0
end_to_end_latency,297,1462.0
end_to_end_latency,298,1412.0
end_to_end_latency,304,1112.0
end_to_end_latency,305,1064.0
end_to_end_latency,306,1013.0
end_to_end_latency,307,964.0
end_to_end_latency,308,914.0
end_to_end_latency,309,863.0
end_to_end_latency,310,814.0
end_to_end_latency,314,1136.0
end_to_end_latency,315,1087.0
end_to_end_latency,316,1036.0
end_to_end_latency,317,987.0
end_to_end_latency,318,936.0
end_to_end_latency,319,887.0
end_to_end_latency,325,1441.0
end_to_end_latency,326,1391.0
end_to_end_latency,327,1340.0
end_to_end_latency,328,1291.0
end_to_end_latency,329,1241.0
end_to_end_latency,330,1191.0
end_to_end_latency,331,1141.0
end_to_end_latency,334,1311.0
end_to_end_latency,335,1260.0
end_to_end_latency,336,1212.0
end_to_end_latency,337,1161.0
end_to_end_latency,338,1111.0
end_to_end_latency,339,1061.0
end_to_end_latency,340,1011.0
end_to_end_latency,345,762.0
end_to_end_latency,346,713.0
end_to_end_latency,347,1519.0
end_to_end_latency,348,1468.0
end_to_end_latency,349,1420.0
end_to_end_latency,350,1369.0
end_to_end_latency,355,1120.0
end_to_end_latency,356,1071.0
end_to_end_latency,357,1020.0
end_to_end_latency,358,970.0
end_to_end_latency,359,922.0
end_to_end_latency,360,871.0
end_to_end_latency,365,1338.0
end_to_end_latency,366,1288.0
end_to_end_latency,367,1238.0
end_to_end_latency,368,1188.0
end_to_end_latency,369,1139.0
end_to_end_latency,370,1089.0
end_to_end_latency,375,1466.0
end_to_end_latency,376,1415.0
end_to_end_latency,377,1365.0
end_to_end_latency,378,1316.0
end_to_end_latency,379,1266.0
end_to_end_latency,380,1215.0
end_to_end_latency,381,1166.0
end_to_end_latency,386,1304.0
end_to_end_latency,387,1253.0
end_to_end_latency,388,1203.0
end_to_end_latency,389,1153.0
end_to_end_latency,390,1103.0
end_to_end_latency,391,1054.0
end_to_end_latency,396,804.0
end_to_end_latency,397,754.0
end_to_end_latency,0,1363.0
end_to_end_latency,2,1954.0
end_to_end_latency,3,1905.0
end_to_end_latency,4,1855.0
end_to_end_latency,5,1804.0
end_to_end_latency,6,1754.0
end_to_end_latency,7,1705.0
end_to_end_latency,8,1654.0
end_to_end_latency,9,1604.0
end_to_end_latency,10,1554.0
end_to_end_latency,11,1504.0
end_to_end_latency,12,1455.0
end_to_end_latency,13,1404.0
end_to_end_latency,14,1354.0
end_to_end_latency,15,1304.0
end_to_end_latency,16,1255.0
end_to_end_latency,17,1206.0
end_to_end_latency,18,1155.0
end_to_end_latency,21,1381.0
end_to_end_latency,22,1332.0
end_to_end_latency,23,1281.0
end_to_end_latency,24,1232.0
end_to_end_latency,25,1181.0
end_to_end_latency,26,1131.0
end_to_end_latency,27,1083.0
end_to_end_latency,28,1032.0
end_to_end_latency,33,1634.0
end_to_end_latency,34,1583.0
end_to_end_latency,35,1534.0
end_to_end_latency,36,1483.0
end_to_end_latency,37,1434.0
end_to_end_latency,38,1384.0
end_to_end_latency,39,1334.0
end_to_end_latency,40,1285.0
end_to_end_latency,42,1185.0
end_to_end_latency,43,1134.0
end_to_end_latency,44,1084.0
end_to_end_latency,45,1035.0
end_to_end_latency,46,985.0
end_to_end_latency,47,934.0
end_to_end_latency,48,886.0
end_to_end_latency,49,836.0
end_to_end_latency,53,636.0
end_to_end_latency,54,1276.0
end_to_end_latency,55,1226.0
end_to_end_latency,56,1176.0
end_to_end_latency,57,1126.0
end_to_end_latency,58,1077.0
end_to_end_latency,59,1027.0
end_to_end_latency,62,1530.0
end_to_end_latency,63,1480.0
end_to_end_latency,64,1431.0
end_to_end_latency,65,1381.0
end_to_end_latency,66,1331.0
end_to_end_latency,67,1281.0
end_to_end_latency,68,1453.0
end_to_end_latency,69,1404.0
end_to_end_latency,72,1253.0
end_to_end_latency,73,1203.0
end_to_end_latency,74,1153.0
end_to_end_latency,75,1105.0
end_to_end_latency,76,1054.0
end_to_end_latency,77,1004.0
end_to_end_latency,78,954.0
end_to_end_latency,79,904.0
end_to_end_latency,80,854.0
end_to_end_latency,84,1716.0
end_to_end_latency,85,1667.0
end_to_end_latency,86,1617.0
end_to_end_latency,87,1567.0
end_to_end_latency,88,1517.0
end_to_end_latency,89,1467.0
end_to_end_latency,90,1417.0
end_to_end_latency,93,1267.0
end_to_end_latency,94,1217.0
end_to_end_latency,95,1167.0
end_to_end_latency,96,1117.0
end_to_end_latency,97,1067.0
end_to_end_latency,98,1017.0
end_to_end_latency,99,967.0
end_to_end_latency,100,918.0
end_to_end_latency,103,769.0
end_to_end_latency,104,718.0
end_to_end_latency,105,668.0
end_to_end_latency,106,618.0
end_to_end_latency,107,1044.0
end_to_end_latency,108,994.0
end_to_end_latency,109,943.0
end_to_end_latency,110,894.0
end_to_end_latency,115,1366.0
end_to_end_latency,116,1316.0
end_to_end_latency,117,1266.0
end_to_end_latency,118,1217.0
end_to_end_latency,119,1167.0
end_to_end_latency,120,1117.0
end_to_end_latency,121,1067.0
end_to_end_latency,126,1324.0
end_to_end_latency,127,1274.0
end_to_end_latency,128,1224.0
end_to_end_latency,129,1174.0
end_to_end_latency,130,1124.0
end_to_end_latency,131,1074.0
end_to_end_latency,132,1025.0
end_to_end_latency,136,1717.0
end_to_end_latency,137,1667.0
end_to_end_latency,138,1617.0
end_to_end_latency,139,1567.0
end_to_end_latency,140,1517.0
end_to_end_latency,141,1468.0
end_to_end_latency,146,1218.0
end_to_end_latency,147,1167.0
end_to_end_latency,148,1118.0
end_to_end_latency,149,1067.0
end_to_end_latency,150,1018.0
end_to_end_latency,151,968.0
end_to_end_latency,152,919.0
end_to_end_latency,153,869.0
end_to_end_latency,157,669.0
end_to_end_latency,158,1305.0
end_to_end_latency,159,1254.0
end_to_end_latency,160,1205.0
end_to_end_latency,161,1155.0
end_to_end_latency,162,1106.0
end_to_end_latency,163,1056.0
end_to_end_latency,168,1457.0
end_to_end_latency,169,1407.0
end_to_end_latency,170,1357.0
end_to_end_latency,171,1307.0
end_to_end_latency,172,1256.0
end_to_end_latency,173,1208.0
end_to_end_latency,178,1195.0
end_to_end_latency,179,1145.0
end_to_end_latency,180,1095.0
end_to_end_latency,181,1044.0
end_to_end_latency,182,995.0
end_to_end_latency,183,945.0
end_to_end_latency,184,894.0
end_to_end_latency,188,1899.0
end_to_end_latency,189,1848.0
end_to_end_latency,190,1799.0
end_to_end_latency,191,1748.0
end_to_end_latency,192,1699.0
end_to_end_latency,193,1649.0
end_to_end_latency,194,1598.0
end_to_end_latency,195,1548.0
end_to_end_latency,199,1350.0
end_to_end_latency,200,1300.0
end_to_end_latency,201,1250.0
end_to_end_latency,202,1200.0
end_to_end_latency,203,1150.0
end_to_end_latency,204,1100.0
end_to_end_latency,205,1049.0
end_to_end_latency,206,1000.0
end_to_end_latency,210,800.0
end_to_end_latency,211,1136.0
end_to_end_latency,212,1087.0
end_to_end_latency,213,1037.0
end_to_end_latency,214,986.0
end_to_end_latency,215,938.0
end_to_end_latency,220,1878.0
end_to_end_latency,221,1828.0
end_to_end_latency,222,1779.0
end_to_end_latency,223,1729.0
end_to_end_latency,224,1678.0
end_to_end_latency,225,1629.0
end_to_end_latency,226,1579.0
end_to_end_latency,230,1380.0
end_to_end_latency,231,1329.0
end_to_end_latency,232,1280.0
end_to_end_latency,233,1229.0
end_to_end_latency,234,1180.0
end_to_end_latency,235,1130.0
end_to_end_latency,236,1080.0
end_to_end_latency,242,1783.0
end_to_end_latency,243,1733.0
end_to_end_latency,244,1683.0
end_to_end_latency,245,1634.0
end_to_end_latency,246,1583.0
end_to_end_latency,247,1534.0
end_to_end_latency,252,1284.0
end_to_end_latency,253,1234.0
end_to_end_latency,254,1184.0
end_to_end_latency,255,1134.0
end_to_end_latency,256,1085.0
end_to_end_latency,257,1034.0
end_to_end_latency,260,884.0
end_to_end_latency,261,835.0
end_to_end_latency,262,784.0
end_to_end_latency,263,1250.0
end_to_end_latency,264,1200.0
end_to_end_latency,265,1150.0
end_to_end_latency,266,1099.0
end_to_end_latency,267,1050.0
end_to_end_latency,270,1419.0
end_to_end_latency,271,1369.0
end_to_end_latency,272,1321.0
end_to_end_latency,273,1270.0
end_to_end_latency,274,1221.0
end_to_end_latency,275,1171.0
end_to_end_latency,276,1120.0
end_to_end_latency,277,1071.0
end_to_end_latency,280,1447.0
end_to_end_latency,281,1398.0
end_to_end_latency,282,1349.0
end_to_end_latency,283,1299.0
end_to_end_latency,284,1248.0
end_to_end_latency,285,1199.0
end_to_end_latency,286,1150.0
end_to_end_latency,287,1099.0
end_to_end_latency,292,1690.0
end_to_end_latency,293,1640.0
end_to_end_latency,294,1589.0
end_to_end_latency,295,1539.0
end_to_end_latency,296,1489.0
end_to_end_latency,297,1439.0
end_to_end_latency,303,1142.0
end_to_end_latency,304,1091.0
end_to_end_latency,305,1041.0
end_to_end_latency,306,992.0
end_to_end_latency,307,941.0
end_to_end_latency,308,892.0
end_to_end_latency,314,1114.0
end_to_end_latency,315,1065.0
end_to_end_latency,316,1014.0
end_to_end_latency,317,965.0
end_to_end_latency,318,914.0
end_to_end_latency,319,864.0
end_to_end_latency,324,1468.0
end_to_end_latency,325,1418.0
end_to_end_latency,326,1368.0
end_to_end_latency,327,1318.0
end_to_end_latency,328,1589.0
end_to_end_latency,329,1538.0
end_to_end_latency,332,1388.0
end_to_end_latency,333,1338.0
end_to_end_latency,334,1288.0
end_to_end_latency,335,1238.0
end_to_end_latency,336,1188.0
end_to_end_latency,337,1139.0
end_to_end_latency,338,1089.0
end_to_end_latency,339,1039.0
end_to_end_latency,342,1747.0
end_to_end_latency,343,1696.0
end_to_end_latency,344,1645.0
end_to_end_latency,345,1597.0
end_to_end_latency,346,1548.0
end_to_end_latency,347,1498.0
end_to_end_latency,348,1447.0
end_to_end_latency,349,1397.0
end_to_end_latency,350,1348.0
end_to_end_latency,354,1148.0
end_to_end_latency,355,1098.0
end_to_end_latency,356,1048.0
end_to_end_latency,357,1000.0
end_to_end_latency,358,950.0
end_to_end_latency,359,899.0
end_to_end_latency,360,849.0
end_to_end_latency,364,649.0
end_to_end_latency,365,599.0
end_to_end_latency,366,1266.0
end_to_end_latency,367,1216.0
end_to_end_latency,368,1166.0
end_to_end_latency,369,1116.0
end_to_end_latency,370,1066.0
end_to_end_latency,374,1494.0
end_to_end_latency,375,1443.0
end_to_end_latency,376,1393.0
end_to_end_latency,377,1344.0
end_to_end_latency,378,1293.0
end_to_end_latency,379,1243.0
end_to_end_latency,380,1195.0
end_to_end_latency,381,1144.0
end_to_end_latency,384,1381.0
end_to_end_latency,385,1332.0
end_to_end_latency,386,1281.0
end_to_end_latency,387,1232.0
end_to_end_latency,388,1181.0
end_to_end_latency,389,1131.0
end_to_end_latency,390,1082.0
end_to_end_latency,391,1032.0
end_to_end_latency,0,1363.0
end_to_end_latency,2,1954.0
end_to_end_latency,3,1904.0
end_to_end_latency,4,1855.0
end_to_end_latency,5,1805.0
end_to_end_latency,6,1755.0
end_to_end_latency,7,1705.0
end_to_end_latency,8,1655.0
end_to_end_latency,9,1605.0
end_to_end_latency,10,1554.0
end_to_end_latency,11,1881.0
end_to_end_latency,12,1831.0
end_to_end_latency,13,1780.0
end_to_end_latency,14,1731.0
end_to_end_latency,15,1681.0
end_to_end_latency,16,1631.0
end_to_end_latency,17,1581.0
end_to_end_latency,20,1431.0
end_to_end_latency,21,1381.0
end_to_end_latency,22,1330.0
end_to_end_latency,23,1282.0
end_to_end_latency,24,1231.0
end_to_end_latency,25,1182.0
end_to_end_latency,26,1132.0
end_to_end_latency,27,1082.0
end_to_end_latency,32,1682.0
end_to_end_latency,33,1632.0
end_to_end_latency,34,1583.0
end_to_end_latency,35,1533.0
end_to_end_latency,36,1483.0
end_to_end_latency,37,1433.0
end_to_end_latency,38,1382.0
end_to_end_latency,39,1333.0
end_to_end_latency,43,1133.0
end_to_end_latency,44,1084.0
end_to_end_latency,45,1034.0
end_to_end_latency,46,983.0
end_to_end_latency,47,934.0
end_to_end_latency,48,885.0
end_to_end_latency,49,834.0
end_to_end_latency,53,1326.0
end_to_end_latency,54,1276.0
end_to_end_latency,55,1226.0
end_to_end_latency,56,1175.0
end_to_end_latency,57,1126.0
end_to_end_latency,58,1076.0
end_to_end_latency,59,1027.0
end_to_end_latency,63,1480.0
end_to_end_latency,64,1429.0
end_to_end_latency,65,1381.0
end_to_end_latency,66,1331.0
end_to_end_latency,67,1281.0
end_to_end_latency,68,1231.0
end_to_end_latency,69,1182.0
end_to_end_latency,74,1154.0
end_to_end_latency,75,1103.0
end_to_end_latency,76,1053.0
end_to_end_latency,77,1003.0
end_to_end_latency,78,954.0
end_to_end_latency,79,903.0
end_to_end_latency,80,854.0
end_to_end_latency,84,1715.0
end_to_end_latency,85,1666.0
end_to_end_latency,86,1616.0
end_to_end_latency,87,1567.0
end_to_end_latency,88,1517.0
end_to_end_latency,89,1466.0
end_to_end_latency,90,1417.0
end_to_end_latency,94,1217.0
end_to_end_latency,95,1166.0
end_to_end_latency,96,1117.0
end_to_end_latency,97,1066.0
end_to_end_latency,98,1016.0
end_to_end_latency,99,968.0
end_to_end_latency,100,917.0
end_to_end_latency,105,1143.0
end_to_end_latency,106,1093.0
end_to_end_latency,107,1042.0
end_to_end_latency,108,993.0
end_to_end_latency,109,944.0
end_to_end_latency,110,893.0
end_to_end_latency,111,844.0
end_to_end_latency,115,1365.0
end_to_end_latency,116,1315.0
end_to_end_latency,117,1266.0
end_to_end_latency,118,1216.0
end_to_end_latency,119,1167.0
end_to_end_latency,120,1118.0
end_to_end_latency,121,1067.0
end_to_end_latency,126,1323.0
end_to_end_latency,127,1274.0
end_to_end_latency,128,1223.0
end_to_end_latency,129,1173.0
end_to_end_latency,130,1125.0
end_to_end_latency,131,1074.0
end_to_end_latency,136,1717.0
end_to_end_latency,137,1667.0
end_to_end_latency,138,1617.0
end_to_end_latency,139,1567.0
end_to_end_latency,140,1517.0
end_to_end_latency,141,1467.0
end_to_end_latency,146,1217.0
end_to_end_latency,147,1167.0
end_to_end_latency,148,1118.0
end_to_end_latency,149,1067.0
end_to_end_latency,150,1017.0
end_to_end_latency,151,969.0
end_to_end_latency,152,918.0
end_to_end_latency,153,868.0
end_to_end_latency,156,1404.0
end_to_end_latency,157,1355.0
end_to_end_latency,158,1304.0
end_to_end_latency,159,1255.0
end_to_end_latency,160,1205.0
end_to_end_latency,161,1155.0
end_to_end_latency,162,1106.0
end_to_end_latency,163,1056.0
end_to_end_latency,167,1506.0
end_to_end_latency,168,1458.0
end_to_end_latency,169,1407.0
end_to_end_latency,170,1357.0
end_to_end_latency,171,1307.0
end_to_end_latency,172,1257.0
end_to_end_latency,173,1207.0
end_to_end_latency,174,1157.0
end_to_end_latency,177,1245.0
end_to_end_latency,178,1194.0
end_to_end_latency,179,1144.0
end_to_end_latency,180,1094.0
end_to_end_latency,181,1044.0
end_to_end_latency,182,994.0
end_to_end_latency,183,945.0
end_to_end_latency,184,895.0
end_to_end_latency,187,1949.0
end_to_end_latency,188,1898.0
end_to_end_latency,189,1849.0
end_to_end_latency,190,1798.0
end_to_end_latency,191,1748.0
end_to_end_latency,192,1697.0
end_to_end_latency,193,1648.0
end_to_end_latency,194,1598.0
end_to_end_latency,195,1548.0
end_to_end_latency,200,1299.0
end_to_end_latency,201,1249.0
end_to_end_latency,202,1200.0
end_to_end_latency,203,1149.0
end_to_end_latency,204,1099.0
end_to_end_latency,205,1049.0
end_to_end_latency,209,1235.0
end_to_end_latency,210,1186.0
end_to_end_latency,211,1135.0
end_to_end_latency,212,1087.0
end_to_end_latency,213,1037.0
end_to_end_latency,214,987.0
end_to_end_latency,215,937.0
end_to_end_latency,220,1876.0
end_to_end_latency,221,1827.0
end_to_end_latency,222,1777.0
end_to_end_latency,223,1728.0
end_to_end_latency,224,1678.0
end_to_end_latency,225,1628.0
end_to_end_latency,231,1329.0
end_to_end_latency,232,1279.0
end_to_end_latency,233,1230.0
end_to_end_latency,234,1180.0
end_to_end_latency,235,1130.0
end_to_end_latency,241,1833.0
end_to_end_latency,242,1783.0
end_to_end_latency,243,1733.0
end_to_end_latency,244,1684.0
end_to_end_latency,245,1633.0
end_to_end_latency,251,1334.0
end_to_end_latency,252,1284.0
end_to_end_latency,253,1233.0
end_to_end_latency,254,1184.0
end_to_end_latency,255,1134.0
end_to_end_latency,261,1349.0
end_to_end_latency,262,1299.0
end_to_end_latency,263,1249.0
end_to_end_latency,264,1200.0
end_to_end_latency,265,1150.0
end_to_end_latency,266,1100.0
end_to_end_latency,267,1049.0
end_to_end_latency,268,999.0
end_to_end_latency,271,1369.0
end_to_end_latency,272,1319.0
end_to_end_latency,273,1270.0
end_to_end_latency,274,1219.0
end_to_end_latency,275,1170.0
end_to_end_latency,276,1119.0
end_to_end_latency,281,1398.0
end_to_end_latency,282,1348.0
end_to_end_latency,283,1298.0
end_to_end_latency,284,1248.0
end_to_end_latency,285,1197.0
end_to_end_latency,286,1147.0
end_to_end_latency,287,1098.0
end_to_end_latency,293,1637.0
end_to_end_latency,294,1589.0
end_to_end_latency,295,1539.0
end_to_end_latency,296,1489.0
end_to_end_latency,297,1439.0
end_to_end_latency,298,1389.0
end_to_end_latency,303,1141.0
end_to_end_latency,304,1091.0
end_to_end_latency,305,1041.0
end_to_end_latency,306,991.0
end_to_end_latency,307,941.0
end_to_end_latency,308,890.0
end_to_end_latency,309,841.0
end_to_end_latency,310,790.0
end_to_end_latency,313,1163.0
end_to_end_latency,314,1113.0
end_to_end_latency,315,1064.0
end_to_end_latency,316,1014.0
end_to_end_latency,317,964.0
end_to_end_latency,318,914.0
end_to_end_latency,319,863.0
end_to_end_latency,320,814.0
end_to_end_latency,323,1518.0
end_to_end_latency,324,1467.0
end_to_end_latency,325,1418.0
end_to_end_latency,326,1367.0
end_to_end_latency,327,1318.0
end_to_end_latency,328,1268.0
end_to_end_latency,329,1219.0
end_to_end_latency,330,1169.0
end_to_end_latency,334,1288.0
end_to_end_latency,335,1238.0
end_to_end_latency,336,1189.0
end_to_end_latency,337,1139.0
end_to_end_latency,338,1089.0
end_to_end_latency,339,1039.0
end_to_end_latency,344,1646.0
end_to_end_latency,345,1596.0
end_to_end_latency,346,1546.0
end_to_end_latency,347,1495.0
end_to_end_latency,348,1446.0
end_to_end_latency,349,1397.0
end_to_end_latency,350,1347.0
end_to_end_latency,355,1098.0
end_to_end_latency,356,1047.0
end_to_end_latency,357,998.0
end_to_end_latency,358,948.0
end_to_end_latency,359,898.0
end_to_end_latency,360,849.0
end_to_end_latency,365,1314.0
end_to_end_latency,366,1265.0
end_to_end_latency,367,1215.0
end_to_end_latency,368,1166.0
end_to_end_latency,369,1116.0
end_to_end_latency,370,1066.0
end_to_end_latency,371,1016.0
end_to_end_latency,375,1443.0
end_to_end_latency,376,1392.0
end_to_end_latency,377,1343.0
end_to_end_latency,378,1293.0
end_to_end_latency,379,1243.0
end_to_end_latency,380,1194.0
end_to_end_latency,381,1144.0
end_to_end_latency,385,1331.0
end_to_end_latency,386,1281.0
end_to_end_latency,387,1231.0
end_to_end_latency,388,1180.0
end_to_end_latency,389,1131.0
end_to_end_latency,390,1080.0
end_to_end_latency,391,1031.0
end_to_end_latency,2,1967.0
end_to_end_latency,3,1918.0
end_to_end_latency,4,1869.0
end_to_end_latency,5,1818.0
end_to_end_latency,6,1768.0
end_to_end_latency,7,1719.0
end_to_end_latency,8,1667.0
end_to_end_latency,9,1617.0
end_to_end_latency,10,1568.0
end_to_end_latency,11,1519.0
end_to_end_latency,12,1468.0
end_to_end_latency,13,1418.0
end_to_end_latency,14,1369.0
end_to_end_latency,15,1318.0
end_to_end_latency,16,1269.0
end_to_end_latency,17,1218.0
end_to_end_latency,18,1168.0
end_to_end_latency,22,1344.0
end_to_end_latency,23,1294.0
end_to_end_latency,24,1245.0
end_to_end_latency,25,1194.0
end_to_end_latency,26,1144.0
end_to_end_latency,27,1095.0
end_to_end_latency,28,1045.0
end_to_end_latency,29,996.0
end_to_end_latency,32,1695.0
end_to_end_latency,33,1646.0
end_to_end_latency,34,1595.0
end_to_end_latency,35,1546.0
end_to_end_latency,36,1496.0
end_to_end_latency,37,1446.0
end_to_end_latency,38,1396.0
end_to_end_latency,43,1147.0
end_to_end_latency,44,1097.0
end_to_end_latency,45,1047.0
end_to_end_latency,46,997.0
end_to_end_latency,47,947.0
end_to_end_latency,48,898.0
end_to_end_latency,49,848.0
end_to_end_latency,54,1289.0
end_to_end_latency,55,1239.0
end_to_end_latency,56,1189.0
end_to_end_latency,57,1139.0
end_to_end_latency,58,1090.0
end_to_end_latency,59,1041.0
end_to_end_latency,64,1443.0
end_to_end_latency,65,1394.0
end_to_end_latency,66,1344.0
end_to_end_latency,67,1295.0
end_to_end_latency,68,1244.0
end_to_end_latency,69,1195.0
end_to_end_latency,74,1166.0
end_to_end_latency,75,1116.0
end_to_end_latency,76,1067.0
end_to_end_latency,77,1017.0
end_to_end_latency,78,967.0
end_to_end_latency,79,917.0
end_to_end_latency,84,1729.0
end_to_end_latency,85,1679.0
end_to_end_latency,86,1629.0
end_to_end_latency,87,1580.0
end_to_end_latency,88,1530.0
end_to_end_latency,89,1480.0
end_to_end_latency,90,1430.0
end_to_end_latency,94,1230.0
end_to_end_latency,95,1180.0
end_to_end_latency,96,1131.0
end_to_end_latency,97,1081.0
end_to_end_latency,98,1031.0
end_to_end_latency,99,981.0
end_to_end_latency,100,931.0
end_to_end_latency,101,881.0
end_to_end_latency,105,1156.0
end_to_end_latency,106,1105.0
end_to_end_latency,107,1056.0
end_to_end_latency,108,1007.0
end_to_end_latency,109,957.0
end_to_end_latency,110,907.0
end_to_end_latency,111,857.0
end_to_end_latency,115,1379.0
end_to_end_latency,116,1328.0
end_to_end_latency,117,1280.0
end_to_end_latency,118,1230.0
end_to_end_latency,119,1180.0
end_to_end_latency,120,1130.0
end_to_end_latency,121,1081.0
end_to_end_latency,122,1031.0
end_to_end_latency,126,1337.0
end_to_end_latency,127,1286.0
end_to_end_latency,128,1236.0
end_to_end_latency,129,1187.0
end_to_end_latency,130,1136.0
end_to_end_latency,131,1088.0
end_to_end_latency,132,1038.0
end_to_end_latency,136,1729.0
end_to_end_latency,137,1681.0
end_to_end_latency,138,1631.0
end_to_end_latency,139,1580.0
end_to_end_latency,140,1531.0
end_to_end_latency,141,1481.0
end_to_end_latency,142,1430.0
end_to_end_latency,143,1381.0
end_to_end_latency,146,1231.0
end_to_end_latency,147,1180.0
end_to_end_latency,148,1131.0
end_to_end_latency,149,1081.0
end_to_end_latency,150,1031.0
end_to_end_latency,151,981.0
end_to_end_latency,152,932.0
end_to_end_latency,153,881.0
end_to_end_latency,157,1368.0
end_to_end_latency,158,1318.0
end_to_end_latency,159,1267.0
end_to_end_latency,160,1219.0
end_to_end_latency,161,1168.0
end_to_end_latency,162,1119.0
end_to_end_latency,163,1068.0
end_to_end_latency,164,1019.0
end_to_end_latency,168,1470.0
end_to_end_latency,169,1420.0
end_to_end_latency,170,1370.0
end_to_end_latency,171,1320.0
end_to_end_latency,172,1270.0
end_to_end_latency,173,1221.0
end_to_end_latency,174,1171.0
end_to_end_latency,178,1208.0
end_to_end_latency,179,1158.0
end_to_end_latency,180,1108.0
end_to_end_latency,181,1057.0
end_to_end_latency,182,1008.0
end_to_end_latency,183,959.0
end_to_end_latency,184,909.0
end_to_end_latency,189,1862.0
end_to_end_latency,190,1811.0
end_to_end_latency,191,1761.0
end_to_end_latency,192,1712.0
end_to_end_latency,193,1661.0
end_to_end_latency,194,1612.0
end_to_end_latency,199,1362.0
end_to_end_latency,200,1311.0
end_to_end_latency,201,1262.0
end_to_end_latency,202,1213.0
end_to_end_latency,203,1162.0
end_to_end_latency,204,1113.0
end_to_end_latency,205,1063.0
end_to_end_latency,206,1012.0
end_to_end_latency,209,1250.0
end_to_end_latency,210,1199.0
end_to_end_latency,211,1150.0
end_to_end_latency,212,1100.0
end_to_end_latency,213,1049.0
end_to_end_latency,214,1000.0
end_to_end_latency,215,951.0
end_to_end_latency,216,900.0
end_to_end_latency,217,850.0
end_to_end_latency,219,1941.0
end_to_end_latency,220,1891.0
end_to_end_latency,221,1840.0
end_to_end_latency,222,1791.0
end_to_end_latency,223,1742.0
end_to_end_latency,224,1691.0
end_to_end_latency,225,1643.0
end_to_end_latency,226,1593.0
end_to_end_latency,227,1542.0
end_to_end_latency,228,1493.0
end_to_end_latency,230,1393.0
end_to_end_latency,231,1343.0
end_to_end_latency,232,1293.0
end_to_end_latency,233,1243.0
end_to_end_latency,234,1194.0
end_to_end_latency,235,1143.0
end_to_end_latency,236,1093.0
end_to_end_latency,237,1044.0
end_to_end_latency,242,1796.0
end_to_end_latency,243,1747.0
end_to_end_latency,244,1697.0
end_to_end_latency,245,1647.0
end_to_end_latency,246,1595.0
end_to_end_latency,247,1546.0
end_to_end_latency,252,1298.0
end_to_end_latency,253,1247.0
end_to_end_latency,254,1198.0
end_to_end_latency,255,1147.0
end_to_end_latency,256,1097.0
end_to_end_latency,257,1048.0
end_to_end_latency,261,1362.0
end_to_end_latency,262,1313.0
end_to_end_latency,263,1264.0
end_to_end_latency,264,1214.0
end_to_end_latency,265,1163.0
end_to_end_latency,266,1114.0
end_to_end_latency,267,1064.0
end_to_end_latency,271,1382.0
end_to_end_latency,272,1332.0
end_to_end_latency,273,1283.0
end_to_end_latency,274,1232.0
end_to_end_latency,275,1182.0
end_to_end_latency,276,1133.0
end_to_end_latency,277,1084.0
end_to_end_latency,281,1412.0
end_to_end_latency,282,1361.0
end_to_end_latency,283,1311.0
end_to_end_latency,284,1262.0
end_to_end_latency,285,1212.0
end_to_end_latency,286,1161.0
end_to_end_latency,287,1112.0
end_to_end_latency,288,1062.0
end_to_end_latency,291,1752.0
end_to_end_latency,292,1702.0
end_to_end_latency,293,1652.0
end_to_end_latency,294,1602.0
end_to_end_latency,295,1552.0
end_to_end_latency,296,1503.0
end_to_end_latency,297,1452.0
end_to_end_latency,298,1402.0
end_to_end_latency,305,1055.0
end_to_end_latency,306,1005.0
end_to_end_latency,307,954.0
end_to_end_latency,308,905.0
end_to_end_latency,309,855.0
end_to_end_latency,310,804.0
end_to_end_latency,314,1126.0
end_to_end_latency,315,1078.0
end_to_end_latency,316,1027.0
end_to_end_latency,317,977.0
end_to_end_latency,318,927.0
end_to_end_latency,319,877.0
end_to_end_latency,320,827.0
end_to_end_latency,324,1481.0
end_to_end_latency,325,1431.0
end_to_end_latency,326,1381.0
end_to_end_latency,327,1331.0
end_to_end_latency,328,1281.0
end_to_end_latency,329,1233.0
end_to_end_latency,330,1182.0
end_to_end_latency,333,1351.0
end_to_end_latency,334,1301.0
end_to_end_latency,335,1252.0
end_to_end_latency,336,1202.0
end_to_end_latency,337,1153.0
end_to_end_latency,338,1102.0
end_to_end_latency,339,1053.0
end_to_end_latency,340,1003.0
end_to_end_latency,344,1658.0
end_to_end_latency,345,1608.0
end_to_end_latency,346,1559.0
end_to_end_latency,347,1509.0
end_to_end_latency,348,1459.0
end_to_end_latency,349,1409.0
end_to_end_latency,350,1361.0
end_to_end_latency,354,1161.0
end_to_end_latency,355,1111.0
end_to_end_latency,356,1062.0
end_to_end_latency,357,1012.0
end_to_end_latency,358,963.0
end_to_end_latency,359,912.0
end_to_end_latency,360,862.0
end_to_end_latency,364,1378.0
end_to_end_latency,365,1328.0
end_to_end_latency,366,1279.0
end_to_end_latency,367,1229.0
end_to_end_latency,368,1179.0
end_to_end_latency,369,1129.0
end_to_end_latency,370,1079.0
end_to_end_latency,371,1029.0
end_to_end_latency,376,1406.0
end_to_end_latency,377,1356.0
end_to_end_latency,378,1306.0
end_to_end_latency,379,1256.0
end_to_end_latency,380,1207.0
end_to_end_latency,381,1157.0
end_to_end_latency,386,1294.0
end_to_end_latency,387,1244.0
end_to_end_latency,388,1194.0
end_to_end_latency,389,1144.0
end_to_end_latency,390,1095.0
end_to_end_latency,391,1045.0
end_to_end_latency,2,1907.0
end_to_end_latency,3,1857.0
end_to_end_latency,4,1807.0
end_to_end_latency,5,1758.0
end_to_end_latency,6,1708.0
end_to_end_latency,7,1658.0
end_to_end_latency,8,1608.0
end_to_end_latency,9,1558.0
end_to_end_latency,10,1507.0
end_to_end_latency,11,1458.0
end_to_end_latency,12,1408.0
end_to_end_latency,13,1358.0
end_to_end_latency,14,1308.0
end_to_end_latency,15,1258.0
end_to_end_latency,16,1208.0
end_to_end_latency,20,1384.0
end_to_end_latency,21,1333.0
end_to_end_latency,22,1284.0
end_to_end_latency,23,1234.0
end_to_end_latency,24,1184.0
end_to_end_latency,25,1134.0
end_to_end_latency,26,1084.0
end_to_end_latency,27,1035.0
end_to_end_latency,28,985.0
end_to_end_latency,31,1686.0
end_to_end_latency,32,1635.0
end_to_end_latency,33,1586.0
end_to_end_latency,34,1536.0
end_to_end_latency,35,1485.0
end_to_end_latency,36,1436.0
end_to_end_latency,37,1386.0
end_to_end_latency,42,1137.0
end_to_end_latency,43,1086.0
end_to_end_latency,44,1037.0
end_to_end_latency,45,986.0
end_to_end_latency,46,937.0
end_to_end_latency,47,888.0
end_to_end_latency,48,838.0
end_to_end_latency,52,1328.0
end_to_end_latency,53,1279.0
end_to_end_latency,54,1229.0
end_to_end_latency,55,1179.0
end_to_end_latency,56,1129.0
end_to_end_latency,57,1080.0
end_to_end_latency,63,1434.0
end_to_end_latency,64,1383.0
end_to_end_latency,65,1334.0
end_to_end_latency,66,1284.0
end_to_end_latency,67,1234.0
end_to_end_latency,68,1185.0
end_to_end_latency,73,1156.0
end_to_end_latency,74,1107.0
end_to_end_latency,75,1056.0
end_to_end_latency,76,1007.0
end_to_end_latency,77,957.0
end_to_end_latency,78,907.0
end_to_end_latency,83,1720.0
end_to_end_latency,84,1669.0
end_to_end_latency,85,1620.0
end_to_end_latency,86,1570.0
end_to_end_latency,87,1519.0
end_to_end_latency,88,1470.0
end_to_end_latency,93,1219.0
end_to_end_latency,94,1169.0
end_to_end_latency,95,1120.0
end_to_end_latency,96,1069.0
end_to_end_latency,97,1019.0
end_to_end_latency,98,970.0
end_to_end_latency,99,921.0
end_to_end_latency,100,870.0
end_to_end_latency,104,1146.0
end_to_end_latency,105,1095.0
end_to_end_latency,106,1047.0
end_to_end_latency,107,997.0
end_to_end_latency,108,946.0
end_to_end_latency,109,897.0
end_to_end_latency,110,847.0
end_to_end_latency,114,1368.0
end_to_end_latency,115,1318.0
end_to_end_latency,116,1269.0
end_to_end_latency,117,1220.0
end_to_end_latency,118,1169.0
end_to_end_latency,119,1121.0
end_to_end_latency,120,1071.0
end_to_end_latency,121,1020.0
end_to_end_latency,125,1327.0
end_to_end_latency,126,1278.0
end_to_end_latency,127,1227.0
end_to_end_latency,128,1178.0
end_to_end_latency,129,1128.0
end_to_end_latency,130,1077.0
end_to_end_latency,131,1027.0
end_to_end_latency,135,1719.0
end_to_end_latency,136,1669.0
end_to_end_latency,137,1621.0
end_to_end_latency,138,1570.0
end_to_end_latency,139,1521.0
end_to_end_latency,140,1470.0
end_to_end_latency,141,1420.0
end_to_end_latency,142,1370.0
end_to_end_latency,146,1171.0
end_to_end_latency,147,1120.0
end_to_end_latency,148,1071.0
end_to_end_latency,149,1021.0
end_to_end_latency,150,971.0
end_to_end_latency,151,922.0
end_to_end_latency,152,871.0
end_to_end_latency,155,1407.0
end_to_end_latency,156,1358.0
end_to_end_latency,157,1307.0
end_to_end_latency,158,1258.0
end_to_end_latency,159,1207.0
end_to_end_latency,160,1158.0
end_to_end_latency,161,1108.0
end_to_end_latency,162,1058.0
end_to_end_latency,165,1560.0
end_to_end_latency,166,1509.0
end_to_end_latency,167,1459.0
end_to_end_latency,168,1410.0
end_to_end_latency,169,1361.0
end_to_end_latency,170,1311.0
end_to_end_latency,171,1260.0
end_to_end_latency,172,1210.0
end_to_end_latency,173,1160.0
end_to_end_latency,178,1147.0
end_to_end_latency,179,1097.0
end_to_end_latency,180,1047.0
end_to_end_latency,181,997.0
end_to_end_latency,182,949.0
end_to_end_latency,183,898.0
end_to_end_latency,188,1851.0
end_to_end_latency,189,1801.0
end_to_end_latency,190,1752.0
end_to_end_latency,191,1702.0
end_to_end_latency,192,1652.0
end_to_end_latency,193,1602.0
end_to_end_latency,198,1352.0
end_to_end_latency,199,1302.0
end_to_end_latency,200,1253.0
end_to_end_latency,201,1203.0
end_to_end_latency,202,1153.0
end_to_end_latency,203,1102.0
end_to_end_latency,204,1052.0
end_to_end_latency,205,1003.0
end_to_end_latency,208,1238.0
end_to_end_latency,209,1189.0
end_to_end_latency,210,1138.0
end_to_end_latency,211,1090.0
end_to_end_latency,212,1040.0
end_to_end_latency,213,990.0
end_to_end_latency,214,940.0
end_to_end_latency,215,890.0
end_to_end_latency,216,840.0
end_to_end_latency,218,1930.0
end_to_end_latency,219,1880.0
end_to_end_latency,220,1831.0
end_to_end_latency,221,1781.0
end_to_end_latency,222,1731.0
end_to_end_latency,223,1681.0
end_to_end_latency,224,1631.0
end_to_end_latency,225,1581.0
end_to_end_latency,226,1531.0
end_to_end_latency,228,1432.0
end_to_end_latency,229,1382.0
end_to_end_latency,230,1332.0
end_to_end_latency,231,1282.0
end_to_end_latency,232,1232.0
end_to_end_latency,233,1182.0
end_to_end_latency,234,1133.0
end_to_end_latency,235,1083.0
end_to_end_latency,241,1786.0
end_to_end_latency,242,1736.0
end_to_end_latency,243,1687.0
end_to_end_latency,244,1636.0
end_to_end_latency,245,1586.0
end_to_end_latency,246,1536.0
end_to_end_latency,251,1287.0
end_to_end_latency,252,1236.0
end_to_end_latency,253,1187.0
end_to_end_latency,254,1137.0
end_to_end_latency,255,1087.0
end_to_end_latency,256,1036.0
end_to_end_latency,260,1352.0
end_to_end_latency,261,1303.0
end_to_end_latency,262,1253.0
end_to_end_latency,263,1203.0
end_to_end_latency,264,1152.0
end_to_end_latency,265,1103.0
end_to_end_latency,266,1053.0
end_to_end_latency,270,1372.0
end_to_end_latency,271,1323.0
end_to_end_latency,272,1274.0
end_to_end_latency,273,1224.0
end_to_end_latency,274,1172.0
end_to_end_latency,275,1123.0
end_to_end_latency,276,1073.0
end_to_end_latency,280,1400.0
end_to_end_latency,281,1350.0
end_to_end_latency,282,1301.0
end_to_end_latency,283,1251.0
end_to_end_latency,284,1201.0
end_to_end_latency,285,1151.0
end_to_end_latency,286,1102.0
end_to_end_latency,287,1052.0
end_to_end_latency,288,1002.0
end_to_end_latency,290,1742.0
end_to_end_latency,291,1692.0
end_to_end_latency,292,1642.0
end_to_end_latency,293,1592.0
end_to_end_latency,294,1542.0
end_to_end_latency,295,1492.0
end_to_end_latency,296,1442.0
end_to_end_latency,297,1391.0
end_to_end_latency,298,1342.0
end_to_end_latency,302,1144.0
end_to_end_latency,303,1094.0
end_to_end_latency,304,1044.0
end_to_end_latency,305,994.0
end_to_end_latency,306,944.0
end_to_end_latency,307,894.0
end_to_end_latency,308,844.0
end_to_end_latency,309,793.0
end_to_end_latency,313,1116.0
end_to_end_latency,314,1066.0
end_to_end_latency,315,1017.0
end_to_end_latency,316,967.0
end_to_end_latency,317,917.0
end_to_end_latency,318,867.0
end_to_end_latency,319,816.0
end_to_end_latency,323,1471.0
end_to_end_latency,324,1420.0
end_to_end_latency,325,1370.0
end_to_end_latency,326,1320.0
end_to_end_latency,327,1271.0
end_to_end_latency,328,1221.0
end_to_end_latency,329,1172.0
end_to_end_latency,332,1341.0
end_to_end_latency,333,1291.0
end_to_end_latency,334,1242.0
end_to_end_latency,335,1191.0
end_to_end_latency,336,1142.0
end_to_end_latency,337,1092.0
end_to_end_latency,338,1043.0
end_to_end_latency,339,993.0
end_to_end_latency,343,1649.0
end_to_end_latency,344,1599.0
end_to_end_latency,345,1549.0
end_to_end_latency,346,1499.0
end_to_end_latency,347,1449.0
end_to_end_latency,348,1400.0
end_to_end_latency,349,1350.0
end_to_end_latency,353,1151.0
end_to_end_latency,354,1101.0
end_to_end_latency,355,1051.0
end_to_end_latency,356,1000.0
end_to_end_latency,357,950.0
end_to_end_latency,358,902.0
end_to_end_latency,359,852.0
end_to_end_latency,363,1367.0
end_to_end_latency,364,1318.0
end_to_end_latency,365,1268.0
end_to_end_latency,366,1219.0
end_to_end_latency,367,1169.0
end_to_end_latency,368,1118.0
end_to_end_latency,369,1069.0
end_to_end_latency,373,1496.0
end_to_end_latency,374,1445.0
end_to_end_latency,375,1396.0
end_to_end_latency,376,1346.0
end_to_end_latency,377,1296.0
end_to_end_latency,378,1245.0
end_to_end_latency,379,1196.0
end_to_end_latency,380,1147.0
end_to_end_latency,384,1334.0
end_to_end_latency,385,1284.0
end_to_end_latency,386,1234.0
end_to_end_latency,387,1184.0
end_to_end_latency,388,1134.0
end_to_end_latency,389,1083.0
end_to_end_latency,390,1035.0
end_to_end_latency,2,1903.0
end_to_end_latency,3,1854.0
end_to_end_latency,4,1803.0
end_to_end_latency,5,1753.0
end_to_end_latency,6,1703.0
end_to_end_latency,7,1653.0
end_to_end_latency,8,1603.0
end_to_end_latency,9,1553.0
end_to_end_latency,10,1503.0
end_to_end_latency,11,1454.0
end_to_end_latency,12,1403.0
end_to_end_latency,13,1353.0
end_to_end_latency,14,1303.0
end_to_end_latency,15,1254.0
end_to_end_latency,16,1204.0
end_to_end_latency,21,954.0
end_to_end_latency,22,1280.0
end_to_end_latency,23,1230.0
end_to_end_latency,24,1180.0
end_to_end_latency,25,1130.0
end_to_end_latency,26,1080.0
end_to_end_latency,31,1682.0
end_to_end_latency,32,1632.0
end_to_end_latency,33,1583.0
end_to_end_latency,34,1532.0
end_to_end_latency,35,1482.0
end_to_end_latency,36,1433.0
end_to_end_latency,37,1382.0
end_to_end_latency,41,1183.0
end_to_end_latency,42,1825.0
end_to_end_latency,43,1775.0
end_to_end_latency,44,1725.0
end_to_end_latency,45,1675.0
end_to_end_latency,46,1626.0
end_to_end_latency,47,1575.0
end_to_end_latency,52,1325.0
end_to_end_latency,53,1275.0
end_to_end_latency,54,1224.0
end_to_end_latency,55,1175.0
end_to_end_latency,56,1125.0
end_to_end_latency,57,1075.0
end_to_end_latency,62,1480.0
end_to_end_latency,63,1430.0
end_to_end_latency,64,1380.0
end_to_end_latency,65,1330.0
end_to_end_latency,66,1280.0
end_to_end_latency,67,1232.0
end_to_end_latency,68,1181.0
end_to_end_latency,73,1153.0
end_to_end_latency,74,1103.0
end_to_end_latency,75,1053.0
end_to_end_latency,76,1003.0
end_to_end_latency,77,2015.0
end_to_end_latency,78,1965.0
end_to_end_latency,83,1715.0
end_to_end_latency,84,1666.0
end_to_end_latency,85,1616.0
end_to_end_latency,86,1566.0
end_to_end_latency,87,1516.0
end_to_end_latency,88,1466.0
end_to_end_latency,94,1166.0
end_to_end_latency,95,1115.0
end_to_end_latency,96,1066.0
end_to_end_latency,97,1016.0
end_to_end_latency,98,966.0
end_to_end_latency,99,1392.0
end_to_end_latency,104,1142.0
end_to_end_latency,105,1092.0
end_to_end_latency,106,1042.0
end_to_end_latency,107,993.0
end_to_end_latency,108,943.0
end_to_end_latency,109,893.0
end_to_end_latency,114,1364.0
end_to_end_latency,115,1315.0
end_to_end_latency,116,1266.0
end_to_end_latency,117,1216.0
end_to_end_latency,118,1166.0
end_to_end_latency,119,1116.0
end_to_end_latency,125,1323.0
end_to_end_latency,126,1272.0
end_to_end_latency,127,1223.0
end_to_end_latency,128,1173.0
end_to_end_latency,129,1122.0
end_to_end_latency,130,1073.0
end_to_end_latency,135,1715.0
end_to_end_latency,136,1667.0
end_to_end_latency,137,1617.0
end_to_end_latency,138,1567.0
end_to_end_latency,139,1516.0
end_to_end_latency,140,1467.0
end_to_end_latency,141,1416.0
end_to_end_latency,146,1166.0
end_to_end_latency,147,1117.0
end_to_end_latency,148,1066.0
end_to_end_latency,149,1017.0
end_to_end_latency,150,967.0
end_to_end_latency,151,917.0
end_to_end_latency,156,1354.0
end_to_end_latency,157,1305.0
end_to_end_latency,158,1255.0
end_to_end_latency,159,1204.0
end_to_end_latency,160,1155.0
end_to_end_latency,161,1105.0
end_to_end_latency,166,1505.0
end_to_end_latency,167,1454.0
end_to_end_latency,168,1406.0
end_to_end_latency,169,1355.0
end_to_end_latency,170,1305.0
end_to_end_latency,171,1255.0
end_to_end_latency,172,1207.0
end_to_end_latency,173,1156.0
end_to_end_latency,178,908.0
end_to_end_latency,179,1093.0
end_to_end_latency,180,1044.0
end_to_end_latency,181,994.0
end_to_end_latency,182,944.0
end_to_end_latency,183,2098.0
end_to_end_latency,188,1848.0
end_to_end_latency,189,1797.0
end_to_end_latency,190,1748.0
end_to_end_latency,191,1698.0
end_to_end_latency,192,1647.0
end_to_end_latency,193,1597.0
end_to_end_latency,199,1298.0
end_to_end_latency,200,1249.0
end_to_end_latency,201,1198.0
end_to_end_latency,202,1149.0
end_to_end_latency,203,1099.0
end_to_end_latency,209,1185.0
end_to_end_latency,210,1135.0
end_to_end_latency,211,1086.0
end_to_end_latency,212,1035.0
end_to_end_latency,213,986.0
end_to_end_latency,214,2126.0
end_to_end_latency,219,1877.0
end_to_end_latency,220,1827.0
end_to_end_latency,221,1778.0
end_to_end_latency,222,1728.0
end_to_end_latency,223,1678.0
end_to_end_latency,224,1629.0
end_to_end_latency,229,1379.0
end_to_end_latency,230,1329.0
end_to_end_latency,231,1278.0
end_to_end_latency,232,1228.0
end_to_end_latency,233,1179.0
end_to_end_latency,234,1129.0
end_to_end_latency,235,2082.0
end_to_end_latency,236,2033.0
end_to_end_latency,240,1833.0
end_to_end_latency,241,1782.0
end_to_end_latency,242,1732.0
end_to_end_latency,243,1683.0
end_to_end_latency,244,1633.0
end_to_end_latency,245,1583.0
end_to_end_latency,251,1282.0
end_to_end_latency,252,1234.0
end_to_end_latency,253,1184.0
end_to_end_latency,254,1134.0
end_to_end_latency,255,1084.0
end_to_end_latency,256,1034.0
end_to_end_latency,260,1349.0
end_to_end_latency,261,1299.0
end_to_end_latency,262,1248.0
end_to_end_latency,263,1200.0
end_to_end_latency,264,1150.0
end_to_end_latency,265,1618.0
end_to_end_latency,266,1569.0
end_to_end_latency,270,1368.0
end_to_end_latency,271,1318.0
end_to_end_latency,272,1268.0
end_to_end_latency,273,1218.0
end_to_end_latency,274,1168.0
end_to_end_latency,275,1119.0
end_to_end_latency,276,1069.0
end_to_end_latency,280,869.0
end_to_end_latency,281,819.0
end_to_end_latency,282,1297.0
end_to_end_latency,283,1247.0
end_to_end_latency,284,1197.0
end_to_end_latency,285,1148.0
end_to_end_latency,286,1098.0
end_to_end_latency,290,1737.0
end_to_end_latency,291,1687.0
end_to_end_latency,292,1637.0
end_to_end_latency,293,1588.0
end_to_end_latency,294,1538.0
end_to_end_latency,295,1489.0
end_to_end_latency,296,1439.0
end_to_end_latency,303,1089.0
end_to_end_latency,304,1040.0
end_to_end_latency,305,990.0
end_to_end_latency,306,940.0
end_to_end_latency,307,890.0
end_to_end_latency,313,1112.0
end_to_end_latency,314,1917.0
end_to_end_latency,315,1867.0
end_to_end_latency,316,1817.0
end_to_end_latency,317,1767.0
end_to_end_latency,318,1717.0
end_to_end_latency,323,1467.0
end_to_end_latency,324,1417.0
end_to_end_latency,325,1367.0
end_to_end_latency,326,1317.0
end_to_end_latency,327,1267.0
end_to_end_latency,333,968.0
end_to_end_latency,334,1237.0
end_to_end_latency,335,1188.0
end_to_end_latency,336,1138.0
end_to_end_latency,337,1088.0
end_to_end_latency,338,1894.0
end_to_end_latency,344,1596.0
end_to_end_latency,345,1545.0
end_to_end_latency,346,1496.0
end_to_end_latency,347,1446.0
end_to_end_latency,348,1396.0
end_to_end_latency,349,1346.0
end_to_end_latency,354,1098.0
end_to_end_latency,355,1048.0
end_to_end_latency,356,998.0
end_to_end_latency,357,949.0
end_to_end_latency,358,898.0
end_to_end_latency,359,1564.0
end_to_end_latency,364,1314.0
end_to_end_latency,365,1265.0
end_to_end_latency,366,1215.0
end_to_end_latency,367,1165.0
end_to_end_latency,368,1742.0
end_to_end_latency,369,1690.0
end_to_end_latency,374,1442.0
end_to_end_latency,375,1392.0
end_to_end_latency,376,1342.0
end_to_end_latency,377,1292.0
end_to_end_latency,378,1242.0
end_to_end_latency,379,1193.0
end_to_end_latency,380,1143.0
end_to_end_latency,385,1280.0
end_to_end_latency,386,1230.0
end_to_end_latency,387,1180.0
end_to_end_latency,388,1129.0
end_to_end_latency,389,1080.0
end_to_end_latency,390,1031.0
end_to_end_latency,1,1965.0
end_to_end_latency,2,1915.0
end_to_end_latency,3,1865.0
end_to_end_latency,4,1815.0
end_to_end_latency,5,1766.0
end_to_end_latency,6,1715.0
end_to_end_latency,7,1666.0
end_to_end_latency,8,1616.0
end_to_end_latency,9,1565.0
end_to_end_latency,10,1515.0
end_to_end_latency,11,1466.0
end_to_end_latency,21,1343.0
end_to_end_latency,22,1293.0
end_to_end_latency,23,1243.0
end_to_end_latency,24,1193.0
end_to_end_latency,25,1143.0
end_to_end_latency,26,1094.0
end_to_end_latency,27,1043.0
end_to_end_latency,32,1644.0
end_to_end_latency,33,1595.0
end_to_end_latency,34,1545.0
end_to_end_latency,35,1495.0
end_to_end_latency,36,1444.0
end_to_end_latency,37,1395.0
end_to_end_latency,41,1195.0
end_to_end_latency,42,1146.0
end_to_end_latency,43,1095.0
end_to_end_latency,44,1045.0
end_to_end_latency,45,995.0
end_to_end_latency,46,946.0
end_to_end_latency,47,896.0
end_to_end_latency,52,1338.0
end_to_end_latency,53,1287.0
end_to_end_latency,54,1239.0
end_to_end_latency,55,1189.0
end_to_end_latency,56,1138.0
end_to_end_latency,57,1088.0
end_to_end_latency,62,1492.0
end_to_end_latency,63,1442.0
end_to_end_latency,64,1392.0
end_to_end_latency,65,1342.0
end_to_end_latency,66,1292.0
end_to_end_latency,67,1242.0
end_to_end_latency,68,1193.0
end_to_end_latency,72,1216.0
end_to_end_latency,73,1165.0
end_to_end_latency,74,1115.0
end_to_end_latency,75,1065.0
end_to_end_latency,76,1016.0
end_to_end_latency,77,965.0
end_to_end_latency,78,1978.0
end_to_end_latency,83,1727.0
end_to_end_latency,84,1679.0
end_to_end_latency,85,1628.0
end_to_end_latency,86,1578.0
end_to_end_latency,87,1528.0
end_to_end_latency,88,1478.0
end_to_end_latency,89,1429.0
end_to_end_latency,93,1229.0
end_to_end_latency,94,1179.0
end_to_end_latency,95,1130.0
end_to_end_latency,96,1079.0
end_to_end_latency,97,1029.0
end_to_end_latency,98,979.0
end_to_end_latency,105,1105.0
end_to_end_latency,106,1055.0
end_to_end_latency,107,1005.0
end_to_end_latency,108,955.0
end_to_end_latency,109,905.0
end_to_end_latency,110,1577.0
end_to_end_latency,115,1327.0
end_to_end_latency,116,1278.0
end_to_end_latency,117,1228.0
end_to_end_latency,118,1178.0
end_to_end_latency,119,1128.0
end_to_end_latency,120,1078.0
end_to_end_latency,125,1336.0
end_to_end_latency,126,1285.0
end_to_end_latency,127,1235.0
end_to_end_latency,128,1186.0
end_to_end_latency,129,1136.0
end_to_end_latency,130,1978.0
end_to_end_latency,136,1680.0
end_to_end_latency,137,1629.0
end_to_end_latency,138,1579.0
end_to_end_latency,139,1530.0
end_to_end_latency,140,1479.0
end_to_end_latency,146,1179.0
end_to_end_latency,147,1128.0
end_to_end_latency,148,1079.0
end_to_end_latency,149,1029.0
end_to_end_latency,150,979.0
end_to_end_latency,151,1617.0
end_to_end_latency,156,1366.0
end_to_end_latency,157,1316.0
end_to_end_latency,158,1266.0
end_to_end_latency,159,1217.0
end_to_end_latency,160,1818.0
end_to_end_latency,161,1768.0
end_to_end_latency,162,1717.0
end_to_end_latency,167,1469.0
end_to_end_latency,168,1418.0
end_to_end_latency,169,1370.0
end_to_end_latency,170,1319.0
end_to_end_latency,171,1268.0
end_to_end_latency,172,1218.0
end_to_end_latency,178,1156.0
end_to_end_latency,179,1106.0
end_to_end_latency,180,1056.0
end_to_end_latency,181,1006.0
end_to_end_latency,182,956.0
end_to_end_latency,183,906.0
end_to_end_latency,189,1810.0
end_to_end_latency,190,1760.0
end_to_end_latency,191,1710.0
end_to_end_latency,192,1660.0
end_to_end_latency,193,1610.0
end_to_end_latency,198,1359.0
end_to_end_latency,199,1312.0
end_to_end_latency,200,1261.0
end_to_end_latency,201,1212.0
end_to_end_latency,202,1162.0
end_to_end_latency,203,1111.0
end_to_end_latency,204,1061.0
end_to_end_latency,209,1199.0
end_to_end_latency,210,1148.0
end_to_end_latency,211,1098.0
end_to_end_latency,212,1048.0
end_to_end_latency,213,998.0
end_to_end_latency,214,2139.0
end_to_end_latency,215,2089.0
end_to_end_latency,219,1889.0
end_to_end_latency,220,1839.0
end_to_end_latency,221,1789.0
end_to_end_latency,222,1740.0
end_to_end_latency,223,1690.0
end_to_end_latency,224,1640.0
end_to_end_latency,225,1589.0
end_to_end_latency,231,1290.0
end_to_end_latency,232,1242.0
end_to_end_latency,233,1192.0
end_to_end_latency,234,1143.0
end_to_end_latency,235,1093.0
end_to_end_latency,241,1795.0
end_to_end_latency,242,1745.0
end_to_end_latency,243,1695.0
end_to_end_latency,244,1645.0
end_to_end_latency,245,1595.0
end_to_end_latency,251,1296.0
end_to_end_latency,252,1245.0
end_to_end_latency,253,1196.0
end_to_end_latency,254,1146.0
end_to_end_latency,255,1611.0
end_to_end_latency,260,1360.0
end_to_end_latency,261,1311.0
end_to_end_latency,262,1262.0
end_to_end_latency,263,1211.0
end_to_end_latency,264,1162.0
end_to_end_latency,265,1112.0
end_to_end_latency,271,1331.0
end_to_end_latency,272,1281.0
end_to_end_latency,273,1231.0
end_to_end_latency,274,1181.0
end_to_end_latency,275,1132.0
end_to_end_latency,276,1083.0
end_to_end_latency,281,1360.0
end_to_end_latency,282,1310.0
end_to_end_latency,283,1260.0
end_to_end_latency,284,1210.0
end_to_end_latency,285,1160.0
end_to_end_latency,286,1950.0
end_to_end_latency,291,1701.0
end_to_end_latency,292,1651.0
end_to_end_latency,293,1600.0
end_to_end_latency,294,1551.0
end_to_end_latency,295,1501.0
end_to_end_latency,296,1451.0
end_to_end_latency,303,1103.0
end_to_end_latency,304,1052.0
end_to_end_latency,305,1003.0
end_to_end_latency,306,953.0
end_to_end_latency,307,902.0
end_to_end_latency,308,1374.0
end_to_end_latency,309,1325.0
end_to_end_latency,313,1125.0
end_to_end_latency,314,1074.0
end_to_end_latency,315,1026.0
end_to_end_latency,316,976.0
end_to_end_latency,317,925.0
end_to_end_latency,318,875.0
end_to_end_latency,319,825.0
end_to_end_latency,323,1479.0
end_to_end_latency,324,1430.0
end_to_end_latency,325,1380.0
end_to_end_latency,326,1330.0
end_to_end_latency,327,1279.0
end_to_end_latency,328,1230.0
end_to_end_latency,329,1180.0
end_to_end_latency,333,1299.0
end_to_end_latency,334,1250.0
end_to_end_latency,335,1200.0
end_to_end_latency,336,1150.0
end_to_end_latency,337,1099.0
end_to_end_latency,338,1906.0
end_to_end_latency,339,1857.0
end_to_end_latency,344,1608.0
end_to_end_latency,345,1558.0
end_to_end_latency,346,1508.0
end_to_end_latency,347,1458.0
end_to_end_latency,348,1409.0
end_to_end_latency,354,1110.0
end_to_end_latency,355,1060.0
end_to_end_latency,356,1010.0
end_to_end_latency,357,959.0
end_to_end_latency,358,911.0
end_to_end_latency,359,1576.0
end_to_end_latency,364,1326.0
end_to_end_latency,365,1278.0
end_to_end_latency,366,1228.0
end_to_end_latency,367,1177.0
end_to_end_latency,368,1127.0
end_to_end_latency,369,1078.0
end_to_end_latency,374,1455.0
end_to_end_latency,375,1405.0
end_to_end_latency,376,1356.0
end_to_end_latency,377,1305.0
end_to_end_latency,378,1255.0
end_to_end_latency,379,1205.0
end_to_end_latency,384,1343.0
end_to_end_latency,385,1293.0
end_to_end_latency,386,1243.0
end_to_end_latency,387,1192.0
end_to_end_latency,388,1142.0
end_to_end_latency,389,1093.0
end_to_end_latency,1,1926.0
end_to_end_latency,2,1876.0
end_to_end_latency,3,1826.0
end_to_end_latency,4,1776.0
end_to_end_latency,5,1726.0
end_to_end_latency,6,1676.0
end_to_end_latency,7,1626.0
end_to_end_latency,8,1576.0
end_to_end_latency,9,1526.0
end_to_end_latency,20,1353.0
end_to_end_latency,21,1303.0
end_to_end_latency,22,1253.0
end_to_end_latency,23,1203.0
end_to_end_latency,24,1153.0
end_to_end_latency,25,1103.0
end_to_end_latency,30,1705.0
end_to_end_latency,31,1655.0
end_to_end_latency,32,1605.0
end_to_end_latency,33,1555.0
end_to_end_latency,34,1505.0
end_to_end_latency,35,1455.0
end_to_end_latency,41,1156.0
end_to_end_latency,42,1106.0
end_to_end_latency,43,1056.0
end_to_end_latency,44,1005.0
end_to_end_latency,45,955.0
end_to_end_latency,46,905.0
end_to_end_latency,52,1297.0
end_to_end_latency,53,1248.0
end_to_end_latency,54,1198.0
end_to_end_latency,55,1147.0
end_to_end_latency,56,1098.0
end_to_end_latency,61,1503.0
end_to_end_latency,62,1452.0
end_to_end_latency,63,1403.0
end_to_end_latency,64,1353.0
end_to_end_latency,65,1303.0
end_to_end_latency,66,1253.0
end_to_end_latency,71,1226.0
end_to_end_latency,72,1176.0
end_to_end_latency,73,1126.0
end_to_end_latency,74,1076.0
end_to_end_latency,75,1025.0
end_to_end_latency,76,976.0
end_to_end_latency,77,926.0
end_to_end_latency,84,1638.0
end_to_end_latency,85,1589.0
end_to_end_latency,86,1539.0
end_to_end_latency,87,1489.0
end_to_end_latency,88,1438.0
end_to_end_latency,89,1389.0
end_to_end_latency,94,1140.0
end_to_end_latency,95,1090.0
end_to_end_latency,96,1040.0
end_to_end_latency,97,990.0
end_to_end_latency,98,1414.0
end_to_end_latency,99,1365.0
end_to_end_latency,104,1116.0
end_to_end_latency,105,1065.0
end_to_end_latency,106,1016.0
end_to_end_latency,107,965.0
end_to_end_latency,108,1637.0
end_to_end_latency,109,1587.0
end_to_end_latency,115,1288.0
end_to_end_latency,116,1237.0
end_to_end_latency,117,1188.0
end_to_end_latency,118,1137.0
end_to_end_latency,119,1089.0
end_to_end_latency,120,1039.0
end_to_end_latency,125,1296.0
end_to_end_latency,126,1247.0
end_to_end_latency,127,1196.0
end_to_end_latency,128,1147.0
end_to_end_latency,129,1097.0
end_to_end_latency,130,1047.0
end_to_end_latency,135,1690.0
end_to_end_latency,136,1640.0
end_to_end_latency,137,1590.0
end_to_end_latency,138,1539.0
end_to_end_latency,139,1489.0
end_to_end_latency,140,1440.0
end_to_end_latency,145,1189.0
end_to_end_latency,146,1139.0
end_to_end_latency,147,1090.0
end_to_end_latency,148,1040.0
end_to_end_latency,149,990.0
end_to_end_latency,150,939.0
end_to_end_latency,151,891.0
end_to_end_latency,156,1327.0
end_to_end_latency,157,1276.0
end_to_end_latency,158,1227.0
end_to_end_latency,159,1176.0
end_to_end_latency,160,1126.0
end_to_end_latency,166,1478.0
end_to_end_latency,167,1428.0
end_to_end_latency,168,1378.0
end_to_end_latency,169,1329.0
end_to_end_latency,170,1278.0
end_to_end_latency,176,1216.0
end_to_end_latency,177,1167.0
end_to_end_latency,178,2319.0
end_to_end_latency,179,2270.0
end_to_end_latency,180,2220.0
end_to_end_latency,181,2170.0
end_to_end_latency,182,2120.0
end_to_end_latency,187,1870.0
end_to_end_latency,188,1820.0
end_to_end_latency,189,1770.0
end_to_end_latency,190,1721.0
end_to_end_latency,191,1670.0
end_to_end_latency,192,1620.0
end_to_end_latency,198,1320.0
end_to_end_latency,199,1271.0
end_to_end_latency,200,1222.0
end_to_end_latency,201,1171.0
end_to_end_latency,202,1121.0
end_to_end_latency,208,1208.0
end_to_end_latency,209,1158.0
end_to_end_latency,210,1108.0
end_to_end_latency,211,1059.0
end_to_end_latency,212,1008.0
end_to_end_latency,213,959.0
end_to_end_latency,219,1851.0
end_to_end_latency,220,1800.0
end_to_end_latency,221,1750.0
end_to_end_latency,222,1700.0
end_to_end_latency,223,1652.0
end_to_end_latency,224,1601.0
end_to_end_latency,225,1551.0
end_to_end_latency,230,1301.0
end_to_end_latency,231,1252.0
end_to_end_latency,232,1202.0
end_to_end_latency,233,1152.0
end_to_end_latency,234,1101.0
end_to_end_latency,235,1052.0
end_to_end_latency,240,1805.0
end_to_end_latency,241,1754.0
end_to_end_latency,242,1705.0
end_to_end_latency,243,1656.0
end_to_end_latency,244,1606.0
end_to_end_latency,245,1556.0
end_to_end_latency,250,1306.0
end_to_end_latency,251,1256.0
end_to_end_latency,252,1206.0
end_to_end_latency,253,1156.0
end_to_end_latency,254,1105.0
end_to_end_latency,260,1322.0
end_to_end_latency,261,1271.0
end_to_end_latency,262,1222.0
end_to_end_latency,263,1173.0
end_to_end_latency,264,1122.0
end_to_end_latency,265,1591.0
end_to_end_latency,270,1341.0
end_to_end_latency,271,1291.0
end_to_end_latency,272,1241.0
end_to_end_latency,273,1191.0
end_to_end_latency,274,1142.0
end_to_end_latency,275,1093.0
end_to_end_latency,280,1370.0
end_to_end_latency,281,1320.0
end_to_end_latency,282,1270.0
end_to_end_latency,283,1220.0
end_to_end_latency,284,1170.0
end_to_end_latency,285,1960.0
end_to_end_latency,286,1910.0
end_to_end_latency,291,1661.0
end_to_end_latency,292,1610.0
end_to_end_latency,293,1561.0
end_to_end_latency,294,1511.0
end_to_end_latency,295,1461.0
end_to_end_latency,296,1412.0
end_to_end_latency,302,1113.0
end_to_end_latency,303,1063.0
end_to_end_latency,304,1013.0
end_to_end_latency,305,963.0
end_to_end_latency,306,913.0
end_to_end_latency,307,863.0
end_to_end_latency,308,813.0
end_to_end_latency,312,1135.0
end_to_end_latency,313,1085.0
end_to_end_latency,314,1036.0
end_to_end_latency,315,986.0
end_to_end_latency,316,936.0
end_to_end_latency,317,886.0
end_to_end_latency,318,836.0
end_to_end_latency,324,1390.0
end_to_end_latency,325,1340.0
end_to_end_latency,326,1290.0
end_to_end_latency,327,1241.0
end_to_end_latency,328,1191.0
end_to_end_latency,333,1260.0
end_to_end_latency,334,1211.0
end_to_end_latency,335,1161.0
end_to_end_latency,336,1111.0
end_to_end_latency,337,1060.0
end_to_end_latency,338,1011.0
end_to_end_latency,343,1616.0
end_to_end_latency,344,1569.0
end_to_end_latency,345,1519.0
end_to_end_latency,346,1469.0
end_to_end_latency,347,1419.0
end_to_end_latency,348,1369.0
end_to_end_latency,353,1119.0
end_to_end_latency,354,1069.0
end_to_end_latency,355,1020.0
end_to_end_latency,356,969.0
end_to_end_latency,357,920.0
end_to_end_latency,358,871.0
end_to_end_latency,363,1337.0
end_to_end_latency,364,1286.0
end_to_end_latency,365,1238.0
end_to_end_latency,366,1188.0
end_to_end_latency,367,1138.0
end_to_end_latency,368,1088.0
end_to_end_latency,373,1465.0
end_to_end_latency,374,1415.0
end_to_end_latency,375,1364.0
end_to_end_latency,376,1315.0
end_to_end_latency,377,1264.0
end_to_end_latency,378,1216.0
end_to_end_latency,379,1166.0
end_to_end_latency,384,1302.0
end_to_end_latency,385,1253.0
end_to_end_latency,386,1202.0
end_to_end_latency,387,1153.0
end_to_end_latency,8,4387.0
end_to_end_latency,9,4337.0
end_to_end_latency,20,5072.0
end_to_end_latency,21,5023.0
end_to_end_latency,22,4973.0
end_to_end_latency,23,4923.0
end_to_end_latency,24,4873.0
end_to_end_latency,25,4823.0
end_to_end_latency,26,4773.0
