metric,identifier,latency_ms
consensus_latency,3kKLPp9qBnyKoKg6ARwDiXedEBwd5jdGorCR7DidtWE=,1317.0
consensus_latency,q/AijBXEDMs8gNCa4TYxYX3e4v36ldssNpx5+X5wo1M=,1357.0
consensus_latency,FD8nVKTMOPA0rgoiFUzT7LER71N0GWo4DoGGrPQkSbc=,1115.0
consensus_latency,V+QIjsQPzggfUMtwD/56jL9hSMeeXXE4RUt1wk60TYE=,1117.0
consensus_latency,EnfD2FcSOYhGlGC9hXJ46lJB1RO2GlTq7XGFS3jPfnM=,1118.0
consensus_latency,2fHHAA4bMdalDo9nBtnxbJof9GVUizYV5i9B55/vZXg=,1118.0
consensus_latency,a21qekUiggUiqoSs8BarQ87R5vt1VgU0iMPfW7uI5So=,1157.0
consensus_latency,JP39Fjmnh70IzJXtlfPHLYpzz0fATzuAu/IdMS4lT5Q=,1157.0
consensus_latency,O92K5r1HuUvjdfJLYc5mfQfgqSWLa/X/bl77mKdWbY8=,1158.0
consensus_latency,IfJi5DHbrDuktVlAJE2KBlwQA6xj40BOkilZANcQvwM=,1158.0
consensus_latency,/jvPujS9oCkXQGUIPKC+fdLUUhm2ydRS947FRGwQwIQ=,1158.0
consensus_latency,OWk6VBsfsE/eo6vROpswnRDJf5J9upsR4/S/Y25uqgI=,956.0
consensus_latency,bzk+xmSGr09A7sCw/zAxmG60mkRKqa3ohwoqsUzWNrQ=,956.0
consensus_latency,hT6Xwp4zKKiaHpDs21hfQr7DcHOJb/71D9psIZ0NFPY=,956.0
consensus_latency,xXufmFNKftQR+l/OkOlspfje9sSzJcvfzLtJBedcRCU=,956.0
consensus_latency,Pg46ojqkuxu0QPJA7sWCq28LUSspIFd+uF60TTQrysM=,958.0
consensus_latency,gtUSYyFsbIPCYuWRMcwuk2XOew9W8TFBVVtfnQcQmwg=,958.0
consensus_latency,jp6wDkxpBIT3Pa7Qpwclhi7M0Ukq2pfOVYwPPPfkzIU=,957.0
consensus_latency,pb5WdAWxjeD2JnC1FzSFlFYTlBEtpD2BKS7rtK6IIbw=,957.0
consensus_latency,0C4Ptj2mEuhfTbCpOuNqo1FEfwRWS4Sn0yU3qEoOBsU=,758.0
consensus_latency,LIQvIgPY2kUsAPst5+Gu+fW7h9UWYYjsGsyRZ0z9S1A=,1686.0
consensus_latency,SZ0hmN0oK5dXBOSuEd/tyMrKsqgQ10P0GYLy9WV7Wrk=,1686.0
consensus_latency,rM8fS+j/PmkdtUZyuPGeHvLh2qLUT+HVjuYsjixRXt4=,1686.0
consensus_latency,/gQi6Bs4vf8pzI44B/gnFCYGuWj9XnI//tlKRgTFpls=,1688.0
consensus_latency,PLYAAgrOmSyCNeUjEjIxJ3Z05SJSjBAt8rhPkVvtlIw=,1688.0
consensus_latency,ZdfJnNHS2rzWLGF/oHZi1B7VVDu5BtnYaQYw2bY9LpM=,1688.0
consensus_latency,1CnecYxtsawFwBjrRm9y1A/zahpJ/mxIbsqhu+wm+T4=,1688.0
consensus_latency,CenR4zl5cYKOD8sr0BpZkEEI28ZtpYpvUpkyHQpyVoE=,1530.0
consensus_latency,QYml+8HFzf+5IviW9AKB3Qtq8Tyz1NyEokFLhyWmXmo=,1530.0
consensus_latency,0YSKsVmuh8OVUdZFt8Zn3VzlXnxi5vaE0Ggohvo5VtM=,1530.0
consensus_latency,4bi5OfdQRj59AOngHZe39ifOg+MJENh9lI/eB6+jhZk=,1530.0
consensus_latency,CeVhe9lH091v8NzuPjmUWdsR+LA+7RYJSmRpJfc1NM4=,1529.0
consensus_latency,TIcPdTxBIzHihExXjaYfqkfTF5x6Lu7ZaUPae4bVuZc=,1529.0
consensus_latency,komn63g6zpSa/+Krx9ncMqY+UwHJDZ3Uq+uPdErv/bw=,1529.0
consensus_latency,k9Yu4rNsHSkxadwm3YepC0Rac8FYnq1B2RBrkGGQDpg=,1488.0
consensus_latency,n1A4rssECNiefWN4GwquHLXvOPFJGO3Lb95s/jJDLHs=,1488.0
consensus_latency,1QyaMUAkBOw3AQe+zetbY6n2JVKlUj7J7HtsKXB7lfk=,1488.0
consensus_latency,FYZjaOijzQpKpaGARVdSNkpDQqFShS0LHezO00zXN4Y=,1488.0
consensus_latency,jmAB6a3HaPxCqUbfQDThkFjAbbWaGhqWKnr4c2dj8S4=,1488.0
consensus_latency,GwCev6iHgexQyRagxBS1FOomwSdI1RfkEK8AznNcXgc=,1486.0
consensus_latency,OyFrK+FvpAadCv5WWnZ+qN3UMbvlcC20znbdEO8Y+AM=,1486.0
consensus_latency,L3YxaMpFMUgqmTcY8owydvE0vqzwIJ7s/8uUDCmAq5c=,1528.0
consensus_latency,TlVhOjqabDwbDgBKc9AVX1zsU2IOtQzgw4O7nZm2KFQ=,1528.0
consensus_latency,m2VfE/rfCWFjty81wrMlVSF2NW79HILiz7Gwp1eUCdY=,1527.0
consensus_latency,/bBfSVE5zFdeAI5wAOJvqJ8Sgru+haEXV57lq9dLGf8=,1527.0
consensus_latency,1xShRaGkktzcgEN1ETUJ/7hpcHvPnACh63KoXe+1vfY=,1528.0
consensus_latency,4IKOqPjzE7xEwbnX6iLzjDyurzAM9TVD65ztrVTvzyU=,1528.0
consensus_latency,yC3HyCFc+MVc0H+G9uDxmGz4jx68yOuoLvjQ+ylHjtk=,1527.0
consensus_latency,StlOCO/HGecoFlmi+JvEgH+LSJisDGB1ErP755nj3d8=,1330.0
consensus_latency,OyPM2zFz0xjWmqpyLNbgpJntCdwpM0jABuOU95IlVGo=,1328.0
consensus_latency,zJUI3fFAuPKBSb/Jl/lFd3p9zKt1jYCDrHa7lSRBQTY=,1327.0
consensus_latency,RB/QHrPAgmFJC12rcL6QWbNGKYiOVGhgzUEYGAnZR4g=,1328.0
consensus_latency,gZ+9zUCKUc1TCv5UFDpeUe8UFCXGkQ6Mxhg561nzDQg=,1328.0
consensus_latency,/ECrDW482Ox75kmvcHA/RgMbVXyHkf0fcgPFDGAYbj8=,1328.0
consensus_latency,j9g4ecEyT6McMwpRh3/ke9EjfeqTGW93LZ/pWdvBsbI=,1288.0
consensus_latency,1spQFfMyHjLZ+kGN66JfE77Y/7EkQmc0kaiXcYjIfdg=,1288.0
consensus_latency,a0O2EQXPVQU803PYjCYm8kYaYQl0WXUdBFmffdqSYug=,1128.0
consensus_latency,FPsJMnmUjTGCKeQ7SnnfcdtNhLvcV5wkPPL4cV/RfRw=,1129.0
consensus_latency,6dZHs44mHX9J1dctkhqhv4isH2mmhmrAERQi+EcWkN4=,1129.0
consensus_latency,W/vO0gUtgL7rQFyNFwIYIBUBZ1bA/7zYrWPbxt5rkww=,1130.0
consensus_latency,2gVld8QhC4AhieFhsMY1/MRRFtnzoPCSVmeuW01jhrY=,1130.0
consensus_latency,O53R0yPiqj8rIl7VpZQcKDOawg/NIhfQX+M7A5pheeY=,1128.0
consensus_latency,v2YhtS27c20Q2rKr4No7zRbO0Tgnrn5NDTiYoPh6UBI=,1128.0
consensus_latency,WsIttUVkdXPdtU4fYP5n+K0qdbfjA5fLKJ6eWhy9UQE=,1088.0
consensus_latency,fJ/YM2O/j8kPE6ISVsVIQQCbD+4PQgZfSnF/bIzjDGw=,1088.0
consensus_latency,Xn3jssKCpqTqJMiEAVTEHuXSMOJNxs0unS59ZMGG8Kw=,1129.0
consensus_latency,af1P2qyYT1zeqK8QbCDhMoTCU3/DKz7CGkDeW3x23KU=,1128.0
consensus_latency,9kTpMfXi1Dmn7t8lrC6sX0dCSTJYR+7wa0Fbk8+3dok=,1128.0
consensus_latency,pvZJ7s7saVngOrK7Nv80UMnelzLuaAeuRcjPJsms8bU=,1083.0
consensus_latency,5ipaiDGv0IiEgTrbPlusdJ/ublzP3h9+3xfX8O8mexA=,1083.0
consensus_latency,kPEee6Ff+UATxUf2wNTH/wCHK3SzLEMso9Zj3II9ehk=,1083.0
consensus_latency,aM7yUE///Ce+z6KlKbMdnq23pSQ5pp1ct5fCw2ibt4Y=,873.0
consensus_latency,yLWBy2XLFpzVn2869/NcmkcinTX9mDubjxBRsANiufw=,873.0
consensus_latency,NqeYCPC9JUgal7m89hcVvYY/NYhFPdGQWyqNbr0hPfI=,672.0
consensus_latency,cd4irA4/TOgc1zQt7TjCib2bkagK1E1m14Gc9775WbM=,1776.0
consensus_latency,3LNlVLJBuiiiN5uUPniqGfRaBhg5gBaNJDaP1wkl7tk=,1776.0
consensus_latency,fxKlVqp8OJECmERhMlu4NjV/NjYZGq6bithc7oeXmXk=,1576.0
consensus_latency,gWY0oLcTNjGpT+3Ylu8lPnNJL8Ci+pbNgaFajGJ+CUY=,1525.0
consensus_latency,mtO0ZuOhD4CSykyZqUdnVu2nVJ5Kz04fg1/UTQuI31U=,1576.0
consensus_latency,5PO+syrH0bmNYN2Bx15ylQGG9M5zFKEdMwVry5F0YYE=,1576.0
consensus_latency,5B1KYcZzYJWBqvj7XK2FvTYatBHTulGwClrQ/VSoF5Q=,1575.0
consensus_latency,5/UhhlSbe6MAFVy8C/7MwXYqsk0F5HNmCPdXU79No1E=,1575.0
consensus_latency,0pXw4HPJE1DkmbYSk/ODe+kFGJ2s4E1EG5sZYBIA7MM=,1578.0
consensus_latency,56UEa4xNQqCXjnqPAvFMbwBKzNt//XdiHLfpIMoflB8=,1575.0
consensus_latency,Z9/3RwV8Hny3i/Kun0kp61ndGw+wEJ/wQixzR0i/3lM=,1526.0
consensus_latency,CjCB1DIPOeAda67L0lsAIu08QC1aOtEZyhhCQE3X6sg=,1375.0
consensus_latency,EIDRMoAjjQUUd8tkidXzSo5V2zQawy872fpPUdSa3qk=,1378.0
consensus_latency,Mmd3WNRha5qLx/JN9Rt+uKzvsH95dEKEpFokDF8vCB0=,1375.0
consensus_latency,wefHQvF1q2GiQLxjRYG4yo4z8JZjXKiQ+Z9yMTueEMg=,1375.0
consensus_latency,DY6brLUErqLs+uirmk1GVELS5/WwKnZmkC/1EXW9orE=,1376.0
consensus_latency,4cGXMeo6mpRNP5UmRPx01Glkl8ztTv2/CVuihvMIUCY=,1376.0
consensus_latency,VEfDEcg8NwUh/36znVtfQ2jC4eVaBVJPA10rMftujT4=,1326.0
consensus_latency,zgnktTwkt0ivHDv2PWYM286JIyRqldOs+E97vlb1D3U=,1326.0
consensus_latency,FXDWXpIVxwSQEX8xDwn1jJNZVmwt0cr8vdwegknD9Nc=,1326.0
consensus_latency,0NsDEKl8MySXt4GEmj159HfWcmMpQs1Em+II8yudoxI=,1326.0
consensus_latency,fiHHTYnZ4PGf9mrl6KegDkw/uX1hr22oysErrdLhbY8=,1327.0
consensus_latency,bcOmfG0x/ZMfcR/DqP6bnV3Yyol4pOqzS/6TXrXIVTQ=,1176.0
consensus_latency,vO0Enm//C7rHhge0Q+/WATyPxFt3OjIWRbxcTT0JhkY=,1176.0
consensus_latency,EBi+hWdv6gWytMDVVg3E3He4hFo3OBMkKp9TdFvBOtE=,1127.0
consensus_latency,IXjqF55sYGj0rG0p+xMM26NR4UcK2lwFVTYyDoiBbos=,1127.0
consensus_latency,XQlDx7BQI5NjlEEoPdbbgZY2SkgqRr6SrhnTRibVps8=,1177.0
consensus_latency,ZphEi1/8wbImq++YgZRoOueLrIPXyOt/tGokK6Ry+E8=,1177.0
consensus_latency,GiRp5/XMAxg24VjfkJpX7KeEVS3ZKIV5BQKqXmrnEMw=,1179.0
consensus_latency,yiF4qJKS3mevoFs4qVERDzl5mBFY+GRKSuGPGxOnpLE=,1176.0
consensus_latency,8mUzUK/bV1RF0u/AK7s3te/VQgcxSQRlcSfaNcLrW/M=,1126.0
consensus_latency,wD9ycLSodIS2EtzLh0h3xm0M7rwM/i/iuEP+8CbHlB0=,1126.0
consensus_latency,O+YweQv82RH0xAt45ahhjHc+IY9gDEw9gEaUupg3CNs=,1176.0
consensus_latency,fxBKlKXTMa2Ba0HgNjhsRObtWhnk8AY1mZVxeeXLFo0=,1175.0
consensus_latency,qWTpK0dKaH2LS9rolkxjGo2tkCxVsxZYdAmG+ADemN0=,1175.0
consensus_latency,UUmmJF5UsAltV192PW19kn2yerayoxavXmIkgKRX9RA=,979.0
consensus_latency,28ND415mXnfPxZi9Obv5q3z9k/hk293tGJ/J77FX/Yk=,979.0
consensus_latency,8G5VHAijOoaVNK8ApbaxNR8I1FxAJj/f3nRjiFIhIP8=,926.0
consensus_latency,TJ0X537HglfZpZayo8XligyqFSgMt+lw+d8R3XcOpsE=,926.0
consensus_latency,E+B5c7xp4YJm4/tW2hG4Af97P4VYh5dQwf3ek+EKgUc=,925.0
consensus_latency,PYU5UKhKt+FqjuHdr8QNPgVf8xZRWFx4PS+CB3IK95Y=,726.0
consensus_latency,z2068fkaFxVzPxAa2S2NUWMPQ+UbwE0usCUi/TnnEU8=,1822.0
consensus_latency,UcxV9URtanhmppVahsqUnwzTthLVNxjBwV4wGthVhQQ=,1822.0
consensus_latency,QTgCPLlXqvPC2tZY45aB0n9cdZhQIGcsnkdRkU+TMcg=,1823.0
consensus_latency,amSGV8Lk4VijjkFZsA1FlptUC1c/VS+tdjD3ynviu+s=,1821.0
consensus_latency,JTiGAT/v/gaRSB8t53NhHJ7YSTYWxwbNtNESQO0Deis=,1622.0
consensus_latency,h+D8kRIgzquepvWeIRqf6unESrFY2bIF2BAzFBTE8W0=,1572.0
consensus_latency,v1hGQv+3V/c231VJOjLb+ZeL4NOi2J9BCfqgUVRWQSw=,1622.0
consensus_latency,aFWaSi1IUziC0dyKgILATdMSfxqJc2Rj9B/cBvqrIbk=,1621.0
consensus_latency,RHL+XryBjzmZ0Q8yLSDbQM70UY7fZBX+0l+pujySNCw=,1571.0
consensus_latency,5XkVoXJsCfRyFXPSWDhjKw8bHcvHqJ1nv2zT9/bQ3oE=,1621.0
consensus_latency,UoKczkWcrXHlTDfgoDdIkwRjvl+VSnkhiE7lzxh84LI=,1622.0
consensus_latency,f6Y1uCJsZHz91af2AovghTumM9ef2h3a4pn6pweFkGo=,1624.0
consensus_latency,9MDmzt917Niq/blriwQ2uY+DLg4Nj7q+YNm8jPXXdzc=,1421.0
consensus_latency,KnoIPRHoj2KX6HJr/pOy8RpStn7NDYAU8A5uNrYHQxQ=,1372.0
consensus_latency,+rFn8w2TKtyHYxOJ71yWfRGnunGqXglSGP2qwMi9kpc=,1371.0
consensus_latency,PjDrtVGi3FH0jaDTrV6h/VDCtnnhK2iSGhRzzLrHQUo=,1422.0
consensus_latency,FXBqFQfj7sQuRFQJCpvT2dH/8N4eYP7GZF+L0dqQOF0=,1371.0
consensus_latency,McM2dU3l0+NPj8t9dn/Iq0F0dG4qnLwLpBXyIMMFuaM=,1371.0
consensus_latency,yPdXEGwuL46wjCZPFHSw3g3mEBkvcUdXPQmRntNTqXM=,1421.0
consensus_latency,Iwoql9q5bAdhVRkwQSFy3Pcnw+nWvt0qBE5N7ElxKEI=,1421.0
consensus_latency,StZX/Y+7POtlZDkDLaMc0GSD09QMdv+XIoPHzh7yozA=,1421.0
consensus_latency,BbuT1m/cjaEkDCcvFL1xIyhf8Jikk3sAGrSruqU2X8Q=,1422.0
consensus_latency,P79htibNECAj1MrsgTsY99yaRj+Lv7QfRqMQE1t5ymA=,1422.0
consensus_latency,s6uf6N6the5ic6/J2rvruHgwRnYOU9kFEbkzMUF1faw=,1172.0
consensus_latency,2SAVXuuJTFKZwF2fzGQCmUMln1bwQp+HdX+abc6nQgQ=,1221.0
consensus_latency,4lnCqkJWb48JNjD0Xk+BnmANa+NS/cyeSsv4870xDnw=,1221.0
consensus_latency,mZUlrHkvUlosXqtfpdvpwwK0NmOUzUAMZGy+S8maSkk=,1221.0
consensus_latency,v1ovAMkB9kb8cBu0ZrNyKf+F3PfClDkQBaA+i3m5evg=,1221.0
consensus_latency,0hI3VpOQd0m4n0iOMiIOYHB/sieBgY4n/gH2G6l+Dto=,1171.0
consensus_latency,iNOxxryZif9W/7MXEedr94K//0GreZda99u17ApZQy4=,1171.0
consensus_latency,dyc8VBaO16sCn7xNzLwml45TveDwMlMaSlF5JYNSu44=,1224.0
consensus_latency,xxwQZ54KJ2K34rd6aacbJPaRKIYqX+QXAic42WxMX0I=,1222.0
consensus_latency,RrKKtZ1BCcqaFfCvh2Fmgu0DpebfaQenjIZtgwlXAkI=,1222.0
consensus_latency,nIjlZy9n9RdBjjA97661mKSuMIv4QPUniyfgXkzRcrI=,1223.0
consensus_latency,w4rKKcu/zuqe+l0UeUQenNWSMNNo43H2rnSM6ervVkc=,1218.0
consensus_latency,UOrp8kEVA/sRdS4Qlno7dz+gWDQfcVTPI8CJ4GE/fmc=,986.0
consensus_latency,+sFYjMl6UEh7l3B6M/9QT+nW1fUGdTizoRnoEm0CwqA=,986.0
consensus_latency,CHaw8FMK+y2hfXignkFjfL/cOA+EpR+GyRGQieUtzQQ=,987.0
consensus_latency,Ujahd4UHfQt25WicVzP2crQYUd59LCDWSssk4Xokibo=,986.0
consensus_latency,BsYnha5hTrFN90CLvHpzBbPhrdT0bxdSP7/e7yh5LHQ=,987.0
consensus_latency,1cEavKhJMpltZPfczrGG+omOK9sFVCzbIt6wyHqJMec=,986.0
consensus_latency,2nsgxSHx+EOg0szyImkXovxXsjHFVj5bgY7iS9eAU7Y=,786.0
consensus_latency,tEEE4QXepXJTQ63riIUN2N/RbU/XHit+8AKYAVf7K/Q=,2535.0
consensus_latency,En4OkTMZ2PoX5bjefUnDJ7gzW6xiaZxZl06nD/6YgBk=,2532.0
consensus_latency,qe57NzI/B0xgXL7khFMnSrPE1m6ixcR8S72V8XN4Cdo=,2532.0
consensus_latency,KubvXu7VcSvE91uC7llP9xBalK5OBKPmHg+h8BHHPIc=,2535.0
consensus_latency,LXtLnRRESU8ST4rDZ8eRDZlWfsa38UmlH516BuEgcXU=,2350.0
consensus_latency,lSqGeFXlr3kkhFJlXgzfuxBOXid8DJYRiQ1w5H2OdXw=,2350.0
consensus_latency,GifAm383FrrpEPkAAG3YQPxomx40iDmgygfGxZLSy5g=,2334.0
consensus_latency,L9D7YGlD1YtWe1GNvaSy/JeX0TNIPdGRw7Ghbly5z54=,2335.0
consensus_latency,CcCJkVoWOrPqR0h3u6ue9ddCFYpiNStoEqcDYaAxDhY=,2348.0
consensus_latency,UkHI8U2qRH4ai5eK9j08viaYK+zUDXef/G3U+FAS+vE=,2349.0
consensus_latency,ecip9LDNePXjh8v780j96WmkdMTVEVyvtnJhKkFNV70=,2332.0
consensus_latency,K0mzmirIjpe/38luqb1Pfv/sPfARdwVTJebOO1lvPRA=,2349.0
consensus_latency,hh8FQFgHkYlqHH2BqXZudnVf+/yMkB4XtGBz87dmNqI=,2349.0
consensus_latency,tvdFOFxYn+db2rw3bcMp0h87yTzmS1GOfI0+6H6VRFc=,2349.0
consensus_latency,Bu+Bzx4p92SisjX2wuQPs0JM3zToOp5KdqnyLkDAug0=,2112.0
consensus_latency,lcH3jIHW0wrHzqgvqWBghms7SfceQKCDcb2m3dgxj7Q=,2116.0
consensus_latency,xtfOuaDt2FlEdbwkLmTPE6Bp8My3BbloLzSrGxi23KM=,2117.0
consensus_latency,2C6BXZ/394/BMWdMS2EMTe7aSu7rC6x3x3K5tScZ7U4=,2149.0
consensus_latency,297DpwZuon6TwBWVRvU06opQGvRO+iqorEhua8ccF1U=,2149.0
consensus_latency,bfzvDEblMiVgbXhHQyI6bHQQhkjME9fQixV+lEz3ylI=,2150.0
consensus_latency,KbGJz9yGgKmJzrXw26OXtZKQiRVBv54eIfx26IeZkzw=,2150.0
consensus_latency,rL893BInVP82I5K+q3/RCv2k3sN5ZB9NRbozIAirDlc=,2150.0
consensus_latency,rLtO4JoZBdst1lcLCKd+wlzVSfioQHq7ryA32fTi/dw=,2150.0
consensus_latency,+eI43SeOCQHtuyTzqW3kCra+y7uCoR9vqqF7HwMRNUo=,2150.0
consensus_latency,lHSra1ucIz4M+a3wAPk6Zi6llwlDT+Vc1NfOWuLlXYM=,2150.0
consensus_latency,r5yMrd3fMQ4JGPUlLJpoOzw37o/GBOlodL5/+vhJi3A=,2151.0
consensus_latency,D3maXh86YyAM85HZymZ60Y9cWTD3JhkT13YxxL0DM8U=,1913.0
consensus_latency,T9CJBHY1imhmoQ3GxdkYS8XwCWAfAcmdsoOQmgteUsQ=,1913.0
consensus_latency,hHVz889VTtG6p+D5BXTqyFXH+4hx7xAX3aDcOC0zVZA=,1949.0
consensus_latency,12KaOr6th9RLWHMsYHi/2hslS3aQCvOmKWp7YhZ9mII=,1950.0
consensus_latency,gtBScG91xVyXnPh6cPyzUS+NzCS9Lt8P+dDu+4aSzE4=,1950.0
consensus_latency,XjLdvoQGP8fABdJBrVsYxMFa3tkLpYxam04wJyNZxTQ=,1951.0
consensus_latency,QbcY38lxftrXvqy7wKNhP7AdI/8GeXcy4kqK0fey+44=,1949.0
consensus_latency,0hUFHxDalUUvWq1YPtdxdY1l6N+uf+xHB4FzEwvrNdg=,1950.0
consensus_latency,JXAbhYUNXkNpBNK8Jq7HzO12BbdFcsYHMDDc2WKuP2g=,1917.0
consensus_latency,RiywF9VuhadpVzMud2rG4xJcKWM0IZiGVa9fR05xSnc=,1918.0
consensus_latency,oemCVwHOwY6yLM2p1xgHrrtb1KNXj5j9dBNFsSsFfbw=,1726.0
consensus_latency,STRdBluHQ2bgi8HsPJW3lo+N3RwfIBwF+aamNoE9lE4=,1727.0
consensus_latency,e00QkGVSxFdtjXPDMM6Wp9mygNsN4nkeFwDJN2tswM4=,1726.0
consensus_latency,eukBlGDZUCohJQgtBdCu3Mrla5lu/it1GmYyKweHtQA=,1727.0
consensus_latency,1738s3Dp3gaWu3xexrHafgNaldaBrwd71vhUREvzRRo=,1726.0
consensus_latency,Yx306MogNUKGMOBKpoxxUPAaltAlCzI6dPvs6zA83Lo=,1726.0
consensus_latency,48hsBzSqikwhPQP6aCTYZ6z3riGAFl+SHXreYgIWnUU=,1702.0
consensus_latency,DGbAiX6vZA6V0naZi6QJlU1RDseuWhbYCcqqSXifEz0=,1702.0
consensus_latency,IAVbwWt8LZVs2K5/Jj4Wn8flVR03V+wy1Fs6X/RkduQ=,1526.0
consensus_latency,a98Tw7g0l64dF+QUusSK9EMctOs6U4YOXhoYzL7oEIQ=,1526.0
consensus_latency,nTgWxENugmpeo0Sq9xwFMpOdScwsuWXXKOGMk71RqEQ=,1526.0
consensus_latency,4eeqjCdXdk+otZJZAVprOp8naQei+Ohh3t2qdRBTATQ=,1526.0
consensus_latency,GzYhBEReR+ut2MUyKjkgUfhGSpHWYzcWnR7UOE9fqE4=,1501.0
consensus_latency,lufZhtIHpbdOewDzwdsfvh4yM70XeSHGBp4CbiU/XOE=,1501.0
consensus_latency,RM5Tt3pS/l9irhmIHSB23QDsAD/KrHXOXce8ktn5jVA=,1529.0
consensus_latency,yTgfpqtvPwPS8NsSHvBo/D1rLs0SPKhHV1tIyA8CCj0=,1505.0
consensus_latency,zhquf7Tuzpn+b6+mVVWDSyJStevKPTKDYLp1m/kWICw=,1526.0
consensus_latency,BkYhCl6M6FmqPv4zCdphFcDv4t5M+vqngTCkJc9eQ8k=,1502.0
consensus_latency,DQ38SONBJ4yuc8GCiS8AiXsr3AK37/QOKEOOC/lD2ko=,1526.0
consensus_latency,vEUbgbz7khGvNihDx6vvwVwsjbsBC7/e9/dP/90OJ74=,1526.0
consensus_latency,LjgoVHiG4z1X1CFuBFxi+lFSwVrSyDFH3WPmPvO0Hjs=,1526.0
consensus_latency,zLPYK+9e6tF+tjrgVLyGA6Of3B6J+MzuWJofHjy6fJ0=,1326.0
consensus_latency,P4dtHi7hULW+guj+XrO1M5Xkvx9A7qiDGINM1KQrHBs=,1325.0
consensus_latency,+NJ3Ml3gPa0S2fl9LMZQT3KeMHz/TDIWJhTdhDIFBz8=,1326.0
consensus_latency,/A42xtyZsYV05ojvLHsORyrV1DHNNgBliB2f8ktLZCA=,1326.0
consensus_latency,2Jr/zteEzcv99k5RfaTls39INIckn8A5BpquZL4l+JE=,1326.0
consensus_latency,WMJALj3+TXPe5S6RZ5VpvcSI4d+jrfLgRl1GSNATF4g=,1293.0
consensus_latency,stkSCABR09FiqRNjLgJKPPik7eAjC8K2hHycFS2i9p0=,1296.0
consensus_latency,gLzwudrTSTod7RpXBwFHGMqISNQsGUGNY/lGgWRLngs=,1126.0
consensus_latency,PR0ShR+4NnDs0MNUVbD3K0rsJDykaMIe/mDNPnqdmgM=,1094.0
consensus_latency,LEVkCnsXFKIY37TsMg5qjZimuHHphoRBky0+QyIlSH8=,1097.0
consensus_latency,gkqydFfbu0DhhL2QY7gHjzc1rHme8Dlk1SMTAv+C9XI=,1097.0
consensus_latency,Z7/i+/8zXI6IlYv8fE0rBaT1KaFNdWIj0ab0YvjIkFs=,1096.0
consensus_latency,TYS7adP/ukKofoaMzcXsut/2NoUf2DNzxFd7rWj/1tY=,1127.0
consensus_latency,gspwLfwgcaz1ok4iOThcjW8nNIzjL5EZ+gBbPhVHoiw=,1127.0
consensus_latency,tTvq5bCYBNEM2yw2isDWHW/L49ZZR0/CAOmgE/k/T8c=,1127.0
consensus_latency,gTcRyUCOMM/de0WQ3GS1UiQZLDUGqdPL/HBQ4R3Cw80=,1129.0
consensus_latency,yVfNjyFRWChPNuF0DH5o/dVuQuuJBRAzJDc+rBvz06Q=,1129.0
consensus_latency,gacfFFj/C7JVNtuV3ijDjwKcsPrZDveRBRWlwCSxbZE=,1127.0
consensus_latency,/XHdjhH0hRiBhZtWhhZQm5MeYaMiINZ59ASw0wRI7FQ=,1126.0
consensus_latency,kVyC9Jk93j905sAZeI3tww4zRfsPwCLfwt/L9LP4oQk=,926.0
consensus_latency,q5Wl39sTul2Xy/VkQOb+leWbO/MPs5A3iN8UyG6YGks=,927.0
consensus_latency,5Cv4NjLE84xMTji7FYvdwrQ2j2fmyEg9enbdiSxA+JA=,729.0
consensus_latency,guaSoT3FAJ+psSiCgNQgyBnGOMiSp3ESnOLWSR/QzPs=,1809.0
consensus_latency,xfU0EeoT2xz7MxBQsMJzTlKC/iAdLHeKKpbfguU5MRw=,1809.0
consensus_latency,+o35CL4Jv+imY7PUvqE/maKZX4oDz1jbTFCCyQr0Tdk=,1809.0
consensus_latency,uoJVAT5s8feA8cEVVaCQlbXXknjyApSciBASiL72SzU=,1775.0
consensus_latency,LXUmYEFSHjNIMvgRNL464SIhULSUMktYlyLdwIuJSkI=,1776.0
consensus_latency,JxzoVYUX/+zgMy5XQ+pOdlB5+K5bYewYzXwKnex8IdI=,1609.0
consensus_latency,URH1Hs1P+g3QoyqgQ/7zqs+n5EtZuOdmTWGer0d4TsI=,1609.0
consensus_latency,imTIPaPqe6V3+EH1VZrr6ij5bXwGij5DSfr+29TKvag=,1609.0
consensus_latency,WrFqy1ByzyA3x8Z5Sk2lYtnrYuqg9PrwCKEBaZzWnEs=,1608.0
consensus_latency,HU9l1YwFjBUmcxwnEn8/JtsupwhX9UefbtF7VpGiNCA=,1575.0
consensus_latency,lLxNYcZYnZ1UxXZYQmmjr92RR6b4+cBnxRmDnsVUPCU=,1608.0
consensus_latency,5oyX0M5HnrpRPNwnPgedns+L3++qdQoiM4nq86SxaNM=,1608.0
consensus_latency,LVrZXybTymEraJef2g6TL/Dh25hwjBBPyf1vmeG42Tg=,1577.0
consensus_latency,sJVs+OQTaOhKwT0RmSAvoUXmsiByPBlAOCt9NjUHN1Y=,1609.0
consensus_latency,2y+mKrfrAwxu04BPbaNutSd9srXQT0uGIAxy5Kx3J/k=,1576.0
consensus_latency,ySwaUrHhqw9F0Cgu5SNn/AA2IXR0qcQL3dOePT0q9Vk=,1401.0
consensus_latency,nsh9GY4vpihb/6X24LVTSDKRvdHizTq+p0giJgb+Wa4=,1402.0
consensus_latency,LNLWNvY/Fqya6CXPZZ+EhsSd4z2l60OBukdPoqnMRJE=,1402.0
consensus_latency,uB1EQXWqycDjna5i4AG4VnToaPmyHC3vGWW304gkoU8=,1401.0
consensus_latency,3JV47rAjCBXKkyDNunOdBBNnTAUQ3/e+3c6IYVASq1Q=,1401.0
consensus_latency,35sVxG/M8MQLjtPfCPOmgDUS5xdEimo8jJwF1Nf0S1w=,1372.0
consensus_latency,4Oq3tNTgvy9Uvz9R8fg2nZx7uyejs1vONCWqGsbV1Pk=,1372.0
consensus_latency,AhzVa1zMs08KKsC85WZfiZut5XcDnZHrlZWlPNYWqkU=,1375.0
consensus_latency,I3kGPC6+AAS14GyohBLR/yOCtqZkeTO8jcGyVnOBmDw=,1375.0
consensus_latency,ErCsNDsX4A+GX3xAg87vHSmS1UMY1hRSwUSk3py+KXg=,1203.0
consensus_latency,q8jATb2yCq2YxfCI2v5/z/t1rjEcRNL1blI7W+JJ2DU=,1175.0
consensus_latency,RiOfifyiCOtEJyy2GEMRXaj1WjsLgeiA7Ppc76geuhI=,1172.0
consensus_latency,71GZeH472eNvnvNVXaS7c071jtYEHwQrdICyV1eQTv0=,1201.0
consensus_latency,kTE0nQ9vqAVCWoucH+0a9Ouief9shKgxrlOjyDlLlas=,1203.0
consensus_latency,KWSLUBVXUkpxvUksfqwhT6OuCgNT1yjpLw2xMEGWHks=,1202.0
consensus_latency,1NMKzgX+DaP5EUpNkuhsyvwsXNtpvEHLTW76gA0YiGE=,1202.0
consensus_latency,wrg4sFsvu0wYcfgO6weATK2t18lduqPL0m6N/jppttg=,1201.0
consensus_latency,Ydw60eAVY8efiEGKBWAqdfLvTI/hrOFS9vnq/g4Kmlg=,1202.0
consensus_latency,7fSlVLKl9TeP/aUTRygkLTjclzMImMoGdXmMg5QXrw0=,1202.0
consensus_latency,OnH5WxDACXGKOQBi19WSwQWsDPIqKEyd/LH2rQN6wiM=,1173.0
consensus_latency,vmoTN5Uw43FmRg2kaN8UhInFch9F3fU4va/vFoPaMuE=,1172.0
consensus_latency,j3Zdg7wiIL2Y0SC8Fa73roRHAQl4GfgCFS08uUeHzkk=,771.0
consensus_latency,BUulrMH/qA7JW/0MEZvkogCNxn1fOjc3edASZymparQ=,1747.0
consensus_latency,g4a8mfT/2lk70fAmO4EWxLeckJt+NGyXqFRny9f2SdQ=,1747.0
consensus_latency,6vvBY6po1X+ifd9LqmoMrUKRdKpQ9BgzqcUzlZjXJBQ=,1716.0
consensus_latency,fFQEyb3TOwklQ4IFY9KOTjutHU0NRDj0zIneoivroB4=,1747.0
consensus_latency,wvGl2dv3EKQ8HbmJk/igaKTbPU7h7Wj+ZVzW3VgpHdI=,1747.0
consensus_latency,7HsKMwENIhHO92BzxZKKIET0okxidOXVRsLbtIIqi38=,1748.0
consensus_latency,CMgUIij/Lpx414I/q10ODz77QkY22lOl1QXtjeXquNY=,1746.0
consensus_latency,QGqarXJXBCGAv0ZHkrTCOmLAym7IQSqIDYKEsO6/C/U=,1747.0
consensus_latency,3K168zDMh6Ip4K4AyJNJfTl0RBknQ2e2LbEZZXCxc5s=,1512.0
consensus_latency,TN0PeVBA5QF364l0jkQrrth0tVB5TDcpnX4SMrTRACY=,1547.0
consensus_latency,23b80bD72RI5Fkcy2VJAED7bSkIWmC00Bg8oRmFL1eY=,1516.0
consensus_latency,Y5nvvPo9ubfvuOs6O3WqIkT9kA9MOoPdPFI7uU91rws=,1547.0
consensus_latency,dsxhmslvsKVhgQ3ORv649WrY7Ie2kF2ZGoj/EyS5opw=,1548.0
consensus_latency,B5ur2FM+gwDiS2fk5mLrQ2z85M/sadQra4UfnT3W+6A=,1546.0
consensus_latency,H5Xj0zJYSW+OAblKkUOeSk1sbbwfyEjyIXeUWrahrQw=,1547.0
consensus_latency,yI/riRkrN5BmcgoLDNDV7zDgMuCoxpdboTIaBpkywNo=,1547.0
consensus_latency,BDQZImvyEPJy1DtjtqjfEDJ4EG+nfqnaEaNap3Q8VtE=,1547.0
consensus_latency,K1EeNn/HYTfLejvq6miOqFVbmcgAkEAs0sGPLjz3Oxs=,1342.0
consensus_latency,LTHhdNkmaek75J1hAO7cHv+J+zDumOxCxxb8rmiB9Tg=,1343.0
consensus_latency,hFccP+QsGqHtFaEd3fUPKiunPXZzgQlVwBEJMabiSO4=,1343.0
consensus_latency,6Btc16Gc881I7EvCqnUKFHF3OfJpjGade4DAO8JoQoo=,1343.0
consensus_latency,MfkafAR7QGJHkaPqMdw7nZI6YnGgZKyTjrlJfQCxrlk=,1342.0
consensus_latency,qpoACnt/aK81sJT8Twy2rNoswqvVQ3uMXsdzCbanMYw=,1342.0
consensus_latency,JjoqshHXANmIoLv1MM+/Mb3kJ3HLHgn3UjlD8UqAPcQ=,1342.0
consensus_latency,NAy1eLuZdlvPe1I7GvVtCYNYrR+xoL92Fi6/KXsB+k4=,1342.0
consensus_latency,oEuaFnlsAOtQzBm+jKAPecGv8nChD8BlGZg0aOY5IBI=,1292.0
consensus_latency,pIlKlWTplodpi9AoDq1wr0B6IJWQh8l0wTZAEnzTDMY=,1292.0
consensus_latency,76QHocJZIvEVad3zDRgcFAFGnHFLBw+uDjsDXpQW6gE=,1295.0
consensus_latency,+xiq+7ty0ax8Kg3zjsA4SU0p8PS8XGnpyX0ntvLZi4k=,1295.0
consensus_latency,v/C8yLEFIbFniS2mxiCZnOUGXMDovgXfpWG3wZTcyTA=,1342.0
consensus_latency,7jKxfIxeHpTHFysb1aTM+P5Lfp4QQqs4QlFTixtN03E=,1342.0
consensus_latency,//9VE38e7uBqXKZqvnxBfNKY9ipYDT/kPTqyfc9ob90=,1142.0
consensus_latency,Y/z98em52lZ9Oxbwcq1DyyBwgthK9uHTHCAlzIXd2a0=,1092.0
consensus_latency,VszALw2eeyhMjXjKsFGXqVJsRutV2pjEkYQAm6C+Uq0=,1092.0
consensus_latency,zuzfqctcVV6J9VXqfISatjEwJX2drJN7TvmBPLFjCCo=,1142.0
consensus_latency,cVEJVt2IHySZZE26aXWfsob/D5jUn1yYbZCqtHrZBpk=,1095.0
consensus_latency,RtvUzBA28/iY9U2ZLkbJuI4tPxf8owbWUTV+0dIkYp8=,1142.0
consensus_latency,q6PvtSZRlZq6KeWCjnRQzXofdt9bN4MPuH2xqSeh9gA=,1144.0
consensus_latency,m4EItF+utmq1Kv7bwut7IY+NYgbtAcOlkWL1RqBXeaA=,1143.0
consensus_latency,uN7mM6ZHtsHb/TFbe2ZC0oIY7d5QgeaqIhtW6+tpHDA=,1142.0
consensus_latency,FwW1e2ZeDaPtV9gU0+Co2f5iGmeRBwEn6LtkG98TF4g=,885.0
consensus_latency,gePAMSRU5IETJJWb9r6fSTmtEe3AC9tLQxtqcKUdUJA=,882.0
consensus_latency,esQYe57c3+LGtzwwjfDehYt7cj8bgG79/MyTvHsLhTM=,683.0
consensus_latency,mpAxGEQ2UIYpP3S9Gbp4JIYqd5mZm4mcB9tnm2AG7y4=,1741.0
consensus_latency,bOSMkBRnbczZOgOfLXXfONpz7kqWWNvqmRixKGlqRK4=,1740.0
consensus_latency,jVx8ZGKuvq2cYMK/HDSC7kYUkiRtvBqGmk2Xs7Y7c4g=,1541.0
consensus_latency,avjMAheyKW4m0VjIsE7GOzr9IEmpT+kB37ivv90OeXI=,1494.0
consensus_latency,yz0c7jGE46JiKLLEbnp1DfuS+VsoHIiwonEVADtVu4g=,1494.0
consensus_latency,KSLHPQeDkFWykhy9/bHe7mDaBKZwbs+eaFsviYyxAVE=,1491.0
consensus_latency,Lf6CYOUh+GBGTA8bPfUknP1sHGn8LjxHgRWCVVOaaAo=,1540.0
consensus_latency,pSQ7X9NxrXktZjt/dpUymMU2MnWnGkCX9eTmUyLCRco=,1540.0
consensus_latency,JdGV3VQYHZ4DvZVtmqL01ykZ6Gp1JRyjAQFORY1ahbQ=,1541.0
consensus_latency,LUWV2Pticbmt4G/Sd/gzSz8kf5uIuQtyzBZKMeFUV4I=,1542.0
consensus_latency,N01yqhNlMrRxmyNu22Y81qxx0g8oyV2VKUXppAylLmA=,1542.0
consensus_latency,Fc+yQqK34T/9B1wm7u8E/0kn264ijsDXGpljg2W1QAU=,1541.0
consensus_latency,vu+4oW6MG6tbIAXqfcoASNESovY1QQqWBsTFvDPg/N8=,1540.0
consensus_latency,06TrRBNsm5JS7ILIOLLdb/a5VQ+WP5HAoAGpdk2eqtU=,1540.0
consensus_latency,ala8KQhEQramdpZX7rFK5KCTPL/a30veNOjHl/juGxk=,1341.0
consensus_latency,jo7vWzMX1A3h5IkugKwTZVv8xJcgmNN84GaXu9qXhMM=,1340.0
consensus_latency,81UJVDu/W0thZ5YY1vzU6b7bhSAumMKYNHxbJLFtiOI=,1292.0
consensus_latency,oV6sElND2Ccdi6AKh2Iqk2n6EAiW5qJ0HWbtAqJSEIU=,1341.0
consensus_latency,dsgP+FQHS26DfxILjg9XG1WaexsHXI18Wnw5E4779so=,1291.0
consensus_latency,jVd6dalOu1Hgj5j/mEaJfe/cq00TfHu/7s9t9pKs0AI=,1341.0
consensus_latency,B2n7xZ7X16iepEmi2OBVfg4kmPJkVU8MeQGL3ZLbJ6Q=,1286.0
consensus_latency,A+iRF4HhzpPtCft3+8IhAFV9VX7HcIWjuBEg1XG6DAk=,1086.0
consensus_latency,OiOv1e7Ik7asa9HexSgEE5LwzMwpYvc2wx5GGzcch5M=,1086.0
consensus_latency,UJphyKVtTa/XzMMWixmekd4U0xpng+HWqxfZWMY9kA0=,1140.0
consensus_latency,z3n2/x3L7PHy88k63B5oWbnMitckQGiBn+RN7VF71zU=,1140.0
consensus_latency,vi1oU0Ykq3hfizaTtESbXnfA+Km9HYR8fZYBBtZi8UQ=,1140.0
consensus_latency,aem5IjsbUpC1NcXviv+lhweLOEox9L5TnNIDC2KHk9w=,1140.0
consensus_latency,sE1pHyVY0bafsdzrg/HFoGYJCk2qLAa9++WjSJ7U/L8=,1090.0
consensus_latency,xOWtYAYhMOyIBjnFYqkPd2tux+r28Dcd6GgdY8j3QZU=,1090.0
consensus_latency,rpGaUUPHy+KF6zKnaR3RB4/eiaCs2kQPpcnvvCW+Ir8=,1093.0
consensus_latency,CtHy1Vh0Lu+p8ZGrlIqfHX6OufcNoBOAsGB+n2AI3Pc=,1142.0
consensus_latency,6uihu3Y2qWAdasimpggESIs67vqNzqMrKtG1MTMFan4=,1142.0
consensus_latency,to5qDaVAadZZm0vRY2Szsc4OsttTY6I8wSagYSjuqTU=,1143.0
consensus_latency,XixFBEMZ4UOKgnleGstZQ8iwZVXwPmqpZytoknfu9A4=,1142.0
consensus_latency,r+YD7AW6ZzrjHCf2S3KkWZP+zexmNsxQHZs1OtLG41Y=,1142.0
consensus_latency,110vctmHS93P8K8LxB3o9I5mk37QIIFfu5cbgCehRTY=,933.0
consensus_latency,RRMhsm6Xxzu4BUriyNMI4MaMZgynMfxida+9exUjWYg=,933.0
consensus_latency,S8XXC9jX834Te+7DpTPoHIp9+g6O8LF/39K8Q9nmJP8=,933.0
consensus_latency,YZTB6+hnM9rGTqH6zSkk3hZoA4sLn6xjUpw4jgrXgic=,933.0
consensus_latency,pfKTrwBlfjYUjK/64MnI3ogiIPChdOOGHVMPZCadDhI=,733.0
consensus_latency,QsR2wAoIMCgldBgvezf2VISU+dFG3uAT93uVD4KX7Pc=,2555.0
consensus_latency,18U82PDHevW8cTy9Jy8mTxeCgvWGqQTB2N6w2tXIbWI=,2554.0
consensus_latency,Y5Vi8RJSMkivCe/+e4twtnRMNXaBAeYJh1tQyNF4dgU=,2555.0
consensus_latency,CsiJslBrcZk5eNRdztOiS3aR4XjpT1thOT/P6fyuIUc=,2608.0
consensus_latency,FPw4c6+BiWfEjBNfAaB5R3mOtIh0DHSBarvc6ILoObE=,2594.0
consensus_latency,9FsgLQaQk9/2eKHGbop3pgfphU0s4b+/HXF87I73coM=,2593.0
consensus_latency,oTb6s2IcUqQAZG37gfbKbsvzNswobmCz93ngg2Fs6zM=,2354.0
consensus_latency,DQXv+r8sjB+8JVBXUgWTIAm+hFUXjTIophuyDQZcNgk=,2393.0
consensus_latency,YULcbUqEeo++WjJHNJ3oGzO6FCfiD1ZlqSHzQ5YBEfQ=,2362.0
consensus_latency,8g00/V0KvbuYvAb5hkgChPdcDQczmK5HIyqCvHZnrbM=,2362.0
consensus_latency,67RV3Velv3Ga0Mq99g/a0c8r0EO6W7+3rbE8PC1yxJk=,2355.0
consensus_latency,cxSBWJlzKYt6zda4ci8qWB7+73+WNVDqxZyZiGvI7Zs=,2355.0
consensus_latency,NStFvwSFxQRQBr2ZHNiet4x2Uj7CBdD6BQLQyo6tyus=,2405.0
consensus_latency,RntsNRE6HTg4TPHBlojuIyvXrOpsy3r7NSF/CSzKnTA=,2394.0
consensus_latency,t/7feLQPEO2nRybyY2Yy3c5qS1FdMu4G9Nasn3zkayI=,2394.0
consensus_latency,HbrcX7HJ6sFfeotA+n71BZv0HpEA07SHdFMMOqOgZ2k=,2408.0
consensus_latency,F7kZB9/ISrCkRPpMIhxfjvlzk7q7HB4MSCe48TJ2/lY=,2190.0
consensus_latency,lL40bBDgKaeZIiQxc7M7KzArOgECZa3hBEAWTMrRuCA=,2190.0
consensus_latency,8/e8+wGsrh9aXAESzSKszkSsbEyY6Snr8Az1mQrswY8=,2191.0
consensus_latency,zrCAjoH/KPyy0lNUEXwYxX6LfYRFPQb4ecSPGj0HeBM=,2191.0
consensus_latency,ojn799kf3Quk0fdpBJI1d2WwoLQLTbzlB8o/DcPg+d0=,2155.0
consensus_latency,qTeLl4xukTEqU2bFq8JQ152HG/wyeugb6hY3Dte6rV0=,2152.0
consensus_latency,1ND4iusFHLq+zHFdX3WFmiToWdNTjSzIpTKCzEGiQK4=,2152.0
consensus_latency,LV7YBixM1LzTFPsMBOR+o0Q/uIYnipWuwkSa9pjlZf8=,2156.0
consensus_latency,SxH/0SpMuEwspVNXXSL+VkJ5AUfbEtPmFQO9llhqzKA=,2156.0
consensus_latency,8SnzGxymbyRSt4x+XAN2Au6lSIHnkuL74RySTY0tAb8=,2163.0
consensus_latency,HbdInZs3hxnoGR2Goge+Ezqi2+cwBmytuk2eyKgVbfA=,2191.0
consensus_latency,eTI+WUuxQ1hv8ru6y+PtT1BdaYgfNnz7vkf9hi7/kCY=,2192.0
consensus_latency,phyJroteonXT7v5y0FEze5f4UXyR2krbAOnqX2OJy/U=,1991.0
consensus_latency,2oex717aCqKEjnyOU0Nc+WxaQZf/gcEAwHdvYdj/S8I=,1991.0
consensus_latency,/ax0vuHLmRWRk/4pXR8DJTZ0Z+ihciuxH1uWMmq7YeM=,1956.0
consensus_latency,sVpdJT+z5OWUpvuQCmVQzax67m26f2JLlpFvFGBzN+M=,1952.0
consensus_latency,Y1rToqejglHH8k+QVKqlwrBAzRFbV70I3sg/mwe+2ew=,1992.0
consensus_latency,aBLgfRdcM0Jq7ZsDlUESfJd8QB7ENZwa3BJ6agu6T+M=,1991.0
consensus_latency,ev7rpah9g6SrtVGUppddcmCGhGYBOgnvTGqqZ1q6Zu0=,1990.0
consensus_latency,5iwgA1kScb5R2cmpBbvINfKJ2dgNJ+fB7N83zjF8AQQ=,1990.0
consensus_latency,GSfFuSCerEn30+C5/22EyWCukwVMRYKorHduEs8WauM=,1955.0
consensus_latency,w5PDR7ZJGzqOymSVHwhlL0Xv8uhEOOccb0625IPpWAY=,1955.0
consensus_latency,WYe4xaoQIpsPJ2d5FPllnhcG22/+R8cjS79bs7KnuY4=,1990.0
consensus_latency,IzmfRqWhUt/z65H0NP/us7s0QzNRkBfQyPko91ar+GI=,1963.0
consensus_latency,5nfNoUd9TvnVQr9VY5lekorL+KbtlpU0cBgZF5fel/M=,1790.0
consensus_latency,Obp1ATzkZayezqWulnAb6JYu8jYGD9A0Xi2n+sdfcyU=,1792.0
consensus_latency,Of6G2X/DPDum7ZK9EX6z/5uOIsr82DOLu2gTGQ5JpVY=,1790.0
consensus_latency,a67RPfnYCSFofqXxH8dlz2y7QtxkuiLmuahklupN8vw=,1762.0
consensus_latency,KYwCeRFvIBsP371oXdUaQrZFe6muNyVAE2deBKvh4Vc=,1791.0
consensus_latency,vRuvq/sZfoJJdDIzfdmZ1WyCZVwv488dsUTeH3c0zmc=,1791.0
consensus_latency,4AKQxNVY6IYTCXSXg5kKhY3Gud0jzIqRrd4UE+BHwas=,1791.0
consensus_latency,VNDueMQoyCoIDga1P0QJ1iLMaja5LiuIy4fpRf7tA88=,1752.0
consensus_latency,0DSrFO/LzHWUlLX6a/s4muLv6jTueb4pN4tsgKWH+dA=,1755.0
consensus_latency,JQtH9oUeW5CKruJtgyGiDgqp4O1OrNOWjH/uCa3E8Jc=,1562.0
consensus_latency,Qo2jdZtq0T79fj04LHIVqs8AGrwB4Tz7rJLbS+IQwGo=,1562.0
consensus_latency,ebZb7WTyqco4EyKa8RvrQy7m/NaMWSH9Cm5Pa1cF0RI=,1590.0
consensus_latency,IUnLeQk03Mc1y+ql/owYBvhlHJbPA4lXA5k8X5uQanw=,1591.0
consensus_latency,HXZ/C5g3jJEpQEhbY+iN6B9vi3g6lL6ZnIxdaM9KVKc=,1590.0
consensus_latency,QBxW7DD3RRYPUs8ruS44tXjC1DntzLnI+pENf4OSIgg=,1592.0
consensus_latency,hrZ91fiex/gGD4Y+aRyaf8re34MPv1QcCTfqo80q51I=,1555.0
consensus_latency,yZx//fZhS/UcZiLSnvOfu4BkpXjHUayVDE7KY81xSD4=,1591.0
consensus_latency,kuyIx0GdRHoPY0ar2NFmplIiFnDilUVZzmVIitqe8Hg=,1552.0
consensus_latency,C0ZmmIDSYF85zZxLP9lhft1uekuvQRgg+bi0WUy9cC8=,1391.0
consensus_latency,1hE92Aog49kj78Bzc4RdoRGaCs5IHg/8nO58wbOaaCI=,1391.0
consensus_latency,rPYyOmhtjSlAgrt1zF77F7zTH8xndkxhxwtZfp9yOl4=,1390.0
consensus_latency,8JWoaPLWBIdhGVvhlXxzdk4Nz1T6Y8RMdayCxOeMEnY=,1390.0
consensus_latency,JP+b/MYbcofrSgla6tL/H3X2tzk5Q2OihQyscraSzxc=,1390.0
consensus_latency,NJiqP1PZof/j4tHMz7z4dMlGk/6LpdCVBdU9oMVd598=,1389.0
consensus_latency,tpsXR84NLHq1cWxPs3zRbpv0G4hd+sH6mAXz4cCrcMY=,1352.0
consensus_latency,kBmW2HG2jrGuZoVNCv3VzKCEuFcOca6VyW6GbnN2tjg=,1373.0
consensus_latency,risnNgdNcpbkAkIxqi9HHuYiW8GPLvoryN2QDdZaRG8=,1373.0
consensus_latency,xDxHJrfN3nCFtTqM56oeSriNu4+WuMGh3Ce/QabhFGU=,1373.0
consensus_latency,W1VuhVJ4eU/ZHni7YN4jqFW7MHmimxZh2UoHxy/Rvtc=,1355.0
consensus_latency,kuQh1wAzsY8+xjaJbPlWth6kkxZOe3IJp1KWNCTtuhs=,1355.0
consensus_latency,hiKzN86ls+wQbo20SIoNgT4butFuOO3mWZ0Itcc8vrE=,1391.0
consensus_latency,6Vrx6ub79bPKgBY+cJi4xbDEhxc8ymhCmeAvbYH3pg8=,1190.0
consensus_latency,kHuaBVqBWvFV1u/FoU8sf9X0+XzQHbJGpqwc1bpRYU0=,1152.0
consensus_latency,1rE7v9PrlP2UAE8n8Ya813mvWhQ0C2UVPvbM8qWlafg=,1151.0
consensus_latency,nyDMTCq0wfjmmQEjLunH1cWJpL0g2UhlSzdBrxqIKgY=,1191.0
consensus_latency,nyaMtV1xAyUbeCko2fAGkEO2zJjwdHv+MTGiZYNWKb8=,1191.0
consensus_latency,04UX/1iCk93egXqPBjjvRgLmSbykY7i+ioifi1RVaIU=,1162.0
consensus_latency,e/X23jN2y3R8ofGD3MfDeca+stS/O0+gaZzZlGKquAE=,1173.0
consensus_latency,ayovvpolekCO79MynYROnNv5xILQ/faga4S+sytRx84=,1189.0
consensus_latency,Fz3AjmJI4NWibnvMnEBHATg9qtqZOiSWeMv2vn0KlvQ=,1190.0
consensus_latency,kBg/XH1t3AoOaR5grqTxzG5GcPkr87+qt009+sYGtdA=,1190.0
consensus_latency,cDOngkYyJAvbKhCzLzg9v7Nfox7xHle2VFf/xFaLZ+M=,1191.0
consensus_latency,NaUb+yEp6nEUdDcNzJgkEr+70aGWu5Bm/Du1EvKO0PM=,1155.0
consensus_latency,1ehPsqykXguNpSlj948QJEefNbCirdEurwayUzUBVZQ=,990.0
consensus_latency,Npk6MeTH50MbqhAVk3mmzQgU39XJ3/8EiA6eIC7MC6c=,962.0
consensus_latency,enhFGsve4PQOYxKbsaJGMUgDm6YktYfLDpGXYO1gAy0=,990.0
consensus_latency,ShOUsS9J99HiKIs2AtMbM/lkZEi2JBpaZgKobJq8Q14=,991.0
consensus_latency,Pc5KPHkrFqHKGcrdMjaDEVBfUKNK7PR/CuzqDgKMX7k=,791.0
consensus_latency,H01DuDMZuJHgatQ9Z5F6TsKkPhASKYWDLvpuklxWOCY=,1697.0
consensus_latency,/RmvPTKhWp+pVRxJfmgRiEh+EuhJtzcSOhOXScuSa5k=,1709.0
consensus_latency,FEhBM5f21VgpWJ5OZuTrShwt+f4YZEmU1J04j94BfN0=,1702.0
consensus_latency,J6NM8yEFGmwexp3ja2vTTVNwOnv/4RIt9QjzwjMK1dk=,1737.0
consensus_latency,NuhY0xC6vtvgTqt7zRImxIez/ZDrOGLVGhhQxg6ouqw=,1538.0
consensus_latency,AMq8sjURBuAPh+lsKOgBbxsdHu89YJBP10d8kSu2rSk=,1501.0
consensus_latency,PMIv9KGQ5U+bewbX1s/pkoBm6PuSAfspvUn+5WPckJ8=,1509.0
consensus_latency,spi6AH+VJ4iBJiSpCzNvF6mTy6YUwvsSoHbfVOVGrKI=,1508.0
consensus_latency,smh2t9te8r+yUD4mwnzmi51sbjqCIJMESh8SXMCdpUc=,1509.0
consensus_latency,1+BU2i6kkJTuv/gr0Tw+zALjsgH5FUOm6Rxt4hFdF5o=,1509.0
consensus_latency,8rWQ8iGYI4rl28G1ryKL36XmGk82wcj9i40iIKfYfUM=,1536.0
consensus_latency,YOhg28lDIrD7hZw+KDthjmXmnO0ZRHeTKPGhq2NNzmA=,1536.0
consensus_latency,mrb9GJQwyumbb1usNo7THbql4Z3KNWS+UGtE8aarVt0=,1498.0
consensus_latency,Y4DiQHcFgKFtCNh2xNxbmLZZHP0znPTsZeyiwCbJ7oc=,1537.0
consensus_latency,roUFGlBt686h0eYaUv9+7X9KNmGGLlMmWxebzVvMGQc=,1537.0
consensus_latency,QTYZzoUwcvueC1hM1uFd4EgRrKLhv1iPsJNtpcCKhig=,1298.0
consensus_latency,Tz5SNaH+Ss+RIUEBSXQ8vy2MkBlZd9IMC5Ya0600+YA=,1298.0
consensus_latency,aj9q6aaP8xfQQBac+/0vjXABZZmu6TYM09AyE2CPRKA=,1301.0
consensus_latency,dx6AVydaWNmCbXy0szcIkrLpDlcMaWn1p3nO/P4t7Sw=,1301.0
consensus_latency,nguXP3Rtgx+tKwLAgkx1J2dIXEAFx/VcMb7GLLSDTKU=,1337.0
consensus_latency,Slnbr/EQYFO1FhnK/K2DR/byI9UDnl/JPtJXDZIBK5Y=,1301.0
consensus_latency,go+U7mN22h+DWWsStOJ8wMH/yk++7uylgtVUf/oiMQw=,1336.0
consensus_latency,+VQ4zaVT+SthePYoLRUt3dmw8e4ffk8G5jUaElK8xTY=,1336.0
consensus_latency,wi3GG6BtXk5+k+PM2wn5Tihsu4fHotKld7INS7p4R1s=,1337.0
consensus_latency,1owcDmIMq13lhrWUcKRRkm2Yn8vrOsXOsv2ScYSvQ0U=,1308.0
consensus_latency,40fqjpNF+2u5nDOm91pzwGQzfmlAryNrLMahcBTfBEY=,1336.0
consensus_latency,J9ALt/dK2nqeENbK7WN7HfiS1iN53i3vw6KTrpgHrpA=,1338.0
consensus_latency,dRUrXUts4D5q9hvxlPybcVh0c9VfL9Jt7SRyXBsZXjg=,1338.0
consensus_latency,W0BpnI4TIkON5PM8fychYSrsRwQYwZWJjStvTPkQ6eg=,1101.0
consensus_latency,aqk3bQMWT1bSYkfa7xBSoQXrH3jH+1yHiE+NmNnYMkI=,1138.0
consensus_latency,Ih+ba9abIMn8y693YobRGgneN6lROC6RgUXjnyWmuIk=,1137.0
consensus_latency,psckWfO9/o9RkYa23wpulRDpWVD/eyRJ1Fn5XEeHtUE=,1137.0
consensus_latency,bs+S79XlKkuRnNGY1wUPGhAiUgIgEFYltk53O5nQJLA=,1138.0
consensus_latency,fMah57piI6GnRiSCEgAK/EoTTqFf5TV/z69oVKG+2lY=,1137.0
consensus_latency,fP1K0aEgeVQYoMAYLzMOnIUCrPu65PBqopu/SoTSoMk=,1099.0
consensus_latency,cS/5UD2K7uDmdhj/BCRf1Hthp7TRntfppxLhV0FBctQ=,1109.0
consensus_latency,RKmzFBDlk0MFTHgzZwgbRHI0pxx/7YrYeyGcUIzX12Q=,1137.0
consensus_latency,axy5NEJj0NLyg1Ztlbvsog9wiGNMH/YC+WFIOctP2vo=,1102.0
consensus_latency,njGlN0YMNfDyLiBGzOqJpn+0eQERVWPqkIMAxWmEpBw=,883.0
consensus_latency,49ZBRTISA4rOW90inLeowzZOq+325EaNky184lY5BPE=,883.0
consensus_latency,/1e25hFJwx3zdYiq8rLw0Q5KsXc7u/tUmiaqD6WrFYk=,886.0
consensus_latency,owRloLkO/6j/rykzXERLr2XVrqs27G+BxH+FivfOtuM=,686.0
consensus_latency,0tWtq4OmmGHXWJMv+JXg1lBiyZLt0Db/XrGGmUVrxgw=,1717.0
consensus_latency,Fv4a19nOU+D912lgi56eAuFbZt0MaQCsMrToGugAb04=,1742.0
consensus_latency,sysReWBPROavJorr1Y/sNyj98m9mhJREofRTFJtjCE0=,1741.0
consensus_latency,WprIEMLE4vy2LAl9AA8vJtwT/smVRETHsHVi998tTSo=,1743.0
consensus_latency,pbETWEHkFe2h1nCLztdRu8hpeut2lLO3QwjmZiS29OM=,1743.0
consensus_latency,q9Ej5UEBfarsUn8qxmDIvGfsHEFko5u/Fd3/IamO5Ik=,1743.0
consensus_latency,PURLvzpZm2wE9og5j7/MNNkxhJFWHEZA401SwS6j83I=,1743.0
consensus_latency,bQgZBC9dT6p9G54a1dYHpmi5f9S6q/km58w+GHuLk/s=,1542.0
consensus_latency,bhtxBky2yBWEVIYD3XxWFx0siajkoE2BUl2hLDyiFcY=,1517.0
consensus_latency,5juIdVHhWtonvFBfk1+Q5laPQnZdU+thtp0reL1TNdk=,1517.0
consensus_latency,H26Bcqx6ARekL24VAddlfjDYAqjxh6ouaPAfUsoYofI=,1491.0
consensus_latency,hJN48ioIZxfMRIOj9Y7dI5kJ6wjtOQy/FbvGDYgWqtA=,1542.0
consensus_latency,9PkopF8DpZ3nVXMsvYOPs4+yyGFCnCw4beaz9XvUWX4=,1542.0
consensus_latency,BQ1tHjfNMaO6+Y7I/zLHYp1rGLFYHVR3GbYsovsZ8FM=,1491.0
consensus_latency,+uUUdN48x/+k3pwfCy21geZcPL8XsnnS28pMqC7ZZDs=,1543.0
consensus_latency,d2Qg0P5w7RRAPDLrIBWP4qHYPnfaccB5NdDPYjAJmG4=,1543.0
consensus_latency,bgqZLM3ZOwkWil70uEltlnsyzq/CRsuBxJhmixmSwcU=,1541.0
consensus_latency,enuhvDEzwuRUnEExmIIUgEaBKguvpOsdRgeXgvKRB+g=,1291.0
consensus_latency,NkozeWHRoo4h0a3OI4Xx+b8xyRqfN1ERHoORGosZB2Y=,1316.0
consensus_latency,3UAMpvZOSbcehGeGB5AlrkJ2wo54LSJySo8LWCktBQ8=,1288.0
consensus_latency,93Og3LghzNjxGT+TkOaovnqZBh2WpC8qtBhareRHsP4=,1334.0
consensus_latency,CcoflpDsQOGZpbx1TfTGKC/mXb89fb+ziJRZCtkNoAY=,1336.0
consensus_latency,WrwB5cRy7QCiW/gx2dwiMmvks8RKsttU6dW4QEhPGNM=,1333.0
consensus_latency,wbCToMzOrofjn8d/9m2yXFeKlcdTcAHU4yixV+e8ml0=,1333.0
consensus_latency,He8cNI94HxQ09W+jufSsMgLnEFyP0YdfxOw4BCIzOoE=,1329.0
consensus_latency,M2VMHYoHF56irviIClUvvfCF3xaLkrVGNdQZixk4Nvg=,1333.0
consensus_latency,n7Q0VFa7QI/MMtWskEz7aG1G8/2e637CI3fELNFa1AM=,1091.0
consensus_latency,d17u5+lXp+DgLn+ThynvfoWncuOrbIlQX5/DltvR204=,1087.0
consensus_latency,wZJP9PIZCZLxaIX4I/nDKIWny4jLIb1IQQbgRyZzZ7A=,1086.0
consensus_latency,BooCHYRqQVLymrUdbR6gCkdXFik9fO4UH6NYd+elSDo=,1088.0
consensus_latency,vSE2VBDB3RBEpXVJJrRpaTnV245cevO8HRf4c/5zjgY=,1088.0
consensus_latency,RBrPVo5sn8iT/TTYdgUUX3uHRCRYlxIz/QkuCXmTPQY=,1134.0
consensus_latency,yJ4ufqhW7s5InUjYBthtjE4/aTjMgb9j9ekIiMhEb1c=,1134.0
consensus_latency,iCRYHGeoBy2BctNfktrmRcv7p1WoF5YHC9NcdfD34WI=,1136.0
consensus_latency,rhkJMcvBWJfq7HeZ0/172snPr2ej5Kmw0Zy/r1gvoZM=,1133.0
consensus_latency,Hf1Pm0Oyzls7yd/olL+rsAL/73kGLS4fFaYY1edkxI0=,1129.0
consensus_latency,equd/hwHtuNB67fqK1Agk5Ttd5BbpdfV5hEGoe2t8Y8=,1129.0
consensus_latency,EdNu144xfunIQWFSgSf6OvLP38pGrciNd7WxiVtZC0c=,1116.0
consensus_latency,XtQNnkS9VrR7AmLmd3pQZNcc0ZUm6fGbOXCDrtWHJBo=,1133.0
consensus_latency,/iwj5HOzqsoEXGL1taKAeYvKRsM+qsB0a8nTOANFWrI=,1133.0
consensus_latency,3XERwVuWGB6SvuP+KerU8oZvw2oFaaphyit7bDoK3lM=,882.0
consensus_latency,f93PRpZnQwd6048ezKmfFDhgaxtZmolUehJ10nZjLLI=,688.0
consensus_latency,KYWwaJkbgqpFpzAZQW9r4eNkDPhggfYqhAL4giYY09Q=,1748.0
consensus_latency,LlyxXEfOjGuphHu3xWxI5WBUsm4p5h9C0k0YeeWhAPA=,1747.0
consensus_latency,giPB9RJ3cBubW8tpv7dIWAgxmCbOHT0uH2YQjLW2uZc=,1748.0
consensus_latency,LuVyOhOB3DgI8GLD/i7c1czoedxwyOiFDxQCY+GXY8s=,1749.0
consensus_latency,H2i8uFXP41/HHDD6t3FkavoLaKRLK3nhsCwQShyrJ6U=,1749.0
consensus_latency,kZlSInV2FKqmpD9MHQTSXxxo6ad1dqO9kkEoprxpRYw=,1505.0
consensus_latency,1+lXx+VufmWZYE0UEa8/Ui0SrqEIAr5o2RAokv6lITs=,1548.0
consensus_latency,8SSZNE4cPfe2F6SyUQzXG7EM5Kn61oM6ULWA/m5fKfw=,1548.0
consensus_latency,09WfKnH2odFHzrs9LBAWP9CRE50zUl41nwYPvW4y7ds=,1548.0
consensus_latency,4peytMTZt8zo9Q81CCaILsXc1jBzqQU88DlbuEy+z3s=,1537.0
consensus_latency,H2DEjgcZ81cp78e+DcmidKbfJBRTSjXQnHZ8aoF5CAc=,1547.0
consensus_latency,dhgSXSKKJ3D1ebzFm/A5Yae7ddVpY4oB8hgn4nVt02k=,1549.0
consensus_latency,HOxahJGuR6q/9QhTC2Rx1ZO7Gwd3I0wLNSCVIIw8yL0=,1503.0
consensus_latency,tniTL9jINeTw4wD/raehA87F3FTEUKIi4G2YYQZAT/E=,1549.0
consensus_latency,8Yt5dzNuoE8WaTjlu5VoH+1jApEabbHx2ejmjS3AowM=,1549.0
consensus_latency,F9CzKpmA0+Fh7wyLC/bb/wr9Si/P3WWa1iClvPgD7zk=,1304.0
consensus_latency,7xeSWIcFLElBytlyY0l+YJ5dMQF5KlbaJEqKuP4Qcws=,1304.0
consensus_latency,UT7x+wZ0CxN+CoiDO3fQpF+kltaPBeRT+us5IWYLXRA=,1309.0
consensus_latency,UYi9JOW1+0CI4cAsTkQJ6k+CZzvSU0JokVGCFYOZs7Y=,1346.0
consensus_latency,1M30NrgE9OJ8OgctzjH1Pae8Tw9dD3euJsYhVmbhBWY=,1305.0
consensus_latency,BGFToxs77NGN63hfseZf6KDo2kpzVFDSCELP4h0sziI=,1348.0
consensus_latency,PTT1m/uD7haeEdipCic7jK7mx1fW/tRWriNTzEPOjOw=,1348.0
consensus_latency,UKmpvURvKlRv7nqDSfoPsk+HeRhyrq9MRBdD9X7Sk4w=,1338.0
consensus_latency,r9tsyd0ldgMLZCouzp44lq3VOYm5N+l0kHOQxFyIxBc=,1338.0
consensus_latency,toaEpwC9wI1oHIqqXzjstdJPNaq0QasOdubPZCUtchs=,1348.0
consensus_latency,EX6Qzxa9q0v9zwhtvTekIn2RnTju1wlFVsiA2J8BGZg=,1105.0
consensus_latency,wkrIxQVYVD7BSxK+c1NoaCIuh8t+CpxIxW3XD4H0xug=,1105.0
consensus_latency,LFK6j9Gf5cQVNHiSd0QicNq22kgLv2FlRdDegByPOwQ=,1148.0
consensus_latency,isedQemj+Zscg/rLI6DWWWADeNj6mQYPRgmbUj7g5Hs=,1147.0
consensus_latency,KqHFjMwszZg41/4rs9Cbt8+n0spuK3UVLAGW9uZCyss=,1109.0
consensus_latency,04/tm49CpwBpf/+LkBGg4GL+29R1ICI0EzutQSSZOJ8=,1138.0
consensus_latency,XkJt9/jL0BDmeRrYe0r64GW0PdGPUvzEz1q4KTJbWbE=,1147.0
consensus_latency,xZ+IgVKwTAuTv2fMoYRGQfeuzLVt0rP7v+5PKHFJYB4=,1147.0
consensus_latency,HoeGzCCpqCiezsvcxQOhhOfPPqoyVfxcSBWOJALkFlc=,1146.0
consensus_latency,KWL8THJeOBuwrxR8L8H3x+n9rnO3Q2QIjWHsmN3VwUw=,1146.0
consensus_latency,DRG1XQKAnSnjJ+CGqrwPE7EYxpVlP+oah8x52XyYRsk=,1148.0
consensus_latency,GSjTCaCxPvibDECBBlM+MOUfmnpJ5QM1piY7HwZhv5o=,1148.0
consensus_latency,/GYLYlNxWX19XYnZYDUKyhMIRVDYQy/HEGrASjXRFAE=,1104.0
consensus_latency,O/XRt5FutqromOLqdmpJ9xwFhjyf8fyKzYt4ActcyXc=,948.0
consensus_latency,kVxRQEMtnvDqKdV4hRDsBefAm7KD7kasMEX1bkBaZdk=,946.0
consensus_latency,1wJIPM+zYEIjL/1lx81vyCJGsFvAjXAobuPAF4309RU=,947.0
consensus_latency,y+f1JhaMwiAv+wdJ+ec/m2ynWgut2G1//pqmUH7m7M8=,937.0
consensus_latency,lDXJQENl5Cip3bIK60W7MNEw+B0cBibvgIgOdqyzKx8=,748.0
consensus_latency,O0Y9k6RreiqCxxodqPN52swRvECW9ZWe1wKMEIKHNYo=,2511.0
consensus_latency,SyMw4x2fvw6KqYVF/f/H3iUqdAXz5big6K/efLIx+gs=,2510.0
consensus_latency,eENlUvfk1gHQHdc6jzpVH47bejTTJOrYsRhA7q+todI=,2514.0
consensus_latency,zPuac8yUeJL1mxCiA5/yGP4IkFm6X+sPAhF5vTP4RrQ=,2352.0
consensus_latency,8pSj0BDsbyWyJLzQgFmlqr4iTyze0CrtDZxq6O5iIcI=,2343.0
consensus_latency,L4PvNWT3trrB2uGglDiahL6hrjz/BinDg0C0jbRZ88w=,2314.0
consensus_latency,aXuCprkvRbxvmmIimZUbfDTEX1lMYkKSyZvqqPXovQM=,2314.0
consensus_latency,D/wD8GPMXJgl7s4JGfoNhNeu9RcrI0TNI8EnDC1TLdw=,2353.0
consensus_latency,Cq5LvaHk6nt+mOjJ1qLI2v5zCCIa2ZRqDKlaoOamNOs=,2353.0
consensus_latency,JR2p+8WvHL1rj90FgrMxrAeTvhRwXjqekshMwo0IIcw=,2311.0
consensus_latency,k8/Tt66PUyLNkmMxh2G38r1Rfaql4aHRPP062gyyAco=,2353.0
consensus_latency,MotXN9uJMHYZFJ5GUFE1sVd9mJxQjLQL8Y2Jq5y5/5E=,2310.0
consensus_latency,X98oWws/JGXqCI8ourHLbO/SGohp4aBa+7EXq4V+AR4=,2407.0
consensus_latency,p3DkauRUoV7ca13DUYLFd9tC29j9NcNO4NFxnQ7wFcs=,2154.0
consensus_latency,mw+l6IbpLOlDt+/Favzy8chpceDqxo7zfL48UKE1g+I=,2144.0
consensus_latency,3aCk6TJfHKCNp/HIskcgLQbFXpy8XCB60qjedMTakqc=,2144.0
consensus_latency,TXx5PwB/ruLZ+rAE4XSUdqboDE6LhYkUF78ff5bterI=,2155.0
consensus_latency,bZGVl6STOEf9Iq8BZRx4hSslJKOxTjwPpGo1cLW2JMU=,2155.0
consensus_latency,nCM4wJn/AwrL0FwmttOM6SvJejntXd954Yr9p/pSxqk=,2110.0
consensus_latency,oe+xvvNqChBd7Lf5kcb1nUvfjg5iQbOCBvPC2dVZNgw=,2110.0
consensus_latency,ayu9YdHNGKbcWgBpv/FvjMTX5WGpWXh80FvdQ96J3P4=,2109.0
consensus_latency,Psm1WqyKO92b7nH9D5y4PdH9upbHV8n7ZTAJ42SRULE=,2112.0
consensus_latency,Fb/mH/b43hg9E/QhVn4fF5AQVS1RdKnth9KXtOxJ/ao=,1954.0
consensus_latency,J1nt0/S5lsH9GoEQRjKXLlIoeFWk4YxuqSZVTViPq4Q=,1954.0
consensus_latency,C33nymrkNks2Uhv99LCNq3RUDWfukb+E2B/baBFj+qc=,1944.0
consensus_latency,gJiaUzbOXCwbbj4awTtdTwBZ+rEjnucP6A/nilrWR5I=,1955.0
consensus_latency,u78Q5W6Zm+2SB2EGWM06KoZW0nMFI9I44yPRGq6QSPI=,1950.0
consensus_latency,1dy/6nnXKcNgvVUaze59upV8L1N2tZMnouIwYk+yjlg=,1950.0
consensus_latency,ao2KZ2IIOxm7DsAglWwbvR7O7f9gXrIIQ2w78i80qJc=,1912.0
consensus_latency,nvHHY3IfsfeOJHqdTjOvZ4ZZGwysvvJuKBG8gdqMe4M=,1912.0
consensus_latency,X5vln7g+aENUFBKka9q2s0+0Fum7a3xq4otJQaBcOo8=,1909.0
consensus_latency,LywF11uHWydjp2jphHLkfDJDqYxf6mWJkyHMteqTHF4=,1953.0
consensus_latency,kcYs2wARAVvX0sRUap6DYyL5/t7DosbeavWh6pItxug=,1953.0
consensus_latency,a1RCf2d9T7ONR7yFLTdy+QYiSt3iaFMMKY0BisecU8Y=,1953.0
consensus_latency,c/k4VxZN7G8Mop95c5KnxQuD/fSm/wgluskqS/Izh+s=,1910.0
consensus_latency,bHh2ttc0HKx86TA3EeOSVuT7bt4ZboZFHypJKroZgGQ=,1752.0
consensus_latency,aoItIbuMR5i+6yP6pykLKp4bPfdzxlxTly+swSejDL4=,1744.0
consensus_latency,W3iCM1Lm5RrdlPgEjzQ6nNcyTrrQAnqNWoXek+m9Zqk=,1754.0
consensus_latency,GFKR41yBoqCwUkMbnBwGst1kxCEy5spqg2fTrGh65e0=,1750.0
consensus_latency,r9ZK1lGDYxRVjnq68O+30jzi9fdz1EOKX0RaiEJqvRA=,1753.0
consensus_latency,qMh7JpBanD9FzOtwGlCMLWY7Gl7IEaq88+Sk7Bz2a2w=,1754.0
consensus_latency,RHFOy6JAXKv2fNLGIK5vap+wm/A7AXUMX7bpD+RJRsY=,1710.0
consensus_latency,CUsc+gffrj3emq7/o2wbbpbhTut5F4VnRIKb5qKVcqY=,1708.0
consensus_latency,R8Y+2zMvxCeihh435ACLKX/ga7YduYNfnBae1s2c2ns=,1554.0
consensus_latency,AOqks2hgEeI9t8isKLtpInOW2Q4k0QyMSI8cMhBgYPQ=,1509.0
consensus_latency,rBmalxc8VojAKh8oLnZVXJT8S80SlBy/OTW1o75S4wg=,1509.0
consensus_latency,TD4A+JNd5S35t48ffAoil2WN3HePTtsGmUBsgJGgw7A=,1555.0
consensus_latency,W43bnbgWGpUjvUhYTIM1ou88qm5IHGCzApNVOxj3uDk=,1511.0
consensus_latency,aL3mHaEWsWWv3ACa7i6QH5JSyM9tpVWLQAkKYfF48O8=,1512.0
consensus_latency,FcCzU/CQSbFpL+cCthuatJ+PqL1n6D1B9U8hr4OqtJE=,1554.0
consensus_latency,Pa1b8B7F4eDnx2nfHAd6w5DkAXi93YOqNPnjy/UxkyI=,1553.0
consensus_latency,AHj4bVXYkHfl4M0S+P7Vu4ISY0iWcxe8MKZaRyPxrIY=,1545.0
consensus_latency,wUUyiPj9YFzywl057RNPcdJ8U+IgHEysLt+7Wv3D2hk=,1551.0
consensus_latency,b/R0lHZcDRxx53SphwvYPF4KDOcFU5pj60Ksbi0Pdbw=,1348.0
consensus_latency,6fZGmVBkyp+nlsV0ra0FtcygtGOsRUse7EAeaZfVGgo=,1348.0
consensus_latency,VM7qMahSN3Fn3jeN5SWLXggqeNIKB3PhoHr0h8Fn/WA=,1345.0
consensus_latency,tHt7jQThLE99EA9+zPnj2hJAAzBoKJslWxKU6z0CIKc=,1348.0
consensus_latency,LjpN19C8FK8+wqXuqjU9FrYvcasmHP9jsbmxgavGkyc=,1347.0
consensus_latency,UKvR8uHKAcqnu6KmVToFOGnCzbFgKgFv+WLB2YnOsiU=,1347.0
consensus_latency,h7kiRQsUmXD9rfIGOSFRrD/VBmK99GYB7BrIjPR5ugw=,1347.0
consensus_latency,D4tN4IsuPtzC0Uz5yjS2ZbSq0ttWORUhdPFqT+DCfI4=,1309.0
consensus_latency,f5uHdgLMYiT7R6CQVn9RlTixRSg7SQR3lOBO7/DtK88=,1311.0
consensus_latency,0Axi1s5C1SJSJAY0SALf1H3bN9snMU6Sxwi1xxjj4fE=,1148.0
consensus_latency,ZLgAtJxuhyWKwAeDX040t27rBnQmxDbfLzM9z5gwl1c=,1111.0
consensus_latency,ccVYEVp58BB/X8Ej2m4izJ1kPwIIrpUQcAjA0OSCV30=,1111.0
consensus_latency,++dLr6ZvQRKbWQ3H2N2kgpyegVWwaxxcyakkpy+mLWo=,1111.0
consensus_latency,ASm4TslLpSXWw4zhNOmKHzvNCygJHiW0MsjNySYNpOE=,1146.0
consensus_latency,2agfOBGALjhvL6wh+F/YKZb8fdiSs7L9oWcG2uNVNCk=,1144.0
consensus_latency,+121qtU2a/nHga4paoQfzMpWddx/RxYzOzREyOs6PZc=,1144.0
consensus_latency,I2onrPIqKaUarwxL/lYHWQWMJR79x501qRsuVTrmeAo=,1147.0
consensus_latency,8cuxhsJJFjvsqKMdhtZsVaIFAp1wfbFCsLc4aTP0IJI=,1147.0
consensus_latency,j+c+gS8oy7KE7WctPyv5ADTKS7ON+I4PcBVgKFj/A/M=,1110.0
consensus_latency,mUBOVulZzMwbCh5QCskHR/LYn1kPOIRqL2ld5pq52bU=,1148.0
consensus_latency,HkBxsPyHEGYkiM21b/qR5xqWBLY8XuhfnYgvo0toJJY=,947.0
consensus_latency,dtEhFptHBf/dCVkQcTculkx8kCdHl1lx2c2VwrZHufs=,947.0
consensus_latency,FBuYRSLlTqu4Mrig0ilcqrFR0T4srmf/hBl8M+uRRmc=,949.0
consensus_latency,U/q31BY2DMIlqrrs+MTO+AvCimZOIruGbRikH0at88E=,949.0
consensus_latency,jr/wwbnETCXz662kI7xOcrpxa2QRDJ9Q71GppGu406M=,945.0
consensus_latency,PH8XPJy7D8yQ2yzuZN7Erkh3KHB1m0y1pJBFgoFKYhw=,948.0
consensus_latency,Zkcs9EZXwTk/gZXtppJ/fdsi5UQxk9hX9aWF5qGzWec=,748.0
consensus_latency,VJ3zqwT1OQVinre8sSjPB/uOThJo/i5dCNp4a8evZUY=,1680.0
consensus_latency,aB6B95F60FiPAGIgCi+Q71uffcmmWA+N50MeEex1TFg=,1680.0
consensus_latency,n1OPb/9A5rtdALsah3UQpJCWz0lA/JoWYasBpbh6OK4=,1681.0
consensus_latency,8JJdTbNf++mu2NB9X4fEKdbudrm1gj8c2naMJt2nyeM=,1684.0
consensus_latency,tR30QhhUxzYIRKZsT1gFEX6eh1KsgyBiUDWqG4Wx/1I=,1479.0
consensus_latency,mZyZwZOCNCfq7vBjQkfSHsdFIICzmAxedwi0LK1dGUw=,1521.0
consensus_latency,HoVuMOTqgJzMOTyObKY5qMTJiAr+SxHmRdoE7te+53M=,1481.0
consensus_latency,Tm/z5F78gLap+XAszTiV8bfzaF2RJ+4xckFjcabMw/8=,1523.0
consensus_latency,/OccsOdtp+1hfHNvPCs6IVcv5DQBv7XXJIjpP+FrQVI=,1484.0
consensus_latency,UoKnnPxFf2UNHwo03/OV920LTICLCnt3lff+3cCZKAc=,1521.0
consensus_latency,JosrpU2KQB+O6M4jRWGL3da2jcCTl3HnHmJsf9dT1lM=,1522.0
consensus_latency,/DK9IPb0QV4e+uodktjpC+yQxOcha5HkZJkaFa3aukY=,1519.0
consensus_latency,M3+OQ9wKuYxwdTAw1y90UqDUDQffWsE8X0l/2AAuQCc=,1322.0
consensus_latency,iI0bFcQnqFNJn7p6VzYy31XfMKA9rzaNU39TBhK+HZs=,1322.0
consensus_latency,z2NDaesqKhTrlUbK1Vz6qACVt68GF3O/r+9gaWSiSKA=,1277.0
consensus_latency,OWqzZxx4XhpqK9a2dAR5PJtx9MQtgb09S/vo4JvxwkM=,1277.0
consensus_latency,RpcWIxz0cchGSDUUarGFpEek+0AixSrgWO3+mgAoQlg=,1280.0
consensus_latency,W1A5xDXcBTlBQvC41CFgW15O7DxEAAiLlteOCcJ0ADU=,1280.0
consensus_latency,hCD+feZ4flaggqbWikPuhSUVkOHqMWWPaZT76AfFtgA=,1320.0
consensus_latency,SLi27hV0Qd98JodIJ/AyONDS1rPuH+r5MT+jHrJRYDg=,1322.0
consensus_latency,qjMcqSqD7DLriawNKWHVUVloWqQP5ddgp6Xc0c8YO04=,1323.0
consensus_latency,cTJk10jwOl2eT9VXZ9eAlfeaXK2qF9yC81NKZaZ9XRo=,1078.0
consensus_latency,9nxocIr7y+awZMS9Km8vEshuDfpXIldsBq9YRL5/q1Q=,1122.0
consensus_latency,3HjsRQWO5bEHx8Ia/iPfOsTSflXJImCXF3d5IlEP2ww=,1124.0
consensus_latency,2puGAbctpDALRo69smiBfjQ7Nc8F3cVN9ZixurDusHA=,1123.0
consensus_latency,nUgNQe/9fCw4FQ8h5bGtKCvJFGD0ZPQ08iZPc5J9gHc=,1119.0
consensus_latency,ujPH4DKUhOZhdrAC8EoWs8RZTqLmq6UJmQ2owELl6b8=,1119.0
consensus_latency,KDGAApedDuYGvJtw5PwdhKHyjuNCmtfFaHcpaCTiC50=,1078.0
consensus_latency,P5CCmkCGIYtMwuwuIikF/tG2YPEoizOZ3uny2+ATs+k=,1078.0
consensus_latency,dYq8EtTXlonaadEsTo3JmANjZwfn3oFYEpcDGSaxqA8=,1081.0
consensus_latency,ALr9OQQK7UgxOGvn2IV4v8v75eLwCS46K8E2bjsFBFU=,1122.0
consensus_latency,UQaT41OqGg1RcvjF1WvRVsMpsMZQbXuEYtSQ2Sz5eQg=,1122.0
consensus_latency,5qmV4c2M13J85ML4+WW5FC3XSlkcjvXfv0YJGo51UUU=,1123.0
consensus_latency,/wQPkw5rGV0OsAuUI0XcvEoN+vU+hKF6ByO5wVtTWa8=,876.0
consensus_latency,dFu3OuJqhFpFzsHRJ8PSUL+dvOQtl9m6sDzclYtiTxw=,921.0
consensus_latency,sBeaIDt+EP+EcUI59DiXYM+SKLAi0HdLhZjNhAqsmIo=,921.0
consensus_latency,Mo1w9vHhYTcM6RQsJ9uEkFJ6lSwAQRjM4xj7j5P5CEY=,923.0
consensus_latency,r83vOQRMp+50ostRPzkTiiFmwrEDORPKfGOi4CBi/1w=,923.0
consensus_latency,nj2k/3Jhlvq/63zMqOj0SFk/ZAqdfWwGtZYhS2eWeWI=,878.0
consensus_latency,3vpmWq9pkvnNhT0P3mN1UDf9PEIihwQWecIUqbpFJTI=,878.0
consensus_latency,zVYMBdQqwx3WtM6YjYMEEsNuc0UIihDkbPKe5mn+qeU=,881.0
consensus_latency,Hh13zVjjKTVvsaExYGGYA7iSwcen4KNYRYGfnvsaMrc=,676.0
consensus_latency,TDBC4XyabsUzB0/at9ql4/zebBxSAp9TJOWd3aYOAHg=,1748.0
consensus_latency,h5ZUz6V7yTSLoX7i8PX6qvETThJsV67FhYVmZuDIFbM=,1551.0
consensus_latency,gv39itiZLDhbgtGJKTDzkPZgTXLMCXw80MyNFtLSAd8=,1551.0
consensus_latency,PTXX1IBYcdetDCDVxIZQXTGvnh+Z1+KD7qH3foVT56M=,1506.0
consensus_latency,qoKUc/PKJPEaDFpLVrKmZRs8g1FjaPvIgtGXswfHj9w=,1552.0
consensus_latency,KnLtHxRVgIEkE5IHbkPeDNZdV+rranCSwUQqB1gCEy0=,1510.0
consensus_latency,QkI5hHI5LHlqD3gsP6Yfx4Gnv1bCdRRKEQIGH7hWuDU=,1551.0
consensus_latency,N3pchnY1v3OvG95a74DedH89c/LCDHyPzIHdvcwltsQ=,1550.0
consensus_latency,F0aEfHRz0zUbVwBzS0js4Gw5l2dsUJPQd2uc3VEOzaQ=,1548.0
consensus_latency,1eX1PpNo17h41j6akcbbpajDZPP+RAAPtIHBwHr5aUQ=,1348.0
consensus_latency,zAMTAqA/4PyzJXp7xJxIEJA4uB1WYWXeT5yoMvOb+pQ=,1351.0
consensus_latency,ymueO5qbgSUH7aN4mIXu1oBnuL6fbxLkPyx3Z9qX/Yo=,1352.0
consensus_latency,kD3RpY5rzo0RFLpiOO8Q14qywvhok7+LlfBlFAGVgw8=,1350.0
consensus_latency,Om5J3TmD0+SiIK1RT7awqxH/+kK+JSwlDYo937f2iD4=,1351.0
consensus_latency,S8Crr9HDlB1DyE+32HYUXA16z4+YcI/KjZmKQJYOr9M=,1351.0
consensus_latency,SdvSRPhqcb1CmIbMfDGVkfgyK2UffyrTDd6NLstKK1Y=,1310.0
consensus_latency,klqy9QBhj6pw+VhiBkyu/JjeABryP7wYJ55r90DCnnM=,1310.0
consensus_latency,/mA++f8MO3BnPuYgPapyj0nj/5060CMFKDksJ0v4/e8=,1304.0
consensus_latency,fN1i9w0deCgIDxzYEnqzBx3YC1AMkcl7mHJcDlnTMG8=,1150.0
consensus_latency,JgwIv9IfoGnw8zCvC8KLNl3Ay8vGrKpTMQBqaykUj2Q=,1106.0
consensus_latency,G9rB1SBhIA1Q+wgpw8BmjAoZzDvWZkGOMFOX712FUIU=,1150.0
consensus_latency,Ohv2IUAl2RmyCAsfBQQbPXdA5jBBHPO//NAiy+oqAC8=,1150.0
consensus_latency,YwSnhZZJfpAm4ENpY+nAIhaO4ZqMClqEOO0clRJUZVg=,1151.0
consensus_latency,a3+nL04H15FCjbOpEOXoKWDzrYaqg7MzRODxJ0348ao=,1110.0
consensus_latency,bVl3+oa9YmlrqB3wdzxm53fs6Y17Sva7JfBulj0cpS0=,1104.0
consensus_latency,2fa+a5dfbEs78+632tkN2lPmN/12JZm4H/XQyo1/GN8=,1104.0
consensus_latency,NC2bGXWfN1mJ3Wv1tz25qQO/KpUG/eqZ1lwr+/397gQ=,1151.0
consensus_latency,2Gq0kxK55Dc+mD7EOs4kx/O9vrIABtwECZEyUAYkqQo=,1152.0
consensus_latency,X38YU4V5wHABnccOEbmgIJ+aRGCIs9mSznLlonbwvSE=,1148.0
consensus_latency,e2cSNqMCglGh57x7d6tlOta6IGNWHE1aO9zSJWlM2g0=,1148.0
consensus_latency,PCFXj30OiRimO3lltAOmcFhH4VVsqr/2+nz6rH/MEMQ=,951.0
consensus_latency,iCQg8iCZNLVqgf+GS6Er0i8XYeSUS1PUM1F8i+dUXug=,951.0
consensus_latency,aYTUjAcyn/x7hfhnz5J6Q/1rYDNwrejJ6kNa5MaPXXE=,906.0
consensus_latency,e+Efu0hS23lWM+Cg0Uz8Ix7dBtd08/oAfBS5h5biH4M=,903.0
consensus_latency,FnQzJTQ07zlrPCy2Nkzuwco1YYvHCmcBvPh7Tp5Mz+I=,947.0
consensus_latency,ByApPD9sS1QDjKaTd3Xq+u3O3zlboVaz0I0Dptb8Bc8=,901.0
consensus_latency,HxGlnap0lqdLVuIDCGC0+UqlF5EqdfHI5fl6KvBPLD8=,701.0
consensus_latency,jky1SlYboTCR0mpzVbDAi/kAZzaEJepgNRMCGNRxKiI=,1820.0
consensus_latency,D9Jp4X+Hw8rsY2VEtoKEYWd9Oj0F7RUz05CAr+VZwLw=,1822.0
consensus_latency,i0x+iYAutoA/LCBGCxeTmCEA1mmUIejk6e7MEf5jeJM=,1620.0
consensus_latency,3S54N7IW+Nl9vhpuKC2AvqLTzDKkXSu8HfGUDGeMhYA=,1621.0
consensus_latency,GkCZeeKyBoTuo6JCwXMLQoU2LqnYs/ixYkASD1u2WYg=,1621.0
consensus_latency,m4X58QSBQamWKJ58FUHR9UEh9J8YLGHQWsuuq4LcdSU=,1621.0
consensus_latency,tXXiqeXALYfSBvM+jUJBUxiMjC0SCuwL4I4vzdq+zpU=,1619.0
consensus_latency,yFAPsaJnSjiCTrLHanFRvp0fo+h4ATmCLl708hDfD2k=,1619.0
consensus_latency,YYlzjsPCrWVH66hR/Ew+pRtshvUWeGtekmB7oZPvAto=,1573.0
consensus_latency,bBOx7JWCFEzJSCNcZZbBkcxwRr6CQ2S+hRWiKvEOATY=,1576.0
consensus_latency,+Z7ndtKPUqVS9Czy4cIFSUx2Q4bragaiYNFrMfJrLO8=,1576.0
consensus_latency,tQ8dolm08vr2gCgWh1/74A29lz6LaxpaEdikHwCDa7E=,1622.0
consensus_latency,3YlzeH/e3avcdC0zKn/9M3sGNiRdwUMQ8kJ4iFCwsVs=,1622.0
consensus_latency,J/5FRfu0OSuwhGiCeZ5JeCGjwaUOLacpn27ewmcY5LI=,1617.0
consensus_latency,5bKSqvnk97W4/GjxZbIgLONz7C4rk1aQzD3mOmyABkY=,1375.0
consensus_latency,m+ur2G62frB00TlzbaPwMPSCovTM+QX6f2klXdHVMec=,1420.0
consensus_latency,Aq5qV+1fCNu/iNnbdZfFRiCe7G4+rL2lGp+eqGqhwPs=,1419.0
consensus_latency,pMaq7C4pIsMUJcPY+zaMMiVNfx4ryvSI4xukkA9Z+08=,1421.0
consensus_latency,UR3fxGBS8yaJejZR6N5QwxwgXUmHtGTtmMnRR50bF3w=,1372.0
consensus_latency,yF4dbl1pce5iA3oz63Nyg/FNJI9bd3BCubqHvCq5vUk=,1372.0
consensus_latency,+C7LpdC3t2c4H8v+ohDuMtHi3fyh1SJJfUWuVo/eVOk=,1374.0
consensus_latency,N+yOmHKK6Uy0t6rG64JPuTsN0EaM2HeQh3XdSFWMKFc=,1421.0
consensus_latency,u83y/fhncmfP7WkEGupflVJR6agDOwCDgxfuqQvtPg4=,1418.0
consensus_latency,2IUSme6nnBDaRHYG+INNxrlGU6ZFsvMDY+HXJ2Fntyk=,1172.0
consensus_latency,YxWDaSTbU4YBwV2hxN6B8cSYth6/QCrQHexhhewf1LI=,1221.0
consensus_latency,xpDxI+mitfY//UMpDtqsydapZgkgy8nPcboq2qs5LiE=,1222.0
consensus_latency,691uWNW98ByFpbEFFTqZTkxg7aPWcOlYj/UobJwChRU=,1221.0
consensus_latency,dIWf7aIms4TdJ9fjGhGbW0/aBdt7f7qzOqtSDdRjZDY=,1221.0
consensus_latency,ukrLY5S7xkB4x0X3e/68w2RRxD6EjIwKu4K8HlVay0s=,1221.0
consensus_latency,DH5IapAxnSdFmE87DxYSP/kR97sCgYXAapzytXlb6+8=,1220.0
consensus_latency,amrEA1J165nK6G7HgqhQRIWsbbC9qtunCexJrIeg+8s=,1218.0
consensus_latency,C7xk2AYTOXSr4FqCEnSiejP3kCx8XK2OZx61O9KY1zU=,1176.0
consensus_latency,6rAD9D40hAflPcBgjM8QPoap2pwm+/zAOI67HjJmtKA=,1020.0
consensus_latency,bI2gCrBoVC+Zj5ZxmfE85cSfi6o65FnldOo9UeQhjF0=,1021.0
consensus_latency,iTi1yC3DebUQKKoRJHQqadHwwUIKXrf45lqq+/16udg=,1022.0
consensus_latency,5p1QhvP9Ym+n3PT0DW/kutXOHfHZPJxeX+ubY+E+1CM=,1021.0
consensus_latency,AfRvr1clGLAScsjdTMlUMc2nCGY6gbuOw2GqG2Dw55c=,821.0
consensus_latency,HcF8I7O/TT7VEqMuuajZ+ZZmdRE9bo86XasLhPC3XVA=,2513.0
consensus_latency,gi0TAvg9w7hasTnnelr3BrQXD2iqxt3sScqTycUADnk=,2315.0
consensus_latency,mTwcA7rXQN9mR4NB2v1GM7ft9vOx5wHiA8TGW00IYq0=,2310.0
consensus_latency,19XcLa+nYB+lliGQJiHD96T8z85thjoLpgH6TpR+Kwc=,2313.0
consensus_latency,39tb9yPW+z2Xs2Js+Wt+py+jaH/cxBuwjDEjSL2Vlg8=,2313.0
consensus_latency,JR26OyEd5YRpr5KQEPZp/SyoHHhIQfWNG4zSK6vHJ2w=,2160.0
consensus_latency,4kjXor7F3EE6ukrTsQmLhorSlYSGjJEEu1aLU1I7Thw=,2160.0
consensus_latency,EsIq8U2JIHaovZC51lrDCouNv49PSaqYM/TYBc+A4G4=,2156.0
consensus_latency,qNVUkwj5q1HroEm/oeneJx/c+lnLZZwFI3MBd9Mc//M=,2113.0
consensus_latency,I2mem8fN8cQVgy+TvQUnDiLbYazy7Iy2CKv5CJBlOiI=,2115.0
consensus_latency,/7jZigY/mUaqcVk3S84/wI2fqixiI+9q+wVbhxJvOaY=,2115.0
consensus_latency,fgaUmpkZIAp9+51mSzeN4HRo5T2liKW6WzEri6vlKM0=,2159.0
consensus_latency,syLcf+VZ4Wr1YPLWQxTiYEBDYwZFdg2GykmfNw9yA44=,2159.0
consensus_latency,3ef4EwlaNgwATRop+GeK4rsLdDIobppz9z8HwOo5HD8=,2159.0
consensus_latency,sNHL3IKQVTB5xUXjCLTUf8OtpnZRojcR/C9nA3ghJSQ=,2161.0
consensus_latency,tvSUdgOdiBdv5p5LxYx2aPyTiFr6e14RajIa8mAKE84=,2161.0
consensus_latency,EEoa53cGVDENBJMoBGzlxYob2Kvg3CqQLdzj4826QLg=,2111.0
consensus_latency,stJw31l87FqTm+IIsZCG8sH5AgJ5/XPGRuxSmSAaW+c=,1960.0
consensus_latency,BWzrrb67dpXX7j139yBRvCCI2DF72/7USyADlOqW4gU=,1960.0
consensus_latency,Zgyp0iwpqoXY+/0rZr9sFwP+2gjYhoEuMaoB0nQrxlc=,1960.0
consensus_latency,h1QjdTfgq5iizVf1C+/8XrNWRwxeb+z6PTMkae0tP3s=,1959.0
consensus_latency,O3Xhsr6tkWXkz8ZCmOjvG3Hotl4VDednWS3abEkgczk=,1913.0
consensus_latency,IFhnNYygL8aQwojgqszv71Dk3lC7O/LefDgpOCooHVY=,1916.0
consensus_latency,kMWTYepdx3KrOqB885DX7USOI/s8T9rL8kvZpfiWA4o=,1757.0
consensus_latency,J0Mi/vJF71cbuHQU/YnWK9k+NB/dDgWpZU2Ls1JwxnA=,1760.0
consensus_latency,s9b4XF9A8L2xJgPvgShS84WCoZYoGVvp6DoU18eVqJ4=,1760.0
consensus_latency,hUJzJvHACL1nImSSPEFq7rKJc0/IEy18+4NR/Y5hDfs=,1900.0
consensus_latency,qYgIXfr3Jr1+cAyNazsc12BkFiAH4u/y7Yq7/GqaX0I=,1900.0
consensus_latency,oq2uCtsEJlTLBT3zafxKcI/wP9qGpP+jSWZ6tYLniqc=,1759.0
consensus_latency,tgVHrzWZamv7noZdXE9SEUxjNheUcGErm1C9dm9YheE=,1760.0
consensus_latency,lQHidgF5n4UAQiCfjjqkW6XEW+OsGaeP8ruU1PS4tpk=,1759.0
consensus_latency,6xsXlVP128zcY4yDOxZiXy9WxRjlOuoXXq1mAiuHFdU=,1716.0
consensus_latency,2v0sj6XprC+2EGTBYcEoBKXKfcOpTdN3AaqZXTaaRxU=,1713.0
consensus_latency,dPFjn/+/4i1DS2kKts+BpzDWg461Hb1BRkvFwgOLYhs=,1513.0
consensus_latency,p1bTBuvOmAh5EYuQCFDZhHlqLUOggcTJLaNTzhStahk=,1513.0
consensus_latency,EkJ7x9HOpSz5CubDbYtGwkS2tmiQ+cQNkWDjGv4JLsQ=,1531.0
consensus_latency,wPZUy2GrLWZo70186dn7hTq5VIZCFvz/mtKfOT9p2Ws=,1531.0
consensus_latency,r1u9qeJn4xYuumE462/t6N7oEw/Akmj8DgaKvJM1jHQ=,1515.0
consensus_latency,QYb6sDtQxUqE8oBFW8R2IlYqAGJy9OAtj1Oumr2l3kQ=,1559.0
consensus_latency,eI6h1IL5cSRpRMBQ6+1nlhXbyUCtGQ6b+00IbbQFy9o=,1559.0
consensus_latency,M/8aAt+LbMHvdbM1o6rvdnKfk4OP1HK/+LB2Y89dTtc=,1560.0
consensus_latency,F/4KoqSC4Rpn55KTG43F8lqV5kD8PfLiO1LRTrB4Wv4=,1557.0
consensus_latency,7iptpT0tCCmGHJ1S5qQaS01uFf4pVEcGZ9eMVdQSAgE=,1557.0
consensus_latency,gK6XfbWa6pn4VBNw9+UQJ4dKdFkDwbWUh3OskuJFtk0=,1560.0
consensus_latency,6GXPRPolUJBSowMcj5vRe90OrMIZH4f+ZATy3JVUOtY=,1559.0
consensus_latency,quoeAVnHUF9jeBv5FXU7agmIW3ABmUbsEJUMpT0PdFA=,1332.0
consensus_latency,JMkITpZZCjV8N1S2QcOVf/hEx+F0RxFWc9vSotEbkh0=,1314.0
consensus_latency,+gMmCpLbj0bmSC7rt/8n+A7pRHzKPLN1wwgHXb1KDYI=,1560.0
consensus_latency,uG2NyAh5f7FDElYAwfnTipUbfk5TqagVnNMp7FbvojY=,1361.0
consensus_latency,0SuG3dMr7h+9MJQKoA9f2lbxxRDoxzidpoKgrSqMOKI=,1358.0
consensus_latency,bF1V0Na8giaEACmKC9ezOfRD4bjdFy7tUFGeABaOnn0=,1361.0
consensus_latency,lQ1t7w2poC0EOoRCvWJlKVUBizyeFn754TKKdXVLd+c=,1361.0
consensus_latency,PZKx2fqoEedKqjgJnDqhRPQfWnOdjxQlqBOv2sOAbSo=,1360.0
consensus_latency,kO4otYrrUBMuZHONWoFA+qhMsRGvFoIJXfBNSMF9emg=,1360.0
consensus_latency,SFYR4pFpZRXM0BN84rGE8St2vBI2cvOeg1GkU+phOCo=,1360.0
consensus_latency,Z1Z2Al0GinX1bI+2ynmVRQHWDtzdiB0LocYovph51vM=,1360.0
consensus_latency,W/+t0I3NQNx6dmsW2w0cBrr9XPOs9xK/sNG6mX29bhg=,1360.0
consensus_latency,M4AdW5lKWUXtsBJp7dHYtyNQohKx0ran4FXtgDGa/ic=,1114.0
consensus_latency,sw6YhiPR/XlBEe2MAxAi05nRe8mf+56J3s9pncD4w6w=,1116.0
consensus_latency,LgWxNwmerjR8En6NHFiTCud3kpquQze6JgwHPAFjpgg=,1119.0
consensus_latency,RZm2WdIjTAxUqK1vUdbZXesbgLWoiRgactdnlbIKua0=,1132.0
consensus_latency,NlA4dMUojMT1peYPiWrHsBA6jF4Ah14vMuI/8sTNXwk=,1124.0
consensus_latency,jJVpVGrW9AYNolMuGLeTj/Y88YatZcaUMufuzpm/OqM=,1120.0
consensus_latency,SomFpKvIV4nqj+hoXUyFMPtFb5c6H4MdCaW7/3IhfZ8=,1124.0
consensus_latency,vybkpTZB/dGy6vNC2aOGtFUQn53DvRgF3m7v+GutWZk=,1119.0
consensus_latency,nuMR0GWxxANi5TuwIb4Pzb1rpy0w6HK86esPYwidxak=,1120.0
consensus_latency,AKpASEmILcCYVG4zIiSAZkOGo5V4YyD05svunOHgtxU=,919.0
consensus_latency,fxWdBUpxzBhLqIWY0pVQD5CYu86wl6OI0wAqHxaHP5U=,919.0
consensus_latency,W36uDkhxQircDO9tYYnn8uXXs0eWwg91O47bl2YmVHk=,920.0
consensus_latency,kfZusypKh368h9jrp+v8DSZQ9Lhd/5Wp0EbJvblYGj8=,920.0
consensus_latency,6amhed6XUNQ6b/sse15cbbh9jUWVxqPx5QXwOyZSrqM=,924.0
consensus_latency,LRkjPr1IfuTqiRkMi5dKof4krhC5QpBjf6JQPLxsVac=,920.0
consensus_latency,41JK1BPq/xDmUZeVfDe2GDsPMVB42TFH9HS2xkweSj4=,920.0
consensus_latency,fLhV/dEpB185L++Wg0TTddqPsCaozTimNCkunbjijv8=,924.0
consensus_latency,sGF/NYPAgJ24INQHzklCRVN0V8nvJf9RgcYbTRWYZKc=,920.0
consensus_latency,QZ8yy0gHFXlpoDtAxKFStJG8jiIIa4cqSLrY7RmWzP8=,725.0
consensus_latency,fneDZ7be0zO5Qqcz9RV6nzwTURF9xKVFOWm0CtdlPCI=,725.0
consensus_latency,qKZlTNgfc5f6v1IbpTS3Ejkyu7J5YBkJTPK56BVLZmY=,1720.0
consensus_latency,HPMQSzA6sKnbD03OO8/M1krtaKtH7g0fgTPe6vWlbaU=,1533.0
consensus_latency,EEBhjg7/J//TbyP1juW7n1lzcBAaujNrIYrcnMSOVqQ=,1537.0
consensus_latency,ps5/E3zsNqgZzotfAhvwj7ch0uxjSdmfbU8sthyJYk0=,1537.0
consensus_latency,hihXoFQ1R6VAt40ASgKOc6gAZ5rHEjR+eqm7u+xUK/k=,1524.0
consensus_latency,gNljdgMtjk1DB3JLN6AwCmcQyW6cUo8dLoV+/J1JgeQ=,1533.0
consensus_latency,9fdZu4xgV46e89Ec+aeEeo8koSlxhh4JEc3z4/iAiWE=,1533.0
consensus_latency,u3zqiN6vsD0CuX/l1qgAWMJ1OTJLOHVGHjPKnFpkC7o=,1533.0
consensus_latency,v1UAE8LMxYyXTBVnPLy44y++2aLcDzSGlLuSJSc+YN8=,1520.0
consensus_latency,y1ZJ24iRZgGf1b3aS6+WjKnGhnnBJIwJTHnYedEjGq0=,1520.0
consensus_latency,M/C952tp8MVx8K9z2AknkXK92SvVxmR+/MFD/PWpTOM=,1523.0
consensus_latency,fNQMZ2CmSS8Q2/hFcT8pp9Xb8/4VyBptu84UCNJPEXY=,1523.0
consensus_latency,d97njTwG0Ttbi47vnCe/vVtt2ICKCdPGkBiPNaNTNhU=,1535.0
consensus_latency,T5QabCFWERFlfhpaJWKQL6XVcWnPzC2GrH0/23B5tik=,1305.0
consensus_latency,D64S2RONzyjgN4454Juxqq13Gu3MI4Gg2/AzKYhdzYk=,1301.0
consensus_latency,42HAgzQZJ5niYlr8MY+fMesHBngUn+Evn25L8dD7AB0=,1335.0
consensus_latency,GsRXuCHH1KNfgIVjS+o1yz2fslyVRNwncPmnKu4Lpw8=,1334.0
consensus_latency,UEmU9LvJ4/9f7t4ClG3IYyt/oDNH340/rE8nb2S50Cs=,1339.0
consensus_latency,jZee1Yo8X4AfqMwUATU0h8oB7+rvbrXrbm7sWu/8dVA=,1338.0
consensus_latency,Dz8j1HOZzPOPdQ2nAtDXKaBZKSgGHhNhmLeZTLcXrJQ=,1303.0
consensus_latency,nBR2JkCeBlocqO60lPyhVFH2U1uIMUxrhr0WyBkIg1M=,1104.0
consensus_latency,zDLHDSD5/CC1mSXJEseVVWr0Zf4LnC5510NhFhND8Gg=,1138.0
consensus_latency,3+QWGKjj/6wGBltgJT+mZzuwvmfg45rM/npGEFntHPM=,1134.0
consensus_latency,qFlqkGwqvGIhn2wb5F5uYTThh/SGxUgLhYPWdOwW+Us=,1134.0
consensus_latency,TPn9+ncYMjxaaEfUCCx8lvUA3Wey0mxcp52JHlXtH74=,1134.0
consensus_latency,IVMsp//xl37sAzSiv/bcX2iBgJjmxATW63Vrvi0gDM8=,1101.0
consensus_latency,Gjowv70OIYKPbERUXJZP/lhFnNWJZQnoTqumO7Wg0rA=,1103.0
consensus_latency,U48Yi3zxf8aAdK8DNbjsUDWUSJ5+AEbGtyAI9a7KToI=,1103.0
consensus_latency,ooBF86ZmYVCIr9VCCgoa9HdTyIUxMEPJs31T1Kr7Cb8=,1139.0
consensus_latency,gOtBb3qlsuICVQidkaQtuXCwi9gwVi3cIHvg0BwEnIQ=,1135.0
consensus_latency,iunmseBeXpFIWLTaaD5Jc2eahR7AKOg983wqHD0mo2c=,900.0
consensus_latency,fQ0sAAfNgAM4/rDx1MqJw5CHzcFGC9Dcp6eLaZyGt6g=,889.0
consensus_latency,h/4K+r1da+ao50JmMJWl4sJm/+QdczxtGAlmbg91UWw=,889.0
consensus_latency,NJ1fREuAeLngpbrgZdyHP9uPR+WQAncHmyA6ycH1aQY=,689.0
consensus_latency,vyVQ7IPlL8J8EgW0HlfDiiCD5KRFYwzUBbs/A721AO0=,1736.0
consensus_latency,/A/QbyW/e6flaocnOMbqo6kAqRQaqhSvVTQenigw418=,1736.0
consensus_latency,CQ7UoEr6Sc+yhDQnFC/NBFjuHN2g8qKqKs5efOu+fHw=,1732.0
consensus_latency,XIf0S9gC9ASxiacg153A7qZsWiOzwLwz3L+c6TsgOy8=,1732.0
consensus_latency,BS5yPrlGffG8AYxLCJBMziCz9SV8AjwH1dOG/aWdWAY=,1732.0
consensus_latency,td6ttt71Tjh2syujTwDNPdx7AP6/znw3dKLdxCjIl8E=,1732.0
consensus_latency,Bh0azOMhoRxOkgAeKGNN6vxtVcW00yOg0uvuiBOiKKc=,1731.0
consensus_latency,3husEHEHCGFP8tYB4jkhHhFpYXfgYSP8VHfHtKKEbcg=,1731.0
consensus_latency,mAzd2dNpFGd+C4nr5cuG//+5k9wexB1gBQm6hWLqoW0=,1531.0
consensus_latency,rE2X9xCqyd80xLDVWwgAzLjmJtUM3JqoATFTl7nPxFI=,1532.0
consensus_latency,cG9gc6hcZKgtUHWslsy/6WhArUodJv7pfSmm2WbpIGA=,1532.0
consensus_latency,DMGuAEGgKP8p98fdS6ilbZGrO6ZlRJ8EAM/IKeL4l4I=,1536.0
consensus_latency,+rQPTpkBtmf46JF++QJsn1KSBiN8gX2avyzCwABwcjA=,1531.0
consensus_latency,ziWTK7HP9g4KhM0Jt1+5HJy7TvWNw5TY/n0Sn3ZLruk=,1497.0
consensus_latency,TPBa/huoeq6V5R5M/AYA+FlaT53hkkQL3Wv65akxotM=,1498.0
consensus_latency,i8QC//qWNK4IfW8jGu68f79bgOne/R092ve7CaMpxew=,1536.0
consensus_latency,zHOyiVJ4JW6EXdqSk2+Pronl+AGj/XMzVGGnZNzW4u8=,1333.0
consensus_latency,LPb/pc6X7XUL5sXkTrL2SejTF598jCWyRvq684xX4i4=,1332.0
consensus_latency,eVrGuG/s35iZzF0BWgj91/dYl6Apd3vY14RpMlPbsfQ=,1332.0
consensus_latency,4GHZYl+I5C2MHEb6rJELQKjiW2ynzWTYB0dh9Dq7PT8=,1086.0
consensus_latency,jNBU6q56IhDbRwQNaVnHi1oMIOY/w/A634Yuo5ELZQg=,1087.0
consensus_latency,sXuTqIw471wfcIL1D7kS2qp+XH5+DC7GjyMfdK1XQH0=,1132.0
consensus_latency,PtLd2ijhGPnV/J4/LzzeV/uGoscK3A5xn/eIQ+Zub/g=,1133.0
consensus_latency,e9F5ujs7rbSIzQguw6cy1mTWw/f4h4eu6ywST5laUug=,1088.0
consensus_latency,Nk6YPDWku57SVibgpvSMK6J2XwXClLSAKocy+PYqanA=,1132.0
consensus_latency,Bjv652DA59axzPPwHqRDhU+olhWvv0EmNphwvB6DOFE=,1137.0
consensus_latency,PadFeOVsnHyu8Nw362h128/Skl7dIDMRNq5Whj5uBNQ=,1133.0
consensus_latency,pEmxX86VhDlXVylo9tnhlXpAUEEys/U3o9CxWqUO1dc=,1136.0
consensus_latency,q8x3uWyK6reB5fGTx5QHY0mo8JznAZr0PrdxSxwNuCs=,888.0
consensus_latency,EPuJ9AYdjLEIX9wm+hwSh0r45KY7PGDpq9IqavYPvAg=,885.0
consensus_latency,yz1zv1VWJ804srumGAAZwqsETOjLoj6Za+wCYTjmJzg=,885.0
consensus_latency,3FgcQ2LZ6zl6ZKVEM74hWrB6hFNnOo35qtRCrA+DXs8=,886.0
consensus_latency,3QvxM8dRIoVJ8e6507tw/ZFgFwmc6S/VewUE1tLCXI4=,933.0
consensus_latency,I9E+f4sSoJYUbhtCYajTHKErCoc/p40xG8qFvHWgtnA=,685.0
end_to_end_latency,7,2423.0
end_to_end_latency,8,2373.0
end_to_end_latency,9,2324.0
end_to_end_latency,10,2273.0
end_to_end_latency,11,2223.0
end_to_end_latency,12,2174.0
end_to_end_latency,13,2123.0
end_to_end_latency,14,2074.0
end_to_end_latency,15,2023.0
end_to_end_latency,16,1973.0
end_to_end_latency,17,1924.0
end_to_end_latency,18,1873.0
end_to_end_latency,19,1823.0
end_to_end_latency,20,1774.0
end_to_end_latency,21,1723.0
end_to_end_latency,22,1674.0
end_to_end_latency,23,1624.0
end_to_end_latency,24,1575.0
end_to_end_latency,25,1524.0
end_to_end_latency,26,1475.0
end_to_end_latency,27,1424.0
end_to_end_latency,28,1375.0
end_to_end_latency,29,1324.0
end_to_end_latency,33,1977.0
end_to_end_latency,34,1927.0
end_to_end_latency,35,1878.0
end_to_end_latency,36,1827.0
end_to_end_latency,37,1778.0
end_to_end_latency,38,1728.0
end_to_end_latency,39,1677.0
end_to_end_latency,40,1628.0
end_to_end_latency,41,1577.0
end_to_end_latency,42,1527.0
end_to_end_latency,43,1479.0
end_to_end_latency,44,1428.0
end_to_end_latency,45,1378.0
end_to_end_latency,46,2174.0
end_to_end_latency,47,2125.0
end_to_end_latency,48,2074.0
end_to_end_latency,49,2024.0
end_to_end_latency,50,1974.0
end_to_end_latency,51,1924.0
end_to_end_latency,52,1874.0
end_to_end_latency,53,1825.0
end_to_end_latency,54,1774.0
end_to_end_latency,55,1725.0
end_to_end_latency,56,1674.0
end_to_end_latency,57,1624.0
end_to_end_latency,58,1574.0
end_to_end_latency,59,1526.0
end_to_end_latency,60,1475.0
end_to_end_latency,61,1425.0
end_to_end_latency,62,1375.0
end_to_end_latency,63,1325.0
end_to_end_latency,64,1275.0
end_to_end_latency,65,2788.0
end_to_end_latency,66,2738.0
end_to_end_latency,67,2688.0
end_to_end_latency,68,2638.0
end_to_end_latency,69,2588.0
end_to_end_latency,70,2539.0
end_to_end_latency,71,2488.0
end_to_end_latency,72,2440.0
end_to_end_latency,73,2389.0
end_to_end_latency,74,2339.0
end_to_end_latency,75,2290.0
end_to_end_latency,76,2239.0
end_to_end_latency,77,2189.0
end_to_end_latency,78,2139.0
end_to_end_latency,79,2089.0
end_to_end_latency,80,2039.0
end_to_end_latency,81,1989.0
end_to_end_latency,82,1939.0
end_to_end_latency,83,1889.0
end_to_end_latency,84,1839.0
end_to_end_latency,85,1790.0
end_to_end_latency,86,1739.0
end_to_end_latency,87,1688.0
end_to_end_latency,88,1640.0
end_to_end_latency,89,1589.0
end_to_end_latency,90,1539.0
end_to_end_latency,91,1490.0
end_to_end_latency,92,1440.0
end_to_end_latency,93,1390.0
end_to_end_latency,94,1340.0
end_to_end_latency,95,2172.0
end_to_end_latency,96,2122.0
end_to_end_latency,97,2072.0
end_to_end_latency,98,2022.0
end_to_end_latency,99,1972.0
end_to_end_latency,100,1922.0
end_to_end_latency,101,1872.0
end_to_end_latency,102,1822.0
end_to_end_latency,103,1772.0
end_to_end_latency,108,1523.0
end_to_end_latency,109,1472.0
end_to_end_latency,110,1422.0
end_to_end_latency,111,2118.0
end_to_end_latency,112,2068.0
end_to_end_latency,113,2018.0
end_to_end_latency,114,1968.0
end_to_end_latency,115,1918.0
end_to_end_latency,116,1868.0
end_to_end_latency,117,1818.0
end_to_end_latency,118,1768.0
end_to_end_latency,119,1718.0
end_to_end_latency,120,1668.0
end_to_end_latency,121,1618.0
end_to_end_latency,122,1568.0
end_to_end_latency,123,1518.0
end_to_end_latency,124,1469.0
end_to_end_latency,125,1419.0
end_to_end_latency,126,1369.0
end_to_end_latency,130,1978.0
end_to_end_latency,131,1928.0
end_to_end_latency,132,1878.0
end_to_end_latency,133,1828.0
end_to_end_latency,134,1778.0
end_to_end_latency,135,1728.0
end_to_end_latency,136,1678.0
end_to_end_latency,137,1628.0
end_to_end_latency,138,1578.0
end_to_end_latency,139,1528.0
end_to_end_latency,140,1478.0
end_to_end_latency,141,1428.0
end_to_end_latency,142,1378.0
end_to_end_latency,143,1329.0
end_to_end_latency,144,1279.0
end_to_end_latency,145,1229.0
end_to_end_latency,146,1179.0
end_to_end_latency,147,2801.0
end_to_end_latency,148,2751.0
end_to_end_latency,149,2701.0
end_to_end_latency,150,2651.0
end_to_end_latency,151,2601.0
end_to_end_latency,152,2551.0
end_to_end_latency,153,2502.0
end_to_end_latency,154,2452.0
end_to_end_latency,155,2402.0
end_to_end_latency,156,2352.0
end_to_end_latency,157,2301.0
end_to_end_latency,158,2252.0
end_to_end_latency,159,2202.0
end_to_end_latency,160,2152.0
end_to_end_latency,161,2102.0
end_to_end_latency,162,2052.0
end_to_end_latency,163,2003.0
end_to_end_latency,164,1952.0
end_to_end_latency,165,1902.0
end_to_end_latency,166,1852.0
end_to_end_latency,167,1802.0
end_to_end_latency,168,1752.0
end_to_end_latency,173,1502.0
end_to_end_latency,174,1452.0
end_to_end_latency,175,1402.0
end_to_end_latency,176,1351.0
end_to_end_latency,177,1302.0
end_to_end_latency,178,1252.0
end_to_end_latency,179,1949.0
end_to_end_latency,180,1899.0
end_to_end_latency,181,1849.0
end_to_end_latency,182,1798.0
end_to_end_latency,183,1749.0
end_to_end_latency,184,1699.0
end_to_end_latency,185,1648.0
end_to_end_latency,186,1599.0
end_to_end_latency,187,1550.0
end_to_end_latency,188,1499.0
end_to_end_latency,189,1450.0
end_to_end_latency,190,1400.0
end_to_end_latency,191,1350.0
end_to_end_latency,192,2108.0
end_to_end_latency,193,2057.0
end_to_end_latency,194,2008.0
end_to_end_latency,195,1958.0
end_to_end_latency,196,1908.0
end_to_end_latency,197,1858.0
end_to_end_latency,198,1808.0
end_to_end_latency,199,1757.0
end_to_end_latency,200,1707.0
end_to_end_latency,201,1657.0
end_to_end_latency,202,1608.0
end_to_end_latency,203,1558.0
end_to_end_latency,204,1508.0
end_to_end_latency,205,1458.0
end_to_end_latency,206,1408.0
end_to_end_latency,207,1358.0
end_to_end_latency,211,1979.0
end_to_end_latency,212,1930.0
end_to_end_latency,213,1878.0
end_to_end_latency,214,1829.0
end_to_end_latency,215,1780.0
end_to_end_latency,216,1730.0
end_to_end_latency,217,1680.0
end_to_end_latency,218,1630.0
end_to_end_latency,219,1580.0
end_to_end_latency,220,1530.0
end_to_end_latency,221,1480.0
end_to_end_latency,222,1429.0
end_to_end_latency,223,1380.0
end_to_end_latency,224,1329.0
end_to_end_latency,225,1280.0
end_to_end_latency,226,1230.0
end_to_end_latency,227,1180.0
end_to_end_latency,228,2736.0
end_to_end_latency,229,2687.0
end_to_end_latency,230,2635.0
end_to_end_latency,231,2586.0
end_to_end_latency,232,2537.0
end_to_end_latency,233,2486.0
end_to_end_latency,234,2436.0
end_to_end_latency,235,2387.0
end_to_end_latency,236,2337.0
end_to_end_latency,237,2287.0
end_to_end_latency,238,2237.0
end_to_end_latency,239,2186.0
end_to_end_latency,240,2137.0
end_to_end_latency,241,2087.0
end_to_end_latency,242,2037.0
end_to_end_latency,243,1987.0
end_to_end_latency,244,1937.0
end_to_end_latency,245,1888.0
end_to_end_latency,246,1837.0
end_to_end_latency,247,1787.0
end_to_end_latency,248,1737.0
end_to_end_latency,249,1688.0
end_to_end_latency,250,1637.0
end_to_end_latency,251,1588.0
end_to_end_latency,252,1537.0
end_to_end_latency,253,1488.0
end_to_end_latency,254,1438.0
end_to_end_latency,255,1388.0
end_to_end_latency,256,1338.0
end_to_end_latency,257,1288.0
end_to_end_latency,258,1239.0
end_to_end_latency,259,1188.0
end_to_end_latency,260,1913.0
end_to_end_latency,261,1862.0
end_to_end_latency,262,1813.0
end_to_end_latency,263,1763.0
end_to_end_latency,264,1713.0
end_to_end_latency,265,1663.0
end_to_end_latency,266,1613.0
end_to_end_latency,267,1564.0
end_to_end_latency,268,1514.0
end_to_end_latency,269,1463.0
end_to_end_latency,270,1414.0
end_to_end_latency,271,1363.0
end_to_end_latency,272,1314.0
end_to_end_latency,273,2093.0
end_to_end_latency,274,2042.0
end_to_end_latency,275,1993.0
end_to_end_latency,276,1943.0
end_to_end_latency,277,1892.0
end_to_end_latency,278,1842.0
end_to_end_latency,279,1793.0
end_to_end_latency,280,1742.0
end_to_end_latency,281,1692.0
end_to_end_latency,282,1643.0
end_to_end_latency,283,1592.0
end_to_end_latency,284,1543.0
end_to_end_latency,285,1491.0
end_to_end_latency,286,1442.0
end_to_end_latency,287,1393.0
end_to_end_latency,288,1342.0
end_to_end_latency,289,1293.0
end_to_end_latency,290,1242.0
end_to_end_latency,291,1193.0
end_to_end_latency,292,1142.0
end_to_end_latency,293,1962.0
end_to_end_latency,294,1912.0
end_to_end_latency,295,1862.0
end_to_end_latency,296,1813.0
end_to_end_latency,297,1763.0
end_to_end_latency,298,1713.0
end_to_end_latency,299,1664.0
end_to_end_latency,300,1615.0
end_to_end_latency,301,1564.0
end_to_end_latency,302,1515.0
end_to_end_latency,310,2453.0
end_to_end_latency,311,2403.0
end_to_end_latency,312,2353.0
end_to_end_latency,316,2154.0
end_to_end_latency,317,2105.0
end_to_end_latency,318,2055.0
end_to_end_latency,319,2004.0
end_to_end_latency,320,1954.0
end_to_end_latency,321,1904.0
end_to_end_latency,322,1854.0
end_to_end_latency,323,1805.0
end_to_end_latency,324,1754.0
end_to_end_latency,325,1705.0
end_to_end_latency,326,1655.0
end_to_end_latency,327,1605.0
end_to_end_latency,328,1556.0
end_to_end_latency,329,1506.0
end_to_end_latency,330,1455.0
end_to_end_latency,331,1405.0
end_to_end_latency,332,1355.0
end_to_end_latency,333,1305.0
end_to_end_latency,334,1255.0
end_to_end_latency,335,1206.0
end_to_end_latency,336,1155.0
end_to_end_latency,337,1105.0
end_to_end_latency,338,1055.0
end_to_end_latency,339,1819.0
end_to_end_latency,340,1769.0
end_to_end_latency,341,1720.0
end_to_end_latency,346,1470.0
end_to_end_latency,347,1420.0
end_to_end_latency,348,1371.0
end_to_end_latency,349,2118.0
end_to_end_latency,350,2069.0
end_to_end_latency,351,2018.0
end_to_end_latency,352,1968.0
end_to_end_latency,353,1918.0
end_to_end_latency,354,1869.0
end_to_end_latency,355,1818.0
end_to_end_latency,356,1768.0
end_to_end_latency,357,1718.0
end_to_end_latency,358,1668.0
end_to_end_latency,362,1469.0
end_to_end_latency,363,1420.0
end_to_end_latency,364,1369.0
end_to_end_latency,0,2005.0
end_to_end_latency,1,1956.0
end_to_end_latency,2,1905.0
end_to_end_latency,3,1856.0
end_to_end_latency,4,1805.0
end_to_end_latency,18,1105.0
end_to_end_latency,19,1056.0
end_to_end_latency,20,1005.0
end_to_end_latency,21,1727.0
end_to_end_latency,22,1676.0
end_to_end_latency,23,1626.0
end_to_end_latency,24,1578.0
end_to_end_latency,25,1528.0
end_to_end_latency,26,1478.0
end_to_end_latency,27,1427.0
end_to_end_latency,28,1378.0
end_to_end_latency,29,1327.0
end_to_end_latency,30,1278.0
end_to_end_latency,31,2080.0
end_to_end_latency,32,2031.0
end_to_end_latency,33,1981.0
end_to_end_latency,34,1931.0
end_to_end_latency,35,1880.0
end_to_end_latency,36,1830.0
end_to_end_latency,37,1780.0
end_to_end_latency,38,1730.0
end_to_end_latency,39,1681.0
end_to_end_latency,40,1631.0
end_to_end_latency,41,1582.0
end_to_end_latency,42,1531.0
end_to_end_latency,43,1482.0
end_to_end_latency,44,1431.0
end_to_end_latency,45,1381.0
end_to_end_latency,46,1331.0
end_to_end_latency,47,2127.0
end_to_end_latency,48,2077.0
end_to_end_latency,49,2027.0
end_to_end_latency,50,1977.0
end_to_end_latency,51,1927.0
end_to_end_latency,52,1877.0
end_to_end_latency,53,1827.0
end_to_end_latency,54,1777.0
end_to_end_latency,55,1727.0
end_to_end_latency,56,1678.0
end_to_end_latency,57,1628.0
end_to_end_latency,58,1579.0
end_to_end_latency,59,1528.0
end_to_end_latency,60,1479.0
end_to_end_latency,61,1428.0
end_to_end_latency,62,1378.0
end_to_end_latency,63,1328.0
end_to_end_latency,64,1278.0
end_to_end_latency,65,1228.0
end_to_end_latency,66,2741.0
end_to_end_latency,67,2691.0
end_to_end_latency,68,2641.0
end_to_end_latency,69,2591.0
end_to_end_latency,70,2542.0
end_to_end_latency,71,2492.0
end_to_end_latency,72,2442.0
end_to_end_latency,73,2392.0
end_to_end_latency,74,2342.0
end_to_end_latency,75,2292.0
end_to_end_latency,76,2242.0
end_to_end_latency,77,2192.0
end_to_end_latency,78,2142.0
end_to_end_latency,83,1893.0
end_to_end_latency,84,1842.0
end_to_end_latency,85,1792.0
end_to_end_latency,89,1593.0
end_to_end_latency,90,1543.0
end_to_end_latency,91,1493.0
end_to_end_latency,92,1443.0
end_to_end_latency,93,1393.0
end_to_end_latency,94,1343.0
end_to_end_latency,95,1293.0
end_to_end_latency,99,1093.0
end_to_end_latency,100,1043.0
end_to_end_latency,101,993.0
end_to_end_latency,102,1825.0
end_to_end_latency,103,1775.0
end_to_end_latency,104,1725.0
end_to_end_latency,105,1675.0
end_to_end_latency,106,1625.0
end_to_end_latency,107,1575.0
end_to_end_latency,108,1525.0
end_to_end_latency,109,1475.0
end_to_end_latency,110,1426.0
end_to_end_latency,111,1375.0
end_to_end_latency,112,2071.0
end_to_end_latency,113,2021.0
end_to_end_latency,114,1970.0
end_to_end_latency,115,1921.0
end_to_end_latency,116,1871.0
end_to_end_latency,117,1821.0
end_to_end_latency,118,1772.0
end_to_end_latency,119,1722.0
end_to_end_latency,120,1672.0
end_to_end_latency,121,1621.0
end_to_end_latency,122,1572.0
end_to_end_latency,123,1522.0
end_to_end_latency,124,1471.0
end_to_end_latency,125,1421.0
end_to_end_latency,126,1371.0
end_to_end_latency,127,1322.0
end_to_end_latency,128,2081.0
end_to_end_latency,129,2030.0
end_to_end_latency,130,1981.0
end_to_end_latency,131,1931.0
end_to_end_latency,132,1881.0
end_to_end_latency,133,1831.0
end_to_end_latency,134,1781.0
end_to_end_latency,135,1731.0
end_to_end_latency,136,1681.0
end_to_end_latency,137,1630.0
end_to_end_latency,138,1582.0
end_to_end_latency,139,1532.0
end_to_end_latency,140,1482.0
end_to_end_latency,141,1432.0
end_to_end_latency,142,1382.0
end_to_end_latency,143,1332.0
end_to_end_latency,144,2954.0
end_to_end_latency,145,2904.0
end_to_end_latency,146,2854.0
end_to_end_latency,147,2804.0
end_to_end_latency,148,2755.0
end_to_end_latency,149,2705.0
end_to_end_latency,150,2655.0
end_to_end_latency,151,2604.0
end_to_end_latency,152,2555.0
end_to_end_latency,153,2505.0
end_to_end_latency,154,2455.0
end_to_end_latency,155,2406.0
end_to_end_latency,156,2356.0
end_to_end_latency,157,2304.0
end_to_end_latency,158,2255.0
end_to_end_latency,159,2204.0
end_to_end_latency,160,2154.0
end_to_end_latency,161,2106.0
end_to_end_latency,162,2056.0
end_to_end_latency,163,2005.0
end_to_end_latency,164,1955.0
end_to_end_latency,165,1904.0
end_to_end_latency,166,1855.0
end_to_end_latency,167,1804.0
end_to_end_latency,168,1755.0
end_to_end_latency,169,1704.0
end_to_end_latency,170,1654.0
end_to_end_latency,171,1605.0
end_to_end_latency,172,1555.0
end_to_end_latency,173,1505.0
end_to_end_latency,174,1455.0
end_to_end_latency,175,1405.0
end_to_end_latency,176,1354.0
end_to_end_latency,177,1305.0
end_to_end_latency,178,1255.0
end_to_end_latency,179,1205.0
end_to_end_latency,180,1156.0
end_to_end_latency,181,1106.0
end_to_end_latency,182,1056.0
end_to_end_latency,183,1751.0
end_to_end_latency,184,1702.0
end_to_end_latency,185,1651.0
end_to_end_latency,186,1602.0
end_to_end_latency,187,1553.0
end_to_end_latency,188,1503.0
end_to_end_latency,189,1452.0
end_to_end_latency,190,2210.0
end_to_end_latency,191,2160.0
end_to_end_latency,192,2111.0
end_to_end_latency,193,2061.0
end_to_end_latency,194,2012.0
end_to_end_latency,195,1960.0
end_to_end_latency,196,1911.0
end_to_end_latency,197,1861.0
end_to_end_latency,198,1811.0
end_to_end_latency,199,1761.0
end_to_end_latency,200,1710.0
end_to_end_latency,201,1661.0
end_to_end_latency,202,1611.0
end_to_end_latency,203,1561.0
end_to_end_latency,204,1511.0
end_to_end_latency,205,1461.0
end_to_end_latency,206,1411.0
end_to_end_latency,207,1361.0
end_to_end_latency,208,1311.0
end_to_end_latency,209,2081.0
end_to_end_latency,210,2031.0
end_to_end_latency,211,1982.0
end_to_end_latency,212,1932.0
end_to_end_latency,213,1882.0
end_to_end_latency,214,1832.0
end_to_end_latency,215,1781.0
end_to_end_latency,216,1733.0
end_to_end_latency,217,1683.0
end_to_end_latency,218,1633.0
end_to_end_latency,219,1583.0
end_to_end_latency,220,1533.0
end_to_end_latency,221,1483.0
end_to_end_latency,222,1433.0
end_to_end_latency,223,1383.0
end_to_end_latency,224,1332.0
end_to_end_latency,225,1282.0
end_to_end_latency,226,1233.0
end_to_end_latency,227,1183.0
end_to_end_latency,228,1133.0
end_to_end_latency,229,2689.0
end_to_end_latency,230,2638.0
end_to_end_latency,231,2589.0
end_to_end_latency,235,2390.0
end_to_end_latency,236,2339.0
end_to_end_latency,237,2290.0
end_to_end_latency,238,2239.0
end_to_end_latency,239,2189.0
end_to_end_latency,240,2140.0
end_to_end_latency,241,2090.0
end_to_end_latency,242,2040.0
end_to_end_latency,243,1990.0
end_to_end_latency,244,1940.0
end_to_end_latency,245,1891.0
end_to_end_latency,246,1840.0
end_to_end_latency,247,1791.0
end_to_end_latency,248,1740.0
end_to_end_latency,249,1690.0
end_to_end_latency,250,1641.0
end_to_end_latency,251,1591.0
end_to_end_latency,252,1541.0
end_to_end_latency,253,1490.0
end_to_end_latency,254,1441.0
end_to_end_latency,261,1091.0
end_to_end_latency,262,1042.0
end_to_end_latency,263,991.0
end_to_end_latency,264,1717.0
end_to_end_latency,265,1666.0
end_to_end_latency,266,1617.0
end_to_end_latency,267,1567.0
end_to_end_latency,268,1517.0
end_to_end_latency,269,1467.0
end_to_end_latency,270,1416.0
end_to_end_latency,277,1895.0
end_to_end_latency,278,1846.0
end_to_end_latency,279,1796.0
end_to_end_latency,280,1745.0
end_to_end_latency,281,1696.0
end_to_end_latency,282,1645.0
end_to_end_latency,283,1596.0
end_to_end_latency,284,1546.0
end_to_end_latency,285,1496.0
end_to_end_latency,286,1446.0
end_to_end_latency,287,1396.0
end_to_end_latency,288,1346.0
end_to_end_latency,289,1296.0
end_to_end_latency,290,2115.0
end_to_end_latency,291,2067.0
end_to_end_latency,292,2015.0
end_to_end_latency,293,1965.0
end_to_end_latency,294,1915.0
end_to_end_latency,295,1866.0
end_to_end_latency,296,1815.0
end_to_end_latency,297,1766.0
end_to_end_latency,298,1715.0
end_to_end_latency,299,1665.0
end_to_end_latency,300,1616.0
end_to_end_latency,301,1567.0
end_to_end_latency,302,1518.0
end_to_end_latency,303,1467.0
end_to_end_latency,304,1418.0
end_to_end_latency,305,1367.0
end_to_end_latency,306,1318.0
end_to_end_latency,307,1268.0
end_to_end_latency,308,2556.0
end_to_end_latency,309,2507.0
end_to_end_latency,310,2457.0
end_to_end_latency,311,2407.0
end_to_end_latency,312,2356.0
end_to_end_latency,313,2307.0
end_to_end_latency,314,2257.0
end_to_end_latency,315,2207.0
end_to_end_latency,316,2158.0
end_to_end_latency,317,2107.0
end_to_end_latency,318,2057.0
end_to_end_latency,319,2007.0
end_to_end_latency,320,1958.0
end_to_end_latency,321,1907.0
end_to_end_latency,322,1858.0
end_to_end_latency,323,1807.0
end_to_end_latency,324,1758.0
end_to_end_latency,325,1708.0
end_to_end_latency,326,1659.0
end_to_end_latency,327,1609.0
end_to_end_latency,328,1559.0
end_to_end_latency,329,1508.0
end_to_end_latency,330,1458.0
end_to_end_latency,331,1409.0
end_to_end_latency,332,1358.0
end_to_end_latency,333,1308.0
end_to_end_latency,334,1258.0
end_to_end_latency,335,1208.0
end_to_end_latency,336,1159.0
end_to_end_latency,337,1110.0
end_to_end_latency,338,1059.0
end_to_end_latency,339,1009.0
end_to_end_latency,340,959.0
end_to_end_latency,341,910.0
end_to_end_latency,342,859.0
end_to_end_latency,343,1623.0
end_to_end_latency,344,1574.0
end_to_end_latency,345,1523.0
end_to_end_latency,346,1473.0
end_to_end_latency,347,1424.0
end_to_end_latency,348,1373.0
end_to_end_latency,349,1323.0
end_to_end_latency,350,2071.0
end_to_end_latency,351,2022.0
end_to_end_latency,352,1971.0
end_to_end_latency,353,1921.0
end_to_end_latency,354,1871.0
end_to_end_latency,355,1822.0
end_to_end_latency,363,1422.0
end_to_end_latency,364,1372.0
end_to_end_latency,365,1322.0
end_to_end_latency,366,1273.0
end_to_end_latency,367,1222.0
end_to_end_latency,368,1172.0
end_to_end_latency,0,2011.0
end_to_end_latency,1,1961.0
end_to_end_latency,2,1911.0
end_to_end_latency,3,1861.0
end_to_end_latency,4,1810.0
end_to_end_latency,5,1761.0
end_to_end_latency,6,1710.0
end_to_end_latency,7,1661.0
end_to_end_latency,8,1610.0
end_to_end_latency,9,1561.0
end_to_end_latency,10,1511.0
end_to_end_latency,11,1461.0
end_to_end_latency,12,1410.0
end_to_end_latency,13,1360.0
end_to_end_latency,14,1310.0
end_to_end_latency,15,1260.0
end_to_end_latency,16,1211.0
end_to_end_latency,17,1160.0
end_to_end_latency,18,1881.0
end_to_end_latency,19,1832.0
end_to_end_latency,20,1781.0
end_to_end_latency,21,1732.0
end_to_end_latency,22,1681.0
end_to_end_latency,23,1632.0
end_to_end_latency,24,1583.0
end_to_end_latency,25,1533.0
end_to_end_latency,26,1483.0
end_to_end_latency,27,1433.0
end_to_end_latency,28,1382.0
end_to_end_latency,29,1333.0
end_to_end_latency,30,1282.0
end_to_end_latency,34,1935.0
end_to_end_latency,35,1886.0
end_to_end_latency,36,1835.0
end_to_end_latency,37,1787.0
end_to_end_latency,38,1736.0
end_to_end_latency,39,1687.0
end_to_end_latency,40,1636.0
end_to_end_latency,41,1587.0
end_to_end_latency,42,1537.0
end_to_end_latency,43,1486.0
end_to_end_latency,44,1437.0
end_to_end_latency,45,1386.0
end_to_end_latency,46,1336.0
end_to_end_latency,50,1982.0
end_to_end_latency,51,1933.0
end_to_end_latency,52,1882.0
end_to_end_latency,53,1833.0
end_to_end_latency,54,1782.0
end_to_end_latency,55,1732.0
end_to_end_latency,56,1682.0
end_to_end_latency,57,1632.0
end_to_end_latency,58,1582.0
end_to_end_latency,59,1533.0
end_to_end_latency,60,1482.0
end_to_end_latency,61,1433.0
end_to_end_latency,62,1382.0
end_to_end_latency,66,2746.0
end_to_end_latency,67,2696.0
end_to_end_latency,68,2647.0
end_to_end_latency,69,2596.0
end_to_end_latency,70,2548.0
end_to_end_latency,71,2497.0
end_to_end_latency,72,2447.0
end_to_end_latency,73,2397.0
end_to_end_latency,74,2347.0
end_to_end_latency,75,2298.0
end_to_end_latency,76,2247.0
end_to_end_latency,77,2198.0
end_to_end_latency,78,2147.0
end_to_end_latency,79,2097.0
end_to_end_latency,80,2048.0
end_to_end_latency,81,1997.0
end_to_end_latency,82,1947.0
end_to_end_latency,83,1897.0
end_to_end_latency,84,1847.0
end_to_end_latency,85,1797.0
end_to_end_latency,86,1748.0
end_to_end_latency,87,1697.0
end_to_end_latency,88,1648.0
end_to_end_latency,89,1597.0
end_to_end_latency,90,1548.0
end_to_end_latency,91,1498.0
end_to_end_latency,92,1448.0
end_to_end_latency,93,1399.0
end_to_end_latency,94,1348.0
end_to_end_latency,95,1299.0
end_to_end_latency,96,1248.0
end_to_end_latency,97,1199.0
end_to_end_latency,98,1148.0
end_to_end_latency,99,1980.0
end_to_end_latency,100,1930.0
end_to_end_latency,101,1880.0
end_to_end_latency,102,1830.0
end_to_end_latency,103,1780.0
end_to_end_latency,104,1730.0
end_to_end_latency,105,1680.0
end_to_end_latency,106,1631.0
end_to_end_latency,107,1580.0
end_to_end_latency,108,1530.0
end_to_end_latency,109,1480.0
end_to_end_latency,110,1430.0
end_to_end_latency,111,1380.0
end_to_end_latency,112,2076.0
end_to_end_latency,113,2026.0
end_to_end_latency,114,1977.0
end_to_end_latency,115,1926.0
end_to_end_latency,116,1876.0
end_to_end_latency,117,1826.0
end_to_end_latency,118,1777.0
end_to_end_latency,119,1727.0
end_to_end_latency,120,1677.0
end_to_end_latency,121,1627.0
end_to_end_latency,122,1577.0
end_to_end_latency,123,1527.0
end_to_end_latency,124,1477.0
end_to_end_latency,125,1426.0
end_to_end_latency,126,1377.0
end_to_end_latency,127,1327.0
end_to_end_latency,131,1936.0
end_to_end_latency,132,1886.0
end_to_end_latency,133,1836.0
end_to_end_latency,134,1786.0
end_to_end_latency,135,1736.0
end_to_end_latency,136,1686.0
end_to_end_latency,137,1636.0
end_to_end_latency,138,1587.0
end_to_end_latency,139,1537.0
end_to_end_latency,140,1487.0
end_to_end_latency,141,1437.0
end_to_end_latency,142,1387.0
end_to_end_latency,143,1338.0
end_to_end_latency,144,2959.0
end_to_end_latency,145,2909.0
end_to_end_latency,146,2858.0
end_to_end_latency,147,2809.0
end_to_end_latency,148,2759.0
end_to_end_latency,149,2709.0
end_to_end_latency,150,2658.0
end_to_end_latency,151,2610.0
end_to_end_latency,152,2560.0
end_to_end_latency,153,2510.0
end_to_end_latency,154,2460.0
end_to_end_latency,155,2410.0
end_to_end_latency,156,2360.0
end_to_end_latency,157,2309.0
end_to_end_latency,158,2260.0
end_to_end_latency,159,2209.0
end_to_end_latency,160,2160.0
end_to_end_latency,161,2110.0
end_to_end_latency,162,2060.0
end_to_end_latency,163,2010.0
end_to_end_latency,164,1960.0
end_to_end_latency,165,1910.0
end_to_end_latency,166,1860.0
end_to_end_latency,167,1810.0
end_to_end_latency,168,1760.0
end_to_end_latency,169,1710.0
end_to_end_latency,170,1660.0
end_to_end_latency,171,1610.0
end_to_end_latency,172,1559.0
end_to_end_latency,173,1509.0
end_to_end_latency,174,1459.0
end_to_end_latency,175,1409.0
end_to_end_latency,176,1360.0
end_to_end_latency,177,1311.0
end_to_end_latency,178,1261.0
end_to_end_latency,179,1211.0
end_to_end_latency,180,1906.0
end_to_end_latency,181,1856.0
end_to_end_latency,182,1806.0
end_to_end_latency,183,1757.0
end_to_end_latency,184,1706.0
end_to_end_latency,185,1656.0
end_to_end_latency,186,1607.0
end_to_end_latency,187,1558.0
end_to_end_latency,188,1507.0
end_to_end_latency,189,1456.0
end_to_end_latency,190,1407.0
end_to_end_latency,191,1357.0
end_to_end_latency,192,1308.0
end_to_end_latency,193,2065.0
end_to_end_latency,194,2016.0
end_to_end_latency,195,1966.0
end_to_end_latency,196,1916.0
end_to_end_latency,197,1866.0
end_to_end_latency,198,1816.0
end_to_end_latency,199,1766.0
end_to_end_latency,200,1716.0
end_to_end_latency,201,1666.0
end_to_end_latency,202,1615.0
end_to_end_latency,203,1566.0
end_to_end_latency,204,1516.0
end_to_end_latency,205,1466.0
end_to_end_latency,206,1415.0
end_to_end_latency,207,1366.0
end_to_end_latency,208,1316.0
end_to_end_latency,209,2087.0
end_to_end_latency,210,2036.0
end_to_end_latency,211,1987.0
end_to_end_latency,212,1937.0
end_to_end_latency,213,1887.0
end_to_end_latency,214,1837.0
end_to_end_latency,215,1787.0
end_to_end_latency,216,1737.0
end_to_end_latency,217,1688.0
end_to_end_latency,218,1637.0
end_to_end_latency,219,1588.0
end_to_end_latency,220,1538.0
end_to_end_latency,221,1488.0
end_to_end_latency,222,1438.0
end_to_end_latency,223,1387.0
end_to_end_latency,224,1338.0
end_to_end_latency,225,1288.0
end_to_end_latency,226,1238.0
end_to_end_latency,227,1188.0
end_to_end_latency,228,1138.0
end_to_end_latency,229,2693.0
end_to_end_latency,230,2643.0
end_to_end_latency,231,2593.0
end_to_end_latency,235,2395.0
end_to_end_latency,236,2345.0
end_to_end_latency,237,2295.0
end_to_end_latency,238,2246.0
end_to_end_latency,239,2195.0
end_to_end_latency,240,2145.0
end_to_end_latency,241,2095.0
end_to_end_latency,242,2045.0
end_to_end_latency,243,1995.0
end_to_end_latency,244,1945.0
end_to_end_latency,245,1895.0
end_to_end_latency,246,1846.0
end_to_end_latency,247,1795.0
end_to_end_latency,248,1746.0
end_to_end_latency,249,1696.0
end_to_end_latency,250,1645.0
end_to_end_latency,251,1596.0
end_to_end_latency,252,1546.0
end_to_end_latency,253,1495.0
end_to_end_latency,254,1446.0
end_to_end_latency,255,1396.0
end_to_end_latency,256,1346.0
end_to_end_latency,257,1297.0
end_to_end_latency,258,1247.0
end_to_end_latency,259,1196.0
end_to_end_latency,260,1146.0
end_to_end_latency,261,1871.0
end_to_end_latency,262,1820.0
end_to_end_latency,263,1770.0
end_to_end_latency,268,1523.0
end_to_end_latency,269,1471.0
end_to_end_latency,270,1422.0
end_to_end_latency,271,1371.0
end_to_end_latency,272,1321.0
end_to_end_latency,273,1272.0
end_to_end_latency,274,1220.0
end_to_end_latency,275,1172.0
end_to_end_latency,276,1121.0
end_to_end_latency,277,1901.0
end_to_end_latency,278,1851.0
end_to_end_latency,279,1800.0
end_to_end_latency,280,1750.0
end_to_end_latency,281,1701.0
end_to_end_latency,282,1650.0
end_to_end_latency,283,1601.0
end_to_end_latency,284,1551.0
end_to_end_latency,285,1501.0
end_to_end_latency,286,1450.0
end_to_end_latency,290,2120.0
end_to_end_latency,291,2070.0
end_to_end_latency,292,2021.0
end_to_end_latency,293,1970.0
end_to_end_latency,294,1921.0
end_to_end_latency,295,1870.0
end_to_end_latency,296,1819.0
end_to_end_latency,297,1770.0
end_to_end_latency,298,1720.0
end_to_end_latency,299,1671.0
end_to_end_latency,300,1621.0
end_to_end_latency,301,1573.0
end_to_end_latency,302,1523.0
end_to_end_latency,303,1473.0
end_to_end_latency,304,1422.0
end_to_end_latency,305,1373.0
end_to_end_latency,306,1322.0
end_to_end_latency,307,1272.0
end_to_end_latency,308,2561.0
end_to_end_latency,309,2511.0
end_to_end_latency,310,2461.0
end_to_end_latency,311,2412.0
end_to_end_latency,312,2362.0
end_to_end_latency,313,2311.0
end_to_end_latency,314,2263.0
end_to_end_latency,315,2213.0
end_to_end_latency,316,2163.0
end_to_end_latency,317,2113.0
end_to_end_latency,318,2062.0
end_to_end_latency,319,2012.0
end_to_end_latency,320,1962.0
end_to_end_latency,321,1913.0
end_to_end_latency,322,1864.0
end_to_end_latency,323,1813.0
end_to_end_latency,324,1764.0
end_to_end_latency,325,1713.0
end_to_end_latency,326,1663.0
end_to_end_latency,327,1614.0
end_to_end_latency,328,1564.0
end_to_end_latency,329,1514.0
end_to_end_latency,330,1463.0
end_to_end_latency,331,1413.0
end_to_end_latency,332,1363.0
end_to_end_latency,333,1313.0
end_to_end_latency,334,1265.0
end_to_end_latency,335,1214.0
end_to_end_latency,336,1164.0
end_to_end_latency,337,1928.0
end_to_end_latency,338,1877.0
end_to_end_latency,339,1828.0
end_to_end_latency,340,1777.0
end_to_end_latency,341,1728.0
end_to_end_latency,342,1678.0
end_to_end_latency,343,1629.0
end_to_end_latency,344,1579.0
end_to_end_latency,345,1529.0
end_to_end_latency,346,1479.0
end_to_end_latency,347,1429.0
end_to_end_latency,348,1378.0
end_to_end_latency,349,1329.0
end_to_end_latency,353,1927.0
end_to_end_latency,354,1876.0
end_to_end_latency,355,1827.0
end_to_end_latency,356,1777.0
end_to_end_latency,357,1727.0
end_to_end_latency,358,1677.0
end_to_end_latency,359,1627.0
end_to_end_latency,360,1577.0
end_to_end_latency,361,1528.0
end_to_end_latency,362,1477.0
end_to_end_latency,363,1427.0
end_to_end_latency,364,1378.0
end_to_end_latency,365,1327.0
end_to_end_latency,0,1992.0
end_to_end_latency,1,1942.0
end_to_end_latency,2,1892.0
end_to_end_latency,3,1841.0
end_to_end_latency,4,1792.0
end_to_end_latency,5,1742.0
end_to_end_latency,6,1692.0
end_to_end_latency,7,2413.0
end_to_end_latency,8,2363.0
end_to_end_latency,9,2312.0
end_to_end_latency,10,2263.0
end_to_end_latency,11,2213.0
end_to_end_latency,12,2163.0
end_to_end_latency,13,2113.0
end_to_end_latency,14,2062.0
end_to_end_latency,15,2013.0
end_to_end_latency,16,1963.0
end_to_end_latency,17,1913.0
end_to_end_latency,18,1863.0
end_to_end_latency,19,1813.0
end_to_end_latency,26,1464.0
end_to_end_latency,27,1413.0
end_to_end_latency,28,1364.0
end_to_end_latency,29,2166.0
end_to_end_latency,30,2117.0
end_to_end_latency,31,2066.0
end_to_end_latency,32,2016.0
end_to_end_latency,33,1967.0
end_to_end_latency,34,1916.0
end_to_end_latency,35,1866.0
end_to_end_latency,36,1817.0
end_to_end_latency,37,1767.0
end_to_end_latency,38,1717.0
end_to_end_latency,39,1667.0
end_to_end_latency,40,1616.0
end_to_end_latency,41,1567.0
end_to_end_latency,42,1518.0
end_to_end_latency,43,1468.0
end_to_end_latency,44,1417.0
end_to_end_latency,45,1368.0
end_to_end_latency,46,2164.0
end_to_end_latency,47,2114.0
end_to_end_latency,48,2064.0
end_to_end_latency,49,2014.0
end_to_end_latency,50,1964.0
end_to_end_latency,51,1914.0
end_to_end_latency,52,1864.0
end_to_end_latency,53,1814.0
end_to_end_latency,54,1764.0
end_to_end_latency,55,1714.0
end_to_end_latency,56,1663.0
end_to_end_latency,57,1614.0
end_to_end_latency,58,1564.0
end_to_end_latency,59,1514.0
end_to_end_latency,60,1465.0
end_to_end_latency,61,1414.0
end_to_end_latency,62,1365.0
end_to_end_latency,63,1314.0
end_to_end_latency,64,1265.0
end_to_end_latency,65,2778.0
end_to_end_latency,66,2727.0
end_to_end_latency,67,2678.0
end_to_end_latency,68,2627.0
end_to_end_latency,69,2578.0
end_to_end_latency,70,2527.0
end_to_end_latency,71,2478.0
end_to_end_latency,72,2429.0
end_to_end_latency,73,2378.0
end_to_end_latency,74,2329.0
end_to_end_latency,75,2279.0
end_to_end_latency,76,2228.0
end_to_end_latency,77,2179.0
end_to_end_latency,78,2128.0
end_to_end_latency,79,2079.0
end_to_end_latency,80,2028.0
end_to_end_latency,81,1978.0
end_to_end_latency,82,1929.0
end_to_end_latency,83,1878.0
end_to_end_latency,84,1829.0
end_to_end_latency,85,1778.0
end_to_end_latency,86,1729.0
end_to_end_latency,87,1678.0
end_to_end_latency,88,1629.0
end_to_end_latency,89,1579.0
end_to_end_latency,90,1529.0
end_to_end_latency,91,1479.0
end_to_end_latency,92,1430.0
end_to_end_latency,93,1379.0
end_to_end_latency,98,2012.0
end_to_end_latency,99,1962.0
end_to_end_latency,100,1911.0
end_to_end_latency,101,1862.0
end_to_end_latency,102,1812.0
end_to_end_latency,103,1762.0
end_to_end_latency,104,1711.0
end_to_end_latency,105,1662.0
end_to_end_latency,106,1611.0
end_to_end_latency,107,1562.0
end_to_end_latency,108,1512.0
end_to_end_latency,109,1461.0
end_to_end_latency,110,1412.0
end_to_end_latency,111,2107.0
end_to_end_latency,112,2058.0
end_to_end_latency,113,2008.0
end_to_end_latency,114,1957.0
end_to_end_latency,115,1907.0
end_to_end_latency,116,1858.0
end_to_end_latency,117,1809.0
end_to_end_latency,118,1758.0
end_to_end_latency,119,1708.0
end_to_end_latency,120,1658.0
end_to_end_latency,121,1609.0
end_to_end_latency,122,1558.0
end_to_end_latency,123,1508.0
end_to_end_latency,124,1458.0
end_to_end_latency,125,1408.0
end_to_end_latency,126,1358.0
end_to_end_latency,127,2118.0
end_to_end_latency,128,2067.0
end_to_end_latency,129,2018.0
end_to_end_latency,130,1968.0
end_to_end_latency,131,1918.0
end_to_end_latency,132,1867.0
end_to_end_latency,133,1817.0
end_to_end_latency,134,1767.0
end_to_end_latency,135,1717.0
end_to_end_latency,136,1668.0
end_to_end_latency,140,1467.0
end_to_end_latency,141,1418.0
end_to_end_latency,142,1368.0
end_to_end_latency,143,2990.0
end_to_end_latency,144,2940.0
end_to_end_latency,145,2891.0
end_to_end_latency,146,2840.0
end_to_end_latency,147,2790.0
end_to_end_latency,148,2741.0
end_to_end_latency,149,2690.0
end_to_end_latency,150,2640.0
end_to_end_latency,151,2590.0
end_to_end_latency,152,2540.0
end_to_end_latency,153,2492.0
end_to_end_latency,154,2442.0
end_to_end_latency,155,2392.0
end_to_end_latency,156,2341.0
end_to_end_latency,157,2291.0
end_to_end_latency,158,2242.0
end_to_end_latency,159,2191.0
end_to_end_latency,160,2142.0
end_to_end_latency,161,2091.0
end_to_end_latency,162,2041.0
end_to_end_latency,163,1991.0
end_to_end_latency,164,1941.0
end_to_end_latency,165,1891.0
end_to_end_latency,166,1841.0
end_to_end_latency,167,1791.0
end_to_end_latency,168,1742.0
end_to_end_latency,169,1691.0
end_to_end_latency,170,1641.0
end_to_end_latency,171,1592.0
end_to_end_latency,172,1541.0
end_to_end_latency,173,1491.0
end_to_end_latency,174,1441.0
end_to_end_latency,175,1392.0
end_to_end_latency,179,1939.0
end_to_end_latency,180,1888.0
end_to_end_latency,181,1838.0
end_to_end_latency,182,1788.0
end_to_end_latency,183,1738.0
end_to_end_latency,184,1688.0
end_to_end_latency,185,1639.0
end_to_end_latency,186,1588.0
end_to_end_latency,187,1539.0
end_to_end_latency,188,1489.0
end_to_end_latency,189,1439.0
end_to_end_latency,190,1389.0
end_to_end_latency,191,1339.0
end_to_end_latency,192,2097.0
end_to_end_latency,193,2047.0
end_to_end_latency,194,1997.0
end_to_end_latency,195,1947.0
end_to_end_latency,196,1897.0
end_to_end_latency,197,1847.0
end_to_end_latency,198,1797.0
end_to_end_latency,199,1748.0
end_to_end_latency,200,1698.0
end_to_end_latency,201,1647.0
end_to_end_latency,202,1597.0
end_to_end_latency,203,1548.0
end_to_end_latency,204,1498.0
end_to_end_latency,205,1447.0
end_to_end_latency,206,1397.0
end_to_end_latency,207,1347.0
end_to_end_latency,208,2118.0
end_to_end_latency,209,2068.0
end_to_end_latency,210,2018.0
end_to_end_latency,211,1968.0
end_to_end_latency,212,1918.0
end_to_end_latency,213,1868.0
end_to_end_latency,214,1818.0
end_to_end_latency,215,1768.0
end_to_end_latency,216,1718.0
end_to_end_latency,217,1669.0
end_to_end_latency,221,1469.0
end_to_end_latency,222,1419.0
end_to_end_latency,223,1369.0
end_to_end_latency,227,2775.0
end_to_end_latency,228,2725.0
end_to_end_latency,229,2675.0
end_to_end_latency,230,2625.0
end_to_end_latency,237,2276.0
end_to_end_latency,238,2226.0
end_to_end_latency,239,2176.0
end_to_end_latency,240,2126.0
end_to_end_latency,241,2076.0
end_to_end_latency,242,2027.0
end_to_end_latency,243,1977.0
end_to_end_latency,244,1926.0
end_to_end_latency,245,1876.0
end_to_end_latency,246,1826.0
end_to_end_latency,247,1777.0
end_to_end_latency,248,1726.0
end_to_end_latency,249,1676.0
end_to_end_latency,250,1627.0
end_to_end_latency,251,1577.0
end_to_end_latency,252,1527.0
end_to_end_latency,253,1477.0
end_to_end_latency,254,1427.0
end_to_end_latency,255,1377.0
end_to_end_latency,256,1325.0
end_to_end_latency,257,1278.0
end_to_end_latency,258,1229.0
end_to_end_latency,259,1179.0
end_to_end_latency,260,1902.0
end_to_end_latency,261,1852.0
end_to_end_latency,262,1803.0
end_to_end_latency,263,1753.0
end_to_end_latency,264,1703.0
end_to_end_latency,265,1653.0
end_to_end_latency,266,1603.0
end_to_end_latency,267,1553.0
end_to_end_latency,268,1503.0
end_to_end_latency,269,1453.0
end_to_end_latency,270,1403.0
end_to_end_latency,271,1353.0
end_to_end_latency,272,1303.0
end_to_end_latency,276,1932.0
end_to_end_latency,277,1883.0
end_to_end_latency,278,1832.0
end_to_end_latency,283,1582.0
end_to_end_latency,284,1531.0
end_to_end_latency,285,1482.0
end_to_end_latency,286,1431.0
end_to_end_latency,287,1383.0
end_to_end_latency,288,1332.0
end_to_end_latency,289,2152.0
end_to_end_latency,290,2102.0
end_to_end_latency,291,2052.0
end_to_end_latency,292,2002.0
end_to_end_latency,293,1952.0
end_to_end_latency,294,1902.0
end_to_end_latency,295,1852.0
end_to_end_latency,296,1803.0
end_to_end_latency,297,1753.0
end_to_end_latency,298,1703.0
end_to_end_latency,299,1653.0
end_to_end_latency,300,1603.0
end_to_end_latency,301,1554.0
end_to_end_latency,302,1504.0
end_to_end_latency,303,1454.0
end_to_end_latency,304,1404.0
end_to_end_latency,305,1354.0
end_to_end_latency,310,2443.0
end_to_end_latency,311,2393.0
end_to_end_latency,312,2343.0
end_to_end_latency,313,2293.0
end_to_end_latency,314,2244.0
end_to_end_latency,315,2194.0
end_to_end_latency,316,2143.0
end_to_end_latency,317,2093.0
end_to_end_latency,318,2044.0
end_to_end_latency,319,1994.0
end_to_end_latency,320,1944.0
end_to_end_latency,321,1894.0
end_to_end_latency,322,1844.0
end_to_end_latency,323,1794.0
end_to_end_latency,324,1744.0
end_to_end_latency,325,1694.0
end_to_end_latency,326,1645.0
end_to_end_latency,327,1594.0
end_to_end_latency,328,1545.0
end_to_end_latency,329,1495.0
end_to_end_latency,330,1444.0
end_to_end_latency,331,1395.0
end_to_end_latency,332,1345.0
end_to_end_latency,333,1294.0
end_to_end_latency,334,1245.0
end_to_end_latency,335,1194.0
end_to_end_latency,336,1145.0
end_to_end_latency,337,1095.0
end_to_end_latency,338,1045.0
end_to_end_latency,339,1809.0
end_to_end_latency,340,1759.0
end_to_end_latency,341,1709.0
end_to_end_latency,345,1510.0
end_to_end_latency,346,1459.0
end_to_end_latency,347,1410.0
end_to_end_latency,348,1360.0
end_to_end_latency,349,2107.0
end_to_end_latency,350,2058.0
end_to_end_latency,351,2007.0
end_to_end_latency,352,1958.0
end_to_end_latency,353,1908.0
end_to_end_latency,354,1858.0
end_to_end_latency,355,1807.0
end_to_end_latency,356,1758.0
end_to_end_latency,357,1707.0
end_to_end_latency,362,1458.0
end_to_end_latency,363,1409.0
end_to_end_latency,364,1358.0
end_to_end_latency,1,1955.0
end_to_end_latency,2,1904.0
end_to_end_latency,3,1855.0
end_to_end_latency,4,1804.0
end_to_end_latency,14,2075.0
end_to_end_latency,15,2025.0
end_to_end_latency,16,1976.0
end_to_end_latency,17,1926.0
end_to_end_latency,18,1875.0
end_to_end_latency,19,1826.0
end_to_end_latency,20,1775.0
end_to_end_latency,21,1726.0
end_to_end_latency,22,1676.0
end_to_end_latency,23,1625.0
end_to_end_latency,24,1577.0
end_to_end_latency,25,1527.0
end_to_end_latency,26,1476.0
end_to_end_latency,27,1427.0
end_to_end_latency,28,1376.0
end_to_end_latency,29,1327.0
end_to_end_latency,30,1277.0
end_to_end_latency,34,1929.0
end_to_end_latency,35,1880.0
end_to_end_latency,36,1830.0
end_to_end_latency,40,1630.0
end_to_end_latency,41,1581.0
end_to_end_latency,42,1531.0
end_to_end_latency,43,1480.0
end_to_end_latency,44,1431.0
end_to_end_latency,45,1380.0
end_to_end_latency,46,1331.0
end_to_end_latency,47,2126.0
end_to_end_latency,48,2077.0
end_to_end_latency,49,2027.0
end_to_end_latency,50,1977.0
end_to_end_latency,51,1926.0
end_to_end_latency,52,1877.0
end_to_end_latency,53,1826.0
end_to_end_latency,54,1776.0
end_to_end_latency,55,1727.0
end_to_end_latency,56,1677.0
end_to_end_latency,57,1626.0
end_to_end_latency,58,1577.0
end_to_end_latency,59,1527.0
end_to_end_latency,60,1477.0
end_to_end_latency,61,1426.0
end_to_end_latency,62,1376.0
end_to_end_latency,63,1328.0
end_to_end_latency,64,1277.0
end_to_end_latency,65,1227.0
end_to_end_latency,66,2741.0
end_to_end_latency,67,2691.0
end_to_end_latency,68,2641.0
end_to_end_latency,69,2590.0
end_to_end_latency,70,2541.0
end_to_end_latency,71,2492.0
end_to_end_latency,72,2441.0
end_to_end_latency,73,2392.0
end_to_end_latency,74,2342.0
end_to_end_latency,75,2291.0
end_to_end_latency,76,2241.0
end_to_end_latency,77,2191.0
end_to_end_latency,78,2142.0
end_to_end_latency,79,2091.0
end_to_end_latency,80,2041.0
end_to_end_latency,81,1991.0
end_to_end_latency,82,1941.0
end_to_end_latency,83,1891.0
end_to_end_latency,84,1842.0
end_to_end_latency,85,1791.0
end_to_end_latency,86,1741.0
end_to_end_latency,87,1691.0
end_to_end_latency,88,1641.0
end_to_end_latency,89,1593.0
end_to_end_latency,90,1543.0
end_to_end_latency,91,1493.0
end_to_end_latency,92,1442.0
end_to_end_latency,93,1393.0
end_to_end_latency,94,1342.0
end_to_end_latency,95,1292.0
end_to_end_latency,96,1243.0
end_to_end_latency,97,1192.0
end_to_end_latency,98,1142.0
end_to_end_latency,99,1975.0
end_to_end_latency,100,1924.0
end_to_end_latency,101,1875.0
end_to_end_latency,102,1824.0
end_to_end_latency,103,1775.0
end_to_end_latency,104,1725.0
end_to_end_latency,105,1675.0
end_to_end_latency,106,1625.0
end_to_end_latency,107,1575.0
end_to_end_latency,108,1524.0
end_to_end_latency,109,1474.0
end_to_end_latency,110,1425.0
end_to_end_latency,111,1374.0
end_to_end_latency,112,2071.0
end_to_end_latency,113,2021.0
end_to_end_latency,114,1971.0
end_to_end_latency,115,1921.0
end_to_end_latency,116,1870.0
end_to_end_latency,117,1821.0
end_to_end_latency,118,1770.0
end_to_end_latency,119,1720.0
end_to_end_latency,120,1670.0
end_to_end_latency,121,1620.0
end_to_end_latency,122,1571.0
end_to_end_latency,123,1520.0
end_to_end_latency,124,1470.0
end_to_end_latency,125,1421.0
end_to_end_latency,126,1371.0
end_to_end_latency,127,1322.0
end_to_end_latency,131,1930.0
end_to_end_latency,132,1880.0
end_to_end_latency,133,1830.0
end_to_end_latency,134,1780.0
end_to_end_latency,135,1730.0
end_to_end_latency,136,1680.0
end_to_end_latency,137,1630.0
end_to_end_latency,138,1581.0
end_to_end_latency,139,1530.0
end_to_end_latency,140,1480.0
end_to_end_latency,141,1430.0
end_to_end_latency,142,1380.0
end_to_end_latency,143,1330.0
end_to_end_latency,144,1281.0
end_to_end_latency,145,1232.0
end_to_end_latency,146,1181.0
end_to_end_latency,147,1131.0
end_to_end_latency,148,2754.0
end_to_end_latency,149,2703.0
end_to_end_latency,150,2653.0
end_to_end_latency,151,2604.0
end_to_end_latency,152,2554.0
end_to_end_latency,153,2504.0
end_to_end_latency,154,2454.0
end_to_end_latency,155,2405.0
end_to_end_latency,156,2354.0
end_to_end_latency,157,2304.0
end_to_end_latency,158,2254.0
end_to_end_latency,159,2204.0
end_to_end_latency,160,2154.0
end_to_end_latency,161,2104.0
end_to_end_latency,162,2054.0
end_to_end_latency,163,2004.0
end_to_end_latency,164,1954.0
end_to_end_latency,165,1904.0
end_to_end_latency,166,1854.0
end_to_end_latency,167,1804.0
end_to_end_latency,168,1754.0
end_to_end_latency,169,1704.0
end_to_end_latency,170,1655.0
end_to_end_latency,171,1605.0
end_to_end_latency,172,1554.0
end_to_end_latency,173,1504.0
end_to_end_latency,174,1454.0
end_to_end_latency,175,1404.0
end_to_end_latency,176,1354.0
end_to_end_latency,177,1305.0
end_to_end_latency,178,1255.0
end_to_end_latency,179,1205.0
end_to_end_latency,180,1901.0
end_to_end_latency,181,1851.0
end_to_end_latency,182,1801.0
end_to_end_latency,183,1751.0
end_to_end_latency,184,1701.0
end_to_end_latency,185,1651.0
end_to_end_latency,186,1601.0
end_to_end_latency,187,1552.0
end_to_end_latency,188,1502.0
end_to_end_latency,189,1452.0
end_to_end_latency,190,1402.0
end_to_end_latency,191,1352.0
end_to_end_latency,192,1302.0
end_to_end_latency,193,2059.0
end_to_end_latency,194,2009.0
end_to_end_latency,195,1961.0
end_to_end_latency,196,1910.0
end_to_end_latency,197,1860.0
end_to_end_latency,198,1810.0
end_to_end_latency,199,1760.0
end_to_end_latency,200,1710.0
end_to_end_latency,201,1660.0
end_to_end_latency,202,1610.0
end_to_end_latency,203,1561.0
end_to_end_latency,204,1510.0
end_to_end_latency,205,1460.0
end_to_end_latency,206,1410.0
end_to_end_latency,207,1360.0
end_to_end_latency,208,1310.0
end_to_end_latency,209,2081.0
end_to_end_latency,210,2031.0
end_to_end_latency,211,1981.0
end_to_end_latency,212,1931.0
end_to_end_latency,213,1881.0
end_to_end_latency,214,1830.0
end_to_end_latency,215,1781.0
end_to_end_latency,216,1732.0
end_to_end_latency,217,1682.0
end_to_end_latency,218,1632.0
end_to_end_latency,219,1582.0
end_to_end_latency,220,1532.0
end_to_end_latency,221,1482.0
end_to_end_latency,222,1431.0
end_to_end_latency,223,1382.0
end_to_end_latency,224,1332.0
end_to_end_latency,229,2688.0
end_to_end_latency,230,2638.0
end_to_end_latency,231,2588.0
end_to_end_latency,232,2539.0
end_to_end_latency,233,2489.0
end_to_end_latency,234,2439.0
end_to_end_latency,235,2389.0
end_to_end_latency,236,2339.0
end_to_end_latency,237,2289.0
end_to_end_latency,238,2239.0
end_to_end_latency,239,2189.0
end_to_end_latency,240,2140.0
end_to_end_latency,241,2088.0
end_to_end_latency,242,2039.0
end_to_end_latency,243,1989.0
end_to_end_latency,244,1939.0
end_to_end_latency,245,1890.0
end_to_end_latency,246,1839.0
end_to_end_latency,247,1790.0
end_to_end_latency,251,1591.0
end_to_end_latency,252,1540.0
end_to_end_latency,253,1490.0
end_to_end_latency,254,1439.0
end_to_end_latency,255,1391.0
end_to_end_latency,256,1341.0
end_to_end_latency,257,1291.0
end_to_end_latency,258,1241.0
end_to_end_latency,259,1191.0
end_to_end_latency,260,1141.0
end_to_end_latency,261,1865.0
end_to_end_latency,262,1815.0
end_to_end_latency,263,1765.0
end_to_end_latency,268,1516.0
end_to_end_latency,269,1466.0
end_to_end_latency,270,1416.0
end_to_end_latency,271,1365.0
end_to_end_latency,272,1316.0
end_to_end_latency,273,1266.0
end_to_end_latency,274,1216.0
end_to_end_latency,275,1166.0
end_to_end_latency,276,1115.0
end_to_end_latency,277,1894.0
end_to_end_latency,278,1845.0
end_to_end_latency,279,1795.0
end_to_end_latency,280,1745.0
end_to_end_latency,281,1695.0
end_to_end_latency,282,1644.0
end_to_end_latency,283,1594.0
end_to_end_latency,284,1545.0
end_to_end_latency,285,1495.0
end_to_end_latency,286,1445.0
end_to_end_latency,287,2264.0
end_to_end_latency,288,2215.0
end_to_end_latency,289,2165.0
end_to_end_latency,290,2115.0
end_to_end_latency,291,2065.0
end_to_end_latency,292,2015.0
end_to_end_latency,293,1965.0
end_to_end_latency,294,1914.0
end_to_end_latency,295,1865.0
end_to_end_latency,296,1814.0
end_to_end_latency,297,1764.0
end_to_end_latency,298,1715.0
end_to_end_latency,299,1665.0
end_to_end_latency,300,1616.0
end_to_end_latency,301,1567.0
end_to_end_latency,302,1516.0
end_to_end_latency,303,1466.0
end_to_end_latency,304,1417.0
end_to_end_latency,305,1367.0
end_to_end_latency,306,1317.0
end_to_end_latency,307,1266.0
end_to_end_latency,308,2556.0
end_to_end_latency,309,2506.0
end_to_end_latency,310,2456.0
end_to_end_latency,311,2406.0
end_to_end_latency,312,2356.0
end_to_end_latency,313,2306.0
end_to_end_latency,314,2257.0
end_to_end_latency,315,2207.0
end_to_end_latency,316,2157.0
end_to_end_latency,317,2107.0
end_to_end_latency,318,2056.0
end_to_end_latency,319,2007.0
end_to_end_latency,320,1957.0
end_to_end_latency,321,1907.0
end_to_end_latency,322,1857.0
end_to_end_latency,323,1806.0
end_to_end_latency,324,1757.0
end_to_end_latency,325,1708.0
end_to_end_latency,326,1657.0
end_to_end_latency,327,1608.0
end_to_end_latency,328,1558.0
end_to_end_latency,329,1507.0
end_to_end_latency,330,1457.0
end_to_end_latency,331,1408.0
end_to_end_latency,332,1357.0
end_to_end_latency,333,1308.0
end_to_end_latency,334,1259.0
end_to_end_latency,335,1209.0
end_to_end_latency,336,1159.0
end_to_end_latency,337,1922.0
end_to_end_latency,338,1872.0
end_to_end_latency,339,1821.0
end_to_end_latency,340,1772.0
end_to_end_latency,341,1722.0
end_to_end_latency,342,1671.0
end_to_end_latency,343,1623.0
end_to_end_latency,344,1572.0
end_to_end_latency,345,1523.0
end_to_end_latency,346,1472.0
end_to_end_latency,347,1423.0
end_to_end_latency,348,1373.0
end_to_end_latency,349,1322.0
end_to_end_latency,350,2070.0
end_to_end_latency,351,2020.0
end_to_end_latency,352,1970.0
end_to_end_latency,353,1920.0
end_to_end_latency,354,1870.0
end_to_end_latency,355,1821.0
end_to_end_latency,363,1421.0
end_to_end_latency,364,1372.0
end_to_end_latency,365,1321.0
end_to_end_latency,0,2033.0
end_to_end_latency,1,1983.0
end_to_end_latency,2,1933.0
end_to_end_latency,3,1883.0
end_to_end_latency,4,1833.0
end_to_end_latency,5,1783.0
end_to_end_latency,6,1733.0
end_to_end_latency,7,1683.0
end_to_end_latency,8,1632.0
end_to_end_latency,9,1583.0
end_to_end_latency,10,2303.0
end_to_end_latency,11,2254.0
end_to_end_latency,12,2204.0
end_to_end_latency,13,2154.0
end_to_end_latency,14,2104.0
end_to_end_latency,15,2054.0
end_to_end_latency,16,2003.0
end_to_end_latency,17,1954.0
end_to_end_latency,18,1904.0
end_to_end_latency,19,1854.0
end_to_end_latency,20,1804.0
end_to_end_latency,21,1753.0
end_to_end_latency,22,1704.0
end_to_end_latency,23,1654.0
end_to_end_latency,24,1604.0
end_to_end_latency,25,1554.0
end_to_end_latency,26,1505.0
end_to_end_latency,27,1455.0
end_to_end_latency,28,1405.0
end_to_end_latency,36,1858.0
end_to_end_latency,37,1807.0
end_to_end_latency,38,1758.0
end_to_end_latency,39,1708.0
end_to_end_latency,40,1658.0
end_to_end_latency,41,1608.0
end_to_end_latency,42,1559.0
end_to_end_latency,43,1508.0
end_to_end_latency,44,1459.0
end_to_end_latency,45,1408.0
end_to_end_latency,46,1359.0
end_to_end_latency,47,1309.0
end_to_end_latency,48,1259.0
end_to_end_latency,49,1209.0
end_to_end_latency,50,1159.0
end_to_end_latency,51,1109.0
end_to_end_latency,52,1905.0
end_to_end_latency,53,1855.0
end_to_end_latency,54,1804.0
end_to_end_latency,59,1555.0
end_to_end_latency,60,1505.0
end_to_end_latency,61,1455.0
end_to_end_latency,62,1406.0
end_to_end_latency,63,1355.0
end_to_end_latency,64,1306.0
end_to_end_latency,65,1256.0
end_to_end_latency,66,1206.0
end_to_end_latency,67,1155.0
end_to_end_latency,68,1106.0
end_to_end_latency,69,1055.0
end_to_end_latency,70,1006.0
end_to_end_latency,71,956.0
end_to_end_latency,72,2469.0
end_to_end_latency,73,2420.0
end_to_end_latency,74,2369.0
end_to_end_latency,75,2319.0
end_to_end_latency,76,2270.0
end_to_end_latency,77,2219.0
end_to_end_latency,78,2170.0
end_to_end_latency,79,2119.0
end_to_end_latency,80,2070.0
end_to_end_latency,81,2019.0
end_to_end_latency,82,1970.0
end_to_end_latency,83,1919.0
end_to_end_latency,84,1870.0
end_to_end_latency,85,1819.0
end_to_end_latency,86,1769.0
end_to_end_latency,87,1719.0
end_to_end_latency,88,1670.0
end_to_end_latency,89,1620.0
end_to_end_latency,90,1570.0
end_to_end_latency,91,1520.0
end_to_end_latency,92,1470.0
end_to_end_latency,93,1419.0
end_to_end_latency,94,2253.0
end_to_end_latency,95,2202.0
end_to_end_latency,96,2152.0
end_to_end_latency,97,2103.0
end_to_end_latency,98,2053.0
end_to_end_latency,99,2002.0
end_to_end_latency,100,1953.0
end_to_end_latency,101,1903.0
end_to_end_latency,102,1853.0
end_to_end_latency,103,1803.0
end_to_end_latency,107,1603.0
end_to_end_latency,108,1553.0
end_to_end_latency,109,1502.0
end_to_end_latency,110,1452.0
end_to_end_latency,111,2149.0
end_to_end_latency,112,2098.0
end_to_end_latency,113,2049.0
end_to_end_latency,114,1999.0
end_to_end_latency,115,1949.0
end_to_end_latency,116,1898.0
end_to_end_latency,117,1849.0
end_to_end_latency,118,1798.0
end_to_end_latency,119,1749.0
end_to_end_latency,120,1698.0
end_to_end_latency,121,1649.0
end_to_end_latency,122,1599.0
end_to_end_latency,123,1548.0
end_to_end_latency,124,1499.0
end_to_end_latency,125,1449.0
end_to_end_latency,126,1400.0
end_to_end_latency,130,2008.0
end_to_end_latency,131,1958.0
end_to_end_latency,132,1908.0
end_to_end_latency,133,1858.0
end_to_end_latency,134,1809.0
end_to_end_latency,135,1758.0
end_to_end_latency,136,1708.0
end_to_end_latency,140,1509.0
end_to_end_latency,141,1460.0
end_to_end_latency,142,1410.0
end_to_end_latency,143,1360.0
end_to_end_latency,144,1309.0
end_to_end_latency,145,1259.0
end_to_end_latency,146,1210.0
end_to_end_latency,147,1159.0
end_to_end_latency,148,1110.0
end_to_end_latency,149,1059.0
end_to_end_latency,150,1009.0
end_to_end_latency,151,959.0
end_to_end_latency,152,910.0
end_to_end_latency,153,2532.0
end_to_end_latency,154,2483.0
end_to_end_latency,155,2432.0
end_to_end_latency,156,2382.0
end_to_end_latency,157,2333.0
end_to_end_latency,158,2282.0
end_to_end_latency,159,2232.0
end_to_end_latency,160,2183.0
end_to_end_latency,161,2132.0
end_to_end_latency,162,2083.0
end_to_end_latency,163,2032.0
end_to_end_latency,164,1982.0
end_to_end_latency,165,1932.0
end_to_end_latency,166,1883.0
end_to_end_latency,167,1832.0
end_to_end_latency,168,1783.0
end_to_end_latency,169,1733.0
end_to_end_latency,170,1682.0
end_to_end_latency,171,1633.0
end_to_end_latency,172,1582.0
end_to_end_latency,173,1532.0
end_to_end_latency,174,1482.0
end_to_end_latency,175,1432.0
end_to_end_latency,176,2130.0
end_to_end_latency,177,2079.0
end_to_end_latency,178,2030.0
end_to_end_latency,179,1980.0
end_to_end_latency,180,1930.0
end_to_end_latency,181,1879.0
end_to_end_latency,182,1830.0
end_to_end_latency,183,1779.0
end_to_end_latency,184,1729.0
end_to_end_latency,185,1680.0
end_to_end_latency,186,1629.0
end_to_end_latency,187,1580.0
end_to_end_latency,188,1529.0
end_to_end_latency,189,1480.0
end_to_end_latency,190,1430.0
end_to_end_latency,191,1380.0
end_to_end_latency,192,2138.0
end_to_end_latency,193,2088.0
end_to_end_latency,194,2038.0
end_to_end_latency,195,1989.0
end_to_end_latency,196,1938.0
end_to_end_latency,197,1888.0
end_to_end_latency,198,1838.0
end_to_end_latency,199,1788.0
end_to_end_latency,200,1737.0
end_to_end_latency,201,1688.0
end_to_end_latency,202,1638.0
end_to_end_latency,203,1589.0
end_to_end_latency,204,1539.0
end_to_end_latency,205,1488.0
end_to_end_latency,206,1438.0
end_to_end_latency,207,1388.0
end_to_end_latency,208,2160.0
end_to_end_latency,209,2109.0
end_to_end_latency,210,2059.0
end_to_end_latency,211,2009.0
end_to_end_latency,212,1960.0
end_to_end_latency,213,1910.0
end_to_end_latency,214,1859.0
end_to_end_latency,215,1809.0
end_to_end_latency,216,1758.0
end_to_end_latency,217,1708.0
end_to_end_latency,218,1660.0
end_to_end_latency,219,1610.0
end_to_end_latency,220,1560.0
end_to_end_latency,221,1510.0
end_to_end_latency,222,1460.0
end_to_end_latency,223,1410.0
end_to_end_latency,224,1361.0
end_to_end_latency,225,1310.0
end_to_end_latency,226,1260.0
end_to_end_latency,227,1210.0
end_to_end_latency,228,1160.0
end_to_end_latency,229,1110.0
end_to_end_latency,230,1060.0
end_to_end_latency,231,2617.0
end_to_end_latency,232,2567.0
end_to_end_latency,233,2517.0
end_to_end_latency,234,2467.0
end_to_end_latency,235,2416.0
end_to_end_latency,236,2366.0
end_to_end_latency,237,2316.0
end_to_end_latency,238,2267.0
end_to_end_latency,239,2217.0
end_to_end_latency,240,2167.0
end_to_end_latency,241,2118.0
end_to_end_latency,242,2067.0
end_to_end_latency,243,2017.0
end_to_end_latency,244,1968.0
end_to_end_latency,245,1918.0
end_to_end_latency,246,1868.0
end_to_end_latency,247,1818.0
end_to_end_latency,248,1768.0
end_to_end_latency,249,1718.0
end_to_end_latency,250,1668.0
end_to_end_latency,251,1618.0
end_to_end_latency,252,1568.0
end_to_end_latency,253,1519.0
end_to_end_latency,254,1469.0
end_to_end_latency,255,1419.0
end_to_end_latency,256,1369.0
end_to_end_latency,260,1943.0
end_to_end_latency,261,1893.0
end_to_end_latency,262,1843.0
end_to_end_latency,263,1793.0
end_to_end_latency,264,1743.0
end_to_end_latency,265,1693.0
end_to_end_latency,266,1643.0
end_to_end_latency,267,1593.0
end_to_end_latency,268,1543.0
end_to_end_latency,269,1492.0
end_to_end_latency,270,1443.0
end_to_end_latency,271,1394.0
end_to_end_latency,272,1344.0
end_to_end_latency,276,1974.0
end_to_end_latency,277,1923.0
end_to_end_latency,278,1872.0
end_to_end_latency,279,1823.0
end_to_end_latency,280,1773.0
end_to_end_latency,281,1723.0
end_to_end_latency,282,1673.0
end_to_end_latency,283,1623.0
end_to_end_latency,284,1573.0
end_to_end_latency,285,1523.0
end_to_end_latency,286,1473.0
end_to_end_latency,287,1423.0
end_to_end_latency,288,1373.0
end_to_end_latency,289,1323.0
end_to_end_latency,290,1272.0
end_to_end_latency,291,1223.0
end_to_end_latency,292,2044.0
end_to_end_latency,293,1993.0
end_to_end_latency,294,1943.0
end_to_end_latency,295,1892.0
end_to_end_latency,303,1495.0
end_to_end_latency,304,1445.0
end_to_end_latency,305,1395.0
end_to_end_latency,306,1345.0
end_to_end_latency,307,1295.0
end_to_end_latency,308,1245.0
end_to_end_latency,309,1195.0
end_to_end_latency,310,1145.0
end_to_end_latency,311,1095.0
end_to_end_latency,312,1045.0
end_to_end_latency,319,2035.0
end_to_end_latency,320,1985.0
end_to_end_latency,321,1935.0
end_to_end_latency,322,1884.0
end_to_end_latency,323,1835.0
end_to_end_latency,324,1785.0
end_to_end_latency,325,1735.0
end_to_end_latency,326,1686.0
end_to_end_latency,327,1636.0
end_to_end_latency,328,1586.0
end_to_end_latency,329,1536.0
end_to_end_latency,330,1486.0
end_to_end_latency,331,1435.0
end_to_end_latency,332,1386.0
end_to_end_latency,333,1336.0
end_to_end_latency,334,1286.0
end_to_end_latency,335,1236.0
end_to_end_latency,336,1185.0
end_to_end_latency,337,1136.0
end_to_end_latency,338,1085.0
end_to_end_latency,339,1851.0
end_to_end_latency,340,1801.0
end_to_end_latency,341,1751.0
end_to_end_latency,342,1701.0
end_to_end_latency,343,1650.0
end_to_end_latency,344,1601.0
end_to_end_latency,345,1551.0
end_to_end_latency,346,1501.0
end_to_end_latency,347,1451.0
end_to_end_latency,348,1401.0
end_to_end_latency,349,2149.0
end_to_end_latency,350,2099.0
end_to_end_latency,351,2049.0
end_to_end_latency,352,1999.0
end_to_end_latency,353,1949.0
end_to_end_latency,354,1898.0
end_to_end_latency,355,1849.0
end_to_end_latency,356,1799.0
end_to_end_latency,357,1749.0
end_to_end_latency,358,1700.0
end_to_end_latency,359,1649.0
end_to_end_latency,360,1599.0
end_to_end_latency,361,1550.0
end_to_end_latency,362,1499.0
end_to_end_latency,363,1450.0
end_to_end_latency,364,1400.0
end_to_end_latency,0,2051.0
end_to_end_latency,1,2001.0
end_to_end_latency,2,1951.0
end_to_end_latency,3,1901.0
end_to_end_latency,4,1850.0
end_to_end_latency,5,1801.0
end_to_end_latency,6,2521.0
end_to_end_latency,7,2472.0
end_to_end_latency,8,2421.0
end_to_end_latency,9,2372.0
end_to_end_latency,10,2322.0
end_to_end_latency,11,2272.0
end_to_end_latency,12,2222.0
end_to_end_latency,13,2171.0
end_to_end_latency,14,2122.0
end_to_end_latency,15,2071.0
end_to_end_latency,16,2022.0
end_to_end_latency,17,1972.0
end_to_end_latency,18,1922.0
end_to_end_latency,19,1872.0
end_to_end_latency,20,1821.0
end_to_end_latency,21,1772.0
end_to_end_latency,25,1573.0
end_to_end_latency,26,1523.0
end_to_end_latency,27,1473.0
end_to_end_latency,28,1422.0
end_to_end_latency,29,1373.0
end_to_end_latency,30,1322.0
end_to_end_latency,31,1273.0
end_to_end_latency,35,1072.0
end_to_end_latency,36,1022.0
end_to_end_latency,37,972.0
end_to_end_latency,38,1776.0
end_to_end_latency,39,1726.0
end_to_end_latency,40,1677.0
end_to_end_latency,41,1627.0
end_to_end_latency,42,1576.0
end_to_end_latency,43,1527.0
end_to_end_latency,44,1477.0
end_to_end_latency,45,1426.0
end_to_end_latency,46,1376.0
end_to_end_latency,47,1327.0
end_to_end_latency,48,1276.0
end_to_end_latency,49,1227.0
end_to_end_latency,50,1176.0
end_to_end_latency,51,1972.0
end_to_end_latency,52,1923.0
end_to_end_latency,53,1872.0
end_to_end_latency,54,1823.0
end_to_end_latency,55,1772.0
end_to_end_latency,56,1723.0
end_to_end_latency,57,1673.0
end_to_end_latency,58,1623.0
end_to_end_latency,59,1572.0
end_to_end_latency,60,1522.0
end_to_end_latency,61,1472.0
end_to_end_latency,62,1423.0
end_to_end_latency,63,1372.0
end_to_end_latency,64,2887.0
end_to_end_latency,65,2836.0
end_to_end_latency,66,2786.0
end_to_end_latency,67,2737.0
end_to_end_latency,68,2687.0
end_to_end_latency,69,2637.0
end_to_end_latency,70,2586.0
end_to_end_latency,71,2538.0
end_to_end_latency,72,2487.0
end_to_end_latency,73,2438.0
end_to_end_latency,74,2387.0
end_to_end_latency,75,2336.0
end_to_end_latency,76,2287.0
end_to_end_latency,77,2237.0
end_to_end_latency,78,2188.0
end_to_end_latency,79,2137.0
end_to_end_latency,80,2087.0
end_to_end_latency,81,2038.0
end_to_end_latency,82,1988.0
end_to_end_latency,83,1938.0
end_to_end_latency,84,1888.0
end_to_end_latency,85,1837.0
end_to_end_latency,86,1788.0
end_to_end_latency,87,1737.0
end_to_end_latency,88,1687.0
end_to_end_latency,89,1637.0
end_to_end_latency,90,1588.0
end_to_end_latency,91,1538.0
end_to_end_latency,92,1488.0
end_to_end_latency,93,1438.0
end_to_end_latency,94,1388.0
end_to_end_latency,95,1338.0
end_to_end_latency,96,1289.0
end_to_end_latency,97,2120.0
end_to_end_latency,98,2071.0
end_to_end_latency,99,2020.0
end_to_end_latency,100,1970.0
end_to_end_latency,101,1920.0
end_to_end_latency,102,1870.0
end_to_end_latency,103,1821.0
end_to_end_latency,104,1770.0
end_to_end_latency,105,1721.0
end_to_end_latency,106,1670.0
end_to_end_latency,107,1621.0
end_to_end_latency,108,1571.0
end_to_end_latency,109,1520.0
end_to_end_latency,110,1470.0
end_to_end_latency,111,1421.0
end_to_end_latency,112,1370.0
end_to_end_latency,116,1170.0
end_to_end_latency,117,1120.0
end_to_end_latency,118,1070.0
end_to_end_latency,119,1767.0
end_to_end_latency,120,1718.0
end_to_end_latency,121,1667.0
end_to_end_latency,122,1618.0
end_to_end_latency,123,1567.0
end_to_end_latency,124,1518.0
end_to_end_latency,125,1467.0
end_to_end_latency,126,1417.0
end_to_end_latency,127,1368.0
end_to_end_latency,128,1317.0
end_to_end_latency,129,1267.0
end_to_end_latency,130,1217.0
end_to_end_latency,131,1167.0
end_to_end_latency,132,1927.0
end_to_end_latency,133,1877.0
end_to_end_latency,134,1826.0
end_to_end_latency,135,1777.0
end_to_end_latency,136,1726.0
end_to_end_latency,137,1677.0
end_to_end_latency,138,1626.0
end_to_end_latency,139,1576.0
end_to_end_latency,140,1527.0
end_to_end_latency,141,1477.0
end_to_end_latency,142,1427.0
end_to_end_latency,143,1377.0
end_to_end_latency,144,1327.0
end_to_end_latency,145,2949.0
end_to_end_latency,146,2899.0
end_to_end_latency,147,2849.0
end_to_end_latency,148,2800.0
end_to_end_latency,149,2750.0
end_to_end_latency,150,2699.0
end_to_end_latency,151,2650.0
end_to_end_latency,152,2600.0
end_to_end_latency,153,2550.0
end_to_end_latency,154,2501.0
end_to_end_latency,155,2451.0
end_to_end_latency,156,2400.0
end_to_end_latency,157,2350.0
end_to_end_latency,158,2300.0
end_to_end_latency,159,2250.0
end_to_end_latency,160,2201.0
end_to_end_latency,161,2150.0
end_to_end_latency,162,2100.0
end_to_end_latency,163,2050.0
end_to_end_latency,164,2001.0
end_to_end_latency,165,1950.0
end_to_end_latency,166,1900.0
end_to_end_latency,167,1851.0
end_to_end_latency,168,1800.0
end_to_end_latency,169,1751.0
end_to_end_latency,170,1700.0
end_to_end_latency,171,1649.0
end_to_end_latency,172,1600.0
end_to_end_latency,173,1550.0
end_to_end_latency,174,1501.0
end_to_end_latency,175,1450.0
end_to_end_latency,176,1401.0
end_to_end_latency,177,1350.0
end_to_end_latency,178,2047.0
end_to_end_latency,179,1997.0
end_to_end_latency,180,1946.0
end_to_end_latency,181,1897.0
end_to_end_latency,182,1848.0
end_to_end_latency,183,1797.0
end_to_end_latency,184,1747.0
end_to_end_latency,185,1697.0
end_to_end_latency,186,1647.0
end_to_end_latency,187,1598.0
end_to_end_latency,188,1548.0
end_to_end_latency,189,1498.0
end_to_end_latency,190,1447.0
end_to_end_latency,191,1398.0
end_to_end_latency,192,1348.0
end_to_end_latency,193,1298.0
end_to_end_latency,194,1248.0
end_to_end_latency,195,1198.0
end_to_end_latency,196,1148.0
end_to_end_latency,197,1099.0
end_to_end_latency,198,1048.0
end_to_end_latency,199,998.0
end_to_end_latency,204,1555.0
end_to_end_latency,205,1506.0
end_to_end_latency,206,1456.0
end_to_end_latency,207,1406.0
end_to_end_latency,208,1356.0
end_to_end_latency,209,1306.0
end_to_end_latency,210,1256.0
end_to_end_latency,211,1206.0
end_to_end_latency,212,1156.0
end_to_end_latency,213,1927.0
end_to_end_latency,214,1877.0
end_to_end_latency,215,1827.0
end_to_end_latency,216,1777.0
end_to_end_latency,217,1728.0
end_to_end_latency,218,1678.0
end_to_end_latency,219,1628.0
end_to_end_latency,220,1578.0
end_to_end_latency,221,1527.0
end_to_end_latency,222,1477.0
end_to_end_latency,223,1427.0
end_to_end_latency,224,1378.0
end_to_end_latency,225,1328.0
end_to_end_latency,226,2884.0
end_to_end_latency,227,2834.0
end_to_end_latency,228,2784.0
end_to_end_latency,229,2734.0
end_to_end_latency,230,2684.0
end_to_end_latency,231,2634.0
end_to_end_latency,232,2584.0
end_to_end_latency,233,2536.0
end_to_end_latency,234,2485.0
end_to_end_latency,235,2435.0
end_to_end_latency,236,2385.0
end_to_end_latency,237,2335.0
end_to_end_latency,238,2285.0
end_to_end_latency,239,2235.0
end_to_end_latency,240,2185.0
end_to_end_latency,241,2135.0
end_to_end_latency,242,2085.0
end_to_end_latency,243,2035.0
end_to_end_latency,244,1985.0
end_to_end_latency,245,1936.0
end_to_end_latency,246,1886.0
end_to_end_latency,247,1836.0
end_to_end_latency,248,1787.0
end_to_end_latency,249,1736.0
end_to_end_latency,250,1685.0
end_to_end_latency,251,1636.0
end_to_end_latency,252,1586.0
end_to_end_latency,253,1536.0
end_to_end_latency,254,1486.0
end_to_end_latency,255,1436.0
end_to_end_latency,256,1386.0
end_to_end_latency,257,1336.0
end_to_end_latency,258,1286.0
end_to_end_latency,259,2011.0
end_to_end_latency,260,1961.0
end_to_end_latency,261,1911.0
end_to_end_latency,262,1861.0
end_to_end_latency,263,1811.0
end_to_end_latency,264,1761.0
end_to_end_latency,265,1711.0
end_to_end_latency,266,1660.0
end_to_end_latency,267,1611.0
end_to_end_latency,268,1561.0
end_to_end_latency,269,1512.0
end_to_end_latency,270,1461.0
end_to_end_latency,271,1411.0
end_to_end_latency,272,1361.0
end_to_end_latency,273,1311.0
end_to_end_latency,274,1262.0
end_to_end_latency,275,1212.0
end_to_end_latency,276,1162.0
end_to_end_latency,277,1112.0
end_to_end_latency,278,1062.0
end_to_end_latency,279,1012.0
end_to_end_latency,280,962.0
end_to_end_latency,281,912.0
end_to_end_latency,282,1691.0
end_to_end_latency,283,1641.0
end_to_end_latency,284,1590.0
end_to_end_latency,285,1541.0
end_to_end_latency,286,1491.0
end_to_end_latency,287,1441.0
end_to_end_latency,288,1390.0
end_to_end_latency,289,1341.0
end_to_end_latency,290,1291.0
end_to_end_latency,291,1241.0
end_to_end_latency,292,1190.0
end_to_end_latency,293,1141.0
end_to_end_latency,294,1091.0
end_to_end_latency,295,1911.0
end_to_end_latency,296,1861.0
end_to_end_latency,297,1810.0
end_to_end_latency,298,1762.0
end_to_end_latency,299,1711.0
end_to_end_latency,300,1662.0
end_to_end_latency,301,1613.0
end_to_end_latency,302,2902.0
end_to_end_latency,303,2852.0
end_to_end_latency,304,2802.0
end_to_end_latency,305,2752.0
end_to_end_latency,306,2702.0
end_to_end_latency,307,2652.0
end_to_end_latency,308,2601.0
end_to_end_latency,309,2552.0
end_to_end_latency,310,2501.0
end_to_end_latency,311,2452.0
end_to_end_latency,312,2401.0
end_to_end_latency,313,2352.0
end_to_end_latency,314,2302.0
end_to_end_latency,315,2253.0
end_to_end_latency,316,2203.0
end_to_end_latency,317,2153.0
end_to_end_latency,318,2103.0
end_to_end_latency,319,2053.0
end_to_end_latency,320,2003.0
end_to_end_latency,321,1953.0
end_to_end_latency,322,1902.0
end_to_end_latency,323,1852.0
end_to_end_latency,324,1803.0
end_to_end_latency,325,1753.0
end_to_end_latency,326,1702.0
end_to_end_latency,327,1653.0
end_to_end_latency,328,1603.0
end_to_end_latency,329,1554.0
end_to_end_latency,330,1503.0
end_to_end_latency,331,1454.0
end_to_end_latency,332,1403.0
end_to_end_latency,333,1354.0
end_to_end_latency,334,1304.0
end_to_end_latency,335,2068.0
end_to_end_latency,336,2018.0
end_to_end_latency,337,1968.0
end_to_end_latency,338,1918.0
end_to_end_latency,339,1867.0
end_to_end_latency,340,1818.0
end_to_end_latency,341,1767.0
end_to_end_latency,342,1718.0
end_to_end_latency,343,1667.0
end_to_end_latency,344,1619.0
end_to_end_latency,345,1568.0
end_to_end_latency,346,1519.0
end_to_end_latency,347,1469.0
end_to_end_latency,348,1418.0
end_to_end_latency,349,1369.0
end_to_end_latency,350,1319.0
end_to_end_latency,351,1269.0
end_to_end_latency,352,1219.0
end_to_end_latency,353,1169.0
end_to_end_latency,354,1119.0
end_to_end_latency,355,1068.0
end_to_end_latency,356,1019.0
end_to_end_latency,357,968.0
end_to_end_latency,358,918.0
end_to_end_latency,359,869.0
end_to_end_latency,364,1417.0
end_to_end_latency,365,1368.0
end_to_end_latency,366,1317.0
end_to_end_latency,367,1267.0
end_to_end_latency,368,1218.0
end_to_end_latency,369,1167.0
end_to_end_latency,5,1820.0
end_to_end_latency,6,1771.0
end_to_end_latency,7,1720.0
end_to_end_latency,8,2442.0
end_to_end_latency,9,2391.0
end_to_end_latency,10,2342.0
end_to_end_latency,11,2292.0
end_to_end_latency,12,2241.0
end_to_end_latency,13,2192.0
end_to_end_latency,14,2141.0
end_to_end_latency,15,2092.0
end_to_end_latency,16,2041.0
end_to_end_latency,17,1992.0
end_to_end_latency,18,1942.0
end_to_end_latency,19,1891.0
end_to_end_latency,20,1841.0
end_to_end_latency,21,1792.0
end_to_end_latency,22,1741.0
end_to_end_latency,23,1692.0
end_to_end_latency,27,1492.0
end_to_end_latency,28,1442.0
end_to_end_latency,29,1392.0
end_to_end_latency,30,1343.0
end_to_end_latency,31,1292.0
end_to_end_latency,32,1243.0
end_to_end_latency,33,1193.0
end_to_end_latency,34,1143.0
end_to_end_latency,35,1093.0
end_to_end_latency,36,1042.0
end_to_end_latency,37,1845.0
end_to_end_latency,38,1795.0
end_to_end_latency,39,1745.0
end_to_end_latency,40,1697.0
end_to_end_latency,41,1647.0
end_to_end_latency,42,1597.0
end_to_end_latency,43,1546.0
end_to_end_latency,44,1497.0
end_to_end_latency,45,1447.0
end_to_end_latency,46,1396.0
end_to_end_latency,47,1346.0
end_to_end_latency,48,1296.0
end_to_end_latency,49,1246.0
end_to_end_latency,50,1196.0
end_to_end_latency,51,1146.0
end_to_end_latency,52,1096.0
end_to_end_latency,53,1046.0
end_to_end_latency,54,997.0
end_to_end_latency,55,947.0
end_to_end_latency,56,897.0
end_to_end_latency,60,1542.0
end_to_end_latency,61,1493.0
end_to_end_latency,62,1442.0
end_to_end_latency,63,2957.0
end_to_end_latency,64,2906.0
end_to_end_latency,65,2856.0
end_to_end_latency,66,2806.0
end_to_end_latency,67,2757.0
end_to_end_latency,68,2707.0
end_to_end_latency,69,2656.0
end_to_end_latency,70,2607.0
end_to_end_latency,71,2556.0
end_to_end_latency,72,2506.0
end_to_end_latency,76,2307.0
end_to_end_latency,77,2258.0
end_to_end_latency,78,2207.0
end_to_end_latency,86,1807.0
end_to_end_latency,87,1757.0
end_to_end_latency,88,1707.0
end_to_end_latency,92,1508.0
end_to_end_latency,93,1458.0
end_to_end_latency,94,1408.0
end_to_end_latency,95,1359.0
end_to_end_latency,102,1890.0
end_to_end_latency,103,1840.0
end_to_end_latency,104,1790.0
end_to_end_latency,109,1541.0
end_to_end_latency,110,1490.0
end_to_end_latency,111,1440.0
end_to_end_latency,112,1390.0
end_to_end_latency,113,1340.0
end_to_end_latency,114,1290.0
end_to_end_latency,118,1836.0
end_to_end_latency,119,1786.0
end_to_end_latency,120,1736.0
end_to_end_latency,121,1686.0
end_to_end_latency,125,1487.0
end_to_end_latency,126,1437.0
end_to_end_latency,127,1387.0
end_to_end_latency,135,986.0
end_to_end_latency,136,937.0
end_to_end_latency,137,887.0
end_to_end_latency,138,1646.0
end_to_end_latency,139,1596.0
end_to_end_latency,140,1546.0
end_to_end_latency,141,1497.0
end_to_end_latency,142,1446.0
end_to_end_latency,143,1396.0
end_to_end_latency,144,1346.0
end_to_end_latency,145,1296.0
end_to_end_latency,146,1246.0
end_to_end_latency,147,1196.0
end_to_end_latency,148,2820.0
end_to_end_latency,149,2769.0
end_to_end_latency,150,2719.0
end_to_end_latency,151,2670.0
end_to_end_latency,152,2619.0
end_to_end_latency,153,2569.0
end_to_end_latency,154,2520.0
end_to_end_latency,155,2470.0
end_to_end_latency,156,2421.0
end_to_end_latency,157,2371.0
end_to_end_latency,158,2320.0
end_to_end_latency,159,2270.0
end_to_end_latency,160,2219.0
end_to_end_latency,161,2170.0
end_to_end_latency,162,2120.0
end_to_end_latency,163,2070.0
end_to_end_latency,164,2020.0
end_to_end_latency,165,1970.0
end_to_end_latency,166,1920.0
end_to_end_latency,167,1870.0
end_to_end_latency,168,1820.0
end_to_end_latency,169,1770.0
end_to_end_latency,170,1720.0
end_to_end_latency,171,1670.0
end_to_end_latency,172,1620.0
end_to_end_latency,173,1570.0
end_to_end_latency,174,1520.0
end_to_end_latency,175,1470.0
end_to_end_latency,176,1420.0
end_to_end_latency,177,2118.0
end_to_end_latency,178,2067.0
end_to_end_latency,179,2017.0
end_to_end_latency,180,1967.0
end_to_end_latency,181,1917.0
end_to_end_latency,182,1867.0
end_to_end_latency,183,1817.0
end_to_end_latency,184,1767.0
end_to_end_latency,185,1717.0
end_to_end_latency,186,1666.0
end_to_end_latency,187,1617.0
end_to_end_latency,188,1567.0
end_to_end_latency,189,1518.0
end_to_end_latency,190,1467.0
end_to_end_latency,191,1417.0
end_to_end_latency,192,1368.0
end_to_end_latency,193,1318.0
end_to_end_latency,194,1268.0
end_to_end_latency,195,1218.0
end_to_end_latency,196,1168.0
end_to_end_latency,197,1119.0
end_to_end_latency,198,1067.0
end_to_end_latency,199,1826.0
end_to_end_latency,200,1776.0
end_to_end_latency,201,1726.0
end_to_end_latency,202,1675.0
end_to_end_latency,203,1626.0
end_to_end_latency,204,1576.0
end_to_end_latency,205,1527.0
end_to_end_latency,206,1476.0
end_to_end_latency,207,1426.0
end_to_end_latency,208,1376.0
end_to_end_latency,216,976.0
end_to_end_latency,217,927.0
end_to_end_latency,218,877.0
end_to_end_latency,219,1648.0
end_to_end_latency,220,1599.0
end_to_end_latency,221,1548.0
end_to_end_latency,222,1498.0
end_to_end_latency,223,1448.0
end_to_end_latency,224,1398.0
end_to_end_latency,225,2954.0
end_to_end_latency,226,2904.0
end_to_end_latency,227,2854.0
end_to_end_latency,228,2804.0
end_to_end_latency,229,2754.0
end_to_end_latency,230,2704.0
end_to_end_latency,231,2653.0
end_to_end_latency,232,2604.0
end_to_end_latency,233,2554.0
end_to_end_latency,234,2504.0
end_to_end_latency,235,2455.0
end_to_end_latency,236,2405.0
end_to_end_latency,237,2355.0
end_to_end_latency,238,2306.0
end_to_end_latency,239,2255.0
end_to_end_latency,240,2205.0
end_to_end_latency,241,2155.0
end_to_end_latency,242,2104.0
end_to_end_latency,243,2055.0
end_to_end_latency,244,2005.0
end_to_end_latency,245,1956.0
end_to_end_latency,246,1907.0
end_to_end_latency,247,1855.0
end_to_end_latency,248,1806.0
end_to_end_latency,249,1755.0
end_to_end_latency,250,1706.0
end_to_end_latency,251,1655.0
end_to_end_latency,252,1606.0
end_to_end_latency,253,1556.0
end_to_end_latency,254,1506.0
end_to_end_latency,255,1456.0
end_to_end_latency,256,1406.0
end_to_end_latency,257,1357.0
end_to_end_latency,258,2080.0
end_to_end_latency,259,2030.0
end_to_end_latency,260,1981.0
end_to_end_latency,261,1931.0
end_to_end_latency,262,1881.0
end_to_end_latency,263,1830.0
end_to_end_latency,264,1781.0
end_to_end_latency,265,1731.0
end_to_end_latency,266,1680.0
end_to_end_latency,267,1630.0
end_to_end_latency,268,1581.0
end_to_end_latency,269,1531.0
end_to_end_latency,270,1481.0
end_to_end_latency,271,1432.0
end_to_end_latency,272,1382.0
end_to_end_latency,273,1332.0
end_to_end_latency,274,1282.0
end_to_end_latency,275,1232.0
end_to_end_latency,276,1182.0
end_to_end_latency,277,1961.0
end_to_end_latency,278,1911.0
end_to_end_latency,279,1860.0
end_to_end_latency,280,1811.0
end_to_end_latency,281,1760.0
end_to_end_latency,282,1711.0
end_to_end_latency,283,1661.0
end_to_end_latency,284,1611.0
end_to_end_latency,285,1561.0
end_to_end_latency,286,1512.0
end_to_end_latency,287,1461.0
end_to_end_latency,288,1410.0
end_to_end_latency,289,1360.0
end_to_end_latency,290,1310.0
end_to_end_latency,291,1260.0
end_to_end_latency,292,1211.0
end_to_end_latency,293,1161.0
end_to_end_latency,294,1112.0
end_to_end_latency,295,1060.0
end_to_end_latency,296,1010.0
end_to_end_latency,297,1832.0
end_to_end_latency,298,1781.0
end_to_end_latency,299,1730.0
end_to_end_latency,300,1683.0
end_to_end_latency,301,1633.0
end_to_end_latency,302,1582.0
end_to_end_latency,303,1532.0
end_to_end_latency,304,1483.0
end_to_end_latency,305,1432.0
end_to_end_latency,306,1383.0
end_to_end_latency,307,1333.0
end_to_end_latency,308,2621.0
end_to_end_latency,309,2571.0
end_to_end_latency,310,2522.0
end_to_end_latency,311,2473.0
end_to_end_latency,312,2423.0
end_to_end_latency,313,2373.0
end_to_end_latency,314,2322.0
end_to_end_latency,315,2273.0
end_to_end_latency,316,2222.0
end_to_end_latency,317,2173.0
end_to_end_latency,318,2123.0
end_to_end_latency,319,2072.0
end_to_end_latency,320,2023.0
end_to_end_latency,321,1972.0
end_to_end_latency,322,1923.0
end_to_end_latency,323,1873.0
end_to_end_latency,324,1822.0
end_to_end_latency,325,1773.0
end_to_end_latency,326,1722.0
end_to_end_latency,327,1673.0
end_to_end_latency,328,1624.0
end_to_end_latency,329,1574.0
end_to_end_latency,330,1523.0
end_to_end_latency,331,1474.0
end_to_end_latency,332,1424.0
end_to_end_latency,333,1373.0
end_to_end_latency,340,1837.0
end_to_end_latency,341,1788.0
end_to_end_latency,342,1737.0
end_to_end_latency,343,1688.0
end_to_end_latency,344,1639.0
end_to_end_latency,345,1589.0
end_to_end_latency,346,1539.0
end_to_end_latency,347,1488.0
end_to_end_latency,348,1439.0
end_to_end_latency,349,1388.0
end_to_end_latency,350,1338.0
end_to_end_latency,351,1289.0
end_to_end_latency,352,1238.0
end_to_end_latency,356,1836.0
end_to_end_latency,357,1786.0
end_to_end_latency,358,1736.0
end_to_end_latency,359,1686.0
end_to_end_latency,363,1487.0
end_to_end_latency,364,1437.0
end_to_end_latency,365,1388.0
end_to_end_latency,366,1338.0
end_to_end_latency,367,1287.0
end_to_end_latency,368,1237.0
end_to_end_latency,369,1188.0
end_to_end_latency,370,1137.0
end_to_end_latency,371,1087.0
end_to_end_latency,372,1038.0
end_to_end_latency,373,987.0
end_to_end_latency,374,937.0
end_to_end_latency,375,887.0
end_to_end_latency,0,2070.0
end_to_end_latency,1,2019.0
end_to_end_latency,2,1970.0
end_to_end_latency,3,1919.0
end_to_end_latency,4,1870.0
end_to_end_latency,5,1819.0
end_to_end_latency,6,1770.0
end_to_end_latency,7,2490.0
end_to_end_latency,8,2440.0
end_to_end_latency,9,2390.0
end_to_end_latency,10,2341.0
end_to_end_latency,11,2291.0
end_to_end_latency,12,2240.0
end_to_end_latency,13,2191.0
end_to_end_latency,14,2140.0
end_to_end_latency,15,2090.0
end_to_end_latency,16,2040.0
end_to_end_latency,17,1991.0
end_to_end_latency,18,1940.0
end_to_end_latency,19,1890.0
end_to_end_latency,20,1841.0
end_to_end_latency,21,1791.0
end_to_end_latency,22,1741.0
end_to_end_latency,23,1692.0
end_to_end_latency,24,1641.0
end_to_end_latency,25,1591.0
end_to_end_latency,26,1542.0
end_to_end_latency,27,1492.0
end_to_end_latency,28,1441.0
end_to_end_latency,29,1391.0
end_to_end_latency,30,1341.0
end_to_end_latency,31,1292.0
end_to_end_latency,32,1241.0
end_to_end_latency,36,1895.0
end_to_end_latency,37,1845.0
end_to_end_latency,38,1794.0
end_to_end_latency,39,1745.0
end_to_end_latency,40,1696.0
end_to_end_latency,41,1645.0
end_to_end_latency,42,1596.0
end_to_end_latency,43,1546.0
end_to_end_latency,44,1496.0
end_to_end_latency,45,1445.0
end_to_end_latency,46,1396.0
end_to_end_latency,47,1345.0
end_to_end_latency,48,1296.0
end_to_end_latency,49,1245.0
end_to_end_latency,50,1195.0
end_to_end_latency,51,1145.0
end_to_end_latency,52,1942.0
end_to_end_latency,53,1891.0
end_to_end_latency,54,1841.0
end_to_end_latency,55,1791.0
end_to_end_latency,56,1741.0
end_to_end_latency,57,1692.0
end_to_end_latency,58,1641.0
end_to_end_latency,59,1591.0
end_to_end_latency,60,1541.0
end_to_end_latency,61,1491.0
end_to_end_latency,62,1441.0
end_to_end_latency,63,1391.0
end_to_end_latency,64,1341.0
end_to_end_latency,65,2855.0
end_to_end_latency,66,2805.0
end_to_end_latency,67,2756.0
end_to_end_latency,68,2705.0
end_to_end_latency,69,2655.0
end_to_end_latency,70,2605.0
end_to_end_latency,71,2555.0
end_to_end_latency,72,2505.0
end_to_end_latency,73,2456.0
end_to_end_latency,74,2405.0
end_to_end_latency,75,2356.0
end_to_end_latency,76,2306.0
end_to_end_latency,77,2257.0
end_to_end_latency,78,2207.0
end_to_end_latency,79,2156.0
end_to_end_latency,80,2106.0
end_to_end_latency,81,2056.0
end_to_end_latency,82,2007.0
end_to_end_latency,83,1957.0
end_to_end_latency,84,1906.0
end_to_end_latency,85,1857.0
end_to_end_latency,86,1807.0
end_to_end_latency,87,1756.0
end_to_end_latency,88,1706.0
end_to_end_latency,89,1657.0
end_to_end_latency,90,1606.0
end_to_end_latency,91,1557.0
end_to_end_latency,92,1507.0
end_to_end_latency,93,1457.0
end_to_end_latency,94,1407.0
end_to_end_latency,95,1357.0
end_to_end_latency,96,1307.0
end_to_end_latency,97,1257.0
end_to_end_latency,98,2089.0
end_to_end_latency,99,2039.0
end_to_end_latency,100,1989.0
end_to_end_latency,101,1939.0
end_to_end_latency,102,1890.0
end_to_end_latency,103,1839.0
end_to_end_latency,104,1789.0
end_to_end_latency,105,1739.0
end_to_end_latency,106,1689.0
end_to_end_latency,107,1639.0
end_to_end_latency,108,1589.0
end_to_end_latency,109,1539.0
end_to_end_latency,110,1489.0
end_to_end_latency,111,1439.0
end_to_end_latency,112,1389.0
end_to_end_latency,113,1339.0
end_to_end_latency,114,2035.0
end_to_end_latency,115,1985.0
end_to_end_latency,116,1935.0
end_to_end_latency,117,1886.0
end_to_end_latency,118,1835.0
end_to_end_latency,119,1785.0
end_to_end_latency,120,1736.0
end_to_end_latency,121,1686.0
end_to_end_latency,122,1636.0
end_to_end_latency,123,1586.0
end_to_end_latency,124,1536.0
end_to_end_latency,125,1486.0
end_to_end_latency,126,1436.0
end_to_end_latency,127,1386.0
end_to_end_latency,128,1336.0
end_to_end_latency,129,1286.0
end_to_end_latency,130,1236.0
end_to_end_latency,131,1187.0
end_to_end_latency,132,1136.0
end_to_end_latency,133,1895.0
end_to_end_latency,134,1845.0
end_to_end_latency,135,1795.0
end_to_end_latency,136,1745.0
end_to_end_latency,137,1694.0
end_to_end_latency,138,1645.0
end_to_end_latency,139,1595.0
end_to_end_latency,140,1545.0
end_to_end_latency,141,1496.0
end_to_end_latency,142,1445.0
end_to_end_latency,143,1395.0
end_to_end_latency,144,1345.0
end_to_end_latency,145,1295.0
end_to_end_latency,146,2918.0
end_to_end_latency,147,2869.0
end_to_end_latency,148,2818.0
end_to_end_latency,149,2768.0
end_to_end_latency,150,2718.0
end_to_end_latency,151,2668.0
end_to_end_latency,152,2618.0
end_to_end_latency,153,2569.0
end_to_end_latency,154,2519.0
end_to_end_latency,155,2469.0
end_to_end_latency,156,2419.0
end_to_end_latency,157,2369.0
end_to_end_latency,158,2319.0
end_to_end_latency,159,2269.0
end_to_end_latency,160,2219.0
end_to_end_latency,161,2169.0
end_to_end_latency,162,2119.0
end_to_end_latency,163,2069.0
end_to_end_latency,164,2019.0
end_to_end_latency,165,1969.0
end_to_end_latency,166,1919.0
end_to_end_latency,167,1869.0
end_to_end_latency,168,1819.0
end_to_end_latency,169,1769.0
end_to_end_latency,170,1719.0
end_to_end_latency,171,1669.0
end_to_end_latency,172,1619.0
end_to_end_latency,173,1569.0
end_to_end_latency,174,1519.0
end_to_end_latency,175,1469.0
end_to_end_latency,176,1418.0
end_to_end_latency,177,1369.0
end_to_end_latency,178,1319.0
end_to_end_latency,179,2015.0
end_to_end_latency,180,1965.0
end_to_end_latency,181,1915.0
end_to_end_latency,182,1866.0
end_to_end_latency,183,1816.0
end_to_end_latency,184,1766.0
end_to_end_latency,185,1716.0
end_to_end_latency,186,1666.0
end_to_end_latency,187,1617.0
end_to_end_latency,188,1566.0
end_to_end_latency,189,1516.0
end_to_end_latency,190,1467.0
end_to_end_latency,191,1416.0
end_to_end_latency,192,1366.0
end_to_end_latency,193,1317.0
end_to_end_latency,194,1267.0
end_to_end_latency,198,1875.0
end_to_end_latency,199,1825.0
end_to_end_latency,200,1774.0
end_to_end_latency,201,1724.0
end_to_end_latency,202,1674.0
end_to_end_latency,203,1625.0
end_to_end_latency,204,1576.0
end_to_end_latency,205,1525.0
end_to_end_latency,206,1475.0
end_to_end_latency,207,1425.0
end_to_end_latency,208,1374.0
end_to_end_latency,209,1325.0
end_to_end_latency,210,1275.0
end_to_end_latency,214,1897.0
end_to_end_latency,215,1846.0
end_to_end_latency,216,1796.0
end_to_end_latency,217,1745.0
end_to_end_latency,218,1696.0
end_to_end_latency,219,1647.0
end_to_end_latency,220,1596.0
end_to_end_latency,221,1546.0
end_to_end_latency,222,1497.0
end_to_end_latency,223,1447.0
end_to_end_latency,224,1397.0
end_to_end_latency,225,1347.0
end_to_end_latency,226,1296.0
end_to_end_latency,227,2853.0
end_to_end_latency,228,2803.0
end_to_end_latency,229,2754.0
end_to_end_latency,230,2703.0
end_to_end_latency,231,2652.0
end_to_end_latency,232,2603.0
end_to_end_latency,233,2552.0
end_to_end_latency,234,2504.0
end_to_end_latency,235,2454.0
end_to_end_latency,236,2404.0
end_to_end_latency,237,2354.0
end_to_end_latency,238,2304.0
end_to_end_latency,239,2254.0
end_to_end_latency,240,2203.0
end_to_end_latency,241,2154.0
end_to_end_latency,242,2105.0
end_to_end_latency,243,2053.0
end_to_end_latency,247,1854.0
end_to_end_latency,248,1805.0
end_to_end_latency,249,1754.0
end_to_end_latency,253,1556.0
end_to_end_latency,254,1504.0
end_to_end_latency,255,1455.0
end_to_end_latency,256,1405.0
end_to_end_latency,257,2129.0
end_to_end_latency,258,2079.0
end_to_end_latency,259,2029.0
end_to_end_latency,260,1980.0
end_to_end_latency,261,1930.0
end_to_end_latency,262,1880.0
end_to_end_latency,263,1829.0
end_to_end_latency,264,1780.0
end_to_end_latency,265,1730.0
end_to_end_latency,266,1679.0
end_to_end_latency,267,1629.0
end_to_end_latency,268,1580.0
end_to_end_latency,269,1529.0
end_to_end_latency,270,1481.0
end_to_end_latency,271,1430.0
end_to_end_latency,272,1381.0
end_to_end_latency,273,1330.0
end_to_end_latency,274,1281.0
end_to_end_latency,275,1230.0
end_to_end_latency,276,1181.0
end_to_end_latency,277,1131.0
end_to_end_latency,278,1081.0
end_to_end_latency,279,1859.0
end_to_end_latency,280,1809.0
end_to_end_latency,281,1760.0
end_to_end_latency,282,1709.0
end_to_end_latency,286,1510.0
end_to_end_latency,287,1459.0
end_to_end_latency,288,1409.0
end_to_end_latency,289,1359.0
end_to_end_latency,290,1310.0
end_to_end_latency,291,1259.0
end_to_end_latency,292,2079.0
end_to_end_latency,293,2030.0
end_to_end_latency,294,1980.0
end_to_end_latency,295,1930.0
end_to_end_latency,296,1879.0
end_to_end_latency,297,1830.0
end_to_end_latency,298,1779.0
end_to_end_latency,299,1729.0
end_to_end_latency,300,1681.0
end_to_end_latency,301,1630.0
end_to_end_latency,302,1581.0
end_to_end_latency,303,1532.0
end_to_end_latency,304,1481.0
end_to_end_latency,305,1432.0
end_to_end_latency,306,2720.0
end_to_end_latency,307,2671.0
end_to_end_latency,308,2621.0
end_to_end_latency,309,2570.0
end_to_end_latency,310,2521.0
end_to_end_latency,311,2470.0
end_to_end_latency,312,2421.0
end_to_end_latency,313,2371.0
end_to_end_latency,314,2320.0
end_to_end_latency,315,2271.0
end_to_end_latency,316,2222.0
end_to_end_latency,317,2171.0
end_to_end_latency,318,2122.0
end_to_end_latency,319,2072.0
end_to_end_latency,320,2021.0
end_to_end_latency,321,1972.0
end_to_end_latency,322,1921.0
end_to_end_latency,323,1872.0
end_to_end_latency,324,1822.0
end_to_end_latency,325,1772.0
end_to_end_latency,332,1422.0
end_to_end_latency,333,1373.0
end_to_end_latency,334,1323.0
end_to_end_latency,335,1272.0
end_to_end_latency,339,1888.0
end_to_end_latency,340,1837.0
end_to_end_latency,341,1788.0
end_to_end_latency,342,1738.0
end_to_end_latency,343,1687.0
end_to_end_latency,344,1638.0
end_to_end_latency,345,1588.0
end_to_end_latency,346,1537.0
end_to_end_latency,347,1487.0
end_to_end_latency,348,1438.0
end_to_end_latency,349,1387.0
end_to_end_latency,350,1338.0
end_to_end_latency,351,1287.0
end_to_end_latency,352,1237.0
end_to_end_latency,353,1188.0
end_to_end_latency,354,1137.0
end_to_end_latency,355,1885.0
end_to_end_latency,356,1836.0
end_to_end_latency,357,1785.0
end_to_end_latency,365,1387.0
end_to_end_latency,366,1336.0
end_to_end_latency,367,1286.0
end_to_end_latency,368,1236.0
end_to_end_latency,369,1186.0
end_to_end_latency,370,1136.0
end_to_end_latency,75,10578.0
end_to_end_latency,76,10528.0
end_to_end_latency,77,10477.0
