metric,identifier,latency_ms
consensus_latency,GdYy7moG6ShCm6D1U/5GVPBkQGLAqSiUtxeCJbwGNYA=,1049.0
consensus_latency,V5cV9ZnmieVWHGlSCEhPhwR6BUl0070n59lBM5R4VYM=,1048.0
consensus_latency,odWOj45gxBsem/z8oDuL/rONbwXioDawcz1FqYuptu8=,1054.0
consensus_latency,tMyyrILdu8W8ZWYHyqiYp7JFlVZqTLOJFm8e3TW0dIg=,1049.0
consensus_latency,sOdRWMpPl5RwLaB65hvMqQ07vdqo/AG+93nZnc4G/B8=,1049.0
consensus_latency,T274+k1U62t0o02FOw6fBKyvuW6iTat20kffKazj+Xs=,1049.0
consensus_latency,n9EGUXCRg5jfSOfjiRYJTVCmSwmivbWUc2Tk+6HaNos=,1048.0
consensus_latency,GRGWBe+Cx0scnx9zPS5K35qe1nQiPTo3mb8joT8sr0o=,849.0
consensus_latency,PTxM2yiwRpGmUus5/pwW/qFCBFOGXgggtbMEv/HUlw4=,849.0
consensus_latency,WnmN6N1zhmgKGuV7wFVEtwFEcc3va9odNr+hfbU6Zgg=,849.0
consensus_latency,rXaYXudZ1upZrDZFxyp+WlMtU30oduCxyM91Ztg0r+E=,899.0
consensus_latency,1K3WDWLIEca7wYcZlK1n0WUuPrrnonpjNDUXnipENsg=,899.0
consensus_latency,T+brC5pKrxR9qzjtSiG/+0IBR+xZptZ04UOVIHoYQuI=,846.0
consensus_latency,jIMljrou2fkUWrXWmeUeBw6uw2xz3d8MyCHLZoiYi3I=,846.0
consensus_latency,4Uo/+Ey9Rqp+UZ1WKEUs/+AXnzZ2Y7GrOe/oxVCMmSg=,846.0
consensus_latency,KxyD3zZAVXw/CXqwg/2L/k+e58luz36BY1B5Brb3uZ8=,848.0
consensus_latency,TrX1Z2mwVMlMoTCAGm7LTRXRa0nlo0MIdYe3ptAiZY0=,848.0
consensus_latency,VYqtWBtVfP4BttnDywdcMJU+uS5SiheOl3TIwwnaKyU=,848.0
consensus_latency,g/I0rPYpGTB32C8OyC9VguhYwm4HWzcPA7fIHouiVOI=,848.0
consensus_latency,YYYj48w9POiyNgl8L3WErN8hvnKRx943H887X7W9xso=,900.0
consensus_latency,xAs4dF41l7DtIR4RIVTHqLmnL8anr2DC/7YMngpfwU8=,900.0
consensus_latency,gQvMgidhOuDa7ludZWIypNHI4ugOHCTQGgsqZIlMkqw=,900.0
consensus_latency,z6s6ZgXaf+/Ud+6FMcaA0h5Nfcc4pQ5Ex0f2Seu22JY=,900.0
consensus_latency,wJt1KKSQFSDdWVX3cxtj+FnZKJmw8DhSCtOfyAUt1CU=,902.0
consensus_latency,yaTASfm74JHz2nMlay3cFgSzKj5bwoCmlsl4iEqGGrE=,902.0
consensus_latency,45OlYf+x0UoFGgnu8dwil/qEnz4qJZAGK47s8FDahXc=,902.0
consensus_latency,bQ4uP+gz9wCVzNWzj52o2yrdqMcRfZOkWhg3Og0Echk=,900.0
consensus_latency,186UPMGrLxIxbNCV8chqccNtv6hdSc0DT+aBK/WxYOY=,799.0
consensus_latency,80x1pivS3GPSMGz6b7ucx9sp84wX4zlL/MEPznTmMMk=,799.0
consensus_latency,B4CwmYy0Qh7H3sufhSZO3T5bgdx3eXB/yNufqK772/Q=,801.0
consensus_latency,JmTnHkmDOTsxfb74aA+3LsORkL5yxpm6am5OY5xIdFE=,801.0
consensus_latency,RCwVRMwL0rM8Kt//qkUCX5MyrznbhFcta9KPhK+hfsw=,801.0
consensus_latency,SDKhjqDhvEOueyu/HO6z70yc2z0uDbMp+NNyoe/+ueg=,801.0
consensus_latency,UPDqHUT6thF1YeEm54ruaKCxz1D6QjYX1xhd6P0/HmQ=,801.0
consensus_latency,whXf11SYDK6V8GGBQRUr5Bc1YxNW/HEAD2k51ADdbWw=,801.0
consensus_latency,CEc6lkEzPAucYrg3sbHhar15JDbdE+TU4sO+FN6VE+w=,802.0
consensus_latency,T6M6+G5Gb58XChDwkAHZkN7p2ubh/kdUSm7X8iOhQik=,802.0
consensus_latency,p8Zb2fJmj3x14T7SB5kA9wVvgnoQLTt6/VDpJ3d9u5I=,802.0
consensus_latency,szvq+Nko7RqsKeaQ97ldg5vzLwrQkt3nb5XjGunw1bk=,802.0
consensus_latency,40dLT3TmxwzGCkFZPt0XL4WhzLslWBrzoK7DxW0y42c=,802.0
consensus_latency,9k3BnH4PB1hCoxvE6RKrYOi8+6ACr3f9cQjJZMXOJgQ=,802.0
consensus_latency,a4eftFHJPjewxvm9zCOrPTb23nulmo0MII+PWFE7hxc=,797.0
consensus_latency,J/X/jpg08gj6parjNHQQu5elbk6zX2dSA7TVZH1sKwY=,801.0
consensus_latency,KN+bMakJvAD6rfpTHPV9d5KjbnmtdgY7Mx06aZyWaXA=,801.0
consensus_latency,M5fcA8BcG4Fp/9/cU5Kvw+hVITwQhVDeanPw0xQhvTs=,801.0
consensus_latency,mhYB1eKpkkfcu2Az6lSEziq3T0yMS1Xytw8hf4MYBkA=,801.0
consensus_latency,oNCT3FIwfMBG8wwe7lqblMeWUJ14C5XPculpBvssMIc=,801.0
consensus_latency,xWpygAT5BpTT7b5+LvyUhSHhS5XqsdAY2ufW7KgzjHM=,801.0
consensus_latency,/BYnZe1tNjb5LtvZwnaWCZpIsD0NpXY0e+b2kj+5vi8=,801.0
consensus_latency,ZnxZNei32JBktTB6aMlQKJzYdfZe9XsrFOa29wFjUXM=,804.0
consensus_latency,Zr5/EJMtVPQK30qEXGGxkbkjSwKQ4+gCV9Qzsn2LGtc=,804.0
consensus_latency,7AuWOnf0eYYwCglUEeokoaP2Yj2mtKRASJ8LwkMLYqg=,804.0
consensus_latency,+0sAJvRPH6Q29Zgd4F2gJUSc2NgiAupTa1mH8V40GcY=,804.0
consensus_latency,CwWahu4x2U+HWWy3GR3s5dvRqlBBU3PNMVmlndgHo7U=,535.0
consensus_latency,MSWfEfKTR3+5YjM4IcRtfsxzkWoI/dzgvqhh99DdFdE=,535.0
consensus_latency,QAu0CWVdKiCCPYNcKbI+H7vNBCv375yr6pBq0hDgIcg=,535.0
consensus_latency,n1i+qiaOQudMnGcksCuyAsnu135gW35YNjnHQvfgvmw=,535.0
consensus_latency,oEginiCCI0m8f82ZNuAcP0LuQzuIiTLBNOQjxn2uoJ0=,535.0
consensus_latency,p155vkkzFbLCbXLF6rX75uqBN3gBaGjf7F569oRM9Zs=,535.0
consensus_latency,uNXlJWbYdWUXs6lX8NCVhJrGIONrNr3KpqFJCdoK4RU=,535.0
consensus_latency,ul44bFTw/SFqi4i65RhV/CcTC/T9oshQUBph1uLl570=,535.0
consensus_latency,uoLkk7nV+dHIVHLkKmuYbOivO4PiYu48uRORnNqYiXU=,535.0
consensus_latency,vAAL0xdXXoN9E0WYyym0sCJgOkt+WhigBtbtDaJiQBA=,535.0
consensus_latency,3+xFMrJkVnWnYXta/m2mx/jhyeWFc/BLQsWtbHWDNuk=,535.0
consensus_latency,4P0UvjS4TG2Xg+EoiLCZLduJJqGn7BxrhDDNDswc22I=,535.0
consensus_latency,8n1dqJhcpq87JrmuSt8+Q+NiqOcWpKhz+jOnrNLPnvc=,535.0
consensus_latency,/4AqoqpLtxt6/7X133U7G3254IupPsrH3mDrSlw+ug4=,535.0
consensus_latency,AZLmjtSMzlchUWNyU8HEMnXGvOkUDqB1gc2KXU9ubyw=,1129.0
consensus_latency,G3JalaSYvhYF6/J3i7o0zBVi2v1k+GrwcJtTiDknIqo=,1129.0
consensus_latency,LWPQff2ifcrvIle3XcT9abaigvkCiAbLQZMup06qJjM=,1129.0
consensus_latency,x2qz7xM0m/TIxqjp1Iqt8GMcs6daR7ea+/6j+fAS9J0=,1129.0
consensus_latency,yXsBhS9wuYh0bq76rFgbQUutwbHwk2flMEF5rP68HtM=,1129.0
consensus_latency,3u3nj7IuWqppvBRmE+wE0RcSj1YRwYckicC+YzW3a54=,1129.0
consensus_latency,8wUIrmcvTDh1AJsgbdSuMrsWLO+z7J/7MTisjtQBkXg=,1129.0
consensus_latency,/AtsRVOoqXnWmUBboUr0lYjPjbE8sZcCEZ4FAzxSL3g=,1129.0
consensus_latency,BjCv/eeKBGbMZA17u1wnBrMLcmyXZUtGFtaSNR8llYo=,866.0
consensus_latency,BljklhQcoNAZpZpOW2N5BIoosvvZQshAlPQ6Qqn92Fk=,866.0
consensus_latency,CLsgq8Bbidu8i6cv73gCoK+Gg90ZRlRXn7BwW6FCo8g=,866.0
consensus_latency,FhSLQKnU/J0hDHLBbikyg+oLNr5yAw2g+NWuzvQSaBE=,866.0
consensus_latency,IiJtzOxdFK85SHH/LzVlPnOHTTVkz22Z7obBu3/+HFk=,866.0
consensus_latency,LscZ14GX9svGsJQr48jh/v6A0h0FbBsxDa7s7QDTl+w=,866.0
consensus_latency,MqHgs8q20sCTHHV4FxHS2kio3IyNZ1x2+K8kgRgo2Rw=,866.0
consensus_latency,N9CrcYvpMX51I9BfVOLryMpmg7vfUehYrKxAmcl8S1I=,866.0
consensus_latency,QiGFcNAP+mgpNdz//eFQjVVNpyAvr7mFhjNVRB7m4tw=,866.0
consensus_latency,R2qJuLTJz+AXUIz9iWZf3qu5wHRtB/fGAMrs1phWZc8=,866.0
consensus_latency,dW75f+ish5B050hl/Sr2I1J12QFdR1fkSaOJ3D2klNo=,866.0
consensus_latency,e5Ge0LNPwZdzHilhAqMxO3oLnd1TDoL9AmYGVQSKvtg=,866.0
consensus_latency,f1zlLGDcJNmutukpAX/ZFYsgNHO4z7SY7gnHGyoGp1U=,866.0
consensus_latency,gF4m4Cz0JBSXFJIvjjoXgxK0B3fevczmza2UPk/NnUk=,866.0
consensus_latency,iaZSDSTLxJQTxMOcTXfWXXdDkEliyq7StsVWjbcIHhA=,866.0
consensus_latency,kb47E0L1tImxLJHEKcg94mVmVojkgf74NmCm3brXLFo=,866.0
consensus_latency,k9qYqT0Hrg4wTrYiD5P+mS0HWyIwKYMl748RRBfqafY=,866.0
consensus_latency,qYqT+W9DeJLKewZwLXLev0iiwYeBBuHk8Br+6OS78+s=,866.0
consensus_latency,vunA2eMsjk5ur3LHT6ev/iQ2Bb7NIY/aqchOQcjn4sg=,866.0
consensus_latency,y6+Cxuu8F6WltdyV8kyohpFX/4j1u+b0w5wmsmRTwgI=,866.0
consensus_latency,0YrhpQF31Bcq4J8ooLQ5om5b+ePQmy8QAZZQhXPxRsc=,866.0
consensus_latency,339geY2y+wiPsK5N1q0m07c4RZXf9XtrSqXvMsSzspo=,866.0
consensus_latency,76N0env/fRYlnbwGe2L89ar+eN9zy29TzaSSBTOXXWY=,866.0
consensus_latency,/pyFFYMh6UhetFyHj+a3au2ag21Lmpj0s++WbaGJ9R4=,866.0
consensus_latency,/59Vpjzco868uRjJZDjWG1+gE3BDl4coQ6BUVLU3jZM=,866.0
consensus_latency,B9VKuhYfEWIeFXChEBre4C5Etx65R0Qi8YBbWIRJOIs=,869.0
consensus_latency,Ck+vfsGp2Z00l2BBlXvJef7HsHrvyi9XWpnZAO+avGM=,869.0
consensus_latency,HLtQBnH4FOZoLeBaP5zWEHW7OaoIkSCaIg/0zfP3Hvk=,869.0
consensus_latency,JKTUu5Q0fpwMV0jPwKOVT8VsJNa3LDgHhbnrzti9eUg=,869.0
consensus_latency,Kz2g5IV5PK6RLQnrcsuL5D6ZrsDcqqez4YohlrO4ilw=,869.0
consensus_latency,LkDW1AbcVG++g135I2pG97IXto0kR+DPALj+RbMHkuM=,869.0
consensus_latency,LtMqMlP1fyZtUjeTl9uS6XFglXdXhD7IGlqepBq5Gu0=,869.0
consensus_latency,NWNLrNF/aNJAs9LGuLAaKt+5rM4ImaqrEho8EF5zwHo=,869.0
consensus_latency,N0vinySHKrX9ElTiv+87xe9puCMP2FLNp/4ai3f7r4Q=,869.0
consensus_latency,OS0jOzAc4+Kpl6yubIjJn2eiwGjeOVMN1KZDc/Fu4Do=,869.0
consensus_latency,O2Wy9FE7rLMK0BZyVw4JOYUojxzHEf/948Ztb4vrdeo=,869.0
consensus_latency,P7b5eNSHVN5ozf1FNgyF4N99o7PjpStzjzkgG66noes=,869.0
consensus_latency,QUjQdUvL2U8kM/Mc45PNz81mleIToMtCJcX94cHCGG8=,870.0
consensus_latency,Sf3MlG8z7KACb5QQiI+Z+lXf71Clwn9KzGjY0jqVUo0=,870.0
consensus_latency,SzdyJB+wNuJOnnqCTPJi3JnKiUaBdicBmXvowuIG/as=,870.0
consensus_latency,TPxzlOC1rkAJ859K0jnh5CmWccoNVa/tn8NEiWOf0k0=,870.0
consensus_latency,XWD6FFoLEVAb9RV2pfnIGymqbsMCB3eOs9oQs9kf0ns=,870.0
consensus_latency,YLBe8FdSE+MJ+TRcJzo3Bq0EXvrr9SNYKt3m9NRCRP4=,870.0
consensus_latency,YnT43Ksja8kMOfyofRenV/JhO78WiQtt49St22JDR3k=,870.0
consensus_latency,a8m54pl5+AUDSJ0FmFvutLqeMOHuS11qqJtmhoQfGHw=,870.0
consensus_latency,cXq3NVEDB0XG1fxrdlQcYTGsubnfwVaKBJzgsH4+KOE=,870.0
consensus_latency,dOhGkrqAnn8ICnlg76ghbhr4xyEiwbH/xOJRYbVSSfQ=,870.0
consensus_latency,g0aH4qOWmOX/pHtycM/GnKd2haXcyZg2co0TJ9zmdqY=,870.0
consensus_latency,hZOsG7OucLxnlxzbOABy1M8Y2QA9UZLYYsuQNNt/Brg=,870.0
consensus_latency,iffEnvjo/pgf7df9NwYrVmLXELyQNpqJ0ef20k19KGI=,869.0
consensus_latency,lMJoNuW9XRyQFkVDD/SO4GkbNXEVT0Mnqb9ZtRjazwU=,869.0
consensus_latency,maVfWwVtnmOUzILhP3HylBGVQq4dJVegXcnnzQIvrfs=,869.0
consensus_latency,m1Zp0/4pV6AnL7ku94dxqLyLeCv8d3+frJDYmQoCxxo=,869.0
consensus_latency,qS8SzxcFxtC37/Llti8Ewgps5xHNR0Ni9KBZHLnCQC0=,869.0
consensus_latency,sNHN1ueuhN8pZCL69Z6IkKJmWuJU+rMPwki2lWNf6zU=,869.0
consensus_latency,safT5xnnc1uRKuaUZ3LhWv4Ae+C4YeeS8187D/yCR98=,869.0
consensus_latency,wMTXPOQx0EYAeyuz+97G8yUqVVYCNGbBQl3+lv4vpaw=,869.0
consensus_latency,ye3hsfrnrZQ3C7TsBRS2tmpyWyKLnD8cKTBMq2dygSU=,869.0
consensus_latency,y0pyeRoFWWIaWi0Tpt49Ay571sDGzFLf1o4KTkcE8To=,869.0
consensus_latency,0JJLiEdciHvmpSZtUBOnGfXxd4kgDLDCE6+62lqpGbo=,869.0
consensus_latency,3R4VImrPcUIzT59czOaxzBl1zLyeO5j5iRE+RqLBZ0Y=,869.0
consensus_latency,3hFXi5Ul0hJUvAMM+FoGG+J94eAeRqu9q7BjKcQn/j8=,869.0
consensus_latency,4Vf+b3lK3xVN1+zNHh2znVefokUgvg7lQCSAHCfMss4=,869.0
consensus_latency,6gfWHuidmhd4rYmY0FQKdmcg6vFBnzW37r3EnSToxXs=,869.0
consensus_latency,67t2tswGwMJ4n561mOgijg6idGeTn2RXmAAMTf8PUH4=,869.0
consensus_latency,7jA/J3On1/67HCR+MJE11eRLE85Xw5dvD6BTbcqbHvA=,869.0
consensus_latency,AhrfKkT6C2Po+nlY3hOQXW0xM14/p78TQlDoOSr2hMU=,865.0
consensus_latency,GFh7GWTtMdJMIzU0tlMeYRsjZdnU5ifi7RjEcCHr9Kc=,865.0
consensus_latency,G0H5+X+cEQv+y3cMPG9LWirvVDUKHeofoZdWc4fNChk=,865.0
consensus_latency,K+jvPM17A2Mx0PDeLdR7PhCfEQWIMy2fiOjG0dSgUD8=,865.0
consensus_latency,Mevx3MTAQfw+R1MilcSY/6AHK63tIThAVNoJkwuY798=,865.0
consensus_latency,PxLmzdDva1rlcApE65d+6Xv/KeYOKDwCt70Z94z6sC0=,865.0
consensus_latency,P0xOuKmpcLbIo1Wak6zmAmcck2IJn36CSH2Gs0vwTzU=,865.0
consensus_latency,Q6ASoh5OWU60SbbqGRp9npJRKP1ezOLmteubLxuAC7A=,865.0
consensus_latency,UtPCjYnnmAb+Pf+HQyUytSoHEJWEsjOrIWMvKk9C1vs=,865.0
consensus_latency,WAJsbvdTk37JvjG6RyG0bdN1IZqlGpL3BCD7h2zpZAc=,865.0
consensus_latency,arX/la3H2gTTwyks5KyOqK2F7A5gB511FqKmP7M0juA=,865.0
consensus_latency,d9vOgwUCxCQEH6c8tyiqU2muaEjUSzTjNPLJxbYBHxI=,865.0
consensus_latency,iQa/8fqSvxW2qO0yWEGfE2z/81ZFGvdfERJq0zg51KQ=,865.0
consensus_latency,qSWrD5Sxg/RCVAhJ/hU7OSxLsqO7rfpzFnx6W0IgX6U=,865.0
consensus_latency,rWZbtWoqkqMtXkOIau7H43K7SPqF0Gg45BAdYMQZ7PA=,865.0
consensus_latency,yirgFMao+UQxEL7MQjSV3mQsAABgknJy80sqz/IDhiA=,865.0
consensus_latency,zJjCsCMr19i7SWgZhkCm22nEoEypRaXo9XxXYNbyMok=,865.0
consensus_latency,5PWOLMvKuYAWRuGmLzz0aQzqiS5uA/3NNbiMcp/Vi5o=,865.0
consensus_latency,6maGGeEJBpb4KPmlYXs+0sjGlIQ3s84qaYwnZlsuojE=,865.0
consensus_latency,6tMrXKf1z2pCV7c6zb/w8ucf+YqtUZtOe/wBKfirVtc=,865.0
consensus_latency,84Kk/EiVwn1xnOFic/DWCs+nFCGeAo7n+WY0TmNDDaI=,865.0
consensus_latency,AQjwKZT+HwcieX5Z3cDl142GrKTHdiUqTsQtTxDdg5U=,866.0
consensus_latency,L/92bsi4MlPGcxKwlIh71IxLUOH2XXsfWpeiBaEFuHs=,866.0
consensus_latency,OvrpW1WcFVjy47JTiUxOSeoU1DB/gQ2mke5kI3Gv928=,866.0
consensus_latency,jDeF2psakYOHPjkBMUJulxMTM1gR6gVXRsP7mJQ5cFk=,866.0
consensus_latency,rssowbQ3TKEQEAS6zBGLpMpsLc4JTPK6tCHJaAjhRjs=,866.0
consensus_latency,x6e89aqobXmTNC3HWurAry0oFZ3i1AfZjDiWnM4exX0=,866.0
consensus_latency,3Tz5XHAWMOWsjg/22ZhSRRMXSESZQjGnBp/m4C2gHKo=,866.0
consensus_latency,CKSh8ccYCYG44R8+P9dISPaWjVqTq1HkrJ6WWnfMFt8=,867.0
consensus_latency,DHahNYI3ukQslSyLAbFR61KMNMd2kdcuwIuHk7LtqiM=,867.0
consensus_latency,D18A1dp3GpDu9dMXvYrQrzuGIY7+17TUdHEyDTb/wJw=,867.0
consensus_latency,MZR43TEjpOKtqpATb4GOeeG34OPoO7v5sE+JXS4/fYw=,867.0
consensus_latency,NuH03L9iObFRxO+bvs7YVDjgZkl1M0jyS58WMfi3rg4=,867.0
consensus_latency,UZXdCV15QvCqEKZzN2ZhmZxRNHSePrXZNpAgWt/btDo=,867.0
consensus_latency,VfAdlD6o2RBYuO4QZOm0hBakLZI1hYw/zxaedqqLnLE=,867.0
consensus_latency,YIQZpu7DmOrqQyZdZZc+6bqFuHBSEm3RFIDd+oVG3oE=,867.0
consensus_latency,cKkQ0/3o8rDxbSCpZozq3bFEkW/9wUl/3boTjW6Tlxo=,867.0
consensus_latency,c6JdzTJCZ9+gQXQYQUH36h0Y4tbQt+jX4+MYfIDJgc4=,867.0
consensus_latency,eG6HI0nJmX9ClqzCXJ3jqiPajekheXN1STfW11NmxHc=,867.0
consensus_latency,ecSsrn/5Iq7vWToz4qXFFeGOgINNSDfXtItXOEXZzG4=,867.0
consensus_latency,fGxn/vu3O6PToq8r7lbqJMoEcWRwRGeUI1O0674wsdU=,867.0
consensus_latency,f2DzX/E/ZO30b1Ziyl1hNKnEqL3z+ygeylww8LiISf0=,867.0
consensus_latency,jZzRHbhXNqxQG4T9R2zTmkvuE7GOc8KpZkmhezQtcSQ=,867.0
consensus_latency,vPCc5DfbA/gJuqG2tnCLUNnoYTKIEoxYkWRAsX9feDY=,867.0
consensus_latency,wlKe/vJtloUGo0WWkCercKB6vwkvXgu6uGjkFhkFSVM=,867.0
consensus_latency,yT5iCyCSGjulD+lfDOv3mqu8/fnRCUB2TUiCX0D4BZo=,867.0
consensus_latency,3S/R52xKELkoFucmvs2/qGk5F7pKBriUFgXEaCfl8kw=,867.0
consensus_latency,5qi0MjypKCWl6F6VWb8rI+T8MpW27usyAxog9QftPFQ=,867.0
consensus_latency,AHqiwEwlnH+OSVpDdbboBxcuIjkDRi1iD5m/C7+yfgU=,866.0
consensus_latency,CU+BFhObntBb1O1U2jbNxgt7+sjmstVzd8Ynm2kigxs=,866.0
consensus_latency,GqVzTsZGERB01hXDbJxFoCoi2ymlZWEdc2Bi8tBDxVU=,866.0
consensus_latency,ID0WgqSi4TL5GXE4J1rF1cOIyYDMDMkXnz8jEyqeuhU=,866.0
consensus_latency,Jt2jwGbCVa8riiEEFkL0AfTwJKUZkbvhXEC9vEnlJTY=,866.0
consensus_latency,KviPhxfCwwQLTL1FeAhymn6wdaB8onnRqpqwp3WvFcM=,866.0
consensus_latency,M4U5QjLHNpg9RdlFiwRiVSLuIQbDGyMzcRuR4+Tm/5w=,866.0
consensus_latency,M7/zxI2kyUp86ZaAoc3DyGpA2mx1JxkxhISF1Z2U27U=,866.0
consensus_latency,NhDSnUFUCizgfbsNkCZWFM8L8205051DQwPoTMMVXyo=,866.0
consensus_latency,N6tnscVwOGtl2HECQ35ubNfZNLjSqczgRcb3EndnxY0=,866.0
consensus_latency,gu6hCHK3zY8dPr8CjeAjaaLjLYgo4jJo9j9YW1Tczps=,866.0
consensus_latency,j9VaIfjn0/2x98lm5sRkOyK+FrSqeSdR/eZf20IRw1Y=,866.0
consensus_latency,tTggQex8nQUVwyIjrXFvG8VkXZax5F0Yv5r5aw3EK94=,866.0
consensus_latency,uyD2T4WASgQLYx6RmbgCE2q48Rl45X48LXLlcnoP0bk=,866.0
consensus_latency,zo9lweeydAAaz1CZvBl2uStnpZ+hD97wm5TNUaGe0KQ=,866.0
consensus_latency,0+x9MCzHkfqiSPOXdZjB9j+FrY1rAFmKpsk2jFnQYmU=,866.0
consensus_latency,3EuE2l4FhQ4iEwg2o/leQbixbudtxizGA3QkZ3G6e24=,866.0
consensus_latency,3vKqA7KijRYvv9+nz8MwwEHy7066MOUoMBjqe6oPWpY=,866.0
consensus_latency,4Rpgjvsw1iDmqICAMr52Xs4vO0WfH2ZBBCFL4S7g9Cg=,866.0
consensus_latency,5OVrhkI2z1nXCpsHYIY9jWcHYJS+5aN9xz/yjxdazlo=,866.0
consensus_latency,5OqV3aMWGvnaU9Mf46mgIjNmzDPDO7cQSzEthEUv4Sw=,866.0
consensus_latency,8dAdH/fYK3jES28TQCber4v6PAdDyyemh1yYc0TC7kQ=,866.0
consensus_latency,91eWyHbnqozjWlD2q6nPDpiPc2Q+iUdxhiWBBPBHRWw=,866.0
consensus_latency,94SBJ1nlTsqEcbW2vb+xR4lHblGfkkTcJga9+JbzDZ4=,866.0
consensus_latency,+Ki0qeyO6dfEDOtGIhhSII9dx2yofBfi0LgT/b8dbdI=,866.0
consensus_latency,/zlcqM9p3/uKYiPldEmYVmWVLqSic6anQg6RLp81uC8=,866.0
consensus_latency,AZRjVSwdJMRT/GcmsXjSSbqyrkSRFMuAnOBrY1aopuw=,867.0
consensus_latency,AvNGJrScorHWPo+2VhgM/jqNFsF/MrFt4yrbLSqU6VY=,867.0
consensus_latency,CVPOXNaBy3xQJYPAjTOfMc1xuXAWIhItM/ZNoC9J26Q=,867.0
consensus_latency,MX/nf50QSN7V6PTlpgjFVv08l51jGFBcG0fX012Th+g=,867.0
consensus_latency,MqYNcvMdCp9z5StPRPglzskQq9bXCa6XLjl8JbzQrAg=,867.0
consensus_latency,PCcPBC31Q2AOrELoatXIIFJOipmM/KBBoQPyzqI8FkA=,867.0
consensus_latency,TCA0UDeoG/WeIH78W+izkpQVwJoVYRalu76l7phC0a0=,867.0
consensus_latency,UtYp+42yT8dTVq1/dG057xYz65La7byUGdEZulgVHag=,867.0
consensus_latency,ZWWONflFWyXo7sCEkd63895ZWx3KK36GkJZniumJuFM=,867.0
consensus_latency,fXlgR+Qi2OvdclWBZDG5wXrRXRRCHJHDIsF4XYf9CkY=,867.0
consensus_latency,lCKXk+jki1tguuScM6LSxdhybo/tHMB5OCmnldj2KKM=,867.0
consensus_latency,oLWWx5FH814J8dWnZRmDuQjyWl45FrKeM8O8YJMmMOo=,867.0
consensus_latency,yieI3/7SWaYNUUUhYXbuAUfN6/XGH2GO8cAvRn3sBLY=,867.0
consensus_latency,0GHM9R8q1ltv4QmVGY5PElGGg65Z3sjwR6QGQ5kMWzQ=,867.0
consensus_latency,5EjoYt00zJZs33J2XuuyxmQtg+YE1+8uSXOjHZzA1rk=,867.0
consensus_latency,5QRjRK7s01F63kw2SOlQrLK2mEpna3AmZRuJse5aOK4=,867.0
consensus_latency,M153/IHkSHKyaiklYrShNa1vfOa2ytNcr1G3r3ZeGRw=,718.0
consensus_latency,P4nvw3KRIBnhJfwEL3zvHYDlKnqdpocBjF8UV+b5mgU=,718.0
consensus_latency,QUUU2cJvwR5UjJ1JNab2kvAuJiHWbtgs/Y4/y106g6A=,718.0
consensus_latency,ZTDvS48xF6MbPH9/zkI1VN8hq82IWIQl/J47xL8WScQ=,718.0
consensus_latency,ZsT0x1UVL4lCmVdZnz8EFj+pPFfGc6fGaNQcwXMBMlY=,718.0
consensus_latency,aSvZ6xBLdvfFwo7sZ1Nkp9HUBfGaOj5mUoNJrft0uT4=,718.0
consensus_latency,bmWXnrVCnnS/N0wBIsM8txeCGkO/J1Qok3M+hKtOrrs=,718.0
consensus_latency,l497dw8ud1lwSrw3h1lnylxFngwNLSn/cgTqsyJBttg=,718.0
consensus_latency,n8ACrfdB4MfidyWX76h0c4BV87wgv23g1FUwSEWeEos=,718.0
consensus_latency,pEx5SpNjdoF+0SRdf+3707E94mbM3M4k5kjCH84Uxak=,718.0
consensus_latency,rqhMCxhPSB1angj3/ASD1FtRB3WefE038UvfyyBgUD8=,718.0
consensus_latency,t4tE2bvEI2pTe3VeC7db96cwv1SqxcoVe4qCPtg1Z7w=,718.0
consensus_latency,2Nen1MuYU2xDp+DmhEDIjUKxwHAqU4wjIpiYq9rpsX0=,718.0
consensus_latency,+bkPfZtgQVQOWQ2fS8ph5xRVP9lO8FUZngtCBTpuvYg=,718.0
consensus_latency,/VfvMsZKDysv5OhIZ3i9OqUjm5qqHNF3lovQijm6WmU=,718.0
consensus_latency,CYunfFqNfZ5gRJ4keeNHcAZKfBLYN1C+sQNOpdy32yE=,718.0
consensus_latency,EQyV24ovCDnHY7sK7mcNFNFsuIkKGWJXI4q+yWi6ESI=,718.0
consensus_latency,F1Cr1WomyTgCP+3FgzNj6u8BZDnXMMqP07M170/5bDE=,718.0
consensus_latency,GyiMj0rAzVMQoyZbJrVUHve3f6zPTk72TGk2zl8XQvw=,718.0
consensus_latency,GzlLXWhdIA6758pCFaehHcAozILvNBMz38CZmQMaVNM=,718.0
consensus_latency,NUZSw55pVycOOGotHQZbzG97rERD+0mHlLUPxsbF1Pg=,718.0
consensus_latency,PXAutIW8AcGk6o6B5q1h41p0Fmx1ZxwEh7gkuFXqKyI=,718.0
consensus_latency,QvbH/G2MtytlDxuptcfhasKICtWJDCAr7FfkqdGMNw0=,718.0
consensus_latency,Sz8eS7Cm+UbdMNIp+2i4JeU3wEhXQeVE+nVZwpLblpY=,718.0
consensus_latency,T1wLaIVmZ62T71X7Gv/uIVoRfERxKejXuTxvUhrhP/o=,719.0
consensus_latency,YUxqxz8yQgCn2CgK01F5EqmEkm4gtGLhWV4UDYLQWAY=,719.0
consensus_latency,bJd0s3G515McIy2EsCYTpLdyuPgo4ujMpNbJZjo0WBA=,719.0
consensus_latency,g7MIBpApDy2AYR2t3p5qjYowYNjpO3o11YogQ8ZBMEA=,719.0
consensus_latency,h9s2X5hXrL9geVjV6oZVui5h+LUL7K3vEtJDrINgu1U=,719.0
consensus_latency,pJEu8Wu39ZH48RuynvtvVP4Zb3fu9om+q2GbyNayXeg=,719.0
consensus_latency,rmiXuo877fHIKHWCfX4E1h6QKPATqATdvF/nj3Usj4M=,719.0
consensus_latency,sEMi7pJWmoCiATkEJ9vkpOFnn1djc9dF41f+LSJZq9A=,719.0
consensus_latency,tHiDdSNzSyEYoT0nvPOMIkokGNdGUciS++3RGlUBiGM=,719.0
consensus_latency,wjgFeP4H5t8agXv/cNKJkbSyvTXlYLdpD/pawb1yE/Q=,719.0
consensus_latency,yTnOvsphZhC31sOTx0sgjOXMpLJIpzq6StB7mendPi8=,719.0
consensus_latency,yvrs2MrM2Cw7iv7pYnkvyDEpAWIOjhUMWK/fKx/W3cI=,719.0
consensus_latency,7x0X0Wp7GVLm3WwWh0NqeYxVVqzMsXuRnv6Tj7GL/bY=,719.0
consensus_latency,9Y6ecsysYjL882eFKw16ZDx9E/I+ZMgKiCt0yxnXQBI=,719.0
consensus_latency,9sfpaKwbvSjUeBlFTEr6QKNhEGh7w/FgG8cFDsu1sT8=,719.0
consensus_latency,ImML07tJFvQ7tmPHxjImbIkCTI+nEckzO7fprY2RM0Y=,668.0
consensus_latency,J/4LMhjAmVd7hYN0pOP5vqgMgdKHWW2k6DtlvKHCe3U=,668.0
consensus_latency,KBv879X/KUItIB7MXRgnRWJ+4EEnXwQUGPPMj8jFAVY=,668.0
consensus_latency,Omc4faIeQSQh3vL4ua3sVfyWtJxY4HDLc5hqhaLjjRI=,668.0
consensus_latency,Ow9djnaeuXHKXAA/Xs/xCwqOfqcjdqPdIkMiO95Dldg=,668.0
consensus_latency,SMdzL4+V0oMoTOWH78K/MSGIUZszLPMnPuU0nAIww10=,668.0
consensus_latency,UVrghHbG9TlsQbtoyiM28hOysTACu03zFF6nMtKjfRg=,668.0
consensus_latency,Upn9aeWa9DUzIP76eK6yFcuaPjcZDYCjpb3jkPhFD5w=,668.0
consensus_latency,VarWcpWiPE81BXANwlQUYc/t7J1ulky653SH839Uj+I=,668.0
consensus_latency,VbGIRA6FX8ZPQNfsK8w/QOwPutnH5dMdC2tjDlrVo90=,668.0
consensus_latency,Zos82rHy4/37bTJ6MyaCRCOn2GShJtE/Yd80LYYr6GY=,668.0
consensus_latency,fjPm6ntKqyp4HYtPlvNFkgcNpN0xuurJwERzz9PUz40=,668.0
consensus_latency,gQoW/yyxcaD/8029aTOoHG/jMxUy3U2UPh04ZVx43kY=,668.0
consensus_latency,kaAIfWXLUg2LGM1h8T3QG5gKri1BM5nFiYZ2FJP8HAE=,668.0
consensus_latency,lPrMizaaWAaoeINDKcUeettX9B44uLfaEHjbsOQd0Lo=,668.0
consensus_latency,lXreEEiQLgglEG/AGH7sOyfU9rvBz1JjuTZLOB2dZ0A=,668.0
consensus_latency,sZnq9683Wl8VZkAg2dh2Gt8DyOMDFMtiK+RNbeFwYLA=,668.0
consensus_latency,vZYsFnUkijZUJCbCDMS6Go0jh9OVw3nto7rk631RSgk=,668.0
consensus_latency,v56z4bMjyohiOCBmX62CbfN6xPRhDYheJGotpESrtXo=,668.0
consensus_latency,wnL68gk6AYiGr0HLXnZuZCn8sQyuXhFCk9Y1LH3rhdo=,668.0
consensus_latency,x4Q8kqYt3LL+CdLOx8AWDHudxgc7GIj8K5oR5+2CejM=,668.0
consensus_latency,y464dYhJhQrulE8qePNYa6SMbpxZKvPFU6JzkHghsxA=,668.0
consensus_latency,5kpyaws2CU5ixjvUSR+slahyPNstDhVX2AQgMc9/8wI=,668.0
consensus_latency,7wWXOhWwTYxX2EhR8YGJQt4Nrqqt2Yh31A+fURAJQb0=,668.0
consensus_latency,8rsKKSzTiNuHzGV/Hopwj1DmGWmb+5ZbVEe1wyluUlY=,668.0
consensus_latency,9eHabFJrWLMCg7Yy85bwQ/WURowEFH5zhRD8drmxMO8=,668.0
consensus_latency,/hQ47JsqmQuHq41zXvs41dl3GQDFar1J+/Q/t0WPIAg=,668.0
consensus_latency,/5k+QFzcPxpDDY5aYUtnTAniyOq/PeZboWu192QCixs=,668.0
consensus_latency,C81B60hg8G/06IFe1C30Xa7ToKrjWm0BEOepIpI/wYM=,668.0
consensus_latency,GQTNwPR6OrUjn+EaJmbc6hejr+rtBbHb3HT/fKrrsus=,668.0
consensus_latency,Q0Ailcqa7X5fx4M5zuq3lkNrCvf4xTe3rWoDtrsQh24=,668.0
consensus_latency,TEX+UnBNEfmJq86DkEP+FDQCdLYxne27mCKohj+maag=,668.0
consensus_latency,dZFlYtPG1W08X6p8FJoXGjfqc7aJz7/kUxi56Zvhz1w=,668.0
consensus_latency,lGoVkLLJeMfWf0J9tTq4zdfLKKRDjDiXVjMaa1RRVQ8=,668.0
consensus_latency,2NKJUp68o34Q3VnFOupIHk+6ER2MpAodTaHVWefXXTc=,668.0
consensus_latency,3FUEyqJxjTXVKelOfEApgeq9UJ3GW3+5V5sjkAcbDhs=,668.0
consensus_latency,5XiKFwCPFCz22czXOTC9vWiD3untn8lKrghMfL+X0FM=,668.0
consensus_latency,6Hz1c+5z+HtLcthBRUPo01Dc5t45h9LqhCBiyxUZs3M=,668.0
consensus_latency,ArvwUmyePrAPeMI237lt/VYi6+oxIfgyeI/ltqV71d0=,719.0
consensus_latency,E9xkTQE7UHdtcvyjQGnStUrZVZnwvfPm/d/YAYGZa98=,719.0
consensus_latency,GUZ9wjVniyUI2aXQjyNeoNT3Xt+MNe2A9X9vuNNj3tM=,719.0
consensus_latency,HNFVgnnwvlNLVnSULuN8rHaeSBzN1gEtt1tX0h4f4lc=,719.0
consensus_latency,PK2EPimFfCm3CYvGJG+3amNLV8rh/ZZM16rXLFktPE4=,719.0
consensus_latency,StTl7IEUZzrGvrT7JIV8Vmo6YO8C4+3l0YxpgGxY8I4=,719.0
consensus_latency,bTYmc+XcDpgGfRmwH8JadEEgr2BaBcdvtsNdwvfuuXY=,719.0
consensus_latency,b9ouNHjZy5FPbeUCMG7VqdnFury6cF0/mVyyLwgj+XQ=,719.0
consensus_latency,b926dPwUXM8bdm8b5w8m46UNLJYvkGBMiK9YUfMrYTs=,719.0
consensus_latency,cSFDC3ejPNBsPgS8lfI7IzXzL7+4lUIFl0GyXNQ99g4=,719.0
consensus_latency,ecXjB41f4fjvgLpahkOEWPaxQ3pAroFSKW1hHrOT/Lk=,719.0
consensus_latency,epyaZLZct+l331vb17ILhFWCuves6jGF4fNbkt/tXPw=,719.0
consensus_latency,jUi7KL560DY1m1wOCU/qyxYfE31CgIPYRDzPuP51AY8=,719.0
consensus_latency,l5ysL4CQ9QdTNUk80oKg5+3YjyyW4bn0SNgW/EU/MYE=,719.0
consensus_latency,pbDv+pdIuwv6lhUHQHZIq4Wc+WlM8GEb5/Pcb1GsPoI=,719.0
consensus_latency,rW3u+i+JqFAmmESZex+fdUXCEf9CZp3gW7fTmjoZPSA=,719.0
consensus_latency,tBxgDMEhkTDE6HIWAWkFzNq8wCgXSEa1emmK0rhDa1o=,719.0
consensus_latency,xlZC7jAJwKHyVinyRcwAT8EqE9LsBWF1J2kgYAA30YI=,719.0
consensus_latency,zSaFjHIrq/2ZPwc+KYPnvz8cxOyHXsz/b+N38Nar8iI=,719.0
consensus_latency,1GGyEdCLrlyT+BPCSTt8oJdDbpYVx7g+/ekx+q4b/JI=,719.0
consensus_latency,2TcJZJhFuxbBQwjC5tdpeUKc43nzvwYQAFnDNIQWYlk=,719.0
consensus_latency,4ATJqhhvadHMKfHN1gyd/LorSr6vrsxJ2mHghWCgn+I=,719.0
consensus_latency,4XCY4owmR3PXvMHJNLcLtu4XR6M6Qayi2fBgrDZtplQ=,719.0
consensus_latency,+siKIfmmrhFfpk7kn8Vq8RjAL8wQnW3jS0SQw/Qlfs8=,719.0
consensus_latency,GjwPyTXY/KsadLUWwE9+EmpPkLEEP/3l5rJlcXwQ5As=,719.0
consensus_latency,GxN7mDoDLCQaQ4mRQ+N1YSHHKECBjV5fkoRNe/+0+y8=,719.0
consensus_latency,HqXy9W/mrQBrfpsMXZ5oFJRMT/CvzWWRlpf293/Qhjc=,719.0
consensus_latency,O3vqoQCbDelpEn9m+kPg30Zhx5B1hBwjoPadUWZCkP4=,719.0
consensus_latency,Pfixr+in7XiFxXVoONOcxFm646KkZ2SRAgUEo1hiu30=,719.0
consensus_latency,d3sNePeEGeF53quPyvPuuwDcNDd/sUb7hPe0k+BrWlI=,719.0
consensus_latency,fOfBhdn7GVuvP1qt9x3QUElSFPswCMAJlX1026HPOOY=,719.0
consensus_latency,kdJN8vzDv9MBChbsDMqk+Dm25rjEp5VrzI8lIc+qlIg=,719.0
consensus_latency,k2ptgYw7NdyKUAH96D/ZGhadMg4hDS8n1Z6BmTxkY/U=,719.0
consensus_latency,naXvr5Z3qFUM9oVWHBe+nyAir8lPeu6lH62+TIvYkzM=,719.0
consensus_latency,pzAAaP08hu7vjTh8664fOxarjM2H2lr6fpIB7/kHlVI=,719.0
consensus_latency,tbGxuEetqRXwoBI0iW9AEukTETdXqvkPoDt9u0h+hKw=,719.0
consensus_latency,txX1AxmniUlO6P3T9RdlnX5hM9dFZFfcgQd0oCkrKsI=,719.0
consensus_latency,xLlXyAnngCTz0d3zK0esgpvnsIbpdpuFCSCc6QJtvL4=,719.0
consensus_latency,xd//q7fYzU9tw0iu5MIJnMzk/Kc37mWwoA+8eAaEfT4=,719.0
consensus_latency,6L6nnXsdns9jkN3xhKG7e6kNcBUefDiBNLypawB10Og=,719.0
consensus_latency,6ZBUufp/tGj/2p+e7TVazv83uYrDcCAy4H9Wi5Ve15E=,719.0
consensus_latency,A0qpQPmyY2kCuDb8aS4bya6vieFXSIDdIyzPB7Mz6Z0=,666.0
consensus_latency,BfQXzpsDY7t8xQEmt6jMWZUsqt/EFOCCf9wwLyusREc=,666.0
consensus_latency,B3opCK099D8iA+Uw8tgUv9ehHmF9749AN+WWByqgFU8=,666.0
consensus_latency,GEdE0kFWL99HxMIDOBocpdhDQy6AtCk1v02HXXVvRII=,666.0
consensus_latency,Ijn0mdAAsOYXE3Dpj+j+FLwyihUryMzx9U9JZx101XI=,666.0
consensus_latency,KgZG9NSSxJXI7dvRyBmo5AmXQbnxuBZuYaxJb3n9tA8=,666.0
consensus_latency,MTH1msa6rv/l9aU1poYIYW6+Oor1CvqhAPxmeRsthKg=,666.0
consensus_latency,MV88BNRLdFWs37gC1hkRukgVPF7zHpM/XKos/HGSPe4=,666.0
consensus_latency,Oq1Qa+0WLZZywiASr9beOOtvGSEXHX2Oq9a720UpC5k=,666.0
consensus_latency,UM+dJlGoPmAtl2CsuVsh6nDio9gqPttj8NRF/hByhX8=,666.0
consensus_latency,Y7mIrdt9DRUme6MKEQ1ID1HWVrFnJemn0tygzO5Jblc=,666.0
consensus_latency,bKPxpOhqLyje7YXv8/Rwk/MaYEyqLA+chRh3DthyAG8=,666.0
consensus_latency,ciBSgLYeqQB7Quhz9vv8Pid2Fx4IUmNicGH4NfAMCv4=,666.0
consensus_latency,dZKZVHWd0UbbdrPtg38GGvDb1+JGR8ep/TU+3gC522g=,666.0
consensus_latency,gDIXvCz3mUAiHVWA9VFQU9Z4KaFyJn7yVlBBffeDgFI=,666.0
consensus_latency,hujmBn9U85bI6V6wvvwe0MBPOxRsmsPrQN+VQgDdUJg=,666.0
consensus_latency,iLAHu+ygtZJFkAFnseZ0+/iBYyXDqcuS09YeDNoaVUM=,666.0
consensus_latency,ioJi/sGmQb2zQzvn6NNZSkMr8BoF04XkJDhBYbGDpFE=,666.0
consensus_latency,kpVEaJ4O8svLf3Bpt0fARvMjEuvcw42ZwW97PY+GbiA=,666.0
consensus_latency,nIvayM5Uy55qZP1wzYn74ibd+ilNhUsFu4mdIlHGLeg=,666.0
consensus_latency,n90QqQ7Nxm5L8LPw0Du9MFebngDWFIwGIxUVTSwr8sE=,666.0
consensus_latency,o3Tv8rQ6ZsGiuVL7FlPKS+6iTN1VwGKBl6VyMkBfcWQ=,666.0
consensus_latency,pufRmyRh6rnX/OEpL3+FRuRVZIA/WPMamMCllFSoYI4=,666.0
consensus_latency,sK+xfCfH06V2wf0A4qPG/26ZKQOcmjUelek/oF5t9nI=,666.0
consensus_latency,tn+2IPvOL2htxZ9JDMrQCmv9Yf2RaGwBJEjJDODsRno=,666.0
consensus_latency,u5e4+T/ggqaH9AllncEmv34vs/4Fk3/OPt+cJbPbfio=,666.0
consensus_latency,zR2M4/UWHil0d0hgW1hiF14T4jOkiSPMTNuStSAyjlw=,666.0
consensus_latency,0pKCJo+BvIQMXwKY3VgbF6igTZ0Vw/bf35Pgz2SJdqo=,666.0
consensus_latency,2TcKPjhoOMonZjrDib56LgVFEC8uzIO0ayVUa39Yrh8=,666.0
consensus_latency,3B/P+dyFafVW7CYTjPP9xpMpCLm+qsLCnGMi4d2Rv2E=,666.0
consensus_latency,333/M7Ig5CoBtQelXkJr/vmk9Qy8U45Y+Sajnkf4CUk=,666.0
consensus_latency,5ZcjoWD7pJ3iQ6TiFtWF2jQIwKU46Wpl+aWGTtEEFAA=,666.0
consensus_latency,57/QJaAFqX/s4EXxcq+vfFYgb9cjybnlkU/e+lKS4zo=,666.0
consensus_latency,7Oa5ShySBCwGBcRs4mSEo/mo3KJNkfQzfwyg5TyfVTA=,666.0
consensus_latency,79scK+HA8nmLgNUKS+G5DcosjPJr2FnOaTwldzRoX1g=,666.0
consensus_latency,9umkufytDv2u7Z5wwV2fd/n5VuZq+Xc1fP/hkMwC88E=,666.0
consensus_latency,/T+DphenttCXed9DPMwEW6/N0CQ4tuS563GM/jkMfys=,666.0
consensus_latency,/nEhV7Ob39ZNWgCg2NXHXuwslXK53uvV7BgxRaRepoQ=,666.0
consensus_latency,AecIvgQj1wF9XyAqRArk9PrPm21Yv8LrqzkQhxvg8V4=,721.0
consensus_latency,EEDs+XU6SxWYEHgllnAZGZ/UKjlPT8XyTcj9yX+fqdg=,721.0
consensus_latency,G7jkXc+AL/MDNm3B2JY9V0vtNPjlBAYWamMsHNdrPEs=,721.0
consensus_latency,HU+m1cDdtwyF9Pza7Yn+FY5pA6IBPokM/CfmPe83fTI=,722.0
consensus_latency,M5CocygiNeW0XYk/x11SewflNZkuTYbp/sOD5oR8kos=,722.0
consensus_latency,RiLV6xSAm9I1QeD9cis+fVPL5yhZkeJSZYr9hipgs3Q=,722.0
consensus_latency,RspGDLTfi1JZdRki+6YUBvRebIy1etNSwhN9+Ky7RUY=,722.0
consensus_latency,WRZUnFmOo5WPubw6SmH+vn7nu2TInqvH8OmSfzDeth0=,722.0
consensus_latency,brqn+17kVh/ElN1zEGQL2CzwH/3zHqGCulu1MYmrzNA=,722.0
consensus_latency,lfQEvOf7v7SxQUkNsMW0Xs4mmfDwpeg9qhiQ+TIcCl0=,722.0
consensus_latency,r8pT0uMtWcyMWEZT+24EtjBdAhnf2eIejCs7uioCP34=,722.0
consensus_latency,u6sd5eEN8uiqgpVHxa98P1mEmxtRHwrar1vwdT389KY=,722.0
consensus_latency,vs7gSRx0wY5DFPUbWNG2xFc3fhnZCXfTQk22bbgzhRg=,722.0
consensus_latency,xjGfZbxSA/cGNWGvZjOMhMm3s00y1f0iwWxi+Oa7Kaw=,722.0
consensus_latency,1QG3/LRCb0RibwhMjEMqS3sE0fuFPz6ZqPdpl10/Ui0=,722.0
consensus_latency,1yZsSq0MeGG59sK0TizBb5U1pV9nuQx+/bvBIOAsKIU=,722.0
consensus_latency,2vJ9Nb4OThefjESDyXTQBV6HKd0ALnf0zf85tf8mYKU=,722.0
consensus_latency,7FYAHDVu8xWpk74WARvFOVe648AH+sUscmgp14w7JL0=,722.0
consensus_latency,8steErkJXCEodw51IfAQClKWflT9TZjuDm3YZ9eoLo0=,722.0
consensus_latency,GqiICrhh7DfslRMIsviksUz/VDkQ2VDWZK6v9gRhOSA=,721.0
consensus_latency,LJg9/zrKCa0dWkgJ+u2jOI9F+/7334opDNiUt2v3x8w=,721.0
consensus_latency,LNxnfyNSL3W+QPoUIcX4TkgDhnrAFKH0iGGcfUIFLTY=,721.0
consensus_latency,PIjboXa7j8TyObpdv/eX/HC26SEj4z/pJoVEfhsQQjE=,721.0
consensus_latency,THp1vYQ429+MG6M69qetFD68BrW4csFoGEVxV8tAYRc=,721.0
consensus_latency,Z6a94nGYudA9Wc0jyGV1L7iFniR0Aa/36bkO1WnaH+A=,721.0
consensus_latency,cO4hwqQis6NbjKpmqCBKfNPbwYyUFnm0eWClPTgNoCo=,721.0
consensus_latency,ekug+87qH8OCNPClppxTm/mXfMKX6+evYxlP1NrS75c=,721.0
consensus_latency,f5vuiHknNyp3b+9xi423kNQttkXt66YLKpr3Y2HfRQs=,721.0
consensus_latency,hP/FjOWKAqCLO8HVWVtCq89vIp2LIfze2CwZ9ke1p3c=,721.0
consensus_latency,hvjsqpk2FY/mYEqs3/QVmx7SfzMRSY4Y6jGUAIWuSdE=,721.0
consensus_latency,iTxFa/UfVRnQrAhaBQh6ytESODyUxH5kwM+QrBvpnoM=,721.0
consensus_latency,llS+NNIPDDkH/JkUI8Z/qrLcswicUQ3Bfbd3mCLUY2I=,721.0
consensus_latency,ocZ2yGB4LYVorDplN3wtMGJU3Z64aXYwaPVp1Y9G+rg=,721.0
consensus_latency,pH7OxI7tZQDQZTF06c98xSui/TnRlfM46RqYh/jPrdk=,721.0
consensus_latency,qMuf+2B4tpuNm8sKn9fecbRBN+tLgTRnEJUZeAPuNCQ=,721.0
consensus_latency,r455bcuQDgDaiUN2yzIyXVlzxTGGIivPvz1zZkV2Cp0=,721.0
consensus_latency,uWMnxOPZCioG52FOtaIpLL44KcaNBgXwREHQzUa73n4=,721.0
consensus_latency,ueUOTlTcHrwj6iXIWxsnreyaAL1dcx1r4OJXoxBturY=,721.0
consensus_latency,w2NP5gcNQ3y73rNSgwBiVB2ULHSAejTjXouof4JJp34=,721.0
consensus_latency,01ypzICzZ5OJK8n1k5QpRn4ZwBV+Ggymhy/tpPguGcA=,721.0
consensus_latency,2P/Wh0VJOsJN1LvwoiQCshXgSYVWTQEo8OZyCJnyTxI=,721.0
consensus_latency,4LRABEIlehP2O7escTG9nE5toN+XkE3a5C4MBUxf8fg=,721.0
consensus_latency,/4CBS2sFO7DiRr2BLDwp8h4u3KZ0hWUCK+NmWs8PADY=,721.0
consensus_latency,DKaoKh6yEhCAsQqJtEyJRj2MI7WBs3d3A+xE5kVh5k8=,618.0
consensus_latency,IWJTvw28dGrOOH0ZkEMgyajke84420TybcX6E4q6X0o=,618.0
consensus_latency,JIwj2StDCh3mpNa8AUhZjwr8RDblPpoDpzniY/TVqFM=,618.0
consensus_latency,JkePTqT9E4lfnmgCRW28gfiQGSsAKpdbxJwXf0zsDdA=,618.0
consensus_latency,KV0i2Ibdz/DltFKkv4N5wzJ0gUjrHtK/KIH1P6PVVmo=,618.0
consensus_latency,KhUYyQB7Eca+pu/wLewt3FjnXtuOjkWRQeOCEQh732w=,618.0
consensus_latency,Un6FcjFerJUKph6QfphYrhf37OFLZvNslzthjfpmakc=,618.0
consensus_latency,VTgvPJ044FRi+LvXoHmdDyiZVJ6981gmNJ4teJ77/L4=,618.0
consensus_latency,k7XecR76wy4QRPk3fCJ1KjL77hIDH6MIKCHk8fVKRgA=,618.0
consensus_latency,pkirbLoTYbqtDN2BphXh5HYk7jghZVQT/sq+kOF8RcI=,618.0
consensus_latency,xjCR1C1miJMtnMFx3mipgATC0kKDg2G35iYUdoE/ecg=,618.0
consensus_latency,08+gTF3oVeddzAMimEe1XmxyPgBKFxT4P1kOzR2FMTI=,618.0
consensus_latency,5D8RdhVF9BbOol8osaQkVgah5blnu3DwYuQvRPqjNqs=,618.0
consensus_latency,/PSktMukMqWHLXmaGtLA88VVXhlEhWHQk/t6u7m1CsI=,618.0
consensus_latency,ALsa1/YWvCdIw/i0xi+roY8zIWkE5T1+dVlQ7Qs5Crc=,617.0
consensus_latency,EtXOGbkdo+N76uhAorEEvhDrplwu6xjFB8eFlnYvvng=,617.0
consensus_latency,L7Wjh9ndQdgabVUGbHlkKdSfVKpq2sMIhnCVdiTW/Ys=,617.0
consensus_latency,Tjk8u+KR135nFZtIhzbTl9NNnX65GkYurFNgh556fok=,617.0
consensus_latency,UZU01tdXUhENa6WoQkXi6DO+Cg5+aNgeCbfsZGVC0bE=,617.0
consensus_latency,WgyJzjlgpdAvaSa1qEFEWy94H9Y8lg/+V9IeSH6E0iU=,617.0
consensus_latency,YwoWpYJsinLzzgYmdnK5bxBtKo8pcR4iL7uWPVOzuz4=,617.0
consensus_latency,aFku+3QifcUTF1FUxWcZcp5FRE0FDe5Ssdozx7L/W0E=,617.0
consensus_latency,d0mKckn21GWHHJbK3Klgif7kRo0cSEvGwa+vpL0TFlc=,617.0
consensus_latency,i/LtWk9oktDxLRMzjnouX1BNwEvT4CXGnM+GsnXfN1c=,617.0
consensus_latency,kgdF2/HSxypXzZrw2OednsC29lsl5BlLRBWzT/6SDD8=,617.0
consensus_latency,qsW7SE0eDeqILZHLQL/8824HBqJD4INJQN+6gDa4FBY=,617.0
consensus_latency,sbqPZRQOU+M1iKPlQYO8NckcD+IV7fXno3vsoFN1oZU=,617.0
consensus_latency,vokNS7kkYrpNr0X77ONlY2keKW18ciGxs+oC1b277Sg=,617.0
consensus_latency,xAajT83j+jviA3NQUhT6/ZROcUjdA1esnysekTxHg40=,617.0
consensus_latency,07DYQ1kgIMMYDiOS1MVCsDG4BBcF2iHd7SOEMy1vEHc=,617.0
consensus_latency,3OXQeVLLO4qHFNqRhY3v4EkQHSv0RnPURO8XIlGuFWo=,617.0
consensus_latency,49rHP9RUdUF+i6pbvuCBoKFDmUjH9hHzHD2pvq8P2kU=,617.0
consensus_latency,7GPOXY1WuQLdxcgjT6qceaJyzJW8A3TlZNV18T17YJo=,617.0
consensus_latency,8kaRSxukD5EuaekUKKWQQfQABSKlO9xZHhTDmA0ItxA=,617.0
consensus_latency,LncL6l72YWUrmkIHwxcL4txqcTSSkETXapFlD1dC/HY=,619.0
consensus_latency,PKt4161q5Iadh3+OjYUOAUR1uUirj5Eqe030i1IU1Z0=,619.0
consensus_latency,U594gzuQNa/+j8V+8C5/VkRVBidJ30sZTAU3va6hIRE=,619.0
consensus_latency,c9YHeJstA7B08Mv0bWTer+1WLCqNnyuPmoPe/yf4Pks=,619.0
consensus_latency,yIrYv/7gCaUo2n6quhhLqRsm0Ms5BXb6iz2AZzogDlE=,619.0
consensus_latency,4Qx2YgO8ErPrzOBH0mofA2fE4qyya3JKD1UFrMkn98c=,619.0
consensus_latency,mhEr9HV+lWADPe/0BFyoRKmaS1+RdJ5QeQOdKbAEt5w=,620.0
consensus_latency,ow3wlUZGD1Yx7LeNZ4X8NkTNP6b9CvxW6iVfm1+9gAA=,620.0
consensus_latency,DlwGMtustwVRd7EcI3VaKwvj1vmdBiWP5Hl0DuXW6d4=,616.0
consensus_latency,G8MrRnX/yRKVyeCz3pGWz6x8FYa+4S56SJx6DqXpq+g=,616.0
consensus_latency,MJU9WQA/vjxXEX+YU5s3Ck5cXtGKhpsS6Ssg2sNdAWA=,616.0
consensus_latency,UmzDhsOODOILrXqhsxQIi/lXy8iZhk5fALRijLZ4oKY=,616.0
consensus_latency,ansU7BCoPX4UlaNnAbxBr8tqyH0Eaf/ltyZ58GdZ+QM=,616.0
consensus_latency,ezm+v36lrGN3t+8PT8CQfRzmQWYBNcuIv6QR+FHzyY0=,616.0
consensus_latency,gVMusIYIuONIexYnicVKecoiphf9oZ/6IYFZcto1wtE=,616.0
consensus_latency,g03cKPEomPC29bhBuQYP/fCYeIfvAIbuBBOs5BjRgEI=,616.0
consensus_latency,kuIS2PUaDeO9g688ayxYay6uZJW6J5mEr+82cP+GS5I=,616.0
consensus_latency,mGnYQqWjW9Zn8WiuCifigQ796chw7ESY5KDtt2wTPtU=,616.0
consensus_latency,mLKdSvTzfVR41nwASAw7S+cIB8jEN1wEdK/ZapX/vhY=,616.0
consensus_latency,mmylyTyNj10yJCi2Ly5Tmel7E/7JQzaYfXoj+jxrLR8=,616.0
consensus_latency,pFkSoJK6GWTYr7JlBIV/mQrc0OQ3S9hkw9gkDzRXTBQ=,616.0
consensus_latency,xltzD8KZrL5D50lDvLpkxvuMh0ezkEGpkYRmo1HckKE=,616.0
consensus_latency,0M0KvDiLPtDfjqiJ9pkbE4CQdpIQenpsdIWw/ZeLndw=,616.0
consensus_latency,8bZ7UEgk6umDbXnFNPRoDaxwGkhmNfoD+t/b0ZOLVPo=,616.0
consensus_latency,8meY68AkWGQTDbo12VoUqzqEOOekR+ChAcNlKdPB3L0=,616.0
consensus_latency,8orPqnyOtVTvVMdDo0MGqjyFUmXJ3WppaRAAgx1X0wE=,616.0
consensus_latency,8qUUXUCrZlYORniclq5lLizpD7YOK/JILzyTBtBMO+g=,616.0
consensus_latency,+ktPFFuN0xrTvLtTTjrT7ge9Ana/GvKiliRpbN+wWNY=,616.0
consensus_latency,HRzIOKM6aoWyWivAgKfS6pR1Cr5qDrQdoNz9yIGbTT8=,618.0
consensus_latency,M4ViT2THwkJo1kH75uiSt9vTZiYv9cAD66yuqwP+bS4=,618.0
consensus_latency,TV93o44sjICBwfKNbTg4QMUulU9VEaLU8OtNDIBRoRI=,618.0
consensus_latency,fMGRsMzFRfc1RmKieBK2/d52PJwt+tGO7fEpmjTvHCA=,618.0
consensus_latency,lY4v+0zP4KB7b//WerXfmDQGtq05c8MCTHk8AKuVuXo=,618.0
consensus_latency,pP9RniF6dcufKI7ixNpgnsah6AvYdC3y3whFqNKrxf0=,618.0
consensus_latency,tzrGH0i9raeGwpNRtDyBrdLfZjrn7ItEC1XGnRUWvXs=,618.0
consensus_latency,vXEjRPt7tg2w+dwCGUH3GlhmHemBpKj0gTl5MkCYtNc=,618.0
consensus_latency,8lb/xssgj7kqylvkGscpe2uJlXlH3Z8+GYZO8Yw9D/c=,618.0
consensus_latency,+FP/S6radthwnJDhdldkH5+B4K7gAiC01lQw1zuDEQw=,618.0
consensus_latency,KsqZwC8/PjPLm/Ai4pQJLzEVKogQG6Hp8igbzlYOds8=,616.0
consensus_latency,Onh1a226DyqvGgX7Scz8xHrjJIJgBRZRUY8AAq50sQQ=,616.0
consensus_latency,PoMq5DC4yLIWbQ3/rIhiqlgQrWIKLVVXcO6zWRDKSUg=,616.0
consensus_latency,RD8KCdRKD/N+0fwZX6SJGbur4CIESeta7IlME1Wfx6Q=,616.0
consensus_latency,SslpC9vKBDWZ3OKMhoZutlcEQ1bOum67jaQcGOWonEM=,616.0
consensus_latency,YEJzrM3Jh16yu7YY+ykfUbEVoK60TruM9G63lUOUBV4=,616.0
consensus_latency,YEoRO2KPkJC0bpQdg+u4Sr79rcZqCfmHdasC4jPZrK8=,616.0
consensus_latency,leNoBARVGA57nPGCtvnglPP08OEDdCEujUCyKDIy/t0=,616.0
consensus_latency,q3OQbA9WWZ7EUpRYGeGntguD9hee4ZcW18GxNhWwvDY=,616.0
consensus_latency,ucoP/RQCEooS3y52oF2R6oeWS92GoEKXRidKAt9N0E0=,616.0
consensus_latency,vvIVFpa6RDd+Z0odY9XfOo0JRmqtglb7h2DdtJarAbw=,616.0
consensus_latency,xq14eBStJTwPi7axwr3kJiBeAEM1ftx+oFkmCjqTUuY=,617.0
consensus_latency,3ANEWgkESOTciGpVmISWMShLBC9jTCj5ieu+fSvanlE=,617.0
consensus_latency,5kcvEDOyKz6TeXmkKNbSvhRT/SxwV7GU0hffV2okJTw=,617.0
consensus_latency,5zViQxQIHDRy9frdE/35kuXIa3jQAAfqDTjX19zUzpE=,617.0
consensus_latency,7pNFKavNXElVLgBnjOz1OsvDluABRTpln0Mr0Ss2Seg=,617.0
consensus_latency,aaTce/yZnYj65b2b3bygdOfH3lTTFEao65KB3bL8iws=,375.0
consensus_latency,d8OJmLYLj5y9IgDTrWVTXraRysMXl7uP4o2Gaq+hdCA=,375.0
consensus_latency,pXBHjb4KTw8dHJzj/xQ+HRtgcjUgLH2X/VNZgbtm/Xg=,375.0
consensus_latency,porEaotwikdUtH4CZXi4rYTbMxuLXsv7xaKCbDNekb0=,375.0
consensus_latency,29Y+H3B/58u8xdbX1IhMcFBvw9doVlFdXGbvzeZaMU8=,375.0
consensus_latency,9JuTkIMG1ahScXPQgy+gz/awbqqyPXKun6tjQAhpjm8=,375.0
consensus_latency,2OUeDGE1qEK1W8jjBglWM9bS5zJSMPeQUEjvrS4UbKY=,1957.0
consensus_latency,GHNlVO11tBvQIpoE8L30UuV+PSVqNbCZ1ru10vEDA9U=,1772.0
consensus_latency,Gs2RZcqhaZuK7h2G9C6kXeq9kMkxnImiq4gYwfEgjBI=,1772.0
consensus_latency,LgfQSJ62esZ2dJyzkOk0UaJWRQlW8Y92boz71iMDcuY=,1772.0
consensus_latency,PQlUwukF1ckEg0zVN9a1uxQAeEn6AB2GM+jRN9AMLQM=,1772.0
consensus_latency,PU9KphI1X+gmWhQV4sDPV5f1yeIm+KQMeeL82i3VLpc=,1772.0
consensus_latency,bkf27o+sSf2w3v8IwwBjBgXTSZsU/uC3JWvPJbI0Xfw=,1772.0
consensus_latency,uLAasFBZKdc2u5+I0aVNv+l/n8OY2CGQT8nmCdi69xc=,1772.0
consensus_latency,uvO4LbdAdIkIBWbbW0no5G9sxmcBbgqzXokTo6+efTQ=,1772.0
consensus_latency,3kn3rLQeRIVOcOdVTM+Cfm7XkcCS4fzClKe0dtNdIbY=,1772.0
consensus_latency,3zFxU/WdjHa1/mmh3j5b4rDILFA+teG40IDnj7XdJe8=,1772.0
consensus_latency,+/HNXk0/2I81GYSRlMN41j7oOVn62YxhnwnVkej1Qrk=,1772.0
consensus_latency,CcUhnZwQvN+E4uSAhQ9ONukMrQVwCE0UCQ3n3i0zV6Y=,1774.0
consensus_latency,G6m6BEm14Uxfd/QTTlKNpSAkjBwktV4P66qpwg4H/nI=,1774.0
consensus_latency,KTCzPM3XFoGCZLYaKjXDD7hASf0+ZbZOlFSQac16i6I=,1774.0
consensus_latency,WOPNqJR3aMmktTxFZ9efJcjwLd77gkhRmfeRk+hSFw0=,1774.0
consensus_latency,rtD8ut3rlfHsZksqiuvCO4Y9eZ4ZzKHs392BYWmzb3s=,1774.0
consensus_latency,7i78bS86UTu0eI2VJ6mvvesPrUS6pWAT+F/gkc7B5PE=,1774.0
consensus_latency,8DniUQYwp4981f/SGO4pKa8Sgs2bVRWn1xQ8t+oZ8xg=,1774.0
consensus_latency,Rzk4IB6zkUGCsKE0c4rNNmad3OYZh1t9bu1nxQ9LQ7I=,1524.0
consensus_latency,SM6pMRDx8pvARf2G+Tv3Z77rsvI/Q8Sc0vZrgaH+OXc=,1524.0
consensus_latency,UJ2GOIdb0UND9hBNCwtpSdkN3RajyDeHjd/iYk2kF1g=,1524.0
consensus_latency,YjZeVgApW/z9k3j1K/LaH/OdxKxD6UpCwh5f7K+y8Ns=,1524.0
consensus_latency,6Fmj6ic8LBmLHNsahNWi1PbnvTJRstrooE0FZrBsanY=,1524.0
consensus_latency,8FSdJWjWobLrbfCVIT7H0Aw4BSsCi0UdoMaF3TMMEPY=,1524.0
consensus_latency,hg4em87jTUikC8VM1HkR4kq+CGCf4Yy8U3Bnr6yLC0A=,1529.0
consensus_latency,wApBIcErlCP6QzJ5OuRscs9ifM5UGX7SYdyK5vuqVmo=,1529.0
consensus_latency,ytsryObO6l7qN5wYY+L/aCugtMZQal7/zNx1pGrmiS8=,1529.0
consensus_latency,zKfKReyGBfMsbeRibyM4qB0EfiiDYZI0T80w4iYw4t4=,1529.0
consensus_latency,GBWRLRJ71y3N+wsaVna49ZvrkIMcQtuKeBWRHrmYCg8=,1528.0
consensus_latency,HZkySY0x0gomsKQLheo0+t9yXgBBkn4iQTKJop5abIQ=,1528.0
consensus_latency,K09cmSNG2zH90sGUvDNpSRi437cr/t9YHqtHmbpD1VI=,1528.0
consensus_latency,L75J4qmlKUjSzzjk6zdpb5MzvKfJEoKuvVj0R231Vb4=,1528.0
consensus_latency,k7PLqC5Hc8J5Xt6JqtJq4ZPLynlp1ILMc5QJP1DficQ=,1528.0
consensus_latency,2RMjMcvh+lXElmtqi83rNPNWug0d6cbD9fELnTWXnFw=,1528.0
consensus_latency,/NqOI85vu6Hw4/FOUpja6nEPiGHuZkXVHZAz4q+X4sc=,1528.0
consensus_latency,Uv/8fCfGcnDFEZLoixr0e1qnQvyQahEzynAOV2LUTVA=,1527.0
consensus_latency,eUgrsj4ZcgPXVIl0ao0ptpTFFvtLVCUUNBr88/0s2vQ=,1527.0
consensus_latency,o/JgOgkCfE9DYSCc77jxe+erHWtOjEBt5k6rK5RsAvk=,1527.0
consensus_latency,pz9j8xJ7bFW4+BfwvGCq5QPPyUeSbZlqH6NGWve/++k=,1527.0
consensus_latency,BS8ALOu+FllcSzFWksrfkyYgCD7HJqqQ10+DwazS4Ng=,1530.0
consensus_latency,Rzh7iW7DKLjSjYPjoIdwZQUA4YVi8SBng+zCxqspi0E=,1530.0
consensus_latency,c2b1JR3EwcjdDqci5lRMoqLnZpPHXChDH/9JHqZQ2RY=,1530.0
consensus_latency,3lPAF15PpmPt6wzjf5JY6ipemMbmakpeIy2hRDl7GVo=,1530.0
consensus_latency,Tv5eM/etpT/APQxunJtI13GYJlzHbBHnVNjaWv7tPvU=,1447.0
consensus_latency,D1aSN6L3kC/1J0N372kRhIli6+7dMmCkVRog5jHA1ZA=,1366.0
consensus_latency,ENLJpfEVaHt4H5Z+FynMgwCSW9jqQeVI1yyT8L+20I0=,1366.0
consensus_latency,E//s6gY1u+j26l/xHittWKtTdaCSzHRf/OVR5Oo7fTw=,1366.0
consensus_latency,FjQRcisuzn2XHGxTGgvFMTCNSSSzOS2M7GQIi/6GpNY=,1366.0
consensus_latency,Oc4zXkdLYzL38goVHNwOKysawgSxYQetbeq0Hg1yAYo=,1366.0
consensus_latency,WVuyTBf+7OyytMG+kq7D6oPq8aF8yonkHUJ0wSclmpk=,1366.0
consensus_latency,YKpDBtVVvC6eBNIqg1gcGu+s45qhca4yTtkv5SM0kqA=,1366.0
consensus_latency,hbkncV1YYbOsA8qGMSDokc0wfv855/faONO08P/hLNk=,1366.0
consensus_latency,iZrxyXnzj7QuZRuRlEhgRdVT9ZQA1Awb+T1HARggnZ8=,1366.0
consensus_latency,jdcelFxtBP6ZZydGk3fiwgFGGZe+VgmmVqjpx9dGFzs=,1366.0
consensus_latency,nNx4JdgHnHbWhRRaCnIKJ9nYjhdUu+B/zdIz8HQ5Uk8=,1366.0
consensus_latency,o0Ya+xf8xWA5zqeMopkY0eFQQgQ/oSKEM6yFGpYA81Q=,1366.0
consensus_latency,srFIorvXneX0JW8YWDHCc1KgOjRAD2uKNYft9EHuD6s=,1366.0
consensus_latency,u0BdBTL/bmGKqPo/QaxibKXYdV0PMJzwYjF4zPJYRK0=,1366.0
consensus_latency,NkZ0ITcgDhgrGDUjXNmQg0slkGD2dBwpX0LPSRFk2HY=,1367.0
consensus_latency,UY+/rze3gHjXyfqzT/ml356qUQdP0VKdpDKooH2vIkk=,1367.0
consensus_latency,Zn+6f6WjMXk1Fgww92+/doZSjxg6BM+S3B5vKSjN0BI=,1367.0
consensus_latency,dwHOB7OPl5cuF97zjap4D5Hvl56s7KFIAvplgd0xPZ4=,1367.0
consensus_latency,gf9eymxHYi39P77QgOI9WP9wD4BRNbuWhkg0ndRMXPk=,1367.0
consensus_latency,l8FpanW/FdNDWD42TZ/banMo5yD6xM8IkP7P/QIBq4c=,1367.0
consensus_latency,rm3dcvV/9A3DkGRNQqt5M0ERwKH8LfpWDsjzyS7WB/U=,1367.0
consensus_latency,0gE7QTHE8IxvWsGxftdd/bYe3b8iB6lYUTCra5KYyFs=,1367.0
consensus_latency,5+lYCCasMr0iQK6ufXr6XhatohG/Ml8AeQVrBVb9myA=,1367.0
consensus_latency,60BvW03kx0OuC1E1x36ftBjvD7e+U/BPweN9Y6qMoqs=,1367.0
consensus_latency,8yo24pzAGdFZUXBSzFAsyuTfdNyP4EdG+t98pA4U4YI=,1367.0
consensus_latency,/DxRCKAu8PkGpIdUq4sVENIYR7YJZ+9CSk2CbYobfsY=,1367.0
consensus_latency,/87ZkyPmAo+IPjxCuK1vvdo5qkMT6YSbGdyreFfXkOs=,1367.0
consensus_latency,LDoIroaxwAA6/9WoYsYk0TyNOchluB8D6+oVRJxVrU8=,1367.0
consensus_latency,OgEPrksGW9EGzdGWEErqJ7BEINE8uBFXtMC2sFmrkw4=,1367.0
consensus_latency,d+OmsbSypiLWh4x0e6He6xses09IGZSymO+WFwVwauI=,1367.0
consensus_latency,ikq0aOvdOP7/HhmQFi+7YAVaLyf68LWyw4btzzplS2Q=,1367.0
consensus_latency,rMTEiIkdEdeFLDKedawi9b+j9gnwWmb9LOFmwmJylmU=,1367.0
consensus_latency,yWrbqWFCLB+bt8cXkPN/Ecbi261CMYRweIMJ85UQXT8=,1367.0
consensus_latency,84SclA0573GqQq3i9/+kScA5Wa4xK/CKJS49/lPqhhw=,1367.0
consensus_latency,9oy1fUF1ir2In0VdaQ+xsjW4aSl9U2+zcQLgYsZ7oZg=,1367.0
consensus_latency,OkZbkj+hWJmmyw8UVkhx1KVWCXSCu/OkTc5uKFwxV6g=,1312.0
consensus_latency,X9a91G+My/ZJ2pk4xeRI9OnVdiJdVCEmGNKg8+DEkoI=,1312.0
consensus_latency,eYsIEOvPezWErburl7ZFtY/k88jkWFZb1P9Gv7QLXAM=,1312.0
consensus_latency,eowQSp/iEegiBCySrRtcFwSbox3Pz2Qqir/zqg1iwZU=,1312.0
consensus_latency,eo/6YtnMINyegd+hM7/3tlL85TF2opUKvQCWK1XX+xs=,1312.0
consensus_latency,iFf+jrLklLL5Ns0IXnW99RdZrpv5TclufoHg33v+yUc=,1312.0
consensus_latency,2rIa9JKY20IwEdZoMUYtSTuWB+63S9bteE5Ge0b5tfo=,1312.0
consensus_latency,4HLdYQBCbbv3C9xkUEbdpfY330uYd7XHBcoQ0p7cGV0=,1312.0
consensus_latency,5u3Pa2bMOTJhIgllGFmSpYBWHOvRvIahDFiToTJTHLM=,1312.0
consensus_latency,AL9Ucxd1iPErwvs2Tpw3qaBw7JFS/pZck+ONcwmPRJg=,1367.0
consensus_latency,KfBr/F+U8b1U22k/dI/4EUHnEYfZCwWCM+oc0pA8spc=,1367.0
consensus_latency,P5mp6W25GmeoOsAfa10ycvXByyhgkd4gAZ7xuvBNYrU=,1367.0
consensus_latency,Rc4Q29v1eVOMk7pmlo8CLBrUzvqSbdylj1h5VTkBMQY=,1367.0
consensus_latency,T5Zt+yaaC4C24KvMBcf0ahoVLbwJ55iSqvD8dRcRj90=,1367.0
consensus_latency,Vvjvr1F3OeAHe1bowcX/hL3OmYZqHZmsCnMEaDzRZzU=,1367.0
consensus_latency,mDdXFWd6RKLLAfaaaCm9D4QqKltlgYvppTdv5RURUZo=,1367.0
consensus_latency,tQFP/FR5RPY9symUrmv8xxRb+RdYFX+ZBUFNzFD9Nn8=,1367.0
consensus_latency,x246e7zleJF+ccFypJAyClZdwT/OgScfaizfDTQdDk4=,1367.0
consensus_latency,4jxxaseOkvvvaN24LSID3RXEEWxKkzOUw8chb65DL14=,1367.0
consensus_latency,/sBuG+ex/P6k6OB2npnpJP6gQvmQMh33YV4n2w4Gf/w=,1367.0
consensus_latency,CBwrkpx9FZH3qrx/qBGr12cX/1OXnZTBSPO+moygZmA=,1366.0
consensus_latency,GqugRWUxFKUt2IaYjPU10j7vE2ZAMImmEwnU+bG1Rew=,1366.0
consensus_latency,SKAkmQTYvJtgs7TGeAhhi6b3OE5SD/8JTOC7izf9UyI=,1366.0
consensus_latency,UIOPB5zqF2y7BxKRDmF+oh6UL11cW43kRaLAa/wmj4g=,1366.0
consensus_latency,doWbaL+vQ/Y4WK8X83pgi61Etgo5qNDuMH4k1Eo1Uq0=,1366.0
consensus_latency,iZ0NSPM1/qmZul79yXTXaIhSTA7f4E4vrM5R/fTOIfA=,1366.0
consensus_latency,kanNKFtt91bX+2onsiC8/EU5VGllNc4p+zNmUJ+rYPQ=,1366.0
consensus_latency,pDea0gsMBuKl1IXmSnpkm9EefOB0ymJxbFxmRU4K/ks=,1366.0
consensus_latency,tJ+iTUQ9ANXLoK/0jjnBz8RE9YjDvjtrYjbaohFhoNg=,1366.0
consensus_latency,tbJfd5o/IQZew6bFSHmMU4zJ9wrDJD5KlGcl5Q6B0IU=,1366.0
consensus_latency,vbSWSG7yHca9+efL87+m6A755bLxlOzqysTPaQVKJ7E=,1366.0
consensus_latency,3scvsTZcBHz0mXM7GODnvo/akQhhEaH31t90D38NXW4=,1366.0
consensus_latency,45PHRm0wUrWaN2o3gygxUXlMdOiI0OBjWCIuPaMYZmg=,1366.0
consensus_latency,6U9NFlM6z79WrU4k5eKUPr5vquKzNpqV3tEPKg9QiV0=,1366.0
consensus_latency,/fq/XIOxX4xekBclZeV4jwxlf7CJit6Fpf3l1ss5TrI=,1366.0
consensus_latency,E+7PhxSYhHQEnyLBXoErz8wYDQEVHlGucJcaUIELEhQ=,1365.0
consensus_latency,WbbDei7XbkJeeVM17o+Bm3rDsQp90eli6Cv+ZRLBa0A=,1365.0
consensus_latency,c5yqwNC2hLuT+vZWBv8X/mQ6MXsH2NI8mzsuHQgbvjY=,1365.0
consensus_latency,f9tfFYYXGn1brgSak0aiRrfJkGz1hxyOfMn6qMwPhZk=,1365.0
consensus_latency,l7wVutAL0IdCWTgdiW/Bs9rMEkrWQjBKJtGDHS82NTs=,1365.0
consensus_latency,rg6TFENCUifFESSb+rdbdkcjo4ni49bE53kTrfcCwek=,1365.0
consensus_latency,w5ckZb4yk7BtcXGUIzDSJJgxY7DvRq+/TwFluNtFUXg=,1365.0
consensus_latency,1A0vQLgHeKmVKR5s21kcsDW+jga3dRohqiIxJ0WnCi4=,1365.0
consensus_latency,GlzoIBZiaChrapLko5mq68HZijPns/bypnZwZquLquU=,1314.0
consensus_latency,RU8LeDmkQKRBQvD21KnCofK0Q9cntxMzyIYcQN/Rt+A=,1314.0
consensus_latency,UIElUoz97fnR12HRsRS2bSRP7uijasiJBjJIziNTZ4Q=,1314.0
consensus_latency,c78kVQ935/n7ZmzJc2sXemDfmxG4VYSn3AW82pfc2hc=,1314.0
consensus_latency,kIqrcJ3kxyxlpyazLkSFwKFse1ZGwwQnnf4Nc2uiZiI=,1314.0
consensus_latency,m+F8hhb/8VQwF++p3El2O5buyD6/qi3wExcFJLaSFSE=,1314.0
consensus_latency,raOtSAJomnthzZOil2ck/VWyLh8z5eg4dm2+Sy2kyWA=,1314.0
consensus_latency,1RvxI9WI+unf6pzPQh1HETIA8qcbN9ZQTfzk8RtW5zM=,1314.0
consensus_latency,4/u7FyKUcUKmzzlGSKzR/fRZjFhPCvrTIirBoI9hQk4=,1314.0
consensus_latency,9fQmRmft7g5+WdxO84JSM49IOmTtY3q7DbAiZqRNjPY=,1314.0
consensus_latency,BjUjpp5cYnFTnHYjhFU4EaRsOlxdVYDR92whiKfc8Ek=,1314.0
consensus_latency,I3xurdCclOScXj8RykDDvuJUokaAi4bgKuTDYeoi4bE=,1314.0
consensus_latency,MW/1cDcDpOTSaIK4PDIEcB4Q5bktGHWMJxKtZs3c410=,1314.0
consensus_latency,O4HFOdqaTCg+PKirKHVPw1FI4oS680LMt6nl0J4tQJg=,1314.0
consensus_latency,QzKko9V3BmASfmA75FcmHajDI2v+/MrdkAxUnbpSWjo=,1314.0
consensus_latency,cMSxY8B7bhBAAI854egUwjUX0S3oYxIHt8N+2QTJWlQ=,1314.0
consensus_latency,oPE5vOidCj6XL5TLJMgoDtsmG02NXnT0zeCTQSOQTY8=,1314.0
consensus_latency,yg1jgi0JuMIEOzFYnVEKCy2n7T9s80HhQGs88K9bbmM=,1314.0
consensus_latency,zae/aJz8etoRB/jf2CT0X/fMHjTeAWfaXZbpT/5Dkxg=,1314.0
consensus_latency,16h7r4hrLvrgpdt967kiIGAYE1dngI0huBguDnGygCk=,1314.0
consensus_latency,21UnDpILUbGaTbXvEgDXx+zRi3PtQ4QyK7UCTtNypR4=,1314.0
consensus_latency,36FCczn1VaOEfRCj/o9FCsYQVCh+5rUXUnaeh51YqDU=,1314.0
consensus_latency,6h2OD/LBRQNutYnhiKnMweiO6nBY4XqQmfBRMDrsamQ=,1314.0
consensus_latency,G+f9rGPj2bTxWqs4rsRLltwu0cg1DjZTulPeQa03uuk=,1286.0
consensus_latency,mBHm8xf6LVhTquaYu6A521PdFpH7XuSmZ2+uR/S9dU8=,1286.0
consensus_latency,u4p0fps2ePceKtgNzvKyq/K0quEPPpUzIgYY8d+gjN0=,1286.0
consensus_latency,2ICOXv3tGjriM0j01wtEZNxiKLL6IigRvggSPN5a7eg=,1286.0
consensus_latency,3VH5MMuZZe7P0bbsg4PIR0FS345AV4LIexzK1BJOhUk=,1286.0
consensus_latency,+Wo51FtHRoKpGqCMCWFYAFc45KPy9R922+bRzXJQztA=,1286.0
consensus_latency,FH0iEgMec6YhN+xRb5kbmpQnP8IgiPmeq5yqvObfPvs=,1284.0
consensus_latency,e7JP0QhqggxUJfQRqcClLhRD833C/uZ7f5o1LXpj9uI=,1284.0
consensus_latency,1AthZDx8egDtyOLl8syB5dvvD9EqUBUFBGxGCLOjeCk=,1284.0
consensus_latency,HwKI7AMqRZPGSJwb9L3GVqK6IfMdoTHS5/VN2+pnLDM=,1286.0
consensus_latency,Qk6LWP5LNPeNGlJjpRPU3yPjuXc7u9wHS9ITPxGLOCE=,1286.0
consensus_latency,ip05DrL7BUOJLuUgdwIT1Vrd9AAo9HdjvX5UQf7ELJk=,1286.0
consensus_latency,rargC4cPUVkpIrSZRIgAhy7eQdg1eRiOg9XTZk0VFrA=,1286.0
consensus_latency,9d66ZId+/Woh84J3bWUG99F6HEfsp0W4nJjeRpl7EXs=,1286.0
consensus_latency,BF2VKuI7pUAXYGRN8ktwKQBIivBAWgSlchukoPpR3hw=,1285.0
consensus_latency,Cq1WOrKZ7FrUeFCZ93GtimQtpdPO4zk8KsEaKXfL/uc=,1285.0
consensus_latency,NWXyo4V7S76U5f3ETZBnAC8KAdbvA+Oh7fDoe0BWLgc=,1285.0
consensus_latency,1wr6tMwVOjoLLaAHn0LQOfcLK86sYf1nyUnrHPgJyIE=,1285.0
consensus_latency,M7PwtRZsc09748ndyzULoXPQqdn6TEMifTky1Dy8poU=,1285.0
consensus_latency,NQYsf5m24hTpIfJwTkHIC2mVMxJ8zGfPFmbsfaBUU88=,1285.0
consensus_latency,XN95mVAiGNVzLMvMg3Z8UI/KQw7cjM43/d2bE1HV51Y=,1285.0
consensus_latency,ipm9Oi706NXDbHIoHutqAqtQtohN8FM4hZa0j3w6zxk=,1285.0
consensus_latency,vZ6Rhuao0hLbxLpA4fk5nh8bQVKLDKF0RWSGZQkrFrw=,1285.0
consensus_latency,9ZCxPzwtHf65u7tPF/fKmnn1eOLVItNkBqL+B7YikEU=,1285.0
consensus_latency,DGAZS3dNOTDmHkr6bMdraq50rFp+hkLIGYuRszOmljY=,841.0
consensus_latency,Ji5FuEmIfu+C5NgWlWvaWT0ePlWindKPJ0tjjWg/USk=,841.0
consensus_latency,K+svtsodB7PuYonI0lSbCLSD0H4tBaep/NAQbYCdHqg=,841.0
consensus_latency,LpCrO7V3qZpooXZ4hI/f/A0hjN0IjidT1p83DYSyXS4=,841.0
consensus_latency,NWm2EnrfPJV47gWBxB5+qY1jkhA6BE+UiW+VgrDXzOk=,841.0
consensus_latency,V2VXIHpQ+Aq20YnigBlQ3YfCe4fAoLzbg0AH8c6D2m4=,841.0
consensus_latency,WvuEFM+bV6KNC/G+Y8mPoBHCc3zL3vW1NIGnSQYRhRg=,841.0
consensus_latency,XMbe14Fiv7N81q3NaxUjs9rrV4ArncsRtX6f/q0SzMQ=,841.0
consensus_latency,dpiiOe93ZqVhoUoVHEYasmrgYLYP9uVphu6SbXhwrXs=,841.0
consensus_latency,fYNME7YBHaER+i2i0O9llLRNwwhzHy3bw/ofBL9mjwI=,841.0
consensus_latency,mQv+nRe/BOuHV0xqSTNxBQrtxTvNIlCgSVRpTl+HmKU=,841.0
consensus_latency,oRQLk3dy5vfRCsN43sDpMk64/y7PQQaf0Bwmf6psekk=,841.0
consensus_latency,rkJqBwp4Mj7QkshM0X5hN6NcPQZ433XA8zQ+Qh8AB+o=,841.0
consensus_latency,1yxmfQ3yN6BdL0ztEH6SwNv+FsXAQqmQ0RKLazxDFAI=,841.0
consensus_latency,/6EXXzvWSoafq4iSM60hxsrouG8XWv0Gjx/+lgYnVVQ=,841.0
consensus_latency,FI++NT01IaELe8GSwp4Ad8BEK5x+Fy2LKFYrxShU/ag=,841.0
consensus_latency,MmMH0v1zZHJrZdpaGfV0zZ0KCMVM8jRNy6yMptfAaXk=,841.0
consensus_latency,U3E/fpRipSEWEokH+aTe+PpW/ve3bYSGfabJFBBwnvs=,841.0
consensus_latency,aa7YLX/d8uHKz0igYuhEJB0cuZrHSkM5ZUN3+Z22KSY=,841.0
consensus_latency,k1jFbshnkCn0vEoQHkGhGmq6PlCdEalOH3m70idA1aQ=,841.0
consensus_latency,l7CWV1eIzFoRIvySSZjOZ7r04yTzQuHwg/Vh61Hhs08=,841.0
consensus_latency,yIs3mI9Brg5iwg7fIttUrVyIb3y48EArdU3lzIeoDSk=,841.0
consensus_latency,65XpiLVTZH/KnVsL1hoEryd2hi0BJ7uF6RKDrsEVtIM=,841.0
consensus_latency,AGkv+fg/3qigBA7XEgsxFN5POHkdpYzC+2TjSQn35pg=,841.0
consensus_latency,EQbgdddaGv8AAVk18cvJ4v05A3r3KE88WWv0f1HGfTE=,841.0
consensus_latency,Mxqpm3jnzwRa0EPW4B7KY5uN5Z8pt68tUdp9EhrqeL8=,841.0
consensus_latency,Z/cntmEF1o1CJcvURS+N0bWsI2cprfjFTSk5mue0tSU=,841.0
consensus_latency,fM8/a+3mqOonSTuU+QDwFCjRFX3W3uIDnxxCdkBFVm0=,841.0
consensus_latency,h3f88FiX0WURB8C5sjJNeyxPfGIPTb70t2oBjAZdkYk=,841.0
consensus_latency,i7v23ckC7+YkdDIbeTTsl6FwE9mwGeQNzKmrTMKlZfw=,841.0
consensus_latency,pTcVavzXc2g6TLgPPIzXvDIdLDJ+1riXBp+5N4bhUQE=,841.0
consensus_latency,qbAEzUFMG/lOX34vLpyyyryg8m7ifnnIthTt8CWovVY=,841.0
consensus_latency,v0Ht0A7P+Xkqz5LYXy4Rbk8GOBvYnc3PTdviriUvRgM=,841.0
consensus_latency,wNw1MpyGLsEi/FvdzHwJX2f2WVw/WRSTFo0bPM0zKvI=,841.0
consensus_latency,xGQeXUBQodMLVumvKBZ8Bq0uPkeQF/w/Ner5OIdTRNw=,841.0
consensus_latency,zsSvIByVBuBqU0vvIgKwmfuYTmiykb5YtZkzqpbpKDE=,841.0
consensus_latency,8PXdMdODP+93ZTrePt9WijE4XzjGe9335CeBlkfcptI=,841.0
consensus_latency,+KBCSt+bcmNZC+IRLovPcf8QtViPP/brgEwoIcgH2yU=,841.0
consensus_latency,+9A5S44FAtlzyJ1HCvS8yRvjUJgzYFtmoo2DWKY05e4=,841.0
consensus_latency,CUe2GnFW4Sg2LFD8gNRilt2ZRGBfDDNINpYflwY/dJc=,753.0
consensus_latency,F4c7jqZkYkZ0/UNqVBljX6Uy7tOdwWjj+F2hJWvtXUU=,753.0
consensus_latency,Hf2JYMNPMYFq6fCWHqVCN8XO1lrAoBfB8EoxGgpormY=,753.0
consensus_latency,IRBT0dzmzMOKBTSunhowPPnX8CocW0HeM6R9xCbewM4=,753.0
consensus_latency,KIw2454LBSvXk5BaoQdEXnbIG7VPMSTrlXSb5xn7Wfk=,753.0
consensus_latency,OERXqhScXADpOTAGyBxC2E8ZyUA4n9uQnCYNs1YLw58=,753.0
consensus_latency,OtYV0Km3ij32n+hMKU70p+5BqHU08Rh1eg9rQUd4Zcs=,753.0
consensus_latency,U3tQPd3j1llc9r601cam45NTCeiCPWxNQapCCQElGZc=,753.0
consensus_latency,Xz/d8NG7iQTdBZwBsYbwHi3GAZ8Lu/yv/ltCHYhGEAE=,753.0
consensus_latency,bKzpaV0z9ykEMGTJRpzXjcOcOoKNpIfFM/VBzt1mF/Q=,753.0
consensus_latency,lKIJ63TrHUSGG4fblDJy0DI/N9IoOzIb7oMk2+GUOGc=,753.0
consensus_latency,mDT6UEwyMMTVOToKcNXZcDhIleP7fGmJiIaSFZRZbTE=,753.0
consensus_latency,mLoGJTfGz239K69FdwmcZWhT21vZg/fqm4yuuUvS8pI=,753.0
consensus_latency,q+bi+0ff2bYQpuLc1WPs0hjCF4/psrC6GXudWeOFqDo=,753.0
consensus_latency,uCDdfXTxNGA9P8mlO6oI5hH1vC5s+okYccpToGeDSE4=,753.0
consensus_latency,uqXb0BKcuvanxEGZzUCwxMaQHSnDphr6VdVeAsWMFTI=,753.0
consensus_latency,yVSOCAbUNx2t2kmdonQBpW7eNGp7BGNX3Xi20I3SAMI=,753.0
consensus_latency,53o59RucHcvI5vOKaR9XWOVI6Nb3WTdEPGG3moQ9VsQ=,753.0
consensus_latency,6cNpq+qiUkkMq9dKCmHxM24i69bc7Hb91NRRs9pDQsE=,753.0
consensus_latency,OnPi20oYsUD47YWr9GpdaUGUDRvCXUBAAMUh8/skcY8=,753.0
consensus_latency,SPselUzQqulQGuiIuKGFNH+C3PY7rqra9AYHtWndDhs=,753.0
consensus_latency,Zf5wxaVFCxnDMoZPouNU5gNveOmz77JZ1a+bhQWPtIw=,753.0
consensus_latency,anmH7mneN60jtwkhj2V3tIMSHzsiuR5PfkbYpA+KQIw=,753.0
consensus_latency,bLRIQmB/ZlxMiVQpH1zz+LI7eMnh17HckpwwasT0/Bg=,753.0
consensus_latency,dc0nBm2DMbRLLrrAlI8KxRGB8BBZD2XIYXXmXxUBCnk=,752.0
consensus_latency,xobg0OnuEdnSBC8ZXM+W5w8+dlGIIt9O5JYUY6I4jMg=,752.0
consensus_latency,4KerZr75CxXQMiFfDivMOGWurRB1l0kEMGdTfvl8/fM=,752.0
consensus_latency,hE0tHO/yFIYRix38G7GuTbb9r2fGxKJKOnnBPGd7PUE=,749.0
consensus_latency,hrBifdAKHetkz/av6KDwZUngUWLfNILI/hsMQpdAHJ4=,748.0
consensus_latency,Me7grNJ8vtnoSGJXb8mVsruSzCmnN6Dmi3glRokcgsE=,753.0
consensus_latency,Mvs3UrHX0zthLNuk+3zbRoE3uqdD5S8yrSOWTdTV2+E=,753.0
consensus_latency,NF/qhFWx60EvDDu73wf5Szy8HCXylGXXzAJx6SY+Bcw=,753.0
consensus_latency,WuyIfvli/b2jNy1mHVwM1sAEbVIeISWbdzW3aQ/FK8I=,753.0
consensus_latency,elLNJVfTkXcZJPK01T7E7eI45vHr32++bWKpk3KdAzM=,753.0
consensus_latency,qaxNiKLskfKK+2gbj1cFrkstTpR7deWP/No3ejc+RMw=,753.0
consensus_latency,rT6DoXRWif7NQYB+7iDtnHYLwxFudeUostoXzyt1Hdk=,753.0
consensus_latency,FEOvD5pRjrPHEymKLFO3TO7lUh495Av6A0EMuzLywz4=,753.0
consensus_latency,GKXE2N+CYZ2HRiCxA7P0eefR/B0MvZ3ljanl28mn1YU=,753.0
consensus_latency,PeUwcD3RzuOsJ053n7dxuHbTefT2Lc/h87c7C8vEZzk=,753.0
consensus_latency,QBcMOrOK6BkbKZGH8X7JvRI0n8A4pkDh4n/EaoiPDlE=,753.0
consensus_latency,fzdK6N4sR8682B9vVPWxlP0e3/mOv8uht8IJjc8W+nY=,753.0
consensus_latency,iS0xYvxjmf6eIaZb1NTgKB9ti7ncYrnS20KegMWmyMc=,753.0
consensus_latency,lvEIU2pxcjAnrdiF9q//QwkXcXnTAr/ECsR55yesrSM=,753.0
consensus_latency,omTOEty2rNoJHvYIr3dTPBEXdTqpm/Y90SqcFumqaSE=,753.0
consensus_latency,sQ6wu4R2gKmn+mwDI5MjlR6QOWf203C9K6lHrd0rGmw=,753.0
consensus_latency,30nN0pNKsZkVgNOyEzYljvvTH1NiiDYPrQly+eFYa2A=,753.0
consensus_latency,6H1eEMwQqwqiJzV7Tf0NM6zlsffXK9GNLqHsGX/dAiM=,753.0
consensus_latency,8ohFcyPYA2ecNYwTlI+VVLObeVM/SrcqqGmnkrJ+ogs=,753.0
consensus_latency,D6I8ruPr88a7BbrJXzxbCo+bpC2y+f6UmwUjld/2z48=,751.0
consensus_latency,EKUnP8s3qm/6xTUspMY+TEMr0JYz1i053pQn9f0VFPo=,751.0
consensus_latency,HxN+6HTuhzR2l8hwSgN4EjkDvtI8xiZkDNVr30/1HD8=,751.0
consensus_latency,J+HqARAE4K+EPFjj6Wqwe0SNYcA2C4qNfAvZQmuD1bk=,751.0
consensus_latency,K6kFM8Z8VthRuk8c0hCkm8t2edTBqrMZCzO59guOp6M=,751.0
consensus_latency,MHlXauKsfoElNY9OIwmj+oDFnNaaExX+Xh3rn9pucpM=,751.0
consensus_latency,MIK3JYS8/GtDbObCkxI2p4YX6ejW9lqvpqvUy9R+Zyg=,751.0
consensus_latency,Q7d17RVBnsrTPIoBhlaWWoSQQ7CHb9hnfwH9ruHEff4=,751.0
consensus_latency,SFS31Gg2BB0YVIdar+Aeuk2gSeZZdA82y2NdbuDiU/U=,751.0
consensus_latency,Tzb5U3EO7yxTg1tC5AQUnMFNd4QzMgl+IS/yii+o+U8=,751.0
consensus_latency,VRxLqTlcDWu/tVi2LQQgUjTk9iWqq8xtVjIAgJQmzCc=,751.0
consensus_latency,aMr14yPjKWzuNA8pVzZVMdHRtVb2Ad4UbX2Pn2vAPlU=,751.0
consensus_latency,aoKBAOOnIlwVTriVzfRhCasydEqWerCu0V+O3fruQXI=,751.0
consensus_latency,duqJRlJfZjuBO5lEuIE+tiI8xq0ZupiVjxGFPjRJ0S4=,751.0
consensus_latency,eaC0UKOQnzweDugFvZ6wG06S/hznbONW2OC2dYMtkxk=,751.0
consensus_latency,gP1oa8DKsVBXXVMDJosI/qC76GAHOiFVAo8BXPNf4bI=,751.0
consensus_latency,ggqaLvv1MSmpYjE7DrbjQ5sHcVRR/3BO3uO+Du+OA5Y=,751.0
consensus_latency,iM7KZ1kCsiFsOpcw/GH3sgHoqB3hCikUun/Wq2CClqI=,751.0
consensus_latency,jPMsXXZ6yGUWzHiAz6Wai2iaAb/aV0qQoCYX77/0KiM=,751.0
consensus_latency,jWGJW/1JzCazbGkYU3zPiN9ratitu1mQtWsbqAZyzzM=,751.0
consensus_latency,lbfrd5dP4OCFOx4cuGyIScaKEUPQNvKfPT9QFyiJA/E=,751.0
consensus_latency,rbPIEFL3YGUEvxHmNEhez3s535t3kaaaQ0kh0pN35CE=,751.0
consensus_latency,xNT1K+WMy7Qd2ecJprfE72yGdyZyA0SvEWcoerBI9nA=,751.0
consensus_latency,2g+H7eT8Q+xfX2WG1Jza+mnYyYPY/lszzdxJzy6iGlQ=,751.0
consensus_latency,3fc4vALiN9o1bxZaetP+uxr29GIENwNfo89nL5o1CQk=,751.0
consensus_latency,9X4C8sfLzbv7gC1zkmfO4YhsxMftl2+1yepUte8zCBY=,751.0
consensus_latency,/HdjcNJf+iCOziLZdSMpbB8oyQcnw5vgp3+3Okogi1c=,751.0
consensus_latency,/b9+Be5k/hh61tVBlxsBEQTMyq6l3Z060yFYf932fQc=,751.0
consensus_latency,Msgn0FyuAHMTA6X5iLiYY4B9ITn1C21Fnv/LdVoI+2c=,486.0
consensus_latency,j4rJUuU1jQnT1iJYJvD7hJFHeIbsIyltuVcqObcGeFk=,486.0
consensus_latency,s0JlvR4WZOuFRz9BbxU1dmHhqgCkmw1W8cYCi5FLabU=,486.0
consensus_latency,zH+/H9aCUdaYKyuSQqifYLO5IS4J/NnMXh6Lr+f/cYg=,486.0
consensus_latency,4A112Xb924F2flzLmWLrfJp7t5WNa6Rtnk1bgF4gf/U=,486.0
consensus_latency,QzPO6TFRT8qUbEtgcxvLehnE0MshQuMMVgJXvcvB06M=,1690.0
consensus_latency,UKMSP1UYcqfXEJVjK/eEjrqqCblk56IG6N7vWOVAdxA=,1690.0
consensus_latency,1wjWYfWpCFaBeoDmXcBPDl7a5jwf5z/BIPqZOlYqmWk=,1690.0
consensus_latency,5FSPw4900XnRMV/vBxEm8hBggHRtmtrNRdoiU92qkyk=,1690.0
consensus_latency,5XeagXevUAcZdYdTsNEDc/IZYQzAIWXF/I5F65QkoO4=,1690.0
consensus_latency,D7Rouh5AcKRPQKTqSYUtk95Op+4w5s1rzl3ScPt7bds=,1721.0
consensus_latency,TfqCM7weAyHr5/gBuynD+XKW5mtBXAIN0hf08mQ3tg4=,1721.0
consensus_latency,Y94TxXBSwZ83907/ETFsrQRUnOWB+8c47nfBIJ+KcyY=,1721.0
consensus_latency,Z70dA8YzXPODdqKg9+IBfI+hf6rlTf2MDblU2yCBBEc=,1721.0
consensus_latency,cZiLo+e2oYoNdFRXy1RapKM3/3pfJk7vrI7Xqa/RlVY=,1721.0
consensus_latency,deyPbTzwt/DQ1G1v9RRYaNcxl8IFDZAQZgIoZQE9oDU=,1721.0
consensus_latency,izqzU13pxuEsDfO8QDYSSMZ7HHQxv2sh2zeoCl3um3s=,1721.0
consensus_latency,3s5X7cXEZg5/ZdCaYGMG8/zaV+WhBR22Fnpweacryo4=,1721.0
consensus_latency,JoA0SGwKmxST2D8WZ8p35lKG8DiIR21uKU5v3iAxcVQ=,1428.0
consensus_latency,K60pbw3ev4GGqIgW3B7oMJSOUYBqFRzWh4WptnD3eIY=,1427.0
consensus_latency,w/i8YA50+8mUyiyJmy2wM8o60fGvVuWUrlN+dCOIFzs=,1427.0
consensus_latency,Fqs19ah5IwY2JalqFlMnG56JKhr4jvZ0yqVsm7klGjA=,1451.0
consensus_latency,GtAFD4HbfQLdzcFVmT+mINlWvyo7ABzseKkN6xUU51c=,1451.0
consensus_latency,PRQIWWfu1SiwDFBVoOay5sDNk6ZY9QSkOzMN22BXxcs=,1451.0
consensus_latency,2asPel+twnppRIaCoFZ0OtkX6wdnIFUBirYHAfPcEGU=,1451.0
consensus_latency,9ZVO4Dfh83110v0wqK/kvkG4cjXns/FPBMpGFpF+oUc=,1451.0
consensus_latency,AcfvMM4Inn7JAiC7Y+AfvvN7hkDB8H2ZbBisLpKV6t4=,1426.0
consensus_latency,VB7ytB1afn4RYN8fefpZGBR+661ITeNu0ST25av/9II=,1426.0
consensus_latency,dyAwvTF1bRZEfWVbmOmm6zvzwBp0A3XpA2xntARmufo=,1426.0
consensus_latency,snBcR3IN9Ywa/ACv9ur8acDkxEvfT6xe4H4CN4Wu8V0=,1426.0
consensus_latency,4DgJVDrh/nj0Q1k4PaWZH5HsKHCD7Rn27xiff8ZpSGE=,1426.0
consensus_latency,+MQdmFEKxu67duMQlWWRkjewlGVvq1YUJWNiSIOA1w4=,1426.0
consensus_latency,BmS+WXdDOiT/tUwNriah5qyTZVwLVpo2Lb/hDGMh0ik=,1452.0
consensus_latency,Eqp2157g8TBSH64I7UVuxndSNg/F3A+tbbAqVaD7cPE=,1452.0
consensus_latency,HdYXB2HmT5xGExgRsBAopapa7WWvkkxsSjBfK8WiLg0=,1452.0
consensus_latency,IZg2GPdog+hBfbevsIM16FpARBuUFEOkx5ISWBtC/h4=,1452.0
consensus_latency,JQSzf8psGisg7KEp2e7bViDHN/OuCeeMDPRSqkG+p84=,1452.0
consensus_latency,JvgkB3mlxGdK2fAlMyyYHCphiADUpSb/XaJ9fkz9TaI=,1452.0
consensus_latency,L7S76xYqgVE9Z6ae136Geluu9BwTt8ab+pUoQQDws/M=,1452.0
consensus_latency,MqpOTGIfZp+SSW97mXIRaO+ETT/o2aPCeF62MU9KQZo=,1452.0
consensus_latency,QzIJ2eww4mQqpHLwD3SsdoAcVphrViYYOSYwU4luB4U=,1452.0
consensus_latency,TW9n4umKZiui2yKC+uC2VGhIzoyMZlhkj4+ModY+xrA=,1452.0
consensus_latency,bmJBmp7lzRJlEedCb7JLrVojQ4lhHPEES004qVJh73w=,1452.0
consensus_latency,bp5s/MnTNd8aqMuVArsolLB5fDCZwL+tazQWldF1KqM=,1452.0
consensus_latency,flrknCHIJlHVLbum9na9aBzRc0bieT+fsaHSzcaYn6s=,1452.0
consensus_latency,hv+ICYNqamM3KqLGeYaX94V55px+SywkP94Q9SDgxIQ=,1452.0
consensus_latency,ikFMGo6n/5z7LZvj+hDCdqlfKAGJXUEZyJqMdoZydvY=,1452.0
consensus_latency,j9p8RO9LzMYeKX0vQHtfrL2hZ1COTjX4Xpxjc+wYe7M=,1452.0
consensus_latency,kkqyzrxsIa4eZvI1ScA+DHrJBIBb5iP3TQOjpaEsGE0=,1452.0
consensus_latency,tzZBuRwRPuy9LXYd90xrTY2DK8cDxcE+s8UyFqj/HPo=,1452.0
consensus_latency,xBRLuccyaTAtFtwrNO6xxtdb+WD0vgef+Dw5h5IWnbg=,1452.0
consensus_latency,5svyrFG5OKPPZfBv39sP/+eBWLf0EVzyS8bYieq+mmQ=,1452.0
consensus_latency,+HBd3wX0MACcD53R7vTx3JEVcrG1fDQwnmjTtm+WvJU=,1452.0
consensus_latency,I2XuBpgNxwIe4XjFxeqJAgHevY8Ap7NoshUJgTzxKy8=,1428.0
consensus_latency,LdLmd3vfmNEO/h4580F1BD54TDGMxKWmx1UC7uYuejE=,1428.0
consensus_latency,LmlTuIOxErjZpa55j3Qgl+gFTdBWWyoBKf+ByN+hM1A=,1428.0
consensus_latency,LxN7ygwe1vKaB1vKAhZXfZJFOuw+KZQ5Acn0y1ra1jg=,1428.0
consensus_latency,PNbLQXDB8OP9aSEO4dTCHI47/ix7kCJZHD1mXv/xWhY=,1428.0
consensus_latency,YQsnimKlr4jltVw48QPiUQY0Oz0I7EMnoWC4K4BYZQk=,1428.0
consensus_latency,gkfJr8cBN1RmGpIqHausdRibXrYvEvEKFpTGzzWBTv0=,1428.0
consensus_latency,qcuH4qeRQV14mzZGRFZ+mxYzivMbFW7X79U9bI/PE0M=,1428.0
consensus_latency,uwQTCydLOnK6jCBOmrm0OwDG+ZIiC07kJa3S5wpHUqY=,1428.0
consensus_latency,6DL5Ft9vS/WqqbTyR+YZdgVatkOQlbDmBKA5gbTCEz4=,1428.0
consensus_latency,tTWXCLjvq63UF9oSIGm42xZAMXZR3tHjWOr1eHL1g4k=,1455.0
consensus_latency,AqJeeQ6GzLDJpmKp0AA3L2xDBn4s00WzE2xF+xxX1GM=,1266.0
consensus_latency,CvL/H2LgAIOsbwl6sLd0cAtLNMnTrk1BakL7FS58ueo=,1266.0
consensus_latency,GaOp5J/9/zbaz+InAzln7Z0pZdA+h+mrSmtWsUfswnk=,1266.0
consensus_latency,MuW1hr8WHGr5+hEAiFn8MtdKi91sZwKnBIMgsX62VZI=,1266.0
consensus_latency,TqabzD2bePfv+GVi0wLH8QT8GMZLHgqUX3tIHnw2Uvw=,1266.0
consensus_latency,W343RhF/RaOhyWXujkLDmfxncWA5Io54IkX5zXGzarY=,1266.0
consensus_latency,Z6lkORgwjJU7RLCbANNcVheTf4Tk6i4mkx2jyknTpEI=,1266.0
consensus_latency,b5do0ns43cUxBQN27PY4Y8jLg5Rk4M7wI6sYkJCX378=,1266.0
consensus_latency,etA8EUdAnBZIBJhXKqfKurAx1zpFd+2G+wCxkQHIWSs=,1266.0
consensus_latency,g8b0umLFecdYtEBmisQMvKmo1F+6corynqOxIQNb7VQ=,1266.0
consensus_latency,2Z/61di5BvuB2QF/aWnZFtP7l+oA8KQbu4+vBPANkPk=,1266.0
consensus_latency,4q/lvJMmVmfH0bokdaf1JdK1XroqzCmJ/TowQAxLfSg=,1266.0
consensus_latency,8Bb10qf7xygVNVg986dHNSVUoCefI5+tgyjPDpgvrGE=,1266.0
consensus_latency,Ad3f1RsokH9g2ozibPJ9vqWG5LOAOKPJkZrCpZhb0F4=,1265.0
consensus_latency,B7pRhS4dDQUfs7bEXdlR2CE35e9tSA6ggIU1JabtrXo=,1265.0
consensus_latency,Cz9fdOe2P9dw8VRrNLK/Jw2grDDhUx2y52HMxRbrIzU=,1265.0
consensus_latency,IZfDmOYof4OUNDt2DhDUzLI1Ki4XMWl1uBfB6qAg9qE=,1265.0
consensus_latency,KdhOpqPx5KNU/s+fUIqBR5MiIV6jYMjdyv2p3X0d8AM=,1265.0
consensus_latency,L/K9o83D3xo6xcCCbCXzKGEv4Xt33Q0Z9KE00/3UTQg=,1265.0
consensus_latency,O/YiXWtO2eYu6nNNW3CrqIKvFYNgmP33IsoJZREz6zQ=,1265.0
consensus_latency,PuqJpOP9rY2/w3kTNn6MygNCaOfNMbvSn3zdDA38VRg=,1265.0
consensus_latency,ZqBY8pXQKRwHmE0EqhCwLns7nU0Je/bWAsbWgcjOgAg=,1265.0
consensus_latency,ZrQeGdTfCgsSqpBbK8xrDZmCeCOfzu1EYiTy2cl2LeM=,1265.0
consensus_latency,Z8900EQmMfTKSRir86TGIPMt54jM7lcpdsrdUb+OdAc=,1265.0
consensus_latency,a4g5Nau8fBbbRJFa3KKmaXxE1p26D0wxpNuzqaSeGso=,1265.0
consensus_latency,bJTOwG2ZtVsZPp1TJYujBWYH/xPoNGJ1nWZ+LP27WYw=,1265.0
consensus_latency,ba/ZO1nUt15koJfIBsgi3VVPq0sFzC5zBpiypNuJNQM=,1265.0
consensus_latency,eQy9y1sfRxpewGEGaVdrlp/cbSuldhleJ92WBNS6+1s=,1265.0
consensus_latency,ebe/s2S3nr+WWo2dJFWBxoB22P8TYHJtQbVRsgmimBk=,1265.0
consensus_latency,h+y9/wkl5ZK7INQscYOimEI/wN5sLSBOZ6QiI3IjzrM=,1265.0
consensus_latency,mJiHk6TeMrdh+IDwOt+q8OwYh63j8s/4xuj/xYHaPk8=,1265.0
consensus_latency,nZKkuVrgbBg3IRS3Zr5GVGxZUTL236UMaAU9dtX7goQ=,1265.0
consensus_latency,qB3+xI11cC3LEi3oL1MsSS8bd46Av2ivu753Si8JqU8=,1265.0
consensus_latency,rWoIfYfWQEH8ohqoopsUueROTOU/VIxdNow6epTnrLI=,1265.0
consensus_latency,r64aQFvYxdWpjUwI0zhipH/jKAhIc9AUbK8D7MnVYGk=,1265.0
consensus_latency,wtY0txBu6HFhK6+VRkjKl9oCUsn41hW/IG2ZrlieuBQ=,1265.0
consensus_latency,ynKLOmKuC6fZdavhmx4zcmHeVkATMiUh0LrZhxhFvNQ=,1265.0
consensus_latency,0g6UGjoayU+dSWwnIww6bUE2vWPamYzwDcW5NzrK/ys=,1265.0
consensus_latency,2oX0P9fw1M9Yd3JpWUaVFjSkbjNwgfI6uKp47vNHuaA=,1265.0
consensus_latency,29JO9yqb14eyqHpuj2CC/fAQMAYqfUZDSzNVRnq3IW0=,1265.0
consensus_latency,3NOCi+vND4M8hOz+4rO5GZXNSYSDX6vqgKWUq8o6arg=,1265.0
consensus_latency,3uSWJTODKgeA2yUbVgBtwnvlG8IhYP4+X9CafHfSmMk=,1265.0
consensus_latency,6PsFAKjL5IiDssGt5OsEO8q5L10mmtYv+nUZeOEwFrc=,1265.0
consensus_latency,6p4Ds8tYugyHEfOZaXVUpKYr8kCo0Y9fe0wXRD3+zLA=,1265.0
consensus_latency,9h+1EA/Bb5eyAtBE54l1AsMmtS9uRWFNNWrRG2z01kA=,1265.0
consensus_latency,BIRIT+LeW/N/pPlah2aKA2sk8M8yCr7SO08IF+4Aztg=,1265.0
consensus_latency,Nklo3peZGKnnniHm8MAqLnS1IRZ4ZA11G+ifo4DtJvQ=,1265.0
consensus_latency,NzX+PB3RIGvzJduUHY2y4SYCONQPDaALLaAHxznv8uE=,1265.0
consensus_latency,Tw5WuCVN5B1jjU34NPzFFPMQVt2/Em2NNv2K5N2Qtug=,1265.0
consensus_latency,V0w0FcHXicUS+m5kxvCDWq0jpc1TnsCN4xeWj5qKZ+8=,1265.0
consensus_latency,Z0v+4Zd+nL77uB3gJaHqlSjYq++IfemnJZ84F7jW/CI=,1265.0
consensus_latency,kAiZTAek1HJz/T0U2aycTLXmbeJgKVtKY/Lg6quzfUU=,1265.0
consensus_latency,npFGnjUGESJwU7HuYT7/0bX1jzIW7Z7hLZ01f0qxSno=,1265.0
consensus_latency,vFlck/rbsvk3kRXJ/8Jrfsooyu7uNYAXFeYmLh+6tWc=,1265.0
consensus_latency,vLkEyyQ/3e3ZPbDt+A66Vw88d7oDxu+fR9mPgsaKVmc=,1265.0
consensus_latency,yC0AVdAn3SMkdDBLWQTFQF2p7LNV68DKvWikvcIBx1E=,1265.0
consensus_latency,z+Jzu8Fob31gGlwom5u1KDs1/ft7U3UK4pBf4jEc75c=,1265.0
consensus_latency,08+oPdJhnimQDX7hLaSjCiJS6339BNlyNhlVFw/8pNc=,1265.0
consensus_latency,4tk3HbyGqY4O/LkjNCFZxs60djIS2vODOyC32Xs/tVE=,1265.0
consensus_latency,5y+RsDB+ky7esFJIK+tYXu2pk5u93Dqr8qtvPXK43cg=,1265.0
consensus_latency,AhUM5FQYT6dVm4fEl9IzXvqQLP0HHXkLVdq+16CMtvs=,1267.0
consensus_latency,F76bkheYqC+LTWb7MCMbHQKalMvVTwa6WE8Si7nTg/M=,1267.0
consensus_latency,N2Ax7xDDnfDx03YV+QyCJUnUMBOK32BBjLrI3grF70Y=,1267.0
consensus_latency,O4yCpXenPCVyafIO1HUFa6cAxKGhX/NoXU6/pYaJ9is=,1267.0
consensus_latency,QxulvTvNponoEZGg9l7J9uZxblLPhlwa5DYwOvQijxk=,1267.0
consensus_latency,XfJOUvJ/wRhey7ZpN7wxEP6Rbu8OtPQaxHLTl7bMsmk=,1267.0
consensus_latency,bzrJRcuXCdIIfTYaCJRVz8DntdCDWqHd2wmuL64wXCI=,1267.0
consensus_latency,inQ6ua+Ij6eHRCBv1gEWI/4qL2wXJr85i9uKlXHraRE=,1267.0
consensus_latency,lWCATsULFfJhogMuJLavXNeMOaIRPGw7MABVirvUKi4=,1267.0
consensus_latency,o2JSreWmLVtkfK5Y7ctAVXSpa6bMwjdAYZlRtv8Y68A=,1267.0
consensus_latency,qFLdPabzb/h6YYsnhGxqpNSLhUSsAEl4oVg36FAHdFI=,1267.0
consensus_latency,0B8oN8XgD2UJ26sl66Il5eb/29bVqhqWkDeN/6eiDl0=,1267.0
consensus_latency,8bO0aK6bFpFnBaLhjDRSII4PQO40Z4prbUaPyP3mb5c=,1267.0
consensus_latency,Di4nB8t4DVRusCkbuLJKqlmze8hu2QXc71sHtuQ68Bc=,1265.0
consensus_latency,DrFITNgfLy1MO1tgpSaoZTb+lD6uIYqYw8xBaO93ZG4=,1265.0
consensus_latency,LHltLH78PkbmXgxr2687s/P16EgqJe1PFlfbCMAfS2U=,1265.0
consensus_latency,NtXntOAYJwtWqvcwKo9boLoQhrrtm3EtufeBAC1N/JU=,1265.0
consensus_latency,SsiH+tMd/OIxweYwhgxu1kyhHZmlqdZvYAE/GLvbz+g=,1265.0
consensus_latency,Te/Bt5qX7Wf/rCm5AXziqGograPjMb6jl1MgX6JK4xU=,1265.0
consensus_latency,ZBx8kgYxuvSgC6VDBzrvCaNqfaFL3dcn2eoEbTXvs48=,1265.0
consensus_latency,bloIVl1ZqFvrl6Mly8S+tSwAmmXK7jkfbdep6FYAyFg=,1265.0
consensus_latency,sZtH2QviNIYuSHXWdowuyH70Kp4wxV19Kxf/CkfMHsM=,1265.0
consensus_latency,ua6HQNpcwT64jqGCH1r9sqAG2DCb7XaAOiCfZ8Znxw8=,1265.0
consensus_latency,2FlzNz0fhunEQUv1HtEZPxyZyBiYSA6zuOchOtNRWZY=,1265.0
consensus_latency,4msjcrJvc/7tVpZnVuTXa68AN/rig3PM4uGwPha5o+4=,1265.0
consensus_latency,/GzQ8ZAfmTNJPsPu+RG7bdeIaIltgvDtgcjTyCQJt88=,1265.0
consensus_latency,ByBFNUp9p2KG6VVzEMIne6DzW2QWW1rBMgSA1ukwm04=,1214.0
consensus_latency,i2Ktmu+6n2vx0P6o/cCYuIGxW5FdylcCUrPebFSFpjo=,1214.0
consensus_latency,BXGVuX3oPbMZ8veunVkMVaDOo4my7YoZRfkWaWSL+3o=,1265.0
consensus_latency,Ia+pZbJYXbJd3bejvB2bHYssJIxE6O0gxcPDCSxU0AA=,1265.0
consensus_latency,IyKrW9rPNHs+Ml9FSJEfe3dRD52HzsfjvXR0LzCfQBA=,1265.0
consensus_latency,PDRoSmL3lGR7F2U3crPkUujP/P4zd4+/XqzMBkzbr94=,1266.0
consensus_latency,TUG1XrFCxypnA3I1RMOMssa/jJgnyo1ZXJFiUJvEsW8=,1266.0
consensus_latency,YQnQWO2qlYKT+fXNqGxu+oQdxrKJ/DftS6kCTKYWx7o=,1266.0
consensus_latency,bejtDc4sxfdF/ynEqYx4j1aZuXWXuW2CWfMlVaSB+XI=,1266.0
consensus_latency,rTuXUCV8p8+26AJXlu/6yUvP5MORgGgfmNscVEvk2mY=,1266.0
consensus_latency,tH6n0SEz2zaA95ecVmoMdhDk+X28ASRWrtuA7KKXjVE=,1266.0
consensus_latency,tSiViwcPmyVzMQrTgSHe+72QLQDTkh7VYIHgpNitl28=,1266.0
consensus_latency,0C5teT5StBMho2dlFVQG0PZGmkTuWeB2+sYJJSBXV8c=,1266.0
consensus_latency,2LqhfYY/TFMmyS/rgaKXO9eTZQbvsDL4pbIT3bOw3To=,1266.0
consensus_latency,+LT6Giib2uVvOVVAMoWDODizyDY1rw6jErUikm2Vz0I=,1266.0
consensus_latency,F8g7PxRROOREWrPwIJ9Ea7UBFspLVVm1XPfyQlaFDhE=,1167.0
consensus_latency,IBvL+yJNQFKZVsTJkQKMG4f5PIV/24mNzun2aSK+S3s=,1167.0
consensus_latency,FK/lD+ThoghSxTkmaGAEO2etI+o7CvtTHNfpd6fsLqA=,1165.0
consensus_latency,RB46GqrXByIKvozqhtkKFxo2jmA6mu024+jaOQqXmgI=,1165.0
consensus_latency,fDmRP5z+lgqXupeBMln5YqzFhnIsz5LnDOIccScrDB4=,1165.0
consensus_latency,lrnhuywLU8wDTx/jjLqPjg5D047Wo+BROUwrIu7FbJw=,1165.0
consensus_latency,MaHhq/qx7iLzS+fQJFi10UnKdYOLHSaRjMSXeLrlFYs=,1145.0
consensus_latency,XMBSNtxMnaM460CfM6fRjmW/VxGMZVrJiCpWzNhIOPM=,1145.0
consensus_latency,pTSq0rsJI2MQtw4OgGAluf1WDr75yx1+d+SMs5dq1/4=,1145.0
consensus_latency,qZGGK+moxe26W0PtIwirMqwpsDEr0Zhnjd6fbNQxXoY=,1145.0
consensus_latency,CCkS1Z12StUYXXK4iFU/bD9UWAVM89eviV7aLoZw0TA=,806.0
consensus_latency,CG4Qy2K+b9lSNG6mkH9MNRedBBCLAU+S0aFcDsQNhgo=,806.0
consensus_latency,Kq2dGQ+qtqughFjy4GXoNjXUKdgscQWVHUtMqn6fiTI=,806.0
consensus_latency,OWNesvwhyZLtTaS7o5D8gC9fQLV1TyLI7RW+7+Ac6sA=,806.0
consensus_latency,Sa4YHrRERaPC3mZm4SopoIDTDv6bC+6S5rHaBvJDU8s=,806.0
consensus_latency,Tl+o90m+u67qVjUqMB8SHCse0N/9H+0gNb0yflmzkHI=,806.0
consensus_latency,U4DYI+9CNeKftwvYI+2VmaA/PjfpSO/PKJIG4jTO6O8=,806.0
consensus_latency,g3aJLzPubw4A524lRkvtJGMs93kXP8wuudSHAGY4a3g=,806.0
consensus_latency,rz2ns6IwbJnP7QhKYSs5jc/AD4ER6M4x/YzIFUPIA/E=,806.0
consensus_latency,sMiaOnPHv8mIG4EOC5YrkxTSSBIFzu/TnR17JxNP5Uo=,806.0
consensus_latency,xs3koKZC4aMK/r6bLaJCLgkBbAVB0kndZ+hl8NlslZE=,806.0
consensus_latency,1xVFawn1Xv+YqaKwhBcmNslsFaUcl4a5DoMKaT7Qht8=,806.0
consensus_latency,37nzd5oKc3vcn3FzdaLUv7gW2quFxa0gvRTW7UqXTkE=,806.0
consensus_latency,KVHTdP83Q9B/nwLm0nAH6AVk5jX5IY1y/NiOY+FVdxM=,1748.0
consensus_latency,LUGVJC1j+Ih2pINuz/ax/yt5lcP+H2Igu5thCzxcSdI=,1748.0
consensus_latency,RASfCfDDKzks3x4yn6XnQwuOCspZnn5p77AYAO4l/08=,1748.0
consensus_latency,RPzPkmicvRH5pJGhMZp89dRWbhTWQC8qS1fgG0s0qQA=,1748.0
consensus_latency,al+HbpECzx/UCGyIH7WYswZPcjXwXLwIehqqztVagyY=,1748.0
consensus_latency,3mgcXszsgBTLmUYsF96U28TpNjNPWv2JF9ldCWb5jy8=,1748.0
consensus_latency,+APKPPKmg3a2UHadpOJaVHdh5aSbsI8Wzw7vxbXb8d0=,1748.0
consensus_latency,czM6uPE6ae1eJ/S+Gb0aZlaGBADB3bYW/Dqez4uMfTo=,1747.0
consensus_latency,mn7H7B7DYn0emhDJP/bm3K9nnsnm/Ls0noaPmgjC4Ws=,1747.0
consensus_latency,xss4+Ob/aCGlY6OeXsJOsMAEoSLDo81RvgIxpSFN+VQ=,1747.0
consensus_latency,8vjxmnFw5fCKwwa13P0A728WVYDuPblAqoA31WA03Y4=,1747.0
consensus_latency,/XeaJ1YdCyC5tA4kTa2AmG+GxQ1T/92pAA+TAIAnb0c=,1747.0
consensus_latency,EnJz0Xkc43dOeEOB9zk6kHdlIfrFpH5xBGYNsKNcF+0=,1439.0
consensus_latency,Fn3jDAnGcwzAmk+S9mZeSqi6U7oMkFOxi6dF1V7LbHg=,1439.0
consensus_latency,GXL6L1A3FFgLZa/5N2/RGl0c8i4r3hWaKa7F49yTruw=,1439.0
consensus_latency,KLppQbMD1oGsvHVyTBPRxydsUOREnYfuhxSAMo9bdqE=,1439.0
consensus_latency,LefyxLtlQq++tz5OSHh4rbhmFitwUqNHGUNVvpJKHYE=,1439.0
consensus_latency,R/fIIHDAczVUA4KXG0xyDotcNPCDzhU3QuJlh6dqMXw=,1439.0
consensus_latency,S1jzUBaCf1VT7lwYDco/+De9v0fcEit9QEo8jJlF8C8=,1439.0
consensus_latency,S6I6cwP+DrwZVi+XRedCcFmdaLXOsP+2rkmwbIB5MHs=,1439.0
consensus_latency,USbXrv0QJwjyD4QPFyAnk7wLAqKK8lXjj3s5hudpyxo=,1439.0
consensus_latency,W0/W6PRsFsljsp37aShzRkfyos3axXIoHM6XY8d9jNw=,1439.0
consensus_latency,c2HzJmEL6qScK896wIiHPdQFPC8yBZdavfGhmW/uxxE=,1439.0
consensus_latency,eZWvDBSDNoh84WCbCTomTxxu3wU2q4na8NoZbtDjZ6U=,1439.0
consensus_latency,fIpugb0Q3FzpLBqGrCrw0YaQUcRKvteV1InrHrqtQg0=,1439.0
consensus_latency,hZL3xf0V9bNpaAgMD7Z3WrP9QwVeN82MXlkE5TvQ2Mg=,1439.0
consensus_latency,iWVWZaz8je1OanEo/lkw06RGMcJ7skjapIBnBun2sb8=,1439.0
consensus_latency,izq2OhzTKsNcmqckc4sKG889xzJHShJAF7Ssr1cVtKQ=,1439.0
consensus_latency,q9HmYrwXTFw9TBq6pn0o0+IcjDBLpCljHF0AVDk0EyA=,1439.0
consensus_latency,rMPPxiy/7Y7OGJS4NInl2c/lbsWdZv5WQOCndchk314=,1439.0
consensus_latency,rZbYiU9OxtSZKtcgLh833E1ew0lc5ux3/gzY1T11uC8=,1439.0
consensus_latency,uUkbeHJTycuQ81VZh1Jo1Wj/NnG8/VRkpSiJ0FKbPXM=,1439.0
consensus_latency,vbYR25uvk0/2B05dxhUK/KxxinUjr/b4ilUsby6r79I=,1439.0
consensus_latency,x+jg0FNkQlqR7JWBSkNIsttRBKXBTLmE+D6IG/uDOBE=,1439.0
consensus_latency,6LqorXdyE+YDkeAudFA+smPOecNEsEOt9OFZK4hbnfE=,1439.0
consensus_latency,+J0RD2m1HrT9qurU79os+wV5OdNQRWTZkCVfSoY3kMY=,1439.0
consensus_latency,+tXlGpibiSnQsDLo+Npm8r0EGH0P0eGoAafcALKuaqI=,1439.0
consensus_latency,ATd8Nxg9JUlVdSjxQOp1FpLCxHLSHqx6FMcJh84BmtI=,1438.0
consensus_latency,CGbRz3YXhzXsaTtOnp+DV79c8DXIhq2IKV1gChHRljM=,1438.0
consensus_latency,C80gyg21cv0SbVB4oVvVC6+XiyPEQwpIibJJMgcIDqA=,1438.0
consensus_latency,DisGKEif8JoLHiGWryHwtJJ486nOqqM00hXonijcNmQ=,1438.0
consensus_latency,GqtOjxIuJmZaIRrFzobwKt6aQ0WJysbghM+OJjxldXI=,1438.0
consensus_latency,H+R0Vi/StSVH3JJO8jiWywK5OxodGM5cUhxwcSIBfIY=,1438.0
consensus_latency,J+EAgz4Zv7a2MMTAUQaoq1tkiG/M1j6uHX4DD3XuPjM=,1438.0
consensus_latency,K2iI+d15vys79XXuNjToGBtF1kq/p/9X3Kr2uUrvKJc=,1438.0
consensus_latency,NKF089R4bKAgyKTscPh5hGRGHoWkpAG55hLKx4yCQWc=,1438.0
consensus_latency,OJFOSQHtPg2ErQgUZY92LhM1l24NTCoQJgXHiMuB4y4=,1438.0
consensus_latency,XpB/w+3fKvugUrItZxDLvUGlLWifWT6dRze3s5Xzg94=,1438.0
consensus_latency,XzYq1/LhQHNPpEGX1fQFAuhJxuHY4HVlK6xy9wq3QOo=,1438.0
consensus_latency,Z4BxzKmh9bqPUgoumAMygIMFUb2H9wGc70kEyLk0wgc=,1438.0
consensus_latency,ldCfgpGVmA9o2OYz6a/yvGIaDaSXdeYP0wNltwFoUec=,1438.0
consensus_latency,m2I9lYJZom87FRW8vzuNTmD9LnOk6ckzSYtOVGSkxfA=,1438.0
consensus_latency,pyldk+rysnuAw7NQtlT5xpRZWzSXRdurkZy/4qKnG2E=,1438.0
consensus_latency,uTcYggFUyoJrJx+8rdHcY2NGBqRCY6OnkX0Kwm6DKoo=,1438.0
consensus_latency,uunac5hcQYcbe+8rUrc16v/F28F6RfL8h2gJ7mWmNWc=,1438.0
consensus_latency,u3zMFsfj39bAz6cvvW2y7bDji2KkFdBu7CsIqpboWaU=,1438.0
consensus_latency,vr8kCBCpLnHVF43rUQRqRmv1FXgQcBNhWX9EivcNtZ8=,1438.0
consensus_latency,6X3tmPyUzhZdMYEErLadrCJQIaWyvjODwR1WLNXjzgo=,1438.0
consensus_latency,+r13lpKLMa7M2jZju0lpEWN5GHUS769TuQk65qBGDuo=,1438.0
consensus_latency,+1S2PbmOwtyJN6nxmb5v5X55BHnqY9WDSEqRk8s3pQI=,1438.0
consensus_latency,glwvpxCGRE5SPwkzqkXqGcoUJnpDF2XyTydNXgrxgdI=,1438.0
consensus_latency,jFvWbz8OGuUikJwWU7/m/6xg2QEEY7e02vOcIU/4orU=,1438.0
consensus_latency,vkA3BhyUclhmieHAj5PgkgNQnokQqEX2VXFEbZNBi5k=,1438.0
consensus_latency,w3WFiLvZ3zFUK2qwdhWAFwxKhrFE4aD5Dx12ytJY0U0=,1438.0
consensus_latency,3a2x6aJb3NlNWZ1QQ8IPEWB8jqIWTE2It4zbd7sdbBs=,1438.0
consensus_latency,9bqVPsia2saRieIjaNomTtMmeec7r5FgDRdQ4iLFqJo=,1438.0
consensus_latency,OmXHyNXkP9AKv3ihhmWbY7dsPZO29s6VC3fBMzBIcRM=,1442.0
consensus_latency,Y8qFvg2wv28FdRqxFw9oJY3DIl/oYLn7KpSA4FZr3VM=,1442.0
consensus_latency,ZTTH6VQuuN/0pUhPprx4qghfGZmtsMgG1p/i6UJ0BAc=,1442.0
consensus_latency,sw7Ub7fRPrkgUxty7vJsrXhRmiqac/uRFiysUwTMTl4=,1442.0
consensus_latency,BQ8M9LpG4f1axl26iKkRYkMRH21M0hTwmeqHHfSqUyc=,1234.0
consensus_latency,EPNT4+YK+msnM7MKAk2sEDi3NIyyrVdIInjD1fKMT8I=,1233.0
consensus_latency,EWEPG2CkfUbMGkfpYKCt1ip68pxC6/uRmFxEQigbIjQ=,1233.0
consensus_latency,J8n73r8rAvyQy0lKlZAuv+KQKB2rHskcCUyGxtd7Rdg=,1234.0
consensus_latency,Qhvk+P7ORq6OK8NkmiQsRBUYOBsq1a5Gd8PmFfcINjU=,1234.0
consensus_latency,QkTyCECbiTEHwarvigiqlL7JKU07cpIqhJyZ/YHBltE=,1234.0
consensus_latency,RHzHE29wGfcOhBqeLiAHDO2gVviSISBjMy9RN4Mgu7w=,1234.0
consensus_latency,a0ruhg+VttUA3X56VacjyO+/b6ODOBecY0S7vPaEqKU=,1234.0
consensus_latency,fgBTy59j/orNPd7E4pXP7RjjLryzYERatpgVJ4g8bZk=,1234.0
consensus_latency,oCfcUkbQCNakUS7bE1mme52kyjOWvZjvTKeku3HjWN0=,1234.0
consensus_latency,pkZTpRTfzApsOMDQqijeQxNebTlwOOYRCXbNuNYfX8U=,1234.0
consensus_latency,0uHFiiBQNTNCEDz0+NUHztF0cYmPGrS7b/j8JGcvlhA=,1234.0
consensus_latency,2VkwA5XTA5839DhdnP4cENGcQUrvY1n3pR9yjiUYv0Q=,1234.0
consensus_latency,2iXjUaMJNUuv5KaYX7Yd1Zab7YDOdzG0CytvdHcfzEQ=,1234.0
consensus_latency,4Vitfxcyq80Bn5Po++jf/t6sb4uRQetdNycKu5e7D+A=,1234.0
consensus_latency,B2DW/WBNdZvs1YJ7+DVRVE/hYxB50PyiyK2s30Of8Dk=,1236.0
consensus_latency,F2hrAg45o3UiUVOYknD/GtE26lB050OuTKihZkftCRQ=,1236.0
consensus_latency,JSnG/VN0frKVn2aLU5WK4aJbpTG+EubVFI4m8zR5MKI=,1236.0
consensus_latency,OSmpHBiIOK4HfXXGquijseI6O+quxdbZbhMlambEyPM=,1236.0
consensus_latency,eATR8FrhAbdll35S161VfbElNM6M19ag8xdGLWgIXJU=,1236.0
consensus_latency,gQcFaI4uMdPabQXll1VL3mZCtlRbAyys4hHsAhVi1KE=,1236.0
consensus_latency,j/gpgINJX+XeeBRKUY0jQ5g7Pt/3gwLyMfJsZOco6P8=,1236.0
consensus_latency,lYgJGy0h07aIyGbYDQ3pTh3MdzucHHzWwZUOj9LA1O4=,1236.0
consensus_latency,mq7O1yru0OlwLON/5DRJl7Zqh8NfaZXxT2aLDyiDo2w=,1236.0
consensus_latency,nd0ZRyIfQCaZaIi8GeMk2+rMtqJVpH/PHG4nEAxQ+uQ=,1236.0
consensus_latency,1k6MJ4oF6XWUwPMdwLdI1BcZQMowVHQXmT3Thy63iF0=,1236.0
consensus_latency,3q0Nj0KrrzKHz8DbiLZgGw9aDYOsGP9lsrpsGNi9E7s=,1236.0
consensus_latency,4hVURGw+UNFIqRRiQNdEGEGPuVQBfu3dBLHVchi8haA=,1236.0
consensus_latency,+nj5aXvTIbsCN3JuFOHtH+rRJrAGbHuSppbRkZWtILY=,1236.0
consensus_latency,AC3MzQFs0DMgh7HKft1CUyc6ui+bDghYuCHAMt7uk1E=,1235.0
consensus_latency,BNzRD1niAJXiBjW/P9qSq7FrnghJSNBhzLEoBTdvHn8=,1235.0
consensus_latency,ElrIE8j+7vYsxofNpSx5I08PPfLEg4VdKqFiviUNcdg=,1235.0
consensus_latency,G9yCj0cdezXuSBqYaNIC2pm973QHk6ElPwdCikpz4o4=,1235.0
consensus_latency,HU2mYYxNWkvbCilhibDq7YHpgKjSGVEtI+comwrf8SI=,1235.0
consensus_latency,KR3rNWGhVFl05AAuhfwkkpQV1Om3a8DdmsY5b9CyYGQ=,1235.0
consensus_latency,NAQXvWlIA1Ybu3l2NUKHCFCeWGbuBCZyX9sP67ySOr0=,1235.0
consensus_latency,PEyvTxd5mK1CXDiw3QKsd8l3AL6EtYLB69w2H8T/otw=,1235.0
consensus_latency,Yb68F2f7Q8bXEopZVE+0Nm6YYcD3X1GgQIJGPZRCNAM=,1235.0
consensus_latency,bOX1Jr2Qxn6rsg/wEUgXGB+F5mrf8R+tsxUeeukP/Uc=,1235.0
consensus_latency,bU00de9RsNdtcAjfpHpL5vronS+lBOGPLCgdYszk8Uw=,1235.0
consensus_latency,e6tVktVjzCCzdmBLDLLlkmRhj5wA+jx6fZg1JEfTNaQ=,1235.0
consensus_latency,hrG5wEdKwXxXel7jOXnks4z8DrAt2UDkbZAMhVXKZZo=,1235.0
consensus_latency,l18pNIkjFnjS62iLw3X4jDVhuAXInXZcvCUA6KLTAxg=,1235.0
consensus_latency,t97/Ud3SYHpuJ9+phk5uxxv6Yp9vo4dVl3ookviyQoE=,1235.0
consensus_latency,7o4mq0oNhQ21Jhbfe3SnqPYnvtF7lpGJPJEaACDUgMo=,1235.0
consensus_latency,AuHuvMPHa6PdYokwR7JUfVENwxsqgV+xv7+bVCcKPnQ=,1182.0
consensus_latency,A5o07a8cC0DvqBrkk3eT/i9z6nIZUUneNkxnH1dzepI=,1182.0
consensus_latency,Dejf4tX7m1FwOcIkbbemhJq+dkH/L9zdz0a5n/4iFoc=,1182.0
consensus_latency,GhSdSY+kHreI8Vb13gdk5Bc6DupFPTYqegal3B/A6G0=,1182.0
consensus_latency,HVet3poE7VW9r9ycfyjIXPNPoWSvkE+Wg136oy9SFv4=,1182.0
consensus_latency,I/l+RStTkLzFc7wg+dhbWPYRYCiz4yBN12ZVQ55wnW4=,1182.0
consensus_latency,LpyQsqWNwKFXaLTQU+Tzqk/5BIVwY3dmcg2UzWeMCCI=,1182.0
consensus_latency,PcszxiQPiNq7CWXJ8+fka16jcFqiy0NMYTsgdZLXSzc=,1182.0
consensus_latency,Q6X1hZ4AoIxW09+IOltR1BV3vL+MaXhilved5vpyb9A=,1182.0
consensus_latency,RGlLA2XmvdwHb0ho01YVabSKdmmVwcC6dFDVTSqP3M0=,1182.0
consensus_latency,R4sp7Tt27m5n6W7i80jbPIz+/9lZeKRaucRhO7V2Yo0=,1182.0
consensus_latency,R8oCFbVFG3dXRjBU7gudk6v4Ak71CRjmxJGs7ZBkBUg=,1182.0
consensus_latency,SEBANt6x4VNnMCWd7Xos2iCtRTl6Jf+2InJesT5JdG8=,1182.0
consensus_latency,Y55ulWss0ywjCrfsXZp3+xEhujhPFdG/qRD4w9TXKPs=,1182.0
consensus_latency,Z36KYt7Pomg3+QOQ+k+oRWHmgRUNLvEHqGuIOD1D9rw=,1182.0
consensus_latency,acOyx41bxFdBj3rvd/ZMnO3thNoWHFyuhayl/1Y3PZ0=,1182.0
consensus_latency,dI/qdH23wbLNEng3cbi3kv1Cpysh9sL0mYyVZiMgUVs=,1182.0
consensus_latency,hfvLWECpPPFALOLV/g9rVZikuRO2me6Ci0S4tTOIfGw=,1182.0
consensus_latency,kDWX1D5OgHwn36Pt8fkudLIuai05JJqDtM19nPttkIE=,1182.0
consensus_latency,mJVYIkKuefnYO8eYbBErdTgsR5GTwPj2fSo0+m/s9Gc=,1182.0
consensus_latency,mKIwukUNUbUmeGXNfPfN7kLDOLnnyh489aER8YBJKVU=,1182.0
consensus_latency,mwbE1LNRdzEH2J1QhSuIjK87M9Ji/+a+aJYVl+kcwg8=,1182.0
consensus_latency,m0ORdvBl5/QmoQWEK7nvIzsAr9Anh0BHQKheANj8pkg=,1182.0
consensus_latency,o/ZXznEfd1ZuK3iBrZmv3kmGko7sk85nFl1lM0cp5AY=,1182.0
consensus_latency,rJK0RSbXxP27cQ7n8onmMFFAkfCCLWVE72mF7xiOxXM=,1182.0
consensus_latency,sqf0Su8vwIm+8ZQzRwaxycGszqH2+Qe5ljbOXZpiblo=,1182.0
consensus_latency,xXKR2W2fvl+qYSkZwrItCXNyJJ0r53h2E3Ku8uYw5QM=,1182.0
consensus_latency,yTwpctu0SPdwFfba1tCCw1ELcZUXvlzb9DlfQHWcPc0=,1182.0
consensus_latency,0/vcZqasT6Hk8F0R7lD9l7LJQCLKDA1eSaKeZdWmXr8=,1182.0
consensus_latency,2MoO2mTHbylD8nQJyS2ZJ+TADgY2/Ia1TDrreJsn4ms=,1182.0
consensus_latency,4glSmAM2DLsJPVw8ulWatVPWFwIvaguIaDYvHzfYQEc=,1182.0
consensus_latency,AK2+Ayxu0KeMJ744a4PZJi5GGmoxSYfhXGZalQggM1s=,1181.0
consensus_latency,Do01j8LXfJUlHLq97LvyZgD1RO+5OIAcL4cA6fM2bgM=,1181.0
consensus_latency,EyyTZ+M+4Jh8bmWKGBVwYXsI07CA8gH5h6FWZ90WqUc=,1181.0
consensus_latency,KfxBS+yhp3aUOe0YPKVZGI5RK1mWy9WXcmHc2+lbe+c=,1181.0
consensus_latency,MgTJGZ9TLu4GhRV4Vu8m/TUzllYj4SrFI81cNorRGuw=,1181.0
consensus_latency,MvOeQvGfeFGRNxtyJjA08aINyejqxHBOjU5VXi5+8xY=,1181.0
consensus_latency,M4Lh+xiphO3mwRRwN/XKeCCsgVKOrNrLy/37je8m5LA=,1181.0
consensus_latency,NTa0oqyWNWzq5uSWyNUaPDc42+rAsvxFDJnv6bUiyDM=,1181.0
consensus_latency,NfasBXJ8g/8lSZR6CplqhrU5xskdRlTxb/MvXSFN95k=,1181.0
consensus_latency,OvNsRUKXgEY89wmHYGFMliESOx/1tb+pl+bE30B6voo=,1181.0
consensus_latency,PBy78mUnhqMJ6KpIMUmRfeYrPXlNS5+hLiGzNWt2SD8=,1181.0
consensus_latency,PGJP0WUFrJRMPibo18QKkNfLcwMK6BPV25UaRq3Gk6c=,1181.0
consensus_latency,PQXmwP5yLbv48bmQNMOzX+LeGeeBwiv/K1VxWMIqDIE=,1181.0
consensus_latency,Rm2EODZ9ZEkeQzzqOxJiJfiVPFbBCYyxxW8Ti3bzMFU=,1181.0
consensus_latency,R29lfLEgeK9rLkH7+t8PzxUwCE3LntSU0TR4JFncEEQ=,1181.0
consensus_latency,Sza7VlFvcIttH0zKwrZMZa4kwvin+tpOrTVwKl+fLJQ=,1181.0
consensus_latency,S3zhlu5fyhbVDkZLEcjuyVPRi7kmVg9IlsTGYOLLzIg=,1181.0
consensus_latency,Tnbgqe7Z+fdHylVlkfl1Fbx+3b7s1Lessz2tk0C2uGw=,1181.0
consensus_latency,UVTr7VFoH0Legt08zWm1UhzNSkItC0DmRPTHJVwR3Xc=,1181.0
consensus_latency,Vvjj4Xy8Ri7zX8NFmZMqqa9TbYaoMIc2Iix6MNHXzfM=,1181.0
consensus_latency,WQZ4VMiqn2z6giXy4FCzsUQUEFWrnXqpSZmJfJgtV/4=,1181.0
consensus_latency,XqlmknVwYAu/RyAFw8q68/d6u9tPotIeErCjagqxZNo=,1181.0
consensus_latency,YXSptki6To60WqXEnCTquKKUB16EOqSNWIoc7wvaJa8=,1181.0
consensus_latency,aJj6TiEet88BsghoJGKQ4Bbq/4AdgWAW9z6KIwRigIE=,1181.0
consensus_latency,bnAHRDN5yfHjAiQwMR5v6mgjvo/yc13/xaz2NyZwCJ0=,1181.0
consensus_latency,b5CpqTnHt0D5SIZUMZr5X81VXhkSwDJg7MGCTNTmUOA=,1181.0
consensus_latency,cl0RaW7+VB1+CL8T9cA/zRJIObi6axXm8SUK2nLArJ4=,1181.0
consensus_latency,dP7SWIKn2U1d8FoQsvGxUumaKEqjJViPJ7nldOQ6h4A=,1181.0
consensus_latency,lIL22Tp99sAuiVkTZh1PhOWFnrX5b1ohs2IoF/uanqE=,1181.0
consensus_latency,l/uhD8pT/Wti12E7AWJaJIG5YgLFCPTemXoEemv8Qv0=,1181.0
consensus_latency,mW/MCLGrGJ0rTOfL9cOYn6SDOY0hlJE5XWOrXXIQIAI=,1181.0
consensus_latency,nsHOnHdHETK/sNknl98W2SV2pB+BzUX+gT4jhmVcR/I=,1181.0
consensus_latency,odovH0NEH+ZgjtXIEzsmPN4y5B1UD9OC1OhTCt0lNoc=,1181.0
consensus_latency,ptZ/FZBn7dg8+GlZ1dbD26xE6cP5muVnfUNd2wMg0/0=,1181.0
consensus_latency,pvPoXNbt0wA4ooHl4bC2TWAUanxG0EcIFhZIsm0mJZs=,1181.0
consensus_latency,qiZVN6apzp8Fbk/tnRpv9TQ4S7IRDVTYfsWWUfM/nmk=,1181.0
consensus_latency,qmERAOkLwQb7o9kDHkaee2A4v4yKuiJORIfiGURL0Rk=,1181.0
consensus_latency,uZjeTUrHt2vSx0wKtnomKj6Coo1n8FmV+uoDK9F/5Qk=,1181.0
consensus_latency,vIxcOM9y55wlWaa5IBetkoFiKiVvvfzlkOIJ8GQuI64=,1181.0
consensus_latency,vkP0q0+ktwwwf9y/ExI3F4gt1RiIkDmFrJI4ZeaxckE=,1181.0
consensus_latency,x6iqzkU2Shh8z6n5vk7DGDKEA/om3+EP+nm0jkNhRLo=,1181.0
consensus_latency,1c5Any09Eb4F0U8Up+ivlT71ZTitt2LKrtWtCly3AhA=,1181.0
consensus_latency,3uPZJxVyiFhUeuyXt8keCkwXLOB4t0MUs2eAKohVodo=,1181.0
consensus_latency,5FOVW+orfYaf0i9zGiG8/XMaITn06EA1433e9si8cFc=,1181.0
consensus_latency,599pBWyGlDZQKwWTk5R6ChI84PLXcOTH7KdIBbwAvpM=,1181.0
consensus_latency,6eqCiMA/OGnkkZMqfFBX/buM8negh9fbOKoTvamdcBM=,1181.0
consensus_latency,7gf/OgGBgUZOE5r4qmK+qWuADY98e8dOEQVXLAu9lW4=,1181.0
consensus_latency,79ejVR+g3lJd848jNJvUiG65OQG0YU+tw8r1PRbFOqk=,1181.0
consensus_latency,92kk4bYdhqS9HkmPo0yiXGOhB3OXByhKwO9/Kc03kqs=,1181.0
consensus_latency,+v6rA1JlHVJvfLNtg1zZS5FkU7RKAh8dOhLIjPG5bQw=,1181.0
consensus_latency,VTejeetLuGDlf9UK1nUR8TsLy7dms9yqQBxss2fUYVE=,1235.0
consensus_latency,ZbyyEYQXwP3Gumvu1k/yDt1Qp7dkdiQyj6JP/+w+P4k=,1235.0
consensus_latency,Z+hbUwHULsja6laiwB6IgXmJu1KiJ5vW10U7pLvecck=,1235.0
consensus_latency,f61te59p6bqxmUiaSNOc9FAZMDUMDPM67sW/g/WugqA=,1235.0
consensus_latency,iPs+MdNntXSXBr8+YySZkVVx1+D2hJGBW+jGnJaC98U=,1235.0
consensus_latency,irXwp9Q0DG5xDIJDwD4OQ2tztIQyH3+8cFQWlUjImec=,1235.0
consensus_latency,jGgpMG09tsgDlqAKIUzag4errgiXzAzojrTqQ+p7xi8=,1235.0
consensus_latency,jp9nHjBiju2WCHiQxIaemyDdI55Hzl584D9ucLPZ1FA=,1235.0
consensus_latency,rntWB5GaxxWlAtvruZuv6PUsfPngGniMPVU+MbihroA=,1235.0
consensus_latency,tFzpzlnSKravp7+yrbTElNshBhEecaURMLMCkMnpsIY=,1235.0
consensus_latency,th9/mpI6kl3GOk7RxO+zA4BTiXTxFLcjFPsfNGK1iWs=,1235.0
consensus_latency,8cPdQelqbsxQpidK0YS82Otl5i15Nou2ajU26OfpE+Q=,1235.0
consensus_latency,8mlbEToJ46gLTrAhc7DfzOyCyX2emGnczpqckfn3Kow=,1235.0
consensus_latency,9EkHEbP7L5aRy1DwUGnNGelf1zJkrzFOkDddjYb0P1s=,1235.0
consensus_latency,/PtGklXb/SjQ31bVsbD6rHeB5rYOyUzV3H24CxWbZsI=,1235.0
consensus_latency,Efne+JO3UET543XydCrR8+L4cnPZRRZWu1QJ0zKkkuc=,1235.0
consensus_latency,IzrYg802OScL24GjA/E+t0Vit5trVuUznrnUTpNcOqs=,1235.0
consensus_latency,KpmnDhjoUPFjjo5uH5wdi6vwSyLM6UPtSs0C1vEgi3o=,1235.0
consensus_latency,MKEvkvlfK5PnuxFjxRcCKEE6dnVW5PETA/MNS3J9d1Q=,1235.0
consensus_latency,ZEFMKypPehxBFnKpqW1Woj2wgbDFVnBp+PFMs/Ktd20=,1235.0
consensus_latency,gqydqA8YUxsNKkAAy2sIPPwXE+bX5/6JikdMetGgjEQ=,1235.0
consensus_latency,lu+HrQzNUtf2viqkCQENfacHfXfx+xcP0zzhm4w4Lco=,1235.0
consensus_latency,rcurK14zeiw/INh8Hp0giIh4KyJ2HhtnQhYfdSLDigY=,1235.0
consensus_latency,wh7SFwhn8PVruoJ9b29X17jyqtPx2P9xBonS0V726I0=,1235.0
consensus_latency,1yGCUnO89R4R8jqrq1vKrXupBf9rAv10eOMFGVsLZ7Y=,1235.0
consensus_latency,6TzEAHfR78B2sBTb5UuTgfb6zJzHVz7vE9GDUFGvPbk=,1235.0
consensus_latency,9vuxhkezjuAx3qQez4nnJP8fqPlNT4yNqwatsn7USFA=,1235.0
consensus_latency,+VHQQK8gl4Cl1zDt+EV6SgJGs8VX1t2CjD19bbuOdIY=,1235.0
consensus_latency,lyS2mr5iSfIX6ILKqcEH4IMmp5wVu2sPtDuSLylFOow=,1184.0
consensus_latency,AVRdGio8vYtK2eHtEen89cL3bfC9H1NiDsr7nJOSWUc=,1236.0
consensus_latency,LED7iEtgJgkySur+ns77G5cV7geRRWUi8JKcod4pJkA=,1236.0
consensus_latency,LEIiqmpuqaaBJBq73eex7/0GLpW9CCq6jp1MwCIg3X0=,1236.0
consensus_latency,NXG/QGg+y9AjFeP/CecIwBIzlynuLhMAs49simZPZWc=,1236.0
consensus_latency,Q6HNssQdyjrA0Enll1Uhit8TY0FRYaoWNTgSdPZrhyE=,1236.0
consensus_latency,Y5KBazLdK18+AL8hplTJRRYLWIlHU26JfdnN0VAI4EE=,1236.0
consensus_latency,e3Gdid9Vl9sluUcvOlq42vQeYgC7F1kuKTegUFjgsic=,1236.0
consensus_latency,iFNGqC09cY0eTI+94TGISE9dcTc4skuobAHTiZyyNjU=,1236.0
consensus_latency,oQ3LcjQb7Q4qm5v16wW1H4b2aRhTDaaxsUAGB5pvpII=,1236.0
consensus_latency,t+9LmybJ0wuwTwV0cE29Zq99qsx12ltRUBAVaDUFImc=,1236.0
consensus_latency,ukac5wFsl62yL5/NV0BXE9Gv14hAc/W1IrVMbQOFOUA=,1236.0
consensus_latency,yiYwSpe+GjeG0Kwl1e6mUTZQ9UzqeDEnh1Lm2fhyAoY=,1236.0
consensus_latency,2oFWnCC8TdTtp2sSlcCRV/D8d/tOI+3wPGuNVSx24cg=,1236.0
consensus_latency,Y//ouMb9HaCIzFBFKtttYnazQH3IZs5cURRefEl44bU=,1129.0
consensus_latency,axP8qiyqJYbkQ4mGmfg/eMCoraeTRxKAkhoqI0glrQo=,1129.0
consensus_latency,bBc+uoj3S3s+sU9r/XvBkC4Me4qmMy0YakWJI+nP6+A=,1129.0
consensus_latency,gG4FoW9Jtdxqgnhu7sTLoPheeaVRFAYoWArr/piTGvk=,1129.0
consensus_latency,xlht3ZrJzuTgXX1odnMLII9pwYc0LQYonFtUvV+/H2w=,1129.0
consensus_latency,znYPeGt+9wWe7J+BV/szG7VSSSw82Ym4G5eWnK9Q9HI=,1129.0
consensus_latency,V9jU8994Ffa9is7dUKhC26oX4lC1T3dQUoRNhbP1PlY=,1128.0
consensus_latency,dTyWSMB2Yy0ULRF/m69WaESnwCNA7yLGwURLfmfmcV8=,1128.0
consensus_latency,fqo5rlhEA3YBwJwR3p/0p9w6Bw6gF1JdQdZpGAFrIi8=,1128.0
consensus_latency,gVBw9AGcKqVmtixrImCimFpZCUBZRfbWVQvlNiOwarI=,1128.0
consensus_latency,rTvkjmWld6jbJ+j6HmBLQI+2Yf6PWxOMY23n+vgRvzw=,1128.0
consensus_latency,rVBsvE8YJhtpi1t37e4JE9/1V6jN1/UoWZMxYNIV55E=,1128.0
consensus_latency,0zCjAs4OSlt/jE3PvqvTEFkHEIKbXbi0DOMiH7H5h/U=,1128.0
consensus_latency,nMOF9Mi7bZodNgQDAG3S6y0ABGgGrDZbMtAHSgcJuGg=,1131.0
consensus_latency,poLCXH3Furs83+IEFFXh31jq3mZOlv7EGJSoeRzLUTU=,1131.0
consensus_latency,vw1mCJoMVKFiZgOFFZ7FibAdsjmtXgZDYxgIWpBnKEs=,1131.0
consensus_latency,6BM+NtbhGAWXLIOi0wCii3BxNoZ/d76wlHnYs5kW6Bs=,1131.0
consensus_latency,CsCHVsEK08CPcEDZtRjVEiQiw7WTOGnP006U/FCbodg=,1152.0
consensus_latency,FhPtFvc8Cq9OETcCPySy2oAMN62vtBqm4ALVGeD0DmQ=,1152.0
consensus_latency,IeyK059rVSVMhn2fwnZM+0MEPJM0bVIRBRwI+Zo2mqU=,1152.0
consensus_latency,MRmbHLnH+LPwNEaomzJByQMGshLm+e5LTlGhz9Wwgfo=,1152.0
consensus_latency,M3Mcl6eT+amGazbnzBXLTcphG/DQV4ivcp8Jyxh1SM0=,1152.0
consensus_latency,OfCTOO8BibEUZy/oxSwuY6mWw7o/oOZV7uHkur48gb8=,1152.0
consensus_latency,RHRPL+fyBIDIV+hOyc2oufAic3IO620ODyBWi/iMJ9c=,1152.0
consensus_latency,TcJC8E6wrhSSX6/MQw+i2zNJ/sHHLJO+2xBQN0gjItk=,1152.0
consensus_latency,W3cuBI8dNiu3DPILh67ZjqhncgSUFsvi7j8fGC/HMUE=,1152.0
consensus_latency,YoZJnlT61HW50dyeW4GDbe7jkvKSOocDUQObbVGwXxg=,1152.0
consensus_latency,ZwDAL500NnP/SWhvfvPRjl/UIokXaWmtDud5s+SFpCo=,1152.0
consensus_latency,ZxkS+uM1xEAhdfesUh7VRH/ZvLCd3X4YxCZlAvBpdwY=,1152.0
consensus_latency,aKQuI47Ki30K9Cnq0lE+SXHNuCO7MqzGLBkrA6SphkI=,1152.0
consensus_latency,cc8ONifM5CYMinD9Ahh3GjrkN7d8t99Ni0pJweLPobY=,1152.0
consensus_latency,eSvQP5leSVUm+s4hAJCwuvvBAzsD6Pkgk0x89TymWuU=,1152.0
consensus_latency,eizQNAVIE2cNjvhSLqXyr05Vw1bJqewD/3PS61V8J7c=,1152.0
consensus_latency,jHCzGshT+UrQmUBpjOLLRJ5BAIeu0tv3dBOZ/DntAmA=,1152.0
consensus_latency,kJjZfsLLQafFWsN7u3VWEA2/R5Q6CL1YcwI17dEBET4=,1152.0
consensus_latency,mPli4JcLLUtE2brxV9KbJo3EurGiTB1ENr+qHqbzAAs=,1152.0
consensus_latency,mf3ckxrbSkkn67ldhtmVJvA86xJomIItLPq4qb1eIYs=,1152.0
consensus_latency,nCHLnxt+lFQ4qGezi6v05brcvooMpZZHQINgdhjI/4I=,1152.0
consensus_latency,pqR8Z0dAyVteskkLMNpKqSXtO3b0ltC7iv5K6Zz1Bcw=,1152.0
consensus_latency,qnNs1+r8d3s9R18ubgF3lfBF1OlHTLnJG2O+ejET2I8=,1152.0
consensus_latency,xL5pEqc0Oal8XLu5+ElQNlnTTfJRVqJeQGcfdD04pkE=,1152.0
consensus_latency,xZ1Zcu9VKwiW+IWi2JcyAgOcOLBTb5Joy50nkD+t0dI=,1152.0
consensus_latency,ym84XBj77TyMamn0yRJxwLoVx0ZYCabMcqlBgqG0SAk=,1152.0
consensus_latency,0aksIoWXUchS6m5R5Zpudchky6YnfT0KaAV5OZz4JJs=,1152.0
consensus_latency,2nGY27gK8zNNy17L30XGTtfU7CZ6MyjaTVKCs1xp75U=,1152.0
consensus_latency,24CYiTB5yjOLBsTTe0ZxPfkVSaIzIBrOPLYrYS4dWZg=,1152.0
consensus_latency,39n/WPd5L6JeaM6BPD8wMKrE5GKaM8v7xC+cnJR86tI=,1152.0
consensus_latency,+JFVEQaIHBo/TvlS7uoz3ChzO7Lx4bIYUZjBifsnSJs=,1152.0
consensus_latency,+ga+vI6xPztZAjp9seF7i4Fdt3U1o3owjIYDdkxHdpU=,1152.0
consensus_latency,CyZDBsTgNFTUJ0LcCmQo1CChOTIGnc5k1BfGNL2l4ZQ=,1128.0
consensus_latency,NoGNI4fk0dG35TVgrUyMDFpRldDNbipvNB5kvW2ebek=,1128.0
consensus_latency,nwLOn4hfNH88l2gkfG9neqi6nI0gshFu/oqzAyaJRpQ=,1128.0
consensus_latency,n4Ooizs4cFef8xaowmliDDjTfQliEjLmVo5m0xyPFC8=,1128.0
consensus_latency,xaYVwsl9DTDmzBD1vs9sZbf9AiZD8yIATr2Qk7gjRQs=,1128.0
consensus_latency,yp7e/6v+aI6uLtoAk5LmROitdVsWEqk2U5IGoR93Br4=,1128.0
consensus_latency,zQkrDbJJlucEIr1T/XS7Kw9ERGSMNIo8MyBNkH5pADU=,1128.0
consensus_latency,/UWauyGs5whljzvXl9c1JLyHvlwuv+2MVMu/kipujDA=,1128.0
consensus_latency,Legtu/66FgFzsT9/N/gNMmZkm/xqzoXTMLzlkO0KUxY=,1129.0
consensus_latency,T6ax0t2tUZGa8DqilzngsgiJqQ4lF1HUuuOpBu9akHs=,1130.0
consensus_latency,fdy/SVApy/2VB2mOrK2FB6S/fjd2Nhl/rd24Z/tGvpc=,1130.0
consensus_latency,h+8ENPceFcn2wSvSkWWR67sLFBYoKTBg4JyRSPk/1cQ=,1130.0
consensus_latency,jtvKcH1VX34vFpqGAn6sDHOopRgONFBand2WqBtfnA4=,1130.0
consensus_latency,mu3aO1JWVCFBRwb/+VwHoZ86HfdhPmpZZclvJZIOlBI=,1130.0
consensus_latency,a6ZKxTq5QBQKlwupjsj6dR5rvraPUUU6Pes8LUDr9bg=,715.0
consensus_latency,s6EMY6dZbua9W93YwdfUhwUUn31EXA7k8Qd0QEFeQE0=,715.0
consensus_latency,EwN0sIarFL+axbnAgI7B6wMYY6gp6BBsxjHMdyzYy5U=,1752.0
consensus_latency,KG52ZDav61A72b84xiM2d9cxeizVdvot2niF0uAdVvk=,1752.0
consensus_latency,cnkjPPmcunixim/jn85HA1TdsfUei7Fb5HXUdPBXIWc=,1752.0
consensus_latency,erYrMHV0a0bAh4+cDdPuY1PPfvBh5Oj2xNyGplxdQ0Q=,1752.0
consensus_latency,sF/gBWq9e2ynWZEr2AlZeSyZD3jvv/iE+x7+LQqm2Hk=,1752.0
consensus_latency,0AVK3q1Sj9AfniGK82DEbbIVxicYy+X9naLetCRZRRM=,1752.0
consensus_latency,Idlp2a9HxLAg3Qecgt8D6CxhUzEd8ZJ4w/SZDEGXQjo=,1285.0
consensus_latency,MvzQTe3uP1gHPlEa2B9/HgRx2mNVkX8s8u0m3xvyW3o=,1285.0
consensus_latency,SN2GCSZ6BHR6yENLs3aUZZrVyfeCm9apXQ0WRwA0rBo=,1285.0
consensus_latency,p78/z5Alunlvz1Qjx/LH314py0CeWrgvhUC32Qm4lK4=,1285.0
consensus_latency,upl8pSyfWAOda4By8HuLaPn4lmtuUBo+PYLYzcHLQnU=,1285.0
consensus_latency,71V/tiDi2DnBk65DHqMqGjVDaQYM59Pe+e06umb8VB0=,1285.0
consensus_latency,HBM0Ip6g1OWNUZhkQcgGIEwpkdM/gEteYmdv87ywNtk=,1339.0
consensus_latency,JCyrxqkwVVd6LIzwsNjUTYGsorRW/8NImWGw9WprdWM=,1339.0
consensus_latency,pW0qQ94pGAVgunsqMhal9GDE3WWFG5d4ysR28f1bKYk=,1339.0
consensus_latency,tmE0BVsYPJsXqufm/DnFPFNGXmXHmrt+sitWMsYBqVU=,1339.0
consensus_latency,zmTBdbwbeP91xEvXfGOVIpSGffUXPwSvznhLN/PTTTY=,1339.0
consensus_latency,0jjxHhQlpFSg8xR6EDyc/ngJ0QnvXVShMvRlkd4FdH0=,1339.0
consensus_latency,JCloBhgF/F1grUYYryfm7HV1ODUEc/Ibi/txsi9+y24=,1340.0
consensus_latency,kjr+X56vXJa+h+cSd9SQ5AXMH/1R4pDyhRi5a9nYNok=,1340.0
consensus_latency,6ICpyYE6k/zeRYf+IEWqofegFHRCwNTBTaDYf2p7+ao=,1340.0
consensus_latency,I7yPJXBi/7+D1VnwEKVZ/o948uJHkHDQXXAmztcxgSU=,1339.0
consensus_latency,gxXGan0XtEJWc8DpBazdhwlWjl3XTEP5dAkkIEqx4bg=,1339.0
consensus_latency,Bvtlv9B0AHM2SNafrzb9euzit4+F0xwrmChIPoYlbK8=,1148.0
consensus_latency,Loamdi5deh7Eaai9RcoDmT4/1LoQWnj4PsPXVa+XG1A=,1148.0
consensus_latency,TVWtd2XrocfuekQ08cHEIC02D5tXjm7E1ThKWNCzqq8=,1148.0
consensus_latency,W3t4h15AiPOqImATjDAeuSiBNtV6JrGJWif8VFhPGpE=,1148.0
consensus_latency,XSObsi/5Lnz5yj1EtsziAlQyU/PFIv2ySOzVgrU93Ew=,1148.0
consensus_latency,YfTk7GVMK9129CKGZsDQ73BBcjq92lsarbvOdT5tBPY=,1148.0
consensus_latency,aeeC0xBOGouZxqw93Gur9ksJDDHFRPBnc9bcNUlmKIQ=,1148.0
consensus_latency,eirD4Z+6DvsPVugI27I2NvstHwdP2uZ4duvoTCShsts=,1148.0
consensus_latency,jmv9CToOYRDUcjbKr0iknlxe/rrUYBpdBvOjI6YQzhg=,1148.0
consensus_latency,tdt5azjHa3D88fYTmob/foiu3h31vLMGrx6PHGOWLw0=,1148.0
consensus_latency,xbtV5n7ItpcDLE1RDZ5bLofvEKR9bPUP6wqVbGn9yXQ=,1148.0
consensus_latency,y2OdyXUVuECyKf0q7zHVWe19+1iwEDbFw8S6IiT1zeM=,1148.0
consensus_latency,3yGp62LH9Ya4w9HJXLMM9uU0doupaGuMZxLmcmlcfHQ=,1148.0
consensus_latency,6dPKt/icyETxypzQqWBKOrl38JjhdmohyuPCN44z6ZA=,1148.0
consensus_latency,9pzjgwWcGXl06E5/veICxE+JGmebPj4vKXvttCzVPP0=,1148.0
consensus_latency,BvyKJRjwJoH7GqcUaQMw7mzvBokjJiTFBzW4O2stU1c=,1096.0
consensus_latency,B1FmAp2HbMhNIHO54YmiomXBPEkaBZDf/s7F7CQKNBo=,1096.0
consensus_latency,EI9EtJ0sdkk8GcQId9jem0crH2oF4Xst6wUTVhXq7CI=,1096.0
consensus_latency,MC8dR/TVrt0BSJ+3gvDjzjkM8hc9aRJa0BKdeM3YOqU=,1096.0
consensus_latency,Mjhz6B3s5J16/gb+muC+dodTtAGisGcpHXH87WDTKmk=,1096.0
consensus_latency,NDPxeBPVRKhMHmqopROy7jMdAJ6sU1EAe2PWaJkEMvU=,1096.0
consensus_latency,PS2ttAkzjiyd1NVbbuKy82GFF6sekdutA+CFLWz0boQ=,1096.0
consensus_latency,TH+7AZV78tFRFhKmimgvb1etaHlNpB+QDAANCSP+0E4=,1096.0
consensus_latency,YOA3zA7gpdlUULjoWLFh/s/sNWdL+NQ8DkxB4Q9dkTU=,1096.0
consensus_latency,YpTbXWKYw1HUsQlklahOmh/+VSLghwrvhPENupP7c2I=,1096.0
consensus_latency,b/Ci3RN4wzZTDinBjAguoSPrka/j1VslaLgs/Yytq3w=,1096.0
consensus_latency,cI2KincBfTCE9/sk73EDCntmzFZahhPMG4/e/xMyUUg=,1096.0
consensus_latency,crp22m/QGsAsyQEAwNiQTQcmPCiPXg0/NoxzmrL7z5Q=,1096.0
consensus_latency,e4Dnt9p8wa2fO7U+hB/Cd8Qgvc1l455Pfv+KO5NyrP4=,1096.0
consensus_latency,gdFeQKorXEbqA76dO+2ATwhpINkZZ36qeDm8TOzBuiY=,1096.0
consensus_latency,jy3DK3GwADJt5y3Kx7um4KUbwnkAJG2IJpmiaD+ZOQw=,1096.0
consensus_latency,qkZ5ljAF0lPnQTtbDh03knZEMR9UpPjpsrgR/RleaCI=,1096.0
consensus_latency,sq5kcKQCbKJO2x/bNAuR74O2tlxLfj0G4N+FddmezY4=,1096.0
consensus_latency,stF+QXHM0H/EVI2peu+/gd/rC1Yk/c3SGShBwJtnavE=,1097.0
consensus_latency,s2aS0vOT8ZFsRD+1k21fHgx/VppKpL0k51oKUwBQd7A=,1097.0
consensus_latency,ubmkjDyB0FfXqw4Hz0t/oBzTrz+EcCsNgChanNRG4Uk=,1097.0
consensus_latency,uvtz5iuu+7IN+BremKoexsyC9eCGCUjcSxsO4RzlmQw=,1097.0
consensus_latency,u10QY3bCtYLJflZ7PROqOLPIz+PK+Ujt+kUK8d+Bhec=,1097.0
consensus_latency,vFGaShAaAr6etVQEaqY3cP91hORmsWnuVcaWD2GrshU=,1097.0
consensus_latency,xUkY+b6qDGqBHtBy8xNcbeZy8mRCJ0gmWnYWYmYKO5w=,1097.0
consensus_latency,xZt39Woo5LAb804rMEv18uC6I1jQ+jHOKLdk5/jKLdM=,1097.0
consensus_latency,yM339xXnWy+9sv6ck+AZylEJ/5GD1S5B9By5FysrzPI=,1097.0
consensus_latency,0RjF2lyWF7yEIWZC8U56sYEyHwjblxTBrJQmgzCbMJ8=,1097.0
consensus_latency,1ZaB3kOljapKmhV2/lCYKkU7wnyaOBDC56yx1zzfEXA=,1097.0
consensus_latency,3HrxMM7XIHaPjwW+QPQZ4Nsikg8CN6LZnTfIkp33ZJA=,1097.0
consensus_latency,5ZX051/RIkJxdLewChQbK6sVcEm06kethIYavsGsnqY=,1097.0
consensus_latency,55zJtmLj5l7DgHMGVnz4+3zsjXlGPKWcJ6Eu0Eo1kcE=,1097.0
consensus_latency,7fI7tsdi3Gclp8+SZ0edz3QXmU+HFsAv3ScZVlSZ2PE=,1097.0
consensus_latency,72cJjdSVelmAZvwWybwuE4ZhQyE2TJGnbDRDUbO6R2w=,1097.0
consensus_latency,75XpgnNpRISMa8qqv2eKZE8dJ9a763VXsws6/lwktPc=,1097.0
consensus_latency,8FShiCH3lrO4eWjE2zgD4flFw/tHn0yQwQd7hMT9qWo=,1097.0
consensus_latency,84AEtazMOBrXEudl3faxoHP/D6jXtBBz8OEigOV7Q7M=,1097.0
consensus_latency,+0J40Imeyt0zBH/S8zyKXS72s3W7dyimrZsZzOhUBbg=,1097.0
consensus_latency,/mp+xT6wZBoQGqI+uC3ztxyIuVVst8NJDjocFJM8TMo=,1097.0
consensus_latency,/1no7CsZrfmUyJwqPZlW4PvJbERc1bXetzPMS4BUB/I=,1097.0
consensus_latency,CAOIfptUbk9KvYbUjq4XaVLxcmkvdqXX7nBiRksv7Fg=,1149.0
consensus_latency,PEFa0didVEG8B5Q5UvTjNbOyDFGWcE7GE6b0oiTDHcQ=,1149.0
consensus_latency,Q1YSRk2wueisWjaeTI1Dpr1blMfktP38mpVIN7tThNw=,1149.0
consensus_latency,Tb9gtoIAs22P/S5mZanv5NFVXGlLsjpDe/jpBrvPuEs=,1149.0
consensus_latency,W9iLJs2Glff4tBdN3fmQ9qp09mCGjTQt6thLFfDJxW0=,1149.0
consensus_latency,Y4DYf5955IHZhVWhcgeYDMXfh/JveQpYyujKeEjg6ag=,1149.0
consensus_latency,cW9a2mzE0tobYVOXyySsHsfdu3umGdHzAZD2FXH1iuQ=,1149.0
consensus_latency,gaHRgFUqDBIhFUTYmFn27Kh8lWNMFubEG7e1ZM35nKE=,1149.0
consensus_latency,h59Mcp1b+uf8goOT3sU29BVBOj5efi1sJjSnVcbHQqw=,1149.0
consensus_latency,mOq+hCfmM2n00LLAJYVoyhHbEKUy0Rd5SMLbJOQdw1k=,1149.0
consensus_latency,ma/1G1pvYW3p0NrOsUL1JpQJPjlt+preSfvg55IjRV8=,1149.0
consensus_latency,onXlwFHene/czOSRSzWPPxz9dve0bq8o1R7T8IGxRcM=,1149.0
consensus_latency,v4LGmc+UQEgQvbaXH14iFoVX5I+IGzB6Iw8/3GUS3WU=,1149.0
consensus_latency,/47VypDg1N7dKvz84UYe0EsxKqGeeIZarENsvdoO/Y8=,1149.0
consensus_latency,Ay6nyzEEegMe9pbe1kIJoZ9gRwkSsp/M/pbrGlPh9bo=,1151.0
consensus_latency,HACC+Xo85Yq1g0A0GGAGAd+iaLpLIwW7iHtNjsRjZbM=,1151.0
consensus_latency,HgbKe/xAb+XsnaqcOc8FYHsv3Tp1mi2jJHnj1eN/nXY=,1151.0
consensus_latency,PzYHX6LdJ0q78fzJug2ggqEU1aPMqcIcvyy3fOE/aoY=,1151.0
consensus_latency,TYN3ZCjcm7wgWBL6YC7apGgM3cWWxsOa0/Rm+LYvHDE=,1151.0
consensus_latency,ZlG9eXZIOoQ4DFERxK0IBeLtJoUPxBXMtLCQ6ZyerUs=,1151.0
consensus_latency,cYFzB7ypG2hwA0zffDzAw5Y4R7d2eSVFKR3dlMkZBwQ=,1151.0
consensus_latency,f4HrsF6RG97VDWeBacSUa/mEGIXryG8ptOni7aBEQX4=,1151.0
consensus_latency,g+DkeCMqeQSkyJJ8NH4B48mzSx42krb7k2fEYtY0Puw=,1151.0
consensus_latency,p5FN7p/8K19UHVEu3Se2Nt+FMpx0b5QUvYK/K7yy45c=,1151.0
consensus_latency,uwpAcUCb+tZM3MzZdvbshnd0lSA0Nq6QG1abvvvYSxI=,1151.0
consensus_latency,z4iIPfVKHNq67FvQRYyPHfQ+4fv2TSupHus/pBykViI=,1151.0
consensus_latency,z7czS4n6f+eRxpU2dyILtRjSTmr5OKUKWNQLlPt8Sns=,1151.0
consensus_latency,7jOlN+o/0no/B1H85A/lnbJJ/4WaJZ/wMAQVoG/ASX4=,1151.0
consensus_latency,lf4L3qxovbiaxBs5b6ALUAJbGdn1WSyqqbY6dhTxwis=,1150.0
consensus_latency,GA2K10nLRLOuXMu1i3FlGsX9pyrRK9uDBOOXZPvGLrE=,1096.0
consensus_latency,MEdWOcKNnP1wJncTjPUFNoJT/X8jlOGoE2KVB+EtnRc=,1096.0
consensus_latency,NyAA6wCptTyb8opQhwobG3DxG/M7mBioTsi572D+iPI=,1096.0
consensus_latency,XJOGx8pkUD/STC6OO0ld0vPQPJgci9zNq0zFuBO6PoI=,1096.0
consensus_latency,gSEVUL5Hh/amqLBUKD5RcIkSVzpEiNVAGbDbM+69GVo=,1096.0
consensus_latency,ndFl+wNTvQpCr6AkAGCl6hr3w/QQusiucHjyKmENRHM=,1096.0
consensus_latency,rjGESAAYu51Y2CBHBJTQy3J+re1k7iaywZv4vmYQFa8=,1096.0
consensus_latency,sO8GK0jFGrTI1dd4jstTmayUbWb+27ooGEuBucyk7LM=,1096.0
consensus_latency,tO9bt8yQbFjdDR4IB32l5P2z+CERqwDVm0W2Qh1ZJr8=,1096.0
consensus_latency,wNV+dAaE1XQ8EIHEQOixOVJR4VBWUcwd68flKBg2+KI=,1096.0
consensus_latency,CEGihlqdXHhT0OqB/O/kFRQ4Q5f+SxaJUg7fJ5tjbrY=,1150.0
consensus_latency,ELTK6waTPb+iMd9ob5iksZjMGwkHEKtRLDgYaVIwOmA=,1150.0
consensus_latency,IEbuexTEOZ7keroUMScQvlAQG4J4QXvzBPLvXL2JUx4=,1150.0
consensus_latency,RmduE9ntjhlGMaKj9gFo8dJ48lUdJVKig+pRwZ0yByc=,1150.0
consensus_latency,U/JEd+zKdSbKa6zFGPZzXZ7EYSBJ3bM8cJICRfUnp2c=,1150.0
consensus_latency,bSmppEz39E0eaucw0Ag1qRHLpyQ0EoIONp6BytxGuNE=,1150.0
consensus_latency,gXGbwgNM1+BwKoVfEqJMU98GyRX8VIYvziR916Hl2A4=,1150.0
consensus_latency,rMA75dCNNLtkj0efDOrF3XzsZJj1p4wuE1xtUPC1TPo=,1150.0
consensus_latency,wCX/yDElOIg0VKZdnJoFTJZhlaRWT/P8oAbMyW0YEeU=,1150.0
consensus_latency,yBNU5de1hNJpheh4PYL5DQmAbqLHwb4YSQrlutkR4QY=,1150.0
consensus_latency,0vjgX9IdWSDWJIuUqGQL9IVZzp9+mY4uC0lG+Mu3480=,1150.0
consensus_latency,1YWNu/FkrLdbzgd9lOghkoSuR3k5ubRMbPvyFVXW74c=,1150.0
consensus_latency,9V9ajR5Rsc95IycNXbBbVOmpc0CTK+M0SviF2EaRPgA=,1150.0
consensus_latency,AKus0cUE27mL75I2Rsjhk6q8fZPG3zf9+AQd9wR3LAs=,1150.0
consensus_latency,CD3BUwv5gjlI05VYonU6quEATS82xyDEB2x/KX1MAoY=,1150.0
consensus_latency,CIbEeUCs4VBMXjBDphmfryyeRMj5VGV47GQaDxwk4J0=,1150.0
consensus_latency,H757kUyNEXHqOPTMdxxA5bD5NjHjZ5fjV+jWVjSSxuY=,1150.0
consensus_latency,ICIjJWxW5UwVNpMPakdDi/CR8kwN2hXopE+PUCx12mU=,1150.0
consensus_latency,IURrEfPzVVN6a0yGm7gzXmSAEHDHTmSbC+VQKnq9P1Y=,1150.0
consensus_latency,JMTj+78ytQej83jxQlhSbHUZi+M/IzCM5MVm2PYTGAw=,1150.0
consensus_latency,M4hXSgVtezZ2SF02HoeXPqoiG1ufUkDwIlo+IGvs1dw=,1150.0
consensus_latency,PeVst2ls0VRv28otOTh22BqbraDuYzBPDXiS76CvKnU=,1150.0
consensus_latency,Py0GNPWSOHTTkkS1qxiVnMcmB0MmbquoMurFUaIWOSQ=,1150.0
consensus_latency,UdmBTxi/b+JF/GhKDYyTuA3A7ftsC3bTISBddvIotwk=,1150.0
consensus_latency,YbQNO7qkhkWMAyBYwUiasU0FedcxKxuld6ekUeozpcQ=,1150.0
consensus_latency,ZDPVziEphTLx0Amve5RPaDr4Z03dd7eU8FwdZ1sQj68=,1150.0
consensus_latency,ZeOEfixqSgZNuHf4K/XkmKiyDiCEYjMwkQcGlMyd4ko=,1150.0
consensus_latency,bj2P3MLH8z/2WKvq9uYnxkvGu3ZXehCw4qYmYm0NNDU=,1150.0
consensus_latency,cKnXkZhf1D9RUwMABP1mmM5yDIoJUc0NA+ofPmmrI6Y=,1150.0
consensus_latency,c9VIV93REkPksChei+WD4zmKd7RmyuSLyZe7tZB+8us=,1150.0
consensus_latency,e4AeTAWOH9UPiRwKS9P3enp/2EBKEFOt4Li5rTgHXqQ=,1150.0
consensus_latency,kiZmykr/jLAvCZ5NPNpHJB7x1RFGUmG6JHAQqKHc3z4=,1150.0
consensus_latency,myHiewhJSn2WvpdPXBbzE0MrZ3zFNl8FIA/sKS0GjEY=,1150.0
consensus_latency,n27QUP20hTMuTIu0RDMzP2WonAhfZre0VPgLSXwMqbo=,1150.0
consensus_latency,oybwwuRcYIpbXnDPtxjUWlaKdBIDZWgGfe+yWIx3Opw=,1150.0
consensus_latency,qRDl+UPCcGXQni1zB7pwZUaVivLnt+TdIbENWHF7yU8=,1150.0
consensus_latency,tmISaGXZCCXWC2Dalpv3UKw3I62K+6y8x358Miqgpp0=,1150.0
consensus_latency,t1Eh6IWgfrCiTDxnAp2NRlFC5M1twK0RWJdX2DFaK6k=,1150.0
consensus_latency,vbChiTltgiBlfQPjqLWOTSypT+SMBrX7Ur6i+oUEFaU=,1150.0
consensus_latency,wDfGbt0x0sr+ApURLAsuK8T61/am0K/m+HoMwhcRgaI=,1150.0
consensus_latency,wzlUCN+s66jKPdT5S4KEiLnFVcGTpAoJpGIDf2+FqEQ=,1150.0
consensus_latency,w9zFB9tmeGmf3CN28TxEeOAhCHGVX0EnEn70emzqTno=,1150.0
consensus_latency,1YVBLKCRIyAf26XjBoBg3ESoIJtPqej2uQt8qv0udfQ=,1150.0
consensus_latency,2PKg4bYpbff5liX1/SHYWBAu5JjU59FEIVDY4L0doBA=,1150.0
consensus_latency,3RZjqbewp20VyxDRTu57VSn/8aI9n5Fg74IYBAgoaKs=,1150.0
consensus_latency,3qBdIaS16aM8U4pSu4VkTN7+DBaQhEQtrWBbe0gMxlg=,1150.0
consensus_latency,5o4vrH/IYbY/qCVlKV1Wy/REuavQCLiKLNnstiMqf8k=,1150.0
consensus_latency,9lEVUjkDOX4ZPtaYWJX7H6WH0+q9JWgnKhVtj+hpKrA=,1150.0
consensus_latency,fFWedyF2Jot/HNKoqmZwXR/NL+5ncBlQoX3+w7UqVzc=,1047.0
consensus_latency,fx4fjnslxRy1eay5423FDZ31Ga5qHK34wLdj1I9D/w4=,1047.0
consensus_latency,g/iioE90JVTV+Do/KjeCGT1KuhRm59n7pjlsFkBtPd0=,1047.0
consensus_latency,kZXDr5WZyITE3Z/vgzG5KuAf759JFr2EYMAZz1gJHb0=,1047.0
consensus_latency,++4uomZ9daKfGdRN5klM9mErCARFcwIJ1kcL5wkbUd8=,1047.0
consensus_latency,AAUUaCldsLudKwgefE9bpHdmI6JDnbAOCOIagmn+3E0=,1056.0
consensus_latency,ANjdIkOZ89BPVb5JwT0ifxtEeXW9v+TDaPo+WzF1NqQ=,1056.0
consensus_latency,FAII2fHVVHddpBvRpvFJUwoX+pcJFmUCMXkLoBU13LE=,1056.0
consensus_latency,FDv61jx5a5IXsCXLfgT7Fa17YoPqd5z8dSLdUkYLi+I=,1056.0
consensus_latency,FOu+8ThDZQ2Ll67lqxBLc6Ekm4nGv66HzPOv3OclYMA=,1056.0
consensus_latency,F3fF0wf413Mge0RvPPUls2pykZa4vkiEFlam5tqzc0Q=,1056.0
consensus_latency,G+6A/IoqNmJEDVDzbpGyaS+2i6ZvX0+NGkD1HA7SZMQ=,1056.0
consensus_latency,IoHEN3Ca6fuabVUY/gw94Kbcj6mSx3s6EcdqmFr2JDs=,1056.0
consensus_latency,JLYp4unH/rha58ROL76s1QEijq3+CGvdjFhSClZd9gU=,1056.0
consensus_latency,MyrvDv1/yYPyG4t7cKResg9ND7JcV14wGxJEBMHY2Cw=,1056.0
consensus_latency,OxIPL7xXFelyckmqGJjI9qgteVo1NsKUF4jq2wXXJb0=,1056.0
consensus_latency,Qi+ugMpZLxQqwCeLfNiozDHpGtKM4afJnlwB5wJNN7I=,1056.0
consensus_latency,XEirrxUICVVQ0/mXf7emA1Ds9oB9VE05moooMtko0tU=,1056.0
consensus_latency,XY+ut5yEfSTcaQ9wmrXonL7cuQfg4qtgLrMklIW/OzY=,1056.0
consensus_latency,XomFD1nRMNpeD1UBIM8qy61sVMegx6f5kKV8E+ziYXU=,1056.0
consensus_latency,jVsgDLbZYDoKjI1aAzb1g0OirN/pdjkkcZcLqnfV8DE=,1056.0
consensus_latency,jbDP2LnTAtc+7SL4RSAYfWucDBNOYK6T+MxqubUNpIU=,1056.0
consensus_latency,kMSjqdRSDi4CEH8DHqINaXB6MBY429HXHOpDnc6hDLU=,1056.0
consensus_latency,mfzf8v1jHRmcpOq1xE3xEo2n4PYGLIFzjzJSdUuslNU=,1056.0
consensus_latency,naLxZGY/HlwlbqbHv9e0fw+frLXygjW/ZtKg+TVB4jY=,1056.0
consensus_latency,pju2XtsbD+cLUDdN5WcMciBwFE6uHCQ/IKjB91xfo4Y=,1056.0
consensus_latency,r0GUQ+tqiPniu1SbbibsrIDCB9TKmA8yJUoWZBDZniA=,1056.0
consensus_latency,r2gvMIQc4i57pxOeNeI7dqTjEkmwRMX3OBhTpn4d1UI=,1056.0
consensus_latency,sUoaQZCm74T3tDcySzjdn9szy3EVoa7QPEX4A2y/528=,1056.0
consensus_latency,shyvOH7jxH7MmoyUgaF2zkDYhGoFFgyGDrsCG/8lq0Y=,1056.0
consensus_latency,x3ofqqDM2R4MlwHWYVHH3K8T8hre9eybxIicjfHJAYQ=,1056.0
consensus_latency,yTnfxwPRhpJwhDaO9NmzqaTObclTsfiQSnUQWG1d63o=,1056.0
consensus_latency,zAUDxsGSjq45mSINEPlJMRSD8YPeEB3BIsA3/fuqH+8=,1056.0
consensus_latency,14r0AZ5XHZ7C+SoPMSCKFjGmltGTGdSCUFACZuDjZfk=,1056.0
consensus_latency,6zaUOdwXHJMsCqYtxc+jRPcp516KrHF2C7sgiTjzi7A=,1056.0
consensus_latency,62vPoONQGgIGtJVbjtwbIv69lE+i/cnmnOYC5/JP2H0=,1056.0
consensus_latency,7yJEaACnh3zK/C/5kJnFmvXfnME3FJ+DHQChZjjB0ek=,1056.0
consensus_latency,SSC4O67iYzBOj831NHRlItOXrtWUg0utoOvTAqZm5HE=,1042.0
consensus_latency,Ua3sflVzWuQPKQ7eqXWOLB3E4WlgAShZm7wKJOiuTFA=,1042.0
consensus_latency,uGqEV4B0HHadBVmRNGw2hJjYUUWBtzDaGM6nlglAtpo=,1042.0
consensus_latency,w+aNXSF/FiTDf0XtuunVkkr385HF6EBHnKL8FnsviBQ=,1042.0
consensus_latency,4ijDKwbc/4CNP853CH8KA0OuIl0KBc6sAQkUZT8z2N0=,1042.0
consensus_latency,8A8jCrguLMsQyR25+fahVx5E70jsPZAJNNNNQ8nPMzU=,1042.0
consensus_latency,/lp3DQdYVEqAmdu2mnSIcdSuGY2IK+rz/WmrcpRfdo0=,1042.0
consensus_latency,Br4B8ngnnSUT9T0mNZOOkWpC/jOQBnZJ0Jg3y3qXuVI=,1041.0
consensus_latency,C71WvZnh/EwjvqJgqHFD1wy5wG4a4CfK7EuFa6Uqp1w=,1041.0
consensus_latency,F/7SYwoLJhKqn+5bLsepnpCWbu0Hkn4nV2tQwDSkETU=,1041.0
consensus_latency,HbQWPJaLBlXqFj7cL4gm7dPwbyn2jRG643+8x4LV3SU=,1041.0
consensus_latency,HjsH6u5ExOS88wXVOtxjyyYTgtaaauC6E6JoZXzQtU0=,1041.0
consensus_latency,Kat0lweG5sXcqIh9a9MDddrJ44RNGCLlkFYjlNNDWWg=,1041.0
consensus_latency,QvNjq8pCpFlBLqzUQc7TyIatqZpJ+WMhEmn5HKgjmGk=,1041.0
consensus_latency,RybevYuJOq17WKhuRflGLlQK0HalcXx/nr2xpktMM/g=,1041.0
consensus_latency,YhKj4RdnzLwUjwliNxhG/SrflbDfEg+O384b69KunYk=,1041.0
consensus_latency,bPz+AS1fPFbFf+HWNFtqIWaMVNW0yJCgZnqf0NJQBhM=,1041.0
consensus_latency,b1u5Q2zDLZlh0E7pAHSX469lWvmQvUcySUpOoN7k0/A=,1041.0
consensus_latency,dsI6YZEVqKDwb2cd8L1GA3UDjAlfWfwi1je6LeqvVLE=,1041.0
consensus_latency,g0wRuf+pK2MPhnoT6UpsQXkYDU/UOaqoIu4eI1XmcSk=,1041.0
consensus_latency,nzlcMT83W9UlZZimryu58xW1+34rg7dQ9OzzZ3hfBPo=,1041.0
consensus_latency,t1+IUDEuzQt1wYEvuvuTsAR6RwpmnTUQRx3kH6B5WRk=,1041.0
consensus_latency,uZMnseY6E0Uz/yzTU1IRloO5gCQbXTljEWhCt5Ya8nQ=,1041.0
consensus_latency,u3N3EPto+DKPFyczRqFPMPMLTotUaHBrVB72PbJVPtU=,1041.0
consensus_latency,vuR1Gx8Hm+inhV43l8GXVbViMbNRtrAQ+Hy8W+EBE9o=,1041.0
consensus_latency,wScrTs5OUVMy6KMgzSn2lMAAFloy0xOFzkoTBtQmNWg=,1041.0
consensus_latency,xaUDQPMltnFvDrDtQKI218b423scZRSn2JMNkHebqo8=,1041.0
consensus_latency,00xfItHf/K9DiZ6x071oXkSpXrLj34rutTtHj5nTnsM=,1041.0
consensus_latency,3t7KWamFOv4P69ZHAMO7Rwo4K6ubqFqKQkHZauQVfDQ=,1041.0
consensus_latency,9ZMy9kcYYkocJPki6Ud7SQSrHKu2WjY1fJffaXylA6w=,1041.0
consensus_latency,CjSdOeEznQOBKUGFjS49jY4iuqfw4/bjbsdlKkYdqSA=,1043.0
consensus_latency,FWykVnQme37xHGDr7YgChblwwdJvx9m8Pw14aejYqDQ=,1043.0
consensus_latency,JOeb1QSzciNRLCKb+9sWOx2etihXKFD+JQbmJmGhnJU=,1043.0
consensus_latency,PDaqaHciw+nOTZXKGyNQdxav9AxZZ+2SYbWyS0iyphA=,1043.0
consensus_latency,Qt2eIy1jpZpemlxb2vldNoLpASE5b2jsGUOp0aKmzpM=,1043.0
consensus_latency,lbDlRMUlnOGnc+afV1kJcS+fPNZ9lg2+rwnm14/lTno=,1043.0
consensus_latency,BUsE9t5k6wZL1mWb+pm2Q7d63nrZFdkFxu29EwMs6Nk=,1042.0
consensus_latency,IXLh3XlHCoWq3+8ITg62Fe0YnpnNE9CEk/GRApOlKqo=,1042.0
consensus_latency,JD1ImI/eeXXEozIosnCssfxb1mwKJ+VRia5thWe16hI=,1042.0
consensus_latency,kYBJdifa5tikDa2jAxjfY4s7P8K14lcgad43ZnwcB9M=,1042.0
consensus_latency,96o+bDKuC6NbV0fvgvTYr6kwqJ9NiJEi1clRkv4Gcu8=,1042.0
consensus_latency,+U22TdUoNGzPxHVQV+/iV0cWyib24ZGnApPDR1id7ZQ=,1042.0
consensus_latency,/t6WFFNuUpw1UoSTHhUbHyGl0DvGsId4z+o5ttVC31M=,1042.0
consensus_latency,Ksd1GzHbbV3cl3kJUQPRAk67gi+fkGLbeuZ2vvKGuwQ=,682.0
consensus_latency,R/NNGtzyBlIZoCee/FzGjOONkV1s+Eo7ywgzdVPxujU=,682.0
consensus_latency,ShUr3dxnvEy40JrB4GEEWfpOH4pMQci7TacYFhxxYok=,682.0
consensus_latency,Sm/AYnJRttZsH/kTlmQ543d3ogXnpRfIqUcdXZS0Uzw=,682.0
consensus_latency,lDZsJiiGaRLjK0O76ouUX2lMh2pgLdBFDjQ4i7bDMgM=,682.0
consensus_latency,rsIPQt1WSjdv5kK3a4dHohRzlyN7ACpiYT0TiNxyTWU=,682.0
consensus_latency,5wVV55jv7uOQarhGzv/dvDQFomrxRZJms8kcD+Smuyw=,682.0
consensus_latency,lYuH5WBrqwgWA0KTLGG3tww9XM5PwcWFModKh4oh61A=,3078.0
consensus_latency,R/RRZKIfB/H84Rl3UnvoFJSGMQBR56PQHqYiMrvg+kk=,2736.0
consensus_latency,kQL6juSwKE7kdGno77+8WUIFXwiwg9D0KfoSlbkIYSw=,2736.0
consensus_latency,wPkkTC03Z/fwwKOGSjxpwJ0Ybyu1JOgpbVuYZsgFD1A=,2736.0
consensus_latency,BT0UKmG03Uf7+R9HAOWiqdX08uvBJvifMDCZ3BCubTQ=,2737.0
consensus_latency,P6icTwUyYzSXN+BH9ZHxxHKACSVqor0ls31sOInZWMI=,2737.0
consensus_latency,r/QZZ0AWBER6nnfy/Pz9Job3Y6Pj7JqPnQzeFq/CuII=,2737.0
consensus_latency,8w9dhs2GhdNxiwXpB5dfw3xpX89/h+lv5LMBWwnz+38=,2737.0
consensus_latency,F9DeIoFS7BGmBv4Gvv0+qNbhs00bLaqSEKXneIvncIc=,2736.0
consensus_latency,J0mhqCO1Q5R22lxK95BqTKEJa9PEVX9V6iyBbEHBPtI=,2736.0
consensus_latency,PsWTgZ2S7n0OLMjsRkKe4w9jRZ9d13XOnZ8G7sjeeEw=,2736.0
consensus_latency,XyL5tBA5bN3qcYlbaIo8GrqJjU+w7EIncSV7c6O49gk=,2736.0
consensus_latency,m9z39eGXLYHixIoudOZTUyi1UFh/goCMxJ0ocWsFBWc=,2736.0
consensus_latency,p6DKJyGdUb7cbvSi0cd7mshrCLklcXH+3kYP1RTZ7AA=,2736.0
consensus_latency,21ebAnq85Xl+xcKwSbH0OTRJrcLUhu/0v0zat/udASI=,2736.0
consensus_latency,an87kh9cuPK5wL1SJI9JXAlWuERbtb9duUEqXtvgGdM=,2620.0
consensus_latency,gv0wmU2x/+3t0c5Sw+eM1LhtPrmZIMwb9calieQvpLI=,2620.0
consensus_latency,h81IgZJUEWaXNg020DtAW9JR5S0NqNppIjhxKMToBFk=,2620.0
consensus_latency,ohSXKjX999OTYG0wup7xBYEoRh514BoRzzn/ln+irJU=,2620.0
consensus_latency,s9oJf9r7WxK5vfaJZ0YTiZj52Np0mMOANTRX6cBWSz8=,2620.0
consensus_latency,0j7Ke5ke0eLm/MkG23rMIVL8bqnUHPOurDz0zwdNTxY=,2620.0
consensus_latency,A5b+Dbk2JYMdOF4EF8gBy+wyJMnQUuOqzncjXDR8mi4=,2681.0
consensus_latency,C7NbQWbbShOezP/wLprXLX2CNiQVtFf/TG7F301Pric=,2681.0
consensus_latency,EZP10r0K6VbxdC9U2KEk/9P9IyxC/YVU3nHNOKbI4Ls=,2681.0
consensus_latency,MYgknjuDCkTfP73Sl6kz0dxAEMfZAhrGA1MZJ+g66vU=,2681.0
consensus_latency,O3UlQuxOVGW0OmO3biURLRu8+XFtRtyX6rKIzykEcME=,2681.0
consensus_latency,TjwPDgAjzKDp1461ex+b2o/OgY3hKEtIOThqTv2lHLQ=,2681.0
consensus_latency,UYilgJgTb8v8RZu5E0GVV+v5P2SsACfjqeh7Rg4+/7o=,2681.0
consensus_latency,VRvoMpXyJA8xvC5od2YMb0ZH02/0sJSVL/1FC/SezEg=,2681.0
consensus_latency,VuD5mROjI1gEHedyUQq/ERv3lnI5lPiyIDE7LzRhPk4=,2681.0
consensus_latency,WuHuGvfOjMZNwoZ6kw0ybB7DRrlHzZCo9FCNFFUnUqM=,2681.0
consensus_latency,crqShRuP4/q2z9YPtHgE1czK6d3h7/HQr61uA+me1+M=,2681.0
consensus_latency,c14/3PNrZPuZtJNz3HfUwr+O7vNQs8zWw6knvP4/ml4=,2681.0
consensus_latency,eWphrS04adsbpNSPmerJRQ8uJMs4HzWRWXGniFjDAoc=,2681.0
consensus_latency,g9oyOelAZMDaaiXCt+Ti1eNU10PrSeqJ7MCXNzOTtFY=,2681.0
consensus_latency,hGrDb/+YZA99E/2VmLYurqe5QOv3BbWaLud0/Qrp62Q=,2681.0
consensus_latency,oqoR3q1BuyCYP6NaY55CeSPzsa1OlaDPocvmML0WVyA=,2681.0
consensus_latency,sWRkk/P3tYKcurcfSYsBKvglIa1PX6xdqvI+ZrJjeRA=,2681.0
consensus_latency,x8Kn2PpeMYWloKK8fpWvWHl2D3EFqr8GGgLS0WWJmRs=,2681.0
consensus_latency,yxNGQxA1kX3CfwTGZHIbrNJvTuZRB00l4Zq3JK7nNik=,2681.0
consensus_latency,1c2ZbXmCp+jX8bOFhqNJfVhNztL6w2oB/PsmeXFLkuM=,2681.0
consensus_latency,39wvbbThAr2nwDZBe5eaUjqeGzKbGTjtRoB8JIqSjaQ=,2681.0
consensus_latency,44gsu+Y/CObXpH8QzqS+RcBjrBzvskPmDJ+gRpDkYes=,2681.0
consensus_latency,5YvTrPVmXD5QxR+VXBHL0ciU+Pmtrj8dASjDNY/Jrak=,2681.0
consensus_latency,6/GHbWT52vFCNliaJXv/dtSdLPW/8FFRLsiHNMDrA30=,2681.0
consensus_latency,7uvLwv39OS35egFdkSyanxi5UHix/AoDdQ+KGAPOnrE=,2681.0
consensus_latency,9fQzihvhMleG1qUOj8IhgSq79209s6F8eaYO5kygxEk=,2681.0
consensus_latency,+7Nf1i77WZ6Pd5dyWcCTjCHYST7LVeUHIIxLfqvuJYo=,2681.0
consensus_latency,JeJhjZ/2676774wloBC7oxH1sd1nkrpoptKm0ZV6ZNI=,2581.0
consensus_latency,OGGkZ+E6ARFkTFlT1SPFkwKQ8RRL6xTfjjblE/pKjdA=,2581.0
consensus_latency,Q4gTLH/7qelujyVkVjtSuuH6lyYL4r+1fFbfNhMjSv0=,2581.0
consensus_latency,R56agw0nBfqfIX2gXs/FDJowZnA/iYPWErRVBXyT6Ic=,2581.0
consensus_latency,bvZcpEF+VxN7gHB+kIC3+Ztnyfee5HWLCbExkQyetHY=,2581.0
consensus_latency,f2EqVLhE1sSQaxRN8OqLW0zdZTwiEJ82noS1Nv6q9Yo=,2581.0
consensus_latency,sTvrPTYuDtXUT1Lr6nfU/daBGPPQOctlouixfppsGas=,2581.0
consensus_latency,158MhfFpfRxHdLhki0nXC+GTvwsUyok4dQGVlSc0Zqs=,2581.0
consensus_latency,4De230y0Yk1DjH3wfcu2SvtXbthS34FJtAhT+a8cD1k=,2581.0
consensus_latency,LPDjVsszApEV/bTmPip/RkwIeeR1m3mkQGRddAfnknc=,2583.0
consensus_latency,CVVasUW6ga3Pdn6ezWaiNoORRGE/HhIm5UxIuSDpR4k=,2527.0
consensus_latency,FRgztSZqskNfGbTBI3yqW+PSDA8llhPabxT1YsImdNI=,2527.0
consensus_latency,GGO4fMymB3g231T35+L7fDEWjKNgokd1QYAXIPF40SU=,2527.0
consensus_latency,JREryyWIdShGc7JECgBm4acpYnjm3oPSjOqWl0RdRxk=,2527.0
consensus_latency,PI48kcP04LRaVkTShs5PU2Trausjamyx/Wsmm8KlQIM=,2527.0
consensus_latency,RzqjV2g5IkDy0a5UkG0zZZyZN7WIQjOPrex09HT3s1g=,2527.0
consensus_latency,STM9dLNHeVz9DV0N5n2QuthCShI/b5/TI1B/uAm4oUw=,2527.0
consensus_latency,YtnsvBaiOI9oNt1VwcJzqiOrRBNpk0G8jVYvhwK7sp8=,2527.0
consensus_latency,el3KcO60bQPP20136FfgxD8T6AwmQgcO0yW2LwFIGqM=,2527.0
consensus_latency,gTv9zFBnj4T8VuFzFu0D9fnpMD6QnEWinjF/00GJ0z8=,2527.0
consensus_latency,kho7D8WI6ZkQTjWM906w+hX9tXO+5lt+1UW0G+f+ZB0=,2527.0
consensus_latency,w/P7cWNzqknQOVLYOg5i9IYwdYtLlZKuT5q2h75PqKA=,2527.0
consensus_latency,yQB+h2zx/m8IqFIGf6vZ2ywBs/LrtTzjhccGHvEqVQs=,2527.0
consensus_latency,+tjtEz64f32zslSVCn0ccpb0arVhN6R9vDzBzxvO6Fw=,2527.0
consensus_latency,Bk0nu9loKosuEeMpSR8DAR9vhEYrtPOhfu4TIyQeMTk=,2583.0
consensus_latency,EGhH36RqvYsbvZxf6qIikPOs1dfmAOub/WLMa6A2wdc=,2583.0
consensus_latency,OJA1kFQ6oU2pZBEhwRuODHQBc+tWiGhf3DNrwLBYAI8=,2583.0
consensus_latency,QQiIx3Lik5SJ0WrGj90/j5uiPpZ79oGsSuI5QkImZ6s=,2583.0
consensus_latency,SqrCabFpDecBSs3WfteOJm5jrIqwlTmQZoRaeKqJKWQ=,2583.0
consensus_latency,UdPpY8LjlidM9fKzn7Pr9pK20qBvNVvMW5/LQg6y/VA=,2583.0
consensus_latency,px8oEVI5J4mwB/FjzPefJWGODWC+RdeA46RAcUq7F0Y=,2583.0
consensus_latency,vtzRtygiPIu6jIKpTn9RBk13q2WmiUgY7sp/PY8sZRM=,2583.0
consensus_latency,+wVGFiykQICagNHaCK0pIZtReysaIg7PT8xHjxwkDOQ=,2583.0
consensus_latency,E8utZKMFP64zlvTn0gvDhTWLxoVz3/5ZsP9H6FpHTFk=,2582.0
consensus_latency,HtqPbGAJY8Ach91+8Zn2mGX+6K0gPbjrx+ps0eaSnUo=,2582.0
consensus_latency,Zuf2zM+9KA0ciYdyV6sb9T2fN6ht60CCWAmNP/KBdHA=,2582.0
consensus_latency,asrdkBw5Wp62YpFTSPH82uFrwKjJGS6V91/X1yh+T20=,2582.0
consensus_latency,gqx2WntF6tWiyFswBpUGwdcLzc7Yx4yeny0Gfe6jE9E=,2582.0
consensus_latency,iINEPvUoaar8Vygvd2VPFZBH+mNvqGMjTjdlq1roJ0c=,2582.0
consensus_latency,oVuDJkxgs3Z64isYhbg67EkQgc4sP7DtMPruKNtCbZI=,2582.0
consensus_latency,pQff1F2BRRAshxKSFWnT00kOElhDJ+GIAzJwj08+YqQ=,2582.0
consensus_latency,rAqDh1X/QeFYosx2CxIRZqZkikZDro88PviT449Z4+A=,2582.0
consensus_latency,tOw1DiLIl0JASHJ02nk+wVihceye2vgFOfObKZNmkhE=,2582.0
consensus_latency,tY58dVAZL0BlaU4gqVYqcxWItQjYPKh10cjXdCSxmSg=,2582.0
consensus_latency,0cLMoYGdNN1xLMHLTjp5zvqmJe8QaW5NRFwvlWFLzCo=,2582.0
consensus_latency,5KYnddvJw+dA3rRLo7a8kyw2VxhzEIjraJpV+UhWkn4=,2582.0
consensus_latency,+vr/OYeGnMFY7hX4/lE4Ve8A7Wi0eyylxyN1H3czLQI=,2582.0
consensus_latency,C02vD+jK0VK8kFaPM60FI9gAv2qNYVxBlZ5hfD7anxM=,2581.0
consensus_latency,QXkCTl6K7Ri2owNKbc7iMGmDO4/YtSnqeC/ND1sBKzE=,2581.0
consensus_latency,UVEiVznL21z6dUFvbCUYFpByRX1uQnA11Znsf4luF5E=,2581.0
consensus_latency,fI3Dnu5SBh4wzdsy+ebmG7L/nh9CcZyBRXXheob+TN4=,2581.0
consensus_latency,x+40dJ9UEufY9OS0y6tR9aBXMaC0Xs0DZ0MTplfWWuo=,2581.0
consensus_latency,07julUqWaBhB8lT7HTuD7YMrhHcGjLaMXZdLkViiL/8=,2581.0
consensus_latency,1G5YlcjAxplfIEHbLVJHs8BK4qij1xKH5P4IvPSiOGI=,2581.0
consensus_latency,3S/4RqurCARL9kaEYhfW/RpDh346NJk5in5h8WHgmbM=,2581.0
consensus_latency,DdGQ7Qp6a4xRCr79Tk+2ScWLMBthN1PIZQNSRcrOtas=,2473.0
consensus_latency,KPBMjfeDD98TzdyVlJd0H2Eds+aSNFzWAPtIkXoz/DA=,2473.0
consensus_latency,MnKsLgmlTVdOYc3ux1niG7/UOL932Mc0JGnqBrE0vKk=,2473.0
consensus_latency,hG1tMITTylC2/kjEO4izfodcK7h/Hu6FTOHZJGraB9w=,2473.0
consensus_latency,wFdz5Gm7Ke/zSWZy6MaSub3MAi8cb1cOkp8PAjRUWFA=,2473.0
consensus_latency,yM8p76MZ+9KiLoXQysnkomDb53ub73uLZpX2MYFAcvc=,2473.0
consensus_latency,79R59WZYtNi/nD2e5C+PDP6g6QVNMrskqcAa7kkjXhQ=,2473.0
consensus_latency,ELS1wpZnLTj/VOwCRLmHBiXTiqPJgOtwKnRP941gTIw=,2472.0
consensus_latency,EsMDehwDLU0weVlxmf61wBZFF2h/oK1G8wJwI8lvmEw=,2472.0
consensus_latency,I0SWzmWmmbde4hU6ql0QHt/0bgu83u/6OJ8dgkcK1qo=,2472.0
consensus_latency,YCtF1S3ceNZMju1rmX3sk7JRs27UenShoU9nKv21qrI=,2472.0
consensus_latency,ZshVW3vX3jnSoZa0eI7FgoMA4ij/xwF7hi4+zJN/I1Y=,2472.0
consensus_latency,gynq+cWXjizqHRoPjK45Uz1um+8tqLFGLyYASt+XXnw=,2472.0
consensus_latency,jZm9tbqgIFUa6i3XcRSd6GMROIgoQBNYsSRr7wuJbqk=,2472.0
consensus_latency,kGFjk7s7fciuIwpoSS3Qdc5TYMzKt3oYQ90uQXD6Xw8=,2472.0
consensus_latency,lCHrOlG0w3S1L9Bule6W8W8zGWT3D5cC8tcKkPtb+uE=,2472.0
consensus_latency,sGzCkaQLUXK3ZAXmSb4Aj/vTi4oWTqvxeB5aKk7zaCE=,2472.0
consensus_latency,y/2BssXrDdcJt56NKjgcnSNdIVytUyFTZss5NLEV5Ao=,2472.0
consensus_latency,3o0RTctJT17+C3gEVinz5EhUR3Y7VWrXl5ngMgnS7Xk=,2472.0
consensus_latency,4VF20Mm25p1E+P+CG70dOu2uSI+ukQZ89JMxZMMeLgg=,2472.0
consensus_latency,7u3HarrimcGo2b0bXrmSFVNcR2XXCAEAAECoPbqefiQ=,2472.0
consensus_latency,ARaswm/QbaQuKFIxHlM0Nfjl8le+KTxAL+H1DfTwKQ0=,2475.0
consensus_latency,FLLX4MB9P1L+Z9KLAQB9UhOEaSK0xAbkWjCrrTcicM4=,2475.0
consensus_latency,GcdvtWQ0jJ1I3F3DeDRmiDduGRoJ3J67BnBd4Y+LXss=,2475.0
consensus_latency,JSGBE1a3K3wWMVyk/AYmJJ4z+wRnciwwj9jPHrzBKTs=,2475.0
consensus_latency,UYLxV98kA6lZn84+qHmNrdoQPBkLWhyvHzwrdhufyrQ=,2475.0
consensus_latency,YRlGTOHYXlJMyn4rvA4tPaXiKHvIOt50awdhuZrVGks=,2475.0
consensus_latency,YiwVqiF5vC0Bc7BPhC4yKdNTsmcLoJElcYUgUl+0usY=,2475.0
consensus_latency,ZiGCqoTQ9FYmsVJbL9s2mGXbQVqIfetkxvZsfnb7Gq8=,2475.0
consensus_latency,hTux8fCZxbjgCZ48Er08GAlXnNoAiSxENzodfeXbF1k=,2475.0
consensus_latency,h4ZytCJktDmPcm3RzRwRvNSRFPDwnz+w7IZk9gW34GQ=,2475.0
consensus_latency,iNUoQYZ1O/c8fqbKeDMNHKun0g9qTGEBtCkMwKwYdCc=,2475.0
consensus_latency,lNEnyZ/iasTjreo1V9B569xRHidNkRytot8tgnRMpuA=,2475.0
consensus_latency,n/X+M7U2dSiBkRxRBM4LAeTBJEWm1JNFMisEIOU5MZ4=,2475.0
consensus_latency,olPhS05uRuZIpvemkPt23Nel592FMSJrxpWB83Y0yHg=,2475.0
consensus_latency,pDrr2V12X9DDqiomK88pjdGk4eOYMY27ltrGqBmL0Wk=,2475.0
consensus_latency,pVAa5RjZVGGmAMse/FQOwAySO4kPvsp+cYOMh/FYsfI=,2475.0
consensus_latency,pn/kfnPwrn1VABprKxdGwyVvCUz3iQ5YzjGfuzGJMdw=,2475.0
consensus_latency,x8a03kEdnTnZch0wTtRmA97X3folYLhcqOSIp+l3E9w=,2475.0
consensus_latency,x/IteM1ZFsXIyZuAGP1FxsXvgK0kkFd35Kkpbv1vtC8=,2475.0
consensus_latency,0TX9pIhai0/gSDXjh/duzBclG+q+PiMp+oBptFZoOw0=,2475.0
consensus_latency,3Bd859OuGJFcGoEBu4xHOSmVj09kZ8MCho8leTMGlWM=,2475.0
consensus_latency,3os7wlSVbCB5bXgnszQX9nNhYtX81rjFOg7FGR4HNS0=,2475.0
consensus_latency,45p0kKQjIANGQlZJgOPwYD2HLOAOgrvD+VeVRIKCq/g=,2475.0
consensus_latency,49U8alGyjlO8Db0w72zqRkjMw7eIDTDXZhCZZINWvXk=,2475.0
consensus_latency,B0rZt1RuV3gLv6zj9l+rI+hGvvcnpb9BIMdYCbwlcV8=,2473.0
consensus_latency,GmcpDast4MGL/v2emZ5WjRmnsZA1WHLt7PGFd6ZrOSU=,2473.0
consensus_latency,QwhamVFds2T2TpoDvNcgtW1rNB+TOVL8bbe2VyvOfnY=,2473.0
consensus_latency,RT0ZQ/0Gzn9LMmErBMvYONl4JJYKA7cHJ1MtD22efVc=,2473.0
consensus_latency,Z4HmkdNFPVRGe0xi+krlAzfGyfb4Mfj0kvAwddowvlQ=,2473.0
consensus_latency,i3f/L0xKoKViLCEhaKIryecRS+wYclkQLE0HooIcw1g=,2473.0
consensus_latency,3UTdkMARr5h/zxDIsCPbOsbQFf/8Kv4kCFqmaLnF/lE=,2473.0
consensus_latency,pjSjVYiDlAZflMxJYozDhsRKP+3a2clAfTJcNHJEobY=,2472.0
consensus_latency,SlN1Bdm4Op1HODgt2xDjF3IR5OOeMNR7R1A+WeL7cII=,2474.0
consensus_latency,W076qFZYGz4wnzVle0fE0l/QC/HdUh7t1HqB0nFX/CE=,2474.0
consensus_latency,W3h9/TT/DXS1msPusPJe4phHlKiH+EjX90o+olmvaOg=,2474.0
consensus_latency,uPLan+K8xup6Ldp+WuJXbEe1Gq3c7WetKSTlBjFyCfI=,2474.0
consensus_latency,01QBPPerrnwNTbkhCGs2UHTddLA+cjOMATWuYFaGyd8=,2474.0
consensus_latency,1Gq3/uZizjcuWP/p9nSb/skCF0LPOArMFfT3iD0xwU0=,2474.0
consensus_latency,2thZNs11/81HlCva1otphIwRAjfKrvOFDnJc0rwQ/j0=,2474.0
consensus_latency,+Z/rpr7qVglmShBI6puDSwvc17McXfgsS8rWNoSIPOg=,2474.0
consensus_latency,J+ILuNarFj+EiTCjm5FoF02kN4l1cJUto44ufRKAqv8=,2207.0
consensus_latency,L8zla5nUTp0EIDYevY5kkydKva7U66QrHoeG2w5Flv0=,2207.0
consensus_latency,NOlina+2n10CShFXuqFaSPqljTSzgTc5K/FCCMe+12o=,2207.0
consensus_latency,XrmSCaht/LX77QseSCJX+GuYNKGScRovMlKFrsFMGjI=,2207.0
consensus_latency,Rz5DD6tsVf9aFdABbxf5I1UJt+TmgqNusewGLFFDz40=,2213.0
consensus_latency,sNI4bVsPgKk057FljrNooJccV9kCd8By3Cyj3n3wY/o=,2213.0
consensus_latency,6Vfv1Ej9IXsQagv0dg/tY8TEao8cU/ALSKJkFFQZo+g=,2213.0
consensus_latency,7QdPmpZvOVXGf8UD6lZcIheuhF5Y2jiJVJyFosJo1Fw=,2213.0
consensus_latency,THnqiJgxT9Cmu3GjcnU5B4InXXKOIltv3a0XDDNCNhY=,2217.0
consensus_latency,lFdDNhQUf4kMe4gfPGbWV/+R0bKaZDNsX9esNowVdkg=,2216.0
consensus_latency,ACa3tkA/xGiDnwitRvYfiZWd5GJDQebFzZawSWy4Z1g=,2215.0
consensus_latency,GynlDqIj+yREruiYHePdeL+Ajp4Bd6KWlfCWayrPVhs=,2215.0
consensus_latency,TKHJ4H3ZkU/dT9A6Aa+mAR1ZfapdSY243z9s9w1sw9g=,2215.0
consensus_latency,TMpZph98yMeR5rzgEcApjROr1hkK4uYVrouq3a7gUbk=,2215.0
consensus_latency,U8Qz9BTSlKmjukddjftdxf8Hav/6mR95XsP0lrN2wc4=,2215.0
consensus_latency,frGjKtGlEhyPz4GUCe2VvoxJV8g2ciIkYdUFxKn0pqk=,2215.0
consensus_latency,hFpYW4JyTQaGTKlTPlNY1aJREeZ0WhUJXuALA73K6S0=,2215.0
consensus_latency,opbFDSPmh2O49+qLCYJaED/T2j/qwCpv8dihQeiCNhs=,2215.0
consensus_latency,uePr/GVRlgFOClNi2k85q6x15t4WhhUIzuHa0qA1Kro=,2215.0
consensus_latency,xW/0yxQ/S5k+ha6/fTetD6Gp9MWOYzm6HxhNi1fULt0=,2215.0
consensus_latency,0Zi4QCR3yhc38cv17iVNJ11Tsb2pQzzY17Yyg6Wlt7Q=,2215.0
consensus_latency,1NxUCk8/fqi4FaIzdB8/kT5IRx61sVDUJHkb7ljhqys=,2215.0
consensus_latency,3UjWwiVVXMiHGagyFzsj0GAQdWE2vwoIRIDCQyi50Fg=,2215.0
consensus_latency,7Fgbun00oNWHdHvc8qp9xBui9YO68RsK/27cLN5C0+w=,2215.0
consensus_latency,NZwelLgxuUGTjzbUOqIxRHc3lWNbgSZDLwc+qa9Hs38=,1902.0
consensus_latency,ZQWjkEEES1ISwBPJXIjXyneO9V40fct2taBLMv4kzc0=,1902.0
consensus_latency,dHk6JRIsFNE2aqav3ON7Yc+wNnF2KNmXqMyHYpgVgcY=,1902.0
consensus_latency,ig3y6plwfwpqFY8LYZZTQnvQERqw9JY3ahu1Btv4BaA=,1902.0
consensus_latency,iuq2un5AdhedxL/tZp/iDOjgvGgP40rQ+ZukEGeZc/w=,1902.0
consensus_latency,mYE63Yu5+wy8/6vINNC2/cbQ/cxO1Z1cfs3Nip9zd64=,1902.0
consensus_latency,n9O1uiaulBf9yZ6cv5231uvmzx2DSxUueUeW8nwDt5c=,1902.0
consensus_latency,rCcHt6JlExNYX5rNZES826FbVOB/I87LdH9IIj5JPLM=,1902.0
consensus_latency,s6UPg1Nxiwwto/yittxy7B+hj7Fl7QT3pR0UYQJGB/g=,1902.0
consensus_latency,t9WFADZ9SAugEQqDXMV2s3+wA4cXTLNK4aYdvbJquh0=,1902.0
consensus_latency,wohRj48AhzjEOjQwWxtyE+iaBrLJpZkFQ2Tgr+Im0ZE=,1902.0
consensus_latency,zRv51h210X5bMcl3QU+jdN3ynHbfPewUOyejMfRalp4=,1902.0
consensus_latency,0LPCzPHGGeUkzwnJ57Hg5t4rEcBtDOd1CfAEewElxl0=,1902.0
consensus_latency,2TT3DWpsaBmwoTvcd3atYEg9mle5xQ8BAjyvGm48ZJA=,1902.0
consensus_latency,3cl00wN7nt4nr05W8fS75Doz6ILgOvFyJftAHNhPpRE=,1902.0
consensus_latency,+vLtNkLmuU8cspfYjJrnXqhEeTuzf8dvSX+5tNhm4/U=,1902.0
consensus_latency,++/MiT3LE8vciGLr4QT2aXxPzsIcZBzskxxGUXIPBNQ=,1902.0
consensus_latency,E6PONmZ9L6Z0tdcsD8mUxscAY7hy+J9qFehP5i3tgFQ=,1901.0
consensus_latency,KOZpO8UnYGiuyNE0GjYoHhMFpg5xPWQ1Uy46w5U1i9A=,1901.0
consensus_latency,PNg2bpwcijp5IgEw9Wn22DXnpXrs3m/jyxsJ6VK3/u8=,1901.0
consensus_latency,RvTsoWYGoCqoAJ3CHc2HDN2yHtvP+Rg+Yk0uer5zBqY=,1901.0
consensus_latency,S7RQC9kqX16mJfpS3VFL5zqRghfCZOjd5CpFSCl7iT0=,1901.0
consensus_latency,TeMH8NGSkWu9BkaLCGwgehFrVmP+4UPTmmLL7YcYTU0=,1901.0
consensus_latency,Vl0kJuT6kzVzvqdo5FTMm0r30GVBlvCXmxeAay5svcw=,1901.0
consensus_latency,VxzS7ra3dmwgOLlBHJIoo0BiEZ2HAp6y3p2sLrJdA9M=,1901.0
consensus_latency,WPKh2SdYRNii4qLTb0GfJwcUPvkr4igavjybxx1Sbjs=,1901.0
consensus_latency,h0PcdXfhpWXU2zoFMiu7rf/CRlN1+IypKOg6Gr95THk=,1901.0
consensus_latency,mWS5ZbrDTY6GjyxJO/LdXR+Dd3gI+JKpXOAxTunoE/8=,1901.0
consensus_latency,tcmk1VH8dIA0kP73t2GeAkhjON0CxzWtQgsw4dJUTow=,1901.0
consensus_latency,vpOUPZSylz/igPvo8y/KQ6RiFDehYdL1PsMxlbYPays=,1901.0
consensus_latency,0YOv5V1Pinb08IKWLW2GLkpdi1v5TtWfWIPYycptYHM=,1901.0
consensus_latency,2CiBmy3iOoUIXANaeQKR83EmF+zCGiw1yZKMWimKwVI=,1901.0
consensus_latency,4/c4yg87+BublWT/i5fsB8pRwhFe/SVqMPv23C6Thkw=,1901.0
consensus_latency,5mqC2DVD4HsduAVamwEJaZv1r2JvIDoTxh7TA78mcGk=,1901.0
consensus_latency,55wz+NMW/UNNCrGq7cn25V7gR9OqYAjmvwJM07l5UNs=,1901.0
consensus_latency,62gtBxIzk1mHIP8NuWiuEPevDeM8Flgg9W+DJQv8u8U=,1901.0
consensus_latency,IOA1GW+Ujevy9YVUU8PECzgo5s+AVQ03VkfWKEOBQyE=,1954.0
consensus_latency,ZNFw0ELCfhm3E/z/7OgZMSwLCyUqmLgWXCIsmxduGhE=,1954.0
consensus_latency,bSdhBDarXQ8m01/DWJEKhXZvjVAPMtfE43oOr5dZuK8=,1954.0
consensus_latency,floEx9nFJjdWSOZszGHcsIX7/9vK5Epj+FF10wOHVjo=,1954.0
consensus_latency,0dCzTSSH0CNFP/U4CGa0T6rogWqWDsCfEClJN2z4K60=,1954.0
consensus_latency,0scL2eCj9vnR+LkV7DkNwcDSYEKGyGaf9rwJgtOH42Q=,1954.0
consensus_latency,+dMnWv205iTQYGBMWHkRMCtHrlSbmnPozOp+nJ8q2sI=,1954.0
consensus_latency,CEvIYnSSQNa51XQWmY5icH/wm0nRH9x8QU2gNl8F3KI=,1905.0
consensus_latency,KI58/2nsaBW0BuzqhKw2PRPnF6/viMs6zoQe7YTJuy4=,1905.0
consensus_latency,K+j+g760e8O6+HKwlO4Fcgby0o8q/xzre0U6PeoXp4M=,1905.0
consensus_latency,LVoqOVecLXqfsAwju7FMLp9Udev0V+75PTNx+/kGOJ8=,1905.0
consensus_latency,M6qXaZmHnS9LdkdDaXWCFD8XLIBh5fjDsp9xwvOnjKE=,1905.0
consensus_latency,TYIhcP1nx86sQDyNffv1Bji4xyDb9YQyLtn/DPeCzpM=,1905.0
consensus_latency,UDbkDA9EXBWXk3wAH2CTFAbywtd6fEABSBgJKb60PAs=,1905.0
consensus_latency,Xm0VXZq7M0Q545rT9UaB8p9pJCQ3EgCto09q83rCaUA=,1905.0
consensus_latency,YJW/YF2gLIf2og5eIxmgzeKzXcZhfFrDj76QsNYeV+s=,1905.0
consensus_latency,cB9YCml04EG4Rae3vv933hmi33/5lKcMFwhrmGh6uFc=,1905.0
consensus_latency,dPfNFzhcFLgcRj/J+Q8+CNpbWM16e84Q+3GlyvQuUxo=,1905.0
consensus_latency,dys/VCNEgKdhE2nZd+tJHGLgehpSL6dGMNGzCeC1Fpw=,1905.0
consensus_latency,fc1717LORBknlCYpWG8N+cpm9sSunAl3grX1TrKij+I=,1905.0
consensus_latency,nQo0UlY25sFUDPV0hZ9YmScpqfMZYe87AhLzYYcrCi8=,1905.0
consensus_latency,sRJHO7KB4X+ts+1wZDXZkcbYwl2Zq/nfv0I2E4M3CPY=,1905.0
consensus_latency,5aapP/R0oJFMA/bfYo/51LIuTGJ9D3CLoCdvo/giDtA=,1905.0
consensus_latency,6fg00gAJx/2bD2cBTp15scuS7KaExp43EU+53MSbBaU=,1905.0
consensus_latency,8J9YhnL0YVnYXsTV9xoPYZT1U7s9KVAHotrtkn5Gl4Y=,1906.0
consensus_latency,+yWcVvGzSXO5lwlkdWljrN35MRLGlvuCKCkzIs2s/Uc=,1906.0
consensus_latency,CDNMm+lkuGss00pgdfB731UkqFlImUdawQHJUDyPkO8=,1903.0
consensus_latency,FhaF1vriEveo2psWkscgtOmhnWPDOZhxWY20463Ko4Y=,1903.0
consensus_latency,GBLxNWD5Ey2VuoAj5lDjaIq6ZvvVmyog56tq262rKAw=,1903.0
consensus_latency,LUZOV0N5YQ1RpJGa4TW6sNNpUgHdBsQ/HU7osT6A9No=,1903.0
consensus_latency,MjZPoQIUATWlRsCOzYYd5m9lb5oSrAtEOcuyCxW6kio=,1903.0
consensus_latency,VkswBhh3iz/JUC3LtmrjJbF4HCeEIVup1+crolOBluc=,1903.0
consensus_latency,Y4u8GYW25Lf+oAXmQxMrUVTpA991DaMljb0rDMEBJVg=,1903.0
consensus_latency,bB5jrpfwpuvGiUAWPxyCDX1jhWVEkqDOXL6FZ4zCdv8=,1903.0
consensus_latency,fLtBOzKHoE95ZOOUyZgE5QH8O8ZCbGcJqZa/KGDskss=,1903.0
consensus_latency,hZJMWoiSarTD/ijAMfKDNRQHhsyvIt5i7dBVGgLgOcI=,1903.0
consensus_latency,ioEwqCcOolJuzwvHHA6Kr+dLzLTbbcfVTFcMIo/Ki1g=,1903.0
consensus_latency,jL4jqbNOhk/TOLtHIA1D5/ED8DzQwXHSHJY2kG+9bxQ=,1903.0
consensus_latency,xrmG8TAnGg9Cn51QADGHXc54Mp3oNPejpJVy9JO+TXU=,1903.0
consensus_latency,1bB2k3FvA73kb37Xecc//cdR8puioLL2mfhGfk7BHQY=,1903.0
consensus_latency,2Arj36vgeJDTYoiWXKCDQmDLKPpVYhTsb8hjdFoch64=,1903.0
consensus_latency,6gFw0odtn9Egnxyyb96M0U5/dmufxTc4NKW1wu9SVj0=,1903.0
consensus_latency,7GYgiFFpT8YS95+uik0EH6GTwxmcLisivj2pUJoG1Ek=,1903.0
consensus_latency,7XIm4BJe3Igx55GPqU8NQhkhnHN4seGhKEuVIF4kloU=,1903.0
consensus_latency,FQ8Hegu/2CcLw8dOnLRzjOMpDtBJL35WK0YmiVMjtgk=,1903.0
consensus_latency,Fu8xs9lU+6cXZKJ00eQv4v0ss0OCGClBTFj3MiGgxD8=,1903.0
consensus_latency,GVrkYDp0kVD+MVLfxkQMtan8gZItXxtMyYrymIWOlz4=,1903.0
consensus_latency,KvWaq6A6TNJtKPhzcwmwoVIMCIegSvXXUMv8v0kI4GE=,1903.0
consensus_latency,MstjiRjDwLSW6EXeay2uOYGOV7SD53nsJdl20JMetSg=,1903.0
consensus_latency,Tc16cMKF/z82pdyeWIc9n012bOGStQNO5b4uGVuv/eg=,1903.0
consensus_latency,UHTRHVA8c3wzZ+FbK8NPIQiVu9UxDaiDPKrJG/e0lVM=,1903.0
consensus_latency,YiqfheBJSo6aYPHDs9TAn8KaFc2jSTfCYOhuP4XYrQc=,1903.0
consensus_latency,cmygoYm1JVePl/GYg8suZVBiERe2isi+xx6rAPLg92A=,1903.0
consensus_latency,ePzRodG+Q+CnaydPnjuobGviwhkhB4cOddsAxHswk5c=,1903.0
consensus_latency,gZhJcn3tc5M8+eCeND4tNRO0FCERiYxcV0B0weEIUEE=,1903.0
consensus_latency,gygluG1g7iJ69TGF+tLWcmOVioumFeJ+kQ5ukvF6j1o=,1903.0
consensus_latency,h/QnFv0h2dP6KvU6n7uxJwJjLzVY0P0auA0/BVPTZm4=,1903.0
consensus_latency,p3KIRF4nB3jtB/zSJtUe22hOGGgAISgXnh7Z8Y4xvo8=,1903.0
consensus_latency,qpK+vO8qz/wzyZc04/nVk+I1Ql5CTjeU0tYqVL9hI8s=,1903.0
consensus_latency,sTWDZpyMcq4lwWBlzErGgWIJ47ztMG77HDfO4L+DYNA=,1903.0
consensus_latency,tTN+zRAYjjqK27OZZHbuEw5NOLdTuGKpOnKO6u1NsZ4=,1903.0
consensus_latency,tUTozcLDe+O2YqHkFAJ4fK6jTiEzcoDQfosbcWaDM+A=,1903.0
consensus_latency,xyiHeXDrURtHeVE/pwvVjIbgEBUhQk2EdmDHzwcGH44=,1903.0
consensus_latency,zrxyWmOQHuqUl6epzCtv83PqX1tkFO1Nt7PRn++2Gsw=,1903.0
consensus_latency,3v/6E32JdVEauIZvG1MoI7JdIw9aHawy+LQRRnnZ/Wc=,1903.0
consensus_latency,5SMrH7n97b9zmWFApfc146B5rypYwaLCaRcetqpGKHk=,1903.0
consensus_latency,AZohXx2pS6QtX4q5XJmbLa03T9qDEWvzKmUab1RHxe4=,1901.0
consensus_latency,QgPECCkeYQF59l+z6JKZm8DLnBHDbYeO9IF5pkON9Pc=,1901.0
consensus_latency,RdMjHUos275fF3K/9AovRZEPEJ8Le0VYK9OZi40qFOI=,1901.0
consensus_latency,R3kQ81TAkS4nq4FfoS5DgA+UXavpR/YQp9B0YU/V1Aw=,1901.0
consensus_latency,aw8rJXe1k8/luQqwjUNoDeigwG+88sIhmKbSaWlYNCA=,1901.0
consensus_latency,hZVW2m3ZbOs8bdndoYX77Jl40JjtD+/zt8l1o5YamaQ=,1901.0
consensus_latency,k7oB60PRAb9qtwJ4W8ug5eif9xx8BOJqZFb9UVIl5fQ=,1901.0
consensus_latency,nQfIMgq73dhSiucLV3pgZdXJpOgOMTdXzPwmJTQD1N8=,1901.0
consensus_latency,n+l5YmXLgYw3e75uX4bIK7b3k2J2aDlb0tNGf7EZNN0=,1901.0
consensus_latency,paERC5RqV++0F5qE+ipG2W8SSBuSQSaOJKsYxawaVdI=,1901.0
consensus_latency,srNSGVYgWIuKJMXX4yW4sW1mVqG3tgnw1yzd/OFDS54=,1901.0
consensus_latency,u8Iz8kXP+xPPt35iJ8iG36kaeB/7GcOfwLGJX84ApbE=,1901.0
consensus_latency,vAbY9W5ZDGSSmE5Fv1CJejublBcRXhStBFXRr4rgrTs=,1901.0
consensus_latency,68gRcSTB/zW2EdPWky0DFErXKINQ7O14K2Neb1guBFY=,1901.0
consensus_latency,9R9EEyxawnb9SZJnADLwgtMUzi11dOGM6WX7OJIyCEU=,1901.0
consensus_latency,9nWCHIyPZeOcHGLLVB4pqw2/+keeWFEXicVYXbLW8no=,1901.0
consensus_latency,KtgKQKJvBktfH+ok9uWzqLgRW8CDOkrPr7fOWnGUs8w=,1751.0
consensus_latency,K2MpYEpzBwJFIMHmL/O+CSMNmRBbRXe1HlZu9CJEYr0=,1751.0
consensus_latency,Prs4PbGRpwaFu59rlO9T8H8HJT+hLucCDEc7/EK4ZyU=,1751.0
consensus_latency,UQ+I7W951lXeB+sV/sWUQ4Gs4MC1ntcHxM4eSEf80LA=,1751.0
consensus_latency,V5Vfmn93F4pr2bYMCe0tp8sbn0plkqr1+lF1bVVC8Pk=,1751.0
consensus_latency,dbkufHJRI9M2ps8VtjDRi/pjAiVKmhaebqq4HrE+Nmk=,1751.0
consensus_latency,hgH0Yz0e8IGOaWK4o+bD9pX9lmWbJkQNrgLQ4jewcrA=,1751.0
consensus_latency,rDlUYp9L3ps46n/F0lj5rUV4AgyIOZADOnafXx7ajlw=,1751.0
consensus_latency,wCTmaaBPFI8H9L+WUzAxyq9/k2WJSfvKTMtgm4cxaw0=,1751.0
consensus_latency,4z4yzM2SEUc1+AWv9LaJVREawM/DkEpnMo3aG430CAo=,1751.0
consensus_latency,5CPYnHXtkzXE7CDPGCHGSSk480HInvT1AgyYuqQlfEE=,1751.0
consensus_latency,6QIapj23IOQzP1OrDTiBTcZ6TtWBdkkSyBKtxYeOaw8=,1751.0
consensus_latency,6Zu16cTJk82CSouZazHAwP+lHgysqeZ5Z2KTXIS8NjA=,1751.0
consensus_latency,ADOuGVOlPh8mHw3lalQcnx59KuP67TIxu6ybnkx4mTg=,1750.0
consensus_latency,CwqzR3JqGRoicPAN2TJZdTyedMTurwj5RXBdkfdGFQg=,1750.0
consensus_latency,GCbTz6bYagtbxd4vZeg5/my2Tr8Z8biFYKAK/ZQXTvE=,1750.0
consensus_latency,OaOFqb/9CEahNvzOcRqaw3m4hk1796uuiyAbwNJpCHk=,1750.0
consensus_latency,WhuKVogGkF5iQ72H0Sxep7XAfdrx6iKUlqskEuw2pXg=,1750.0
consensus_latency,dkWIqSqEtgSUctZODFSxBkakFxK3p3JF8oJgIMLIy7A=,1750.0
consensus_latency,hNl46EGTRQedMaUXRUdiuN6RoJpH2Vui1xAQjDoQWwY=,1750.0
consensus_latency,nqc34EZ418gIVo4spKKg/+B9PX7URLEb72ggBXDnFwg=,1750.0
consensus_latency,q6qqNgu+fcGgGySDaPm4L5+TPtZzNkdVW5C1ABgGWgI=,1750.0
consensus_latency,rTfIoLTN6C+sImcL0hBz3zbBbsfsSJlO/HUBz4DObfE=,1750.0
consensus_latency,sY4E9XkiUEp0UUuS1fbkorQ9jj12qcqcXLtKMgSDTiI=,1750.0
consensus_latency,6PlaKIwcSAenwS+r9Ekj3VJOD3m7X29CxBdXFXt+gL4=,1750.0
consensus_latency,BNi4n/+hLdrZfFREaZs+NCxSZNLV9h0AyHt6AioKNW8=,1417.0
consensus_latency,J4SumzrW+cR0svlvztD4LF5vUcPpzG5E5oC7IdF6tVo=,1417.0
consensus_latency,Rp4g1e1x6/C73YUD246c2CXHuKumFwd9PIMBCg8mz1g=,1417.0
consensus_latency,SWI5IWeFzTF+hekDYzwa0bF3WKcbCPAQy/Orc92ZlZo=,1417.0
consensus_latency,sVaTPrs/BbzLqs3DTwXu9td2XJkYUCih4QxgzJ1MAuo=,1417.0
consensus_latency,yWhFtfPBASxnddraW342vCDBR6Jlo7EAuQvNqqraCF8=,1417.0
consensus_latency,7/lufwoRCaj76v2vnA28ZlCENX/zVlxQVUCku5pBb/k=,1417.0
consensus_latency,SSkVe1NvYM6mg8OYAtvdqQK9MsLzQ6+pTONtPsJa3Sk=,1642.0
consensus_latency,9/9o6r3VC9U8y38sR/sxShySPN26OXQwrdUbap7afGM=,1642.0
consensus_latency,BwssOoCRW3u4VOvIBj13GvQ5vprnYrAyynCb2y3SG1s=,1698.0
consensus_latency,CYzCHCo6bhobaC3eX8LwlK6U7c9ycpbIqmnVoNP7fJA=,1698.0
consensus_latency,DeZwahmGAjwJj1+s2xb1mkHWnbdDr1JGpxgWfIvzOec=,1698.0
consensus_latency,EJBtRWQWUVM6hGebktJfoVVAB6aTTt2vMklzL4DUz/8=,1698.0
consensus_latency,GreoPci+FoKfj7WjiXmJ+QklEwwBSRt7ERDxzljl6y4=,1698.0
consensus_latency,JikYjM74LVzFmxSbk+9qZqzJ34aqszD64c+zK0hWpvM=,1698.0
consensus_latency,K1AN0q+UFLV+mtrtaIfH0ElcSu1N8Wp6FZEpUkwlgO4=,1698.0
consensus_latency,LC/HX/2kgqmBygII61b3bPV3wRkOexJl9AiuG/hMkHw=,1698.0
consensus_latency,M4HU1hlHB8DUcMVvXvx4iy8DptqOV0Kwn5K9Hwwwwo8=,1698.0
consensus_latency,NqLpFAyiMtXjSZMDMAQiaTU8knatjWXQboHmihyMZTE=,1698.0
consensus_latency,N4kUNdy+mOu7u26//+YGscaVToppnmsduAPt6n8Oxes=,1698.0
consensus_latency,OncJHMdG7dU63GuaN25Y8MlkzzE4VVxJ5s5u/WFvwds=,1698.0
consensus_latency,Oqi2/kRK+b9kfv/137qazrpp0NnJcINr2efAtElZwSU=,1698.0
consensus_latency,OtsNajknj+vzF5m5ghbUO+vtJPqvTLXJNNaME6MHdmU=,1698.0
consensus_latency,R0XvloS4J9UahS6QNg3Gt2JwOp/IrNrWa/vYYX4uECY=,1698.0
consensus_latency,TLS2RSl7roMmnARRf6tbCRt9J0MEzG/vr5oIqq0zWNE=,1698.0
consensus_latency,VdfNtqbF2bxeLYH0VeAyq1pvxIBAZNWmh/UVdfCNMq4=,1698.0
consensus_latency,Wy0/7hnJFXEcbrjYPZUQCXY72VGqI7p3vofy9QhiB/o=,1698.0
consensus_latency,Yj9LHvUf2o34akuLfd2siUh77EIP8hwHsO2edxxDKPI=,1698.0
consensus_latency,a7efVjyP7fzx8rGkuSnPEbYSN9AZjq0ZUAH2qhAO5jw=,1698.0
consensus_latency,dxi1QPfcymnF0j4utLjFN0cztfh6KCTmtLZJxax14uI=,1698.0
consensus_latency,eQjDfry7dUpVImhq1aZd+MwsfynjngkRRSCPoExl8fE=,1698.0
consensus_latency,fCj8RM8Wk1WKtzpXDtUdbbpDJd0aPl1aCgSHMHey2Mk=,1698.0
consensus_latency,fHIX9P6C4jivX0emE0H7H9IB0Q0T2+k38GUgHeplT9c=,1698.0
consensus_latency,hlM30CLKEs6YDWbg8fOodmvh41WV1oK81vfM8KOmkRE=,1698.0
consensus_latency,hp0dvdAYpDDypdYOsXbBQDR7UJhXqmLqJhZVtZh69aU=,1698.0
consensus_latency,jELvnfe2DA2dsw4IqzI7kC9yyEfW0tEthCBzx5LRRq8=,1698.0
consensus_latency,koE8nOZ4R3tYvrTNbwoLsLnP9Hki53kKyKrJw1bdLS8=,1698.0
consensus_latency,lFZid/nXkW8tduSqnoXMtGHQapsFrlurGi0Uj1VJjqU=,1698.0
consensus_latency,oPlFgSVyxb4sv2/TVF0fu5hP0CZbPw/6NC6BxT0hMVg=,1698.0
consensus_latency,pNHHY4isDR63G23h/OPrBDDHmABgxCFBauJLZUDEoDA=,1698.0
consensus_latency,pbqWOkajwle7gv+UH8yDC4AK03cgDsRGBhQATKUCMzQ=,1698.0
consensus_latency,rnC0LvxeCeHchedGmHHA0coAG1grA4m2WVR+g8rlpvc=,1698.0
consensus_latency,ucILAEjk9WOnj/ZdQmsQgBvXmP/o9WN1mHFpfGymCcc=,1698.0
consensus_latency,vUe46pxFCBUG97fjLUVj4tc0j2TdxVb48Kna3oc0Qaw=,1698.0
consensus_latency,0UgnLh6P4sifLRc0nFhfxlSQ/HzXKLtbTBsJ5J4HjgA=,1698.0
consensus_latency,0xGURdMpY2jDBRDwMb7Y5Ifz1kvU+oP76hpuTzWveUM=,1698.0
consensus_latency,04sz51v0DZ91/he2LB3axdiozTWHdzTot7c6ulSmIo4=,1698.0
consensus_latency,1G04HIHafNe+HBVRrEWoXNhx8GvDcbcm4kfGU3WzJrc=,1698.0
consensus_latency,1JyIXg6W5F3NWoYPJYebFjw5yRQs1iHmFmkZXmtJoiM=,1698.0
consensus_latency,1gR9t1buImPfoElafzWRDsy6c8FhLvV6Co1QAvjnpls=,1698.0
consensus_latency,3JV3NnkKfJcA5gxiaFv+bnBJY6xuOWjlp7eeXd1y6CU=,1698.0
consensus_latency,4Y15Yf/US/Hz2/dbnpVClF0/g/q4StdmYL3h0/YBL2E=,1698.0
consensus_latency,6p6/hZAY9KjctKd+F1gikkLW+ZeNl7B/2m0al8A4MKg=,1698.0
consensus_latency,62SRWddDmP5d+evncFu/Dks+fT+ojX8AlS7L0f0PR74=,1698.0
consensus_latency,NtsbWeH25xaXzl0DPR1npg8JTgK7rOUjbg5mCK1ZdCQ=,1416.0
consensus_latency,VOz+fcnZFq9g1Sql4UIPRA4yDOQ069dys6J10h67LOM=,1416.0
consensus_latency,g7IT/46spOqvAOYoVgsWv2Mdx58HK7tza8z5/n1Hs7s=,1416.0
consensus_latency,u21MtgMQlPFeRY3a50pI5UXdJTjhFIU+zbOEtHT7dSU=,1416.0
consensus_latency,EelXVeqQIRQ/Tqza6Xcncn+4Zf3wVtG//eqGcRuahV4=,1416.0
consensus_latency,eR+Bw4Si5z1nrGhIkURjDgA5y7Z50wSuNeAOa4z6s2g=,1416.0
consensus_latency,/BQi6F5lDW3OvC4P7xqIGWf1PgrYNz8te99qyd12z2k=,1416.0
consensus_latency,AKZxACg7edmdfqYHwZRMtCU0yjSEmj1W54+qdziijCk=,1415.0
consensus_latency,BDwxK35Q0HgZ7bO6gX7oqeprZkmCVtWE5GnKHYbrx8E=,1415.0
consensus_latency,CJhtBkQK/Xj4IySsqE7OByV7G9y0gvytIc89xf6ysl4=,1415.0
consensus_latency,Ci6UF+RiK2MLnxRpQs+hi8/9CgHLRj+39psWtQ6BLzw=,1415.0
consensus_latency,CrC2G2hG2awzO179sEE5Hy73/Okp1MpAWWsHNbbQW6k=,1415.0
consensus_latency,DNAMHPL3nswDi2b+RB6REhyKm6QTtGl+7tpnGCw5owE=,1415.0
consensus_latency,FbzYULwgCK6NV54zMX4vPBShiuUou7Z2qf2aOxhvdzQ=,1415.0
consensus_latency,IcSdbQX/hzCMf7PLv6o6qtvViZyy7VpOwBOTTKknyzI=,1415.0
consensus_latency,LvcaV/q6zBcYMxMafYuYG5O3Rzj9tV+ZqK358MqDIuQ=,1415.0
consensus_latency,QAH3AVZwM0CKYwCocUc3+1FWyAubK75IvdLIkH4mLgM=,1415.0
consensus_latency,QENVqRXDqJrazVgyVI4fvy7/E4Y/9c4Vk4QjBMk3dW8=,1415.0
consensus_latency,RnIMO2dqDVIX5kM0IjxHsIJV3/GHnD2UOMEwzNCcmBw=,1415.0
consensus_latency,S5hbkAvzfDegfeLHt+E/jwPuVKZiZnnxrPhK2ld97bk=,1415.0
consensus_latency,Xm2H5JrojntVs8bQeV46CrvfoP+aB3w9s8NnA/1mgUI=,1415.0
consensus_latency,bARFbUEbET4gsh0boxCvHMWPyGYVL4bgFRk22czVlvA=,1415.0
consensus_latency,dqRC6qPop/Z3DGzDsDVc1/9JTzwP2DF+NsJTxfaUJr0=,1415.0
consensus_latency,k5p5BPPWh66eSEZeFGWGlK0kre1a5vzTQRUOxxFhYcQ=,1415.0
consensus_latency,ljpTBXIdOz8/60f6ErA5ah6VifVvPT6QW2a2e3afwuQ=,1415.0
consensus_latency,qX6A6eWdj+8MaBgdDnMKd1ahjVy2PvivXCBii0+nbbg=,1415.0
consensus_latency,qZbJukecX0NiA17Vohh7+F056sAdX7P3jHw4v1ECLEw=,1416.0
consensus_latency,rrUsDWoFFCvJ9sJOTTpatQExTnhGVK4WkcE40tvR0ls=,1416.0
consensus_latency,ugcHllpUCI77Du4eFAi/VEsDMmk8IdKd0ha7Kbrmq+I=,1416.0
consensus_latency,wEUL0h8DygKFWxWt0po0ptgBNyp6m/Wa+GrwOb8B4cs=,1416.0
consensus_latency,0C7gR3lkYJBEpDOYAhRalQkRxhDKupqT8v14Dd6NQ6Q=,1416.0
consensus_latency,1u02lTeISKJyswOR1UBTv9JMKh/MuzUdkmRfVwn4YiA=,1416.0
consensus_latency,3mGIgSPET/JDBW+XnvUxxFR8yS+5mZ2xEHJhqpW74Ho=,1416.0
consensus_latency,3pXuJITaC8w2ZGqMhS4xQu6AsTqC7PkJiE7R6LEToGY=,1416.0
consensus_latency,4veKrHUJpehqwT1VHcyrp5X3UbgGCZXjrl9WBv2Kn5s=,1416.0
consensus_latency,7f7+ZrfSqCGpfKnJvW44tcf7EQzyei5cu5NRr0DocM4=,1416.0
consensus_latency,972fqV3X1VeGFTXim3QHG/TqWwLe3qe7ZbOQ8ZnflQU=,1416.0
consensus_latency,/NYLMg+bXj4cP0Qc4gj5YoaKTl1sz0EwBAGHszDcf0I=,1416.0
consensus_latency,/Us1Dd0G0bDDEYqOtNPBAQ6IAP6YBKMnlqtNk/GbSfg=,1416.0
consensus_latency,/3zDsbLdb0YEi1nXg4b43apnoJU52GWCKA31A+GQNrs=,1416.0
consensus_latency,DZJqVs9cqeJ4eAE1CyKcSl/hJAD/PPG5XtPsgGfk7Rk=,1416.0
consensus_latency,Hg3ydfxMfpQjxIM6i6tYeq+bnryISb6WBtEU2LqxMGQ=,1416.0
consensus_latency,Ka1XKvBANRTtQLQGD1pCBzUDS2fMomtWAKsvSI48+sU=,1416.0
consensus_latency,Kh7RH2gkyiYDRwEgtCxofPQr5q4evnpr80vuofTm3Zs=,1416.0
consensus_latency,Qz2mpIE1XiMX34sSHlaZIH3VKmOL2ErNLF+jGtS7718=,1416.0
consensus_latency,aU4flbm0Ong0in+xtW+TyiRBIIy1yUDnHL0lbwQDdqY=,1416.0
consensus_latency,1FLjKoE0rO6hGOx9dCuGJ2pdFbHUzKNxR8JR8IDdPvc=,1416.0
consensus_latency,NZ2MJ7s7u+gJUGycBLmzDBtNWoyhNKaeVQZPKK4mYrY=,1417.0
consensus_latency,P0qv1lQ+V7sfUqs7vqvpeQkC8yngjW53gQZTO1OV29M=,1417.0
consensus_latency,SRl6YVkq6BhbyN+YZ1VW6Gmr8515cCZygyMgvTa3AK0=,1417.0
consensus_latency,VV4kRXpkg6/pnNpRKzp1Ny81HZ2vprd3EvcciN2fmgM=,1417.0
consensus_latency,h2A+aRK3RUZNlKIftqpr4zValh1a7krouDreIZcWSdk=,1417.0
consensus_latency,pxiPnnAJf4qnfNbL8V0SQEEdGC+YU+KHwTYZnL7Zscg=,1417.0
consensus_latency,+cGFVlr7W2GpZLZghjsn3SIjFQbMDkJaBcFV++IP4Xg=,1417.0
consensus_latency,A+KqDukxlPKYuAd9ZuIUDyFuhXOryhUnbOcSJMzA8ak=,1360.0
consensus_latency,Ekc2Tk2JGpV3as1TSM3odKmSW1I7wAWzQHBNowP8Y1Q=,1360.0
consensus_latency,GZIxAG5G3YUG1X26JWGDbkyVSg/nWbMe4Ialv5zK1Fk=,1360.0
consensus_latency,HcYHgyxxLecT2AuLc8ZSKhMPgmLKh4cuz1MP9fQ+nmw=,1360.0
consensus_latency,It823nlq2lNd2pIAjcaVh3x8fySpMYwBpm75E5WXDNE=,1360.0
consensus_latency,JbcCkS8WkTIpG9Xs2R51mmiq/KFqDLkmJClEJdma0RQ=,1360.0
consensus_latency,J6QcCNq18uoF+xV1PWvA7e5n2AykiUlygZm95YlwkQw=,1360.0
consensus_latency,KURRjivMpsc8FY7a9sifh8XSDhPnMD35q94jGuGBYKo=,1360.0
consensus_latency,KiRKpgOYKcP0dI46iDUHXyhtH1ztmiwjzu4Glzq7LEY=,1360.0
consensus_latency,LFR6Q8YBO8QOkBBn95823EBahRKzQps/j35NG6bUrMc=,1360.0
consensus_latency,L68aAqr4jSmZ6eFFD47L6Paj7nReXxp0qXvZL19pCxQ=,1360.0
consensus_latency,NBlH5s7ivTmXtyZB9wURGLjGVwECYMfdKHN226nV1Sc=,1360.0
consensus_latency,NhzWm7nz+z24KowDSqmboZlJsaptf8CFFcsVs0WvDMU=,1360.0
consensus_latency,OOte1dwGOzBo2F0T2GUSUrVpBrwwKfR9wTPkdSYy9LM=,1360.0
consensus_latency,P66sCjnjj1eMQb9QOM7Y+25Wz+7kN0Jp7vKJtuJXA8E=,1360.0
consensus_latency,Q+1Kw1f2zJs7i4nUsUsSDNWgrIKX4JI3yxZVpRrSuQk=,1360.0
consensus_latency,YNIBd0gdbZgenScA5rS3ktuBJq9PfsiuoqBgtwUzVDE=,1360.0
consensus_latency,aggF7shofyXNUcOdiZICpouW41oj3WIf6q4tH443SSA=,1360.0
consensus_latency,avqPYMkb+zlLvUaHGcmVlou9luNH4FhiQkNgq6NXDp4=,1360.0
consensus_latency,cBn2JwUjrsDaj61HZl+v4u20eg9tfAwA3gVSDpjUW10=,1360.0
consensus_latency,cl2T4KepNvlUbU2H4O2UpymT43w89n+Z7gtCo2yG6RY=,1360.0
consensus_latency,es1FsQvO9TtvJ2NP6ODFHs+ZA+x2QqOe7XaLaibCngE=,1360.0
consensus_latency,fqfjGayhnevwcjXqT8vT4NNDNqd+6t+bDe2KIIpY1Ok=,1360.0
consensus_latency,gOV8qQr1q48WyI57l/QlXtHA2WnyEKsQkBlX6xtMSYo=,1360.0
consensus_latency,hgTSgTg2kO/crckeTvJ/Hvr+FybIyOCY7D9rgs50tD4=,1360.0
consensus_latency,hiqDwdxrT2cvrHZxW7f9v1AiGwZB13AMDXp7t3LspL4=,1360.0
consensus_latency,jYMg8r8vVkdrtQyx55HV75I6NsyHzhpRpR1fneKfc7s=,1360.0
consensus_latency,l6+FNzSqgF3LMQGZoKXq27pss37TQhL2lXlmnd1pRmQ=,1360.0
consensus_latency,ne0cm5UvkTzAXNx8LoOTf6smAp0CCMP6ujUUoCKBqG4=,1360.0
consensus_latency,n+bIoTVEdELa0Bl+w7wXImJ8CvfmO+G4Bp3GOrMEAFI=,1360.0
consensus_latency,pSxH2Qnr4oAiQGqnCVGo+TYWnCtpyq8jf6G/sUIYF3E=,1360.0
consensus_latency,t5GmpXJbh58x7XHgiKZeekTqPw7z9/SLx7LaT3xbYiQ=,1360.0
consensus_latency,uGrXaT+WhPirA9awlLRGZMi5aWvyh2TNsA+osVqurUA=,1360.0
consensus_latency,wNGnm4ZfH4KAyRic8DzSa4W/oP/2IaeN3lAGkdGYo/0=,1360.0
consensus_latency,xEOLInHe6P4MGgeTAjCL4qtddENrPZyCgeR3w8nnOZA=,1360.0
consensus_latency,0choV+8RqDlqhzdRRkeWDjZsF+6Q6UtYyoA3uNQijk8=,1360.0
consensus_latency,0rx9dMQi6ArEAKhb4go/b7mCLF9HzYMwN6Zx/Tg5egE=,1360.0
consensus_latency,2jY1WhjiwsGhS1BBCMsHdIpdfQ6E8OeB+ZFrf9FyedQ=,1360.0
consensus_latency,4UBfxGT3VQ730RelLVHjpNAj35j0QLdgp1UsdmSK1mw=,1360.0
consensus_latency,47VZkQCrDSrRUfX+XuGN4F4Cwk8KvYjZwUc3/vqPI4s=,1360.0
consensus_latency,9DX5xt5B4U2neBSvdXZGBTso6pUn5v8SOe3R6Vc/pHo=,1360.0
consensus_latency,9I6zOUtJjpteHEhY0z7wiaFl2JkpXZwoELkFwSEjFcA=,1360.0
consensus_latency,+LuVKf0f9jdEvydQbtkzaU2e88C0rVEPtYYXISMbBlM=,1360.0
consensus_latency,GkEMJkWD3QuCdoQGi/I9MRDquWha1Y6qFyffFkc3Q1Y=,1067.0
consensus_latency,Pzh+WfjxtH74/G5oOXqjsfsyaLVwNqnT6Vo/zef2skA=,1067.0
consensus_latency,RZOWH71ySSSGLjbVdtsE25NUsIwcdI366OhGE+gOpUg=,1067.0
consensus_latency,VJ09osBcl3F2fiApwDr6SbpLT/1EX4+C2G8LQDRcHfI=,1067.0
consensus_latency,exwbXrrvw6AhvW0wGQSskvzBJUY08Ab+TPNYh/rUh7U=,1067.0
consensus_latency,f7jdn5NrZSiWQEe1LAahGmPl3ughumK0VRyeRqlgh+Y=,1067.0
consensus_latency,iGBJ85KruhOPUzR3DF6z8CxVblrA3zfRCvGs0x9PDt0=,1067.0
consensus_latency,li1lCDjZaklTEdxVs7AUP1Yqc+CQwpl0vOr5B44V8K8=,1067.0
consensus_latency,oK3nYRpqyMjy3sULyGO8lYtim6aliDRhtS0aZN57n5A=,1067.0
consensus_latency,rMXP6XX5+CIbNEXXEKfnkbrwOlShtaCrais+g9k7xsQ=,1067.0
consensus_latency,s+3vYoQL0Vwn+Xl4/Zr9AHqZk6JvXzM8F8KkO4C4t8w=,1067.0
consensus_latency,tvw3RyhuQuw780OtYg4fCkMrFG5WUXtO2PE5gOx4Cy4=,1067.0
consensus_latency,0EJ1Zt2oj8ycFMq2yrsW+L1wH5d04nF32f9FdPDQHDs=,1067.0
consensus_latency,2axP9mPCE8khE/dQ60lt6gCNs8gH/BR2M+1xiDyEEkE=,1067.0
consensus_latency,66ygmD8Dm5yQDS6KonwVWRghiHIo1G5HGGwmE4coPmw=,1066.0
consensus_latency,7oh/LvrrZkly4QeZqD1A/wZa802URqXC5HwJ/eumB7M=,1066.0
consensus_latency,9OvKjYo2J+KrvP2TSQzYfMdplv6bFoOOmY1pSv7mlBs=,1066.0
consensus_latency,9PdEhBWoMLwQ5YRzxvVASk0xjdNqnj02yG+ik4TepoU=,1066.0
consensus_latency,AzJG4hEK2/ZsdYb113iF8LHxwm+MA6/RsPs61lExWkw=,1066.0
consensus_latency,BY0KgQti48zaykSiARTKh4jU/NHTwN6M8AbTGZCTyoo=,1066.0
consensus_latency,DwGaNPY5D/0lQiRu4ZOXWhw/1N5YTAXfWl5kIjIOwqs=,1066.0
consensus_latency,IHzOfEQhv1elvXOaODCc87dKcGDrTQWMcokAC4pYVA8=,1066.0
consensus_latency,MeMW0iVDNbW75p5oBgaTYJ1lBrp8qmbMjTsqtlLCSRw=,1066.0
consensus_latency,V/8S7l5SnsR1FgKq0DH/BoS5GGXEtmWZSQa5cxKVUM4=,1066.0
consensus_latency,Y99x1RiRcD0QbJYQXsJvWxkxzWYSjr2QGFpveKaYkXc=,1066.0
consensus_latency,akRwnA0sYf1ElZWZq1etJ4XUnfwgAdtyvLHWdih+nUY=,1066.0
consensus_latency,bauiQ81QM6/Uh/RvtG+OD46m1tehdCpBLIXxMjsDE+E=,1066.0
consensus_latency,kLimiWsNE4qNUdtaFmm+ogc7g3AVpaJMsfA1rXuVi6s=,1066.0
consensus_latency,mjJGOUQUlxnGIBGO2LAWL3OCI73bv5WoOlxowNB4g8Y=,1066.0
consensus_latency,pp4bWtbM6/SQ27yJtjMi29CHhrDb2OSkul/By2N8SyU=,1066.0
consensus_latency,rLyP1Rh60sRAoaYoYmBScFvZSuNTMYfBfrFrBhYMO9o=,1066.0
consensus_latency,rRRzCb9BUlh/qUwSVQkqbPes0Dv3/ycIO1T4bJej2ZU=,1066.0
consensus_latency,vKJRwIURJ6/rt2ELvuM9c+M1JL7kMIXEfQ2MAcwSJ8w=,1066.0
consensus_latency,3fSv1LyIK5IoklTg/JUhy7VL8soNzXJMYNys570ars8=,1066.0
consensus_latency,53kHrEGh+UGC0+lNSAu2DQoHD0O/XWpPUqEIbvG5uhE=,1066.0
consensus_latency,6nmRSkNCVJiD5RBKZQI0hW8wZ0PEJAy4r1nfiTwzi1Y=,1066.0
consensus_latency,7nGh78BJl38XIskb+KN+JaZgdPnq8BgIOvbvvCfI2jk=,1066.0
consensus_latency,/bFwMP08ow+Fgt/0DQW6w5ce2+Je0lBYS0QFDIeFgPk=,1066.0
consensus_latency,HIPEVLwVbTnxS04xtKooTE/0tkXGCpAOjI+J/8BLplg=,1015.0
consensus_latency,JFMpFJsmqu/Udzb3ScaB0M3D90UJhepthlF9m5qt/uM=,1015.0
consensus_latency,ZkHD1xI4l634wcQ2nQ11YVjYkjozjxXpF2x23LQ6u2I=,1015.0
consensus_latency,e8bq0Y2txiTnKVqUSfLgjAMTNR2XFNzgvw/BsSV1kA0=,1015.0
consensus_latency,so+pJQbVGbdrBJq7EtnxHW2OeJfHKbvwIr31gAl9Gk8=,1015.0
consensus_latency,stc1WJGGOYqkqVFwpFdCWTcxO1rNRMtrSXcMNpMjuxU=,1015.0
consensus_latency,BytSPC8foBoo59Xcud9TAiSa/SGf/0oQrprc1oG4H0o=,1066.0
consensus_latency,DQWckoyOhLsWroxXuW5gRN1Ak2YqYf4A6iAXJG3DN6s=,1066.0
consensus_latency,Eb0DSIP6HZHYUqQEjrsIE7ABE4jNBoDlzrmpxJ9GcWY=,1066.0
consensus_latency,FZuj3CI/GYRDKMSErc28RtQ6b4lN+sH/lbZlrVL14ko=,1066.0
consensus_latency,FxFLKT+ocfiFH3dX7D6Y3ypX/v+HICT2o+vpWLekUQ8=,1066.0
consensus_latency,GJPvETeLrjDDjFzLlg89f8kb9FLiEWAbEgiDWiWjc9E=,1066.0
consensus_latency,IN7N6GvhlnhnS4HlsqVaovuXigiNBXq1bZHD7394XiQ=,1066.0
consensus_latency,QNeFjBCgRb+DjSYwhcYaYxXicvWJAiGJk/t5pQOiriQ=,1066.0
consensus_latency,TE9pKjxD4VOJJOZJ9GnvQ+W1bwvlJPW2JkNq+lUzZLI=,1066.0
consensus_latency,cigJyAqeQjFtSxfPUbZa1bL7AfqfvN7Fs2tNJuXSSTg=,1066.0
consensus_latency,iIlSXG1FNXocbM9TqrBQulH/CuI7PCts4u3cKWUqmoE=,1066.0
consensus_latency,kHoYF/lsG1Qf02ci2VtKwzk+LoK1//SjmUt+rSLNAW0=,1066.0
consensus_latency,mWiACDX/Hq48SMhMcueJf8S4RDVQ0WDSY6kF4zGarvE=,1066.0
consensus_latency,n9VeQO27Q7ySvhXfrJRNfxUOCS0lystvPSrv0cXQNY4=,1066.0
consensus_latency,tTS9IwIIV2oX0EyFO3HnKonHPT0w2fB57eRE67MEM28=,1066.0
consensus_latency,0OcdFrnD5TEbvPBv/7q9ooxHNm+4oLGuuy1EHMVbWPk=,1066.0
consensus_latency,3R+9u8KqMf8avwv+GRDO8mAbdyKFEkDLSDJmoytUGRE=,1066.0
consensus_latency,4rdA/bylBdu+7Tm5GFtZtLusPs5ykz7UnmFMiNQLwAM=,1066.0
consensus_latency,6Vm4YKeNQBmMIYkHU8gXYKataiOlnwgfff45OShy69c=,1066.0
consensus_latency,72LxvT6BBXMgGyZgLE3pDXW4WYAEH3Aa5CVmdVZTRi0=,1066.0
consensus_latency,AqwNtkc7s9ji3kIMyiQcQXcZD9Y6fvYCtdIBaBtwmrA=,1065.0
consensus_latency,BRtKnmxOYqmNYZTj1V5tHrXlASpk84iYHcJ/oSdZeRA=,1065.0
consensus_latency,DW1+5OvpeZOU4f0D3zKSRKaNq3DR2c1Xy6j4wSOuCj0=,1065.0
consensus_latency,EXrW8ikYPYuDQmA+9ncxHPiOrWRBXmAV4zFC+U1088A=,1065.0
consensus_latency,EchTGY0vS+AfOhZ8XpMG8FSfVTonUWBkcn5BeuEvkLY=,1065.0
consensus_latency,HHTiGmog4mKYaBe6Xzy5Ae9r/CMSObNXphW+B2xHocE=,1065.0
consensus_latency,KLa2uesScMkA4ppp5S9q3IxNIAfnWGfH1xObIcto1/0=,1065.0
consensus_latency,NBCkC4d+ngBAMV0uqMSlibi9jvB7wllBnNTOTqjLvIg=,1065.0
consensus_latency,N5DKZgRaNztzOIQHye6M5MQ7ISExpulEusUKeRuPyBs=,1065.0
consensus_latency,XLyHkZw/MWqIpuDa3T+rYIhKh0bXU5cmSBu/k9OJ77g=,1065.0
consensus_latency,bwZB6IZkW2FMBT0Piy85cMR/0i6dhkEm9JDBV99nfPE=,1065.0
consensus_latency,cBWcUdDILsWZQK++UYJmT3UN+TV2y0aj9BTJ58TMEmY=,1065.0
consensus_latency,eG0HuFMs7cuJEkY8+BaUeTS9qJ1/7Z9eIfYuioT4yoA=,1065.0
consensus_latency,jtgrHq/UOCHYPr+JXMSF0xGTgxfXWMIBCnjFgoLgkZs=,1065.0
consensus_latency,k6mHlL/GG+BJYiSDqZ7jK/6StpID7/ZtZOjTWig0+Kg=,1065.0
consensus_latency,nZ0MCJtts721Re44sRQRclgbMMtwHGmy0gA58x/Jq4k=,1065.0
consensus_latency,rvRRN3r8V3Gj7LT4FKvN5DFsSlQPaneC+idRNFEaw5U=,1065.0
consensus_latency,tupOubqkCnQFi0NRFCGLYYP/VXWdOX0eA+i14TIGh8g=,1065.0
consensus_latency,u5L9Vw87w+qMikMZSy9UBk3OzLUxomqEMiKDk4b6HV4=,1065.0
consensus_latency,vqPJGAdTR4mVWWW4EXf/+awz2FHs+tX8Ptx+Q/47dgE=,1065.0
consensus_latency,v5mesDYLRZtz4Pg72wsBmqlCnUMfW9yxH+9xqku/mz4=,1065.0
consensus_latency,yY5nPr6eKj/1cTTh+Pgkt7Cs5mfY7EpGKssfqw57rho=,1065.0
consensus_latency,zsZcHh0aM1SZ5P+wAKn3qZr+Vab4NKGkuQ9nDfpivp8=,1065.0
consensus_latency,3/rvJCz+YP8BouEv0jOtObREO8MBFYPoXWIMJGbUdyQ=,1065.0
consensus_latency,5bOyudDKR0NIU3ozbEF1B3NNm23Jelx1E041fmfeRXQ=,1065.0
consensus_latency,AUEBE0OVB1qI/l7TBgyi29n9uvw6Q3mg+cVB110il6A=,1014.0
consensus_latency,Dyk+10R5I5LfVV4M2FTMixLe+/s6uy1dhgV+LmM0F6M=,1014.0
consensus_latency,FERHvsGx1XPMQpiVzCO5jCTiXNu9FdU5k9/ToWzaryE=,1014.0
consensus_latency,LT/acqad1OHJFNwjguh28Q74PLtUPFFrcntZVc+nwaE=,1014.0
consensus_latency,N27I8P5cf1MOnRHb+zanO1nAnoii3Ute2JUiIjzsmkQ=,1014.0
consensus_latency,QjXNuko+Q0vrg6O+gD86YCNt5xe4cFyBSziKutznHVM=,1014.0
consensus_latency,RJuvmRMToEAVM1QPhk6DeAcfQ4d28OKN1lwwO7s8wn8=,1014.0
consensus_latency,R2RLIjg+G90K9jwDVUoIsR9Z6+mDRnpchksrgia4vyk=,1014.0
consensus_latency,TABxVg8I+4jaUk7E3S4XPySgC37PEIen8VIisEDUs5A=,1014.0
consensus_latency,TFNnQtKCwrYq0v4ATGel95ygkaajemmm9JFbuxZzzDQ=,1014.0
consensus_latency,TfKH6kG2X3bPgE3w1QNm+3xlF+7IcRqIntdAS125FOk=,1014.0
consensus_latency,TnAdMFxi3LOVzVdo4mj+geayeMO/UECCZNEFgBMUCJo=,1014.0
consensus_latency,Y3GAQxUtoQQexR/Lx/eorjbcVXQSN6YlkS24gviV0Wk=,1014.0
consensus_latency,bDJMFZqgAWmgp0DiC9TrahaKbsH5AB9f7LSQW5kZRQc=,1014.0
consensus_latency,jmVseR0nt5wtcYTlh7z0EGdKPowKTF0jdDXhgV+ry8E=,1014.0
consensus_latency,lkMflq0WJeRfAVlrhEO85XFCaKxJ0lejdUqdGE+vyw8=,1014.0
consensus_latency,oS5iaYft4X4jTKxKmH5q0uylhSQbs7BOZVGHw5raz3g=,1014.0
consensus_latency,polyRo9qYVzNksg51b7f+gvzyLS4ESn8rpj1jchXfwg=,1014.0
consensus_latency,qPEY9nGtiZNo4rOzItYcxndPUkQwZhQbDgxDELszxqw=,1014.0
consensus_latency,rBHguQ7p4MugxPB8YEZ5HPeZxBBjpHnKujc89E/ryaI=,1014.0
consensus_latency,spvvnMZPjpLvjFySwJJjab1O81TYEWrP8oBb9nAkEgI=,1014.0
consensus_latency,t7YaQ6yE+KjC4hhX0oNariN+RmzLSzJWZcqGI9XJzA0=,1014.0
consensus_latency,y7VU+1ZinFBxujJOJSFOLxOqrD97YinwW3/DYCkNNkQ=,1014.0
consensus_latency,zTTmfZuZZGRP7xh8TYbxmoe4YdIvTO/zPnCv99WsZJk=,1014.0
consensus_latency,1C8dlWcylxgFHPybzZwxvUc6LnSHzD8/RIjSUp4pPsU=,1014.0
consensus_latency,1I6R4SKbkrvu4MyTTeLudbNk0LClpodVmP8K/ZjS4gQ=,1014.0
consensus_latency,103Gg/u1Fh4uSetCiv4i9R9UwXb7iY+CUzsyRgJ21EY=,1014.0
consensus_latency,15qn5sUNsqD41RbPai7+k3Ql1Xd8HBprLsjhXq9PtIg=,1014.0
consensus_latency,232xh5MJwds/rDpbxUKb06OYQ9X1e0DLnyZizHznX3s=,1014.0
consensus_latency,5yPQd6eCnwWh4pBQq/hX+4Vv7/4S2NTe0X87deq9Ns8=,1014.0
consensus_latency,6tARXEP5+584lecog7qosEYC6lOjLyNc9909ArCNpP8=,1014.0
consensus_latency,92m69AtmZZjoN2MSgFzsRM3B2Kf3cWLcjn0wq0wywv4=,1014.0
consensus_latency,+UV4XKglETFgT61LBdi/wBRPjxLj4xJKzzy8GDS2VXM=,1014.0
consensus_latency,+cH5AeoJFfzMaZ6rqsXhp66eg/rigXSN+H9AwcOVQj8=,1014.0
consensus_latency,+uu3sCljpxMsB6dn3CoTkzMfr2q9UtzSBXpHnfyAg+I=,1014.0
consensus_latency,/7WnJrNLvL1ddJVR9jBA4WZgMDuEhxInQgpOfquVCbg=,1014.0
consensus_latency,AqklAyRjuiT4MAw0fF7Sa8DPySYRDtv72rTDkEmViD0=,1067.0
consensus_latency,EAvP1GCoCKBGNFVyxNLuP6jwQCvjy5XxuAJ/nznyxrM=,1067.0
consensus_latency,GMD1rHbARUc7VlVfCqZNRrExzyhsfWW2uMjylNJi1Ag=,1067.0
consensus_latency,GXQ0kC7gak1gEjoK7Nrk7VdKfBlpWHoxF1pTUavVYSQ=,1067.0
consensus_latency,KxJylgdcA7f99AKfHcEGokbCmpvx72gvhBxYFNJMmMU=,1067.0
consensus_latency,NAz6cyg95IQBG+SUkSe7YGG3GNcDOAsJbCZENiJiZoI=,1067.0
consensus_latency,PppIERahsAxwL9f4PxzsA6cHFcKdHbVUt+IjRx/BlEA=,1066.0
consensus_latency,TiMT9dgNNg2M2/3pqEgYFZiGgqxgIgU1dyKvA/bigPw=,1066.0
consensus_latency,XGERNZFOas4oGbuf+SqlSGrDWyn1SGfQ3nliOPQm/Es=,1066.0
consensus_latency,Y9txYQ/vZphAc7Pj1tcdJLC9ZUH70hZPRYlQr0SrEn8=,1066.0
consensus_latency,g0xOg1wun+03CrOOeOfhGFxlTmE/7zRx70+4P417trg=,1066.0
consensus_latency,hMIPuSefqHb5IxZMksaL/1kU9gVocAvv2JJj2BZMnQ4=,1066.0
consensus_latency,hrSZokHovtLduNbOCL63dkMRbJjMOYh+S8ebWzNVyu0=,1066.0
consensus_latency,i3tc2Kpp2qlBJUcbRMECu6ERv4ntGV+g6tzM0Gkxywc=,1066.0
consensus_latency,unhtXfTBwZkVnQdth4jXfjl2dQntuJmeDP3jUVUsANQ=,1066.0
consensus_latency,xcxAdpLymLnrR3mjDFVo5zhKj8TcnIXu53YWFtX3mrw=,1066.0
consensus_latency,x3zAput/oaLBz7oEO2MzfBIysA3UGIIxFSNZv5xA6Cc=,1066.0
consensus_latency,5Uz6ru6xBMykjzMlnlc1YszFwqblJgOpphqh930kDCg=,1066.0
consensus_latency,+Vrimhcmx5cU4kcHnensmjYPOo7qKde2xVIuTMlAdqc=,1066.0
consensus_latency,CUpjKLPWAikqGVYMlTtDgY6ud2VCuOD2qwWxwi8kcXk=,1014.0
consensus_latency,DR3sCEOe0EbfXsc8OpsOo8+h/2y4ZAXc4V7YSarEgsA=,1014.0
consensus_latency,D5f/AdaJA3/Ts3BlQ4uF5cc0v5Ko5FksZ+V7+l60DwA=,1014.0
consensus_latency,EfKpKE9lq1eiep8UFtFoxVMjhxVvA4UY0NGAKgi26GA=,1014.0
consensus_latency,HRrZBZZsH4RZJZeSi1bhJI6BRMaH5Y5gUbxfoteHnto=,1014.0
consensus_latency,Hf8YEb0+fbVGsSNT0qEPKnuHkIY9+QIslv4oHGz8z40=,1014.0
consensus_latency,IKs5ASkI5MVW7fVIpY7bruadrAajhCXs1Pj27S4h/K8=,1014.0
consensus_latency,ISa335PbiczYXd/U2BuQy4RpRYduSxjXVrXrf+mZTPk=,1014.0
consensus_latency,JEY4KDYaIGHv/PrF8MVa8MKZCNV4gPC6ZxRVrtollKM=,1014.0
consensus_latency,KnWnhnMsUGf+FPFmvdY6tx61Bt/4ksnEgawIQIN4hr0=,1014.0
consensus_latency,LEP4NAzbQDYD4m+fXl0EVhOx0e9jDxc/6+dM/d6mqyU=,1014.0
consensus_latency,LUuqrQIAdav42VAnDvcnU7E6Rtrip8e+IryAIKd+LCU=,1014.0
consensus_latency,M5J19IGNIMqBEuucyBO4TdD8MD9N3Qy93ZyEZvfG3rQ=,1014.0
consensus_latency,OHoJlEltO0TqlZ22hlhMBiu3E+UewwZQIWeRR9771VE=,1014.0
consensus_latency,RJi8oX5wD/JP63ni8N77e6WYbVTBA+2T0wq2Z4C6UVY=,1014.0
consensus_latency,UUHaxFNRtb/pzwKEr17fje46APsbQ5XhYXW5q2H4WDc=,1014.0
consensus_latency,UeSzc6vcd+IwZGhotcQPaT2Hv/Dw2CFyIsb4xm4sJyg=,1014.0
consensus_latency,WI/jzlYeO65bGuawnHJOADCoYtzEmmf4yDFWyuccMbQ=,1014.0
consensus_latency,XI5YoUT8anW3xbiPadQSqE8TmedxAG0vevrf53L/9AU=,1014.0
consensus_latency,XNICd9ii4hWY5qHYVeLRh8I/2Isw2gUW5r7FHjp1bDs=,1014.0
consensus_latency,XcAXHvITNEp2v7z7gUFXOztHv7I3sSBs7wahIVHYtfU=,1014.0
consensus_latency,XgvYxwXjIJtKJBKVfvLP1gbXD8rBEsa1ZJL9XI+Du6I=,1014.0
consensus_latency,YOP7NhlUUMGbgORtCjZswyeyDB2jEdzh34M0HHElfaU=,1014.0
consensus_latency,YiwlXl2hstpVqy1R/BZdi2bu3LWddhDlQt6OEOWaV4g=,1014.0
consensus_latency,Z1NAeP6eRIax3o40EzNvH2MdBeFFOInnXVreBF22PhY=,1014.0
consensus_latency,af4YsXpUhufK+fHXMdu5ahhaWzWEzvLRmh3WBytqjeQ=,1014.0
consensus_latency,a0Z79YcO6n8MKEIlxYDup0+AmcewIAPeAhE+xyLDBZo=,1014.0
consensus_latency,bd26vL4ATvdqSNwNvL2Bhc+FriFhvUIhO1wHuc0UROA=,1014.0
consensus_latency,bx+K6XptdsXJ9m0oa3s4VYTOZjWm/3kLsxw7qOUAQ9c=,1014.0
consensus_latency,b61gnY4vZOxGbmYyocglQJh5fAHVDlrLnr5Viw/13YE=,1014.0
consensus_latency,cFUFknEpV5Ap/v1fan7ivO1Y1sKZJ1dQTitADI0f2OQ=,1014.0
consensus_latency,cZddUPmJk36EhdGMrIMmTr7Oxihds4icahfrN4w7kRo=,1014.0
consensus_latency,c4TeMFNYTQUIXDkZgTG/MOle5TY4+nxlIEqEOOLDkqU=,1014.0
consensus_latency,db8iwfLXeXOZObpC9WGaCzh5+eGS8pjS+KhTX0GxJFU=,1014.0
consensus_latency,d1pkshWG7WHkOtwO3Q8JwpkDm70t7g9h5Pr3PXgFKdM=,1014.0
consensus_latency,eAxmqJ5Mi42jgzic1TDgh4rIV3Zw6xsqfJio4RWY8mY=,1014.0
consensus_latency,efoeSwS/cYdDaPrYykbLz3xNGhB0ZfkVVLJ70m+U6QY=,1014.0
consensus_latency,f9lnLWoMEhIDNdOunNeB9YMdrWBsATLLCKJ8sCzq1O4=,1014.0
consensus_latency,g9T2syMbnDphDm/IdLcYFDLnIYoQZ87qZmJKO3/KrIs=,1014.0
consensus_latency,jKkvr9p2flHjInCgSK0sIC1/+UnK/hb67awzph1kjOs=,1014.0
consensus_latency,jPSJwxXPdM0cTLRix1hd9AvaVLcgWMX8SVFQOBuLNWQ=,1014.0
consensus_latency,jmEllw3PfmDqzluI4uTmFjAtp79Wxlgk5jPZydNHxts=,1014.0
consensus_latency,ka/5jRNVf7H2g0k7zShdRIaNteUOta813e8szCapT6I=,1014.0
consensus_latency,kdJ/FOqnRJ7YmBqrpU9LORcPfT+aV5n3p+YGcgMWOEs=,1014.0
consensus_latency,lIDRpxWXXXK3/v5+Tk3q9YGOOJsFIBDaWjwtrZVaelo=,1014.0
consensus_latency,nNkhlvgVfmzALvEW/VKqvXkLn9GSkSnABHuRQv9/MGI=,1014.0
consensus_latency,nQlzKEmveeY2Slzy4uFJ3XDsL8ihJq3NoprRBXEWJbs=,1014.0
consensus_latency,nbeSxh7NBcwqlfHsxc+vWFyRbvaxMHXVYkWvZcoFg7c=,1014.0
consensus_latency,ncFX3tD4G9pgwV2uNuEnuxkz6Llufch9Y7vSxcQ+9ig=,1014.0
consensus_latency,o4gXn0vdhXTs6fGuTFkUbkaAzotycIKcJ1PL3wRWVZs=,1014.0
consensus_latency,phoJP995CyiGU3HA4lEeOfdiSlcFTvaOYGK8Vo3qV5k=,1014.0
consensus_latency,qViNG6QJ57Ytw3FxGxGbHT+rfLISQ5x25WMPhj+xDvU=,1014.0
consensus_latency,rGyuGISz/xfvYvG9xo3nFNUfxYX2fcUmrCVJeuma83M=,1014.0
consensus_latency,sCW/3bK2fU7MBhqCmGtPL7KrfBn3UWgpgIJ6jfEpLs4=,1014.0
consensus_latency,sgrCpfo9FQI9X5pR2epw7T3j1BxNrobz+Ku4pqxh4FM=,1014.0
consensus_latency,sujg0cPVTxHF4ncwWQyOVpMvk+ls5HG9nfTwCYOm36k=,1014.0
consensus_latency,tibJCbqNX+yALZ6ID/c8HlDiZ+wmjMrHdBJTSZkr2gk=,1014.0
consensus_latency,v6uQq4lfhLa6bLHDHkinzQNbgx1rq+YSeRYMZbPfshM=,1014.0
consensus_latency,wOmRa9zfJzla6Bq0hCroQNsHYv6rjEWrt50FcipuHIQ=,1014.0
consensus_latency,wi5KQsOpWjLBp3VbSdKrDgpRdjsFfBCGmZQQNmVMfVQ=,1014.0
consensus_latency,zpWWqmve9aQGCj+qj4j75Gg2IY0xU9n6WSs24M2JfN4=,1014.0
consensus_latency,0gUXy4Wh5i6dtI2YYqreDr+migKHnhgWc9vVgeGuvrs=,1014.0
consensus_latency,1CLBzh08JTgkvNGUBuOYwdlkqUegnL+f1PorzVH1uCY=,1014.0
consensus_latency,1siD1Q1CsZEV1cU8TYD8/fu9JwWe2w3MZG4fXeo0d2U=,1014.0
consensus_latency,13ghBN0r9Dh6nGa5BCl2OL/sjycnyvEL3iJ4hVqdkdk=,1014.0
consensus_latency,2NeVZXqnzvGUzpr2YX6/95G22tK5T5UOZdG+ufIjhWE=,1014.0
consensus_latency,3HgAzjdykRop7GXHN573HECU3DIUjIYD+05N6zXFEWs=,1014.0
consensus_latency,4WvU5TSeyMX37w17ppiBoxmslME245jw8JqMH5IcUAk=,1014.0
consensus_latency,5IkooaImdkRVCs2l+dRoFr7fvem6rHUg/hYtFSCDTyY=,1014.0
consensus_latency,5K6ahtNgoCKIyoyZSZQVSmjWVHzL3OPD9A4VdJ/KLsk=,1014.0
consensus_latency,6jm1I6dnHz47Glo4WhHTrmzfUXRfCcXt6lTQ8aFTmRs=,1014.0
consensus_latency,7IxbPw1wVL/j5F24Y8lmfAk61wYqXHPjgC9NqSg7wjs=,1014.0
consensus_latency,7QwmCc+Uj57VtvlPjVmEx8s/eIJLB5GCKHDaIwbz3iU=,1014.0
consensus_latency,773PcDCMFq1KwF8PLgYymqD41OWuzeDZRC0GB0JmP5U=,1014.0
consensus_latency,8i6EmedurkG+OP/C/qS+MRXRVpnW7Mf7ERN3r+39dcQ=,1014.0
consensus_latency,/XiAHJF4yLGinTdtGHo+0UQ5QI6E3rmOc4fJUeoD6g0=,1014.0
consensus_latency,D3jo3uemHJ1yxK+8lawyBw7mq25pCCUe3EAsw1XEBOE=,1069.0
consensus_latency,GHSEObJXwDcu39Ui+e9+vPZNfXIE4EmcGpRkeTPx8L8=,1069.0
consensus_latency,IsdTdR6CdU0lvZB2KJIESsBMhsAdpIB5phyYXtNB8HE=,1069.0
consensus_latency,MKpvMnF4mqWWpoERbrCEPUqLJ2eggGwWHg8QZ5xpZIg=,1069.0
consensus_latency,NbP1Z1sgx4NcNc7eG00Vrgq2CThxVTrfYOXhFDOI9hQ=,1069.0
consensus_latency,Upq+UBaQY3imS2RIIgEMuDHMrCFJkJHf0bNv6qYv+DM=,1069.0
consensus_latency,bBtd4AdpOjgsKYV2+LwB0fGWnC073PHi+FEC7yWUCKA=,1069.0
consensus_latency,bwgFeS/4BC6PQ77JXQgvR74vVePjvvWiWwJCYFX3rLk=,1069.0
consensus_latency,c5PsfY+IwfNVdC7nHO8gAqLQZfWpliSezhp0nnXUrPQ=,1069.0
consensus_latency,l8JLpU5hmtPB/zxBCdEkDdPFGIW4fE1/5rnG0L6Qp8k=,1069.0
consensus_latency,mbbFVRnbwLqteySE5Ost4pv81P6+yG6F/1kP9TEuhKU=,1069.0
consensus_latency,ou38w2Xw3wAGWkcycJEeraeOV/Rg71RMCxdgJXVvqng=,1069.0
consensus_latency,qCxCuVEGOh5JQjP+bmbv1qhha7Cl5agtJhuIN33I4Eg=,1069.0
consensus_latency,rZQk5sFl2HjgWDgcp2TbBeZpRoTtRu5NhH/ZQuOCP2w=,1069.0
consensus_latency,vfUJqCR4BGy2KkfJ0micIt0Bo2WJfSo7Kw1DuKAu0gg=,1069.0
consensus_latency,xjfqSVXGWJfxZp6tY+8vDiiWPS7oyx3bwwI4Ui/DH80=,1069.0
consensus_latency,1NwppE80CsO3lWRExJV3QCkuZAflK/oihZCwcdZM258=,1069.0
consensus_latency,2DKcRyGgQgPQ5twLTnpy6up7zzLaIeOb5M4DNUUS1AQ=,1069.0
consensus_latency,5dOS8l1Nof7Z3cSUwPdFr2hBE/OkMSpbkeZbfFZ1ewY=,1069.0
consensus_latency,DRa8nZlZZd+tZvRHzzHq5K3KSbqV2AUgecuhq+9dzUQ=,940.0
consensus_latency,EaEJZ74JBaiGedr5urNPd7r5i8DZGQ/UgrGmpBfEMCk=,940.0
consensus_latency,ROmCIVJ9OP1c0djDclzFhJm3w+HnVD93FODyDaJ44bM=,940.0
consensus_latency,WbdMesoUK2IvvOzs4e5AAbQzz/25qqH/rEqcNbs0O1A=,940.0
consensus_latency,bb8sdorGZdZbPTKt3IMwgjaFujpiF4flZUSmj9vcvpk=,940.0
consensus_latency,d/Pu+Pq9x7krmomPvvUSUXq8iCejIX0D3w3NzfoYl7k=,940.0
consensus_latency,mLbeP3fx2d2AexW+lYTKFzDi619xAXK7q93jUYEJJ4A=,940.0
consensus_latency,rITp/pUrCqY/quEcAb+ncGp93hqvCQmNPswMwuuVsAQ=,940.0
consensus_latency,sNnD8GO4p477az5nXDDDtiePP0Un4p6apzujq8NRRbE=,940.0
consensus_latency,LDGo6/Az28zR40G3gYWCqUAP0TxBc6+AxoUVEAIKPNw=,1646.0
consensus_latency,OLTlCmuGsZbnVlrOI3DKzFfS/C7WndGFbSw24ru5TIw=,1646.0
consensus_latency,HZpvE084RXt5VnTmXpsAqw4Q+HRGzopXu4ptiMdui4E=,1642.0
consensus_latency,JFFGOV4N8KAx+WD3QOlS6wuu/6tNmdVV8iWhONC2GqQ=,1642.0
consensus_latency,OqBe1pOOSKVHH+ivUNDZYOp5E1zbf5iAzk3V5RjBTd0=,1642.0
consensus_latency,VWBIfmiTgioIp5eXnVOXCl0NP4ytkrmT+WCHBOywHe4=,1642.0
consensus_latency,a37iX3ZAT+lIL6On9hcHKH3CvpFp0o4arguC4K0gly4=,1642.0
consensus_latency,f6F/z0NNsbYNRXlW054sTyhqcI9ggBljvDr4KhmtzoU=,1642.0
consensus_latency,gp6PRs728N/7cVmZPhfVNHSEKzYVOfatDNvD4YuJClU=,1642.0
consensus_latency,oXdEhM+JBYQT6t5aXGGAim0gMYCyrW06AzSoPUAaC+c=,1642.0
consensus_latency,wsPnJnI0nEr0+jC18ASqAT9E6V/JA7dJOJL3ocf5+Lw=,1642.0
consensus_latency,6XAnw5T1u/JJnWtzXd0JQh2oTcy95fT4s3ftyGG6LLU=,1642.0
consensus_latency,BhdhFLX4EKHhpiHEr5NlE8bROvdFTJJyxXQCzNJ3MLA=,1329.0
consensus_latency,SlAYUa4m3VheldNeRnt/QcxypuEDS/kEUUsMTiSJGX0=,1329.0
consensus_latency,Y2CkwpkJ8Ysmk8KbeB2OzL9nCcvlZCgJT/E7xdHZofA=,1329.0
consensus_latency,lX9D7H69T3dMbOMw4sQoEPTn2p9DRasauG/+r9/CkVw=,1329.0
consensus_latency,y9PiKdD+9VIQYOfCrBBRszMWjoV7uzZkdf1Ko/XG2xI=,1329.0
consensus_latency,D/raPzyN3VpjPOEmQUdUMFauIR2Qtd0gOVOaA/QC/g0=,1370.0
consensus_latency,FuTuohj17WtPpdapf9CJ0wGTU6dR4W/a4iEnvugDUWI=,1370.0
consensus_latency,I1F244S/Xd0nzFtLTf54205AjMKSzVcJbVWQEG9JkIo=,1370.0
consensus_latency,KaQglmtXzadJ5jga2V5pt7U1sv9RsOJd35ze4x3Or1k=,1370.0
consensus_latency,M7Cvin22KSiSNwxIkoTXvBtpdlatHdDHT5ZmpKkm5wQ=,1370.0
consensus_latency,QJUgQfVVZEwBgFBi89+uIG3zScRPQCqyKtwhgPJb/F0=,1370.0
consensus_latency,Q/Ytv4x1u0BHz7yLC60ShUtMVT5o91TUtektFuUO5X8=,1370.0
consensus_latency,S6NRqZXyRudBVZTOInHOb1oq3eZcGDd+xgCYoKwEPG8=,1370.0
consensus_latency,T0zuiLEc0x1ypNwIaKzQDbqYfcmtMlc0xXQmGjZYRLs=,1370.0
consensus_latency,asOIgwl2Yw7QSsmzEBdE039yaX8WEuBKnTCJg1x9Fwg=,1370.0
consensus_latency,f03ukHD4wD0Qy1RDtjphJBxIfsBfow/Q5XFIUbNdvpI=,1370.0
consensus_latency,kOLXgJE3kJOSPFyRRjQGzpK4k56kT27TD3H8nW/Obk8=,1369.0
consensus_latency,kWefC0nGJxacRilh12w87y4zlFcruYqhxQgB8eoI3SQ=,1369.0
consensus_latency,nm88dd/15G/y8hAdZrQOmG9iQJgM3QsMPg9N8SawtZY=,1369.0
consensus_latency,oQUSLyPCJ1QpBlsmEpGQrIwUl5qx2UGw4qJ0nqsE8p8=,1369.0
consensus_latency,r0LIot1VAgwHiUOz+b1FDyqhN9HcBvPBLR8mm2v+AXU=,1369.0
consensus_latency,sC2el12sRQwHsc5IMutsES3EgkzamvdiYhTYYFkYzk0=,1369.0
consensus_latency,tHv3ekExNpPHcSZWxKwpo7UEHAzXy2ulT4FzAWcNkWM=,1369.0
consensus_latency,xKIuJzTALnAlJ9rgINWEnUL3xHURlOg6TNJ9kS9T5is=,1369.0
consensus_latency,yYQYDrVb1RyCHpWEu2eZXdqa8qJvpDdpeM+0823ApAg=,1369.0
consensus_latency,y6fqN5v0KCl5HR+9LVdNwGWerF/tm9Cg6PGBEAFn120=,1369.0
consensus_latency,0IheFHywKdRpQBSLtoA3GO4g2Ynl6lJU6E3dUsUTbNQ=,1369.0
consensus_latency,0kBmouFiL+WarpfCC6gDMNpZaVfZ38iLfez/KltmsBU=,1369.0
consensus_latency,00oWY5hoCsO0iRLIDQiPeZJgZkdQTz8xwyxFjVlhOl8=,1369.0
consensus_latency,4JVzK/+Ukq54Pu6OIpGRLEaDG2cc4vgfEfWx7m8MseY=,1369.0
consensus_latency,+i1rWSj00knIL5UvUjUV/R01VEU7zcM+v72of5vo45A=,1369.0
consensus_latency,Us0s5kxeG1HzMobR+bOFNAX6De5bJEUxDoCuLcOXZVw=,1367.0
consensus_latency,ccOV7zFQqkUSs1if7qNlhRPS7Q9+BrL9H2byTcEGpn0=,1367.0
consensus_latency,mJSJO16Z6xPQGFzb2RFgQW8udP7pydKYAnEAE/TWKOc=,1367.0
consensus_latency,smkWVQk8k9tNj4P3adle09DMLl2oMZfWiEw56i0I0CU=,1367.0
consensus_latency,AOa6fjL+WbbGmMRT5/oGSevM+iIeSUhCzsarJDrmAOM=,1367.0
consensus_latency,A91eLql7cxHBqbApFYS/MjAh0um9PbhYMOJqTUZEmyw=,1367.0
consensus_latency,BBWetioXtV0MprBJCqaM1Pe04aMiX/taXxR0EBezubo=,1367.0
consensus_latency,CBM323m/HQ0aoyHoRBoMHO1H99X0FEQ0iVcOi5xNbk4=,1367.0
consensus_latency,Sh6HnInmybXzWuCcCvm7iekb2x28XQ25h/f7TZzpFeE=,1367.0
consensus_latency,VW9Qun+IAh44g/1ygpvOObhuUcYVeWjYJ+cUwfm7R+M=,1367.0
consensus_latency,f4t2hUerSTXJ3xdxQPG2r9qi1/eUOFTj8EAvXBfVGqw=,1367.0
consensus_latency,gmEdUP6oiietKnv4O+4IaksI7q+WKbNsy6QzpZv0oZI=,1367.0
consensus_latency,hxe51mh/ElhhOrd7v37m5tZ9swA8t2O1CI2z2NZd6Yc=,1367.0
consensus_latency,sFc0Hqreib5o+lCcrn6Egz0ipEIetX4SKfvmJokdRgc=,1367.0
consensus_latency,zkTOeQfwWR8ZGk6kjK/5+VTytrzB88BHZIIIjMnoX/A=,1367.0
consensus_latency,2rQekuAOeRb7cpoz3AXOrIdf+13VZv48KvIGKkFQI18=,1367.0
consensus_latency,5gg12a7m0iSboiaez9QbRZiUCRRnwUBGkU1AB1LosEU=,1367.0
consensus_latency,7JQh3D22ztK1jK0JVMXmfHpSjy4czOEEdkhKPLWodEc=,1367.0
consensus_latency,8boKEbL6ci3nqv8UHagffaqbNfF3QRHD+NMM4beh9dU=,1367.0
consensus_latency,Cr04vvagJakvoz0kwMATHP2rTOV/nzwTgO+8pvLSooU=,1368.0
consensus_latency,LNa89plLURt4NFhnRkm/AN19YgkhFN5sUlVgQr1c/AU=,1368.0
consensus_latency,PRECeAW0+lon+NV6T5LX1mk0UEHuILC2nJJ2sIOkQy4=,1368.0
consensus_latency,grFEY5VCJb3RsjJZUCDmDLaBgZaTJ7J7M9DcCl1j/DE=,1367.0
consensus_latency,nMEALi1BnYeckWdfYgbzG9vt03jbl17bInnKrGdArU0=,1367.0
consensus_latency,sOLnjkFqyTkz+R8iUQECXaisK9X6DL6e3NtJg+hRReU=,1367.0
consensus_latency,2lo0uTG1eSmgFjDrnt7r7NEqOBT4OczX5yEmU8+l+wQ=,1367.0
consensus_latency,5QEBEVSNImWeUSOIoFf6MsWhcr9mn7/KH1SoWvUOXpk=,1367.0
consensus_latency,KQKmCE1n7/HHRhnMkzvXg5ooVVB6NkFRujuiPvj+bBw=,1368.0
consensus_latency,NUBQBfB0fopmUEUjzbRs9ebK+cfEpyjHJWtornZlyvM=,1368.0
consensus_latency,cNV9yc7hVR6qYKgC5J4vaKKkOlqxs7rwH7QVJuaBDtk=,1368.0
consensus_latency,sb9/+9FVKrxdtnhTA63upisQr4prnPy/EwKs5j7hrKk=,1368.0
consensus_latency,3MHUq5wgOZzSPuOML7+HUEuo4oi3Slh+ep4h3Uv5GME=,1368.0
consensus_latency,BPktSKgLeE1EcBXDEflXga8WdVmxaQSv7t15+cHQTlg=,1057.0
consensus_latency,CQcjKZcBZb8ovQ3L+HeOiUVC5UUlZdtmDbPziYWVqzA=,1057.0
consensus_latency,DT20C+nlFJOff35FqKSao5RBCysjPNgZ5Hme4zglALU=,1057.0
consensus_latency,Fq9MbSTpsLEYlzdDb9dBa9e53t8jQKNre9n3+yry+lQ=,1057.0
consensus_latency,KSEs/ToUl15Omo1UtGYVtuNAE0KCmjcOKLEAobq332E=,1057.0
consensus_latency,KgBM0bHABjVimaLv1YfaokOXNdcGMNxuXvKb42+S+N8=,1057.0
consensus_latency,N6pKs45YcD8ZA10SdHWWycKZLXRp5+wZkgkubDBZDKI=,1057.0
consensus_latency,UnSNnwpq9QIo/JabtNB20C5HkIjxxFHyKYZPwGuc4DM=,1057.0
consensus_latency,cIlboRB9IgDqg7I83PP1Hti+8hoMUFbwXU/psAVDSv4=,1057.0
consensus_latency,eij6uT1B5CJFXyaGZDdtZlZ0Fo2nS1kSS/NiOjFMX4g=,1057.0
consensus_latency,hQtCsIcIbnvnob+hUHxWZwquVzmuhKPibZEgVPMYwsM=,1057.0
consensus_latency,kRQCx5G4eO7VSB/7uXBmcRzwkpUJtX+GxZvMia5YIa4=,1057.0
consensus_latency,k4OSHlddLphlCQ8MXesSDZdj9Uz+TddFlDXSI+OS2ts=,1057.0
consensus_latency,qfBO3Y78Oe7sWFoe+Y0MovexMT2P6i6GOdh77vJQ+0o=,1057.0
consensus_latency,xVhBL6zPirwTLpi46Pyp+kJClzEmmj80VRG8fnGiMMY=,1057.0
consensus_latency,0hOa0GL+sTar2ozW+ct8yjMe+JBHR+0dCRAvI0/egqs=,1057.0
consensus_latency,2OtF3vqi4/3A+tXYwKpjnCm+VY6YgWi0BBd7e4TLnrQ=,1057.0
consensus_latency,4E7wxWrNXhRxYYjrlUMFemyn1cokDUji++GDZXkixNQ=,1057.0
consensus_latency,+KXaDqD7jZuS96QeyEmHjyvIOWiVUUbjbt1QKpi8jAg=,1057.0
consensus_latency,Fo80HDpo44tVUWTjOJhhHEmR4oC/B93At5v71JKpsEg=,1056.0
consensus_latency,GGenwBQnpWiT0DZU1cxuXL8x4I+HTei9O9ZR/UOLL2Y=,1056.0
consensus_latency,HlvGXuRjeecuVYAnTbBxQejleEihTawmt5fS/DsAiIY=,1056.0
consensus_latency,KhWqHDaD0rITHp/PJXCc8uFawQ7SHKBiSXl1MkXHfwY=,1056.0
consensus_latency,QrQJByUHczWA+RScvjAag5Zc+PApET1DXEuUU7mIxbY=,1056.0
consensus_latency,kmK9PPuEU2PJdgZcHSTKvHFcl27C8b/5Y6TBCuLiggU=,1056.0
consensus_latency,szsKtdyAOFEQ3LgKPbyQHDtBSpci/KXr26wQYNfwchk=,1056.0
consensus_latency,t7ERvqU/a6UtUw4IX4NT9wE/5/j5AfLfhWQ/etFGRSM=,1056.0
consensus_latency,yrtKbuVWCxxGzVM09xIWcOlkz+hu3tg1Sa6XtBrsQyE=,1056.0
consensus_latency,3KfNiT/az6ANThcHVa52MaEThmScW5dClQT35qTtWX4=,1056.0
consensus_latency,+jQ6eSQ+j0EQANyz9dfWXX7c34+vqV1zDDG3RoVMus4=,1056.0
consensus_latency,+z6iF3Bu6lMiGBoS3nv5SbKuCANSTkYun9mIHwc7Azk=,1056.0
consensus_latency,/sbxMNLOFWVt1Kh4aUnFf9h2NPk6v6p33R6xfH5VofM=,1056.0
consensus_latency,DZX+O5qwt7HdgwYOsKmPJmKiZEC95QDZy/i4fTenHOE=,1058.0
consensus_latency,Kq2r3tY5h97DE6Y60BlVvp79g/ksB8HfiYCJzmeGDEg=,1058.0
consensus_latency,PSi9AGOa4jA8Nc0ifkVzKDoix5BK4SmiZdZ6EVK4NWc=,1058.0
consensus_latency,QPZeUHPqx1XjsMwtkZRI43DdAXZn/V3PXwPppDBDSRU=,1058.0
consensus_latency,SKNIZou6FFHak5T9cd13ALMmom2qalSYz+D1IuWhyYI=,1058.0
consensus_latency,Teq+oH+bK6yH2PGB01Fiv7fCTzejwcPjOvyjszQOpk8=,1058.0
consensus_latency,VBzLa7IJgoUDH1v0kfmEulQPZRgAj8QL7gXbI3GQIrY=,1058.0
consensus_latency,Xs8sIif+SS1cuMS6a6HdAbp0v8Dwqq5qJsxlPQouzrk=,1058.0
consensus_latency,onGv4nw1JDS7VOpRNt+NTZwRuSRw2yijBK09Qu1Gtp0=,1058.0
consensus_latency,o/5M9IZHKVc/DJ5KwIE+MXA2OUWAEHkcANa3oNJfWAc=,1058.0
consensus_latency,pE/5o9Zt/Pv/uLoHuN9+J8kY9hXBprW1FSJDJIL496Y=,1058.0
consensus_latency,yJ+bqtWxxx/lI5+LM6OT62Kpufpj/cle5kjcelt8BSw=,1058.0
consensus_latency,5hRA70yeD1+PePR3RcT/Uo7zpqLFXaCtVwE3bkkEY7o=,1058.0
consensus_latency,6EiyJwCxTTr0mETEb5wkZGqWqO+ix3HdFqgG0dwE2kQ=,1058.0
consensus_latency,75GQw9DYRQbOPoKaFKiX+2FJS2NpTLo/n+Tf0J6E1xo=,1058.0
consensus_latency,8Auxb7cECgMU3nTYU/vXjr3uzZfjMfg1i06eXmx3UP4=,1058.0
consensus_latency,9X2tVwlAQ6+H3U2RnOM99AgTwAbT4pUN/zZPWWWt2vE=,1058.0
consensus_latency,9sJ4UBKMEd5CavAO07KylZE2cz4Q3uJKXgOZzDygvSA=,1058.0
consensus_latency,/Ua4khoZYZQKcdBkp6ZD2ojRLaqellArhK2qER69clI=,1058.0
consensus_latency,AOIDiqNfcNw6Beioli0NrBdX0i0tmjLzeBEEQ+UDJSY=,1110.0
consensus_latency,ASDHJVEYu8WJSmJm6xdhVf6nGLsLIiQ9FNm6VcBBRnI=,1110.0
consensus_latency,D1WJ4mVik7yYsgq4UWYxjxNic6z1y5rm4mWnTsbdZtY=,1110.0
consensus_latency,JpyrZeVO8YruJIsx+46DAChfT7epKJOqjrqvT78V/OA=,1110.0
consensus_latency,M3K3OAu1AflGaVRqWbsFSko/KyfC5Dvb6+Nzv6ltqG4=,1109.0
consensus_latency,P39NQi3P/o1B3ZBI5P2BNw4MiwT4TK+uQNOVFYYtFcU=,1109.0
consensus_latency,TpAZfUdvchK/BCZpAmyCgcfkouf+ciNvCKpnmnuihvA=,1109.0
consensus_latency,akfQq1+B0rdHsZyIKB+XgMkj+ehw4qARKRd9HSz4taY=,1109.0
consensus_latency,buYf9C81q0ZYLq5iJgWDO7Jug8KC4s8esgabYsvkWnI=,1109.0
consensus_latency,fdM4MjFz9rZ2NWuSzxMkXqno4yLnvIDjP5Cd+0YAozk=,1109.0
consensus_latency,zlAKk2FQcHWSZ2wiuSl+p915SK10xfWlxx3ipTiDUSQ=,1109.0
consensus_latency,0UNldcuGOZG2bqex/eR4sK2rPh9t7qNXYxQy4f9Wji8=,1109.0
consensus_latency,6hwtQr/NTrWp8BBlYtSClizGpXA3iBJXNkYBRehguRc=,1109.0
consensus_latency,BF3J7+vNaTgL/VCU2y+KL5Hm8YHNzFSptgNt9xb3o7w=,1059.0
consensus_latency,DNI2kFmeA1Ca3HThNj7R9rW/9obVtUt+KgBWfauUg6w=,1059.0
consensus_latency,D6fRDGndwro8P7Zt6+oUd5WQmh8k1aDlq8TPHbIq7Rk=,1059.0
consensus_latency,IC/joZ6oWF7ouMKVqqJxGPqM8IAo6CG56wo5el1AU7k=,1059.0
consensus_latency,KlZN0ygNRp17GcARIlDT92DDaO9NcLUTtsU8aSs5fCk=,1059.0
consensus_latency,PQVasDjlmBmgDGnqdb8kNi5gYVUjY3pQJbdgnU4LJrI=,1059.0
consensus_latency,R/TQ8QaBpnI6jljOcZoUJJIsokbDjmKqYMw7SfT73zM=,1059.0
consensus_latency,S7DjAyRyMK8bGYnCg/6byOQTLr+A7ulM0n5IA6f47fw=,1059.0
consensus_latency,WZ3dugO8Nm2gJm2GJaNqdzhLziLXuvfigYCaBZZwlBA=,1059.0
consensus_latency,asJC20Fyq0alaAYwfA6pR8tRbQ2vZGK+fJt3FFS8B+I=,1059.0
consensus_latency,hY5D0pEJXS6ado0SQWAywRSUWc4HeNoAuQ9YsXR0DHc=,1059.0
consensus_latency,iwkHfhJAzVZccbchZme7C9h9QnUbNSIlbnBym93RbWA=,1059.0
consensus_latency,kR+CaMa+y8/7qQhhqvamzyk0Je6dERf49babLSWgrOM=,1059.0
consensus_latency,lMQfC8YLxiRmUURvCFEnsEaYsXFSpAU3E01c3p+lqqM=,1059.0
consensus_latency,lro+1HtQbAVi8NvjBh72CX7lICMAeb3ic+5ggt+ls9g=,1059.0
consensus_latency,scNNCPNmT0LrCncnFQduAvKDFxui35pr+YImh4PmWns=,1059.0
consensus_latency,y9Zr5mRE64sApyyNOizO2/yA+G7Vdg/52zy23msFpLI=,1059.0
consensus_latency,zZZpwsZllORayNpRTH8FcmLYuMwO8undX2WNT5lcE60=,1059.0
consensus_latency,3X9sRU+zHvB1vH6j9u5L8rxKIG9cmI0JOGBGLA37VJc=,1059.0
consensus_latency,4ejfOW2hY9KT+59z1HQNU2W+QFvtvDYm6PcHSs92ZGE=,1059.0
consensus_latency,/LJ1YeGhLT3OxgCHtZhISB12bq0ELkeK5XwVxGNqs3Y=,1059.0
consensus_latency,/eX0sDICuX0dne+jNosgKTQ3i9GoObqlhKEhuvTP8L0=,1059.0
consensus_latency,CJRjH6eLLNc9eWQctll/Z0tArwLQI47BmzEUBB9FDvw=,1111.0
consensus_latency,CcfXSLR3z0N1MTO+Iaubj8cfxWFW58AngXXeHje/chA=,1111.0
consensus_latency,F2ziI1nuF0kceef+uJRkra0/Plk7TL5sb53EBQ5wGsQ=,1111.0
consensus_latency,GtMKDwr2Wc2hI8saMecpZFfukqJv4o1EkmHVi79/DJA=,1111.0
consensus_latency,HRNMr/5WJpk+jTPfy3UmV2lJ8623OOGQsdL1hHa/ppU=,1111.0
consensus_latency,HaDf+Kr1/wVV1xWOGSFE5O9203kQeJ+BOSR9VF1d2uk=,1111.0
consensus_latency,IIYzaziMfVs9ZuxJPSumaUQ1o49C5o/g2r4iktbVYQ4=,1111.0
consensus_latency,Ky9Ac70R4/m1N4VkBt5hAtnATVW1GdKHTHurxYmI2pc=,1111.0
consensus_latency,MnYogP+MdV4e8QI5z1jf3tsZbIisBliWj0qj6zsF6DA=,1111.0
consensus_latency,MxAKeJTtOS93X87LNoAdFzWUD0rm8reKQCR2KvYY7S8=,1111.0
consensus_latency,NQbpZoNocQa13ul16w5tDsCUP0Iem5me0UakOzN0qlM=,1111.0
consensus_latency,N5p4i4aTISRBSixMoFzCo4kKbXnXnju2nQqOk3eT4rs=,1111.0
consensus_latency,OgMhDzgiarJDVQ7HHCw4C8yPuTqZyBtCFZWzRRTibqU=,1111.0
consensus_latency,QzOjc97kCY6yksO3OXML9FZHr6yBsNHma2b+oKhqc88=,1111.0
consensus_latency,RM47RgUv123Fuuo58RYWzApLhXzouq1cPI7HxhqEX6I=,1111.0
consensus_latency,RT3xxkwFdIHF1MVY0LaQll2fzLBGRzUZhSeL51aYRNg=,1111.0
consensus_latency,TJZ6479yVLNWAlXwV3CEx0ZYh3+EPmcpNz2aNzalg5Q=,1111.0
consensus_latency,VTrVFZ7XafZOhDCJrz8peGe9fERj5ul8gqjcZyrEKB0=,1111.0
consensus_latency,XhiegWPKa19wvOJcS2Gdn8C+WQAEqniMWy0C8IqSHR4=,1111.0
consensus_latency,XidTynSHtYv4FRMnwDFetgF9JuUJRjxKaQoBBLcN3sQ=,1111.0
consensus_latency,Zj1keI2TSjGimKoExtsY+vLUjbXBa3ZcvHLZ1oqDPqo=,1111.0
consensus_latency,ch4VYWNf+kEUHiSlprN12n0R1hteeayWGnyLqdJRCQo=,1111.0
consensus_latency,esDmwOys5GLXGZ3g/1f5YZKaT5qHUBQjYp6TR9akOJo=,1111.0
consensus_latency,fGbMF5ljaIOs2UutifkOZoxfzwTgb0sKZ9WLtq//34U=,1111.0
consensus_latency,hxw2qROz0YWDOE7fNYsnnYgiSjLEWD1IHA7X1Zv30NE=,1111.0
consensus_latency,l4Rn/VCZ5tmiS2FtcgKi43R8THbk1jhsW6LdRHLao1k=,1111.0
consensus_latency,mXNgPn4cJ5Ek7MwsPzC/ClcAZAELUj3+L6x2Y3GkOrU=,1111.0
consensus_latency,qqmi8PZ74uemIJhtP/w7zRx67yFHyoBi1cNFlmiM09U=,1111.0
consensus_latency,rKwNkjmOE55Isecke3vVIc2g/sFmI8K1jw6jay2mUho=,1111.0
consensus_latency,r19K0VNlskP/JHjh8LCmghxkRdu2T6I1VJJabuVJq7o=,1111.0
consensus_latency,sId39DoFbwb990jSQrd04df70gInmuAJsIrzA+RgM0o=,1111.0
consensus_latency,shuX/niJIjpn7tVuKAM3ZL2uW3BhDvtYEpE1oJVmsX8=,1111.0
consensus_latency,tv3U7do2PULMw+K59/q7iMdWGY+RQmhIaaeTihOqlxI=,1112.0
consensus_latency,t2sVT3N21gG/bIiR1biejVeWL18fq/3ih8IEgHMw0Gg=,1112.0
consensus_latency,vH/Dj02omKlORYtuZqrChqWwrKUbtQTO7HS3ea0ySDo=,1112.0
consensus_latency,xZ8FABgLojcNooTzwl5zkWK6Qtjw6LL05BhE+EcHr2Y=,1112.0
consensus_latency,xfwqRV3WFTK5u3paz7/BTgdTEsnFEDFgwuCbFsAe3sA=,1112.0
consensus_latency,xgsz8bMDdNtLs9Y9XP2i7Ja+Moegd6SAtXBcYccJ0IU=,1112.0
consensus_latency,x+CYUK4o+WC1jjjqGG3MzBKXV+Rxj7xkjmXCoErYuOE=,1112.0
consensus_latency,2TE/4KsZqmkFPvJqmhxuvD/k5P2jsXfcLjJTJzgWkBg=,1112.0
consensus_latency,96emmoOuwz3/oLUBdNuWVSU+4gmE81S6NExVxo7Ue8U=,1112.0
consensus_latency,/77iilSWUGTQOhkpO8lZSo6EN5cj71OPzO+vJNzGvgU=,1112.0
consensus_latency,/9Bp7AWe3TsOFePSZupwBCz0BI8VJRjlrTN/0SMgEeU=,1112.0
consensus_latency,BOTvcgCaGoPxNe3AWIy2aobZQeYOdO87iyMcujcFUiM=,1058.0
consensus_latency,DYuRPkVd3USFwzKOmcIm5I58xREjx0oeJoIoql4NP2o=,1058.0
consensus_latency,Hdo0iYaQ/R5bkNMHmVOzeLRlgwFp1GdKMe+KvOMH4v0=,1058.0
consensus_latency,IYa6zu9rU6HWXGriIpvyFSZFx3OqOy/l+ujdIo/ymPg=,1058.0
consensus_latency,OAnh687Mrd4mn1XayL8WzdL9ig78cPZtiSj7izMyLs8=,1058.0
consensus_latency,PL2aHN6sVL8st8v7zGlIGNafpdR7rjEzBJV/JuG6RSU=,1058.0
consensus_latency,SDmSEwa4i+h2xUEUae5Sc1LSdBB+K/46PLz4VOj0wD8=,1058.0
consensus_latency,Uh9E264TumCOhPPx6wlMHQsCqIyZJ/fQz3JZwIivJ/w=,1058.0
consensus_latency,UwrLvM1oPTKSa46HQ0EhpR7oavIFRinSs9pjm4z+xS8=,1058.0
consensus_latency,adwP9x022NQAO2r2aJ0wvzo7Fqy4lfAd0UY7N0VLV2Y=,1058.0
consensus_latency,oGzWUI9mUDZn5F46YHDvzPkx1x4kcr/ke2lcjYAbiZI=,1058.0
consensus_latency,r9tk2y9aRFr8hW9cfG8tJ5xH7l+nvzJbsvm26ciq6nc=,1058.0
consensus_latency,vbTpJuCsoxCbn5/c20gMfRSEmUi4PkYyNmH2Ec/x0BE=,1058.0
consensus_latency,yB7LbPANV4lQBH9OBBKPTbth/SD7i+gt+CBh7Vsaews=,1058.0
consensus_latency,1p5+AHMAWOH0Y8lAq4PSe/aaVQHiywAVshwRlJ+g1NE=,1058.0
consensus_latency,2hke+xQsDB170ceaubzE/T7VT/gIFJQ/wWCt6AqyXDA=,1058.0
consensus_latency,2ts03cyxaAjsU2AxWmiLtHUpxumaZ1u7HJ5OHicS56Q=,1058.0
consensus_latency,4DeubwbhQAzG9UEkD87wr1onfhocT5x/qM90XXP3oW8=,1058.0
consensus_latency,6c2nX6P2VBZ36Px9w5blF4zG/FDzJDkPsCGU80vYK3w=,1058.0
consensus_latency,AoxNFyVJ82ZiRnIhE5Sg/Rg3DJWftur82NE+69l2LSA=,1058.0
consensus_latency,BQycz0DPs88YsGo9MQmL8D9L6frFSqJyY3mhbPMraaM=,1058.0
consensus_latency,Dap/SJidK2S0F7xoX5xBp1snzThDPMmACtRcRkhE9OY=,1058.0
consensus_latency,ElHwyV1bNzeHUFqebG0cVdmjtSLboM6NGKugqyN+T9E=,1058.0
consensus_latency,HVy01Gir/ZAL/wY78hjCzfzdjs1Q1FRthy3/833j5qs=,1058.0
consensus_latency,ILsrHLC3+Y9xu2JDAS/IA8B5xE/hSb4y6kkU6aMnrHo=,1058.0
consensus_latency,KiJRS9dQzyHwiX5wz3xb9xqZXCIHIr+Aqh2bUM+nfvw=,1058.0
consensus_latency,LI502t5EbPOzlXdMGWQODLjjEujOAKNovY0OiIEB0jE=,1058.0
consensus_latency,LkcRrcfXJQHPTnnFOVIjAFLuJf9/EamnLz5bTZYaG6I=,1058.0
consensus_latency,Vks3QzyuLDDoqocwqXQ2iiW1dJM+VUgVl0pkeTu5sdM=,1058.0
consensus_latency,W6tpCUIpqyqpYVpzNy8fv3POml6RNTpHdz+SRman4R8=,1058.0
consensus_latency,aVMrV1iDXtuY54hclF56ovs7BU3qSruC4O/U6F82zVo=,1058.0
consensus_latency,qHF+Xp/MRqVgqkjNNoRDnYr+3sPLbthASlWWTa2jGvg=,1058.0
consensus_latency,r+e6+oQycBA2yO0V2usT1+m50K49EE1h1PtLCaUj7Kc=,1058.0
consensus_latency,5ep2LvQBaK8acMrgkYkbjCEb4KF+UbpId/LownSlPyE=,1058.0
consensus_latency,58hvIclI+YPT9jwErq+bzPqVJhXmb08s8wsCLCR58fg=,1058.0
consensus_latency,8gzbfY3Jh9dgxQoR1m91kJpkgeTtQuC260zbeoJYe24=,1058.0
consensus_latency,8tYAKLvpQVzx2y8cwpEJtEUzNX6hpwmLkczWbYT/Nco=,1058.0
consensus_latency,+41nmJodMU3BFE09qiAyA7mzNBNsFTkINiLytUqnCME=,1058.0
consensus_latency,BJZC0wmv6ax6VPxiDFbMqtNsPawnfjSGhyZ4JHLWcXw=,911.0
consensus_latency,Ulty1BicZDfMKFTQV2o110z0VauhQ2wsqkdiTc0sYz8=,911.0
consensus_latency,djkC6/8wCxMUpurbCtIagk+RHaBy7CpnTsfy3j8Gs5c=,911.0
consensus_latency,vwaUG9nyzsV2n0/xUKxOwVozRwPJkUwDARg0NCrV2s8=,911.0
consensus_latency,xHQChQ3UXKhFSMzaxcRc6FQQxosksrv2nKryWViduSU=,911.0
consensus_latency,0gh9TT+ArSZenWTlGMt6VSXTHCNd3Y+WxzFkTFOmoPY=,911.0
consensus_latency,3K7aegppJijllfdxcKwtpACi1PBpTwFb6/GripTMjRk=,911.0
consensus_latency,42irXqFt5B43gA0BIteHEcC+CwV3cEBn8b4E4rFmkFc=,911.0
consensus_latency,9UJHklZXjiRFVydaYOtrpGGbSkJonKQXtPECYLDoENE=,911.0
consensus_latency,ExUngt1wuw616ChxfDLd/O0hMbnFEtzgQUKmZEhCmsY=,910.0
consensus_latency,Gvc4dM0yISa1IFmQBcg8GDCnw07T7hLi0X6oSRiccQc=,910.0
consensus_latency,P68VLu/wMyMo83h51HOj256zRwDtETPd2TLw/nExNKw=,910.0
consensus_latency,Q7xKT1wOP5MSAEuNi+xclWv3SLt+ZwoUhFHyUP5ms5U=,910.0
consensus_latency,knMhjPHxoX/FtZ3eAaHX8Al9B+OdLROqipzoIaCz6IE=,910.0
consensus_latency,uw4FCZkDgcNPehLPf/blZFgh/TMJvUwqfs4mlXjk4EM=,910.0
consensus_latency,6koP+yPwQQaanSWi+Ov7Ii/SDR9Wz5RQUFtAze800y0=,910.0
consensus_latency,7vR4J0VzM91aBrM77BhmoFJjIwSc+Nf8s+7hnbEZ39g=,910.0
consensus_latency,+w3OdTGnyaSCCpW2K2EuDEyWheCBmWF6QFPHtFGVwmU=,910.0
consensus_latency,JancnlviL5RNBEEWBR3q237UQhK0d5PLyA4l4l/+Gfc=,913.0
consensus_latency,Oou300EBsHWsclgMdo+5C2cTqeC2vWrnTnsXdU8Q1yo=,913.0
consensus_latency,Rks6GZtpT5cpywDWZSkgulBzW1xLxKVm+Ue8tpMrdfE=,913.0
consensus_latency,Uw9KJ45H0vA710g6pWvN5vrPdMAEv7sdhO/0IYLeWxc=,913.0
consensus_latency,eAVadQcvAAx5Ev6AFTvH4xqYK5PITyduPUo/0b9YxT0=,913.0
consensus_latency,jTjGjUfmqOhna75bAqC7zeP6mIgdqegiCRC7wl2R2l8=,913.0
consensus_latency,r3byD7kuDOE56bR//EwqeUm5byPFsfmtRCBNKjc7jJg=,913.0
consensus_latency,s1YHzz7k/cig2ardtbQtYA2iDJFvnE/3mGYxn/5vUIQ=,913.0
consensus_latency,4k/+7CbVnQs0itsJYHUW2ZyvsGqpu0w4oc7Px301s5U=,913.0
consensus_latency,9A/q3pIfxWhj2KUNVi6h/8K3BI7die563R7/RBERg/o=,913.0
consensus_latency,ERbLdix1QYyjQmlgoMoXhOtsv/Lc9hM1/65K55ahAhM=,910.0
consensus_latency,QWi3mawH/hZQJeIFbvYWtgzol2WGC9M/p4Xx8RyXCyk=,910.0
consensus_latency,X5sWnkUJSjVjAyj8hN+75K+EapG6CwDX7yQbcsnmvNY=,910.0
consensus_latency,aFhivry6HyCyq0PBPliHreJjky4+TBgYmQaDeBLEUdM=,910.0
consensus_latency,cLUb/DW70Wua/0R2OPkCVK6f5tIVxZ56eNAR3b772to=,910.0
consensus_latency,cwmh2Xatr9IzW1ATS+N/tzmg92PAE9sU2XWpXSdC7qE=,910.0
consensus_latency,inwqtRdd9sDhfXiOba6yUqFaBrUC2rG9EdOKKzh1vDY=,910.0
consensus_latency,m9Ro10m/NVZd0fVcyMZxDAAA2gLL3AuuQwHqCDpMmKg=,910.0
consensus_latency,ojF2RjvS6K4ds7agyUxCZEHeVaCqoRERiz+Wf5pUaRg=,910.0
consensus_latency,pNTQ+RIGPx/RaKz2gx6SyzBUMYkzIBqoS3VdjJhp5Ck=,910.0
consensus_latency,ts9ElDhhhuPzmTkJH1Rlxscbi48sc3E7CRNlsOPvVJg=,910.0
consensus_latency,voa/e5SWSdiNs5/ckUP3JNz9iLksbh1LxrMT1FdZZcI=,910.0
consensus_latency,1iqPB2yBJCdX46ElcgWeknzQq8odQlRpVu9FM1+sVUk=,910.0
consensus_latency,6UAdtH/vYL/ypzafEO9ytSEMK2fgCFMPvV8qe4vLtf8=,910.0
consensus_latency,9d/MB7OipXbCeB1WYwh54bBohXrJGISdSh4Gklx6kOQ=,910.0
consensus_latency,+91fgT9iesX+3tkAS5i4ERodvmwpV4RBC0pQppzngWw=,910.0
consensus_latency,AZRR3rSy4UYwNayBFeTIprP/4MQuMUVJq2VAYkrtkJE=,911.0
consensus_latency,Rj1CYtrq1NMWsnixeowk5807R+6zMfmfiO+QKGQ8O7s=,911.0
consensus_latency,Vba+qu5eEbOXud8HQ65SDM5fYFZk0gMJ9seroFzCMpA=,911.0
consensus_latency,Y07N9pEMwb/FI4t5irLGR+xqKjK9+k5KmllsfIUI/F0=,911.0
consensus_latency,afTtshu+31N5ACpj6zmMieCDHqx5W0wtzJUy9XO5qm0=,911.0
consensus_latency,by6zKxGnCM74L3I8404PRAYtGNOUlfpEWRA5/dnMa5I=,911.0
consensus_latency,iDCoFeKw0t9chr5zZALNk+DGeLJiR4TZ9htgggOMs5A=,911.0
consensus_latency,v2DTpLdcnCYNNMyES3spDMj7hcOFVhC524nTooV5dz4=,911.0
consensus_latency,32vBc23mS4q+kayHDdXj5r++Ll2CAXw+dce8y2DO9M0=,911.0
consensus_latency,5EOenkwn0ZjFmHpTlWkc+S94jbGQvQtyrJXgJ/KFDx8=,911.0
consensus_latency,52g9fyvizEcCBpObIyJ21ETy0AyIiHLXMFzDhPjrRgk=,911.0
consensus_latency,ALii30Wx+Gi17TEqmDNnsSZcUrddx10i9s9WoUOzlYo=,858.0
consensus_latency,AsKnYDiVZLUfLC/cR/sGjbmlxPHehpsKChdgnZYqJkw=,858.0
consensus_latency,G/YZCud7LpwLVJgboViCHTHVawMB8LCkHAlHBAJ3gcI=,858.0
consensus_latency,LGyPqiUJwv2qy8e/ZigPl/86913HN7LuAjz1qw5IU6Y=,858.0
consensus_latency,LoH49pLHrS72cSB1rdq6vntkRgQOsybhsx2Bsqsd8Jc=,858.0
consensus_latency,Moqq/jYBmTcxw6ISa+BlHc3sAmrtcluquNL3BfLcxc8=,858.0
consensus_latency,Mqa4NdZthn9jE+Yin5pXq6h0VR1nhNtDX94Bpu2wpdM=,858.0
consensus_latency,Q1VpWrQmXsCGg/PWd/Hr4LxdtK6VcsEImh8T631tZVY=,858.0
consensus_latency,TTyaBGpICOEB+lSbsGjx2+D60LQu5IkME1uPgvEPEqk=,858.0
consensus_latency,WVrmA8weOBoUJINHxSFOp7BPjUUS5bK+x8fP1U+QdxE=,858.0
consensus_latency,W8yHuh51FEX5uPURb6uPOjrlWBu+fJ8h+WE5t+7dMtA=,858.0
consensus_latency,a7oK8X0OFbu45Pw5KrhVRIUqbz2uMWogBsrmGOmPGbA=,858.0
consensus_latency,cei5DxeUk0+GrqW4McugXN7HvztUL/FD7Ekl4UsE+Jg=,858.0
consensus_latency,d+1Fw5MBeLh82KBWkO4pCSaUdTrG6hhkiiJhRd2CsMo=,858.0
consensus_latency,fipGew8js06qXF6jx4iRend4rUniXlXfcyQbHIDlYMw=,858.0
consensus_latency,gYrQACahsxuLjAbAXSrl3QMdKxjATV/48ZLa6TtWO6g=,858.0
consensus_latency,ltpIpc47VIdotethtFzzJYHzF8YVdt1kQ7y8Wj7662w=,858.0
consensus_latency,mDNNo04mV+e8AoXuKSq4brmbhAyeze7RIKVtfm/vSX4=,858.0
consensus_latency,okIqP/sfcgvBXz93xzkO7yTpY5MY09DOiDTShpWLFIU=,858.0
consensus_latency,ovcjBE7Eapii6NPtJQCIIjfOC2uOd5HFos0yoKjXO04=,858.0
consensus_latency,qMNn5/Eniy8ioxsdf4luBzm69PL/o00+FSdTG+MPDC4=,858.0
consensus_latency,qMm158bPUakG2WKoWYSdeui0N4F2MCDVxV5Jq6xqylA=,858.0
consensus_latency,ukQ60s1IflqJDyachIiiWd+9eRJuk6DseVjsE6X+x+U=,858.0
consensus_latency,vPM1w4ORTG5f2xU7HvMK/LxQZv6vr3fBhGH1JS8fVhU=,858.0
consensus_latency,wlZSa100Y1G1PRiGr7CE7fvm+jQKuy/5pDK4siJFLzQ=,858.0
consensus_latency,wnz1p2idlTBYjZU9TuMcsOzlqMJTLLN2D/P7PdH6XKs=,858.0
consensus_latency,wxZkIR88WlEms+TPboqCzQrLiggc/OiPGxwjn/2hDHw=,858.0
consensus_latency,xrdFhXwSraFajC5Lj30aWibujPt7HI8dfMoOT84VFU0=,858.0
consensus_latency,z0US2aeaSkURa+9ZglImDMsB6HEFv/xRwX5/Z7NyJSc=,858.0
consensus_latency,z3+Xm7MaHrDDspH7kGIwZbtNROpGP6FGCtOpITH2Kng=,858.0
consensus_latency,0wzXXCzfhWGIm/Jw3/tVhdBPRQYvYbz2vINiRF5svys=,858.0
consensus_latency,3YuC9fz3SITepKHIUupwWbmQrpAmy72wJ80Z9ArPdYs=,858.0
consensus_latency,4ao+7zyblEfcgW24gN+lmZsh6nne+yUEeV1dE2h3Nu8=,858.0
consensus_latency,5sz2WPakRk+hhxuwSI3QZfus6Jxe/do+qHQg2ccfUwY=,858.0
consensus_latency,66b2a8V7wd0NndXFRhAj7fiR4U1TsfK0Tekw4rAx7ZY=,858.0
consensus_latency,7P3OT+yZEITrU1TCkRxCkeF/NnOC7yNKC2yvmrDLeYA=,858.0
consensus_latency,71Q82wBbAU5hhJun/mOk4CXONa++QQtAW4/YTco2jKc=,858.0
consensus_latency,79lXCEbvRJsynBsDHlPhob/xQVkt5ojmWm6LjUQhCNk=,858.0
consensus_latency,ToLjV66SQR/VQHZKZ37Xfh7T1InBpOaRCgXHdFRvqWY=,912.0
consensus_latency,ZY38SGjjmYk35PROjDGT6R2zEGPrMDm3xS4Kk/SD9Q4=,912.0
consensus_latency,qIzNOQMv02Oajfpwn/R7BWYyDfxX3w4odHz3MxCkq2U=,912.0
consensus_latency,qm/sDV6ysBRrIugZO5hCcsBwqYd9H1K2jQIBtPn0Pws=,912.0
consensus_latency,uf6IMqxtouv0L1ySsP5V72hQCbEIllkwMQhgCqd+SD4=,912.0
consensus_latency,2z+ta142bLPol944uPbBwr1UvBsrFU8AYYPhIUjjGOs=,912.0
consensus_latency,9fBTE5Yjga169e7aKK9jtFjI1JgkrK6fJ9wKoWk4oDQ=,912.0
consensus_latency,+QMXWTVtDvOEajxvoZIb1pvYWRjIuK18OLjR6WONauQ=,912.0
consensus_latency,PuA2k0p1jTFGujRJobdJObJkm1cSeRvrTwCo1UWyWlc=,2075.0
consensus_latency,S+kD7NjTuxhTZj30BjeRR1Wb/DRaCs+eIojxkRa6D7A=,2075.0
consensus_latency,hxWWud++tk0q8k92clC006arZglonriUEb9sndOo+Vs=,2075.0
consensus_latency,zUFMGCOS5+g5NJMfz+wfOT66Em4WrVO5TZG7yusxgHk=,2075.0
consensus_latency,dLNk4m9hjRSKJD3qMSIRRGDW4mFLM2tLELAv1F0ooZo=,1903.0
consensus_latency,dT8dhbmttODzxk77vIcLTJ9dWuQ6uPx7UVsj7JyapOs=,1903.0
consensus_latency,kfKBLzxUADrS4MPBRtLzWBFuC25/gkJy2/KTsXWINXQ=,1903.0
consensus_latency,FTZIw8HXbMofGA3rFN1nTsJDZX5zqGQVlhLHnzn9yus=,1608.0
consensus_latency,JvgpWDuhBrWifVXSvGse+ekFqbHz4kfp2T98k+h6f9o=,1608.0
consensus_latency,VBGYAG+qscX1HB+1zpHxxtnVDxdDS3pD7a38zkB4uRQ=,1608.0
consensus_latency,ahkTg2P0FxgPEAmIMxALslwzCvbwGYZSqzIBRDzPxfw=,1608.0
consensus_latency,ok0uK+QMu3dUoj3cLNibSE8Dfk87Yq5Sa8dwOCvHXdk=,1608.0
consensus_latency,ouwAHNvY03vuhebq9d7sDML3vsHObjrLEldXFce+M3I=,1608.0
consensus_latency,0+vHrUprpP4RCTeEvYRS0r9A9ul949av798nfy3yHvs=,1608.0
consensus_latency,BJ+qFyTWFAcWHjszf5xRzt46tXCBpzYuecUAmNBMyz0=,1611.0
consensus_latency,I6hlt/eZm8M5nIidsCMUHhfFMmQ4xnYTuSVPq5WJ7JE=,1611.0
consensus_latency,ZfKUSOGen3KqEt3y1+IjzNihXsHV8n+i7buu5iK8l38=,1611.0
consensus_latency,17uohopqKtMglXzoHX+dm7Gn0+f6/kxv8NrLEl49TVw=,1611.0
consensus_latency,7qr7XUfOXtrrNL1eikJ8V9O5+SDj20VNpxr4CxjGpSI=,1611.0
consensus_latency,KM/FNPXB2Ok7kILOhroxl0PjvYQrTF8g/ZIt49MMP8Y=,1607.0
consensus_latency,VWagPk0a/QJby/G/Rb1FxZZXLaA72gjYaYc92pGPqZI=,1607.0
consensus_latency,bREZZZXAEmT/DnBftYtvIMfN8bVinZYwow7j0XjuH00=,1607.0
consensus_latency,xnXhPeepumdsj14EvlpEww/R3ypiEizaMFCBdJxoLvU=,1607.0
consensus_latency,7bbfCnv71PzuEJi4HT/hPS7ctB3uD7oGGH9f5LD/FWE=,1607.0
consensus_latency,9iE6n26TD5qyvbLIktzkgvRihhx+5aa/uTBIeYrGJO0=,1607.0
consensus_latency,CE9HmtIdyI2vlFw/TBFZTtrStpi7/RkBHepC4N38CD4=,1609.0
consensus_latency,TUebs9z5rZm3haPUvgNyytrbA5EUr8FFPZoAu48fEio=,1609.0
consensus_latency,b6kVJtaZKm6Q0VYSPFR8wBFF3qIIgVMNIqux5Rgey4c=,1609.0
consensus_latency,8AlUJC4anXmeET0f5tiGDxaESI+k7xs7V2LSjHiPESA=,1609.0
consensus_latency,FvZnXYGbCUyD+A2P7ENRSs/yTyFhFRQc5fNwXRwpK3w=,1607.0
consensus_latency,IQ7+YjTOvu3NaNDz9wTxlnpsoUE341MqXRcZYoM7Bi8=,1607.0
consensus_latency,K/2IQUG7wPTITvrLP75cMOqFm7s6lz/Nc32hGzbtMfQ=,1607.0
consensus_latency,Mg9zM43GBZNfCiQeBz3fKpA7agFijSj0P/6rKOH2QeM=,1607.0
consensus_latency,MpE3uGZcxK3hnTHZM5o6TN4xuI/ts1IF3MHbWtjKJ/c=,1607.0
consensus_latency,P6TTe/xEnSOWOJyVOyNlOPo8DaCNgpt3DqFpV3K30w8=,1607.0
consensus_latency,XVPMPU0UuWBtjdU12dwg/BdjZlP1vINnDop+0qwsvqg=,1607.0
consensus_latency,dlJNt4YukWvaHdPm5hWPudK3xJ/LBFmPahUnJzO0gOk=,1607.0
consensus_latency,mRPm3V+l4JrZtzrI57zpXuvJBqyxHim5LK5SEX/eQHQ=,1607.0
consensus_latency,qjMsppG+2a1dHdVu9WPQpBuuLlW6zJ8SmYPLeEwYNqI=,1607.0
consensus_latency,xMrMAfPctmweymtWKY1orTvMQcnMy6Gbk6eBHrZWwm4=,1607.0
consensus_latency,zhHQB0QwM0IBu8fI44n9TLfNxyo2nFFJuWAwpucXST4=,1607.0
consensus_latency,56EiBxRhdsO70fPk55AgqxoO2kzBqimf/aOwKZ9E4Yw=,1607.0
consensus_latency,BHdU1JmCCWThNEW4rwxLXwpodN94EVmVctr7YE/X4wo=,1585.0
consensus_latency,BudbDwKIQSODaREUJOA4M5vIZOIcmTl579bExKlkV1k=,1585.0
consensus_latency,Cb3d0QbWDOMhimQY2BNK3hsVnl6LvoCehbbNbLG7hJw=,1585.0
consensus_latency,GieZl4zEApYtl09FoPiM28+Qy2FFmXpjFZ2Eo1zYiT0=,1585.0
consensus_latency,S51TVHXb4sdzZvv+TG7K/H41wWOIEnv+STQwuxP1g/o=,1585.0
consensus_latency,WABgy1FjTpqRGsje6yZVF2GT/DH86h7Ri07hoQUOPzo=,1585.0
consensus_latency,XRH8HJtrETaDMxe1JLNQIDZEm2AKMAEiTQSV3oB5B1s=,1585.0
consensus_latency,XYWhMabqrcdqQ/JfYFEYP+H08Z4eGjh+fHILgJLQXz0=,1584.0
consensus_latency,cW0PEP6vvcziP1YiStIaXakfiT9xwHwJVTIvKKcLtzw=,1584.0
consensus_latency,c6SP6G43LG6GK9ZBAv1BM30V//BYS+htqqhZkQjKfc0=,1584.0
consensus_latency,gaRFXvaINPpg6XjR6bTrJXhJbKCEVSwqj7lQxYYDCLk=,1584.0
consensus_latency,hr0IPDs043xSFC2jkCdwTLbnQ5fKFcHM2fqjGis6E9Q=,1584.0
consensus_latency,iO9J+On7nhGhV+kcCZ/9H66QseNq8cqFl6Pkl3V7Uok=,1584.0
consensus_latency,pI464VWYKOqtTdoa4lN2Ycc10KJeHFE3zrzNTtWkq+A=,1584.0
consensus_latency,s0pddzP/wThMdAoxsHmPc3+dS46lxF/NOprisBc8YqI=,1584.0
consensus_latency,9N8OFVN3RsUnp1kxLVMQGG8SvISCan6zroVZMS3Qt1k=,1584.0
consensus_latency,Aw9LO42AdoTgNANVL5mOMgPrTz17ZgbDdDBkdhEUNxQ=,1285.0
consensus_latency,DYlkkCDc/0GiqjVTF8HTv+P190IhXvGfaz+ZLiG2d1k=,1285.0
consensus_latency,D95C3b0pcKcUMCfkiAwBTsANZtMIpJBgvnYyuyq6TGw=,1285.0
consensus_latency,Jtt52T7WM+Ef2kCFpN27LamDzOkkQ3oFfetC88fILoo=,1285.0
consensus_latency,J80cwis/VrpbPU8lU6nU0X88c75Dpicrzs/+fDzTwho=,1285.0
consensus_latency,QV17r4MPvFzeW3WGsYugdpTpdI21I3XyTtj7+qFO8Pg=,1285.0
consensus_latency,TQs+cAsPWm8icq1xim1kMTA1/CPTD35ToWb/zbeNiww=,1285.0
consensus_latency,Xg7yaL9mpUOn6yLL4ggSigmzJPu5XL9KHLEPGnmY4Dc=,1285.0
consensus_latency,YeKcFAy6CdlDwxdbZFj9NZwzENJ5v7v3FIGqua6nElM=,1285.0
consensus_latency,Yh5iSsi2IEDVF7iD+gMXoFrc52mU455Z9O8hhfujM6w=,1285.0
consensus_latency,eRaJlFt/zD8c1SAL5xuIEspN/GqEShp94u11VOwM03M=,1285.0
consensus_latency,irS/c2fWoYcbs/5oomAcGbGgZqK2NjpeBbYyUxxJyTE=,1285.0
consensus_latency,jTsqKCqSPFNL5ch+XM9OPdBWN9JqShtlx+vfknrtfUo=,1285.0
consensus_latency,n+wn7WRWELNmdZIdbDWVFJD+eviw/tmSKAJHPWwBqV4=,1285.0
consensus_latency,tNndXJftkNt1kVORncjz74Yf0yCvJEaN589q4Z53Lgc=,1285.0
consensus_latency,tl19pZYLjUvM0l1+uk5873oT7AHL1qchYowAFWqnRUE=,1285.0
consensus_latency,zKmURERqZq5NMF4JGcxv6PeNAP3QKtEDMavC9Kt+M6Y=,1285.0
consensus_latency,5EWDCgVRb2KqtoFUx/S8Rg9072KX5bx6iqY581+v1oo=,1285.0
consensus_latency,6COdXII7a6s/tRkYIYmzn8zZbrDxebsyVBtErsZSeZQ=,1285.0
consensus_latency,+8mWdFbuw7CP8ngv/1oas7U285foggP+6+rFHD9o4Vw=,1285.0
consensus_latency,/zRUFnMm+2hy8VHYbHXxYAmwbU8ZKQdtGIHlTEovzRA=,1285.0
consensus_latency,DtIj3aq17bPDahqiH0v19700dQNT95RFIYmFGxvzZ5M=,1286.0
consensus_latency,EdDcQV40I4g9UCFiOO5eXWPmdaI54fxLbNnjey+vU8s=,1286.0
consensus_latency,OZF11+2o+2IIQIukroOWzfzJOuL8dgkAfE3QfqTF6yQ=,1286.0
consensus_latency,UL8l8oPnlZZVjXXdaIESuEzVUa5zPsEerYkSyDOla+o=,1286.0
consensus_latency,VnfFb/RL0x/dLxDgFhJn9gI4zH8A0sz/avX8ZYo5gLQ=,1286.0
consensus_latency,XhASW5j/bPLy4mRnJv+jH65QtN86vUYxWpwxfmoAqQo=,1286.0
consensus_latency,YsfggkdGyjD+ZYGo9p6A5vI0vfRXEYvFi+H8zUUsbSQ=,1286.0
consensus_latency,aKk5RrwRg1374qSmvEKA4KkcCwVzyvjtSHflR/UAok8=,1286.0
consensus_latency,hIxCbe3e+snS5f5JBzav0lKnRUEum72QYnBTaGHdWLY=,1286.0
consensus_latency,mU3IDbjJ0oXTXK3qV3mUh5Bd9WcQO9kW7UQA4ISeXzo=,1286.0
consensus_latency,o8/YF5gBpL8rHqOxeQlhBpiXS2D9C7g8QabugHIJYdw=,1286.0
consensus_latency,ptA2TrflZbHcO8UK5lneNbxBXp5x9mm04mOHLrFTuXQ=,1286.0
consensus_latency,rNY8Qwg7XNww0Sj9EViavPLXfsVr9F2kv0HnazRYLpg=,1286.0
consensus_latency,tew4Iy8oQ+38EE9qWUifqR9gr5k/pyQHc5KS+TCkstc=,1286.0
consensus_latency,vRftdCuP69T7Yb565gfvR8LvIFnxyBFE+zklADwHHC4=,1286.0
consensus_latency,yVZeeKxx5EUW+dy6V6KpDAYw2nT4iXd1GWVJ/x0xWNs=,1286.0
consensus_latency,0DGhoGgeRp1JWKokct4ccsHzb8J56zVzS2gaByKDSGY=,1286.0
consensus_latency,35MMgIhNT+7eOYwyAGrGd4if1V02SFDLOqbSr8n1B94=,1286.0
consensus_latency,6TWTxDwyOCdMmIxiRHPQF3I/JSYCuTmPD9Xr6vZ7NHI=,1286.0
consensus_latency,7cosCtis47NdWdCx3awp7yvsjABzxvGFU9eLXDgHpik=,1286.0
consensus_latency,78ZTSGmD7/Gszn1nHjUonfnWZVILEjztT1aZu370Vps=,1286.0
consensus_latency,9to+6k1NIdFIKDEWOmcGVlRfJbgu6qVoZGSid54GDwo=,1286.0
consensus_latency,CGTWHkql2HAzugybkDgN1zMLD3HfTfz09l4Asl9+hbc=,1286.0
consensus_latency,DDWPH+gkauhcaLb8gtd2PRn3BdaYPpUKfOllVe168wY=,1286.0
consensus_latency,EplM9fo+LdRqZX3v0Qij0qbiWNxZCkJtWP7vLc0YlXU=,1286.0
consensus_latency,FwFttmBRE6qNtPvhAZyyQOp/vv7oHnvcPiJGcCXyB64=,1286.0
consensus_latency,G/gFW66yDZzEQQocdyPuwvFxY41Z+FsgKqia9AMC1EY=,1286.0
consensus_latency,LTXsvdNpRG9D4oToZNJ/6uhV3ABmVVUTyJm57PpKYA4=,1286.0
consensus_latency,OpG+8qfJWseZlgwh1qcXoqnx28x1yXEmRu5kXMrlk28=,1286.0
consensus_latency,RnGzX0XJsh8/cZlxShxsGe52KXHLYUVVMqiaBIg74vM=,1286.0
consensus_latency,S+To8yPe3F3dHeuc9kOMrvRNO12hQINN4ejj+3UqQPI=,1286.0
consensus_latency,WqPKDobb8Ui5lc2ZfjdT0QJrOmy84lRntzH0YxZv8qQ=,1286.0
consensus_latency,YBls8s3eiAjOfOF26MvV3W8u68mlTEVRgNRV+lWl7Yw=,1286.0
consensus_latency,f/rI65eFqDx50EgEaz5mPN5DoJosOGYIVYI4FXs3wQs=,1286.0
consensus_latency,lZuIBQtsNvt9yFnikMhcph/hrfRrGd6mE1OSulRZW3Q=,1286.0
consensus_latency,nWyvJEVH0a6o86dXBXJfS2Hmhg260rUy+wwZ0mWTJNg=,1286.0
consensus_latency,rpGjYsEJQPt2Lg3rpo6pq+PnqeuxB8aNevNZ99Z7Dd8=,1286.0
consensus_latency,yf8UVxhXH9vcOaWSe5a/6CxpDZE+z2KcmyEhYbSVimk=,1286.0
consensus_latency,3tUjBIC06Lx2Fn+cF3CV1s+vRZ95X1YMd//EhsbmR5Q=,1286.0
consensus_latency,5k9AC/uRi1RyWbNj2J7s6M+2Gatr4RBzakdijlWF/mQ=,1286.0
consensus_latency,9Y/OWsZTw+q/zrNUKbjwdC7sT6nji6py+VyyPWM04S8=,1286.0
consensus_latency,/s9YH0yiSUG6iaWhSD9V2+pz2NHBwUGJqmdgiJx8c1s=,1286.0
consensus_latency,/45xL0Q3Q/MGIhfo0bFJwnxYy6/BdlXTIAkurmuh5zQ=,1286.0
consensus_latency,AFF9lfdXrInOSr7Uq7cRUXzs2yGycXLcekhipaq7UtA=,1288.0
consensus_latency,EOihHhtWN8MPlYTF+P/Zblmbs2T4WMP8EDAKltmEcuE=,1288.0
consensus_latency,FLsluzVbwasa2tc2pLZcHcXoQM/qJHnxUMO/OYmFgkw=,1288.0
consensus_latency,H4exa4q8/JbnylB0ZC7lWK2rdtcTjqmFXncxU1D8eFs=,1288.0
consensus_latency,ItJyvrLzn9DDWluhSKZQospjj5csnYwTakjhziD+vAM=,1288.0
consensus_latency,JQsUQO8nOPpjLVBHs+rTSOYzTSAhmbcZIOk/ZP2aYjo=,1288.0
consensus_latency,K/ZKMn1t5Fs1wICfASLXnF0oJJKy7s8ymki3cUxeqZ4=,1288.0
consensus_latency,LKzz1BiM0KwxTRbu2Q8bbwJJ+iqKMmQ5MrQqA4xhLqg=,1288.0
consensus_latency,LgBFIi2gnxGPDwI1nhKat6WdyIBxrHAdCwYkCFVsVa8=,1288.0
consensus_latency,OBOPhHlR3NFtasRezzF0oHsMUJ+v7yD1D8tPxSxjX90=,1288.0
consensus_latency,O9M0BMOYg4/bs5Pzrst9/YgNFEcDD9WZDFPAIwXaUiU=,1288.0
consensus_latency,YKpIyttH9wYQZftk+llqGASOtvZZQu2DkNqR4pfxTbc=,1288.0
consensus_latency,YaCs5mnFe//D4OMq0CIUP57uvaiZSCtOURWDeXw7w5M=,1288.0
consensus_latency,Y+mA+F12Q8TTcOcm8TTwK2u16hknLmZf4YKXsYn+E9M=,1288.0
consensus_latency,cg0R4ECFgbtjYMpqzGwpvncdLqCYYSoD6ZkNUF8hyyY=,1288.0
consensus_latency,dCsHD0+NQ85+yHkeysd1bsIqfdbaFu49C5tMUgU/Xk0=,1288.0
consensus_latency,dY7H/A8qmNAR9OWl2x+HmNukMCSkkisk7cKx/BdthBY=,1288.0
consensus_latency,eg8ARMFDy5U8eVLfQRvXRvCaxFy4+9qL7s9O6zXsu3Y=,1288.0
consensus_latency,fNvk8j51gxiiQzTQ/NGiRiEpzTNWedQ25huQMllEQ6k=,1288.0
consensus_latency,l1ukCUkY8EsCu5v+opS9JGl1crREFs8YfoGbhBaqpM8=,1288.0
consensus_latency,n8/iGDKuJoq3KPj838c84ABUT/cFEsu7C4Jcq7S/eR8=,1288.0
consensus_latency,oC+HUVSqs7VVU6wmGs8RMF2q+D9tWSLaEhfZ+JTdxs8=,1288.0
consensus_latency,uI/SZYxqfbNTo1S4MwRGEi6KCzxKegLYZdQIfcFCMfI=,1288.0
consensus_latency,wdN/Um8cIZblgFLjpSszfLDXDpVNDrwE/SfJTBXIoWE=,1288.0
consensus_latency,zJpUgW6CZ07YJJqnXH16D7A5k3jIc1QBwrvqmBfPw8Y=,1288.0
consensus_latency,5+SWN2A0LjYdAli33SX+mKFOmzv1gv9uvHStgRb3+vk=,1288.0
consensus_latency,9MQsM3z3izxbyBntX0HxdQW9p2z7/NiQXwnLesz8Xuk=,1288.0
consensus_latency,+IdJlH+gGU5Pg4H1NFXX8HHHIj0//Z0L4wAzs5w5x1k=,1288.0
consensus_latency,+sYvwStGYvmjwfxLCHtZHzL2CTY12rFfLgmTH0QW65Q=,1288.0
consensus_latency,+7Yx7XFWAk+5pFRUT5fFh3isX84zC4geJ3yPghdh1H4=,1288.0
consensus_latency,AFcS/SS7adeolamekYVf8e3ZBjUyz/Bi/6Cm3H68f9Q=,1330.0
consensus_latency,BPB4esngesszzEVOqOP97yyklGOiziHvi3W2iHJdGFA=,1330.0
consensus_latency,B4735Vw1axuRWhSquOb81Xxqpax0K5FWGjoWmQyjlro=,1330.0
consensus_latency,C3f5suZOot/DZOMuyTklAC9YkTcLMzR9OxEOp8qejUk=,1330.0
consensus_latency,DYp0O0yN8MGWxn40TCdHzw5Tl16EnaZtPkKfXepE4OM=,1330.0
consensus_latency,D7j8+AEBmgyMYayZamklA146fshiO7oUea8zOBU+WkM=,1330.0
consensus_latency,FHgqMJBIKzkKYsroedcnFTzTMb3xmoYgcQbw2miCPYw=,1330.0
consensus_latency,GnEXFDaRcLO2MstF+Qvd6q41vHO+ER1fwqDhYIjYQL8=,1330.0
consensus_latency,GqWwjjNkC3uZ87qoH6ROGPbPUi65wARb1XXTlocxQXs=,1330.0
consensus_latency,JjQOUTeeh0ZO8qm4mM0x4pcGLj47Yxp9Lcz//ZTrPyk=,1330.0
consensus_latency,JuiiV1Okz5u2IRON2PpTy1ABcjMFZLnDImJO5wEMTE4=,1330.0
consensus_latency,LPIh2i50EQR5OHEeA0s95eFP4+TZ/HVhDK4Hgb7zcDk=,1330.0
consensus_latency,OflX0tNxU4lYTDyJOFOLAqQB2eLuMVizsD43/R/RC4c=,1330.0
consensus_latency,OtAK+S3aSvKv0bna6k40leEkbXWd/XU/SHDWDf9nQ9w=,1330.0
consensus_latency,O/cstDufY7iFVGnbPU6n8bZJuQ6CW58/mXnz1LisIWc=,1330.0
consensus_latency,P7k9QyQP52TK3z8+Iudyl2HcH/O019aCZGcAqYilAY8=,1330.0
consensus_latency,QB5MuEsyzu9UG3JVvqOw9uiN5eOo/srI4zOPXZkvH7s=,1330.0
consensus_latency,QbM1kecMdr2UbXi+azsjhdL4tH5bEDrG8crBrgNKCf0=,1330.0
consensus_latency,Q6XioENZ7SHxoGHAqVRhnvmBoZtsLUrrWnRWJVzcA6A=,1330.0
consensus_latency,RP0ABO4R5XCw+wf35GPn2i0xkoaoWDaO5T92wd9+ILM=,1330.0
consensus_latency,U9ncF3T3TY+3c6z3S1K6X+PxYBrB56BjUG8ErJbuNzs=,1330.0
consensus_latency,Wmei1Aasnk+iJxx6zSPP7aklmXkh+UdXG3wdwcoc9XI=,1330.0
consensus_latency,XOoOoOeTo5b4IoSXPtciPlJCwKaaVwDhMpF9F6x2FjA=,1330.0
consensus_latency,YcSkoKnHou52pZUQn6qkyIuA+3qBlIBnkT83N4dkjog=,1329.0
consensus_latency,Yci7uPhY5wMpNh4IBGOWb6tTJ6ZyaG8aqtrXT8hd1mU=,1329.0
consensus_latency,Y3oOKR0vwj++CdERx7C1hX5yJMWXwpNpNLd7jpg7Z+k=,1329.0
consensus_latency,ZVf6d0U4qWLTzNpkO6X8cjXu2P/7QTqvFdw+t6jMVyw=,1329.0
consensus_latency,Zl+8zV6F1eDBsHG4yIzwrhRkHM2alAkgo/gUTs3ZIX8=,1329.0
consensus_latency,axnV7API/5ehFqtkUX4JoecawYYAOelZhBYnn1LvTps=,1329.0
consensus_latency,c+BsDq73NwxW8XaRBYeN4JluY209Y3ZzP9v99fWTHaY=,1329.0
consensus_latency,dC61Ixqy0gP12YtOTMXXM+T9s/wxjdN3hWgNqU48x/s=,1329.0
consensus_latency,d9f6QvJcToAnpl5hDf9+KYguTZk95ALrEiM2jysaKp4=,1329.0
consensus_latency,fshMe/Z93WEwnTcx79R/ZhdkwahYay3SaN4XckbM1lI=,1329.0
consensus_latency,kKIlcSxt4GM/mVmSBn2iU4OK3DFxja0UeY7hbynZ7ns=,1329.0
consensus_latency,ox5GJ9aFfBrjshsHbJkj3r43RiAdpFGJTAi9C7FJ4Hc=,1329.0
consensus_latency,pjn+ybJ6jDqUdPINVTBab2znf7ie4Tmb79c1n67v6P4=,1329.0
consensus_latency,rBse0ReCOuBN83F68eVBNa44oWPlK6dW+s0N674KRhs=,1329.0
consensus_latency,rzJUIGJ+c+51T40YBqLJNCoCC7WKZEDiOewbHJLHbZg=,1329.0
consensus_latency,wqI+pNK2yCvg55de/3J/RhtNrNa33CL2eyHp0HzEJRw=,1329.0
consensus_latency,xTC0pI5cqwTNRna//KfIPJd7rrk1W5qINIq9DfB2XmQ=,1329.0
consensus_latency,xr590oRTg9VKkmvij8i2JHG/c88cAnF6vCVdciQKz+w=,1329.0
consensus_latency,z2m+dmPYEQ/EbNd8r8xxtnV6/1OdIzH5adWqOTvAZ60=,1329.0
consensus_latency,2awWZ8iMZP962NbWRBt/M/PajOEN4gWfWVlOc0y46TU=,1329.0
consensus_latency,3AjuTWh4dJqmZ1ypHWXxT9S8sNQx1LLhAldbXLSsMRM=,1329.0
consensus_latency,5Lt/I2VnCSnt1zqDxMrJRB0KvAg0VSa9t6YI4ysCSEU=,1329.0
consensus_latency,6QkxVNSIV63ov8EW7oZqHxpugsUnYu+k6bOIQF1zsV4=,1329.0
consensus_latency,8Jctsze35YEXsr6L0esg+tx1MMJQPoxpXYEw6mmOAQk=,1329.0
consensus_latency,9desKCZgJegESce0OlDTbEr6VuAlszA2ckAXGjFO4VM=,1329.0
consensus_latency,/IOlMc19OKP3R2WXG9mvdRR67Ew8lfqhd5I74QctV0A=,1329.0
consensus_latency,/uS+z/deCVOeobzj7JHu1Ht4VNqT0TE8IPJmeTyXyH0=,1329.0
consensus_latency,/+DdWNOJudXpqhRKIYmYOa6QE5uEkAE7da+FL6etlS8=,1329.0
consensus_latency,D04Ir/fD2aDVjrzikM6TYAIOwthxOa7aUmbmE00zceo=,1331.0
consensus_latency,FAb7Bf5IjkqeoP5MXinamBzFy0OWck0ZHNL4kEm8wo0=,1331.0
consensus_latency,Pa5Cka5GhUeEq6zH8UMa1M+kMqg6uawyoqL0wHRJLkk=,1331.0
consensus_latency,RQvpCAX3SPuX0kzKeI9YUofI7uFnQm+s2gabG1nz41U=,1331.0
consensus_latency,fyAV26M+3LppD1ukwP7gSZPuj4H/SQ0iKReIUhsshKA=,1331.0
consensus_latency,jKXhFru3BZTegbflMbVTouhTU1x6nRiNf/JFqUAGnTw=,1331.0
consensus_latency,qQ+G4XrSnRkCbD/9N8T750tWKu3aHNfbiiB9wadzKPM=,1331.0
consensus_latency,v6AM4yBMIXTEviSZ3EU+wpNWXeJeeWruS7qscwILATs=,1331.0
consensus_latency,wyScS70NdcP0ifNgymd2c4E32rqD5pGKscWtCEidHT0=,1331.0
consensus_latency,ySJGf2bbIlGO19mamQIIyvgN2ocWgwYRd4g+haLkZBE=,1331.0
consensus_latency,GTnAyWM1iI3O1kU/fp3vziFN/tWY5NPXx4t7CXDtPhU=,1287.0
consensus_latency,G8Ha7qoMfCKypiJFj7wNFnxhNOkMIRY+b4UdB74uALw=,1287.0
consensus_latency,HTkD9nm1VsckJMHhFQTKqAkTQeFZ7jUwLyDXBP5Sgi0=,1287.0
consensus_latency,Jx24O0QslGg+CDKD+bCuIcFNLadBDPlXYE2zrGAZ1RY=,1287.0
consensus_latency,MXQAACPWbWin0+n66mH6jZGkO2xtirIYqxpo6fwNE8k=,1287.0
consensus_latency,ZAlykRCmNIrdt+tBQOAKLzfcWGJs12tJkODkTmjlTlQ=,1287.0
consensus_latency,ZIYRdj+RutjnffIRbO3VwLwBkpjWtH3yc0Lm6NdVndg=,1287.0
consensus_latency,ZQSvLyqWvlgLO9KErQOxdbDY1pcsxZKswCP60c1T+KU=,1287.0
consensus_latency,bwCVuc2H52+C1h6S8Myj7U7OU0y6gxU3OxeYhuqzP/k=,1287.0
consensus_latency,eB4nJrk7bsiIB7vzvv50z6DcDWX39k+O6F0TYpl4t8c=,1287.0
consensus_latency,fYNp5kRpj8oSwuO84exmvnQrjWqaAuu3EzYSYp6xFSU=,1287.0
consensus_latency,gY2dFPcdMdNkTY4c1k36/m+79lYctOyi2ljZzL6hI+0=,1287.0
consensus_latency,iwsXe0VNOhlBO8YEeTQOrZiUkeh1wf3Xc/BdC66yS20=,1287.0
consensus_latency,p+hrwjgtDtrLkHM1LNWsE6YHZdiAQvT/Z64bXE490t4=,1287.0
consensus_latency,u6c4F3cVo2+I6hcS0yEzbjjeQz6vjx23DEs8Be78EuE=,1287.0
consensus_latency,0GiNPw5AWlYbiO2oJlUbis7csriGuOGs+bw8IFYoKAc=,1287.0
consensus_latency,2EG3kTJoopjZZUcJdP63k7y5HTFgF3iKt2cbX2AE5aw=,1287.0
consensus_latency,2EyqGkph7LmcXF5e4ILL8MrVSUqADr5MnwVzWezoZ/I=,1287.0
consensus_latency,+SlDpM4s0mk/ihUrQZ9SGTjSqfQAxlzMQ9wfpm6ZTLI=,1287.0
consensus_latency,AnqLEHybPKmGq+QYu5j0OhloTvYfs4REFg8qYI1nzFM=,1287.0
consensus_latency,CwUxWF4oCmAEkolVgzWbHpxnWhZItZooUKH3TcatW3A=,1287.0
consensus_latency,DVWAc+eV3aLeyZwbowaOaKK0CR1Fe6fRNA4ghpDE6OE=,1287.0
consensus_latency,DnZB/vyQtctUPxZ6uRKwJxgfPQ2WY6srtbqcjqjytV4=,1287.0
consensus_latency,Fm5MXO4L2FapCPZi0yCXOaXtt+R/sYYusJfJfcKWlpM=,1287.0
consensus_latency,F+k6FO/VeXV6nbkEFbOmQ1Zw7ZkdlDDujc/fC2ADFp4=,1287.0
consensus_latency,Id3OKsuI2J8e7Il0MFWBynbRTaJ9OscCusU7WZBZIY8=,1287.0
consensus_latency,JKjdTtyQ9eR/g8UIawBnOvpBPVZ9o7Rw659/Ml1em9w=,1287.0
consensus_latency,Jg7QBumcgdSm30jZC7/izJ/cJeo+2ch827l4vSwK/Pg=,1287.0
consensus_latency,OhQtoVOqQTtQxbs2xYUwvO5SbAscsKM51Tf+J3rDOUE=,1287.0
consensus_latency,RQd2STOrm8Pkuz2BmijURs66hM9zeRKwOXr6CdwqJPw=,1287.0
consensus_latency,SSPNj0/R0eRgo3f2cF1OyzdXW3L1g91vr7lavxeqMk8=,1287.0
consensus_latency,SX//w9gM1iEXw8jTX48J/qDJ7nbeZ3+D+9+epadih9M=,1287.0
consensus_latency,ThUFR88Xl58k6w0xa9IaACoiJmAj2cjW+jGkxEvIhvU=,1287.0
consensus_latency,WwXMg7469njwFIb/bVfK81H0iHnhYCLwvTuP5fhyb9g=,1287.0
consensus_latency,bPeldXkFJDB3s896/Kr4gH2O/vsYD9WsCsl1Gc63aTA=,1287.0
consensus_latency,cZKFgQ/RrOQl1spYdEth+s70KdxrzPBzP78SpEU07yU=,1287.0
consensus_latency,cdTIIa+dv7T570nM/DnyUURl9WxD6q2k7mXsmFWZZP0=,1287.0
consensus_latency,ec8JyRAd81vJNOH+uapq7Sw94+devE4FC+c0/NEMaTg=,1287.0
consensus_latency,enEMFRShfOASxeqHx7x4Wf8A4OiJMfAN7xAUDoLRuZQ=,1287.0
consensus_latency,f1MhfQ4kP5UA1Hof0YLcE49fcVyzFkPQKtWmjOGVyVs=,1287.0
consensus_latency,i725vBK8/RD49pWKHFyoR9HfrOA0yNJ77zWHAdS22vY=,1287.0
consensus_latency,k8sNUlMfiE0c1hR964u95hwc317e0BqVcyePJTgPVxk=,1287.0
consensus_latency,njQdaD8XayyFI/pcG2veXD+jfZbIbaPps2JPK1uEMFk=,1287.0
consensus_latency,s2uiiqz8LcIkQN68c3VDrwPN0Pp8Bw7YShiynQvHpYM=,1287.0
consensus_latency,tNNtPcnF8QxAklClTm1hRoDhemQn1KHt+mvMc8jLo6g=,1287.0
consensus_latency,uNwyNyOI5wd9ezwbmpnHc55gHE8ANjnEFmNriZDPMcg=,1287.0
consensus_latency,vHwpA2tvlxAOsKjJeW1moln1+6sGp6jMMMEgIGqpqtI=,1287.0
consensus_latency,veBEcSa4N9NFVfGNJMB4QbcxboYpSVKo0Su/PHFMhnk=,1287.0
consensus_latency,zHZpjlwIS5LJuiVgrEZ7tzN6rzmkOw9KNymOgg/OyC8=,1287.0
consensus_latency,zSBnq5dNmARrKlzyTrJw9wM4NkCoDTrVnWRxtO6ebbk=,1287.0
consensus_latency,z209pEQZhCG74hui+UlBo0a2oeTh1+OheExgEA26Ne8=,1287.0
consensus_latency,1nGYVPs2x5iGmpWKJeKL5kQibVYXk8yG7gyKhH4MX5c=,1287.0
consensus_latency,2CLciGIlg8HG1StW7e0eQvWyE52jZXDp5IOyKXeeqdU=,1287.0
consensus_latency,3lSwQXikoSrxluzq//zhiE1uT4TqQOHhW5Pc70Tb5HE=,1287.0
consensus_latency,6YCxY1wsu0J7Yv7gYnAC/BX2Sw6i4snh/nziURk4rkg=,1287.0
consensus_latency,62RVIAM71t9JcQHbtEnruGJTXOpxV48+bdGOlF0C6bA=,1287.0
consensus_latency,9DlTAyLsmDwM6rFJ/1U62slvpeGg+unZV3SUSx4Cst0=,1287.0
consensus_latency,9qN/KnzHCvOrQ5sqB1CkssPRVkUD3A83xujxkP8LfGw=,1287.0
consensus_latency,C136nJjgZrilt2otAIGwoJ2hQ5kcWdIY1u7SN8oXRCQ=,1233.0
consensus_latency,EsAucrH7RPQ7Q9bY0zpQkFeM0kpeo4ym3nqCUaom5TY=,1233.0
consensus_latency,bHk+871L1vdMiI+vE5UGEy1JNBlW/ef4hFgzT2p8NFI=,1233.0
consensus_latency,mVJW4rxFBRCEQRNfeKk0uHAStESNaL/JuS1zXW+RZqM=,1233.0
consensus_latency,2OTu6tV2HyZnBbDosm6ee851S5NiK/gpprReKjz5r6U=,1233.0
consensus_latency,A+Mblt2lDFs8cH1KNXVf7sON+pA5P+E25Vzc18DzBt0=,1180.0
consensus_latency,BLw4TWlmxrd2mWxGIj8xMtdAGWn1jjlrdbWcZg9swUc=,1180.0
consensus_latency,CJob5zdmigJcJCCJl3R88G5PyW9Egvw60/ifeMoaHlU=,1180.0
consensus_latency,GedvwtinbQvTw6uTIaWGFZ1Uy/4ROm1t+OwwJNz/zRM=,1180.0
consensus_latency,IwwXncH6m24EdrDvTG6m7fx65Tk/isQxrwhDZjOMnXM=,1180.0
consensus_latency,NeYkm1DlPHP/p741r7pQuGftY9Go1+B/fQilHcmxhdI=,1180.0
consensus_latency,P1dU/4m85QuX8ZS2GvtlxYdgSlGq5wQVmNmdjI5/e0g=,1180.0
consensus_latency,Qlch20td+1ibxtmHl/9sesCkVb2Zz4sv9aVg93ka+G0=,1180.0
consensus_latency,Q+w5O2mhsVbIlUfSCTHVBnrFSP0umyN5favr1KJbL48=,1180.0
consensus_latency,S12Mk8fE76KUARnGGgx7tZq1/5e7Vk34jD7TLzbBZXE=,1180.0
consensus_latency,UibJyLhohT2IsLhmAuN4Jzk6YgN9XJlRKwN3faEn2j8=,1180.0
consensus_latency,V3yWtWNQN24nyO44jMqAWpntzUti4okTlaTm6/R+4Lo=,1180.0
consensus_latency,YLsdJKmYSvwv0F/xwAxswDnV1ElXp93vJdO3DDZLpO0=,1180.0
consensus_latency,YrR3zpxTL1Zuqeba0CcnqYnRHWItkL9x2dkOvj1dEH0=,1180.0
consensus_latency,ZswRfci+oQ3vbasy7rSRFUzkGGQAkhYa7ZA/TOvcFdQ=,1180.0
consensus_latency,bHsU0cM1LCDvT2uTqVq9SmYAzwUZNhB48rSm/q7NcCQ=,1180.0
consensus_latency,cxYhALJvqU/swkHJNO+wLFd8ktyobDcbGZKUlxFOmEE=,1180.0
consensus_latency,eqnygPfltZiD0goAP7dW0axYPIWXME17wrCWN+SeGFc=,1180.0
consensus_latency,hIg3PNilJBA4KfCnu+e/n+5v/RpGiS348v41+KRSDtE=,1180.0
consensus_latency,imt8hCXbB+pMcmcas8hLgDZaf4H9AMbBW2jnPda7Xxc=,1180.0
consensus_latency,jIRg9J1Hlh5yyQGsOXfIveEcgE6uuUi2iOnXHAEqkg8=,1180.0
consensus_latency,jRA1y+o/oWYex2JZF1Kpll5EzDyU4sSpZIKmmxar0Ac=,1180.0
consensus_latency,kcoqwSawGUaYKDqgQTYik7f2ScrGv88TttTSk7OayzM=,1180.0
consensus_latency,kgqzLtCHCByt+V3lWxCe4t1BHwPkV4P2TBZujP8g9MQ=,1180.0
consensus_latency,mV9fVpBlF/NBqr3PDWacPdBZAzj9JIqdYtFgrPGIPIU=,1180.0
consensus_latency,ogZIJlZJELWjETVOtUhst5ECy1dY2mjlZyCEA9LL66c=,1180.0
consensus_latency,pABL8F/zOZymT+Ms6f5WaJORUDkEcDmkoIqYiPSo+oY=,1180.0
consensus_latency,pdKCuFCVF7l6820anOHqkJM8Coz6tYkebfCgASWJHjo=,1180.0
consensus_latency,tpruFlrvYbf4gW7fh3UosSK3AFCtUxJFmkE5STijqzA=,1180.0
consensus_latency,u23es55zGsAQtuSNu+9nFVQAxTQXwE/pkGkR2yjqxJ0=,1180.0
consensus_latency,vSpzEHzJKbyGak8QcbIrrnmdc1pHCOnj/95i0h38hdE=,1180.0
consensus_latency,wdcKcz74JiLEfo3PZ/ajsU5/aslPePUs+MXmUmvMyeQ=,1180.0
consensus_latency,ymkiPaX2QMkyEvPp3UOvPqU1UlzKrRxWms03ORBXOa4=,1180.0
consensus_latency,1PbYEue7IinOIe/iEdf4RadIlWf6+gnaGqWqVXw+tPs=,1180.0
consensus_latency,7iC5Rq6gU1iWLTSixKzdBnboEHgNZqqJt21Ezvb58lc=,1180.0
consensus_latency,+c0DTLlrvBrSBSEHCE7/stDIhbosSqqZT17lOv16kfs=,1180.0
consensus_latency,LiGCL72bpReTVhZ8D3SMtm6C/uxhxoxW27Mqxuq5PZA=,1236.0
consensus_latency,rlbC09hmPGUUnDIyxXYd5D0Irio/j8fWc4iV8tqVkeU=,1236.0
consensus_latency,yHsdOc0SOc6I6jX6keoF5A1vAdnKXrApELxskTK+ua4=,1236.0
consensus_latency,JPDG7BYf0gvIQxPSGqOoRqSv3MYbfUof6zU6m4gs3WI=,1227.0
consensus_latency,bWJMe9d76yP4ch3BE6aV2wVJfd5XM9EzhBSAnzDYKfw=,1227.0
consensus_latency,0ehBLG1IwCq6NzUfzEA0KTrNGxDqkU6w1FN6g0nvm+c=,1227.0
consensus_latency,DBE4FR96SioBCUlEPzpPMdD/BeVZzGmUoDpYW7ODbCU=,1187.0
consensus_latency,SYmbcOZ/ofijZBUoIzTKU7hmVHDRU3fRRpe9JkF4vvA=,1187.0
consensus_latency,TbHRWHRfwncXh10g+k1mOL4HJLHgPZ4sPv07IcxsYGE=,1187.0
consensus_latency,YMnei6yfvhhRR9lg3tBzNTnfkghzC83T9Hn+DQR+wLk=,1187.0
consensus_latency,t9qB72quENpRQNM8Y9tR8XUbY95k/cYB3Jp5JNYf5sQ=,1187.0
consensus_latency,D2eH2IKYNeJTJEqVO0pJ+qrSE2B9pLlz3p/mEaDSDa8=,932.0
consensus_latency,SK4UHtOwtvwlZUPDvneehj2O1oFpMYUvreicjJg6Azk=,932.0
consensus_latency,ZKpaM22y/p8rtZpGoVnsZSQYiWX61Exkui7OU4KKrwI=,932.0
consensus_latency,4Vrrnr/NJ3pGo6IDLvDc27PIYiEZwcmj/H59qEDzghE=,932.0
consensus_latency,ACGIRIUsqTBkM2qb9BtgSeMmATtfBKzJlUvYORA+YM8=,2244.0
consensus_latency,CFViNAceMd99fJtupAAYtqlrdePbNWuAGXf+YfgRuOI=,2244.0
consensus_latency,C57yRjPlvVhC5xUwBBF9SdMT+HpkDX10RNQ8HvgUVDs=,2244.0
consensus_latency,D0I23KwG7ZZJtLPA87xt11g42XPZGHchFhofZr2JMOc=,2244.0
consensus_latency,Hk6iQ+ZxOrJWS9EHCSQ49e9dETgHYPj0DsmeVMtMC1U=,2244.0
consensus_latency,stDbMpAROGoAGa8G3v0MVZSQMn/WvEYshTl7EGHvPcw=,2244.0
consensus_latency,0YbrR6N4NyuhRsL2yrmVQIGc44vShONxzT0OS5bkOSA=,2244.0
consensus_latency,9DtRD5QqTw9Y3VnVUlW9oeJY1IvtjdVN8N4fRQpDYJU=,2243.0
consensus_latency,Emb12j4AJKaH5YywXHHRy2aKMN9JZdBrrjiRfJeUSTg=,2244.0
consensus_latency,RC71Iqz+i6FC1X5UTWZJmOmLMAPVKRPycN4mX/xrv4w=,2244.0
consensus_latency,Rap17pqwtIr8lg5VC/VjpbTsRhZcczTkOBUZdUj4BA4=,2244.0
consensus_latency,+J4aP9HhlriV4YbAzuFw3ME5v433XPVEfKpUHjosE+A=,2244.0
consensus_latency,B748JQvrJRinxGYNWTideHi6MVm8qCNAbKWRiRaAFWk=,1995.0
consensus_latency,IcdBCJP0rxUJYTjKLaP1K3nMoiQDA4ggp2iJhmcAbyw=,1995.0
consensus_latency,KuFSXhGeHlfhJpNiXbBWQATz00dNDFSrd5Oe0OCdPOI=,1995.0
consensus_latency,MaMW6S664IQZIYzVFGKyi28YJ4v0WvCUI1B3hcOtPWs=,1995.0
consensus_latency,POGfkxY32LdTpfUp0Pv15lNeueHDyi7TwSU8LrRA3TU=,1995.0
consensus_latency,ZtXnYKwjJRz+gcOhqqnOZZfbtON9Ow4BC09YDvPLFtA=,1995.0
consensus_latency,nx4faE00D8X+wn3lmT3zS6gBZUdXe+6S9+Z97b/BU58=,1995.0
consensus_latency,n9Q/k6gw+PsKVuahqeo3FT+fQybNS1njDbj5BPTQYnQ=,1995.0
consensus_latency,qMw8BctbRlExo6SC8UikrLj7WMeWw4WU3tPfRqFACQc=,1995.0
consensus_latency,tBebG08iAZ3OfB1aFqjdB4XQmFesKHJIwOP8qlYaTLQ=,1995.0
consensus_latency,tOh4Yl78+YEh9hTXKgqKcC97NJSdrq08dliK0eTtrNQ=,1995.0
consensus_latency,uC8KXN5edj0OKcd9RlpKswqFaAwDnShlstu3mMz5+ng=,1995.0
consensus_latency,u1OuID7GNIQvmMe/4wW1HQaZtKqbf1w8PE5JLuUM8fY=,1995.0
consensus_latency,wfs3JvOYKnD0fwFhzk+WiSk2bRNZLAfwSDFMDDMJ3wQ=,1995.0
consensus_latency,w8UV8v8BEPQbWLx4SX892EsZA+GBFcWNTBdnN6oZEBU=,1995.0
consensus_latency,4IiluwIJ7T6Of83wckxeKY4I8LS/9LUbzmhot9CkphQ=,1995.0
consensus_latency,4l+xSX/ggMKY99eN49eaVCf+D5AGjLBFbydeed5+mFc=,1995.0
consensus_latency,5Avl6oMvaIc+exst8oFOJXrDwGhoWtZK78iWD2T59OI=,1995.0
consensus_latency,6S8IYE9/FGOiWN9hHWIpLF4riGLxLJP+yDGPojTs/zg=,1995.0
consensus_latency,/aoXOsJHbcxAtAgjwYnb/WAMGglNw+gffSCzWVU37sM=,1995.0
consensus_latency,/1BCEk+wIeAii8zOkkYDM3la3YuxSQo6CotH8f91Pow=,1995.0
consensus_latency,Cnicg2qlRcgDJhoKuq7RCEXazwnN4xg2MeAKZneCQPs=,1993.0
consensus_latency,FDGhXIWYnE1caqtzwphA+0PTwOk7FNuWxh5Uawoj4wA=,1993.0
consensus_latency,IU7OG6w9p+GDqSOjoeJathEhe5uLxqepFPJf/RoqSkM=,1993.0
consensus_latency,MzGwXhMscFflRXavUoGsjfBrIv1l3z0eZRl3kltj/QE=,1993.0
consensus_latency,Sj2yl77qMju9NLtcAsFD8lSsu97CZjWVP+RUOoPooMg=,1993.0
consensus_latency,WJQus1I6bJFqN34wPAeZdfZebWKDIqr6YnOYMGoau7o=,1993.0
consensus_latency,X0TnoMJ1czC+29qpCwc9VsURcJRO8SSHobSm9GkyqKA=,1993.0
consensus_latency,YozfNctOUDloBxnUTUA9bMQUSTL8lvXXqIRdVqbZHtQ=,1993.0
consensus_latency,Zy6DT2kEXzN4y9rEv1VbgGlHDoFsZiVPCV0GzWY11Qo=,1993.0
consensus_latency,Z2T73ocR0IGVsZqJkzgNzO6ZMOQZsoa47b3i4dHgyTE=,1993.0
consensus_latency,aYQNhmONKyKnU3cFIDVV3GiPEnLrYE8cd9AqKzdpisE=,1993.0
consensus_latency,brml/n1kFTypgZFlKVIrNzhAEtEPJNSPD/miK9s6/RQ=,1993.0
consensus_latency,dZT0dS0/6ToQsQMeQawbZJXkZ28ZsynH2OlqwlFGIEY=,1993.0
consensus_latency,n3W1dzIZN3CevpeYg79+QtzXTqmGwP/rjd955xDDrPA=,1993.0
consensus_latency,sWdMMLskwthaoZ9qBkKUVQR2AJXvRnIb/Xkg/NNvDH4=,1993.0
consensus_latency,s2tVICFZaj2PvhWf08n2GNI1gUV9xgFFV03e3EwifaI=,1993.0
consensus_latency,s9GadexusSvblIgzvmLzkt3S1uPtrGzr8y605htv2g0=,1993.0
consensus_latency,s9uoEdUaAQ1M0GW5ziTZZsn/B0cVN8rxIQo9GegDIZg=,1993.0
consensus_latency,t6CL1qY1GarC/KIIub0B4xc66Za5LHSe8eebwceDDf4=,1993.0
consensus_latency,w69Mjnv57vTCCLw+Xxl31PyHPZNp/tJECjG+7CEAjho=,1993.0
consensus_latency,08BJGyCQ+MKv8qzhW+129oXSizDhUwGGtjX6TC9ddBk=,1993.0
consensus_latency,1D6HGLsBl8CaA4jQOZwDClPoe0AFMJrmq/qJOq/nBmc=,1993.0
consensus_latency,4Dr6R75DHltlNxg/s/+/uFQr2Gr92ivkLjOyArbaoLw=,1993.0
consensus_latency,40WwEoAhfJSiNBkXMLG9isJmouvIRk38c4YD77RYO6U=,1993.0
consensus_latency,4/k0pyaWR9jfwILTISNAqq2dY10Kt5Dag4bp603I4ak=,1993.0
consensus_latency,7YrxD9qO4wlFiQ8Y3s/ZitgPv/ehDeWbv2ncOj7swkw=,1993.0
consensus_latency,CVLysmxePLIJUw7BQihtuxQeqP/8MRt5T4cMGmlcf74=,1987.0
consensus_latency,EMxFBG/k72HjFxf1cVGb0Y2YrS+zpRgcTbil66x/FyQ=,1987.0
consensus_latency,FF4dKDWN0l1ztpCagFn0w/KEd1B25EAyGCkABdIC/ew=,1987.0
consensus_latency,FeA6Q4Zn097PbSzO3S5jWlD/AmHPCyeMYycAto2m51c=,1987.0
consensus_latency,GPW4jLN1l618gW1mtgbEhg+eZGRYVfnN5MpIiuMgAMw=,1987.0
consensus_latency,G2EDavr6oh+/x6erSf2cYyOwXW2E21hABZ49/qhF8YE=,1987.0
consensus_latency,H25bE6Rjz7FJkgzXVoeSAEgo9rd918iOWv+pJUvRWS0=,1987.0
consensus_latency,KSDoGc45A3WMZTHYNIvWDP4/eIrKtbxzEmd8mzFBy3w=,1987.0
consensus_latency,L4EMxpPCDBQDgeqREk/4pLdNcsWeJhNHI3wkiupPfWU=,1987.0
consensus_latency,N7od4eQeaj2njbyqSQvjdua5tSBHOxlf+VxxwgJOR3o=,1987.0
consensus_latency,QBJVBBvgQzo6l35wP0QiJZCG9yvL3il9F+UUlPMw26s=,1987.0
consensus_latency,QUPKnMfaPsFujLZOpjEi600AzIPPVfTbMt0KEVK5Qd0=,1987.0
consensus_latency,RLvIW32pNQ2clhdmni1BG96eyVQV/3Q8+0RDB1rCtg8=,1987.0
consensus_latency,T9wRRFMsdFcss9Ide2GaPY0jH8M2kJPPLSBZbCOVou0=,1987.0
consensus_latency,cbSwAHiLOUGe0QXbQSFcutKzJ3F4aGzObcVCJsGB2AA=,1987.0
consensus_latency,esJwfKkwmwoYLC0HtmPBm5+2mIQYzSGrwPCJvInyDvg=,1987.0
consensus_latency,hxScIqRHZ5YZb97OIS2fTFUWMOobTH3fyTyglOP9Pr0=,1987.0
consensus_latency,h8QuWoQI1oROjx5+p5d+ZxvXaqt/kPBMpI+5F/EyJ9w=,1987.0
consensus_latency,iIv8SFJysHJKyQyYUC9wDOk05OmsJxCazbKVtV7hpM0=,1987.0
consensus_latency,jBuVkHZcSOdYoRm/Ej/iwBPZqJ1X8IoyKqC2nzKzRZs=,1987.0
consensus_latency,jGAlKz47rVzdwTwieyqqkxk6kBARgHuSWxsAQuN26cQ=,1987.0
consensus_latency,jUjIrsPUIGSq4X2maIdhAi487lvwmXIldrrPOBGeWWw=,1987.0
consensus_latency,jZFIjwrJdZC3sIs8JIpvoZXBbW64QbluNC1qfAdk5Xo=,1987.0
consensus_latency,mXqEsFlo+EcsQruLCsVneYb2Co4P+qu5gnUPuzvalSg=,1987.0
consensus_latency,nL1apB0vF4VGBGDrgJ2VxQL3uyHU56HaseXIxKVE0Po=,1987.0
consensus_latency,nfgFDVSCK/8cbXO+PlZnVls6zPXew0vTUOVbgFMAQb4=,1987.0
consensus_latency,odOvAndelcTmNEdebQJ/rqiZkKN/P/ZmMIqzmED0oaU=,1987.0
consensus_latency,opa/sVtayPZO1FfEGRvg3s+j7bMjSn7/16bkE5QUcoM=,1987.0
consensus_latency,pq53jY9Eu6bFmXFlUQYhz1eiWC8LQhUuKNAlJ+8W4tk=,1987.0
consensus_latency,wRo7V1LppmTFGOa0/3TBGkaAiN7adQeTtXQ+3MxEQMU=,1987.0
consensus_latency,0wMlBmaKPGCvZizE8h322ZgqYNq9zQzhp+B4fwKOTIs=,1987.0
consensus_latency,3abxNAAWsNd5QsfbixjSgaaoJwoL2S0SHmMJdQrytM0=,1987.0
consensus_latency,6DWcC8ROnUgZuQ0J1TRrOhxPWPvahADlfXFdW4mHKac=,1987.0
consensus_latency,6M50Y4UDUjqvKtTdLU7iEbdPhdQF8v8WJHmCvLCD3W0=,1987.0
consensus_latency,6O0A9lsemLx4uNLlvasLulpcz4AOkqDUyKXZwNQmsTc=,1987.0
consensus_latency,6h3Taye69zMmDybxechcc8fsK+xoo0DP+PPENhVMEGQ=,1987.0
consensus_latency,8AzC0iMa4gbeiV1/6wpps0FC/ezvJ9snjWaJRmUsAdY=,1987.0
consensus_latency,8o8NXDKlYXAI4H4qlRkEZJ/0OOsFeRsS3CLjArYuoMA=,1987.0
consensus_latency,9I7GfmHeh6dT/FT9D6BW+e75FgOH7KqZ/svwjaMlZpo=,1987.0
consensus_latency,9gI16M3ikNk4SGPKfceaZ66MNxanbAa+JxmqtSR6nCw=,1987.0
consensus_latency,/HPanPmalMGfyBk4CzMlk3/ZcUUIDwwb4B2sDp9AYag=,1987.0
consensus_latency,A/x/i+WOSi354OqdboH+fTYf1pVCcX9Fq3fw2i95VZ8=,1995.0
consensus_latency,B75hAAtjhvRPuHO9mzXGgZj/dJ3uzagbgrvKfI4xLnw=,1995.0
consensus_latency,Cv9daNhJ/VsBPrB9lU6ziVFwVApGjh2i2yggGMFo5ik=,1995.0
consensus_latency,DuMasa2NJ31u7ASh12jWRilkupc59ygbyTMbzVhuH1Q=,1995.0
consensus_latency,JEYef1WG2c7IrTHoQUGNhBZ//GTz2N7+B36RPZkt7+I=,1995.0
consensus_latency,NDauvGk1mSUuJJo48n1KcGRkoeN/SV6rLlGt74JTYYQ=,1994.0
consensus_latency,ORKtf5ra89zVeYwqLQF+VqoawJt/AfQfoyUjSS1YLsk=,1994.0
consensus_latency,Qv3mqLK5UozVQUjFcFyccEbr6deTdwflJN/u7WTbY7E=,1994.0
consensus_latency,WEk1BhJnHBKWuJM9YXbB+mDALMC59MfoVN4xoMeiaiM=,1994.0
consensus_latency,bOyZeAZ+38BroUiENlrjT8cZt3ozk/9CCsgZz9KgBhc=,1994.0
consensus_latency,dKaD5WQ+L9YHFQ9ZvNRoFc+dfqZRzh+Vg8r1tQpuk30=,1994.0
consensus_latency,g066KBU6Z+zd0REsC6gWXP26u+RUXRlLOB5+RvzI7EQ=,1994.0
consensus_latency,k1brurAtySRcj5FHpZpkE5m3WylikyR95rgyOGr5d60=,1994.0
consensus_latency,mQrlTBFuks7oogxPJR2avnG6ONHgIrplNyaz/gA2FYY=,1994.0
consensus_latency,pDML7n6YeKlDYXbfjnDc54vSp2sjCHD+iPwTj1sDfvc=,1994.0
consensus_latency,pLSn7Yo8o7jjFSbwiccBjzj7822YL7ocF1SVWwvIPpA=,1994.0
consensus_latency,pT2D66d+L6TfD/8P0hfYGXGcf1aF/qow9GDPRW5sRqQ=,1994.0
consensus_latency,pYjrN5dHwnHdaHUDbiQpynTOBDc2YIL0Otn9MyZse0U=,1994.0
consensus_latency,r82RlD+ZStTKW7b6TafxT1B1B5jS4IffgmRG7wc8BMs=,1994.0
consensus_latency,sHD1Ck/aZ5yeWXihC786oxn61A0+sLWpCq7921WgKFE=,1994.0
consensus_latency,tixA5qOzae6ZBhGee+4BPoS5CQLxu4Ya58N7ij1RPXw=,1994.0
consensus_latency,2dUArrcwsGy3xrymkTXPKKPgV+dQA9KdJEYO/UIk60U=,1994.0
consensus_latency,9Nqxyi+A9EffMDgNNmZ651+f2LgezciXf+CwN4PijSI=,1994.0
consensus_latency,+lFc4bxyRpVvROv75RS2EWZDulXLkl63teioe7tRapY=,1994.0
consensus_latency,BgBqB+jgz5wBMY8w7DriLY/OPFrZMbE7c8ZfQLYub3Y=,1993.0
consensus_latency,C1/GzL1oOqfn2oS+A+SCvcaKe2UHouXYIJQrST3d7uE=,1993.0
consensus_latency,DEQrgxsV1Ao+C8LylxRLHBVg1wPoQdn4xQX2jUqBf/s=,1993.0
consensus_latency,EONjp6lrfeOX4DiKJASu5vBT/Uz+Hoov8uS+DWEmO1M=,1993.0
consensus_latency,GbTjrWCsXYgpXSS9+4C50gPaO7azD7jXjd0Ylv0uFmY=,1993.0
consensus_latency,ISbjU/baBAyag9z5vzcbyx7RuC0X7qAnfpPbUQz2iTQ=,1993.0
consensus_latency,KbSi7sZ8VjDtLY6vA2OouCcILgP4kY6ayTxeSr+kkkM=,1993.0
consensus_latency,VLlJi3DTSa9100H8VipQ6DFiYN/c6xYp0ZcueNTgOms=,1993.0
consensus_latency,XgZXuolVbS54fC0O77bInZeVAXohNvB3aeFpLMizW8M=,1993.0
consensus_latency,Z4qdjoPikA63LZrVJ5f0Qa1fbg9wBGDJo41BFxI4odI=,1993.0
consensus_latency,Z47kdgHB6vHR58f32GVCLMwCf0LAj5o+6HmzxzcEvWA=,1993.0
consensus_latency,hIvvEGV3OCq9QnpXhhYT52Z7zmg9evK8VImHZ3fdSTg=,1993.0
consensus_latency,jiIe1sbBhH9BMOx7Adjnxp0hOgZ9z5SIER6xSvMCPDA=,1993.0
consensus_latency,j2I7Z1yXMaDZuZr2QXeyjYngudGYGgSrZmhzNlKBG5E=,1993.0
consensus_latency,j44mRSefVUPY3Gbsnpyy+Ga4802aZpO6gb2rsYJqY54=,1993.0
consensus_latency,lX80VdNXZ1QaXVusESu0DPewlklTKDkPTkYFZEo9THg=,1993.0
consensus_latency,qKrF4QwJl/C58Sp/09O9k75O+zQuDrLasaQlLHPOw6U=,1993.0
consensus_latency,8ar8mRn8dz5e1dlsYGIV7qAJkCCsuf/8GyZapjpJ0xQ=,1993.0
consensus_latency,9ftqUp8h6UD7RM6U4pgH0EhVc8McyWgomsuWTGDOBsk=,1993.0
consensus_latency,At66dGRCL0NK55o+kwUM4fsX1gVhxwyUwac0/3BdpEE=,1995.0
consensus_latency,DgEOsnnCfrrQmuduWpWezoLOCu3SXe8KQ8icNHwm0W4=,1995.0
consensus_latency,IAsXMk3k91VU6QHspvhe8Jx4xxeVlYV12oR3+r/6ifE=,1995.0
consensus_latency,ICHtDvhUYyjj0igpELYhZ+A1ncrOGX+0K80xsbiHrf0=,1995.0
consensus_latency,JYwGEsZvKGoWosENP06DjSbjp/XmZcyZLNpOx4uxl8o=,1995.0
consensus_latency,K2vDL/5FjMWDGjvBofN2p0hMO6gZ8rmhagVEMny7Jmg=,1995.0
consensus_latency,LLDXLdKvriU619jBVUz4AdSyN99/rJFeNmLVey0ufXQ=,1995.0
consensus_latency,Xf6Ew5LxuG2EMRDPRLn+8lRQsQzuZ0MeGpHNMtZDwQw=,1995.0
consensus_latency,X0VX/NYIYQkMYB0cbtAw8xXNAfqOAJ/+xa4dogK1+XM=,1995.0
consensus_latency,gRDazv6t6NDnvybdEZDWiu8t90u2mB/0i2mXctRmWgQ=,1995.0
consensus_latency,lZrzfugSGb09rNVuj+pttW5TtA9IFSvoGjVaGzMgmNE=,1995.0
consensus_latency,n5SnBlu83OxSqVlUQ8ytjMckztqJb1bMdS6KyjCAGZw=,1995.0
consensus_latency,s1B0AxAujquRu4M/BNUP18yXZfrh711zJdbARSpqgEE=,1995.0
consensus_latency,1Vf5ejPj6NOXcV4YyL9y1mnmI5KfkXmC60i9VRMAKqE=,1995.0
consensus_latency,1jjcXZx68RqCpS+JwQYTyGlQtMidtGza0fkWMyXQ4KY=,1995.0
consensus_latency,2W20/6YwDQu/YDzfqNfk4Wxqfol4hAr1zgoDm/7GdXM=,1995.0
consensus_latency,A7dpI4vqMsCYbrplEycucO8zLdJwZlxdnyghNORJ4oU=,1841.0
consensus_latency,EvL+GnQJSM3QCGF8TQA+3z0V7iV+Gf9nw/7dRLfkBWg=,1841.0
consensus_latency,Vk16PsQkpQ4JbAaCU6meLwQyiiuFhM6zmMCpG0oHrLQ=,1841.0
consensus_latency,Vy0AEr7pYlVtsNiAmxFyxaDp6x4M0TP3Om/b86GfSQk=,1841.0
consensus_latency,dMIsSEQ2I16wmkERoR7MHq0AShTTOHgCOffzqips9WQ=,1841.0
consensus_latency,jG93o9ybqujNrHNphk2319Xa/t5JYZ1o8LnMT3+QV3I=,1841.0
consensus_latency,sTMHA99c+grlOiyYR0oCUN9VOGUxuE9jVDkT+SHG2gc=,1841.0
consensus_latency,w1PzqFg65bKr/QYrfJbAzudTMhLZBop7lq4QuHE9OmI=,1841.0
consensus_latency,y4xA1QbVSN+EUmkdMRq3KQ1fJJD8OUIEf+syJn97zpc=,1841.0
consensus_latency,1lNV91N5UR5OmLGdhMZb8JIGEVXji4K7aYbvRKmPMQU=,1841.0
consensus_latency,2IuscFjpMVHwC9AMAHt8bKb7T1INTX6GF44al36ENYg=,1841.0
consensus_latency,5mkHI+I1Lyi81ocmmjEfQ1IMphNUG9/d1SYYG+uBdoA=,1841.0
consensus_latency,7ZKW74PVXVJ1GXTqIv8Y0mIvWTaqoLomwGh3ff8NF5w=,1841.0
consensus_latency,8o6LkY0wMX/8v8YdUmpH/uC7lsXKPEUICW/wpziS1kA=,1841.0
consensus_latency,++QgP+w6bUujBspe2T7yEl4QEQlg1nw+DkrEtjlSYUc=,1841.0
consensus_latency,DFCfNy1E1QiXNWgUjpj82eNFDdCk5y71hHhMVrQwPP8=,1841.0
consensus_latency,E3y4+6iiLfS0tMeG7e2WZWnyJOwlFBL5RODmo75fjPU=,1841.0
consensus_latency,J9AJAkyAKkUfEaKZJfTqfGaF2UhQGsHoeqwaqS5ppm4=,1841.0
consensus_latency,TpQijH4SzBVkV2BFibbluLLess1L80yYckwUOBYnKTo=,1841.0
consensus_latency,aaUv9mMYygtYM0zEE9lkhqIBSr283TiAA4kCJVLQK3U=,1841.0
consensus_latency,gQAXa9LckELFhIofO7KNGTpvR+XJs+6EfewBGYjjLvw=,1841.0
consensus_latency,nN0oBlNcY3Kc65yxaD1+RPjaQ0bFWy8bkI1E+/Ah66E=,1841.0
consensus_latency,qcWkpRN+R60HeikKXrfQR0JCNW//2OpbWE5llUses84=,1841.0
consensus_latency,210lbIWJbUMZMs/puuAKIiM/qkvj5lpTpJO1LQwl7zM=,1841.0
consensus_latency,+QnGtZzZN0MvQV/m3qBAnmL2Eik6PYa1tS+q7J+vRI0=,1841.0
consensus_latency,/G+fxF2rRrdsvQC0Gg4eHSDUhrJphIeoI8PzqE8j5SI=,1841.0
consensus_latency,8RtUg2MsdKZEq/s/BO3ZGnrRA5Xp674qtGWMCqtMZ2A=,1840.0
consensus_latency,A/DH6Z50PJlh0/SX62XjNcMl8Ok+/9XwW1xgItjghVM=,1789.0
consensus_latency,BJG1xKpblizBw9B2DhJZPhXYxW/tF1nQ6f1PhfFGsTY=,1789.0
consensus_latency,BL20zMoMloSzid5QlyYWWRjUirLq3FHSjX6M5AQnCI4=,1789.0
consensus_latency,BZHlsA6JqvEzHhCPEFeypq1BNJOZ7jsoe5owNYCshCI=,1789.0
consensus_latency,BgR7CvIuI6LAAg+DfJi4QbMC1t11jEqlHJxiJNPMDhs=,1789.0
consensus_latency,GUHwKquZQjpXo3rCDEOWifs86gpfnZlHC4D8A8j3RuM=,1789.0
consensus_latency,GyFL8bQ8+k/uKAjrDUcb7aneafDg6L7sVZo9C0ufD2I=,1789.0
consensus_latency,MHi1kgsztdSWaLOs7GGQ7jgJNWM+oxmtA2nZkDH3460=,1789.0
consensus_latency,NaeY1JCssbkiyqb8Bu8fX/K1WOXy238myByA4wQjI2k=,1789.0
consensus_latency,NrAdvCJIC7O+mJcyqgJa4AAGD2Ot4zehwQVlvkQ+4PU=,1789.0
consensus_latency,OxKrsW8s56SX6nXl/89r1xnKPnswsO/x4CiCupGEEI8=,1789.0
consensus_latency,O1u1KjT+TGZ7xVKnUS/tlXRdmfyehCSm/L22Wy2gR/c=,1789.0
consensus_latency,TxlilAFEXKdEJB3vl8MT5TBFtiGhUEevzMwC2VUc2AA=,1789.0
consensus_latency,U96mK3yMd68X/YwSjivhEIc4jIY2Y/74g6cC0+KwdNU=,1789.0
consensus_latency,WRAZ2ZwjeoEodjCD6JnrMBNnKNq7i6HAYIgECiet+wM=,1789.0
consensus_latency,W2IcEe1IegrR/kR7n5WNd2xM0fW1SgFbRgR2nDVgtk4=,1789.0
consensus_latency,YkpeDyLFbRbuUyiGyEgTEusJHqF4kJBMEcptSoTuMOg=,1789.0
consensus_latency,Y+GOUgtRtv9m14/kLGVnxG2MOmcLwZvGUwLna+Fswuk=,1789.0
consensus_latency,Znr351YJerMLGwk8W5fX0WWGVk1ptPTCe0o5GD8Ae1Q=,1789.0
consensus_latency,cJFtDaZ3kqzzgxZVYPOZNiGSk7mnsbdF1Gk6wwSlbAM=,1789.0
consensus_latency,dNCiRXIRLB/Vp+QoZR9PdcOMJ70KrMYFQufZ9MR98m0=,1789.0
consensus_latency,dRI9ICyKwmvO+x1LT7opOXWzyGss4ZdB9arwFs6bY4k=,1789.0
consensus_latency,f5nso6SNMRTPsAwrCET1uzlLplUrFUM/h/zCC7KDui0=,1789.0
consensus_latency,hvRo/a9ICKMkOrWmAJ7gTOhx6FctYInbP16zp/bECCY=,1789.0
consensus_latency,h3V4Y2aLiBbOzFuAEpRLlaVCdYh9HWgUkLtPblOLU0k=,1789.0
consensus_latency,imxEjcn2I0Uxz/fwij/UbbtvttcaHt/58CX9TTYykh4=,1789.0
consensus_latency,irPGH6bkCAVMKxNv8tHXaKu2eYq/W6fePnt1OzuyRD4=,1789.0
consensus_latency,jWSs84o7JaMDyxZ2aMfEAMrkTn78ZBY9tVyeqxvk04c=,1789.0
consensus_latency,kEy05v0EDKiHblfb/FNa1FS1MQJhW6UJPMuLuh9OmCA=,1789.0
consensus_latency,lQ0stL/NTm4EyW0sDhKWtOLbkFYbTNDvzVEilNOlJJ8=,1789.0
consensus_latency,l5XMs8aapW2Y4YxypznkBqacm8n5KqQiF8Wsv263UmI=,1789.0
consensus_latency,l8U6M+rz45ytgu12p2P9g44n3i+l8qzpmMoViv0uLgs=,1789.0
consensus_latency,my0s7+y5uWe80yAj6AC8X3n8NQfmwH4iClTMpyTLZuo=,1789.0
consensus_latency,oJUTXe1x9ltfWXSB3zRIdoawbVSGiIzAVDoLJ0kxgqQ=,1789.0
consensus_latency,pGpQWVPpeVGp9yKTStNXZ9DAifYKqNz5wPnvU2awb9w=,1789.0
consensus_latency,pgifYrWXlJcK/FO9Lnt0AjLHdykqBF2sfSoKaI5/xLo=,1789.0
consensus_latency,qBwHtG3PP9zEBTLDiyKR28mFGM8BQAY184LUIEz9LEs=,1789.0
consensus_latency,qDkQ14aUN1cZ3o1oFwPQf2Twz1Z1sznn4Rc7FTlJR0I=,1789.0
consensus_latency,qXaZHp4gjbJEQT4NO0MO6Q0B3CBPsi38KcopmI0IP3g=,1789.0
consensus_latency,sIj7QsHTxBkGvifONbT2DsUbWXku4844YPZLfJlMKyY=,1789.0
consensus_latency,sd23rb+Ku9M5pkx0P1vo+AkATsWhADNHvgcOk9qb9Bc=,1789.0
consensus_latency,sygGoqosDOGtEDaezV/YL9VMmvx//BWgl7OxU2ZY5Nw=,1789.0
consensus_latency,trhiUplkk+D6VYPTPHeE2XWVicYiowayvs2QHiaYNnM=,1789.0
consensus_latency,vNAqpEBAGfUEZrBlgMFOS/jyw5bxYCVH5rCc4/glrZ4=,1789.0
consensus_latency,vrEDr/IpbDxocUySuH6gL5rbskpFhEZ3RAdT7OEAFNY=,1789.0
consensus_latency,yYKz82YFwrhk7zuqG10UglaTa2kUDDQd2Gi0fOJ7bus=,1789.0
consensus_latency,zgDJNw0JYSa1Eus+bb+hUEB+rE/hsHzA+eVU7Al8vXI=,1789.0
consensus_latency,0z1eyNJN1/LGdQd5ddza15BTxO0JKYVXoOLSLJY/tUg=,1789.0
consensus_latency,1VN+fTjrKeDFJzkvvXvfzJEapjs8aPUlGFhJqB7pNWY=,1789.0
consensus_latency,1ZLeDI+RcUV/UR2qa3gyuj0YuY6hJAfmubYnJ+GiNp4=,1789.0
consensus_latency,1ist36kyq5rNwoNP363g7pbFKmFvFRkA0dvRCZvjoiw=,1789.0
consensus_latency,2Q3xpSKKfKqKSVD/AtN9OdPlB26soGB8PoL9Asll5d0=,1789.0
consensus_latency,55Gs92bWVlb8ds5gB8O+VrT2a8+K4pOJ+mBCacTBDBo=,1789.0
consensus_latency,/W7LDUMIryvfXte6mqJsXzV8044Q14+i1V89R8xATAk=,1789.0
consensus_latency,FfJoRqWONAhL675wtr1efJjR4b4V48SZzRhRJ97aHT8=,1841.0
consensus_latency,K2eluU3pM+c4VFoJTOf5lHV4nxYwoa80cfgsyatuUlE=,1841.0
consensus_latency,YT9I5UmpUwcwZeBCJrdX7zpOVwBgRH74kLD/ABZ3R4Y=,1841.0
consensus_latency,d/YDlxwI6VKYssbl3Guwy/Ic0gfY2IkHHprcyAJQYFw=,1841.0
consensus_latency,wAOl+F4oZI1fH4Mdqp1AF12pyTSPrkOrBKH+EAGsNVI=,1840.0
consensus_latency,zogbFCYscn9z+yfDb4l3iNEvbWLaI9aHdNy62xHYQJ0=,1840.0
consensus_latency,5gvkGSLSNSrAjWSLYutTsFk89or7reKDSiuUHn+bb3Y=,1840.0
consensus_latency,Cohwv58jkCnAraBexaDtMYkyOicxx28D6puTQVMWTLA=,1400.0
consensus_latency,MaU8nWlE4D/eExVTlQ1h6L2yMKEpO8t99E/73hSSRZM=,1400.0
consensus_latency,LLnoTSn5t7H7LnJhsaRb3LIQ3RYBO13Xaqa22KQQHvs=,1348.0
consensus_latency,PeLKG8dSEzRKQvFy8FeTtdhBQFfxXB9tiA7mejDVUAI=,1348.0
consensus_latency,TQlYu1AaaCZ7lzQz9j/DShgz/z7J3OcxNorOhBXzRgg=,1348.0
consensus_latency,VGE+FaPqdTnyHdMkBat0JwpIuMI2FWvqyqOlwnjAxUs=,1348.0
consensus_latency,fkycLIzEuaO1z4wp3QmqQC0284xIHqKxDbkbCEZiTvo=,1348.0
consensus_latency,nX1Ym4ovbxgZRET7EwDKBaR/YOclBA7CdBxTaPpV8F8=,1348.0
consensus_latency,oPIFbk0c1Y8FCtB0v1hcAcVYJermyzStYchBi2Zrr84=,1348.0
consensus_latency,qlPFKm+q4Q2leMAzElznfo55upfWknX7A7H8quzirL8=,1348.0
consensus_latency,rDJ0nibl9WL6kG26noJn3VN6sAJOiKP/twUqdAFPJLA=,1348.0
consensus_latency,vyMWWIHLsjXHDdp/Y2N6OHaCrw0sDy1X8htVE/j0tkc=,1348.0
consensus_latency,xKEZkCrVKjP11aN+feM/W4vDWwbctJHOAJ3rWgVtOy4=,1348.0
consensus_latency,2Hv9C/tImknk3LptEtCnvxTCZj5bcP7iTOa62ko0OhI=,1348.0
consensus_latency,4w9nnRHsZ99P70lDcGOTt7aMW+4Cfj3hgA72Mw0+cKA=,1348.0
consensus_latency,QJMO8flc+MHwceLkMInh9udGep///rn1oj3y1wChwFs=,1403.0
consensus_latency,Rg+VC+AxE0qBlt6Yrxu1pYMnX360rSBHLrfhyG0HgAE=,1403.0
consensus_latency,gnenbOoLmoxd7vhNXm6lnIhkIFmXLSyGFnIS7GPzo8o=,1403.0
consensus_latency,hlSWL0GOdM4ExzUDjT/y4vUtIZbuOuUN+FhDvvnog/U=,1403.0
consensus_latency,q8pLMiLCbOXZNNYtQaLNIiMAhVNkCngsX/EobQ7415E=,1403.0
consensus_latency,42Q12WHqpPUlgXLzd5N4PJeGjtDmGO0/kOOOAVranlA=,1403.0
consensus_latency,DLP7mfsm2j+7iMlF+AGW7BjRDb5Xeh8kbi+L0hPUvsY=,1232.0
consensus_latency,LjF9UZIs+qnl0AEW+VQglOsa2KQyllgpmCAmmc7iU/g=,1232.0
consensus_latency,OlGrM9VYoGFO6dFx6kvmV9f8O03tp2WzMmH52V/IM8Q=,1232.0
consensus_latency,Qhcx7t76HdgOVQiX2v55qXStxC9n8LKmZWZeEbsHUIw=,1232.0
consensus_latency,e1SnSDmwPL4Wm8XEp9RYM1nocT9788D8tDQj1SCS3f0=,1232.0
consensus_latency,mzs9d2rKmL1uxTdOxFj2lI1FIWqzbthNLHwADoxjmJI=,1232.0
consensus_latency,niYsHCm10IaVvIlQ3hBQUcxORJw7ukFr2mFgbvpfd2U=,1232.0
consensus_latency,qFhNfaYFfu2/AYtJeYZEL68YcLFnIRW/myJv8zGoY+E=,1232.0
consensus_latency,v6FGclvHx2YGVxTD/pMePjS6xSEPash/QDEi0JHDDcA=,1232.0
consensus_latency,8ZmI9ETcMEyZxLe6UZvi3MZUKC2L26ISdgaUctj916g=,1232.0
consensus_latency,Hu7Mxv+3Yspm4sfovHW/0w9UUb9SqBOeuk0f2qc/T/w=,1230.0
consensus_latency,JD2cWIso84UmEjs9hrK7ErENNU4J/UOQQ+x1x0LHVv0=,1230.0
consensus_latency,ManzqazKGKe/apvEJK4QXjyujPKA4PVX+VTs9s/ahFU=,1230.0
consensus_latency,Pe3gf6HcV7RfyBIsDeHsBs3nEFnnS2MyJL63hWlmVIg=,1231.0
consensus_latency,Tu7TQyuts6bu5Z+QhQGWH9ezwDxyLEVqw6jcduBSGdk=,1231.0
consensus_latency,UC8Y7lc63POpsvZm0DBjVnWgECCGyVGf9Ydi1fvaYWs=,1231.0
consensus_latency,duTlwdNGTXAKc/6BYcSloj4js0AiZTVhU5v0I8PdU0A=,1231.0
consensus_latency,iiDiTeR8y7jlRvB4Q7Lwk8YOWuqBChKk0hJa6YmfOA8=,1231.0
consensus_latency,kzJxohmE9vz69eLVhDVU4pfG8ktyizPxHiVdB6npPwc=,1231.0
consensus_latency,tMon9heYm9WsLG5/qQ+1Et6JlIlEv5BVNHUOuSZEjkE=,1231.0
consensus_latency,vtMcpLU4nCeEQ/N2wlb4Y5GEDF2TkfI2dMBu2/OtEgw=,1231.0
consensus_latency,yl+y6coonKNtzVMZN/PX+hlv3GLWUsnF5Pt4re8jKLg=,1231.0
consensus_latency,1Z5k538wMcX0AWEMZe0OPYIGPiH6TQk16GW5Pk7Y+oc=,1231.0
consensus_latency,9nVVLgkSROL3eTZ3vvjl6Izr7ejRd8iKSzZR313noD0=,1231.0
consensus_latency,C7OQtmaFGb1OI70wnY3G2ql14l/ssuU3kX1KcOmte1E=,1233.0
consensus_latency,Htdi1FBpaxBr+3DhqjBLljw/sA4iFfjQZu8ZIMKZ4VE=,1225.0
consensus_latency,P3PfcakRrihRXFAKHegvPtLULMzouIRcEKvWCME5Fh4=,1225.0
consensus_latency,QmZsknJo83Z0BXTDDe0F5i0+xYqbqCesRsNh7DVSb0o=,1225.0
consensus_latency,Sv6ZkfdUz4dW17tN89EEWHVnt1dP+BtlgyJXpzUjCJ0=,1225.0
consensus_latency,WKhss4AuD/I//fGpsEiUjgiLezmrXF8IyED7V1h3pnw=,1225.0
consensus_latency,WW2O4VPUKcs0NtwStp7acLybfgq4AXg+GpOodb+ke/s=,1225.0
consensus_latency,XwkkPhFF36kQRuNQRbNtE948GJTP8Ch9py5Ko7zIp3w=,1225.0
consensus_latency,e0pEcr422yWweERpvE/Nk1rmr7wHePY9oULw+//JMJg=,1225.0
consensus_latency,lCr1vojXVljiCRdJFUahyyRiiabzRbr+aUrvBMEmNjo=,1224.0
consensus_latency,nF5tmV4zz/v6SXfLEk4+BB9CBccHJgqbLcb/tfHO1j4=,1224.0
consensus_latency,nSXpdPT0QhauNvZDSvYwLLYgg0tusUaJCab7nyiC1Ec=,1224.0
consensus_latency,yPPRmlly+wRVEGfLTtrHkAApzVR2W5HNbeQpnZXRcS4=,1224.0
consensus_latency,8Ti+mO6UlMBbhEPkVOwK91klMmGi0lp8H9GHYTAfgeU=,1224.0
consensus_latency,+A5CYqC9jhX6r/tf3g90t2juABLs7ktcaJInwMjinIk=,1224.0
consensus_latency,AzfbOul+3fdWbK51EH7WkUo+F0r/U9qPRyR5XJGDI9M=,1051.0
consensus_latency,BDO7D9gNqQ+vWbDuZEutbbrj7drWe4DfHnKocc+7/9o=,1051.0
consensus_latency,B0NfHdgNeYl+Ujf3nf/px/EvfEEFZueMCKgY8RgSr7c=,1051.0
consensus_latency,D81hqNUFxxb09fx0bckJDUqgdiVxReZkB2Fm2YaddHU=,1051.0
consensus_latency,EGMSHSOFm4/MRsaCcoBx54NInOjEwDPiQh24hAqtC0Y=,1051.0
consensus_latency,EPA88ZhZfk/6wlQqveUZhcPnInMFewPMq5CkLpDm49I=,1051.0
consensus_latency,EiAs9l00VpzAeGwl3pLzdNeO9rGe9KdKqwSFUP7aNtE=,1051.0
consensus_latency,FTEYcaKZ4fJWmpn1mG5SRhQmtTaaKScR3m5W9r23GjQ=,1051.0
consensus_latency,GxnONZ7eZYLf1f8tIXS/rAoZkniRNWgMP5Px4tftVWo=,1051.0
consensus_latency,HNK/rVI+ju9/pnDU1o2eZEWadI/DvF4cOdWCBtsGgts=,1051.0
consensus_latency,HsL7tEFq09kH03nOcs9jitfmDEA1ZDj/Q4sM8FSPKMA=,1051.0
consensus_latency,IV8yHrMmcuGGGdBHRMgaeKxLAkED/4r65VUwlr38IG0=,1051.0
consensus_latency,JaWv+FmSN7sW6tfKBx/65fJW/7RutfJx29se56o7ENs=,1051.0
consensus_latency,LcFwJDt8juSt200Xmhvg4027XR0Ee3Wq4JqO7zszY70=,1051.0
consensus_latency,MuJW1kj5Kyf/Eqc4FzGJTpLat8feIuQdDtz6uTDxtDw=,1051.0
consensus_latency,NoTertF3MBSN3PZYRubZ1Y7Va7hULns5pHRj9xFX7Lo=,1051.0
consensus_latency,N/HqNws8LbDmkfnM7+Q4cfiZmBhHZ8CakWWWeCDkRGw=,1051.0
consensus_latency,OMGsxhhdECD9uxsyQLwd3jzAOzFIH9PqKTjHY8yEuyM=,1051.0
consensus_latency,OTXgo9y/yX0XLgRdW7N7hYCTyGNUm8kF2bZUCVpRQ8M=,1051.0
consensus_latency,PfjSWa4G3vTruoB2t5iUCNReDLiUz1x98gIj0VaCGiM=,1051.0
consensus_latency,Qi4TukPphMSe046Dpz8wydVwKSOuXdKoPyfk3rPdOaw=,1051.0
consensus_latency,QnSPx9buU3wH0ltug3QaTJPKn3JcsBiokJVYAH30jpA=,1051.0
consensus_latency,RK860n5SUjxBdiBoOK5Rg9JqqPHwxeKTh/4VBC3Bm88=,1051.0
consensus_latency,R7nkM3D5Q8PN4InVUEUFrDzdDu5l5V/rIkysleTknws=,1051.0
consensus_latency,TBpugtVf84ZZo7Tq51cgOBFTtuL3SQwScLhCKBcG4JM=,1051.0
consensus_latency,TGJZU5+f75D/49FXuYBGzy9Ngq3Nv6wWuauXmvmB+q4=,1051.0
consensus_latency,XddCTasz3nASlChj8kFlnOfaSVOiqOeAxJJuy3VBP64=,1051.0
consensus_latency,Zko24m1W6rEl4zxADerzaVCwUQmBAe6Sz7Zom/v/0Xk=,1051.0
consensus_latency,cKszqbZoW7rmKvFzyGLZ/RU4uxziC+WfgL0y7hs8TFA=,1051.0
consensus_latency,cOc2d6EpGLExFjkgtPpEBG6kqzBz/C7I2ilG2k/VW2Q=,1051.0
consensus_latency,dR6IEqduqdLmjYT/hUEQ5N3Fn93lD5M7J9PnG+gyLGI=,1051.0
consensus_latency,e9/1UtNKovXTgsQGe1Zeb489HGo+F1q5vbCcqalEhGg=,1051.0
consensus_latency,e/H0zAeuk3XbSC6XVfPRa4PtWbC126ecpQN6wzsDi3A=,1051.0
consensus_latency,icdIQrU3DPt+IOqrdD+zVe9ykia1y2WYH8I1prB2mFQ=,1051.0
consensus_latency,iim7F0hrCojQfn0xHtzuPQJr9it8fEBFcpj30h7tdlM=,1051.0
consensus_latency,ji9aurTX6OOYDWjvV5N67rDh7WN2fHqmMoNeEQ0+cAc=,1051.0
consensus_latency,kanj9qar4yWmaBjZxIP0HcSB8W1kmXChy0QsmNZ3MI8=,1051.0
consensus_latency,kncYIyygoRwL/knpCjnS3mT3LJW7wE+c/kUDDmI7laI=,1051.0
consensus_latency,lr4trUIo6RXYJIxnBvIY5NxanEIp5xF4ahOPvmFOBQU=,1051.0
consensus_latency,m5CFubNW9nhjbepRBTRlPBo63tzmhVJhQJkFpkxhjjo=,1051.0
consensus_latency,oCPiFW5kUOoSSsdHDZy/0nytghXD5+Z6Xs6fn4eYb2c=,1051.0
consensus_latency,okSoqz12T7f2inXA5foYeFQu4opJWouTZWPujs7AxlE=,1051.0
consensus_latency,onlwCRya5dIowVKKPh/4RK1PWlT4RntuJabc2fJ0M4g=,1051.0
consensus_latency,ow/+sjF3+sLxKvWbZGOJd1/+CdUAKMiCeEIfX6QjhG4=,1051.0
consensus_latency,p/BGpIoEbJh5iOURLlHtcnxTMX1LcBLSU4JcICKLCW4=,1051.0
consensus_latency,q6eO7aT11KTTMbO48iONKdd+sOrUUEcJbHKvIf9FBmU=,1051.0
consensus_latency,sGyR7ndYbFnqe0+JLdUIoBPxG4cE8Le5GuoQkv7nOkI=,1051.0
consensus_latency,xrRiWY4K/FpBevVWUo9eJIM2URLvPz7Skf9qm9vV+Ig=,1051.0
consensus_latency,y1YQiPjxc+w9phKkb/sACWTlUYmCRiMOUA5hlvfKmpY=,1051.0
consensus_latency,0wr2fn0ET7w9QbKt15YIQ4Xe9G1TFoCF72NZJO0s/ZA=,1051.0
consensus_latency,05B8ih0ux1adIgQCd5MZOIw6vtn653WS8Hm3kQs0lYU=,1051.0
consensus_latency,1Va2KXrEfAeTyEPdE65HDDb2dawtaCYaf6d3xku0zVw=,1051.0
consensus_latency,1iWbtEKJWoLHv5+E0YJNqvnOjdIb68371bhHTa+5as4=,1051.0
consensus_latency,1ot+fKTa8wfPVQ9+eioViwmMgIyzhuqhG34X2wUoPDE=,1051.0
consensus_latency,3L6k3Q61dbUH5LMg9Sjr5CxNFqV05kTR7i7dEtsu+kQ=,1051.0
consensus_latency,3MDIh2OgzclnucdQ/HBTbXnWOdiMCLqh/zJTw0L9HSc=,1051.0
consensus_latency,3hIb6GkhNiHN94mzNpyGUT5Gz3h8YpF/1z0YTmC9WLM=,1051.0
consensus_latency,3tqNLxOx4fuK6BrbPMVZqhSHeHmzJa4a60kxFMY+azU=,1051.0
consensus_latency,59aWz1SobE/QpGfRxxJFpRMhL+Ibbtl9s/g68ja2HSY=,1051.0
consensus_latency,7tjQ41+kU/zGzAfsf6s+54hS7fku+UTz5awUWz8ZSZ8=,1051.0
consensus_latency,79BDXloy6bLM+cGR9LQ+cedSC75Q2tBpa72YIMJxf9o=,1051.0
consensus_latency,9tvSRfnTk04WKBaNQIEf927iFeS8WAWR0ORISuZl19Q=,1051.0
consensus_latency,/57JhVN5GIKx3EOwbRqCLwajPmcwo9Nlscbs82NPY1E=,1051.0
consensus_latency,/8jgwKplKoKJrrkp/k2LXn8ReZvEYX40LK6ix9cuIB0=,1051.0
consensus_latency,EYJbZ461qxm4BQIkN0HcjriwN2pPxsn+Gvm8anqMMcQ=,1102.0
consensus_latency,PV/raHszSk6DJd3MceCsB5ccihV/2nb67MFMLpz0rrE=,1102.0
consensus_latency,ZrBIwuSHohCWnGbI9sHUe0G6LQYuvAEw7RrTwxZFY2U=,1102.0
consensus_latency,kKaKkK3jUGOAaoQ6CmKwlat7ElDeJ2Dd8Mh28ZLwIc4=,1102.0
consensus_latency,6qmbfLkBBoCVTzeWPENMJ0HisPF299RR+qMZBhM7OXg=,1102.0
consensus_latency,Adsgk8Rwq8bP7WQC5gEWzNOoCMkZuz4Mq1ldD7u0hJQ=,702.0
consensus_latency,UIezSBAteW8quyETHdhS4mXKw3Q8BMvXw1hWGS/pMLA=,702.0
consensus_latency,fkkdYVJ2pCYwps9dR0vFwoSNZF2bQ8Z2+B9F6rsb2To=,702.0
consensus_latency,kn2imcZqFbl0izY+IhkVdBbvPGnOFCqJpnl3ViDqLmg=,702.0
consensus_latency,otmQ7ofGFVjRLcuPMjt3h5+Ul5ZMhudyoasaetvwmpU=,702.0
consensus_latency,vk60C18RmCkL6PazKuyC51cWW0Nzq03IPfE3f3e+Am0=,702.0
consensus_latency,x95Is63jlGL9a7tJJcPNHwq3PRaiIyaPdnNfXLDnxxM=,702.0
consensus_latency,3IREfu+hvogw1yO0aWv7szGnE2t9+ifK/DEnzijQFsQ=,702.0
consensus_latency,+m0D5AnsHEJ4CtmV/OSptXFzyPRlR+l1jwZ71XvWLPg=,702.0
consensus_latency,apfP/7gMitEG5fX9XU8tVV5L5qBNYkZKyWA24sENUck=,1670.0
consensus_latency,ijLFp7br5akXl25UAmniaX9WuuNh61hM8vlY33bLJVU=,1670.0
consensus_latency,+H/Dg6r59A9JGMqNSOkl+dSCuxOEBeB5I0jtBdSpEc0=,1670.0
consensus_latency,AblXN2RNJO/C5dzGcvE8OMlevF4OV2B6Lp3vUpPshcQ=,1558.0
consensus_latency,E12MgrWO1BI2aOtNMlwOXgPd+a+tQ55mFYrFkIaiilA=,1558.0
consensus_latency,GPeDIwRufrgekGnT3lF4TpjhvBIM1sjtuGFJcF8/CCc=,1558.0
consensus_latency,HLowXnyfTBASV9ujHL8/66Q52nbJldHb3HgcLYOK3Oc=,1558.0
consensus_latency,HyXrC/DhORHKWD2EqDC89PP16BfO6CmhNuYeW0B+hNI=,1558.0
consensus_latency,IK79Qlkvolfb7aXucoIlEFdAFe+Xi3xuLSGs3F/dfLs=,1558.0
consensus_latency,KyU/jiIz64WvYZlJhtU77UjxaNq9Nwat1ZAXVUlWw8c=,1558.0
consensus_latency,PYBUBOuL/YTJXa0pUB0jhaiE+ttI8y4eCx2GrntWbYo=,1558.0
consensus_latency,RMM0XARbU8J2HGWeWrU2Dj7T0GF4P4+SFVUZ+384Lp4=,1558.0
consensus_latency,SRDSEo8gmxz2+wZZwA8mmf1NejaNUK4z8H3VS9qsjWc=,1558.0
consensus_latency,XDGfG5IPLej9m/f4rZ0JYP+TwYWnlnxGgJ5vD0ZVV5Q=,1558.0
consensus_latency,YlLn2wJBOjKwhPV0xJ22R2+B3hBdt8ExZdTZXgcxs8A=,1558.0
consensus_latency,bteFVQ0yp3/AazUPTE9XRRaO7GtapWMyhsKIk8IeqMc=,1558.0
consensus_latency,fum2sn8weJ7Fvh2yMBTyYqBTOaZcSSU6v6hklqbBrkI=,1558.0
consensus_latency,gNVREznIld7UVUOQ/POx6gkrZvj+Y8PEQq2w7oMp85I=,1558.0
consensus_latency,jxjH84+on4c5m/+5gDhUA0M9OsomhVhErCRSEhRky/g=,1558.0
consensus_latency,lNbczraPU/n2aRQ5xzbYlwy/SiivPMtu/9LKVsQViWA=,1558.0
consensus_latency,q9MUUnkKDnD7pQEIMNiJ/Z6XljOS7X5JfggJ1SY6XMI=,1558.0
consensus_latency,rpOhVzQLIgLJ6OEoIcSxu1ULJqzaTmpH/HpsWh3Phas=,1558.0
consensus_latency,r4ilVzGpzSDVZhgmyLiCspMPikUv/QhvYZmQxn/SefY=,1558.0
consensus_latency,wTM1rD0HD/RtXSirPH4hFkh/3Ovot3RnygWzW/e/i3o=,1558.0
consensus_latency,xxtzWr9v0+WHvKqkjMfskV9jsUH+sZJtXRxG7gWZ8lg=,1558.0
consensus_latency,yfZi//N/DcC/apB85R6GNP3S6hrK3kbdWAh5JgbFGfQ=,1558.0
consensus_latency,z7B7BLEQE24JcnhJ28KD9fOZ5WPGR1Rsfdz4yOX8OGU=,1557.0
consensus_latency,0AE5jm0DDU9aIaWJleMBZyvLC0MZr8TZe6kI2snEH10=,1557.0
consensus_latency,1QY59DjbrtE7+/2M3W9DkF6C6f0dPtE91iaZU7krVy0=,1557.0
consensus_latency,1t+89c1YbqduXvACQLWG5ORj3hSvZETX6kUO8ZhLYpM=,1557.0
consensus_latency,1zQAy9sGtTbpm9KgmcjjQJthuavDEfLeFcl44LKICss=,1557.0
consensus_latency,14RUZhyINykHeeKIVbKqTOyc6tLh1tnzn37bvQbt0Tw=,1557.0
consensus_latency,2E7F4Kx7RCM2ZyZi4Bns9W4DyRcgKvDMGEVyqkPko70=,1557.0
consensus_latency,2IHp5yctRdpyDLrP+89QD4Dd1gUqagoKEmh3/L2PoD4=,1557.0
consensus_latency,5iiAtzhTvxbfWjaNYEGc5gjRCkRYm+tyDOfbbCi1MPU=,1557.0
consensus_latency,6cLQeKUwS4boY7ZhiYHVCsg9P9Tvw3FJuoGJPwBkj2k=,1557.0
consensus_latency,D+wonWDYzJw6eqxmFYZn6OKjIZ8wmuaXEpse6YztM2o=,1391.0
consensus_latency,NhKOEjShSiEkRqIAEXZ1UTQPGegrltD+b+tvRSg4JNA=,1391.0
consensus_latency,WC/+UKqeyPT6p0Y+k6VZEu4svFzmJePd/trbuU0MzaM=,1391.0
consensus_latency,c9uKteTZETkUhfe/8wmoQapVTg+Lf/mfbdSau/wLEJA=,1391.0
consensus_latency,ikoqVLmttw+QGYWYN5hoZe6pMWs/ZSlxtRKVAUvn3b8=,1391.0
consensus_latency,rmPXtTargwkja3XpFLA7LtcbuM2BwgyP+9BVvE5oISo=,1391.0
consensus_latency,7lXbI2T12VqFPGH8weGOwMCefNXCXqOQCaFK8ilqu3U=,1391.0
consensus_latency,AmKZMEEbC+cKPpZwOZFaY+0JrZbpp4qY4G2Zu4TF7Ao=,1332.0
consensus_latency,Bi4qonuAN6uu7u8pbzJNEomDZsOpKwyDc29PL6DJ1TA=,1332.0
consensus_latency,B9BzILRXbaNvy9eGJ+OBAt1i3KTrXh1dya1RYniqdzg=,1332.0
consensus_latency,B/9ITLxUolnQdkPvtVh4ayI/SJjME+uYg5JStdzJShM=,1332.0
consensus_latency,EvKavZah3auGsjDs7QIf6ZHkoY9sy6PwcYvo43tXjYA=,1332.0
consensus_latency,FcJQGlML6cepARG5F059FI7vKaLIGZ4Zpp1dmTR3a9E=,1332.0
consensus_latency,Fy/aoVHTpV5sptfDegWRO+AeIZ6mCyO/YhLS3dBv/Tc=,1332.0
consensus_latency,Gq9e6ueDeDzxXeKteBmCdTE7rF8YIUsyo1SckBK+XqI=,1332.0
consensus_latency,G4EY2rhfa72u3Ol3LqF1Hogqroh12Z8boWiqdjlxanE=,1332.0
consensus_latency,HNnYqNrZ8v/5NMdNFrZ/O3QTcqbrZK9fY841ykdsKLI=,1332.0
consensus_latency,HXyNxWsAWg4NzvKBbNB/D1vBMx/kDLSCaDLJlLesZI4=,1332.0
consensus_latency,J+qDQ7EDj8qSgarR4IiZrXCIm7rH+xcdNnia0K4JFkk=,1332.0
consensus_latency,KnMmH7mjdLMFRlTFo1314yWM0bpdFIkIVFxt2MlLn00=,1332.0
consensus_latency,LPcR+5WSDNfAymDo0lGscO2kwKnkC0zbpJlLZc9PlWM=,1332.0
consensus_latency,P5G/ZINPiJOk9GiwnJ9FkqmMGqKBDQ4NRbhBDYfKJCM=,1332.0
consensus_latency,RoJ2po2SX89QpKR3VCEJThHf7Z9OFqRSHym/DuTJt8c=,1332.0
consensus_latency,RvflE89l8OIKX9UvMkO2v1fchAJCJ5TNbzeDxu2+qBY=,1332.0
consensus_latency,UD+QOVWyEnoC/Zy9TKMDxWzkn80lW3UxMJxMq+BXGf8=,1332.0
consensus_latency,V44KO6S/pBzjQBQpZWThVT4TQZIeo7a+tiWrUY1LRJU=,1332.0
consensus_latency,Wx3yGIKj0oyjpHKEBbQq6kk2oM0G3LKWdtGFQp5ygHQ=,1332.0
consensus_latency,ZLr6mLbsXjyvf9xop8zg8aUotUvO4Gns7lJiOVr46j0=,1332.0
consensus_latency,aNmnNvU60vYvP9UQ3AfM+1l4stpbXvwVqalZighfm58=,1332.0
consensus_latency,bdBuf2nxE9+pegjKupe1m86gGJVMyvrcx2uHHNTazVM=,1332.0
consensus_latency,b4vbXWWKq69OWCSQFzHKT5BuLTwA5GegtuoxILrAJIw=,1332.0
consensus_latency,dASToy0eWR2GMhrOcEuUUMcJEhLlLD5z62VG53HYYS8=,1332.0
consensus_latency,eqDqtrnbciV7ntCFkXZIEILDx0O6JJydZt6/M9yrjys=,1332.0
consensus_latency,hNwhr39+b2duTxOvEUQ6cbz8x5TMx8HYDHbt6coe6jU=,1332.0
consensus_latency,ikPLnrrfxMxrtYUvyjLT8OVUFmtY8vlYGdsutqXgCGc=,1332.0
consensus_latency,kd4D06spj/3hsPZJ34JqEap5Ab58ZDYgXMuO8a2aDG8=,1332.0
consensus_latency,lOARmhKoe0WJnlbF8fjmyftXj1rZuPFHik6RceEQvAs=,1332.0
consensus_latency,lsEZ03ue4y+cyxsaFoh3nuEH7qLo5i5IuVoGyvkF5yU=,1332.0
consensus_latency,lzWiRXujZNJAVIDX/Y7K22xnmqbHxEoGoIrAgjyNq6Y=,1332.0
consensus_latency,pTGSisuUNIlLPE/MVkVPXTZovkhJJ+80D64oir63VmE=,1332.0
consensus_latency,pVI+6t9wOBkyMNhAzqxVGXluAL4Ewuj9/PlKzaST3VA=,1332.0
consensus_latency,rR/HMsf+NntLxhGhcG5EbV6r/WXAhWY03VkkvD1TDGg=,1332.0
consensus_latency,tfZWBSrNNr00O1WilraGoWXm4QuFtHY9yPJ6XygWaCc=,1332.0
consensus_latency,z0liO79AoIESlFaM9EiQLrtbam07I483b5D18Rsu0Ug=,1332.0
consensus_latency,z8Sebl2G8J7lba2fgNJYDP+6d+M+Asg/1w+6yXM1neM=,1332.0
consensus_latency,1QKC3F0EIiBdkArPv/EzlfdCJ5sHX6hLdRzokut1n4I=,1332.0
consensus_latency,2QEhrpCeFSKxmMouWfF4shxEXOnlQVY5eknDJgpDauU=,1332.0
consensus_latency,4TajyrljKMu5dKv6h9iQ0ZJ7aZfN0tP6MxPGzhWwctw=,1332.0
consensus_latency,9ehOQ41pGCy+70+K9PxZOczQW6M6kktbod+9BDGwpQU=,1332.0
consensus_latency,/HeBkz9wRyxVX9WcLy9/FdjVFZT1GMi4eE553/7Vy3I=,1332.0
consensus_latency,AaQz8vpkdjoOsmyTXH+ag1Q8bJD1bxHm3ab5Ym2yDyM=,1395.0
consensus_latency,AiEN7IOrH3hTYRVY7953/U+NixXU39VDddBnk/doOi4=,1395.0
consensus_latency,ByYfCSG5ChpG2uVjuL6sCqlrXH/qLM4LVb7SVhLNiXI=,1395.0
consensus_latency,DJbPmwlmYp2Of7Y9uWNqfNUywn/0ieAUcnQtp6cRMfY=,1395.0
consensus_latency,Eb9k1rTJvRoVKKnNMHk1BLJG/W0y/Q0KuGTRXKDjDfE=,1395.0
consensus_latency,EeyvzzyWD3m0SJMF8bsPARcqCr4Vmm/VhmJj8rlSdF0=,1395.0
consensus_latency,Ejvq+oTah2iVsJTRfYpXQG36V91TvGxfcsh7H2MXTqQ=,1395.0
consensus_latency,F4EifIUMCDU8rLEkCYajyNTJh1IWxcOr8XqOXYyYgNs=,1395.0
consensus_latency,HGii70I5AtR3fxEJ4eyqG68b5L2XFpFMrjXAmM9onU0=,1395.0
consensus_latency,ITNK5BRDrVzFctqCj3BF4tiqbYze4NY6DemlWrmGAcE=,1395.0
consensus_latency,LvBAWX27bGD8uqnGENh5ca0RrJnggUTElsII1JPRSLs=,1395.0
consensus_latency,M53WCJi340QhxONpOb222cuzoaOI1Z1YJlsnQUY73+A=,1395.0
consensus_latency,NWn0ZWYs0bau59oUXmjQpCX94VB5PriQD2V2ffgZBNU=,1395.0
consensus_latency,OoZXtTCNYQf5QSjqYBsDgtQ9QwM1zoxZO/UpmMzI/00=,1394.0
consensus_latency,TWXV9DYUpu8eyqpTG/A8U0gJylP0MY4adVxmTAlhrD4=,1394.0
consensus_latency,WIFEyLPMNijTsEgF4UQAbtDl4Gbyyy7CiCbogqfiSXw=,1394.0
consensus_latency,WTdp0PfhuD3FpkFTO65VIA2mLaNRUe45bAW3e9CuUMs=,1394.0
consensus_latency,XWOn6VsimRWkBvX6vYdBhzNCfaqLrQ0EbPiDPY2IgV4=,1394.0
consensus_latency,YHUo0ZIf0r3toIf5kHpv+Icz0+Dni2qb276eeHRPmYs=,1394.0
consensus_latency,Y5HZrC8TDv4ZoWg2VbKsGNXral26wY5gNIDyw9GRs6A=,1394.0
consensus_latency,Y93WtUy2wlpck09SV4Cw2YCdiN/5Ad0EhvS45QO6QO0=,1394.0
consensus_latency,aWtdylGexk6VvEEnX8RCkC7OD3lUthIp69pKnD5DHIg=,1394.0
consensus_latency,cD2FTNm6l+SurdmKVO4ZHU+Y39SmhtMaJu96C/if9HE=,1394.0
consensus_latency,cxMaZPsBfowqt7CUnudeqbmglBXoTBWt/0Wd9kB5Pzc=,1394.0
consensus_latency,epiTHmw09cAnC1k0qUhzbXdWnIL/HyMzuLiX/iN9u9E=,1394.0
consensus_latency,fIT1IeDGg1fk7+v4vaS30BMkUp/YFgkKX4OWuwkJeNo=,1394.0
consensus_latency,fZmLZwaPj3IHMYkG98HeIy2Wt64a0GfqwzdPM9ZJvbQ=,1394.0
consensus_latency,mR6G7MnTz5fKPt7egitArZ6L9XekYfaP8lpTWQSsA7I=,1394.0
consensus_latency,obvwa7FqBdY0jtwB+78oaykS9p5xA7wY7U6xjk8PjOU=,1394.0
consensus_latency,rXcxrtUfen994L+OFZ1SGYlUrAQetcYAiyOCCp9i0y8=,1394.0
consensus_latency,rluahs55ZBm0w6ejq54zZMC0xj/VhpqM4ZJGOepdMDs=,1395.0
consensus_latency,r4tvCXb4e43hk4Ox6cGBT7fVMpGxGlWfoAEhyAFfrnc=,1395.0
consensus_latency,s5ytP4S2fdNZf8aq5kocYL1IEs4IjkxTu61VUJ4UIrE=,1395.0
consensus_latency,t7zB9ab5ARQi14arhd3YCuqVQ42KXivFyahvfP5PdAQ=,1395.0
consensus_latency,t8wbVFaOxWW78zFB9kkCUkU2qnE5tXHWB4/d70Y0uyU=,1395.0
consensus_latency,vaLNwohTN429TfssV5RkWaOk0Ev4508T7M8MO6aFnDI=,1395.0
consensus_latency,v8GyhwYyVKLgBbOH4ZChnz7JjhJzmvtKEbbjoz5KYwg=,1395.0
consensus_latency,wtHFQFBX9FFjUkEKPJllGvZfqQt1cfnnX4EvGIxa4To=,1395.0
consensus_latency,w8Q4enZ1XFC81tBQFQ7x/gkDl9/PQdU9IKXjNEWY23U=,1395.0
consensus_latency,xLiYvz4/B6hm7TqWGgAixwEZQ4GnDnFa2G8h80a352M=,1395.0
consensus_latency,xhs/ymyQL19yI0zyi9W4Wj0jnQRaCG1XBx+KiN0V2Fs=,1395.0
consensus_latency,yu/eTxL+RLvI3UBlAbmTLMw1Zx/cEB5sV0la912WNkA=,1395.0
consensus_latency,y7HygxRrAHLsGU1pBdjUcEkq/SDfOgRuFZvbkcjLaxc=,1395.0
consensus_latency,zwkmWxm1idjYRHsRMV+afG5NvcM9dGEjRqVXj5/A3uc=,1395.0
consensus_latency,1Obp/uaailJqllnzC7AKI2pYZuvKk75JioQ/gpDFtQg=,1395.0
consensus_latency,39Tjqj3vA/j+zRKVc+3qQgrUcPJTxFtUMrrBUr2Ar3E=,1395.0
consensus_latency,4wJ/k7ebInF16nstplu3EtSQLNS/ECmwtll4svv9oPc=,1395.0
consensus_latency,6pvv2v3b6FvS4T4P6wQVBkg3WoGL24g66IBy/FA3qpY=,1395.0
consensus_latency,9+epB/qgxj2kEOVpjO7vslhHqbAjpB2mWitiQPNIQ4I=,1395.0
consensus_latency,/LrYVrrKBtPzShffM34kE8QtFil8yYWXl6OSREvEZ/w=,1395.0
consensus_latency,/6o62OMNkpGPij+I+REEDxlno2Cka+gVKH04rMdX+hA=,1395.0
consensus_latency,BgjXowDpxfE5d+Cfnk8pVXuqZgWcYImcQT2o1L+yK2c=,1397.0
consensus_latency,DuQcilR5kIkG4QGmi/fmV8900SBB5K6DRKXLIOHjz+0=,1397.0
consensus_latency,MsAAqJRxa6DVOPZfPAO1X0TzHcYLByMTpXneFqqsG68=,1397.0
consensus_latency,QYvwlhEyDQPxEQlaT4F1pgaj9KVzWTFZ2Ypu9GlNQ30=,1397.0
consensus_latency,Se8JVCZieFSaXcJtQKbRGAqmH5oU5cHe0bCSw4+YLqg=,1397.0
consensus_latency,27tOdUfcSocAemvUEoCtC2uGLAx537ZR3lQ6UIL4WJQ=,1397.0
consensus_latency,+C0kUYt4JUvG5SJz9VFG5/jEpT1MPQLumn+uu9xHI4o=,1397.0
consensus_latency,AKqDxgZf0fBdj9wRMYZKfzhz+uPF2FTr0CqfW58GaD0=,1334.0
consensus_latency,AKqk76KcrotCKNqE8L6jV2T/XTyeun7iJxHTzL7lhrs=,1334.0
consensus_latency,BzvPqUjBKTVGG2D5LxSL0u0a2orrYMd9m5IcVqicP9M=,1334.0
consensus_latency,ChyUZ8k/6LZtCkJrwwexIE785/iJVSkQvFGIhFqGLPM=,1334.0
consensus_latency,D+Rkojgv54z8Fg3MzhVXFJYYB7Qlqgod4Qv7l0XdMzE=,1334.0
consensus_latency,H24berf34b53+X+MPZgTjyQ4uZjx5uf6REdn8bWNWZc=,1334.0
consensus_latency,IHNb9wd1Y3jXbnq7Kyvy60bNQvL2hlPNDpQxHcB6Z3U=,1334.0
consensus_latency,KcXq3+813Hm3w+WcZ3/yoTeHFbn9YIYKn1OaBsQXIJ4=,1334.0
consensus_latency,LC/QEuSAaR2SJSGiYktPGcyZvfbUQQtXQ5Wv1dY9Q08=,1334.0
consensus_latency,LhPr9GZF5WKRz1WczEUjeyZy9zVgePWMgS+XrD/zC1M=,1334.0
consensus_latency,MIzk3/enwjP3EmnnHVcy94Vij69dahbjH99D6deXg1A=,1334.0
consensus_latency,Mp/Rqldhm9hWEEhJ9wF2exfe34DRG8N34CeMUp4AS8M=,1334.0
consensus_latency,NFhB6c7iT8fvTBRbtV9PbbZREBTza/ITwTsGGgcqpmY=,1334.0
consensus_latency,PulBk8W4Johu/+6ekyBcj9OimqXWv/HBpbfCYRaVm/0=,1334.0
consensus_latency,SyAcqbIq+HPjW/AyDO+m714ae1qsjEk8BT2Ub/ksNdQ=,1334.0
consensus_latency,TbHFM+Ytl0yTiwgGsDL8a4fnuJAfWHhR01e3Sr4YKg0=,1334.0
consensus_latency,XofNe6lTrs26Xk+DXdRghBnNVw0NNJG5MpqGKGLQAvg=,1334.0
consensus_latency,YPSiwvYK8xlomTnEdqJV2BMmjytEZKqtMsV5WFABlnU=,1334.0
consensus_latency,aneAkRD5j00jtg04f76oiFuRZnUYnFRlanqKS4DC9IM=,1334.0
consensus_latency,bQGjBzTn7k0uLkGubvqtdnN1/gCZvJ0Dvte+nBtRqJY=,1334.0
consensus_latency,cGSth9kCgjnwRzrR2zAFVA6O3mpIQ9cC2m8yoYQzL9Q=,1334.0
consensus_latency,ipAoa6GFBNq4zuacU6i6X3PoztPEXHUon493oek7+ds=,1334.0
consensus_latency,lE9bhwhrD3E6EsOHuEMr/oZzyC0IxQoLpTUKnBvp+8c=,1334.0
consensus_latency,mLQzokVK+tbdlO0p6XJRwudlXatc6Qyb9Z+dSQxYzTY=,1334.0
consensus_latency,o6tcYDkhjAe1+W385HjQsQSYD2HWeZnvc72G4DwbSdw=,1334.0
consensus_latency,tGz21b9D2Ypwq9KNEcTpMwGMgbmDNchNU3cUOMuEzfk=,1334.0
consensus_latency,vozrt48+AeojctggsAEPsiQxTMVEYzJZP+0hxjogSVA=,1334.0
consensus_latency,x0+5+GBKXau0POOHJ/wLTTfsxMq6naB97CKik0VCgIo=,1334.0
consensus_latency,yMhQtpFgeltljQFaWRDmU2TTArmCbJONMu7jk+Ii0f4=,1334.0
consensus_latency,zADPONhCd5fqY8jKlFC3MmBo+W7B9bJzM5KGxknURtI=,1334.0
consensus_latency,zi4Egukyr/2PMnLanDlaUXtXMCVrU703GfPfu2Bh/Ow=,1334.0
consensus_latency,1V6JyKAf3qPX6o/tr5daq2xgRal7G//hG24xxf8lm1U=,1334.0
consensus_latency,7qrfuEN82bahg+IiU3JwKMp4DYV2y0q+skg82qATeQs=,1334.0
consensus_latency,/y4ZZacLihHn8rogNurtGuDv+jg5G/kddTiFP9uNwPM=,1334.0
consensus_latency,CQVX/H4R01rWssGxQsL5EyFet3YpBpRSASTNXjEUJNM=,1389.0
consensus_latency,KRs+CZEVkliQ0+hE0gneYCyDL/6Oe5gh5PGf+cqQ3Fk=,1389.0
consensus_latency,TNltEgKaRo+0ytnR2lgSZmPgH1lZqcDpMAB0UZAKS8M=,1389.0
consensus_latency,YCmCCOLh6ngolWTYJvK+fTI0DYJq2sevwajadqnlhOc=,1389.0
consensus_latency,ijfnWoiszHlTaZG2VWjcrxbidaEjm5XZ+BPaJLYZiT0=,1389.0
consensus_latency,nhhcTayfhKCFScld6MuJ51A5y9ywPz3kcBcNEkXXw3k=,1389.0
consensus_latency,xJLRvaHew0kAW/olHuWTWvv6zpEcWxRkwXUxo25bXsU=,1389.0
consensus_latency,6Hy3IgMQiO7aEAG5Rx5+pZyLgNP/LHjvA4oMx7WihGk=,1397.0
consensus_latency,CzeViU3Ki2eEQbdhuB833a++LEfKlwE+g8ieuNHaaq0=,1081.0
consensus_latency,jTXG8hR3YHPeFwwQOCitu6SkuM6kxG4Z/7UqdMF/dzU=,1081.0
consensus_latency,BtIfneYLjVFyb189diPYWzKnI82h5cMHuimTiwIud4A=,1083.0
consensus_latency,PrL+pLLsDjUAGkvWvMB4PZYRB4hj4IYVUZOSyoYGr3k=,1083.0
consensus_latency,TC8uqVoSZMoovPkA/NPLN0xNw0m9yFoW94dfe47wxMY=,1083.0
consensus_latency,YGcF+mWKxvosWS28NE8APhSCRZWurJfxYe1KSSLVIvc=,1083.0
consensus_latency,dNvM1QYANG6nT6J3Oe5QNqeqImK9Tesv/19rryjo7wQ=,1083.0
consensus_latency,iQ20wryb/VZMZqA2WLqf1Y78y6+yW4I+V34lKxj8Mzs=,1083.0
consensus_latency,7yu/C7pSkjHdpYbe6hpDgzvKk3Ap/8mHA01cjQPwTz4=,1083.0
consensus_latency,BVSvFXamxlxO+OnIcPbNLpUIRr7a4ORBCtmI0QTg6g4=,948.0
consensus_latency,BwPrr9SQs6Bb/Q4i7rQBOY5yIv1sgjXGE2EKC0uw0j0=,948.0
consensus_latency,F0BBrVFjht+VdC2w8diA/G16TjNNo7lqlnh63kAEG8E=,948.0
consensus_latency,JGLa4DY8uj0fDL2445Vik1fqD1pxdBgb+SPycxTVHvQ=,948.0
consensus_latency,KpXFBP+vFQgqNGCWGROiI4yz9jBrJYRBJ+H9nyZC2sE=,948.0
consensus_latency,MAkODAeXPiQ9O36/ydjAYlsIgoaA1zkzgrD+m0D+BiI=,948.0
consensus_latency,MKhcY36mm1/h5k3m38GxegoRgpqkotHieBcATDWYZT8=,948.0
consensus_latency,OjhEw19SiGaoD7cGV78u1HTh05qPmfdM2wbK1X6/nl8=,948.0
consensus_latency,OoTQY45/DS07Wb/h6GQ2r9EeSGypJ6+BduESZ8yj97E=,948.0
consensus_latency,Ost/5MfC/03XhuyiZbY9H24Tsh/85zVaUlQJtwATNhA=,948.0
consensus_latency,OznQuJtfOFrSK13P1lmFThvq87d4nT/dqQCFk8GYfyc=,948.0
consensus_latency,PLVW+s7mvpAb01pmSxm6+mYNGl5gct4JnHcbMD+EMQ8=,948.0
consensus_latency,PTCT1T49+Fi4IF1Lsh/0lTdTlhfaQrTqgL//j5gXKSI=,948.0
consensus_latency,PcAEHdOAvBdXUyv2/0y1ImjFnFx2Vw9KaMu1rhpTyiU=,948.0
consensus_latency,QGs4wrre25BqS7+o/rE30b5ubvCKJJ0IfoaONqyQKK8=,948.0
consensus_latency,RRAZ8X/jNliWlU2IiZ7TpvWBBzNxFfrw3cu+Wmc7GoA=,948.0
consensus_latency,Ur5QBcBYyI5AAcwIzn7n95/+njkRg+7Er6ucS8bW+FU=,948.0
consensus_latency,V4AjToDDkt93hFjNjS6/OTyW1gbMPj8eiRBjv8357hQ=,948.0
consensus_latency,Yzr5SJoHv8dAsjmLnKs2cRCMjT1giDTxykqyVjXkAwc=,948.0
consensus_latency,m45466rAcC/F7ZmDrGZ7JO3X4+Ay8c2cw5PEf/M6nDU=,948.0
consensus_latency,nJNdpQ4oa4sccq+enFrrgCL2hCtLpvP+QPl6zy/Qytw=,948.0
consensus_latency,nfRtwcB5nRVMwyhXuHfjq95F35in2/XRLd3lFeqqC+c=,948.0
consensus_latency,oCi+EiqQXQIMIPJ8ahBlAV/r48ymnMzMH5FqKvBvbHU=,948.0
consensus_latency,ovPVEfeKuh/x3F+jTyGZkaNQDqF8CBtumSLGgEp6mnA=,948.0
consensus_latency,rP3H/B5lk1UN4F0SBkDGfSmvpkqZ8QsKKtsu1KykQMg=,948.0
consensus_latency,sAyl97B4rr55D72QZ6fEHCvf2wyQhmwsc2jP3GhVvRE=,948.0
consensus_latency,uXWg/vj6Sy2Bdkc+USp/C3KLcM1EMyg2cPxK1U5208s=,948.0
consensus_latency,yOIlTqXD1p1sy/DaKzu8YhrpzY2a3ugMYYeYnFxM9cA=,948.0
consensus_latency,yT9IEsTw9E/cn0uE1T2/u3yfchrKobs455Q5b0b1C9M=,948.0
consensus_latency,07rHYp4voPGiRwYWPgsiJbrVv4k22OZwqA/zDIuEwww=,948.0
consensus_latency,34X3mtb/o0SAGMUrBCeOAnjd9lu7UXd+z/q3PGOMQ8M=,948.0
consensus_latency,5QNdNolGopgKJ3XjPCMaIftgGdQqrGZCB9riVZq29pw=,948.0
consensus_latency,8xlPm4TnNs/mLJk8cou25BmpOMzjBEWaYiiuq15AZgg=,948.0
consensus_latency,9UWzEotV02Uz6KPY6SIu4ju5wbnc7cjMx7lSaZh4XjU=,948.0
consensus_latency,DLj5l19Gh+z5rA5JFzTAaJ/vjaQjo1DzJ6MYhuv3bHs=,691.0
consensus_latency,FztCkGdQjD/gyHWtopuVlf7WZjm06MlzH5Z8lSeTx/Q=,690.0
consensus_latency,WB4nLzZDrb6uVx3YGYPlGth2YkKZPkeEPWZWW9CfMik=,690.0
consensus_latency,WTj34y5np4p91OeECOAlala37cDsge31FxymhhoijTs=,690.0
consensus_latency,ZTTSE12So70HUefkF187Gla73XnGj89ZDzVfdNTnDZs=,690.0
consensus_latency,l5kOaNNb3E3VDOhEW1myUCO1kCvx6EQEIPLBTKvBZYo=,690.0
consensus_latency,zeFL1GGhLeIlv8Qf8n1IOoVqECRYF3x5ogX5MOt/3YM=,690.0
consensus_latency,F5zWnDy+MWf+Ry8GO7guka2wGvMd18Gl29TCEsuy5Mk=,2831.0
consensus_latency,ZKnHmhVt2mz2Tb+H99CREszRwJUX7uRI6d+zuVL8WXc=,2831.0
consensus_latency,fngm5T6u9qSpt5vcyRSEmuDFrODj/p0aDcwZz4ISJ7I=,2831.0
consensus_latency,rX7ZmKfCWj00fEnNGuahf15kmYScsj6c/Pg95GxaQ2Q=,2831.0
consensus_latency,/7LtXSZeT97S11E8fnKyJ72PTw89xj+NlIxOHgPq/m4=,2831.0
consensus_latency,kYUvLUDdcVuOef+awbRjDnWHtT5ESPUmLSTuEqd9PnQ=,2747.0
consensus_latency,1tqKG/hrDDjXPhdOIWBvLrXrH4QI06tkl0tLGEqc8hs=,2747.0
consensus_latency,AWGWE1BrZcDKab6RXjK5TvLoaXz3M3DcOWwepG3u8EI=,2384.0
consensus_latency,B+RmhXJm8NxpCmx7s68AKyjfm3xwPh6kvClallAOGqM=,2384.0
consensus_latency,CVYCuhOgyEyZU/R2AYWAAueHaCu2n5DGNSHU/XWMJfM=,2384.0
consensus_latency,MeMS+w/ADWcDqoWNFHSF7XauMR+BT0eCBFjj9QilMzw=,2384.0
consensus_latency,MfMQWaqPbNKURCf68E+wf/wyTb9ek5mVzdpbPoy2MVE=,2384.0
consensus_latency,rRquESRAgck/dZW6iO6cZTCNS+HIFLDGy+ktd6YSoMA=,2384.0
consensus_latency,2amxSSPU5cT/bRLpbU42oXc2pOeZqbzPXBcYLYFxr6M=,2384.0
consensus_latency,EP8mrIwNatUM1eSiKCGethroENe935VWJW9fnkLSJmY=,2384.0
consensus_latency,GaTmaR1turLVlsQ6js28zXPHEfujwDgtbm0t0Lt3MWo=,2384.0
consensus_latency,Jg8JLLHQ/T7XIehbZrhLL4wnQD2zHob1jsNDqu3cyaM=,2384.0
consensus_latency,SOxBGtXTcNgC5+y1R/Z0b6Fh32Hxjf8nrLjse2lVpTU=,2384.0
consensus_latency,TZERHS38n3kjOUVd+1OgK3ATczBbDZYUqLF8G9KADWI=,2384.0
consensus_latency,VKVwXx7o1GIkkS1BBwg6hnA0JgYi/6YXI+JgMD3AaT8=,2384.0
consensus_latency,V05tAU2txXNrm2HiLahpP41fdGfFfnrIAwrOrr8CPsw=,2384.0
consensus_latency,ahH4oYxUEwRMTMKo0h2gCPN+dKHmA6a+M1mP7Ujnuvk=,2384.0
consensus_latency,bz62umddxIGazRfVvO4yfA6GXTJoUi4ceU3uStyxvXk=,2384.0
consensus_latency,cxvGOkOGSaUXmbm7MCbTv0jn/D+6C2ydQUpBAQfePQw=,2384.0
consensus_latency,jh0igh//xPmNvI/QVIoHw6fXo2/5FbKjwqAidjdoaeY=,2384.0
consensus_latency,kJtcUCoJP0s13MWJuwmmdbfUZ3IjD+Jfy+UzLvJFMy8=,2384.0
consensus_latency,mWXgG7knfS2XkVGN2XNPgEBD8Y6PS1kFQ65PYA8YQC8=,2384.0
consensus_latency,mZpo62lLIqN6aSZodwU6epaIMOt4XappvKp33Asbwn0=,2384.0
consensus_latency,meu/YvPrDib4Sy5R9WYiBOsHJYgxH4A1sYlrb4TgIno=,2384.0
consensus_latency,n7a5pvRnWCmp2RnbyjEGSgkIxK71GEF+RVv7SShSLyw=,2384.0
consensus_latency,qKY0Gslgv5fm2HUFMK60Qncni9xrNhiIxx8G0XA7neA=,2384.0
consensus_latency,rzoy7jOcvwefDzDzz6aqsoSqbfDx1ovHVyT24AEGJxU=,2384.0
consensus_latency,tmTSISgtvNN6PBCONdgRWw8ImY9IbpCNXmZb4X3Zztw=,2384.0
consensus_latency,u/0ICxoCef60Gy2D6RQKpESsaVzY2B88KS76l80NafU=,2384.0
consensus_latency,wNuELcucu8Eb0yBXgVhruKvvTsAsIlt2Uh22EFt+3HI=,2384.0
consensus_latency,yu2zy4GlRaRL+U8mP1bEM1bgxNm2xZ+GMH6elH58Bjc=,2384.0
consensus_latency,0Xt4cxLB3d4ygqQRN8cHFjhk+DNWODI9f5SPgw2ulEw=,2384.0
consensus_latency,4JjQayDEvYpTyzSk/spZyGFUwJvHYonD1GXfjhiUUmY=,2384.0
consensus_latency,/UwZDkeG2AQn+BFQ4nXzigb1x9z+pMwTpheFfNySgzI=,2384.0
consensus_latency,Jz+VG9EuVKNgaBlUAwInMJHaHBsMnPhbuat4/m6wzcE=,2382.0
consensus_latency,OciPPGAZp7TDbEWCYtKQCTPK2O8mmJd3tfo+cpGJL5Q=,2382.0
consensus_latency,TrUYOgJ8VFZOCTs6vZb5MqXrbtqILzrewV+pX8OM/s0=,2382.0
consensus_latency,oCeU22KDBQFvoJKCGYK8klzA4Ri9aVHqgoDyAiXuTJY=,2382.0
consensus_latency,yO9fBnJc9LIwz34loJtZGulox8pjQ/lXJ9UIGY9x7yg=,2382.0
consensus_latency,1V6Szo2HGngVd4gYOeJrc+tK47lewlD2UQopYmcEwfE=,2382.0
consensus_latency,14VqoONtXdTdUN/bOJhHtI5mLVi6B09ZYV9RrG3wkSg=,2382.0
consensus_latency,2ytnRiI6ZxyuZwVdUEnFrzFtziKb8beaQnknwC8EBg0=,2382.0
consensus_latency,24mnf4aZ7jMg1w0TL6kUXei7lnWfPxAaLUIVjQiDjDg=,2382.0
consensus_latency,5ZZPUHvpP7bYZ02MSn7HeNie7TfXK4X7IPno4li9e8U=,2382.0
consensus_latency,71x4hBgOI2Vp8aDAfTN+Y/oWDSn7C+AGyKBsFMRzAxg=,2382.0
consensus_latency,Dit4ixcInl0FazzDUAnZ+4igOTZ2L3Oq8BhbgH5x4Es=,2383.0
consensus_latency,PLWAcZRqB5ZQV/hLPttouvir9gxrNe9zIXuXwA35Vd4=,2383.0
consensus_latency,W38VS7vZ80vA9Wg65UonwBTxbbl4SF0hvjvZhwaeqEg=,2383.0
consensus_latency,ZdzK6q5P7ssHj1UULY2zPKo4UMQF+dBi03WQp4WwfkE=,2383.0
consensus_latency,s2w2K5AfAFD47oEuRK7pbEK0adFrm05b2zjP4TS3eXc=,2383.0
consensus_latency,0tlzRdFxG1JaXGwFLGry96lkTsWYxa26mMgOAP566tg=,2383.0
consensus_latency,+E/hK6nuaoJ4NAeNHYOLRXaGRSFNr/jKe0NjyGpDGUU=,2383.0
consensus_latency,/bdmYQk5OzWbB42J7qDiDlDDZux5V9KcYwdMDQceAiw=,2383.0
consensus_latency,a6T1HMriAWhqWapwPu9XGpZdhPflYB0T10NGzBFfktE=,2358.0
consensus_latency,L+HDbc/WgKnCKRYnR1Njnx3WgGk4IdvJ3eYivouUbIY=,2383.0
consensus_latency,OmBneA6NcBwCmZW/+j3F46rU2BYig1mj8b7yEM+GIC8=,2383.0
consensus_latency,SYvzcss0+IGshclgLVV/5I9ITzPFMi7t3PmHAI3GH1c=,2383.0
consensus_latency,W0pqAwSBS2jqzY60cHidXB9PBYcbgfV7cfqZxziuGYg=,2383.0
consensus_latency,X+pR/s/vMe4oAmfSvvASbkrI6uqfzwZzNrh1LfUo9Zo=,2383.0
consensus_latency,fWHkuWTzQVN45ylXLAY4DA2wyyDE/Q3HOe8tWPVtUYQ=,2383.0
consensus_latency,gJVJzkjosc9a2DPkBEOQSSfU4uwn8UgAVKiOMHDYaUU=,2383.0
consensus_latency,oBfpEvVvcxzTyEzbIrlB25N5EJ/F+Lt5nY002pCJDyU=,2383.0
consensus_latency,zNgTU+qFJhZI5x6c2iCoD6z4zPlMcKTkr8AR1KjBWpQ=,2383.0
consensus_latency,1soZh+Um4qyeALLx4GmJqi/Mv13M8qFC7kT9p45KPZI=,2383.0
consensus_latency,/5OU3OLj+/T3OMBKiTpuTZbQC4NBxOFsY28qz2pigBo=,2383.0
consensus_latency,AUPKARZm+nDHM9/3lB3/xttVys1ubuaAWwbBEURzPHQ=,2382.0
consensus_latency,EHdXkPAJFHdvOfdVHLkb2XBxozsCiFqceQupJcmKjrA=,2382.0
consensus_latency,GVef+m93VnVitGmURNcHvEnQ7OJbZNy+AIPBzo+e+1w=,2382.0
consensus_latency,LLHHsr5QLjEQhlzWooV2X0IBUMCSeVce6AzKjx9tMVY=,2382.0
consensus_latency,MYmseRP3bv7maBKprMR45ygPEIOO6DdskEsOZoyCaCA=,2382.0
consensus_latency,SXXiZ708WE/VYbZEXDDWy7P2yKiNUUoRvPOHUxt2GAQ=,2382.0
consensus_latency,SnApDcrxw6RyS8jnHg0OexSo4UATsINYBYGP3uBUwVY=,2382.0
consensus_latency,UHHnY6rNslSaRAmPNPnlZ0b+6oingpMlv0mwb2cmK3s=,2382.0
consensus_latency,c/qhSw5F1kiSg5R6EDHUtEN+eZgFZ7GQ7nU1IcdZ5z4=,2382.0
consensus_latency,jFG6RpGv7F3GVnUeDcwiuCBO8Bz56DOZS2O/PhFaqAE=,2382.0
consensus_latency,nmJ1v/oSJOZuwEs1qzDoq3maDHhj+eJYULwdj6EGaak=,2382.0
consensus_latency,o/o+7lvdF0uowe/UFntaImtMUrGL9vlCCE3tIcKoa3Y=,2382.0
consensus_latency,qNe4/cJKGiYIDrFuGvSVRDFRH4NYeAjqk9vBE1JcUN4=,2382.0
consensus_latency,u7SEmpuSMWakRa0tNOHWtsZfP1V8UZDvH2xnNy+qLSg=,2382.0
consensus_latency,/WKwat6lI4frVsYdnIM6KShMBTTRdhoLRZBuAmWHQPc=,2382.0
consensus_latency,/jmJQKALaybh26vJcdSQQ+W2EOpGyW++mgIJUUCBDVU=,2382.0
consensus_latency,M007fUGL9wJt5CGSlhr/24UrIddzertpMZu26ZOQPlM=,2435.0
consensus_latency,n9oW6kAks9CRd87RursrO1tbvmCHMdEZQbfxZoosvos=,2435.0
consensus_latency,qY63j29ExIoVHBgBbQu9o7bMZGW9dJsoD5q1Yyn6GII=,2435.0
consensus_latency,RtWNTvVJt7KDZzfTU1QEiQ6k7tAM5a6pHlPMMpRdUvE=,2162.0
consensus_latency,Zt57qr9xnqvXRsdngBVoq+0J+MPMsQlMB+wbKY/lJOg=,2162.0
consensus_latency,iyj2IITFrM2ZBSkUsuLGsdjVteso5CTwF9BwMhvG29g=,2162.0
consensus_latency,ljglIzsCtUwkqrFIF5M02fuM3YI0QvQoJUxUim79ByQ=,2162.0
consensus_latency,4pq/JG3uxnewEgrvCEHzuvmBLvU1ktoFUapWvqic1CA=,2162.0
consensus_latency,AqSXADfcFLMToBkVngrC4r6M81zftRdQJZGeBZe1fbk=,2110.0
consensus_latency,FfJd1XsU4HlurbzD6yqXUm6bQy0AptAN0U0+7PO4xFk=,2110.0
consensus_latency,IQwS1N4tS5TxZ5mcW8rKLuARMtenRC3GKThVA5o1AYE=,2110.0
consensus_latency,IdKNYDhB8TI0kJ5gwB9PclkDXJhz5C6nVQDIGhuPHtw=,2109.0
consensus_latency,LWF6nxedRFSXuXdumMj5R0n7Y7vqp+Lk56FzYkkLnn4=,2109.0
consensus_latency,u7EYHsq4hmWQdIZ9DmnMOBZZ19+OTtwJEKd1vcknsck=,2109.0
consensus_latency,zJOCxWHdxqgqquTAPOCdRgplfUDCZxjCUBl+CTv9jz8=,2109.0
consensus_latency,1QW2nZqCMMLXnot0iCJNYvhVMVkFzgwXSL36FtOUArY=,2109.0
consensus_latency,Bk76rVNEtzMpUtNpkL705KczXoYqii5zsnLusKKzlfk=,2109.0
consensus_latency,OqBqUCweS2oMUpKtZ2fegqHQFVF+gsNjJON0pa1PE1s=,2110.0
consensus_latency,T3Xbv0grwE44t1o6BQpU5wk3MEojGhuOCaVGJn0VyEw=,2110.0
consensus_latency,Z3OOeoKGr/DdoqQSs7XSt/i+NAwjVcKoYX7BNUILRf8=,2110.0
consensus_latency,qoMaIQW+P8TXSQAsiEsHf1NFpQoaoOtmhOUhSEP7IWw=,2110.0
consensus_latency,qsNJY1rLuHFW+yDojMhA6TLYDAEQJYpqo802zL14Rus=,2110.0
consensus_latency,3RpNU551SFWSoMC+/lYV6Uk/H2pkz56Wrz00R49aVYY=,2110.0
consensus_latency,4hkScQtxW0vEr1lmIJMcGkj2XWpOM+Ws24fR9mR9B5I=,2110.0
consensus_latency,69wJaYwvgfC8oJLH5aMEsssgQJCz5D/MZkzfPyYyHrA=,2110.0
consensus_latency,+GUsiNZ0gQOWiN9ddx9SBVT9DbqsDooql1gOYhdMw/Y=,2110.0
consensus_latency,/LVBWjWJ6P1wGOt6Yo3l0anOJJDiqS0piNHgSyc09Co=,2110.0
consensus_latency,FarLCgcCbOUn9iHYRAs8y+42wC1HMkhiv0A28KSXs4A=,2111.0
consensus_latency,IRlMDys0F0Q/+u/WrKftn6cDd66GUARpmK71+8JMOoU=,2111.0
consensus_latency,QKb/yHeg0IonR6wxP5A6ApPMTeWkyv+UHNAUm04wf1k=,2111.0
consensus_latency,RKzCrrQzUek9Q94DfeQcN9Ukn4WaZDkbKOt4SKzM5oE=,2111.0
consensus_latency,T2LNvxUt8DZctBdlyBYwojkTeKjqSx7FxLVVi7t3fyk=,2111.0
consensus_latency,cf00zy3u5SRKXnPehwDNhqwj0jpzaWgWrCR9wZpDUXw=,2111.0
consensus_latency,eVV8Xhrl3awPiDIOz8qdmHkkZFdnJkHICxmPAv6sX9o=,2111.0
consensus_latency,nm4+aH0+YbNPz1b6zyPt3kKg01lezLPRBtCad8/8G7g=,2111.0
consensus_latency,4K+hzImu0BDO5ONvTz67FxFpL6kGl4RkvS5+aMy7xIM=,2111.0
consensus_latency,6l/p42aR/SJ1Xh//0Xny2ROy3Z6hygLjRPmCg/LafKY=,2111.0
consensus_latency,7rjVP9Fs0QB/Pyu7p2Xe6eYps1mAnuppneXlD3lC5Rw=,2111.0
consensus_latency,+yi3H3yf1NP19T4R6jF0oBoqyrkSC41LMHuWNmja3j0=,2111.0
consensus_latency,DTi/XTrt9cLzxcL+WFuiEePrLQ5NeqdAL/DtaV4JeSs=,2110.0
consensus_latency,DlWF2mwcRiWo3dq0wldFkohrbCiA42MeVbKksCjnFO8=,2110.0
consensus_latency,EAXh++nSREGfOGaXYhbtATaDYzlq4xvtFVTPyPM7V48=,2110.0
consensus_latency,GhJrggtBrHQA8fUmbymhe66iGeMvKxJfElGDtUMN/98=,2110.0
consensus_latency,KwSwHoQvCSMz36aGfon6kjLfETqlxJWWrGOqRDbg0u0=,2110.0
consensus_latency,ZJVUqWqklWb2gkvQ2Ou4RY1DxpN1TTVjB3kq1y5Teg4=,2110.0
consensus_latency,cLPITxntQdedbJQPXZdmHL9J/vZyAMaBcv/2Gk+U2Yw=,2110.0
consensus_latency,er96cBTxszIYgGbIqJm4SsvB232RwkBt/vhFTznfjC8=,2110.0
consensus_latency,j6c9Nnx+qshSuRZG1TCEMu+ZnxlzwuXIa4Q+jVX4GX8=,2110.0
consensus_latency,nGB6qiVGmGor/Ynpb1H0EtI+a2HbNlYlYXfMBzqDJY8=,2110.0
consensus_latency,nU89WVERCO8basr6gQaX7UgpZYG9QoLC+jz5prXE75E=,2110.0
consensus_latency,pJQE61jNo5dOJS5CLO/GLUzXsZW837fdLTq96b5vQm8=,2110.0
consensus_latency,qJ5Wb3pyd1VOni2icA6bdakifTRccDdBB5kklseqlys=,2110.0
consensus_latency,qwtu09DQLhHSKtOo2/PhH/t2PoBY26ErmdsEU4Qz+yg=,2110.0
consensus_latency,q4IpTErgHLR4kiMLJjIGqAXmp5VzTcxDFn3x937kKps=,2110.0
consensus_latency,wGC4wTJj9mVrZSgqdsVhA/rY7pEwZZfQ4guXqCzahng=,2110.0
consensus_latency,xhixb8OvVoluIxaxfsBE7flLG/HzC6zoorqlUhCLx2k=,2110.0
consensus_latency,0BiQHxwdU1m7qrjmYvinrwiKO/Fnp+F4Ear/EcCTfB0=,2110.0
consensus_latency,1Q5lvDqTkC0v/cb/6UpsC/8TdzZqNbba3sRE+IiF3cM=,2110.0
consensus_latency,15mWDeiUwNR4f50ZS4PjE1GFAjYVvcRzXoHVmcznpXY=,2110.0
consensus_latency,39uis2hh66lWlSpr2c6oB7h0CQgfdyvzu5aZwi0iaZU=,2110.0
consensus_latency,GsUJd5dbGzwHPYdgcaimkZcWMHjUcveUwhOIYoi+z4U=,2109.0
consensus_latency,Pq/H/DyU8VzlcGwfX7mWXWHocdQjNKiaSlFniFNzzZI=,2109.0
consensus_latency,ec284ZDvJcEKIUtEwh059BWDyuAHzL/LSx38Q8VqrS0=,2109.0
consensus_latency,hJcdzbzijfbI3o0j75VYlIALsIHrzUvnVx2z3Z/M2j0=,2109.0
consensus_latency,iZZ1zkwTDFx4dBvQe2iWQPEE915XWbusq4H7o65gQAA=,2109.0
consensus_latency,rUJknG5NnP3ESOvB3HDF5u+u+nAEo3PfvrsIyBQbq2o=,2109.0
consensus_latency,rcZyTyPTNnsa/aVjpqx9VYuViKyVMoHzou0pPw7ddVo=,2109.0
consensus_latency,FIw9yVmvZ0Ea/0i94FSLx8eFhGrwJ4W6OdX3X569uYM=,2162.0
consensus_latency,IHgU2g095NfPYWPmG6mZ+09CTYPybwXoQcwrw/Zh0k8=,2162.0
consensus_latency,iwj61ecA06ABHfw4uz3pgl/MvxkiBLx/439kikPsAp0=,2162.0
consensus_latency,DJNz3IKWEQl08TpGEUtBdW5Yr7aUrIso7TgXTcfgf5c=,2110.0
consensus_latency,E+N9vAm5Hi9oHhhBnJAOUAFH/pd86F4cOT9fKwTtxXY=,2109.0
consensus_latency,FWqfVaC9FzgJiz1Oc5yMJQ0/BuCkszaypcMwf6rqWGg=,2109.0
consensus_latency,FzlgvI5z+i3/dWlJwqv3/xP448j6dJE5IEj7FInNfVw=,2109.0
consensus_latency,JAbWJTZ94yN0mnHzUwZepYrneYETI0L4UaPaAlVsqXM=,2109.0
consensus_latency,KHNECkHj6krP3tYjC3CHNtZLN31utIhsfWMvlKE6RBA=,2109.0
consensus_latency,OqJ3eA+h8lhurqx3RK2wn2pXArb+HDoKNlCI+Hxn+sM=,2109.0
consensus_latency,PguQA/T4HOfRFaPrYxmKfljZCFwWXzArp3kGq/ayDtQ=,2109.0
consensus_latency,RsXlOjT8y/FJJpifbgKITz3kR1H1OGIakj1YEEVl4Dw=,2109.0
consensus_latency,UE0Z9IrjAN9U0D4JXYWfi5+8R4srvVWJ7SCuxIzcO2Y=,2109.0
consensus_latency,bE5B5t9UQRPJ1s/gQu3wO+k80uq+KPoKNg+Ap7ElrRQ=,2109.0
consensus_latency,bheREFvQSjb2VEaF7g0aAlyupz5gE4pfxE23lFDLHrQ=,2109.0
consensus_latency,c48IOZg4SZ0WbDMjgh9pvSoqDgkFVZqPzVY00nFyYew=,2109.0
consensus_latency,deDXYI1lc6dJPMyFufsSJ43hu5ZChWWeLtJ1llRhD5I=,2109.0
consensus_latency,hclazj8+fCXbzKJYBtYFZ5b8ZHnsQW8eOV607RhILMM=,2109.0
consensus_latency,i+AMJLwH6dzAqTbXUt6lzvr7g2tQ3NghvvSayxs4c+E=,2109.0
consensus_latency,kZ8QcKPvmhzWWfOf7R9ckPUMKMRrJ2s7UwVIv1hMwAE=,2109.0
consensus_latency,qjbS841bhrlSmqvgxpB6OFSFNTic0B6NV3tI7yL+Vxs=,2109.0
consensus_latency,qsir9GWyYF4BfZmDdeek8V9oK+T9L2yqcSRwK2YslhE=,2109.0
consensus_latency,rw5l+kkplC6GEL/+UUwLygMbJzcyh4cCCJtmH2xF3Rk=,2109.0
consensus_latency,yUVRvwg/vOS3KEmeBwkgsBEHja/aREsQnaZN1qYhx+I=,2109.0
consensus_latency,zghoVj5Zbk1qGICFbkVThX2eYaHPtHRF1eKUDsJnDrg=,2109.0
consensus_latency,zynS1uUDCW3FRmVxPYZlLSMuuishaZMLMu9WSgP5rxw=,2109.0
consensus_latency,2YSe50KYOn0yULuFSjQ6m1Qyuk/lDoz8w3gzywA1VZ0=,2109.0
consensus_latency,5M4sALhJK8CkzqVLTAIkJmrjymyHAFRPsdWJhe8eHs4=,2109.0
consensus_latency,/mW0THBPrAfymwqngaMe+l268vTdLdk8P7jL82msGBc=,2109.0
consensus_latency,ejzoHy391dCpUNaco2fXFsg7hoPB3GvA5H7VgN1VEFQ=,1991.0
consensus_latency,PT4TPoek+Kf3iGgbzyUmSZ3NGv0kXadOFpp38wNyKjo=,1991.0
consensus_latency,lNb7c8WqzvCgWu8KD7RTiqh7RXVIdu7funEiQC3X0p0=,1991.0
consensus_latency,8ukwI2CiB8H+4lpR5RelrhZNDGvpz2Io2jSaIqCCdXg=,1991.0
consensus_latency,Cn5vbsagkkBQMZoYSYzYjsUGec7ra7cJqpO7sIJ7R54=,1613.0
consensus_latency,EB0JeYyp+1JuMtmjs+r0SImhd/l8eYIzA6fk7TLXB1Q=,1613.0
consensus_latency,KtpInxsou0aSTClYmr0DYUoD6igcdSxwEr5m8z012Pc=,1613.0
consensus_latency,OuD7ArOf4ur0adfiSqTafdEZ55ZM75onV0TzQZt8+7U=,1613.0
consensus_latency,RITGKXubLcyRQNwoH3Y23zRecH3xYnlJ1Zg5Ht722cw=,1613.0
consensus_latency,UNsktP44xiRiYlsNZGNwcKNCMAoXuQEJM/4Vjmh97LM=,1613.0
consensus_latency,W3nS4T7eBGUqobgasifP/v9rIZ/Ic/f4lj/mdGc4+tc=,1613.0
consensus_latency,XXv6Kd1I6Dc04XSok0QbbvnInUvnXAOo4kk14bN9xvs=,1613.0
consensus_latency,YwCPF52z6cB+vV+OuibQNi2j5vhiMNn9YcByHbEebKQ=,1613.0
consensus_latency,atX5MpVCQ+V1qq6K7LDrkcyJFmm+EkTDScJlKdG7TFA=,1613.0
consensus_latency,bg9C23C+U1G9IMeWXqXk/vcDR25mRlNrF4D1crGXdwY=,1613.0
consensus_latency,bsIdaBmYdnyqMQkV4ABXoyu+jUV3TtgK6x4zY65Ptp0=,1613.0
consensus_latency,cHOZePSmYwkLr/f+etNioeE6c/lwnFR1nr8qEGYB0KA=,1613.0
consensus_latency,gor4bOyqL48MswfMMSBSZZmpXodN97O4J0psqElKTxk=,1613.0
consensus_latency,hchLW5h/MuC/Fm0sBWB2L8GdpFMvxi7VtJbHsAIaSuM=,1613.0
consensus_latency,iZGZ6vf4ZjNCQbnR0jdJD2wjxE8bEKyius7qQ6mnPV8=,1613.0
consensus_latency,k3mFvArvnvEgSN0cPGLk4fCdSC409eBHdEabVbFFs2g=,1613.0
consensus_latency,lEitVr0qgiCRN62E0Zg4ILTWgKHEw+E90hKMZ8maPHw=,1613.0
consensus_latency,lM+GHmaKV3ZQaQDX3qXMygtQ+t30aKaV8raOGovOrSY=,1613.0
consensus_latency,nOQunaaBSxc7tZ5YqDvNKH9Byq/Px98IM5h2DGnaOEk=,1613.0
consensus_latency,nPYwTrFscsdzS5sT8wGL0/EgAR2mcOE7L9YyhndMzmM=,1613.0
consensus_latency,n/k08WCrXb8TtkjBupY6El/Cyz4xb2n6v5IXuF7KukQ=,1613.0
consensus_latency,p/aDMMn4SMKAg5UBgIT0tpjqIJmp8JDJJawr8kft4vo=,1613.0
consensus_latency,qX+ZNDhM5aL0Nd9mYq1atwtLlF0kFo91hHD3r+b2iec=,1613.0
consensus_latency,ugT5Z6ucVHNbNspGb0mPijV6wNsnu4XJiy0E3oTFJQg=,1613.0
consensus_latency,0Bje+wriR03BF5Ogi2l7OETAuw/eMSyAmYLaVTq8BAc=,1613.0
consensus_latency,0pxDRY1+dgiUp7NAFK+cAj5EkkiqtV38bGd6v6cehSs=,1613.0
consensus_latency,1MkboZxj/Jmfv2wBtvOX8I8o83nf8VZ8AhNnbcuXAT0=,1613.0
consensus_latency,3PdH1gX7+qIS1/hL2RCJtH7/9hsW2y5yM95F+ptZ1sY=,1613.0
consensus_latency,3Q6dfZcakriHKB1mxRrSUdqOdTdDia8vkpmLcvWRkFc=,1613.0
consensus_latency,3W2qEwCKErmtx43iLDEG2TMVdS4L0q92PeqGANVJkXc=,1613.0
consensus_latency,6UnyTLxyDF92gEi8XlYescniEXt2qBNEtAscJU4Uo80=,1613.0
consensus_latency,IHCK6c5x5NCxw/pQ/7IzTTREWSr6lrpK+oG/uP9jcXU=,2072.0
consensus_latency,JzKwoFl7ghhZzFuAuGIBlFbVGZKl8c3olGvKKi7EGnw=,2072.0
consensus_latency,XMhNFFkhePye1kqYPCz/RK+kLMGYB2r+sx7unQvvU0A=,2072.0
consensus_latency,y2nz1vhcq0pAhdKBrvV/pGoSASqwdY9mflJETIJ7vB8=,2072.0
consensus_latency,B/jBkJto1LLkXgbTsg28N+lkrts3vicc+/fDzdBWE9w=,1934.0
consensus_latency,DgdDl76A/fK8+xDYB8vQBAtEPfFsuqgTTHUy5N03in0=,1934.0
consensus_latency,EnKfytn8qIbEOEyMsV+3OZrINaT/avJZzMnMGdq4Bho=,1934.0
consensus_latency,GoLFpztXthmtoJHAwIe565IWklrThY8X91sN8WNWFZ0=,1934.0
consensus_latency,IRzv6zT4YuCWfJfBvlTO4TPCqaryvDITev1fb8RhjLM=,1934.0
consensus_latency,JbT+x288lez3EBN1mn6prt/smNFvUS1SnBz/WjhopWA=,1934.0
consensus_latency,KloCUZaukPsfOHUC37VHauP6rz3SkOhGrlOE9L+tIQ4=,1934.0
consensus_latency,MD1Tcqg94AhlqsSkpBTqm0rW8lEv8vTBmJgsE8jGA7k=,1934.0
consensus_latency,M/GAfkmBvniy8B2/LV2JJex0F4TC//12FZU9URkWSb4=,1934.0
consensus_latency,NhKka5N5DmEN+IWOp7/lPpA3NMiS05gayKnoBVGAFWI=,1934.0
consensus_latency,P0lHrHhKXm9B+279nFbRkxUm5JbszXgEvUtw6M9T5wQ=,1934.0
consensus_latency,V6XfVgyq6NiXYmG2k6pKbtQDKtXq979ic0Ryce4p6rU=,1934.0
consensus_latency,XUvn5DaS0+XxPjma9OwAynAm8Sc9yC3LZ+1YZurxFuA=,1934.0
consensus_latency,ZB4j+hbIWua1q3udyARDpJzEboDaCNXBLpjXhFBWT+A=,1934.0
consensus_latency,aXIJJoobQhVIcCHqwON0dpWprY0KxUuz1do6D4OKsBM=,1934.0
consensus_latency,ayuyvrNu0CTynH+tKe6MRxjmf4gaYeJAjAUT1p2LIoM=,1934.0
consensus_latency,fN69ahSZuoA4PlMRJZ0Yb0bHkp/wbPqlsgaVJTQbt90=,1934.0
consensus_latency,f1U6bbn9Qhn/ssO8WEIayVxWCfpL2JgUiBrq4/cjPNM=,1933.0
consensus_latency,iH1nM1wjpsvHC1MasWfKoJO9whv1tPeYtz4SvyE1Buo=,1933.0
consensus_latency,jIaya8s+0NtWXzNJEQHEIyukvtb8bryJBbJnk9ZbZj4=,1933.0
consensus_latency,jKR1SSf9momi8Bye7pq6PY92sY7ao+I6fh4l8blFecw=,1933.0
consensus_latency,k14VNmx2RyAsJP9a9/URJXDzln+ihE/RonYcU7GXTyw=,1933.0
consensus_latency,lCIqE0GEMsKiChaXnI7+x7sjPEYV6POiptjmgvuvKwM=,1933.0
consensus_latency,lOCPQ+Kw8inaB1pAbjf8EOeSWB+zuY2Fhe5rM8+OrhA=,1933.0
consensus_latency,mM1QFxVZyBDUJe2mhEGzW5ltQAnwOnbpFBY4f1xYbPc=,1933.0
consensus_latency,omPwpfr+EaKHLNABLjEm0S2lV6iye2a37/dhIj1JPnY=,1933.0
consensus_latency,rMTO/ihh7RQ7Km9CXXLsP5VRq8XBW8oUNrYq0uC139k=,1933.0
consensus_latency,r3T+EGgQ2DWcPs2G0cBOv03uoI5IqmHKNZbxr0IymkA=,1933.0
consensus_latency,s43o2iBbgaOLhXPEQItCB6+XBan3tGkSvjliPYTfIYg=,1933.0
consensus_latency,uMJd3zUXRQzoczkDwl6jcuWNGQepzXCA22q7t9RQws8=,1933.0
consensus_latency,uxdukTd5i5BsJnl00XFgLVdRehHuWXz7PzbiQhid9oo=,1933.0
consensus_latency,vPz5/JgO2570PrsV0dTr1cFoaNyxKD7HtWq9DiwdNRk=,1933.0
consensus_latency,vVWQc0LJDfKtsgSVIEUnzMjO36/tRg0o3UKqySiaonc=,1933.0
consensus_latency,v5yVKZjZT0jTp/Bl2zQjY0UeGFzw18cJudGkT9NQh0g=,1933.0
consensus_latency,x7jLNDuz+UkBW/fMfHvfhJVUpubu8CQmQQxuSERvKNo=,1933.0
consensus_latency,1G78ussRRKEjZK0BqRM55v1Jl82dMe5+NjeyAVqLIMQ=,1933.0
consensus_latency,2cP/pq0cDjT3YFIInArTr3/QJBfYIwcsbSVpE2MCg5M=,1933.0
consensus_latency,4PQBTvoJDo7xtaudjdukqB5s05LJF+EmfLPYixQLsvU=,1933.0
consensus_latency,5MGq70tNMH0gqHH+ob6uhdW1zAtOIlxOtruRrPzYt+4=,1933.0
consensus_latency,5wi+4yvX+MS25GLsf0oW5s0VuVsq2neJ4bR+GIdvAg4=,1933.0
consensus_latency,6JCE3H9K5wEp5H2SOrsbNVY+6t/5z4tTfwhMjQC6sWM=,1933.0
consensus_latency,9EEb10RJI6wye4Z4HiArIUzZWAm0bZJ3fl/gDQKBx7s=,1933.0
consensus_latency,9vLSBbdfV/55s1l28njMhiV56Ujvsblhk/XvSMDmkiQ=,1933.0
consensus_latency,+5/FdoTqdf0yB/vwlWWsgjmOjpJRSe6/QdxJ0+J/TC4=,1933.0
consensus_latency,AuvydUe2cVlBncV5QN8l9KUySyaaAEaNPY/c90gSe0s=,1562.0
consensus_latency,Cz4LrrLFZSUNVW/dqLTMYxh0rMDYpGPEekJoSXAKXsI=,1562.0
consensus_latency,NPzSnz9KutGtoBO0+28/XwkeD5RRr1EkRf9EPPJvmpY=,1562.0
consensus_latency,bsiDljo3uHNpmBrvno715YzRGVKV21DAWTWqCERuxu4=,1562.0
consensus_latency,px/Gsmnu2lzrlSbl9pnG9aJpnyAWmWPalj5ERuTERA0=,1562.0
consensus_latency,rV5Oe47cpEhcRliXElt19fdaHWiJ3WCOtC495S1dpCw=,1562.0
consensus_latency,urkiVuQ9ndEhTeoaM7hMygg3ImKI3Zb9YOpYvw2JiFc=,1562.0
consensus_latency,1HeooQ/78h78oJfBrAFguXn5+2qE/QYcwhkF5q9+7eY=,1562.0
consensus_latency,/Mi951p5pnYEimZnHxYoFmYPQlG2aCopgg3ToXc6420=,1561.0
consensus_latency,coIF4RN1yEguvxUVfCgUwQuIkWZsp0Ujb8phV40mWDg=,1613.0
consensus_latency,dvZTfO1sa8+qmVXgwUnz+s9NF8bmY45vWCt6Zharp2o=,1613.0
consensus_latency,lEBc26ZGCBIGG4QkS72nePR0tAkxionU0nTFXiomo78=,1613.0
consensus_latency,2lsiboezm8b11HOfSVR/dc5cxFD2khSAQoTQv7aAya0=,1613.0
consensus_latency,JGG/qk9UYkHmA4J78/qdeijljr/BW//u+m27VsZlHq0=,1614.0
consensus_latency,PjzlMlAf9Suqhh9CAvqr5DwU+vKYDrRK/bHPl/aD41s=,1614.0
consensus_latency,a/H1oqhXO3FgMo6llK5JSaJSgbOueLLS4umtNu82c6g=,1614.0
consensus_latency,DZVhYUsK2dyoKOXdDXoQE+hjoryFkk+8Wbj/Yu+ORUM=,1562.0
consensus_latency,HE9ygzo3D3Xe37BMOPPCegJIuC+nakLQmTIZVddwhHM=,1562.0
consensus_latency,X4OgIPwrOoyX2bSxUI3I7QebhVBP0jLnXoZuw/m2Q4A=,1562.0
consensus_latency,aqAUyegco9iX8y7/0p9wqbR3e42HYit92D8dGfN+lIQ=,1562.0
consensus_latency,vf8CwK3rLWb3XgLFaplSqvYCnnq9zYnNV59F/ENCig4=,1562.0
consensus_latency,w8Zdem19mrlmypPmoaHNv9AjrW7aGFzVdZWfnZM+LYc=,1562.0
consensus_latency,7s2fH+Kn2mk2mRKKtGeEtfMRmxjx7y+EM19TAzkXcvg=,1562.0
consensus_latency,GMIRXXSkbx4K1hFTDHKGqb99C1vEClGIaxRtRBNp84k=,1615.0
consensus_latency,LQoMz4xZaJUYywdoxYyu0cWZGvYr70OCJGBMGF2h4n4=,1615.0
consensus_latency,h21x2mQted8DLrbu/BYh4qUCDjdmJK9R9v/y0x96jOU=,1615.0
consensus_latency,mY8dVQybNNMlekMvg3lIW7xvvTsRrlQdrdOMN7k1yTI=,1615.0
consensus_latency,oVDv5NGR2zNj2ztii9nce4k8k404Kpw/gJ/3EOXIfZc=,1615.0
consensus_latency,1PEueTE7+18x2NYQTRLCAxb+/oACsBtGnYw/md3W6hg=,1615.0
consensus_latency,AhGuXKtFMBn52BVtg08SkiZdkkFGKpAFPBwovwGT/0M=,1334.0
consensus_latency,CETkZdnYGQpT0O+bPRsTqW4hnI1b6dc9SGx8XwxkkWU=,1334.0
consensus_latency,CnTdsDPz0pRyXDYZe26hhpb/XwXd5jm4ggHOk2VNOQw=,1334.0
consensus_latency,NfPB4iOyW46cZ+IpY1IrarOGZz/hnB+n1Sk9XlJLEhg=,1334.0
consensus_latency,Rszr5Cqz58eVSezL/rGWMkoIbts1KzbnZLJrj4e7GBg=,1334.0
consensus_latency,Z7mfsCN4NsFohKIIQO0DJatvFhVHhnwX+XLzldNzTGI=,1334.0
consensus_latency,advt7iJxshAaa9OeWvp58DjBH9rLXXr616TwrIul03k=,1334.0
consensus_latency,kugISB8SMB1z/PiVRUKsWofU8xRMgvIPgJ6zR40ZQ24=,1334.0
consensus_latency,l6AuWVuRno6wTw90T+plKomC1VtCw5UTmx4eTUjJwrY=,1334.0
consensus_latency,wXhtCBCI4wGEAW2X+nAk2dgnqyfMQ8FwY9bg50r5dQY=,1334.0
consensus_latency,yA0Cz+V8RDRembwJYq7gVQ9tJa/5St0v3bjVcCgTaq8=,1334.0
consensus_latency,3qY/1fzdzXKq1oGmb5OAk76Esu52AbwySYwdImC+oBU=,1334.0
consensus_latency,5OHR5I3SxChGHp2fnK0PtbN+FwtvFRjinJ3TtQx7Xfw=,1334.0
consensus_latency,/tWW/hviQMY8LzeYCLV4FjDRdHJTydSg0wl2nBKTcKI=,1334.0
consensus_latency,EleXdS6IBqIlDde2IS2BTvQj26m8Z0uASdoQVY2sbEw=,1335.0
consensus_latency,KxL0g7ONmi9FJ1bsuQtRZW9+GElxlPeXc3nqxElfNRE=,1335.0
consensus_latency,NPOLQffD13YPigoYUTU/bDM2Tm22XN/JTZTD5pOFUoo=,1335.0
consensus_latency,Ny0XM3buIbfrnlqYhX1PFRxrbec/pWVfkUcdNAJ/93g=,1335.0
consensus_latency,P97wEEPBGrJX86JiuMjs/Rz///eaBffWqQUb3ylczqs=,1335.0
consensus_latency,QVNYyHPVjElku/T83xijfemHvobBINlEXDt0pfCD6Co=,1335.0
consensus_latency,TqF4XMWlCvObld1xa42OnRS5Pc8hGV+GGRo+0JwdKJU=,1335.0
consensus_latency,V0HNt8KkWN6YylB+WdZymRnFQkZIo4mV7enGsXitBvE=,1335.0
consensus_latency,eQJ6n9CCReZBRs8NtMhTqcwb/Vbuf9eJQAqZrJFA99k=,1335.0
consensus_latency,e9hm7l6se4rquyq9kSF36ReBjhBHyx4qAMdXHCGTTvw=,1335.0
consensus_latency,i4HO1KYNEL5kokqUacBFKPuyQxKRTZOow4obQ3OE1mU=,1335.0
consensus_latency,jBAwu/Cp613E1i3AbbsOZv3U9Mpg158/R5LMUjhTr1o=,1335.0
consensus_latency,omHb2nFakJtMJPOwqMTUr6VSntoF1os2Ru2Po0MmNUg=,1335.0
consensus_latency,pX/10lVRFxuAwVMJt3wnApy6N3t6nPBMkIZMvHGBJNg=,1335.0
consensus_latency,uR2eSMjbRCl5hhy4DKC977B2GXf8IksFOkCMsl3bdQM=,1335.0
consensus_latency,yFJ9agulx2Pktgiq7AOuCr6Fywi3HqMP/AeoPNoUYyM=,1335.0
consensus_latency,13eCSLikLyalwVnB0IxFY2Yi3zdqRMf+7V7GPou0YVE=,1335.0
consensus_latency,2xFmiiRWz6tC4IZJXgXEQ4vOTBiDIrtUSh/n9dJbv+s=,1335.0
consensus_latency,5SSvnRylNt46XMVeRniUPQMEJbQma5NrmpopH1hhZpg=,1335.0
consensus_latency,5l/Z8XPFIg23MBgGY5xsWaexT6kS7r8XAfII8YXIcpU=,1335.0
consensus_latency,9yBX0/eCX1syJaDfvld6YodQ9StTtTubsY+YScOnKRA=,1335.0
consensus_latency,ABinXHEsZSxdWKjOnSJN2fbC+x9P2B1C3ARfFrUCCuA=,1332.0
consensus_latency,EuZ9jT7qFJajwdKCwKDu0JDvc7XCxQvjMdEFuTu/n7k=,1332.0
consensus_latency,G81RKgtKJ86V2E0yKskFj3NgGHfFkwj5ZHGTWpJLJKg=,1332.0
consensus_latency,H4WYXmvE3VjoO11OYHVNBh6jBDxmgua1TR+Em+xsjQ8=,1332.0
consensus_latency,Vz+TkUv2vA7UNMveb0fvYsk4OSMZhGnLp+m0xOAJku4=,1332.0
consensus_latency,ZnuMGkERD1pWPR88isSMbQNKIMtAgnXmQF/lZh2YXMo=,1332.0
consensus_latency,dBixtPwToneiCBG2MNpCDVsA5w5dT6ZcYeR5bcfI5L4=,1332.0
consensus_latency,f3GS3HLmetDlIbXtF1XrhdrXZ4lFv7PSoTKOZxkUSwg=,1332.0
consensus_latency,iBIiVbEb8XW0A+NdywuqZ0Fh5kqM0e/nPfM7l0FQc3c=,1332.0
consensus_latency,lhJ7ZvDr+nC07O/IW1rDICxQeKFCFU5+oaEHm+tBxpA=,1332.0
consensus_latency,mnqhMmSdSlYi6ZmHrZtN5jcL535ddq/ss2BMaREUfUw=,1332.0
consensus_latency,p5yvZz7L5JH6pNrxT2Q5py7PY6dmNvB5sVvd12/QPI4=,1332.0
consensus_latency,vYqrKtIK0VBOEoT+lxQ3l+K9Yocc4AVEt85ezYisxbE=,1332.0
consensus_latency,wYIeaSfqEKxZqUi1ejtHaJZXgYfRbbd4e0tpcIZp41k=,1332.0
consensus_latency,xSM7XmnJzG87PvWyMZjXokKjKMDYcXtnted/Ce6adHM=,1332.0
consensus_latency,y8n4vEeRmvdLoiNwNrRxYPjP13n3X76OTV6dzOLevDU=,1332.0
consensus_latency,2c+7QtBPaIumySSg+Vi0H3i5ZNJB4Pma6os8AAZnpSU=,1332.0
consensus_latency,3F2ZsnOhsX5hRdUES+cU7eH3Io2Tj/2vUYfPFTwb4lE=,1332.0
consensus_latency,9QwgKYKp3IghlYh2HsHhoApM31vkXHIj1Ip950t1VFg=,1332.0
consensus_latency,976FdbmntbFTWJl6PyNjKEfdSbSTSBgARJlhQmZcoEQ=,1332.0
consensus_latency,+puQkDH6YRfC4PrtYicpV/AzYw3MWB3emq+GorYON+w=,1332.0
consensus_latency,B8xIuLzW2l7TI/Ayx9NqJzATiZ21IzGLPw08gmnkJMM=,1362.0
consensus_latency,DkRwmBUq+h5iDQpyzxf/JUEumZx52fvT0LpI8kAycMM=,1362.0
consensus_latency,Fo2X1Y8FzGIiTOQod1/4QjqAEOUKdn0h08OznY0rQIg=,1362.0
consensus_latency,I4QTJx+zFJAMwuR93jgOb+BzrQ2mCWHHFNS9e+Bf+h8=,1362.0
consensus_latency,LifZeOY48XDAks7ugVy/PDj1xOe8eAYnHUp2Niy6Nzc=,1362.0
consensus_latency,OD5Mn3Fm9K1/J0n+7Wo0btANyiDjwhtIdqXHr275bNs=,1362.0
consensus_latency,WLk/kdTTRafQGMiInFK3ZY+kiSClTNc94jKynitArvY=,1362.0
consensus_latency,WxCMbUnvdgNAoLHkt87XlQmBSeZcmjPOAVD/rNvrPnM=,1362.0
consensus_latency,ZmL2nS8Otio8BEzFgrfXhQhAIABYygMNvxq2gZSfdBs=,1362.0
consensus_latency,aqsjtJpq7fMFfh2t0SQ7DI++3dWY8sGgxy0pzHpIUAU=,1362.0
consensus_latency,cpIvYlf9rFGfTtUmCezLaAc+f3zC2ComUEHUktZXuUQ=,1362.0
consensus_latency,jBmJuOjSRm3UJire/oAxa8HEMbzdj4FumGl/CL1QWQo=,1362.0
consensus_latency,jbDy2hkohHmLOGevX416NUIPp8lTgIDQMk9H3fDDw1k=,1362.0
consensus_latency,kG2dYZfEhljlgIuy4gybIVnshUc3R6bnw5MgeBSdMsY=,1362.0
consensus_latency,lpbvC6Ck3mPbrB5gwzQxHL1f2ojHMooEWtf+/cNqVm8=,1362.0
consensus_latency,mdTvmcT/QbuyddxMF7kymSHR6V5097w5MaggX0F7cnM=,1362.0
consensus_latency,pQhLoqVVK4a6K9VFVTJtk5pcMQeljShfgZNVCncW7rQ=,1362.0
consensus_latency,qcW3jzqISfVOof1ML4aW3rUzKaO5ao1LABbZXYbLSPw=,1362.0
consensus_latency,rhI1HcxwN1I8qemJe0tHcEbQvKR8Pf5sEnEDsymVU4c=,1362.0
consensus_latency,r/dXKAtHA5R60HvP/SsLXiNaNRYik1P3vDbTXzBzym4=,1362.0
consensus_latency,tbpp4I9ChPurIK84ENcLJWt09KKF4A+mwXqJVXwft1U=,1362.0
consensus_latency,v0U8Wx957/6muekxdlTUAmNQD70PWiWaFr7KWEEwe98=,1362.0
consensus_latency,1IBXCTRRFxKSWjBzZCDYW+NXqMC0xoKGuRoDZgMvNJk=,1362.0
consensus_latency,36nsL/520r0bBr521u5QKdDeog7dak9rI987K2phHPQ=,1362.0
consensus_latency,63w4om2bZAUFVJJQ5MSgwrVNuCwybJ1hSpKDwTSM0w8=,1362.0
consensus_latency,D4MvQGg+hw7ndGSDBh28vW9/PWDM3T7Umdln+ivOm8o=,1334.0
consensus_latency,Fi+QrqGtXVRGjoW7Vimiv/OVeSEY2felKfo9xb+ipsY=,1334.0
consensus_latency,FlLW6syBfq4WpGGxP6uTrRr+nSQPIyBH9kUcumiKuYA=,1334.0
consensus_latency,H1gwnU+VEW5uLzNz4/anEHoL8lfzqjAqhOFhoLhelKE=,1334.0
consensus_latency,JNkv1XUjAADZetDdueOwdg89Eh0/Nb3wyDJefQ1IJto=,1334.0
consensus_latency,Led78Y7EwjJpmR1KnWSB5s5Hn6MGtA7GqbPqPQ6KjJA=,1334.0
consensus_latency,LyTjQf2OMVTEB8x3LnYHn3frerpLE8DVuMj4zarTnKQ=,1334.0
consensus_latency,Moa1mBRlR018POu0LBkwy00po4nlaHSO2oahq2SnFT0=,1333.0
consensus_latency,M3FKjvrTP8HZCJB9Aas4FPP3js+NZaCAB3lB0dSob4E=,1333.0
consensus_latency,N3tinPKBnQq7Rl+a4Yt7jOOcLNLBN/joXPCXU+EAsGs=,1333.0
consensus_latency,VMAoajPLxFuPXJdELcJUpe6eq4TU9Cu8XuVpkoTVwpw=,1333.0
consensus_latency,ZEgKdaLuC8hO1EDsssulZTKxdZRq5rLzE32zRZR54us=,1333.0
consensus_latency,ZgZqhSa/NjiOmM4yPqAo1mCo5bCsQp1KXaFAhiRwPjs=,1333.0
consensus_latency,fVpSctkmizT0uR1jZevPx2BtPY/t/+wKEEb7a2FQt90=,1333.0
consensus_latency,ij437P+9veuPpAOxiYfswBHp0IZalgboO4p5ATE4wJc=,1333.0
consensus_latency,mrWqXuzkSnJZI1jzMY2+vCtKSxq06HclfnQOuIiKXyM=,1333.0
consensus_latency,oyt9rGFXZ0kz81NYR1m8rhL0ry3+OBTRZZe5YzYCjmc=,1333.0
consensus_latency,po1m0rQyNLyUn/Is1lWWggIBAuef5nTs+b2Hju/FPxM=,1333.0
consensus_latency,sSftMfOI0Z5V57jf5ryUyX6j3QJAm0kskPisITKdmck=,1333.0
consensus_latency,zxCzCSbihlRHwYwhQt0yKLGW1IChqzkmVniSLmfKFsg=,1333.0
consensus_latency,41jbhzZ+06OGIlWKTx+tjvksZSy/7UAne7WTTbTMij8=,1333.0
consensus_latency,5epZDCsPrgKGL8SRiawqExK2h2DzbaW53Z/OQBtBcJc=,1333.0
consensus_latency,AjbUjP29ZpT1gertZrrhMf12LYAq5EzYpBCRuI0vN+8=,1336.0
consensus_latency,BxAuxbgNV2NNSRIYzjUe9xfU5BXqHB+vunVa+R7M+Vk=,1336.0
consensus_latency,EOC7Xl9moXHdtLQB7613wqAZWrN4eP99h0T9MamPiIU=,1336.0
consensus_latency,EsZ9hlOX3f3CZZY1GKFzO1ujORI/5wmPEK6b9Y/FxhA=,1336.0
consensus_latency,HOifl0ziObb/dEzGJdhisQFkdwiAXix8OjrIo1TrJBo=,1336.0
consensus_latency,LA0Iz4K5VWaofvn1JiBeNCEwX7wCcq5xIocHF2+okBs=,1336.0
consensus_latency,Lqo9IHxEQ32XK9F3AbhM/JmLlN4Fclakyt5Ov+thCtc=,1336.0
consensus_latency,Wv9odxwz1SKO4+SoolnscuhxzBL/iO5MJPDE5DDbWcg=,1336.0
consensus_latency,XpMhFm7LjFtY3/TZeVvQ+gSrXfEN+pRnfsHM4phMvXM=,1336.0
consensus_latency,YKe6p/j0bRFS2zOfLn7CpfbRDbKPapy6//SYxk73fg4=,1336.0
consensus_latency,ZPZlLzrkpSM0ocq6Q3zQEDmESuNani2oN5iDire/vTI=,1336.0
consensus_latency,cmM8EsaMDS6F4jJwkb5TdxuGZjUka0DW/yj7VJ3bv9A=,1336.0
consensus_latency,p5gib+DYUFggq/hh7xOucU1z1FogMtocd9DYsxg6rv8=,1336.0
consensus_latency,0NShpmwbQ+U+kNKroyu3xtIJNjLcUipX1wP3pf5kFkA=,1336.0
consensus_latency,7tf5xEoUYyvJwZm0X6pxIjYR7FExGTX9OaNW34laJv4=,1336.0
consensus_latency,8gM6kyxlRhx5RVziXpMXs8B/D3A7NENSB6Ni+L3yM1g=,1336.0
consensus_latency,83OSdBPTNyX012OPip1rgbj1V94evmDg7Wsf6eWJUSc=,1336.0
consensus_latency,ClxF4drAPr2mIkH+T1Xl4c9cjyYTrw3vi3BUZoZTrDA=,1320.0
consensus_latency,CxY8rrCWyFiePoNhoDVpqwWZGQxLxlJKilECv7gamzQ=,1320.0
consensus_latency,H0evl6k8K6g/NcoOy9uxZ5tTuFaN6jCpnSY2XXIdldM=,1320.0
consensus_latency,Jq+oARBlu7CpeGlBnXHfJxQ7PzLHkUJtJCOULNMkOWQ=,1320.0
consensus_latency,LPjsMIYsm6Kd50fSF17n6h1RTX0OWe1PRKje0nSJknQ=,1320.0
consensus_latency,OepTz4Gj0Vkl5s68cRxui9ByY02mZXbhWIXeaT0CCPU=,1320.0
consensus_latency,QhWDxK+HCX1YXRhUD/MZh7ST2v1YnXk91MBkTvc90Uw=,1320.0
consensus_latency,RfARauOMnHwn65BOfkelIHvhTJ+oJpckZIeL01EfkAY=,1320.0
consensus_latency,ZmmQdGa/SiZF8cej6fBgRzetgxDfcUzcyShEWXOZsDw=,1320.0
consensus_latency,m3L4jbNrGv7gflK8xslY/bOl17uNm3u1QXzisRqGFdw=,1320.0
consensus_latency,np86KCzylOQnU871OcHGyyNt/c9Q/U41RlzorNmPDm0=,1320.0
consensus_latency,o3M7xGj//3RmFV2KLVDZynezD4NLBgD7gk3WQHsOh20=,1320.0
consensus_latency,ps3RGFCV7uA7VUEdiHpimg5JAhdTE8pgYAG+7vp/4T8=,1320.0
consensus_latency,rY2v6JLf28N0GI7e0c5bHi2AFlfQYl8WokElrtFwfDE=,1320.0
consensus_latency,wyDDd+1E678/Vv0qqhjVm1eBcK5qXhRzHK+xP/Co+b8=,1320.0
consensus_latency,w9rEQpJOGkcRAzWijEmjq8waVVTtTElqZapKpaZTqWo=,1320.0
consensus_latency,xRnhptKAb+4O9/vmWZoA08VWP0hHHrLzp39bJrl8NKY=,1320.0
consensus_latency,y+397/lBdAv3khoiYXPkFw/S8ImIAF1GooZofKYYtGM=,1320.0
consensus_latency,z1K0fJkSWFDIGDlvOgWzZyANRfbUv6KgN7LcYUvv4g0=,1320.0
consensus_latency,3pCcfxbpAtzj+jUOOEy4LBuDTINHPWN1u12mj5t7STk=,1320.0
consensus_latency,FCrcdGQ9WjL0HW2Z0R8oUhNDgD4X+neEdUx4SItQk3U=,1186.0
consensus_latency,FQ+zWR0f3cnsI0pr/meetuZp0S65exDqgRW5uOfBbTk=,1186.0
consensus_latency,HHcy58kOrGAxuWNo/aYnXQQvFNuWiGL0rj4P71mqT5c=,1186.0
consensus_latency,K/IE5l+MUzjwBsKaen+aDA+ZUEQlJBBdN9zHw3XAeqo=,1186.0
consensus_latency,bO0B/h7WzqMtDfYRbhHGb7AjvsOqOjJYJitcSBJYsOw=,1186.0
consensus_latency,PkmUwgmoTcGEQEWzg/TK1QjCELK5HExiEnJBEFRQsik=,1185.0
consensus_latency,ThgELGjRVgzcobYovwirLBaZ2LrO55QjcZi2sYrM87c=,1185.0
consensus_latency,fM4NPT4qg6GWYrg9pT/cwfq/liB1LpM9JB2gem4gwvA=,1185.0
consensus_latency,sj+JPm6q04KqgRRY52bLx7LzhFhBSpiaXWXc54rH/m0=,1185.0
consensus_latency,1Q31hVTKlN/+ew60cgDqnFNhqzusMYk5QsrCGSp46/4=,1185.0
consensus_latency,9ZN+sAsaPFEY3+lgsTOeMfG/joec4cGPo0w5A98tP2o=,1185.0
consensus_latency,DhoKPMmFPA7U0rSW37hteyPlsUBqv9JW/V/FUxCjffA=,1137.0
consensus_latency,FK0Iuk6x7866YWE1gti+GrrYttIm+A+EQusmqP3u8Uw=,1137.0
consensus_latency,IWbkD0F2yB7Od7FSrMGipTSrobw5SOxVRuxs9cy3yf8=,1137.0
consensus_latency,J6lZL87+ydziDjlPsKGuoVzKvxLLKB8rYVadE/95L+4=,1137.0
consensus_latency,XXNbE5vplp2bxVeQCGunKQvOYwFimDt1m6N7ClrZ+0w=,1137.0
consensus_latency,XiW1ukhP4+8mv9WtNm86XNSiVIU21oWmEVlu7o2BDpA=,1137.0
consensus_latency,cRXKwOSJLxRkSRXDuaSNDrNYB4IEO7LE8MrXJW+3gSQ=,1137.0
consensus_latency,nyQOtiJ5zgcYlWkPRuWsus52pAfuYdQNhsm9LkjaKSA=,1137.0
consensus_latency,pp30W/RQpghWoTugycR9fs7140NlmgQbCWg7TCHlWio=,1137.0
consensus_latency,uVTu3WNI6qBiJLrezb6ENTrqlrV8M7AWBDvQHiqNUsY=,1137.0
consensus_latency,vXaB/8iKFOrTrvRT5fT9Ssaoj4LcVcn7D55BRLUivCg=,1137.0
consensus_latency,xJJS4exgdQK9kIboN6LRODIuhYRyzpGIr4s42zk0V5Q=,1137.0
consensus_latency,ynlpkyAby6V1dMrNUZ6haiTaj+QkF5s7We4pvcPj1jY=,1137.0
consensus_latency,3hkV/H41qXLjxbxvI523tazt4q2v3JKIvGKzHVeeqgU=,1137.0
consensus_latency,4Mn9f7kY8bbdYWc1FVWkVXP0Hivt226JHhEdzxw/p80=,1137.0
consensus_latency,4U8nkP2AH7aZPfhlPSkLWhKmzlVziApbkShEHM0U3jo=,1137.0
consensus_latency,5DuWI+BP3nChjFPBhv2ddOyqv9PcrS7sZjI8KA/w6S0=,1137.0
consensus_latency,5oLWBCQyc1d96LPDM3S0IPqtLfJ1HaVzFcOyWfEvqts=,1137.0
consensus_latency,6wSkid7qYcaiXT9P6upA1H7RaEMbgHKzmNe0K1URXg0=,1137.0
consensus_latency,8NYv1JnQTlfZK9hhWuegYzWrkN2O1pAh//2mPjhKZ9s=,1137.0
consensus_latency,8vs7Ffi9eHyTCbaanZae0OGhva24/Ob5aKo7EpuzRe8=,1137.0
consensus_latency,xXm4Q+nWqYBlnscwd3AW1RKpAgvFYMpg7pj5hVLvUTA=,1185.0
consensus_latency,EDw7JZTCXq9oFISBDGn6Jan1GOwrjRaPJJL97dY6Oyc=,1184.0
consensus_latency,IY1rGGQtpeQy2+xqQ96qKc/KKNi0YBuR+TgLzwOYwlc=,1184.0
consensus_latency,MEdVlik5n3hwQo+y9Xe2HXP3PMLrThlKRwOKE9XfXk8=,1184.0
consensus_latency,jVAcOUJs1KSaXFq5e8SXKfewzzEKBxJoFC51A5bXj54=,1184.0
consensus_latency,mXlpqU5xgmRcAGppMGb2t0vLIy49IKiZr8ki+QzoCmI=,1184.0
consensus_latency,p/qux9wC13O2V6MOS7K2OUI4dO0YqildCkPC7EuixNk=,1184.0
consensus_latency,XDVhk3gOj7Nw142l/305NNfOT+RmZN9XDNXyBeGJ+WY=,714.0
consensus_latency,ZNuOl1HCpSHOuybToWLYtJ8qmfVLHzvgRFlX6gzvOTI=,714.0
consensus_latency,a5DJDq+8YbTW6C0Bh16k3/hmPaA8JQqvRRC51CcyN0I=,714.0
consensus_latency,cg9pBBlkuT+OIx3ukOFGMoO3nY6lJC6nY4CNV0ciTUQ=,714.0
consensus_latency,e4MgYUxIL03rDbepbL9iFupIhFiET1UNqPbol57JddA=,714.0
consensus_latency,64xk5bxUFeUbnXhEzYZT5dzeg3tS98wqjesSTy37Mcs=,714.0
consensus_latency,AgVm/q6D+XvVYI2q8cT/74x46yRr+97oz5FdHX6Xto0=,2397.0
consensus_latency,SNiyxW7xM7h5ezdjvvmaFyiaKLPJBUVlgjwEHxkZTF8=,2397.0
consensus_latency,tD+z1m3L0hC17BC1Zw42RONdWmFB9l9q3xO3v8VQIDY=,2397.0
consensus_latency,ZO2llGglGFkvUcxCLMzbrW95vP6TcSwvTYPGFP4A8j0=,2364.0
consensus_latency,7IQcZPZeFxIyFoao4Z/R/nczraS/4XtRvI5qcdIm6w0=,2364.0
consensus_latency,IzCykuL8a92gpe4IGj5XhgZ+W6eANvyTQhGIFc2vYas=,1893.0
consensus_latency,Pmkh9Rnnos7BEDQDLM1QQ4SG+ksuew9OTITI+1F7LOg=,1893.0
consensus_latency,SpPbPz9AYZvInCcbLzEWJf4X2W87ml9PqaJYcCcilZg=,1893.0
consensus_latency,TfNN4sAHam+ucNFpw3f0ENJfkZE4B7Ry/e8ndkzUCO4=,1893.0
consensus_latency,Xih+D8HaakfFS4kXMYDHTzcNwW7b5kbu8bJbdOvrZhc=,1893.0
consensus_latency,geEWI0F6vv/ENxbY1H4j4LKCWYd1WwQxik+TLyiy3bU=,1893.0
consensus_latency,mDK4pONHvNfFeZGiovc5Y7OxV7dlOeAzoK6Wau3dWjw=,1893.0
consensus_latency,qBhv4xqRswV3B5FztUKz8L8rTf/QU6jwp35znMCgLM0=,1893.0
consensus_latency,r8lk9AKRABrAbJ+2kkHpnEOx0t1YWURCc0OBOcT4Uic=,1893.0
consensus_latency,MdGoJ8U/vsfVj+9mEB1xea5XBfY0YWpPZO6dhEdzS/E=,1895.0
consensus_latency,VYXJDtE20U3Wd7bQFRN84mTBXhvQ3om3o3C0ng0hlU8=,1895.0
consensus_latency,vi25ie+QV7CfkqGG83rrDFlj2yNPpYIt/PgFjJwo63c=,1895.0
consensus_latency,y8HHvx4xc7oc/NIbXD5BDSIMfZIZXlEdzEvq1teyZZE=,1895.0
consensus_latency,0kx5Nh4JYf7hnxtoxP4RGJjtfDIzdRJszdtmWokNv2M=,1895.0
consensus_latency,3N8BsPmJ93KZquuBsccxhs/jK2p32HubeZli2yARBnU=,1895.0
consensus_latency,EWdg8BZRXSal1gFC7qfDvYITPSMo0KqQ3+sHRpvnvDA=,1894.0
consensus_latency,P4Y1dnuSAFoVPZxH0UNTwmFhxStBdm1P8verCi7uUv8=,1894.0
consensus_latency,Saj5a/S4N41mq24D5pkRTQpsVMW55HggJ4n+taM6A7I=,1894.0
consensus_latency,8RmHczM6GgtN+eShvQXVkY2HPi5qR4SBQhB/R3zI6Qc=,1894.0
consensus_latency,APKRzcsexY24jNPJQg0rUUtUdg/kJ1dHhVkfyAmGxAw=,1838.0
consensus_latency,AZ4mEa1Z6kbp7O8a1cj6tbXaI7hAIsHmRG0sm9koJRw=,1838.0
consensus_latency,Ay0Qj8V7VwVKpEBZpfWNnHjyVYJy8WCM5Sy6XOx3u5o=,1838.0
consensus_latency,BidgvrqO6ZeyJBQvAmSyk0ZI3Vt70bNuKD+jA+yAMmQ=,1838.0
consensus_latency,C48zIjjbIlF/aiiTfe8y4daD//yOyjnVXzOzdN3efo8=,1838.0
consensus_latency,DqFvxgWY8H3J3X5TvwHgDuLCTgU2g4wflwAvHmN58SM=,1838.0
consensus_latency,EW7f0FlICpIgdcor6llb0FK//2HP3oT+lRzkEix0Y8I=,1838.0
consensus_latency,F6ycJ+dLpnYoM4oE5akSXQYWdd3oHb4uBgeLCBScGpk=,1838.0
consensus_latency,Hpm8FX+6dGdOcbQWFtzf8uikhpnReS11l6FUT8T8QQc=,1838.0
consensus_latency,JH/anuH8AaOALAocxpyLrgBOd7kRp0aI4wiWuJcqNOc=,1838.0
consensus_latency,JVEhgUo/p7Rrs3cA9edVm0zfxLPXSMeKqU7JI0Lc08M=,1838.0
consensus_latency,KZsuX+36hBy2Gt1vgqgGGlv4aYh9n/DkD4Uxz2uFCUU=,1838.0
consensus_latency,N4A3PRf7LlxmgHdv2UxuXgNEGijVw+Oa1qiBrQWngB0=,1838.0
consensus_latency,OMICuy1LBcG5j/l3ogSYBBqEebFXzegkxbOLX/plnlo=,1838.0
consensus_latency,QmZpf812osNSTO/zRN8rIe1Dqnvx0LM+1ca7rqfHQzQ=,1838.0
consensus_latency,QqTvoPZVIChdk6ubNO1S4r5YKhyOZPOqkahjfVMUlTA=,1838.0
consensus_latency,RYqUPzO7s98ErXR2Nd1kH6I+QEmvllJR6W0L3TTpOzs=,1838.0
consensus_latency,R5slCAp3qbQFaURU+sIkBxUlKoh/O8ou6dst/gNVXxE=,1838.0
consensus_latency,U2G+awZldbwb8C3rSRYNOu/6pQcbVu4POar36MEFaj4=,1838.0
consensus_latency,Yc4DSaO1oPFKPox1/6DiS5gxXoovtN4wzec8VpukkL8=,1838.0
consensus_latency,ZfeP+b0vdd8kBksympt2rkHPSCQEUqzeJ8deu0dtSQc=,1838.0
consensus_latency,ZvyH9Ttt0/hJQXPQh9Z0n0Z+4FIhgmm9smRxMehss3U=,1838.0
consensus_latency,bM+/fMXCfZ4VrJ1ErTO2HErml0b/tZm1Uj4mCjFEAjw=,1838.0
consensus_latency,bZnX76lLsvkWQm+xnjLKuqHynU5kVYSJmlCrl2G6soI=,1838.0
consensus_latency,cmfbfVVgw2hfDL6C8ZHW7M21o7xTA2eAKlX4jGY8hQc=,1838.0
consensus_latency,c0MM1RlCr0yq7nwJ9GSk58tquQrN4V0nQWbz8ILPRdc=,1838.0
consensus_latency,gE0iprA0EjfOzKpchmj/p69bc82VaWPXK3zAlypzKXU=,1838.0
consensus_latency,ie9D9KasyPCrpeZaI/lCpbPplyWS5ucnlf/wK9oKFQM=,1838.0
consensus_latency,jngyblJxX9MCqebJbJJ7RKYrdL3Lhudc2b1f4CcAJFM=,1838.0
consensus_latency,kn7SKOyvrlcgWpjW49vFqXuC+7tqyJiFYwC/tL4dZ28=,1838.0
consensus_latency,k8QYragh9KNVVIIbfwB3naEaqDUDAOWQGI02S7+bVtI=,1838.0
consensus_latency,lRn16SCcCoSL27pX1PaKg2qktfw5q0noeyn+b/1akuM=,1838.0
consensus_latency,lasEUUxbrRIoONRXfnFhMHJdB9gj76LgRElpvKVx8II=,1838.0
consensus_latency,nf3mtbaOhXh5XE3/0+njcbpY+wTFQseYJgGr2Rj+W6s=,1838.0
consensus_latency,q9o+gNkWiIHnQ+CwYav9jHP1Sva6iSj6nE9PLVWSm0s=,1838.0
consensus_latency,q+MNwctI5EB8tDsPx8HAXFN1B9PYRoR0EzMlmnhSf3w=,1838.0
consensus_latency,szxptNqGU+Yi2VjvPSgQg3uDCxL62qA+b6k2izz85k4=,1838.0
consensus_latency,vqi8qFfXGWa8qagfjRxDsrVOOh8avodrw2CCP6ooH0Y=,1838.0
consensus_latency,wkbcHHowN9IpqX3pF00cMrVIvkra5tBsftxu/sEex6w=,1838.0
consensus_latency,wvZYTa49rb1DRg1J+ZJuMQBpZq7Ni6d2c6g32y2e4Dc=,1838.0
consensus_latency,ww6fMsAdTmtpvIS+ovmjJVAWOz3J5xlLgjhPqSSk2g4=,1838.0
consensus_latency,xT4qewkE5D1atXBZ9Bzlg8jkA6un23JeKsrbDNQKY+0=,1838.0
consensus_latency,yFTziqlA4s57SZgiXTHbyHZwS+gPiRoIEeaxp0OLryI=,1838.0
consensus_latency,yHlqOONFaz6A8P138c01K75HS+4OxjiLmu+PBeD1jhM=,1838.0
consensus_latency,ymIyarSFIfpMsNBcdtC8zl1wyLXwgkfFv9J5cFyD3ro=,1838.0
consensus_latency,0ChzNfmhrniedIDOGGDdmPh0VXi/8woM5jWpY8vrIY8=,1838.0
consensus_latency,0Tet938kGThLCmPrKI4jRP4hZENVcmKbL1Vn6QfB/K8=,1838.0
consensus_latency,0uJHrK9542KOCYN73hfoGD7uRmexWKQdsjETkoGKy3A=,1838.0
consensus_latency,17x4C0Uj2AvJppao+VPzQ7KSIgRbsBt2U9c7XK7wdTA=,1838.0
consensus_latency,2F6ZxKflk06lrQ+vOoKzL6oogm/oawblvUEq8iJjOyo=,1838.0
consensus_latency,4+tOPaRsS0xKbzhhPlfJkYvxSP1VYhdQEgEM8s6Ah+o=,1838.0
consensus_latency,5RYxw7d2O7zI7gfI2G8ikummH9xbkAaUHF7bJGOe2xQ=,1838.0
consensus_latency,5bXSfhKFCfiKpWRnFmoKPpw08SbZhGfroWjoWRWhF9I=,1838.0
consensus_latency,7DoK3wfQigPQB5v34qsL7uIe+DyMrLMck0CmQw5pQ/A=,1838.0
consensus_latency,7XzK9KLIzGQW6wr2t1G8JuSRA1fDHL/OSVXyTPvtJOc=,1838.0
consensus_latency,7pKZPH/cg7TWYagTjcQGf0u02bjdqjMValftX0O+y9k=,1838.0
consensus_latency,8luUYbQi0SLp5HFfFXixFW6OELmCOkxtGS4lJ7xcpJY=,1838.0
consensus_latency,8rmMKkch9ZITWJWUxLq8Z08xbBCTZzFxauBLTbnPNOc=,1838.0
consensus_latency,/J3kwZYei4w2Ji73SNh8fKrHdPOzTRehOU0k4EdXwlQ=,1838.0
consensus_latency,OV/ZpHSwtsm92y1Qhb3so+i/M+KYXPHvqVvUqM3XbSE=,1893.0
consensus_latency,nzlVCapupBcgBafegXe5GUZAuDrHUDgZLAhNlOsy464=,1893.0
consensus_latency,LN0FFthbkJiOMZebTIspPJLc+iVU6QnRfjQLt8dvHUM=,1534.0
consensus_latency,Nr2XCy47HyO31/QFV6pLHVwkhr341N6iyCAMb0lrk7M=,1534.0
consensus_latency,Qh1m/xtkAOkvfV/enihgjX+bKMfFNcbWOIskkE2QMJk=,1534.0
consensus_latency,UC9eRk46sMVI13b8c95N46AtwJku54As03iS8z1PrA8=,1534.0
consensus_latency,h0N8EmBVCN7UAI67zXI3SkLsz22ucgD1O9jIacwjlA0=,1534.0
consensus_latency,j6T0QL8zQY1wlPSdMD7tYP9vsgQGJ6zUXuffwyNeeM4=,1534.0
consensus_latency,pSs4SgTGSzIahFBWLpTbEsajQKQZbZICPm4LraZCMg4=,1534.0
consensus_latency,qCaUUP4PQu8IgJ6P0D2wqFPDnp0IZKyjO3LnGUvxAw0=,1534.0
consensus_latency,s0drPwrtaAk4AjEqCvOyzPRk+qc4UvTsEwoV7Y/+g4k=,1534.0
consensus_latency,tAR74ifFH+UUvanXk3sfAteORMRwlbfkwHcKEQVMetM=,1534.0
consensus_latency,xhgT0/1x4sfFHbDCM/7ErOBBdJei48dR5/gSTEvSQgE=,1534.0
consensus_latency,68LuNHGOrAt53y68jntu6INAc8qKS7QjBRgx6izHOqU=,1534.0
consensus_latency,HYTY8GN7bqzCbkvZ+AntgHyaXMCC7UMM5NaOMdGSCx8=,1481.0
consensus_latency,MtWWznh3BVHTFMbzTTS0Tf3jI6rylWZ5lazq00m+IGk=,1481.0
consensus_latency,OSaA6p85TBMzuo9LOcveC7qa1AMRScMkY3FkkORJhX4=,1481.0
consensus_latency,X7c7OlzAGRADus6FRDWGDMzMhB2uPziI7GyS8BFyhhM=,1481.0
consensus_latency,aSsTnqRifG/6YUAVGKH/dgCYyzW4DtipkLgWTqXzfb8=,1481.0
consensus_latency,gnSO1m8QZUt7HyNjs1WHkhVB/x0QJNBM5zdvmG7kMc8=,1481.0
consensus_latency,kq/QUlYxAYLxXiy0ak2/d31gxYCM5wETjhJI2HXZeb0=,1481.0
consensus_latency,rI9hHWvnV4C+g+dYLg6pGgks4wHZ+UPiDHQuOTG3NOg=,1481.0
consensus_latency,tBtCnW5iSATFCbROV3a5CAx8f8snbnR43+JeXmLY35U=,1481.0
consensus_latency,vB9lJzV7EXnnzSf4BuPgA5k+fFUa61Xp0HP6xcdGn3g=,1481.0
consensus_latency,2CblMm9Zuy41Ia4TVjVTRdSgOiH/WH/QGBQty5Z3V9c=,1481.0
consensus_latency,4RnaoYRd7i5sBYiicEPLF1IL7UGROZe8NfyuKqsBXik=,1481.0
consensus_latency,/AKlXrLpcmRaGTNdh4ObcuSznUhl778B48fFjHwkDYU=,1481.0
consensus_latency,A/6X3SMh1bSmArgm9vLjqhNLLXNRCnCUAPznvJxdx4E=,1480.0
consensus_latency,X3cRPWDIllOEogFiL0qB2fynSo6HkpXUTE9MtvX6ubE=,1480.0
consensus_latency,jMUB70kJlWkIpF0gooZ6HOJFcolWOgMur4RqSAA9qYc=,1480.0
consensus_latency,r5IiNYuFwUm65yYHDbw1BFVXBaIJpu+SbQkhaRr7+Oo=,1480.0
consensus_latency,u+GgqMvlDsHdjsi0wJd+XovxYuwncYkOeKSP28NgKAI=,1480.0
consensus_latency,/DJIFgBbzV11K5o4Y7Mk2l2qM96SgIstDa5PJuWi02k=,1480.0
consensus_latency,C2wrMt1VJ+Lw+QPlbfMzWUFemkWXtWZYFG15SE82S3c=,1478.0
consensus_latency,IRXiQMPORj140tWwy5K1qpRDugTE59bKXyJVhmAOuzA=,1478.0
consensus_latency,Myywst1HnLOboCvsSI7Vqud9soqhLhW8+X+rm60TbVo=,1478.0
consensus_latency,VZvK1xGuwfP6f1/BQ85uvnzRk23xptUUGrkR7zXjSAI=,1478.0
consensus_latency,XXMlkC1XJ8bsHp0/D41N/57fOVlBoBDovwiWRy98utE=,1478.0
consensus_latency,lLERfDWw9QEREERyXRlLhWFCAI9OZcpmWWLH8nPWF5U=,1478.0
consensus_latency,4KveTHyTSHq7n8DkpV7FmIJGbOFXrn8sx8s6BJiWG6U=,1478.0
consensus_latency,9N0N+SJ8RZmoVjB6DlC7hKSqQqs70gLMnzvC6mQ+VwY=,1478.0
consensus_latency,Cgszani9ZnyFkrMUqlUS9aHq0tnLbp7+0dQQe99C1fY=,1481.0
consensus_latency,NRH2v6bQvuv1cVdjwW9/fTkgJA5C6vg29atdpFCtp+g=,1481.0
consensus_latency,j9BomXQ9SOj1WaE6I2r2Dl5TFbuO/8+WCAi0dtJLfb4=,1481.0
consensus_latency,otY5tG8TUA88U8Camv/pFcFmhFmLTEP2NHMjcscb8nU=,1481.0
consensus_latency,zGEi1jPwwELx2pKyyNluw+dwpveky8GYMw0oKB2BFCM=,1481.0
consensus_latency,DO3hcmSqc89lL301SYdodkI5+Y60no8C8qXRFAgSPnk=,1460.0
consensus_latency,Dpf2liLM+mN07zc+CU0IkZFVU89OpRNNY6NjnHqPvjc=,1460.0
consensus_latency,LjepAw4ZUI9SkgBU4/S6eJF3HxjH4kplf7uejOSUeeE=,1460.0
consensus_latency,OZpGCA/thSr3oQvfkMMxXsPTFUsYUr6WMHPOYDHuaUA=,1460.0
consensus_latency,OgUK4Bo63gyLyftpwU6wcEXA+1wJM/5328RI2eNIc3g=,1460.0
consensus_latency,RtOlNN7/YgVIUElCIDjcTWr3sjHRnYEtvH0/P/zdtW8=,1460.0
consensus_latency,TC3bobu1js/aIjTv0PXOBvKPesloZwi1Oh+RDLr/ZVk=,1460.0
consensus_latency,VWrli8WuZ4DXHkbX1IlKXGaDltAwahrgGDz/PZRHHcs=,1460.0
consensus_latency,Zldd/J/L8bxYwrf4OQgxkczIHeCAdlhYkQJUOe9iR24=,1460.0
consensus_latency,fSZjRvhs8UCOczsNirBx4Vw9D3bGTjJdsGhvndM/dS4=,1460.0
consensus_latency,p+fR/dKnAKDaOQtG/LlLvAYgCzBZB9/W5SX441m8zCM=,1460.0
consensus_latency,v7pLpQc+FCZTVsK7x/jK9YSr1JSN/TcEYxh7L8boiKY=,1460.0
consensus_latency,yYV5zIjWj3x3CKnErQJaq/FMXV1JAbNZH2eJDJnd4AA=,1460.0
consensus_latency,zyRf50SxEzADhJshRhQaVy+T0fC3+guTO74lZ9g6YGE=,1460.0
consensus_latency,2lGLZRMYO5TE+n/UlqrjtD2bZVOY/te5rY6/aOf8nkw=,1460.0
consensus_latency,4O3+AMdjj1ld7i+sXzJa4YRG4VKiyu95n1APPLiuYJo=,1460.0
consensus_latency,4eEwHRzhaQUoXerKd7/6XDENYDGNALAlRQ9v2666NRY=,1460.0
consensus_latency,54Af3oBWRD4sTeeJYD34EnC8gSuQ9KReePh2k5TDHfI=,1460.0
consensus_latency,7VyLO95d+uKxPAoT+kM4c1+sFeYjpEXeDAm/m2sMoDI=,1460.0
consensus_latency,EPXqpg0J8j/eW6NCS0bWT+tCufHSQtg2l6wRTGhumhU=,1476.0
consensus_latency,E9bpWx4W9M8Ttvgq8BTGS+UrNj1KwJF79T/L2g8KggM=,1476.0
consensus_latency,HMIqC4MggFL+wMkcFr0MMKucy5cZKFBvGlwjDBzsYyE=,1476.0
consensus_latency,P1Ag5VAZAev1nZ1uUp5H+uwH1RRbRiuqEmtYd3URlnk=,1476.0
consensus_latency,cGvBjREnlw1CdFAjzKnU6bX+ZAhRnCB7A6cWxXYRlog=,1476.0
consensus_latency,qHCUZsUKQHu9FIsS7peS1BKUwAgklywXpPgRn4GYrFo=,1476.0
consensus_latency,uts3gnTl8t4y3h73kusjx/5+z2TAvvr+W8a3p1wLmgU=,1476.0
consensus_latency,u1mGjIzk7mGgB90vN2wnOu9a4d60lMnuN1EQNJVdmgk=,1476.0
consensus_latency,0Tco67uMuWBdJnkh4DhDoy4qjgWfxBM3EeAGX+xm0KQ=,1476.0
consensus_latency,1QPU5VphtgvRNgr9ecAm8CYqo/WZRoABn7UuCpyKc5E=,1476.0
consensus_latency,8+wdO2w8dP1dwVqhc5RGKfhZfr2kmA+4VrT9SAq7V9M=,1476.0
consensus_latency,9s/kHBYXMqGRu5p7VZuOQvXxQUoIgFkwljjzpYCKmpw=,1476.0
consensus_latency,AnYUEUydrVehvwXARuZSQBGkBbTNXPvLpOFsmgikVI4=,1163.0
consensus_latency,BdhvTQme6RWLuApGxhFN9t7JYHsW4NJpiO/3oxLMh7k=,1163.0
consensus_latency,CLMeUvTRv4rKM91uz8ORRpCCB7a6dZJVYyAW/7ag2SY=,1163.0
consensus_latency,DMV0/YFgLfDIZjSTjjaXTvwn0YdI38P5xXQdXIVXwnA=,1163.0
consensus_latency,Ex5hLWK2g1Xt+a5x/5bo/IMz0YvUkNvHn1HfdmOJgsQ=,1163.0
consensus_latency,OKNIEy5Hl3WtncpVPf7EGa09vs3QAHEh+pkIcFZJ4r4=,1163.0
consensus_latency,Oda0KACQLlZ3oAXqR1/csZ754e1qIvjwrPBf1RYGSy0=,1163.0
consensus_latency,QH9WB6lsOUMPzAQ4YRs95vka4qdUb0t2PS6eBZmxJtE=,1163.0
consensus_latency,RlCFmtm8o9LvZVI1fDL+G13TwIQLbwCg19S3b0PwpbM=,1163.0
consensus_latency,Zovf9ohZ3UewUDkl4PyXdApXaiVuhDwIsDMwc+NcHKw=,1163.0
consensus_latency,fzULN+mnL5KZAWrYID4T4WJGq/C2bfLLYHGVSpYx5Bc=,1163.0
consensus_latency,gazz1uQ01OgOxMq89N0ncZvYrrthxM8xJTx0H12vjmA=,1163.0
consensus_latency,hQvlcqfQLpSbxcboA3JjPimV/5X0O+K1BD4w75fhZzM=,1163.0
consensus_latency,hVUVi85sombXiQq5BlrOcEcYvMqlQpraq6vGvNx1vUQ=,1163.0
consensus_latency,mvy91fQ5cv76tlFzEh/ORcxWmmND8Jv5Ja+RqyMipy4=,1163.0
consensus_latency,oiWZEawsJ9/bq4JDk8uWZdYU1b+mLnCgVgCIs/1wt0A=,1163.0
consensus_latency,t1RyL7f0qa2Oy0jkSAJujDhfXLNxj5XSIj+SxYlTLN8=,1163.0
consensus_latency,v0PawDWdkB7KaI4NCkWMI2u2BmqAW6QqeLj9cgQec0U=,1163.0
consensus_latency,0og6J4QIcqw1cbj0qn5BBgXgp3Nz2aJiX4mlGrI0rDQ=,1163.0
consensus_latency,1PfVBTkAlvHCtv2fnI1jcrolMtTWSoLp/fUyVv12SG8=,1163.0
consensus_latency,4U6tKHRV7YdFlD8wUF0UUTv1/YLeKkCnms9SYk3ZTKY=,1163.0
consensus_latency,5hY6xAnbH6JJny1cMUa27dbuwyqDJTpFSAvNWd1fDUU=,1163.0
consensus_latency,5omcdJ4Te4ZK0i5g9YrImulhpb8ofQCXEbkBa4cHYME=,1163.0
consensus_latency,70ztaN4qkxpakDm9QtqL+/wXevLnRXpBe0tMbk98S4A=,1163.0
consensus_latency,+AIG1dbJ86LTOxndOQE4aSVZqadubPFgOVnyphTVR+c=,1163.0
consensus_latency,DGUTegsSlQtcI+E96n8hDVW1NnjF2zIan0xWL8IqLL4=,1160.0
consensus_latency,IpPSRpgiAef/oV5epCaIu7ieS5BM8YS/ktIPzCpBxiM=,1160.0
consensus_latency,JQR/sXZxIX9VkYmNj3GMLRqWVhwTzcmBI4cX8LALaiY=,1160.0
consensus_latency,KNJFAJlmGUEseWbAR8LheQNLXfTJlLA0OdzeEj1f8cE=,1160.0
consensus_latency,NnA8aHmLKoIuMqVmPS/M7AnlbH/nIYsek+35lA+PTnw=,1160.0
consensus_latency,Ppe+ER0VBEJ02E2QP3NXCyudXcz+kpBGmC/U1tWmrd8=,1160.0
consensus_latency,XDr3fWa76R1pdo/VbdvYOSatEAG9edPrwV+/wdV/gZU=,1160.0
consensus_latency,ZypgF+i2d1b7c1OGG8WACSggGxdCpta6LoCKARwF720=,1160.0
consensus_latency,Z5tkhyeIINLvI+L55wWAYB/oBJPFYQFTW0NQEldFukQ=,1160.0
consensus_latency,bGA0lYCMg4KIjWskJLExbQZy9lBB/keMTKRSI0FKy44=,1160.0
consensus_latency,cwbLuO5/y8tJlwKgFhPoNuWFQF85MOeoIXtNnoUbh/I=,1160.0
consensus_latency,eBoFaP6f08lT7wV1eYvLN8UIgpxBrXLt18c3cwbcw38=,1160.0
consensus_latency,ebtvvaq45nKM29YCABts9Q3IiGjiYQdlz9fFU/AWSDw=,1160.0
consensus_latency,fRzhgspGC9ANPSkJtqmn4V0qqS0Y5ID+ghKhh4sqkLo=,1160.0
consensus_latency,gClzq+S2T81s38IvnAHDSdnERX4gbXmck25ht7kCoiM=,1160.0
consensus_latency,gfnfK6qlKlmL4H/VJkLDW9qtFZQUvd+afKYzwUOtx1E=,1160.0
consensus_latency,hpmMUUwraKuKwK03ZFPHUeHj25MfFQu0alvlhAvDi28=,1160.0
consensus_latency,k9xgy9v95vQdKkO1bDHs3H9U15qaql7YIJpXZtrvsiU=,1160.0
consensus_latency,qp0zSz0raj0lL/X6pezxJiVgWW+U0Nm4TD9kO7iM2pw=,1160.0
consensus_latency,tJ2lp5oV5To7c+XlkDcXQyuAyoJNLWdRaPwu/Mez4x4=,1160.0
consensus_latency,xGTVdE1wk3aW9PFYcQ2FglUgoIAb2j4SyOtyVrANMKM=,1160.0
consensus_latency,xcIkxtyHjY/gm1lD4sGEJpV+bXJQYYBc22aJpiwwLVM=,1160.0
consensus_latency,xtFkfKi9DoKHorsOk/5ScGraTCzbkuwZImYlU0NnWD0=,1160.0
consensus_latency,x+7Hg52gA18nmL6VqKz4JYpmfX4W8pTdtpDsgBnGyrE=,1160.0
consensus_latency,yFOHtf1ZChLWyPEyL7ojqwVV+kfDD6/j2kijaa2TwXQ=,1160.0
consensus_latency,4JfQt+aG/0weLMd2l7YFcCk1hlXZrZJdDtJpXJzDwlI=,1160.0
consensus_latency,5NrBYcs/n0e/wr7rPa1bSYa9XjNgVz5hI54LTYX6ZwU=,1160.0
consensus_latency,BFmQAtFmXPYx4kgPKXeiutStMqbXZ2Z0A7/Aal9a7Rk=,1161.0
consensus_latency,CxOBFK6m0WeqZL1MzBRaBmKjvEGQoc6W/i9R/e0Sxzc=,1161.0
consensus_latency,EuIEXkmIUv402EcYFfrZOsHUXN7w20s2UJKB0vMiB5o=,1161.0
consensus_latency,F4fywnbnTENUCBqYHsrne8VE8O6OxkPQfKcEu2xO0fQ=,1161.0
consensus_latency,F7SEa+Wd876FzSRe603UTSRK1ddAciV6HqOLNOx1Z1U=,1161.0
consensus_latency,NMs+2Puwx9DnDX82H81XABCgimmhNqDNbQgUYqc5Tf4=,1161.0
consensus_latency,PbereV2MAO1m95LgQcTH10lKMrs1+1nv6eJf5peJ4dY=,1161.0
consensus_latency,Qsyws4DKXhAkWQOfLQEMFgPFJ0xRQmeIcYexJRLrJgM=,1161.0
consensus_latency,TTaFYEdU0ZmK0fChaluHiUrkBDyNrHMLxuNq9ed+OD0=,1161.0
consensus_latency,VRCftRWmdHdH0nMaBnVYQkRlA8+IzzEeZ2co0+hWLUE=,1161.0
consensus_latency,aaOvEaVCC4nfHh6/BVjgIA3/McJQi9Hm5CQCFnqUo7g=,1161.0
consensus_latency,bAG5XFujE6sS61RipuZ2PWFFe8xYM0QfDOCqBYbzWrg=,1161.0
consensus_latency,d5C9GXNJuDPyZiiF2DOVUQ6Kqsr8+N4fC4AJE2WqGtU=,1161.0
consensus_latency,eC/Zez9QuEh/NrUhRayFqVRX0c66nxs5ka8pc27c4gE=,1161.0
consensus_latency,eiqNRb9VbhH8BiBCseK65QZmv0S4YenVoXzoH4ZJyeA=,1161.0
consensus_latency,fNL7BQYhhSIDeiPCA9vdqThSW57IeZA5Kh+FKUgPNew=,1161.0
consensus_latency,f8MXrZ/6e0Z7qQ022gvZ8iTcB1YL5J01VMdV2q1V6sw=,1161.0
consensus_latency,gNilpJbYOo1M2EP/WM1LdsbWtlQ8LIBKIRhbMaqA7F8=,1161.0
consensus_latency,gNp9pwH/e25uloQZ7KD2Qgzha4vU6AWdTtQvlBkP4dg=,1161.0
consensus_latency,ittg/4wZX1DR1fpPyHudoZzghNamqFXyEo7isJeXh2A=,1161.0
consensus_latency,oGknyNrghs0Rq3d1OroKISUMWgzH5yM9fb1XaX/i9TA=,1161.0
consensus_latency,qI+V6a3IXprYkHjY921shEiVwCMScrjSuuYS6bCuZhE=,1161.0
consensus_latency,zWu04faMrLCu9tsrvR7ses9yfr1Oi0TwRej3c4VAOBg=,1161.0
consensus_latency,zipwIavCgVw/NmigHjDzzaIrF9uMXnGtaMlxT9X28jY=,1161.0
consensus_latency,0FK/Kc08GH1YWP8C+Ya2XO1U6xbTs94rlE5VWhoFETQ=,1161.0
consensus_latency,0UExE3nHSr5zIaQrkWL+y0WtX2XxLPNwSRzsuxv57HA=,1161.0
consensus_latency,3wL43POQEh6VqytgkQ4bBzCj5ilhInokTo75tN3RnUY=,1161.0
consensus_latency,6fQdeyZ2iDDnMXOueBQzs02WCaKXiZNTyKvBaMioBP4=,1161.0
consensus_latency,qMQF9mVm4OJaAZQUdx3xraOXIpHPy3arkUuDYdz9tBw=,1046.0
consensus_latency,LTVNJay9q34cAzFY0ZDm8nKsB09rtW5ajQUJ11GrM2w=,1161.0
consensus_latency,NX8+M3WVZN7rYJFJTCmLtLhyIYZ1p61zOwatxReIuBQ=,1161.0
consensus_latency,Ov5AhwugVj6M7Anb+iGig8vkYNf1Kw2bnTG5nIDbT9g=,1161.0
consensus_latency,TDkYRDINb47z9rHiqnLAt5iuZS1zmAYvUAH9CzZDnnU=,1161.0
consensus_latency,a5zzQ2BwD2yR9G0EWqQ/Y1++dk1DBzOxU5GkNctiH/w=,1161.0
consensus_latency,bAEcscfTwZTXL0hiCIeRc4CNh0VKFk7PMJyaraSymcg=,1161.0
consensus_latency,bWAPjuNugzSPFKJKGAH8HyBkJY6AXYg13VRlcA5Dtb4=,1161.0
consensus_latency,eAdcyGp05jy2JohTkIs/nAOXLBgxO3q/RAwmcKHs0MM=,1161.0
consensus_latency,fSvztUaxJ+C554ccYM5qGC4Ssre4auWPWDzG580myhU=,1161.0
consensus_latency,g9ekWerYZdM0FSKhuLsIyyI6yUfz5HnHwNhZc0sOB4k=,1161.0
consensus_latency,lyW1Z1kW2IpC0kbgG4oRjnxxQHFCTmVwXNVjEAObqEQ=,1161.0
consensus_latency,plnjxr4r9asb4xJzwiWBlLKJqy+ZZokFRk/cPWeYCvE=,1161.0
consensus_latency,r3Rg8NEQenWKR266x/3S9PEYdpVU/jX7iaZk2/Op8ws=,1161.0
consensus_latency,w3llRlCpWvv1nRzfVo1XIgiOzWTgOn49d52SDOvskes=,1161.0
consensus_latency,6Q9iC7aU83y/wtf/S5d4EvSVErrHnfg6KiMqv+MpnaE=,1161.0
consensus_latency,9PJrwQ1xJXu5QRGbl/TBMLAxMtkz/931ytfonuFs7S4=,1161.0
consensus_latency,EBtB5EJyy58oLni0WtTgA4+n8hdZxP449d2uxlW3Kdk=,1160.0
consensus_latency,I7h32Nzq2pUdbgBkJ5bazE0rA4ukP4mUQ/6E14aSg4o=,1160.0
consensus_latency,Kz8T1NZdvFSXT9mLdxXh2jy3l21Y7hFXc9ar6Ibic+Y=,1160.0
consensus_latency,MAkagPxs6r8sjqX1AtnaGevKFEVIcZTZyXTFSsJcpC4=,1160.0
consensus_latency,PYOrStMIAwQ5CfhRYy/Z6d4a0e3VGxPxM1FSRK2WbXA=,1160.0
consensus_latency,SlmfktwJlBWGKRoLo6YErpS7mV2xRMlL+VvLeK3Cq8g=,1160.0
consensus_latency,VD28zpYAVV8LQqfDGDkkRPEohpYdGhZgXZ6mknVvXGo=,1160.0
consensus_latency,X1vM+z8UvioZ3FTmJZ9jmac3Xgb9JSj4Cor8ubtDhB4=,1160.0
consensus_latency,iwvFbYp2Cue0XNyq5hHN5NavFqX83hYq+ulPjSeKjhc=,1160.0
consensus_latency,lg89y+twiVpXbUhT5XMZlqiMHSxm3otFGRjwU0NOCEA=,1160.0
consensus_latency,ljBXmROUSY0hcPUtipsN0Ts3fOftLOieu7I5Pl9Vjgg=,1160.0
consensus_latency,ro7aQL8yhhm5LyloC1fGXK3vd5bjYCVn7t78XILdo38=,1160.0
consensus_latency,suAIs4iGSn/hwP3E24ujqiLzlGHmW0sr8oOJBNQyq2A=,1160.0
consensus_latency,tQzW0ROzdYQBqdUtAiQ+D+lzah3axUe3WRyP2hpkCY0=,1160.0
consensus_latency,tr2iFK52uK/87OLznvDoUiYd1z4d8PS7ab98AyT7KhE=,1160.0
consensus_latency,x3UcwrfQb3tf6+J0HvKZ49roIuUSwUhap3FQuzLvYfY=,1160.0
consensus_latency,EAdia6XMP9+saI4QIwJjuZcLzd/6Qo2BjhvhylqgsCU=,1203.0
consensus_latency,ICsxUtV+pQHGWuNicgvhEQzrUFHHe9Yr7uJZ0I/WPPc=,1203.0
consensus_latency,JVIkpHCUc3ouSLk8b6Eq8eu+tXMYy4TWLZVwMGlJEEY=,1203.0
consensus_latency,KbIINlk3ysd6EpeOXnSNT9h1REMfcHjle/DwdzSbyCk=,1203.0
consensus_latency,USQK9/a67noZK6A9aecKlUJb1EmfhW3LQ/OHBGlHV0s=,1203.0
consensus_latency,ZyqN5spGRIgiN8tFWxBlfdfxyQylh5CFbSATgaUoPp4=,1203.0
consensus_latency,fmivoGx1LQlRGgwDB0dD+EXnho0jHNRhAUQa76ZaLqM=,1203.0
consensus_latency,hDUVPw1EAmEGyQSaHWxz1BAZu3Z665sy8tMUAVDyItM=,1203.0
consensus_latency,kIWbDkJNR54+M21Gdrr8wCxWq8R9N1JhZbahbfmOVDk=,1203.0
consensus_latency,lKlc81VzYKpg+qfb0sSoMnPdN56lLZX7eLYGE09P4ZU=,1203.0
consensus_latency,lsnJlvPupRMT4OUjjmQaFHelhRijgNUBxgLZY8H91Yo=,1203.0
consensus_latency,rD7JpMJXhQudUtSIIhETXdL09bSb5wdOeGusNz0jnys=,1203.0
consensus_latency,wn5tdg8qCJpBpy5y1K1CXtu/fRn1UGk7a/oJ6TcdfNE=,1203.0
consensus_latency,yYyhXQRl1VN+e8X0QGvXdfYYPk/DGAMQmll9DCyR04U=,1203.0
consensus_latency,52BFsxQaqLnD3snHdGkmkgIPe/HQsO0GWnba1ctjuos=,1203.0
consensus_latency,64ikBHHvaj7UkNw27YbaaIb0HfC/huahMRunmy3r9q4=,1203.0
consensus_latency,+So0g5OE7Ogcl0e0X2hunaso0MZEb+/BdkXI9veseEY=,1203.0
consensus_latency,+jCRwv7MMyQ52kGfOvtgpYjeCNVBM0bp2dRIUT1CK/I=,1203.0
consensus_latency,AiElEha4i1V7WucESodukmmc/ovXQShj4uAehuHP78o=,1203.0
consensus_latency,AnyKnvsH3PpYetBFb5pUcIghnQp5XMI6YM6y3YKesUo=,1203.0
consensus_latency,EYPy0NPMmtbDZbLitc7hYM3sdGR1udU35jBNBF8Lqjg=,1203.0
consensus_latency,FZ4c2YKqIO0U+iJ7A5lxUN7NZP2kBuTTnTN5QxrDvuM=,1203.0
consensus_latency,G83PfvC8vB5E9ltlSdkZVPDnxSUz+7a6g79HHd78UzY=,1203.0
consensus_latency,HOd2SdQsOVZO2mJkPH53tvfAKXY1o9H2LTEfaOEuYBA=,1203.0
consensus_latency,KCOpo+fYA3eUbzNeP7Jz2xy8517SXJigtWK3Bn4dYy0=,1203.0
consensus_latency,PSs7ejJd6VczYUD6F2LJbgdfabOzwXpcYScSJCusN68=,1203.0
consensus_latency,QEOnToSciOk2a8RlrQvZq7BVQBAUFKzpaAU7bG5b6SQ=,1203.0
consensus_latency,RrVVC/xLpBNAAJgInbdvYO2/afTTYLE2T6UxQt2sVl4=,1203.0
consensus_latency,S8yhyYSUjFXcJt+DOxP5L6/dALh4xNS4VwOUvmm9VqE=,1203.0
consensus_latency,T/ge/Nw3ebh+WETlcsu7FGf/4kkFT9M7rUN99FInvas=,1203.0
consensus_latency,Vanbz0LKMg9lwvIJgrUTdvQEfGuihKlLtZu8IA/NZhE=,1203.0
consensus_latency,Vps02h3WRwlUaNk2Zg+mjGlRheDymmz0Atldm6nHWGI=,1203.0
consensus_latency,WSKuXIkaWyzdZBEGWvUF1PMgf6WBoiT0AZRm8RfmiEA=,1203.0
consensus_latency,W0EIhBr6B+V1WKJU4DF4iMRuBbD53vxCwd/gfar03ZQ=,1203.0
consensus_latency,XbPP0N8C57s0M5lTQUrG1nOE/bCChhW8KTf0UcK2MXs=,1203.0
consensus_latency,XlE0nrzWkLy9XBume28YjICxNmj8E+8vWzz/0ARYKxI=,1203.0
consensus_latency,Z1E6ZVLiKRfnSk+V2wzvV1p2yDReLO3dcZwu47+c8kg=,1203.0
consensus_latency,anjqAOb0Lxt7xmgRu6vswjDYzvtRYLJ6xjHaoW+ayCE=,1203.0
consensus_latency,cnlk/SKQ6r1zYYmAOxVsX73xbnmSxr+64CT0SONfFVA=,1203.0
consensus_latency,expCj/IxZ0+mt6PEpjc9disScIMvENIApEewSPoiR48=,1203.0
consensus_latency,ezNxUGsU/6Yquhfq11rzjbFsAmFnfSp3CVvxDwHE9lU=,1203.0
consensus_latency,hZ6+Ej08Zic0LPqWQ27lKNPACtOcVL7uvoF6YJqPo0Y=,1203.0
consensus_latency,hauiTQAsuIePpenk7WiAiE4+qUJYASgUYTAr+TWofPs=,1203.0
consensus_latency,jw/YSQS9boLNxNpkKxerRadfH6C3+Alg2lE0RyoPSDM=,1203.0
consensus_latency,kFozP0PygjVi/EUR40ASULbHAeo7Lg7Fsb+hlbUByxA=,1203.0
consensus_latency,mVyiMy+/JPaBChA96Gits1wzfdWDLP7AqGxK6YC1f00=,1203.0
consensus_latency,melTMUVtjQokN8Y9WV4/zKm8ccL/LgOvYiI6zS54gJI=,1203.0
consensus_latency,nvnWqirxrxWvEb0oTZt8IjbG9kh0OW1lKOEZN8iGLlI=,1203.0
consensus_latency,nyxc01Bn2z6rQyDxUsNmwtiSy5MLEWkqbHf03XngWpE=,1203.0
consensus_latency,ppum2cAFi+t0mifWGuu6xyWleFrcSRnKoar/eEiS6Kc=,1203.0
consensus_latency,qonBNoHlohWhFMWhaQBDAEtJIj7B1cgK7YkF4NK92bw=,1203.0
consensus_latency,qtHjB/vtQsb2ICytQtJBowh6bmdde4gurjGGWvzlCTE=,1203.0
consensus_latency,sULjMN+ZIWTBLydA/u25RkpNmcqzYMfeszMi0mjRdvI=,1203.0
consensus_latency,s6AWm4ebs8J/tpHNHcUCaMmzHfzBvCBtX6aLQmIinLk=,1203.0
consensus_latency,tRRvU1xjDRGcdk6qWYKsnOlwwDnsE1tHRPXvF9oJIUQ=,1203.0
consensus_latency,yz8zZeQTdl1QPxlzLAQFMIV2ApMT9eUtzUbhhC0jd4c=,1203.0
consensus_latency,zEULRRvR55hbdBnp73M8CS1bj6CuJSc2NQ+GWo2Vm1g=,1203.0
consensus_latency,zz/t/FO1lqrm+IlML79PD68zW4n0VfSeLTnIk7uiDKc=,1203.0
consensus_latency,11qeAQ/OjHijGvFMUbwNbwMpti5rensiWBpS2Kj16eQ=,1203.0
consensus_latency,2iFIh+yu6c1mZ99Fsqp4Mcu3HHk4K38oMul6fX3iqY4=,1203.0
consensus_latency,3FOO2t5hqRoQQLymsFb6T+FzS2inoiNEksgznW6Tv18=,1203.0
consensus_latency,3R7cfDq57pTTDwFOi/Xqg9sVoQxuoYA7PNIHEUtAJOs=,1203.0
consensus_latency,47uKKr5tzyKYwrzUM5FvPTZ94pjXnOt9C2Myzs4yzXM=,1203.0
consensus_latency,5woj+ntTQwwCh0PTToCXaWHRzkbx3RACJKIVtKqdUZQ=,1202.0
consensus_latency,81A27+qsl47y3O0eCQr80PT1uYx2JjrgvnqmGgjITHc=,1202.0
consensus_latency,//pmRJnYsHdI9KCxqPOP6mp1vl439Usp6jx6UsZfTls=,1202.0
consensus_latency,BFmTUNBvPOMrrbYDY+47Usur4x25EeKBL0sMas8m0o8=,1204.0
consensus_latency,D0CakREjh0ECFLFuFbShzuvKBW/vnC5YfEZMoAScf/g=,1204.0
consensus_latency,J7pQctxWtN1syfVQrR/l8XLnl84iRo23Jmca4tgMfy0=,1204.0
consensus_latency,OttA6njA8ic+fAiLvy+FZAHkupF6/BA7F2CWG/abTA8=,1204.0
consensus_latency,VcjEKqQ4vp8luoh3nWlo0+tanl1uSPnKo7NqkFB+ED0=,1204.0
consensus_latency,mqIBd4XAB+c5DZX2M/WXMC9f5bpDabh2YSW8SPuPX88=,1204.0
consensus_latency,p+lTWOC1jD33H01H90S4FJbMsyyp4ENaIGjvBZjCa8g=,1204.0
consensus_latency,vNZLiuocyzBX3mYwQ1QnCodnYOMFFcee7NsKnueBa88=,1204.0
consensus_latency,2+tZPsq3Ax3SI3zfRyAw8fUNXC1b5oWnkysdUW2zqO4=,1204.0
consensus_latency,+RC2DMN1IOZ0NLpond/BM4Gq5sACUaGstDfVWCQcmzI=,1204.0
consensus_latency,BE532eQDFLOyOkzC8dBNTdj3WnhcMOwb4nEKlbcfKlE=,912.0
consensus_latency,CafDbnseNO0ViswUm6cIdLB4tS2QFEUI2EqGigFPFL8=,912.0
consensus_latency,E09Amf5vIvEVXBww6U4h9Hybl4BjEoZhWIihMs9NTaQ=,912.0
consensus_latency,HgrP2Gj5ZyCzlAH6IXuuyw2JkCkUQOHBtvWYqfJACEU=,912.0
consensus_latency,OPVdWa7K4YXsyqq926W5K+5VoFhLpPaWFT8hOTezWpQ=,912.0
consensus_latency,Q9/bNFx3wz+U11BXurpjbvUcL/yWJvuvFwLnX/w1neQ=,912.0
consensus_latency,bRJe25+2Ybyr1tV4eMo66d0vjtEej2l3Za4kFY60Z2E=,912.0
consensus_latency,eIdgRcw/IaGx+0MWuYPHMar9pRGNyKN8kFEXPQYmW84=,912.0
consensus_latency,jOZq8jNkXSvODRb+/VlVEEhWTM0rDKUU/0DpsQlmMhY=,912.0
consensus_latency,u2etUt/PXlL/wvYgF0HEyrJZwM5QQdtOMRAyAcmqcQc=,912.0
consensus_latency,ypyhzmBBdHTR2OzsHs28VL/Kp9fOv1tZFLYtYFSJyvU=,912.0
consensus_latency,46yVnAGPQpL0qfw1VmXzHEE7fJatk5v27orQvIDkOQ0=,912.0
consensus_latency,5WbulV+A/wEHZl+24yoI2oO7NgazMhGKBwE/Mq8mLVA=,912.0
consensus_latency,7sGHEOOvKnD7c0bnb+MvPot3dHof4zaGI1ji0cNdBlU=,912.0
consensus_latency,7vUUngNwV0l3PYQZI3ZoIc0PmBR2xS4xwhYf/pAZyPU=,913.0
consensus_latency,/ZOkQH0ezSx8Vl2pjLoGxjvu8r1nc8J5dV/mQ/GrTkA=,913.0
consensus_latency,ZPir+jIboVl9PMyRTg/dCdiVS59NydiJcWbWVRJFytA=,944.0
consensus_latency,lfOGV8XYBnIEIBiwVZfJa9C+ja7ZsKIAU03Cgturoz4=,944.0
consensus_latency,317tqzTQ16wwPzLIB4pyiKOg3xvA0R2PEIr2JB2jjUY=,944.0
consensus_latency,AsxBMfOin2mfyUkjsrOCDd7i/EmCcWdYotusqPDsjPE=,914.0
consensus_latency,F4KAPYkSYMvlBJSibajDTxyOu6HmHzRPZBh9iy4ldm8=,914.0
consensus_latency,GdPo8UezpiwnM4LHo5nndofoINr/9E17T3peoitMDgQ=,914.0
consensus_latency,GsnFpvEvzvgyKL+YUYORVUGOwcwq6+O5vO7u65BeR/U=,914.0
consensus_latency,LinQzGYhpUVvzESqFeCFxNehFJnkcUOOxgQtEXr7z8E=,914.0
consensus_latency,RFFPzwWm9k0ttwuVCRzyZBRzXCFRb1MZ8Jcu7WvHq/o=,914.0
consensus_latency,TJ0VjHqbPOa+V/I7Cmh1fsDgCo9h/NaELOiVXr97MR8=,914.0
consensus_latency,Us0/sk1Ghpi65X3aY3fU6IJouHx+VIR9q+8dooNHX58=,914.0
consensus_latency,bYfi5R8y3Q1xQR50hWDJRX9Xe5lPjpgUpN8d7S+4Now=,914.0
consensus_latency,u78xyg2m08goVI5bkIrTeopIHoSONd9V2cc9rRrBqEc=,914.0
consensus_latency,2zGOefzxuic4YTncoP0Hvs7y7cIj78NChuTacogTXdQ=,914.0
consensus_latency,9NFT5Cv754smzHfG7GwU8R+deyS8H3SJAxoUZDscigY=,914.0
consensus_latency,D2BgH2SDNDt/5OxGjIhfOygzXzUj1mu4l/dMX3ju8tU=,915.0
consensus_latency,KSFMzM/cMtv06JEOmq9JotNlEdzUmMuPLd0Ym+pF0Os=,915.0
consensus_latency,QSLmyw8t/H26qosbnsG8lCVYdwIar8jg4vSInEgj/B0=,915.0
consensus_latency,REYp0BlnkV1Vxl/bPfc8ck+lDYXpnRMq5rsCz6HdRbw=,915.0
consensus_latency,apWKe7iQVkmJn+aAdJZA03wjWlLwyotiuIHtUQw08tc=,915.0
consensus_latency,jm+JLYrCp1zNgSUaqmCjBEnERtliz5mqME06ndmDbjk=,915.0
consensus_latency,uNfs9PZkbrnQOLhdUUquYk1kiTzaP2S4UBzM/diCWkM=,915.0
consensus_latency,Br66R1Q5t2bQkhBGNYbB2Mg4QCrCIs3HYvWkOSeoxyg=,915.0
consensus_latency,Dd5s2jQ2mP26bIBHyj0IhbtM+1JMNSs9a6LZbkoTuEE=,915.0
consensus_latency,LEuLE2+LKWQ/K5HoKNnx4x4MB75khk6cudaPefcaPoU=,915.0
consensus_latency,Np5an9NoHLy4qyaxCqLx71AuG57nFqNJunyW3BEcxIs=,915.0
consensus_latency,djsc6A9Zpmc9Aoc0pP2lb/oCqLhTcHoxCUtUbIQwggU=,915.0
consensus_latency,ekXUvA+oq7zXXNjF0ywjp9zuIzXxWJ2tYX/v933aZFw=,915.0
consensus_latency,+6PXpiRaaPSKZFHfU8Z2g+CQ98ZZzIyZsLbtHEFme2k=,915.0
consensus_latency,Is6vlFkEBTklk1FqQnRdu4v1E2oGgTSMdalUe49EldY=,916.0
consensus_latency,VHcU9mo7NRxy3pVODomTCd+3gYfiyJ3LZ6iE+8lUQc4=,916.0
consensus_latency,pS4yV4AyxbsHK+7GhezbEOZmNFzzLpyw4SsLP4ctMXA=,916.0
consensus_latency,Aeg2QhscIZ74HfgIlzYvGE/dK3Ax55TCcwg21RaLMTE=,2025.0
consensus_latency,Afr1gYDRtBVZeHQZ1pkc5bDuEA9gJjdFVmwYyASjYPc=,2025.0
consensus_latency,AkJSzYiRT+7Btgpbv1nO5ph/RaC/PJQfaGNRj7goBxE=,2025.0
consensus_latency,A4rV5eXjqRbsV4WRaA5w2vok+WeYRPjRWLBYSbkvS1Y=,2025.0
consensus_latency,CDCzVuDLSyviTWs+uW0x4RtbfvpiiFaBZjwd7et10bY=,2025.0
consensus_latency,DFlkSAXmAAXVUNjJy1kIm3F9hgQzRBnfBC1CZtIkWSM=,2025.0
consensus_latency,DK/qnR2UuSoh2zq3G2aSMYN8sUINzPWlUMicvuQFca8=,2025.0
consensus_latency,ELS/ytoNhr55d32KM23pT9SYRICY4bYccL9gPmSLg4U=,2025.0
consensus_latency,ERYB5JqSpQcjuXtG2g4U1Ql8cKNXxacg9jrjfxUXzS0=,2025.0
consensus_latency,EfCccf+n30j42plZ6FV4H2thGZExVM5lYcnX0vYtUZ0=,2025.0
consensus_latency,E+1rbvDtfs/FJQbKnoPF6LuNnGiV403GNKlzoW727bU=,2025.0
consensus_latency,F75ktPhUU5d6pTm8KAGC3ejvDFfNWKOQZDP717VV0eM=,2025.0
consensus_latency,G6/niBt925ako19pxSzjLA72/YgIyke87MjGy+ahOWk=,2025.0
consensus_latency,I4DWz3f1WsXqrd/u+YsKOGPyDnW1jXOv4LZPMIvlvXY=,2025.0
consensus_latency,KDCIa/j4RXDzkhyXDgfF+xe/g6PMpZjrW7nPmGgkOJw=,2025.0
consensus_latency,KYgRbo2RlxcvxjEjbDoE2BjFF5xbFqyBCPr1hAjHuAw=,2025.0
consensus_latency,KpyWnswuVXMTM0LF6VfYLesTOLJ/9gIVzK/HQu/7YGo=,2025.0
consensus_latency,K3EwIeIqw+vGLYmBSGCqpfJ86W75YYZyAOjqkqrFpSw=,2025.0
consensus_latency,LleG26sZML7H81p8PndeNu2oQoZIXJR8Xq3OkPPGwaM=,2025.0
consensus_latency,NQLe8vx4sALhPDfDoIgDUEc0P6nvjs1Ft6fFTXsCgR4=,2025.0
consensus_latency,PMk9iLV4W3FlN/bM+sAUJDPgnGbEcBYqMW+r/6yIZl0=,2025.0
consensus_latency,TcU58bdw6228SBUDsiZ5345pzMXLoZmD61GatRhMMA8=,2025.0
consensus_latency,T/Enb/xn+UCv3g62gzTRqH0BW4Zfl3a5k+q0smfcfZw=,2025.0
consensus_latency,U6eMzabsjD3/Dz9fV3rpu1u/Wz8WV84DIk1pCxlHmo4=,2025.0
consensus_latency,VDsxCxOFQXqNRhAa6fowg2ILff8s9BqAnpNCMHhl7KQ=,2025.0
consensus_latency,YLFwGlo+sYajT6WUvfeiIsGtq1EWAedpEexXHuJUQgc=,2025.0
consensus_latency,YfpQuuEgL4w0+CsOwYO31COGUkxN0kG9lzl1JGytB90=,2025.0
consensus_latency,Y4uQ1JAmIX5q5OetC6F/mNrMdAERLXRtJykjN7oH2ek=,2025.0
consensus_latency,Zy9vzc+YBAXjCWHTyVrvv6sztSu34BM3ncLRM1yDMIE=,2025.0
consensus_latency,aQnnPzVpyXzVl9QSD8nXfXgb14jQffVXsQp635GkpcM=,2025.0
consensus_latency,bNRq/6Yiz6RX0vDjubMyzMtc/L4QqwfvmX4q+H4Kl4g=,2025.0
consensus_latency,bpOo3PASTIcR21NuVeayJTpPahpJWJpFdshJYTGwfS8=,2025.0
consensus_latency,ckBDsL8Llkckg1VF/khFqX0BTE4Vjn+RfGr7NKbJoNc=,2025.0
consensus_latency,coTyGnJb7TJVpFRdk9hLzlb9WBfuOUFCfoud+C/hxCU=,2025.0
consensus_latency,fFSZ8fsLAVboeY6efxbgtFFluGs+GsbWX8Bth5YsQPc=,2025.0
consensus_latency,fXoDzDdiw7RPdbA5JE9DGdAVQ4+NuyoH0BwbyIZaBI0=,2025.0
consensus_latency,fZssWnoWeGkUArJjeHye6o0oalgOCzD34wxpZkostL8=,2025.0
consensus_latency,f3a/K73huPeWhvuxfM99JLl43DF/kHM3cZIoSDVques=,2025.0
consensus_latency,grAKt8wQNZJC+zUsqOMTojJWF1wb+vaYGFoHs5KNV8I=,2025.0
consensus_latency,g9iufKqkdsHVtBLq23xPqPa7AHWN1TqYPel7orSJRac=,2025.0
consensus_latency,iSQVxqt9DI8ddl9jYPrIQtmOYzZiSmWy6vp4lRakqxg=,2025.0
consensus_latency,jDKKmTT4Mtw0KTJWGGViuxuVbE/rYrWECnZ4IDkHZXU=,2025.0
consensus_latency,jvRZ9UIdw5xN6WdJnzvCtyd9yYBDGle69ScItmE/cxc=,2025.0
consensus_latency,j0T6wsRluKlqBEQhyxMpg4qko6Aot8udImUo+zWulfk=,2025.0
consensus_latency,l2dzabqGgaccuj3XWdpQ2o4RLLFOMEgkNsz7ZJS4Ec0=,2025.0
consensus_latency,mERsTaWlKg/GUTBD6yx8vo8BpmHvjgUBstDXiQj6V0I=,2025.0
consensus_latency,ol/WsX+Y++vQDfPhqDgyjAiZel9cYmPlWHoAwhARZV0=,2025.0
consensus_latency,p1C7XobhZVvIk7VQFMgYtGA8e6eu5lH0U2+3dpU4cNs=,2025.0
consensus_latency,qNkveOH2t7sBIHgfQ4uYW7qzkmvS1g36WxtUgj8m0sQ=,2025.0
consensus_latency,tsmAK1FLeBGd8ApIV2/S7VfvgcvuFGYnfxILxDJElg4=,2025.0
consensus_latency,uiBC93FMKRQS+Z58HBOsuDTTrkHUlGKfaululxKsR54=,2025.0
consensus_latency,uivHQB5DGqRO6P39QQuJFWufcsJvZJLMxT8krt30zFg=,2025.0
consensus_latency,wgdZ8b1nNoz0pjBM/hAaoEcRjwdHTzZKnykrbhcqLM4=,2025.0
consensus_latency,zgVi6AcetCv8CZQbq0bjAVNlOjnkm5bdncw6j6I5HRY=,2025.0
consensus_latency,z6dFVRhxSi/7WxkzBhp9pbOAoH8tk3aObdvaLPgvhDM=,2025.0
consensus_latency,0L4IEoDI9ItDogu/5h/h6SRtkFG5/+gvZSc3jx3kuvM=,2025.0
consensus_latency,0bm17ADLW0CWafZIZmzGVJ98QZ4JM1SzX0Wp3uA7FIo=,2025.0
consensus_latency,0g4Rpwct/My3qJet0j+tsm6TiIFUYA5IIjrAps9/+ro=,2025.0
consensus_latency,0l57L8GXvS64bnYToi66voIgHDdzfbSaulbirS9aFKc=,2025.0
consensus_latency,13/BqnHYcZLnIAY82zbFUGkfAKSLP4B8v99U2S+Kr/g=,2025.0
consensus_latency,3g3FFKpPlWcfAW1Av0fGlj6sxBtTN8CvHf7Fgi9pqQU=,2025.0
consensus_latency,3snNLyIuFSK7I3h68gOxv2v/1iv6I4ZtzZIBCLCF/XQ=,2025.0
consensus_latency,4RrJkAkHw+nar11jCZw1O5m2Ipiy6pW1mbYn4yweoYE=,2025.0
consensus_latency,5/77pWHFsbHDKaNTbTi6m6SFPWedM4xNdByRxAHh3V4=,2025.0
consensus_latency,8HAXvHsJrx1oic8qAlMitkhyAYsOE6DwXfQuXx4ZjdQ=,2025.0
consensus_latency,8NTikjBU3S4ayuezWlUeXaykjDMFhAVP+TyunRsiWrQ=,2025.0
consensus_latency,89XYT4HpojI/FfJuxn+5elKVfAt91sYUq7uN49q/PL8=,2025.0
consensus_latency,9U7CKeF4XSAg9OgMKT+wwwtIQbCPrj791OAk5e/S5WI=,2025.0
consensus_latency,/kZaU5YCvhgwm/mML8p/P/mHCKVTeKGdfLWOJeKXtSQ=,2025.0
consensus_latency,A6bIMKN4Tb7ou92m/K2lFQ5pwp5DTupYIeKyDqys4SE=,1551.0
consensus_latency,NaYhyZ5Q6K4LaxpUTGMxkqjLHt+gYRJMQHHoJ/bcfwo=,1551.0
consensus_latency,MgEvMsF9+/Ukd9oNEnVhdH+ifIxohEaa4wTbOJd4pcg=,1393.0
consensus_latency,NAgxAQIsq0/9kV92Q+Lk3lxHDNQEeNG+FxeLBk92XmI=,1393.0
consensus_latency,RZxdKJc5W6y82QCrHXL0Z1gf9pjKLjQ2YQ8HnWkMeUU=,1393.0
consensus_latency,SzByA4RE3BsxVHfk99IcMqK6XMPqL4WhnqxE2b7X6I4=,1393.0
consensus_latency,TUKu60HNenQ3nNdeZmhivIcTEbySzYyTnh9Ew0UMNa8=,1393.0
consensus_latency,WCkXWmUU9wTD4XyYcILh+Tn9WW8rAxZNkf3/ddZnHPg=,1393.0
consensus_latency,f8QoZ7NuVQc6WvAY5H+Tr+JwqVZxMb+L761GbbLbEbI=,1393.0
consensus_latency,hUCiF6wFywBLpDaOQCuSOqL0IvYXY0nZWot4NiQix/w=,1393.0
consensus_latency,j2uzzfV93wwR9hcPsUyPqHrkhE38UgZzB0IPek59Nc0=,1393.0
consensus_latency,l3GFMojA1gnuERWj0ZgLVy0kTTSbWKwzhyLenZIZDj4=,1393.0
consensus_latency,oQDE232Hrlq/IPZBWRtYuHoOPfCl2klbtdoOSo9SOY4=,1393.0
consensus_latency,pMcqsLfnwhkFRijlmqSKSY0WVdb/t7Z51+4kAcQ/GjE=,1392.0
consensus_latency,4o2mBhUwi+CVtH7lYeuv7oC6RxfTMGA4PxS46iC7Uqo=,1392.0
consensus_latency,5pgNriZeYLG6bHwNfOpfK4L0Q7nFZO3dPvIc9bhFSds=,1392.0
consensus_latency,6JXKc/v3s4/+glMCOOnH7FXdiHCmEFQWGVCULrXldFs=,1392.0
consensus_latency,8dxrT2k8KHcnQtqdaChEo0T5Neimc6FGVMJSsMzq64M=,1392.0
consensus_latency,DPLBT2DaUOsied1qI7L0+3+6FYjvlat61rxuP1yLD6o=,1392.0
consensus_latency,D+GXUoPd0QXO9syKGVbE1x3dWGNCekjUaaaMsgREjjU=,1392.0
consensus_latency,ICr7/7EDuYvK/AzSrqN5pXPT/KPS1I0COu6J4EYgJ0U=,1392.0
consensus_latency,K0Y96VwCSq7Kgjo6fKVrQJPVCSXZCdJHrkt4xONcKP8=,1392.0
consensus_latency,PrgqJUp7eyYcVsYNwuwe8BHlHHdeuaaFhB/z74oC0ZY=,1392.0
consensus_latency,RCEdrSSSfr7v3+jx1QTnikOdKT1RdGssou2ZLgdw7g0=,1392.0
consensus_latency,SJDrf/XzIrJ6ocO0lZwediDl9QMQKJtd88uLlwvVvaI=,1392.0
consensus_latency,XaqLZX2gvjfmKSsEstd3zpqleNSzVWwbmMYu360BMjk=,1392.0
consensus_latency,glBJaVrFJkq+X8AdnQQae2pQiPBuFidc38+k17TSr0M=,1393.0
consensus_latency,mP+IF8qUhPV64jb8pRGEBq9OGm5KaLb/6tbSd+6le7A=,1393.0
consensus_latency,oDmA9elVu7/usrDEbFD871HgOhNI+rjXPYHn7oTD2uA=,1393.0
consensus_latency,v47zjgRKyjCdNn2RpkZ1GBYyr1IkBcID9MoV2DT5les=,1393.0
consensus_latency,0ZUuX+GD2FcksGsBMJx85HN546cMUe04AOrLysNcCiU=,1393.0
consensus_latency,3zm592R5ozJnFPiVS28VGImkaSaZW3QEUpxJf8XX+L8=,1393.0
consensus_latency,456MdFKWNgx782Th6sNBR5mirPS1SaDFLp1gHEPTK4w=,1393.0
consensus_latency,+EGmTVr317mBFpC07E922arwawFxz/gW4BQh1gEy1Ik=,1393.0
consensus_latency,LsYdOz/1yu4gcg/9sXdCHa5+bz1GN8DJ9vVpF9GUSRk=,1339.0
consensus_latency,t0zmcQAK0bkpggr4Y4Fbvf4dqyeGKYi6AmYp2DgLxGM=,1339.0
consensus_latency,vHHdHz+D0LLa8sS1jUlaHyr0Dq9V569veBImM9RW36A=,1339.0
consensus_latency,1KwPuUm+osdmWyo3j+W8nCrlwvQOvTdHTXvMtm0rCUs=,1339.0
consensus_latency,CHIketNNvUKKyDIws9yl7l/8IDgre1z8YxnJM09COWI=,1395.0
consensus_latency,FOf/k8JAddpX78edGZOSerpx/+q+t3F2qGVWmjuhbkc=,1395.0
consensus_latency,Hf/r698u11UUWQaTT25RCe9HHnsn2LiVTDPvdw3yPJY=,1395.0
consensus_latency,NvlKLUJLjaNa7wpvvrpSQsDQ1/gvJE4nQU2fvvTXaf0=,1395.0
consensus_latency,RTXBbva1l2reuMVo57h6SbjZq1yNHCGzEnKVSatdC3g=,1395.0
consensus_latency,TekFkMDOgeORDdnVjbz3wj66kdjDe5VhdAVXm1RmSNo=,1395.0
consensus_latency,qZmtbexYUDJKsEEJrtz1OL4Ry1M5n32jGIslnkADU0A=,1395.0
consensus_latency,qc/KBDPwdWzCvMi+laoibLrQ22LfYqpenqq82a88pjE=,1395.0
consensus_latency,r84CWlZiiqi2h+zl37wCYo4Cj1J/zp/KZv75DJQziJ8=,1395.0
consensus_latency,uFDQ+SbY/W/YTRbdekS7csKlvo4IWbhz7ryG+KQCUMM=,1395.0
consensus_latency,v+HLvSC+pNVlo5N9gYciAQhXwn744vLsmFGMVYizVac=,1395.0
consensus_latency,wC7Rcaa+kyW9DhdTTP6uwS8IYTwpx4fL82TuaVkAsGU=,1395.0
consensus_latency,wbYjklNwL32dUW2ISAocZwpbkBm3crZg2QIPc6WXMB0=,1395.0
consensus_latency,4KSoVY75A4NMbpd33jQz6bjUk2bq2zu8ONCX9L+33FI=,1395.0
consensus_latency,8FrQkhT65TYFh4sR5iRK2H39z5I0++5Un2cLIXuMrck=,1395.0
consensus_latency,+ILO94w3t34eomOYiikzxRqQYmKkgFdFlFS7QOnlw5c=,1395.0
consensus_latency,LLGu6TUlo96jGIgn/QeyQvei+3R5PaRbrgbrLDP2wP0=,1393.0
consensus_latency,PEA+m1ke+Bd5ISsZLnhYnUCPn2moqzI2CHxWOy1gRZQ=,1393.0
consensus_latency,Sqle7+4ezvNvt4oR3Vn0UGi0QlMyCfpK97C2XQfAz5w=,1393.0
consensus_latency,V4LUJcbhiy9e0S320UXx90JZg4csq60YsevjTr8Pu78=,1393.0
consensus_latency,a74Jeaf3mIclBlC0mHHVXB/7bnBL6CSX+FIp7dBLWPw=,1393.0
consensus_latency,gZcsYJrpKVjnitF3rOjAIl804xUIgx3Nth2FbPNCA8E=,1393.0
consensus_latency,jz04fB8eMryJM28XcQ5ahhy9LeNHGQ3jaxG94DdZfkA=,1393.0
consensus_latency,nvJ6ISSuqu/KOn2jveubTPWaKLZda8dfKnIY/6u9zgM=,1393.0
consensus_latency,o/R0bvbLwaN3cfdDI9fTfzeK2/PjhhakYxODBtJfIzg=,1393.0
consensus_latency,quFYYyfaf31SZO/OPu69CS7Ef1HThyMiJcn5AXFaQew=,1393.0
consensus_latency,v8Fqqn2S6vhYv1Cu9ZAeZcEIUurdXAa8rvOBLSrJ8NM=,1393.0
consensus_latency,4pwAOU/qKcsimKK0Q7E9Xgen8yvh5l/aXwyt/m2BR1c=,1393.0
consensus_latency,5Z1Z2co7w4AjWrlQXvF/lZ/RaBJ0FK+S3kz7UXKDH0Y=,1393.0
consensus_latency,CrIi8V9siKBdFRiA+zmRwk6CGAN+5yizD4Cq44c7S48=,1339.0
consensus_latency,GRaK1rdDbptW8S+NCRKKVoHgm1BOq8YURSVV+FErmfg=,1339.0
consensus_latency,Jg5c78Mm3PL/G/5OS0rGzSAhYeSwZwM9m4IIE21XoN0=,1339.0
consensus_latency,MDYNqGhXaGbn8DvmW8FYtb4ZHtlYOHA9QBqbn/Wxcik=,1339.0
consensus_latency,M6E61FExA26hJId9OBs1GhOxibNX1aFXIsUqWQP0SVk=,1339.0
consensus_latency,NDnoDMn6TZiwOdci66ZrdiHr3vCCc7rwiFtpkhMgLpU=,1339.0
consensus_latency,NQmmhtorlu3hb9teMDMXmEw9dB1mGIJrZEoTSebJS2w=,1339.0
consensus_latency,N9jp2EoiCk5nYeqFuVSpfKbt43YjD6NBpcGnHNLuAhA=,1339.0
consensus_latency,TQsjZCREA2si0Ne+KKBC7iZz30V9JVCtvMPZQigJ0HY=,1339.0
consensus_latency,U9GRPFY+0DbXYydSCxQUU/yO1By04w5B4u+2c4KDNXE=,1339.0
consensus_latency,VJOAox8FtG2sunhmp8CD+TipSiEMk8sp3RQk2UPyCzs=,1339.0
consensus_latency,V9TGvSlH2mayd05levefFVIgxlxA5uaXJqy3KCISjOE=,1339.0
consensus_latency,ZulxoSZKcK18Pt5JSd7eOgYg22PXQLwVd0HNt3OTcOs=,1339.0
consensus_latency,a7xDZZN3tuc5Wx6W1LkhCMxq2Ffyduplfnq2mrFI0UQ=,1339.0
consensus_latency,bkNCsMT4C5ISbY+QoLX6Yxn5E4s3pVUnwHkQDaDpH3U=,1339.0
consensus_latency,czeHPUT+0da6cnZ0OcWE7OjOFxYHJxwLCjQpD/eik88=,1339.0
consensus_latency,eaHpdwXjnbi/xU+TF/puXvLeUt5/qJngvZtQEpcrB9s=,1339.0
consensus_latency,eiUHKJdphfovbh661jlrqQ+AGHpmP63lNd0nSo7NoaM=,1339.0
consensus_latency,e3l7CllFdRHQjhNg/iccOTjds2ZU0du1uqQxd4bf0IU=,1339.0
consensus_latency,e/7I5NDNFpZPBNzl0WzibeC/HeCGBy6UvpLDGGRna6A=,1339.0
consensus_latency,gaQU8Ordq7RKBRARDDmwNQa1pLicA9+mW5as4xvO4OY=,1339.0
consensus_latency,jABP2dzaavnPhcwjPYGTB+ol5adJNVZh40MCyuJQDZY=,1339.0
consensus_latency,kY558qrw/S27EMxS4VRDbJ6n9QE3xmhawx3UsseSX6U=,1339.0
consensus_latency,l7ZZ3eaD5wDRWNbjIWn4GTORpufJld7neM3rUzMKlEw=,1339.0
consensus_latency,mmYYuGFRaKLMOiHgjxIiSVXrEVDaLGYy+QHsSCJxodg=,1339.0
consensus_latency,pOsurHglCK3Wq7pnAY15gL/HBQgqOczXWh5b5GNZbU0=,1339.0
consensus_latency,pbMp3pvsoGSPuG3uEYQco2ymWJ7WqNaMnPv0B2L7R1g=,1339.0
consensus_latency,pbk9S1HcXUsH9J1Kq95zv8ev3V8HeeIuFoeEndr2vhc=,1339.0
consensus_latency,sTADml50PMMa+2pQs4Ol9yzQQ+78jg0nC3MvEPSnMQs=,1339.0
consensus_latency,seeUn43qgmiT8GSyS2EcQ0Orfsx/Uo/u3fyCnIkPdwo=,1339.0
consensus_latency,soJlz41IXQpo/EWcdUMk1kbsPQTx/+ModgaN9jXZ3MI=,1339.0
consensus_latency,s+1+BlkHsJ8zzXuNVEWwACLZiI1yVWeOY7YY6EySZhc=,1339.0
consensus_latency,tCdY0b8hV60pSNtUlMcWbh9kRpYVHXFUAlyjhg7I8ps=,1339.0
consensus_latency,tWYeLnTLVVXoxMBiTE1ktaQ3Pb+Z74zyfQbW8nju60U=,1339.0
consensus_latency,wbdvWIe1QcZLTkj+zRsJImA5QNUW3qHZUcKcAWT7rJ8=,1339.0
consensus_latency,yajY2Gy4J/crrdbATekSrNwbhgf60B2toMlYufDm9K4=,1339.0
consensus_latency,1FodNqRfMU8XYHY5PaXsB8hUOEb0c8MboMYHXJmT0ro=,1339.0
consensus_latency,1xacUsrTR+4UdQ2W/Zx4pjlu9D7SxVxtIzSg13vqB5k=,1339.0
consensus_latency,12wxGG+058/gCpbtWFfpeKEgOo5dQbdTrIdX5bP7vwc=,1339.0
consensus_latency,4SY/HEmRdEPy/eJA+vLXV0Ljzx5KqDbkOMRrInZbJ6E=,1339.0
consensus_latency,6vgJErZY8ajG8I4fs4SN5TOHEJa5XFSdX5j4Shgm4G8=,1339.0
consensus_latency,68+yjLrKYlwQDpBDzZWsB4uL2OofKPT9GMNGbLjsZRU=,1339.0
consensus_latency,7w7T+1ARtKkOe5YLSPzASQRsxaBuxxHcK0yeDLc1k4w=,1339.0
consensus_latency,8UbQG3gSWX4el7wtgu1AOlPTY8lpzj1Ib+CZeWsqxFQ=,1339.0
consensus_latency,9CO6awyxSwM25ULRdqcfbvULdgv/p2zSIQbklKFs/g8=,1339.0
consensus_latency,B8RsyLX2LVxedE/AOHiu3IxKb59N7awfFmBzfcWvXHo=,1286.0
consensus_latency,W/mhioWqSuQmjM5XFkoWXW3lS6wu9iODYxtx+M+Ecio=,1286.0
consensus_latency,fcOYaiKBgK5bB+Hni7Vu2ARu3c7AnWzR4/wXNd42MCA=,1286.0
consensus_latency,qNp6AZ36uBcNXwN6qz7m8LI1/vU200NT0fUVA2D0e0w=,1286.0
consensus_latency,9hKQDvzov7ZnUwY4t3yCLmttbs8Gj51RhWMnwafzMqc=,1286.0
consensus_latency,Gyir1dKcix0mKS3gns17aSvGR4ThmEuM3q8vl7XK1uA=,1286.0
consensus_latency,HKqw7fDpxUUwUau0LgO2+lqaSm3xo3VPwHyoXYT1HkA=,1286.0
consensus_latency,MADGLoTgW7qeWFnoL3DlFJV7EJUswk3nTC8HUjGjk9E=,1286.0
consensus_latency,XYmYFrGBymyelZ+g615ElOKyKasH3KKI4YrYDB3miLU=,1286.0
consensus_latency,Ys/38JhofxTK3qa7RqY/uVLyC6T8g8RylwsRkyNPhHk=,1286.0
consensus_latency,cHFomanRnmokFo8k4Iml3NyJiLn/xs6gmIMhufW7M3M=,1286.0
consensus_latency,ewgkvozdA0r+BcXLG8JzwCPT5BNAIVXPS6dEdS+LV3k=,1286.0
consensus_latency,iIvGVasr9kq7gX3DxAQ6iEfJA/rZaH254fvv+/6buKg=,1286.0
consensus_latency,qiaetxPDKBYoW3OLbBVpLmA1Fxfk3P+ISFVMnAZJq8s=,1286.0
consensus_latency,wsIIXqkhVJ+IO7ALFmpZoQw+jdq51ysRHiKeJHAkfBA=,1286.0
consensus_latency,xtSggQwZ2g1hQvMSvSrYoxEP6p1ubEjBkDxqDgEoARM=,1286.0
consensus_latency,x5ke/bai+BEbLqzYp6YasVws+5grGgoFqHsaMrMTva0=,1286.0
consensus_latency,zzjfDOyoB8GXp+j1mncUZMtErlxJWOVb9j172GjQZHc=,1286.0
consensus_latency,7GwKDXCFuYG6F+4Xoa0hPk7uriZpTPMI0XoYtpoj47I=,1286.0
consensus_latency,N0VlStQpGFWQp96BGSVXKRyqaFUx77+6uxRvm5si+J8=,1289.0
consensus_latency,z0eTEJNLUnzikarxyDglZUeCY1LTkq9Fuad2PJrgOSg=,1289.0
consensus_latency,7rfqjAdrSoa8LBpjfw+CNIKjFuKXVu2nMWFtbKHHK3k=,1289.0
consensus_latency,BwcRqLWZ/WUxyDhlXPximStBvsvxYlpR9b+Eq9X+8U4=,897.0
consensus_latency,B0QYzxMmtS8P3YmYDlWG5UTuFqe9KIyoKTPEOeAoceA=,897.0
consensus_latency,EYMdEMCs7H3vvOQY3Vw6Am0aRUOWyecXdLCRJGdj4jA=,897.0
consensus_latency,FHtxR7+k8Ze22eRk1jjAb/Q9J9RdGyI8Du6YWfj7aN4=,897.0
consensus_latency,Gz/jBT3i74osONpdxD/xJkxIsWumSyIYnCuH+6Mhtqk=,897.0
consensus_latency,HutdTVht2CMK8FT9A/TnNMXlGbPpeBL1Sjj1y4PaKIY=,897.0
consensus_latency,JACuhw4sONozKFYKZ0OXlTcdhAUHfQLIMGjIBfrfc9Q=,897.0
consensus_latency,La9/QYzfWhnMMMHByhp8zYWNqHuz/suK3Eg09yVQWnI=,897.0
consensus_latency,MLQKVLP92vo4vcnQBzI2xRwcW3GQOfRfEegVxitqGGA=,897.0
consensus_latency,SFpXr124UKlcN7QmlxSIsBr6baXaDfvMdRGZ+2Gb5bA=,897.0
consensus_latency,TbaHRCX+iRpzN4lJas79GNOA1+8KTGbQ8DdoNMNQVqA=,897.0
consensus_latency,TeQ3uKiP/jpoO9gv/B9gRrgSEAqp685kmuK9RGB5j7U=,897.0
consensus_latency,ThSrib5T5P1JExOdILaKQOYH/2MwmXovf81H/0Rc5xw=,897.0
consensus_latency,aL+fN+LVzv765UgRQ6F5yImikpR3B0ng1c8qR3Bfsww=,897.0
consensus_latency,b06SaqhjV3DMMur/FTe2pQQgsnz5xKBiVCP65R8F/Tw=,897.0
consensus_latency,c9fjA4T2Dxa9Bzoctp+fxKRlXzx4S9D/p1K/N11Kh/Q=,897.0
consensus_latency,dJuhQ/MmuxA/BY3+GKwFYuYJ4bqW7B4+ArV70y/IihQ=,897.0
consensus_latency,hYJFG+DrT/Y/xEGosiBB7nLxrD17a6+7tVlR4bbhKdg=,897.0
consensus_latency,hbse2/Gxa0aV7pASu2pm8ZT1J16ih8obTHVfTUebT0I=,897.0
consensus_latency,jDbVss+vog+wENyLJqG2hpVvKIvZ/DLRjW8u3YNj4AY=,897.0
consensus_latency,muFX2gAntaIKzDfUwnWHb9VYbq6wUpPD4KhpsT0qR4I=,897.0
consensus_latency,neDqF0Pwx2hNoh3XkYtoxNJ8MUe0JRrBnyKF/0gcP3I=,897.0
consensus_latency,qw4Oc3ari2AxwU4Df5oShFd+MRKZkvvQll+rkMqvkps=,897.0
consensus_latency,sdf4DLmkDNFDyE5CRiFkjbc5BFHZzphWWuuhcdz9/1M=,897.0
consensus_latency,u5OMV/QqteYcREw0WGciuvU7+PvSmW7BEoxVCZYR6m4=,897.0
consensus_latency,vYk0Tzy+Vvi0/yswV9l/VPXBKNxuPLgwuczeWxbXmdw=,897.0
consensus_latency,vrRkPkZAYYH1dFGjVoYzwZ1bjAEr3W5pUjv3Uki9X+4=,897.0
consensus_latency,xYZn8t6mw/nP+1UzdHcIR0ItRwSoLcCWs9fBxMI6670=,897.0
consensus_latency,xYctmYeQ8Uk/EM2mSkvnEqeAGpwRvYGikaH1Xns4nvQ=,897.0
consensus_latency,yMALuq1oa+Q/WR3XM9/U9/a3xYpNBYlq9itvQbRaU1w=,897.0
consensus_latency,ykj/Odx8xavtPkXylVLB6LKWvA10Ew5NgjFgdqplU94=,897.0
consensus_latency,z5y+TIHgA8uyIFmqvCO+ULoTyqSJ13/Ii5WcdmyiXFw=,897.0
consensus_latency,0h7hKZZe/xmnwp4DmB+PsOpgYlUELgPgBYxUZZxYhk0=,897.0
consensus_latency,01CWQEyvsnWegeOiAFBio+gStQ1xMnaQ7cOhIURxoqw=,897.0
consensus_latency,2aO0jj953zfp5Hk+4S4+/9EVSbYU1mhMTv1Uk6Q8Hu0=,897.0
consensus_latency,21CZBc/L7EYie6DpJSU4p6EPeIH0ZxB8bwm9St6/3+o=,897.0
consensus_latency,3nLz55PwOz25BMr6W1OXBhvc+1CDaW3VS0j4rKTZHzA=,897.0
consensus_latency,41JajVOqumUrjCs1uIHYwfCsxZ4QijWerwP45tObSSU=,897.0
consensus_latency,5TNZC+cu6yS9b4siep5Bgna1oD+752YNBIHPZbKVDuk=,897.0
consensus_latency,782IA48d/o3UrL74b5tTx6UnDoCPM5O9l5YpwZrwe+U=,897.0
consensus_latency,JYodbjWm4dm17QPJDNPXPE0kYZX8FgNqBwlt0fFGv6I=,1904.0
consensus_latency,c5P45yliuPyrScWrdzVolx0Cm+4S6TJElv92BBo8YTU=,1904.0
consensus_latency,eLmH2G1rTX5R0xmwYbNkfJdtKOHTkdtChLHA73qxJWM=,1904.0
consensus_latency,IFbdsWwhG2oo6N5MVBOzQOa620oh4It+ZSO2HnASCQw=,1920.0
consensus_latency,I7Y3VsRLMkzG3yzn38AGSXIivaxYMo+VBHBqCEogIHg=,1920.0
consensus_latency,Ju/c2Hcwsc1/JMU9q3lr95+SX2uNjkW24ZQRURnrq9c=,1920.0
consensus_latency,N0Zyf3WL3jeoaeaES3xchD3hsNmVEpWt9jytZZeg2so=,1920.0
consensus_latency,em/nVjwdjPV49BBrrX31LW5gjFr0/YcohVapU2s1mTU=,1920.0
consensus_latency,yHp1fpNMu/tVR1FmQHJYnx06F4y2lM9m8t8l79/T2t0=,1920.0
consensus_latency,2hpzmesVt/C5i0Wus2ngLSxLVJu2p48/c3a8vTizyho=,1920.0
consensus_latency,E+Z6hBFfS0Kqvti1pJBFviXyTkOU6gg/BpSC8NIWuIQ=,1576.0
consensus_latency,GJe2AbiURmCowy68PBfmiSDrMz6e25dCwCwDvltYBA8=,1576.0
consensus_latency,Jg472xgFPsS/CnGk3b9wo9F8e2jfq2og8fcCYMEqY3s=,1576.0
consensus_latency,J3SMGuzUTSgqpGiWDQnuMg0WyXVgXQHudiv7A04XpWA=,1576.0
consensus_latency,OO6EtjSw160JVBBt9rWuGE1N1/ez3HRPuyy9bXmAXxI=,1576.0
consensus_latency,PwoZkp4ykUv4eTAA63ItDnE22dkG7rIvCBcsEJEZd0E=,1576.0
consensus_latency,QiRhOIv2qZPlTC5KrKn/NFJHGvOliFC8818Qiv+5YcE=,1576.0
consensus_latency,Q6gt7GVjVOjjGIwEk/Fbbwkb/9saQvv7TtO5uZOZzcg=,1576.0
consensus_latency,eqNyVWcHWrRPnjUMCbsI7p0dlKQ/743e/cW1P4w3Adc=,1576.0
consensus_latency,ibp6NgJVZGGOzcAD5QPJozzYG/DR13uMSzyeAgEsqHM=,1576.0
consensus_latency,isLHFg9HxE+GjKcYJjk/MTUbkxFCsae1J+1Mbis19Y4=,1576.0
consensus_latency,lN21BRwenFABUoOW1E3uGNj1lsrFRfFxeWVZgKcTOrc=,1576.0
consensus_latency,mCa2nQbDfgc4rMd9t0Ky+FhuHurSeanDi3KbkgycNAc=,1576.0
consensus_latency,tGm9Kh5xvk2+urYATcgWRumK9vZ+PP+TYN2OwXLGMc4=,1576.0
consensus_latency,uTkp0XGqE9nAkZhh14hlAuCmZHivyJ9VpNZ7gq1egwQ=,1576.0
consensus_latency,6bL8AqvgarELr+IL0nDf7A29f957PZNZ6DV6nEBTgUQ=,1576.0
consensus_latency,6lVjvhGLK/PArwN0/0upwOoMItigDpeDSF6TAqOE8ZI=,1576.0
consensus_latency,7iCCu4vdVKKp2ja5D1kr9XFzO3KFEuqkNpr5dubI+4E=,1576.0
consensus_latency,+GUPN4y+ZoYOlR8eTzaghlqUQu2yQXzW30WH+xEm7ZU=,1576.0
consensus_latency,GlxF3mSbnKnGfRVezF1C9T5NACpnl6xwUc/fJIaixN0=,1577.0
consensus_latency,L3xG+l6rSF0O4LxEIfD+JbwHzm3+vq2Z34Q4g3JcE+M=,1577.0
consensus_latency,Mtow1pUHDBRWy4z7u93ZwRpnwiGIoq/vnYdFxJQ1Txw=,1577.0
consensus_latency,Q1VsMuOvatqOXFug6wyzRpgN7RGNy+ESv5sdbPTQ9dQ=,1577.0
consensus_latency,RBv7aW18jPP8zsrj+q6MKni6qyatUQC4hrRFMETkjZo=,1577.0
consensus_latency,UVrrEkMy/HI+j4sLI/NH04SHHDcJDznYbR9oRpj4r3M=,1577.0
consensus_latency,Y+gwFhODwcLSRYXTtLW5+4dd5MYzWev2l5gTmMA0Kx4=,1577.0
consensus_latency,dx70eK1bZm31YyRTKvGuPEO6gzldiG0eJDbLLVqlHZM=,1577.0
consensus_latency,eUhATpWwHI266bLnQrn5L/2bqEZ8ZeijZWdCPu7hIEY=,1577.0
consensus_latency,fMtu7C3n8ScgPaPAiQ8lLOD6DIiKCN0Wj5+hUG84IzM=,1577.0
consensus_latency,hlVUqotISJOR66a7E3n1u7n21hkiAPA2SACtRIbg8NI=,1577.0
consensus_latency,iTyU2Z0164CJ8myYyxgGfEW5FgGUVE9S12AWDUj+O2Q=,1577.0
consensus_latency,kn1m6YiwE0JUFh8rXsjztdgniY53cF5JsIbI6NIcqEs=,1577.0
consensus_latency,pitfUWzc4xYTiTP5bdCanfdmA7ISxKgmLUja7MQY5+g=,1577.0
consensus_latency,tdvl7IUw3Zz14i8cWwQgmDDScKheFH5pOg9zkCDWjgk=,1577.0
consensus_latency,wTRHLE4MS7XsmIGWjrWyEXyGCpZpgoq/3V2oQk2JHD8=,1577.0
consensus_latency,w8od2J14Vk3By3hUbNRAFtnsOF9VUEZLnloKkHyEG44=,1577.0
consensus_latency,7VQXecOKzHnEKqb+9SE950KpE4+5WXEf+OcGwsOFO3Q=,1577.0
consensus_latency,GSNX7fp3Q0enNGJhv0QWhXEtCAYGmrkakxWrIJZVq/o=,1576.0
consensus_latency,PTl8vfqNM9nyXtyJ5SKSz44BKstdYLMtXFLk80O/Eyo=,1576.0
consensus_latency,VNlB4DAi640ibwVp65VkVR3ux+NG13FCiTwtkKG6jbg=,1576.0
consensus_latency,Vd9cS59DdkQswl5lkqNqJZ7lYOL+wx+nicOTLagYobE=,1576.0
consensus_latency,YwJfdO7TnmNyjYNXkI0ZWfquHse87NMuQr01cSLJpMo=,1576.0
consensus_latency,cUzy6WZXeKGaQHgGiqPOFbFm0UKQXOEuOIX/8m3SMug=,1576.0
consensus_latency,kSMb3Ex7Oy7A1dnrPX7P3q52BNc1SvVLWkQTvFYAXDk=,1576.0
consensus_latency,pyqQHY5r+0Wbn5HCKlDID4JIYMWDfZntY0+lN4Irf2M=,1576.0
consensus_latency,tg3kLV7yEJhVW6TfVBbMwj4XM9bZHy84xHqeNXM+aHY=,1576.0
consensus_latency,u1vDvO5ilHUqOe4i32iBVjHffnHc0iqK3cEQfdDhwuY=,1576.0
consensus_latency,xgnN/5qRNfPb1opLxpXD/Fo64IFnebj58o7uAuJfb3k=,1576.0
consensus_latency,0G0jV/HCBCJGyyktDoeqUnGePv6dAx1ynnW8SNodsRI=,1576.0
consensus_latency,0emirMYBOg0cwcvVnLYlZTZ3DGVJyX/vglNfPr5OTSc=,1576.0
consensus_latency,D6r1OeHYXWED3Q21GtoFSaLpPFntMKUWcdkc49UP3OQ=,1530.0
consensus_latency,FxYw4qEUKSAwF3RcYm9xDcj4ylSNgA5LwBeh0/5pNsg=,1530.0
consensus_latency,GTXdmVDi+EIHfk8MCa9ZktGvItKJHJ/Oo2/8AbAACz0=,1530.0
consensus_latency,HVjuMppq3z7kOqDEJyYLzpCKi2/6J9WyvXYcnCBufp0=,1530.0
consensus_latency,XDMjZgA6cT0CPFl7ZGQZ9eaU30/XI3kfQyYsCnF0iKc=,1530.0
consensus_latency,X25aYZ8AxXN2aR02HEF+kN+XYbGZQEj9+NGcxW6dI84=,1530.0
consensus_latency,+4df+5ZydUQ+jS+Krb/FA3CIc/RcK6Utuf0JotPtJnc=,1530.0
consensus_latency,Dmujd19CjwLLmy8IAqu+CJ4xENV/EoB83cVgEvIO4QQ=,1267.0
consensus_latency,Oc/vWqQy7tEWm4iiDdAOwtioOwo/VvhivOaVeIknkys=,1267.0
consensus_latency,U1BmC0TjkGvS3GeVARzxjs31i+rLd1x/n7EyDLwIHCE=,1267.0
consensus_latency,bHncf+m2oHG4CkaVDt8a+Vu4cmdU49CYuGsH83bzykY=,1267.0
consensus_latency,f3IcsbN+pggxxbS+UBXwcE5ezo+lwmKYQjGyK6whpGU=,1267.0
consensus_latency,hnqpA4CxuhMTQEIZPVyQibGpNaq0HSkFvUwySHjQKWM=,1267.0
consensus_latency,ipkxVq2yMvcnt69H5Qiw88vQQgETG1VonKBn7ZUvL6E=,1267.0
consensus_latency,m0jMT81yaF8/TZZWOlg8fim7WWmH3imE1+B1unObPXM=,1267.0
consensus_latency,oTMBT0YO5a+7UgirHvVLkxpVCA3Nk4kbyaSGHQRB7YA=,1267.0
consensus_latency,xoH5jfe0q2ZbGiSEjzeWH6q3XTEs3iEkczsez4XPTMU=,1267.0
consensus_latency,6XVXiuJJw/9cyLkEBAAeADLzkyuSiDB9iKOo3JfEDgM=,1267.0
consensus_latency,9KStJKJLCMkTLZ1abBUwLa5KQe0nqN1EZVwirlqoBsk=,1267.0
consensus_latency,9VDwzemzBAtRGgnaQg+YpRQW63EE/BVukBymn7elCDg=,1267.0
consensus_latency,B2NVpeuxloWXeuQJLs1ax9Zus+2qQWWhQnYiyPHzUZU=,1313.0
consensus_latency,NzsFxBvXxsSjgljMYmOxmIVmjUyrFE6B2yqIRSPZVKs=,1313.0
consensus_latency,fSsx5lkF4+xpujbm0glGCCJs1cHr9yXJcaYciUyejb4=,1313.0
consensus_latency,k26rGOzaGV7iVVhyDyY91g952PBgfZ8SesxExULs01k=,1313.0
consensus_latency,oriEBJsyk996UzHVD0fIf2hwMiRsJnusb8ea0udHY2E=,1313.0
consensus_latency,qwyOhL+/JYS3cJdIEOpaqfsQGuM4wLYgQikASwlq8qI=,1313.0
consensus_latency,ziEunGuQmf1iDKVWkQK/rhPa7DoWJ67wOtNM/StAwPA=,1313.0
consensus_latency,8yeR30P5M1ZFIlS4nptnF9DvKWwVc2cwrZe0XpiKtts=,1313.0
consensus_latency,CYQIGZzAQQSzB365xwFeL5te9e6KkDklgIB1TWn24tA=,1268.0
consensus_latency,El8joiOhrapD4O+9ZTITWKwM2Oyt/hlWkEdgdSskUrg=,1268.0
consensus_latency,JYsH1O7osYLfPjAKK76OtY6rg6b7axs/jOIdx3WCWHk=,1268.0
consensus_latency,Nuwxmil1fTM2+JoIQalnEHqykGTvTDzpI43YLSHZVMw=,1268.0
consensus_latency,cpQqMsTsHoOm8KJSlvQXq+DnMrfw1PzU19cXEi2b230=,1268.0
consensus_latency,fGAHS+Fmy8uVbe53BdCFcjx1sLiLrrugXnUy6wQcTYc=,1268.0
consensus_latency,fGuaxZLSV25Dw0rsN8YUIjqm70dKxBfqhefqDA6BDxk=,1268.0
consensus_latency,fNwSmoL6duxTRAXyY095ZlZGiMcT4RxUR/tEeKU7FUc=,1268.0
consensus_latency,gUHiCfTrmREVBeVKPg8/+1HmSd6SKj5yr4krFACLpro=,1268.0
consensus_latency,gqS9yDR4t+xQApUjfqA6A/xlpcVmsgVnHoi3ggWdinI=,1268.0
consensus_latency,jqFAwMqoJzZH1QOqnYjd5M7VVIzZ3Ytj+6Sf+athBUw=,1268.0
consensus_latency,x4vJZBOLRnUguzws8SWpgyUoVB6/dl5MEWMJC4gAuyw=,1268.0
consensus_latency,4zcX96rLamgyKzI92SfLDnS4AFTl3pozxL5/fprR880=,1268.0
consensus_latency,5TNJAEuMXiuLPkYLXDhu7u+STWVTNjozsNO0LdrCz0w=,1268.0
consensus_latency,7Q1IHbLNLSMcHnDq5DCVs4CngSEKfZHisXycJfzZY9M=,1268.0
consensus_latency,9Q/7kHGIZrcgz/1MNbaznj0S3kcVEODZ36YDeur7BNQ=,1268.0
consensus_latency,FZ8WFrviWlsKS/ZjCvacZFxRwBZMNyKH8XrTB5n73tE=,1268.0
consensus_latency,GPJPNPCyH3ZAVZsYGGvoUpWNFUaEKylJynAfpDnC+TA=,1268.0
consensus_latency,GUhFR5lNDIRi8RV9cF0Hl6RwDO9Bpqs/flE3Si75uUQ=,1268.0
consensus_latency,GxvCBpTrfhP0KLkA+KNjL1qVO2gnOijEMd6AOy+qhBI=,1268.0
consensus_latency,JbBx9+NezOtVQBHtBLz10LZNRBPjNBN4r5wbeehJzuk=,1268.0
consensus_latency,QP3wKame5Wc1gAXPO7uFBAc36LtHPOY29DxRAGMZvOc=,1268.0
consensus_latency,eVXZP/SJdtZ0SsuLznWENKJ1laY+vCDnUUQY6nNkP9Y=,1268.0
consensus_latency,jvmvbmI+kWpVAVlW80EB2HvhSsEjO3yWs4CFkpqQnJg=,1268.0
consensus_latency,tHNfhnOH8pDZXCqBoPfC6l+BGIPEpHkke7JZr8cIr4E=,1268.0
consensus_latency,uGUKI320jiQa3TFEmVvSjkAfSEhh8g/mp37neW6T8IU=,1268.0
consensus_latency,x921RHti+RoeDIzB/BBv5otn9NGLLny3aXIrDd2Ws9I=,1268.0
consensus_latency,zEfDxhwUDpUQf7KASup091BYjB6eUS5Fi1dTkELq3AI=,1268.0
consensus_latency,3D08IXtJ2bWogGY1JdhOSW0VtQxSI54oWdq5xlEFAYg=,1268.0
consensus_latency,AI5vs4V1UJjI5mccoH3QP0tw7Qjx/gPTiCksnc+YAFU=,1269.0
consensus_latency,G+YIjH74z+Uwv/sfwuwzSal8N+/Y0q59rhT8yOBU9SY=,1269.0
consensus_latency,RcVX+1tPsq+bhwZJufuQqESqYRuq1jsGDGU4asf4JHM=,1269.0
consensus_latency,YWlPesDo9FqPfOdet0L1fwBg04okD/wOlwXF5eN93Q0=,1268.0
consensus_latency,ZYv/FpztP4RT+P83rom8W5tR0mJUWviIapTasFr/Y9M=,1268.0
consensus_latency,b9RYALhYJz6/5mX/VQEv3vSCFmCOvMmXOgYaDNY9YsM=,1268.0
consensus_latency,cN83VZuEsw1sfkdgQXswn6rylPrDjOuH6o+rbnwX/TI=,1268.0
consensus_latency,dPWm6QvIxFKUItMrWQMakXhiR3B+5w0Rul59fuHk0bM=,1268.0
consensus_latency,kC7tIVyhlrpQWPmFnXvy11/RZDkLrwKY6NtjM19wpUg=,1268.0
consensus_latency,lHmWZW9JvgFbKKI4F2DpHAYNfX9OTOzBW7uTvt1U/a4=,1268.0
consensus_latency,rBG4xTL9+FuBYD0L8INGvl2YycgwWOapOa76q5Jwo/o=,1268.0
consensus_latency,txX9by9xPl6i0e62pI5fvR/EAIOTSbkB43QLmHLqwQE=,1268.0
consensus_latency,u/AYaFWQFO8SxDExHuqq1AKbyj4r4N8pmJ/VzIb31o4=,1268.0
consensus_latency,zwBvskr0yTXU+tA6wbeLvnLmESkz1IrJ3DKnoUWvkuQ=,1268.0
consensus_latency,069B1c9RGfgN5X/gui+h2p+mNEquFfP3SvPN/8KdLOY=,1268.0
consensus_latency,/K7XMR0iPq6aJsxMk1cmt0w3y5WTnOiPZND/tUJgju4=,1268.0
consensus_latency,ADsAdTMV5ONo1Bw5FthRyCkhSrofCrdgx1u1Gjd4AdI=,1268.0
consensus_latency,AszgghD+62FK1SCuOvLhPygGnDVWDjh+QISEDuVi9H8=,1268.0
consensus_latency,GgOL/HQ3ehbgCvFE1Ouzw2062zCoqjrtGzzPVNGWO58=,1268.0
consensus_latency,H+zND8ombhGucN4UaBoQBr62lDkC2EcN3J4sjsFC7Go=,1268.0
consensus_latency,NiKN84925/MuxWuXutS/nMolgoKqge7tCWozLTAzlDo=,1268.0
consensus_latency,SDwynC22p/oZ8OOpLZrJuw/ZDV/9zqMcmv3QrkjMJF8=,1268.0
consensus_latency,Uk5/CZ5QrPBcIYBNUN9UkoKSbQvSz5VLcciE3YnUYgU=,1268.0
consensus_latency,dPbwPeWRh5+3BUSGscPj7KzXTcHxBm+RoHnFvllg2m0=,1268.0
consensus_latency,flZs7rt2y8aIybx7Qo0RWNaW9gdqylkEJT9PAzqtAk4=,1268.0
consensus_latency,gWMLQiz3j9e75G+19GKc6WlZE4HTBA+bZR0LN+7tdDM=,1268.0
consensus_latency,ix6kPSq+26/e0j9+Cl51FvcCf978eVifjHBL/tbfLD0=,1268.0
consensus_latency,k5giOpym07CLW/+xvlSoYsmZSD7jYJ4+hICPS54ou+0=,1268.0
consensus_latency,l42NuEuN7HulnOiIp7cN6ySH3PO2/+PCAr8LQKAXKiE=,1268.0
consensus_latency,o+QBPk8HhEL5WVoszDly4HlRs1YRm+tQazPtLBsxYO0=,1268.0
consensus_latency,6XFNC7eekFoV2iaM7L0XvgSaKJArpeIHu5IAheoEJI4=,1268.0
consensus_latency,8NwuwgxS5KEPZuA8b70bXvE6lap4eWyE5YBXSBHrrR0=,1268.0
consensus_latency,JPT2iIuj2B2gakU1OOtBf3JfW1zEpKNGt8fV1lV04IY=,1114.0
consensus_latency,PzXYvcx86P6gUHCAkhYjAL3xy24MtlRJPLpcQWPXDuY=,1114.0
consensus_latency,Sq2BFg5l3o06VsbVnvOAe1zKH+QJNu6tSxnC+LL+MK8=,1114.0
consensus_latency,axQiAEP8ns+JGBqXBAIFlbTMi6+6wuySbfDjnRsZMao=,1114.0
consensus_latency,bZyT6QVzORRYvHPvoTcLYomPlvdRgJ2b8l9kuvUH5jo=,1114.0
consensus_latency,hI098f7w3TzTCk7/VbE/qV8aMdnfcSyz+UEVlaiSMow=,1114.0
consensus_latency,kPmroLJmEB0BpsDJZmb15o/u60h1HBea1wG09dha120=,1114.0
consensus_latency,kzsayAOWvFq4rRiPCMLNWq+fggsGNtgf3Mg8HpnFpow=,1114.0
consensus_latency,lY99V7q6zRQQa/9eBMctN7uWfcCTuy8MXOvlwlp1M8E=,1114.0
consensus_latency,n2SmvX+t9t+uDiEDiZk32E2EB5kxSyq5pX3sVkVpWJ0=,1114.0
consensus_latency,rSeFJWku7hUWhQ2swXxvWFsvrJPQDdiQ/cmIJRb++NY=,1114.0
consensus_latency,1M0pAlqaz6BBVJNHjhgSpMqK73bOTIQrhLHWp6qcCrs=,1114.0
consensus_latency,5gIgXp69iG6jYXGzIMqI62xBTV6/qFy4MoIITJBXoLc=,1114.0
consensus_latency,9b0Fxv00ieS1TdCZKncd6+Mc25ZQ1HJKp1FMtsjfJ4Q=,1114.0
consensus_latency,98mhD2U9qgwjzh6bSZ3um8UXBC093adW2Ch11RkIsDM=,1114.0
consensus_latency,/lOcjRV3rEKxmXqTvxhL2rZtXvTklmtPsgHIGxa8nH8=,1114.0
consensus_latency,ALlufHJIOXnsWuUUEkCFHRDVlXw5Q7iXVq6JX+pvwtE=,1063.0
consensus_latency,DFrTx+mEczLMZaEsFJFzlHAFAXBNK50G7vMMatL2hzI=,1063.0
consensus_latency,FvzjD+z/HjXSTzI00NGGIGsk0vG0cNuy3rSiuj8iKJ4=,1063.0
consensus_latency,HpxyJvn5z0vpVFhT3exn7Ttc4V8Q0TCMR3xEB1ScXSc=,1062.0
consensus_latency,H0WZmuwiTjabIH1NDoVE0r+ZkxwI9PFQWZBTHV6EA5o=,1062.0
consensus_latency,Il5kYXxe2Oa+6VA8kKEQYaRYGx9mgJWIRch8mmOTi60=,1062.0
consensus_latency,OyFnLpYzRY/uGiKXSVwWhZceB17qEk7KNghTIGCA8IU=,1062.0
consensus_latency,RQrB4MWg3VgQUC5d+ePj3Ksl+GwRja2Er8s5MCRpkJc=,1062.0
consensus_latency,TMOZKIqBp7cIXaB08mpNHfOFnIyAoLph47KRGn7mQjI=,1062.0
consensus_latency,Y7jRGKKleBiujg68Q1Ym9WROoFXq2TzzlazAVF3rqWs=,1062.0
consensus_latency,ZVIQBwcCY3/A5Op0vi6Ra1mDwpjvGUdJEj9X0Q+tiec=,1062.0
consensus_latency,aBlXiv/2WbeSkxSkAlJIlQtqRjeleszeygnqUm9iBIQ=,1062.0
consensus_latency,bvLWi0zgAUU3jMZYTS1Ht8+jQYSedxqUL9OaFLJdYaw=,1062.0
consensus_latency,cAQC83ANHRxhLqJ+fKXjtSaLvoLgEGHmz7GQQ1kfJIs=,1062.0
consensus_latency,eUhrPkxOAgy6r5fBCgBbAhGcDrbUjIfRrIIdxZscSGQ=,1062.0
consensus_latency,euTLq4KXL5wPP+DcYNRhrufIcIBkQB4FwTHtiPzKJZk=,1062.0
consensus_latency,hOJjJoXdWFpXFhMJ+lpSinoGma88eWUaKfTUkrBNZXM=,1062.0
consensus_latency,h+Cop6YFHerwsJwOt81V89BpsdF97mXNQguvkxuzO1E=,1062.0
consensus_latency,imrXq6Ir40fHJ3nlELaWRgMwhxWoIIoexx0pS2OWPfk=,1062.0
consensus_latency,jQrQwx/TJMeLJEKUlA5MPHqnen1XszzRLueu2SZ1ZSQ=,1062.0
consensus_latency,j40VDLQxQSJ+ZbDw0W/Rt9UxGcNch9IZLEpEdIKzDTA=,1062.0
consensus_latency,nCoyL5wC/ebcSwMf3iPgBMHNJ5hqjR3z6Vok44QmL5U=,1062.0
consensus_latency,nJeUAEdxAeKFtujs1J0XSv4N0OudSfEdxAPtrcgvGws=,1062.0
consensus_latency,nVsrF54KPvBAjrr20IcyIsI3Jorz8huaurMrGbB63QU=,1062.0
consensus_latency,qqcpR8r6pdZ8qgjh3mz3za6iKoLIN7Uf5o8oWHBJUhg=,1062.0
consensus_latency,q5KHRcvxTI2GyvBo1RkgBh5dXs0YE745035jECLb8zE=,1062.0
consensus_latency,rsANCTDRhVDYTaWzfa3i95xuuH/6JANize9n++NBmQw=,1062.0
consensus_latency,tnj98ExdqXfxX05TOYQ3MSm0QWD4sPgodJfgxZaD9Ow=,1062.0
consensus_latency,uSkGR1fceaak+mBdUG+iC0R8xzAi4j3GfcDmXKspN9Q=,1062.0
consensus_latency,ug+4BslhXHUl1B/GVoQeRYEOE43XJRQ67YxZCt5ARq0=,1062.0
consensus_latency,u3Z0hnZgPuFkps+Hy69z3G7Ns5s4pwW24ms3J2+/RUs=,1062.0
consensus_latency,yI12DOtqiBVaVU9QO2zxLpM1YiLkqCfok2qNH4F6CfE=,1062.0
consensus_latency,yOfa6cY/HiEmiADaXSQH/JfN9baZQo23rQoSS6AB2Ro=,1062.0
consensus_latency,yuNHv1hbA89P23+LFeZZG1gWzJNYxtetUn+sI978+yg=,1062.0
consensus_latency,zCkjl9t6kM8bge4zoquV3ZQETDO754iHsnQQDGlf55s=,1062.0
consensus_latency,0jjNIodPZ+JdVu/LUnkcCQZTJWmr1HeVQDGO4byfLdw=,1062.0
consensus_latency,1FpWGp00Dm6DS/zWV6UajtJbefLPPrgiwlkulNp57Bs=,1062.0
consensus_latency,1KRwwJJM1yw7689J+eRRBwc7j7Jgs31HtEE4ixYV2R4=,1062.0
consensus_latency,1upOBeRpVQGuXokKQSWFz8rdzrFoSfy+gdJVhYsh3PU=,1062.0
consensus_latency,2RQVxhoydB4OZlu7hVAP81QTEhZEKLsfIElRsVJhUMk=,1062.0
consensus_latency,3OYPsHn3o/U/zZBG+9u4UAUWaVP/Tjbny7IrpK2McYY=,1062.0
consensus_latency,30FMJn+WdfByiwwvW+fnJd/hPeZFkB6q4fXhT04jPzg=,1062.0
consensus_latency,49ofVvpQ+hWCoIvewoKtprLdoWzx05Z80nFTYO/X8nw=,1062.0
consensus_latency,5B7UikIVb71OrzW2FbYVPMwDKueU/M9uVM33GcyHOiw=,1062.0
consensus_latency,5EnpGT9suqbhKsqdUr3LjLDlOkXJHwqPUL/fYW5s8kQ=,1062.0
consensus_latency,5PdZPXc3EijLg6KFm0ERSpGkPUnfHYTnv0CsE+kQzuM=,1062.0
consensus_latency,5X5wNAMcbI9mVJ3dGDQm/Zhsmg9IiZWGSjnN1hwBOYg=,1062.0
consensus_latency,6rT/oDZxySPQ239el6ikNRKfuwvTfespaKVS1APzkUk=,1062.0
consensus_latency,8W8y2kSUOl5Tuk0Sg2nLsA8NhMCYzC7jWBxPl2lH3KU=,1062.0
consensus_latency,+xkUDh2fwpU4rq+eo7vJ9IWdxJl0tqoEQnJIUX1bjtc=,1062.0
consensus_latency,/RKJ1toBxTBVywIM9fKbJUchzCODW0eom60BkhNJ9hw=,1062.0
consensus_latency,Oej5d0MW/Y6lxUAt0WLc6jeXdPBaQqtWZvvTDAEsP4s=,1096.0
consensus_latency,QTOdjyd8YQt67q2dntJcYm37R7GLZgfI2JkgYunEjNU=,1096.0
consensus_latency,RCLcJLFLkuYL/GbRMZTKhTYi0grXG7k/t2u+8mQ9qvs=,1096.0
consensus_latency,VIykZxp6XaMxxf3kVQOggtTBmzAJ1H0uylpYhUui1lk=,1096.0
consensus_latency,YzZLPlskP2kcrqAWm0R9sPHLuTNnvzoWUwWEsdC51sc=,1096.0
consensus_latency,hDOQuJtuzZedGah41jpjMonEHBFB7XwQcOlFo1mvncI=,1096.0
consensus_latency,k3s+gQfnvPVS73L92cn6X6UdPIpQnmuvKeT+kWmtrFE=,1096.0
consensus_latency,ml1+I4e1kz7XuSGmRycSFdu1HkkH+4RZCQTNnKvNrq4=,1096.0
consensus_latency,qgQH4mOCN0mlF2Wl+uVI1cWaU5h8JFDV2ZWxahi6IiM=,1096.0
consensus_latency,zmRxLWf3MMLBKlExhjZxqILHLaBjrB0jdS8T5xMLxTs=,1096.0
consensus_latency,1Rg/qnUUzH2u8u7mHxGqMf9AilF1wO+1mGX4oyo3wGo=,1096.0
consensus_latency,4BNub9fYzuQFXV590clYryln8i3nRJCrjWciB8SLm6s=,1096.0
consensus_latency,6mL6NpPGeXVhXmoOOhA5fRt6CCD6VDuCPg1VDYimvv4=,1096.0
consensus_latency,Aan/dVXYAz/DDbEij2HKzi9GfvpxvfrVSE/lhiA5xQU=,1062.0
consensus_latency,EJbMTxxGnXFOSc4xSDPtpTYpceUVtWnUjb7zxMwM25k=,1062.0
consensus_latency,Fd9OESMlO4DuJx4bbC0wdHCYd862S8439WTnp1N+qHg=,1062.0
consensus_latency,G0wFHMofLBvicsVrG1jcqaizKHR7e/v+ilDUISsvjAY=,1063.0
consensus_latency,JGDS4hmHE0HayJGwzPRgMlKgDuNbMim7qBWtfEfbYeQ=,1063.0
consensus_latency,KF6A1H5wow4IB7rVQiU9Xl0U/stwwRI0zJc27HUS9uk=,1063.0
consensus_latency,Rdo/41aGvk2BZHmCs7cb9VGlTU7AOvd1UGRu6+plaj4=,1063.0
consensus_latency,SSleiUEGGC3wrVeWznuuxDDtE4gf8SD3TuIWmQr1B/c=,1063.0
consensus_latency,TGDGorY1xwjedOFFyGcI7EIgvjaSOGGg4esuxh6s8uk=,1063.0
consensus_latency,VLDlbS8DO5iyEY0Y4+SYGQcpnXhrzJZfr+uC+o1uE6Q=,1063.0
consensus_latency,XENVApNHFDQU+EZzek/PZiXt/wQgQ+dxNl0xCIszgrs=,1063.0
consensus_latency,XR7f6XyZfXA50tWFpwhY6CUW7lYaEI0YYUL6+ZNnCVs=,1063.0
consensus_latency,Y5L0RmRXxH9H+zwJ34t0MYngYwgtei09aR4Nfv4wqFQ=,1063.0
consensus_latency,gRRYNeXw3/cfXwxU7zQmwMB7NAXHgUFll80gRN7xFUI=,1063.0
consensus_latency,hQS7E0ZkoYS6Ue0RBw3PLJDOoWLN1MB+AJDzDMhA1YI=,1063.0
consensus_latency,jpzbMealckM/kWz0BfRVjfZGueIni+HjAnR64Zbfylc=,1063.0
consensus_latency,jyNp1xlvHmdJEUomC2ZY21WY7aD9stMTDM1TyV0z+6g=,1063.0
consensus_latency,j+raO8YB5uMdA5D/vP/SS0W8j3ey/aofYG1OOhOrCwk=,1063.0
consensus_latency,lgNUw9OGBV3qwKiK5LN2Nmnx/qIn4yhRYEXs+B4FzSg=,1063.0
consensus_latency,l4Fy+FvPAzoifxI4zLkbzdgjt/H6iNzcjb/xvkmgI7M=,1063.0
consensus_latency,oKJq/o4yA6ciMJmrIlpsCjRYkpq7luVh8CtEw5QY4NM=,1063.0
consensus_latency,qoEeXA07Hmro8ihYZvRMrswHi74L6XEK/Bb2407dtGs=,1063.0
consensus_latency,qsusnwupOYHt6a7+tW2zyUhPHsnFoQppDOSyLXkWJMc=,1063.0
consensus_latency,rsTifrR3B80CK9PchSYMwdNqPv9xk0KFSCvzIO5LL1E=,1063.0
consensus_latency,tDUDeOUcbaq7B8WztjBsPq0VLxIOVyt70nIGVrU/u9E=,1063.0
consensus_latency,xXUEUycPakpoqnSG10xaYe94gKe2yaIUM1wbAX1COgs=,1063.0
consensus_latency,yEWO/CDcQoIn46tjPL1jUhoP90wCHxGNMCwIv2rOQog=,1063.0
consensus_latency,z8q3zDrblQ0W3oT+Ev0oSvJkb/iRcs3V3e8Zv9MGIRs=,1063.0
consensus_latency,05auCjOxfs+mOu4hWklUIXC1RY473Tr1IK1Xx8o7IHs=,1062.0
consensus_latency,1+v8sdgSHr9UGOmMZc3wsyLGKLMiULEADuifl4GDTv4=,1062.0
consensus_latency,3kDkONC68T4qli9HVxS6oULmsjjH2DF7G7lkKE1pRW4=,1062.0
consensus_latency,6Ni6imd13D09vpL/kgOjz/ul9JnHRsB9MgEYmy6vg1A=,1062.0
consensus_latency,8mSwpaLTXjH5tPbreV5+uUSGOCKCTATu5Hphp+2S7oA=,1062.0
consensus_latency,9Qc7bUpaCyGM2wluKwGA6IpWtLoM/pEmBulBteLVvl0=,1062.0
consensus_latency,9oMNo9xa6xUbnI5Mic4Op0QS8HPyRpfAefsfiDzMsEc=,1062.0
consensus_latency,/Nz1e9xZ65UG1Sg5tcyXBcv+qUet8ew3vi8GZbieuVE=,1062.0
consensus_latency,BShhHiDsatN01FKwtQprJfk2qlgOu266qJQ7QYK9CG0=,1116.0
consensus_latency,DaMSkHKRhW1osrBaVXUCXoKG/pEctWt7/Lq+FTiyryI=,1116.0
consensus_latency,He8v6oWJgINF7XUgyq02BR6McTfuoX8+BGRdwGe0/4c=,1116.0
consensus_latency,Hn56ai7bJheUc78zErkaYXHRG5Mf9zMSNAJWgtv80uU=,1116.0
consensus_latency,JtO4rQH5O+YXWYOMZgLoLFo66qrSoZWJE/PElSSYhT8=,1116.0
consensus_latency,NiBiJ0ZDT9Q7PbFpt8/VCHtxYRUUuwSmMH7woI5DjqI=,1116.0
consensus_latency,OV7ugpCzLyf3Bx1t8ofmZQTHVgiG/RU1eFpBYgBDjbo=,1116.0
consensus_latency,Rlwj3XiylDFCphR694KIbhCz9DPthb3B08BGrFWI768=,1116.0
consensus_latency,Th+TL4adw7hG7p9IDPSH1Zc2pW7pk7BQy1QIGBGRnZk=,1116.0
consensus_latency,XYZBtqeVjnyLTFx6d6D0cK1rycqFisxBxOY0YKXALVU=,1116.0
consensus_latency,Z7axKZLlUiGSn0Pe0EmkJA/rMS4j4AdycSQmDHLhVHg=,1116.0
consensus_latency,bJ6LIGVNLnb6lium5zGZSxs4D8e48EzNFdqVnzPpPtg=,1116.0
consensus_latency,il5MySIAvaLe//RFRSWW7ejdINGIhMIGSaIm/+8rArs=,1116.0
consensus_latency,qogLvx7MKWyt7gPUJNRTUB1P+2/YpyDgtfFU/q9UFwU=,1116.0
consensus_latency,qzkNAem7xM/Bk6KtD0mqRN1Ml7GzamQiMqC3l1i3XeI=,1116.0
consensus_latency,yxnWzwsTdA/mJzg3BNo6FPJve1psFkTT0UVemukp7Js=,1116.0
consensus_latency,049Yx+MsPPm1JXNkpufooBBV6Q2osVS6mgy6rm4qSnY=,1116.0
consensus_latency,5S/qn9DOsAzQL3ObHxWk69/QurQVQXEsLfqVs+2swO8=,1116.0
consensus_latency,5dV2/mhmLx4zL8czgXd3R68+8MGLb/SIiwCy61J7Bqs=,1116.0
consensus_latency,5y6ek1+/rhDgbTNe+N8FFrH32hR3vzL8jxmvaBanEmA=,1116.0
consensus_latency,50TPkuhDjHr68j6WcxBe1ZXWoB+vvvMQjXZSnpADdG4=,1116.0
consensus_latency,BNy5Yh9eQ31neE6w2hRLGUG/zlpiW1CuOEhWIG9Y5IM=,1115.0
consensus_latency,IKjn1InfBE+Ce/17efE4RDYWsY+v6GYTUvb6XNfnrh4=,1115.0
consensus_latency,K65ZkGcj+QhYF6TX9jnvW6Scl6nSCc8uO9Xt0CFCsyA=,1115.0
consensus_latency,Oc4Yj8sSgH07C8lfs+0Dqeqzz6KGJMTBsy1D+90M+js=,1115.0
consensus_latency,QCmq8uTrUkOukEFHJ4pJyo0alweXrYK7YI2nd/PfZhk=,1115.0
consensus_latency,XT1bL6Om+FqlccBp1WIAWk+WSBx+DVfZG+p6tTSnTQY=,1115.0
consensus_latency,YkATgG4tFmiB81BpMUaGrb97x8fSDhbD9YNuflhA7lU=,1115.0
consensus_latency,Zn33ZSmzscJXHfO6xk0cirkyM/0IPoIj28GRP9Dz50I=,1115.0
consensus_latency,ZuhPqMcLy6yoaw/c3fEYKD2UJZc/1hLS2n1EUMDySMQ=,1115.0
consensus_latency,c0YABeHU/SrL7YMMRcwPEg6Igtql3k7jERH/mEgeyHE=,1115.0
consensus_latency,dzRmdQwZgMwyG6+cSparqteqnijPtck1uzNmiGHHJmw=,1115.0
consensus_latency,kxj3Bp0Jy7+pBjCZoDcuPfCJ011avotZNpAwrW87Jys=,1115.0
consensus_latency,qKmzeKrKOr0Vwo47xrdgTUeucEuPcO+UWozjH1vYYJM=,1115.0
consensus_latency,4IYphxFAfMmwVhvfuLmVD+q8hc6khMrGUrWNf9HfRCU=,1115.0
consensus_latency,9M4Wrsyb4hZ8iPZgeccP2H6fAS5hOWdDUJ6aGncyjsI=,1115.0
consensus_latency,//5UQFobZ4LYijtZazKoyUPVP9lp6fGgk/q7vFueJBI=,1115.0
consensus_latency,A2iVb193JroZSnpVdxiucUyFIfaA01iDARCH7LxeY1c=,1116.0
consensus_latency,DN2xAXgf9nDABlK9VaNyt7vjSYvmjs5H9INmHKCrEdM=,1116.0
consensus_latency,Lv/3RRyRDBSDiaMLTPWuHw7CLrCALyEHNG7aejCylVI=,1116.0
consensus_latency,MIQtnr5HuzONYerprtXVMFHpha6+1AwlaVtvYgdIPNE=,1116.0
consensus_latency,NSd/96NA4UrElHNupjI2cXJslM4lMAUzZR95hO8JWLY=,1116.0
consensus_latency,NZ98XTag3yYRGa/JoxuEhWvdx6XNvCUeCmZlMBQ5lac=,1116.0
consensus_latency,P+K7sHwV6y2n9OMdUPO6WvtX0pRZH6SBP93j5ELFZZE=,1116.0
consensus_latency,Qpgq/ZYb4ObzzcO+k4+mpGPFIcoMParDfvmxG+PPOfE=,1116.0
consensus_latency,UFzK1q3DA6ZW7bgdTKN5B/cbkeMTF2YleuMDtBAhx/U=,1116.0
consensus_latency,U4lSaxcy02n336PtjTI/G6dm+aODrKAepqPf4BaHP0k=,1116.0
consensus_latency,d9LSKtUGa5YbZ30jWEkyj/Rg5lMW/R/pKD3gUyHvc/4=,1116.0
consensus_latency,evLv4Rp7wL4ZyGNZ1AO2FmxzmUsUvpXrT4cvuDkI3AE=,1116.0
consensus_latency,fM9FoV/XGJUw9jweDNwlhT6YdU4ZazlOXU3vWn0g4Pk=,1116.0
consensus_latency,ohvTOv+tXYd6bfsyEHv94EL/DoUJWlAY17v+SqqZ6DI=,1116.0
consensus_latency,pl2ibxwaELlC5x31ZdG1CyJ0zIx3NT3RAGUZerUyXYA=,1116.0
consensus_latency,99N3uKiCMYBr+g2yRIwd8l3ngDeKtM8JeitPWtVMOcY=,1116.0
consensus_latency,AxjDT3IhLLIVQJBMyIG5QeWVTHGXjEqAtCDGL8yA8Rw=,2905.0
consensus_latency,SA6rGifck81n5CZR5MrWQnA+fdq/mMIEoERuowRgwfA=,2905.0
consensus_latency,iyAoyK8zKO42d/D49DHtU5rOTnVuenoP3nH9Lfwg65w=,2905.0
consensus_latency,7WF13pdXzwiD31EnHYcEGQQH6A0Wpw09IW6Jz0nRzVA=,2905.0
consensus_latency,BZWSrYd9eCIb28Czm85tvf8fVUsB8TGQQ25RatxsyPY=,2585.0
consensus_latency,S3bAgzwoJPThmry0Js6P4bzTMexJ/Bd7RL4lfk95Gh4=,2585.0
consensus_latency,TG+kdN3x1BbNuiG34hijqXYMOVwtx+haUvT4Dz0QeB4=,2585.0
consensus_latency,V1T5YMwUo3daMWWRiSDQtP8MGO14F+KJCzcEYK/UVPs=,2585.0
consensus_latency,WqE08brb7TS8LpUXW5JlRt7mdYmsxX6z11YWdEzlnIc=,2585.0
consensus_latency,YiMHNGVUnNG9S02Fyx/Qbc2qSNPB54gNbgiVRQhzQX4=,2585.0
consensus_latency,eyJigqqw+NLSFgdyeUtqk8LULbxrSnQCV9M5PgPtt/Y=,2585.0
consensus_latency,iT2sZrE/3QFphwOhGitY6TRi3skHWHQ61H0eqYTR5FU=,2585.0
consensus_latency,i0IyG/Ymz5ac/0S6TH9gp36jUV0Y7rGPNa0qIqlMObc=,2585.0
consensus_latency,jmIl3X+4WdBHAW1oc6jMKvqTlK92B1uLMI9ziaZeGJ8=,2585.0
consensus_latency,meCFEdfUjUwZdllmAfILxqO3khARJLw5qka1mSp1Syk=,2585.0
consensus_latency,nMathiXTYyGOmwkl+J7Xa8DsSTAqq+kCLEC7dtGH814=,2585.0
consensus_latency,pusF9gcvmONRoVaExz7hlBiKzT9h8rFLJ03gZs2Gfe8=,2585.0
consensus_latency,v2s2PztPsHjtzQk7eAhvh9c5h9yCney9B25IeOFdOa8=,2585.0
consensus_latency,xI2AKyjn+DWkN93ULLWvS24AaYPq/6XVNj866XuRm4I=,2585.0
consensus_latency,yWM9rKTsLfSAog9UfdHFHGBE4dSgkIiK2zc+O2Ynkwk=,2585.0
consensus_latency,0BexADLjXtM/ciThKRfBzbTZ46JGuSc4EYTeMdaIX2Y=,2585.0
consensus_latency,0YJ6Vx5zSygi0eodeZE3F+7HkFBW47Itf5/5I77Pvuw=,2585.0
consensus_latency,1yTymeqpzGu68j6oCtyZOYQY7fHYh2S+/VLkOKxusOU=,2585.0
consensus_latency,2FATB15C97gT3MfsVtu1LCFjNYn++6uSYCw6ZWS3nOo=,2585.0
consensus_latency,3i+quFfQM16Y2O0JrTKR1A7oiB2u+xVz4kc7tURmVNc=,2586.0
consensus_latency,4TxUdV945Y3WYfK6vAva9D1J3tWGkv809cNU7tdLiC8=,2586.0
consensus_latency,5T+atXvJuNFt6zLVXX3w64l5LNGFyiXZby4InEhtQYQ=,2586.0
consensus_latency,+MsaxPaq8jxq1kkGU4Zrr4qpl0WOSzcjyxtN03+GSWE=,2586.0
consensus_latency,BmNU3q1bK7qs2w13eAbYhsAZzT6ia/8329N1MrBJcRA=,2380.0
consensus_latency,BzV8oFbd2MAJCNiZfPNFDsl9n1GAdox55eDSJAitpzc=,2380.0
consensus_latency,Eb3ervoQwmeBi9/dGsrKAqEPDyqtyAEZbnLkvuPsakU=,2380.0
consensus_latency,Ed/1k5+NwcKMy9wRpZKhaM6GEAkv3aRfT88RT1sb1sg=,2380.0
consensus_latency,IX0oBBMvxBaew5mONyYTQaar9yg/+J6e3FYenohJyIk=,2380.0
consensus_latency,JmNdrvlIhBRne6yxIpc1iI2bEDXZBPUBEidP4HbhSnY=,2380.0
consensus_latency,K+JCK73giaMfNVyIakjxINvvTk1EI37XyB9Euz9GgoU=,2380.0
consensus_latency,NcEOZQuouSig/4f4ommylmS7/eY8kTu4Q1LEU7ZoTsQ=,2380.0
consensus_latency,NxxAJxp60NLTYUXK98oBSfVtszu/YaU/AINNltJjjh0=,2380.0
consensus_latency,RbiGleRuf/ej0yBf5VBpbDXcXAj1NxOln3b/tlRjT1A=,2380.0
consensus_latency,SmiE/xZvGQNJtkP0vgw7tO/ZTSTVE537jodCBkc7Cdg=,2380.0
consensus_latency,X3+GBVGCJVSBX4nFtAVSd2OPRXgXRwHSvr9XbXTxYNQ=,2380.0
consensus_latency,ZAxo/p2xcXWXpo0yDwSVI3+5+92sMGygP/PmW7GdzFc=,2380.0
consensus_latency,aSqPxARMiQ9iLT+sQW76JffdFrVljAeJDDEl4QcTVzc=,2380.0
consensus_latency,aWIvOOKRdEnc5Yl7xMuC+VDRKoF4foz59z5DkIxHP6k=,2380.0
consensus_latency,bHaeHWm48EmtQ73ZTAgPQs+LPmP0CRja7GwVE46MFEA=,2380.0
consensus_latency,bvHij7p2xfPQzjFXooibNjJs6TD6ULMJxN484q/vVHg=,2380.0
consensus_latency,dRbaK1ZrHjUhJ/XU5SEGHSTtLf8UU9LpqZUZPT2so0s=,2380.0
consensus_latency,iUmZSeNjAcwn8ZW3rzRc0jlps4O9bIbqv9afcOYWINU=,2380.0
consensus_latency,kafBy5Tz46gshZEfVqf9KqldqkLd7qbz7jV5GqC5T64=,2380.0
consensus_latency,rEFQUSGipk3RPwU0WIsmRdXWw+jHo8dwslXMr3+SAjk=,2380.0
consensus_latency,rzL0FzjkkS/nTqlX2bRXospNckH2PyW0AUAr8kBd3ys=,2380.0
consensus_latency,tmQiF7GXmB7z/r4M0KZe5BaKgcmaDARNMqDHmzia1vU=,2380.0
consensus_latency,u6EVpQzWhzhSBi6u6uPsErDjVii0NKNtHY2XeqN+fUo=,2380.0
consensus_latency,vAqalODgC6fGOq19LNDl8q4hWeAx3sM+KE025xjOvCQ=,2380.0
consensus_latency,vX95yn1eSD4Pp3NA8E2nweYz+KqMrJ7ccbHtVz+7YsY=,2380.0
consensus_latency,vqTpwx9aDptiWcUv0n/9JDpFY4oVzUv6DdVZFbvq++8=,2380.0
consensus_latency,0+V6ucoCygTAH8Hr0sBm5EJE1bnpXsHkXgZOLofMKeA=,2380.0
consensus_latency,1wEQHqYIm2qt2uwiy6767NQK3Dksm5HkLXEKpoOmhXU=,2380.0
consensus_latency,1ymN8ZgkQzo1q+hZw9PFADHHNO+ADADIqDjs68B6CDU=,2380.0
consensus_latency,23IyI+fj3EnCmteWPaetbIgPuokYpDiK+b5GUpG0clY=,2380.0
consensus_latency,5gOss0UJHDaZ5ac4aVg5QsWPZxGhnxG9l0/GMHBYjRI=,2380.0
consensus_latency,7JqYqp7AEJ0kDkUewurZVHj8djXbpbFq8XQ0S0PLhtQ=,2380.0
consensus_latency,7w21PrNDjTf709Bc8l90NVGhbMUypFi788rzUC844oE=,2380.0
consensus_latency,BFikHb5PwNxT9LuFIVfIqu1WErqtoNTrSIDfR8hnVKs=,2432.0
consensus_latency,Baz4u7kaXcegIqtRocxEdGgZt+bZj0nZbEzVKg5gAjQ=,2432.0
consensus_latency,GO5wniWGEh8G6w/IoAz5elhgxTh/PwvIkIPgmvmg5/Y=,2432.0
consensus_latency,JjbjAPU7fJjxI0KKmdWum2oT1HbK0ye/7871j+FUjMI=,2432.0
consensus_latency,KfPA9r037b8nVvZ9D8AcniIIdOGnDxvPXpeo6qon1ZI=,2432.0
consensus_latency,Pr+vlNzwKSnjpXXifobbcE8vbAPHNTuiqBAvbp32+0o=,2432.0
consensus_latency,UWEWWE2vb61C24mZewFAdk0rN6E27OBnQoW1UkWxqnM=,2432.0
consensus_latency,YO7xzPoMhFdOgJkKfDlyfYgnqSHIRPzTmnC0PT6K6Lw=,2432.0
consensus_latency,Zfn7+hJk4YjGjtpg/gCX42KLgoMeWevZX48fQFZpy20=,2432.0
consensus_latency,fOh7XJ+dbA7NxkXqgXhkc6KukKYu34lrAiU2IeXwVEU=,2432.0
consensus_latency,kkm5fSTsdq4k8XhN99RuRM/clwpxqX2N8nmYxT9u37E=,2432.0
consensus_latency,nZKVK0g7ZJCwkq2/oZFQxpd9ajz1sQrJltsMn/xEQDc=,2432.0
consensus_latency,zKQs6/is0cX1vDT0lSAieUGoPihaeGHDcgejUkbRIi0=,2432.0
consensus_latency,02e9VtrRla26va2y0/us8rMpiPJ+nmIPBieZjM6bp0M=,2432.0
consensus_latency,3/IexvkRacR6KhIMuJMlc/bClzpTaP5zT37E1BhV9lI=,2432.0
consensus_latency,8JIKxwZ3u10vifKUnICrR+7X3zk6uI7iNyNlt0ZYSzU=,2432.0
consensus_latency,Aw3zLkbIMnR1pvHC16IypjmRjKAOiZIXHg0KYUxRNT0=,2434.0
consensus_latency,BzUeuF8UOykgkIgx/cwh6cvo3DFQfvIxm5bUSwqVRJ4=,2434.0
consensus_latency,Fmz5cKXGb3F7SlakKvACHmOmH1INjwYSn4aY7wZtWB4=,2434.0
consensus_latency,ID0i9rwvdU9hq6BUvl4DQlqZmgi3hpn3qahSfWPXBHk=,2434.0
consensus_latency,JetBXyxv/5m0dIRRLmgOu+EKH65GClBwIO5MOyYZ9QI=,2434.0
consensus_latency,Jm9T+kH8ocVWHMW68Z4aL1qYQ9qe3sP68S9ZsK1pKRA=,2434.0
consensus_latency,Ncyc0713iD0JsRgZYQ2n9dtWUzyRCW9a78vVxEqtxaw=,2434.0
consensus_latency,On4d/lGIwSx/d+4Ue2uMLEe4hb1FgFn0VhP+sYl5B0c=,2434.0
consensus_latency,QEjUdHLUnjaEn2jMk7n2DQVJr+ZXggHEPosL+XPZdIU=,2434.0
consensus_latency,SvJW4HJ4pICaPygpe92NQMqTOYCQ1hWMylCV1kdjqkY=,2434.0
consensus_latency,S1eWpnldLakGDLn4z9f63PSmW+qn/iREEO5A2uNPvNk=,2434.0
consensus_latency,TPKhLo99xGQqkeaexLkunSzUDS8tfZlgyhU7mBOz/9s=,2434.0
consensus_latency,TQJQyfw3TjNcjTb1Rbt3uLpSbP22WItcb2vsSjrEW/Q=,2434.0
consensus_latency,TdANjocMVM1WURLTdPnxnbjClizAyMUYJ9XTqPZEF0E=,2434.0
consensus_latency,TlnmRnySbOneXm73dM3JBiQ2j+Zn8Qn9xFlzrEGfszw=,2434.0
consensus_latency,UxG7DgMD7vLcrzD7XYRPGrwy84KiXLKOxa/M7hPKkp8=,2434.0
consensus_latency,V3GbVDT+BrJrCliN1gZ1hMS+ybTNiatdF1TFKxGZhHg=,2434.0
consensus_latency,XYXhj5J5c8dfjczo4n0yocWxTNkmOOm+yAgt2hmUenY=,2434.0
consensus_latency,YzxUOAG4AeAx8a5dwLrHIs/lPknO/eVx+FUmGksAmtY=,2434.0
consensus_latency,ZAEplDrgjKGpcqvtFzTQE2FESS2jCf0jXENULvVoaqY=,2434.0
consensus_latency,bpl0Wx3BQcuYZZednaNuBHaLYGYCqwfYFEjRRH8qseM=,2434.0
consensus_latency,bvbGtfYDj6v8kRS68kMotWs0BM/bi5RYxynxjdNUWLw=,2434.0
consensus_latency,cOaVOKPzyxEKHLSYbzunyF7+DTZA7hHQ7hirCiQ7I3k=,2434.0
consensus_latency,fDLoIdSHqLJCAcP+D/Xf2DS6Qx2I0+xaiPhjd4JdizM=,2434.0
consensus_latency,hTSImG3vYLw6UQB8iLhfPAehuSq46Arq9wGFGGAlRvY=,2434.0
consensus_latency,j2EHTPFWMZyuW6ZiYHO/aLcAGY80fk/S0R1rjIuETXA=,2434.0
consensus_latency,nuynpUAj5lWr6t4yDy5q8zzAACTAhmlRgFiEO81XTrg=,2434.0
consensus_latency,sCZjRvphz3TwWPC5s6AGrLmq6+tzSRHhd/cksJAFzMo=,2434.0
consensus_latency,vbZsLMQTFtpVFoe10+WgqyYIQOLN5drk02gn/6orG70=,2434.0
consensus_latency,1M4tgPBgfT8MmWQ4nkuAXUt8xAdaQEyrn2bGzIJctLw=,2434.0
consensus_latency,80tAJs8UNJhPtCvP1tFD0t03ULnr93DHeihh0i/OJMU=,2434.0
consensus_latency,/fkGqV5hJAfeEQdNf5wPb3V6q5to8ZigA4pdSYntbA0=,2434.0
consensus_latency,DQbBCiv/8L7wbOdaPrFbBst7daArprTt9yBWd8y4DtY=,2380.0
consensus_latency,EliwgzMHEANyWTBJK8fQ3eAanOLkoMpW2zwcvno0EhA=,2380.0
consensus_latency,MMtqHnQZMMkFHwwe1giXfgr9cAJrgKbMAGn0WmultU4=,2380.0
consensus_latency,NwBSUY7JNc9BKTqY0ORNscNdCDh+iXWcF0TI+Smp5H0=,2380.0
consensus_latency,QRQYNpQGqhJmAVGgtTnAXVCkvzqRkv39Grt7rUvdfqQ=,2380.0
consensus_latency,QhnAFsE14xbD+/DdLNbcP1WH7scXxDjnSyuo3dvlgQU=,2380.0
consensus_latency,TYFiG5K9AcJ2Ct/ycTSOuxoXVc5rwe8pS2N5D3CmUTw=,2380.0
consensus_latency,TkiB/zntxbA3Xyg4y8aFSb3R96RISNzW7FLHwgTwPfM=,2380.0
consensus_latency,VQf6aTYa3Aown2gAm4OpJMGvWzDuos758gkNKKJQbm8=,2380.0
consensus_latency,Wc38yJSEcuCXnKUqapwCSeNNiai1FXBdvZhik8E626k=,2380.0
consensus_latency,Wnffx4mBjXM5BNFNzmxgAo5QDbwtTPZrU6/JK+76n70=,2380.0
consensus_latency,cVEqZvzzDEVkgEPI0U3FUm9K8hAE1yzG5TzEBUEYmek=,2380.0
consensus_latency,dg+xnigt4KwuqUt6avmhFld7yhNRkv9PvIs9GYO5kXE=,2380.0
consensus_latency,fLtOrqlUOvI7ipQcBeOQ7G2NyGbWhRtfsrtsVJbhW+k=,2380.0
consensus_latency,haSP1xprFI43VlPx6AdDQ4yJxBWBVQxphqBS9hW1jSw=,2380.0
consensus_latency,jcndeqOk282++G7qvChfTu9yJKNYiDs/sh9PmujQFVU=,2380.0
consensus_latency,kdC6k9ywdO7Ip4unN0tM0Ztn5sHpUVaiuc+5aX4h5F8=,2380.0
consensus_latency,lVY2T5Zuoz9Q/xsDaYHFl0dy1E6XDqYcmPRc0RvEYLE=,2380.0
consensus_latency,nBjEhMxZBtVhktZOLtn2Z4vLoXroxqP3PouHRbKhpKw=,2380.0
consensus_latency,r5QVvTYC4z2kGTeAEgatnVN7GPpVf+mWYevPxY0g05M=,2380.0
consensus_latency,svXlhms132bDpwRySBm0hnKqgfDV7N3fbQ1eHVyQOMA=,2380.0
consensus_latency,tRSDVwq9Neg/suO27emyNo5pXXlOVaY5QFZHiryY7/8=,2380.0
consensus_latency,xPqdO8XMoQpyXJrP0RanSddXCvDIP/NL59pVRkiSQmY=,2380.0
consensus_latency,ykmQM/kxTISfXLW4lWMjSjqFTKC7d6o/z6kKOaNI0O8=,2380.0
consensus_latency,zV8EZ7EsNGoJ0otHHFlORI7GSONsIzgH4pJFQZOm6Sc=,2380.0
consensus_latency,z53dapTfsH4CBB+KagEM6K7NmYiLrMQYO6fv88xtU6g=,2380.0
consensus_latency,1GP8LVTy1EkobtaLlB1By6tfDGjKGOc/Hg6JCZoqmn8=,2380.0
consensus_latency,2ie8xJXsFrcrxnx3f5IpZ1gHkhH5YYRRCEZ5WiPvEOY=,2380.0
consensus_latency,4RK8QcnpnE3YL0TE2bDp0F5sJerFfl611qBLUvB4GWw=,2380.0
consensus_latency,5DWD724glskzu8i01tS+bQzgbn8GkJ92ItMhP87N5qM=,2380.0
consensus_latency,5Yre27Ew88fXcZ65CFonXfYc21/KjqzAvENQMBfvdyI=,2380.0
consensus_latency,/fKq4aHT7zNh9gOE8MQgJ4s8afyx4gdLxU84UiWDERU=,2380.0
consensus_latency,Dfx5n1lPPhLt0TpIQO4qn79c4m7ikU90NeQnYi0WFq8=,2433.0
consensus_latency,FnSZGSQ0gdQjuSTmc97Z/Q6h4r/5FFUGJYEWisq9lwU=,2433.0
consensus_latency,QfyrWgbxqh4RFwPEECT2pM7g3EDrAPQMsgN4PcqPuwQ=,2433.0
consensus_latency,ULJyT3d1L9CJYoP6MlmynkZ5v16dAukSBGJLRsDWO28=,2433.0
consensus_latency,UYN1WJECOHEag7i9ykD8tPbqL1B7K9bLrmOoi6JD3o8=,2433.0
consensus_latency,bHY5q9q6PsujSgoOTLRbbckZFzIq1vnOc3x223SWATM=,2433.0
consensus_latency,cn+RLJad+wuVoiD/7HnZGWZTzzPWlrZE6S/1BEqabVk=,2433.0
consensus_latency,hqZvkML6gG9fth7Gb2w78Zmz5pnZximuuJn5GAdMrfs=,2433.0
consensus_latency,jhQmc7/n7jdAb8p+eANOzxkW4UH/kWL251FG8XaxOTk=,2433.0
consensus_latency,k2S+S/5Ulg08o4mhBH3KhkPbfJE4X6xfpW5pfBWM/Z4=,2433.0
consensus_latency,mOK7JOdjxixXvVKQEFryamk+cIakO0h35ZWTlQY0BU4=,2433.0
consensus_latency,ne8u8/6WZOl5UZtQ/eSXNUXPeMszu3YxYVjzflyRsXc=,2433.0
consensus_latency,wZaclPVSYd6/jgPFtX+NV9Z5KpeP9iMVqjQe1SMODpc=,2433.0
consensus_latency,xZtYw7I9bLPVo+AR8GiohKA986QltofSr551AGvEIMY=,2433.0
consensus_latency,1dGuhv0QL3sp28k0qrqI+BgQtmclrYKAJH9F0hhXhNk=,2433.0
consensus_latency,5NlMQTZC8Jb3bxjLwMK8L65/0oZ05cNPMaWH8REUfJ4=,2433.0
consensus_latency,Gaoa/s1vDPf37KzFVm8piNAB1K9rv8zrbZwJ4c5BQ0M=,2434.0
consensus_latency,G4qYkFW76HbiQX9POMAgxhDlXyvO5G8/R2PhU7ihjp4=,2434.0
consensus_latency,M22vT0/TUIIKoDW3QGCd0uT+ZywadDs2i6qgGs753sA=,2434.0
consensus_latency,Ptpg3a9Vd4hoNOjVWYoeMg0VVfb6QP6W131KBKCTGcs=,2434.0
consensus_latency,at8Ion2qmNJpupARq3813FpAKK9Pod2nABz+Z+CO6kE=,2434.0
consensus_latency,fVBkbU0L1eAJ/cnlyjQe5AxU/wXGDHOn8BCsL1CWUns=,2434.0
consensus_latency,nGQytJiPaWi9AJb9gIS4FpU28r46/29pUyrwQ+YX3lU=,2434.0
consensus_latency,qbvUs/RRAR2I0UhUR69yY6//CozDuSKTdtJuzq+aDao=,2434.0
consensus_latency,rAJD6GnlCY188dzCoFQLCCgrUbw2v/9cC+w6rmDpX+g=,2434.0
consensus_latency,uSqjKH/ESDiOtKPfDXQ1UN1IYzRgoyKQa+UKwzhm6PM=,2434.0
consensus_latency,ynPjp2uHYhw+0bJJpgYcpjKkrTFeJrfimsGZj8sPdVM=,2434.0
consensus_latency,0owD6/WgPwe8HpftXBttbHCjKqsslHCPD3fN/W43r6M=,2434.0
consensus_latency,00NhWxvLd9qjynOvr17sVwDcw6kZVLoWe5MT4s6aS/w=,2434.0
consensus_latency,3EWnQiVfV7UIm103CxglF85iWTqACDyEp7o0KngbiBo=,2434.0
consensus_latency,3NaEe+moKJ5m8/jM2xer9apdPLGyPun5yid/1FYu1O0=,2434.0
consensus_latency,6q1OQagMr2dNl7GnaKlufXK5dVv2PpCS1hz3ZMpDCso=,2434.0
consensus_latency,GdXuzXYDnzGnfakDIY2c2A50PiavajL3LG8RIS2Y4RI=,2434.0
consensus_latency,GqoTYt6J7Ini03OiGmdBM3Hi0mkvZWYhdbL7LUeKStk=,2434.0
consensus_latency,RxVkbCpZAgdf5sLJJLyTeEW1pGp+gVHkUGkuxHeIdqE=,2434.0
consensus_latency,UN/T5xRtHOu0jcEeWNNLWV7Lz+bOH7x27/jyR+vcSsA=,2434.0
consensus_latency,Vml9rlIPL4ZCUQyl8kyzfPx4fzLFvTkomuaWvRRvkkI=,2434.0
consensus_latency,XWvAtJPQAwl8XXKOM+C09FrEgI8RMzbiqyWemw5/AZs=,2434.0
consensus_latency,bOy81cTtH7B7Sm6mF967FW/G2zWUldHbRNdzocsP3jw=,2434.0
consensus_latency,gB3ZfBsBXOmHwrBHCQ9M+zkwNZjt+pmqP8LDgwr67dw=,2434.0
consensus_latency,kq/lpNrjRguCLTQifoinjoyrtEPMz9mjvQ3BZM2KbS8=,2434.0
consensus_latency,lAK91s92daBsPUCJkoY9TWY1m0JmLuh4x5Rezq/Y5Ic=,2434.0
consensus_latency,tSnt+HJGwfdjTHszuwgafXka0eH9xGbF2N/hiS5WoQs=,2434.0
consensus_latency,zHpxpps14UG4xQkNIKMObdmbZGOWyAW1QjzeUtLut1Y=,2434.0
consensus_latency,2RH4k8osrYyl7bQMAb9xZDUJNXG0V8CBgorfpulj+z0=,2434.0
consensus_latency,4/rU8qHkIs2D3tDFER2FxBXU/oYVU9S2YpeV9j7o5oI=,2434.0
consensus_latency,5MmcEINWyzeIwwPCNalx64SdrfkGvQ0MgRQyGypHa0g=,2434.0
consensus_latency,907t7io4zzH8+rLSaaNdt9AgeRaimPgHYFcbqc8+lpM=,2434.0
consensus_latency,+wd0VkAmBLgt7iN84mSyE0dQ74ffJu6A/sk7Me5MFjk=,2434.0
consensus_latency,CbIBqr2c1QvDRIUuTXy5/T/LGmJS7a8NkKEz0vexmBU=,2310.0
consensus_latency,I0xZUyu9xwZPRv3gOTolcpK3R8nshb2gEaXoOrGhoP0=,2310.0
consensus_latency,TyB6XXyqCT3UHyaUEoD6/EtMBUImA/6LJN2T43r4DRE=,2310.0
consensus_latency,WNaqkyYmGqQSkSXH3ulKgI9b661D+Yh/bZCvwdDi8iI=,2310.0
consensus_latency,XouEOxTY0DCwzYOX+uHAi/7LKOxabnIBQh6AfVaxru4=,2310.0
consensus_latency,b4OArVhqn3Qk7e3e9/k1bWCIuTPTnDSuE1+y+fXk9qg=,2310.0
consensus_latency,c9NrDInWCglG/UiboGnFe0zcOkkP3w/aPVtwi9xIGvo=,2310.0
consensus_latency,wYCX9A890QpEIZwBKcmE4v/GCMisT4ezXlUkm4Ej3sw=,2310.0
consensus_latency,3TbQEil9FI06vy/dlsTtVJorgZVvEko8lYOBaDruDXo=,2310.0
consensus_latency,3zjY5Az+j/JLS1osWv+i+8IjFsDvBoMzItUs8S7f5XQ=,2310.0
consensus_latency,4cM4nMigKne3gGJaJnoMceLeHS/kV1y0cPmUz+7MGbw=,2310.0
consensus_latency,5RJ+dF9fnZVZicFoUQO1SNbXegi6hFT3OH0NAEW6wFE=,2310.0
consensus_latency,AC3plrTRN5uy6CDSMYe2ysf1HJt+Mer+sG7Yxt4aU5c=,2336.0
consensus_latency,DticrNMDu4uDGuNuHpLNq1FXcE/wKc63ovaIh0b2Nbg=,2336.0
consensus_latency,J6QMWYnQS83FNA8kPji2IzGxW8QOK42s3abb7U1f40U=,2336.0
consensus_latency,P9haKqkycAd+F3JRrNxX/xjqjee2MdHkqlSz0+hmE5E=,2336.0
consensus_latency,QFPtSkScHZJDcBDoG/hr3HsZHqbweMEhSOFZbrDEsFk=,2336.0
consensus_latency,Rhxm8PP/XV/7cMjDvD9piU/zS59grPsX4MPhmoXMZWY=,2336.0
consensus_latency,kQbB7kl1h+8UF2ZnSo1SvM5hUV9/uPJaMf8Xottegws=,2336.0
consensus_latency,sSwFWRsTpFOX1Xe2waiQIkYotdx9HrPG3NTPWh00usQ=,2336.0
consensus_latency,scEQ6wdpv3cpzS+8Euoy8gWbMeG67WbiX7rOzVYhcWE=,2336.0
consensus_latency,v9bnYDLOxBdw86uixcMxuO0xe+Ras97ofWXxUA0gLEI=,2336.0
consensus_latency,xbaNLsN1G2XeLG49Fbb2oiQyZkQnjzaLTQa8UhnPCNw=,2336.0
consensus_latency,zOwjovgovyOUkel/hdlrj/gW6Oq8jsdjcHlucwRXdQ0=,2336.0
consensus_latency,0NN7MA7Yb6RTdyF9QRXGG1r7soGeo+fCtakUqDcz3lM=,2336.0
consensus_latency,3hiNro5FfdRWF8rbS/IKH2FWxtbRPrPJkVHsyCnU+5c=,2336.0
consensus_latency,4nzcWyZ6cp1Za9f0yQiwjlAACCy0VbosgUqZ2Q8CWAw=,2336.0
consensus_latency,/Fo9VX7bhWYUYuhvePiB4ucnRICmLS6xDd6sGUpYK5U=,2336.0
consensus_latency,JZy1NyMap8Awgjy8PsFS11b+GvNIaWPFVkOBauyMZXg=,2336.0
consensus_latency,J2P9UWfzAl3A7Ar9/JMss2RM95a7KSa1dqLXgQvIpQ8=,2336.0
consensus_latency,KqcnBCiTe6dimri7B2ldXl6tSpNyH9G8zm7s3dKihgY=,2336.0
consensus_latency,LNvuKnmYPBihdigIwzRJGKQaP0oddsX1JIaScyboYeU=,2337.0
consensus_latency,N0hCx1NZPJum4tFr7UL+9gCOakSNt07mVWb3/DR19DM=,2337.0
consensus_latency,XhfJ6bufJZ0MjshaX2YYtrxiWMUowMQnKP/stcueGUU=,2337.0
consensus_latency,ZmEDmQf6kJB+JmqqhvY39Vu5H2Xr/BP23tZp7n6/Y08=,2337.0
consensus_latency,ZplcuYsqE6Lg3qAQa4PU19x3Hnk6JG7WbB58cpfAVU4=,2337.0
consensus_latency,ccZ59H/cKW8yOtx32AAbQFkXTXEsEZYypOHjZuQ+CS0=,2337.0
consensus_latency,eVdvKIlII8KCaj/3THE+oIoCu5Eq7yNw28ZnW3njN54=,2337.0
consensus_latency,gk6ggXBC1PCnIUV0Gp7XwHZ5q5JbbQCJDt3y1pGw6fE=,2337.0
consensus_latency,lYGtoEN9Pl5LRCua6UvVAbZTuWTTvLIxXWLKJfdeizE=,2337.0
consensus_latency,mOi5c1K2jIwgkVnXaIHgFX6ze6BfRIss3RsauVHbzYQ=,2337.0
consensus_latency,u+pK+7N1nhR5U4rPwuyqUHsZ3sjaMCETgDbdAHVydbI=,2337.0
consensus_latency,wGnIsBVCl9JSJDg8YmBW8rbBjqjo6V0E2z+loTwMXJQ=,2337.0
consensus_latency,1ms9go6lvnzBkd0/qYXO72Owi2iz6pPNMEc4huv9LEk=,2337.0
consensus_latency,BUZ8uolDUCeCBiJhH/7enPWrgahpEYUKPMvR8alYvrI=,2331.0
consensus_latency,B8CieKv8xH7J9rzjmaIEFrfgSQQtUNHQhEgaem77R0I=,2331.0
consensus_latency,ZPmcRw6HSVfN29Zt6sDSCFOHOyA02JMxkbFZxDQ7uUY=,2331.0
consensus_latency,cCC1ySFWkTwvoBU1Clh4veBkBOZdS6BQgTYpsZseBdk=,2330.0
consensus_latency,fMCPfzeeEYaR4VXCSNRyZ9pnDqTWbiLDO9m9Z4h2JSc=,2330.0
consensus_latency,p+4OL6eBNnIvfd0kHbWctnNn4uyBTcVdL2jFzl3Fryk=,2330.0
consensus_latency,49TOexPgh9Ikt6kMq/syLj8JC9NyluhtxfzBBUWtl2M=,2330.0
consensus_latency,6qttVBkq3nsB23efZUWdHTK/FCptRJz/8sDyH75uWUU=,2330.0
consensus_latency,BrWatqI0ojE3p2MPiqzbaTtQB5hs/I/Nfo/1G5t7pzQ=,2336.0
consensus_latency,I/eqU2UB4FzBIn2mpju3xo+kWtf1Z5wwYs3ZHVRekb8=,2336.0
consensus_latency,KtzmfRXTuLwk3E85j+vDCF86qj1cH0BLH1NMsI3pCq8=,2336.0
consensus_latency,QxgwznS2bT4JN2iHeQInZUwsdLbZJwpILMm4k2DbIJg=,2336.0
consensus_latency,T1lvs9oVRWoECfiARJ3mkinlUMqWThcS9jfxGPap+Tc=,2336.0
consensus_latency,WidjXAB7WGg++RDR0HNEtIE5S2H+bLnVq5nK5/Cpv84=,2336.0
consensus_latency,W2yOMq3WBt5iaEJZs09qhwqA4ZiBbUyrRISVqlsDf+o=,2336.0
consensus_latency,Zu2gA4f/jOqrTtr5sLbHKbQJ3W1hChbpYnsWKu4f5fU=,2336.0
consensus_latency,brCxuujCQH9cdh0FDqEXGfI4u2GnpRIxYlWL4H82OzU=,2336.0
consensus_latency,gvXHTdkEldvIULcI/Gq/91sjn8hRkaQyQaa1ATALeTQ=,2336.0
consensus_latency,kEK4ITqHfjxHVAAWsPj3/XVPpeV+0HVxtzBtiUdFYDU=,2336.0
consensus_latency,tY3+N8zu+Eg5VtabhR/VhO7GSL3GSkPdsDKqKQcJbrc=,2336.0
consensus_latency,zS6TbOUJ7z7QdCPkfBYo3LSaF7egHJTyDFC6k9u4Q8w=,2336.0
consensus_latency,1Bf7nsy2A8iwum+AmbH04tIBS39LZShX8B0QKtsNu9E=,2336.0
consensus_latency,8XZi7ItO67KbkCs4zULA0JIZvNOAsIaikPOLeBMc/6g=,2336.0
consensus_latency,8vckBu89+1fUZ5n/N/CI/+5BGbeFJ8wNPabv8kVU5Do=,2336.0
consensus_latency,aPSbiMUE3UY+tJ8bVUwbD6LSIEjcvnFtylmHdkz32G4=,2331.0
consensus_latency,kLGwV3DPV971Lfej5iFbuc8qoLELKi32wuATCQONh9w=,2331.0
consensus_latency,n4M+1LtMLNzu73XucYkOOHA+jhZDT6g8lstWOffDgug=,2331.0
consensus_latency,IRYjmH9yaQuc0WM0zJJFT3HMLpnr6E0QrOe67R4QB+4=,1776.0
consensus_latency,Jz9qQk1wDJYCLhPrGROutSx3bqLU82mKt2D1Tuz+6yc=,1776.0
consensus_latency,NmWZeH7Rt+WXW0cgxF5nHM2Ir4Mq4YSs3P93MnNjeeI=,1776.0
consensus_latency,gEe3H12sKLYvLEyEz8aZKadjBPXwui/pThoHzaHquIU=,1776.0
consensus_latency,CArexPjiKi3G/ieMoMmW6vSRu8qoIKbqN5++kZR9hXM=,1841.0
consensus_latency,EdTv5V5VHBmgH196lxDclzBct2JarZTHMYrHnYLjrJE=,1841.0
consensus_latency,Gs1aNOImvz1yVrXEQ79Jglc7bvHCe6a0/x1IW/cdffw=,1841.0
consensus_latency,MoM/a7DkL5FuuNgQHlnZDw/gCOIZrzToP4Ti0bMZE5U=,1841.0
consensus_latency,VnUGSptXTEUmdIukLg0WcztQSPE0fbt0l3E8z6xark4=,1841.0
consensus_latency,Zw2qxQlqabbzP/DeyPdZqS50VlJp+HYakjEFoBzKxTc=,1841.0
consensus_latency,l2YryzGHGgzpPgENQslID5lz6j/k70eiYlGvaEmABRg=,1841.0
consensus_latency,m4qg7378W4zbDF5+n+bY55CnRMhXuMFBK5DXV8tDZZk=,1841.0
consensus_latency,pSQEcoy9j61W7MENzlKlPlC2ih8mpmfOF6OsXM9sZcU=,1841.0
consensus_latency,qlB058qY3ORxIqb/gDh7U04pEiN2Al5+53+2oWoaqvQ=,1841.0
consensus_latency,unr3P4O9jpIiGcG4ymtSMWRjO9HdZ4P9F1DwJTcl9Zc=,1841.0
consensus_latency,vPX4Ci2sfwGoUTcMu4iHvEK0JN0kxXQpC9vgVe7t/wk=,1841.0
consensus_latency,9FqFilUh7rvmZ3RGfVtBZX2eN/LMqI7Pg2P22TrdnVE=,1841.0
consensus_latency,AD2TtYXGspKzdvONSnWmQJtSOtqp4uJZMsV6FMwkSMg=,1647.0
consensus_latency,ApCk7yDheoopc90EpK0JB2LUCCAR1Tra9Lrm14TTsi4=,1647.0
consensus_latency,ChMaOT2cct+8h45mBg38CWjcfevqd9Y9R7sFR8h2pts=,1647.0
consensus_latency,H54UcDAThGIrNLgL/odmDvKJi+61BU9lENrQCRrR8Qc=,1647.0
consensus_latency,IBdfRv+BfxiBShEEfqNPMJoSx0zhg7LLX5EaWRRdntI=,1647.0
consensus_latency,JhBhzkxqD9dXfeRBtbaCCIQ+y7j9qbccWj1fc8Bb/jM=,1647.0
consensus_latency,J9X2nq4tOESgaPE2xd3eHQZw/Plcm8E4E6nYh9yTOJI=,1647.0
consensus_latency,LsUO+q/Z70wjxe4xuVUo9ysZpSmKQkJsHLNPgJ7eQ2Y=,1647.0
consensus_latency,O2ZFYieJrb/wBpHaIXzdXl3EFFz0cgrSLNOKii1jH2I=,1647.0
consensus_latency,RwS9VtcjFhO8qSv8dzrMCsOrt6/veQlS70i/pegMJ/0=,1647.0
consensus_latency,WqMhTaMY4mCY08wAybuSsznlRfPlfct6tSRHbpBVuQE=,1647.0
consensus_latency,XSm9wDmnxuddax+VM4A7xQtmVMVMXeSBV0nBvczLiu8=,1647.0
consensus_latency,YPJHXk7U88PCDDQ/iX6jBL1jgHKm3FONxr63JyXs+yE=,1647.0
consensus_latency,Y6616PyulU7cN0yg6dMS/+EuS4bTnkmzgLy09VtW8QE=,1647.0
consensus_latency,ZembUG6VKGum/9b3ko/QR5oE3tAdclIi2MMsve8o3a0=,1647.0
consensus_latency,a7Azbuq4liIlABpqq0PGVlVjvnDaKBYDgN3HtTyJuhc=,1647.0
consensus_latency,dQxIM4+DKVywJVLAZMHyG6qqLSajnf9KW92E1C3vqzo=,1647.0
consensus_latency,dRoAIl/VB8BvoXCnQ0OWnkKILQlThp4s+YLdStZqVbA=,1647.0
consensus_latency,d6+BuKDw3/pDkpNwoiVyXoMXxPnx8ppE1YOZUhXIWzY=,1647.0
consensus_latency,hjprKZeQIKKyzzO89w0LcR0BrZ8wWmmCuwR5J53OHxE=,1647.0
consensus_latency,htmEDxRzKLo//Ls3WSF+1iQIhB+zPI9yn+Zbcaj4gWY=,1647.0
consensus_latency,iMWkEg397Cn5eJr0JI/8oTpcuuO0+iM6OImIvNdd5vI=,1647.0
consensus_latency,k1lxYn0Nol/wxN4VWSnnshKKALG6FlXtfCDsfOPcLMY=,1647.0
consensus_latency,nYEpzYkeUr17RBxBfeD7yMht3lKu6W0xTQqfOYxaG9w=,1647.0
consensus_latency,oQ48Ej2UWcOhlcuMlBWEyW8sfBM7R+nb2th3Ey06rPE=,1647.0
consensus_latency,o/sxv5AJ1bStIsxBXWZkYUNFvGyl7HoRsVnuQdQrj48=,1647.0
consensus_latency,qlVHTG57ed/LfNluxu3j/Fm+p4WM+souiBnYRkj3ook=,1647.0
consensus_latency,s48x972I4y6p4ABe4BfXN4Sx7r3UjNHjORKbcXIOKBc=,1647.0
consensus_latency,texCgxdVU7irfewx2PAVbnx6xfsOm+5D6hcBk+LNWx4=,1647.0
consensus_latency,tnk/pE74CckaNOI6I5Y5A1vDz4IPyXkbXbyKJWtQuN8=,1647.0
consensus_latency,vIyAsNva8p+K1MPu26LvGQ7yLBW2h4SuSWCnuza6U9A=,1646.0
consensus_latency,w8FSNiLCC9fwYopVif2enGtGeOV5LQUf308BQDWZea4=,1646.0
consensus_latency,xTT553pEw7tRSrni9q+wYuhbkODPrmaGNqfjJwbqDZA=,1646.0
consensus_latency,y8id0JT3vfnZGLmMOTF9Lbo1oZOPCFTn7mV5wRelIwc=,1646.0
consensus_latency,2k5kFSDLjA2TZWSDL+CzpvjjnVfqjx+4QK1cAfNl7kk=,1646.0
consensus_latency,4AQ/Z8s/YcHibrvoWwjhCii47qRFXl9pr+OGUmRyris=,1646.0
consensus_latency,404RPF58aHbP9MAbpa+MQDMX4TeFS7s16+KHKQHljAs=,1646.0
consensus_latency,499keDyG3TI4UNZchGgqmJvYylQ0J/qPafOSYNMREtw=,1646.0
consensus_latency,5V+ROwHi3XvbgugqrRhVck4i8tcD3jGbSCb3tpJtlHU=,1646.0
consensus_latency,8ajzSCS+9jfwglHZ2x/m77Ul+70AIRk3nOlhris8Q+g=,1646.0
consensus_latency,8k5RDiOoSPwA+4plkh0dFv9p2pN6uIPi4G5VDWEGKwA=,1646.0
consensus_latency,95dcQMZx5LuwJgS5m5YtyvcWSG9OjzeFWQaTsBKGMAo=,1646.0
consensus_latency,+8Qcj4r2I7r3PkwcgkHzq4wTD0jl13MYEQKCsuASdmc=,1646.0
consensus_latency,/9ODtYFmB653GrWUqINyg6dNqRuZHvvtcCQNsQjW2F0=,1646.0
consensus_latency,/ZVZQeTnOAagYUmdOPeN3StXtKvTAPwGS0GgzMU36yQ=,1648.0
consensus_latency,ryPVl2Y+kP4x1IqJVUvFJKJrZHQNCeoP84w/ThJSsds=,1596.0
consensus_latency,eMCXAaqGVTwXcx+vdbuSLCNyL5vvVemDBkzRGM/jj38=,1098.0
consensus_latency,m/vSAeJKGJf4zDNyHkVw+vH9jRNXhfDYv5UPtt99PnM=,1098.0
consensus_latency,twn2s0RtySinrscKxukrjeZjUY2eo1YMcaU+giYE0G4=,1098.0
consensus_latency,u39uodOC2uT9kIwq8yQRFwaFgvdrinmzhcFryeaie/s=,1098.0
consensus_latency,6uebGmbZqRT8bgLJwHn4aSszb9laDP/DBDm45lAOuQ8=,1098.0
end_to_end_latency,0,1754.0
end_to_end_latency,1,1705.0
end_to_end_latency,2,1655.0
end_to_end_latency,5,1834.0
end_to_end_latency,6,1786.0
end_to_end_latency,7,1734.0
end_to_end_latency,8,1684.0
end_to_end_latency,9,1635.0
end_to_end_latency,10,1585.0
end_to_end_latency,11,1535.0
end_to_end_latency,12,1485.0
end_to_end_latency,13,1435.0
end_to_end_latency,14,1385.0
end_to_end_latency,15,1335.0
end_to_end_latency,16,1285.0
end_to_end_latency,17,1235.0
end_to_end_latency,18,1187.0
end_to_end_latency,19,1137.0
end_to_end_latency,20,1088.0
end_to_end_latency,21,1038.0
end_to_end_latency,22,987.0
end_to_end_latency,23,936.0
end_to_end_latency,24,888.0
end_to_end_latency,25,838.0
end_to_end_latency,26,788.0
end_to_end_latency,30,1744.0
end_to_end_latency,31,1695.0
end_to_end_latency,32,1644.0
end_to_end_latency,33,1594.0
end_to_end_latency,34,1544.0
end_to_end_latency,35,1494.0
end_to_end_latency,39,1296.0
end_to_end_latency,40,1245.0
end_to_end_latency,41,1195.0
end_to_end_latency,52,1610.0
end_to_end_latency,53,1560.0
end_to_end_latency,54,1510.0
end_to_end_latency,55,1460.0
end_to_end_latency,56,1992.0
end_to_end_latency,57,1942.0
end_to_end_latency,64,1593.0
end_to_end_latency,65,1543.0
end_to_end_latency,66,1493.0
end_to_end_latency,67,1443.0
end_to_end_latency,68,1393.0
end_to_end_latency,69,1343.0
end_to_end_latency,70,1293.0
end_to_end_latency,78,1518.0
end_to_end_latency,79,1468.0
end_to_end_latency,80,1418.0
end_to_end_latency,81,1368.0
end_to_end_latency,82,1318.0
end_to_end_latency,90,2971.0
end_to_end_latency,91,2921.0
end_to_end_latency,92,2871.0
end_to_end_latency,93,2821.0
end_to_end_latency,94,2771.0
end_to_end_latency,95,2721.0
end_to_end_latency,96,2672.0
end_to_end_latency,101,2422.0
end_to_end_latency,102,2338.0
end_to_end_latency,103,2323.0
end_to_end_latency,104,2273.0
end_to_end_latency,105,2223.0
end_to_end_latency,106,2173.0
end_to_end_latency,107,2123.0
end_to_end_latency,118,1573.0
end_to_end_latency,119,1525.0
end_to_end_latency,120,1475.0
end_to_end_latency,121,1425.0
end_to_end_latency,122,1375.0
end_to_end_latency,123,1324.0
end_to_end_latency,124,1275.0
end_to_end_latency,125,1224.0
end_to_end_latency,126,1175.0
end_to_end_latency,127,1125.0
end_to_end_latency,132,1576.0
end_to_end_latency,133,1526.0
end_to_end_latency,134,1476.0
end_to_end_latency,135,1426.0
end_to_end_latency,136,1376.0
end_to_end_latency,137,1326.0
end_to_end_latency,138,1276.0
end_to_end_latency,139,1226.0
end_to_end_latency,140,1177.0
end_to_end_latency,141,1127.0
end_to_end_latency,142,1077.0
end_to_end_latency,149,1771.0
end_to_end_latency,150,1723.0
end_to_end_latency,151,1673.0
end_to_end_latency,152,1623.0
end_to_end_latency,153,1572.0
end_to_end_latency,154,1523.0
end_to_end_latency,155,1473.0
end_to_end_latency,156,1423.0
end_to_end_latency,159,2582.0
end_to_end_latency,160,2533.0
end_to_end_latency,161,2482.0
end_to_end_latency,162,2433.0
end_to_end_latency,163,2383.0
end_to_end_latency,164,2332.0
end_to_end_latency,165,2283.0
end_to_end_latency,166,2233.0
end_to_end_latency,167,2183.0
end_to_end_latency,168,2132.0
end_to_end_latency,169,2083.0
end_to_end_latency,170,2033.0
end_to_end_latency,178,1634.0
end_to_end_latency,179,1584.0
end_to_end_latency,180,1534.0
end_to_end_latency,181,1484.0
end_to_end_latency,182,1434.0
end_to_end_latency,191,1672.0
end_to_end_latency,192,1622.0
end_to_end_latency,206,2667.0
end_to_end_latency,207,2617.0
end_to_end_latency,208,2567.0
end_to_end_latency,209,2517.0
end_to_end_latency,210,2467.0
end_to_end_latency,211,2417.0
end_to_end_latency,212,2368.0
end_to_end_latency,223,1818.0
end_to_end_latency,224,1769.0
end_to_end_latency,225,1719.0
end_to_end_latency,226,1669.0
end_to_end_latency,227,1619.0
end_to_end_latency,228,1569.0
end_to_end_latency,229,2697.0
end_to_end_latency,247,2117.0
end_to_end_latency,248,2067.0
end_to_end_latency,249,2016.0
end_to_end_latency,250,1966.0
end_to_end_latency,251,1918.0
end_to_end_latency,252,1868.0
end_to_end_latency,253,1817.0
end_to_end_latency,254,1768.0
end_to_end_latency,255,1717.0
end_to_end_latency,256,1668.0
end_to_end_latency,257,1618.0
end_to_end_latency,258,1568.0
end_to_end_latency,259,1517.0
end_to_end_latency,260,1469.0
end_to_end_latency,270,2052.0
end_to_end_latency,271,2003.0
end_to_end_latency,272,1953.0
end_to_end_latency,273,1902.0
end_to_end_latency,274,1853.0
end_to_end_latency,275,2438.0
end_to_end_latency,276,2388.0
end_to_end_latency,285,1938.0
end_to_end_latency,286,1888.0
end_to_end_latency,287,1838.0
end_to_end_latency,288,1788.0
end_to_end_latency,289,1739.0
end_to_end_latency,290,1689.0
end_to_end_latency,291,1640.0
end_to_end_latency,292,1589.0
end_to_end_latency,293,1539.0
end_to_end_latency,294,1490.0
end_to_end_latency,300,3085.0
end_to_end_latency,301,3035.0
end_to_end_latency,302,2985.0
end_to_end_latency,303,2936.0
end_to_end_latency,304,2885.0
end_to_end_latency,305,2836.0
end_to_end_latency,306,2785.0
end_to_end_latency,307,2735.0
end_to_end_latency,308,2686.0
end_to_end_latency,309,2635.0
end_to_end_latency,1,1682.0
end_to_end_latency,2,1632.0
end_to_end_latency,3,1582.0
end_to_end_latency,12,1462.0
end_to_end_latency,13,1412.0
end_to_end_latency,14,1362.0
end_to_end_latency,15,1312.0
end_to_end_latency,16,1262.0
end_to_end_latency,17,1212.0
end_to_end_latency,18,1162.0
end_to_end_latency,19,1112.0
end_to_end_latency,20,1062.0
end_to_end_latency,21,1012.0
end_to_end_latency,22,962.0
end_to_end_latency,23,912.0
end_to_end_latency,24,862.0
end_to_end_latency,30,1721.0
end_to_end_latency,31,1671.0
end_to_end_latency,32,1621.0
end_to_end_latency,33,1570.0
end_to_end_latency,39,1271.0
end_to_end_latency,40,1222.0
end_to_end_latency,41,1172.0
end_to_end_latency,42,1122.0
end_to_end_latency,43,1072.0
end_to_end_latency,44,1022.0
end_to_end_latency,45,971.0
end_to_end_latency,51,1637.0
end_to_end_latency,52,1587.0
end_to_end_latency,53,1537.0
end_to_end_latency,54,1487.0
end_to_end_latency,55,1437.0
end_to_end_latency,56,1968.0
end_to_end_latency,57,1919.0
end_to_end_latency,58,1869.0
end_to_end_latency,59,1819.0
end_to_end_latency,60,1769.0
end_to_end_latency,61,1718.0
end_to_end_latency,62,1669.0
end_to_end_latency,63,1620.0
end_to_end_latency,64,1570.0
end_to_end_latency,65,1519.0
end_to_end_latency,66,1469.0
end_to_end_latency,67,1420.0
end_to_end_latency,68,1369.0
end_to_end_latency,69,1320.0
end_to_end_latency,72,1795.0
end_to_end_latency,73,1744.0
end_to_end_latency,74,1695.0
end_to_end_latency,75,1645.0
end_to_end_latency,76,1595.0
end_to_end_latency,77,1544.0
end_to_end_latency,78,1494.0
end_to_end_latency,79,1445.0
end_to_end_latency,80,1395.0
end_to_end_latency,81,1344.0
end_to_end_latency,82,1295.0
end_to_end_latency,83,1244.0
end_to_end_latency,84,1195.0
end_to_end_latency,89,2998.0
end_to_end_latency,90,2949.0
end_to_end_latency,91,2898.0
end_to_end_latency,92,2848.0
end_to_end_latency,93,2798.0
end_to_end_latency,94,2748.0
end_to_end_latency,95,2699.0
end_to_end_latency,96,2649.0
end_to_end_latency,101,2400.0
end_to_end_latency,102,2350.0
end_to_end_latency,103,2300.0
end_to_end_latency,104,2250.0
end_to_end_latency,105,2200.0
end_to_end_latency,106,2150.0
end_to_end_latency,107,2100.0
end_to_end_latency,117,1601.0
end_to_end_latency,118,1551.0
end_to_end_latency,119,1501.0
end_to_end_latency,120,1451.0
end_to_end_latency,121,1401.0
end_to_end_latency,122,1351.0
end_to_end_latency,123,1300.0
end_to_end_latency,124,1251.0
end_to_end_latency,129,1703.0
end_to_end_latency,130,1653.0
end_to_end_latency,131,1602.0
end_to_end_latency,132,1552.0
end_to_end_latency,133,1502.0
end_to_end_latency,134,1453.0
end_to_end_latency,135,1402.0
end_to_end_latency,136,1353.0
end_to_end_latency,137,1302.0
end_to_end_latency,138,1254.0
end_to_end_latency,139,1204.0
end_to_end_latency,140,1154.0
end_to_end_latency,141,1104.0
end_to_end_latency,142,1054.0
end_to_end_latency,143,2048.0
end_to_end_latency,144,1998.0
end_to_end_latency,145,1949.0
end_to_end_latency,146,1898.0
end_to_end_latency,147,1849.0
end_to_end_latency,148,1799.0
end_to_end_latency,149,1749.0
end_to_end_latency,150,1698.0
end_to_end_latency,151,1649.0
end_to_end_latency,152,1599.0
end_to_end_latency,153,1549.0
end_to_end_latency,154,1499.0
end_to_end_latency,155,1448.0
end_to_end_latency,156,1400.0
end_to_end_latency,157,1350.0
end_to_end_latency,160,2508.0
end_to_end_latency,161,2458.0
end_to_end_latency,162,2409.0
end_to_end_latency,163,2358.0
end_to_end_latency,164,2309.0
end_to_end_latency,165,2259.0
end_to_end_latency,166,2208.0
end_to_end_latency,167,2158.0
end_to_end_latency,168,2109.0
end_to_end_latency,169,2059.0
end_to_end_latency,192,1598.0
end_to_end_latency,193,1547.0
end_to_end_latency,206,2643.0
end_to_end_latency,207,2594.0
end_to_end_latency,208,2545.0
end_to_end_latency,209,2493.0
end_to_end_latency,210,2445.0
end_to_end_latency,211,2394.0
end_to_end_latency,212,2345.0
end_to_end_latency,222,1845.0
end_to_end_latency,223,1796.0
end_to_end_latency,224,1745.0
end_to_end_latency,225,1695.0
end_to_end_latency,226,1646.0
end_to_end_latency,227,1595.0
end_to_end_latency,228,1545.0
end_to_end_latency,229,1495.0
end_to_end_latency,230,1445.0
end_to_end_latency,231,1395.0
end_to_end_latency,239,2175.0
end_to_end_latency,240,2126.0
end_to_end_latency,245,2194.0
end_to_end_latency,246,2145.0
end_to_end_latency,247,2094.0
end_to_end_latency,248,2045.0
end_to_end_latency,249,1995.0
end_to_end_latency,250,1944.0
end_to_end_latency,251,1895.0
end_to_end_latency,252,1844.0
end_to_end_latency,253,1794.0
end_to_end_latency,254,1744.0
end_to_end_latency,255,1694.0
end_to_end_latency,280,2166.0
end_to_end_latency,281,2115.0
end_to_end_latency,282,2065.0
end_to_end_latency,283,2016.0
end_to_end_latency,284,1966.0
end_to_end_latency,285,1915.0
end_to_end_latency,286,1865.0
end_to_end_latency,287,1815.0
end_to_end_latency,288,1765.0
end_to_end_latency,289,1715.0
end_to_end_latency,290,1666.0
end_to_end_latency,291,1615.0
end_to_end_latency,292,1566.0
end_to_end_latency,293,1515.0
end_to_end_latency,294,1466.0
end_to_end_latency,301,3011.0
end_to_end_latency,302,2962.0
end_to_end_latency,303,2912.0
end_to_end_latency,304,2862.0
end_to_end_latency,305,2812.0
end_to_end_latency,0,1644.0
end_to_end_latency,1,1595.0
end_to_end_latency,2,1545.0
end_to_end_latency,4,1774.0
end_to_end_latency,5,1724.0
end_to_end_latency,6,1673.0
end_to_end_latency,7,1623.0
end_to_end_latency,8,1574.0
end_to_end_latency,9,1524.0
end_to_end_latency,10,1474.0
end_to_end_latency,11,1426.0
end_to_end_latency,12,1375.0
end_to_end_latency,13,1325.0
end_to_end_latency,14,1274.0
end_to_end_latency,15,1225.0
end_to_end_latency,16,1175.0
end_to_end_latency,17,1125.0
end_to_end_latency,18,1075.0
end_to_end_latency,19,1026.0
end_to_end_latency,20,976.0
end_to_end_latency,21,927.0
end_to_end_latency,22,877.0
end_to_end_latency,28,1734.0
end_to_end_latency,29,1683.0
end_to_end_latency,30,1633.0
end_to_end_latency,31,1583.0
end_to_end_latency,32,1534.0
end_to_end_latency,33,1484.0
end_to_end_latency,34,1434.0
end_to_end_latency,37,1284.0
end_to_end_latency,38,1235.0
end_to_end_latency,39,1185.0
end_to_end_latency,40,1134.0
end_to_end_latency,41,1084.0
end_to_end_latency,42,1034.0
end_to_end_latency,43,984.0
end_to_end_latency,44,934.0
end_to_end_latency,49,1650.0
end_to_end_latency,50,1599.0
end_to_end_latency,51,1550.0
end_to_end_latency,52,1499.0
end_to_end_latency,53,1449.0
end_to_end_latency,54,1401.0
end_to_end_latency,55,1351.0
end_to_end_latency,62,1582.0
end_to_end_latency,63,1533.0
end_to_end_latency,64,1482.0
end_to_end_latency,65,1433.0
end_to_end_latency,66,1383.0
end_to_end_latency,76,1506.0
end_to_end_latency,77,1458.0
end_to_end_latency,78,1408.0
end_to_end_latency,79,1357.0
end_to_end_latency,80,1307.0
end_to_end_latency,81,1257.0
end_to_end_latency,82,1207.0
end_to_end_latency,87,3011.0
end_to_end_latency,95,2612.0
end_to_end_latency,96,2562.0
end_to_end_latency,97,2512.0
end_to_end_latency,98,2462.0
end_to_end_latency,99,2411.0
end_to_end_latency,100,2362.0
end_to_end_latency,101,2312.0
end_to_end_latency,102,2261.0
end_to_end_latency,103,2212.0
end_to_end_latency,104,2161.0
end_to_end_latency,105,2111.0
end_to_end_latency,116,1562.0
end_to_end_latency,117,1513.0
end_to_end_latency,118,1463.0
end_to_end_latency,119,1414.0
end_to_end_latency,120,1363.0
end_to_end_latency,121,1314.0
end_to_end_latency,122,1263.0
end_to_end_latency,130,1566.0
end_to_end_latency,131,1516.0
end_to_end_latency,132,1465.0
end_to_end_latency,133,1416.0
end_to_end_latency,134,1365.0
end_to_end_latency,135,1316.0
end_to_end_latency,136,1265.0
end_to_end_latency,137,1215.0
end_to_end_latency,138,1166.0
end_to_end_latency,139,1116.0
end_to_end_latency,140,1067.0
end_to_end_latency,146,1811.0
end_to_end_latency,147,1761.0
end_to_end_latency,148,1711.0
end_to_end_latency,149,1661.0
end_to_end_latency,150,1611.0
end_to_end_latency,151,1562.0
end_to_end_latency,152,1511.0
end_to_end_latency,153,1461.0
end_to_end_latency,154,1412.0
end_to_end_latency,159,2471.0
end_to_end_latency,160,2421.0
end_to_end_latency,161,2371.0
end_to_end_latency,162,2321.0
end_to_end_latency,163,2271.0
end_to_end_latency,164,2221.0
end_to_end_latency,165,2172.0
end_to_end_latency,166,2123.0
end_to_end_latency,167,2073.0
end_to_end_latency,168,2022.0
end_to_end_latency,203,2706.0
end_to_end_latency,204,2656.0
end_to_end_latency,205,2606.0
end_to_end_latency,206,2556.0
end_to_end_latency,207,2506.0
end_to_end_latency,220,1858.0
end_to_end_latency,221,1808.0
end_to_end_latency,222,1758.0
end_to_end_latency,223,1709.0
end_to_end_latency,224,1658.0
end_to_end_latency,225,1608.0
end_to_end_latency,226,1558.0
end_to_end_latency,227,1509.0
end_to_end_latency,228,1459.0
end_to_end_latency,237,2188.0
end_to_end_latency,238,2139.0
end_to_end_latency,243,2207.0
end_to_end_latency,244,2157.0
end_to_end_latency,245,2107.0
end_to_end_latency,246,2057.0
end_to_end_latency,247,2008.0
end_to_end_latency,248,1957.0
end_to_end_latency,249,1908.0
end_to_end_latency,250,1857.0
end_to_end_latency,251,1807.0
end_to_end_latency,252,1757.0
end_to_end_latency,253,1707.0
end_to_end_latency,254,1657.0
end_to_end_latency,255,1607.0
end_to_end_latency,256,1557.0
end_to_end_latency,257,1508.0
end_to_end_latency,258,1458.0
end_to_end_latency,267,2092.0
end_to_end_latency,268,2043.0
end_to_end_latency,269,1992.0
end_to_end_latency,270,1942.0
end_to_end_latency,271,1893.0
end_to_end_latency,272,1842.0
end_to_end_latency,276,2277.0
end_to_end_latency,277,2227.0
end_to_end_latency,278,2177.0
end_to_end_latency,279,2127.0
end_to_end_latency,280,2076.0
end_to_end_latency,281,2027.0
end_to_end_latency,282,1977.0
end_to_end_latency,283,1928.0
end_to_end_latency,284,1878.0
end_to_end_latency,285,1828.0
end_to_end_latency,286,1778.0
end_to_end_latency,287,1730.0
end_to_end_latency,288,1679.0
end_to_end_latency,289,1629.0
end_to_end_latency,290,1580.0
end_to_end_latency,291,1529.0
end_to_end_latency,292,3375.0
end_to_end_latency,293,3325.0
end_to_end_latency,294,3275.0
end_to_end_latency,295,3226.0
end_to_end_latency,296,3175.0
end_to_end_latency,297,3124.0
end_to_end_latency,298,3075.0
end_to_end_latency,299,3024.0
end_to_end_latency,300,2974.0
end_to_end_latency,301,2924.0
end_to_end_latency,0,1632.0
end_to_end_latency,1,1582.0
end_to_end_latency,2,1533.0
end_to_end_latency,5,1712.0
end_to_end_latency,6,1662.0
end_to_end_latency,7,1612.0
end_to_end_latency,8,1562.0
end_to_end_latency,9,1512.0
end_to_end_latency,10,1464.0
end_to_end_latency,11,1415.0
end_to_end_latency,12,1365.0
end_to_end_latency,13,1314.0
end_to_end_latency,14,1265.0
end_to_end_latency,15,1215.0
end_to_end_latency,16,1165.0
end_to_end_latency,17,1115.0
end_to_end_latency,18,1064.0
end_to_end_latency,19,1015.0
end_to_end_latency,20,965.0
end_to_end_latency,21,916.0
end_to_end_latency,22,864.0
end_to_end_latency,28,1721.0
end_to_end_latency,29,1670.0
end_to_end_latency,30,1622.0
end_to_end_latency,31,1571.0
end_to_end_latency,32,1521.0
end_to_end_latency,33,1471.0
end_to_end_latency,37,1272.0
end_to_end_latency,38,1222.0
end_to_end_latency,39,1172.0
end_to_end_latency,40,1123.0
end_to_end_latency,41,1073.0
end_to_end_latency,42,1022.0
end_to_end_latency,43,973.0
end_to_end_latency,44,923.0
end_to_end_latency,49,673.0
end_to_end_latency,50,1587.0
end_to_end_latency,51,1538.0
end_to_end_latency,52,1487.0
end_to_end_latency,53,1437.0
end_to_end_latency,60,1670.0
end_to_end_latency,61,1620.0
end_to_end_latency,62,1570.0
end_to_end_latency,63,1521.0
end_to_end_latency,64,1471.0
end_to_end_latency,65,1420.0
end_to_end_latency,66,1371.0
end_to_end_latency,67,1320.0
end_to_end_latency,68,1271.0
end_to_end_latency,75,1544.0
end_to_end_latency,76,1494.0
end_to_end_latency,77,1445.0
end_to_end_latency,78,1395.0
end_to_end_latency,79,1345.0
end_to_end_latency,80,1295.0
end_to_end_latency,88,2948.0
end_to_end_latency,89,2898.0
end_to_end_latency,90,2848.0
end_to_end_latency,91,2798.0
end_to_end_latency,92,2749.0
end_to_end_latency,93,2699.0
end_to_end_latency,94,2649.0
end_to_end_latency,95,2599.0
end_to_end_latency,100,2349.0
end_to_end_latency,101,2299.0
end_to_end_latency,102,2250.0
end_to_end_latency,103,2199.0
end_to_end_latency,104,2149.0
end_to_end_latency,105,2100.0
end_to_end_latency,106,2051.0
end_to_end_latency,107,2000.0
end_to_end_latency,108,1950.0
end_to_end_latency,109,1900.0
end_to_end_latency,114,1650.0
end_to_end_latency,115,1600.0
end_to_end_latency,116,1551.0
end_to_end_latency,117,1502.0
end_to_end_latency,118,1451.0
end_to_end_latency,119,1401.0
end_to_end_latency,120,1351.0
end_to_end_latency,121,1301.0
end_to_end_latency,131,1504.0
end_to_end_latency,132,1454.0
end_to_end_latency,133,1404.0
end_to_end_latency,134,1354.0
end_to_end_latency,135,1304.0
end_to_end_latency,136,1254.0
end_to_end_latency,137,1204.0
end_to_end_latency,138,1154.0
end_to_end_latency,139,1105.0
end_to_end_latency,145,1849.0
end_to_end_latency,146,1799.0
end_to_end_latency,147,1750.0
end_to_end_latency,148,1699.0
end_to_end_latency,149,1649.0
end_to_end_latency,150,1600.0
end_to_end_latency,151,1549.0
end_to_end_latency,152,1499.0
end_to_end_latency,153,1450.0
end_to_end_latency,154,1400.0
end_to_end_latency,159,2459.0
end_to_end_latency,160,2409.0
end_to_end_latency,161,2360.0
end_to_end_latency,162,2310.0
end_to_end_latency,163,2260.0
end_to_end_latency,164,2210.0
end_to_end_latency,165,2160.0
end_to_end_latency,175,1660.0
end_to_end_latency,176,1610.0
end_to_end_latency,177,1561.0
end_to_end_latency,178,1510.0
end_to_end_latency,179,1460.0
end_to_end_latency,189,962.0
end_to_end_latency,190,911.0
end_to_end_latency,191,862.0
end_to_end_latency,192,3244.0
end_to_end_latency,202,2744.0
end_to_end_latency,203,2694.0
end_to_end_latency,204,2644.0
end_to_end_latency,205,2594.0
end_to_end_latency,206,2545.0
end_to_end_latency,207,2495.0
end_to_end_latency,208,2445.0
end_to_end_latency,209,2395.0
end_to_end_latency,210,2345.0
end_to_end_latency,211,2295.0
end_to_end_latency,220,1845.0
end_to_end_latency,221,1796.0
end_to_end_latency,222,1746.0
end_to_end_latency,223,1696.0
end_to_end_latency,224,1646.0
end_to_end_latency,225,1595.0
end_to_end_latency,226,1545.0
end_to_end_latency,237,2175.0
end_to_end_latency,238,2125.0
end_to_end_latency,239,2075.0
end_to_end_latency,249,1894.0
end_to_end_latency,250,1844.0
end_to_end_latency,251,1793.0
end_to_end_latency,252,1745.0
end_to_end_latency,253,1695.0
end_to_end_latency,254,1645.0
end_to_end_latency,255,1595.0
end_to_end_latency,256,1545.0
end_to_end_latency,257,1496.0
end_to_end_latency,258,1446.0
end_to_end_latency,267,2081.0
end_to_end_latency,268,2031.0
end_to_end_latency,269,1981.0
end_to_end_latency,270,1932.0
end_to_end_latency,271,1881.0
end_to_end_latency,272,1831.0
end_to_end_latency,273,1781.0
end_to_end_latency,274,1731.0
end_to_end_latency,275,1681.0
end_to_end_latency,282,1965.0
end_to_end_latency,283,1915.0
end_to_end_latency,284,1865.0
end_to_end_latency,285,1815.0
end_to_end_latency,286,1765.0
end_to_end_latency,287,1716.0
end_to_end_latency,288,1667.0
end_to_end_latency,289,1617.0
end_to_end_latency,290,1567.0
end_to_end_latency,291,1517.0
end_to_end_latency,297,3112.0
end_to_end_latency,298,3062.0
end_to_end_latency,299,3013.0
end_to_end_latency,300,2962.0
end_to_end_latency,301,2912.0
end_to_end_latency,302,2864.0
end_to_end_latency,303,2814.0
end_to_end_latency,304,2764.0
end_to_end_latency,305,2714.0
end_to_end_latency,306,2664.0
end_to_end_latency,0,1603.0
end_to_end_latency,1,1554.0
end_to_end_latency,5,1354.0
end_to_end_latency,6,1304.0
end_to_end_latency,7,1254.0
end_to_end_latency,8,1204.0
end_to_end_latency,9,1485.0
end_to_end_latency,10,1435.0
end_to_end_latency,11,1385.0
end_to_end_latency,12,1334.0
end_to_end_latency,13,1285.0
end_to_end_latency,14,1235.0
end_to_end_latency,15,1185.0
end_to_end_latency,16,1135.0
end_to_end_latency,17,1086.0
end_to_end_latency,18,1036.0
end_to_end_latency,19,986.0
end_to_end_latency,20,936.0
end_to_end_latency,21,886.0
end_to_end_latency,22,836.0
end_to_end_latency,28,1693.0
end_to_end_latency,29,1643.0
end_to_end_latency,30,1593.0
end_to_end_latency,31,1543.0
end_to_end_latency,32,1493.0
end_to_end_latency,36,2259.0
end_to_end_latency,37,2209.0
end_to_end_latency,38,2159.0
end_to_end_latency,39,2109.0
end_to_end_latency,40,2059.0
end_to_end_latency,41,2009.0
end_to_end_latency,42,1959.0
end_to_end_latency,43,1909.0
end_to_end_latency,44,1859.0
end_to_end_latency,45,1809.0
end_to_end_latency,46,1759.0
end_to_end_latency,47,1709.0
end_to_end_latency,48,1659.0
end_to_end_latency,49,1608.0
end_to_end_latency,50,1559.0
end_to_end_latency,51,1509.0
end_to_end_latency,52,1459.0
end_to_end_latency,53,1410.0
end_to_end_latency,54,1941.0
end_to_end_latency,55,1891.0
end_to_end_latency,56,1841.0
end_to_end_latency,57,1791.0
end_to_end_latency,58,1741.0
end_to_end_latency,59,1691.0
end_to_end_latency,60,1641.0
end_to_end_latency,61,1591.0
end_to_end_latency,62,1542.0
end_to_end_latency,63,1492.0
end_to_end_latency,64,1442.0
end_to_end_latency,65,1392.0
end_to_end_latency,66,1341.0
end_to_end_latency,67,1292.0
end_to_end_latency,69,1193.0
end_to_end_latency,70,1767.0
end_to_end_latency,71,1717.0
end_to_end_latency,72,1667.0
end_to_end_latency,73,1617.0
end_to_end_latency,74,1567.0
end_to_end_latency,75,1517.0
end_to_end_latency,76,1467.0
end_to_end_latency,87,2970.0
end_to_end_latency,88,2920.0
end_to_end_latency,89,2870.0
end_to_end_latency,90,2820.0
end_to_end_latency,91,2770.0
end_to_end_latency,92,2720.0
end_to_end_latency,93,2670.0
end_to_end_latency,94,2620.0
end_to_end_latency,99,2371.0
end_to_end_latency,100,2321.0
end_to_end_latency,101,2271.0
end_to_end_latency,102,2221.0
end_to_end_latency,103,2171.0
end_to_end_latency,104,2121.0
end_to_end_latency,105,2072.0
end_to_end_latency,106,2023.0
end_to_end_latency,107,1972.0
end_to_end_latency,108,1923.0
end_to_end_latency,109,1871.0
end_to_end_latency,110,1821.0
end_to_end_latency,111,1772.0
end_to_end_latency,112,1721.0
end_to_end_latency,113,1672.0
end_to_end_latency,114,1622.0
end_to_end_latency,115,1572.0
end_to_end_latency,116,1523.0
end_to_end_latency,117,1473.0
end_to_end_latency,118,1423.0
end_to_end_latency,119,1372.0
end_to_end_latency,120,1323.0
end_to_end_latency,121,1273.0
end_to_end_latency,122,1223.0
end_to_end_latency,123,1875.0
end_to_end_latency,124,1825.0
end_to_end_latency,125,1775.0
end_to_end_latency,126,1725.0
end_to_end_latency,127,1675.0
end_to_end_latency,128,1625.0
end_to_end_latency,129,1575.0
end_to_end_latency,130,1525.0
end_to_end_latency,131,1475.0
end_to_end_latency,132,1425.0
end_to_end_latency,133,1374.0
end_to_end_latency,134,1325.0
end_to_end_latency,135,1275.0
end_to_end_latency,136,1225.0
end_to_end_latency,137,1175.0
end_to_end_latency,138,1126.0
end_to_end_latency,139,1076.0
end_to_end_latency,140,1026.0
end_to_end_latency,141,2022.0
end_to_end_latency,142,1972.0
end_to_end_latency,143,1921.0
end_to_end_latency,144,1871.0
end_to_end_latency,145,1822.0
end_to_end_latency,146,1772.0
end_to_end_latency,147,1722.0
end_to_end_latency,148,1671.0
end_to_end_latency,149,1621.0
end_to_end_latency,150,1572.0
end_to_end_latency,151,1522.0
end_to_end_latency,152,1471.0
end_to_end_latency,153,1422.0
end_to_end_latency,175,2319.0
end_to_end_latency,176,2270.0
end_to_end_latency,177,2220.0
end_to_end_latency,178,2170.0
end_to_end_latency,179,2120.0
end_to_end_latency,180,2069.0
end_to_end_latency,181,2020.0
end_to_end_latency,182,1970.0
end_to_end_latency,183,1921.0
end_to_end_latency,184,1871.0
end_to_end_latency,185,1821.0
end_to_end_latency,186,1769.0
end_to_end_latency,187,1720.0
end_to_end_latency,188,1670.0
end_to_end_latency,189,1621.0
end_to_end_latency,190,1569.0
end_to_end_latency,195,3065.0
end_to_end_latency,196,3016.0
end_to_end_latency,197,2965.0
end_to_end_latency,198,2915.0
end_to_end_latency,199,2865.0
end_to_end_latency,200,2815.0
end_to_end_latency,201,2765.0
end_to_end_latency,202,2715.0
end_to_end_latency,203,2666.0
end_to_end_latency,204,2616.0
end_to_end_latency,205,2567.0
end_to_end_latency,206,2516.0
end_to_end_latency,207,2466.0
end_to_end_latency,208,2417.0
end_to_end_latency,209,2366.0
end_to_end_latency,210,2317.0
end_to_end_latency,211,2267.0
end_to_end_latency,212,2217.0
end_to_end_latency,213,2167.0
end_to_end_latency,214,2117.0
end_to_end_latency,215,2066.0
end_to_end_latency,216,2017.0
end_to_end_latency,217,1966.0
end_to_end_latency,218,1917.0
end_to_end_latency,219,1867.0
end_to_end_latency,220,1817.0
end_to_end_latency,221,1768.0
end_to_end_latency,222,1718.0
end_to_end_latency,223,1667.0
end_to_end_latency,224,1618.0
end_to_end_latency,225,1568.0
end_to_end_latency,226,1518.0
end_to_end_latency,227,2647.0
end_to_end_latency,235,2567.0
end_to_end_latency,236,2518.0
end_to_end_latency,237,2468.0
end_to_end_latency,238,2418.0
end_to_end_latency,280,2037.0
end_to_end_latency,281,1988.0
end_to_end_latency,282,1938.0
end_to_end_latency,283,1887.0
end_to_end_latency,0,1609.0
end_to_end_latency,5,1690.0
end_to_end_latency,6,1640.0
end_to_end_latency,7,1589.0
end_to_end_latency,8,1540.0
end_to_end_latency,9,1490.0
end_to_end_latency,10,1439.0
end_to_end_latency,11,1391.0
end_to_end_latency,12,1341.0
end_to_end_latency,13,1291.0
end_to_end_latency,14,1241.0
end_to_end_latency,15,1191.0
end_to_end_latency,16,1141.0
end_to_end_latency,17,1092.0
end_to_end_latency,18,1042.0
end_to_end_latency,19,992.0
end_to_end_latency,20,942.0
end_to_end_latency,21,892.0
end_to_end_latency,22,842.0
end_to_end_latency,28,543.0
end_to_end_latency,29,492.0
end_to_end_latency,30,1598.0
end_to_end_latency,31,1549.0
end_to_end_latency,32,1498.0
end_to_end_latency,33,1449.0
end_to_end_latency,36,1300.0
end_to_end_latency,37,1250.0
end_to_end_latency,38,1199.0
end_to_end_latency,39,1150.0
end_to_end_latency,40,1100.0
end_to_end_latency,41,1050.0
end_to_end_latency,42,999.0
end_to_end_latency,43,950.0
end_to_end_latency,44,900.0
end_to_end_latency,49,1615.0
end_to_end_latency,50,1566.0
end_to_end_latency,51,1516.0
end_to_end_latency,52,1466.0
end_to_end_latency,53,1997.0
end_to_end_latency,54,1946.0
end_to_end_latency,61,1597.0
end_to_end_latency,62,1548.0
end_to_end_latency,63,1497.0
end_to_end_latency,64,1447.0
end_to_end_latency,65,1398.0
end_to_end_latency,66,1972.0
end_to_end_latency,67,1922.0
end_to_end_latency,75,1522.0
end_to_end_latency,76,1472.0
end_to_end_latency,77,1422.0
end_to_end_latency,78,1371.0
end_to_end_latency,79,1321.0
end_to_end_latency,80,1272.0
end_to_end_latency,81,1223.0
end_to_end_latency,88,872.0
end_to_end_latency,89,823.0
end_to_end_latency,90,2826.0
end_to_end_latency,91,2776.0
end_to_end_latency,92,2726.0
end_to_end_latency,93,2677.0
end_to_end_latency,94,2627.0
end_to_end_latency,99,2377.0
end_to_end_latency,100,2327.0
end_to_end_latency,101,2278.0
end_to_end_latency,102,2228.0
end_to_end_latency,103,2178.0
end_to_end_latency,104,2128.0
end_to_end_latency,105,2078.0
end_to_end_latency,106,2028.0
end_to_end_latency,107,1977.0
end_to_end_latency,108,1928.0
end_to_end_latency,114,1628.0
end_to_end_latency,115,1579.0
end_to_end_latency,116,1528.0
end_to_end_latency,117,1479.0
end_to_end_latency,118,1429.0
end_to_end_latency,119,1379.0
end_to_end_latency,120,1328.0
end_to_end_latency,121,1279.0
end_to_end_latency,122,1930.0
end_to_end_latency,123,1881.0
end_to_end_latency,124,1831.0
end_to_end_latency,125,1780.0
end_to_end_latency,130,1530.0
end_to_end_latency,131,1481.0
end_to_end_latency,132,1431.0
end_to_end_latency,133,1382.0
end_to_end_latency,134,1331.0
end_to_end_latency,135,1282.0
end_to_end_latency,136,1232.0
end_to_end_latency,137,1182.0
end_to_end_latency,138,1131.0
end_to_end_latency,139,1082.0
end_to_end_latency,146,1776.0
end_to_end_latency,147,1726.0
end_to_end_latency,148,1677.0
end_to_end_latency,149,1625.0
end_to_end_latency,150,1577.0
end_to_end_latency,151,1526.0
end_to_end_latency,152,1476.0
end_to_end_latency,153,1427.0
end_to_end_latency,159,1128.0
end_to_end_latency,160,2388.0
end_to_end_latency,161,2337.0
end_to_end_latency,162,2288.0
end_to_end_latency,163,2237.0
end_to_end_latency,164,2188.0
end_to_end_latency,165,2137.0
end_to_end_latency,176,1589.0
end_to_end_latency,177,1539.0
end_to_end_latency,178,1488.0
end_to_end_latency,179,1438.0
end_to_end_latency,180,1389.0
end_to_end_latency,181,1338.0
end_to_end_latency,189,1626.0
end_to_end_latency,190,1576.0
end_to_end_latency,202,2722.0
end_to_end_latency,203,2671.0
end_to_end_latency,204,2621.0
end_to_end_latency,205,2571.0
end_to_end_latency,206,2521.0
end_to_end_latency,207,2472.0
end_to_end_latency,208,2422.0
end_to_end_latency,221,1774.0
end_to_end_latency,222,1723.0
end_to_end_latency,223,1673.0
end_to_end_latency,224,1623.0
end_to_end_latency,225,1573.0
end_to_end_latency,226,1523.0
end_to_end_latency,237,974.0
end_to_end_latency,238,924.0
end_to_end_latency,248,1922.0
end_to_end_latency,249,1873.0
end_to_end_latency,250,1822.0
end_to_end_latency,251,1772.0
end_to_end_latency,252,1722.0
end_to_end_latency,253,1672.0
end_to_end_latency,254,1622.0
end_to_end_latency,255,1572.0
end_to_end_latency,256,1522.0
end_to_end_latency,257,1472.0
end_to_end_latency,258,1422.0
end_to_end_latency,259,1372.0
end_to_end_latency,260,1322.0
end_to_end_latency,261,1272.0
end_to_end_latency,268,2008.0
end_to_end_latency,269,1958.0
end_to_end_latency,270,1908.0
end_to_end_latency,271,1859.0
end_to_end_latency,282,1943.0
end_to_end_latency,283,1893.0
end_to_end_latency,284,1843.0
end_to_end_latency,285,1793.0
end_to_end_latency,286,1743.0
end_to_end_latency,287,1693.0
end_to_end_latency,288,1644.0
end_to_end_latency,289,1593.0
end_to_end_latency,290,1543.0
end_to_end_latency,297,3090.0
end_to_end_latency,298,3041.0
end_to_end_latency,299,2990.0
end_to_end_latency,300,2940.0
end_to_end_latency,301,2891.0
end_to_end_latency,302,2841.0
end_to_end_latency,303,2791.0
end_to_end_latency,304,2742.0
end_to_end_latency,305,2691.0
end_to_end_latency,306,2641.0
end_to_end_latency,1,1720.0
end_to_end_latency,2,1999.0
end_to_end_latency,3,1950.0
end_to_end_latency,14,1400.0
end_to_end_latency,15,1351.0
end_to_end_latency,16,1301.0
end_to_end_latency,17,1251.0
end_to_end_latency,18,1201.0
end_to_end_latency,19,1151.0
end_to_end_latency,20,1102.0
end_to_end_latency,21,1051.0
end_to_end_latency,22,1002.0
end_to_end_latency,23,952.0
end_to_end_latency,24,901.0
end_to_end_latency,25,852.0
end_to_end_latency,26,803.0
end_to_end_latency,31,1710.0
end_to_end_latency,32,1660.0
end_to_end_latency,33,1609.0
end_to_end_latency,34,1559.0
end_to_end_latency,35,2476.0
end_to_end_latency,36,2425.0
end_to_end_latency,38,2325.0
end_to_end_latency,39,2276.0
end_to_end_latency,40,2226.0
end_to_end_latency,62,1126.0
end_to_end_latency,63,1076.0
end_to_end_latency,64,1026.0
end_to_end_latency,65,976.0
end_to_end_latency,78,1533.0
end_to_end_latency,79,1483.0
end_to_end_latency,80,1434.0
end_to_end_latency,81,1383.0
end_to_end_latency,82,1333.0
end_to_end_latency,84,3287.0
end_to_end_latency,85,3236.0
end_to_end_latency,86,3186.0
end_to_end_latency,87,3136.0
end_to_end_latency,88,3086.0
end_to_end_latency,89,3036.0
end_to_end_latency,90,2986.0
end_to_end_latency,91,2936.0
end_to_end_latency,92,2886.0
end_to_end_latency,93,2837.0
end_to_end_latency,94,2787.0
end_to_end_latency,95,2736.0
end_to_end_latency,96,2687.0
end_to_end_latency,99,2538.0
end_to_end_latency,100,2488.0
end_to_end_latency,101,2438.0
end_to_end_latency,102,2388.0
end_to_end_latency,103,2338.0
end_to_end_latency,104,2288.0
end_to_end_latency,105,2238.0
end_to_end_latency,106,2188.0
end_to_end_latency,107,2138.0
end_to_end_latency,108,2088.0
end_to_end_latency,109,2038.0
end_to_end_latency,110,1988.0
end_to_end_latency,111,1938.0
end_to_end_latency,112,1888.0
end_to_end_latency,115,1739.0
end_to_end_latency,116,1689.0
end_to_end_latency,117,1639.0
end_to_end_latency,118,1589.0
end_to_end_latency,119,1539.0
end_to_end_latency,120,1489.0
end_to_end_latency,121,1439.0
end_to_end_latency,122,1389.0
end_to_end_latency,123,1339.0
end_to_end_latency,124,1289.0
end_to_end_latency,125,1239.0
end_to_end_latency,126,1189.0
end_to_end_latency,131,1643.0
end_to_end_latency,132,1592.0
end_to_end_latency,133,1542.0
end_to_end_latency,134,1492.0
end_to_end_latency,135,1442.0
end_to_end_latency,136,1392.0
end_to_end_latency,137,1341.0
end_to_end_latency,138,1292.0
end_to_end_latency,139,1242.0
end_to_end_latency,140,1192.0
end_to_end_latency,141,1142.0
end_to_end_latency,142,1093.0
end_to_end_latency,146,1939.0
end_to_end_latency,147,1889.0
end_to_end_latency,148,1838.0
end_to_end_latency,149,1789.0
end_to_end_latency,150,1738.0
end_to_end_latency,151,1688.0
end_to_end_latency,152,1638.0
end_to_end_latency,153,1587.0
end_to_end_latency,154,1537.0
end_to_end_latency,155,1488.0
end_to_end_latency,156,1438.0
end_to_end_latency,178,1647.0
end_to_end_latency,179,1597.0
end_to_end_latency,180,1548.0
end_to_end_latency,181,1498.0
end_to_end_latency,182,2136.0
end_to_end_latency,183,2086.0
end_to_end_latency,184,2036.0
end_to_end_latency,185,1985.0
end_to_end_latency,186,1936.0
end_to_end_latency,187,1886.0
end_to_end_latency,188,1836.0
end_to_end_latency,189,1786.0
end_to_end_latency,190,1736.0
end_to_end_latency,191,1686.0
end_to_end_latency,192,1636.0
end_to_end_latency,193,1585.0
end_to_end_latency,194,1536.0
end_to_end_latency,195,1487.0
end_to_end_latency,206,937.0
end_to_end_latency,207,887.0
end_to_end_latency,208,2583.0
end_to_end_latency,222,1883.0
end_to_end_latency,223,1833.0
end_to_end_latency,224,1783.0
end_to_end_latency,225,2914.0
end_to_end_latency,226,2864.0
end_to_end_latency,227,2815.0
end_to_end_latency,228,2764.0
end_to_end_latency,229,2714.0
end_to_end_latency,230,2664.0
end_to_end_latency,231,2614.0
end_to_end_latency,232,2565.0
end_to_end_latency,233,2514.0
end_to_end_latency,234,2464.0
end_to_end_latency,235,2414.0
end_to_end_latency,236,2364.0
end_to_end_latency,237,2314.0
end_to_end_latency,238,2264.0
end_to_end_latency,239,2214.0
end_to_end_latency,240,2164.0
end_to_end_latency,241,2114.0
end_to_end_latency,242,2063.0
end_to_end_latency,243,2013.0
end_to_end_latency,244,1963.0
end_to_end_latency,245,1914.0
end_to_end_latency,246,1864.0
end_to_end_latency,247,2133.0
end_to_end_latency,248,2083.0
end_to_end_latency,249,2033.0
end_to_end_latency,250,1983.0
end_to_end_latency,251,1933.0
end_to_end_latency,252,1883.0
end_to_end_latency,253,1833.0
end_to_end_latency,254,1783.0
end_to_end_latency,255,1733.0
end_to_end_latency,256,1683.0
end_to_end_latency,257,1633.0
end_to_end_latency,258,1582.0
end_to_end_latency,259,1532.0
end_to_end_latency,260,1483.0
end_to_end_latency,261,1433.0
end_to_end_latency,262,1384.0
end_to_end_latency,276,1769.0
end_to_end_latency,277,1719.0
end_to_end_latency,278,1669.0
end_to_end_latency,279,1619.0
end_to_end_latency,280,1569.0
end_to_end_latency,281,1518.0
end_to_end_latency,282,1468.0
end_to_end_latency,283,1418.0
end_to_end_latency,284,1369.0
end_to_end_latency,285,1318.0
end_to_end_latency,286,1269.0
end_to_end_latency,287,1219.0
end_to_end_latency,288,1169.0
end_to_end_latency,289,1119.0
end_to_end_latency,290,1703.0
end_to_end_latency,291,1653.0
end_to_end_latency,292,1604.0
end_to_end_latency,293,3450.0
end_to_end_latency,294,3400.0
end_to_end_latency,295,3351.0
end_to_end_latency,296,3301.0
end_to_end_latency,297,3250.0
end_to_end_latency,298,3200.0
end_to_end_latency,299,3150.0
end_to_end_latency,300,3101.0
end_to_end_latency,301,3051.0
end_to_end_latency,302,3001.0
end_to_end_latency,303,2951.0
end_to_end_latency,304,2901.0
end_to_end_latency,305,2851.0
end_to_end_latency,306,2801.0
end_to_end_latency,307,2751.0
end_to_end_latency,308,2701.0
end_to_end_latency,309,2651.0
end_to_end_latency,310,2601.0
end_to_end_latency,311,2551.0
end_to_end_latency,312,2502.0
end_to_end_latency,313,2452.0
end_to_end_latency,314,2402.0
end_to_end_latency,315,2352.0
end_to_end_latency,316,2302.0
end_to_end_latency,317,2251.0
end_to_end_latency,318,2201.0
end_to_end_latency,319,2151.0
end_to_end_latency,320,2101.0
end_to_end_latency,321,2051.0
end_to_end_latency,322,2001.0
end_to_end_latency,323,1951.0
end_to_end_latency,324,1902.0
end_to_end_latency,325,1851.0
end_to_end_latency,1,1748.0
end_to_end_latency,16,1328.0
end_to_end_latency,17,1278.0
end_to_end_latency,18,1228.0
end_to_end_latency,19,1178.0
end_to_end_latency,20,1128.0
end_to_end_latency,21,1078.0
end_to_end_latency,22,1029.0
end_to_end_latency,23,979.0
end_to_end_latency,24,929.0
end_to_end_latency,25,2036.0
end_to_end_latency,26,1986.0
end_to_end_latency,27,1936.0
end_to_end_latency,31,1737.0
end_to_end_latency,32,1687.0
end_to_end_latency,33,1637.0
end_to_end_latency,34,1587.0
end_to_end_latency,35,2503.0
end_to_end_latency,36,2453.0
end_to_end_latency,37,2986.0
end_to_end_latency,38,2936.0
end_to_end_latency,39,2886.0
end_to_end_latency,40,2836.0
end_to_end_latency,41,2785.0
end_to_end_latency,42,2736.0
end_to_end_latency,43,2686.0
end_to_end_latency,44,2636.0
end_to_end_latency,45,2586.0
end_to_end_latency,46,2536.0
end_to_end_latency,47,2486.0
end_to_end_latency,48,2436.0
end_to_end_latency,49,2386.0
end_to_end_latency,50,2336.0
end_to_end_latency,51,2286.0
end_to_end_latency,52,2236.0
end_to_end_latency,53,2186.0
end_to_end_latency,54,2136.0
end_to_end_latency,55,2086.0
end_to_end_latency,56,2036.0
end_to_end_latency,75,1711.0
end_to_end_latency,76,1661.0
end_to_end_latency,77,1611.0
end_to_end_latency,78,1561.0
end_to_end_latency,79,1511.0
end_to_end_latency,80,1460.0
end_to_end_latency,81,1411.0
end_to_end_latency,82,1361.0
end_to_end_latency,83,1310.0
end_to_end_latency,84,1261.0
end_to_end_latency,103,2365.0
end_to_end_latency,104,2315.0
end_to_end_latency,107,2166.0
end_to_end_latency,108,2117.0
end_to_end_latency,109,2067.0
end_to_end_latency,110,2017.0
end_to_end_latency,111,1967.0
end_to_end_latency,112,1916.0
end_to_end_latency,113,1867.0
end_to_end_latency,114,1817.0
end_to_end_latency,115,1767.0
end_to_end_latency,116,1716.0
end_to_end_latency,117,1666.0
end_to_end_latency,118,1616.0
end_to_end_latency,119,1566.0
end_to_end_latency,120,1516.0
end_to_end_latency,121,1467.0
end_to_end_latency,132,1618.0
end_to_end_latency,133,1568.0
end_to_end_latency,134,1519.0
end_to_end_latency,135,1469.0
end_to_end_latency,136,1419.0
end_to_end_latency,137,1369.0
end_to_end_latency,146,1965.0
end_to_end_latency,147,1915.0
end_to_end_latency,148,1865.0
end_to_end_latency,149,1815.0
end_to_end_latency,150,1765.0
end_to_end_latency,151,1715.0
end_to_end_latency,152,1666.0
end_to_end_latency,153,1616.0
end_to_end_latency,154,2875.0
end_to_end_latency,155,2825.0
end_to_end_latency,156,2775.0
end_to_end_latency,157,2724.0
end_to_end_latency,158,2674.0
end_to_end_latency,159,2625.0
end_to_end_latency,160,2575.0
end_to_end_latency,161,2525.0
end_to_end_latency,162,2475.0
end_to_end_latency,163,2425.0
end_to_end_latency,164,2374.0
end_to_end_latency,165,2325.0
end_to_end_latency,166,2275.0
end_to_end_latency,167,2225.0
end_to_end_latency,168,2176.0
end_to_end_latency,169,2127.0
end_to_end_latency,170,2077.0
end_to_end_latency,171,2027.0
end_to_end_latency,172,1977.0
end_to_end_latency,173,1927.0
end_to_end_latency,174,1877.0
end_to_end_latency,175,1827.0
end_to_end_latency,176,1777.0
end_to_end_latency,177,1727.0
end_to_end_latency,178,1677.0
end_to_end_latency,179,1627.0
end_to_end_latency,180,1577.0
end_to_end_latency,181,1527.0
end_to_end_latency,182,1477.0
end_to_end_latency,183,1426.0
end_to_end_latency,184,1377.0
end_to_end_latency,185,1327.0
end_to_end_latency,186,1277.0
end_to_end_latency,187,1227.0
end_to_end_latency,190,1765.0
end_to_end_latency,191,1714.0
end_to_end_latency,192,1665.0
end_to_end_latency,193,1615.0
end_to_end_latency,194,1565.0
end_to_end_latency,195,1515.0
end_to_end_latency,196,1465.0
end_to_end_latency,197,1414.0
end_to_end_latency,198,1365.0
end_to_end_latency,199,1315.0
end_to_end_latency,200,1264.0
end_to_end_latency,201,1214.0
end_to_end_latency,202,1165.0
end_to_end_latency,205,2760.0
end_to_end_latency,206,2711.0
end_to_end_latency,207,2661.0
end_to_end_latency,208,2610.0
end_to_end_latency,209,2561.0
end_to_end_latency,210,2511.0
end_to_end_latency,211,2460.0
end_to_end_latency,212,2411.0
end_to_end_latency,213,2361.0
end_to_end_latency,214,2311.0
end_to_end_latency,215,2260.0
end_to_end_latency,216,2210.0
end_to_end_latency,217,2161.0
end_to_end_latency,218,2111.0
end_to_end_latency,219,2061.0
end_to_end_latency,220,2012.0
end_to_end_latency,221,1961.0
end_to_end_latency,222,1912.0
end_to_end_latency,223,1862.0
end_to_end_latency,224,1811.0
end_to_end_latency,225,1761.0
end_to_end_latency,226,1712.0
end_to_end_latency,227,1661.0
end_to_end_latency,228,1611.0
end_to_end_latency,229,1561.0
end_to_end_latency,230,1511.0
end_to_end_latency,231,1462.0
end_to_end_latency,232,1412.0
end_to_end_latency,233,1361.0
end_to_end_latency,255,1759.0
end_to_end_latency,256,1709.0
end_to_end_latency,257,1660.0
end_to_end_latency,258,1610.0
end_to_end_latency,259,1561.0
end_to_end_latency,287,1881.0
end_to_end_latency,288,1832.0
end_to_end_latency,289,1783.0
end_to_end_latency,290,1733.0
end_to_end_latency,291,1682.0
end_to_end_latency,292,1633.0
end_to_end_latency,293,1582.0
end_to_end_latency,294,1533.0
end_to_end_latency,295,1482.0
end_to_end_latency,296,1432.0
end_to_end_latency,297,1383.0
end_to_end_latency,298,1332.0
end_to_end_latency,299,1282.0
end_to_end_latency,318,2230.0
end_to_end_latency,319,2179.0
end_to_end_latency,320,2130.0
end_to_end_latency,321,2080.0
end_to_end_latency,0,1658.0
end_to_end_latency,1,1609.0
end_to_end_latency,10,1490.0
end_to_end_latency,11,1440.0
end_to_end_latency,12,1390.0
end_to_end_latency,13,1340.0
end_to_end_latency,14,1290.0
end_to_end_latency,15,1240.0
end_to_end_latency,16,1190.0
end_to_end_latency,17,1140.0
end_to_end_latency,18,1090.0
end_to_end_latency,19,1039.0
end_to_end_latency,20,989.0
end_to_end_latency,21,2096.0
end_to_end_latency,22,2047.0
end_to_end_latency,23,1997.0
end_to_end_latency,24,1947.0
end_to_end_latency,28,1748.0
end_to_end_latency,29,1698.0
end_to_end_latency,30,1647.0
end_to_end_latency,31,1598.0
end_to_end_latency,32,1548.0
end_to_end_latency,50,1614.0
end_to_end_latency,51,2146.0
end_to_end_latency,52,2096.0
end_to_end_latency,53,2046.0
end_to_end_latency,54,1997.0
end_to_end_latency,55,1947.0
end_to_end_latency,56,1896.0
end_to_end_latency,57,1847.0
end_to_end_latency,58,1797.0
end_to_end_latency,59,1747.0
end_to_end_latency,60,1697.0
end_to_end_latency,61,1647.0
end_to_end_latency,62,1597.0
end_to_end_latency,63,1546.0
end_to_end_latency,64,1497.0
end_to_end_latency,65,1446.0
end_to_end_latency,66,1396.0
end_to_end_latency,67,1347.0
end_to_end_latency,69,1871.0
end_to_end_latency,70,1821.0
end_to_end_latency,71,1771.0
end_to_end_latency,72,1720.0
end_to_end_latency,73,1671.0
end_to_end_latency,74,1622.0
end_to_end_latency,75,1572.0
end_to_end_latency,76,1521.0
end_to_end_latency,77,1472.0
end_to_end_latency,78,1420.0
end_to_end_latency,79,1372.0
end_to_end_latency,80,1321.0
end_to_end_latency,81,1271.0
end_to_end_latency,82,1222.0
end_to_end_latency,100,2378.0
end_to_end_latency,101,2329.0
end_to_end_latency,102,2279.0
end_to_end_latency,103,2229.0
end_to_end_latency,104,2179.0
end_to_end_latency,105,2128.0
end_to_end_latency,106,2078.0
end_to_end_latency,107,2029.0
end_to_end_latency,108,1979.0
end_to_end_latency,109,1928.0
end_to_end_latency,110,1878.0
end_to_end_latency,111,1828.0
end_to_end_latency,112,1779.0
end_to_end_latency,113,1728.0
end_to_end_latency,114,1679.0
end_to_end_latency,115,1628.0
end_to_end_latency,116,1579.0
end_to_end_latency,117,1529.0
end_to_end_latency,118,1478.0
end_to_end_latency,119,1429.0
end_to_end_latency,120,1379.0
end_to_end_latency,121,1328.0
end_to_end_latency,122,1278.0
end_to_end_latency,123,1930.0
end_to_end_latency,124,1879.0
end_to_end_latency,125,1829.0
end_to_end_latency,126,1779.0
end_to_end_latency,127,1730.0
end_to_end_latency,128,1679.0
end_to_end_latency,129,1629.0
end_to_end_latency,130,1580.0
end_to_end_latency,131,1531.0
end_to_end_latency,132,1479.0
end_to_end_latency,133,1429.0
end_to_end_latency,134,1379.0
end_to_end_latency,135,1331.0
end_to_end_latency,136,1280.0
end_to_end_latency,137,2276.0
end_to_end_latency,138,2226.0
end_to_end_latency,139,2177.0
end_to_end_latency,140,2127.0
end_to_end_latency,141,2076.0
end_to_end_latency,142,2026.0
end_to_end_latency,143,1977.0
end_to_end_latency,144,1926.0
end_to_end_latency,145,1876.0
end_to_end_latency,146,1826.0
end_to_end_latency,147,1777.0
end_to_end_latency,148,1727.0
end_to_end_latency,149,1676.0
end_to_end_latency,150,1627.0
end_to_end_latency,151,1576.0
end_to_end_latency,152,1527.0
end_to_end_latency,153,2786.0
end_to_end_latency,154,2737.0
end_to_end_latency,155,2686.0
end_to_end_latency,156,2636.0
end_to_end_latency,157,2587.0
end_to_end_latency,158,2537.0
end_to_end_latency,159,2486.0
end_to_end_latency,160,2436.0
end_to_end_latency,161,2387.0
end_to_end_latency,162,2336.0
end_to_end_latency,163,2286.0
end_to_end_latency,164,2236.0
end_to_end_latency,165,2186.0
end_to_end_latency,166,2136.0
end_to_end_latency,167,2087.0
end_to_end_latency,168,2036.0
end_to_end_latency,169,1986.0
end_to_end_latency,172,2525.0
end_to_end_latency,173,2474.0
end_to_end_latency,174,2424.0
end_to_end_latency,175,2374.0
end_to_end_latency,176,2325.0
end_to_end_latency,177,2274.0
end_to_end_latency,178,2225.0
end_to_end_latency,179,2175.0
end_to_end_latency,180,2124.0
end_to_end_latency,181,2073.0
end_to_end_latency,182,2025.0
end_to_end_latency,183,1975.0
end_to_end_latency,184,1925.0
end_to_end_latency,185,1876.0
end_to_end_latency,186,1824.0
end_to_end_latency,187,1775.0
end_to_end_latency,188,1725.0
end_to_end_latency,189,1675.0
end_to_end_latency,190,1625.0
end_to_end_latency,191,1576.0
end_to_end_latency,192,1525.0
end_to_end_latency,205,2620.0
end_to_end_latency,206,2570.0
end_to_end_latency,220,1871.0
end_to_end_latency,221,1822.0
end_to_end_latency,238,2471.0
end_to_end_latency,239,2421.0
end_to_end_latency,240,2371.0
end_to_end_latency,241,2321.0
end_to_end_latency,242,2271.0
end_to_end_latency,243,3306.0
end_to_end_latency,244,3256.0
end_to_end_latency,245,3206.0
end_to_end_latency,246,3156.0
end_to_end_latency,247,3107.0
end_to_end_latency,248,3056.0
end_to_end_latency,249,3007.0
end_to_end_latency,250,2957.0
end_to_end_latency,251,2906.0
end_to_end_latency,252,2856.0
end_to_end_latency,253,2806.0
end_to_end_latency,254,2756.0
end_to_end_latency,255,2707.0
end_to_end_latency,256,2657.0
end_to_end_latency,257,2606.0
end_to_end_latency,258,2556.0
end_to_end_latency,259,2506.0
end_to_end_latency,260,2456.0
end_to_end_latency,261,2406.0
end_to_end_latency,262,2356.0
end_to_end_latency,263,2307.0
end_to_end_latency,264,2256.0
end_to_end_latency,265,2207.0
end_to_end_latency,266,2158.0
end_to_end_latency,267,2108.0
end_to_end_latency,268,2057.0
end_to_end_latency,269,2008.0
end_to_end_latency,270,1957.0
end_to_end_latency,271,1907.0
end_to_end_latency,272,1857.0
end_to_end_latency,273,1808.0
end_to_end_latency,274,1757.0
end_to_end_latency,275,1708.0
end_to_end_latency,276,1658.0
end_to_end_latency,277,1606.0
end_to_end_latency,278,1557.0
end_to_end_latency,279,1506.0
end_to_end_latency,281,2042.0
end_to_end_latency,282,1992.0
end_to_end_latency,283,1942.0
end_to_end_latency,284,1892.0
end_to_end_latency,285,1842.0
end_to_end_latency,286,1793.0
end_to_end_latency,287,1742.0
end_to_end_latency,288,1693.0
end_to_end_latency,289,1641.0
end_to_end_latency,290,1592.0
end_to_end_latency,291,1542.0
end_to_end_latency,292,1491.0
end_to_end_latency,293,1441.0
end_to_end_latency,294,1392.0
end_to_end_latency,295,1343.0
end_to_end_latency,296,1292.0
end_to_end_latency,297,3139.0
end_to_end_latency,298,3089.0
end_to_end_latency,299,3039.0
end_to_end_latency,300,2989.0
end_to_end_latency,301,2940.0
end_to_end_latency,302,2889.0
end_to_end_latency,303,2839.0
end_to_end_latency,304,2789.0
end_to_end_latency,305,2739.0
end_to_end_latency,306,2690.0
end_to_end_latency,307,2640.0
end_to_end_latency,308,2589.0
end_to_end_latency,309,2540.0
end_to_end_latency,0,3367.0
end_to_end_latency,2,4234.0
end_to_end_latency,3,4184.0
end_to_end_latency,8,7195.0
end_to_end_latency,9,7144.0
end_to_end_latency,10,7096.0
end_to_end_latency,13,8695.0
end_to_end_latency,18,10444.0
end_to_end_latency,19,12140.0
end_to_end_latency,20,12091.0
end_to_end_latency,23,13121.0
end_to_end_latency,31,14761.0
end_to_end_latency,34,16508.0
end_to_end_latency,35,16460.0
end_to_end_latency,36,16409.0
end_to_end_latency,37,16360.0
end_to_end_latency,38,16309.0
end_to_end_latency,39,16260.0
end_to_end_latency,40,16210.0
end_to_end_latency,41,16160.0
