metric,identifier,latency_ms
consensus_latency,CvKWKSvkBMHzTVyi3i1Yl66Ib10TPqUtcZEse7pjX4Y=,571.0
consensus_latency,G/EnE1Hz3xIAGYxidUzNk2ysmJD1Yo1cZeD88Cuo+uU=,571.0
consensus_latency,7hLdAguO/JUH7l2y8rl3RXGvT3C0ryyYaRro9wttqrg=,571.0
consensus_latency,dcFLjJ+9Troz/wexVFS0y4d8+/kCiswiTqKwkPKIyDY=,918.0
consensus_latency,HPb1Y1MjQRoWBO3U97S33msw352WzOlGPDUO0sfkmZs=,921.0
consensus_latency,kvGHjc5NGTrnmXWWlBv8dP0c3iBXxKpkevWwdMOnFS0=,921.0
consensus_latency,HgDkxl/Hy/zJvOxTDi1pmQqg0Jc0FrA4Dbu/jcT3WVc=,918.0
consensus_latency,X3HBpxkFUL6jJIKJ5w7mhmji8zoOxzRLPmz88AFECwE=,918.0
consensus_latency,GtODEGBVdrnTk8r749SCCr2WRSzcerd9kmRbkrXvxTQ=,887.0
consensus_latency,aEZ4Ro11Z/62C/lBPu2MBCe6Q1PTeSfB6ui2FFh6+SI=,887.0
consensus_latency,w9vVJgqD5T6E3Vvr6cEQq6UkGmjikSJz+EBs1nYbbx8=,887.0
consensus_latency,EKuz4YqO1pDri53eNKDsj7AQrt8QF8/1OHhSeBxCBLI=,888.0
consensus_latency,JrunE0tkk7cBC2g2KYu9AoRBokBGw7+x8kHG9B2wywQ=,888.0
consensus_latency,AX91j6UcIbXBtbg07JudTxlP1rN721/yymHON2WiJkU=,637.0
consensus_latency,EWZF3exlCKxHp02z4JLyrmaBcrgqScJ0DxDrgm7KvMo=,637.0
consensus_latency,J9k1Bt5Fe6YICfxF3JOFCKJRi/G2hhYUOAkfwXlnbPo=,637.0
consensus_latency,OVtbzBS91rE91Cc0j5kOeJUVbdfaC3qd8VIllqRUGbE=,637.0
consensus_latency,PrLtqbkookAOSrq3FOCTYO8aytL6hSHdYm8c+/NtFfw=,637.0
consensus_latency,ZfPdsehtBOyQimSEGRwf32YnvUo1M9pthqBZXW63l60=,637.0
consensus_latency,eUHFD6cV7vzm46WXjeULAGbH/oOL26eiU+4uttqRNXg=,637.0
consensus_latency,mzKzmY1WzKviKibg/6SUEL5iCk5GV8azATBF0MZ6bl4=,637.0
consensus_latency,pPaqG76iUS52nvHOE1E0bg604Le6bLgxixsJBWTB6uA=,637.0
consensus_latency,tUgZ//2GM4BqxKxU48ofp43vB5SP1izvtLsRtX8vfd4=,637.0
consensus_latency,v91plgwGVx5+OGCH6KQLipAnKAlEWM3ikAf5BgsSz14=,637.0
consensus_latency,wUBB3VKwmtU8pgA8mpTmE/3lzrjeVgKdOo4zs0qUye8=,637.0
consensus_latency,7Rm/ZQ3BTuLOot9S6maCcYJRNZBgElDGGVidxMwAJQk=,637.0
consensus_latency,/9vysVp4e+feqGKi1AQ3IzEnH40z53WR/7k17CHMP64=,637.0
consensus_latency,CJaEekJdXmsTuyGnFyX7u0peI4G4t6main0Bu4Ny2S0=,632.0
consensus_latency,FaWmVQKazcEGBfuHECik79zJgfSL7oCoxPvYVU65tb8=,632.0
consensus_latency,OatkcS2UXJOt6p7jb31MPGw1ev5OXg7+TsTliWYL8rk=,632.0
consensus_latency,SIJjbyrHBJU7nNBYikmtd7cpfLUfv8lfSAEaF6bbLuU=,632.0
consensus_latency,aQWWVsC4wNEZmDEawrAHiI07QU1O+xQvdTmYkWd1tdI=,632.0
consensus_latency,n7DQsKmqpt73uoyCK+dhDd/VZhokqzzJRl15BT7gfPw=,632.0
consensus_latency,9RXdSQgBIs7t+rSGvRL6TzHiJM5TRx7CpCRdT0cfnw0=,632.0
consensus_latency,+JTWBFC9/tpmJmM4UNFQ6DeOJ4NB+dUvz1kPYCldNs0=,632.0
consensus_latency,/1ZdSZZRXnrwVhzRZMcLYBTjvIBZZMlXLs+gtFgurY0=,632.0
consensus_latency,GGuel3SyyUcO9nXmJOpsD9nv4RH96cOeh27Ns0HUzfM=,634.0
consensus_latency,Oj+wDjo6FLlptEE6UNoUjJxl2wSWn/2ReyTqv1+faBU=,634.0
consensus_latency,QBmYdPzbiyJTTzTrCNJg3uely5k1FlqIg4J1UpKVPmc=,634.0
consensus_latency,SAugQ0mlJDkwdCRqtbY1DsQazoPd/d3qBLh34ew332o=,634.0
consensus_latency,SzrEfZzrhMufUT+M/5P405Q8CfCiREH3pXPMylu279s=,634.0
consensus_latency,DPEw3T1hgVj1cm0AQ3eSSeNj5ChyHNitEBFSE7BTrRg=,634.0
consensus_latency,NnVk+GlhYb2KO0Zww6LB8iaFy/nc8DPf8rY88ALp320=,634.0
consensus_latency,U9DJCbcSuwDolRfoWUzo5Fpdl08SU2fftnjFfQz6mqw=,634.0
consensus_latency,aetIuQAH+9N1JqfatlnL5/drt5IprnBDgW1K+9HE0b4=,634.0
consensus_latency,jNKSxM6szKcUIjfw9qIn2IiyFDMbdWHSXpqzHM4+A7A=,634.0
consensus_latency,p4vRNRsx2SKLHGtZxv/SpnFp6NRkAeR7QQVa+QWyMIA=,634.0
consensus_latency,qpxZtf0U2x1DPpsKjCrny0+Ohb3MbI1qr0LFJGloyfw=,634.0
consensus_latency,2ev4tZ+V2cFbM8qpF6asXTSegdRN/7R4KMjfQrx4HA0=,634.0
consensus_latency,E60LB0gMjfclAid8VNeCuPcpvrCUIQA2nmo6n3UykoA=,631.0
consensus_latency,GrskK9872DzeLEyy4fYFaC2IqVP31lBIKji0esdOwpk=,631.0
consensus_latency,r+uL/+F4rSt7IgW75L3TB6JtCc4h85IgQQRvZa+opfw=,631.0
consensus_latency,wV9GqVxJ9MwEhcihuXipKuQbRRnOiVii490gm+COvF0=,631.0
consensus_latency,x7AJ5L8NPWWeQ+brwiIwwelGIwWthp39iigVwUmk0XA=,631.0
consensus_latency,15jMA4eXaHWiOz7T2QJIwi4ccdWVj81Y8fmwiEHHzDE=,631.0
consensus_latency,4Hba4viIPmSyk4R/TLIPZmaaSce6L8KVmGVoCOX+0UI=,631.0
consensus_latency,8Osw7E2ZsMyhAlfapQCV5Z+4KsJxLXec7of0xRRE25w=,631.0
consensus_latency,/pabuHo23IhIKYfDZuKmgI8y1GW32SMFnyOHs3npCr0=,631.0
consensus_latency,ADdTgcdMNbpualywVT7DVcBYJJC9qaMNzpJ991i7NLU=,632.0
consensus_latency,Duvo/P2PGfKuhROSmTKoWdAGClp2CTzGWH7SxLANvzI=,632.0
consensus_latency,J2McHteKSBl9oGM2JJP3NPT2p8I/KWMN4hotV88ffMk=,632.0
consensus_latency,QVmlGFX/tYck3WTuyPvq4Sf44OzPL/A6pdxkgZUkGUk=,632.0
consensus_latency,iFBmchLg7XUod9FSshsxNQqb5LM3GyB6ZQoRStYBM0Y=,632.0
consensus_latency,xMjt3J50AigkE/GhbdpvtiukO5rAUTwGV3dUT6bpcQw=,632.0
consensus_latency,+g/psaqVdwf62+q+g1PLw3cMh0hiCTZxeGwHhZa3ZDA=,632.0
consensus_latency,EQFoy2nfZ37oKb/Ja74cddRG0PgUUhB7DEZg49pHWWk=,631.0
consensus_latency,FHuU5S9/9k0tQ/Bj3VuhBTGQnrt+z/nBOORLLQF61yA=,631.0
consensus_latency,RAw9Z+dZ4sXPbheVegAoxW9aTm9sHcNtMJ7BG3rSaac=,631.0
consensus_latency,n8JIW00yjguURLl3Uj1p+/AY1e5yRH1stJ/0vTksxwE=,631.0
consensus_latency,qPs0RGiTWaNBSYU4We+Bi41HSotDxluMXvkXc2w1OZU=,631.0
consensus_latency,45bPfM7yAbjLC7T4huEjxZoW1BEMsu8V/gBrzWRqPRs=,631.0
consensus_latency,Dg+zlGCpPU7VV/bIalNCuTrWm6DqxbhanDOtjoAL5Zs=,403.0
consensus_latency,l8Qe+a+toAkRNM3Dg2zogtSQ2b1uCo/8GE5JOSB7ltU=,403.0
consensus_latency,oVlLdwHREWZwYFlTOls9xGpbGEUrsKzLhEMoHw9dRI4=,403.0
consensus_latency,oY314ELdaaOX8+0FVOAN8M2hY1N1NfUce5zVI4bX2S0=,403.0
consensus_latency,o/ctgYJvchOMUA3LGgJqu0IeET4w5PuUIY1CZyf1XBQ=,403.0
consensus_latency,tRjpYO/ndCkJgDrg9uel2m5jHPOf8lMG0/2i3VfmWIk=,403.0
consensus_latency,vyzAy34vhLm0xl9dOiRQX6g838lmDe5b/WpRKGCNV6I=,403.0
consensus_latency,/7xnFwIsOfD4b6WZPX9yzZNOFnlelCmnMTBmnFvkLpA=,403.0
consensus_latency,OH8aIl+LlzX9FmjNsFnAxJdcVxjfDYuyIBn8TZuU5UQ=,1848.0
consensus_latency,hRBLziJZMnIjpBoxcvcws/hyX20SRq1Rqvmo0B760VY=,1848.0
consensus_latency,mCejQw5elcXSKG5olSDNnpDqzzxhtsaZWgoBiChWN0U=,1848.0
consensus_latency,+VLdSi7nOJwqo827lTCZPXUkrN/0NOodV1t6GjxSq3A=,1848.0
consensus_latency,AMJ44muUZVqK1WGFhUL+pLivPDY2+7uHYXDYZ4gNUjc=,1846.0
consensus_latency,PgglmEliLgEqt4hyQ13jqbat2/lO5Kuxc3ClWOE/GOo=,1846.0
consensus_latency,Svn3h9W0xBm6mpSdY8Ge4rCzfPnVf31LZ/c4g4CNz+U=,1846.0
consensus_latency,YWre3yA4GFpQuVnVuD2D5ZZE9YDFTzVRjKFEmIhTvtM=,1846.0
consensus_latency,fujDVDNtpxx99A+AihIdqIP5sBxzRDMOzgXXi5ERsZA=,1846.0
consensus_latency,iPQBYG41+N6Z6tnEPcgMULztQNuHyV5dpCCsbdOMCPw=,1846.0
consensus_latency,oKsc9BT96QZ8/gXA+g4JbPAPu9Ar7sEZbFYmyiHFPgQ=,1846.0
consensus_latency,wau6xMNyEhBk+Vnkqb9Sq3ECrWczf+H0vAeSlth+jAU=,1846.0
consensus_latency,zWUN5YNaxkZi0jceTRGpae8qHXGWIEGyC2QEk09+ODg=,1846.0
consensus_latency,3GmNYSrSPtp5Fd6Hwvgyy35FBdnSZnrKreytwFvoxf4=,1846.0
consensus_latency,4GQ5AmPbEqVuUIszFMtinro+rhRItCIfscbwKdcuOJY=,1846.0
consensus_latency,I7tI0Ikt8vl+lGPcWU6AEDe9NWD+FknplQeYONaFQfs=,1593.0
consensus_latency,RKQbeHCWpPAk8hNrVrTKcswhNzaptiCw7dQCUQonz8E=,1593.0
consensus_latency,TZS5LO0eBR53W5xOcfthZ1zTAkjEjHTt1xNR5QG3+xs=,1593.0
consensus_latency,e0BW3LgpB9cLJw4BjI39K8S30tOuByHyXdtdVVrXMvU=,1593.0
consensus_latency,kyIP4AVN+ZacGN12BRGYumnSlmZGj6KM1vvcne9tLME=,1593.0
consensus_latency,qpGnCmzK7dYU2jQmU57EkIqkv2Dnv3AHT2qxG3Pe0fs=,1593.0
consensus_latency,yJcdvF8s/GCYozn/pfT6P/LKq9FcUEL5UC3l2Oxc6xM=,1593.0
consensus_latency,fxBBQWdU0KdGYgUBnQxIgmLRNp5HXmDq1vZRy6ms0AI=,1520.0
consensus_latency,GGZ02o5YwZHzmyH8FnlhyDUtJakuL5be7KhA6N5cGrQ=,1619.0
consensus_latency,Gwiud46PbePj5VoCG3E0wOWugwxkz/GqX8Ih6qtO35g=,1619.0
consensus_latency,Q27Z8TV1TAUJq0cc3zJ2I3iG7FspKZoTmUvljMFrwNc=,1619.0
consensus_latency,VCExRsQdoKJlhHdymS5wRapmHmFiL7D5tn9CHN9751A=,1619.0
consensus_latency,VPw7XL3Iz3CqvgU/70HN1okndevXU/uLNgsT2FuqFgI=,1619.0
consensus_latency,VdszRoxjnd9x2m2qngn+aTAN9DkAXTCK7usN6DFoXLs=,1619.0
consensus_latency,ZgdYeyM4z+7Ez8TyJbPtYQ7MN+uRxQjOY/db5Em4B1Y=,1619.0
consensus_latency,fm4DOyhnfqqLCFrew2n2dU1N7b528rzDvWQF4vJ9NXg=,1619.0
consensus_latency,kTS/sCllmCBzOfz7EcnK6A6J4ftm7dg1nzDtEdasfYc=,1618.0
consensus_latency,oBeeYbq1VrLptbImFX0YsQ3nupk1EIclLfWFACcwe7Y=,1618.0
consensus_latency,02lZlV+tx4Lgu8CMLXJNYNfZl2DbBX4Gz/i2gCsDBos=,1618.0
consensus_latency,5zLyiw7brAIPWu/AUZ3PuDMURF2FvDqMU5/ZHh+93mg=,1618.0
consensus_latency,IL3UBUq7tM1CAkge12c/hAuuZeyqzSMEgdm5QoyniDQ=,1589.0
consensus_latency,JjWLmJfUbqzzzLdZd0w2cWbS3PJkIK/yh+ePFxMkFI4=,1589.0
consensus_latency,KQvEIGG1fBGDzcTKY0XPylpVPnqsmGTzgYdxrVu/ed0=,1589.0
consensus_latency,KS8ISdPtIy61ywGy3H+fZ/Sf0sJNkaVPvERGXv08OCY=,1589.0
consensus_latency,KYUrZiiCVI0Uo/q6oP364xWzmMW4XNRmVx7kyE/1z5I=,1589.0
consensus_latency,TxuRMqbrtSvak6D5kqkfc22uTlT4Fi10z2SBeeEgpuw=,1589.0
consensus_latency,UxtgKJVA4ZBYRgJAFqIcaWnZp8UZ7c1xs5PVa+zO76I=,1589.0
consensus_latency,cvERBO7nOIoEne67ss8i9oxrxq7eR4SqQwMV7Gz/KWM=,1589.0
consensus_latency,wvJ2HrJIpihuLd8e0oSfBDqsbZGUPQ4GxlpkNvRpYjk=,1589.0
consensus_latency,x24M6J7QxBkSDCmwBDPqYG89yQAYc5ttYZGlURq0v1E=,1589.0
consensus_latency,zf9zL9NHo1z9rmdvLzjDM4ZKNbkZBcXD8CscwIIuXXM=,1589.0
consensus_latency,6QtFoQ4kmvbecGrpc/XORaiCMZtT/3HUrG9tNS6LxDA=,1589.0
consensus_latency,7tO12/Gx/ArZ1xnzO67b0kQaC3BNpqOqdxgLqbSgaAU=,1589.0
consensus_latency,AJpu0/AEwhVfVP8A6zsYX4b9ldHCPebeNLKwC7+iC58=,1592.0
consensus_latency,LL9LHuqLEX9sa/xHdRaTvQvHKcQ6mVuJ7oTjwWOs6RI=,1592.0
consensus_latency,8KX1otmnbrkxo9Dejt0GZ4DCCET1vQx2wwZGLTbO3H8=,1592.0
consensus_latency,/Lx7ChS5UM/OHePsfCK4yOD3XptwhFFBttYxMPb+H3w=,1592.0
consensus_latency,IgTj9Nl9urfa8bMas8cYh74t8STvTKqg0CGVYDS0YBw=,1620.0
consensus_latency,SCymosDUMdIwG6g1vwhAXJGqljYj1mvrjph+SrzanOU=,1620.0
consensus_latency,SYOf39zEmaFr8sCectFor20yu5VPtZKf+jQTjhk1v94=,1620.0
consensus_latency,bfzzXJuvVt0dvXFevI43ZBF2cAAzGcyHNqC7oQDZJZg=,1620.0
consensus_latency,pl8SEXYXxoVnJuA2Mxh9YZES2gHmuYvbDiXUPH0qsfM=,1620.0
consensus_latency,rfQ3K9a7xObTtlAvPejUxO+jJcObUCvMcUbcSGpQ0WE=,1620.0
consensus_latency,24YE/A+/cCiKNVRb1tx/zcrKWlO30C+lem6VP7xHBZU=,1620.0
consensus_latency,6iQF0lzsu1oMgMn7YAH32Kq1J9wMexl3uIuz8FSMUuk=,1620.0
consensus_latency,DTuNUNUhcaPlG396HsCwq+/F6PxMpqqKxIuuhYwpHm0=,1622.0
consensus_latency,QPCfPd9tYaKyy9NJkN+iaQPwjXk6b81+6kxhHIKQwfI=,1622.0
consensus_latency,cWpgz5np/aG7sOy4XlawdMFBSErGXPIEOVvoSi8FPtg=,1622.0
consensus_latency,e/Q9SOQzdhdZbPA1CP9V2vp4+nw5rUq9BgY6JZU/NuE=,1622.0
consensus_latency,gK1VbEJQcpgVCkzSmhjvCPiqT7nTlDcqAO6NrKtjjZY=,1622.0
consensus_latency,gzjbLuA3FOIQOEe1ZaLgGuoDG3zok9WYZXsT+au0bS4=,1622.0
consensus_latency,qtQH/u4Aujw/NWtNAKon4bPRT+kanwDhGSDcfaW1Op8=,1622.0
consensus_latency,qzUPMrjXGaMdKeAcNlp5NcBRdA8GYf3T7h3SLho0B8c=,1622.0
consensus_latency,re7ravUL1ZJ7uLPS8tvE6Rmsrte2473xOyEt5OgQANs=,1622.0
consensus_latency,wrogppt6wql+2IZrwxjXvIk7KReegHjp05oC7C6iqBI=,1622.0
consensus_latency,z4gD5Jvglr7+LqNK0+9InWWkUWR+faonmJqm+q6rjeA=,1622.0
consensus_latency,7+W+IHtlBhxCZGDgjzRloDmkZhaKCEuyNVhJN0mY7WA=,1622.0
consensus_latency,JDqkuAW7LCmrYRcXIc9wwMJoszoQjbdLnb+MZZqXPLU=,1619.0
consensus_latency,KYXe1ikvh4sOsen2cICi68Nw0gK8v7eQW111cI3lHHc=,1619.0
consensus_latency,cc2FzKDfrsUxKUhDGUzGW4fKlqIw+8FdNOw2dfjFuYA=,1619.0
consensus_latency,fHMV9xJDl85RCuOPnDzGNw5RDFSue4z7a0GkNhJ2nxE=,1619.0
consensus_latency,rXDNvqKAjoyyBrWYOp6vLZBZji32amF3dpv8Qy0R0d4=,1619.0
consensus_latency,yeZlBmXAIBu5n+zIG/4XSZnnWAm8y87BK/jzMzU0+DY=,1619.0
consensus_latency,0boXAyP5aprFABy5gmxfHO2ZRKVOgU/acynXeRXsmFU=,1619.0
consensus_latency,038/1VZNFyl2xIavhBJALVc1dVs50+fHmAT1iuEE+sw=,1619.0
consensus_latency,5+bq/S7aEhdN7Vzb5ickzeHtgBoO4yO/iNo/Er6EF9M=,1619.0
consensus_latency,BzwQUup1uF0DAM0LdZqmyGYDZFyrebxeo4bvRsIwehA=,1621.0
consensus_latency,PABMD2kq5u2rJOw4WdKaLkTnwlkDEHIDXRV6kA0kGt0=,1621.0
consensus_latency,RreOj05m9o49H0c2vCbKEpL99Sc0LxUPk6EEPBDuMWs=,1621.0
consensus_latency,SlvrxH7yQAUmfCironlGPBr812BlYinvxsDal4HcP9I=,1621.0
consensus_latency,YRWvXfacCgTK2yKc4pT8lXvAW611eRwCFW2JXgpTieU=,1621.0
consensus_latency,j483sRWCCJHgjFqRvrSih41zS/URiyI2c26D2FQ2T4U=,1621.0
consensus_latency,pgoeJLMhF6vdDKDH+3cUziX1NZM22Yfyh7M7EcaLPJo=,1621.0
consensus_latency,yz+nLioHg2D76W4lpt3Z5qSrKVutfQ2AI0PBt8xVF+E=,1621.0
consensus_latency,1mYwz6VaBJ84lJAXm01eiV9jWDvLe+3t1CYbx0K0sC4=,1621.0
consensus_latency,2NfZJFrmj78u6WPNGQizn5/3xPmQWtKUpqHydFhVrkY=,1621.0
consensus_latency,6Ob/V6Qw4h7y7s/FBPinmyjtM2Y6JFBBPVV4TH3ZjRs=,1621.0
consensus_latency,Oy8bnvHmdeD0QrY8iRJwN0wW6mZM08h0AzMp1+oDl/A=,1357.0
consensus_latency,1a0e0nXFmyEZ6zW9DCiOnoGybeYgd0ZOgtAzwfysrRs=,1357.0
consensus_latency,2ASz/KXOZCycyU/yeDcAQzpSXPQdZxE+XlFfazYpUP4=,1357.0
consensus_latency,9i1nEqbPIrlCLKCux9g3VG699nchT7qSnTbPNnnzhsM=,1357.0
consensus_latency,+ePg5Vk7Ld5tQkZxcopidfskgmJ4Z9o6HbMw+QY93Lc=,1357.0
consensus_latency,AKPlUc+++eUmfmXTjC1+AmiS/8fyDugr5hTZCccl9k4=,1352.0
consensus_latency,ssqwzTKt6XeSwLqShzSi7EO8tSBv6Mt2UDyaFjsPt4g=,1352.0
consensus_latency,5kaQK3MGZLBmjDuwpiJh4gmi2qx5GzbSGlPmhRpWGKo=,1352.0
consensus_latency,5/ltlC7DHLFC12sl/QGJIZe0Lowln+1NvnW3rSoAq2o=,1352.0
consensus_latency,6+BeC9L0yxtkO4v3FX0XZXtUeLbHCjENecMPBOLnens=,1352.0
consensus_latency,MTKwuSSCPOhztzPVIDWJmPkcWjr5QD1vR1o5U2GwOKk=,1357.0
consensus_latency,qm5vpg6vfQXWEwYSiWQN9DSAU92hqRFDV1Gwdw1PYIk=,1357.0
consensus_latency,sa/am4IQTRdsGXpk+Mgaayz2LilOT3xUfFii0Xe8/s0=,1357.0
consensus_latency,v7T/cEF3NtcpZDov0N2idoxgEqe18fkBCy0J84XV42E=,1357.0
consensus_latency,3pN0UT0bLD30rVyNZ5w8j8yn1CnhpO24MJYi0H/1kPw=,1357.0
consensus_latency,+SXWImDWpDD7/lgJMxVg5fMdj25CQ7JdwtPxwMv9q5Q=,1357.0
consensus_latency,DHEcPSrKmydfmc71yLkME+GsvRufz6JTSUwomKQ/dOk=,1354.0
consensus_latency,H7h42XAbnwjtWIVxtzBW9sagDeAFQj7R3OGTiiRd3Ic=,1354.0
consensus_latency,LTGBymSKbXY/ppEIZUCEGBE5hOICS3h2O9w3JjkWE08=,1354.0
consensus_latency,P+mdrjioVSlCgkIZodqoLUEkHd0+ijlGLY7tnzn3O5s=,1354.0
consensus_latency,izG1tTMTadRvJ03WBJS/ZiRZAQeeC5G5BJC2x9hIgHE=,1362.0
consensus_latency,svr1jKMUfl2SN4HI42PB/hwofPsc94ZADv8JDnf/Kds=,1362.0
consensus_latency,41srl3IFvFmDnuztjf/h7eTcqmNj5sNgB7aFfeQkRx0=,1362.0
consensus_latency,9Moyfz1Grjye9Jek6w1p3dOgV8VVrjK47bLbZDYwbmU=,1362.0
consensus_latency,BoErWtK5MQvb/MH7APIfdUBm5DFgdPIy3ZIxBPixut0=,1358.0
consensus_latency,fz9044BpzN2XlyKiAgyasK8qns2AJNWHMMGxl+6um4Y=,1358.0
consensus_latency,mgRoaXCW9LmE3+Y6U5cBeOcibldEsj9+M2K33hARgLU=,1358.0
consensus_latency,r+ldXy3BmU2ayRcnBN00Ccf6P+d4217HcSCj1vhAUP8=,1358.0
consensus_latency,uTbml+75QxgYZWklbwymvCuK4TLRoTRi7o39/DURt6M=,1358.0
consensus_latency,RjLsN3b9n231qsmrxwGp1LrtpPw7Z6zNjj9T7lP0DUw=,1358.0
consensus_latency,XFr7F0zNNedAnI0BppPA/G8oe/mnKQ1inaHrER47l/s=,1358.0
consensus_latency,XJWbOquHfM4N/GbML/3GkG7o7922U3OIkWjX7IYpC0w=,1358.0
consensus_latency,gmEXpyMVzAMJCfSXcCquqeB2XcT8X5uzLaLA/fDkm90=,1358.0
consensus_latency,GCINAC+pzLdR632Fsb1zMvEveAMYk8Mvo1xc+LW3tRk=,1357.0
consensus_latency,WTKxw0ACQk9e9hlNQCbJvqPPFFe50Vhmjdj6qfAW7lQ=,1357.0
consensus_latency,W7yxJDotwlR6xLgpakFg+d1xqgJSKhW3XsLXlmGW8RQ=,1357.0
consensus_latency,5l+iE74ZgkMrV7dGVC5cg8batH3icFk2kBbULCmToq8=,1357.0
consensus_latency,Cso4M82hMpheaGy6ONixl/3Q+YU9A7SMQp0uGuSUnSM=,1356.0
consensus_latency,ZJJhthjeChW1zeKfO4Puuu7wbJNDAf2iUUyRMVkrZdI=,1356.0
consensus_latency,aFIxuHBubSYzr5F2vELuY/j7pNOjzXVHuadvbqDZiKY=,1356.0
consensus_latency,7NaGrB90Gj0aa5ziu/yGrFkBS1BbREgosL3z1mpJsmo=,1356.0
consensus_latency,IcdWAhTiNw/rrxjd96XfrTGjkuOfB1ofVTNJUts1BQk=,1095.0
consensus_latency,L5dVb40LRGeTroHcUJfVX1FapF2QP2USZlCxTaACvsI=,1095.0
consensus_latency,i2UJKo+8zdBZWN06J74O/lJETqULv7y7CvSZWUJzz/4=,1095.0
consensus_latency,0XHa8Ko79O6GP+/9RBARqOCYnO6nEAhE6JPoEElaQyM=,1095.0
consensus_latency,NGBCvuE1Qk2Mb0ujujsg92YP0mRPVKMkvTM0EjNDRNs=,1107.0
consensus_latency,jSEZh+qN5KNRQql8cWR5hYVEu0Cgd0r0LHlWyBD9orw=,1107.0
consensus_latency,2QT+UZ4BnCghYz9YMzoSPJtFfz048TCgVMEXbWz370M=,1107.0
consensus_latency,UjSLDJwuhenzdH8mx0Elbh0hDeJYsw2l1ZoaJ3/dhfM=,1109.0
consensus_latency,cW+H9t6wxv6EP11pm9U7UznLchf+1Dvt2NdPuqEyoO8=,1109.0
consensus_latency,gJBuyu9T/Na38eSpcRK1E41cJA6nH5OceWM+UTLYWHs=,1109.0
consensus_latency,q9gsITNZTmpOVSVH/rqJ6vrzDJ8s0H/mC2Chz+TKi9Q=,1109.0
consensus_latency,7KwgTiQR8LQIi5VTHu7b3BT+tTtsYFdnbv3CfsecKa4=,1109.0
consensus_latency,R6zEMuP+mL2MP3a3MmF63vF6tNjb0Y2lX2ZkN1Ev/7U=,1100.0
consensus_latency,lnpLIMuxhPoNfmLjagjbFXefRl6BCBbDCQHwUw2B150=,1100.0
consensus_latency,o/wwSta6oTEMHcsmkD/psl6qGyqDthg0wE4cvWUXaiM=,1100.0
consensus_latency,txmK1PCrb1cw36PXO8IhAaQGVDbedKti/y3Z64yc4Ds=,1100.0
consensus_latency,uvgVk2Fy90K2MMrUjQsHMbUc/Tc7jaWTwwCg6jwhJaU=,1100.0
consensus_latency,EaLOXkQKis7zjuibDMS9Ccv7b4Zf2HsAt0De+PuHAI4=,1109.0
consensus_latency,P2ZDSBuOTD+1v+IiVb3vCDClo7qvZaREkgzqTs8ZOUE=,1109.0
consensus_latency,0EaA00nxM0laPanRdpgLnQpURDWJ+QFbmsm4FXDKdb4=,1109.0
consensus_latency,17Cni05Ix9DwPdOSR/zyJyG2z7aZY4vvjkRBOOHzNw8=,1109.0
consensus_latency,PaVrC8SLcW25vmBEOFHCapl6Po1nUp3IKgCle5/yh5c=,1110.0
consensus_latency,QQAH6WJYGGB7ic1zpcogoGWde0WAw6aVnAMSOihM6jQ=,1110.0
consensus_latency,Zyu/U63YcTwI8GbD+Jaa5Sl0y3QZilqVEDJ5Ej+ghWo=,1110.0
consensus_latency,ywVJAbj0PkJnBFfZPPfieVPrTeql6Tc3RsvarLunFnY=,1110.0
consensus_latency,4r+lhe/SDygiokUhCG0T9nX5wGcGt7XO7KFJ3ORSotY=,1110.0
consensus_latency,FlU1r1rrk5tYt1NeZfQ0/kuvsI18bOamniu/XUCJ8dE=,1113.0
consensus_latency,J2zdLctye9djAO9ZSsm6yXrK0TeqIzAkKfFhhbdDGxU=,1113.0
consensus_latency,cZaRLWR1EDI1mi7IExX7Vq0Xnc3T8FKBQAZhZXhXrRU=,1113.0
consensus_latency,u4Ihk9dd8uyzDUAM+1nBoTAH5mMHYvibGbGMxdG9tSU=,1113.0
consensus_latency,7F9vKrtCvEqUpWmekdUA9/5kTRMNW6HeyOmmN2xNfaQ=,1113.0
consensus_latency,86GbEQU+RkN6UvpxFk57c19nvmB1FoV9WJE39TrLad0=,1113.0
consensus_latency,AbluIxplaQ2qAfKal/aMz9tiwdAYyvYyjcVuNGkK46I=,1111.0
consensus_latency,X1B2V+MwT8gX/+VN+8QCx7uOWMd+/WYfaxn4jmkh+sU=,1111.0
consensus_latency,bxJ6afd2mk8FqDF2dhgsrDghqutvuBIaMcSlQa2xqfE=,1110.0
consensus_latency,ej22WJmQbjH0KX+c5qUyfJ4xAZeN5rAzzipQg6YVWAo=,1110.0
consensus_latency,hkGNq7QKQyLNA/aX/jaDrcOlpP7YXPLYc4FOB0tTVNo=,1110.0
consensus_latency,Gzr8vZ9jmZ5LtoONTlLsW5vBN7BFxwmtWR/U6rLgNBI=,1096.0
consensus_latency,HB0f3LknWiIivLK2mf1x8CYyXujfveIaQdCIiqNTYeI=,1096.0
consensus_latency,HOaL4BnfKmfye5RHQ1N+uCK5IsQB7mSGJLe6F8icTVA=,1096.0
consensus_latency,hZwaRHt2JYyqlVdcHg0lwToLdutaitU/sX1/NguQNhQ=,1096.0
consensus_latency,3ZvqfzcFjKZIhVey3jmPNw8V5F0C4SNOC8gMKNM7ZqA=,1096.0
consensus_latency,63uaIlcniuNF545ZLegE+IKeYUZ6lFjimhUfTBJvsC8=,1096.0
consensus_latency,Bk033zSCk/n7k7yfDlWUx2xeRyzWReSKiK+b2dSihoU=,830.0
consensus_latency,PMVnd1YSPsMoRo9aXeYt+/MkzyJgrWP3R0ZJFKIrGjw=,830.0
consensus_latency,YmkoASsyX/bHVXQ9e7Fge8pcDuDXzxCWUtgrD86LiIg=,830.0
consensus_latency,icg2t0Xb00TALn8plrVdoL9ZVKS6RRZpE6iiBc0JGlE=,830.0
consensus_latency,1gwI6LrIsUaLRuleeuj9hpLYh9GZnruYpLiLMi2mqpo=,830.0
consensus_latency,DtTHHxLk3ZR7EpPQF9BEPKFG0+lb06LOICrIpWYWYtY=,829.0
consensus_latency,JQBUrSDV1vIyxgTg0AEdWPyAkViI/g0RQnoK523m7a0=,829.0
consensus_latency,XJ2GLlH46UYIY+GJhl/4/nNJyNZdUMOPotMhG/Q3lJM=,829.0
consensus_latency,d/j25a3TAaM0f0XMjVPn4aul+UJC2ersBcsBwU2iGP4=,829.0
consensus_latency,3XH1lSQoT3qwMSsXVyBgObuIOyQGXWMJdi6/sN1bxuE=,829.0
consensus_latency,54Kf2jNneu/vSD3tPKP5+brTVx7YFAbJaYedFpkCT0s=,829.0
consensus_latency,AG1Cyf5wtZS80KGL6VOfzjztiiCHJ0Ijl/TjOdk72lU=,830.0
consensus_latency,RMiKW5rGZpYmFTFCz+uVBP49KYR3F6ApEtlGkw399Qs=,830.0
consensus_latency,anjY+dwx0LcU01RmXAMEKnjz8I3seOs3Lo7Kgh4+YtQ=,830.0
consensus_latency,p8wF4SaQAt9K34b8BOskr7mrTGS9sktdqIuTaav1YXA=,830.0
consensus_latency,vL0EqP3ET/LeWNAojX+WAUhwn4GLqI1BfXV9FfUGyQM=,830.0
consensus_latency,EdlnNvXHrLERC2APnMdN0YRVCmBMDCdusCaT7MAh/Tw=,829.0
consensus_latency,X24ufBTQKCwaUzH0hiftN/iCVVBr+Mz+BI/rg7VRdz8=,829.0
consensus_latency,jve/BN7FdegQJoFLNidM6yMNlQFXza8tvh4kzAhF6/g=,829.0
consensus_latency,11TxWDXHWTlx2uUEyGxRUHKugNZY8wtVWQJZaBC2Scs=,829.0
consensus_latency,2/ugVQZTB80Wwn3rgCyQ4UFKombMDjP/LAViVgjT5ag=,829.0
consensus_latency,9QC6irIqJaXoe8LaLCi1v6dxBv8d5oiJU2fMC7O2Xzs=,829.0
consensus_latency,H6+l2WEU21JmV629HiRYiIIZP/R47vx6gYHlwVCYqsQ=,832.0
consensus_latency,c8WEHH+ahyWnuuIfIubjkv3czG8Tuubw78bJheKx8/k=,832.0
consensus_latency,zQDZCFCFXf8x7HkZMPaGEeNmtVFBK7AXuy6nrsIRhs4=,832.0
consensus_latency,6huD732b29rjOuHRXo+ajKObafj/bt6jSVeXTRXpS/A=,831.0
consensus_latency,CHGnfk9x5B8hLi9RnHRZ1OUG5FHvjbifxsp9q2nQJQM=,837.0
consensus_latency,LbvdNT81d2KI3DyFMjBH9tNo4X1YX3lH3zfHmD3yT/M=,837.0
consensus_latency,UtXtgVF/ZaJywaMEzRUo1i6V8RDk6qnDRN6Ffb0b7kI=,837.0
consensus_latency,gUsd/SSAEG+pZd9INhODTB24EwIQBSqoLLmttOY02OA=,837.0
consensus_latency,AZBjY8aVMl7PmJFRTsO1yWH7s+2n4fk6LuNiunhckB0=,828.0
consensus_latency,Sc69au1AxkiUO7kYDzWy+0g+DZ5EljfGvb5qYsXfbIE=,828.0
consensus_latency,XxCx1oEYPLsEuh2ibt9vHefqO8EpqDuL54s3Y6lHKCI=,828.0
consensus_latency,fhQO2pJBA1SWJ10axj3ZCSSHU3fp/ZUXWkbKDEsDWP4=,828.0
consensus_latency,qceVTWRiyDnRlNTukV0QD+mMkoqdCH/e1gY03vJ364g=,828.0
consensus_latency,HKJvkRgzLYYm7Ckrs/22Bx0qybjcXeYa60RR+IMzQIk=,611.0
consensus_latency,PqJMN69FdEMKE9hSAqZc4odIEAJ/6H4OCpG62NYJ+4w=,611.0
consensus_latency,kyqmOR5vyrWh83KTAyqURmzaDEJHlLYP0SlCARStjas=,611.0
consensus_latency,5dmRt8B9QdgcQMrmDFTYiFUHSKs5bB9lwrIs95+6vWI=,611.0
consensus_latency,D0pRzhwMSN20qVIoGCe3WWXkK6HFSQoTZcCaHNyrGX8=,2042.0
consensus_latency,McsFHQ1s7kHN0p7jioKlNpmcXlorh+rVdLU9z2l5jCY=,1852.0
consensus_latency,UCEndANRxXnt46G8nZPr6KG82fr79zPS1pAtWdRGTIc=,1852.0
consensus_latency,gliFGAgHd16KabhwfNMxTJiXGr0GWL3jHJx00fgtPyk=,1852.0
consensus_latency,jKFvJnwy7lWnQv+l8DxxWiSfgsDcmHHTt7AfldCazmY=,1852.0
consensus_latency,sCUIq7lPLeLXj1W4NtHbpBED3MJwabXdfUGDX9apqLU=,1852.0
consensus_latency,ywNQY4tQkxWJlzp1nGfjmOP21fqKdELi7pVnsMPmgos=,1852.0
consensus_latency,UyAl+uRbVBaHIhaaacv4OLbENOpfhnPi1DhRti7FklY=,1851.0
consensus_latency,cYRUXUP28fSOk9Cjnxih93AEiQUq0ywvwxrHkLPUkU4=,1851.0
consensus_latency,t9sEKQXsnVYYVvHEz8YmVffyjI3Hfp2FmtjRQNuMOaw=,1851.0
consensus_latency,+RoEoarlqJF2jPJ2/eiMhfp9iy6PqjRPek72XcFOX2Q=,1851.0
consensus_latency,diafSEloGcxoYw9Oqq8gt0tE0SxbH1kwkxxrpS0EYys=,1590.0
consensus_latency,oaCLfDaa6XDscrOs8CHnANn0Qak3HFExgatBps9uNlQ=,1590.0
consensus_latency,uZdM8FqLhsmctDWngVvOInkr/fEgSbTd7HMj9kL2Kx4=,1590.0
consensus_latency,uwhwqWfsff2HyyPCTnjTcU3Na7Y1F81im8cb21RxUlE=,1590.0
consensus_latency,2RZI+byPSxlxdWe0r8l8Lciymv0ADLS+Bi1JEPH3OQ0=,1590.0
consensus_latency,DXdYitJwVrmAgSQkPEkArqP6c5M/7S/HWtkQknTRvok=,1591.0
consensus_latency,aFsmzrkKo72nEbGxAkQMT95VwSt2Y/K9UYvcacvq6PU=,1591.0
consensus_latency,fThN8A1pJZ8xFWTXvGWgNkOJBlrttsI3rYAWXjmaSM0=,1591.0
consensus_latency,fqonSKO785QfcaBddhewhMq/4yXJAqp9GRlahwU9qWA=,1591.0
consensus_latency,hVAf7Z5y1Q7UQCaRMNGnyMC5ZIsKxy8V8eKm/GCtq7o=,1591.0
consensus_latency,yVfV2K8o6bp5l7ovZ0E/qdlI++KWl1PNmiO+YPPWmdY=,1591.0
consensus_latency,DKNth5L61lsWO9ElJs5mW4PXH+WgtrGttJai3Az37d0=,1589.0
consensus_latency,DrP9RISNNYkmMSvLCCUZ7FeNQYD4tEnUVBi9RO6vg6s=,1589.0
consensus_latency,HTkSRrLFkadYB19n+4WPC846J5xzOCbnXisocrD6XqI=,1590.0
consensus_latency,+0SttnU3uugqILYGWuoXg1iveUvhaUogW2D3OD9IiOw=,1590.0
consensus_latency,kIngKI4Lu1zuT0qAodE0XEovje0FgtDRhrApOc7YrBE=,1520.0
consensus_latency,vXaF5l/QrN2i3rMNtCxNSvHMs7JI4aKL79JUouLJaAU=,1520.0
consensus_latency,4hP197hjPz+mSmJPTc1vlWtQL+fhKbAsmzpAZyySi1I=,1520.0
consensus_latency,TmxvOGxsg7H/GxIhzIJE3kDwfn9c3toDdn88DwUvfA4=,1627.0
consensus_latency,Vv79qTgWyqm2M95UQ/eg3m5xULb2JJ+1eCgGfKk6vKQ=,1627.0
consensus_latency,a7eBExsxdmT9VIUiksJtzdkhTQ91JzaQVN93CoThi/k=,1627.0
consensus_latency,3Gd91jDgS8cxXKL8zrzdkl+EuvoynckdMhjW9rdkVq8=,1627.0
consensus_latency,FpHToUkTe3cSnCfk/LlVxoeuk11FYgAjXGhk6Y12VL4=,1628.0
consensus_latency,G1D6Dylbp8v5ijGz+LKTKnpngsc0ezVhR3oPxDVWGfI=,1628.0
consensus_latency,heHjcsN/5G5XZAIG78XTEQ2nZDFp873k5p6roAFUlxI=,1628.0
consensus_latency,4wPB+CjDvE70s3wv0PQZI19ZQ9hKUfqrQWa0aphNejo=,1628.0
consensus_latency,cuc6pPEzUzmyxH86L8EaDN1IVwrEgotW+2Z+n7vOZJI=,1629.0
consensus_latency,tUmHEwsbsZeDYOzRpfylyEv1gPOMsj8JhhH6AADffds=,1629.0
consensus_latency,ts0JduA8Wx0s9pbT98mVXBCvtl37rDgo3w9d2pi2fxM=,1629.0
consensus_latency,3d40YxOsPtyyRF+yoFBti1hEOkbLlLP1dHfZINDIBOk=,1629.0
consensus_latency,IHVEbRWywhzNHMqugEe1qK7jiszAa4iS/W1hWO6lJbE=,1628.0
consensus_latency,NZ0jV67345pLgOmgUIz2L3EjY45L3gkOvEWakGMobhI=,1628.0
consensus_latency,SkFK7Y3+GlslbOgi4m/vMhKU7bTQmDDKo4vacrmzrok=,1628.0
consensus_latency,l19tgj89eRFeQhnmOtTYLAMDuNmldAd0OiBCFFFGj5M=,1628.0
consensus_latency,NqIoRcK/gMmT5qZNBJVZU3O7EDzJllda8YpjEPaUwWg=,1628.0
consensus_latency,TllKlhqRSaB4AJb46Z1M2saRRbzIJfqThLBWG7ILaa0=,1628.0
consensus_latency,U9avm+foeO81b2TLHaj02wSBdW8VJtkwO3EWcyLbZO0=,1628.0
consensus_latency,6p6BNh01ZXDcXhW/DQbdlDRocw85Ym+R4nwossmOLgM=,1628.0
consensus_latency,AE4t2tYg/PPJAj3zJDoylKvzTqa8vWQZSs6mLd06UEg=,1359.0
consensus_latency,BGptTHHu2d4DIIEByQ7dqYdLjLRgpmNaXFzzFI7pqLY=,1359.0
consensus_latency,qGzyPH3BQLOBs68wwVI5kp4uTHxydQSU0F80UJQvgmE=,1359.0
consensus_latency,x2VTl7nwvfNutadI2e7WVwoqUQv4ML0UvG9fluk1TuQ=,1359.0
consensus_latency,7sxU6u3fs5XaHV5dUWsH/88r1vW7hCbQLa/lk7sQIkI=,1359.0
consensus_latency,L4ScOxub0ez3M7bI9UK+RyROVfm+H4GWGQv5Kl7th8w=,1362.0
consensus_latency,MSplkn1xEn0MugqPnYUtXfi8P0E6lBK2kNLJ+EAl7SQ=,1362.0
consensus_latency,geo7l97yAZTqsg0n1TprBu+ZS2UQ5t9nMhS1E4xOmGY=,1362.0
consensus_latency,iN/K8BZPzC0CJh4Aqr6FoSO3e9oE6+lpuZ7PsorEEHs=,1361.0
consensus_latency,oPnoP9JoaRjy0K8wA/1q2SC8k9YnwNEzCrymXH1xWpk=,1361.0
consensus_latency,zqgdov+TjwYArKvLLDgOVj0NJdO7bQT2IoOnYP4x/2Q=,1361.0
consensus_latency,KgQnQj97yj+ybCyhCXUEwB5+yU36LvG1bGwEsQ1weog=,1350.0
consensus_latency,eIGy8D/UHdoWTiACBAKaJ0bZcKXRlJo8nTwi+mMepl4=,1350.0
consensus_latency,tiujHzXWodiXcL6EwuyziNiYBgc+TYB0msczLyyMLPI=,1350.0
consensus_latency,zEENd27ANLEqEQ2qXs7Y5MquqIuRAm5DBrK97w+QDGE=,1350.0
consensus_latency,g21lEAwxK3LEJ2AIJWt27W4H2408dSlhlp/idqqIVBw=,1351.0
consensus_latency,kp3gg/mL/lKe0kl2btuLHPBoHODLmeQjLnRTaZBa2Ro=,1351.0
consensus_latency,ufFWQB8eZSUxtsrZ43/CJxUZGXuqqEoSRAVc35C/rmw=,1351.0
consensus_latency,0ixJe9tIgA90tLS1GYf5BsdutGw+2yrKz7BRZ7LlUl8=,1351.0
consensus_latency,8k+3SHJOH7TVIw6Ycqt/Ma8pE0ZN7KasMvXNmeJqZNA=,1351.0
consensus_latency,DDZKT2aKgcRPP07heosSgdyMeapNItBPJKjiiQKhAn0=,1359.0
consensus_latency,JajONV9z2/ZcF9XRr8ufPlppVWxPQg7tg5bhMtURx7g=,1359.0
consensus_latency,NEjccoBSiPPMjthcrMeoL9dppTYisv6+Nwu+RqdMRsk=,1359.0
consensus_latency,UVKWiTqzZvPpUGre8NxIDK+1iLvw9nWP19vx9xYWEmI=,1359.0
consensus_latency,xSvfOcDePfEt2kfaDWN6Co1OQY7ipJWZ16eMJInaqbM=,1359.0
consensus_latency,x1HS8l/WO1ppLGb9S3mHEv8DCMYTvEQgnHQPounARVw=,1359.0
consensus_latency,FiYQOia84iwLPZt7QQGGDG7XMTDj78JK4yHxPEfnXl8=,1354.0
consensus_latency,My5nWcapAE1cSDYzUsD3v8Q5fzRe/PylZNHB1SkED7I=,1354.0
consensus_latency,TeTC9l+uagkUCDSacXH/RiJPXoRhzNfBVvHLe+DkNs4=,1354.0
consensus_latency,bkYSpkUdnEUDjQF5KYWLGB2tkaXOT7Nt41PC3knHGLM=,1354.0
consensus_latency,G+Z8SXElyqCLGgfBYzbS8L0wqFYM3gFnSyfoEFo52fM=,1357.0
consensus_latency,HxoW8jyBidwHlW8du7rqiNOIQdG8HHesJDnYjGYkngc=,1357.0
consensus_latency,Vu3FhfFjnuDbsm1CctcY91De3/6wsa9IkNCbybp5qBE=,1357.0
consensus_latency,2u9OEOd2MwOaRtfnqS/nrr/WKS2qteTzo7K1ioVK0qo=,1357.0
consensus_latency,8PiW55O7OlHtbFwZFKqNO2fXnrG+DjeaqG6y/NSi/lQ=,1357.0
consensus_latency,/N/6NZLqAvGfcqv/kcOn3wrFlEXegUrtVimOKMSMCvs=,1357.0
consensus_latency,WEL0Yn3MNYd24BBfYOCjdbU8puwWAU7pVsho60guxm4=,1358.0
consensus_latency,YBbQAXWa8JKCYr7kjB8QL5/dNcBtjcr8R8nZNHouNhw=,1358.0
consensus_latency,e7p14RZ2jh25+nSx24hzSmBI3JSL7zBm83t7dz3CvKU=,1358.0
consensus_latency,ni6v/oyGnWTO0EOdQA/NHM6iDCnzyXHopeOcIt04CDk=,1358.0
consensus_latency,ts/OeiIpCLh1FSOxp1HwfLE1b9Znlj/2IOb5f1VJEEo=,1358.0
consensus_latency,8vDPty29wNnKbg9yaZ3JWl4RlBX4HMZFI4TxCnSV8fA=,1358.0
consensus_latency,L931R2iiuUvjHJhErQ29jE4o4k5OZiH8kFyuH7n0cWU=,1360.0
consensus_latency,bLCn+WVSumIRp7Q9ZXd7I8uo6/iGnMQXe92VywbR0dI=,1360.0
consensus_latency,cfvQ7BCBds935QIPGtrUFVANFcRcS9h3y9jntxViFdY=,1360.0
consensus_latency,32qe+brSX/zTSy/VS2KX6LWe0ulOGQeFGhFHaPymWGw=,1360.0
consensus_latency,37/Rbovp/2F2qQqHQ3ZyJ2sfXSsHQwHX0Ai6ckOx998=,1360.0
consensus_latency,NkWCC+UTK0SStP6HFQSNIIW4PqMNNENkfGcLrDf8j/U=,1013.0
consensus_latency,YUSez4/rSER/QRNfe1dC/DseARzRMUp0fMAw1NOv9lw=,1013.0
consensus_latency,YVeF0Tbhltdutd/Z4A58txSb95rjj011VqePFFOj8NM=,1013.0
consensus_latency,dIEFafuw1P0ITdnxv6Kz2Wxu5sbMLG1fL73zOXHFy3A=,1013.0
consensus_latency,vZdMnPDVE8Z0zLMhTkghnP8k2tslLhQ4nbsNQvGLbWk=,1013.0
consensus_latency,Bvwo/XU4maGMsodQMejZWO7PH4JLogyuRTStvFb9JCE=,1102.0
consensus_latency,ZtzPjwWN27/X5TGiZvD5I+271o6dvP1NlY4KEOeUB+k=,1102.0
consensus_latency,kXBMIXpGq0QhU4pVoXpHpYOfq7vfdOUMazOfRv5rEFg=,1102.0
consensus_latency,vN4v7Is/V8D+M66sW/1NXgLQiY5iRQwYxckVeJMiGz0=,1102.0
consensus_latency,i+NFX8VBfypla+8DrrtMGaPGVKxByu1MJg6AweVlLbM=,1104.0
consensus_latency,j6TtO2zwcT5/MCTfqBkGe/zfHWLzQrf2zFuINYh3uMc=,1104.0
consensus_latency,pxtB/76sl/B77pUOebfISkPyxcYSSAt/SXUbk90txxE=,1104.0
consensus_latency,vyjpCCpYNAwp7nJQ7ev26+gedXarwYvvYj/mVrU/NRI=,1104.0
consensus_latency,ydbzxbQSlFNqFr0en3r1lJF4MYvJxWBX4MmydXgajY8=,1104.0
consensus_latency,+eIEjt0cViINZuJSOmzOJWFQ56d3iTm3ZieBM4oaf4s=,1104.0
consensus_latency,NFPcnw3B+bymIzqcQayfIdNAFl8kM+AR0rmbC35lII4=,1083.0
consensus_latency,fw5aojCQQiHXSR7pqlMWzxiq7BPh4SxI2J+jz2CpEBk=,1083.0
consensus_latency,kzi3RCezTby5R9PP2qXWNQaX5anC/PzSqGwJ+U0RTGI=,1083.0
consensus_latency,vPKH0S3wApX+zQb9B9c82riQpDV4nzPsvD/eE3htT8w=,1083.0
consensus_latency,0+KnxBhF++R2cLLB8dCWc9g9MOsiS5/26PJFCiUR3WM=,1083.0
consensus_latency,J0tFq8x17wg2z2+M4jduggPh8lV9pQpKoxPxu9HG49o=,1077.0
consensus_latency,MMMoHAHlwVXEKtffz8rB5X7Xss92CF2A11IY1yB6rgM=,1077.0
consensus_latency,k/ZopKeixVx0rNGbRVw+dMYxQ4UsJl9Z+4+Nw4whP68=,1077.0
consensus_latency,lNosWcIC8P6aFW+KEfg56kbRDbMS50z7RBrZ84P/ZCk=,1077.0
consensus_latency,tdt55WZ4Dll13IXHGcUnyVBdvMYcbW13rPf9mRDjG+E=,1077.0
consensus_latency,IvLCp2qwefv4U04XNNhE+nGRFI8HrjWkl2n14Fli6EE=,1085.0
consensus_latency,VaSK38rmLxCSCZkDjDTK0/rOQ94y9+yT7ckO4mkzBJo=,1085.0
consensus_latency,Vd9Dv/719OmSSwoQ1oqOzKH0oJw34GF+zeRYT3Lqme4=,1085.0
consensus_latency,W0iayVsoS6oH7MRm5SbWvz4avO8jxtqqPVwawVHWmuc=,1085.0
consensus_latency,YjKYy8eC2kVViKcnBxJSMo/ANn0zflyXzR/95eZI6g8=,1085.0
consensus_latency,xRoYY31YAjwE7gImw0Cs7ZuYZEXzU+xUXaAWAPA5q3I=,1085.0
consensus_latency,AvIlk75zZmBrsXpIyLir0yVnwLIAFO5Pb/eY4ZCDyto=,1104.0
consensus_latency,cKz75vUAYKelc3YM6dLIwMbl8Q42Q7UXPj8uitOFiLU=,1104.0
consensus_latency,fSAYARG8vzFqR+qZrJ7wGleZLkaIapl7ZWkmkw/YvZs=,1104.0
consensus_latency,pz3//jFHk/VU6TImEPi8FSd3V6SwB3/MvrZakaPXvkI=,1104.0
consensus_latency,qb0HIIutuwnJZGPQjzQ9cF2//5P1rSZ7c1zX3gPVpXE=,1104.0
consensus_latency,oCpKPiEFASaSR3V4/Y1a/L6rI5HOjxa4hsYUfkxJupQ=,1085.0
consensus_latency,q1UK7xPcveg6MYnDJSxRXhWrsl8raGTkFB22FVF1k1w=,1085.0
consensus_latency,zbqQot0HpIDNo5G1ueB0vKfO2GpepAwz45rn7FESEuM=,1085.0
consensus_latency,+A3DmzhFEWd2drOB1FFr+sFM69oV0O9aDPio4mSp5JI=,1085.0
consensus_latency,+1x9QEbxLRK/TtK2xRzOtV8bAxA3eRtQDJIcZpXJdpM=,1085.0
consensus_latency,QbSvfbN7T07qj8u1Ydp0pxpaJ3X00p9zA3Ziv8vk8NI=,1101.0
consensus_latency,eIBnfgWdVEItyp+HkYp9wUius8DkJXGvlO+wry7sQ+M=,1101.0
consensus_latency,rHDbctEB7Nc/huD55NSf1TgCD4/3qShMbHJlqH4QVzk=,1101.0
consensus_latency,wktINHfVLegsuxGFgyxWeSQ8q9gEITCrPKBWjORkFzs=,1101.0
consensus_latency,6UUNy6R/+ivbAUJnj1rNXydnWfi6ohv2kjDtuTXG5fw=,1101.0
consensus_latency,CDHKsIA5SLhHKK/wK0XEO7C5oRwSXYhibHNMs/uxXws=,1106.0
consensus_latency,LmS8bAzYvoS7kVx0CS3I1pW54WydKcTnfwAWRbEnMos=,1106.0
consensus_latency,iGQ0aQCZiKPy2EvX3joKZYimeQA1iTBARp9vv1bVgG4=,1106.0
consensus_latency,oulRTStgoxFFCogtZl5loMwE/Khr3gRlYuM9mYVrPvE=,1106.0
consensus_latency,uCVlKWQ6w1RoEqtbeo3dmg/bl3AKo3XpLXdkGciuTXM=,1106.0
consensus_latency,QvdMQtEOJy5mJFA6fAjv2rjm2es0MGpSGFZVipaWe2I=,848.0
consensus_latency,qb6ALZGSslwbxG3QyatCktLqok7oHIBwYTRaUSdNvU8=,848.0
consensus_latency,02WGA9xpTFDktpZDoihZgU1u4rzZvk8XxSroLHx3ZVA=,848.0
consensus_latency,8o8gR2RnUevs+sxYvJU50ZllFqRLFTgwX1CdP80UxdE=,848.0
consensus_latency,VLpijRpdYzT8wOjGSiKFKZdoAqz5bJ5gSJ/XnixNXDI=,850.0
consensus_latency,aBgtadod7GzY8Ui2w1FViZCaloSO6xXpfFGi7wUF048=,850.0
consensus_latency,eAw84CAo2tiUI8vXdLPip1xNBMqFOLNZb/RxW8wyfyU=,850.0
consensus_latency,kxVY36rOutoXStcjbpw0d/r2ShzfWAPrTyVb/YWwMo4=,850.0
consensus_latency,uqc/mZq/QLVruqEAjfHcoAcKNzjSIPt3iDUEihXVnLk=,850.0
consensus_latency,xobaOhoVYxiFkQzm6aVFdKXXLmluPyb7cPIJlc6amzk=,850.0
consensus_latency,GMa0iIu4QDDNDldA4Y6cE+f0nPZOhXPhql0Y1gembws=,843.0
consensus_latency,OohE7AEhtD053uRMCfSbZG4EFyLoK+zSzyiDQzJKFX0=,843.0
consensus_latency,09spGo0y4injqaemUngYayCbh6FppHFBKeIi59KcjLQ=,843.0
consensus_latency,6SuWtSJ+dftRxJ0IbPvlBGgE2e3doVrUAlZM+RctCGg=,843.0
consensus_latency,hFKW1IKtpim4nMKXeWB39+qPtRhMg63POovSZvCvcNE=,847.0
consensus_latency,wwRodhPG6nWqWm4m6Rtfz5yMlbvG3JOfdiJ5g9fas+g=,847.0
consensus_latency,1ogVNuhAEuy0W/mF7Ae3My+wIMVt2Y5CGUafQNoTRaA=,847.0
consensus_latency,8gv7pnwlecWm3LljqJLGiDzFO7OhISzdvL5wADRkOOA=,847.0
consensus_latency,CCQEH4zp0gs86itX18wh3YxIlVNSwPE8x1YhT/RtJ2g=,850.0
consensus_latency,KFRvlrQCWFcbbkgKHVgYtd0Q/mReZcKJwwukldfdROs=,850.0
consensus_latency,LKgpH3TN9c/ihzVoXSOuNo7LARqVTacWyjqZChrWDAU=,850.0
consensus_latency,ewH+1nsHZH3UzJCkmZsOXP+MxMZ+IrnmeAT+w3EDtGU=,850.0
consensus_latency,ht/nZ1oU286yplpemmOCgIjl3xb7ShtrTzxaBIukYlk=,850.0
consensus_latency,BXyeMQlYwkpSqvEFHYfJnNHsZBPmyma1Cqm4YO8Puh4=,839.0
consensus_latency,W5UJXuXrqTVcv2jkclOO1PMG9RwqJajDZh/s2IimKaI=,839.0
consensus_latency,bmXID5WaWsHxCK7Cc5MuQYpM+Yu2nyk+MjETUItI8fE=,839.0
consensus_latency,947kPLuob2+plpIPDozsOE0ckpH40VkuZWUUIU7hBPM=,839.0
consensus_latency,PLxOEimi6cT1Eod41lk9eypY07zgv3xJinteJdVNTvU=,849.0
consensus_latency,eE9PhCBWVGICA1XjkncgX5ZO3Rr/3JYXkSOa4AbRbos=,849.0
consensus_latency,enc4ihILfrBeMRMc+T4Bft0TNG5o/Ez2NuBAOL7Jioo=,849.0
consensus_latency,x1qoXxVCYohlE69U9X7r3ed24ZNj+3KeyEezPfPSNwc=,849.0
consensus_latency,M/IcE00KInyzrKx6m6C29th2ATtBgYT+3BSypZN3RbE=,846.0
consensus_latency,YPlDt5duwqgrRwAJfbZASBIROgxsbqK2H+GwyAR1ipw=,846.0
consensus_latency,eTkIZDGW5n3z6XpOi+wUoZg2gLVoM9e96OlUWMl+U1c=,846.0
consensus_latency,iDr7p/YuPHtJHwadiBZRFjIgvKXWQaAJGP6cXKKyzIk=,846.0
consensus_latency,BWUS5gdiv9CBT9Tj60JhpjclOP9BZJoZJq6xfKwvLSM=,840.0
consensus_latency,BqQ0x/s8zkO9SRcg0NwtUcdokmq4HfOrEK/a2rHTEXA=,840.0
consensus_latency,CI4Iv3MQ56s2U1cfzY/ooaqvmYelt7zlrahht4e6PZE=,840.0
consensus_latency,2xgGcskkvQm5W+Eum6on54YMQdK8N/vB+PnAp4wK+2E=,840.0
consensus_latency,5SVv0Y/Hid7NtoP9YKyEOJ28Uo0ClPn9oZEXAjRfOKY=,840.0
consensus_latency,NUkzT2e4SnTVWPjgKPT9TUBr+bo4lK8+qRY8Rfq0EZU=,577.0
consensus_latency,PovXn631g8LgBJDIzMOIeazbr9we4jR65ZoP3oztSEU=,577.0
consensus_latency,XtaeMEpC48KwCnvy4RGjCwqKgAw1f+fU2OMcJPuagRA=,577.0
consensus_latency,iEGd0Xogcsp76JagJ2NJwqAVRPRiPRLSP/5KTVt5+PQ=,577.0
consensus_latency,vR3NDJTh+C8e/+7NxXb5vvu7uCdDxd3f+cVvZIlXjBs=,577.0
consensus_latency,6yuC5vkqqhDm9eLqwtaVQ1LxbgoDYVJDRT9W05dwHjA=,577.0
consensus_latency,CSii1gb+v4itVaIDCrptbXTlwmxzgTIYt+BO8x7v4X4=,933.0
consensus_latency,F3Uai7RSUOOxtGvDKXiWsOHov9HPchotDEhgbCg8baI=,933.0
consensus_latency,ZXuY/HMb0791H11/B8Psf3Uu0zW+rBWUE8giI6yl87k=,933.0
consensus_latency,cjJojKDUqLr/P9Qsb+R04LElqgBlsHT68XlqAGhup4A=,933.0
consensus_latency,0kxYBPVGRSmWwUUpXRBOnxKaPBeUObB8n7qtXzPKl3E=,933.0
consensus_latency,9VcP5LT1SiGeCD6fhAjzK6qcnEZ/mLw0O20sOQAepO0=,933.0
consensus_latency,C3f6vQLhqVwR3kIj/CNHAyU0Ibe8lc8ZAZx3kdxTkwk=,935.0
consensus_latency,YS25vbgfzvQIl6VH4LMdPpeDkfXre8DtC8njUlyEXQo=,935.0
consensus_latency,fpVbGrhhn8rf8+/4sYEEylbaxLBJ7vEvlQ2ekwMI7Ow=,935.0
consensus_latency,oKw+K/8va5UF8BCtXUd9Z/Lsjt3PNocHGLBqsnlwV2E=,935.0
consensus_latency,403Qdm/ED1ZHVrKByT0CScbSA1ty5My80B3BHhKqipI=,935.0
consensus_latency,IX+eoMqg6jYA2OSQHQ8oOUcPWrtbFrjw1dz3W4YDeDg=,934.0
consensus_latency,b3LVBaLli38hCn+mIUKdSiXNOHo6E/D8JDm1qssu+XY=,934.0
consensus_latency,tOpOV1EIo1jFPhrQ24GnjS/PsuIqGQaisv5s4ySKiu4=,934.0
consensus_latency,42TsqazqkEw8Dbr7dzozY6qMI13H5Of2A0rlwsmqBqo=,934.0
consensus_latency,LfGvXUaTujO2e/e4ROH3I3/EI0Nci8IysK/89YL1c9U=,918.0
consensus_latency,jZOxUeW/xoRBH+po9hLjF1Nm3qH4UkHrLPVgEXK66pE=,918.0
consensus_latency,02n2QLbZs+jGIdwNMUlHvnZon4jIMhtUwQ/k3B8jCpI=,918.0
consensus_latency,25Y/R4uj5VF8zG4IXlzGwINuXfUHP++vul6cfB0DXbA=,918.0
consensus_latency,VouryU/VRghKAqgUAxjlHZfUdWlC4awKCRsd0LWpRoU=,919.0
consensus_latency,oWsoARawgjxvy32qtL9vkIVTVBK2BGsh5k60PWLCOuc=,918.0
consensus_latency,yBB9NHiJN3TpBgBbBttT8iQQGvIpksTIQR5QNj0/trc=,918.0
consensus_latency,0+zXOwZBbEAozkoY0YWasK1jaAiZjCQA52nIKBSnIJg=,918.0
consensus_latency,6qMTzHSxW0omHoEtYAW90tGugwhZzPz+8Zh4zQlfBq8=,918.0
consensus_latency,+HpcOZX2fQ959KyK/p6kAjPMpxa66B+gdfH2dWds7bA=,918.0
consensus_latency,BmD9o6YF/KN6MjzVbM41MZXCXVxtxmOcrKU9JBLcPNM=,931.0
consensus_latency,EMCvEcuMPutMKPM78sxlhFhZXw0Hz170xXss8TssaXY=,931.0
consensus_latency,Rk48AezUNphaARAoc2xJoYCn955plsg10AJ4axAtJU0=,931.0
consensus_latency,Y090cqMeDSfpXIRzKMtntNtCc/b53QIWHIF2dmqy8CE=,930.0
consensus_latency,a+uw4PnpBygXxl+YSYYrr+U9lDWTHggxIPi6aJfUdEs=,930.0
consensus_latency,GmnkGEed+TDZo6cTup8CJf8X1gK7KX3Fj00/Inb1PHo=,930.0
consensus_latency,n4gIHRwXWtPqFrM0FqInB/Mq7j3mB45UCGsay2NcanE=,929.0
consensus_latency,9TmMCLWXkmdRQU440H7QvmgCvSLKdThjGJv94cxWiRk=,929.0
consensus_latency,NQJR7MI9WgxoO5VyI0RxXBbxY6MFYSm7tMrxRJXO2GI=,929.0
consensus_latency,zq91eeHoB4MwG7QcT2vd1F3rYeII/UEP7QlAuAga4NA=,929.0
consensus_latency,4d9nl57Yj2or+3QsPP2Eoev2TBI1iIJBwBfH5EnKFv0=,929.0
consensus_latency,7HYeA4UeDT/SrQyHBvMCZriEMFcC6T9UEFYh+7dFIK4=,929.0
consensus_latency,80BnH5AtfphMVOraC1ZCQTHTZbe0+9vm8rYWzTNOBZc=,929.0
consensus_latency,B3j86Yf6QVdc3q1OCucZEp5KNHv4SDS0KqS4/MVg62Q=,668.0
consensus_latency,W6ET/ZS2m83BHbAPKGfjVEf3hOSqbylfptPJCn57X5U=,668.0
consensus_latency,cMCPAlsOS33uR0rRoy6s6FnEMBef8takcO0hZSNkqL8=,668.0
consensus_latency,687Aqngt4pnjb/wPJSjEQGHJhdt6E/s0LaEeD6W3bYI=,668.0
consensus_latency,E7GpYH8ZE24aPGVj6qp0AXx4quP2pO3n579kZC8j0Gc=,676.0
consensus_latency,T9z3YAYLjLXup2LSZ0bjPUDKOHj2UR9isiZUtsZmOaw=,676.0
consensus_latency,WKmj9oGxskMefVNTRdd8ba+CxSqS2cIoeM9tkF2OjL4=,676.0
consensus_latency,DHyOJPiDR95GEhO9TrNqhLtZVB9bJtEx3ojmFFG2hIM=,675.0
consensus_latency,N8dFAtKJjcFNcLptNSA8TMP5o4hZ2KJuIEwaRDqJoLs=,675.0
consensus_latency,c+SaY0l5+k+/4UiUZFeSeQinay0GHiP1o5xaEY2nMhw=,675.0
consensus_latency,i8xRiGTIIJwZhDCD4/+7kCvZqhRwAErJwwhwNC99EvA=,675.0
consensus_latency,99KdudwmiCC6X2Khv7F8H0sVVRGa/iOWvNxwKSCX2X8=,675.0
consensus_latency,Yb7toaUvKJwbRLtpi6LjH2XlqJ89ZoNgnUAPdc6speg=,675.0
consensus_latency,lzmwGnyifWGtoCdgoaqGNUpZ8g0OWXOYDbSiaSIgAnY=,675.0
consensus_latency,x9Oy1GssKY0mWdpLqR8Q3eRhSPXktET69EDHEdlw7T8=,675.0
consensus_latency,2lOJk6qhMewPOd4FNKUYM/o4HrgB7XmL3zWeJ5NUITs=,675.0
consensus_latency,2m5+H5rzXIgj3jPJdsw/zvvx/1CeLy99zOd4KMfpzc8=,675.0
consensus_latency,FpeJoyrkUIE5tkxZepVg+9hJZkWTEMwZq+pXs9MTi+w=,673.0
consensus_latency,IpKFvjI3ORZfOwYismLM8hUlfAYo5kVbQNjQpa8z0GQ=,673.0
consensus_latency,adlcDoQhTZ3dL+giDCxp0L2i/34OnYb73nUyBmn3zKA=,673.0
consensus_latency,+q27rgMOl+Zi8DbiBxlmSM5/jSi1BBF24r1ToC3YTII=,673.0
consensus_latency,/2DyGposie/mNGfR772q8p7yf+5rIlYKI5suABp4RA4=,673.0
consensus_latency,MnIdfT7Z/bxsyeSllUgU2jxLVEIKo4ZN7zFyuRAxlNc=,678.0
consensus_latency,UD8UJu1NqQ87YXJ7157qyfr+GOv26Sf90ipR0eZSwhI=,678.0
consensus_latency,VQyTRRlIotkvCT0083fvlbY6ALaaCT1ftP7REjA4keE=,678.0
consensus_latency,jaozChK5jDrxop9ZK+smIqQz6plk9JhQ04rjpBPqFtE=,678.0
consensus_latency,wDLVb5GvsJ3a0XYn296Na8tTtqlUpn48vdtcxu+Dtos=,678.0
consensus_latency,y61JQEe3RWh32qDz+giHUhWQBHt2UTjSam0fu66wn5M=,678.0
consensus_latency,BBfBXYGUDDZhVjtdrhUK1K0F6in8/C+OKn8Qfbs0cl8=,675.0
consensus_latency,IERUd3NfSdIqkf/kghEPB4TvSdAuteLAyYSpcZufvf0=,675.0
consensus_latency,PNGw+amLX4A04iApyeNjyR635YwwMsnFfJ86PWQe8k0=,675.0
consensus_latency,RZyR3Bsr/5N1kMyBEvV/5sBLxI1ovFBdGygIwmOVQIo=,675.0
consensus_latency,i35cporouT+amhGv/RoLO6G3a3iYZGJeKmJJ+b0Xgg8=,675.0
consensus_latency,OYZmjdTEQGX5nKloTsxtEBdKlUOOmIPwr1mn75qhZqM=,418.0
consensus_latency,yixuzRZ5V6/+PLbEZDd3ukMLRIDzZ72pNNNpobA3bhY=,418.0
consensus_latency,3Br3lG0DibPrOHbWtBl/YUCl+ynn4YvDLbxFGyJZH+U=,418.0
consensus_latency,4IOUHhJjc6iXMOcxY2HxBSsV3+7hiT2BTCzmK0pZKh8=,418.0
consensus_latency,EHB7D+76o3Gs+23w6IKcrZqWw4n2RfOJ/8hmWFgwXUQ=,1368.0
consensus_latency,PcE+rPg/OlbtxJ1AJfXsrGAEKhvA05EQi37SSVwgAO4=,1368.0
consensus_latency,fWI97URnDt5pYTlPK89tL67QLYQpSNXg7YPCwN5hGeM=,1368.0
consensus_latency,gbPVCgFZxVgy/UwVOphHMbTSsOW77ZJVKpPCN28dxUY=,1368.0
consensus_latency,qTKskTdUm+j8Z+mfjYt7Fuw5PY78HiLu1MgiWJI76RE=,1368.0
consensus_latency,vCvCyiGPNUg7bpwhOs70L422MMX/Ihmnp2sB9KL9olM=,1368.0
consensus_latency,BvM6jZtqs0v4xfL1NBy3OnyxAauIfPA9DFvnVUgMglw=,1366.0
consensus_latency,MhJRUdY+pGuZe8X8GR31MUg+bkurQ/FUWvUZzJKEBac=,1366.0
consensus_latency,StJL31Sjjs0xFect0EczMqnaB6OsYc3832dzAb/s/HI=,1366.0
consensus_latency,ozWIxqyOQ9DVf3JSGR3BM+PFxc2ByADGul0i4+Db3vA=,1366.0
consensus_latency,JVU4glvx0mCmU5LZS06fcPGJLEROyR+KKiTfmP5RChM=,1120.0
consensus_latency,YtZCWsd07h7VWyrL/M5NYc8GgkwKdnoFkT1jNx1zzF0=,1120.0
consensus_latency,yV8E8OwI9vc5G5WreWFsIc4ZM8U9BaJlyFcxQrejwhI=,1120.0
consensus_latency,yk0E/hiAXo4tFPZcE2gbHtsubxUKvgh6TtlC2UMsxcU=,1120.0
consensus_latency,CCSSOgAI3WLhdp1Y9xb+jjzpEkEfCfTdKQGr+kF0CXQ=,1105.0
consensus_latency,XLsNrwSJSf3UQBLPKXv0s+VhF9pxsYktFbAZHe7B47A=,1106.0
consensus_latency,meNQwwUc55ceTdxPRoiJLHS73WK9U1xF4jvHEzkOVG8=,1106.0
consensus_latency,q8KAXZCGY0Sioy6/JQLPCc7MAH5wWLAc6x9DHcrNccI=,1106.0
consensus_latency,7OOqZzCHRXXM/RBnYQ3j5s3ebAid/Wy/nF8kevgfFIA=,1106.0
consensus_latency,/IyoM4mAHfgI699i1ILl1ki1AxpMmWI/3Lqa3zBSI00=,1106.0
consensus_latency,YpXzPpFpu6qH6iPqAtJ1MgsnNTqgzH4cVXLjMEpLVKg=,1124.0
consensus_latency,rxamnKUqQqlh516NjT6LPjAn6nF0NJU2LiFnhAT9COQ=,1124.0
consensus_latency,2abvZ40FsMqOM1WteKO0e084YS985lE4LvSCCEq4a3g=,1124.0
consensus_latency,8WleIf46vGQ3utVGd8I1R1TRglTphipstyG8P3BQ7+M=,1124.0
consensus_latency,G55s0vi0w2osUCPdnhyAQBGAzZfyK8ZwiebymS4cehI=,1106.0
consensus_latency,VLih6SJUE6bWcOJewfS1piqw7odrhWp8dWFifofS6pM=,1105.0
consensus_latency,4uaQNl5U1F4VT+mE14ZCzRW4czrcEYmRQL3rGii5UmI=,1105.0
consensus_latency,5OavZgLcrQqSybEDuusqkEFjRz+L/3wD7X/vUliSA3E=,1105.0
consensus_latency,VnC9TS1co8O72ZL6hrzDVRTW6xYpKnX3xgbPTu9NZsA=,1121.0
consensus_latency,bRIlkC9m4gMgiKTsuaQ/45w7cKZUWDxV6OFvOK7a0eo=,1121.0
consensus_latency,b8bwBrjRuRrk15e3hoaMdrG2wOQeCXdi7u9pRmkz7CY=,1121.0
consensus_latency,d+QGXAXiUWSkgSiNj8fAd9qmkuBcJhV40wBqLtZODmw=,1121.0
consensus_latency,eM+iM0Jk1x0/XbCgdQPRRUBLoK9zxFVEStcWcQZ/B7c=,1121.0
consensus_latency,OXPQyWI5UibA2iB+gk5HrK5XzvFvfdPeKxMk2hQFzCU=,1106.0
consensus_latency,S+dAzUS4OhQcIgCfvLXOyMvdQ5/3h7kRpCgpw1AbMSQ=,1106.0
consensus_latency,TO8DvEbwk2BnFlEMs4oQbdM+ax5CHT3RZwtxNFmMTGQ=,1106.0
consensus_latency,Zux/ob/kUjo/sTO0ekwvu0y2ziL9PN3Ep6/7QJRc2sM=,1106.0
consensus_latency,gU9nodh606unDcyEEW0ka8YuD/WXobCZYXFUKGMYb4o=,1106.0
consensus_latency,3oE49S3I/yXsK7aM+plLzF3rE9nlAhhWn8jljSmMto0=,1106.0
consensus_latency,goNQYq61suyrRTGfczQj9WxMq6PlxNWB+ZUV9eeabHA=,1122.0
consensus_latency,lUOiNv2H2TgDZ7sCFT2ZaPtusW66FiASQl39xeZl5eA=,1122.0
consensus_latency,lu/nYxY/PItr9GUPDzYLRXVb0utidRGlE5WE+CCX9uc=,1122.0
consensus_latency,mUMzSdILs719FUcWvu5jUDcmc/jZ/4Z57JW0w6Ytx0o=,1122.0
consensus_latency,mWVbQks8MwtZiwi1BaiVlik9YQA0GoYFc5boRvKczqE=,1122.0
consensus_latency,0s5vHm5nI/irsqTDOIik+yb1DbG5CazeodpmMdfobFY=,1122.0
consensus_latency,H0hHyv+5wLX2CDU1d1A5CneUbPc3ysfvVhHk0DVwvso=,1120.0
consensus_latency,XZwwG3FrT4e3fB4mWD0ZgeDjU3GUzR2BrbKz4a/ojFU=,1120.0
consensus_latency,lGpNPVU5llWeihMK3ffhG8WbKD5k4L4c2XISDEhwA8g=,1120.0
consensus_latency,oJAuNWdQAa6G1xhXl1RmeHWL8N12xLc8k3C9modAiDI=,1120.0
consensus_latency,qE/IyxiV2pbix15aSuQStie7VuqthMBr8Mz/cGaaGR4=,1120.0
consensus_latency,P7x1t/lQ6DA4JLkddyB6lq7hpdhvs3uaQ0fTnPDx8dI=,865.0
consensus_latency,Vn5oYJDPaWMzZSmzDCncLBHUBy2Kd1JN9BI1pn8YyWU=,865.0
consensus_latency,ggq5LgGYBtdIohdoZj+vIGaQkPpCg+ELjnIdulbxmL0=,865.0
consensus_latency,havC05IZklXJg0SvvPRkKUIeu93KGCqNmPYKaBEA8kU=,865.0
consensus_latency,nNB/xdRxmgOJVzI4oVAdWsmS1j+A2n/Z64fTwIe1i5Y=,865.0
consensus_latency,8kyvYqFJ61dvpB70W7up7IP2W0BQMvFlSU2A478+UD8=,865.0
consensus_latency,EdXEMCcrQB//XwL+ee7y9vGBaeEOnR6bQgA8C5EfdC0=,854.0
consensus_latency,krhY/ivlQ8bXhS8fb76BgxcbtgNGO3gi5tZ6Y9eYVAk=,854.0
consensus_latency,w+OUR9R0l758lLOR0yTgwGfIZB9OecQgZVOruTMUh4Q=,854.0
consensus_latency,7x/uUBEK55rrfwrBaPJJOyU8VX7nzhX5VRy7GAvM3TM=,854.0
consensus_latency,+voSDs8PZqJqBD1K8VVvb8bN0mRLbw8180kl/aJqA48=,854.0
consensus_latency,NVY0NMzYYiNX4cms2KJBOxd2+MlsLZDxeZjMB/fi7fY=,856.0
consensus_latency,64ABIlyOBZfTpz0bdNre0+vVTtGEUrJJnUkRAliDqjg=,856.0
consensus_latency,/TUmltnW50zULheY+nBMV5LozcJPM0k/eicfQxCPfiM=,856.0
consensus_latency,BJbkYuIcpbtidSb/O+HIAfNjLAvT78L0DBGHi6sGriI=,862.0
consensus_latency,ROzGdaPNAacWEqKnfqm2QYggNApsAY59lh2fyjyjWLo=,861.0
consensus_latency,ltWOAUz15cNzYXjbR+KuwFyBoSq+5e/IN+4dcINvsOw=,861.0
consensus_latency,zgGY8kFJnYau2Zry1l7ewY0GjWWBSBLmpZ0IHm38uvQ=,861.0
consensus_latency,1Dp3athpHLQ+SzoYGqocL2PlyR0EhXkzRGxK+T0cHg4=,861.0
consensus_latency,LxqUbJ+len7I1Cyub7idEej4Tw72J7PB4djKGsnF2H0=,861.0
consensus_latency,a4+yE4mYFt4DBvETF6K39QHH+6AmC4sOqLOlEZKn+EU=,861.0
consensus_latency,i5GuSfAcQhVRzin57r8WoxT6B4mZZLGu1XUpI0eMPPo=,861.0
consensus_latency,npMZ6WqeApRrR1sg8ieCcZG5GiOJKPwKoVdaCea/4wQ=,861.0
consensus_latency,5Ua5DCQ5wNaL3bv9vhufYPl71ovD1/1IV3u/1VlYSUA=,861.0
consensus_latency,6IsdWTddTxTq9w0r6Llkyyeyk589Wc+jliVUGtOS6mY=,861.0
consensus_latency,D8n5aOT046m7wr9zB0ZQvPbOsLZ7F+eth53y0No3EA0=,852.0
consensus_latency,QXvS7yw2gg1Kj6eijAgk+YpLrcwfUlKf4SQyqI69WN8=,852.0
consensus_latency,hqf07bLmgp1//1lGbpZwXuQuB/pUjt2SvK9NmByNYiQ=,852.0
consensus_latency,lq0ZRkMvPDi5g2sByY3D79Ji+/4VADh+cIcjutBIAZ4=,852.0
consensus_latency,BA7s0S6wXDhuGklOBOXWLOCyA13pctKKfGj0iUy5ZQ0=,864.0
consensus_latency,NU6Qu46JRfrN8UxNLp7fq+LYLVs8Q0+qLHAxWVNqAyA=,864.0
consensus_latency,59cJtwPyz0JAKJxR44+YQgwbQWms1lJ9M4zSTiKdy3M=,864.0
consensus_latency,+V5tH4V/ZX+g/57ZPYTFkFynDC7xpkBcj7GEXQx2iTg=,864.0
consensus_latency,cCBtTxf7EkS05QcHQenxo5GimC2R8o+mZvA36NPMjrY=,860.0
consensus_latency,rcpj0ua3n0BQqYTfOv2CJXw4akwYtKxQXpJOcRhS5p0=,860.0
consensus_latency,tyewKHY5Qg9fC9ls/Tl8Gs+RFfkFuobtemzxgjpUMto=,860.0
consensus_latency,yEU96MyHvgqHpOZBNxPbPf8Lqq6cdpZqiaI4U//MAvA=,860.0
consensus_latency,yZMzHl6ZYfwUnDqf7yh35COBPcQ9ylSKWgTaH43GrpU=,860.0
consensus_latency,zDJMRbg2ExfakHULLg2mn87DgZe9vgaNVQB7MOps6O4=,860.0
consensus_latency,Oto1QN8eHd4odNphxhf/iF2JeC+tgLkGbNRbjp2Y1TM=,860.0
consensus_latency,VDcXg06TeougOY2ShrD7wOr0fQULtMgqNB1xhQM4IMM=,860.0
consensus_latency,adr5beRMQJnlMJARh9XkP8rdkB/SVavSmi7iyrb1LJg=,860.0
consensus_latency,6BpQLcP2wkUohai9nafWKFuFCFSD4t7WosDPzulI6QM=,860.0
consensus_latency,82K1pH04NY4tAY0B3cX1EPrt6nDFO3gk2kGjZ5202ZQ=,860.0
consensus_latency,PomBNZz+Yo5RHszLzkOQjUNBj7DA5X0jQEI62v+3l9w=,587.0
consensus_latency,WGifDKI4ehMJ/kANNET8X+0zgWkaz7y8yzSmxRQ1zjw=,587.0
consensus_latency,ifvt9Nf9vD0McsPgpuoipmVk3P0Z3bvijhqOCrPuwZ0=,588.0
consensus_latency,u/bKwGTLQOyGISkeCVHOiJXMUEpwj4UKhhDAx1w1F/c=,588.0
consensus_latency,ynWktfvLiLDVTOI5TYfBwI/cOT4h7ikI7X9qV+ACGeE=,588.0
consensus_latency,MPrZgiYzFwk8I/ZK/+yYWtuYDdyYO/e265r5ptjDpeo=,914.0
consensus_latency,TCSqozgow+oClfKlP233QGFXp5VBbPMFHmKpkNi3J+Q=,914.0
consensus_latency,esKya6JhxgquLMmDmtyGseWk1YKp+bMTDmJHrp9w2Cw=,914.0
consensus_latency,SiqICe11vRJDbkQ649zrcrkN12iACN5o2IHgRromVMA=,916.0
consensus_latency,Trt8Y6/3Pvnx0VCuQzPEBwzN5CI1worWBNHNoKib8qw=,916.0
consensus_latency,vlVQz3HzTeSXKkt7V03IiMYM3nL8ne2EfczQ+K7BrqI=,916.0
consensus_latency,0c4iRCLi0NPW6BFscCJLsf3vHldfYZcDDjsz14PPwPA=,916.0
consensus_latency,5OIBUOvWlVqgr/ifqAFeHOkNwZSnzAWNk+f3997TIGM=,916.0
consensus_latency,M/F9xHOJ/+WaojVZ8UVolNtmzYdzUEuvQX2j9Zl+bfg=,916.0
consensus_latency,RIZlp8ph+wd1W+3a/zXun347YcT6i2POdYChZQhEdhs=,916.0
consensus_latency,pCOz/7bgMb7Y5fjqsUNNdeArIwfrzvhr6SCgMXRZ3JI=,916.0
consensus_latency,zF21VJJ/zx21XkltS7w+iVjh14QEBxNT94juQ7qk8rM=,916.0
consensus_latency,05kow6YtzQ9EIY4wP+GbavCCJqEE7FByxyhmLtqyaGA=,916.0
consensus_latency,1nKsQVAe6Wrpq+Akdp96SI7bBEWM7gOqovCP5xUkm7I=,916.0
consensus_latency,MKF/dEq9Uo5Ng1AvYbnAucVRBcz5L76AjT5yl0gs4KY=,918.0
consensus_latency,YSgDaR1bA7juvLlVfdEZZ6UN+g+1FuYoVwIutYud+aI=,918.0
consensus_latency,zRDwmNlam0kG6Xl/KVyNVogx70LuluSS9jYG71WbaYE=,918.0
consensus_latency,6ADihqpQYKrZMN4XcLwuylYBpwx1NY2gcOV2OgtNEeg=,918.0
consensus_latency,RLnMLPhTmamjKyr5EJZKAu8Y70TqVQP9O2rgwM9AgIM=,915.0
consensus_latency,fU9Liu30jXcNK90azJ5oVWSJInJ/ozms7XStpFA0Q94=,915.0
consensus_latency,n8et6ARTk376i0ytCE25W21iz6msDlB1SWO0cxl6JGo=,915.0
consensus_latency,rtSONVHOCSwabDbryDeERJ8keERRMfVSESG9tnSRGU4=,914.0
consensus_latency,IV67OHNMhKHM8ar09rlNKCbdGJrCVRWDe+gxWRkAPI8=,895.0
consensus_latency,Lg6h85VCsoBRnI2pDO1raNvUZfQQNhXF87FcinZ0rsw=,895.0
consensus_latency,MDvYg9WZGsfGQn3jrxZsiW726TF68PhXP5S6jv26qY4=,895.0
consensus_latency,aq5sho50QRPfmiKdV+C+qeczKKyo96pC/OjOdnUkRIo=,895.0
consensus_latency,uICG5PvRyu6/xCAyDfcYXC/6dNUU8NXth77TVo+j244=,895.0
consensus_latency,48HpFmG+KTWBjhIf3va9F52Xnam8Dz0eiX9fcvgvS4A=,895.0
consensus_latency,MMkX9r2KFPcoF6gNnVwjB+a1sNt9M9tcNJ+n05yvVBI=,897.0
consensus_latency,bEnFFaexfaJXRPp+Cmz7eL7N5ZV9Pb+yUIituXcEU78=,897.0
consensus_latency,poVL2v3aQVAXT+Mq2qAZyBgexxFIAXGM8PGDGD8L/Ok=,897.0
consensus_latency,spTF0M0iBQiLLvLVcJJCYD5uVTVbdFxuoNcFgdK14No=,897.0
consensus_latency,4MgZRbZ+DGje3xMDkfEfhTN4liXRWtQyh1oksZ72UEQ=,897.0
consensus_latency,6vAUJosX+TVqe83jgXQIelADj6QUXHw2CYk0pCrX26o=,897.0
consensus_latency,BquCyaD2Rzr7z52mXncMjz3iD8s3CD7bFungD+KWPbY=,914.0
consensus_latency,qct7CFcZ+GiCs9A69Qux1pwqCmvgPmBbwU9edcDRmgc=,914.0
consensus_latency,0b+bu2C/2Vlx89/RehEm5HEHA2cQhdVCygd3332ycas=,914.0
consensus_latency,6alexstiQkM6iKQsbJv/JudSNUDJh0WMbBMVEBjDYl8=,914.0
consensus_latency,+KO+UTO+B4+Ghz7JCprDErSw8K66lR2tC4U15E44szc=,914.0
consensus_latency,DevPmiyt1/ULhX11/rtX1RRXe5BT6qejZ2Gt28ApasU=,654.0
consensus_latency,I9z8k2sj9c3bpGZCPtFmyYjyoW+gaKkOxu771xBkuns=,654.0
consensus_latency,Zq5Gfepmui6qWIkRDsQmBrHc0GPLG5zu0bGYmcNUUmM=,654.0
consensus_latency,aJ6r/ewDvOGAR5q3nWwhVgwYWhWitV/28q5xNmOIOt8=,654.0
consensus_latency,vdNAZ5fmo3MOEbeqBX2uZnqhxdFS7TsE6LtufKfEtbQ=,654.0
consensus_latency,z1WlF9oN0vvbCkBIoj7ZqFw5LggKaHI4E8vMxUph7ig=,654.0
consensus_latency,DGjWrfNiAsJBqI2vytIjWu2uTw5txTxSRkf28gMcZVQ=,655.0
consensus_latency,P70PB0K3YWWbgPJ0OxMJ0CRbNW8YJkhS21pOcBP61Go=,655.0
consensus_latency,QKhvs4hcjv+hPum2M80PHAvWlQ/EgME1XjKIjyu83P4=,655.0
consensus_latency,gQAetA/he0Gionr+cutXvvG7CPu06Z7C42a5LZwTws0=,655.0
consensus_latency,n7cdV9/r7vvHS9L7SYImUf03DPzh7Lu+6PGqxlbnZr8=,655.0
consensus_latency,5LmhjZE3xWhYUMyNddaJNNjlsXiLYMAOL82TiSbhVEs=,655.0
consensus_latency,Rc7Zs2OH81IaaoHlyREPtkvKua2mG2pHHYROpN1bvvo=,656.0
consensus_latency,bfjgBT4730xsdtc428Wm4v0+VwCWI8gXN6DPQa+YjzI=,657.0
consensus_latency,e/5crP/k97zrh6gl6hccqqyFDG+PqnwTA4JjM3RLajk=,657.0
consensus_latency,w2YlwO77eZBCQhBJav/puqOPbYPMl7iT4BhR2GquTf4=,657.0
consensus_latency,DqS7gsBKhxFK5LgOBhaK/mCr0uHCQdZeAfmGNmbNQ9M=,657.0
consensus_latency,ckDllzkq9JPb/5gI1ni1QyLi6oRRRnWUJ5A1IfQGItU=,657.0
consensus_latency,wI5oyGOCN2BNnJ9nyHAt4Tpj4sUzQkjJ7E2Tu1G0lks=,657.0
consensus_latency,5KFt1n5gMra4DA/KZr97GgB2ahGbVj3Wa5AAgCSTYTk=,657.0
consensus_latency,ZFVGwR2qeE39tLr3/M7wszscn0cEQ6eD7+Q4Uf/9TPE=,653.0
consensus_latency,gincsGAQf7V76KVu/oKdofFV4NkDRpUmnHtTwo1AFyM=,653.0
consensus_latency,rcRCI0QeMD5iTLllyDoKT6RpXpV3PQHXUlueZCaSAY0=,653.0
consensus_latency,yJWd/E52inm+EQH9QnAwsozDVROyluSdlx16b94st0w=,653.0
consensus_latency,N8rm+ayrTzH/gf63QQjRiOrKnee62jAgpc5+iRJo91U=,659.0
consensus_latency,OvG0eE7qilRvqtnV2EoagtdPr/vv5WbvJKMqieGmhdA=,659.0
consensus_latency,UVZJvLeiDCeToBnrc5medkmn7nnh6+fgK9pFfaBRxcU=,659.0
consensus_latency,eEs1oNQ2ueu/xidp/C32m41XzIY5nEOHKb/iy56EAhg=,659.0
consensus_latency,jN52IfiXnvLHy7Lv+Ct2yjvj5y/XKlzg5QhIDAMbvPw=,659.0
consensus_latency,3TUNt9RpsDPQHR78EU5h0qxkRRTRV3aycAhZnd8LnzU=,659.0
consensus_latency,EvrPSWrUSaGWjB0LknP1DX0+99hm6LrPdPAPeR/cByQ=,657.0
consensus_latency,VUTGMGD1hAtsbx5Ol1K5tWQTstY9hQlPqwadSCH3JTg=,657.0
consensus_latency,0bzgwrzYNyDTcZyMKC++JhVVh3NuB3qkmdZKMqEtRRA=,657.0
consensus_latency,9gJsXI2uv6T58vm/J/rEZLrjeSceLn3tTCFdTWgP+nw=,657.0
consensus_latency,9wQr9v8FOerR/Y/2UFA7HkHjpAicD5DaSZHWYUJPXX8=,657.0
consensus_latency,iie7Awo3tHlrhTqCjTtPkGAjvhTcDjdh4W4pLD7Tk18=,407.0
consensus_latency,x61a63j+T4NOfF4c4ums0Uyq9l7xoBYUtAT97S+T50k=,407.0
consensus_latency,yJ5RxaygvIZNZ+ta9d2GcPae7cF/6H2GQzWc4l9YXIc=,407.0
consensus_latency,4/Ybswliur+fuSEwza96dfe6aN9t4uYWDtCgG42nSKw=,407.0
consensus_latency,MgBvc+eXDtRcalQENwauXyiyJ4Ag0DbFHVOo6ABCwmM=,2893.0
consensus_latency,Pn7mo3qS6rsaSHjMZEV1Vz5UbwuaQh4T+85yicPOIU8=,2893.0
consensus_latency,bhCN5ajb0fgnrv/xdUzZqMbp1g0qJjJ3vLksIe2QCIE=,2893.0
consensus_latency,i5NNAspEgVGoBOJXSGKXoMgpxhU0VliUyejjl4yiHTs=,2893.0
consensus_latency,kR8DRvXcbuB5jJKr1oGDfPH3G8if2mbFEr6biYv09l8=,2893.0
consensus_latency,vBbMKPdoSJN+N8vFHjZyFwOdhPQ3OihJiNmceOwalSQ=,2893.0
consensus_latency,GIpa0wesL6wFfVT5/lGAgzoYQoPUfgwXhDMTTswQQqs=,2204.0
consensus_latency,o9s7zMFmjNXyRslZV41Sv9WWGOkz5kWTkgk2Bd8AGHo=,2204.0
consensus_latency,psn9ca2KI3ZOus4ds78LFYlBw0cEq380Brko1tBqcO8=,2204.0
consensus_latency,rcb6ifLZLLG8+6yQRw8QMivEiMBRmQAJGpZehF9kH7U=,2204.0
consensus_latency,+NFaBO0+i4aaFUZ3PRY7Y9pKeesHWMIKdXHSHqZoajk=,2204.0
consensus_latency,DKoaIBcyf8MZ+7MS3YgdVExpGMmdWnY58EtuGwGqxjg=,2204.0
consensus_latency,dhb7hB/fZL8Qm60yNDxpVJuIJ6qgcWxrIqwCcv9Tvuw=,2204.0
consensus_latency,uF7GmNA5NOd0WEUhPFKm2e3eKeJqkfbnFRy25f1uudc=,2204.0
consensus_latency,wb/lAzMirBoXyftlpPc91pg48w+yx6otjMbNJ6h/CLE=,2204.0
consensus_latency,bBa+06SGT9k+2+H9I7wsSHn9kl9i8Sci+FaszZWrkOc=,1940.0
consensus_latency,bJA74Eg1eU5w98zPufmZ4Fublki8o8zRPFQ4e/7qiBk=,1939.0
consensus_latency,fwB3Xf3OQ3O3A+WsVwa62p8p3QtrC4jjMek+ZSBAXpc=,1939.0
consensus_latency,8mubL08UqQjf+luO0h/tfoKDa83VIxnCartRNNLHmXE=,1939.0
consensus_latency,LZvZk0a19GDR8VxwOB/dOWWTHcQx+p0s6hzspNZEY94=,1940.0
consensus_latency,PzjpRT0/4chLxk3W53WOTR3Ix7D1GUyI/cQXrqdAOhk=,1940.0
consensus_latency,iNfRuW+9FwPmrEQcGPtYxJKRs7bmtGBL67jKNn4fGRI=,1940.0
consensus_latency,u4Skkqz7gq0pl9vzsI8DVmw+nZNBjSWCvowayylYJQ8=,1940.0
consensus_latency,xo3qHFjQBNRd74oRs1C+uAIa/Bi9Y5hd/Itjr70W+TY=,1940.0
consensus_latency,+v2mZ3lHg11GJMZTDq5C9AxoowxO/SxyBUePHsizAxg=,1940.0
consensus_latency,bO9ujVpJHilqHX88qJP0msNO+oM0QgzRVZJ4DPXIWZ4=,1952.0
consensus_latency,guo4L+Topabu4E4SW6TF1ao0N5W2sl1b/B/xF53nYs4=,1952.0
consensus_latency,nZMsNznNVbaDAIogq/6BmrapYYkdziqhd+WVuN3TgVM=,1952.0
consensus_latency,6uEqCIyPAV7ytwuFSFCN6bMqISQUHXAkR9d93pqEBeo=,1952.0
consensus_latency,EuCF4J5h7ghzg7sSZTwmO9CH7wPv8CBOlTA5d5jGOMo=,1939.0
consensus_latency,HtyOCxZQvwCJF+OlwfRqq/m0ok71Gsewv1A0fbQVJ/Y=,1939.0
consensus_latency,eyVzdkr72IyVyXQAwiPSFjM+UNq0gvwYAUlXA5qS8sQ=,1939.0
consensus_latency,jvQWOktp/3EEc26WO/huBRN2pFUD1DgXu0ZN/omjegc=,1938.0
consensus_latency,uvaGbFkl5czEWaRyVVAe2HdCCiee7D6kHHvORK8eCd0=,1938.0
consensus_latency,C/Zs+/J6EXIZWYdXxuhe3RzN7+AMPaszwNbvFrcG9Pc=,1955.0
consensus_latency,cg4B8OvuS7I2C53AbA8lRnQEZzXW/OjW2qRpLJOmcI8=,1955.0
consensus_latency,wB3fhicnE3y1g6RHteroUmJx4lXoP7wirG26fA3alKk=,1955.0
consensus_latency,J+FMJW4JY0h02v3JKlfzP59u6slmnJVNwxNEJFgGFdg=,1930.0
consensus_latency,WM30/McXo3OuqW2kf6E0pPIlOHGIX/LMF1Dtmdtsmw8=,1930.0
consensus_latency,a0WyxfsW3QMJoyitnYLoTq97uiAvg0dQxQyW6gw4ubw=,1930.0
consensus_latency,qnAT/OkyUsRhgtFpT+Xff2QLU73+H0lCCh1bkasFYWo=,1930.0
consensus_latency,167Gz/EGOynf0NCkWExsiLGQmDPx0MqPf+r50hkiGSY=,1930.0
consensus_latency,90fNQzmciNmAKzU1daHMLWzgeUIXowtaF3KWh1UUjTg=,1930.0
consensus_latency,afPNva2SGZOFySUeXJX2W78kAR+jfLvvYwp6iOUNMEc=,1953.0
consensus_latency,d8eKozZqyFrkvuoSBESSGBkRv5Y/zZd4kFZ3O3zk1uQ=,1953.0
consensus_latency,l2qiudPKhhF3DiVzDkrvKfvUu33QIvxpUm7VuvLMmvc=,1953.0
consensus_latency,3CB7mMWta27XEvi2n85aDRTS6nC+AVHAolTSxqaKLV0=,1953.0
consensus_latency,N4TkjlG4DjAFVfFlHnOvEyCTLfGqIp+gBHvfTIu/oIE=,1928.0
consensus_latency,Pame8EJieQcblenuexD9GccUcdCKTcB7oj/pAV8fhT0=,1928.0
consensus_latency,RN9JPiN6ix8FA+Ma/YFgA1jTLo8En1KeS0wNaHQRfUI=,1928.0
consensus_latency,TeoR30UWgu66Z0XYmihQ9KyQgbE7YMGwB/mXjnN28r4=,1928.0
consensus_latency,dffenYL7wZChbMwDu3cCcE+hyOwa8gr5PoMF2Op9Iic=,1928.0
consensus_latency,sdNxcp/vWjWGO3SZ0rMnzub9yJ7bqeQYrLEZgC4vV6o=,1928.0
consensus_latency,BXOavIaxsuH8/4LVhCC9+FNE4kzRQLSlHCqUOb2Nsgc=,1694.0
consensus_latency,FpIaM7bEhvw2iI68TOOQlG3YwWgounc7zdH2oT6HcPk=,1694.0
consensus_latency,O9hzkfVVBR6bj77rLsxE8XKCn/w/zk3B2DsDLnfccYg=,1694.0
consensus_latency,PNFb/f6mwKJ4o4n2rWdmpOKM0/7GutDGtCswedq9tDE=,1694.0
consensus_latency,3wKNRyGecYCI8JSSLcW0ZrT5uPQ4gZlxVIadDGQHE9A=,1694.0
consensus_latency,VeUJCjVHlC9xo413lXWzL4DiyRiKqECztON69jx5GbM=,1685.0
consensus_latency,WpEaqGoWHKQa0wsSkrvueJjMLmm67mS7zXngIodw7Nc=,1685.0
consensus_latency,hfIQcL82qm7rTNKNZbzjJPKkcpbCgq2leUOqrMAtMV4=,1685.0
consensus_latency,6prKEK946SXQzp6g4j504D3f366CjsvJ0uGRGDtKynU=,1685.0
consensus_latency,EYye2/FWxGvt515q+Z7gHJYzEf5JjJ8qGHur+ujoMXs=,1687.0
consensus_latency,KgC6SWAYalhb014eZhXgt/YuYjuC4t/3kx4f9fxjoTc=,1687.0
consensus_latency,OjN1KPiT4rcD6lSM9TKD/apNZMswNbQfZ3BTp7eM3zE=,1687.0
consensus_latency,YYqxlD9ITTLlCvR8CijLmWxTGjBv2hpP5oai3b2vlPM=,1687.0
consensus_latency,dDfUuwCn2IbgpItCxjpTr+QxH0CSjSKzqKPzyN1xvmw=,1687.0
consensus_latency,rClUO6/7Ma973HwznWLRNRtfIdEi2+q/1jqXa0K761g=,1687.0
consensus_latency,YGGicoU427X3vWuKZwG0SkAQMT36qPoa5d8en85F9Ps=,1689.0
consensus_latency,khjOJuTLeEs9uKF7nZRip9jr+YE8gV4JEY8PjH0c15Y=,1690.0
consensus_latency,vZAIhJ9huGq+H7mUB5p+q6HWlPCzGxFzcDbgo3wWBXI=,1690.0
consensus_latency,M5/BPaOc+Tz3/HX709ovP50nJ1KkvUMS+69/d20yobU=,1695.0
consensus_latency,QR2ji2NYHy31OUjp0PjpTO+gWwDcXZvIura+P2Csclw=,1695.0
consensus_latency,VVlIB/dXz1AiConotLW4Ippx5k+op83WJfcFhei5E1Q=,1695.0
consensus_latency,ozC0eDgGwWGYPZLgSobO/xEdJGtM+twlsTVN25H01qY=,1695.0
consensus_latency,sgo2qlhOo5eqa54w7PSwhzNBA+NB75SOo1+GtGMtBj8=,1695.0
consensus_latency,+tvLYdgVkNl4oTfnUSjsgwbXyaboRl83H43++Q3EOBc=,1695.0
consensus_latency,QjhToG5Nnl/lK73MW+E2+JkheI0oFIAUZPMKk0MM7UM=,1696.0
consensus_latency,wHx/jEYy3vvIPfJzbhBTyBbbaDp6HfNkDZ85H5Ao2sI=,1696.0
consensus_latency,1wUw2nbNxyysq89ps3V/2MRtjex/AJGACwxa+jeWD6g=,1696.0
consensus_latency,Bp5tJQv9ZBjSqWLpafvpCTtEdEqgOEjoC0mTBUM4UbA=,1696.0
consensus_latency,OmEjV+S3k5K0HjMwLr9kZMDodp59RM9iZazq4Cep/Hk=,1696.0
consensus_latency,WpmPBvYUsJGNl/88fumDakAhE49WbQFwznuPw8HrXJk=,1696.0
consensus_latency,ikvG1WXGnFeZe4JqD1nOgpCCXiBjBRMyNuxB5KfW7h0=,1696.0
consensus_latency,tazve3ePI4sNFnchr8EI+F9DeY5yScE/r1I2PNzOygg=,1696.0
consensus_latency,6+SGbZtwJjvBzBXU+XS/oatOc/kMzb9moiJcOlkGWMo=,1696.0
consensus_latency,E6CjjHKcV8X8OvJYmgETO5XSApZj2hGFgQR9yZewkL4=,1697.0
consensus_latency,HKr/juj9IjQ+R/KyCRO1jnxuKfjJiIwakJrYpIG+rF0=,1697.0
consensus_latency,Njq4VrjdBilSCsKXEtKH8k3JkIZnaNl102IskGOD+LQ=,1697.0
consensus_latency,TWCcGwR6OBJb0gjoHMUsYeqFqGUrozLCTYaBZl8/rY8=,1697.0
consensus_latency,WVDNILZrPFLIch6QZ0uGSQufXaplmh35GGRluYXzj+U=,1697.0
consensus_latency,qd3kg3ay8bLl2VOL4tTdjLcQzFOojJBzx7j5cL9OIiA=,1697.0
consensus_latency,dMK7UXgjVr2KTVCE3bYEMcDFVp7LpyFbM6Uo14qx2R8=,1694.0
consensus_latency,e9YNgJQx9fOqWeiS03gW8E2yfpi16h3LBwFFzvfVSiM=,1694.0
consensus_latency,3DYSVwRntIqPzBRToG37tZ4iZq1Nb7KPvEvRDUIIGWQ=,1694.0
consensus_latency,8gXZsW2IbI2BowSOPqb7OTDGrbIF50nUkUJTeWvvIho=,1694.0
consensus_latency,CXIRaTESyKMO/c2wDq3mzNREsCGM+RCePRqyfIEMzbo=,1434.0
consensus_latency,XCuj6Ne4kiNIki9n3mE2AxPHsFkE6ixw2g8lGr2tPKI=,1434.0
consensus_latency,Ye1zY1YZCv5zyIpYYI5Nd1LvI71LfoejJb6gse9o1ik=,1434.0
consensus_latency,htQXtCieivokBGtALsBmFeyc9x3hYMIEoljKsg1nNQk=,1434.0
consensus_latency,Kr4kLRE43tdcYgWowUlQPhrGjVRkJd/EeVNtJrtZkmE=,1428.0
consensus_latency,fpnFRTrvRxSd6cnwu1teYr7b+F6uRNZsJ/BdpVMJ+j0=,1428.0
consensus_latency,jQTlTxh/EOD5moBi6d+U0JpLWuU1f/gcSeFTo8yzar0=,1428.0
consensus_latency,yYrL9Yl9lw4KaTSKWN3TMUY0ek/jC9InGhlwdByLU6U=,1428.0
consensus_latency,02kqGpIvM5BMD+LgcIjkWP8m4UXt1weaLxAtiqssa14=,1428.0
consensus_latency,1ICxfX8o6lN0t3WG6aioXqfyB9Lp80Ld/995GI3MHv4=,1428.0
consensus_latency,Ck/5imDlYn3vF6ErXNRW8jEV3N7tDfWdaYEKbW0IGvI=,1427.0
consensus_latency,IWb0PvcPPVpODCnRMrVbAG/nNl9DYptprl8bkxLV3Jc=,1427.0
consensus_latency,LjME1pK0UIx5GswoCstt9hr43/XvbFK+XP6xRbqt+/g=,1427.0
consensus_latency,nHvRm6KO2aZ67+Axv2jNQCNP0ikw+uOlv9/E5YKztjE=,1427.0
consensus_latency,vbCbZxLf7RWZVKSDrocGMedqcPSIvYKGFIjn7q1ku/A=,1427.0
consensus_latency,5vyYNEYFfHXe51Tn7tidDhsE1kz2tOb/EJOJcX2sqi4=,1427.0
consensus_latency,E6jPoG+QpitUlRFW7PO3sLEF1cts4zx1vIl59ssnRBM=,1437.0
consensus_latency,U4BeyGZd4/gPh3nfYhwS6zI6kpbrUPjSGl2B3xJfJDE=,1437.0
consensus_latency,Vmiw25B6rWrqj2s+d2dM+gQvB12Kcl47td5HRsDm2O4=,1437.0
consensus_latency,dMX+Y9jFCgmHWR59nGVsOGy/0TcGkTv3dvy9I/JRfw4=,1437.0
consensus_latency,hkF9ZGJO0+JyZC+psRhq1iMmpwtv2Jwnq7Ncjx/bOYY=,1437.0
consensus_latency,4q3eazcq0kWxCN0FzkrDYavaNUhXZtTmr7NZR4/SN5M=,1437.0
consensus_latency,BUVF3Rz5vz+fTRULqehFs2NjcmLxfF2V9qEH38zCQVM=,1435.0
consensus_latency,T9Vvj9F6QghMSms8iqS9yDYzp5WqpnVXPmlDQ+vj55Y=,1435.0
consensus_latency,fS7bq5/peZjBV3GsbDXE2Jxd/sXldAw4ErlFaAPG1X8=,1435.0
consensus_latency,garwZXdDVcQlblnA/7AFO/d7P1kN0fvek+I0qnumRHQ=,1435.0
consensus_latency,2W7sKaDYHzefHGx4zRkn9D++fNjpqboYDAVEU4JFRQw=,1435.0
consensus_latency,QYUlpvulnXUSYav0FeJgoIsuX+N49I3kd0Y88919qTA=,1436.0
consensus_latency,SFVpEs03rznaubX3nsvxR874yslAWdBy81M99maH2nM=,1436.0
consensus_latency,oxwVPAxqySn1k6nE3ToUm4K+VM/zhNQMV3oTKsTWqCc=,1436.0
consensus_latency,9L/oMMYoLzhpPHUTkpAWs0Uz+Jbq7vu25z2gGUbDk3E=,1436.0
consensus_latency,Fvqkm+0i5qYD6MtGnDkMkXPeo7eX5KRM08R+thgiL2o=,1428.0
consensus_latency,QgKWsXbhTnGfZ83afs1u8Gw01hLeX5UGLgAGgjf6Pzo=,1428.0
consensus_latency,RVZf6hw17f+FlGpNGs8iSD9YBOPAYZu33CkkGWtHjD0=,1428.0
consensus_latency,Zmawv738QvoNM42rML/3WR38u8VupYgUjL3mhFa7T6Q=,1428.0
consensus_latency,NMBkGTef100TM/oLCBGUKiJJ83KdtPt4o9qNbPfpu28=,1440.0
consensus_latency,Wh85SsUgx+5g/5NdhnJPqTqYj2yFV0t1MR+ArRykvQg=,1440.0
consensus_latency,b9L8yyJDW7xHRWOZAcoOr5Li+ZLBMpk/v697hXRg5LI=,1440.0
consensus_latency,gP3zmYlzBCB+lwBoLNX7U2Dcv84wxIQzZ8wcl8YiMjM=,1440.0
consensus_latency,LZ4LbY4Pli+5ZgLxr3UOlOjvHUjkt0rYBHGLS2HiR38=,1437.0
consensus_latency,QmcHLmupw9nCauON1kDSJ3saVJT/vsYpF5Vtqx0N3v0=,1437.0
consensus_latency,cdyn1UYbMzLeYxatsymVycab0N7/2ktflT8ECzscWwc=,1437.0
consensus_latency,qTmKKWX3NiQCqkh+ZRBx1n0C8kqSyrAKkVRAC3/wfvg=,1437.0
consensus_latency,8bgm0msJ8R87svRVaugdY79YzVj80h95U9ZkiJBTBPY=,1437.0
consensus_latency,V8Gh+2Mrbin+uXWlhTAUPPOEqCH0JpsEspo9wiKUiBc=,1179.0
consensus_latency,gcpSXR83IdZAXHNAkCNOBxrtTTjgRVyKMBP/0J2n16k=,1179.0
consensus_latency,nztPrw4l3+353XSaMkGqg45Hb+hp1JBLfmG2+USvgXM=,1179.0
consensus_latency,qphxh7ejTKMAivSkZwrY3dYhgBlizRzemaIhQnQu42s=,1179.0
consensus_latency,tVH4oRMnDYbvJnfTLtDmcHGa8r4R94Ij8bzOOodi3vk=,1179.0
consensus_latency,9vjf3nCGfQkD3NMJ9MYvf9O5olaXvHNksKKB3YlCF1k=,1179.0
consensus_latency,A1nGBBD7YCzGy9MXQ6OVA4BQG2rOGpjvm+l6J63JZVM=,1184.0
consensus_latency,Rsb+tbn129H8/P8FYZi8tDYoNATKh2Vc97MO4srnynI=,1184.0
consensus_latency,egVOsz6bsqU+Kdnkaa4rwVJWOQRl50djXYJB6yz5Wjk=,1184.0
consensus_latency,jCgOKuALYenJ+XeJs9VyBPLKMLKxMl/GX/S7HU7WZuE=,1184.0
consensus_latency,yyslEHjoIi1A5gP1KpikqwNsCrbf23e0/tmZ7YfyHzY=,1184.0
consensus_latency,zobAGj/fQ+vW1MwTJ4d6SjleVU4qzZfq4AATz5PbNM4=,1184.0
consensus_latency,FIyIP6e2N6gDXCm/LdZBSoTmimUGsX97TCHJGDhoQlM=,1180.0
consensus_latency,Rz+XLJFJyAW7GEhW8jq2YbVqGmWAAy24K6gDLYdeiXA=,1180.0
consensus_latency,i+5OK5ncMzIe/ASRXdDztuRqFGkq43rZA2u1w34Crkc=,1180.0
consensus_latency,l/wnAANuxwCSbEqXhJuOPiV+M/fMgKic/cTsejqLCGI=,1180.0
consensus_latency,2P3zg0j+Oaj/HA2KuAf8zwD6kwl1glLmgExPrEMEpb0=,1180.0
consensus_latency,ZibUSnImmOXPYvpzTSuqyYO2/enkyAI2q0A6UZFuT7M=,1180.0
consensus_latency,rINHV2Yj2l+3nggXik4q4p7H9N/coIWKEiD/nbP/gtY=,1180.0
consensus_latency,r8ky6db9kuwzO7SBmiNPkV4EnPIrNihVzYKJ9FjmFTk=,1180.0
consensus_latency,zuNu8TlBDoZYEkIKWF0FYlqzpcN2EHUA4nmiOtQkUOA=,1180.0
consensus_latency,2BHgeW1IYk736COb59tCJpGkkvUAEf5v7wvb5Zud/5Q=,1180.0
consensus_latency,Beiify9wMZhn80GmSbfZeTwrRROCtFNMtRoP+yCrqy8=,1183.0
consensus_latency,cON6uP23vJd04fqeZtO/S5+KMgu7cOqZRvPkzDGUDPA=,1183.0
consensus_latency,dMnoKNgTR3+WvrCSxXzrbatr5+MWQiMVfz3byxs2Yn8=,1183.0
consensus_latency,+Gq2InQ8lP1WgExK9se7L2eLylK+JogGTe4/HKeFikQ=,1183.0
consensus_latency,F3wruFNRtENo/xB1ldP8qTKSok4wGGLLJIoI/WJ55X0=,1178.0
consensus_latency,Sshv3VzGUM02WcN7PSYxcx8apsgiRBipB6CKW33uUDg=,1178.0
consensus_latency,fDCYlYGBlUmFK38Hr7GTW5zh9LWXJUiSIkKVV5KbaBo=,1178.0
consensus_latency,pgMclYvIisN/zT5SvuAJ9Tag0732vJSJLl4LwXPkwq8=,1178.0
consensus_latency,+9NvJr0brXvld53Im8kXn70PZ5xAd++yYhnw4v5f6wA=,1178.0
consensus_latency,FTWu4+gFasRxSzJk++fG7Ii8ohIkC+oz9EDpFTj71KA=,1177.0
consensus_latency,ILyxeBRsCfZaVM8ZidrD8N82V0zPtf7XwLq7Ag78kzY=,1177.0
consensus_latency,SFSpW2XG6qSNw/bzRBsg8SsMr2J4eWLyhQILh9q0AK8=,1177.0
consensus_latency,4XsDJ2Mvt/ArhgSgva7/PUEn0PyrKM9sCa+8s57JSsM=,1177.0
consensus_latency,KqYrODj04YTNd4Zc7B7GktDOfZw/6u0XsuLGrXeYmAw=,1181.0
consensus_latency,aZrIVR0SfSpSMJj+vBkNLlfYJc66ko4EVB1/e8yD8SA=,1181.0
consensus_latency,fiAfujMqoyOzbh1oJc9VyU/5ue9dGqoGVHh1ZBY4nfc=,1181.0
consensus_latency,p3RJ4lU/U56lkwJBmNSUuRweRTrbyulmIVL8oSmpg/4=,1181.0
consensus_latency,+eZO9uF2UfIFgUtFO/3xgm/Ru0iZL/oPvgU2L87ic04=,1181.0
consensus_latency,BQBAXFKX2Dp4UDZR617L+vj3ySfkX3J4dqUOafI3Q74=,1175.0
consensus_latency,BhKHsd88yk4iKQpW33UGExQtH8tNKnjTLhC+YWmszmY=,1175.0
consensus_latency,fFkizwl1n2tK98Inu+Pir9sXXmcTWs5qIXC4/3NCnNA=,1175.0
consensus_latency,A7bBeF/Wd8/Uvqk67aQY23kxJEwAFVnJT0dkDWQ4xZI=,913.0
consensus_latency,RxAoyhEUBxMNfPO9QybRhaAjiUebIN3VaOb9E3TWweo=,913.0
consensus_latency,X4wOnJu04TyPU1yyClPsEOurXOOn5emWncFjVJJfrMQ=,913.0
consensus_latency,YC7W7sjNpe0SwGZCJvlyPcmOqHFQM/M8k/2aKK+46Io=,913.0
consensus_latency,iCStQDWmmmlq1cs6lszXBq/stlijHRKcdnowN07zSQE=,913.0
consensus_latency,wGxjwQboOJ8JhpUpV9bNn16T/bZptilqffB+8yMLel4=,913.0
consensus_latency,OVpZXmeQH7ldM2260XGNnARQKbiL1HJ8PMLOE9Rqfb0=,929.0
consensus_latency,R5UxkTAnaL9EeW5c12VNwxCyRIRcANRQ7WUDcXpB4/s=,929.0
consensus_latency,tkIvI9ciHjbKAlLzJP9p3YbV0E5hyeBfP3ysFlE6pcU=,929.0
consensus_latency,vk7DsYofHQXe0C/V6W3TH1TA7t7pbfxKSnN1v5HoAXs=,929.0
consensus_latency,02TYeAH2NvXRpKDrAtbvDWcEWmw3ujpsOpvNbS/XkN4=,929.0
consensus_latency,F/6XLxz3jTTHI/y6nPD1BKAdsgYDhjgurMlbzElO/7c=,913.0
consensus_latency,HDObByQgS6blwQVR7F43DbiT5VfYWmE1i+hsYnlkynA=,913.0
consensus_latency,plgoQCiF8Wy29Ol0Pfp83nj6yaQCUlWd121dmyTfAUg=,913.0
consensus_latency,/Os8cb/1/u7HsbsOQAILNbYX9ZNKPdc/+77dT5ojfFE=,913.0
consensus_latency,BWdanv0d3vtml4D6RfWAENxkgn7XLez/OP5RISSkwb8=,914.0
consensus_latency,DsxMGY8n4zPPZf+AyhnO6E2PNQoeUGyUyCLHvRPus80=,914.0
consensus_latency,O1azrrjbg8v1RkdcGHNh0hDl9SzpcLH8XsS6W8lrt+s=,914.0
consensus_latency,lUUYWS/Wr9cDfRRjRJNHeQFZhOUq3/CT4Cb+B+XF2zk=,914.0
consensus_latency,p5BipBjedfJFeQHtpp9yu5E98tiDlZueOsKEQZlDj24=,914.0
consensus_latency,p81CCY68ferVhWa7CfSnHrAmphysEbhBzPlrPSuSUYQ=,914.0
consensus_latency,FRHVjKBg2mZ+NToIYBEd1ZkG3b+wAOsOtY10eH1ujF0=,927.0
consensus_latency,RmnZbUvHd+Y990m9hFNn+4dB/DucYrP/AYD5K0x528g=,927.0
consensus_latency,elnSGghJ2uEMqGRb0PEfibVHdzlX/1dwExBc7MosYKE=,927.0
consensus_latency,phQPamzdllpgq+S7hujIqeYwqzkn7XKZnYBQWMos2dM=,927.0
consensus_latency,ADaHuBcuzOorHd9NokkOQ5QycRQAoNI23Fh3KqCzr5Y=,928.0
consensus_latency,GjQPikH3opqJWc48Hrv0rd7Z2qMLQCmOsh0FhU9WXDQ=,928.0
consensus_latency,sP7AYGFRxQe3UfiCZQbHw23xRaaWHEwl5cTM9OU4HYs=,928.0
consensus_latency,Q+AdH4F7yrbGQxbaa9YKjC6CJL9KS1Wn14qthzNixOk=,929.0
consensus_latency,VrBkpfVL8XyDQNaJJJ03MPWfHhH8pwrWNY6ypn8qwKo=,929.0
consensus_latency,s0NCvz1zK6+gA+UrIMMxlHMUvyeFS7Ar1OqkYeGw7gs=,929.0
consensus_latency,wgCXTd8tz4R17MWlpHFog9j+nHGaSOoxtuWGA+Sq6H8=,929.0
consensus_latency,0CTuCmkiGRSHEzf/75JYX345RrGbSwGHWN8Aa23LSuw=,929.0
consensus_latency,QKMhONDlSgpC4hZvEnn5J582Z9zZCiCKqSdL7Js6aLA=,933.0
consensus_latency,UnQPkatrSbdadW60hBV+V7JXgQSZDxlRq9p4Joi76D4=,933.0
consensus_latency,WZQDx2g+G+KFEeK6CKQWfvDshdYd+WUMRfP25zeAGns=,933.0
consensus_latency,hDYgDmeqfdLHMUTNK0Gk5oIS2RrwMf6BcqVt2YRRKgU=,933.0
consensus_latency,81Hd+NCEPo/e4JncRk+zWyP/oAiKEHUfjIWL9WRaX8k=,933.0
consensus_latency,EzklY32IN5KvZlouMBnxBeyFl4Z7UbP32OgTGiBjcFc=,929.0
consensus_latency,nSNfQCbP58NDkTP+b6iGnpKNnkeM6W6F93O845Rjf4M=,929.0
consensus_latency,1StiNxDfXbCo5bzKa6xaFRvxc7jJF2qRWUFHew2cOis=,929.0
consensus_latency,Fz2Pqk+w8sR03/HIvJZHN7Zx6mSsIp/NdIj6QfF9BMQ=,655.0
consensus_latency,Kp+3iea67r9esaKwMVlxTqbAPsKc8wPYLViT915ztZk=,655.0
consensus_latency,NbutTbl+UxBsQHjSIv9arwi9rV6RPseLxwKDX37m444=,655.0
consensus_latency,8+wsxj0oLzvPaKEE3XkvBXziSbhq7baNwY7E7gyo22g=,655.0
consensus_latency,SZt2EvLxANFVBN4nuJl+1JNhfMramK/xTTumI78kJWg=,656.0
consensus_latency,lcDCotFdWZR5bchWLxh6a3XkEgztLNXg3E9xRp+iK1Q=,656.0
consensus_latency,tngkt2YQIt4a+60WG4D0vNoZ5BswAdIxg8pi8+vWMRA=,656.0
consensus_latency,xLFIlsUQCA6Irstea2bK3vLxRK0L8l6QLNAZHKlZsqs=,656.0
consensus_latency,yzAjznBHeUoYBlUHl+olTZupj4dQ1OjtgUQFJBcCnZY=,656.0
consensus_latency,DDX3JuxkiYCGD0RZyTul7HGOA+ahHeCHU4FM1yuBUZk=,653.0
consensus_latency,okSwleIVRWLKwjX5+TTJr8pHLLGpLk14t9LLdFIJZHk=,653.0
consensus_latency,pz9fiU4LfeBMDqZpRVsO8ut0anIXTF2yzDXdugnudgo=,653.0
consensus_latency,xKZc0OLfhztldnA8ojcmv88+6DqXz55iUEWv3mHtbdI=,653.0
consensus_latency,zH7abeb7pPWgEqCrus76vBhbsOz9qr2cbymUes5GtO4=,653.0
consensus_latency,C9OBe+4hDyG7CTsNqoG9fC7X5cRIRa8M4/iJJoMLk/M=,654.0
consensus_latency,M5pSVEmgndMWBijBnoP6BiRzyq4JOS2igL9QZwFQCKQ=,654.0
consensus_latency,PrOhbqDs/iLXfXepiL1jVpAf5HYlh3qVzt2/I7ILRHw=,654.0
consensus_latency,ggSnzNUrQCBikhyv7GK3axh5V9FiVA8HPr5AKzy4tEs=,654.0
consensus_latency,iu94q604vrijQFcToghwfqomxk9SAqTf44g36l1glJE=,654.0
consensus_latency,lWkrQ1srHK60M+6PQNP1Bo+O6oDf/3Xbisj5wfYyYBI=,654.0
consensus_latency,ACXVePTX2V6DD+1baQE/CAle8hxQc4IgYCJN4T/+tpk=,654.0
consensus_latency,DqcsN5sNz4YkPh/tGxzQn/OWvxgi9st070abIx/pHyU=,654.0
consensus_latency,FPLqvKLC8WckAT9N+m6p5wRRTV910PUkc8d2ybLx0lo=,654.0
consensus_latency,Ky2gW1R19A+In8GMUaDfnj2i+PNtk3xo0+/L35E8vSM=,654.0
consensus_latency,y+ayfSoNg1XkH0d1uB25Jq9ViOeEhOGP1GAA18Ac9S8=,654.0
consensus_latency,45Ij0dD+kl8Y3iyYIyiMeAbsiPUdKARYmUscnorKKfE=,654.0
consensus_latency,FClGd1aJiohAjGsWO625s+lF52P+ctcPLHmdlEhLeJs=,655.0
consensus_latency,HjiH03Au0h9SqHlzCH5cwMlQGPq0yHMhtkJf+VIoPsk=,655.0
consensus_latency,THB0tZi1S/z3N8pIgr8clyJW4bt8Mt81RgB8Cq8Ml8k=,655.0
consensus_latency,eZ/fNFev28sdcdCvCUfx7+HeDCo3dGQVOA2EUSx+DdA=,655.0
consensus_latency,q2mt9PU6L25d8Z3ib1CMcM4gSXZw+OLueImsqFhpQ5U=,655.0
consensus_latency,+TY6EBNYEOLTVH+3ej29yGcsUP7Xzxn2ShKeSpc6p+8=,655.0
consensus_latency,E7wI+mF2g3cfVHLiPQHq2khZsrAB2jZz7IBaBtvRTko=,655.0
consensus_latency,XYULw6nVk5Fe49B45+OAbXXpnaM2AeAgfXxYGtkTFCQ=,654.0
consensus_latency,YUdo8/MDHnxGfGHki7PbqHjFfxW3XzWlkbxcaS2L18Y=,654.0
consensus_latency,gZIwmisEyEVAhbTB8aycyFFQbm3JmhMbPgDTTQvyd84=,654.0
consensus_latency,XeIce0OssjP++9vNHRiLjiejiUBmRKsBVSHQXRr4EFY=,425.0
consensus_latency,a5mEeu4oOQaTg2jYbkDaDmynNlnL0bh2z0Wc4pGGjX8=,424.0
consensus_latency,eYbTm2SUXx1u825C1+aoBNXFYI8HAH1ypmSp8uUOKgU=,424.0
consensus_latency,3h1ZW4aRmc2h2WW8PfYOtUlJb/7NbYUuXxbVY4QHgas=,424.0
consensus_latency,RM6ARhat/7ZNX5dPeBa7r8hjPdEEvDPLJ0C1l7KSB2w=,1499.0
consensus_latency,SsfMObCU3CX/NrgFgafMmbEnZtwqqJ8mCMwf+hGk0rw=,1499.0
consensus_latency,T0O3z22LwQE1AT+fBZRaAcrYiZ/3L3igr5qxTMB2e/Y=,1499.0
consensus_latency,hH7sC7kCoMwSsWBZ9LEmaopw8V3imdn8mb6/jFlwBfs=,1499.0
consensus_latency,E0MrbI4xnNQZ7+D5EvIz/PCehqLHVThfbaQ2CfzyW1k=,1495.0
consensus_latency,Jl7jyrPu2zum4YsyK5IiEHCcIuEUBABeBqYgWZPrA3Q=,1495.0
consensus_latency,LoIGq/XhdqeoAfD+1pMTWV/72JlPs/CkmeWTo4iXqSo=,1495.0
consensus_latency,fd+UCFYC1B9Za7lu1/ScrOQwl54OnC6Cromb20Ad/GY=,1495.0
consensus_latency,yjmNZXjFPvahvE40Ys5XWwAFzZsPMt8qWuqT4Y0aj/U=,1495.0
consensus_latency,/19p7CIk+UkUbHSGw90f+d9iS0+f6wh/5qqUGwQmcTE=,1495.0
consensus_latency,NQZ9FfPIlI+F04IkYTy2ZqBnEDm13v9mi4Nw+N91lQ0=,1239.0
consensus_latency,Ty8kbI57ahp/T6gBNw+G9TrqZqZkq9CaaloK6SRYSOg=,1239.0
consensus_latency,tkoGPkSKXlnKmLYB2NXhaZuRUSXHMAj8aNIVjRiy9yA=,1239.0
consensus_latency,y98WJxr4FtzW0k9QRTvNmSRuKVdJA5aeaSL7Cg7SICA=,1239.0
consensus_latency,JvSgqRPIhshCep9318ytyyjZsGwztIYxWEhnls6I36c=,1269.0
consensus_latency,Ny7Y5lqU93VamWEW+WQ0kuGVg5qmTJQhj30bMhwFm0Q=,1269.0
consensus_latency,hfOFCeuV3oVNBFz2ZVKRGwNb2rWfEtetLEhBxSpPlIQ=,1269.0
consensus_latency,nDdLOvwk7o6A3gCxVhhquBoMkQWgVFEMSdLQYGYadT4=,1269.0
consensus_latency,ZBjJxwtDKHEcQqPWosS5GiWfKCYqP60xyyM3SKtVb4o=,1265.0
consensus_latency,nJ+rBKK7kKCZOnQa7z0lbWtxLEsHmWpLqHjngekX/i4=,1265.0
consensus_latency,ryQ2Lns80cTVUtP1FejLIXEvlxBZZMnFcy0AH2pFKvc=,1265.0
consensus_latency,6q5l+ZBsN/88Q+i9hNcGO2fTIblVYAdDZsT2Z0WMuKE=,1265.0
consensus_latency,LmaHqB99rpn5DIH8kDg9FzbYf0vTCTAbqVklyt1osqY=,1264.0
consensus_latency,W1j8EkgLCp8F0VgGhM8nQiv0oKywU5JHExuo/5fHTeE=,1264.0
consensus_latency,cTQqW0xSzU4SsPtjose1keWNZPzuLkliQ3FS7NQH92s=,1264.0
consensus_latency,2N/96JmgjYzzA4hZVzMLYT4w5Nn52P2KDYWITdYU10k=,1264.0
consensus_latency,JsN/YPFb+6//Zv5JHgfjdMbWFspy/uOuPzPNPKzKYuU=,1267.0
consensus_latency,NZDBR1Yzlj1VYgx6CyTQV8mxNYnX/iqVC8A/5TSxFLw=,1267.0
consensus_latency,ryQPMyvGtvZY+8bWBz6CDL2ziNgSNEEVDmZ1n9ulDPA=,1267.0
consensus_latency,tjERutQ0150Z5/8kp22wScTCFXmIt441wJdrnEfwss4=,1267.0
consensus_latency,TH/zLaoPK4YDr5gELSAYf7IWr38vWdosxlgivVOySvM=,1266.0
consensus_latency,af5NnoN3UaE/qgdi6WaJAWe7ps6iEf2kmhpTwDR842U=,1266.0
consensus_latency,iPGB++LcKPScOKqn8qnhS32RxU152Nu/2hsazqX/5Gk=,1266.0
consensus_latency,/4Qrz3dbqLgoIx0Qn2ChhofWNugbdGiVgtvbPFazmsE=,1266.0
consensus_latency,cSRhZu67BWpKs6zp5PXLBQLYOCwhlFgU5Ghk7HaiaFc=,1242.0
consensus_latency,mwba6ilEbIpWuIlaIqapwTtF9wnhHQ9ZUK+9KaHQ+vQ=,1242.0
consensus_latency,oH+CPRAykG/QBGidsknf/FfaO9LPB3cvpjOU2mkZFkc=,1242.0
consensus_latency,699hmoL2GqWEXCwLaRvz/ECo+MaMlPOEts9vuh0jAI8=,1242.0
consensus_latency,7D8Gs+PvyPYQuyYdCD01npODtBWE/Gkr2pLciJobGBs=,1242.0
consensus_latency,+jRNT/tyOetf+BRV614WLQzRdh7mVWYfFUC2TKxZ2JM=,1242.0
consensus_latency,IogDXNED7vE9abicKLwIGCa3iETNKEd3PMzF1SJu5Yo=,1242.0
consensus_latency,L1Qau6+KgP8M5Hx8qHropZvL+qqRfIVu9phtVTaeCtg=,1242.0
consensus_latency,M8PU4SxsfoGSQOj7F7VXKf9xEQcvbRWYRu80ZIzQy78=,1242.0
consensus_latency,iGHNJFeaOB2MUxObNjM/Lx9YU+gLFhOUcLzX0SFUTZE=,1242.0
consensus_latency,k0VGVkRkfOxX4d7P6nmAy5ua2AB4xCza5NgNgpw3wHw=,1242.0
consensus_latency,ukwet4LdeWf0xOnUqHUQ8i8YPDNNmuCP9BBNLL68eDg=,1242.0
consensus_latency,KCP70GnfaIDlpH4SE/9eVRQKmhd9MaqxNEyOKBBPw9g=,988.0
consensus_latency,LibAuhdd0PassVEcyVr1ReGEp2U9/Aq1RMEIXfslwtk=,988.0
consensus_latency,sWONAI86ij+A2HSxS8jDq/deh4vj9fT9EOPgLtZLqnk=,988.0
consensus_latency,0UppZMf8HiLVqxqISuSfz4M8m3ufCpCia64N/Qad5Zs=,988.0
consensus_latency,+FZCrqt6PeeTD24woqydH6Bi0jt56kuFGKyX7w7SEvM=,988.0
consensus_latency,TK485ExZf8DgoXPQmFPCvbcLSHz6FtKCmAoMWVZ5D+I=,987.0
consensus_latency,VNOA7Pgx2NfwKVClLrePMsqp+oIHSqiO/Lvst1PQJvM=,987.0
consensus_latency,Y8GVSa0Lj7ujgKcDF+Y7aTOf9r6om90Km8OODj27ujM=,987.0
consensus_latency,kNSn2NAg4STmI7rrt9GfgwUwzamr8B/oZ/GCnbPn2eo=,987.0
consensus_latency,5ji3I8DO2FhiS5XOFdum8L2EpNc8M/GhzQMu5Jhip24=,987.0
consensus_latency,6T0lkvjAva+qfonWiOU2Xc+u/8IcxmQQ3kxZE5fN1bE=,987.0
consensus_latency,FyJ8kU7cc5DPT0M0sa4jC94jaRFGQOWa6Z2NsRTyTB8=,986.0
consensus_latency,R1I3wShDXAq5X0LZRQUU+AnlRkdtJcPFze2HMMi9Uf4=,986.0
consensus_latency,XiLZ47rUXJxQEOCyMZsOKh6FU0MMh5zBRSpno2di+tQ=,986.0
consensus_latency,jaRKuEBgjInq1+UuN/oH37DHpPjgbz1d2J8QWclBmN8=,986.0
consensus_latency,4LieaxPfY/qLk4GridflpHU1MBMSX0AAML0gU74MErI=,987.0
consensus_latency,8yXykiDgA/TouIP25JJ4pihC7U0secPhqgJhKDR6vZk=,987.0
consensus_latency,HDHaAZC6boa2AaB/ozrafFy+Pgqaty+imhDhTQF5lDs=,986.0
consensus_latency,TMMZZkcO1EPvQhDp01C3m5OraneG5cNCiM4HZTz519E=,986.0
consensus_latency,bL9H43PLTdIbnsnixBztu9HPVp0YvLHmwzgF6efwmiw=,986.0
consensus_latency,sUjoVLHHghSNnMZA141AiinyrSU3zzxwBRhuj/loV3A=,986.0
consensus_latency,MqH/zl5RSlelSBOL9+LuztIBs2/l14rHsnAklNdI8k4=,990.0
consensus_latency,UK99fFC8rUGhFqjJcI+ZulzmZ8rSvvrF6NasLUPYFdg=,990.0
consensus_latency,g5SX6n9IYxXAXMMDh1LR+k3QN7E2U/T/qteHBV73660=,990.0
consensus_latency,wm+/O8ove4iUAPFS8zu33IVHzl4zYpFDTNCfyNawNWQ=,990.0
consensus_latency,Ygfmd/OmduH6NNxLC/mKFu2D4L4pzmSArTvCFV2Vekw=,986.0
consensus_latency,eKMu5qkltKExtI4wWL9yKtQMAKakbYxNNjQKP37DagM=,986.0
consensus_latency,nskero9Wxx3Tv7b82geOHAE9tEZM3+VR4mC+VT3vYao=,986.0
consensus_latency,rfiHOWzO70n4nUonlcJI+jA7oyWzI2AuwH4dKnGNKCI=,986.0
consensus_latency,146mFR/I2HK9fAKp37H/DaXCb/ROSa7NkipFA/ABIIA=,986.0
consensus_latency,/09Id2rN8ptdOQxzO2wPT24DNqhPvJlcsG4Ts9vpzhA=,986.0
consensus_latency,I+911cfgtP1KgyBOITe7YPQz3MuCvOTOuZfzF5zUBj4=,988.0
consensus_latency,ahHpC7gPHnozJdtm/z06Sa8+Oj9xPGGm7dfjnWnhc6U=,988.0
consensus_latency,ixfcq95v5iGfLcHQPsZySXHhVISH9+5EPkxtsw4WPr8=,988.0
consensus_latency,ln+OLmTATSxuj+9TWMpZtBJWql+KXHVYWfq9Mf7WqL4=,988.0
consensus_latency,qTbbJFvkrHKBoMeC8su5jlBHaYhgt3VimaZtyq1TFvc=,988.0
consensus_latency,rY4tkr8UYe6XR5J8CkGZqj7zz7vzPKdG1nC5sVul9HA=,988.0
consensus_latency,A/fQKMlqG5JsTN68br7Mz86J21OjfgR1IArp8vwvSdo=,984.0
consensus_latency,EwlkNkgYPLKhMRKfsPlqZxLY9KChfKMlYs9XdDiXCqM=,984.0
consensus_latency,LU8/EdzMUemAwbGfPgV1ZKDXS0l5qPx3cZi5yWCW9aQ=,984.0
consensus_latency,PQUmrzheFuXM6cGxaLV9ckmXhAOJZ0vc+onsWPDqVRQ=,984.0
consensus_latency,h0gSoLvWLmDtdACZnA0IIRa8jV4bmuQo7xEEubtg4Xc=,984.0
consensus_latency,pCOzO4JYf7sj4FRp0CTI4BblOkwXD4WgLgrDUHm9L5Y=,984.0
consensus_latency,CbwISkCGtlideLtdNmWKb6XO9i7O0jUcTu1ypYrjpcc=,994.0
consensus_latency,WSwL1d6/nPMvxN+qy5NhryCvsMlaZQ/LIMWff9kU7Ts=,994.0
consensus_latency,h929uZwegz21+N9pOY1Kw/JJuo2jaMvxAojnofiX5yM=,994.0
consensus_latency,jizGP5DW5bdQvLe9xH+vBbmadgzyuBJGGDTCy88R2/8=,994.0
consensus_latency,msGle5/8UE0IvgNnGd441AwMT0n4rTDgfOZfvaNVTMc=,994.0
consensus_latency,8uTRi4hau4Mz8SLygjLXVhysjOjZ77bCtw9dJU5Z7Ls=,994.0
consensus_latency,AVRqblw7VqGladM19du3pEEuSO+wrYOEVPcAC+3T3v4=,725.0
consensus_latency,B7N03hx0R50MTjEDBx/bUGX73bZLHN/SJ0g8C/K776k=,725.0
consensus_latency,KWlSw1DU8cTTxLDEuQDlcK8VwWcfpqwaXcYNppqiwEA=,725.0
consensus_latency,oM8SPyzY4TvtSOzRbZdGIHQ5198zjP1+sAc2Y6P6MDA=,725.0
consensus_latency,FFZsWs0AS+uxXtXFiPLHy/d9kjDegrLxVgatdazZkRo=,1069.0
consensus_latency,OvxD1xLBYj2QZo7VNK10oM6XHQiHaJd3MtkX0kIgelI=,1069.0
consensus_latency,ZzQbfvIJ9OLnHJvXXYIa/97pYSZeRJ8Hauvh3uA9J6E=,1069.0
consensus_latency,mirklxwbZfvaHUz62JYypYWyiYX/KfYT/vMFiEgcoeg=,1069.0
consensus_latency,EalIfu9NDxa5rbJLos98MviQFVZh9+KDNalyK9KMEQw=,1074.0
consensus_latency,Ycmg9SN8ZB2NFFxV0pfNdFGHITF2mFqOZuPyazTn8nQ=,1074.0
consensus_latency,Z4JIv3fmZO6ZVwMpLytLrtOidZBySn7TEQqRFkxPzVg=,1074.0
consensus_latency,qtcHMXL4//Yjz69qeMpHX5CZ6a47kdajzJi1U+LO5ks=,1074.0
consensus_latency,8t8ISNEPVklw8jDNOdWLveO4q6/j0TSKqT9+l4/Hsm0=,1074.0
consensus_latency,K1o7ge6V8uNvVyaCcofEdDxOUsR8txjPtXjT3IYGb1U=,1074.0
consensus_latency,O1Vx6vZBvh5RyoPTJrkK9swHLWs3MiJkCIsroEsIJuM=,1074.0
consensus_latency,TzGfaPyUcW5cSX7LSSgCDaHtD3lNZgFXoba5eIwcmac=,1074.0
consensus_latency,e36hmnBoPwDtkm9tvrt0ALgdAn78snIl2hRMkZq4ovM=,1074.0
consensus_latency,hb4i9LrezYDJGwr6aiNPLqzJd3akYS2qQQ7zbYhaLfE=,1074.0
consensus_latency,18coukaza5Ohn7wrMVeOed8iSHc74Dpo1gceJ4q9ntA=,1074.0
consensus_latency,HyX7gDN3F1evCy+RBKtcJH9mgCZBS0/XmKj1oCOHr/s=,1056.0
consensus_latency,OXZc4qwPkGVhx2gl2qABpMf3HBEpvOyGcFUSt88B4oA=,1056.0
consensus_latency,ow1qtj2hOwWeWqBHcgp2HS3GPesKw9x1GarVAsoJK2M=,1056.0
consensus_latency,pSM0NKbiO/SWS6/UTSX9A54Yc7vd7F8xEAyYK0w9wic=,1057.0
consensus_latency,qZxgOGY9xD+imDwD4ri1lmAMjbZOkEWPujO/Rx28Vc4=,1057.0
consensus_latency,xA/FQfzlWhlr013eiQKtgtYJf1SkatsosV1ztiW00X0=,1057.0
consensus_latency,R3UvHSn9b/TLuSwJLJWVIDurkUwqb85rfyIzCChfS5c=,1073.0
consensus_latency,pZ37/365MAcnoLSuU6vmGgIYLp4+GetsCDssRk5qfL8=,1073.0
consensus_latency,uGqHGW+XW2ts4I00Or3WAf+sl7oWKSA04fPAI4UTO24=,1073.0
consensus_latency,ujk7pYr6SEKLVmQiCKfn+AMFkbmRfBCk35JxPamTyU0=,1073.0
consensus_latency,zazu7OoLL4xynGRrBFhQamkHLZhpGS+OLx0X3ta4o9o=,1073.0
consensus_latency,BVsat4+IAPGoDNc/QPhRufjFAe6sg697z5O5YpmDKuU=,1058.0
consensus_latency,IslvirYaiIKVs4t4k9UHXzBNVc7Ax+YtroU6tVRuUxM=,1058.0
consensus_latency,ks/18YmFskqwaD+2kwsX0qk8epdVVBdCuZ9nArXBa00=,1058.0
consensus_latency,u5+Ny6Mf+qKTFps/AVZbmGk/nJPUkv2sZ/Xft9Ckxkw=,1058.0
consensus_latency,4TZveGdJfQjjdcapYuFiacwpOCChpucIePs4ec3Dh0o=,1058.0
consensus_latency,ZebDb2Pn5zQpGxY9X3/4w3KwwmVwUz7Kwof7tinVz18=,1075.0
consensus_latency,aQV7NuccbH+scELzmWQnyv2ZIrt9lTgs3m3xLiEaxrY=,1075.0
consensus_latency,d0TgQ/3fl+QSzYz5khe9OUzK9L5Uc1zjzf+b/N9dRmI=,1075.0
consensus_latency,8LTPqEPFeSC9jdI6CM9youTE1Tp6oaXaxZpS+WNUshM=,1075.0
consensus_latency,FRtxxi/Z9vaVumKVle40P7ndOF3UCXkAyRJNrEsLzE8=,1077.0
consensus_latency,XTezVwu4ssCnEFK2qOYFA59YVdsK8LEf+F+1nn6YPYI=,1077.0
consensus_latency,/WAxvNUBfznpBnKVQf/uxHxd+nQIh3LorUXJp64TuBk=,1077.0
consensus_latency,/jQy3J2OQ0XdNqu/tbY6/je/e6YttuREMd493BUmp38=,1077.0
consensus_latency,M565MDd79OIX/mCiRV6TEmxIncUpA4739PYS90PRPyQ=,796.0
consensus_latency,YaGLjLCdQ/EPmt2fbMAKqxMY/tKLXCrlPUjT+BNnVfU=,796.0
consensus_latency,htILqdsCpDU5PWlapuKc7Nt1O6AVOvB+SlE+VfvaVdA=,796.0
consensus_latency,zp6NCK2JirgNLgIWa2ztO2Mra6Xltnmf8F4OvkZOx0Q=,796.0
consensus_latency,AOI7I5pEIKvyl2Bz1TESSNIpZcYE3kA0igen2a9JzPk=,805.0
consensus_latency,HAJSc33Ml37aKyZt8L5RkLpYzo21J/ni/rNWup/eZUM=,799.0
consensus_latency,Oe3yTUd46is/lkeEcyiPZn87K7jeVLQVSMGOVWGiHow=,798.0
consensus_latency,e0yL+q8b9IXt2Z/d137jJilBQfiGTHgfTiH+k+q6d0E=,798.0
consensus_latency,xI12W6fIprzEEIjT4Dn4jbj3E6wIREdcq3Jy/NF3haU=,798.0
consensus_latency,Ae67oipnkPFFtwz1yKz/u8t1LFW4CI+mMj2HPqwyAGQ=,811.0
consensus_latency,EU9ZSm5gMiS65zIOIgwmqiSeH3/IBD4bVuZzzrjWmQw=,811.0
consensus_latency,EzlWWPAxlNhNMWlRtsF19AexoqnA6q9YAkyhOmaQwfE=,811.0
consensus_latency,g6twMyDafJ8ivDD9Bi/k7DlQHEsMvs1tvNmQBiLNIvc=,811.0
consensus_latency,vH5AFvoWyS0LrGji39ImYDfa0ZMVGYL3M+QIrNaN+h4=,811.0
consensus_latency,AQYrfdkaKYXNFHN7ZVGVODGq6ZATFoCgHwsOtleNk3g=,798.0
consensus_latency,XjAZQ5XE2Cua4wpSG21E7nwlgtWL54sEJn1pTZcR2LA=,798.0
consensus_latency,o7bPaw6IlocwxXKrxPOwPamT10YuUd8B3Be9mayV2a8=,798.0
consensus_latency,1/m8fySJ3YhokQ/GMpoy/YDspDwrmiQFuxr/sIgdwTE=,798.0
consensus_latency,2wjzIlpYTx1MY/7ytRMbHvlvyBPMhkIqTFHJvhtJWyw=,798.0
consensus_latency,LMy2TYM/eToL7SvNXqA3IJGYIE+YGEvdWQpE2+c5ezU=,806.0
consensus_latency,dTqIMwa7ALgvXuhRbTV49px0sbLvgr34U/kevGqfpOQ=,806.0
consensus_latency,mghbrQv3dsZzS07Zf6Eo47GoKZ4NWAQ42gXKgKT4bXo=,807.0
consensus_latency,myKYtIlW/lu2vCDl8+UCtLCC1w2Xl7fzATF1TFX5Llg=,807.0
consensus_latency,1IDeuM9jVOEmrA6/l6s7kYwOmQR4N8RAH99h3h4vkB4=,807.0
consensus_latency,VZFuilOvBaUPp1JyteAZTIBNHewY6Si3gByVKCGCPSc=,809.0
consensus_latency,bFSlz7pJvviqFIvAQFCjJ7SU6E/G5CbQD1RGGXOONjc=,797.0
consensus_latency,cSvZeBQuOBKvWlM4+5qTWu3/ViFL/rtHVH2JhNER9lE=,797.0
consensus_latency,i4MOnFJinyQeT6wof6c0sxOFKENL1dp4W35CBikLAik=,797.0
consensus_latency,pVuLP/1U385takvBBwDxzNJAa5Iep4xJJQ5932LLYnw=,797.0
consensus_latency,L7u62TAL2Ce4q60ppHHE7VMPKh82QYNSfNGJ6fXCrSU=,812.0
consensus_latency,V0Q3E41OTtKxW+C3t/nfnoUUNenuExu2EbVE2y/mZyw=,812.0
consensus_latency,g1vc+RS7pWMmfNdbIRX6HBqu63+nR5pQpzVU7FKyfis=,812.0
consensus_latency,l5Oe647tp3URpFezZKC2OUtZyxe+onWmJ9R14F438xA=,812.0
consensus_latency,H5QJ4s33iCrDwIqL1jVfD55R6FCJ8rhIt4VfUvZpQlE=,572.0
consensus_latency,JDEkvqKp5GivrQCoi4Ik/+JUN6DODm2oPdGlyNf6Agw=,572.0
consensus_latency,nWMO4PzYNTEc/KvsxUDfQjVLZZ2a+R2AUDqaG9UZ5YE=,572.0
consensus_latency,xitSoIhGMsfF3EWsn8xRZtQ84ysTxGfRZV71IFECZ2k=,572.0
consensus_latency,EqSzvmAYa+B0PsqYlRRjcJYo23+kv/pWeARsc6lqI0U=,2373.0
consensus_latency,IMQjpuBTX7vXJBMBsnTn+RVcPpswoudWl76APv2DWyM=,2373.0
consensus_latency,J2A/WApRDyBJmwqVqWfCtOgwQtD6z7BMIsjJ93z9EYQ=,2373.0
consensus_latency,M0vH1IWcTPfMkKOeLoNpEwhFGZjvGtM6xbtXrJR7Wy4=,2373.0
consensus_latency,XTzoc5SHl783ton154JFG9l2aSug+nNZMLdx1n2wQSI=,2373.0
consensus_latency,tJRzyrEnihTohirKu1yVQ/gxuLnsJ23JWaCtWDEz+jA=,2373.0
consensus_latency,0S1W8h9+powgCXcNvOWo/vFuutwdP3YtDJBK0kvrt5E=,2372.0
consensus_latency,CqoTVgeh8ypnC/6X1GPCAkJvFTPVD6RJuMTrGSGgSPo=,2179.0
consensus_latency,GctdEhERSjpViKWIW+pUish2/l7AmNpr+l4dxxXtMNI=,2179.0
consensus_latency,Go0M1x/ZvNLveaNvmDFLZSAXNctGpvkPnittT4jmnrE=,2179.0
consensus_latency,RPjdOoeKQ5zVGNwn2QsjYwBO15SpqzXpCQ0aeXv6hzM=,2179.0
consensus_latency,teKvIB/YPvcLuS2Ae/y+6bWRdQdHbSD2zCJDMp4Grmk=,2179.0
consensus_latency,801fHojYp+kqtt6GMd+WKqqQoGh5hzKHWSPDDdDEV+w=,2179.0
consensus_latency,KHFUteYeyQsC82vBfe5zUnIFSCifl1hFm+MpM+vifjY=,2181.0
consensus_latency,Ms9iKUsQh/IlvwbKmN1CDN7neJ5/41FuNUu4yBDjpyQ=,2181.0
consensus_latency,rY2LLL+GKHjm2reO8X9uoMUPol+JalayjsSxab3qE2c=,2181.0
consensus_latency,yLj+smjValoPirvAQT/mExrQ1N2D2OloFVVvhDdDkAM=,2181.0
consensus_latency,Nohah6xlsjilii9+cYmdDtls70tJiQhJB+Iev1PbJEQ=,1956.0
consensus_latency,dzpZIXRCu3wZNGW/2U0Y5bZ1/x9mQ7eRn1TXUKaaW/g=,1956.0
consensus_latency,nZim/A8KfGW/AMAMOsDoY4w9CemeITilXWwSqLNNq3s=,1956.0
consensus_latency,FEJSgf68xasSlKCeSKNCpmurIwcLIZd61kp1yepW3dQ=,1960.0
consensus_latency,PxkJUpLXunOzJmzVAoOcsCE5oPdfPvJcBq1FoHg9rec=,1960.0
consensus_latency,as+dJunfgEj95MMHMsXwk7Vc3okTikgG/YW5YROQykI=,1960.0
consensus_latency,kcLD6IeIqZIMXe2JaOcB8sM4g6RdLW39mcaBS4awDMk=,1960.0
consensus_latency,BKxbneN8KJsGj9zVK7xjGCYA+tKBThMunoPGbz0vyz8=,1910.0
consensus_latency,CAm04UHTKgsExwlL62vzsbbdUqpsn3QNiYMz7F3wWWU=,1910.0
consensus_latency,UP/euh4rjL0tLG1KjwQo6foxwOJO3FQNhrVxzrw+Cog=,1910.0
consensus_latency,ihqTJNCsQdt3BASEBEJEyTF1FLLHyimdagQx2TCEdL4=,1910.0
consensus_latency,wWJ4fZIhH4OMszWDN16O1mXpApcYfh5gxmwHkuAuaCM=,1910.0
consensus_latency,PgoLxXwClFfJsp8tf4tXa2jnLMAxxVK57Jt7zTXNNHw=,1909.0
consensus_latency,qrT+VNv7ZfAnutpbQk1FzO/0j6IN+0Mdhu2m9xFAUSM=,1909.0
consensus_latency,tu+k6MxSF2D66QodbfBiQo6ycPi7USOJ7ddXZxxpsMA=,1909.0
consensus_latency,uxAomF8qqakzYnktZW9N4lvlU81jrGA55yIcuIVmpnI=,1909.0
consensus_latency,vQ8WllvFhhpsOyMNg7UxFKJ+6oTbhFPk2ZHiZqMsQZ4=,1909.0
consensus_latency,4T5RCGEFUl9D09VyGCUpTH6Jz4PoXvdnnt9RCau0Zm8=,1909.0
consensus_latency,JHF2G99ctM9UwKuEYLySm//bp6VaJ+RMRNfJD/Uc8jk=,1957.0
consensus_latency,RrFOFQQt778ucWo/OqJyZOa2tk4e/2+OJO7fz24f24k=,1957.0
consensus_latency,TXz1YBBUgvEuLkOuZ1bjHm59yeVaUYC3+/GDJWEZIAY=,1957.0
consensus_latency,he4K5ux5pa0M+3zHmPIXfcPUTbSQ5Jkuz7DcucwalDQ=,1957.0
consensus_latency,1OG90CIVvP+GyGzytL3RrposeSG7WDE2lFCsZD5x8KU=,1957.0
consensus_latency,n1053grdTmdJ0TDnnzu95suKakpT3bmbqvBJVy/lue4=,1960.0
consensus_latency,ucqqWNxvYyyGMzJW6aBjJZhQQ9ZZQb+5wTYKv5M1hHs=,1961.0
consensus_latency,xdp0sIdA69lKQAzYe/wCqXIpiAq6YJGISBif2Cl4j4Y=,1961.0
consensus_latency,f5ipUVC9jebLdPkVcEduUhCnKR4WvRtqi/Q8JtPHrYo=,1912.0
consensus_latency,iK9jqi+ej0ZprvLHYRZxoB9QQ3/X+h0zXBIwBCOuZqQ=,1912.0
consensus_latency,l2NtpEaWwYVeaXCoQoO3qOWT1aoK+lb3MUtyLiWhPxU=,1912.0
consensus_latency,ni2q/Zv1+e0TrOklY1PhRZ8pJCs3Djau8tL4AaougYY=,1912.0
consensus_latency,3a6sAXpQUVYvbJ6UnF+PVhs8VwkrFYHAfeMYWIJ90Gg=,1912.0
consensus_latency,kLMSVj4Eob7qmF8KT+1OiJjxY4dblAFmUYh0YtDyxuU=,1960.0
consensus_latency,vRcvUnFdwb7GzXlWXMNKgcicsNOK8729e+3HjyTgnTE=,1959.0
consensus_latency,4v9if/hzbyjVJAwgUvyn5MZR7nBlEp3NXR9fGdKT010=,1959.0
consensus_latency,8h/Nm/5t1HD2qSkqa88iur+w4kyVuSsFdjXdxMo1Q6I=,1959.0
consensus_latency,A/VqGND5AtOto7QQE19cRxMQQL9HoM+V1Y0oQPA0NhU=,1663.0
consensus_latency,KTz27sxs+/urPgR2soJpUtIaNKKqYMP3417sUgEVEkY=,1663.0
consensus_latency,Xqsr5K1GsZjr0xMp/DLl4/OZQD9uPc2gDCMebRGP/mY=,1663.0
consensus_latency,pi7078Lukve8FtxsZMh99Li7dkDJ0UDNvdYk3LUwuSA=,1663.0
consensus_latency,GX93dhfjzb1FmNZ6bjFSf3ZUVB3mgvEe4M0mYvjOOPg=,1664.0
consensus_latency,Md1GZMu5VQXhhSCm2D6hZgZcqWu+TyTivfcdaPLK3jo=,1664.0
consensus_latency,VNzdx+9488QKW6kcSltplhT/nr4UnR20N8nxx5r7UOQ=,1664.0
consensus_latency,kPIqp5wiR1JLsBpiu2qrQ2/Uof/st3fzNVYuM68ZoKA=,1664.0
consensus_latency,+DFU5e7N5cFHdpIpyr8uma9fkbh7OAUbaR9yR9m5Zh8=,1664.0
consensus_latency,B5u+NfjTVswccc6ZPJeFopsMDNPwYpVgARjrfmjZ37w=,1664.0
consensus_latency,EAMdFodef8oBGDy3SdVIfnWu3rqzmuR4eHG/hu2LCqA=,1664.0
consensus_latency,LgnOawwIXJ280jcd9W5ZOVP6qIYo6Y22+CILWWz+JAU=,1664.0
consensus_latency,gPKTsvmoB0aAEUgoXtWpmicT7iTIqK+NcNJp+PdAWHU=,1664.0
consensus_latency,043HfdkhdZYOAbs04EsZy32u5P0DVdtZPYzugOuQKpI=,1664.0
consensus_latency,2uc3AwkOpYM8Gaaiip5g+vjesZzUKYg7A/5eWNDl6TI=,1664.0
consensus_latency,FDC/1SU6HFdseST7J3B0SorvEtjXBthwFNHh1dsy00k=,1663.0
consensus_latency,vSZvq1x0oyzKp8ujJcNJMNMpuyMD3qXaB6AOcI5uaK4=,1663.0
consensus_latency,wuSTt5T7SgB+xxJ0gpIdukOQKySRJP90ljS+mvnBmy8=,1663.0
consensus_latency,w27uz5Zi3K5RPf9aMuXnT6wNAnMPlj804iHRPZXH6Uw=,1663.0
consensus_latency,3qAjDSvt5IZmpfFqd4g+YyBszwwi206ZFlM9dgwIQYo=,1663.0
consensus_latency,+Dikvb4JUN2Qts88yNb8BN88F1/Hmu+dlp1DrsmdjUU=,1663.0
consensus_latency,Dq7LXw0AX7sXqJ/yGpX+VIJ8cRtTkU/ZnMq72FlQz3A=,1662.0
consensus_latency,EFy51XnlCchvlyQYMez4cBBFrXYjNc6MzXH79Jc3leE=,1662.0
consensus_latency,GoGLJpdhaHRQfYyvzwyqLb/K3qDkhiX3EWY672FPOX0=,1662.0
consensus_latency,nkYgJ/W9FiFCrMbOnY8twujl9X5ecBIE/zWz28gzlfI=,1662.0
consensus_latency,yIg9dHubEUaFSWZu5kbwkP7+lZcmHZSpoax77oSrI24=,1662.0
consensus_latency,yQ7uA7s77g8Drq8nU552sQSPNhkxE+qmEQaaA0tALNw=,1662.0
consensus_latency,D0kbcyNWVT6G5GjHqDBWJPwAtPFtCY9ZYxrD5f3r0hE=,1664.0
consensus_latency,JIguTizG2fQG5rMZGN2/6naCcVYlDCdc3NHP3KKdr/A=,1664.0
consensus_latency,P4HDuUwv+Ma9Z5hkljRs+nMiaCpRkaV3bJHb7kqytec=,1664.0
consensus_latency,P/yJLB6J3HrelGA4drcP9DHqOH3gvpMJJmcPXtgNjxQ=,1664.0
consensus_latency,V4EsFzVXBzSD5JB8mpZJ71nZlMpNcQk1z0yn869lt44=,1664.0
consensus_latency,7dF6RhISnmdRki3C7a9aYfOjLOfo8gyT8nmZWCG+s80=,1664.0
consensus_latency,B+YSnnd31jjjoG4yPL3eT5+kTx1oRjOm+r4wU/LYrDQ=,1664.0
consensus_latency,TS/QL2MnfKPYz82dzfBE3h7z6/eedBQ4XOG5wjuOcRQ=,1664.0
consensus_latency,bJHOEPsAxlpl8obsoRBof1YdFZnIzBJal7nAAnYqnOY=,1664.0
consensus_latency,ca4b8dgrd4eezeXgL1jPVzhrfjljz2VqAOsNFANtMDE=,1664.0
consensus_latency,e2TsSf05vOUIfocB5KNrmKaCZ49z3ZvdmRTXkTP+MhE=,1664.0
consensus_latency,lxgF4HuhD95WslZOy96qZZSkm/WTZR5yqNuRlMYdj+A=,1664.0
consensus_latency,CjbbY9bp8qH66b7xHMR7va88T+fualyidUa7lB4Zp9E=,1662.0
consensus_latency,o8APWnT1tXS8jkL32NcrnebvkGQ171Yld7FvfKVZE7U=,1662.0
consensus_latency,qB8BYiK7gkOd6kL1oXzIjjYMYawViZCIUoB7tnkR1Vk=,1662.0
consensus_latency,4kCcdmD37hK6ARd6zIwnXWcLOGVww9tslfDTJBGVuxM=,1662.0
consensus_latency,XzkJaLllmu3U6QifDPKi1logB6tDh7arADiagNfWYUg=,1668.0
consensus_latency,Z9Mej6QXZQ07O6yRvVW9JdkGTKVOv4ZAs8Hh+tSRKmw=,1668.0
consensus_latency,arpPIz6BhSBknbxbTBjouZAL4qQvl/tDP4kWvas3y/c=,1668.0
consensus_latency,kyVlP4glqpB2/nTrf3XfHqv9rHIz6YdK3XRoAYNE+Y8=,1668.0
consensus_latency,TOY9ioPhlDVu52siY2h39YOp68YF6DfRbbTD5h6bhps=,1437.0
consensus_latency,je1Hdg7RrpMnW5b6E53snqI+EoNCwLV2VCZsqFBJp1g=,1437.0
consensus_latency,x6GsBLeyxCc+rHGLAaqbvQSIiMOFlKitFMcuptZCAF0=,1437.0
consensus_latency,3mFhALv8Pvf5GjQEm/2cZ6zlDeliIgknwPGVtu8t2eM=,1437.0
consensus_latency,C+Dzr4kkMkaN8sKP9BDXfVFfkrvgNaWND8AYBiMNVy0=,1434.0
consensus_latency,J0XAk44W+/GylUU1/G+7TbWEPANlYQF8WMkPcJnakb8=,1434.0
consensus_latency,PiazEExJ7JncXf1r/F43Ufzb5YCPTPplI1O4YvRVDz0=,1434.0
consensus_latency,8cmdQQyY+UmvB//Q4KQTchddVECwLZEXAenmsjNb49w=,1434.0
consensus_latency,W/4JpE2+jQHQ3fmqWZw59R5HD6UzeMNIL/sV3kn8Tik=,1428.0
consensus_latency,m8U8xhRftHduGnSqQ0lffOn+d2e4V5BhOrfMH3+Aah0=,1428.0
consensus_latency,v1UKnQLf6VE+ClJNySFRc1KSGQLNFvOxgoW36Rrauho=,1428.0
consensus_latency,yVyM3U+AfGJbCMfj0lM3PlKsaRn+3WyPgv2IlgOC81I=,1427.0
consensus_latency,FYdz61mfLohL9PCfh3HbPmtqRG21PFn3LBdNQDQDtec=,1427.0
consensus_latency,NrFFLAo08eBF3uKkW/5TxezFIp/A/hezejer5Jmd93c=,1427.0
consensus_latency,WYdAurzLPhzIVMxotPQk28gUOHflYu/z0DLejvpIY+U=,1427.0
consensus_latency,a/Zp/Cky0RBx9O5y3/2t6qdH2AIr4q2x8AyV3LYPAOc=,1427.0
consensus_latency,yRrEXcCfs2D0OGei/4wxWpeCEnLK/4YoMQMr9oeatM0=,1427.0
consensus_latency,476wAYD3IE/7HlwsiHgb1rjBArAPeIB8OsWR7YIvO/A=,1427.0
consensus_latency,G6YPniq2SVkw+Hr0O1iaz3V5UvwjZVZ8sFOaj4f09Bw=,1435.0
consensus_latency,KRExnmvzb68IsHcweBoD0tizHRcUf3ihNEin0sYWC+0=,1435.0
consensus_latency,beI0vyMDC2KuSQsdO3bHBBKa8nGC15qoq39izZ03fRo=,1435.0
consensus_latency,85gKkqlncRF1TWz+zSdvWtLx2254M6e+fkVe6z+zwmw=,1435.0
consensus_latency,dAlRBwCcnAua3+sDHFhI7RdWGGkZ3OITqCYiu3okwyk=,1429.0
consensus_latency,ftf419BJFGYDMCAyhK5dNnpVqUZOT/SoLfkJxLpCm88=,1429.0
consensus_latency,pYoxK5KKOL3d8NICn0drXLRy/XNYf37EMNzBT6vb+eQ=,1429.0
consensus_latency,sUZ/HIf2tk4yA7/DFauzmm8JSdf1iLtRimm6OEMtKVE=,1429.0
consensus_latency,y+W5UbGUzI6WDQtbuCLcHgmqeOfXLZpUcG4SyyVeujI=,1429.0
consensus_latency,8CoV6mwUomOdIIUY/2F7oUZW+VKQhzm/JUsLs43N1ro=,1429.0
consensus_latency,Dx2iTAkcdXS2qpBCNLgACWgh/Sbs3WsEtwjoXQJ9+b4=,1434.0
consensus_latency,GSucr1S/b5jJyIq2VLF+JW9aFsbBmR4A+WYBaP10oK0=,1434.0
consensus_latency,itDZ3n3C908I0G/3Wy9bA6s3FmsAsP6Ecbfadwb+I6w=,1434.0
consensus_latency,8leEYUmh7aB1nDMbU3zHnpuaM88u0sZ3UCQPdrZEbBo=,1434.0
consensus_latency,C9HW+wfiAP1tOJKP/rM61/RpWvvPe2dVAVsRqs4hHBg=,1441.0
consensus_latency,HVqCuOBR+ssBEDiaaLcekY6ZxMJ79gmu3gdVjXUQ8V0=,1441.0
consensus_latency,g1rC5Bz/XlBv6n784b8kCaczH1lEsHuzq3FcVDYRrhY=,1441.0
consensus_latency,7QU2cl6jx8FpPhdI9vlh6zmgIBpLBxyteE+4AoClEuY=,1441.0
consensus_latency,O8hhWCBMb5lPRJH4CwrpC3cZY7H/EwBW0LOPFdRDN+s=,1434.0
consensus_latency,YSrNPBZ4eZYMdu9r71joasGm3IJajL5/Gx0BlpV7SIA=,1434.0
consensus_latency,q9jQY+fjgum+8pld/eB8hQZxCrqnd7VkRGMuGuTiVn0=,1434.0
consensus_latency,5YldEZpp3H7MN8DZXYTOwTLfzuWuBPrIBMw2vcf26PA=,1434.0
consensus_latency,XtanCLHDfrIVIO3Sz7g+FMq5j5n9xkPzbUgKUj7l8Ew=,1161.0
consensus_latency,X3wCN4rkw8mG2Tw+l7q0CGT+uKUG/cIo2Q23g30TF+M=,1161.0
consensus_latency,aXbGcUFvk749sXOa/xr2eJzo69RhrwTH1jG2qXALzUY=,1161.0
consensus_latency,ajHL+2lIs24qXqG5gaZkDJl+pHQ3scLSvqq03eqPBf0=,1161.0
consensus_latency,sghRTSGybgkleJlRyrqaz0Bx64O0KiTKfJRZNiaB7Ls=,1161.0
consensus_latency,w0O3sQb9hKDY8L5LY884Gzcw6dWyI7lnqhGRYHh8kUY=,1161.0
consensus_latency,KrsavbDzFAur4d2wLpXlzTJb60fm9mrsaHNsvbuRces=,1162.0
consensus_latency,UgGPrzty1LpHheB9BaGce58dG4c+7VOrJ9pnReCrxqQ=,1162.0
consensus_latency,dOsqENe9ONpYXRVuKqilrJqcXBNVBFzaMr3/DOV+l6c=,1162.0
consensus_latency,rFxPWCcJGnaxH7qtn4SOOfHTXFtd85OTZFrI2gmoVrg=,1162.0
consensus_latency,4xzu4+UCw0ccy59uwCl+u6voJvf+g3AiXhXJaQ9TeKI=,1162.0
consensus_latency,L+YTlyuo8QpSBziRh28vav1u3Dx87SGX0GSCYDj8qb4=,1161.0
consensus_latency,eUxMgv4rGT/5TrqdCLl9i7qoxjENaRimyrNq9kXCuik=,1161.0
consensus_latency,gXr7ozrCB9qCxuXVSMNLk1CFCUVz3xjPKncPgx8Q1D4=,1160.0
consensus_latency,zIUzWFKKAXk7IXf065yVyxpji1EGjNiWHZUjPbTa5wk=,1160.0
consensus_latency,3GCWp6ECSGkRgQ4D/B1ogSePb+LDl1m2OlyKkMal2kY=,1160.0
consensus_latency,3vG2psiZAwMij2F0aspLeTcig36Ueid+GYjeH3BzafU=,1160.0
consensus_latency,EiCt61MH4MzKu2JR4cT0RLr0BuZOJFLXJhQIDC38q0M=,1166.0
consensus_latency,YhrkaStWsZbWG4ay0hP4QdyHke910CCvzNVCr2SPSQY=,1166.0
consensus_latency,fRRtYnLlHccm+kGz9IaWzk+uPPedj8qPTFFRvcsSJbs=,1166.0
consensus_latency,78WM5wpWIXmx7bXy9jf3+txoeYybr1b0DA1+wqk21Ks=,1166.0
consensus_latency,JwmXDjJH4uc1kCbtSytTKNsAI/6Rybvgcph9MiDnC0Q=,1158.0
consensus_latency,NWwlRMlEk88X/AL+C7JYfrUd7DM2k+YainGVQgFPyD8=,1159.0
consensus_latency,ROap9pyuGUA8kdbNK8P83JSGdNw+uxemHsVimilu2NU=,1159.0
consensus_latency,wSac/k95jyrzin+K4GpWHiRzIMVOhYqmuKYqDfecBng=,1159.0
consensus_latency,xxv8WSN3OX1WNmAq3jMQdGy29ynwm3yNtk89IAtPpNM=,1159.0
consensus_latency,20vJIR8SU9EJieGMGwEQbsT5vep1qjYJVWQZvAGd4+0=,1159.0
consensus_latency,A7UTcmkOKOls8Vj5YlyyiN+8+/Fkh5DbgQBy1mhGXCY=,1165.0
consensus_latency,KgsvJEzgPbUQWnew9ytcJ5yT+pXsZydFXXLbOix09IU=,1165.0
consensus_latency,SCiD6hrotKQAa4OVKrYPtQzgWDokumpBZtQqf5WTxC8=,1165.0
consensus_latency,V5w/Mw/kvypDwvd6GT0qpjhG75Wu6WPEdbPBazu18YY=,1165.0
consensus_latency,dXvC8l6RleEQ9lfqOVFhknWJrs79DfIFgvd5fswIoIY=,1165.0
consensus_latency,7PejUUWrhtKKj8ynzUl+xYTlqynggz9Wp2souxam1/0=,1165.0
consensus_latency,GKRlxKWgZ7ujRS8S/5HF/PzZ/RET/SNZzJFuIe4IhR4=,1167.0
consensus_latency,PoZVL8YRixpIO3uXHx+V834WivDhwsKinEJL97zWJHc=,1167.0
consensus_latency,eGoY+tN12hgb/gwIVwR5J1SXav+zPPSkWq9ZCWEt0QA=,1167.0
consensus_latency,4aY8/KHErHh3tNIgDXfbUsqY03qDAo/RoNJQpnIKJqs=,1167.0
consensus_latency,Fbduuzc+wcnQiur+3OHB2VzTCnecvxhH0s2+67mZ+l4=,1162.0
consensus_latency,RyodqC68P5olyn12gTZPNyKct72WYyfqroZmrMhgcZ8=,1162.0
consensus_latency,lXWesVFNsPE20T0TH9bBMy7DvF4JZq/QnF5ajGecjhI=,1162.0
consensus_latency,l7DruBJbyx0hvNQuQNMdu3fcQylVEUA2YGQjelrbVTc=,1162.0
consensus_latency,xZNbther9Cc42q09Og5BYHjMcwynZLtbPa8B3pphpBo=,1162.0
consensus_latency,5ueSA4tZppAbhyaWGjOT+1GPvFJQCGM4fvqRcma/DE8=,1162.0
consensus_latency,IJbaxW+OBvT0ohvzoj+/Xr2is1WAot/igjYWFhCaUIU=,1162.0
consensus_latency,NYfX0SoJrjjYK7Z1KLK5MqoYyIOk1bL8tYMWDGNNd6A=,1162.0
consensus_latency,RHgfGUNqkIGyMkHTOWgXrERX16G0C6UGFngJUtelUs4=,1162.0
consensus_latency,xT5r8jgHI0dzOFTT0GIEedHxzNBijNygCsidbCd2x8A=,1162.0
consensus_latency,yEdT41XCNqBlRhvJzYBE+xz/0UAjtoXdktHNMZmmbKs=,1162.0
consensus_latency,7kyrt4XoJPjVRXrCAETEVWhIeuhFHWlH/crTbqM8pYc=,1162.0
consensus_latency,GiGYHngXV2KFSKpyapnFxdc3qY1NLh8qg1Jgx3GoZEo=,905.0
consensus_latency,P65gD3lmtgj02GrJHD9N8+F59E87fhbJGE05TXCoqzA=,868.0
consensus_latency,cMnHfLlhq1QGJn0LBgJ3PoJ0dprQZtJWngnaM0UepWc=,868.0
consensus_latency,flX0isBl99q0icuPDrZ0sI8M2YKpp1NwK797WSQMzfE=,868.0
consensus_latency,n7hTjKZmcWVNBHqW1i0BJywYhAbXwhnEqyUS3GKNjsM=,867.0
consensus_latency,pIuf8n0p6bH2N3uCyBhFRLPb/8ISCwgAZWn1hWvDWH0=,867.0
consensus_latency,Kp7t4I8EfhM83t6DeDTD4ckaxq9KZQxYesLTjh+zm9o=,1839.0
consensus_latency,Sjvc9Co2ypfFg7o+j3IMLhuHfBAE3G5nNy0FdIUxtVA=,1839.0
consensus_latency,Wum+wgeQ0bq3d+Dd6O/HhIdOZsdXlUSkQDqyPjn25oI=,1839.0
consensus_latency,awpbbNoigziylEoahM8rAtQQLnvUS0iY2VXZBx2GPVQ=,1839.0
consensus_latency,rTwiRhQJXJTwWuZqxpOcqOd9Eo+45ciUbFyZG0v/VHU=,1839.0
consensus_latency,3eFVLQOHuj+FQlDk/stgAg4A4M5q+cSgNpwC8BV4qp0=,1839.0
consensus_latency,/aSTiFzTBXhIex6jJBFAx6u+e7B2yBLxM5T5vFThbHQ=,1839.0
consensus_latency,Pfbpf+e1vhzfoCQImwchqNApWTIO5m+91IS3OEzEELo=,923.0
consensus_latency,P94pC9sDZbxmENowuCBjRvSMFm19sRIjb5hW78lX/24=,923.0
consensus_latency,SeQKKDpGhkTZWjzc/dy5FRlRl4+GDScP4b1F39VBEGs=,923.0
consensus_latency,cF69Z//9E7TSXUZBkgeg4AjT6S/actupKWaLvcuxrKQ=,923.0
consensus_latency,4DV99lObzrYjdfMQ6WW/R7tS4QnCuO82gMc/6X+lwnk=,923.0
consensus_latency,Cqn/vCj4Arq3A3JknQ2IDHmzWNvd6+/LSIvCRdmMwng=,925.0
consensus_latency,H0UfxYC+ywqXSNvFjtG2gQP0NoHM7DbDHNwF5CHjovU=,925.0
consensus_latency,VFGCa+qgji3FSLCHkDdfAkm+B9sNuWKP36PnfKoNEps=,925.0
consensus_latency,6WdTPIDfwf5buPmq5FnlPQQ38mOsQ/WR3jNuS4NRruw=,925.0
consensus_latency,Amo6biW4lw33UqGDZ8VcHxTyZ65e4CwQsAqU3d1ccGU=,922.0
consensus_latency,ZR9GZQYd7rCgEBeu6PQ4pOmh+yXlfVbdOC7bYNg/jTk=,922.0
consensus_latency,qsYTk/M1ivAJdPAtJMVdjIB7MFxnH+DOg7QSxNlJyng=,922.0
consensus_latency,wyC/EsqcEGhXWAD0mD46cUAiD4xjZJPqPwRUhhlZuX8=,922.0
consensus_latency,D2R3PIfyX1DVUS+awjEreZTJEipDm4DojGAafQmcl2I=,906.0
consensus_latency,JjW3TAXtH6/aTXfLlCVLnkvgY65cAd7Vhd3oZIMO/mM=,906.0
consensus_latency,M4/9nPtLQD1xbTSlZT8GEPSCceTVg9q89x+aF2q6ze8=,906.0
consensus_latency,VuGtpcZYMpBaxWx12haMwkmqyUpOndrEAXp/PHXUOOQ=,906.0
consensus_latency,3frXh3a18FPEp4OvnbtqUNP2FJUlChUvlK9PSCv/UVc=,906.0
consensus_latency,57pcqZQ/t+aA72BoOKLmTReH3NuGOZwaERMNTo62yR8=,906.0
consensus_latency,BGTevft39lrpTEwzc/0B2F50DL5y9luAp9doBfW4jEc=,904.0
consensus_latency,gHimm72mHf8Pn6lGVbEnNekgAoGoMKwHkme4eFBCaKE=,904.0
consensus_latency,4n8t2l5NNmXORClCXrpa1TEMwA9z5g2m41vfmh405jE=,904.0
consensus_latency,42OsrjuC6nsSVpghQmU/HSIwdLhd23n87LQ3gF3R390=,904.0
consensus_latency,J0eMuzWKHzAjGhGzaw7rqrEG+JzpJxX1whHXX3Dqq9M=,921.0
consensus_latency,RXiDd2g3ZS/xsJ1tLH8dXfbLV3Ramuo1eTmB9x1nFx0=,921.0
consensus_latency,WMcUrif62Mpy1Gk4Wqnq7chEfFcUm8BdhNF41qr562Y=,921.0
consensus_latency,bn6ruX8z+pfenxvwghLLyw7LWc4w8hrLgpwZ9iIYwZQ=,921.0
consensus_latency,IMUGfcDLE9kWCfp+po3wK7YfizrcKG776Ae5fpFO4Z0=,922.0
consensus_latency,Qgo5pzeoKhYx2T0UngkETzxhWPNPYdi58iUHV/34y4U=,922.0
consensus_latency,X1PeGNEFtctr/Jwck8ff+95jAaCko36SosuYOqE2HMc=,921.0
consensus_latency,/uPBX866Vg8uNUAmp0jQ5qwo7dlsYTEjZUFWgjNiiDQ=,921.0
consensus_latency,kZB+y2LkeAwKkxKlb8JFTT5CCL71zLJxxy/EQaUA2fk=,925.0
consensus_latency,s5cSJksIuCsuHsa/tXxlQYgaZAWaTrb8VtTZYslUWAY=,925.0
consensus_latency,wRFdXQzKiI0nxtnS3S5By0grJDC7pMEkFhy9A8oqOLI=,925.0
consensus_latency,+LQmwnUHFwFyoiUa6vowY5K3uk5ibwnAMMZ087OpnUc=,925.0
consensus_latency,Ly7Y9G2nLFi8T3fxbIM8+WNJwIKrpt9OI4LWKzzHkyM=,642.0
consensus_latency,mSak7vhgDpOFl4Ae+zo/adlxsFf+/SHMS+2Xfq/hxng=,642.0
consensus_latency,19XJppzOsPw9NrAVVfAY0bi9DjEOZw2POfGEqkslM1k=,642.0
consensus_latency,DRuA5EVxtv1dM8n/7zbvVoKchLO0lEXEaEzKHinCuiE=,633.0
consensus_latency,NwTHFqyRJNerruhEMYE+NCWqr8KTNnZ6ke48M8UsSxU=,633.0
consensus_latency,SVOe6TzPpv5MGCfOVnVvPEY3SDgVr7cAifdqJchoeCY=,633.0
consensus_latency,qX21W+ZHiA5K8MPB8cCkkUpWpYZrn8sCNHyu9WrI3xg=,633.0
consensus_latency,scFJEhhnDZY5hXUKrzYUcTzlpR0KyrnYjnZAcdHwYko=,633.0
consensus_latency,4TegyOJON7qQx/EAI+ZqD3G8CGb1AALDbOci1QRvmNc=,633.0
consensus_latency,R8nyP7LBT1cKFU0ToOXKvF3Kd0QovyYuO23g3Sey7us=,637.0
consensus_latency,ZTK0WV6eJkXfptt8ULABameljmONf0cZ7ww4OtyM16g=,637.0
consensus_latency,n8271qJEfWeqUqLUZLsfTaeAq7S9oxyLx5U15wH09Fs=,637.0
consensus_latency,52gw2R8TvKD+OtIFehTnyJXstv++MPqwdU9IyM39jQ8=,637.0
consensus_latency,Olfj2qpTm9P9SgmxTwPAk63AKFPOwcDhXjcs7iZGLBg=,636.0
consensus_latency,Sm71xgCw1Z9aEtJhMHd84bN02Z9Yyjt7USdl6HO9LUw=,636.0
consensus_latency,b5AGhdSB/nriyaUWBGWZGR1thxxmiSjzyscHdksDaEA=,636.0
consensus_latency,b6jjKtzqhoFzUW7seLi3UbnaEGZ2NE7sa+1s5IIBVB4=,636.0
consensus_latency,gNbGvavoU4NyM5PoP2jQy6ZL7Zgeuyf+PxFvIqY7XDw=,636.0
consensus_latency,s00BJnqYxYio0X6QphDtBfoU5SmRZ9UbdS8mrqKYjz0=,636.0
consensus_latency,IieDbcWkAdr/q+p6726DuJMkmgQvILhEmnVB2x4vIMs=,638.0
consensus_latency,OJYNAjkFHOmFhkUJn+oTRnQGIQdr9z6xOprPwEVVCEQ=,638.0
consensus_latency,iflVABZLS92sBTO7suVR55V5UHmyYGT73viXHLLwTS4=,638.0
consensus_latency,4Pl4W/ow5vpT165uw7dWNmS4jVvpq3OdClimAz6TLjI=,638.0
consensus_latency,57/3beZLFw3w5rRbtZzhdnzAf8xqXVZ7sCBYsfsAHGU=,638.0
consensus_latency,+ZUud9rbo2tYWP1DsjsBajlq/PoNuw5yNX+XvQFSmp0=,638.0
consensus_latency,AENXXiiW6YzMc+KqGpDFRdTzq6cXkk/ODaxdq4E6oUA=,637.0
consensus_latency,Eg+lngGiBhBaPNRaQHrQ7LTjmel98ZoKa1ha+pyhPXk=,637.0
consensus_latency,Fqd8WlU/gVnC0QjOGuSlH4ufTGX4pNqusedtGoAAzqk=,637.0
consensus_latency,MRWSe515vu+d7Z8Vtj67bWTSpHhRvxbyw4DQvrvDMpQ=,637.0
consensus_latency,fQ6AUALDARurYXLOE7CNmNSRfuBTF3gEsEIRiOWIH94=,637.0
consensus_latency,7BzWUbRwLLCOpJvmmiu0YHSAp6t+FErWq8Dh3NG6XQM=,637.0
consensus_latency,OJawKQXkKsTpVzuFfQUcFoT4LsKfVHcO3vjeGAwcNeg=,636.0
consensus_latency,RsKtzHetCB5zaqq3JTaO//MhXHk651gNSxw/pXNuh3M=,636.0
consensus_latency,g4ORnklO0qWbA7VUbb+dwUySfM295LIJWcXdUuOWvoE=,636.0
consensus_latency,oWNu2I9fSAtgvTUpyUqPsOoSzMdp9ud4Lw2S3TQFR48=,636.0
consensus_latency,yl4lr9MUSBkiIm/Hd8fJlve8i6KL1GB0akYVtEOQH0s=,635.0
consensus_latency,6euB4FQEz2BwIt45u4ZlVjj3RfidDi2/80FqbMhRhck=,635.0
consensus_latency,EaQfZd5FqfSrWsdvrd9MyGGcZ1UVMwsoo8ia7Cqv7vk=,418.0
consensus_latency,Rz23usvN3ma0zzViRLZPyJqs/hZuNVskabP4+S9r8UA=,418.0
consensus_latency,xw4y03H+24Fk/8gTFFdmoxennUz6fo1hjOgGvLNG1Z4=,418.0
consensus_latency,88ZNJ6Lh6rlZdioVEs712e8IkK0aUDTAMZwbC1UOLng=,418.0
consensus_latency,xZr3UljFcfOpEQginMru9g/PiVssjelXc45+jFfw+30=,1328.0
consensus_latency,ylLt2pyRXxZt71TTwoIfD+Z5m1Wpj2umHF3xv41CHjA=,1328.0
consensus_latency,7x/0Uf6z7yJaWPyHqjARXEQsVqbHwa6q/bkpVhbnXmw=,1328.0
consensus_latency,YdyanfG95Gaea/YxpbbQaqVhBUvY8nInmmMmQ0hVaeI=,1326.0
consensus_latency,dQOHO1gFFU+49Y+F0jTqiHURSzrNphruyyEZKQUJJBw=,1326.0
consensus_latency,dmqE8P/WIPCCx1z6VUZ8NYUcwvqFCIzI8HhIswX1g20=,1326.0
consensus_latency,gGmO3y+nB2/MKDbbYV++uI+IXmzLy7m7RVHH0GYzrR8=,1326.0
consensus_latency,3Jd6/jG7jmZdhz/rATBixadRZM7wZYg2OrPikTNjcuw=,1326.0
consensus_latency,4wVv+uMNgtB92YSGkQlnXh2yrZQNc+s+DHHjxqGQ0qw=,1326.0
consensus_latency,D9m6+WQIa227gwWi3rEvKqc7Ng8+C9L7ySEpuxf4xY8=,1068.0
consensus_latency,jzU0NI7VVsKGoQEcxkNmiw+i0/c+I+Nu7pDLTvyVsoc=,1068.0
consensus_latency,k86TPVtdSd8ri3SzSLTvvur+me4i+v2ThU/+T/Jjt8A=,1068.0
consensus_latency,qrq7MPXzqpMAROVB9I4vzGJ7aJCohdsjWctF3ud4uTU=,1068.0
consensus_latency,q8WDV72B+52Wg7LIivHqmy2yTzRu+y2apRZuZMmxCko=,1068.0
consensus_latency,68CiYHCeCSHmdffBbej/yrAryViXeOoGFtxyGgWVZ1M=,1068.0
consensus_latency,DioYmz5GoiSGWOFHsfW5Tsa757OgUDyHY5t1lsYFd+M=,1107.0
consensus_latency,fAiwighQvFDi1x9Xm19pYcWweCDk/Evkt2MSb0SuFfg=,1107.0
consensus_latency,tr0Na9Bi7I/jJSL86nV8iY5EzZ2jrVNrS7DYnCFvRoU=,1107.0
consensus_latency,FuOmIyLSP9LgillWGu4Nh2PqaMbDgLDkvNaNukvaJ2U=,1068.0
consensus_latency,XXKKYnEvWzfKsxL+tYd9xrFbM9qX6FlN63x91bX37ok=,1068.0
consensus_latency,atIa0No9HqxsUwYt3nl309h5EaFXAaAeLC3LeMGJ5UY=,1068.0
consensus_latency,bO9Cv8b8DvFil+q2Fc5nDhsXHGQOTmR0s8/XFBTn8vU=,1068.0
consensus_latency,2GkACYtJCg4Ry+6wF+6U7ySoI/cuWQTHiJNMUHqExCQ=,1068.0
consensus_latency,4A7GiWLRAR8g2Zu/uWMwubhzaJJfwv6Uyy/IHDvs5gI=,1068.0
consensus_latency,C2SU0WI2S6alg7k/BpVodUAtaIwPztSwJgtxakKhapQ=,1108.0
consensus_latency,J5YjZVDLXMPBe1nw/suA3Iiohz7SfuVPoF3Sa6UfS8U=,1108.0
consensus_latency,T8/zb0loHMbREwFQ0iNdxTmZLMnAoxfUZR86sE7wFec=,1108.0
consensus_latency,iS30K2ZEuxIe4F/iHPIygTmu4zIBO4UEHQR47zmw0qs=,1108.0
consensus_latency,Um2ZQwJOQP/BZhXJ7XiqBFtSucS4zfAeZwOIJXs9wBA=,1106.0
consensus_latency,W1I5qplK9zw5f0g0c4nH5AElfww0okqS2iWeiYcMaHc=,1106.0
consensus_latency,dtCfCOX8t9AYxbBx6hSGdt2kK/e886Q0LS+drOTfq/w=,1106.0
consensus_latency,3TCcRKUMItkHIYvgXNIBXXpMRUTmIkTQfg7zC89qir8=,1106.0
consensus_latency,/p2MqUjlbmJ2T/BlppquC/J0rgIRgmeDdYKdsY3DpyQ=,1106.0
consensus_latency,MovCRUtjDmChyii9iN7xnvHekGd9xwo37hPbm67DCh8=,1103.0
consensus_latency,ePFjjcDohqKiyplSzTjoHlmVvNPuZwcvUpkL7NFtuCI=,1103.0
consensus_latency,ngNkGAVVu8ejKl/BZdyN+2GacQYnDkI8uRpJqRENC2A=,1103.0
consensus_latency,o+J7o58sHTNLaXKM+Y69lXsofKiG05Jeqtro+/aPEgM=,1103.0
consensus_latency,FkrMjGlYONc15gmCrHGnsKRbLFIudQfTxfmFbBo7aqE=,1098.0
consensus_latency,SjXEUP9rHLOcHdcY5YFeKR0Vsc7fgX/9EHZMGd3FzZs=,1098.0
consensus_latency,kh5CZcgkC+4NbtkTWFPEdWO1VsVcd4oytfix4R6kO3o=,1098.0
consensus_latency,0/Ir7SqAZTJToWHHkcYsR3QxvS60cbewoqmdchu0Vpo=,1098.0
consensus_latency,hv4OSqjdC588RuOV0uy5KlmnV9khLtt+H1a8UromA/Y=,1066.0
consensus_latency,j7VRtYbJIpcYFWuE26ROOWti2wKqZZV4mZffpnZ6cd4=,1066.0
consensus_latency,1t4UZJTSg5lU7uDiQd/WXlqP6t3uRs8IMh3almbxKpA=,1066.0
consensus_latency,9MEeLsaNtntt6XDujl1MZF2jnxbxGKRSYk2n4az66EA=,1066.0
consensus_latency,L9kMiNgbYaOzTbWw9QMU8ySF83Vs6H0TsUgT7F/s8ng=,810.0
consensus_latency,eHJ44KDUkyABMz3gY8fRrR6j68UBRQ+sxKsi1MNpYIo=,810.0
consensus_latency,pHAbt15wi7b2arsJiiJU7b1QdYkQ6TtqO3TuykJ8oeE=,810.0
consensus_latency,5I3KI1urPn9hx3KbKJMmxkROvWvIYtbkeUxh5GtFOuQ=,810.0
consensus_latency,6Ygxlo/OkfvvnO23fTNWu0yq0fgVcNytF+98p18qkyQ=,810.0
consensus_latency,AznrDyOpGtTyVCE+DsjUSZh1OmcGaFf8T2noETIKy8Q=,816.0
consensus_latency,OUAB3N8AvEuJoal+xxLWfJvsHK3rY5dxLIvDsa/iLZE=,816.0
consensus_latency,V0Kh5Fig7Sq9Pie8kJaFLNXpKCee2SAtcIUACx642uk=,816.0
consensus_latency,iClhSVqGAE25gSI02v4ayoJzlpnpcFBIx6jrQOIiWHo=,816.0
consensus_latency,2kLcAVuKW2LTwIiHciUXlbYbYG6AJmlCPadamgZCt9E=,816.0
consensus_latency,CBcZ7JIYALChIQcrfdoqKyZxhP/RkaitncElYbWAWwU=,798.0
consensus_latency,T1P6mO5DtJRC98j6htDUHpVPYvKR60qkTd+9nBC18ho=,798.0
consensus_latency,uB/ZxVjlGYuq6/QYHVL5ylsRWQZ2nO+fUCBpdT4XPUA=,798.0
consensus_latency,urFXWw3SBvIWQJB/teFKt02M85jZSU+EHLHh2LEptws=,798.0
consensus_latency,8oDeDYxHnih5tpMZu4b2XVagucI3GVBM2Wx4Udyj+fc=,798.0
consensus_latency,BWOd+Autv/JszmENbQFxHW+lyWnWhyey1YeIocNOWVs=,810.0
consensus_latency,BaJK1UaQ9Q/dG3hFZr/ymfzn6zt9dQ24VwInW0WkZlc=,810.0
consensus_latency,HxjEXq0brSLo/HcMYwHcRWnm2VlQMexITRx1p6PQ/Zk=,810.0
consensus_latency,aOHdBWgaeshEd56k2/hkIdEOxeifWutjcrPaxjZYKp0=,810.0
consensus_latency,sNEkVeAOYt6TopRacFxr385RHVdpDhQj8DRF01lu+9Y=,810.0
consensus_latency,2p6zX2nzTr3cHvwt+fl5NmKIN2Ur1m92Hg8YgaJh6E8=,810.0
consensus_latency,LmWOFqKbWznl5O/a6Lpgtgvn5w0mcLf6zG9TjKGPJsE=,813.0
consensus_latency,M2c4PZ8MSuDgMg0TO39X+vTSpBO+Q0fTHCQ9BwGIhaw=,813.0
consensus_latency,RoKuDCUKoNiMw16eEZa0tRfRC0xTgm0TIjeNecEoHDk=,813.0
consensus_latency,Z3z/6VVY6P2T/SYrM274iWoLcCyobsbi9bNY9siI7H4=,813.0
consensus_latency,vkiJ8l+M9TM1giT3QCDN2GxTN/NsmfwZUusLFYvmTuE=,813.0
consensus_latency,EyxOkdubiQrsAqcHiGlqAAc5JcOk5aorT3KM2Middug=,816.0
consensus_latency,WPczBKp4c8d1tIYJREZadrLenLuUEpL9lO6zNVQVdsY=,816.0
consensus_latency,bYYyHPX3qxzZJHHoC+9JUjbNS1WDHUm09eazXtvbXRQ=,816.0
consensus_latency,6e1AboWx/6EanOn8mK061lHzWLBXz3LPgmQzPuysfxA=,816.0
consensus_latency,HBLZh5N42DWQ4DmGQLLcLF9ngTkv+SD7kGJfEsNdQc0=,815.0
consensus_latency,M/a2Kd95BJE4ksj1uuqqyWQw0hJvbFJUikHnLcClqDA=,815.0
consensus_latency,f1boAQk6n+eT8GZ5al7X7/OZ9Xsbf/Nvpc0JGORjj74=,815.0
consensus_latency,ghkLEaFq6LfrcDwGG0Fm6SRWzYIQFVYo1J9JowXIPio=,815.0
consensus_latency,CfjJW0TKzKLTgIwIZPJWXK7quifQTS3AL3VAiFRqPZ4=,810.0
consensus_latency,C81iFiDEdhL0OfEjG9roNKnerz4ZR2UvUnKx/0iGQRU=,810.0
consensus_latency,abkv5kkuGLXNh3KMd/BqmB4ydDr9qwnA0RJeqjS4eFA=,810.0
consensus_latency,cjNcn9i60U4BahVCpRIabVyxXL2xan/lhAv9Mw8q71I=,810.0
consensus_latency,ggM4NPWIZ8kNZeWOc3iMNfw61jd6GYeYWoxUz0D5/jw=,810.0
consensus_latency,mqB2I2UpHBj+mz+ZbILoJyrZKYSUzSTyZLaTVOB0+co=,810.0
consensus_latency,NRvpYm9zOYdWcb96iyibym3DsXfarsGXIXmjcLPtHNk=,811.0
consensus_latency,O0AXIj4k89kgUx8YhifQvKacQ2XVBfQ0uA7bHTyChKE=,811.0
consensus_latency,frsJSf1d0LYIbiOQHqdk++kIIzgnTCaZkKAoORvTeJU=,811.0
consensus_latency,mLwN3rskeZGUJl4yma2cgGjLm9sg1/3HdaHODY5tkIU=,811.0
consensus_latency,769EoC9AlCN7vUdlS5xaAlrqWZHikkM/CA33clit6ps=,811.0
consensus_latency,ApQbV3iVmfi1HFgUnbNp5vB8DisNrX9Dz3DrFBxWjcg=,543.0
consensus_latency,a3mKMps9HtBL2UjK+Nq8M6eGgG0FelJ7nKGqcnenGs4=,543.0
consensus_latency,iIeP+PUnPJUDHWSXMyYfMvEXgn3xXrKkWj19T0DqmA4=,542.0
consensus_latency,s1UCyG0hBkYTcGlHk5Hs5JnmkrLnKVrusGFxKt74+0c=,542.0
consensus_latency,vduRH3RjRr7T5L2rELKbjj8zKj5SL0zBVrTNWvwRFL8=,542.0
consensus_latency,w6gkuyAJZVHG6hB0iiENmzLC5mW/1kdVPOX0Hg6DjeU=,542.0
consensus_latency,EJ2Tks4HvwkYo25XMcQf/Vv3Na1PxXRPh2H8qXehHGs=,1086.0
consensus_latency,IVL45UGRRMSBxA09jgSdZWTVY6wJbL4Dlbj6AmGssPM=,1086.0
consensus_latency,6hOmZQTxiiOpwtOumhzeirLAoPYKZBm/78Z0r1phfZM=,1086.0
consensus_latency,Vy8C49tNNUJpUmfd4xWyjAUZpm7ndCVVm4URyKLQs2g=,1083.0
consensus_latency,wBWMzuQrmjL6tkZ2t+B8Efr5PQCDa/IDzi5xtguSeFM=,1083.0
consensus_latency,6h1K/ZyigoZ7tLSDLd83BnE7RSCpOIYdg+E0wyY3Wkc=,1083.0
consensus_latency,+E/57TxjHhEfzEwQfzlCr/AZyDX18EXZhfZS0zK0KEs=,1083.0
consensus_latency,QFl/9HzqeHKC5eNWPRIr17T6c+WSFvBpiT0R8JCXRQk=,1083.0
consensus_latency,l4IdW/H71CFYCWGXa1Yyp8TdCn93/hsM2ZLtb5gIgtU=,1083.0
consensus_latency,tYOjtmpSnn54/h7CB0TjKsT3+MuSuupud7Mad/q7nk8=,1083.0
consensus_latency,4yZyuU4ln/qumpScCMuEKyBwpfbzfkuFuPzGmgXjtyg=,1083.0
consensus_latency,mTKoNK/TbpFCafRAe0J4oR9RLSrrKhEeKkk0gnaZRww=,1079.0
consensus_latency,p8eLScmfgTu7apA8kTpUR9KyC8QB30Y1JwfVODmvgXw=,1079.0
consensus_latency,tTRUR3oEf/cc9VytkrwR42rUpxyhxtu9oQUzpnzrfXE=,1079.0
consensus_latency,2S+KM2wpuzdpHxzyoo9mu8PUN40P3V/9j0Oo3BZdNyo=,1079.0
consensus_latency,B2rH6iU2ZpKOkTYH4rxoQJnTEGTsCuxEPepTLIJGM9M=,1055.0
consensus_latency,XSwalTfntctJeooGD1z8IqA5CzML4kCGzWIYPJ7Ap/w=,1055.0
consensus_latency,ZdUvS7IvPuA55wgkjsRL2KaOd6XFccsRzB1WPxvttwc=,1055.0
consensus_latency,dUJclcQ+oYuBPFefjzii8K+JMAbrIlgJs9oqhtNHFE8=,1055.0
consensus_latency,jm6dpSMC/rJJX2qCYVbionDUyXiZ8jVbOH9Cb6Izn0M=,1055.0
consensus_latency,nVDix8oPGNro4JJIrVcTdmJl9aWHo2F9+Cn+EpwZ2vw=,1055.0
consensus_latency,FlRteTMzGyFse0tDR9Vsk/G5p4EoM+SQnPSscZpl3v0=,1084.0
consensus_latency,Zyow24XP+zAAU5H30PMnlpAiByQa6UNV+wgvgA3VQ60=,1083.0
consensus_latency,jkpfGlaeH3Cy9cdd5nA9eV4pOd+pBkrhuvcn9CgGjkg=,1083.0
consensus_latency,4Z5Cg0NqQzQfk2hu/zReSJ4GJQBlc33LcLwDEY3InqE=,1083.0
consensus_latency,Il/cAteFp/MINndpeHgkHH0cZbVOiqQF99Em5Sf16QQ=,1053.0
consensus_latency,VKMpDSidimRlSozPKyj5Nz3U0AUDijgTNg6JpMyj1y4=,1053.0
consensus_latency,X6l2/CdyolZASCU29ptsQDj2Q3LpQOxJfzCmNn1nCX0=,1053.0
consensus_latency,w/i3lnyews4YQ6JWCR2TP8h/lYmmm0FQFhpi4E7GFOo=,1053.0
consensus_latency,1VvbHADS4LpxOkNJXFnYINYLaEnL2KIsjUEd0v9Q8dM=,1053.0
consensus_latency,16L+pWpQ43ULDlmGsINHHrVS7S1LHhDIlCzTeOzN9Dg=,1053.0
consensus_latency,BKCcXnZUZAV2ih6j5FP5h/qoUjJGXv3qsddHrZyNI5k=,1087.0
consensus_latency,XADRfLWfiDn0ljxKQSGTlEnZOH3i6qNfUVHocfya4Os=,1087.0
consensus_latency,Xl/N+4JQR+UwDXhKJTwZW6tEqe8ZUF7DWvuOXNefNbI=,1087.0
consensus_latency,ftwOgukRxdHmk7JD+SHkodtmUS32IwRzeONvnxgJVdI=,1087.0
consensus_latency,BPpR9/f4dZrck1km/wQP6M95bRH5CxOYwAMFNO/1+QU=,795.0
consensus_latency,iAFb7ph7Y0ETCSdNhokunO2x04wdyyO5kLOpcD9QecA=,795.0
consensus_latency,oHSQQtiHxHvHyDDo4V1GGhG2YN/7gv3PB89SVv+DLpQ=,795.0
consensus_latency,xBNxwzuM5B2aL+no73aVfkuYJAj1Nn82RTqvOgB8D5Y=,795.0
consensus_latency,bBu5ReHUog3Xcqa6N5WKKptCGMAudFwLaSdBEif3m6o=,791.0
consensus_latency,bFHSvtO1iVTE4udBMAGZ0FZ/Uc7yjwMm7e+1NkFJaR4=,791.0
consensus_latency,c8BuVd0rgeR6o2a1wMhIOsHDkxs/gdBZBrJrnYTkZ4E=,791.0
consensus_latency,nk2qK0fdvi02c84/dUW0vdw9VhgYaENQiEgSsP4fCPA=,791.0
consensus_latency,+/uHP0mV5oYCsxMJBTKEQKTo5rj8dKuFXZxubg0Vvys=,791.0
consensus_latency,UfuYT+c0QcqVCqB0FOqb2dhmGkB43ox0hYXxVh4pD6M=,790.0
consensus_latency,VrhGVP1oqFI0jRayIJ2MhBqEyr0YsSr3ds+zi8DnSGQ=,790.0
consensus_latency,iHVa5W80vc6dfxZMniHzFo7FoSAS3w9BAdyK06c6Ox8=,790.0
consensus_latency,0nnWtXoLKd1FfULELyD4lJo5SnkpolEzUAVVkLZ3TUY=,790.0
consensus_latency,8h7czOLVBKLySxvg8Puv3NHnB/BFC1cFZv4nTfxLRjw=,790.0
consensus_latency,+mXqa07IRVRpBqG1EPA0TfbnULjlTgSEDDLyx3CCtYY=,790.0
consensus_latency,ALD+mCUMGOyfpGzGqo93ZSJ8kgXpTZD7njME2svG+ZY=,791.0
consensus_latency,XD1d9gPjlHJhdbJg+5JWXtf0mnjTDbBQyi+4/X5zdlY=,791.0
consensus_latency,pkCe7pOZNgmDXivoK2e3vsWHQqJMPgrlc18oii6y+cE=,791.0
consensus_latency,sWr3I1HJB6A0upwwveekD5TdBzfzd+f3HsntmSPHjCE=,791.0
consensus_latency,6U9bDom0rxYcUhkOi2qOfcfLmE0u2nT2h9tvX1ZtVPM=,791.0
consensus_latency,7Dc/ZCkGxfWpAOEcS3jsQ/dbKABglCv8pwONC0RRzp0=,791.0
consensus_latency,GVDZuXCwbgwv8IfOZlO5QiOSXn6haHj/3Iaa4DFQoP0=,792.0
consensus_latency,ObP3CcXZoL6Msdf0j32RZnDmmKtRxlZNwYt1r/zLdg4=,792.0
consensus_latency,gkiaXMG//Cd6y2ArcyyBXLhhhAnSPkDTYW/pMl/hlx0=,792.0
consensus_latency,qi4+Z6zFXkYUAdD8E3E0hzAA8FzMf74yR//SXacSPRk=,792.0
consensus_latency,vnbfdD/SuY3L6MVh78Elg6mjMBapbnE/nBVTUv7d2xw=,792.0
consensus_latency,xJs80Nr+JUJxc1KdCtXGyadDRrkUorEc/J0UVhjAiDc=,792.0
consensus_latency,D517XBL3HPzarzVYhyx8nUZyoINMt55coCg6tJpntow=,790.0
consensus_latency,RUPmGXA+2yY0p+7Rle944iGZJ5MOWt8UBDb4OgYpFAg=,790.0
consensus_latency,U8nUBr9cxjsR1ywqoRfaRstYVESjed2t67GMyrax0Tw=,790.0
consensus_latency,WiRzrn4OUvjey+WJVjs8YetxHGZoUQsFlCVt3jZFJsk=,790.0
consensus_latency,fkpzoBx4fokdZ7l3E4CpsQvGd9MIHpD+zeoeV9vY7gc=,790.0
consensus_latency,0aBuJJ6pIynHGjS5Fx/qUCwQXa8fnya49+QEe3UNP8w=,790.0
consensus_latency,ADvAitXteeP00d4oY4cWlAHpoeCMwD7cxNl2nKLch+0=,790.0
consensus_latency,dL2LxyCB+21LvD4mLlSCY29ojK9pdBi1XuYvrIo4ORs=,790.0
consensus_latency,f0A2iioMQfjRy+9UOZKau7LOgX8q1h8EggANkeu8nGM=,790.0
consensus_latency,jvh4lgpS7ajosRtcNBnWuBggwoRzffjND/oB6Stzrp8=,790.0
consensus_latency,lng2wCqH8IaUty44yLYPpl8QDyqaGhLg0MaPLNdYSNk=,790.0
consensus_latency,trB4OvsLvcLRcYgO58rIRwwtMfrWu/hZ+1yPGY75qy8=,790.0
consensus_latency,Jglebm1DfO+zILdongxgl+ImjD1EFxG/QOqFSBCdgo0=,554.0
consensus_latency,UQjR7t5AFjJqyhMskdGC0LW8R02E0O06aFiFXG3M8AM=,554.0
consensus_latency,ibKGXw0L9BKBijCE3iCktGaMfmQKAhfYbdWZWNBphx4=,554.0
consensus_latency,1yE/dPxwiXdeP6iFGWjFvvAn+5Wx/9/wdlfdsUOQkwc=,554.0
consensus_latency,g5Uojv8GeE3KMEPgRHrIZITN126oxJlRPIds/fzTbLI=,2157.0
consensus_latency,Jks5zJ/6DfT0L3D9XOjDU5Rm3C5cN8lvF/debawtwtc=,1964.0
consensus_latency,d77O8L2oZweV0clbl+rqevOUxOK/zOBePa9b3Z7i7v0=,1964.0
consensus_latency,vCSYmPkHKGSz3jyxVZeqREZhOZvIfYzeef3nVGJKXRI=,1964.0
consensus_latency,w8rZeM4EjdcDG6nNhOOrwyfHYzCqsbzKKN1Or4kv+TY=,1964.0
consensus_latency,hjoB08p7spP7qAW30s/klLhB5HY8M6uCXHXfYBuRWEA=,1963.0
consensus_latency,u/THhcFYsiHk1xvVAEoZrxpiF0V+uzFP8SHnrzP7cF4=,1963.0
consensus_latency,3eJJFh0pksBeFxkojTSPXkm3I9IdPnlN4PgrjUEf5ek=,1963.0
consensus_latency,/CfrEc3RkesoSf06ETffN8uF7olH2uolDqqCNoS+o24=,1963.0
consensus_latency,AY3QgMp30fOqH0YQKULP2/XesEC0lyLB3aWgclU7E8Y=,1727.0
consensus_latency,GAD8yVMNbfas+92EiX+fZfdQSKugvH2gL8pDeqcOcks=,1727.0
consensus_latency,yYCdQsA45x0cCO4A39eknUxH7GsQXuS6No6oMQKeqcw=,1727.0
consensus_latency,3IBLheXS3vampTBabKjhssm95Jdhh5upAOXH1WeWs68=,1727.0
consensus_latency,4cJydkAdnUHlxw86fHXhlODW+qOQojb5TfkXij51F24=,1727.0
consensus_latency,BEgnzKTxqi/MisXHMwmYqijDwkegijUI84G0yQYPUvQ=,1698.0
consensus_latency,DwqXzLrx6fURTHvHWvMoN8l5GOPNHFNIt8v2obbvB3w=,1698.0
consensus_latency,Y1umQG/90+uTKz70I+2Il2BtZCN9y1Lu/ExRh/L/0RE=,1698.0
consensus_latency,Y9lbDBSL9Wwi/UNh6VOwFn2KsBLTzFMJgWdyGMHTE2c=,1698.0
consensus_latency,78j/EfuEMBETxtCGIqJ7n4vOkqeza7Yrcu03rcxriws=,1698.0
consensus_latency,9o+z0HzI5R4tzlA/Enw5arFbC2az87PrJtLT3fHAz4U=,1698.0
consensus_latency,GtqKiefl5kCNKkIBTELUCEbc7PtEj4T+TIoQ3c6cJvw=,1714.0
consensus_latency,OfiPQs1O6i2jQbJfFwsQqStmkjPQbB/GKBCvcjvBiYk=,1714.0
consensus_latency,UqkHdi0FAe+PXrC6d+dx3o/elQdOa6+k18tp2E9ncZs=,1714.0
consensus_latency,jhEFPg1KwdQ/8k+8gH4OavgRv2HvK5JYz9qhIRPLNlA=,1714.0
consensus_latency,9PXDFP/OipzBaZ2n9uO990dVePZZyAQLiPoiE06gUhc=,1714.0
consensus_latency,FVWxsviHYOzLtLuv9oV2qcdYs6pMZmFlLeVShxEoJZQ=,1703.0
consensus_latency,KjvA5QNp81VUcVRROcki2azYfOtw3dgMiCyDhwOlVg8=,1703.0
consensus_latency,PZnTz+6INxxzb4rYtJLkb59lwnoPhRNlozdxijVYB4I=,1703.0
consensus_latency,Rr6Q2O+fuT/blVVUM1yOq21wZZah/XQy1liAYFayA8o=,1703.0
consensus_latency,ch2J243uqjGVpD5h8ZFXNL5Llp1FQi6yjMr/3ATsrUA=,1704.0
consensus_latency,fa7NYcVX24pA0kY4ZG8pRnNDYA1gNc8o5xhFIu/6UOM=,1704.0
consensus_latency,CifRAN9P71S6G4bZTOxtvT40GQIkEAXVGcI937oT6gQ=,1702.0
consensus_latency,ElgpyhPBNg+XcbNhd38ZSdxvMSr4bYbHGUF2dyBqTkY=,1702.0
consensus_latency,FSXN1MVgFH3TOhQLm9LLBhihjrMpsAqys8rf/TXMawI=,1702.0
consensus_latency,dYOzDCVXZhzAJoRqBS9Si4+xZmiHje9fW8TiQPPf0Fw=,1702.0
consensus_latency,8x4Aiu8s+ySGF8bBtcYOmyEncBBov8R5OmSiP4O+om4=,1702.0
consensus_latency,HAcRa5WSIiYUTVdW6923c9WZHfpsO9W7DYxapMkgoSI=,1727.0
consensus_latency,QUAc1G82BLsQuZrEODEZpUHJrD2gow0WdKr5LzQUUGs=,1726.0
consensus_latency,r1LaX35Ig73H7/bt6/t3dzBJ+TbLkihqo3dvhVz0Cuo=,1726.0
consensus_latency,zrB+yURXV338mhVg5sp161IMmD6RlMV7Z8y7w0kWQT0=,1726.0
consensus_latency,IYa+upx/056rdF7D8PSgY05SA6WiJUVCE6YhGHfXZiI=,1725.0
consensus_latency,xOJK9eyG2IoYO+mFga2KodFgKlyJyq8Oh203bLdjub4=,1725.0
consensus_latency,zjyHveYoR47HnZXvWtGCQ/qgt4T0KvRE7hz8JQu+Upc=,1725.0
consensus_latency,z2EV/ieaP2CScSmdtftjg7ZkZ1/xm47y51EpafN7oBQ=,1725.0
consensus_latency,6Map/xMUFXUT8cwEOF6sqk0ZYW53MK/euHPw2uGVOcQ=,1725.0
consensus_latency,/lhy6eKm/tLsHbGmuK7ar3GUNxVm9bBS5YymSs41x2k=,1725.0
consensus_latency,ADMcTYaru3wqQLtlsXxX1QZ0TbRgo/fLXKBZE6YsNWY=,1726.0
consensus_latency,ibrBK7u60KO5FsQyfFMb7Ps6hssN+RXd4MFj4An/XMM=,1726.0
consensus_latency,mXu5sjO600AXJeQrOeRvXj9MgKgbdpY/qb3DydWWJA4=,1726.0
consensus_latency,oI+Z30UgWNu7kIYRRVldsf/PcC7Ov7kk3bwtVxCpifY=,1726.0
consensus_latency,qwG3RsTJVT8wx2Uh4d6LLjPFYrODP4oSmIcSw+hKGCA=,1726.0
consensus_latency,3PbQ9LIYVSDiwmq6JPfdYxzeBqf336h49zdnt+FkMzw=,1726.0
consensus_latency,zsGnrKd5+a1EUMpr9TK13HiX1f1S7Gpy4jwrjEeJCPI=,1463.0
consensus_latency,71sJq6wzsvZ/QtcPdJfAPQ51aszYq4G0f9RstrYdlE8=,1463.0
consensus_latency,/XJhb59TtluIvZdhjMgb6c0PrBZMiUj1vKIo5Mxcz8c=,1463.0
consensus_latency,/25grfoVnDb2HaXYRTZtxAnZKYWIzSYC69eHonXa9ME=,1463.0
consensus_latency,/44gK5l8m5QYv/lMoBDg2wCh8op5NumAmnTPIhb1jrE=,1463.0
consensus_latency,AbTSgmIXwWMKXvVApRM52NUvrIqHnqVFoCLI4z+1ksU=,1465.0
consensus_latency,EHt7zVOXc03m1xUP0U2KrqMcT64VHcXSla7XL5g3TDE=,1465.0
consensus_latency,Z8admnpC09XSnrCw0TJ3k9uTybUr4fPBOBTtarUKjfQ=,1465.0
consensus_latency,saE1iE+ZAfruMt/rKDF2WewPvFxMwCJgqyKIaxI/X6c=,1465.0
consensus_latency,viZrE8ZreQUwGpF3MtBUvcd6qcINsDILA7jtLt6dAfw=,1465.0
consensus_latency,BAG/IulOaAOw8Wv7BpYDoBz8z6VYzODtoPGVMW9Jg6c=,1465.0
consensus_latency,BKc70Sojf4oHiCmn19XRg28rr9NorNcLP3IOXQQYZN4=,1465.0
consensus_latency,UAkru7Zr7zM9H1WuBBDytG9hPo423+p54k0P6qFODJw=,1465.0
consensus_latency,tS8V6wp4oLUvGbmIvI4VmCKLVOYr4XCRy76pL5dx5SE=,1465.0
consensus_latency,S8F9/y3aPoJeDDVes6s0Sy8oZ/FKTJexTZPiCkDtO+0=,1465.0
consensus_latency,je1plXORkjXZ9kLufPKk7o3BCU6mJm9Uc9BpMU36pb8=,1465.0
consensus_latency,1jF3ZevtJYpENXcfASj9hXC4WvS6gDrXTg/ae70QqOI=,1465.0
consensus_latency,8hCso/BBme0ZFQfjWiDUepqPiZBBNwc7Ab6BCHh7oTY=,1465.0
consensus_latency,e9gHcRL5Qt4jRMEMCtcHkajaOizA0yXmdHRm68zonss=,1466.0
consensus_latency,jtWrDSfN28PgErz2WhlZ4//4qZgZsPcfaP4Yf+FkD5o=,1455.0
consensus_latency,lCTkQIiRz8di2DuX56bO/0TXxmduBXzGmTsAyMpV/HA=,1455.0
consensus_latency,5sOH+IpCCf6p3zV4DfNAH8KoBjboAqD/cSbIwJBM07I=,1455.0
consensus_latency,HBVPodl0yCEBKx63iYPxvAQxFV4g+L/mEsMSg9Zj1TE=,1467.0
consensus_latency,MSbPxiSdjtNLPuyIGpRzstUwx8Qc7d6n01s1eWNU4gE=,1467.0
consensus_latency,xVM7CIkq5ioCUcFI9lVyztugY3cmw/T8MMrgnxGSO7g=,1467.0
consensus_latency,93LImrCAzZMnzFlsE3YDA2qo6BMjkZOnfWCLMHtHANE=,1468.0
consensus_latency,AcL8AOeoB+mWssIOgWjPWWuXjC9c9WwbI7fVUbcZviY=,1471.0
consensus_latency,DboycZc8tF/BgLfZOHdN2+zuLGv45BDg82vTcHo7nWw=,1470.0
consensus_latency,W+y3WRNbUbOPmURprxGMFpoOv/JZsbLTnOTmeqUHP/I=,1470.0
consensus_latency,8ACFyOuCXf/L68b2zwuriPJXHtnX7grRu13J0gBKJig=,1470.0
consensus_latency,RR6Cbg6Uo+D4FXQjb+EfkQDifK53LtYcqi7FaJa60zk=,1465.0
consensus_latency,R9pxlaoWfFc0ubAawZiazDXJY/Nt/z0d1GXwCYKSYwk=,1465.0
consensus_latency,oYRqzMzN5GscPesqFJe2iI0c2pDLF9kr3fPnRXGGy1A=,1465.0
consensus_latency,1+x29z0UHleMi2aOCBetWTqkoSh4e505RqLYk+O5uRQ=,1465.0
consensus_latency,DUxUUWTd5zkZmmXYD4YW+DB7CU8eh1jwbmRUMII6z80=,1466.0
consensus_latency,J3PPL2P4bQ0d7CHYE8tUxWnwHmPhyBiWxHhHBBwyMmw=,1466.0
consensus_latency,R1VBGN03R8eXDvNeW/EgxBrrKac7Ac5ip4kOV4hkgLQ=,1465.0
consensus_latency,be4IQ5rdj9nN8M9uZkAul/ANBSmOkAc1IDO9b0AEkFo=,1465.0
consensus_latency,6Y7DPjLZDznATEC1U5x1ynFDmrC/Su82omxqJvDy//k=,1465.0
consensus_latency,6fCxvc6dVK6lbrWgUCD2m2Uozh6m4Kdv79ynQZVKiMk=,1465.0
consensus_latency,JU25Qe8VY4HyvPTnff2Sevtvg2dvP3Nlk+Jo4IxRMVY=,1212.0
consensus_latency,MkZHyjJBVuhjY9QGaID1j197sLygMyOAT/+EI9YTq34=,1212.0
consensus_latency,O4Rr4a4I9i+MnVsyckyw2Dg6y9JWrDXjzBrjkNoi9KU=,1212.0
consensus_latency,Q87PrYDAdc+/FI+Kd4yFTOhMwGYw3WyPUdEka9c1cPw=,1212.0
consensus_latency,REiemMdzJMYoGea+HQhFlVRoSF6s3ug3sIqJyuZHJbM=,1212.0
consensus_latency,izHwBjxG6V+neebQqJ9EwmNOXyjKc8KIRZiFr8XrFZA=,1233.0
consensus_latency,3VyqrjJ5REfUr2aXquFYL5g3Ic0CQKIUzLUS9ADfp3A=,1233.0
consensus_latency,+/G1g01p6lbSHIqiienJV0g4ZPWQVEguJss0r2GJ0TA=,1233.0
consensus_latency,/vyETrHrC+ZxXlPGLxhrti0EAaOTzhnkPHpw/28haAw=,1233.0
consensus_latency,k4NfVpOlKxk1qww1uZ9TEZca3NSOvHAb0vSsElIhK/8=,1228.0
consensus_latency,16NjlOOYvPobT8ul9EDq5xpEKQJIpywY2Sg5/onU6fw=,1228.0
consensus_latency,9UTS8paQTSPqIpGRPqsEwYcRgp6mxa6mnq9KFioiXmI=,1228.0
consensus_latency,A+Zmssfd4xtU2km7pMkSBLIuLYGUNHisEwtGPK45dIY=,1229.0
consensus_latency,Cley4KXADAlOdLG9/x+nsLcJeUYDF4hrg6g4WsyqpvA=,1229.0
consensus_latency,QCzxqiwaPoo4j8B4x7laaEQwVS+aM4Ugo9Ep99kjjzI=,1229.0
consensus_latency,b915fxrs63YQcD13LQBD63gTiKdDCnmdzU4Gyba3Nzs=,1229.0
consensus_latency,AE35AjXSE6jPKr5IDiU0vQ52vmv6dkVykLaVq2RZ0fc=,1234.0
consensus_latency,Mb63BtgDI6wnOC/Xx/87MpksM6OF69ZtM3CyFbkYiI0=,1234.0
consensus_latency,NscTUtefP5a7vjoqQhiB1RBMKov8tK+x+RAEiSkaiyg=,1234.0
consensus_latency,hiRwvmHlWU4mQPcBicAhE0Hi1HNQrrqwaw7Sona88W4=,1234.0
consensus_latency,7LUsMi2yden/3AeITkTBypzDBdCq5woi1M/w7hzBxxs=,1234.0
consensus_latency,EbTPvFhE5BuJaj47St+AzzZUgC3jKksXC4tXBR7vVPE=,1235.0
consensus_latency,EwZwtdJtAOsuTBXdRkAQFbHdbIujK3t0M1IpFhzwPDI=,1235.0
consensus_latency,YDWaBFN2wXQqvJLYXAGhBrSkQ7wPf2Ik0PKnoNIVK4E=,1235.0
consensus_latency,rovjzg+ZIQvB5/vbpxrEGn+vwVHcz1pZ3CYI6na6+L4=,1235.0
consensus_latency,AHyZFM4XwkULt4OFDIEVRV39UNLQL/KhpauNLpNsMpw=,1214.0
consensus_latency,CSkUOgamn3tZMfhMOQu0QWXx9gCNxj1mGTrIrnK56G8=,1214.0
consensus_latency,HNOS0kLeMv2/OgHNg2bz7qQdooFmbVtRtPF7UWlYC2E=,1214.0
consensus_latency,ZDo6OeLY4AMitU9tWWvR4RDQmyyCr5ABe324/Ra36Fk=,1214.0
consensus_latency,MzW/30qcuLdDIYGqtQAFsv+1LtOorU66DHTWaXLmgpU=,1231.0
consensus_latency,R6cR6bONuIXKOm/k4pJRqMqiexZPjmjogOknZT2PGjE=,1231.0
consensus_latency,cmWnXO4i6fqGl4tsTnH+od9Xaq6J67sQ5kRfLOcDJQ0=,1231.0
consensus_latency,qqcyKck0cKoSp2R61iXrE72EYNGWqvA1julez5hK2zo=,1231.0
consensus_latency,KdjCrxict8EiDQvx4VtyLTkVAih4fvIhvox+0yHpiHg=,1218.0
consensus_latency,K0fNHutXcTHP0kXZ3e32eazVkm8w/Uf+hyxinO9uEo0=,1218.0
consensus_latency,XRa3pfOiw/72xfS+ToX5nt+kZJ+j/0qA0D2cNFZaDUY=,1218.0
consensus_latency,r6eH12ICDzCr4alAjhA51CzkAj2sCqtezdEjXME17EA=,1218.0
consensus_latency,0w2Lzu473+ju42W3w4N4U1WIWSAZkw3kTEgaLVFKS6Q=,1218.0
consensus_latency,C0c9odAq/wPJC0bQhjSF/eeoKkthSL5jVLOq2PQBZwI=,958.0
consensus_latency,Jd2X9fm05KDVxLij2R6eQZvXoKBTIM9tX5jnGLa3bSw=,957.0
consensus_latency,NAyNGDxmVCZkb1dd0Xxs0wsTo4VVyV35NdJZIsoKH/E=,957.0
consensus_latency,RCrp4zK2iOvOAB9ACRmbeUJMTX/35zmO/rhpNm5uK5c=,957.0
consensus_latency,dDl3lOcznPMwhsIsD0H0VVCF1ujDgNtnjP68QfBf3Zw=,957.0
consensus_latency,dXY1oTTJEr2YuDfEZhm7ZWQQMw61oIcoQrR+Jc/hocA=,957.0
consensus_latency,Egkv/Znk0cnXAM8jnK7uQnh5INAraX0z4y0/Vbc7A9s=,957.0
consensus_latency,MMlCgpcrFpfClsUhI74N9DS6lggOMvtNbiwiXI5f0b8=,957.0
consensus_latency,SkpUbVKU6Nb13hOQQd1Jgni1zWCB2EHEWuzA13pHk/I=,957.0
consensus_latency,diJxUGmqIiUZUBWN7wAVaOJE91G/sPs4HofV0LjgzQY=,957.0
consensus_latency,KQlwWYLW8sDghOl/RtgdBs4Ksm/tOK0pSzjOV5o14U4=,956.0
consensus_latency,dB6406pUwvUf9aJtUvXOQVLmT4+Y5umOVaL7w9yjMUI=,956.0
consensus_latency,lU1rBk6y2fXyyadsZfgBmpdUTm6PUqubMU47CMfDYlY=,956.0
consensus_latency,qrC02Hx0hYxWGpEiTiDr+EdMDCazbV5PG4dMYxVmwiA=,956.0
consensus_latency,svSLiQMb54JtLKlwLeHojU6VfM5c+q0RVvFVMTOfYb4=,956.0
consensus_latency,vzvq31XOOtOuEDSExpogpbWyL0tx2OLYq5OWKu1HfjA=,956.0
consensus_latency,KrK41HpH5e71BO4AHvJm27aiRXJVa0BF4Erjmt2++EM=,956.0
consensus_latency,TAwNSXRnyxQaSWIGqK96rIGsBMwpLeCafguNLCfZB+Y=,956.0
consensus_latency,XMEeBhvRjl7oJj2oGys3clz0IwRgGqzdcNWv74KGHfg=,956.0
consensus_latency,f4/ve0b4x28vywcsbmPaLmx0pXlLuIMRq7OIdM1sYcg=,956.0
consensus_latency,wEJeV2IyxCTCXBNQQO99LWoy+LMzc2bckCma612KVJs=,956.0
consensus_latency,5MMy/dpoqZGoKuCcVbDH0/j1AkbSDOS0bssyUI8I31Q=,956.0
consensus_latency,TZlfu9l2bnKOz9xMdiC5U2H219u8FZr8Pt60gO6tKkA=,955.0
consensus_latency,kP3TxZyp0xwUDuoNpbkp1nsjZiXANosWMRqnSHQ9QmE=,955.0
consensus_latency,lJ5/rzN7AUWZrbKmQvhjXwKzgR/bM/4NfBLgBKhTPYw=,955.0
consensus_latency,2LbK3A4W5HBImP+T3QVemB7ziRpktnVP6xW7klJGPAM=,955.0
consensus_latency,506mlt1si6PbneAFtdpAx8nyw+0g4p3J5scXDykYmIE=,955.0
consensus_latency,/wVE/eH3ey/NDB5QVRn5oY5c+JuGfKZmdMVMjhEt6WM=,955.0
consensus_latency,DU0SjlNV/OYyuniM37aK/jMcph35YIsMDXEQ9PmTp9o=,959.0
consensus_latency,YlD87F5R+TgpNH10lBVb5D+2HO8gefiZo+f1qa7jlMg=,959.0
consensus_latency,0NfDSd7vhZHooWl3rRVQR58BHTOYrSFOQddZWfcfJz0=,959.0
consensus_latency,2UY8FThaYZe/m8xCY085EGQlFrDRUdBIk032iDQkrlE=,959.0
consensus_latency,4LsETCa8vk+MB6umxcsTcg1+xy7ykiWeJaa3tqLOQpw=,959.0
consensus_latency,+PsSawHEC7Cc6d10GPBzrZnhYdVjJZUc+N04p/7ilW8=,959.0
consensus_latency,IeE3d8GDipsId0IEl37EfhLxDmnm/8O2Q99rtg/YhXo=,957.0
consensus_latency,OY3WPz1anJEbzLvXLTRDPsFiyfUmfy77GLcE89EwI/c=,957.0
consensus_latency,kONJryuzvcWY8kmy7ihDKbATLEXDSNLuNocxXurzzKI=,957.0
consensus_latency,p6m65mfqg6I1cf07uJL06/vXBqA5iEjAQSlG8p1hF/Q=,957.0
consensus_latency,6n+zts6hjSbeFY4iJEh2GU6dIxOTqvZbYX8fOwwTKN4=,957.0
consensus_latency,BAYXc5qluWX+LBMOBbQOqn5mB/RongWbyzaL/lP1F0k=,954.0
consensus_latency,IzXiI67h7dts5q/h4Fqo91MaoSoVAgaraNw8nhAeOMw=,954.0
consensus_latency,SVc4uMljFKa5WMz8DSH6mXNbL4xsFbgZUqSaLeQJUY8=,954.0
consensus_latency,dKrjRbO0JONgTu016AXdq7vQniDs8R6plEKCQB7QIgM=,954.0
consensus_latency,umQwmbmKBswlD6afaz2eCiJ5z8YzE6hX7yUNBDwJBn4=,954.0
consensus_latency,ww0qkahF11bRH1qG4MoYgNYSUB7yOOqzIFb475DOQLg=,954.0
consensus_latency,M2ExNM042+j/jJ5M8uCInuT28Z532t3US0xbuKVQs7E=,959.0
consensus_latency,Zg3Ki+VVL8sysZJAAZPyWFfhccu4O0m6IMeSwxogTKs=,959.0
consensus_latency,jEEJSa1aYE9ULl9FKa7ctKAAu4z016jMEFj0Zf5nFGA=,959.0
consensus_latency,nsNITtC0BF3JdUmwk+pAJrBaPI6Lp5q7Q8ueIguF2dc=,959.0
consensus_latency,9Fue2QmKSoHIyypSEdS5BWnu+Yx4tmhgmTqA6rpMpDI=,959.0
consensus_latency,OR1wVWkHzqBGgr4tDRXb1+aVyaYzbxwUXACAaxUiCo4=,695.0
consensus_latency,Q97oXw2PMBwmAiYw0hVZbmkkoMZa3kKEU+bewMolg4o=,695.0
consensus_latency,f3YSE9aNVFnzgMyAa1wylIUj+jeB3O2LeHONnHvD2ng=,695.0
consensus_latency,luQPqakvKiEwjhZppn9A1v7kpK4/KgJEM52a4Tq41Y4=,695.0
consensus_latency,vQzXGrBMHe6Zd6NNWHcI5Vc+iBtAnE3XKIPbjhWmxGQ=,695.0
consensus_latency,0yOSq0Ng7xeru4716plWvEIDc4naPPambFVFOh4pJ28=,695.0
consensus_latency,RwSRnX7OjU7NtPiCvV5eFHSQh7S3xkKRAOWE4RV6LGE=,894.0
consensus_latency,UAmTcyvWDmJ8OR7ziGdJpyvbawI+9qw+XxLQC7yoIlE=,894.0
consensus_latency,zZNeBBp+PCyjk6tQS5EFQLyQhDOPJkjiws+EvSbSaVY=,894.0
consensus_latency,4Pp/m6xg7A7iT8mbGUIT5t5K+5pnFAfMiplV1O55AZY=,894.0
consensus_latency,P1R2ki4+Qu9IXusomggHYf8VSAUD+UJ7wk3M2YhFst8=,916.0
consensus_latency,Zgr8+2/lklnBnwclDGIM0HTrLWmKmZGSb9tlq7RTX/4=,916.0
consensus_latency,p4NAspy+9VkKk/P8hJlQBlx52O+MA6o0jOc4YgFGQHM=,916.0
consensus_latency,/k+Yw42oNN9wSfF4xmvcvZRvpTsgses5smUQS36EvXQ=,916.0
consensus_latency,MbfMKpkY28HQsUEQvKBOXeJNON6Jqbz7LVNi0h/oiHo=,913.0
consensus_latency,Uvc4Qf25JNrDAWLPH3YcoSV/Gqsm7UYK4IFF9Ez8tCc=,913.0
consensus_latency,hvG0v+zmmUT2Ya7pV4qVMrZgSO4T9yOJiWdvhXayJ4k=,913.0
consensus_latency,zQLWIQ6h2HAsYjebeBfqcb98kaLP6/v6dhCEqzG2hw4=,913.0
consensus_latency,DD87T/wxxqYJ1udDIoynFiMohSJU9tD8RjtQjohia2E=,913.0
consensus_latency,gUS6EpFaroOpGuS42RV6xH+9c+6FuBYrmApotFZP6Gc=,913.0
consensus_latency,r4RMTcb560vAp8sS1oG01EcoWA2AIQU2dnJLq09mHTI=,913.0
consensus_latency,1KrUhYFgJDLLIyjxAbBTP9c8qob3huW7T8BIv2dXrLc=,913.0
consensus_latency,T7B9t1v/gLjJlxIMQGqP8PKqm4f1QH6aj1U0iMYa/T0=,918.0
consensus_latency,VOIcGFujDAkSzYLdGjVrT/Ex43Vk++9I1QBERkgDifk=,918.0
consensus_latency,k0PHgWIhTeI+oDABnety3J7mlIUchk5v0O/1O0dNW4I=,918.0
consensus_latency,+jIvkdxn1LqEwgArZ1nTIAn6bx3cgqHeblxns5266BQ=,918.0
consensus_latency,GoJUmcp/z0zvJ7SEaLu2JmmBI8Z7OgN3kHduZw5kFXA=,892.0
consensus_latency,Xk2jQcLS9HPs6BZ4oMJNNqa+7oJ22mYpPCj8KULwaVA=,892.0
consensus_latency,k3GZTIolrWsavHNjPPRe++MHitmrk4YXXrUix7krwAg=,892.0
consensus_latency,wVj0Z+7wKjd/umsOp5JPvJm9cAerhmTF5LjgjfkZtHc=,892.0
consensus_latency,Ocnf+9/+Sa1pWwTowjvegC4nRrZNAAXro/nlYWvyZBE=,912.0
consensus_latency,mhS87y2wGKJRIxxcyGABMcO6Mo+wEboAFZdtIDHLNG0=,912.0
consensus_latency,rU4yQAqdak6u8T2HLAWUz/ny8Cp2YBmaptAmN3t1HUI=,912.0
consensus_latency,tmtTts4c7qunsxuHL82XhT1uvfw0nie9mN7/wReWOIE=,912.0
consensus_latency,IDcHjIRdg2kAmQYbeKiZeo/1TzUqkKvUdlas7xa7VP4=,915.0
consensus_latency,Lk0lOp/Y8jiU0dikJLU08O7h2nKPeq+4r1Mt5zg91L0=,915.0
consensus_latency,VOB9+cpGD3mixknQh61CqzXcSFl9V611ris7UTo6AlM=,915.0
consensus_latency,5H6G5i3cFA2q4WlAhx3pdc624ah/lc5HjgTVylFdnBE=,915.0
consensus_latency,KQGo53kW/HpgyOysz/DlyQ34CV02yJAF1r8i9Hv1I3g=,636.0
consensus_latency,LRFWGaeWS59k+3SMO1DSWZfenpDHq0U5WHfq0ck3YFY=,636.0
consensus_latency,jUAW78HCdi7wAlvSfaMofAEF8tBkJ7yhCaMcPErhWUw=,636.0
consensus_latency,k2QkrtTb2S9KIv9UAph28/4PeuQF3q+oPKBmHxLM1wo=,636.0
consensus_latency,n9Q40X3K31WatOuTt38Z72Snc/LSG/k6gZKxDhyADKU=,636.0
consensus_latency,te41NYjPkDkxqNoX9G4eViE36OiVxv/9v9x3Iw59+uE=,636.0
consensus_latency,SsD8A6wZbTuSkjxvA53oFNQtvCWZSorc35KgJKQS3RE=,638.0
consensus_latency,b5QqOFEfChFJQxm+a3OYC7i9bItd9TbjftPZi78iJI4=,638.0
consensus_latency,t0QPnRkaC90lVupl189h1JImc9VHK5JxpOR/1VRCKzc=,638.0
consensus_latency,1wBJv62Iemr01OWiBSQ9mwSp658oHrnIIUY7lJI8vl0=,638.0
consensus_latency,6XUnalPkBmkRlfMmNIhLaTEpUwyZSx3xoieuEbuyLYE=,638.0
consensus_latency,9wd4eoa6MIfI88FE9HMmLonBQv0FLG37ANUwtOrC/+0=,638.0
consensus_latency,A7f+nqu1WKTo9ZJi/hL0ISpwU25qiTiYtGbJqvkvO2Q=,640.0
consensus_latency,GsGbeqx48+E1X+zU/2LGhbaHMhN28+ubJMmo5hNPmdc=,640.0
consensus_latency,Kv8IQw595lRks7pqKFewuv0WX6cevtZHKDvYMZwLWCQ=,640.0
consensus_latency,aBGVNAFhwuq0YlcXhRLUEflDqyGkasxQ1DBeFnhu80w=,640.0
consensus_latency,vTfta48ubZDVqCQQlh6m+teLyP5DAIDghD4iks0bbpw=,640.0
consensus_latency,BrydNzuwPWIHndueg5O/ozP3k9Kt4wIMMyBj9syCu3E=,636.0
consensus_latency,N29fPuYldHlS14VnNcGt3t89Jligfi2NVSdle9+w0GA=,636.0
consensus_latency,eNpjotEkkIVmkAjzwgiyU+h9c7nhLf/SBQSdpKy3bgE=,636.0
consensus_latency,nRgvl8qMxcMLgEV8DHsBf0aCyRZoBl+BfwDpL0XQ5SA=,636.0
consensus_latency,yrhqMqAMOEPyTkV4HTfxV/teb5njwGnHdX71ulhhpNE=,636.0
consensus_latency,+fCE2G9AKQcZmrcLG+g9aXwO+zuA5fUZRb1AJqTddck=,636.0
consensus_latency,KK733ANodCVz/ft5rPF1RhbgvNmAPMWy/jFw9Wtbhx4=,638.0
consensus_latency,Nw7p2tmkrYb4aeCYjKdd/sHbi2LRBa571fca3PYUWao=,638.0
consensus_latency,YIuWTI4yXPDnJG4VNPZPfkUS7W37aY/k/XUdHmUOztU=,638.0
consensus_latency,xJwzD/NyR7kh6hTGCtpAEFxvHra6g9kGxvlPsxFZ9AU=,638.0
consensus_latency,7X0SHIHIOa153U6PdoPJxEQspv+FwNlsFj+W7/FczyM=,638.0
consensus_latency,B4C17wiv7DLONmYzVmiWGLnavjG0TK0gAIgkidcp89E=,636.0
consensus_latency,Gu9bkqVRE9YPFWdRKKlLo7NDCwBvrl/Sh05RtOvxzxs=,636.0
consensus_latency,m3EWWGlO6W0lufouE+JfU8EZy9LtiAqHkmkfPWkOmWU=,636.0
consensus_latency,8DcGarUbdYUq02Z502Y1zr+ZVrnxu8EvSy1hynszNRs=,636.0
consensus_latency,9ARvahUcCa53d3/J6JQS+dY/n8WzDuN9eda6ND+hGa8=,636.0
consensus_latency,NLwWXiiYjGb4CyA95W1TstgDpEGQg6dG0NrH/ZILcZo=,641.0
consensus_latency,YVl1Sjq+Bat5bgiwxLU+77CbKgnhu7OOFPD0PpHoQu4=,641.0
consensus_latency,hEdPeXy1e/hKcTsVB2JttlZLT4HlZ94gZ3QNZ4jHEK4=,641.0
consensus_latency,poJLKLC7Of3PApuOEXA8HgYWO+9rltA9YW0Q5wiWBnw=,641.0
consensus_latency,vkVCzFy481KESTW/m3Zy6mldkoH5V4VW+lzs3/1m2hY=,641.0
consensus_latency,l5CsrqkHHPMWHKi93PzqgiLUGkzKTukssqHlt3CFb+U=,422.0
consensus_latency,z70BTxi2AOk4SwXwdsmkjtgC12InipR9NGOrIBxeVbI=,422.0
consensus_latency,5DEJcvZDc7NA+uCMm1FapR+75C1Df10S/Z8VAGDtbj4=,422.0
consensus_latency,6GRSGnIy8qewjME7SZPPpWn7IfCeA15CxyY0Ykk+mrY=,422.0
consensus_latency,DtSc2CEdE5iTr8X1fezQm1O9clIgyxZTKfZOUfJ1UmY=,1335.0
consensus_latency,LmmBM2wgAgBl9DD5DRlkuaW6njIVcfPKIAvvE51iJvE=,1335.0
consensus_latency,XG4G2WQJhM8aTT3Y+/PA85vDQt6Wq8AUgHftuKPnj8g=,1335.0
consensus_latency,fqr2zoC1w7hEkuUg3+ycC9IlKY22rF+rPoR9OzMg/TY=,1335.0
consensus_latency,mnjK2F6gHE+1RWygoKVbcieuJDQmq/TBwgdY0GxkTao=,1335.0
consensus_latency,RO+XdazZACcK+iXw3lXWCKdCZDozBaap7Mm78qhqx1g=,1335.0
consensus_latency,fgqhpysEB0CiVoCw8KRZaS3cBPxoG56/hjbLCKJYEro=,1335.0
consensus_latency,vA3H1bnRjoO4NwzyZwgXHpSHNTbvp+cmIYbmxt3w5Pg=,1335.0
consensus_latency,3NnzrzeneH9Q7YKT1asnroAoyE6RZftwy8oTea1fBfo=,1335.0
consensus_latency,kWpGP/+/4Z+1Nv2mQrIVWS3xy/Ku4d1jbrVEFeS1WfY=,1114.0
consensus_latency,vmwH4w2O9gr27M1NGXpig1o3ezslIqAXsZwW76ZY7gU=,1114.0
consensus_latency,v+gghM1tlgU/toTZlGrda6b9ewa7UtsvrStkChOekQc=,1114.0
consensus_latency,6zDIH7Cn0fMUD1bqQLRVOFbvwecDAnbyexPOJY0IyiQ=,1114.0
consensus_latency,FRV27CkoHMLu/TgLomDTGAqtQEVz8wsYfue7KhQ2tZs=,1072.0
consensus_latency,MZIvVrTSbLB9Zf84/kNcqQkQYvaAtIRlN5pW6kt5zMs=,1072.0
consensus_latency,Wv3qHgdilSiQcWIRJh4AJPqBeUoMXTB/K40qr/sTS9c=,1072.0
consensus_latency,bnTc4VQbb0vY0RbDDUpRxAATcYdykMq2DsSec62v3SA=,1072.0
consensus_latency,qmnl1d9VJMlnTwIpIBuQv9Us6t1tvYk4/Comf5DI6yA=,1072.0
consensus_latency,Scak9Udb/NOJHPKGlYULI4hAmACmV+QJSFPxTz+YSo8=,1114.0
consensus_latency,de2XMsogKYT3hGlTkFiV99u02udKhlf1m/lt2iO/1Fw=,1114.0
consensus_latency,ykypJ1Xxz1j0iXFD2mpu+XDge3j1uJbc3ds6W+qarl8=,1114.0
consensus_latency,29VVazIjJqAbOii6+DR7QKDeTdg4+JM5QEl48IOVEjg=,1114.0
consensus_latency,BEvrfJxZOAZ1Gbb+ADiTb5yohfWNZ1eUW9dhsTj9otc=,1070.0
consensus_latency,EXJraTwaPi2YMGracFKOWwt+1NNYuc8dpOYm24CzeHQ=,1070.0
consensus_latency,HS3G3odHXfsmysBRLTDkV/P+dkH1CdSuQ60uYDIBgx8=,1070.0
consensus_latency,hH9DiMjjmUuX4oD6J9DunbEIAGcEdxPBNNccsGjuddg=,1070.0
consensus_latency,62dywfJ+mjeGP6VMIZ/df7qMwdWSU6rc594yh/6OOI4=,1070.0
consensus_latency,P0R5c9u47EaTdEWRANvyqyH3OOTFLjJYk02QtVRjEKU=,1113.0
consensus_latency,lqv7YaWVKcVtVZpAYmcZIqwJ53dPt2699vky59I0nLU=,1114.0
consensus_latency,rTiqdFI8ICesbiPliJFbzU3ftUuzMVoHoYoEfxMDaYk=,1114.0
consensus_latency,1ZZ0NMmX8h+6/qKa/wTzwmCMktSIJiaJ8RFlj0FIFSk=,1114.0
consensus_latency,F3jioF/hvzX5/qZ65k35+tLFInBMwBm3nDDmlAzLWog=,1072.0
consensus_latency,JXH5B71PfidlMyy3oheJJasEJJ5aQopIMs4+3CklYY8=,1071.0
consensus_latency,ob9gpmaHzuSkkVP3VBlSj/sZVSuPIDTV8qziQ+TrO6s=,1071.0
consensus_latency,zkleDQRxYz2G0H1bHvAIHosyx1xxI8GDwg3Ej+NLoHE=,1071.0
consensus_latency,2mh5lu6d8pgRNFh4FTaZAT7+kv4Q7ux50zmEv8nS7q4=,1071.0
consensus_latency,/P7OgZVgkngi2ZbWkFAzpOFXf2cThyX4LS5ccLjmEcM=,1071.0
consensus_latency,OtRTgDamPdfNp22itIrfMCRzATz2Nnx6jCGr/KdHD+0=,1118.0
consensus_latency,QpIeOif33ouNQMqw+eDVz5udvZph1MiptwrUkzZFLBw=,1117.0
consensus_latency,j+/5nlEEhpy3PPqsrF2i9WUoy7KsQhzY/KATUsHZeM0=,1117.0
consensus_latency,uA/3OarDg0cRO6N1Nz4GFyVwDkkxihPm0seZrC331ss=,1117.0
consensus_latency,A0V7WXiaPx7l02KpY7yb1swTGnILavpXERy8rG8QUzg=,1115.0
consensus_latency,dxrCjUwa4lJkNUhj8qHI2hpa7dWD/4+F9oVk1TRR/IU=,1115.0
consensus_latency,srPEYSowFWNtn9TDYljG6iIRciwllxWVvc5B22OTlvI=,1115.0
consensus_latency,tlcyET/hjCe4xrYqqt7OKHbJ/Zfl/aSMbk71W7TAxXo=,1115.0
consensus_latency,D95tzrk1CORkBm/o9z+2wsiXbdrop/i5C80CZbI7Tv4=,821.0
consensus_latency,KN2vs2re0H+o9eLEknAOqlVtHMXQ2Dz9/yCdr2AW0Bc=,821.0
consensus_latency,8Tt2Mc12MQXPzHF8JviK+fn2hLma48lC2THn1rBPj+o=,821.0
consensus_latency,89pKMGJqMkZPIWpARcvqSjNlcFqKNpfTzyIXbynWVJo=,821.0
consensus_latency,/QLqjvQSlID9WMuZPFGRWdwb9+QvJmMoixv3x59UQ7E=,821.0
consensus_latency,Co17DFKPgVH/gIu3OCkMspDxejPHL3L2i5aldP1CCU0=,819.0
consensus_latency,DaoRl4gD5wDAA9I/Xm1I4A8x2LtxhXPEqBiATmhE2Qw=,819.0
consensus_latency,PF54rnFYnNbGeXZ2bb9B6ebBspFyLTBJi2VwU5rreSk=,819.0
consensus_latency,QbKmTOFDq5GwdrNwLA7J1RyB7hmOlHvLScfLJfjs+OM=,819.0
consensus_latency,iU1jC4EFDcZXje6h75y5zXMmexkggo1QPTcwqhVMwFs=,819.0
consensus_latency,EaE6wLtl8yNrtiiULLFuR2vosO32Nv3ML2GX8yqvmFo=,824.0
consensus_latency,EkbkzeaYfLNS8V3HG85D2XhS4q2N7dXA4LqcBGODKh8=,824.0
consensus_latency,XCvcKgmKiw+xulMdp0G1d0XeioQGIjj5ygHZhsFD5Ww=,824.0
consensus_latency,zOQr1U9dLuuE8MRDXi0jU4Btd7/C5ihQbO9WurSEX3c=,824.0
consensus_latency,5pU/DJcPW7nnh8rnsrqlfqA3JUW5th4G7+0B3TyWQRk=,824.0
consensus_latency,EMBAhDCgAswAbfVOLw+ffnJVRHQJwgvBw4AXt24priE=,821.0
consensus_latency,emEjuZeB9CfUxEKk6690OnSc1+GRmGGKrxaIuavAPQM=,821.0
consensus_latency,n2di/4Mg0MsoCC+2TaBwzVwppb9Nq50GBBPzej0MO58=,821.0
consensus_latency,77tI8BRYIXZr/8jZ+SUGoeig9EF23TMvxWTpt8RJw8s=,821.0
consensus_latency,ITZJ3Sz8GCNqedr5qPGn+RVnPJXIxq8XIwuP7KBRZyU=,823.0
consensus_latency,SY8iy4eDax6ckMalL1d1XmgWKUuC0JY8aJC63tpGxuo=,823.0
consensus_latency,WO+1KmqPeUkSCQD8qbFLKiWn7eJzdfSEkAy0KzeJjHM=,823.0
consensus_latency,pUKBTBgPZIe9vdcOZKOF+IF+NoaqjjvmUqpFWgy85vY=,823.0
consensus_latency,plpoSJGq37kjBqPDIZSBSHYFVZNdVe7vhrT07xeAXBM=,823.0
consensus_latency,AaxBJH6xx5mKW7IFKsowSwnuP6T4l+wuuPYHKiTD9FQ=,820.0
consensus_latency,Vn6UTy/VHyGrqlWn+WKejPREcEZYRic3kLjxtARSqDw=,820.0
consensus_latency,Y9tyk4MCkubNajPppLR3579OB1MGC9UpkXbS2KdJgEI=,820.0
consensus_latency,biP+4LyJ8MbQi1KowfkkyxPsqUiuSh0DTyt10w8JlAY=,820.0
consensus_latency,/s2pAoL1iHkS4qBPZejFDDQfR62SLql9yLPj4FtfO1g=,820.0
consensus_latency,TbhQwoJOsLvDzhRZcYXqD8DTXLCh8Ft77BwdFR8hiRU=,821.0
consensus_latency,VjcMEiQ/quov+vMqNOu4mMDQPmZkz9ysWzU4LFhb2Pg=,821.0
consensus_latency,ibpqTlvvnyUn3Mb6MIaz39IVAxoa/1WWFGQb8aHpurM=,821.0
consensus_latency,kiRbGdwghgBI9HFzhnNyjFtKpt62wU9yLmdo7YympJw=,821.0
consensus_latency,mP44rHBMyUK1+WIcXe2mfBd+4fLID+LhJZqdwL92HQg=,820.0
consensus_latency,4UiED3FQz8z4f7CtvPqWxCVvhI/ZoTCCfXOPZ5bRDZs=,820.0
consensus_latency,FPN/5XjPEw2t9Fs8F56kWskkwGPgrIPqF5/u192VeeY=,582.0
consensus_latency,jgoIB/rJesUW+Xgvh3nic3zdeezf9Ma35yi6R1he0ow=,582.0
consensus_latency,n7+1pnJf+lHN/FrokWpO+tRkdqzVyK6NWfu+vWgTpFY=,582.0
consensus_latency,zd1w9XS5NUitIDDb0qkV3RAPtnvjxX7ZOUGWqzBUJzo=,582.0
consensus_latency,Rwru1Y3qLKdwjZEa/k6lfPax9qNtLsNaloavnQxUNRQ=,1340.0
consensus_latency,U0v4SxOp5smnMitmqKnKPJUKv9e6mLGZCqmajhJLU7k=,1340.0
consensus_latency,wLYiQNa+kf1B4mDE2gh6fGlWtxKmE3gzc2AmLJKu/P0=,1340.0
consensus_latency,wXQNze79UHOLVmi2kn9cRE0M+bbw9NK7m63hqqPadPg=,1340.0
consensus_latency,xHPJ1orXdrfmUFy3tgzkZD0GBdrTwp0wyAmtnj3+jHQ=,1340.0
consensus_latency,6+qBoE85tLbufRV9pim+VfinbkzS9jheV1iQHz6gEMY=,1340.0
consensus_latency,E0J4O/zJz1iy2SXbFfIxgm/AT9SeCssRrG+lBFn9lC0=,1340.0
consensus_latency,Rv99QxveILXGgwAYDYbbPXLSMWc3LJN+J1wUc3hQ1wM=,1340.0
consensus_latency,T6WURIWgzl+z2X5m136o/z85XJxW/OYA9rfaKaZvPhQ=,1340.0
consensus_latency,YG2lLkLBLQA733hX0ZD74Cwu+EaQsi4YnmTNHknHwEo=,1340.0
consensus_latency,162GPi+11UI6XJa0Az41fk+JdGy4kJPPb2syMFGxxmo=,1340.0
consensus_latency,85/V4M/6N28r2YU0MsSfhNblQFH+BLZi0KVP7cTU1Ws=,1340.0
consensus_latency,M5XARFiEZ7ZT/nBWZrZVTPdOcxMywIb/5GSBIqDyT6g=,1102.0
consensus_latency,NiqHORiDR3ade39qV3TTmzEzG7V9wk0vonw57Onwng8=,1102.0
consensus_latency,Ub664tdk8YnmRg08+13J/tkHvxdR6gxITFEbCXxqICU=,1102.0
consensus_latency,a1rcCU/CsKKNf7pOJEUQNSmmDYCBijvWh4Gx3cVm7l4=,1102.0
consensus_latency,1UUTM+NoYbf3eYVPu+x4hi1t2HR2TvdRO483CcN1xRo=,1102.0
consensus_latency,9TNl4oN+AsIgaAGvTRXCerYyspH0LMjTnBRh2/i96r4=,1102.0
consensus_latency,J9qcCo/1mN/4xrpEdryofGORVQi4PK1XxoTGHzaVloo=,1100.0
consensus_latency,Nb8qGGsb8SvolNgzqCTXuIhT9d37Oz7odVH20sXEAkw=,1100.0
consensus_latency,QFUzW8koIJHun+8VcUH9r1zFaZUQGIJOaR0CvNaYNUU=,1100.0
consensus_latency,qvE5HZOl7ziezim3zCg6K6YDYkx6Sq2hEXOJvQ2tOp8=,1100.0
consensus_latency,3P0Vh9JY9/yLoDZLxcu/gt1DvOLuO0CfB029Jg6kLrQ=,1100.0
consensus_latency,BFaRwTw+Mz8PgeSqpYwHXOWMJ1wrsBaQwIcQZ9HeKvA=,1102.0
consensus_latency,E7BvQnCYYNg5y7MnhUnfaWeJjLTh5ubgISLJKWhGZeY=,1102.0
consensus_latency,GTlJiWLoTnCOtyC/dijtCvvEWQmxjg2AZbn6E7U9TYI=,1102.0
consensus_latency,ze+3NLddeECWMpw19DTlsjN+BbXhT5AJwM17R+GudC4=,1102.0
consensus_latency,CgPS9+x7ZWtwVcQafg7eOKdpor33qo9BVo5lass7dRM=,1102.0
consensus_latency,HI9xvdJJJrfNszD1zUAFRQoQ7q2u3Y7YPEXgfvDtVko=,1102.0
consensus_latency,mT2mS2sxybkOxOG0dPyIc20OM3Fkp/PnBs7IyZNZDTY=,1102.0
consensus_latency,qdX0ER4+D6N2BMm6STOm6yhQpd72SNYIX49Gf6ambYY=,1102.0
consensus_latency,548fJaf2akWhtf5zZOgdG9QuwZWsAh0TyPLXPuTLFz0=,1102.0
consensus_latency,Hk6++4+XZEOzZmppI4y+ETNHzHF/XL0TAM+Om0W0lI8=,1102.0
consensus_latency,mMtAV/n1JfljwKkxr7X4DPHxZtaaPxKobguxFOk27rk=,1102.0
consensus_latency,qfoSwotX5t0XZ+VK9dVjMZWHBexHmIulwuCtZmXsabM=,1102.0
consensus_latency,03B9rPfdHem4nqNEsoQsZY6Vorun5/bQlbUfARaio8U=,1102.0
consensus_latency,2qGuttRw5oZ+K5UslLc/Q3cdB0rV9+VfSZYLtkO/VhE=,1102.0
consensus_latency,PWIIYl4YW6exigZMZ92S1upVt5cp6sP2HkS/NSfZa84=,1104.0
consensus_latency,qEQ3Ly5U+i2CflFCsL8f1W+VCZIrYrIYwV7GyibCYMs=,1104.0
consensus_latency,uVJ5noTXld8V3DPcoEk0GQV7cqyxlrLO50rj8F8zjys=,1104.0
consensus_latency,vkctwp0OpAzc2vl4LIM7G9AopTHp04cE/AZ4hJdaSjU=,1104.0
consensus_latency,YKmLyUpuywgn8Gj6ew2Hpw7aaHreA27FXPW4YVCbqhQ=,1099.0
consensus_latency,ZbRKmYDQKTS7S9AQJ8EA8CwBWf68RtbrNaGyHBGo65Y=,1099.0
consensus_latency,bSM+g7FC7xpn52KZqCxZs8uIfwY2CCQ9EBdFfPnCHc8=,1099.0
consensus_latency,/iLGS4Mvg7ntjszicupX4cDWif2Qvk7AAoL02ojT1/8=,1099.0
consensus_latency,NdRDtWxWxUHkmFgBIgwP/5mKY1+Lvn/JGS3G+RCu9jg=,1100.0
consensus_latency,RtzFWX4xsLoh61n3yIQfIiB8w6Tam7Ruwnefk1cv4Jo=,1101.0
consensus_latency,bhlgdau9QEOgeM+40A1+83472J/7pp9r4jtRnL0CcwA=,1101.0
consensus_latency,lfVfuw4xFDIqmCeSgD5dlXg+bxA/csycWot8utWc6Ow=,1101.0
consensus_latency,NIicsIRZjOqbC8nJ+zdcp8sAZ+pGkR+Wy+7spwxIwCM=,839.0
consensus_latency,kcHv4q/KO44xKcE8oR3UmYX1GaO3y3XRBel97XDxxsI=,839.0
consensus_latency,p2qHyxuftQsiwK8k6dHugFYldcpz4U/MfjsN6yBBZ/M=,839.0
consensus_latency,sAF/jSXi5kvbj/10JoAq+QSxQFWKN1VPiSsqs7FOV0w=,839.0
consensus_latency,9+MxWG5Sr2kpJmQTyRLTurFVa1LBe3kOGcfhR58+PtY=,839.0
consensus_latency,G6YqOKy0+F7mZprBGU6YGbk8G7j99PMeK0BvMUq5SeA=,837.0
consensus_latency,LQf0QBEp57YfGFQgWmsFPMfe7xSfzropxXiEoQi13VI=,837.0
consensus_latency,WRAHpfrOBkRvRnzfaM4AiUuQYKSKxlFAUi58/+zArmU=,837.0
consensus_latency,bO9vc4iZ7SUgdc0FyYMOpck5cM1MZbks+Sim2yksGR4=,837.0
consensus_latency,inHpShV+35ntqbYfn4wIeo7ScfLAOwBCqlYjaz3rHig=,837.0
consensus_latency,jox8qPJno1i7MEj8P3bQv6N0dtdsoGVIYbPAv4G2VrQ=,837.0
consensus_latency,bQe83iP3YMuCIqlpfTIGxONF5KoarJpwx+YBIWZA88g=,836.0
consensus_latency,i8P1P9+M4qEEZlorvykHWr2SuxpEsNQr18NhqcvVv1o=,836.0
consensus_latency,lp6pfWmi02yA0/Y0scwZhfIPqtOvyo4x96WpcIO/PtE=,836.0
consensus_latency,yH8j57KRKLHiaJA8B/+HR/b5UqiIh4LsabVHGnCt/y4=,836.0
consensus_latency,ycj0GPvdonP12QGWzed+3pv2h0v/wNLr64N2jTvAdDs=,836.0
consensus_latency,8DUrEWo/zpgGwH2sC7nBxPsRBnnJhIpopOSvYETIze4=,836.0
consensus_latency,DHcdwYj22Z9/U7nCCysKGik6tRdZcc0VW98bs29u6uY=,835.0
consensus_latency,ECr9t/MSQmM06U1DsQKEd4h7zkt8mR4Ojk897Ij7uN4=,835.0
consensus_latency,IAyDs7aO0d85fG9k9klXv5dN0HUy8scSMkRk2adFLoM=,835.0
consensus_latency,N8B8Vs4DqaVXkf0N6EeYb5pDMg4XGR4jD/BOibXBhYk=,835.0
consensus_latency,w178D2YShTdlb2x8do4fdQUTW9zLbJsGO6Kz0iLJrDM=,835.0
consensus_latency,L/4FPxbJb6ZfgU07UiXF+s4HKzx0V9P64f/bd6XuitE=,838.0
consensus_latency,U9U9GAZayQaQ5kxE11VrlepCNRYaHqc1RO1hc8mx85Q=,838.0
consensus_latency,VG7C8knziKM/maTAlpQlH0/nlz8QHNL99EQdLld8JRY=,838.0
consensus_latency,pzIN+AzP3i1g1U2t4cSBLtme1ROck3UwNIx0iiqo8DQ=,838.0
consensus_latency,Dts1IpiR/NMt/apzCeGqXKZdyGw3c+9GLdeBIjKH/AU=,836.0
consensus_latency,IxLjJmsXGUuYfdXrc/EdbE3UDgyaIWfDpVF7TZMKDvc=,836.0
consensus_latency,MyEbdeRF942hUeE15FI6H1FLPZQ7eGjFvQUZAv7fRfQ=,836.0
consensus_latency,nmHeMZVc1kX1Fr8do69mxIrQaSqnLnJRXpaVt16RhVU=,836.0
consensus_latency,qQxp16P0FwQP42QD2VXv77rIGVtNkFoGex7tU+3T75U=,836.0
consensus_latency,IBgfD1Z1XIPg3wIKFcxjDJOyRiHDN6CxFbGHfafs3Rk=,836.0
consensus_latency,IrFdLTmoFbQrIxBT+CkSO05697qjoDnuOwJa8HIsfoU=,836.0
consensus_latency,RsQiwqkbAaNqroHjwZyJrGQNxKRrphvizMJhgnaIZbk=,836.0
consensus_latency,b+a3PDX8ew02twFAZlyE+A67yiTS629Ft1AnPoQIKP0=,836.0
consensus_latency,pah8chlY8ShoPBJ+wdcOQcqEGaYIZ/sPuVa+0YlvEL4=,836.0
consensus_latency,G+Aw9evvn8sk+sBwOQpfM7jv/EF4JU06kfA2MixaMpU=,589.0
consensus_latency,Ktdv3t6cT7vGY0iaum56f9Z9AhgOPUSsir/FF52P4qs=,589.0
consensus_latency,ZX6shBlk21GJfgOlNvFH4wDnMahRgn6oibw5IIOb81E=,589.0
consensus_latency,bgvH0grAPbP6s8VsoLLxn+5cL42dWpzXtsMIf0he6aw=,589.0
consensus_latency,4KqB7Tv/6dC+X1VSSW02pUWoe64eYxp8R954qfvIs8o=,588.0
consensus_latency,Znfm+myfWpbJoI/qberVWjhzDPUROab3EKXnEJPQNiE=,2189.0
consensus_latency,f8cgYBnpZsoiZ4KYxiKbo2yGByZGY4VEIcG8t82W7L8=,2189.0
consensus_latency,nqDP2X1MCWds1e23jTQrMq+6bVtocxLCaMG92u4CPZM=,2189.0
consensus_latency,qTeJzmWyE7HqN9N1ySBZuWx8Z12Eavz3pRF55xJwKNM=,2189.0
consensus_latency,uueppjykdpmtxV/aBIySe4fCmLUuphudrTXynMiHRx4=,2189.0
consensus_latency,u8uUvkmOO4XMe6gPtQ3hFYFAkFVp11mljBRPec1ZfMU=,2189.0
consensus_latency,zHgzJhb07Y/iWSRk5sz+yvLheaT9sSfYBZOrjZSU0uk=,2189.0
consensus_latency,VQcR9H6whVslZH2Zze4ZahIfsPoZtp7dQ2B+uWJPxoc=,2001.0
consensus_latency,XtIjpXjTiy208O6qmZQjZXNpuNZ5J6EyEdMxmnay1MQ=,2001.0
consensus_latency,mzROqOVaqdj6UrP6CMgdvhiXwJtj8BM7oTnwB+oLk/g=,2001.0
consensus_latency,4QABzYLTZ++quN9TxgRjeByq29/mmLrQ17jlndJOvPM=,2001.0
consensus_latency,+pC6lLbrOJ2O08GaOjEa12uKMZWac0+I+pTRxocy2w8=,2001.0
consensus_latency,/LKlgFrtPP3K9zTVmLo6Q8j6TNmcOV8off6nTHmKf2I=,2001.0
consensus_latency,LNPdKkwulM07a0Js2c+hsVWJ95VhyGbuhqo9cfIfC3I=,1997.0
consensus_latency,QK7DjcaTfHSAiskVGQvNb913+AdlnFyINdCJ4U9FxXw=,1997.0
consensus_latency,kMexMc3R0Or7BcTMF4BIxSV28y+n4xRuwH6dgKSrtOY=,1997.0
consensus_latency,ln171w2nP6jOdBxQX9nT5O1tOyua3Dy3/5OPFx6ZldA=,1997.0
consensus_latency,qIOU0TpoJlpEP7jy8UQ2uiPZGB+cf+sePdVUFekRM6M=,1997.0
consensus_latency,C1ONYtUzYROfcXQQjpoMKbNSyeMvzcEu8AZwILbTAlA=,1735.0
consensus_latency,Xpvp0LC2Q94H0LIQEs1fkj72Mwsla17lWgcXDu2+uG0=,1706.0
consensus_latency,f1GOY81lk+Xu75anpxXMYY409xYT1+67Yk3Uhs7qqEw=,1707.0
consensus_latency,jGB66eQhmdXjrMAknVWDbFifdUiw4t80eSNIJUti6lk=,1707.0
consensus_latency,20A5OK2wEPk3qR33nbE0AT3q1Tg1r+Yts899+9is3QE=,1707.0
consensus_latency,7XTvNt+Pu4Z3bUgDNplocmqD4Dbl2V9KAVgPtsGyfBU=,1707.0
consensus_latency,KoV9V2tJAbLLIVHBS0MScC3qkrRzMhdd2axATnarV9s=,1746.0
consensus_latency,UfNgYUSXdURe+NO6LC3zJA9kp1Zs1S0XjwISfTyTvq0=,1746.0
consensus_latency,tdyfCn5bHL0HuUbGTXtt96EeEAZn0GuQ8elSxKdGZno=,1746.0
consensus_latency,9JimznC01QL5+fz+iQZBeuZ+lykLTUmdBT4y14zRVgU=,1746.0
consensus_latency,LrQCasWzIws7Mq9O2P1dXADanW4Nn4UPsKS45PrnUl8=,1746.0
consensus_latency,gqLBHOxjWv0RdSoScMil7hvN5P1pumM2x/nkS5S3qcI=,1746.0
consensus_latency,jKKiTExA47i35jtyJApiwAJYbBwmipZ02mh7sPoxrXg=,1746.0
consensus_latency,85ZFIgcYEEK5ciA8wFvOANBJL1F+iyMdrPkAarVVVgs=,1746.0
consensus_latency,Dud83skw5CM53SGPpoQ8X2f3V21Y1KDNOsMhiZSBq/k=,1746.0
consensus_latency,YD6Xypr5iGZpNBC/jIAY7o+e3L+uTegwED/7BsYvC3U=,1746.0
consensus_latency,ndMcUxLn8jd609NZbgn+i4Xf66xD4uW44cOmAgBb75Q=,1746.0
consensus_latency,unA5qjaTkpjSThtdC7Mv3d2MEylXEFrBMsgeK7j2IpE=,1746.0
consensus_latency,yRtcerg52bh6AKYm4alvz9qmB8NpttowyLLaOyRPTwk=,1746.0
consensus_latency,G3aBCu1YhOsjLB0j/6Fic2VILBi2HEAVp63wPFHGcU4=,1738.0
consensus_latency,MkFIl9kxcoq2cOj5UxkfdAr6tGrS/nPbR0+WF9EgIt0=,1738.0
consensus_latency,y7lp/ScTWvTTtvrivDHqyXRPnZbcDzSrInlos6fQL0I=,1738.0
consensus_latency,9Ev1n5xj9sgJMK6stQkc5EyIKNzFAPO+pnCMvcExFdk=,1738.0
consensus_latency,+jP5AMXM8TuOx4wsoPqysyFou6q0n1P79K8jMoHQoZQ=,1738.0
consensus_latency,BkUjALFaQdoRDpINXTyAsFXz/ka3B8JsIuQ6KkHu1XU=,1743.0
consensus_latency,Cg2uMxguUUSl3/zljvKWD98Qm6BrHO/GjFhTuUe1pls=,1743.0
consensus_latency,H/bjkgfuuRrd0GVpxA8ZS8s7hp9nnW53ZoIeHJa6vow=,1743.0
consensus_latency,uUh/EbkyEj28PLebshan4L/Kz22JcQ1qwty3yx3XcCs=,1743.0
consensus_latency,WamQf9vohA4eQfRHdpuRxSFA1GMvod4tQd/Be30XgfU=,1713.0
consensus_latency,qwY3DwU13YBwlPrfS6fd8HHOsGFN2Ot+Yg0UVI3juyo=,1713.0
consensus_latency,vpYYMqkGfYmtjGTCWBHV9QVWV/YA7jitd3KK2Is+89s=,1713.0
consensus_latency,xKf7QqDfKddWXXlya6ui5ehZtPenmm9eSbiYgE11C9Q=,1713.0
consensus_latency,BsWSAQmj08+/KyFeRO/Cd/Ngcp/APINyhGPxseoeAj4=,1744.0
consensus_latency,V6qr5q2mqniKLMMJtAdTsdyY30bDJ4jfUNPqk8K3cpI=,1744.0
consensus_latency,of/aNF4X1WyVgiAcIV0ItUr3GueX5+Fo9NVjtnfElr0=,1744.0
consensus_latency,+mnUzpInLbFyE1xoLusUxkUXxmdFblhHecjMwZcTJYg=,1744.0
consensus_latency,JS7gdDeM7ipd/nsbcfkOB/Nm17X4Iwa9MztXjpPJrco=,1469.0
consensus_latency,Rod4Wex8+a5v5tU8CB3OiiDzCOaL3wjg6SF3QMkV75w=,1469.0
consensus_latency,SKLALuacKU6adhQF2WdjzKDTioySSzK1EkzGsSSheu4=,1469.0
consensus_latency,Sp3BmYQaSHmFAmo4aZFAmBSD9Q+n3Cx6diES4+iJZ7Y=,1469.0
consensus_latency,YgMW5+RwepyPZXGGBi+uBP10eb7ESwRpceqgmUPTM84=,1469.0
consensus_latency,if3D5I42k1wdhwu2AAnuyTUhh7tFrMwxv++FbZWnKUQ=,1469.0
consensus_latency,Epwuow5Mx9nzrhfxKm+8UkwZmcamh4IICghDz/wYybM=,1469.0
consensus_latency,FQOJ2n1HkcVHRr6BW3duw+FANpD3iKi984SZdgphrzg=,1469.0
consensus_latency,PsGbSTJo3RbRWvkZBc3zS/tCWfIxtqRXtdSP6xSD/2I=,1469.0
consensus_latency,acC+C7QT5ZvyG68uDoSixUmFjzgaFQKIH/V1muiBP7A=,1469.0
consensus_latency,6mPwEsKa6ZvLIYKwb1ez44TlPSTF+iKY9IIXwoWdjZM=,1470.0
consensus_latency,8YN3hdwef3twAi18MDI5hku6f7dyAotEMn9QvlB9USc=,1470.0
consensus_latency,D7h5HSHdKGTH6+C7czyLLxYsKrODOMGVm8Rca3yjR0o=,1474.0
consensus_latency,Un/BqNjIz6Vbaqb08nU+/jLJOcQ7TQsZtDH3D8Ux/+Q=,1474.0
consensus_latency,gVy0aIaEco+Cm4lcpb5Ae5WTH4Czz7TBmgqdZ32ZGik=,1474.0
consensus_latency,uiA0JheIETsEdQ9j2vM+1mjE/6s0EW549Y+V+FFMCcw=,1474.0
consensus_latency,Eu0V5yhyTBRWg5gQnfZrjanH2DdBvocOblqCpg8K3Lg=,1476.0
consensus_latency,iK/3i7xNTzhzTsWA/nviUP0DLKBbjh88JKuUe3TAJsI=,1475.0
consensus_latency,rw+R0QnBLpLsl98GttTFhzNN5xGSv+aelqCnw0k647Y=,1475.0
consensus_latency,83rNagwyQlC91GgCrpKzadN1KLjpQhy2xRNopgRQ3QY=,1475.0
consensus_latency,YQcWo6K5zKfxcV6JigA1HkjGMcy/VAGZ+plTaNQ2ZoQ=,1472.0
consensus_latency,jqTx4fypNc86zpgBm5k/+ZR0LySaHc2Ui+aDvjBlhZQ=,1472.0
consensus_latency,l4rcm6jR2S/SNJfDBtjN7NaNUJeq9YJBhUbOCcNP7OA=,1472.0
consensus_latency,r1ZEEAVWwPQTTGlBbTcBVUW7f93DU1TMhYckmpQlbNM=,1472.0
consensus_latency,AhGQJn7lHgAEOy4paCeA5pvRiBFSKVMpxGAL3kaFqO4=,1469.0
consensus_latency,ONueQlawBk59qXQdcsy1CCunHrlpKodsXqhSsp8zu1I=,1469.0
consensus_latency,QlWljf1VuEzdqhm3g/ofDoWuaACgFtqNvCd46pSUBSg=,1469.0
consensus_latency,TCGUodofiyRkn4t5Ik9SgBIQiPfekBvTKdQVETztJNg=,1469.0
consensus_latency,WWWm+PsXSgQGlGVACJVeXDKExtfi78WRLWzi7VZKpEU=,1469.0
consensus_latency,osS/pErvusnYGRJXq3nTR5PSpfRciMF+VKiH/ywxeko=,1469.0
consensus_latency,Mujxk4Qm+xFBSbjGjbbZ3PCl6yIXvEfWqm2v7BUmP0A=,1474.0
consensus_latency,TWnzlgM3Pi+sHADOv96VkS9wk+TRVZZv4EgJm+eFp4k=,1474.0
consensus_latency,cdt4hwdX/QkZ4BCuJUIihUAT75UhmuOofUJAIGxuusQ=,1474.0
consensus_latency,x6Pk66dotNG4A0GTaA4Mux7PvbDnggxlwHMxLy3OWaU=,1474.0
consensus_latency,90GDP1pgd7LytlDBsD3Fc8Ww9Jr5xLeD5qRUscAAj24=,1474.0
consensus_latency,Kf6CBMrkDxPSdAgfa/zQEmB2LMRk7NGSsaNTQMGjDP4=,1470.0
consensus_latency,MSRQHIQpmwadmfJ10H3cusMPaeKubOI75ttFPUCbMRw=,1470.0
consensus_latency,jjADWi0m8OzLQ0lxjWoMvj6iN5RQ6EHQ/Z0kJSenJOc=,1470.0
consensus_latency,pjwVxBCWrQzDiWZCkO5KR98/OtJwHef6gs8NcnRa2zY=,1470.0
consensus_latency,3BuKETQyc5PYokxPGpQr5X4XxXJYz7Im69+RCAZgQQs=,1470.0
consensus_latency,BVr69469YiooHlV4P67R46+paQfJtoIXyKORXz2czyk=,1469.0
consensus_latency,KdYeHrEWpQ8hC55Bg7Tg1aU3aM0CzfgHVCM4lbutiiA=,1469.0
consensus_latency,PuYghno/VESsyi8j+BudrXxg8zP67EPZ3Vv1zTkvupQ=,1469.0
consensus_latency,Z5SmYwNX7+pO6B7SQq+kfFVBnMiEOO99Up3SyGuKHlg=,1469.0
consensus_latency,ifFRRZ1t4z7ZYAkKznnb9NmSo6TMEdHXAYwEhK2hbXE=,1469.0
consensus_latency,D6ikjFJdRiXp39K22ipWR+s+1LrXqlNyKit4wetQlH8=,1140.0
consensus_latency,MFFcBbYCoU4e3+3gL8WlmsE/xhXBlj+PBTqQIvi6UQI=,1139.0
consensus_latency,P1FNUSdAnjfoSn3I3jANE+dBetQKf2j331iyoGeXNP4=,1139.0
consensus_latency,W4mFkRVXpCVOb/VH0e0V9Ndy9Ne+sA1+e+1lda21Ul4=,1139.0
consensus_latency,YrrgrVEmXDYq++FgPi4VKYzc4mer9bV6nK8ib3jAeJY=,1139.0
consensus_latency,c9Tg5dQcKVuVwDPPazk0gxmQXU2+/9YzF+0XniRrGTQ=,1139.0
consensus_latency,h7g3igGyhkvgWCcroa4VIlnP/h9bhf3tBR/5iBUn38s=,1139.0
consensus_latency,7+EV2ZmPDgCg52fJCzNH/hlHVbFmh5HMa+Ny9gzlBhw=,1139.0
consensus_latency,G7Y3JXDv+lesCU3GpSQY8RgHFLgwessFQmnSTu1qAQ8=,1209.0
consensus_latency,QdtAsGohvmH3TCaudLMKKgCdn9/Aqe+d/Qmo1/sYw+A=,1209.0
consensus_latency,Rz1hYc96RfWs6qZ8OURAn5DlU80lwHWsZa46x3QWSLc=,1209.0
consensus_latency,lXrV193deuTO2hZ4Ygnjgl0ruvM6RWWSeqBOPyLeIJ0=,1209.0
consensus_latency,rQvS+D2dpdhsjovlBKNQzaZA4rSuHZDoGZ17M06RttE=,1209.0
consensus_latency,HUdBh43ftE18z5p7Bo5cHqv9oouvF1cNmdk/6JypfVk=,1252.0
consensus_latency,lh9Cc/3+kaZ9h5nlByVp+NGxqWRvd11KAaZ0VAR1rO0=,1252.0
consensus_latency,lqgXmpj/eEMVt+zbx7IVZkONQFYcQhZBJaAdQS0natw=,1252.0
consensus_latency,ph0wJq9NS21XVwiNStHf+s8z/l3Ej30LBCFYoXvnHhw=,1252.0
consensus_latency,yZqHOOJrGu90hOugzlPP2k2iNyfxn7MCuiNw/y08Cz8=,1252.0
consensus_latency,X2EV3S1ol42zULxY7Qsg07YEcdLsRw3E0Af9H4nvw70=,1254.0
consensus_latency,iTxPaoKu/cNbcyyhSzjjvKpCl3xo84dIBJvcHF+Vm5o=,1254.0
consensus_latency,sYu47hwtlr/boNA767s4yEJQMu5uAFETJChWM0br46A=,1254.0
consensus_latency,QwQJwxD5CLu6D/Oeup0q4xKz/6qb/nBF0NacNQDbSgU=,1208.0
consensus_latency,xySxBMqN4JPSEEBET15Uoc9K3k918gqUtMPyJ6JT6j8=,1208.0
consensus_latency,0OpmZwAT0fZA0MqSFGaDVTAYvJ5L/yA0Dp5fmoX5PoA=,1208.0
consensus_latency,+YGyKOV+GM9/6bJLd+PQx7RaCnE/0rUTRQsB8KQdQ7w=,1208.0
consensus_latency,KLhdkhLDU8pBV2rZLbnr4mrqgAfQXQW6tzFDCFmG3DI=,1252.0
consensus_latency,eaEJDNeP+qKgYuN0vlwkZiRdxgiKrZXoZ3sMrQRo73A=,1252.0
consensus_latency,fd4bxNNPnNH69xiP/A0LqpOsxM66C+Mo4ozbD0bURg0=,1252.0
consensus_latency,pUNH4LP24Zck/I/YHFRnQe8aJm7pmbzUm9VCWEqVstI=,1252.0
consensus_latency,F6kiD3xF/ZM4NHJUw8BA4G3QLmy/9peJHvSGd0F6RjU=,1210.0
consensus_latency,SBuL3nsIB8kaS+uzVh90nTuqbTFFgELN/u7KvHV7FXk=,1210.0
consensus_latency,TL0YW11yJQvLO95UaQuDPVplOKfAFIHvMEfS1d11FgQ=,1210.0
consensus_latency,tFAVWdkfiUwbRadYI8rrLYNLRNJ/ZvoPz50FwjuIVIk=,1210.0
consensus_latency,9XykV+Y+uJNR4WEAS5BVFN/QwJ5YShDislpxxqoDUA4=,1210.0
consensus_latency,HwNnIn8Sn5y8ujKBRUMNZVY57WvaCm5foipnzoeGOeU=,1250.0
consensus_latency,QH5Vzh9Wtke6zBJpb5+Rb8vKYQ0ogQkqIZFwTdp38LY=,1250.0
consensus_latency,mVJH3lelLcdmtglBihreBwmINAnSGD4GUqztZRx/63U=,1250.0
consensus_latency,0JDwr91fW4iQekhqaeo5eEmszfF+WuY4iAN8hG1OQsQ=,1250.0
consensus_latency,M6IgNcfV69H6rYsUL4UtXOLNbNygk4QPtsQckPflios=,1250.0
consensus_latency,P1YN7w0S6599eQQGWK4PdgRL52ZeVwtRiCVSPK5ufpw=,1250.0
consensus_latency,xXwxiKszKJX0ZniCqTfKvdDEn97mR2fCm5Mp5PtQP0I=,1250.0
consensus_latency,697Dq6PnYaMy0ecXtykxLmjTz7R755kC/74U6ccq9zw=,1250.0
consensus_latency,KODnKhH4Lp/d/Ob0CyG+8Ou7b57iCKVtg7tZLXu2x1g=,1250.0
consensus_latency,M96UL4QGrqYG5LyHXN2I1IBwyl+rtIcWTC+WFWDC+yU=,1250.0
consensus_latency,2ySEyzXr+ZLSYao71LJ75eeP7HORBfnOJuyuHhl/4Cc=,1250.0
consensus_latency,7Cu9aOJgGN5ivh1N5EB0b1cMDGnsEK48OqUmczhjvtI=,1250.0
consensus_latency,CpjCc0f77IyKNFpymcBln1s2mIYCnebdsNqMSOMRc7Q=,958.0
consensus_latency,MohhMTIPBe7Rz8cZXmOZpK0pBR8FwM73fwfKeSuvKXo=,958.0
consensus_latency,Tmda5zTaEaTusS1VafyCzE6JtIR/6NcAJu1pTjucCeI=,958.0
consensus_latency,Uj5twtFVChf/gQzrUmE8LJL5DuelKL/WnpW/62hEcro=,958.0
consensus_latency,Wl1AIBOTWMYvYyZle+cRnXvKqlW6ApirJ7ufm4E3pCI=,958.0
consensus_latency,YPUEj3ShA2Fy3s6R2tgZbE6RcAWJWFX2MIU3+iCM0kk=,958.0
consensus_latency,BrgOs2SmJn6D9si1FLYKLomfPVkSqLZpKIODLMP41IQ=,960.0
consensus_latency,DWyomikezHb9kSpjsD0ongVfJ2vbimNDmjYflFwtyig=,960.0
consensus_latency,FODuK+r/VBT4enazcGLzUVzCfBXE7o1naLVZz5GcP8Q=,960.0
consensus_latency,Lyt9ovhB5BdpUWsahVjAglxv9Q7+h4iM85HeGJ6PpEE=,960.0
consensus_latency,T59qQ/QRRouO9613dvPBRYfRxX9cqm/yKc2gvKHobvU=,960.0
consensus_latency,CV/64O6A4KHoRA7a7BZiZd8tDxRqLSIoWktYpmxKJIM=,963.0
consensus_latency,Gr4pnwTHl9fZpvvdd61wG3BizsxcxcDeVg5J1ntHwq4=,963.0
consensus_latency,XxHjh5H5/sjPb0xtUGtGFgp+cQ7KqA+sy16E8EFpyeM=,963.0
consensus_latency,ghA8qG+TdJw5L/QOEeitkUSXEjvWitxaZhpX294WKOU=,963.0
consensus_latency,qyjtYs0jRWw+K/Ghj0TXKT3/jSxhhF308f4uQBFvKmI=,963.0
consensus_latency,dVCYKrPkBEd/jnKNL1vIA8YtOv0REvvw2JRoy2dYzIs=,956.0
consensus_latency,fTInQAXbMZVzcEGILO07mYdDg8IRGB5UItix3H02+ic=,956.0
consensus_latency,lmXpl3ul/fmlFQLT/sNbrK8pJjKz75Q7UnkUy7hTVIo=,956.0
consensus_latency,n25YYZ7j+gGFbERNz6QoK2qfetdsOhEB3gr32Q6jN3s=,956.0
consensus_latency,pOn/zzRKpgifLjBVNZk43Uc1NBNfVpwV7MBVbPbY7Cc=,956.0
consensus_latency,1YeU+AqwNobtXyD6x6DPzfwRpNllJhHZNAXNj3FMuHo=,956.0
consensus_latency,IGcmJXlE71WGBMLG759btmiuH9rS8JbibJZcdrxlC9I=,958.0
consensus_latency,Sf4dTvYXSFX0/qSd00ND/mjheqUvTXuBOBkuqMcPxY8=,958.0
consensus_latency,erat5WTmxc1R9UQNJi9MjAN+hc3oSkFSBp5TM0fbvN8=,958.0
consensus_latency,mC1sWH89ulapMG5SioWBi9raKRQbBgX9vw84LtwmYtM=,959.0
consensus_latency,1dAaSs//o5zcmQvXyjfWZSCj7Zub7Rlx9XNUmc9WgpM=,959.0
consensus_latency,3xTERVs9GLnpMdCJEjXKAapBpBUj7FYF4AEOn2P4m9k=,959.0
consensus_latency,YCiPOW07WQOe7nlpWDLYRpGfIxHOnBiYbuEC7SO742s=,958.0
consensus_latency,f+frgQrzWN+iNCMDPQDska4igoTNbq5KuB4Q3RENVYQ=,958.0
consensus_latency,gVY3PA8tmEjVDXBDMLlZZ2w7Lq211Rzjh/6aA90GgeY=,958.0
consensus_latency,1Ta2OCCpiWI7zm1KdR5flsY3NU858VQVFgGNcoIHbBE=,958.0
consensus_latency,3LZB+5VNhMnqGEE/XapOnn+vnyWwIalk4YHoVkLRRkc=,958.0
consensus_latency,YvVw2ro+JUeaOqPMXjakNGsy4c2oTaXTOlm/W4owUcg=,960.0
consensus_latency,d78fJ9uBMXf7ODvj0ZKHlz6dGErF5/CbmYIyOdcgNL8=,959.0
consensus_latency,qcmryjD88wN0M+BRJ5aC6tcYIN7XabAfr7hz9hhVZZk=,959.0
consensus_latency,q9PsZ5PR/7I1iysRdasz0m/ni9hEZLnpaz8oajm525o=,959.0
consensus_latency,AQ9ClJtESwPbZb5HiUK+DrQwotEKjSAed2jdZdxEiCs=,958.0
consensus_latency,N+SXwip5b7H5qQg3Hc2AQ6/oEMJOQd+qCMDINUTZVJ4=,958.0
consensus_latency,cwtf+dYeONI5kV48Cp2sSX1HEqXlfThFXMbKJiwHJAM=,958.0
consensus_latency,jT3hcdZRk6hfnKNHaEY+TIQO8/mugZz9iQEwXut2qfY=,958.0
consensus_latency,2qwYOGM/2/MlLv5JLUzOE/7FZOueJ0s8vP1JKTykzqQ=,958.0
consensus_latency,8ebXE+UOLOSlsDmOG4KyNmlpGpqTPldyqN6MLmrX8bM=,958.0
consensus_latency,FIgugzfgw2JdLCbMu+YHksjqPsyX4BXWLXw/uNQEf4c=,960.0
consensus_latency,pz0wBqfU6MtFPgLmtgjTH4X1zprSEZVAjnTKWtjsv08=,960.0
consensus_latency,sUowCzLaDxTvaVqh9SOX0+pvwFu9djK4m/6r0AKwYlQ=,960.0
consensus_latency,09AtrouRBpHoMEc0haJ/bEWaVrpwTsJfzikYwbbFXtc=,960.0
consensus_latency,4aVorBaLWOVkMuA8NChhP6RztBA2w2QJl1jcM/yIT1s=,960.0
consensus_latency,8Wta8/0bVUhmPcUzWnL2QwQL4pjf2EWm076NrtfQPII=,960.0
consensus_latency,HQPIZGf4zeITWeL1PHY8cezL1Y4ONBzcsNap7stHUwE=,700.0
consensus_latency,J90hzAFjVRlxDm3XucpG1ZtjjHAQYwdQg4XFdKa0W4c=,700.0
consensus_latency,gS58EBdTcHNoqx+BqgD49cCrQPtizlI1IGagQ8A7kMY=,700.0
consensus_latency,lBNwNTP53vXvhhHbLTd+HaKdHmA5JG91fgGBlH55AJU=,700.0
consensus_latency,xXL82f1nAZbQcQT77euijLynYDhI0C0AKLtaE5X6/2U=,700.0
consensus_latency,33xoglFs/i6wj7wFd+PrJwqUrjVd+Ne3UD/agKo1IEo=,700.0
consensus_latency,LP4rsSzIrwwKmA0rov0fDsJbahcCP0dAidVUEHtU8FE=,932.0
consensus_latency,MLIvWAGFjUfU/tAJuZ8OGrfh1zhxvM5aA538plYzOl8=,932.0
consensus_latency,Yf2kPDBAl3cYz9RfdEQQpyRZEAaNJ+OHe+AT2aZ4duI=,932.0
consensus_latency,ytenJ4/SPbGbZ8HfGWgEEaDO38AjrIv7gP9YXD/BhQc=,932.0
consensus_latency,PWamvKKZ8dCbFIDroqopKlyPhXTvI3bYeuQNt/Upew8=,925.0
consensus_latency,f6VfIrdGRuscT8w/8XGgw+V1l4JWu39FdDZNWgX2eJk=,925.0
consensus_latency,rsfC2ETW9tu5u31Qxe/6Oz3WPEcE+l/xg+MnVTgWx0U=,924.0
consensus_latency,5PzXjaYmNXjwpmsynyHC2i3bL6Y9Df94/unCvMdTcMo=,924.0
consensus_latency,RPcGFY1ryqWb/5z6UH7ZwZzY9LMtz8LuQ7EK6WsUFbE=,926.0
consensus_latency,WWbZK4D+j4es/02gxeAN6KuOSxqxckkhzV6udzZfLyI=,926.0
consensus_latency,Xlo6XZqyERJ39XrwQCRkT0ba3PjJ8i/isYPVUTy96SU=,926.0
consensus_latency,oJ2IzG4/ybyolX1cfUfEkGitD5qcE8SVLqxSCQWAfo8=,926.0
consensus_latency,NPqE2ljE9uLg5PSepyPtuTtt8ICaIZhzgovcKl/85Tw=,928.0
consensus_latency,mR0UB4SGwvcYFkjABHTJ8iMztq/MANsBCPFCRP2bwMg=,928.0
consensus_latency,oGzIqHb+QGEQ1mAkMQZSNyDAtbf2aQbSxLYysty+Wa4=,928.0
consensus_latency,o0V0mdVBEM9z140u5Q6VCHVGSrkMl1kToVwMBhbkPlQ=,928.0
consensus_latency,uoGvFBGPUs7QZrc69RX1FzwEO8BhmvZIf2EnPDHFgjA=,928.0
consensus_latency,Isf/jS7eaWZODHWiNTa2SHyD7r+52Satqq4+3mUC6DE=,903.0
consensus_latency,Y7y9pDAdzTvdgQ6arMIY97SLyWeVmGpc/2siJXzyLd8=,903.0
consensus_latency,ftRPBqYTI8x9IU3wzgSd/db5phIOTSxTPV78LKD47s4=,903.0
consensus_latency,seidpqTeIzRZu2X2EC9D9l8cbprULRhJQRgb7NoueDk=,903.0
consensus_latency,0czkml8p4SuZvYd5YZBHtVsVdSVn0E+eh1y7S15a4y8=,903.0
consensus_latency,E7si6+ZQJsyLeHXGwVFk7VGpXMDXbsn82CdHRr8zBI8=,926.0
consensus_latency,U/9D8n06U2b2cULynpVvB7MmNoBbwyLRZiVbdmYrlUo=,926.0
consensus_latency,uSg8EkfKAhvW/7u2IxfjwJV+3vjlI0+kmvALRiVb+t4=,926.0
consensus_latency,7+sfsBLgssZO9SqIdsbbD4VkasAWb3dJV0Hwtm9JzvQ=,926.0
consensus_latency,BMwcIPWcNcxvTwOC0XaqpGYbiok2dXocrVv3VcoyOV8=,904.0
consensus_latency,HEGVJSnRTzgL+19fGRX22kKXJ6y0RyNooY1kMr3zmbE=,904.0
consensus_latency,oY1A2ZgLsC/O0wBMkGwEthJkFNZutqmgBNNaaTeQt2Y=,903.0
consensus_latency,0XhKC4tx0DrNwQb0PcC7IrclMoUpH+yJroaxhdu0mNo=,903.0
consensus_latency,Brs9Lim9IKCS8WZLTiMwmPz8xPZ9OxjhyAmHPO2wAvA=,929.0
consensus_latency,Gvbj05vwI4mVvu+dyb9mTHdt8VESOKr60E7spu7PqBA=,929.0
consensus_latency,Moj3ZrcEQ9pEkNLPhSXUa3spmoaU+4P/DuX2H55CmXQ=,929.0
consensus_latency,3Uxlfsh378sGKzoHxFIVlt3cZJxvQX0eK6Mm44ouaa4=,929.0
consensus_latency,+w4bV8vyFuCQ989vBdWlmFoaMj2rMagEkIVA+fqeagM=,929.0
consensus_latency,VqrXLs6GTv5pERt39VuoWuHQjKmOBpko+9uX7659f9M=,653.0
consensus_latency,Wuo9XcHuQIlUb/SLQbbvbqdQ85pEDptekuqQSLToah0=,654.0
consensus_latency,2rtzjVmtjIbXUOxahH/rQ0pjRvWhmImLxjjmBReS9hc=,654.0
consensus_latency,3HR//9nWTSp1QNVD5Gf4YS57dMyEaKIGMR5GtoxxmPw=,654.0
consensus_latency,6TS+ziCmmfbWiQIQiIKo30qLEqD1oayxmi+Ze3T9Jbk=,654.0
consensus_latency,H0agJGFENHx0DoxV3YfC+T8lhIAI/8K9o6lmdhrS+o4=,650.0
consensus_latency,XzZ0MSPyx6IVUivVuOxgwwzhfuHO8lRKe30pCJEN34s=,650.0
consensus_latency,c6S2KDubgXJq/w+yGzATHJxLIXaCiHO2wYOl8piObSk=,650.0
consensus_latency,dRbBeICkMtH5e5SuZaRaAlXw9UcsJobQKxDLfUfkU6M=,650.0
consensus_latency,uw+Och6hLrjPtBazkf9k0XU7+9zWcjaqGFSgp+PNP9A=,650.0
consensus_latency,xjYV38XzyABOl2casr7PFBNeo4p/EFrP5jadPD5RAig=,650.0
consensus_latency,Ibw+do9yD0zETv5t2VGxDrMT+fFL+HCAUUlHwcbFQtY=,652.0
consensus_latency,KTFhnGNrhCi8DOSQmHLif1mOfmAguoUBVSN3gSj+dQ4=,652.0
consensus_latency,RzRNQL2Bso2FzEdPHWWsKKmMG9C2zFsX3OcyefrcW38=,652.0
consensus_latency,W1uWK0Qq20Sn9Ulqk0GVJWZRjEhipM9Pe/wC2Up9D3s=,652.0
consensus_latency,bt1T8zUYMU/4JvXEshVCJeTklccsf3Nl+cYCFehCTuA=,652.0
consensus_latency,YEF+RNU4XwtV4T0bbKBTFbGWGRAihdYErQVsOr86K64=,649.0
consensus_latency,Z73t8SdNIwZTEXIGWo7ZLlmA10zsGFn1bqbMz0C5qAk=,649.0
consensus_latency,vtJOSADsB/ED0L8hniZBIb1U0ve2rO0qQbqCT5F8NKI=,649.0
consensus_latency,xfIaoOr4wVlvKVS0BKgqACkPfuudIjHKhTxQSdMM0q8=,649.0
consensus_latency,xw66ALzSRu3AUFAMUewOUBMHgVLQi7rrQjud28rlysA=,649.0
consensus_latency,4E84Je0v1niKv9rXKnuo0UWx3y2QSEolFowUY0CFDso=,649.0
consensus_latency,N7Gpm9O6LinezEXxwniDoBV5qmC2lOzrrwPKvXMfoPY=,650.0
consensus_latency,aHE+nC1ysK88aNvU1BnrnL5GDBsM6YJouQ1Rg8os1jY=,650.0
consensus_latency,dxOp7VcO1Z8YZ/JwU8CkSNrxNmgpXPL3gH4WwTE6EMY=,650.0
consensus_latency,kHmyWg9ZsV6d8TxFq0OYI1L2/UO+96K3LbkqXFJ1crk=,650.0
consensus_latency,o8ov9jvqx1PerYIsJG7FmZVFANSCPZ8aIf+LJcWTDLk=,650.0
consensus_latency,pt+pDkFdwJL2345bIBaGC43SHw7O7dhhYbRt1cxmHhM=,650.0
consensus_latency,Bn2YTev2JUL1lB43MwB4w9UTlbV7/Rw8fsUAuu3XQ3Y=,651.0
consensus_latency,MiC2Tba/VBekW8tDfwENxWPoAICwfLByPehsjb3qwRY=,650.0
consensus_latency,RgLOQptwWrtL6XqdlQYSy+BWJoxSUt0Pi8N9ian8CUA=,650.0
consensus_latency,cF74gAL2ZzJQ6k55ZwIHiZiMabCxXYmWhYAx5z4/IOE=,650.0
consensus_latency,xipNWm/5tZ39EvofGqL292QlVPUzqeyOZTq+5A7Opko=,650.0
consensus_latency,EYAAhjN0xj9O5EHzMFAVsjD2/cHCcuXs6Y03bWjQyiE=,651.0
consensus_latency,QhWwry07N4lthAOr3xP6pkpDkmuOfTMwNi9JWDXVr40=,651.0
consensus_latency,gwjTnvRDGfB5K8rCtgv/tDiXjF/xKxZI0RzZW+qe+a4=,651.0
consensus_latency,oNxVZQpxqkiygqGjQ0uS8tN/H7phZxazoSESeJgnGDk=,651.0
consensus_latency,33FeAtX3CotgA21grYonDuSVpo+TE7rGsZMvBxB4mds=,651.0
consensus_latency,Hvquxee49jYO5BuNYLn909JemSG78dY94+Wj3RijlVs=,404.0
consensus_latency,X/goMU6GhML7BK/AfY7UDK/LlPXvxdl2Zfbz8V6A8aY=,404.0
consensus_latency,mkKmLYBA5i/p1SSKVvAH5cGmGcVdBNdqXlYXcNJ5ZBM=,404.0
consensus_latency,4jR3w6qFZj1SqbNJ7j4VEwCwZdlSxXj1Uc2v4rTijFc=,404.0
consensus_latency,HElK8csSGm0vxvJ/cgi1fFzwqgzYds4pG1KbgJd/2kg=,1531.0
consensus_latency,KN/fzPZF0d34LAbD8y4RzQNED/0Y47FuG7r/nN2a/qI=,1531.0
consensus_latency,i+UNs8KbDQhlQWBGacPCslFO2rcRYRfgJixYM6T/Ug4=,1531.0
consensus_latency,pbCWIacO4SartnRyUxoJUhkUDEx7eKHNhasBplE/kaA=,1531.0
consensus_latency,YCQ/m18kPKuM1v8qZI8bBkhIAb3HdZ5rc1cplYt19Fc=,1534.0
consensus_latency,g/SoyZRXT7vXwPAw0tQW9aexDk3ofqe0ziFczJ6nnUc=,1534.0
consensus_latency,hZxAp97Q2FgOMgz74b4iwxEVmrndHrSc5sBb6QSeUsw=,1534.0
consensus_latency,iYSF//h7oLqGxDK1iEDqf+RHYtSoVpzBYmxAETsG3f4=,1534.0
consensus_latency,wdVAt0kqKOg0lc49XvpWXS13mw/3KO59CJOpg8XQLAM=,1534.0
consensus_latency,x6y3EfslVsXvSjVKAdxzjSMm5tzfDCANIdJrAcFj+JY=,1534.0
consensus_latency,KLuX7JNkz813qoF20Ee+u0HowpDaNvEA4x424WVtng0=,1271.0
consensus_latency,ma1yg21XMoS+EfQGcUDkeED+Ro5aXBcjaJFVA8A2BYo=,1271.0
consensus_latency,xxEzLIgMDxG3zrqIh/lBJwbeMPmOjLsjufjmxNQcIRs=,1271.0
consensus_latency,36adAdApXjsHYtD/6CcmsUen9e48dVxYhRvgYhlBRyE=,1271.0
consensus_latency,RbXGzzts+nbx4shRhc4ugM7WiD9CgCKMTyvNKoSh5nw=,1285.0
consensus_latency,iyqJxejSuwT6iUghWYFGP5TyZel7A3eCyNxEjaCnTk4=,1285.0
consensus_latency,0tHgWjB7hmdkM6A+7qt6Mu9hoDsPeUyVK0ewX/9C9cc=,1285.0
consensus_latency,48Z6rF7uf/u6AP45kGAC0MCr7O16MAHnrhxuw3SAHvw=,1285.0
consensus_latency,UwilJPhnXhdJehb3Q+2jemDXViQFZZO8m7A9uVih0/U=,1271.0
consensus_latency,kdujGzEkkKoCBuqDTgcKPoKvbqXQ7Q4JMhemnZlE6P4=,1271.0
consensus_latency,rfCYzXge5aZCZooRbzy7P0T14be8mPZ9NsL4XToZxvo=,1271.0
consensus_latency,tdyPbiC0yn5I4GafT+nu47xMpmE7vRMvXxtnVBd5R/U=,1271.0
consensus_latency,wtqcx+kjl5H/8LDOfht8Sb2u77N6OEmAEkC/6t6VWQY=,1271.0
consensus_latency,1L422psUA6S9W9jQt98sm5PaD+luE69W5QiyVuE16VM=,1271.0
consensus_latency,FOS9hyeIhl6Sx5vvmxoJ2bQ5yd91kzjVcAUV4QWJpYc=,1286.0
consensus_latency,Q9jfFvBu8Ko6sWVjDI6wQfEIAwck8uk6ScRVWAsA3h0=,1286.0
consensus_latency,hOxLbcI91RxfeAtGKtIk1iqazvRfHR2DarAhmydlMYM=,1286.0
consensus_latency,uSEMZS85BSta7lrgtAiLW7Ad9fRdqNgk8WnslIJfhvk=,1286.0
consensus_latency,68sbICxVtdgGbgzyQS4/+m78L+ia3x7yDY0l67tnuuA=,1286.0
consensus_latency,7m4I7iFucLmDjquh+1Jm8ynkQ1vkW19aSeWO/nI8+nM=,1286.0
consensus_latency,GSAnLboRfPWN/0mUUNQQK6IgNIYzXTqwknLjOUjF0iU=,1283.0
consensus_latency,IDiVl41QXi/zchUJzGpkdg6DZ2WiSpLEmTtIeKEMobM=,1283.0
consensus_latency,PspxM4fVazBQC+NrXAOM/1W6ERijJKHmHwTK5PKx0vg=,1283.0
consensus_latency,pqrL/wKjVvq+hELMqKKJQ0bXZ2gJgunB9sBa2DV6364=,1283.0
consensus_latency,KXgxaIwfJhlmbpI3Nm8aXr9UVT5Bt2GNXmHK1oheR80=,1273.0
consensus_latency,PcnZkMdaWVeFzcCqD3czaY5PyNHnAugLVlXpos3JXXQ=,1273.0
consensus_latency,mvzNt8Py6CcnKFl7ToBhGiTwpqt3gJ4B5dXkV/sAoKg=,1273.0
consensus_latency,pn1DMX7EkIbbwn/jLWC/JO5cAT6f5v56odLFiuCVQ7g=,1273.0
consensus_latency,7TnWBy9MvJEqKCgrhkMmO9j8prM7klOLg4QrWpsbKno=,1273.0
consensus_latency,VRZ1aRk4lcdFvCLFsKKT1rAXG+ZgzTpl5vJZ+5YPjHk=,1287.0
consensus_latency,VeJaNUHQrsit16+N5WCTpwQTwDgqzcgj3bNuTKUJr8E=,1287.0
consensus_latency,fY3b4xLjZlComoZP7+Nt+I5eMM0hbUbB9LUaNnqS9U8=,1287.0
consensus_latency,9hMDqJV51EzWpiK/fHcjAG877MriU69Zc6tDJsHYW48=,1287.0
consensus_latency,L8eSNKvDChFZk0GgE4DAtCOmaNytpg7hrlxwJ938JFs=,1284.0
consensus_latency,cqJs8f05pDpMX4idt+/YdkjMr+ft1y5ocl3IcXehB9w=,1284.0
consensus_latency,ue5/wiULI0FJ9QuIPva5U6hJiR91XjJxuBQQP1P3Jvo=,1284.0
consensus_latency,4V9Gh01RvyFNWuXX0RTQbJ07jee4EeVzqPP4oYRV2Io=,1284.0
consensus_latency,Fm3Cp+pfwlm6NKo1wCAXgc26Z52I+aMl+Tz3c5VxulQ=,1021.0
consensus_latency,G7RKuxlRxaMWJL/ZLzoIYTAfIXe0FpxScmPr416vGJc=,1021.0
consensus_latency,Kr8dO4NleH/FgA2WYlozVyYEYIeKEMGmYGAkxJFqkV0=,1021.0
consensus_latency,o9/GtIMMcTW4YiIEzLfKPov14ReQg4i/kKWa+G9F/qo=,1021.0
consensus_latency,3OMKfTbEvfS8rKuA6Amlumf3DAasVCbXjhkXrWX1oL4=,1021.0
consensus_latency,59lvvssvEUwyfbLIal7BpIJ7v9m+Lms76YD7sEbniPc=,1021.0
consensus_latency,BahLEXzmmsUbsX23bwoythcAPylTZv66hQzeT2Pw3tI=,1018.0
consensus_latency,TDQRP/OAHVjUpob/ucMQQLq7uiTOLYRBNaJtG0wQqUs=,1018.0
consensus_latency,U+ws1p4mIMaBABoN4auzpyxg5Kb1ADuIwNyrNYAgaO4=,1018.0
consensus_latency,WDl1kCV+gD74AiZZ/89xOWT1zyC0PEfdrvj76ZqpgQw=,1018.0
consensus_latency,eTqfXuxx+t09164GGfrspKms/WYRewEPHfIiA+ko/tQ=,1018.0
consensus_latency,lwtA/mSc8wlo68Ux4xCAX7jZ614n+TjRfxfig1wZDzs=,1018.0
consensus_latency,DWGc39akNNY5P/9Gxd2FxHPWe185KxFxTBzuT4cvjFw=,1023.0
consensus_latency,ZSQFTIDnchYRw9KBpDnLyl4dyiGBS9A5FP5ip8t4t/U=,1023.0
consensus_latency,qdwG9EwZaUX37KymzTgrf16J4xwhJJQCPjzp63Oi5hQ=,1023.0
consensus_latency,w/zliMKC7hxLldPpYawmelPfhsNHG8wH3891vfgHlEs=,1023.0
consensus_latency,DgV+qwWxXGOOchpRcYLI13LIHK2LDYma95Op513IVbM=,1019.0
consensus_latency,TsibIYJDWvOlS3uC78mcrXtDu7/Ixv/JGKttHz/SrnQ=,1019.0
consensus_latency,gutnl4CEODvLCLMzeo8/mKG2HWQ520uzHELZxZ63msQ=,1019.0
consensus_latency,k7DjmyuaHJSZ1CR6Zz1Zg4ODWqhPWdfjfaR4AOMI+bk=,1019.0
consensus_latency,5JWGlnQxm9BuBw98Rn4+CghoDKD1ZyirbMG/J+HeEts=,1019.0
consensus_latency,GWAxlU11nVg0v7+ialNSpzjP9Ic5GY94uaMdEl7ug4o=,1020.0
consensus_latency,JimiyINaVCo5b+bYFfr6tMXVOKWPaQFy25M/9l4FZgU=,1020.0
consensus_latency,T/5h8Vkpm2C8n5y9p/UNnSlqF7r4lpJi94APAFNZoNk=,1020.0
consensus_latency,ZDM/tEYgKz+WGGsRqhS25Mu5TYiyV6tNRR+YvWL6NEA=,1020.0
consensus_latency,+J73s/ehzGi1EnGKsVEb+aafVHJisW8tW63KahSqgJs=,1020.0
consensus_latency,WjOkFW+FtruVMLLT3GCj3pg6c51WbiLuhB2RyHGKtmw=,1020.0
consensus_latency,dBaQAr0YQJgx+06t+VLdGKpoTs/+L32a+SQD0O5hb7Y=,1020.0
consensus_latency,knR68WjSVd9gTYnF0tOefiqHfm061083c6THA1DP4p4=,1020.0
consensus_latency,l3DfJnNIZuXWslkhgKp19PUiUgBF8jV/qyuKjSa428A=,1020.0
consensus_latency,5Pg/1GMzW/knxXM184iRJLX2zLaAIiAFAFOhlSQq5W0=,1020.0
consensus_latency,UD4/lsepF3Z3dWH85XFo8moTDQgg+r1yYfPg5IwIp9A=,1018.0
consensus_latency,UiZN+T38CO1FstNp8bTiywwOf9gXKDpjxYkPf1XTzxo=,1018.0
consensus_latency,eh9fZCXeouFJx3ZlKIfYnW9uBwE4xOFyX3pFs33TjgE=,1018.0
consensus_latency,fhTSxZ+N6NlMz3RVyN25sMhzA++2BNRbPuUorcOLx2I=,1018.0
consensus_latency,oiAaWceLhmXGfvzPKUnlfmt9vqYeBh3mWQLXxasfzaE=,1018.0
consensus_latency,7rhLC9duUW+ukXpI3o8K25GEeQUNLpFMWH+nAgJshhc=,1018.0
consensus_latency,GM3JwzenaI6G8cYI0c/UGUpf1wcLuk/EMt84tXWrYw8=,1019.0
consensus_latency,Scpyk6bSOw1iSYm2NWjWInY8Cr8RYqEOTi1XQRj2UkI=,1019.0
consensus_latency,dZbeQHWyltyrCRvPyXyd8u4VPyzvyw9v5CIDeJz8UJo=,1019.0
consensus_latency,wvbjtbPGUlZ9nymi7YoYWGhdfnjKd/HW4NpxqR65NCo=,1019.0
consensus_latency,5dOSmkzopuelLYyhPrEppJfjempvfVkWAreAVsEhAcE=,1019.0
consensus_latency,8cmIyQyuLzpHpdAcnMrnOOGEuIdCcSU5zAx+HjP9gR4=,1019.0
consensus_latency,ENd/OoU3Ymy0spdLAF0HExulK7IN3H5oa+QEKqKY82c=,1021.0
consensus_latency,dhQna7qr3hHCjKHr18Owa1hly6+W8HsnzR6auyDhmcU=,1020.0
consensus_latency,hy/MTDWkNmrqFyO6lmJZ+Dwz3wP1Sz8DViLLp91Lq60=,1020.0
consensus_latency,/fq3Ad+W/13HaSzC7oRXHllF74UnTSbX7OGKG/GfjCY=,1020.0
consensus_latency,DcPspvzaHNOKpo8nqA7bDjTPKmFAxljnQfLww69AtP0=,757.0
consensus_latency,eKVnjP1fXPy+zg5AGuYeCKyE5ydB8eOWe9VQa37NuFM=,757.0
consensus_latency,qLCWM8GvuJZ9pDv3DUTAd1p1TfdgzYkldqoomtvI5mM=,757.0
consensus_latency,r7sHlR6GIo2xoCJrWS63NwyYO3xSwAw8Twdf44j8V6g=,757.0
consensus_latency,T1eEkq2J7gU1jBebdUeT0w0JiaHYYZ9+lNVK6/qkzTE=,1092.0
consensus_latency,hHjxbN6a0E2IGvJO1FPdM6LIGsuYg94FwonczSScfhA=,1092.0
consensus_latency,lOy5qTcGpY654SUMpawmz4HQV2KoolFXSgxTB9VnqtE=,1092.0
consensus_latency,yZUtORRb2011j0ttzZc77iqBdbI6htZFqFqK3KglpY0=,1092.0
consensus_latency,Ay7j7N/H/N0AXQDo4q13VcbQSqEh6e/vrmg0+Esgikc=,1102.0
consensus_latency,Fxsarg9UEtJjgD9x3HRTtE7dsnCVAWm8N7D7W8R6bJQ=,1102.0
consensus_latency,onqfYX9PoRqX+jhSoHLjqFMaV0CwZNBHgLIfJxOb/nw=,1102.0
consensus_latency,2FrXU25hloOPLm8NsJwgdExtUv9X76OEwFc7zH+nrmA=,1102.0
consensus_latency,IoUboRQ9mqt78q7gzaarWJlNkPJTpDAILEmXe9Vo+uY=,1092.0
consensus_latency,MOCtQQxKkDqUmbhLOV3ou3TX3YB1lBveR1u3GXM0Wbo=,1092.0
consensus_latency,NtVqB6/FP1tjdbpwd0YmQpQgVb3pRknsGkv36B1u8Kw=,1092.0
consensus_latency,YTnlq/4R8HnYMWGqyhxowtV7RLMDm6xMs6eaXPfGVVI=,1092.0
consensus_latency,kApnGujO1WOrR6u7K3NjALEoX5/+MEHS/cmO7EkgFbw=,1092.0
consensus_latency,EZ1tfyvA0YN7h/D8o7RTmrAk/VrDlZoSB7g2yEV8laQ=,1104.0
consensus_latency,JGgG4GZi36rqIPK+MUp3Ao5Vr4dD9giOst6ORKo70F8=,1104.0
consensus_latency,P5DXpmXghekfGH12ldEFi1N76NLxn1F71AuX/T4X53s=,1104.0
consensus_latency,WCjOi4KTvKx7+PuYYc4BWvyS8gsymulD1ocZXFPzVAo=,1104.0
consensus_latency,x9UqWJposw9xUlD96B76gyAzF2z0l3avWqO5ypSbm1c=,1104.0
consensus_latency,4o94INaPvbKDtYrpl3lg027RPt62letm5tZZ/O/D5jI=,1104.0
consensus_latency,INOEjG45O/9HFm3muUianmDY9ylw55AFzt4cteXWhDQ=,1102.0
consensus_latency,qFbXge59tyXJY8cO2nvFyypuLNC5iOSLgbP6mpur/s0=,1102.0
consensus_latency,wCprnkWn7bzyPnte4vh0wu9cwI9USMp2kDew4ajQUPg=,1102.0
consensus_latency,BW9FclBEhK5LMJNBTfIBoWs/fNp7c6sBZicYWJKFWAI=,1101.0
consensus_latency,NOy2r+Psm9Geqa9TwPfCS4Cgri11Of7e9jnZijBZrVM=,1101.0
consensus_latency,d1tkloL2X18LBeEUw+co3zgzVkRUKU9oz5YrX9dtugc=,1101.0
consensus_latency,uNl5I4K/uHl3kmms7xgsZrCoXR9uOC2ecooVCf58Okc=,1101.0
consensus_latency,xrYAu4C7x5+vLZuwEPjJfrQj+S4E7JuQHbl4nRly9aA=,1101.0
consensus_latency,GPzUBeijDuGsJypL/hGt0aZgLK8K5Dg2uM6o6p3xzpo=,1104.0
consensus_latency,QPozPO421FcSmH0F+h/SQrmrbJltitkIdFYoO/EVmtU=,1104.0
consensus_latency,mJa9qxcwrXaBFUiOAI+bBLFolx9vQR2afQ9iEBEn9+A=,1104.0
consensus_latency,uP+WbC49J0mt2vmO1xwAg08U2YskH+NlCe/RqmA7O/Y=,1104.0
consensus_latency,4b4iWFAO+l4HQ9DQWNDxDUAB3ipa/vjMBc8OwIZi1RU=,1104.0
consensus_latency,QkgO2dGu6LnDUu+oEtbIleSdVFfe2ee9QEEW+Zb7on0=,1106.0
consensus_latency,YZU0Gzpl/L3nvMFrrBqv1/W4JrP2zK/CzLWRjT0lyfI=,1106.0
consensus_latency,rLrR+jUmNeieKtUG6lLXn2JIq5qG1feVsqnuNKbKgdg=,1106.0
consensus_latency,vjKL37a5x4EnFwPysuSQ2s1+2tFAQf/0//i6/Oi/gHg=,1106.0
consensus_latency,AKtB8vagnhqFfcBs5fFc1Nh2ySmOuDh+rAowPn+oJcg=,834.0
consensus_latency,gwgHR1XkPtag1KNcqbTlL9OBBAyIcCNCsDtDCd5r6FQ=,834.0
consensus_latency,pr5L3J9xKtCMnBnM1/GTGeetX+r3qNZd85Xy6yZKuPE=,834.0
consensus_latency,vZl19jkeNA06CLkaaiUz+qdwXxEPkZPcq8iI/YYGI3c=,834.0
consensus_latency,yoEifavm2oPV7YpTGN6E31ZUfg6U0U7tE8rV+Kf+FKU=,834.0
consensus_latency,1sMtwN9k7XgZhjaGUasC1cAaajmU4+QhKLoBHuCM21M=,834.0
consensus_latency,IDO0pwpThsXPwqZlBb9Xih6LOZppMxtc/hPsxgg77q0=,835.0
consensus_latency,U7ObFq0hbJB++sxcQFNsSIGoEyCaDCZNWRb3eMXmrlU=,835.0
consensus_latency,jRx9d1IxLDCLWVUlS0DO7ZczM/xXWMZ/by7kX2zLNqM=,835.0
consensus_latency,n7F0HJ4gnytk2nsKfHwNOhSiGaR/3l3R60EQn0LMr8w=,835.0
consensus_latency,sDfiHRpIc8u+qjZQVMonmeuu0JfmjAvIfe8VVzc2LlA=,835.0
consensus_latency,5zZk6aNxadQ4Lpcu/IGIvlrijiLtAZp7sMDxZygVlXQ=,834.0
consensus_latency,RtKmm9nVFlYpYkO+svZIPlo+GgSOQYEnm7I2QYj3q6M=,836.0
consensus_latency,S2NqOOvWi1h6Gxe0Sr6ojtE88KHjh0huBL90lYj6wUg=,836.0
consensus_latency,XONwzB3wGLi8+/HbD8zZ54Jr/zMidXXW5opCknlQwS8=,836.0
consensus_latency,ZGkngszIlWWqH6Bn1EvpiuPtRxDZkiuOd1imj6r4xA0=,836.0
consensus_latency,oWdrzQjcbsZ8J4YaH9Y1BO8TTI0LBFFU82p0oxheymc=,836.0
consensus_latency,0kkq1lsr8WhsdTc3xz8q9srxPg9WEQcIRLFeaL/WAc0=,836.0
consensus_latency,FE6r01xedsjFc98Xmw8wA+rIC+2f0ulAPQRrww4y9pg=,836.0
consensus_latency,h73Wj0rRrVBN48VxZ3NWEezKYTdem4wTE+Lt4xpTGsU=,836.0
consensus_latency,lyVMV3432jBr2NFTbaYyUbY8Rk/ELJXB5sXZLjEevpk=,836.0
consensus_latency,3wQyi+wBsvoh6gZENsGCphTxd29EmWptK9zOZj2Z+WU=,836.0
consensus_latency,TmquypLVsqk2+jc5rzxmpmaVNwomDb6sYG/OqfP6fFw=,837.0
consensus_latency,kXMm02W4TUMmLhrslg/v5kuwpqfs65P1V7wzISKY/5Y=,837.0
consensus_latency,mRbIJDtfWFtbSy5M9P/HGcEiX3Fn1BKI4WrgGYI2Tbw=,837.0
consensus_latency,qUNO2doXV4dzxPlWOdRRsi1BfODBeE8GRrmkl7VLUJc=,837.0
consensus_latency,Lb+fe8CbqMoHfslAyZDpStY3wzJsmW2ctNhdqe99Jcs=,836.0
consensus_latency,bO31zbcCQCdfznOl2dYQHsDqWrEBAk07D/crBHQM2yA=,836.0
consensus_latency,m7YkGrB4VDf4+rXwHQYCTi5SxFNd/rerde71SK/oYGw=,836.0
consensus_latency,qhRFe4HFvRqS4hIo2WBIM3P02FBLUeZJduCZ8bRvl/8=,836.0
consensus_latency,rDS4cZLpCMBOTFrZXWoC0xG1E8eJ6swY6J5LvG+lZHE=,836.0
consensus_latency,wJ13qZLIc0vdveq/KbUolUBhqxoiUNdOcHaoYwlKjvk=,836.0
consensus_latency,At8687kTAcdCly4YGvy8cbWQaYyFB0F5Tp/sfJa3pEs=,835.0
consensus_latency,DvZLiD6XRhI/dIDKndjd1RZJIOIuoqdr8ENFoa2Wbzs=,835.0
consensus_latency,EunsR2KTK0gOw7vSzH3j87rs5m/Bo2pAVnQDwQUYpS8=,835.0
consensus_latency,M3G+5pcZkZ4dx8KVvbQKJG3Eyb6WHuRS8YjVccr6shM=,835.0
consensus_latency,g4iWacUVYizpLw6nRAVnQzDr+j6YXpHEzTdwUHOD17s=,835.0
consensus_latency,naVomRpQWrVVxrWCbNcloOhLc7CSNsmw1rGz2VsaYs4=,835.0
consensus_latency,NDikSUVboueqkX2EUnyKF6SqCGm2hazck8vWy9i9DZY=,571.0
consensus_latency,dmf2WYLe/y/BfyCLNNtKzfEhf8o3JSpe7dI/SaGXwkg=,571.0
consensus_latency,lmLN1XIv0z7q9juQR7pKkPoKZgSfWNQ/smCUHZsSnh0=,571.0
consensus_latency,20OjKFhmtWNgbHenYsCs1+1VlJ3TilDC9T0UDsWiRv8=,571.0
consensus_latency,PYnE1wVq/vK7V84ovqK4C51HBX98R/e3lS0G+CtKxjk=,2573.0
consensus_latency,7aOWkqov/3qmCEdtEGqzhuC3W1ib66nXoO7LVz+sJII=,2573.0
consensus_latency,9FEeOjeVSGTJebVEeS49fUA9OyDBLelSpsC/dRi5J34=,2573.0
consensus_latency,VI0tfvKEqk4krnrp/WdoK9evC1z7pXgNRWKY6aZhj+I=,1869.0
consensus_latency,WFMadfQlye20z3uZXaP8uxdF6Hq8yKCc7LiN6F4tnTc=,1869.0
consensus_latency,Z8uMXmUWd/EhwARu6R448wl+H5qUvrnmTwjTXS2Ch8M=,1869.0
consensus_latency,mCtixGLva+3NRxU326EXAKJz4CLm495sYC7nKcmvqu4=,1869.0
consensus_latency,9aSNwCBDgQk+PmzFgHvw9kLjX01J4WOkq0a4mOh8Kq0=,1869.0
consensus_latency,IQO2/QLDhFlj+qmZb8nuXyGZ0rWe0ERuDAc4nQzEyY0=,1873.0
consensus_latency,SuGj7RDYzuPSJxKTkXEv3eJ0Al9AKrQXxNyBxOYst8s=,1873.0
consensus_latency,WSjKERu9W32fXQMsAHscaLF9ZAEURWs4V9j2jwxrpJ8=,1873.0
consensus_latency,eVSKB1f2SBZfK0GCtno2H52qS2+lA1RvbZpw2B5ujxY=,1873.0
consensus_latency,qvbm9E8BuoFPkkbPa6sAkSVslfayvjICdbIjSgnfBwo=,1873.0
consensus_latency,SLUNaDutMw2+CBedTmT/+K7QE3vVOdQRgXSHB/AatyE=,1605.0
consensus_latency,dx2DlC3YRerBvyqmhtRqyQ2aqOf0w+qe1Mai7Uh7osM=,1605.0
consensus_latency,glH99IrnTk3lNmti7HnkCHefLY0BvRnNRrgIKEoZBog=,1605.0
consensus_latency,nQxVq7xtFK4UpfNxwLIagxQ006KrMCp5hAVXmmwJTqo=,1605.0
consensus_latency,3LAHRD/LsYaVukxFVCEgESM+ylFff8ZGcP4hAXR9kQE=,1605.0
consensus_latency,BlJr0nQWQeMGFqhHOdbEPlv3UawiTWIMG1LiQPJgrOI=,1605.0
consensus_latency,MTPURjSTATBucoM/1f07FXEmGwXi2CGqr2R0YHQOTIc=,1605.0
consensus_latency,O4hTsizn1+Su9WNswtcVzsiKfc1KcFV6IcvoSoRcI7I=,1605.0
consensus_latency,3IZgLXBdMWSUCaB1Xo6J8W4SEpxlwA8LJ4kxZifWFN4=,1605.0
consensus_latency,51B9LdkQtyYcnVlHZMGVD7bboEwftE8BBGOOc/mccOE=,1606.0
consensus_latency,FCcBZIAjyv3+lZNtB1USV7gTV6gz9gk91kcW5FT+kOY=,1609.0
consensus_latency,QYyamrkQtdlmjhJ6FoK1uqjIgu7/k2UklVP0MfWbJww=,1609.0
consensus_latency,WjMa0xZ2B87JU7UkntaL4v3rJjq817AtO8b5PEgyAJk=,1609.0
consensus_latency,Wtz7pCu1sjRmtHhtOQXnOc3XFltjGq7uBNdu1gcM/JE=,1609.0
consensus_latency,wWTfSieFbVlAwN6eEpCB2mTp7cDYXx6yd2IJ+HLlvzk=,1609.0
consensus_latency,8lhTecsF45jVOXPWAACrIlEfFElJwv1qnP8FhOCOsrg=,1609.0
consensus_latency,AotqCFl8voBOtoTelBbyIoZ4lhkAhy8HFvClziMDsVg=,1605.0
consensus_latency,oybx3Mz92nVfvbpbOaZrcM+vz5segVmmD5ESZg5kMHs=,1605.0
consensus_latency,v5L5obcr9rPIKK5ws0Q1TZ5jaBke7VPhfAgcYT91SmA=,1605.0
consensus_latency,x7sxuDThto6ORxmaDeb3gQESaM+FRdbePADqFwf0000=,1605.0
consensus_latency,5t76DkJkf7T3eWPNIIhasxcqyQRwDKfwst6qTgVzpIM=,1605.0
consensus_latency,8w4wrLE3gA7HkkpPtwmZ4Z3m102FyHlQyeUfqH07lGw=,1605.0
consensus_latency,LXnQQE27itm3bmfuNPEn8A5RPzWfB3vOZTUGGwF7Ecc=,1605.0
consensus_latency,MRD2JFgPVAboTU73xkPCgxgpak93OveuGK1AjYSW7b8=,1605.0
consensus_latency,bhel4CVZ+z9+o+kPrIHvbbdmPRvK8PsIjx4zko/PTHc=,1605.0
consensus_latency,gM5NiBHEgCR+JZAHE9qe3ETkg1j7hntwBjM7mVOqwTU=,1605.0
consensus_latency,wYmt6OcVJ81ZsosUaHehrZTe1JLYhm9of7uUz5V9/60=,1605.0
consensus_latency,HegGOrhBPYUGV6W+yyherAVlmpVsdO/shIFvT+N4Bns=,1606.0
consensus_latency,NbreKhKS/K/0g1t9+S0VTYZUWFg1Wm85XklWSyH7ZM0=,1606.0
consensus_latency,lu9cwyJ7G3+fZqjXJnOuvN5KaydmCoLdPV0vGmTyqlc=,1606.0
consensus_latency,l/gNXdCKYgFyWzsEb0YYOjcAW8zqhDud3Dswv6yWycE=,1606.0
consensus_latency,zLnJ3dwWLbsmLimeSQU9v71DwsPfs5XqB8Cr4R0sLvs=,1606.0
consensus_latency,LI9qvZL2ZVPBJa1zv0KEvBfsjLngkBIQtKj4UVnNNjY=,1606.0
consensus_latency,nfZNw8bBpxGOiItza7gJKoXhMMQInMumFMdfXKusB90=,1606.0
consensus_latency,uGIZnpqMiivs722wVixyYdf5h7lshGs4g1xRNyneYtk=,1606.0
consensus_latency,9EM8mn2AHKjYDzHLZzzCEncj53Rmy+bDm5walgIA5aI=,1606.0
consensus_latency,HW30ZW1LGIRlH+xeCrXeWBlkq47tDIjgyhmaEaxuDZg=,1603.0
consensus_latency,KUApI307zo8vqJAHQcNU5aiJpptyewG9Sdi5fnIiPOw=,1603.0
consensus_latency,PxFrS/ndzowTr1qJEULJxpT0Etuyjc2lyD8KDwfj1sg=,1603.0
consensus_latency,w4tI988nMPgvB9cpES54FR9U+cGCWhf8TRIdTDDbPL4=,1603.0
consensus_latency,SKikp+JSl9QKb1iskiVaF5XzBk+Dut9CpcHFuORG9pc=,1538.0
consensus_latency,InZV+D16VAmLSPNyQVCdtHrM4vWgQYqzGtSU+17+yU8=,1345.0
consensus_latency,Miny90rmNCuHLCX/NGdSLVAlWfFqw2+GxX2EVDVjKTI=,1345.0
consensus_latency,bx4RV0fs0OkMEvmByu316vR1CGxJkob7xWyMO5JHCoI=,1345.0
consensus_latency,j91omexI3iyi3j0ASnFngGzhjcjQbPwCg3ETn7mFmXE=,1345.0
consensus_latency,U0SvnTRfo4JmrklPPW9bd+11UNMXAW25+Oqx21NrqlA=,1343.0
consensus_latency,acINziKKeRpb5fyo5/t0gFzWgDGjpwiWQ51cOkHMKvU=,1343.0
consensus_latency,ijS/3wnX1NwcV8xF9FEl1B5J8eZst98n8XHsYoikNjA=,1343.0
consensus_latency,xM0iBD7VVfMVzNqQM6jhBS7HxSVCkkHKZGsDlDCTUXc=,1343.0
consensus_latency,Rzz43HwC5zMhYms73SlSzQ18Ju+YjKNS2YLQk5mMLB8=,1335.0
consensus_latency,elsIuG3yp7SQIiHq4qStudhlSr8u2kq78QrC4OxxFew=,1334.0
consensus_latency,fDThFS0igqceHlVnfyMesVadrXOqd3806PvBLkRjGtw=,1334.0
consensus_latency,zAiI2phlCyMMCnjMBtNrpI/krzbGm2OhWqqg05CcK6U=,1334.0
consensus_latency,/m52lJgPKnlu6tA+P2qtsjCeM7efP4/1OJNj5rfXZLk=,1334.0
consensus_latency,DZyXf9aTzLHbQY5fNYVCUsL6fmIHfmTHX28tN5XrqSs=,1345.0
consensus_latency,RALnZDiBFvS+c9CkJhl8myqnZBCi56+BDnnrOlPJX+4=,1345.0
consensus_latency,mjqh6RyYPXObvMCs4QPRKP6IOKWUAs1PsclJo4h1CMQ=,1345.0
consensus_latency,qXFYJ5Uvmu8MIBGnem915fejaBh11W119R9f7gvq7Yk=,1345.0
consensus_latency,wK8fiT1Pn/K5rd29cJW41nZXA+/J6Ptp7IEBfDpW3kY=,1346.0
consensus_latency,3lUcHxhMXAiuiEdE3bw0B15oXb3QdsuioSzEgFxTeWU=,1346.0
consensus_latency,GVCCyysCb16ckwdfJtxwsBrhG7m2D5LJiilMelXGrC8=,1345.0
consensus_latency,YgHomcH6ePeGGn47ya+KdfcMZ2zjWXx5lm1AKYHKalU=,1345.0
consensus_latency,jfheKV6LUyMb275h+mWutKl0pm3sJKimz/z6HffCGwU=,1345.0
consensus_latency,mfgdx+nCSoGa1Tus2raT9P1EDz/I/mvSB88A+v9T/38=,1345.0
consensus_latency,wISucOwhr3rH1mf7CI2uYqmdmsDsZKDP9YYxyL20lVE=,1345.0
consensus_latency,DtZXBzY+Lty2005vDqP6oxgyD+MJFwxIh2VmqpFHoN8=,1345.0
consensus_latency,eIEtVcivEJtTG1Sfya7LBm3Grdefb8zHJPZsYU5Ugxo=,1345.0
consensus_latency,mQUkAZXhDhKv20uvH49FFzW78/z7N8TSTXkDYL+Egso=,1345.0
consensus_latency,9NfNc5ZncliTHV0O/K0BEpmC27dix3u18MW0fY5PNH0=,1345.0
consensus_latency,9/iXvTMN1vYzgD7oDEUiiewKaTuPzUmquTrXs1vogC4=,1345.0
consensus_latency,LQkISLZj9QooK0i62L9sycezek0ZAPSRbgcyu6lXFZk=,1348.0
consensus_latency,ST348T0XEfTUVGaZZokDr8Ln0c/Bj11zBbFc2N/BfH0=,1348.0
consensus_latency,WiAgKazf9pVF/G5xA8GD9dCSmsnv76qsCDeDOs+1TG4=,1348.0
consensus_latency,6oAtHfaG0Sva3fMTVXMm5kpr2pVZ/863kdUAapVDp7Y=,1348.0
consensus_latency,9tcD49ePk2akdt/kdub2w7f3KIs15d0hKAWcGOY1KB4=,1348.0
consensus_latency,MGX73A2m7HmO6TEaIOE9cmsgRTVx2XRmFp4aaomlIQc=,1349.0
consensus_latency,kpAqIUDGHNGBiD27Ygn/xvbXjb44qPK+/dJnIAFA1gs=,1349.0
consensus_latency,2j+9IBJkuk+YcpmVzasKRe1+nPK1FWy7cQNObydW3h0=,1349.0
consensus_latency,6eKAEptAH6W7tQAWUr72ETNr5E9Q8lL9a3tVtbTDBiM=,1349.0
consensus_latency,/5Smbt8CboddDqWGyko9QiNhwZSvK7pBKqBOJRzXV+w=,1349.0
consensus_latency,BiOxC2unqagYqZE/dEFkxxHj81xwZWdZlOnUdKOy6VA=,1347.0
consensus_latency,CrMFtSY+8rJ32pINTtaFVeVUupLm63uXfZW5azPFoOQ=,1347.0
consensus_latency,N1/NycK3dxmIglzRnxMwbQn4iCoANJdm5OJWiuaCA8s=,1347.0
consensus_latency,t4V3xuqkUw/LUgiGnzytx+S9W6IuXBf7FJWnfzvOOGU=,1347.0
consensus_latency,SZtZS74BvWLFmc1zB2cEbzQLaoQbtpbXeFw/8/ok8sE=,1089.0
consensus_latency,ZJEa/byvwZECs9IiS4cuiHnLonGxAN3k8jIN+oAhW5Y=,1089.0
consensus_latency,gjsJQBZ/3DgS1ZVLmfiA05aZ2NkCCaEpik/32A24BTU=,1089.0
consensus_latency,7/MlW9oIvURQX1BYQS5ojtJJIpZKp13Fm4vOpvTKuEQ=,1089.0
consensus_latency,JiChD2niv2tNo/8cVNenMlegzMnna8rif1NQa+u/k58=,1080.0
consensus_latency,OvEqgTgRQrGGBtfETpqNS0SglxihMLS7I78+zMuVm9E=,1080.0
consensus_latency,qH7aKTFUoIGfGIJvmXFqC/t8SwSLScxvwvXrc1s4d0k=,1080.0
consensus_latency,4niWsLBlGdV7pRLaVjDlnmmT2yyV5hauVb5ltO0SBzA=,1080.0
consensus_latency,+9unIBkrNeTh6vAoNbE2J6CRRwzcblTml9ZEq76hAvA=,1079.0
consensus_latency,gbS8XbjF0knS53SU4lR9DrW21318inqFwDeNDlPO8NY=,1088.0
consensus_latency,nxaj46n2dJJLFh6fWXkgdggnRBEkDJqUQr+SAEsijm8=,1088.0
consensus_latency,uvwfis+WBEpRL/SebX+VN7zfFT7a072XlHWhwzzdfck=,1088.0
consensus_latency,xomsjq2Xup26UsoE7GmCfehv3FIonwt0T//OF27tHlU=,1088.0
consensus_latency,0ZLCsl+nLW3zLsjL5i1XUrJkFOGPSx9bba7C8NqvAHw=,1088.0
consensus_latency,Gf4YbEMHV/o8IKtdm+Qa4LLzsUlSQCx/Vqr60XWzvJU=,1085.0
consensus_latency,gUxJiPcxbfRSO+xKSUsy1cyhyAbO7AtdHcszRq/arfA=,1085.0
consensus_latency,12a5ZtEmA9E/zeATpc+TmO54YiF292AzRULWFF6OLaI=,1085.0
consensus_latency,7SqPWZXufjRQzzXCjix+w0N36ncsH6Cj3+X4Wc9SPq8=,1085.0
consensus_latency,9rvFT/y/H8xPwDldOpEv4xs39yoaxcNNxi0RCF6dJdo=,1085.0
consensus_latency,P4Ea43s+kzfGimWr56As8V3VDHWek1HbBJCTgLfOY4g=,1077.0
consensus_latency,dLFzwftEFfUviTA+S8k6HucW/PW54qHNjkGAViTGyDc=,1077.0
consensus_latency,4a2Yv4nEw2FmUYYHfICouH+TROLawOUR+C+W6gln8+8=,1077.0
consensus_latency,7VhkUNAD6YvwSXxROrCLUKxOUy9wejOU6/BN68TKujI=,1077.0
consensus_latency,8SYAamFEunhlNixp7aa69UmfPtx7lG9KIEElmO0OE7Q=,1077.0
consensus_latency,Hz8jy5xYtkImWNI0ZIYrnZXUGDpP7onVlGRrItYZLiw=,1088.0
consensus_latency,KU3ScGENCI2rgKFdClz2vUaqmcnvJpCEz6RAF7quOXo=,1088.0
consensus_latency,QNfe4HP5B5CYaNNSdUyZIJWnA0gVQdjTj5Nk4d0/q4I=,1088.0
consensus_latency,Vg1nACTLh3XFCoyH2EmZr6AINnS6hJ3ZpKzHTgAsPHI=,1088.0
consensus_latency,rP03cArSY3y1CjfK07xfPIW1kcxFvTdqKuJArppLwuw=,1088.0
consensus_latency,1wTbculiSjXwh3gdfIDlzX21CtmURN554F6qnISXk44=,1088.0
consensus_latency,OOmXM5PzKq0nPIBY2O4S1sOJOAhvs1cOra2DzojGCYI=,1087.0
consensus_latency,XrkJsp1uSWaT4EhYm2Q1wNDusaON5p25Pl9QuvCG/ak=,1087.0
consensus_latency,ZCabJQeb7zqVMJraZCrNn1/geTLFSZpoqq8uOPzSLUY=,1087.0
consensus_latency,26PrVIKBwWrKo7G+Bp7nhg49HmbTJiam/IMx9gWewHs=,1087.0
consensus_latency,9cV65a4NZBURmSnRE9mgFxw12WkekLPkJZPf3Arg8uY=,1087.0
consensus_latency,BEkFihQpJfqcPaDlAWXjc+Zog19klSeEC3NGqQG1Sn0=,1076.0
consensus_latency,J1cThQ+yOOCFifgzkzXSOeu9tAOjoazWQrhAYNORpOE=,1076.0
consensus_latency,iCI9fofXL8HhpnznL49wugex8XkwhrkOttnKPzCHmZ4=,1076.0
consensus_latency,rXKGyordOWbv0hgCD2QsMHrXhOFY941GcWDt9xNzdzQ=,1076.0
consensus_latency,yXQEueXAbuMtFPYnkhEraNRuypJnPrTyqEbB4vqNeLk=,1076.0
consensus_latency,AKe/uM8NiPQqN51id8qkeeVyGH/BGwC0hTZjtRvray4=,1091.0
consensus_latency,BNttll0P+bgbo+fvNYE4jLckjOkm9EnNxSXsGCoInyM=,1091.0
consensus_latency,RLdAE/S4a+rGuelDo8cck9PaKmvEEGtY0zL/wCrnvNw=,1091.0
consensus_latency,caq7nBd8x8vwRpdiIhiFmBHl/qC2hZTTGgqw21zzzgs=,1091.0
consensus_latency,kbRKSOcLlfKwfpDaqKUKUZWuRG0qF9f60gpeLxsGoQg=,1091.0
consensus_latency,/zxUjBgWQYVKhjXEBq0zlLRtBvNBuUc+QG/7s9tElPo=,1091.0
consensus_latency,A/ekz4TeSZlI9mkbBn7LNxrSmUsBljM1dHJPiWO+fSg=,827.0
consensus_latency,K3GcJuR0EdMOXX9xsB0VMolTp4FDf3jFY0S2f33CUPY=,827.0
consensus_latency,PRT1pqJursUv7pk+FFCDIw6De3nJ89X4P2qzOsCzYSI=,827.0
consensus_latency,PvGQX3Ct38tNQZqDuLIqQUOfpLbVQ0Xj2zRWcHGAV+Y=,827.0
consensus_latency,oh7V7KP+9NG5RuS2ebPRHbcpPKBOynDmUGXxhWcsLII=,827.0
consensus_latency,EHshqoF4RnOVHtZ7O9vNK1NPy204D1Ghx6LpcXd144I=,827.0
consensus_latency,KTg0TFC+s65keeqFVT4qFMsxBUPuhwb9jTU/XOQiXng=,827.0
consensus_latency,RTSN/pAFLCFIHv6VkUL+aDoEwegGqCafRXrPjeEPGEQ=,827.0
consensus_latency,Ytg/2A2meYVIsUQ10uA7uAThuqh/MG1sv1AOAM2JLHM=,827.0
consensus_latency,v2fOqp4yXE+MXgln8bZYmEHC8EsaIuwulwtikwW4rVg=,827.0
consensus_latency,B5Y/q0rGmmOu36AG2+J9oWFmV6mwgen5XLDu9+w2+NA=,825.0
consensus_latency,fHl8Nyq6ztcJ2R0Ho/alR9YyBSmBIRhAnKEb93+YWxM=,825.0
consensus_latency,hIk4+kmtargJxKdVSfADq8NAeIyg1qssxilfXqjS5Vo=,825.0
consensus_latency,kfLrusKKPUI2trUEW5zO+WmnthgI4ZNvrgfmv2XfMko=,825.0
consensus_latency,ldzV1NWsmElxlwknD9Pp/qGh+0GK4gH0glWohFDrd5I=,826.0
consensus_latency,nEwpix+lyFlGXLO1q/sTYDnU4A81E+OrU/cggRo/VIs=,826.0
consensus_latency,nYa9YmPUt8McvA+eYccKuvP2IX9MHNqqoKWYXAsNQ9Y=,826.0
consensus_latency,ri+cqLwohCjDU6EFGzyXG+eKMneqeuwDNs7ujbBz8uk=,826.0
consensus_latency,86yvAj7vgIDD73aUW5bLRRT0wgqMJSl/nY6J2bcj7a8=,826.0
consensus_latency,TQW2WbSFHJMDaa0fwZLNpge+bdOD8dOF8Drv3mCz/DE=,823.0
consensus_latency,TlTSkT1TD9ZZnfz53pf61Acnx1ouTiG10t1VaSnYwkw=,823.0
consensus_latency,bdxOAW7UOR54hvnpmNtMi6gyv6KxpfqyreG+xARm6PE=,823.0
consensus_latency,1QEfrfWZr5v4qoFundm2d/ADB+hpdbLpPd1lheIp/5Y=,823.0
consensus_latency,3/Wc27/RI9+4JNEq8ePoEeAJGwnXunO6lu8r/4G129o=,823.0
consensus_latency,QPNOjNbWognfAWLWFfdAm9uaceQrqvYSfz1QO3CgIBA=,825.0
consensus_latency,SaaV1nf9PZ5VS46b4pjsJ0wMssPRy5X46s7ECzbE6GM=,825.0
consensus_latency,cYyXKuUa7QgKycto5V+kOqVsk+ajSSgEo939leOrdgQ=,825.0
consensus_latency,hBsk+fxsylKPdDeuABpGNLe5QHw9SNS/Aa1+qzV1hkg=,825.0
consensus_latency,ym/9bkH6wTAZM/Pp1p0a4+UT0gZR4bU0JC3tIgMrbg8=,825.0
consensus_latency,MP55sCFSqU1zUhOvyLBV9yfndDnc5hDKMXqVL8SrkhQ=,824.0
consensus_latency,WDLIGduHIZiOyUPStNwGkWwS6ePHtdeaqGyn6NE9YUQ=,824.0
consensus_latency,tivHQ4cLNbFRdNUsW8K4zx2ef50neoPZbVXMz8yNuRE=,824.0
consensus_latency,v8M5IQq53DKPgeCDXkIFD55q1Qrv31nCkvMm27ncRrg=,824.0
consensus_latency,BVC1xlit7sJueO/7CYvuy3E8r5TzWUh9ifI5Y0pYT/o=,826.0
consensus_latency,QrX0A6RxGB+yRN/Aw6dWIL/abCiizA/MIt75ukUjZ2c=,826.0
consensus_latency,cLI7BD6IF6TGhGiAdWx5/zc/idSM4lqrKykEpr/UuUY=,826.0
consensus_latency,hDcyAIz5X08OV9kPw6ik6Zlq6fonUY5KFRbfsF27hYg=,826.0
consensus_latency,w1jdnE+Oivomk5GCixq84sab4JCtxj91OYpG+0vsdCQ=,826.0
consensus_latency,PsknrcwcARKRgczhGbTdKAPllUGZ2BePAKq7yvCE6+A=,829.0
consensus_latency,nCuz3iLew3rP27GjxlxFaZlva+8ru5kH9KQFYQ84lBM=,830.0
consensus_latency,tNp/X/s5o2JsS9KkzOyL554oZk9FflQS6IO/8fY4uSE=,830.0
consensus_latency,wqdyrkA9FYgbh5YeD/lRnOetUmJk+rz1xeKY4sOw7V8=,830.0
consensus_latency,HwLYSu2SOwdHf4BnBYjW1Efs2BWY89JDHPtPiWs83gI=,563.0
consensus_latency,IFVzKyAlyOLmr8jC/z2EUZ/ndroUEsL5/VOOXKUU5Jw=,563.0
consensus_latency,nmsEeDS6TuyQWC0OWcOHxg63OsvfYTsjGuf3lUYHg9A=,563.0
consensus_latency,pCNZcIz/CC79+NgtEykYFUo3c+K8FxssqL7IwbaxWEg=,563.0
consensus_latency,xGKodW4EpwzK/VqzlUXpFPnzcfMos1tcsiCnkWaftEg=,563.0
consensus_latency,0fnotvSDVeTiVPpGP6aEVYarpciKnmZHkDJA4ehY4ck=,563.0
consensus_latency,EXGzg7NU+veuJUg+ckBy49DOUHJRYAli16IT1vzPLS0=,1416.0
consensus_latency,LzHMYGvpqEwvl9eVz3VDtv47VhxpOCOa4pj3g3Be6EM=,1416.0
consensus_latency,bzeyKaZEz1MVwKvWMpN58rSC20cHxIn2LBWzR9KRTf4=,1416.0
consensus_latency,hsVl/U8IGusP2vFuq3bg2zUR8P9meztCwwpZmmjq/js=,1416.0
consensus_latency,j4ep3st5YkAkgy96tNss6+kwlFXgmrjTyE+ieA8NOVE=,1416.0
consensus_latency,rDc5yulXZ1E5704XHcwsJ8/+eu92sVGx3X1uEHBRS50=,1416.0
consensus_latency,sD9jnwUYVRbVRbLThXY7OZAv/NkrNveyL7EC+8INCCY=,1416.0
consensus_latency,0eUFDB2XH+dBpYgDWhIGdc5bOVJ5MjGxXkFnMO0q8ww=,1416.0
consensus_latency,7h9SenLQBEk1mOaE2ckSRWiLmY3pJHy4f+zSwo/ltqc=,1416.0
consensus_latency,DRh4cOMiMYhdIocC8vMd/2XLWfTlzzYhDTteu1iHHlU=,981.0
consensus_latency,RfBXtviJGGiCPTgYLtFfoRBE7swOiw2DuRtiOxzzeME=,982.0
consensus_latency,vnJvQmdyxJFSJg17YactWCYczVRe1A4DYv/NGUvVofI=,982.0
consensus_latency,72BGJGFOv2rGaQKs8gzwHQORxoZnkFaYXpIfRI3xN4g=,982.0
consensus_latency,LbpdVI+Xvt9ddWwdf517uwASdM5rhVc/7KI/Ff7I94M=,980.0
consensus_latency,N5fyeWGREbRogAguJWBC0Vbl1Oonx2sFy6M/x71Eqdk=,980.0
consensus_latency,RuOrrG4qwANtyUV61jwrPCYGBjHEQrpvYlIwI1VVvtw=,980.0
consensus_latency,mMFoyLlqlc+6SLNeuCkdfw6z+YfuQ9hi01S5/oc7qGQ=,980.0
consensus_latency,pndLcAj7QvGOIUyNqz9AYZYL/OocaqK8nc/QydMrtS0=,980.0
consensus_latency,NmIkwyKmfapydalXjRsa1qnRVB0fZbAeaht74aGSgnU=,981.0
consensus_latency,SUMTM66C4iaO23EcjJwQDXUW5HrZFkOTaL6P2MqhspE=,981.0
consensus_latency,g2+22EhTLB0QAuKJ+g0sp5wlo4E4WtCq8WupEtIzRnU=,981.0
consensus_latency,xc7MFE+KKDvTBd7mr4RZoKwN6zzKKdOKbStyC6wyL9w=,981.0
consensus_latency,9DERmd6h6QKwxR1UUa92Np8x7q/OlqIU3Su+mmlNDO4=,981.0
consensus_latency,IjRBbFgrTT7fLM1+5YVOID6xeshjMfqvCh0STDoGbm0=,980.0
consensus_latency,K2HlTGl5vyHXgLPb1QyDmdfOJDwNFUg8pu9Cz4Xe+tw=,980.0
consensus_latency,UyXcgOB8b1mGBaJXE8ixf7I4zFNeqPm/jtHq7rOsWy4=,980.0
consensus_latency,kt+Nj+W2AHVdDhHSDyp1zM4WTG5EMdHbOKdApbOSyAw=,980.0
consensus_latency,uMAWqIpGYA1HacnPUduft1rl0axEq5DaLWzKf7vMpws=,980.0
consensus_latency,2GZPASC2OzKwXHb7V1BsvYGpC+17aApTAJ301nzLgcI=,980.0
consensus_latency,Eodm2JVeJtVcNAtE7fART7BXdtI+n9pR4RPgeGId1mQ=,969.0
consensus_latency,b9L7V24uAhm36OdMj0WvRf1z2CRV6Ia8koKSGDPZ1PQ=,969.0
consensus_latency,pR/BOGtSnSXJxWfuTfxqrP/mjcMFipl94bcHIy1SSV4=,969.0
consensus_latency,rP0IzlDZ6t5CuYu0ip98z7GA1EMEnZUHbaCey8zNV/k=,969.0
consensus_latency,Ghj+K2a/NQqXENpMxy5TMMtisaRIRrGfAju27BPNIRc=,985.0
consensus_latency,Nj38/dNJj4Oj8v0/3M/jeBGyt4Cyhiy4x40s0l4Pi5Y=,985.0
consensus_latency,kZ29QTRBz3HXRsKoJhp3qwDJi4+CjO8h6S4E4xbypT8=,985.0
consensus_latency,sKUhtBYK4dxkrArIAoQjEqgIdkz16Xv4nYiXVTfQADw=,985.0
consensus_latency,EQArmYdgdBN9CU6YHGYURn8i8WyAVQm+56Jebv5dfZo=,981.0
consensus_latency,KTH5UE3Zc8vuwtFmJMYpJVjbEmuh6JbL+Gfnr6FBVa0=,981.0
consensus_latency,UM2PJN5vcCByKyhMSpW9MA6h94X6Sw4axNP/Sxigp0I=,981.0
consensus_latency,WwMB042aENnHyh9JqtGXc0+V7kOvsuXeOaUrmJvm9n4=,981.0
consensus_latency,2rIlHYyymp+wD1f2MF4bzqhWCRqQJImGPi8+91CSlaM=,981.0
consensus_latency,58p09jU2Cypk35OuaVY6AXHA9KWc5cW9FVWTZf7XQ/Y=,981.0
consensus_latency,aRQBM3AfbEDDsdRanNCCif6XkQ1Zh/Xl2TUu1K5vM3s=,970.0
consensus_latency,gN+eZK4wMeP0Q1egGAiUHxH4fLDMq3TL/HP6KMQVd/Q=,970.0
consensus_latency,wAubyntBy181Rd+dSaR5hGBHkF+gXZGv2yg1MxlPFnE=,970.0
consensus_latency,xbLqMZrfMpoY8a0q2O/Tro1Wubwq/0LvHeMo/ltoBkc=,970.0
consensus_latency,006cbBhu8Ndz+sGd/Ixs7cITQW9PW6Zh0Wj4qB/vID0=,970.0
consensus_latency,FfJLmsgHKNIUEEnHBRc8QsxQdAyjiOUpy+mnzp2Um7c=,724.0
consensus_latency,pZ4SVrgPetS8btaCTgpqIG2cE5KznkjWUJTaS9VkEM8=,724.0
consensus_latency,zZ7TGOFFZ4+4IavTFbEmb34n4fNlEXBaddsMq1LhxDQ=,724.0
consensus_latency,6udnyLoQKH89TcGDoQd2HaJCFPnIRcZDVnu6K8kszA8=,724.0
consensus_latency,gumxADHW7/+qx9ypAh6pRR7Ner2RjhasazUCtwRuqRM=,719.0
consensus_latency,iSIN2VZI03TvXTAEetT1rGWCBUbmu/vRO9kzwc2TbA8=,719.0
consensus_latency,i+KoOiZqdG4B9CMELUsuk5XZSf2GT7Xp2VVqqG0mstY=,719.0
consensus_latency,riPbh5lSqo7WdApzu0o3nAzy6Pbdi57QOlCQ6vl0vS4=,719.0
consensus_latency,09JhmRleCdY2LbRKM/hmseqkA5vWlKd63ridLC24VIY=,718.0
consensus_latency,Cex9p4eBM7zSse4vdZ3VwQBO17vzB1DugVRaeGxO12U=,719.0
consensus_latency,Ry92RWkRYJqhcKbbLqTmGppvCr5AVhI+xEqNDmbzMpE=,719.0
consensus_latency,ZAHNYXq3iHEPqS0X2HfPdC8LMp3ruGWH0t4jKiZQLms=,719.0
consensus_latency,dq88rdtuu7gmEU0ajwR9qQGBjkfjkZLzOpbBX0oMzLk=,719.0
consensus_latency,vykJXwTAecldIbTwssRB+P8LX2PqSLQUk9LyG/5FDAc=,718.0
consensus_latency,JpTXuxbyjLIQwCoPlWbuIlfyJXjvax7Fzb29Q+HLSCs=,722.0
consensus_latency,YJcNn2R1mA61PBU52Pxw/q3swHHwyfUuiqkSCnSrsNo=,721.0
consensus_latency,lFvNQBspyKXIWnOfbmD3e40oNHyFXCKO/LW3GCUok98=,721.0
consensus_latency,ughdfiLKDVVARyQ5k3Su0PQkztrlFZJ+IHWoZH/iSAY=,721.0
consensus_latency,1ODtfvpbjoC5KZyxEbOl25c45jxn/f2J/fd6ocRBuKU=,721.0
consensus_latency,5LDm/nv+JmVfKSpVBHcQZ19RNHxomFNTjhFS4hAl2Fc=,721.0
consensus_latency,RzFzgiI6yY5IygOWvpDPyYD9hviEJCyDyhv3+ZkoBZ4=,722.0
consensus_latency,d2weWeYZksU1oLD51ZxLtkeueTfpWjmot3hptPNGkKs=,722.0
consensus_latency,pqZkitDZMgHR5GwX5EUVA5W23MQZcgY+Zyf8pJFrQQA=,722.0
consensus_latency,15RcrBOK1tf5xWGkmw/6ClFbMpLCmrvLdeWD8hJ38Cw=,722.0
consensus_latency,3RCEEG978J4hhjhcQEONnT8Bjj6cPOXPP/Ig18eItsM=,721.0
consensus_latency,FlSnoGQ7i8cNDW+lPRigwjUXfmwaiE3GA7wIwIsUJcg=,720.0
consensus_latency,I4YJfYfj6RImYL0y54yXUjRTnqOYvrX0xivEZh+HQKY=,720.0
consensus_latency,LCXoSHekRSk9bmEIsv7g88RXtJ9W0IeYiuA02pLozyQ=,720.0
consensus_latency,5aQPI3pd/lEav8TV4e+v1ginw9NF6ffA+O5DZCjp+Cg=,720.0
consensus_latency,Qb3BKmliQE1jv5LnbFQphqNqYr6jqu2zJSOBAtGov/o=,719.0
consensus_latency,Q7YX2AAAVHN0dw74tYS029rp2oJNsULGhVjpzbM3OTo=,719.0
consensus_latency,8gRGEsfczt4yEgv7dlDxHg5AUueb2fONh2efeabNf+E=,719.0
consensus_latency,CCaArye9J9pSTIttAQwM5F0qbb21MWiLkFm5zEQeiFc=,466.0
consensus_latency,RnxRGdGowbAaBXBpjbLtuYMw71klmKH0M4uYIOrAbCs=,466.0
consensus_latency,cHv4g5DNwf/R2C/ugJO9rWxAsN2o0Hfm8pC6DK+0QRs=,466.0
consensus_latency,lLbZ/V4+AXRlwV8lx9x07ObxVm+mykAzT7CxGZOJdss=,466.0
consensus_latency,wgMcGFa0Q5Ai1km1bpahANATuIrJ0QdlsbXugoZq4hA=,466.0
consensus_latency,7SwWY1S8AaY0wkwkAR2qub5aR4/9YUO0rYNJXNBDL9I=,465.0
consensus_latency,NhkKyAonq3SUZqhpo8SBXnbZSmJhZzrsszKBddAObNk=,1720.0
consensus_latency,ZzXZiPepsXuYaLxRAPEE7ZIketmMfSzkvn1CbV05LzI=,1720.0
consensus_latency,hzsScIdRb5Hx4A2MU6QMbZ6Pncf4/RxKdtJR53PxgIo=,1720.0
consensus_latency,lJOO7zoQMYXfvezGDAjqxBiIb5XuefHnwQO5N7OoQbc=,1720.0
consensus_latency,0Y8jS6pOW+L+SrRYBerRc+HAjFpEaOHxEqT4gHoFv1U=,1720.0
consensus_latency,ACsn0yOQHwwJL45xKQXozHpooL+FF6zRj5p7/9Gkg0E=,1544.0
consensus_latency,Ob2qgxyVfJULIbxJXWuTA3AWnQnFPskcaK20JRKb7Kw=,1544.0
consensus_latency,Ybo9hDhLtn/MS6beYu42AfIMP5jl/xbphB4BzOghAZE=,1543.0
consensus_latency,kuDWjUf9IXoaxQcg6BlYoVLkVbj4x3AEQuARAArVvt8=,1543.0
consensus_latency,9TNn7Tm3I8o/5/WGJgwHc7TcxYjCBR+Rw/6OaXJQdbA=,1543.0
consensus_latency,BJ5dXNHIPbfL06JpoUX5HOariUX8epHLHAQlOKne4go=,1543.0
consensus_latency,Z6/L57BpQXCvZ9BBUpzikLOfjvUBplkunhSv/7LI5o8=,1543.0
consensus_latency,tQ2h7TqPlI2TwLyFKPljpsiSzivggy3mAyV7k8NObCg=,1543.0
consensus_latency,xQZ6IqUjaB2rG47B2HAGyit5/7iOXyhAeXZuPE+e0xE=,1543.0
consensus_latency,3GsBZxolROLCI2+b/9VNn5kssVNsYY9Exr1/EtEWWH8=,1543.0
consensus_latency,8tmVzHQc3m1gVuqg0pZoDk3nAct7MgIhH56BHL4vq6E=,1543.0
consensus_latency,apLLSIlul34130iJZpPJJv5sVDV6G/2MYuW1au5fcGE=,1288.0
consensus_latency,1+9RO6465migwdfi6re2rOqiAamoiC6flLOre1s2hxg=,1288.0
consensus_latency,+ZoN0Gk6Nz9Jm1vGh6qMqYgX1pBA6eF+CftnHnE9lAY=,1288.0
consensus_latency,/QQpzF8Xv2PPkpKwIyjgo+R4+nnQb/AO3Sn7hGOVVXk=,1288.0
consensus_latency,PphMTa6KHdIn5yDHZbbxH1EmH5UMZyjbD31vx+ZVJPc=,1278.0
consensus_latency,T3AtXNugCAx54Kq8Kt8kzAwmpp8CIy1TG7rJsnghKsY=,1278.0
consensus_latency,Xf+qt0bsROYI3cln+1gBLarIro0xwTIVfowFaT7DPYQ=,1278.0
consensus_latency,Zi9aNy3OEvmicUyrHOKm1HWLK0/l7/BIlTOvDYGzhf8=,1278.0
consensus_latency,uguv5dK9QTuAwbNb0TM82RefFVXv9kgiv9w+G0MEsgE=,1278.0
consensus_latency,KAszgJ5W3N/0ydgnPOpVj1NqculUYIGlNoX/Q4yXDWE=,1277.0
consensus_latency,Ztd1xFCdf2HGKaGNVIGSGAZwhyN1eBwa4njuWl9Ub8g=,1277.0
consensus_latency,xhF45RpOzLoZdTAXEQ3rl1pLICV4FphHQ59FD1ajEhQ=,1277.0
consensus_latency,0eHwFZPLvCRUI8PMVZc31I5BafPU/WZyGP56ZsamQx4=,1277.0
consensus_latency,/YmLjRuM18ZDKRryTT2gsTM7gWEMvOuPxjQhlrHkMeI=,1277.0
consensus_latency,T4epmyB2y9bocnzKQsYZdxxxyh1i7H4nmCy6i39N/jg=,1286.0
consensus_latency,pOMJfTTvJ/u7HDApJ6tO6ZD7fNcOUyrDr8Lvh/I0lAw=,1285.0
consensus_latency,2x3iPnIQyDtbin1FNaIm4In5QowJrQ4tBaXsWq4o3m4=,1285.0
consensus_latency,47WhmY9r3+pLGjtIxMVbwnv8N/Ul/yXHRwpv0V9tKU0=,1285.0
consensus_latency,dwgnUKxteiRU7W20tq1JrwnDPIu86q6jYmGYUGY4Cuo=,1284.0
consensus_latency,kGJ80MiSRUIj1ugUoyMrCg3nbLiL96r6IlcT+DwilTo=,1284.0
consensus_latency,nSTmxDPLlRszP7eS0V0dWHx0AmLSv6Cub6T+o3XxH7s=,1284.0
consensus_latency,rkGQMkl13ulZJxjJ9jtLElSYyaJbC1ko6EyjhZchSKY=,1284.0
consensus_latency,uJJflPPTIAwToG2oNIbg415UJb+TzATd9gyPpqs0Ztk=,1284.0
consensus_latency,CsC9pvG5M6IALH2Y7PB6o5sKXHr8p59mT5cBEWU7hbU=,1284.0
consensus_latency,YIRJIGo7uQxtmlBJzPFblavm/dB6hhvh7wWXpH0mTDQ=,1284.0
consensus_latency,oFVMMvMz2QMLIHyNBozae4Ffb0d0kOnD3NUH2i+KK8U=,1284.0
consensus_latency,uVBjWLy6cTKAnKC5GWIa5RLSMT9p57C5cN7sMyUj9SA=,1284.0
consensus_latency,7I2Tp22wbZ0LUU45hTObIl1BIYBsUpYd8DHK+01mCeM=,1284.0
consensus_latency,HKf411u23xGgz3ATD18K8ZfPMcPCJgXJLJUn+vEbdrQ=,1289.0
consensus_latency,MNC/NgoZrjGYYWvj2L5Nl33KngIbQPSXsbYDI8hI9wM=,1289.0
consensus_latency,yB137mY9HSFAxGPP+Nd8mCeMzR3SQq4N5SkcgumAF9I=,1289.0
consensus_latency,ymFRM08qRZuFtHv1Qnbs8xLBVxU+djLN21majzy8KJQ=,1289.0
consensus_latency,6Gydr3M59lXksfGYUaYWvZoMb51i1x7wgGMAZCSs+G8=,1289.0
consensus_latency,ck+mCrtiNLWix6KEiBtIGe/H5yH+KRwp3unS0FUJBhQ=,1280.0
consensus_latency,ivvxyWpURQYxrZODdnRAQeRb08mWtBzXfSUk6Jkh29E=,1280.0
consensus_latency,j+8SFL0ZNXFaIgkZBBpt6zxuyWTZjjOL3i3cmF5NZbc=,1280.0
consensus_latency,j/0fB4MRmphRaxTtDIjLedQWwJFwsRMePMO0tGKDf3I=,1280.0
consensus_latency,qAVX0tMA2R9l8oOB0yAxQtoA/9ElukWwXgbK27zaHqM=,1280.0
consensus_latency,wZ86rXRdZvMisxFvPLDYG4TNcTvIDFGHpYUj0QqqVSA=,1281.0
consensus_latency,K5bN2GUR2uCANQ3gQLpmlnyvGTC9/Yom+jKaEBxUv4o=,1012.0
consensus_latency,UAHqPDQ5luVc9MUK6bgbONzYiVVadJHpD4xoeQDBKvk=,1012.0
consensus_latency,gLZxyMTykCWB2jniQNnlf4zGsDxr/byQJ0isY8QVdhA=,1012.0
consensus_latency,1AKwO/NIujbxLTGybUWHKv5skN8hialMI/YSs5ce3iE=,1012.0
consensus_latency,I98mqnTEU6Vd6X53ipHU5fbIqbVaQT82PZEPpT0LumM=,1013.0
consensus_latency,mmmaEa4s/U5LbBvTc83729qKocI1jq3b2Xi/I2Chfy0=,1013.0
consensus_latency,r0i1ZnqHA9PS7KdLFGyRUdZZ2iV1byqKz/2/BSllYvc=,1013.0
consensus_latency,9K0/paTCxc0z1/DZ4/YX7zLWwjojzlIeVxbzqo5bf+Y=,1013.0
consensus_latency,AmA/YmaNOf2pW33gxP5kjCLSJ3yiyPoOzgbh0TKNpXE=,1015.0
consensus_latency,IkpbKpaFtTT/8gqtIw9T/r7OASbnuFa3evJ5PwjcpGM=,1015.0
consensus_latency,MSe8LN2pb3SGm6BtZy3fXutbQxddOKg+llVBYDmYJT4=,1015.0
consensus_latency,q9oWSkyagd7493WMeDmFWEMcKbUD9LIFA3CRQ3KIu6w=,1015.0
consensus_latency,57/V8M7lZexoDnaI+LwKQxCppJi3v4jQwsFvKbwYpxo=,1015.0
consensus_latency,7nh7MJ9Qr3gYnAvmXAC2RQs/p6CMe+oB8xVMpvb4KgQ=,1015.0
consensus_latency,Sl05scUHbvTIwaXqIal+LvBtBkuUwfSfSFGXEBU/5PQ=,1017.0
consensus_latency,kmmRAuKzNgKP8kl6WfGJz7s04sRpagvPP/sI4qL5yUs=,1017.0
consensus_latency,p5/v0NPS/1XafgOGI3H5e0hmMrqCysJGTO9xhHeNahQ=,1017.0
consensus_latency,vcjSNuZz3HLWFKiFk8fgamMrhVZd6le4WXgSCHkwzxc=,1017.0
consensus_latency,Uj32tYCWJ904oijuGbe3cE1miIeKH4YhKG6BaMmpE4Q=,1011.0
consensus_latency,Xd9TtXTRM3t9J8KUOvr2Ofrh5t0aW9wJMtR/rkecwMU=,1011.0
consensus_latency,pNtEyyCUcpj4uGVmTlGscXMfVdYmUcalfuLd/bpe+I8=,1011.0
consensus_latency,+5SRcLhTCS5FBYnV1082L33YE5374EKlcQpkQ74Ra60=,1011.0
consensus_latency,/YsEpwSjcmgCnkKZEjVBHdsQjVbkCCpHvxsQFeYAeF0=,1011.0
consensus_latency,KTQzOGbKNGWvp/olSUAxPqh5XrNBb4T/sUpOUYb655I=,1015.0
consensus_latency,s2zeHilTa8fuYTOiF0X3ansHFNUfpu+l9swsSCssx2o=,1015.0
consensus_latency,ty3ii5qTadJlLzkn4gtr/lYvK1/e8bgPQp7kQ2uevOo=,1015.0
consensus_latency,35jrvMeusqzOi89KKwIYKnduXG5BxoPlgeJUVN/k6Kg=,1015.0
consensus_latency,HkA8xCyd24OhmbZ0TOoOC8ObDVmAzQhKfZfaR5WwQLU=,1012.0
consensus_latency,HybTjkemBZK4K2yS6HrlqnxizFuFEaNkVcm+i+J2xgc=,1012.0
consensus_latency,dNiYoHMcqVMwa8B9FhAf1HfXL7NouXpLqw4V6cPXw0s=,1012.0
consensus_latency,dZzF+xRG2jOoqoaM9LF8ZoyY8fuawwtTIuHwVnA1TyE=,1012.0
consensus_latency,vQi2a8+TL4qc3FJiN/7jacCLLbjf/YjaEF2XuzM737M=,1012.0
consensus_latency,38FZXdtbI+6c3EJMl2KkKMqR5Rr42pbgj82JsJPrAIk=,1012.0
consensus_latency,va6+sfKTnmY8wdA0quBxGnv1M2BfFk/SFrRN/CUvPvI=,1018.0
consensus_latency,4QT12SEg8Ey2Ks+g+Z9SA/LTnw7dRuT0/TsavWeS81Y=,1018.0
consensus_latency,6P0q/vsPu7iYReY+Pvp4HZSvsB0FtyrasMhNb+8Xe6Q=,1018.0
consensus_latency,+yYgVeTqyutXTRY87HwFO0LvRu8X+J9DydcZwN00kTU=,1018.0
consensus_latency,N0YLzLjlV3AHVNoAmdI8GrmaRXisqp9p8526tI7GMPc=,754.0
consensus_latency,WmZTGbGcH8ofO35GmKPHqf+9L7A0jb4EywUS6kiTsnI=,754.0
consensus_latency,Yyfo5M2kwHL6EDL8wQS0SiywW45+XfhwQBaDf6ycJfo=,754.0
consensus_latency,hUKhevO0BgGsVI400CnM0Scb+rLcFYEwT5vkcBHn+Yc=,754.0
consensus_latency,iCeiixUrWh0TbIJYIf0mNWUKsxRKnExSNZNXTct+D2I=,754.0
consensus_latency,2ewvR0IbLgm36gBxtFG7YGpjvMBA9WnRtUGhLL/Gkqw=,754.0
consensus_latency,AIRAV++iso3+H1updGa3MyK+N9REtYAeQrLMdctgxfU=,1169.0
consensus_latency,C2t9XNC3kyrKyBzZV1MqC6O+lxgD86k0vP8uEitDLMI=,1169.0
consensus_latency,HV0WfI2NBH7zEKoI5Wur0Ll4i0/yiFtf67tCxKuk24Q=,1169.0
consensus_latency,NoAMSKB+66fjZTRUcaYaAyMNmh/sqTOVLb0XpJL3wKI=,1169.0
consensus_latency,ct27kDY9rbVzMvnKlKC12Wjqojrgm+EehK98WzBTQ5s=,1169.0
consensus_latency,EOivOUdM4aHDm/dnDLg3YqAzG4e2eHfp+dwaPfK2CS8=,915.0
consensus_latency,wtFeleV9iM0qNaCx7cHpK4eQ1KBLzkyz88XkjaBj2qc=,915.0
consensus_latency,5fqOD4Mv8mRlnTI6syLuIukJL6xjLY/TNTwoP4HizIQ=,915.0
consensus_latency,68XoIFbZ5yzjr3Q5YB1y5kWmjwfQu3ylkbI9qzfAdX4=,915.0
consensus_latency,BxEGf9Vw9k1eouQaNb/yLveUEb0iGX8sa0t5pWolRdY=,912.0
consensus_latency,LufpWavivA4OrwndLr+hEjgiWTFzCV5Or97UEOzSB/A=,912.0
consensus_latency,bo0Y0sK0jk13E36bIFELlDgAMdbi+sphEn9y4QDJleE=,912.0
consensus_latency,5N1z4APX38LbCeQUp7JS2udrWMYDTVd2RVuKuKnV3Vo=,912.0
consensus_latency,5ytB2QzKp9b3990GAsIT4clC//X82XA8z+lFAuYnQvc=,912.0
consensus_latency,+kzlt2JSiVguDIpKl5IjdmS7oxXeHztOlAb03RwMqaY=,912.0
consensus_latency,GXw4WHexFrvrHGsiRTaRn+xLdcDfXz99rXJ46NOd/S8=,908.0
consensus_latency,L+2MtZoqfFLPmEP1x/u0VuZ9CpA9aCtJia63pBkNC8c=,908.0
consensus_latency,TEpu+iX/uhEEEwWJkhL2otqpPQ0T+BGxktwVJm7BzL8=,908.0
consensus_latency,VaYquJk/6C7u0AuUT8bkM5eO7uZsLm307x4HsidEcvU=,908.0
consensus_latency,4jvsUTrAWXfOJ07LHrLgWNMEoyu9NY9gc1orzBmNMiI=,908.0
consensus_latency,7Xopn+eSew70SP0qAxz4nfIqKFzVR3qhkQma53meQDo=,908.0
consensus_latency,WSokWVS7+1xxmz9d+i7Q1YU69jddnRUmivdEOoPWg+c=,910.0
consensus_latency,e1u9GbuOcd7bnERKrnJuQPXsNaAl8L2Sw5+Z+QLv9Eg=,910.0
consensus_latency,fVST3a6DkO2FFwSn9ikBKvUPhLL6AdwK4FURMxJxZBg=,910.0
consensus_latency,5RdWkqAGoyNvaj90AoEX7rVrJVgvOZn/0UE0BVOIDZY=,910.0
consensus_latency,+yQzkoIHuxHed6PGtLUG+o31wIkwF9o2kaa7yE7SmxA=,910.0
consensus_latency,BtH8L/TUlxij94wJ6vhtILYmU3ELoFAgb5HQySf4QlY=,912.0
consensus_latency,zVLorIutOyaaijA0xGwgrhnjt2pZERo9Dr80XbrnScY=,912.0
consensus_latency,zs6iunUURF4xE/6sRQ4GkQlwCRxvt8Tr+4m2ZGjGJt0=,912.0
consensus_latency,0PAsNkjBCSpP4qRGWZXXJMk/WeBVdQIEGkdHfl1NSB0=,912.0
consensus_latency,+I+Fj8QDflteK3XGnArpaGG2ZdXPUwHNt7lJp91D57M=,912.0
consensus_latency,elLtKHcg7QvQfDK6LpQu8v7cvNUa44cF/dck2UFTEzw=,909.0
consensus_latency,he5HrRjgKQ/WoYgpVejLL/BEM7tPVa/umUw8rq9fmE0=,909.0
consensus_latency,mdNmwq/m0iK879YaxGB/hwagkjbLmI8XJAPHBY0VF70=,909.0
consensus_latency,smOYuxuLpXGW0hELlcOyLotsQVflS792iv808CeUq30=,909.0
consensus_latency,wYuTAa8u12czq/kWKxnEm5f+O4cGt87Lst0KeM3LQ8w=,909.0
consensus_latency,JQCrGRXAkZSvbYyes7+enqe+jgrCx+AVim4kISNM5VQ=,907.0
consensus_latency,KWwBti2ngIUN56AUCQFUyBB+FAJjRBW2hHcR1nHe/Hs=,907.0
consensus_latency,MIL3hqDTcaepBPwjuTwosLAljboXzWJfnanxnAr2o0c=,907.0
consensus_latency,k91vh6ySPS6nEDJfVfHfQULOaEmcBXhWnA+5M4UQwgE=,907.0
consensus_latency,q5GQB++uIC75eolkn11esrjqLiWxD8of+KZ0lFo5koI=,907.0
consensus_latency,/vwY6YtD90Pm+Gj5UFLF7rkQZxE1bznGAAamHNiB4bM=,907.0
consensus_latency,EWV6XOC0QbmfWLw4ml6S/Vn/PtBbqflbphBvRO3B918=,909.0
consensus_latency,l7P/4VszX5jNuOqyUXnXwQlF0YGRlfX6/kEFxJ5egCw=,909.0
consensus_latency,mg2f9Ue99bmf5cecxAbrEROOPLChyzdGoTejtwUS46w=,909.0
consensus_latency,mngOlVY9mlJGlsu9ZkB/F8iTnKvbKfWk6Cd4w/aZfeE=,909.0
consensus_latency,op9qmD09xQA23mZyZqpGft9nD/s5USPT9fhuMEJCzNY=,909.0
consensus_latency,vYentgpyEeHSCVBJ8nlbfD1PwzqiEajDBPtNHnxkscs=,669.0
consensus_latency,/TTjb55tcd5qaxBwyXGyvKWhOnj5XshsKvIp7VkUk1U=,669.0
consensus_latency,/lGYJWHCtW4wAEiDd6Y3H0TJXEyoIdaCWoJNeSy+kGA=,669.0
consensus_latency,/v4zuslhLHiR+H/Ub746xlukcn+qEZWiyZ3ePxIHTmM=,669.0
consensus_latency,FBekuAr6r2GetwtpCzeKpLpBcyPEEVIGLCSqqvIuaBk=,664.0
consensus_latency,HLT4O7JKCwPbqCh0GOJDty6HnOn2Fv/GoKo2AQnTweY=,664.0
consensus_latency,IsGMDJfRS81P7ZinzU4ywVFzOHTCiH1SQfpRu9Dgygw=,664.0
consensus_latency,86lb9Hwle8M4qEOulgPQif5xSTG0T4JqnyG3qrpPy3E=,664.0
consensus_latency,JrLIIIu7JIjnY7a/MlDS3/zGk2Mfbl5bt2+1hPnD6lM=,665.0
consensus_latency,gyTJy2aYzc/efsmmngQzhoOzQoeHQRn3B6bTpMCWdYA=,665.0
consensus_latency,h/HfWsjA+9qnMLJwVjOH551fNMpBzYDe2uvDpdFAC7U=,665.0
consensus_latency,mhUGb3rsl7ESO1hNAJV7ndBvfGecvVUeVrLUsLI2zqQ=,665.0
consensus_latency,NADHAEhwP6gxCTkx8WPLTDVblHiWHWoHtpUhLfxIV44=,668.0
consensus_latency,mJn2IN5V7eaKJfylm8X07UHsnoyFIsQHd0VuglJGiK4=,668.0
consensus_latency,n4eGPAbn5TDcFU27vWc3sxWehmPGxq+DOy/pXLPD6Go=,668.0
consensus_latency,ozSNp2BP1Yj6UlMvgKWpsK/yedGc5aT8Jww/yJg2S4s=,668.0
consensus_latency,puosqUZ7r4ux//idBN4Mgw8HJK+VAHPsLj/TkewzrIY=,668.0
consensus_latency,539/w6Fqot7YxrIC5wTl5EA0fsKMmtNtEML2uCfgp9k=,668.0
consensus_latency,AxOlExIXmqvCeviTUUhL1Nc3yCR5DLdpiA3jBwcb9Ao=,650.0
consensus_latency,CE1Bhu6ndvAcayZzIkgCdjbB4wcuqTb6qglwS86a4OU=,650.0
consensus_latency,EexlqyoXBb+2hX26mXDv90qnB4aKDJX4nAAtHDtV3QM=,650.0
consensus_latency,SXL57wAWnXjw5qat1VkdiFYhTZe6V/PRNsnlOTM+A+w=,650.0
consensus_latency,ZDW1Ix+XIIr6Aupr1+YoLInVHTRsbdVgbBgJtoIJ1CI=,650.0
consensus_latency,fL8NFRol+7K9dlc/pSZInvjXjOGpf2clDHO6kp6FxWQ=,650.0
consensus_latency,HJVkBVdmw3DTmJLaCsXBa4WMm6XeYBzkgy7Vdt7ZUHg=,667.0
consensus_latency,qGN6ogSnJ19TPzPipEArtD7xW1IRGTnAZ5ICt6lEO78=,666.0
consensus_latency,r/dzWFvWy0gmG+uwPtuJN8LamSyoJ1wjeE79iFIAlkk=,666.0
consensus_latency,88EHK52xX5AM3QtUt1XVGhyiLdp6jPBbkGj+zzAvwLk=,666.0
consensus_latency,cIR0bW+11iH9h207APglJcA8fNpyzACpKs6pNJ/JdJU=,665.0
consensus_latency,xPTa6NmRitWJPznbMR7JILv6i+UvruR6koq97z7OQjk=,665.0
consensus_latency,8MSyrwhnON1TP7WkcChij0ap9SrHhX2fgvCMVPm6CLI=,665.0
consensus_latency,8fD5lIpVY+JFiNeiFbiitmMm7E9WWVuGckKPb5g/BFA=,665.0
consensus_latency,Gb+1dPXj55RJbITplSY4oyXviHWPy2pCs+5EU8FOVQU=,393.0
consensus_latency,JGnO4LUV4KnjF8VN79+X+PfymUA7ep+RwQ5qVtl8TuI=,393.0
consensus_latency,UNxIjykMD7Orn3USfdLh9ufesPEdh74tyUp5HCsHzQo=,393.0
consensus_latency,cmhweeQjKJGlqClClPNS+rVC5T0bAbB1YrJk/JObetI=,393.0
consensus_latency,rLTind8/gEPVvdgMinQG4YnHTGmXrvQuJSJSC1qoVqE=,393.0
consensus_latency,HOa8jrd04RYhGbynQ0c6fFFM9fBhjVnZbhE1+Pkv+K0=,2062.0
consensus_latency,KxHJax9E69Lhe5H2ZBaVa5bOrVRKUEFb2ET65XV4DxA=,2062.0
consensus_latency,auMsa0NL7QY/UuvPR21RemoAFbtLZST0PD4zxdcjUgU=,2062.0
consensus_latency,e5yoTS5Ae9lbSOv13U6vlPwnM/jADoz7QlqnsFdbAo4=,2062.0
consensus_latency,j5ENFeD2mslQrrqBGJ+qZLTGSOwMZLPZaJqgKXI9R/A=,2062.0
consensus_latency,sVx4YUzcp84ptXbEUntZB5uTGHO02EP7c0r8LDXoBEE=,2062.0
consensus_latency,8f4dRrBXH7Z6HYL9rfyLDycOuWf9WLtyQyNi8AZiryM=,2062.0
consensus_latency,84DDlRorfgSNffALSSCkC3ZWaSe9Og7hyiZ9covhtvo=,2062.0
consensus_latency,85RXceoT00EPmgoSmS/rvcwJ6BVR3fzCdrC2yfZi5Ww=,2062.0
consensus_latency,gOTpqHY78YEfuiWsvHvosFxjvXwMgElOqBQgOlHU2vE=,1867.0
consensus_latency,0AH3yFXmuYdFFyBVivPFd11mKo9oycPXXX9jen5Ru2k=,1867.0
consensus_latency,4H1BvbEMs+9zgg8+j7Z+EF6PBzltF1JtmbuFwQqVnnM=,1867.0
consensus_latency,9OglNrFrWUarOZ95FzrRf3Oxz9yfDvLzoOY9lFBg80g=,1867.0
consensus_latency,en1np94ECxApiSxsV+GTecmSmNLmQSFy7SWSYpFcvtc=,1870.0
consensus_latency,kilUk9l+l4GKrOm8DyKcJUDhyJHdRButuN6Fazty9zM=,1870.0
consensus_latency,rq83jUWlUWbyPqstkWDDBBkhm8F+4WGnw3kf2y03WxA=,1870.0
consensus_latency,xDvdkEdVNXYPFf326kZ8GiJdD4FP1l4HsuqMEhyLLSo=,1870.0
consensus_latency,VJLudEdUA1bMKbyZoBSbjGRdan4xJawm0wHyhaznHhQ=,1611.0
consensus_latency,YnYzUSoftk0jsyBP9Y44NwtPhaHVlN7myK6x4cF3aJ0=,1611.0
consensus_latency,c5Et8Ys3Pp7gtbeUrn6Cbd4G6x+zPWMFSVXwADbnYVo=,1611.0
consensus_latency,oou8+5sPSZxpafVlAVIdSbr0fmm1ssDubifVB/a6TME=,1611.0
consensus_latency,3DnJT7KE6xdfssWvDnCWxwIew8CeM3N5LILav2ahVP8=,1611.0
consensus_latency,4sO2F2bGWE5aSvMXQ2QgjSIw0ES/blpMud3HAjuWwmY=,1611.0
consensus_latency,VE73PYgxFhV0jsW8SbHFHCxpskzNsm2GXHVR03r95wM=,1614.0
consensus_latency,qYbuNor43nN4vTCEDSaJbRaqr8a2xWIhQnjiYiZFiOU=,1614.0
consensus_latency,xGCsNTJrh32RMce8QRUziGvVEgGhajAamzQjmLLeohY=,1614.0
consensus_latency,309GHYwVUfl43CornI/mnnHc7woxFN0aMVUJkQRcE/A=,1615.0
consensus_latency,+h0BWG+D2c/WCGVuapKhSuRmSvpIDSyNZ5BN0rvPaCM=,1615.0
consensus_latency,DelrJhnX4zoKOyo+hxQLmFZORgx4RfEBda+XKcVp0FE=,1539.0
consensus_latency,WVYwSD2/DwMohIkd1cMVw1aeo0IxWOxtV8RBkVYpVIk=,1539.0
consensus_latency,lGhDEsMPPFuLv0VTxBU+4E0jP1q1Vu+ZNLO0b5/wcds=,1539.0
consensus_latency,yrwttuh7jtCo31hVzJZQwJj58G9oM+MuRT8ri2JFzcQ=,1539.0
consensus_latency,9DCNZCoM6h3RedtXlfkihpBVXipJ6sZ8WB2BFJzOhWA=,1539.0
consensus_latency,J1r/ME06Cp4OSFiRQ9EMK9DzIxUAKg5RkKS3Ac4F4rg=,1615.0
consensus_latency,P55Bw31X15p3snbuLnAnrmioPkMYDBXGWOp/h4oOt7A=,1615.0
consensus_latency,d05UNIbwKNk1Bs8+Ml944Ssf7UhCaQYPqXTS40Bmk7c=,1615.0
consensus_latency,oVPXPD9vL257zitdUL4NZHQz/3NqYamjlI+EZRkjras=,1615.0
consensus_latency,v//fUPW0jBxxs29VDi3dmsX/izUwbUnnzWIxPR9Zm3w=,1615.0
consensus_latency,7g7SeUjtziMsfjTwxpOWlFMXahhrZDW9Dxz/Edg9k3c=,1615.0
consensus_latency,DyuU+ZsaAUI2lyOcUV4UkCyqcYy5MNydmqp4zMuPNZU=,1615.0
consensus_latency,SrbfEaFwM0YSn9LxDhDMKV5JneP7z7EvUEKOCtXa1Q8=,1615.0
consensus_latency,WY84Kc3isOlVJsMBNQBcTWYrG7V7tJdmCh9e6OkEBR4=,1615.0
consensus_latency,afWOOxhipqpz/4lM6V5Tp0rh/rJc7oCqRXNI6OdgMtM=,1615.0
consensus_latency,atf9MCF5DzZLU0tsUnybw8LYFSaJJgR249kIrixbUKA=,1615.0
consensus_latency,jDLmvAKBWS2dRhEVqrxq/3BoSFV7cDYGu36/lrgbMno=,1615.0
consensus_latency,Cvq1ml+FY6gzhlYwpQT+bh3D0/S6yYjCp2Z44/OMHaE=,1613.0
consensus_latency,IhNThuMkWSXMOs7uGgUuk6RWsZk93F2iJq9YzWprbtE=,1613.0
consensus_latency,MzTBD5XoQnwF0g2oVCNByVClMqLH6SGAx+VZdi/EtlE=,1613.0
consensus_latency,hjoh1EaNPSNr7jbXO4q6ssPUkWrcdQ5Q0bWbWCOUhtQ=,1613.0
consensus_latency,4do+iF9UB1YSxAtjS4hs+iVHtxrFxrXdmoqcRD7R75c=,1613.0
consensus_latency,5NqQh/T2roB/EjbiHxB3KfN56c99AytSaX8TGNfCkhY=,1613.0
consensus_latency,DlpM00/W8GxneqArfnkS4Hyq+Y7y5E6IzM2xs02GrNM=,1616.0
consensus_latency,YZwEUtmynOM9HpgFwJXsRSpAAuGz3NGbf2jg1955SeI=,1616.0
consensus_latency,h2dUiqsj82v04FspBqnOZy0xjQOYuocLYuGjNNVV0YU=,1616.0
consensus_latency,lIBmddieXxSkZNGZB2r3UbDZOV+07QU4FsYsKPq1dSw=,1616.0
consensus_latency,A7PorgvsUGewHpsIokR/NFaIDTuaISMnf7XL9GnFWZg=,1619.0
consensus_latency,VFmNQa2aB9256J3E98+XShn5QvaZJeb4pnn9AmbiVBw=,1618.0
consensus_latency,zSHsJaBejaoWh1AwBXfz5ZXoulp4RCOENsLYwhAHtaY=,1618.0
consensus_latency,z40bOCOtPbWEAwjYo/HOxP25xfiYDUUv55rMfz97k7c=,1618.0
consensus_latency,7izERHa6rFZmvJb+FiiH6OSHhsdPnKbJ7eQADupz8/I=,1618.0
consensus_latency,IA1h/AbD0kAsDi3r8l1lnwgtj+FombsnFUX8gbEp1Bk=,1619.0
consensus_latency,Tmv2f0IdGQ/RhAcA45SU9zwV0PU/2RZ5kqv1pOy37iY=,1619.0
consensus_latency,j8JPPc6SyAzTb3q3U1Mv/2RhQBz/3wOptScqfrmnud8=,1619.0
consensus_latency,omSPpAckhVZK1ii3VPSx4ZAtp31sFGo6uoDejc/korM=,1619.0
consensus_latency,ATWT9XV8RqM607YcK4y2jlsqWDBMHeUptNoZbGO5DV0=,1350.0
consensus_latency,DNUaErhpqg71EAYcmDWi5sBPBaYlFiV+T+XB7oreSiw=,1350.0
consensus_latency,H77x3ljw8j6kKqEImvyZdsQkbDGguX6Pl0T5MHNTUoc=,1350.0
consensus_latency,UQ6SOmirWGYG3bs9mGY48+3zuOog1S+iK8bo5EgXox8=,1350.0
consensus_latency,6H3l/BfGZxI84opp3Jrl1mQ8h+lQ53Bq4YPCEus7f10=,1350.0
consensus_latency,QfgC4q6mvr9QtFRE7ri76XldcqROBBPBRzq7mF4PFvk=,1356.0
consensus_latency,YYQlAuu1ltZDoSgWF41miZvz8CpRZvSIsxVsil11p2U=,1356.0
consensus_latency,YhIghLJ8QzrxJO/vbMlJX+HXKNhYTzDSU/foFmuGNNA=,1356.0
consensus_latency,da1Pded/+By/OT7dGpGdAaoN6p4rKn/7TR0p5/w7SUg=,1356.0
consensus_latency,t46uDwIvpr6Txu4Dpm3wecalJ51/kVxwforCe0uHTts=,1349.0
consensus_latency,viWJKXJ+UxY1H+Ao6T+FOZVOtkbB/HG7nk7Sq3soutA=,1350.0
consensus_latency,v62FBpVFlj/uGErLwJb1XV8wu5jOMz6gWo6Udz+ag60=,1350.0
consensus_latency,6UmTRsDHr5oXrE0rR6/EmiK3w6Nwr0JI1y464OX6tKQ=,1350.0
consensus_latency,GEBRY8R1Nqg0xhzYCuPHCLr5qHd2T7Z8SgoUXyV1MDc=,1358.0
consensus_latency,Jwz3tplHEkakSUkxmEK28ZweaIUVrvNKnAMKuPiEg4I=,1358.0
consensus_latency,KEnOikisSa1uI6md+k0ubyt+Aqoh5wRm4D1oaghJhPk=,1358.0
consensus_latency,hbft6GiakYruHLoJEv9Lq/Fo4XxPN7sGkUcjDImK/wY=,1358.0
consensus_latency,FOCIW33/Kdy8X22LtXxjIOkX44Eb8pSjm87ldElU8fY=,1360.0
consensus_latency,ayGN+DCaM/VGOjTw5zWstEDny720vuO3Vo9PFSF4+D0=,1360.0
consensus_latency,igh+gpmjjqNEqv8wrPZ2aFTOrbjrHStJHKdcpRdPWIE=,1360.0
consensus_latency,kROuMwKmf+X6xBbbnw1UgfuP/lxy23V28ZZdmtVbvDY=,1360.0
consensus_latency,yTK9bLooA+p3XjwMNa0bZ8UTTouakSY9euEz5fbZwy0=,1360.0
consensus_latency,BE5di2gn/gn4tUt8DBtuzrRw6mVfniAhwmKc3kWwnrA=,1350.0
consensus_latency,MBM9fkcq/6gZ3t8kpSgPL1jrHYgOQvM011ZM5lDmvxs=,1350.0
consensus_latency,OOacrXEHn/bxEmd3GdcoMjEy72VFb9rUpq7Ud3MF9c8=,1350.0
consensus_latency,kZLBdpqkEUAHdTG+BCAEDBsLha/IEyfSu6+ezQ4tMKw=,1350.0
consensus_latency,25EyLzOpAjP9NfwpDsJFCdgfCkoH8Gn+e/35wrnqpWk=,1350.0
consensus_latency,+gx3CbSQZOj1ExBnoVHIpdqwqMmTIA0ac8cbD8Ef0Vo=,1350.0
consensus_latency,F9mB6gopljnxLFvjaeb6K4Nscb+Hw62gcDbJgbkBpv0=,1363.0
consensus_latency,QRI9UAXsMB3RIokD7TUSkRIvdILlJE+BDYOo7XjWb0w=,1363.0
consensus_latency,ZKkG8jMRjbw/sRMRDuCn6wWi/4g39pyacliiNjBreIc=,1363.0
consensus_latency,bD4q4qlrMVjRPSypYXN8jLroD5udP5EaMIcBKhB47RQ=,1363.0
consensus_latency,dH048usY5h1R7RphL12R5foJuF/IrQx59GQHlgkx2Po=,1363.0
consensus_latency,7bcLTEC9irV4MWQtgCtgM+tTfVKf0xsgjxktoLJb+gw=,1363.0
consensus_latency,KBW9q5iW3QOfpteFWUIFxK9PEsoYhJSPuaMfihsuuu8=,1359.0
consensus_latency,Mtab0qUV6hS3IoVC8Hr1igFoBNlfpq/NKIrOt2MloQY=,1359.0
consensus_latency,PH5okgqT6wt+sOoiRn7qYarB1kYGnEo179wI2yrM6gE=,1359.0
consensus_latency,9AhIu69n8++rozISvZtPOdPWCo5ZOHKr0uEl5TxuAdI=,1359.0
consensus_latency,AJulM+LSoDtfN7Y8A1OC6S9P6BNIgbGOpp+kbiQOg6c=,1357.0
consensus_latency,l663MW/V58riTOb9VIAxV3tklMxroYJqOHKleQlZ8HM=,1357.0
consensus_latency,0ca2HLtj2riY9F1wcd/qeDsuqHrN9brZ5dCT8U94ueg=,1357.0
consensus_latency,/7OODqmN+Jp222mpkAdN/VSJNXX43JrlSnvSwQNjcjg=,1357.0
consensus_latency,MDwG0iORqm/25PmIyNxUxN2VfUcWHMz+AulEA0PTljM=,1094.0
consensus_latency,dGnegEio43Jyef9QW17A5JId3mlLx5OwMD5rhWMEzTA=,1094.0
consensus_latency,iNCX3cF/FgAic0kvzpczdMHYtDaXpOwyp46hUZqia4g=,1094.0
consensus_latency,ifR1sZi1/fPQWt+3KBzAiBDfBrFGvKqjRtQCu/MO6GI=,1094.0
consensus_latency,/u3uVMsTQh7/V7NhNMT0CN5IBeA1WQ5OX+b6eVbzVlE=,1094.0
consensus_latency,AwIYUVGwiDSHLVWE2OCDzBrpqc3XOnOyQsKqNfeJlLg=,1093.0
consensus_latency,GnXNbooHUoJDpaQojEWK7Tq+0R0wbp6rWNI9w/ecA68=,1093.0
consensus_latency,jU1Dn+yCy5SUP+6Z11K3kUG+gIblVhOQfcHIsmhnNSg=,1093.0
consensus_latency,mVMw6x/8azclBthWd3uT96f5vps8E2jDcjk2nOeGbW4=,1093.0
consensus_latency,ubNMXf1io6eIYFWO09aSynq7hET72/a5ORXnxD37JNs=,1093.0
consensus_latency,99/bTdHGqGEyX1aAfpHnJuh/ezEgDh8qN3837jgLw5k=,1093.0
consensus_latency,OE8qtavsDXodUc6rmy7pC+7SDzNF59OVxvqTCLwIc7U=,1095.0
consensus_latency,gIsmhqlAiCAS8c2dG+flDf94deCDMLFlft2pj0kSvqQ=,1095.0
consensus_latency,l+xtNO27VDY0qXN7/tBE1snkh1Tjvbt207wfwmN5wzs=,1095.0
consensus_latency,6Qo2WrMidbRkaZQaANIV5Pn9cSPZM5HFGNW0aq06dAs=,1095.0
consensus_latency,NZsZyK0+QHoXCHg5WBT6L8HB1Z2hnZQXNcU1/Wgka8Y=,1093.0
consensus_latency,VPYhQVWffDlXlhfMggAnPntDxKu8V4ViPwR0bmSUse8=,1093.0
consensus_latency,We7hQPLAQqtsp1BM1dB3EViloEEcGKpDGbOB5ae1ycs=,1093.0
consensus_latency,rhrfegiSnE8u+c8O/LTS+bhBt7magTpkNsKrCYkTmj4=,1093.0
consensus_latency,7I4d6iCbdr8yzX7TWPzI2oMDmZFB+IRuuGUmG4zmZYM=,1093.0
consensus_latency,7zJUbTWybGTjSxjNIYh2jAPrtqFrQUi2C2yTGKrYMQE=,1093.0
consensus_latency,B566C39btKMnfePif1qs+xxINzqBSNyojJf5mGQkJgY=,1092.0
consensus_latency,DajJ8zTgqS6WZ3ygd1VEz11qnfHm0f9FKvQ8cg8AKCg=,1092.0
consensus_latency,yT3qgKndM2nNi2N2NCZg8l3u0sdSXuhPZbxIFlQ0DHM=,1092.0
consensus_latency,0gE1smP5V7tGpoOuYbsM8fb/Anx0idnIU/wnHN5Nv7s=,1092.0
consensus_latency,88B4iH6KxWf6kNhRAgLQZsaPPzy0a3gR3mQsV+R0A1E=,1092.0
consensus_latency,894j+VJXfVlQlM9R3rHv30/zJoGjS8fy0gojXsC2k70=,1092.0
consensus_latency,DPSAux7aYkFMt5Aao4pMZQnBpT4KOC+A+YAFf7HmzMs=,1095.0
consensus_latency,exwTpQIeW9EzQSosHaLPky6x8sFq6X+QHgTLKOHm6Ng=,1095.0
consensus_latency,lDBwkyqlTTQpskwMxzVG3YollohiQ9WCsdYGYEmaUpI=,1095.0
consensus_latency,t3dU+8sMJMT8oCkqC5TQyKV2C6MgGJV8UG1jeEDInL0=,1095.0
consensus_latency,5gnLgk+u/7UI3sDC2RhoNepxcpIJ6unySM9pxsT1KG0=,1095.0
consensus_latency,Lhb67f7K1/hrByA7q7nt4YxNklZTyOdTzYV6EjJi/oY=,1094.0
consensus_latency,UlywbPrc/e8lbdbw4N16NjwcQWDg0pSj3IWT/1kz/1Y=,1094.0
consensus_latency,YbhNovJlcUNbVOJx06Bt0kGva7ZwQJwAq/hXo1yWefI=,1095.0
consensus_latency,dD48pa9uvRaFiWIe1UWosTcJHSNa9CO2Zl+4B1T5zuI=,1095.0
consensus_latency,dps3Ihu3BrZbDlgLU25g/vTlbfE7U3vqkyCF0ZEpuAM=,1095.0
consensus_latency,ohG2PeTMQcKUImOEeq8cnvHfPOEz37a+o2ak6RkLueo=,1095.0
consensus_latency,LUp4rvpR5E30hMEXpVSkFLwEa85uTSuiuSPzAfEDHO0=,1098.0
consensus_latency,L1lrpxqmTEIQhIbKzzLsGb+0WGnBweCw7MvNNKTvjs8=,1098.0
consensus_latency,VrZbWdDDt6pm40DQNISOObOzV8J5r9fRQUr0Nx0y+s0=,1098.0
consensus_latency,XXqVn11BxF8TIQ08OHsTE5XHc0Fb6kpJuf6u+lesWO8=,1098.0
consensus_latency,voBRiKntTaboEGIdwIKx/lmthZyW59kV5aKj2F2GexA=,1098.0
consensus_latency,z+5JBeYKONaDWxSWeHOb3huKjv+CxwdE+9rEH8pQMR8=,1098.0
consensus_latency,GESqqiHN5Aqn0fNfj3+mUWYPd6wK9gabMMohoGuqd+I=,1097.0
consensus_latency,J6znVFG4KmGxBs3pV/chBbSEKaUVQBopDoOWPNFyvt4=,1097.0
consensus_latency,nnB/Kj0winE8bibyEsIultE/6RtucOW+B7E3oSFMI+U=,1097.0
consensus_latency,4hyc3rzWw2nzhSXCW0WiUj9IYmE0HjRt9Vvp4yXiDQM=,1097.0
consensus_latency,DY2EE4kDZjPZbaUVXGrRb9937cf2eWEv44O3I/CcYmM=,859.0
consensus_latency,EJIFwfzR2kuxJqmudh5FaT5+ALGwN+c7Z9hW92JvyT0=,859.0
consensus_latency,xB1wk93ytNcJIC7Fuy8zbq8TLPm3l8jly5j9jnFg/rk=,859.0
consensus_latency,DyeX0aCP6UehsOYQcTQPiulI2boU0eX6CdHvBQtbDfY=,862.0
consensus_latency,T0b6rG1/RmLbhz6wwXE8XhUeCJLTW3OxuHgn0dtkG0M=,862.0
consensus_latency,mLepRXPNgZNpVuThRzedSNlzyol1BJO6Pdr2G8y2rp4=,862.0
consensus_latency,8wSKFkY2bP180fkngpuGutPs2onFJ41aAUR69ontl7k=,862.0
consensus_latency,HJ2EO3TlYns64DS31BMmza9gMGWHs2Q51Abv15Mp7hg=,858.0
consensus_latency,bteYNyoM7tEJQLPUFB8gG8BF9WEhjgHeOiYP+vnfJms=,858.0
consensus_latency,ljeCDPbkO+AfIztkwlszy/IZd5ijkYouITaP2EcauR0=,858.0
consensus_latency,93f5JwVRjigxL46ae20yh/x+Tr6I82MOGguvZyt2hMA=,858.0
consensus_latency,ZwM4TZfyeKl4kWNf3KkR+0l8XOrb+U0bdsyJix6fWyc=,833.0
consensus_latency,e2i7bwmEqKkSfstj/MLX/3SUBiTBl02DM5wRBZHT26U=,833.0
consensus_latency,lm7lgD60KUU2F8zO+0taCMusHkc0ihM+k6UGlgIyBsg=,833.0
consensus_latency,8w1doaAUvIWqe6OB06kz+PDU/xr/JwA+w1dxiRXizf8=,833.0
consensus_latency,BeBVsy6dJzlILzt6bRPglmUBT0LjgYaSAaaleaMaxuM=,861.0
consensus_latency,IcKCuPDqXDU+9LfJEERg5NwkGbkf/Gww8cYe+s9NIBg=,861.0
consensus_latency,K5+cxHrbwSiMnQ5LL42pNlBb9j3z19bWLpBIp2rlyKA=,861.0
consensus_latency,54UzcaIcpdhNd7lC8bixJIANXexoQ7dQix04msknNR8=,861.0
consensus_latency,+w+Rj1NM4NJAb+uP7HeJuqZnaFOzEc9nLC5D+v6iQ9U=,861.0
consensus_latency,/O7c3vDFj5xHDm9jQ13XUYfL1O50LLYHWdzUVtBYOCE=,861.0
consensus_latency,TQoIcJsKQhffzm/Q42VnjAiMAoOVphQBzHYm/f4n8co=,858.0
consensus_latency,VBafi/D0CKxoOBhVbNhcONEq5EWfUcM1qewHjczFZLo=,858.0
consensus_latency,f3HGRctCQERW93fJGDPbWTRDRcoAp59k5ZtHrk65sLg=,858.0
consensus_latency,wb5fu4bnTAqwB0ELciICmYigkahFYDTMEtyILCMV5Pw=,858.0
consensus_latency,Rx81Z8IewJz2JFpCKXkE5avHD/yk+5lJNj/IyldbZ7A=,831.0
consensus_latency,VGlWiK2SZ9xgIvsLwHsm2Z/cqOCXzOo62EEuOLBOtbU=,831.0
consensus_latency,loaqgbNiWssbmMAzIgnfrDpRZGe8SHKcBGSWJHb25j8=,831.0
consensus_latency,sojvAtAosbkLAvGIUJGhadnbufOeUvfjhk4CQ2rokCg=,831.0
consensus_latency,QqzJa/omKPtU7F6xl8CLfRpif5ptSI3CM4pMIPRnDAo=,858.0
consensus_latency,ZU52ianTSeaZsw5tAqVrleMVuElblq9G7vwosuKhsUc=,858.0
consensus_latency,aUg9/2a106utd/Ku5l2HlMbwUTvxxefwxNCfy3Xh5uk=,858.0
consensus_latency,d7k9brFAGeKc9algyLrNgaJC8cQyCDYzWGCMbWdGMJw=,858.0
consensus_latency,BYQBFmiY9TOwO4/tHNlnht/XhONt4ZLIxLofMeOy6kE=,832.0
consensus_latency,QqI90kaPxn9cS0MsZbzMQJGOV43evSjY+kYfLAYngiM=,832.0
consensus_latency,SYJEn+u10B6f0dJkApx6Bb6uQIWdh/7BteqyDrumeas=,832.0
consensus_latency,yRTmPuvFfU+P8o2vLBFCulrmRJf9m+nJMyHQR9x873k=,832.0
consensus_latency,/r397X74nIV4FP7xZxbGUUJAu+oq5EusNkZdi8ng5o8=,832.0
consensus_latency,Bhc4MBvL58oZefo71Ql/1GnJG9qRL9jmSSgOD0AALTo=,573.0
consensus_latency,cI+x+EpQdccK0p79LZIbigdH6qjfMYL5R+0jtu81/jw=,573.0
consensus_latency,wnLglOq03JHdD0AiQ06nWkXbzv4ikPubMFcPnUZINuo=,572.0
consensus_latency,y4DYPhfmI6NSg0ojIdDuMSz8p3kIQmA9y6Ab7/8ByyE=,572.0
consensus_latency,GBTtaxoyCfgkVqzHb/ot0vvx++G7r0SffOcy/kK7OGc=,1546.0
consensus_latency,vh1q9nqOHQ6/n+3fEkf4rrPuUZPNZisj9GcVFqW+vh8=,1546.0
consensus_latency,43YxzNkh9HwWGHKFdtbgxkPNEUSAj6Vo3I2g2rrANhs=,1546.0
consensus_latency,+SlFB4iZi04SfFuigBbCx3n73csZqCmUVuNVdYj+nQE=,1546.0
consensus_latency,Q1LTqEyUbp8ioFG/CTVFdgiHGIpQM4jVbQ7M9h/97h4=,1095.0
consensus_latency,R2niVEKmNEbbFxXrjWnMlAD/8m0eVWF2VcESUkEX5ys=,1095.0
consensus_latency,a9sQIX1Bu//QdlhqWMyX0r9AW4qAOkZHDLfXVv15dGk=,1095.0
consensus_latency,cC5mxytG4kAEqAZZTNtYFePxL0iFN3Q9ucGf118eF10=,1095.0
consensus_latency,rlByZy8QjdBsyG1B4dTEHDW/wd/p+vc2eKNi6JHYuz0=,1095.0
consensus_latency,tNpXIP4/MTtGe8nOh424Vylt5/x13RWOXXtMUT98PMw=,1095.0
consensus_latency,GaaXlZTKgS7AzRSpL3hdkJ9aj5Q/w1ATn5p9zswz4LI=,1024.0
consensus_latency,UoN+J3hyzGgJWfsXuKsnw++gm1mWtk7s2w0hNrbBDGo=,1024.0
consensus_latency,aWzZsJe2lnIPQmqMRQJdt05DJewpw2xH5gEQ0eqGQw0=,1024.0
consensus_latency,lQPZiJEvn32rwrxjGmKYZh2zvSZF8bt9UfpUiEoZnbE=,1024.0
consensus_latency,mFe9mRoDXs9kezZ3+fFqmqg+wm6BIhGUvT3J4kuYiRw=,1024.0
consensus_latency,8JUi6IA/mjpszZOAIwqqD3uHpma1wwDkkU+7ygkm7/k=,1024.0
consensus_latency,erZ2czBWIk/QQBbdBiGbGsXYYjOkEYv5hSC8Aq4Drj0=,1098.0
consensus_latency,jjWTrT8aH3WInLJR7DPb0b6xVERyb3Ujk5EDnezS4nc=,1098.0
consensus_latency,m70yQiPRCVeiE/UFPQm7PL8+us/ePmPpgeqTAl08NWM=,1098.0
consensus_latency,rGx8MmsiDOiZBgQ8D1lFCk1XoSlqpgQfkPU1qSuq89Y=,1098.0
consensus_latency,wSaEqFmztNQ6dDFgZo5AHtF/BuN360WFSnRyiwMhMCM=,1098.0
consensus_latency,CKVSlRySRQyQQQm7dK+Idc4GJC356i24ds0FfUBC76U=,1097.0
consensus_latency,L82diWwp+BkApTKe24a7XcvJ6Zu9qRT5iQbcdtgTA7E=,1097.0
consensus_latency,VV/4srxz4MeFQJL83mqbqy9OWKNfJbRztarFhBfHIbM=,1097.0
consensus_latency,nOM/kp8vBpB821tHVgbzMsTkwZF0eLaWobX9XpNW6YM=,1097.0
consensus_latency,qPrUZ5kcjk4wrxTzzCRf4D253d9BmAz07qgZNgXZw3g=,1097.0
consensus_latency,wutAxbJ69T23l948B2dMdtsAuhervMNanyyTlTnPprg=,1097.0
consensus_latency,AL2Vpf+iLaTqHvin1Cgn6y99t0mjnuZN7Esdi9zJfeM=,1095.0
consensus_latency,CdWOg5kNwiMZ1jhFcXuapE3qYRjLcRu/5sFy0d2rwmw=,1095.0
consensus_latency,MRZghye8qvpsW6b2FV1zm9EYa4/l5RGWEjMJsCSOyTU=,1095.0
consensus_latency,nsNlnFgpwJpiJzYogWtchZjgCeMBZh0hAJ+NoVNuxNo=,1095.0
consensus_latency,14S23u4DuxjaCOYHcam0bSvaHaWN3DDA5d7YGYqWxPg=,1095.0
consensus_latency,2HL70F6CFzk9OZ/TGFjg1xygL0YUF0gdhxzJ/dKpi6k=,1095.0
consensus_latency,bl1rwJwXjJv0+jEzScENjtqnTnbFh+afyuUhEQRTM8Y=,1094.0
consensus_latency,exTLywBzQ9SitbaGHgtiXH4W8mSm0CNW2zh2Cj+5zJE=,1094.0
consensus_latency,gGshgkEDz052QcuczIQCJ3bLvfvGje6YL77Hl9KwyQY=,1094.0
consensus_latency,41s5snjU6rd/d0MKqTgXsQw4bG0Ij50lmtKuZL0BhmU=,1094.0
consensus_latency,8gJs1iKHxHWvbl/gUopvxb71Ek/+UyyfcFgvM4IL4AE=,1094.0
consensus_latency,Dx9G/IFYUAAh/MkaG/mhd8sQkIu1DAHTR852Izabx7s=,1098.0
consensus_latency,eqFvRXiL1pYp9594QTReEaGjMyLx9hWeedys5muiUbA=,1098.0
consensus_latency,jgqzGXHXn9M9K1DublBdhltSoKehhc0/Cv2LFA/Qdb0=,1098.0
consensus_latency,5LUry06T5pYr66b2SVLbQk0Mwy2yI4SBYc4rue9A1MI=,1098.0
consensus_latency,BraNLitYHZlAM2Wh85/FKylG7Jj6db+uhWr5/HvUIMg=,1095.0
consensus_latency,D0Z8g/PD0WnghZdOc4kZonUwrFVzVowF3RK7vPdE+5w=,1095.0
consensus_latency,RSfCqH0halKUCEXz5S1jq+5ucAAED/jY9zdQCJronm8=,1095.0
consensus_latency,b+5vyCEZ5XfPzKTj+rv88+7AZg3QK5kN9EQHjodA3eE=,1095.0
consensus_latency,4m49sWvOgDJjm6aRLpR89YmcimBuq90uHJAWGp+GxRs=,1095.0
consensus_latency,SP9RhfhnSFRbK5jYyGt8lJ7ZaOgfYbwaj6XkZFtnpxM=,1100.0
consensus_latency,YOjBKSL0DvCPf284pterY+RBXLgACGUy9KRRClz58R4=,1100.0
consensus_latency,fDC5Y50cq/FCzPmitSN/m3hU2k/mzMTsiRzCzAYsnDI=,1100.0
consensus_latency,nGDSz9xSTJKFDoJBU1JKEHQFYpujwZRu35mp7b+ce44=,1100.0
consensus_latency,pMEUWsg/auWTRMhLXCSHLh89tTIS1gEDDrPZNlLDAFg=,1100.0
consensus_latency,ts+SCevdWu/utuVKVrp2EhGFv3MpYQgzpI1rio6oLe4=,1100.0
consensus_latency,GIQlE5aTYOJlQywYUTTF8yQjJTNX9b071lN8X2noi7w=,861.0
consensus_latency,NdVZtxm+q34niH+72+uA0f9iouY4/25c304atEJph68=,861.0
consensus_latency,cxCmDZrNq6MJUSr9Z6P9WjR33I/VQuJJgIpXZms9MLM=,861.0
consensus_latency,ecfdelPFITFByOQufQMNIbILfjmrDbpjNhf6ixo33rQ=,861.0
consensus_latency,55QmO5B1iwKjdrUySfF4yTWHuV3PVJr1GTKbTjtUs4E=,861.0
consensus_latency,VJM7bcQwaGy3PoJb5zMDAfqNOS8wisNqBt6w46KwWfo=,859.0
consensus_latency,Xtw+59lhh7zLUNXJOA6rz2NBennUAr1nZNLnRei2xSI=,859.0
consensus_latency,YCp0Y9nM28QxHO4tPtBVzoagmLTtN0Eh4nnIaR2rDvg=,859.0
consensus_latency,hw/yPbO5wwWrlNfNbi1qP+gHwKOS1Rd7Iwc5mCnM0Ks=,859.0
consensus_latency,GwcMSJBBo8vRtct08sgQyq4Ex52HCQrVsrJhfTUitD0=,818.0
consensus_latency,OOQOXNB0N9hTqjt7o79u9byj7Zt3EWgguXL75UrzovU=,818.0
consensus_latency,QekIYnvPUgsow3WjiatInC/HAPzavaTvtQ5yS0JzjkE=,818.0
consensus_latency,x+523iuvBHzzjJu0GLtASMmf5He56ONN/5k9UvPBuok=,818.0
consensus_latency,4kAFj8KQw26JAb/pm3dRkdIKuIxrdQkLlHTnxSn/BrI=,818.0
consensus_latency,9QcAJUTg+y2OZO1pYQ/dktzelYYN9Nu+V87wvpFPjYw=,818.0
consensus_latency,LqXwT+nL8bqsJeRRxckRKu5g+N278hODoY4ZsGZXXo0=,860.0
consensus_latency,Vh5+H2ic5Uv9kIZdijtDLqemvE7h42lxLsVxUzF1g1o=,860.0
consensus_latency,qGyBeCC5VtLRhJhwNEeyDDHtjHku1TB80fyYp6FwYKQ=,860.0
consensus_latency,+1jcunJS2zjl+Rqdacejg0zv1169kNR9MYEsMIHPnLM=,860.0
consensus_latency,TPl4LvhkOfVEsUGELSMMDqukgAX8/xx2KbYOT66Jxn8=,864.0
consensus_latency,hWTb5KzkCZFacU/WZw0w7xbFY5xsWTFnBc9DgDytfP8=,864.0
consensus_latency,stnx34sIFwTQpaR44cSVx5kPhGV7BF9swyAlBwiGnS0=,864.0
consensus_latency,4WoveVrATQCuUJtpItpUHusjmYvBN8k/7JAz3Ym9gpk=,864.0
consensus_latency,DDK1wMnSIQ4dfLzBBgZgO8uKlbLFzRHznjPyd79vGf0=,862.0
consensus_latency,Nm+5W0gsTDOYoh074rtMnxifEeJRRoCBxmCGswe5t7A=,862.0
consensus_latency,Qte5ExG31yy0xkkt+R/92rZbwDzmNCKHdxAMrjB7Atk=,862.0
consensus_latency,Zv+5rwcBYSlOlTwgsxFRWh5j0lmz2T1IITUXFSbAuhE=,862.0
consensus_latency,p6LT7ooDBJVN80+xEjbagxdHIezvfi8iiIR+KpCrMSQ=,862.0
consensus_latency,7hGs9P0KxU13XrBWDymGehZwRViVSxPL3ByCjd7kr6k=,862.0
consensus_latency,b+mWPdDcmU9IlNDlU/1yhPAobtdJM50nbynIJzYooaM=,861.0
consensus_latency,m55UH2Yo6kOuA/J8yQoKeR0Oqx2K0L/N9LAnNajZQKs=,861.0
consensus_latency,oOwfSo2UcMRP4NQtEbLDfUTP533OrIJK17+klgR6OX0=,861.0
consensus_latency,38V9K/UgANqX5Ujt9DEqw5uwY0FPXS59plOTJtGvTZk=,861.0
consensus_latency,G9O5LXRPGY3uctfu/kpru/I8TzlbIdbzDHiQOj+rdBU=,580.0
consensus_latency,IkvmiVMxH0Wlx9eqS6a0gqhFmXxu/egMbypFn6/zaGY=,580.0
consensus_latency,LdY6LNeDC7uM8071UThFljaBN0wHMOt9mL+5McbctRM=,580.0
consensus_latency,RnPduElDieYBhLrPsPM8dZpsWH9v0U7MIK25/A1Fpxc=,579.0
consensus_latency,YYEWpNJ4DLs4Exn2Ap1j5WJLFGocL3u4cAs7638FpIc=,579.0
consensus_latency,zb6i/cy4DGme/g/9pcBmUtxsttnHheFQ1DgehFjpPg8=,579.0
consensus_latency,WfAF+ZCd9P9to5NKKKVwpW21IUOTUsb9AFRZv0rTUz8=,1507.0
consensus_latency,cLBxLsyf7sowhAOUn0iqmKJcRo/x9nxDkPHks2voTmE=,1507.0
consensus_latency,cZSROMm+uYOWCuG4nnlVaalG2Eg5fIWbckN7E9ZZiOM=,1507.0
consensus_latency,g97/a6WaiD6M1cBoTukNwedBqHIE587f88Kf0Na6jaA=,1507.0
consensus_latency,z93Z5rb/MWN5G9W74uAF3uPKtsCyTzkQ3bOJPhokW2k=,1507.0
consensus_latency,6EY15ibefLwZ3J5a/IkbDpFRicpefJlcF9zX/78OI/E=,1507.0
consensus_latency,Ee/q3Ffoc3wHNfJWlzYVjKfOS8DX+o+iDemBngb6/HY=,1506.0
consensus_latency,EpdRNWw5LEgDGE5kaXsRydh174Q0WYA+Phhe7I/p3Kk=,1506.0
consensus_latency,P7C6ebEVEEkOJGNervPIE2TP9uZq4nYLa60dj87aQNc=,1506.0
consensus_latency,hm7wWNoch9nLdaZRzqFgnYD0X1kkrmAy96LzAF2Xg0Y=,1506.0
consensus_latency,jLAp59cEYcZWYE+VD+2XnM5HUkt9MXe5GY8EPlLzOco=,1506.0
consensus_latency,BQ/dCOPskW/iZUOb29hO+SbXd9o0sWBmicBkVn+IEKw=,1265.0
consensus_latency,Ii0c67I04wnsOyUicLpJXaNrw3YmNgZcA3S8I9plzi8=,1265.0
consensus_latency,gH5doeqnbwtUIRP0vB2RmVxBvBwHkQvH7kszgTIESBU=,1265.0
consensus_latency,+dO9Sh74j6yU66iFj0zp32vU3dWn37BDB7Najpw3LU8=,1265.0
consensus_latency,Hs51UqC9jsAkLbiZFfHx2+DxPYaxUahUZhWiSo+ovB4=,1267.0
consensus_latency,NfKBSX0ZssRXmpD7+RQ9455yBLxSvoy7Hqfr9rC3/H4=,1267.0
consensus_latency,lFJBVc4836g6e/cl507iJ3O6xF9pEff65vM8iJ4GG/8=,1267.0
consensus_latency,uHWAb8U13lAAVyuoiH8xxkjrergMnQWNbrizrVQgxWY=,1267.0
consensus_latency,wHyIv+m8QfL+bsbbsG09fpxKg0zGb0jkOHSvieUIJ9U=,1267.0
consensus_latency,FGEzMV3wavUT1aUGQOGxBjYDimIFW6IwtX9cTqKQKcM=,1268.0
consensus_latency,sNwH0WH/WeG5JSB87xGfUZTlNS+1rZ7jLWy80cwg4co=,1268.0
consensus_latency,3raRG9dYN6HYITF68N5C2cyOzozEMjMa2ab3NvYfWXY=,1268.0
consensus_latency,/ibI/EOA+febC3wlEHiC12Y7FDhmSBaYWPOVh81kFag=,1268.0
consensus_latency,BKx1pUtTwSR5ixIDU8IpncfHblulU/vmbfA+TuUQ2YU=,1267.0
consensus_latency,D1QfVWXsKDzOJ600jk87ka4VJLA/ajdf3bEdVDIpbj4=,1267.0
consensus_latency,S0YjWQc16c1cwsi3qDY3soymSv/JZLuJJtFBWUhwUs4=,1267.0
consensus_latency,V5jYOUkLNKKrv2xccyD43eCxJw8Z8UbjTGOrijMsWy4=,1267.0
consensus_latency,pWMB2Ztp4TQWGXfdei45ROhGtuPOUVx+qOce20j7PZI=,1267.0
consensus_latency,+p/7ob4rbppJUNJPpYNIRXct/gcY2tgkDtGEYqbQ06k=,1267.0
consensus_latency,fKkGn+o5sCOOyZ8O4Qsfxyi7AXJSbsWHa9mVB4seZts=,1266.0
consensus_latency,uqftm/0E1X+T4BwLLmfzYQWUlD7cEjs5VyAj5DlVzNY=,1266.0
consensus_latency,ybopaFRaykPIqNHAAFckqIS+ME/BCdCsIlOBweSKq80=,1266.0
consensus_latency,y+58URX2gYyJDqdyVYrYjYULu6r0XBIQIgiidGOsBTE=,1266.0
consensus_latency,4TGnGEQoLDNnX+A8eRQl07ln9Wel++67MxM3+0rf7sE=,1266.0
consensus_latency,QnvicScQYuI0VUcGJteXmthG87Sh84qtMXoajF6vjRs=,1268.0
consensus_latency,cs/1LpI+HeW9rEpI2SZErlP4tWqzbuBFC6XSlcp/vxM=,1268.0
consensus_latency,pHIWuQGIGKDcoP1eGe7bX8Ai4IFHWGVg+CrByqWsVAE=,1268.0
consensus_latency,0QngIFdNv63VBrAkeS5QycTkxvoetf4dMTdIJ7m5RkA=,1268.0
consensus_latency,4nLDzKdrWFllZNSQr512p+P8L9GzAg9/K5MLdcT7ypc=,1268.0
consensus_latency,FBdpFHyzofQHO6Xb/hJFzneYyDWSAKqmF2TEu/NxdFM=,1270.0
consensus_latency,UiviRMH8HgWCoYcmuEg96vifDDobDgdXP7HzSmA9+WE=,1270.0
consensus_latency,oJ4nQY3xUjkUkRHiz/FIJ+utiXnsOBxCOzgsm2xuOYY=,1270.0
consensus_latency,t8o7oTyxqS8u0BhrM1lgiTtjtQPuS+anLKp2nxx7leE=,1270.0
consensus_latency,CLFx/J0FvZr/rp3sDBH+TEXkqs6jTEmjwve/acggpRc=,1269.0
consensus_latency,OvHxC6SsN+alNCaJS9bp6LuGm0jwhB/wKB00U9njQcE=,1269.0
consensus_latency,lsQOzN7TkatNgYdMeBAewOijm3relESXLU9X2KEMe2k=,1269.0
consensus_latency,w5CYHa45QxA8V1A3Z4TmNFECG7vgg4xbu5BIaKfr49o=,1269.0
consensus_latency,51fpU+AxdPoJNCfg/ONLSQ3knUsbcS1vDGKQiM66lpM=,1269.0
consensus_latency,/cGFRcz1AhfV57nrQWKKCSxlLiK87mf8xOntgB6EYoo=,1269.0
consensus_latency,P0vVU0kbb86EyTJPAjecGD2mXgwSabgxm3T8/cACnHA=,1034.0
consensus_latency,XxWz4OiwV3ASElIagV9d1sdDYdsNmvH1/GW8Woik8ys=,1033.0
consensus_latency,j0tl5gquUB5m9nJDrxaijK4wStKjcMofWJGirJfL38g=,1033.0
consensus_latency,mB2fjcb9aTNMB7oILE0lm92ofK8n82ZzQmYuHP5m8Fw=,1033.0
consensus_latency,y5l0oWvjwO3z92FwDCvrWNKWqCNr7J10LGASuxz1a8E=,1033.0
consensus_latency,DPgt1LJ4DbuCmIfsQriEHF7cCEJ9vpa0BC8ZX/07YTM=,993.0
consensus_latency,LAkCkrUvCbkdmxS9JntPfku0W/QxgTfFxxgmbO3pxtw=,993.0
consensus_latency,RKZaRNUYztJWh7lbPjXNV6dBy4c4RJys956llxe9JQQ=,993.0
consensus_latency,2lc6Isgk+/s6LSUOdGR+4CaEnHW/8BvGJyckBpby9W0=,993.0
consensus_latency,4nGstM6QOq/SgFNzDhSccpQye8oC9iiIPOoKQZ5DsiU=,993.0
consensus_latency,QCQv+DuYc7SnIjxJDcruUGF9b/g7nmTAh3JIKqZPH1M=,1033.0
consensus_latency,tD4aFvsat7u0iFVqeygMC31RZnAp1LBUityxapwTzVw=,1033.0
consensus_latency,vDVQ6ZdyFPrFPUFxUHAgIKOnb7DW59cV0Y/TDtdQz4Q=,1033.0
consensus_latency,xLr/LylIOGLmtc44FajG1y1yJnT171BJnbn34tKCEnk=,1034.0
consensus_latency,LcVA2auxkhcODHqCnUS/+/Y5W6Vbflasn6D61JraSII=,995.0
consensus_latency,ZwT4KBon2daUXJXGM08lcl06NYjWGph4rquiV4YhNzs=,995.0
consensus_latency,knsw/Te5V3TYYZC9LxIfuQlIgfhW6iClX712NC90rkE=,995.0
consensus_latency,k0jTHsMu0vl7spJl5L7A8OpQYBJC80k7gLuxsha4Qqs=,995.0
consensus_latency,1gR35CQ6+pLtyWQY48CSMKY+bYLVbhZVIaoVRuMnA8I=,995.0
consensus_latency,2w1tMkBVjB6/vIlguCmDi4pqlWSSrcBvNn0Gr7uGBQY=,995.0
consensus_latency,SXOk3PE1X6sJnnE53oLdcVwyATh4cJkdtAqMgM6s2Bg=,1032.0
consensus_latency,XD69xP+9Qw5NdNw5oTDTkin0bwVrfcD1/WFGjMqHWJ8=,1032.0
consensus_latency,XqYOkyKRh9m77Ml7zJDZM+EXZiSWti3JxRWhR6b3nsA=,1032.0
consensus_latency,ae8CrVJPkEstb7ZKUaRLnaW9JRUxV6C6PEqzLJE7fQ8=,1032.0
consensus_latency,Nh2QyfAYvBsoP7IVOHETYNNmNs94b5ZH6m3jVLHrpts=,1035.0
consensus_latency,S27OYzc/ciW6GmxvoDMfAQ5TKhMcYdGB+JA/Ifjagd0=,1035.0
consensus_latency,yALCROVEzz8sryaz/khmVAat4qNEsAb6FIzzg7Ymu3A=,1035.0
consensus_latency,3W08oJrnmpuRgRxELlerJdVBaYHmP/uJtqOuP8nLaZg=,1035.0
consensus_latency,HgKrtD2p+B2Sk+7msyh4bujz8lnEGaNFJOriFjm1hjI=,1030.0
consensus_latency,hLc5fvHGLwGg0TQWlp9t/QhpVxoNSQz9Ni9sUSGKaew=,1030.0
consensus_latency,3GlFVNo++qH2EF72ArRrFoyg2uk0Cdhb6vVXQwdp7KA=,1030.0
consensus_latency,7YxeXX3cvRY9r2WHi7aViSySKpnQS2i7ZoGBTqWjNL0=,1030.0
consensus_latency,KQU74SENdq+h54R4FjtOiFaS/JCvX1V8tNN/UJdMMZ0=,993.0
consensus_latency,WH5H3XOROZBIAOffGwyIxMnsjV7goiD6hOARUdy7oto=,992.0
consensus_latency,mhUYBM1vAzXS1CycjUt3ELm+UfiQzs5xcFln7z+MBI0=,992.0
consensus_latency,sklqm6WFcxTeUROsokTpQP+evYn1pkn/zmwnlp57QbU=,992.0
consensus_latency,xId239JCwkvPFUuQKTvAYAzo00G/EAG35hSMMJH9jf8=,992.0
consensus_latency,3KI3oLnViHy37UrowRHQDB0/KEVPVwh9LQex+MDaRtE=,992.0
consensus_latency,RTWhGapzOG8qdZWO88NJvXup/KLLgVZK4uuUbKOta0s=,1032.0
consensus_latency,eqey2/E2pHmIRbBqdFHOrbC8hldQBL7OZ6Yh7aptoFU=,1032.0
consensus_latency,r8YLkdNJmA+y8xiO3KWk9oMCmDHMvFC4eKiJuDiDXsY=,1032.0
consensus_latency,4RmwmEClY8KPnCAAAlgRU9EiuobRZlw/xIcydWuhgbM=,1032.0
consensus_latency,ITe1okcjqnZWL/SOzGjBQ/lHyY7WeR5HNTrZR1bA0mU=,744.0
consensus_latency,QTwPZr9MgCjbNbmCmEDujl4ct9kJ2fTqBUfRUzEsZUg=,744.0
consensus_latency,hw6IvIMsTfMdtFv+fxVYj/TEbc27WBsfDhaptotBk7w=,744.0
consensus_latency,mB4qJ8Tcf3XLMQS6uy2CXKJ/Jo6FJER9Qg4bCukQALQ=,744.0
consensus_latency,P1mSuCGHc8qCfW9yn679DhOLMhN6/AWnA0IS2+6uhB8=,892.0
consensus_latency,R+0yKuyOgp0cUolpa6y+afV8B3MkpmRCus6NMSZPQaM=,892.0
consensus_latency,Xf9yzsXS0phEdoItrdJgIagDyyKQekZksbfemhXi+0s=,892.0
consensus_latency,9QM1wQQStQ0SIf7vSTba3rAi0g63CaXDaOmaH+Kvx6M=,892.0
consensus_latency,KGsQguejHnd0a4uMy0uB1mQbdoYa2TqThDVxMcdr27k=,886.0
consensus_latency,Yx/08U2c0C0jL00CzeA8fL6V0TAfNh05YMVau+/Ei3w=,886.0
consensus_latency,jBP0U0Ei1Zt599uQZ1vXY6SjUbPU+ob4TNG6StYfSNQ=,886.0
consensus_latency,pMh/0Te4g8qZbHsWqtHIu6um+IZkEDBvFwhA8lMIx5E=,886.0
consensus_latency,zj4SOlzYT8iSHjfYfQuQ/v07Bn8FLc3xGOkU22anboE=,886.0
consensus_latency,07R38t6GgxduaXH8lbjVNuud5yEjYpIxlU3+o3d4eUw=,886.0
consensus_latency,PqQeiLHbuevod5+Zpg4H3Fvdw8QM1eArmVtvCY+GYLk=,887.0
consensus_latency,XfJsFxKN3WSj0NWVGSFZZvCz7gqGpkvuBh22bCJ/zXk=,887.0
consensus_latency,kJFNXKqcuAqFAOl5VGUummd2d+gR9Ou3iyS/UUYQt3M=,887.0
consensus_latency,qUdNWxZw3LMcEuLhqaYKFoj+qdNRBrSDbPqoastsGz0=,886.0
consensus_latency,sH6PnL+SfHzEOza9lmCbjWExX3BwHrZnBdJZ6F3vE4E=,886.0
consensus_latency,wP6H3pQAugpkjauytWG4usj+0G/v1MHpBS70wFV9kC8=,886.0
consensus_latency,GKp6ikuO2MSGQDOEGVHXmx3iyIEe3KTsdkeGDYU78GE=,889.0
consensus_latency,Rx/PDjBYSqoBxknpkunb8pbQWczge8VgZZ1VkD6VlHo=,889.0
consensus_latency,W34P6G0juxKXLKZzi17Xv/tueEHIdWrtvMSGHRWCMow=,889.0
consensus_latency,gSKVuN2ShrwUExaJJsJBgGXuaFVW/D8e+Ytr2Gr9N90=,889.0
consensus_latency,vhiMvJNaxfJ9lQ0hjjZEls32IgvoGk71fktNJclMOU0=,889.0
consensus_latency,AFMfpqXo2aOOXuuK6/ilkybAKWLXBjUdcSLov9roaso=,890.0
consensus_latency,H9l4E7ORH+moneMQ7/didHGTfXlrC0UMovAiVa/MYtI=,890.0
consensus_latency,i6qAibcb6FxrjbBv5lPOmgVjdFHKrLAnZIGXNo8Z5zk=,890.0
consensus_latency,1M0arDd5QrqQcyRGrbn09CWFoT/y7PBHx7Mfl+MapdY=,890.0
consensus_latency,AjD9aj29DygZgEdyAgsa9W5nXLoBPqLsvZEc9DHUKvA=,890.0
consensus_latency,DDhE+y4X/w4NaeHzgMBj1UOxRHYGQ7FQ8luKDMDV8xM=,890.0
consensus_latency,ZlpS2thKvlTVst9Z2rgHZRqnOKrojfGAMc22OJ5K0fA=,890.0
consensus_latency,kbmZ8En5FmnLsCUKUGJgHDGwqmd2LInMzPGEtwm1vvA=,890.0
consensus_latency,mZgFo5FqoXhU1vqvH3KdmY2B0Ju3Q0nf4yzoimFzzpY=,890.0
consensus_latency,qWERlzWmDc4A+ctXGQeTCWKqRX4VXyJhM58kJW0LxXg=,890.0
consensus_latency,ANG+ZXVFgkiyZBOwtoiJe3/YT9RDzMtxs1sr/+QEDyo=,886.0
consensus_latency,DcLIEZFlm9F5Iv0Om2A4chnAwZeR+d0OArm/WNY8R1E=,886.0
consensus_latency,TovN50J4u4GlWg5ZNnXCTnd/H20yFlA0Il5HNYNjmZc=,886.0
consensus_latency,dEvNEb3UtTkpYfbkfnhabOkK/sxhnMRdg3vdM/2XajE=,886.0
consensus_latency,9ZSt0eMRtXH2wwfSNBJOsRKtHA3hxv9htSAMKlae6lc=,886.0
consensus_latency,Dy5W/P24K/SpX2EWiuR0bBxoSBarSXm/VrVR12xwwBo=,893.0
consensus_latency,I9AyJGyaifqAQbqSvSbx7pM2ksqbXp2LblrBgF4O3kw=,893.0
consensus_latency,Up7Vjlkk6cnCo6o8EhSitB6m7T791BF95ChGnY8wNMk=,893.0
consensus_latency,ePsq3PK39N42++KiWK06Vi35VI0t3MPdFBn35wPirCM=,893.0
consensus_latency,Cgl6fLQ6Bgmbnm59Eai7EZO+PyfiQvZHvdDZCVjCFNg=,657.0
consensus_latency,YI4jf4D2LiIaPlYVhCWppTZNoAWrlIjMIFIhVv/n4jA=,657.0
consensus_latency,5GsovqpFgza0BVAuRuoFMigJu5hc4zqVbj6JQ4a1Mu0=,657.0
consensus_latency,76g9orLh0aXaDN/k1NfRmGmpsIGxdjBX7pNW/yfMRCk=,657.0
consensus_latency,I+Axb2XjRwi2FXve+oknFCtv7wVgVNwQo+daLZakaQU=,613.0
consensus_latency,Qj9BDeQAGbHZ5kANIgg6bM14471A0X7DjJ+i/LkGk1M=,613.0
consensus_latency,iJ4SK/wwoGC1IuS5mXSTDAoC7vDRnyKhfhHwuNq9fnA=,613.0
consensus_latency,mkYOTjHsLeTsSo/J3tKOoFwI3hzt+5IRSBkgil7uIsc=,613.0
consensus_latency,x4I+bGMy9nFGDr/FzAtFnq7ZomalZChQPGYfBcHV9vQ=,613.0
consensus_latency,AfrFGmbExSsL0AzCFIEfjV8e6OpYBglpJzRmUMOic1s=,658.0
consensus_latency,MwulZuehB1EFEfoXmRF+0/fBC6EpJz+Vq0fF9wxFh+Y=,658.0
consensus_latency,Tn7JvYvPQ6IU74cHZwc2nWnlXV+/cWCAvw37C8/4Qlw=,658.0
consensus_latency,bTvFLbqej2Ww3066A5vuhMKhupTypsIilGnQKF42RTU=,658.0
consensus_latency,tjg7tSsteNQ0+bwmazSgZQ7ZfW14QYNUNwtuUwi0bnY=,658.0
consensus_latency,HNiv1meFk1fORScjTgaZWbXL3LiT6fp0HUtO6vHihwE=,660.0
consensus_latency,Ht3fylrie8ruHFkVRpkbPH2f+sA3zWUQmUmxReMVBII=,660.0
consensus_latency,nRhhPXtveQ/KQ8piiGJIRlsEWzzzc2VN5RXOfEPQupU=,660.0
consensus_latency,7MlI0+CHYxqUxHB0wHPEj+gDdNq/6pLXvZikrwXoHag=,660.0
consensus_latency,T1EvuS5jWuyfyH+oWmmvLzavyUCvIXG3qAeKMSlCfEM=,657.0
consensus_latency,d/cZJL0Fn/2k4INqQ3PdJNtmeHBK+Y3JQP1zzzFGK+I=,657.0
consensus_latency,l3n80u9nQwBlVztoPBKr5NHBS2axrxHKRRchtw5szJA=,657.0
consensus_latency,4omDkngjbj4AgmmRCJfAqj/BucQOkneG/drL6wqs44c=,657.0
consensus_latency,+UIB6VxX2gd5ZoA/aVBu/aQ8/tZaf2UQUcgd76su6WE=,657.0
consensus_latency,ZH5LhIvPNJbEaxVTSPWpxN0Sdn8Gwh05cGW8p9dUtPU=,657.0
consensus_latency,k4JsbdsjLto1NBO9OyLBG8Kx2VnyH+b4/TxeOkgX3Ws=,657.0
consensus_latency,uJBBnuA2n6H5m+/R7Y9fy+r6Bi8SDGTSibvJ9tWfyLQ=,657.0
consensus_latency,55Iidw/m51y+OC6lWEJjgePQDkrhFvrXnLgVm4JgmQM=,657.0
consensus_latency,JSa/hOifG/L23oWebD6I5uN5e0ICUzB/JeCdywgaiXY=,659.0
consensus_latency,V6kU0KqHqjnaPtUQLdLUp597cTOzY5hQYpFwphSvNPA=,659.0
consensus_latency,sJROtvWIq5sEUmLlcDQu8D04n3DG/d4i0DRrbp0z0DM=,659.0
consensus_latency,166csWNZAVp/qjMjPT8dn3Igxg1xqWdxfsczKP6kUUw=,659.0
consensus_latency,8X/SA9ZKdxQYlRS6eOR25c7AqJq5BZSc6UOytoFOaQo=,659.0
consensus_latency,/JhRF6O3seCkDzj4D9fT0ecfT7eYlbtS/aAcrsikhBs=,659.0
consensus_latency,JWLGhp3q66lCqvoxtQ6Hy8bcaDQf9ENPCXPdbqIrfSo=,379.0
consensus_latency,ddxgBQhkGlH+QfoPYDM7SawtlJYJ5VVdss28evMU/fM=,379.0
consensus_latency,oiSJijyKZP0BYoAch/ajsmtZ1aTLNNHolJMsDSmuzQQ=,379.0
consensus_latency,qzOh9nZz3ZkwmWp4I29jkiCb/+sj7EOuE2hYnWsFpAM=,379.0
consensus_latency,yIWSv0LroAoKl5FJSz3kIbkwaLezUkkmoqf0mb9m7Dk=,379.0
consensus_latency,5McIt9gGvyNL13Vul47NtK1vA9qsqp3Fhjdalz9M6OQ=,379.0
consensus_latency,ACdLE14FruLFCL1/O0F6dIFtHlwXxDuzueJf6yAPamo=,2528.0
consensus_latency,BUlKN42SkDhpf9QmntD/VT6oAD2/5ejjmxqisRQnSlo=,2528.0
consensus_latency,K7GdGcIVHNnHiHeJ/TzaXEe8fL3QhtkRNKejIrTfKDQ=,2528.0
consensus_latency,Ln2zKFUE2xfX0TI0B0cELjdmRZpYhuATxZUw4upyEac=,2528.0
consensus_latency,QIrx5wJ8GH1DuzjDFYjmjs4DaZEPuBKVSbsdWrgyWfU=,2528.0
consensus_latency,UXaqmlh+DnxhXZDgLKXpXW8a147f8wcZRaX+5tTMRRk=,2528.0
consensus_latency,X02o8sr2yyijydvJAaEvY+Fm8cEc/zpXs8kp6lM8Eok=,2528.0
consensus_latency,lCF8otwOHKzks58Hsdvu9gN8LESIw0wyDUgmB6RQ4m0=,2528.0
consensus_latency,nns9D8wyH6dFtWFaE8jsyyZanWXZUJTBGeAeeirllqU=,2528.0
consensus_latency,zUtutwxeOwRpPOnRH6/PcHxly6ce7oGe6VzDtAT1/Bs=,2528.0
consensus_latency,IyeLPnS21MF/2n47Jfh1hUtkqhH6uJcLUPv1UlZ82Ns=,2028.0
consensus_latency,NV/MTGFVTNc7bGrdTMqDIsov6Ef58FRJqWPfyhmyQDk=,2028.0
consensus_latency,OSs5Gp265S3rhlVB8M0vZLemfa/hdwrFchyWUMtb6EM=,2028.0
consensus_latency,XAv/jhckbu5v+SxceNeBs4vq7QsEywR9LnVvwf/BsxQ=,2028.0
consensus_latency,ZKTDYFxcle3tDwQgy20lrnXN13VdDLKYdyHiS9v7SWU=,2028.0
consensus_latency,vNHMVIySeMJLErKJSfXw9n6BbpZcfrtPTuQVw/kivF4=,2028.0
consensus_latency,0LuGBgcEyLJAS0KTNRl165T8kUTjFtIUyJuykbR6Jn0=,2028.0
consensus_latency,07f/3bCxyqjD0HUKfLMEBezx2uqVwbOdiNBnjC/D4tc=,2028.0
consensus_latency,2jO2qAO5hhHcCu7lgHkBovmg91D0RFZNtTvOV7kgPUk=,2028.0
consensus_latency,6v4VDy5VgECGs66VeMa85vnrEMvZCb+mQSu+y03sUkU=,2028.0
consensus_latency,SJ6b8b/hpaOxhrtXshVVQI4JkblCZIRlCw3QORPUVww=,1821.0
consensus_latency,W8Lu8CtCw7+DLlyQtDWST5EkLM2V2tdzMWNTKbdydiw=,1821.0
consensus_latency,j1x7gGdTXwAep65Q22pfhWCgnM36AZII1KS6Pozpstg=,1821.0
consensus_latency,nlhXsGoIw5gx7jthINLJ3xTsm3CInx2pdUCq7u3cHt8=,1821.0
consensus_latency,vJw7YjUfuY34M7YGM0OcE28RCjy2fVQTLnGGrDDcbxY=,1821.0
consensus_latency,/xpFCVJG7mn45cFBvuNVdgTJhClPi90zLw4KKx4Rfm8=,1821.0
consensus_latency,DP4wMIqaXVLTjYmsdwpDGYOQMWMCECs4+WoPQCm63Vo=,1819.0
consensus_latency,RdGwzlj4J43KOcj7LPY609worgV4PUQDHxebAFDfJd0=,1819.0
consensus_latency,SLnGbuMsbLdJr9IZRYMrZbv4HVJ+bSLoroX+WwrEKHM=,1819.0
consensus_latency,Y29GswqO6zMzmO6esFO2pcU2lTA4U6LvrEuppB3jClc=,1819.0
consensus_latency,jxKDHILOgqqDrtdTiTPxrl5+4HxEf/dO0whN2vooQXg=,1819.0
consensus_latency,o2TqMhpgtf7zEQdjSDVMymnAb3SGTMnOOry9YduiJ8Q=,1819.0
consensus_latency,BznRNRDv9uJqSYxKlZzZy3jXSlq2bljk9/r86LS8BQE=,1591.0
consensus_latency,PCeAMLk1gSvnqSwMu+Y6NCJiOReqzEzvhzN2hs3B6C0=,1591.0
consensus_latency,aPlGcMBNRaGsIMOBIOrJ8/uXU+OKJE34w20MaTHww50=,1591.0
consensus_latency,cgPym28PKvn1W+uvbpcDjKWNCRkr9v3byzRF69khFL0=,1591.0
consensus_latency,sCBLp2FQSFBWtlXT13Ea6Wkr8pXP0utoI2Ac0rIh6hU=,1591.0
consensus_latency,DaZhkW6RFpfKI2vpRXlHl2h5OHKq7N4tTUJOKYSRqyc=,1586.0
consensus_latency,Lv8MYSk2LPOmxtvwMi06GFSMKHLDqee3IScBngJq+fU=,1586.0
consensus_latency,m8riw18o2ACFHJajKXa5p3VKoEYbSf2db7YQXKwDmNc=,1586.0
consensus_latency,3XtNgDgdGtIu0N9Eblq1SzzfACHBleJXJVqUcCNDTc0=,1586.0
consensus_latency,cZQM1kxXWl2AcRITwSc3K0Iw2AKrrnwuhMf7cCVjbJs=,1592.0
consensus_latency,cilCV1RGJdNhESzas1c05KIf2Rm6lDow5GkhCaXB0aM=,1592.0
consensus_latency,haFLZTT6PYhMlh7JPNSsfgZkIbDjrHdzHVW2ZwFTO2k=,1592.0
consensus_latency,o8lUvBgiRVjfQ3M1e8dvjQH3PWQdg+G+DtOpcMhU3VY=,1592.0
consensus_latency,Zr6Yit+z6DDgjFZJy5TJUjCveJiJsxwqp+Qc+jEq16Y=,1588.0
consensus_latency,iVC/BRtw1QgQnFckytoCxzBlvW2OA/lkQbsPa76AbFA=,1588.0
consensus_latency,js2zfPiDY7Ew5gae/P4C1EMnOklPPYhyvV33cg9qk7o=,1588.0
consensus_latency,4xuLeut+5uiypMpKfBmO/mwJc26KRP3HNe3o4bF+Rgo=,1588.0
consensus_latency,BX3tdoOm3F0LD6Xtgi3TTYOxsX+1UEdIOX051Px2K6A=,1590.0
consensus_latency,Jn70x3iP4sFBb7Jy/qPgD9DmK3zO3OdSbjXJt4bu8oE=,1590.0
consensus_latency,seOmDnRd5+YE7r9Z3Q7+4G5ckL01ZZ+XrY32DY16AtQ=,1590.0
consensus_latency,7JOe8VQs3aXVejQQ+JSy5NJuBZIMJ0usgY1pmTQ8DRs=,1590.0
consensus_latency,Pa/3Igs1yiW9RVqT6+ugmenstn3hYLQpiXp4BqblXZU=,1590.0
consensus_latency,aVP8o1NJt2ur72BBUSm3bkXOc1IhuwqVNMxTz4lsTDI=,1590.0
consensus_latency,0egDwoy1DigxsdnlxJgUqcxL6yZIh03nHgCy5nwjg2w=,1590.0
consensus_latency,9FaGkP4Rj2ueStWdR1Xe+KXlsw7N2LJPi5rlcultkCs=,1590.0
consensus_latency,IW3RIaCpTyL4AUquVqG9mf3fXT/ozKHZMBsAvWvGi9w=,1589.0
consensus_latency,u4gJ1Z6T2kVdOGmjvONzuKXGkg/7nIj2bXel7k72ysE=,1589.0
consensus_latency,v6FwxcSFq33ZzW89vFd8PCHFY1rsz1B10R9l/viHUvA=,1589.0
consensus_latency,zNvpln1RGW5rDRq6ss6mq/Uz7T8wFlTKRGIQ4M0jQ00=,1589.0
consensus_latency,z61yz6HXs6Nw7X4ny0lQjNcKNDdJfR+Al4jXffJSgC8=,1589.0
consensus_latency,052FVQZ9/AWrUp3U8UrthUzBoU+Ol073KUru7JGvs5Q=,1589.0
consensus_latency,cL/7R9Lb10z+PM2/0819Ts5xRDB5JksiKKhalS80+hQ=,1589.0
consensus_latency,i2ZinFQif+rqL/hNPgx/FFwOXsWjDhnAogv2LD04Sh4=,1589.0
consensus_latency,jGgu7Ad8ABa3nzO/sLr95FCKBab7Az9GSXoZqJU+vE0=,1589.0
consensus_latency,nXOo3u95DWUW+f1CaNYW+NpgyovBUKBf9RSxFPU9aKc=,1589.0
consensus_latency,ztk85+sMnpaHelzjFO6L0ZDE8OT6+h2phbqiT+nUWSs=,1589.0
consensus_latency,33CcU6sBnwIOOhWN9CyTzSBXReyhsWiKbjD1vaNbbE0=,1589.0
consensus_latency,OfKAjfB2fuMjfirKRfShIjA7//AlaTsu0OHip1gNMfw=,1368.0
consensus_latency,QzqRg0tgubAYfmPpJLkfarMOUoYEi4mm4O2o7PZ++Q8=,1368.0
consensus_latency,XbAy7KpGP5u5huCAgejKtntD6SCx51hSgdT1Ce0DDZo=,1368.0
consensus_latency,qg/H7bvGyCpUL4mIj38KK89AtYBNYrnBC4hBQiSMQQU=,1368.0
consensus_latency,8bho5P/brh4f5Losbjjvr0j6jdXM/yuVMEgPgLBXlh0=,1368.0
consensus_latency,8ch/Tpr5HtTuPOYSyrVfMizmghZcHerlcOuHTT8+WuQ=,1368.0
consensus_latency,DSK7QFZeo0xtqm3YeDsY8WrFfM2tRiAqGAFawT+H4ds=,1368.0
consensus_latency,le2B7dWfJM0QJO7x1aPUWpDvi8RiHkMnJ/q3JxNKU4w=,1368.0
consensus_latency,tqZoCvLbO5SGNRi43Kynjsj+sZg+RHJfmt435Moxkh4=,1368.0
consensus_latency,vnGONKrX55kJQfQaHjn7hMTwReGFniEkGuo9eTkLBcg=,1368.0
consensus_latency,VXBrl12v7a+0Cp69ENxcm1JXJJ4iPUA7dD7AAZmFzbw=,1314.0
consensus_latency,V9HS4/4YCpYjDbIiGbuHlBSmdZl9sUpCwMps64m1r70=,1314.0
consensus_latency,rN8/Eu603blQchvUE/eroY7qYZWc+4ARvglehfmnlKU=,1314.0
consensus_latency,6Lhd5iT/WyNuWss88l2nju9XSQFfD+CWJfPR+8rpia0=,1314.0
consensus_latency,8ImyyMoETUZxyh0tVr9cmVM3EXCUJfSN/zbY7GfUcjg=,1314.0
consensus_latency,GxxjhI+RbFSVK78K61LDl7Rofij2Lgugyedt0+ZttPk=,1369.0
consensus_latency,HcBbBiCER+jqcu6KTLZoHY3HFfIPFW9icPsMaK8elOw=,1369.0
consensus_latency,Im7Xz3qrVWaNqOU9F2FQzFgHTSNSmoabmycSUdGrmo8=,1369.0
consensus_latency,62j1IL61dLCcuh36XfsqPwJ0w736Ysm0tMoU+5GD2bY=,1369.0
consensus_latency,MlYFnBTMJsn48MpRTHjLcYSj2px6QxnFQbTnFZB/hsw=,1371.0
consensus_latency,Zu/ygaVYRVAXSUVTzjTtLyXYKt4HwY9kF2DvCpxeouU=,1371.0
consensus_latency,uZ1puQ4woB3OW9FaurbKOu1KcyEnO32Xmap5qsSQOPQ=,1371.0
consensus_latency,9PqX/mzPJbijwAxwqh8hsi3QSWeyf3nWQVy55pfhs9E=,1371.0
consensus_latency,VsBqZAM6ebG8Ym3tktPhCX2XdRH9bOV2mPrzJCjnaUI=,1368.0
consensus_latency,dJCVQ6xwIDEOJL635w8EyREW0ZsoTyhetQ7cMguKgyE=,1368.0
consensus_latency,fcWzZLhfNS2r9Ot5uE+vZv04EBtTYbziLrKJZ380cQQ=,1368.0
consensus_latency,iGJXiKQFwxU+AxUGiZgtq3WU4sqlHkf+lfj5xlNCEGM=,1368.0
consensus_latency,EvmXaKvtQm1S6PqZqXi5lnshzwAzvTGU/oFEQPfm7S4=,1370.0
consensus_latency,iGgC954NrsTj4z9k4GPsUAJJAuA0r9w5mJDJcrRwnmI=,1370.0
consensus_latency,juV8P4YwHq5LeH1EJ7NhDKwyXeJBx2odLthCLxeDj5o=,1370.0
consensus_latency,oQKiWOrgh2PVb5DEyx35jYwdt/UlU9Au8DrGIQ9jEH0=,1370.0
consensus_latency,Ibuhu5tUkeT4C4stv9iQF1kMIjpXpDI6BEDNDUfLsSs=,1320.0
consensus_latency,MGzG+2xXsxg3814Zvuhec2PyNj0uaYRuA4TWMuyLGy0=,1320.0
consensus_latency,qs+UDTSS3Il/vh99rqIHSECajo3Tp3gZXT7WMwPrGwE=,1320.0
consensus_latency,vrg4GqQwwZhRUpmBa1ToZW0MI56ElX4InFHENKc9sX4=,1320.0
consensus_latency,+tkCcNRa7IWZ6wezKCrX+sW2XmBVgMJpF772eHV6gx8=,1320.0
consensus_latency,/LNFWlXKCqoICMjzs+cR6+jbFYAoedQzxbuRWcMyH2Y=,1320.0
consensus_latency,BYpQPIv5Sl79e1cuxFrPg3SBDWJzaPHEW4KClrUjFoU=,1320.0
consensus_latency,NiujHMq9ryaCm7t3RGiEGOeibyQLgietmzXFUb/XDws=,1320.0
consensus_latency,U8ZoAWMFdKfCFDGhsf8GSDbKhsaDmLWhpa/8E9tizsA=,1320.0
consensus_latency,ybuT0W8PgLqSqe3WZEFfiVQN+vZwOtKuvjUKojOZ3nU=,1320.0
consensus_latency,3WkgnBQEat689homlPu2jT3wDgOpn1Hid9qvkD18kw4=,1320.0
consensus_latency,6Os427DnFgBh85HBz4B5WEgXmMC1GZSSqueg2KMfpL8=,1320.0
consensus_latency,B2K9HHpVLy50MKxf6f6nyJwCiTfoNLKveKjc9mcXc18=,1066.0
consensus_latency,DDHPMHslAZY9MOX7fvh9+xW90dj9U22loPrEpRfPwaE=,1066.0
consensus_latency,oWEbpyAnWGdr5xCH6XwoguSmItlM49d7ibERbfsiEHA=,1066.0
consensus_latency,vXkLer3FX5d7qj6CEwdWvJX0FmqEUBSWGSuh8qQEF6c=,1066.0
consensus_latency,76k0lAFZRvt5hTwbgglpypyYMZ1IgVSqEEi8ibBEd/o=,1066.0
consensus_latency,A9BsfS7O/XwFJXBsP0OV296eQQQzu//nGMGoo3YOrkI=,1069.0
consensus_latency,P3RgmxcPy7SmVb4kIYsU1Hsd8+tsh++15YPkkY2hrSM=,1069.0
consensus_latency,bG6vXHdCmYoVbeRrq3Qz9By+UzxgUuVhP6xuoNUIni8=,1069.0
consensus_latency,rJZophpPIr3HDdMnS6p0RSAKqwVoDEHMP1jJbGKseds=,1069.0
consensus_latency,P4Wu3P4gNwceMlxLK80rKcJBTWnRPmMKxXx8f0PdiJE=,1071.0
consensus_latency,S0ns20yqJ/R+X69P3nME5s+qZhQzKU/H5JDk56yV9u8=,1071.0
consensus_latency,nSYyzbmpCioOA3kQAPWF3hPAcN9loU+AExMbHXwTHbM=,1071.0
consensus_latency,yR+abDupFRCJEE267OP/1H7EuJ7VyFPZu4jeh49AOSU=,1071.0
consensus_latency,2dzx5KkBiaCNQIY6DxU2r0UPvoLNbWyawvj8/ZHUMmo=,1071.0
consensus_latency,GSrnmDr1Mrmxr6VEH4Cn6KI2h/TebsZZEvZMFNfXqWw=,1072.0
consensus_latency,MoyQM2eXBm1+/+SSPE43fVsOYkbgfGcxnJ7mJVBNpRU=,1072.0
consensus_latency,NEF6Ch89bE4sjrAqDZqLWiuySrcW/x8yIrfZxrZlq1M=,1072.0
consensus_latency,wL1yogVWraMtL8nygi90EWiq5YubpdFs2zv1wcv2Ne4=,1072.0
consensus_latency,wwK2oadH4XF4tkxf9d7abNU8QzY7nJW5EFi975lx+w8=,1072.0
consensus_latency,94zSBvlLBT2E7Qi4lYUrV66eEkWAuccqU7M4awuSYLY=,1072.0
consensus_latency,RNRA/9JjljfNqTMQtrcD/EtiAsNK81KuxVCKLLsDNZA=,1072.0
consensus_latency,WChXtjdLSIPWun8GHDwrqv+ApzcLFg/bnf76TK1vZUU=,1072.0
consensus_latency,fGjOkIqI2yQ4Qd8+N2BsPL8McWCsC6uFB3Y3gkEagvY=,1072.0
consensus_latency,rDY17c7LZgAQ9GbkGdPCVPGK4C3pd/YFLZBZKC+8FU8=,1072.0
consensus_latency,xps++9+xM9x3yNXU/buuyS1y1Dmdt6+6/BY7AUX7zCU=,1072.0
consensus_latency,V6GfAah434eaYMqepnvI28UPXV2BfNrlvOD2V+wltsw=,1074.0
consensus_latency,ZW2MnOeQbFICL1Q4j4lS3TH1rxJK2dM+E7mZPadsxqk=,1074.0
consensus_latency,1FmgLfh/cZ4g0i9RK/7r3XC4K+mHthTe4+2Ftj+dp84=,1074.0
consensus_latency,2dv6gegup3806SC1qVAHUGDT03ElJq6KFUSIMgzG368=,1074.0
consensus_latency,qE30yUnAxEzszXpsSZDDt3IXfjJwJhUtRsyi5ei7RLk=,1074.0
consensus_latency,0Swi1grL/+nUIZdke7RuC7En/I2mtW4u8U9xZr48O5k=,1074.0
consensus_latency,5R13keOyxttnLXDcWzk6WTA4xaUGkRHnned/NWhOlmo=,1074.0
consensus_latency,8dQOCQwrg+cvzna+HZ4M02HoPL1VbghJOQGgCdErK+8=,1074.0
consensus_latency,PG/jM2Z0sM2StPoKYG4njeBkxIpBWLe5Ou7rhfgOunY=,1075.0
consensus_latency,S/bZ+PlHf1ACE/+AjKYza7uvOrVgUoyfCkcyLfMU81o=,1075.0
consensus_latency,qS/gjxDLDTBkHHsD9ETUbHIK0UziFBbts26kF1vLXLI=,1075.0
consensus_latency,8kDfIqyNNOb5AnSf7JZLkt4jb/Wz5fwjhwg9dNAJs7Y=,1075.0
consensus_latency,/H/SCohRG5+rtV2L8IvIvIXfJFDq8mOw22NV/kzzmMc=,1075.0
consensus_latency,c5gtorF2hNqOgJb7hgXrTfAkAX3aZ8ut2x9Krdovh0c=,1070.0
consensus_latency,ehREZ0sm9Qa91U6VkejIClM6yQ/kLjkNWfpn6V6Tluo=,1070.0
consensus_latency,i/r8yEBqioWQ7trq9gzwWeaskeeFP8zP5eemza6ekbM=,1070.0
consensus_latency,jIj7GHcoQdrVgm0f3XeLVLMJQ/QkMPuz7PwXMrG6+Mc=,1070.0
consensus_latency,u5duHb0CE6qBexQSz1xp54a4nZJpfVD300zKqoQ3R3k=,1070.0
consensus_latency,8hWvYJUkRRDCNreOwhfh8yprVgNOQCllosF35pKCMHg=,1070.0
consensus_latency,NudNRA2cWVOY6wG+pQO+ePdkTnWCCpfwHSna7nr/xxM=,806.0
consensus_latency,d5O7MyG6wKG20foKOLp/hIOsUWZ13X9X/ubKVC716Uk=,806.0
consensus_latency,eg8ZqXpy0gY+G587YKmvmw44XlQWr55uddA+y8An6Yk=,806.0
consensus_latency,mXVdubXs5r0Qy0hqCI9yMRmAfVxzlTZBaBzGmPDL+L4=,806.0
consensus_latency,tlbx/7ZcPrgg3ocSVYgYoN0wVyJEBb1mCCQoB5caH38=,806.0
consensus_latency,vCvA0YkkbyNOLDacub551F5dlR8UK4rK1WCFm1jbxXo=,806.0
consensus_latency,DQwkjMLsMMozsuUzjNKbbWkzj54uNl3HYfelJXXshWk=,803.0
consensus_latency,JJvrxnYME2l6wjaV2uXXg9Sn2VcXzL5IPkYWMrOioBc=,803.0
consensus_latency,KP7pfIvMu4JEK2bxRf0QQvZbXr4eNO+WlHyvuL0ghC4=,803.0
consensus_latency,WvfE0Q+lCpuXEujDtsfVZ4UC/EBmYHS1SFlJCppiQKA=,803.0
consensus_latency,rOScaDbBMcIHFW4ntocCs3zNtIuwFIK9vbqQ3qStjQg=,803.0
consensus_latency,9CDewMcnUQ7y7WPNCi87+6eilAUOIDBFZ8gxcKK4h1s=,803.0
consensus_latency,IwUrYUJgJoINFYoWvQynOuyZf8MxD+OVfXeSUG4mJLc=,808.0
consensus_latency,YoB7F82aYi6xYaf58luCRUH89lpj9SjCY0IwRazxUPs=,808.0
consensus_latency,Zbu7/nhJwpPJAiyl0MRyxRlG+owJJTuYcOEVGI1VneQ=,808.0
consensus_latency,aRkDvuMswueeLFhWrYjRZ9NJHIped04zdlQTjvAgyf4=,808.0
consensus_latency,0c0UXhHfxwfY1hsdLwYqRehD3IJKJUs/1I5dURefsO8=,809.0
consensus_latency,RKPapb8ndrrJygI2f4kuJKhIN9WyOIVtuPGpp0coLcY=,805.0
consensus_latency,dUcdDW8cHJCfBBe0JkGtzRYG7b+ep7G9KaS4eLqUoJA=,805.0
consensus_latency,iUygmjrl4dH7NyoXiDYSlKi6AhW3+Y0rrb0btu6MniU=,805.0
consensus_latency,qFsq+wG2tRspjq+7fKl59WAjRYdhPLjVHu107JjWbTg=,805.0
consensus_latency,vLiU8K9kTetbcg4sx7sjWd/GGHlIA473q73+CIIztsE=,805.0
consensus_latency,wlJsT8nnB/xQ1uAV+VvMK5jBJHwNJydLbkgryYapWxs=,805.0
consensus_latency,BV5N7l1Bnk1GXc3nTDUqCVG5FsefC2ge61wrwdwDEQs=,809.0
consensus_latency,Sp8x/QMKp1b/tw+XMxzpUSzmXuWOawO0NpwF5M0WnhI=,809.0
consensus_latency,TTjiHJ7bVTxt39tzWfNzhVRSj+7O54tzgwVcVTIEQiQ=,809.0
consensus_latency,wkhgABntk9zKejwGWnvs1t5MoE8ac587LaQhoH2FCZA=,809.0
consensus_latency,8d82+qfloobWX410hGn7GpLaDfRZsL1zzbH36Iqb8CI=,809.0
consensus_latency,HbFy5VcQsiE3fJXVG1jDLQboeUUvfk1tDtxxW5AWuhI=,802.0
consensus_latency,SiEcqj6Mks7/arVcs9TsY40ZKzHJIBceYjvOuUpXzL4=,802.0
consensus_latency,WgBp4+oyJaVvHyooD0oK+gA8QAWszCuQc/1YCC7kteU=,802.0
consensus_latency,biXrrVpHoIR0DfGRqxxMirKoztoZp9NpwtSjz9ye6dg=,802.0
consensus_latency,eDlvTzMS40XJTk12JR6XSdgUVFqKY1HOsT3kIQfzDrk=,802.0
consensus_latency,6zoqrkhOe+uH8f54Fg2jCKkZHKkDadhQuq5j3EBAkHg=,802.0
consensus_latency,Dez4ixjIFCpQ4qEpDAo5vWcejQx4ds6cpEI5pzruato=,804.0
consensus_latency,d3LljqM7qDa3ly6v2LcL4rVbcaKlHeB3TRt/hOivQY0=,804.0
consensus_latency,xMhLk38x+q80oz3BZKxVz6FybNWLn3KQLFWe1rGJTQw=,804.0
consensus_latency,2/Ky45YeSfEpotc8E+uMiUCi/ZkznQJor995ASsTqk0=,804.0
consensus_latency,3fIPkzHaJexPO7/gAHinHOC1Z8BpcmyfFdkYiDEBAVQ=,804.0
consensus_latency,F/SjlwBerpgs6X8ZXedRLj7bmWerrzDgNw+0aET3yKg=,806.0
consensus_latency,UyGrYBP9evHvopytH2WTIfNKN47obd97+z9d+9w15aA=,806.0
consensus_latency,hME7S0SlMq3zQbYJTOxCyiWXf4dzIqJYTy7+VjnFbjM=,806.0
consensus_latency,l9S/kLWuAunaGpnG833amUvypPjJ1+9los45IOA1xc8=,806.0
consensus_latency,nnJ/cUVHUl52GXcuG8fe8jVvQpM4rA40pJzfKZ7rYCY=,806.0
consensus_latency,8ClLC4RwQHUH1LWsX3MBkvAwKjW83h2RBDSFsFQGtgk=,806.0
consensus_latency,ECrsjMhEpjfD1wPFCj0grCO2exgnCJZlalrUO9k2rwI=,547.0
consensus_latency,NYOIKExthckgImgBHrO59f0Mh/YyTN57ZS+CI/8E2eA=,547.0
consensus_latency,TGEhu00JTUoOIKVF9TuZckxcF5Ts3aHFP6biIrdkPHo=,547.0
consensus_latency,u0A/aVou7mWzUh15SJ1bcLuWrixbltWpw7B/tCHoCBg=,547.0
consensus_latency,3u6zvhU1SuZemJdNvntiUQwiL1N7+ilsumVMALxOc0Q=,547.0
consensus_latency,HFZmxbzOgS5+PdDyAeLg93lJDqdjrtVNhrHKzoht20Y=,1875.0
consensus_latency,WdEbVgohJn0b9hrw8pLAOxMepp3DEb7F+sEvHFdmZFo=,1875.0
consensus_latency,WxTls/J2SQhcfM9wxW13iP9qEkLKc1p8Aaz33kFlUj4=,1875.0
consensus_latency,d68PXjEl2JHQ5wCg4Dz5p/b1PACDSpyxR+63wzEUl3w=,1875.0
consensus_latency,uVugUcUp3j39pYJ+lJgPaP5vdVr+JEvqvgZqydldc0E=,1876.0
consensus_latency,BXo8TcSohOd8y4RYuKMuZiwdHoiQSL55S64sMYKpblg=,1359.0
consensus_latency,EkZBiRKwLpCWsh79wC+v+nu3X0fxETBbf+1UYQzWSsI=,1359.0
consensus_latency,IG5ajp7ihnfsmwoTB/byeIVUWReREFKfUcUzBkju6Wo=,1359.0
consensus_latency,LK01eYgmJMUQkG+p6DM2nTJz+jq5zndZF6dDwOSRAk0=,1359.0
consensus_latency,PUkP9PNt+lz3tRWRQwo7jfhp6aSU0046V9Pr9rryYJI=,1359.0
consensus_latency,QSalFrlbUCeJBZcTpqP2yNxz32BVgsQKNgeK+UG9nIM=,1359.0
consensus_latency,U+eiHLVpb/yYOOSdowwNdGPahBrxM28y0elHv7XDvh4=,1359.0
consensus_latency,X41JRLDRVPekXDB1CWO1F5l6o4cdId/u31WPtz6cKu4=,1359.0
consensus_latency,hGB8P6R5sdAxqLMr2j6FZPN18aSS4ZscEAyK+Nu/oes=,1359.0
consensus_latency,itlZPtPea6a0ZcT6kyXGjnejrGEZE+lBM4iswuq6LXg=,1359.0
consensus_latency,krSWxg+kDxCepq74euRno/09vKs9ppZcMKI13/2pdHQ=,1359.0
consensus_latency,otL3LlDLRR9IOXGeDg+XTSYnWMYszKErudYfNzzLHbQ=,1359.0
consensus_latency,qkp+MsLHeZKnVlq7anNcO+ilwjHxmxqvLqhcXxpUZMI=,1359.0
consensus_latency,qpz9YYpOETrx+3W7t1PXGyGpOfPcg5tdZXP5VMagqjI=,1359.0
consensus_latency,ymvRbmeKSqbEHUlq1yHl7opGYf4QTKIC15HXQQUREKM=,1359.0
consensus_latency,0+E4iwUxofjFPeSsJwFx//aZ53ZDY8Z9x3DnmZXpgCk=,1359.0
consensus_latency,1JbsuW1SouuLXKSxMgWCoSRTYdTxdZ6w2LwtV1dkhmI=,1359.0
consensus_latency,2k3kUwzEu1qfxv9fchCS8RLxnRQIxKC93HOtfhf9ba4=,1359.0
consensus_latency,3PSVtgohRoZwzVSAlX2Q+CEOg2UZIsWX/NRjlc1pxEA=,1359.0
consensus_latency,fBFrBHzdfZU2vFZS+bkUUa1iYyK9BCrBcUpneDIv47Q=,1169.0
consensus_latency,myDMWSbl6HtiCEeYqFLDjYtBcSIubBCXq9kHEIUeNIA=,1169.0
consensus_latency,tBGzom3dAdP6Z/IhAh1JPmPV2AxUJUh97Rx5Yj8N3CU=,1169.0
consensus_latency,4y07ggFMKQLPcWKQj8oMJTBtOeFM8YkEplD2h5n5QjU=,1169.0
consensus_latency,5PAlglucLGMDAdjy/fO/t0E/QGjzOjb1mXc3/AcE4KI=,1169.0
consensus_latency,5fEevRMvQcYxHrKmdBiEcwVsxfifPK/DMt/Dm3F6Nmc=,1169.0
consensus_latency,IRpSDQRVx0sjQHgeMZbot2Kvr8LSWGMWp4DPFapyLyU=,912.0
consensus_latency,JfmiFy+O6oEpQjXKOuCcL9yu1/ikAdUXeYGOctENvrM=,912.0
consensus_latency,M3DCiZcLAUn3Li/OTQBgsgM2fMstvdOwXkza4APlFxY=,912.0
consensus_latency,ZZ67Ixtqim+B25Eg6QUHBvU8+Ahvv82JEdsBnVquJB4=,912.0
consensus_latency,cwnnMds4c5mb50Rdf2FG61XpV4hXWqy9iW+VSFrs5vo=,912.0
consensus_latency,LEEA6n8sdGbloMEGmZ/VzKt4mf6nP4Za6vXeP+imyK0=,926.0
consensus_latency,VBQiAksa4OvbBvyi95YvRHs2qgHIfEQukhYPIovvFjI=,925.0
consensus_latency,x6MTmK86pKasRrDDuiR2mmrIlO+wd4zN5+Dcgvtorq8=,925.0
consensus_latency,60/v67XXAT7veZ6fa66UjxR/p0qw0uNnGzcIbgFedA8=,925.0
consensus_latency,XFqTRwPbu7yxWaDP2sQGTuXLvfbN1llmX2DCyz0xhcM=,924.0
consensus_latency,a5MOfVoX04RSJLXO8Jch67/yvBUBNgXaFMC3a3PL3Qk=,924.0
consensus_latency,sgVKLEKiTXdx/S8qglMNlJt2l5W8LTGIr6UcgDkxHvE=,924.0
consensus_latency,7tYI/DIUOsjaobdL/7R40E9T62Icdtxevuzl7y+hPf0=,924.0
consensus_latency,HTy3wmkIdjZ36EOTEeentt8nfB7UnTxgN9unZ6hvJ9c=,920.0
consensus_latency,I1YWSU1udP6Hwku0zXaOriC815ufLwqgEtdUsMH4z/w=,920.0
consensus_latency,YnIHt4b2Wb0iumUm+8O2zwSEsioHs/VkeunvSKNdOUI=,920.0
consensus_latency,aYccy9o3oKeCI70AjMyNFJAewGj5SpPAWbbq9HwBTpM=,920.0
consensus_latency,95YK6Ssug3Pr7j9+mh5a0W+KZOjmQ9VRMuu6yaf5/AI=,920.0
consensus_latency,ixhgch4mxYtYeOaQFsMfGlT7vKWY+PhznuQE4yg845M=,911.0
consensus_latency,yMWTkyfA0V03TXJv2FIHQU1aZmiZFG8CEtbPk8tjhyQ=,911.0
consensus_latency,3l0AFBmFdUXyxZD9AEn2kM6P2cg5U6/k8QcEPm2hucg=,911.0
consensus_latency,9yMGmWvRFVL7iCQ4E+QNdqp61zxXKCWIqgYqy5+Lqho=,911.0
consensus_latency,PG4Yzl0VCWWZrWsnf8CzEFA3Zyz+UhdmJpKDJmUofkA=,922.0
consensus_latency,SCJXbDJVjMisZ/tUsbuS2aR4+dKx8SNCGQkraeomb6g=,922.0
consensus_latency,f76YN6XSrhih2UJ2v5nTVQtXY3/eglqWyFI1OAKCREg=,922.0
consensus_latency,yHVHXfzmCUKBQn3bacDW1lV79MK69DAqcpRN9O5jC8g=,922.0
consensus_latency,LQ+VoQoEa/X3SVeRs5pgmbzqSjLgDOloPw4adXJIl9M=,927.0
consensus_latency,oBc+fS5x3ssrvchrQ9u6Zn2fMq5Qco9RC3hFJmqBN38=,927.0
consensus_latency,uIi79HpoIjVhXXGyZQ6qqfGmPfzw6rccI2H+807pirQ=,927.0
consensus_latency,whWFTl0yZONLvrYBn3CHxOWw395q1HeImjvTgLpUYhk=,927.0
consensus_latency,m3bfV1tqRNoL9O8vHTOIsUgtLMdqGwFCiPKOSAHJwj4=,923.0
consensus_latency,sicrZ3E2bbnap+yHBd+I+NE7cGUDrd9orgqpxduXmTQ=,923.0
consensus_latency,3Ofr2TMl7McHLAThldMyA2zKBz/dLLuFR4C7IUv2dKQ=,923.0
consensus_latency,/OPZTX2WGu+tdYXEn4cxVp/OLmM6uAlrfwUm0KdWZkM=,923.0
consensus_latency,CsRS6Fyq58vM0dLdH62mPTjilJNhfYOMikflfBUjsJg=,648.0
consensus_latency,inwemKHOD6/x5yW2RAmqFqZDZjPK5fzk1iJyktcG6k8=,648.0
consensus_latency,kKbKcMeo87slccZwQ7WJwimP8I1fIq1lrB5OBpKu/Ug=,648.0
consensus_latency,oksmgKi5kzQnLlsUWUS9j3MwUP44mtye6K5EPoiV/Ds=,648.0
consensus_latency,yQ29glB1wcChTiD4o6ibMe9+G6uyRtQfU0uHK0s6xNs=,648.0
consensus_latency,B27dWaPV6ucQPj9nQYeUmy5TdTkigFEv138Pj3di/VA=,634.0
consensus_latency,qI3vswCGNR3fAH9Q3kfJWcgOm65PlC/l3tEEj6WItZo=,634.0
consensus_latency,vPASLl3st90ZPvk2Ij9Oqti0aLiW2hvhv/jFBjX9ENg=,634.0
consensus_latency,xuT/wy65yONkUOapLEi8Z+bVJmXZn4R6rOpVJOdOawE=,634.0
consensus_latency,8d8FOEVFmpVTSvv+cKIKFjEXHqzlYoutoPZbEhoJHDI=,634.0
consensus_latency,EEuvxRSi7Bx9R6COrgj3u6ifQCPkl6g8c0wtX5DlevQ=,649.0
consensus_latency,NjplkkUu4Ct20WDspr+NMNHrZR8nWerfyR0aE2pH6vo=,649.0
consensus_latency,RxRLAfUBO5OgsZdpWmvqqZpvspI7DsFNe3CTnQKQn7E=,649.0
consensus_latency,tFeBz9VsV3rqW31DoCEeirfnWy2xOyZF15/Nqmxa6sg=,649.0
consensus_latency,1zGd9i2vNXlS+sOjzbBz2XaEs542D1owTIQNQUNpF4E=,649.0
consensus_latency,N+VOL1cJwaT5firZgr5i0o12V0f77lhjrkWwduKJiDg=,643.0
consensus_latency,OiR1lx4Vet8q6xa2X3u9/j2XUsANLQezNWZzGCb/mDU=,643.0
consensus_latency,t+wenngeALoHJllbR8cyogxaXNFD7L2kTrHFKBGw5CE=,643.0
consensus_latency,0Uof8abqc7nT+odalhBp0R+BZEYIh8DWVsS4wdg2ndI=,643.0
consensus_latency,1OD0VMAvx7+rpJsKPmRaC/6vCKF6vkjBXk2XvsdAsJ8=,643.0
consensus_latency,H78mAOAjE39omtbsL0vzdQXhno7g9m0c67idE8D58HY=,650.0
consensus_latency,LSQD9AtFcmCGA1fhncdCW3CpCYAT1JQZdiaUelTd4M8=,650.0
consensus_latency,WHV4qrgp78qR0yBFf5Q42meRasGhy9l8mG8WpNd9DSU=,650.0
consensus_latency,r0OupQaFtebCDqYiB64i4wd78QwZhNI3/GygDsSeANs=,650.0
consensus_latency,9ylEYlsyTuH8TMzEVlwlYbROBlTIGBlJNDZEAf2YeIc=,649.0
consensus_latency,/W9FAqbrJPrlXtaEH1vpomC/L0UVa0vyzktRfjxIgm4=,649.0
consensus_latency,Af3nuTcnt5B4aJj2jzOZmC3msdrT2NAF/lCaqOBtNTc=,650.0
consensus_latency,F6PYusQE7QtrgYoJIim2qZA3ibVMlAXFv5fjg+ZWeuM=,650.0
consensus_latency,OIR1bt7SYNLZOLdQOcCB0zJ4TnZTnkiyrf9Gavp0DlE=,651.0
consensus_latency,SlGAb4HrIR5J52DqFL3y1LiIgIylraHb3NErFCeW0HE=,651.0
consensus_latency,6JRcUs9hsYW73WxJVu2fjAa7zcaUlUaROZRD5W9Z9nk=,651.0
consensus_latency,GkJKR0H0BFi4+xvWgEHVl0aAY/dLpEEzHqxY1n/nhzQ=,654.0
consensus_latency,RngangJKr1q0EqJBGIZQUQFs39z/vLPgFJhux3D03ZU=,654.0
consensus_latency,XC7JbsoO3TrtpdYH69+LoA2UYJkDC9DAynbycWaPT8Q=,654.0
consensus_latency,b7W9hcPmMjaEkZGepSTgCdNysRgx0sBLIbOBGrgcrGM=,654.0
consensus_latency,rYfLiyLoOz+9Ju7aSvnn4hhNgyiVAzVSYKtYgLA832k=,654.0
consensus_latency,xgKXBzT3azoXL6VsUTAWwvtUy6h3H/Ny526Yt4TZVxM=,654.0
consensus_latency,nYc0+VuQS1F1xZUyz6IqLKxMEVlt6h3TaYZE6MKGZE8=,410.0
consensus_latency,vqCom4U2LcC44cYGed4Fb0Y4RjmwCOiV0yasv8OOp8Q=,410.0
consensus_latency,0899Tup9OcJ08SKNRkM6Wh9zXpO27sRUmIJYDiFuKnU=,410.0
consensus_latency,2T/xLfembHb9IVfCaGV/EBZBPvqRX3UJMYmGCFsl8Y0=,410.0
consensus_latency,AYAuBdudDPLXyf8jTMm/1PAraorV3EgZGlLQR2o05+s=,1701.0
consensus_latency,bGvZvnGCBTe2PGJzFYIOKceCLD5s57LXJTT+156gDHk=,1701.0
consensus_latency,g97q4xuK91jHKabuhi/cnA0pNaGUVmLGKPH5B5rVky4=,1701.0
consensus_latency,1fpvXaZwGmlLiiSjQWHWeu+F1b08c5dNvjRFm/6Vn2s=,1702.0
consensus_latency,5jryRwHrkBOrbNT5LIh0inUoET1i8rQvJLqshFm0iUY=,1702.0
consensus_latency,aUo5vH3ShzOtFoEUV4SNlCK6eWJMg8np3g2zWZGuzh0=,1504.0
consensus_latency,dO8ZXpIIrOi3lfgFKNb6yNmWjyMZuCQoSvgbg3Rzc9E=,1504.0
consensus_latency,lrTJbnJs2qU8aFXZNafdLdaQe69NjR/xSsueyUIe9jE=,1504.0
consensus_latency,2yDN+H4+f6B5Lulj6F4fykYmEk2FolychXBpeo6TEYY=,1504.0
consensus_latency,2yhF/P2nQUl8Ersj2Edj9M67QuTQVSzMmwYDTbHCXz4=,1504.0
consensus_latency,CymiO79/IeHMfcgRiliimoX/Hwiqde4rqllNN9JOwPI=,1503.0
consensus_latency,SLv7Woq2viWPVrFR+rp3AolVcIxpG0kmmbnsL0lfIkI=,1503.0
consensus_latency,dJShUdoJZxvNRC/ZaetW9ffa4spXsHkTUxIuGjrYHnM=,1503.0
consensus_latency,yspF4/zfROZtYKJIA/tZlX6pfiOlMICT7GmO1gGpwrU=,1503.0
consensus_latency,1y0g1O0q348PukO+QBQU7L5klMKcbjY62Ka+VwQeHJs=,1503.0
consensus_latency,5weAnkfqfoK+yENWMrgxCGDx1I9S74QPx9q2XK0BYhg=,1503.0
consensus_latency,bnS44Orc5+yDQwHZEsll2056z3QlsV2LY5Kh7CEWWts=,1272.0
consensus_latency,kp/TIEBA4NNs9y9DpArxSriNEGp3tfSgbYJr9GxBQJ8=,1267.0
consensus_latency,wBB11aHhaD1PywzU4SuNE+XSMEnixwi9QGWhs1rCRts=,1267.0
consensus_latency,6y5/fxSGx/qXMCQnTSDPw+C/jE969kDe6g5Fh+lagQg=,1267.0
consensus_latency,TLDaQGwmFM49PVduUb9NuZqLdkURQ2w69tq1FiXh54w=,1267.0
consensus_latency,UQIbaBWVUze65SyyyKL017JhasnXIHOxQSWcERiyXsM=,1267.0
consensus_latency,YmbQEU8QEJ1SXgrE/+8nJ9J2NKKkWQXPXhPUyJuK6po=,1267.0
consensus_latency,jorKdGKHav6K7VmYJrx+L74yt7SHAB2scF7iVsVIF5M=,1267.0
consensus_latency,u84+QA3sQ/iIW67J0uKRNS+XwLxPvjqsvVWQ69e4VC8=,1267.0
consensus_latency,Dp+Grx+zhvj/4yMU6H15SLUfCAIcbzzL85KG3UOkhGM=,1258.0
consensus_latency,DrLQWRGwYJLM6jYM3APnAmLT5Zs4kVOjFtiNdt+TC0s=,1258.0
consensus_latency,aDuQZ0sfMumtllc4VN9o3s4URyU65pTU3GmTub8w1Y8=,1258.0
consensus_latency,e0lwsBdCDFgHd/A2amMjh+FtcCYSTWT+OSP57osgV3k=,1258.0
consensus_latency,Z5YFconRF119Akz0gPgLslz5VMftWwkyQPAgoPec+oY=,1272.0
consensus_latency,a7eoJ65nvbjIj+yk6nvPAi6BEOFeAMmZ16RhMoH46yI=,1272.0
consensus_latency,vP23727kyYXYRo/hGccm4LMZzUat6Ntcdnpt2iYBEL4=,1272.0
consensus_latency,0TSTqJ74mmieUc2Ki49ZnzyYL5QYOWIK5bogycE7+Pw=,1272.0
consensus_latency,GsXaK9iQvHe47XaSV8IS5XOerctQ4bTBP6ixvvOr8n8=,1260.0
consensus_latency,KFhR3x7BhixCkIu4jH8+UZuKdKUrBCHANq/Gm9IEGo4=,1259.0
consensus_latency,ubaEI7CvxK1xE4P8YA1zGG0nF8L2U9CXrudkr86c+nk=,1259.0
consensus_latency,1aIU5UvzQlwSRnFEfn1Emt1cDzLLGkjkRsPwAcAji5o=,1259.0
consensus_latency,2d6FeIvOhtYdXz9ehwf2dtK0EiDnhrQSzsQhQh7umxw=,1259.0
consensus_latency,G01GDAqGB65lSXJ0SOdimzZFP9npfAWSPKEfG1ZcBvY=,1259.0
consensus_latency,PYYpH7dnMNE9zRo0NjIyPozavga/5w8g3kIMvV14fqs=,1259.0
consensus_latency,amkn4OcijUpEJnqQXHX3xH0Wlh+1kxbhVOighahP2Jo=,1259.0
consensus_latency,+VkslLixyUE4zI9fcJ9/N852qpNQa/bVupNGDrAf7cU=,1259.0
consensus_latency,ZCE3KxReenZ+lz2r/+YGDZKDbwrwLwhA0Lay415zZyA=,1274.0
consensus_latency,edNZY4bFFS3GXsGuL7LO+tLP4UVRayz5UiA/5YPvMjs=,1274.0
consensus_latency,fqzdIFhKqp5j0C2JnfnQ68+3zweOvw5HpHqbNAF9N0A=,1274.0
consensus_latency,52xGc4vFqPjIuIKuBQbxWYWsea/9Yda8H/91S75Xn88=,1274.0
consensus_latency,Cbyp05jC7ss1VXL3SWwDQN7CtxTxbk/tJJWwPTCgML0=,1270.0
consensus_latency,HFz1pheX7E8nRGwCw0C1783Lbm8E2w5YA9PgwXbS8ZI=,1270.0
consensus_latency,SAze1DMS+51JpvbS0NSMCaYs3jCL+jqlgfbV9MC40ak=,1270.0
consensus_latency,9/b5kaFaWxnH0gfUQZUv+1KN/HWwkZWCZ08L+kVmeFI=,1270.0
consensus_latency,PyMkzlc85ep9jDgayivzfpNNJ3cxXyYsHhNVmoGnrI0=,990.0
consensus_latency,YbWP7F3RjPxlzI7hk26VDvq4+lJ5rUzAW+7MvfsqWgQ=,990.0
consensus_latency,fuR1URV7wJT+8PYEP3cYg67puJF+gpSFspjinM8Ll2M=,990.0
consensus_latency,gyeDOUU0s+TnsGjgWeY/cB1nNr42U1HCiR+HWpDWgHU=,990.0
consensus_latency,kgea55xhi6NS7FKY1TZqAcYXEHUSLF1OIvx4pYABnjI=,990.0
consensus_latency,2H5vJlKM8XVzAUp+Fyatiw4J0g97ivszMxrhFsiB23M=,990.0
consensus_latency,GtwU9/Aik9QkY7nqPJEKM/ZcPMzmLfj7dsthTME5tSE=,989.0
consensus_latency,M4a4XUiBVd1DXfLOQ/yM7D0eGZ/BcBQCFbsHThkYek4=,989.0
consensus_latency,Upkptz1HRtDVTwPyIWA3ezYeFbcFwhbIBvItRN6mPHs=,989.0
consensus_latency,lTcbX68BfyzSz+JzyJQiVzMjShfOqla2GfTNJZS3gpY=,989.0
consensus_latency,mEr8hd42ZamNj3qRPhkKFgV2gfdnkxjohvXw0MWxgDo=,989.0
consensus_latency,8XUpYkdkypXu768Dgp3sdqGOeUs1+86GmDnbvokFVkU=,989.0
consensus_latency,M+sGsQf1OhKkFo95wWFr413aZv6pV4y8HbAz92qv9TM=,992.0
consensus_latency,OVbW1YvD59UjTK4Lk/MVNtjob41owZX9US4liB7TpoQ=,992.0
consensus_latency,WU3Ta3X5Y8yaq3LvsTB0oGnHo459ZDEIXXe8UpNgenI=,992.0
consensus_latency,fd0o4WHMtOgWOmOn7Kf2ysPqLCtXBaeG9RMV3Ptackg=,992.0
consensus_latency,qPvgmkD/IvtrBiOXfFGP4ssf6E3I0fs6cIRtTjcXzds=,992.0
consensus_latency,yftuyE6LZ5rJzTRf21Mcsdz+lFrVQmqioyaSlgnGCTk=,992.0
consensus_latency,BjynRK3VVGMjDKH7kcWKKHt0di5f+Pz2orqIWn0o6n4=,991.0
consensus_latency,RhJC7YCsOEVC1Ai3rQ8vRk0Ykj3IKEL+rKmlSzDd+ZM=,991.0
consensus_latency,d6EFjOqNGvIDzh6eX4xGCqlquW8Nm7F5PQZY4HXoqAA=,991.0
consensus_latency,uWu7Pql2PGsMDp6dj8MbH1NT7RCDii2ztmVpPFqxJKk=,991.0
consensus_latency,1LT1T+HXfCPHTxb8+6jwt1+7c2wroQnCw8nsqvxI1Es=,991.0
consensus_latency,1teX5WH6nKKAqVTrFzR+EoFz1mbgUt+H1597sPAnN1Y=,991.0
consensus_latency,K289liZfJNb/lyJqhDkfvQ9lgRym1aG/46ins4DyENo=,992.0
consensus_latency,LD3hPtBgojhFhEx1hhVd0CSoYYo+BJjJHNwdh+Dh6Bw=,992.0
consensus_latency,SbReHidy82liw1mzXteRsn0eXHv5nfOz8gL4mQfw1y4=,992.0
consensus_latency,rJnWLKF5mndRMhmxBzsQl0vbscNJ9ShQgQkkhUfTBYY=,992.0
consensus_latency,/++JGq+KCL+s0lKK1xptnY8LTIfq8C7TK6nU0IwJBfU=,992.0
consensus_latency,P9lHYo5Ne1cno9FgVvkQtIQqOHvBgxebq5hXEeK8T2w=,992.0
consensus_latency,S7Im1Qy55QxZXNfyG0ANQlNwQOKpo3Cv6UAiK0LZNq8=,992.0
consensus_latency,XBqqUT/06MgOQMQOpzGfGbDxTs61Y850rkC/Zaf2Hv8=,992.0
consensus_latency,bjEDBQ/CWHB+nPR1yXlKVuccM5z85EPd9DknXtTQmKg=,992.0
consensus_latency,lMRt/TerZXqKpRAs4iqEZhHhBrYggV4uNv9nrRudNog=,992.0
consensus_latency,0xiZQau91zBZKq2vYiy9LNWsdqRdZSyJWZWn3vbqeJY=,992.0
consensus_latency,G9EmKVQfJIt66iA7K7G/f6SZE30ftkN1v9Yh+bt53nU=,991.0
consensus_latency,P60Estz9QEmz71yrQDpmkW3cdtfzTdBky6FrDlVbLRM=,991.0
consensus_latency,eh0fpl9i7tzth1z+z3+hZzhcrV30KSrEyMZ5vgYFVRM=,991.0
consensus_latency,sWxgxIW5F4iR3z0Kf9GsAeqMN8bLr7U69PyczG4NYQ4=,991.0
consensus_latency,6Jgcxg/99tFMyF2/5K7mdu3NrB8X5VH08Ca4JjnyF3Q=,991.0
consensus_latency,BJhI2EWk4EfPogQ38FBYo/HGxdJWmlx1lCn6azo4gtI=,991.0
consensus_latency,BkYv1ys5wubNGnd/hEVwcBzjcDO+YCZnq1DtxKk/ZJw=,991.0
consensus_latency,eLs+1hu+DcI9X0HQuXvrNkCC64XdneFUa267IDuL/4Q=,991.0
consensus_latency,xXbpNApQdrS3srifn9MJQosyLxHbSD+2iqSVE94V+50=,991.0
consensus_latency,2BS3M4IKIIOgiINwYNo4LYm1n0xXnM+2yPHCQDCP1Mo=,991.0
consensus_latency,+mFydUKf5zVH9tEnVlhKDgJvgQ2x7rhTYXRjRK8cjjk=,991.0
consensus_latency,Dm726Ah1KURfZWy5BvY0dw3W/+Xo3xqzInfYJMSHYc4=,990.0
consensus_latency,OQFs7P7hHNAD9GacwVFhF4Gv1COznFqsDmy2q9IyJJo=,990.0
consensus_latency,oKlWl2AH10wkL84KemVIlvRsmVdu41Di/lSd39o7plE=,990.0
consensus_latency,Iv9aa0y9NgJEOdHR422tou4PclZPdTfjVn7Ju/UGJvE=,721.0
consensus_latency,tFdMFlF7DPorwYhB25oyVFFmnKPuLlDKsk4a4Zxy9sY=,721.0
consensus_latency,1NCliIOONL4DYQh6tFCejsxzeNVhpvRU1bBUn5/YK6Q=,721.0
consensus_latency,7s1i3B7OTwwN2gmKLgTzY1Ac7OeudIe2u9KwHgwvbLI=,721.0
consensus_latency,Lws+qo1FoSk5wdpwGV8v91lRU2z8a9WyNoJlTtuyWNg=,1398.0
consensus_latency,NPz4mCge+dqzieB3x+pehmfTYy5PmJXPoiY86BdwU8M=,1398.0
consensus_latency,NwANm+QuaDlmifXs3AdPiOW7cBk4mbIt3FjKxIoyYSw=,1398.0
consensus_latency,kik1E+LL9ciyZ3bx4YLUfpXCvv+w7CWhxqH8jnk0hEo=,1398.0
consensus_latency,nGAVoIO2SwPq+YpkEfK67mCZK80g/4XecLo5PABg1vc=,1397.0
consensus_latency,DAXlvT5VjUS8fCy1HG6F0cluqYQVUEfaZGbFmNhfFJQ=,947.0
consensus_latency,OExeIbbR/6mIGhB2gXT754R+EaCJt/FsD0mxifT6TE8=,947.0
consensus_latency,jj4r6t9lDGS8wwdGUgjwZOIkAzZTWFALZROBwSj0uaU=,947.0
consensus_latency,6YkaJ6QcdB9YRGsmZ3Kqujy7i2IuB2O4+4iN1VapHG0=,947.0
consensus_latency,H7quS7ZKAvr4UnwPevwX1cndfXA7WNs0tH+xb+5ZfAA=,930.0
consensus_latency,lr2+srznCdBG2y5IRvAB7Rc4fwSXQ8n0h2lwee3KZ/E=,930.0
consensus_latency,tuWVd3zrbDwx98nZbTrXXz/IL0nllSN22dRouUZ4kEM=,930.0
consensus_latency,2jyaVtzdnw7aHhQuikiYY6AQklxFFuEfUPMFT+WOIn4=,930.0
consensus_latency,l5Z0dC1lvgW700g9Y9mVnod7Agzvr8NZahgIqYOs7Rc=,950.0
consensus_latency,weUcpDKAj3SHDeTg+cnwvrmw8pTUQTvk0iCePZtUVlI=,950.0
consensus_latency,whJlKRD2c+ZWGB/aUOU0uXswIPLRQcfD6Nzua25Wi1w=,950.0
consensus_latency,3FqsqkNPHGJSqH555+AiiVOnvpEDDuQ23NFUqjPJPtQ=,950.0
consensus_latency,UNwbaF5+0L8w+eZO4NPvc3KQlddFMYmMrDOYYeD5xnA=,954.0
consensus_latency,bpexLW4Uo+WmO7cBG9BrpkLwHU0weZ9L9M4uoQp48a8=,954.0
consensus_latency,ftwf9jh8Us+1/d0A7BhH0rJEbLWleTrBNdqdC/C3jzM=,954.0
consensus_latency,oA25M/D0ba1JetXBCQoM4OiwfH6mvtIDOcZoefgDLMI=,954.0
consensus_latency,opnwScno/FzMEidppePhGw9LKXeGA6Lr3eTNa5tgWcs=,954.0
consensus_latency,7isRMiv6782N1baZKs0SVGA3561zNQKGQbdyxR8wkqc=,954.0
consensus_latency,BF0qjqvifzeeJe6iydLNm835HejftJweNASOeXRv8Hs=,951.0
consensus_latency,ttNgm8KaD8QdAJzCsSUNigion33lIv/7bQfnBIu4qRg=,951.0
consensus_latency,1icvO7fbza9OOir6E5Q2zxLesq3W8hDPMiCTF2u/sko=,951.0
consensus_latency,5cR8ljxOEA8+t56gL5vdV0e+7SW7Jlx0t9MlKtwDQdM=,951.0
consensus_latency,DTLnAyHOKhIvq76bPLKxe6zUkIbd/f3makE19CF7C3w=,929.0
consensus_latency,IWC/SVz51Wj2OwLt5aAhyJCSL3uDItVT2MbEu4Z+eoc=,929.0
consensus_latency,NnhIOgy0b+5TJxRIyOC+LR9Agar3vEMA0tVKO6dPw08=,929.0
consensus_latency,ZzW03JFCis4Rn3pfb6FWwYKHXEkqqGKZj36hb+7xGdM=,929.0
consensus_latency,pLJJ68HdD5TPmwkhufO1F1pRKyu/O3L1JNtyP0AG6xg=,929.0
consensus_latency,ZXPf0JbMyT0rhz2+xNXOCYf7ta1Cg9A0aR+ce0tBVxo=,949.0
consensus_latency,zHynrH7VZ4FpFP8plwJCSNwrS5/Li5oYOpR/6Flc9q8=,949.0
consensus_latency,2IJbLi5eLlQfhCbw/hzQ6RIs5mYGP34oAoSwfvUVfpE=,949.0
consensus_latency,B70sGvtnBpSr0WRVbml1fF7etUVDV3Uqku1+Gg8NZgQ=,950.0
consensus_latency,C2SSD4KfxIEhhCHCoh1TFAgU+g2q2x2VIJgAz49Y6MM=,950.0
consensus_latency,M84VXxMknRc8S1Hf4LsCTfyBvKqZ8pL8WEbOSfrFPVs=,950.0
consensus_latency,qcW7bAQceviB/1V88DNh2QKeERxzQmPzt3XeZxRHfNc=,950.0
consensus_latency,s299Zfo/Hw24IGnGX4QXl6QkRis+Q7TIWEi7/92zxtk=,950.0
consensus_latency,y+u0jeegtRrfj5PDmphEd8IAHYG/tolfLYH28zW9DYI=,950.0
consensus_latency,NkwewVbCVfDk5oHoVxjw7AFsT/I8ZiiL9cDwpm70bSE=,663.0
consensus_latency,SgmfWNnBVKb8+z4rI8T301azQi+Y56PyUJphgW3578w=,663.0
consensus_latency,i8WZJBLFlPcvut+y7ytp3L7VVtm7p75DW7vXzsDFZVA=,663.0
consensus_latency,nTwCwnaWNGdv9PjwfeAwnsAswrMoLq/8AgtbwCflNVU=,663.0
consensus_latency,10I96LkDw6z0Xe9aBFPca01SF8PUIktbVlRujvVpBx8=,663.0
consensus_latency,6SqYEFFYB5pb9gm1wZx6nbTq2YGuVPVMmhFLQ3u3gb4=,663.0
consensus_latency,WKduYvvEVVEFztF5MtIER70P3phpbeDFqN7xrkAZOxc=,669.0
consensus_latency,XFgOqv1NkfvVnhFUMScqkqLkVnXRBUXgeTzgs8rBVYw=,669.0
consensus_latency,vVUnJnJXuHFPp66xZmHTksEE7OPIeCXWRKEpqnE8r6s=,669.0
consensus_latency,7hEhg3qXM6mWwC6nqNMs8lcVHl7F2IN6Q77sUpd8zj8=,669.0
consensus_latency,Kt6/uzjBM8FjVw3SvVWmnmfyZu3vVNQJRBy5a5mY8IY=,665.0
consensus_latency,MpqIBfmW6H+DwlQzqxFcDy+c1juegbwLGgKNWWqNnnI=,664.0
consensus_latency,NNTgHyD1bLv24YokxRZCZIf/4R2ZjdZzNVHvglKZeRM=,664.0
consensus_latency,cSprMVikwC/sI6m/L8GLjoQzmmx3JydVxWCmp1wmIWQ=,664.0
consensus_latency,ebr00Sml+O8rprJSeapd6sVRiPCKw59ahJrkBWmAZ2k=,664.0
consensus_latency,2M2OBzVYcMA9wsA1Q2vNlCxz0ODztA4uK1nz53a+utM=,664.0
consensus_latency,VI2/dP7EfFoZMTPSMYFDd7kX2lWBH60BdH2U7Eaz6cE=,664.0
consensus_latency,wNYRRySNP8l/M1F9oUDoBGUJeNX6WoLBtkXS7i35QSY=,664.0
consensus_latency,1Bwgi9xEgh+Foq3gQWj9t//7pzBfslFEbRWhKog2jU8=,664.0
consensus_latency,5R7g33T/raIlLzW3Qx3kvMbV+UzHFKJA/Bc8Pfztafs=,664.0
consensus_latency,Chz94znQf9Chc2pcmBb9wNySGOhaC3MH7/SESXFUMuQ=,663.0
consensus_latency,STHy2xuEoov4F4j9MFtzfO+OIqQtk53ynOr4Gjq34K0=,663.0
consensus_latency,lsgx4ehANM98H/eyOQKjLtJpzY30mVS6RXg1hd3HGBk=,663.0
consensus_latency,qCDxT9ZY8hvnRU3hvnMHCdONGPUDsyr1gAgiAaq32ms=,663.0
consensus_latency,7ni/BsyExcFTOkEZr8IVWiQ15OhgFe+uHYnvcKhnwN0=,663.0
consensus_latency,+9y0E3bp04J5SR4sHyOPgX+w8iF8xsHhnOGv/1+N76U=,663.0
consensus_latency,Ex7YbwhhWns8lqGCCjfhJ+8t7aZ2NbWw85ev+WCH0wc=,663.0
consensus_latency,IzOxXzXlp5bb6Bk45gg61uc/gOvh8i1/RFR4lev1r1A=,663.0
consensus_latency,X91WXWqDMT5wkgSDlYfSyi0WZO8FTCZqA6IihFXuLcw=,663.0
consensus_latency,pPxeRa9dP/CkXHoqgrGF3ncJ1k4Op3O+YZU8w6umtb0=,663.0
consensus_latency,wBZhXyN5gHf4bKfaNSW+s5Nk+UtKtFZ/8BHtIuhz3jk=,663.0
consensus_latency,2/ouv9XrucHus9+rj/mkp4Wd0o6ibvoRl1abl7dux1Q=,663.0
consensus_latency,Sszj5uyUf5la+s+knnKdrnRx8UaOrQeHPh+NozdtmZ4=,666.0
consensus_latency,WtCn1ImWd94Qu6fTE4NqSOBir1iq335SxBuISH0ZEng=,666.0
consensus_latency,ZMGIbO8VPuhQKc34E+DHelta19oT42QbAAFdnOypjZA=,666.0
consensus_latency,ajG3V3QYQqH6bdqX1z73mXb67bV7snHV1yz4q1QV2Io=,666.0
consensus_latency,eRp3eVkqdCynBQATHPBj5/2RbhfP/BpXdvwQ1VGLcXs=,666.0
consensus_latency,ldpLhkN9Pw/mqR3kYVoSqyh36pLGjEUoBvuxnOO1WTg=,666.0
consensus_latency,Lt0BUJD8lFSnkYpuBuaHWigT996XFEXUT7lZHBXjzsc=,442.0
consensus_latency,MQhXzTQt6RRYq6IsnHO7l3eT//MXaG7AtIUvhxmlzuM=,441.0
consensus_latency,eIlP+KiV0IOndp7uLCG/HAnyOVseAaop8Ayf6C6DyjE=,441.0
consensus_latency,gZ9T+DlcD2CD6Kc7etd3XDL4/F9Up975zzAa3i+1+HM=,441.0
consensus_latency,SZC4pXGX7Bt1rHqje7AaCasUcIXTpqJN+Pu4mxUW1t8=,1871.0
consensus_latency,TgVKNBzSymDMnohWIbXZPFB/Sxx5E833Oqp7Zo0jDCg=,1871.0
consensus_latency,WiwUoCg7Kn/0DUOyV8Kn9ZKv9zrcKvArk76zKb/nmmk=,1871.0
consensus_latency,0InBhVmhvY0TQnDjtawKJ71gcZy29OmKJAksVgX2TAQ=,1871.0
consensus_latency,6wMLWSFUh0NJyJ9CNGae1NGygI9li98q6r+fyfIZuEA=,1871.0
consensus_latency,BcxmsYmvjWGlNdOvuFiDELCRDQFnMOZ+eh1JZB5rKOU=,1873.0
consensus_latency,O/6ePg1OpP/m9B9DDSIueJdvO8c1NMpeIeD+PqL6ZTk=,1873.0
consensus_latency,PCo5/UinU7vu9Js14uEpZNMht+fdCLuq+/AVuAF62uI=,1873.0
consensus_latency,n0Wxkf/bJM7yLlEMjCRGy/bachhiR2gnY3iHIxG8uqw=,1873.0
consensus_latency,zwjO+/3kSZJYiDCscV+rmZcyia/C8NDdp1F4M2o1bc0=,1873.0
consensus_latency,IYTSXPiSG8WTbhk6QqWgAKBNNCvGdmf/eO/AGk/vI9g=,1646.0
consensus_latency,RQ46T+3pnt8cuUkYRB/3YQz+npRpOKY+VQ9yzibYJDM=,1646.0
consensus_latency,aDrmOqBZ2iVdG0OXIl8rDvkzA01xSewvcQ79fTGZ9yM=,1646.0
consensus_latency,Ijirza1lYuUm8NrRncjHxgI3v4Ivlf3/Q428fHGAg3I=,1646.0
consensus_latency,cedmK/aBlt+jz7hWNL9+cdXUlfSHkW42Ss2MmRR+3LI=,1646.0
consensus_latency,nAR7TjOGNcmECT6zaQRnyAOCQlNPrh4BmO2OqWJZmVc=,1646.0
consensus_latency,02wVTC7t6/TsyCewf4QQ6tRySgFjy2XSoqkoI69Qo4c=,1646.0
consensus_latency,Mp30UJHFzfNpdjeIDCBVbCW5e3EdXuc6MlauQ+0VXlM=,1610.0
consensus_latency,iMBgG/pykjX8ifeTFYDhdRAM910tjuEsP+nZoREeF3E=,1610.0
consensus_latency,s7s6NiqrzanxMFvd5mbBqS3snLuMmvl1fLz2Ex9JbJ4=,1610.0
consensus_latency,vOQK5X0YWAzYc8UXfTEhGlMINUfRN0EChFH8uYhpX8s=,1610.0
consensus_latency,zA1ms5L2/yaQKKepF53BebJ8/yGEpALcv4pYe7LghOo=,1610.0
consensus_latency,LleZuv5btwHQ/ci81eaVl1yexvG2YguGSpJlu2OMuws=,1608.0
consensus_latency,Yx6+8SskfxXWq3usAvnRLVCaQpExzrAPyHRoUh4YGdg=,1608.0
consensus_latency,hbDiBgFMx8Me3qaMIEv2UPjtVxMm3VG6KPISv3XmP64=,1608.0
consensus_latency,jefwoKdocMb6fCH2sUDJX8AxlPq5EmJkkqMop76fSF0=,1608.0
consensus_latency,sqe+y1PudcONwEgLCi0fTYusWWXWMlggY/aC4zSIM8M=,1608.0
consensus_latency,xAEEW8pVDBNaddYehSe21IE7l/P7vbzGjG6HL2KTj84=,1608.0
consensus_latency,GE1aANdiqmNmg40BIge8CEIu9X30D5uHhYokq8olHI0=,1647.0
consensus_latency,OSsOAbLLQ/BOQjIJSf3HlDsDs0dnd6cbuWIjtGx9CGA=,1647.0
consensus_latency,WQiVcEZi7NMNpdO8ewzf8bv1CSWb1+iTDZOYigbAkiA=,1647.0
consensus_latency,ger4hZVY9gRgE+yRq2axswSDMNzHDjm8cRHuEv7qiEU=,1647.0
consensus_latency,vH/njiaAsrDXOllLyhMCC5+/DLRbZ1ou+5JGqqkq42Y=,1647.0
consensus_latency,0QhPDvuH+icVxwo+5hb7Xlv0Vb3ssXV4PNYaqze5gM8=,1647.0
consensus_latency,j24v7kGArXFGoLfbEvkgh42sYzSMHnOg7eJ3mFmITKE=,1645.0
consensus_latency,tRFvYIq+G4ZTQ82MpjGY9ldvIigDZfuZOU/ZmoAl6AI=,1645.0
consensus_latency,wdKg2Z9WqxHmr2qxm0o9pZ1L7j6X9toIKZoxDwvTnAc=,1645.0
consensus_latency,7EPjM9BnBsObpLbVdOuQoet7zok9tIye/OQHsBf0emk=,1645.0
consensus_latency,UrTgiHAnb071k5LvKTrvn0WPgBWFRicLwZNvNcp/mig=,1608.0
consensus_latency,VVoo5blFWslG+1LAlwRicv1ufhQDoVHmzRTkqn5/OZk=,1608.0
consensus_latency,2aGg+w7tFdN+nc1auT5tTX+slSRKghh2S3Eh3wY404M=,1608.0
consensus_latency,+GyxgTTszSn9JGpZGbGg42OWX+j5dDm2VW9XZT+lRbs=,1608.0
consensus_latency,/llhU9E4HFS5l6BJRiSeK0vvCz9Y315aOLFqGD0yb7k=,1608.0
consensus_latency,DdNRMkY1NTZc78kOhdSZ1CGVIeTZWtnffR1iuV4icWY=,1649.0
consensus_latency,ycq6JXC/SVGPsX2Srv2Qv0Q07DA8ZYJ/1kLmCdZ34r4=,1649.0
consensus_latency,zFMy+Fj/VOAcQ2ukKa9OLlL73g5Jt/YeVkcCe9ESXAA=,1649.0
consensus_latency,1SFncziLRlCPQjw4cLMVghev5+md/XEOJtfrmNj1ZtU=,1649.0
consensus_latency,DYkmKhUGG2xdLPJ0Hy50jf1Ik+UriIHQj9mh/UCK0nw=,1353.0
consensus_latency,GWPC8ADPUpseDkS5k0dthdezYs0WsZ5YCSDaQKkICAw=,1353.0
consensus_latency,fQu1tBW1VcM2evgxeg7N71JkN5cmLF+bIGbLtGVb29Q=,1353.0
consensus_latency,quKZY6WDPlZwTxec6ahaHNh6UF2poDcoUT7XTuE6SRg=,1353.0
consensus_latency,0noth++2X+alaQJRcKfzrykoLB7v5vNpB5qhX7D04Uc=,1353.0
consensus_latency,HmGN//q2mY2a8TjSgcekMwoJHqmY0cy8eLhwO8aMt/M=,1349.0
consensus_latency,J6j8rdzGHNFtvW/IwdbaHYB7jtRTxYBeGzP0Va5FhnU=,1349.0
consensus_latency,LExObn1d4eSbDjkbP7z+ephscfdqzEL882XcFGrpjqU=,1349.0
consensus_latency,l+Gepll14rS6hKa92CBjA3jjPeC25lxmEytmTSMI2fY=,1349.0
consensus_latency,2V5IfnDNHulk2OWAet4NZts7T0HfbpeUCDYYVs9OMJU=,1349.0
consensus_latency,+IKBiBgmxbBXyYYeLObzm1OGi6Oub1zmop/D8nY1Xj4=,1349.0
consensus_latency,Giq+FcUZkDq8lONO01VQM9O8Spx/ArkCGQ2JrvK1hag=,1348.0
consensus_latency,KsRSpPmbzKtGVNsGcSkA6W1xwWg21XDYmf4bF4+07qM=,1348.0
consensus_latency,QFnHYt9AZ/XAa4LVRqtda1L7CwJ1OnF/n362Hy6g/ao=,1348.0
consensus_latency,TocvCv8MDv+S9jv8oTBNhgCHFiCzH/xFFsOQ9nmwiqA=,1348.0
consensus_latency,vcyiGQ29bCIH6U0/Jj3iJVk87up5xuzDXVslX/rea24=,1348.0
consensus_latency,1LxE3ELn5nKlYT7d3iy4jGTERpWNPar2DJ+Mb2cZwtk=,1348.0
consensus_latency,EIjQoQ7Xn3wZAdm9E7a1A65V81FMnwFmE9u/3kIFnd4=,1348.0
consensus_latency,EyBkslWKXEJjABZosyRUOHx5/hC9Xf/x4YkLNOk+PIE=,1348.0
consensus_latency,Yo5YV/s767Icsoh+B24hsFtq+FnZp/f6uPk9Ny4sNp0=,1348.0
consensus_latency,wUwOKXE8z7UMShhkSbqZSTuB2efOcYyFe+l+ZLroZmc=,1348.0
consensus_latency,zW0HnWZvpBzzbT/M578I9phYZKZRGhqL2hAPWxuqSIE=,1348.0
consensus_latency,HK8Te4GqtnEfyuD2vYYKn7w2iA93ej0CAdNG5Rg1otA=,1349.0
consensus_latency,N2yTVZ5oQimTuEb7Yw1jtCg/YIWRsjQFa4lM8tzohU8=,1349.0
consensus_latency,T3zPzLodO0yU1rAVZcWOOAZzn1FEyoqF+G9TKZwjjU8=,1349.0
consensus_latency,gc6Km7soT3wvpO8MQ352IRrjSugRkh/BVzW95ueKHpk=,1349.0
consensus_latency,lQUJz6PMRKS0iKaXKzLzTbXw249wGgnxALjV71m95pY=,1349.0
consensus_latency,q20R15libHrAiXs5hBLnRHEuKozqdC6Zkyy6GQ23qJo=,1349.0
consensus_latency,DH4sOBxx/06lslQAnpWuVMdVr+SsBTXz3EFzEM6oK/g=,1348.0
consensus_latency,TudcWL8TVGUoJJLwW4dvpH/JZeM8cajyYaTo3uQTvCk=,1348.0
consensus_latency,aoKR3uR+MqTPdSFW2qGiNmqJu1nRGLfGrr1mkZaAETM=,1348.0
consensus_latency,hqgdzddWmStpBsjPLZZ2tfQSs4PD8gmQKPVjuuGV7Fc=,1348.0
consensus_latency,5ADvxq0Z6iyxXqsh/oURjExdbJNea83YDo5Ks9bjJl8=,1348.0
consensus_latency,63HrnbFpLrWoR3Dm3B3LbDJwLaUuHHkjSv6N9WwhsE4=,1348.0
consensus_latency,WGbebzHDDv1QWb3EKYRevhfXbIyiWoVdMPdq6sHUQMU=,1350.0
consensus_latency,s/abV16399FtB/DllRaKyowJvpCNdZDuL+oEFOtVp9w=,1350.0
consensus_latency,xEUmqZLkoQOJi3urmCJkwyAA42uiPWUUzvuy3+oZmP4=,1350.0
consensus_latency,+PKsFCsAtBTVappfpjOl7d9+O/sKXAIlpNlLFOK9zg0=,1350.0
consensus_latency,EGyFfBHGjpiiYe2yG4lVjzandA7A9TDEms1ksJIilJ8=,1350.0
consensus_latency,FcusD0u9MXb8zSH9WDEKfUcqTfPILNttoRHN3w8FvVE=,1350.0
consensus_latency,mNl1a4T/hmIeYW230iRER5w3RxVmI2SxPyZroFvF2s0=,1350.0
consensus_latency,zYfinCIe2kBu1Vekl4YQydEODyZ4U7W3HsPnZ1DBUyo=,1350.0
consensus_latency,/mURNpwBT6u3Q+1skNR1HgsSYEe7eWwYUzwmsZ5AjK8=,1350.0
consensus_latency,dfD/WepmMxlIEmrfVOTyhZAAgk2WfsHhq3EkbTaZD4Y=,1353.0
consensus_latency,d/rzVSabf2p2oEqSDaS/3UYn4dYRT2RNOMG2KBlha5k=,1353.0
consensus_latency,lgHnimExHt0qdLZYPitwbsq5aK7GFoHNh54cZRyfJnE=,1353.0
consensus_latency,1eTOYjV43UrPscgrofaNqDKFY7bXfCFJ315WpVjFUrs=,1353.0
consensus_latency,4PiShlPOVrh9U5diqYC+sgPnby8ZF5ZCxShNhbcMMwY=,1353.0
consensus_latency,gf96cG68SCrp0BvZ1lqWaRRFuOczIkTe6SrA12wC1QY=,1085.0
consensus_latency,mwUYiCqseULuVBwDhKbdF0sH+tXb5WdU80nFXQXmCb0=,1085.0
consensus_latency,2MDupoxAIpn4gyMPIboabYG0rJqhnxRcLtQ+Bv4J4Rc=,1085.0
consensus_latency,/bOH0sWwuZ0cW8ll4IdRW7kXbUO6uWPlsOHYo4kd2Fs=,1085.0
consensus_latency,CiFrmxyIjrGJ/WdfZxJe+aLqBk4YPz691u0sEgnNuqM=,1087.0
consensus_latency,EcqKpGFqWfF8REmEn7gX3fmlzEaRvz/HTfixsTiN5LM=,1087.0
consensus_latency,ZXUqrArQ+TZ83nvKfqx97mUAj/C6au8Wg1EDsx/Wmvc=,1087.0
consensus_latency,bbPMYPW6V7XX9QLJpMNYR62dws9r8RNQU4WNNH0QxO0=,1087.0
consensus_latency,fM6lCbIrRVGa7tI9zW0oosGuM3T5m7uEqSivtHomag0=,1087.0
consensus_latency,j4dfADJ9AInxaq4BNKMKaSVL6plQEfQHcHTp/GQV/fI=,1087.0
consensus_latency,FlnWlekIvFG0JFCiIlzSzc6pcAzvdV9g1AmEvtBt/2M=,1074.0
consensus_latency,cO8q8Gqs3Az4qddIjXR6VcJ4/4wTS2E+95F4nnmyepg=,1074.0
consensus_latency,j/wjmcZkUw9U+Rd3wbnK31Sq8oCdB79Ai0Q2GttSx68=,1074.0
consensus_latency,k3ttSYeMO4V8jS5uT6P138ox17Koch02ZC9dfR6zGDc=,1074.0
consensus_latency,tBuafweiZfJ6AEmQRGcaVQJgJpfv5jJuSTV5wnc+UdA=,1074.0
consensus_latency,7BGWcQyLflvRH1QmOEn2DTAy1wXcQ7UyIJ4hCP5RIM8=,1074.0
consensus_latency,Buaiq5glstoFpAWBWgbV5uAOelQ0owA5H5ch/Xw53aI=,1087.0
consensus_latency,M6+sW3OvgNvXdPKcuIJ9F3Zc6okGtJ04VcObcMJ+dcA=,1087.0
consensus_latency,b2AwjQRr1kaRBRTW8lrB1+OhS/B8NWimBHw/Un3kQRw=,1087.0
consensus_latency,kEcui++6Rc2kxiEsAChuH3w5uKoPmXn+n50gcivO5WY=,1087.0
consensus_latency,xdzookB5Peh57M6NIUWB//cwpOrDmFDwB70KxwYvGeI=,1087.0
consensus_latency,S/yClMlsQcF/c3Q3XEcZAIpZej0xc4zPIyCUdijtuU4=,1090.0
consensus_latency,ZX0en5aCpaQTOhBAblvQVyAANUCZXa/SfwEAPwPaCco=,1090.0
consensus_latency,Z0hjD/JdVGUuNQSSF3q3QndXNz415Y3bZtEYZxJ+jFY=,1090.0
consensus_latency,bMjPJps3KbQIt8dorpGnOTkd5236UItoOEowgpq3mmQ=,1090.0
consensus_latency,mZE66g6SD4REfAWDJHgy9wyVBGsn9CLI0/HFHmJgBT4=,1090.0
consensus_latency,GPPqlrQ2hQ085qgwTMXri8bgcEIjAQZStR0tRCi603E=,1085.0
consensus_latency,UAZOLT3okcxZabYQX3oIlg1TE1lfGRXWjKQDm7ng+6s=,1085.0
consensus_latency,avoOOiHq0M9wxHUigJNQnwK3psfNsuz19MWS9STp5sE=,1085.0
consensus_latency,gSlojHbQaBes9zqlhjqW425Rhs2a0rE+KKK/sab8NSs=,1085.0
consensus_latency,xbGrzaovec3VRJXdrupT2COJiGoA0vlICqnbdSuOR5w=,1085.0
consensus_latency,4L4UU86WgG2Icdrurz1xk6p771HoEE4guWv5PnfrPNY=,1085.0
consensus_latency,GjSqPc5pD4yIdH14ib+iiNazKW0zTu7lYGriUVhFz64=,1086.0
consensus_latency,GmOTX//z96kpawZFrjWdNUQIS6J6+Tsb/efdEEM4Btg=,1086.0
consensus_latency,H0gjK984xw+dAwQuZqClD2v97XusDtMgO4Sdt6W9ZUY=,1086.0
consensus_latency,VbU61u7mRjPho0OlCEik/MM8ITLWujyUxEcL/+c+KDQ=,1086.0
consensus_latency,xWiQpPQ6b4CY+ZFOTB6hQSyjKFMSDWkF4gHr4U2VfHI=,1086.0
consensus_latency,Il7Xmaf4g9CBqgU83z1kRRw5MPOJf2CifRUpwfNvy1I=,1088.0
consensus_latency,LWIzAB2lPc+8BtscvniuUuBMc7pgjIioCdbX+mycxuA=,1088.0
consensus_latency,PkYryQMkoJ7u9iP7K1eTa4yslOi29k3pBNnaWYQOw6M=,1088.0
consensus_latency,jg6MX6l73ksNLwAmdxnmPkCRZ5tm0VF/UWLREnVRxsg=,1088.0
consensus_latency,83C5HRvUcjR3WGMlkZfNyWgykjXMJhyQQPvy5aX6FlY=,1088.0
consensus_latency,Blzf9VdEp5kVngxqXBj+X0GgHB5yCXupCA6Xy598IaE=,1091.0
consensus_latency,EB2KtWdA0StCczq3GQ/tihVLPxud6SLOxVC/ZlTudjU=,1091.0
consensus_latency,MfmxJE7mywLjQGJI744C3Y3LMaePrUqMWRTQB6AihgI=,1091.0
consensus_latency,SJm1Ang/+T5F9pb7yrV2TQZyJGdm+mya9XwOT4xMZdA=,1091.0
consensus_latency,mhfUkQ99S/5iaW/mi69NiSs0HN5PJRmqYPMaz5R/LxM=,1091.0
consensus_latency,OztikWhjDtQCfZc0K3qiaS0/fZhrDkg072MNvKXxXZs=,829.0
consensus_latency,TO+2CFjvgRl+UH6oiOygp3nThYbzCbNhfRrMhaZPt30=,829.0
consensus_latency,am/DDbULLZp0M1p7EgDOHYaKeFGC450Dec7hC74JtHU=,829.0
consensus_latency,bmpzbkvSyFGCSwCTiY9SqqdvekhInttX6tA0z4Xwcjw=,829.0
consensus_latency,g/jYUoWcV/ipyeCDpwQRQEE3FbYhl6l3/PAS5Y1OV14=,829.0
consensus_latency,G84e+FTvNfej8VJYNkcn+Ky72wo8pNO/OArIo+99/pM=,834.0
consensus_latency,JjT8rlp4WJfqezAg5Nql61ALqQrWdCt9M6UpuLGf08M=,804.0
consensus_latency,RwRfBYz/1N67E6hF14aXM1cHs/ogDXgBPJ0sX+t0pBA=,804.0
consensus_latency,c/QNS5DoKmgfqqaj335CX13vlR5RzEDok7NwdXajIdA=,804.0
consensus_latency,lk3iQ7mtVJMZZYgaah0c4fpCXkrc2pD0030D3wlvmxk=,804.0
consensus_latency,B8FD9S5iADqVIf95+UsO5wf9Q7902z/Ss2mbRoUJH5A=,833.0
consensus_latency,DaBVAdPLPP04tPjjgk5GGY8OnN1ZujeagIg1KuaQxXQ=,833.0
consensus_latency,E3UCIRiacet/f8+cERvG6/EZhh9VykmuAtF4cHh4gOI=,832.0
consensus_latency,R/vykp8DU6g7RGXcqCbmg57T2g1D965tw6cAGG52Eb8=,832.0
consensus_latency,b1xC/zDskkWDe9u24HizbqibEydilQnzOf8TpPBjWBU=,832.0
consensus_latency,qhdAckY2SgN73gmQpJxnRGsDLU2jdQgIMQL6O334yvM=,832.0
consensus_latency,Z1jfhfET3eOGNivhyT2H6RYcKuekRcKoMjzEwTklWH8=,832.0
consensus_latency,y4vB8+oi48IWo3778TAFtd+74nRrQ6sxHSy4b/L/9CM=,832.0
consensus_latency,1Oj2bsK1anDfSMeNlM6bF+PudslEXikHcMq5tTAZrUI=,832.0
consensus_latency,ECF8DIGGGnGHLSwpXNUn+2qE8dloCc+ggMcUgkxjgaM=,831.0
consensus_latency,NAlIGEtjgQ+smnsDR3AdKUdiGxlzuN//1DFRloeSFMs=,831.0
consensus_latency,QSb4Jabl6wivNBTFC5ktUlKxV0T+ldhybAiFbLiMzRE=,831.0
consensus_latency,dKkz9gXqq+a1R5e+H1KDsSh3MjVR2jebwwQTa+Y+20Y=,831.0
consensus_latency,ExhKLhPqUyDtDFn7PqLfj8tFJAwsLbg0pApN1WGW8Hs=,833.0
consensus_latency,OyhX0AnBpME5m37zYNeIOG8w2+hUE33g/Ftcy5+Wpwc=,833.0
consensus_latency,Xby6Uf9QtiJSA35MEcGYpNXcKC5b0N2zjuYGvhw9V08=,833.0
consensus_latency,+yuwD7jvDn5bcqsn/JGmx6wu0IQ11FQeIy7W1Ic49OQ=,833.0
consensus_latency,Bv2L5aIHoUd7ns7GeZgaVY9VMCrJyOGvj8QtoI6Z2Fw=,829.0
consensus_latency,E7auIFnSybglK2W475z0dEhttq/AHEe36feR5mUqoXo=,829.0
consensus_latency,VWd68bt/AutqzsbfMu4oGcJBLHLkbOz0EAp7b5DQqus=,829.0
consensus_latency,lG6EonPeuFUmA6ef2tEH+pwvYjTZygJ6Gn/viMqUkhs=,829.0
consensus_latency,zmW4zUXzL+8VeKtAnL21u1WPxYXcekNXcRbyy8eSCCI=,829.0
consensus_latency,Ior+merstsckRwoJCPWStGx4PY+JKmvoBFBB2qTlV60=,827.0
consensus_latency,YduP/YG51WBy+Gov9aSHsVzCTU3DoiY9gGcSeOmKuzA=,827.0
consensus_latency,pikYnUyMNjRStah7q4gJl9r4Iw4tFeg+Kg3XvaLkkKI=,827.0
consensus_latency,wnPBfLwEbDVBThM9WrXD+TMz54wqLGpgE30I/hdPB6g=,827.0
consensus_latency,XyiVqbLF22lbe9abNYuImGd6kYeIFRdHFmXJhx2uWto=,835.0
consensus_latency,kJwc+NmNbdlOQX3YcRwg5oMJClQ8tDzKlDlIRpn5sAs=,835.0
consensus_latency,lvP6tsUxmnkXJIsbQyKixRwzb5g3GbXXQlF/bjp2nxU=,835.0
consensus_latency,7nrW2genvhauIITDGod4abx/Dp+PX3pUnL4vLeaHzH0=,835.0
consensus_latency,KuIeZOddtpGTsCIXAiGgKqIHij9sUIDxJnSq6teZa/E=,569.0
consensus_latency,OH+u5vHGj/sn2lnXpPtT0JmfqQY6lToduYQ/LtFGbck=,569.0
consensus_latency,atP+dLvK9IQZXUOMA5qCezkSG2+rNotXyg0TDt4jpz0=,569.0
consensus_latency,fSu9D+LrhfPRye6cygveT+/OSZOvRMtZQeXqDNdgARU=,569.0
consensus_latency,f6lXZZqKz24At/IU998InBk2n7wzfix7sTCuIUuG7xM=,569.0
consensus_latency,9VkFD4PxViQcGvWeBggnWo4L78nr3APOqjF9s2IKVL4=,569.0
consensus_latency,BUY3iKU6WzUYIo2XU81f2Jcfv1klZjWSv0NAh4xKuqc=,1075.0
consensus_latency,cChDeRWcO3OndeSmiYp0ZP1lIn62Ml6vTP9qtXmlZps=,1075.0
consensus_latency,oD5RYUUj5NFGuatyDfVTLFoQ4sKf9JMUtbwl/eNhUAQ=,1075.0
consensus_latency,usWWOmeBSFQdT7Ewf0b4a+Xd/nowMMPB5uG6cWTE+Fo=,1075.0
consensus_latency,/QJFeIJEfB19Z/xHpxBGEvjtJUuHobLrkY/6hzsuy/I=,1075.0
consensus_latency,YwBtoOnWskWHstPHKctx5AqB2D0uBhB8Q1WKUoxyqEY=,1092.0
consensus_latency,b/MHqQC2ewCnQPyvzAUsXOnNYa6lLFSIeDHO9TAp7X8=,1092.0
consensus_latency,qifKVRcPjRtxQKgE+sT8E+0o3xlVFV/gQzeD/YocJVA=,1092.0
consensus_latency,vK8ytI3iIm6OvB45gDqqmMVxJnTGMpo2EoNs5QfDApU=,1092.0
consensus_latency,/EeCS7W/8uJ+LPLpla3q4445oGs+sWS0wFCy+pfcQI4=,1092.0
consensus_latency,BtUH/s2J9Ty+KIdLu3zFQnEX3n1dXokhLjzSiQ+scqQ=,1090.0
consensus_latency,WVIImej2scbOcXH38L99unNL0noXUWjrpKtpPvhyJVw=,1090.0
consensus_latency,n45O0dvSYihKzzAbxexbDvguD2fZAMWAPwBfh+E1cA8=,1090.0
consensus_latency,o0JUggngGfLyGtf+9ey7Zp/fzh1T/uUCveKE4owlKnk=,1090.0
consensus_latency,v0iUGwl3NzbIt0MkUTXPvpQ4/jPL8DfxFPEspmSk5w0=,1090.0
consensus_latency,+FZlDvElvxHYmwDZTMChBtETVChJhAs0mGxA3rS/3ZM=,1090.0
consensus_latency,k9Gd/S5Jx+nTj3mZT8IrwvvZFdqzcyHeR2g5glvHmkA=,1076.0
consensus_latency,tPqcVC6FRgposQFEwPauH1CmDXzdtWFT5+zCmZ2mTxc=,1076.0
consensus_latency,uEaOIRrnsSU05knSevkz0OEDpCqMeTNK1DXawEuUGlg=,1076.0
consensus_latency,zVWFID0rkocNNR6GWbWSvPvqqtg40cToTs0jZzHfBzk=,1076.0
consensus_latency,27BYPtSVLvuezWGMlk3zMu1iXj/lSEwoBKwgzDnkhxM=,1076.0
consensus_latency,F+XdAJ/ebJbk7ilfXpHvcu2BgYiUWNnN2x3AGzPwFD8=,1097.0
consensus_latency,Tr9Xn1+6Dx8upj5b2qyhjciAdX3oof3azHXDJEiIpzY=,1097.0
consensus_latency,d+TNjKLLf3ml3bSY/FMvaQwOKcmolCkyqOLderd+sHg=,1097.0
consensus_latency,jP/UFLiQ/EwxneomjFV33/S9iNulLfuDVuTmhdc3WDw=,1097.0
consensus_latency,bFIyj9X3Quzgf+zNBlG1QCA0agxEvxRkwr06YXwlofQ=,1089.0
consensus_latency,bQd8lxyE3CjP9sI8Ih2RV+7858gdFyBPbZCXBabX0a8=,1089.0
consensus_latency,fipCB3AMnVatz8LzqDfV4L+P38hG2d4n26xL+tBKxGY=,1089.0
consensus_latency,jdkGwTTbU6ThCjLhSuMCgXXqRhcaAWf0vugZwv6OdMU=,1089.0
consensus_latency,1BhWY9vqz9beRAJivYrJIB4k/pLPvFoCYr6dC3hFzIU=,1089.0
consensus_latency,4XgxdxlFJvA4qG/YOgsBkJMvprvzAMU+DiRpzeXhJZQ=,1089.0
consensus_latency,JKY7YCNR6QI6SLaG8A921OObewBNxk46qcWctEGOSH4=,1094.0
consensus_latency,ej2rxqcqXfeOeV87EB4ic2ij7wVXt8jDcjPzV5VwkcY=,1094.0
consensus_latency,j87O9WGEg643CvtUGk7oKAnGgqx8bGQyGP9zztNnBpc=,1094.0
consensus_latency,oOl736GYY3HkFt4ecq1IIQ/1b7h+1nGqjtvMUI6wpoc=,1094.0
consensus_latency,qIA8LZnhpIhdT8RMTriFmG3qvXpBJnBAMYF+6ZNLp3I=,1094.0
consensus_latency,/eRoT7Hpo8LSK5gz/W4OEO9LOtzsZ9/rwOMsg+1CLzE=,1094.0
consensus_latency,HZSrSRMzu8pOp7AJKwcHvfCTB+bSuon/v6m5QHkewzg=,1088.0
consensus_latency,IThZgRDoTiYm/zQy0vtGRJsYuCIUs4xypX3m4jIUq64=,1088.0
consensus_latency,QOYuI4CmrqfOilqd1mFCmA4c9dj0Q+JBQA7rBvM+1GQ=,1088.0
consensus_latency,X88CM8A/3lst5VcsldptZbw5GhMmGj7SpIsJJaKPpZ4=,1088.0
consensus_latency,iJmwcXsDb8prKJTaFqwl5DLCcPJh5oqH4kaVoEVFcAM=,1088.0
consensus_latency,Ick3ZMjvRxw5KlHVx6K7LICIf6YS/vwk5xXTIaMyHTM=,807.0
consensus_latency,epE/aBY78LyxRlBApXPFhW0/ZV9Nx0bf3ecEvwfAX2k=,807.0
consensus_latency,oIsbCdyCgldMZevqOj0qO1/xV13G5lDLrnbWi2z0ccg=,807.0
consensus_latency,93bgyRvSO4pFSxqWwPHIEtKX6cScMaIxJ0wWexqgUL4=,807.0
consensus_latency,C7Ez4lovooFrT6s0yiuLvTwKUJP0ZRugSj+nmdzaybY=,808.0
consensus_latency,D2xndGy2dSeqDa/03JI0DGIhvXV/eflT8p34eC+fezw=,808.0
consensus_latency,Rgd/W7iP3mw0dzmtHMpEKbwVeZJMsROe9OR5HBzdImo=,808.0
consensus_latency,rwCrFvcwuH7OmrvW0d154mOnT7fFQ225jUuji+wXO7U=,808.0
consensus_latency,tyKRVzjD2gc4PEmoZsa/5QlwKFCKsZrtS+zLtGNcYhM=,808.0
consensus_latency,5UsYfiH6zIWLytT032y/gTdp3UFFUvQ/E3IiDBXoZiE=,808.0
consensus_latency,MzIKjoXPzOSlQCbtZwRvQiDcv0hHVtg3umwA6CrAKuM=,807.0
consensus_latency,RNFtwxyJnfqgwkESo1Poyk1VIZGzV0Ibb1LYcaXrd6g=,807.0
consensus_latency,Yx1ZDwQMp38d4aX1COmVZhEm/3Y4IgwZHfWVOpb2ex0=,807.0
consensus_latency,d3N29Dr5iv4xvG9vbCqPU8RtlzhoS4VOkhMsV2Aldmg=,807.0
consensus_latency,x4XhDLFNsZeH/zTlQLLz5nZmkwWWfacpCvK5TUzfd7U=,807.0
consensus_latency,94XV4P6OBcp6RSAT5gyKAJagQUYwyDyrekgZ/CX37bw=,807.0
consensus_latency,P+vT2h9WQ/AiT1+wviGjqTLqZ4hXPponJoERV903fJE=,807.0
consensus_latency,af0MAf92dzSSy9khLY6SxJfZT799tqPWFG4OnG3GR2o=,807.0
consensus_latency,vDJ1kbS4K7jaY5h43R7q7RJIqdMXhXvksJHPjsfwCkU=,807.0
consensus_latency,zowkziBJ2pcBdj0DrrycXm3O38ZMKS0fwYvUuHeisPE=,807.0
consensus_latency,JHhL5hso3/W7yeGqylpbtlp5+/DGORlqb1tqteTu0KQ=,809.0
consensus_latency,VzgWHMmX7q4F7vNnYOxRuV8O59w5iJ4XTzHqjaz9Mnc=,809.0
consensus_latency,kQu7HiNGYB7s2+RNbjDqb0S0CdtjKw/pX2weQykMDCk=,809.0
consensus_latency,oYVVVtY/c81tiXTUDzoUJH2q3NsoEsYVS1c+2KaxBNQ=,809.0
consensus_latency,yBO3sp+mhJTKSUQNDwP5hCJ8y5UwHvhLuda2LeSBkso=,808.0
consensus_latency,bPsrZFakDrQIjq8JsmG1pqLETPm4ReGt7melfUitHog=,808.0
consensus_latency,iRsDVb7uZLhdVl8m+YAdCan7gUKGPIiPqP2X5sGLY0M=,808.0
consensus_latency,mfFIjYbdTL7WN/4mg2QOzRC7rliGMzx3mHQdQ3i6Ubg=,808.0
consensus_latency,uYSZxLe+Q+gTYlPQoqNUCRL+dImwE1WFtekdmTylPco=,808.0
consensus_latency,un1g2N8borhiDv3pV02m5nxM7bIICK4nXnj2e3SkkCo=,808.0
consensus_latency,TqLLT009Lv80nWmtNjqiS4W7dcysTc3Qo4IrjIUQdaU=,812.0
consensus_latency,bDDy2/rnK99C0scxQtaxhFeIGaL24TfpsqH/3bZHXss=,812.0
consensus_latency,bUM0wf8zk0QSD83mbiykKMwRKBe2D654F0oLqpw3+RA=,812.0
consensus_latency,oN4n3U7XE9aoqelt2K9RYpcK8PdhpCA2Z1beQTmqWtg=,812.0
consensus_latency,C1B8KAOL3DF0iWRrfjEgKsrAOag3ewvlkZH9dPGqKvo=,553.0
consensus_latency,MWYsEPFuLs/LanF2KfQNx+AXHU95JO0bHSFPMBJxcfI=,553.0
consensus_latency,jsbbAxKof66ZRukLG788ZimoupbdSoyRK4YgZ9taqKw=,553.0
consensus_latency,qy2o6EXi11TlCAu4K8K9ogbksqcqCypv3gAmBdyCvZE=,553.0
consensus_latency,zOZYGP9/qJBgL4dzznhBp9PF8BrU+vXEFlJ4R5Dgr7Y=,553.0
consensus_latency,3b4OH/uLp2edEhP8sUrZvtYFNwpiZHGhlmuzoHj6F6E=,553.0
consensus_latency,aCzhspQVP9AL50VrAxfwvcVgyQTcB89keWMfrplTyZI=,1321.0
consensus_latency,bQjrAQgfcb/8sG8RsZMl1klv1p82VQUSwunsCXbn1NA=,1321.0
consensus_latency,dhf/f993WOrcTi7X4RySb+xMGE6X7LaDZZmU61IKKmE=,1321.0
consensus_latency,2PvujyZGCq1+d5KoSHGIuLFRKTKdAjBNIQK9Oxu6S/E=,1321.0
consensus_latency,M7jblNrsTzbcN6nC0SamyWrRD87pg4oqAsdeQmnb+6c=,1322.0
consensus_latency,QA9XPsMb7efnPf2joXJTTuS0bzDPr9hsan6T/eYw5nM=,1322.0
consensus_latency,pFRjzQLWyYtuiea5pek9EMLPrAkVn/Zbedfo81QFOrY=,1322.0
consensus_latency,3lKcYtGrXA1kLEv6yhwAMLF8wkDArId4o0d5zWIlK2Q=,1322.0
consensus_latency,6mAQ6ProNfn8BINNovPJIvws45IZalHoAO6tX5fymYc=,1322.0
consensus_latency,D6hYGpOo7yrfBA4qvvfcsjMY7TF9PudtJ1Q3DijNZdE=,1061.0
consensus_latency,jo/S8B8vwWLHDJl53zP/zC8Ui/cmbcpt1Wega+o1SDg=,1061.0
consensus_latency,nBG0BRNN8FWx2NLIon8mawYOBOm3Edid7JKuy7vcZ5k=,1061.0
consensus_latency,oayJKDq8iIHnSHh8nHiyD2Gr6nV8zsFMOe8ZbRSmCRo=,1061.0
consensus_latency,uzpkVRqq6Z4VKuXt6t+O8KtKnKGyXQ0iC/A6Abgu3V0=,1061.0
consensus_latency,1f5VoW5fh5lAzAmWjKEFdORVU6f3uGUON1cr3YFmNoM=,1061.0
consensus_latency,A8IXXD3BOtv/cwwkUAAyTbyTutH+9/SXH+tdhdkpM3c=,1063.0
consensus_latency,kC0UwkiKW3Ti3fkDYl4GCkSij2yLdoCu+M5HrArIdbc=,1063.0
consensus_latency,m5/UTMI0E40wprONUtmyBpdNMpEKjO7AE/sp13oeg3Q=,1063.0
consensus_latency,vu0xxLMNgL7/O3OYH1Ircz0F7Lo/BIZ+RNd6TP0qnFE=,1063.0
consensus_latency,3XrsKbzZWAjw4LfNkHlnpB7XEpiLJcoNPAuVz4Wx1IU=,1063.0
consensus_latency,607nQ3bEwdH+rc0O9Vj7qnLzGSCQNCzGMQmDPmIz5Rs=,1063.0
consensus_latency,d3FEhOmW84oeGA9yxkAR1LKq3Ojzzz8ANWh3niWqucA=,1062.0
consensus_latency,mfCA7QCxA6+05V8mgZd51YTfxSFcvY7WCDVlyqU6ZE0=,1062.0
consensus_latency,oKIrfzhKFwDJmINknQbME4fc7QB/ECwAs8yTuu7KsXs=,1062.0
consensus_latency,6HNb67HBetrTQYn9jiyf7MaHgZTtr/x2Q4hZM5heJQA=,1062.0
consensus_latency,FTgpcbh5OS8DDIkUqBPoY+/s/6+Qg0jwPJ0Vm06vlCg=,1061.0
consensus_latency,2Ydw59wlvnIO0/wp5e4sGX4boOHVTNDmHdvnihjCRoE=,1061.0
consensus_latency,6Ue+pmPvu5jnqV/9bHb+CICMMUaFGfJMC4eRu58GNCE=,1061.0
consensus_latency,7hFMMeAwvXBm+TzdsBSQWdyoxXtRk2WjaivDUCtaqKM=,1061.0
consensus_latency,/t+eXpKAGaGgDhgiYe3GVqPYVKfvmEfWVE10XcXq2Hw=,1061.0
consensus_latency,FS61JpywjSDeVKOSBp1+rFJvmk3WAn95/7VSsU/fUgU=,1061.0
consensus_latency,J0m7bzsov++YJgz8BXZtWaTfaAf0HbxdwlYzmgsWPM4=,1061.0
consensus_latency,KUZFhi1A84Ypq0/mRlkv1hxdLf6u3e3CkZDcTKLoi9w=,1061.0
consensus_latency,9iDzqSZnH6ICiOKe1igYjVpMl8VWTXiWXrfXvmMEKKM=,1061.0
consensus_latency,/Akd6iz0MYCDLe6GBc1oH5bx/31yxQGCXcis1vC3N7k=,1060.0
consensus_latency,M3Z4JpjjCof8p3loRlsJIU2vVnlOGV6sk49xOkea3zg=,1063.0
consensus_latency,Xr7zC5qBRKeQ9+7HIiaBR+1W/kJLRb++X7FADb6SoG4=,1063.0
consensus_latency,ndbbtJ+qkNoUU92kE8z6vzY8gUQUb3PXsIH4T+Sn2xw=,1063.0
consensus_latency,1iH3LUXjUMYBsVSvnJuYi2/cuJhVCBw8APYM7VjVZ2c=,1063.0
consensus_latency,5btYTV5TY6zaK1I3OPY8QjM+ExqAVrL5FKKW8c4e/J0=,1063.0
consensus_latency,KYX7OS3r3+XzNFlBqQTETTu9qro4ddmqDVxQ8FwYx+M=,986.0
consensus_latency,NnSHbIUy7UnL3xTmQfny8TdEVssLUjILIg4DtoktGYQ=,986.0
consensus_latency,US4QrPgXF8WCNSeAi/Zsa5zLHL9H7D2nU6ysaIUj4p4=,986.0
consensus_latency,ky+T1uVEqKBPUvJv3yv0XvAmeWCgYgqQygaMZzGavI0=,986.0
consensus_latency,ppEgklunF1KFViyacdw1OYA87G3qTbYnZs1LCMvTwcQ=,986.0
consensus_latency,puITrj133eEJvaPxYcbS2F2BQkngb7vqyph3qkEH2j8=,986.0
consensus_latency,rzDNwfwpu0ua+7W9LL4CfLEX49W2jtdTCzVlhNkazPA=,986.0
consensus_latency,yiMC4nDDoEtnnI4w6OCpJXdEKetnsJzTz7y+Pg94w8M=,986.0
consensus_latency,y7uvYHKkBJd/pcASX2dDqSKegSsWKn/QU9Wdt0Et5Dw=,986.0
consensus_latency,zpPb4yxkC3lWSDAS1KAA7qJeLSK5wQDJbwJ/mGUIZHQ=,986.0
consensus_latency,+UfUp/0CYQ4VSoId+j8ZhdsENbWOe4KD/636MDZLYtk=,986.0
consensus_latency,FbDcJrqWHLJ7sk00yxlQFjs3Ys+fcg+gqZcBT+A7ohQ=,1061.0
consensus_latency,NXPo96VIHFSY+wAsosqDQwpOoZM5Jzr2ESbg75PWt8A=,1061.0
consensus_latency,ux1FryEOKCziRcMiw/mZwjFQArU5UB15A/3DQUMsKsA=,1061.0
consensus_latency,2buEPGnzp//UHRU8J6NcxCnX7mk/lM/q/Z/Ga7euIY8=,1061.0
consensus_latency,OrAmjz9Ay1+HQtDuXV6rTx2WolXFrn7+YHWemkYXaak=,1067.0
consensus_latency,bzK2nAh8nMGgvkSyA5tFxnX6RAdMzlKw9uj1Kl1FsYI=,1067.0
consensus_latency,wYN/SOKiGqmHeuTFrLJ2RqogA7PMg+ZMwzWp4e7Okm4=,1067.0
consensus_latency,6T96aehS2yzJ13ikKavzV/nAqp5Ek7QanT6sonEgIC4=,1067.0
consensus_latency,QiknMCqCRE7bmzo1mc1x7MtKx/t3QSJvrMA30HpP7hs=,807.0
consensus_latency,n84r+7Mau8K8P0WRC2jjUD52RZVAe3Pn8z9xbZlf+F0=,807.0
consensus_latency,qv/aELRcYfIGNoWSQMAAdi5SQ7Ynou00LfKBCwYZBqY=,807.0
consensus_latency,2b7ZkOplMi873NIieB+OQrBrEq5db6NMAMEm7a1Be64=,808.0
consensus_latency,3DWhdLkJ82Ed4RlMgUSh3AgTT0OTw1AVf7wvx5XT2mM=,808.0
consensus_latency,KpEtBlqU0qQkCj/k0G4p5MtSnqJn8LJy+oaiviyt6aw=,812.0
consensus_latency,aWXtaUePmAy/CHmOmcaAaSYzRrHzr+5Fsh3btktisqk=,812.0
consensus_latency,eUWEdEejhilEAc8JdeSy4ZhBsCcz2DnY+pohS8spRKs=,812.0
consensus_latency,pkQQcc/qEn7Wryz1DM4+rP3r3JbK9cfzGOWu7fzSIJ0=,812.0
consensus_latency,qoxQw9zad7hRBpf/t9qyy/FetLnU9J4BmAV285Ta4I8=,812.0
consensus_latency,DPS+fIgjerAGNU5h35LMn3j3UPBEJoHttU20kS4HvOE=,811.0
consensus_latency,dKVJyWC516urJ+s/iFSJDYv1ANFw78/j8bYdSNAmW6U=,811.0
consensus_latency,eM6a6kSCK9FS6de4VPsd3UZVzZqGuXTYStPBNdzOPbs=,811.0
consensus_latency,ktU+WBof9cne11Aavj/ikLwdILPPOay+380a9ivAAxw=,811.0
consensus_latency,2tuT8o2JLTkIENtS62htoiaIgXqMMY7AVuVSs+4+0YY=,811.0
consensus_latency,I1wgR2hOPa+XizCcMPaD2BB4T+mJFVyBlU5cnuScUbs=,806.0
consensus_latency,PNVrtMzTxr9jhzdyEAJHb5VM3zKFmrHxDLLFbw31LmQ=,806.0
consensus_latency,SXqa2+dYrzhVMrOozYJZz28gEtNa4jgrY2Cch34N93E=,806.0
consensus_latency,UVXKJWAn0OuugflLSRci50k4UYr29tPbefFUFQ6PXSg=,806.0
consensus_latency,VKSqhF/RQy3Du1FGhCwwnGRpRJWRg/WZ15CsLbvBcQk=,806.0
consensus_latency,cdID/uO/ZXifk8V0PMb60u2aCBSUFZ9PL5XYYL7OKDo=,807.0
consensus_latency,fwK1+VXR0cjohKeV8VCFdg+3OX73Oi/VCbhoRorqWLQ=,807.0
consensus_latency,qW39JY5jl2E3exEzgDEmxkkL0XUc9hzGtyxfyD9fGnU=,807.0
consensus_latency,zcGssbX78FxxkTnQ8pu3vLrAcimkBKlEiRc/F5BnUS4=,807.0
consensus_latency,AmEUoisGDkyTrtlEdI2s4XCYDm5xkSv6I7ht7I05lzE=,811.0
consensus_latency,nB/ZxvOGnixBweEZYpdiGfIo0tcAzSyaxIPnhydkhps=,811.0
consensus_latency,zG+2Kht4mPkztUqOeVEFSWCgY6/6EkRClJeo5vNdq4Y=,811.0
consensus_latency,72khB3EqHVpFK1joYWPXqlIdLbcaMZsi/E020cV24m8=,811.0
consensus_latency,DJQhrsZfQj8xe3G/wCDoafuxhlOZlcsM1O4SHGsEqgw=,808.0
consensus_latency,IZGUgh3uoIZKfmUG0T4V13TWVhGPfO9psb/yNjOro0w=,808.0
consensus_latency,Oi2uR6dtQvU4fahwjSvzpJPPZZvUoYqxZl12AY1iD1w=,808.0
consensus_latency,ZHiAWnFPRRsFPB32VMAPAtRRktt/DVmhk8jkMOm6t2s=,808.0
consensus_latency,hnCy0Mw0gVGKVhL40Nih1zqOptSzVqHxWSZGIWQfRtE=,808.0
consensus_latency,m2VDp23zJtm9VlM/8mqHWa38W6tgpgOU5J8yaPBFveg=,808.0
consensus_latency,ClGz4FR2yGi25imiPT5+E2eMIwBm7H2FCHe2AYiTRes=,808.0
consensus_latency,NqJBqZAvWDEjEXSYgxxG39TLTaXfcFXcn2TUynozl6A=,808.0
consensus_latency,et5+xvWDxOTLnwGl1Kto+Ckq0L2OZkDc+TTAV18/i8Q=,808.0
consensus_latency,nSadbNwie+VJZhj2jjRDkXjr9KvSDdZx1APlwtNAkPg=,808.0
consensus_latency,rfKWq1TZRruEOtnoJG9+iM82HVgTlMQY0ZdD2IciKiM=,808.0
consensus_latency,9O1+CA6UTq1Si9RYrkSCdiLXVd8PWPdalJwCYw/MQ4Y=,808.0
consensus_latency,cEh8p+IEIWzN9pGf32ssaH1N1mRuC+CeRxcM0Xd3kg4=,542.0
consensus_latency,jTKqaj+/pG/9Pn0karFuCrgcp7xjNK6WYEGGljp9Xrw=,542.0
consensus_latency,lRayKpBLX77jMrqE6vb05pwRfXLnaoSwk5DMhALHIwo=,542.0
consensus_latency,qtJqHA5OuRSXPLtV4tzzhtU3wbK2VsvhET6QN5hA08A=,542.0
consensus_latency,zUT77vubzQurm/4Op/OrxF5jmADJ3Qbr+LXjWoPKCpU=,542.0
consensus_latency,+DxAhDj7xhVTzWnAU2H4folshf4pf4cuyE+UQC9rFtg=,542.0
consensus_latency,gEbJF/g4PFrhudyWyczOWQEKnGwmvNFe86fRQYsAbE0=,1316.0
consensus_latency,qIWJat3XZ+yzITkQ9Qm5qVpc9Z1UXbCQwNfAXgyLs3M=,1316.0
consensus_latency,rlPnfF7CLskSyMpzZ91pQCcLR9vrl86o1OuBG77cS+8=,1316.0
consensus_latency,yv7npc0U30eNw1KOIC/8Yh35ULjmRKMKcGA7ctEA+nQ=,1316.0
consensus_latency,AhkaPOx5OrNCT+eWfJdolxx2uLCJaheHFOMrBA59rIM=,1084.0
consensus_latency,IJTgHRWY4w1XtDQEPc10N2u6JkVvOAsGIacZJ08k1j0=,1084.0
consensus_latency,Qj/bc6mpk8O8Ji39JwyDga+oUi57u02/bsr8QaoEdZA=,1084.0
consensus_latency,cSVlygBGAY23ofuM1tBbl25tPRXD31XCrW/83RB/fFA=,1084.0
consensus_latency,NhospzTYIpr4ahc2WZAz8kKLhykEwZ0kmSFnFUPUiSc=,1088.0
consensus_latency,T26vk4njrL75ZDsO9NbpivfKz3joSYZumXAZ3/Q3N/k=,1088.0
consensus_latency,uzTVXqJTk7ysMg1gZswtrPkh38tOOuVHCqxu6/6mwIE=,1088.0
consensus_latency,17SeKiZ8R/67H2NWDAXzZsTXGVW6igrbdYAt/0ERB+8=,1088.0
consensus_latency,NJIOKPVT6Ec2qGyv6tEIUs4Zj9SOju45QAjk1LJVVVw=,1085.0
consensus_latency,cz2QM/+43PS7FzytxZo0R9oU8iYF7cYke1WNIMH/5HY=,1085.0
consensus_latency,jY0w/jYp9h0uawHyR8k5mm7mZhr+v+4QMWQV7jUBaHo=,1085.0
consensus_latency,kjX1pDyaUDCbmcpbtbMn+SXqi5U2UiL8+Vbj0SGrjdE=,1085.0
consensus_latency,BePOeWPYGC+7dpws/5IarSSx+hdMm94AW7QRAJ/JFgY=,1084.0
consensus_latency,Ns3IB+4wA1tGaN9cLZ5v9M0qxjaI18PQUV4v9yrABBM=,1084.0
consensus_latency,S9PyvJ2DFEiSLHpjbd9Qq3Qea4t+UAQcOCtFJy2Q1LA=,1084.0
consensus_latency,sno5vXBy53+DCBgotSDRjgZMXIOVUpr7EeFrv8EJNJY=,1084.0
consensus_latency,s0ileFWkWVO67JB2Voo50JA3HxZXhU9dM5BsdQJwUsQ=,1084.0
consensus_latency,xivyHN2/d7rXrAYlKf69PpkTeYDW647w48tVnNJpJ1Y=,1084.0
consensus_latency,Cl6/YoTB5RsIM6MC2zr9pTzL+TnNZY7GIAYoJyceh7Q=,1085.0
consensus_latency,jvaIzCzMwCv6cayuPfEUVGfU3zow55o8b6WHOlZ+H1Q=,1085.0
consensus_latency,nt2qo14tNt3U8sd7GNLOsss8Pp/Jp+ckHEPVedJ5Ud8=,1085.0
consensus_latency,x1jZoMEQmcLgVBZ48oxcUQWK7joJlvRh4N2rpnG4XAo=,1085.0
consensus_latency,AGVhu9VDYnIzdvGpx8IxZOin4ZkvIqUKUgqxMY4s4Hw=,1049.0
consensus_latency,buBbDd6lELlpxOOQT8xP4KcI5udZYyTIUYI4QzWFZEU=,1049.0
consensus_latency,dGkQgCQD/1wRLXyDuzLnd/S7jxpaBfYznD3vaSKagko=,1049.0
consensus_latency,yAs631sff0P57wY5YBMFkSeB0LnTlVuqZfTrvXJLzp4=,1049.0
consensus_latency,2xUSHZ89qqrH5MQRO4+Bxbpvru7ej8dQSYieW+/M418=,1049.0
consensus_latency,FKUYOIpnRK2iL06aNejwe0xW7uG4H2ikfvkHS7cNBO0=,1048.0
consensus_latency,I+vniJhZvSNBM8HAuR9fzKJGnydDiRSSmGEK8869evE=,1048.0
consensus_latency,dA0LLBFPkvOPwXHZ462D4Qgak/T3ngEDHla+DFj+68Q=,1048.0
consensus_latency,f+CFLxaZtik8pOta/nsUj22r83LpeF9fXCY7w4rQ+iI=,1048.0
consensus_latency,5YTWpI1CRUCy13kmpHL4HTCupcwQ7HqIGm0F/PCiEXo=,1048.0
consensus_latency,EhZxjZqeqrHqyYuLARLmli0rpQkqfMK3rzrdYtdKX9I=,1084.0
consensus_latency,EkA1JA58f29BiKdZRvKi5MkuUpM6DwsBrx+DTiGYp+k=,1084.0
consensus_latency,yNLYzfy0AnIJjz9btAtFL2P97npaEXwYfJKO9S5yIUg=,1084.0
consensus_latency,z0rRDWFvMCRau3ajAJIoZaKQ4Z7KSfQZjoIrJ8acBvo=,1084.0
consensus_latency,81oLqX2nfwUT1HQwCqLjL5uO7WRvu6CbcRRsAnuvzYg=,1084.0
consensus_latency,FJU3MUh3wxtGE2+pD2eFCSdzFb0rsyIxh1So7SHoQZo=,815.0
consensus_latency,VHnyIaK68cddYmGSuyOF2c5zvuAR1uAJTTQJe299ZsI=,815.0
consensus_latency,rgYvVYdsM7l8J3s7j95AkPA0JzazZ6CvVFO+AAA1lm8=,815.0
consensus_latency,+OSNr+MpbmnzzQaPlNM+/5NNGpDlyRLbOmsWv1CyRAY=,815.0
consensus_latency,Ecs0cPXLg53kn/MAIxx2ImoZ6m64APSh54S4oDuvzCU=,811.0
consensus_latency,UeFCnuXQNlq06fJn/BHQQroasDLH9xavIgpw0bBtt5o=,811.0
consensus_latency,ZmhN8YHcb1vP1tZ7xCre72vg0hi1hNC1FIj1xfgrwqA=,811.0
consensus_latency,kF1n9J1q7s9EjS/iJHTfo9Ss55x/sVez+musU33dPCY=,811.0
consensus_latency,80d5E0NUyIJOYabUnx2BzWtDb1Kl4eh49BKwVOh3si4=,811.0
consensus_latency,+JNf8n1dtXzcmUfMyeN5e7Zk4A0fYxQ/ggmOyu7QkKA=,811.0
consensus_latency,QXHOAXWVJuDKzC+38rJ3CdDgnAByp4XML0K12/umWnM=,812.0
consensus_latency,ej03nP70L3izuJZj0YOFhTOx9/BdcuEa/zGVDFpB4lI=,812.0
consensus_latency,ogVzLWEmcRwWfvLbiJ94MN8bal/piHoLFZe9UicZEnA=,812.0
consensus_latency,qtEgeywOzZKO53aBdq5i4t++YY9W486K3q8NfB6XL7E=,812.0
consensus_latency,0XDiUw/IoFJrFjgM1/ti9JhRCqJ6nsHyptSqaGLczFQ=,812.0
consensus_latency,Fsncg3NxbvoQu176FW5dKle1RR/OmDbw7lmrcQHJiqg=,810.0
consensus_latency,Q18feqxs/rCCdMlej+KmvTTrT9A5Hoe8PzD2mJ5UQcY=,810.0
consensus_latency,TPzbrV+kfIM8JnxBnW0QwhhqrksXF59HoNzNHOWrrBU=,810.0
consensus_latency,oF5eSiwllSnVBB6Nw7gtsdcpNSsVSbvcgGzTiZ8qO6c=,810.0
consensus_latency,vAEBcW1odWphpnup9q4I6PMgEXB8UKRevVbSqW/lQ6o=,810.0
consensus_latency,vzTV0mmeRQvz+/jfZiJE45LjpFBazxYNtGMB4lHWFOY=,810.0
consensus_latency,L50HblY90No6/BHl7rkVx4dz1dRk7KuGPGRf4qjLvNY=,811.0
consensus_latency,f/rs9uOPMAMgYOq5kwhV0v257ZATCHTybcXxdrbRxyQ=,811.0
consensus_latency,sz2FUaZeJZ73WXBzxay2Is5YFdXLdIZ96H7hY2RPK+s=,811.0
consensus_latency,tGU9JCGWN+bk8wMQ2u2UVfXSA6bDxhPNXCBA+zNUqT8=,811.0
consensus_latency,MpEPtcYNdQQOt/btHMxhTiAhf1bhahK1gQLnPEaJ2/o=,811.0
consensus_latency,Yi25bUB45NS3m2tdmidupnrFBdgDjLVCxE9GVA9IDrc=,811.0
consensus_latency,tIcIfXtkH2uGNoDVNQRWvPl6drJF/Ol5/8K/4xh1hGA=,811.0
consensus_latency,8XBuh6UC6INUtZmOLHi1lAzznDT7otFwoy6s7vvtS/o=,811.0
consensus_latency,BOnZGPfJHJ2wd+58bgZr+RKxvXef/7JJVFKUgdE5E2g=,810.0
consensus_latency,ZizEapsCGMmSyhHVog9lq4BJE58rr2QPG7CsVH1UzVo=,810.0
consensus_latency,kLyrb5q8VmZcWeleSid3EOSONPXfAUwUY7MpeFwHnHc=,810.0
consensus_latency,932WMw46fvs1rSRz47YwH1YXganCRNllpYKr3lDzixE=,810.0
consensus_latency,FR6eb2BaEgP+xksNLA8STOpZVkJKXzd0E8z37YpMqaQ=,559.0
consensus_latency,Hl+WJDxcR7ilqkp5RVAQ8uRPtiJWhbnLavzjndy+K+U=,559.0
consensus_latency,ItYJiQXahVRxKkjn0/coVVVyTl685thXoi7PkhYX2No=,559.0
consensus_latency,1EjL1N2o6pEVx93guql6vhfBihBDL81oi8HBbeXhJhM=,559.0
consensus_latency,L27l5pOxUGMQVJf5K163H5JXVnGVA3C7A7H8LmE9HCM=,2145.0
consensus_latency,c4nf9EPXWH21IRmurXPkwfJmnUS5+syOorbhsjws5SA=,2145.0
consensus_latency,d/SCS7avJMdQQrkzmYZ5sdV2WL2WDRBjhN9OoeDYfD8=,2145.0
consensus_latency,l6i719XpSMOFRkw2QOdX3RPQqJhQYV2tw2Ar6GSN0Xs=,2145.0
consensus_latency,rTF79SAq7m+mbGoGD4Ltod8SPC4qTn9mTbsOnC091es=,2145.0
consensus_latency,63riOrgu22JqBYx+YhfDyawFAPO0jJ8aJV5Yy/YyKPU=,2145.0
consensus_latency,DNjQR6Ijv8auHMD3oQ4RjFHie3fIt8NEHxlL8xi1tm8=,1983.0
consensus_latency,LbWPAd23IAkpOQVs0hegOxm6IBbBO7IJ2gEiNjTkEUo=,1983.0
consensus_latency,Ng2ED9uW8o92USPJnmKkhD23HRB+XMngaEqnS179mZI=,1983.0
consensus_latency,YhQRT0zNST0negY6rm/BZtnXGOJ1a7UT9zJyWxvXYLQ=,1983.0
consensus_latency,fzVt1D/d8hFd5IUXXwPx4LFeTQcUoHzYYOn8KJ0mw2s=,1983.0
consensus_latency,GXzV4QFc8saP1ehEgR4f500RgybeSr9mjibXara5BcY=,1984.0
consensus_latency,RkD4It6ukbGpKYBlyoSy0u7doPe88fI1tPjO94GH6MA=,1984.0
consensus_latency,ZNxrNKQ+27Whh6PE0b7KMbjphBYNWa4oSB+X5LFlTjk=,1984.0
consensus_latency,lNIPcjMsz3dqkplgx3SAvJEES8DfdHmVSZE+76Cw3yU=,1984.0
consensus_latency,z42g9P41iWy2pYZejCPTMRf9Ft0EI4/zS/tvPIYO5wA=,1984.0
consensus_latency,bUufWZPhiIB98YVbpVZYPZgalGukQMruib8j1wYm4DM=,1730.0
consensus_latency,o2B3xcdkaN6UCaS52A7Ef/YZPtlleAVGr2oiZPHHoMs=,1729.0
consensus_latency,1L4ezjcHwcj9nd23h+LB6+Bmfxc8V9rRHeY/jU4QS/A=,1729.0
consensus_latency,89s4IWMsAHqQsqZTK2q6otqnzZXrDTF9U7xS/kxKHzc=,1729.0
consensus_latency,92tJZA/2AGLNG2DFGu7N1Z/Usxe8Oj8+wvchXna5j0c=,1729.0
consensus_latency,hCgXeMPbjZU3EwnwBTR8GD11vJBnLLIcsMVuhf41Ixw=,1729.0
consensus_latency,lz6CEjA2xrab6Aoj1CHiTJ68tXEZa2ypU4oQrT1dtcU=,1729.0
consensus_latency,naWVIj36B1BPkRPzca+lCk6ndPtgPFKrcPeTo2RtGPQ=,1729.0
consensus_latency,rFPom1ERsJ/D1Nhs9t+8LuOd3gUlsFxUeLbuCJHp3mA=,1729.0
consensus_latency,xDtlEkam7rQ3siCD5NKa4OD9c5cs2icqTfdCIvnyMls=,1729.0
consensus_latency,1yg+fcxv7Hjko7VMSa95WvygyQwGrx5/uukVhyBE7q0=,1729.0
consensus_latency,FiC8hclkKek6vwJe+RyhUTpMptm524ct3tC2rD0nqY0=,1728.0
consensus_latency,RRX4cIsEdL8xF0Mx99ieO7a9GkHat/WNWtozLqMtWaQ=,1728.0
consensus_latency,Rv6LBrJUPLDxJnv0equf8K/vpCRaNPgeur0dbrv/1s8=,1728.0
consensus_latency,rbltbhtbtpL149G2ZSYHcltUWETBEFaDMaNij4aQ9X4=,1728.0
consensus_latency,6iLGxowA+luyonoR22EhVJjgYjaana/d74zotwchJ78=,1728.0
consensus_latency,GjToQz89q2rSiLKkBgQiIGUjd1svjaFqlM/0FpzK108=,1733.0
consensus_latency,SdnmkA3IHjxMVvBYfta+GEaENKvg4NWD4sPbr3oR5OY=,1733.0
consensus_latency,UwzOHYoWak7tfvjrnuGJ7U/o5hWPSS5RwL3AdiWm7Gk=,1733.0
consensus_latency,XFTLr/lBaGio0wFyeuRqW/D1xn2azpID6IoZ89lpgG8=,1733.0
consensus_latency,CNtt0ofCntzrcpIB+NxFNLIbnp+Y81k2ohZJSuWpRx4=,1728.0
consensus_latency,Hcc4QIgoEo+dXeUntxk2GDrPL/54TxOhuna1J12c7yA=,1728.0
consensus_latency,dRBKt1v8yCHMtnjfp1Jf/ZkhClbyMDa3kyI1xXELsC8=,1728.0
consensus_latency,0KAC6EDBToBo1MDKNgVySlThEpJIQyUSWAu6JEEXx30=,1728.0
consensus_latency,76oikrQ+m5nFf0syvfX/l2xjT/1FYshXptLufvCrJVE=,1728.0
consensus_latency,CpklA2njP+B4xRe3atZDcUJyL8AJ08zN54wf70Oav4Q=,1732.0
consensus_latency,FpvpQOAEm+v20JnJd353/fhSbKZ+oFOH0FmlkOP4jMk=,1732.0
consensus_latency,Q2Z2sZ/RxwTUZxWhAmT/tpr2yCqYEvMMcbQy36vBNA8=,1732.0
consensus_latency,eTXiNud5oQbZVhbA4lMtNughzejfT0BC7e9AbllW+Ko=,1732.0
consensus_latency,k3u7e6MymRi71Wl6tTgnIVTeTmbtf/9JNDU4MQbgokY=,1732.0
consensus_latency,pnsTlvThTGTW7YcHYkzmhMZ6qqVYvtQHBsRdiPOwxIk=,1732.0
consensus_latency,H0iZC5hNOD7NjPZnEPAIFL6IoL3254T5R4sl155Ezec=,1731.0
consensus_latency,Vcekl7a3vhSlVj8kYYdiUslyV8PouZRVce9uBU0NJaM=,1731.0
consensus_latency,ls+DO4RF9IJAoRiYD/4a85UZFjoxp3P0pwtIegTz+Qs=,1731.0
consensus_latency,4b9UunAA9haU5uFO+QCRQJsGVWhylz/GtJkoeotNXFc=,1731.0
consensus_latency,CcTFQ33AidKT0hBfp6i+o4pJJf1365wci44A5KOojFU=,1729.0
consensus_latency,m4W2rdpODDkP9wJ8j1Yju1ckgxy4T72MuckZP8UU6Zk=,1729.0
consensus_latency,rNpBeWT1yuI4HiZi4dBPqe+saSThTHRpMQ+j057Uxh0=,1729.0
consensus_latency,4vOAX4r928AxuLYBprrBlRQ2TNqWYy8sIJUOqyX1HcI=,1729.0
consensus_latency,9iWZTqSmGINNiTmNHhBG6VKJBwXet1cTv0kkUqqhwko=,1729.0
consensus_latency,ACzvfIgTkExpCC6IzVFEo6fc35giq6KugxFbe7T8dbo=,1655.0
consensus_latency,GPw7QN+ZpWs1Uy9uHsnus7Uygb07x+aIlFvMI3hIZRw=,1655.0
consensus_latency,IqaBmbh9S0w0f+7qUn+pL33fidUbMxWJzojZqPSX8Vo=,1655.0
consensus_latency,Vh6ZmXC0TCuTr3/RdbtAdm5xjiqx6fTVO7kdjR1+GcE=,1656.0
consensus_latency,dO+Pp5Z3lCqwWqr5Rmos1tSMW4gBCRHR2wFl2+7sZKY=,1656.0
consensus_latency,iACgmXE8BaK/uqAOztrDBLthCQRpixAawXl7+Kqxktg=,1656.0
consensus_latency,kor6dT/IVWa7XzukY6/95LWuvkng9lr2RXiCIWO+mUQ=,1656.0
consensus_latency,2F1RUi3kmkU0NPVNG7FvdSZjCRdhV/DB6whEa7XFr4Q=,1656.0
consensus_latency,5BZZIAW/DLWxGZxov1LsVQv6XI+G1jF0gISzmDizhGM=,1656.0
consensus_latency,5MYuAALStp4V3zPFu+UbBgSBxzjAJkDfvc9UN/2mIEU=,1656.0
consensus_latency,MXf96FcaFx+XkF6r6EDGXLm9++0q5hQT7fPg6ox7bns=,1473.0
consensus_latency,T6tDXcY2hAee/35cA8eREaV/DKpo6V5Lx8TirBS4Qjs=,1473.0
consensus_latency,oAy9To1fyjM8mzSzU/GtEYoWDkIrpMKUQCEbybxVz90=,1473.0
consensus_latency,pveQibfmz/rleZVYK2WN+zSy3HDsADze5yAPw2b0UKg=,1473.0
consensus_latency,rtmtQyqADsqTyhDMAkXpsyXImoHwOvQGd4+0hJ4qiW8=,1473.0
consensus_latency,g5z7K7C+c5OmC6DorXRuN94qTkcZQptwb8xYeREziiM=,1474.0
consensus_latency,l/Vw5Lg6AhhxVOyEjk3phLP5zKXLlv3iJ08Vs6bbER4=,1474.0
consensus_latency,qsOcqBZpyIp3Nuz1epEa0q+c7l3QuQ+ZFFovitxVykk=,1474.0
consensus_latency,49h0vau9dYVbaJXVnMHgJzKFNDCreiezYeSKD02pO2s=,1474.0
consensus_latency,QEIsWzu/N08GuzgUZ8dex/UCdH5IkSDRv24LEMa96GQ=,1476.0
consensus_latency,aXRJ8r2YUL43Wgb+q8XrU10Z9uId6rNrvrSwsGHi2+4=,1476.0
consensus_latency,f15T+CMwVYPY4wXURy8NIFEgv3ppoxFujN0hG3y+POs=,1476.0
consensus_latency,imo0UoMpSmL/wmUcGR2iSmK3dxRhhdaqCapnguLF1jE=,1476.0
consensus_latency,EEJmd/U0PvTIoLgHW81yqa7zOoQfkZmgGnZfSN22pTM=,1473.0
consensus_latency,Pm5TKYXbm2aADhs7Mw8LfNdvDIF6VcYQ+7bO5FGZ57k=,1473.0
consensus_latency,i1XbXJjtPefBberBqS1XPs9r9RHJhGI7+19c/gRNQtM=,1473.0
consensus_latency,lWkx9J1K0Ob/z2iJ+nvz9RoQcogfLf9d8Mr/t6M+ZyE=,1473.0
consensus_latency,KTEFC2VWakLJuU2Ywo7Xrd5GCg24YcL0lRQKbiuynU8=,1468.0
consensus_latency,fosMia5zidpFK7+KeuY2SZPH0uWy9S8Jprm22zWAnH8=,1468.0
consensus_latency,kgYHHPJqMpqeDJygc95IgCAHYBdr9FAD4CF7uwJeACg=,1468.0
consensus_latency,ohbYuXRVwQVi0dEYIheNj4S5TceGJi81r+w570zM80c=,1468.0
consensus_latency,MBPMiWBBH/V2QQpqhzl0VTanEA9SyfKiWIPXMAtLjGA=,1469.0
consensus_latency,Qe7hDS8DVCjCUxQI3fZD4yXOzIScqbyCxRrYWmzKjLA=,1469.0
consensus_latency,o/BQSig6M8pJhljsQ2uhKn8KElp8fS1Uw3Xx9dHYKd0=,1469.0
consensus_latency,5hlkcIvYfrl2TqD8y04oSaDsTAn4he96R/gqpFPSqAg=,1469.0
consensus_latency,AdouddSLAB6po51cYTxlSo6hWAsv5Jf4DAV0y288w3M=,1473.0
consensus_latency,TgU+KKKqPQZRRBwVhK3ujO7+jT0N5Yqey9Yof2vBjxs=,1473.0
consensus_latency,epFzlqXFXBy7cm0OTHvq9foqgoTNlQQY1oFexs3Xp0I=,1473.0
consensus_latency,tjQu1Rv2UYtnd7ZDj0QxBGIzKQLzIht0Dt9hwhcs91g=,1473.0
consensus_latency,ydd7R95xrPQ5qndLbaFvdK1hk2Ogpdha9qM73CKQnn4=,1473.0
consensus_latency,Y7xEXedgCjv21iitA5dOyF/yXDQ/VrH/anu5oSKKZrk=,1469.0
consensus_latency,fPJybKeA6JTDDM80I4SrRp2dNKdmy/CxbPSkKoVTOJY=,1469.0
consensus_latency,l/OIFJ7VhtOQG4xRp/1CyryY7t03K8IiFhceGsRPg30=,1469.0
consensus_latency,0ifd3qCyaUvenRuBkcDdywUGeei3k+wIYAl91myapA8=,1469.0
consensus_latency,6iyPfesbVD7AVaS8lACncvHqJ1GQDG5vop8BL/BkpME=,1469.0
consensus_latency,Rlk3iLy6jEpN11wTS/z1QwYj9NhSdjSknpS0SKhL7E0=,1130.0
consensus_latency,oo8dwA5a6MMr+ntiVoR6wqH6Io8akLp8/+bv8lhq9Io=,1130.0
consensus_latency,uY1OMYboJpHCjygGay55FVw2AzM4j73qjhGRlDFvyMw=,1130.0
consensus_latency,1Ka++433/gJQclDddqveCoYcYi4H+yCtMrL2okLGQAA=,1130.0
consensus_latency,EsFSbSfCKMLdlKpaSSYmGGG2OMAJLqh9/UpYbNWDj6Q=,1476.0
consensus_latency,elLauNYActYyxErbOA6c5gTB/Xc5I8fDbFIeKeGbq6s=,1476.0
consensus_latency,3FgPARAWk9ma3XThUmPNPv6rbCp0kC3sRNgqfEaXIs0=,1476.0
consensus_latency,66vpEUtyWbWLlKp957mJmClzQcfV1epTZo63M4JXX7Y=,1476.0
consensus_latency,KYOC/SX9/3NHjjy0CJh6vRKd2pjlqEL39HbhM+ZuYXA=,1202.0
consensus_latency,dMJy+SKiLMMvAKcUjYVwGJBA9+7K+BTqphmb3Mokjoo=,1202.0
consensus_latency,g+ZBj4ZctY79/etagWSe3iMxsFnxF6lBW8sOS+gMIgo=,1202.0
consensus_latency,lgzRrP77vXvEGAb2dWsWkai9YnJk4/6ryni+VM+ejog=,1202.0
consensus_latency,2V/eTLZDyw9ME25CZu2kIn/TIaacNajztA7f3gpoQjs=,1202.0
consensus_latency,/Dhbx5NpSX/hwu6+RxQ1Ro6x2j0+pfDXeBQdVJF6HeQ=,1202.0
consensus_latency,IUH5zEUsSa67gugsVBcPs4IP0N+pv2FGzq/FpXSMC8Y=,1205.0
consensus_latency,KPOpXX84uKD9yXUCnh5oSleCsM/5/IRvt4Mmj4hsRh4=,1205.0
consensus_latency,brNUqGg7wl1BQlbX5O0uKTLZ1Bt1pFHAx4rGIONDKog=,1205.0
consensus_latency,dX73vLTMXtVvCxwK4RB9FdBd8zzDmDhvxS9sPL2/bp4=,1205.0
consensus_latency,7aWpS8Qs/+BtUdiLc/KWiRNRBFHI/g43WXwFh+uU/IA=,1205.0
consensus_latency,/Cge07hHZOFBPm154MleN8nH14l7J5ZoryrPlZQ2H5E=,1205.0
consensus_latency,BpejQjR/+2xU0dZ7jNUAUKo1l7xvWjtNZzK4nCsW56A=,1203.0
consensus_latency,DFrUAzZwCXawJSajP7lAoNWOqqTtIc5fiwt14O3jT4A=,1203.0
consensus_latency,Kom278PrgvxDnnMrGDFlGJa2+fPlMaFS8dZj/L61Azg=,1203.0
consensus_latency,5cRMPRYWlIJp/Z/tQSWW1JpxaCdhy9crl8wHwZZg3QE=,1203.0
consensus_latency,8gsI+NVHu9Mm4ebVhqYTx/9UcoPK6SZU+TYaw4j9xwo=,1203.0
consensus_latency,dBPnKsYVRHzH3TszyIbklT3Jn3QYUNj76G0S1uhSpWw=,1202.0
consensus_latency,mBP8vJCPCE82G9xInF9BNuVLBCBE+iyNX8TS9qviarI=,1202.0
consensus_latency,xRrKZkySP+cwmTFURVRN0tFKCnoY9LKShHalKq6PxpA=,1202.0
consensus_latency,1CB/PL/BApzSI3fH3f9RkomdGgtWCIEBdNCWE1yQ3Ik=,1202.0
consensus_latency,4mIOm5152dGrNtid88fR3YwTMiwgENnwdhQOzIz3ohI=,1202.0
consensus_latency,9+Ljdg6Id9DVBADgqO0Zmji8ExsytwL/ias6Y2NqsUQ=,1202.0
consensus_latency,EyRBpeRJXlP1M8aRia7FKDdjc028rMS+xmVzm9BwuSM=,1199.0
consensus_latency,Ft33zUThQaPGWSBZJLwPOimPkXPNLBKz7X1PeWpbl3Q=,1199.0
consensus_latency,TcLeBVIJJXZS0sKFg4kGMg2LeGH45QdtAWQPScVzPnE=,1199.0
consensus_latency,nfolZ0yF5S1mtBh/CfEaeBZlnnvmWcNsgjh6QBUvR40=,1199.0
consensus_latency,n/4gMT3/AOjjSdVGCjpjwdQaNTpcUrkJFkDrqpm4tRA=,1199.0
consensus_latency,3UjHuZk6k1LoelUO6BLzarAVjQ0VNqLVlpt6m/E7k1o=,1199.0
consensus_latency,BeK7BCma3YF8QCvDpZROgqiJdks3upItoYd65Jz5De4=,1199.0
consensus_latency,Mv1q/5cqTdDOmp2GU0oBqajjRsGmIUX1zpznTktMazQ=,1199.0
consensus_latency,dIg2po/zi2qbDYyZI5hmvz29+W+Jal7VsuiywR4HIWU=,1199.0
consensus_latency,wSJ5eB8r+x1j3JlR6B+nhFWBHIN9Z89NsXUQTfFhD+E=,1199.0
consensus_latency,zAeC/OzZobD3wJLsP34zuPISPcsLaHnd0g4+tMPYejU=,1199.0
consensus_latency,AKlT+RYlI0lje1XOo7ADF0mzeTz0u9k7JDJJTSFsI3c=,1203.0
consensus_latency,BPJ3anzDpj2tnCdSRSUXrvih+S7VXeS1Lm9BpHdPDQk=,1203.0
consensus_latency,K0XenOAAqXttGQayKSOSx7IJWHxVr1IjQ4GkT3dzCbw=,1203.0
consensus_latency,OTs+erHrG/Gbli4P9R0h54m+7Uq9F9XDORb0F9frHkE=,1203.0
consensus_latency,09dcCt/CgJJESQO5sMIKkk50P9R4mW+r9fkldlJIdBk=,1203.0
consensus_latency,+lLXXst8MNQ3qxpGtnuC7ctq/b14G+KE4NSabw7EQNs=,1203.0
consensus_latency,MN95ThIS1k/2Vg6o+4qiy/lbfJYQ+kEu+eF+7TsutHM=,1200.0
consensus_latency,P0lhOFhfmnpBAkKgd4Unj7ZKznqbjQ9lazmf2cLtKXk=,1200.0
consensus_latency,mWcO16l2A3U5n9sKOLPD7oFB4gO0lxMYOm0fKC9U07A=,1200.0
consensus_latency,rjr093Xn9B/pUUsRVqx/zIiiUtLOC3R/A+3NxT8Or6o=,1200.0
consensus_latency,zxgftJg7YHFTFUcjJ2Ka4M+69u5j3AdeU2VkefA0zYY=,1200.0
consensus_latency,5f4svu3La6kG8YyGfJg8q4crO/SLsRbx2gJ81Ipfw/A=,1200.0
consensus_latency,AFm/2tshxL0kcFkkXfS6lsxRYXL4r5+hx/ayDyJnMws=,1199.0
consensus_latency,DpR2PHAOg63n9JhmsGvOgeU3BNFxzo4mxsSCCbHA3hI=,1199.0
consensus_latency,g5oTbZk6uP4Lu8fC4cj7jkXKwkqhY2fK6l9IRDeY4eE=,1199.0
consensus_latency,hA/uuTZvnX4vY279wmHIpD/ctB+qfNQVbxhg2y9WkRk=,1199.0
consensus_latency,u1S5uLj5V7bnd3GCTC22jgJJy03n8bTYdy9MVwE/9ZU=,1199.0
consensus_latency,4v4DpewzvDo09WaLrjAtHQK/oQ1fUsMJrD6gqau4eJ0=,1199.0
consensus_latency,QxASnxuOMiBOoL7PGN5S8pPxqxopVjt3ZMydEYTIdhQ=,953.0
consensus_latency,gjaqk3oriMhBW60f3NriaYj8zhtyvh2G/B9ikDTKiLE=,953.0
consensus_latency,g2KD076XPmrIspmCElTbt0B/CU6XnpLpGrqmWa2l9CQ=,953.0
consensus_latency,ytR9OXKRI3TIf8o21P5XYwioesTcCgK7MWjB47/xIpo=,953.0
consensus_latency,HbvI+TV5+Hrh1jebaOVjeFOA85qUl4LKF0AVpH7/bnI=,951.0
consensus_latency,MVYsaPI057zIydv2NNmOS4JtyzxqblxGvmMXSN98B1g=,951.0
consensus_latency,wnqlJgu/HyaChNGRulVX78LaszVNrrusl5M55yM6+Zc=,951.0
consensus_latency,2VXnvyyqQwd0pbWWO8Gn68tq+9n1Cnwm48boX/D4NBU=,951.0
consensus_latency,B25ETS6cUOic1q9XG7zlKpVXkKU7lvqIMoq6zA8umFY=,950.0
consensus_latency,D2bNT4Ws4VfFanmdx5NXGn1TCUm4xh72knMTqRjKIfw=,950.0
consensus_latency,WEs4S8LHdmN+cWYg4f9N5BZUgb7jvoZpuh1L71A6czo=,950.0
consensus_latency,jlHGTscwIOeV7ibT8iSbCFEuu254oIDBNLnRKPUZUCA=,950.0
consensus_latency,5CybbaLO/HDyucL75AZ+SUEA+8htpljgfhSYVTuZJ24=,950.0
consensus_latency,BsTrgGxW/RJzP1mdbNRWgKCUEiZFVEqSNo4YMpERmTU=,952.0
consensus_latency,jyHhUVhgG/hFNG1PfbDPKaQ2ijx9ZRZNPon5hgTaehY=,952.0
consensus_latency,nV9kmecnOgMY1pU0tNiORV1ENuKTbFh6j1F3KtE3hSY=,952.0
consensus_latency,1kqcdj1YPkRPhS3uWTbvJp0PfMUTkjU8xbCTwpeOFIw=,952.0
consensus_latency,am3dmVOrQ0E3hyGeZI908SUzr9MJjRz+4BQ7Cm1N6/4=,953.0
consensus_latency,oMfd3JKaRFxeR0fUH0qU5JT0JeMa9JZNtTl81mcOJDo=,953.0
consensus_latency,zAkLIHUiayOMoXAzA+CT93Uzxy//j8bhsEwdSJunBMY=,953.0
consensus_latency,7PnphjEF6T2rKwL/oUFU703q/CMuimLCkLXiCnTcsQU=,953.0
consensus_latency,FvmekQmssRtmDOUAO6yZRSkbGoBk98PdYdXaeE3Yzmg=,956.0
consensus_latency,YxvXviTHMjp+sZLcLnCfivq1FML2DxWTcJXthH1s0D4=,956.0
consensus_latency,dEKS4ETbQrvp10+BjA/4nVVCeXYfZ7oI0kZb+hFxVi4=,956.0
consensus_latency,ge6Wx/O30mlwGZu9lBWEGOx7FcWi+duKMyftXdwMo20=,956.0
consensus_latency,lwYN3BVGElmgOIqerx/HPJSqMvRiNm1t7qgGn+af1l8=,956.0
consensus_latency,JJXIYCPT3+Nr/FY7FmJUAjdZjwzJuw1lEOWYqZcQ89U=,951.0
consensus_latency,YJ4tDvbZPfYKE9aKOnk7zOAwNNPzpK2fCUEi92N0dcw=,951.0
consensus_latency,q3NDUGHMsG5BSfnBh1JOScopJTNNso1CJb5UDvl7U+M=,951.0
consensus_latency,shii2GMRDuvUvaFlCPgDA71W7ciTQ4eLau+Kq6AcpEw=,951.0
consensus_latency,HU9qfI/l4SixuzSQfB/GSm0n+BJHmvdX9hemug2t55Q=,954.0
consensus_latency,KUq47BD/CRw241iXJq+3msseD0kUWt4JkYNoDzLBUEA=,954.0
consensus_latency,MMJ/ru78ODXUvXF9fId1hAcNTeV2NYvOAKMMtU+RPgk=,954.0
consensus_latency,U6KUV0VIDfYaOPHjEF8gQY7090okyGES/Hu7ZsvyhhY=,954.0
consensus_latency,bfhAQvfSGnuaRIBp4bGmN1voeHDA3daiYx34+JHzUDs=,954.0
consensus_latency,hLmZl4gyJ/yjgiOZlR4nAUKxrPp4FiTf1axRNJA87U8=,954.0
consensus_latency,Ft5Eb/x089m+5088fSVmbXSfmyNRVS64JOumeLdCwiU=,951.0
consensus_latency,UEuRE2sVNaE4CTRcK5VaLMo7ui5DRxQKVg2mwgKd8lM=,951.0
consensus_latency,l2CJpnXwPgsVWNrOiO3X4UpqAgJ4YGaNdRNODuCLfHk=,951.0
consensus_latency,r74QDSn9lvN4v/3X4Vk1z6VUrXFBbmdVBaa5lea5KlU=,951.0
consensus_latency,AWGNPvdbLrm8eX55Oa4OJUhUM0Jrr1Dn+tz2LukBb0w=,703.0
consensus_latency,NMbTUgT61E8ZCXTKqdOzBnKKOTE23fRY/k8TEMTfV7U=,703.0
consensus_latency,PtVn8euk3gFnDChzQeoq77MSnPNiIZ0cTbWF3tGuP5Y=,703.0
consensus_latency,ZgP6RCEr9NO58IMcSGdkfnGWNvB6mWXBN4Rx8AVvX/k=,703.0
consensus_latency,a+XdQl5+wPj2u7NQp3WCIM0a136ItxIMvxljuK8dUJY=,703.0
consensus_latency,EpYqiBaD7tsCdhTkGaKRDpMUieRs0tWS+lj+lIJHNkQ=,908.0
consensus_latency,Ou66qPp8Wa3DJofeNi+sHMJbCZRipUtAuNnNv8kLsqU=,908.0
consensus_latency,SqZGolO/Me+gm1C0rpZZNL2a7zOul4CaJkB6P0Hwwq4=,908.0
consensus_latency,V84FN/R87Un1/AaRAoe/CQS92MegkAFpNNktl9lwIuo=,908.0
consensus_latency,gsykVdTjEYFY1RvTS6ZJnxl5QARreGw8mnehx0vethM=,908.0
consensus_latency,QSTjNezKW8jd8eGQbMHLJ1HfdwROHq3alLa1tvRT4nw=,924.0
consensus_latency,R4Ir/9KLq0xlYDByONdjG7Kv1ghWcyuqr2ZUVPG3Oto=,923.0
consensus_latency,UZwtRTReQGZDYdmF17L2z9M6wRgD5Nohk+THT8qQ7BA=,923.0
consensus_latency,qCfyP3qwsGNDIAbL9hsc+kBmrgztbdpyUiG9etrs0sI=,923.0
consensus_latency,Ed3EA8lFT5b6xHPgc/KpmCqqQt+Cmtpn899ePGs/mhw=,920.0
consensus_latency,qGE9IUTqrZttbtZNsI8Y2y8+wMIk9S7z/k2irgUyASg=,920.0
consensus_latency,wu7P34LwbWLCKrQ3qhs6mkLrYsbooLGKnORCfA/+k0Q=,920.0
consensus_latency,5rVjpiyyWcz2AKwLgkmRnw1luV5D4nl8gyvWawSWmYQ=,920.0
consensus_latency,HCfIT6IAwfC9FGNYX/+WKSADrtDrvHkrMjGbNif/NDs=,927.0
consensus_latency,Lm6tZl/VaJ4VJf9GmpedXch8fQL91H6C106CuMo9+kE=,927.0
consensus_latency,SkaPdHPSGh4etHScAg+GgS/8PxN8X5bxWwnk/K8YDTs=,927.0
consensus_latency,eIq9lk3F9ATSsCZFjeMjMnmAeJUxAUnPMyx+sgTExTE=,927.0
consensus_latency,EpqqnnpEeRgO3Ld18iym8AgYdsPt9PuKlZr2ZZ6d/gY=,922.0
consensus_latency,J04Al7koBgld/cR4NjOfkW1tv67NqYdVq9ycyHNDD50=,922.0
consensus_latency,fXntIbA3+Xnq6LAVGU/N+5dQZtJ+TgjDWi6E29DddKk=,922.0
consensus_latency,rMbs37oiof/Nok3pdWO+KyYUaHUwTVB44tlDXmrSw4g=,922.0
consensus_latency,vb1A7SziNJSFyHMtUiFcYXQHHA6nW12uM20pKVLmnC4=,922.0
consensus_latency,ze7oNKRejvxhC/Zym+PJBhr659lIbbrL2dLY019FdUE=,922.0
consensus_latency,FQfgcqh1h1ebMKn41h9HHgFtn1wNrrgDGrTyt/J2BaQ=,907.0
consensus_latency,O6wTLF9G2u7+CItOMhnAZiKcrrYKnFtDDV626LNBTE4=,907.0
consensus_latency,XQ938Wh81hdPEhh7oSGfIthqRJBOsOVIRRJSDSN8u+E=,907.0
consensus_latency,nUoOo8vwam3QaXJkSpymVOV/I8qoap7c41FWk9o0FTE=,907.0
consensus_latency,uvJKoyGU1dkyG+qGa+05Ci7VdB/DwsrA4LaliUt1rEg=,907.0
consensus_latency,By1quZBoI7yOO3d22Lx6xQINQr6q3rNfqaJg3jtiauE=,923.0
consensus_latency,QRqsGdRzOo0uVvLzTS7vwn50mndgg6TVt9pefAi/7cg=,923.0
consensus_latency,THW53z7UXUAxxtHYbC6n2QliCE/Nb1SLc9c91N7Utac=,923.0
consensus_latency,W+7pRb2g83UQkEQPzYnedRRgyiV8oMz6s+n77VgWEhE=,923.0
consensus_latency,ZJzK+gMUQErqr1U/DKxuHUy+vjWm808XQvFyMbMMiM0=,923.0
consensus_latency,aTgHPrxLfP7cSj3Hx375EgOLxIh+zgFhONOR53TzzIA=,923.0
consensus_latency,F0MuTnH+Bx8vjVT9mc5Iw9sZ9tnxyG3s5qmVJqz1jKg=,921.0
consensus_latency,sAwdZPU3m5dYn5gwq+EdWRlLAdKmquXNx6J6pv7dnHk=,921.0
consensus_latency,tZ5tsX0JyqCopEDGVk/6AWW/jB/MuZOTIvim3k1mCGg=,921.0
consensus_latency,uPZDrSAyKsug5HPI6ta7/RdFC39M8xEbEQRQAwmKigw=,921.0
consensus_latency,7pXJ/rNUngGZa5XsJ6whimIIaNxCHA/rlK0FgWObciA=,921.0
consensus_latency,GboowEs6wnYTpSpIzj8xdxzDGdcnEGWEMLhbkjQdhiQ=,654.0
consensus_latency,Y/oQl11YW5TRhWrT1GmsRsXbQp0abOuQZEAMbEIyTKU=,654.0
consensus_latency,bEv60T6Zs01wwjM7x/nhLITSXDKTcPEwCjEODpaJGbQ=,654.0
consensus_latency,jYF0DhovV+XigrSv7XHGz2iJs1EQv5O9SzsakVEKIQ4=,654.0
consensus_latency,e3VvWcRvHZ2grAsjeO+m2aUVGZW1SkazDaZGP+9VQ8o=,651.0
consensus_latency,gPz08trAibhmDk+3YBOjJhOPo+xjgUhtyQcuZ7RuicA=,651.0
consensus_latency,iWKzVI+5wstJH+sUXgSnKWjMhhL2aRVeyAOAzF9RzjM=,651.0
consensus_latency,/MPD8J5FtWsMhVo97vtv3Idi7AsfBPXLcg6yKqJ10ds=,651.0
consensus_latency,S4WIQ4LGSAwvES/Gm9huYGUuTpF00Z/0GWNF7p9we4Y=,654.0
consensus_latency,wacLCILwxvvXYxU9CQ5W0i6exC+W4q+wrYdm2LWX5DA=,654.0
consensus_latency,zHMY1/q9xM4UZ9YThaH89aW/m2TAFcW+e43a4I+uu6w=,654.0
consensus_latency,335CKqwTgzrlALYE/Vj6LHQQVKbaynqvmCoWY2N8uVY=,654.0
consensus_latency,9ZDzmrhj/V+45bQS9lQ7SgFDMdDjhEIgZp8YF5VS2VA=,654.0
consensus_latency,XtP560ONGc78k7eoj9ISmD2JEXgeNjIU5n4vgl1UuU0=,650.0
consensus_latency,dNVvcWk0BuCXsJBiJMunxHFGJLKwJHb67KxYD0irnas=,650.0
consensus_latency,dXK9xPmuaEd/rIl+NulRvqaQxvevs/Wh9Z2v06P52Uo=,650.0
consensus_latency,lpUrOPKF601Q74DxdU3Y5hzAy/gl8I5GnssIhaZKzqw=,650.0
consensus_latency,ujZGNWeXViMHKEfKW9rCJii0dVEAbB4xSmhvg0fInuc=,650.0
consensus_latency,Bp89EGSwkppFdwJV75CxmjtPGnWkmPl23D4RPSyjwG8=,650.0
consensus_latency,UrlowOlrLs5EhKFi43OQvQH9F84xPmlNdk7MnLBKHmA=,650.0
consensus_latency,lC549EzmQfibBVe2BcTL+N0zh5fXx25ooqq2jYs67Kw=,650.0
consensus_latency,rkipaz2oiVhLPGF6kU0P8lL4NqwNWDyNxhaCyQb5eDQ=,650.0
consensus_latency,OHep+/CwOa82W5bV9Uyn/Wu4xXNpm8gl9X3wRQPA2d8=,651.0
consensus_latency,Y+cLHuomTynU60XkQtj80BvPVUznu/PhzjpMvdlwcKo=,651.0
consensus_latency,fvSHIWTo37v5xt4c1Pmd7SAwBHsL9vmTOr7ydeCuMUo=,651.0
consensus_latency,oiD/zehvO6yFxKmD9mLQMNsgkf9dpapB576fwuGbOmU=,651.0
consensus_latency,plvuyx/uFc5S8O1vOm58Yn4fiCj2jG9oPskwGw4So7g=,651.0
consensus_latency,Wy20KEI/mhhPVy//DEdH3T0xqLe6iQAkq46JKFY6ksk=,653.0
consensus_latency,hUDdG15Lzk98uWvP4P2BDdgFls9n3Tj0eXZvBxVu2VI=,653.0
consensus_latency,v102lx92XZHP+IiywHk681sWL+AqgUXolSlSdzkJMTs=,653.0
consensus_latency,0mromDcr8+nDOVslQ6dMrvFOuPjTEJy6vqSmTB5TBAc=,653.0
consensus_latency,8SJu/LlgWUD21+WuOIXrFhEdhITtoj1WueSFw4NINSs=,653.0
consensus_latency,Uh2t3WIsbX9JJGR6g/Ux602W0M/WP95yt0udvXJDxlc=,408.0
consensus_latency,Y9K/ZGDSMh6IsbaUwlpvygZo+vWK8Yzb1s8RbECphHE=,408.0
consensus_latency,o/Gk9KzdrL8dxbqpY64XaIRx7pvVSaIa9ev32QhXlhM=,408.0
consensus_latency,wl60f58yY011P1epJoBfMwK5WiqCp+Rwwy+qZR9agk4=,408.0
consensus_latency,4eJJCJbbu9GF3unH9bzHiHYE1ib7XWK/qn3VNX/Jn/E=,408.0
consensus_latency,Pb3M5fEH1qP+fBByo6xSMrZpYnnAdpoyenpGvwY6vrw=,1499.0
consensus_latency,XKntSdWN6W+qSwaiQuWrISB2ePu+JFZBFpAZHGiuwfY=,1499.0
consensus_latency,Z5lwBncH8g8g+oe1BRogAfXXetrBLs3wwi40QGRY8cw=,1499.0
consensus_latency,hj3F0CchTHiE5CGEuJqmfdHUCW6zyxbCUMEzRAzu4bk=,1499.0
consensus_latency,lT4hrDwl5g5sTgyRbbCDqN8YBQKx089arIjEIk1JkhI=,1499.0
consensus_latency,0YzOHh6w1r+xeYktMdkNEykbLRD1Weu2RNASn0ldHaM=,1499.0
consensus_latency,bRQtG15sSpqPMWE7v/35tnE69CK2gTGRhdK0oPorS7s=,1331.0
consensus_latency,e1JbnsmVt9kS6AXJWvEvm/THhpRd6jR11D0/a1drQdQ=,1331.0
consensus_latency,3m4OtoByp++jZYPvEXER5y3d5laZ5sIM+9n4lKcEZhs=,1331.0
consensus_latency,7vnDDuHhBEXXPbcsMy8ak2GRAb2OlNhdJm95FWCy82U=,1331.0
consensus_latency,fCDkV5vkIAT7nW5Cg5meqNbJYUbS6HXTd3g720OQVDA=,1332.0
consensus_latency,hyIXuoKpgvYEEO6inj7JFxr7pgcnmVtCvHRyUU6MBck=,1332.0
consensus_latency,nwc8PzL7RpLt/XbR70SCJ7X68PJoyFbgelNq9hVChrU=,1332.0
consensus_latency,55pgr0BiS2YLTJjAl3smW57uTIQXyH/uxWijybDWJG0=,1332.0
consensus_latency,JLLYgG8hKl7XuR0gNqJHvIKF8d59tbabzngjiDEX1Pk=,1092.0
consensus_latency,MwsrmMW0mRYa54GO/FrjC6VaXo/xZcV9bIRSUjNT01s=,1091.0
consensus_latency,iV3hJy3tXo+YeN3wdlWBIDfrXZoBTnC2lLYWDRW5Pz4=,1091.0
consensus_latency,kCnLRv8N66efqAPHLNfSmdB1RFvW46wMxCps9XNSmEA=,1091.0
consensus_latency,7H6QotcJPQjSoNLxYjuCrsJ699i8WmzmsglMGDSO7fY=,1091.0
consensus_latency,Vyfu1qX7ofNE9TvQgu/yeBYgEWf4gs7zblcP+5ueIiY=,1091.0
consensus_latency,2aKxBq6T/PxGA2tSMGQkwuFKUYXVqkUjXNw/kRERTAc=,1091.0
consensus_latency,+q5vL+G78lM+YintpEZS4QHENkukZEH4whjCVkXB9j8=,1091.0
consensus_latency,/Md5ALlv8lHV+LYUgztuF+dyPSnNlLWZb2K/3z9P33s=,1091.0
consensus_latency,DpYdi8m7NDa2g620++Els/IACU0BfpIrrsCeYDu5hQg=,1093.0
consensus_latency,NG5I85uZWbmAuDEOGxWMaKSwWV8IpIqCiANWuvDKh1k=,1093.0
consensus_latency,Qt22TlArbJL+pIQrkdxeslIDCqyy89wo6LO+6vmz/e8=,1093.0
consensus_latency,bzaqdIWd2j3FpVmnYAuRgYqwjI6aW8tvEfGxvQ/GWf8=,1093.0
consensus_latency,3v0nJIDtI05VJXiqRFjpeCxubNHTNfUW0gPpGVR/A44=,1093.0
consensus_latency,7tidmb1Bj+3eYA9DpO2+I9EddO5odlA2ZZvkLQBhZnw=,1093.0
consensus_latency,CpsbaCxkVICy1FHZMLNWoY7JaYMNMqStTByPBBAwJ08=,1094.0
consensus_latency,YmjCsP4wmE2BsDxtrP4CM9/y9FsJu1yBU+aPfpqLFSQ=,1094.0
consensus_latency,ia63wa6/urHTGBD+bt8PB++31VjQC+T21WsHDeMawF8=,1094.0
consensus_latency,nLv2Mf+SVU74j+D9iIHEvVHrhOPCbWiXvUaE8s83jyU=,1094.0
consensus_latency,GwQYYWBXOLjgWLODis6q847+DZwC0YJ+XsJ/O1jijR4=,1097.0
consensus_latency,MjM66d+2d7SkU7a2GALPHrUVdTZTTb2XBTGJDS90XM4=,1097.0
consensus_latency,ScyUsz5MNYI2uQOKTvRq08blSdAcorgIZOBVpb3uLC8=,1097.0
consensus_latency,YehkyD1pK0goI7ysDWXgk+fPjMAuiYwYbgRBhnsyd9Q=,1097.0
consensus_latency,v5v+pLLXuN1jlIOousLOP8FjnFoXQQG87RPq6KMgaFg=,1097.0
consensus_latency,x68YptCkbsGP2SSnka03Tm4JYjaNknzc/roICDIjBKo=,1097.0
consensus_latency,AGOMwBvy+YiLwgsC4aHHmbMaI6YNoYKwtiGQZ3RJwwc=,1089.0
consensus_latency,E4YX2LXiHBUEVK925C/OsEDFZYbz0mI1S/6yvIye6Ok=,1089.0
consensus_latency,FPh9bUKVmbsIs6Fc25koT7lWUNYc7PmUpBTFXDejkik=,1089.0
consensus_latency,d4/gtinjqV0+GqCUyNLrCxRn6PNoNE8HhGZN7zjJoyw=,1089.0
consensus_latency,9mJgsBZpeOeXAnJj0hBbvEkRkbPQD8ArgD6Gkuwl+qc=,1089.0
consensus_latency,CUOXmKSB7zpzcZS/IdUpR22PjWhRdpdqxiehQQp9g94=,1089.0
consensus_latency,OtVrTpZ91Gd0N/PFFcQYdGG/mQxyicNaOTXWrB1ML3M=,1089.0
consensus_latency,hnxfqH9WcSKa1KAfkrRxJWMzLY4wgM7uTVDGMH69tPA=,1089.0
consensus_latency,ik1xLfC16kGOMK8yB/iBNRiNcgqUkADB+c6UmU/7Q2E=,1089.0
consensus_latency,vgS+k2BIF2SLWLM4+YuYziyrtqWb5RETPhrX9HoKlRE=,1089.0
consensus_latency,DcQA7bCcSkMbvlyLcWqKPIU/cx8wjHqz1UEu3rVVjw4=,1090.0
consensus_latency,Ni4GWniYImVzAIKE0CIRqYkrmLn+OPOxktb+NAylflA=,1090.0
consensus_latency,PzBZx7K4X9ZIHmCgVhNgQCpv+Ucd/TnspTX3Nsp3qHE=,1090.0
consensus_latency,UIwCulLnkuxpfIrQw/Ny3yMQvlfq5IIECzkYpfc9kNw=,1090.0
consensus_latency,EBs7Q2YHlVWd2Kl8T8QWlWUC/i5gZ4V8crLHyChLenE=,834.0
consensus_latency,bj+bo/eRqESHnlcslLVY9KMK3b5BKgndwEUYU6eW+Zw=,834.0
consensus_latency,qfxz0+f7ZiIYd45i469CWvnytC2E0mdTeNTJ0aaVAfg=,834.0
consensus_latency,twY6qQWL2tVOcWtSkgigm7uE88sabfCNGEMJ5wvt0Lo=,834.0
consensus_latency,1wqkFUPYsVioXcFODI+PtlIE2oCN7axtgSWg8mbnGVk=,834.0
consensus_latency,DjE/hWkDx1e+z71zlqnCVxjlvWyk+SRtMxdJj87dP/o=,831.0
consensus_latency,D+hmU3vtu+nvlrce92C/GtWq1bvMqIGCv1BCvG29avA=,831.0
consensus_latency,hdI8IpEY0lYRiBOt6hJGTKQ6DxgeoHLi8Kc8UfQwgVE=,831.0
consensus_latency,i/NadHTxohjDBqTUkceEyC9LGK6j1SDYFpwKQtaU4bI=,831.0
consensus_latency,+1cOwrM0SglyX9RHHRJAm9dJ1VVlpCd1gyL2ZyTVZyw=,831.0
consensus_latency,NJZWwBJroZIE9iUUbcSYJWtolyeW9WJK0KAuuNzdeN8=,832.0
consensus_latency,PJ3XS3V0JrDmyAJ/tJK0eUy9ZxgylqjzSfNQqyF263Y=,832.0
consensus_latency,YqQGhF8O21EWr2WCODiHCtkD8irxslZCvyC2HhCRlHg=,831.0
consensus_latency,ZIpwjT8Raua33etKiqxi5h79mbXasEj5QELoFDiqots=,831.0
consensus_latency,/bfSJgpRcrBMJCzl4jfRYDgiPSbtsiSkQH3CZfrKIqM=,831.0
consensus_latency,IAncD+T9UkZ0MQAS0qKnuaVO0lOjW0pg1JdSLPFsAO8=,830.0
consensus_latency,Q84or/kOVTLgFnJCsC/TiNzxO4SnH+w+yI9IAsd4lQg=,830.0
consensus_latency,W25AzL36yBmv2pNo4kW/TJIN0QcX6XYAl/uEZtefBKQ=,830.0
consensus_latency,ytvXxM5LBOFsl5yXOBfjiKds1LQNCLwVW54upg2BKSk=,830.0
consensus_latency,0OdUTmm0w+FJ+7HpOeFcZJoVuUWxA5293thE0WiYPvA=,830.0
consensus_latency,7s+Q1zKXAB6RmujZYJ5Ke8aBwvNfA2Vael7MN8B8uzw=,830.0
consensus_latency,Oy+JVVvxNVKzQL7nlGF0l4egviKsCcesM5UE2gN7Juc=,831.0
consensus_latency,UUMZw8Kiuo9K/Za07o2M2u3fQ9x74/ogH3w7ErLKVfI=,831.0
consensus_latency,XLnM+xf6Bu+5a98IQA/fCKXFW5JqX5XfTvpeZtN4+1U=,831.0
consensus_latency,fCojmTpeXaR8sxFlQPTPe8gSXYHJmpKIRoUCrNGYZBI=,830.0
consensus_latency,rubd7XQvJFbJvKyqtEmaThPYe+FedkUTkUWkN7Igakc=,830.0
consensus_latency,vhX5CxXrao2CGOu4WSNTkAtvLpwcjSFZNNgpSfsU79A=,830.0
consensus_latency,BTJolWIJ8HqjRxrS/y0yMz0U/FAZPKFqDdrWcFJgbYM=,835.0
consensus_latency,CVDUSTT/0nriWWikXmdgvvGoXahA54+vBG0+2z2q5Cs=,835.0
consensus_latency,09fEH7ayD2Krc0OudNMKWVCC1xn6DGDewrXyEiJA6Qk=,835.0
consensus_latency,1yaMbrx6Du/5PBmJEPo+ScgDKo27e3RvKlRzcYrV26I=,834.0
consensus_latency,6+Yf9Qq5XIp+J8+g4ktR4infwwudlAaiwwbjV+ChaoA=,834.0
consensus_latency,KBU4DumecyM6sganjWWAXzESSthL2Pq+N5km36F8/kY=,833.0
consensus_latency,Lnrwvc4SOYtbG7pqTm63XeNbmPXdnRoA27BcxWNFN/c=,833.0
consensus_latency,Ml+rJFXXg8C8BEDufWQaYuDmNlj9bRNZZfaCVE0BH7o=,833.0
consensus_latency,nVD5UxiCb+I64ENnzCudSDXKpZRsld4bl0Sl4sVRaGE=,833.0
consensus_latency,j3DjFu0bsLpyK2SPaltqK4/fnDebu9gN1aqxDkSRhu8=,828.0
consensus_latency,uQyNGCBIUn1dbqA+N2AjyL4LcsXsA7bWUx3lbXErRvE=,828.0
consensus_latency,9iP3pD1OY9fFLtZ8KlKsmPx0vzNTUM05HK7ktgv8djc=,828.0
consensus_latency,+G805ZPhEMfnmi481/E+ftS6UwSJPVcrPuw0Bc6U61o=,828.0
consensus_latency,QchOijAL3yNYF62/DfjbyQkA4cMUX0zHfxPeFeJ5sio=,576.0
consensus_latency,Wu+VBm2E+6RPbwu56557kv7HYBpTOB7+zhmMRDg2rbc=,576.0
consensus_latency,eDjkEO2ikPzo7oXZZCNjxdbU3iQgxaRSb2DaKxOlDdY=,576.0
consensus_latency,e/FQYkjctcm9e2/R76YhqMTfzQHdv3p4Bqjh1hdxhPM=,576.0
consensus_latency,T0oF3Z4WcmYETQX5mKM4Ii1+tv/hd9zhXLH81UyTYGU=,1170.0
consensus_latency,aVyVnxlU9hONQEiMPtJv01DMAoOSzPDBXRANnIWV3AA=,1170.0
consensus_latency,5M/fBY+pZse1WSP/JsCuj8KsQHqHGRzs/MdVzGtBSK0=,1170.0
consensus_latency,6vJnYu1npO/iGvX34LPMXd8uoSVoT+oOP510GFaGlqw=,1170.0
consensus_latency,Tq0fo5L0hzRb+Zt5v3RFhT2fDy144lq7lXZSBlHQXXQ=,926.0
consensus_latency,Ui/Mficnqk0TR1CCwc85pH/irADf4PdJWPT5IhprArc=,927.0
consensus_latency,V4QZJYnHjzX91JDH0DAMCAd1rAj9Yi9vwesQA9SkhK4=,927.0
consensus_latency,xdIT8jBQDIhw4pSRzs4mgGY1PL3eIP+aHII8rNM9BLM=,927.0
consensus_latency,zm7M7XVsdiOqcM8Le5399RhUqyBazQtEcrnObOX3avg=,927.0
consensus_latency,fyXnX3eHNFNOnJjHFZqZgWCOdX7QM0cgcLsTNr3SpIA=,930.0
consensus_latency,t32zRouXtoD/vjuevSDJpubXrcDKMlxmuEd5fHcrcWQ=,930.0
consensus_latency,y9cIy2GA62ZjkGym51oyyQZBMo6juihHuPlT6Uc0sFE=,930.0
consensus_latency,1y3nMgXd4+VxLR+/tJiv/FoZ7aU4pDh+rkMF7DJ6JOk=,930.0
consensus_latency,MYwxlRG1vvTBGBpNsQs7EBsLYBNBz2egvRsJsxeeiy4=,925.0
consensus_latency,YUU2cw8lm/+UfF1DH7jlkqtAbU6ts4NULsDZAwH5LSo=,925.0
consensus_latency,bd1a5ynPZq9QgAEDuo8tywaO8D8AElyoQdRqtXm5DkI=,925.0
consensus_latency,btt9faTvAJKBKH77B416XbSla1Qmrg8W/D7a712xZ5Y=,925.0
consensus_latency,+7LOYK12yaZYTZd3zoBhPk1whpUqaJ0fSPFu77fhQ00=,925.0
consensus_latency,SZKSD9nWBqjbYVWp1DmeYGtJRpl/NKsNO1c2QoyBQe8=,910.0
consensus_latency,YFDXb8WRQKaG70LIhwj6jWQEQgPxS+aPXWFTMj8lDr0=,910.0
consensus_latency,h0G0bUgY6GWLdHLJl2Eia2XT2QGOu53vlhU566ALGfs=,910.0
consensus_latency,66XjGSA162IFwLg4B/OQ1Le3iKURkpLzStXEHKspfqQ=,910.0
consensus_latency,A3qvdMAJQ2twlTm8LABTFEuG5hbEKFlc6+SXvIALslI=,927.0
consensus_latency,WzX7WvWBja7gA+PB2K+h220Y4y42t1dHHKlB+wBZco8=,927.0
consensus_latency,YUtWzo+eUNFg96Kadoshaqfb2nP/oXInNd0dEEYzp9A=,927.0
consensus_latency,k4Jler5HMryA8vW07UtBmSmmuIStkb4z3uOPeDgWoAY=,927.0
consensus_latency,3p4gcpq/rVYxxpLusq70ugJz4fp3iWdQ9RskFTHuoO0=,927.0
consensus_latency,9LJe7fqAwre9zTHF7wYqOJxi7Eb2CcShj0TPH7LDDJw=,927.0
consensus_latency,d8erMajIS1frXAy8skuORbAPxK/CSRHFKBH3HQ7HXuw=,927.0
consensus_latency,jlL0ShKQYW6Gho6EvAa4t+yJmwNOw0OUkfgYvJSD3ic=,927.0
consensus_latency,m/fr/2WbFafu//81GSSZO3w3pfnqicoqA45SP3k79pQ=,927.0
consensus_latency,tkdyZmQHi8ROpwfI/2Vn2kLhc2H3VhL4o00Ef0KunC8=,927.0
consensus_latency,Iv4hjJeIqO6jSNRTiPAdr/At9VRYAn4Tw/b8nf5Cbyk=,926.0
consensus_latency,NS9L5vpdFS915PMqzmGg0AmdeN4zvyyiLzAUkk4UQpA=,926.0
consensus_latency,06zu/sq1sHvnPkjgQjC9Ym+xzG0vfkrMF3B4tIgyoaM=,926.0
consensus_latency,6eVYO7samotAz+qoJp2WnXECoFW8NZvW4tEs2QOc5+w=,926.0
consensus_latency,AeO2RlQIr63mteaXN9G3NmtXxIkgnXjaWpDc/GcglSs=,907.0
consensus_latency,J3K8xixC4njmidbzheM+A/lqo6T5oupf7OyNJvw2OZY=,907.0
consensus_latency,NHvYNqBfaaiS2kdl96l7sfeFuxtKd4Qu5FYkvlmuA1Q=,907.0
consensus_latency,YFwYieiroheCAAX7fyDhYd0UoM8QgK7JVJPaXiCVrbw=,907.0
consensus_latency,m965Uz/EeIWctEvtS2G3Bn08xw+R88eClcZVOaAbPC8=,907.0
consensus_latency,x7C+qeURCNni+LwRgInpOD+dB5l7k3gxM9vGL8qUBLI=,907.0
consensus_latency,PNBiINTq7hFqZDuXKDHk2cqPnuFPRK5aQv3KjWrb8V0=,648.0
consensus_latency,RgH+HgV22KI/PqMGnKzaVR1JGgHrIVx6dQwrNu5+u70=,648.0
consensus_latency,hh7m6A7cRJ7fCyoX+LGyamlXhWpcd9woSH7dRlNaOUs=,648.0
consensus_latency,q+qFLwbwQ022W16RZA56eNHMRjUCVXMbivIkpa1uWDA=,648.0
consensus_latency,15Ssxu2e4P+1bf1L/bX/aAKhlaEObQVNwBga0mmoOMw=,648.0
consensus_latency,Gzs8PwF0Qp0fQ+gXfxet7IoJFIT9Rm1WAwAtSp2yNo0=,649.0
consensus_latency,SVMlalmqb/Hnfrznfs76CB5U5TdYLmp70jGUD03VukY=,649.0
consensus_latency,SVYomgAF9RvoMchjQrPCLajKMs6OG8D5tTpplRPvQbI=,649.0
consensus_latency,XMOkNoNuzz3bBktMoxJZRXGJ3A2Eaa7+dkZUBLVOSHk=,649.0
consensus_latency,7ZDDfCFglEIP3OHjM3mBjNCP0bsOZOyMP3AzgB3emSo=,649.0
consensus_latency,CaTVNkApvw9TfgAs4LSCzrK5W1T+PhU4KGubkWnGdug=,648.0
consensus_latency,G92FzIco5RLOvGpjzuA/9HaomyTfjkRhWXQseJ522fI=,648.0
consensus_latency,MJ2cSXLljgpZbJKtKnLiFE1oDrEAjdrxnGSumUZb0ks=,648.0
consensus_latency,mZc1SSS4dzMSj7Kv0JQUn601MhLs2esujaS89tTzxbY=,648.0
consensus_latency,ueTTCSAzwHN4oGklREF4FApObSK0dVz48K2d+6vPSxs=,648.0
consensus_latency,y0Uau2O1OiUlnmi8+qWaTd51gbz7I4qm9cOCZhrNXNo=,648.0
consensus_latency,Cr2AT6SwQnPuVNtnBIaTlptyyRbt1XmfsxRmyFY6kj8=,651.0
consensus_latency,FEgOK+3CUqId/0xsxqZQI19gO9VkbhNwHElYVAZgwZQ=,651.0
consensus_latency,+u3X3Id/6FlcILA4KB6LyjiRpDEjJt87tklFVTlJPOA=,651.0
consensus_latency,/SCD9Jfdt+d/a4vUX9TluAU1jqOOBIijvrAcNEQnB/k=,651.0
consensus_latency,KIcRaOfbayvzl3AAX4vIVX3UtLLqXYDp3kWZVjs+dYE=,649.0
consensus_latency,mF73n898uJTpQJsUzW4SpGwFmkqzZRRcT0hbRrWBugA=,649.0
consensus_latency,uUm0vUoxhWsGdRIh7rx7nyNIPrCDzDlIi2fH5E9eOJ4=,649.0
consensus_latency,0gpI2S8LVelI+pHc3a8sdz8AV2xFXCvzY3/0NZnvJDQ=,649.0
consensus_latency,4EkyOjT8LbYX04lNLn8d4yUOtDUmgA4kc/PQNH5eb9A=,649.0
consensus_latency,FClQkseaG15+b0ntAtwDxPpttmJxV8rIYrAHwuhiFYs=,649.0
consensus_latency,HSeXkjdUkB1GOcBZDlcTzR5b07XUJAPJR1hJItDOx1o=,646.0
consensus_latency,WbM6E+wA36SQkheIDEEzHsHQpNcDhaiaRxay1dMxY8s=,646.0
consensus_latency,vki5grw6Dq4Xp87OOeCK/eBoi2mw6Nq0SlCxuWq4Y3c=,646.0
consensus_latency,BvjKEx0DIEhGtx3Bymcy4W7l2lCsePij0+syxqZXThQ=,647.0
consensus_latency,GCPXgCXj+BHr9BBCZpl+DNrK7nbi/HAYqqjxDNMslYY=,647.0
consensus_latency,Pa0pMxVpWaUqmEr7InE2yG6yD/5APokXJ7qOdK6JJvU=,647.0
consensus_latency,kIa8iMLESpMf0LVwq+Ig1GTFdgtaXiNU4w3XQiiMWu0=,646.0
consensus_latency,4Fl9uQ33F7zHARnZVNw13L09DtA6XlJM1qlkf5xCSuc=,646.0
consensus_latency,412wyXJaVJQNiu5A81frHrglVBWfGRLoGx01h/hjHRM=,646.0
consensus_latency,nKorbaLGwkDq4groz9mqxQVG+2Q8L7oeHbCyPp7rmiA=,436.0
consensus_latency,qKR52vmHSpx0QP0EXKBq7fprQ9wWCpx2406kQexJkEc=,436.0
consensus_latency,whQfI3GCsSN4JbeowRrCWtxKqNvunfdiQj0CiCFIczM=,436.0
consensus_latency,5lT25c85b3RlmpiOGG1+G+JmkFhfNgIA5tpzmch8BMk=,436.0
consensus_latency,gKLNRW3RWoYOxPJGnObk2gJ+s8eRMly4NjVExGXzVCI=,2006.0
consensus_latency,pRjxyDrueMt4kNmkME7KaKdcdr5beL0zHYalYlAzqaA=,2006.0
consensus_latency,yKH+b10MAWjMggINi6bohXzLhO39hkGK+lpYeD+gLiI=,2006.0
consensus_latency,yN6GAO9SRrCOLlduGPFYjUizf13fiQeYdRx9zjrcqhs=,2006.0
consensus_latency,40/qDriG/swk+mfhCV0WqP/T50XKXDEsLDsebENbjRI=,2006.0
consensus_latency,7VU4eQFOiuMMvC+lEWDklqE/yaiHaBrANvzcS8Thgmk=,2006.0
consensus_latency,D1ukZEMwjul6JKwzWX9+8ToiMKqb7pSS7CG9QTE36Sg=,2006.0
consensus_latency,HB3oFQ2ToTf1NCPj5Eu7m1NaSLfwr3lWka3CTu1lxpw=,2006.0
consensus_latency,VBA7x5/F5ZM0VDnKDfLDFkjpso5hP0s8BvdD4u8pLMk=,2006.0
consensus_latency,uGHZA55Javb3wT88ATjNzoZZqYulalAfbVXr/11Qw+I=,2006.0
consensus_latency,4bqjrWj+nIcgWuIh0FDli6RbmHK0BpKXxhonDkLr8l8=,2006.0
consensus_latency,6C+qR/KV0R2YYtRG0UD1u4PglZhnT6MR9oU0junvl0M=,2006.0
consensus_latency,R5+DzSc0Gcjw+nvNzNnOBkhR4v7XJVNPwQpucUp2/SI=,1788.0
consensus_latency,WmKgkpT5WiE9X0eyrw4TnupK4yyet7PGLPXZOOzZjVA=,1788.0
consensus_latency,ZXInGTkLh3VWTMuhzJnR/yx1nOKeric8U0qoBlsdtWM=,1788.0
consensus_latency,yGSHCsFTgKVstEsw3k8ZLpGZ3xo/wezf6/NLxRShXGU=,1788.0
consensus_latency,AEnZDbQF1F3ZEw6bsG+SBsAWb3wNxqwrZFi3kcOKjTU=,1742.0
consensus_latency,RLEEO51Nluvlj5D6t/p1iJQkPocsIcZrkOXlV/PArJE=,1742.0
consensus_latency,ZJVCDMVpI07v0QeQK7Gpq4LvEj4PEZo+jbtWgpeEPhI=,1742.0
consensus_latency,Z8ZEk6npP4cmpq+WoHbw0x9O9XvLLWL3MNjRyCkx8e8=,1742.0
consensus_latency,dZgqyOtOoqiqdeBqitd5nJmUVqrtOYO7LCKvaFahPAo=,1742.0
consensus_latency,DoqsMZXqN8WpKjY+li68obEg2S8ZMewStg+F6BV8UO8=,1788.0
consensus_latency,D5i04G0ii8TXxI0Cp9QQMHd9X7cPOj3kToenYnkC3dA=,1788.0
consensus_latency,ivNMbukAP9Y6A2gaw5X6wImyYiNcP24/JiuVO7b1RPE=,1788.0
consensus_latency,4ORzycZ/wvXAMKaLuUhgt52wCrUv4E8qzL+IXn8Xi2I=,1788.0
consensus_latency,By/BXgKihwT2U1CCmLhSJhcG7euh3/jNBvYm6zpv4GY=,1790.0
consensus_latency,LDveRihT+8JqKuxJGMJwi4AVAOgUjjxtOeiKcRV7E1U=,1790.0
consensus_latency,eFesMgc6Y9uRwBahS+cQlBc2okuPUavgQIkaYGZQmvI=,1790.0
consensus_latency,fMTFOEG/ZntIckovJWk7PQGziDAIf4nOlIlE8gsLHD0=,1790.0
consensus_latency,prZO0xuJ1oyOEp0XTC1nYYx0dEYwfFZC59Xl/IAuSh4=,1790.0
consensus_latency,Mce/z8mikRrJqQbv8a5NidDjUivQjsO8znhqaTrDGsc=,1795.0
consensus_latency,pSmgZCGkooMkZm2HvLapTLekONi2mf/p6FB+uvofbxo=,1795.0
consensus_latency,wxLw5DF9CMJpEFvLsowbSEU/dHbfYGZyIPX8iG0fsDg=,1795.0
consensus_latency,9Ma9g8qHIdr0Ni03F5H5r9NprR8/GTEYKF/aPAdvOlE=,1795.0
consensus_latency,Ll5X2PEJzoeO8Zt97KWQ7NdAx6wT0JlPSx0zcoY8EeU=,1741.0
consensus_latency,VO+fAJ1u8v6KkqDLMwEXQjhmlTCJ/QZebLyEnM84aY4=,1741.0
consensus_latency,Z5zb0gQUNyNPgXg67/ruOlZ3B8x7HP63rOnKMRsm7gA=,1741.0
consensus_latency,t4C2Y4hYE8li7eJiqqTtBxepoe/C28ga03r652ly+wY=,1741.0
consensus_latency,1omVpN5xDz8Wd2QmiAa6T3eZKfIlqJm5Pjejztj8bKw=,1741.0
consensus_latency,Aim3RMGDCJXyhzoWQWnHYxiZT7+62qZvhl58mmmlEE4=,1789.0
consensus_latency,ROzj+r7eqJitftrFA2OxhxsqYHirenMIZyK0UGro7aw=,1789.0
consensus_latency,TLMST/41Zc10BR9cyT2FQJbu7DEExLKb0V8fl7CqSII=,1789.0
consensus_latency,wbg86MVlFI3cduJEkBUtzl96MAEXr2fKXSdlRHxKk2M=,1789.0
consensus_latency,CIWULnPo2E/3eu7TVLZCxZH++lYtSm3r9MUg3keRUfg=,1745.0
consensus_latency,DSrYiKl4nSFLS1wCYVVvf14LLs2joKMoYcsrSpdk5Lo=,1745.0
consensus_latency,pRtMyMeDsllf8FELlVFLVUdlxMBRIcSZTw6/5/B9YVA=,1745.0
consensus_latency,50fYxIzbCPwXDX9wTZoXTvqYqkHMlmqtxnmTynlAiw8=,1745.0
consensus_latency,SB2toRaY5sNhOt4eTPbGLOLkHj9aZjylnJlS0/RgFXM=,1488.0
consensus_latency,Wg0SE+nqeDpXpXAlm2GNORJGQRJ/PFuK+ZfuKEplplA=,1488.0
consensus_latency,daSzcehDLdePg9jSuT4sYHU1EesvHpYRiA7FPdkIsjQ=,1488.0
consensus_latency,giwAIZ63bVoNmeai2LIQlOmcDdEq8yuV6dhO3pWbtSA=,1488.0
consensus_latency,lzmq0K0sRizFwJtF0NwMgmliitGixo72SS1THSP7fBM=,1488.0
consensus_latency,tGBAp8Es0ubEjvaLvnW7LDA75zIH+iYZQmSSlFuDWNw=,1488.0
consensus_latency,LV+haAVAeLgx3UDbCqjxacHjAPlGxUBDnZWjBgJcvpo=,1485.0
consensus_latency,Q8J0fZ3tnfC+YVQZ/MASbaAT6bSb/AsqLb9DgO1W67U=,1485.0
consensus_latency,wBczkOSUzozGPgaa5Ktm5PxPausFblZx4060o4m0BBA=,1485.0
consensus_latency,0dZEYe3y5Qgm0LP+zNN9h/r7dHsJMihBtLZhl7+t9mk=,1485.0
consensus_latency,4lZ0YR6vRR4B+SQ4UVI/6Zs6yCjbIfuyrewHSEcuimg=,1485.0
consensus_latency,+2ulHJd2ivcqqCaXwQnrcHgH9Ur545M1T8M2eGgP68w=,1485.0
consensus_latency,K/5XGmIFH6gGWZHlfkeeC2l4HvGmMOGC2PyT+W7QLuQ=,1488.0
consensus_latency,OmuUgOL7WFeZQKrFHvIUrMqM3xWcoVc3E19zsU3SmWg=,1488.0
consensus_latency,UORSUwYOR7okXWomxM+mxauSxaU9GDWTQASN4hF5nCI=,1488.0
consensus_latency,qnlSVNh+jC9UFv5JEbq4cfZeKOrSm4nsEgYjSOz41/c=,1488.0
consensus_latency,ssBibaOqqNLRW2LmHorIgnOv0HSMG7im89LARpHLL/0=,1488.0
consensus_latency,7NGK7cm8ZMdrTBYAFuTIXwUS49ryQyAHVtRsQJiinII=,1488.0
consensus_latency,hOqHIgjI023O23271tIFu6epMj+EDmthk3El1EzyCgE=,1485.0
consensus_latency,juxVyCNMpFH5NlIx/zPXeH0N4VNfbJ7kAR8EId+7wmQ=,1485.0
consensus_latency,nQV4DGmCi1C65pkH27KkPa5xheuSv0dftHnq5uLBDbQ=,1485.0
consensus_latency,uaWbf7+dJZIMT+C5AGlr8XFQoMIiZN7Jz2lX8DLMdwI=,1485.0
consensus_latency,w48OQxB3NJvP7x2hofGLpLfo0WGV9500isjG2neNQYY=,1485.0
consensus_latency,xnVAIW+N0bth8LnXOe3RnIvDcWU0oU0kxCqrIEZrPlI=,1485.0
consensus_latency,EY8MC1TXT+w4GPPv1B7GBX4UJ4Xew4M9Oe2LcmLEyWg=,1489.0
consensus_latency,Ek+1y1xuXSPBGZFQkVj4WEzxuVGEOGjxC5CyciIPDMA=,1489.0
consensus_latency,wRfJfdp6z1EG/ZxGtJy5SD3sHI+FQY8+HqDOPvCub9k=,1489.0
consensus_latency,wakWYsPs6YwHOTDx8SWOfNwJ9H4k+h4rDCEMKETvvXI=,1489.0
consensus_latency,zASV8cXNhrxpCn1ED7PlbeCcsMcg8pz/xeWrI7E1lbA=,1489.0
consensus_latency,1sygC3K+0gtUCyvYQAlH5zhlvoQw66TjYRpw72x7zuE=,1489.0
consensus_latency,hPnL/Ci5xw+MbFwZR+7XHEr0QvuBxVg84eSqIYrLFvc=,1488.0
consensus_latency,jm4/GDVHqeoymmkZPqUezwTZSsetNSAcoy4S/IKZWx4=,1488.0
consensus_latency,pH2rGvrTholKlfH5nxwIR/yHOOOYZeQMsdQidbDuccw=,1488.0
consensus_latency,yPE0BBBEsL9pwA8279fsi+LqiV++GCivDEBCvS7herc=,1488.0
consensus_latency,ClhOGwAwtvFEQIHNVbbp6ZS8UaHfqYuGvhB59L5F8CM=,1487.0
consensus_latency,IZMtT8TgvVUS+Qw1RVdHZktg03zZn7OYVhCG5Ngl8Uw=,1487.0
consensus_latency,KJBGC3aXUC+UtV3Lxf7nkPcv0148joNtZo9WBO9osfk=,1487.0
consensus_latency,UnsMPim44fgAbETCZFyjZ963nrHXghmCtGylqXiAo8Y=,1487.0
consensus_latency,hKhL938OOqb3SXnvqTm2q/XsnBtvf3YcLJHTSIOI+oE=,1487.0
consensus_latency,FO4l3pjrGtLcNTLiX2znOxCg+gxZb7wUL/0tX8lvruE=,1491.0
consensus_latency,WIm33KDvk/EjewueNhpZ7W2R96Gca0avPyUMTf9pPfs=,1491.0
consensus_latency,W+g1qMKvU2RdxNDduhP1s1dVgq8T3/3MSmNQ9FJMlOc=,1491.0
consensus_latency,fZm8B2RAfJUcVtCgFJs8tajHvzsS/HCkAECkHpurZ58=,1491.0
consensus_latency,gYlUq2Qq06ASqhO2KkCQS44fPgbcJ1PFtC/ara7V4s0=,1491.0
consensus_latency,SkgPWmiBkWHyhjyUOHr0UnvsqOoqXgB7NKQAbXtwu3c=,1487.0
consensus_latency,qKmUcza32W3/q4qbnGEvecW21sGOk/4TFRndjhXQWAA=,1487.0
consensus_latency,rexjWZL/CO4PiaE8tAKGlLcEwPvR8R1Bh4X9+1iFQxE=,1487.0
consensus_latency,sgC/n4w/KlzZQX28OrC2AK8D8EAxWJi5nAqUnWujBR4=,1487.0
consensus_latency,1iJa0RVSIzlVPVc0h4vKWHCGPbqoUOv8sfVWZ4E47Zg=,1487.0
consensus_latency,Av+Ymep4VVvUpAI5f99vaOiMLRp03S6e46grHjFs0ZU=,1246.0
consensus_latency,ClktMHWNcD8aSYL/mR2TXFZClGyQtdnPDjskYO0X4xk=,1246.0
consensus_latency,f0S5m8WfwWUBLPD9s5tqAI99JPq2eFmrHCn48JZ/geI=,1246.0
consensus_latency,pch1ds5Lb6WzvOZj3eUZMci/O5f+Xd52Qu3ACxrFrZ4=,1246.0
consensus_latency,rfkqeVy2562qXX/FzFS/CsSlfp63ICBNSKnBsz9SEDE=,1246.0
consensus_latency,4Lh3FECvSt0wb37+YfvBOPwXy8xes48pTRA7/rq/wuc=,1246.0
consensus_latency,IAXCQQI6mbpDZE11veqI8P/6+ib8w6GKY3Z85P5EGfk=,1244.0
consensus_latency,IaiB5WWGU181SE9/LK+2VXnY8TsnnEcIu0kFOBzS4lk=,1244.0
consensus_latency,hDO7EQu4Ep3x2HUU72liv9ICdX97dlWsgzzxREaHae0=,1244.0
consensus_latency,9niJFibAKVSfVQ2sPMcjzbxHrCZJoLuiUXm6acMvfBk=,1244.0
consensus_latency,+tC9Z/6Yx6AOPNJ0tzgWuwqfIW+qq2WJpuCcv15qkCg=,1244.0
consensus_latency,X+wgQJSeMiIUN5K+HsWKu98LEbWwn2n1zpb4YgOJs2A=,1245.0
consensus_latency,maJ0kbSzTf0cHuH0KKSS1t2hpjWoEr625Vldl2PVzT4=,1245.0
consensus_latency,1ruNvc2tX3F1hJHb7SVSal4RGlaMRnkzI1YBG5sXJg8=,1245.0
consensus_latency,8C4MEoShtcs7W7v8uIfGhY0DzBjAxuR0HEQSmrwckRw=,1245.0
consensus_latency,80sbIV7fEOGQAdjvqV5DyVmdP8GxDka0rKeSVk/CBI0=,1245.0
consensus_latency,QevJDbHCcdg/DgfhMmKtga+gIqBTF46yRXaf0zQr7vc=,1246.0
consensus_latency,W9QiZCnN5OZFuTOWUnRnQMT+P2OL4ddj6/AGaADn820=,1246.0
consensus_latency,b8xvjEWclZx1Jk0BhXLgHmmnqdbCaqVD6bC7WnyRi5w=,1246.0
consensus_latency,DRaQNLH61lB39SsgYyG6BGvGzL8VSFnt2aHR//USvr8=,1249.0
consensus_latency,dOJ3A8DeJEjKo6xcnR8mXs03wkh9cq0aRDFUXdkwv1E=,1249.0
consensus_latency,lAK0ICvfgF7leWsLoVaPlKoXQWitaSorwPQ8FM/GJ1g=,1249.0
consensus_latency,/RBNX1ONZBq0nTRw6/RXexOqjAvpjBXWpIWBjtJAcbY=,1249.0
consensus_latency,OuGkOG8nZTlHxAQRUthp56UxFoFKYzq8ukK8XUa4PE0=,1247.0
consensus_latency,S8CQ3147Xby/OHmLajl4wVsjoIeN/T1iL4GoiEbZ/NU=,1247.0
consensus_latency,rRbp3RmV617MGWHrVu3HBJIJtHvCayesS9ZrirxRzig=,1247.0
consensus_latency,4Kv7fRPYsf5o69zROlPIx4zlYTcLcxoyFardyt9MObM=,1247.0
consensus_latency,H3xAuTL27WJDoA5+AkUNjxo2GleEA4fb+47V3OHu2nk=,1249.0
consensus_latency,KpW0EA3Hip86Qw25vQnM1rzVFiyzMnNtNkolgxnqaq4=,1249.0
consensus_latency,U76TEQnLyIGAj5x8L9fDI8XaYU0yWt8ZeByF4QFBLWg=,1249.0
consensus_latency,8gWk8bnEEBCb72a197c7a+Aeydh63KCM73YqOTMx9Fs=,1249.0
consensus_latency,h3Epc+3eQL46gYD3Nm0QYn8Fer8ZcT8KvJLnfYzJJ/4=,1247.0
consensus_latency,3fg/tqwC8cbwV2fH5rxf8mIZLJPK2HtrHp/v9Ym7x8A=,1246.0
consensus_latency,5fLPfg+wEtgBS4uETjfE5x9limJ4GCKpMUg+GxAWiWw=,1246.0
consensus_latency,/99Jd+/9+6uD69W+bR3gOn80uVMVsWHGBlaS/v8IZGY=,1246.0
consensus_latency,EuxVljhjAUu6NlvIs5Lm4KeyYM4eyrzxbivXVzr3eaU=,1248.0
consensus_latency,LKST5EgI26GBzwQgylkYgrd8I1VvaLMqp5bn4AIIPHQ=,1248.0
consensus_latency,uTKqIM/U9PLza4UJsGLMLmvzjEdHLNBnLvcqBr/bodE=,1248.0
consensus_latency,9que1TEaO9wk2jOhcEp7Yyqoua+pN+ImBRlyM8Eldkk=,1248.0
consensus_latency,AMZnwZYqVFcuqiKZANZYh6rcAPoFDGymVawgLQ2nIZI=,995.0
consensus_latency,iDQOMuyff5RP+BlhNmjgKm15rVtutNHSCigGwLqBHwk=,995.0
consensus_latency,+P/3jdWVZ1GXuMuvlIexb+E84JsCrO7o5ChBolHcxH4=,995.0
consensus_latency,/8J/jlobTA953el0RK5WPUO9rh0ctFY902sbcRfrDjg=,995.0
consensus_latency,JYQxnKWDX7+NJqGk5eT+hfQql1Y4EfWuiIi905c2Uco=,976.0
consensus_latency,pFTLOxI2e94Zs+bju++kjYWjHF1t4uioqMp3Ht42W04=,976.0
consensus_latency,wEQtJG+Y8q4I6XJJnRMPVdebu2MwqDwagc8Zal2wcIE=,976.0
consensus_latency,9wk6MGqeNTmPtjNJ/kPDAaR3WDGBWb8PtL7HQzXbtFY=,976.0
consensus_latency,K0V1Sei4ohgb6rcWQaQNUHqThSrMN6Qli35f2Xk0EWo=,989.0
consensus_latency,OvvG+NcC7hDFQiYsOqvqK88TtReLG9W1ecrboEj354k=,989.0
consensus_latency,fIatkzBhDwN9o+tNexggS99NgBbUyywNaeInPkGZcO0=,989.0
consensus_latency,pmF8B1XR4VNDimCYVPfu8Biw/fSwysSlnCZ7MUcaDIw=,989.0
consensus_latency,ufwnjia1JQzUcO+bjpT6GKJjZ3HoKySwjDHqnTu9rOE=,989.0
consensus_latency,7XeRcZGdUXh6dq+zaJkbuHEJlLZU1l8MifrwBSujEMo=,989.0
consensus_latency,NpmigcoaefECFaJsIcDDBGw4ruHjrSerbIB5qm3QTK0=,990.0
consensus_latency,Tbf1AgsFYfzat0UbsSO2ptI9BhZDS/VrVHNehV4NzWM=,990.0
consensus_latency,TeGIu9dYDRy50RsVDh9w7X6GWzvIi6RulzJOErCrfTY=,990.0
consensus_latency,z6a2P7Bt0ObRfTEsk0T5YTtEY90Fnfo2Ilt0i2ng71I=,990.0
consensus_latency,+n1xONgYMbOn44pmOCFYzeiO5tvuVvAEGBtU4PUFG2s=,991.0
consensus_latency,ITzgu8OqgHqEwcw1DVL1EW1JJ4C3M4qCLhSVeFWlrzY=,990.0
consensus_latency,IhpfJOx+8XfpzLI2J8GJNutLEuHlc+A1LIVWjU65clo=,990.0
consensus_latency,MLFtWNo3NJY3Q48gD+mmgEVZ1mGXxJUClfo1OPcBI3s=,990.0
consensus_latency,Y5mMlKBZP+SN3hT54qIA6C1R3nJNLcs7xNQ6ZZuoe94=,990.0
consensus_latency,L3uBvMSKDPSYpFQkFyb3JUn3JOxYxjCdYhttsMpcgaQ=,979.0
consensus_latency,RepSmiX2nmlyCQtTkubk7/YNqRZHVj3+vjf4A3I8ffU=,979.0
consensus_latency,TAv7HimpUYKBM2083JOekhJQvltpbpXH6CuaocjNE9U=,979.0
consensus_latency,ceadLdFOcuNRQoRvjUIYYMAc9i5HeWabvTpynMSvAdE=,979.0
consensus_latency,pVO869IaS9u+Bg9LcvWZ8dxzQhheJWKz4nu2oKEI+y0=,979.0
consensus_latency,4Y449MuOIvcmcCCpnHix6MtKBJzv+PkrVViHiYXuDnI=,979.0
consensus_latency,cEI26c30dl4VunDYUnOcJMoRbAOGebJdfEzdWqWc2e4=,978.0
consensus_latency,kvkmwYtfQ8byJt1IQX7FxDxuRVShjGjUMvy/zh4B/94=,978.0
consensus_latency,tMp7VhQtvJVlSRwghFNDsITgMVPU2C6fvbp86QTSPC8=,978.0
consensus_latency,yuVKUpYkuPYkWM3s+uQn4yOPLP4PdNoen56YBy5yeVA=,978.0
consensus_latency,66DXfxjjNld79eweTWdBCL2jJBt7lwR7vTNpwBwxcDM=,978.0
consensus_latency,OdN/OaH+kCTd0y8MABnVHnVga+1WYfKzWYd2SfT0nnQ=,992.0
consensus_latency,PiBTiXOut2FB9biTss07hS4RZK8gMwvNjhn10hqnWr0=,992.0
consensus_latency,b2pj2SLNFs40wpDTnkKNgBnfz83PAct3ZvA/e2ZMQds=,992.0
consensus_latency,d3XB59dcXeEGXOFPuKz9ddHa5lAgtb9zN2YAfNSsktA=,992.0
consensus_latency,xsdSXoQ7KpdRo5DCNfIXH/xzb58FybLvSXsubUcCwPw=,992.0
consensus_latency,EVUZdfvPuyvS6kSG9KZYJ9tCtQ+ja0+t1t2LUxb1LIE=,991.0
consensus_latency,PpsC6H/M26Ek9HeeNxxI3+1Aj6IeGdtxLei026dLofU=,991.0
consensus_latency,ZB8OfJAVVGcMfS7RlrQCJ3eG8NkHRhd6Fx7jIVsUxpk=,991.0
consensus_latency,a7iGORE+aAWwAqpndAmpu67eSLwIDauUZK6PQjCmw1c=,991.0
consensus_latency,1c/w9xBP1g3Qs4+1Opn0/oq8mtq5O/ZqDbWVfz0frIY=,991.0
consensus_latency,V5wa6tdg92UrUU3XOLahmJetZMKuhksuZHtn2BEBjho=,726.0
consensus_latency,uVBYNGj1e55zMUn587Vc/F0C17b78zawG3C0tLOXBwU=,726.0
consensus_latency,0T5Wz+e2nE5dFVf2E4E/JMeMcoFkQMVynocAKa5XF04=,726.0
consensus_latency,0cdcA5I5EzjL48p6fkxKbq9DAK675QPV/MybRRhcBtc=,726.0
consensus_latency,5izdR1LX+ToHYFhEMZGI5VPx9YFx5fiKJ97kvrSHRNg=,726.0
consensus_latency,5uPfJYc25qjHrTYVSihLQUNv66sMndrbS+VfG8NP5Ls=,726.0
consensus_latency,AgJDzyy13lYTRpQYTz1yeIrLfG8ROh9qjkV41ErgDs0=,1064.0
consensus_latency,QRpgEe4dYYYByKNZ9JRr3oVkic6Cru3pTY1fBiubS0Y=,1064.0
consensus_latency,aY9XXHi7FLuPXKuY8VW/y4HdtQvSEnLakHMvK1GPGiM=,1064.0
consensus_latency,qpRSakDe0/EVdjsRrioQKbZ2f+/85MDBz74Plw2mkCc=,1065.0
consensus_latency,uKturPW1kaf/cm9rv/2qZ9P/rM2Z0oq7zaFO1kv4Vlk=,1065.0
consensus_latency,4ZxILpKK3QDKSuvkKHLTTXvemvzphkfWwZpemoxrEK0=,1065.0
consensus_latency,DYN4D/uElMafQ1Z95BtRJzJeLoZ0K9d3cyg73L672ic=,1071.0
consensus_latency,UigqkkHnEVuAmFnf8IGi0vxM9caC68ClYIhj8uEiQHI=,1071.0
consensus_latency,U2l2+2v18IsPPWKR1zK9AMXJ4NUU0ZE++yYFk5j+wko=,1071.0
consensus_latency,kC+stqXqResK0AemDPBKoqbxkZVnT87fRQWpNDNRSkU=,1071.0
consensus_latency,y2Onto1m2mn8+g7VM3xtVwk/9XzT891L2FrT0f4vkqI=,1071.0
consensus_latency,E3eQY8Le1qMRSJeBQQtaBwIa1xGhwQbydEI1fOlYVeM=,1067.0
consensus_latency,NGsU643LCIMsoOpPVxiKlAHV0E9aztzCJM4f9ptcVCw=,1067.0
consensus_latency,PZlXJh2SijhbiCl5fNLC1/OVAsMwat/VkLvOptnFO+Q=,1067.0
consensus_latency,oW/gH7Ke8G9UvqJ5KzjCDP/S4ffYpX+VqgaQZzXj2KE=,1067.0
consensus_latency,2zGNV5vTQ0EoZHPmi5lQH5deG3j8z83ZcR+U5wn/mqM=,1067.0
consensus_latency,IO4AfkFfiSF0Mkau1nzpUe/r2YzrsNsfR90390eSErc=,1067.0
consensus_latency,dm7Qk+G7ckstmTj7b71iZcthv3fJZexyK6VHVvXYEH4=,1067.0
consensus_latency,hHf1+8bG8YID3KhzvrW/VaQtJUzjiflmxpert2ll1yg=,1067.0
consensus_latency,w/WgBlwGp8d+KUh4MLGOrYPEk0ukztuDCXWhUmYA76c=,1067.0
consensus_latency,/85a++18LSK86siilinCJTPHwsUkccRqBRlrHS2wuOk=,1067.0
consensus_latency,EeRy6FU4eutWH8Yfcbc6V0WUK1cGtLWI/epG0JTkOB0=,1066.0
consensus_latency,fXLZlmRA4Lhnb1m3AMxelUaYdq8OO8KDS4shgJyFI0Q=,1066.0
consensus_latency,g06t8JFea5kQca7Zmd/i0DLv2TPhE7Y+tl+19NUZl7E=,1066.0
consensus_latency,sJ3lSyiNiYBAB5iBIQrbsog6k0foaf2KHNI1PzSXzcE=,1066.0
consensus_latency,z2i5keABGjJlN//eCqsgcmmJbY/4KwQ1xQvrWQZxK0c=,1066.0
consensus_latency,COuTG1Efb1RIEMPmccaaYcQ7WqLYOcS9M3+KL2h3K84=,1068.0
consensus_latency,RFJfxm/gYRKOjI/ARPDbRkupm0pHe5DIcfQxyETHW6c=,1068.0
consensus_latency,bqzBkGSzx81OehtvvzcMlMcMquHM4u2m7JTW2YKjMrU=,1068.0
consensus_latency,hSAOyLzDcVeKHcAz2f/N9DzPvDCuE+X+WnqUeODxV/Q=,1068.0
consensus_latency,lgdaU+XCdZ+KgOtmtm7ee5rWQ2+MS2oP83q4/OyJzXg=,1068.0
consensus_latency,p+woYA1hB0R3Ar9s4KlN2+Pw+5qF7PkjK6Z0nn0E6XY=,1068.0
consensus_latency,RKG+PfvjbaDQ1Kbc8wCfNYyyFckWIgfO29QnMq3WbjI=,1066.0
consensus_latency,kJwc7oc4OaAWHtdTjvgQ4FX0qK1hlxe5IV0WydfNy30=,1066.0
consensus_latency,y03IyiPCHZsWt+A9CkoVPVSwMwmXFicjAAMy11qdzLQ=,1066.0
consensus_latency,3/Hywqla7CRBoFh9cKNjnZcbLQXkCjRy1f+g1q4mL9E=,1066.0
consensus_latency,/0mYeKW8GjIkiSCw0erSLioGz3ASqSAXLcrA00FPjkA=,1066.0
consensus_latency,KowM/5X7ddIrcLlJRTWeqxHlt1B1RCJ+I32DFqtKDOQ=,1064.0
consensus_latency,ka1HZ3NXUKRiZsrLxzUtWCod1KaLtqkemdeEx1uo6Z0=,1064.0
consensus_latency,vbvjCzN1UrGljJ2Y4ti+hCuyeHD2zBDjFRgxjUdVzdE=,1064.0
consensus_latency,6e+sCOWzG3SECnpf2+es9wpTrTDkGfXx/b9lgKZt81Q=,1064.0
consensus_latency,K+Y1Zsb1lhrVlW2FsWmmbxM4i6+mPid1vbuaC1lCs60=,806.0
consensus_latency,X3G1GVQA116J1LcO52yNXIl/JhYTlw1MzwNyONkZsKg=,806.0
consensus_latency,dyd/mJxEiCxsIJA4L+lpzuzCtvN0c1dIDj9XkviraTA=,806.0
consensus_latency,nLI0I7WwZyH1T+B+iXNBXWCvGJVqw2IH3eji/2Zp1kc=,806.0
consensus_latency,7l2VWR/D2Sx+hFB1SiV9igWci/xAsa3OWtBDHrnNe/c=,806.0
consensus_latency,CuhpQok12XfjeRb22FiwFEjxFgfBTtMZQMiUPNj2zQ4=,811.0
consensus_latency,Zf9hJuDiA9xfPlGguxMezEfFamwOcW7/Cko4DFRLyxM=,811.0
consensus_latency,aZhHAGAnymG+pvVMGCk4jKVmPYF/g5j+RTr2ijOtZ9E=,811.0
consensus_latency,kxHCfENJEuvU3V2hY5I6fhnuj9cdoKQHO48b6MquGAA=,811.0
consensus_latency,Uo0y8nX5WIL7NORrV3aX1RHqn4zKkpbsql3MkvB7KhY=,809.0
consensus_latency,U81m9Wq86vKlmJtNcerxHge751MNWt/AzQOrdbaGZI4=,809.0
consensus_latency,+gBIRALaQEqyhThugZx+u/42LPw7h+Y4yV9y6NN9IHc=,809.0
consensus_latency,I5j/Xe+AEi4BFHAI4QwQ4Jth7kU0gLvX7g61+k9+3NE=,806.0
consensus_latency,hBtvwPMJ1EVuY3A80Jg0cZdTz1lLPnR8PiAPjjV8vws=,806.0
consensus_latency,kGGOpk5cyIXJ24DvI4ZeKBKQh7o69BnYB8W7ZEoIpLg=,806.0
consensus_latency,oHPzd2PEZLBUxL4ZnWdEs9kbh2vJkGubUXjkq2jf8ds=,806.0
consensus_latency,sTtcXwmKdVHc5BTAqOI5/DbSEm4PWhtXyqhVSmi5VXM=,806.0
consensus_latency,MOVFREsGaigAv+eAxuU8vo3I0E2TdF8NqDbC9RSlWJs=,808.0
consensus_latency,g9EyKbGdp84WUziQTHOZTU+LAmzlPZjdXq/3oew3Srs=,807.0
consensus_latency,2ZvXQ0qJofFnolDPpNW+kSJ78QVggh7rw5fX6YQNVUA=,807.0
consensus_latency,9Zz+h59/FbQwNVj/55OnKpi6Nu+8zrThH7E2lt/rEPQ=,807.0
consensus_latency,9gxVvMJ5RmboTBI61KDm8RkT//cvhDbJjaXR0g/P6GA=,807.0
consensus_latency,O24teuUe630Aj9yOmc+lVvTOtIRuwpxOyaTIEpuGBc8=,808.0
consensus_latency,SMGaiKU5Wr1Oxs6WXfx3JeWeEwBELfJXmrjk831Y+6k=,808.0
consensus_latency,nTkruUnX7jbFLW2UqitHFdi3OHdaVN1pTz4hHHSP3xs=,808.0
consensus_latency,6qfsdtcq+vhUbZlxP3qBlnx77EkcHKbZGhHTiPkQcdg=,808.0
consensus_latency,+JewVrQink0/+jfPxdJTYqKqBxRvfPhNKxFmRw0mBj4=,808.0
consensus_latency,Hah4h/xZsVTDkKlwDNiBoJSy3U6qkROGH9tPW5Trjg8=,807.0
consensus_latency,U5koOrizfUGKfKcwQDhhjryeAul4E5GBx+SczYkKu/g=,807.0
consensus_latency,tc5Yl9V8TgbwvR1TRvZLK8QMtNhoPK/auXdxzHijnk8=,807.0
consensus_latency,3LPSSbc/pzU8eyouy4qTLkljhbWvuex3qLHokeCIvEA=,807.0
consensus_latency,AsfDn0GBvp5L0vFkbAW8bvpX2+xvKqdVJVLSofa62TU=,580.0
consensus_latency,ROCyVrsP7TFXZO+L06AWC+Vewb3Vw6n6ABIuXflKX8s=,580.0
consensus_latency,YaOEqwZA9GZ7rdoV6qGC8jOMIVm/FRarsQA817zgaD4=,580.0
consensus_latency,vbeWFIBC3+QJmCkzlQpH6iKSeH8Hsp4TKpa2zd5WzMI=,580.0
end_to_end_latency,0,1494.0
end_to_end_latency,1,1445.0
end_to_end_latency,2,1394.0
end_to_end_latency,3,1344.0
end_to_end_latency,4,1295.0
end_to_end_latency,5,1244.0
end_to_end_latency,6,1195.0
end_to_end_latency,7,1144.0
end_to_end_latency,8,1094.0
end_to_end_latency,9,2259.0
end_to_end_latency,10,2209.0
end_to_end_latency,11,2160.0
end_to_end_latency,12,2109.0
end_to_end_latency,13,2060.0
end_to_end_latency,14,2009.0
end_to_end_latency,15,1959.0
end_to_end_latency,16,1909.0
end_to_end_latency,17,1859.0
end_to_end_latency,18,1810.0
end_to_end_latency,19,1760.0
end_to_end_latency,20,1711.0
end_to_end_latency,21,1660.0
end_to_end_latency,22,1610.0
end_to_end_latency,23,1561.0
end_to_end_latency,24,1512.0
end_to_end_latency,25,1461.0
end_to_end_latency,26,1412.0
end_to_end_latency,27,1361.0
end_to_end_latency,28,1311.0
end_to_end_latency,29,1261.0
end_to_end_latency,30,1211.0
end_to_end_latency,31,1161.0
end_to_end_latency,32,1111.0
end_to_end_latency,33,1061.0
end_to_end_latency,34,2033.0
end_to_end_latency,35,1983.0
end_to_end_latency,36,1933.0
end_to_end_latency,37,1883.0
end_to_end_latency,38,1834.0
end_to_end_latency,39,1785.0
end_to_end_latency,40,1734.0
end_to_end_latency,41,1685.0
end_to_end_latency,42,1634.0
end_to_end_latency,43,1584.0
end_to_end_latency,44,1534.0
end_to_end_latency,45,1484.0
end_to_end_latency,46,1434.0
end_to_end_latency,47,1384.0
end_to_end_latency,48,1335.0
end_to_end_latency,49,1285.0
end_to_end_latency,50,1235.0
end_to_end_latency,51,1185.0
end_to_end_latency,52,1135.0
end_to_end_latency,53,1426.0
end_to_end_latency,54,1377.0
end_to_end_latency,55,1326.0
end_to_end_latency,56,1276.0
end_to_end_latency,57,1227.0
end_to_end_latency,58,1176.0
end_to_end_latency,59,1127.0
end_to_end_latency,60,1077.0
end_to_end_latency,61,1027.0
end_to_end_latency,62,977.0
end_to_end_latency,63,927.0
end_to_end_latency,64,1580.0
end_to_end_latency,65,1530.0
end_to_end_latency,66,1480.0
end_to_end_latency,67,1430.0
end_to_end_latency,68,1380.0
end_to_end_latency,69,1330.0
end_to_end_latency,70,1280.0
end_to_end_latency,71,1231.0
end_to_end_latency,72,1180.0
end_to_end_latency,73,1130.0
end_to_end_latency,74,1080.0
end_to_end_latency,75,1338.0
end_to_end_latency,76,1288.0
end_to_end_latency,77,1238.0
end_to_end_latency,78,1188.0
end_to_end_latency,79,1138.0
end_to_end_latency,80,1089.0
end_to_end_latency,81,1039.0
end_to_end_latency,82,989.0
end_to_end_latency,83,939.0
end_to_end_latency,84,888.0
end_to_end_latency,85,2389.0
end_to_end_latency,86,2339.0
end_to_end_latency,87,2289.0
end_to_end_latency,88,2239.0
end_to_end_latency,89,2189.0
end_to_end_latency,90,2139.0
end_to_end_latency,91,2089.0
end_to_end_latency,92,2039.0
end_to_end_latency,93,1989.0
end_to_end_latency,94,1939.0
end_to_end_latency,95,1890.0
end_to_end_latency,96,1840.0
end_to_end_latency,97,1790.0
end_to_end_latency,98,1740.0
end_to_end_latency,99,1690.0
end_to_end_latency,100,1640.0
end_to_end_latency,101,1590.0
end_to_end_latency,102,1540.0
end_to_end_latency,103,1490.0
end_to_end_latency,104,1440.0
end_to_end_latency,105,1390.0
end_to_end_latency,106,1340.0
end_to_end_latency,107,1290.0
end_to_end_latency,108,1240.0
end_to_end_latency,109,1190.0
end_to_end_latency,110,1140.0
end_to_end_latency,111,1091.0
end_to_end_latency,112,1041.0
end_to_end_latency,113,991.0
end_to_end_latency,114,940.0
end_to_end_latency,115,890.0
end_to_end_latency,116,1682.0
end_to_end_latency,117,1633.0
end_to_end_latency,118,1582.0
end_to_end_latency,119,1532.0
end_to_end_latency,120,1482.0
end_to_end_latency,121,1432.0
end_to_end_latency,122,1382.0
end_to_end_latency,123,1331.0
end_to_end_latency,124,1281.0
end_to_end_latency,125,1564.0
end_to_end_latency,126,1514.0
end_to_end_latency,127,1464.0
end_to_end_latency,128,1413.0
end_to_end_latency,129,1364.0
end_to_end_latency,130,1314.0
end_to_end_latency,131,1264.0
end_to_end_latency,132,1215.0
end_to_end_latency,133,1165.0
end_to_end_latency,134,1114.0
end_to_end_latency,135,1065.0
end_to_end_latency,136,2399.0
end_to_end_latency,137,2350.0
end_to_end_latency,138,2300.0
end_to_end_latency,139,2249.0
end_to_end_latency,140,2200.0
end_to_end_latency,141,2150.0
end_to_end_latency,142,2101.0
end_to_end_latency,143,2051.0
end_to_end_latency,144,2000.0
end_to_end_latency,145,1951.0
end_to_end_latency,146,1901.0
end_to_end_latency,147,1851.0
end_to_end_latency,148,1801.0
end_to_end_latency,149,1750.0
end_to_end_latency,150,1701.0
end_to_end_latency,151,1651.0
end_to_end_latency,152,1601.0
end_to_end_latency,153,1551.0
end_to_end_latency,154,1500.0
end_to_end_latency,155,1451.0
end_to_end_latency,156,1400.0
end_to_end_latency,157,1351.0
end_to_end_latency,158,1301.0
end_to_end_latency,159,1252.0
end_to_end_latency,160,1201.0
end_to_end_latency,161,1151.0
end_to_end_latency,162,1102.0
end_to_end_latency,163,1051.0
end_to_end_latency,164,1002.0
end_to_end_latency,165,952.0
end_to_end_latency,166,902.0
end_to_end_latency,167,852.0
end_to_end_latency,168,1487.0
end_to_end_latency,169,1437.0
end_to_end_latency,170,1386.0
end_to_end_latency,171,1337.0
end_to_end_latency,172,1288.0
end_to_end_latency,173,1238.0
end_to_end_latency,174,1188.0
end_to_end_latency,175,1138.0
end_to_end_latency,176,1087.0
end_to_end_latency,177,1037.0
end_to_end_latency,178,1488.0
end_to_end_latency,179,1438.0
end_to_end_latency,180,1387.0
end_to_end_latency,181,1338.0
end_to_end_latency,182,1288.0
end_to_end_latency,183,1238.0
end_to_end_latency,184,1189.0
end_to_end_latency,185,1139.0
end_to_end_latency,186,1088.0
end_to_end_latency,187,1039.0
end_to_end_latency,188,989.0
end_to_end_latency,189,2109.0
end_to_end_latency,190,2060.0
end_to_end_latency,191,2009.0
end_to_end_latency,192,1960.0
end_to_end_latency,193,1909.0
end_to_end_latency,194,1860.0
end_to_end_latency,195,1810.0
end_to_end_latency,196,1760.0
end_to_end_latency,197,1709.0
end_to_end_latency,198,1661.0
end_to_end_latency,199,1611.0
end_to_end_latency,200,1560.0
end_to_end_latency,201,1510.0
end_to_end_latency,202,1461.0
end_to_end_latency,203,1411.0
end_to_end_latency,204,1362.0
end_to_end_latency,205,1312.0
end_to_end_latency,206,1261.0
end_to_end_latency,207,1212.0
end_to_end_latency,208,1161.0
end_to_end_latency,209,1309.0
end_to_end_latency,210,1259.0
end_to_end_latency,211,1209.0
end_to_end_latency,212,1158.0
end_to_end_latency,213,1109.0
end_to_end_latency,214,1060.0
end_to_end_latency,215,1009.0
end_to_end_latency,216,960.0
end_to_end_latency,217,909.0
end_to_end_latency,218,860.0
end_to_end_latency,219,1505.0
end_to_end_latency,220,1455.0
end_to_end_latency,221,1406.0
end_to_end_latency,222,1355.0
end_to_end_latency,223,1306.0
end_to_end_latency,224,1256.0
end_to_end_latency,225,1207.0
end_to_end_latency,226,1157.0
end_to_end_latency,227,1106.0
end_to_end_latency,228,1057.0
end_to_end_latency,229,1525.0
end_to_end_latency,230,1475.0
end_to_end_latency,231,1426.0
end_to_end_latency,232,1375.0
end_to_end_latency,233,1325.0
end_to_end_latency,234,1276.0
end_to_end_latency,235,1226.0
end_to_end_latency,236,1176.0
end_to_end_latency,237,1125.0
end_to_end_latency,238,1076.0
end_to_end_latency,239,1026.0
end_to_end_latency,240,2137.0
end_to_end_latency,241,2088.0
end_to_end_latency,242,2038.0
end_to_end_latency,243,1987.0
end_to_end_latency,244,1939.0
end_to_end_latency,245,1889.0
end_to_end_latency,246,1839.0
end_to_end_latency,247,1788.0
end_to_end_latency,248,1738.0
end_to_end_latency,249,1688.0
end_to_end_latency,250,1639.0
end_to_end_latency,251,1589.0
end_to_end_latency,252,1538.0
end_to_end_latency,253,1489.0
end_to_end_latency,254,1439.0
end_to_end_latency,255,1390.0
end_to_end_latency,256,1340.0
end_to_end_latency,257,1290.0
end_to_end_latency,258,1240.0
end_to_end_latency,259,1189.0
end_to_end_latency,260,1343.0
end_to_end_latency,261,1292.0
end_to_end_latency,262,1243.0
end_to_end_latency,263,1192.0
end_to_end_latency,264,1142.0
end_to_end_latency,265,1094.0
end_to_end_latency,266,1044.0
end_to_end_latency,267,994.0
end_to_end_latency,268,943.0
end_to_end_latency,269,894.0
end_to_end_latency,270,1724.0
end_to_end_latency,271,1673.0
end_to_end_latency,272,1624.0
end_to_end_latency,273,1573.0
end_to_end_latency,274,1523.0
end_to_end_latency,275,1474.0
end_to_end_latency,276,1425.0
end_to_end_latency,277,1375.0
end_to_end_latency,278,1324.0
end_to_end_latency,279,1274.0
end_to_end_latency,280,1560.0
end_to_end_latency,281,1509.0
end_to_end_latency,282,1459.0
end_to_end_latency,283,1410.0
end_to_end_latency,284,1359.0
end_to_end_latency,285,1310.0
end_to_end_latency,286,1260.0
end_to_end_latency,287,1210.0
end_to_end_latency,288,1161.0
end_to_end_latency,289,1110.0
end_to_end_latency,290,1060.0
end_to_end_latency,291,1011.0
end_to_end_latency,292,1995.0
end_to_end_latency,293,1944.0
end_to_end_latency,294,1894.0
end_to_end_latency,295,1844.0
end_to_end_latency,296,1795.0
end_to_end_latency,297,1746.0
end_to_end_latency,298,1695.0
end_to_end_latency,299,1645.0
end_to_end_latency,300,1596.0
end_to_end_latency,301,1546.0
end_to_end_latency,302,1496.0
end_to_end_latency,303,1446.0
end_to_end_latency,304,1396.0
end_to_end_latency,305,1347.0
end_to_end_latency,306,1297.0
end_to_end_latency,307,1247.0
end_to_end_latency,308,1197.0
end_to_end_latency,309,1147.0
end_to_end_latency,310,1097.0
end_to_end_latency,311,1047.0
end_to_end_latency,312,1407.0
end_to_end_latency,313,1355.0
end_to_end_latency,314,1307.0
end_to_end_latency,315,1256.0
end_to_end_latency,316,1206.0
end_to_end_latency,317,1156.0
end_to_end_latency,318,1106.0
end_to_end_latency,319,1057.0
end_to_end_latency,320,1007.0
end_to_end_latency,321,956.0
end_to_end_latency,322,1725.0
end_to_end_latency,323,1675.0
end_to_end_latency,324,1625.0
end_to_end_latency,325,1576.0
end_to_end_latency,326,1526.0
end_to_end_latency,327,1476.0
end_to_end_latency,328,1426.0
end_to_end_latency,329,1376.0
end_to_end_latency,330,1326.0
end_to_end_latency,331,1276.0
end_to_end_latency,332,1226.0
end_to_end_latency,333,1332.0
end_to_end_latency,334,1282.0
end_to_end_latency,335,1232.0
end_to_end_latency,336,1182.0
end_to_end_latency,337,1132.0
end_to_end_latency,338,1083.0
end_to_end_latency,339,1033.0
end_to_end_latency,340,984.0
end_to_end_latency,341,933.0
end_to_end_latency,342,883.0
end_to_end_latency,343,2052.0
end_to_end_latency,344,2003.0
end_to_end_latency,345,1952.0
end_to_end_latency,346,1902.0
end_to_end_latency,347,1852.0
end_to_end_latency,348,1803.0
end_to_end_latency,349,1754.0
end_to_end_latency,350,1703.0
end_to_end_latency,351,1653.0
end_to_end_latency,352,1603.0
end_to_end_latency,353,1553.0
end_to_end_latency,354,1503.0
end_to_end_latency,355,1453.0
end_to_end_latency,356,1403.0
end_to_end_latency,357,1353.0
end_to_end_latency,358,1303.0
end_to_end_latency,359,1254.0
end_to_end_latency,360,1204.0
end_to_end_latency,361,1154.0
end_to_end_latency,362,1104.0
end_to_end_latency,363,1578.0
end_to_end_latency,364,1528.0
end_to_end_latency,365,1478.0
end_to_end_latency,366,1428.0
end_to_end_latency,367,1378.0
end_to_end_latency,368,1328.0
end_to_end_latency,369,1280.0
end_to_end_latency,370,1230.0
end_to_end_latency,371,1179.0
end_to_end_latency,372,1129.0
end_to_end_latency,373,1079.0
end_to_end_latency,374,1715.0
end_to_end_latency,375,1665.0
end_to_end_latency,376,1615.0
end_to_end_latency,377,1565.0
end_to_end_latency,378,1515.0
end_to_end_latency,379,1465.0
end_to_end_latency,380,1416.0
end_to_end_latency,381,1366.0
end_to_end_latency,382,1316.0
end_to_end_latency,383,1266.0
end_to_end_latency,384,1363.0
end_to_end_latency,385,1313.0
end_to_end_latency,386,1263.0
end_to_end_latency,387,1213.0
end_to_end_latency,388,1163.0
end_to_end_latency,389,1113.0
end_to_end_latency,390,1063.0
end_to_end_latency,391,1013.0
end_to_end_latency,392,963.0
end_to_end_latency,393,913.0
end_to_end_latency,394,863.0
end_to_end_latency,395,2022.0
end_to_end_latency,396,1973.0
end_to_end_latency,397,1923.0
end_to_end_latency,398,1872.0
end_to_end_latency,399,1823.0
end_to_end_latency,400,1774.0
end_to_end_latency,401,1724.0
end_to_end_latency,402,1673.0
end_to_end_latency,403,1624.0
end_to_end_latency,404,1575.0
end_to_end_latency,405,1525.0
end_to_end_latency,406,1475.0
end_to_end_latency,407,1425.0
end_to_end_latency,408,1375.0
end_to_end_latency,409,1325.0
end_to_end_latency,410,1276.0
end_to_end_latency,411,1226.0
end_to_end_latency,412,1176.0
end_to_end_latency,413,1126.0
end_to_end_latency,414,1076.0
end_to_end_latency,415,1026.0
end_to_end_latency,416,1339.0
end_to_end_latency,417,1289.0
end_to_end_latency,418,1240.0
end_to_end_latency,419,1189.0
end_to_end_latency,420,1141.0
end_to_end_latency,421,1091.0
end_to_end_latency,422,1041.0
end_to_end_latency,423,991.0
end_to_end_latency,424,941.0
end_to_end_latency,425,891.0
end_to_end_latency,426,841.0
end_to_end_latency,427,1650.0
end_to_end_latency,428,1601.0
end_to_end_latency,429,1551.0
end_to_end_latency,430,1501.0
end_to_end_latency,431,1452.0
end_to_end_latency,432,1402.0
end_to_end_latency,433,1352.0
end_to_end_latency,434,1302.0
end_to_end_latency,435,1252.0
end_to_end_latency,436,1201.0
end_to_end_latency,437,1360.0
end_to_end_latency,438,1310.0
end_to_end_latency,439,1259.0
end_to_end_latency,440,1210.0
end_to_end_latency,441,1161.0
end_to_end_latency,442,1111.0
end_to_end_latency,443,1061.0
end_to_end_latency,444,1011.0
end_to_end_latency,445,961.0
end_to_end_latency,446,911.0
end_to_end_latency,447,861.0
end_to_end_latency,448,2015.0
end_to_end_latency,449,1965.0
end_to_end_latency,450,1915.0
end_to_end_latency,451,1866.0
end_to_end_latency,452,1816.0
end_to_end_latency,453,1765.0
end_to_end_latency,454,1716.0
end_to_end_latency,455,1666.0
end_to_end_latency,456,1616.0
end_to_end_latency,457,1566.0
end_to_end_latency,458,1517.0
end_to_end_latency,459,1466.0
end_to_end_latency,460,1417.0
end_to_end_latency,461,1366.0
end_to_end_latency,462,1317.0
end_to_end_latency,463,1266.0
end_to_end_latency,464,1218.0
end_to_end_latency,465,1168.0
end_to_end_latency,466,1117.0
end_to_end_latency,467,1068.0
end_to_end_latency,468,1525.0
end_to_end_latency,469,1475.0
end_to_end_latency,470,1426.0
end_to_end_latency,471,1376.0
end_to_end_latency,472,1326.0
end_to_end_latency,473,1277.0
end_to_end_latency,474,1226.0
end_to_end_latency,475,1177.0
end_to_end_latency,476,1126.0
end_to_end_latency,477,1077.0
end_to_end_latency,478,1026.0
end_to_end_latency,479,1486.0
end_to_end_latency,480,1436.0
end_to_end_latency,481,1385.0
end_to_end_latency,482,1336.0
end_to_end_latency,483,1285.0
end_to_end_latency,484,1236.0
end_to_end_latency,485,1186.0
end_to_end_latency,486,1135.0
end_to_end_latency,487,1087.0
end_to_end_latency,488,1037.0
end_to_end_latency,489,1494.0
end_to_end_latency,490,1445.0
end_to_end_latency,491,1394.0
end_to_end_latency,492,1345.0
end_to_end_latency,493,1295.0
end_to_end_latency,494,1246.0
end_to_end_latency,495,1196.0
end_to_end_latency,496,1145.0
end_to_end_latency,497,1096.0
end_to_end_latency,498,1045.0
end_to_end_latency,499,2165.0
end_to_end_latency,500,2114.0
end_to_end_latency,501,2065.0
end_to_end_latency,502,2014.0
end_to_end_latency,503,1965.0
end_to_end_latency,504,1915.0
end_to_end_latency,505,1866.0
end_to_end_latency,506,1816.0
end_to_end_latency,507,1765.0
end_to_end_latency,508,1716.0
end_to_end_latency,509,1666.0
end_to_end_latency,510,1616.0
end_to_end_latency,511,1567.0
end_to_end_latency,512,1517.0
end_to_end_latency,513,1466.0
end_to_end_latency,514,1416.0
end_to_end_latency,515,1368.0
end_to_end_latency,516,1317.0
end_to_end_latency,517,1267.0
end_to_end_latency,518,1218.0
end_to_end_latency,519,1167.0
end_to_end_latency,520,1318.0
end_to_end_latency,521,1267.0
end_to_end_latency,522,1218.0
end_to_end_latency,523,1167.0
end_to_end_latency,524,1119.0
end_to_end_latency,525,1068.0
end_to_end_latency,526,1018.0
end_to_end_latency,527,969.0
end_to_end_latency,528,918.0
end_to_end_latency,529,1550.0
end_to_end_latency,530,1500.0
end_to_end_latency,531,1451.0
end_to_end_latency,532,1400.0
end_to_end_latency,533,1350.0
end_to_end_latency,534,1301.0
end_to_end_latency,535,1252.0
end_to_end_latency,536,1201.0
end_to_end_latency,537,1152.0
end_to_end_latency,538,1102.0
end_to_end_latency,539,1051.0
end_to_end_latency,540,1340.0
end_to_end_latency,541,1289.0
end_to_end_latency,542,1238.0
end_to_end_latency,543,1190.0
end_to_end_latency,544,1139.0
end_to_end_latency,545,1089.0
end_to_end_latency,546,1039.0
end_to_end_latency,547,989.0
end_to_end_latency,548,939.0
end_to_end_latency,549,890.0
end_to_end_latency,550,2194.0
end_to_end_latency,551,2145.0
end_to_end_latency,552,2095.0
end_to_end_latency,553,2044.0
end_to_end_latency,554,1994.0
end_to_end_latency,555,1945.0
end_to_end_latency,556,1894.0
end_to_end_latency,557,1844.0
end_to_end_latency,558,1794.0
end_to_end_latency,559,1744.0
end_to_end_latency,560,1695.0
end_to_end_latency,561,1644.0
end_to_end_latency,562,1594.0
end_to_end_latency,563,1544.0
end_to_end_latency,564,1495.0
end_to_end_latency,565,1445.0
end_to_end_latency,566,1395.0
end_to_end_latency,567,1345.0
end_to_end_latency,568,1295.0
end_to_end_latency,569,1245.0
end_to_end_latency,570,1531.0
end_to_end_latency,571,1482.0
end_to_end_latency,572,1431.0
end_to_end_latency,573,1381.0
end_to_end_latency,574,1332.0
end_to_end_latency,575,1281.0
end_to_end_latency,576,1231.0
end_to_end_latency,577,1181.0
end_to_end_latency,578,1131.0
end_to_end_latency,579,1081.0
end_to_end_latency,580,1031.0
end_to_end_latency,0,1525.0
end_to_end_latency,1,1474.0
end_to_end_latency,2,1425.0
end_to_end_latency,3,1374.0
end_to_end_latency,4,1325.0
end_to_end_latency,5,1274.0
end_to_end_latency,6,1225.0
end_to_end_latency,7,1174.0
end_to_end_latency,8,2339.0
end_to_end_latency,9,2289.0
end_to_end_latency,10,2239.0
end_to_end_latency,11,2190.0
end_to_end_latency,12,2139.0
end_to_end_latency,13,2090.0
end_to_end_latency,14,2039.0
end_to_end_latency,15,1989.0
end_to_end_latency,16,1939.0
end_to_end_latency,17,1890.0
end_to_end_latency,18,1839.0
end_to_end_latency,19,1790.0
end_to_end_latency,20,1740.0
end_to_end_latency,21,1690.0
end_to_end_latency,22,1640.0
end_to_end_latency,23,1590.0
end_to_end_latency,24,1541.0
end_to_end_latency,25,1491.0
end_to_end_latency,26,1441.0
end_to_end_latency,27,1391.0
end_to_end_latency,28,1341.0
end_to_end_latency,29,1292.0
end_to_end_latency,30,1243.0
end_to_end_latency,31,1193.0
end_to_end_latency,32,1143.0
end_to_end_latency,33,1092.0
end_to_end_latency,34,2064.0
end_to_end_latency,35,2013.0
end_to_end_latency,36,1963.0
end_to_end_latency,37,1913.0
end_to_end_latency,38,1863.0
end_to_end_latency,39,1813.0
end_to_end_latency,40,1763.0
end_to_end_latency,41,1713.0
end_to_end_latency,42,1663.0
end_to_end_latency,43,1613.0
end_to_end_latency,44,1564.0
end_to_end_latency,45,1514.0
end_to_end_latency,46,1464.0
end_to_end_latency,47,1414.0
end_to_end_latency,48,1364.0
end_to_end_latency,49,1315.0
end_to_end_latency,50,1264.0
end_to_end_latency,51,1214.0
end_to_end_latency,52,1164.0
end_to_end_latency,53,1114.0
end_to_end_latency,54,1406.0
end_to_end_latency,55,1356.0
end_to_end_latency,56,1306.0
end_to_end_latency,57,1256.0
end_to_end_latency,58,1206.0
end_to_end_latency,59,1156.0
end_to_end_latency,60,1106.0
end_to_end_latency,61,1057.0
end_to_end_latency,62,1007.0
end_to_end_latency,63,957.0
end_to_end_latency,64,1610.0
end_to_end_latency,65,1560.0
end_to_end_latency,66,1510.0
end_to_end_latency,67,1460.0
end_to_end_latency,68,1410.0
end_to_end_latency,69,1361.0
end_to_end_latency,70,1310.0
end_to_end_latency,71,1260.0
end_to_end_latency,72,1210.0
end_to_end_latency,73,1160.0
end_to_end_latency,74,1418.0
end_to_end_latency,75,1368.0
end_to_end_latency,76,1318.0
end_to_end_latency,77,1268.0
end_to_end_latency,78,1218.0
end_to_end_latency,79,1168.0
end_to_end_latency,80,1118.0
end_to_end_latency,81,1069.0
end_to_end_latency,82,1019.0
end_to_end_latency,83,969.0
end_to_end_latency,84,919.0
end_to_end_latency,85,2419.0
end_to_end_latency,86,2369.0
end_to_end_latency,87,2319.0
end_to_end_latency,88,2269.0
end_to_end_latency,89,2219.0
end_to_end_latency,90,2169.0
end_to_end_latency,91,2120.0
end_to_end_latency,92,2070.0
end_to_end_latency,93,2020.0
end_to_end_latency,94,1970.0
end_to_end_latency,95,1920.0
end_to_end_latency,96,1870.0
end_to_end_latency,97,1820.0
end_to_end_latency,98,1770.0
end_to_end_latency,99,1720.0
end_to_end_latency,100,1670.0
end_to_end_latency,101,1620.0
end_to_end_latency,102,1570.0
end_to_end_latency,103,1520.0
end_to_end_latency,104,1470.0
end_to_end_latency,105,1420.0
end_to_end_latency,106,1370.0
end_to_end_latency,107,1321.0
end_to_end_latency,108,1270.0
end_to_end_latency,109,1220.0
end_to_end_latency,110,1170.0
end_to_end_latency,111,1121.0
end_to_end_latency,112,1071.0
end_to_end_latency,113,1021.0
end_to_end_latency,114,970.0
end_to_end_latency,115,1762.0
end_to_end_latency,116,1712.0
end_to_end_latency,117,1662.0
end_to_end_latency,118,1612.0
end_to_end_latency,119,1562.0
end_to_end_latency,120,1512.0
end_to_end_latency,121,1463.0
end_to_end_latency,122,1413.0
end_to_end_latency,123,1363.0
end_to_end_latency,124,1313.0
end_to_end_latency,125,1263.0
end_to_end_latency,126,1544.0
end_to_end_latency,127,1494.0
end_to_end_latency,128,1444.0
end_to_end_latency,129,1394.0
end_to_end_latency,130,1344.0
end_to_end_latency,131,1294.0
end_to_end_latency,132,1246.0
end_to_end_latency,133,1196.0
end_to_end_latency,134,1146.0
end_to_end_latency,135,1097.0
end_to_end_latency,136,1045.0
end_to_end_latency,137,2380.0
end_to_end_latency,138,2330.0
end_to_end_latency,139,2280.0
end_to_end_latency,140,2229.0
end_to_end_latency,141,2181.0
end_to_end_latency,142,2131.0
end_to_end_latency,143,2081.0
end_to_end_latency,144,2032.0
end_to_end_latency,145,1981.0
end_to_end_latency,146,1931.0
end_to_end_latency,147,1881.0
end_to_end_latency,148,1831.0
end_to_end_latency,149,1781.0
end_to_end_latency,150,1731.0
end_to_end_latency,151,1682.0
end_to_end_latency,152,1632.0
end_to_end_latency,153,1582.0
end_to_end_latency,154,1532.0
end_to_end_latency,155,1481.0
end_to_end_latency,156,1432.0
end_to_end_latency,157,1382.0
end_to_end_latency,158,1332.0
end_to_end_latency,159,1282.0
end_to_end_latency,160,1231.0
end_to_end_latency,161,1182.0
end_to_end_latency,162,1131.0
end_to_end_latency,163,1082.0
end_to_end_latency,164,1032.0
end_to_end_latency,165,981.0
end_to_end_latency,166,932.0
end_to_end_latency,167,1567.0
end_to_end_latency,168,1516.0
end_to_end_latency,169,1467.0
end_to_end_latency,170,1417.0
end_to_end_latency,171,1367.0
end_to_end_latency,172,1318.0
end_to_end_latency,173,1268.0
end_to_end_latency,174,1218.0
end_to_end_latency,175,1168.0
end_to_end_latency,176,1117.0
end_to_end_latency,177,1068.0
end_to_end_latency,178,1518.0
end_to_end_latency,179,1467.0
end_to_end_latency,180,1418.0
end_to_end_latency,181,1369.0
end_to_end_latency,182,1319.0
end_to_end_latency,183,1269.0
end_to_end_latency,184,1219.0
end_to_end_latency,185,1170.0
end_to_end_latency,186,1119.0
end_to_end_latency,187,1069.0
end_to_end_latency,188,2191.0
end_to_end_latency,189,2140.0
end_to_end_latency,190,2090.0
end_to_end_latency,191,2040.0
end_to_end_latency,192,1990.0
end_to_end_latency,193,1940.0
end_to_end_latency,194,1890.0
end_to_end_latency,195,1840.0
end_to_end_latency,196,1791.0
end_to_end_latency,197,1739.0
end_to_end_latency,198,1690.0
end_to_end_latency,199,1640.0
end_to_end_latency,200,1591.0
end_to_end_latency,201,1541.0
end_to_end_latency,202,1491.0
end_to_end_latency,203,1441.0
end_to_end_latency,204,1392.0
end_to_end_latency,205,1342.0
end_to_end_latency,206,1292.0
end_to_end_latency,207,1241.0
end_to_end_latency,208,1192.0
end_to_end_latency,209,1339.0
end_to_end_latency,210,1288.0
end_to_end_latency,211,1239.0
end_to_end_latency,212,1188.0
end_to_end_latency,213,1140.0
end_to_end_latency,214,1090.0
end_to_end_latency,215,1039.0
end_to_end_latency,216,991.0
end_to_end_latency,217,940.0
end_to_end_latency,218,1587.0
end_to_end_latency,219,1537.0
end_to_end_latency,220,1487.0
end_to_end_latency,221,1437.0
end_to_end_latency,222,1387.0
end_to_end_latency,223,1856.0
end_to_end_latency,224,1805.0
end_to_end_latency,225,1756.0
end_to_end_latency,226,1706.0
end_to_end_latency,227,1656.0
end_to_end_latency,228,1606.0
end_to_end_latency,229,1555.0
end_to_end_latency,230,1506.0
end_to_end_latency,231,1456.0
end_to_end_latency,232,1406.0
end_to_end_latency,233,1356.0
end_to_end_latency,234,1306.0
end_to_end_latency,235,1258.0
end_to_end_latency,236,1207.0
end_to_end_latency,237,1157.0
end_to_end_latency,238,1107.0
end_to_end_latency,239,2217.0
end_to_end_latency,240,2167.0
end_to_end_latency,241,2118.0
end_to_end_latency,242,2068.0
end_to_end_latency,243,2017.0
end_to_end_latency,244,1967.0
end_to_end_latency,245,1919.0
end_to_end_latency,246,1869.0
end_to_end_latency,247,1818.0
end_to_end_latency,248,1769.0
end_to_end_latency,249,1720.0
end_to_end_latency,250,1669.0
end_to_end_latency,251,1620.0
end_to_end_latency,252,1570.0
end_to_end_latency,253,1520.0
end_to_end_latency,254,1471.0
end_to_end_latency,255,1419.0
end_to_end_latency,256,1370.0
end_to_end_latency,257,1320.0
end_to_end_latency,258,1270.0
end_to_end_latency,259,1422.0
end_to_end_latency,260,1372.0
end_to_end_latency,261,1322.0
end_to_end_latency,262,1272.0
end_to_end_latency,263,1223.0
end_to_end_latency,264,1173.0
end_to_end_latency,265,1123.0
end_to_end_latency,266,1074.0
end_to_end_latency,267,1024.0
end_to_end_latency,268,974.0
end_to_end_latency,269,924.0
end_to_end_latency,270,1754.0
end_to_end_latency,271,1703.0
end_to_end_latency,272,1653.0
end_to_end_latency,273,1604.0
end_to_end_latency,274,1554.0
end_to_end_latency,275,1504.0
end_to_end_latency,276,1454.0
end_to_end_latency,277,1405.0
end_to_end_latency,278,1355.0
end_to_end_latency,279,1305.0
end_to_end_latency,280,1590.0
end_to_end_latency,281,1540.0
end_to_end_latency,282,1490.0
end_to_end_latency,283,1440.0
end_to_end_latency,284,1389.0
end_to_end_latency,285,1340.0
end_to_end_latency,286,1290.0
end_to_end_latency,287,1240.0
end_to_end_latency,288,1191.0
end_to_end_latency,289,1140.0
end_to_end_latency,290,1091.0
end_to_end_latency,291,2074.0
end_to_end_latency,292,2023.0
end_to_end_latency,293,1973.0
end_to_end_latency,294,1923.0
end_to_end_latency,295,1874.0
end_to_end_latency,296,1824.0
end_to_end_latency,297,1775.0
end_to_end_latency,298,1724.0
end_to_end_latency,299,1673.0
end_to_end_latency,300,1626.0
end_to_end_latency,301,1577.0
end_to_end_latency,302,1526.0
end_to_end_latency,303,1476.0
end_to_end_latency,304,1427.0
end_to_end_latency,305,1376.0
end_to_end_latency,306,1326.0
end_to_end_latency,307,1278.0
end_to_end_latency,308,1227.0
end_to_end_latency,309,1177.0
end_to_end_latency,310,1127.0
end_to_end_latency,311,1078.0
end_to_end_latency,312,1436.0
end_to_end_latency,313,1387.0
end_to_end_latency,314,1336.0
end_to_end_latency,315,1286.0
end_to_end_latency,316,1236.0
end_to_end_latency,317,1186.0
end_to_end_latency,318,1136.0
end_to_end_latency,319,1086.0
end_to_end_latency,320,1036.0
end_to_end_latency,321,986.0
end_to_end_latency,322,936.0
end_to_end_latency,323,1706.0
end_to_end_latency,324,1655.0
end_to_end_latency,325,1606.0
end_to_end_latency,326,1555.0
end_to_end_latency,327,1506.0
end_to_end_latency,328,1457.0
end_to_end_latency,329,1407.0
end_to_end_latency,330,1357.0
end_to_end_latency,331,1306.0
end_to_end_latency,332,1256.0
end_to_end_latency,333,1363.0
end_to_end_latency,334,1313.0
end_to_end_latency,335,1262.0
end_to_end_latency,336,1212.0
end_to_end_latency,337,1164.0
end_to_end_latency,338,1113.0
end_to_end_latency,339,1064.0
end_to_end_latency,340,1013.0
end_to_end_latency,341,963.0
end_to_end_latency,342,913.0
end_to_end_latency,343,863.0
end_to_end_latency,344,2033.0
end_to_end_latency,345,1982.0
end_to_end_latency,346,1932.0
end_to_end_latency,347,1883.0
end_to_end_latency,348,1834.0
end_to_end_latency,349,1783.0
end_to_end_latency,350,1734.0
end_to_end_latency,351,1684.0
end_to_end_latency,352,1633.0
end_to_end_latency,353,1583.0
end_to_end_latency,354,1534.0
end_to_end_latency,355,1485.0
end_to_end_latency,356,1434.0
end_to_end_latency,357,1384.0
end_to_end_latency,358,1334.0
end_to_end_latency,359,1285.0
end_to_end_latency,360,1234.0
end_to_end_latency,361,1184.0
end_to_end_latency,362,1134.0
end_to_end_latency,363,1085.0
end_to_end_latency,364,1035.0
end_to_end_latency,365,1510.0
end_to_end_latency,366,1459.0
end_to_end_latency,367,1409.0
end_to_end_latency,368,1359.0
end_to_end_latency,369,1310.0
end_to_end_latency,370,1260.0
end_to_end_latency,371,1211.0
end_to_end_latency,372,1160.0
end_to_end_latency,373,1110.0
end_to_end_latency,374,1060.0
end_to_end_latency,375,1695.0
end_to_end_latency,376,1646.0
end_to_end_latency,377,1595.0
end_to_end_latency,378,1545.0
end_to_end_latency,379,1495.0
end_to_end_latency,380,1445.0
end_to_end_latency,381,1395.0
end_to_end_latency,382,1345.0
end_to_end_latency,383,1295.0
end_to_end_latency,384,1245.0
end_to_end_latency,385,1343.0
end_to_end_latency,386,1293.0
end_to_end_latency,387,1243.0
end_to_end_latency,388,1193.0
end_to_end_latency,389,1142.0
end_to_end_latency,390,1094.0
end_to_end_latency,391,1043.0
end_to_end_latency,392,993.0
end_to_end_latency,393,943.0
end_to_end_latency,394,893.0
end_to_end_latency,395,2054.0
end_to_end_latency,396,2004.0
end_to_end_latency,397,1954.0
end_to_end_latency,398,1904.0
end_to_end_latency,399,1854.0
end_to_end_latency,400,1804.0
end_to_end_latency,401,1754.0
end_to_end_latency,402,1704.0
end_to_end_latency,403,1654.0
end_to_end_latency,404,1604.0
end_to_end_latency,405,1554.0
end_to_end_latency,406,1505.0
end_to_end_latency,407,1455.0
end_to_end_latency,408,1405.0
end_to_end_latency,409,1355.0
end_to_end_latency,410,1306.0
end_to_end_latency,411,1256.0
end_to_end_latency,412,1207.0
end_to_end_latency,413,1156.0
end_to_end_latency,414,1106.0
end_to_end_latency,415,1055.0
end_to_end_latency,416,1370.0
end_to_end_latency,417,1321.0
end_to_end_latency,418,1270.0
end_to_end_latency,419,1220.0
end_to_end_latency,420,1171.0
end_to_end_latency,421,1121.0
end_to_end_latency,422,1071.0
end_to_end_latency,423,1022.0
end_to_end_latency,424,969.0
end_to_end_latency,425,920.0
end_to_end_latency,426,1731.0
end_to_end_latency,427,1681.0
end_to_end_latency,428,1631.0
end_to_end_latency,429,1581.0
end_to_end_latency,430,1532.0
end_to_end_latency,431,1482.0
end_to_end_latency,432,1432.0
end_to_end_latency,433,1382.0
end_to_end_latency,434,1333.0
end_to_end_latency,435,1282.0
end_to_end_latency,436,1440.0
end_to_end_latency,437,1390.0
end_to_end_latency,438,1341.0
end_to_end_latency,439,1290.0
end_to_end_latency,440,1240.0
end_to_end_latency,441,1190.0
end_to_end_latency,442,1141.0
end_to_end_latency,443,1092.0
end_to_end_latency,444,1041.0
end_to_end_latency,445,991.0
end_to_end_latency,446,941.0
end_to_end_latency,447,2095.0
end_to_end_latency,448,2045.0
end_to_end_latency,449,1995.0
end_to_end_latency,450,1945.0
end_to_end_latency,451,1894.0
end_to_end_latency,452,1844.0
end_to_end_latency,453,1795.0
end_to_end_latency,454,1746.0
end_to_end_latency,455,1696.0
end_to_end_latency,456,1646.0
end_to_end_latency,457,1597.0
end_to_end_latency,458,1547.0
end_to_end_latency,459,1497.0
end_to_end_latency,460,1446.0
end_to_end_latency,461,1397.0
end_to_end_latency,462,1346.0
end_to_end_latency,463,1297.0
end_to_end_latency,464,1248.0
end_to_end_latency,465,1198.0
end_to_end_latency,466,1148.0
end_to_end_latency,467,1098.0
end_to_end_latency,468,1555.0
end_to_end_latency,469,1506.0
end_to_end_latency,470,1457.0
end_to_end_latency,471,1405.0
end_to_end_latency,472,1356.0
end_to_end_latency,473,1306.0
end_to_end_latency,474,1257.0
end_to_end_latency,475,1206.0
end_to_end_latency,476,1157.0
end_to_end_latency,477,1107.0
end_to_end_latency,478,1056.0
end_to_end_latency,479,1516.0
end_to_end_latency,480,1466.0
end_to_end_latency,481,1416.0
end_to_end_latency,482,1366.0
end_to_end_latency,483,1315.0
end_to_end_latency,484,1267.0
end_to_end_latency,485,1217.0
end_to_end_latency,486,1166.0
end_to_end_latency,487,1116.0
end_to_end_latency,488,1066.0
end_to_end_latency,489,1017.0
end_to_end_latency,490,1475.0
end_to_end_latency,491,1424.0
end_to_end_latency,492,1375.0
end_to_end_latency,493,1324.0
end_to_end_latency,494,1276.0
end_to_end_latency,495,1226.0
end_to_end_latency,496,1175.0
end_to_end_latency,497,1126.0
end_to_end_latency,498,1075.0
end_to_end_latency,499,1026.0
end_to_end_latency,500,2145.0
end_to_end_latency,501,2094.0
end_to_end_latency,502,2044.0
end_to_end_latency,503,1994.0
end_to_end_latency,504,1947.0
end_to_end_latency,505,1896.0
end_to_end_latency,506,1847.0
end_to_end_latency,507,1796.0
end_to_end_latency,508,1746.0
end_to_end_latency,509,1696.0
end_to_end_latency,510,1647.0
end_to_end_latency,511,1597.0
end_to_end_latency,512,1547.0
end_to_end_latency,513,1496.0
end_to_end_latency,514,1448.0
end_to_end_latency,515,1398.0
end_to_end_latency,516,1348.0
end_to_end_latency,517,1298.0
end_to_end_latency,518,1248.0
end_to_end_latency,519,1197.0
end_to_end_latency,520,1147.0
end_to_end_latency,521,1299.0
end_to_end_latency,522,1249.0
end_to_end_latency,523,1199.0
end_to_end_latency,524,1149.0
end_to_end_latency,525,1099.0
end_to_end_latency,526,1049.0
end_to_end_latency,527,999.0
end_to_end_latency,528,949.0
end_to_end_latency,529,1582.0
end_to_end_latency,530,1532.0
end_to_end_latency,531,1482.0
end_to_end_latency,532,1432.0
end_to_end_latency,533,1382.0
end_to_end_latency,534,1332.0
end_to_end_latency,535,1619.0
end_to_end_latency,536,1569.0
end_to_end_latency,537,1519.0
end_to_end_latency,538,1470.0
end_to_end_latency,539,1420.0
end_to_end_latency,540,1369.0
end_to_end_latency,541,1320.0
end_to_end_latency,542,1270.0
end_to_end_latency,543,1219.0
end_to_end_latency,544,1170.0
end_to_end_latency,545,1120.0
end_to_end_latency,546,1069.0
end_to_end_latency,547,1020.0
end_to_end_latency,548,970.0
end_to_end_latency,549,919.0
end_to_end_latency,550,2223.0
end_to_end_latency,551,2174.0
end_to_end_latency,552,2124.0
end_to_end_latency,553,2074.0
end_to_end_latency,554,2023.0
end_to_end_latency,555,1974.0
end_to_end_latency,556,1925.0
end_to_end_latency,557,1874.0
end_to_end_latency,558,1824.0
end_to_end_latency,559,1774.0
end_to_end_latency,560,1724.0
end_to_end_latency,561,1675.0
end_to_end_latency,562,1625.0
end_to_end_latency,563,1574.0
end_to_end_latency,564,1525.0
end_to_end_latency,565,1474.0
end_to_end_latency,566,1424.0
end_to_end_latency,567,1374.0
end_to_end_latency,568,1324.0
end_to_end_latency,569,1275.0
end_to_end_latency,570,1562.0
end_to_end_latency,571,1511.0
end_to_end_latency,572,1462.0
end_to_end_latency,573,1411.0
end_to_end_latency,574,1361.0
end_to_end_latency,575,1312.0
end_to_end_latency,576,1261.0
end_to_end_latency,577,1211.0
end_to_end_latency,578,1162.0
end_to_end_latency,579,1111.0
end_to_end_latency,0,1582.0
end_to_end_latency,1,1531.0
end_to_end_latency,2,1483.0
end_to_end_latency,3,1432.0
end_to_end_latency,4,1382.0
end_to_end_latency,5,1333.0
end_to_end_latency,6,1282.0
end_to_end_latency,7,1233.0
end_to_end_latency,8,1183.0
end_to_end_latency,9,1132.0
end_to_end_latency,10,1083.0
end_to_end_latency,11,1032.0
end_to_end_latency,12,982.0
end_to_end_latency,13,933.0
end_to_end_latency,14,882.0
end_to_end_latency,15,833.0
end_to_end_latency,16,782.0
end_to_end_latency,17,733.0
end_to_end_latency,18,682.0
end_to_end_latency,19,1849.0
end_to_end_latency,20,1798.0
end_to_end_latency,21,1748.0
end_to_end_latency,22,1698.0
end_to_end_latency,23,1648.0
end_to_end_latency,24,1599.0
end_to_end_latency,25,1548.0
end_to_end_latency,26,1499.0
end_to_end_latency,27,1448.0
end_to_end_latency,28,1399.0
end_to_end_latency,29,1349.0
end_to_end_latency,30,1300.0
end_to_end_latency,31,1249.0
end_to_end_latency,32,1199.0
end_to_end_latency,33,1149.0
end_to_end_latency,34,1099.0
end_to_end_latency,35,2071.0
end_to_end_latency,36,2022.0
end_to_end_latency,37,1972.0
end_to_end_latency,38,1921.0
end_to_end_latency,39,1871.0
end_to_end_latency,40,1821.0
end_to_end_latency,41,1771.0
end_to_end_latency,42,1721.0
end_to_end_latency,43,1671.0
end_to_end_latency,44,1621.0
end_to_end_latency,45,1573.0
end_to_end_latency,46,1522.0
end_to_end_latency,47,1472.0
end_to_end_latency,48,1422.0
end_to_end_latency,49,1372.0
end_to_end_latency,50,1322.0
end_to_end_latency,51,1272.0
end_to_end_latency,52,1222.0
end_to_end_latency,53,1172.0
end_to_end_latency,54,1122.0
end_to_end_latency,55,1072.0
end_to_end_latency,56,1364.0
end_to_end_latency,57,1314.0
end_to_end_latency,58,1265.0
end_to_end_latency,59,1216.0
end_to_end_latency,60,1165.0
end_to_end_latency,61,1115.0
end_to_end_latency,62,1066.0
end_to_end_latency,63,1016.0
end_to_end_latency,64,965.0
end_to_end_latency,65,915.0
end_to_end_latency,66,865.0
end_to_end_latency,67,815.0
end_to_end_latency,68,765.0
end_to_end_latency,69,715.0
end_to_end_latency,70,1368.0
end_to_end_latency,71,1318.0
end_to_end_latency,72,1268.0
end_to_end_latency,73,1218.0
end_to_end_latency,74,1168.0
end_to_end_latency,75,1118.0
end_to_end_latency,76,1376.0
end_to_end_latency,77,1326.0
end_to_end_latency,78,1276.0
end_to_end_latency,79,1226.0
end_to_end_latency,80,1177.0
end_to_end_latency,81,1127.0
end_to_end_latency,82,1077.0
end_to_end_latency,83,1027.0
end_to_end_latency,84,977.0
end_to_end_latency,85,928.0
end_to_end_latency,86,2427.0
end_to_end_latency,87,2377.0
end_to_end_latency,88,2328.0
end_to_end_latency,89,2277.0
end_to_end_latency,90,2229.0
end_to_end_latency,91,2178.0
end_to_end_latency,92,2128.0
end_to_end_latency,93,2078.0
end_to_end_latency,94,2028.0
end_to_end_latency,95,1978.0
end_to_end_latency,96,1928.0
end_to_end_latency,97,1877.0
end_to_end_latency,98,1829.0
end_to_end_latency,99,1778.0
end_to_end_latency,100,1728.0
end_to_end_latency,101,1678.0
end_to_end_latency,102,1628.0
end_to_end_latency,103,1578.0
end_to_end_latency,104,1528.0
end_to_end_latency,105,1478.0
end_to_end_latency,106,1428.0
end_to_end_latency,107,1378.0
end_to_end_latency,108,1328.0
end_to_end_latency,109,1278.0
end_to_end_latency,110,1229.0
end_to_end_latency,111,1179.0
end_to_end_latency,112,1129.0
end_to_end_latency,113,1079.0
end_to_end_latency,114,1029.0
end_to_end_latency,115,979.0
end_to_end_latency,116,929.0
end_to_end_latency,117,879.0
end_to_end_latency,118,829.0
end_to_end_latency,119,779.0
end_to_end_latency,120,729.0
end_to_end_latency,121,1520.0
end_to_end_latency,122,1470.0
end_to_end_latency,123,1420.0
end_to_end_latency,124,1369.0
end_to_end_latency,125,1320.0
end_to_end_latency,126,1270.0
end_to_end_latency,127,1552.0
end_to_end_latency,128,1502.0
end_to_end_latency,129,1452.0
end_to_end_latency,130,1402.0
end_to_end_latency,131,1352.0
end_to_end_latency,132,1303.0
end_to_end_latency,133,1253.0
end_to_end_latency,134,1203.0
end_to_end_latency,135,1153.0
end_to_end_latency,136,1103.0
end_to_end_latency,137,2438.0
end_to_end_latency,138,2388.0
end_to_end_latency,139,2338.0
end_to_end_latency,140,2288.0
end_to_end_latency,141,2239.0
end_to_end_latency,142,2190.0
end_to_end_latency,143,2139.0
end_to_end_latency,144,2089.0
end_to_end_latency,145,2039.0
end_to_end_latency,146,1989.0
end_to_end_latency,147,1939.0
end_to_end_latency,148,1889.0
end_to_end_latency,149,1839.0
end_to_end_latency,150,1789.0
end_to_end_latency,151,1738.0
end_to_end_latency,152,1689.0
end_to_end_latency,153,1639.0
end_to_end_latency,154,1589.0
end_to_end_latency,155,1539.0
end_to_end_latency,156,1489.0
end_to_end_latency,157,1439.0
end_to_end_latency,158,1389.0
end_to_end_latency,159,1340.0
end_to_end_latency,160,1290.0
end_to_end_latency,161,1240.0
end_to_end_latency,162,1190.0
end_to_end_latency,163,1140.0
end_to_end_latency,164,1090.0
end_to_end_latency,165,1041.0
end_to_end_latency,166,989.0
end_to_end_latency,167,940.0
end_to_end_latency,168,890.0
end_to_end_latency,169,839.0
end_to_end_latency,170,790.0
end_to_end_latency,171,740.0
end_to_end_latency,172,690.0
end_to_end_latency,173,1326.0
end_to_end_latency,174,1275.0
end_to_end_latency,175,1226.0
end_to_end_latency,176,1175.0
end_to_end_latency,177,1126.0
end_to_end_latency,178,1575.0
end_to_end_latency,179,1526.0
end_to_end_latency,180,1475.0
end_to_end_latency,181,1425.0
end_to_end_latency,182,1375.0
end_to_end_latency,183,1327.0
end_to_end_latency,184,1277.0
end_to_end_latency,185,1227.0
end_to_end_latency,186,1178.0
end_to_end_latency,187,1127.0
end_to_end_latency,188,1077.0
end_to_end_latency,189,2198.0
end_to_end_latency,190,2148.0
end_to_end_latency,191,2098.0
end_to_end_latency,192,2048.0
end_to_end_latency,193,1998.0
end_to_end_latency,194,1948.0
end_to_end_latency,195,1897.0
end_to_end_latency,196,1848.0
end_to_end_latency,197,1798.0
end_to_end_latency,198,1748.0
end_to_end_latency,199,1698.0
end_to_end_latency,200,1649.0
end_to_end_latency,201,1598.0
end_to_end_latency,202,1549.0
end_to_end_latency,203,1499.0
end_to_end_latency,204,1450.0
end_to_end_latency,205,1400.0
end_to_end_latency,206,1350.0
end_to_end_latency,207,1299.0
end_to_end_latency,208,1249.0
end_to_end_latency,209,1200.0
end_to_end_latency,210,1346.0
end_to_end_latency,211,1297.0
end_to_end_latency,212,1246.0
end_to_end_latency,213,1197.0
end_to_end_latency,214,1148.0
end_to_end_latency,215,1098.0
end_to_end_latency,216,1047.0
end_to_end_latency,217,999.0
end_to_end_latency,218,947.0
end_to_end_latency,219,897.0
end_to_end_latency,220,848.0
end_to_end_latency,221,797.0
end_to_end_latency,222,748.0
end_to_end_latency,223,698.0
end_to_end_latency,224,1864.0
end_to_end_latency,225,1813.0
end_to_end_latency,226,1764.0
end_to_end_latency,227,1714.0
end_to_end_latency,228,1664.0
end_to_end_latency,229,1614.0
end_to_end_latency,230,1564.0
end_to_end_latency,231,1514.0
end_to_end_latency,232,1464.0
end_to_end_latency,233,1413.0
end_to_end_latency,234,1364.0
end_to_end_latency,235,1314.0
end_to_end_latency,236,1264.0
end_to_end_latency,237,1215.0
end_to_end_latency,238,1164.0
end_to_end_latency,239,1114.0
end_to_end_latency,240,1064.0
end_to_end_latency,241,2176.0
end_to_end_latency,242,2125.0
end_to_end_latency,243,2075.0
end_to_end_latency,244,2025.0
end_to_end_latency,245,1976.0
end_to_end_latency,246,1927.0
end_to_end_latency,247,1876.0
end_to_end_latency,248,1826.0
end_to_end_latency,249,1776.0
end_to_end_latency,250,1728.0
end_to_end_latency,251,1678.0
end_to_end_latency,252,1628.0
end_to_end_latency,253,1577.0
end_to_end_latency,254,1527.0
end_to_end_latency,255,1478.0
end_to_end_latency,256,1427.0
end_to_end_latency,257,1378.0
end_to_end_latency,258,1328.0
end_to_end_latency,259,1278.0
end_to_end_latency,260,1227.0
end_to_end_latency,261,1380.0
end_to_end_latency,262,1330.0
end_to_end_latency,263,1281.0
end_to_end_latency,264,1230.0
end_to_end_latency,265,1181.0
end_to_end_latency,266,1132.0
end_to_end_latency,267,1081.0
end_to_end_latency,268,1032.0
end_to_end_latency,269,981.0
end_to_end_latency,270,932.0
end_to_end_latency,271,881.0
end_to_end_latency,272,832.0
end_to_end_latency,273,782.0
end_to_end_latency,274,731.0
end_to_end_latency,275,682.0
end_to_end_latency,276,1512.0
end_to_end_latency,277,1463.0
end_to_end_latency,278,1412.0
end_to_end_latency,279,1363.0
end_to_end_latency,280,1312.0
end_to_end_latency,281,1262.0
end_to_end_latency,282,1548.0
end_to_end_latency,283,1498.0
end_to_end_latency,284,1448.0
end_to_end_latency,285,1399.0
end_to_end_latency,286,1348.0
end_to_end_latency,287,1299.0
end_to_end_latency,288,1248.0
end_to_end_latency,289,1198.0
end_to_end_latency,290,1148.0
end_to_end_latency,291,1099.0
end_to_end_latency,292,2082.0
end_to_end_latency,293,2033.0
end_to_end_latency,294,1983.0
end_to_end_latency,295,1932.0
end_to_end_latency,296,1883.0
end_to_end_latency,297,1832.0
end_to_end_latency,298,1783.0
end_to_end_latency,299,1732.0
end_to_end_latency,300,1684.0
end_to_end_latency,301,1633.0
end_to_end_latency,302,1585.0
end_to_end_latency,303,1535.0
end_to_end_latency,304,1485.0
end_to_end_latency,305,1435.0
end_to_end_latency,306,1385.0
end_to_end_latency,307,1336.0
end_to_end_latency,308,1285.0
end_to_end_latency,309,1236.0
end_to_end_latency,310,1185.0
end_to_end_latency,311,1136.0
end_to_end_latency,312,1085.0
end_to_end_latency,313,1444.0
end_to_end_latency,314,1394.0
end_to_end_latency,315,1344.0
end_to_end_latency,316,1294.0
end_to_end_latency,317,1245.0
end_to_end_latency,318,1194.0
end_to_end_latency,319,1145.0
end_to_end_latency,320,1094.0
end_to_end_latency,321,1044.0
end_to_end_latency,322,994.0
end_to_end_latency,323,945.0
end_to_end_latency,324,894.0
end_to_end_latency,325,844.0
end_to_end_latency,326,794.0
end_to_end_latency,327,744.0
end_to_end_latency,328,695.0
end_to_end_latency,329,1464.0
end_to_end_latency,330,1415.0
end_to_end_latency,331,1365.0
end_to_end_latency,332,1314.0
end_to_end_latency,333,1420.0
end_to_end_latency,334,1370.0
end_to_end_latency,335,1321.0
end_to_end_latency,336,1270.0
end_to_end_latency,337,1220.0
end_to_end_latency,338,1170.0
end_to_end_latency,339,1121.0
end_to_end_latency,340,1072.0
end_to_end_latency,341,1021.0
end_to_end_latency,342,972.0
end_to_end_latency,343,921.0
end_to_end_latency,344,2091.0
end_to_end_latency,345,2040.0
end_to_end_latency,346,1990.0
end_to_end_latency,347,1940.0
end_to_end_latency,348,1890.0
end_to_end_latency,349,1841.0
end_to_end_latency,350,1790.0
end_to_end_latency,351,1741.0
end_to_end_latency,352,1690.0
end_to_end_latency,353,1640.0
end_to_end_latency,354,1592.0
end_to_end_latency,355,1541.0
end_to_end_latency,356,1491.0
end_to_end_latency,357,1441.0
end_to_end_latency,358,1392.0
end_to_end_latency,359,1341.0
end_to_end_latency,360,1291.0
end_to_end_latency,361,1242.0
end_to_end_latency,362,1193.0
end_to_end_latency,363,1142.0
end_to_end_latency,364,1616.0
end_to_end_latency,365,1566.0
end_to_end_latency,366,1517.0
end_to_end_latency,367,1466.0
end_to_end_latency,368,1416.0
end_to_end_latency,369,1366.0
end_to_end_latency,370,1319.0
end_to_end_latency,371,1268.0
end_to_end_latency,372,1219.0
end_to_end_latency,373,1168.0
end_to_end_latency,374,1118.0
end_to_end_latency,375,1068.0
end_to_end_latency,376,1018.0
end_to_end_latency,377,969.0
end_to_end_latency,378,918.0
end_to_end_latency,379,868.0
end_to_end_latency,380,1504.0
end_to_end_latency,381,1454.0
end_to_end_latency,382,1404.0
end_to_end_latency,383,1354.0
end_to_end_latency,384,1304.0
end_to_end_latency,385,1401.0
end_to_end_latency,386,1351.0
end_to_end_latency,387,1301.0
end_to_end_latency,388,1251.0
end_to_end_latency,389,1201.0
end_to_end_latency,390,1151.0
end_to_end_latency,391,1101.0
end_to_end_latency,392,1051.0
end_to_end_latency,393,1001.0
end_to_end_latency,394,951.0
end_to_end_latency,395,901.0
end_to_end_latency,396,2061.0
end_to_end_latency,397,2011.0
end_to_end_latency,398,1961.0
end_to_end_latency,399,1912.0
end_to_end_latency,400,1861.0
end_to_end_latency,401,1812.0
end_to_end_latency,402,1762.0
end_to_end_latency,403,1712.0
end_to_end_latency,404,1662.0
end_to_end_latency,405,1613.0
end_to_end_latency,406,1563.0
end_to_end_latency,407,1513.0
end_to_end_latency,408,1464.0
end_to_end_latency,409,1413.0
end_to_end_latency,410,1363.0
end_to_end_latency,411,1678.0
end_to_end_latency,412,1628.0
end_to_end_latency,413,1578.0
end_to_end_latency,414,1528.0
end_to_end_latency,415,1478.0
end_to_end_latency,416,1428.0
end_to_end_latency,417,1378.0
end_to_end_latency,418,1328.0
end_to_end_latency,419,1278.0
end_to_end_latency,420,1228.0
end_to_end_latency,421,1178.0
end_to_end_latency,422,1128.0
end_to_end_latency,423,1078.0
end_to_end_latency,424,1028.0
end_to_end_latency,425,978.0
end_to_end_latency,426,928.0
end_to_end_latency,427,878.0
end_to_end_latency,428,829.0
end_to_end_latency,429,780.0
end_to_end_latency,430,729.0
end_to_end_latency,431,679.0
end_to_end_latency,432,1490.0
end_to_end_latency,433,1440.0
end_to_end_latency,434,1389.0
end_to_end_latency,435,1340.0
end_to_end_latency,436,1290.0
end_to_end_latency,437,1240.0
end_to_end_latency,438,1190.0
end_to_end_latency,439,1348.0
end_to_end_latency,440,1298.0
end_to_end_latency,441,1248.0
end_to_end_latency,442,1200.0
end_to_end_latency,443,1149.0
end_to_end_latency,444,1098.0
end_to_end_latency,445,1049.0
end_to_end_latency,446,999.0
end_to_end_latency,447,949.0
end_to_end_latency,448,2103.0
end_to_end_latency,449,2053.0
end_to_end_latency,450,2003.0
end_to_end_latency,451,1953.0
end_to_end_latency,452,1903.0
end_to_end_latency,453,1854.0
end_to_end_latency,454,1804.0
end_to_end_latency,455,1753.0
end_to_end_latency,456,1704.0
end_to_end_latency,457,1653.0
end_to_end_latency,458,1604.0
end_to_end_latency,459,1555.0
end_to_end_latency,460,1504.0
end_to_end_latency,461,1455.0
end_to_end_latency,462,1404.0
end_to_end_latency,463,1355.0
end_to_end_latency,464,1305.0
end_to_end_latency,465,1256.0
end_to_end_latency,466,1206.0
end_to_end_latency,467,1156.0
end_to_end_latency,468,1614.0
end_to_end_latency,469,1563.0
end_to_end_latency,470,1514.0
end_to_end_latency,471,1464.0
end_to_end_latency,472,1413.0
end_to_end_latency,473,1364.0
end_to_end_latency,474,1313.0
end_to_end_latency,475,1265.0
end_to_end_latency,476,1215.0
end_to_end_latency,477,1165.0
end_to_end_latency,478,1115.0
end_to_end_latency,479,1065.0
end_to_end_latency,480,1015.0
end_to_end_latency,481,965.0
end_to_end_latency,482,915.0
end_to_end_latency,483,865.0
end_to_end_latency,484,815.0
end_to_end_latency,485,1275.0
end_to_end_latency,486,1224.0
end_to_end_latency,487,1175.0
end_to_end_latency,488,1125.0
end_to_end_latency,489,1074.0
end_to_end_latency,490,1533.0
end_to_end_latency,491,1483.0
end_to_end_latency,492,1433.0
end_to_end_latency,493,1383.0
end_to_end_latency,494,1333.0
end_to_end_latency,495,1284.0
end_to_end_latency,496,1234.0
end_to_end_latency,497,1183.0
end_to_end_latency,498,1134.0
end_to_end_latency,499,2253.0
end_to_end_latency,500,2203.0
end_to_end_latency,501,2152.0
end_to_end_latency,502,2103.0
end_to_end_latency,503,2053.0
end_to_end_latency,504,2003.0
end_to_end_latency,505,1952.0
end_to_end_latency,506,1904.0
end_to_end_latency,507,1854.0
end_to_end_latency,508,1804.0
end_to_end_latency,509,1753.0
end_to_end_latency,510,1705.0
end_to_end_latency,511,1655.0
end_to_end_latency,512,1605.0
end_to_end_latency,513,1555.0
end_to_end_latency,514,1505.0
end_to_end_latency,515,1455.0
end_to_end_latency,516,1406.0
end_to_end_latency,517,1356.0
end_to_end_latency,518,1306.0
end_to_end_latency,519,1255.0
end_to_end_latency,520,1206.0
end_to_end_latency,521,1357.0
end_to_end_latency,522,1306.0
end_to_end_latency,523,1257.0
end_to_end_latency,524,1206.0
end_to_end_latency,525,1157.0
end_to_end_latency,526,1106.0
end_to_end_latency,527,1057.0
end_to_end_latency,528,1007.0
end_to_end_latency,529,956.0
end_to_end_latency,530,907.0
end_to_end_latency,531,857.0
end_to_end_latency,532,806.0
end_to_end_latency,533,757.0
end_to_end_latency,534,706.0
end_to_end_latency,535,657.0
end_to_end_latency,536,1290.0
end_to_end_latency,537,1240.0
end_to_end_latency,538,1190.0
end_to_end_latency,539,1139.0
end_to_end_latency,540,1090.0
end_to_end_latency,541,1377.0
end_to_end_latency,542,1328.0
end_to_end_latency,543,1278.0
end_to_end_latency,544,1228.0
end_to_end_latency,545,1178.0
end_to_end_latency,546,1128.0
end_to_end_latency,547,1077.0
end_to_end_latency,548,1027.0
end_to_end_latency,549,978.0
end_to_end_latency,550,928.0
end_to_end_latency,551,2231.0
end_to_end_latency,552,2182.0
end_to_end_latency,553,2131.0
end_to_end_latency,554,2082.0
end_to_end_latency,555,2033.0
end_to_end_latency,556,1982.0
end_to_end_latency,557,1932.0
end_to_end_latency,558,1883.0
end_to_end_latency,559,1832.0
end_to_end_latency,560,1783.0
end_to_end_latency,561,1732.0
end_to_end_latency,562,1682.0
end_to_end_latency,563,1633.0
end_to_end_latency,564,1582.0
end_to_end_latency,565,1532.0
end_to_end_latency,566,1483.0
end_to_end_latency,567,1434.0
end_to_end_latency,568,1383.0
end_to_end_latency,569,1333.0
end_to_end_latency,570,1283.0
end_to_end_latency,571,1570.0
end_to_end_latency,572,1519.0
end_to_end_latency,573,1468.0
end_to_end_latency,574,1418.0
end_to_end_latency,575,1369.0
end_to_end_latency,576,1319.0
end_to_end_latency,577,1269.0
end_to_end_latency,578,1220.0
end_to_end_latency,579,1169.0
end_to_end_latency,580,1120.0
end_to_end_latency,581,1069.0
end_to_end_latency,582,1019.0
end_to_end_latency,583,970.0
end_to_end_latency,584,919.0
end_to_end_latency,585,870.0
end_to_end_latency,586,819.0
end_to_end_latency,0,1555.0
end_to_end_latency,1,1504.0
end_to_end_latency,2,1455.0
end_to_end_latency,3,1404.0
end_to_end_latency,4,1354.0
end_to_end_latency,5,1304.0
end_to_end_latency,6,1254.0
end_to_end_latency,7,1204.0
end_to_end_latency,8,1155.0
end_to_end_latency,9,2319.0
end_to_end_latency,10,2270.0
end_to_end_latency,11,2219.0
end_to_end_latency,12,2169.0
end_to_end_latency,13,2119.0
end_to_end_latency,14,2069.0
end_to_end_latency,15,2019.0
end_to_end_latency,16,1969.0
end_to_end_latency,17,1919.0
end_to_end_latency,18,1870.0
end_to_end_latency,19,1821.0
end_to_end_latency,20,1771.0
end_to_end_latency,21,1721.0
end_to_end_latency,22,1670.0
end_to_end_latency,23,1620.0
end_to_end_latency,24,1571.0
end_to_end_latency,25,1521.0
end_to_end_latency,26,1471.0
end_to_end_latency,27,1421.0
end_to_end_latency,28,1372.0
end_to_end_latency,29,1322.0
end_to_end_latency,30,1272.0
end_to_end_latency,31,1222.0
end_to_end_latency,32,1172.0
end_to_end_latency,33,1123.0
end_to_end_latency,34,1072.0
end_to_end_latency,35,1022.0
end_to_end_latency,36,972.0
end_to_end_latency,37,922.0
end_to_end_latency,38,872.0
end_to_end_latency,39,1843.0
end_to_end_latency,40,1793.0
end_to_end_latency,41,1743.0
end_to_end_latency,42,1693.0
end_to_end_latency,43,1643.0
end_to_end_latency,44,1593.0
end_to_end_latency,45,1544.0
end_to_end_latency,46,1494.0
end_to_end_latency,47,1444.0
end_to_end_latency,48,1395.0
end_to_end_latency,49,1344.0
end_to_end_latency,50,1294.0
end_to_end_latency,51,1245.0
end_to_end_latency,52,1195.0
end_to_end_latency,53,1145.0
end_to_end_latency,54,1096.0
end_to_end_latency,55,1045.0
end_to_end_latency,56,1336.0
end_to_end_latency,57,1287.0
end_to_end_latency,58,1236.0
end_to_end_latency,59,1186.0
end_to_end_latency,60,1137.0
end_to_end_latency,61,1087.0
end_to_end_latency,62,1037.0
end_to_end_latency,63,987.0
end_to_end_latency,64,937.0
end_to_end_latency,65,1589.0
end_to_end_latency,66,1539.0
end_to_end_latency,67,1489.0
end_to_end_latency,68,1440.0
end_to_end_latency,69,1389.0
end_to_end_latency,70,1340.0
end_to_end_latency,71,1290.0
end_to_end_latency,72,1240.0
end_to_end_latency,73,1190.0
end_to_end_latency,74,1139.0
end_to_end_latency,75,1090.0
end_to_end_latency,76,1348.0
end_to_end_latency,77,1298.0
end_to_end_latency,78,1248.0
end_to_end_latency,79,1198.0
end_to_end_latency,80,1148.0
end_to_end_latency,81,1098.0
end_to_end_latency,82,1048.0
end_to_end_latency,83,998.0
end_to_end_latency,84,948.0
end_to_end_latency,85,898.0
end_to_end_latency,86,849.0
end_to_end_latency,87,799.0
end_to_end_latency,88,750.0
end_to_end_latency,89,699.0
end_to_end_latency,90,649.0
end_to_end_latency,91,2150.0
end_to_end_latency,92,2100.0
end_to_end_latency,93,2049.0
end_to_end_latency,94,1999.0
end_to_end_latency,95,1951.0
end_to_end_latency,96,1900.0
end_to_end_latency,97,1850.0
end_to_end_latency,98,1801.0
end_to_end_latency,99,1750.0
end_to_end_latency,100,1700.0
end_to_end_latency,101,1650.0
end_to_end_latency,102,1600.0
end_to_end_latency,103,1550.0
end_to_end_latency,104,1501.0
end_to_end_latency,105,1450.0
end_to_end_latency,106,1400.0
end_to_end_latency,107,1351.0
end_to_end_latency,108,1301.0
end_to_end_latency,109,1251.0
end_to_end_latency,110,1201.0
end_to_end_latency,111,1151.0
end_to_end_latency,112,1101.0
end_to_end_latency,113,1051.0
end_to_end_latency,114,1001.0
end_to_end_latency,115,951.0
end_to_end_latency,116,901.0
end_to_end_latency,117,1691.0
end_to_end_latency,118,1641.0
end_to_end_latency,119,1591.0
end_to_end_latency,120,1541.0
end_to_end_latency,121,1493.0
end_to_end_latency,122,1443.0
end_to_end_latency,123,1393.0
end_to_end_latency,124,1343.0
end_to_end_latency,125,1293.0
end_to_end_latency,126,1243.0
end_to_end_latency,127,1193.0
end_to_end_latency,128,1475.0
end_to_end_latency,129,1425.0
end_to_end_latency,130,1375.0
end_to_end_latency,131,1325.0
end_to_end_latency,132,1276.0
end_to_end_latency,133,1226.0
end_to_end_latency,134,1176.0
end_to_end_latency,135,1126.0
end_to_end_latency,136,1075.0
end_to_end_latency,137,1026.0
end_to_end_latency,138,976.0
end_to_end_latency,139,926.0
end_to_end_latency,140,876.0
end_to_end_latency,141,826.0
end_to_end_latency,142,2161.0
end_to_end_latency,143,2110.0
end_to_end_latency,144,2061.0
end_to_end_latency,145,2011.0
end_to_end_latency,146,1961.0
end_to_end_latency,147,1910.0
end_to_end_latency,148,1861.0
end_to_end_latency,149,1811.0
end_to_end_latency,150,1761.0
end_to_end_latency,151,1711.0
end_to_end_latency,152,1660.0
end_to_end_latency,153,1611.0
end_to_end_latency,154,1561.0
end_to_end_latency,155,1510.0
end_to_end_latency,156,1461.0
end_to_end_latency,157,1411.0
end_to_end_latency,158,1361.0
end_to_end_latency,159,1312.0
end_to_end_latency,160,1262.0
end_to_end_latency,161,1212.0
end_to_end_latency,162,1163.0
end_to_end_latency,163,1112.0
end_to_end_latency,164,1062.0
end_to_end_latency,165,1012.0
end_to_end_latency,166,962.0
end_to_end_latency,167,911.0
end_to_end_latency,168,861.0
end_to_end_latency,169,1497.0
end_to_end_latency,170,1447.0
end_to_end_latency,171,1397.0
end_to_end_latency,172,1346.0
end_to_end_latency,173,1297.0
end_to_end_latency,174,1248.0
end_to_end_latency,175,1198.0
end_to_end_latency,176,1148.0
end_to_end_latency,177,1097.0
end_to_end_latency,178,1048.0
end_to_end_latency,179,1498.0
end_to_end_latency,180,1448.0
end_to_end_latency,181,1398.0
end_to_end_latency,182,1348.0
end_to_end_latency,183,1299.0
end_to_end_latency,184,1249.0
end_to_end_latency,185,1199.0
end_to_end_latency,186,1149.0
end_to_end_latency,187,1099.0
end_to_end_latency,188,1048.0
end_to_end_latency,189,999.0
end_to_end_latency,190,948.0
end_to_end_latency,191,899.0
end_to_end_latency,192,848.0
end_to_end_latency,193,1971.0
end_to_end_latency,194,1921.0
end_to_end_latency,195,1871.0
end_to_end_latency,196,1821.0
end_to_end_latency,197,1770.0
end_to_end_latency,198,1721.0
end_to_end_latency,199,1671.0
end_to_end_latency,200,1620.0
end_to_end_latency,201,1570.0
end_to_end_latency,202,1521.0
end_to_end_latency,203,1470.0
end_to_end_latency,204,1422.0
end_to_end_latency,205,1372.0
end_to_end_latency,206,1322.0
end_to_end_latency,207,1271.0
end_to_end_latency,208,1221.0
end_to_end_latency,209,1172.0
end_to_end_latency,210,1319.0
end_to_end_latency,211,1269.0
end_to_end_latency,212,1218.0
end_to_end_latency,213,1168.0
end_to_end_latency,214,1119.0
end_to_end_latency,215,1069.0
end_to_end_latency,216,1020.0
end_to_end_latency,217,969.0
end_to_end_latency,218,920.0
end_to_end_latency,219,869.0
end_to_end_latency,220,1517.0
end_to_end_latency,221,1466.0
end_to_end_latency,222,1417.0
end_to_end_latency,223,1367.0
end_to_end_latency,224,1317.0
end_to_end_latency,225,1266.0
end_to_end_latency,226,1217.0
end_to_end_latency,227,1166.0
end_to_end_latency,228,1117.0
end_to_end_latency,229,1066.0
end_to_end_latency,230,1017.0
end_to_end_latency,231,1486.0
end_to_end_latency,232,1436.0
end_to_end_latency,233,1385.0
end_to_end_latency,234,1335.0
end_to_end_latency,235,1287.0
end_to_end_latency,236,1237.0
end_to_end_latency,237,1186.0
end_to_end_latency,238,1136.0
end_to_end_latency,239,1087.0
end_to_end_latency,240,1036.0
end_to_end_latency,241,986.0
end_to_end_latency,242,937.0
end_to_end_latency,243,887.0
end_to_end_latency,244,836.0
end_to_end_latency,245,1949.0
end_to_end_latency,246,1898.0
end_to_end_latency,247,1849.0
end_to_end_latency,248,1798.0
end_to_end_latency,249,1749.0
end_to_end_latency,250,1698.0
end_to_end_latency,251,1648.0
end_to_end_latency,252,1599.0
end_to_end_latency,253,1549.0
end_to_end_latency,254,1499.0
end_to_end_latency,255,1450.0
end_to_end_latency,256,1401.0
end_to_end_latency,257,1350.0
end_to_end_latency,258,1300.0
end_to_end_latency,259,1250.0
end_to_end_latency,260,1200.0
end_to_end_latency,261,1351.0
end_to_end_latency,262,1303.0
end_to_end_latency,263,1253.0
end_to_end_latency,264,1202.0
end_to_end_latency,265,1153.0
end_to_end_latency,266,1103.0
end_to_end_latency,267,1054.0
end_to_end_latency,268,1004.0
end_to_end_latency,269,953.0
end_to_end_latency,270,903.0
end_to_end_latency,271,853.0
end_to_end_latency,272,1683.0
end_to_end_latency,273,1634.0
end_to_end_latency,274,1583.0
end_to_end_latency,275,1534.0
end_to_end_latency,276,1484.0
end_to_end_latency,277,1434.0
end_to_end_latency,278,1385.0
end_to_end_latency,279,1334.0
end_to_end_latency,280,1284.0
end_to_end_latency,281,1570.0
end_to_end_latency,282,1520.0
end_to_end_latency,283,1470.0
end_to_end_latency,284,1419.0
end_to_end_latency,285,1368.0
end_to_end_latency,286,1320.0
end_to_end_latency,287,1270.0
end_to_end_latency,288,1220.0
end_to_end_latency,289,1170.0
end_to_end_latency,290,1120.0
end_to_end_latency,291,1069.0
end_to_end_latency,292,1020.0
end_to_end_latency,293,971.0
end_to_end_latency,294,920.0
end_to_end_latency,295,870.0
end_to_end_latency,296,820.0
end_to_end_latency,297,1805.0
end_to_end_latency,298,1755.0
end_to_end_latency,299,1706.0
end_to_end_latency,300,1657.0
end_to_end_latency,301,1607.0
end_to_end_latency,302,1556.0
end_to_end_latency,303,1506.0
end_to_end_latency,304,1456.0
end_to_end_latency,305,1406.0
end_to_end_latency,306,1356.0
end_to_end_latency,307,1306.0
end_to_end_latency,308,1258.0
end_to_end_latency,309,1207.0
end_to_end_latency,310,1158.0
end_to_end_latency,311,1107.0
end_to_end_latency,312,1058.0
end_to_end_latency,313,1417.0
end_to_end_latency,314,1366.0
end_to_end_latency,315,1316.0
end_to_end_latency,316,1266.0
end_to_end_latency,317,1216.0
end_to_end_latency,318,1166.0
end_to_end_latency,319,1116.0
end_to_end_latency,320,1066.0
end_to_end_latency,321,1016.0
end_to_end_latency,322,966.0
end_to_end_latency,323,1735.0
end_to_end_latency,324,1685.0
end_to_end_latency,325,1635.0
end_to_end_latency,326,1585.0
end_to_end_latency,327,1535.0
end_to_end_latency,328,1642.0
end_to_end_latency,329,1592.0
end_to_end_latency,330,1542.0
end_to_end_latency,331,1492.0
end_to_end_latency,332,1442.0
end_to_end_latency,333,1392.0
end_to_end_latency,334,1342.0
end_to_end_latency,335,1292.0
end_to_end_latency,336,1242.0
end_to_end_latency,337,1192.0
end_to_end_latency,338,1142.0
end_to_end_latency,339,1093.0
end_to_end_latency,340,1043.0
end_to_end_latency,341,993.0
end_to_end_latency,342,943.0
end_to_end_latency,343,893.0
end_to_end_latency,344,843.0
end_to_end_latency,345,793.0
end_to_end_latency,346,743.0
end_to_end_latency,347,693.0
end_to_end_latency,348,643.0
end_to_end_latency,349,594.0
end_to_end_latency,350,1763.0
end_to_end_latency,351,1713.0
end_to_end_latency,352,1663.0
end_to_end_latency,353,1613.0
end_to_end_latency,354,1563.0
end_to_end_latency,355,1513.0
end_to_end_latency,356,1463.0
end_to_end_latency,357,1414.0
end_to_end_latency,358,1363.0
end_to_end_latency,359,1313.0
end_to_end_latency,360,1265.0
end_to_end_latency,361,1215.0
end_to_end_latency,362,1165.0
end_to_end_latency,363,1114.0
end_to_end_latency,364,1588.0
end_to_end_latency,365,1538.0
end_to_end_latency,366,1488.0
end_to_end_latency,367,1438.0
end_to_end_latency,368,1388.0
end_to_end_latency,369,1338.0
end_to_end_latency,370,1288.0
end_to_end_latency,371,1239.0
end_to_end_latency,372,1189.0
end_to_end_latency,373,1139.0
end_to_end_latency,374,1089.0
end_to_end_latency,375,1725.0
end_to_end_latency,376,1675.0
end_to_end_latency,377,1625.0
end_to_end_latency,378,1575.0
end_to_end_latency,379,1525.0
end_to_end_latency,380,1475.0
end_to_end_latency,381,1425.0
end_to_end_latency,382,1375.0
end_to_end_latency,383,1325.0
end_to_end_latency,384,1277.0
end_to_end_latency,385,1373.0
end_to_end_latency,386,1323.0
end_to_end_latency,387,1273.0
end_to_end_latency,388,1224.0
end_to_end_latency,389,1173.0
end_to_end_latency,390,1123.0
end_to_end_latency,391,1073.0
end_to_end_latency,392,1023.0
end_to_end_latency,393,973.0
end_to_end_latency,394,923.0
end_to_end_latency,395,873.0
end_to_end_latency,396,823.0
end_to_end_latency,397,774.0
end_to_end_latency,398,723.0
end_to_end_latency,399,673.0
end_to_end_latency,400,623.0
end_to_end_latency,401,1784.0
end_to_end_latency,402,1734.0
end_to_end_latency,403,1684.0
end_to_end_latency,404,1634.0
end_to_end_latency,405,1585.0
end_to_end_latency,406,1535.0
end_to_end_latency,407,1485.0
end_to_end_latency,408,1435.0
end_to_end_latency,409,1385.0
end_to_end_latency,410,1335.0
end_to_end_latency,411,1284.0
end_to_end_latency,412,1236.0
end_to_end_latency,413,1186.0
end_to_end_latency,414,1136.0
end_to_end_latency,415,1086.0
end_to_end_latency,416,1036.0
end_to_end_latency,417,1350.0
end_to_end_latency,418,1300.0
end_to_end_latency,419,1250.0
end_to_end_latency,420,1200.0
end_to_end_latency,421,1150.0
end_to_end_latency,422,1099.0
end_to_end_latency,423,1050.0
end_to_end_latency,424,1000.0
end_to_end_latency,425,950.0
end_to_end_latency,426,900.0
end_to_end_latency,427,1711.0
end_to_end_latency,428,1661.0
end_to_end_latency,429,1611.0
end_to_end_latency,430,1561.0
end_to_end_latency,431,1511.0
end_to_end_latency,432,1460.0
end_to_end_latency,433,1412.0
end_to_end_latency,434,1361.0
end_to_end_latency,435,1312.0
end_to_end_latency,436,1470.0
end_to_end_latency,437,1420.0
end_to_end_latency,438,1370.0
end_to_end_latency,439,1320.0
end_to_end_latency,440,1269.0
end_to_end_latency,441,1220.0
end_to_end_latency,442,1171.0
end_to_end_latency,443,1121.0
end_to_end_latency,444,1071.0
end_to_end_latency,445,1021.0
end_to_end_latency,446,970.0
end_to_end_latency,447,921.0
end_to_end_latency,448,871.0
end_to_end_latency,449,821.0
end_to_end_latency,450,771.0
end_to_end_latency,451,720.0
end_to_end_latency,452,671.0
end_to_end_latency,453,1826.0
end_to_end_latency,454,1776.0
end_to_end_latency,455,1726.0
end_to_end_latency,456,1676.0
end_to_end_latency,457,1626.0
end_to_end_latency,458,1576.0
end_to_end_latency,459,1526.0
end_to_end_latency,460,1478.0
end_to_end_latency,461,1427.0
end_to_end_latency,462,1377.0
end_to_end_latency,463,1328.0
end_to_end_latency,464,1277.0
end_to_end_latency,465,1227.0
end_to_end_latency,466,1178.0
end_to_end_latency,467,1127.0
end_to_end_latency,468,1078.0
end_to_end_latency,469,1028.0
end_to_end_latency,470,1486.0
end_to_end_latency,471,1435.0
end_to_end_latency,472,1386.0
end_to_end_latency,473,1335.0
end_to_end_latency,474,1287.0
end_to_end_latency,475,1236.0
end_to_end_latency,476,1187.0
end_to_end_latency,477,1136.0
end_to_end_latency,478,1087.0
end_to_end_latency,479,1546.0
end_to_end_latency,480,1496.0
end_to_end_latency,481,1445.0
end_to_end_latency,482,1396.0
end_to_end_latency,483,1346.0
end_to_end_latency,484,1296.0
end_to_end_latency,485,1247.0
end_to_end_latency,486,1197.0
end_to_end_latency,487,1147.0
end_to_end_latency,488,1096.0
end_to_end_latency,489,1047.0
end_to_end_latency,490,1504.0
end_to_end_latency,491,1455.0
end_to_end_latency,492,1404.0
end_to_end_latency,493,1355.0
end_to_end_latency,494,1305.0
end_to_end_latency,495,1256.0
end_to_end_latency,496,1206.0
end_to_end_latency,497,1156.0
end_to_end_latency,498,1106.0
end_to_end_latency,499,1055.0
end_to_end_latency,500,1005.0
end_to_end_latency,501,955.0
end_to_end_latency,502,906.0
end_to_end_latency,503,855.0
end_to_end_latency,504,805.0
end_to_end_latency,505,1926.0
end_to_end_latency,506,1876.0
end_to_end_latency,507,1826.0
end_to_end_latency,508,1775.0
end_to_end_latency,509,1726.0
end_to_end_latency,510,1676.0
end_to_end_latency,511,1627.0
end_to_end_latency,512,1577.0
end_to_end_latency,513,1527.0
end_to_end_latency,514,1477.0
end_to_end_latency,515,1426.0
end_to_end_latency,516,1378.0
end_to_end_latency,517,1328.0
end_to_end_latency,518,1278.0
end_to_end_latency,519,1227.0
end_to_end_latency,520,1178.0
end_to_end_latency,521,1328.0
end_to_end_latency,522,1279.0
end_to_end_latency,523,1229.0
end_to_end_latency,524,1179.0
end_to_end_latency,525,1129.0
end_to_end_latency,526,1078.0
end_to_end_latency,527,1029.0
end_to_end_latency,528,979.0
end_to_end_latency,529,929.0
end_to_end_latency,530,878.0
end_to_end_latency,531,1510.0
end_to_end_latency,532,1461.0
end_to_end_latency,533,1411.0
end_to_end_latency,534,1360.0
end_to_end_latency,535,1312.0
end_to_end_latency,536,1261.0
end_to_end_latency,537,1212.0
end_to_end_latency,538,1162.0
end_to_end_latency,539,1111.0
end_to_end_latency,540,1062.0
end_to_end_latency,541,1349.0
end_to_end_latency,542,1300.0
end_to_end_latency,543,1249.0
end_to_end_latency,544,1200.0
end_to_end_latency,545,1149.0
end_to_end_latency,546,1100.0
end_to_end_latency,547,1049.0
end_to_end_latency,548,999.0
end_to_end_latency,549,949.0
end_to_end_latency,550,899.0
end_to_end_latency,551,849.0
end_to_end_latency,552,800.0
end_to_end_latency,553,749.0
end_to_end_latency,554,699.0
end_to_end_latency,555,2004.0
end_to_end_latency,556,1955.0
end_to_end_latency,557,1904.0
end_to_end_latency,558,1855.0
end_to_end_latency,559,1804.0
end_to_end_latency,560,1754.0
end_to_end_latency,561,1705.0
end_to_end_latency,562,1654.0
end_to_end_latency,563,1605.0
end_to_end_latency,564,1554.0
end_to_end_latency,565,1503.0
end_to_end_latency,566,1455.0
end_to_end_latency,567,1405.0
end_to_end_latency,568,1355.0
end_to_end_latency,569,1306.0
end_to_end_latency,570,1255.0
end_to_end_latency,571,1541.0
end_to_end_latency,572,1491.0
end_to_end_latency,573,1442.0
end_to_end_latency,574,1392.0
end_to_end_latency,575,1341.0
end_to_end_latency,576,1291.0
end_to_end_latency,577,1241.0
end_to_end_latency,578,1192.0
end_to_end_latency,579,1141.0
end_to_end_latency,580,1091.0
end_to_end_latency,0,1586.0
end_to_end_latency,1,1536.0
end_to_end_latency,2,1487.0
end_to_end_latency,3,1437.0
end_to_end_latency,4,1387.0
end_to_end_latency,5,1337.0
end_to_end_latency,6,1287.0
end_to_end_latency,7,1237.0
end_to_end_latency,8,2402.0
end_to_end_latency,9,2352.0
end_to_end_latency,10,2302.0
end_to_end_latency,11,2252.0
end_to_end_latency,12,2202.0
end_to_end_latency,13,2153.0
end_to_end_latency,14,2102.0
end_to_end_latency,15,2052.0
end_to_end_latency,16,2002.0
end_to_end_latency,17,1953.0
end_to_end_latency,18,1902.0
end_to_end_latency,19,1852.0
end_to_end_latency,20,1803.0
end_to_end_latency,21,1753.0
end_to_end_latency,22,1703.0
end_to_end_latency,23,1653.0
end_to_end_latency,24,1603.0
end_to_end_latency,25,1554.0
end_to_end_latency,26,1504.0
end_to_end_latency,27,1454.0
end_to_end_latency,28,1404.0
end_to_end_latency,29,1354.0
end_to_end_latency,30,1304.0
end_to_end_latency,31,1256.0
end_to_end_latency,32,1206.0
end_to_end_latency,33,1155.0
end_to_end_latency,34,1105.0
end_to_end_latency,35,2076.0
end_to_end_latency,36,2026.0
end_to_end_latency,37,1976.0
end_to_end_latency,38,1926.0
end_to_end_latency,39,1876.0
end_to_end_latency,40,1826.0
end_to_end_latency,41,1776.0
end_to_end_latency,42,1726.0
end_to_end_latency,43,1675.0
end_to_end_latency,44,1626.0
end_to_end_latency,45,1576.0
end_to_end_latency,46,1527.0
end_to_end_latency,47,1477.0
end_to_end_latency,48,1427.0
end_to_end_latency,49,1377.0
end_to_end_latency,50,1327.0
end_to_end_latency,51,1278.0
end_to_end_latency,52,1228.0
end_to_end_latency,53,1178.0
end_to_end_latency,54,1128.0
end_to_end_latency,55,1419.0
end_to_end_latency,56,1369.0
end_to_end_latency,57,1319.0
end_to_end_latency,58,1269.0
end_to_end_latency,59,1219.0
end_to_end_latency,60,1169.0
end_to_end_latency,61,1120.0
end_to_end_latency,62,1070.0
end_to_end_latency,63,1020.0
end_to_end_latency,64,970.0
end_to_end_latency,65,920.0
end_to_end_latency,66,1573.0
end_to_end_latency,67,1522.0
end_to_end_latency,68,1472.0
end_to_end_latency,69,1423.0
end_to_end_latency,70,1373.0
end_to_end_latency,71,1323.0
end_to_end_latency,72,1273.0
end_to_end_latency,73,1223.0
end_to_end_latency,74,1173.0
end_to_end_latency,75,1123.0
end_to_end_latency,76,1073.0
end_to_end_latency,77,1331.0
end_to_end_latency,78,1280.0
end_to_end_latency,79,1231.0
end_to_end_latency,80,1181.0
end_to_end_latency,81,1131.0
end_to_end_latency,82,1081.0
end_to_end_latency,83,1031.0
end_to_end_latency,84,980.0
end_to_end_latency,85,931.0
end_to_end_latency,86,881.0
end_to_end_latency,87,2382.0
end_to_end_latency,88,2331.0
end_to_end_latency,89,2282.0
end_to_end_latency,90,2233.0
end_to_end_latency,91,2183.0
end_to_end_latency,92,2133.0
end_to_end_latency,93,2083.0
end_to_end_latency,94,2032.0
end_to_end_latency,95,1983.0
end_to_end_latency,96,1932.0
end_to_end_latency,97,1883.0
end_to_end_latency,98,1832.0
end_to_end_latency,99,1783.0
end_to_end_latency,100,1732.0
end_to_end_latency,101,1683.0
end_to_end_latency,102,1633.0
end_to_end_latency,103,1582.0
end_to_end_latency,104,1533.0
end_to_end_latency,105,1483.0
end_to_end_latency,106,1433.0
end_to_end_latency,107,1383.0
end_to_end_latency,108,1333.0
end_to_end_latency,109,1283.0
end_to_end_latency,110,1233.0
end_to_end_latency,111,1184.0
end_to_end_latency,112,1134.0
end_to_end_latency,113,1084.0
end_to_end_latency,114,1034.0
end_to_end_latency,115,983.0
end_to_end_latency,116,933.0
end_to_end_latency,117,883.0
end_to_end_latency,118,1674.0
end_to_end_latency,119,1624.0
end_to_end_latency,120,1574.0
end_to_end_latency,121,1524.0
end_to_end_latency,122,1474.0
end_to_end_latency,123,1425.0
end_to_end_latency,124,1376.0
end_to_end_latency,125,1326.0
end_to_end_latency,126,1274.0
end_to_end_latency,127,1225.0
end_to_end_latency,128,1508.0
end_to_end_latency,129,1457.0
end_to_end_latency,130,1407.0
end_to_end_latency,131,1358.0
end_to_end_latency,132,1307.0
end_to_end_latency,133,1258.0
end_to_end_latency,134,1207.0
end_to_end_latency,135,1158.0
end_to_end_latency,136,1108.0
end_to_end_latency,137,1057.0
end_to_end_latency,138,2393.0
end_to_end_latency,139,2343.0
end_to_end_latency,140,2294.0
end_to_end_latency,141,2243.0
end_to_end_latency,142,2194.0
end_to_end_latency,143,2144.0
end_to_end_latency,144,2093.0
end_to_end_latency,145,2044.0
end_to_end_latency,146,1994.0
end_to_end_latency,147,1943.0
end_to_end_latency,148,1894.0
end_to_end_latency,149,1843.0
end_to_end_latency,150,1794.0
end_to_end_latency,151,1744.0
end_to_end_latency,152,1693.0
end_to_end_latency,153,1644.0
end_to_end_latency,154,1594.0
end_to_end_latency,155,1544.0
end_to_end_latency,156,1494.0
end_to_end_latency,157,1444.0
end_to_end_latency,158,1394.0
end_to_end_latency,159,1345.0
end_to_end_latency,160,1294.0
end_to_end_latency,161,1244.0
end_to_end_latency,162,1195.0
end_to_end_latency,163,1144.0
end_to_end_latency,164,1095.0
end_to_end_latency,165,1044.0
end_to_end_latency,166,994.0
end_to_end_latency,167,944.0
end_to_end_latency,168,894.0
end_to_end_latency,169,844.0
end_to_end_latency,170,1480.0
end_to_end_latency,171,1430.0
end_to_end_latency,172,1379.0
end_to_end_latency,173,1331.0
end_to_end_latency,174,1280.0
end_to_end_latency,175,1231.0
end_to_end_latency,176,1181.0
end_to_end_latency,177,1131.0
end_to_end_latency,178,1081.0
end_to_end_latency,179,1531.0
end_to_end_latency,180,1481.0
end_to_end_latency,181,1431.0
end_to_end_latency,182,1380.0
end_to_end_latency,183,1332.0
end_to_end_latency,184,1281.0
end_to_end_latency,185,1231.0
end_to_end_latency,186,1182.0
end_to_end_latency,187,1132.0
end_to_end_latency,188,1082.0
end_to_end_latency,189,1031.0
end_to_end_latency,190,2151.0
end_to_end_latency,191,2101.0
end_to_end_latency,192,2050.0
end_to_end_latency,193,2002.0
end_to_end_latency,194,1951.0
end_to_end_latency,195,1903.0
end_to_end_latency,196,1853.0
end_to_end_latency,197,1802.0
end_to_end_latency,198,1752.0
end_to_end_latency,199,1702.0
end_to_end_latency,200,1653.0
end_to_end_latency,201,1604.0
end_to_end_latency,202,1553.0
end_to_end_latency,203,1503.0
end_to_end_latency,204,1454.0
end_to_end_latency,205,1405.0
end_to_end_latency,206,1355.0
end_to_end_latency,207,1305.0
end_to_end_latency,208,1255.0
end_to_end_latency,209,1204.0
end_to_end_latency,210,1351.0
end_to_end_latency,211,1302.0
end_to_end_latency,212,1252.0
end_to_end_latency,213,1201.0
end_to_end_latency,214,1152.0
end_to_end_latency,215,1102.0
end_to_end_latency,216,1052.0
end_to_end_latency,217,1003.0
end_to_end_latency,218,953.0
end_to_end_latency,219,903.0
end_to_end_latency,220,852.0
end_to_end_latency,221,1500.0
end_to_end_latency,222,1449.0
end_to_end_latency,223,1398.0
end_to_end_latency,224,1348.0
end_to_end_latency,225,1300.0
end_to_end_latency,226,1249.0
end_to_end_latency,227,1199.0
end_to_end_latency,228,1149.0
end_to_end_latency,229,1100.0
end_to_end_latency,230,1049.0
end_to_end_latency,231,1519.0
end_to_end_latency,232,1470.0
end_to_end_latency,233,1420.0
end_to_end_latency,234,1370.0
end_to_end_latency,235,1319.0
end_to_end_latency,236,1270.0
end_to_end_latency,237,1219.0
end_to_end_latency,238,1169.0
end_to_end_latency,239,1119.0
end_to_end_latency,240,1069.0
end_to_end_latency,241,2181.0
end_to_end_latency,242,2131.0
end_to_end_latency,243,2080.0
end_to_end_latency,244,2030.0
end_to_end_latency,245,1980.0
end_to_end_latency,246,1930.0
end_to_end_latency,247,1880.0
end_to_end_latency,248,1830.0
end_to_end_latency,249,1780.0
end_to_end_latency,250,1730.0
end_to_end_latency,251,1680.0
end_to_end_latency,252,1633.0
end_to_end_latency,253,1582.0
end_to_end_latency,254,1532.0
end_to_end_latency,255,1483.0
end_to_end_latency,256,1434.0
end_to_end_latency,257,1383.0
end_to_end_latency,258,1334.0
end_to_end_latency,259,1284.0
end_to_end_latency,260,1233.0
end_to_end_latency,261,1385.0
end_to_end_latency,262,1334.0
end_to_end_latency,263,1286.0
end_to_end_latency,264,1236.0
end_to_end_latency,265,1185.0
end_to_end_latency,266,1135.0
end_to_end_latency,267,1085.0
end_to_end_latency,268,1036.0
end_to_end_latency,269,986.0
end_to_end_latency,270,936.0
end_to_end_latency,271,886.0
end_to_end_latency,272,1716.0
end_to_end_latency,273,1666.0
end_to_end_latency,274,1616.0
end_to_end_latency,275,1566.0
end_to_end_latency,276,1518.0
end_to_end_latency,277,1467.0
end_to_end_latency,278,1417.0
end_to_end_latency,279,1368.0
end_to_end_latency,280,1317.0
end_to_end_latency,281,1267.0
end_to_end_latency,282,1217.0
end_to_end_latency,283,1502.0
end_to_end_latency,284,1453.0
end_to_end_latency,285,1402.0
end_to_end_latency,286,1353.0
end_to_end_latency,287,1303.0
end_to_end_latency,288,1253.0
end_to_end_latency,289,1204.0
end_to_end_latency,290,1153.0
end_to_end_latency,291,1103.0
end_to_end_latency,292,1053.0
end_to_end_latency,293,2037.0
end_to_end_latency,294,1987.0
end_to_end_latency,295,1937.0
end_to_end_latency,296,1888.0
end_to_end_latency,297,1837.0
end_to_end_latency,298,1787.0
end_to_end_latency,299,1737.0
end_to_end_latency,300,1688.0
end_to_end_latency,301,1638.0
end_to_end_latency,302,1588.0
end_to_end_latency,303,1539.0
end_to_end_latency,304,1489.0
end_to_end_latency,305,1440.0
end_to_end_latency,306,1389.0
end_to_end_latency,307,1339.0
end_to_end_latency,308,1290.0
end_to_end_latency,309,1240.0
end_to_end_latency,310,1190.0
end_to_end_latency,311,1140.0
end_to_end_latency,312,1090.0
end_to_end_latency,313,1449.0
end_to_end_latency,314,1399.0
end_to_end_latency,315,1349.0
end_to_end_latency,316,1299.0
end_to_end_latency,317,1249.0
end_to_end_latency,318,1199.0
end_to_end_latency,319,1149.0
end_to_end_latency,320,1099.0
end_to_end_latency,321,1050.0
end_to_end_latency,322,999.0
end_to_end_latency,323,949.0
end_to_end_latency,324,1718.0
end_to_end_latency,325,1668.0
end_to_end_latency,326,1618.0
end_to_end_latency,327,1568.0
end_to_end_latency,328,1518.0
end_to_end_latency,329,1469.0
end_to_end_latency,330,1419.0
end_to_end_latency,331,1369.0
end_to_end_latency,332,1319.0
end_to_end_latency,333,1269.0
end_to_end_latency,334,1219.0
end_to_end_latency,335,1325.0
end_to_end_latency,336,1275.0
end_to_end_latency,337,1225.0
end_to_end_latency,338,1175.0
end_to_end_latency,339,1125.0
end_to_end_latency,340,1076.0
end_to_end_latency,341,1026.0
end_to_end_latency,342,976.0
end_to_end_latency,343,926.0
end_to_end_latency,344,2094.0
end_to_end_latency,345,2044.0
end_to_end_latency,346,1994.0
end_to_end_latency,347,1944.0
end_to_end_latency,348,1894.0
end_to_end_latency,349,1844.0
end_to_end_latency,350,1796.0
end_to_end_latency,351,1745.0
end_to_end_latency,352,1696.0
end_to_end_latency,353,1646.0
end_to_end_latency,354,1596.0
end_to_end_latency,355,1546.0
end_to_end_latency,356,1496.0
end_to_end_latency,357,1446.0
end_to_end_latency,358,1396.0
end_to_end_latency,359,1346.0
end_to_end_latency,360,1295.0
end_to_end_latency,361,1247.0
end_to_end_latency,362,1197.0
end_to_end_latency,363,1146.0
end_to_end_latency,364,1097.0
end_to_end_latency,365,1571.0
end_to_end_latency,366,1521.0
end_to_end_latency,367,1471.0
end_to_end_latency,368,1420.0
end_to_end_latency,369,1371.0
end_to_end_latency,370,1322.0
end_to_end_latency,371,1272.0
end_to_end_latency,372,1222.0
end_to_end_latency,373,1172.0
end_to_end_latency,374,1122.0
end_to_end_latency,375,1758.0
end_to_end_latency,376,1708.0
end_to_end_latency,377,1658.0
end_to_end_latency,378,1608.0
end_to_end_latency,379,1558.0
end_to_end_latency,380,1507.0
end_to_end_latency,381,1459.0
end_to_end_latency,382,1409.0
end_to_end_latency,383,1360.0
end_to_end_latency,384,1309.0
end_to_end_latency,385,1406.0
end_to_end_latency,386,1356.0
end_to_end_latency,387,1305.0
end_to_end_latency,388,1256.0
end_to_end_latency,389,1206.0
end_to_end_latency,390,1155.0
end_to_end_latency,391,1106.0
end_to_end_latency,392,1056.0
end_to_end_latency,393,1006.0
end_to_end_latency,394,956.0
end_to_end_latency,395,905.0
end_to_end_latency,396,2067.0
end_to_end_latency,397,2017.0
end_to_end_latency,398,1966.0
end_to_end_latency,399,1917.0
end_to_end_latency,400,1867.0
end_to_end_latency,401,1817.0
end_to_end_latency,402,1766.0
end_to_end_latency,403,1717.0
end_to_end_latency,404,1666.0
end_to_end_latency,405,1617.0
end_to_end_latency,406,1568.0
end_to_end_latency,407,1518.0
end_to_end_latency,408,1468.0
end_to_end_latency,409,1418.0
end_to_end_latency,410,1368.0
end_to_end_latency,411,1317.0
end_to_end_latency,412,1269.0
end_to_end_latency,413,1219.0
end_to_end_latency,414,1169.0
end_to_end_latency,415,1119.0
end_to_end_latency,416,1069.0
end_to_end_latency,417,1018.0
end_to_end_latency,418,1332.0
end_to_end_latency,419,1283.0
end_to_end_latency,420,1232.0
end_to_end_latency,421,1182.0
end_to_end_latency,422,1133.0
end_to_end_latency,423,1083.0
end_to_end_latency,424,1032.0
end_to_end_latency,425,982.0
end_to_end_latency,426,933.0
end_to_end_latency,427,1744.0
end_to_end_latency,428,1694.0
end_to_end_latency,429,1644.0
end_to_end_latency,430,1594.0
end_to_end_latency,431,1544.0
end_to_end_latency,432,1494.0
end_to_end_latency,433,1445.0
end_to_end_latency,434,1395.0
end_to_end_latency,435,1344.0
end_to_end_latency,436,1295.0
end_to_end_latency,437,1245.0
end_to_end_latency,438,1195.0
end_to_end_latency,439,1353.0
end_to_end_latency,440,1303.0
end_to_end_latency,441,1253.0
end_to_end_latency,442,1203.0
end_to_end_latency,443,1153.0
end_to_end_latency,444,1103.0
end_to_end_latency,445,1054.0
end_to_end_latency,446,1003.0
end_to_end_latency,447,953.0
end_to_end_latency,448,904.0
end_to_end_latency,449,2057.0
end_to_end_latency,450,2008.0
end_to_end_latency,451,1958.0
end_to_end_latency,452,1907.0
end_to_end_latency,453,1858.0
end_to_end_latency,454,1808.0
end_to_end_latency,455,1759.0
end_to_end_latency,456,1709.0
end_to_end_latency,457,1658.0
end_to_end_latency,458,1609.0
end_to_end_latency,459,1559.0
end_to_end_latency,460,1509.0
end_to_end_latency,461,1459.0
end_to_end_latency,462,1410.0
end_to_end_latency,463,1359.0
end_to_end_latency,464,1310.0
end_to_end_latency,465,1260.0
end_to_end_latency,466,1211.0
end_to_end_latency,467,1160.0
end_to_end_latency,468,1110.0
end_to_end_latency,469,1569.0
end_to_end_latency,470,1519.0
end_to_end_latency,471,1468.0
end_to_end_latency,472,1418.0
end_to_end_latency,473,1368.0
end_to_end_latency,474,1319.0
end_to_end_latency,475,1269.0
end_to_end_latency,476,1220.0
end_to_end_latency,477,1169.0
end_to_end_latency,478,1120.0
end_to_end_latency,479,1070.0
end_to_end_latency,480,1019.0
end_to_end_latency,481,1479.0
end_to_end_latency,482,1429.0
end_to_end_latency,483,1379.0
end_to_end_latency,484,1329.0
end_to_end_latency,485,1278.0
end_to_end_latency,486,1230.0
end_to_end_latency,487,1179.0
end_to_end_latency,488,1129.0
end_to_end_latency,489,1079.0
end_to_end_latency,490,1029.0
end_to_end_latency,491,980.0
end_to_end_latency,492,1438.0
end_to_end_latency,493,1388.0
end_to_end_latency,494,1337.0
end_to_end_latency,495,1287.0
end_to_end_latency,496,1239.0
end_to_end_latency,497,1188.0
end_to_end_latency,498,1139.0
end_to_end_latency,499,1089.0
end_to_end_latency,500,2207.0
end_to_end_latency,501,2157.0
end_to_end_latency,502,2107.0
end_to_end_latency,503,2056.0
end_to_end_latency,504,2008.0
end_to_end_latency,505,1958.0
end_to_end_latency,506,1908.0
end_to_end_latency,507,1859.0
end_to_end_latency,508,1808.0
end_to_end_latency,509,1758.0
end_to_end_latency,510,1708.0
end_to_end_latency,511,1660.0
end_to_end_latency,512,1609.0
end_to_end_latency,513,1559.0
end_to_end_latency,514,1510.0
end_to_end_latency,515,1460.0
end_to_end_latency,516,1410.0
end_to_end_latency,517,1361.0
end_to_end_latency,518,1311.0
end_to_end_latency,519,1260.0
end_to_end_latency,520,1211.0
end_to_end_latency,521,1361.0
end_to_end_latency,522,1312.0
end_to_end_latency,523,1261.0
end_to_end_latency,524,1211.0
end_to_end_latency,525,1162.0
end_to_end_latency,526,1111.0
end_to_end_latency,527,1061.0
end_to_end_latency,528,1011.0
end_to_end_latency,529,962.0
end_to_end_latency,530,912.0
end_to_end_latency,531,861.0
end_to_end_latency,532,1494.0
end_to_end_latency,533,1445.0
end_to_end_latency,534,1394.0
end_to_end_latency,535,1345.0
end_to_end_latency,536,1294.0
end_to_end_latency,537,1244.0
end_to_end_latency,538,1195.0
end_to_end_latency,539,1145.0
end_to_end_latency,540,1094.0
end_to_end_latency,541,1382.0
end_to_end_latency,542,1332.0
end_to_end_latency,543,1282.0
end_to_end_latency,544,1232.0
end_to_end_latency,545,1183.0
end_to_end_latency,546,1132.0
end_to_end_latency,547,1083.0
end_to_end_latency,548,1032.0
end_to_end_latency,549,982.0
end_to_end_latency,550,933.0
end_to_end_latency,551,882.0
end_to_end_latency,552,2186.0
end_to_end_latency,553,2137.0
end_to_end_latency,554,2086.0
end_to_end_latency,555,2036.0
end_to_end_latency,556,1987.0
end_to_end_latency,557,1938.0
end_to_end_latency,558,1887.0
end_to_end_latency,559,1837.0
end_to_end_latency,560,1787.0
end_to_end_latency,561,1737.0
end_to_end_latency,562,1687.0
end_to_end_latency,563,1636.0
end_to_end_latency,564,1587.0
end_to_end_latency,565,1537.0
end_to_end_latency,566,1487.0
end_to_end_latency,567,1438.0
end_to_end_latency,568,1387.0
end_to_end_latency,569,1337.0
end_to_end_latency,570,1287.0
end_to_end_latency,571,1237.0
end_to_end_latency,572,1524.0
end_to_end_latency,573,1474.0
end_to_end_latency,574,1424.0
end_to_end_latency,575,1374.0
end_to_end_latency,576,1324.0
end_to_end_latency,577,1274.0
end_to_end_latency,578,1224.0
end_to_end_latency,579,1174.0
end_to_end_latency,580,1125.0
end_to_end_latency,581,1074.0
end_to_end_latency,0,1573.0
end_to_end_latency,1,1524.0
end_to_end_latency,2,1473.0
end_to_end_latency,3,1424.0
end_to_end_latency,4,1373.0
end_to_end_latency,5,1324.0
end_to_end_latency,6,1274.0
end_to_end_latency,7,2439.0
end_to_end_latency,8,2389.0
end_to_end_latency,9,2338.0
end_to_end_latency,10,2289.0
end_to_end_latency,11,2238.0
end_to_end_latency,12,2189.0
end_to_end_latency,13,2138.0
end_to_end_latency,14,2089.0
end_to_end_latency,15,2039.0
end_to_end_latency,16,1988.0
end_to_end_latency,17,1939.0
end_to_end_latency,18,1889.0
end_to_end_latency,19,1838.0
end_to_end_latency,20,1790.0
end_to_end_latency,21,1740.0
end_to_end_latency,22,1690.0
end_to_end_latency,23,1640.0
end_to_end_latency,24,1590.0
end_to_end_latency,25,1541.0
end_to_end_latency,26,1490.0
end_to_end_latency,27,1441.0
end_to_end_latency,28,1390.0
end_to_end_latency,29,1341.0
end_to_end_latency,30,1290.0
end_to_end_latency,31,1241.0
end_to_end_latency,32,1191.0
end_to_end_latency,33,1140.0
end_to_end_latency,34,1091.0
end_to_end_latency,35,2062.0
end_to_end_latency,36,2013.0
end_to_end_latency,37,1962.0
end_to_end_latency,38,1912.0
end_to_end_latency,39,1863.0
end_to_end_latency,40,1812.0
end_to_end_latency,41,1763.0
end_to_end_latency,42,1712.0
end_to_end_latency,43,1662.0
end_to_end_latency,44,1613.0
end_to_end_latency,45,1562.0
end_to_end_latency,46,1513.0
end_to_end_latency,47,1464.0
end_to_end_latency,48,1413.0
end_to_end_latency,49,1364.0
end_to_end_latency,50,1314.0
end_to_end_latency,51,1265.0
end_to_end_latency,52,1215.0
end_to_end_latency,53,1165.0
end_to_end_latency,54,1114.0
end_to_end_latency,55,1405.0
end_to_end_latency,56,1356.0
end_to_end_latency,57,1306.0
end_to_end_latency,58,1255.0
end_to_end_latency,59,1206.0
end_to_end_latency,60,1155.0
end_to_end_latency,61,1106.0
end_to_end_latency,62,1057.0
end_to_end_latency,63,1007.0
end_to_end_latency,64,956.0
end_to_end_latency,65,906.0
end_to_end_latency,66,1560.0
end_to_end_latency,67,1510.0
end_to_end_latency,68,1460.0
end_to_end_latency,69,1409.0
end_to_end_latency,70,1359.0
end_to_end_latency,71,1309.0
end_to_end_latency,72,1260.0
end_to_end_latency,73,1210.0
end_to_end_latency,74,1160.0
end_to_end_latency,75,1110.0
end_to_end_latency,76,1060.0
end_to_end_latency,77,1317.0
end_to_end_latency,78,1267.0
end_to_end_latency,79,1218.0
end_to_end_latency,80,1167.0
end_to_end_latency,81,1118.0
end_to_end_latency,82,1068.0
end_to_end_latency,83,1018.0
end_to_end_latency,84,968.0
end_to_end_latency,85,919.0
end_to_end_latency,86,2418.0
end_to_end_latency,87,2369.0
end_to_end_latency,88,2318.0
end_to_end_latency,89,2268.0
end_to_end_latency,90,2219.0
end_to_end_latency,91,2168.0
end_to_end_latency,92,2120.0
end_to_end_latency,93,2070.0
end_to_end_latency,94,2020.0
end_to_end_latency,95,1969.0
end_to_end_latency,96,1919.0
end_to_end_latency,97,1869.0
end_to_end_latency,98,1819.0
end_to_end_latency,99,1770.0
end_to_end_latency,100,1719.0
end_to_end_latency,101,1670.0
end_to_end_latency,102,1619.0
end_to_end_latency,103,1569.0
end_to_end_latency,104,1520.0
end_to_end_latency,105,1469.0
end_to_end_latency,106,1420.0
end_to_end_latency,107,1369.0
end_to_end_latency,108,1320.0
end_to_end_latency,109,1271.0
end_to_end_latency,110,1220.0
end_to_end_latency,111,1170.0
end_to_end_latency,112,1121.0
end_to_end_latency,113,1070.0
end_to_end_latency,114,1021.0
end_to_end_latency,115,970.0
end_to_end_latency,116,921.0
end_to_end_latency,117,1710.0
end_to_end_latency,118,1660.0
end_to_end_latency,119,1611.0
end_to_end_latency,120,1561.0
end_to_end_latency,121,1512.0
end_to_end_latency,122,1462.0
end_to_end_latency,123,1413.0
end_to_end_latency,124,1362.0
end_to_end_latency,125,1312.0
end_to_end_latency,126,1263.0
end_to_end_latency,127,1212.0
end_to_end_latency,128,1494.0
end_to_end_latency,129,1445.0
end_to_end_latency,130,1394.0
end_to_end_latency,131,1344.0
end_to_end_latency,132,1295.0
end_to_end_latency,133,1245.0
end_to_end_latency,134,1195.0
end_to_end_latency,135,1144.0
end_to_end_latency,136,1095.0
end_to_end_latency,137,1044.0
end_to_end_latency,138,2379.0
end_to_end_latency,139,2331.0
end_to_end_latency,140,2280.0
end_to_end_latency,141,2231.0
end_to_end_latency,142,2180.0
end_to_end_latency,143,2130.0
end_to_end_latency,144,2080.0
end_to_end_latency,145,2031.0
end_to_end_latency,146,1980.0
end_to_end_latency,147,1930.0
end_to_end_latency,148,1880.0
end_to_end_latency,149,1831.0
end_to_end_latency,150,1781.0
end_to_end_latency,151,1731.0
end_to_end_latency,152,1681.0
end_to_end_latency,153,1631.0
end_to_end_latency,154,1582.0
end_to_end_latency,155,1532.0
end_to_end_latency,156,1482.0
end_to_end_latency,157,1432.0
end_to_end_latency,158,1381.0
end_to_end_latency,159,1332.0
end_to_end_latency,160,1281.0
end_to_end_latency,161,1231.0
end_to_end_latency,162,1181.0
end_to_end_latency,163,1131.0
end_to_end_latency,164,1081.0
end_to_end_latency,165,1031.0
end_to_end_latency,166,981.0
end_to_end_latency,167,931.0
end_to_end_latency,168,881.0
end_to_end_latency,169,1516.0
end_to_end_latency,170,1466.0
end_to_end_latency,171,1416.0
end_to_end_latency,172,1366.0
end_to_end_latency,173,1317.0
end_to_end_latency,174,1267.0
end_to_end_latency,175,1216.0
end_to_end_latency,176,1167.0
end_to_end_latency,177,1116.0
end_to_end_latency,178,1068.0
end_to_end_latency,179,1517.0
end_to_end_latency,180,1467.0
end_to_end_latency,181,1417.0
end_to_end_latency,182,1367.0
end_to_end_latency,183,1319.0
end_to_end_latency,184,1268.0
end_to_end_latency,185,1218.0
end_to_end_latency,186,1168.0
end_to_end_latency,187,1119.0
end_to_end_latency,188,1068.0
end_to_end_latency,189,2189.0
end_to_end_latency,190,2139.0
end_to_end_latency,191,2088.0
end_to_end_latency,192,2038.0
end_to_end_latency,193,1988.0
end_to_end_latency,194,1939.0
end_to_end_latency,195,1889.0
end_to_end_latency,196,1839.0
end_to_end_latency,197,1789.0
end_to_end_latency,198,1739.0
end_to_end_latency,199,1690.0
end_to_end_latency,200,1640.0
end_to_end_latency,201,1590.0
end_to_end_latency,202,1540.0
end_to_end_latency,203,1492.0
end_to_end_latency,204,1441.0
end_to_end_latency,205,1391.0
end_to_end_latency,206,1341.0
end_to_end_latency,207,1291.0
end_to_end_latency,208,1241.0
end_to_end_latency,209,1191.0
end_to_end_latency,210,1337.0
end_to_end_latency,211,1288.0
end_to_end_latency,212,1238.0
end_to_end_latency,213,1188.0
end_to_end_latency,214,1139.0
end_to_end_latency,215,1089.0
end_to_end_latency,216,1038.0
end_to_end_latency,217,989.0
end_to_end_latency,218,939.0
end_to_end_latency,219,889.0
end_to_end_latency,220,1534.0
end_to_end_latency,221,1485.0
end_to_end_latency,222,1434.0
end_to_end_latency,223,1384.0
end_to_end_latency,224,1335.0
end_to_end_latency,225,1286.0
end_to_end_latency,226,1236.0
end_to_end_latency,227,1186.0
end_to_end_latency,228,1136.0
end_to_end_latency,229,1086.0
end_to_end_latency,230,1555.0
end_to_end_latency,231,1504.0
end_to_end_latency,232,1455.0
end_to_end_latency,233,1404.0
end_to_end_latency,234,1355.0
end_to_end_latency,235,1305.0
end_to_end_latency,236,1256.0
end_to_end_latency,237,1206.0
end_to_end_latency,238,1156.0
end_to_end_latency,239,1106.0
end_to_end_latency,240,2217.0
end_to_end_latency,241,2167.0
end_to_end_latency,242,2117.0
end_to_end_latency,243,2067.0
end_to_end_latency,244,2016.0
end_to_end_latency,245,1968.0
end_to_end_latency,246,1918.0
end_to_end_latency,247,1867.0
end_to_end_latency,248,1817.0
end_to_end_latency,249,1767.0
end_to_end_latency,250,1717.0
end_to_end_latency,251,1668.0
end_to_end_latency,252,1619.0
end_to_end_latency,253,1569.0
end_to_end_latency,254,1518.0
end_to_end_latency,255,1470.0
end_to_end_latency,256,1420.0
end_to_end_latency,257,1370.0
end_to_end_latency,258,1320.0
end_to_end_latency,259,1270.0
end_to_end_latency,260,1220.0
end_to_end_latency,261,1170.0
end_to_end_latency,262,1321.0
end_to_end_latency,263,1272.0
end_to_end_latency,264,1221.0
end_to_end_latency,265,1172.0
end_to_end_latency,266,1122.0
end_to_end_latency,267,1073.0
end_to_end_latency,268,1023.0
end_to_end_latency,269,973.0
end_to_end_latency,270,922.0
end_to_end_latency,271,1754.0
end_to_end_latency,272,1704.0
end_to_end_latency,273,1654.0
end_to_end_latency,274,1604.0
end_to_end_latency,275,1554.0
end_to_end_latency,276,1504.0
end_to_end_latency,277,1453.0
end_to_end_latency,278,1404.0
end_to_end_latency,279,1354.0
end_to_end_latency,280,1304.0
end_to_end_latency,281,1254.0
end_to_end_latency,282,1540.0
end_to_end_latency,283,1489.0
end_to_end_latency,284,1439.0
end_to_end_latency,285,1389.0
end_to_end_latency,286,1340.0
end_to_end_latency,287,1289.0
end_to_end_latency,288,1240.0
end_to_end_latency,289,1190.0
end_to_end_latency,290,1140.0
end_to_end_latency,291,1090.0
end_to_end_latency,292,2074.0
end_to_end_latency,293,2023.0
end_to_end_latency,294,1973.0
end_to_end_latency,295,1924.0
end_to_end_latency,296,1874.0
end_to_end_latency,297,1824.0
end_to_end_latency,298,1774.0
end_to_end_latency,299,1724.0
end_to_end_latency,300,1674.0
end_to_end_latency,301,1624.0
end_to_end_latency,302,1576.0
end_to_end_latency,303,1526.0
end_to_end_latency,304,1475.0
end_to_end_latency,305,1425.0
end_to_end_latency,306,1376.0
end_to_end_latency,307,1326.0
end_to_end_latency,308,1276.0
end_to_end_latency,309,1227.0
end_to_end_latency,310,1177.0
end_to_end_latency,311,1126.0
end_to_end_latency,312,1077.0
end_to_end_latency,313,1436.0
end_to_end_latency,314,1386.0
end_to_end_latency,315,1335.0
end_to_end_latency,316,1286.0
end_to_end_latency,317,1236.0
end_to_end_latency,318,1185.0
end_to_end_latency,319,1136.0
end_to_end_latency,320,1085.0
end_to_end_latency,321,1036.0
end_to_end_latency,322,985.0
end_to_end_latency,323,1754.0
end_to_end_latency,324,1705.0
end_to_end_latency,325,1655.0
end_to_end_latency,326,1604.0
end_to_end_latency,327,1555.0
end_to_end_latency,328,1504.0
end_to_end_latency,329,1456.0
end_to_end_latency,330,1406.0
end_to_end_latency,331,1355.0
end_to_end_latency,332,1306.0
end_to_end_latency,333,1411.0
end_to_end_latency,334,1362.0
end_to_end_latency,335,1311.0
end_to_end_latency,336,1262.0
end_to_end_latency,337,1211.0
end_to_end_latency,338,1162.0
end_to_end_latency,339,1112.0
end_to_end_latency,340,1063.0
end_to_end_latency,341,1013.0
end_to_end_latency,342,963.0
end_to_end_latency,343,2132.0
end_to_end_latency,344,2081.0
end_to_end_latency,345,2032.0
end_to_end_latency,346,1982.0
end_to_end_latency,347,1932.0
end_to_end_latency,348,1881.0
end_to_end_latency,349,1832.0
end_to_end_latency,350,1783.0
end_to_end_latency,351,1733.0
end_to_end_latency,352,1683.0
end_to_end_latency,353,1632.0
end_to_end_latency,354,1584.0
end_to_end_latency,355,1534.0
end_to_end_latency,356,1483.0
end_to_end_latency,357,1432.0
end_to_end_latency,358,1384.0
end_to_end_latency,359,1334.0
end_to_end_latency,360,1284.0
end_to_end_latency,361,1234.0
end_to_end_latency,362,1184.0
end_to_end_latency,363,1133.0
end_to_end_latency,364,1084.0
end_to_end_latency,365,1558.0
end_to_end_latency,366,1509.0
end_to_end_latency,367,1458.0
end_to_end_latency,368,1408.0
end_to_end_latency,369,1359.0
end_to_end_latency,370,1309.0
end_to_end_latency,371,1259.0
end_to_end_latency,372,1209.0
end_to_end_latency,373,1159.0
end_to_end_latency,374,1109.0
end_to_end_latency,375,1744.0
end_to_end_latency,376,1694.0
end_to_end_latency,377,1645.0
end_to_end_latency,378,1594.0
end_to_end_latency,379,1545.0
end_to_end_latency,380,1495.0
end_to_end_latency,381,1446.0
end_to_end_latency,382,1396.0
end_to_end_latency,383,1345.0
end_to_end_latency,384,1442.0
end_to_end_latency,385,1393.0
end_to_end_latency,386,1343.0
end_to_end_latency,387,1293.0
end_to_end_latency,388,1242.0
end_to_end_latency,389,1192.0
end_to_end_latency,390,1143.0
end_to_end_latency,391,1092.0
end_to_end_latency,392,1042.0
end_to_end_latency,393,992.0
end_to_end_latency,394,943.0
end_to_end_latency,395,2103.0
end_to_end_latency,396,2053.0
end_to_end_latency,397,2004.0
end_to_end_latency,398,1953.0
end_to_end_latency,399,1904.0
end_to_end_latency,400,1853.0
end_to_end_latency,401,1804.0
end_to_end_latency,402,1753.0
end_to_end_latency,403,1703.0
end_to_end_latency,404,1653.0
end_to_end_latency,405,1604.0
end_to_end_latency,406,1554.0
end_to_end_latency,407,1505.0
end_to_end_latency,408,1454.0
end_to_end_latency,409,1404.0
end_to_end_latency,410,1354.0
end_to_end_latency,411,1304.0
end_to_end_latency,412,1255.0
end_to_end_latency,413,1204.0
end_to_end_latency,414,1154.0
end_to_end_latency,415,1104.0
end_to_end_latency,416,1054.0
end_to_end_latency,417,1369.0
end_to_end_latency,418,1320.0
end_to_end_latency,419,1269.0
end_to_end_latency,420,1219.0
end_to_end_latency,421,1170.0
end_to_end_latency,422,1120.0
end_to_end_latency,423,1069.0
end_to_end_latency,424,1020.0
end_to_end_latency,425,969.0
end_to_end_latency,426,920.0
end_to_end_latency,427,1730.0
end_to_end_latency,428,1680.0
end_to_end_latency,429,1630.0
end_to_end_latency,430,1580.0
end_to_end_latency,431,1531.0
end_to_end_latency,432,1481.0
end_to_end_latency,433,1431.0
end_to_end_latency,434,1381.0
end_to_end_latency,435,1331.0
end_to_end_latency,436,1282.0
end_to_end_latency,437,1231.0
end_to_end_latency,438,1390.0
end_to_end_latency,439,1339.0
end_to_end_latency,440,1289.0
end_to_end_latency,441,1239.0
end_to_end_latency,442,1191.0
end_to_end_latency,443,1140.0
end_to_end_latency,444,1090.0
end_to_end_latency,445,1040.0
end_to_end_latency,446,990.0
end_to_end_latency,447,940.0
end_to_end_latency,448,891.0
end_to_end_latency,449,2044.0
end_to_end_latency,450,1994.0
end_to_end_latency,451,1945.0
end_to_end_latency,452,1894.0
end_to_end_latency,453,1845.0
end_to_end_latency,454,1795.0
end_to_end_latency,455,1745.0
end_to_end_latency,456,1695.0
end_to_end_latency,457,1645.0
end_to_end_latency,458,1595.0
end_to_end_latency,459,1546.0
end_to_end_latency,460,1496.0
end_to_end_latency,461,1445.0
end_to_end_latency,462,1396.0
end_to_end_latency,463,1346.0
end_to_end_latency,464,1298.0
end_to_end_latency,465,1248.0
end_to_end_latency,466,1197.0
end_to_end_latency,467,1147.0
end_to_end_latency,468,1097.0
end_to_end_latency,469,1555.0
end_to_end_latency,470,1505.0
end_to_end_latency,471,1455.0
end_to_end_latency,472,1406.0
end_to_end_latency,473,1355.0
end_to_end_latency,474,1305.0
end_to_end_latency,475,1256.0
end_to_end_latency,476,1206.0
end_to_end_latency,477,1156.0
end_to_end_latency,478,1106.0
end_to_end_latency,479,1565.0
end_to_end_latency,480,1515.0
end_to_end_latency,481,1466.0
end_to_end_latency,482,1416.0
end_to_end_latency,483,1365.0
end_to_end_latency,484,1315.0
end_to_end_latency,485,1774.0
end_to_end_latency,486,1724.0
end_to_end_latency,487,1674.0
end_to_end_latency,488,1623.0
end_to_end_latency,489,1573.0
end_to_end_latency,490,1524.0
end_to_end_latency,491,1474.0
end_to_end_latency,492,1424.0
end_to_end_latency,493,1374.0
end_to_end_latency,494,1325.0
end_to_end_latency,495,1273.0
end_to_end_latency,496,1225.0
end_to_end_latency,497,1175.0
end_to_end_latency,498,1125.0
end_to_end_latency,499,1075.0
end_to_end_latency,500,2194.0
end_to_end_latency,501,2143.0
end_to_end_latency,502,2094.0
end_to_end_latency,503,2044.0
end_to_end_latency,504,1994.0
end_to_end_latency,505,1945.0
end_to_end_latency,506,1895.0
end_to_end_latency,507,1845.0
end_to_end_latency,508,1795.0
end_to_end_latency,509,1745.0
end_to_end_latency,510,1696.0
end_to_end_latency,511,1646.0
end_to_end_latency,512,1596.0
end_to_end_latency,513,1547.0
end_to_end_latency,514,1496.0
end_to_end_latency,515,1446.0
end_to_end_latency,516,1398.0
end_to_end_latency,517,1348.0
end_to_end_latency,518,1297.0
end_to_end_latency,519,1248.0
end_to_end_latency,520,1399.0
end_to_end_latency,521,1348.0
end_to_end_latency,522,1298.0
end_to_end_latency,523,1249.0
end_to_end_latency,524,1198.0
end_to_end_latency,525,1148.0
end_to_end_latency,526,1098.0
end_to_end_latency,527,1049.0
end_to_end_latency,528,998.0
end_to_end_latency,529,948.0
end_to_end_latency,530,898.0
end_to_end_latency,531,1531.0
end_to_end_latency,532,1481.0
end_to_end_latency,533,1430.0
end_to_end_latency,534,1381.0
end_to_end_latency,535,1331.0
end_to_end_latency,536,1281.0
end_to_end_latency,537,1231.0
end_to_end_latency,538,1180.0
end_to_end_latency,539,1131.0
end_to_end_latency,540,1081.0
end_to_end_latency,541,1368.0
end_to_end_latency,542,1319.0
end_to_end_latency,543,1270.0
end_to_end_latency,544,1219.0
end_to_end_latency,545,1169.0
end_to_end_latency,546,1119.0
end_to_end_latency,547,1069.0
end_to_end_latency,548,1019.0
end_to_end_latency,549,969.0
end_to_end_latency,550,919.0
end_to_end_latency,551,869.0
end_to_end_latency,552,2172.0
end_to_end_latency,553,2123.0
end_to_end_latency,554,2073.0
end_to_end_latency,555,2023.0
end_to_end_latency,556,1974.0
end_to_end_latency,557,1923.0
end_to_end_latency,558,1873.0
end_to_end_latency,559,1824.0
end_to_end_latency,560,1774.0
end_to_end_latency,561,1724.0
end_to_end_latency,562,1674.0
end_to_end_latency,563,1624.0
end_to_end_latency,564,1574.0
end_to_end_latency,565,1523.0
end_to_end_latency,566,1474.0
end_to_end_latency,567,1424.0
end_to_end_latency,568,1373.0
end_to_end_latency,569,1324.0
end_to_end_latency,570,1273.0
end_to_end_latency,571,1224.0
end_to_end_latency,572,1511.0
end_to_end_latency,573,1460.0
end_to_end_latency,574,1411.0
end_to_end_latency,575,1360.0
end_to_end_latency,576,1311.0
end_to_end_latency,577,1260.0
end_to_end_latency,578,1211.0
end_to_end_latency,579,1161.0
end_to_end_latency,580,1110.0
end_to_end_latency,581,1061.0
end_to_end_latency,582,1010.0
end_to_end_latency,0,1373.0
end_to_end_latency,1,1323.0
end_to_end_latency,2,1273.0
end_to_end_latency,3,2756.0
end_to_end_latency,4,2706.0
end_to_end_latency,5,2656.0
end_to_end_latency,6,2606.0
end_to_end_latency,7,2556.0
end_to_end_latency,8,2506.0
end_to_end_latency,9,2456.0
end_to_end_latency,10,2406.0
end_to_end_latency,11,2356.0
end_to_end_latency,12,2306.0
end_to_end_latency,13,2256.0
end_to_end_latency,14,2206.0
end_to_end_latency,15,2157.0
end_to_end_latency,16,2107.0
end_to_end_latency,17,2057.0
end_to_end_latency,18,2007.0
end_to_end_latency,19,1957.0
end_to_end_latency,20,1907.0
end_to_end_latency,21,1857.0
end_to_end_latency,22,1807.0
end_to_end_latency,23,1758.0
end_to_end_latency,24,1708.0
end_to_end_latency,25,1658.0
end_to_end_latency,26,1608.0
end_to_end_latency,27,1559.0
end_to_end_latency,28,1509.0
end_to_end_latency,29,1459.0
end_to_end_latency,30,1409.0
end_to_end_latency,31,1359.0
end_to_end_latency,32,1309.0
end_to_end_latency,33,2280.0
end_to_end_latency,34,2230.0
end_to_end_latency,35,2179.0
end_to_end_latency,36,2130.0
end_to_end_latency,37,2080.0
end_to_end_latency,38,2030.0
end_to_end_latency,39,1980.0
end_to_end_latency,40,1930.0
end_to_end_latency,41,1880.0
end_to_end_latency,42,1830.0
end_to_end_latency,43,1781.0
end_to_end_latency,44,1730.0
end_to_end_latency,45,1681.0
end_to_end_latency,46,1631.0
end_to_end_latency,47,1582.0
end_to_end_latency,48,1532.0
end_to_end_latency,49,1482.0
end_to_end_latency,50,1432.0
end_to_end_latency,51,1381.0
end_to_end_latency,52,1332.0
end_to_end_latency,53,1283.0
end_to_end_latency,54,1233.0
end_to_end_latency,55,1183.0
end_to_end_latency,56,1133.0
end_to_end_latency,57,1082.0
end_to_end_latency,58,1033.0
end_to_end_latency,59,983.0
end_to_end_latency,60,933.0
end_to_end_latency,61,883.0
end_to_end_latency,62,833.0
end_to_end_latency,63,1827.0
end_to_end_latency,64,1777.0
end_to_end_latency,65,1726.0
end_to_end_latency,66,1676.0
end_to_end_latency,67,1628.0
end_to_end_latency,68,1578.0
end_to_end_latency,69,1528.0
end_to_end_latency,70,1476.0
end_to_end_latency,71,1428.0
end_to_end_latency,72,1378.0
end_to_end_latency,73,1328.0
end_to_end_latency,74,1277.0
end_to_end_latency,75,1228.0
end_to_end_latency,76,1177.0
end_to_end_latency,77,1127.0
end_to_end_latency,78,1385.0
end_to_end_latency,79,1336.0
end_to_end_latency,80,1286.0
end_to_end_latency,81,1236.0
end_to_end_latency,82,1186.0
end_to_end_latency,83,1136.0
end_to_end_latency,84,1086.0
end_to_end_latency,85,1037.0
end_to_end_latency,86,987.0
end_to_end_latency,87,936.0
end_to_end_latency,88,887.0
end_to_end_latency,89,2387.0
end_to_end_latency,90,2337.0
end_to_end_latency,91,2286.0
end_to_end_latency,92,2237.0
end_to_end_latency,93,2187.0
end_to_end_latency,94,2136.0
end_to_end_latency,95,2087.0
end_to_end_latency,96,2036.0
end_to_end_latency,97,1987.0
end_to_end_latency,98,1936.0
end_to_end_latency,99,1887.0
end_to_end_latency,100,1838.0
end_to_end_latency,101,1788.0
end_to_end_latency,102,1738.0
end_to_end_latency,103,1688.0
end_to_end_latency,104,1638.0
end_to_end_latency,105,1588.0
end_to_end_latency,106,1538.0
end_to_end_latency,107,1487.0
end_to_end_latency,108,1437.0
end_to_end_latency,109,1387.0
end_to_end_latency,110,1338.0
end_to_end_latency,111,1288.0
end_to_end_latency,112,1237.0
end_to_end_latency,113,1188.0
end_to_end_latency,114,1139.0
end_to_end_latency,115,1088.0
end_to_end_latency,116,1039.0
end_to_end_latency,117,989.0
end_to_end_latency,118,939.0
end_to_end_latency,119,1729.0
end_to_end_latency,120,1679.0
end_to_end_latency,121,1629.0
end_to_end_latency,122,1580.0
end_to_end_latency,123,1530.0
end_to_end_latency,124,1480.0
end_to_end_latency,125,1430.0
end_to_end_latency,126,1381.0
end_to_end_latency,127,1331.0
end_to_end_latency,128,1281.0
end_to_end_latency,129,1562.0
end_to_end_latency,130,1512.0
end_to_end_latency,131,1462.0
end_to_end_latency,132,1413.0
end_to_end_latency,133,1362.0
end_to_end_latency,134,1312.0
end_to_end_latency,135,1261.0
end_to_end_latency,136,1213.0
end_to_end_latency,137,1163.0
end_to_end_latency,138,1113.0
end_to_end_latency,139,1063.0
end_to_end_latency,140,2398.0
end_to_end_latency,141,2349.0
end_to_end_latency,142,2298.0
end_to_end_latency,143,2249.0
end_to_end_latency,144,2199.0
end_to_end_latency,145,2148.0
end_to_end_latency,146,2099.0
end_to_end_latency,147,2048.0
end_to_end_latency,148,1999.0
end_to_end_latency,149,1948.0
end_to_end_latency,150,1899.0
end_to_end_latency,151,1848.0
end_to_end_latency,152,1798.0
end_to_end_latency,153,1749.0
end_to_end_latency,154,1698.0
end_to_end_latency,155,1649.0
end_to_end_latency,156,1598.0
end_to_end_latency,157,1549.0
end_to_end_latency,158,1498.0
end_to_end_latency,159,1448.0
end_to_end_latency,160,1400.0
end_to_end_latency,161,1349.0
end_to_end_latency,162,1300.0
end_to_end_latency,163,1249.0
end_to_end_latency,164,1199.0
end_to_end_latency,165,1149.0
end_to_end_latency,166,1100.0
end_to_end_latency,167,1049.0
end_to_end_latency,168,1000.0
end_to_end_latency,169,950.0
end_to_end_latency,170,1585.0
end_to_end_latency,171,1534.0
end_to_end_latency,172,1485.0
end_to_end_latency,173,1434.0
end_to_end_latency,174,1384.0
end_to_end_latency,175,1334.0
end_to_end_latency,176,1285.0
end_to_end_latency,177,1236.0
end_to_end_latency,178,1185.0
end_to_end_latency,179,1136.0
end_to_end_latency,180,1085.0
end_to_end_latency,181,1535.0
end_to_end_latency,182,1486.0
end_to_end_latency,183,1435.0
end_to_end_latency,184,1386.0
end_to_end_latency,185,1335.0
end_to_end_latency,186,1285.0
end_to_end_latency,187,2406.0
end_to_end_latency,188,2356.0
end_to_end_latency,189,2306.0
end_to_end_latency,190,2256.0
end_to_end_latency,191,2206.0
end_to_end_latency,192,2156.0
end_to_end_latency,193,2107.0
end_to_end_latency,194,2057.0
end_to_end_latency,195,2007.0
end_to_end_latency,196,1956.0
end_to_end_latency,197,1908.0
end_to_end_latency,198,1857.0
end_to_end_latency,199,1807.0
end_to_end_latency,200,1757.0
end_to_end_latency,201,1708.0
end_to_end_latency,202,1658.0
end_to_end_latency,203,1609.0
end_to_end_latency,204,1558.0
end_to_end_latency,205,1508.0
end_to_end_latency,206,1458.0
end_to_end_latency,207,1409.0
end_to_end_latency,208,1359.0
end_to_end_latency,209,1309.0
end_to_end_latency,210,1260.0
end_to_end_latency,211,1209.0
end_to_end_latency,212,1159.0
end_to_end_latency,213,1110.0
end_to_end_latency,214,1059.0
end_to_end_latency,215,1009.0
end_to_end_latency,216,959.0
end_to_end_latency,217,1803.0
end_to_end_latency,218,1753.0
end_to_end_latency,219,1703.0
end_to_end_latency,220,1654.0
end_to_end_latency,221,1603.0
end_to_end_latency,222,1554.0
end_to_end_latency,223,1504.0
end_to_end_latency,224,1455.0
end_to_end_latency,225,1404.0
end_to_end_latency,226,1355.0
end_to_end_latency,227,1304.0
end_to_end_latency,228,1254.0
end_to_end_latency,229,1205.0
end_to_end_latency,230,1155.0
end_to_end_latency,231,1104.0
end_to_end_latency,232,1573.0
end_to_end_latency,233,1524.0
end_to_end_latency,234,1473.0
end_to_end_latency,235,1423.0
end_to_end_latency,236,1373.0
end_to_end_latency,237,2484.0
end_to_end_latency,238,2434.0
end_to_end_latency,239,2384.0
end_to_end_latency,240,2334.0
end_to_end_latency,241,2284.0
end_to_end_latency,242,2235.0
end_to_end_latency,243,2185.0
end_to_end_latency,244,2134.0
end_to_end_latency,245,2085.0
end_to_end_latency,246,2035.0
end_to_end_latency,247,1984.0
end_to_end_latency,248,1936.0
end_to_end_latency,249,1886.0
end_to_end_latency,250,1836.0
end_to_end_latency,251,1787.0
end_to_end_latency,252,1736.0
end_to_end_latency,253,1687.0
end_to_end_latency,254,1636.0
end_to_end_latency,255,1586.0
end_to_end_latency,256,1536.0
end_to_end_latency,257,1486.0
end_to_end_latency,258,1438.0
end_to_end_latency,259,1388.0
end_to_end_latency,260,1338.0
end_to_end_latency,261,1288.0
end_to_end_latency,262,1238.0
end_to_end_latency,263,1188.0
end_to_end_latency,264,1138.0
end_to_end_latency,265,1089.0
end_to_end_latency,266,1038.0
end_to_end_latency,267,988.0
end_to_end_latency,268,938.0
end_to_end_latency,269,1971.0
end_to_end_latency,270,1921.0
end_to_end_latency,271,1871.0
end_to_end_latency,272,1821.0
end_to_end_latency,273,1770.0
end_to_end_latency,274,1721.0
end_to_end_latency,275,1672.0
end_to_end_latency,276,1622.0
end_to_end_latency,277,1571.0
end_to_end_latency,278,1521.0
end_to_end_latency,279,1471.0
end_to_end_latency,280,1422.0
end_to_end_latency,281,1372.0
end_to_end_latency,282,1322.0
end_to_end_latency,283,1272.0
end_to_end_latency,284,1557.0
end_to_end_latency,285,1507.0
end_to_end_latency,286,1457.0
end_to_end_latency,287,1407.0
end_to_end_latency,288,1357.0
end_to_end_latency,289,1308.0
end_to_end_latency,290,1258.0
end_to_end_latency,291,1208.0
end_to_end_latency,292,1158.0
end_to_end_latency,293,1109.0
end_to_end_latency,294,2092.0
end_to_end_latency,295,2043.0
end_to_end_latency,296,1993.0
end_to_end_latency,297,1941.0
end_to_end_latency,298,1892.0
end_to_end_latency,299,1842.0
end_to_end_latency,300,1794.0
end_to_end_latency,301,1744.0
end_to_end_latency,302,1694.0
end_to_end_latency,303,1644.0
end_to_end_latency,304,1594.0
end_to_end_latency,305,1544.0
end_to_end_latency,306,1494.0
end_to_end_latency,307,1444.0
end_to_end_latency,308,1394.0
end_to_end_latency,309,1344.0
end_to_end_latency,310,1296.0
end_to_end_latency,311,1246.0
end_to_end_latency,312,1196.0
end_to_end_latency,313,1145.0
end_to_end_latency,314,1096.0
end_to_end_latency,315,1046.0
end_to_end_latency,316,996.0
end_to_end_latency,317,946.0
end_to_end_latency,318,896.0
end_to_end_latency,319,846.0
end_to_end_latency,320,795.0
end_to_end_latency,321,1154.0
end_to_end_latency,322,1103.0
end_to_end_latency,323,1054.0
end_to_end_latency,324,1004.0
end_to_end_latency,325,1772.0
end_to_end_latency,326,1723.0
end_to_end_latency,327,1672.0
end_to_end_latency,328,1623.0
end_to_end_latency,329,1574.0
end_to_end_latency,330,1523.0
end_to_end_latency,331,1474.0
end_to_end_latency,332,1424.0
end_to_end_latency,333,1374.0
end_to_end_latency,334,1324.0
end_to_end_latency,335,1430.0
end_to_end_latency,336,1379.0
end_to_end_latency,337,1330.0
end_to_end_latency,338,1280.0
end_to_end_latency,339,1230.0
end_to_end_latency,340,1181.0
end_to_end_latency,341,1131.0
end_to_end_latency,342,1081.0
end_to_end_latency,343,1031.0
end_to_end_latency,344,981.0
end_to_end_latency,345,931.0
end_to_end_latency,346,880.0
end_to_end_latency,347,2050.0
end_to_end_latency,348,1999.0
end_to_end_latency,349,1950.0
end_to_end_latency,350,1900.0
end_to_end_latency,351,1850.0
end_to_end_latency,352,1801.0
end_to_end_latency,353,1751.0
end_to_end_latency,354,1700.0
end_to_end_latency,355,1651.0
end_to_end_latency,356,1600.0
end_to_end_latency,357,1551.0
end_to_end_latency,358,1500.0
end_to_end_latency,359,1450.0
end_to_end_latency,360,1401.0
end_to_end_latency,361,1351.0
end_to_end_latency,362,1301.0
end_to_end_latency,363,1252.0
end_to_end_latency,364,1202.0
end_to_end_latency,365,1152.0
end_to_end_latency,366,1102.0
end_to_end_latency,367,1052.0
end_to_end_latency,368,1002.0
end_to_end_latency,369,952.0
end_to_end_latency,370,902.0
end_to_end_latency,371,2062.0
end_to_end_latency,372,2012.0
end_to_end_latency,373,1962.0
end_to_end_latency,374,1912.0
end_to_end_latency,375,1862.0
end_to_end_latency,376,1811.0
end_to_end_latency,377,1762.0
end_to_end_latency,378,1713.0
end_to_end_latency,379,1663.0
end_to_end_latency,380,1613.0
end_to_end_latency,381,1563.0
end_to_end_latency,382,1514.0
end_to_end_latency,383,1463.0
end_to_end_latency,384,1414.0
end_to_end_latency,385,1364.0
end_to_end_latency,386,1313.0
end_to_end_latency,387,1263.0
end_to_end_latency,388,1360.0
end_to_end_latency,389,1311.0
end_to_end_latency,390,1260.0
end_to_end_latency,391,1211.0
end_to_end_latency,392,2370.0
end_to_end_latency,393,2321.0
end_to_end_latency,394,2270.0
end_to_end_latency,395,2221.0
end_to_end_latency,396,2171.0
end_to_end_latency,397,2121.0
end_to_end_latency,398,2071.0
end_to_end_latency,399,2020.0
end_to_end_latency,400,1971.0
end_to_end_latency,401,1920.0
end_to_end_latency,402,1871.0
end_to_end_latency,403,1822.0
end_to_end_latency,404,1771.0
end_to_end_latency,405,1722.0
end_to_end_latency,406,1671.0
end_to_end_latency,407,1621.0
end_to_end_latency,408,1573.0
end_to_end_latency,409,1522.0
end_to_end_latency,410,1472.0
end_to_end_latency,411,1423.0
end_to_end_latency,412,1372.0
end_to_end_latency,413,1322.0
end_to_end_latency,414,1274.0
end_to_end_latency,415,1223.0
end_to_end_latency,416,1173.0
end_to_end_latency,417,1123.0
end_to_end_latency,418,1073.0
end_to_end_latency,419,1023.0
end_to_end_latency,420,974.0
end_to_end_latency,421,924.0
end_to_end_latency,422,874.0
end_to_end_latency,423,824.0
end_to_end_latency,424,1138.0
end_to_end_latency,425,1087.0
end_to_end_latency,426,1038.0
end_to_end_latency,427,988.0
end_to_end_latency,428,938.0
end_to_end_latency,429,1748.0
end_to_end_latency,430,1699.0
end_to_end_latency,431,1648.0
end_to_end_latency,432,1599.0
end_to_end_latency,433,1549.0
end_to_end_latency,434,1499.0
end_to_end_latency,435,1450.0
end_to_end_latency,436,1399.0
end_to_end_latency,437,1349.0
end_to_end_latency,438,1300.0
end_to_end_latency,439,1250.0
end_to_end_latency,440,1407.0
end_to_end_latency,441,1358.0
end_to_end_latency,442,1307.0
end_to_end_latency,443,1258.0
end_to_end_latency,444,1207.0
end_to_end_latency,445,1158.0
end_to_end_latency,446,1109.0
end_to_end_latency,447,1058.0
end_to_end_latency,448,1009.0
end_to_end_latency,449,959.0
end_to_end_latency,450,2113.0
end_to_end_latency,451,2062.0
end_to_end_latency,452,2013.0
end_to_end_latency,453,1962.0
end_to_end_latency,454,1912.0
end_to_end_latency,455,1863.0
end_to_end_latency,456,1814.0
end_to_end_latency,457,1763.0
end_to_end_latency,458,1713.0
end_to_end_latency,459,1664.0
end_to_end_latency,460,1614.0
end_to_end_latency,461,1565.0
end_to_end_latency,462,1514.0
end_to_end_latency,463,1464.0
end_to_end_latency,464,1415.0
end_to_end_latency,465,1364.0
end_to_end_latency,466,1315.0
end_to_end_latency,467,1265.0
end_to_end_latency,468,1215.0
end_to_end_latency,469,1166.0
end_to_end_latency,470,1115.0
end_to_end_latency,471,1066.0
end_to_end_latency,472,1015.0
end_to_end_latency,473,966.0
end_to_end_latency,474,916.0
end_to_end_latency,475,866.0
end_to_end_latency,476,815.0
end_to_end_latency,477,1274.0
end_to_end_latency,478,1224.0
end_to_end_latency,479,1174.0
end_to_end_latency,480,1124.0
end_to_end_latency,481,1583.0
end_to_end_latency,482,1533.0
end_to_end_latency,483,1484.0
end_to_end_latency,484,1433.0
end_to_end_latency,485,1384.0
end_to_end_latency,486,1333.0
end_to_end_latency,487,1285.0
end_to_end_latency,488,1234.0
end_to_end_latency,489,1184.0
end_to_end_latency,490,1134.0
end_to_end_latency,491,1084.0
end_to_end_latency,492,1543.0
end_to_end_latency,493,1492.0
end_to_end_latency,494,1443.0
end_to_end_latency,495,1392.0
end_to_end_latency,496,1342.0
end_to_end_latency,497,2462.0
end_to_end_latency,498,2412.0
end_to_end_latency,499,2363.0
end_to_end_latency,500,2312.0
end_to_end_latency,501,2262.0
end_to_end_latency,502,2212.0
end_to_end_latency,503,2162.0
end_to_end_latency,504,2113.0
end_to_end_latency,505,2062.0
end_to_end_latency,506,2013.0
end_to_end_latency,507,1962.0
end_to_end_latency,508,1913.0
end_to_end_latency,509,1864.0
end_to_end_latency,510,1813.0
end_to_end_latency,511,1763.0
end_to_end_latency,512,1715.0
end_to_end_latency,513,1664.0
end_to_end_latency,514,1615.0
end_to_end_latency,515,1564.0
end_to_end_latency,516,1514.0
end_to_end_latency,517,1464.0
end_to_end_latency,518,1415.0
end_to_end_latency,519,1365.0
end_to_end_latency,520,1315.0
end_to_end_latency,521,1265.0
end_to_end_latency,522,1215.0
end_to_end_latency,523,1165.0
end_to_end_latency,524,1115.0
end_to_end_latency,525,1065.0
end_to_end_latency,526,1015.0
end_to_end_latency,527,966.0
end_to_end_latency,528,1799.0
end_to_end_latency,529,1749.0
end_to_end_latency,530,1698.0
end_to_end_latency,531,1648.0
end_to_end_latency,532,1598.0
end_to_end_latency,533,1548.0
end_to_end_latency,534,1498.0
end_to_end_latency,535,1449.0
end_to_end_latency,536,1398.0
end_to_end_latency,537,1348.0
end_to_end_latency,538,1299.0
end_to_end_latency,539,1249.0
end_to_end_latency,540,1199.0
end_to_end_latency,541,1149.0
end_to_end_latency,542,1099.0
end_to_end_latency,543,1387.0
end_to_end_latency,544,1337.0
end_to_end_latency,545,1287.0
end_to_end_latency,546,1237.0
end_to_end_latency,547,1187.0
end_to_end_latency,548,1137.0
end_to_end_latency,549,1087.0
end_to_end_latency,550,1037.0
end_to_end_latency,551,988.0
end_to_end_latency,552,937.0
end_to_end_latency,553,2241.0
end_to_end_latency,554,2191.0
end_to_end_latency,555,2141.0
end_to_end_latency,556,2091.0
end_to_end_latency,557,2041.0
end_to_end_latency,558,1993.0
end_to_end_latency,559,1942.0
end_to_end_latency,560,1893.0
end_to_end_latency,561,1842.0
end_to_end_latency,562,1792.0
end_to_end_latency,563,1742.0
end_to_end_latency,564,1692.0
end_to_end_latency,565,1642.0
end_to_end_latency,566,1592.0
end_to_end_latency,567,1542.0
end_to_end_latency,568,1492.0
end_to_end_latency,569,1442.0
end_to_end_latency,570,1392.0
end_to_end_latency,571,1342.0
end_to_end_latency,572,1292.0
end_to_end_latency,573,1243.0
end_to_end_latency,574,1193.0
end_to_end_latency,575,1144.0
end_to_end_latency,576,1093.0
end_to_end_latency,577,1043.0
end_to_end_latency,578,993.0
end_to_end_latency,579,943.0
end_to_end_latency,0,1682.0
end_to_end_latency,1,1632.0
end_to_end_latency,2,1583.0
end_to_end_latency,3,1533.0
end_to_end_latency,4,1484.0
end_to_end_latency,5,1433.0
end_to_end_latency,6,1384.0
end_to_end_latency,7,1334.0
end_to_end_latency,8,1284.0
end_to_end_latency,9,1234.0
end_to_end_latency,10,1183.0
end_to_end_latency,11,1133.0
end_to_end_latency,12,1084.0
end_to_end_latency,13,1034.0
end_to_end_latency,14,984.0
end_to_end_latency,15,934.0
end_to_end_latency,16,884.0
end_to_end_latency,17,834.0
end_to_end_latency,18,1999.0
end_to_end_latency,19,1949.0
end_to_end_latency,20,1899.0
end_to_end_latency,21,1849.0
end_to_end_latency,22,1800.0
end_to_end_latency,23,1750.0
end_to_end_latency,24,1700.0
end_to_end_latency,25,1650.0
end_to_end_latency,26,1600.0
end_to_end_latency,27,1550.0
end_to_end_latency,28,1501.0
end_to_end_latency,29,1450.0
end_to_end_latency,30,1400.0
end_to_end_latency,31,1351.0
end_to_end_latency,32,1302.0
end_to_end_latency,33,1251.0
end_to_end_latency,34,1202.0
end_to_end_latency,35,1151.0
end_to_end_latency,36,1102.0
end_to_end_latency,37,2072.0
end_to_end_latency,38,2021.0
end_to_end_latency,39,1972.0
end_to_end_latency,40,1921.0
end_to_end_latency,41,1871.0
end_to_end_latency,42,1823.0
end_to_end_latency,43,1772.0
end_to_end_latency,44,1723.0
end_to_end_latency,45,1673.0
end_to_end_latency,46,1624.0
end_to_end_latency,47,1573.0
end_to_end_latency,48,1524.0
end_to_end_latency,49,1473.0
end_to_end_latency,50,1423.0
end_to_end_latency,51,1374.0
end_to_end_latency,52,1324.0
end_to_end_latency,53,1275.0
end_to_end_latency,54,1224.0
end_to_end_latency,55,1175.0
end_to_end_latency,56,1124.0
end_to_end_latency,57,1415.0
end_to_end_latency,58,1366.0
end_to_end_latency,59,1315.0
end_to_end_latency,60,1265.0
end_to_end_latency,61,1216.0
end_to_end_latency,62,1165.0
end_to_end_latency,63,1117.0
end_to_end_latency,64,1066.0
end_to_end_latency,65,1017.0
end_to_end_latency,66,966.0
end_to_end_latency,67,1619.0
end_to_end_latency,68,1570.0
end_to_end_latency,69,1519.0
end_to_end_latency,70,1470.0
end_to_end_latency,71,1419.0
end_to_end_latency,72,1370.0
end_to_end_latency,73,1319.0
end_to_end_latency,74,1270.0
end_to_end_latency,75,1219.0
end_to_end_latency,76,1169.0
end_to_end_latency,77,1428.0
end_to_end_latency,78,1377.0
end_to_end_latency,79,1328.0
end_to_end_latency,80,1277.0
end_to_end_latency,81,1228.0
end_to_end_latency,82,1177.0
end_to_end_latency,83,2678.0
end_to_end_latency,84,2628.0
end_to_end_latency,85,2579.0
end_to_end_latency,86,2528.0
end_to_end_latency,87,2478.0
end_to_end_latency,88,2428.0
end_to_end_latency,89,2378.0
end_to_end_latency,90,2329.0
end_to_end_latency,91,2278.0
end_to_end_latency,92,2228.0
end_to_end_latency,93,2180.0
end_to_end_latency,94,2129.0
end_to_end_latency,95,2079.0
end_to_end_latency,96,2029.0
end_to_end_latency,97,1980.0
end_to_end_latency,98,1930.0
end_to_end_latency,99,1879.0
end_to_end_latency,100,1830.0
end_to_end_latency,101,1779.0
end_to_end_latency,102,1729.0
end_to_end_latency,103,1679.0
end_to_end_latency,104,1629.0
end_to_end_latency,105,1580.0
end_to_end_latency,106,1530.0
end_to_end_latency,107,1479.0
end_to_end_latency,108,1429.0
end_to_end_latency,109,1379.0
end_to_end_latency,110,1329.0
end_to_end_latency,111,1280.0
end_to_end_latency,112,1229.0
end_to_end_latency,113,1179.0
end_to_end_latency,114,1970.0
end_to_end_latency,115,1921.0
end_to_end_latency,116,1870.0
end_to_end_latency,117,1821.0
end_to_end_latency,118,1770.0
end_to_end_latency,119,1721.0
end_to_end_latency,120,1672.0
end_to_end_latency,121,1621.0
end_to_end_latency,122,1571.0
end_to_end_latency,123,1521.0
end_to_end_latency,124,1471.0
end_to_end_latency,125,1422.0
end_to_end_latency,126,1372.0
end_to_end_latency,127,1323.0
end_to_end_latency,128,1272.0
end_to_end_latency,129,1554.0
end_to_end_latency,130,1504.0
end_to_end_latency,131,1454.0
end_to_end_latency,132,1404.0
end_to_end_latency,133,1355.0
end_to_end_latency,134,2689.0
end_to_end_latency,135,2639.0
end_to_end_latency,136,2589.0
end_to_end_latency,137,2539.0
end_to_end_latency,138,2489.0
end_to_end_latency,139,2439.0
end_to_end_latency,140,2390.0
end_to_end_latency,141,2339.0
end_to_end_latency,142,2289.0
end_to_end_latency,143,2240.0
end_to_end_latency,144,2189.0
end_to_end_latency,145,2141.0
end_to_end_latency,146,2090.0
end_to_end_latency,147,2040.0
end_to_end_latency,148,1990.0
end_to_end_latency,149,1940.0
end_to_end_latency,150,1890.0
end_to_end_latency,151,1839.0
end_to_end_latency,152,1790.0
end_to_end_latency,153,1740.0
end_to_end_latency,154,1690.0
end_to_end_latency,155,1641.0
end_to_end_latency,156,1591.0
end_to_end_latency,157,1542.0
end_to_end_latency,158,1491.0
end_to_end_latency,159,1441.0
end_to_end_latency,160,1391.0
end_to_end_latency,161,1341.0
end_to_end_latency,162,1291.0
end_to_end_latency,163,1241.0
end_to_end_latency,164,1191.0
end_to_end_latency,165,1141.0
end_to_end_latency,166,1776.0
end_to_end_latency,167,1726.0
end_to_end_latency,168,1676.0
end_to_end_latency,169,1626.0
end_to_end_latency,170,1576.0
end_to_end_latency,171,1526.0
end_to_end_latency,172,1477.0
end_to_end_latency,173,1426.0
end_to_end_latency,174,1376.0
end_to_end_latency,175,1327.0
end_to_end_latency,176,1278.0
end_to_end_latency,177,1228.0
end_to_end_latency,178,1177.0
end_to_end_latency,179,1127.0
end_to_end_latency,180,1078.0
end_to_end_latency,181,1528.0
end_to_end_latency,182,1478.0
end_to_end_latency,183,1428.0
end_to_end_latency,184,1377.0
end_to_end_latency,185,1328.0
end_to_end_latency,186,1277.0
end_to_end_latency,187,2398.0
end_to_end_latency,188,2348.0
end_to_end_latency,189,2299.0
end_to_end_latency,190,2248.0
end_to_end_latency,191,2199.0
end_to_end_latency,192,2149.0
end_to_end_latency,193,2099.0
end_to_end_latency,194,2049.0
end_to_end_latency,195,1999.0
end_to_end_latency,196,1950.0
end_to_end_latency,197,1900.0
end_to_end_latency,198,1850.0
end_to_end_latency,199,1800.0
end_to_end_latency,200,1750.0
end_to_end_latency,201,1700.0
end_to_end_latency,202,1650.0
end_to_end_latency,203,1600.0
end_to_end_latency,204,1550.0
end_to_end_latency,205,1500.0
end_to_end_latency,206,1451.0
end_to_end_latency,207,1401.0
end_to_end_latency,208,1351.0
end_to_end_latency,209,1301.0
end_to_end_latency,210,1251.0
end_to_end_latency,211,1398.0
end_to_end_latency,212,1348.0
end_to_end_latency,213,1298.0
end_to_end_latency,214,1247.0
end_to_end_latency,215,1198.0
end_to_end_latency,216,1845.0
end_to_end_latency,217,1795.0
end_to_end_latency,218,1745.0
end_to_end_latency,219,1695.0
end_to_end_latency,220,1645.0
end_to_end_latency,221,1595.0
end_to_end_latency,222,1545.0
end_to_end_latency,223,1494.0
end_to_end_latency,224,1445.0
end_to_end_latency,225,1395.0
end_to_end_latency,226,1346.0
end_to_end_latency,227,1296.0
end_to_end_latency,228,1246.0
end_to_end_latency,229,1196.0
end_to_end_latency,230,1146.0
end_to_end_latency,231,1097.0
end_to_end_latency,232,1565.0
end_to_end_latency,233,1515.0
end_to_end_latency,234,1465.0
end_to_end_latency,235,1415.0
end_to_end_latency,236,1365.0
end_to_end_latency,237,1316.0
end_to_end_latency,238,1266.0
end_to_end_latency,239,1216.0
end_to_end_latency,240,1166.0
end_to_end_latency,241,1116.0
end_to_end_latency,242,2227.0
end_to_end_latency,243,2177.0
end_to_end_latency,244,2126.0
end_to_end_latency,245,2077.0
end_to_end_latency,246,2027.0
end_to_end_latency,247,1977.0
end_to_end_latency,248,1928.0
end_to_end_latency,249,1878.0
end_to_end_latency,250,1828.0
end_to_end_latency,251,1778.0
end_to_end_latency,252,1728.0
end_to_end_latency,253,1679.0
end_to_end_latency,254,1629.0
end_to_end_latency,255,1579.0
end_to_end_latency,256,1529.0
end_to_end_latency,257,1479.0
end_to_end_latency,258,1429.0
end_to_end_latency,259,1379.0
end_to_end_latency,260,1328.0
end_to_end_latency,261,1279.0
end_to_end_latency,262,1432.0
end_to_end_latency,263,1382.0
end_to_end_latency,264,1331.0
end_to_end_latency,265,1282.0
end_to_end_latency,266,1232.0
end_to_end_latency,267,1182.0
end_to_end_latency,268,1133.0
end_to_end_latency,269,1083.0
end_to_end_latency,270,1033.0
end_to_end_latency,271,983.0
end_to_end_latency,272,932.0
end_to_end_latency,273,1763.0
end_to_end_latency,274,1712.0
end_to_end_latency,275,1663.0
end_to_end_latency,276,1613.0
end_to_end_latency,277,1562.0
end_to_end_latency,278,1514.0
end_to_end_latency,279,1464.0
end_to_end_latency,280,1414.0
end_to_end_latency,281,1364.0
end_to_end_latency,282,1315.0
end_to_end_latency,283,1265.0
end_to_end_latency,284,1548.0
end_to_end_latency,285,1499.0
end_to_end_latency,286,1449.0
end_to_end_latency,287,1398.0
end_to_end_latency,288,2383.0
end_to_end_latency,289,2333.0
end_to_end_latency,290,2283.0
end_to_end_latency,291,2232.0
end_to_end_latency,292,2182.0
end_to_end_latency,293,2133.0
end_to_end_latency,294,2082.0
end_to_end_latency,295,2033.0
end_to_end_latency,296,1982.0
end_to_end_latency,297,1933.0
end_to_end_latency,298,1883.0
end_to_end_latency,299,1834.0
end_to_end_latency,300,1786.0
end_to_end_latency,301,1736.0
end_to_end_latency,302,1686.0
end_to_end_latency,303,1636.0
end_to_end_latency,304,1585.0
end_to_end_latency,305,1536.0
end_to_end_latency,306,1486.0
end_to_end_latency,307,1436.0
end_to_end_latency,308,1386.0
end_to_end_latency,309,1337.0
end_to_end_latency,310,1287.0
end_to_end_latency,311,1237.0
end_to_end_latency,312,1187.0
end_to_end_latency,313,1136.0
end_to_end_latency,314,1086.0
end_to_end_latency,315,1446.0
end_to_end_latency,316,1396.0
end_to_end_latency,317,1346.0
end_to_end_latency,318,1296.0
end_to_end_latency,319,1246.0
end_to_end_latency,320,2015.0
end_to_end_latency,321,1965.0
end_to_end_latency,322,1915.0
end_to_end_latency,323,1865.0
end_to_end_latency,324,1815.0
end_to_end_latency,325,1765.0
end_to_end_latency,326,1714.0
end_to_end_latency,327,1665.0
end_to_end_latency,328,1615.0
end_to_end_latency,329,1564.0
end_to_end_latency,330,1515.0
end_to_end_latency,331,1466.0
end_to_end_latency,332,1415.0
end_to_end_latency,333,1366.0
end_to_end_latency,334,1315.0
end_to_end_latency,335,1422.0
end_to_end_latency,336,1372.0
end_to_end_latency,337,1321.0
end_to_end_latency,338,1272.0
end_to_end_latency,339,1222.0
end_to_end_latency,340,1171.0
end_to_end_latency,341,2341.0
end_to_end_latency,342,2291.0
end_to_end_latency,343,2241.0
end_to_end_latency,344,2191.0
end_to_end_latency,345,2141.0
end_to_end_latency,346,2092.0
end_to_end_latency,347,2041.0
end_to_end_latency,348,1991.0
end_to_end_latency,349,1940.0
end_to_end_latency,350,1890.0
end_to_end_latency,351,1842.0
end_to_end_latency,352,1791.0
end_to_end_latency,353,1742.0
end_to_end_latency,354,1692.0
end_to_end_latency,355,1642.0
end_to_end_latency,356,1592.0
end_to_end_latency,357,1543.0
end_to_end_latency,358,1492.0
end_to_end_latency,359,1443.0
end_to_end_latency,360,1392.0
end_to_end_latency,361,1343.0
end_to_end_latency,362,1293.0
end_to_end_latency,363,1244.0
end_to_end_latency,364,1194.0
end_to_end_latency,365,1143.0
end_to_end_latency,366,1618.0
end_to_end_latency,367,1569.0
end_to_end_latency,368,1519.0
end_to_end_latency,369,1468.0
end_to_end_latency,370,1419.0
end_to_end_latency,371,1368.0
end_to_end_latency,372,2005.0
end_to_end_latency,373,1954.0
end_to_end_latency,374,1905.0
end_to_end_latency,375,1854.0
end_to_end_latency,376,1805.0
end_to_end_latency,377,1754.0
end_to_end_latency,378,1705.0
end_to_end_latency,379,1654.0
end_to_end_latency,380,1605.0
end_to_end_latency,381,1555.0
end_to_end_latency,382,1504.0
end_to_end_latency,383,1455.0
end_to_end_latency,384,1405.0
end_to_end_latency,385,1354.0
end_to_end_latency,386,1304.0
end_to_end_latency,387,1254.0
end_to_end_latency,388,1352.0
end_to_end_latency,389,1303.0
end_to_end_latency,390,1252.0
end_to_end_latency,391,1203.0
end_to_end_latency,392,2362.0
end_to_end_latency,393,2313.0
end_to_end_latency,394,2262.0
end_to_end_latency,395,2212.0
end_to_end_latency,396,2163.0
end_to_end_latency,397,2112.0
end_to_end_latency,398,2063.0
end_to_end_latency,399,2013.0
end_to_end_latency,400,1963.0
end_to_end_latency,401,1913.0
end_to_end_latency,402,1862.0
end_to_end_latency,403,1814.0
end_to_end_latency,404,1765.0
end_to_end_latency,405,1714.0
end_to_end_latency,406,1665.0
end_to_end_latency,407,1614.0
end_to_end_latency,408,1565.0
end_to_end_latency,409,1514.0
end_to_end_latency,410,1465.0
end_to_end_latency,411,1415.0
end_to_end_latency,412,1365.0
end_to_end_latency,413,1315.0
end_to_end_latency,414,1265.0
end_to_end_latency,415,1214.0
end_to_end_latency,416,1164.0
end_to_end_latency,417,1115.0
end_to_end_latency,418,1065.0
end_to_end_latency,419,1379.0
end_to_end_latency,420,1329.0
end_to_end_latency,421,1279.0
end_to_end_latency,422,1230.0
end_to_end_latency,423,1179.0
end_to_end_latency,424,1991.0
end_to_end_latency,425,1940.0
end_to_end_latency,426,1891.0
end_to_end_latency,427,1840.0
end_to_end_latency,428,1790.0
end_to_end_latency,429,1740.0
end_to_end_latency,430,1690.0
end_to_end_latency,431,1641.0
end_to_end_latency,432,1590.0
end_to_end_latency,433,1541.0
end_to_end_latency,434,1492.0
end_to_end_latency,435,1441.0
end_to_end_latency,436,1391.0
end_to_end_latency,437,1341.0
end_to_end_latency,438,1292.0
end_to_end_latency,439,1242.0
end_to_end_latency,440,1400.0
end_to_end_latency,441,1349.0
end_to_end_latency,442,1299.0
end_to_end_latency,443,1250.0
end_to_end_latency,444,2404.0
end_to_end_latency,445,2354.0
end_to_end_latency,446,2304.0
end_to_end_latency,447,2254.0
end_to_end_latency,448,2204.0
end_to_end_latency,449,2154.0
end_to_end_latency,450,2104.0
end_to_end_latency,451,2054.0
end_to_end_latency,452,2004.0
end_to_end_latency,453,1954.0
end_to_end_latency,454,1904.0
end_to_end_latency,455,1855.0
end_to_end_latency,456,1805.0
end_to_end_latency,457,1756.0
end_to_end_latency,458,1705.0
end_to_end_latency,459,1656.0
end_to_end_latency,460,1606.0
end_to_end_latency,461,1556.0
end_to_end_latency,462,1507.0
end_to_end_latency,463,1456.0
end_to_end_latency,464,1406.0
end_to_end_latency,465,1356.0
end_to_end_latency,466,1307.0
end_to_end_latency,467,1257.0
end_to_end_latency,468,1207.0
end_to_end_latency,469,1157.0
end_to_end_latency,470,1107.0
end_to_end_latency,471,1565.0
end_to_end_latency,472,1515.0
end_to_end_latency,473,1465.0
end_to_end_latency,474,1415.0
end_to_end_latency,475,1365.0
end_to_end_latency,476,1825.0
end_to_end_latency,477,1776.0
end_to_end_latency,478,1726.0
end_to_end_latency,479,1676.0
end_to_end_latency,480,1626.0
end_to_end_latency,481,1575.0
end_to_end_latency,482,1525.0
end_to_end_latency,483,1475.0
end_to_end_latency,484,1425.0
end_to_end_latency,485,1375.0
end_to_end_latency,486,1325.0
end_to_end_latency,487,1276.0
end_to_end_latency,488,1225.0
end_to_end_latency,489,1176.0
end_to_end_latency,490,1127.0
end_to_end_latency,491,1076.0
end_to_end_latency,492,1534.0
end_to_end_latency,493,1485.0
end_to_end_latency,494,1435.0
end_to_end_latency,495,1384.0
end_to_end_latency,496,1334.0
end_to_end_latency,497,2455.0
end_to_end_latency,498,2405.0
end_to_end_latency,499,2354.0
end_to_end_latency,500,2304.0
end_to_end_latency,501,2255.0
end_to_end_latency,502,2205.0
end_to_end_latency,503,2154.0
end_to_end_latency,504,2105.0
end_to_end_latency,505,2054.0
end_to_end_latency,506,2004.0
end_to_end_latency,507,1955.0
end_to_end_latency,508,1905.0
end_to_end_latency,509,1855.0
end_to_end_latency,510,1805.0
end_to_end_latency,511,1755.0
end_to_end_latency,512,1706.0
end_to_end_latency,513,1656.0
end_to_end_latency,514,1606.0
end_to_end_latency,515,1556.0
end_to_end_latency,516,1506.0
end_to_end_latency,517,1457.0
end_to_end_latency,518,1407.0
end_to_end_latency,519,1357.0
end_to_end_latency,520,1307.0
end_to_end_latency,521,1257.0
end_to_end_latency,522,1408.0
end_to_end_latency,523,1358.0
end_to_end_latency,524,1308.0
end_to_end_latency,525,1258.0
end_to_end_latency,526,1208.0
end_to_end_latency,527,1158.0
end_to_end_latency,528,1108.0
end_to_end_latency,529,1058.0
end_to_end_latency,530,1008.0
end_to_end_latency,531,958.0
end_to_end_latency,532,908.0
end_to_end_latency,533,1540.0
end_to_end_latency,534,1490.0
end_to_end_latency,535,1441.0
end_to_end_latency,536,1390.0
end_to_end_latency,537,1341.0
end_to_end_latency,538,1291.0
end_to_end_latency,539,1241.0
end_to_end_latency,540,1191.0
end_to_end_latency,541,1141.0
end_to_end_latency,542,1091.0
end_to_end_latency,543,1041.0
end_to_end_latency,544,1329.0
end_to_end_latency,545,1279.0
end_to_end_latency,546,1229.0
end_to_end_latency,547,1179.0
end_to_end_latency,548,2483.0
end_to_end_latency,549,2432.0
end_to_end_latency,550,2383.0
end_to_end_latency,551,2332.0
end_to_end_latency,552,2283.0
end_to_end_latency,553,2232.0
end_to_end_latency,554,2184.0
end_to_end_latency,555,2133.0
end_to_end_latency,556,2083.0
end_to_end_latency,557,2034.0
end_to_end_latency,558,1983.0
end_to_end_latency,559,1934.0
end_to_end_latency,560,1884.0
end_to_end_latency,561,1834.0
end_to_end_latency,562,1784.0
end_to_end_latency,563,1734.0
end_to_end_latency,564,1683.0
end_to_end_latency,565,1634.0
end_to_end_latency,566,1584.0
end_to_end_latency,567,1534.0
end_to_end_latency,568,1484.0
end_to_end_latency,569,1435.0
end_to_end_latency,570,1385.0
end_to_end_latency,571,1335.0
end_to_end_latency,572,1285.0
end_to_end_latency,573,1234.0
end_to_end_latency,574,1521.0
end_to_end_latency,575,1470.0
end_to_end_latency,576,1421.0
end_to_end_latency,577,1371.0
end_to_end_latency,578,1321.0
end_to_end_latency,579,1271.0
end_to_end_latency,580,1221.0
end_to_end_latency,581,1172.0
end_to_end_latency,582,1121.0
end_to_end_latency,583,1071.0
end_to_end_latency,0,1554.0
end_to_end_latency,1,1504.0
end_to_end_latency,2,2669.0
end_to_end_latency,3,2618.0
end_to_end_latency,4,2569.0
end_to_end_latency,5,2519.0
end_to_end_latency,6,2470.0
end_to_end_latency,7,2419.0
end_to_end_latency,8,2370.0
end_to_end_latency,9,2320.0
end_to_end_latency,10,2269.0
end_to_end_latency,11,2220.0
end_to_end_latency,12,2169.0
end_to_end_latency,13,2120.0
end_to_end_latency,14,2070.0
end_to_end_latency,15,2020.0
end_to_end_latency,16,1970.0
end_to_end_latency,17,1919.0
end_to_end_latency,18,1870.0
end_to_end_latency,19,1820.0
end_to_end_latency,20,1770.0
end_to_end_latency,21,1721.0
end_to_end_latency,22,1670.0
end_to_end_latency,23,1621.0
end_to_end_latency,24,1571.0
end_to_end_latency,25,1520.0
end_to_end_latency,26,1471.0
end_to_end_latency,27,1420.0
end_to_end_latency,28,2393.0
end_to_end_latency,29,2343.0
end_to_end_latency,30,2292.0
end_to_end_latency,31,2242.0
end_to_end_latency,32,2192.0
end_to_end_latency,33,2143.0
end_to_end_latency,34,2093.0
end_to_end_latency,35,2044.0
end_to_end_latency,36,1993.0
end_to_end_latency,37,1944.0
end_to_end_latency,38,1893.0
end_to_end_latency,39,1844.0
end_to_end_latency,40,1794.0
end_to_end_latency,41,1744.0
end_to_end_latency,42,1694.0
end_to_end_latency,43,1644.0
end_to_end_latency,44,1595.0
end_to_end_latency,45,1545.0
end_to_end_latency,46,1495.0
end_to_end_latency,47,1445.0
end_to_end_latency,48,1394.0
end_to_end_latency,49,1346.0
end_to_end_latency,50,1296.0
end_to_end_latency,51,1245.0
end_to_end_latency,52,1196.0
end_to_end_latency,53,1146.0
end_to_end_latency,54,1096.0
end_to_end_latency,55,1387.0
end_to_end_latency,56,1336.0
end_to_end_latency,57,1287.0
end_to_end_latency,58,1236.0
end_to_end_latency,59,1890.0
end_to_end_latency,60,1840.0
end_to_end_latency,61,1789.0
end_to_end_latency,62,1740.0
end_to_end_latency,63,1689.0
end_to_end_latency,64,1640.0
end_to_end_latency,65,1590.0
end_to_end_latency,66,1540.0
end_to_end_latency,67,1491.0
end_to_end_latency,68,1441.0
end_to_end_latency,69,1391.0
end_to_end_latency,70,1340.0
end_to_end_latency,71,1291.0
end_to_end_latency,72,1240.0
end_to_end_latency,73,1191.0
end_to_end_latency,74,1140.0
end_to_end_latency,75,1091.0
end_to_end_latency,76,1042.0
end_to_end_latency,77,991.0
end_to_end_latency,78,940.0
end_to_end_latency,79,891.0
end_to_end_latency,80,2699.0
end_to_end_latency,81,2649.0
end_to_end_latency,82,2599.0
end_to_end_latency,83,2550.0
end_to_end_latency,84,2499.0
end_to_end_latency,85,2450.0
end_to_end_latency,86,2400.0
end_to_end_latency,87,2349.0
end_to_end_latency,88,2300.0
end_to_end_latency,89,2250.0
end_to_end_latency,90,2199.0
end_to_end_latency,91,2150.0
end_to_end_latency,92,2100.0
end_to_end_latency,93,2050.0
end_to_end_latency,94,2000.0
end_to_end_latency,95,1949.0
end_to_end_latency,96,1900.0
end_to_end_latency,97,1850.0
end_to_end_latency,98,1801.0
end_to_end_latency,99,1750.0
end_to_end_latency,100,1700.0
end_to_end_latency,101,1651.0
end_to_end_latency,102,1600.0
end_to_end_latency,103,1551.0
end_to_end_latency,104,1500.0
end_to_end_latency,105,1450.0
end_to_end_latency,106,1400.0
end_to_end_latency,107,1350.0
end_to_end_latency,108,1300.0
end_to_end_latency,109,1250.0
end_to_end_latency,110,2042.0
end_to_end_latency,111,1991.0
end_to_end_latency,112,1942.0
end_to_end_latency,113,1891.0
end_to_end_latency,114,1841.0
end_to_end_latency,115,1792.0
end_to_end_latency,116,1742.0
end_to_end_latency,117,1691.0
end_to_end_latency,118,1642.0
end_to_end_latency,119,1591.0
end_to_end_latency,120,1542.0
end_to_end_latency,121,1493.0
end_to_end_latency,122,1443.0
end_to_end_latency,123,1393.0
end_to_end_latency,124,1344.0
end_to_end_latency,125,1293.0
end_to_end_latency,126,1243.0
end_to_end_latency,127,1193.0
end_to_end_latency,128,1143.0
end_to_end_latency,129,1093.0
end_to_end_latency,130,1044.0
end_to_end_latency,131,2710.0
end_to_end_latency,132,2660.0
end_to_end_latency,133,2611.0
end_to_end_latency,134,2561.0
end_to_end_latency,135,2511.0
end_to_end_latency,136,2460.0
end_to_end_latency,137,2411.0
end_to_end_latency,138,2360.0
end_to_end_latency,139,2311.0
end_to_end_latency,140,2260.0
end_to_end_latency,141,2211.0
end_to_end_latency,142,2160.0
end_to_end_latency,143,2111.0
end_to_end_latency,144,2062.0
end_to_end_latency,145,2012.0
end_to_end_latency,146,1962.0
end_to_end_latency,147,1912.0
end_to_end_latency,148,1861.0
end_to_end_latency,149,1811.0
end_to_end_latency,150,1761.0
end_to_end_latency,151,1712.0
end_to_end_latency,152,1663.0
end_to_end_latency,153,1612.0
end_to_end_latency,154,1563.0
end_to_end_latency,155,1513.0
end_to_end_latency,156,1462.0
end_to_end_latency,157,1412.0
end_to_end_latency,158,1363.0
end_to_end_latency,159,1312.0
end_to_end_latency,160,1262.0
end_to_end_latency,161,1212.0
end_to_end_latency,162,1847.0
end_to_end_latency,163,1797.0
end_to_end_latency,164,1748.0
end_to_end_latency,165,1697.0
end_to_end_latency,166,1648.0
end_to_end_latency,167,1597.0
end_to_end_latency,168,1547.0
end_to_end_latency,169,1497.0
end_to_end_latency,170,1447.0
end_to_end_latency,171,1398.0
end_to_end_latency,172,1348.0
end_to_end_latency,173,1298.0
end_to_end_latency,174,1248.0
end_to_end_latency,175,1199.0
end_to_end_latency,176,1149.0
end_to_end_latency,177,1099.0
end_to_end_latency,178,1048.0
end_to_end_latency,179,998.0
end_to_end_latency,180,948.0
end_to_end_latency,181,898.0
end_to_end_latency,182,848.0
end_to_end_latency,183,798.0
end_to_end_latency,184,1250.0
end_to_end_latency,185,1200.0
end_to_end_latency,186,1149.0
end_to_end_latency,187,1099.0
end_to_end_latency,188,2219.0
end_to_end_latency,189,2169.0
end_to_end_latency,190,2119.0
end_to_end_latency,191,2070.0
end_to_end_latency,192,2020.0
end_to_end_latency,193,1969.0
end_to_end_latency,194,1919.0
end_to_end_latency,195,1871.0
end_to_end_latency,196,1821.0
end_to_end_latency,197,1771.0
end_to_end_latency,198,1721.0
end_to_end_latency,199,1670.0
end_to_end_latency,200,1621.0
end_to_end_latency,201,1571.0
end_to_end_latency,202,1521.0
end_to_end_latency,203,1472.0
end_to_end_latency,204,1422.0
end_to_end_latency,205,1372.0
end_to_end_latency,206,1322.0
end_to_end_latency,207,1272.0
end_to_end_latency,208,1222.0
end_to_end_latency,209,1369.0
end_to_end_latency,210,1319.0
end_to_end_latency,211,1269.0
end_to_end_latency,212,1220.0
end_to_end_latency,213,1170.0
end_to_end_latency,214,1120.0
end_to_end_latency,215,1070.0
end_to_end_latency,216,1020.0
end_to_end_latency,217,970.0
end_to_end_latency,218,920.0
end_to_end_latency,219,1566.0
end_to_end_latency,220,1516.0
end_to_end_latency,221,1466.0
end_to_end_latency,222,1417.0
end_to_end_latency,223,1366.0
end_to_end_latency,224,1317.0
end_to_end_latency,225,1267.0
end_to_end_latency,226,1217.0
end_to_end_latency,227,1167.0
end_to_end_latency,228,1117.0
end_to_end_latency,229,1067.0
end_to_end_latency,230,1017.0
end_to_end_latency,231,967.0
end_to_end_latency,232,917.0
end_to_end_latency,233,867.0
end_to_end_latency,234,2498.0
end_to_end_latency,235,2447.0
end_to_end_latency,236,2397.0
end_to_end_latency,237,2347.0
end_to_end_latency,238,2297.0
end_to_end_latency,239,2248.0
end_to_end_latency,240,2199.0
end_to_end_latency,241,2148.0
end_to_end_latency,242,2099.0
end_to_end_latency,243,2048.0
end_to_end_latency,244,1999.0
end_to_end_latency,245,1949.0
end_to_end_latency,246,1899.0
end_to_end_latency,247,1849.0
end_to_end_latency,248,1799.0
end_to_end_latency,249,1749.0
end_to_end_latency,250,1700.0
end_to_end_latency,251,1650.0
end_to_end_latency,252,1600.0
end_to_end_latency,253,1549.0
end_to_end_latency,254,1500.0
end_to_end_latency,255,1449.0
end_to_end_latency,256,1400.0
end_to_end_latency,257,1350.0
end_to_end_latency,258,1300.0
end_to_end_latency,259,1250.0
end_to_end_latency,260,1200.0
end_to_end_latency,261,1353.0
end_to_end_latency,262,1302.0
end_to_end_latency,263,1253.0
end_to_end_latency,264,1203.0
end_to_end_latency,265,2033.0
end_to_end_latency,266,1984.0
end_to_end_latency,267,1934.0
end_to_end_latency,268,1883.0
end_to_end_latency,269,1834.0
end_to_end_latency,270,1784.0
end_to_end_latency,271,1734.0
end_to_end_latency,272,1684.0
end_to_end_latency,273,1634.0
end_to_end_latency,274,1585.0
end_to_end_latency,275,1535.0
end_to_end_latency,276,1486.0
end_to_end_latency,277,1436.0
end_to_end_latency,278,1385.0
end_to_end_latency,279,1335.0
end_to_end_latency,280,1286.0
end_to_end_latency,281,1234.0
end_to_end_latency,282,1185.0
end_to_end_latency,283,1135.0
end_to_end_latency,284,1085.0
end_to_end_latency,285,1034.0
end_to_end_latency,286,2354.0
end_to_end_latency,287,2304.0
end_to_end_latency,288,2254.0
end_to_end_latency,289,2204.0
end_to_end_latency,290,2153.0
end_to_end_latency,291,2104.0
end_to_end_latency,292,2055.0
end_to_end_latency,293,2005.0
end_to_end_latency,294,1954.0
end_to_end_latency,295,1905.0
end_to_end_latency,296,1856.0
end_to_end_latency,297,1806.0
end_to_end_latency,298,1756.0
end_to_end_latency,299,1706.0
end_to_end_latency,300,1657.0
end_to_end_latency,301,1607.0
end_to_end_latency,302,1557.0
end_to_end_latency,303,1506.0
end_to_end_latency,304,1457.0
end_to_end_latency,305,1407.0
end_to_end_latency,306,1357.0
end_to_end_latency,307,1308.0
end_to_end_latency,308,1258.0
end_to_end_latency,309,1208.0
end_to_end_latency,310,1158.0
end_to_end_latency,311,1108.0
end_to_end_latency,312,1467.0
end_to_end_latency,313,1417.0
end_to_end_latency,314,1367.0
end_to_end_latency,315,1317.0
end_to_end_latency,316,1267.0
end_to_end_latency,317,2036.0
end_to_end_latency,318,1986.0
end_to_end_latency,319,1936.0
end_to_end_latency,320,1886.0
end_to_end_latency,321,1836.0
end_to_end_latency,322,1785.0
end_to_end_latency,323,1735.0
end_to_end_latency,324,1685.0
end_to_end_latency,325,1636.0
end_to_end_latency,326,1586.0
end_to_end_latency,327,1536.0
end_to_end_latency,328,1487.0
end_to_end_latency,329,1437.0
end_to_end_latency,330,1387.0
end_to_end_latency,331,1337.0
end_to_end_latency,332,1287.0
end_to_end_latency,333,1237.0
end_to_end_latency,334,1187.0
end_to_end_latency,335,1136.0
end_to_end_latency,336,1087.0
end_to_end_latency,337,1037.0
end_to_end_latency,338,987.0
end_to_end_latency,339,2312.0
end_to_end_latency,340,2262.0
end_to_end_latency,341,2212.0
end_to_end_latency,342,2161.0
end_to_end_latency,343,2113.0
end_to_end_latency,344,2063.0
end_to_end_latency,345,2012.0
end_to_end_latency,346,1963.0
end_to_end_latency,347,1912.0
end_to_end_latency,348,1862.0
end_to_end_latency,349,1813.0
end_to_end_latency,350,1764.0
end_to_end_latency,351,1713.0
end_to_end_latency,352,1663.0
end_to_end_latency,353,1615.0
end_to_end_latency,354,1565.0
end_to_end_latency,355,1515.0
end_to_end_latency,356,1464.0
end_to_end_latency,357,1415.0
end_to_end_latency,358,1364.0
end_to_end_latency,359,1315.0
end_to_end_latency,360,1264.0
end_to_end_latency,361,1215.0
end_to_end_latency,362,1165.0
end_to_end_latency,363,1115.0
end_to_end_latency,364,1589.0
end_to_end_latency,365,1538.0
end_to_end_latency,366,1489.0
end_to_end_latency,367,1439.0
end_to_end_latency,368,1388.0
end_to_end_latency,369,1339.0
end_to_end_latency,370,1289.0
end_to_end_latency,371,1240.0
end_to_end_latency,372,1189.0
end_to_end_latency,373,1140.0
end_to_end_latency,374,1090.0
end_to_end_latency,375,1039.0
end_to_end_latency,376,1675.0
end_to_end_latency,377,1626.0
end_to_end_latency,378,1575.0
end_to_end_latency,379,1526.0
end_to_end_latency,380,1477.0
end_to_end_latency,381,1427.0
end_to_end_latency,382,1377.0
end_to_end_latency,383,1327.0
end_to_end_latency,384,1277.0
end_to_end_latency,385,1226.0
end_to_end_latency,386,1176.0
end_to_end_latency,387,1127.0
end_to_end_latency,388,1077.0
end_to_end_latency,389,1026.0
end_to_end_latency,390,1123.0
end_to_end_latency,391,1074.0
end_to_end_latency,392,1023.0
end_to_end_latency,393,973.0
end_to_end_latency,394,924.0
end_to_end_latency,395,873.0
end_to_end_latency,396,2033.0
end_to_end_latency,397,1984.0
end_to_end_latency,398,1933.0
end_to_end_latency,399,1884.0
end_to_end_latency,400,1835.0
end_to_end_latency,401,1785.0
end_to_end_latency,402,1734.0
end_to_end_latency,403,1685.0
end_to_end_latency,404,1634.0
end_to_end_latency,405,1584.0
end_to_end_latency,406,1535.0
end_to_end_latency,407,1485.0
end_to_end_latency,408,1435.0
end_to_end_latency,409,1386.0
end_to_end_latency,410,1336.0
end_to_end_latency,411,1285.0
end_to_end_latency,412,1235.0
end_to_end_latency,413,1186.0
end_to_end_latency,414,1135.0
end_to_end_latency,415,1085.0
end_to_end_latency,416,1035.0
end_to_end_latency,417,1350.0
end_to_end_latency,418,1300.0
end_to_end_latency,419,1251.0
end_to_end_latency,420,1200.0
end_to_end_latency,421,2011.0
end_to_end_latency,422,1961.0
end_to_end_latency,423,1912.0
end_to_end_latency,424,1861.0
end_to_end_latency,425,1812.0
end_to_end_latency,426,1762.0
end_to_end_latency,427,1711.0
end_to_end_latency,428,1661.0
end_to_end_latency,429,1611.0
end_to_end_latency,430,1561.0
end_to_end_latency,431,1512.0
end_to_end_latency,432,1463.0
end_to_end_latency,433,1412.0
end_to_end_latency,434,1363.0
end_to_end_latency,435,1312.0
end_to_end_latency,436,1262.0
end_to_end_latency,437,1212.0
end_to_end_latency,438,1162.0
end_to_end_latency,439,1113.0
end_to_end_latency,440,1062.0
end_to_end_latency,441,2426.0
end_to_end_latency,442,2375.0
end_to_end_latency,443,2325.0
end_to_end_latency,444,2275.0
end_to_end_latency,445,2225.0
end_to_end_latency,446,2176.0
end_to_end_latency,447,2126.0
end_to_end_latency,448,2075.0
end_to_end_latency,449,2025.0
end_to_end_latency,450,1975.0
end_to_end_latency,451,1925.0
end_to_end_latency,452,1875.0
end_to_end_latency,453,1826.0
end_to_end_latency,454,1776.0
end_to_end_latency,455,1726.0
end_to_end_latency,456,1676.0
end_to_end_latency,457,1625.0
end_to_end_latency,458,1577.0
end_to_end_latency,459,1527.0
end_to_end_latency,460,1477.0
end_to_end_latency,461,1427.0
end_to_end_latency,462,1377.0
end_to_end_latency,463,1328.0
end_to_end_latency,464,1279.0
end_to_end_latency,465,1228.0
end_to_end_latency,466,1179.0
end_to_end_latency,467,1128.0
end_to_end_latency,468,1078.0
end_to_end_latency,469,1536.0
end_to_end_latency,470,1486.0
end_to_end_latency,471,1437.0
end_to_end_latency,472,1387.0
end_to_end_latency,473,1337.0
end_to_end_latency,474,1796.0
end_to_end_latency,475,1746.0
end_to_end_latency,476,1696.0
end_to_end_latency,477,1647.0
end_to_end_latency,478,1597.0
end_to_end_latency,479,1546.0
end_to_end_latency,480,1496.0
end_to_end_latency,481,1447.0
end_to_end_latency,482,1396.0
end_to_end_latency,483,1346.0
end_to_end_latency,484,1296.0
end_to_end_latency,485,1248.0
end_to_end_latency,486,1197.0
end_to_end_latency,487,1148.0
end_to_end_latency,488,1097.0
end_to_end_latency,489,1048.0
end_to_end_latency,490,998.0
end_to_end_latency,491,947.0
end_to_end_latency,492,897.0
end_to_end_latency,493,848.0
end_to_end_latency,494,798.0
end_to_end_latency,495,1256.0
end_to_end_latency,496,1206.0
end_to_end_latency,497,1157.0
end_to_end_latency,498,1107.0
end_to_end_latency,499,2226.0
end_to_end_latency,500,2175.0
end_to_end_latency,501,2126.0
end_to_end_latency,502,2075.0
end_to_end_latency,503,2025.0
end_to_end_latency,504,1975.0
end_to_end_latency,505,1926.0
end_to_end_latency,506,1877.0
end_to_end_latency,507,1827.0
end_to_end_latency,508,1777.0
end_to_end_latency,509,1727.0
end_to_end_latency,510,1677.0
end_to_end_latency,511,1628.0
end_to_end_latency,512,1578.0
end_to_end_latency,513,1527.0
end_to_end_latency,514,1477.0
end_to_end_latency,515,1427.0
end_to_end_latency,516,1378.0
end_to_end_latency,517,1328.0
end_to_end_latency,518,1278.0
end_to_end_latency,519,1228.0
end_to_end_latency,520,1379.0
end_to_end_latency,521,1327.0
end_to_end_latency,522,1278.0
end_to_end_latency,523,1228.0
end_to_end_latency,524,1178.0
end_to_end_latency,525,1128.0
end_to_end_latency,526,1761.0
end_to_end_latency,527,1711.0
end_to_end_latency,528,1661.0
end_to_end_latency,529,1610.0
end_to_end_latency,530,1562.0
end_to_end_latency,531,1512.0
end_to_end_latency,532,1463.0
end_to_end_latency,533,1413.0
end_to_end_latency,534,1362.0
end_to_end_latency,535,1312.0
end_to_end_latency,536,1262.0
end_to_end_latency,537,1212.0
end_to_end_latency,538,1162.0
end_to_end_latency,539,1112.0
end_to_end_latency,540,1063.0
end_to_end_latency,541,1013.0
end_to_end_latency,542,964.0
end_to_end_latency,543,914.0
end_to_end_latency,544,863.0
end_to_end_latency,545,2503.0
end_to_end_latency,546,2454.0
end_to_end_latency,547,2404.0
end_to_end_latency,548,2354.0
end_to_end_latency,549,2304.0
end_to_end_latency,550,2254.0
end_to_end_latency,551,2204.0
end_to_end_latency,552,2154.0
end_to_end_latency,553,2105.0
end_to_end_latency,554,2054.0
end_to_end_latency,555,2004.0
end_to_end_latency,556,1955.0
end_to_end_latency,557,1904.0
end_to_end_latency,558,1854.0
end_to_end_latency,559,1805.0
end_to_end_latency,560,1754.0
end_to_end_latency,561,1705.0
end_to_end_latency,562,1654.0
end_to_end_latency,563,1605.0
end_to_end_latency,564,1555.0
end_to_end_latency,565,1505.0
end_to_end_latency,566,1456.0
end_to_end_latency,567,1405.0
end_to_end_latency,568,1356.0
end_to_end_latency,569,1306.0
end_to_end_latency,570,1255.0
end_to_end_latency,571,1542.0
end_to_end_latency,572,1492.0
end_to_end_latency,573,1442.0
end_to_end_latency,574,1393.0
end_to_end_latency,575,1342.0
end_to_end_latency,0,3005.0
end_to_end_latency,2,3928.0
end_to_end_latency,3,3878.0
end_to_end_latency,4,3829.0
end_to_end_latency,5,3779.0
end_to_end_latency,6,3729.0
end_to_end_latency,7,3680.0
end_to_end_latency,8,3630.0
end_to_end_latency,9,3580.0
end_to_end_latency,10,3530.0
end_to_end_latency,11,3481.0
end_to_end_latency,14,6235.0
end_to_end_latency,15,6185.0
end_to_end_latency,16,6135.0
end_to_end_latency,17,6085.0
end_to_end_latency,18,6035.0
end_to_end_latency,19,5985.0
end_to_end_latency,27,8146.0
end_to_end_latency,28,8096.0
end_to_end_latency,29,8046.0
end_to_end_latency,30,7996.0
end_to_end_latency,31,7946.0
end_to_end_latency,32,7896.0
end_to_end_latency,33,7846.0
end_to_end_latency,34,7799.0
end_to_end_latency,35,7748.0
end_to_end_latency,36,7698.0
end_to_end_latency,37,7648.0
end_to_end_latency,38,7598.0
end_to_end_latency,39,7548.0
end_to_end_latency,40,7498.0
end_to_end_latency,41,7448.0
end_to_end_latency,56,9055.0
end_to_end_latency,70,10933.0
end_to_end_latency,71,10883.0
end_to_end_latency,72,10833.0
end_to_end_latency,73,10783.0
end_to_end_latency,74,10733.0
end_to_end_latency,75,10683.0
end_to_end_latency,76,10632.0
end_to_end_latency,77,10585.0
end_to_end_latency,78,10535.0
end_to_end_latency,79,10485.0
end_to_end_latency,80,10434.0
end_to_end_latency,81,10385.0
end_to_end_latency,82,10334.0
end_to_end_latency,83,10284.0
end_to_end_latency,84,10235.0
end_to_end_latency,85,10185.0
end_to_end_latency,98,11990.0
end_to_end_latency,99,11939.0
end_to_end_latency,100,11890.0
end_to_end_latency,102,11790.0
end_to_end_latency,103,12150.0
end_to_end_latency,104,12100.0
end_to_end_latency,105,12051.0
end_to_end_latency,106,12001.0
end_to_end_latency,107,11951.0
end_to_end_latency,108,11900.0
end_to_end_latency,109,11851.0
end_to_end_latency,110,11801.0
end_to_end_latency,111,11751.0
end_to_end_latency,112,12520.0
end_to_end_latency,113,12470.0
end_to_end_latency,114,12420.0
end_to_end_latency,115,12371.0
end_to_end_latency,116,12320.0
end_to_end_latency,117,12271.0
end_to_end_latency,119,13547.0
end_to_end_latency,120,13496.0
end_to_end_latency,121,13446.0
end_to_end_latency,122,13396.0
end_to_end_latency,123,13347.0
end_to_end_latency,124,13297.0
end_to_end_latency,125,13247.0
end_to_end_latency,126,13197.0
end_to_end_latency,127,13146.0
end_to_end_latency,128,13097.0
end_to_end_latency,129,13048.0
end_to_end_latency,130,12997.0
end_to_end_latency,131,12948.0
end_to_end_latency,132,12898.0
end_to_end_latency,133,13374.0
end_to_end_latency,134,13324.0
end_to_end_latency,135,13274.0
end_to_end_latency,136,13224.0
end_to_end_latency,137,13173.0
end_to_end_latency,138,13124.0
end_to_end_latency,139,13074.0
end_to_end_latency,140,13024.0
end_to_end_latency,141,12973.0
end_to_end_latency,142,12923.0
end_to_end_latency,143,12874.0
end_to_end_latency,144,14869.0
end_to_end_latency,145,14818.0
end_to_end_latency,146,14768.0
end_to_end_latency,147,14719.0
end_to_end_latency,148,14668.0
end_to_end_latency,149,14618.0
end_to_end_latency,150,14568.0
end_to_end_latency,151,14518.0
end_to_end_latency,152,14469.0
end_to_end_latency,153,14419.0
end_to_end_latency,154,14369.0
end_to_end_latency,155,14318.0
end_to_end_latency,156,14269.0
end_to_end_latency,157,14219.0
end_to_end_latency,158,14168.0
end_to_end_latency,159,14119.0
end_to_end_latency,160,14068.0
end_to_end_latency,161,14018.0
end_to_end_latency,162,13968.0
end_to_end_latency,163,13918.0
end_to_end_latency,164,13868.0
end_to_end_latency,165,14184.0
end_to_end_latency,166,14136.0
end_to_end_latency,167,14086.0
end_to_end_latency,168,14035.0
end_to_end_latency,169,13984.0
end_to_end_latency,170,13935.0
end_to_end_latency,171,13885.0
end_to_end_latency,172,13836.0
end_to_end_latency,173,13786.0
end_to_end_latency,174,13735.0
end_to_end_latency,175,13685.0
end_to_end_latency,176,13635.0
end_to_end_latency,177,13586.0
end_to_end_latency,178,13535.0
end_to_end_latency,179,13485.0
end_to_end_latency,180,13435.0
end_to_end_latency,181,13385.0
end_to_end_latency,182,13336.0
end_to_end_latency,183,13286.0
end_to_end_latency,184,13236.0
end_to_end_latency,185,13185.0
end_to_end_latency,186,13136.0
end_to_end_latency,187,13086.0
end_to_end_latency,188,13036.0
end_to_end_latency,189,12986.0
end_to_end_latency,190,12936.0
end_to_end_latency,191,13746.0
end_to_end_latency,192,13696.0
end_to_end_latency,193,13646.0
end_to_end_latency,194,13597.0
end_to_end_latency,195,13546.0
end_to_end_latency,196,13705.0
end_to_end_latency,197,13656.0
end_to_end_latency,198,13606.0
end_to_end_latency,199,13556.0
end_to_end_latency,200,13505.0
end_to_end_latency,230,14231.0
end_to_end_latency,231,14181.0
end_to_end_latency,232,14132.0
end_to_end_latency,233,14081.0
end_to_end_latency,234,14031.0
end_to_end_latency,235,13982.0
end_to_end_latency,236,13931.0
end_to_end_latency,237,13881.0
end_to_end_latency,238,13831.0
end_to_end_latency,239,13781.0
end_to_end_latency,240,13731.0
end_to_end_latency,241,15360.0
end_to_end_latency,242,15310.0
end_to_end_latency,243,15260.0
end_to_end_latency,244,15210.0
end_to_end_latency,245,15161.0
end_to_end_latency,246,15110.0
end_to_end_latency,247,15061.0
end_to_end_latency,248,15011.0
end_to_end_latency,249,14961.0
end_to_end_latency,250,14910.0
end_to_end_latency,251,14861.0
end_to_end_latency,252,14811.0
end_to_end_latency,253,14761.0
end_to_end_latency,254,14710.0
end_to_end_latency,255,14661.0
end_to_end_latency,256,14611.0
end_to_end_latency,257,14562.0
end_to_end_latency,258,14511.0
end_to_end_latency,259,14461.0
end_to_end_latency,260,14410.0
end_to_end_latency,261,14361.0
end_to_end_latency,262,15195.0
end_to_end_latency,263,15146.0
end_to_end_latency,264,15096.0
end_to_end_latency,265,15046.0
end_to_end_latency,266,14996.0
end_to_end_latency,267,14946.0
end_to_end_latency,268,14897.0
