Round 1: (Vertex0)[[0,2], [0,1], [0,6], [0,7], [0,4], [0,8], [0,3], [0,0], [0,5], [0,9]] (solid_wave_vertices: 10) solid=[[0,9], [0,6], [0,4], [0,2], [0,7], [0,3], [0,5], [0,0], [0,1], [0,8]] merged=[[0,5], [0,9], [0,7], [0,6], [0,2], [0,8], [0,1], [0,4], [0,3], [1,0], [0,0]] --- (Vertex3)[[0,2], [0,1], [0,6], [0,7], [0,4], [0,8], [0,3], [0,0], [0,5], [0,9]] (solid_wave_vertices: 10) solid=[[0,4], [0,2], [0,7], [0,1], [0,8], [0,6], [0,0], [0,5], [0,9], [0,3]] merged=[[0,1], [1,3], [0,6], [0,0], [0,2], [0,4], [0,7], [0,9], [0,5], [0,3], [0,8]] --- (Vertex4)[[0,2], [0,1], [0,6], [0,7], [0,4], [0,8], [0,3], [0,0], [0,5], [0,9]] (solid_wave_vertices: 10) solid=[[0,8], [0,7], [0,3], [0,9], [0,0], [0,4], [0,2], [0,1], [0,6], [0,5]] merged=[[0,0], [0,6], [0,9], [0,1], [0,4], [0,7], [1,4], [0,2], [0,3], [0,5], [0,8]] --- (Vertex5)[[0,2], [0,1], [0,6], [0,7], [0,4], [0,8], [0,3], [0,0], [0,5], [0,9]] (solid_wave_vertices: 10) solid=[[0,6], [0,7], [0,1], [0,9], [0,4], [0,5], [0,3], [0,2], [0,0], [0,8]] merged=[[0,9], [1,5], [0,0], [0,5], [0,3], [0,4], [0,2], [0,1], [0,7], [0,6], [0,8]] --- (Vertex6)[[0,2], [0,1], [0,6], [0,7], [0,4], [0,8], [0,3], [0,0], [0,5], [0,9]] (solid_wave_vertices: 10) solid=[[0,7], [0,1], [0,2], [0,0], [0,3], [0,8], [0,5], [0,6], [0,9], [0,4]] merged=[[0,4], [0,5], [0,7], [0,2], [0,3], [0,8], [1,6], [0,0], [0,1], [0,9], [0,6]] --- (Vertex7)[[0,2], [0,1], [0,6], [0,7], [0,4], [0,8], [0,3], [0,0], [0,5], [0,9]] (solid_wave_vertices: 10) solid=[[0,7], [0,2], [0,0], [0,8], [0,4], [0,9], [0,3], [0,6], [0,5], [0,1]] merged=[[0,6], [0,3], [1,7], [0,5], [0,9], [0,7], [0,1], [0,2], [0,8], [0,4], [0,0]] --- (Vertex8)[[0,2], [0,1], [0,6], [0,7], [0,4], [0,8], [0,3], [0,0], [0,5], [0,9]] (solid_wave_vertices: 10) solid=[[0,2], [0,4], [0,7], [0,9], [0,5], [0,0], [0,6], [0,1], [0,8], [0,3]] merged=[[1,8], [0,4], [0,6], [0,5], [0,8], [0,9], [0,7], [0,2], [0,0], [0,3], [0,1]] --- (Vertex9)[[0,2], [0,1], [0,6], [0,7], [0,4], [0,8], [0,3], [0,0], [0,5], [0,9]] (solid_wave_vertices: 10) solid=[[0,7], [0,5], [0,8], [0,2], [0,0], [0,4], [0,3], [0,9], [0,6], [0,1]] merged=[[0,0], [0,2], [0,3], [0,1], [0,9], [0,5], [0,4], [1,9], [0,7], [0,8], [0,6]]
Round 3: (Vertex0)[[w1,4]] weak=[[w1,4]] (solid_wave_vertices: 11) solid=[[0,2], [0,7], [0,8], [0,5], [0,6], [0,4], [0,1], [0,0], [0,9], [0,3], [1,4]] merged=[[0,2], [0,9], [0,8], [0,3], [0,5], [0,4], [0,1], [1,4], [0,0], [0,6], [0,7]] --- (Vertex3)[[w1,9]] weak=[[w1,9]] (solid_wave_vertices: 11) solid=[[0,9], [0,2], [0,5], [0,1], [0,3], [0,0], [1,9], [0,4], [0,7], [0,8], [0,6]] merged=[[1,9], [0,9], [0,8], [0,1], [0,2], [0,6], [0,0], [0,5], [0,3], [0,4], [0,7]] --- (Vertex4)[[w1,9]] weak=[[w1,9]] (solid_wave_vertices: 11) solid=[[0,7], [0,4], [0,9], [0,1], [1,9], [0,5], [0,2], [0,8], [0,3], [0,6], [0,0]] merged=[[0,3], [0,6], [1,9], [0,8], [0,9], [0,4], [0,1], [0,2], [0,0], [0,5], [0,7]] --- (Vertex5)[[w1,9]] weak=[[w1,9]] (solid_wave_vertices: 11) solid=[[0,3], [1,9], [0,9], [0,7], [0,6], [0,1], [0,5], [0,8], [0,0], [0,4], [0,2]] merged=[[0,9], [0,7], [0,3], [1,9], [0,1], [0,8], [0,6], [0,2], [0,0], [0,5], [0,4]] --- (Vertex6)[[w1,9]] weak=[[w1,9]] (solid_wave_vertices: 11) solid=[[0,5], [0,4], [0,0], [1,9], [0,7], [0,1], [0,2], [0,9], [0,6], [0,8], [0,3]] merged=[[0,8], [0,3], [0,1], [0,6], [0,9], [0,2], [0,4], [0,0], [0,7], [1,9], [0,5]] --- (Vertex7)[[w1,9]] weak=[[w1,9]] (solid_wave_vertices: 11) solid=[[0,6], [0,9], [0,7], [0,4], [0,2], [0,8], [1,9], [0,5], [0,1], [0,3], [0,0]] merged=[[0,1], [1,9], [0,0], [0,3], [0,8], [0,6], [0,4], [0,7], [0,2], [0,5], [0,9]] --- (Vertex9)[[w1,9]] weak=[[w1,9]] (solid_wave_vertices: 11) solid=[[0,2], [0,7], [1,9], [0,1], [0,8], [0,4], [0,9], [0,0], [0,3], [0,5], [0,6]] merged=[[0,6], [1,9], [0,8], [0,2], [0,3], [0,0], [0,5], [0,1], [0,4], [0,7], [0,9]]
Round 4: (Vertex0)[[w1,5], [w1,3], [3,9], [3,3], [3,5], [w1,9], [3,4], [w1,4]] weak=[[w1,5], [w1,3], [w1,9], [w1,4]] (solid_wave_vertices: 14) solid=[[0,0], [1,5], [0,3], [1,4], [0,9], [0,8], [0,6], [0,4], [0,5], [1,9], [0,1], [1,3], [0,2], [0,7]] merged=[[0,4], [0,2], [0,0], [0,5], [1,9], [1,3], [0,6], [0,3], [0,1], [0,7], [0,9], [1,5], [0,8], [1,4]] --- (Vertex3)[[w1,5], [w1,3], [3,9], [3,3], [3,5], [w1,9], [3,4], [w1,4]] weak=[[w1,5], [w1,3], [w1,9], [w1,4]] (solid_wave_vertices: 14) solid=[[1,5], [1,3], [0,8], [0,4], [0,5], [1,9], [0,6], [0,0], [0,7], [1,4], [0,3], [0,1], [0,2], [0,9]] merged=[[0,8], [0,0], [0,4], [0,2], [1,5], [1,3], [0,1], [0,3], [0,7], [0,5], [0,9], [0,6], [1,9], [1,4]] --- (Vertex4)[[w1,5], [w1,3], [3,9], [3,3], [3,5], [w1,9], [3,4], [w1,4]] weak=[[w1,5], [w1,3], [w1,9], [w1,4]] (solid_wave_vertices: 14) solid=[[1,9], [0,6], [1,5], [0,5], [0,9], [1,3], [0,4], [0,0], [0,7], [0,8], [1,4], [0,1], [0,3], [0,2]] merged=[[1,9], [0,8], [0,4], [1,3], [0,9], [0,5], [1,5], [0,7], [0,0], [0,1], [1,4], [0,3], [0,2], [0,6]] --- (Vertex5)[[w1,5], [w1,3], [3,9], [3,3], [3,5], [w1,9], [3,4], [w1,4]] weak=[[w1,5], [w1,3], [w1,9], [w1,4]] (solid_wave_vertices: 14) solid=[[0,7], [1,3], [1,5], [0,3], [0,0], [0,6], [1,4], [1,9], [0,9], [0,8], [0,5], [0,4], [0,1], [0,2]] merged=[[0,1], [1,4], [0,3], [0,0], [0,4], [0,2], [0,9], [1,9], [1,3], [0,5], [0,6], [1,5], [0,7], [0,8]] --- (Vertex6)[[w1,5], [w1,3], [3,9], [3,3], [3,5], [w1,9], [3,4], [w1,4]] weak=[[w1,5], [w1,3], [w1,9], [w1,4]] (solid_wave_vertices: 14) solid=[[0,0], [0,5], [0,7], [1,3], [0,9], [0,1], [1,5], [1,9], [0,2], [0,4], [0,3], [1,4], [0,8], [0,6]] merged=[[0,6], [0,7], [0,9], [0,1], [1,3], [1,9], [0,8], [1,4], [0,5], [0,2], [0,3], [0,4], [0,0], [1,5]] --- (Vertex7)[[w1,5], [w1,3], [3,9], [3,3], [3,5], [w1,9], [3,4], [w1,4]] weak=[[w1,5], [w1,3], [w1,9], [w1,4]] (solid_wave_vertices: 14) solid=[[0,8], [0,1], [1,9], [0,6], [1,4], [0,9], [0,3], [0,4], [0,5], [0,0], [1,5], [0,2], [1,3], [0,7]] merged=[[1,9], [0,2], [0,9], [0,1], [1,3], [0,0], [0,5], [1,5], [0,3], [0,4], [0,6], [0,7], [0,8], [1,4]] --- (Vertex9)[[w1,5], [w1,3], [3,9], [3,3], [3,5], [w1,9], [3,4], [w1,4]] weak=[[w1,5], [w1,3], [w1,9], [w1,4]] (solid_wave_vertices: 14) solid=[[0,5], [0,0], [0,8], [0,1], [1,9], [1,4], [0,7], [1,3], [0,2], [0,6], [1,5], [0,4], [0,3], [0,9]] merged=[[1,4], [0,4], [0,1], [0,6], [1,9], [0,2], [0,0], [0,9], [0,7], [0,8], [1,5], [0,5], [1,3], [0,3]]
Round 5: (Vertex0)[[w1,5], [w1,7], [4,9], [4,3], [w1,0], [w3,0], [w1,3], [w3,9], [w1,6], [w3,7], [w3,3], [w3,6], [w3,5], [w1,9], [4,4], [4,7], [4,0], [w3,4], [w1,4]] weak=[[w1,5], [w1,7], [w1,0], [w3,0], [w1,3], [w3,9], [w1,6], [w3,7], [w3,3], [w3,6], [w3,5], [w1,9], [w3,4], [w1,4]] (solid_wave_vertices: 17) solid=[[0,3], [0,5], [1,7], [1,0], [0,0], [1,5], [1,6], [0,7], [0,8], [0,1], [1,9], [0,4], [1,3], [0,6], [0,9], [1,4], [0,2]] merged=[[5,0]] --- (Vertex3)[[w1,5], [w1,7], [4,9], [4,3], [w1,0], [w3,0], [w1,3], [w3,9], [w1,6], [w3,7], [w3,3], [w3,6], [w3,5], [4,5], [w1,9], [4,4], [4,7], [w3,4], [w1,4]] weak=[[w1,5], [w1,7], [w1,0], [w3,0], [w1,3], [w3,9], [w1,6], [w3,7], [w3,3], [w3,6], [w3,5], [w1,9], [w3,4], [w1,4]] (solid_wave_vertices: 17) solid=[[0,9], [0,3], [0,8], [0,7], [1,7], [0,2], [0,4], [1,6], [0,6], [1,5], [1,4], [1,3], [1,0], [0,5], [0,1], [1,9], [0,0]] merged=[[5,3]] --- (Vertex4)[[w1,5], [w1,7], [4,9], [4,3], [w1,0], [w3,0], [w1,3], [w3,9], [w1,6], [w3,7], [w3,3], [w3,6], [w3,5], [4,5], [w1,9], [4,4], [4,7], [w3,4], [w1,4]] weak=[[w1,5], [w1,7], [w1,0], [w3,0], [w1,3], [w3,9], [w1,6], [w3,7], [w3,3], [w3,6], [w3,5], [w1,9], [w3,4], [w1,4]] (solid_wave_vertices: 17) solid=[[1,5], [0,6], [1,6], [0,3], [0,4], [0,2], [0,5], [1,7], [0,9], [0,1], [0,0], [1,0], [0,8], [1,9], [0,7], [1,4], [1,3]] merged=[[5,4]] --- (Vertex5)[[w1,5], [w1,7], [4,9], [4,3], [w1,0], [w3,0], [w1,3], [w3,9], [w1,6], [w3,7], [w3,3], [w3,6], [w3,5], [4,5], [w1,9], [4,4], [4,7], [w3,4], [w1,4]] weak=[[w1,5], [w1,7], [w1,0], [w3,0], [w1,3], [w3,9], [w1,6], [w3,7], [w3,3], [w3,6], [w3,5], [w1,9], [w3,4], [w1,4]] (solid_wave_vertices: 17) solid=[[1,9], [0,5], [0,9], [0,8], [0,1], [0,4], [1,3], [1,6], [0,3], [0,6], [0,7], [0,2], [1,7], [1,5], [1,4], [1,0], [0,0]] merged=[[5,5]] --- (Vertex6)[[w1,5], [w1,7], [4,9], [4,3], [w1,0], [w3,0], [w1,3], [w3,9], [w1,6], [w3,7], [w3,3], [w3,6], [w3,5], [4,5], [w1,9], [4,4], [4,7], [w3,4], [4,6], [w1,4]] weak=[[w1,5], [w1,7], [w1,0], [w3,0], [w1,3], [w3,9], [w1,6], [w3,7], [w3,3], [w3,6], [w3,5], [w1,9], [w3,4], [w1,4]] (solid_wave_vertices: 17) solid=[[0,8], [1,5], [1,6], [1,9], [0,6], [1,4], [0,2], [0,7], [1,3], [0,1], [0,9], [1,0], [0,4], [0,0], [0,5], [0,3], [1,7]] merged=[[5,6]] --- (Vertex7)[[w1,5], [w1,7], [4,9], [4,3], [w1,0], [w3,0], [w1,3], [w3,9], [w1,6], [w3,7], [w3,3], [w3,6], [w3,5], [4,5], [w1,9], [4,4], [4,7], [4,0], [w3,4], [w1,4]] weak=[[w1,5], [w1,7], [w1,0], [w3,0], [w1,3], [w3,9], [w1,6], [w3,7], [w3,3], [w3,6], [w3,5], [w1,9], [w3,4], [w1,4]] (solid_wave_vertices: 17) solid=[[1,5], [1,6], [1,3], [0,6], [0,3], [1,7], [1,0], [0,9], [0,2], [0,4], [0,5], [1,4], [0,7], [0,0], [1,9], [0,1], [0,8]] merged=[[5,7]] --- (Vertex9)[[w1,5], [w1,7], [4,9], [4,3], [w1,0], [w3,0], [w1,3], [w3,9], [w1,6], [w3,7], [w3,3], [w3,6], [w3,5], [4,5], [w1,9], [4,4], [4,7], [w3,4], [w1,4]] weak=[[w1,5], [w1,7], [w1,0], [w3,0], [w1,3], [w3,9], [w1,6], [w3,7], [w3,3], [w3,6], [w3,5], [w1,9], [w3,4], [w1,4]] (solid_wave_vertices: 17) solid=[[1,7], [1,5], [1,3], [0,1], [0,6], [0,0], [1,6], [0,5], [1,9], [1,4], [0,9], [0,8], [0,3], [1,0], [0,7], [0,4], [0,2]] merged=[[5,9]]
Round 6: (Vertex0)[[5,0], [5,3], [5,7], [5,9]] (solid_wave_vertices: 4) solid=[[5,0], [5,9], [5,3], [5,7]] merged=[[5,9], [5,3], [5,0], [5,7]] --- (Vertex2)[[5,3], [5,5], [5,4], [5,9]] (solid_wave_vertices: 4) solid=[[5,9], [5,3], [5,4], [5,5]] merged=[[5,3], [5,5], [5,9], [5,4]] --- (Vertex3)[[5,3], [5,5], [5,4], [5,9]] (solid_wave_vertices: 4) solid=[[5,3], [5,9], [5,5], [5,4]] merged=[[5,9], [5,4], [5,5], [5,3]] --- (Vertex4)[[5,3], [5,5], [5,4], [5,9]] (solid_wave_vertices: 4) solid=[[5,3], [5,9], [5,5], [5,4]] merged=[[5,5], [5,9], [5,3], [5,4]] --- (Vertex5)[[5,3], [5,5], [5,4], [5,9]] (solid_wave_vertices: 4) solid=[[5,9], [5,3], [5,5], [5,4]] merged=[[5,4], [5,3], [5,9], [5,5]] --- (Vertex6)[[5,5], [5,6], [5,4], [5,9]] (solid_wave_vertices: 4) solid=[[5,4], [5,9], [5,6], [5,5]] merged=[[5,9], [5,4], [5,6], [5,5]] --- (Vertex7)[[5,0], [5,5], [5,4], [5,7]] (solid_wave_vertices: 4) solid=[[5,5], [5,7], [5,0], [5,4]] merged=[[5,4], [5,7], [5,5], [5,0]] --- (Vertex8)[[5,0], [5,6], [5,7], [5,9]] (solid_wave_vertices: 4) solid=[[5,9], [5,6], [5,0], [5,7]] merged=[[5,6], [5,9], [5,7], [5,0]] --- (Vertex9)[[5,3], [5,5], [5,4], [5,9]] (solid_wave_vertices: 4) solid=[[5,3], [5,4], [5,9], [5,5]] merged=[[5,5], [5,4], [5,3], [5,9]]
Round 7: (Vertex0)[[w5,0], [w5,3], [w5,5], [w5,6], [w5,4], [w5,7], [w5,9]] weak=[[w5,0], [w5,3], [w5,5], [w5,6], [w5,4], [w5,7], [w5,9]] (solid_wave_vertices: 7) solid=[[5,3], [5,0], [5,5], [5,9], [5,4], [5,6], [5,7]] merged=[[5,5], [5,6], [5,4], [5,3], [5,7], [5,0], [5,9]] --- (Vertex2)[[w5,0], [6,4], [w5,3], [w5,5], [w5,6], [w5,4], [6,3], [w5,7], [w5,9]] weak=[[w5,0], [w5,3], [w5,5], [w5,6], [w5,4], [w5,7], [w5,9]] (solid_wave_vertices: 7) solid=[[5,0], [5,6], [5,5], [5,3], [5,7], [5,9], [5,4]] merged=[[5,9], [5,7], [5,4], [5,6], [5,5], [5,0], [5,3]] --- (Vertex3)[[w5,0], [w5,3], [w5,5], [w5,6], [w5,4], [w5,7], [w5,9]] weak=[[w5,0], [w5,3], [w5,5], [w5,6], [w5,4], [w5,7], [w5,9]] (solid_wave_vertices: 7) solid=[[5,5], [5,6], [5,0], [5,4], [5,3], [5,9], [5,7]] merged=[[5,9], [5,6], [5,5], [5,0], [5,4], [5,7], [5,3]] --- (Vertex4)[[w5,0], [6,4], [w5,3], [w5,5], [w5,6], [w5,4], [6,3], [w5,7], [w5,9]] weak=[[w5,0], [w5,3], [w5,5], [w5,6], [w5,4], [w5,7], [w5,9]] (solid_wave_vertices: 7) solid=[[5,9], [5,4], [5,0], [5,6], [5,7], [5,5], [5,3]] merged=[[5,0], [5,5], [5,7], [5,4], [5,6], [5,3], [5,9]] --- (Vertex5)[[w5,0], [w5,3], [w5,5], [w5,6], [w5,4], [w5,7], [w5,9]] weak=[[w5,0], [w5,3], [w5,5], [w5,6], [w5,4], [w5,7], [w5,9]] (solid_wave_vertices: 7) solid=[[5,0], [5,6], [5,9], [5,4], [5,3], [5,5], [5,7]] merged=[[5,0], [5,3], [5,9], [5,5], [5,4], [5,6], [5,7]] --- (Vertex6)[[w5,0], [w5,3], [w5,5], [w5,6], [w5,4], [w5,7], [w5,9]] weak=[[w5,0], [w5,3], [w5,5], [w5,6], [w5,4], [w5,7], [w5,9]] (solid_wave_vertices: 7) solid=[[5,7], [5,5], [5,4], [5,0], [5,9], [5,6], [5,3]] merged=[[5,0], [5,3], [5,9], [5,4], [5,5], [5,6], [5,7]] --- (Vertex7)[[w5,0], [w5,3], [w5,5], [w5,6], [w5,4], [w5,7], [w5,9]] weak=[[w5,0], [w5,3], [w5,5], [w5,6], [w5,4], [w5,7], [w5,9]] (solid_wave_vertices: 7) solid=[[5,9], [5,7], [5,3], [5,6], [5,5], [5,0], [5,4]] merged=[[5,0], [5,7], [5,6], [5,4], [5,3], [5,9], [5,5]] --- (Vertex8)[[w5,0], [w5,3], [w5,5], [w5,6], [w5,4], [w5,7], [w5,9]] weak=[[w5,0], [w5,3], [w5,5], [w5,6], [w5,4], [w5,7], [w5,9]] (solid_wave_vertices: 7) solid=[[5,6], [5,0], [5,7], [5,3], [5,4], [5,9], [5,5]] merged=[[5,4], [5,9], [5,6], [5,0], [5,3], [5,5], [5,7]] --- (Vertex9)[[w5,0], [w5,3], [w5,5], [w5,6], [w5,4], [6,3], [w5,7], [w5,9]] weak=[[w5,0], [w5,3], [w5,5], [w5,6], [w5,4], [w5,7], [w5,9]] (solid_wave_vertices: 7) solid=[[5,5], [5,9], [5,0], [5,4], [5,3], [5,7], [5,6]] merged=[[5,0], [5,3], [5,4], [5,9], [5,5], [5,6], [5,7]]
Round 8: (Vertex0)[[w5,0], [w6,7], [7,6], [w6,4], [w5,3], [w5,5], [7,3], [w5,6], [7,7], [w5,4], [w6,3], [w5,7], [w6,9], [w6,0], [w6,6], [7,0], [w5,9]] weak=[[w5,0], [w6,7], [w6,4], [w5,3], [w5,5], [w5,6], [w5,4], [w6,3], [w5,7], [w6,9], [w6,0], [w6,6], [w5,9]] (solid_wave_vertices: 7) solid=[[5,4], [5,5], [5,3], [5,9], [5,0], [5,6], [5,7]] merged=[[5,0], [5,9], [5,7], [5,4], [5,3], [5,6], [5,5]] --- (Vertex2)[[w5,0], [7,6], [w6,4], [w5,3], [w5,5], [7,9], [7,3], [w5,6], [7,5], [w5,4], [w6,3], [w5,7], [w6,5], [w6,9], [w6,6], [7,4], [w5,9]] weak=[[w5,0], [w6,4], [w5,3], [w5,5], [w5,6], [w5,4], [w6,3], [w5,7], [w6,5], [w6,9], [w6,6], [w5,9]] (solid_wave_vertices: 7) solid=[[5,7], [5,6], [5,4], [5,0], [5,5], [5,3], [5,9]] merged=[[5,6], [5,7], [5,0], [5,9], [5,5], [5,4], [5,3]] --- (Vertex3)[[w5,0], [7,6], [w6,4], [w5,3], [w5,5], [7,9], [7,3], [w5,6], [7,5], [w5,4], [w6,3], [w5,7], [w6,5], [w6,9], [w6,0], [w6,6], [7,4], [w5,9]] weak=[[w5,0], [w6,4], [w5,3], [w5,5], [w5,6], [w5,4], [w6,3], [w5,7], [w6,5], [w6,9], [w6,0], [w6,6], [w5,9]] (solid_wave_vertices: 7) solid=[[5,5], [5,6], [5,4], [5,7], [5,9], [5,0], [5,3]] merged=[[5,6], [5,0], [5,7], [5,5], [5,4], [5,3], [5,9]] --- (Vertex4)[[w5,0], [7,6], [w6,4], [w5,3], [w5,5], [7,9], [7,3], [w5,6], [7,5], [w5,4], [w6,3], [w5,7], [w6,5], [w6,9], [w6,6], [7,4], [w5,9]] weak=[[w5,0], [w6,4], [w5,3], [w5,5], [w5,6], [w5,4], [w6,3], [w5,7], [w6,5], [w6,9], [w6,6], [w5,9]] (solid_wave_vertices: 7) solid=[[5,9], [5,0], [5,7], [5,4], [5,5], [5,3], [5,6]] merged=[[5,7], [5,0], [5,9], [5,5], [5,3], [5,6], [5,4]] --- (Vertex5)[[w5,0], [7,6], [w6,4], [w5,3], [w5,5], [7,9], [7,3], [w5,6], [7,5], [w5,4], [w6,3], [w5,7], [w6,5], [w6,9], [w6,6], [7,4], [w5,9]] weak=[[w5,0], [w6,4], [w5,3], [w5,5], [w5,6], [w5,4], [w6,3], [w5,7], [w6,5], [w6,9], [w6,6], [w5,9]] (solid_wave_vertices: 7) solid=[[5,7], [5,9], [5,5], [5,3], [5,4], [5,0], [5,6]] merged=[[5,5], [5,9], [5,4], [5,6], [5,0], [5,3], [5,7]] --- (Vertex6)[[w5,0], [7,6], [w6,4], [w5,3], [w5,5], [7,9], [7,3], [w5,6], [7,5], [w5,4], [w6,3], [w5,7], [w6,5], [w6,9], [w6,0], [w6,6], [7,4], [w5,9]] weak=[[w5,0], [w6,4], [w5,3], [w5,5], [w5,6], [w5,4], [w6,3], [w5,7], [w6,5], [w6,9], [w6,0], [w6,6], [w5,9]] (solid_wave_vertices: 7) solid=[[5,9], [5,6], [5,0], [5,5], [5,4], [5,3], [5,7]] merged=[[5,5], [5,6], [5,9], [5,4], [5,7], [5,3], [5,0]] --- (Vertex7)[[w5,0], [w6,7], [7,6], [w6,4], [w5,3], [w5,5], [7,9], [7,3], [w5,6], [7,7], [w5,4], [w6,3], [w5,7], [w6,5], [w6,9], [w6,0], [w6,6], [w5,9]] weak=[[w5,0], [w6,7], [w6,4], [w5,3], [w5,5], [w5,6], [w5,4], [w6,3], [w5,7], [w6,5], [w6,9], [w6,0], [w6,6], [w5,9]] (solid_wave_vertices: 7) solid=[[5,4], [5,0], [5,9], [5,3], [5,6], [5,7], [5,5]] merged=[[5,0], [5,7], [5,9], [5,4], [5,3], [5,6], [5,5]] --- (Vertex8)[[w5,0], [w6,7], [7,6], [w6,4], [w5,3], [w5,5], [7,3], [w5,6], [7,7], [w5,4], [w5,7], [w6,9], [w6,0], [w6,6], [7,0], [w5,9]] weak=[[w5,0], [w6,7], [w6,4], [w5,3], [w5,5], [w5,6], [w5,4], [w5,7], [w6,9], [w6,0], [w6,6], [w5,9]] (solid_wave_vertices: 7) solid=[[5,4], [5,6], [5,0], [5,7], [5,5], [5,9], [5,3]] merged=[[5,0], [5,4], [5,7], [5,3], [5,9], [5,5], [5,6]] --- (Vertex9)[[w5,0], [7,6], [w6,4], [w5,3], [w5,5], [7,9], [7,3], [w5,6], [7,5], [w5,4], [w6,3], [w5,7], [w6,5], [w6,9], [w6,6], [7,4], [w5,9]] weak=[[w5,0], [w6,4], [w5,3], [w5,5], [w5,6], [w5,4], [w6,3], [w5,7], [w6,5], [w6,9], [w6,6], [w5,9]] (solid_wave_vertices: 7) solid=[[5,5], [5,0], [5,9], [5,4], [5,7], [5,6], [5,3]] merged=[[5,6], [5,5], [5,9], [5,7], [5,0], [5,4], [5,3]]
Round 9: (Vertex0)[[w5,0], [w6,7], [w7,6], [8,7], [w6,4], [w5,3], [w5,5], [w7,9], [w7,3], [w5,6], [8,0], [w7,7], [w7,5], [w5,4], [w6,3], [w5,7], [w6,5], [w6,9], [w6,0], [w6,6], [w7,0], [w7,4], [w5,9]] weak=[[w5,0], [w6,7], [w7,6], [w6,4], [w5,3], [w5,5], [w7,9], [w7,3], [w5,6], [w7,7], [w7,5], [w5,4], [w6,3], [w5,7], [w6,5], [w6,9], [w6,0], [w6,6], [w7,0], [w7,4], [w5,9]] (solid_wave_vertices: 7) solid=[[5,9], [5,5], [5,6], [5,0], [5,3], [5,4], [5,7]] merged=[[9,0]] --- (Vertex2)[[w5,0], [w6,7], [w7,6], [w6,4], [w5,3], [w5,5], [w7,9], [w7,3], [w5,6], [w7,7], [8,5], [w7,5], [w5,4], [w6,3], [w5,7], [w6,5], [w6,9], [8,3], [w6,0], [w6,6], [w7,0], [w7,4], [w5,9]] weak=[[w5,0], [w6,7], [w7,6], [w6,4], [w5,3], [w5,5], [w7,9], [w7,3], [w5,6], [w7,7], [w7,5], [w5,4], [w6,3], [w5,7], [w6,5], [w6,9], [w6,0], [w6,6], [w7,0], [w7,4], [w5,9]] (solid_wave_vertices: 7) solid=[[5,3], [5,5], [5,7], [5,4], [5,9], [5,0], [5,6]] merged=[[9,2]] --- (Vertex3)[[w5,0], [w6,7], [w7,6], [w6,4], [w5,3], [w5,5], [w7,9], [w7,3], [w5,6], [w7,7], [8,5], [w7,5], [w5,4], [w6,3], [w5,7], [w6,5], [w6,9], [8,3], [w6,0], [w6,6], [w7,0], [w7,4], [w5,9]] weak=[[w5,0], [w6,7], [w7,6], [w6,4], [w5,3], [w5,5], [w7,9], [w7,3], [w5,6], [w7,7], [w7,5], [w5,4], [w6,3], [w5,7], [w6,5], [w6,9], [w6,0], [w6,6], [w7,0], [w7,4], [w5,9]] (solid_wave_vertices: 7) solid=[[5,9], [5,4], [5,0], [5,7], [5,5], [5,3], [5,6]] merged=[[9,3]] --- (Vertex4)[[w5,0], [w6,7], [w7,6], [w6,4], [w5,3], [w5,5], [w7,9], [w7,3], [w5,6], [w7,7], [8,5], [w7,5], [w5,4], [w6,3], [w5,7], [w6,5], [w6,9], [8,3], [w6,0], [w6,6], [w7,0], [w7,4], [w5,9]] weak=[[w5,0], [w6,7], [w7,6], [w6,4], [w5,3], [w5,5], [w7,9], [w7,3], [w5,6], [w7,7], [w7,5], [w5,4], [w6,3], [w5,7], [w6,5], [w6,9], [w6,0], [w6,6], [w7,0], [w7,4], [w5,9]] (solid_wave_vertices: 7) solid=[[5,5], [5,3], [5,7], [5,6], [5,4], [5,9], [5,0]] merged=[[9,4]] --- (Vertex5)[[w5,0], [w6,7], [w7,6], [w6,4], [w5,3], [w5,5], [w7,9], [w7,3], [w5,6], [w7,7], [8,5], [w7,5], [w5,4], [w6,3], [w5,7], [w6,5], [w6,9], [8,3], [w6,0], [w6,6], [w7,0], [w7,4], [w5,9]] weak=[[w5,0], [w6,7], [w7,6], [w6,4], [w5,3], [w5,5], [w7,9], [w7,3], [w5,6], [w7,7], [w7,5], [w5,4], [w6,3], [w5,7], [w6,5], [w6,9], [w6,0], [w6,6], [w7,0], [w7,4], [w5,9]] (solid_wave_vertices: 7) solid=[[5,3], [5,4], [5,9], [5,7], [5,6], [5,5], [5,0]] merged=[[9,5]] --- (Vertex6)[[w5,0], [w6,7], [w7,6], [w6,4], [w5,3], [w5,5], [w7,9], [w7,3], [w5,6], [w7,7], [8,5], [w7,5], [w5,4], [w6,3], [w5,7], [w6,5], [w6,9], [8,3], [w6,0], [w6,6], [w7,0], [w7,4], [w5,9]] weak=[[w5,0], [w6,7], [w7,6], [w6,4], [w5,3], [w5,5], [w7,9], [w7,3], [w5,6], [w7,7], [w7,5], [w5,4], [w6,3], [w5,7], [w6,5], [w6,9], [w6,0], [w6,6], [w7,0], [w7,4], [w5,9]] (solid_wave_vertices: 7) solid=[[5,9], [5,4], [5,3], [5,0], [5,6], [5,5], [5,7]] merged=[[9,6]] --- (Vertex7)[[w5,0], [w6,7], [w7,6], [8,7], [w6,4], [w5,3], [w5,5], [w7,9], [w7,3], [w5,6], [w7,7], [w7,5], [w5,4], [w6,3], [w5,7], [w6,5], [w6,9], [8,3], [w6,0], [w6,6], [w7,0], [w7,4], [w5,9]] weak=[[w5,0], [w6,7], [w7,6], [w6,4], [w5,3], [w5,5], [w7,9], [w7,3], [w5,6], [w7,7], [w7,5], [w5,4], [w6,3], [w5,7], [w6,5], [w6,9], [w6,0], [w6,6], [w7,0], [w7,4], [w5,9]] (solid_wave_vertices: 7) solid=[[5,4], [5,6], [5,7], [5,0], [5,5], [5,9], [5,3]] merged=[[9,7]] --- (Vertex8)[[w5,0], [w6,7], [w7,6], [8,7], [w6,4], [w5,3], [w5,5], [w7,9], [w7,3], [w5,6], [w7,7], [w7,5], [w5,4], [w6,3], [w5,7], [w6,5], [w6,9], [8,3], [w6,0], [w6,6], [w7,0], [w7,4], [w5,9]] weak=[[w5,0], [w6,7], [w7,6], [w6,4], [w5,3], [w5,5], [w7,9], [w7,3], [w5,6], [w7,7], [w7,5], [w5,4], [w6,3], [w5,7], [w6,5], [w6,9], [w6,0], [w6,6], [w7,0], [w7,4], [w5,9]] (solid_wave_vertices: 7) solid=[[5,4], [5,5], [5,3], [5,0], [5,9], [5,6], [5,7]] merged=[[9,8]] --- (Vertex9)[[w5,0], [w6,7], [w7,6], [w6,4], [w5,3], [w5,5], [w7,9], [w7,3], [w5,6], [w7,7], [8,5], [w7,5], [w5,4], [w6,3], [w5,7], [w6,5], [w6,9], [8,3], [w6,0], [w6,6], [w7,0], [w7,4], [w5,9]] weak=[[w5,0], [w6,7], [w7,6], [w6,4], [w5,3], [w5,5], [w7,9], [w7,3], [w5,6], [w7,7], [w7,5], [w5,4], [w6,3], [w5,7], [w6,5], [w6,9], [w6,0], [w6,6], [w7,0], [w7,4], [w5,9]] (solid_wave_vertices: 7) solid=[[5,9], [5,5], [5,7], [5,0], [5,4], [5,6], [5,3]] merged=[[9,9]]
Round 10: (Vertex0)[[9,9], [9,4], [9,7], [9,3]] (solid_wave_vertices: 4) solid=[[9,9], [9,7], [9,4], [9,3]] merged=[[9,4], [9,3], [9,7], [9,9]] --- (Vertex2)[[9,6], [9,9], [9,4], [9,3]] (solid_wave_vertices: 4) solid=[[9,3], [9,6], [9,4], [9,9]] merged=[[9,6], [9,9], [9,4], [9,3]] --- (Vertex3)[[9,6], [9,9], [9,4], [9,3]] (solid_wave_vertices: 4) solid=[[9,6], [9,3], [9,9], [9,4]] merged=[[9,6], [9,4], [9,9], [9,3]] --- (Vertex4)[[9,6], [9,9], [9,4], [9,3]] (solid_wave_vertices: 4) solid=[[9,4], [9,3], [9,6], [9,9]] merged=[[9,4], [9,6], [9,3], [9,9]] --- (Vertex5)[[9,6], [9,9], [9,4], [9,3]] (solid_wave_vertices: 4) solid=[[9,6], [9,9], [9,3], [9,4]] merged=[[9,4], [9,6], [9,3], [9,9]] --- (Vertex6)[[9,6], [9,9], [9,4], [9,3]] (solid_wave_vertices: 4) solid=[[9,4], [9,3], [9,6], [9,9]] merged=[[9,6], [9,3], [9,9], [9,4]] --- (Vertex7)[[9,9], [9,4], [9,7], [9,3]] (solid_wave_vertices: 4) solid=[[9,4], [9,3], [9,7], [9,9]] merged=[[9,4], [9,3], [9,7], [9,9]] --- (Vertex8)[[9,6], [9,9], [9,4], [9,7]] (solid_wave_vertices: 4) solid=[[9,7], [9,6], [9,9], [9,4]] merged=[[9,9], [9,6], [9,4], [9,7]] --- (Vertex9)[[9,6], [9,9], [9,4], [9,3]] (solid_wave_vertices: 4) solid=[[9,3], [9,9], [9,4], [9,6]] merged=[[9,9], [9,6], [9,4], [9,3]]
Round 11: (Vertex0)[[10,7], [w9,6], [w9,0], [w9,9], [w9,5], [w9,4], [10,0], [w9,7], [w9,3]] weak=[[w9,6], [w9,0], [w9,9], [w9,5], [w9,4], [w9,7], [w9,3]] (solid_wave_vertices: 7) solid=[[9,3], [9,7], [9,0], [9,9], [9,4], [9,5], [9,6]] merged=[[9,4], [9,7], [9,5], [9,3], [9,0], [9,9], [9,6]] --- (Vertex2)[[w9,6], [w9,0], [w9,9], [w9,5], [w9,4], [10,9], [10,4], [w9,7], [w9,3], [10,6], [10,3]] weak=[[w9,6], [w9,0], [w9,9], [w9,5], [w9,4], [w9,7], [w9,3]] (solid_wave_vertices: 7) solid=[[9,9], [9,3], [9,0], [9,4], [9,6], [9,5], [9,7]] merged=[[9,0], [9,4], [9,6], [9,5], [9,3], [9,7], [9,9]] --- (Vertex3)[[w9,6], [w9,0], [w9,9], [w9,5], [w9,4], [10,9], [10,4], [w9,7], [w9,3], [10,6], [10,3]] weak=[[w9,6], [w9,0], [w9,9], [w9,5], [w9,4], [w9,7], [w9,3]] (solid_wave_vertices: 7) solid=[[9,4], [9,7], [9,9], [9,3], [9,0], [9,5], [9,6]] merged=[[9,9], [9,4], [9,0], [9,6], [9,3], [9,5], [9,7]] --- (Vertex4)[[w9,6], [w9,0], [w9,9], [w9,5], [w9,4], [10,9], [10,4], [w9,7], [w9,3], [10,6], [10,3]] weak=[[w9,6], [w9,0], [w9,9], [w9,5], [w9,4], [w9,7], [w9,3]] (solid_wave_vertices: 7) solid=[[9,6], [9,5], [9,3], [9,4], [9,9], [9,7], [9,0]] merged=[[9,3], [9,4], [9,7], [9,9], [9,6], [9,0], [9,5]] --- (Vertex5)[[w9,6], [w9,0], [w9,9], [w9,5], [w9,4], [10,9], [10,4], [w9,7], [w9,3], [10,6], [10,3]] weak=[[w9,6], [w9,0], [w9,9], [w9,5], [w9,4], [w9,7], [w9,3]] (solid_wave_vertices: 7) solid=[[9,6], [9,7], [9,3], [9,0], [9,9], [9,4], [9,5]] merged=[[9,0], [9,4], [9,7], [9,5], [9,6], [9,3], [9,9]] --- (Vertex6)[[w9,6], [w9,0], [w9,9], [w9,5], [w9,4], [10,9], [10,4], [w9,7], [w9,3], [10,6], [10,3]] weak=[[w9,6], [w9,0], [w9,9], [w9,5], [w9,4], [w9,7], [w9,3]] (solid_wave_vertices: 7) solid=[[9,4], [9,5], [9,6], [9,0], [9,7], [9,9], [9,3]] merged=[[9,7], [9,0], [9,4], [9,6], [9,5], [9,9], [9,3]] --- (Vertex7)[[10,7], [w9,6], [w9,0], [w9,9], [w9,5], [w9,4], [10,0], [w9,7], [w9,3], [10,6]] weak=[[w9,6], [w9,0], [w9,9], [w9,5], [w9,4], [w9,7], [w9,3]] (solid_wave_vertices: 7) solid=[[9,4], [9,9], [9,5], [9,0], [9,7], [9,3], [9,6]] merged=[[9,3], [9,5], [9,7], [9,6], [9,9], [9,0], [9,4]] --- (Vertex8)[[10,7], [w9,6], [w9,0], [w9,9], [w9,5], [w9,4], [10,0], [w9,7], [w9,3]] weak=[[w9,6], [w9,0], [w9,9], [w9,5], [w9,4], [w9,7], [w9,3]] (solid_wave_vertices: 7) solid=[[9,3], [9,7], [9,6], [9,4], [9,9], [9,0], [9,5]] merged=[[9,7], [9,4], [9,3], [9,0], [9,9], [9,5], [9,6]] --- (Vertex9)[[w9,6], [w9,0], [w9,9], [w9,5], [w9,4], [10,9], [10,4], [w9,7], [w9,3], [10,6], [10,3]] weak=[[w9,6], [w9,0], [w9,9], [w9,5], [w9,4], [w9,7], [w9,3]] (solid_wave_vertices: 7) solid=[[9,4], [9,5], [9,0], [9,7], [9,6], [9,9], [9,3]] merged=[[9,4], [9,6], [9,3], [9,9], [9,7], [9,5], [9,0]]
Round 12: (Vertex0)[[w9,2], [w10,7], [w9,6], [w9,0], [w10,2], [11,0], [w9,9], [w9,5], [w9,4], [w10,8], [11,8], [w10,9], [11,2], [w10,0], [w9,8], [11,7], [w10,4], [w9,7], [w9,3], [w10,6], [w10,3]] weak=[[w9,2], [w10,7], [w9,6], [w9,0], [w10,2], [w9,9], [w9,5], [w9,4], [w10,8], [w10,9], [w10,0], [w9,8], [w10,4], [w9,7], [w9,3], [w10,6], [w10,3]] (solid_wave_vertices: 9) solid=[[9,0], [9,2], [9,9], [9,7], [9,5], [9,8], [9,4], [9,3], [9,6]] merged=[[9,7], [9,4], [9,9], [9,0], [9,2], [9,3], [9,8], [9,6], [9,5]] --- (Vertex2)[[w9,2], [11,4], [w10,5], [w10,7], [w9,6], [w9,0], [w10,2], [11,3], [w9,9], [w9,5], [w9,4], [w10,8], [w10,9], [11,6], [11,2], [w10,0], [w9,8], [w10,4], [w9,7], [w9,3], [w10,6], [w10,3]] weak=[[w9,2], [w10,5], [w10,7], [w9,6], [w9,0], [w10,2], [w9,9], [w9,5], [w9,4], [w10,8], [w10,9], [w10,0], [w9,8], [w10,4], [w9,7], [w9,3], [w10,6], [w10,3]] (solid_wave_vertices: 9) solid=[[9,8], [9,6], [9,2], [9,7], [9,5], [9,3], [9,4], [9,9], [9,0]] merged=[[9,4], [9,3], [9,9], [9,7], [9,8], [9,6], [9,2], [9,0], [9,5]] --- (Vertex3)[[w9,2], [11,4], [w10,5], [w10,7], [w9,6], [w9,0], [w10,2], [11,3], [w9,9], [w9,5], [w9,4], [w10,9], [11,6], [11,2], [w10,0], [w9,8], [w10,4], [w9,7], [w9,3], [w10,6], [w10,3]] weak=[[w9,2], [w10,5], [w10,7], [w9,6], [w9,0], [w10,2], [w9,9], [w9,5], [w9,4], [w10,9], [w10,0], [w9,8], [w10,4], [w9,7], [w9,3], [w10,6], [w10,3]] (solid_wave_vertices: 9) solid=[[9,8], [9,5], [9,7], [9,9], [9,6], [9,2], [9,4], [9,0], [9,3]] merged=[[9,9], [9,6], [9,5], [9,2], [9,8], [9,3], [9,7], [9,4], [9,0]] --- (Vertex4)[[w9,2], [11,4], [w10,5], [w10,7], [w9,6], [w9,0], [w10,2], [11,3], [w9,9], [w9,5], [w9,4], [w10,9], [11,6], [11,2], [w10,0], [w9,8], [w10,4], [w9,7], [w9,3], [w10,6], [w10,3]] weak=[[w9,2], [w10,5], [w10,7], [w9,6], [w9,0], [w10,2], [w9,9], [w9,5], [w9,4], [w10,9], [w10,0], [w9,8], [w10,4], [w9,7], [w9,3], [w10,6], [w10,3]] (solid_wave_vertices: 9) solid=[[9,5], [9,6], [9,0], [9,8], [9,9], [9,4], [9,7], [9,2], [9,3]] merged=[[9,0], [9,9], [9,2], [9,6], [9,8], [9,5], [9,4], [9,7], [9,3]] --- (Vertex5)[[w9,2], [11,4], [w10,5], [w10,7], [w9,6], [w9,0], [w10,2], [11,3], [w9,9], [w9,5], [w9,4], [w10,9], [11,6], [11,2], [w10,0], [w9,8], [w10,4], [w9,7], [w9,3], [w10,6], [w10,3]] weak=[[w9,2], [w10,5], [w10,7], [w9,6], [w9,0], [w10,2], [w9,9], [w9,5], [w9,4], [w10,9], [w10,0], [w9,8], [w10,4], [w9,7], [w9,3], [w10,6], [w10,3]] (solid_wave_vertices: 9) solid=[[9,9], [9,8], [9,5], [9,3], [9,7], [9,0], [9,2], [9,4], [9,6]] merged=[[9,8], [9,3], [9,6], [9,2], [9,7], [9,0], [9,5], [9,4], [9,9]] --- (Vertex6)[[w9,2], [11,4], [w10,5], [w10,7], [w9,6], [w9,0], [w10,2], [11,3], [w9,9], [w9,5], [w9,4], [w10,9], [11,6], [11,2], [w10,0], [w9,8], [w10,4], [w9,7], [w9,3], [w10,6], [w10,3]] weak=[[w9,2], [w10,5], [w10,7], [w9,6], [w9,0], [w10,2], [w9,9], [w9,5], [w9,4], [w10,9], [w10,0], [w9,8], [w10,4], [w9,7], [w9,3], [w10,6], [w10,3]] (solid_wave_vertices: 9) solid=[[9,4], [9,7], [9,8], [9,3], [9,6], [9,0], [9,9], [9,2], [9,5]] merged=[[9,5], [9,2], [9,8], [9,7], [9,3], [9,4], [9,9], [9,0], [9,6]] --- (Vertex7)[[w9,2], [w10,5], [w10,7], [w9,6], [w9,0], [w10,2], [11,0], [w9,9], [w9,5], [w9,4], [w10,8], [11,8], [w10,9], [11,2], [w10,0], [w9,8], [11,7], [w10,4], [w9,7], [w9,3], [w10,6], [w10,3]] weak=[[w9,2], [w10,5], [w10,7], [w9,6], [w9,0], [w10,2], [w9,9], [w9,5], [w9,4], [w10,8], [w10,9], [w10,0], [w9,8], [w10,4], [w9,7], [w9,3], [w10,6], [w10,3]] (solid_wave_vertices: 9) solid=[[9,5], [9,9], [9,0], [9,8], [9,7], [9,2], [9,6], [9,4], [9,3]] merged=[[9,2], [9,0], [9,7], [9,8], [9,3], [9,5], [9,6], [9,9], [9,4]] --- (Vertex8)[[w9,2], [w10,7], [w9,6], [w9,0], [w10,2], [11,0], [w9,9], [w9,5], [w9,4], [w10,8], [11,8], [w10,9], [11,2], [w10,0], [w9,8], [11,7], [w10,4], [w9,7], [w9,3], [w10,6], [w10,3]] weak=[[w9,2], [w10,7], [w9,6], [w9,0], [w10,2], [w9,9], [w9,5], [w9,4], [w10,8], [w10,9], [w10,0], [w9,8], [w10,4], [w9,7], [w9,3], [w10,6], [w10,3]] (solid_wave_vertices: 9) solid=[[9,2], [9,6], [9,4], [9,9], [9,0], [9,5], [9,3], [9,7], [9,8]] merged=[[9,5], [9,4], [9,7], [9,8], [9,9], [9,3], [9,2], [9,0], [9,6]] --- (Vertex9)[[w9,2], [11,4], [w10,5], [w10,7], [w9,6], [w9,0], [w10,2], [11,3], [w9,9], [w9,5], [w9,4], [w10,9], [11,6], [11,2], [w10,0], [w9,8], [w10,4], [w9,7], [w9,3], [w10,6], [w10,3]] weak=[[w9,2], [w10,5], [w10,7], [w9,6], [w9,0], [w10,2], [w9,9], [w9,5], [w9,4], [w10,9], [w10,0], [w9,8], [w10,4], [w9,7], [w9,3], [w10,6], [w10,3]] (solid_wave_vertices: 9) solid=[[9,2], [9,4], [9,7], [9,0], [9,5], [9,6], [9,3], [9,9], [9,8]] merged=[[9,5], [9,7], [9,2], [9,6], [9,0], [9,9], [9,3], [9,4], [9,8]]
Round 13: (Vertex0)[[w9,2], [12,7], [w11,4], [w10,5], [w10,7], [w9,6], [w9,0], [w10,2], [w11,3], [w11,0], [w9,9], [w9,5], [w11,9], [w9,4], [w10,8], [w11,8], [w10,9], [w11,6], [w11,2], [w10,0], [w9,8], [w11,7], [w10,4], [w9,7], [w9,3], [w10,6], [w10,3]] weak=[[w9,2], [w11,4], [w10,5], [w10,7], [w9,6], [w9,0], [w10,2], [w11,3], [w11,0], [w9,9], [w9,5], [w11,9], [w9,4], [w10,8], [w11,8], [w10,9], [w11,6], [w11,2], [w10,0], [w9,8], [w11,7], [w10,4], [w9,7], [w9,3], [w10,6], [w10,3]] (solid_wave_vertices: 9) solid=[[9,2], [9,5], [9,9], [9,7], [9,4], [9,0], [9,6], [9,8], [9,3]] merged=[[13,0]] --- (Vertex2)[[w9,2], [12,4], [12,9], [w11,4], [w10,5], [w10,7], [w9,6], [w9,0], [w10,2], [w11,3], [w11,0], [w9,9], [w9,5], [w11,9], [w9,4], [w10,8], [w11,8], [w10,9], [w11,6], [w11,2], [w10,0], [w9,8], [w11,7], [w10,4], [w9,7], [w9,3], [w10,6], [w10,3], [w11,5]] weak=[[w9,2], [w11,4], [w10,5], [w10,7], [w9,6], [w9,0], [w10,2], [w11,3], [w11,0], [w9,9], [w9,5], [w11,9], [w9,4], [w10,8], [w11,8], [w10,9], [w11,6], [w11,2], [w10,0], [w9,8], [w11,7], [w10,4], [w9,7], [w9,3], [w10,6], [w10,3], [w11,5]] (solid_wave_vertices: 9) solid=[[9,7], [9,8], [9,3], [9,0], [9,4], [9,6], [9,9], [9,5], [9,2]] merged=[[13,2]] --- (Vertex3)[[w9,2], [12,4], [12,9], [w11,4], [w10,5], [w10,7], [w9,6], [w9,0], [w10,2], [w11,3], [w11,0], [w9,9], [w9,5], [w11,9], [w9,4], [w10,8], [w11,8], [w10,9], [w11,6], [w11,2], [w10,0], [w9,8], [w11,7], [w10,4], [w9,7], [w9,3], [w10,6], [w10,3], [w11,5]] weak=[[w9,2], [w11,4], [w10,5], [w10,7], [w9,6], [w9,0], [w10,2], [w11,3], [w11,0], [w9,9], [w9,5], [w11,9], [w9,4], [w10,8], [w11,8], [w10,9], [w11,6], [w11,2], [w10,0], [w9,8], [w11,7], [w10,4], [w9,7], [w9,3], [w10,6], [w10,3], [w11,5]] (solid_wave_vertices: 9) solid=[[9,6], [9,7], [9,2], [9,3], [9,5], [9,8], [9,4], [9,0], [9,9]] merged=[[13,3]] --- (Vertex4)[[w9,2], [12,4], [12,9], [w11,4], [w10,5], [w10,7], [w9,6], [w9,0], [w10,2], [w11,3], [w11,0], [w9,9], [w9,5], [w11,9], [w9,4], [w10,8], [w11,8], [w10,9], [w11,6], [w11,2], [w10,0], [w9,8], [w11,7], [w10,4], [w9,7], [w9,3], [w10,6], [w10,3], [w11,5]] weak=[[w9,2], [w11,4], [w10,5], [w10,7], [w9,6], [w9,0], [w10,2], [w11,3], [w11,0], [w9,9], [w9,5], [w11,9], [w9,4], [w10,8], [w11,8], [w10,9], [w11,6], [w11,2], [w10,0], [w9,8], [w11,7], [w10,4], [w9,7], [w9,3], [w10,6], [w10,3], [w11,5]] (solid_wave_vertices: 9) solid=[[9,7], [9,2], [9,9], [9,4], [9,8], [9,5], [9,3], [9,0], [9,6]] merged=[[13,4]] --- (Vertex5)[[w9,2], [12,4], [12,9], [w11,4], [w10,5], [w10,7], [w9,6], [w9,0], [w10,2], [w11,3], [w11,0], [w9,9], [w9,5], [w11,9], [w9,4], [w10,8], [w11,8], [w10,9], [w11,6], [w11,2], [w10,0], [w9,8], [w11,7], [w10,4], [w9,7], [w9,3], [w10,6], [w10,3], [w11,5]] weak=[[w9,2], [w11,4], [w10,5], [w10,7], [w9,6], [w9,0], [w10,2], [w11,3], [w11,0], [w9,9], [w9,5], [w11,9], [w9,4], [w10,8], [w11,8], [w10,9], [w11,6], [w11,2], [w10,0], [w9,8], [w11,7], [w10,4], [w9,7], [w9,3], [w10,6], [w10,3], [w11,5]] (solid_wave_vertices: 9) solid=[[9,7], [9,5], [9,8], [9,9], [9,4], [9,2], [9,6], [9,0], [9,3]] merged=[[13,5]] --- (Vertex6)[[w9,2], [12,4], [12,9], [w11,4], [w10,5], [w10,7], [w9,6], [w9,0], [w10,2], [w11,3], [w11,0], [w9,9], [w9,5], [w11,9], [w9,4], [w10,8], [w11,8], [w10,9], [w11,6], [w11,2], [w10,0], [w9,8], [w11,7], [w10,4], [w9,7], [w9,3], [w10,6], [w10,3], [w11,5]] weak=[[w9,2], [w11,4], [w10,5], [w10,7], [w9,6], [w9,0], [w10,2], [w11,3], [w11,0], [w9,9], [w9,5], [w11,9], [w9,4], [w10,8], [w11,8], [w10,9], [w11,6], [w11,2], [w10,0], [w9,8], [w11,7], [w10,4], [w9,7], [w9,3], [w10,6], [w10,3], [w11,5]] (solid_wave_vertices: 9) solid=[[9,8], [9,3], [9,6], [9,7], [9,0], [9,4], [9,5], [9,9], [9,2]] merged=[[13,6]] --- (Vertex7)[[w9,2], [12,4], [12,9], [12,7], [w11,4], [w10,5], [w10,7], [w9,6], [w9,0], [w10,2], [w11,3], [w11,0], [w9,9], [w9,5], [w11,9], [w9,4], [w10,8], [w11,8], [w10,9], [w11,6], [w11,2], [w10,0], [w9,8], [w11,7], [w10,4], [w9,7], [w9,3], [w10,6], [w10,3], [w11,5]] weak=[[w9,2], [w11,4], [w10,5], [w10,7], [w9,6], [w9,0], [w10,2], [w11,3], [w11,0], [w9,9], [w9,5], [w11,9], [w9,4], [w10,8], [w11,8], [w10,9], [w11,6], [w11,2], [w10,0], [w9,8], [w11,7], [w10,4], [w9,7], [w9,3], [w10,6], [w10,3], [w11,5]] (solid_wave_vertices: 9) solid=[[9,3], [9,5], [9,2], [9,4], [9,7], [9,6], [9,9], [9,8], [9,0]] merged=[[13,7]] --- (Vertex8)[[w9,2], [12,4], [12,9], [12,7], [w11,4], [w10,5], [w10,7], [w9,6], [w9,0], [w10,2], [w11,3], [w11,0], [w9,9], [w9,5], [w11,9], [w9,4], [w10,8], [w11,8], [w10,9], [w11,6], [w11,2], [w10,0], [w9,8], [w11,7], [w10,4], [w9,7], [w9,3], [w10,6], [w10,3]] weak=[[w9,2], [w11,4], [w10,5], [w10,7], [w9,6], [w9,0], [w10,2], [w11,3], [w11,0], [w9,9], [w9,5], [w11,9], [w9,4], [w10,8], [w11,8], [w10,9], [w11,6], [w11,2], [w10,0], [w9,8], [w11,7], [w10,4], [w9,7], [w9,3], [w10,6], [w10,3]] (solid_wave_vertices: 9) solid=[[9,0], [9,7], [9,4], [9,6], [9,8], [9,2], [9,5], [9,9], [9,3]] merged=[[13,8]] --- (Vertex9)[[w9,2], [12,4], [12,9], [w11,4], [w10,5], [w10,7], [w9,6], [w9,0], [w10,2], [w11,3], [w11,0], [w9,9], [w9,5], [w11,9], [w9,4], [w10,8], [w11,8], [w10,9], [w11,6], [w11,2], [w10,0], [w9,8], [w11,7], [w10,4], [w9,7], [w9,3], [w10,6], [w10,3], [w11,5]] weak=[[w9,2], [w11,4], [w10,5], [w10,7], [w9,6], [w9,0], [w10,2], [w11,3], [w11,0], [w9,9], [w9,5], [w11,9], [w9,4], [w10,8], [w11,8], [w10,9], [w11,6], [w11,2], [w10,0], [w9,8], [w11,7], [w10,4], [w9,7], [w9,3], [w10,6], [w10,3], [w11,5]] (solid_wave_vertices: 9) solid=[[9,2], [9,6], [9,3], [9,4], [9,9], [9,8], [9,5], [9,0], [9,7]] merged=[[13,9]]
Round 14: (Vertex0)[[13,0], [13,8], [13,2], [13,7]] (solid_wave_vertices: 4) solid=[[13,8], [13,2], [13,7], [13,0]] merged=[[13,8], [13,7], [13,0], [13,2]] --- (Vertex1)[[13,0], [13,8], [13,6], [13,4], [13,9]] (solid_wave_vertices: 5) solid=[[13,6], [13,4], [13,9], [13,0], [13,8]] merged=[[13,8], [13,6], [13,0], [13,4], [13,9]] --- (Vertex2)[[13,2], [13,6], [13,4], [13,9]] (solid_wave_vertices: 4) solid=[[13,9], [13,4], [13,6], [13,2]] merged=[[13,6], [13,4], [13,2], [13,9]] --- (Vertex3)[[13,2], [13,6], [13,4], [13,9]] (solid_wave_vertices: 4) solid=[[13,6], [13,4], [13,9], [13,2]] merged=[[13,6], [13,4], [13,2], [13,9]] --- (Vertex4)[[13,2], [13,6], [13,4], [13,9]] (solid_wave_vertices: 4) solid=[[13,2], [13,6], [13,9], [13,4]] merged=[[13,6], [13,9], [13,4], [13,2]] --- (Vertex5)[[13,2], [13,6], [13,4], [13,9]] (solid_wave_vertices: 4) solid=[[13,4], [13,9], [13,6], [13,2]] merged=[[13,6], [13,4], [13,9], [13,2]] --- (Vertex6)[[13,2], [13,6], [13,4], [13,9]] (solid_wave_vertices: 4) solid=[[13,2], [13,6], [13,4], [13,9]] merged=[[13,6], [13,9], [13,2], [13,4]] --- (Vertex7)[[13,0], [13,8], [13,2], [13,6], [13,7]] (solid_wave_vertices: 5) solid=[[13,2], [13,6], [13,7], [13,0], [13,8]] merged=[[13,2], [13,8], [13,6], [13,7], [13,0]] --- (Vertex8)[[13,0], [13,8], [13,2], [13,7]] (solid_wave_vertices: 4) solid=[[13,7], [13,2], [13,0], [13,8]] merged=[[13,2], [13,0], [13,7], [13,8]] --- (Vertex9)[[13,2], [13,6], [13,4], [13,9]] (solid_wave_vertices: 4) solid=[[13,9], [13,2], [13,6], [13,4]] merged=[[13,2], [13,9], [13,6], [13,4]]
Round 15: (Vertex0)[[w13,0], [14,4], [14,3], [w13,8], [14,9], [w13,2], [14,6], [w13,3], [w13,6], [14,8], [14,7], [w13,4], [14,0], [w13,5], [14,2], [w13,9], [w13,7]] weak=[[w13,0], [w13,8], [w13,2], [w13,3], [w13,6], [w13,4], [w13,5], [w13,9], [w13,7]] (solid_wave_vertices: 9) solid=[[13,2], [13,4], [13,6], [13,5], [13,9], [13,7], [13,8], [13,0], [13,3]] merged=[[13,0], [13,8], [13,7], [13,3], [13,4], [13,5], [13,2], [13,6], [13,9]] --- (Vertex1)[[w13,0], [14,4], [w13,1], [14,3], [w13,8], [14,9], [w13,2], [14,6], [w13,3], [w13,6], [14,8], [14,7], [14,5], [14,1], [w13,4], [14,0], [w13,5], [14,2], [w13,9], [w13,7]] weak=[[w13,0], [w13,1], [w13,8], [w13,2], [w13,3], [w13,6], [w13,4], [w13,5], [w13,9], [w13,7]] (solid_wave_vertices: 10) solid=[[13,9], [13,6], [13,5], [13,4], [13,2], [13,7], [13,3], [13,0], [13,1], [13,8]] merged=[[13,9], [13,7], [13,6], [13,5], [13,3], [13,8], [13,0], [13,1], [13,4], [13,2]] --- (Vertex2)[[w13,0], [14,4], [w13,8], [w13,2], [14,6], [w13,3], [w13,6], [w13,4], [w13,5], [14,2], [w13,9], [w13,7]] weak=[[w13,0], [w13,8], [w13,2], [w13,3], [w13,6], [w13,4], [w13,5], [w13,9], [w13,7]] (solid_wave_vertices: 9) solid=[[13,3], [13,7], [13,4], [13,2], [13,8], [13,0], [13,5], [13,9], [13,6]] merged=[[13,3], [13,8], [13,0], [13,2], [13,5], [13,7], [13,6], [13,9], [13,4]] --- (Vertex3)[[w13,0], [14,4], [w13,8], [w13,2], [14,6], [w13,3], [w13,6], [w13,4], [w13,5], [14,2], [w13,9], [w13,7]] weak=[[w13,0], [w13,8], [w13,2], [w13,3], [w13,6], [w13,4], [w13,5], [w13,9], [w13,7]] (solid_wave_vertices: 9) solid=[[13,6], [13,9], [13,7], [13,0], [13,3], [13,4], [13,5], [13,2], [13,8]] merged=[[13,9], [13,6], [13,5], [13,8], [13,4], [13,0], [13,3], [13,7], [13,2]] --- (Vertex4)[[w13,0], [14,4], [w13,8], [w13,2], [14,6], [w13,3], [w13,6], [w13,4], [w13,5], [14,2], [w13,9], [w13,7]] weak=[[w13,0], [w13,8], [w13,2], [w13,3], [w13,6], [w13,4], [w13,5], [w13,9], [w13,7]] (solid_wave_vertices: 9) solid=[[13,4], [13,2], [13,8], [13,0], [13,9], [13,5], [13,3], [13,6], [13,7]] merged=[[13,4], [13,8], [13,7], [13,2], [13,3], [13,5], [13,6], [13,9], [13,0]] --- (Vertex5)[[w13,0], [14,4], [w13,8], [w13,2], [14,6], [w13,3], [w13,6], [w13,4], [w13,5], [14,2], [w13,9], [w13,7]] weak=[[w13,0], [w13,8], [w13,2], [w13,3], [w13,6], [w13,4], [w13,5], [w13,9], [w13,7]] (solid_wave_vertices: 9) solid=[[13,0], [13,8], [13,9], [13,4], [13,5], [13,2], [13,6], [13,7], [13,3]] merged=[[13,2], [13,4], [13,9], [13,5], [13,7], [13,3], [13,0], [13,8], [13,6]] --- (Vertex6)[[w13,0], [14,4], [w13,8], [w13,2], [14,6], [w13,3], [w13,6], [w13,4], [w13,5], [14,2], [w13,9], [w13,7]] weak=[[w13,0], [w13,8], [w13,2], [w13,3], [w13,6], [w13,4], [w13,5], [w13,9], [w13,7]] (solid_wave_vertices: 9) solid=[[13,0], [13,4], [13,7], [13,2], [13,6], [13,3], [13,5], [13,8], [13,9]] merged=[[13,5], [13,4], [13,8], [13,0], [13,3], [13,7], [13,2], [13,9], [13,6]] --- (Vertex7)[[w13,0], [14,4], [w13,8], [w13,2], [14,6], [w13,3], [w13,6], [14,8], [14,7], [w13,4], [w13,5], [14,2], [w13,9], [w13,7]] weak=[[w13,0], [w13,8], [w13,2], [w13,3], [w13,6], [w13,4], [w13,5], [w13,9], [w13,7]] (solid_wave_vertices: 9) solid=[[13,3], [13,6], [13,9], [13,0], [13,8], [13,7], [13,5], [13,4], [13,2]] merged=[[13,8], [13,4], [13,2], [13,0], [13,3], [13,7], [13,9], [13,5], [13,6]] --- (Vertex8)[[w13,0], [w13,8], [w13,2], [w13,6], [14,8], [14,7], [w13,4], [14,2], [w13,9], [w13,7]] weak=[[w13,0], [w13,8], [w13,2], [w13,6], [w13,4], [w13,9], [w13,7]] (solid_wave_vertices: 7) solid=[[13,9], [13,8], [13,2], [13,6], [13,0], [13,7], [13,4]] merged=[[13,4], [13,8], [13,0], [13,7], [13,9], [13,2], [13,6]] --- (Vertex9)[[w13,0], [14,4], [w13,8], [w13,2], [14,6], [w13,3], [w13,6], [w13,4], [w13,5], [14,2], [w13,9], [w13,7]] weak=[[w13,0], [w13,8], [w13,2], [w13,3], [w13,6], [w13,4], [w13,5], [w13,9], [w13,7]] (solid_wave_vertices: 9) solid=[[13,0], [13,7], [13,8], [13,4], [13,2], [13,3], [13,9], [13,6], [13,5]] merged=[[13,4], [13,7], [13,6], [13,8], [13,2], [13,0], [13,3], [13,9], [13,5]]
Round 16: (Vertex1)[[w13,0], [w14,4], [w13,8], [w14,9], [w13,2], [w14,6], [w13,3], [w13,6], [15,6], [15,4], [w14,8], [w14,7], [w13,4], [15,7], [w14,0], [w13,5], [w14,2], [w13,9], [w13,7], [15,8], [15,9]] weak=[[w13,0], [w14,4], [w13,8], [w14,9], [w13,2], [w14,6], [w13,3], [w13,6], [w14,8], [w14,7], [w13,4], [w14,0], [w13,5], [w14,2], [w13,9], [w13,7]] (solid_wave_vertices: 9) solid=[[13,3], [13,6], [13,7], [13,5], [13,0], [13,8], [13,9], [13,2], [13,4]] merged=[[13,6], [13,9], [13,0], [13,4], [13,3], [13,2], [13,7], [13,8], [13,5]] --- (Vertex2)[[w13,0], [15,3], [w14,4], [15,2], [w14,3], [w13,8], [w14,9], [w13,2], [w14,6], [w13,3], [w13,6], [15,6], [15,4], [w14,8], [w14,7], [w14,5], [w13,4], [w14,0], [w13,5], [w14,2], [w13,9], [w13,7]] weak=[[w13,0], [w14,4], [w14,3], [w13,8], [w14,9], [w13,2], [w14,6], [w13,3], [w13,6], [w14,8], [w14,7], [w14,5], [w13,4], [w14,0], [w13,5], [w14,2], [w13,9], [w13,7]] (solid_wave_vertices: 9) solid=[[13,7], [13,9], [13,0], [13,4], [13,5], [13,2], [13,6], [13,3], [13,8]] merged=[[13,9], [13,4], [13,6], [13,8], [13,2], [13,5], [13,7], [13,0], [13,3]] --- (Vertex3)[[w13,0], [15,3], [w14,4], [15,2], [w14,3], [w13,8], [w14,9], [w13,2], [w14,6], [w13,3], [w13,6], [15,6], [15,4], [w14,8], [w14,7], [w14,5], [w13,4], [w14,0], [w13,5], [w14,2], [w13,9], [w13,7]] weak=[[w13,0], [w14,4], [w14,3], [w13,8], [w14,9], [w13,2], [w14,6], [w13,3], [w13,6], [w14,8], [w14,7], [w14,5], [w13,4], [w14,0], [w13,5], [w14,2], [w13,9], [w13,7]] (solid_wave_vertices: 9) solid=[[13,8], [13,5], [13,6], [13,9], [13,3], [13,0], [13,7], [13,2], [13,4]] merged=[[13,6], [13,7], [13,3], [13,8], [13,5], [13,2], [13,9], [13,4], [13,0]] --- (Vertex4)[[w13,0], [15,3], [w14,4], [15,2], [w14,3], [w13,8], [w14,9], [w13,2], [w14,6], [w13,3], [w13,6], [15,6], [15,4], [w14,8], [w14,7], [w14,5], [w13,4], [w14,0], [w13,5], [w14,2], [w13,9], [w13,7]] weak=[[w13,0], [w14,4], [w14,3], [w13,8], [w14,9], [w13,2], [w14,6], [w13,3], [w13,6], [w14,8], [w14,7], [w14,5], [w13,4], [w14,0], [w13,5], [w14,2], [w13,9], [w13,7]] (solid_wave_vertices: 9) solid=[[13,3], [13,2], [13,5], [13,0], [13,4], [13,6], [13,8], [13,9], [13,7]] merged=[[13,6], [13,7], [13,2], [13,9], [13,5], [13,8], [13,4], [13,0], [13,3]] --- (Vertex5)[[w13,0], [15,3], [w14,4], [15,2], [w14,3], [w13,8], [w14,9], [w13,2], [w14,6], [w13,3], [w13,6], [15,6], [15,4], [w14,8], [w14,7], [w14,5], [w13,4], [w14,0], [w13,5], [w14,2], [w13,9], [w13,7]] weak=[[w13,0], [w14,4], [w14,3], [w13,8], [w14,9], [w13,2], [w14,6], [w13,3], [w13,6], [w14,8], [w14,7], [w14,5], [w13,4], [w14,0], [w13,5], [w14,2], [w13,9], [w13,7]] (solid_wave_vertices: 9) solid=[[13,9], [13,6], [13,4], [13,7], [13,8], [13,0], [13,5], [13,3], [13,2]] merged=[[13,8], [13,9], [13,4], [13,5], [13,3], [13,6], [13,0], [13,7], [13,2]] --- (Vertex6)[[w13,0], [15,3], [w14,4], [15,2], [w14,3], [w13,8], [w14,9], [w13,2], [w14,6], [w13,3], [w13,6], [15,6], [15,4], [w14,8], [w14,7], [w14,5], [w13,4], [w14,0], [w13,5], [w14,2], [w13,9], [w13,7]] weak=[[w13,0], [w14,4], [w14,3], [w13,8], [w14,9], [w13,2], [w14,6], [w13,3], [w13,6], [w14,8], [w14,7], [w14,5], [w13,4], [w14,0], [w13,5], [w14,2], [w13,9], [w13,7]] (solid_wave_vertices: 9) solid=[[13,0], [13,9], [13,8], [13,6], [13,7], [13,3], [13,4], [13,5], [13,2]] merged=[[13,9], [13,7], [13,6], [13,2], [13,8], [13,0], [13,5], [13,4], [13,3]] --- (Vertex7)[[w13,0], [15,3], [w14,4], [w14,3], [w13,8], [w14,9], [w13,2], [w14,6], [w13,3], [w13,6], [15,6], [w14,8], [w14,7], [w14,5], [w13,4], [15,7], [w14,0], [w13,5], [w14,2], [w13,9], [w13,7], [15,8]] weak=[[w13,0], [w14,4], [w14,3], [w13,8], [w14,9], [w13,2], [w14,6], [w13,3], [w13,6], [w14,8], [w14,7], [w14,5], [w13,4], [w14,0], [w13,5], [w14,2], [w13,9], [w13,7]] (solid_wave_vertices: 9) solid=[[13,3], [13,9], [13,8], [13,4], [13,0], [13,2], [13,5], [13,6], [13,7]] merged=[[13,8], [13,4], [13,5], [13,6], [13,7], [13,2], [13,0], [13,9], [13,3]] --- (Vertex8)[[w13,0], [w14,4], [15,2], [w14,3], [w13,8], [w14,9], [w13,2], [w14,6], [w13,3], [w13,6], [15,6], [w14,8], [w14,7], [w13,4], [15,7], [w14,0], [w13,5], [w14,2], [w13,9], [w13,7], [15,8]] weak=[[w13,0], [w14,4], [w14,3], [w13,8], [w14,9], [w13,2], [w14,6], [w13,3], [w13,6], [w14,8], [w14,7], [w13,4], [w14,0], [w13,5], [w14,2], [w13,9], [w13,7]] (solid_wave_vertices: 9) solid=[[13,7], [13,9], [13,5], [13,3], [13,8], [13,4], [13,6], [13,0], [13,2]] merged=[[13,4], [13,7], [13,9], [13,8], [13,0], [13,3], [13,2], [13,6], [13,5]] --- (Vertex9)[[w13,0], [w14,4], [15,2], [w14,3], [w13,8], [w14,9], [w13,2], [w14,6], [w13,3], [w13,6], [15,6], [15,4], [w14,8], [w14,7], [w14,5], [w13,4], [w14,0], [w13,5], [w14,2], [w13,9], [w13,7], [15,9]] weak=[[w13,0], [w14,4], [w14,3], [w13,8], [w14,9], [w13,2], [w14,6], [w13,3], [w13,6], [w14,8], [w14,7], [w14,5], [w13,4], [w14,0], [w13,5], [w14,2], [w13,9], [w13,7]] (solid_wave_vertices: 9) solid=[[13,8], [13,0], [13,5], [13,6], [13,7], [13,4], [13,2], [13,3], [13,9]] merged=[[13,3], [13,5], [13,4], [13,7], [13,0], [13,9], [13,2], [13,8], [13,6]]
Round 17: (Vertex0)[[w13,0], [w15,3], [w14,4], [w15,2], [w14,3], [w13,8], [w14,9], [w13,2], [w14,6], [w13,3], [w15,0], [w13,6], [w15,6], [w15,4], [w14,8], [w14,7], [w14,5], [w13,4], [w15,7], [w14,0], [w13,5], [w14,2], [w13,9], [w13,7], [w15,8], [w15,9]] weak=[[w13,0], [w15,3], [w14,4], [w15,2], [w14,3], [w13,8], [w14,9], [w13,2], [w14,6], [w13,3], [w15,0], [w13,6], [w15,6], [w15,4], [w14,8], [w14,7], [w14,5], [w13,4], [w15,7], [w14,0], [w13,5], [w14,2], [w13,9], [w13,7], [w15,8], [w15,9]] (solid_wave_vertices: 9) solid=[[13,9], [13,2], [13,4], [13,8], [13,5], [13,6], [13,0], [13,3], [13,7]] merged=[[17,0]] --- (Vertex1)[[w13,0], [w15,3], [w14,4], [16,7], [w13,1], [w15,2], [w14,3], [w13,8], [16,8], [w15,5], [w14,9], [16,1], [16,9], [w13,2], [w14,6], [16,4], [w13,3], [w15,0], [w13,6], [w15,6], [w15,4], [w14,8], [w14,7], [16,6], [w14,5], [w14,1], [w13,4], [16,2], [w15,7], [w14,0], [w13,5], [w14,2], [w13,9], [w13,7], [w15,8], [w15,9]] weak=[[w13,0], [w15,3], [w14,4], [w13,1], [w15,2], [w14,3], [w13,8], [w15,5], [w14,9], [w13,2], [w14,6], [w13,3], [w15,0], [w13,6], [w15,6], [w15,4], [w14,8], [w14,7], [w14,5], [w14,1], [w13,4], [w15,7], [w14,0], [w13,5], [w14,2], [w13,9], [w13,7], [w15,8], [w15,9]] (solid_wave_vertices: 10) solid=[[13,5], [13,9], [13,1], [13,0], [13,2], [13,3], [13,8], [13,6], [13,4], [13,7]] merged=[[17,1]] --- (Vertex2)[[w13,0], [w15,3], [w14,4], [w15,2], [w14,3], [w13,8], [w15,5], [w14,9], [16,9], [w13,2], [w14,6], [16,4], [w13,3], [w15,0], [w13,6], [w15,6], [w15,4], [w14,8], [w14,7], [16,6], [w14,5], [w13,4], [16,2], [w15,7], [w14,0], [w13,5], [w14,2], [w13,9], [w13,7], [w15,8], [w15,9]] weak=[[w13,0], [w15,3], [w14,4], [w15,2], [w14,3], [w13,8], [w15,5], [w14,9], [w13,2], [w14,6], [w13,3], [w15,0], [w13,6], [w15,6], [w15,4], [w14,8], [w14,7], [w14,5], [w13,4], [w15,7], [w14,0], [w13,5], [w14,2], [w13,9], [w13,7], [w15,8], [w15,9]] (solid_wave_vertices: 9) solid=[[13,5], [13,3], [13,4], [13,2], [13,8], [13,6], [13,9], [13,0], [13,7]] merged=[[17,2]] --- (Vertex3)[[w13,0], [w15,3], [w14,4], [w15,2], [w14,3], [w13,8], [w15,5], [w14,9], [16,9], [w13,2], [w14,6], [16,4], [w13,3], [w15,0], [w13,6], [w15,6], [w15,4], [w14,8], [w14,7], [16,6], [w14,5], [w13,4], [16,2], [w15,7], [w14,0], [w13,5], [w14,2], [w13,9], [w13,7], [w15,8], [w15,9]] weak=[[w13,0], [w15,3], [w14,4], [w15,2], [w14,3], [w13,8], [w15,5], [w14,9], [w13,2], [w14,6], [w13,3], [w15,0], [w13,6], [w15,6], [w15,4], [w14,8], [w14,7], [w14,5], [w13,4], [w15,7], [w14,0], [w13,5], [w14,2], [w13,9], [w13,7], [w15,8], [w15,9]] (solid_wave_vertices: 9) solid=[[13,5], [13,8], [13,7], [13,4], [13,2], [13,6], [13,9], [13,0], [13,3]] merged=[[17,3]] --- (Vertex4)[[w13,0], [w15,3], [w14,4], [w15,2], [w14,3], [w13,8], [w15,5], [w14,9], [16,9], [w13,2], [w14,6], [16,4], [w13,3], [w15,0], [w13,6], [w15,6], [w15,4], [w14,8], [w14,7], [16,6], [w14,5], [w13,4], [16,2], [w15,7], [w14,0], [w13,5], [w14,2], [w13,9], [w13,7], [w15,8], [w15,9]] weak=[[w13,0], [w15,3], [w14,4], [w15,2], [w14,3], [w13,8], [w15,5], [w14,9], [w13,2], [w14,6], [w13,3], [w15,0], [w13,6], [w15,6], [w15,4], [w14,8], [w14,7], [w14,5], [w13,4], [w15,7], [w14,0], [w13,5], [w14,2], [w13,9], [w13,7], [w15,8], [w15,9]] (solid_wave_vertices: 9) solid=[[13,5], [13,3], [13,6], [13,2], [13,8], [13,9], [13,0], [13,7], [13,4]] merged=[[17,4]] --- (Vertex5)[[w13,0], [w15,3], [w14,4], [w15,2], [w14,3], [w13,8], [w15,5], [w14,9], [16,9], [w13,2], [w14,6], [16,4], [w13,3], [w15,0], [w13,6], [w15,6], [w15,4], [w14,8], [w14,7], [16,6], [w14,5], [w13,4], [16,2], [w15,7], [w14,0], [w13,5], [w14,2], [w13,9], [w13,7], [w15,8], [w15,9]] weak=[[w13,0], [w15,3], [w14,4], [w15,2], [w14,3], [w13,8], [w15,5], [w14,9], [w13,2], [w14,6], [w13,3], [w15,0], [w13,6], [w15,6], [w15,4], [w14,8], [w14,7], [w14,5], [w13,4], [w15,7], [w14,0], [w13,5], [w14,2], [w13,9], [w13,7], [w15,8], [w15,9]] (solid_wave_vertices: 9) solid=[[13,0], [13,5], [13,2], [13,3], [13,9], [13,7], [13,8], [13,6], [13,4]] merged=[[17,5]] --- (Vertex6)[[w13,0], [w15,3], [w14,4], [w15,2], [w14,3], [w13,8], [w15,5], [w14,9], [16,9], [w13,2], [w14,6], [16,4], [w13,3], [w15,0], [w13,6], [w15,6], [w15,4], [w14,8], [w14,7], [16,6], [w14,5], [w13,4], [16,2], [w15,7], [w14,0], [w13,5], [w14,2], [w13,9], [w13,7], [w15,8], [w15,9]] weak=[[w13,0], [w15,3], [w14,4], [w15,2], [w14,3], [w13,8], [w15,5], [w14,9], [w13,2], [w14,6], [w13,3], [w15,0], [w13,6], [w15,6], [w15,4], [w14,8], [w14,7], [w14,5], [w13,4], [w15,7], [w14,0], [w13,5], [w14,2], [w13,9], [w13,7], [w15,8], [w15,9]] (solid_wave_vertices: 9) solid=[[13,9], [13,3], [13,4], [13,8], [13,6], [13,2], [13,7], [13,0], [13,5]] merged=[[17,6]] --- (Vertex7)[[w13,0], [w15,3], [w14,4], [16,7], [w15,2], [w14,3], [w13,8], [w15,5], [w14,9], [w13,2], [w14,6], [w13,3], [w15,0], [w13,6], [w15,6], [w15,4], [w14,8], [w14,7], [16,6], [w14,5], [w13,4], [16,2], [w15,7], [w14,0], [w13,5], [w14,2], [w13,9], [w13,7], [w15,8], [w15,9]] weak=[[w13,0], [w15,3], [w14,4], [w15,2], [w14,3], [w13,8], [w15,5], [w14,9], [w13,2], [w14,6], [w13,3], [w15,0], [w13,6], [w15,6], [w15,4], [w14,8], [w14,7], [w14,5], [w13,4], [w15,7], [w14,0], [w13,5], [w14,2], [w13,9], [w13,7], [w15,8], [w15,9]] (solid_wave_vertices: 9) solid=[[13,7], [13,8], [13,3], [13,5], [13,6], [13,0], [13,2], [13,4], [13,9]] merged=[[17,7]] --- (Vertex8)[[w13,0], [w15,3], [w14,4], [16,7], [w15,2], [w14,3], [w13,8], [16,8], [w14,9], [16,9], [w13,2], [w14,6], [w13,3], [w15,0], [w13,6], [w15,6], [w15,4], [w14,8], [w14,7], [16,6], [w14,5], [w13,4], [16,2], [w15,7], [w14,0], [w13,5], [w14,2], [w13,9], [w13,7], [w15,8], [w15,9]] weak=[[w13,0], [w15,3], [w14,4], [w15,2], [w14,3], [w13,8], [w14,9], [w13,2], [w14,6], [w13,3], [w15,0], [w13,6], [w15,6], [w15,4], [w14,8], [w14,7], [w14,5], [w13,4], [w15,7], [w14,0], [w13,5], [w14,2], [w13,9], [w13,7], [w15,8], [w15,9]] (solid_wave_vertices: 9) solid=[[13,9], [13,2], [13,4], [13,8], [13,0], [13,7], [13,3], [13,6], [13,5]] merged=[[17,8]] --- (Vertex9)[[w13,0], [w15,3], [w14,4], [w15,2], [w14,3], [w13,8], [w15,5], [w14,9], [16,9], [w13,2], [w14,6], [16,4], [w13,3], [w15,0], [w13,6], [w15,6], [w15,4], [w14,8], [w14,7], [16,6], [w14,5], [w13,4], [16,2], [w15,7], [w14,0], [w13,5], [w14,2], [w13,9], [w13,7], [w15,8], [w15,9]] weak=[[w13,0], [w15,3], [w14,4], [w15,2], [w14,3], [w13,8], [w15,5], [w14,9], [w13,2], [w14,6], [w13,3], [w15,0], [w13,6], [w15,6], [w15,4], [w14,8], [w14,7], [w14,5], [w13,4], [w15,7], [w14,0], [w13,5], [w14,2], [w13,9], [w13,7], [w15,8], [w15,9]] (solid_wave_vertices: 9) solid=[[13,6], [13,0], [13,3], [13,8], [13,7], [13,2], [13,5], [13,9], [13,4]] merged=[[17,9]]
Round 18: (Vertex0)[[17,9], [17,7], [17,6], [17,0]] (solid_wave_vertices: 4) solid=[[17,0], [17,6], [17,9], [17,7]] merged=[[17,0], [17,9], [17,6], [17,7]] --- (Vertex2)[[17,4], [17,3], [17,9], [17,6]] (solid_wave_vertices: 4) solid=[[17,6], [17,4], [17,3], [17,9]] merged=[[17,6], [17,3], [17,4], [17,9]] --- (Vertex3)[[17,4], [17,3], [17,9], [17,6]] (solid_wave_vertices: 4) solid=[[17,4], [17,6], [17,3], [17,9]] merged=[[17,4], [17,3], [17,9], [17,6]] --- (Vertex4)[[17,4], [17,3], [17,9], [17,6]] (solid_wave_vertices: 4) solid=[[17,9], [17,6], [17,4], [17,3]] merged=[[17,4], [17,3], [17,9], [17,6]] --- (Vertex5)[[17,4], [17,3], [17,9], [17,6]] (solid_wave_vertices: 4) solid=[[17,9], [17,6], [17,4], [17,3]] merged=[[17,6], [17,3], [17,9], [17,4]] --- (Vertex6)[[17,4], [17,3], [17,9], [17,6]] (solid_wave_vertices: 4) solid=[[17,6], [17,4], [17,3], [17,9]] merged=[[17,3], [17,9], [17,4], [17,6]] --- (Vertex7)[[17,9], [17,7], [17,6], [17,0]] (solid_wave_vertices: 4) solid=[[17,9], [17,6], [17,7], [17,0]] merged=[[17,6], [17,7], [17,0], [17,9]] --- (Vertex8)[[17,9], [17,7], [17,6], [17,0]] (solid_wave_vertices: 4) solid=[[17,7], [17,0], [17,6], [17,9]] merged=[[17,6], [17,9], [17,7], [17,0]] --- (Vertex9)[[17,4], [17,3], [17,9], [17,6]] (solid_wave_vertices: 4) solid=[[17,9], [17,3], [17,4], [17,6]] merged=[[17,4], [17,9], [17,6], [17,3]]
Round 19: (Vertex0)[[18,7], [w17,4], [18,2], [w17,3], [w17,9], [18,9], [w17,7], [w17,8], [w17,6], [w17,0], [w17,2]] weak=[[w17,4], [w17,3], [w17,9], [w17,7], [w17,8], [w17,6], [w17,0], [w17,2]] (solid_wave_vertices: 8) solid=[[17,7], [17,0], [17,4], [17,9], [17,6], [17,3], [17,8], [17,2]] merged=[[17,0], [17,9], [17,6], [17,2], [17,7], [17,3], [17,4], [17,8]] --- (Vertex1)[[18,7], [w17,4], [w17,9], [w17,7], [w17,8], [w17,6], [w17,0], [18,0], [w17,2], [18,8]] weak=[[w17,4], [w17,9], [w17,7], [w17,8], [w17,6], [w17,0], [w17,2]] (solid_wave_vertices: 7) solid=[[17,4], [17,6], [17,0], [17,7], [17,9], [17,2], [17,8]] merged=[[17,4], [17,7], [17,8], [17,0], [17,9], [17,2], [17,6]] --- (Vertex2)[[18,6], [w17,4], [18,2], [w17,3], [w17,9], [18,9], [w17,7], [w17,6], [w17,0], [w17,5], [w17,2]] weak=[[w17,4], [w17,3], [w17,9], [w17,7], [w17,6], [w17,0], [w17,5], [w17,2]] (solid_wave_vertices: 8) solid=[[17,4], [17,0], [17,2], [17,5], [17,9], [17,6], [17,7], [17,3]] merged=[[17,9], [17,4], [17,0], [17,7], [17,5], [17,2], [17,6], [17,3]] --- (Vertex3)[[18,6], [w17,4], [18,2], [w17,3], [w17,9], [18,9], [w17,7], [w17,6], [w17,0], [w17,5], [w17,2]] weak=[[w17,4], [w17,3], [w17,9], [w17,7], [w17,6], [w17,0], [w17,5], [w17,2]] (solid_wave_vertices: 8) solid=[[17,2], [17,7], [17,5], [17,6], [17,9], [17,3], [17,0], [17,4]] merged=[[17,5], [17,9], [17,2], [17,4], [17,0], [17,6], [17,3], [17,7]] --- (Vertex4)[[18,6], [w17,4], [18,2], [w17,3], [w17,9], [18,9], [w17,7], [w17,6], [w17,0], [w17,5], [w17,2]] weak=[[w17,4], [w17,3], [w17,9], [w17,7], [w17,6], [w17,0], [w17,5], [w17,2]] (solid_wave_vertices: 8) solid=[[17,7], [17,9], [17,0], [17,2], [17,4], [17,6], [17,3], [17,5]] merged=[[17,9], [17,3], [17,5], [17,6], [17,4], [17,0], [17,2], [17,7]] --- (Vertex5)[[18,6], [w17,4], [18,2], [w17,3], [w17,9], [18,9], [w17,7], [w17,6], [w17,0], [w17,5], [w17,2]] weak=[[w17,4], [w17,3], [w17,9], [w17,7], [w17,6], [w17,0], [w17,5], [w17,2]] (solid_wave_vertices: 8) solid=[[17,5], [17,0], [17,9], [17,4], [17,3], [17,6], [17,2], [17,7]] merged=[[17,3], [17,4], [17,6], [17,0], [17,9], [17,5], [17,7], [17,2]] --- (Vertex6)[[18,6], [w17,4], [18,2], [w17,3], [w17,9], [18,9], [w17,7], [w17,6], [w17,0], [w17,5], [w17,2]] weak=[[w17,4], [w17,3], [w17,9], [w17,7], [w17,6], [w17,0], [w17,5], [w17,2]] (solid_wave_vertices: 8) solid=[[17,7], [17,5], [17,3], [17,2], [17,4], [17,0], [17,6], [17,9]] merged=[[17,4], [17,5], [17,0], [17,7], [17,9], [17,6], [17,2], [17,3]] --- (Vertex7)[[18,7], [w17,4], [18,2], [w17,3], [w17,9], [w17,7], [w17,8], [w17,6], [w17,0], [w17,5], [w17,2]] weak=[[w17,4], [w17,3], [w17,9], [w17,7], [w17,8], [w17,6], [w17,0], [w17,5], [w17,2]] (solid_wave_vertices: 9) solid=[[17,7], [17,5], [17,4], [17,9], [17,6], [17,2], [17,3], [17,8], [17,0]] merged=[[17,2], [17,6], [17,8], [17,4], [17,7], [17,5], [17,0], [17,3], [17,9]] --- (Vertex8)[[18,7], [w17,4], [w17,9], [w17,7], [w17,8], [w17,6], [w17,0], [w17,2]] weak=[[w17,4], [w17,9], [w17,7], [w17,8], [w17,6], [w17,0], [w17,2]] (solid_wave_vertices: 7) solid=[[17,0], [17,8], [17,2], [17,4], [17,6], [17,7], [17,9]] merged=[[17,0], [17,9], [17,4], [17,7], [17,2], [17,8], [17,6]] --- (Vertex9)[[18,6], [w17,4], [18,2], [w17,3], [w17,9], [18,9], [w17,7], [w17,6], [w17,0], [w17,5], [w17,2]] weak=[[w17,4], [w17,3], [w17,9], [w17,7], [w17,6], [w17,0], [w17,5], [w17,2]] (solid_wave_vertices: 8) solid=[[17,3], [17,7], [17,0], [17,9], [17,4], [17,5], [17,2], [17,6]] merged=[[17,6], [17,5], [17,0], [17,3], [17,7], [17,4], [17,2], [17,9]]
Round 20: (Vertex0)[[w18,6], [w18,7], [w18,5], [19,2], [w17,4], [w18,2], [19,8], [w18,4], [w17,3], [w17,9], [w18,9], [w17,7], [w17,8], [w17,6], [w18,3], [w17,0], [w18,0], [w17,5], [w17,2], [w18,8], [19,7], [19,0]] weak=[[w18,6], [w18,7], [w18,5], [w17,4], [w18,2], [w18,4], [w17,3], [w17,9], [w18,9], [w17,7], [w17,8], [w17,6], [w18,3], [w17,0], [w18,0], [w17,5], [w17,2], [w18,8]] (solid_wave_vertices: 9) solid=[[17,4], [17,0], [17,8], [17,3], [17,2], [17,7], [17,5], [17,9], [17,6]] merged=[[17,9], [17,3], [17,4], [17,5], [17,0], [17,8], [17,6], [17,2], [17,7]] --- (Vertex1)[[w18,6], [w18,7], [19,6], [w18,5], [w17,4], [w18,2], [19,8], [w18,4], [w17,3], [w17,9], [w18,9], [19,4], [w17,7], [w17,8], [w17,1], [w17,6], [w18,3], [w17,0], [w18,0], [w17,5], [w17,2], [w18,8], [19,0]] weak=[[w18,6], [w18,7], [w18,5], [w17,4], [w18,2], [w18,4], [w17,3], [w17,9], [w18,9], [w17,7], [w17,8], [w17,1], [w17,6], [w18,3], [w17,0], [w18,0], [w17,5], [w17,2], [w18,8]] (solid_wave_vertices: 10) solid=[[17,7], [17,4], [17,8], [17,6], [17,9], [17,2], [17,5], [17,1], [17,3], [17,0]] merged=[[17,5], [17,2], [17,8], [17,1], [17,7], [17,3], [17,6], [17,9], [17,0], [17,4]] --- (Vertex2)[[w18,6], [w18,7], [19,6], [w18,5], [19,2], [w17,4], [w18,2], [w18,4], [w17,3], [w17,9], [w18,9], [19,4], [w17,7], [w17,8], [w17,6], [w18,3], [w17,0], [w17,5], [w17,2], [w18,8], [19,3]] weak=[[w18,6], [w18,7], [w18,5], [w17,4], [w18,2], [w18,4], [w17,3], [w17,9], [w18,9], [w17,7], [w17,8], [w17,6], [w18,3], [w17,0], [w17,5], [w17,2], [w18,8]] (solid_wave_vertices: 9) solid=[[17,6], [17,4], [17,9], [17,2], [17,3], [17,0], [17,8], [17,7], [17,5]] merged=[[17,0], [17,5], [17,9], [17,4], [17,2], [17,8], [17,6], [17,7], [17,3]] --- (Vertex3)[[w18,6], [w18,7], [19,6], [w18,5], [19,2], [w17,4], [w18,2], [w18,4], [w17,3], [w17,9], [w18,9], [19,4], [w17,7], [w17,8], [w17,6], [w18,3], [w17,0], [w17,5], [w17,2], [w18,8], [19,3]] weak=[[w18,6], [w18,7], [w18,5], [w17,4], [w18,2], [w18,4], [w17,3], [w17,9], [w18,9], [w17,7], [w17,8], [w17,6], [w18,3], [w17,0], [w17,5], [w17,2], [w18,8]] (solid_wave_vertices: 9) solid=[[17,4], [17,2], [17,9], [17,8], [17,0], [17,3], [17,5], [17,7], [17,6]] merged=[[17,0], [17,2], [17,3], [17,6], [17,7], [17,9], [17,8], [17,4], [17,5]] --- (Vertex4)[[w18,6], [w18,7], [19,6], [w18,5], [19,2], [w17,4], [w18,2], [w18,4], [w17,3], [w17,9], [w18,9], [19,4], [w17,7], [w17,8], [w17,6], [w18,3], [w17,0], [w17,5], [w17,2], [w18,8], [19,3]] weak=[[w18,6], [w18,7], [w18,5], [w17,4], [w18,2], [w18,4], [w17,3], [w17,9], [w18,9], [w17,7], [w17,8], [w17,6], [w18,3], [w17,0], [w17,5], [w17,2], [w18,8]] (solid_wave_vertices: 9) solid=[[17,8], [17,5], [17,4], [17,3], [17,7], [17,9], [17,0], [17,6], [17,2]] merged=[[17,3], [17,9], [17,5], [17,6], [17,2], [17,4], [17,7], [17,8], [17,0]] --- (Vertex5)[[w18,6], [w18,7], [19,6], [w18,5], [19,2], [w17,4], [w18,2], [w18,4], [w17,3], [w17,9], [w18,9], [19,4], [w17,7], [w17,8], [w17,6], [w18,3], [w17,0], [w18,0], [w17,5], [w17,2], [w18,8], [19,3]] weak=[[w18,6], [w18,7], [w18,5], [w17,4], [w18,2], [w18,4], [w17,3], [w17,9], [w18,9], [w17,7], [w17,8], [w17,6], [w18,3], [w17,0], [w18,0], [w17,5], [w17,2], [w18,8]] (solid_wave_vertices: 9) solid=[[17,5], [17,0], [17,9], [17,3], [17,8], [17,6], [17,2], [17,7], [17,4]] merged=[[17,6], [17,4], [17,9], [17,2], [17,7], [17,5], [17,8], [17,0], [17,3]] --- (Vertex6)[[w18,6], [w18,7], [19,6], [w18,5], [19,2], [w17,4], [w18,2], [w18,4], [w17,3], [w17,9], [w18,9], [19,4], [w17,7], [w17,8], [w17,6], [w18,3], [w17,0], [w18,0], [w17,5], [w17,2], [w18,8], [19,3]] weak=[[w18,6], [w18,7], [w18,5], [w17,4], [w18,2], [w18,4], [w17,3], [w17,9], [w18,9], [w17,7], [w17,8], [w17,6], [w18,3], [w17,0], [w18,0], [w17,5], [w17,2], [w18,8]] (solid_wave_vertices: 9) solid=[[17,7], [17,8], [17,2], [17,0], [17,9], [17,5], [17,3], [17,6], [17,4]] merged=[[17,5], [17,8], [17,9], [17,0], [17,4], [17,2], [17,7], [17,6], [17,3]] --- (Vertex8)[[w18,6], [w18,7], [19,6], [w18,5], [w17,4], [w18,2], [19,8], [w18,4], [w17,3], [w17,9], [w18,9], [19,4], [w17,7], [w17,8], [w17,6], [w17,0], [w18,0], [w17,5], [w17,2], [w18,8], [19,7], [19,0]] weak=[[w18,6], [w18,7], [w18,5], [w17,4], [w18,2], [w18,4], [w17,3], [w17,9], [w18,9], [w17,7], [w17,8], [w17,6], [w17,0], [w18,0], [w17,5], [w17,2], [w18,8]] (solid_wave_vertices: 9) solid=[[17,7], [17,4], [17,0], [17,8], [17,5], [17,9], [17,2], [17,3], [17,6]] merged=[[17,0], [17,6], [17,9], [17,4], [17,3], [17,7], [17,5], [17,2], [17,8]] --- (Vertex9)[[w18,6], [w18,7], [19,6], [w18,5], [19,2], [w17,4], [w18,2], [w18,4], [w17,3], [w17,9], [w18,9], [19,4], [w17,7], [w17,8], [w17,6], [w18,3], [w17,0], [w17,5], [w17,2], [w18,8], [19,3]] weak=[[w18,6], [w18,7], [w18,5], [w17,4], [w18,2], [w18,4], [w17,3], [w17,9], [w18,9], [w17,7], [w17,8], [w17,6], [w18,3], [w17,0], [w17,5], [w17,2], [w18,8]] (solid_wave_vertices: 9) solid=[[17,9], [17,0], [17,8], [17,2], [17,5], [17,7], [17,3], [17,4], [17,6]] merged=[[17,7], [17,8], [17,9], [17,4], [17,3], [17,6], [17,5], [17,2], [17,0]]
Round 21: (Vertex0)[[w19,5], [w18,6], [w18,7], [w19,6], [w18,5], [20,8], [w19,2], [w17,4], [w18,2], [w19,8], [w18,4], [w17,3], [w17,9], [w18,9], [w19,9], [w19,4], [w17,7], [w17,8], [w17,6], [w18,3], [w17,0], [w18,0], [20,2], [w17,5], [w17,2], [w18,8], [w19,3], [w19,7], [w19,0], [20,0]] weak=[[w19,5], [w18,6], [w18,7], [w19,6], [w18,5], [w19,2], [w17,4], [w18,2], [w19,8], [w18,4], [w17,3], [w17,9], [w18,9], [w19,9], [w19,4], [w17,7], [w17,8], [w17,6], [w18,3], [w17,0], [w18,0], [w17,5], [w17,2], [w18,8], [w19,3], [w19,7], [w19,0]] (solid_wave_vertices: 9) solid=[[17,6], [17,7], [17,0], [17,3], [17,2], [17,9], [17,8], [17,4], [17,5]] merged=[[21,0]] --- (Vertex1)[[w19,5], [w18,6], [w18,7], [w19,6], [w18,5], [20,8], [w19,2], [w17,4], [w18,2], [w19,8], [w18,4], [w17,3], [w17,9], [w18,9], [w19,9], [w19,4], [w17,7], [w17,8], [w17,1], [w17,6], [w18,3], [w17,0], [w18,0], [w17,5], [w17,2], [w18,8], [w19,7], [w19,0], [20,0]] weak=[[w19,5], [w18,6], [w18,7], [w19,6], [w18,5], [w19,2], [w17,4], [w18,2], [w19,8], [w18,4], [w17,3], [w17,9], [w18,9], [w19,9], [w19,4], [w17,7], [w17,8], [w17,1], [w17,6], [w18,3], [w17,0], [w18,0], [w17,5], [w17,2], [w18,8], [w19,7], [w19,0]] (solid_wave_vertices: 10) solid=[[17,5], [17,0], [17,7], [17,4], [17,9], [17,6], [17,8], [17,3], [17,1], [17,2]] merged=[[21,1]] --- (Vertex2)[[w19,5], [w18,6], [w18,7], [w19,6], [w18,5], [20,5], [20,9], [w19,2], [w17,4], [w18,2], [w19,8], [w18,4], [w17,3], [w17,9], [w18,9], [w19,9], [w19,4], [w17,7], [w17,8], [w17,6], [w18,3], [w17,0], [w18,0], [20,2], [w17,5], [20,4], [w17,2], [w18,8], [w19,3], [w19,7], [w19,0]] weak=[[w19,5], [w18,6], [w18,7], [w19,6], [w18,5], [w19,2], [w17,4], [w18,2], [w19,8], [w18,4], [w17,3], [w17,9], [w18,9], [w19,9], [w19,4], [w17,7], [w17,8], [w17,6], [w18,3], [w17,0], [w18,0], [w17,5], [w17,2], [w18,8], [w19,3], [w19,7], [w19,0]] (solid_wave_vertices: 9) solid=[[17,4], [17,5], [17,3], [17,9], [17,2], [17,6], [17,7], [17,8], [17,0]] merged=[[21,2]] --- (Vertex3)[[w19,5], [w18,6], [w18,7], [w19,6], [w18,5], [20,5], [20,9], [w19,2], [w17,4], [w18,2], [20,3], [w19,8], [w18,4], [w17,3], [w17,9], [w18,9], [w19,9], [w19,4], [w17,7], [w17,8], [w17,6], [w18,3], [w17,0], [w18,0], [20,2], [w17,5], [20,4], [w17,2], [w18,8], [w19,3], [w19,7], [w19,0]] weak=[[w19,5], [w18,6], [w18,7], [w19,6], [w18,5], [w19,2], [w17,4], [w18,2], [w19,8], [w18,4], [w17,3], [w17,9], [w18,9], [w19,9], [w19,4], [w17,7], [w17,8], [w17,6], [w18,3], [w17,0], [w18,0], [w17,5], [w17,2], [w18,8], [w19,3], [w19,7], [w19,0]] (solid_wave_vertices: 9) solid=[[17,0], [17,9], [17,6], [17,4], [17,7], [17,5], [17,2], [17,8], [17,3]] merged=[[21,3]] --- (Vertex4)[[w19,5], [w18,6], [w18,7], [w19,6], [w18,5], [20,5], [20,9], [w19,2], [w17,4], [w18,2], [w19,8], [w18,4], [w17,3], [w17,9], [w18,9], [w19,9], [w19,4], [w17,7], [w17,8], [w17,6], [w18,3], [w17,0], [w18,0], [20,2], [w17,5], [20,4], [w17,2], [w18,8], [w19,3], [w19,7], [w19,0]] weak=[[w19,5], [w18,6], [w18,7], [w19,6], [w18,5], [w19,2], [w17,4], [w18,2], [w19,8], [w18,4], [w17,3], [w17,9], [w18,9], [w19,9], [w19,4], [w17,7], [w17,8], [w17,6], [w18,3], [w17,0], [w18,0], [w17,5], [w17,2], [w18,8], [w19,3], [w19,7], [w19,0]] (solid_wave_vertices: 9) solid=[[17,6], [17,2], [17,0], [17,4], [17,9], [17,7], [17,8], [17,5], [17,3]] merged=[[21,4]] --- (Vertex5)[[w19,5], [w18,6], [w18,7], [w19,6], [w18,5], [20,5], [20,9], [w19,2], [w17,4], [w18,2], [w19,8], [w18,4], [w17,3], [w17,9], [w18,9], [w19,9], [w19,4], [w17,7], [w17,8], [w17,6], [w18,3], [w17,0], [w18,0], [20,2], [w17,5], [20,4], [w17,2], [w18,8], [w19,3], [w19,7], [w19,0]] weak=[[w19,5], [w18,6], [w18,7], [w19,6], [w18,5], [w19,2], [w17,4], [w18,2], [w19,8], [w18,4], [w17,3], [w17,9], [w18,9], [w19,9], [w19,4], [w17,7], [w17,8], [w17,6], [w18,3], [w17,0], [w18,0], [w17,5], [w17,2], [w18,8], [w19,3], [w19,7], [w19,0]] (solid_wave_vertices: 9) solid=[[17,0], [17,8], [17,2], [17,3], [17,6], [17,9], [17,5], [17,7], [17,4]] merged=[[21,5]] --- (Vertex6)[[w19,5], [w18,6], [w18,7], [w19,6], [w18,5], [20,5], [20,9], [w19,2], [w17,4], [w18,2], [w19,8], [w18,4], [w17,3], [w17,9], [w18,9], [w19,9], [w19,4], [w17,7], [w17,8], [w17,6], [w18,3], [w17,0], [w18,0], [20,2], [w17,5], [20,4], [w17,2], [w18,8], [w19,3], [w19,7], [w19,0]] weak=[[w19,5], [w18,6], [w18,7], [w19,6], [w18,5], [w19,2], [w17,4], [w18,2], [w19,8], [w18,4], [w17,3], [w17,9], [w18,9], [w19,9], [w19,4], [w17,7], [w17,8], [w17,6], [w18,3], [w17,0], [w18,0], [w17,5], [w17,2], [w18,8], [w19,3], [w19,7], [w19,0]] (solid_wave_vertices: 9) solid=[[17,2], [17,4], [17,0], [17,9], [17,5], [17,3], [17,8], [17,7], [17,6]] merged=[[21,6]] --- (Vertex7)[[w18,6], [w18,7], [w19,6], [w18,5], [w19,2], [w17,4], [w18,2], [w19,8], [w18,4], [w17,3], [w17,9], [w18,9], [w19,4], [w17,7], [w17,8], [w17,6], [w18,3], [w17,0], [w18,0], [w17,5], [w17,2], [w18,8], [w19,3], [w19,7], [w19,0]] weak=[[w18,6], [w18,7], [w19,6], [w18,5], [w19,2], [w17,4], [w18,2], [w19,8], [w18,4], [w17,3], [w17,9], [w18,9], [w19,4], [w17,7], [w17,8], [w17,6], [w18,3], [w17,0], [w18,0], [w17,5], [w17,2], [w18,8], [w19,3], [w19,7], [w19,0]] (solid_wave_vertices: 9) solid=[[17,8], [17,4], [17,0], [17,9], [17,7], [17,3], [17,2], [17,5], [17,6]] merged=[[21,7]] --- (Vertex8)[[w19,5], [w18,6], [w18,7], [w19,6], [w18,5], [20,5], [20,8], [w19,2], [w17,4], [w18,2], [w19,8], [w18,4], [w17,3], [w17,9], [w18,9], [w19,9], [w19,4], [w17,7], [w17,8], [w17,6], [w18,3], [w17,0], [w18,0], [w17,5], [w17,2], [w18,8], [w19,3], [w19,7], [w19,0], [20,0]] weak=[[w19,5], [w18,6], [w18,7], [w19,6], [w18,5], [w19,2], [w17,4], [w18,2], [w19,8], [w18,4], [w17,3], [w17,9], [w18,9], [w19,9], [w19,4], [w17,7], [w17,8], [w17,6], [w18,3], [w17,0], [w18,0], [w17,5], [w17,2], [w18,8], [w19,3], [w19,7], [w19,0]] (solid_wave_vertices: 9) solid=[[17,6], [17,4], [17,2], [17,3], [17,0], [17,7], [17,9], [17,8], [17,5]] merged=[[21,8]] --- (Vertex9)[[w19,5], [w18,6], [w18,7], [w19,6], [w18,5], [20,5], [20,9], [w19,2], [w17,4], [w18,2], [w19,8], [w18,4], [w17,3], [w17,9], [w18,9], [w19,9], [w19,4], [w17,7], [w17,8], [w17,6], [w18,3], [w17,0], [w18,0], [20,2], [w17,5], [20,4], [w17,2], [w18,8], [w19,3], [w19,7], [w19,0]] weak=[[w19,5], [w18,6], [w18,7], [w19,6], [w18,5], [w19,2], [w17,4], [w18,2], [w19,8], [w18,4], [w17,3], [w17,9], [w18,9], [w19,9], [w19,4], [w17,7], [w17,8], [w17,6], [w18,3], [w17,0], [w18,0], [w17,5], [w17,2], [w18,8], [w19,3], [w19,7], [w19,0]] (solid_wave_vertices: 9) solid=[[17,7], [17,9], [17,2], [17,3], [17,8], [17,6], [17,4], [17,5], [17,0]] merged=[[21,9]]
Round 22: (Vertex0)[[21,8], [21,0], [21,4], [21,7]] (solid_wave_vertices: 4) solid=[[21,8], [21,7], [21,0], [21,4]] merged=[[21,4], [21,8], [21,7], [21,0]] --- (Vertex2)[[21,2], [21,5], [21,6], [21,4]] (solid_wave_vertices: 4) solid=[[21,6], [21,2], [21,4], [21,5]] merged=[[21,4], [21,5], [21,6], [21,2]] --- (Vertex3)[[21,5], [21,6], [21,4], [21,7]] (solid_wave_vertices: 4) solid=[[21,6], [21,5], [21,7], [21,4]] merged=[[21,6], [21,4], [21,7], [21,5]] --- (Vertex4)[[21,5], [21,6], [21,4], [21,7]] (solid_wave_vertices: 4) solid=[[21,6], [21,4], [21,5], [21,7]] merged=[[21,5], [21,6], [21,4], [21,7]] --- (Vertex5)[[21,5], [21,6], [21,4], [21,7]] (solid_wave_vertices: 4) solid=[[21,4], [21,6], [21,7], [21,5]] merged=[[21,7], [21,4], [21,5], [21,6]] --- (Vertex6)[[21,5], [21,6], [21,4], [21,7]] (solid_wave_vertices: 4) solid=[[21,5], [21,6], [21,4], [21,7]] merged=[[21,5], [21,4], [21,6], [21,7]] --- (Vertex7)[[21,5], [21,6], [21,0], [21,7]] (solid_wave_vertices: 4) solid=[[21,7], [21,0], [21,6], [21,5]] merged=[[21,0], [21,7], [21,5], [21,6]] --- (Vertex8)[[21,8], [21,5], [21,0], [21,7]] (solid_wave_vertices: 4) solid=[[21,7], [21,8], [21,5], [21,0]] merged=[[21,8], [21,7], [21,0], [21,5]] --- (Vertex9)[[21,5], [21,6], [21,4], [21,7]] (solid_wave_vertices: 4) solid=[[21,5], [21,7], [21,4], [21,6]] merged=[[21,4], [21,6], [21,5], [21,7]]
Round 23: (Vertex0)[[22,9], [w21,3], [w21,8], [w21,2], [w21,5], [w21,6], [w21,0], [w21,9], [w21,4], [22,0], [w21,7], [22,7], [22,3]] weak=[[w21,3], [w21,8], [w21,2], [w21,5], [w21,6], [w21,0], [w21,9], [w21,4], [w21,7]] (solid_wave_vertices: 9) solid=[[21,8], [21,4], [21,2], [21,6], [21,9], [21,3], [21,5], [21,0], [21,7]] merged=[[21,8], [21,9], [21,7], [21,6], [21,3], [21,4], [21,0], [21,2], [21,5]] --- (Vertex1)[[22,9], [w21,8], [22,6], [w21,2], [w21,5], [w21,6], [w21,0], [22,4], [w21,9], [w21,4], [22,0], [w21,7], [22,8], [22,7]] weak=[[w21,8], [w21,2], [w21,5], [w21,6], [w21,0], [w21,9], [w21,4], [w21,7]] (solid_wave_vertices: 8) solid=[[21,4], [21,6], [21,2], [21,9], [21,8], [21,5], [21,7], [21,0]] merged=[[21,6], [21,2], [21,7], [21,9], [21,5], [21,0], [21,8], [21,4]] --- (Vertex2)[[22,9], [w21,3], [w21,8], [w21,2], [w21,5], [w21,6], [w21,0], [w21,9], [w21,4], [w21,7], [22,3]] weak=[[w21,3], [w21,8], [w21,2], [w21,5], [w21,6], [w21,0], [w21,9], [w21,4], [w21,7]] (solid_wave_vertices: 9) solid=[[21,9], [21,0], [21,3], [21,4], [21,8], [21,7], [21,6], [21,2], [21,5]] merged=[[21,3], [21,7], [21,8], [21,6], [21,0], [21,2], [21,9], [21,5], [21,4]] --- (Vertex3)[[22,9], [w21,3], [w21,8], [w21,2], [w21,5], [w21,6], [w21,0], [w21,9], [w21,4], [w21,7], [22,3]] weak=[[w21,3], [w21,8], [w21,2], [w21,5], [w21,6], [w21,0], [w21,9], [w21,4], [w21,7]] (solid_wave_vertices: 9) solid=[[21,3], [21,5], [21,4], [21,6], [21,0], [21,9], [21,8], [21,2], [21,7]] merged=[[21,0], [21,3], [21,8], [21,9], [21,6], [21,7], [21,4], [21,2], [21,5]] --- (Vertex4)[[22,9], [w21,3], [w21,8], [w21,2], [w21,5], [w21,6], [w21,0], [w21,9], [w21,4], [w21,7], [22,3]] weak=[[w21,3], [w21,8], [w21,2], [w21,5], [w21,6], [w21,0], [w21,9], [w21,4], [w21,7]] (solid_wave_vertices: 9) solid=[[21,3], [21,7], [21,8], [21,9], [21,4], [21,2], [21,5], [21,0], [21,6]] merged=[[21,7], [21,5], [21,6], [21,3], [21,8], [21,0], [21,4], [21,9], [21,2]] --- (Vertex5)[[22,9], [w21,3], [w21,8], [w21,2], [w21,5], [w21,6], [w21,0], [w21,9], [w21,4], [w21,7], [22,3]] weak=[[w21,3], [w21,8], [w21,2], [w21,5], [w21,6], [w21,0], [w21,9], [w21,4], [w21,7]] (solid_wave_vertices: 9) solid=[[21,3], [21,2], [21,9], [21,6], [21,0], [21,4], [21,7], [21,5], [21,8]] merged=[[21,4], [21,6], [21,2], [21,9], [21,7], [21,5], [21,8], [21,3], [21,0]] --- (Vertex6)[[22,9], [w21,3], [w21,8], [w21,2], [w21,5], [w21,6], [w21,0], [w21,9], [w21,4], [w21,7], [22,3]] weak=[[w21,3], [w21,8], [w21,2], [w21,5], [w21,6], [w21,0], [w21,9], [w21,4], [w21,7]] (solid_wave_vertices: 9) solid=[[21,0], [21,6], [21,8], [21,4], [21,9], [21,2], [21,7], [21,3], [21,5]] merged=[[21,8], [21,0], [21,7], [21,3], [21,9], [21,5], [21,2], [21,6], [21,4]] --- (Vertex7)[[w21,3], [w21,8], [w21,2], [w21,5], [w21,6], [w21,0], [w21,9], [w21,4], [22,0], [w21,7], [22,7]] weak=[[w21,3], [w21,8], [w21,2], [w21,5], [w21,6], [w21,0], [w21,9], [w21,4], [w21,7]] (solid_wave_vertices: 9) solid=[[21,5], [21,6], [21,7], [21,2], [21,8], [21,9], [21,4], [21,3], [21,0]] merged=[[21,2], [21,6], [21,3], [21,0], [21,9], [21,4], [21,7], [21,8], [21,5]] --- (Vertex8)[[w21,8], [w21,2], [w21,5], [w21,6], [w21,0], [w21,9], [w21,4], [22,0], [w21,7], [22,7]] weak=[[w21,8], [w21,2], [w21,5], [w21,6], [w21,0], [w21,9], [w21,4], [w21,7]] (solid_wave_vertices: 8) solid=[[21,7], [21,4], [21,2], [21,6], [21,5], [21,9], [21,0], [21,8]] merged=[[21,7], [21,5], [21,4], [21,6], [21,8], [21,9], [21,2], [21,0]] --- (Vertex9)[[22,9], [w21,3], [w21,8], [w21,2], [w21,5], [w21,6], [w21,0], [w21,9], [w21,4], [w21,7], [22,3]] weak=[[w21,3], [w21,8], [w21,2], [w21,5], [w21,6], [w21,0], [w21,9], [w21,4], [w21,7]] (solid_wave_vertices: 9) solid=[[21,9], [21,3], [21,7], [21,2], [21,0], [21,4], [21,6], [21,5], [21,8]] merged=[[21,8], [21,6], [21,5], [21,2], [21,9], [21,7], [21,4], [21,0], [21,3]]
Round 24: (Vertex0)[[w22,5], [w22,9], [w21,3], [w21,8], [23,4], [w22,6], [w21,2], [w21,5], [w21,6], [w21,0], [23,5], [w22,4], [w21,9], [w21,4], [w22,0], [w21,7], [w22,8], [w22,7], [w22,2], [23,8], [w22,3], [23,3]] weak=[[w22,5], [w22,9], [w21,3], [w21,8], [w22,6], [w21,2], [w21,5], [w21,6], [w21,0], [w22,4], [w21,9], [w21,4], [w22,0], [w21,7], [w22,8], [w22,7], [w22,2], [w22,3]] (solid_wave_vertices: 9) solid=[[21,8], [21,0], [21,2], [21,6], [21,4], [21,5], [21,9], [21,7], [21,3]] merged=[[21,6], [21,4], [21,2], [21,0], [21,9], [21,8], [21,3], [21,5], [21,7]] --- (Vertex2)[[w22,5], [w22,9], [w21,3], [w21,8], [23,4], [w22,6], [w21,2], [w21,5], [w21,6], [23,9], [w21,0], [23,5], [w22,4], [w21,9], [w21,4], [w22,0], [w21,7], [23,2], [23,6], [w22,7], [w22,2], [w22,3], [23,3]] weak=[[w22,5], [w22,9], [w21,3], [w21,8], [w22,6], [w21,2], [w21,5], [w21,6], [w21,0], [w22,4], [w21,9], [w21,4], [w22,0], [w21,7], [w22,7], [w22,2], [w22,3]] (solid_wave_vertices: 9) solid=[[21,6], [21,8], [21,4], [21,9], [21,2], [21,7], [21,3], [21,5], [21,0]] merged=[[21,7], [21,0], [21,5], [21,2], [21,6], [21,3], [21,8], [21,4], [21,9]] --- (Vertex3)[[w22,5], [w22,9], [w21,3], [w21,8], [23,4], [w22,6], [w21,2], [w21,5], [w21,6], [23,9], [w21,0], [23,5], [w22,4], [w21,9], [w21,4], [w22,0], [w21,7], [23,2], [23,6], [w22,7], [w22,2], [w22,3], [23,3]] weak=[[w22,5], [w22,9], [w21,3], [w21,8], [w22,6], [w21,2], [w21,5], [w21,6], [w21,0], [w22,4], [w21,9], [w21,4], [w22,0], [w21,7], [w22,7], [w22,2], [w22,3]] (solid_wave_vertices: 9) solid=[[21,4], [21,3], [21,6], [21,0], [21,2], [21,8], [21,5], [21,7], [21,9]] merged=[[21,8], [21,5], [21,4], [21,0], [21,7], [21,6], [21,2], [21,9], [21,3]] --- (Vertex4)[[w22,5], [w22,9], [w21,3], [w21,8], [23,4], [w22,6], [w21,2], [w21,5], [w21,6], [23,9], [w21,0], [23,5], [w22,4], [w21,9], [w21,4], [w22,0], [w21,7], [23,2], [23,6], [w22,7], [w22,2], [w22,3], [23,3]] weak=[[w22,5], [w22,9], [w21,3], [w21,8], [w22,6], [w21,2], [w21,5], [w21,6], [w21,0], [w22,4], [w21,9], [w21,4], [w22,0], [w21,7], [w22,7], [w22,2], [w22,3]] (solid_wave_vertices: 9) solid=[[21,9], [21,2], [21,3], [21,4], [21,6], [21,5], [21,0], [21,7], [21,8]] merged=[[21,4], [21,2], [21,3], [21,7], [21,5], [21,8], [21,6], [21,0], [21,9]] --- (Vertex5)[[w22,5], [w22,9], [w21,3], [w21,8], [23,4], [w22,6], [w21,2], [w21,5], [w21,6], [23,9], [w21,0], [23,5], [w22,4], [w21,9], [w21,4], [w22,0], [w21,7], [23,2], [23,6], [w22,7], [w22,2], [w22,3], [23,3]] weak=[[w22,5], [w22,9], [w21,3], [w21,8], [w22,6], [w21,2], [w21,5], [w21,6], [w21,0], [w22,4], [w21,9], [w21,4], [w22,0], [w21,7], [w22,7], [w22,2], [w22,3]] (solid_wave_vertices: 9) solid=[[21,8], [21,9], [21,5], [21,7], [21,4], [21,2], [21,0], [21,6], [21,3]] merged=[[21,8], [21,3], [21,2], [21,9], [21,4], [21,5], [21,7], [21,6], [21,0]] --- (Vertex6)[[w22,5], [w22,9], [w21,3], [w21,8], [23,4], [w22,6], [w21,2], [w21,5], [w21,6], [23,9], [w21,0], [23,5], [w22,4], [w21,9], [w21,4], [w22,0], [w21,7], [23,2], [w22,8], [23,6], [w22,7], [w22,2], [w22,3], [23,3]] weak=[[w22,5], [w22,9], [w21,3], [w21,8], [w22,6], [w21,2], [w21,5], [w21,6], [w21,0], [w22,4], [w21,9], [w21,4], [w22,0], [w21,7], [w22,8], [w22,7], [w22,2], [w22,3]] (solid_wave_vertices: 9) solid=[[21,8], [21,2], [21,0], [21,6], [21,7], [21,9], [21,4], [21,5], [21,3]] merged=[[21,7], [21,3], [21,4], [21,5], [21,9], [21,6], [21,8], [21,0], [21,2]] --- (Vertex7)[[w22,5], [w22,9], [w21,3], [w21,8], [23,4], [w22,6], [w21,2], [w21,5], [w21,6], [23,9], [w21,0], [23,5], [w22,4], [w21,9], [w21,4], [w22,0], [w21,7], [w22,8], [w22,7], [w22,2], [23,8], [w22,3]] weak=[[w22,5], [w22,9], [w21,3], [w21,8], [w22,6], [w21,2], [w21,5], [w21,6], [w21,0], [w22,4], [w21,9], [w21,4], [w22,0], [w21,7], [w22,8], [w22,7], [w22,2], [w22,3]] (solid_wave_vertices: 9) solid=[[21,9], [21,8], [21,3], [21,4], [21,7], [21,2], [21,5], [21,6], [21,0]] merged=[[21,9], [21,0], [21,5], [21,8], [21,6], [21,7], [21,3], [21,4], [21,2]] --- (Vertex8)[[w22,5], [w22,9], [w21,3], [w21,8], [23,4], [w22,6], [w21,2], [w21,5], [w21,6], [w21,0], [23,5], [w22,4], [w21,9], [w21,4], [w22,0], [w21,7], [w22,8], [23,6], [w22,7], [w22,2], [23,8], [w22,3]] weak=[[w22,5], [w22,9], [w21,3], [w21,8], [w22,6], [w21,2], [w21,5], [w21,6], [w21,0], [w22,4], [w21,9], [w21,4], [w22,0], [w21,7], [w22,8], [w22,7], [w22,2], [w22,3]] (solid_wave_vertices: 9) solid=[[21,9], [21,6], [21,2], [21,5], [21,8], [21,7], [21,3], [21,4], [21,0]] merged=[[21,2], [21,4], [21,9], [21,6], [21,7], [21,8], [21,3], [21,0], [21,5]] --- (Vertex9)[[w22,5], [w22,9], [w21,3], [w21,8], [23,4], [w22,6], [w21,2], [w21,5], [w21,6], [23,9], [w21,0], [23,5], [w22,4], [w21,9], [w21,4], [w22,0], [w21,7], [23,2], [23,6], [w22,7], [w22,2], [w22,3], [23,3]] weak=[[w22,5], [w22,9], [w21,3], [w21,8], [w22,6], [w21,2], [w21,5], [w21,6], [w21,0], [w22,4], [w21,9], [w21,4], [w22,0], [w21,7], [w22,7], [w22,2], [w22,3]] (solid_wave_vertices: 9) solid=[[21,9], [21,0], [21,3], [21,2], [21,8], [21,7], [21,6], [21,5], [21,4]] merged=[[21,6], [21,3], [21,7], [21,2], [21,5], [21,4], [21,8], [21,0], [21,9]]
Round 25: (Vertex0)[[w22,5], [w23,7], [w22,9], [w21,3], [w23,0], [w21,8], [24,7], [w23,4], [w22,6], [w21,2], [w21,5], [w21,6], [24,0], [w23,9], [w21,0], [w23,5], [w22,4], [w21,9], [w21,4], [w22,0], [w21,7], [w23,2], [w22,8], [w23,6], [w22,7], [w22,2], [w23,8], [w22,3], [w23,3]] weak=[[w22,5], [w23,7], [w22,9], [w21,3], [w23,0], [w21,8], [w23,4], [w22,6], [w21,2], [w21,5], [w21,6], [w23,9], [w21,0], [w23,5], [w22,4], [w21,9], [w21,4], [w22,0], [w21,7], [w23,2], [w22,8], [w23,6], [w22,7], [w22,2], [w23,8], [w22,3], [w23,3]] (solid_wave_vertices: 9) solid=[[21,2], [21,8], [21,0], [21,4], [21,3], [21,9], [21,7], [21,5], [21,6]] merged=[[25,0]] --- (Vertex2)[[w22,5], [w23,7], [w22,9], [w21,3], [w21,8], [w23,4], [w22,6], [w21,2], [w21,5], [w21,6], [w23,9], [w21,0], [w23,5], [w22,4], [w21,9], [w21,4], [w22,0], [w21,7], [w23,2], [w22,8], [w23,6], [w22,7], [w22,2], [w23,8], [w22,3], [w23,3]] weak=[[w22,5], [w23,7], [w22,9], [w21,3], [w21,8], [w23,4], [w22,6], [w21,2], [w21,5], [w21,6], [w23,9], [w21,0], [w23,5], [w22,4], [w21,9], [w21,4], [w22,0], [w21,7], [w23,2], [w22,8], [w23,6], [w22,7], [w22,2], [w23,8], [w22,3], [w23,3]] (solid_wave_vertices: 9) solid=[[21,6], [21,8], [21,0], [21,9], [21,5], [21,3], [21,7], [21,4], [21,2]] merged=[[25,2]] --- (Vertex3)[[w22,5], [w22,9], [w21,3], [w21,8], [w23,4], [w22,6], [w21,2], [w21,5], [w21,6], [w23,9], [w21,0], [w23,5], [w22,4], [w21,9], [w21,4], [w22,0], [w21,7], [w23,2], [w22,8], [w23,6], [w22,7], [w22,2], [w23,8], [w22,3], [w23,3]] weak=[[w22,5], [w22,9], [w21,3], [w21,8], [w23,4], [w22,6], [w21,2], [w21,5], [w21,6], [w23,9], [w21,0], [w23,5], [w22,4], [w21,9], [w21,4], [w22,0], [w21,7], [w23,2], [w22,8], [w23,6], [w22,7], [w22,2], [w23,8], [w22,3], [w23,3]] (solid_wave_vertices: 9) solid=[[21,6], [21,7], [21,0], [21,5], [21,2], [21,3], [21,4], [21,8], [21,9]] merged=[[25,3]] --- (Vertex4)[[w22,5], [w22,9], [w21,3], [w21,8], [w23,4], [w22,6], [w21,2], [w21,5], [w21,6], [w23,9], [w21,0], [w23,5], [w22,4], [w21,9], [w21,4], [w22,0], [w21,7], [w23,2], [w22,8], [w23,6], [w22,7], [w22,2], [w23,8], [w22,3], [w23,3]] weak=[[w22,5], [w22,9], [w21,3], [w21,8], [w23,4], [w22,6], [w21,2], [w21,5], [w21,6], [w23,9], [w21,0], [w23,5], [w22,4], [w21,9], [w21,4], [w22,0], [w21,7], [w23,2], [w22,8], [w23,6], [w22,7], [w22,2], [w23,8], [w22,3], [w23,3]] (solid_wave_vertices: 9) solid=[[21,9], [21,6], [21,4], [21,7], [21,8], [21,3], [21,5], [21,2], [21,0]] merged=[[25,4]] --- (Vertex5)[[w22,5], [w22,9], [w21,3], [w21,8], [w23,4], [w22,6], [w21,2], [w21,5], [w21,6], [w23,9], [w21,0], [w23,5], [w22,4], [w21,9], [w21,4], [w22,0], [w21,7], [w23,2], [w22,8], [w23,6], [w22,7], [w22,2], [w23,8], [w22,3], [w23,3]] weak=[[w22,5], [w22,9], [w21,3], [w21,8], [w23,4], [w22,6], [w21,2], [w21,5], [w21,6], [w23,9], [w21,0], [w23,5], [w22,4], [w21,9], [w21,4], [w22,0], [w21,7], [w23,2], [w22,8], [w23,6], [w22,7], [w22,2], [w23,8], [w22,3], [w23,3]] (solid_wave_vertices: 9) solid=[[21,8], [21,3], [21,6], [21,7], [21,0], [21,4], [21,2], [21,5], [21,9]] merged=[[25,5]] --- (Vertex6)[[w22,5], [w22,9], [w21,3], [w21,8], [w23,4], [w22,6], [w21,2], [w21,5], [w21,6], [w23,9], [w21,0], [w23,5], [w22,4], [w21,9], [w21,4], [w22,0], [w21,7], [w23,2], [w22,8], [w23,6], [w22,7], [w22,2], [w23,8], [w22,3], [w23,3]] weak=[[w22,5], [w22,9], [w21,3], [w21,8], [w23,4], [w22,6], [w21,2], [w21,5], [w21,6], [w23,9], [w21,0], [w23,5], [w22,4], [w21,9], [w21,4], [w22,0], [w21,7], [w23,2], [w22,8], [w23,6], [w22,7], [w22,2], [w23,8], [w22,3], [w23,3]] (solid_wave_vertices: 9) solid=[[21,7], [21,4], [21,2], [21,0], [21,5], [21,6], [21,8], [21,3], [21,9]] merged=[[25,6]] --- (Vertex7)[[w22,5], [w23,7], [w22,9], [w21,3], [w23,0], [w21,8], [24,7], [w23,4], [w22,6], [w21,2], [w21,5], [w21,6], [24,0], [w23,9], [w21,0], [w23,5], [w22,4], [w21,9], [w21,4], [w22,0], [w21,7], [w23,2], [w22,8], [w23,6], [w22,7], [w22,2], [w23,8], [w22,3], [w23,3]] weak=[[w22,5], [w23,7], [w22,9], [w21,3], [w23,0], [w21,8], [w23,4], [w22,6], [w21,2], [w21,5], [w21,6], [w23,9], [w21,0], [w23,5], [w22,4], [w21,9], [w21,4], [w22,0], [w21,7], [w23,2], [w22,8], [w23,6], [w22,7], [w22,2], [w23,8], [w22,3], [w23,3]] (solid_wave_vertices: 9) solid=[[21,6], [21,3], [21,4], [21,7], [21,8], [21,2], [21,5], [21,9], [21,0]] merged=[[25,7]] --- (Vertex8)[[w22,5], [w23,7], [w22,9], [w21,3], [w23,0], [w21,8], [24,5], [24,7], [w21,1], [24,4], [w23,4], [24,9], [w22,6], [w21,2], [24,6], [w21,5], [w21,6], [24,0], [w23,9], [w21,0], [w23,5], [w22,4], [w21,9], [w21,4], [w22,0], [w21,7], [24,2], [w23,2], [w22,8], [w23,6], [w22,7], [w22,2], [w23,8], [w22,3], [w23,3]] weak=[[w22,5], [w23,7], [w22,9], [w21,3], [w23,0], [w21,8], [w21,1], [w23,4], [w22,6], [w21,2], [w21,5], [w21,6], [w23,9], [w21,0], [w23,5], [w22,4], [w21,9], [w21,4], [w22,0], [w21,7], [w23,2], [w22,8], [w23,6], [w22,7], [w22,2], [w23,8], [w22,3], [w23,3]] (solid_wave_vertices: 10) solid=[[21,6], [21,2], [21,5], [21,8], [21,4], [21,3], [21,7], [21,0], [21,1], [21,9]] merged=[[25,8]] --- (Vertex9)[[w22,5], [w22,9], [w21,3], [w21,8], [w23,4], [w22,6], [w21,2], [w21,5], [w21,6], [w23,9], [w21,0], [w23,5], [w22,4], [w21,9], [w21,4], [w22,0], [w21,7], [w23,2], [w22,8], [w23,6], [w22,7], [w22,2], [w23,8], [w22,3], [w23,3]] weak=[[w22,5], [w22,9], [w21,3], [w21,8], [w23,4], [w22,6], [w21,2], [w21,5], [w21,6], [w23,9], [w21,0], [w23,5], [w22,4], [w21,9], [w21,4], [w22,0], [w21,7], [w23,2], [w22,8], [w23,6], [w22,7], [w22,2], [w23,8], [w22,3], [w23,3]] (solid_wave_vertices: 9) solid=[[21,6], [21,5], [21,3], [21,7], [21,9], [21,8], [21,4], [21,2], [21,0]] merged=[[25,9]]
Round 26: (Vertex0)[[25,9], [25,7], [25,6], [25,4], [25,5], [25,0]] (solid_wave_vertices: 6) solid=[[25,7], [25,0], [25,4], [25,5], [25,6], [25,9]] merged=[[25,7], [25,4], [25,5], [25,9], [25,0], [25,6]] --- (Vertex2)[[25,9], [25,6], [25,4], [25,5], [25,2]] (solid_wave_vertices: 5) solid=[[25,2], [25,4], [25,9], [25,6], [25,5]] merged=[[25,5], [25,6], [25,9], [25,2], [25,4]] --- (Vertex3)[[25,9], [25,6], [25,4], [25,5], [25,2]] (solid_wave_vertices: 5) solid=[[25,6], [25,5], [25,4], [25,9], [25,2]] merged=[[25,9], [25,2], [25,4], [25,6], [25,5]] --- (Vertex4)[[25,9], [25,6], [25,4], [25,5], [25,2]] (solid_wave_vertices: 5) solid=[[25,5], [25,2], [25,4], [25,6], [25,9]] merged=[[25,5], [25,9], [25,4], [25,6], [25,2]] --- (Vertex5)[[25,9], [25,6], [25,4], [25,5], [25,2]] (solid_wave_vertices: 5) solid=[[25,2], [25,6], [25,5], [25,9], [25,4]] merged=[[25,2], [25,5], [25,9], [25,6], [25,4]] --- (Vertex6)[[25,9], [25,6], [25,4], [25,5], [25,2]] (solid_wave_vertices: 5) solid=[[25,9], [25,4], [25,5], [25,6], [25,2]] merged=[[25,4], [25,6], [25,2], [25,9], [25,5]] --- (Vertex7)[[25,9], [25,7], [25,4], [25,5], [25,0]] (solid_wave_vertices: 5) solid=[[25,4], [25,7], [25,9], [25,5], [25,0]] merged=[[25,7], [25,5], [25,0], [25,4], [25,9]] --- (Vertex9)[[25,9], [25,6], [25,4], [25,5], [25,2]] (solid_wave_vertices: 5) solid=[[25,2], [25,5], [25,4], [25,9], [25,6]] merged=[[25,4], [25,9], [25,6], [25,2], [25,5]]
Round 27: (Vertex0)[[w25,8], [w25,3], [w25,9], [w25,7], [w25,6], [w25,4], [26,0], [26,7], [w25,5], [26,9], [w25,0], [26,4], [w25,2], [26,6]] weak=[[w25,8], [w25,3], [w25,9], [w25,7], [w25,6], [w25,4], [w25,5], [w25,0], [w25,2]] (solid_wave_vertices: 9) solid=[[25,2], [25,3], [25,6], [25,0], [25,8], [25,9], [25,5], [25,7], [25,4]] merged=[[25,4], [25,0], [25,6], [25,8], [25,9], [25,2], [25,7], [25,3], [25,5]] --- (Vertex1)[[w25,8], [w25,3], [w25,9], [w25,7], [w25,6], [w25,4], [26,0], [26,5], [26,7], [w25,5], [26,9], [w25,0], [26,4], [w25,2], [26,6], [26,2]] weak=[[w25,8], [w25,3], [w25,9], [w25,7], [w25,6], [w25,4], [w25,5], [w25,0], [w25,2]] (solid_wave_vertices: 9) solid=[[25,0], [25,8], [25,5], [25,3], [25,9], [25,6], [25,7], [25,4], [25,2]] merged=[[25,3], [25,5], [25,2], [25,6], [25,4], [25,0], [25,8], [25,7], [25,9]] --- (Vertex2)[[w25,3], [w25,9], [w25,7], [w25,6], [w25,4], [w25,5], [26,9], [w25,0], [26,4], [w25,2], [26,6], [26,2]] weak=[[w25,3], [w25,9], [w25,7], [w25,6], [w25,4], [w25,5], [w25,0], [w25,2]] (solid_wave_vertices: 8) solid=[[25,9], [25,0], [25,5], [25,7], [25,2], [25,3], [25,4], [25,6]] merged=[[25,6], [25,9], [25,5], [25,4], [25,7], [25,0], [25,2], [25,3]] --- (Vertex3)[[w25,3], [w25,9], [w25,7], [w25,6], [w25,4], [w25,5], [26,9], [w25,0], [26,4], [w25,2], [26,6], [26,2]] weak=[[w25,3], [w25,9], [w25,7], [w25,6], [w25,4], [w25,5], [w25,0], [w25,2]] (solid_wave_vertices: 8) solid=[[25,5], [25,9], [25,4], [25,3], [25,6], [25,7], [25,0], [25,2]] merged=[[25,3], [25,6], [25,5], [25,4], [25,0], [25,2], [25,9], [25,7]] --- (Vertex4)[[w25,3], [w25,9], [w25,7], [w25,6], [w25,4], [w25,5], [26,9], [w25,0], [26,4], [w25,2], [26,6], [26,2]] weak=[[w25,3], [w25,9], [w25,7], [w25,6], [w25,4], [w25,5], [w25,0], [w25,2]] (solid_wave_vertices: 8) solid=[[25,4], [25,6], [25,7], [25,0], [25,3], [25,5], [25,9], [25,2]] merged=[[25,2], [25,3], [25,4], [25,5], [25,6], [25,9], [25,0], [25,7]] --- (Vertex5)[[w25,3], [w25,9], [w25,7], [w25,6], [w25,4], [w25,5], [26,9], [w25,0], [26,4], [w25,2], [26,6], [26,2]] weak=[[w25,3], [w25,9], [w25,7], [w25,6], [w25,4], [w25,5], [w25,0], [w25,2]] (solid_wave_vertices: 8) solid=[[25,3], [25,9], [25,2], [25,6], [25,5], [25,4], [25,7], [25,0]] merged=[[25,9], [25,7], [25,0], [25,6], [25,4], [25,5], [25,2], [25,3]] --- (Vertex6)[[w25,3], [w25,9], [w25,7], [w25,6], [w25,4], [w25,5], [26,9], [w25,0], [26,4], [w25,2], [26,6], [26,2]] weak=[[w25,3], [w25,9], [w25,7], [w25,6], [w25,4], [w25,5], [w25,0], [w25,2]] (solid_wave_vertices: 8) solid=[[25,5], [25,7], [25,4], [25,0], [25,2], [25,9], [25,3], [25,6]] merged=[[25,4], [25,9], [25,5], [25,3], [25,0], [25,2], [25,6], [25,7]] --- (Vertex7)[[w25,8], [w25,3], [w25,9], [w25,7], [w25,6], [w25,4], [26,0], [26,7], [w25,5], [26,9], [w25,0], [26,4], [w25,2]] weak=[[w25,8], [w25,3], [w25,9], [w25,7], [w25,6], [w25,4], [w25,5], [w25,0], [w25,2]] (solid_wave_vertices: 9) solid=[[25,4], [25,3], [25,0], [25,2], [25,8], [25,7], [25,6], [25,5], [25,9]] merged=[[25,0], [25,9], [25,8], [25,3], [25,4], [25,6], [25,7], [25,2], [25,5]] --- (Vertex8)[[w25,9], [w25,7], [w25,6], [w25,4], [w25,5], [w25,0], [w25,2]] weak=[[w25,9], [w25,7], [w25,6], [w25,4], [w25,5], [w25,0], [w25,2]] (solid_wave_vertices: 7) solid=[[25,7], [25,2], [25,0], [25,6], [25,9], [25,4], [25,5]] merged=[[25,9], [25,2], [25,0], [25,5], [25,4], [25,6], [25,7]] --- (Vertex9)[[w25,3], [w25,9], [w25,7], [w25,6], [w25,4], [w25,5], [26,9], [w25,0], [26,4], [w25,2], [26,6], [26,2]] weak=[[w25,3], [w25,9], [w25,7], [w25,6], [w25,4], [w25,5], [w25,0], [w25,2]] (solid_wave_vertices: 8) solid=[[25,2], [25,7], [25,5], [25,9], [25,4], [25,3], [25,0], [25,6]] merged=[[25,3], [25,4], [25,0], [25,7], [25,9], [25,5], [25,6], [25,2]]
Round 28: (Vertex2)[[w25,8], [27,9], [w25,3], [w25,9], [27,6], [w25,7], [w25,6], [27,4], [27,3], [w25,4], [w26,0], [w26,5], [w26,3], [27,2], [w26,7], [w25,5], [w26,9], [w25,0], [w26,4], [w25,2], [w26,6], [w26,2], [27,5]] weak=[[w25,8], [w25,3], [w25,9], [w25,7], [w25,6], [w25,4], [w26,0], [w26,5], [w26,3], [w26,7], [w25,5], [w26,9], [w25,0], [w26,4], [w25,2], [w26,6], [w26,2]] (solid_wave_vertices: 9) solid=[[25,0], [25,4], [25,6], [25,7], [25,9], [25,3], [25,5], [25,8], [25,2]] merged=[[25,5], [25,3], [25,6], [25,8], [25,9], [25,2], [25,0], [25,7], [25,4]] --- (Vertex3)[[w25,8], [27,9], [w25,3], [w25,9], [27,6], [w25,7], [w25,6], [27,4], [27,3], [w25,4], [w26,0], [w26,5], [w26,3], [27,2], [w26,7], [w25,5], [w26,9], [w25,0], [w26,4], [w25,2], [w26,6], [w26,2], [27,5]] weak=[[w25,8], [w25,3], [w25,9], [w25,7], [w25,6], [w25,4], [w26,0], [w26,5], [w26,3], [w26,7], [w25,5], [w26,9], [w25,0], [w26,4], [w25,2], [w26,6], [w26,2]] (solid_wave_vertices: 9) solid=[[25,4], [25,3], [25,9], [25,6], [25,2], [25,5], [25,8], [25,7], [25,0]] merged=[[25,8], [25,5], [25,6], [25,3], [25,0], [25,7], [25,2], [25,9], [25,4]] --- (Vertex4)[[w25,8], [27,9], [w25,3], [w25,9], [27,6], [w25,7], [w25,6], [27,4], [27,3], [w25,4], [w26,0], [w26,5], [w26,3], [27,2], [w26,7], [w25,5], [w26,9], [w25,0], [w26,4], [w25,2], [w26,6], [w26,2], [27,5]] weak=[[w25,8], [w25,3], [w25,9], [w25,7], [w25,6], [w25,4], [w26,0], [w26,5], [w26,3], [w26,7], [w25,5], [w26,9], [w25,0], [w26,4], [w25,2], [w26,6], [w26,2]] (solid_wave_vertices: 9) solid=[[25,4], [25,5], [25,7], [25,8], [25,6], [25,9], [25,0], [25,2], [25,3]] merged=[[25,4], [25,7], [25,0], [25,3], [25,9], [25,2], [25,5], [25,8], [25,6]] --- (Vertex5)[[w25,8], [27,9], [w25,3], [w25,9], [27,6], [w25,7], [w25,6], [27,4], [27,3], [w25,4], [w26,0], [w26,5], [w26,3], [27,2], [w26,7], [w25,5], [w26,9], [w25,0], [w26,4], [w25,2], [w26,6], [w26,2], [27,5]] weak=[[w25,8], [w25,3], [w25,9], [w25,7], [w25,6], [w25,4], [w26,0], [w26,5], [w26,3], [w26,7], [w25,5], [w26,9], [w25,0], [w26,4], [w25,2], [w26,6], [w26,2]] (solid_wave_vertices: 9) solid=[[25,8], [25,6], [25,7], [25,4], [25,5], [25,2], [25,3], [25,0], [25,9]] merged=[[25,0], [25,9], [25,3], [25,7], [25,4], [25,5], [25,2], [25,8], [25,6]] --- (Vertex6)[[w25,8], [27,9], [w25,3], [w25,9], [27,6], [w25,7], [w25,6], [27,4], [27,3], [w25,4], [w26,0], [w26,5], [w26,3], [27,2], [w26,7], [w25,5], [w26,9], [w25,0], [w26,4], [w25,2], [w26,6], [w26,2], [27,5]] weak=[[w25,8], [w25,3], [w25,9], [w25,7], [w25,6], [w25,4], [w26,0], [w26,5], [w26,3], [w26,7], [w25,5], [w26,9], [w25,0], [w26,4], [w25,2], [w26,6], [w26,2]] (solid_wave_vertices: 9) solid=[[25,3], [25,5], [25,2], [25,7], [25,4], [25,6], [25,9], [25,8], [25,0]] merged=[[25,8], [25,5], [25,9], [25,6], [25,4], [25,3], [25,0], [25,2], [25,7]] --- (Vertex7)[[w25,8], [w25,3], [w25,9], [27,6], [w25,7], [w25,6], [27,4], [27,8], [27,3], [w25,4], [w26,0], [w26,5], [w26,3], [w26,7], [w25,5], [w26,9], [w25,0], [w26,4], [w25,2], [w26,6], [w26,2], [27,0]] weak=[[w25,8], [w25,3], [w25,9], [w25,7], [w25,6], [w25,4], [w26,0], [w26,5], [w26,3], [w26,7], [w25,5], [w26,9], [w25,0], [w26,4], [w25,2], [w26,6], [w26,2]] (solid_wave_vertices: 9) solid=[[25,3], [25,7], [25,9], [25,0], [25,6], [25,8], [25,4], [25,5], [25,2]] merged=[[25,0], [25,9], [25,8], [25,6], [25,4], [25,7], [25,5], [25,3], [25,2]] --- (Vertex8)[[w25,8], [w25,3], [w25,9], [w25,7], [w25,6], [27,8], [w25,4], [w26,0], [w26,5], [w26,3], [27,2], [w26,7], [w25,5], [w26,9], [w25,0], [w26,4], [w25,2], [w26,6], [w26,2], [27,0], [27,5]] weak=[[w25,8], [w25,3], [w25,9], [w25,7], [w25,6], [w25,4], [w26,0], [w26,5], [w26,3], [w26,7], [w25,5], [w26,9], [w25,0], [w26,4], [w25,2], [w26,6], [w26,2]] (solid_wave_vertices: 9) solid=[[25,7], [25,3], [25,0], [25,9], [25,4], [25,5], [25,2], [25,8], [25,6]] merged=[[25,7], [25,5], [25,9], [25,4], [25,6], [25,0], [25,2], [25,3], [25,8]] --- (Vertex9)[[w25,8], [27,9], [w25,3], [w25,9], [27,6], [w25,7], [w25,6], [27,4], [27,3], [w25,4], [w26,0], [w26,5], [w26,3], [27,2], [w26,7], [w25,5], [w26,9], [w25,0], [w26,4], [w25,2], [w26,6], [w26,2], [27,5]] weak=[[w25,8], [w25,3], [w25,9], [w25,7], [w25,6], [w25,4], [w26,0], [w26,5], [w26,3], [w26,7], [w25,5], [w26,9], [w25,0], [w26,4], [w25,2], [w26,6], [w26,2]] (solid_wave_vertices: 9) solid=[[25,7], [25,9], [25,8], [25,4], [25,0], [25,2], [25,5], [25,3], [25,6]] merged=[[25,9], [25,2], [25,6], [25,5], [25,8], [25,7], [25,4], [25,0], [25,3]]
Round 29: (Vertex0)[[w25,8], [w25,3], [w25,9], [w27,6], [w25,7], [w25,6], [w27,4], [w27,8], [w27,3], [w25,4], [w26,0], [w26,5], [w26,3], [w27,2], [w26,7], [w25,5], [w26,9], [w25,0], [w26,4], [w25,2], [w26,6], [w26,2], [w27,0], [w27,5]] weak=[[w25,8], [w25,3], [w25,9], [w27,6], [w25,7], [w25,6], [w27,4], [w27,8], [w27,3], [w25,4], [w26,0], [w26,5], [w26,3], [w27,2], [w26,7], [w25,5], [w26,9], [w25,0], [w26,4], [w25,2], [w26,6], [w26,2], [w27,0], [w27,5]] (solid_wave_vertices: 9) solid=[[25,9], [25,8], [25,2], [25,0], [25,7], [25,5], [25,6], [25,4], [25,3]] merged=[[29,0]] --- (Vertex2)[[w25,8], [w27,9], [w25,3], [w25,9], [28,3], [w27,6], [w25,7], [w25,6], [28,9], [w27,4], [w27,8], [w27,3], [w25,4], [w26,0], [w26,5], [w26,3], [w27,2], [w27,7], [w26,7], [w25,5], [w26,9], [w25,0], [w26,4], [28,4], [w25,2], [28,5], [w26,6], [w26,2], [w27,0], [w27,5]] weak=[[w25,8], [w27,9], [w25,3], [w25,9], [w27,6], [w25,7], [w25,6], [w27,4], [w27,8], [w27,3], [w25,4], [w26,0], [w26,5], [w26,3], [w27,2], [w27,7], [w26,7], [w25,5], [w26,9], [w25,0], [w26,4], [w25,2], [w26,6], [w26,2], [w27,0], [w27,5]] (solid_wave_vertices: 9) solid=[[25,3], [25,2], [25,0], [25,9], [25,6], [25,5], [25,7], [25,8], [25,4]] merged=[[29,2]] --- (Vertex3)[[w25,8], [w27,9], [w25,3], [w25,9], [28,3], [w27,6], [w25,7], [w25,6], [28,9], [w27,4], [w27,8], [w27,3], [w25,4], [w26,0], [w26,5], [w26,3], [w27,2], [w27,7], [w26,7], [w25,5], [w26,9], [w25,0], [w26,4], [28,4], [w25,2], [28,5], [w26,6], [w26,2], [w27,0], [w27,5]] weak=[[w25,8], [w27,9], [w25,3], [w25,9], [w27,6], [w25,7], [w25,6], [w27,4], [w27,8], [w27,3], [w25,4], [w26,0], [w26,5], [w26,3], [w27,2], [w27,7], [w26,7], [w25,5], [w26,9], [w25,0], [w26,4], [w25,2], [w26,6], [w26,2], [w27,0], [w27,5]] (solid_wave_vertices: 9) solid=[[25,5], [25,4], [25,3], [25,8], [25,7], [25,6], [25,0], [25,9], [25,2]] merged=[[29,3]] --- (Vertex4)[[w25,8], [w27,9], [w25,3], [w25,9], [28,3], [w27,6], [w25,7], [w25,6], [28,9], [w27,4], [w27,8], [w27,3], [w25,4], [w26,0], [w26,5], [w26,3], [w27,2], [w26,7], [w25,5], [w26,9], [w25,0], [w26,4], [28,4], [w25,2], [28,5], [w26,6], [w26,2], [w27,0], [w27,5]] weak=[[w25,8], [w27,9], [w25,3], [w25,9], [w27,6], [w25,7], [w25,6], [w27,4], [w27,8], [w27,3], [w25,4], [w26,0], [w26,5], [w26,3], [w27,2], [w26,7], [w25,5], [w26,9], [w25,0], [w26,4], [w25,2], [w26,6], [w26,2], [w27,0], [w27,5]] (solid_wave_vertices: 9) solid=[[25,3], [25,8], [25,9], [25,0], [25,2], [25,5], [25,4], [25,6], [25,7]] merged=[[29,4]] --- (Vertex5)[[w25,8], [w27,9], [w25,3], [w25,9], [28,3], [w27,6], [w25,7], [w25,6], [28,9], [w27,4], [w27,8], [w27,3], [w25,4], [w26,0], [w26,5], [w26,3], [w27,2], [w26,7], [w25,5], [w26,9], [w25,0], [w26,4], [28,4], [w25,2], [28,5], [w26,6], [w26,2], [w27,0], [w27,5]] weak=[[w25,8], [w27,9], [w25,3], [w25,9], [w27,6], [w25,7], [w25,6], [w27,4], [w27,8], [w27,3], [w25,4], [w26,0], [w26,5], [w26,3], [w27,2], [w26,7], [w25,5], [w26,9], [w25,0], [w26,4], [w25,2], [w26,6], [w26,2], [w27,0], [w27,5]] (solid_wave_vertices: 9) solid=[[25,5], [25,7], [25,6], [25,4], [25,3], [25,8], [25,2], [25,0], [25,9]] merged=[[29,5]] --- (Vertex6)[[w25,8], [w27,9], [w25,3], [w25,9], [28,3], [w27,6], [w25,7], [w25,6], [28,9], [w27,4], [w27,8], [w27,3], [w25,4], [w26,0], [w26,5], [w26,3], [w27,2], [w26,7], [w25,5], [w26,9], [w25,0], [w26,4], [28,4], [w25,2], [28,5], [w26,6], [w26,2], [w27,0], [w27,5]] weak=[[w25,8], [w27,9], [w25,3], [w25,9], [w27,6], [w25,7], [w25,6], [w27,4], [w27,8], [w27,3], [w25,4], [w26,0], [w26,5], [w26,3], [w27,2], [w26,7], [w25,5], [w26,9], [w25,0], [w26,4], [w25,2], [w26,6], [w26,2], [w27,0], [w27,5]] (solid_wave_vertices: 9) solid=[[25,0], [25,3], [25,8], [25,7], [25,9], [25,6], [25,2], [25,4], [25,5]] merged=[[29,6]] --- (Vertex7)[[28,7], [w25,8], [w27,9], [w25,3], [w25,9], [28,3], [w27,6], [w25,7], [w25,6], [28,9], [w27,4], [w27,8], [w27,3], [28,8], [w25,4], [w26,0], [w26,5], [w26,3], [w27,2], [w27,7], [w26,7], [w25,5], [w26,9], [w25,0], [w26,4], [28,4], [w25,2], [28,5], [w26,6], [w26,2], [w27,0], [w27,5]] weak=[[w25,8], [w27,9], [w25,3], [w25,9], [w27,6], [w25,7], [w25,6], [w27,4], [w27,8], [w27,3], [w25,4], [w26,0], [w26,5], [w26,3], [w27,2], [w27,7], [w26,7], [w25,5], [w26,9], [w25,0], [w26,4], [w25,2], [w26,6], [w26,2], [w27,0], [w27,5]] (solid_wave_vertices: 9) solid=[[25,4], [25,8], [25,0], [25,7], [25,2], [25,3], [25,5], [25,9], [25,6]] merged=[[29,7]] --- (Vertex8)[[28,7], [w25,8], [w27,9], [w25,3], [w25,9], [w27,6], [w25,7], [w25,6], [28,9], [w27,4], [w27,8], [w27,3], [28,8], [w25,4], [w26,0], [w26,5], [w26,3], [w27,2], [w27,7], [w26,7], [w25,5], [w26,9], [w25,0], [w26,4], [w25,2], [28,5], [w26,6], [w26,2], [w27,0], [w27,5]] weak=[[w25,8], [w27,9], [w25,3], [w25,9], [w27,6], [w25,7], [w25,6], [w27,4], [w27,8], [w27,3], [w25,4], [w26,0], [w26,5], [w26,3], [w27,2], [w27,7], [w26,7], [w25,5], [w26,9], [w25,0], [w26,4], [w25,2], [w26,6], [w26,2], [w27,0], [w27,5]] (solid_wave_vertices: 9) solid=[[25,4], [25,8], [25,2], [25,5], [25,0], [25,9], [25,7], [25,3], [25,6]] merged=[[29,8]] --- (Vertex9)[[w25,8], [w27,9], [w25,3], [w25,9], [28,3], [w27,6], [w25,7], [w25,6], [28,9], [w27,4], [w27,8], [w27,3], [w25,4], [w26,0], [w26,5], [w26,3], [w27,2], [w27,7], [w26,7], [w25,5], [w26,9], [w25,0], [w26,4], [28,4], [w25,2], [28,5], [w26,6], [w26,2], [w27,0], [w27,5]] weak=[[w25,8], [w27,9], [w25,3], [w25,9], [w27,6], [w25,7], [w25,6], [w27,4], [w27,8], [w27,3], [w25,4], [w26,0], [w26,5], [w26,3], [w27,2], [w27,7], [w26,7], [w25,5], [w26,9], [w25,0], [w26,4], [w25,2], [w26,6], [w26,2], [w27,0], [w27,5]] (solid_wave_vertices: 9) solid=[[25,3], [25,6], [25,4], [25,8], [25,0], [25,9], [25,7], [25,5], [25,2]] merged=[[29,9]]
Round 30: (Vertex0)[[29,7], [29,0], [29,9], [29,5]] (solid_wave_vertices: 4) solid=[[29,7], [29,5], [29,0], [29,9]] merged=[[29,0], [29,5], [29,7], [29,9]] --- (Vertex8)[[29,8], [29,7], [29,0], [29,6], [29,9], [29,5]] (solid_wave_vertices: 6) solid=[[29,6], [29,7], [29,0], [29,9], [29,5], [29,8]] merged=[[29,6], [29,9], [29,5], [29,7], [29,0], [29,8]]
Round 31: (Vertex0)[[w29,4], [w29,8], [w29,7], [w29,0], [w29,3], [w29,6], [w29,9], [w29,2], [w29,5]] weak=[[w29,4], [w29,8], [w29,7], [w29,0], [w29,3], [w29,6], [w29,9], [w29,2], [w29,5]] (solid_wave_vertices: 9) solid=[[29,7], [29,6], [29,0], [29,9], [29,2], [29,3], [29,4], [29,5], [29,8]] merged=[[29,4], [29,2], [29,5], [29,9], [29,7], [29,8], [29,3], [29,0], [29,6]] --- (Vertex1)[[w29,4], [w29,8], [w29,7], [w29,0], [w29,6], [w29,9], [w29,2], [w29,5]] weak=[[w29,4], [w29,8], [w29,7], [w29,0], [w29,6], [w29,9], [w29,2], [w29,5]] (solid_wave_vertices: 8) solid=[[29,9], [29,8], [29,7], [29,2], [29,4], [29,5], [29,6], [29,0]] merged=[[29,6], [29,5], [29,4], [29,8], [29,9], [29,7], [29,0], [29,2]] --- (Vertex2)[[w29,4], [w29,0], [w29,3], [w29,6], [w29,9], [w29,2], [w29,5]] weak=[[w29,4], [w29,0], [w29,3], [w29,6], [w29,9], [w29,2], [w29,5]] (solid_wave_vertices: 7) solid=[[29,9], [29,4], [29,2], [29,5], [29,0], [29,3], [29,6]] merged=[[29,9], [29,5], [29,0], [29,4], [29,6], [29,3], [29,2]] --- (Vertex3)[[w29,4], [w29,0], [w29,3], [w29,6], [w29,9], [w29,2], [w29,5]] weak=[[w29,4], [w29,0], [w29,3], [w29,6], [w29,9], [w29,2], [w29,5]] (solid_wave_vertices: 7) solid=[[29,6], [29,2], [29,5], [29,3], [29,4], [29,9], [29,0]] merged=[[29,3], [29,9], [29,0], [29,5], [29,4], [29,6], [29,2]] --- (Vertex4)[[w29,4], [w29,0], [w29,3], [w29,6], [w29,9], [w29,2], [w29,5]] weak=[[w29,4], [w29,0], [w29,3], [w29,6], [w29,9], [w29,2], [w29,5]] (solid_wave_vertices: 7) solid=[[29,9], [29,6], [29,0], [29,2], [29,5], [29,4], [29,3]] merged=[[29,9], [29,0], [29,6], [29,2], [29,5], [29,4], [29,3]] --- (Vertex5)[[w29,4], [w29,0], [w29,3], [w29,6], [w29,9], [w29,2], [w29,5]] weak=[[w29,4], [w29,0], [w29,3], [w29,6], [w29,9], [w29,2], [w29,5]] (solid_wave_vertices: 7) solid=[[29,3], [29,0], [29,6], [29,4], [29,9], [29,2], [29,5]] merged=[[29,4], [29,5], [29,3], [29,6], [29,9], [29,2], [29,0]] --- (Vertex6)[[w29,4], [w29,0], [w29,3], [w29,6], [w29,9], [w29,2], [w29,5]] weak=[[w29,4], [w29,0], [w29,3], [w29,6], [w29,9], [w29,2], [w29,5]] (solid_wave_vertices: 7) solid=[[29,2], [29,4], [29,9], [29,0], [29,6], [29,3], [29,5]] merged=[[29,3], [29,9], [29,5], [29,4], [29,2], [29,0], [29,6]] --- (Vertex7)[[w29,4], [w29,8], [w29,7], [w29,0], [w29,6], [w29,9], [w29,5]] weak=[[w29,4], [w29,8], [w29,7], [w29,0], [w29,6], [w29,9], [w29,5]] (solid_wave_vertices: 7) solid=[[29,5], [29,0], [29,9], [29,4], [29,8], [29,6], [29,7]] merged=[[29,4], [29,9], [29,5], [29,8], [29,7], [29,0], [29,6]] --- (Vertex8)[[w29,4], [w29,8], [30,8], [w29,7], [w29,0], [w29,3], [w29,6], [w29,9], [30,0], [w29,2], [w29,5]] weak=[[w29,4], [w29,8], [w29,7], [w29,0], [w29,3], [w29,6], [w29,9], [w29,2], [w29,5]] (solid_wave_vertices: 9) solid=[[29,3], [29,8], [29,4], [29,0], [29,6], [29,5], [29,9], [29,7], [29,2]] merged=[[29,7], [29,6], [29,4], [29,5], [29,3], [29,0], [29,8], [29,9], [29,2]] --- (Vertex9)[[w29,4], [w29,0], [w29,3], [w29,6], [w29,9], [w29,2], [w29,5]] weak=[[w29,4], [w29,0], [w29,3], [w29,6], [w29,9], [w29,2], [w29,5]] (solid_wave_vertices: 7) solid=[[29,5], [29,4], [29,9], [29,0], [29,6], [29,2], [29,3]] merged=[[29,5], [29,0], [29,2], [29,3], [29,4], [29,6], [29,9]]
Round 32: (Vertex2)[[w29,4], [w29,8], [31,6], [w29,7], [w29,0], [w29,3], [31,3], [w29,6], [31,5], [w29,9], [w29,2], [31,9], [w29,5], [31,2]] weak=[[w29,4], [w29,8], [w29,7], [w29,0], [w29,3], [w29,6], [w29,9], [w29,2], [w29,5]] (solid_wave_vertices: 9) solid=[[29,4], [29,2], [29,5], [29,0], [29,6], [29,7], [29,3], [29,9], [29,8]] merged=[[29,9], [29,6], [29,4], [29,2], [29,7], [29,3], [29,5], [29,0], [29,8]] --- (Vertex3)[[w29,4], [w29,8], [31,6], [w29,7], [w29,0], [w29,3], [31,3], [w29,6], [31,5], [w29,9], [w29,2], [31,9], [w29,5], [31,2]] weak=[[w29,4], [w29,8], [w29,7], [w29,0], [w29,3], [w29,6], [w29,9], [w29,2], [w29,5]] (solid_wave_vertices: 9) solid=[[29,4], [29,8], [29,5], [29,3], [29,6], [29,0], [29,9], [29,7], [29,2]] merged=[[29,0], [29,9], [29,7], [29,4], [29,3], [29,8], [29,6], [29,5], [29,2]] --- (Vertex4)[[w29,4], [w29,8], [31,6], [w29,7], [w29,0], [w29,3], [31,3], [w29,6], [31,5], [w29,9], [w29,2], [31,9], [w29,5], [31,2]] weak=[[w29,4], [w29,8], [w29,7], [w29,0], [w29,3], [w29,6], [w29,9], [w29,2], [w29,5]] (solid_wave_vertices: 9) solid=[[29,7], [29,8], [29,2], [29,0], [29,4], [29,5], [29,9], [29,6], [29,3]] merged=[[29,7], [29,0], [29,3], [29,9], [29,2], [29,6], [29,8], [29,5], [29,4]] --- (Vertex5)[[w29,4], [w29,8], [31,6], [w29,7], [w29,0], [w29,3], [31,3], [w29,6], [31,5], [w29,9], [w29,2], [31,9], [w29,5], [31,2]] weak=[[w29,4], [w29,8], [w29,7], [w29,0], [w29,3], [w29,6], [w29,9], [w29,2], [w29,5]] (solid_wave_vertices: 9) solid=[[29,3], [29,7], [29,2], [29,9], [29,4], [29,0], [29,6], [29,8], [29,5]] merged=[[29,8], [29,3], [29,5], [29,6], [29,0], [29,7], [29,2], [29,9], [29,4]] --- (Vertex6)[[w29,4], [w29,8], [31,6], [w29,7], [w29,0], [w29,3], [31,3], [w29,6], [31,5], [w29,9], [w29,2], [31,9], [w29,5], [31,2]] weak=[[w29,4], [w29,8], [w29,7], [w29,0], [w29,3], [w29,6], [w29,9], [w29,2], [w29,5]] (solid_wave_vertices: 9) solid=[[29,5], [29,6], [29,9], [29,7], [29,2], [29,4], [29,3], [29,0], [29,8]] merged=[[29,8], [29,9], [29,0], [29,4], [29,7], [29,2], [29,3], [29,6], [29,5]] --- (Vertex7)[[w29,4], [w29,8], [31,7], [31,6], [w29,7], [w29,0], [w29,3], [31,3], [w29,6], [31,5], [w29,9], [w30,0], [w29,2], [w29,5]] weak=[[w29,4], [w29,8], [w29,7], [w29,0], [w29,3], [w29,6], [w29,9], [w30,0], [w29,2], [w29,5]] (solid_wave_vertices: 9) solid=[[29,9], [29,4], [29,6], [29,3], [29,5], [29,0], [29,8], [29,7], [29,2]] merged=[[29,3], [29,9], [29,0], [29,8], [29,5], [29,4], [29,2], [29,7], [29,6]] --- (Vertex8)[[w29,4], [w29,8], [31,7], [31,6], [w29,7], [w29,0], [w29,3], [31,3], [w29,6], [31,5], [w29,9], [w30,0], [w29,2], [31,9], [w29,5], [31,2]] weak=[[w29,4], [w29,8], [w29,7], [w29,0], [w29,3], [w29,6], [w29,9], [w30,0], [w29,2], [w29,5]] (solid_wave_vertices: 9) solid=[[29,5], [29,4], [29,0], [29,8], [29,9], [29,7], [29,6], [29,3], [29,2]] merged=[[29,7], [29,4], [29,9], [29,6], [29,3], [29,8], [29,5], [29,2], [29,0]] --- (Vertex9)[[w29,4], [w29,8], [31,6], [w29,7], [w29,0], [w29,3], [31,3], [w29,6], [31,5], [w29,9], [w29,2], [31,9], [w29,5], [31,2]] weak=[[w29,4], [w29,8], [w29,7], [w29,0], [w29,3], [w29,6], [w29,9], [w29,2], [w29,5]] (solid_wave_vertices: 9) solid=[[29,9], [29,0], [29,6], [29,8], [29,7], [29,2], [29,3], [29,5], [29,4]] merged=[[29,3], [29,9], [29,6], [29,8], [29,7], [29,4], [29,0], [29,5], [29,2]]
Round 33: (Vertex0)[[w29,4], [w29,8], [w31,4], [w31,7], [w30,8], [w31,6], [w29,7], [w29,0], [w29,3], [w31,3], [w29,6], [w31,5], [w29,9], [w30,0], [w29,2], [w31,9], [w29,5], [w31,2]] weak=[[w29,4], [w29,8], [w31,4], [w31,7], [w30,8], [w31,6], [w29,7], [w29,0], [w29,3], [w31,3], [w29,6], [w31,5], [w29,9], [w30,0], [w29,2], [w31,9], [w29,5], [w31,2]] (solid_wave_vertices: 9) solid=[[29,7], [29,9], [29,4], [29,5], [29,8], [29,2], [29,3], [29,0], [29,6]] merged=[[33,0]] --- (Vertex1)[[w31,0], [w29,4], [32,4], [w29,8], [w31,4], [w31,7], [32,9], [w30,8], [w31,6], [w29,7], [w29,0], [w29,3], [32,6], [w31,3], [w29,6], [w31,5], [w29,9], [w30,0], [32,5], [w29,2], [w31,9], [w29,5], [w31,2]] weak=[[w31,0], [w29,4], [w29,8], [w31,4], [w31,7], [w30,8], [w31,6], [w29,7], [w29,0], [w29,3], [w31,3], [w29,6], [w31,5], [w29,9], [w30,0], [w29,2], [w31,9], [w29,5], [w31,2]] (solid_wave_vertices: 9) solid=[[29,5], [29,0], [29,6], [29,9], [29,2], [29,7], [29,8], [29,3], [29,4]] merged=[[33,1]] --- (Vertex2)[[w29,4], [32,4], [w29,8], [w31,4], [w31,7], [32,3], [32,9], [w31,6], [w29,7], [w29,0], [w29,3], [32,6], [w31,3], [w29,6], [w31,5], [w29,9], [w30,0], [32,5], [w29,2], [w31,9], [w29,5], [w31,2]] weak=[[w29,4], [w29,8], [w31,4], [w31,7], [w31,6], [w29,7], [w29,0], [w29,3], [w31,3], [w29,6], [w31,5], [w29,9], [w30,0], [w29,2], [w31,9], [w29,5], [w31,2]] (solid_wave_vertices: 9) solid=[[29,9], [29,7], [29,5], [29,2], [29,3], [29,8], [29,4], [29,6], [29,0]] merged=[[33,2]] --- (Vertex3)[[w29,4], [32,4], [w29,8], [w31,4], [w31,7], [32,3], [32,9], [w31,6], [w29,7], [w29,0], [w29,3], [32,6], [w31,3], [w29,6], [w31,5], [w29,9], [w30,0], [32,5], [w29,2], [w31,9], [w29,5], [w31,2]] weak=[[w29,4], [w29,8], [w31,4], [w31,7], [w31,6], [w29,7], [w29,0], [w29,3], [w31,3], [w29,6], [w31,5], [w29,9], [w30,0], [w29,2], [w31,9], [w29,5], [w31,2]] (solid_wave_vertices: 9) solid=[[29,6], [29,3], [29,2], [29,0], [29,4], [29,7], [29,8], [29,9], [29,5]] merged=[[33,3]] --- (Vertex4)[[w29,4], [32,4], [w29,8], [w31,4], [w31,7], [32,3], [32,9], [w30,8], [w31,6], [w29,7], [w29,0], [w29,3], [32,6], [w31,3], [w29,6], [w31,5], [w29,9], [w30,0], [32,5], [w29,2], [w31,9], [w29,5], [w31,2]] weak=[[w29,4], [w29,8], [w31,4], [w31,7], [w30,8], [w31,6], [w29,7], [w29,0], [w29,3], [w31,3], [w29,6], [w31,5], [w29,9], [w30,0], [w29,2], [w31,9], [w29,5], [w31,2]] (solid_wave_vertices: 9) solid=[[29,4], [29,0], [29,8], [29,9], [29,3], [29,2], [29,5], [29,6], [29,7]] merged=[[33,4]] --- (Vertex5)[[w29,4], [32,4], [w29,8], [w31,4], [w31,7], [32,3], [32,9], [w30,8], [w31,6], [w29,7], [w29,0], [w29,3], [32,6], [w31,3], [w29,6], [w31,5], [w29,9], [w30,0], [32,5], [w29,2], [w31,9], [w29,5], [w31,2]] weak=[[w29,4], [w29,8], [w31,4], [w31,7], [w30,8], [w31,6], [w29,7], [w29,0], [w29,3], [w31,3], [w29,6], [w31,5], [w29,9], [w30,0], [w29,2], [w31,9], [w29,5], [w31,2]] (solid_wave_vertices: 9) solid=[[29,0], [29,9], [29,5], [29,2], [29,8], [29,4], [29,7], [29,3], [29,6]] merged=[[33,5]] --- (Vertex6)[[w29,4], [32,4], [w29,8], [w31,4], [w31,7], [32,3], [32,9], [w30,8], [w31,6], [w29,7], [w29,0], [w29,3], [32,6], [w31,3], [w29,6], [w31,5], [w29,9], [w30,0], [32,5], [w29,2], [w31,9], [w29,5], [w31,2]] weak=[[w29,4], [w29,8], [w31,4], [w31,7], [w30,8], [w31,6], [w29,7], [w29,0], [w29,3], [w31,3], [w29,6], [w31,5], [w29,9], [w30,0], [w29,2], [w31,9], [w29,5], [w31,2]] (solid_wave_vertices: 9) solid=[[29,7], [29,0], [29,9], [29,3], [29,6], [29,2], [29,8], [29,5], [29,4]] merged=[[33,6]] --- (Vertex7)[[w31,0], [w29,4], [32,4], [w29,8], [w31,4], [32,8], [w31,7], [w30,8], [w31,6], [w29,7], [w29,0], [w29,3], [32,6], [w31,3], [w29,6], [w31,5], [w29,9], [w30,0], [32,7], [32,5], [w29,2], [w31,9], [w29,5], [w31,2]] weak=[[w31,0], [w29,4], [w29,8], [w31,4], [w31,7], [w30,8], [w31,6], [w29,7], [w29,0], [w29,3], [w31,3], [w29,6], [w31,5], [w29,9], [w30,0], [w29,2], [w31,9], [w29,5], [w31,2]] (solid_wave_vertices: 9) solid=[[29,2], [29,6], [29,9], [29,5], [29,0], [29,7], [29,8], [29,4], [29,3]] merged=[[33,7]] --- (Vertex8)[[w31,0], [w29,4], [32,4], [w29,8], [w31,4], [32,8], [w31,7], [32,3], [32,9], [w30,8], [32,2], [w31,6], [w31,8], [w29,7], [w29,0], [w29,3], [32,6], [w31,3], [w29,6], [w31,5], [w29,9], [w30,0], [32,7], [32,5], [w29,2], [w31,9], [w29,5], [w31,2]] weak=[[w31,0], [w29,4], [w29,8], [w31,4], [w31,7], [w30,8], [w31,6], [w31,8], [w29,7], [w29,0], [w29,3], [w31,3], [w29,6], [w31,5], [w29,9], [w30,0], [w29,2], [w31,9], [w29,5], [w31,2]] (solid_wave_vertices: 9) solid=[[29,5], [29,3], [29,8], [29,7], [29,4], [29,6], [29,9], [29,2], [29,0]] merged=[[33,8]] --- (Vertex9)[[w29,4], [32,4], [w29,8], [w31,4], [w31,7], [32,3], [32,9], [w31,6], [w29,7], [w29,0], [w29,3], [32,6], [w31,3], [w29,6], [w31,5], [w29,9], [w30,0], [32,5], [w29,2], [w31,9], [w29,5], [w31,2]] weak=[[w29,4], [w29,8], [w31,4], [w31,7], [w31,6], [w29,7], [w29,0], [w29,3], [w31,3], [w29,6], [w31,5], [w29,9], [w30,0], [w29,2], [w31,9], [w29,5], [w31,2]] (solid_wave_vertices: 9) solid=[[29,9], [29,8], [29,6], [29,0], [29,2], [29,3], [29,7], [29,4], [29,5]] merged=[[33,9]]
Round 34: (Vertex0)[[33,9], [33,7], [33,2], [33,0]] (solid_wave_vertices: 4) solid=[[33,7], [33,0], [33,2], [33,9]] merged=[[33,7], [33,0], [33,9], [33,2]] --- (Vertex1)[[33,7], [33,5], [33,0], [33,6]] (solid_wave_vertices: 4) solid=[[33,0], [33,5], [33,7], [33,6]] merged=[[33,5], [33,7], [33,6], [33,0]] --- (Vertex2)[[33,9], [33,2], [33,5], [33,4], [33,3], [33,6]] (solid_wave_vertices: 6) solid=[[33,9], [33,4], [33,3], [33,2], [33,6], [33,5]] merged=[[33,5], [33,3], [33,6], [33,9], [33,2], [33,4]] --- (Vertex3)[[33,9], [33,2], [33,5], [33,4], [33,3], [33,6]] (solid_wave_vertices: 6) solid=[[33,9], [33,6], [33,5], [33,2], [33,3], [33,4]] merged=[[33,9], [33,5], [33,6], [33,4], [33,2], [33,3]] --- (Vertex4)[[33,9], [33,2], [33,5], [33,4], [33,3], [33,6]] (solid_wave_vertices: 6) solid=[[33,4], [33,9], [33,5], [33,3], [33,2], [33,6]] merged=[[33,9], [33,2], [33,3], [33,6], [33,5], [33,4]] --- (Vertex5)[[33,9], [33,2], [33,5], [33,4], [33,3], [33,6]] (solid_wave_vertices: 6) solid=[[33,4], [33,6], [33,2], [33,3], [33,5], [33,9]] merged=[[33,3], [33,9], [33,4], [33,5], [33,6], [33,2]] --- (Vertex6)[[33,9], [33,2], [33,5], [33,4], [33,3], [33,6]] (solid_wave_vertices: 6) solid=[[33,3], [33,6], [33,2], [33,5], [33,4], [33,9]] merged=[[33,3], [33,5], [33,2], [33,6], [33,4], [33,9]] --- (Vertex7)[[33,9], [33,7], [33,2], [33,0], [33,4], [33,6]] (solid_wave_vertices: 6) solid=[[33,9], [33,2], [33,0], [33,7], [33,6], [33,4]] merged=[[33,7], [33,9], [33,2], [33,4], [33,6], [33,0]] --- (Vertex9)[[33,9], [33,2], [33,5], [33,4], [33,3], [33,6]] (solid_wave_vertices: 6) solid=[[33,2], [33,6], [33,4], [33,9], [33,3], [33,5]] merged=[[33,5], [33,9], [33,4], [33,3], [33,2], [33,6]]
Round 35: (Vertex0)[[w33,9], [w33,7], [w33,2], [w33,5], [w33,8], [w33,0], [w33,4], [w33,3], [w33,6]] weak=[[w33,9], [w33,7], [w33,2], [w33,5], [w33,8], [w33,0], [w33,4], [w33,3], [w33,6]] (solid_wave_vertices: 9) solid=[[33,6], [33,0], [33,8], [33,2], [33,5], [33,9], [33,3], [33,4], [33,7]] merged=[[33,3], [33,5], [33,8], [33,9], [33,7], [33,0], [33,4], [33,2], [33,6]] --- (Vertex1)[[w33,9], [w33,7], [w33,2], [w33,1], [34,5], [w33,5], [w33,8], [34,6], [34,3], [w33,0], [w33,4], [34,2], [34,4], [34,0], [w33,3], [w33,6], [34,7]] weak=[[w33,9], [w33,7], [w33,2], [w33,1], [w33,5], [w33,8], [w33,0], [w33,4], [w33,3], [w33,6]] (solid_wave_vertices: 10) solid=[[33,5], [33,8], [33,7], [33,0], [33,2], [33,9], [33,6], [33,4], [33,3], [33,1]] merged=[[33,3], [33,8], [33,7], [33,6], [33,4], [33,9], [33,5], [33,0], [33,1], [33,2]] --- (Vertex2)[[w33,9], [w33,7], [w33,2], [34,5], [w33,5], [34,6], [34,3], [w33,0], [w33,4], [34,2], [34,4], [w33,3], [w33,6]] weak=[[w33,9], [w33,7], [w33,2], [w33,5], [w33,0], [w33,4], [w33,3], [w33,6]] (solid_wave_vertices: 8) solid=[[33,2], [33,9], [33,4], [33,6], [33,7], [33,3], [33,5], [33,0]] merged=[[33,6], [33,3], [33,2], [33,5], [33,0], [33,7], [33,9], [33,4]] --- (Vertex3)[[w33,9], [w33,7], [w33,2], [34,5], [w33,5], [34,6], [34,3], [w33,0], [w33,4], [34,2], [34,4], [w33,3], [w33,6]] weak=[[w33,9], [w33,7], [w33,2], [w33,5], [w33,0], [w33,4], [w33,3], [w33,6]] (solid_wave_vertices: 8) solid=[[33,7], [33,4], [33,0], [33,3], [33,9], [33,6], [33,5], [33,2]] merged=[[33,0], [33,5], [33,2], [33,3], [33,7], [33,9], [33,6], [33,4]] --- (Vertex4)[[w33,9], [w33,7], [w33,2], [34,5], [w33,5], [34,6], [34,3], [w33,0], [w33,4], [34,2], [34,4], [w33,3], [w33,6]] weak=[[w33,9], [w33,7], [w33,2], [w33,5], [w33,0], [w33,4], [w33,3], [w33,6]] (solid_wave_vertices: 8) solid=[[33,0], [33,2], [33,9], [33,5], [33,3], [33,6], [33,4], [33,7]] merged=[[33,6], [33,7], [33,3], [33,5], [33,0], [33,4], [33,9], [33,2]] --- (Vertex5)[[w33,9], [w33,7], [w33,2], [34,5], [w33,5], [34,6], [34,3], [w33,0], [w33,4], [34,2], [34,4], [w33,3], [w33,6]] weak=[[w33,9], [w33,7], [w33,2], [w33,5], [w33,0], [w33,4], [w33,3], [w33,6]] (solid_wave_vertices: 8) solid=[[33,9], [33,3], [33,4], [33,5], [33,6], [33,7], [33,0], [33,2]] merged=[[33,6], [33,4], [33,5], [33,3], [33,0], [33,9], [33,2], [33,7]] --- (Vertex6)[[w33,9], [w33,7], [w33,2], [34,5], [w33,5], [34,6], [34,3], [w33,0], [w33,4], [34,2], [34,4], [w33,3], [w33,6]] weak=[[w33,9], [w33,7], [w33,2], [w33,5], [w33,0], [w33,4], [w33,3], [w33,6]] (solid_wave_vertices: 8) solid=[[33,7], [33,2], [33,6], [33,4], [33,5], [33,3], [33,9], [33,0]] merged=[[33,0], [33,7], [33,9], [33,2], [33,4], [33,5], [33,6], [33,3]] --- (Vertex7)[[w33,9], [w33,7], [w33,2], [34,5], [w33,5], [w33,8], [34,6], [34,3], [w33,0], [w33,4], [34,4], [34,0], [w33,3], [w33,6], [34,7]] weak=[[w33,9], [w33,7], [w33,2], [w33,5], [w33,8], [w33,0], [w33,4], [w33,3], [w33,6]] (solid_wave_vertices: 9) solid=[[33,5], [33,0], [33,9], [33,2], [33,7], [33,8], [33,4], [33,3], [33,6]] merged=[[33,4], [33,8], [33,6], [33,5], [33,0], [33,3], [33,7], [33,2], [33,9]] --- (Vertex8)[[w33,9], [w33,7], [w33,2], [w33,5], [w33,8], [34,6], [w33,0], [w33,4], [34,0], [w33,3], [w33,6], [34,7]] weak=[[w33,9], [w33,7], [w33,2], [w33,5], [w33,8], [w33,0], [w33,4], [w33,3], [w33,6]] (solid_wave_vertices: 9) solid=[[33,7], [33,0], [33,2], [33,3], [33,8], [33,9], [33,4], [33,6], [33,5]] merged=[[33,9], [33,6], [33,0], [33,7], [33,8], [33,3], [33,4], [33,5], [33,2]] --- (Vertex9)[[w33,9], [w33,7], [w33,2], [34,5], [w33,5], [34,6], [34,3], [w33,0], [w33,4], [34,2], [34,4], [w33,3], [w33,6]] weak=[[w33,9], [w33,7], [w33,2], [w33,5], [w33,0], [w33,4], [w33,3], [w33,6]] (solid_wave_vertices: 8) solid=[[33,2], [33,6], [33,9], [33,4], [33,7], [33,3], [33,0], [33,5]] merged=[[33,0], [33,4], [33,5], [33,9], [33,7], [33,2], [33,3], [33,6]]
Round 36: (Vertex0)[[w33,9], [w33,7], [w33,2], [35,4], [w33,1], [w34,5], [35,3], [w33,5], [w33,8], [w34,6], [w34,3], [w33,0], [w33,4], [w34,2], [w34,4], [35,9], [w34,0], [w34,9], [35,0], [w33,3], [w33,6], [w34,7]] weak=[[w33,9], [w33,7], [w33,2], [w33,1], [w34,5], [w33,5], [w33,8], [w34,6], [w34,3], [w33,0], [w33,4], [w34,2], [w34,4], [w34,0], [w34,9], [w33,3], [w33,6], [w34,7]] (solid_wave_vertices: 10) solid=[[33,9], [33,3], [33,0], [33,1], [33,5], [33,2], [33,7], [33,8], [33,6], [33,4]] merged=[[33,6], [33,7], [33,9], [33,8], [33,2], [33,1], [33,4], [33,5], [33,0], [33,3]] --- (Vertex1)[[w33,9], [w34,1], [w33,7], [w33,2], [35,4], [w33,1], [w34,5], [35,3], [w33,5], [w33,8], [w34,6], [w34,3], [w33,0], [35,7], [w33,4], [35,6], [w34,2], [w34,4], [35,9], [w34,0], [w34,9], [35,0], [w33,3], [w33,6], [w34,7]] weak=[[w33,9], [w34,1], [w33,7], [w33,2], [w33,1], [w34,5], [w33,5], [w33,8], [w34,6], [w34,3], [w33,0], [w33,4], [w34,2], [w34,4], [w34,0], [w34,9], [w33,3], [w33,6], [w34,7]] (solid_wave_vertices: 10) solid=[[33,0], [33,3], [33,8], [33,9], [33,5], [33,1], [33,2], [33,7], [33,4], [33,6]] merged=[[33,5], [33,6], [33,1], [33,7], [33,4], [33,0], [33,8], [33,2], [33,3], [33,9]] --- (Vertex2)[[w33,9], [w33,7], [w33,2], [35,4], [w34,5], [35,3], [w33,5], [w33,8], [w34,6], [w34,3], [w33,0], [w33,4], [35,6], [w34,2], [w34,4], [35,9], [w34,0], [w34,9], [w33,3], [w33,6], [w34,7]] weak=[[w33,9], [w33,7], [w33,2], [w34,5], [w33,5], [w33,8], [w34,6], [w34,3], [w33,0], [w33,4], [w34,2], [w34,4], [w34,0], [w34,9], [w33,3], [w33,6], [w34,7]] (solid_wave_vertices: 9) solid=[[33,2], [33,6], [33,9], [33,8], [33,3], [33,7], [33,5], [33,4], [33,0]] merged=[[33,9], [33,5], [33,4], [33,7], [33,0], [33,2], [33,3], [33,6], [33,8]] --- (Vertex3)[[w33,9], [w33,7], [w33,2], [35,4], [w34,5], [35,3], [w33,5], [w33,8], [w34,6], [w34,3], [w33,0], [w33,4], [35,6], [w34,2], [w34,4], [35,9], [w34,0], [w34,9], [w33,3], [w33,6], [w34,7]] weak=[[w33,9], [w33,7], [w33,2], [w34,5], [w33,5], [w33,8], [w34,6], [w34,3], [w33,0], [w33,4], [w34,2], [w34,4], [w34,0], [w34,9], [w33,3], [w33,6], [w34,7]] (solid_wave_vertices: 9) solid=[[33,6], [33,5], [33,7], [33,4], [33,3], [33,2], [33,8], [33,0], [33,9]] merged=[[33,6], [33,9], [33,0], [33,8], [33,3], [33,2], [33,5], [33,4], [33,7]] --- (Vertex4)[[w33,9], [w33,7], [w33,2], [35,4], [w34,5], [35,3], [w33,5], [w33,8], [w34,6], [w34,3], [w33,0], [w33,4], [35,6], [w34,2], [w34,4], [35,9], [w34,0], [w34,9], [w33,3], [w33,6], [w34,7]] weak=[[w33,9], [w33,7], [w33,2], [w34,5], [w33,5], [w33,8], [w34,6], [w34,3], [w33,0], [w33,4], [w34,2], [w34,4], [w34,0], [w34,9], [w33,3], [w33,6], [w34,7]] (solid_wave_vertices: 9) solid=[[33,2], [33,9], [33,6], [33,8], [33,3], [33,7], [33,5], [33,0], [33,4]] merged=[[33,6], [33,9], [33,5], [33,3], [33,4], [33,7], [33,2], [33,0], [33,8]] --- (Vertex5)[[w33,9], [w33,7], [w33,2], [35,4], [w34,5], [35,3], [w33,5], [w33,8], [w34,6], [w34,3], [w33,0], [w33,4], [35,6], [w34,2], [w34,4], [35,9], [w34,0], [w34,9], [w33,3], [w33,6], [w34,7]] weak=[[w33,9], [w33,7], [w33,2], [w34,5], [w33,5], [w33,8], [w34,6], [w34,3], [w33,0], [w33,4], [w34,2], [w34,4], [w34,0], [w34,9], [w33,3], [w33,6], [w34,7]] (solid_wave_vertices: 9) solid=[[33,9], [33,3], [33,2], [33,0], [33,5], [33,4], [33,7], [33,8], [33,6]] merged=[[33,7], [33,4], [33,8], [33,2], [33,9], [33,3], [33,5], [33,0], [33,6]] --- (Vertex6)[[w33,9], [w33,7], [w33,2], [35,4], [w34,5], [35,3], [w33,5], [w33,8], [w34,6], [w34,3], [w33,0], [w33,4], [35,6], [w34,2], [w34,4], [35,9], [w34,0], [w34,9], [w33,3], [w33,6], [w34,7]] weak=[[w33,9], [w33,7], [w33,2], [w34,5], [w33,5], [w33,8], [w34,6], [w34,3], [w33,0], [w33,4], [w34,2], [w34,4], [w34,0], [w34,9], [w33,3], [w33,6], [w34,7]] (solid_wave_vertices: 9) solid=[[33,6], [33,4], [33,9], [33,7], [33,0], [33,8], [33,2], [33,3], [33,5]] merged=[[33,8], [33,6], [33,5], [33,9], [33,7], [33,4], [33,3], [33,2], [33,0]] --- (Vertex7)[[w33,9], [w33,7], [w33,2], [35,4], [w33,1], [w34,5], [35,3], [w33,5], [w33,8], [w34,6], [w34,3], [w33,0], [35,7], [w33,4], [35,6], [w34,2], [w34,4], [35,9], [w34,0], [w34,9], [35,0], [w33,3], [w33,6], [w34,7]] weak=[[w33,9], [w33,7], [w33,2], [w33,1], [w34,5], [w33,5], [w33,8], [w34,6], [w34,3], [w33,0], [w33,4], [w34,2], [w34,4], [w34,0], [w34,9], [w33,3], [w33,6], [w34,7]] (solid_wave_vertices: 10) solid=[[33,7], [33,4], [33,2], [33,6], [33,0], [33,3], [33,1], [33,5], [33,8], [33,9]] merged=[[33,3], [33,8], [33,1], [33,2], [33,6], [33,5], [33,4], [33,7], [33,0], [33,9]] --- (Vertex8)[[w33,9], [w33,7], [w33,2], [w33,1], [w34,5], [35,3], [w33,5], [w33,8], [w34,6], [w34,3], [w33,0], [w33,4], [35,6], [w34,2], [w34,4], [35,9], [w34,0], [w34,9], [35,0], [w33,3], [w33,6], [w34,7]] weak=[[w33,9], [w33,7], [w33,2], [w33,1], [w34,5], [w33,5], [w33,8], [w34,6], [w34,3], [w33,0], [w33,4], [w34,2], [w34,4], [w34,0], [w34,9], [w33,3], [w33,6], [w34,7]] (solid_wave_vertices: 10) solid=[[33,8], [33,0], [33,6], [33,3], [33,9], [33,5], [33,2], [33,7], [33,1], [33,4]] merged=[[33,9], [33,2], [33,3], [33,6], [33,8], [33,0], [33,5], [33,7], [33,4], [33,1]] --- (Vertex9)[[w33,9], [w33,7], [w33,2], [35,4], [w34,5], [35,3], [w33,5], [w33,8], [w34,6], [w34,3], [w33,0], [w33,4], [35,6], [w34,2], [w34,4], [35,9], [w34,0], [w34,9], [w33,3], [w33,6], [w34,7]] weak=[[w33,9], [w33,7], [w33,2], [w34,5], [w33,5], [w33,8], [w34,6], [w34,3], [w33,0], [w33,4], [w34,2], [w34,4], [w34,0], [w34,9], [w33,3], [w33,6], [w34,7]] (solid_wave_vertices: 9) solid=[[33,2], [33,9], [33,5], [33,3], [33,0], [33,4], [33,8], [33,7], [33,6]] merged=[[33,6], [33,7], [33,4], [33,0], [33,8], [33,5], [33,2], [33,3], [33,9]]
Round 37: (Vertex0)[[w33,9], [w35,2], [36,0], [36,3], [w34,1], [w33,7], [w33,2], [w35,4], [w33,1], [w35,5], [w34,5], [w35,3], [w33,5], [w33,8], [w34,6], [w34,3], [36,8], [w33,0], [w35,7], [w33,4], [w35,6], [w34,2], [w34,4], [w35,9], [w34,0], [w34,9], [w35,0], [w33,3], [36,2], [w33,6], [w34,7], [w35,8], [36,6]] weak=[[w33,9], [w35,2], [w34,1], [w33,7], [w33,2], [w35,4], [w33,1], [w35,5], [w34,5], [w35,3], [w33,5], [w33,8], [w34,6], [w34,3], [w33,0], [w35,7], [w33,4], [w35,6], [w34,2], [w34,4], [w35,9], [w34,0], [w34,9], [w35,0], [w33,3], [w33,6], [w34,7], [w35,8]] (solid_wave_vertices: 10) solid=[[33,9], [33,7], [33,5], [33,6], [33,4], [33,0], [33,8], [33,3], [33,1], [33,2]] merged=[[37,0]] --- (Vertex1)[[36,4], [w33,9], [w35,2], [36,0], [36,5], [36,3], [w34,1], [w33,7], [w33,2], [w35,4], [w33,1], [w35,5], [w34,5], [w35,3], [w33,5], [w33,8], [w34,6], [w34,3], [36,8], [w33,0], [w35,7], [w33,4], [w35,6], [w34,2], [w34,4], [w35,9], [w34,0], [w34,9], [w35,0], [w33,3], [36,2], [w33,6], [w34,7], [w35,8], [36,7], [36,6], [w35,1]] weak=[[w33,9], [w35,2], [w34,1], [w33,7], [w33,2], [w35,4], [w33,1], [w35,5], [w34,5], [w35,3], [w33,5], [w33,8], [w34,6], [w34,3], [w33,0], [w35,7], [w33,4], [w35,6], [w34,2], [w34,4], [w35,9], [w34,0], [w34,9], [w35,0], [w33,3], [w33,6], [w34,7], [w35,8], [w35,1]] (solid_wave_vertices: 10) solid=[[33,5], [33,7], [33,0], [33,2], [33,8], [33,6], [33,9], [33,4], [33,1], [33,3]] merged=[[37,1]] --- (Vertex2)[[36,4], [w33,9], [w35,2], [36,5], [36,3], [w33,7], [w33,2], [w35,4], [w33,1], [w35,5], [w34,5], [w35,3], [w33,5], [w33,8], [w34,6], [w34,3], [w33,0], [w35,7], [w33,4], [w35,6], [w34,2], [w34,4], [w35,9], [w34,0], [w34,9], [w35,0], [w33,3], [36,2], [w33,6], [w34,7], [w35,8], [36,6]] weak=[[w33,9], [w35,2], [w33,7], [w33,2], [w35,4], [w33,1], [w35,5], [w34,5], [w35,3], [w33,5], [w33,8], [w34,6], [w34,3], [w33,0], [w35,7], [w33,4], [w35,6], [w34,2], [w34,4], [w35,9], [w34,0], [w34,9], [w35,0], [w33,3], [w33,6], [w34,7], [w35,8]] (solid_wave_vertices: 10) solid=[[33,4], [33,2], [33,8], [33,5], [33,1], [33,0], [33,9], [33,3], [33,7], [33,6]] merged=[[37,2]] --- (Vertex3)[[36,4], [w33,9], [w35,2], [36,5], [36,3], [w33,7], [w33,2], [w35,4], [w33,1], [w35,5], [w34,5], [w35,3], [w33,5], [w33,8], [w34,6], [w34,3], [w33,0], [w35,7], [w33,4], [w35,6], [w34,2], [w34,4], [w35,9], [w34,0], [w34,9], [w35,0], [w33,3], [36,2], [w33,6], [w34,7], [w35,8], [36,6]] weak=[[w33,9], [w35,2], [w33,7], [w33,2], [w35,4], [w33,1], [w35,5], [w34,5], [w35,3], [w33,5], [w33,8], [w34,6], [w34,3], [w33,0], [w35,7], [w33,4], [w35,6], [w34,2], [w34,4], [w35,9], [w34,0], [w34,9], [w35,0], [w33,3], [w33,6], [w34,7], [w35,8]] (solid_wave_vertices: 10) solid=[[33,7], [33,8], [33,4], [33,3], [33,2], [33,5], [33,1], [33,9], [33,6], [33,0]] merged=[[37,3]] --- (Vertex4)[[36,4], [w33,9], [w35,2], [36,5], [36,3], [w33,7], [w33,2], [w35,4], [w33,1], [w35,5], [w34,5], [w35,3], [w33,5], [w33,8], [w34,6], [w34,3], [w33,0], [w35,7], [w33,4], [w35,6], [w34,2], [w34,4], [w35,9], [w34,0], [w34,9], [w35,0], [w33,3], [36,2], [w33,6], [w34,7], [w35,8], [36,6]] weak=[[w33,9], [w35,2], [w33,7], [w33,2], [w35,4], [w33,1], [w35,5], [w34,5], [w35,3], [w33,5], [w33,8], [w34,6], [w34,3], [w33,0], [w35,7], [w33,4], [w35,6], [w34,2], [w34,4], [w35,9], [w34,0], [w34,9], [w35,0], [w33,3], [w33,6], [w34,7], [w35,8]] (solid_wave_vertices: 10) solid=[[33,4], [33,3], [33,0], [33,5], [33,9], [33,2], [33,7], [33,1], [33,8], [33,6]] merged=[[37,4]] --- (Vertex5)[[36,4], [w33,9], [w35,2], [36,5], [36,3], [w33,7], [w33,2], [w35,4], [w33,1], [w35,5], [w34,5], [w35,3], [w33,5], [w33,8], [w34,6], [w34,3], [w33,0], [w35,7], [w33,4], [w35,6], [w34,2], [w34,4], [w35,9], [w34,0], [w34,9], [w35,0], [w33,3], [36,2], [w33,6], [w34,7], [w35,8], [36,6]] weak=[[w33,9], [w35,2], [w33,7], [w33,2], [w35,4], [w33,1], [w35,5], [w34,5], [w35,3], [w33,5], [w33,8], [w34,6], [w34,3], [w33,0], [w35,7], [w33,4], [w35,6], [w34,2], [w34,4], [w35,9], [w34,0], [w34,9], [w35,0], [w33,3], [w33,6], [w34,7], [w35,8]] (solid_wave_vertices: 10) solid=[[33,5], [33,1], [33,2], [33,7], [33,0], [33,6], [33,9], [33,3], [33,8], [33,4]] merged=[[37,5]] --- (Vertex6)[[36,4], [w33,9], [w35,2], [36,5], [36,3], [w33,7], [w33,2], [w35,4], [w33,1], [w35,5], [w34,5], [w35,3], [w33,5], [w33,8], [w34,6], [w34,3], [w33,0], [w35,7], [w33,4], [w35,6], [w34,2], [w34,4], [w35,9], [w34,0], [w34,9], [w35,0], [w33,3], [36,2], [w33,6], [w34,7], [w35,8], [36,6]] weak=[[w33,9], [w35,2], [w33,7], [w33,2], [w35,4], [w33,1], [w35,5], [w34,5], [w35,3], [w33,5], [w33,8], [w34,6], [w34,3], [w33,0], [w35,7], [w33,4], [w35,6], [w34,2], [w34,4], [w35,9], [w34,0], [w34,9], [w35,0], [w33,3], [w33,6], [w34,7], [w35,8]] (solid_wave_vertices: 10) solid=[[33,2], [33,4], [33,3], [33,1], [33,8], [33,9], [33,7], [33,6], [33,5], [33,0]] merged=[[37,6]] --- (Vertex7)[[36,4], [w33,9], [w35,2], [36,0], [36,5], [36,3], [w34,1], [w33,7], [w33,2], [w35,4], [w33,1], [w35,5], [w34,5], [w35,3], [w33,5], [w33,8], [w34,6], [w34,3], [36,8], [w33,0], [w35,7], [w33,4], [w35,6], [w34,2], [w34,4], [w35,9], [w34,0], [w34,9], [w35,0], [w33,3], [36,2], [w33,6], [w34,7], [w35,8], [36,6]] weak=[[w33,9], [w35,2], [w34,1], [w33,7], [w33,2], [w35,4], [w33,1], [w35,5], [w34,5], [w35,3], [w33,5], [w33,8], [w34,6], [w34,3], [w33,0], [w35,7], [w33,4], [w35,6], [w34,2], [w34,4], [w35,9], [w34,0], [w34,9], [w35,0], [w33,3], [w33,6], [w34,7], [w35,8]] (solid_wave_vertices: 10) solid=[[33,1], [33,3], [33,6], [33,9], [33,8], [33,4], [33,5], [33,2], [33,7], [33,0]] merged=[[37,7]] --- (Vertex8)[[w33,9], [w35,2], [36,0], [36,3], [w34,1], [w33,7], [w33,2], [w35,4], [w33,1], [w35,5], [w34,5], [w35,3], [w33,5], [w33,8], [w34,6], [w34,3], [36,8], [w33,0], [w35,7], [w33,4], [w35,6], [w34,2], [w34,4], [w35,9], [w34,0], [w34,9], [w35,0], [w33,3], [w33,6], [w34,7], [w35,8], [36,6]] weak=[[w33,9], [w35,2], [w34,1], [w33,7], [w33,2], [w35,4], [w33,1], [w35,5], [w34,5], [w35,3], [w33,5], [w33,8], [w34,6], [w34,3], [w33,0], [w35,7], [w33,4], [w35,6], [w34,2], [w34,4], [w35,9], [w34,0], [w34,9], [w35,0], [w33,3], [w33,6], [w34,7], [w35,8]] (solid_wave_vertices: 10) solid=[[33,7], [33,6], [33,8], [33,2], [33,4], [33,9], [33,5], [33,1], [33,0], [33,3]] merged=[[37,8]] --- (Vertex9)[[36,4], [w33,9], [w35,2], [36,5], [36,3], [w33,7], [w33,2], [w35,4], [w33,1], [w35,5], [w34,5], [w35,3], [w33,5], [w33,8], [w34,6], [w34,3], [w33,0], [w35,7], [w33,4], [w35,6], [w34,2], [w34,4], [w35,9], [w34,0], [w34,9], [w35,0], [w33,3], [36,2], [w33,6], [w34,7], [w35,8], [36,6]] weak=[[w33,9], [w35,2], [w33,7], [w33,2], [w35,4], [w33,1], [w35,5], [w34,5], [w35,3], [w33,5], [w33,8], [w34,6], [w34,3], [w33,0], [w35,7], [w33,4], [w35,6], [w34,2], [w34,4], [w35,9], [w34,0], [w34,9], [w35,0], [w33,3], [w33,6], [w34,7], [w35,8]] (solid_wave_vertices: 10) solid=[[33,6], [33,9], [33,3], [33,7], [33,8], [33,4], [33,1], [33,2], [33,0], [33,5]] merged=[[37,9]]
Round 38: (Vertex0)[[37,6], [37,5], [37,0], [37,8], [37,7], [37,9]] (solid_wave_vertices: 6) solid=[[37,7], [37,9], [37,8], [37,6], [37,0], [37,5]] merged=[[37,5], [37,7], [37,0], [37,6], [37,9], [37,8]] --- (Vertex2)[[37,2], [37,6], [37,5], [37,9], [37,4]] (solid_wave_vertices: 5) solid=[[37,5], [37,9], [37,4], [37,2], [37,6]] merged=[[37,9], [37,4], [37,6], [37,5], [37,2]] --- (Vertex3)[[37,2], [37,6], [37,5], [37,9], [37,4]] (solid_wave_vertices: 5) solid=[[37,5], [37,6], [37,9], [37,4], [37,2]] merged=[[37,2], [37,5], [37,4], [37,9], [37,6]] --- (Vertex4)[[37,2], [37,6], [37,5], [37,9], [37,4]] (solid_wave_vertices: 5) solid=[[37,2], [37,6], [37,9], [37,5], [37,4]] merged=[[37,5], [37,4], [37,6], [37,9], [37,2]] --- (Vertex5)[[37,2], [37,6], [37,5], [37,9], [37,4]] (solid_wave_vertices: 5) solid=[[37,2], [37,9], [37,5], [37,6], [37,4]] merged=[[37,4], [37,9], [37,2], [37,5], [37,6]] --- (Vertex6)[[37,2], [37,6], [37,5], [37,9], [37,4]] (solid_wave_vertices: 5) solid=[[37,4], [37,5], [37,6], [37,9], [37,2]] merged=[[37,4], [37,9], [37,6], [37,5], [37,2]] --- (Vertex7)[[37,6], [37,0], [37,8], [37,7], [37,9]] (solid_wave_vertices: 5) solid=[[37,8], [37,9], [37,0], [37,6], [37,7]] merged=[[37,7], [37,8], [37,6], [37,9], [37,0]] --- (Vertex8)[[37,6], [37,8], [37,7], [37,9]] (solid_wave_vertices: 4) solid=[[37,9], [37,7], [37,6], [37,8]] merged=[[37,9], [37,8], [37,7], [37,6]] --- (Vertex9)[[37,2], [37,6], [37,5], [37,9], [37,4]] (solid_wave_vertices: 5) solid=[[37,9], [37,5], [37,6], [37,4], [37,2]] merged=[[37,5], [37,9], [37,4], [37,6], [37,2]]
Round 39: (Vertex0)[[38,7], [w37,2], [38,0], [38,9], [w37,3], [w37,6], [38,4], [38,8], [w37,5], [w37,0], [w37,8], [w37,7], [38,3], [38,6], [w37,9], [w37,4]] weak=[[w37,2], [w37,3], [w37,6], [w37,5], [w37,0], [w37,8], [w37,7], [w37,9], [w37,4]] (solid_wave_vertices: 9) solid=[[37,3], [37,9], [37,2], [37,5], [37,6], [37,7], [37,8], [37,0], [37,4]] merged=[[37,4], [37,0], [37,6], [37,3], [37,5], [37,7], [37,2], [37,9], [37,8]] --- (Vertex1)[[w37,2], [w37,3], [w37,6], [w37,5], [w37,8], [w37,7], [w37,9]] weak=[[w37,2], [w37,3], [w37,6], [w37,5], [w37,8], [w37,7], [w37,9]] (solid_wave_vertices: 7) solid=[[37,6], [37,2], [37,8], [37,5], [37,9], [37,7], [37,3]] merged=[[37,6], [37,8], [37,2], [37,9], [37,7], [37,3], [37,5]] --- (Vertex2)[[w37,2], [38,9], [w37,3], [w37,6], [38,4], [w37,5], [w37,0], [w37,8], [w37,7], [38,3], [38,6], [w37,9], [w37,4]] weak=[[w37,2], [w37,3], [w37,6], [w37,5], [w37,0], [w37,8], [w37,7], [w37,9], [w37,4]] (solid_wave_vertices: 9) solid=[[37,3], [37,0], [37,2], [37,4], [37,9], [37,7], [37,5], [37,8], [37,6]] merged=[[37,8], [37,0], [37,2], [37,9], [37,3], [37,6], [37,5], [37,7], [37,4]] --- (Vertex3)[[w37,2], [38,9], [w37,3], [w37,6], [38,4], [w37,5], [w37,0], [w37,8], [w37,7], [38,3], [38,6], [w37,9], [w37,4]] weak=[[w37,2], [w37,3], [w37,6], [w37,5], [w37,0], [w37,8], [w37,7], [w37,9], [w37,4]] (solid_wave_vertices: 9) solid=[[37,3], [37,8], [37,6], [37,9], [37,5], [37,2], [37,4], [37,7], [37,0]] merged=[[37,9], [37,2], [37,0], [37,5], [37,7], [37,4], [37,8], [37,3], [37,6]] --- (Vertex4)[[w37,2], [38,9], [w37,3], [w37,6], [38,4], [w37,5], [w37,0], [w37,8], [w37,7], [38,3], [38,6], [w37,9], [w37,4]] weak=[[w37,2], [w37,3], [w37,6], [w37,5], [w37,0], [w37,8], [w37,7], [w37,9], [w37,4]] (solid_wave_vertices: 9) solid=[[37,8], [37,9], [37,2], [37,3], [37,6], [37,0], [37,7], [37,4], [37,5]] merged=[[37,4], [37,6], [37,8], [37,7], [37,2], [37,5], [37,0], [37,3], [37,9]] --- (Vertex5)[[w37,2], [38,9], [w37,3], [w37,6], [38,4], [w37,5], [w37,0], [w37,8], [w37,7], [38,3], [w37,9], [w37,4]] weak=[[w37,2], [w37,3], [w37,6], [w37,5], [w37,0], [w37,8], [w37,7], [w37,9], [w37,4]] (solid_wave_vertices: 9) solid=[[37,4], [37,9], [37,5], [37,2], [37,0], [37,3], [37,7], [37,6], [37,8]] merged=[[37,4], [37,2], [37,7], [37,9], [37,3], [37,5], [37,6], [37,0], [37,8]] --- (Vertex6)[[w37,2], [38,9], [w37,3], [w37,6], [38,4], [w37,5], [w37,0], [w37,8], [w37,7], [38,3], [38,6], [w37,9], [w37,4]] weak=[[w37,2], [w37,3], [w37,6], [w37,5], [w37,0], [w37,8], [w37,7], [w37,9], [w37,4]] (solid_wave_vertices: 9) solid=[[37,9], [37,2], [37,0], [37,6], [37,3], [37,4], [37,8], [37,5], [37,7]] merged=[[37,3], [37,4], [37,5], [37,0], [37,9], [37,2], [37,7], [37,6], [37,8]] --- (Vertex7)[[38,7], [w37,2], [38,9], [w37,3], [w37,6], [38,4], [38,8], [w37,5], [w37,0], [w37,8], [w37,7], [38,3], [38,6], [w37,9], [w37,4]] weak=[[w37,2], [w37,3], [w37,6], [w37,5], [w37,0], [w37,8], [w37,7], [w37,9], [w37,4]] (solid_wave_vertices: 9) solid=[[37,4], [37,2], [37,3], [37,6], [37,7], [37,0], [37,5], [37,9], [37,8]] merged=[[37,0], [37,7], [37,9], [37,8], [37,2], [37,3], [37,5], [37,4], [37,6]] --- (Vertex8)[[w37,2], [w37,3], [w37,6], [w37,5], [w37,0], [w37,8], [w37,7], [38,3], [w37,9], [w37,4]] weak=[[w37,2], [w37,3], [w37,6], [w37,5], [w37,0], [w37,8], [w37,7], [w37,9], [w37,4]] (solid_wave_vertices: 9) solid=[[37,2], [37,0], [37,7], [37,8], [37,5], [37,9], [37,4], [37,6], [37,3]] merged=[[37,9], [37,8], [37,5], [37,6], [37,4], [37,7], [37,3], [37,2], [37,0]] --- (Vertex9)[[w37,2], [38,9], [w37,3], [w37,6], [38,4], [w37,5], [w37,0], [w37,8], [w37,7], [38,3], [38,6], [w37,9], [w37,4]] weak=[[w37,2], [w37,3], [w37,6], [w37,5], [w37,0], [w37,8], [w37,7], [w37,9], [w37,4]] (solid_wave_vertices: 9) solid=[[37,6], [37,5], [37,8], [37,9], [37,0], [37,3], [37,7], [37,4], [37,2]] merged=[[37,6], [37,7], [37,5], [37,4], [37,9], [37,2], [37,0], [37,8], [37,3]]
Round 40: (Vertex0)[[39,5], [w38,7], [w38,5], [39,3], [39,6], [w37,2], [w38,0], [w38,9], [w37,3], [w37,6], [w38,4], [w38,8], [w37,5], [w37,0], [w37,8], [w37,7], [w38,3], [w38,6], [w37,9], [w37,4], [39,8], [w38,2]] weak=[[w38,7], [w38,5], [w37,2], [w38,0], [w38,9], [w37,3], [w37,6], [w38,4], [w38,8], [w37,5], [w37,0], [w37,8], [w37,7], [w38,3], [w38,6], [w37,9], [w37,4], [w38,2]] (solid_wave_vertices: 9) solid=[[37,6], [37,7], [37,9], [37,2], [37,8], [37,4], [37,5], [37,3], [37,0]] merged=[[37,9], [37,7], [37,0], [37,3], [37,6], [37,4], [37,8], [37,2], [37,5]] --- (Vertex1)[[39,2], [39,5], [w38,7], [w38,5], [39,3], [39,1], [w37,2], [w38,0], [w38,9], [w37,3], [w37,1], [w37,6], [w38,4], [w38,8], [w37,5], [w37,0], [w37,8], [w37,7], [w38,3], [w38,6], [w37,9], [w37,4], [w38,2]] weak=[[w38,7], [w38,5], [w37,2], [w38,0], [w38,9], [w37,3], [w37,1], [w37,6], [w38,4], [w38,8], [w37,5], [w37,0], [w37,8], [w37,7], [w38,3], [w38,6], [w37,9], [w37,4], [w38,2]] (solid_wave_vertices: 10) solid=[[37,5], [37,3], [37,9], [37,7], [37,6], [37,2], [37,8], [37,1], [37,4], [37,0]] merged=[[37,8], [37,0], [37,9], [37,4], [37,1], [37,5], [37,2], [37,6], [37,7], [37,3]] --- (Vertex2)[[39,2], [39,5], [w38,7], [w38,5], [39,6], [w37,2], [w38,0], [w38,9], [39,4], [w37,3], [w37,6], [w38,4], [w38,8], [w37,5], [w37,0], [w37,8], [w37,7], [w38,3], [w38,6], [w37,9], [w37,4], [w38,2]] weak=[[w38,7], [w38,5], [w37,2], [w38,0], [w38,9], [w37,3], [w37,6], [w38,4], [w38,8], [w37,5], [w37,0], [w37,8], [w37,7], [w38,3], [w38,6], [w37,9], [w37,4], [w38,2]] (solid_wave_vertices: 9) solid=[[37,5], [37,2], [37,3], [37,8], [37,6], [37,4], [37,0], [37,7], [37,9]] merged=[[37,7], [37,2], [37,6], [37,0], [37,3], [37,4], [37,9], [37,8], [37,5]] --- (Vertex3)[[39,2], [39,5], [w38,7], [w38,5], [39,3], [39,6], [w37,2], [w38,0], [w38,9], [w37,3], [w37,6], [w38,4], [w38,8], [w37,5], [w37,0], [w37,8], [w37,7], [w38,3], [w38,6], [w37,9], [w37,4], [w38,2]] weak=[[w38,7], [w38,5], [w37,2], [w38,0], [w38,9], [w37,3], [w37,6], [w38,4], [w38,8], [w37,5], [w37,0], [w37,8], [w37,7], [w38,3], [w38,6], [w37,9], [w37,4], [w38,2]] (solid_wave_vertices: 9) solid=[[37,0], [37,5], [37,2], [37,8], [37,9], [37,6], [37,4], [37,3], [37,7]] merged=[[37,6], [37,7], [37,3], [37,0], [37,5], [37,8], [37,4], [37,2], [37,9]] --- (Vertex4)[[39,2], [39,5], [w38,7], [w38,5], [39,6], [w37,2], [w38,0], [w38,9], [39,4], [w37,3], [w37,6], [w38,4], [w38,8], [w37,5], [w37,0], [w37,8], [w37,7], [w38,3], [w38,6], [w37,9], [w37,4], [w38,2]] weak=[[w38,7], [w38,5], [w37,2], [w38,0], [w38,9], [w37,3], [w37,6], [w38,4], [w38,8], [w37,5], [w37,0], [w37,8], [w37,7], [w38,3], [w38,6], [w37,9], [w37,4], [w38,2]] (solid_wave_vertices: 9) solid=[[37,6], [37,0], [37,8], [37,7], [37,9], [37,4], [37,5], [37,2], [37,3]] merged=[[37,9], [37,3], [37,6], [37,7], [37,0], [37,5], [37,4], [37,2], [37,8]] --- (Vertex5)[[39,2], [39,5], [w38,7], [w38,5], [39,6], [w37,2], [w38,0], [w38,9], [39,4], [w37,3], [w37,6], [w38,4], [w38,8], [w37,5], [w37,0], [w37,8], [w37,7], [w38,3], [w38,6], [w37,9], [w37,4], [w38,2]] weak=[[w38,7], [w38,5], [w37,2], [w38,0], [w38,9], [w37,3], [w37,6], [w38,4], [w38,8], [w37,5], [w37,0], [w37,8], [w37,7], [w38,3], [w38,6], [w37,9], [w37,4], [w38,2]] (solid_wave_vertices: 9) solid=[[37,3], [37,0], [37,4], [37,2], [37,8], [37,6], [37,9], [37,7], [37,5]] merged=[[37,3], [37,8], [37,7], [37,5], [37,6], [37,2], [37,9], [37,0], [37,4]] --- (Vertex6)[[39,2], [39,5], [w38,7], [w38,5], [39,6], [w37,2], [w38,0], [w38,9], [39,4], [w37,3], [w37,6], [w38,4], [w38,8], [w37,5], [w37,0], [w37,8], [w37,7], [w38,3], [w38,6], [w37,9], [w37,4], [w38,2]] weak=[[w38,7], [w38,5], [w37,2], [w38,0], [w38,9], [w37,3], [w37,6], [w38,4], [w38,8], [w37,5], [w37,0], [w37,8], [w37,7], [w38,3], [w38,6], [w37,9], [w37,4], [w38,2]] (solid_wave_vertices: 9) solid=[[37,6], [37,4], [37,9], [37,3], [37,8], [37,7], [37,5], [37,0], [37,2]] merged=[[37,0], [37,6], [37,9], [37,8], [37,5], [37,3], [37,7], [37,2], [37,4]] --- (Vertex7)[[39,2], [39,5], [w38,7], [w38,5], [39,6], [w37,2], [w38,0], [w38,9], [w37,3], [w37,6], [w38,4], [w38,8], [w37,5], [w37,0], [w37,8], [w37,7], [w38,3], [w38,6], [w37,9], [w37,4], [39,8], [w38,2]] weak=[[w38,7], [w38,5], [w37,2], [w38,0], [w38,9], [w37,3], [w37,6], [w38,4], [w38,8], [w37,5], [w37,0], [w37,8], [w37,7], [w38,3], [w38,6], [w37,9], [w37,4], [w38,2]] (solid_wave_vertices: 9) solid=[[37,2], [37,3], [37,4], [37,7], [37,8], [37,6], [37,0], [37,9], [37,5]] merged=[[37,4], [37,7], [37,2], [37,5], [37,9], [37,8], [37,0], [37,6], [37,3]] --- (Vertex8)[[39,2], [w38,7], [w38,5], [39,6], [w37,2], [w38,0], [w38,9], [39,4], [w37,3], [w37,6], [w38,4], [w38,8], [w37,5], [w37,0], [w37,8], [w37,7], [w38,3], [w38,6], [w37,9], [w37,4], [39,8], [w38,2]] weak=[[w38,7], [w38,5], [w37,2], [w38,0], [w38,9], [w37,3], [w37,6], [w38,4], [w38,8], [w37,5], [w37,0], [w37,8], [w37,7], [w38,3], [w38,6], [w37,9], [w37,4], [w38,2]] (solid_wave_vertices: 9) solid=[[37,9], [37,4], [37,7], [37,8], [37,3], [37,6], [37,2], [37,0], [37,5]] merged=[[37,9], [37,2], [37,3], [37,8], [37,6], [37,0], [37,7], [37,5], [37,4]] --- (Vertex9)[[39,2], [39,5], [w38,7], [w38,5], [39,6], [w37,2], [w38,0], [w38,9], [39,4], [w37,3], [w37,6], [w38,4], [w38,8], [w37,5], [w37,0], [w37,8], [w37,7], [w38,3], [w38,6], [w37,9], [w37,4], [w38,2]] weak=[[w38,7], [w38,5], [w37,2], [w38,0], [w38,9], [w37,3], [w37,6], [w38,4], [w38,8], [w37,5], [w37,0], [w37,8], [w37,7], [w38,3], [w38,6], [w37,9], [w37,4], [w38,2]] (solid_wave_vertices: 9) solid=[[37,4], [37,3], [37,2], [37,9], [37,7], [37,6], [37,0], [37,8], [37,5]] merged=[[37,0], [37,3], [37,5], [37,7], [37,4], [37,6], [37,2], [37,8], [37,9]]
Round 41: (Vertex0)[[w39,2], [w39,5], [w38,7], [w38,5], [w39,7], [w39,3], [w39,9], [w39,1], [w39,6], [w37,2], [40,0], [w38,0], [w38,9], [w39,4], [w37,3], [w39,0], [w37,1], [40,7], [w37,6], [w38,4], [w38,8], [w37,5], [w37,0], [40,9], [w37,8], [w37,7], [w38,3], [w38,6], [w37,9], [w37,4], [w39,8], [w38,2]] weak=[[w39,2], [w39,5], [w38,7], [w38,5], [w39,7], [w39,3], [w39,9], [w39,1], [w39,6], [w37,2], [w38,0], [w38,9], [w39,4], [w37,3], [w39,0], [w37,1], [w37,6], [w38,4], [w38,8], [w37,5], [w37,0], [w37,8], [w37,7], [w38,3], [w38,6], [w37,9], [w37,4], [w39,8], [w38,2]] (solid_wave_vertices: 10) solid=[[37,3], [37,9], [37,7], [37,5], [37,0], [37,1], [37,8], [37,4], [37,2], [37,6]] merged=[[41,0]] --- (Vertex1)[[w39,2], [w39,5], [w38,7], [w38,5], [w39,7], [w39,3], [w39,9], [w39,1], [w39,6], [w37,2], [w38,0], [w38,9], [w39,4], [w37,3], [w39,0], [w37,1], [w37,6], [w38,4], [w38,8], [w37,5], [w37,0], [40,9], [w37,8], [w37,7], [w38,3], [w38,6], [w37,9], [w37,4], [w39,8], [w38,2]] weak=[[w39,2], [w39,5], [w38,7], [w38,5], [w39,7], [w39,3], [w39,9], [w39,1], [w39,6], [w37,2], [w38,0], [w38,9], [w39,4], [w37,3], [w39,0], [w37,1], [w37,6], [w38,4], [w38,8], [w37,5], [w37,0], [w37,8], [w37,7], [w38,3], [w38,6], [w37,9], [w37,4], [w39,8], [w38,2]] (solid_wave_vertices: 10) solid=[[37,4], [37,3], [37,1], [37,9], [37,6], [37,2], [37,7], [37,8], [37,5], [37,0]] merged=[[41,1]] --- (Vertex2)[[w39,2], [w39,5], [w38,7], [w38,5], [w39,3], [w39,9], [w39,6], [w37,2], [w38,0], [w38,9], [w39,4], [w37,3], [w37,6], [40,2], [w38,4], [w38,8], [w37,5], [w37,0], [40,9], [w37,8], [w37,7], [w38,3], [w38,6], [w37,9], [w37,4], [w39,8], [w38,2]] weak=[[w39,2], [w39,5], [w38,7], [w38,5], [w39,3], [w39,9], [w39,6], [w37,2], [w38,0], [w38,9], [w39,4], [w37,3], [w37,6], [w38,4], [w38,8], [w37,5], [w37,0], [w37,8], [w37,7], [w38,3], [w38,6], [w37,9], [w37,4], [w39,8], [w38,2]] (solid_wave_vertices: 9) solid=[[37,7], [37,4], [37,2], [37,3], [37,0], [37,5], [37,8], [37,9], [37,6]] merged=[[41,2]] --- (Vertex3)[[w39,2], [w39,5], [w38,7], [w38,5], [w39,7], [w39,3], [w39,9], [w39,6], [w37,2], [w38,0], [w38,9], [w39,4], [w37,3], [w37,1], [w37,6], [40,2], [w38,4], [w38,8], [w37,5], [w37,0], [40,9], [w37,8], [w37,7], [w38,3], [w38,6], [w37,9], [w37,4], [w39,8], [w38,2]] weak=[[w39,2], [w39,5], [w38,7], [w38,5], [w39,7], [w39,3], [w39,9], [w39,6], [w37,2], [w38,0], [w38,9], [w39,4], [w37,3], [w37,1], [w37,6], [w38,4], [w38,8], [w37,5], [w37,0], [w37,8], [w37,7], [w38,3], [w38,6], [w37,9], [w37,4], [w39,8], [w38,2]] (solid_wave_vertices: 10) solid=[[37,0], [37,2], [37,6], [37,8], [37,7], [37,9], [37,5], [37,1], [37,3], [37,4]] merged=[[41,3]] --- (Vertex4)[[w39,2], [w39,5], [w38,7], [w38,5], [w39,3], [w39,9], [w39,6], [w37,2], [w38,0], [w38,9], [w39,4], [w37,3], [w37,6], [40,2], [w38,4], [w38,8], [w37,5], [w37,0], [40,9], [w37,8], [w37,7], [w38,3], [w38,6], [w37,9], [w37,4], [w39,8], [w38,2]] weak=[[w39,2], [w39,5], [w38,7], [w38,5], [w39,3], [w39,9], [w39,6], [w37,2], [w38,0], [w38,9], [w39,4], [w37,3], [w37,6], [w38,4], [w38,8], [w37,5], [w37,0], [w37,8], [w37,7], [w38,3], [w38,6], [w37,9], [w37,4], [w39,8], [w38,2]] (solid_wave_vertices: 9) solid=[[37,2], [37,0], [37,5], [37,7], [37,3], [37,9], [37,4], [37,8], [37,6]] merged=[[41,4]] --- (Vertex5)[[w39,2], [w39,5], [w38,7], [w38,5], [w39,7], [w39,3], [w39,9], [w39,6], [w37,2], [w38,0], [w38,9], [w39,4], [w37,3], [w37,1], [w37,6], [40,2], [w38,4], [w38,8], [w37,5], [w37,0], [40,9], [w37,8], [w37,7], [w38,3], [w38,6], [w37,9], [w37,4], [w39,8], [w38,2]] weak=[[w39,2], [w39,5], [w38,7], [w38,5], [w39,7], [w39,3], [w39,9], [w39,6], [w37,2], [w38,0], [w38,9], [w39,4], [w37,3], [w37,1], [w37,6], [w38,4], [w38,8], [w37,5], [w37,0], [w37,8], [w37,7], [w38,3], [w38,6], [w37,9], [w37,4], [w39,8], [w38,2]] (solid_wave_vertices: 10) solid=[[37,8], [37,2], [37,5], [37,7], [37,6], [37,4], [37,9], [37,1], [37,0], [37,3]] merged=[[41,5]] --- (Vertex6)[[w39,2], [w39,5], [w38,7], [w38,5], [w39,3], [w39,9], [w39,6], [w37,2], [w38,0], [w38,9], [w39,4], [w37,3], [w39,0], [w37,1], [w37,6], [40,2], [w38,4], [w38,8], [w37,5], [w37,0], [40,9], [w37,8], [w37,7], [w38,3], [w38,6], [w37,9], [w37,4], [w39,8], [w38,2]] weak=[[w39,2], [w39,5], [w38,7], [w38,5], [w39,3], [w39,9], [w39,6], [w37,2], [w38,0], [w38,9], [w39,4], [w37,3], [w39,0], [w37,1], [w37,6], [w38,4], [w38,8], [w37,5], [w37,0], [w37,8], [w37,7], [w38,3], [w38,6], [w37,9], [w37,4], [w39,8], [w38,2]] (solid_wave_vertices: 10) solid=[[37,1], [37,0], [37,4], [37,8], [37,5], [37,3], [37,6], [37,7], [37,2], [37,9]] merged=[[41,6]] --- (Vertex7)[[w39,2], [w39,5], [w38,7], [w38,5], [w39,7], [w39,3], [w39,9], [w39,1], [w39,6], [w37,2], [40,0], [w38,0], [w38,9], [w39,4], [w37,3], [w39,0], [w37,1], [w37,6], [40,2], [w38,4], [w38,8], [w37,5], [w37,0], [w37,8], [w37,7], [w38,3], [w38,6], [w37,9], [w37,4], [w39,8], [w38,2]] weak=[[w39,2], [w39,5], [w38,7], [w38,5], [w39,7], [w39,3], [w39,9], [w39,1], [w39,6], [w37,2], [w38,0], [w38,9], [w39,4], [w37,3], [w39,0], [w37,1], [w37,6], [w38,4], [w38,8], [w37,5], [w37,0], [w37,8], [w37,7], [w38,3], [w38,6], [w37,9], [w37,4], [w39,8], [w38,2]] (solid_wave_vertices: 10) solid=[[37,0], [37,3], [37,9], [37,6], [37,2], [37,4], [37,7], [37,5], [37,1], [37,8]] merged=[[41,7]] --- (Vertex8)[[w39,2], [w39,5], [w38,7], [w38,5], [w39,7], [w39,3], [w39,9], [w39,1], [w39,6], [w37,2], [40,0], [w38,0], [w38,9], [w39,4], [w37,3], [w39,0], [w37,1], [40,7], [w37,6], [40,2], [w38,4], [w38,8], [40,8], [w37,5], [w37,0], [w37,8], [w37,7], [w38,3], [w38,6], [w37,9], [w37,4], [w39,8], [w38,2]] weak=[[w39,2], [w39,5], [w38,7], [w38,5], [w39,7], [w39,3], [w39,9], [w39,1], [w39,6], [w37,2], [w38,0], [w38,9], [w39,4], [w37,3], [w39,0], [w37,1], [w37,6], [w38,4], [w38,8], [w37,5], [w37,0], [w37,8], [w37,7], [w38,3], [w38,6], [w37,9], [w37,4], [w39,8], [w38,2]] (solid_wave_vertices: 10) solid=[[37,9], [37,4], [37,3], [37,7], [37,8], [37,5], [37,6], [37,1], [37,0], [37,2]] merged=[[41,8]] --- (Vertex9)[[w39,2], [w39,5], [w38,7], [w38,5], [w39,7], [w39,3], [w39,9], [w39,6], [w37,2], [w38,0], [w38,9], [w39,4], [w37,3], [w37,6], [40,2], [w38,4], [w38,8], [w37,5], [w37,0], [40,9], [w37,8], [w37,7], [w38,3], [w38,6], [w37,9], [w37,4], [w39,8], [w38,2]] weak=[[w39,2], [w39,5], [w38,7], [w38,5], [w39,7], [w39,3], [w39,9], [w39,6], [w37,2], [w38,0], [w38,9], [w39,4], [w37,3], [w37,6], [w38,4], [w38,8], [w37,5], [w37,0], [w37,8], [w37,7], [w38,3], [w38,6], [w37,9], [w37,4], [w39,8], [w38,2]] (solid_wave_vertices: 9) solid=[[37,0], [37,4], [37,3], [37,8], [37,9], [37,7], [37,5], [37,2], [37,6]] merged=[[41,9]]
Round 42: (Vertex0)[[41,4], [41,2], [41,9], [41,7]] (solid_wave_vertices: 4) solid=[[41,7], [41,4], [41,2], [41,9]] merged=[[41,7], [41,4], [41,9], [41,2]] --- (Vertex1)[[41,4], [41,3], [41,5], [41,7], [41,6]] (solid_wave_vertices: 5) solid=[[41,4], [41,7], [41,6], [41,5], [41,3]] merged=[[41,4], [41,7], [41,5], [41,6], [41,3]] --- (Vertex2)[[41,4], [41,3], [41,5], [41,2], [41,9], [41,6]] (solid_wave_vertices: 6) solid=[[41,5], [41,9], [41,3], [41,2], [41,6], [41,4]] merged=[[41,4], [41,5], [41,2], [41,6], [41,9], [41,3]] --- (Vertex3)[[41,4], [41,3], [41,5], [41,2], [41,9], [41,6]] (solid_wave_vertices: 6) solid=[[41,6], [41,4], [41,2], [41,3], [41,9], [41,5]] merged=[[41,5], [41,9], [41,6], [41,4], [41,3], [41,2]] --- (Vertex4)[[41,4], [41,3], [41,5], [41,2], [41,9], [41,6]] (solid_wave_vertices: 6) solid=[[41,6], [41,5], [41,9], [41,4], [41,3], [41,2]] merged=[[41,6], [41,2], [41,5], [41,9], [41,3], [41,4]] --- (Vertex5)[[41,4], [41,3], [41,5], [41,2], [41,9], [41,6]] (solid_wave_vertices: 6) solid=[[41,9], [41,2], [41,3], [41,6], [41,5], [41,4]] merged=[[41,4], [41,3], [41,5], [41,6], [41,9], [41,2]] --- (Vertex6)[[41,4], [41,3], [41,5], [41,2], [41,9], [41,6]] (solid_wave_vertices: 6) solid=[[41,2], [41,9], [41,5], [41,6], [41,4], [41,3]] merged=[[41,2], [41,9], [41,3], [41,6], [41,4], [41,5]] --- (Vertex7)[[41,4], [41,9], [41,7], [41,6]] (solid_wave_vertices: 4) solid=[[41,9], [41,7], [41,6], [41,4]] merged=[[41,7], [41,6], [41,4], [41,9]] --- (Vertex8)[[41,4], [41,3], [41,2], [41,9], [41,7]] (solid_wave_vertices: 5) solid=[[41,4], [41,9], [41,3], [41,7], [41,2]] merged=[[41,7], [41,4], [41,3], [41,2], [41,9]] --- (Vertex9)[[41,4], [41,3], [41,5], [41,2], [41,9], [41,6]] (solid_wave_vertices: 6) solid=[[41,5], [41,2], [41,4], [41,6], [41,9], [41,3]] merged=[[41,9], [41,6], [41,2], [41,4], [41,5], [41,3]]
Round 43: (Vertex0)[[w41,4], [w41,3], [w41,8], [42,8], [42,0], [w41,5], [w41,2], [w41,0], [w41,9], [w41,7], [42,3], [42,4], [w41,6]] weak=[[w41,4], [w41,3], [w41,8], [w41,5], [w41,2], [w41,0], [w41,9], [w41,7], [w41,6]] (solid_wave_vertices: 9) solid=[[41,5], [41,4], [41,0], [41,9], [41,8], [41,2], [41,7], [41,6], [41,3]] merged=[[41,5], [41,3], [41,6], [41,7], [41,8], [41,9], [41,0], [41,2], [41,4]] --- (Vertex1)[[w41,4], [w41,3], [w41,8], [42,0], [w41,5], [w41,2], [w41,0], [w41,9], [w41,7], [w41,1], [42,4], [w41,6]] weak=[[w41,4], [w41,3], [w41,8], [w41,5], [w41,2], [w41,0], [w41,9], [w41,7], [w41,1], [w41,6]] (solid_wave_vertices: 10) solid=[[41,2], [41,6], [41,3], [41,9], [41,8], [41,4], [41,5], [41,0], [41,7], [41,1]] merged=[[41,6], [41,2], [41,5], [41,9], [41,0], [41,8], [41,4], [41,7], [41,1], [41,3]] --- (Vertex2)[[w41,4], [w41,3], [w41,8], [w41,5], [w41,2], [w41,0], [w41,9], [w41,7], [42,3], [42,4], [w41,6]] weak=[[w41,4], [w41,3], [w41,8], [w41,5], [w41,2], [w41,0], [w41,9], [w41,7], [w41,6]] (solid_wave_vertices: 9) solid=[[41,3], [41,0], [41,6], [41,9], [41,4], [41,8], [41,5], [41,7], [41,2]] merged=[[41,7], [41,4], [41,2], [41,9], [41,0], [41,5], [41,8], [41,3], [41,6]] --- (Vertex3)[[w41,4], [w41,3], [w41,8], [w41,5], [w41,2], [w41,0], [w41,9], [w41,7], [42,3], [42,4], [w41,6]] weak=[[w41,4], [w41,3], [w41,8], [w41,5], [w41,2], [w41,0], [w41,9], [w41,7], [w41,6]] (solid_wave_vertices: 9) solid=[[41,9], [41,6], [41,5], [41,0], [41,7], [41,4], [41,8], [41,2], [41,3]] merged=[[41,2], [41,7], [41,0], [41,9], [41,8], [41,5], [41,6], [41,3], [41,4]] --- (Vertex4)[[w41,4], [w41,3], [w41,8], [w41,5], [w41,2], [w41,0], [w41,9], [w41,7], [42,3], [42,4], [w41,6]] weak=[[w41,4], [w41,3], [w41,8], [w41,5], [w41,2], [w41,0], [w41,9], [w41,7], [w41,6]] (solid_wave_vertices: 9) solid=[[41,7], [41,4], [41,8], [41,9], [41,2], [41,5], [41,6], [41,0], [41,3]] merged=[[41,5], [41,7], [41,0], [41,6], [41,9], [41,3], [41,4], [41,8], [41,2]] --- (Vertex5)[[w41,4], [w41,3], [w41,8], [w41,5], [w41,2], [w41,0], [w41,9], [w41,7], [42,3], [42,4], [w41,6]] weak=[[w41,4], [w41,3], [w41,8], [w41,5], [w41,2], [w41,0], [w41,9], [w41,7], [w41,6]] (solid_wave_vertices: 9) solid=[[41,4], [41,0], [41,6], [41,5], [41,3], [41,2], [41,9], [41,8], [41,7]] merged=[[41,8], [41,0], [41,5], [41,3], [41,4], [41,9], [41,7], [41,2], [41,6]] --- (Vertex6)[[w41,4], [w41,3], [w41,8], [w41,5], [w41,2], [w41,0], [w41,9], [w41,7], [42,3], [42,4], [w41,6]] weak=[[w41,4], [w41,3], [w41,8], [w41,5], [w41,2], [w41,0], [w41,9], [w41,7], [w41,6]] (solid_wave_vertices: 9) solid=[[41,7], [41,3], [41,4], [41,0], [41,5], [41,2], [41,6], [41,9], [41,8]] merged=[[41,8], [41,9], [41,2], [41,4], [41,7], [41,5], [41,0], [41,3], [41,6]] --- (Vertex7)[[w41,4], [w41,3], [w41,8], [42,8], [42,0], [w41,5], [w41,2], [w41,0], [w41,9], [w41,7], [42,3], [42,7], [42,4], [w41,6]] weak=[[w41,4], [w41,3], [w41,8], [w41,5], [w41,2], [w41,0], [w41,9], [w41,7], [w41,6]] (solid_wave_vertices: 9) solid=[[41,2], [41,7], [41,0], [41,3], [41,8], [41,9], [41,5], [41,4], [41,6]] merged=[[41,4], [41,0], [41,3], [41,2], [41,7], [41,8], [41,6], [41,9], [41,5]] --- (Vertex8)[[w41,4], [w41,3], [w41,8], [42,8], [42,0], [w41,5], [w41,2], [w41,0], [w41,9], [w41,7], [42,3], [42,7], [42,4], [w41,6]] weak=[[w41,4], [w41,3], [w41,8], [w41,5], [w41,2], [w41,0], [w41,9], [w41,7], [w41,6]] (solid_wave_vertices: 9) solid=[[41,8], [41,5], [41,2], [41,3], [41,0], [41,6], [41,9], [41,7], [41,4]] merged=[[41,7], [41,4], [41,3], [41,6], [41,2], [41,9], [41,0], [41,8], [41,5]] --- (Vertex9)[[w41,4], [w41,3], [w41,8], [w41,5], [w41,2], [w41,0], [w41,9], [w41,7], [42,3], [42,4], [w41,6]] weak=[[w41,4], [w41,3], [w41,8], [w41,5], [w41,2], [w41,0], [w41,9], [w41,7], [w41,6]] (solid_wave_vertices: 9) solid=[[41,5], [41,4], [41,9], [41,7], [41,2], [41,8], [41,0], [41,6], [41,3]] merged=[[41,6], [41,3], [41,9], [41,4], [41,2], [41,5], [41,7], [41,0], [41,8]]
Round 44: (Vertex0)[[w42,6], [w42,5], [w41,4], [w41,3], [43,8], [w41,8], [43,2], [43,0], [w42,8], [w42,0], [w41,5], [w41,2], [w41,0], [w42,9], [w41,9], [w41,7], [w42,3], [w42,7], [w42,2], [43,5], [43,9], [w41,1], [w42,4], [w41,6]] weak=[[w42,6], [w42,5], [w41,4], [w41,3], [w41,8], [w42,8], [w42,0], [w41,5], [w41,2], [w41,0], [w42,9], [w41,9], [w41,7], [w42,3], [w42,7], [w42,2], [w41,1], [w42,4], [w41,6]] (solid_wave_vertices: 10) solid=[[41,0], [41,1], [41,2], [41,9], [41,7], [41,3], [41,6], [41,5], [41,8], [41,4]] merged=[[41,8], [41,2], [41,7], [41,3], [41,4], [41,5], [41,0], [41,1], [41,9], [41,6]] --- (Vertex1)[[w42,1], [w42,6], [w42,5], [w41,4], [w41,3], [w41,8], [43,2], [w42,8], [w42,0], [w41,5], [w41,2], [w41,0], [w42,9], [w41,9], [w41,7], [w42,3], [w42,7], [w42,2], [43,5], [43,9], [w41,1], [43,6], [w42,4], [w41,6]] weak=[[w42,1], [w42,6], [w42,5], [w41,4], [w41,3], [w41,8], [w42,8], [w42,0], [w41,5], [w41,2], [w41,0], [w42,9], [w41,9], [w41,7], [w42,3], [w42,7], [w42,2], [w41,1], [w42,4], [w41,6]] (solid_wave_vertices: 10) solid=[[41,4], [41,0], [41,5], [41,7], [41,1], [41,9], [41,6], [41,2], [41,8], [41,3]] merged=[[41,9], [41,8], [41,1], [41,3], [41,7], [41,5], [41,2], [41,4], [41,0], [41,6]] --- (Vertex2)[[w42,6], [w42,5], [w41,4], [w41,3], [w41,8], [43,2], [w42,8], [w42,0], [w41,5], [w41,2], [w41,0], [w42,9], [43,3], [w41,9], [w41,7], [w42,3], [w42,7], [w42,2], [43,5], [43,9], [43,6], [w42,4], [w41,6]] weak=[[w42,6], [w42,5], [w41,4], [w41,3], [w41,8], [w42,8], [w42,0], [w41,5], [w41,2], [w41,0], [w42,9], [w41,9], [w41,7], [w42,3], [w42,7], [w42,2], [w42,4], [w41,6]] (solid_wave_vertices: 9) solid=[[41,6], [41,0], [41,2], [41,3], [41,7], [41,8], [41,5], [41,9], [41,4]] merged=[[41,6], [41,0], [41,8], [41,2], [41,4], [41,9], [41,5], [41,3], [41,7]] --- (Vertex3)[[w42,6], [w42,5], [w41,4], [w41,3], [w41,8], [43,2], [w42,8], [w42,0], [w41,5], [w41,2], [w41,0], [w42,9], [43,3], [w41,9], [w41,7], [w42,3], [w42,7], [w42,2], [43,5], [43,9], [43,6], [w42,4], [w41,6]] weak=[[w42,6], [w42,5], [w41,4], [w41,3], [w41,8], [w42,8], [w42,0], [w41,5], [w41,2], [w41,0], [w42,9], [w41,9], [w41,7], [w42,3], [w42,7], [w42,2], [w42,4], [w41,6]] (solid_wave_vertices: 9) solid=[[41,3], [41,2], [41,7], [41,0], [41,8], [41,5], [41,4], [41,9], [41,6]] merged=[[41,5], [41,8], [41,4], [41,3], [41,9], [41,2], [41,6], [41,0], [41,7]] --- (Vertex4)[[w42,6], [w42,5], [w41,4], [w41,3], [w41,8], [43,2], [w42,8], [w42,0], [w41,5], [w41,2], [w41,0], [w42,9], [43,3], [w41,9], [w41,7], [w42,3], [w42,7], [w42,2], [43,5], [43,9], [43,6], [w42,4], [w41,6]] weak=[[w42,6], [w42,5], [w41,4], [w41,3], [w41,8], [w42,8], [w42,0], [w41,5], [w41,2], [w41,0], [w42,9], [w41,9], [w41,7], [w42,3], [w42,7], [w42,2], [w42,4], [w41,6]] (solid_wave_vertices: 9) solid=[[41,4], [41,7], [41,2], [41,6], [41,3], [41,9], [41,8], [41,0], [41,5]] merged=[[41,4], [41,2], [41,3], [41,7], [41,6], [41,8], [41,9], [41,0], [41,5]] --- (Vertex5)[[w42,6], [w42,5], [w41,4], [w41,3], [w41,8], [43,2], [w42,8], [w42,0], [w41,5], [w41,2], [w41,0], [w42,9], [43,3], [w41,9], [w41,7], [w42,3], [w42,7], [w42,2], [43,5], [43,9], [43,6], [w42,4], [w41,6]] weak=[[w42,6], [w42,5], [w41,4], [w41,3], [w41,8], [w42,8], [w42,0], [w41,5], [w41,2], [w41,0], [w42,9], [w41,9], [w41,7], [w42,3], [w42,7], [w42,2], [w42,4], [w41,6]] (solid_wave_vertices: 9) solid=[[41,0], [41,9], [41,6], [41,3], [41,8], [41,4], [41,2], [41,7], [41,5]] merged=[[41,9], [41,2], [41,4], [41,0], [41,6], [41,3], [41,7], [41,8], [41,5]] --- (Vertex6)[[w42,6], [w42,5], [w41,4], [w41,3], [w41,8], [43,2], [w42,8], [w42,0], [w41,5], [w41,2], [w41,0], [w42,9], [43,3], [w41,9], [w41,7], [w42,3], [w42,7], [w42,2], [43,5], [43,9], [43,6], [w42,4], [w41,6]] weak=[[w42,6], [w42,5], [w41,4], [w41,3], [w41,8], [w42,8], [w42,0], [w41,5], [w41,2], [w41,0], [w42,9], [w41,9], [w41,7], [w42,3], [w42,7], [w42,2], [w42,4], [w41,6]] (solid_wave_vertices: 9) solid=[[41,9], [41,0], [41,2], [41,6], [41,5], [41,8], [41,4], [41,7], [41,3]] merged=[[41,7], [41,8], [41,4], [41,6], [41,2], [41,5], [41,3], [41,9], [41,0]] --- (Vertex8)[[w42,6], [w42,5], [w41,4], [w41,3], [43,8], [w41,8], [43,2], [43,0], [w42,8], [w42,0], [w41,5], [w41,2], [w41,0], [w42,9], [43,3], [w41,9], [w41,7], [w42,3], [w42,7], [w42,2], [43,5], [43,9], [w41,1], [w42,4], [w41,6]] weak=[[w42,6], [w42,5], [w41,4], [w41,3], [w41,8], [w42,8], [w42,0], [w41,5], [w41,2], [w41,0], [w42,9], [w41,9], [w41,7], [w42,3], [w42,7], [w42,2], [w41,1], [w42,4], [w41,6]] (solid_wave_vertices: 10) solid=[[41,6], [41,9], [41,1], [41,5], [41,3], [41,2], [41,8], [41,0], [41,7], [41,4]] merged=[[41,4], [41,8], [41,0], [41,1], [41,6], [41,9], [41,7], [41,5], [41,3], [41,2]] --- (Vertex9)[[w42,6], [w42,5], [w41,4], [w41,3], [w41,8], [43,2], [w42,8], [w42,0], [w41,5], [w41,2], [w41,0], [w42,9], [43,3], [w41,9], [w41,7], [w42,3], [w42,7], [w42,2], [43,5], [43,9], [43,6], [w42,4], [w41,6]] weak=[[w42,6], [w42,5], [w41,4], [w41,3], [w41,8], [w42,8], [w42,0], [w41,5], [w41,2], [w41,0], [w42,9], [w41,9], [w41,7], [w42,3], [w42,7], [w42,2], [w42,4], [w41,6]] (solid_wave_vertices: 9) solid=[[41,5], [41,4], [41,0], [41,9], [41,2], [41,6], [41,3], [41,8], [41,7]] merged=[[41,5], [41,7], [41,8], [41,6], [41,3], [41,9], [41,2], [41,4], [41,0]]
Round 45: (Vertex0)[[w42,1], [w42,6], [w42,5], [w41,4], [w41,3], [44,5], [w43,8], [w41,8], [w43,2], [w43,0], [w42,8], [44,8], [w43,7], [44,4], [w42,0], [w41,5], [44,2], [w41,2], [w41,0], [w42,9], [44,9], [w43,3], [w41,9], [w41,7], [w43,4], [w42,3], [w42,7], [w42,2], [44,0], [w43,5], [w43,9], [w41,1], [w43,6], [w42,4], [w41,6]] weak=[[w42,1], [w42,6], [w42,5], [w41,4], [w41,3], [w43,8], [w41,8], [w43,2], [w43,0], [w42,8], [w43,7], [w42,0], [w41,5], [w41,2], [w41,0], [w42,9], [w43,3], [w41,9], [w41,7], [w43,4], [w42,3], [w42,7], [w42,2], [w43,5], [w43,9], [w41,1], [w43,6], [w42,4], [w41,6]] (solid_wave_vertices: 10) solid=[[41,8], [41,3], [41,7], [41,9], [41,2], [41,4], [41,6], [41,5], [41,0], [41,1]] merged=[[45,0]] --- (Vertex1)[[w42,1], [w42,6], [44,3], [w42,5], [w41,4], [w41,3], [44,5], [w43,1], [w43,8], [w41,8], [w43,2], [w43,0], [w42,8], [w43,7], [44,4], [w42,0], [w41,5], [44,2], [w41,2], [w41,0], [w42,9], [44,9], [w43,3], [w41,9], [w41,7], [w43,4], [w42,3], [w42,7], [w42,2], [w43,5], [w43,9], [w41,1], [w43,6], [w42,4], [w41,6]] weak=[[w42,1], [w42,6], [w42,5], [w41,4], [w41,3], [w43,1], [w43,8], [w41,8], [w43,2], [w43,0], [w42,8], [w43,7], [w42,0], [w41,5], [w41,2], [w41,0], [w42,9], [w43,3], [w41,9], [w41,7], [w43,4], [w42,3], [w42,7], [w42,2], [w43,5], [w43,9], [w41,1], [w43,6], [w42,4], [w41,6]] (solid_wave_vertices: 10) solid=[[41,8], [41,4], [41,2], [41,1], [41,7], [41,5], [41,6], [41,3], [41,0], [41,9]] merged=[[45,1]] --- (Vertex2)[[w42,6], [44,3], [w42,5], [44,6], [w41,4], [w41,3], [44,5], [w43,8], [w41,8], [w43,2], [w43,0], [w42,8], [w43,7], [44,4], [w42,0], [w41,5], [44,2], [w41,2], [w41,0], [w42,9], [44,9], [w43,3], [w41,9], [w41,7], [w43,4], [w42,3], [w42,7], [w42,2], [w43,5], [w43,9], [w41,1], [w43,6], [w42,4], [w41,6]] weak=[[w42,6], [w42,5], [w41,4], [w41,3], [w43,8], [w41,8], [w43,2], [w43,0], [w42,8], [w43,7], [w42,0], [w41,5], [w41,2], [w41,0], [w42,9], [w43,3], [w41,9], [w41,7], [w43,4], [w42,3], [w42,7], [w42,2], [w43,5], [w43,9], [w41,1], [w43,6], [w42,4], [w41,6]] (solid_wave_vertices: 10) solid=[[41,3], [41,8], [41,9], [41,2], [41,0], [41,7], [41,6], [41,1], [41,5], [41,4]] merged=[[45,2]] --- (Vertex3)[[w42,6], [44,3], [w42,5], [44,6], [w41,4], [w41,3], [44,5], [w43,8], [w41,8], [w43,2], [w43,0], [w42,8], [w43,7], [44,4], [w42,0], [w41,5], [44,2], [w41,2], [w41,0], [w42,9], [44,9], [w43,3], [w41,9], [w41,7], [w43,4], [w42,3], [w42,7], [w42,2], [w43,5], [w43,9], [w41,1], [w43,6], [w42,4], [w41,6]] weak=[[w42,6], [w42,5], [w41,4], [w41,3], [w43,8], [w41,8], [w43,2], [w43,0], [w42,8], [w43,7], [w42,0], [w41,5], [w41,2], [w41,0], [w42,9], [w43,3], [w41,9], [w41,7], [w43,4], [w42,3], [w42,7], [w42,2], [w43,5], [w43,9], [w41,1], [w43,6], [w42,4], [w41,6]] (solid_wave_vertices: 10) solid=[[41,0], [41,6], [41,8], [41,1], [41,3], [41,7], [41,2], [41,5], [41,4], [41,9]] merged=[[45,3]] --- (Vertex4)[[w42,6], [44,3], [w42,5], [44,6], [w41,4], [w41,3], [44,5], [w43,8], [w41,8], [w43,2], [w43,0], [w42,8], [w43,7], [44,4], [w42,0], [w41,5], [44,2], [w41,2], [w41,0], [w42,9], [44,9], [w43,3], [w41,9], [w41,7], [w43,4], [w42,3], [w42,7], [w42,2], [w43,5], [w43,9], [w41,1], [w43,6], [w42,4], [w41,6]] weak=[[w42,6], [w42,5], [w41,4], [w41,3], [w43,8], [w41,8], [w43,2], [w43,0], [w42,8], [w43,7], [w42,0], [w41,5], [w41,2], [w41,0], [w42,9], [w43,3], [w41,9], [w41,7], [w43,4], [w42,3], [w42,7], [w42,2], [w43,5], [w43,9], [w41,1], [w43,6], [w42,4], [w41,6]] (solid_wave_vertices: 10) solid=[[41,7], [41,6], [41,2], [41,3], [41,8], [41,5], [41,1], [41,0], [41,9], [41,4]] merged=[[45,4]] --- (Vertex5)[[w42,6], [44,3], [w42,5], [44,6], [w41,4], [w41,3], [44,5], [w43,8], [w41,8], [w43,2], [w43,0], [w42,8], [w43,7], [44,4], [w42,0], [w41,5], [44,2], [w41,2], [w41,0], [w42,9], [44,9], [w43,3], [w41,9], [w41,7], [w43,4], [w42,3], [w42,7], [w42,2], [w43,5], [w43,9], [w41,1], [w43,6], [w42,4], [w41,6]] weak=[[w42,6], [w42,5], [w41,4], [w41,3], [w43,8], [w41,8], [w43,2], [w43,0], [w42,8], [w43,7], [w42,0], [w41,5], [w41,2], [w41,0], [w42,9], [w43,3], [w41,9], [w41,7], [w43,4], [w42,3], [w42,7], [w42,2], [w43,5], [w43,9], [w41,1], [w43,6], [w42,4], [w41,6]] (solid_wave_vertices: 10) solid=[[41,6], [41,9], [41,5], [41,3], [41,2], [41,8], [41,4], [41,1], [41,0], [41,7]] merged=[[45,5]] --- (Vertex6)[[w42,6], [44,3], [w42,5], [44,6], [w41,4], [w41,3], [44,5], [w43,8], [w41,8], [w43,2], [w43,0], [w42,8], [w43,7], [44,4], [w42,0], [w41,5], [44,2], [w41,2], [w41,0], [w42,9], [44,9], [w43,3], [w41,9], [w41,7], [w43,4], [w42,3], [w42,7], [w42,2], [w43,5], [w43,9], [w41,1], [w43,6], [w42,4], [w41,6]] weak=[[w42,6], [w42,5], [w41,4], [w41,3], [w43,8], [w41,8], [w43,2], [w43,0], [w42,8], [w43,7], [w42,0], [w41,5], [w41,2], [w41,0], [w42,9], [w43,3], [w41,9], [w41,7], [w43,4], [w42,3], [w42,7], [w42,2], [w43,5], [w43,9], [w41,1], [w43,6], [w42,4], [w41,6]] (solid_wave_vertices: 10) solid=[[41,9], [41,4], [41,6], [41,3], [41,5], [41,8], [41,0], [41,2], [41,7], [41,1]] merged=[[45,6]] --- (Vertex7)[[w42,6], [w42,5], [w41,4], [w41,3], [w43,8], [w41,8], [w43,2], [w43,0], [w42,8], [w43,7], [w42,0], [w41,5], [w41,2], [w41,0], [w42,9], [w43,3], [w41,9], [w41,7], [w42,3], [w42,7], [w42,2], [w43,5], [w43,9], [w41,1], [w42,4], [w41,6]] weak=[[w42,6], [w42,5], [w41,4], [w41,3], [w43,8], [w41,8], [w43,2], [w43,0], [w42,8], [w43,7], [w42,0], [w41,5], [w41,2], [w41,0], [w42,9], [w43,3], [w41,9], [w41,7], [w42,3], [w42,7], [w42,2], [w43,5], [w43,9], [w41,1], [w42,4], [w41,6]] (solid_wave_vertices: 10) solid=[[41,9], [41,4], [41,3], [41,2], [41,1], [41,5], [41,6], [41,7], [41,8], [41,0]] merged=[[45,7]] --- (Vertex8)[[w42,1], [w42,6], [44,3], [w42,5], [44,6], [w41,4], [w41,3], [44,5], [w43,8], [w41,8], [w43,2], [w43,0], [w42,8], [44,8], [w43,7], [44,4], [w42,0], [w41,5], [44,2], [w41,2], [w41,0], [w42,9], [44,9], [w43,3], [w41,9], [w41,7], [w43,4], [w42,3], [w42,7], [w42,2], [44,0], [w43,5], [w43,9], [w41,1], [w43,6], [w42,4], [w41,6]] weak=[[w42,1], [w42,6], [w42,5], [w41,4], [w41,3], [w43,8], [w41,8], [w43,2], [w43,0], [w42,8], [w43,7], [w42,0], [w41,5], [w41,2], [w41,0], [w42,9], [w43,3], [w41,9], [w41,7], [w43,4], [w42,3], [w42,7], [w42,2], [w43,5], [w43,9], [w41,1], [w43,6], [w42,4], [w41,6]] (solid_wave_vertices: 10) solid=[[41,2], [41,0], [41,8], [41,7], [41,6], [41,5], [41,1], [41,3], [41,9], [41,4]] merged=[[45,8]] --- (Vertex9)[[w42,6], [44,3], [w42,5], [44,6], [w41,4], [w41,3], [44,5], [w43,8], [w41,8], [w43,2], [w43,0], [w42,8], [w43,7], [44,4], [w42,0], [w41,5], [44,2], [w41,2], [w41,0], [w42,9], [44,9], [w43,3], [w41,9], [w41,7], [w43,4], [w42,3], [w42,7], [w42,2], [w43,5], [w43,9], [w41,1], [w43,6], [w42,4], [w41,6]] weak=[[w42,6], [w42,5], [w41,4], [w41,3], [w43,8], [w41,8], [w43,2], [w43,0], [w42,8], [w43,7], [w42,0], [w41,5], [w41,2], [w41,0], [w42,9], [w43,3], [w41,9], [w41,7], [w43,4], [w42,3], [w42,7], [w42,2], [w43,5], [w43,9], [w41,1], [w43,6], [w42,4], [w41,6]] (solid_wave_vertices: 10) solid=[[41,1], [41,3], [41,2], [41,0], [41,4], [41,9], [41,7], [41,6], [41,8], [41,5]] merged=[[45,9]]
Round 46: (Vertex1)[[45,9], [45,4], [45,3], [45,7], [45,2], [45,5]] (solid_wave_vertices: 6) solid=[[45,5], [45,9], [45,3], [45,2], [45,4], [45,7]] merged=[[45,5], [45,9], [45,4], [45,3], [45,7], [45,2]] --- (Vertex2)[[45,9], [45,4], [45,3], [45,2], [45,5]] (solid_wave_vertices: 5) solid=[[45,9], [45,2], [45,3], [45,4], [45,5]] merged=[[45,5], [45,9], [45,2], [45,4], [45,3]] --- (Vertex3)[[45,9], [45,4], [45,3], [45,2], [45,5]] (solid_wave_vertices: 5) solid=[[45,3], [45,9], [45,4], [45,5], [45,2]] merged=[[45,4], [45,9], [45,2], [45,3], [45,5]] --- (Vertex4)[[45,9], [45,4], [45,3], [45,2], [45,5]] (solid_wave_vertices: 5) solid=[[45,3], [45,9], [45,2], [45,4], [45,5]] merged=[[45,5], [45,2], [45,9], [45,3], [45,4]] --- (Vertex5)[[45,9], [45,4], [45,3], [45,2], [45,5]] (solid_wave_vertices: 5) solid=[[45,5], [45,4], [45,2], [45,3], [45,9]] merged=[[45,4], [45,2], [45,9], [45,5], [45,3]] --- (Vertex6)[[45,9], [45,4], [45,3], [45,7], [45,2], [45,5]] (solid_wave_vertices: 6) solid=[[45,9], [45,2], [45,5], [45,4], [45,3], [45,7]] merged=[[45,5], [45,2], [45,9], [45,3], [45,7], [45,4]] --- (Vertex7)[[45,8], [45,3], [45,7], [45,2]] (solid_wave_vertices: 4) solid=[[45,8], [45,2], [45,7], [45,3]] merged=[[45,2], [45,3], [45,8], [45,7]] --- (Vertex9)[[45,9], [45,4], [45,3], [45,2], [45,5]] (solid_wave_vertices: 5) solid=[[45,5], [45,3], [45,2], [45,9], [45,4]] merged=[[45,3], [45,4], [45,2], [45,5], [45,9]]
Round 47: (Vertex0)[[w45,8], [w45,0], [w45,4], [w45,3], [w45,7], [w45,2], [w45,5]] weak=[[w45,8], [w45,0], [w45,4], [w45,3], [w45,7], [w45,2], [w45,5]] (solid_wave_vertices: 7) solid=[[45,0], [45,2], [45,4], [45,7], [45,8], [45,5], [45,3]] merged=[[45,8], [45,3], [45,4], [45,7], [45,2], [45,0], [45,5]] --- (Vertex1)[[w45,8], [46,5], [w45,6], [w45,9], [w45,0], [46,9], [w45,4], [46,2], [w45,3], [w45,7], [w45,2], [w45,5], [46,4]] weak=[[w45,8], [w45,6], [w45,9], [w45,0], [w45,4], [w45,3], [w45,7], [w45,2], [w45,5]] (solid_wave_vertices: 9) solid=[[45,0], [45,4], [45,6], [45,2], [45,9], [45,5], [45,7], [45,3], [45,8]] merged=[[45,3], [45,4], [45,5], [45,8], [45,9], [45,6], [45,7], [45,0], [45,2]] --- (Vertex2)[[w45,8], [46,5], [w45,6], [w45,9], [w45,0], [46,9], [w45,4], [46,2], [w45,3], [w45,7], [w45,2], [w45,5], [46,4]] weak=[[w45,8], [w45,6], [w45,9], [w45,0], [w45,4], [w45,3], [w45,7], [w45,2], [w45,5]] (solid_wave_vertices: 9) solid=[[45,6], [45,8], [45,5], [45,9], [45,3], [45,0], [45,2], [45,7], [45,4]] merged=[[45,8], [45,9], [45,2], [45,5], [45,0], [45,3], [45,7], [45,6], [45,4]] --- (Vertex3)[[w45,8], [46,5], [w45,6], [w45,9], [w45,0], [46,9], [w45,4], [46,2], [w45,3], [w45,7], [w45,2], [w45,5], [46,4]] weak=[[w45,8], [w45,6], [w45,9], [w45,0], [w45,4], [w45,3], [w45,7], [w45,2], [w45,5]] (solid_wave_vertices: 9) solid=[[45,4], [45,6], [45,0], [45,3], [45,5], [45,2], [45,9], [45,7], [45,8]] merged=[[45,6], [45,4], [45,3], [45,9], [45,0], [45,2], [45,5], [45,8], [45,7]] --- (Vertex4)[[w45,8], [46,5], [w45,6], [w45,9], [w45,0], [46,9], [w45,4], [46,2], [w45,3], [w45,7], [w45,2], [w45,5], [46,4]] weak=[[w45,8], [w45,6], [w45,9], [w45,0], [w45,4], [w45,3], [w45,7], [w45,2], [w45,5]] (solid_wave_vertices: 9) solid=[[45,7], [45,4], [45,6], [45,0], [45,3], [45,9], [45,5], [45,2], [45,8]] merged=[[45,6], [45,4], [45,8], [45,0], [45,3], [45,5], [45,2], [45,9], [45,7]] --- (Vertex5)[[w45,8], [46,5], [w45,6], [w45,9], [w45,0], [46,9], [w45,4], [46,2], [w45,3], [w45,7], [w45,2], [w45,5], [46,4]] weak=[[w45,8], [w45,6], [w45,9], [w45,0], [w45,4], [w45,3], [w45,7], [w45,2], [w45,5]] (solid_wave_vertices: 9) solid=[[45,6], [45,2], [45,8], [45,4], [45,0], [45,5], [45,3], [45,7], [45,9]] merged=[[45,7], [45,6], [45,2], [45,8], [45,0], [45,3], [45,9], [45,4], [45,5]] --- (Vertex6)[[w45,8], [46,5], [w45,6], [w45,9], [w45,0], [46,9], [w45,4], [46,2], [w45,3], [w45,7], [w45,2], [w45,5], [46,4]] weak=[[w45,8], [w45,6], [w45,9], [w45,0], [w45,4], [w45,3], [w45,7], [w45,2], [w45,5]] (solid_wave_vertices: 9) solid=[[45,2], [45,9], [45,4], [45,7], [45,8], [45,0], [45,6], [45,3], [45,5]] merged=[[45,9], [45,2], [45,3], [45,0], [45,7], [45,4], [45,5], [45,8], [45,6]] --- (Vertex7)[[w45,8], [w45,6], [w45,9], [w45,0], [w45,4], [46,2], [w45,3], [w45,7], [w45,2], [w45,5]] weak=[[w45,8], [w45,6], [w45,9], [w45,0], [w45,4], [w45,3], [w45,7], [w45,2], [w45,5]] (solid_wave_vertices: 9) solid=[[45,0], [45,2], [45,8], [45,7], [45,4], [45,9], [45,6], [45,5], [45,3]] merged=[[45,3], [45,0], [45,2], [45,4], [45,9], [45,8], [45,6], [45,7], [45,5]] --- (Vertex8)[[w45,8], [w45,9], [w45,0], [w45,4], [w45,3], [w45,7], [w45,2], [w45,5]] weak=[[w45,8], [w45,9], [w45,0], [w45,4], [w45,3], [w45,7], [w45,2], [w45,5]] (solid_wave_vertices: 8) solid=[[45,5], [45,8], [45,3], [45,4], [45,9], [45,0], [45,7], [45,2]] merged=[[45,5], [45,8], [45,2], [45,4], [45,3], [45,7], [45,9], [45,0]] --- (Vertex9)[[w45,8], [46,5], [w45,6], [w45,9], [w45,0], [46,9], [w45,4], [46,2], [w45,3], [w45,7], [w45,2], [w45,5], [46,4]] weak=[[w45,8], [w45,6], [w45,9], [w45,0], [w45,4], [w45,3], [w45,7], [w45,2], [w45,5]] (solid_wave_vertices: 9) solid=[[45,7], [45,2], [45,9], [45,8], [45,0], [45,5], [45,3], [45,6], [45,4]] merged=[[45,0], [45,8], [45,2], [45,6], [45,4], [45,7], [45,9], [45,3], [45,5]]
Round 48: (Vertex0)[[w46,3], [w45,8], [w46,5], [47,8], [w45,6], [w46,7], [w46,6], [w45,9], [w45,0], [w46,9], [w45,4], [w46,2], [w45,3], [47,3], [w45,7], [w45,2], [47,0], [w45,5], [w46,4], [47,7]] weak=[[w46,3], [w45,8], [w46,5], [w45,6], [w46,7], [w46,6], [w45,9], [w45,0], [w46,9], [w45,4], [w46,2], [w45,3], [w45,7], [w45,2], [w45,5], [w46,4]] (solid_wave_vertices: 9) solid=[[45,0], [45,3], [45,6], [45,4], [45,5], [45,2], [45,7], [45,9], [45,8]] merged=[[45,4], [45,3], [45,6], [45,9], [45,0], [45,7], [45,2], [45,5], [45,8]] --- (Vertex7)[[w46,3], [w45,8], [w46,5], [47,8], [w45,6], [w46,7], [w46,6], [w45,9], [w45,0], [w46,9], [w45,4], [w46,2], [w45,3], [47,3], [w45,7], [w45,2], [47,0], [w45,5], [w46,4], [47,7]] weak=[[w46,3], [w45,8], [w46,5], [w45,6], [w46,7], [w46,6], [w45,9], [w45,0], [w46,9], [w45,4], [w46,2], [w45,3], [w45,7], [w45,2], [w45,5], [w46,4]] (solid_wave_vertices: 9) solid=[[45,2], [45,3], [45,6], [45,4], [45,0], [45,8], [45,9], [45,5], [45,7]] merged=[[45,4], [45,3], [45,6], [45,8], [45,9], [45,2], [45,7], [45,5], [45,0]] --- (Vertex8)[[w46,3], [w45,8], [w46,5], [47,8], [w45,6], [w46,7], [w46,6], [w45,9], [w45,0], [w46,9], [w45,4], [w46,2], [w45,3], [47,3], [w45,7], [w45,2], [47,0], [w45,5], [w46,4], [47,7]] weak=[[w46,3], [w45,8], [w46,5], [w45,6], [w46,7], [w46,6], [w45,9], [w45,0], [w46,9], [w45,4], [w46,2], [w45,3], [w45,7], [w45,2], [w45,5], [w46,4]] (solid_wave_vertices: 9) solid=[[45,2], [45,3], [45,7], [45,4], [45,5], [45,9], [45,0], [45,8], [45,6]] merged=[[45,9], [45,7], [45,4], [45,6], [45,5], [45,3], [45,2], [45,0], [45,8]]
Round 49: (Vertex0)[[w46,3], [w45,8], [w46,5], [w47,8], [w47,5], [w45,6], [w47,9], [w46,7], [w46,6], [w47,4], [w45,9], [w45,0], [w46,9], [w45,4], [w47,2], [w46,2], [w45,3], [w47,6], [w47,3], [w45,1], [w45,7], [w45,2], [w47,0], [w45,5], [w46,4], [48,7], [w47,7]] weak=[[w46,3], [w45,8], [w46,5], [w47,8], [w47,5], [w45,6], [w47,9], [w46,7], [w46,6], [w47,4], [w45,9], [w45,0], [w46,9], [w45,4], [w47,2], [w46,2], [w45,3], [w47,6], [w47,3], [w45,1], [w45,7], [w45,2], [w47,0], [w45,5], [w46,4], [w47,7]] (solid_wave_vertices: 10) solid=[[45,7], [45,4], [45,2], [45,3], [45,0], [45,1], [45,8], [45,6], [45,9], [45,5]] merged=[[49,0]] --- (Vertex1)[[w46,3], [w45,8], [w46,5], [w47,8], [w47,5], [w45,6], [w46,7], [w46,1], [w46,6], [w47,4], [w45,9], [w45,0], [w46,9], [w45,4], [w47,2], [w46,2], [w45,3], [w47,6], [w47,3], [w45,1], [w45,7], [w45,2], [w47,0], [w45,5], [w46,4], [w47,7]] weak=[[w46,3], [w45,8], [w46,5], [w47,8], [w47,5], [w45,6], [w46,7], [w46,1], [w46,6], [w47,4], [w45,9], [w45,0], [w46,9], [w45,4], [w47,2], [w46,2], [w45,3], [w47,6], [w47,3], [w45,1], [w45,7], [w45,2], [w47,0], [w45,5], [w46,4], [w47,7]] (solid_wave_vertices: 10) solid=[[45,9], [45,3], [45,6], [45,1], [45,4], [45,8], [45,5], [45,7], [45,2], [45,0]] merged=[[49,1]] --- (Vertex2)[[w46,3], [w45,8], [w46,5], [w47,8], [w47,5], [w45,6], [w46,7], [w46,6], [w47,4], [w45,9], [w45,0], [w46,9], [w45,4], [w47,2], [w46,2], [w45,3], [w47,6], [w47,3], [w45,7], [w45,2], [w47,0], [w45,5], [w46,4]] weak=[[w46,3], [w45,8], [w46,5], [w47,8], [w47,5], [w45,6], [w46,7], [w46,6], [w47,4], [w45,9], [w45,0], [w46,9], [w45,4], [w47,2], [w46,2], [w45,3], [w47,6], [w47,3], [w45,7], [w45,2], [w47,0], [w45,5], [w46,4]] (solid_wave_vertices: 9) solid=[[45,0], [45,3], [45,5], [45,8], [45,7], [45,4], [45,2], [45,9], [45,6]] merged=[[49,2]] --- (Vertex3)[[w46,3], [w45,8], [w46,5], [w47,8], [w47,5], [w45,6], [w46,7], [w46,6], [w47,4], [w45,9], [w45,0], [w46,9], [w45,4], [w47,2], [w46,2], [w45,3], [w47,6], [w47,3], [w45,7], [w45,2], [w47,0], [w45,5], [w46,4]] weak=[[w46,3], [w45,8], [w46,5], [w47,8], [w47,5], [w45,6], [w46,7], [w46,6], [w47,4], [w45,9], [w45,0], [w46,9], [w45,4], [w47,2], [w46,2], [w45,3], [w47,6], [w47,3], [w45,7], [w45,2], [w47,0], [w45,5], [w46,4]] (solid_wave_vertices: 9) solid=[[45,7], [45,8], [45,2], [45,3], [45,9], [45,5], [45,6], [45,4], [45,0]] merged=[[49,3]] --- (Vertex4)[[w46,3], [w45,8], [w46,5], [w47,8], [w47,5], [w45,6], [w46,7], [w46,6], [w47,4], [w45,9], [w45,0], [w46,9], [w45,4], [w47,2], [w46,2], [w45,3], [w47,6], [w47,3], [w45,7], [w45,2], [w47,0], [w45,5], [w46,4]] weak=[[w46,3], [w45,8], [w46,5], [w47,8], [w47,5], [w45,6], [w46,7], [w46,6], [w47,4], [w45,9], [w45,0], [w46,9], [w45,4], [w47,2], [w46,2], [w45,3], [w47,6], [w47,3], [w45,7], [w45,2], [w47,0], [w45,5], [w46,4]] (solid_wave_vertices: 9) solid=[[45,0], [45,4], [45,8], [45,2], [45,9], [45,7], [45,6], [45,3], [45,5]] merged=[[49,4]] --- (Vertex5)[[w46,3], [w45,8], [w46,5], [w47,8], [w47,5], [w45,6], [w46,7], [w46,6], [w47,4], [w45,9], [w45,0], [w46,9], [w45,4], [w47,2], [w46,2], [w45,3], [w47,6], [w47,3], [w45,7], [w45,2], [w47,0], [w45,5], [w46,4]] weak=[[w46,3], [w45,8], [w46,5], [w47,8], [w47,5], [w45,6], [w46,7], [w46,6], [w47,4], [w45,9], [w45,0], [w46,9], [w45,4], [w47,2], [w46,2], [w45,3], [w47,6], [w47,3], [w45,7], [w45,2], [w47,0], [w45,5], [w46,4]] (solid_wave_vertices: 9) solid=[[45,0], [45,4], [45,8], [45,5], [45,9], [45,7], [45,2], [45,3], [45,6]] merged=[[49,5]] --- (Vertex6)[[w46,3], [w45,8], [w46,5], [w47,8], [w47,5], [w45,6], [w46,7], [w46,6], [w47,4], [w45,9], [w45,0], [w46,9], [w45,4], [w47,2], [w46,2], [w45,3], [w47,6], [w47,3], [w45,7], [w45,2], [w47,0], [w45,5], [w46,4]] weak=[[w46,3], [w45,8], [w46,5], [w47,8], [w47,5], [w45,6], [w46,7], [w46,6], [w47,4], [w45,9], [w45,0], [w46,9], [w45,4], [w47,2], [w46,2], [w45,3], [w47,6], [w47,3], [w45,7], [w45,2], [w47,0], [w45,5], [w46,4]] (solid_wave_vertices: 9) solid=[[45,6], [45,7], [45,2], [45,4], [45,0], [45,3], [45,9], [45,8], [45,5]] merged=[[49,6]] --- (Vertex7)[[w46,3], [w45,8], [w46,5], [w47,8], [w47,5], [w45,6], [w47,9], [w46,7], [w46,1], [48,8], [w46,6], [w47,4], [w45,9], [w45,0], [w46,9], [w45,4], [w47,2], [w46,2], [w45,3], [w47,6], [w47,3], [w45,1], [w45,7], [w45,2], [w47,0], [w45,5], [w46,4], [48,7], [w47,7]] weak=[[w46,3], [w45,8], [w46,5], [w47,8], [w47,5], [w45,6], [w47,9], [w46,7], [w46,1], [w46,6], [w47,4], [w45,9], [w45,0], [w46,9], [w45,4], [w47,2], [w46,2], [w45,3], [w47,6], [w47,3], [w45,1], [w45,7], [w45,2], [w47,0], [w45,5], [w46,4], [w47,7]] (solid_wave_vertices: 10) solid=[[45,2], [45,8], [45,6], [45,9], [45,7], [45,3], [45,0], [45,1], [45,4], [45,5]] merged=[[49,7]] --- (Vertex8)[[w46,3], [w45,8], [w46,5], [w47,8], [w47,5], [w45,6], [w47,9], [w46,7], [w46,6], [w47,4], [w45,9], [w45,0], [w46,9], [w45,4], [w47,2], [w46,2], [w45,3], [w47,6], [w47,3], [w45,1], [w45,7], [w45,2], [w47,0], [w45,5], [w46,4], [48,7], [w47,7]] weak=[[w46,3], [w45,8], [w46,5], [w47,8], [w47,5], [w45,6], [w47,9], [w46,7], [w46,6], [w47,4], [w45,9], [w45,0], [w46,9], [w45,4], [w47,2], [w46,2], [w45,3], [w47,6], [w47,3], [w45,1], [w45,7], [w45,2], [w47,0], [w45,5], [w46,4], [w47,7]] (solid_wave_vertices: 10) solid=[[45,9], [45,2], [45,1], [45,7], [45,4], [45,5], [45,0], [45,3], [45,6], [45,8]] merged=[[49,8]] --- (Vertex9)[[w46,3], [w45,8], [w46,5], [w47,8], [w47,5], [w45,6], [w46,7], [w46,6], [w47,4], [w45,9], [w45,0], [w46,9], [w45,4], [w47,2], [w46,2], [w45,3], [w47,6], [w47,3], [w45,7], [w45,2], [w47,0], [w45,5], [w46,4]] weak=[[w46,3], [w45,8], [w46,5], [w47,8], [w47,5], [w45,6], [w46,7], [w46,6], [w47,4], [w45,9], [w45,0], [w46,9], [w45,4], [w47,2], [w46,2], [w45,3], [w47,6], [w47,3], [w45,7], [w45,2], [w47,0], [w45,5], [w46,4]] (solid_wave_vertices: 9) solid=[[45,6], [45,4], [45,7], [45,9], [45,3], [45,8], [45,2], [45,5], [45,0]] merged=[[49,9]]
Round 50: (Vertex1)[[49,9], [49,2], [49,3], [49,6]] (solid_wave_vertices: 4) solid=[[49,3], [49,2], [49,9], [49,6]] merged=[[49,2], [49,3], [49,6], [49,9]] --- (Vertex2)[[49,9], [49,2], [49,3], [49,6]] (solid_wave_vertices: 4) solid=[[49,3], [49,6], [49,9], [49,2]] merged=[[49,2], [49,6], [49,3], [49,9]] --- (Vertex3)[[49,9], [49,2], [49,3], [49,6]] (solid_wave_vertices: 4) solid=[[49,2], [49,3], [49,9], [49,6]] merged=[[49,3], [49,6], [49,2], [49,9]] --- (Vertex4)[[49,9], [49,2], [49,3], [49,6]] (solid_wave_vertices: 4) solid=[[49,2], [49,9], [49,6], [49,3]] merged=[[49,9], [49,3], [49,6], [49,2]] --- (Vertex5)[[49,9], [49,2], [49,3], [49,6]] (solid_wave_vertices: 4) solid=[[49,6], [49,3], [49,2], [49,9]] merged=[[49,9], [49,2], [49,6], [49,3]] --- (Vertex6)[[49,9], [49,2], [49,3], [49,6]] (solid_wave_vertices: 4) solid=[[49,9], [49,2], [49,3], [49,6]] merged=[[49,2], [49,6], [49,9], [49,3]] --- (Vertex9)[[49,9], [49,2], [49,3], [49,6]] (solid_wave_vertices: 4) solid=[[49,9], [49,6], [49,2], [49,3]] merged=[[49,9], [49,3], [49,2], [49,6]]
Round 51: (Vertex0)[[w49,9], [w49,4], [w49,8], [w49,2], [w49,3], [w49,6], [w49,5]] weak=[[w49,9], [w49,4], [w49,8], [w49,2], [w49,3], [w49,6], [w49,5]] (solid_wave_vertices: 7) solid=[[49,6], [49,3], [49,4], [49,2], [49,5], [49,9], [49,8]] merged=[[49,4], [49,5], [49,9], [49,2], [49,8], [49,3], [49,6]] --- (Vertex1)[[w49,9], [50,9], [50,4], [w49,4], [w49,8], [w49,2], [50,5], [w49,3], [w49,6], [w49,7], [w49,5], [w49,1]] weak=[[w49,9], [w49,4], [w49,8], [w49,2], [w49,3], [w49,6], [w49,7], [w49,5], [w49,1]] (solid_wave_vertices: 9) solid=[[49,6], [49,8], [49,4], [49,3], [49,1], [49,2], [49,9], [49,7], [49,5]] merged=[[49,5], [49,8], [49,9], [49,3], [49,4], [49,7], [49,1], [49,6], [49,2]] --- (Vertex2)[[w49,9], [50,9], [50,4], [w49,4], [w49,8], [w49,2], [50,5], [w49,3], [w49,6], [w49,5], [50,3], [50,2], [50,6]] weak=[[w49,9], [w49,4], [w49,8], [w49,2], [w49,3], [w49,6], [w49,5]] (solid_wave_vertices: 7) solid=[[49,2], [49,5], [49,6], [49,9], [49,4], [49,3], [49,8]] merged=[[49,8], [49,4], [49,6], [49,9], [49,3], [49,5], [49,2]] --- (Vertex3)[[w49,9], [50,9], [50,4], [w49,4], [w49,8], [w49,2], [50,5], [w49,3], [w49,6], [w49,5], [50,3], [50,2], [50,6]] weak=[[w49,9], [w49,4], [w49,8], [w49,2], [w49,3], [w49,6], [w49,5]] (solid_wave_vertices: 7) solid=[[49,8], [49,6], [49,2], [49,9], [49,5], [49,3], [49,4]] merged=[[49,6], [49,9], [49,5], [49,2], [49,3], [49,4], [49,8]] --- (Vertex4)[[w49,9], [50,9], [50,4], [w49,4], [w49,8], [w49,2], [50,5], [w49,3], [w49,6], [w49,5], [50,3], [50,2], [50,6]] weak=[[w49,9], [w49,4], [w49,8], [w49,2], [w49,3], [w49,6], [w49,5]] (solid_wave_vertices: 7) solid=[[49,4], [49,5], [49,3], [49,9], [49,2], [49,8], [49,6]] merged=[[49,3], [49,5], [49,2], [49,4], [49,6], [49,9], [49,8]] --- (Vertex5)[[w49,9], [50,9], [50,4], [w49,4], [w49,8], [w49,2], [50,5], [w49,3], [w49,6], [w49,5], [50,3], [50,2], [50,6]] weak=[[w49,9], [w49,4], [w49,8], [w49,2], [w49,3], [w49,6], [w49,5]] (solid_wave_vertices: 7) solid=[[49,5], [49,8], [49,3], [49,9], [49,6], [49,2], [49,4]] merged=[[49,8], [49,3], [49,4], [49,9], [49,6], [49,5], [49,2]] --- (Vertex6)[[w49,9], [50,9], [50,4], [w49,4], [w49,8], [w49,2], [50,5], [w49,3], [w49,6], [w49,5], [50,3], [50,2], [50,6]] weak=[[w49,9], [w49,4], [w49,8], [w49,2], [w49,3], [w49,6], [w49,5]] (solid_wave_vertices: 7) solid=[[49,6], [49,8], [49,9], [49,5], [49,4], [49,2], [49,3]] merged=[[49,4], [49,2], [49,9], [49,3], [49,5], [49,8], [49,6]] --- (Vertex7)[[w49,9], [50,4], [w49,4], [w49,8], [w49,2], [w49,3], [w49,6], [w49,7], [w49,5], [50,3], [w49,0]] weak=[[w49,9], [w49,4], [w49,8], [w49,2], [w49,3], [w49,6], [w49,7], [w49,5], [w49,0]] (solid_wave_vertices: 9) solid=[[49,8], [49,0], [49,9], [49,2], [49,4], [49,6], [49,3], [49,7], [49,5]] merged=[[49,7], [49,8], [49,5], [49,4], [49,0], [49,2], [49,6], [49,9], [49,3]] --- (Vertex8)[[w49,9], [w49,4], [w49,8], [w49,2], [w49,3], [w49,6], [w49,5]] weak=[[w49,9], [w49,4], [w49,8], [w49,2], [w49,3], [w49,6], [w49,5]] (solid_wave_vertices: 7) solid=[[49,6], [49,8], [49,4], [49,5], [49,9], [49,3], [49,2]] merged=[[49,2], [49,9], [49,5], [49,4], [49,6], [49,8], [49,3]] --- (Vertex9)[[w49,9], [50,9], [50,4], [w49,4], [w49,8], [w49,2], [50,5], [w49,3], [w49,6], [w49,5], [50,3], [50,2], [50,6]] weak=[[w49,9], [w49,4], [w49,8], [w49,2], [w49,3], [w49,6], [w49,5]] (solid_wave_vertices: 7) solid=[[49,2], [49,9], [49,8], [49,4], [49,5], [49,3], [49,6]] merged=[[49,5], [49,4], [49,3], [49,9], [49,6], [49,2], [49,8]]
Round 52: (Vertex0)[[w49,9], [w50,9], [w50,4], [w49,4], [w49,8], [w49,2], [51,8], [w50,5], [w49,3], [51,0], [w49,6], [w49,7], [w49,5], [w49,1], [w50,3], [w50,2], [51,3], [w49,0], [51,6], [w50,6]] weak=[[w49,9], [w50,9], [w50,4], [w49,4], [w49,8], [w49,2], [w50,5], [w49,3], [w49,6], [w49,7], [w49,5], [w49,1], [w50,3], [w50,2], [w49,0], [w50,6]] (solid_wave_vertices: 10) solid=[[49,0], [49,8], [49,5], [49,9], [49,1], [49,7], [49,2], [49,4], [49,3], [49,6]] merged=[[49,9], [49,5], [49,8], [49,7], [49,4], [49,0], [49,3], [49,1], [49,6], [49,2]] --- (Vertex1)[[w49,9], [w50,9], [w50,4], [w49,4], [w49,8], [w49,2], [51,8], [w50,5], [w49,3], [51,0], [w49,6], [51,7], [w49,7], [w49,5], [w49,1], [w50,3], [51,9], [w50,2], [w49,0], [w50,6], [w50,1]] weak=[[w49,9], [w50,9], [w50,4], [w49,4], [w49,8], [w49,2], [w50,5], [w49,3], [w49,6], [w49,7], [w49,5], [w49,1], [w50,3], [w50,2], [w49,0], [w50,6], [w50,1]] (solid_wave_vertices: 10) solid=[[49,5], [49,1], [49,9], [49,2], [49,8], [49,4], [49,3], [49,0], [49,7], [49,6]] merged=[[49,1], [49,2], [49,3], [49,5], [49,8], [49,9], [49,0], [49,6], [49,7], [49,4]] --- (Vertex2)[[w49,9], [51,5], [w50,9], [w50,4], [w49,4], [w49,8], [51,2], [w49,2], [w50,5], [51,4], [w49,3], [w49,6], [w49,7], [w49,5], [w50,3], [51,9], [w50,2], [51,3], [w49,0], [51,6], [w50,6]] weak=[[w49,9], [w50,9], [w50,4], [w49,4], [w49,8], [w49,2], [w50,5], [w49,3], [w49,6], [w49,7], [w49,5], [w50,3], [w50,2], [w49,0], [w50,6]] (solid_wave_vertices: 9) solid=[[49,6], [49,7], [49,0], [49,5], [49,2], [49,9], [49,4], [49,8], [49,3]] merged=[[49,8], [49,3], [49,6], [49,5], [49,0], [49,4], [49,7], [49,9], [49,2]] --- (Vertex7)[[w49,9], [w50,9], [w50,4], [w49,4], [w49,8], [w49,2], [51,8], [w50,5], [51,4], [w49,3], [51,0], [w49,6], [51,7], [w49,7], [w49,5], [w49,1], [w50,3], [w50,2], [51,3], [w49,0], [51,6], [w50,6]] weak=[[w49,9], [w50,9], [w50,4], [w49,4], [w49,8], [w49,2], [w50,5], [w49,3], [w49,6], [w49,7], [w49,5], [w49,1], [w50,3], [w50,2], [w49,0], [w50,6]] (solid_wave_vertices: 10) solid=[[49,6], [49,7], [49,5], [49,3], [49,0], [49,8], [49,1], [49,4], [49,2], [49,9]] merged=[[49,2], [49,6], [49,5], [49,1], [49,3], [49,4], [49,0], [49,9], [49,7], [49,8]] --- (Vertex8)[[w49,9], [w50,9], [w50,4], [w49,4], [w49,8], [w49,2], [51,8], [w50,5], [w49,3], [51,0], [w49,6], [51,7], [w49,7], [w49,5], [w49,1], [w50,3], [w50,2], [51,3], [w49,0], [w50,6]] weak=[[w49,9], [w50,9], [w50,4], [w49,4], [w49,8], [w49,2], [w50,5], [w49,3], [w49,6], [w49,7], [w49,5], [w49,1], [w50,3], [w50,2], [w49,0], [w50,6]] (solid_wave_vertices: 10) solid=[[49,7], [49,2], [49,1], [49,9], [49,4], [49,5], [49,6], [49,3], [49,0], [49,8]] merged=[[49,0], [49,5], [49,8], [49,3], [49,6], [49,4], [49,2], [49,7], [49,1], [49,9]]
Round 53: (Vertex0)[[w49,9], [w51,5], [w50,9], [w50,4], [w49,4], [w49,8], [w51,2], [w49,2], [w51,8], [w50,5], [w51,4], [w49,3], [w51,0], [w49,6], [w51,7], [w49,7], [w49,5], [w49,1], [w50,3], [w51,9], [w50,2], [w51,3], [w49,0], [w51,6], [w50,6], [w50,1]] weak=[[w49,9], [w51,5], [w50,9], [w50,4], [w49,4], [w49,8], [w51,2], [w49,2], [w51,8], [w50,5], [w51,4], [w49,3], [w51,0], [w49,6], [w51,7], [w49,7], [w49,5], [w49,1], [w50,3], [w51,9], [w50,2], [w51,3], [w49,0], [w51,6], [w50,6], [w50,1]] (solid_wave_vertices: 10) solid=[[49,3], [49,8], [49,5], [49,0], [49,4], [49,2], [49,1], [49,9], [49,7], [49,6]] merged=[[53,0]] --- (Vertex1)[[w49,9], [w51,5], [w50,9], [w50,4], [w49,4], [w49,8], [w51,2], [w49,2], [w51,8], [w50,5], [w51,4], [w49,3], [w51,0], [w49,6], [w51,7], [w49,7], [w49,5], [w49,1], [w50,3], [w51,9], [w50,2], [w51,3], [52,0], [w49,0], [w51,6], [52,7], [w50,6], [w50,1]] weak=[[w49,9], [w51,5], [w50,9], [w50,4], [w49,4], [w49,8], [w51,2], [w49,2], [w51,8], [w50,5], [w51,4], [w49,3], [w51,0], [w49,6], [w51,7], [w49,7], [w49,5], [w49,1], [w50,3], [w51,9], [w50,2], [w51,3], [w49,0], [w51,6], [w50,6], [w50,1]] (solid_wave_vertices: 10) solid=[[49,6], [49,7], [49,0], [49,3], [49,5], [49,8], [49,4], [49,1], [49,2], [49,9]] merged=[[53,1]] --- (Vertex3)[[w49,9], [w51,5], [w50,9], [w50,4], [w49,4], [w49,8], [w51,2], [w49,2], [w50,5], [w51,4], [w49,3], [w51,0], [w49,6], [w49,7], [w49,5], [w50,3], [w51,9], [w50,2], [w51,3], [w49,0], [w51,6], [w50,6]] weak=[[w49,9], [w51,5], [w50,9], [w50,4], [w49,4], [w49,8], [w51,2], [w49,2], [w50,5], [w51,4], [w49,3], [w51,0], [w49,6], [w49,7], [w49,5], [w50,3], [w51,9], [w50,2], [w51,3], [w49,0], [w51,6], [w50,6]] (solid_wave_vertices: 9) solid=[[49,8], [49,7], [49,6], [49,3], [49,0], [49,2], [49,5], [49,9], [49,4]] merged=[[53,3]] --- (Vertex4)[[w49,9], [w51,5], [w50,9], [w50,4], [w49,4], [w49,8], [w51,2], [w49,2], [w50,5], [w51,4], [w49,3], [w51,0], [w49,6], [w49,7], [w49,5], [w50,3], [w51,9], [w50,2], [w51,3], [w49,0], [w51,6], [w50,6]] weak=[[w49,9], [w51,5], [w50,9], [w50,4], [w49,4], [w49,8], [w51,2], [w49,2], [w50,5], [w51,4], [w49,3], [w51,0], [w49,6], [w49,7], [w49,5], [w50,3], [w51,9], [w50,2], [w51,3], [w49,0], [w51,6], [w50,6]] (solid_wave_vertices: 9) solid=[[49,3], [49,9], [49,0], [49,2], [49,5], [49,6], [49,7], [49,4], [49,8]] merged=[[53,4]] --- (Vertex5)[[w49,9], [w51,5], [w50,9], [w50,4], [w49,4], [w49,8], [w51,2], [w49,2], [w50,5], [w51,4], [w49,3], [w51,0], [w49,6], [w49,7], [w49,5], [w50,3], [w51,9], [w50,2], [w51,3], [w49,0], [w51,6], [w50,6]] weak=[[w49,9], [w51,5], [w50,9], [w50,4], [w49,4], [w49,8], [w51,2], [w49,2], [w50,5], [w51,4], [w49,3], [w51,0], [w49,6], [w49,7], [w49,5], [w50,3], [w51,9], [w50,2], [w51,3], [w49,0], [w51,6], [w50,6]] (solid_wave_vertices: 9) solid=[[49,4], [49,2], [49,7], [49,0], [49,3], [49,8], [49,6], [49,9], [49,5]] merged=[[53,5]] --- (Vertex6)[[w49,9], [w51,5], [w50,9], [w50,4], [w49,4], [w49,8], [w51,2], [w49,2], [w50,5], [w51,4], [w49,3], [w51,0], [w49,6], [w49,7], [w49,5], [w50,3], [w51,9], [w50,2], [w51,3], [w49,0], [w51,6], [w50,6]] weak=[[w49,9], [w51,5], [w50,9], [w50,4], [w49,4], [w49,8], [w51,2], [w49,2], [w50,5], [w51,4], [w49,3], [w51,0], [w49,6], [w49,7], [w49,5], [w50,3], [w51,9], [w50,2], [w51,3], [w49,0], [w51,6], [w50,6]] (solid_wave_vertices: 9) solid=[[49,0], [49,2], [49,3], [49,6], [49,8], [49,4], [49,5], [49,9], [49,7]] merged=[[53,6]] --- (Vertex7)[[w49,9], [w51,5], [w50,9], [w50,4], [w49,4], [w49,8], [w51,2], [w49,2], [w51,8], [w50,5], [w51,4], [w49,3], [w51,0], [w49,6], [w51,7], [w49,7], [w49,5], [w49,1], [w50,3], [w51,9], [w50,2], [w51,3], [w49,0], [w51,6], [52,7], [w50,6], [w50,1]] weak=[[w49,9], [w51,5], [w50,9], [w50,4], [w49,4], [w49,8], [w51,2], [w49,2], [w51,8], [w50,5], [w51,4], [w49,3], [w51,0], [w49,6], [w51,7], [w49,7], [w49,5], [w49,1], [w50,3], [w51,9], [w50,2], [w51,3], [w49,0], [w51,6], [w50,6], [w50,1]] (solid_wave_vertices: 10) solid=[[49,5], [49,0], [49,7], [49,4], [49,8], [49,1], [49,9], [49,6], [49,2], [49,3]] merged=[[53,7]] --- (Vertex8)[[w49,9], [w51,5], [w50,9], [w50,4], [w49,4], [w49,8], [w51,2], [w49,2], [w51,8], [w50,5], [w51,4], [w49,3], [w51,0], [w49,6], [w51,7], [w49,7], [w49,5], [w49,1], [w50,3], [w51,9], [w50,2], [w51,3], [w49,0], [w51,6], [52,7], [w50,6], [w50,1]] weak=[[w49,9], [w51,5], [w50,9], [w50,4], [w49,4], [w49,8], [w51,2], [w49,2], [w51,8], [w50,5], [w51,4], [w49,3], [w51,0], [w49,6], [w51,7], [w49,7], [w49,5], [w49,1], [w50,3], [w51,9], [w50,2], [w51,3], [w49,0], [w51,6], [w50,6], [w50,1]] (solid_wave_vertices: 10) solid=[[49,7], [49,4], [49,5], [49,6], [49,2], [49,0], [49,9], [49,3], [49,1], [49,8]] merged=[[53,8]] --- (Vertex9)[[w49,9], [w51,5], [w50,9], [w50,4], [w49,4], [w49,8], [w51,2], [w49,2], [w50,5], [w51,4], [w49,3], [w51,0], [w49,6], [w49,7], [w49,5], [w50,3], [w51,9], [w50,2], [w51,3], [w49,0], [w51,6], [w50,6]] weak=[[w49,9], [w51,5], [w50,9], [w50,4], [w49,4], [w49,8], [w51,2], [w49,2], [w50,5], [w51,4], [w49,3], [w51,0], [w49,6], [w49,7], [w49,5], [w50,3], [w51,9], [w50,2], [w51,3], [w49,0], [w51,6], [w50,6]] (solid_wave_vertices: 9) solid=[[49,4], [49,9], [49,6], [49,7], [49,5], [49,0], [49,8], [49,2], [49,3]] merged=[[53,9]]
Round 54: (Vertex2)[[53,9], [53,5], [53,3], [53,4]] (solid_wave_vertices: 4) solid=[[53,3], [53,9], [53,5], [53,4]] merged=[[53,3], [53,9], [53,4], [53,5]] --- (Vertex3)[[53,9], [53,5], [53,3], [53,4]] (solid_wave_vertices: 4) solid=[[53,4], [53,9], [53,3], [53,5]] merged=[[53,5], [53,9], [53,3], [53,4]] --- (Vertex4)[[53,9], [53,5], [53,3], [53,4]] (solid_wave_vertices: 4) solid=[[53,3], [53,4], [53,9], [53,5]] merged=[[53,4], [53,5], [53,3], [53,9]] --- (Vertex5)[[53,9], [53,5], [53,3], [53,4]] (solid_wave_vertices: 4) solid=[[53,3], [53,9], [53,5], [53,4]] merged=[[53,9], [53,3], [53,4], [53,5]] --- (Vertex6)[[53,9], [53,5], [53,3], [53,4]] (solid_wave_vertices: 4) solid=[[53,9], [53,4], [53,3], [53,5]] merged=[[53,3], [53,9], [53,5], [53,4]] --- (Vertex9)[[53,9], [53,5], [53,3], [53,4]] (solid_wave_vertices: 4) solid=[[53,9], [53,3], [53,4], [53,5]] merged=[[53,4], [53,9], [53,5], [53,3]]
Round 55: (Vertex0)[[w53,9], [w53,5], [w53,0], [w53,3], [w53,6], [w53,8], [w53,4]] weak=[[w53,9], [w53,5], [w53,0], [w53,3], [w53,6], [w53,8], [w53,4]] (solid_wave_vertices: 7) solid=[[53,3], [53,6], [53,5], [53,8], [53,0], [53,9], [53,4]] merged=[[53,6], [53,8], [53,0], [53,4], [53,5], [53,9], [53,3]] --- (Vertex1)[[w53,9], [w53,5], [w53,7], [w53,0], [w53,3], [w53,6], [w53,8], [w53,4]] weak=[[w53,9], [w53,5], [w53,7], [w53,0], [w53,3], [w53,6], [w53,8], [w53,4]] (solid_wave_vertices: 8) solid=[[53,0], [53,7], [53,5], [53,6], [53,9], [53,3], [53,8], [53,4]] merged=[[53,6], [53,8], [53,0], [53,9], [53,5], [53,7], [53,4], [53,3]] --- (Vertex2)[[w53,9], [54,9], [54,5], [54,2], [w53,5], [54,6], [w53,7], [w53,0], [w53,3], [w53,6], [w53,8], [w53,2], [54,4], [w53,4], [54,3]] weak=[[w53,9], [w53,5], [w53,7], [w53,0], [w53,3], [w53,6], [w53,8], [w53,2], [w53,4]] (solid_wave_vertices: 9) solid=[[53,9], [53,8], [53,2], [53,7], [53,6], [53,0], [53,5], [53,3], [53,4]] merged=[[53,4], [53,6], [53,3], [53,5], [53,2], [53,7], [53,8], [53,9], [53,0]] --- (Vertex3)[[w53,9], [54,9], [54,5], [54,2], [w53,5], [54,6], [w53,0], [w53,3], [w53,6], [w53,8], [54,4], [w53,4], [54,3]] weak=[[w53,9], [w53,5], [w53,0], [w53,3], [w53,6], [w53,8], [w53,4]] (solid_wave_vertices: 7) solid=[[53,4], [53,6], [53,3], [53,8], [53,9], [53,0], [53,5]] merged=[[53,0], [53,4], [53,3], [53,9], [53,8], [53,5], [53,6]] --- (Vertex4)[[w53,9], [54,9], [54,5], [54,2], [w53,5], [54,6], [w53,0], [w53,3], [w53,6], [w53,8], [54,4], [w53,4], [54,3]] weak=[[w53,9], [w53,5], [w53,0], [w53,3], [w53,6], [w53,8], [w53,4]] (solid_wave_vertices: 7) solid=[[53,5], [53,6], [53,0], [53,3], [53,4], [53,8], [53,9]] merged=[[53,8], [53,9], [53,6], [53,0], [53,3], [53,4], [53,5]] --- (Vertex5)[[w53,9], [54,9], [54,5], [54,2], [w53,5], [54,6], [w53,0], [w53,3], [w53,6], [w53,8], [54,4], [w53,4], [54,3]] weak=[[w53,9], [w53,5], [w53,0], [w53,3], [w53,6], [w53,8], [w53,4]] (solid_wave_vertices: 7) solid=[[53,9], [53,5], [53,8], [53,0], [53,6], [53,3], [53,4]] merged=[[53,4], [53,3], [53,5], [53,8], [53,0], [53,6], [53,9]] --- (Vertex6)[[w53,9], [54,9], [54,5], [54,2], [w53,5], [54,6], [w53,0], [w53,3], [w53,6], [w53,8], [54,4], [w53,4], [54,3]] weak=[[w53,9], [w53,5], [w53,0], [w53,3], [w53,6], [w53,8], [w53,4]] (solid_wave_vertices: 7) solid=[[53,8], [53,6], [53,0], [53,5], [53,9], [53,4], [53,3]] merged=[[53,8], [53,4], [53,9], [53,5], [53,0], [53,3], [53,6]] --- (Vertex7)[[w53,9], [w53,5], [w53,7], [w53,0], [w53,3], [w53,6], [w53,8], [w53,4]] weak=[[w53,9], [w53,5], [w53,7], [w53,0], [w53,3], [w53,6], [w53,8], [w53,4]] (solid_wave_vertices: 8) solid=[[53,6], [53,0], [53,3], [53,4], [53,8], [53,9], [53,5], [53,7]] merged=[[53,4], [53,8], [53,7], [53,0], [53,9], [53,3], [53,5], [53,6]] --- (Vertex8)[[w53,9], [w53,5], [w53,0], [w53,3], [w53,6], [w53,8], [w53,4]] weak=[[w53,9], [w53,5], [w53,0], [w53,3], [w53,6], [w53,8], [w53,4]] (solid_wave_vertices: 7) solid=[[53,4], [53,9], [53,3], [53,5], [53,6], [53,8], [53,0]] merged=[[53,8], [53,5], [53,4], [53,3], [53,0], [53,9], [53,6]] --- (Vertex9)[[w53,9], [54,9], [54,5], [54,2], [w53,5], [54,6], [w53,0], [w53,3], [w53,6], [w53,8], [54,4], [w53,4], [54,3]] weak=[[w53,9], [w53,5], [w53,0], [w53,3], [w53,6], [w53,8], [w53,4]] (solid_wave_vertices: 7) solid=[[53,6], [53,0], [53,8], [53,5], [53,4], [53,3], [53,9]] merged=[[53,8], [53,9], [53,5], [53,4], [53,0], [53,3], [53,6]]
Round 56: (Vertex0)[[w53,9], [w54,9], [w54,5], [w54,2], [55,8], [w53,5], [w54,6], [55,7], [w53,7], [w53,0], [w53,3], [55,3], [w53,6], [w53,8], [w54,4], [w53,4], [55,0], [w54,3]] weak=[[w53,9], [w54,9], [w54,5], [w54,2], [w53,5], [w54,6], [w53,7], [w53,0], [w53,3], [w53,6], [w53,8], [w54,4], [w53,4], [w54,3]] (solid_wave_vertices: 8) solid=[[53,5], [53,3], [53,9], [53,8], [53,7], [53,4], [53,6], [53,0]] merged=[[53,4], [53,0], [53,7], [53,3], [53,6], [53,5], [53,9], [53,8]] --- (Vertex1)[[w53,9], [w54,9], [w54,5], [w54,2], [w53,1], [55,8], [w53,5], [w54,6], [55,7], [w53,7], [w53,0], [w53,3], [w53,6], [w53,8], [w54,4], [w53,4], [55,0], [55,5], [w54,3]] weak=[[w53,9], [w54,9], [w54,5], [w54,2], [w53,1], [w53,5], [w54,6], [w53,7], [w53,0], [w53,3], [w53,6], [w53,8], [w54,4], [w53,4], [w54,3]] (solid_wave_vertices: 9) solid=[[53,3], [53,0], [53,6], [53,7], [53,1], [53,5], [53,9], [53,8], [53,4]] merged=[[53,6], [53,8], [53,7], [53,0], [53,1], [53,3], [53,4], [53,5], [53,9]] --- (Vertex2)[[w53,9], [w54,9], [w54,5], [w54,2], [w53,5], [w54,6], [55,6], [w53,7], [55,4], [w53,0], [w53,3], [55,3], [w53,6], [55,9], [w53,8], [w54,4], [w53,4], [w54,3]] weak=[[w53,9], [w54,9], [w54,5], [w54,2], [w53,5], [w54,6], [w53,7], [w53,0], [w53,3], [w53,6], [w53,8], [w54,4], [w53,4], [w54,3]] (solid_wave_vertices: 8) solid=[[53,5], [53,3], [53,9], [53,0], [53,7], [53,6], [53,8], [53,4]] merged=[[53,8], [53,3], [53,4], [53,9], [53,0], [53,5], [53,7], [53,6]] --- (Vertex3)[[w53,9], [w54,9], [w54,5], [w54,2], [w53,5], [w54,6], [55,6], [w53,7], [55,4], [w53,0], [w53,3], [55,3], [w53,6], [55,9], [w53,8], [w53,2], [w54,4], [w53,4], [55,5], [w54,3]] weak=[[w53,9], [w54,9], [w54,5], [w54,2], [w53,5], [w54,6], [w53,7], [w53,0], [w53,3], [w53,6], [w53,8], [w53,2], [w54,4], [w53,4], [w54,3]] (solid_wave_vertices: 9) solid=[[53,6], [53,2], [53,8], [53,0], [53,3], [53,5], [53,7], [53,4], [53,9]] merged=[[53,5], [53,8], [53,6], [53,2], [53,9], [53,4], [53,0], [53,7], [53,3]] --- (Vertex4)[[w53,9], [w54,9], [w54,5], [w54,2], [w53,5], [w54,6], [55,6], [w53,7], [55,4], [w53,0], [w53,3], [55,3], [w53,6], [55,9], [w53,8], [w53,2], [w54,4], [w53,4], [55,5], [w54,3]] weak=[[w53,9], [w54,9], [w54,5], [w54,2], [w53,5], [w54,6], [w53,7], [w53,0], [w53,3], [w53,6], [w53,8], [w53,2], [w54,4], [w53,4], [w54,3]] (solid_wave_vertices: 9) solid=[[53,8], [53,5], [53,4], [53,7], [53,3], [53,0], [53,2], [53,9], [53,6]] merged=[[53,6], [53,3], [53,8], [53,0], [53,5], [53,9], [53,2], [53,4], [53,7]] --- (Vertex5)[[w53,9], [w54,9], [w54,5], [w54,2], [w53,5], [w54,6], [55,6], [w53,7], [55,4], [w53,0], [w53,3], [55,3], [w53,6], [55,9], [w53,8], [w53,2], [w54,4], [w53,4], [55,5], [w54,3]] weak=[[w53,9], [w54,9], [w54,5], [w54,2], [w53,5], [w54,6], [w53,7], [w53,0], [w53,3], [w53,6], [w53,8], [w53,2], [w54,4], [w53,4], [w54,3]] (solid_wave_vertices: 9) solid=[[53,0], [53,9], [53,7], [53,6], [53,5], [53,8], [53,3], [53,4], [53,2]] merged=[[53,5], [53,6], [53,9], [53,4], [53,2], [53,8], [53,3], [53,0], [53,7]] --- (Vertex6)[[w53,9], [w54,9], [w54,5], [w54,2], [w53,5], [w54,6], [55,6], [w53,7], [55,4], [w53,0], [w53,3], [55,3], [w53,6], [55,9], [w53,8], [w53,2], [w54,4], [w53,4], [55,5], [w54,3]] weak=[[w53,9], [w54,9], [w54,5], [w54,2], [w53,5], [w54,6], [w53,7], [w53,0], [w53,3], [w53,6], [w53,8], [w53,2], [w54,4], [w53,4], [w54,3]] (solid_wave_vertices: 9) solid=[[53,9], [53,3], [53,0], [53,4], [53,6], [53,5], [53,7], [53,2], [53,8]] merged=[[53,4], [53,2], [53,7], [53,6], [53,3], [53,5], [53,9], [53,0], [53,8]] --- (Vertex7)[[w53,9], [w54,9], [w54,5], [w54,2], [55,8], [w53,5], [w54,6], [55,7], [w53,7], [w53,0], [w53,3], [55,3], [w53,6], [w53,8], [w54,4], [w53,4], [55,0], [w54,3]] weak=[[w53,9], [w54,9], [w54,5], [w54,2], [w53,5], [w54,6], [w53,7], [w53,0], [w53,3], [w53,6], [w53,8], [w54,4], [w53,4], [w54,3]] (solid_wave_vertices: 8) solid=[[53,0], [53,3], [53,4], [53,9], [53,6], [53,7], [53,8], [53,5]] merged=[[53,6], [53,7], [53,8], [53,5], [53,3], [53,9], [53,4], [53,0]] --- (Vertex8)[[w53,9], [w54,9], [w54,5], [w54,2], [55,8], [w53,5], [w54,6], [55,7], [w53,7], [w53,0], [w53,3], [55,3], [w53,6], [w53,8], [w54,4], [w53,4], [55,0], [w54,3]] weak=[[w53,9], [w54,9], [w54,5], [w54,2], [w53,5], [w54,6], [w53,7], [w53,0], [w53,3], [w53,6], [w53,8], [w54,4], [w53,4], [w54,3]] (solid_wave_vertices: 8) solid=[[53,3], [53,5], [53,4], [53,0], [53,9], [53,8], [53,6], [53,7]] merged=[[53,5], [53,9], [53,3], [53,0], [53,7], [53,4], [53,8], [53,6]] --- (Vertex9)[[w53,9], [w54,9], [w54,5], [w54,2], [w53,5], [w54,6], [55,6], [w53,7], [55,4], [w53,0], [w53,3], [55,3], [w53,6], [55,9], [w53,8], [w53,2], [w54,4], [w53,4], [55,5], [w54,3]] weak=[[w53,9], [w54,9], [w54,5], [w54,2], [w53,5], [w54,6], [w53,7], [w53,0], [w53,3], [w53,6], [w53,8], [w53,2], [w54,4], [w53,4], [w54,3]] (solid_wave_vertices: 9) solid=[[53,0], [53,6], [53,2], [53,3], [53,4], [53,5], [53,9], [53,7], [53,8]] merged=[[53,5], [53,9], [53,8], [53,2], [53,6], [53,3], [53,7], [53,4], [53,0]]
Round 57: (Vertex0)[[w53,9], [w54,9], [w54,5], [w54,2], [w53,1], [w55,8], [w53,5], [w54,6], [w55,7], [w55,6], [w53,7], [w55,4], [w53,0], [w53,3], [w55,3], [w53,6], [w55,9], [w53,8], [w53,2], [w54,4], [w53,4], [w55,0], [w55,5], [w54,3]] weak=[[w53,9], [w54,9], [w54,5], [w54,2], [w53,1], [w55,8], [w53,5], [w54,6], [w55,7], [w55,6], [w53,7], [w55,4], [w53,0], [w53,3], [w55,3], [w53,6], [w55,9], [w53,8], [w53,2], [w54,4], [w53,4], [w55,0], [w55,5], [w54,3]] (solid_wave_vertices: 10) solid=[[53,8], [53,6], [53,9], [53,0], [53,1], [53,3], [53,4], [53,2], [53,7], [53,5]] merged=[[57,0]] --- (Vertex1)[[56,5], [w53,9], [56,2], [w54,9], [w55,1], [w54,5], [w54,2], [56,7], [w53,1], [w55,8], [w53,5], [w54,6], [w55,7], [w55,6], [56,0], [w53,7], [w55,4], [w53,0], [w53,3], [w55,3], [w53,6], [w55,9], [w53,8], [w53,2], [w54,4], [w53,4], [w55,0], [w55,5], [w54,3]] weak=[[w53,9], [w54,9], [w55,1], [w54,5], [w54,2], [w53,1], [w55,8], [w53,5], [w54,6], [w55,7], [w55,6], [w53,7], [w55,4], [w53,0], [w53,3], [w55,3], [w53,6], [w55,9], [w53,8], [w53,2], [w54,4], [w53,4], [w55,0], [w55,5], [w54,3]] (solid_wave_vertices: 10) solid=[[53,3], [53,7], [53,4], [53,2], [53,6], [53,5], [53,1], [53,9], [53,0], [53,8]] merged=[[57,1]] --- (Vertex2)[[w55,2], [56,5], [56,3], [w53,9], [56,2], [w54,9], [w54,5], [56,9], [w54,2], [56,7], [w53,1], [w55,8], [w53,5], [w54,6], [w55,7], [w55,6], [56,0], [w53,7], [w55,4], [w53,0], [w53,3], [w55,3], [56,4], [w53,6], [w55,9], [w53,8], [w53,2], [w54,4], [56,6], [w53,4], [w55,0], [56,8], [w55,5], [w54,3]] weak=[[w55,2], [w53,9], [w54,9], [w54,5], [w54,2], [w53,1], [w55,8], [w53,5], [w54,6], [w55,7], [w55,6], [w53,7], [w55,4], [w53,0], [w53,3], [w55,3], [w53,6], [w55,9], [w53,8], [w53,2], [w54,4], [w53,4], [w55,0], [w55,5], [w54,3]] (solid_wave_vertices: 10) solid=[[53,4], [53,9], [53,2], [53,0], [53,7], [53,1], [53,6], [53,3], [53,8], [53,5]] merged=[[57,2]] --- (Vertex3)[[56,5], [56,3], [w53,9], [56,2], [w54,9], [w54,5], [56,9], [w54,2], [w53,1], [w55,8], [w53,5], [w54,6], [w55,7], [w55,6], [w53,7], [w55,4], [w53,0], [w53,3], [w55,3], [56,4], [w53,6], [w55,9], [w53,8], [w53,2], [w54,4], [56,6], [w53,4], [w55,0], [w55,5], [w54,3]] weak=[[w53,9], [w54,9], [w54,5], [w54,2], [w53,1], [w55,8], [w53,5], [w54,6], [w55,7], [w55,6], [w53,7], [w55,4], [w53,0], [w53,3], [w55,3], [w53,6], [w55,9], [w53,8], [w53,2], [w54,4], [w53,4], [w55,0], [w55,5], [w54,3]] (solid_wave_vertices: 10) solid=[[53,4], [53,2], [53,7], [53,8], [53,1], [53,9], [53,5], [53,0], [53,6], [53,3]] merged=[[57,3]] --- (Vertex4)[[56,5], [56,3], [w53,9], [56,2], [w54,9], [w54,5], [56,9], [w54,2], [w55,8], [w53,5], [w54,6], [w55,7], [w55,6], [w53,7], [w55,4], [w53,0], [w53,3], [w55,3], [56,4], [w53,6], [w55,9], [w53,8], [w53,2], [w54,4], [56,6], [w53,4], [w55,0], [w55,5], [w54,3]] weak=[[w53,9], [w54,9], [w54,5], [w54,2], [w55,8], [w53,5], [w54,6], [w55,7], [w55,6], [w53,7], [w55,4], [w53,0], [w53,3], [w55,3], [w53,6], [w55,9], [w53,8], [w53,2], [w54,4], [w53,4], [w55,0], [w55,5], [w54,3]] (solid_wave_vertices: 9) solid=[[53,8], [53,3], [53,5], [53,4], [53,6], [53,0], [53,2], [53,9], [53,7]] merged=[[57,4]] --- (Vertex5)[[56,5], [56,3], [w53,9], [56,2], [w54,9], [w54,5], [56,9], [w54,2], [w55,8], [w53,5], [w54,6], [w55,7], [w55,6], [w53,7], [w55,4], [w53,0], [w53,3], [w55,3], [56,4], [w53,6], [w55,9], [w53,8], [w53,2], [w54,4], [56,6], [w53,4], [w55,0], [w55,5], [w54,3]] weak=[[w53,9], [w54,9], [w54,5], [w54,2], [w55,8], [w53,5], [w54,6], [w55,7], [w55,6], [w53,7], [w55,4], [w53,0], [w53,3], [w55,3], [w53,6], [w55,9], [w53,8], [w53,2], [w54,4], [w53,4], [w55,0], [w55,5], [w54,3]] (solid_wave_vertices: 9) solid=[[53,3], [53,8], [53,2], [53,6], [53,5], [53,7], [53,4], [53,0], [53,9]] merged=[[57,5]] --- (Vertex6)[[56,5], [56,3], [w53,9], [56,2], [w54,9], [w54,5], [56,9], [w54,2], [w53,1], [w55,8], [w53,5], [w54,6], [w55,7], [w55,6], [w53,7], [w55,4], [w53,0], [w53,3], [w55,3], [56,4], [w53,6], [w55,9], [w53,8], [w53,2], [w54,4], [56,6], [w53,4], [w55,0], [w55,5], [w54,3]] weak=[[w53,9], [w54,9], [w54,5], [w54,2], [w53,1], [w55,8], [w53,5], [w54,6], [w55,7], [w55,6], [w53,7], [w55,4], [w53,0], [w53,3], [w55,3], [w53,6], [w55,9], [w53,8], [w53,2], [w54,4], [w53,4], [w55,0], [w55,5], [w54,3]] (solid_wave_vertices: 10) solid=[[53,2], [53,4], [53,1], [53,9], [53,8], [53,7], [53,3], [53,5], [53,6], [53,0]] merged=[[57,6]] --- (Vertex7)[[w53,9], [56,2], [w54,9], [w54,5], [w54,2], [56,7], [w53,1], [w55,8], [w53,5], [w54,6], [w55,7], [w55,6], [w53,7], [w55,4], [w53,0], [w53,3], [w55,3], [w53,6], [w55,9], [w53,8], [w53,2], [w54,4], [w53,4], [w55,0], [w55,5], [w54,3]] weak=[[w53,9], [w54,9], [w54,5], [w54,2], [w53,1], [w55,8], [w53,5], [w54,6], [w55,7], [w55,6], [w53,7], [w55,4], [w53,0], [w53,3], [w55,3], [w53,6], [w55,9], [w53,8], [w53,2], [w54,4], [w53,4], [w55,0], [w55,5], [w54,3]] (solid_wave_vertices: 10) solid=[[53,4], [53,9], [53,5], [53,2], [53,7], [53,0], [53,6], [53,1], [53,3], [53,8]] merged=[[57,7]] --- (Vertex8)[[w53,9], [w54,9], [w54,5], [w54,2], [w53,1], [w55,8], [w53,5], [w54,6], [w55,7], [w55,6], [w53,7], [w55,4], [w53,0], [w53,3], [w55,3], [w53,6], [w55,9], [w53,8], [w53,2], [w54,4], [w53,4], [w55,0], [w55,5], [w54,3]] weak=[[w53,9], [w54,9], [w54,5], [w54,2], [w53,1], [w55,8], [w53,5], [w54,6], [w55,7], [w55,6], [w53,7], [w55,4], [w53,0], [w53,3], [w55,3], [w53,6], [w55,9], [w53,8], [w53,2], [w54,4], [w53,4], [w55,0], [w55,5], [w54,3]] (solid_wave_vertices: 10) solid=[[53,7], [53,3], [53,5], [53,1], [53,4], [53,9], [53,6], [53,0], [53,2], [53,8]] merged=[[57,8]] --- (Vertex9)[[56,5], [56,3], [w53,9], [56,2], [w54,9], [w54,5], [56,9], [w54,2], [w55,8], [w53,5], [w54,6], [w55,7], [w55,6], [w53,7], [w55,4], [w53,0], [w53,3], [w55,3], [56,4], [w53,6], [w55,9], [w53,8], [w53,2], [w54,4], [56,6], [w53,4], [w55,0], [w55,5], [w54,3]] weak=[[w53,9], [w54,9], [w54,5], [w54,2], [w55,8], [w53,5], [w54,6], [w55,7], [w55,6], [w53,7], [w55,4], [w53,0], [w53,3], [w55,3], [w53,6], [w55,9], [w53,8], [w53,2], [w54,4], [w53,4], [w55,0], [w55,5], [w54,3]] (solid_wave_vertices: 9) solid=[[53,4], [53,3], [53,0], [53,2], [53,6], [53,9], [53,8], [53,5], [53,7]] merged=[[57,9]]
Round 58: (Vertex0)[[57,5], [57,8], [57,7], [57,0]] (solid_wave_vertices: 4) solid=[[57,5], [57,0], [57,8], [57,7]] merged=[[57,8], [57,7], [57,0], [57,5]] --- (Vertex1)[[57,5], [57,8], [57,7], [57,0]] (solid_wave_vertices: 4) solid=[[57,7], [57,5], [57,8], [57,0]] merged=[[57,5], [57,8], [57,0], [57,7]] --- (Vertex4)[[57,5], [57,9], [57,4], [57,0], [57,3], [57,6]] (solid_wave_vertices: 6) solid=[[57,9], [57,3], [57,0], [57,4], [57,5], [57,6]] merged=[[57,5], [57,4], [57,3], [57,6], [57,0], [57,9]] --- (Vertex6)[[57,5], [57,9], [57,8], [57,4], [57,3], [57,6]] (solid_wave_vertices: 6) solid=[[57,9], [57,8], [57,6], [57,4], [57,5], [57,3]] merged=[[57,6], [57,9], [57,5], [57,3], [57,4], [57,8]] --- (Vertex7)[[57,5], [57,8], [57,7], [57,0]] (solid_wave_vertices: 4) solid=[[57,5], [57,7], [57,8], [57,0]] merged=[[57,8], [57,7], [57,5], [57,0]] --- (Vertex8)[[57,5], [57,8], [57,7], [57,0]] (solid_wave_vertices: 4) solid=[[57,8], [57,7], [57,0], [57,5]] merged=[[57,8], [57,5], [57,0], [57,7]] --- (Vertex9)[[57,5], [57,9], [57,8], [57,4], [57,3], [57,6]] (solid_wave_vertices: 6) solid=[[57,9], [57,3], [57,5], [57,4], [57,8], [57,6]] merged=[[57,8], [57,4], [57,5], [57,6], [57,9], [57,3]]
Round 59: (Vertex0)[[w57,5], [w57,9], [58,0], [w57,2], [w57,8], [w57,7], [w57,4], [w57,0], [w57,3], [58,7], [w57,6]] weak=[[w57,5], [w57,9], [w57,2], [w57,8], [w57,7], [w57,4], [w57,0], [w57,3], [w57,6]] (solid_wave_vertices: 9) solid=[[57,8], [57,3], [57,4], [57,0], [57,2], [57,9], [57,5], [57,7], [57,6]] merged=[[57,6], [57,0], [57,2], [57,4], [57,5], [57,9], [57,7], [57,8], [57,3]] --- (Vertex1)[[w57,5], [w57,9], [w57,1], [58,0], [w57,2], [w57,8], [w57,7], [w57,4], [w57,0], [w57,3], [58,8], [58,9], [58,7], [w57,6]] weak=[[w57,5], [w57,9], [w57,1], [w57,2], [w57,8], [w57,7], [w57,4], [w57,0], [w57,3], [w57,6]] (solid_wave_vertices: 10) solid=[[57,8], [57,1], [57,6], [57,2], [57,5], [57,0], [57,4], [57,3], [57,7], [57,9]] merged=[[57,8], [57,1], [57,5], [57,0], [57,7], [57,6], [57,2], [57,4], [57,9], [57,3]] --- (Vertex2)[[w57,5], [w57,9], [w57,2], [w57,8], [w57,7], [w57,4], [w57,0], [w57,3], [w57,6]] weak=[[w57,5], [w57,9], [w57,2], [w57,8], [w57,7], [w57,4], [w57,0], [w57,3], [w57,6]] (solid_wave_vertices: 9) solid=[[57,7], [57,5], [57,6], [57,2], [57,9], [57,8], [57,4], [57,3], [57,0]] merged=[[57,4], [57,6], [57,9], [57,2], [57,5], [57,3], [57,0], [57,7], [57,8]] --- (Vertex3)[[w57,5], [w57,9], [w57,8], [w57,4], [w57,0], [w57,3], [w57,6]] weak=[[w57,5], [w57,9], [w57,8], [w57,4], [w57,0], [w57,3], [w57,6]] (solid_wave_vertices: 7) solid=[[57,0], [57,3], [57,6], [57,4], [57,5], [57,9], [57,8]] merged=[[57,8], [57,4], [57,6], [57,3], [57,0], [57,5], [57,9]] --- (Vertex4)[[w57,5], [w57,9], [w57,2], [w57,8], [w57,7], [w57,4], [w57,0], [w57,3], [58,9], [58,4], [w57,6]] weak=[[w57,5], [w57,9], [w57,2], [w57,8], [w57,7], [w57,4], [w57,0], [w57,3], [w57,6]] (solid_wave_vertices: 9) solid=[[57,0], [57,9], [57,7], [57,6], [57,3], [57,8], [57,5], [57,4], [57,2]] merged=[[57,4], [57,0], [57,2], [57,6], [57,3], [57,5], [57,9], [57,8], [57,7]] --- (Vertex5)[[w57,5], [w57,9], [w57,8], [w57,4], [w57,0], [w57,3], [w57,6]] weak=[[w57,5], [w57,9], [w57,8], [w57,4], [w57,0], [w57,3], [w57,6]] (solid_wave_vertices: 7) solid=[[57,4], [57,3], [57,5], [57,0], [57,9], [57,6], [57,8]] merged=[[57,9], [57,8], [57,5], [57,4], [57,3], [57,6], [57,0]] --- (Vertex6)[[w57,5], [w57,9], [w57,2], [w57,8], [w57,7], [w57,4], [w57,0], [w57,3], [58,9], [58,4], [w57,6]] weak=[[w57,5], [w57,9], [w57,2], [w57,8], [w57,7], [w57,4], [w57,0], [w57,3], [w57,6]] (solid_wave_vertices: 9) solid=[[57,5], [57,9], [57,0], [57,6], [57,2], [57,7], [57,8], [57,3], [57,4]] merged=[[57,6], [57,7], [57,5], [57,0], [57,9], [57,4], [57,2], [57,3], [57,8]] --- (Vertex7)[[w57,5], [w57,9], [58,0], [w57,2], [w57,8], [w57,7], [w57,4], [w57,0], [w57,3], [58,8], [58,7], [w57,6]] weak=[[w57,5], [w57,9], [w57,2], [w57,8], [w57,7], [w57,4], [w57,0], [w57,3], [w57,6]] (solid_wave_vertices: 9) solid=[[57,9], [57,6], [57,5], [57,3], [57,7], [57,2], [57,8], [57,0], [57,4]] merged=[[57,7], [57,2], [57,6], [57,5], [57,3], [57,4], [57,0], [57,9], [57,8]] --- (Vertex8)[[w57,5], [w57,9], [58,0], [w57,2], [w57,8], [w57,7], [w57,4], [w57,0], [w57,3], [58,8], [58,7], [w57,6]] weak=[[w57,5], [w57,9], [w57,2], [w57,8], [w57,7], [w57,4], [w57,0], [w57,3], [w57,6]] (solid_wave_vertices: 9) solid=[[57,6], [57,5], [57,3], [57,0], [57,7], [57,2], [57,8], [57,4], [57,9]] merged=[[57,5], [57,8], [57,3], [57,6], [57,0], [57,7], [57,9], [57,2], [57,4]] --- (Vertex9)[[w57,5], [w57,9], [w57,2], [w57,8], [w57,7], [w57,4], [w57,0], [w57,3], [58,9], [58,4], [w57,6]] weak=[[w57,5], [w57,9], [w57,2], [w57,8], [w57,7], [w57,4], [w57,0], [w57,3], [w57,6]] (solid_wave_vertices: 9) solid=[[57,6], [57,3], [57,4], [57,0], [57,7], [57,8], [57,2], [57,9], [57,5]] merged=[[57,4], [57,9], [57,6], [57,5], [57,7], [57,0], [57,2], [57,8], [57,3]]
Round 60: (Vertex0)[[w57,5], [59,2], [w58,6], [w57,9], [w57,1], [w58,0], [w57,2], [59,6], [w57,8], [w57,7], [59,7], [w57,4], [w57,0], [w57,3], [w58,8], [w58,9], [w58,4], [w58,7], [59,5], [w57,6], [59,0], [59,3]] weak=[[w57,5], [w58,6], [w57,9], [w57,1], [w58,0], [w57,2], [w57,8], [w57,7], [w57,4], [w57,0], [w57,3], [w58,8], [w58,9], [w58,4], [w58,7], [w57,6]] (solid_wave_vertices: 10) solid=[[57,9], [57,3], [57,6], [57,8], [57,2], [57,1], [57,4], [57,0], [57,7], [57,5]] merged=[[57,7], [57,1], [57,5], [57,4], [57,2], [57,8], [57,6], [57,3], [57,9], [57,0]] --- (Vertex1)[[w57,5], [59,2], [w58,6], [w57,9], [w57,1], [w58,0], [w57,2], [w58,1], [59,6], [w57,8], [w57,7], [59,7], [w57,4], [w57,0], [w57,3], [w58,8], [w58,9], [w58,4], [w58,7], [59,5], [w57,6], [59,0], [59,3]] weak=[[w57,5], [w58,6], [w57,9], [w57,1], [w58,0], [w57,2], [w58,1], [w57,8], [w57,7], [w57,4], [w57,0], [w57,3], [w58,8], [w58,9], [w58,4], [w58,7], [w57,6]] (solid_wave_vertices: 10) solid=[[57,6], [57,9], [57,3], [57,2], [57,8], [57,0], [57,1], [57,4], [57,7], [57,5]] merged=[[57,2], [57,0], [57,1], [57,7], [57,3], [57,5], [57,4], [57,6], [57,8], [57,9]] --- (Vertex2)[[w57,5], [59,2], [w58,6], [w57,9], [w58,0], [w57,2], [59,6], [w57,8], [w57,7], [w57,4], [w57,0], [w57,3], [w58,8], [w58,9], [w58,4], [w58,7], [59,5], [w57,6], [59,3]] weak=[[w57,5], [w58,6], [w57,9], [w58,0], [w57,2], [w57,8], [w57,7], [w57,4], [w57,0], [w57,3], [w58,8], [w58,9], [w58,4], [w58,7], [w57,6]] (solid_wave_vertices: 9) solid=[[57,5], [57,9], [57,6], [57,8], [57,2], [57,0], [57,3], [57,7], [57,4]] merged=[[57,3], [57,9], [57,2], [57,4], [57,6], [57,7], [57,8], [57,5], [57,0]] --- (Vertex3)[[w57,5], [59,2], [w58,6], [w57,9], [w58,0], [w57,2], [59,6], [w57,8], [w57,7], [w57,4], [w57,0], [w57,3], [w58,8], [w58,9], [w58,4], [w58,7], [59,5], [w57,6], [59,3]] weak=[[w57,5], [w58,6], [w57,9], [w58,0], [w57,2], [w57,8], [w57,7], [w57,4], [w57,0], [w57,3], [w58,8], [w58,9], [w58,4], [w58,7], [w57,6]] (solid_wave_vertices: 9) solid=[[57,2], [57,0], [57,6], [57,9], [57,5], [57,7], [57,8], [57,4], [57,3]] merged=[[57,7], [57,8], [57,4], [57,6], [57,9], [57,5], [57,3], [57,2], [57,0]] --- (Vertex4)[[w57,5], [59,2], [w58,6], [w57,9], [w58,0], [w57,2], [59,6], [w57,8], [w57,7], [w57,4], [w57,0], [w57,3], [w58,8], [w58,9], [59,4], [w58,4], [59,9], [w58,7], [59,5], [w57,6], [59,3]] weak=[[w57,5], [w58,6], [w57,9], [w58,0], [w57,2], [w57,8], [w57,7], [w57,4], [w57,0], [w57,3], [w58,8], [w58,9], [w58,4], [w58,7], [w57,6]] (solid_wave_vertices: 9) solid=[[57,2], [57,0], [57,9], [57,5], [57,4], [57,7], [57,8], [57,3], [57,6]] merged=[[57,8], [57,7], [57,6], [57,5], [57,4], [57,9], [57,0], [57,2], [57,3]] --- (Vertex5)[[w57,5], [59,2], [w58,6], [w57,9], [w58,0], [w57,2], [59,6], [w57,8], [w57,7], [w57,4], [w57,0], [w57,3], [w58,8], [w58,9], [w58,4], [w58,7], [59,5], [w57,6], [59,3]] weak=[[w57,5], [w58,6], [w57,9], [w58,0], [w57,2], [w57,8], [w57,7], [w57,4], [w57,0], [w57,3], [w58,8], [w58,9], [w58,4], [w58,7], [w57,6]] (solid_wave_vertices: 9) solid=[[57,5], [57,3], [57,8], [57,4], [57,6], [57,7], [57,9], [57,0], [57,2]] merged=[[57,9], [57,8], [57,5], [57,3], [57,7], [57,4], [57,2], [57,0], [57,6]] --- (Vertex6)[[w57,5], [59,2], [w58,6], [w57,9], [w58,0], [w57,2], [59,6], [w57,8], [w57,7], [w57,4], [w57,0], [w57,3], [w58,8], [w58,9], [59,4], [w58,4], [59,9], [w58,7], [59,5], [w57,6], [59,3]] weak=[[w57,5], [w58,6], [w57,9], [w58,0], [w57,2], [w57,8], [w57,7], [w57,4], [w57,0], [w57,3], [w58,8], [w58,9], [w58,4], [w58,7], [w57,6]] (solid_wave_vertices: 9) solid=[[57,9], [57,6], [57,3], [57,5], [57,8], [57,7], [57,0], [57,4], [57,2]] merged=[[57,4], [57,5], [57,9], [57,2], [57,8], [57,0], [57,6], [57,3], [57,7]] --- (Vertex7)[[w57,5], [59,2], [w58,6], [w57,9], [w57,1], [w58,0], [w57,2], [w57,8], [w57,7], [59,7], [w57,4], [w57,0], [w57,3], [w58,8], [w58,9], [w58,4], [w58,7], [59,5], [w57,6], [59,0], [59,3]] weak=[[w57,5], [w58,6], [w57,9], [w57,1], [w58,0], [w57,2], [w57,8], [w57,7], [w57,4], [w57,0], [w57,3], [w58,8], [w58,9], [w58,4], [w58,7], [w57,6]] (solid_wave_vertices: 10) solid=[[57,6], [57,1], [57,5], [57,9], [57,3], [57,8], [57,2], [57,4], [57,0], [57,7]] merged=[[57,9], [57,1], [57,2], [57,5], [57,8], [57,7], [57,0], [57,3], [57,4], [57,6]] --- (Vertex8)[[w57,5], [59,2], [w58,6], [w57,9], [w57,1], [w58,0], [w57,2], [w57,8], [w57,7], [59,7], [w57,4], [w57,0], [w57,3], [w58,8], [w58,9], [w58,4], [w58,7], [59,5], [w57,6], [59,0], [59,3]] weak=[[w57,5], [w58,6], [w57,9], [w57,1], [w58,0], [w57,2], [w57,8], [w57,7], [w57,4], [w57,0], [w57,3], [w58,8], [w58,9], [w58,4], [w58,7], [w57,6]] (solid_wave_vertices: 10) solid=[[57,5], [57,7], [57,1], [57,9], [57,0], [57,6], [57,4], [57,3], [57,8], [57,2]] merged=[[57,0], [57,4], [57,7], [57,9], [57,1], [57,3], [57,5], [57,2], [57,6], [57,8]] --- (Vertex9)[[w57,5], [59,2], [w58,6], [w57,9], [w58,0], [w57,2], [59,6], [w57,8], [w57,7], [w57,4], [w57,0], [w57,3], [w58,8], [w58,9], [59,4], [w58,4], [59,9], [w58,7], [59,5], [w57,6], [59,3]] weak=[[w57,5], [w58,6], [w57,9], [w58,0], [w57,2], [w57,8], [w57,7], [w57,4], [w57,0], [w57,3], [w58,8], [w58,9], [w58,4], [w58,7], [w57,6]] (solid_wave_vertices: 9) solid=[[57,4], [57,8], [57,7], [57,2], [57,6], [57,5], [57,3], [57,0], [57,9]] merged=[[57,2], [57,0], [57,7], [57,6], [57,5], [57,8], [57,9], [57,3], [57,4]]
Round 61: (Vertex0)[[60,0], [60,7], [w57,5], [w59,2], [w58,6], [w57,9], [w57,1], [w58,0], [w57,2], [w58,1], [w59,6], [w57,8], [w57,7], [w59,7], [60,8], [w57,4], [w57,0], [60,3], [w57,3], [w58,8], [w58,9], [w59,8], [w59,4], [w58,4], [w59,9], [w58,7], [w59,5], [w57,6], [w59,0], [w59,3]] weak=[[w57,5], [w59,2], [w58,6], [w57,9], [w57,1], [w58,0], [w57,2], [w58,1], [w59,6], [w57,8], [w57,7], [w59,7], [w57,4], [w57,0], [w57,3], [w58,8], [w58,9], [w59,8], [w59,4], [w58,4], [w59,9], [w58,7], [w59,5], [w57,6], [w59,0], [w59,3]] (solid_wave_vertices: 10) solid=[[57,9], [57,6], [57,3], [57,0], [57,4], [57,5], [57,2], [57,7], [57,1], [57,8]] merged=[[61,0]] --- (Vertex1)[[60,0], [60,7], [w57,5], [w59,2], [w58,6], [w57,9], [w57,1], [w58,0], [w57,2], [w58,1], [w59,6], [w57,8], [w59,1], [w57,7], [w59,7], [60,8], [w57,4], [w57,0], [60,3], [w57,3], [w58,8], [w58,9], [w59,8], [w59,4], [w58,4], [w59,9], [w58,7], [w59,5], [w57,6], [w59,0], [w59,3]] weak=[[w57,5], [w59,2], [w58,6], [w57,9], [w57,1], [w58,0], [w57,2], [w58,1], [w59,6], [w57,8], [w59,1], [w57,7], [w59,7], [w57,4], [w57,0], [w57,3], [w58,8], [w58,9], [w59,8], [w59,4], [w58,4], [w59,9], [w58,7], [w59,5], [w57,6], [w59,0], [w59,3]] (solid_wave_vertices: 10) solid=[[57,1], [57,4], [57,8], [57,6], [57,3], [57,9], [57,2], [57,7], [57,0], [57,5]] merged=[[61,1]] --- (Vertex2)[[w57,5], [w59,2], [w58,6], [w57,9], [w57,1], [w58,0], [w57,2], [w59,6], [w57,8], [w57,7], [w59,7], [w57,4], [w57,0], [60,3], [w57,3], [60,5], [w58,8], [w58,9], [w59,4], [w58,4], [w59,9], [w58,7], [w59,5], [w57,6], [w59,0], [w59,3]] weak=[[w57,5], [w59,2], [w58,6], [w57,9], [w57,1], [w58,0], [w57,2], [w59,6], [w57,8], [w57,7], [w59,7], [w57,4], [w57,0], [w57,3], [w58,8], [w58,9], [w59,4], [w58,4], [w59,9], [w58,7], [w59,5], [w57,6], [w59,0], [w59,3]] (solid_wave_vertices: 10) solid=[[57,4], [57,6], [57,2], [57,7], [57,0], [57,5], [57,3], [57,9], [57,8], [57,1]] merged=[[61,2]] --- (Vertex3)[[w57,5], [w59,2], [w58,6], [w57,9], [w57,1], [w58,0], [w57,2], [w59,6], [w57,8], [w57,7], [w59,7], [w57,4], [w57,0], [60,3], [w57,3], [w58,8], [w58,9], [w59,4], [w58,4], [w59,9], [w58,7], [w59,5], [w57,6], [w59,0], [w59,3]] weak=[[w57,5], [w59,2], [w58,6], [w57,9], [w57,1], [w58,0], [w57,2], [w59,6], [w57,8], [w57,7], [w59,7], [w57,4], [w57,0], [w57,3], [w58,8], [w58,9], [w59,4], [w58,4], [w59,9], [w58,7], [w59,5], [w57,6], [w59,0], [w59,3]] (solid_wave_vertices: 10) solid=[[57,8], [57,6], [57,2], [57,1], [57,0], [57,3], [57,5], [57,7], [57,4], [57,9]] merged=[[61,3]] --- (Vertex4)[[w57,5], [60,2], [w59,2], [w58,6], [w57,9], [60,4], [w57,1], [w58,0], [w57,2], [w59,6], [w57,8], [w57,7], [w59,7], [w57,4], [w57,0], [60,3], [w57,3], [60,5], [w58,8], [w58,9], [w59,8], [w59,4], [60,6], [w58,4], [w59,9], [w58,7], [w59,5], [w57,6], [w59,0], [w59,3]] weak=[[w57,5], [w59,2], [w58,6], [w57,9], [w57,1], [w58,0], [w57,2], [w59,6], [w57,8], [w57,7], [w59,7], [w57,4], [w57,0], [w57,3], [w58,8], [w58,9], [w59,8], [w59,4], [w58,4], [w59,9], [w58,7], [w59,5], [w57,6], [w59,0], [w59,3]] (solid_wave_vertices: 10) solid=[[57,4], [57,7], [57,1], [57,9], [57,3], [57,0], [57,2], [57,6], [57,8], [57,5]] merged=[[61,4]] --- (Vertex5)[[w57,5], [w59,2], [w58,6], [w57,9], [w57,1], [w58,0], [w57,2], [w59,6], [w57,8], [w57,7], [w59,7], [w57,4], [w57,0], [60,3], [w57,3], [w58,8], [w58,9], [w59,4], [w58,4], [w59,9], [w58,7], [w59,5], [w57,6], [w59,0], [w59,3]] weak=[[w57,5], [w59,2], [w58,6], [w57,9], [w57,1], [w58,0], [w57,2], [w59,6], [w57,8], [w57,7], [w59,7], [w57,4], [w57,0], [w57,3], [w58,8], [w58,9], [w59,4], [w58,4], [w59,9], [w58,7], [w59,5], [w57,6], [w59,0], [w59,3]] (solid_wave_vertices: 10) solid=[[57,6], [57,7], [57,3], [57,5], [57,1], [57,8], [57,2], [57,0], [57,4], [57,9]] merged=[[61,5]] --- (Vertex6)[[w57,5], [60,2], [w59,2], [w58,6], [w57,9], [60,4], [w57,1], [w58,0], [w57,2], [w59,6], [w57,8], [w57,7], [w59,7], [w57,4], [w57,0], [60,3], [w57,3], [60,5], [w58,8], [w58,9], [w59,8], [w59,4], [60,6], [w58,4], [w59,9], [w58,7], [w59,5], [w57,6], [w59,0], [w59,3]] weak=[[w57,5], [w59,2], [w58,6], [w57,9], [w57,1], [w58,0], [w57,2], [w59,6], [w57,8], [w57,7], [w59,7], [w57,4], [w57,0], [w57,3], [w58,8], [w58,9], [w59,8], [w59,4], [w58,4], [w59,9], [w58,7], [w59,5], [w57,6], [w59,0], [w59,3]] (solid_wave_vertices: 10) solid=[[57,2], [57,5], [57,3], [57,0], [57,8], [57,4], [57,7], [57,6], [57,9], [57,1]] merged=[[61,6]] --- (Vertex7)[[60,0], [60,7], [w57,5], [w59,2], [w58,6], [w57,9], [w57,1], [w58,0], [w57,2], [w58,1], [w59,6], [w57,8], [w57,7], [w59,7], [60,8], [w57,4], [w57,0], [60,3], [w57,3], [w58,8], [w58,9], [w59,8], [w59,4], [w58,4], [w59,9], [w58,7], [w59,5], [w57,6], [w59,0], [w59,3]] weak=[[w57,5], [w59,2], [w58,6], [w57,9], [w57,1], [w58,0], [w57,2], [w58,1], [w59,6], [w57,8], [w57,7], [w59,7], [w57,4], [w57,0], [w57,3], [w58,8], [w58,9], [w59,8], [w59,4], [w58,4], [w59,9], [w58,7], [w59,5], [w57,6], [w59,0], [w59,3]] (solid_wave_vertices: 10) solid=[[57,8], [57,4], [57,3], [57,2], [57,5], [57,7], [57,0], [57,1], [57,6], [57,9]] merged=[[61,7]] --- (Vertex8)[[60,0], [60,7], [w57,5], [w59,2], [w58,6], [w57,9], [w57,1], [w58,0], [w57,2], [w58,1], [w59,6], [w57,8], [w57,7], [w59,7], [60,8], [w57,4], [w57,0], [60,3], [w57,3], [w58,8], [w58,9], [w59,8], [w59,4], [w58,4], [w59,9], [w58,7], [w59,5], [w57,6], [w59,0], [w59,3]] weak=[[w57,5], [w59,2], [w58,6], [w57,9], [w57,1], [w58,0], [w57,2], [w58,1], [w59,6], [w57,8], [w57,7], [w59,7], [w57,4], [w57,0], [w57,3], [w58,8], [w58,9], [w59,8], [w59,4], [w58,4], [w59,9], [w58,7], [w59,5], [w57,6], [w59,0], [w59,3]] (solid_wave_vertices: 10) solid=[[57,0], [57,5], [57,7], [57,9], [57,1], [57,4], [57,8], [57,2], [57,3], [57,6]] merged=[[61,8]] --- (Vertex9)[[w57,5], [60,2], [w59,2], [w58,6], [w57,9], [60,4], [w57,1], [w58,0], [w57,2], [w59,6], [w57,8], [w57,7], [w59,7], [w57,4], [w57,0], [60,3], [w57,3], [60,5], [w58,8], [w58,9], [w59,8], [w59,4], [60,6], [w58,4], [w59,9], [w58,7], [w59,5], [w57,6], [w59,0], [w59,3]] weak=[[w57,5], [w59,2], [w58,6], [w57,9], [w57,1], [w58,0], [w57,2], [w59,6], [w57,8], [w57,7], [w59,7], [w57,4], [w57,0], [w57,3], [w58,8], [w58,9], [w59,8], [w59,4], [w58,4], [w59,9], [w58,7], [w59,5], [w57,6], [w59,0], [w59,3]] (solid_wave_vertices: 10) solid=[[57,2], [57,8], [57,0], [57,4], [57,9], [57,5], [57,1], [57,6], [57,3], [57,7]] merged=[[61,9]]
Round 62: (Vertex0)[[61,2], [61,5], [61,3], [61,7]] (solid_wave_vertices: 4) solid=[[61,3], [61,7], [61,5], [61,2]] merged=[[61,2], [61,7], [61,3], [61,5]] --- (Vertex1)[[61,2], [61,5], [61,3], [61,7]] (solid_wave_vertices: 4) solid=[[61,7], [61,2], [61,5], [61,3]] merged=[[61,2], [61,5], [61,3], [61,7]] --- (Vertex2)[[61,2], [61,5], [61,9], [61,3]] (solid_wave_vertices: 4) solid=[[61,3], [61,5], [61,2], [61,9]] merged=[[61,9], [61,5], [61,3], [61,2]] --- (Vertex3)[[61,2], [61,5], [61,9], [61,3]] (solid_wave_vertices: 4) solid=[[61,5], [61,3], [61,2], [61,9]] merged=[[61,9], [61,2], [61,5], [61,3]] --- (Vertex4)[[61,2], [61,5], [61,9], [61,3], [61,6]] (solid_wave_vertices: 5) solid=[[61,2], [61,5], [61,9], [61,3], [61,6]] merged=[[61,2], [61,5], [61,6], [61,9], [61,3]] --- (Vertex5)[[61,2], [61,5], [61,9], [61,3]] (solid_wave_vertices: 4) solid=[[61,2], [61,3], [61,9], [61,5]] merged=[[61,3], [61,9], [61,2], [61,5]] --- (Vertex6)[[61,2], [61,5], [61,9], [61,3], [61,6]] (solid_wave_vertices: 5) solid=[[61,5], [61,9], [61,3], [61,2], [61,6]] merged=[[61,3], [61,9], [61,6], [61,5], [61,2]] --- (Vertex7)[[61,2], [61,5], [61,3], [61,7]] (solid_wave_vertices: 4) solid=[[61,7], [61,5], [61,3], [61,2]] merged=[[61,5], [61,3], [61,7], [61,2]] --- (Vertex8)[[61,2], [61,5], [61,3], [61,7]] (solid_wave_vertices: 4) solid=[[61,2], [61,3], [61,7], [61,5]] merged=[[61,5], [61,3], [61,2], [61,7]] --- (Vertex9)[[61,2], [61,5], [61,9], [61,3], [61,6]] (solid_wave_vertices: 5) solid=[[61,3], [61,6], [61,5], [61,9], [61,2]] merged=[[61,9], [61,3], [61,2], [61,6], [61,5]]
Round 63: (Vertex0)[[w61,4], [62,8], [w61,8], [w61,2], [62,0], [w61,5], [w61,9], [w61,0], [w61,3], [w61,7], [w61,6]] weak=[[w61,4], [w61,8], [w61,2], [w61,5], [w61,9], [w61,0], [w61,3], [w61,7], [w61,6]] (solid_wave_vertices: 9) solid=[[61,9], [61,2], [61,3], [61,8], [61,6], [61,4], [61,5], [61,7], [61,0]] merged=[[61,3], [61,2], [61,7], [61,5], [61,4], [61,0], [61,8], [61,6], [61,9]] --- (Vertex1)[[w61,4], [62,7], [62,8], [w61,8], [62,5], [w61,2], [62,0], [w61,5], [w61,9], [w61,0], [w61,3], [w61,7], [62,3], [w61,6]] weak=[[w61,4], [w61,8], [w61,2], [w61,5], [w61,9], [w61,0], [w61,3], [w61,7], [w61,6]] (solid_wave_vertices: 9) solid=[[61,7], [61,3], [61,4], [61,5], [61,2], [61,0], [61,8], [61,6], [61,9]] merged=[[61,3], [61,5], [61,4], [61,6], [61,0], [61,9], [61,2], [61,8], [61,7]] --- (Vertex2)[[w61,4], [w61,8], [62,5], [w61,2], [w61,5], [w61,9], [w61,3], [w61,7], [62,4], [62,3], [w61,6]] weak=[[w61,4], [w61,8], [w61,2], [w61,5], [w61,9], [w61,3], [w61,7], [w61,6]] (solid_wave_vertices: 8) solid=[[61,7], [61,9], [61,5], [61,4], [61,8], [61,2], [61,6], [61,3]] merged=[[61,6], [61,2], [61,4], [61,3], [61,7], [61,5], [61,8], [61,9]] --- (Vertex3)[[w61,4], [62,5], [w61,2], [w61,5], [w61,9], [w61,3], [w61,7], [62,4], [62,3], [w61,6]] weak=[[w61,4], [w61,2], [w61,5], [w61,9], [w61,3], [w61,7], [w61,6]] (solid_wave_vertices: 7) solid=[[61,5], [61,6], [61,4], [61,9], [61,7], [61,2], [61,3]] merged=[[61,7], [61,4], [61,5], [61,9], [61,6], [61,3], [61,2]] --- (Vertex4)[[w61,4], [62,2], [w61,8], [62,5], [w61,2], [w61,5], [w61,9], [w61,0], [w61,3], [w61,7], [62,4], [62,3], [w61,6]] weak=[[w61,4], [w61,8], [w61,2], [w61,5], [w61,9], [w61,0], [w61,3], [w61,7], [w61,6]] (solid_wave_vertices: 9) solid=[[61,2], [61,6], [61,3], [61,5], [61,4], [61,0], [61,7], [61,9], [61,8]] merged=[[61,6], [61,0], [61,3], [61,7], [61,4], [61,9], [61,5], [61,8], [61,2]] --- (Vertex5)[[w61,4], [62,5], [w61,2], [w61,5], [w61,9], [w61,3], [w61,7], [62,4], [62,3], [w61,6]] weak=[[w61,4], [w61,2], [w61,5], [w61,9], [w61,3], [w61,7], [w61,6]] (solid_wave_vertices: 7) solid=[[61,5], [61,6], [61,4], [61,7], [61,2], [61,9], [61,3]] merged=[[61,5], [61,7], [61,9], [61,3], [61,6], [61,2], [61,4]] --- (Vertex6)[[w61,4], [62,2], [w61,8], [62,5], [w61,2], [w61,5], [w61,9], [w61,0], [w61,3], [w61,7], [62,4], [62,3], [w61,6]] weak=[[w61,4], [w61,8], [w61,2], [w61,5], [w61,9], [w61,0], [w61,3], [w61,7], [w61,6]] (solid_wave_vertices: 9) solid=[[61,6], [61,8], [61,0], [61,2], [61,5], [61,4], [61,7], [61,3], [61,9]] merged=[[61,2], [61,8], [61,5], [61,3], [61,9], [61,6], [61,0], [61,7], [61,4]] --- (Vertex7)[[w61,4], [62,7], [62,8], [w61,8], [62,5], [w61,2], [62,0], [w61,5], [w61,9], [w61,0], [w61,3], [w61,7], [62,4], [w61,6]] weak=[[w61,4], [w61,8], [w61,2], [w61,5], [w61,9], [w61,0], [w61,3], [w61,7], [w61,6]] (solid_wave_vertices: 9) solid=[[61,8], [61,5], [61,4], [61,3], [61,9], [61,6], [61,7], [61,0], [61,2]] merged=[[61,0], [61,6], [61,8], [61,4], [61,5], [61,3], [61,2], [61,7], [61,9]] --- (Vertex8)[[w61,4], [62,8], [w61,8], [w61,2], [62,0], [w61,5], [w61,9], [w61,0], [w61,3], [w61,7], [w61,6]] weak=[[w61,4], [w61,8], [w61,2], [w61,5], [w61,9], [w61,0], [w61,3], [w61,7], [w61,6]] (solid_wave_vertices: 9) solid=[[61,0], [61,6], [61,8], [61,4], [61,5], [61,9], [61,3], [61,7], [61,2]] merged=[[61,9], [61,0], [61,4], [61,7], [61,5], [61,3], [61,2], [61,6], [61,8]] --- (Vertex9)[[w61,4], [62,2], [w61,8], [62,5], [w61,2], [w61,5], [w61,9], [w61,0], [w61,3], [w61,7], [62,4], [62,3], [w61,6]] weak=[[w61,4], [w61,8], [w61,2], [w61,5], [w61,9], [w61,0], [w61,3], [w61,7], [w61,6]] (solid_wave_vertices: 9) solid=[[61,6], [61,8], [61,4], [61,9], [61,5], [61,7], [61,2], [61,3], [61,0]] merged=[[61,6], [61,3], [61,5], [61,8], [61,2], [61,0], [61,4], [61,7], [61,9]]
Round 64: (Vertex0)[[w61,4], [w62,7], [63,8], [w62,9], [w62,8], [w62,2], [w61,8], [w62,5], [w61,2], [w62,0], [w61,5], [w61,9], [63,0], [w61,0], [w61,3], [w61,7], [w61,1], [w62,6], [w62,4], [w62,3], [w61,6], [63,2], [63,3]] weak=[[w61,4], [w62,7], [w62,9], [w62,8], [w62,2], [w61,8], [w62,5], [w61,2], [w62,0], [w61,5], [w61,9], [w61,0], [w61,3], [w61,7], [w61,1], [w62,6], [w62,4], [w62,3], [w61,6]] (solid_wave_vertices: 10) solid=[[61,3], [61,7], [61,6], [61,1], [61,0], [61,4], [61,5], [61,9], [61,2], [61,8]] merged=[[61,5], [61,7], [61,0], [61,9], [61,1], [61,4], [61,8], [61,3], [61,2], [61,6]] --- (Vertex1)[[w61,4], [w62,7], [63,8], [w62,9], [w62,8], [w62,2], [w61,8], [w62,5], [w61,2], [w62,0], [w62,1], [w61,5], [w61,9], [63,0], [w61,0], [w61,3], [w61,7], [w61,1], [w62,6], [w62,4], [w62,3], [w61,6], [63,2], [63,3]] weak=[[w61,4], [w62,7], [w62,9], [w62,8], [w62,2], [w61,8], [w62,5], [w61,2], [w62,0], [w62,1], [w61,5], [w61,9], [w61,0], [w61,3], [w61,7], [w61,1], [w62,6], [w62,4], [w62,3], [w61,6]] (solid_wave_vertices: 10) solid=[[61,4], [61,5], [61,0], [61,1], [61,9], [61,2], [61,3], [61,6], [61,8], [61,7]] merged=[[61,6], [61,0], [61,9], [61,4], [61,1], [61,7], [61,3], [61,5], [61,2], [61,8]] --- (Vertex2)[[w61,4], [w62,7], [w62,9], [63,4], [w62,8], [w62,2], [w61,8], [w62,5], [w61,2], [w62,0], [w61,5], [w61,9], [w61,0], [63,6], [w61,3], [w61,7], [w62,6], [w62,4], [w62,3], [w61,6], [63,2], [63,3]] weak=[[w61,4], [w62,7], [w62,9], [w62,8], [w62,2], [w61,8], [w62,5], [w61,2], [w62,0], [w61,5], [w61,9], [w61,0], [w61,3], [w61,7], [w62,6], [w62,4], [w62,3], [w61,6]] (solid_wave_vertices: 9) solid=[[61,2], [61,6], [61,5], [61,7], [61,8], [61,0], [61,9], [61,4], [61,3]] merged=[[61,9], [61,7], [61,2], [61,6], [61,4], [61,5], [61,3], [61,0], [61,8]] --- (Vertex3)[[w61,4], [w62,7], [w62,9], [63,4], [w62,8], [w62,2], [w61,8], [w62,5], [w61,2], [w62,0], [w61,5], [w61,9], [w61,0], [63,6], [w61,3], [w61,7], [w62,6], [w62,4], [w62,3], [w61,6], [63,2], [63,3]] weak=[[w61,4], [w62,7], [w62,9], [w62,8], [w62,2], [w61,8], [w62,5], [w61,2], [w62,0], [w61,5], [w61,9], [w61,0], [w61,3], [w61,7], [w62,6], [w62,4], [w62,3], [w61,6]] (solid_wave_vertices: 9) solid=[[61,9], [61,4], [61,7], [61,3], [61,5], [61,6], [61,2], [61,0], [61,8]] merged=[[61,3], [61,9], [61,0], [61,7], [61,5], [61,4], [61,6], [61,8], [61,2]] --- (Vertex4)[[w61,4], [w62,7], [w62,9], [63,4], [w62,8], [w62,2], [w61,8], [w62,5], [63,9], [w61,2], [w62,0], [w61,5], [w61,9], [w61,0], [63,6], [w61,3], [w61,7], [63,5], [w62,6], [w62,4], [w62,3], [w61,6], [63,2], [63,3]] weak=[[w61,4], [w62,7], [w62,9], [w62,8], [w62,2], [w61,8], [w62,5], [w61,2], [w62,0], [w61,5], [w61,9], [w61,0], [w61,3], [w61,7], [w62,6], [w62,4], [w62,3], [w61,6]] (solid_wave_vertices: 9) solid=[[61,0], [61,2], [61,4], [61,9], [61,6], [61,3], [61,5], [61,8], [61,7]] merged=[[61,4], [61,0], [61,5], [61,3], [61,6], [61,7], [61,2], [61,9], [61,8]] --- (Vertex5)[[w61,4], [w62,7], [w62,9], [63,4], [w62,8], [w62,2], [w61,8], [w62,5], [w61,2], [w62,0], [w61,5], [w61,9], [w61,0], [63,6], [w61,3], [w61,7], [w62,6], [w62,4], [w62,3], [w61,6], [63,2], [63,3]] weak=[[w61,4], [w62,7], [w62,9], [w62,8], [w62,2], [w61,8], [w62,5], [w61,2], [w62,0], [w61,5], [w61,9], [w61,0], [w61,3], [w61,7], [w62,6], [w62,4], [w62,3], [w61,6]] (solid_wave_vertices: 9) solid=[[61,6], [61,8], [61,4], [61,9], [61,2], [61,0], [61,7], [61,5], [61,3]] merged=[[61,0], [61,4], [61,9], [61,3], [61,2], [61,7], [61,5], [61,6], [61,8]] --- (Vertex6)[[w61,4], [w62,7], [w62,9], [63,4], [w62,8], [w62,2], [w61,8], [w62,5], [63,9], [w61,2], [w62,0], [w61,5], [w61,9], [w61,0], [63,6], [w61,3], [w61,7], [63,5], [w62,6], [w62,4], [w62,3], [w61,6], [63,2], [63,3]] weak=[[w61,4], [w62,7], [w62,9], [w62,8], [w62,2], [w61,8], [w62,5], [w61,2], [w62,0], [w61,5], [w61,9], [w61,0], [w61,3], [w61,7], [w62,6], [w62,4], [w62,3], [w61,6]] (solid_wave_vertices: 9) solid=[[61,0], [61,9], [61,4], [61,6], [61,2], [61,5], [61,8], [61,7], [61,3]] merged=[[61,5], [61,3], [61,8], [61,7], [61,0], [61,4], [61,2], [61,6], [61,9]] --- (Vertex7)[[w61,4], [w62,7], [63,8], [w62,9], [w62,8], [w62,2], [w61,8], [w62,5], [w61,2], [w62,0], [w61,5], [w61,9], [63,0], [w61,0], [w61,3], [w61,7], [w62,6], [w62,4], [w62,3], [w61,6], [63,2], [63,3]] weak=[[w61,4], [w62,7], [w62,9], [w62,8], [w62,2], [w61,8], [w62,5], [w61,2], [w62,0], [w61,5], [w61,9], [w61,0], [w61,3], [w61,7], [w62,6], [w62,4], [w62,3], [w61,6]] (solid_wave_vertices: 9) solid=[[61,8], [61,9], [61,5], [61,6], [61,7], [61,3], [61,0], [61,4], [61,2]] merged=[[61,4], [61,3], [61,7], [61,8], [61,2], [61,5], [61,6], [61,9], [61,0]] --- (Vertex8)[[w61,4], [w62,7], [63,8], [w62,9], [w62,8], [w62,2], [w61,8], [w62,5], [w61,2], [w62,0], [w61,5], [w61,9], [63,0], [w61,0], [w61,3], [w61,7], [w62,6], [w62,4], [w62,3], [w61,6], [63,2], [63,3]] weak=[[w61,4], [w62,7], [w62,9], [w62,8], [w62,2], [w61,8], [w62,5], [w61,2], [w62,0], [w61,5], [w61,9], [w61,0], [w61,3], [w61,7], [w62,6], [w62,4], [w62,3], [w61,6]] (solid_wave_vertices: 9) solid=[[61,4], [61,7], [61,6], [61,3], [61,0], [61,5], [61,2], [61,9], [61,8]] merged=[[61,8], [61,4], [61,3], [61,9], [61,6], [61,7], [61,0], [61,5], [61,2]] --- (Vertex9)[[w61,4], [w62,7], [w62,9], [63,4], [w62,8], [w62,2], [w61,8], [w62,5], [63,9], [w61,2], [w62,0], [w61,5], [w61,9], [w61,0], [63,6], [w61,3], [w61,7], [63,5], [w62,6], [w62,4], [w62,3], [w61,6], [63,2], [63,3]] weak=[[w61,4], [w62,7], [w62,9], [w62,8], [w62,2], [w61,8], [w62,5], [w61,2], [w62,0], [w61,5], [w61,9], [w61,0], [w61,3], [w61,7], [w62,6], [w62,4], [w62,3], [w61,6]] (solid_wave_vertices: 9) solid=[[61,5], [61,8], [61,7], [61,2], [61,4], [61,9], [61,3], [61,6], [61,0]] merged=[[61,2], [61,9], [61,3], [61,8], [61,6], [61,5], [61,4], [61,0], [61,7]]
Round 65: (Vertex0)[[w61,4], [w62,7], [w63,8], [w62,9], [w63,4], [w62,8], [w62,2], [w61,8], [64,0], [w63,7], [w62,5], [64,8], [w63,9], [w61,2], [w62,0], [w62,1], [w61,5], [w61,9], [w63,0], [64,5], [w61,0], [w63,6], [w61,3], [w61,7], [w63,5], [w61,1], [w62,6], [64,7], [w62,4], [w62,3], [w61,6], [w63,2], [w63,3]] weak=[[w61,4], [w62,7], [w63,8], [w62,9], [w63,4], [w62,8], [w62,2], [w61,8], [w63,7], [w62,5], [w63,9], [w61,2], [w62,0], [w62,1], [w61,5], [w61,9], [w63,0], [w61,0], [w63,6], [w61,3], [w61,7], [w63,5], [w61,1], [w62,6], [w62,4], [w62,3], [w61,6], [w63,2], [w63,3]] (solid_wave_vertices: 10) solid=[[61,0], [61,7], [61,9], [61,5], [61,1], [61,2], [61,4], [61,6], [61,8], [61,3]] merged=[[65,0]] --- (Vertex1)[[64,3], [w61,4], [w62,7], [w63,8], [w62,9], [w63,4], [w62,8], [w62,2], [w61,8], [64,0], [w63,7], [w62,5], [64,8], [w63,9], [w61,2], [w62,0], [w62,1], [w61,5], [w61,9], [w63,0], [64,5], [w61,0], [w63,6], [w61,3], [w61,7], [w63,5], [w61,1], [w62,6], [64,7], [w62,4], [w62,3], [w61,6], [w63,1], [w63,2], [w63,3]] weak=[[w61,4], [w62,7], [w63,8], [w62,9], [w63,4], [w62,8], [w62,2], [w61,8], [w63,7], [w62,5], [w63,9], [w61,2], [w62,0], [w62,1], [w61,5], [w61,9], [w63,0], [w61,0], [w63,6], [w61,3], [w61,7], [w63,5], [w61,1], [w62,6], [w62,4], [w62,3], [w61,6], [w63,1], [w63,2], [w63,3]] (solid_wave_vertices: 10) solid=[[61,0], [61,2], [61,3], [61,8], [61,9], [61,5], [61,1], [61,6], [61,7], [61,4]] merged=[[65,1]] --- (Vertex2)[[64,3], [w61,4], [w62,7], [w63,8], [64,9], [w62,9], [w63,4], [w62,8], [w62,2], [w61,8], [w62,5], [w63,9], [w61,2], [w62,0], [w61,5], [w61,9], [w63,0], [64,5], [w61,0], [w63,6], [w61,3], [w61,7], [w63,5], [w61,1], [w62,6], [w62,4], [w62,3], [w61,6], [w63,2], [w63,3]] weak=[[w61,4], [w62,7], [w63,8], [w62,9], [w63,4], [w62,8], [w62,2], [w61,8], [w62,5], [w63,9], [w61,2], [w62,0], [w61,5], [w61,9], [w63,0], [w61,0], [w63,6], [w61,3], [w61,7], [w63,5], [w61,1], [w62,6], [w62,4], [w62,3], [w61,6], [w63,2], [w63,3]] (solid_wave_vertices: 10) solid=[[61,8], [61,0], [61,5], [61,1], [61,3], [61,9], [61,6], [61,4], [61,2], [61,7]] merged=[[65,2]] --- (Vertex3)[[64,3], [w61,4], [w62,7], [w63,8], [64,9], [w62,9], [w63,4], [w62,8], [w62,2], [w61,8], [w62,5], [w63,9], [w61,2], [w62,0], [w61,5], [w61,9], [w63,0], [64,5], [w61,0], [w63,6], [w61,3], [w61,7], [w63,5], [w61,1], [w62,6], [w62,4], [w62,3], [w61,6], [w63,2], [w63,3]] weak=[[w61,4], [w62,7], [w63,8], [w62,9], [w63,4], [w62,8], [w62,2], [w61,8], [w62,5], [w63,9], [w61,2], [w62,0], [w61,5], [w61,9], [w63,0], [w61,0], [w63,6], [w61,3], [w61,7], [w63,5], [w61,1], [w62,6], [w62,4], [w62,3], [w61,6], [w63,2], [w63,3]] (solid_wave_vertices: 10) solid=[[61,1], [61,2], [61,6], [61,8], [61,4], [61,5], [61,9], [61,3], [61,0], [61,7]] merged=[[65,3]] --- (Vertex4)[[64,3], [w61,4], [w62,7], [w63,8], [64,9], [w62,9], [w63,4], [w62,8], [w62,2], [w61,8], [w63,7], [w62,5], [w63,9], [w61,2], [w62,0], [w62,1], [w61,5], [w61,9], [64,2], [w63,0], [64,5], [w61,0], [w63,6], [w61,3], [w61,7], [w63,5], [w61,1], [w62,6], [w62,4], [w62,3], [w61,6], [w63,2], [w63,3]] weak=[[w61,4], [w62,7], [w63,8], [w62,9], [w63,4], [w62,8], [w62,2], [w61,8], [w63,7], [w62,5], [w63,9], [w61,2], [w62,0], [w62,1], [w61,5], [w61,9], [w63,0], [w61,0], [w63,6], [w61,3], [w61,7], [w63,5], [w61,1], [w62,6], [w62,4], [w62,3], [w61,6], [w63,2], [w63,3]] (solid_wave_vertices: 10) solid=[[61,8], [61,1], [61,9], [61,2], [61,5], [61,7], [61,3], [61,0], [61,4], [61,6]] merged=[[65,4]] --- (Vertex5)[[64,3], [w61,4], [w62,7], [w63,8], [64,9], [w62,9], [w63,4], [w62,8], [w62,2], [w61,8], [w63,7], [w62,5], [w63,9], [w61,2], [w62,0], [w62,1], [w61,5], [w61,9], [w63,0], [64,5], [w61,0], [w63,6], [w61,3], [w61,7], [w63,5], [w61,1], [w62,6], [w62,4], [w62,3], [w61,6], [w63,2], [w63,3]] weak=[[w61,4], [w62,7], [w63,8], [w62,9], [w63,4], [w62,8], [w62,2], [w61,8], [w63,7], [w62,5], [w63,9], [w61,2], [w62,0], [w62,1], [w61,5], [w61,9], [w63,0], [w61,0], [w63,6], [w61,3], [w61,7], [w63,5], [w61,1], [w62,6], [w62,4], [w62,3], [w61,6], [w63,2], [w63,3]] (solid_wave_vertices: 10) solid=[[61,0], [61,6], [61,5], [61,4], [61,7], [61,1], [61,9], [61,8], [61,3], [61,2]] merged=[[65,5]] --- (Vertex6)[[64,3], [w61,4], [w62,7], [w63,8], [64,9], [w62,9], [w63,4], [w62,8], [w62,2], [w61,8], [w63,7], [w62,5], [w63,9], [w61,2], [w62,0], [w62,1], [w61,5], [w61,9], [64,2], [w63,0], [64,5], [w61,0], [w63,6], [w61,3], [w61,7], [w63,5], [w61,1], [w62,6], [w62,4], [w62,3], [w61,6], [w63,2], [w63,3]] weak=[[w61,4], [w62,7], [w63,8], [w62,9], [w63,4], [w62,8], [w62,2], [w61,8], [w63,7], [w62,5], [w63,9], [w61,2], [w62,0], [w62,1], [w61,5], [w61,9], [w63,0], [w61,0], [w63,6], [w61,3], [w61,7], [w63,5], [w61,1], [w62,6], [w62,4], [w62,3], [w61,6], [w63,2], [w63,3]] (solid_wave_vertices: 10) solid=[[61,1], [61,7], [61,6], [61,2], [61,3], [61,9], [61,4], [61,8], [61,5], [61,0]] merged=[[65,6]] --- (Vertex7)[[w61,4], [w62,7], [w63,8], [w62,9], [w63,4], [w62,8], [w62,2], [w61,8], [64,0], [w63,7], [w62,5], [64,8], [w63,9], [w61,2], [w62,0], [w62,1], [w61,5], [w61,9], [w63,0], [w61,0], [w63,6], [w61,3], [w61,7], [w63,5], [w61,1], [w62,6], [64,7], [w62,4], [w62,3], [w61,6], [w63,2], [w63,3]] weak=[[w61,4], [w62,7], [w63,8], [w62,9], [w63,4], [w62,8], [w62,2], [w61,8], [w63,7], [w62,5], [w63,9], [w61,2], [w62,0], [w62,1], [w61,5], [w61,9], [w63,0], [w61,0], [w63,6], [w61,3], [w61,7], [w63,5], [w61,1], [w62,6], [w62,4], [w62,3], [w61,6], [w63,2], [w63,3]] (solid_wave_vertices: 10) solid=[[61,9], [61,8], [61,4], [61,0], [61,7], [61,3], [61,6], [61,5], [61,2], [61,1]] merged=[[65,7]] --- (Vertex8)[[w61,4], [w62,7], [w63,8], [w62,9], [w63,4], [w62,8], [w62,2], [w61,8], [64,0], [w63,7], [w62,5], [64,8], [w63,9], [w61,2], [w62,0], [w62,1], [w61,5], [w61,9], [w63,0], [64,5], [w61,0], [w63,6], [w61,3], [w61,7], [w63,5], [w61,1], [w62,6], [64,7], [w62,4], [w62,3], [w61,6], [w63,2], [w63,3]] weak=[[w61,4], [w62,7], [w63,8], [w62,9], [w63,4], [w62,8], [w62,2], [w61,8], [w63,7], [w62,5], [w63,9], [w61,2], [w62,0], [w62,1], [w61,5], [w61,9], [w63,0], [w61,0], [w63,6], [w61,3], [w61,7], [w63,5], [w61,1], [w62,6], [w62,4], [w62,3], [w61,6], [w63,2], [w63,3]] (solid_wave_vertices: 10) solid=[[61,8], [61,3], [61,5], [61,7], [61,9], [61,1], [61,4], [61,6], [61,0], [61,2]] merged=[[65,8]] --- (Vertex9)[[64,3], [w61,4], [w62,7], [w63,8], [64,9], [w62,9], [w63,4], [w62,8], [w62,2], [w61,8], [w63,7], [w62,5], [w63,9], [w61,2], [w62,0], [w62,1], [w61,5], [w61,9], [64,2], [w63,0], [64,5], [w61,0], [w63,6], [w61,3], [w61,7], [w63,5], [w61,1], [w62,6], [w62,4], [w62,3], [w61,6], [w63,2], [w63,3]] weak=[[w61,4], [w62,7], [w63,8], [w62,9], [w63,4], [w62,8], [w62,2], [w61,8], [w63,7], [w62,5], [w63,9], [w61,2], [w62,0], [w62,1], [w61,5], [w61,9], [w63,0], [w61,0], [w63,6], [w61,3], [w61,7], [w63,5], [w61,1], [w62,6], [w62,4], [w62,3], [w61,6], [w63,2], [w63,3]] (solid_wave_vertices: 10) solid=[[61,0], [61,2], [61,9], [61,4], [61,7], [61,8], [61,3], [61,5], [61,6], [61,1]] merged=[[65,9]]
Round 66: (Vertex0)[[65,5], [65,2], [65,7], [65,0], [65,8]] (solid_wave_vertices: 5) solid=[[65,0], [65,7], [65,5], [65,2], [65,8]] merged=[[65,8], [65,7], [65,2], [65,0], [65,5]] --- (Vertex1)[[65,2], [65,3], [65,7], [65,0], [65,8]] (solid_wave_vertices: 5) solid=[[65,2], [65,7], [65,3], [65,8], [65,0]] merged=[[65,3], [65,2], [65,7], [65,0], [65,8]] --- (Vertex2)[[65,9], [65,5], [65,2], [65,3]] (solid_wave_vertices: 4) solid=[[65,2], [65,3], [65,9], [65,5]] merged=[[65,2], [65,5], [65,3], [65,9]] --- (Vertex3)[[65,9], [65,5], [65,2], [65,3]] (solid_wave_vertices: 4) solid=[[65,9], [65,5], [65,2], [65,3]] merged=[[65,5], [65,9], [65,3], [65,2]] --- (Vertex4)[[65,9], [65,4], [65,5], [65,2], [65,3], [65,6]] (solid_wave_vertices: 6) solid=[[65,3], [65,5], [65,4], [65,6], [65,2], [65,9]] merged=[[65,3], [65,5], [65,6], [65,9], [65,4], [65,2]] --- (Vertex5)[[65,9], [65,5], [65,2], [65,3]] (solid_wave_vertices: 4) solid=[[65,3], [65,9], [65,5], [65,2]] merged=[[65,3], [65,2], [65,9], [65,5]] --- (Vertex6)[[65,9], [65,4], [65,5], [65,2], [65,3], [65,6]] (solid_wave_vertices: 6) solid=[[65,4], [65,3], [65,9], [65,5], [65,6], [65,2]] merged=[[65,4], [65,9], [65,5], [65,2], [65,6], [65,3]] --- (Vertex7)[[65,2], [65,7], [65,0], [65,8]] (solid_wave_vertices: 4) solid=[[65,8], [65,0], [65,7], [65,2]] merged=[[65,0], [65,8], [65,7], [65,2]] --- (Vertex8)[[65,5], [65,2], [65,7], [65,0], [65,8]] (solid_wave_vertices: 5) solid=[[65,0], [65,5], [65,7], [65,2], [65,8]] merged=[[65,5], [65,7], [65,0], [65,8], [65,2]] --- (Vertex9)[[65,9], [65,4], [65,5], [65,2], [65,3], [65,6]] (solid_wave_vertices: 6) solid=[[65,3], [65,5], [65,9], [65,4], [65,6], [65,2]] merged=[[65,5], [65,3], [65,4], [65,2], [65,9], [65,6]]
Round 67: (Vertex0)[[66,5], [w65,9], [66,0], [w65,4], [w65,5], [w65,2], [w65,3], [w65,7], [w65,0], [w65,8], [w65,6], [66,7]] weak=[[w65,9], [w65,4], [w65,5], [w65,2], [w65,3], [w65,7], [w65,0], [w65,8], [w65,6]] (solid_wave_vertices: 9) solid=[[65,9], [65,0], [65,8], [65,4], [65,2], [65,3], [65,6], [65,7], [65,5]] merged=[[65,4], [65,3], [65,9], [65,2], [65,8], [65,5], [65,6], [65,0], [65,7]] --- (Vertex1)[[66,5], [w65,9], [w65,1], [66,0], [w65,4], [w65,5], [w65,2], [w65,3], [w65,7], [66,3], [66,6], [w65,0], [66,4], [w65,8], [w65,6], [66,7]] weak=[[w65,9], [w65,1], [w65,4], [w65,5], [w65,2], [w65,3], [w65,7], [w65,0], [w65,8], [w65,6]] (solid_wave_vertices: 10) solid=[[65,1], [65,3], [65,7], [65,2], [65,5], [65,8], [65,0], [65,6], [65,9], [65,4]] merged=[[65,2], [65,9], [65,4], [65,8], [65,3], [65,0], [65,6], [65,1], [65,5], [65,7]] --- (Vertex2)[[66,5], [w65,9], [w65,4], [w65,5], [w65,2], [w65,3], [w65,7], [66,3], [w65,0], [w65,8], [w65,6]] weak=[[w65,9], [w65,4], [w65,5], [w65,2], [w65,3], [w65,7], [w65,0], [w65,8], [w65,6]] (solid_wave_vertices: 9) solid=[[65,0], [65,9], [65,6], [65,7], [65,2], [65,5], [65,4], [65,3], [65,8]] merged=[[65,6], [65,2], [65,5], [65,0], [65,8], [65,7], [65,9], [65,3], [65,4]] --- (Vertex3)[[66,5], [w65,9], [w65,4], [w65,5], [w65,2], [w65,3], [w65,7], [66,3], [w65,0], [w65,8], [w65,6]] weak=[[w65,9], [w65,4], [w65,5], [w65,2], [w65,3], [w65,7], [w65,0], [w65,8], [w65,6]] (solid_wave_vertices: 9) solid=[[65,8], [65,5], [65,0], [65,7], [65,9], [65,4], [65,6], [65,2], [65,3]] merged=[[65,0], [65,9], [65,4], [65,7], [65,8], [65,6], [65,3], [65,2], [65,5]] --- (Vertex4)[[66,5], [w65,9], [w65,4], [w65,5], [w65,2], [w65,3], [w65,7], [66,2], [66,3], [66,6], [w65,0], [66,4], [w65,8], [w65,6]] weak=[[w65,9], [w65,4], [w65,5], [w65,2], [w65,3], [w65,7], [w65,0], [w65,8], [w65,6]] (solid_wave_vertices: 9) solid=[[65,6], [65,5], [65,0], [65,3], [65,7], [65,9], [65,4], [65,2], [65,8]] merged=[[65,2], [65,7], [65,8], [65,3], [65,9], [65,0], [65,6], [65,5], [65,4]] --- (Vertex5)[[66,5], [w65,9], [w65,4], [w65,5], [w65,2], [w65,3], [w65,7], [66,3], [w65,0], [w65,8], [w65,6]] weak=[[w65,9], [w65,4], [w65,5], [w65,2], [w65,3], [w65,7], [w65,0], [w65,8], [w65,6]] (solid_wave_vertices: 9) solid=[[65,4], [65,6], [65,3], [65,0], [65,5], [65,8], [65,9], [65,2], [65,7]] merged=[[65,5], [65,0], [65,3], [65,4], [65,8], [65,2], [65,6], [65,9], [65,7]] --- (Vertex6)[[66,5], [w65,9], [w65,4], [w65,5], [w65,2], [w65,3], [w65,7], [66,2], [66,3], [66,6], [w65,0], [66,4], [w65,8], [w65,6]] weak=[[w65,9], [w65,4], [w65,5], [w65,2], [w65,3], [w65,7], [w65,0], [w65,8], [w65,6]] (solid_wave_vertices: 9) solid=[[65,8], [65,4], [65,0], [65,2], [65,3], [65,5], [65,7], [65,6], [65,9]] merged=[[65,9], [65,5], [65,4], [65,3], [65,0], [65,7], [65,8], [65,2], [65,6]] --- (Vertex7)[[w65,9], [66,0], [w65,4], [w65,5], [w65,2], [w65,3], [w65,7], [w65,0], [w65,8], [w65,6], [66,7]] weak=[[w65,9], [w65,4], [w65,5], [w65,2], [w65,3], [w65,7], [w65,0], [w65,8], [w65,6]] (solid_wave_vertices: 9) solid=[[65,4], [65,2], [65,3], [65,5], [65,9], [65,7], [65,6], [65,0], [65,8]] merged=[[65,2], [65,5], [65,9], [65,8], [65,0], [65,3], [65,6], [65,7], [65,4]] --- (Vertex8)[[66,5], [w65,9], [66,0], [w65,4], [w65,5], [w65,2], [w65,3], [w65,7], [w65,0], [w65,8], [w65,6], [66,7]] weak=[[w65,9], [w65,4], [w65,5], [w65,2], [w65,3], [w65,7], [w65,0], [w65,8], [w65,6]] (solid_wave_vertices: 9) solid=[[65,8], [65,0], [65,5], [65,6], [65,7], [65,3], [65,4], [65,9], [65,2]] merged=[[65,0], [65,2], [65,5], [65,8], [65,6], [65,9], [65,7], [65,3], [65,4]] --- (Vertex9)[[66,9], [66,5], [w65,9], [w65,4], [w65,5], [w65,2], [w65,3], [w65,7], [66,2], [66,3], [66,6], [w65,0], [66,4], [w65,8], [w65,6]] weak=[[w65,9], [w65,4], [w65,5], [w65,2], [w65,3], [w65,7], [w65,0], [w65,8], [w65,6]] (solid_wave_vertices: 9) solid=[[65,8], [65,5], [65,2], [65,0], [65,9], [65,3], [65,6], [65,7], [65,4]] merged=[[65,5], [65,0], [65,3], [65,9], [65,6], [65,8], [65,2], [65,4], [65,7]]
Round 68: (Vertex0)[[w66,9], [w66,5], [w65,9], [w65,1], [w66,0], [w65,4], [w65,5], [w65,2], [67,5], [w65,3], [w65,7], [w66,2], [67,7], [w66,3], [w66,6], [w65,0], [w66,4], [w65,8], [67,8], [w65,6], [67,0], [w66,7], [w66,8]] weak=[[w66,9], [w66,5], [w65,9], [w65,1], [w66,0], [w65,4], [w65,5], [w65,2], [w65,3], [w65,7], [w66,2], [w66,3], [w66,6], [w65,0], [w66,4], [w65,8], [w65,6], [w66,7], [w66,8]] (solid_wave_vertices: 10) solid=[[65,7], [65,3], [65,5], [65,6], [65,2], [65,1], [65,0], [65,9], [65,8], [65,4]] merged=[[65,8], [65,2], [65,9], [65,1], [65,3], [65,4], [65,0], [65,6], [65,7], [65,5]] --- (Vertex1)[[w66,9], [w66,5], [w65,9], [w65,1], [w66,0], [w66,1], [w65,4], [w65,5], [w65,2], [67,5], [w65,3], [w65,7], [w66,2], [67,7], [w66,3], [w66,6], [w65,0], [w66,4], [w65,8], [67,8], [w65,6], [67,0], [w66,7], [w66,8]] weak=[[w66,9], [w66,5], [w65,9], [w65,1], [w66,0], [w66,1], [w65,4], [w65,5], [w65,2], [w65,3], [w65,7], [w66,2], [w66,3], [w66,6], [w65,0], [w66,4], [w65,8], [w65,6], [w66,7], [w66,8]] (solid_wave_vertices: 10) solid=[[65,5], [65,8], [65,3], [65,0], [65,6], [65,9], [65,2], [65,4], [65,1], [65,7]] merged=[[65,6], [65,2], [65,7], [65,1], [65,8], [65,0], [65,4], [65,5], [65,3], [65,9]] --- (Vertex2)[[w66,9], [w66,5], [w65,9], [w66,0], [67,2], [w65,4], [w65,5], [w65,2], [67,5], [w65,3], [w65,7], [w66,2], [w66,3], [67,9], [w66,6], [w65,0], [w66,4], [w65,8], [67,3], [w65,6], [w66,7], [w66,8]] weak=[[w66,9], [w66,5], [w65,9], [w66,0], [w65,4], [w65,5], [w65,2], [w65,3], [w65,7], [w66,2], [w66,3], [w66,6], [w65,0], [w66,4], [w65,8], [w65,6], [w66,7], [w66,8]] (solid_wave_vertices: 9) solid=[[65,5], [65,7], [65,6], [65,2], [65,3], [65,4], [65,0], [65,8], [65,9]] merged=[[65,3], [65,9], [65,4], [65,8], [65,0], [65,7], [65,5], [65,6], [65,2]] --- (Vertex3)[[w66,9], [w66,5], [w65,9], [w66,0], [67,2], [w65,4], [w65,5], [w65,2], [67,5], [w65,3], [w65,7], [w66,2], [w66,3], [67,9], [w66,6], [w65,0], [w66,4], [w65,8], [67,3], [w65,6], [w66,7], [w66,8]] weak=[[w66,9], [w66,5], [w65,9], [w66,0], [w65,4], [w65,5], [w65,2], [w65,3], [w65,7], [w66,2], [w66,3], [w66,6], [w65,0], [w66,4], [w65,8], [w65,6], [w66,7], [w66,8]] (solid_wave_vertices: 9) solid=[[65,4], [65,8], [65,3], [65,9], [65,6], [65,5], [65,0], [65,2], [65,7]] merged=[[65,7], [65,9], [65,6], [65,5], [65,2], [65,3], [65,0], [65,4], [65,8]] --- (Vertex4)[[w66,9], [w66,5], [w65,9], [w66,0], [67,2], [w65,4], [w65,5], [w65,2], [67,5], [w65,3], [w65,7], [w66,2], [w66,3], [67,9], [w66,6], [w65,0], [w66,4], [w65,8], [67,3], [w65,6], [w66,7], [w66,8]] weak=[[w66,9], [w66,5], [w65,9], [w66,0], [w65,4], [w65,5], [w65,2], [w65,3], [w65,7], [w66,2], [w66,3], [w66,6], [w65,0], [w66,4], [w65,8], [w65,6], [w66,7], [w66,8]] (solid_wave_vertices: 9) solid=[[65,9], [65,5], [65,8], [65,6], [65,3], [65,2], [65,0], [65,7], [65,4]] merged=[[65,0], [65,7], [65,5], [65,2], [65,8], [65,9], [65,6], [65,3], [65,4]] --- (Vertex5)[[w66,9], [w66,5], [w65,9], [w66,0], [67,2], [w65,4], [w65,5], [w65,2], [67,5], [w65,3], [w65,7], [w66,2], [w66,3], [67,9], [w66,6], [w65,0], [w66,4], [w65,8], [67,3], [w65,6], [w66,7], [w66,8]] weak=[[w66,9], [w66,5], [w65,9], [w66,0], [w65,4], [w65,5], [w65,2], [w65,3], [w65,7], [w66,2], [w66,3], [w66,6], [w65,0], [w66,4], [w65,8], [w65,6], [w66,7], [w66,8]] (solid_wave_vertices: 9) solid=[[65,9], [65,7], [65,6], [65,5], [65,3], [65,0], [65,8], [65,2], [65,4]] merged=[[65,8], [65,2], [65,9], [65,7], [65,6], [65,5], [65,0], [65,3], [65,4]] --- (Vertex6)[[w66,9], [w66,5], [w65,9], [w66,0], [67,2], [w65,4], [w65,5], [w65,2], [67,5], [w65,3], [w65,7], [w66,2], [w66,3], [67,9], [w66,6], [w65,0], [w66,4], [w65,8], [67,3], [w65,6], [w66,7], [w66,8], [67,6]] weak=[[w66,9], [w66,5], [w65,9], [w66,0], [w65,4], [w65,5], [w65,2], [w65,3], [w65,7], [w66,2], [w66,3], [w66,6], [w65,0], [w66,4], [w65,8], [w65,6], [w66,7], [w66,8]] (solid_wave_vertices: 9) solid=[[65,5], [65,9], [65,2], [65,6], [65,3], [65,7], [65,8], [65,0], [65,4]] merged=[[65,3], [65,0], [65,9], [65,7], [65,6], [65,2], [65,8], [65,4], [65,5]] --- (Vertex7)[[w66,9], [w66,5], [w65,9], [w65,1], [w66,0], [67,2], [w65,4], [w65,5], [w65,2], [w65,3], [w65,7], [w66,2], [67,7], [w66,3], [w66,6], [w65,0], [w66,4], [w65,8], [67,8], [w65,6], [67,0], [w66,7], [w66,8]] weak=[[w66,9], [w66,5], [w65,9], [w65,1], [w66,0], [w65,4], [w65,5], [w65,2], [w65,3], [w65,7], [w66,2], [w66,3], [w66,6], [w65,0], [w66,4], [w65,8], [w65,6], [w66,7], [w66,8]] (solid_wave_vertices: 10) solid=[[65,4], [65,8], [65,0], [65,1], [65,7], [65,5], [65,9], [65,3], [65,2], [65,6]] merged=[[65,3], [65,1], [65,2], [65,9], [65,8], [65,0], [65,4], [65,7], [65,5], [65,6]] --- (Vertex8)[[w66,9], [w66,5], [w65,9], [w65,1], [w66,0], [67,2], [w65,4], [w65,5], [w65,2], [w65,3], [w65,7], [w66,2], [67,7], [w66,3], [w66,6], [w65,0], [w66,4], [w65,8], [67,8], [w65,6], [67,0], [w66,7], [w66,8]] weak=[[w66,9], [w66,5], [w65,9], [w65,1], [w66,0], [w65,4], [w65,5], [w65,2], [w65,3], [w65,7], [w66,2], [w66,3], [w66,6], [w65,0], [w66,4], [w65,8], [w65,6], [w66,7], [w66,8]] (solid_wave_vertices: 10) solid=[[65,6], [65,4], [65,7], [65,5], [65,9], [65,0], [65,1], [65,8], [65,3], [65,2]] merged=[[65,7], [65,6], [65,1], [65,2], [65,5], [65,8], [65,0], [65,9], [65,3], [65,4]] --- (Vertex9)[[w66,9], [w66,5], [w65,9], [w66,0], [67,2], [w65,4], [w65,5], [w65,2], [67,5], [w65,3], [w65,7], [w66,2], [w66,3], [67,9], [w66,6], [w65,0], [w66,4], [w65,8], [67,3], [w65,6], [w66,7], [w66,8]] weak=[[w66,9], [w66,5], [w65,9], [w66,0], [w65,4], [w65,5], [w65,2], [w65,3], [w65,7], [w66,2], [w66,3], [w66,6], [w65,0], [w66,4], [w65,8], [w65,6], [w66,7], [w66,8]] (solid_wave_vertices: 9) solid=[[65,4], [65,6], [65,7], [65,5], [65,9], [65,8], [65,3], [65,2], [65,0]] merged=[[65,5], [65,3], [65,4], [65,7], [65,9], [65,2], [65,0], [65,8], [65,6]]
Round 69: (Vertex0)[[w66,9], [w66,5], [w65,9], [68,4], [68,8], [w65,1], [w66,0], [w67,2], [w66,1], [w65,4], [w65,5], [w65,2], [w67,5], [w65,3], [w65,7], [w66,2], [w67,7], [w66,3], [w67,9], [w66,6], [w65,0], [w66,4], [w67,4], [w65,8], [w67,8], [w67,3], [w65,6], [w67,0], [w66,7], [w66,8], [w67,6]] weak=[[w66,9], [w66,5], [w65,9], [w65,1], [w66,0], [w67,2], [w66,1], [w65,4], [w65,5], [w65,2], [w67,5], [w65,3], [w65,7], [w66,2], [w67,7], [w66,3], [w67,9], [w66,6], [w65,0], [w66,4], [w67,4], [w65,8], [w67,8], [w67,3], [w65,6], [w67,0], [w66,7], [w66,8], [w67,6]] (solid_wave_vertices: 10) solid=[[65,7], [65,5], [65,6], [65,1], [65,0], [65,4], [65,3], [65,2], [65,9], [65,8]] merged=[[69,0]] --- (Vertex1)[[w66,9], [w66,5], [w65,9], [68,4], [68,8], [w65,1], [w66,0], [w67,2], [w66,1], [w65,4], [w65,5], [w65,2], [w67,5], [68,3], [w65,3], [w65,7], [68,0], [w66,2], [w67,7], [w66,3], [w67,9], [w66,6], [w65,0], [w67,1], [w66,4], [w67,4], [w65,8], [w67,8], [w67,3], [w65,6], [w67,0], [w66,7], [w66,8], [w67,6]] weak=[[w66,9], [w66,5], [w65,9], [w65,1], [w66,0], [w67,2], [w66,1], [w65,4], [w65,5], [w65,2], [w67,5], [w65,3], [w65,7], [w66,2], [w67,7], [w66,3], [w67,9], [w66,6], [w65,0], [w67,1], [w66,4], [w67,4], [w65,8], [w67,8], [w67,3], [w65,6], [w67,0], [w66,7], [w66,8], [w67,6]] (solid_wave_vertices: 10) solid=[[65,5], [65,8], [65,1], [65,4], [65,0], [65,6], [65,2], [65,7], [65,9], [65,3]] merged=[[69,1]] --- (Vertex2)[[w66,9], [w66,5], [w65,9], [68,4], [w65,1], [68,9], [w66,0], [68,5], [w67,2], [w65,4], [w65,5], [w65,2], [w67,5], [68,3], [w65,3], [w65,7], [w66,2], [w67,7], [w66,3], [w67,9], [w66,6], [w65,0], [w66,4], [w67,4], [w65,8], [w67,8], [w67,3], [w65,6], [w67,0], [w66,7], [w66,8], [w67,6]] weak=[[w66,9], [w66,5], [w65,9], [w65,1], [w66,0], [w67,2], [w65,4], [w65,5], [w65,2], [w67,5], [w65,3], [w65,7], [w66,2], [w67,7], [w66,3], [w67,9], [w66,6], [w65,0], [w66,4], [w67,4], [w65,8], [w67,8], [w67,3], [w65,6], [w67,0], [w66,7], [w66,8], [w67,6]] (solid_wave_vertices: 10) solid=[[65,9], [65,8], [65,5], [65,2], [65,7], [65,0], [65,4], [65,6], [65,1], [65,3]] merged=[[69,2]] --- (Vertex3)[[w66,9], [w66,5], [w65,9], [68,4], [w65,1], [68,9], [w66,0], [68,5], [w67,2], [w65,4], [w65,5], [w65,2], [w67,5], [68,3], [w65,3], [w65,7], [w66,2], [w67,7], [w66,3], [w67,9], [w66,6], [w65,0], [w66,4], [w67,4], [w65,8], [w67,8], [w67,3], [w65,6], [w67,0], [w66,7], [w66,8], [w67,6]] weak=[[w66,9], [w66,5], [w65,9], [w65,1], [w66,0], [w67,2], [w65,4], [w65,5], [w65,2], [w67,5], [w65,3], [w65,7], [w66,2], [w67,7], [w66,3], [w67,9], [w66,6], [w65,0], [w66,4], [w67,4], [w65,8], [w67,8], [w67,3], [w65,6], [w67,0], [w66,7], [w66,8], [w67,6]] (solid_wave_vertices: 10) solid=[[65,9], [65,8], [65,2], [65,5], [65,4], [65,7], [65,1], [65,3], [65,0], [65,6]] merged=[[69,3]] --- (Vertex4)[[w66,9], [w66,5], [w65,9], [68,4], [w65,1], [68,9], [w66,0], [68,5], [w67,2], [w65,4], [w65,5], [w65,2], [w67,5], [68,3], [w65,3], [w65,7], [w66,2], [w67,7], [w66,3], [w67,9], [w66,6], [w65,0], [w66,4], [w67,4], [w65,8], [w67,8], [w67,3], [w65,6], [w67,0], [w66,7], [w66,8], [w67,6]] weak=[[w66,9], [w66,5], [w65,9], [w65,1], [w66,0], [w67,2], [w65,4], [w65,5], [w65,2], [w67,5], [w65,3], [w65,7], [w66,2], [w67,7], [w66,3], [w67,9], [w66,6], [w65,0], [w66,4], [w67,4], [w65,8], [w67,8], [w67,3], [w65,6], [w67,0], [w66,7], [w66,8], [w67,6]] (solid_wave_vertices: 10) solid=[[65,8], [65,3], [65,4], [65,1], [65,0], [65,2], [65,7], [65,5], [65,9], [65,6]] merged=[[69,4]] --- (Vertex5)[[w66,9], [w66,5], [w65,9], [68,4], [w65,1], [68,9], [w66,0], [68,5], [w67,2], [w65,4], [w65,5], [w65,2], [w67,5], [68,3], [w65,3], [w65,7], [w66,2], [w67,7], [w66,3], [w67,9], [w66,6], [w65,0], [w66,4], [w67,4], [w65,8], [w67,8], [w67,3], [w65,6], [w67,0], [w66,7], [w66,8], [w67,6]] weak=[[w66,9], [w66,5], [w65,9], [w65,1], [w66,0], [w67,2], [w65,4], [w65,5], [w65,2], [w67,5], [w65,3], [w65,7], [w66,2], [w67,7], [w66,3], [w67,9], [w66,6], [w65,0], [w66,4], [w67,4], [w65,8], [w67,8], [w67,3], [w65,6], [w67,0], [w66,7], [w66,8], [w67,6]] (solid_wave_vertices: 10) solid=[[65,2], [65,9], [65,1], [65,6], [65,5], [65,4], [65,7], [65,8], [65,0], [65,3]] merged=[[69,5]] --- (Vertex6)[[w66,9], [w66,5], [w65,9], [68,4], [w65,1], [68,9], [w66,0], [68,5], [w67,2], [w65,4], [w65,5], [w65,2], [w67,5], [68,3], [w65,3], [w65,7], [w66,2], [w67,7], [w66,3], [w67,9], [w66,6], [w65,0], [w66,4], [w67,4], [w65,8], [w67,8], [w67,3], [w65,6], [w67,0], [w66,7], [w66,8], [w67,6]] weak=[[w66,9], [w66,5], [w65,9], [w65,1], [w66,0], [w67,2], [w65,4], [w65,5], [w65,2], [w67,5], [w65,3], [w65,7], [w66,2], [w67,7], [w66,3], [w67,9], [w66,6], [w65,0], [w66,4], [w67,4], [w65,8], [w67,8], [w67,3], [w65,6], [w67,0], [w66,7], [w66,8], [w67,6]] (solid_wave_vertices: 10) solid=[[65,1], [65,5], [65,6], [65,4], [65,7], [65,8], [65,2], [65,9], [65,3], [65,0]] merged=[[69,6]] --- (Vertex7)[[w66,9], [w66,5], [w65,9], [68,8], [w65,1], [w66,0], [w67,2], [w66,1], [w65,4], [w65,5], [w65,2], [w67,5], [w65,3], [w65,7], [w66,2], [w67,7], [w66,3], [w67,9], [w66,6], [w65,0], [w66,4], [w67,4], [w65,8], [w67,8], [w67,3], [w65,6], [w67,0], [w66,7], [w66,8], [w67,6]] weak=[[w66,9], [w66,5], [w65,9], [w65,1], [w66,0], [w67,2], [w66,1], [w65,4], [w65,5], [w65,2], [w67,5], [w65,3], [w65,7], [w66,2], [w67,7], [w66,3], [w67,9], [w66,6], [w65,0], [w66,4], [w67,4], [w65,8], [w67,8], [w67,3], [w65,6], [w67,0], [w66,7], [w66,8], [w67,6]] (solid_wave_vertices: 10) solid=[[65,6], [65,9], [65,4], [65,0], [65,3], [65,1], [65,7], [65,2], [65,8], [65,5]] merged=[[69,7]] --- (Vertex8)[[w66,9], [w66,5], [w65,9], [68,4], [68,8], [w65,1], [w66,0], [w67,2], [w66,1], [w65,4], [w65,5], [w65,2], [w67,5], [w65,3], [w65,7], [68,0], [w66,2], [w67,7], [w66,3], [w67,9], [w66,6], [w65,0], [w66,4], [w67,4], [w65,8], [w67,8], [w67,3], [w65,6], [w67,0], [w66,7], [w66,8], [w67,6]] weak=[[w66,9], [w66,5], [w65,9], [w65,1], [w66,0], [w67,2], [w66,1], [w65,4], [w65,5], [w65,2], [w67,5], [w65,3], [w65,7], [w66,2], [w67,7], [w66,3], [w67,9], [w66,6], [w65,0], [w66,4], [w67,4], [w65,8], [w67,8], [w67,3], [w65,6], [w67,0], [w66,7], [w66,8], [w67,6]] (solid_wave_vertices: 10) solid=[[65,9], [65,5], [65,0], [65,6], [65,4], [65,1], [65,8], [65,2], [65,7], [65,3]] merged=[[69,8]] --- (Vertex9)[[w66,9], [w66,5], [w65,9], [68,4], [w65,1], [68,9], [w66,0], [68,5], [w67,2], [w65,4], [w65,5], [w65,2], [w67,5], [68,3], [w65,3], [w65,7], [w66,2], [w67,7], [w66,3], [w67,9], [w66,6], [w65,0], [w66,4], [w67,4], [w65,8], [w67,8], [w67,3], [w65,6], [w67,0], [w66,7], [w66,8], [w67,6]] weak=[[w66,9], [w66,5], [w65,9], [w65,1], [w66,0], [w67,2], [w65,4], [w65,5], [w65,2], [w67,5], [w65,3], [w65,7], [w66,2], [w67,7], [w66,3], [w67,9], [w66,6], [w65,0], [w66,4], [w67,4], [w65,8], [w67,8], [w67,3], [w65,6], [w67,0], [w66,7], [w66,8], [w67,6]] (solid_wave_vertices: 10) solid=[[65,5], [65,1], [65,3], [65,9], [65,4], [65,7], [65,8], [65,2], [65,0], [65,6]] merged=[[69,9]]
Round 70: (Vertex0)[[69,5], [69,0], [69,6], [69,7]] (solid_wave_vertices: 4) solid=[[69,7], [69,5], [69,6], [69,0]] merged=[[69,0], [69,7], [69,5], [69,6]] --- (Vertex1)[[69,4], [69,3], [69,6], [69,7]] (solid_wave_vertices: 4) solid=[[69,7], [69,3], [69,6], [69,4]] merged=[[69,7], [69,6], [69,3], [69,4]] --- (Vertex2)[[69,2], [69,4], [69,5], [69,9], [69,6]] (solid_wave_vertices: 5) solid=[[69,5], [69,9], [69,4], [69,6], [69,2]] merged=[[69,4], [69,6], [69,2], [69,9], [69,5]] --- (Vertex3)[[69,2], [69,4], [69,5], [69,9], [69,6]] (solid_wave_vertices: 5) solid=[[69,9], [69,2], [69,5], [69,6], [69,4]] merged=[[69,6], [69,2], [69,9], [69,4], [69,5]] --- (Vertex4)[[69,2], [69,4], [69,5], [69,9], [69,6]] (solid_wave_vertices: 5) solid=[[69,6], [69,4], [69,5], [69,2], [69,9]] merged=[[69,6], [69,5], [69,2], [69,9], [69,4]] --- (Vertex5)[[69,2], [69,4], [69,5], [69,9], [69,6]] (solid_wave_vertices: 5) solid=[[69,6], [69,9], [69,5], [69,2], [69,4]] merged=[[69,9], [69,2], [69,6], [69,4], [69,5]] --- (Vertex6)[[69,2], [69,4], [69,5], [69,9], [69,6]] (solid_wave_vertices: 5) solid=[[69,4], [69,6], [69,2], [69,9], [69,5]] merged=[[69,5], [69,9], [69,6], [69,4], [69,2]] --- (Vertex7)[[69,4], [69,0], [69,6], [69,7]] (solid_wave_vertices: 4) solid=[[69,6], [69,4], [69,0], [69,7]] merged=[[69,0], [69,6], [69,7], [69,4]] --- (Vertex8)[[69,4], [69,0], [69,6], [69,7]] (solid_wave_vertices: 4) solid=[[69,4], [69,6], [69,0], [69,7]] merged=[[69,6], [69,0], [69,4], [69,7]] --- (Vertex9)[[69,2], [69,4], [69,5], [69,9], [69,6]] (solid_wave_vertices: 5) solid=[[69,5], [69,6], [69,2], [69,9], [69,4]] merged=[[69,4], [69,9], [69,6], [69,2], [69,5]]
Round 71: (Vertex0)[[w69,2], [70,8], [w69,4], [w69,5], [w69,8], [70,6], [w69,0], [70,7], [w69,9], [w69,3], [70,3], [w69,6], [70,4], [w69,7]] weak=[[w69,2], [w69,4], [w69,5], [w69,8], [w69,0], [w69,9], [w69,3], [w69,6], [w69,7]] (solid_wave_vertices: 9) solid=[[69,0], [69,6], [69,9], [69,5], [69,4], [69,2], [69,3], [69,7], [69,8]] merged=[[69,2], [69,4], [69,5], [69,3], [69,7], [69,9], [69,6], [69,0], [69,8]] --- (Vertex1)[[w69,2], [70,8], [w69,4], [w69,5], [w69,8], [70,6], [w69,0], [70,7], [70,2], [w69,9], [w69,3], [70,3], [w69,6], [70,5], [70,4], [w69,7]] weak=[[w69,2], [w69,4], [w69,5], [w69,8], [w69,0], [w69,9], [w69,3], [w69,6], [w69,7]] (solid_wave_vertices: 9) solid=[[69,2], [69,9], [69,8], [69,4], [69,0], [69,3], [69,5], [69,6], [69,7]] merged=[[69,4], [69,6], [69,3], [69,7], [69,8], [69,0], [69,2], [69,9], [69,5]] --- (Vertex2)[[w69,2], [w69,4], [w69,5], [w69,8], [70,6], [w69,0], [70,2], [w69,9], [w69,3], [70,3], [w69,6], [70,5], [70,9], [70,4], [w69,7]] weak=[[w69,2], [w69,4], [w69,5], [w69,8], [w69,0], [w69,9], [w69,3], [w69,6], [w69,7]] (solid_wave_vertices: 9) solid=[[69,4], [69,3], [69,9], [69,0], [69,2], [69,8], [69,5], [69,7], [69,6]] merged=[[69,4], [69,7], [69,6], [69,8], [69,0], [69,5], [69,2], [69,9], [69,3]] --- (Vertex3)[[w69,2], [w69,4], [w69,5], [w69,8], [70,6], [w69,0], [70,2], [w69,9], [w69,3], [70,3], [w69,6], [70,5], [70,9], [70,4], [w69,7]] weak=[[w69,2], [w69,4], [w69,5], [w69,8], [w69,0], [w69,9], [w69,3], [w69,6], [w69,7]] (solid_wave_vertices: 9) solid=[[69,4], [69,0], [69,9], [69,8], [69,7], [69,6], [69,2], [69,3], [69,5]] merged=[[69,3], [69,5], [69,6], [69,4], [69,2], [69,8], [69,7], [69,0], [69,9]] --- (Vertex4)[[w69,2], [w69,4], [w69,5], [w69,8], [70,6], [w69,0], [70,2], [w69,9], [w69,3], [70,3], [w69,6], [70,5], [70,9], [70,4], [w69,7]] weak=[[w69,2], [w69,4], [w69,5], [w69,8], [w69,0], [w69,9], [w69,3], [w69,6], [w69,7]] (solid_wave_vertices: 9) solid=[[69,2], [69,4], [69,5], [69,9], [69,6], [69,8], [69,3], [69,0], [69,7]] merged=[[69,2], [69,0], [69,5], [69,3], [69,9], [69,8], [69,4], [69,6], [69,7]] --- (Vertex5)[[w69,2], [w69,4], [w69,5], [w69,8], [70,6], [w69,0], [70,2], [w69,9], [w69,3], [70,3], [w69,6], [70,5], [70,9], [70,4], [w69,7]] weak=[[w69,2], [w69,4], [w69,5], [w69,8], [w69,0], [w69,9], [w69,3], [w69,6], [w69,7]] (solid_wave_vertices: 9) solid=[[69,8], [69,3], [69,9], [69,0], [69,5], [69,4], [69,6], [69,2], [69,7]] merged=[[69,0], [69,7], [69,3], [69,6], [69,8], [69,9], [69,5], [69,2], [69,4]] --- (Vertex6)[[w69,2], [w69,4], [w69,5], [w69,8], [70,6], [w69,0], [70,2], [w69,9], [w69,3], [70,3], [w69,6], [70,5], [70,9], [70,4], [w69,7]] weak=[[w69,2], [w69,4], [w69,5], [w69,8], [w69,0], [w69,9], [w69,3], [w69,6], [w69,7]] (solid_wave_vertices: 9) solid=[[69,0], [69,4], [69,5], [69,6], [69,9], [69,3], [69,7], [69,8], [69,2]] merged=[[69,3], [69,4], [69,9], [69,5], [69,7], [69,8], [69,0], [69,6], [69,2]] --- (Vertex7)[[w69,2], [70,8], [w69,4], [w69,5], [w69,8], [70,6], [w69,0], [70,7], [70,2], [w69,9], [w69,3], [w69,6], [w69,7]] weak=[[w69,2], [w69,4], [w69,5], [w69,8], [w69,0], [w69,9], [w69,3], [w69,6], [w69,7]] (solid_wave_vertices: 9) solid=[[69,4], [69,5], [69,2], [69,0], [69,7], [69,6], [69,3], [69,9], [69,8]] merged=[[69,5], [69,7], [69,8], [69,4], [69,9], [69,0], [69,6], [69,2], [69,3]] --- (Vertex8)[[w69,2], [70,8], [w69,4], [w69,5], [w69,8], [70,6], [w69,0], [w69,9], [w69,3], [w69,6], [w69,7]] weak=[[w69,2], [w69,4], [w69,5], [w69,8], [w69,0], [w69,9], [w69,3], [w69,6], [w69,7]] (solid_wave_vertices: 9) solid=[[69,5], [69,8], [69,2], [69,9], [69,7], [69,4], [69,0], [69,3], [69,6]] merged=[[69,0], [69,9], [69,7], [69,8], [69,6], [69,2], [69,3], [69,4], [69,5]] --- (Vertex9)[[w69,2], [w69,4], [w69,5], [w69,8], [70,6], [w69,0], [70,2], [w69,9], [w69,3], [70,3], [w69,6], [70,5], [70,9], [70,4], [w69,7]] weak=[[w69,2], [w69,4], [w69,5], [w69,8], [w69,0], [w69,9], [w69,3], [w69,6], [w69,7]] (solid_wave_vertices: 9) solid=[[69,9], [69,0], [69,5], [69,3], [69,6], [69,4], [69,8], [69,7], [69,2]] merged=[[69,2], [69,0], [69,8], [69,6], [69,4], [69,5], [69,3], [69,9], [69,7]]
Round 72: (Vertex0)[[w69,2], [w70,8], [71,7], [w69,4], [w69,5], [w69,8], [w70,6], [w69,0], [w70,7], [w70,2], [w69,9], [71,0], [w69,3], [w70,3], [71,6], [w69,6], [w70,5], [w70,0], [w70,9], [w70,4], [w69,7], [71,8]] weak=[[w69,2], [w70,8], [w69,4], [w69,5], [w69,8], [w70,6], [w69,0], [w70,7], [w70,2], [w69,9], [w69,3], [w70,3], [w69,6], [w70,5], [w70,0], [w70,9], [w70,4], [w69,7]] (solid_wave_vertices: 9) solid=[[69,0], [69,8], [69,3], [69,4], [69,2], [69,7], [69,5], [69,6], [69,9]] merged=[[69,0], [69,7], [69,3], [69,9], [69,8], [69,4], [69,6], [69,5], [69,2]] --- (Vertex1)[[w69,2], [71,2], [71,4], [w70,8], [w69,4], [w69,5], [w69,8], [w70,6], [w69,0], [w70,7], [w70,2], [w69,9], [w69,3], [w70,3], [w69,6], [w70,5], [w70,0], [w70,9], [w69,1], [71,3], [w70,4], [w69,7], [w70,1], [71,8]] weak=[[w69,2], [w70,8], [w69,4], [w69,5], [w69,8], [w70,6], [w69,0], [w70,7], [w70,2], [w69,9], [w69,3], [w70,3], [w69,6], [w70,5], [w70,0], [w70,9], [w69,1], [w70,4], [w69,7], [w70,1]] (solid_wave_vertices: 10) solid=[[69,1], [69,5], [69,2], [69,4], [69,7], [69,9], [69,0], [69,3], [69,8], [69,6]] merged=[[69,1], [69,9], [69,4], [69,2], [69,3], [69,8], [69,0], [69,6], [69,5], [69,7]] --- (Vertex2)[[w69,2], [71,2], [71,4], [w70,8], [w69,4], [w69,5], [w69,8], [w70,6], [w69,0], [w70,7], [w70,2], [w69,9], [w69,3], [w70,3], [71,6], [w69,6], [w70,5], [w70,0], [w70,9], [71,3], [w70,4], [w69,7]] weak=[[w69,2], [w70,8], [w69,4], [w69,5], [w69,8], [w70,6], [w69,0], [w70,7], [w70,2], [w69,9], [w69,3], [w70,3], [w69,6], [w70,5], [w70,0], [w70,9], [w70,4], [w69,7]] (solid_wave_vertices: 9) solid=[[69,0], [69,4], [69,7], [69,2], [69,6], [69,5], [69,8], [69,3], [69,9]] merged=[[69,2], [69,7], [69,4], [69,0], [69,6], [69,3], [69,5], [69,8], [69,9]] --- (Vertex3)[[w69,2], [71,2], [71,4], [w70,8], [w69,4], [w69,5], [w69,8], [w70,6], [w69,0], [w70,7], [w70,2], [w69,9], [w69,3], [w70,3], [71,6], [w69,6], [w70,5], [w70,0], [w70,9], [71,3], [w70,4], [w69,7]] weak=[[w69,2], [w70,8], [w69,4], [w69,5], [w69,8], [w70,6], [w69,0], [w70,7], [w70,2], [w69,9], [w69,3], [w70,3], [w69,6], [w70,5], [w70,0], [w70,9], [w70,4], [w69,7]] (solid_wave_vertices: 9) solid=[[69,6], [69,2], [69,9], [69,5], [69,0], [69,4], [69,8], [69,3], [69,7]] merged=[[69,3], [69,9], [69,4], [69,6], [69,7], [69,0], [69,5], [69,8], [69,2]] --- (Vertex4)[[w69,2], [71,2], [71,4], [w70,8], [w69,4], [w69,5], [w69,8], [w70,6], [w69,0], [w70,7], [w70,2], [w69,9], [w69,3], [w70,3], [71,6], [w69,6], [w70,5], [w70,9], [71,3], [w70,4], [w69,7]] weak=[[w69,2], [w70,8], [w69,4], [w69,5], [w69,8], [w70,6], [w69,0], [w70,7], [w70,2], [w69,9], [w69,3], [w70,3], [w69,6], [w70,5], [w70,9], [w70,4], [w69,7]] (solid_wave_vertices: 9) solid=[[69,0], [69,8], [69,9], [69,6], [69,2], [69,5], [69,7], [69,4], [69,3]] merged=[[69,6], [69,7], [69,9], [69,4], [69,5], [69,0], [69,8], [69,2], [69,3]] --- (Vertex5)[[w69,2], [71,2], [71,4], [w70,8], [w69,4], [w69,5], [w69,8], [w70,6], [w69,0], [w70,7], [w70,2], [w69,9], [w69,3], [w70,3], [71,6], [w69,6], [w70,5], [w70,0], [w70,9], [71,3], [w70,4], [w69,7]] weak=[[w69,2], [w70,8], [w69,4], [w69,5], [w69,8], [w70,6], [w69,0], [w70,7], [w70,2], [w69,9], [w69,3], [w70,3], [w69,6], [w70,5], [w70,0], [w70,9], [w70,4], [w69,7]] (solid_wave_vertices: 9) solid=[[69,6], [69,0], [69,4], [69,3], [69,5], [69,2], [69,7], [69,9], [69,8]] merged=[[69,8], [69,6], [69,2], [69,5], [69,9], [69,3], [69,4], [69,7], [69,0]] --- (Vertex6)[[w69,2], [71,2], [71,4], [w70,8], [w69,4], [w69,5], [w69,8], [w70,6], [w69,0], [w70,7], [w70,2], [w69,9], [w69,3], [w70,3], [71,6], [w69,6], [w70,5], [w70,0], [w70,9], [71,3], [w70,4], [w69,7]] weak=[[w69,2], [w70,8], [w69,4], [w69,5], [w69,8], [w70,6], [w69,0], [w70,7], [w70,2], [w69,9], [w69,3], [w70,3], [w69,6], [w70,5], [w70,0], [w70,9], [w70,4], [w69,7]] (solid_wave_vertices: 9) solid=[[69,7], [69,5], [69,6], [69,4], [69,2], [69,9], [69,8], [69,3], [69,0]] merged=[[69,7], [69,8], [69,0], [69,3], [69,5], [69,2], [69,9], [69,4], [69,6]] --- (Vertex7)[[w69,2], [w70,8], [71,7], [w69,4], [w69,5], [w69,8], [w70,6], [w69,0], [w70,7], [w70,2], [w69,9], [71,0], [w69,3], [w70,3], [w69,6], [w70,5], [w70,0], [w70,9], [71,3], [w70,4], [w69,7], [71,8]] weak=[[w69,2], [w70,8], [w69,4], [w69,5], [w69,8], [w70,6], [w69,0], [w70,7], [w70,2], [w69,9], [w69,3], [w70,3], [w69,6], [w70,5], [w70,0], [w70,9], [w70,4], [w69,7]] (solid_wave_vertices: 9) solid=[[69,8], [69,3], [69,9], [69,5], [69,6], [69,2], [69,7], [69,0], [69,4]] merged=[[69,7], [69,2], [69,6], [69,4], [69,8], [69,0], [69,5], [69,9], [69,3]] --- (Vertex8)[[w69,2], [71,4], [w70,8], [w69,4], [w69,5], [w69,8], [w70,6], [w69,0], [w70,7], [w70,2], [w69,9], [71,0], [w69,3], [w70,3], [w69,6], [w70,5], [w70,0], [w70,9], [71,3], [w70,4], [w69,7], [71,8]] weak=[[w69,2], [w70,8], [w69,4], [w69,5], [w69,8], [w70,6], [w69,0], [w70,7], [w70,2], [w69,9], [w69,3], [w70,3], [w69,6], [w70,5], [w70,0], [w70,9], [w70,4], [w69,7]] (solid_wave_vertices: 9) solid=[[69,7], [69,6], [69,2], [69,9], [69,4], [69,3], [69,8], [69,0], [69,5]] merged=[[69,0], [69,4], [69,6], [69,2], [69,5], [69,3], [69,8], [69,7], [69,9]] --- (Vertex9)[[w69,2], [71,2], [71,4], [w70,8], [w69,4], [w69,5], [w69,8], [w70,6], [w69,0], [w70,7], [w70,2], [w69,9], [71,9], [w69,3], [w70,3], [71,6], [w69,6], [w70,5], [w70,0], [w70,9], [71,3], [w70,4], [w69,7]] weak=[[w69,2], [w70,8], [w69,4], [w69,5], [w69,8], [w70,6], [w69,0], [w70,7], [w70,2], [w69,9], [w69,3], [w70,3], [w69,6], [w70,5], [w70,0], [w70,9], [w70,4], [w69,7]] (solid_wave_vertices: 9) solid=[[69,4], [69,8], [69,0], [69,3], [69,7], [69,9], [69,6], [69,2], [69,5]] merged=[[69,6], [69,3], [69,9], [69,0], [69,7], [69,2], [69,5], [69,4], [69,8]]
Round 73: (Vertex0)[[w69,2], [w71,2], [w71,4], [w70,8], [w71,5], [w71,7], [72,5], [w69,4], [w69,5], [w69,8], [w70,6], [w69,0], [w70,7], [w70,2], [w69,9], [w71,0], [w71,9], [72,8], [w69,3], [w70,3], [w71,6], [w69,6], [w70,5], [w70,0], [w70,9], [w69,1], [w71,3], [w70,4], [w69,7], [w70,1], [w71,8]] weak=[[w69,2], [w71,2], [w71,4], [w70,8], [w71,5], [w71,7], [w69,4], [w69,5], [w69,8], [w70,6], [w69,0], [w70,7], [w70,2], [w69,9], [w71,0], [w71,9], [w69,3], [w70,3], [w71,6], [w69,6], [w70,5], [w70,0], [w70,9], [w69,1], [w71,3], [w70,4], [w69,7], [w70,1], [w71,8]] (solid_wave_vertices: 10) solid=[[69,8], [69,3], [69,9], [69,1], [69,7], [69,0], [69,5], [69,4], [69,2], [69,6]] merged=[[73,0]] --- (Vertex1)[[w69,2], [w71,2], [w71,4], [w70,8], [w71,5], [w71,7], [72,5], [w71,1], [w69,4], [w69,5], [72,2], [w69,8], [w70,6], [w69,0], [w70,7], [w70,2], [w69,9], [w71,0], [w71,9], [w69,3], [w70,3], [w71,6], [w69,6], [w70,5], [w70,0], [w70,9], [w69,1], [w71,3], [w70,4], [w69,7], [w70,1], [w71,8]] weak=[[w69,2], [w71,2], [w71,4], [w70,8], [w71,5], [w71,7], [w71,1], [w69,4], [w69,5], [w69,8], [w70,6], [w69,0], [w70,7], [w70,2], [w69,9], [w71,0], [w71,9], [w69,3], [w70,3], [w71,6], [w69,6], [w70,5], [w70,0], [w70,9], [w69,1], [w71,3], [w70,4], [w69,7], [w70,1], [w71,8]] (solid_wave_vertices: 10) solid=[[69,8], [69,5], [69,3], [69,0], [69,1], [69,9], [69,2], [69,7], [69,4], [69,6]] merged=[[73,1]] --- (Vertex2)[[w69,2], [w71,2], [w71,4], [w70,8], [w71,5], [w71,7], [72,5], [w69,4], [w69,5], [w69,8], [w70,6], [w69,0], [w70,7], [w70,2], [w69,9], [w71,0], [w71,9], [w69,3], [w70,3], [w71,6], [w69,6], [w70,5], [w70,0], [w70,9], [w69,1], [w71,3], [w70,4], [w69,7], [w71,8]] weak=[[w69,2], [w71,2], [w71,4], [w70,8], [w71,5], [w71,7], [w69,4], [w69,5], [w69,8], [w70,6], [w69,0], [w70,7], [w70,2], [w69,9], [w71,0], [w71,9], [w69,3], [w70,3], [w71,6], [w69,6], [w70,5], [w70,0], [w70,9], [w69,1], [w71,3], [w70,4], [w69,7], [w71,8]] (solid_wave_vertices: 10) solid=[[69,5], [69,2], [69,3], [69,1], [69,9], [69,4], [69,6], [69,8], [69,7], [69,0]] merged=[[73,2]] --- (Vertex3)[[w69,2], [w71,2], [w71,4], [w70,8], [w71,5], [w71,7], [72,5], [w69,4], [w69,5], [w69,8], [w70,6], [w69,0], [w70,7], [w70,2], [w69,9], [w71,0], [w71,9], [w69,3], [w70,3], [w71,6], [w69,6], [w70,5], [w70,0], [w70,9], [w69,1], [w71,3], [w70,4], [w69,7], [w71,8]] weak=[[w69,2], [w71,2], [w71,4], [w70,8], [w71,5], [w71,7], [w69,4], [w69,5], [w69,8], [w70,6], [w69,0], [w70,7], [w70,2], [w69,9], [w71,0], [w71,9], [w69,3], [w70,3], [w71,6], [w69,6], [w70,5], [w70,0], [w70,9], [w69,1], [w71,3], [w70,4], [w69,7], [w71,8]] (solid_wave_vertices: 10) solid=[[69,3], [69,1], [69,7], [69,8], [69,5], [69,0], [69,2], [69,4], [69,9], [69,6]] merged=[[73,3]] --- (Vertex4)[[w69,2], [w71,2], [w71,4], [w70,8], [w71,5], [w71,7], [72,5], [w69,4], [w69,5], [72,2], [w69,8], [w70,6], [w69,0], [w70,7], [w70,2], [w69,9], [w71,0], [w71,9], [w69,3], [w70,3], [w71,6], [w69,6], [w70,5], [w70,0], [w70,9], [w69,1], [w71,3], [w70,4], [w69,7], [w71,8]] weak=[[w69,2], [w71,2], [w71,4], [w70,8], [w71,5], [w71,7], [w69,4], [w69,5], [w69,8], [w70,6], [w69,0], [w70,7], [w70,2], [w69,9], [w71,0], [w71,9], [w69,3], [w70,3], [w71,6], [w69,6], [w70,5], [w70,0], [w70,9], [w69,1], [w71,3], [w70,4], [w69,7], [w71,8]] (solid_wave_vertices: 10) solid=[[69,8], [69,2], [69,4], [69,5], [69,9], [69,0], [69,6], [69,1], [69,7], [69,3]] merged=[[73,4]] --- (Vertex5)[[w69,2], [w71,2], [w71,4], [w70,8], [w71,5], [w71,7], [72,5], [w69,4], [w69,5], [w69,8], [w70,6], [w69,0], [w70,7], [w70,2], [w69,9], [w71,0], [w71,9], [w69,3], [w70,3], [w71,6], [w69,6], [w70,5], [w70,0], [w70,9], [w69,1], [w71,3], [w70,4], [w69,7], [w71,8]] weak=[[w69,2], [w71,2], [w71,4], [w70,8], [w71,5], [w71,7], [w69,4], [w69,5], [w69,8], [w70,6], [w69,0], [w70,7], [w70,2], [w69,9], [w71,0], [w71,9], [w69,3], [w70,3], [w71,6], [w69,6], [w70,5], [w70,0], [w70,9], [w69,1], [w71,3], [w70,4], [w69,7], [w71,8]] (solid_wave_vertices: 10) solid=[[69,7], [69,6], [69,4], [69,5], [69,9], [69,8], [69,3], [69,1], [69,2], [69,0]] merged=[[73,5]] --- (Vertex6)[[w69,2], [w71,2], [w71,4], [w70,8], [w71,5], [w71,7], [72,5], [w69,4], [w69,5], [72,2], [w69,8], [w70,6], [w69,0], [w70,7], [w70,2], [w69,9], [w71,0], [w71,9], [w69,3], [w70,3], [w71,6], [w69,6], [w70,5], [w70,0], [w70,9], [w69,1], [w71,3], [w70,4], [w69,7], [w71,8]] weak=[[w69,2], [w71,2], [w71,4], [w70,8], [w71,5], [w71,7], [w69,4], [w69,5], [w69,8], [w70,6], [w69,0], [w70,7], [w70,2], [w69,9], [w71,0], [w71,9], [w69,3], [w70,3], [w71,6], [w69,6], [w70,5], [w70,0], [w70,9], [w69,1], [w71,3], [w70,4], [w69,7], [w71,8]] (solid_wave_vertices: 10) solid=[[69,6], [69,7], [69,0], [69,5], [69,4], [69,8], [69,1], [69,2], [69,9], [69,3]] merged=[[73,6]] --- (Vertex7)[[w69,2], [w71,2], [w71,4], [w70,8], [w71,5], [w71,7], [72,5], [w69,4], [w69,5], [w69,8], [w70,6], [w69,0], [w70,7], [w70,2], [w69,9], [w71,0], [w71,9], [72,8], [w69,3], [w70,3], [w71,6], [w69,6], [w70,5], [w70,0], [w70,9], [w69,1], [w71,3], [w70,4], [w69,7], [w70,1], [w71,8]] weak=[[w69,2], [w71,2], [w71,4], [w70,8], [w71,5], [w71,7], [w69,4], [w69,5], [w69,8], [w70,6], [w69,0], [w70,7], [w70,2], [w69,9], [w71,0], [w71,9], [w69,3], [w70,3], [w71,6], [w69,6], [w70,5], [w70,0], [w70,9], [w69,1], [w71,3], [w70,4], [w69,7], [w70,1], [w71,8]] (solid_wave_vertices: 10) solid=[[69,8], [69,6], [69,2], [69,5], [69,3], [69,9], [69,0], [69,7], [69,4], [69,1]] merged=[[73,7]] --- (Vertex8)[[w69,2], [w71,2], [w71,4], [w70,8], [w71,5], [w71,7], [72,5], [w69,4], [w69,5], [w69,8], [w70,6], [w69,0], [w70,7], [w70,2], [w69,9], [w71,0], [w71,9], [72,8], [w69,3], [w70,3], [w71,6], [w69,6], [w70,5], [w70,0], [w70,9], [w69,1], [w71,3], [w70,4], [w69,7], [w70,1], [w71,8]] weak=[[w69,2], [w71,2], [w71,4], [w70,8], [w71,5], [w71,7], [w69,4], [w69,5], [w69,8], [w70,6], [w69,0], [w70,7], [w70,2], [w69,9], [w71,0], [w71,9], [w69,3], [w70,3], [w71,6], [w69,6], [w70,5], [w70,0], [w70,9], [w69,1], [w71,3], [w70,4], [w69,7], [w70,1], [w71,8]] (solid_wave_vertices: 10) solid=[[69,1], [69,0], [69,4], [69,5], [69,3], [69,7], [69,2], [69,9], [69,6], [69,8]] merged=[[73,8]] --- (Vertex9)[[w69,2], [w71,2], [w71,4], [w70,8], [w71,5], [w71,7], [72,5], [w69,4], [w69,5], [72,2], [w69,8], [w70,6], [w69,0], [w70,7], [w70,2], [w69,9], [w71,0], [w71,9], [w69,3], [w70,3], [w71,6], [w69,6], [w70,5], [w70,0], [w70,9], [w69,1], [w71,3], [w70,4], [w69,7], [w71,8]] weak=[[w69,2], [w71,2], [w71,4], [w70,8], [w71,5], [w71,7], [w69,4], [w69,5], [w69,8], [w70,6], [w69,0], [w70,7], [w70,2], [w69,9], [w71,0], [w71,9], [w69,3], [w70,3], [w71,6], [w69,6], [w70,5], [w70,0], [w70,9], [w69,1], [w71,3], [w70,4], [w69,7], [w71,8]] (solid_wave_vertices: 10) solid=[[69,2], [69,6], [69,7], [69,5], [69,8], [69,3], [69,9], [69,0], [69,4], [69,1]] merged=[[73,9]]
Round 74: (Vertex0)[[73,7], [73,0], [73,3], [73,8], [73,6]] (solid_wave_vertices: 5) solid=[[73,6], [73,7], [73,3], [73,0], [73,8]] merged=[[73,3], [73,8], [73,0], [73,7], [73,6]] --- (Vertex1)[[73,0], [73,3], [73,4], [73,9], [73,5]] (solid_wave_vertices: 5) solid=[[73,9], [73,0], [73,3], [73,5], [73,4]] merged=[[73,9], [73,5], [73,4], [73,3], [73,0]] --- (Vertex2)[[73,3], [73,6], [73,4], [73,9], [73,5]] (solid_wave_vertices: 5) solid=[[73,3], [73,5], [73,4], [73,9], [73,6]] merged=[[73,4], [73,5], [73,9], [73,3], [73,6]] --- (Vertex3)[[73,3], [73,6], [73,4], [73,9], [73,5]] (solid_wave_vertices: 5) solid=[[73,6], [73,9], [73,4], [73,3], [73,5]] merged=[[73,6], [73,5], [73,4], [73,3], [73,9]] --- (Vertex4)[[73,3], [73,6], [73,4], [73,9], [73,5]] (solid_wave_vertices: 5) solid=[[73,9], [73,3], [73,6], [73,4], [73,5]] merged=[[73,6], [73,5], [73,4], [73,9], [73,3]] --- (Vertex5)[[73,3], [73,6], [73,4], [73,9], [73,5]] (solid_wave_vertices: 5) solid=[[73,9], [73,4], [73,3], [73,6], [73,5]] merged=[[73,3], [73,4], [73,9], [73,6], [73,5]] --- (Vertex6)[[73,3], [73,6], [73,4], [73,9], [73,5]] (solid_wave_vertices: 5) solid=[[73,4], [73,9], [73,3], [73,5], [73,6]] merged=[[73,9], [73,3], [73,5], [73,6], [73,4]] --- (Vertex7)[[73,7], [73,0], [73,8], [73,6]] (solid_wave_vertices: 4) solid=[[73,8], [73,6], [73,7], [73,0]] merged=[[73,8], [73,0], [73,6], [73,7]] --- (Vertex8)[[73,7], [73,0], [73,8], [73,6], [73,9]] (solid_wave_vertices: 5) solid=[[73,9], [73,7], [73,0], [73,8], [73,6]] merged=[[73,7], [73,8], [73,9], [73,0], [73,6]] --- (Vertex9)[[73,3], [73,6], [73,4], [73,9], [73,5]] (solid_wave_vertices: 5) solid=[[73,9], [73,5], [73,6], [73,4], [73,3]] merged=[[73,3], [73,9], [73,6], [73,5], [73,4]]
Round 75: (Vertex0)[[74,7], [w73,2], [74,8], [w73,7], [w73,0], [74,2], [w73,3], [74,0], [w73,8], [w73,6], [w73,4], [w73,9], [w73,5]] weak=[[w73,2], [w73,7], [w73,0], [w73,3], [w73,8], [w73,6], [w73,4], [w73,9], [w73,5]] (solid_wave_vertices: 9) solid=[[73,5], [73,9], [73,6], [73,3], [73,7], [73,4], [73,0], [73,8], [73,2]] merged=[[73,3], [73,9], [73,8], [73,5], [73,7], [73,6], [73,0], [73,4], [73,2]] --- (Vertex1)[[w73,2], [w73,7], [w73,0], [74,2], [w73,3], [w73,1], [74,4], [w73,8], [w73,6], [w73,4], [74,6], [74,3], [w73,9], [w73,5]] weak=[[w73,2], [w73,7], [w73,0], [w73,3], [w73,1], [w73,8], [w73,6], [w73,4], [w73,9], [w73,5]] (solid_wave_vertices: 10) solid=[[73,1], [73,0], [73,5], [73,9], [73,4], [73,8], [73,7], [73,3], [73,2], [73,6]] merged=[[73,8], [73,2], [73,9], [73,7], [73,6], [73,0], [73,3], [73,5], [73,4], [73,1]] --- (Vertex2)[[w73,2], [w73,7], [w73,0], [74,2], [74,9], [w73,3], [74,4], [w73,8], [w73,6], [w73,4], [74,6], [74,3], [w73,9], [w73,5]] weak=[[w73,2], [w73,7], [w73,0], [w73,3], [w73,8], [w73,6], [w73,4], [w73,9], [w73,5]] (solid_wave_vertices: 9) solid=[[73,4], [73,6], [73,3], [73,5], [73,0], [73,8], [73,7], [73,9], [73,2]] merged=[[73,6], [73,2], [73,8], [73,0], [73,3], [73,5], [73,4], [73,7], [73,9]] --- (Vertex3)[[w73,2], [w73,7], [w73,0], [74,2], [74,9], [w73,3], [74,4], [w73,8], [w73,6], [w73,4], [74,6], [74,3], [w73,9], [w73,5]] weak=[[w73,2], [w73,7], [w73,0], [w73,3], [w73,8], [w73,6], [w73,4], [w73,9], [w73,5]] (solid_wave_vertices: 9) solid=[[73,7], [73,9], [73,5], [73,4], [73,2], [73,0], [73,3], [73,8], [73,6]] merged=[[73,0], [73,8], [73,2], [73,3], [73,7], [73,6], [73,5], [73,9], [73,4]] --- (Vertex4)[[w73,2], [w73,7], [w73,0], [74,2], [74,9], [w73,3], [74,4], [w73,8], [w73,6], [w73,4], [74,6], [74,3], [w73,9], [w73,5]] weak=[[w73,2], [w73,7], [w73,0], [w73,3], [w73,8], [w73,6], [w73,4], [w73,9], [w73,5]] (solid_wave_vertices: 9) solid=[[73,2], [73,3], [73,6], [73,9], [73,7], [73,5], [73,0], [73,4], [73,8]] merged=[[73,2], [73,5], [73,3], [73,4], [73,7], [73,9], [73,0], [73,6], [73,8]] --- (Vertex5)[[w73,2], [w73,7], [w73,0], [74,2], [74,9], [w73,3], [74,4], [w73,8], [w73,6], [w73,4], [74,6], [74,3], [w73,9], [w73,5]] weak=[[w73,2], [w73,7], [w73,0], [w73,3], [w73,8], [w73,6], [w73,4], [w73,9], [w73,5]] (solid_wave_vertices: 9) solid=[[73,0], [73,3], [73,2], [73,4], [73,5], [73,7], [73,9], [73,8], [73,6]] merged=[[73,5], [73,7], [73,4], [73,6], [73,2], [73,9], [73,8], [73,0], [73,3]] --- (Vertex6)[[w73,2], [w73,7], [w73,0], [74,2], [74,9], [w73,3], [74,4], [w73,8], [w73,6], [w73,4], [74,6], [74,3], [w73,9], [w73,5]] weak=[[w73,2], [w73,7], [w73,0], [w73,3], [w73,8], [w73,6], [w73,4], [w73,9], [w73,5]] (solid_wave_vertices: 9) solid=[[73,0], [73,7], [73,5], [73,2], [73,9], [73,4], [73,3], [73,8], [73,6]] merged=[[73,8], [73,7], [73,0], [73,2], [73,6], [73,9], [73,4], [73,3], [73,5]] --- (Vertex7)[[74,7], [w73,2], [74,8], [w73,7], [w73,0], [w73,3], [74,0], [w73,8], [w73,6], [w73,4], [74,3], [w73,9], [w73,5]] weak=[[w73,2], [w73,7], [w73,0], [w73,3], [w73,8], [w73,6], [w73,4], [w73,9], [w73,5]] (solid_wave_vertices: 9) solid=[[73,8], [73,2], [73,0], [73,7], [73,4], [73,5], [73,3], [73,6], [73,9]] merged=[[73,2], [73,8], [73,5], [73,0], [73,9], [73,7], [73,3], [73,4], [73,6]] --- (Vertex8)[[74,7], [w73,2], [74,8], [w73,7], [w73,0], [w73,3], [74,0], [w73,8], [w73,6], [w73,4], [w73,9], [w73,5]] weak=[[w73,2], [w73,7], [w73,0], [w73,3], [w73,8], [w73,6], [w73,4], [w73,9], [w73,5]] (solid_wave_vertices: 9) solid=[[73,5], [73,7], [73,6], [73,3], [73,9], [73,2], [73,8], [73,4], [73,0]] merged=[[73,0], [73,2], [73,7], [73,8], [73,3], [73,9], [73,5], [73,4], [73,6]] --- (Vertex9)[[w73,2], [w73,7], [w73,0], [74,2], [74,9], [w73,3], [74,4], [w73,8], [w73,6], [w73,4], [74,6], [74,3], [w73,9], [w73,5]] weak=[[w73,2], [w73,7], [w73,0], [w73,3], [w73,8], [w73,6], [w73,4], [w73,9], [w73,5]] (solid_wave_vertices: 9) solid=[[73,0], [73,2], [73,7], [73,6], [73,3], [73,8], [73,9], [73,5], [73,4]] merged=[[73,6], [73,9], [73,0], [73,8], [73,2], [73,3], [73,4], [73,5], [73,7]]
Round 76: (Vertex0)[[w74,7], [w73,2], [75,7], [75,5], [75,0], [w74,8], [w73,7], [w73,0], [w74,2], [w74,9], [w74,5], [75,8], [w73,3], [75,2], [w73,1], [w74,4], [w74,0], [w73,8], [w73,6], [w73,4], [w74,6], [w74,3], [w73,9], [w73,5]] weak=[[w74,7], [w73,2], [w74,8], [w73,7], [w73,0], [w74,2], [w74,9], [w74,5], [w73,3], [w73,1], [w74,4], [w74,0], [w73,8], [w73,6], [w73,4], [w74,6], [w74,3], [w73,9], [w73,5]] (solid_wave_vertices: 10) solid=[[73,3], [73,1], [73,0], [73,9], [73,6], [73,7], [73,4], [73,2], [73,5], [73,8]] merged=[[73,3], [73,0], [73,2], [73,5], [73,4], [73,9], [73,8], [73,1], [73,6], [73,7]] --- (Vertex1)[[w74,7], [w73,2], [75,7], [75,5], [75,0], [w74,8], [w73,7], [w73,0], [w74,2], [w74,9], [w74,5], [75,8], [w73,3], [w73,1], [w74,4], [w74,0], [w73,8], [w73,6], [w73,4], [w74,6], [w74,3], [w73,9], [w73,5]] weak=[[w74,7], [w73,2], [w74,8], [w73,7], [w73,0], [w74,2], [w74,9], [w74,5], [w73,3], [w73,1], [w74,4], [w74,0], [w73,8], [w73,6], [w73,4], [w74,6], [w74,3], [w73,9], [w73,5]] (solid_wave_vertices: 10) solid=[[73,9], [73,3], [73,1], [73,8], [73,2], [73,0], [73,6], [73,7], [73,4], [73,5]] merged=[[73,6], [73,1], [73,3], [73,0], [73,7], [73,2], [73,4], [73,9], [73,8], [73,5]] --- (Vertex2)[[w74,7], [w73,2], [75,5], [w74,8], [75,6], [w73,7], [w73,0], [w74,2], [w74,9], [w74,5], [w73,3], [75,2], [w74,4], [w74,0], [75,4], [w73,8], [w73,6], [w73,4], [w74,6], [w74,3], [w73,9], [w73,5]] weak=[[w74,7], [w73,2], [w74,8], [w73,7], [w73,0], [w74,2], [w74,9], [w74,5], [w73,3], [w74,4], [w74,0], [w73,8], [w73,6], [w73,4], [w74,6], [w74,3], [w73,9], [w73,5]] (solid_wave_vertices: 9) solid=[[73,6], [73,9], [73,4], [73,5], [73,3], [73,7], [73,8], [73,2], [73,0]] merged=[[73,3], [73,4], [73,6], [73,5], [73,7], [73,9], [73,2], [73,0], [73,8]] --- (Vertex3)[[w74,7], [w73,2], [75,5], [w74,8], [w73,7], [w73,0], [w74,2], [w74,9], [w74,5], [w73,3], [75,2], [w74,4], [w74,0], [75,4], [w73,8], [75,3], [w73,6], [w73,4], [w74,6], [w74,3], [w73,9], [w73,5]] weak=[[w74,7], [w73,2], [w74,8], [w73,7], [w73,0], [w74,2], [w74,9], [w74,5], [w73,3], [w74,4], [w74,0], [w73,8], [w73,6], [w73,4], [w74,6], [w74,3], [w73,9], [w73,5]] (solid_wave_vertices: 9) solid=[[73,3], [73,9], [73,8], [73,5], [73,7], [73,4], [73,0], [73,6], [73,2]] merged=[[73,8], [73,6], [73,9], [73,2], [73,5], [73,4], [73,7], [73,0], [73,3]] --- (Vertex4)[[w74,7], [w73,2], [75,5], [w74,8], [75,6], [w73,7], [w73,0], [w74,2], [w74,9], [w74,5], [w73,3], [75,2], [w74,4], [w74,0], [75,4], [w73,8], [w73,6], [w73,4], [w74,6], [w74,3], [w73,9], [w73,5]] weak=[[w74,7], [w73,2], [w74,8], [w73,7], [w73,0], [w74,2], [w74,9], [w74,5], [w73,3], [w74,4], [w74,0], [w73,8], [w73,6], [w73,4], [w74,6], [w74,3], [w73,9], [w73,5]] (solid_wave_vertices: 9) solid=[[73,0], [73,7], [73,3], [73,8], [73,2], [73,4], [73,5], [73,6], [73,9]] merged=[[73,6], [73,4], [73,8], [73,0], [73,3], [73,7], [73,2], [73,9], [73,5]] --- (Vertex5)[[w74,7], [w73,2], [75,5], [w74,8], [75,6], [w73,7], [w73,0], [w74,2], [w74,9], [w74,5], [w73,3], [75,2], [w74,4], [w74,0], [75,4], [w73,8], [w73,6], [w73,4], [w74,6], [w74,3], [w73,9], [w73,5]] weak=[[w74,7], [w73,2], [w74,8], [w73,7], [w73,0], [w74,2], [w74,9], [w74,5], [w73,3], [w74,4], [w74,0], [w73,8], [w73,6], [w73,4], [w74,6], [w74,3], [w73,9], [w73,5]] (solid_wave_vertices: 9) solid=[[73,5], [73,4], [73,9], [73,6], [73,0], [73,7], [73,3], [73,2], [73,8]] merged=[[73,6], [73,0], [73,8], [73,2], [73,9], [73,4], [73,7], [73,3], [73,5]] --- (Vertex6)[[w74,7], [w73,2], [75,5], [w74,8], [75,6], [w73,7], [w73,0], [w74,2], [w74,9], [w74,5], [w73,3], [75,2], [w74,4], [w74,0], [75,4], [w73,8], [w73,6], [w73,4], [w74,6], [w74,3], [w73,9], [w73,5]] weak=[[w74,7], [w73,2], [w74,8], [w73,7], [w73,0], [w74,2], [w74,9], [w74,5], [w73,3], [w74,4], [w74,0], [w73,8], [w73,6], [w73,4], [w74,6], [w74,3], [w73,9], [w73,5]] (solid_wave_vertices: 9) solid=[[73,9], [73,3], [73,7], [73,6], [73,4], [73,2], [73,0], [73,5], [73,8]] merged=[[73,6], [73,5], [73,2], [73,9], [73,7], [73,4], [73,3], [73,8], [73,0]] --- (Vertex7)[[w74,7], [w73,2], [75,7], [75,0], [w74,8], [w73,7], [w73,0], [w74,2], [w74,9], [w74,5], [75,8], [w73,3], [w73,1], [w74,4], [w74,0], [75,4], [w73,8], [w73,6], [w73,4], [w74,6], [w74,3], [w73,9], [w73,5]] weak=[[w74,7], [w73,2], [w74,8], [w73,7], [w73,0], [w74,2], [w74,9], [w74,5], [w73,3], [w73,1], [w74,4], [w74,0], [w73,8], [w73,6], [w73,4], [w74,6], [w74,3], [w73,9], [w73,5]] (solid_wave_vertices: 10) solid=[[73,2], [73,0], [73,4], [73,8], [73,7], [73,3], [73,9], [73,5], [73,6], [73,1]] merged=[[73,3], [73,8], [73,2], [73,0], [73,6], [73,4], [73,9], [73,7], [73,5], [73,1]] --- (Vertex8)[[w74,7], [w73,2], [75,7], [75,0], [w74,8], [w73,7], [w73,0], [w74,2], [w74,9], [w74,5], [75,8], [w73,3], [w73,1], [w74,4], [w74,0], [75,4], [w73,8], [w73,6], [w73,4], [w74,6], [w74,3], [w73,9], [w73,5]] weak=[[w74,7], [w73,2], [w74,8], [w73,7], [w73,0], [w74,2], [w74,9], [w74,5], [w73,3], [w73,1], [w74,4], [w74,0], [w73,8], [w73,6], [w73,4], [w74,6], [w74,3], [w73,9], [w73,5]] (solid_wave_vertices: 10) solid=[[73,8], [73,7], [73,4], [73,2], [73,9], [73,3], [73,1], [73,0], [73,5], [73,6]] merged=[[73,5], [73,3], [73,1], [73,9], [73,8], [73,7], [73,0], [73,6], [73,4], [73,2]] --- (Vertex9)[[w74,7], [w73,2], [75,5], [w74,8], [75,6], [w73,7], [w73,0], [w74,2], [w74,9], [w74,5], [w73,3], [75,2], [w74,4], [w74,0], [75,4], [w73,8], [w73,6], [w73,4], [w74,6], [w74,3], [w73,9], [w73,5]] weak=[[w74,7], [w73,2], [w74,8], [w73,7], [w73,0], [w74,2], [w74,9], [w74,5], [w73,3], [w74,4], [w74,0], [w73,8], [w73,6], [w73,4], [w74,6], [w74,3], [w73,9], [w73,5]] (solid_wave_vertices: 9) solid=[[73,7], [73,0], [73,8], [73,6], [73,9], [73,4], [73,3], [73,2], [73,5]] merged=[[73,7], [73,4], [73,9], [73,3], [73,0], [73,2], [73,5], [73,8], [73,6]]
Round 77: (Vertex0)[[76,0], [w74,7], [w73,2], [w75,7], [w75,5], [w75,0], [w74,8], [w75,6], [w73,7], [w75,9], [w73,0], [w74,2], [w74,9], [w74,5], [w75,8], [w73,3], [w75,2], [w74,1], [w73,1], [w74,4], [w74,0], [w75,4], [w73,8], [76,7], [76,8], [w75,3], [w73,6], [w73,4], [w74,6], [w74,3], [w73,9], [w73,5]] weak=[[w74,7], [w73,2], [w75,7], [w75,5], [w75,0], [w74,8], [w75,6], [w73,7], [w75,9], [w73,0], [w74,2], [w74,9], [w74,5], [w75,8], [w73,3], [w75,2], [w74,1], [w73,1], [w74,4], [w74,0], [w75,4], [w73,8], [w75,3], [w73,6], [w73,4], [w74,6], [w74,3], [w73,9], [w73,5]] (solid_wave_vertices: 10) solid=[[73,8], [73,5], [73,1], [73,0], [73,6], [73,9], [73,2], [73,7], [73,3], [73,4]] merged=[[77,0]] --- (Vertex1)[[76,0], [w74,7], [w73,2], [w75,7], [w75,5], [w75,0], [w74,8], [w75,6], [w73,7], [w75,9], [w73,0], [w74,2], [w74,9], [w74,5], [w75,8], [w73,3], [w75,2], [w74,1], [w73,1], [w74,4], [w74,0], [w75,4], [w73,8], [76,8], [w75,3], [w73,6], [w73,4], [w74,6], [w74,3], [w73,9], [w73,5]] weak=[[w74,7], [w73,2], [w75,7], [w75,5], [w75,0], [w74,8], [w75,6], [w73,7], [w75,9], [w73,0], [w74,2], [w74,9], [w74,5], [w75,8], [w73,3], [w75,2], [w74,1], [w73,1], [w74,4], [w74,0], [w75,4], [w73,8], [w75,3], [w73,6], [w73,4], [w74,6], [w74,3], [w73,9], [w73,5]] (solid_wave_vertices: 10) solid=[[73,9], [73,0], [73,2], [73,6], [73,7], [73,3], [73,1], [73,8], [73,5], [73,4]] merged=[[77,1]] --- (Vertex2)[[76,9], [w74,7], [w73,2], [w75,7], [76,5], [w75,5], [w75,0], [w74,8], [w75,6], [w73,7], [w75,9], [w73,0], [w74,2], [w74,9], [w74,5], [w75,8], [w73,3], [w75,2], [w73,1], [w74,4], [w74,0], [w75,4], [w73,8], [w75,3], [w73,6], [w73,4], [w74,6], [w74,3], [w73,9], [w73,5]] weak=[[w74,7], [w73,2], [w75,7], [w75,5], [w75,0], [w74,8], [w75,6], [w73,7], [w75,9], [w73,0], [w74,2], [w74,9], [w74,5], [w75,8], [w73,3], [w75,2], [w73,1], [w74,4], [w74,0], [w75,4], [w73,8], [w75,3], [w73,6], [w73,4], [w74,6], [w74,3], [w73,9], [w73,5]] (solid_wave_vertices: 10) solid=[[73,6], [73,8], [73,0], [73,1], [73,5], [73,9], [73,2], [73,4], [73,3], [73,7]] merged=[[77,2]] --- (Vertex3)[[76,9], [w74,7], [w73,2], [w75,7], [76,5], [w75,5], [w75,0], [w74,8], [w75,6], [w73,7], [w75,9], [w73,0], [w74,2], [w74,9], [w74,5], [w75,8], [w73,3], [w75,2], [w73,1], [w74,4], [w74,0], [w75,4], [w73,8], [w75,3], [w73,6], [w73,4], [w74,6], [w74,3], [w73,9], [w73,5]] weak=[[w74,7], [w73,2], [w75,7], [w75,5], [w75,0], [w74,8], [w75,6], [w73,7], [w75,9], [w73,0], [w74,2], [w74,9], [w74,5], [w75,8], [w73,3], [w75,2], [w73,1], [w74,4], [w74,0], [w75,4], [w73,8], [w75,3], [w73,6], [w73,4], [w74,6], [w74,3], [w73,9], [w73,5]] (solid_wave_vertices: 10) solid=[[73,3], [73,8], [73,5], [73,7], [73,1], [73,9], [73,2], [73,0], [73,6], [73,4]] merged=[[77,3]] --- (Vertex4)[[76,9], [w74,7], [w73,2], [w75,7], [76,5], [w75,5], [w75,0], [w74,8], [w75,6], [w73,7], [w75,9], [w73,0], [w74,2], [w74,9], [w74,5], [w75,8], [w73,3], [w75,2], [w73,1], [w74,4], [w74,0], [w75,4], [w73,8], [w75,3], [w73,6], [w73,4], [w74,6], [w74,3], [w73,9], [w73,5]] weak=[[w74,7], [w73,2], [w75,7], [w75,5], [w75,0], [w74,8], [w75,6], [w73,7], [w75,9], [w73,0], [w74,2], [w74,9], [w74,5], [w75,8], [w73,3], [w75,2], [w73,1], [w74,4], [w74,0], [w75,4], [w73,8], [w75,3], [w73,6], [w73,4], [w74,6], [w74,3], [w73,9], [w73,5]] (solid_wave_vertices: 10) solid=[[73,1], [73,2], [73,7], [73,3], [73,8], [73,4], [73,5], [73,6], [73,0], [73,9]] merged=[[77,4]] --- (Vertex5)[[76,9], [w74,7], [w73,2], [w75,7], [76,5], [w75,5], [w75,0], [w74,8], [w75,6], [w73,7], [w75,9], [w73,0], [w74,2], [w74,9], [w74,5], [w75,8], [w73,3], [w75,2], [w73,1], [w74,4], [w74,0], [w75,4], [w73,8], [w75,3], [w73,6], [w73,4], [w74,6], [w74,3], [w73,9], [w73,5]] weak=[[w74,7], [w73,2], [w75,7], [w75,5], [w75,0], [w74,8], [w75,6], [w73,7], [w75,9], [w73,0], [w74,2], [w74,9], [w74,5], [w75,8], [w73,3], [w75,2], [w73,1], [w74,4], [w74,0], [w75,4], [w73,8], [w75,3], [w73,6], [w73,4], [w74,6], [w74,3], [w73,9], [w73,5]] (solid_wave_vertices: 10) solid=[[73,1], [73,8], [73,2], [73,0], [73,4], [73,7], [73,3], [73,6], [73,5], [73,9]] merged=[[77,5]] --- (Vertex6)[[76,9], [w74,7], [w73,2], [w75,7], [76,5], [w75,5], [w75,0], [w74,8], [w75,6], [w73,7], [w75,9], [w73,0], [w74,2], [w74,9], [w74,5], [w75,8], [w73,3], [w75,2], [w73,1], [w74,4], [w74,0], [w75,4], [w73,8], [w75,3], [w73,6], [w73,4], [w74,6], [w74,3], [w73,9], [w73,5]] weak=[[w74,7], [w73,2], [w75,7], [w75,5], [w75,0], [w74,8], [w75,6], [w73,7], [w75,9], [w73,0], [w74,2], [w74,9], [w74,5], [w75,8], [w73,3], [w75,2], [w73,1], [w74,4], [w74,0], [w75,4], [w73,8], [w75,3], [w73,6], [w73,4], [w74,6], [w74,3], [w73,9], [w73,5]] (solid_wave_vertices: 10) solid=[[73,4], [73,3], [73,7], [73,0], [73,8], [73,5], [73,9], [73,2], [73,6], [73,1]] merged=[[77,6]] --- (Vertex7)[[76,0], [w74,7], [w73,2], [w75,7], [w75,5], [w75,0], [w74,8], [w75,6], [w73,7], [w75,9], [w73,0], [w74,2], [w74,9], [w74,5], [w75,8], [w73,3], [w75,2], [w73,1], [w74,4], [w74,0], [w75,4], [w73,8], [76,7], [76,8], [w75,3], [w73,6], [w73,4], [w74,6], [w74,3], [w73,9], [w73,5]] weak=[[w74,7], [w73,2], [w75,7], [w75,5], [w75,0], [w74,8], [w75,6], [w73,7], [w75,9], [w73,0], [w74,2], [w74,9], [w74,5], [w75,8], [w73,3], [w75,2], [w73,1], [w74,4], [w74,0], [w75,4], [w73,8], [w75,3], [w73,6], [w73,4], [w74,6], [w74,3], [w73,9], [w73,5]] (solid_wave_vertices: 10) solid=[[73,5], [73,7], [73,0], [73,4], [73,2], [73,1], [73,9], [73,6], [73,3], [73,8]] merged=[[77,7]] --- (Vertex8)[[76,0], [w74,7], [w73,2], [w75,7], [w75,5], [w75,0], [w74,8], [w75,6], [w73,7], [w75,9], [w73,0], [w74,2], [w74,9], [w74,5], [w75,8], [w73,3], [w75,2], [w73,1], [w74,4], [w74,0], [w75,4], [w73,8], [76,7], [76,8], [w75,3], [w73,6], [w73,4], [w74,6], [w74,3], [w73,9], [w73,5]] weak=[[w74,7], [w73,2], [w75,7], [w75,5], [w75,0], [w74,8], [w75,6], [w73,7], [w75,9], [w73,0], [w74,2], [w74,9], [w74,5], [w75,8], [w73,3], [w75,2], [w73,1], [w74,4], [w74,0], [w75,4], [w73,8], [w75,3], [w73,6], [w73,4], [w74,6], [w74,3], [w73,9], [w73,5]] (solid_wave_vertices: 10) solid=[[73,0], [73,1], [73,2], [73,8], [73,7], [73,6], [73,4], [73,5], [73,3], [73,9]] merged=[[77,8]] --- (Vertex9)[[76,9], [w74,7], [w73,2], [w75,7], [76,5], [w75,5], [w75,0], [w74,8], [w75,6], [w73,7], [w75,9], [w73,0], [w74,2], [w74,9], [w74,5], [w75,8], [w73,3], [w75,2], [w73,1], [w74,4], [w74,0], [w75,4], [w73,8], [w75,3], [w73,6], [w73,4], [w74,6], [w74,3], [w73,9], [w73,5]] weak=[[w74,7], [w73,2], [w75,7], [w75,5], [w75,0], [w74,8], [w75,6], [w73,7], [w75,9], [w73,0], [w74,2], [w74,9], [w74,5], [w75,8], [w73,3], [w75,2], [w73,1], [w74,4], [w74,0], [w75,4], [w73,8], [w75,3], [w73,6], [w73,4], [w74,6], [w74,3], [w73,9], [w73,5]] (solid_wave_vertices: 10) solid=[[73,7], [73,2], [73,6], [73,9], [73,8], [73,3], [73,0], [73,5], [73,4], [73,1]] merged=[[77,9]]
Round 78: (Vertex0)[[77,8], [77,4], [77,6], [77,7], [77,3]] (solid_wave_vertices: 5) solid=[[77,7], [77,4], [77,3], [77,8], [77,6]] merged=[[77,7], [77,8], [77,4], [77,3], [77,6]] --- (Vertex1)[[77,8], [77,9], [77,7], [77,2]] (solid_wave_vertices: 4) solid=[[77,2], [77,8], [77,7], [77,9]] merged=[[77,9], [77,7], [77,8], [77,2]] --- (Vertex2)[[77,9], [77,4], [77,6], [77,2], [77,3]] (solid_wave_vertices: 5) solid=[[77,9], [77,4], [77,2], [77,3], [77,6]] merged=[[77,2], [77,4], [77,6], [77,3], [77,9]] --- (Vertex3)[[77,9], [77,4], [77,6], [77,2], [77,3]] (solid_wave_vertices: 5) solid=[[77,2], [77,9], [77,4], [77,6], [77,3]] merged=[[77,9], [77,2], [77,6], [77,4], [77,3]] --- (Vertex4)[[77,9], [77,4], [77,6], [77,2], [77,3]] (solid_wave_vertices: 5) solid=[[77,3], [77,2], [77,9], [77,4], [77,6]] merged=[[77,3], [77,2], [77,9], [77,4], [77,6]] --- (Vertex5)[[77,9], [77,4], [77,6], [77,2], [77,3]] (solid_wave_vertices: 5) solid=[[77,9], [77,3], [77,4], [77,6], [77,2]] merged=[[77,6], [77,2], [77,4], [77,3], [77,9]] --- (Vertex6)[[77,9], [77,4], [77,6], [77,2], [77,3]] (solid_wave_vertices: 5) solid=[[77,2], [77,4], [77,6], [77,3], [77,9]] merged=[[77,9], [77,2], [77,4], [77,6], [77,3]] --- (Vertex7)[[77,8], [77,6], [77,7], [77,3]] (solid_wave_vertices: 4) solid=[[77,7], [77,3], [77,8], [77,6]] merged=[[77,7], [77,6], [77,8], [77,3]] --- (Vertex8)[[77,8], [77,6], [77,7], [77,3]] (solid_wave_vertices: 4) solid=[[77,6], [77,8], [77,3], [77,7]] merged=[[77,3], [77,8], [77,7], [77,6]] --- (Vertex9)[[77,9], [77,4], [77,6], [77,2], [77,3]] (solid_wave_vertices: 5) solid=[[77,3], [77,6], [77,9], [77,2], [77,4]] merged=[[77,9], [77,6], [77,3], [77,2], [77,4]]
Round 79: (Vertex0)[[w77,8], [w77,0], [78,0], [78,3], [78,8], [w77,9], [w77,4], [w77,6], [w77,7], [w77,2], [w77,5], [78,7], [w77,3]] weak=[[w77,8], [w77,0], [w77,9], [w77,4], [w77,6], [w77,7], [w77,2], [w77,5], [w77,3]] (solid_wave_vertices: 9) solid=[[77,2], [77,9], [77,4], [77,7], [77,5], [77,0], [77,6], [77,3], [77,8]] merged=[[77,4], [77,2], [77,3], [77,7], [77,0], [77,9], [77,8], [77,5], [77,6]] --- (Vertex1)[[w77,8], [w77,0], [78,0], [78,3], [w77,9], [78,2], [w77,1], [w77,4], [w77,6], [w77,7], [w77,2], [w77,5], [78,7], [w77,3]] weak=[[w77,8], [w77,0], [w77,9], [w77,1], [w77,4], [w77,6], [w77,7], [w77,2], [w77,5], [w77,3]] (solid_wave_vertices: 10) solid=[[77,4], [77,5], [77,6], [77,1], [77,7], [77,9], [77,2], [77,3], [77,8], [77,0]] merged=[[77,6], [77,1], [77,3], [77,4], [77,8], [77,5], [77,0], [77,2], [77,9], [77,7]] --- (Vertex2)[[w77,8], [78,5], [78,3], [w77,9], [78,2], [w77,4], [w77,6], [w77,7], [w77,2], [w77,5], [78,4], [w77,3]] weak=[[w77,8], [w77,9], [w77,4], [w77,6], [w77,7], [w77,2], [w77,5], [w77,3]] (solid_wave_vertices: 8) solid=[[77,8], [77,9], [77,7], [77,6], [77,3], [77,4], [77,2], [77,5]] merged=[[77,6], [77,7], [77,4], [77,2], [77,3], [77,9], [77,8], [77,5]] --- (Vertex3)[[w77,8], [78,5], [78,3], [w77,9], [78,2], [w77,4], [w77,6], [w77,7], [w77,2], [w77,5], [78,4], [w77,3]] weak=[[w77,8], [w77,9], [w77,4], [w77,6], [w77,7], [w77,2], [w77,5], [w77,3]] (solid_wave_vertices: 8) solid=[[77,8], [77,3], [77,5], [77,9], [77,4], [77,6], [77,2], [77,7]] merged=[[77,5], [77,8], [77,7], [77,2], [77,4], [77,3], [77,6], [77,9]] --- (Vertex4)[[w77,8], [78,5], [78,3], [w77,9], [78,2], [w77,4], [w77,6], [w77,7], [w77,2], [w77,5], [78,4], [w77,3]] weak=[[w77,8], [w77,9], [w77,4], [w77,6], [w77,7], [w77,2], [w77,5], [w77,3]] (solid_wave_vertices: 8) solid=[[77,5], [77,7], [77,4], [77,3], [77,6], [77,9], [77,8], [77,2]] merged=[[77,7], [77,2], [77,9], [77,8], [77,5], [77,6], [77,3], [77,4]] --- (Vertex5)[[w77,8], [78,5], [78,3], [w77,9], [78,2], [w77,4], [w77,6], [w77,7], [w77,2], [w77,5], [78,4], [w77,3]] weak=[[w77,8], [w77,9], [w77,4], [w77,6], [w77,7], [w77,2], [w77,5], [w77,3]] (solid_wave_vertices: 8) solid=[[77,7], [77,5], [77,8], [77,3], [77,6], [77,4], [77,9], [77,2]] merged=[[77,9], [77,4], [77,3], [77,2], [77,5], [77,6], [77,7], [77,8]] --- (Vertex6)[[w77,8], [w77,0], [78,5], [78,3], [w77,9], [78,2], [w77,4], [w77,6], [w77,7], [w77,2], [w77,5], [78,4], [w77,3]] weak=[[w77,8], [w77,0], [w77,9], [w77,4], [w77,6], [w77,7], [w77,2], [w77,5], [w77,3]] (solid_wave_vertices: 9) solid=[[77,5], [77,0], [77,6], [77,7], [77,4], [77,8], [77,9], [77,2], [77,3]] merged=[[77,9], [77,2], [77,4], [77,6], [77,8], [77,7], [77,3], [77,0], [77,5]] --- (Vertex7)[[w77,8], [w77,0], [78,0], [78,3], [78,8], [w77,9], [w77,4], [w77,6], [w77,7], [w77,2], [w77,5], [78,7], [w77,3]] weak=[[w77,8], [w77,0], [w77,9], [w77,4], [w77,6], [w77,7], [w77,2], [w77,5], [w77,3]] (solid_wave_vertices: 9) solid=[[77,2], [77,5], [77,9], [77,7], [77,6], [77,0], [77,8], [77,3], [77,4]] merged=[[77,8], [77,4], [77,5], [77,9], [77,2], [77,0], [77,7], [77,6], [77,3]] --- (Vertex8)[[w77,8], [w77,0], [78,0], [w77,9], [w77,4], [w77,6], [w77,7], [w77,2], [w77,5], [78,7], [w77,3]] weak=[[w77,8], [w77,0], [w77,9], [w77,4], [w77,6], [w77,7], [w77,2], [w77,5], [w77,3]] (solid_wave_vertices: 9) solid=[[77,8], [77,3], [77,7], [77,5], [77,0], [77,6], [77,4], [77,9], [77,2]] merged=[[77,6], [77,9], [77,4], [77,7], [77,2], [77,5], [77,8], [77,3], [77,0]] --- (Vertex9)[[w77,8], [78,5], [78,3], [w77,9], [78,2], [w77,4], [w77,6], [w77,7], [w77,2], [w77,5], [78,4], [w77,3]] weak=[[w77,8], [w77,9], [w77,4], [w77,6], [w77,7], [w77,2], [w77,5], [w77,3]] (solid_wave_vertices: 8) solid=[[77,3], [77,2], [77,6], [77,4], [77,7], [77,8], [77,5], [77,9]] merged=[[77,9], [77,5], [77,3], [77,8], [77,2], [77,7], [77,4], [77,6]]
Round 80: (Vertex0)[[79,9], [79,8], [w77,8], [w77,0], [w78,5], [w78,0], [79,3], [w78,9], [w78,3], [w78,8], [w77,9], [w78,2], [w77,1], [w78,6], [w77,4], [w77,6], [79,6], [w77,7], [w77,2], [w77,5], [w78,7], [w78,4], [w77,3]] weak=[[w77,8], [w77,0], [w78,5], [w78,0], [w78,9], [w78,3], [w78,8], [w77,9], [w78,2], [w77,1], [w78,6], [w77,4], [w77,6], [w77,7], [w77,2], [w77,5], [w78,7], [w78,4], [w77,3]] (solid_wave_vertices: 10) solid=[[77,4], [77,3], [77,9], [77,0], [77,1], [77,2], [77,5], [77,8], [77,6], [77,7]] merged=[[77,0], [77,3], [77,6], [77,2], [77,1], [77,8], [77,7], [77,4], [77,9], [77,5]] --- (Vertex1)[[79,8], [w77,8], [w77,0], [w78,5], [w78,0], [79,3], [w78,9], [w78,3], [w78,8], [79,4], [w77,9], [w78,2], [w77,1], [w78,6], [w77,4], [w77,6], [79,6], [w77,7], [w77,2], [w77,5], [w78,1], [w78,7], [w78,4], [w77,3]] weak=[[w77,8], [w77,0], [w78,5], [w78,0], [w78,9], [w78,3], [w78,8], [w77,9], [w78,2], [w77,1], [w78,6], [w77,4], [w77,6], [w77,7], [w77,2], [w77,5], [w78,1], [w78,7], [w78,4], [w77,3]] (solid_wave_vertices: 10) solid=[[77,9], [77,2], [77,1], [77,7], [77,0], [77,5], [77,3], [77,6], [77,4], [77,8]] merged=[[77,0], [77,1], [77,8], [77,6], [77,9], [77,5], [77,3], [77,2], [77,7], [77,4]] --- (Vertex2)[[79,9], [w77,8], [w77,0], [w78,5], [w78,0], [79,3], [w78,9], [w78,3], [w78,8], [79,4], [w77,9], [w78,2], [w78,6], [w77,4], [w77,6], [79,6], [w77,7], [w77,2], [79,5], [w77,5], [w78,7], [w78,4], [w77,3]] weak=[[w77,8], [w77,0], [w78,5], [w78,0], [w78,9], [w78,3], [w78,8], [w77,9], [w78,2], [w78,6], [w77,4], [w77,6], [w77,7], [w77,2], [w77,5], [w78,7], [w78,4], [w77,3]] (solid_wave_vertices: 9) solid=[[77,3], [77,8], [77,0], [77,5], [77,9], [77,4], [77,7], [77,6], [77,2]] merged=[[77,0], [77,5], [77,3], [77,9], [77,8], [77,4], [77,6], [77,7], [77,2]] --- (Vertex3)[[79,9], [w77,8], [w77,0], [w78,5], [w78,0], [79,3], [w78,9], [w78,3], [w78,8], [79,4], [w77,9], [w78,2], [w78,6], [w77,4], [w77,6], [79,6], [w77,7], [w77,2], [79,5], [w77,5], [w78,7], [w78,4], [w77,3]] weak=[[w77,8], [w77,0], [w78,5], [w78,0], [w78,9], [w78,3], [w78,8], [w77,9], [w78,2], [w78,6], [w77,4], [w77,6], [w77,7], [w77,2], [w77,5], [w78,7], [w78,4], [w77,3]] (solid_wave_vertices: 9) solid=[[77,3], [77,7], [77,4], [77,5], [77,9], [77,0], [77,2], [77,8], [77,6]] merged=[[77,6], [77,2], [77,3], [77,0], [77,4], [77,8], [77,5], [77,9], [77,7]] --- (Vertex4)[[79,9], [w77,8], [w77,0], [w78,5], [w78,0], [79,3], [w78,9], [w78,3], [w78,8], [79,4], [w77,9], [w78,2], [w78,6], [w77,4], [w77,6], [79,6], [w77,7], [w77,2], [79,5], [w77,5], [w78,7], [w78,4], [w77,3]] weak=[[w77,8], [w77,0], [w78,5], [w78,0], [w78,9], [w78,3], [w78,8], [w77,9], [w78,2], [w78,6], [w77,4], [w77,6], [w77,7], [w77,2], [w77,5], [w78,7], [w78,4], [w77,3]] (solid_wave_vertices: 9) solid=[[77,0], [77,5], [77,8], [77,7], [77,3], [77,6], [77,4], [77,9], [77,2]] merged=[[77,9], [77,3], [77,7], [77,0], [77,2], [77,5], [77,4], [77,8], [77,6]] --- (Vertex5)[[79,9], [w77,8], [w77,0], [w78,5], [w78,0], [79,3], [w78,9], [w78,3], [w78,8], [79,4], [w77,9], [w78,2], [w78,6], [w77,4], [w77,6], [79,6], [w77,7], [w77,2], [79,5], [w77,5], [w78,7], [w78,4], [w77,3]] weak=[[w77,8], [w77,0], [w78,5], [w78,0], [w78,9], [w78,3], [w78,8], [w77,9], [w78,2], [w78,6], [w77,4], [w77,6], [w77,7], [w77,2], [w77,5], [w78,7], [w78,4], [w77,3]] (solid_wave_vertices: 9) solid=[[77,8], [77,0], [77,6], [77,3], [77,2], [77,4], [77,7], [77,9], [77,5]] merged=[[77,7], [77,6], [77,0], [77,8], [77,4], [77,2], [77,9], [77,3], [77,5]] --- (Vertex6)[[79,9], [w77,8], [w77,0], [w78,5], [w78,0], [79,3], [w78,9], [w78,3], [w78,8], [79,4], [w77,9], [w78,2], [w78,6], [w77,4], [w77,6], [79,6], [w77,7], [w77,2], [79,5], [w77,5], [w78,7], [w78,4], [w77,3]] weak=[[w77,8], [w77,0], [w78,5], [w78,0], [w78,9], [w78,3], [w78,8], [w77,9], [w78,2], [w78,6], [w77,4], [w77,6], [w77,7], [w77,2], [w77,5], [w78,7], [w78,4], [w77,3]] (solid_wave_vertices: 9) solid=[[77,9], [77,2], [77,6], [77,7], [77,0], [77,5], [77,8], [77,4], [77,3]] merged=[[77,5], [77,8], [77,4], [77,6], [77,2], [77,0], [77,9], [77,7], [77,3]] --- (Vertex7)[[79,9], [79,8], [w77,8], [w77,0], [w78,5], [w78,0], [w78,9], [w78,3], [w78,8], [w77,9], [w78,2], [w77,1], [w78,6], [w77,4], [w77,6], [79,6], [w77,7], [w77,2], [79,5], [w77,5], [w78,7], [w78,4], [w77,3]] weak=[[w77,8], [w77,0], [w78,5], [w78,0], [w78,9], [w78,3], [w78,8], [w77,9], [w78,2], [w77,1], [w78,6], [w77,4], [w77,6], [w77,7], [w77,2], [w77,5], [w78,7], [w78,4], [w77,3]] (solid_wave_vertices: 10) solid=[[77,3], [77,6], [77,7], [77,0], [77,9], [77,4], [77,5], [77,2], [77,8], [77,1]] merged=[[77,9], [77,6], [77,4], [77,3], [77,8], [77,0], [77,5], [77,1], [77,7], [77,2]] --- (Vertex8)[[79,9], [79,8], [w77,8], [w77,0], [w78,5], [w78,0], [79,3], [w78,9], [w78,3], [w78,8], [w77,9], [w78,2], [w77,1], [w78,6], [w77,4], [w77,6], [79,6], [w77,7], [w77,2], [w77,5], [w78,7], [w78,4], [w77,3]] weak=[[w77,8], [w77,0], [w78,5], [w78,0], [w78,9], [w78,3], [w78,8], [w77,9], [w78,2], [w77,1], [w78,6], [w77,4], [w77,6], [w77,7], [w77,2], [w77,5], [w78,7], [w78,4], [w77,3]] (solid_wave_vertices: 10) solid=[[77,0], [77,7], [77,1], [77,4], [77,8], [77,5], [77,2], [77,6], [77,9], [77,3]] merged=[[77,0], [77,6], [77,1], [77,2], [77,5], [77,8], [77,9], [77,4], [77,3], [77,7]] --- (Vertex9)[[79,9], [w77,8], [w77,0], [w78,5], [w78,0], [79,3], [w78,9], [w78,3], [w78,8], [79,4], [w77,9], [w78,2], [w78,6], [w77,4], [w77,6], [79,6], [w77,7], [w77,2], [79,5], [w77,5], [w78,7], [w78,4], [w77,3]] weak=[[w77,8], [w77,0], [w78,5], [w78,0], [w78,9], [w78,3], [w78,8], [w77,9], [w78,2], [w78,6], [w77,4], [w77,6], [w77,7], [w77,2], [w77,5], [w78,7], [w78,4], [w77,3]] (solid_wave_vertices: 9) solid=[[77,9], [77,5], [77,8], [77,3], [77,0], [77,6], [77,2], [77,7], [77,4]] merged=[[77,8], [77,0], [77,3], [77,2], [77,9], [77,4], [77,7], [77,6], [77,5]]
Round 81: (Vertex0)[[w79,9], [w79,8], [w77,8], [w77,0], [w78,5], [w78,0], [w79,3], [80,0], [w78,9], [w78,3], [w79,0], [w78,8], [w79,4], [w77,9], [w79,2], [w78,2], [w77,1], [w78,6], [w77,4], [w77,6], [w79,7], [w79,6], [w77,7], [80,7], [80,2], [w77,2], [w79,5], [w77,5], [w78,1], [w78,7], [w78,4], [w77,3]] weak=[[w79,9], [w79,8], [w77,8], [w77,0], [w78,5], [w78,0], [w79,3], [w78,9], [w78,3], [w79,0], [w78,8], [w79,4], [w77,9], [w79,2], [w78,2], [w77,1], [w78,6], [w77,4], [w77,6], [w79,7], [w79,6], [w77,7], [w77,2], [w79,5], [w77,5], [w78,1], [w78,7], [w78,4], [w77,3]] (solid_wave_vertices: 10) solid=[[77,1], [77,2], [77,0], [77,7], [77,6], [77,5], [77,4], [77,8], [77,3], [77,9]] merged=[[81,0]] --- (Vertex1)[[w79,9], [w79,8], [w77,8], [w77,0], [w78,5], [w78,0], [80,8], [w79,3], [w78,9], [80,3], [w78,3], [w79,0], [w78,8], [w79,4], [w79,1], [w77,9], [w79,2], [w78,2], [w77,1], [w78,6], [w77,4], [w77,6], [w79,7], [w79,6], [w77,7], [80,7], [w77,2], [w79,5], [w77,5], [w78,1], [w78,7], [w78,4], [w77,3]] weak=[[w79,9], [w79,8], [w77,8], [w77,0], [w78,5], [w78,0], [w79,3], [w78,9], [w78,3], [w79,0], [w78,8], [w79,4], [w79,1], [w77,9], [w79,2], [w78,2], [w77,1], [w78,6], [w77,4], [w77,6], [w79,7], [w79,6], [w77,7], [w77,2], [w79,5], [w77,5], [w78,1], [w78,7], [w78,4], [w77,3]] (solid_wave_vertices: 10) solid=[[77,8], [77,5], [77,4], [77,0], [77,9], [77,1], [77,3], [77,6], [77,2], [77,7]] merged=[[81,1]] --- (Vertex2)[[w79,9], [w79,8], [w77,8], [w77,0], [w78,5], [w78,0], [w79,3], [w78,9], [80,3], [w78,3], [w79,0], [w78,8], [w79,4], [w77,9], [w79,2], [w78,2], [w77,1], [w78,6], [80,9], [w77,4], [80,5], [w77,6], [w79,7], [w79,6], [w77,7], [80,2], [w77,2], [w79,5], [w77,5], [w78,7], [w78,4], [w77,3]] weak=[[w79,9], [w79,8], [w77,8], [w77,0], [w78,5], [w78,0], [w79,3], [w78,9], [w78,3], [w79,0], [w78,8], [w79,4], [w77,9], [w79,2], [w78,2], [w77,1], [w78,6], [w77,4], [w77,6], [w79,7], [w79,6], [w77,7], [w77,2], [w79,5], [w77,5], [w78,7], [w78,4], [w77,3]] (solid_wave_vertices: 10) solid=[[77,1], [77,3], [77,7], [77,9], [77,2], [77,0], [77,4], [77,6], [77,5], [77,8]] merged=[[81,2]] --- (Vertex3)[[w79,9], [w79,8], [w77,8], [w77,0], [w78,5], [w78,0], [w79,3], [w78,9], [80,3], [w78,3], [w79,0], [w78,8], [w79,4], [w77,9], [w79,2], [w78,2], [w77,1], [w78,6], [80,9], [w77,4], [80,5], [w77,6], [w79,7], [w79,6], [w77,7], [80,2], [w77,2], [w79,5], [w77,5], [w78,7], [w78,4], [w77,3]] weak=[[w79,9], [w79,8], [w77,8], [w77,0], [w78,5], [w78,0], [w79,3], [w78,9], [w78,3], [w79,0], [w78,8], [w79,4], [w77,9], [w79,2], [w78,2], [w77,1], [w78,6], [w77,4], [w77,6], [w79,7], [w79,6], [w77,7], [w77,2], [w79,5], [w77,5], [w78,7], [w78,4], [w77,3]] (solid_wave_vertices: 10) solid=[[77,1], [77,5], [77,6], [77,8], [77,2], [77,0], [77,7], [77,4], [77,3], [77,9]] merged=[[81,3]] --- (Vertex4)[[w79,9], [w79,8], [w77,8], [w77,0], [w78,5], [w78,0], [w79,3], [w78,9], [80,3], [w78,3], [w79,0], [w78,8], [w79,4], [w77,9], [w79,2], [w78,2], [w77,1], [80,4], [w78,6], [80,9], [w77,4], [80,5], [w77,6], [w79,7], [w79,6], [w77,7], [80,2], [w77,2], [w79,5], [w77,5], [w78,7], [w78,4], [w77,3]] weak=[[w79,9], [w79,8], [w77,8], [w77,0], [w78,5], [w78,0], [w79,3], [w78,9], [w78,3], [w79,0], [w78,8], [w79,4], [w77,9], [w79,2], [w78,2], [w77,1], [w78,6], [w77,4], [w77,6], [w79,7], [w79,6], [w77,7], [w77,2], [w79,5], [w77,5], [w78,7], [w78,4], [w77,3]] (solid_wave_vertices: 10) solid=[[77,2], [77,3], [77,5], [77,1], [77,7], [77,0], [77,9], [77,4], [77,8], [77,6]] merged=[[81,4]] --- (Vertex5)[[w79,9], [w79,8], [w77,8], [w77,0], [w78,5], [w78,0], [w79,3], [w78,9], [80,3], [w78,3], [w79,0], [w78,8], [w79,4], [w77,9], [w79,2], [w78,2], [w77,1], [w78,6], [80,9], [w77,4], [80,5], [w77,6], [w79,7], [w79,6], [w77,7], [80,2], [w77,2], [w79,5], [w77,5], [w78,7], [w78,4], [w77,3]] weak=[[w79,9], [w79,8], [w77,8], [w77,0], [w78,5], [w78,0], [w79,3], [w78,9], [w78,3], [w79,0], [w78,8], [w79,4], [w77,9], [w79,2], [w78,2], [w77,1], [w78,6], [w77,4], [w77,6], [w79,7], [w79,6], [w77,7], [w77,2], [w79,5], [w77,5], [w78,7], [w78,4], [w77,3]] (solid_wave_vertices: 10) solid=[[77,5], [77,3], [77,4], [77,2], [77,0], [77,7], [77,1], [77,6], [77,9], [77,8]] merged=[[81,5]] --- (Vertex6)[[w79,9], [w79,8], [w77,8], [w77,0], [w78,5], [w78,0], [w79,3], [w78,9], [80,3], [w78,3], [w78,8], [w79,4], [w77,9], [w79,2], [w78,2], [w77,1], [w78,6], [w77,4], [80,5], [w77,6], [w79,7], [w79,6], [w77,7], [80,2], [w77,2], [w79,5], [w77,5], [w78,7], [w78,4], [w77,3]] weak=[[w79,9], [w79,8], [w77,8], [w77,0], [w78,5], [w78,0], [w79,3], [w78,9], [w78,3], [w78,8], [w79,4], [w77,9], [w79,2], [w78,2], [w77,1], [w78,6], [w77,4], [w77,6], [w79,7], [w79,6], [w77,7], [w77,2], [w79,5], [w77,5], [w78,7], [w78,4], [w77,3]] (solid_wave_vertices: 10) solid=[[77,3], [77,4], [77,2], [77,5], [77,0], [77,9], [77,6], [77,8], [77,7], [77,1]] merged=[[81,6]] --- (Vertex7)[[w79,9], [w79,8], [w77,8], [w77,0], [w78,5], [w78,0], [w79,3], [80,0], [w78,9], [w78,3], [w79,0], [w78,8], [w79,4], [w77,9], [w79,2], [w78,2], [w77,1], [w78,6], [w77,4], [w77,6], [w79,7], [w79,6], [w77,7], [80,7], [80,2], [w77,2], [w79,5], [w77,5], [w78,1], [w78,7], [w78,4], [w77,3]] weak=[[w79,9], [w79,8], [w77,8], [w77,0], [w78,5], [w78,0], [w79,3], [w78,9], [w78,3], [w79,0], [w78,8], [w79,4], [w77,9], [w79,2], [w78,2], [w77,1], [w78,6], [w77,4], [w77,6], [w79,7], [w79,6], [w77,7], [w77,2], [w79,5], [w77,5], [w78,1], [w78,7], [w78,4], [w77,3]] (solid_wave_vertices: 10) solid=[[77,9], [77,4], [77,6], [77,3], [77,2], [77,0], [77,1], [77,5], [77,7], [77,8]] merged=[[81,7]] --- (Vertex8)[[w79,9], [w79,8], [w77,8], [w77,0], [w78,5], [w78,0], [80,8], [w79,3], [80,0], [w78,9], [w78,3], [w79,0], [w78,8], [w79,4], [w77,9], [w79,2], [w78,2], [w77,1], [w78,6], [w77,4], [w77,6], [w79,7], [w79,6], [w77,7], [80,7], [80,2], [w77,2], [w79,5], [w77,5], [w78,1], [w78,7], [w78,4], [w77,3]] weak=[[w79,9], [w79,8], [w77,8], [w77,0], [w78,5], [w78,0], [w79,3], [w78,9], [w78,3], [w79,0], [w78,8], [w79,4], [w77,9], [w79,2], [w78,2], [w77,1], [w78,6], [w77,4], [w77,6], [w79,7], [w79,6], [w77,7], [w77,2], [w79,5], [w77,5], [w78,1], [w78,7], [w78,4], [w77,3]] (solid_wave_vertices: 10) solid=[[77,6], [77,0], [77,8], [77,7], [77,1], [77,3], [77,4], [77,2], [77,5], [77,9]] merged=[[81,8]] --- (Vertex9)[[w79,9], [w79,8], [w77,8], [w77,0], [w78,5], [w78,0], [w79,3], [w78,9], [80,3], [w78,3], [w79,0], [w78,8], [w79,4], [w77,9], [w79,2], [w78,2], [w77,1], [w78,6], [80,9], [w77,4], [80,5], [w77,6], [w79,7], [w79,6], [w77,7], [80,2], [w77,2], [w79,5], [w77,5], [w78,7], [w78,4], [w77,3]] weak=[[w79,9], [w79,8], [w77,8], [w77,0], [w78,5], [w78,0], [w79,3], [w78,9], [w78,3], [w79,0], [w78,8], [w79,4], [w77,9], [w79,2], [w78,2], [w77,1], [w78,6], [w77,4], [w77,6], [w79,7], [w79,6], [w77,7], [w77,2], [w79,5], [w77,5], [w78,7], [w78,4], [w77,3]] (solid_wave_vertices: 10) solid=[[77,4], [77,7], [77,8], [77,1], [77,2], [77,0], [77,9], [77,5], [77,6], [77,3]] merged=[[81,9]]
Round 82: (Vertex0)[[81,6], [81,0], [81,7], [81,2]] (solid_wave_vertices: 4) solid=[[81,2], [81,6], [81,7], [81,0]] merged=[[81,7], [81,0], [81,6], [81,2]] --- (Vertex1)[[81,6], [81,4], [81,0], [81,7]] (solid_wave_vertices: 4) solid=[[81,0], [81,4], [81,7], [81,6]] merged=[[81,0], [81,7], [81,6], [81,4]] --- (Vertex2)[[81,5], [81,6], [81,4], [81,2]] (solid_wave_vertices: 4) solid=[[81,6], [81,4], [81,5], [81,2]] merged=[[81,6], [81,2], [81,4], [81,5]] --- (Vertex3)[[81,5], [81,6], [81,4], [81,2]] (solid_wave_vertices: 4) solid=[[81,6], [81,4], [81,2], [81,5]] merged=[[81,2], [81,6], [81,4], [81,5]] --- (Vertex4)[[81,5], [81,6], [81,4], [81,2]] (solid_wave_vertices: 4) solid=[[81,5], [81,4], [81,2], [81,6]] merged=[[81,4], [81,6], [81,2], [81,5]] --- (Vertex5)[[81,5], [81,6], [81,4], [81,2]] (solid_wave_vertices: 4) solid=[[81,4], [81,6], [81,5], [81,2]] merged=[[81,5], [81,4], [81,2], [81,6]] --- (Vertex6)[[81,5], [81,6], [81,4], [81,2]] (solid_wave_vertices: 4) solid=[[81,5], [81,2], [81,6], [81,4]] merged=[[81,4], [81,5], [81,2], [81,6]] --- (Vertex7)[[81,6], [81,0], [81,7], [81,2]] (solid_wave_vertices: 4) solid=[[81,0], [81,7], [81,6], [81,2]] merged=[[81,6], [81,2], [81,0], [81,7]] --- (Vertex8)[[81,6], [81,0], [81,7], [81,2]] (solid_wave_vertices: 4) solid=[[81,2], [81,0], [81,7], [81,6]] merged=[[81,0], [81,2], [81,6], [81,7]] --- (Vertex9)[[81,5], [81,6], [81,4], [81,2]] (solid_wave_vertices: 4) solid=[[81,4], [81,6], [81,2], [81,5]] merged=[[81,4], [81,6], [81,5], [81,2]]
Round 83: (Vertex0)[[82,2], [w81,3], [w81,8], [w81,9], [82,8], [w81,5], [w81,6], [82,0], [w81,4], [w81,0], [82,7], [w81,7], [82,3], [w81,2]] weak=[[w81,3], [w81,8], [w81,9], [w81,5], [w81,6], [w81,4], [w81,0], [w81,7], [w81,2]] (solid_wave_vertices: 9) solid=[[81,0], [81,8], [81,7], [81,4], [81,2], [81,6], [81,5], [81,3], [81,9]] merged=[[81,9], [81,6], [81,3], [81,7], [81,8], [81,2], [81,4], [81,5], [81,0]] --- (Vertex1)[[82,2], [82,9], [w81,3], [82,5], [w81,8], [w81,9], [82,8], [w81,5], [w81,6], [82,0], [w81,1], [w81,4], [w81,0], [w81,7], [w81,2], [82,4], [82,6]] weak=[[w81,3], [w81,8], [w81,9], [w81,5], [w81,6], [w81,1], [w81,4], [w81,0], [w81,7], [w81,2]] (solid_wave_vertices: 10) solid=[[81,0], [81,1], [81,8], [81,6], [81,7], [81,3], [81,4], [81,9], [81,5], [81,2]] merged=[[81,4], [81,6], [81,5], [81,8], [81,3], [81,9], [81,7], [81,0], [81,1], [81,2]] --- (Vertex2)[[82,2], [82,9], [w81,3], [82,5], [w81,8], [w81,9], [w81,5], [w81,6], [w81,4], [w81,0], [w81,7], [82,3], [w81,2], [82,4], [82,6]] weak=[[w81,3], [w81,8], [w81,9], [w81,5], [w81,6], [w81,4], [w81,0], [w81,7], [w81,2]] (solid_wave_vertices: 9) solid=[[81,5], [81,6], [81,0], [81,2], [81,4], [81,9], [81,3], [81,8], [81,7]] merged=[[81,5], [81,0], [81,3], [81,6], [81,7], [81,8], [81,4], [81,9], [81,2]] --- (Vertex3)[[82,2], [82,9], [w81,3], [82,5], [w81,8], [w81,9], [w81,5], [w81,6], [w81,4], [w81,0], [w81,7], [82,3], [w81,2], [82,4], [82,6]] weak=[[w81,3], [w81,8], [w81,9], [w81,5], [w81,6], [w81,4], [w81,0], [w81,7], [w81,2]] (solid_wave_vertices: 9) solid=[[81,6], [81,9], [81,4], [81,0], [81,3], [81,2], [81,8], [81,7], [81,5]] merged=[[81,3], [81,2], [81,8], [81,4], [81,5], [81,6], [81,0], [81,9], [81,7]] --- (Vertex4)[[82,2], [82,9], [w81,3], [82,5], [w81,8], [w81,9], [w81,5], [w81,6], [w81,4], [w81,0], [w81,7], [82,3], [w81,2], [82,4], [82,6]] weak=[[w81,3], [w81,8], [w81,9], [w81,5], [w81,6], [w81,4], [w81,0], [w81,7], [w81,2]] (solid_wave_vertices: 9) solid=[[81,4], [81,9], [81,8], [81,5], [81,7], [81,0], [81,3], [81,6], [81,2]] merged=[[81,4], [81,5], [81,0], [81,9], [81,6], [81,8], [81,2], [81,3], [81,7]] --- (Vertex5)[[82,2], [82,9], [w81,3], [82,5], [w81,8], [w81,9], [w81,5], [w81,6], [w81,4], [w81,0], [w81,7], [82,3], [w81,2], [82,4], [82,6]] weak=[[w81,3], [w81,8], [w81,9], [w81,5], [w81,6], [w81,4], [w81,0], [w81,7], [w81,2]] (solid_wave_vertices: 9) solid=[[81,0], [81,9], [81,3], [81,2], [81,4], [81,7], [81,8], [81,6], [81,5]] merged=[[81,2], [81,3], [81,5], [81,8], [81,7], [81,4], [81,6], [81,0], [81,9]] --- (Vertex6)[[82,2], [82,9], [w81,3], [82,5], [w81,8], [w81,9], [w81,5], [w81,6], [w81,4], [w81,0], [w81,7], [82,3], [w81,2], [82,4], [82,6]] weak=[[w81,3], [w81,8], [w81,9], [w81,5], [w81,6], [w81,4], [w81,0], [w81,7], [w81,2]] (solid_wave_vertices: 9) solid=[[81,8], [81,5], [81,3], [81,0], [81,7], [81,6], [81,9], [81,4], [81,2]] merged=[[81,7], [81,0], [81,5], [81,8], [81,6], [81,9], [81,3], [81,4], [81,2]] --- (Vertex7)[[82,2], [w81,3], [w81,8], [w81,9], [82,8], [w81,5], [w81,6], [82,0], [w81,4], [w81,0], [w81,7], [82,3], [w81,2]] weak=[[w81,3], [w81,8], [w81,9], [w81,5], [w81,6], [w81,4], [w81,0], [w81,7], [w81,2]] (solid_wave_vertices: 9) solid=[[81,2], [81,4], [81,9], [81,5], [81,7], [81,0], [81,8], [81,3], [81,6]] merged=[[81,3], [81,5], [81,0], [81,6], [81,4], [81,7], [81,2], [81,8], [81,9]] --- (Vertex8)[[82,2], [w81,3], [w81,8], [w81,9], [82,8], [w81,5], [w81,6], [82,0], [w81,4], [w81,0], [82,7], [w81,7], [82,3], [w81,2]] weak=[[w81,3], [w81,8], [w81,9], [w81,5], [w81,6], [w81,4], [w81,0], [w81,7], [w81,2]] (solid_wave_vertices: 9) solid=[[81,7], [81,3], [81,6], [81,4], [81,0], [81,5], [81,9], [81,8], [81,2]] merged=[[81,7], [81,6], [81,9], [81,4], [81,8], [81,5], [81,0], [81,2], [81,3]] --- (Vertex9)[[82,2], [82,9], [w81,3], [82,5], [w81,8], [w81,9], [w81,5], [w81,6], [w81,4], [w81,0], [w81,7], [82,3], [w81,2], [82,4], [82,6]] weak=[[w81,3], [w81,8], [w81,9], [w81,5], [w81,6], [w81,4], [w81,0], [w81,7], [w81,2]] (solid_wave_vertices: 9) solid=[[81,5], [81,8], [81,7], [81,0], [81,6], [81,4], [81,3], [81,2], [81,9]] merged=[[81,4], [81,6], [81,5], [81,9], [81,0], [81,8], [81,3], [81,2], [81,7]]
Round 84: (Vertex0)[[w82,2], [w82,9], [w81,3], [w82,5], [w81,8], [w81,9], [w82,8], [w81,5], [83,2], [w81,6], [w82,0], [w81,1], [83,7], [83,3], [w81,4], [w81,0], [w82,7], [83,8], [w81,7], [w82,3], [w81,2], [w82,4], [w82,6]] weak=[[w82,2], [w82,9], [w81,3], [w82,5], [w81,8], [w81,9], [w82,8], [w81,5], [w81,6], [w82,0], [w81,1], [w81,4], [w81,0], [w82,7], [w81,7], [w82,3], [w81,2], [w82,4], [w82,6]] (solid_wave_vertices: 10) solid=[[81,1], [81,6], [81,4], [81,7], [81,5], [81,0], [81,8], [81,3], [81,9], [81,2]] merged=[[81,2], [81,6], [81,1], [81,3], [81,8], [81,9], [81,0], [81,4], [81,5], [81,7]] --- (Vertex1)[[w82,2], [w82,9], [w82,1], [w81,3], [w82,5], [w81,8], [w81,9], [w82,8], [w81,5], [w81,6], [w82,0], [w81,1], [83,7], [83,3], [w81,4], [w81,0], [w82,7], [83,8], [w81,7], [w82,3], [w81,2], [w82,4], [83,5], [w82,6]] weak=[[w82,2], [w82,9], [w82,1], [w81,3], [w82,5], [w81,8], [w81,9], [w82,8], [w81,5], [w81,6], [w82,0], [w81,1], [w81,4], [w81,0], [w82,7], [w81,7], [w82,3], [w81,2], [w82,4], [w82,6]] (solid_wave_vertices: 10) solid=[[81,7], [81,4], [81,0], [81,3], [81,8], [81,9], [81,2], [81,6], [81,5], [81,1]] merged=[[81,1], [81,7], [81,9], [81,3], [81,8], [81,4], [81,2], [81,6], [81,0], [81,5]] --- (Vertex2)[[w82,2], [w82,9], [w81,3], [w82,5], [w81,8], [w81,9], [w82,8], [w81,5], [83,2], [w81,6], [w82,0], [83,4], [83,3], [w81,4], [w81,0], [83,6], [w82,7], [w81,7], [w82,3], [w81,2], [w82,4], [83,5], [w82,6]] weak=[[w82,2], [w82,9], [w81,3], [w82,5], [w81,8], [w81,9], [w82,8], [w81,5], [w81,6], [w82,0], [w81,4], [w81,0], [w82,7], [w81,7], [w82,3], [w81,2], [w82,4], [w82,6]] (solid_wave_vertices: 9) solid=[[81,5], [81,6], [81,7], [81,9], [81,4], [81,0], [81,3], [81,2], [81,8]] merged=[[81,6], [81,5], [81,0], [81,3], [81,8], [81,4], [81,2], [81,7], [81,9]] --- (Vertex3)[[w82,2], [w82,9], [w81,3], [w82,5], [w81,8], [w81,9], [w82,8], [w81,5], [83,2], [w81,6], [w82,0], [83,4], [83,3], [w81,4], [w81,0], [83,6], [w82,7], [w81,7], [w82,3], [w81,2], [w82,4], [83,5], [w82,6]] weak=[[w82,2], [w82,9], [w81,3], [w82,5], [w81,8], [w81,9], [w82,8], [w81,5], [w81,6], [w82,0], [w81,4], [w81,0], [w82,7], [w81,7], [w82,3], [w81,2], [w82,4], [w82,6]] (solid_wave_vertices: 9) solid=[[81,9], [81,5], [81,8], [81,4], [81,3], [81,2], [81,0], [81,7], [81,6]] merged=[[81,0], [81,5], [81,4], [81,6], [81,3], [81,7], [81,8], [81,9], [81,2]] --- (Vertex4)[[w82,2], [w82,9], [w81,3], [w82,5], [w81,8], [w81,9], [w82,8], [w81,5], [83,2], [w81,6], [w82,0], [w81,1], [83,4], [83,3], [w81,4], [w81,0], [83,6], [w82,7], [w81,7], [w82,3], [w81,2], [w82,4], [83,5], [w82,6]] weak=[[w82,2], [w82,9], [w81,3], [w82,5], [w81,8], [w81,9], [w82,8], [w81,5], [w81,6], [w82,0], [w81,1], [w81,4], [w81,0], [w82,7], [w81,7], [w82,3], [w81,2], [w82,4], [w82,6]] (solid_wave_vertices: 10) solid=[[81,5], [81,3], [81,9], [81,8], [81,7], [81,2], [81,1], [81,6], [81,4], [81,0]] merged=[[81,1], [81,4], [81,6], [81,7], [81,2], [81,0], [81,9], [81,5], [81,8], [81,3]] --- (Vertex5)[[w82,2], [w82,9], [w81,3], [w82,5], [w81,8], [w81,9], [w82,8], [w81,5], [83,2], [w81,6], [w82,0], [w81,1], [83,4], [83,3], [w81,4], [w81,0], [83,6], [w82,7], [w81,7], [w82,3], [w81,2], [w82,4], [83,5], [w82,6]] weak=[[w82,2], [w82,9], [w81,3], [w82,5], [w81,8], [w81,9], [w82,8], [w81,5], [w81,6], [w82,0], [w81,1], [w81,4], [w81,0], [w82,7], [w81,7], [w82,3], [w81,2], [w82,4], [w82,6]] (solid_wave_vertices: 10) solid=[[81,4], [81,7], [81,3], [81,5], [81,0], [81,1], [81,2], [81,9], [81,8], [81,6]] merged=[[81,8], [81,0], [81,6], [81,2], [81,7], [81,1], [81,5], [81,9], [81,4], [81,3]] --- (Vertex6)[[w82,2], [w82,9], [w81,3], [w82,5], [w81,8], [w81,9], [w82,8], [w81,5], [83,2], [w81,6], [w82,0], [w81,1], [83,4], [83,3], [w81,4], [w81,0], [83,6], [w82,7], [w81,7], [w82,3], [w81,2], [w82,4], [83,5], [w82,6]] weak=[[w82,2], [w82,9], [w81,3], [w82,5], [w81,8], [w81,9], [w82,8], [w81,5], [w81,6], [w82,0], [w81,1], [w81,4], [w81,0], [w82,7], [w81,7], [w82,3], [w81,2], [w82,4], [w82,6]] (solid_wave_vertices: 10) solid=[[81,5], [81,8], [81,6], [81,3], [81,2], [81,7], [81,1], [81,9], [81,4], [81,0]] merged=[[81,9], [81,1], [81,0], [81,4], [81,7], [81,3], [81,2], [81,6], [81,8], [81,5]] --- (Vertex7)[[w82,2], [w82,9], [w81,3], [w82,5], [w81,8], [w81,9], [w82,8], [w81,5], [83,2], [w81,6], [w82,0], [w81,1], [83,7], [83,3], [w81,4], [w81,0], [w82,7], [83,8], [w81,7], [w82,3], [w81,2], [w82,4], [w82,6]] weak=[[w82,2], [w82,9], [w81,3], [w82,5], [w81,8], [w81,9], [w82,8], [w81,5], [w81,6], [w82,0], [w81,1], [w81,4], [w81,0], [w82,7], [w81,7], [w82,3], [w81,2], [w82,4], [w82,6]] (solid_wave_vertices: 10) solid=[[81,3], [81,7], [81,2], [81,0], [81,8], [81,1], [81,4], [81,9], [81,5], [81,6]] merged=[[81,3], [81,1], [81,2], [81,0], [81,9], [81,5], [81,4], [81,7], [81,8], [81,6]] --- (Vertex8)[[w82,2], [w82,9], [w81,3], [w82,5], [w81,8], [w81,9], [w82,8], [w81,5], [83,2], [w81,6], [w82,0], [w81,1], [83,7], [83,3], [w81,4], [w81,0], [w82,7], [83,8], [w81,7], [w82,3], [w81,2], [w82,4], [w82,6]] weak=[[w82,2], [w82,9], [w81,3], [w82,5], [w81,8], [w81,9], [w82,8], [w81,5], [w81,6], [w82,0], [w81,1], [w81,4], [w81,0], [w82,7], [w81,7], [w82,3], [w81,2], [w82,4], [w82,6]] (solid_wave_vertices: 10) solid=[[81,7], [81,4], [81,2], [81,3], [81,0], [81,9], [81,6], [81,5], [81,8], [81,1]] merged=[[81,2], [81,3], [81,5], [81,1], [81,7], [81,8], [81,0], [81,4], [81,6], [81,9]] --- (Vertex9)[[w82,2], [w82,9], [w81,3], [w82,5], [w81,8], [w81,9], [w82,8], [w81,5], [83,2], [w81,6], [w82,0], [83,4], [83,3], [w81,4], [w81,0], [83,6], [w82,7], [w81,7], [w82,3], [w81,2], [w82,4], [83,5], [w82,6]] weak=[[w82,2], [w82,9], [w81,3], [w82,5], [w81,8], [w81,9], [w82,8], [w81,5], [w81,6], [w82,0], [w81,4], [w81,0], [w82,7], [w81,7], [w82,3], [w81,2], [w82,4], [w82,6]] (solid_wave_vertices: 9) solid=[[81,5], [81,0], [81,9], [81,2], [81,3], [81,6], [81,7], [81,8], [81,4]] merged=[[81,7], [81,0], [81,3], [81,8], [81,5], [81,6], [81,4], [81,9], [81,2]]
Round 85: (Vertex0)[[w82,2], [w82,9], [w82,1], [w81,3], [w83,9], [w82,5], [w83,0], [w81,8], [w81,9], [w82,8], [w81,5], [w83,2], [w81,6], [w82,0], [w81,1], [w83,4], [w83,7], [w83,3], [84,8], [w81,4], [w81,0], [w83,6], [w82,7], [w83,8], [w81,7], [w82,3], [w81,2], [w82,4], [w83,5], [84,0], [84,7], [w82,6]] weak=[[w82,2], [w82,9], [w82,1], [w81,3], [w83,9], [w82,5], [w83,0], [w81,8], [w81,9], [w82,8], [w81,5], [w83,2], [w81,6], [w82,0], [w81,1], [w83,4], [w83,7], [w83,3], [w81,4], [w81,0], [w83,6], [w82,7], [w83,8], [w81,7], [w82,3], [w81,2], [w82,4], [w83,5], [w82,6]] (solid_wave_vertices: 10) solid=[[81,5], [81,8], [81,9], [81,0], [81,6], [81,2], [81,4], [81,3], [81,1], [81,7]] merged=[[85,0]] --- (Vertex1)[[w82,2], [w82,9], [w82,1], [w81,3], [w83,9], [w82,5], [w83,0], [84,5], [w81,8], [w81,9], [w82,8], [w81,5], [w83,2], [w81,6], [w82,0], [w81,1], [w83,4], [w83,7], [w83,3], [84,8], [w83,1], [w81,4], [w81,0], [w83,6], [w82,7], [w83,8], [w81,7], [w82,3], [w81,2], [84,3], [84,9], [w82,4], [w83,5], [84,0], [84,7], [84,2], [w82,6]] weak=[[w82,2], [w82,9], [w82,1], [w81,3], [w83,9], [w82,5], [w83,0], [w81,8], [w81,9], [w82,8], [w81,5], [w83,2], [w81,6], [w82,0], [w81,1], [w83,4], [w83,7], [w83,3], [w83,1], [w81,4], [w81,0], [w83,6], [w82,7], [w83,8], [w81,7], [w82,3], [w81,2], [w82,4], [w83,5], [w82,6]] (solid_wave_vertices: 10) solid=[[81,9], [81,7], [81,6], [81,2], [81,3], [81,5], [81,1], [81,8], [81,0], [81,4]] merged=[[85,1]] --- (Vertex2)[[w82,2], [w82,9], [w81,3], [w83,9], [w82,5], [w83,0], [84,5], [w81,8], [w81,9], [w82,8], [w81,5], [w83,2], [w81,6], [w82,0], [w81,1], [w83,4], [w83,7], [w83,3], [w81,4], [w81,0], [w83,6], [w82,7], [w83,8], [w81,7], [w82,3], [w81,2], [84,9], [w82,4], [w83,5], [84,2], [w82,6]] weak=[[w82,2], [w82,9], [w81,3], [w83,9], [w82,5], [w83,0], [w81,8], [w81,9], [w82,8], [w81,5], [w83,2], [w81,6], [w82,0], [w81,1], [w83,4], [w83,7], [w83,3], [w81,4], [w81,0], [w83,6], [w82,7], [w83,8], [w81,7], [w82,3], [w81,2], [w82,4], [w83,5], [w82,6]] (solid_wave_vertices: 10) solid=[[81,3], [81,2], [81,0], [81,5], [81,4], [81,6], [81,9], [81,7], [81,1], [81,8]] merged=[[85,2]] --- (Vertex3)[[w82,2], [w82,9], [w81,3], [w83,9], [w82,5], [w83,0], [84,5], [w81,8], [w81,9], [w82,8], [w81,5], [w83,2], [w81,6], [w82,0], [w81,1], [w83,4], [w83,7], [w83,3], [w81,4], [w81,0], [w83,6], [w82,7], [w83,8], [w81,7], [w82,3], [w81,2], [84,3], [84,9], [w82,4], [w83,5], [84,2], [w82,6]] weak=[[w82,2], [w82,9], [w81,3], [w83,9], [w82,5], [w83,0], [w81,8], [w81,9], [w82,8], [w81,5], [w83,2], [w81,6], [w82,0], [w81,1], [w83,4], [w83,7], [w83,3], [w81,4], [w81,0], [w83,6], [w82,7], [w83,8], [w81,7], [w82,3], [w81,2], [w82,4], [w83,5], [w82,6]] (solid_wave_vertices: 10) solid=[[81,3], [81,1], [81,4], [81,9], [81,6], [81,8], [81,5], [81,7], [81,0], [81,2]] merged=[[85,3]] --- (Vertex4)[[w82,2], [w82,9], [w81,3], [w83,9], [w82,5], [w83,0], [84,5], [w81,8], [w81,9], [w82,8], [w81,5], [w83,2], [w81,6], [w82,0], [w81,1], [w83,4], [w83,7], [w83,3], [w81,4], [w81,0], [w83,6], [w82,7], [w83,8], [w81,7], [w82,3], [w81,2], [84,9], [w82,4], [w83,5], [84,2], [w82,6]] weak=[[w82,2], [w82,9], [w81,3], [w83,9], [w82,5], [w83,0], [w81,8], [w81,9], [w82,8], [w81,5], [w83,2], [w81,6], [w82,0], [w81,1], [w83,4], [w83,7], [w83,3], [w81,4], [w81,0], [w83,6], [w82,7], [w83,8], [w81,7], [w82,3], [w81,2], [w82,4], [w83,5], [w82,6]] (solid_wave_vertices: 10) solid=[[81,4], [81,7], [81,0], [81,8], [81,9], [81,6], [81,2], [81,5], [81,3], [81,1]] merged=[[85,4]] --- (Vertex5)[[w82,2], [w82,9], [w81,3], [w83,9], [w82,5], [w83,0], [84,5], [w81,8], [w81,9], [w82,8], [w81,5], [w83,2], [w81,6], [w82,0], [w81,1], [w83,4], [w83,7], [w83,3], [w81,4], [w81,0], [w83,6], [w82,7], [w83,8], [w81,7], [w82,3], [w81,2], [84,9], [w82,4], [w83,5], [84,2], [w82,6]] weak=[[w82,2], [w82,9], [w81,3], [w83,9], [w82,5], [w83,0], [w81,8], [w81,9], [w82,8], [w81,5], [w83,2], [w81,6], [w82,0], [w81,1], [w83,4], [w83,7], [w83,3], [w81,4], [w81,0], [w83,6], [w82,7], [w83,8], [w81,7], [w82,3], [w81,2], [w82,4], [w83,5], [w82,6]] (solid_wave_vertices: 10) solid=[[81,2], [81,9], [81,0], [81,6], [81,7], [81,4], [81,5], [81,8], [81,1], [81,3]] merged=[[85,5]] --- (Vertex6)[[w82,2], [w82,9], [w81,3], [w83,9], [w82,5], [w83,0], [84,5], [w81,8], [w81,9], [w82,8], [w81,5], [w83,2], [w81,6], [w82,0], [w81,1], [w83,4], [w83,7], [w83,3], [w81,4], [w81,0], [w83,6], [w82,7], [w83,8], [w81,7], [w82,3], [w81,2], [84,9], [w82,4], [w83,5], [84,2], [w82,6]] weak=[[w82,2], [w82,9], [w81,3], [w83,9], [w82,5], [w83,0], [w81,8], [w81,9], [w82,8], [w81,5], [w83,2], [w81,6], [w82,0], [w81,1], [w83,4], [w83,7], [w83,3], [w81,4], [w81,0], [w83,6], [w82,7], [w83,8], [w81,7], [w82,3], [w81,2], [w82,4], [w83,5], [w82,6]] (solid_wave_vertices: 10) solid=[[81,4], [81,2], [81,0], [81,9], [81,3], [81,6], [81,5], [81,1], [81,7], [81,8]] merged=[[85,6]] --- (Vertex7)[[w82,2], [w82,9], [w82,1], [w81,3], [w83,9], [w82,5], [w83,0], [w81,8], [w81,9], [w82,8], [w81,5], [w83,2], [w81,6], [w82,0], [w81,1], [w83,4], [w83,7], [w83,3], [84,8], [w81,4], [w81,0], [w83,6], [w82,7], [w83,8], [w81,7], [w82,3], [w81,2], [84,9], [w82,4], [w83,5], [84,0], [84,7], [84,2], [w82,6]] weak=[[w82,2], [w82,9], [w82,1], [w81,3], [w83,9], [w82,5], [w83,0], [w81,8], [w81,9], [w82,8], [w81,5], [w83,2], [w81,6], [w82,0], [w81,1], [w83,4], [w83,7], [w83,3], [w81,4], [w81,0], [w83,6], [w82,7], [w83,8], [w81,7], [w82,3], [w81,2], [w82,4], [w83,5], [w82,6]] (solid_wave_vertices: 10) solid=[[81,0], [81,9], [81,5], [81,7], [81,6], [81,8], [81,1], [81,4], [81,3], [81,2]] merged=[[85,7]] --- (Vertex8)[[w82,2], [w82,9], [w82,1], [w81,3], [w83,9], [w82,5], [w83,0], [w81,8], [w81,9], [w82,8], [w81,5], [w83,2], [w81,6], [w82,0], [w81,1], [w83,4], [w83,7], [w83,3], [84,8], [w81,4], [w81,0], [w83,6], [w82,7], [w83,8], [w81,7], [w82,3], [w81,2], [w82,4], [w83,5], [84,0], [84,7], [84,2], [w82,6]] weak=[[w82,2], [w82,9], [w82,1], [w81,3], [w83,9], [w82,5], [w83,0], [w81,8], [w81,9], [w82,8], [w81,5], [w83,2], [w81,6], [w82,0], [w81,1], [w83,4], [w83,7], [w83,3], [w81,4], [w81,0], [w83,6], [w82,7], [w83,8], [w81,7], [w82,3], [w81,2], [w82,4], [w83,5], [w82,6]] (solid_wave_vertices: 10) solid=[[81,4], [81,5], [81,8], [81,0], [81,2], [81,3], [81,1], [81,6], [81,9], [81,7]] merged=[[85,8]] --- (Vertex9)[[w82,2], [w82,9], [w81,3], [w83,9], [w82,5], [w83,0], [84,5], [w81,8], [w81,9], [w82,8], [w81,5], [w83,2], [w81,6], [w82,0], [w81,1], [w83,4], [w83,7], [w83,3], [w81,4], [w81,0], [w83,6], [w82,7], [w83,8], [w81,7], [w82,3], [w81,2], [84,9], [w82,4], [w83,5], [84,2], [w82,6]] weak=[[w82,2], [w82,9], [w81,3], [w83,9], [w82,5], [w83,0], [w81,8], [w81,9], [w82,8], [w81,5], [w83,2], [w81,6], [w82,0], [w81,1], [w83,4], [w83,7], [w83,3], [w81,4], [w81,0], [w83,6], [w82,7], [w83,8], [w81,7], [w82,3], [w81,2], [w82,4], [w83,5], [w82,6]] (solid_wave_vertices: 10) solid=[[81,5], [81,4], [81,6], [81,8], [81,3], [81,7], [81,9], [81,2], [81,1], [81,0]] merged=[[85,9]]
Round 86: (Vertex0)[[85,4], [85,7], [85,0], [85,8]] (solid_wave_vertices: 4) solid=[[85,8], [85,7], [85,0], [85,4]] merged=[[85,4], [85,7], [85,0], [85,8]] --- (Vertex1)[[85,4], [85,7], [85,0], [85,9]] (solid_wave_vertices: 4) solid=[[85,9], [85,7], [85,0], [85,4]] merged=[[85,9], [85,4], [85,7], [85,0]] --- (Vertex2)[[85,4], [85,5], [85,9], [85,6]] (solid_wave_vertices: 4) solid=[[85,4], [85,9], [85,5], [85,6]] merged=[[85,5], [85,9], [85,4], [85,6]] --- (Vertex3)[[85,4], [85,5], [85,9], [85,6]] (solid_wave_vertices: 4) solid=[[85,9], [85,5], [85,6], [85,4]] merged=[[85,5], [85,9], [85,4], [85,6]] --- (Vertex4)[[85,4], [85,5], [85,9], [85,6]] (solid_wave_vertices: 4) solid=[[85,6], [85,4], [85,5], [85,9]] merged=[[85,9], [85,6], [85,5], [85,4]] --- (Vertex5)[[85,4], [85,5], [85,9], [85,6]] (solid_wave_vertices: 4) solid=[[85,5], [85,4], [85,6], [85,9]] merged=[[85,9], [85,6], [85,4], [85,5]] --- (Vertex6)[[85,4], [85,5], [85,9], [85,6]] (solid_wave_vertices: 4) solid=[[85,5], [85,6], [85,9], [85,4]] merged=[[85,4], [85,9], [85,6], [85,5]] --- (Vertex7)[[85,4], [85,7], [85,0], [85,8]] (solid_wave_vertices: 4) solid=[[85,0], [85,8], [85,7], [85,4]] merged=[[85,4], [85,7], [85,0], [85,8]] --- (Vertex8)[[85,4], [85,0], [85,9], [85,8]] (solid_wave_vertices: 4) solid=[[85,0], [85,8], [85,4], [85,9]] merged=[[85,9], [85,4], [85,0], [85,8]] --- (Vertex9)[[85,4], [85,5], [85,9], [85,6]] (solid_wave_vertices: 4) solid=[[85,9], [85,4], [85,6], [85,5]] merged=[[85,6], [85,5], [85,4], [85,9]]
Round 87: (Vertex0)[[86,0], [w85,4], [w85,7], [w85,2], [86,4], [w85,0], [86,3], [w85,3], [w85,5], [86,2], [w85,9], [w85,6], [86,9], [w85,8]] weak=[[w85,4], [w85,7], [w85,2], [w85,0], [w85,3], [w85,5], [w85,9], [w85,6], [w85,8]] (solid_wave_vertices: 9) solid=[[85,0], [85,7], [85,5], [85,8], [85,4], [85,2], [85,6], [85,9], [85,3]] merged=[[85,4], [85,5], [85,0], [85,2], [85,7], [85,9], [85,8], [85,3], [85,6]] --- (Vertex1)[[w85,4], [w85,7], [w85,2], [86,4], [w85,0], [86,3], [w85,3], [w85,5], [86,2], [w85,9], [w85,6], [86,9], [w85,8]] weak=[[w85,4], [w85,7], [w85,2], [w85,0], [w85,3], [w85,5], [w85,9], [w85,6], [w85,8]] (solid_wave_vertices: 9) solid=[[85,6], [85,4], [85,5], [85,8], [85,3], [85,9], [85,0], [85,7], [85,2]] merged=[[85,8], [85,3], [85,6], [85,2], [85,4], [85,0], [85,9], [85,7], [85,5]] --- (Vertex2)[[w85,4], [w85,7], [w85,2], [86,4], [w85,0], [86,3], [w85,3], [w85,5], [86,2], [w85,9], [w85,6], [86,9], [w85,8]] weak=[[w85,4], [w85,7], [w85,2], [w85,0], [w85,3], [w85,5], [w85,9], [w85,6], [w85,8]] (solid_wave_vertices: 9) solid=[[85,0], [85,9], [85,5], [85,4], [85,6], [85,3], [85,2], [85,7], [85,8]] merged=[[85,8], [85,2], [85,6], [85,7], [85,3], [85,4], [85,0], [85,9], [85,5]] --- (Vertex3)[[w85,4], [w85,7], [w85,2], [86,4], [w85,0], [86,3], [w85,3], [w85,5], [86,2], [w85,9], [w85,6], [86,9], [w85,8]] weak=[[w85,4], [w85,7], [w85,2], [w85,0], [w85,3], [w85,5], [w85,9], [w85,6], [w85,8]] (solid_wave_vertices: 9) solid=[[85,2], [85,6], [85,7], [85,0], [85,5], [85,9], [85,3], [85,8], [85,4]] merged=[[85,9], [85,6], [85,8], [85,2], [85,3], [85,7], [85,4], [85,5], [85,0]] --- (Vertex4)[[w85,4], [w85,7], [w85,2], [86,4], [w85,0], [86,3], [w85,3], [w85,5], [86,2], [w85,9], [w85,6], [86,9], [w85,8]] weak=[[w85,4], [w85,7], [w85,2], [w85,0], [w85,3], [w85,5], [w85,9], [w85,6], [w85,8]] (solid_wave_vertices: 9) solid=[[85,9], [85,2], [85,6], [85,3], [85,7], [85,5], [85,0], [85,4], [85,8]] merged=[[85,4], [85,2], [85,0], [85,7], [85,9], [85,5], [85,6], [85,3], [85,8]] --- (Vertex5)[[w85,4], [w85,7], [w85,2], [86,4], [w85,0], [86,3], [w85,3], [w85,5], [86,2], [w85,9], [w85,6], [86,9], [w85,8]] weak=[[w85,4], [w85,7], [w85,2], [w85,0], [w85,3], [w85,5], [w85,9], [w85,6], [w85,8]] (solid_wave_vertices: 9) solid=[[85,9], [85,0], [85,6], [85,5], [85,3], [85,8], [85,2], [85,7], [85,4]] merged=[[85,5], [85,9], [85,6], [85,8], [85,2], [85,7], [85,3], [85,4], [85,0]] --- (Vertex6)[[w85,4], [w85,7], [w85,2], [86,4], [w85,0], [86,3], [w85,3], [w85,5], [86,2], [w85,9], [w85,6], [86,9], [w85,8]] weak=[[w85,4], [w85,7], [w85,2], [w85,0], [w85,3], [w85,5], [w85,9], [w85,6], [w85,8]] (solid_wave_vertices: 9) solid=[[85,0], [85,5], [85,8], [85,7], [85,3], [85,2], [85,9], [85,4], [85,6]] merged=[[85,8], [85,5], [85,9], [85,3], [85,4], [85,6], [85,7], [85,0], [85,2]] --- (Vertex7)[[86,0], [w85,4], [w85,7], [w85,2], [86,4], [w85,0], [86,3], [w85,3], [w85,5], [86,2], [w85,9], [w85,6], [86,9], [w85,8]] weak=[[w85,4], [w85,7], [w85,2], [w85,0], [w85,3], [w85,5], [w85,9], [w85,6], [w85,8]] (solid_wave_vertices: 9) solid=[[85,2], [85,0], [85,6], [85,3], [85,5], [85,9], [85,4], [85,8], [85,7]] merged=[[85,6], [85,7], [85,8], [85,9], [85,3], [85,5], [85,0], [85,4], [85,2]] --- (Vertex8)[[86,0], [w85,4], [w85,7], [w85,2], [w85,0], [86,3], [w85,3], [w85,5], [86,2], [w85,9], [w85,6], [w85,8]] weak=[[w85,4], [w85,7], [w85,2], [w85,0], [w85,3], [w85,5], [w85,9], [w85,6], [w85,8]] (solid_wave_vertices: 9) solid=[[85,9], [85,4], [85,3], [85,7], [85,8], [85,6], [85,0], [85,2], [85,5]] merged=[[85,8], [85,7], [85,0], [85,4], [85,6], [85,2], [85,3], [85,9], [85,5]] --- (Vertex9)[[w85,4], [w85,7], [w85,2], [86,4], [w85,0], [86,3], [w85,3], [w85,5], [86,2], [w85,9], [w85,6], [86,9], [w85,8]] weak=[[w85,4], [w85,7], [w85,2], [w85,0], [w85,3], [w85,5], [w85,9], [w85,6], [w85,8]] (solid_wave_vertices: 9) solid=[[85,0], [85,6], [85,9], [85,2], [85,3], [85,8], [85,7], [85,4], [85,5]] merged=[[85,6], [85,3], [85,0], [85,8], [85,5], [85,2], [85,9], [85,7], [85,4]]
Round 88: (Vertex0)[[w86,0], [w85,4], [w85,7], [w85,2], [w86,5], [w86,7], [w86,4], [w85,0], [w86,3], [w85,3], [w85,5], [w86,2], [w86,8], [w86,6], [w85,9], [w85,6], [87,8], [w86,9], [87,5], [87,7], [87,0], [w85,8]] weak=[[w86,0], [w85,4], [w85,7], [w85,2], [w86,5], [w86,7], [w86,4], [w85,0], [w86,3], [w85,3], [w85,5], [w86,2], [w86,8], [w86,6], [w85,9], [w85,6], [w86,9], [w85,8]] (solid_wave_vertices: 9) solid=[[85,0], [85,2], [85,6], [85,4], [85,9], [85,5], [85,7], [85,8], [85,3]] merged=[[85,9], [85,3], [85,2], [85,4], [85,0], [85,5], [85,8], [85,6], [85,7]] --- (Vertex2)[[w86,0], [w85,4], [w85,7], [w85,2], [w86,5], [w86,7], [w86,4], [w85,0], [w86,3], [w85,3], [87,2], [w85,5], [87,9], [w86,2], [87,6], [w86,8], [w86,6], [w85,9], [w85,6], [w86,9], [87,3], [87,5], [w85,8]] weak=[[w86,0], [w85,4], [w85,7], [w85,2], [w86,5], [w86,7], [w86,4], [w85,0], [w86,3], [w85,3], [w85,5], [w86,2], [w86,8], [w86,6], [w85,9], [w85,6], [w86,9], [w85,8]] (solid_wave_vertices: 9) solid=[[85,3], [85,6], [85,9], [85,4], [85,8], [85,5], [85,2], [85,7], [85,0]] merged=[[85,4], [85,0], [85,5], [85,8], [85,3], [85,6], [85,2], [85,9], [85,7]] --- (Vertex3)[[w86,0], [w85,4], [w85,7], [w85,2], [w86,5], [w86,7], [w86,4], [w85,0], [w86,3], [w85,3], [87,2], [w85,5], [87,9], [w86,2], [87,6], [w86,8], [w86,6], [w85,9], [w85,6], [w86,9], [87,3], [87,5], [w85,8]] weak=[[w86,0], [w85,4], [w85,7], [w85,2], [w86,5], [w86,7], [w86,4], [w85,0], [w86,3], [w85,3], [w85,5], [w86,2], [w86,8], [w86,6], [w85,9], [w85,6], [w86,9], [w85,8]] (solid_wave_vertices: 9) solid=[[85,8], [85,5], [85,0], [85,9], [85,3], [85,4], [85,7], [85,2], [85,6]] merged=[[85,3], [85,2], [85,9], [85,4], [85,0], [85,6], [85,7], [85,5], [85,8]] --- (Vertex4)[[w86,0], [w85,4], [w85,7], [w85,2], [w86,5], [w86,7], [w86,4], [w85,0], [w86,3], [w85,3], [87,2], [w85,5], [87,9], [w86,2], [87,6], [w86,8], [w86,6], [w85,9], [w85,6], [w86,9], [87,3], [87,5], [w85,8]] weak=[[w86,0], [w85,4], [w85,7], [w85,2], [w86,5], [w86,7], [w86,4], [w85,0], [w86,3], [w85,3], [w85,5], [w86,2], [w86,8], [w86,6], [w85,9], [w85,6], [w86,9], [w85,8]] (solid_wave_vertices: 9) solid=[[85,0], [85,9], [85,5], [85,4], [85,7], [85,2], [85,3], [85,8], [85,6]] merged=[[85,9], [85,6], [85,0], [85,5], [85,2], [85,4], [85,3], [85,8], [85,7]] --- (Vertex5)[[w86,0], [w85,4], [w85,7], [w85,2], [w86,5], [w86,7], [w86,4], [w85,0], [w86,3], [w85,3], [w85,5], [87,9], [w86,2], [87,6], [w86,8], [w86,6], [w85,9], [w85,6], [w86,9], [87,3], [87,5], [w85,8]] weak=[[w86,0], [w85,4], [w85,7], [w85,2], [w86,5], [w86,7], [w86,4], [w85,0], [w86,3], [w85,3], [w85,5], [w86,2], [w86,8], [w86,6], [w85,9], [w85,6], [w86,9], [w85,8]] (solid_wave_vertices: 9) solid=[[85,4], [85,6], [85,3], [85,2], [85,5], [85,9], [85,7], [85,8], [85,0]] merged=[[85,0], [85,9], [85,2], [85,3], [85,4], [85,6], [85,8], [85,7], [85,5]] --- (Vertex6)[[w86,0], [w85,4], [w85,7], [w85,2], [w86,5], [w86,7], [w86,4], [w85,0], [w86,3], [w85,3], [w85,5], [87,9], [w86,2], [87,6], [w86,6], [w85,9], [w85,6], [w86,9], [87,3], [87,5], [w85,8]] weak=[[w86,0], [w85,4], [w85,7], [w85,2], [w86,5], [w86,7], [w86,4], [w85,0], [w86,3], [w85,3], [w85,5], [w86,2], [w86,6], [w85,9], [w85,6], [w86,9], [w85,8]] (solid_wave_vertices: 9) solid=[[85,6], [85,2], [85,4], [85,7], [85,0], [85,3], [85,9], [85,8], [85,5]] merged=[[85,3], [85,4], [85,2], [85,8], [85,9], [85,5], [85,6], [85,7], [85,0]] --- (Vertex7)[[w86,0], [w85,4], [w85,7], [w85,2], [w86,5], [w86,7], [w86,4], [w85,0], [w86,3], [w85,3], [w85,5], [87,9], [w86,2], [w86,8], [w86,6], [w85,9], [w85,6], [87,8], [w86,9], [87,7], [87,0], [w85,8]] weak=[[w86,0], [w85,4], [w85,7], [w85,2], [w86,5], [w86,7], [w86,4], [w85,0], [w86,3], [w85,3], [w85,5], [w86,2], [w86,8], [w86,6], [w85,9], [w85,6], [w86,9], [w85,8]] (solid_wave_vertices: 9) solid=[[85,2], [85,8], [85,0], [85,4], [85,9], [85,6], [85,3], [85,5], [85,7]] merged=[[85,6], [85,4], [85,8], [85,2], [85,7], [85,0], [85,3], [85,5], [85,9]] --- (Vertex8)[[w86,0], [w85,4], [w85,7], [w85,2], [w86,5], [w86,7], [w86,4], [w85,0], [w86,3], [w85,3], [w85,5], [87,9], [w86,2], [w86,8], [w86,6], [w85,9], [w85,6], [87,8], [w86,9], [87,7], [87,0], [w85,8]] weak=[[w86,0], [w85,4], [w85,7], [w85,2], [w86,5], [w86,7], [w86,4], [w85,0], [w86,3], [w85,3], [w85,5], [w86,2], [w86,8], [w86,6], [w85,9], [w85,6], [w86,9], [w85,8]] (solid_wave_vertices: 9) solid=[[85,3], [85,8], [85,9], [85,4], [85,2], [85,0], [85,6], [85,7], [85,5]] merged=[[85,4], [85,3], [85,7], [85,0], [85,8], [85,2], [85,6], [85,5], [85,9]] --- (Vertex9)[[w86,0], [w85,4], [w85,7], [w85,2], [w86,5], [w86,4], [w85,0], [w86,3], [w85,3], [87,2], [w85,5], [87,9], [w86,2], [87,6], [w86,8], [w86,6], [w85,9], [w85,6], [w86,9], [87,3], [87,5], [w85,8]] weak=[[w86,0], [w85,4], [w85,7], [w85,2], [w86,5], [w86,4], [w85,0], [w86,3], [w85,3], [w85,5], [w86,2], [w86,8], [w86,6], [w85,9], [w85,6], [w86,9], [w85,8]] (solid_wave_vertices: 9) solid=[[85,8], [85,3], [85,9], [85,4], [85,0], [85,7], [85,2], [85,6], [85,5]] merged=[[85,7], [85,9], [85,3], [85,4], [85,6], [85,8], [85,5], [85,0], [85,2]]
Round 89: (Vertex0)[[w86,0], [w85,4], [88,8], [w85,7], [w85,2], [w86,5], [w86,7], [w86,4], [w86,1], [w85,0], [w86,3], [w85,3], [w87,2], [w85,5], [w87,4], [w87,9], [w86,2], [w87,6], [w86,8], [w85,1], [w86,6], [w85,9], [w85,6], [w87,8], [w86,9], [88,5], [w87,3], [w87,5], [w87,7], [w87,0], [w85,8]] weak=[[w86,0], [w85,4], [w85,7], [w85,2], [w86,5], [w86,7], [w86,4], [w86,1], [w85,0], [w86,3], [w85,3], [w87,2], [w85,5], [w87,4], [w87,9], [w86,2], [w87,6], [w86,8], [w85,1], [w86,6], [w85,9], [w85,6], [w87,8], [w86,9], [w87,3], [w87,5], [w87,7], [w87,0], [w85,8]] (solid_wave_vertices: 10) solid=[[85,5], [85,8], [85,2], [85,3], [85,9], [85,6], [85,7], [85,4], [85,1], [85,0]] merged=[[89,0]] --- (Vertex1)[[w86,0], [w85,4], [w85,7], [w85,2], [w86,5], [w86,7], [w86,4], [w86,1], [w85,0], [w86,3], [w85,3], [w87,2], [w85,5], [w87,9], [w86,2], [w87,6], [w86,8], [w85,1], [w86,6], [w85,9], [w85,6], [w87,8], [w86,9], [w87,3], [w87,5], [w87,7], [w85,8]] weak=[[w86,0], [w85,4], [w85,7], [w85,2], [w86,5], [w86,7], [w86,4], [w86,1], [w85,0], [w86,3], [w85,3], [w87,2], [w85,5], [w87,9], [w86,2], [w87,6], [w86,8], [w85,1], [w86,6], [w85,9], [w85,6], [w87,8], [w86,9], [w87,3], [w87,5], [w87,7], [w85,8]] (solid_wave_vertices: 10) solid=[[85,8], [85,6], [85,4], [85,5], [85,1], [85,3], [85,7], [85,9], [85,2], [85,0]] merged=[[89,1]] --- (Vertex2)[[w86,0], [w85,4], [w85,7], [w85,2], [w86,5], [w86,7], [88,9], [w86,4], [w85,0], [w86,3], [w85,3], [w87,2], [w85,5], [w87,4], [w87,9], [w86,2], [w87,6], [88,6], [w86,8], [88,4], [w86,6], [w85,9], [w85,6], [w87,8], [w86,9], [88,5], [w87,3], [w87,5], [w87,7], [w87,0], [w85,8]] weak=[[w86,0], [w85,4], [w85,7], [w85,2], [w86,5], [w86,7], [w86,4], [w85,0], [w86,3], [w85,3], [w87,2], [w85,5], [w87,4], [w87,9], [w86,2], [w87,6], [w86,8], [w86,6], [w85,9], [w85,6], [w87,8], [w86,9], [w87,3], [w87,5], [w87,7], [w87,0], [w85,8]] (solid_wave_vertices: 9) solid=[[85,7], [85,6], [85,2], [85,5], [85,4], [85,3], [85,9], [85,8], [85,0]] merged=[[89,2]] --- (Vertex3)[[w86,0], [w85,4], [w85,7], [w85,2], [w86,5], [w86,7], [88,9], [w86,4], [w85,0], [w86,3], [w85,3], [w87,2], [w85,5], [w87,4], [w87,9], [w86,2], [w87,6], [88,6], [w86,8], [88,4], [w86,6], [w85,9], [w85,6], [w87,8], [w86,9], [88,5], [w87,3], [w87,5], [w87,7], [w87,0], [w85,8]] weak=[[w86,0], [w85,4], [w85,7], [w85,2], [w86,5], [w86,7], [w86,4], [w85,0], [w86,3], [w85,3], [w87,2], [w85,5], [w87,4], [w87,9], [w86,2], [w87,6], [w86,8], [w86,6], [w85,9], [w85,6], [w87,8], [w86,9], [w87,3], [w87,5], [w87,7], [w87,0], [w85,8]] (solid_wave_vertices: 9) solid=[[85,3], [85,5], [85,7], [85,8], [85,6], [85,0], [85,2], [85,9], [85,4]] merged=[[89,3]] --- (Vertex4)[[w86,0], [w85,4], [w85,7], [w85,2], [w86,5], [w86,7], [88,9], [w86,4], [w85,0], [w86,3], [w85,3], [w87,2], [w85,5], [w87,4], [w87,9], [w86,2], [w87,6], [88,6], [w86,8], [88,4], [w86,6], [w85,9], [w85,6], [w87,8], [w86,9], [88,5], [w87,3], [w87,5], [w87,7], [w87,0], [w85,8]] weak=[[w86,0], [w85,4], [w85,7], [w85,2], [w86,5], [w86,7], [w86,4], [w85,0], [w86,3], [w85,3], [w87,2], [w85,5], [w87,4], [w87,9], [w86,2], [w87,6], [w86,8], [w86,6], [w85,9], [w85,6], [w87,8], [w86,9], [w87,3], [w87,5], [w87,7], [w87,0], [w85,8]] (solid_wave_vertices: 9) solid=[[85,0], [85,7], [85,8], [85,2], [85,9], [85,5], [85,4], [85,3], [85,6]] merged=[[89,4]] --- (Vertex5)[[w86,0], [w85,4], [w85,7], [w85,2], [w86,5], [w86,7], [88,9], [w86,4], [w85,0], [w86,3], [w85,3], [w87,2], [w85,5], [w87,4], [w87,9], [w86,2], [w87,6], [88,6], [w86,8], [88,4], [w86,6], [w85,9], [w85,6], [w87,8], [w86,9], [88,5], [w87,3], [w87,5], [w87,7], [w87,0], [w85,8]] weak=[[w86,0], [w85,4], [w85,7], [w85,2], [w86,5], [w86,7], [w86,4], [w85,0], [w86,3], [w85,3], [w87,2], [w85,5], [w87,4], [w87,9], [w86,2], [w87,6], [w86,8], [w86,6], [w85,9], [w85,6], [w87,8], [w86,9], [w87,3], [w87,5], [w87,7], [w87,0], [w85,8]] (solid_wave_vertices: 9) solid=[[85,3], [85,8], [85,2], [85,0], [85,6], [85,4], [85,5], [85,9], [85,7]] merged=[[89,5]] --- (Vertex6)[[w86,0], [w85,4], [w85,7], [w85,2], [w86,5], [w86,7], [88,9], [w86,4], [w85,0], [w86,3], [w85,3], [w87,2], [w85,5], [w87,4], [w87,9], [w86,2], [w87,6], [88,6], [w86,8], [88,4], [w86,6], [w85,9], [w85,6], [w87,8], [w86,9], [88,5], [w87,3], [w87,5], [w87,7], [w87,0], [w85,8]] weak=[[w86,0], [w85,4], [w85,7], [w85,2], [w86,5], [w86,7], [w86,4], [w85,0], [w86,3], [w85,3], [w87,2], [w85,5], [w87,4], [w87,9], [w86,2], [w87,6], [w86,8], [w86,6], [w85,9], [w85,6], [w87,8], [w86,9], [w87,3], [w87,5], [w87,7], [w87,0], [w85,8]] (solid_wave_vertices: 9) solid=[[85,8], [85,7], [85,0], [85,3], [85,2], [85,4], [85,6], [85,9], [85,5]] merged=[[89,6]] --- (Vertex7)[[w86,0], [w85,4], [88,8], [w85,7], [w85,2], [w86,5], [w86,7], [w86,4], [w86,1], [w85,0], [w86,3], [w85,3], [w87,2], [w85,5], [w87,4], [w87,9], [w86,2], [w87,6], [88,6], [w86,8], [w85,1], [w86,6], [w85,9], [w85,6], [w87,8], [w86,9], [88,5], [w87,3], [w87,5], [w87,7], [w87,0], [w85,8]] weak=[[w86,0], [w85,4], [w85,7], [w85,2], [w86,5], [w86,7], [w86,4], [w86,1], [w85,0], [w86,3], [w85,3], [w87,2], [w85,5], [w87,4], [w87,9], [w86,2], [w87,6], [w86,8], [w85,1], [w86,6], [w85,9], [w85,6], [w87,8], [w86,9], [w87,3], [w87,5], [w87,7], [w87,0], [w85,8]] (solid_wave_vertices: 10) solid=[[85,4], [85,5], [85,7], [85,8], [85,0], [85,1], [85,9], [85,2], [85,3], [85,6]] merged=[[89,7]] --- (Vertex8)[[w86,0], [w85,4], [88,8], [w85,7], [w85,2], [w86,5], [w86,7], [w86,4], [w86,1], [w85,0], [w86,3], [w85,3], [w87,2], [w85,5], [w87,4], [w87,9], [w86,2], [w87,6], [88,6], [w86,8], [88,7], [w85,1], [w86,6], [w85,9], [w85,6], [w87,8], [w86,9], [w87,3], [w87,5], [w87,7], [w87,0], [w85,8]] weak=[[w86,0], [w85,4], [w85,7], [w85,2], [w86,5], [w86,7], [w86,4], [w86,1], [w85,0], [w86,3], [w85,3], [w87,2], [w85,5], [w87,4], [w87,9], [w86,2], [w87,6], [w86,8], [w85,1], [w86,6], [w85,9], [w85,6], [w87,8], [w86,9], [w87,3], [w87,5], [w87,7], [w87,0], [w85,8]] (solid_wave_vertices: 10) solid=[[85,8], [85,9], [85,1], [85,0], [85,3], [85,7], [85,6], [85,2], [85,5], [85,4]] merged=[[89,8]] --- (Vertex9)[[w86,0], [w85,4], [w85,7], [w85,2], [w86,5], [w86,7], [88,9], [w86,4], [w85,0], [w86,3], [w85,3], [w87,2], [w85,5], [w87,4], [w87,9], [w86,2], [w87,6], [88,6], [w86,8], [88,4], [w86,6], [w85,9], [w85,6], [w87,8], [w86,9], [88,5], [w87,3], [w87,5], [w87,7], [w87,0], [w85,8]] weak=[[w86,0], [w85,4], [w85,7], [w85,2], [w86,5], [w86,7], [w86,4], [w85,0], [w86,3], [w85,3], [w87,2], [w85,5], [w87,4], [w87,9], [w86,2], [w87,6], [w86,8], [w86,6], [w85,9], [w85,6], [w87,8], [w86,9], [w87,3], [w87,5], [w87,7], [w87,0], [w85,8]] (solid_wave_vertices: 9) solid=[[85,0], [85,8], [85,5], [85,7], [85,3], [85,4], [85,2], [85,6], [85,9]] merged=[[89,9]]
Round 90: (Vertex0)[[89,7], [89,6], [89,2], [89,0]] (solid_wave_vertices: 4) solid=[[89,6], [89,0], [89,7], [89,2]] merged=[[89,0], [89,7], [89,2], [89,6]] --- (Vertex1)[[89,7], [89,0], [89,8], [89,1]] (solid_wave_vertices: 4) solid=[[89,1], [89,8], [89,7], [89,0]] merged=[[89,7], [89,8], [89,0], [89,1]] --- (Vertex2)[[89,6], [89,2], [89,9], [89,5]] (solid_wave_vertices: 4) solid=[[89,5], [89,9], [89,6], [89,2]] merged=[[89,6], [89,9], [89,5], [89,2]] --- (Vertex3)[[89,6], [89,2], [89,9], [89,5]] (solid_wave_vertices: 4) solid=[[89,9], [89,2], [89,5], [89,6]] merged=[[89,9], [89,6], [89,5], [89,2]] --- (Vertex4)[[89,6], [89,2], [89,9], [89,5]] (solid_wave_vertices: 4) solid=[[89,6], [89,2], [89,5], [89,9]] merged=[[89,6], [89,2], [89,9], [89,5]] --- (Vertex5)[[89,6], [89,2], [89,9], [89,5]] (solid_wave_vertices: 4) solid=[[89,6], [89,2], [89,5], [89,9]] merged=[[89,2], [89,9], [89,5], [89,6]] --- (Vertex6)[[89,6], [89,2], [89,9], [89,5]] (solid_wave_vertices: 4) solid=[[89,2], [89,9], [89,6], [89,5]] merged=[[89,9], [89,6], [89,5], [89,2]] --- (Vertex7)[[89,7], [89,6], [89,2], [89,0]] (solid_wave_vertices: 4) solid=[[89,7], [89,2], [89,0], [89,6]] merged=[[89,6], [89,0], [89,7], [89,2]] --- (Vertex8)[[89,7], [89,6], [89,2], [89,0]] (solid_wave_vertices: 4) solid=[[89,0], [89,6], [89,7], [89,2]] merged=[[89,0], [89,7], [89,2], [89,6]] --- (Vertex9)[[89,6], [89,2], [89,9], [89,5]] (solid_wave_vertices: 4) solid=[[89,6], [89,5], [89,2], [89,9]] merged=[[89,5], [89,6], [89,9], [89,2]]
Round 91: (Vertex0)[[w89,7], [90,7], [w89,6], [w89,4], [90,8], [w89,3], [w89,2], [w89,0], [w89,8], [w89,1], [w89,9], [90,4], [w89,5], [90,6]] weak=[[w89,7], [w89,6], [w89,4], [w89,3], [w89,2], [w89,0], [w89,8], [w89,1], [w89,9], [w89,5]] (solid_wave_vertices: 10) solid=[[89,9], [89,0], [89,6], [89,4], [89,5], [89,3], [89,8], [89,2], [89,7], [89,1]] merged=[[89,6], [89,7], [89,0], [89,9], [89,5], [89,8], [89,3], [89,2], [89,1], [89,4]] --- (Vertex1)[[w89,7], [90,7], [90,0], [90,3], [w89,6], [w89,4], [90,8], [w89,3], [w89,2], [w89,0], [w89,8], [w89,1], [w89,9], [90,4], [w89,5], [90,6], [90,5]] weak=[[w89,7], [w89,6], [w89,4], [w89,3], [w89,2], [w89,0], [w89,8], [w89,1], [w89,9], [w89,5]] (solid_wave_vertices: 10) solid=[[89,8], [89,3], [89,1], [89,7], [89,6], [89,0], [89,2], [89,4], [89,9], [89,5]] merged=[[89,4], [89,5], [89,9], [89,8], [89,3], [89,2], [89,0], [89,7], [89,6], [89,1]] --- (Vertex2)[[w89,7], [90,3], [w89,6], [w89,4], [w89,3], [w89,2], [w89,0], [w89,8], [w89,9], [90,4], [w89,5], [90,6], [90,5]] weak=[[w89,7], [w89,6], [w89,4], [w89,3], [w89,2], [w89,0], [w89,8], [w89,9], [w89,5]] (solid_wave_vertices: 9) solid=[[89,7], [89,8], [89,5], [89,2], [89,6], [89,4], [89,0], [89,3], [89,9]] merged=[[89,4], [89,3], [89,5], [89,9], [89,2], [89,0], [89,6], [89,7], [89,8]] --- (Vertex3)[[w89,7], [90,3], [w89,6], [w89,4], [w89,3], [w89,2], [w89,0], [w89,8], [w89,9], [90,4], [w89,5], [90,6], [90,5]] weak=[[w89,7], [w89,6], [w89,4], [w89,3], [w89,2], [w89,0], [w89,8], [w89,9], [w89,5]] (solid_wave_vertices: 9) solid=[[89,0], [89,6], [89,2], [89,9], [89,3], [89,5], [89,4], [89,7], [89,8]] merged=[[89,8], [89,4], [89,3], [89,9], [89,7], [89,5], [89,2], [89,0], [89,6]] --- (Vertex4)[[w89,7], [90,3], [w89,6], [w89,4], [w89,3], [w89,2], [w89,0], [w89,8], [w89,9], [90,4], [w89,5], [90,6], [90,5]] weak=[[w89,7], [w89,6], [w89,4], [w89,3], [w89,2], [w89,0], [w89,8], [w89,9], [w89,5]] (solid_wave_vertices: 9) solid=[[89,3], [89,8], [89,5], [89,4], [89,7], [89,9], [89,6], [89,0], [89,2]] merged=[[89,2], [89,6], [89,5], [89,3], [89,8], [89,7], [89,4], [89,9], [89,0]] --- (Vertex5)[[w89,7], [90,3], [w89,6], [w89,4], [w89,3], [w89,2], [w89,0], [w89,8], [w89,9], [90,4], [w89,5], [90,6], [90,5]] weak=[[w89,7], [w89,6], [w89,4], [w89,3], [w89,2], [w89,0], [w89,8], [w89,9], [w89,5]] (solid_wave_vertices: 9) solid=[[89,6], [89,2], [89,9], [89,4], [89,0], [89,5], [89,8], [89,3], [89,7]] merged=[[89,4], [89,0], [89,5], [89,9], [89,6], [89,2], [89,7], [89,8], [89,3]] --- (Vertex6)[[w89,7], [90,3], [w89,6], [w89,4], [w89,3], [w89,2], [w89,0], [w89,8], [w89,9], [90,4], [w89,5], [90,6], [90,5]] weak=[[w89,7], [w89,6], [w89,4], [w89,3], [w89,2], [w89,0], [w89,8], [w89,9], [w89,5]] (solid_wave_vertices: 9) solid=[[89,4], [89,0], [89,7], [89,3], [89,6], [89,9], [89,2], [89,8], [89,5]] merged=[[89,0], [89,3], [89,2], [89,6], [89,5], [89,9], [89,7], [89,4], [89,8]] --- (Vertex7)[[w89,7], [90,7], [90,3], [w89,6], [w89,4], [90,8], [w89,3], [w89,2], [w89,0], [w89,8], [w89,1], [w89,9], [90,4], [w89,5]] weak=[[w89,7], [w89,6], [w89,4], [w89,3], [w89,2], [w89,0], [w89,8], [w89,1], [w89,9], [w89,5]] (solid_wave_vertices: 10) solid=[[89,2], [89,0], [89,6], [89,4], [89,7], [89,1], [89,8], [89,9], [89,3], [89,5]] merged=[[89,5], [89,1], [89,4], [89,2], [89,8], [89,7], [89,9], [89,3], [89,6], [89,0]] --- (Vertex8)[[w89,7], [w89,6], [w89,4], [w89,3], [w89,2], [w89,0], [w89,8], [w89,9], [90,4], [w89,5]] weak=[[w89,7], [w89,6], [w89,4], [w89,3], [w89,2], [w89,0], [w89,8], [w89,9], [w89,5]] (solid_wave_vertices: 9) solid=[[89,3], [89,8], [89,7], [89,9], [89,2], [89,6], [89,5], [89,4], [89,0]] merged=[[89,0], [89,9], [89,4], [89,3], [89,5], [89,7], [89,8], [89,6], [89,2]] --- (Vertex9)[[w89,7], [90,3], [w89,6], [w89,4], [w89,3], [w89,2], [w89,0], [w89,8], [w89,9], [90,4], [w89,5], [90,6], [90,5]] weak=[[w89,7], [w89,6], [w89,4], [w89,3], [w89,2], [w89,0], [w89,8], [w89,9], [w89,5]] (solid_wave_vertices: 9) solid=[[89,4], [89,9], [89,8], [89,5], [89,3], [89,0], [89,2], [89,6], [89,7]] merged=[[89,2], [89,7], [89,8], [89,6], [89,9], [89,0], [89,5], [89,4], [89,3]]
Round 92: (Vertex0)[[w90,2], [w89,7], [w90,7], [w90,0], [w90,3], [w89,6], [w89,4], [w90,8], [91,4], [91,8], [w90,9], [w89,3], [w89,2], [91,7], [91,0], [w89,0], [w89,8], [w89,1], [w89,9], [w90,4], [w89,5], [w90,6], [w90,5]] weak=[[w90,2], [w89,7], [w90,7], [w90,0], [w90,3], [w89,6], [w89,4], [w90,8], [w90,9], [w89,3], [w89,2], [w89,0], [w89,8], [w89,1], [w89,9], [w90,4], [w89,5], [w90,6], [w90,5]] (solid_wave_vertices: 10) solid=[[89,4], [89,0], [89,9], [89,1], [89,8], [89,3], [89,2], [89,5], [89,7], [89,6]] merged=[[89,5], [89,6], [89,9], [89,7], [89,1], [89,2], [89,8], [89,3], [89,4], [89,0]] --- (Vertex2)[[w90,2], [w89,7], [w90,7], [91,2], [w90,0], [w90,3], [w89,6], [w89,4], [w90,8], [91,4], [w90,9], [91,9], [w89,3], [w89,2], [91,6], [w89,0], [w89,8], [w89,1], [w89,9], [w90,4], [w89,5], [w90,6], [w90,5]] weak=[[w90,2], [w89,7], [w90,7], [w90,0], [w90,3], [w89,6], [w89,4], [w90,8], [w90,9], [w89,3], [w89,2], [w89,0], [w89,8], [w89,1], [w89,9], [w90,4], [w89,5], [w90,6], [w90,5]] (solid_wave_vertices: 10) solid=[[89,4], [89,8], [89,1], [89,3], [89,0], [89,2], [89,7], [89,9], [89,5], [89,6]] merged=[[89,4], [89,7], [89,6], [89,2], [89,9], [89,0], [89,1], [89,5], [89,8], [89,3]] --- (Vertex3)[[w90,2], [w89,7], [w90,7], [91,2], [w90,3], [w89,6], [w89,4], [w90,8], [91,4], [w90,9], [91,9], [w89,3], [w89,2], [91,6], [w89,0], [w89,8], [w89,1], [w89,9], [w90,4], [w89,5], [w90,6], [w90,5]] weak=[[w90,2], [w89,7], [w90,7], [w90,3], [w89,6], [w89,4], [w90,8], [w90,9], [w89,3], [w89,2], [w89,0], [w89,8], [w89,1], [w89,9], [w90,4], [w89,5], [w90,6], [w90,5]] (solid_wave_vertices: 10) solid=[[89,4], [89,3], [89,7], [89,0], [89,1], [89,8], [89,6], [89,2], [89,5], [89,9]] merged=[[89,0], [89,8], [89,6], [89,5], [89,1], [89,2], [89,4], [89,7], [89,9], [89,3]] --- (Vertex4)[[w90,2], [w89,7], [w90,7], [91,2], [w90,3], [w89,6], [w89,4], [w90,8], [91,4], [w90,9], [91,9], [w89,3], [w89,2], [91,6], [w89,0], [w89,8], [w89,1], [w89,9], [w90,4], [w89,5], [w90,6], [w90,5]] weak=[[w90,2], [w89,7], [w90,7], [w90,3], [w89,6], [w89,4], [w90,8], [w90,9], [w89,3], [w89,2], [w89,0], [w89,8], [w89,1], [w89,9], [w90,4], [w89,5], [w90,6], [w90,5]] (solid_wave_vertices: 10) solid=[[89,2], [89,4], [89,3], [89,0], [89,5], [89,8], [89,9], [89,1], [89,6], [89,7]] merged=[[89,3], [89,0], [89,1], [89,2], [89,4], [89,6], [89,5], [89,9], [89,8], [89,7]] --- (Vertex5)[[w90,2], [91,5], [w89,7], [w90,7], [91,2], [w90,3], [w89,6], [w89,4], [w90,8], [91,4], [w90,9], [91,9], [w89,3], [w89,2], [w89,0], [w89,8], [w89,1], [w89,9], [w90,4], [w89,5], [w90,6], [w90,5]] weak=[[w90,2], [w89,7], [w90,7], [w90,3], [w89,6], [w89,4], [w90,8], [w90,9], [w89,3], [w89,2], [w89,0], [w89,8], [w89,1], [w89,9], [w90,4], [w89,5], [w90,6], [w90,5]] (solid_wave_vertices: 10) solid=[[89,4], [89,2], [89,8], [89,1], [89,5], [89,9], [89,0], [89,6], [89,3], [89,7]] merged=[[89,4], [89,7], [89,3], [89,8], [89,6], [89,2], [89,9], [89,0], [89,5], [89,1]] --- (Vertex6)[[w90,2], [w89,7], [w90,7], [91,2], [w90,0], [w90,3], [w89,6], [w89,4], [w90,8], [91,4], [w90,9], [91,9], [w89,3], [w89,2], [91,6], [w89,0], [w89,8], [w89,1], [w89,9], [w90,4], [w89,5], [w90,6], [w90,5]] weak=[[w90,2], [w89,7], [w90,7], [w90,0], [w90,3], [w89,6], [w89,4], [w90,8], [w90,9], [w89,3], [w89,2], [w89,0], [w89,8], [w89,1], [w89,9], [w90,4], [w89,5], [w90,6], [w90,5]] (solid_wave_vertices: 10) solid=[[89,2], [89,9], [89,6], [89,3], [89,5], [89,8], [89,7], [89,1], [89,4], [89,0]] merged=[[89,0], [89,2], [89,1], [89,9], [89,7], [89,8], [89,5], [89,4], [89,6], [89,3]] --- (Vertex7)[[w90,2], [w89,7], [w90,7], [91,2], [w90,0], [w90,3], [w89,6], [w89,4], [w90,8], [91,8], [w90,9], [w89,3], [w89,2], [91,7], [91,0], [w89,0], [w89,8], [w89,1], [w89,9], [w90,4], [w89,5], [w90,6], [w90,5]] weak=[[w90,2], [w89,7], [w90,7], [w90,0], [w90,3], [w89,6], [w89,4], [w90,8], [w90,9], [w89,3], [w89,2], [w89,0], [w89,8], [w89,1], [w89,9], [w90,4], [w89,5], [w90,6], [w90,5]] (solid_wave_vertices: 10) solid=[[89,9], [89,1], [89,3], [89,8], [89,7], [89,4], [89,0], [89,2], [89,5], [89,6]] merged=[[89,4], [89,7], [89,5], [89,8], [89,0], [89,6], [89,1], [89,9], [89,2], [89,3]] --- (Vertex8)[[w90,2], [w89,7], [w90,7], [91,2], [w90,0], [w90,3], [w89,6], [w89,4], [w90,8], [91,8], [w90,9], [w89,3], [w89,2], [91,7], [91,0], [w89,0], [w89,8], [w89,1], [w89,9], [w90,4], [w89,5], [w90,6], [w90,5]] weak=[[w90,2], [w89,7], [w90,7], [w90,0], [w90,3], [w89,6], [w89,4], [w90,8], [w90,9], [w89,3], [w89,2], [w89,0], [w89,8], [w89,1], [w89,9], [w90,4], [w89,5], [w90,6], [w90,5]] (solid_wave_vertices: 10) solid=[[89,1], [89,9], [89,2], [89,3], [89,7], [89,6], [89,4], [89,0], [89,5], [89,8]] merged=[[89,6], [89,4], [89,9], [89,3], [89,5], [89,7], [89,0], [89,1], [89,2], [89,8]] --- (Vertex9)[[w90,2], [w89,7], [w90,7], [91,2], [w90,0], [w90,3], [w89,6], [w89,4], [w90,8], [91,4], [w90,9], [91,9], [w89,3], [w89,2], [91,6], [w89,0], [w89,8], [w89,1], [w89,9], [w90,4], [w89,5], [w90,6], [w90,5]] weak=[[w90,2], [w89,7], [w90,7], [w90,0], [w90,3], [w89,6], [w89,4], [w90,8], [w90,9], [w89,3], [w89,2], [w89,0], [w89,8], [w89,1], [w89,9], [w90,4], [w89,5], [w90,6], [w90,5]] (solid_wave_vertices: 10) solid=[[89,5], [89,2], [89,6], [89,7], [89,9], [89,8], [89,0], [89,1], [89,3], [89,4]] merged=[[89,5], [89,2], [89,7], [89,8], [89,1], [89,4], [89,9], [89,6], [89,3], [89,0]]
Round 93: (Vertex0)[[w90,2], [w91,5], [w89,7], [w90,7], [w91,2], [w90,0], [w90,1], [w90,3], [w89,6], [w89,4], [w90,8], [w91,4], [w91,8], [w90,9], [w91,9], [w89,3], [w89,2], [w91,7], [w91,6], [w91,0], [92,8], [w89,0], [w89,8], [w89,1], [w89,9], [w90,4], [w91,3], [w89,5], [w90,6], [w90,5]] weak=[[w90,2], [w91,5], [w89,7], [w90,7], [w91,2], [w90,0], [w90,1], [w90,3], [w89,6], [w89,4], [w90,8], [w91,4], [w91,8], [w90,9], [w91,9], [w89,3], [w89,2], [w91,7], [w91,6], [w91,0], [w89,0], [w89,8], [w89,1], [w89,9], [w90,4], [w91,3], [w89,5], [w90,6], [w90,5]] (solid_wave_vertices: 10) solid=[[89,2], [89,8], [89,6], [89,7], [89,4], [89,5], [89,0], [89,3], [89,9], [89,1]] merged=[[93,0]] --- (Vertex1)[[w90,2], [w91,5], [w89,7], [w90,7], [w91,2], [w90,0], [w90,1], [w90,3], [w89,6], [w89,4], [w90,8], [w91,4], [w91,8], [w90,9], [w91,9], [w89,3], [w89,2], [w91,7], [w91,6], [w91,0], [w89,0], [w89,8], [w89,1], [w89,9], [w90,4], [w89,5], [w90,6], [w90,5]] weak=[[w90,2], [w91,5], [w89,7], [w90,7], [w91,2], [w90,0], [w90,1], [w90,3], [w89,6], [w89,4], [w90,8], [w91,4], [w91,8], [w90,9], [w91,9], [w89,3], [w89,2], [w91,7], [w91,6], [w91,0], [w89,0], [w89,8], [w89,1], [w89,9], [w90,4], [w89,5], [w90,6], [w90,5]] (solid_wave_vertices: 10) solid=[[89,9], [89,1], [89,3], [89,8], [89,2], [89,7], [89,0], [89,4], [89,6], [89,5]] merged=[[93,1]] --- (Vertex2)[[w90,2], [w91,5], [92,3], [w89,7], [w90,7], [92,2], [w91,2], [92,6], [w90,0], [w90,3], [w89,6], [w89,4], [w90,8], [w91,4], [w91,8], [w90,9], [w91,9], [w89,3], [w89,2], [w91,7], [w91,6], [w91,0], [w89,0], [w89,8], [w89,1], [w89,9], [w90,4], [w91,3], [w89,5], [w90,6], [w90,5]] weak=[[w90,2], [w91,5], [w89,7], [w90,7], [w91,2], [w90,0], [w90,3], [w89,6], [w89,4], [w90,8], [w91,4], [w91,8], [w90,9], [w91,9], [w89,3], [w89,2], [w91,7], [w91,6], [w91,0], [w89,0], [w89,8], [w89,1], [w89,9], [w90,4], [w91,3], [w89,5], [w90,6], [w90,5]] (solid_wave_vertices: 10) solid=[[89,6], [89,7], [89,2], [89,4], [89,9], [89,1], [89,3], [89,0], [89,5], [89,8]] merged=[[93,2]] --- (Vertex3)[[w90,2], [w91,5], [92,3], [w89,7], [w90,7], [92,2], [w91,2], [92,6], [w90,0], [w90,3], [w89,6], [w89,4], [w90,8], [w91,4], [w91,8], [w90,9], [w91,9], [w89,3], [w89,2], [w91,7], [w91,6], [w91,0], [w89,0], [w89,8], [w89,1], [w89,9], [w90,4], [w91,3], [w89,5], [w90,6], [w90,5]] weak=[[w90,2], [w91,5], [w89,7], [w90,7], [w91,2], [w90,0], [w90,3], [w89,6], [w89,4], [w90,8], [w91,4], [w91,8], [w90,9], [w91,9], [w89,3], [w89,2], [w91,7], [w91,6], [w91,0], [w89,0], [w89,8], [w89,1], [w89,9], [w90,4], [w91,3], [w89,5], [w90,6], [w90,5]] (solid_wave_vertices: 10) solid=[[89,0], [89,3], [89,5], [89,9], [89,1], [89,7], [89,6], [89,4], [89,8], [89,2]] merged=[[93,3]] --- (Vertex4)[[w90,2], [w91,5], [92,3], [w89,7], [w90,7], [92,2], [w91,2], [92,6], [w90,0], [w90,3], [w89,6], [w89,4], [w90,8], [w91,4], [w91,8], [w90,9], [w91,9], [w89,3], [w89,2], [w91,7], [w91,6], [w91,0], [w89,0], [w89,8], [w89,1], [w89,9], [w90,4], [w91,3], [w89,5], [w90,6], [w90,5]] weak=[[w90,2], [w91,5], [w89,7], [w90,7], [w91,2], [w90,0], [w90,3], [w89,6], [w89,4], [w90,8], [w91,4], [w91,8], [w90,9], [w91,9], [w89,3], [w89,2], [w91,7], [w91,6], [w91,0], [w89,0], [w89,8], [w89,1], [w89,9], [w90,4], [w91,3], [w89,5], [w90,6], [w90,5]] (solid_wave_vertices: 10) solid=[[89,3], [89,6], [89,7], [89,0], [89,9], [89,2], [89,4], [89,1], [89,5], [89,8]] merged=[[93,4]] --- (Vertex5)[[w90,2], [w91,5], [92,3], [w89,7], [w90,7], [w91,2], [w90,0], [w90,3], [w89,6], [w89,4], [w90,8], [w91,4], [w91,8], [w90,9], [w91,9], [w89,3], [w89,2], [w91,7], [w91,6], [w91,0], [w89,0], [w89,8], [w89,1], [w89,9], [w90,4], [w91,3], [w89,5], [w90,6], [w90,5]] weak=[[w90,2], [w91,5], [w89,7], [w90,7], [w91,2], [w90,0], [w90,3], [w89,6], [w89,4], [w90,8], [w91,4], [w91,8], [w90,9], [w91,9], [w89,3], [w89,2], [w91,7], [w91,6], [w91,0], [w89,0], [w89,8], [w89,1], [w89,9], [w90,4], [w91,3], [w89,5], [w90,6], [w90,5]] (solid_wave_vertices: 10) solid=[[89,9], [89,4], [89,5], [89,6], [89,1], [89,2], [89,3], [89,7], [89,0], [89,8]] merged=[[93,5]] --- (Vertex6)[[w90,2], [w91,5], [92,3], [w89,7], [w90,7], [w91,2], [92,6], [w90,0], [w90,3], [w89,6], [w89,4], [w90,8], [w91,4], [w91,8], [w90,9], [w91,9], [w89,3], [w89,2], [w91,7], [w91,6], [w91,0], [w89,0], [w89,8], [w89,1], [w89,9], [w90,4], [w91,3], [w89,5], [w90,6], [w90,5]] weak=[[w90,2], [w91,5], [w89,7], [w90,7], [w91,2], [w90,0], [w90,3], [w89,6], [w89,4], [w90,8], [w91,4], [w91,8], [w90,9], [w91,9], [w89,3], [w89,2], [w91,7], [w91,6], [w91,0], [w89,0], [w89,8], [w89,1], [w89,9], [w90,4], [w91,3], [w89,5], [w90,6], [w90,5]] (solid_wave_vertices: 10) solid=[[89,2], [89,5], [89,0], [89,3], [89,8], [89,4], [89,7], [89,1], [89,9], [89,6]] merged=[[93,6]] --- (Vertex7)[[w90,2], [w91,5], [w89,7], [w90,7], [w91,2], [w90,0], [w90,1], [w90,3], [w89,6], [w89,4], [w90,8], [w91,4], [w91,8], [w90,9], [w91,9], [w89,3], [w89,2], [w91,7], [w91,6], [w91,0], [92,8], [w89,0], [w89,8], [w89,1], [w89,9], [w90,4], [w91,3], [w89,5], [w90,6], [w90,5]] weak=[[w90,2], [w91,5], [w89,7], [w90,7], [w91,2], [w90,0], [w90,1], [w90,3], [w89,6], [w89,4], [w90,8], [w91,4], [w91,8], [w90,9], [w91,9], [w89,3], [w89,2], [w91,7], [w91,6], [w91,0], [w89,0], [w89,8], [w89,1], [w89,9], [w90,4], [w91,3], [w89,5], [w90,6], [w90,5]] (solid_wave_vertices: 10) solid=[[89,4], [89,0], [89,8], [89,1], [89,7], [89,9], [89,3], [89,6], [89,2], [89,5]] merged=[[93,7]] --- (Vertex8)[[w90,2], [w91,5], [w89,7], [w90,7], [w91,2], [w90,0], [w90,1], [w90,3], [w89,6], [w89,4], [w90,8], [w91,4], [w91,8], [w90,9], [w91,9], [w89,3], [w89,2], [w91,7], [w91,6], [w91,0], [92,8], [w89,0], [w89,8], [w89,1], [w89,9], [w90,4], [w91,3], [w89,5], [w90,6], [w90,5]] weak=[[w90,2], [w91,5], [w89,7], [w90,7], [w91,2], [w90,0], [w90,1], [w90,3], [w89,6], [w89,4], [w90,8], [w91,4], [w91,8], [w90,9], [w91,9], [w89,3], [w89,2], [w91,7], [w91,6], [w91,0], [w89,0], [w89,8], [w89,1], [w89,9], [w90,4], [w91,3], [w89,5], [w90,6], [w90,5]] (solid_wave_vertices: 10) solid=[[89,5], [89,0], [89,1], [89,3], [89,9], [89,8], [89,4], [89,2], [89,7], [89,6]] merged=[[93,8]] --- (Vertex9)[[w90,2], [w91,5], [92,3], [w89,7], [w90,7], [w91,2], [w90,0], [w90,3], [w89,6], [w89,4], [w90,8], [w91,4], [w91,8], [w90,9], [w91,9], [w89,3], [w89,2], [w91,7], [w91,6], [w91,0], [w89,0], [w89,8], [w89,1], [w89,9], [w90,4], [w91,3], [w89,5], [w90,6], [w90,5]] weak=[[w90,2], [w91,5], [w89,7], [w90,7], [w91,2], [w90,0], [w90,3], [w89,6], [w89,4], [w90,8], [w91,4], [w91,8], [w90,9], [w91,9], [w89,3], [w89,2], [w91,7], [w91,6], [w91,0], [w89,0], [w89,8], [w89,1], [w89,9], [w90,4], [w91,3], [w89,5], [w90,6], [w90,5]] (solid_wave_vertices: 10) solid=[[89,6], [89,1], [89,7], [89,8], [89,4], [89,3], [89,5], [89,9], [89,0], [89,2]] merged=[[93,9]]
Round 94: (Vertex0)[[93,8], [93,4], [93,7], [93,0]] (solid_wave_vertices: 4) solid=[[93,7], [93,8], [93,0], [93,4]] merged=[[93,4], [93,7], [93,0], [93,8]] --- (Vertex1)[[93,5], [93,4], [93,7], [93,9]] (solid_wave_vertices: 4) solid=[[93,7], [93,4], [93,5], [93,9]] merged=[[93,9], [93,5], [93,7], [93,4]] --- (Vertex2)[[93,3], [93,5], [93,4], [93,9]] (solid_wave_vertices: 4) solid=[[93,3], [93,5], [93,9], [93,4]] merged=[[93,9], [93,5], [93,4], [93,3]] --- (Vertex3)[[93,3], [93,5], [93,4], [93,9]] (solid_wave_vertices: 4) solid=[[93,5], [93,3], [93,4], [93,9]] merged=[[93,4], [93,3], [93,9], [93,5]] --- (Vertex4)[[93,3], [93,5], [93,4], [93,9]] (solid_wave_vertices: 4) solid=[[93,9], [93,5], [93,3], [93,4]] merged=[[93,9], [93,4], [93,5], [93,3]] --- (Vertex5)[[93,3], [93,5], [93,4], [93,9]] (solid_wave_vertices: 4) solid=[[93,9], [93,3], [93,4], [93,5]] merged=[[93,4], [93,3], [93,9], [93,5]] --- (Vertex6)[[93,3], [93,5], [93,4], [93,9]] (solid_wave_vertices: 4) solid=[[93,5], [93,9], [93,3], [93,4]] merged=[[93,9], [93,4], [93,3], [93,5]] --- (Vertex7)[[93,8], [93,3], [93,5], [93,7]] (solid_wave_vertices: 4) solid=[[93,8], [93,3], [93,7], [93,5]] merged=[[93,8], [93,7], [93,3], [93,5]] --- (Vertex8)[[93,8], [93,5], [93,7], [93,9]] (solid_wave_vertices: 4) solid=[[93,9], [93,8], [93,7], [93,5]] merged=[[93,8], [93,5], [93,9], [93,7]] --- (Vertex9)[[93,3], [93,5], [93,4], [93,9]] (solid_wave_vertices: 4) solid=[[93,5], [93,9], [93,3], [93,4]] merged=[[93,9], [93,4], [93,3], [93,5]]
Round 95: (Vertex0)[[w93,8], [w93,3], [w93,2], [94,0], [94,8], [94,2], [94,5], [w93,5], [w93,4], [w93,7], [w93,9], [w93,6], [94,3], [w93,0]] weak=[[w93,8], [w93,3], [w93,2], [w93,5], [w93,4], [w93,7], [w93,9], [w93,6], [w93,0]] (solid_wave_vertices: 9) solid=[[93,7], [93,3], [93,2], [93,8], [93,5], [93,9], [93,6], [93,0], [93,4]] merged=[[93,4], [93,5], [93,2], [93,9], [93,6], [93,3], [93,7], [93,0], [93,8]] --- (Vertex1)[[w93,8], [w93,3], [w93,2], [94,0], [94,8], [w93,1], [94,2], [94,5], [w93,5], [w93,4], [w93,7], [94,4], [w93,9], [w93,6], [94,3], [w93,0]] weak=[[w93,8], [w93,3], [w93,2], [w93,1], [w93,5], [w93,4], [w93,7], [w93,9], [w93,6], [w93,0]] (solid_wave_vertices: 10) solid=[[93,1], [93,3], [93,6], [93,9], [93,4], [93,5], [93,8], [93,7], [93,2], [93,0]] merged=[[93,7], [93,2], [93,8], [93,0], [93,1], [93,4], [93,5], [93,9], [93,3], [93,6]] --- (Vertex2)[[w93,8], [w93,3], [w93,2], [94,2], [94,5], [w93,5], [w93,4], [w93,7], [94,4], [w93,9], [w93,6], [94,3], [w93,0]] weak=[[w93,8], [w93,3], [w93,2], [w93,5], [w93,4], [w93,7], [w93,9], [w93,6], [w93,0]] (solid_wave_vertices: 9) solid=[[93,4], [93,2], [93,6], [93,8], [93,9], [93,0], [93,7], [93,3], [93,5]] merged=[[93,5], [93,4], [93,8], [93,7], [93,9], [93,2], [93,6], [93,3], [93,0]] --- (Vertex3)[[w93,8], [w93,3], [w93,2], [94,2], [94,5], [w93,5], [w93,4], [w93,7], [94,4], [w93,9], [w93,6], [94,3], [w93,0]] weak=[[w93,8], [w93,3], [w93,2], [w93,5], [w93,4], [w93,7], [w93,9], [w93,6], [w93,0]] (solid_wave_vertices: 9) solid=[[93,7], [93,5], [93,2], [93,9], [93,3], [93,6], [93,0], [93,4], [93,8]] merged=[[93,0], [93,8], [93,2], [93,5], [93,4], [93,6], [93,7], [93,3], [93,9]] --- (Vertex4)[[w93,8], [w93,3], [w93,2], [94,2], [94,5], [w93,5], [w93,4], [w93,7], [94,4], [w93,9], [w93,6], [94,3], [w93,0]] weak=[[w93,8], [w93,3], [w93,2], [w93,5], [w93,4], [w93,7], [w93,9], [w93,6], [w93,0]] (solid_wave_vertices: 9) solid=[[93,8], [93,5], [93,6], [93,3], [93,4], [93,0], [93,2], [93,9], [93,7]] merged=[[93,6], [93,9], [93,4], [93,5], [93,8], [93,3], [93,7], [93,0], [93,2]] --- (Vertex5)[[w93,8], [w93,3], [w93,2], [94,2], [94,5], [w93,5], [w93,4], [w93,7], [94,4], [w93,9], [w93,6], [94,3], [w93,0]] weak=[[w93,8], [w93,3], [w93,2], [w93,5], [w93,4], [w93,7], [w93,9], [w93,6], [w93,0]] (solid_wave_vertices: 9) solid=[[93,6], [93,0], [93,3], [93,2], [93,7], [93,5], [93,8], [93,4], [93,9]] merged=[[93,8], [93,7], [93,5], [93,3], [93,6], [93,0], [93,4], [93,2], [93,9]] --- (Vertex6)[[w93,8], [w93,3], [w93,2], [94,2], [94,5], [w93,5], [w93,4], [w93,7], [94,4], [w93,9], [w93,6], [94,3], [w93,0]] weak=[[w93,8], [w93,3], [w93,2], [w93,5], [w93,4], [w93,7], [w93,9], [w93,6], [w93,0]] (solid_wave_vertices: 9) solid=[[93,7], [93,3], [93,4], [93,2], [93,5], [93,9], [93,6], [93,8], [93,0]] merged=[[93,2], [93,0], [93,4], [93,9], [93,5], [93,6], [93,3], [93,7], [93,8]] --- (Vertex7)[[w93,8], [w93,3], [w93,2], [94,0], [94,8], [94,5], [w93,5], [w93,4], [w93,7], [w93,9], [w93,6], [w93,0]] weak=[[w93,8], [w93,3], [w93,2], [w93,5], [w93,4], [w93,7], [w93,9], [w93,6], [w93,0]] (solid_wave_vertices: 9) solid=[[93,5], [93,4], [93,8], [93,6], [93,3], [93,7], [93,9], [93,0], [93,2]] merged=[[93,0], [93,7], [93,5], [93,2], [93,6], [93,8], [93,4], [93,9], [93,3]] --- (Vertex8)[[w93,8], [w93,3], [w93,2], [94,0], [94,8], [94,5], [w93,5], [w93,4], [w93,7], [w93,9], [w93,6], [w93,0]] weak=[[w93,8], [w93,3], [w93,2], [w93,5], [w93,4], [w93,7], [w93,9], [w93,6], [w93,0]] (solid_wave_vertices: 9) solid=[[93,7], [93,4], [93,6], [93,9], [93,2], [93,3], [93,5], [93,8], [93,0]] merged=[[93,0], [93,8], [93,2], [93,3], [93,7], [93,9], [93,5], [93,4], [93,6]] --- (Vertex9)[[w93,8], [w93,3], [w93,2], [94,2], [94,5], [w93,5], [w93,4], [w93,7], [94,4], [w93,9], [w93,6], [94,3], [w93,0]] weak=[[w93,8], [w93,3], [w93,2], [w93,5], [w93,4], [w93,7], [w93,9], [w93,6], [w93,0]] (solid_wave_vertices: 9) solid=[[93,7], [93,2], [93,0], [93,3], [93,8], [93,4], [93,5], [93,6], [93,9]] merged=[[93,9], [93,6], [93,5], [93,4], [93,3], [93,2], [93,0], [93,8], [93,7]]
Round 96: (Vertex0)[[w93,8], [w93,3], [w94,6], [w93,2], [95,7], [95,2], [w94,0], [w94,8], [w93,1], [95,0], [w94,2], [w94,5], [w93,5], [w93,4], [w93,7], [w94,4], [95,8], [w93,9], [w93,6], [w94,3], [w94,7], [w94,9], [w93,0]] weak=[[w93,8], [w93,3], [w94,6], [w93,2], [w94,0], [w94,8], [w93,1], [w94,2], [w94,5], [w93,5], [w93,4], [w93,7], [w94,4], [w93,9], [w93,6], [w94,3], [w94,7], [w94,9], [w93,0]] (solid_wave_vertices: 10) solid=[[93,6], [93,2], [93,9], [93,5], [93,8], [93,3], [93,1], [93,0], [93,7], [93,4]] merged=[[93,3], [93,6], [93,2], [93,0], [93,9], [93,4], [93,7], [93,8], [93,1], [93,5]] --- (Vertex1)[[w93,8], [w93,3], [w94,6], [w93,2], [95,4], [95,2], [w94,1], [w94,0], [w94,8], [w93,1], [w94,2], [95,6], [w94,5], [95,9], [w93,5], [w93,4], [w93,7], [w94,4], [95,8], [w93,9], [95,5], [w93,6], [w94,3], [w94,7], [w94,9], [w93,0]] weak=[[w93,8], [w93,3], [w94,6], [w93,2], [w94,1], [w94,0], [w94,8], [w93,1], [w94,2], [w94,5], [w93,5], [w93,4], [w93,7], [w94,4], [w93,9], [w93,6], [w94,3], [w94,7], [w94,9], [w93,0]] (solid_wave_vertices: 10) solid=[[93,2], [93,6], [93,0], [93,1], [93,3], [93,9], [93,4], [93,5], [93,8], [93,7]] merged=[[93,0], [93,3], [93,6], [93,5], [93,7], [93,8], [93,9], [93,4], [93,1], [93,2]] --- (Vertex2)[[w93,8], [w93,3], [w94,6], [w93,2], [95,4], [95,2], [w94,0], [w94,8], [w94,2], [95,6], [w94,5], [95,9], [w93,5], [w93,4], [w93,7], [w94,4], [w93,9], [95,5], [w93,6], [w94,3], [w94,9], [w93,0]] weak=[[w93,8], [w93,3], [w94,6], [w93,2], [w94,0], [w94,8], [w94,2], [w94,5], [w93,5], [w93,4], [w93,7], [w94,4], [w93,9], [w93,6], [w94,3], [w94,9], [w93,0]] (solid_wave_vertices: 9) solid=[[93,0], [93,7], [93,5], [93,9], [93,8], [93,4], [93,2], [93,6], [93,3]] merged=[[93,4], [93,3], [93,5], [93,6], [93,8], [93,9], [93,2], [93,7], [93,0]] --- (Vertex3)[[w93,8], [w93,3], [w94,6], [w93,2], [95,4], [95,2], [w94,0], [w94,8], [w94,2], [95,6], [w94,5], [95,9], [w93,5], [w93,4], [w93,7], [w94,4], [w93,9], [95,5], [w93,6], [w94,3], [w94,9], [w93,0]] weak=[[w93,8], [w93,3], [w94,6], [w93,2], [w94,0], [w94,8], [w94,2], [w94,5], [w93,5], [w93,4], [w93,7], [w94,4], [w93,9], [w93,6], [w94,3], [w94,9], [w93,0]] (solid_wave_vertices: 9) solid=[[93,8], [93,4], [93,0], [93,2], [93,6], [93,5], [93,9], [93,7], [93,3]] merged=[[93,4], [93,6], [93,3], [93,9], [93,8], [93,7], [93,5], [93,2], [93,0]] --- (Vertex4)[[w93,8], [w93,3], [w94,6], [w93,2], [95,4], [95,2], [w94,0], [w94,8], [w94,2], [95,6], [w94,5], [95,9], [w93,5], [w93,4], [w93,7], [w94,4], [w93,9], [95,5], [w93,6], [w94,3], [w94,9], [w93,0]] weak=[[w93,8], [w93,3], [w94,6], [w93,2], [w94,0], [w94,8], [w94,2], [w94,5], [w93,5], [w93,4], [w93,7], [w94,4], [w93,9], [w93,6], [w94,3], [w94,9], [w93,0]] (solid_wave_vertices: 9) solid=[[93,2], [93,5], [93,7], [93,8], [93,9], [93,3], [93,0], [93,6], [93,4]] merged=[[93,0], [93,4], [93,3], [93,2], [93,6], [93,9], [93,5], [93,7], [93,8]] --- (Vertex5)[[w93,8], [w93,3], [w94,6], [w93,2], [95,4], [95,2], [w94,0], [w94,8], [w94,2], [95,6], [w94,5], [95,9], [w93,5], [w93,4], [w93,7], [w94,4], [w93,9], [95,5], [w93,6], [w94,3], [w94,9], [w93,0]] weak=[[w93,8], [w93,3], [w94,6], [w93,2], [w94,0], [w94,8], [w94,2], [w94,5], [w93,5], [w93,4], [w93,7], [w94,4], [w93,9], [w93,6], [w94,3], [w94,9], [w93,0]] (solid_wave_vertices: 9) solid=[[93,9], [93,6], [93,7], [93,8], [93,3], [93,2], [93,4], [93,5], [93,0]] merged=[[93,2], [93,9], [93,7], [93,5], [93,8], [93,6], [93,4], [93,3], [93,0]] --- (Vertex6)[[w93,8], [w93,3], [w94,6], [w93,2], [95,4], [95,2], [w94,0], [w94,8], [w94,2], [95,6], [w94,5], [95,9], [w93,5], [w93,4], [w93,7], [w94,4], [w93,9], [95,5], [w93,6], [w94,3], [w94,9], [w93,0]] weak=[[w93,8], [w93,3], [w94,6], [w93,2], [w94,0], [w94,8], [w94,2], [w94,5], [w93,5], [w93,4], [w93,7], [w94,4], [w93,9], [w93,6], [w94,3], [w94,9], [w93,0]] (solid_wave_vertices: 9) solid=[[93,2], [93,5], [93,9], [93,0], [93,4], [93,6], [93,7], [93,8], [93,3]] merged=[[93,3], [93,2], [93,0], [93,9], [93,5], [93,4], [93,6], [93,7], [93,8]] --- (Vertex7)[[w93,8], [w93,3], [w94,6], [w93,2], [95,4], [95,7], [w94,0], [w94,8], [w93,1], [95,0], [w94,2], [95,6], [w94,5], [95,9], [w93,5], [w93,4], [w93,7], [w94,4], [95,8], [w93,9], [w93,6], [w94,3], [w94,7], [w94,9], [w93,0]] weak=[[w93,8], [w93,3], [w94,6], [w93,2], [w94,0], [w94,8], [w93,1], [w94,2], [w94,5], [w93,5], [w93,4], [w93,7], [w94,4], [w93,9], [w93,6], [w94,3], [w94,7], [w94,9], [w93,0]] (solid_wave_vertices: 10) solid=[[93,5], [93,1], [93,3], [93,0], [93,8], [93,2], [93,9], [93,4], [93,7], [93,6]] merged=[[93,2], [93,5], [93,7], [93,9], [93,1], [93,4], [93,8], [93,6], [93,3], [93,0]] --- (Vertex8)[[w93,8], [w93,3], [w94,6], [w93,2], [95,7], [w94,0], [w94,8], [w93,1], [95,0], [w94,2], [95,6], [w94,5], [95,9], [w93,5], [w93,4], [w93,7], [w94,4], [95,8], [w93,9], [95,5], [w93,6], [w94,3], [w94,7], [w94,9], [w93,0]] weak=[[w93,8], [w93,3], [w94,6], [w93,2], [w94,0], [w94,8], [w93,1], [w94,2], [w94,5], [w93,5], [w93,4], [w93,7], [w94,4], [w93,9], [w93,6], [w94,3], [w94,7], [w94,9], [w93,0]] (solid_wave_vertices: 10) solid=[[93,4], [93,3], [93,7], [93,8], [93,2], [93,6], [93,1], [93,5], [93,9], [93,0]] merged=[[93,1], [93,4], [93,6], [93,9], [93,0], [93,7], [93,5], [93,3], [93,2], [93,8]] --- (Vertex9)[[w93,8], [w93,3], [w94,6], [w93,2], [95,4], [95,2], [w94,0], [w94,8], [w94,2], [95,6], [w94,5], [95,9], [w93,5], [w93,4], [w93,7], [w94,4], [w93,9], [95,5], [w93,6], [w94,3], [w94,7], [w94,9], [w93,0]] weak=[[w93,8], [w93,3], [w94,6], [w93,2], [w94,0], [w94,8], [w94,2], [w94,5], [w93,5], [w93,4], [w93,7], [w94,4], [w93,9], [w93,6], [w94,3], [w94,7], [w94,9], [w93,0]] (solid_wave_vertices: 9) solid=[[93,7], [93,2], [93,9], [93,0], [93,3], [93,5], [93,8], [93,6], [93,4]] merged=[[93,7], [93,6], [93,0], [93,8], [93,9], [93,3], [93,2], [93,4], [93,5]]
Round 97: (Vertex0)[[w93,8], [w93,3], [w94,6], [w93,2], [w95,4], [96,7], [96,0], [w95,3], [w95,7], [w95,2], [96,3], [w94,1], [w94,0], [w94,8], [w93,1], [w95,0], [w94,2], [w95,6], [w94,5], [w95,9], [w93,5], [w93,4], [96,8], [96,6], [w93,7], [w94,4], [w95,8], [w93,9], [w95,5], [w93,6], [w94,3], [w94,7], [w94,9], [w93,0]] weak=[[w93,8], [w93,3], [w94,6], [w93,2], [w95,4], [w95,3], [w95,7], [w95,2], [w94,1], [w94,0], [w94,8], [w93,1], [w95,0], [w94,2], [w95,6], [w94,5], [w95,9], [w93,5], [w93,4], [w93,7], [w94,4], [w95,8], [w93,9], [w95,5], [w93,6], [w94,3], [w94,7], [w94,9], [w93,0]] (solid_wave_vertices: 10) solid=[[93,0], [93,9], [93,4], [93,5], [93,6], [93,3], [93,7], [93,1], [93,2], [93,8]] merged=[[97,0]] --- (Vertex1)[[w93,8], [w93,3], [w94,6], [w93,2], [w95,4], [96,7], [w95,3], [w95,7], [w95,2], [96,2], [96,3], [w94,1], [w94,0], [w94,8], [w93,1], [w95,0], [w94,2], [96,4], [w95,6], [w94,5], [w95,9], [w93,5], [96,9], [w93,4], [96,8], [96,6], [w93,7], [w95,1], [w94,4], [w95,8], [w93,9], [w95,5], [w93,6], [w94,3], [w94,7], [w94,9], [w93,0]] weak=[[w93,8], [w93,3], [w94,6], [w93,2], [w95,4], [w95,3], [w95,7], [w95,2], [w94,1], [w94,0], [w94,8], [w93,1], [w95,0], [w94,2], [w95,6], [w94,5], [w95,9], [w93,5], [w93,4], [w93,7], [w95,1], [w94,4], [w95,8], [w93,9], [w95,5], [w93,6], [w94,3], [w94,7], [w94,9], [w93,0]] (solid_wave_vertices: 10) solid=[[93,4], [93,5], [93,2], [93,7], [93,6], [93,0], [93,3], [93,8], [93,9], [93,1]] merged=[[97,1]] --- (Vertex2)[[w93,8], [w93,3], [w94,6], [w93,2], [w95,4], [w95,3], [w95,7], [w95,2], [96,2], [96,3], [w94,0], [w94,8], [w93,1], [w95,0], [w94,2], [96,4], [w95,6], [w94,5], [w95,9], [w93,5], [96,9], [w93,4], [96,6], [w93,7], [w94,4], [w95,8], [w93,9], [w95,5], [w93,6], [w94,3], [w94,7], [w94,9], [w93,0]] weak=[[w93,8], [w93,3], [w94,6], [w93,2], [w95,4], [w95,3], [w95,7], [w95,2], [w94,0], [w94,8], [w93,1], [w95,0], [w94,2], [w95,6], [w94,5], [w95,9], [w93,5], [w93,4], [w93,7], [w94,4], [w95,8], [w93,9], [w95,5], [w93,6], [w94,3], [w94,7], [w94,9], [w93,0]] (solid_wave_vertices: 10) solid=[[93,1], [93,3], [93,6], [93,4], [93,5], [93,0], [93,8], [93,7], [93,2], [93,9]] merged=[[97,2]] --- (Vertex3)[[w93,8], [w93,3], [w94,6], [w93,2], [w95,4], [w95,3], [w95,7], [w95,2], [96,2], [96,3], [w94,0], [w94,8], [w93,1], [w95,0], [w94,2], [96,4], [w95,6], [w94,5], [w95,9], [w93,5], [96,9], [w93,4], [96,6], [w93,7], [w94,4], [w95,8], [w93,9], [w95,5], [w93,6], [w94,3], [w94,7], [w94,9], [w93,0]] weak=[[w93,8], [w93,3], [w94,6], [w93,2], [w95,4], [w95,3], [w95,7], [w95,2], [w94,0], [w94,8], [w93,1], [w95,0], [w94,2], [w95,6], [w94,5], [w95,9], [w93,5], [w93,4], [w93,7], [w94,4], [w95,8], [w93,9], [w95,5], [w93,6], [w94,3], [w94,7], [w94,9], [w93,0]] (solid_wave_vertices: 10) solid=[[93,3], [93,9], [93,0], [93,4], [93,8], [93,2], [93,7], [93,1], [93,5], [93,6]] merged=[[97,3]] --- (Vertex4)[[w93,8], [w93,3], [w94,6], [w93,2], [w95,4], [w95,3], [w95,7], [w95,2], [96,2], [96,3], [w94,0], [w94,8], [w93,1], [w95,0], [w94,2], [96,4], [w95,6], [w94,5], [w95,9], [w93,5], [96,9], [w93,4], [96,6], [w93,7], [w94,4], [w95,8], [w93,9], [w95,5], [w93,6], [w94,3], [w94,7], [w94,9], [w93,0]] weak=[[w93,8], [w93,3], [w94,6], [w93,2], [w95,4], [w95,3], [w95,7], [w95,2], [w94,0], [w94,8], [w93,1], [w95,0], [w94,2], [w95,6], [w94,5], [w95,9], [w93,5], [w93,4], [w93,7], [w94,4], [w95,8], [w93,9], [w95,5], [w93,6], [w94,3], [w94,7], [w94,9], [w93,0]] (solid_wave_vertices: 10) solid=[[93,7], [93,6], [93,4], [93,5], [93,2], [93,0], [93,1], [93,3], [93,8], [93,9]] merged=[[97,4]] --- (Vertex5)[[w93,8], [w93,3], [w94,6], [w93,2], [w95,4], [w95,3], [w95,7], [w95,2], [96,2], [96,3], [w94,0], [w94,8], [w93,1], [w95,0], [w94,2], [96,4], [w95,6], [w94,5], [w95,9], [w93,5], [96,9], [w93,4], [96,6], [w93,7], [w94,4], [w95,8], [w93,9], [w95,5], [w93,6], [w94,3], [w94,7], [w94,9], [w93,0]] weak=[[w93,8], [w93,3], [w94,6], [w93,2], [w95,4], [w95,3], [w95,7], [w95,2], [w94,0], [w94,8], [w93,1], [w95,0], [w94,2], [w95,6], [w94,5], [w95,9], [w93,5], [w93,4], [w93,7], [w94,4], [w95,8], [w93,9], [w95,5], [w93,6], [w94,3], [w94,7], [w94,9], [w93,0]] (solid_wave_vertices: 10) solid=[[93,5], [93,9], [93,0], [93,1], [93,2], [93,6], [93,4], [93,3], [93,8], [93,7]] merged=[[97,5]] --- (Vertex6)[[w93,8], [w93,3], [w94,6], [w93,2], [w95,4], [w95,3], [w95,7], [w95,2], [96,2], [96,3], [w94,0], [w94,8], [w93,1], [w95,0], [w94,2], [96,4], [w95,6], [w94,5], [w95,9], [w93,5], [96,9], [w93,4], [96,6], [w93,7], [w94,4], [w95,8], [w93,9], [w95,5], [w93,6], [w94,3], [w94,7], [w94,9], [w93,0]] weak=[[w93,8], [w93,3], [w94,6], [w93,2], [w95,4], [w95,3], [w95,7], [w95,2], [w94,0], [w94,8], [w93,1], [w95,0], [w94,2], [w95,6], [w94,5], [w95,9], [w93,5], [w93,4], [w93,7], [w94,4], [w95,8], [w93,9], [w95,5], [w93,6], [w94,3], [w94,7], [w94,9], [w93,0]] (solid_wave_vertices: 10) solid=[[93,4], [93,3], [93,5], [93,1], [93,2], [93,0], [93,8], [93,7], [93,9], [93,6]] merged=[[97,6]] --- (Vertex7)[[w93,8], [w93,3], [w94,6], [w93,2], [w95,4], [96,7], [96,0], [w95,3], [w95,7], [w95,2], [96,3], [w94,1], [w94,0], [w94,8], [w93,1], [w95,0], [w94,2], [w95,6], [w94,5], [w95,9], [w93,5], [w93,4], [96,8], [96,6], [w93,7], [w94,4], [w95,8], [w93,9], [w95,5], [w93,6], [w94,3], [w94,7], [w94,9], [w93,0]] weak=[[w93,8], [w93,3], [w94,6], [w93,2], [w95,4], [w95,3], [w95,7], [w95,2], [w94,1], [w94,0], [w94,8], [w93,1], [w95,0], [w94,2], [w95,6], [w94,5], [w95,9], [w93,5], [w93,4], [w93,7], [w94,4], [w95,8], [w93,9], [w95,5], [w93,6], [w94,3], [w94,7], [w94,9], [w93,0]] (solid_wave_vertices: 10) solid=[[93,5], [93,8], [93,3], [93,4], [93,0], [93,1], [93,7], [93,9], [93,6], [93,2]] merged=[[97,7]] --- (Vertex8)[[w93,8], [w93,3], [w94,6], [w93,2], [w95,4], [96,7], [96,0], [w95,3], [w95,7], [w95,2], [96,3], [w94,1], [w94,0], [w94,8], [w93,1], [w95,0], [w94,2], [w95,6], [w94,5], [w95,9], [w93,5], [w93,4], [96,8], [96,6], [w93,7], [w94,4], [w95,8], [w93,9], [w95,5], [w93,6], [w94,3], [w94,7], [w94,9], [w93,0]] weak=[[w93,8], [w93,3], [w94,6], [w93,2], [w95,4], [w95,3], [w95,7], [w95,2], [w94,1], [w94,0], [w94,8], [w93,1], [w95,0], [w94,2], [w95,6], [w94,5], [w95,9], [w93,5], [w93,4], [w93,7], [w94,4], [w95,8], [w93,9], [w95,5], [w93,6], [w94,3], [w94,7], [w94,9], [w93,0]] (solid_wave_vertices: 10) solid=[[93,9], [93,1], [93,7], [93,6], [93,2], [93,5], [93,4], [93,0], [93,3], [93,8]] merged=[[97,8]] --- (Vertex9)[[w93,8], [w93,3], [w94,6], [w93,2], [w95,4], [w95,3], [w95,7], [w95,2], [96,2], [96,3], [w94,0], [w94,8], [w93,1], [w95,0], [w94,2], [96,4], [w95,6], [w94,5], [w95,9], [w93,5], [96,9], [w93,4], [96,6], [w93,7], [w94,4], [w95,8], [w93,9], [w95,5], [w93,6], [w94,3], [w94,7], [w94,9], [w93,0]] weak=[[w93,8], [w93,3], [w94,6], [w93,2], [w95,4], [w95,3], [w95,7], [w95,2], [w94,0], [w94,8], [w93,1], [w95,0], [w94,2], [w95,6], [w94,5], [w95,9], [w93,5], [w93,4], [w93,7], [w94,4], [w95,8], [w93,9], [w95,5], [w93,6], [w94,3], [w94,7], [w94,9], [w93,0]] (solid_wave_vertices: 10) solid=[[93,0], [93,8], [93,2], [93,1], [93,5], [93,7], [93,4], [93,3], [93,9], [93,6]] merged=[[97,9]]
Round 98: (Vertex0)[[97,3], [97,7], [97,8], [97,0], [97,6]] (solid_wave_vertices: 5) solid=[[97,6], [97,7], [97,8], [97,3], [97,0]] merged=[[97,6], [97,8], [97,0], [97,3], [97,7]] --- (Vertex1)[[97,7], [97,5], [97,4], [97,8], [97,0]] (solid_wave_vertices: 5) solid=[[97,7], [97,0], [97,5], [97,4], [97,8]] merged=[[97,7], [97,0], [97,8], [97,5], [97,4]] --- (Vertex2)[[97,3], [97,5], [97,4], [97,6]] (solid_wave_vertices: 4) solid=[[97,3], [97,4], [97,6], [97,5]] merged=[[97,6], [97,3], [97,4], [97,5]] --- (Vertex3)[[97,3], [97,5], [97,4], [97,6]] (solid_wave_vertices: 4) solid=[[97,6], [97,4], [97,3], [97,5]] merged=[[97,3], [97,6], [97,5], [97,4]] --- (Vertex4)[[97,3], [97,5], [97,4], [97,6]] (solid_wave_vertices: 4) solid=[[97,4], [97,6], [97,3], [97,5]] merged=[[97,4], [97,6], [97,5], [97,3]] --- (Vertex5)[[97,3], [97,5], [97,4], [97,6]] (solid_wave_vertices: 4) solid=[[97,4], [97,6], [97,3], [97,5]] merged=[[97,6], [97,4], [97,5], [97,3]] --- (Vertex6)[[97,3], [97,5], [97,4], [97,6]] (solid_wave_vertices: 4) solid=[[97,5], [97,4], [97,3], [97,6]] merged=[[97,5], [97,3], [97,6], [97,4]] --- (Vertex7)[[97,3], [97,7], [97,5], [97,8], [97,0]] (solid_wave_vertices: 5) solid=[[97,8], [97,5], [97,3], [97,0], [97,7]] merged=[[97,7], [97,8], [97,5], [97,0], [97,3]] --- (Vertex8)[[97,3], [97,7], [97,5], [97,8], [97,0], [97,6]] (solid_wave_vertices: 6) solid=[[97,7], [97,0], [97,6], [97,3], [97,5], [97,8]] merged=[[97,3], [97,6], [97,8], [97,5], [97,0], [97,7]] --- (Vertex9)[[97,3], [97,5], [97,4], [97,6]] (solid_wave_vertices: 4) solid=[[97,6], [97,4], [97,5], [97,3]] merged=[[97,6], [97,3], [97,5], [97,4]]
Round 99: (Vertex0)[[w97,3], [w97,2], [98,9], [w97,7], [98,8], [w97,5], [w97,4], [98,0], [w97,8], [w97,0], [w97,9], [w97,6], [98,7], [98,5], [98,6], [98,2]] weak=[[w97,3], [w97,2], [w97,7], [w97,5], [w97,4], [w97,8], [w97,0], [w97,9], [w97,6]] (solid_wave_vertices: 9) solid=[[97,5], [97,6], [97,2], [97,0], [97,8], [97,9], [97,7], [97,4], [97,3]] merged=[[97,3], [97,0], [97,9], [97,7], [97,5], [97,2], [97,8], [97,4], [97,6]] --- (Vertex1)[[w97,3], [w97,2], [98,9], [w97,7], [98,8], [w97,5], [w97,4], [w97,8], [w97,0], [w97,9], [w97,6], [w97,1], [98,5], [98,6], [98,2]] weak=[[w97,3], [w97,2], [w97,7], [w97,5], [w97,4], [w97,8], [w97,0], [w97,9], [w97,6], [w97,1]] (solid_wave_vertices: 10) solid=[[97,3], [97,4], [97,7], [97,1], [97,2], [97,6], [97,9], [97,8], [97,0], [97,5]] merged=[[97,8], [97,9], [97,3], [97,2], [97,7], [97,5], [97,1], [97,0], [97,4], [97,6]] --- (Vertex2)[[w97,3], [w97,2], [98,9], [w97,7], [w97,5], [w97,4], [w97,8], [w97,0], [w97,9], [w97,6], [98,5], [98,6], [98,2]] weak=[[w97,3], [w97,2], [w97,7], [w97,5], [w97,4], [w97,8], [w97,0], [w97,9], [w97,6]] (solid_wave_vertices: 9) solid=[[97,7], [97,5], [97,6], [97,8], [97,2], [97,0], [97,3], [97,9], [97,4]] merged=[[97,0], [97,4], [97,6], [97,5], [97,3], [97,2], [97,7], [97,8], [97,9]] --- (Vertex3)[[w97,3], [w97,2], [98,9], [w97,7], [w97,5], [w97,4], [w97,8], [w97,0], [w97,9], [w97,6], [98,5], [98,6], [98,2]] weak=[[w97,3], [w97,2], [w97,7], [w97,5], [w97,4], [w97,8], [w97,0], [w97,9], [w97,6]] (solid_wave_vertices: 9) solid=[[97,4], [97,2], [97,7], [97,5], [97,0], [97,6], [97,9], [97,3], [97,8]] merged=[[97,2], [97,9], [97,6], [97,8], [97,3], [97,5], [97,0], [97,7], [97,4]] --- (Vertex4)[[w97,3], [w97,2], [98,9], [w97,7], [w97,5], [w97,4], [w97,8], [w97,0], [w97,9], [w97,6], [98,5], [98,6], [98,2]] weak=[[w97,3], [w97,2], [w97,7], [w97,5], [w97,4], [w97,8], [w97,0], [w97,9], [w97,6]] (solid_wave_vertices: 9) solid=[[97,5], [97,0], [97,3], [97,4], [97,8], [97,2], [97,7], [97,9], [97,6]] merged=[[97,6], [97,4], [97,0], [97,5], [97,7], [97,2], [97,9], [97,3], [97,8]] --- (Vertex5)[[w97,3], [w97,2], [98,9], [w97,7], [w97,5], [w97,4], [w97,8], [w97,0], [w97,9], [w97,6], [98,5], [98,6], [98,2]] weak=[[w97,3], [w97,2], [w97,7], [w97,5], [w97,4], [w97,8], [w97,0], [w97,9], [w97,6]] (solid_wave_vertices: 9) solid=[[97,8], [97,7], [97,3], [97,6], [97,9], [97,2], [97,0], [97,5], [97,4]] merged=[[97,0], [97,5], [97,8], [97,2], [97,3], [97,7], [97,4], [97,9], [97,6]] --- (Vertex6)[[w97,3], [w97,2], [98,9], [w97,7], [w97,5], [w97,4], [w97,8], [w97,0], [w97,9], [w97,6], [98,5], [98,6], [98,2]] weak=[[w97,3], [w97,2], [w97,7], [w97,5], [w97,4], [w97,8], [w97,0], [w97,9], [w97,6]] (solid_wave_vertices: 9) solid=[[97,2], [97,7], [97,8], [97,0], [97,4], [97,9], [97,5], [97,3], [97,6]] merged=[[97,6], [97,9], [97,8], [97,3], [97,5], [97,7], [97,0], [97,2], [97,4]] --- (Vertex7)[[w97,3], [w97,2], [98,9], [w97,7], [98,8], [w97,5], [w97,4], [98,0], [w97,8], [w97,0], [w97,9], [w97,6], [98,7], [98,5], [98,6], [98,2]] weak=[[w97,3], [w97,2], [w97,7], [w97,5], [w97,4], [w97,8], [w97,0], [w97,9], [w97,6]] (solid_wave_vertices: 9) solid=[[97,8], [97,5], [97,2], [97,9], [97,6], [97,0], [97,7], [97,3], [97,4]] merged=[[97,4], [97,3], [97,9], [97,2], [97,6], [97,0], [97,5], [97,8], [97,7]] --- (Vertex8)[[w97,3], [w97,2], [98,9], [w97,7], [98,8], [w97,5], [w97,4], [98,0], [w97,8], [w97,0], [w97,9], [w97,6], [98,7], [98,5], [98,6], [98,2]] weak=[[w97,3], [w97,2], [w97,7], [w97,5], [w97,4], [w97,8], [w97,0], [w97,9], [w97,6]] (solid_wave_vertices: 9) solid=[[97,2], [97,8], [97,9], [97,3], [97,4], [97,6], [97,0], [97,5], [97,7]] merged=[[97,0], [97,8], [97,3], [97,5], [97,2], [97,6], [97,4], [97,7], [97,9]] --- (Vertex9)[[w97,3], [w97,2], [98,9], [w97,7], [w97,5], [w97,4], [w97,8], [w97,0], [w97,9], [w97,6], [98,5], [98,6], [98,2]] weak=[[w97,3], [w97,2], [w97,7], [w97,5], [w97,4], [w97,8], [w97,0], [w97,9], [w97,6]] (solid_wave_vertices: 9) solid=[[97,8], [97,9], [97,3], [97,4], [97,7], [97,5], [97,0], [97,6], [97,2]] merged=[[97,7], [97,6], [97,8], [97,0], [97,4], [97,2], [97,9], [97,5], [97,3]]
Round 100: (Vertex0)[[w97,3], [w98,3], [w97,2], [w98,9], [w97,7], [99,3], [w98,8], [99,4], [w97,5], [w97,4], [w98,0], [w97,8], [99,7], [w97,0], [w97,9], [w97,6], [w98,7], [w97,1], [w98,5], [w98,6], [w98,4], [99,0], [99,8], [w98,2]] weak=[[w97,3], [w98,3], [w97,2], [w98,9], [w97,7], [w98,8], [w97,5], [w97,4], [w98,0], [w97,8], [w97,0], [w97,9], [w97,6], [w98,7], [w97,1], [w98,5], [w98,6], [w98,4], [w98,2]] (solid_wave_vertices: 10) solid=[[97,1], [97,3], [97,9], [97,6], [97,2], [97,0], [97,4], [97,7], [97,5], [97,8]] merged=[[97,9], [97,5], [97,4], [97,1], [97,2], [97,6], [97,3], [97,7], [97,8], [97,0]] --- (Vertex1)[[w97,3], [99,9], [w98,3], [w97,2], [w98,9], [w97,7], [w98,8], [w97,5], [w97,4], [w98,0], [w97,8], [99,7], [w97,0], [w97,9], [w97,6], [w98,7], [w97,1], [w98,5], [w98,6], [w98,4], [99,0], [99,8], [w98,2]] weak=[[w97,3], [w98,3], [w97,2], [w98,9], [w97,7], [w98,8], [w97,5], [w97,4], [w98,0], [w97,8], [w97,0], [w97,9], [w97,6], [w98,7], [w97,1], [w98,5], [w98,6], [w98,4], [w98,2]] (solid_wave_vertices: 10) solid=[[97,6], [97,9], [97,3], [97,8], [97,4], [97,5], [97,1], [97,2], [97,0], [97,7]] merged=[[97,9], [97,2], [97,0], [97,8], [97,7], [97,5], [97,4], [97,6], [97,1], [97,3]] --- (Vertex2)[[w97,3], [99,9], [w98,3], [w97,2], [w98,9], [w97,7], [99,3], [99,6], [w98,8], [99,4], [w97,5], [w97,4], [w98,0], [w97,8], [w97,0], [w97,9], [w97,6], [w98,7], [w98,5], [w98,6], [w98,4], [w98,2]] weak=[[w97,3], [w98,3], [w97,2], [w98,9], [w97,7], [w98,8], [w97,5], [w97,4], [w98,0], [w97,8], [w97,0], [w97,9], [w97,6], [w98,7], [w98,5], [w98,6], [w98,4], [w98,2]] (solid_wave_vertices: 9) solid=[[97,9], [97,3], [97,2], [97,5], [97,8], [97,7], [97,4], [97,0], [97,6]] merged=[[97,7], [97,6], [97,5], [97,3], [97,8], [97,2], [97,4], [97,9], [97,0]] --- (Vertex3)[[w97,3], [99,9], [w98,3], [w97,2], [w98,9], [w97,7], [99,3], [99,6], [w98,8], [99,4], [w97,5], [w97,4], [w98,0], [w97,8], [w97,0], [w97,9], [w97,6], [w98,7], [w98,5], [w98,6], [w98,4], [w98,2]] weak=[[w97,3], [w98,3], [w97,2], [w98,9], [w97,7], [w98,8], [w97,5], [w97,4], [w98,0], [w97,8], [w97,0], [w97,9], [w97,6], [w98,7], [w98,5], [w98,6], [w98,4], [w98,2]] (solid_wave_vertices: 9) solid=[[97,5], [97,9], [97,0], [97,3], [97,2], [97,6], [97,8], [97,7], [97,4]] merged=[[97,9], [97,5], [97,2], [97,3], [97,4], [97,8], [97,6], [97,0], [97,7]] --- (Vertex4)[[w97,3], [99,9], [w98,3], [w97,2], [w98,9], [w97,7], [99,3], [99,6], [w98,8], [99,4], [w97,5], [w97,4], [w98,0], [w97,8], [w97,0], [w97,9], [w97,6], [w98,7], [w98,5], [w98,6], [w98,4], [w98,2]] weak=[[w97,3], [w98,3], [w97,2], [w98,9], [w97,7], [w98,8], [w97,5], [w97,4], [w98,0], [w97,8], [w97,0], [w97,9], [w97,6], [w98,7], [w98,5], [w98,6], [w98,4], [w98,2]] (solid_wave_vertices: 9) solid=[[97,6], [97,4], [97,3], [97,0], [97,5], [97,9], [97,8], [97,7], [97,2]] merged=[[97,7], [97,5], [97,9], [97,2], [97,3], [97,4], [97,6], [97,8], [97,0]] --- (Vertex5)[[w97,3], [99,9], [w98,3], [w97,2], [w98,9], [w97,7], [99,3], [99,6], [w98,8], [99,4], [w97,5], [w97,4], [w98,0], [w97,8], [w97,0], [w97,9], [w97,6], [w98,7], [w98,5], [w98,6], [w98,4], [w98,2]] weak=[[w97,3], [w98,3], [w97,2], [w98,9], [w97,7], [w98,8], [w97,5], [w97,4], [w98,0], [w97,8], [w97,0], [w97,9], [w97,6], [w98,7], [w98,5], [w98,6], [w98,4], [w98,2]] (solid_wave_vertices: 9) solid=[[97,3], [97,9], [97,7], [97,0], [97,4], [97,5], [97,2], [97,8], [97,6]] merged=[[97,8], [97,3], [97,9], [97,5], [97,6], [97,2], [97,4], [97,7], [97,0]] --- (Vertex6)[[w97,3], [99,9], [w98,3], [w97,2], [w98,9], [w97,7], [99,3], [99,6], [w98,8], [99,4], [w97,5], [w97,4], [w98,0], [w97,8], [w97,0], [w97,9], [w97,6], [w98,7], [w98,5], [w98,6], [w98,4], [w98,2]] weak=[[w97,3], [w98,3], [w97,2], [w98,9], [w97,7], [w98,8], [w97,5], [w97,4], [w98,0], [w97,8], [w97,0], [w97,9], [w97,6], [w98,7], [w98,5], [w98,6], [w98,4], [w98,2]] (solid_wave_vertices: 9) solid=[[97,9], [97,0], [97,2], [97,5], [97,3], [97,7], [97,6], [97,4], [97,8]] merged=[[97,5], [97,3], [97,6], [97,9], [97,8], [97,2], [97,4], [97,7], [97,0]] --- (Vertex7)[[w97,3], [w98,3], [w97,2], [w98,9], [w97,7], [99,3], [99,6], [w98,8], [w97,5], [w97,4], [w98,0], [w97,8], [99,7], [w97,0], [w97,9], [w97,6], [w98,7], [w97,1], [w98,5], [w98,6], [w98,4], [99,0], [99,8], [w98,2]] weak=[[w97,3], [w98,3], [w97,2], [w98,9], [w97,7], [w98,8], [w97,5], [w97,4], [w98,0], [w97,8], [w97,0], [w97,9], [w97,6], [w98,7], [w97,1], [w98,5], [w98,6], [w98,4], [w98,2]] (solid_wave_vertices: 10) solid=[[97,3], [97,0], [97,5], [97,6], [97,8], [97,4], [97,9], [97,1], [97,2], [97,7]] merged=[[97,0], [97,4], [97,9], [97,5], [97,1], [97,6], [97,3], [97,2], [97,8], [97,7]] --- (Vertex8)[[w97,3], [w98,3], [w97,2], [w98,9], [w97,7], [99,3], [99,6], [w98,8], [w97,5], [w97,4], [w98,0], [w97,8], [99,7], [w97,0], [w97,9], [w97,6], [w98,7], [w97,1], [w98,5], [w98,6], [w98,4], [99,0], [99,8], [w98,2]] weak=[[w97,3], [w98,3], [w97,2], [w98,9], [w97,7], [w98,8], [w97,5], [w97,4], [w98,0], [w97,8], [w97,0], [w97,9], [w97,6], [w98,7], [w97,1], [w98,5], [w98,6], [w98,4], [w98,2]] (solid_wave_vertices: 10) solid=[[97,9], [97,3], [97,8], [97,2], [97,1], [97,6], [97,5], [97,7], [97,0], [97,4]] merged=[[97,6], [97,4], [97,3], [97,9], [97,5], [97,8], [97,1], [97,2], [97,0], [97,7]] --- (Vertex9)[[w97,3], [99,9], [w98,3], [w97,2], [w98,9], [w97,7], [99,3], [99,6], [w98,8], [99,4], [w97,5], [w97,4], [w98,0], [w97,8], [w97,0], [w97,9], [w97,6], [w98,7], [w98,5], [w98,6], [w98,4], [w98,2]] weak=[[w97,3], [w98,3], [w97,2], [w98,9], [w97,7], [w98,8], [w97,5], [w97,4], [w98,0], [w97,8], [w97,0], [w97,9], [w97,6], [w98,7], [w98,5], [w98,6], [w98,4], [w98,2]] (solid_wave_vertices: 9) solid=[[97,3], [97,2], [97,8], [97,9], [97,4], [97,6], [97,7], [97,5], [97,0]] merged=[[97,6], [97,4], [97,8], [97,3], [97,2], [97,9], [97,5], [97,7], [97,0]]
Round 101: (Vertex0)[[100,7], [w97,3], [w99,9], [w98,3], [w97,2], [w98,9], [100,2], [w97,7], [w99,3], [w99,5], [w99,6], [w98,8], [w99,4], [w97,5], [w97,4], [w98,0], [w97,8], [w99,7], [w97,0], [w97,9], [w97,6], [w99,2], [100,3], [w98,7], [w97,1], [w98,5], [w98,6], [100,0], [100,8], [w98,4], [w99,0], [100,5], [w99,8], [w98,2]] weak=[[w97,3], [w99,9], [w98,3], [w97,2], [w98,9], [w97,7], [w99,3], [w99,5], [w99,6], [w98,8], [w99,4], [w97,5], [w97,4], [w98,0], [w97,8], [w99,7], [w97,0], [w97,9], [w97,6], [w99,2], [w98,7], [w97,1], [w98,5], [w98,6], [w98,4], [w99,0], [w99,8], [w98,2]] (solid_wave_vertices: 10) solid=[[97,4], [97,2], [97,5], [97,0], [97,1], [97,6], [97,3], [97,8], [97,9], [97,7]] merged=[[101,0]] --- (Vertex1)[[100,7], [w97,3], [w99,9], [w98,3], [w97,2], [w98,9], [100,2], [w97,7], [w99,3], [w98,1], [w99,5], [w99,6], [w98,8], [w99,4], [w97,5], [w97,4], [w98,0], [w97,8], [w99,7], [w97,0], [w97,9], [w97,6], [w99,2], [100,3], [w98,7], [w97,1], [w98,5], [w98,6], [100,0], [100,8], [w98,4], [w99,0], [w99,8], [w98,2]] weak=[[w97,3], [w99,9], [w98,3], [w97,2], [w98,9], [w97,7], [w99,3], [w98,1], [w99,5], [w99,6], [w98,8], [w99,4], [w97,5], [w97,4], [w98,0], [w97,8], [w99,7], [w97,0], [w97,9], [w97,6], [w99,2], [w98,7], [w97,1], [w98,5], [w98,6], [w98,4], [w99,0], [w99,8], [w98,2]] (solid_wave_vertices: 10) solid=[[97,5], [97,3], [97,2], [97,8], [97,7], [97,1], [97,0], [97,6], [97,9], [97,4]] merged=[[101,1]] --- (Vertex2)[[w97,3], [w99,9], [w98,3], [w97,2], [w98,9], [100,2], [w97,7], [w99,3], [100,4], [w99,5], [w99,6], [w98,8], [w99,4], [w97,5], [w97,4], [w98,0], [w97,8], [w99,7], [w97,0], [w97,9], [w97,6], [w99,2], [100,3], [w98,7], [w97,1], [w98,5], [w98,6], [w98,4], [w99,0], [100,5], [w99,8], [w98,2]] weak=[[w97,3], [w99,9], [w98,3], [w97,2], [w98,9], [w97,7], [w99,3], [w99,5], [w99,6], [w98,8], [w99,4], [w97,5], [w97,4], [w98,0], [w97,8], [w99,7], [w97,0], [w97,9], [w97,6], [w99,2], [w98,7], [w97,1], [w98,5], [w98,6], [w98,4], [w99,0], [w99,8], [w98,2]] (solid_wave_vertices: 10) solid=[[97,4], [97,8], [97,0], [97,7], [97,1], [97,3], [97,9], [97,2], [97,6], [97,5]] merged=[[101,2]] --- (Vertex3)[[w97,3], [w99,9], [w98,3], [w97,2], [w98,9], [100,2], [w97,7], [w99,3], [100,4], [w99,5], [w99,6], [w98,8], [w99,4], [w97,5], [w97,4], [w98,0], [w97,8], [w99,7], [w97,0], [w97,9], [w97,6], [w99,2], [100,3], [w98,7], [w97,1], [w98,5], [w98,6], [w98,4], [w99,0], [100,5], [w99,8], [w98,2]] weak=[[w97,3], [w99,9], [w98,3], [w97,2], [w98,9], [w97,7], [w99,3], [w99,5], [w99,6], [w98,8], [w99,4], [w97,5], [w97,4], [w98,0], [w97,8], [w99,7], [w97,0], [w97,9], [w97,6], [w99,2], [w98,7], [w97,1], [w98,5], [w98,6], [w98,4], [w99,0], [w99,8], [w98,2]] (solid_wave_vertices: 10) solid=[[97,5], [97,6], [97,0], [97,9], [97,4], [97,8], [97,3], [97,2], [97,7], [97,1]] merged=[[101,3]] --- (Vertex4)[[w97,3], [w99,9], [w98,3], [w97,2], [w98,9], [100,2], [w97,7], [w99,3], [100,4], [w99,5], [w99,6], [w98,8], [w99,4], [w97,5], [w97,4], [w98,0], [w97,8], [w99,7], [w97,0], [w97,9], [w97,6], [w99,2], [100,3], [w98,7], [w97,1], [w98,5], [w98,6], [w98,4], [w99,0], [100,5], [w99,8], [w98,2]] weak=[[w97,3], [w99,9], [w98,3], [w97,2], [w98,9], [w97,7], [w99,3], [w99,5], [w99,6], [w98,8], [w99,4], [w97,5], [w97,4], [w98,0], [w97,8], [w99,7], [w97,0], [w97,9], [w97,6], [w99,2], [w98,7], [w97,1], [w98,5], [w98,6], [w98,4], [w99,0], [w99,8], [w98,2]] (solid_wave_vertices: 10) solid=[[97,9], [97,7], [97,4], [97,8], [97,3], [97,1], [97,5], [97,2], [97,0], [97,6]] merged=[[101,4]] --- (Vertex5)[[w97,3], [w99,9], [w98,3], [w97,2], [w98,9], [100,2], [w97,7], [w99,3], [100,4], [w99,5], [w99,6], [w98,8], [w99,4], [w97,5], [w97,4], [w98,0], [w97,8], [w99,7], [w97,0], [w97,9], [w97,6], [w99,2], [100,3], [w98,7], [w97,1], [w98,5], [w98,6], [w98,4], [w99,0], [100,5], [w99,8], [w98,2]] weak=[[w97,3], [w99,9], [w98,3], [w97,2], [w98,9], [w97,7], [w99,3], [w99,5], [w99,6], [w98,8], [w99,4], [w97,5], [w97,4], [w98,0], [w97,8], [w99,7], [w97,0], [w97,9], [w97,6], [w99,2], [w98,7], [w97,1], [w98,5], [w98,6], [w98,4], [w99,0], [w99,8], [w98,2]] (solid_wave_vertices: 10) solid=[[97,6], [97,5], [97,2], [97,8], [97,9], [97,1], [97,4], [97,0], [97,3], [97,7]] merged=[[101,5]] --- (Vertex6)[[w97,3], [w99,9], [w98,3], [w97,2], [w98,9], [100,2], [w97,7], [w99,3], [100,4], [w99,5], [w99,6], [w98,8], [w99,4], [w97,5], [w97,4], [w98,0], [w97,8], [w99,7], [w97,0], [w97,9], [w97,6], [w99,2], [100,3], [w98,7], [w97,1], [w98,5], [w98,6], [w98,4], [w99,0], [100,5], [w99,8], [w98,2]] weak=[[w97,3], [w99,9], [w98,3], [w97,2], [w98,9], [w97,7], [w99,3], [w99,5], [w99,6], [w98,8], [w99,4], [w97,5], [w97,4], [w98,0], [w97,8], [w99,7], [w97,0], [w97,9], [w97,6], [w99,2], [w98,7], [w97,1], [w98,5], [w98,6], [w98,4], [w99,0], [w99,8], [w98,2]] (solid_wave_vertices: 10) solid=[[97,2], [97,1], [97,8], [97,3], [97,7], [97,4], [97,5], [97,9], [97,6], [97,0]] merged=[[101,6]] --- (Vertex7)[[100,7], [w97,3], [w99,9], [w98,3], [w97,2], [w98,9], [w97,7], [w99,3], [w99,5], [w99,6], [w98,8], [w99,4], [w97,5], [w97,4], [w98,0], [w97,8], [w99,7], [w97,0], [w97,9], [w97,6], [w99,2], [100,3], [w98,7], [w97,1], [w98,5], [w98,6], [100,0], [100,8], [w98,4], [w99,0], [100,5], [w99,8], [w98,2]] weak=[[w97,3], [w99,9], [w98,3], [w97,2], [w98,9], [w97,7], [w99,3], [w99,5], [w99,6], [w98,8], [w99,4], [w97,5], [w97,4], [w98,0], [w97,8], [w99,7], [w97,0], [w97,9], [w97,6], [w99,2], [w98,7], [w97,1], [w98,5], [w98,6], [w98,4], [w99,0], [w99,8], [w98,2]] (solid_wave_vertices: 10) solid=[[97,1], [97,3], [97,4], [97,0], [97,6], [97,9], [97,8], [97,2], [97,5], [97,7]] merged=[[101,7]] --- (Vertex8)[[100,7], [w97,3], [w99,9], [w98,3], [w97,2], [w98,9], [w97,7], [w99,3], [w99,5], [w99,6], [w98,8], [w99,4], [w97,5], [w97,4], [w98,0], [w97,8], [w99,7], [w97,0], [w97,9], [w97,6], [w99,2], [100,3], [w98,7], [w97,1], [w98,5], [w98,6], [100,0], [100,8], [w98,4], [w99,0], [100,5], [w99,8], [w98,2]] weak=[[w97,3], [w99,9], [w98,3], [w97,2], [w98,9], [w97,7], [w99,3], [w99,5], [w99,6], [w98,8], [w99,4], [w97,5], [w97,4], [w98,0], [w97,8], [w99,7], [w97,0], [w97,9], [w97,6], [w99,2], [w98,7], [w97,1], [w98,5], [w98,6], [w98,4], [w99,0], [w99,8], [w98,2]] (solid_wave_vertices: 10) solid=[[97,6], [97,7], [97,3], [97,4], [97,8], [97,5], [97,2], [97,1], [97,0], [97,9]] merged=[[101,8]] --- (Vertex9)[[w97,3], [w99,9], [w98,3], [w97,2], [w98,9], [100,2], [w97,7], [w99,3], [100,4], [w99,5], [w99,6], [w98,8], [w99,4], [w97,5], [w97,4], [w98,0], [w97,8], [w99,7], [w97,0], [w97,9], [w97,6], [w99,2], [100,3], [w98,7], [w97,1], [w98,5], [w98,6], [w98,4], [w99,0], [100,5], [w99,8], [w98,2]] weak=[[w97,3], [w99,9], [w98,3], [w97,2], [w98,9], [w97,7], [w99,3], [w99,5], [w99,6], [w98,8], [w99,4], [w97,5], [w97,4], [w98,0], [w97,8], [w99,7], [w97,0], [w97,9], [w97,6], [w99,2], [w98,7], [w97,1], [w98,5], [w98,6], [w98,4], [w99,0], [w99,8], [w98,2]] (solid_wave_vertices: 10) solid=[[97,2], [97,6], [97,9], [97,4], [97,0], [97,3], [97,5], [97,1], [97,8], [97,7]] merged=[[101,9]]
Round 102: (Vertex0)[[101,4], [101,6], [101,0], [101,7], [101,8], [101,3]] (solid_wave_vertices: 6) solid=[[101,7], [101,6], [101,0], [101,4], [101,3], [101,8]] merged=[[101,0], [101,4], [101,6], [101,7], [101,3], [101,8]] --- (Vertex1)[[101,4], [101,0], [101,7], [101,3]] (solid_wave_vertices: 4) solid=[[101,0], [101,4], [101,3], [101,7]] merged=[[101,7], [101,0], [101,4], [101,3]] --- (Vertex2)[[101,4], [101,6], [101,9], [101,3]] (solid_wave_vertices: 4) solid=[[101,9], [101,4], [101,6], [101,3]] merged=[[101,3], [101,4], [101,6], [101,9]] --- (Vertex3)[[101,4], [101,6], [101,9], [101,3]] (solid_wave_vertices: 4) solid=[[101,3], [101,4], [101,6], [101,9]] merged=[[101,9], [101,3], [101,6], [101,4]] --- (Vertex4)[[101,4], [101,6], [101,9], [101,3]] (solid_wave_vertices: 4) solid=[[101,3], [101,9], [101,6], [101,4]] merged=[[101,4], [101,6], [101,9], [101,3]] --- (Vertex5)[[101,4], [101,6], [101,9], [101,3]] (solid_wave_vertices: 4) solid=[[101,3], [101,6], [101,4], [101,9]] merged=[[101,4], [101,3], [101,6], [101,9]] --- (Vertex6)[[101,4], [101,6], [101,9], [101,3]] (solid_wave_vertices: 4) solid=[[101,6], [101,9], [101,4], [101,3]] merged=[[101,9], [101,4], [101,6], [101,3]] --- (Vertex7)[[101,6], [101,0], [101,7], [101,8]] (solid_wave_vertices: 4) solid=[[101,6], [101,0], [101,8], [101,7]] merged=[[101,0], [101,8], [101,6], [101,7]] --- (Vertex8)[[101,6], [101,0], [101,7], [101,8]] (solid_wave_vertices: 4) solid=[[101,8], [101,7], [101,0], [101,6]] merged=[[101,0], [101,8], [101,7], [101,6]] --- (Vertex9)[[101,4], [101,6], [101,9], [101,3]] (solid_wave_vertices: 4) solid=[[101,6], [101,9], [101,4], [101,3]] merged=[[101,3], [101,4], [101,9], [101,6]]
Round 103: (Vertex0)[[w101,4], [w101,6], [w101,9], [w101,2], [w101,0], [w101,7], [102,4], [w101,8], [102,5], [102,7], [w101,3], [w101,5], [102,0]] weak=[[w101,4], [w101,6], [w101,9], [w101,2], [w101,0], [w101,7], [w101,8], [w101,3], [w101,5]] (solid_wave_vertices: 9) solid=[[101,3], [101,6], [101,0], [101,8], [101,7], [101,5], [101,4], [101,2], [101,9]] merged=[[101,0], [101,9], [101,4], [101,7], [101,3], [101,2], [101,5], [101,6], [101,8]] --- (Vertex1)[[w101,1], [102,2], [w101,4], [w101,6], [w101,9], [w101,2], [w101,0], [102,3], [w101,7], [w101,8], [102,5], [102,7], [102,6], [w101,3], [102,8], [w101,5], [102,0]] weak=[[w101,1], [w101,4], [w101,6], [w101,9], [w101,2], [w101,0], [w101,7], [w101,8], [w101,3], [w101,5]] (solid_wave_vertices: 10) solid=[[101,7], [101,9], [101,1], [101,3], [101,8], [101,0], [101,6], [101,5], [101,4], [101,2]] merged=[[101,9], [101,8], [101,6], [101,7], [101,5], [101,0], [101,3], [101,4], [101,2], [101,1]] --- (Vertex2)[[102,2], [w101,4], [w101,6], [w101,9], [w101,2], [w101,0], [102,3], [w101,7], [102,4], [w101,8], [102,5], [102,6], [w101,3], [w101,5]] weak=[[w101,4], [w101,6], [w101,9], [w101,2], [w101,0], [w101,7], [w101,8], [w101,3], [w101,5]] (solid_wave_vertices: 9) solid=[[101,0], [101,2], [101,5], [101,7], [101,9], [101,6], [101,3], [101,8], [101,4]] merged=[[101,8], [101,2], [101,7], [101,3], [101,0], [101,6], [101,4], [101,5], [101,9]] --- (Vertex3)[[102,2], [w101,4], [w101,6], [w101,9], [w101,2], [w101,0], [102,3], [w101,7], [102,4], [w101,8], [102,5], [102,6], [w101,3], [w101,5]] weak=[[w101,4], [w101,6], [w101,9], [w101,2], [w101,0], [w101,7], [w101,8], [w101,3], [w101,5]] (solid_wave_vertices: 9) solid=[[101,4], [101,2], [101,8], [101,6], [101,7], [101,0], [101,5], [101,3], [101,9]] merged=[[101,9], [101,7], [101,0], [101,3], [101,5], [101,8], [101,2], [101,6], [101,4]] --- (Vertex4)[[102,2], [w101,4], [w101,6], [w101,9], [w101,2], [w101,0], [102,3], [w101,7], [102,4], [w101,8], [102,5], [102,6], [w101,3], [w101,5]] weak=[[w101,4], [w101,6], [w101,9], [w101,2], [w101,0], [w101,7], [w101,8], [w101,3], [w101,5]] (solid_wave_vertices: 9) solid=[[101,2], [101,9], [101,7], [101,6], [101,0], [101,3], [101,5], [101,4], [101,8]] merged=[[101,6], [101,9], [101,8], [101,5], [101,7], [101,2], [101,3], [101,4], [101,0]] --- (Vertex5)[[102,2], [w101,4], [w101,6], [w101,9], [w101,2], [w101,0], [102,3], [w101,7], [102,4], [w101,8], [102,5], [102,6], [w101,3], [w101,5]] weak=[[w101,4], [w101,6], [w101,9], [w101,2], [w101,0], [w101,7], [w101,8], [w101,3], [w101,5]] (solid_wave_vertices: 9) solid=[[101,6], [101,9], [101,8], [101,0], [101,4], [101,3], [101,7], [101,5], [101,2]] merged=[[101,4], [101,3], [101,2], [101,7], [101,8], [101,6], [101,9], [101,5], [101,0]] --- (Vertex6)[[102,2], [w101,4], [w101,6], [w101,9], [w101,2], [w101,0], [102,3], [w101,7], [102,4], [w101,8], [102,5], [102,6], [w101,3], [w101,5]] weak=[[w101,4], [w101,6], [w101,9], [w101,2], [w101,0], [w101,7], [w101,8], [w101,3], [w101,5]] (solid_wave_vertices: 9) solid=[[101,5], [101,6], [101,3], [101,4], [101,7], [101,0], [101,9], [101,8], [101,2]] merged=[[101,7], [101,0], [101,9], [101,8], [101,3], [101,6], [101,5], [101,4], [101,2]] --- (Vertex7)[[w101,4], [w101,6], [w101,9], [w101,2], [w101,0], [w101,7], [w101,8], [102,7], [w101,3], [w101,5], [102,0]] weak=[[w101,4], [w101,6], [w101,9], [w101,2], [w101,0], [w101,7], [w101,8], [w101,3], [w101,5]] (solid_wave_vertices: 9) solid=[[101,2], [101,4], [101,7], [101,9], [101,6], [101,3], [101,8], [101,5], [101,0]] merged=[[101,2], [101,5], [101,0], [101,7], [101,6], [101,4], [101,8], [101,3], [101,9]] --- (Vertex8)[[w101,4], [w101,6], [w101,9], [w101,2], [w101,0], [w101,7], [102,4], [w101,8], [102,5], [102,7], [w101,3], [102,8], [w101,5], [102,0]] weak=[[w101,4], [w101,6], [w101,9], [w101,2], [w101,0], [w101,7], [w101,8], [w101,3], [w101,5]] (solid_wave_vertices: 9) solid=[[101,3], [101,7], [101,5], [101,4], [101,6], [101,0], [101,2], [101,9], [101,8]] merged=[[101,7], [101,6], [101,8], [101,4], [101,0], [101,5], [101,2], [101,3], [101,9]] --- (Vertex9)[[102,2], [w101,4], [w101,6], [w101,9], [w101,2], [w101,0], [102,3], [w101,7], [102,4], [w101,8], [102,5], [102,6], [w101,3], [w101,5]] weak=[[w101,4], [w101,6], [w101,9], [w101,2], [w101,0], [w101,7], [w101,8], [w101,3], [w101,5]] (solid_wave_vertices: 9) solid=[[101,8], [101,3], [101,5], [101,2], [101,7], [101,6], [101,0], [101,4], [101,9]] merged=[[101,9], [101,5], [101,7], [101,0], [101,6], [101,3], [101,4], [101,2], [101,8]]
Round 104: (Vertex0)[[w101,1], [w102,2], [w101,4], [w101,6], [w101,9], [w101,2], [w101,0], [w102,3], [w101,7], [103,9], [w102,4], [w102,9], [w101,8], [103,0], [w102,5], [103,8], [w102,7], [w102,6], [103,7], [w101,3], [w102,8], [w101,5], [w102,0]] weak=[[w101,1], [w102,2], [w101,4], [w101,6], [w101,9], [w101,2], [w101,0], [w102,3], [w101,7], [w102,4], [w102,9], [w101,8], [w102,5], [w102,7], [w102,6], [w101,3], [w102,8], [w101,5], [w102,0]] (solid_wave_vertices: 10) solid=[[101,5], [101,3], [101,6], [101,9], [101,8], [101,0], [101,7], [101,4], [101,2], [101,1]] merged=[[101,4], [101,3], [101,5], [101,8], [101,6], [101,1], [101,0], [101,9], [101,2], [101,7]] --- (Vertex1)[[w101,1], [w102,2], [w101,4], [w101,6], [w101,9], [w101,2], [w101,0], [w102,3], [w101,7], [w102,4], [w102,9], [w101,8], [103,0], [w102,5], [103,8], [w102,1], [w102,7], [w102,6], [103,7], [103,6], [w101,3], [w102,8], [w101,5], [w102,0]] weak=[[w101,1], [w102,2], [w101,4], [w101,6], [w101,9], [w101,2], [w101,0], [w102,3], [w101,7], [w102,4], [w102,9], [w101,8], [w102,5], [w102,1], [w102,7], [w102,6], [w101,3], [w102,8], [w101,5], [w102,0]] (solid_wave_vertices: 10) solid=[[101,6], [101,8], [101,9], [101,2], [101,1], [101,5], [101,0], [101,3], [101,7], [101,4]] merged=[[101,8], [101,2], [101,1], [101,3], [101,7], [101,0], [101,4], [101,9], [101,6], [101,5]] --- (Vertex2)[[w102,2], [w101,4], [w101,6], [w101,9], [w101,2], [w101,0], [w102,3], [w101,7], [103,5], [103,9], [w102,4], [w102,9], [103,3], [w101,8], [103,2], [w102,5], [w102,7], [w102,6], [103,4], [103,6], [w101,3], [w102,8], [w101,5], [w102,0]] weak=[[w102,2], [w101,4], [w101,6], [w101,9], [w101,2], [w101,0], [w102,3], [w101,7], [w102,4], [w102,9], [w101,8], [w102,5], [w102,7], [w102,6], [w101,3], [w102,8], [w101,5], [w102,0]] (solid_wave_vertices: 9) solid=[[101,3], [101,8], [101,0], [101,2], [101,4], [101,7], [101,9], [101,6], [101,5]] merged=[[101,7], [101,0], [101,6], [101,4], [101,2], [101,3], [101,5], [101,8], [101,9]] --- (Vertex3)[[w102,2], [w101,4], [w101,6], [w101,9], [w101,2], [w101,0], [w102,3], [w101,7], [103,5], [103,9], [w102,4], [w102,9], [103,3], [w101,8], [103,2], [w102,5], [w102,7], [w102,6], [103,4], [103,6], [w101,3], [w102,8], [w101,5], [w102,0]] weak=[[w102,2], [w101,4], [w101,6], [w101,9], [w101,2], [w101,0], [w102,3], [w101,7], [w102,4], [w102,9], [w101,8], [w102,5], [w102,7], [w102,6], [w101,3], [w102,8], [w101,5], [w102,0]] (solid_wave_vertices: 9) solid=[[101,6], [101,8], [101,5], [101,3], [101,7], [101,4], [101,0], [101,9], [101,2]] merged=[[101,8], [101,7], [101,4], [101,6], [101,0], [101,3], [101,9], [101,5], [101,2]] --- (Vertex4)[[w102,2], [w101,4], [w101,6], [w101,9], [w101,2], [w101,0], [w102,3], [w101,7], [103,5], [103,9], [w102,4], [w102,9], [103,3], [w101,8], [103,2], [w102,5], [w102,7], [w102,6], [103,4], [103,6], [w101,3], [w102,8], [w101,5], [w102,0]] weak=[[w102,2], [w101,4], [w101,6], [w101,9], [w101,2], [w101,0], [w102,3], [w101,7], [w102,4], [w102,9], [w101,8], [w102,5], [w102,7], [w102,6], [w101,3], [w102,8], [w101,5], [w102,0]] (solid_wave_vertices: 9) solid=[[101,4], [101,7], [101,3], [101,8], [101,0], [101,2], [101,9], [101,6], [101,5]] merged=[[101,8], [101,5], [101,2], [101,4], [101,6], [101,9], [101,3], [101,7], [101,0]] --- (Vertex5)[[w102,2], [w101,4], [w101,6], [w101,9], [w101,2], [w101,0], [w102,3], [w101,7], [103,5], [103,9], [w102,4], [w102,9], [103,3], [w101,8], [103,2], [w102,5], [w102,7], [w102,6], [103,4], [103,6], [w101,3], [w102,8], [w101,5], [w102,0]] weak=[[w102,2], [w101,4], [w101,6], [w101,9], [w101,2], [w101,0], [w102,3], [w101,7], [w102,4], [w102,9], [w101,8], [w102,5], [w102,7], [w102,6], [w101,3], [w102,8], [w101,5], [w102,0]] (solid_wave_vertices: 9) solid=[[101,0], [101,8], [101,5], [101,6], [101,2], [101,4], [101,9], [101,3], [101,7]] merged=[[101,7], [101,8], [101,5], [101,3], [101,2], [101,4], [101,0], [101,9], [101,6]] --- (Vertex6)[[w102,2], [w101,4], [w101,6], [w101,9], [w101,2], [w101,0], [w102,3], [w101,7], [103,5], [103,9], [w102,4], [w102,9], [103,3], [w101,8], [103,2], [w102,5], [w102,7], [w102,6], [103,4], [103,6], [w101,3], [w102,8], [w101,5], [w102,0]] weak=[[w102,2], [w101,4], [w101,6], [w101,9], [w101,2], [w101,0], [w102,3], [w101,7], [w102,4], [w102,9], [w101,8], [w102,5], [w102,7], [w102,6], [w101,3], [w102,8], [w101,5], [w102,0]] (solid_wave_vertices: 9) solid=[[101,5], [101,6], [101,7], [101,3], [101,9], [101,0], [101,4], [101,8], [101,2]] merged=[[101,7], [101,9], [101,4], [101,8], [101,5], [101,0], [101,6], [101,2], [101,3]] --- (Vertex7)[[w101,1], [w102,2], [w101,4], [w101,6], [w101,9], [w101,2], [w101,0], [w102,3], [w101,7], [103,9], [w102,4], [w102,9], [w101,8], [103,0], [w102,5], [103,8], [w102,7], [w102,6], [103,7], [w101,3], [w102,8], [w101,5], [w102,0]] weak=[[w101,1], [w102,2], [w101,4], [w101,6], [w101,9], [w101,2], [w101,0], [w102,3], [w101,7], [w102,4], [w102,9], [w101,8], [w102,5], [w102,7], [w102,6], [w101,3], [w102,8], [w101,5], [w102,0]] (solid_wave_vertices: 10) solid=[[101,1], [101,7], [101,8], [101,2], [101,6], [101,0], [101,4], [101,5], [101,9], [101,3]] merged=[[101,4], [101,5], [101,7], [101,6], [101,8], [101,9], [101,0], [101,2], [101,1], [101,3]] --- (Vertex8)[[w101,1], [w102,2], [w101,4], [w101,6], [w101,9], [w101,2], [w101,0], [w102,3], [w101,7], [103,9], [w102,4], [w102,9], [w101,8], [103,0], [w102,5], [103,8], [w102,7], [w102,6], [103,7], [w101,3], [w102,8], [w101,5], [w102,0]] weak=[[w101,1], [w102,2], [w101,4], [w101,6], [w101,9], [w101,2], [w101,0], [w102,3], [w101,7], [w102,4], [w102,9], [w101,8], [w102,5], [w102,7], [w102,6], [w101,3], [w102,8], [w101,5], [w102,0]] (solid_wave_vertices: 10) solid=[[101,8], [101,4], [101,9], [101,6], [101,5], [101,1], [101,7], [101,3], [101,0], [101,2]] merged=[[101,1], [101,5], [101,7], [101,0], [101,9], [101,6], [101,3], [101,2], [101,4], [101,8]] --- (Vertex9)[[w102,2], [w101,4], [w101,6], [w101,9], [w101,2], [w101,0], [w102,3], [w101,7], [103,5], [103,9], [w102,4], [w102,9], [103,3], [w101,8], [103,2], [w102,5], [w102,7], [w102,6], [103,4], [103,6], [w101,3], [w102,8], [w101,5], [w102,0]] weak=[[w102,2], [w101,4], [w101,6], [w101,9], [w101,2], [w101,0], [w102,3], [w101,7], [w102,4], [w102,9], [w101,8], [w102,5], [w102,7], [w102,6], [w101,3], [w102,8], [w101,5], [w102,0]] (solid_wave_vertices: 9) solid=[[101,8], [101,4], [101,3], [101,7], [101,0], [101,6], [101,5], [101,9], [101,2]] merged=[[101,8], [101,2], [101,5], [101,0], [101,6], [101,9], [101,4], [101,3], [101,7]]
Round 105: (Vertex0)[[w101,1], [w102,2], [w101,4], [w101,6], [w101,9], [w101,2], [w101,0], [w102,3], [w101,7], [w103,5], [w103,9], [w102,4], [w102,9], [w103,3], [w101,8], [w103,2], [w103,0], [w102,5], [w103,8], [w102,1], [w102,7], [104,7], [w102,6], [w103,7], [w103,4], [w103,6], [w101,3], [w102,8], [w101,5], [w102,0]] weak=[[w101,1], [w102,2], [w101,4], [w101,6], [w101,9], [w101,2], [w101,0], [w102,3], [w101,7], [w103,5], [w103,9], [w102,4], [w102,9], [w103,3], [w101,8], [w103,2], [w103,0], [w102,5], [w103,8], [w102,1], [w102,7], [w102,6], [w103,7], [w103,4], [w103,6], [w101,3], [w102,8], [w101,5], [w102,0]] (solid_wave_vertices: 10) solid=[[101,4], [101,0], [101,9], [101,2], [101,5], [101,7], [101,8], [101,3], [101,1], [101,6]] merged=[[105,0]] --- (Vertex1)[[w101,1], [w102,2], [w101,4], [w101,6], [w101,9], [104,6], [w101,2], [w101,0], [w102,3], [w101,7], [w103,5], [w103,9], [w102,4], [w102,9], [w103,3], [w101,8], [w103,2], [w103,0], [w102,5], [104,4], [w103,8], [w102,1], [w102,7], [104,7], [104,9], [w102,6], [w103,7], [w103,4], [w103,6], [w103,1], [w101,3], [w102,8], [w101,5], [w102,0]] weak=[[w101,1], [w102,2], [w101,4], [w101,6], [w101,9], [w101,2], [w101,0], [w102,3], [w101,7], [w103,5], [w103,9], [w102,4], [w102,9], [w103,3], [w101,8], [w103,2], [w103,0], [w102,5], [w103,8], [w102,1], [w102,7], [w102,6], [w103,7], [w103,4], [w103,6], [w103,1], [w101,3], [w102,8], [w101,5], [w102,0]] (solid_wave_vertices: 10) solid=[[101,8], [101,9], [101,3], [101,7], [101,2], [101,5], [101,1], [101,4], [101,0], [101,6]] merged=[[105,1]] --- (Vertex2)[[w101,1], [w102,2], [w101,4], [w101,6], [w101,9], [104,6], [w101,2], [104,2], [w101,0], [w102,3], [w101,7], [w103,5], [w103,9], [w102,4], [w102,9], [w103,3], [w101,8], [w103,2], [w103,0], [w102,5], [104,4], [w103,8], [104,3], [w102,7], [104,9], [w102,6], [w103,7], [w103,4], [w103,6], [w101,3], [w102,8], [w101,5], [w102,0]] weak=[[w101,1], [w102,2], [w101,4], [w101,6], [w101,9], [w101,2], [w101,0], [w102,3], [w101,7], [w103,5], [w103,9], [w102,4], [w102,9], [w103,3], [w101,8], [w103,2], [w103,0], [w102,5], [w103,8], [w102,7], [w102,6], [w103,7], [w103,4], [w103,6], [w101,3], [w102,8], [w101,5], [w102,0]] (solid_wave_vertices: 10) solid=[[101,4], [101,0], [101,1], [101,5], [101,2], [101,7], [101,3], [101,8], [101,9], [101,6]] merged=[[105,2]] --- (Vertex3)[[w101,1], [w102,2], [w101,4], [w101,6], [w101,9], [104,6], [w101,2], [104,2], [w101,0], [w102,3], [w101,7], [w103,5], [w103,9], [w102,4], [w102,9], [w103,3], [w101,8], [w103,2], [w103,0], [w102,5], [104,4], [w103,8], [104,3], [w102,7], [104,9], [w102,6], [w103,7], [w103,4], [w103,6], [w101,3], [w102,8], [w101,5], [w102,0]] weak=[[w101,1], [w102,2], [w101,4], [w101,6], [w101,9], [w101,2], [w101,0], [w102,3], [w101,7], [w103,5], [w103,9], [w102,4], [w102,9], [w103,3], [w101,8], [w103,2], [w103,0], [w102,5], [w103,8], [w102,7], [w102,6], [w103,7], [w103,4], [w103,6], [w101,3], [w102,8], [w101,5], [w102,0]] (solid_wave_vertices: 10) solid=[[101,8], [101,7], [101,1], [101,2], [101,0], [101,5], [101,6], [101,3], [101,9], [101,4]] merged=[[105,3]] --- (Vertex4)[[w101,1], [w102,2], [w101,4], [w101,6], [w101,9], [104,6], [w101,2], [104,2], [w101,0], [w102,3], [w101,7], [w103,5], [w103,9], [w102,4], [w102,9], [w103,3], [w101,8], [w103,2], [w103,0], [w102,5], [104,4], [w103,8], [104,3], [w102,7], [104,9], [w102,6], [w103,7], [w103,4], [w103,6], [w101,3], [w102,8], [w101,5], [w102,0]] weak=[[w101,1], [w102,2], [w101,4], [w101,6], [w101,9], [w101,2], [w101,0], [w102,3], [w101,7], [w103,5], [w103,9], [w102,4], [w102,9], [w103,3], [w101,8], [w103,2], [w103,0], [w102,5], [w103,8], [w102,7], [w102,6], [w103,7], [w103,4], [w103,6], [w101,3], [w102,8], [w101,5], [w102,0]] (solid_wave_vertices: 10) solid=[[101,7], [101,2], [101,5], [101,0], [101,6], [101,3], [101,4], [101,9], [101,1], [101,8]] merged=[[105,4]] --- (Vertex5)[[w101,1], [w102,2], [w101,4], [w101,6], [w101,9], [104,6], [w101,2], [104,2], [w101,0], [w102,3], [w101,7], [w103,5], [w103,9], [w102,4], [w102,9], [w103,3], [w101,8], [w103,2], [w103,0], [w102,5], [104,4], [w103,8], [104,3], [w102,7], [104,9], [w102,6], [w103,7], [w103,4], [w103,6], [w101,3], [w102,8], [w101,5], [w102,0]] weak=[[w101,1], [w102,2], [w101,4], [w101,6], [w101,9], [w101,2], [w101,0], [w102,3], [w101,7], [w103,5], [w103,9], [w102,4], [w102,9], [w103,3], [w101,8], [w103,2], [w103,0], [w102,5], [w103,8], [w102,7], [w102,6], [w103,7], [w103,4], [w103,6], [w101,3], [w102,8], [w101,5], [w102,0]] (solid_wave_vertices: 10) solid=[[101,5], [101,3], [101,6], [101,8], [101,2], [101,4], [101,7], [101,0], [101,1], [101,9]] merged=[[105,5]] --- (Vertex6)[[w101,1], [w102,2], [w101,4], [w101,6], [w101,9], [104,6], [w101,2], [104,2], [w101,0], [w102,3], [w101,7], [w103,5], [w103,9], [w102,4], [w102,9], [w103,3], [w101,8], [w103,2], [w103,0], [w102,5], [104,4], [w103,8], [104,3], [w102,7], [104,9], [w102,6], [w103,7], [w103,4], [w103,6], [w101,3], [w102,8], [w101,5], [w102,0]] weak=[[w101,1], [w102,2], [w101,4], [w101,6], [w101,9], [w101,2], [w101,0], [w102,3], [w101,7], [w103,5], [w103,9], [w102,4], [w102,9], [w103,3], [w101,8], [w103,2], [w103,0], [w102,5], [w103,8], [w102,7], [w102,6], [w103,7], [w103,4], [w103,6], [w101,3], [w102,8], [w101,5], [w102,0]] (solid_wave_vertices: 10) solid=[[101,2], [101,4], [101,8], [101,1], [101,9], [101,3], [101,5], [101,7], [101,6], [101,0]] merged=[[105,6]] --- (Vertex7)[[w101,1], [w102,2], [w101,4], [w101,6], [w101,9], [w101,2], [w101,0], [w102,3], [w101,7], [w103,5], [w103,9], [w102,4], [w102,9], [w103,3], [w101,8], [w103,2], [w103,0], [w102,5], [w103,8], [w102,1], [w102,7], [104,7], [w102,6], [w103,7], [w103,4], [w103,6], [w101,3], [w102,8], [w101,5], [w102,0]] weak=[[w101,1], [w102,2], [w101,4], [w101,6], [w101,9], [w101,2], [w101,0], [w102,3], [w101,7], [w103,5], [w103,9], [w102,4], [w102,9], [w103,3], [w101,8], [w103,2], [w103,0], [w102,5], [w103,8], [w102,1], [w102,7], [w102,6], [w103,7], [w103,4], [w103,6], [w101,3], [w102,8], [w101,5], [w102,0]] (solid_wave_vertices: 10) solid=[[101,5], [101,4], [101,0], [101,8], [101,1], [101,2], [101,3], [101,9], [101,6], [101,7]] merged=[[105,7]] --- (Vertex8)[[w101,1], [w102,2], [w101,4], [w101,6], [w101,9], [w101,2], [w101,0], [w102,3], [w101,7], [w103,5], [w103,9], [w102,4], [w102,9], [w103,3], [w101,8], [w103,2], [w103,0], [w102,5], [w103,8], [w102,1], [w102,7], [104,7], [w102,6], [w103,7], [w103,4], [w103,6], [w101,3], [w102,8], [w101,5], [w102,0]] weak=[[w101,1], [w102,2], [w101,4], [w101,6], [w101,9], [w101,2], [w101,0], [w102,3], [w101,7], [w103,5], [w103,9], [w102,4], [w102,9], [w103,3], [w101,8], [w103,2], [w103,0], [w102,5], [w103,8], [w102,1], [w102,7], [w102,6], [w103,7], [w103,4], [w103,6], [w101,3], [w102,8], [w101,5], [w102,0]] (solid_wave_vertices: 10) solid=[[101,5], [101,8], [101,3], [101,9], [101,6], [101,0], [101,1], [101,2], [101,4], [101,7]] merged=[[105,8]] --- (Vertex9)[[w101,1], [w102,2], [w101,4], [w101,6], [w101,9], [104,6], [w101,2], [104,2], [w101,0], [w102,3], [w101,7], [w103,5], [w103,9], [w102,4], [w102,9], [w103,3], [w101,8], [w103,2], [w103,0], [w102,5], [104,4], [w103,8], [104,3], [w102,7], [104,9], [w102,6], [w103,7], [w103,4], [w103,6], [w101,3], [w102,8], [w101,5], [w102,0]] weak=[[w101,1], [w102,2], [w101,4], [w101,6], [w101,9], [w101,2], [w101,0], [w102,3], [w101,7], [w103,5], [w103,9], [w102,4], [w102,9], [w103,3], [w101,8], [w103,2], [w103,0], [w102,5], [w103,8], [w102,7], [w102,6], [w103,7], [w103,4], [w103,6], [w101,3], [w102,8], [w101,5], [w102,0]] (solid_wave_vertices: 10) solid=[[101,9], [101,7], [101,8], [101,3], [101,0], [101,5], [101,4], [101,6], [101,1], [101,2]] merged=[[105,9]]
Round 106: (Vertex0)[[105,5], [105,7], [105,8], [105,0]] (solid_wave_vertices: 4) solid=[[105,7], [105,5], [105,0], [105,8]] merged=[[105,5], [105,7], [105,0], [105,8]] --- (Vertex1)[[105,4], [105,9], [105,7], [105,8]] (solid_wave_vertices: 4) solid=[[105,7], [105,8], [105,4], [105,9]] merged=[[105,8], [105,9], [105,7], [105,4]] --- (Vertex2)[[105,5], [105,4], [105,2], [105,9]] (solid_wave_vertices: 4) solid=[[105,2], [105,4], [105,9], [105,5]] merged=[[105,2], [105,9], [105,5], [105,4]] --- (Vertex3)[[105,5], [105,4], [105,2], [105,9]] (solid_wave_vertices: 4) solid=[[105,9], [105,4], [105,2], [105,5]] merged=[[105,9], [105,5], [105,4], [105,2]] --- (Vertex4)[[105,5], [105,4], [105,2], [105,9]] (solid_wave_vertices: 4) solid=[[105,5], [105,4], [105,9], [105,2]] merged=[[105,2], [105,9], [105,4], [105,5]] --- (Vertex5)[[105,5], [105,4], [105,2], [105,9]] (solid_wave_vertices: 4) solid=[[105,4], [105,2], [105,5], [105,9]] merged=[[105,5], [105,9], [105,4], [105,2]] --- (Vertex6)[[105,5], [105,4], [105,2], [105,9]] (solid_wave_vertices: 4) solid=[[105,2], [105,5], [105,4], [105,9]] merged=[[105,9], [105,4], [105,2], [105,5]] --- (Vertex7)[[105,5], [105,7], [105,8], [105,0]] (solid_wave_vertices: 4) solid=[[105,5], [105,7], [105,8], [105,0]] merged=[[105,5], [105,0], [105,7], [105,8]] --- (Vertex8)[[105,5], [105,7], [105,8], [105,0]] (solid_wave_vertices: 4) solid=[[105,5], [105,7], [105,0], [105,8]] merged=[[105,8], [105,7], [105,5], [105,0]] --- (Vertex9)[[105,5], [105,4], [105,2], [105,9]] (solid_wave_vertices: 4) solid=[[105,9], [105,2], [105,4], [105,5]] merged=[[105,4], [105,2], [105,5], [105,9]]
Round 107: (Vertex0)[[w105,3], [w105,5], [w105,4], [w105,2], [106,7], [w105,9], [w105,7], [w105,8], [106,8], [w105,0], [w105,6]] weak=[[w105,3], [w105,5], [w105,4], [w105,2], [w105,9], [w105,7], [w105,8], [w105,0], [w105,6]] (solid_wave_vertices: 9) solid=[[105,0], [105,6], [105,4], [105,5], [105,7], [105,2], [105,8], [105,9], [105,3]] merged=[[105,8], [105,6], [105,9], [105,7], [105,2], [105,0], [105,5], [105,4], [105,3]] --- (Vertex1)[[w105,3], [w105,5], [w105,1], [106,3], [w105,4], [w105,2], [106,7], [w105,9], [w105,7], [w105,8], [106,8], [106,6], [w105,0], [106,9], [106,2], [w105,6]] weak=[[w105,3], [w105,5], [w105,1], [w105,4], [w105,2], [w105,9], [w105,7], [w105,8], [w105,0], [w105,6]] (solid_wave_vertices: 10) solid=[[105,1], [105,2], [105,5], [105,3], [105,8], [105,0], [105,6], [105,7], [105,9], [105,4]] merged=[[105,9], [105,2], [105,0], [105,6], [105,4], [105,1], [105,5], [105,8], [105,3], [105,7]] --- (Vertex2)[[w105,3], [w105,5], [106,3], [w105,4], [w105,2], [w105,9], [w105,7], [w105,8], [106,6], [w105,0], [106,9], [106,2], [w105,6]] weak=[[w105,3], [w105,5], [w105,4], [w105,2], [w105,9], [w105,7], [w105,8], [w105,0], [w105,6]] (solid_wave_vertices: 9) solid=[[105,0], [105,3], [105,8], [105,5], [105,7], [105,2], [105,9], [105,4], [105,6]] merged=[[105,8], [105,7], [105,6], [105,4], [105,9], [105,0], [105,3], [105,5], [105,2]] --- (Vertex3)[[w105,3], [w105,5], [106,3], [w105,4], [w105,2], [w105,9], [w105,7], [w105,8], [106,6], [w105,0], [106,9], [106,2], [w105,6]] weak=[[w105,3], [w105,5], [w105,4], [w105,2], [w105,9], [w105,7], [w105,8], [w105,0], [w105,6]] (solid_wave_vertices: 9) solid=[[105,4], [105,0], [105,3], [105,6], [105,8], [105,2], [105,7], [105,9], [105,5]] merged=[[105,7], [105,5], [105,3], [105,6], [105,9], [105,0], [105,2], [105,8], [105,4]] --- (Vertex4)[[w105,3], [w105,5], [106,3], [w105,4], [w105,2], [w105,9], [w105,7], [w105,8], [106,6], [w105,0], [106,9], [106,2], [w105,6]] weak=[[w105,3], [w105,5], [w105,4], [w105,2], [w105,9], [w105,7], [w105,8], [w105,0], [w105,6]] (solid_wave_vertices: 9) solid=[[105,4], [105,7], [105,0], [105,5], [105,3], [105,6], [105,2], [105,9], [105,8]] merged=[[105,6], [105,3], [105,5], [105,4], [105,9], [105,0], [105,2], [105,7], [105,8]] --- (Vertex5)[[w105,3], [w105,5], [106,3], [w105,4], [w105,2], [w105,9], [w105,7], [w105,8], [106,6], [w105,0], [106,9], [106,2], [w105,6]] weak=[[w105,3], [w105,5], [w105,4], [w105,2], [w105,9], [w105,7], [w105,8], [w105,0], [w105,6]] (solid_wave_vertices: 9) solid=[[105,3], [105,8], [105,0], [105,7], [105,6], [105,2], [105,5], [105,4], [105,9]] merged=[[105,2], [105,0], [105,3], [105,9], [105,5], [105,6], [105,7], [105,8], [105,4]] --- (Vertex6)[[w105,3], [w105,5], [106,3], [w105,4], [w105,2], [w105,9], [w105,7], [w105,8], [106,6], [w105,0], [106,9], [106,2], [w105,6]] weak=[[w105,3], [w105,5], [w105,4], [w105,2], [w105,9], [w105,7], [w105,8], [w105,0], [w105,6]] (solid_wave_vertices: 9) solid=[[105,9], [105,0], [105,6], [105,7], [105,2], [105,8], [105,4], [105,3], [105,5]] merged=[[105,7], [105,2], [105,3], [105,8], [105,4], [105,5], [105,6], [105,9], [105,0]] --- (Vertex7)[[w105,3], [w105,5], [106,3], [w105,4], [w105,2], [106,7], [w105,9], [w105,7], [w105,8], [106,8], [106,6], [w105,0], [w105,6]] weak=[[w105,3], [w105,5], [w105,4], [w105,2], [w105,9], [w105,7], [w105,8], [w105,0], [w105,6]] (solid_wave_vertices: 9) solid=[[105,7], [105,6], [105,2], [105,5], [105,4], [105,9], [105,8], [105,3], [105,0]] merged=[[105,0], [105,3], [105,2], [105,4], [105,5], [105,6], [105,9], [105,7], [105,8]] --- (Vertex8)[[w105,3], [w105,5], [w105,4], [w105,2], [106,7], [w105,9], [w105,7], [w105,8], [106,8], [w105,0], [w105,6]] weak=[[w105,3], [w105,5], [w105,4], [w105,2], [w105,9], [w105,7], [w105,8], [w105,0], [w105,6]] (solid_wave_vertices: 9) solid=[[105,7], [105,2], [105,9], [105,6], [105,3], [105,4], [105,0], [105,8], [105,5]] merged=[[105,8], [105,3], [105,0], [105,6], [105,2], [105,4], [105,9], [105,5], [105,7]] --- (Vertex9)[[w105,3], [w105,5], [106,3], [w105,4], [w105,2], [w105,9], [w105,7], [w105,8], [106,6], [w105,0], [106,9], [106,2], [w105,6]] weak=[[w105,3], [w105,5], [w105,4], [w105,2], [w105,9], [w105,7], [w105,8], [w105,0], [w105,6]] (solid_wave_vertices: 9) solid=[[105,2], [105,0], [105,5], [105,8], [105,4], [105,3], [105,6], [105,7], [105,9]] merged=[[105,2], [105,9], [105,0], [105,4], [105,6], [105,3], [105,7], [105,8], [105,5]]
Round 108: (Vertex0)[[w105,3], [107,7], [107,5], [107,8], [w106,5], [w105,5], [107,0], [w105,1], [w106,3], [w105,4], [w105,2], [w106,7], [w105,9], [w105,7], [w106,4], [w105,8], [w106,8], [w106,6], [w105,0], [w106,0], [w106,9], [w106,2], [w105,6]] weak=[[w105,3], [w106,5], [w105,5], [w105,1], [w106,3], [w105,4], [w105,2], [w106,7], [w105,9], [w105,7], [w106,4], [w105,8], [w106,8], [w106,6], [w105,0], [w106,0], [w106,9], [w106,2], [w105,6]] (solid_wave_vertices: 10) solid=[[105,7], [105,3], [105,2], [105,6], [105,4], [105,8], [105,1], [105,9], [105,5], [105,0]] merged=[[105,4], [105,5], [105,3], [105,6], [105,8], [105,1], [105,9], [105,0], [105,2], [105,7]] --- (Vertex1)[[w105,3], [107,7], [107,5], [107,8], [w106,5], [w105,5], [107,0], [w105,1], [w106,3], [w105,4], [w105,2], [w106,7], [w105,9], [w105,7], [w106,4], [w105,8], [107,6], [w106,8], [w106,6], [w105,0], [107,4], [w106,0], [w106,1], [w106,9], [w106,2], [w105,6]] weak=[[w105,3], [w106,5], [w105,5], [w105,1], [w106,3], [w105,4], [w105,2], [w106,7], [w105,9], [w105,7], [w106,4], [w105,8], [w106,8], [w106,6], [w105,0], [w106,0], [w106,1], [w106,9], [w106,2], [w105,6]] (solid_wave_vertices: 10) solid=[[105,5], [105,3], [105,8], [105,7], [105,0], [105,9], [105,4], [105,1], [105,2], [105,6]] merged=[[105,0], [105,2], [105,3], [105,8], [105,1], [105,6], [105,9], [105,7], [105,4], [105,5]] --- (Vertex2)[[w105,3], [107,5], [w106,5], [w105,5], [107,2], [w106,3], [w105,4], [w105,2], [w106,7], [w105,9], [w105,7], [w106,4], [w105,8], [107,6], [w106,8], [w106,6], [w105,0], [107,4], [w106,0], [w106,9], [w106,2], [w105,6]] weak=[[w105,3], [w106,5], [w105,5], [w106,3], [w105,4], [w105,2], [w106,7], [w105,9], [w105,7], [w106,4], [w105,8], [w106,8], [w106,6], [w105,0], [w106,0], [w106,9], [w106,2], [w105,6]] (solid_wave_vertices: 9) solid=[[105,6], [105,3], [105,7], [105,0], [105,8], [105,2], [105,4], [105,5], [105,9]] merged=[[105,3], [105,6], [105,0], [105,5], [105,7], [105,8], [105,9], [105,2], [105,4]] --- (Vertex3)[[w105,3], [107,5], [w106,5], [w105,5], [107,2], [w106,3], [w105,4], [w105,2], [w106,7], [w105,9], [w105,7], [w106,4], [w105,8], [107,6], [w106,8], [w106,6], [w105,0], [107,4], [w106,0], [w106,9], [w106,2], [w105,6]] weak=[[w105,3], [w106,5], [w105,5], [w106,3], [w105,4], [w105,2], [w106,7], [w105,9], [w105,7], [w106,4], [w105,8], [w106,8], [w106,6], [w105,0], [w106,0], [w106,9], [w106,2], [w105,6]] (solid_wave_vertices: 9) solid=[[105,2], [105,5], [105,4], [105,6], [105,9], [105,0], [105,7], [105,8], [105,3]] merged=[[105,3], [105,0], [105,4], [105,9], [105,7], [105,5], [105,8], [105,2], [105,6]] --- (Vertex4)[[w105,3], [107,5], [w106,5], [w105,5], [107,2], [w106,3], [w105,4], [w105,2], [w106,7], [w105,9], [w105,7], [w106,4], [w105,8], [107,6], [w106,8], [w106,6], [w105,0], [107,4], [w106,0], [w106,9], [w106,2], [w105,6]] weak=[[w105,3], [w106,5], [w105,5], [w106,3], [w105,4], [w105,2], [w106,7], [w105,9], [w105,7], [w106,4], [w105,8], [w106,8], [w106,6], [w105,0], [w106,0], [w106,9], [w106,2], [w105,6]] (solid_wave_vertices: 9) solid=[[105,7], [105,0], [105,6], [105,5], [105,3], [105,8], [105,9], [105,2], [105,4]] merged=[[105,0], [105,4], [105,7], [105,8], [105,5], [105,3], [105,6], [105,2], [105,9]] --- (Vertex5)[[w105,3], [107,5], [w106,5], [w105,5], [107,2], [w106,3], [w105,4], [w105,2], [w106,7], [w105,9], [w105,7], [w106,4], [w105,8], [107,6], [w106,8], [w106,6], [w105,0], [107,4], [w106,0], [w106,9], [w106,2], [w105,6]] weak=[[w105,3], [w106,5], [w105,5], [w106,3], [w105,4], [w105,2], [w106,7], [w105,9], [w105,7], [w106,4], [w105,8], [w106,8], [w106,6], [w105,0], [w106,0], [w106,9], [w106,2], [w105,6]] (solid_wave_vertices: 9) solid=[[105,4], [105,9], [105,0], [105,8], [105,3], [105,2], [105,7], [105,5], [105,6]] merged=[[105,6], [105,5], [105,2], [105,0], [105,8], [105,7], [105,9], [105,4], [105,3]] --- (Vertex6)[[w105,3], [107,5], [w106,5], [w105,5], [107,2], [w106,3], [w105,4], [w105,2], [w106,7], [w105,9], [w105,7], [w106,4], [w105,8], [107,6], [w106,8], [w106,6], [w105,0], [107,4], [w106,0], [w106,9], [w106,2], [w105,6]] weak=[[w105,3], [w106,5], [w105,5], [w106,3], [w105,4], [w105,2], [w106,7], [w105,9], [w105,7], [w106,4], [w105,8], [w106,8], [w106,6], [w105,0], [w106,0], [w106,9], [w106,2], [w105,6]] (solid_wave_vertices: 9) solid=[[105,4], [105,7], [105,3], [105,5], [105,0], [105,8], [105,9], [105,2], [105,6]] merged=[[105,0], [105,2], [105,8], [105,4], [105,9], [105,3], [105,7], [105,5], [105,6]] --- (Vertex7)[[w105,3], [107,7], [107,5], [107,8], [w106,5], [w105,5], [107,0], [w105,1], [w106,3], [w105,4], [w105,2], [w106,7], [w105,9], [w105,7], [w106,4], [w105,8], [w106,8], [w106,6], [w105,0], [w106,0], [w106,9], [w106,2], [w105,6]] weak=[[w105,3], [w106,5], [w105,5], [w105,1], [w106,3], [w105,4], [w105,2], [w106,7], [w105,9], [w105,7], [w106,4], [w105,8], [w106,8], [w106,6], [w105,0], [w106,0], [w106,9], [w106,2], [w105,6]] (solid_wave_vertices: 10) solid=[[105,3], [105,7], [105,2], [105,6], [105,0], [105,4], [105,1], [105,9], [105,5], [105,8]] merged=[[105,7], [105,9], [105,5], [105,1], [105,3], [105,4], [105,2], [105,8], [105,6], [105,0]] --- (Vertex8)[[w105,3], [107,7], [107,5], [107,8], [w106,5], [w105,5], [107,0], [w105,1], [w106,3], [w105,4], [w105,2], [w106,7], [w105,9], [w105,7], [w106,4], [w105,8], [w106,8], [w106,6], [w105,0], [w106,0], [w106,9], [w106,2], [w105,6]] weak=[[w105,3], [w106,5], [w105,5], [w105,1], [w106,3], [w105,4], [w105,2], [w106,7], [w105,9], [w105,7], [w106,4], [w105,8], [w106,8], [w106,6], [w105,0], [w106,0], [w106,9], [w106,2], [w105,6]] (solid_wave_vertices: 10) solid=[[105,7], [105,9], [105,5], [105,2], [105,8], [105,3], [105,1], [105,6], [105,4], [105,0]] merged=[[105,5], [105,3], [105,9], [105,0], [105,7], [105,2], [105,6], [105,4], [105,1], [105,8]] --- (Vertex9)[[w105,3], [107,5], [w106,5], [w105,5], [107,2], [w106,3], [w105,4], [w105,2], [w106,7], [w105,9], [w105,7], [w106,4], [w105,8], [107,6], [w106,8], [w106,6], [w105,0], [107,4], [w106,0], [w106,9], [w106,2], [w105,6]] weak=[[w105,3], [w106,5], [w105,5], [w106,3], [w105,4], [w105,2], [w106,7], [w105,9], [w105,7], [w106,4], [w105,8], [w106,8], [w106,6], [w105,0], [w106,0], [w106,9], [w106,2], [w105,6]] (solid_wave_vertices: 9) solid=[[105,6], [105,5], [105,8], [105,3], [105,7], [105,0], [105,2], [105,4], [105,9]] merged=[[105,0], [105,8], [105,6], [105,3], [105,2], [105,7], [105,5], [105,9], [105,4]]
Round 109: (Vertex0)[[w107,9], [w105,3], [w107,7], [108,8], [w107,5], [w107,8], [w106,5], [w105,5], [w107,0], [w105,1], [w107,2], [w106,3], [w105,4], [w105,2], [w106,7], [w105,9], [w105,7], [w106,4], [w105,8], [w107,6], [w106,8], [108,7], [w106,6], [108,3], [w105,0], [w107,4], [w106,0], [w106,1], [w107,3], [w106,9], [w106,2], [w105,6]] weak=[[w107,9], [w105,3], [w107,7], [w107,5], [w107,8], [w106,5], [w105,5], [w107,0], [w105,1], [w107,2], [w106,3], [w105,4], [w105,2], [w106,7], [w105,9], [w105,7], [w106,4], [w105,8], [w107,6], [w106,8], [w106,6], [w105,0], [w107,4], [w106,0], [w106,1], [w107,3], [w106,9], [w106,2], [w105,6]] (solid_wave_vertices: 10) solid=[[105,8], [105,7], [105,4], [105,1], [105,3], [105,5], [105,6], [105,2], [105,9], [105,0]] merged=[[109,0]] --- (Vertex1)[[w107,9], [w105,3], [w107,7], [108,9], [108,8], [w107,5], [w107,8], [108,6], [w106,5], [w105,5], [w107,0], [w105,1], [w107,2], [w106,3], [w107,1], [w105,4], [w105,2], [w106,7], [w105,9], [w105,7], [w106,4], [w105,8], [w107,6], [w106,8], [108,7], [w106,6], [108,3], [w105,0], [w107,4], [w106,0], [w106,1], [w107,3], [w106,9], [w106,2], [w105,6], [108,5]] weak=[[w107,9], [w105,3], [w107,7], [w107,5], [w107,8], [w106,5], [w105,5], [w107,0], [w105,1], [w107,2], [w106,3], [w107,1], [w105,4], [w105,2], [w106,7], [w105,9], [w105,7], [w106,4], [w105,8], [w107,6], [w106,8], [w106,6], [w105,0], [w107,4], [w106,0], [w106,1], [w107,3], [w106,9], [w106,2], [w105,6]] (solid_wave_vertices: 10) solid=[[105,2], [105,9], [105,5], [105,4], [105,3], [105,7], [105,1], [105,0], [105,8], [105,6]] merged=[[109,1]] --- (Vertex2)[[w107,9], [w105,3], [w107,7], [108,9], [w107,5], [w107,8], [108,6], [w106,5], [w105,5], [w107,0], [w105,1], [w107,2], [w106,3], [w105,4], [w105,2], [w106,7], [w105,9], [w105,7], [w106,4], [w105,8], [w107,6], [w106,8], [w106,6], [108,3], [w105,0], [w107,4], [w106,0], [108,2], [w107,3], [w106,9], [w106,2], [w105,6], [108,5]] weak=[[w107,9], [w105,3], [w107,7], [w107,5], [w107,8], [w106,5], [w105,5], [w107,0], [w105,1], [w107,2], [w106,3], [w105,4], [w105,2], [w106,7], [w105,9], [w105,7], [w106,4], [w105,8], [w107,6], [w106,8], [w106,6], [w105,0], [w107,4], [w106,0], [w107,3], [w106,9], [w106,2], [w105,6]] (solid_wave_vertices: 10) solid=[[105,6], [105,2], [105,1], [105,8], [105,5], [105,7], [105,4], [105,9], [105,3], [105,0]] merged=[[109,2]] --- (Vertex3)[[w107,9], [w105,3], [w107,7], [108,9], [w107,5], [w107,8], [108,6], [w106,5], [w105,5], [w107,0], [w105,1], [w107,2], [w106,3], [w105,4], [w105,2], [w106,7], [w105,9], [w105,7], [w106,4], [w105,8], [w107,6], [w106,8], [w106,6], [108,3], [w105,0], [w107,4], [w106,0], [108,2], [w107,3], [w106,9], [w106,2], [w105,6], [108,5]] weak=[[w107,9], [w105,3], [w107,7], [w107,5], [w107,8], [w106,5], [w105,5], [w107,0], [w105,1], [w107,2], [w106,3], [w105,4], [w105,2], [w106,7], [w105,9], [w105,7], [w106,4], [w105,8], [w107,6], [w106,8], [w106,6], [w105,0], [w107,4], [w106,0], [w107,3], [w106,9], [w106,2], [w105,6]] (solid_wave_vertices: 10) solid=[[105,4], [105,3], [105,6], [105,2], [105,0], [105,5], [105,9], [105,8], [105,1], [105,7]] merged=[[109,3]] --- (Vertex4)[[w107,9], [w105,3], [w107,7], [108,9], [w107,5], [w107,8], [108,6], [w106,5], [w105,5], [w107,0], [w105,1], [w107,2], [w106,3], [w105,4], [w105,2], [w106,7], [w105,9], [w105,7], [w106,4], [w105,8], [w107,6], [w106,8], [w106,6], [108,3], [w105,0], [w107,4], [w106,0], [108,2], [w107,3], [w106,9], [w106,2], [w105,6], [108,5]] weak=[[w107,9], [w105,3], [w107,7], [w107,5], [w107,8], [w106,5], [w105,5], [w107,0], [w105,1], [w107,2], [w106,3], [w105,4], [w105,2], [w106,7], [w105,9], [w105,7], [w106,4], [w105,8], [w107,6], [w106,8], [w106,6], [w105,0], [w107,4], [w106,0], [w107,3], [w106,9], [w106,2], [w105,6]] (solid_wave_vertices: 10) solid=[[105,2], [105,1], [105,6], [105,8], [105,5], [105,3], [105,9], [105,4], [105,0], [105,7]] merged=[[109,4]] --- (Vertex5)[[w107,9], [w105,3], [w107,7], [108,9], [w107,5], [w107,8], [108,6], [w106,5], [w105,5], [w107,0], [w105,1], [w107,2], [w106,3], [w105,4], [w105,2], [w106,7], [w105,9], [w105,7], [w106,4], [w105,8], [w107,6], [w106,8], [w106,6], [108,3], [w105,0], [w107,4], [w106,0], [108,2], [w107,3], [w106,9], [w106,2], [w105,6], [108,5]] weak=[[w107,9], [w105,3], [w107,7], [w107,5], [w107,8], [w106,5], [w105,5], [w107,0], [w105,1], [w107,2], [w106,3], [w105,4], [w105,2], [w106,7], [w105,9], [w105,7], [w106,4], [w105,8], [w107,6], [w106,8], [w106,6], [w105,0], [w107,4], [w106,0], [w107,3], [w106,9], [w106,2], [w105,6]] (solid_wave_vertices: 10) solid=[[105,0], [105,9], [105,6], [105,4], [105,7], [105,3], [105,1], [105,2], [105,5], [105,8]] merged=[[109,5]] --- (Vertex6)[[w107,9], [w105,3], [w107,7], [108,9], [w107,5], [w107,8], [108,6], [w106,5], [w105,5], [w107,0], [w105,1], [w107,2], [w106,3], [w105,4], [w105,2], [w106,7], [w105,9], [w105,7], [w106,4], [w105,8], [w107,6], [w106,8], [w106,6], [108,3], [w105,0], [w107,4], [w106,0], [108,2], [w107,3], [w106,9], [w106,2], [w105,6], [108,5]] weak=[[w107,9], [w105,3], [w107,7], [w107,5], [w107,8], [w106,5], [w105,5], [w107,0], [w105,1], [w107,2], [w106,3], [w105,4], [w105,2], [w106,7], [w105,9], [w105,7], [w106,4], [w105,8], [w107,6], [w106,8], [w106,6], [w105,0], [w107,4], [w106,0], [w107,3], [w106,9], [w106,2], [w105,6]] (solid_wave_vertices: 10) solid=[[105,0], [105,7], [105,6], [105,2], [105,8], [105,9], [105,3], [105,5], [105,4], [105,1]] merged=[[109,6]] --- (Vertex7)[[w107,9], [w105,3], [w107,7], [108,8], [w107,5], [w107,8], [w106,5], [w105,5], [w107,0], [w105,1], [w107,2], [w106,3], [w105,4], [w105,2], [w106,7], [w105,9], [w105,7], [w106,4], [w105,8], [w107,6], [w106,8], [108,7], [w106,6], [108,3], [w105,0], [w107,4], [w106,0], [w106,1], [w107,3], [w106,9], [w106,2], [w105,6]] weak=[[w107,9], [w105,3], [w107,7], [w107,5], [w107,8], [w106,5], [w105,5], [w107,0], [w105,1], [w107,2], [w106,3], [w105,4], [w105,2], [w106,7], [w105,9], [w105,7], [w106,4], [w105,8], [w107,6], [w106,8], [w106,6], [w105,0], [w107,4], [w106,0], [w106,1], [w107,3], [w106,9], [w106,2], [w105,6]] (solid_wave_vertices: 10) solid=[[105,6], [105,5], [105,7], [105,9], [105,0], [105,4], [105,1], [105,3], [105,2], [105,8]] merged=[[109,7]] --- (Vertex8)[[w107,9], [w105,3], [w107,7], [108,8], [w107,5], [w107,8], [w106,5], [w105,5], [w107,0], [w105,1], [w107,2], [w106,3], [w105,4], [w105,2], [w106,7], [w105,9], [w105,7], [w106,4], [w105,8], [w107,6], [w106,8], [108,7], [w106,6], [w105,0], [w107,4], [w106,0], [w106,1], [w107,3], [w106,9], [w106,2], [w105,6]] weak=[[w107,9], [w105,3], [w107,7], [w107,5], [w107,8], [w106,5], [w105,5], [w107,0], [w105,1], [w107,2], [w106,3], [w105,4], [w105,2], [w106,7], [w105,9], [w105,7], [w106,4], [w105,8], [w107,6], [w106,8], [w106,6], [w105,0], [w107,4], [w106,0], [w106,1], [w107,3], [w106,9], [w106,2], [w105,6]] (solid_wave_vertices: 10) solid=[[105,3], [105,5], [105,9], [105,7], [105,0], [105,6], [105,4], [105,2], [105,1], [105,8]] merged=[[109,8]] --- (Vertex9)[[w107,9], [w105,3], [w107,7], [108,9], [w107,5], [w107,8], [108,6], [w106,5], [w105,5], [w107,0], [w105,1], [w107,2], [w106,3], [w105,4], [w105,2], [w106,7], [w105,9], [w105,7], [w106,4], [w105,8], [w107,6], [w106,8], [w106,6], [108,3], [w105,0], [w107,4], [w106,0], [108,2], [w107,3], [w106,9], [w106,2], [w105,6], [108,5]] weak=[[w107,9], [w105,3], [w107,7], [w107,5], [w107,8], [w106,5], [w105,5], [w107,0], [w105,1], [w107,2], [w106,3], [w105,4], [w105,2], [w106,7], [w105,9], [w105,7], [w106,4], [w105,8], [w107,6], [w106,8], [w106,6], [w105,0], [w107,4], [w106,0], [w107,3], [w106,9], [w106,2], [w105,6]] (solid_wave_vertices: 10) solid=[[105,5], [105,7], [105,3], [105,8], [105,1], [105,9], [105,2], [105,6], [105,4], [105,0]] merged=[[109,9]]
Round 110: (Vertex0)[[109,5], [109,0], [109,7], [109,8]] (solid_wave_vertices: 4) solid=[[109,0], [109,5], [109,7], [109,8]] merged=[[109,8], [109,7], [109,5], [109,0]] --- (Vertex1)[[109,7], [109,8], [109,4], [109,3]] (solid_wave_vertices: 4) solid=[[109,4], [109,8], [109,7], [109,3]] merged=[[109,3], [109,8], [109,7], [109,4]] --- (Vertex2)[[109,5], [109,2], [109,9], [109,4], [109,3]] (solid_wave_vertices: 5) solid=[[109,9], [109,2], [109,4], [109,5], [109,3]] merged=[[109,4], [109,3], [109,9], [109,5], [109,2]] --- (Vertex3)[[109,5], [109,2], [109,9], [109,4], [109,3]] (solid_wave_vertices: 5) solid=[[109,4], [109,9], [109,2], [109,3], [109,5]] merged=[[109,2], [109,5], [109,9], [109,4], [109,3]] --- (Vertex4)[[109,5], [109,2], [109,9], [109,4], [109,3]] (solid_wave_vertices: 5) solid=[[109,5], [109,4], [109,2], [109,3], [109,9]] merged=[[109,9], [109,3], [109,4], [109,2], [109,5]] --- (Vertex5)[[109,5], [109,2], [109,9], [109,4], [109,3]] (solid_wave_vertices: 5) solid=[[109,9], [109,4], [109,3], [109,2], [109,5]] merged=[[109,9], [109,3], [109,2], [109,4], [109,5]] --- (Vertex6)[[109,5], [109,2], [109,9], [109,4], [109,3]] (solid_wave_vertices: 5) solid=[[109,2], [109,9], [109,3], [109,4], [109,5]] merged=[[109,4], [109,2], [109,3], [109,5], [109,9]] --- (Vertex7)[[109,0], [109,7], [109,9], [109,8]] (solid_wave_vertices: 4) solid=[[109,0], [109,9], [109,7], [109,8]] merged=[[109,0], [109,8], [109,7], [109,9]] --- (Vertex8)[[109,5], [109,0], [109,7], [109,8]] (solid_wave_vertices: 4) solid=[[109,5], [109,8], [109,0], [109,7]] merged=[[109,0], [109,8], [109,7], [109,5]] --- (Vertex9)[[109,5], [109,2], [109,9], [109,4], [109,3]] (solid_wave_vertices: 5) solid=[[109,5], [109,3], [109,4], [109,9], [109,2]] merged=[[109,4], [109,5], [109,3], [109,9], [109,2]]
Round 111: (Vertex0)[[110,7], [110,5], [w109,5], [w109,0], [w109,2], [w109,6], [w109,7], [w109,9], [w109,8], [110,8], [w109,4], [w109,3]] weak=[[w109,5], [w109,0], [w109,2], [w109,6], [w109,7], [w109,9], [w109,8], [w109,4], [w109,3]] (solid_wave_vertices: 9) solid=[[109,9], [109,4], [109,0], [109,2], [109,3], [109,8], [109,6], [109,7], [109,5]] merged=[[109,9], [109,6], [109,5], [109,4], [109,7], [109,0], [109,8], [109,2], [109,3]] --- (Vertex1)[[110,7], [110,3], [110,5], [w109,5], [w109,0], [w109,2], [w109,6], [110,9], [w109,1], [w109,7], [w109,9], [w109,8], [110,8], [w109,4], [w109,3]] weak=[[w109,5], [w109,0], [w109,2], [w109,6], [w109,1], [w109,7], [w109,9], [w109,8], [w109,4], [w109,3]] (solid_wave_vertices: 10) solid=[[109,2], [109,4], [109,6], [109,7], [109,5], [109,9], [109,1], [109,8], [109,3], [109,0]] merged=[[109,2], [109,0], [109,7], [109,1], [109,8], [109,9], [109,3], [109,6], [109,5], [109,4]] --- (Vertex2)[[110,2], [110,6], [110,3], [110,5], [w109,5], [w109,0], [w109,2], [w109,6], [110,9], [w109,7], [w109,9], [w109,8], [w109,4], [w109,3]] weak=[[w109,5], [w109,0], [w109,2], [w109,6], [w109,7], [w109,9], [w109,8], [w109,4], [w109,3]] (solid_wave_vertices: 9) solid=[[109,3], [109,2], [109,0], [109,5], [109,4], [109,8], [109,7], [109,9], [109,6]] merged=[[109,7], [109,4], [109,8], [109,0], [109,9], [109,3], [109,2], [109,6], [109,5]] --- (Vertex3)[[110,2], [110,6], [110,3], [110,5], [w109,5], [w109,0], [w109,2], [w109,6], [110,9], [w109,7], [w109,9], [w109,8], [w109,4], [w109,3]] weak=[[w109,5], [w109,0], [w109,2], [w109,6], [w109,7], [w109,9], [w109,8], [w109,4], [w109,3]] (solid_wave_vertices: 9) solid=[[109,4], [109,0], [109,7], [109,9], [109,8], [109,3], [109,5], [109,6], [109,2]] merged=[[109,9], [109,2], [109,8], [109,5], [109,0], [109,6], [109,3], [109,7], [109,4]] --- (Vertex4)[[110,2], [110,6], [110,3], [110,5], [w109,5], [w109,0], [w109,2], [w109,6], [110,9], [w109,7], [w109,9], [w109,8], [w109,4], [w109,3]] weak=[[w109,5], [w109,0], [w109,2], [w109,6], [w109,7], [w109,9], [w109,8], [w109,4], [w109,3]] (solid_wave_vertices: 9) solid=[[109,3], [109,2], [109,5], [109,8], [109,0], [109,9], [109,7], [109,4], [109,6]] merged=[[109,0], [109,5], [109,8], [109,4], [109,7], [109,3], [109,6], [109,2], [109,9]] --- (Vertex5)[[110,2], [110,6], [110,3], [110,5], [w109,5], [w109,0], [w109,2], [w109,6], [110,9], [w109,7], [w109,9], [w109,8], [w109,4], [w109,3]] weak=[[w109,5], [w109,0], [w109,2], [w109,6], [w109,7], [w109,9], [w109,8], [w109,4], [w109,3]] (solid_wave_vertices: 9) solid=[[109,9], [109,7], [109,2], [109,8], [109,5], [109,0], [109,4], [109,3], [109,6]] merged=[[109,4], [109,2], [109,0], [109,7], [109,8], [109,6], [109,9], [109,3], [109,5]] --- (Vertex6)[[110,2], [110,6], [110,3], [110,5], [w109,5], [w109,0], [w109,2], [w109,6], [110,9], [w109,7], [w109,9], [w109,8], [w109,4], [w109,3]] weak=[[w109,5], [w109,0], [w109,2], [w109,6], [w109,7], [w109,9], [w109,8], [w109,4], [w109,3]] (solid_wave_vertices: 9) solid=[[109,2], [109,9], [109,7], [109,5], [109,4], [109,0], [109,6], [109,3], [109,8]] merged=[[109,6], [109,9], [109,3], [109,8], [109,0], [109,2], [109,5], [109,4], [109,7]] --- (Vertex7)[[110,7], [110,6], [110,5], [w109,5], [w109,0], [w109,2], [w109,6], [w109,7], [w109,9], [w109,8], [110,8], [w109,4], [w109,3]] weak=[[w109,5], [w109,0], [w109,2], [w109,6], [w109,7], [w109,9], [w109,8], [w109,4], [w109,3]] (solid_wave_vertices: 9) solid=[[109,3], [109,4], [109,2], [109,5], [109,9], [109,7], [109,0], [109,6], [109,8]] merged=[[109,0], [109,6], [109,5], [109,9], [109,8], [109,4], [109,3], [109,7], [109,2]] --- (Vertex8)[[110,7], [110,5], [w109,5], [w109,0], [w109,2], [w109,6], [w109,7], [w109,9], [w109,8], [110,8], [w109,4], [w109,3]] weak=[[w109,5], [w109,0], [w109,2], [w109,6], [w109,7], [w109,9], [w109,8], [w109,4], [w109,3]] (solid_wave_vertices: 9) solid=[[109,7], [109,3], [109,0], [109,5], [109,8], [109,4], [109,2], [109,9], [109,6]] merged=[[109,3], [109,2], [109,9], [109,7], [109,4], [109,5], [109,6], [109,0], [109,8]] --- (Vertex9)[[110,2], [110,6], [110,3], [110,5], [w109,5], [w109,0], [w109,2], [w109,6], [110,9], [w109,7], [w109,9], [w109,8], [w109,4], [w109,3]] weak=[[w109,5], [w109,0], [w109,2], [w109,6], [w109,7], [w109,9], [w109,8], [w109,4], [w109,3]] (solid_wave_vertices: 9) solid=[[109,4], [109,7], [109,9], [109,8], [109,5], [109,6], [109,3], [109,2], [109,0]] merged=[[109,7], [109,2], [109,9], [109,3], [109,6], [109,4], [109,0], [109,8], [109,5]]
Round 112: (Vertex0)[[111,7], [w110,2], [w110,4], [w110,7], [w110,6], [w110,3], [111,0], [w110,5], [w109,5], [w109,0], [w109,2], [111,8], [w109,6], [111,5], [w110,0], [w110,9], [w109,1], [w109,7], [w109,9], [w109,8], [w110,8], [w109,4], [w109,3]] weak=[[w110,2], [w110,4], [w110,7], [w110,6], [w110,3], [w110,5], [w109,5], [w109,0], [w109,2], [w109,6], [w110,0], [w110,9], [w109,1], [w109,7], [w109,9], [w109,8], [w110,8], [w109,4], [w109,3]] (solid_wave_vertices: 10) solid=[[109,5], [109,4], [109,2], [109,3], [109,0], [109,7], [109,6], [109,9], [109,1], [109,8]] merged=[[109,5], [109,2], [109,3], [109,7], [109,4], [109,9], [109,8], [109,6], [109,1], [109,0]] --- (Vertex1)[[111,4], [w110,2], [w110,4], [w110,7], [w110,6], [w110,1], [w110,3], [w110,5], [w109,5], [w109,0], [111,2], [w109,2], [111,3], [w109,6], [w110,0], [w110,9], [w109,1], [w109,7], [w109,9], [111,6], [w109,8], [w110,8], [w109,4], [w109,3]] weak=[[w110,2], [w110,4], [w110,7], [w110,6], [w110,1], [w110,3], [w110,5], [w109,5], [w109,0], [w109,2], [w109,6], [w110,0], [w110,9], [w109,1], [w109,7], [w109,9], [w109,8], [w110,8], [w109,4], [w109,3]] (solid_wave_vertices: 10) solid=[[109,0], [109,4], [109,1], [109,8], [109,3], [109,6], [109,2], [109,5], [109,7], [109,9]] merged=[[109,6], [109,8], [109,7], [109,2], [109,3], [109,5], [109,1], [109,4], [109,9], [109,0]] --- (Vertex2)[[111,4], [w110,2], [w110,4], [w110,7], [w110,6], [w110,3], [w110,5], [w109,5], [w109,0], [111,2], [w109,2], [111,3], [w109,6], [111,5], [w110,0], [w110,9], [w109,7], [w109,9], [w109,8], [w110,8], [w109,4], [w109,3]] weak=[[w110,2], [w110,4], [w110,7], [w110,6], [w110,3], [w110,5], [w109,5], [w109,0], [w109,2], [w109,6], [w110,0], [w110,9], [w109,7], [w109,9], [w109,8], [w110,8], [w109,4], [w109,3]] (solid_wave_vertices: 9) solid=[[109,9], [109,8], [109,7], [109,5], [109,6], [109,2], [109,4], [109,0], [109,3]] merged=[[109,6], [109,8], [109,0], [109,2], [109,3], [109,4], [109,7], [109,9], [109,5]] --- (Vertex3)[[111,4], [w110,2], [w110,4], [w110,7], [w110,6], [w110,3], [w110,5], [w109,5], [w109,0], [111,2], [w109,2], [111,3], [w109,6], [111,5], [w110,0], [w110,9], [w109,7], [w109,9], [w109,8], [w110,8], [w109,4], [w109,3]] weak=[[w110,2], [w110,4], [w110,7], [w110,6], [w110,3], [w110,5], [w109,5], [w109,0], [w109,2], [w109,6], [w110,0], [w110,9], [w109,7], [w109,9], [w109,8], [w110,8], [w109,4], [w109,3]] (solid_wave_vertices: 9) solid=[[109,0], [109,9], [109,7], [109,5], [109,4], [109,2], [109,6], [109,8], [109,3]] merged=[[109,7], [109,5], [109,0], [109,2], [109,4], [109,6], [109,9], [109,8], [109,3]] --- (Vertex4)[[111,4], [w110,2], [w110,4], [w110,7], [w110,6], [w110,3], [w110,5], [w109,5], [w109,0], [111,2], [w109,2], [111,3], [w109,6], [111,5], [w110,0], [w110,9], [w109,7], [w109,9], [w109,8], [w110,8], [w109,4], [w109,3]] weak=[[w110,2], [w110,4], [w110,7], [w110,6], [w110,3], [w110,5], [w109,5], [w109,0], [w109,2], [w109,6], [w110,0], [w110,9], [w109,7], [w109,9], [w109,8], [w110,8], [w109,4], [w109,3]] (solid_wave_vertices: 9) solid=[[109,2], [109,3], [109,8], [109,6], [109,0], [109,9], [109,7], [109,4], [109,5]] merged=[[109,4], [109,0], [109,6], [109,2], [109,7], [109,3], [109,8], [109,9], [109,5]] --- (Vertex5)[[111,4], [w110,2], [w110,4], [w110,7], [w110,6], [w110,3], [w110,5], [w109,5], [w109,0], [111,2], [w109,2], [111,3], [w109,6], [111,5], [w110,0], [w110,9], [w109,7], [w109,9], [w109,8], [w110,8], [w109,4], [w109,3]] weak=[[w110,2], [w110,4], [w110,7], [w110,6], [w110,3], [w110,5], [w109,5], [w109,0], [w109,2], [w109,6], [w110,0], [w110,9], [w109,7], [w109,9], [w109,8], [w110,8], [w109,4], [w109,3]] (solid_wave_vertices: 9) solid=[[109,9], [109,4], [109,8], [109,7], [109,3], [109,2], [109,5], [109,0], [109,6]] merged=[[109,7], [109,4], [109,2], [109,8], [109,6], [109,9], [109,3], [109,0], [109,5]] --- (Vertex6)[[111,4], [w110,2], [w110,4], [w110,7], [w110,6], [w110,3], [w110,5], [w109,5], [w109,0], [111,2], [w109,2], [w109,6], [111,5], [w110,0], [w110,9], [w109,7], [w109,9], [111,6], [w109,8], [w110,8], [w109,4], [w109,3]] weak=[[w110,2], [w110,4], [w110,7], [w110,6], [w110,3], [w110,5], [w109,5], [w109,0], [w109,2], [w109,6], [w110,0], [w110,9], [w109,7], [w109,9], [w109,8], [w110,8], [w109,4], [w109,3]] (solid_wave_vertices: 9) solid=[[109,9], [109,2], [109,5], [109,8], [109,7], [109,0], [109,4], [109,3], [109,6]] merged=[[109,5], [109,7], [109,6], [109,8], [109,2], [109,9], [109,4], [109,0], [109,3]] --- (Vertex7)[[111,7], [111,4], [w110,2], [w110,4], [w110,7], [w110,6], [w110,3], [111,0], [w110,5], [w109,5], [w109,0], [w109,2], [111,8], [w109,6], [w110,0], [w110,9], [w109,1], [w109,7], [w109,9], [w109,8], [w110,8], [w109,4], [w109,3]] weak=[[w110,2], [w110,4], [w110,7], [w110,6], [w110,3], [w110,5], [w109,5], [w109,0], [w109,2], [w109,6], [w110,0], [w110,9], [w109,1], [w109,7], [w109,9], [w109,8], [w110,8], [w109,4], [w109,3]] (solid_wave_vertices: 10) solid=[[109,7], [109,0], [109,1], [109,9], [109,2], [109,5], [109,8], [109,6], [109,4], [109,3]] merged=[[109,0], [109,4], [109,8], [109,9], [109,6], [109,1], [109,3], [109,5], [109,7], [109,2]] --- (Vertex8)[[111,7], [111,4], [w110,2], [w110,4], [w110,7], [w110,6], [w110,3], [111,0], [w110,5], [w109,5], [w109,0], [w109,2], [111,8], [w109,6], [w110,0], [w110,9], [w109,1], [w109,7], [w109,9], [w109,8], [w110,8], [w109,4], [w109,3]] weak=[[w110,2], [w110,4], [w110,7], [w110,6], [w110,3], [w110,5], [w109,5], [w109,0], [w109,2], [w109,6], [w110,0], [w110,9], [w109,1], [w109,7], [w109,9], [w109,8], [w110,8], [w109,4], [w109,3]] (solid_wave_vertices: 10) solid=[[109,3], [109,8], [109,2], [109,6], [109,7], [109,9], [109,4], [109,1], [109,0], [109,5]] merged=[[109,2], [109,8], [109,0], [109,4], [109,6], [109,3], [109,9], [109,1], [109,5], [109,7]] --- (Vertex9)[[111,4], [w110,2], [w110,4], [w110,7], [w110,6], [w110,3], [w110,5], [w109,5], [w109,0], [111,2], [w109,2], [111,3], [w109,6], [111,5], [w110,0], [w110,9], [w109,7], [w109,9], [w109,8], [w110,8], [w109,4], [w109,3]] weak=[[w110,2], [w110,4], [w110,7], [w110,6], [w110,3], [w110,5], [w109,5], [w109,0], [w109,2], [w109,6], [w110,0], [w110,9], [w109,7], [w109,9], [w109,8], [w110,8], [w109,4], [w109,3]] (solid_wave_vertices: 9) solid=[[109,7], [109,8], [109,6], [109,5], [109,0], [109,9], [109,2], [109,4], [109,3]] merged=[[109,3], [109,7], [109,6], [109,9], [109,5], [109,4], [109,8], [109,2], [109,0]]
Round 113: (Vertex0)[[112,8], [w111,7], [w111,4], [w111,9], [w110,2], [w110,4], [w110,7], [w110,6], [w110,1], [112,7], [w110,3], [w111,0], [w110,5], [w109,5], [w109,0], [w111,2], [w109,2], [w111,3], [w111,8], [w109,6], [w111,5], [w110,0], [w110,9], [w109,1], [w109,7], [w109,9], [w111,6], [w109,8], [w110,8], [w109,4], [w109,3]] weak=[[w111,7], [w111,4], [w111,9], [w110,2], [w110,4], [w110,7], [w110,6], [w110,1], [w110,3], [w111,0], [w110,5], [w109,5], [w109,0], [w111,2], [w109,2], [w111,3], [w111,8], [w109,6], [w111,5], [w110,0], [w110,9], [w109,1], [w109,7], [w109,9], [w111,6], [w109,8], [w110,8], [w109,4], [w109,3]] (solid_wave_vertices: 10) solid=[[109,5], [109,6], [109,7], [109,2], [109,4], [109,0], [109,9], [109,1], [109,8], [109,3]] merged=[[113,0]] --- (Vertex1)[[w111,7], [w111,4], [w111,9], [w110,2], [112,4], [w110,4], [w110,7], [w110,6], [w111,1], [w110,1], [112,7], [w110,3], [w111,0], [w110,5], [w109,5], [w109,0], [w111,2], [w109,2], [w111,3], [w111,8], [w109,6], [w111,5], [w110,0], [w110,9], [w109,1], [w109,7], [w109,9], [w111,6], [112,9], [w109,8], [w110,8], [w109,4], [w109,3]] weak=[[w111,7], [w111,4], [w111,9], [w110,2], [w110,4], [w110,7], [w110,6], [w111,1], [w110,1], [w110,3], [w111,0], [w110,5], [w109,5], [w109,0], [w111,2], [w109,2], [w111,3], [w111,8], [w109,6], [w111,5], [w110,0], [w110,9], [w109,1], [w109,7], [w109,9], [w111,6], [w109,8], [w110,8], [w109,4], [w109,3]] (solid_wave_vertices: 10) solid=[[109,3], [109,2], [109,9], [109,7], [109,8], [109,6], [109,0], [109,1], [109,5], [109,4]] merged=[[113,1]] --- (Vertex2)[[w111,7], [w111,4], [w111,9], [w110,2], [112,4], [w110,4], [w110,7], [w110,6], [w110,3], [w111,0], [w110,5], [w109,5], [w109,0], [112,2], [w111,2], [w109,2], [w111,3], [w111,8], [w109,6], [w111,5], [w110,0], [w110,9], [w109,1], [w109,7], [w109,9], [w111,6], [112,9], [w109,8], [112,5], [w110,8], [w109,4], [w109,3]] weak=[[w111,7], [w111,4], [w111,9], [w110,2], [w110,4], [w110,7], [w110,6], [w110,3], [w111,0], [w110,5], [w109,5], [w109,0], [w111,2], [w109,2], [w111,3], [w111,8], [w109,6], [w111,5], [w110,0], [w110,9], [w109,1], [w109,7], [w109,9], [w111,6], [w109,8], [w110,8], [w109,4], [w109,3]] (solid_wave_vertices: 10) solid=[[109,4], [109,3], [109,5], [109,0], [109,1], [109,6], [109,8], [109,7], [109,2], [109,9]] merged=[[113,2]] --- (Vertex3)[[w111,7], [w111,4], [w111,9], [w110,2], [112,4], [w110,4], [w110,7], [w110,6], [w110,3], [w111,0], [w110,5], [w109,5], [w109,0], [w111,2], [w109,2], [w111,3], [w111,8], [w109,6], [w111,5], [w110,0], [w110,9], [w109,1], [w109,7], [w109,9], [w111,6], [112,9], [w109,8], [112,5], [w110,8], [w109,4], [w109,3]] weak=[[w111,7], [w111,4], [w111,9], [w110,2], [w110,4], [w110,7], [w110,6], [w110,3], [w111,0], [w110,5], [w109,5], [w109,0], [w111,2], [w109,2], [w111,3], [w111,8], [w109,6], [w111,5], [w110,0], [w110,9], [w109,1], [w109,7], [w109,9], [w111,6], [w109,8], [w110,8], [w109,4], [w109,3]] (solid_wave_vertices: 10) solid=[[109,5], [109,6], [109,0], [109,3], [109,2], [109,4], [109,1], [109,9], [109,8], [109,7]] merged=[[113,3]] --- (Vertex4)[[w111,7], [w111,4], [w111,9], [w110,2], [112,4], [w110,4], [w110,7], [w110,6], [w110,3], [w111,0], [w110,5], [w109,5], [w109,0], [w111,2], [w109,2], [w111,3], [w111,8], [w109,6], [w111,5], [w110,0], [w110,9], [w109,1], [w109,7], [w109,9], [w111,6], [112,9], [w109,8], [112,5], [w110,8], [w109,4], [w109,3]] weak=[[w111,7], [w111,4], [w111,9], [w110,2], [w110,4], [w110,7], [w110,6], [w110,3], [w111,0], [w110,5], [w109,5], [w109,0], [w111,2], [w109,2], [w111,3], [w111,8], [w109,6], [w111,5], [w110,0], [w110,9], [w109,1], [w109,7], [w109,9], [w111,6], [w109,8], [w110,8], [w109,4], [w109,3]] (solid_wave_vertices: 10) solid=[[109,9], [109,4], [109,6], [109,2], [109,3], [109,7], [109,1], [109,8], [109,0], [109,5]] merged=[[113,4]] --- (Vertex5)[[w111,7], [w111,4], [w111,9], [w110,2], [112,4], [w110,4], [w110,7], [w110,6], [w110,3], [w111,0], [w110,5], [w109,5], [w109,0], [112,2], [w111,2], [w109,2], [w111,3], [w111,8], [w109,6], [w111,5], [w110,0], [w110,9], [w109,1], [w109,7], [w109,9], [w111,6], [112,9], [w109,8], [112,5], [w110,8], [w109,4], [w109,3]] weak=[[w111,7], [w111,4], [w111,9], [w110,2], [w110,4], [w110,7], [w110,6], [w110,3], [w111,0], [w110,5], [w109,5], [w109,0], [w111,2], [w109,2], [w111,3], [w111,8], [w109,6], [w111,5], [w110,0], [w110,9], [w109,1], [w109,7], [w109,9], [w111,6], [w109,8], [w110,8], [w109,4], [w109,3]] (solid_wave_vertices: 10) solid=[[109,8], [109,0], [109,5], [109,6], [109,7], [109,1], [109,9], [109,4], [109,2], [109,3]] merged=[[113,5]] --- (Vertex6)[[w111,7], [w111,4], [w111,9], [w110,2], [112,4], [w110,4], [w110,7], [w110,6], [w110,3], [w111,0], [w110,5], [w109,5], [w109,0], [w111,2], [w109,2], [w111,3], [w111,8], [w109,6], [w111,5], [w110,0], [w110,9], [w109,1], [w109,7], [w109,9], [w111,6], [112,9], [w109,8], [112,5], [w110,8], [w109,4], [w109,3]] weak=[[w111,7], [w111,4], [w111,9], [w110,2], [w110,4], [w110,7], [w110,6], [w110,3], [w111,0], [w110,5], [w109,5], [w109,0], [w111,2], [w109,2], [w111,3], [w111,8], [w109,6], [w111,5], [w110,0], [w110,9], [w109,1], [w109,7], [w109,9], [w111,6], [w109,8], [w110,8], [w109,4], [w109,3]] (solid_wave_vertices: 10) solid=[[109,3], [109,6], [109,5], [109,9], [109,1], [109,0], [109,7], [109,4], [109,8], [109,2]] merged=[[113,6]] --- (Vertex7)[[112,8], [w111,7], [w111,4], [w111,9], [w110,2], [w110,4], [w110,7], [w110,6], [w110,1], [112,7], [w110,3], [w111,0], [w110,5], [w109,5], [w109,0], [w111,2], [w109,2], [w111,3], [w111,8], [w109,6], [w111,5], [w110,0], [w110,9], [w109,1], [w109,7], [w109,9], [w111,6], [112,9], [w109,8], [w110,8], [w109,4], [w109,3]] weak=[[w111,7], [w111,4], [w111,9], [w110,2], [w110,4], [w110,7], [w110,6], [w110,1], [w110,3], [w111,0], [w110,5], [w109,5], [w109,0], [w111,2], [w109,2], [w111,3], [w111,8], [w109,6], [w111,5], [w110,0], [w110,9], [w109,1], [w109,7], [w109,9], [w111,6], [w109,8], [w110,8], [w109,4], [w109,3]] (solid_wave_vertices: 10) solid=[[109,4], [109,7], [109,6], [109,0], [109,8], [109,1], [109,9], [109,5], [109,2], [109,3]] merged=[[113,7]] --- (Vertex8)[[112,8], [w111,7], [w111,4], [w111,9], [w110,2], [w110,4], [w110,7], [w110,6], [w110,1], [112,7], [w110,3], [w111,0], [w110,5], [w109,5], [w109,0], [w111,2], [w109,2], [w111,3], [w111,8], [w109,6], [w111,5], [w110,0], [w110,9], [w109,1], [w109,7], [w109,9], [w111,6], [112,9], [w109,8], [w110,8], [w109,4], [w109,3]] weak=[[w111,7], [w111,4], [w111,9], [w110,2], [w110,4], [w110,7], [w110,6], [w110,1], [w110,3], [w111,0], [w110,5], [w109,5], [w109,0], [w111,2], [w109,2], [w111,3], [w111,8], [w109,6], [w111,5], [w110,0], [w110,9], [w109,1], [w109,7], [w109,9], [w111,6], [w109,8], [w110,8], [w109,4], [w109,3]] (solid_wave_vertices: 10) solid=[[109,2], [109,4], [109,1], [109,6], [109,7], [109,0], [109,9], [109,5], [109,3], [109,8]] merged=[[113,8]] --- (Vertex9)[[w111,7], [w111,4], [w111,9], [w110,2], [112,4], [w110,4], [w110,7], [w110,6], [w110,3], [w111,0], [w110,5], [w109,5], [w109,0], [w111,2], [w109,2], [w111,3], [w111,8], [w109,6], [w111,5], [w110,0], [w110,9], [w109,1], [w109,7], [w109,9], [w111,6], [112,9], [w109,8], [112,5], [w110,8], [w109,4], [w109,3]] weak=[[w111,7], [w111,4], [w111,9], [w110,2], [w110,4], [w110,7], [w110,6], [w110,3], [w111,0], [w110,5], [w109,5], [w109,0], [w111,2], [w109,2], [w111,3], [w111,8], [w109,6], [w111,5], [w110,0], [w110,9], [w109,1], [w109,7], [w109,9], [w111,6], [w109,8], [w110,8], [w109,4], [w109,3]] (solid_wave_vertices: 10) solid=[[109,2], [109,5], [109,4], [109,3], [109,6], [109,1], [109,7], [109,0], [109,9], [109,8]] merged=[[113,9]]
Round 114: (Vertex0)[[113,0], [113,6], [113,8], [113,7]] (solid_wave_vertices: 4) solid=[[113,6], [113,7], [113,8], [113,0]] merged=[[113,6], [113,7], [113,8], [113,0]] --- (Vertex1)[[113,6], [113,8], [113,4], [113,3]] (solid_wave_vertices: 4) solid=[[113,4], [113,6], [113,8], [113,3]] merged=[[113,8], [113,6], [113,3], [113,4]] --- (Vertex2)[[113,6], [113,4], [113,3], [113,2]] (solid_wave_vertices: 4) solid=[[113,4], [113,2], [113,6], [113,3]] merged=[[113,2], [113,4], [113,3], [113,6]] --- (Vertex3)[[113,6], [113,4], [113,3], [113,2]] (solid_wave_vertices: 4) solid=[[113,3], [113,4], [113,2], [113,6]] merged=[[113,6], [113,4], [113,2], [113,3]] --- (Vertex4)[[113,6], [113,4], [113,3], [113,2]] (solid_wave_vertices: 4) solid=[[113,6], [113,2], [113,3], [113,4]] merged=[[113,3], [113,6], [113,2], [113,4]] --- (Vertex5)[[113,6], [113,4], [113,3], [113,2]] (solid_wave_vertices: 4) solid=[[113,2], [113,3], [113,6], [113,4]] merged=[[113,4], [113,6], [113,3], [113,2]] --- (Vertex6)[[113,6], [113,4], [113,3], [113,2]] (solid_wave_vertices: 4) solid=[[113,6], [113,2], [113,4], [113,3]] merged=[[113,4], [113,2], [113,3], [113,6]] --- (Vertex7)[[113,6], [113,8], [113,7], [113,3]] (solid_wave_vertices: 4) solid=[[113,3], [113,8], [113,7], [113,6]] merged=[[113,7], [113,6], [113,3], [113,8]] --- (Vertex8)[[113,6], [113,8], [113,7], [113,3]] (solid_wave_vertices: 4) solid=[[113,6], [113,3], [113,7], [113,8]] merged=[[113,3], [113,6], [113,8], [113,7]] --- (Vertex9)[[113,6], [113,4], [113,3], [113,2]] (solid_wave_vertices: 4) solid=[[113,3], [113,4], [113,2], [113,6]] merged=[[113,3], [113,2], [113,4], [113,6]]
Round 115: (Vertex0)[[w113,0], [114,5], [w113,6], [w113,9], [w113,8], [w113,5], [w113,7], [114,8], [w113,4], [w113,3], [w113,2]] weak=[[w113,0], [w113,6], [w113,9], [w113,8], [w113,5], [w113,7], [w113,4], [w113,3], [w113,2]] (solid_wave_vertices: 9) solid=[[113,3], [113,9], [113,4], [113,7], [113,2], [113,0], [113,5], [113,8], [113,6]] merged=[[113,2], [113,0], [113,7], [113,4], [113,9], [113,5], [113,8], [113,3], [113,6]] --- (Vertex1)[[w113,1], [w113,0], [114,5], [w113,6], [w113,9], [w113,8], [w113,5], [w113,7], [w113,4], [114,6], [114,9], [w113,3], [w113,2]] weak=[[w113,1], [w113,0], [w113,6], [w113,9], [w113,8], [w113,5], [w113,7], [w113,4], [w113,3], [w113,2]] (solid_wave_vertices: 10) solid=[[113,3], [113,7], [113,5], [113,9], [113,6], [113,2], [113,8], [113,0], [113,1], [113,4]] merged=[[113,3], [113,1], [113,6], [113,5], [113,9], [113,4], [113,2], [113,0], [113,7], [113,8]] --- (Vertex2)[[w113,0], [114,5], [w113,6], [w113,9], [w113,8], [w113,5], [w113,7], [w113,4], [114,9], [w113,3], [w113,2]] weak=[[w113,0], [w113,6], [w113,9], [w113,8], [w113,5], [w113,7], [w113,4], [w113,3], [w113,2]] (solid_wave_vertices: 9) solid=[[113,0], [113,8], [113,5], [113,4], [113,6], [113,3], [113,7], [113,2], [113,9]] merged=[[113,7], [113,6], [113,5], [113,2], [113,8], [113,4], [113,0], [113,9], [113,3]] --- (Vertex3)[[w113,0], [114,5], [w113,6], [w113,9], [w113,8], [w113,5], [w113,7], [w113,4], [114,9], [w113,3], [w113,2]] weak=[[w113,0], [w113,6], [w113,9], [w113,8], [w113,5], [w113,7], [w113,4], [w113,3], [w113,2]] (solid_wave_vertices: 9) solid=[[113,4], [113,2], [113,3], [113,9], [113,0], [113,5], [113,8], [113,6], [113,7]] merged=[[113,4], [113,9], [113,5], [113,8], [113,2], [113,6], [113,0], [113,3], [113,7]] --- (Vertex4)[[w113,0], [114,5], [w113,6], [w113,9], [w113,8], [w113,5], [w113,7], [w113,4], [114,9], [w113,3], [w113,2]] weak=[[w113,0], [w113,6], [w113,9], [w113,8], [w113,5], [w113,7], [w113,4], [w113,3], [w113,2]] (solid_wave_vertices: 9) solid=[[113,6], [113,3], [113,9], [113,0], [113,7], [113,4], [113,5], [113,2], [113,8]] merged=[[113,5], [113,2], [113,7], [113,8], [113,3], [113,9], [113,6], [113,4], [113,0]] --- (Vertex5)[[w113,0], [114,5], [w113,6], [w113,9], [w113,8], [w113,5], [w113,7], [w113,4], [114,9], [w113,3], [w113,2]] weak=[[w113,0], [w113,6], [w113,9], [w113,8], [w113,5], [w113,7], [w113,4], [w113,3], [w113,2]] (solid_wave_vertices: 9) solid=[[113,8], [113,7], [113,0], [113,6], [113,4], [113,9], [113,3], [113,2], [113,5]] merged=[[113,7], [113,3], [113,5], [113,4], [113,0], [113,2], [113,9], [113,8], [113,6]] --- (Vertex6)[[w113,0], [114,5], [w113,6], [w113,9], [w113,8], [w113,5], [w113,7], [w113,4], [114,9], [w113,3], [w113,2]] weak=[[w113,0], [w113,6], [w113,9], [w113,8], [w113,5], [w113,7], [w113,4], [w113,3], [w113,2]] (solid_wave_vertices: 9) solid=[[113,4], [113,9], [113,2], [113,7], [113,6], [113,0], [113,8], [113,3], [113,5]] merged=[[113,0], [113,7], [113,6], [113,5], [113,4], [113,8], [113,9], [113,2], [113,3]] --- (Vertex7)[[w113,0], [114,5], [w113,6], [w113,9], [w113,8], [w113,5], [w113,7], [114,8], [w113,4], [w113,3], [w113,2]] weak=[[w113,0], [w113,6], [w113,9], [w113,8], [w113,5], [w113,7], [w113,4], [w113,3], [w113,2]] (solid_wave_vertices: 9) solid=[[113,7], [113,8], [113,9], [113,5], [113,6], [113,3], [113,2], [113,4], [113,0]] merged=[[113,6], [113,8], [113,9], [113,7], [113,3], [113,4], [113,0], [113,2], [113,5]] --- (Vertex8)[[w113,0], [114,5], [w113,6], [w113,9], [w113,8], [w113,5], [w113,7], [114,8], [w113,4], [114,9], [w113,3], [w113,2]] weak=[[w113,0], [w113,6], [w113,9], [w113,8], [w113,5], [w113,7], [w113,4], [w113,3], [w113,2]] (solid_wave_vertices: 9) solid=[[113,5], [113,2], [113,0], [113,6], [113,7], [113,9], [113,4], [113,8], [113,3]] merged=[[113,3], [113,5], [113,8], [113,2], [113,9], [113,4], [113,6], [113,0], [113,7]] --- (Vertex9)[[w113,0], [114,5], [w113,6], [w113,9], [w113,8], [w113,5], [w113,7], [w113,4], [114,9], [w113,3], [w113,2]] weak=[[w113,0], [w113,6], [w113,9], [w113,8], [w113,5], [w113,7], [w113,4], [w113,3], [w113,2]] (solid_wave_vertices: 9) solid=[[113,5], [113,6], [113,0], [113,8], [113,2], [113,9], [113,7], [113,4], [113,3]] merged=[[113,9], [113,3], [113,4], [113,2], [113,0], [113,6], [113,5], [113,7], [113,8]]
Round 116: (Vertex0)[[w113,1], [115,2], [w113,0], [w114,0], [w114,5], [w113,6], [w114,4], [w113,9], [w113,8], [w114,3], [w113,5], [115,3], [w113,7], [w114,2], [w114,8], [w113,4], [w114,6], [115,8], [115,7], [w114,9], [w113,3], [w113,2], [w114,7]] weak=[[w113,1], [w113,0], [w114,0], [w114,5], [w113,6], [w114,4], [w113,9], [w113,8], [w114,3], [w113,5], [w113,7], [w114,2], [w114,8], [w113,4], [w114,6], [w114,9], [w113,3], [w113,2], [w114,7]] (solid_wave_vertices: 10) solid=[[113,2], [113,3], [113,6], [113,4], [113,8], [113,5], [113,1], [113,9], [113,0], [113,7]] merged=[[113,1], [113,0], [113,5], [113,6], [113,8], [113,2], [113,4], [113,9], [113,3], [113,7]] --- (Vertex1)[[115,5], [w114,1], [w113,1], [115,2], [w113,0], [w114,5], [w113,6], [115,6], [w114,4], [w113,9], [w113,8], [w114,3], [w113,5], [115,3], [w113,7], [w114,2], [w114,8], [w113,4], [115,4], [w114,6], [115,7], [w114,9], [w113,3], [w113,2], [w114,7]] weak=[[w114,1], [w113,1], [w113,0], [w114,5], [w113,6], [w114,4], [w113,9], [w113,8], [w114,3], [w113,5], [w113,7], [w114,2], [w114,8], [w113,4], [w114,6], [w114,9], [w113,3], [w113,2], [w114,7]] (solid_wave_vertices: 10) solid=[[113,6], [113,0], [113,1], [113,4], [113,9], [113,5], [113,8], [113,3], [113,7], [113,2]] merged=[[113,3], [113,2], [113,0], [113,8], [113,7], [113,1], [113,9], [113,6], [113,4], [113,5]] --- (Vertex2)[[115,5], [115,2], [w113,0], [w114,5], [w113,6], [115,6], [w114,4], [w113,9], [w113,8], [w114,3], [w113,5], [115,3], [w113,7], [w114,2], [w114,8], [w113,4], [115,4], [w114,6], [w114,9], [w113,3], [w113,2], [w114,7]] weak=[[w113,0], [w114,5], [w113,6], [w114,4], [w113,9], [w113,8], [w114,3], [w113,5], [w113,7], [w114,2], [w114,8], [w113,4], [w114,6], [w114,9], [w113,3], [w113,2], [w114,7]] (solid_wave_vertices: 9) solid=[[113,0], [113,3], [113,4], [113,7], [113,2], [113,9], [113,8], [113,5], [113,6]] merged=[[113,2], [113,6], [113,4], [113,0], [113,9], [113,5], [113,8], [113,7], [113,3]] --- (Vertex3)[[115,5], [115,2], [w113,0], [w114,5], [w113,6], [115,6], [w114,4], [w113,9], [w113,8], [w114,3], [w113,5], [115,3], [w113,7], [w114,2], [w114,8], [w113,4], [115,4], [w114,6], [w114,9], [w113,3], [w113,2]] weak=[[w113,0], [w114,5], [w113,6], [w114,4], [w113,9], [w113,8], [w114,3], [w113,5], [w113,7], [w114,2], [w114,8], [w113,4], [w114,6], [w114,9], [w113,3], [w113,2]] (solid_wave_vertices: 9) solid=[[113,9], [113,7], [113,0], [113,8], [113,2], [113,6], [113,5], [113,3], [113,4]] merged=[[113,5], [113,2], [113,3], [113,9], [113,6], [113,7], [113,4], [113,0], [113,8]] --- (Vertex4)[[115,5], [115,2], [w113,0], [w114,5], [w113,6], [115,6], [w114,4], [w113,9], [w113,8], [w114,3], [w113,5], [115,3], [w113,7], [w114,2], [w114,8], [w113,4], [115,4], [w114,6], [w114,9], [w113,3], [w113,2]] weak=[[w113,0], [w114,5], [w113,6], [w114,4], [w113,9], [w113,8], [w114,3], [w113,5], [w113,7], [w114,2], [w114,8], [w113,4], [w114,6], [w114,9], [w113,3], [w113,2]] (solid_wave_vertices: 9) solid=[[113,8], [113,6], [113,3], [113,0], [113,5], [113,2], [113,9], [113,4], [113,7]] merged=[[113,6], [113,8], [113,5], [113,4], [113,9], [113,3], [113,0], [113,7], [113,2]] --- (Vertex5)[[115,5], [115,2], [w113,0], [w114,5], [w113,6], [115,6], [w114,4], [w113,9], [w113,8], [w114,3], [w113,5], [115,3], [w113,7], [w114,2], [w114,8], [w113,4], [115,4], [w114,6], [w114,9], [w113,3], [w113,2]] weak=[[w113,0], [w114,5], [w113,6], [w114,4], [w113,9], [w113,8], [w114,3], [w113,5], [w113,7], [w114,2], [w114,8], [w113,4], [w114,6], [w114,9], [w113,3], [w113,2]] (solid_wave_vertices: 9) solid=[[113,8], [113,2], [113,0], [113,9], [113,7], [113,4], [113,6], [113,3], [113,5]] merged=[[113,7], [113,8], [113,5], [113,6], [113,0], [113,3], [113,4], [113,9], [113,2]] --- (Vertex6)[[115,5], [115,2], [w113,0], [w114,5], [w113,6], [115,6], [w114,4], [w113,9], [w113,8], [w114,3], [w113,5], [115,3], [w113,7], [w114,2], [w114,8], [w113,4], [115,4], [w114,6], [w114,9], [w113,3], [w113,2]] weak=[[w113,0], [w114,5], [w113,6], [w114,4], [w113,9], [w113,8], [w114,3], [w113,5], [w113,7], [w114,2], [w114,8], [w113,4], [w114,6], [w114,9], [w113,3], [w113,2]] (solid_wave_vertices: 9) solid=[[113,4], [113,2], [113,0], [113,8], [113,6], [113,9], [113,3], [113,7], [113,5]] merged=[[113,0], [113,6], [113,8], [113,4], [113,7], [113,9], [113,2], [113,3], [113,5]] --- (Vertex7)[[115,5], [w113,1], [115,2], [w113,0], [w114,0], [w114,5], [w113,6], [w114,4], [w113,9], [w113,8], [w114,3], [w113,5], [w113,7], [w114,2], [w114,8], [w113,4], [w114,6], [115,8], [115,7], [w114,9], [w113,3], [w113,2], [w114,7]] weak=[[w113,1], [w113,0], [w114,0], [w114,5], [w113,6], [w114,4], [w113,9], [w113,8], [w114,3], [w113,5], [w113,7], [w114,2], [w114,8], [w113,4], [w114,6], [w114,9], [w113,3], [w113,2], [w114,7]] (solid_wave_vertices: 10) solid=[[113,2], [113,9], [113,8], [113,0], [113,5], [113,6], [113,3], [113,4], [113,1], [113,7]] merged=[[113,1], [113,9], [113,3], [113,0], [113,8], [113,2], [113,5], [113,7], [113,4], [113,6]] --- (Vertex8)[[115,5], [w113,1], [w113,0], [w114,0], [w114,5], [w113,6], [w114,4], [w113,9], [w113,8], [w114,3], [w113,5], [115,3], [w113,7], [w114,2], [w114,8], [w113,4], [115,4], [w114,6], [115,7], [w114,9], [w113,3], [w113,2], [w114,7]] weak=[[w113,1], [w113,0], [w114,0], [w114,5], [w113,6], [w114,4], [w113,9], [w113,8], [w114,3], [w113,5], [w113,7], [w114,2], [w114,8], [w113,4], [w114,6], [w114,9], [w113,3], [w113,2], [w114,7]] (solid_wave_vertices: 10) solid=[[113,4], [113,2], [113,7], [113,5], [113,0], [113,9], [113,3], [113,1], [113,6], [113,8]] merged=[[113,9], [113,3], [113,5], [113,4], [113,6], [113,0], [113,2], [113,1], [113,8], [113,7]] --- (Vertex9)[[115,5], [115,2], [w113,0], [w114,5], [w113,6], [115,6], [w114,4], [w113,9], [w113,8], [w114,3], [w113,5], [115,3], [w113,7], [w114,2], [w114,8], [w113,4], [115,4], [w114,6], [w114,9], [w113,3], [w113,2], [w114,7]] weak=[[w113,0], [w114,5], [w113,6], [w114,4], [w113,9], [w113,8], [w114,3], [w113,5], [w113,7], [w114,2], [w114,8], [w113,4], [w114,6], [w114,9], [w113,3], [w113,2], [w114,7]] (solid_wave_vertices: 9) solid=[[113,4], [113,2], [113,8], [113,6], [113,7], [113,9], [113,3], [113,5], [113,0]] merged=[[113,9], [113,8], [113,5], [113,2], [113,7], [113,0], [113,3], [113,4], [113,6]]
Round 117: (Vertex0)[[w115,5], [w114,1], [w113,1], [w115,2], [w113,0], [w114,0], [w114,5], [w113,6], [w115,6], [w114,4], [w113,9], [116,0], [w113,8], [w114,3], [w115,0], [w115,9], [w113,5], [w115,3], [w113,7], [w114,2], [w114,8], [w113,4], [w115,4], [w114,6], [w115,8], [w115,7], [w114,9], [w113,3], [116,7], [w113,2], [w114,7]] weak=[[w115,5], [w114,1], [w113,1], [w115,2], [w113,0], [w114,0], [w114,5], [w113,6], [w115,6], [w114,4], [w113,9], [w113,8], [w114,3], [w115,0], [w115,9], [w113,5], [w115,3], [w113,7], [w114,2], [w114,8], [w113,4], [w115,4], [w114,6], [w115,8], [w115,7], [w114,9], [w113,3], [w113,2], [w114,7]] (solid_wave_vertices: 10) solid=[[113,0], [113,8], [113,1], [113,7], [113,9], [113,6], [113,5], [113,2], [113,3], [113,4]] merged=[[117,0]] --- (Vertex1)[[w115,5], [w114,1], [w113,1], [w115,2], [w113,0], [w114,0], [w114,5], [w113,6], [w115,6], [w114,4], [w113,9], [116,0], [w113,8], [w114,3], [w115,0], [w115,9], [116,9], [w113,5], [w115,3], [w113,7], [w114,2], [w114,8], [w113,4], [w115,4], [w114,6], [w115,8], [w115,7], [w114,9], [w113,3], [w113,2], [w114,7]] weak=[[w115,5], [w114,1], [w113,1], [w115,2], [w113,0], [w114,0], [w114,5], [w113,6], [w115,6], [w114,4], [w113,9], [w113,8], [w114,3], [w115,0], [w115,9], [w113,5], [w115,3], [w113,7], [w114,2], [w114,8], [w113,4], [w115,4], [w114,6], [w115,8], [w115,7], [w114,9], [w113,3], [w113,2], [w114,7]] (solid_wave_vertices: 10) solid=[[113,4], [113,3], [113,5], [113,7], [113,6], [113,8], [113,0], [113,9], [113,1], [113,2]] merged=[[117,1]] --- (Vertex2)[[w115,5], [w113,1], [w115,2], [w113,0], [w114,0], [w114,5], [w113,6], [w115,6], [w114,4], [w113,9], [w113,8], [w114,3], [w115,0], [w115,9], [116,9], [w113,5], [w115,3], [w113,7], [w114,2], [w114,8], [w113,4], [w115,4], [w114,6], [w115,8], [w115,7], [w114,9], [w113,3], [w113,2], [w114,7]] weak=[[w115,5], [w113,1], [w115,2], [w113,0], [w114,0], [w114,5], [w113,6], [w115,6], [w114,4], [w113,9], [w113,8], [w114,3], [w115,0], [w115,9], [w113,5], [w115,3], [w113,7], [w114,2], [w114,8], [w113,4], [w115,4], [w114,6], [w115,8], [w115,7], [w114,9], [w113,3], [w113,2], [w114,7]] (solid_wave_vertices: 10) solid=[[113,3], [113,4], [113,2], [113,1], [113,5], [113,7], [113,9], [113,0], [113,6], [113,8]] merged=[[117,2]] --- (Vertex3)[[w115,5], [w113,1], [w115,2], [w113,0], [w114,0], [w114,5], [w113,6], [w115,6], [w114,4], [w113,9], [w113,8], [w114,3], [w115,0], [w115,9], [116,9], [w113,5], [w115,3], [w113,7], [w114,2], [w114,8], [w113,4], [w115,4], [w114,6], [w115,8], [w115,7], [w114,9], [w113,3], [w113,2], [w114,7]] weak=[[w115,5], [w113,1], [w115,2], [w113,0], [w114,0], [w114,5], [w113,6], [w115,6], [w114,4], [w113,9], [w113,8], [w114,3], [w115,0], [w115,9], [w113,5], [w115,3], [w113,7], [w114,2], [w114,8], [w113,4], [w115,4], [w114,6], [w115,8], [w115,7], [w114,9], [w113,3], [w113,2], [w114,7]] (solid_wave_vertices: 10) solid=[[113,0], [113,5], [113,7], [113,4], [113,1], [113,2], [113,6], [113,3], [113,9], [113,8]] merged=[[117,3]] --- (Vertex4)[[w115,5], [w113,1], [w115,2], [w113,0], [w114,0], [w114,5], [w113,6], [w115,6], [w114,4], [w113,9], [w113,8], [w114,3], [w115,0], [w115,9], [116,9], [w113,5], [w115,3], [w113,7], [w114,2], [w114,8], [w113,4], [w115,4], [w114,6], [w115,8], [w115,7], [w114,9], [w113,3], [w113,2], [w114,7]] weak=[[w115,5], [w113,1], [w115,2], [w113,0], [w114,0], [w114,5], [w113,6], [w115,6], [w114,4], [w113,9], [w113,8], [w114,3], [w115,0], [w115,9], [w113,5], [w115,3], [w113,7], [w114,2], [w114,8], [w113,4], [w115,4], [w114,6], [w115,8], [w115,7], [w114,9], [w113,3], [w113,2], [w114,7]] (solid_wave_vertices: 10) solid=[[113,4], [113,1], [113,0], [113,3], [113,6], [113,7], [113,9], [113,8], [113,2], [113,5]] merged=[[117,4]] --- (Vertex5)[[w115,5], [w113,1], [w115,2], [w113,0], [w114,0], [w114,5], [w113,6], [w115,6], [w114,4], [w113,9], [w113,8], [w114,3], [w115,0], [w115,9], [116,9], [w113,5], [w115,3], [w113,7], [w114,2], [w114,8], [w113,4], [w115,4], [w114,6], [w115,8], [w115,7], [w114,9], [w113,3], [w113,2], [w114,7]] weak=[[w115,5], [w113,1], [w115,2], [w113,0], [w114,0], [w114,5], [w113,6], [w115,6], [w114,4], [w113,9], [w113,8], [w114,3], [w115,0], [w115,9], [w113,5], [w115,3], [w113,7], [w114,2], [w114,8], [w113,4], [w115,4], [w114,6], [w115,8], [w115,7], [w114,9], [w113,3], [w113,2], [w114,7]] (solid_wave_vertices: 10) solid=[[113,0], [113,3], [113,9], [113,5], [113,2], [113,6], [113,1], [113,8], [113,4], [113,7]] merged=[[117,5]] --- (Vertex6)[[w115,5], [w113,1], [w115,2], [w113,0], [w114,0], [w114,5], [w113,6], [w115,6], [w114,4], [w113,9], [w113,8], [w114,3], [w115,0], [w115,9], [116,9], [w113,5], [w115,3], [w113,7], [w114,2], [w114,8], [w113,4], [w115,4], [w114,6], [w115,8], [w115,7], [w114,9], [w113,3], [w113,2], [w114,7]] weak=[[w115,5], [w113,1], [w115,2], [w113,0], [w114,0], [w114,5], [w113,6], [w115,6], [w114,4], [w113,9], [w113,8], [w114,3], [w115,0], [w115,9], [w113,5], [w115,3], [w113,7], [w114,2], [w114,8], [w113,4], [w115,4], [w114,6], [w115,8], [w115,7], [w114,9], [w113,3], [w113,2], [w114,7]] (solid_wave_vertices: 10) solid=[[113,9], [113,1], [113,0], [113,2], [113,7], [113,3], [113,4], [113,5], [113,8], [113,6]] merged=[[117,6]] --- (Vertex7)[[w115,5], [w114,1], [w113,1], [w115,2], [w113,0], [w114,0], [w114,5], [w113,6], [w115,6], [w114,4], [w113,9], [116,0], [w113,8], [w114,3], [w115,0], [w115,9], [w113,5], [w115,3], [w113,7], [w114,2], [w114,8], [w113,4], [w115,4], [w114,6], [w115,8], [w115,7], [w114,9], [w113,3], [116,7], [w113,2], [w114,7]] weak=[[w115,5], [w114,1], [w113,1], [w115,2], [w113,0], [w114,0], [w114,5], [w113,6], [w115,6], [w114,4], [w113,9], [w113,8], [w114,3], [w115,0], [w115,9], [w113,5], [w115,3], [w113,7], [w114,2], [w114,8], [w113,4], [w115,4], [w114,6], [w115,8], [w115,7], [w114,9], [w113,3], [w113,2], [w114,7]] (solid_wave_vertices: 10) solid=[[113,4], [113,1], [113,5], [113,6], [113,3], [113,0], [113,8], [113,9], [113,7], [113,2]] merged=[[117,7]] --- (Vertex8)[[w115,5], [w114,1], [w113,1], [w115,2], [w113,0], [w114,0], [w114,5], [w113,6], [w115,6], [w114,4], [w113,9], [116,0], [w113,8], [w114,3], [w115,0], [w115,9], [w113,5], [w115,3], [w113,7], [w114,2], [w114,8], [w113,4], [w115,4], [w114,6], [w115,8], [w115,7], [w114,9], [w113,3], [116,7], [w113,2], [w114,7]] weak=[[w115,5], [w114,1], [w113,1], [w115,2], [w113,0], [w114,0], [w114,5], [w113,6], [w115,6], [w114,4], [w113,9], [w113,8], [w114,3], [w115,0], [w115,9], [w113,5], [w115,3], [w113,7], [w114,2], [w114,8], [w113,4], [w115,4], [w114,6], [w115,8], [w115,7], [w114,9], [w113,3], [w113,2], [w114,7]] (solid_wave_vertices: 10) solid=[[113,9], [113,7], [113,3], [113,4], [113,0], [113,2], [113,8], [113,6], [113,1], [113,5]] merged=[[117,8]] --- (Vertex9)[[w115,5], [w113,1], [w115,2], [w113,0], [w114,0], [w114,5], [w113,6], [w115,6], [w114,4], [w113,9], [w113,8], [w114,3], [w115,0], [w115,9], [116,9], [w113,5], [w115,3], [w113,7], [w114,2], [w114,8], [w113,4], [w115,4], [w114,6], [w115,8], [w115,7], [w114,9], [w113,3], [w113,2], [w114,7]] weak=[[w115,5], [w113,1], [w115,2], [w113,0], [w114,0], [w114,5], [w113,6], [w115,6], [w114,4], [w113,9], [w113,8], [w114,3], [w115,0], [w115,9], [w113,5], [w115,3], [w113,7], [w114,2], [w114,8], [w113,4], [w115,4], [w114,6], [w115,8], [w115,7], [w114,9], [w113,3], [w113,2], [w114,7]] (solid_wave_vertices: 10) solid=[[113,8], [113,0], [113,7], [113,3], [113,9], [113,1], [113,4], [113,5], [113,2], [113,6]] merged=[[117,9]]
Round 118: (Vertex1)[[117,0], [117,8], [117,5], [117,3], [117,9]] (solid_wave_vertices: 5) solid=[[117,3], [117,0], [117,9], [117,5], [117,8]] merged=[[117,5], [117,8], [117,3], [117,9], [117,0]] --- (Vertex2)[[117,2], [117,5], [117,3], [117,9]] (solid_wave_vertices: 4) solid=[[117,9], [117,5], [117,3], [117,2]] merged=[[117,3], [117,2], [117,5], [117,9]] --- (Vertex3)[[117,2], [117,5], [117,3], [117,9]] (solid_wave_vertices: 4) solid=[[117,3], [117,9], [117,2], [117,5]] merged=[[117,3], [117,5], [117,2], [117,9]] --- (Vertex4)[[117,2], [117,5], [117,3], [117,9]] (solid_wave_vertices: 4) solid=[[117,3], [117,2], [117,5], [117,9]] merged=[[117,2], [117,9], [117,5], [117,3]] --- (Vertex5)[[117,2], [117,5], [117,3], [117,9]] (solid_wave_vertices: 4) solid=[[117,3], [117,2], [117,9], [117,5]] merged=[[117,3], [117,5], [117,2], [117,9]] --- (Vertex6)[[117,2], [117,5], [117,3], [117,9]] (solid_wave_vertices: 4) solid=[[117,5], [117,2], [117,3], [117,9]] merged=[[117,2], [117,3], [117,9], [117,5]] --- (Vertex7)[[117,7], [117,2], [117,0], [117,8], [117,5], [117,9]] (solid_wave_vertices: 6) solid=[[117,7], [117,5], [117,9], [117,0], [117,2], [117,8]] merged=[[117,0], [117,2], [117,5], [117,9], [117,8], [117,7]] --- (Vertex8)[[117,7], [117,0], [117,8], [117,9]] (solid_wave_vertices: 4) solid=[[117,0], [117,9], [117,8], [117,7]] merged=[[117,0], [117,9], [117,7], [117,8]] --- (Vertex9)[[117,2], [117,5], [117,3], [117,9]] (solid_wave_vertices: 4) solid=[[117,2], [117,5], [117,9], [117,3]] merged=[[117,2], [117,9], [117,3], [117,5]]
Round 119: (Vertex0)[[w117,7], [w117,2], [w117,0], [w117,8], [w117,5], [w117,3], [w117,9]] weak=[[w117,7], [w117,2], [w117,0], [w117,8], [w117,5], [w117,3], [w117,9]] (solid_wave_vertices: 7) solid=[[117,2], [117,7], [117,0], [117,8], [117,5], [117,3], [117,9]] merged=[[117,0], [117,9], [117,3], [117,8], [117,7], [117,2], [117,5]] --- (Vertex1)[[w117,4], [w117,7], [w117,2], [w117,0], [118,3], [118,4], [w117,8], [118,9], [w117,5], [118,5], [118,2], [w117,3], [w117,9], [w117,1], [118,6], [w117,6]] weak=[[w117,4], [w117,7], [w117,2], [w117,0], [w117,8], [w117,5], [w117,3], [w117,9], [w117,1], [w117,6]] (solid_wave_vertices: 10) solid=[[117,9], [117,6], [117,3], [117,2], [117,7], [117,5], [117,8], [117,0], [117,1], [117,4]] merged=[[117,6], [117,7], [117,8], [117,3], [117,0], [117,4], [117,5], [117,1], [117,2], [117,9]] --- (Vertex2)[[w117,4], [w117,7], [w117,2], [w117,0], [118,3], [118,4], [w117,8], [118,9], [w117,5], [118,5], [118,2], [w117,3], [w117,9], [118,6], [w117,6]] weak=[[w117,4], [w117,7], [w117,2], [w117,0], [w117,8], [w117,5], [w117,3], [w117,9], [w117,6]] (solid_wave_vertices: 9) solid=[[117,7], [117,0], [117,6], [117,3], [117,9], [117,4], [117,8], [117,2], [117,5]] merged=[[117,3], [117,4], [117,5], [117,9], [117,7], [117,2], [117,8], [117,0], [117,6]] --- (Vertex3)[[w117,4], [w117,7], [w117,2], [w117,0], [118,3], [118,4], [w117,8], [118,9], [w117,5], [118,5], [118,2], [w117,3], [w117,9], [118,6], [w117,6]] weak=[[w117,4], [w117,7], [w117,2], [w117,0], [w117,8], [w117,5], [w117,3], [w117,9], [w117,6]] (solid_wave_vertices: 9) solid=[[117,0], [117,8], [117,7], [117,2], [117,9], [117,5], [117,4], [117,6], [117,3]] merged=[[117,8], [117,7], [117,0], [117,6], [117,9], [117,2], [117,3], [117,4], [117,5]] --- (Vertex4)[[w117,4], [w117,7], [w117,2], [w117,0], [118,3], [118,4], [w117,8], [118,9], [w117,5], [118,5], [118,2], [w117,3], [w117,9], [118,6], [w117,6]] weak=[[w117,4], [w117,7], [w117,2], [w117,0], [w117,8], [w117,5], [w117,3], [w117,9], [w117,6]] (solid_wave_vertices: 9) solid=[[117,9], [117,5], [117,8], [117,3], [117,4], [117,7], [117,2], [117,0], [117,6]] merged=[[117,4], [117,3], [117,2], [117,9], [117,7], [117,0], [117,5], [117,6], [117,8]] --- (Vertex5)[[w117,4], [w117,7], [w117,2], [w117,0], [118,3], [118,4], [w117,8], [118,9], [w117,5], [118,5], [118,2], [w117,3], [w117,9], [118,6], [w117,6]] weak=[[w117,4], [w117,7], [w117,2], [w117,0], [w117,8], [w117,5], [w117,3], [w117,9], [w117,6]] (solid_wave_vertices: 9) solid=[[117,3], [117,2], [117,7], [117,8], [117,0], [117,4], [117,9], [117,5], [117,6]] merged=[[117,5], [117,9], [117,2], [117,6], [117,8], [117,4], [117,3], [117,0], [117,7]] --- (Vertex6)[[w117,4], [w117,7], [w117,2], [w117,0], [118,3], [118,4], [w117,8], [118,9], [w117,5], [118,5], [118,2], [w117,3], [w117,9], [118,6], [w117,6]] weak=[[w117,4], [w117,7], [w117,2], [w117,0], [w117,8], [w117,5], [w117,3], [w117,9], [w117,6]] (solid_wave_vertices: 9) solid=[[117,0], [117,9], [117,8], [117,5], [117,6], [117,7], [117,2], [117,4], [117,3]] merged=[[117,5], [117,6], [117,8], [117,3], [117,4], [117,7], [117,0], [117,9], [117,2]] --- (Vertex7)[[w117,4], [w117,7], [w117,2], [w117,0], [118,3], [118,4], [w117,8], [118,9], [w117,5], [118,2], [118,8], [w117,3], [w117,9], [118,6], [w117,6]] weak=[[w117,4], [w117,7], [w117,2], [w117,0], [w117,8], [w117,5], [w117,3], [w117,9], [w117,6]] (solid_wave_vertices: 9) solid=[[117,5], [117,0], [117,9], [117,4], [117,2], [117,6], [117,8], [117,3], [117,7]] merged=[[117,3], [117,5], [117,6], [117,8], [117,7], [117,0], [117,9], [117,2], [117,4]] --- (Vertex8)[[w117,4], [w117,7], [w117,2], [w117,0], [w117,8], [118,9], [w117,5], [118,2], [118,8], [w117,3], [w117,9], [118,6], [w117,6]] weak=[[w117,4], [w117,7], [w117,2], [w117,0], [w117,8], [w117,5], [w117,3], [w117,9], [w117,6]] (solid_wave_vertices: 9) solid=[[117,2], [117,6], [117,3], [117,4], [117,7], [117,0], [117,9], [117,5], [117,8]] merged=[[117,2], [117,4], [117,6], [117,3], [117,7], [117,5], [117,8], [117,9], [117,0]] --- (Vertex9)[[w117,4], [w117,7], [w117,2], [w117,0], [118,3], [118,4], [w117,8], [118,9], [w117,5], [118,5], [118,2], [w117,3], [w117,9], [118,6], [w117,6]] weak=[[w117,4], [w117,7], [w117,2], [w117,0], [w117,8], [w117,5], [w117,3], [w117,9], [w117,6]] (solid_wave_vertices: 9) solid=[[117,8], [117,7], [117,5], [117,0], [117,4], [117,3], [117,6], [117,2], [117,9]] merged=[[117,4], [117,7], [117,0], [117,9], [117,6], [117,8], [117,5], [117,2], [117,3]]
Round 120: (Vertex0)[[w117,4], [w117,7], [119,3], [w117,2], [w117,0], [119,4], [w118,7], [w118,3], [w118,4], [w117,8], [w118,9], [w117,5], [w118,5], [w118,2], [w118,8], [w117,3], [119,0], [119,8], [w117,9], [w117,1], [w118,6], [w117,6]] weak=[[w117,4], [w117,7], [w117,2], [w117,0], [w118,7], [w118,3], [w118,4], [w117,8], [w118,9], [w117,5], [w118,5], [w118,2], [w118,8], [w117,3], [w117,9], [w117,1], [w118,6], [w117,6]] (solid_wave_vertices: 10) solid=[[117,3], [117,8], [117,2], [117,1], [117,9], [117,4], [117,5], [117,7], [117,0], [117,6]] merged=[[117,8], [117,3], [117,4], [117,9], [117,5], [117,6], [117,1], [117,0], [117,7], [117,2]] --- (Vertex1)[[w117,4], [w117,7], [119,3], [w117,2], [w117,0], [119,4], [w118,7], [w118,3], [w118,4], [w117,8], [w118,9], [w117,5], [w118,5], [w118,2], [w118,8], [w117,3], [119,0], [119,8], [119,5], [w117,9], [w117,1], [119,6], [w118,6], [w117,6], [w118,1]] weak=[[w117,4], [w117,7], [w117,2], [w117,0], [w118,7], [w118,3], [w118,4], [w117,8], [w118,9], [w117,5], [w118,5], [w118,2], [w118,8], [w117,3], [w117,9], [w117,1], [w118,6], [w117,6], [w118,1]] (solid_wave_vertices: 10) solid=[[117,5], [117,0], [117,3], [117,1], [117,9], [117,7], [117,2], [117,4], [117,8], [117,6]] merged=[[117,9], [117,2], [117,0], [117,4], [117,8], [117,5], [117,3], [117,6], [117,1], [117,7]] --- (Vertex2)[[w117,4], [w117,7], [119,3], [w117,2], [w117,0], [119,4], [w118,7], [w118,3], [w118,4], [w117,8], [w118,9], [w117,5], [w118,5], [w118,2], [w118,8], [w117,3], [119,0], [119,5], [w117,9], [119,6], [w118,6], [w117,6]] weak=[[w117,4], [w117,7], [w117,2], [w117,0], [w118,7], [w118,3], [w118,4], [w117,8], [w118,9], [w117,5], [w118,5], [w118,2], [w118,8], [w117,3], [w117,9], [w118,6], [w117,6]] (solid_wave_vertices: 9) solid=[[117,6], [117,2], [117,0], [117,3], [117,7], [117,4], [117,5], [117,9], [117,8]] merged=[[117,2], [117,5], [117,0], [117,3], [117,9], [117,6], [117,7], [117,8], [117,4]] --- (Vertex3)[[w117,4], [w117,7], [119,3], [w117,2], [w117,0], [119,4], [w118,7], [w118,3], [w118,4], [w117,8], [w118,9], [w117,5], [w118,5], [w118,2], [w118,8], [w117,3], [119,0], [119,5], [w117,9], [119,6], [w118,6], [w117,6]] weak=[[w117,4], [w117,7], [w117,2], [w117,0], [w118,7], [w118,3], [w118,4], [w117,8], [w118,9], [w117,5], [w118,5], [w118,2], [w118,8], [w117,3], [w117,9], [w118,6], [w117,6]] (solid_wave_vertices: 9) solid=[[117,6], [117,0], [117,8], [117,3], [117,4], [117,5], [117,7], [117,2], [117,9]] merged=[[117,7], [117,6], [117,3], [117,9], [117,4], [117,2], [117,0], [117,5], [117,8]] --- (Vertex4)[[w117,4], [w117,7], [119,3], [w117,2], [w117,0], [119,4], [w118,7], [w118,3], [w118,4], [w117,8], [w118,9], [w117,5], [w118,5], [w118,2], [w118,8], [w117,3], [119,0], [119,5], [w117,9], [w117,1], [119,6], [w118,6], [w117,6]] weak=[[w117,4], [w117,7], [w117,2], [w117,0], [w118,7], [w118,3], [w118,4], [w117,8], [w118,9], [w117,5], [w118,5], [w118,2], [w118,8], [w117,3], [w117,9], [w117,1], [w118,6], [w117,6]] (solid_wave_vertices: 10) solid=[[117,1], [117,6], [117,9], [117,5], [117,3], [117,0], [117,2], [117,4], [117,7], [117,8]] merged=[[117,3], [117,4], [117,8], [117,5], [117,2], [117,0], [117,6], [117,1], [117,9], [117,7]] --- (Vertex5)[[w117,4], [w117,7], [119,3], [w117,2], [w117,0], [119,4], [w118,7], [w118,3], [w118,4], [w117,8], [w118,9], [w117,5], [w118,5], [w118,2], [w118,8], [w117,3], [119,0], [119,5], [w117,9], [w117,1], [119,6], [w118,6], [w117,6]] weak=[[w117,4], [w117,7], [w117,2], [w117,0], [w118,7], [w118,3], [w118,4], [w117,8], [w118,9], [w117,5], [w118,5], [w118,2], [w118,8], [w117,3], [w117,9], [w117,1], [w118,6], [w117,6]] (solid_wave_vertices: 10) solid=[[117,2], [117,5], [117,0], [117,6], [117,9], [117,1], [117,4], [117,3], [117,7], [117,8]] merged=[[117,1], [117,9], [117,4], [117,7], [117,8], [117,3], [117,6], [117,5], [117,2], [117,0]] --- (Vertex6)[[w117,4], [w117,7], [119,3], [w117,2], [w117,0], [119,4], [w118,3], [w118,4], [w117,8], [w118,9], [w117,5], [w118,5], [w118,2], [w118,8], [w117,3], [119,0], [119,5], [w117,9], [w117,1], [119,6], [w118,6], [w117,6]] weak=[[w117,4], [w117,7], [w117,2], [w117,0], [w118,3], [w118,4], [w117,8], [w118,9], [w117,5], [w118,5], [w118,2], [w118,8], [w117,3], [w117,9], [w117,1], [w118,6], [w117,6]] (solid_wave_vertices: 10) solid=[[117,7], [117,5], [117,6], [117,2], [117,8], [117,4], [117,9], [117,0], [117,3], [117,1]] merged=[[117,8], [117,1], [117,4], [117,7], [117,5], [117,2], [117,6], [117,9], [117,0], [117,3]] --- (Vertex7)[[w117,4], [w117,7], [119,3], [w117,2], [w117,0], [119,4], [w118,7], [w118,3], [w118,4], [w117,8], [w118,9], [w117,5], [w118,5], [w118,2], [w118,8], [w117,3], [119,0], [119,7], [119,8], [w117,9], [w117,1], [w118,6], [w117,6]] weak=[[w117,4], [w117,7], [w117,2], [w117,0], [w118,7], [w118,3], [w118,4], [w117,8], [w118,9], [w117,5], [w118,5], [w118,2], [w118,8], [w117,3], [w117,9], [w117,1], [w118,6], [w117,6]] (solid_wave_vertices: 10) solid=[[117,0], [117,3], [117,1], [117,2], [117,7], [117,9], [117,5], [117,4], [117,8], [117,6]] merged=[[117,2], [117,0], [117,5], [117,9], [117,1], [117,6], [117,8], [117,7], [117,4], [117,3]] --- (Vertex8)[[w117,4], [w117,7], [119,3], [w117,2], [w117,0], [119,4], [w118,7], [w118,3], [w118,4], [w117,8], [w118,9], [w117,5], [w118,5], [w118,2], [w118,8], [w117,3], [119,0], [119,7], [119,8], [w117,9], [w117,1], [w118,6], [w117,6]] weak=[[w117,4], [w117,7], [w117,2], [w117,0], [w118,7], [w118,3], [w118,4], [w117,8], [w118,9], [w117,5], [w118,5], [w118,2], [w118,8], [w117,3], [w117,9], [w117,1], [w118,6], [w117,6]] (solid_wave_vertices: 10) solid=[[117,6], [117,4], [117,0], [117,9], [117,1], [117,5], [117,8], [117,7], [117,2], [117,3]] merged=[[117,9], [117,5], [117,7], [117,2], [117,4], [117,0], [117,8], [117,3], [117,1], [117,6]] --- (Vertex9)[[w117,4], [w117,7], [119,3], [w117,2], [w117,0], [119,4], [w118,3], [w118,4], [w117,8], [w118,9], [w117,5], [w118,5], [w118,2], [w118,8], [w117,3], [119,0], [119,5], [w117,9], [119,6], [w118,6], [w117,6]] weak=[[w117,4], [w117,7], [w117,2], [w117,0], [w118,3], [w118,4], [w117,8], [w118,9], [w117,5], [w118,5], [w118,2], [w118,8], [w117,3], [w117,9], [w118,6], [w117,6]] (solid_wave_vertices: 9) solid=[[117,2], [117,5], [117,8], [117,6], [117,7], [117,4], [117,3], [117,0], [117,9]] merged=[[117,8], [117,9], [117,4], [117,7], [117,3], [117,2], [117,6], [117,5], [117,0]]
Round 121: (Vertex0)[[w117,4], [w117,7], [w119,3], [w117,2], [w117,0], [w119,4], [w118,7], [w118,3], [w118,4], [w117,8], [w118,9], [w117,5], [w118,5], [w118,2], [w118,8], [w117,3], [w119,0], [w119,2], [120,3], [w119,9], [w119,7], [120,8], [w119,8], [w119,5], [w117,9], [w117,1], [w119,6], [w118,6], [w117,6], [w118,1]] weak=[[w117,4], [w117,7], [w119,3], [w117,2], [w117,0], [w119,4], [w118,7], [w118,3], [w118,4], [w117,8], [w118,9], [w117,5], [w118,5], [w118,2], [w118,8], [w117,3], [w119,0], [w119,2], [w119,9], [w119,7], [w119,8], [w119,5], [w117,9], [w117,1], [w119,6], [w118,6], [w117,6], [w118,1]] (solid_wave_vertices: 10) solid=[[117,4], [117,2], [117,0], [117,7], [117,5], [117,6], [117,8], [117,9], [117,1], [117,3]] merged=[[121,0]] --- (Vertex1)[[w117,4], [120,9], [120,5], [w117,7], [w119,3], [w117,2], [w117,0], [w119,4], [w118,7], [w118,3], [w118,4], [w117,8], [w118,9], [w117,5], [w118,5], [w118,2], [w118,8], [w119,1], [w117,3], [w119,0], [w119,2], [120,3], [w119,9], [w119,7], [120,8], [w119,8], [w119,5], [w117,9], [w117,1], [w119,6], [w118,6], [w117,6], [120,2], [w118,1]] weak=[[w117,4], [w117,7], [w119,3], [w117,2], [w117,0], [w119,4], [w118,7], [w118,3], [w118,4], [w117,8], [w118,9], [w117,5], [w118,5], [w118,2], [w118,8], [w119,1], [w117,3], [w119,0], [w119,2], [w119,9], [w119,7], [w119,8], [w119,5], [w117,9], [w117,1], [w119,6], [w118,6], [w117,6], [w118,1]] (solid_wave_vertices: 10) solid=[[117,9], [117,1], [117,7], [117,6], [117,0], [117,5], [117,4], [117,2], [117,3], [117,8]] merged=[[121,1]] --- (Vertex2)[[w117,4], [120,9], [120,5], [w117,7], [w119,3], [w117,2], [w117,0], [w119,4], [w118,7], [w118,3], [w118,4], [w117,8], [w118,9], [w117,5], [w118,5], [w118,2], [w118,8], [w117,3], [w119,0], [w119,2], [120,3], [w119,9], [w119,7], [w119,8], [w119,5], [w117,9], [w117,1], [w119,6], [w118,6], [w117,6], [120,2]] weak=[[w117,4], [w117,7], [w119,3], [w117,2], [w117,0], [w119,4], [w118,7], [w118,3], [w118,4], [w117,8], [w118,9], [w117,5], [w118,5], [w118,2], [w118,8], [w117,3], [w119,0], [w119,2], [w119,9], [w119,7], [w119,8], [w119,5], [w117,9], [w117,1], [w119,6], [w118,6], [w117,6]] (solid_wave_vertices: 10) solid=[[117,6], [117,3], [117,0], [117,4], [117,5], [117,7], [117,1], [117,2], [117,8], [117,9]] merged=[[121,2]] --- (Vertex3)[[w117,4], [120,9], [120,5], [w117,7], [w119,3], [w117,2], [w117,0], [w119,4], [w118,7], [w118,3], [w118,4], [w117,8], [w118,9], [w117,5], [w118,5], [w118,2], [w118,8], [w117,3], [w119,0], [w119,2], [120,3], [w119,9], [w119,7], [w119,8], [w119,5], [w117,9], [w117,1], [w119,6], [w118,6], [w117,6], [120,2]] weak=[[w117,4], [w117,7], [w119,3], [w117,2], [w117,0], [w119,4], [w118,7], [w118,3], [w118,4], [w117,8], [w118,9], [w117,5], [w118,5], [w118,2], [w118,8], [w117,3], [w119,0], [w119,2], [w119,9], [w119,7], [w119,8], [w119,5], [w117,9], [w117,1], [w119,6], [w118,6], [w117,6]] (solid_wave_vertices: 10) solid=[[117,1], [117,8], [117,4], [117,6], [117,7], [117,5], [117,2], [117,3], [117,0], [117,9]] merged=[[121,3]] --- (Vertex4)[[w117,4], [120,9], [120,5], [w117,7], [w119,3], [w117,2], [w117,0], [w119,4], [w118,7], [w118,3], [w118,4], [w117,8], [w118,9], [w117,5], [w118,5], [w118,2], [w118,8], [w117,3], [w119,0], [w119,2], [120,3], [w119,9], [w119,7], [w119,8], [w119,5], [w117,9], [w117,1], [w119,6], [w118,6], [w117,6], [120,2]] weak=[[w117,4], [w117,7], [w119,3], [w117,2], [w117,0], [w119,4], [w118,7], [w118,3], [w118,4], [w117,8], [w118,9], [w117,5], [w118,5], [w118,2], [w118,8], [w117,3], [w119,0], [w119,2], [w119,9], [w119,7], [w119,8], [w119,5], [w117,9], [w117,1], [w119,6], [w118,6], [w117,6]] (solid_wave_vertices: 10) solid=[[117,3], [117,5], [117,6], [117,2], [117,0], [117,1], [117,9], [117,7], [117,4], [117,8]] merged=[[121,4]] --- (Vertex5)[[w117,4], [120,9], [120,5], [w117,7], [w119,3], [w117,2], [w117,0], [w119,4], [w118,7], [w118,3], [w118,4], [w117,8], [w118,9], [w117,5], [w118,5], [w118,2], [w118,8], [w117,3], [w119,0], [w119,2], [120,3], [w119,9], [w119,7], [w119,8], [w119,5], [w117,9], [w117,1], [w119,6], [w118,6], [w117,6], [120,2]] weak=[[w117,4], [w117,7], [w119,3], [w117,2], [w117,0], [w119,4], [w118,7], [w118,3], [w118,4], [w117,8], [w118,9], [w117,5], [w118,5], [w118,2], [w118,8], [w117,3], [w119,0], [w119,2], [w119,9], [w119,7], [w119,8], [w119,5], [w117,9], [w117,1], [w119,6], [w118,6], [w117,6]] (solid_wave_vertices: 10) solid=[[117,5], [117,0], [117,7], [117,9], [117,4], [117,6], [117,2], [117,8], [117,1], [117,3]] merged=[[121,5]] --- (Vertex6)[[w117,4], [120,9], [120,5], [w117,7], [w119,3], [w117,2], [w117,0], [w119,4], [w118,7], [w118,3], [w118,4], [w117,8], [w118,9], [w117,5], [w118,5], [w118,2], [w118,8], [w117,3], [w119,0], [w119,2], [120,3], [w119,9], [w119,7], [w119,8], [w119,5], [w117,9], [w117,1], [w119,6], [w118,6], [w117,6], [120,2]] weak=[[w117,4], [w117,7], [w119,3], [w117,2], [w117,0], [w119,4], [w118,7], [w118,3], [w118,4], [w117,8], [w118,9], [w117,5], [w118,5], [w118,2], [w118,8], [w117,3], [w119,0], [w119,2], [w119,9], [w119,7], [w119,8], [w119,5], [w117,9], [w117,1], [w119,6], [w118,6], [w117,6]] (solid_wave_vertices: 10) solid=[[117,5], [117,6], [117,9], [117,1], [117,2], [117,3], [117,8], [117,7], [117,4], [117,0]] merged=[[121,6]] --- (Vertex7)[[w117,4], [120,9], [w117,7], [120,7], [w119,3], [w117,2], [w117,0], [w119,4], [w118,7], [w118,3], [w118,4], [w117,8], [w118,9], [w117,5], [w118,5], [w118,2], [w118,8], [w117,3], [w119,0], [w119,2], [120,3], [w119,9], [120,0], [w119,7], [120,8], [w119,8], [w119,5], [w117,9], [w117,1], [w119,6], [w118,6], [w117,6], [120,2], [w118,1]] weak=[[w117,4], [w117,7], [w119,3], [w117,2], [w117,0], [w119,4], [w118,7], [w118,3], [w118,4], [w117,8], [w118,9], [w117,5], [w118,5], [w118,2], [w118,8], [w117,3], [w119,0], [w119,2], [w119,9], [w119,7], [w119,8], [w119,5], [w117,9], [w117,1], [w119,6], [w118,6], [w117,6], [w118,1]] (solid_wave_vertices: 10) solid=[[117,8], [117,3], [117,1], [117,0], [117,2], [117,7], [117,4], [117,9], [117,6], [117,5]] merged=[[121,7]] --- (Vertex8)[[w117,4], [120,9], [w117,7], [120,7], [w119,3], [w117,2], [w117,0], [w119,4], [w118,7], [w118,3], [w118,4], [w117,8], [w118,9], [w117,5], [w118,5], [w118,2], [w118,8], [w117,3], [w119,0], [w119,2], [120,3], [w119,9], [120,0], [w119,7], [120,8], [w119,8], [w119,5], [w117,9], [w117,1], [w119,6], [w118,6], [w117,6], [120,2], [w118,1]] weak=[[w117,4], [w117,7], [w119,3], [w117,2], [w117,0], [w119,4], [w118,7], [w118,3], [w118,4], [w117,8], [w118,9], [w117,5], [w118,5], [w118,2], [w118,8], [w117,3], [w119,0], [w119,2], [w119,9], [w119,7], [w119,8], [w119,5], [w117,9], [w117,1], [w119,6], [w118,6], [w117,6], [w118,1]] (solid_wave_vertices: 10) solid=[[117,3], [117,6], [117,7], [117,5], [117,8], [117,9], [117,4], [117,2], [117,1], [117,0]] merged=[[121,8]] --- (Vertex9)[[w117,4], [120,9], [120,5], [w117,7], [w119,3], [w117,2], [w117,0], [w119,4], [w118,7], [w118,3], [w118,4], [w117,8], [w118,9], [w117,5], [w118,5], [w118,2], [w118,8], [w117,3], [w119,0], [w119,2], [120,3], [w119,9], [w119,7], [w119,8], [w119,5], [w117,9], [w117,1], [w119,6], [w118,6], [w117,6], [120,2]] weak=[[w117,4], [w117,7], [w119,3], [w117,2], [w117,0], [w119,4], [w118,7], [w118,3], [w118,4], [w117,8], [w118,9], [w117,5], [w118,5], [w118,2], [w118,8], [w117,3], [w119,0], [w119,2], [w119,9], [w119,7], [w119,8], [w119,5], [w117,9], [w117,1], [w119,6], [w118,6], [w117,6]] (solid_wave_vertices: 10) solid=[[117,3], [117,9], [117,0], [117,1], [117,8], [117,7], [117,4], [117,6], [117,2], [117,5]] merged=[[121,9]]
Round 122: (Vertex0)[[121,0], [121,7], [121,8], [121,4]] (solid_wave_vertices: 4) solid=[[121,0], [121,7], [121,4], [121,8]] merged=[[121,0], [121,8], [121,4], [121,7]] --- (Vertex1)[[121,0], [121,5], [121,9], [121,4], [121,3], [121,6]] (solid_wave_vertices: 6) solid=[[121,9], [121,6], [121,5], [121,3], [121,4], [121,0]] merged=[[121,6], [121,5], [121,4], [121,3], [121,9], [121,0]] --- (Vertex2)[[121,9], [121,4], [121,3], [121,6]] (solid_wave_vertices: 4) solid=[[121,9], [121,6], [121,3], [121,4]] merged=[[121,3], [121,9], [121,6], [121,4]] --- (Vertex3)[[121,9], [121,4], [121,3], [121,6]] (solid_wave_vertices: 4) solid=[[121,4], [121,6], [121,3], [121,9]] merged=[[121,4], [121,3], [121,6], [121,9]] --- (Vertex4)[[121,9], [121,4], [121,3], [121,6]] (solid_wave_vertices: 4) solid=[[121,3], [121,4], [121,9], [121,6]] merged=[[121,6], [121,4], [121,9], [121,3]] --- (Vertex5)[[121,5], [121,9], [121,4], [121,3], [121,6]] (solid_wave_vertices: 5) solid=[[121,5], [121,3], [121,6], [121,4], [121,9]] merged=[[121,5], [121,9], [121,4], [121,6], [121,3]] --- (Vertex6)[[121,9], [121,4], [121,3], [121,6]] (solid_wave_vertices: 4) solid=[[121,3], [121,9], [121,4], [121,6]] merged=[[121,6], [121,9], [121,4], [121,3]] --- (Vertex7)[[121,0], [121,9], [121,7], [121,8], [121,4]] (solid_wave_vertices: 5) solid=[[121,4], [121,0], [121,7], [121,8], [121,9]] merged=[[121,4], [121,8], [121,9], [121,0], [121,7]] --- (Vertex8)[[121,0], [121,9], [121,7], [121,8], [121,4], [121,3]] (solid_wave_vertices: 6) solid=[[121,9], [121,4], [121,0], [121,3], [121,8], [121,7]] merged=[[121,8], [121,3], [121,7], [121,0], [121,9], [121,4]] --- (Vertex9)[[121,9], [121,4], [121,3], [121,6]] (solid_wave_vertices: 4) solid=[[121,4], [121,9], [121,6], [121,3]] merged=[[121,3], [121,4], [121,6], [121,9]]
Round 123: (Vertex0)[[w121,2], [w121,0], [w121,5], [w121,9], [w121,7], [w121,8], [w121,4], [w121,3], [w121,6]] weak=[[w121,2], [w121,0], [w121,5], [w121,9], [w121,7], [w121,8], [w121,4], [w121,3], [w121,6]] (solid_wave_vertices: 9) solid=[[121,2], [121,8], [121,9], [121,4], [121,5], [121,3], [121,0], [121,6], [121,7]] merged=[[121,9], [121,6], [121,5], [121,2], [121,3], [121,8], [121,0], [121,7], [121,4]] --- (Vertex1)[[122,2], [w121,2], [122,9], [w121,0], [w121,5], [w121,9], [w121,7], [w121,8], [122,7], [w121,4], [w121,3], [w121,6]] weak=[[w121,2], [w121,0], [w121,5], [w121,9], [w121,7], [w121,8], [w121,4], [w121,3], [w121,6]] (solid_wave_vertices: 9) solid=[[121,6], [121,5], [121,7], [121,3], [121,8], [121,0], [121,9], [121,4], [121,2]] merged=[[121,9], [121,2], [121,0], [121,4], [121,8], [121,5], [121,6], [121,3], [121,7]] --- (Vertex2)[[122,2], [w121,2], [w121,0], [w121,5], [w121,9], [w121,7], [w121,8], [w121,4], [w121,3], [w121,6]] weak=[[w121,2], [w121,0], [w121,5], [w121,9], [w121,7], [w121,8], [w121,4], [w121,3], [w121,6]] (solid_wave_vertices: 9) solid=[[121,5], [121,0], [121,7], [121,2], [121,8], [121,3], [121,9], [121,4], [121,6]] merged=[[121,4], [121,5], [121,7], [121,3], [121,8], [121,6], [121,0], [121,2], [121,9]] --- (Vertex3)[[122,2], [w121,2], [122,9], [w121,0], [w121,5], [w121,9], [w121,7], [w121,8], [w121,4], [w121,3], [w121,6]] weak=[[w121,2], [w121,0], [w121,5], [w121,9], [w121,7], [w121,8], [w121,4], [w121,3], [w121,6]] (solid_wave_vertices: 9) solid=[[121,9], [121,0], [121,5], [121,6], [121,7], [121,3], [121,8], [121,4], [121,2]] merged=[[121,5], [121,7], [121,0], [121,9], [121,3], [121,8], [121,2], [121,6], [121,4]] --- (Vertex4)[[122,2], [w121,2], [122,9], [w121,0], [w121,5], [w121,9], [w121,7], [w121,8], [w121,4], [w121,3], [w121,6]] weak=[[w121,2], [w121,0], [w121,5], [w121,9], [w121,7], [w121,8], [w121,4], [w121,3], [w121,6]] (solid_wave_vertices: 9) solid=[[121,9], [121,3], [121,4], [121,7], [121,6], [121,8], [121,2], [121,5], [121,0]] merged=[[121,9], [121,3], [121,0], [121,7], [121,5], [121,4], [121,6], [121,8], [121,2]] --- (Vertex5)[[122,2], [w121,2], [122,9], [w121,0], [w121,5], [w121,9], [w121,7], [w121,8], [w121,4], [w121,3], [w121,6]] weak=[[w121,2], [w121,0], [w121,5], [w121,9], [w121,7], [w121,8], [w121,4], [w121,3], [w121,6]] (solid_wave_vertices: 9) solid=[[121,6], [121,4], [121,7], [121,5], [121,0], [121,8], [121,2], [121,3], [121,9]] merged=[[121,3], [121,5], [121,9], [121,7], [121,8], [121,2], [121,6], [121,0], [121,4]] --- (Vertex6)[[122,2], [w121,2], [122,9], [w121,0], [w121,5], [w121,9], [w121,7], [w121,8], [w121,4], [w121,3], [w121,6]] weak=[[w121,2], [w121,0], [w121,5], [w121,9], [w121,7], [w121,8], [w121,4], [w121,3], [w121,6]] (solid_wave_vertices: 9) solid=[[121,0], [121,5], [121,7], [121,3], [121,6], [121,2], [121,4], [121,8], [121,9]] merged=[[121,7], [121,4], [121,8], [121,9], [121,3], [121,2], [121,6], [121,0], [121,5]] --- (Vertex7)[[122,2], [w121,2], [w121,0], [w121,5], [w121,9], [w121,7], [w121,8], [122,7], [w121,4], [w121,3], [122,8], [122,0], [w121,6]] weak=[[w121,2], [w121,0], [w121,5], [w121,9], [w121,7], [w121,8], [w121,4], [w121,3], [w121,6]] (solid_wave_vertices: 9) solid=[[121,2], [121,9], [121,4], [121,5], [121,7], [121,0], [121,8], [121,3], [121,6]] merged=[[121,6], [121,5], [121,2], [121,4], [121,7], [121,0], [121,9], [121,8], [121,3]] --- (Vertex8)[[122,2], [w121,2], [w121,0], [w121,5], [w121,9], [w121,7], [w121,8], [122,7], [w121,4], [w121,3], [122,8], [122,0], [w121,6]] weak=[[w121,2], [w121,0], [w121,5], [w121,9], [w121,7], [w121,8], [w121,4], [w121,3], [w121,6]] (solid_wave_vertices: 9) solid=[[121,4], [121,7], [121,6], [121,2], [121,3], [121,9], [121,0], [121,8], [121,5]] merged=[[121,3], [121,8], [121,0], [121,7], [121,2], [121,5], [121,9], [121,6], [121,4]] --- (Vertex9)[[122,2], [w121,2], [122,9], [w121,0], [w121,5], [w121,9], [w121,7], [w121,8], [w121,4], [w121,3], [w121,6]] weak=[[w121,2], [w121,0], [w121,5], [w121,9], [w121,7], [w121,8], [w121,4], [w121,3], [w121,6]] (solid_wave_vertices: 9) solid=[[121,2], [121,4], [121,5], [121,3], [121,7], [121,8], [121,6], [121,0], [121,9]] merged=[[121,4], [121,2], [121,6], [121,7], [121,5], [121,9], [121,0], [121,3], [121,8]]
Round 124: (Vertex0)[[w122,6], [w122,2], [w121,2], [w122,3], [w122,9], [123,0], [w121,0], [123,3], [w121,5], [w121,9], [123,7], [w121,7], [w121,8], [123,4], [w122,4], [w122,7], [w122,5], [w121,4], [w121,3], [w122,8], [w122,0], [w121,6]] weak=[[w122,6], [w122,2], [w121,2], [w122,3], [w122,9], [w121,0], [w121,5], [w121,9], [w121,7], [w121,8], [w122,4], [w122,7], [w122,5], [w121,4], [w121,3], [w122,8], [w122,0], [w121,6]] (solid_wave_vertices: 9) solid=[[121,4], [121,7], [121,9], [121,0], [121,8], [121,5], [121,6], [121,3], [121,2]] merged=[[121,3], [121,8], [121,7], [121,9], [121,0], [121,6], [121,4], [121,2], [121,5]] --- (Vertex2)[[w122,6], [w122,2], [w121,2], [w122,3], [w122,9], [123,9], [w121,0], [123,3], [w121,5], [w121,9], [w121,7], [w121,8], [123,4], [123,5], [w122,4], [w122,7], [w122,5], [w121,4], [w121,3], [123,6], [w122,8], [w122,0], [w121,6], [123,2]] weak=[[w122,6], [w122,2], [w121,2], [w122,3], [w122,9], [w121,0], [w121,5], [w121,9], [w121,7], [w121,8], [w122,4], [w122,7], [w122,5], [w121,4], [w121,3], [w122,8], [w122,0], [w121,6]] (solid_wave_vertices: 9) solid=[[121,2], [121,6], [121,4], [121,7], [121,0], [121,3], [121,9], [121,8], [121,5]] merged=[[121,0], [121,8], [121,7], [121,2], [121,3], [121,5], [121,9], [121,6], [121,4]] --- (Vertex3)[[w122,6], [w122,2], [w121,2], [w122,3], [w122,9], [123,9], [w121,0], [123,3], [w121,5], [w121,9], [w121,7], [w121,8], [123,4], [123,5], [w122,4], [w122,7], [w122,5], [w121,4], [w121,3], [123,6], [w122,8], [w122,0], [w121,6], [123,2]] weak=[[w122,6], [w122,2], [w121,2], [w122,3], [w122,9], [w121,0], [w121,5], [w121,9], [w121,7], [w121,8], [w122,4], [w122,7], [w122,5], [w121,4], [w121,3], [w122,8], [w122,0], [w121,6]] (solid_wave_vertices: 9) solid=[[121,6], [121,3], [121,8], [121,2], [121,0], [121,9], [121,5], [121,4], [121,7]] merged=[[121,0], [121,5], [121,9], [121,3], [121,2], [121,7], [121,4], [121,6], [121,8]] --- (Vertex4)[[w122,6], [w122,2], [w121,2], [w122,3], [w122,9], [123,9], [w121,0], [123,3], [w121,5], [w121,9], [w121,7], [w121,8], [123,4], [123,5], [w122,4], [w122,7], [w122,5], [w121,4], [w121,3], [123,6], [w122,8], [w122,0], [w121,6], [123,2]] weak=[[w122,6], [w122,2], [w121,2], [w122,3], [w122,9], [w121,0], [w121,5], [w121,9], [w121,7], [w121,8], [w122,4], [w122,7], [w122,5], [w121,4], [w121,3], [w122,8], [w122,0], [w121,6]] (solid_wave_vertices: 9) solid=[[121,3], [121,4], [121,7], [121,2], [121,5], [121,9], [121,8], [121,0], [121,6]] merged=[[121,4], [121,5], [121,7], [121,2], [121,9], [121,3], [121,8], [121,0], [121,6]] --- (Vertex5)[[w122,6], [w122,2], [w121,2], [w122,3], [w122,9], [123,9], [w121,0], [123,3], [w121,5], [w121,9], [w121,7], [w121,8], [123,4], [123,5], [w122,4], [w122,7], [w122,5], [w121,4], [w121,3], [123,6], [w122,8], [w122,0], [w121,6], [123,2]] weak=[[w122,6], [w122,2], [w121,2], [w122,3], [w122,9], [w121,0], [w121,5], [w121,9], [w121,7], [w121,8], [w122,4], [w122,7], [w122,5], [w121,4], [w121,3], [w122,8], [w122,0], [w121,6]] (solid_wave_vertices: 9) solid=[[121,3], [121,5], [121,2], [121,0], [121,4], [121,6], [121,8], [121,9], [121,7]] merged=[[121,9], [121,2], [121,7], [121,3], [121,6], [121,0], [121,8], [121,4], [121,5]] --- (Vertex6)[[w122,6], [w122,2], [w121,2], [w122,3], [w122,9], [123,9], [w121,0], [123,3], [w121,5], [w121,9], [w121,7], [w121,8], [123,4], [123,5], [w122,4], [w122,7], [w122,5], [w121,4], [w121,3], [123,6], [w122,8], [w122,0], [w121,6], [123,2]] weak=[[w122,6], [w122,2], [w121,2], [w122,3], [w122,9], [w121,0], [w121,5], [w121,9], [w121,7], [w121,8], [w122,4], [w122,7], [w122,5], [w121,4], [w121,3], [w122,8], [w122,0], [w121,6]] (solid_wave_vertices: 9) solid=[[121,5], [121,7], [121,2], [121,3], [121,6], [121,0], [121,4], [121,8], [121,9]] merged=[[121,9], [121,8], [121,5], [121,2], [121,6], [121,4], [121,3], [121,0], [121,7]] --- (Vertex9)[[w122,6], [w122,2], [w121,2], [w122,3], [w122,9], [123,9], [w121,0], [123,3], [w121,5], [w121,9], [w121,7], [w121,8], [123,4], [123,5], [w122,4], [w122,7], [w122,5], [w121,4], [w121,3], [123,6], [w122,8], [w122,0], [w121,6], [123,2]] weak=[[w122,6], [w122,2], [w121,2], [w122,3], [w122,9], [w121,0], [w121,5], [w121,9], [w121,7], [w121,8], [w122,4], [w122,7], [w122,5], [w121,4], [w121,3], [w122,8], [w122,0], [w121,6]] (solid_wave_vertices: 9) solid=[[121,8], [121,5], [121,7], [121,0], [121,2], [121,9], [121,3], [121,4], [121,6]] merged=[[121,6], [121,2], [121,0], [121,4], [121,7], [121,8], [121,9], [121,3], [121,5]]
Round 125: (Vertex0)[[w122,6], [w122,2], [w121,2], [w122,3], [w122,9], [124,0], [124,2], [w123,9], [w123,0], [w121,0], [w123,3], [w121,5], [w121,9], [w123,7], [w123,8], [w121,7], [w121,8], [w123,4], [w123,5], [w122,4], [w122,7], [w122,5], [w122,1], [w121,4], [w121,1], [w121,3], [w123,6], [w122,8], [w122,0], [w121,6], [w123,2]] weak=[[w122,6], [w122,2], [w121,2], [w122,3], [w122,9], [w123,9], [w123,0], [w121,0], [w123,3], [w121,5], [w121,9], [w123,7], [w123,8], [w121,7], [w121,8], [w123,4], [w123,5], [w122,4], [w122,7], [w122,5], [w122,1], [w121,4], [w121,1], [w121,3], [w123,6], [w122,8], [w122,0], [w121,6], [w123,2]] (solid_wave_vertices: 10) solid=[[121,6], [121,2], [121,5], [121,3], [121,7], [121,9], [121,1], [121,8], [121,0], [121,4]] merged=[[125,0]] --- (Vertex1)[[w122,6], [w122,2], [w121,2], [w122,3], [w122,9], [w123,9], [w123,0], [w121,0], [w123,3], [w121,5], [w121,9], [w121,7], [w121,8], [w123,4], [w123,5], [w122,4], [w122,7], [w122,5], [w122,1], [w121,4], [w121,1], [w121,3], [w123,6], [w122,8], [w122,0], [w121,6], [w123,2]] weak=[[w122,6], [w122,2], [w121,2], [w122,3], [w122,9], [w123,9], [w123,0], [w121,0], [w123,3], [w121,5], [w121,9], [w121,7], [w121,8], [w123,4], [w123,5], [w122,4], [w122,7], [w122,5], [w122,1], [w121,4], [w121,1], [w121,3], [w123,6], [w122,8], [w122,0], [w121,6], [w123,2]] (solid_wave_vertices: 10) solid=[[121,7], [121,3], [121,5], [121,0], [121,4], [121,8], [121,2], [121,6], [121,9], [121,1]] merged=[[125,1]] --- (Vertex2)[[w122,6], [124,6], [w122,2], [w121,2], [w122,3], [w122,9], [124,2], [w123,9], [w123,0], [w121,0], [w123,3], [w121,5], [w121,9], [w123,7], [w123,8], [w121,7], [w121,8], [w123,4], [w123,5], [w122,4], [w122,7], [w122,5], [w121,4], [w121,1], [w121,3], [w123,6], [w122,8], [w122,0], [124,9], [w121,6], [w123,2]] weak=[[w122,6], [w122,2], [w121,2], [w122,3], [w122,9], [w123,9], [w123,0], [w121,0], [w123,3], [w121,5], [w121,9], [w123,7], [w123,8], [w121,7], [w121,8], [w123,4], [w123,5], [w122,4], [w122,7], [w122,5], [w121,4], [w121,1], [w121,3], [w123,6], [w122,8], [w122,0], [w121,6], [w123,2]] (solid_wave_vertices: 10) solid=[[121,6], [121,9], [121,3], [121,8], [121,2], [121,1], [121,0], [121,5], [121,7], [121,4]] merged=[[125,2]] --- (Vertex3)[[w122,6], [124,6], [w122,2], [w121,2], [w122,3], [w122,9], [124,2], [w123,9], [w123,0], [w121,0], [w123,3], [w121,5], [w121,9], [w123,7], [w123,8], [w121,7], [w121,8], [w123,4], [w123,5], [w122,4], [w122,7], [w122,5], [w121,4], [w121,1], [w121,3], [w123,6], [w122,8], [w122,0], [124,9], [w121,6], [w123,2]] weak=[[w122,6], [w122,2], [w121,2], [w122,3], [w122,9], [w123,9], [w123,0], [w121,0], [w123,3], [w121,5], [w121,9], [w123,7], [w123,8], [w121,7], [w121,8], [w123,4], [w123,5], [w122,4], [w122,7], [w122,5], [w121,4], [w121,1], [w121,3], [w123,6], [w122,8], [w122,0], [w121,6], [w123,2]] (solid_wave_vertices: 10) solid=[[121,9], [121,2], [121,6], [121,1], [121,4], [121,5], [121,0], [121,3], [121,8], [121,7]] merged=[[125,3]] --- (Vertex4)[[w122,6], [124,6], [w122,2], [w121,2], [w122,3], [w122,9], [124,2], [w123,9], [w123,0], [w121,0], [w123,3], [w121,5], [w121,9], [w123,7], [w123,8], [w121,7], [w121,8], [w123,4], [w123,5], [w122,4], [w122,7], [w122,5], [w121,4], [w121,1], [w121,3], [w123,6], [w122,8], [w122,0], [124,9], [w121,6], [w123,2]] weak=[[w122,6], [w122,2], [w121,2], [w122,3], [w122,9], [w123,9], [w123,0], [w121,0], [w123,3], [w121,5], [w121,9], [w123,7], [w123,8], [w121,7], [w121,8], [w123,4], [w123,5], [w122,4], [w122,7], [w122,5], [w121,4], [w121,1], [w121,3], [w123,6], [w122,8], [w122,0], [w121,6], [w123,2]] (solid_wave_vertices: 10) solid=[[121,9], [121,8], [121,2], [121,3], [121,0], [121,5], [121,6], [121,7], [121,4], [121,1]] merged=[[125,4]] --- (Vertex5)[[w122,6], [124,6], [w122,2], [w121,2], [w122,3], [w122,9], [124,2], [w123,9], [w123,0], [w121,0], [w123,3], [w121,5], [w121,9], [w123,7], [w123,8], [w121,7], [w121,8], [w123,4], [w123,5], [w122,4], [w122,7], [w122,5], [w121,4], [w121,1], [w121,3], [w123,6], [w122,8], [w122,0], [124,9], [w121,6], [w123,2]] weak=[[w122,6], [w122,2], [w121,2], [w122,3], [w122,9], [w123,9], [w123,0], [w121,0], [w123,3], [w121,5], [w121,9], [w123,7], [w123,8], [w121,7], [w121,8], [w123,4], [w123,5], [w122,4], [w122,7], [w122,5], [w121,4], [w121,1], [w121,3], [w123,6], [w122,8], [w122,0], [w121,6], [w123,2]] (solid_wave_vertices: 10) solid=[[121,7], [121,0], [121,9], [121,8], [121,4], [121,6], [121,3], [121,2], [121,5], [121,1]] merged=[[125,5]] --- (Vertex6)[[w122,6], [124,6], [w122,2], [w121,2], [w122,3], [w122,9], [124,2], [w123,9], [w123,0], [w121,0], [w123,3], [w121,5], [w121,9], [w123,7], [w123,8], [w121,7], [w121,8], [w123,4], [w123,5], [w122,4], [w122,7], [w122,5], [w121,4], [w121,1], [w121,3], [w123,6], [w122,8], [w122,0], [124,9], [w121,6], [w123,2]] weak=[[w122,6], [w122,2], [w121,2], [w122,3], [w122,9], [w123,9], [w123,0], [w121,0], [w123,3], [w121,5], [w121,9], [w123,7], [w123,8], [w121,7], [w121,8], [w123,4], [w123,5], [w122,4], [w122,7], [w122,5], [w121,4], [w121,1], [w121,3], [w123,6], [w122,8], [w122,0], [w121,6], [w123,2]] (solid_wave_vertices: 10) solid=[[121,8], [121,1], [121,7], [121,2], [121,3], [121,5], [121,0], [121,9], [121,6], [121,4]] merged=[[125,6]] --- (Vertex7)[[w122,6], [w122,2], [w121,2], [w122,3], [w122,9], [w123,9], [w123,0], [w121,0], [w123,3], [w121,5], [w121,9], [w123,7], [w121,7], [w121,8], [w123,4], [w123,5], [w122,4], [w122,7], [w122,5], [w121,4], [w121,3], [w123,6], [w122,8], [w122,0], [w121,6]] weak=[[w122,6], [w122,2], [w121,2], [w122,3], [w122,9], [w123,9], [w123,0], [w121,0], [w123,3], [w121,5], [w121,9], [w123,7], [w121,7], [w121,8], [w123,4], [w123,5], [w122,4], [w122,7], [w122,5], [w121,4], [w121,3], [w123,6], [w122,8], [w122,0], [w121,6]] (solid_wave_vertices: 9) solid=[[121,7], [121,6], [121,8], [121,4], [121,9], [121,2], [121,5], [121,3], [121,0]] merged=[[125,7]] --- (Vertex8)[[w122,6], [w122,2], [w121,2], [w122,3], [w122,9], [w123,9], [w123,0], [w121,0], [w123,3], [w121,5], [w121,9], [w123,7], [w123,8], [w121,7], [w121,8], [w123,4], [w123,5], [w122,4], [w122,7], [w122,5], [w121,4], [w121,3], [w123,6], [w122,8], [w122,0], [w121,6], [w123,2]] weak=[[w122,6], [w122,2], [w121,2], [w122,3], [w122,9], [w123,9], [w123,0], [w121,0], [w123,3], [w121,5], [w121,9], [w123,7], [w123,8], [w121,7], [w121,8], [w123,4], [w123,5], [w122,4], [w122,7], [w122,5], [w121,4], [w121,3], [w123,6], [w122,8], [w122,0], [w121,6], [w123,2]] (solid_wave_vertices: 9) solid=[[121,4], [121,2], [121,9], [121,3], [121,7], [121,5], [121,0], [121,8], [121,6]] merged=[[125,8]] --- (Vertex9)[[w122,6], [124,6], [w122,2], [w121,2], [w122,3], [w122,9], [124,2], [w123,9], [w123,0], [w121,0], [w123,3], [w121,5], [w121,9], [w123,7], [w123,8], [w121,7], [w121,8], [w123,4], [w123,5], [w122,4], [w122,7], [w122,5], [w121,4], [w121,1], [w121,3], [w123,6], [w122,8], [w122,0], [124,9], [w121,6], [w123,2]] weak=[[w122,6], [w122,2], [w121,2], [w122,3], [w122,9], [w123,9], [w123,0], [w121,0], [w123,3], [w121,5], [w121,9], [w123,7], [w123,8], [w121,7], [w121,8], [w123,4], [w123,5], [w122,4], [w122,7], [w122,5], [w121,4], [w121,1], [w121,3], [w123,6], [w122,8], [w122,0], [w121,6], [w123,2]] (solid_wave_vertices: 10) solid=[[121,2], [121,3], [121,6], [121,1], [121,7], [121,9], [121,5], [121,4], [121,8], [121,0]] merged=[[125,9]]
Round 126: (Vertex1)[[125,7], [125,5], [125,1], [125,8]] (solid_wave_vertices: 4) solid=[[125,5], [125,7], [125,8], [125,1]] merged=[[125,8], [125,5], [125,7], [125,1]] --- (Vertex3)[[125,6], [125,2], [125,4], [125,5], [125,3], [125,9]] (solid_wave_vertices: 6) solid=[[125,3], [125,4], [125,2], [125,6], [125,5], [125,9]] merged=[[125,9], [125,4], [125,3], [125,5], [125,6], [125,2]] --- (Vertex4)[[125,6], [125,2], [125,4], [125,5], [125,3], [125,9]] (solid_wave_vertices: 6) solid=[[125,5], [125,3], [125,4], [125,6], [125,9], [125,2]] merged=[[125,9], [125,6], [125,2], [125,4], [125,5], [125,3]] --- (Vertex5)[[125,6], [125,2], [125,4], [125,5], [125,3], [125,9]] (solid_wave_vertices: 6) solid=[[125,4], [125,2], [125,3], [125,5], [125,6], [125,9]] merged=[[125,9], [125,6], [125,4], [125,2], [125,5], [125,3]] --- (Vertex7)[[125,7], [125,2], [125,0], [125,8]] (solid_wave_vertices: 4) solid=[[125,7], [125,0], [125,2], [125,8]] merged=[[125,2], [125,7], [125,8], [125,0]] --- (Vertex8)[[125,7], [125,6], [125,0], [125,8]] (solid_wave_vertices: 4) solid=[[125,8], [125,0], [125,6], [125,7]] merged=[[125,8], [125,0], [125,6], [125,7]]
Round 127: (Vertex0)[[w125,7], [w125,2], [w125,4], [w125,0], [w125,5], [w125,3], [w125,8]] weak=[[w125,7], [w125,2], [w125,4], [w125,0], [w125,5], [w125,3], [w125,8]] (solid_wave_vertices: 7) solid=[[125,0], [125,4], [125,8], [125,5], [125,7], [125,2], [125,3]] merged=[[125,5], [125,8], [125,3], [125,2], [125,7], [125,0], [125,4]] --- (Vertex1)[[w125,7], [w125,6], [w125,2], [w125,4], [w125,0], [w125,5], [w125,1], [w125,3], [w125,9], [w125,8]] weak=[[w125,7], [w125,6], [w125,2], [w125,4], [w125,0], [w125,5], [w125,1], [w125,3], [w125,9], [w125,8]] (solid_wave_vertices: 10) solid=[[125,6], [125,5], [125,2], [125,9], [125,8], [125,3], [125,1], [125,0], [125,7], [125,4]] merged=[[125,2], [125,5], [125,9], [125,4], [125,3], [125,1], [125,8], [125,0], [125,7], [125,6]] --- (Vertex2)[[w125,6], [w125,2], [w125,4], [w125,5], [w125,3], [w125,9], [w125,8]] weak=[[w125,6], [w125,2], [w125,4], [w125,5], [w125,3], [w125,9], [w125,8]] (solid_wave_vertices: 7) solid=[[125,4], [125,8], [125,9], [125,3], [125,5], [125,2], [125,6]] merged=[[125,4], [125,8], [125,3], [125,9], [125,5], [125,6], [125,2]] --- (Vertex3)[[w125,7], [w125,6], [w125,2], [w125,4], [w125,0], [w125,5], [w125,3], [w125,9], [w125,8], [126,4], [126,3]] weak=[[w125,7], [w125,6], [w125,2], [w125,4], [w125,0], [w125,5], [w125,3], [w125,9], [w125,8]] (solid_wave_vertices: 9) solid=[[125,3], [125,9], [125,0], [125,5], [125,2], [125,7], [125,8], [125,4], [125,6]] merged=[[125,3], [125,2], [125,0], [125,4], [125,8], [125,6], [125,5], [125,7], [125,9]] --- (Vertex4)[[w125,7], [w125,6], [w125,2], [w125,4], [w125,0], [w125,5], [w125,1], [w125,3], [w125,9], [w125,8], [126,4], [126,3]] weak=[[w125,7], [w125,6], [w125,2], [w125,4], [w125,0], [w125,5], [w125,1], [w125,3], [w125,9], [w125,8]] (solid_wave_vertices: 10) solid=[[125,4], [125,9], [125,0], [125,7], [125,8], [125,3], [125,5], [125,2], [125,1], [125,6]] merged=[[125,9], [125,2], [125,3], [125,6], [125,1], [125,4], [125,0], [125,5], [125,8], [125,7]] --- (Vertex5)[[w125,7], [w125,6], [w125,2], [w125,4], [w125,0], [w125,5], [w125,3], [w125,9], [w125,8], [126,4], [126,3]] weak=[[w125,7], [w125,6], [w125,2], [w125,4], [w125,0], [w125,5], [w125,3], [w125,9], [w125,8]] (solid_wave_vertices: 9) solid=[[125,3], [125,5], [125,7], [125,9], [125,4], [125,8], [125,2], [125,0], [125,6]] merged=[[125,6], [125,9], [125,5], [125,2], [125,8], [125,0], [125,4], [125,3], [125,7]] --- (Vertex6)[[w125,7], [w125,6], [w125,2], [w125,4], [w125,5], [w125,3], [w125,9]] weak=[[w125,7], [w125,6], [w125,2], [w125,4], [w125,5], [w125,3], [w125,9]] (solid_wave_vertices: 7) solid=[[125,9], [125,3], [125,4], [125,2], [125,7], [125,5], [125,6]] merged=[[125,6], [125,9], [125,4], [125,7], [125,3], [125,5], [125,2]] --- (Vertex7)[[w125,7], [w125,6], [w125,2], [w125,4], [w125,0], [w125,5], [w125,1], [126,7], [w125,3], [w125,9], [w125,8], [126,3]] weak=[[w125,7], [w125,6], [w125,2], [w125,4], [w125,0], [w125,5], [w125,1], [w125,3], [w125,9], [w125,8]] (solid_wave_vertices: 10) solid=[[125,6], [125,8], [125,3], [125,4], [125,0], [125,2], [125,5], [125,9], [125,1], [125,7]] merged=[[125,0], [125,7], [125,5], [125,4], [125,1], [125,2], [125,3], [125,6], [125,8], [125,9]] --- (Vertex8)[[w125,7], [w125,6], [w125,2], [w125,4], [w125,0], [w125,5], [w125,1], [126,7], [w125,3], [w125,9], [w125,8], [126,3]] weak=[[w125,7], [w125,6], [w125,2], [w125,4], [w125,0], [w125,5], [w125,1], [w125,3], [w125,9], [w125,8]] (solid_wave_vertices: 10) solid=[[125,7], [125,4], [125,0], [125,8], [125,3], [125,1], [125,2], [125,5], [125,9], [125,6]] merged=[[125,5], [125,0], [125,8], [125,7], [125,6], [125,9], [125,4], [125,2], [125,3], [125,1]] --- (Vertex9)[[w125,7], [w125,6], [w125,2], [w125,4], [w125,5], [w125,3], [w125,9], [w125,8]] weak=[[w125,7], [w125,6], [w125,2], [w125,4], [w125,5], [w125,3], [w125,9], [w125,8]] (solid_wave_vertices: 8) solid=[[125,8], [125,2], [125,9], [125,5], [125,3], [125,7], [125,6], [125,4]] merged=[[125,8], [125,3], [125,7], [125,9], [125,2], [125,5], [125,4], [125,6]]
Round 128: (Vertex0)[[w125,7], [w125,6], [w125,2], [w125,4], [w125,0], [w125,5], [w125,1], [127,0], [w126,8], [w126,5], [127,2], [127,9], [w126,7], [w125,3], [w125,9], [w125,8], [w126,4], [127,6], [w126,3]] weak=[[w125,7], [w125,6], [w125,2], [w125,4], [w125,0], [w125,5], [w125,1], [w126,8], [w126,5], [w126,7], [w125,3], [w125,9], [w125,8], [w126,4], [w126,3]] (solid_wave_vertices: 10) solid=[[125,2], [125,4], [125,1], [125,5], [125,0], [125,6], [125,9], [125,7], [125,3], [125,8]] merged=[[125,6], [125,9], [125,4], [125,3], [125,8], [125,2], [125,7], [125,5], [125,1], [125,0]] --- (Vertex1)[[w125,7], [w125,6], [w125,2], [w125,4], [w125,0], [w125,5], [w125,1], [127,0], [w126,5], [127,5], [127,2], [127,9], [w126,7], [w125,3], [w125,9], [w125,8], [w126,4], [127,6], [w126,3]] weak=[[w125,7], [w125,6], [w125,2], [w125,4], [w125,0], [w125,5], [w125,1], [w126,5], [w126,7], [w125,3], [w125,9], [w125,8], [w126,4], [w126,3]] (solid_wave_vertices: 10) solid=[[125,2], [125,8], [125,3], [125,0], [125,7], [125,1], [125,5], [125,6], [125,4], [125,9]] merged=[[125,1], [125,6], [125,0], [125,8], [125,5], [125,9], [125,4], [125,2], [125,3], [125,7]] --- (Vertex2)[[w125,7], [w125,6], [w125,2], [w125,4], [w125,0], [w125,5], [w125,1], [127,0], [w126,5], [127,2], [127,9], [w126,7], [w125,3], [w125,9], [w125,8], [w126,4], [127,6], [w126,3]] weak=[[w125,7], [w125,6], [w125,2], [w125,4], [w125,0], [w125,5], [w125,1], [w126,5], [w126,7], [w125,3], [w125,9], [w125,8], [w126,4], [w126,3]] (solid_wave_vertices: 10) solid=[[125,8], [125,4], [125,6], [125,5], [125,7], [125,9], [125,1], [125,3], [125,0], [125,2]] merged=[[125,1], [125,3], [125,6], [125,5], [125,0], [125,8], [125,7], [125,2], [125,4], [125,9]] --- (Vertex6)[[w125,7], [w125,6], [w125,2], [w125,4], [w125,0], [w125,5], [w125,1], [127,0], [w126,5], [127,2], [127,9], [w126,7], [w125,3], [w125,9], [w125,8], [w126,4], [127,6], [w126,3]] weak=[[w125,7], [w125,6], [w125,2], [w125,4], [w125,0], [w125,5], [w125,1], [w126,5], [w126,7], [w125,3], [w125,9], [w125,8], [w126,4], [w126,3]] (solid_wave_vertices: 10) solid=[[125,0], [125,8], [125,9], [125,3], [125,7], [125,6], [125,2], [125,5], [125,1], [125,4]] merged=[[125,8], [125,0], [125,7], [125,5], [125,3], [125,2], [125,9], [125,6], [125,1], [125,4]] --- (Vertex7)[[w125,7], [w125,6], [w125,2], [w125,4], [w125,0], [w125,5], [w125,1], [127,0], [w126,8], [w126,5], [127,2], [127,9], [w126,7], [w125,3], [w125,9], [w125,8], [w126,4], [127,6], [w126,3]] weak=[[w125,7], [w125,6], [w125,2], [w125,4], [w125,0], [w125,5], [w125,1], [w126,8], [w126,5], [w126,7], [w125,3], [w125,9], [w125,8], [w126,4], [w126,3]] (solid_wave_vertices: 10) solid=[[125,6], [125,0], [125,2], [125,1], [125,5], [125,9], [125,4], [125,7], [125,8], [125,3]] merged=[[125,9], [125,7], [125,3], [125,8], [125,2], [125,5], [125,1], [125,0], [125,6], [125,4]] --- (Vertex8)[[w125,7], [w125,6], [w125,2], [w125,4], [w125,0], [w125,5], [w125,1], [127,0], [w126,8], [w126,5], [127,2], [127,9], [w126,7], [w125,3], [127,8], [w125,9], [w125,8], [w126,4], [127,6], [w126,3]] weak=[[w125,7], [w125,6], [w125,2], [w125,4], [w125,0], [w125,5], [w125,1], [w126,8], [w126,5], [w126,7], [w125,3], [w125,9], [w125,8], [w126,4], [w126,3]] (solid_wave_vertices: 10) solid=[[125,4], [125,8], [125,7], [125,9], [125,1], [125,6], [125,5], [125,0], [125,3], [125,2]] merged=[[125,5], [125,4], [125,0], [125,3], [125,7], [125,8], [125,2], [125,6], [125,9], [125,1]] --- (Vertex9)[[w125,7], [w125,6], [w125,2], [w125,4], [w125,0], [w125,5], [w125,1], [127,0], [w126,5], [127,2], [127,9], [w126,7], [w125,3], [w125,9], [w125,8], [w126,4], [127,6], [w126,3]] weak=[[w125,7], [w125,6], [w125,2], [w125,4], [w125,0], [w125,5], [w125,1], [w126,5], [w126,7], [w125,3], [w125,9], [w125,8], [w126,4], [w126,3]] (solid_wave_vertices: 10) solid=[[125,3], [125,7], [125,0], [125,9], [125,5], [125,4], [125,8], [125,1], [125,2], [125,6]] merged=[[125,3], [125,5], [125,9], [125,4], [125,8], [125,0], [125,6], [125,1], [125,7], [125,2]]
Round 129: (Vertex0)[[w125,7], [w125,6], [w127,7], [w127,3], [w125,2], [w125,4], [w125,0], [w125,5], [w125,1], [w127,0], [w126,8], [w126,5], [w127,5], [w127,2], [w127,9], [w126,7], [w125,3], [128,2], [w127,8], [w125,9], [w125,8], [w126,4], [w127,6], [w127,4], [w126,3]] weak=[[w125,7], [w125,6], [w127,7], [w127,3], [w125,2], [w125,4], [w125,0], [w125,5], [w125,1], [w127,0], [w126,8], [w126,5], [w127,5], [w127,2], [w127,9], [w126,7], [w125,3], [w127,8], [w125,9], [w125,8], [w126,4], [w127,6], [w127,4], [w126,3]] (solid_wave_vertices: 10) solid=[[125,5], [125,8], [125,9], [125,4], [125,6], [125,1], [125,7], [125,3], [125,0], [125,2]] merged=[[129,0]] --- (Vertex1)[[w125,7], [w125,6], [w127,7], [w127,3], [w125,2], [w125,4], [w125,0], [w125,5], [w125,1], [w127,0], [w126,8], [w126,5], [128,6], [128,9], [w127,5], [w127,2], [w127,9], [w126,7], [w125,3], [128,2], [w127,8], [w125,9], [w125,8], [w126,4], [w127,6], [w127,4], [w126,1], [128,0], [w126,3]] weak=[[w125,7], [w125,6], [w127,7], [w127,3], [w125,2], [w125,4], [w125,0], [w125,5], [w125,1], [w127,0], [w126,8], [w126,5], [w127,5], [w127,2], [w127,9], [w126,7], [w125,3], [w127,8], [w125,9], [w125,8], [w126,4], [w127,6], [w127,4], [w126,1], [w126,3]] (solid_wave_vertices: 10) solid=[[125,0], [125,8], [125,1], [125,4], [125,5], [125,7], [125,3], [125,9], [125,2], [125,6]] merged=[[129,1]] --- (Vertex2)[[w125,7], [w125,6], [w127,3], [w125,2], [w125,4], [w125,0], [w125,5], [w125,1], [w127,0], [w126,8], [w126,5], [128,6], [128,9], [w127,5], [w127,2], [w127,9], [w126,7], [w125,3], [128,2], [w125,9], [w125,8], [w126,4], [w127,6], [w127,4], [w126,3]] weak=[[w125,7], [w125,6], [w127,3], [w125,2], [w125,4], [w125,0], [w125,5], [w125,1], [w127,0], [w126,8], [w126,5], [w127,5], [w127,2], [w127,9], [w126,7], [w125,3], [w125,9], [w125,8], [w126,4], [w127,6], [w127,4], [w126,3]] (solid_wave_vertices: 10) solid=[[125,7], [125,3], [125,4], [125,8], [125,2], [125,9], [125,5], [125,0], [125,1], [125,6]] merged=[[129,2]] --- (Vertex3)[[w125,7], [w125,6], [w127,3], [w125,2], [w125,4], [w125,0], [w125,5], [w125,1], [w127,0], [w126,5], [w127,5], [w127,2], [w127,9], [w126,7], [w125,3], [w125,9], [w125,8], [w126,4], [w127,6], [w127,4], [w126,3]] weak=[[w125,7], [w125,6], [w127,3], [w125,2], [w125,4], [w125,0], [w125,5], [w125,1], [w127,0], [w126,5], [w127,5], [w127,2], [w127,9], [w126,7], [w125,3], [w125,9], [w125,8], [w126,4], [w127,6], [w127,4], [w126,3]] (solid_wave_vertices: 10) solid=[[125,6], [125,5], [125,1], [125,0], [125,8], [125,9], [125,4], [125,7], [125,3], [125,2]] merged=[[129,3]] --- (Vertex4)[[w125,7], [w125,6], [w127,3], [w125,2], [w125,4], [w125,0], [w125,5], [w125,1], [w127,0], [w126,5], [w127,5], [w127,2], [w127,9], [w126,7], [w125,3], [w125,9], [w125,8], [w126,4], [w127,6], [w127,4], [w126,3]] weak=[[w125,7], [w125,6], [w127,3], [w125,2], [w125,4], [w125,0], [w125,5], [w125,1], [w127,0], [w126,5], [w127,5], [w127,2], [w127,9], [w126,7], [w125,3], [w125,9], [w125,8], [w126,4], [w127,6], [w127,4], [w126,3]] (solid_wave_vertices: 10) solid=[[125,9], [125,7], [125,2], [125,5], [125,3], [125,4], [125,8], [125,6], [125,1], [125,0]] merged=[[129,4]] --- (Vertex5)[[w125,7], [w125,6], [w127,3], [w125,2], [w125,4], [w125,0], [w125,5], [w125,1], [w127,0], [w126,5], [w127,5], [w127,2], [w127,9], [w126,7], [w125,3], [w125,9], [w125,8], [w126,4], [w127,6], [w127,4], [w126,3]] weak=[[w125,7], [w125,6], [w127,3], [w125,2], [w125,4], [w125,0], [w125,5], [w125,1], [w127,0], [w126,5], [w127,5], [w127,2], [w127,9], [w126,7], [w125,3], [w125,9], [w125,8], [w126,4], [w127,6], [w127,4], [w126,3]] (solid_wave_vertices: 10) solid=[[125,1], [125,0], [125,3], [125,5], [125,7], [125,2], [125,4], [125,8], [125,9], [125,6]] merged=[[129,5]] --- (Vertex6)[[w125,7], [w125,6], [w127,3], [w125,2], [w125,4], [w125,0], [w125,5], [w125,1], [w127,0], [w126,8], [w126,5], [128,6], [128,9], [w127,5], [w127,2], [w127,9], [w126,7], [w125,3], [128,2], [w125,9], [w125,8], [w126,4], [w127,6], [w127,4], [w126,3]] weak=[[w125,7], [w125,6], [w127,3], [w125,2], [w125,4], [w125,0], [w125,5], [w125,1], [w127,0], [w126,8], [w126,5], [w127,5], [w127,2], [w127,9], [w126,7], [w125,3], [w125,9], [w125,8], [w126,4], [w127,6], [w127,4], [w126,3]] (solid_wave_vertices: 10) solid=[[125,5], [125,6], [125,4], [125,7], [125,8], [125,2], [125,3], [125,0], [125,9], [125,1]] merged=[[129,6]] --- (Vertex7)[[w125,7], [w125,6], [w127,7], [w127,3], [w125,2], [w125,4], [128,8], [w125,0], [w125,5], [w125,1], [w127,0], [w126,8], [w126,5], [128,6], [128,9], [w127,5], [w127,2], [w127,9], [w126,7], [w125,3], [128,2], [w127,8], [w125,9], [w125,8], [w126,4], [w127,6], [w127,4], [128,0], [w126,3]] weak=[[w125,7], [w125,6], [w127,7], [w127,3], [w125,2], [w125,4], [w125,0], [w125,5], [w125,1], [w127,0], [w126,8], [w126,5], [w127,5], [w127,2], [w127,9], [w126,7], [w125,3], [w127,8], [w125,9], [w125,8], [w126,4], [w127,6], [w127,4], [w126,3]] (solid_wave_vertices: 10) solid=[[125,4], [125,1], [125,7], [125,6], [125,9], [125,3], [125,0], [125,5], [125,2], [125,8]] merged=[[129,7]] --- (Vertex8)[[w125,7], [w125,6], [w127,7], [w127,3], [w125,2], [w125,4], [128,8], [w125,0], [w125,5], [w125,1], [w127,0], [w126,8], [w126,5], [128,6], [128,9], [w127,5], [w127,2], [w127,9], [w126,7], [w125,3], [128,2], [w127,8], [w125,9], [w125,8], [w126,4], [w127,6], [w127,4], [128,0], [128,7], [w126,3]] weak=[[w125,7], [w125,6], [w127,7], [w127,3], [w125,2], [w125,4], [w125,0], [w125,5], [w125,1], [w127,0], [w126,8], [w126,5], [w127,5], [w127,2], [w127,9], [w126,7], [w125,3], [w127,8], [w125,9], [w125,8], [w126,4], [w127,6], [w127,4], [w126,3]] (solid_wave_vertices: 10) solid=[[125,0], [125,1], [125,3], [125,7], [125,5], [125,8], [125,2], [125,6], [125,4], [125,9]] merged=[[129,8]] --- (Vertex9)[[w125,7], [w125,6], [w127,3], [w125,2], [w125,4], [w125,0], [w125,5], [w125,1], [w127,0], [w126,8], [w126,5], [128,6], [128,9], [w127,5], [w127,2], [w127,9], [w126,7], [w125,3], [128,2], [w125,9], [w125,8], [w126,4], [w127,6], [w127,4], [w126,3]] weak=[[w125,7], [w125,6], [w127,3], [w125,2], [w125,4], [w125,0], [w125,5], [w125,1], [w127,0], [w126,8], [w126,5], [w127,5], [w127,2], [w127,9], [w126,7], [w125,3], [w125,9], [w125,8], [w126,4], [w127,6], [w127,4], [w126,3]] (solid_wave_vertices: 10) solid=[[125,0], [125,3], [125,4], [125,5], [125,1], [125,8], [125,6], [125,2], [125,9], [125,7]] merged=[[129,9]]
Round 130: (Vertex0)[[129,0], [129,4], [129,3], [129,5]] (solid_wave_vertices: 4) solid=[[129,3], [129,5], [129,4], [129,0]] merged=[[129,0], [129,4], [129,3], [129,5]] --- (Vertex1)[[129,9], [129,0], [129,4], [129,3], [129,5], [129,2]] (solid_wave_vertices: 6) solid=[[129,5], [129,0], [129,9], [129,2], [129,4], [129,3]] merged=[[129,2], [129,4], [129,3], [129,9], [129,5], [129,0]] --- (Vertex2)[[129,9], [129,6], [129,4], [129,3], [129,5], [129,2]] (solid_wave_vertices: 6) solid=[[129,6], [129,4], [129,9], [129,3], [129,5], [129,2]] merged=[[129,5], [129,4], [129,2], [129,6], [129,9], [129,3]] --- (Vertex3)[[129,6], [129,4], [129,3], [129,5]] (solid_wave_vertices: 4) solid=[[129,3], [129,4], [129,5], [129,6]] merged=[[129,5], [129,4], [129,3], [129,6]] --- (Vertex4)[[129,6], [129,4], [129,3], [129,5]] (solid_wave_vertices: 4) solid=[[129,3], [129,5], [129,6], [129,4]] merged=[[129,4], [129,6], [129,5], [129,3]] --- (Vertex5)[[129,6], [129,4], [129,3], [129,5]] (solid_wave_vertices: 4) solid=[[129,4], [129,5], [129,6], [129,3]] merged=[[129,3], [129,6], [129,5], [129,4]] --- (Vertex6)[[129,9], [129,6], [129,4], [129,3], [129,5], [129,2]] (solid_wave_vertices: 6) solid=[[129,9], [129,3], [129,6], [129,2], [129,4], [129,5]] merged=[[129,3], [129,9], [129,6], [129,2], [129,5], [129,4]] --- (Vertex9)[[129,9], [129,6], [129,4], [129,3], [129,5], [129,2]] (solid_wave_vertices: 6) solid=[[129,3], [129,2], [129,5], [129,4], [129,9], [129,6]] merged=[[129,9], [129,6], [129,4], [129,3], [129,5], [129,2]]
Round 131: (Vertex0)[[w129,9], [w129,0], [w129,6], [w129,8], [130,3], [w129,4], [w129,3], [130,4], [w129,7], [130,5], [w129,5], [w129,2]] weak=[[w129,9], [w129,0], [w129,6], [w129,8], [w129,4], [w129,3], [w129,7], [w129,5], [w129,2]] (solid_wave_vertices: 9) solid=[[129,9], [129,2], [129,8], [129,7], [129,3], [129,0], [129,5], [129,6], [129,4]] merged=[[129,5], [129,9], [129,3], [129,2], [129,7], [129,8], [129,0], [129,6], [129,4]] --- (Vertex1)[[w129,9], [w129,0], [w129,6], [w129,8], [130,3], [w129,4], [w129,3], [130,4], [w129,7], [w129,1], [130,5], [w129,5], [w129,2], [130,2], [130,6], [130,9]] weak=[[w129,9], [w129,0], [w129,6], [w129,8], [w129,4], [w129,3], [w129,7], [w129,1], [w129,5], [w129,2]] (solid_wave_vertices: 10) solid=[[129,3], [129,9], [129,0], [129,1], [129,6], [129,7], [129,2], [129,4], [129,8], [129,5]] merged=[[129,2], [129,7], [129,6], [129,0], [129,5], [129,9], [129,1], [129,3], [129,4], [129,8]] --- (Vertex2)[[w129,9], [w129,0], [w129,6], [130,3], [w129,4], [w129,3], [130,4], [130,5], [w129,5], [w129,2], [130,2], [130,6], [130,9]] weak=[[w129,9], [w129,0], [w129,6], [w129,4], [w129,3], [w129,5], [w129,2]] (solid_wave_vertices: 7) solid=[[129,4], [129,5], [129,3], [129,0], [129,9], [129,2], [129,6]] merged=[[129,9], [129,6], [129,4], [129,3], [129,5], [129,0], [129,2]] --- (Vertex3)[[w129,9], [w129,0], [w129,6], [130,3], [w129,4], [w129,3], [130,4], [130,5], [w129,5], [w129,2]] weak=[[w129,9], [w129,0], [w129,6], [w129,4], [w129,3], [w129,5], [w129,2]] (solid_wave_vertices: 7) solid=[[129,5], [129,6], [129,0], [129,3], [129,9], [129,4], [129,2]] merged=[[129,9], [129,0], [129,2], [129,3], [129,4], [129,6], [129,5]] --- (Vertex4)[[w129,9], [w129,0], [w129,6], [130,3], [w129,4], [w129,3], [130,4], [130,5], [w129,5], [w129,2]] weak=[[w129,9], [w129,0], [w129,6], [w129,4], [w129,3], [w129,5], [w129,2]] (solid_wave_vertices: 7) solid=[[129,2], [129,0], [129,3], [129,6], [129,5], [129,4], [129,9]] merged=[[129,2], [129,5], [129,9], [129,0], [129,3], [129,4], [129,6]] --- (Vertex5)[[w129,9], [w129,0], [w129,6], [130,3], [w129,4], [w129,3], [130,4], [130,5], [w129,5], [w129,2]] weak=[[w129,9], [w129,0], [w129,6], [w129,4], [w129,3], [w129,5], [w129,2]] (solid_wave_vertices: 7) solid=[[129,6], [129,4], [129,0], [129,5], [129,9], [129,2], [129,3]] merged=[[129,2], [129,6], [129,9], [129,4], [129,3], [129,5], [129,0]] --- (Vertex6)[[w129,9], [w129,0], [w129,6], [130,3], [w129,4], [w129,3], [130,4], [130,5], [w129,5], [w129,2], [130,2], [130,6]] weak=[[w129,9], [w129,0], [w129,6], [w129,4], [w129,3], [w129,5], [w129,2]] (solid_wave_vertices: 7) solid=[[129,0], [129,5], [129,4], [129,6], [129,3], [129,2], [129,9]] merged=[[129,0], [129,9], [129,5], [129,6], [129,3], [129,4], [129,2]] --- (Vertex7)[[w129,9], [w129,0], [w129,6], [w129,4], [w129,3], [w129,5], [w129,2]] weak=[[w129,9], [w129,0], [w129,6], [w129,4], [w129,3], [w129,5], [w129,2]] (solid_wave_vertices: 7) solid=[[129,4], [129,0], [129,2], [129,3], [129,6], [129,5], [129,9]] merged=[[129,9], [129,3], [129,5], [129,2], [129,4], [129,6], [129,0]] --- (Vertex8)[[w129,9], [w129,0], [w129,6], [w129,8], [w129,4], [w129,3], [w129,7], [w129,5], [w129,2]] weak=[[w129,9], [w129,0], [w129,6], [w129,8], [w129,4], [w129,3], [w129,7], [w129,5], [w129,2]] (solid_wave_vertices: 9) solid=[[129,2], [129,5], [129,4], [129,9], [129,8], [129,0], [129,6], [129,7], [129,3]] merged=[[129,4], [129,5], [129,7], [129,2], [129,3], [129,9], [129,6], [129,8], [129,0]] --- (Vertex9)[[w129,9], [w129,0], [w129,6], [130,3], [w129,4], [w129,3], [130,4], [130,5], [w129,5], [w129,2], [130,2], [130,6]] weak=[[w129,9], [w129,0], [w129,6], [w129,4], [w129,3], [w129,5], [w129,2]] (solid_wave_vertices: 7) solid=[[129,4], [129,6], [129,0], [129,2], [129,9], [129,3], [129,5]] merged=[[129,4], [129,2], [129,5], [129,0], [129,9], [129,3], [129,6]]
Round 132: (Vertex2)[[w129,9], [w129,0], [w129,6], [w129,8], [w130,3], [131,5], [131,9], [w129,4], [w129,3], [w130,4], [w129,7], [w130,5], [w129,5], [w129,2], [w130,2], [w130,6], [w130,9], [131,3], [131,4]] weak=[[w129,9], [w129,0], [w129,6], [w129,8], [w130,3], [w129,4], [w129,3], [w130,4], [w129,7], [w130,5], [w129,5], [w129,2], [w130,2], [w130,6], [w130,9]] (solid_wave_vertices: 9) solid=[[129,4], [129,3], [129,6], [129,7], [129,0], [129,8], [129,2], [129,5], [129,9]] merged=[[129,3], [129,0], [129,8], [129,5], [129,7], [129,9], [129,6], [129,4], [129,2]] --- (Vertex3)[[w129,9], [w129,0], [w129,6], [w129,8], [w130,3], [131,5], [131,9], [w129,4], [w129,3], [w130,4], [w129,7], [w130,5], [w129,5], [w129,2], [w130,2], [w130,6], [w130,9], [131,3], [131,4]] weak=[[w129,9], [w129,0], [w129,6], [w129,8], [w130,3], [w129,4], [w129,3], [w130,4], [w129,7], [w130,5], [w129,5], [w129,2], [w130,2], [w130,6], [w130,9]] (solid_wave_vertices: 9) solid=[[129,6], [129,7], [129,3], [129,9], [129,5], [129,2], [129,4], [129,8], [129,0]] merged=[[129,8], [129,5], [129,9], [129,4], [129,7], [129,6], [129,3], [129,0], [129,2]] --- (Vertex4)[[w129,9], [w129,0], [w129,6], [w129,8], [w130,3], [131,5], [131,9], [w129,4], [w129,3], [w130,4], [w129,7], [w130,5], [w129,5], [w129,2], [w130,2], [w130,6], [w130,9], [131,3], [131,4]] weak=[[w129,9], [w129,0], [w129,6], [w129,8], [w130,3], [w129,4], [w129,3], [w130,4], [w129,7], [w130,5], [w129,5], [w129,2], [w130,2], [w130,6], [w130,9]] (solid_wave_vertices: 9) solid=[[129,4], [129,5], [129,8], [129,6], [129,0], [129,7], [129,9], [129,3], [129,2]] merged=[[129,6], [129,8], [129,7], [129,5], [129,3], [129,0], [129,9], [129,4], [129,2]] --- (Vertex5)[[w129,9], [w129,0], [w129,6], [w129,8], [w130,3], [131,5], [131,9], [w129,4], [w129,3], [w130,4], [w129,7], [w130,5], [w129,5], [w129,2], [w130,2], [w130,6], [w130,9], [131,3], [131,4]] weak=[[w129,9], [w129,0], [w129,6], [w129,8], [w130,3], [w129,4], [w129,3], [w130,4], [w129,7], [w130,5], [w129,5], [w129,2], [w130,2], [w130,6], [w130,9]] (solid_wave_vertices: 9) solid=[[129,3], [129,4], [129,8], [129,5], [129,9], [129,6], [129,7], [129,0], [129,2]] merged=[[129,8], [129,2], [129,7], [129,4], [129,0], [129,9], [129,5], [129,3], [129,6]] --- (Vertex6)[[w129,9], [w129,0], [w129,6], [w129,8], [w130,3], [131,5], [131,9], [w129,4], [w129,3], [w130,4], [131,7], [w129,7], [w130,5], [w129,5], [w129,2], [w130,2], [w130,6], [w130,9], [131,3], [131,4]] weak=[[w129,9], [w129,0], [w129,6], [w129,8], [w130,3], [w129,4], [w129,3], [w130,4], [w129,7], [w130,5], [w129,5], [w129,2], [w130,2], [w130,6], [w130,9]] (solid_wave_vertices: 9) solid=[[129,2], [129,6], [129,3], [129,0], [129,5], [129,4], [129,9], [129,8], [129,7]] merged=[[129,4], [129,3], [129,6], [129,0], [129,9], [129,7], [129,8], [129,5], [129,2]] --- (Vertex7)[[w129,9], [w130,0], [w129,0], [w129,6], [w129,8], [w130,3], [131,5], [w129,4], [w129,3], [w130,4], [131,7], [w129,7], [131,8], [w130,5], [w129,5], [w129,2], [w130,2], [w130,6], [w130,9], [131,3]] weak=[[w129,9], [w130,0], [w129,0], [w129,6], [w129,8], [w130,3], [w129,4], [w129,3], [w130,4], [w129,7], [w130,5], [w129,5], [w129,2], [w130,2], [w130,6], [w130,9]] (solid_wave_vertices: 9) solid=[[129,9], [129,3], [129,7], [129,5], [129,2], [129,4], [129,8], [129,6], [129,0]] merged=[[129,5], [129,3], [129,4], [129,0], [129,8], [129,7], [129,2], [129,9], [129,6]] --- (Vertex8)[[w129,9], [w130,0], [w129,0], [w129,6], [w129,8], [w130,3], [w129,4], [w129,3], [w130,4], [131,7], [w129,7], [131,8], [w130,5], [w129,5], [w129,2], [w130,2], [w130,6], [w130,9], [131,3], [131,4]] weak=[[w129,9], [w130,0], [w129,0], [w129,6], [w129,8], [w130,3], [w129,4], [w129,3], [w130,4], [w129,7], [w130,5], [w129,5], [w129,2], [w130,2], [w130,6], [w130,9]] (solid_wave_vertices: 9) solid=[[129,4], [129,3], [129,5], [129,2], [129,6], [129,0], [129,9], [129,8], [129,7]] merged=[[129,6], [129,4], [129,7], [129,2], [129,5], [129,8], [129,0], [129,3], [129,9]] --- (Vertex9)[[w129,9], [w129,0], [w129,6], [w129,8], [w130,3], [131,5], [131,9], [w129,4], [w129,3], [w130,4], [w129,7], [w130,5], [w129,5], [w129,2], [w130,2], [w130,6], [w130,9], [131,3], [131,4]] weak=[[w129,9], [w129,0], [w129,6], [w129,8], [w130,3], [w129,4], [w129,3], [w130,4], [w129,7], [w130,5], [w129,5], [w129,2], [w130,2], [w130,6], [w130,9]] (solid_wave_vertices: 9) solid=[[129,6], [129,7], [129,8], [129,0], [129,4], [129,9], [129,2], [129,3], [129,5]] merged=[[129,8], [129,9], [129,0], [129,5], [129,7], [129,6], [129,2], [129,4], [129,3]]
Round 133: (Vertex0)[[w129,9], [w130,0], [w129,0], [w129,6], [w129,8], [w130,3], [w131,5], [w131,9], [w129,4], [w129,3], [w130,4], [w131,7], [w129,7], [w131,8], [w130,5], [w129,5], [w129,2], [w131,0], [w130,2], [w130,6], [w130,9], [w131,3], [w131,4]] weak=[[w129,9], [w130,0], [w129,0], [w129,6], [w129,8], [w130,3], [w131,5], [w131,9], [w129,4], [w129,3], [w130,4], [w131,7], [w129,7], [w131,8], [w130,5], [w129,5], [w129,2], [w131,0], [w130,2], [w130,6], [w130,9], [w131,3], [w131,4]] (solid_wave_vertices: 9) solid=[[129,6], [129,9], [129,2], [129,3], [129,7], [129,8], [129,0], [129,4], [129,5]] merged=[[133,0]] --- (Vertex1)[[w129,9], [w130,0], [w129,0], [w129,6], [w129,8], [w130,3], [w131,5], [w131,9], [w129,4], [w129,3], [w130,4], [w131,7], [w129,7], [w129,1], [w131,8], [w130,1], [w130,5], [w129,5], [w129,2], [w131,0], [w130,2], [w130,6], [w130,9], [w131,3], [w131,4]] weak=[[w129,9], [w130,0], [w129,0], [w129,6], [w129,8], [w130,3], [w131,5], [w131,9], [w129,4], [w129,3], [w130,4], [w131,7], [w129,7], [w129,1], [w131,8], [w130,1], [w130,5], [w129,5], [w129,2], [w131,0], [w130,2], [w130,6], [w130,9], [w131,3], [w131,4]] (solid_wave_vertices: 10) solid=[[129,8], [129,3], [129,6], [129,1], [129,5], [129,2], [129,0], [129,4], [129,9], [129,7]] merged=[[133,1]] --- (Vertex2)[[w131,6], [w129,9], [132,3], [132,4], [w130,0], [w129,0], [w129,6], [132,5], [w129,8], [w130,3], [w131,5], [w131,9], [w129,4], [132,6], [w129,3], [w130,4], [w131,7], [w129,7], [w129,1], [w131,8], [132,2], [132,9], [w130,5], [w129,5], [w129,2], [w131,0], [w130,2], [w130,6], [w130,9], [w131,3], [w131,4], [w131,2]] weak=[[w131,6], [w129,9], [w130,0], [w129,0], [w129,6], [w129,8], [w130,3], [w131,5], [w131,9], [w129,4], [w129,3], [w130,4], [w131,7], [w129,7], [w129,1], [w131,8], [w130,5], [w129,5], [w129,2], [w131,0], [w130,2], [w130,6], [w130,9], [w131,3], [w131,4], [w131,2]] (solid_wave_vertices: 10) solid=[[129,3], [129,1], [129,0], [129,9], [129,2], [129,4], [129,7], [129,8], [129,6], [129,5]] merged=[[133,2]] --- (Vertex3)[[w131,6], [w129,9], [132,3], [132,4], [w130,0], [w129,0], [w129,6], [132,5], [w129,8], [w130,3], [w131,5], [w131,9], [w129,4], [132,6], [w129,3], [w130,4], [w131,7], [w129,7], [w129,1], [w131,8], [132,2], [w130,5], [w129,5], [w129,2], [w131,0], [w130,2], [w130,6], [w130,9], [w131,3], [w131,4], [w131,2]] weak=[[w131,6], [w129,9], [w130,0], [w129,0], [w129,6], [w129,8], [w130,3], [w131,5], [w131,9], [w129,4], [w129,3], [w130,4], [w131,7], [w129,7], [w129,1], [w131,8], [w130,5], [w129,5], [w129,2], [w131,0], [w130,2], [w130,6], [w130,9], [w131,3], [w131,4], [w131,2]] (solid_wave_vertices: 10) solid=[[129,8], [129,9], [129,0], [129,3], [129,4], [129,5], [129,2], [129,6], [129,1], [129,7]] merged=[[133,3]] --- (Vertex4)[[w131,6], [w129,9], [132,3], [132,4], [w130,0], [w129,0], [w129,6], [132,5], [w129,8], [w130,3], [w131,5], [w131,9], [w129,4], [132,6], [w129,3], [w130,4], [w131,7], [w129,7], [w129,1], [w131,8], [132,2], [w130,5], [w129,5], [w129,2], [w131,0], [w130,2], [w130,6], [w130,9], [w131,3], [w131,4], [w131,2]] weak=[[w131,6], [w129,9], [w130,0], [w129,0], [w129,6], [w129,8], [w130,3], [w131,5], [w131,9], [w129,4], [w129,3], [w130,4], [w131,7], [w129,7], [w129,1], [w131,8], [w130,5], [w129,5], [w129,2], [w131,0], [w130,2], [w130,6], [w130,9], [w131,3], [w131,4], [w131,2]] (solid_wave_vertices: 10) solid=[[129,2], [129,0], [129,5], [129,6], [129,3], [129,1], [129,7], [129,9], [129,8], [129,4]] merged=[[133,4]] --- (Vertex5)[[w131,6], [w129,9], [132,3], [132,4], [w130,0], [w129,0], [w129,6], [132,5], [w129,8], [w130,3], [w131,5], [w131,9], [w129,4], [132,6], [w129,3], [w130,4], [w131,7], [w129,7], [w129,1], [w131,8], [132,2], [w130,5], [w129,5], [w129,2], [w131,0], [w130,2], [w130,6], [w130,9], [w131,3], [w131,4], [w131,2]] weak=[[w131,6], [w129,9], [w130,0], [w129,0], [w129,6], [w129,8], [w130,3], [w131,5], [w131,9], [w129,4], [w129,3], [w130,4], [w131,7], [w129,7], [w129,1], [w131,8], [w130,5], [w129,5], [w129,2], [w131,0], [w130,2], [w130,6], [w130,9], [w131,3], [w131,4], [w131,2]] (solid_wave_vertices: 10) solid=[[129,6], [129,0], [129,8], [129,2], [129,3], [129,7], [129,1], [129,5], [129,9], [129,4]] merged=[[133,5]] --- (Vertex6)[[w131,6], [w129,9], [132,3], [132,4], [w130,0], [w129,0], [w129,6], [132,5], [w129,8], [w130,3], [w131,5], [w131,9], [w129,4], [132,6], [w129,3], [w130,4], [w131,7], [w129,7], [w129,1], [w131,8], [132,2], [132,9], [w130,5], [w129,5], [w129,2], [w131,0], [w130,2], [w130,6], [w130,9], [w131,3], [w131,4], [w131,2]] weak=[[w131,6], [w129,9], [w130,0], [w129,0], [w129,6], [w129,8], [w130,3], [w131,5], [w131,9], [w129,4], [w129,3], [w130,4], [w131,7], [w129,7], [w129,1], [w131,8], [w130,5], [w129,5], [w129,2], [w131,0], [w130,2], [w130,6], [w130,9], [w131,3], [w131,4], [w131,2]] (solid_wave_vertices: 10) solid=[[129,7], [129,2], [129,1], [129,8], [129,5], [129,9], [129,6], [129,4], [129,0], [129,3]] merged=[[133,6]] --- (Vertex7)[[w131,6], [w129,9], [132,4], [w130,0], [w129,0], [w129,6], [132,8], [w129,8], [w130,3], [w131,5], [w131,9], [w129,4], [w129,3], [w130,4], [w131,7], [w129,7], [w129,1], [w131,8], [w130,5], [w129,5], [w129,2], [w131,0], [w130,2], [w130,6], [w130,9], [w131,3], [w131,4], [w131,2]] weak=[[w131,6], [w129,9], [w130,0], [w129,0], [w129,6], [w129,8], [w130,3], [w131,5], [w131,9], [w129,4], [w129,3], [w130,4], [w131,7], [w129,7], [w129,1], [w131,8], [w130,5], [w129,5], [w129,2], [w131,0], [w130,2], [w130,6], [w130,9], [w131,3], [w131,4], [w131,2]] (solid_wave_vertices: 10) solid=[[129,2], [129,0], [129,5], [129,8], [129,1], [129,7], [129,3], [129,9], [129,6], [129,4]] merged=[[133,7]] --- (Vertex8)[[w131,6], [w129,9], [w130,0], [w129,0], [w129,6], [132,8], [w129,8], [w130,3], [w131,5], [w131,9], [w129,4], [w129,3], [w130,4], [w131,7], [w129,7], [w129,1], [w131,8], [w130,5], [w129,5], [w129,2], [w131,0], [w130,2], [w130,6], [w130,9], [w131,3], [w131,4], [w131,2]] weak=[[w131,6], [w129,9], [w130,0], [w129,0], [w129,6], [w129,8], [w130,3], [w131,5], [w131,9], [w129,4], [w129,3], [w130,4], [w131,7], [w129,7], [w129,1], [w131,8], [w130,5], [w129,5], [w129,2], [w131,0], [w130,2], [w130,6], [w130,9], [w131,3], [w131,4], [w131,2]] (solid_wave_vertices: 10) solid=[[129,4], [129,0], [129,7], [129,6], [129,3], [129,1], [129,8], [129,9], [129,2], [129,5]] merged=[[133,8]] --- (Vertex9)[[w131,6], [w129,9], [132,3], [132,4], [w130,0], [w129,0], [w129,6], [132,5], [w129,8], [w130,3], [w131,5], [w131,9], [w129,4], [132,6], [w129,3], [w130,4], [w131,7], [w129,7], [w129,1], [w131,8], [132,2], [132,9], [w130,5], [w129,5], [w129,2], [w131,0], [w130,2], [w130,6], [w130,9], [w131,3], [w131,4], [w131,2]] weak=[[w131,6], [w129,9], [w130,0], [w129,0], [w129,6], [w129,8], [w130,3], [w131,5], [w131,9], [w129,4], [w129,3], [w130,4], [w131,7], [w129,7], [w129,1], [w131,8], [w130,5], [w129,5], [w129,2], [w131,0], [w130,2], [w130,6], [w130,9], [w131,3], [w131,4], [w131,2]] (solid_wave_vertices: 10) solid=[[129,8], [129,1], [129,5], [129,4], [129,9], [129,6], [129,2], [129,3], [129,0], [129,7]] merged=[[133,9]]
Round 134: (Vertex0)[[133,7], [133,8], [133,0], [133,3]] (solid_wave_vertices: 4) solid=[[133,0], [133,7], [133,3], [133,8]] merged=[[133,7], [133,3], [133,8], [133,0]] --- (Vertex1)[[133,7], [133,8], [133,0], [133,3]] (solid_wave_vertices: 4) solid=[[133,8], [133,0], [133,3], [133,7]] merged=[[133,0], [133,8], [133,3], [133,7]] --- (Vertex3)[[133,4], [133,0], [133,2], [133,3]] (solid_wave_vertices: 4) solid=[[133,3], [133,2], [133,4], [133,0]] merged=[[133,0], [133,2], [133,4], [133,3]] --- (Vertex4)[[133,4], [133,0], [133,2], [133,3]] (solid_wave_vertices: 4) solid=[[133,4], [133,3], [133,2], [133,0]] merged=[[133,0], [133,2], [133,4], [133,3]] --- (Vertex5)[[133,4], [133,0], [133,2], [133,3]] (solid_wave_vertices: 4) solid=[[133,2], [133,0], [133,3], [133,4]] merged=[[133,4], [133,3], [133,2], [133,0]] --- (Vertex7)[[133,7], [133,8], [133,0], [133,3]] (solid_wave_vertices: 4) solid=[[133,8], [133,0], [133,7], [133,3]] merged=[[133,0], [133,3], [133,7], [133,8]] --- (Vertex8)[[133,7], [133,8], [133,0], [133,3]] (solid_wave_vertices: 4) solid=[[133,7], [133,8], [133,3], [133,0]] merged=[[133,3], [133,8], [133,0], [133,7]]
Round 135: (Vertex0)[[w133,7], [134,7], [w133,8], [134,0], [w133,4], [w133,0], [w133,9], [w133,5], [w133,6], [134,3], [w133,2], [w133,3]] weak=[[w133,7], [w133,8], [w133,4], [w133,0], [w133,9], [w133,5], [w133,6], [w133,2], [w133,3]] (solid_wave_vertices: 9) solid=[[133,0], [133,6], [133,9], [133,3], [133,5], [133,7], [133,2], [133,4], [133,8]] merged=[[133,9], [133,8], [133,0], [133,3], [133,2], [133,7], [133,4], [133,5], [133,6]] --- (Vertex1)[[w133,7], [134,7], [w133,8], [134,0], [w133,4], [w133,0], [w133,9], [w133,5], [w133,6], [w133,1], [134,3], [w133,2], [w133,3], [134,5]] weak=[[w133,7], [w133,8], [w133,4], [w133,0], [w133,9], [w133,5], [w133,6], [w133,1], [w133,2], [w133,3]] (solid_wave_vertices: 10) solid=[[133,0], [133,4], [133,6], [133,8], [133,3], [133,7], [133,5], [133,9], [133,2], [133,1]] merged=[[133,3], [133,7], [133,4], [133,0], [133,9], [133,1], [133,2], [133,5], [133,6], [133,8]] --- (Vertex2)[[w133,4], [w133,0], [w133,9], [w133,5], [w133,6], [w133,2], [w133,3]] weak=[[w133,4], [w133,0], [w133,9], [w133,5], [w133,6], [w133,2], [w133,3]] (solid_wave_vertices: 7) solid=[[133,2], [133,4], [133,6], [133,9], [133,3], [133,5], [133,0]] merged=[[133,0], [133,9], [133,3], [133,4], [133,6], [133,5], [133,2]] --- (Vertex3)[[w133,7], [w133,8], [w133,4], [w133,0], [w133,9], [w133,5], [w133,6], [134,3], [w133,2], [w133,3], [134,5]] weak=[[w133,7], [w133,8], [w133,4], [w133,0], [w133,9], [w133,5], [w133,6], [w133,2], [w133,3]] (solid_wave_vertices: 9) solid=[[133,5], [133,9], [133,6], [133,2], [133,0], [133,3], [133,7], [133,8], [133,4]] merged=[[133,7], [133,5], [133,0], [133,4], [133,8], [133,2], [133,3], [133,9], [133,6]] --- (Vertex4)[[w133,7], [w133,8], [w133,4], [w133,0], [w133,9], [w133,5], [w133,6], [134,4], [134,3], [w133,2], [w133,3], [134,5]] weak=[[w133,7], [w133,8], [w133,4], [w133,0], [w133,9], [w133,5], [w133,6], [w133,2], [w133,3]] (solid_wave_vertices: 9) solid=[[133,2], [133,9], [133,7], [133,4], [133,6], [133,3], [133,5], [133,0], [133,8]] merged=[[133,2], [133,4], [133,5], [133,3], [133,6], [133,8], [133,0], [133,7], [133,9]] --- (Vertex5)[[w133,7], [w133,8], [w133,4], [w133,0], [w133,9], [w133,5], [w133,6], [134,3], [w133,2], [w133,3], [134,5]] weak=[[w133,7], [w133,8], [w133,4], [w133,0], [w133,9], [w133,5], [w133,6], [w133,2], [w133,3]] (solid_wave_vertices: 9) solid=[[133,8], [133,9], [133,4], [133,0], [133,5], [133,3], [133,7], [133,2], [133,6]] merged=[[133,9], [133,2], [133,4], [133,7], [133,8], [133,5], [133,0], [133,3], [133,6]] --- (Vertex6)[[w133,4], [w133,0], [w133,9], [w133,5], [w133,6], [w133,2], [w133,3]] weak=[[w133,4], [w133,0], [w133,9], [w133,5], [w133,6], [w133,2], [w133,3]] (solid_wave_vertices: 7) solid=[[133,5], [133,6], [133,4], [133,9], [133,3], [133,2], [133,0]] merged=[[133,6], [133,9], [133,4], [133,2], [133,3], [133,5], [133,0]] --- (Vertex7)[[w133,7], [134,7], [w133,8], [134,0], [w133,4], [w133,0], [w133,9], [w133,5], [w133,6], [134,3], [w133,2], [w133,3]] weak=[[w133,7], [w133,8], [w133,4], [w133,0], [w133,9], [w133,5], [w133,6], [w133,2], [w133,3]] (solid_wave_vertices: 9) solid=[[133,5], [133,9], [133,2], [133,7], [133,4], [133,8], [133,3], [133,0], [133,6]] merged=[[133,8], [133,7], [133,6], [133,3], [133,0], [133,2], [133,5], [133,9], [133,4]] --- (Vertex8)[[w133,7], [134,7], [w133,8], [134,0], [w133,4], [w133,0], [w133,9], [w133,5], [w133,6], [134,3], [w133,2], [w133,3], [134,5]] weak=[[w133,7], [w133,8], [w133,4], [w133,0], [w133,9], [w133,5], [w133,6], [w133,2], [w133,3]] (solid_wave_vertices: 9) solid=[[133,8], [133,7], [133,6], [133,4], [133,0], [133,9], [133,2], [133,3], [133,5]] merged=[[133,3], [133,4], [133,0], [133,2], [133,9], [133,5], [133,6], [133,7], [133,8]] --- (Vertex9)[[w133,4], [w133,0], [w133,9], [w133,5], [w133,6], [w133,2], [w133,3]] weak=[[w133,4], [w133,0], [w133,9], [w133,5], [w133,6], [w133,2], [w133,3]] (solid_wave_vertices: 7) solid=[[133,0], [133,6], [133,2], [133,9], [133,3], [133,4], [133,5]] merged=[[133,0], [133,6], [133,2], [133,4], [133,5], [133,9], [133,3]]
Round 136: (Vertex0)[[w133,7], [135,7], [w134,8], [w134,7], [135,8], [w133,8], [w134,0], [w133,4], [w133,0], [w133,9], [135,6], [w133,5], [w133,6], [w133,1], [w134,4], [135,5], [w134,3], [135,2], [135,9], [w133,2], [w133,3], [w134,5]] weak=[[w133,7], [w134,8], [w134,7], [w133,8], [w134,0], [w133,4], [w133,0], [w133,9], [w133,5], [w133,6], [w133,1], [w134,4], [w134,3], [w133,2], [w133,3], [w134,5]] (solid_wave_vertices: 10) solid=[[133,0], [133,3], [133,4], [133,7], [133,9], [133,2], [133,6], [133,1], [133,8], [133,5]] merged=[[133,8], [133,1], [133,4], [133,0], [133,3], [133,6], [133,9], [133,2], [133,7], [133,5]] --- (Vertex2)[[w133,7], [w134,7], [w133,8], [w134,0], [w133,4], [w133,0], [w133,9], [135,6], [w133,5], [w133,6], [w134,4], [135,5], [w134,3], [135,2], [135,9], [w133,2], [w133,3], [w134,5]] weak=[[w133,7], [w134,7], [w133,8], [w134,0], [w133,4], [w133,0], [w133,9], [w133,5], [w133,6], [w134,4], [w134,3], [w133,2], [w133,3], [w134,5]] (solid_wave_vertices: 9) solid=[[133,2], [133,3], [133,0], [133,6], [133,8], [133,5], [133,9], [133,7], [133,4]] merged=[[133,4], [133,6], [133,2], [133,0], [133,5], [133,8], [133,9], [133,7], [133,3]] --- (Vertex3)[[w133,7], [w134,8], [w134,7], [w133,8], [w134,0], [w133,4], [w133,0], [w133,9], [135,6], [w133,5], [w133,6], [135,4], [w134,4], [135,5], [w134,3], [135,2], [135,9], [135,3], [w133,2], [w133,3], [w134,5]] weak=[[w133,7], [w134,8], [w134,7], [w133,8], [w134,0], [w133,4], [w133,0], [w133,9], [w133,5], [w133,6], [w134,4], [w134,3], [w133,2], [w133,3], [w134,5]] (solid_wave_vertices: 9) solid=[[133,9], [133,2], [133,4], [133,7], [133,3], [133,8], [133,0], [133,6], [133,5]] merged=[[133,0], [133,4], [133,5], [133,6], [133,3], [133,9], [133,2], [133,8], [133,7]] --- (Vertex5)[[w133,7], [w134,8], [w134,7], [w133,8], [w134,0], [w133,4], [w133,0], [w133,9], [135,6], [w133,5], [w133,6], [135,4], [w134,4], [135,5], [w134,3], [135,2], [135,9], [135,3], [w133,2], [w133,3], [w134,5]] weak=[[w133,7], [w134,8], [w134,7], [w133,8], [w134,0], [w133,4], [w133,0], [w133,9], [w133,5], [w133,6], [w134,4], [w134,3], [w133,2], [w133,3], [w134,5]] (solid_wave_vertices: 9) solid=[[133,7], [133,4], [133,5], [133,8], [133,2], [133,6], [133,9], [133,0], [133,3]] merged=[[133,3], [133,5], [133,7], [133,4], [133,8], [133,9], [133,0], [133,2], [133,6]] --- (Vertex6)[[w133,7], [w134,7], [w133,8], [w134,0], [w133,4], [w133,0], [w133,9], [135,6], [w133,5], [w133,6], [w134,4], [135,5], [w134,3], [135,2], [135,9], [w133,2], [w133,3], [w134,5]] weak=[[w133,7], [w134,7], [w133,8], [w134,0], [w133,4], [w133,0], [w133,9], [w133,5], [w133,6], [w134,4], [w134,3], [w133,2], [w133,3], [w134,5]] (solid_wave_vertices: 9) solid=[[133,6], [133,5], [133,9], [133,7], [133,0], [133,4], [133,2], [133,8], [133,3]] merged=[[133,5], [133,2], [133,9], [133,8], [133,3], [133,4], [133,0], [133,6], [133,7]] --- (Vertex7)[[w133,7], [135,7], [w134,8], [w134,7], [135,8], [w133,8], [w134,0], [w133,4], [w133,0], [w133,9], [135,6], [w133,5], [w133,6], [w133,1], [w134,4], [w134,3], [135,2], [135,9], [135,3], [w133,2], [w133,3], [w134,5]] weak=[[w133,7], [w134,8], [w134,7], [w133,8], [w134,0], [w133,4], [w133,0], [w133,9], [w133,5], [w133,6], [w133,1], [w134,4], [w134,3], [w133,2], [w133,3], [w134,5]] (solid_wave_vertices: 10) solid=[[133,3], [133,5], [133,7], [133,6], [133,8], [133,0], [133,4], [133,1], [133,2], [133,9]] merged=[[133,2], [133,5], [133,9], [133,0], [133,1], [133,4], [133,7], [133,8], [133,6], [133,3]] --- (Vertex8)[[w133,7], [w134,8], [w134,7], [135,8], [w133,8], [w134,0], [w133,4], [w133,0], [w133,9], [135,6], [w133,5], [w133,6], [w133,1], [w134,4], [135,5], [w134,3], [135,2], [135,9], [w133,2], [w133,3], [w134,5]] weak=[[w133,7], [w134,8], [w134,7], [w133,8], [w134,0], [w133,4], [w133,0], [w133,9], [w133,5], [w133,6], [w133,1], [w134,4], [w134,3], [w133,2], [w133,3], [w134,5]] (solid_wave_vertices: 10) solid=[[133,2], [133,0], [133,9], [133,7], [133,4], [133,1], [133,8], [133,6], [133,3], [133,5]] merged=[[133,1], [133,4], [133,2], [133,9], [133,0], [133,7], [133,5], [133,8], [133,3], [133,6]] --- (Vertex9)[[w133,7], [w134,8], [w134,7], [w133,8], [w134,0], [w133,4], [w133,0], [w133,9], [135,6], [w133,5], [w133,6], [w134,4], [135,5], [w134,3], [135,2], [135,9], [w133,2], [w133,3], [w134,5]] weak=[[w133,7], [w134,8], [w134,7], [w133,8], [w134,0], [w133,4], [w133,0], [w133,9], [w133,5], [w133,6], [w134,4], [w134,3], [w133,2], [w133,3], [w134,5]] (solid_wave_vertices: 9) solid=[[133,4], [133,5], [133,7], [133,0], [133,8], [133,3], [133,9], [133,6], [133,2]] merged=[[133,8], [133,2], [133,7], [133,6], [133,9], [133,0], [133,5], [133,4], [133,3]]
Round 137: (Vertex0)[[w133,7], [136,0], [w135,7], [w134,8], [w134,7], [136,9], [w135,8], [136,6], [w133,8], [w134,0], [w133,4], [w135,0], [w133,0], [w133,9], [w135,6], [w133,5], [w133,6], [w135,4], [w133,1], [w134,4], [w135,5], [w134,3], [w135,2], [w135,9], [w135,3], [w133,2], [w133,3], [w134,1], [w134,5], [136,2]] weak=[[w133,7], [w135,7], [w134,8], [w134,7], [w135,8], [w133,8], [w134,0], [w133,4], [w135,0], [w133,0], [w133,9], [w135,6], [w133,5], [w133,6], [w135,4], [w133,1], [w134,4], [w135,5], [w134,3], [w135,2], [w135,9], [w135,3], [w133,2], [w133,3], [w134,1], [w134,5]] (solid_wave_vertices: 10) solid=[[133,0], [133,2], [133,6], [133,5], [133,1], [133,8], [133,7], [133,4], [133,3], [133,9]] merged=[[137,0]] --- (Vertex1)[[w133,7], [w135,7], [w134,8], [w134,7], [w135,8], [w133,8], [w134,0], [w133,4], [w133,0], [w133,9], [w135,6], [w133,5], [w133,6], [w133,1], [w134,4], [w135,5], [w134,3], [w135,2], [w135,9], [w135,3], [w133,2], [w133,3], [w134,1], [w134,5]] weak=[[w133,7], [w135,7], [w134,8], [w134,7], [w135,8], [w133,8], [w134,0], [w133,4], [w133,0], [w133,9], [w135,6], [w133,5], [w133,6], [w133,1], [w134,4], [w135,5], [w134,3], [w135,2], [w135,9], [w135,3], [w133,2], [w133,3], [w134,1], [w134,5]] (solid_wave_vertices: 10) solid=[[133,2], [133,8], [133,1], [133,6], [133,9], [133,7], [133,3], [133,4], [133,0], [133,5]] merged=[[137,1]] --- (Vertex2)[[w133,7], [w135,7], [w134,8], [w134,7], [136,9], [w135,8], [136,6], [w133,8], [w134,0], [w133,4], [w133,0], [w133,9], [w135,6], [w133,5], [w133,6], [w135,4], [w133,1], [w134,4], [w135,5], [w134,3], [w135,2], [w135,9], [w135,3], [w133,2], [w133,3], [w134,5], [136,2]] weak=[[w133,7], [w135,7], [w134,8], [w134,7], [w135,8], [w133,8], [w134,0], [w133,4], [w133,0], [w133,9], [w135,6], [w133,5], [w133,6], [w135,4], [w133,1], [w134,4], [w135,5], [w134,3], [w135,2], [w135,9], [w135,3], [w133,2], [w133,3], [w134,5]] (solid_wave_vertices: 10) solid=[[133,7], [133,6], [133,8], [133,4], [133,0], [133,5], [133,2], [133,1], [133,3], [133,9]] merged=[[137,2]] --- (Vertex3)[[w133,7], [w135,7], [w134,8], [w134,7], [136,9], [w135,8], [136,6], [w133,8], [w134,0], [w133,4], [w133,0], [w133,9], [w135,6], [w133,5], [w133,6], [w135,4], [w133,1], [w134,4], [w135,5], [w134,3], [w135,2], [w135,9], [w135,3], [w133,2], [w133,3], [w134,5], [136,2]] weak=[[w133,7], [w135,7], [w134,8], [w134,7], [w135,8], [w133,8], [w134,0], [w133,4], [w133,0], [w133,9], [w135,6], [w133,5], [w133,6], [w135,4], [w133,1], [w134,4], [w135,5], [w134,3], [w135,2], [w135,9], [w135,3], [w133,2], [w133,3], [w134,5]] (solid_wave_vertices: 10) solid=[[133,8], [133,7], [133,9], [133,2], [133,5], [133,3], [133,0], [133,6], [133,1], [133,4]] merged=[[137,3]] --- (Vertex4)[[w133,7], [w134,8], [w134,7], [w135,8], [w133,8], [w134,0], [w133,4], [w133,0], [w133,9], [w135,6], [w133,5], [w133,6], [w135,4], [w134,4], [w135,5], [w134,3], [w135,2], [w135,9], [w135,3], [w133,2], [w133,3], [w134,5]] weak=[[w133,7], [w134,8], [w134,7], [w135,8], [w133,8], [w134,0], [w133,4], [w133,0], [w133,9], [w135,6], [w133,5], [w133,6], [w135,4], [w134,4], [w135,5], [w134,3], [w135,2], [w135,9], [w135,3], [w133,2], [w133,3], [w134,5]] (solid_wave_vertices: 9) solid=[[133,7], [133,9], [133,6], [133,4], [133,0], [133,8], [133,2], [133,5], [133,3]] merged=[[137,4]] --- (Vertex5)[[w133,7], [w135,7], [w134,8], [w134,7], [136,9], [w135,8], [136,6], [w133,8], [w134,0], [w133,4], [w133,0], [w133,9], [w135,6], [w133,5], [w133,6], [w135,4], [w133,1], [w134,4], [w135,5], [w134,3], [w135,2], [w135,9], [w135,3], [w133,2], [w133,3], [w134,5], [136,2]] weak=[[w133,7], [w135,7], [w134,8], [w134,7], [w135,8], [w133,8], [w134,0], [w133,4], [w133,0], [w133,9], [w135,6], [w133,5], [w133,6], [w135,4], [w133,1], [w134,4], [w135,5], [w134,3], [w135,2], [w135,9], [w135,3], [w133,2], [w133,3], [w134,5]] (solid_wave_vertices: 10) solid=[[133,0], [133,3], [133,2], [133,4], [133,9], [133,7], [133,1], [133,8], [133,6], [133,5]] merged=[[137,5]] --- (Vertex6)[[w133,7], [w135,7], [w134,8], [w134,7], [136,9], [w135,8], [136,6], [w133,8], [w134,0], [w133,4], [w133,0], [w133,9], [w135,6], [w133,5], [w133,6], [w135,4], [w133,1], [w134,4], [w135,5], [w134,3], [w135,2], [w135,9], [w135,3], [w133,2], [w133,3], [w134,5], [136,2]] weak=[[w133,7], [w135,7], [w134,8], [w134,7], [w135,8], [w133,8], [w134,0], [w133,4], [w133,0], [w133,9], [w135,6], [w133,5], [w133,6], [w135,4], [w133,1], [w134,4], [w135,5], [w134,3], [w135,2], [w135,9], [w135,3], [w133,2], [w133,3], [w134,5]] (solid_wave_vertices: 10) solid=[[133,5], [133,6], [133,1], [133,9], [133,2], [133,8], [133,7], [133,4], [133,0], [133,3]] merged=[[137,6]] --- (Vertex7)[[w133,7], [136,0], [w135,7], [w134,8], [w134,7], [136,9], [w135,8], [136,6], [w133,8], [w134,0], [w133,4], [w135,0], [w133,0], [w133,9], [w135,6], [w133,5], [w133,6], [w135,4], [w133,1], [w134,4], [w135,5], [w134,3], [w135,2], [w135,9], [w135,3], [w133,2], [w133,3], [w134,1], [w134,5], [136,2]] weak=[[w133,7], [w135,7], [w134,8], [w134,7], [w135,8], [w133,8], [w134,0], [w133,4], [w135,0], [w133,0], [w133,9], [w135,6], [w133,5], [w133,6], [w135,4], [w133,1], [w134,4], [w135,5], [w134,3], [w135,2], [w135,9], [w135,3], [w133,2], [w133,3], [w134,1], [w134,5]] (solid_wave_vertices: 10) solid=[[133,6], [133,5], [133,0], [133,9], [133,7], [133,1], [133,3], [133,4], [133,8], [133,2]] merged=[[137,7]] --- (Vertex8)[[w133,7], [136,0], [w135,7], [w134,8], [w134,7], [136,9], [w135,8], [136,6], [w133,8], [w134,0], [w133,4], [w135,0], [w133,0], [w133,9], [w135,6], [w133,5], [w133,6], [w135,4], [w133,1], [w134,4], [w135,5], [w134,3], [w135,2], [w135,9], [w135,3], [w133,2], [w133,3], [w134,1], [w134,5], [136,2]] weak=[[w133,7], [w135,7], [w134,8], [w134,7], [w135,8], [w133,8], [w134,0], [w133,4], [w135,0], [w133,0], [w133,9], [w135,6], [w133,5], [w133,6], [w135,4], [w133,1], [w134,4], [w135,5], [w134,3], [w135,2], [w135,9], [w135,3], [w133,2], [w133,3], [w134,1], [w134,5]] (solid_wave_vertices: 10) solid=[[133,4], [133,1], [133,7], [133,5], [133,9], [133,0], [133,6], [133,2], [133,3], [133,8]] merged=[[137,8]] --- (Vertex9)[[w133,7], [w135,7], [w134,8], [w134,7], [136,9], [w135,8], [136,6], [w133,8], [w134,0], [w133,4], [w133,0], [w133,9], [w135,6], [w133,5], [w133,6], [w135,4], [w133,1], [w134,4], [w135,5], [w134,3], [w135,2], [w135,9], [w135,3], [w133,2], [w133,3], [w134,5], [136,2]] weak=[[w133,7], [w135,7], [w134,8], [w134,7], [w135,8], [w133,8], [w134,0], [w133,4], [w133,0], [w133,9], [w135,6], [w133,5], [w133,6], [w135,4], [w133,1], [w134,4], [w135,5], [w134,3], [w135,2], [w135,9], [w135,3], [w133,2], [w133,3], [w134,5]] (solid_wave_vertices: 10) solid=[[133,7], [133,0], [133,5], [133,2], [133,3], [133,1], [133,8], [133,6], [133,4], [133,9]] merged=[[137,9]]
Round 138: (Vertex1)[[137,4], [137,9], [137,6], [137,2]] (solid_wave_vertices: 4) solid=[[137,2], [137,6], [137,9], [137,4]] merged=[[137,4], [137,2], [137,9], [137,6]] --- (Vertex2)[[137,4], [137,9], [137,6], [137,2]] (solid_wave_vertices: 4) solid=[[137,4], [137,2], [137,6], [137,9]] merged=[[137,6], [137,9], [137,4], [137,2]] --- (Vertex3)[[137,4], [137,9], [137,6], [137,2]] (solid_wave_vertices: 4) solid=[[137,2], [137,6], [137,9], [137,4]] merged=[[137,2], [137,6], [137,4], [137,9]] --- (Vertex4)[[137,4], [137,9], [137,6], [137,2]] (solid_wave_vertices: 4) solid=[[137,2], [137,6], [137,4], [137,9]] merged=[[137,2], [137,4], [137,6], [137,9]] --- (Vertex5)[[137,4], [137,9], [137,6], [137,2]] (solid_wave_vertices: 4) solid=[[137,4], [137,6], [137,2], [137,9]] merged=[[137,6], [137,4], [137,9], [137,2]] --- (Vertex6)[[137,4], [137,9], [137,6], [137,2]] (solid_wave_vertices: 4) solid=[[137,9], [137,2], [137,4], [137,6]] merged=[[137,9], [137,2], [137,6], [137,4]] --- (Vertex9)[[137,4], [137,9], [137,6], [137,2]] (solid_wave_vertices: 4) solid=[[137,4], [137,6], [137,2], [137,9]] merged=[[137,4], [137,6], [137,2], [137,9]]
Round 139: (Vertex0)[[w137,4], [w137,9], [w137,0], [w137,6], [w137,2], [w137,7], [w137,8]] weak=[[w137,4], [w137,9], [w137,0], [w137,6], [w137,2], [w137,7], [w137,8]] (solid_wave_vertices: 7) solid=[[137,7], [137,0], [137,9], [137,4], [137,6], [137,8], [137,2]] merged=[[137,7], [137,8], [137,2], [137,6], [137,4], [137,0], [137,9]] --- (Vertex1)[[w137,4], [w137,5], [w137,3], [w137,9], [w137,0], [w137,6], [w137,1], [138,2], [w137,2], [138,9], [138,6], [w137,7], [138,4], [w137,8]] weak=[[w137,4], [w137,5], [w137,3], [w137,9], [w137,0], [w137,6], [w137,1], [w137,2], [w137,7], [w137,8]] (solid_wave_vertices: 10) solid=[[137,0], [137,8], [137,1], [137,9], [137,6], [137,5], [137,2], [137,4], [137,3], [137,7]] merged=[[137,4], [137,3], [137,0], [137,8], [137,1], [137,9], [137,6], [137,7], [137,5], [137,2]] --- (Vertex2)[[w137,4], [w137,5], [w137,3], [w137,9], [w137,0], [w137,6], [138,2], [w137,2], [138,9], [138,6], [138,4], [w137,8]] weak=[[w137,4], [w137,5], [w137,3], [w137,9], [w137,0], [w137,6], [w137,2], [w137,8]] (solid_wave_vertices: 8) solid=[[137,6], [137,9], [137,8], [137,5], [137,0], [137,3], [137,2], [137,4]] merged=[[137,9], [137,5], [137,8], [137,2], [137,3], [137,0], [137,4], [137,6]] --- (Vertex3)[[w137,4], [w137,5], [w137,3], [w137,9], [w137,0], [w137,6], [138,2], [138,5], [138,3], [w137,2], [138,9], [138,6], [w137,7], [138,4], [w137,8]] weak=[[w137,4], [w137,5], [w137,3], [w137,9], [w137,0], [w137,6], [w137,2], [w137,7], [w137,8]] (solid_wave_vertices: 9) solid=[[137,2], [137,6], [137,3], [137,8], [137,0], [137,4], [137,7], [137,9], [137,5]] merged=[[137,7], [137,9], [137,0], [137,4], [137,2], [137,8], [137,6], [137,3], [137,5]] --- (Vertex4)[[w137,4], [w137,5], [w137,3], [w137,9], [w137,0], [w137,6], [138,2], [w137,2], [138,9], [138,6], [w137,7], [138,4], [w137,8]] weak=[[w137,4], [w137,5], [w137,3], [w137,9], [w137,0], [w137,6], [w137,2], [w137,7], [w137,8]] (solid_wave_vertices: 9) solid=[[137,9], [137,2], [137,8], [137,0], [137,5], [137,7], [137,3], [137,6], [137,4]] merged=[[137,7], [137,5], [137,0], [137,8], [137,6], [137,9], [137,4], [137,2], [137,3]] --- (Vertex5)[[w137,4], [w137,5], [w137,3], [w137,9], [w137,0], [w137,6], [138,2], [138,5], [138,3], [w137,2], [138,9], [138,6], [w137,7], [138,4], [w137,8]] weak=[[w137,4], [w137,5], [w137,3], [w137,9], [w137,0], [w137,6], [w137,2], [w137,7], [w137,8]] (solid_wave_vertices: 9) solid=[[137,4], [137,9], [137,5], [137,8], [137,2], [137,0], [137,3], [137,6], [137,7]] merged=[[137,5], [137,8], [137,2], [137,0], [137,3], [137,7], [137,4], [137,9], [137,6]] --- (Vertex6)[[w137,4], [w137,5], [w137,3], [w137,9], [w137,0], [w137,6], [138,2], [w137,2], [138,9], [138,6], [w137,7], [138,4], [w137,8]] weak=[[w137,4], [w137,5], [w137,3], [w137,9], [w137,0], [w137,6], [w137,2], [w137,7], [w137,8]] (solid_wave_vertices: 9) solid=[[137,2], [137,4], [137,0], [137,5], [137,6], [137,3], [137,7], [137,8], [137,9]] merged=[[137,4], [137,5], [137,8], [137,7], [137,9], [137,0], [137,6], [137,2], [137,3]] --- (Vertex7)[[w137,4], [w137,9], [w137,0], [w137,6], [w137,2], [w137,7], [w137,8]] weak=[[w137,4], [w137,9], [w137,0], [w137,6], [w137,2], [w137,7], [w137,8]] (solid_wave_vertices: 7) solid=[[137,8], [137,7], [137,4], [137,6], [137,9], [137,2], [137,0]] merged=[[137,0], [137,8], [137,6], [137,9], [137,7], [137,2], [137,4]] --- (Vertex8)[[w137,4], [w137,9], [w137,0], [w137,6], [w137,2], [w137,7], [w137,8]] weak=[[w137,4], [w137,9], [w137,0], [w137,6], [w137,2], [w137,7], [w137,8]] (solid_wave_vertices: 7) solid=[[137,7], [137,0], [137,8], [137,4], [137,9], [137,2], [137,6]] merged=[[137,8], [137,4], [137,2], [137,9], [137,0], [137,7], [137,6]] --- (Vertex9)[[w137,4], [w137,5], [w137,3], [w137,9], [w137,0], [w137,6], [138,2], [w137,2], [138,9], [138,6], [w137,7], [138,4]] weak=[[w137,4], [w137,5], [w137,3], [w137,9], [w137,0], [w137,6], [w137,2], [w137,7]] (solid_wave_vertices: 8) solid=[[137,0], [137,9], [137,3], [137,5], [137,4], [137,6], [137,2], [137,7]] merged=[[137,6], [137,5], [137,7], [137,0], [137,3], [137,9], [137,2], [137,4]]
Round 140: (Vertex0)[[w137,4], [139,8], [w137,5], [w137,3], [w137,9], [139,0], [w137,0], [w137,6], [w137,1], [w138,2], [w138,5], [w138,3], [w137,2], [w138,9], [139,4], [w138,6], [w137,7], [w138,4], [139,7], [w137,8]] weak=[[w137,4], [w137,5], [w137,3], [w137,9], [w137,0], [w137,6], [w137,1], [w138,2], [w138,5], [w138,3], [w137,2], [w138,9], [w138,6], [w137,7], [w138,4], [w137,8]] (solid_wave_vertices: 10) solid=[[137,1], [137,0], [137,6], [137,3], [137,9], [137,2], [137,7], [137,8], [137,5], [137,4]] merged=[[137,7], [137,2], [137,8], [137,3], [137,5], [137,4], [137,9], [137,1], [137,0], [137,6]] --- (Vertex2)[[w137,4], [139,8], [139,9], [w137,5], [w137,3], [w137,9], [w137,0], [w137,6], [w138,2], [w138,5], [w138,3], [w137,2], [w138,9], [139,4], [w138,6], [139,2], [w137,7], [w138,4], [139,6], [w137,8]] weak=[[w137,4], [w137,5], [w137,3], [w137,9], [w137,0], [w137,6], [w138,2], [w138,5], [w138,3], [w137,2], [w138,9], [w138,6], [w137,7], [w138,4], [w137,8]] (solid_wave_vertices: 9) solid=[[137,5], [137,0], [137,6], [137,8], [137,9], [137,3], [137,2], [137,4], [137,7]] merged=[[137,2], [137,8], [137,4], [137,6], [137,3], [137,5], [137,7], [137,0], [137,9]] --- (Vertex4)[[w137,4], [139,9], [w137,5], [w137,3], [w137,9], [w137,0], [w137,6], [w138,2], [w138,5], [w138,3], [w137,2], [w138,9], [139,4], [w138,6], [139,2], [w137,7], [w138,4], [139,7], [139,6], [w137,8]] weak=[[w137,4], [w137,5], [w137,3], [w137,9], [w137,0], [w137,6], [w138,2], [w138,5], [w138,3], [w137,2], [w138,9], [w138,6], [w137,7], [w138,4], [w137,8]] (solid_wave_vertices: 9) solid=[[137,0], [137,7], [137,4], [137,3], [137,2], [137,8], [137,5], [137,9], [137,6]] merged=[[137,4], [137,0], [137,9], [137,7], [137,6], [137,2], [137,3], [137,8], [137,5]] --- (Vertex6)[[w137,4], [139,8], [139,9], [w137,5], [w137,3], [w137,9], [w137,0], [w137,6], [w138,2], [w138,5], [w138,3], [w137,2], [w138,9], [139,4], [w138,6], [139,2], [w137,7], [w138,4], [139,6], [w137,8]] weak=[[w137,4], [w137,5], [w137,3], [w137,9], [w137,0], [w137,6], [w138,2], [w138,5], [w138,3], [w137,2], [w138,9], [w138,6], [w137,7], [w138,4], [w137,8]] (solid_wave_vertices: 9) solid=[[137,9], [137,8], [137,4], [137,5], [137,6], [137,2], [137,0], [137,3], [137,7]] merged=[[137,0], [137,6], [137,3], [137,4], [137,8], [137,7], [137,2], [137,9], [137,5]] --- (Vertex7)[[w137,4], [139,8], [w137,5], [w137,3], [w137,9], [139,0], [w137,0], [w137,6], [w137,1], [w138,2], [w138,5], [w138,3], [w137,2], [w138,9], [139,4], [w138,6], [w137,7], [w138,4], [139,7], [w137,8]] weak=[[w137,4], [w137,5], [w137,3], [w137,9], [w137,0], [w137,6], [w137,1], [w138,2], [w138,5], [w138,3], [w137,2], [w138,9], [w138,6], [w137,7], [w138,4], [w137,8]] (solid_wave_vertices: 10) solid=[[137,3], [137,7], [137,1], [137,9], [137,4], [137,5], [137,8], [137,0], [137,2], [137,6]] merged=[[137,9], [137,8], [137,5], [137,4], [137,7], [137,6], [137,3], [137,2], [137,0], [137,1]] --- (Vertex8)[[w137,4], [139,8], [w137,5], [w137,3], [w137,9], [139,0], [w137,0], [w137,6], [w137,1], [w138,2], [w138,5], [w138,3], [w137,2], [w138,9], [139,4], [w138,6], [w137,7], [w138,4], [139,7], [w137,8]] weak=[[w137,4], [w137,5], [w137,3], [w137,9], [w137,0], [w137,6], [w137,1], [w138,2], [w138,5], [w138,3], [w137,2], [w138,9], [w138,6], [w137,7], [w138,4], [w137,8]] (solid_wave_vertices: 10) solid=[[137,4], [137,7], [137,3], [137,0], [137,8], [137,2], [137,1], [137,5], [137,6], [137,9]] merged=[[137,9], [137,7], [137,6], [137,2], [137,0], [137,8], [137,5], [137,4], [137,1], [137,3]]
Round 141: (Vertex0)[[w137,4], [w139,8], [w139,9], [w137,5], [w137,3], [w137,9], [w139,0], [w137,0], [w137,6], [w137,1], [w138,2], [w138,5], [w138,3], [w139,3], [w137,2], [140,8], [w138,9], [w139,4], [w138,6], [w139,2], [w139,5], [w137,7], [w138,4], [w139,7], [w139,6], [w137,8]] weak=[[w137,4], [w139,8], [w139,9], [w137,5], [w137,3], [w137,9], [w139,0], [w137,0], [w137,6], [w137,1], [w138,2], [w138,5], [w138,3], [w139,3], [w137,2], [w138,9], [w139,4], [w138,6], [w139,2], [w139,5], [w137,7], [w138,4], [w139,7], [w139,6], [w137,8]] (solid_wave_vertices: 10) solid=[[137,9], [137,6], [137,4], [137,7], [137,3], [137,1], [137,8], [137,2], [137,5], [137,0]] merged=[[141,0]] --- (Vertex1)[[w137,4], [w139,8], [w139,9], [w137,5], [w137,3], [w137,9], [w139,0], [w137,0], [w137,6], [w137,1], [w138,2], [w138,5], [w138,3], [w138,1], [w137,2], [w138,9], [w139,4], [w138,6], [w139,2], [w137,7], [w138,4], [w139,7], [w139,6], [w137,8]] weak=[[w137,4], [w139,8], [w139,9], [w137,5], [w137,3], [w137,9], [w139,0], [w137,0], [w137,6], [w137,1], [w138,2], [w138,5], [w138,3], [w138,1], [w137,2], [w138,9], [w139,4], [w138,6], [w139,2], [w137,7], [w138,4], [w139,7], [w139,6], [w137,8]] (solid_wave_vertices: 10) solid=[[137,3], [137,8], [137,2], [137,9], [137,6], [137,5], [137,0], [137,1], [137,7], [137,4]] merged=[[141,1]] --- (Vertex2)[[w137,4], [w139,8], [w139,9], [w137,5], [w137,3], [w137,9], [w139,0], [w137,0], [w137,6], [140,2], [w137,1], [140,6], [w138,2], [w138,5], [w138,3], [w139,3], [w137,2], [w138,9], [w139,4], [w138,6], [w139,2], [w139,5], [140,4], [w137,7], [w138,4], [w139,7], [w139,6], [w137,8]] weak=[[w137,4], [w139,8], [w139,9], [w137,5], [w137,3], [w137,9], [w139,0], [w137,0], [w137,6], [w137,1], [w138,2], [w138,5], [w138,3], [w139,3], [w137,2], [w138,9], [w139,4], [w138,6], [w139,2], [w139,5], [w137,7], [w138,4], [w139,7], [w139,6], [w137,8]] (solid_wave_vertices: 10) solid=[[137,0], [137,7], [137,8], [137,9], [137,4], [137,3], [137,2], [137,6], [137,5], [137,1]] merged=[[141,2]] --- (Vertex3)[[w137,4], [w139,8], [w139,9], [w137,5], [w137,3], [w137,9], [w139,0], [w137,0], [w137,6], [w137,1], [w138,2], [w138,5], [w138,3], [w139,3], [w137,2], [w138,9], [w139,4], [w138,6], [w139,2], [w139,5], [w137,7], [w138,4], [w139,7], [w139,6], [w137,8]] weak=[[w137,4], [w139,8], [w139,9], [w137,5], [w137,3], [w137,9], [w139,0], [w137,0], [w137,6], [w137,1], [w138,2], [w138,5], [w138,3], [w139,3], [w137,2], [w138,9], [w139,4], [w138,6], [w139,2], [w139,5], [w137,7], [w138,4], [w139,7], [w139,6], [w137,8]] (solid_wave_vertices: 10) solid=[[137,4], [137,8], [137,0], [137,1], [137,9], [137,2], [137,6], [137,5], [137,3], [137,7]] merged=[[141,3]] --- (Vertex4)[[w137,4], [w139,8], [w139,9], [w137,5], [w137,3], [w137,9], [w139,0], [w137,0], [w137,6], [140,2], [w137,1], [140,6], [w138,2], [w138,5], [w138,3], [w139,3], [w137,2], [w138,9], [w139,4], [w138,6], [w139,2], [w139,5], [140,4], [w137,7], [w138,4], [w139,7], [w139,6], [w137,8]] weak=[[w137,4], [w139,8], [w139,9], [w137,5], [w137,3], [w137,9], [w139,0], [w137,0], [w137,6], [w137,1], [w138,2], [w138,5], [w138,3], [w139,3], [w137,2], [w138,9], [w139,4], [w138,6], [w139,2], [w139,5], [w137,7], [w138,4], [w139,7], [w139,6], [w137,8]] (solid_wave_vertices: 10) solid=[[137,3], [137,8], [137,4], [137,5], [137,9], [137,7], [137,2], [137,1], [137,0], [137,6]] merged=[[141,4]] --- (Vertex5)[[w137,4], [w139,8], [w139,9], [w137,5], [w137,3], [w137,9], [w139,0], [w137,0], [w137,6], [w137,1], [w138,2], [w138,5], [w138,3], [w139,3], [w137,2], [w138,9], [w139,4], [w138,6], [w139,2], [w139,5], [w137,7], [w138,4], [w139,7], [w139,6], [w137,8]] weak=[[w137,4], [w139,8], [w139,9], [w137,5], [w137,3], [w137,9], [w139,0], [w137,0], [w137,6], [w137,1], [w138,2], [w138,5], [w138,3], [w139,3], [w137,2], [w138,9], [w139,4], [w138,6], [w139,2], [w139,5], [w137,7], [w138,4], [w139,7], [w139,6], [w137,8]] (solid_wave_vertices: 10) solid=[[137,2], [137,6], [137,5], [137,7], [137,3], [137,1], [137,9], [137,4], [137,0], [137,8]] merged=[[141,5]] --- (Vertex6)[[w137,4], [w139,8], [w139,9], [w137,5], [w137,3], [w137,9], [w139,0], [w137,0], [w137,6], [140,2], [w137,1], [140,6], [w138,2], [w138,5], [w138,3], [w139,3], [w137,2], [w138,9], [w139,4], [w138,6], [w139,2], [w139,5], [140,4], [w137,7], [w138,4], [w139,7], [w139,6], [w137,8]] weak=[[w137,4], [w139,8], [w139,9], [w137,5], [w137,3], [w137,9], [w139,0], [w137,0], [w137,6], [w137,1], [w138,2], [w138,5], [w138,3], [w139,3], [w137,2], [w138,9], [w139,4], [w138,6], [w139,2], [w139,5], [w137,7], [w138,4], [w139,7], [w139,6], [w137,8]] (solid_wave_vertices: 10) solid=[[137,2], [137,7], [137,1], [137,9], [137,6], [137,0], [137,3], [137,5], [137,4], [137,8]] merged=[[141,6]] --- (Vertex7)[[w137,4], [w139,8], [w139,9], [w137,5], [w137,3], [w137,9], [w139,0], [w137,0], [w137,6], [w137,1], [w138,2], [w138,5], [w138,3], [w139,3], [w137,2], [140,8], [w138,9], [w139,4], [w138,6], [w139,2], [w139,5], [w137,7], [w138,4], [w139,7], [w139,6], [w137,8]] weak=[[w137,4], [w139,8], [w139,9], [w137,5], [w137,3], [w137,9], [w139,0], [w137,0], [w137,6], [w137,1], [w138,2], [w138,5], [w138,3], [w139,3], [w137,2], [w138,9], [w139,4], [w138,6], [w139,2], [w139,5], [w137,7], [w138,4], [w139,7], [w139,6], [w137,8]] (solid_wave_vertices: 10) solid=[[137,6], [137,8], [137,9], [137,3], [137,5], [137,0], [137,2], [137,1], [137,7], [137,4]] merged=[[141,7]] --- (Vertex8)[[w137,4], [w139,8], [w139,9], [w137,5], [w137,3], [w137,9], [w139,0], [w137,0], [w137,6], [w137,1], [w138,2], [w138,5], [w138,3], [w139,3], [w137,2], [140,8], [w138,9], [w139,4], [w138,6], [w139,2], [w139,5], [w137,7], [w138,4], [w139,7], [w139,6], [w137,8]] weak=[[w137,4], [w139,8], [w139,9], [w137,5], [w137,3], [w137,9], [w139,0], [w137,0], [w137,6], [w137,1], [w138,2], [w138,5], [w138,3], [w139,3], [w137,2], [w138,9], [w139,4], [w138,6], [w139,2], [w139,5], [w137,7], [w138,4], [w139,7], [w139,6], [w137,8]] (solid_wave_vertices: 10) solid=[[137,6], [137,1], [137,3], [137,4], [137,5], [137,0], [137,2], [137,8], [137,7], [137,9]] merged=[[141,8]] --- (Vertex9)[[w137,4], [w139,8], [w139,9], [w137,5], [w137,3], [w137,9], [w139,0], [w137,0], [w137,6], [w138,2], [w138,5], [w138,3], [w137,2], [w138,9], [w139,4], [w138,6], [w139,2], [w137,7], [w138,4], [w139,7], [w139,6], [w137,8]] weak=[[w137,4], [w139,8], [w139,9], [w137,5], [w137,3], [w137,9], [w139,0], [w137,0], [w137,6], [w138,2], [w138,5], [w138,3], [w137,2], [w138,9], [w139,4], [w138,6], [w139,2], [w137,7], [w138,4], [w139,7], [w139,6], [w137,8]] (solid_wave_vertices: 9) solid=[[137,6], [137,8], [137,5], [137,0], [137,9], [137,2], [137,3], [137,4], [137,7]] merged=[[141,9]]
Round 142: (Vertex0)[[141,3], [141,0], [141,8], [141,9], [141,7]] (solid_wave_vertices: 5) solid=[[141,7], [141,8], [141,3], [141,0], [141,9]] merged=[[141,0], [141,8], [141,9], [141,7], [141,3]] --- (Vertex1)[[141,3], [141,0], [141,8], [141,9]] (solid_wave_vertices: 4) solid=[[141,0], [141,8], [141,3], [141,9]] merged=[[141,8], [141,3], [141,0], [141,9]] --- (Vertex2)[[141,5], [141,3], [141,4], [141,9]] (solid_wave_vertices: 4) solid=[[141,3], [141,4], [141,9], [141,5]] merged=[[141,4], [141,9], [141,5], [141,3]] --- (Vertex3)[[141,5], [141,3], [141,4], [141,9]] (solid_wave_vertices: 4) solid=[[141,5], [141,3], [141,9], [141,4]] merged=[[141,4], [141,3], [141,9], [141,5]] --- (Vertex4)[[141,5], [141,3], [141,4], [141,9]] (solid_wave_vertices: 4) solid=[[141,4], [141,3], [141,5], [141,9]] merged=[[141,9], [141,3], [141,5], [141,4]] --- (Vertex5)[[141,5], [141,3], [141,4], [141,9]] (solid_wave_vertices: 4) solid=[[141,5], [141,9], [141,3], [141,4]] merged=[[141,5], [141,3], [141,4], [141,9]] --- (Vertex6)[[141,5], [141,3], [141,4], [141,9]] (solid_wave_vertices: 4) solid=[[141,9], [141,5], [141,4], [141,3]] merged=[[141,3], [141,9], [141,4], [141,5]] --- (Vertex7)[[141,3], [141,0], [141,8], [141,9], [141,7]] (solid_wave_vertices: 5) solid=[[141,9], [141,8], [141,0], [141,7], [141,3]] merged=[[141,7], [141,8], [141,3], [141,9], [141,0]] --- (Vertex8)[[141,3], [141,0], [141,8], [141,9], [141,7]] (solid_wave_vertices: 5) solid=[[141,3], [141,9], [141,7], [141,0], [141,8]] merged=[[141,7], [141,0], [141,8], [141,3], [141,9]] --- (Vertex9)[[141,5], [141,3], [141,4], [141,9]] (solid_wave_vertices: 4) solid=[[141,4], [141,5], [141,9], [141,3]] merged=[[141,3], [141,4], [141,5], [141,9]]
Round 143: (Vertex0)[[w141,5], [142,7], [w141,3], [w141,4], [w141,6], [w141,0], [w141,8], [142,8], [w141,9], [w141,7], [w141,2], [142,0]] weak=[[w141,5], [w141,3], [w141,4], [w141,6], [w141,0], [w141,8], [w141,9], [w141,7], [w141,2]] (solid_wave_vertices: 9) solid=[[141,2], [141,3], [141,8], [141,5], [141,7], [141,4], [141,9], [141,0], [141,6]] merged=[[141,9], [141,6], [141,3], [141,8], [141,2], [141,7], [141,5], [141,4], [141,0]] --- (Vertex1)[[w141,5], [142,7], [w141,3], [w141,4], [w141,6], [w141,0], [142,5], [w141,8], [142,8], [w141,9], [142,9], [w141,7], [w141,1], [142,0]] weak=[[w141,5], [w141,3], [w141,4], [w141,6], [w141,0], [w141,8], [w141,9], [w141,7], [w141,1]] (solid_wave_vertices: 9) solid=[[141,3], [141,4], [141,0], [141,9], [141,6], [141,5], [141,1], [141,8], [141,7]] merged=[[141,5], [141,1], [141,6], [141,3], [141,4], [141,0], [141,7], [141,9], [141,8]] --- (Vertex2)[[w141,5], [w141,3], [w141,4], [w141,6], [w141,0], [142,5], [w141,8], [142,4], [142,6], [w141,9], [142,9], [w141,7], [142,2], [142,3], [w141,2]] weak=[[w141,5], [w141,3], [w141,4], [w141,6], [w141,0], [w141,8], [w141,9], [w141,7], [w141,2]] (solid_wave_vertices: 9) solid=[[141,2], [141,0], [141,9], [141,4], [141,5], [141,6], [141,8], [141,3], [141,7]] merged=[[141,0], [141,2], [141,7], [141,8], [141,6], [141,9], [141,5], [141,3], [141,4]] --- (Vertex3)[[w141,5], [w141,3], [w141,4], [w141,6], [w141,0], [142,5], [w141,8], [142,4], [142,6], [w141,9], [142,9], [w141,7], [w141,2]] weak=[[w141,5], [w141,3], [w141,4], [w141,6], [w141,0], [w141,8], [w141,9], [w141,7], [w141,2]] (solid_wave_vertices: 9) solid=[[141,9], [141,6], [141,5], [141,7], [141,8], [141,2], [141,4], [141,3], [141,0]] merged=[[141,3], [141,0], [141,8], [141,5], [141,4], [141,7], [141,6], [141,9], [141,2]] --- (Vertex4)[[w141,5], [w141,3], [w141,4], [w141,6], [w141,0], [142,5], [w141,8], [142,4], [142,6], [w141,9], [142,9], [w141,7], [142,2], [142,3], [w141,2]] weak=[[w141,5], [w141,3], [w141,4], [w141,6], [w141,0], [w141,8], [w141,9], [w141,7], [w141,2]] (solid_wave_vertices: 9) solid=[[141,9], [141,2], [141,5], [141,7], [141,4], [141,3], [141,0], [141,6], [141,8]] merged=[[141,6], [141,0], [141,4], [141,2], [141,7], [141,9], [141,8], [141,5], [141,3]] --- (Vertex5)[[w141,5], [w141,3], [w141,4], [w141,6], [w141,0], [142,5], [w141,8], [142,4], [142,6], [w141,9], [142,9], [w141,7], [w141,2]] weak=[[w141,5], [w141,3], [w141,4], [w141,6], [w141,0], [w141,8], [w141,9], [w141,7], [w141,2]] (solid_wave_vertices: 9) solid=[[141,5], [141,3], [141,7], [141,4], [141,6], [141,0], [141,9], [141,8], [141,2]] merged=[[141,0], [141,9], [141,5], [141,8], [141,6], [141,7], [141,3], [141,2], [141,4]] --- (Vertex6)[[w141,5], [w141,3], [w141,4], [w141,6], [w141,0], [142,5], [w141,8], [142,4], [142,6], [w141,9], [142,9], [w141,7], [142,2], [142,3], [w141,2]] weak=[[w141,5], [w141,3], [w141,4], [w141,6], [w141,0], [w141,8], [w141,9], [w141,7], [w141,2]] (solid_wave_vertices: 9) solid=[[141,2], [141,4], [141,0], [141,5], [141,6], [141,8], [141,3], [141,7], [141,9]] merged=[[141,4], [141,0], [141,2], [141,9], [141,3], [141,7], [141,5], [141,6], [141,8]] --- (Vertex7)[[w141,5], [142,7], [w141,3], [w141,4], [w141,6], [w141,0], [w141,8], [142,8], [w141,9], [w141,7], [w141,2], [142,0]] weak=[[w141,5], [w141,3], [w141,4], [w141,6], [w141,0], [w141,8], [w141,9], [w141,7], [w141,2]] (solid_wave_vertices: 9) solid=[[141,2], [141,3], [141,8], [141,7], [141,9], [141,5], [141,0], [141,6], [141,4]] merged=[[141,8], [141,6], [141,5], [141,4], [141,0], [141,3], [141,2], [141,7], [141,9]] --- (Vertex8)[[w141,5], [142,7], [w141,3], [w141,4], [w141,6], [w141,0], [w141,8], [142,8], [w141,9], [w141,7], [w141,2], [142,0]] weak=[[w141,5], [w141,3], [w141,4], [w141,6], [w141,0], [w141,8], [w141,9], [w141,7], [w141,2]] (solid_wave_vertices: 9) solid=[[141,7], [141,8], [141,4], [141,0], [141,5], [141,6], [141,3], [141,2], [141,9]] merged=[[141,7], [141,8], [141,3], [141,6], [141,2], [141,4], [141,0], [141,9], [141,5]] --- (Vertex9)[[w141,5], [w141,3], [w141,4], [w141,6], [w141,0], [w141,8], [142,4], [142,6], [w141,9], [142,9], [w141,7], [w141,2]] weak=[[w141,5], [w141,3], [w141,4], [w141,6], [w141,0], [w141,8], [w141,9], [w141,7], [w141,2]] (solid_wave_vertices: 9) solid=[[141,2], [141,5], [141,0], [141,3], [141,7], [141,4], [141,8], [141,6], [141,9]] merged=[[141,8], [141,2], [141,5], [141,3], [141,0], [141,7], [141,4], [141,9], [141,6]]
Round 144: (Vertex0)[[w141,5], [w142,7], [w141,3], [143,0], [w141,4], [w141,6], [w141,0], [w142,5], [w141,8], [w142,8], [w142,4], [w142,6], [w141,9], [w142,9], [143,7], [143,8], [143,3], [w141,7], [w142,2], [w142,3], [w141,2], [w141,1], [w142,0]] weak=[[w141,5], [w142,7], [w141,3], [w141,4], [w141,6], [w141,0], [w142,5], [w141,8], [w142,8], [w142,4], [w142,6], [w141,9], [w142,9], [w141,7], [w142,2], [w142,3], [w141,2], [w141,1], [w142,0]] (solid_wave_vertices: 10) solid=[[141,6], [141,1], [141,3], [141,5], [141,0], [141,4], [141,2], [141,8], [141,9], [141,7]] merged=[[141,6], [141,7], [141,4], [141,9], [141,2], [141,1], [141,5], [141,3], [141,0], [141,8]] --- (Vertex1)[[w141,5], [w142,7], [w141,3], [143,0], [w141,4], [w141,6], [w141,0], [w142,5], [w141,8], [w142,8], [w142,4], [143,5], [w142,6], [w141,9], [w142,1], [w142,9], [143,8], [143,3], [w141,7], [w142,2], [w142,3], [w141,2], [w141,1], [w142,0]] weak=[[w141,5], [w142,7], [w141,3], [w141,4], [w141,6], [w141,0], [w142,5], [w141,8], [w142,8], [w142,4], [w142,6], [w141,9], [w142,1], [w142,9], [w141,7], [w142,2], [w142,3], [w141,2], [w141,1], [w142,0]] (solid_wave_vertices: 10) solid=[[141,6], [141,4], [141,0], [141,2], [141,3], [141,8], [141,7], [141,1], [141,9], [141,5]] merged=[[141,7], [141,6], [141,9], [141,5], [141,2], [141,4], [141,0], [141,1], [141,3], [141,8]] --- (Vertex2)[[w141,5], [w142,7], [143,4], [w141,3], [w141,4], [w141,6], [w141,0], [143,6], [w142,5], [w141,8], [w142,8], [w142,4], [143,5], [143,9], [w142,6], [w141,9], [w142,9], [143,3], [w141,7], [w142,2], [w142,3], [w141,2], [w141,1], [w142,0]] weak=[[w141,5], [w142,7], [w141,3], [w141,4], [w141,6], [w141,0], [w142,5], [w141,8], [w142,8], [w142,4], [w142,6], [w141,9], [w142,9], [w141,7], [w142,2], [w142,3], [w141,2], [w141,1], [w142,0]] (solid_wave_vertices: 10) solid=[[141,0], [141,5], [141,8], [141,9], [141,1], [141,3], [141,4], [141,2], [141,7], [141,6]] merged=[[141,7], [141,1], [141,9], [141,6], [141,5], [141,2], [141,0], [141,8], [141,4], [141,3]] --- (Vertex3)[[w141,5], [w142,7], [143,4], [w141,3], [w141,4], [w141,6], [w141,0], [143,6], [w142,5], [w141,8], [w142,8], [w142,4], [143,5], [w142,6], [w141,9], [w142,9], [143,3], [w141,7], [w142,2], [w142,3], [w141,2], [w142,0]] weak=[[w141,5], [w142,7], [w141,3], [w141,4], [w141,6], [w141,0], [w142,5], [w141,8], [w142,8], [w142,4], [w142,6], [w141,9], [w142,9], [w141,7], [w142,2], [w142,3], [w141,2], [w142,0]] (solid_wave_vertices: 9) solid=[[141,6], [141,8], [141,0], [141,9], [141,2], [141,7], [141,4], [141,5], [141,3]] merged=[[141,2], [141,5], [141,8], [141,9], [141,7], [141,3], [141,0], [141,6], [141,4]] --- (Vertex4)[[w141,5], [w142,7], [143,4], [w141,3], [w141,4], [w141,6], [w141,0], [143,6], [w142,5], [w141,8], [w142,8], [w142,4], [143,5], [143,9], [w142,6], [w141,9], [w142,9], [143,3], [w141,7], [w142,2], [w142,3], [w141,2], [w141,1], [w142,0]] weak=[[w141,5], [w142,7], [w141,3], [w141,4], [w141,6], [w141,0], [w142,5], [w141,8], [w142,8], [w142,4], [w142,6], [w141,9], [w142,9], [w141,7], [w142,2], [w142,3], [w141,2], [w141,1], [w142,0]] (solid_wave_vertices: 10) solid=[[141,7], [141,9], [141,1], [141,3], [141,0], [141,8], [141,4], [141,5], [141,2], [141,6]] merged=[[141,7], [141,9], [141,6], [141,0], [141,2], [141,4], [141,1], [141,8], [141,5], [141,3]] --- (Vertex5)[[w141,5], [w142,7], [143,4], [w141,3], [w141,4], [w141,6], [w141,0], [143,6], [w142,5], [w141,8], [w142,8], [w142,4], [143,5], [w142,6], [w141,9], [w142,9], [143,3], [w141,7], [w142,2], [w142,3], [w141,2], [w142,0]] weak=[[w141,5], [w142,7], [w141,3], [w141,4], [w141,6], [w141,0], [w142,5], [w141,8], [w142,8], [w142,4], [w142,6], [w141,9], [w142,9], [w141,7], [w142,2], [w142,3], [w141,2], [w142,0]] (solid_wave_vertices: 9) solid=[[141,6], [141,0], [141,7], [141,5], [141,4], [141,3], [141,8], [141,2], [141,9]] merged=[[141,3], [141,0], [141,4], [141,2], [141,9], [141,7], [141,8], [141,5], [141,6]] --- (Vertex6)[[w141,5], [w142,7], [143,4], [w141,3], [w141,4], [w141,6], [w141,0], [143,6], [w142,5], [w141,8], [w142,8], [w142,4], [143,5], [143,9], [w142,6], [w141,9], [w142,9], [143,3], [w141,7], [w142,2], [w142,3], [w141,2], [w141,1], [w142,0]] weak=[[w141,5], [w142,7], [w141,3], [w141,4], [w141,6], [w141,0], [w142,5], [w141,8], [w142,8], [w142,4], [w142,6], [w141,9], [w142,9], [w141,7], [w142,2], [w142,3], [w141,2], [w141,1], [w142,0]] (solid_wave_vertices: 10) solid=[[141,1], [141,9], [141,8], [141,4], [141,2], [141,5], [141,6], [141,7], [141,3], [141,0]] merged=[[141,6], [141,5], [141,2], [141,1], [141,9], [141,4], [141,0], [141,7], [141,8], [141,3]] --- (Vertex7)[[w141,5], [w142,7], [w141,3], [143,0], [w141,4], [w141,6], [w141,0], [w142,5], [w141,8], [w142,8], [w142,4], [w142,6], [w141,9], [w142,9], [143,7], [143,8], [143,3], [w141,7], [w142,2], [w142,3], [w141,2], [w141,1], [w142,0]] weak=[[w141,5], [w142,7], [w141,3], [w141,4], [w141,6], [w141,0], [w142,5], [w141,8], [w142,8], [w142,4], [w142,6], [w141,9], [w142,9], [w141,7], [w142,2], [w142,3], [w141,2], [w141,1], [w142,0]] (solid_wave_vertices: 10) solid=[[141,1], [141,2], [141,6], [141,0], [141,7], [141,4], [141,8], [141,9], [141,3], [141,5]] merged=[[141,5], [141,6], [141,8], [141,9], [141,2], [141,0], [141,4], [141,1], [141,3], [141,7]] --- (Vertex8)[[w141,5], [w142,7], [143,4], [w141,3], [143,0], [w141,4], [w141,6], [w141,0], [w142,5], [w141,8], [w142,8], [w142,4], [w142,6], [w141,9], [w142,9], [143,7], [143,8], [w141,7], [w142,2], [w142,3], [w141,2], [w141,1], [w142,0]] weak=[[w141,5], [w142,7], [w141,3], [w141,4], [w141,6], [w141,0], [w142,5], [w141,8], [w142,8], [w142,4], [w142,6], [w141,9], [w142,9], [w141,7], [w142,2], [w142,3], [w141,2], [w141,1], [w142,0]] (solid_wave_vertices: 10) solid=[[141,1], [141,9], [141,2], [141,6], [141,0], [141,5], [141,7], [141,3], [141,8], [141,4]] merged=[[141,6], [141,8], [141,5], [141,4], [141,2], [141,0], [141,9], [141,7], [141,1], [141,3]] --- (Vertex9)[[w141,5], [w142,7], [143,4], [w141,3], [w141,4], [w141,6], [w141,0], [143,6], [w142,5], [w141,8], [w142,8], [w142,4], [143,5], [w142,6], [w141,9], [w142,9], [143,3], [w141,7], [w142,2], [w142,3], [w141,2], [w142,0]] weak=[[w141,5], [w142,7], [w141,3], [w141,4], [w141,6], [w141,0], [w142,5], [w141,8], [w142,8], [w142,4], [w142,6], [w141,9], [w142,9], [w141,7], [w142,2], [w142,3], [w141,2], [w142,0]] (solid_wave_vertices: 9) solid=[[141,4], [141,9], [141,2], [141,8], [141,0], [141,3], [141,7], [141,6], [141,5]] merged=[[141,0], [141,3], [141,6], [141,4], [141,2], [141,7], [141,9], [141,5], [141,8]]
Round 145: (Vertex0)[[w141,5], [w142,7], [w143,4], [w141,3], [144,9], [w143,0], [w141,4], [w141,6], [w141,0], [w143,6], [w142,5], [w141,8], [w142,8], [w142,4], [w143,5], [w143,9], [w142,6], [w141,9], [w142,1], [w142,9], [w143,7], [w143,8], [w143,3], [w143,2], [w141,7], [w142,2], [w142,3], [w141,2], [w141,1], [w142,0], [144,8]] weak=[[w141,5], [w142,7], [w143,4], [w141,3], [w143,0], [w141,4], [w141,6], [w141,0], [w143,6], [w142,5], [w141,8], [w142,8], [w142,4], [w143,5], [w143,9], [w142,6], [w141,9], [w142,1], [w142,9], [w143,7], [w143,8], [w143,3], [w143,2], [w141,7], [w142,2], [w142,3], [w141,2], [w141,1], [w142,0]] (solid_wave_vertices: 10) solid=[[141,7], [141,2], [141,8], [141,5], [141,6], [141,4], [141,3], [141,1], [141,0], [141,9]] merged=[[145,0]] --- (Vertex1)[[w143,1], [w141,5], [w142,7], [w143,4], [w141,3], [144,9], [w143,0], [w141,4], [w141,6], [w141,0], [w143,6], [144,3], [w142,5], [w141,8], [w142,8], [w142,4], [w143,5], [w143,9], [w142,6], [w141,9], [w142,1], [w142,9], [w143,7], [w143,8], [w143,3], [w141,7], [w142,2], [w142,3], [w141,2], [w141,1], [w142,0], [144,8]] weak=[[w143,1], [w141,5], [w142,7], [w143,4], [w141,3], [w143,0], [w141,4], [w141,6], [w141,0], [w143,6], [w142,5], [w141,8], [w142,8], [w142,4], [w143,5], [w143,9], [w142,6], [w141,9], [w142,1], [w142,9], [w143,7], [w143,8], [w143,3], [w141,7], [w142,2], [w142,3], [w141,2], [w141,1], [w142,0]] (solid_wave_vertices: 10) solid=[[141,8], [141,7], [141,0], [141,1], [141,9], [141,4], [141,5], [141,2], [141,6], [141,3]] merged=[[145,1]] --- (Vertex2)[[w141,5], [144,4], [w142,7], [w143,4], [w141,3], [144,9], [w143,0], [144,5], [w141,4], [w141,6], [w141,0], [w143,6], [144,3], [w142,5], [w141,8], [w142,8], [w142,4], [w143,5], [w143,9], [w142,6], [w141,9], [w142,9], [w143,7], [w143,8], [w143,3], [w143,2], [w141,7], [w142,2], [w142,3], [144,6], [w141,2], [w141,1], [w142,0]] weak=[[w141,5], [w142,7], [w143,4], [w141,3], [w143,0], [w141,4], [w141,6], [w141,0], [w143,6], [w142,5], [w141,8], [w142,8], [w142,4], [w143,5], [w143,9], [w142,6], [w141,9], [w142,9], [w143,7], [w143,8], [w143,3], [w143,2], [w141,7], [w142,2], [w142,3], [w141,2], [w141,1], [w142,0]] (solid_wave_vertices: 10) solid=[[141,8], [141,1], [141,2], [141,9], [141,6], [141,7], [141,0], [141,3], [141,5], [141,4]] merged=[[145,2]] --- (Vertex3)[[w141,5], [144,4], [w142,7], [w143,4], [w141,3], [144,9], [w143,0], [w141,4], [w141,6], [w141,0], [w143,6], [144,3], [w142,5], [w141,8], [w142,8], [w142,4], [w143,5], [w143,9], [w142,6], [w141,9], [w142,9], [w143,7], [w143,8], [w143,3], [w143,2], [w141,7], [w142,2], [w142,3], [w141,2], [w141,1], [w142,0]] weak=[[w141,5], [w142,7], [w143,4], [w141,3], [w143,0], [w141,4], [w141,6], [w141,0], [w143,6], [w142,5], [w141,8], [w142,8], [w142,4], [w143,5], [w143,9], [w142,6], [w141,9], [w142,9], [w143,7], [w143,8], [w143,3], [w143,2], [w141,7], [w142,2], [w142,3], [w141,2], [w141,1], [w142,0]] (solid_wave_vertices: 10) solid=[[141,4], [141,7], [141,9], [141,5], [141,6], [141,2], [141,3], [141,8], [141,0], [141,1]] merged=[[145,3]] --- (Vertex4)[[w141,5], [144,4], [w142,7], [w143,4], [w141,3], [144,9], [w143,0], [144,5], [w141,4], [w141,6], [w141,0], [w143,6], [144,3], [w142,5], [w141,8], [w142,8], [w142,4], [w143,5], [w143,9], [w142,6], [w141,9], [w142,9], [w143,7], [w143,8], [w143,3], [w143,2], [w141,7], [w142,2], [w142,3], [144,6], [w141,2], [w141,1], [w142,0]] weak=[[w141,5], [w142,7], [w143,4], [w141,3], [w143,0], [w141,4], [w141,6], [w141,0], [w143,6], [w142,5], [w141,8], [w142,8], [w142,4], [w143,5], [w143,9], [w142,6], [w141,9], [w142,9], [w143,7], [w143,8], [w143,3], [w143,2], [w141,7], [w142,2], [w142,3], [w141,2], [w141,1], [w142,0]] (solid_wave_vertices: 10) solid=[[141,7], [141,5], [141,0], [141,6], [141,9], [141,2], [141,1], [141,4], [141,8], [141,3]] merged=[[145,4]] --- (Vertex5)[[w141,5], [w142,7], [w143,4], [w141,3], [144,9], [w143,0], [w141,4], [w141,6], [w141,0], [w143,6], [144,3], [w142,5], [w141,8], [w142,8], [w142,4], [w143,5], [w143,9], [w142,6], [w141,9], [w142,9], [w143,7], [w143,8], [w143,3], [w143,2], [w141,7], [w142,2], [w142,3], [w141,2], [w141,1], [w142,0]] weak=[[w141,5], [w142,7], [w143,4], [w141,3], [w143,0], [w141,4], [w141,6], [w141,0], [w143,6], [w142,5], [w141,8], [w142,8], [w142,4], [w143,5], [w143,9], [w142,6], [w141,9], [w142,9], [w143,7], [w143,8], [w143,3], [w143,2], [w141,7], [w142,2], [w142,3], [w141,2], [w141,1], [w142,0]] (solid_wave_vertices: 10) solid=[[141,4], [141,6], [141,5], [141,1], [141,3], [141,2], [141,8], [141,7], [141,9], [141,0]] merged=[[145,5]] --- (Vertex6)[[w141,5], [144,4], [w142,7], [w143,4], [w141,3], [144,9], [w143,0], [144,5], [w141,4], [w141,6], [w141,0], [w143,6], [144,3], [w142,5], [w141,8], [w142,8], [w142,4], [w143,5], [w143,9], [w142,6], [w141,9], [w142,9], [w143,7], [w143,8], [w143,3], [w143,2], [w141,7], [w142,2], [w142,3], [144,6], [w141,2], [w141,1], [w142,0]] weak=[[w141,5], [w142,7], [w143,4], [w141,3], [w143,0], [w141,4], [w141,6], [w141,0], [w143,6], [w142,5], [w141,8], [w142,8], [w142,4], [w143,5], [w143,9], [w142,6], [w141,9], [w142,9], [w143,7], [w143,8], [w143,3], [w143,2], [w141,7], [w142,2], [w142,3], [w141,2], [w141,1], [w142,0]] (solid_wave_vertices: 10) solid=[[141,7], [141,1], [141,6], [141,3], [141,4], [141,0], [141,9], [141,2], [141,8], [141,5]] merged=[[145,6]] --- (Vertex7)[[w141,5], [w142,7], [w143,4], [w141,3], [144,9], [w143,0], [w141,4], [w141,6], [w141,0], [w143,6], [w142,5], [w141,8], [w142,8], [w142,4], [w143,5], [w143,9], [w142,6], [w141,9], [w142,1], [w142,9], [w143,7], [w143,8], [w143,3], [w143,2], [w141,7], [w142,2], [w142,3], [w141,2], [w141,1], [w142,0], [144,8]] weak=[[w141,5], [w142,7], [w143,4], [w141,3], [w143,0], [w141,4], [w141,6], [w141,0], [w143,6], [w142,5], [w141,8], [w142,8], [w142,4], [w143,5], [w143,9], [w142,6], [w141,9], [w142,1], [w142,9], [w143,7], [w143,8], [w143,3], [w143,2], [w141,7], [w142,2], [w142,3], [w141,2], [w141,1], [w142,0]] (solid_wave_vertices: 10) solid=[[141,5], [141,4], [141,3], [141,7], [141,1], [141,8], [141,9], [141,6], [141,0], [141,2]] merged=[[145,7]] --- (Vertex8)[[w141,5], [w142,7], [w143,4], [w141,3], [144,9], [w143,0], [w141,4], [w141,6], [w141,0], [w143,6], [w142,5], [w141,8], [w142,8], [w142,4], [w143,5], [w143,9], [w142,6], [w141,9], [w142,1], [w142,9], [w143,7], [w143,8], [w143,3], [w143,2], [w141,7], [w142,2], [w142,3], [w141,2], [w141,1], [w142,0], [144,8]] weak=[[w141,5], [w142,7], [w143,4], [w141,3], [w143,0], [w141,4], [w141,6], [w141,0], [w143,6], [w142,5], [w141,8], [w142,8], [w142,4], [w143,5], [w143,9], [w142,6], [w141,9], [w142,1], [w142,9], [w143,7], [w143,8], [w143,3], [w143,2], [w141,7], [w142,2], [w142,3], [w141,2], [w141,1], [w142,0]] (solid_wave_vertices: 10) solid=[[141,2], [141,7], [141,0], [141,9], [141,8], [141,6], [141,5], [141,3], [141,1], [141,4]] merged=[[145,8]] --- (Vertex9)[[w141,5], [w142,7], [w143,4], [w141,3], [144,9], [w143,0], [w141,4], [w141,6], [w141,0], [w143,6], [144,3], [w142,5], [w141,8], [w142,8], [w142,4], [w143,5], [w143,9], [w142,6], [w141,9], [w142,9], [w143,7], [w143,8], [w143,3], [w143,2], [w141,7], [w142,2], [w142,3], [w141,2], [w141,1], [w142,0]] weak=[[w141,5], [w142,7], [w143,4], [w141,3], [w143,0], [w141,4], [w141,6], [w141,0], [w143,6], [w142,5], [w141,8], [w142,8], [w142,4], [w143,5], [w143,9], [w142,6], [w141,9], [w142,9], [w143,7], [w143,8], [w143,3], [w143,2], [w141,7], [w142,2], [w142,3], [w141,2], [w141,1], [w142,0]] (solid_wave_vertices: 10) solid=[[141,7], [141,6], [141,5], [141,8], [141,3], [141,0], [141,1], [141,4], [141,9], [141,2]] merged=[[145,9]]
Round 146: (Vertex0)[[145,2], [145,7], [145,8], [145,0]] (solid_wave_vertices: 4) solid=[[145,8], [145,7], [145,2], [145,0]] merged=[[145,8], [145,2], [145,0], [145,7]] --- (Vertex1)[[145,7], [145,5], [145,8], [145,0]] (solid_wave_vertices: 4) solid=[[145,8], [145,5], [145,7], [145,0]] merged=[[145,5], [145,7], [145,0], [145,8]] --- (Vertex2)[[145,9], [145,2], [145,3], [145,5]] (solid_wave_vertices: 4) solid=[[145,9], [145,5], [145,3], [145,2]] merged=[[145,9], [145,2], [145,5], [145,3]] --- (Vertex3)[[145,9], [145,2], [145,3], [145,5]] (solid_wave_vertices: 4) solid=[[145,2], [145,5], [145,3], [145,9]] merged=[[145,9], [145,2], [145,3], [145,5]] --- (Vertex4)[[145,9], [145,2], [145,3], [145,5]] (solid_wave_vertices: 4) solid=[[145,5], [145,3], [145,2], [145,9]] merged=[[145,3], [145,2], [145,9], [145,5]] --- (Vertex5)[[145,9], [145,2], [145,3], [145,5]] (solid_wave_vertices: 4) solid=[[145,2], [145,5], [145,3], [145,9]] merged=[[145,2], [145,5], [145,9], [145,3]] --- (Vertex6)[[145,9], [145,2], [145,3], [145,5]] (solid_wave_vertices: 4) solid=[[145,9], [145,3], [145,5], [145,2]] merged=[[145,3], [145,5], [145,2], [145,9]] --- (Vertex7)[[145,2], [145,7], [145,8], [145,0]] (solid_wave_vertices: 4) solid=[[145,7], [145,0], [145,2], [145,8]] merged=[[145,8], [145,2], [145,0], [145,7]] --- (Vertex8)[[145,2], [145,7], [145,5], [145,8], [145,0]] (solid_wave_vertices: 5) solid=[[145,8], [145,2], [145,7], [145,0], [145,5]] merged=[[145,8], [145,2], [145,5], [145,0], [145,7]] --- (Vertex9)[[145,9], [145,2], [145,3], [145,5]] (solid_wave_vertices: 4) solid=[[145,2], [145,5], [145,9], [145,3]] merged=[[145,2], [145,9], [145,3], [145,5]]
Round 147: (Vertex0)[[w145,6], [w145,9], [146,8], [w145,2], [w145,3], [w145,7], [w145,5], [146,6], [w145,4], [w145,8], [146,7], [w145,0], [146,0]] weak=[[w145,6], [w145,9], [w145,2], [w145,3], [w145,7], [w145,5], [w145,4], [w145,8], [w145,0]] (solid_wave_vertices: 9) solid=[[145,4], [145,0], [145,8], [145,5], [145,2], [145,3], [145,6], [145,7], [145,9]] merged=[[145,2], [145,0], [145,5], [145,9], [145,4], [145,8], [145,7], [145,6], [145,3]] --- (Vertex1)[[w145,6], [w145,9], [146,8], [w145,2], [w145,3], [w145,7], [w145,5], [w145,4], [w145,8], [w145,1], [146,7], [w145,0], [146,0], [146,9]] weak=[[w145,6], [w145,9], [w145,2], [w145,3], [w145,7], [w145,5], [w145,4], [w145,8], [w145,1], [w145,0]] (solid_wave_vertices: 10) solid=[[145,5], [145,6], [145,1], [145,3], [145,4], [145,7], [145,8], [145,2], [145,9], [145,0]] merged=[[145,7], [145,8], [145,2], [145,4], [145,3], [145,9], [145,1], [145,5], [145,0], [145,6]] --- (Vertex2)[[w145,6], [w145,9], [146,4], [w145,2], [w145,3], [w145,7], [w145,5], [146,6], [w145,4], [w145,8], [146,5], [146,2], [w145,0], [146,3], [146,9]] weak=[[w145,6], [w145,9], [w145,2], [w145,3], [w145,7], [w145,5], [w145,4], [w145,8], [w145,0]] (solid_wave_vertices: 9) solid=[[145,6], [145,7], [145,4], [145,3], [145,0], [145,5], [145,9], [145,8], [145,2]] merged=[[145,8], [145,3], [145,4], [145,9], [145,6], [145,0], [145,7], [145,5], [145,2]] --- (Vertex3)[[w145,6], [w145,9], [146,4], [w145,2], [w145,3], [w145,7], [w145,5], [146,6], [w145,4], [w145,8], [146,5], [146,2], [w145,0], [146,9]] weak=[[w145,6], [w145,9], [w145,2], [w145,3], [w145,7], [w145,5], [w145,4], [w145,8], [w145,0]] (solid_wave_vertices: 9) solid=[[145,4], [145,8], [145,5], [145,2], [145,7], [145,6], [145,0], [145,3], [145,9]] merged=[[145,9], [145,5], [145,4], [145,8], [145,0], [145,2], [145,6], [145,7], [145,3]] --- (Vertex4)[[w145,6], [w145,9], [146,4], [w145,2], [w145,3], [w145,7], [w145,5], [146,6], [w145,4], [w145,8], [146,5], [146,2], [w145,0], [146,3], [146,9]] weak=[[w145,6], [w145,9], [w145,2], [w145,3], [w145,7], [w145,5], [w145,4], [w145,8], [w145,0]] (solid_wave_vertices: 9) solid=[[145,4], [145,5], [145,8], [145,6], [145,9], [145,7], [145,2], [145,3], [145,0]] merged=[[145,5], [145,0], [145,6], [145,9], [145,7], [145,8], [145,3], [145,4], [145,2]] --- (Vertex5)[[w145,6], [w145,9], [146,4], [w145,2], [w145,3], [w145,7], [w145,5], [146,6], [w145,4], [w145,8], [146,5], [146,2], [w145,0], [146,9]] weak=[[w145,6], [w145,9], [w145,2], [w145,3], [w145,7], [w145,5], [w145,4], [w145,8], [w145,0]] (solid_wave_vertices: 9) solid=[[145,2], [145,0], [145,4], [145,5], [145,8], [145,7], [145,3], [145,6], [145,9]] merged=[[145,7], [145,0], [145,5], [145,2], [145,9], [145,8], [145,6], [145,4], [145,3]] --- (Vertex6)[[w145,6], [w145,9], [146,4], [w145,2], [w145,3], [w145,7], [w145,5], [146,6], [w145,4], [w145,8], [146,5], [146,2], [w145,0], [146,3], [146,9]] weak=[[w145,6], [w145,9], [w145,2], [w145,3], [w145,7], [w145,5], [w145,4], [w145,8], [w145,0]] (solid_wave_vertices: 9) solid=[[145,6], [145,9], [145,4], [145,0], [145,7], [145,5], [145,3], [145,2], [145,8]] merged=[[145,9], [145,7], [145,5], [145,2], [145,4], [145,0], [145,3], [145,8], [145,6]] --- (Vertex7)[[w145,6], [w145,9], [146,8], [w145,2], [w145,3], [w145,7], [w145,5], [146,6], [w145,4], [w145,8], [146,7], [w145,0], [146,0]] weak=[[w145,6], [w145,9], [w145,2], [w145,3], [w145,7], [w145,5], [w145,4], [w145,8], [w145,0]] (solid_wave_vertices: 9) solid=[[145,9], [145,4], [145,5], [145,3], [145,7], [145,6], [145,0], [145,2], [145,8]] merged=[[145,9], [145,2], [145,7], [145,5], [145,4], [145,8], [145,3], [145,0], [145,6]] --- (Vertex8)[[w145,6], [w145,9], [146,8], [w145,2], [w145,3], [w145,7], [w145,5], [146,6], [w145,4], [w145,8], [146,7], [w145,0], [146,0]] weak=[[w145,6], [w145,9], [w145,2], [w145,3], [w145,7], [w145,5], [w145,4], [w145,8], [w145,0]] (solid_wave_vertices: 9) solid=[[145,6], [145,9], [145,0], [145,8], [145,3], [145,5], [145,4], [145,2], [145,7]] merged=[[145,8], [145,9], [145,5], [145,7], [145,6], [145,0], [145,4], [145,3], [145,2]] --- (Vertex9)[[w145,6], [w145,9], [146,4], [w145,2], [w145,3], [w145,7], [w145,5], [146,6], [w145,4], [w145,8], [146,5], [146,2], [w145,0], [146,9]] weak=[[w145,6], [w145,9], [w145,2], [w145,3], [w145,7], [w145,5], [w145,4], [w145,8], [w145,0]] (solid_wave_vertices: 9) solid=[[145,0], [145,5], [145,4], [145,8], [145,9], [145,3], [145,2], [145,6], [145,7]] merged=[[145,9], [145,5], [145,3], [145,2], [145,4], [145,8], [145,6], [145,7], [145,0]]
Round 148: (Vertex0)[[147,0], [w145,6], [w145,9], [w146,8], [w146,4], [147,3], [147,7], [w145,2], [w145,3], [w145,7], [147,8], [w145,5], [w146,6], [w145,4], [w145,8], [w145,1], [w146,5], [w146,7], [w146,2], [w145,0], [w146,0], [w146,3], [w146,9]] weak=[[w145,6], [w145,9], [w146,8], [w146,4], [w145,2], [w145,3], [w145,7], [w145,5], [w146,6], [w145,4], [w145,8], [w145,1], [w146,5], [w146,7], [w146,2], [w145,0], [w146,0], [w146,3], [w146,9]] (solid_wave_vertices: 10) solid=[[145,0], [145,2], [145,7], [145,3], [145,1], [145,8], [145,6], [145,5], [145,4], [145,9]] merged=[[145,0], [145,1], [145,6], [145,7], [145,9], [145,8], [145,2], [145,3], [145,5], [145,4]] --- (Vertex1)[[147,9], [w145,6], [147,5], [w145,9], [w146,8], [w146,4], [147,3], [147,7], [w145,2], [w145,3], [w145,7], [w145,5], [w146,1], [w146,6], [w145,4], [w145,8], [w145,1], [w146,5], [w146,7], [w146,2], [w145,0], [w146,0], [w146,3], [w146,9]] weak=[[w145,6], [w145,9], [w146,8], [w146,4], [w145,2], [w145,3], [w145,7], [w145,5], [w146,1], [w146,6], [w145,4], [w145,8], [w145,1], [w146,5], [w146,7], [w146,2], [w145,0], [w146,0], [w146,3], [w146,9]] (solid_wave_vertices: 10) solid=[[145,2], [145,0], [145,8], [145,7], [145,3], [145,6], [145,1], [145,9], [145,4], [145,5]] merged=[[145,1], [145,4], [145,3], [145,7], [145,6], [145,2], [145,8], [145,9], [145,0], [145,5]] --- (Vertex2)[[147,9], [w145,6], [147,5], [w145,9], [w146,8], [w146,4], [147,6], [147,3], [w145,2], [w145,3], [w145,7], [w145,5], [w146,6], [w145,4], [w145,8], [w146,5], [w146,7], [w146,2], [w145,0], [w146,0], [w146,3], [w146,9], [147,4]] weak=[[w145,6], [w145,9], [w146,8], [w146,4], [w145,2], [w145,3], [w145,7], [w145,5], [w146,6], [w145,4], [w145,8], [w146,5], [w146,7], [w146,2], [w145,0], [w146,0], [w146,3], [w146,9]] (solid_wave_vertices: 9) solid=[[145,9], [145,3], [145,5], [145,7], [145,8], [145,6], [145,4], [145,2], [145,0]] merged=[[145,7], [145,8], [145,3], [145,0], [145,4], [145,5], [145,2], [145,9], [145,6]] --- (Vertex3)[[147,9], [w145,6], [147,5], [w145,9], [w146,8], [w146,4], [147,3], [w145,2], [w145,3], [w145,7], [w145,5], [w146,6], [w145,4], [w145,8], [w146,5], [w146,7], [w146,2], [w145,0], [w146,0], [w146,3], [w146,9], [147,4]] weak=[[w145,6], [w145,9], [w146,8], [w146,4], [w145,2], [w145,3], [w145,7], [w145,5], [w146,6], [w145,4], [w145,8], [w146,5], [w146,7], [w146,2], [w145,0], [w146,0], [w146,3], [w146,9]] (solid_wave_vertices: 9) solid=[[145,4], [145,0], [145,8], [145,6], [145,3], [145,7], [145,9], [145,2], [145,5]] merged=[[145,0], [145,7], [145,3], [145,2], [145,9], [145,6], [145,8], [145,5], [145,4]] --- (Vertex4)[[147,9], [w145,6], [147,5], [w145,9], [w146,8], [w146,4], [147,6], [147,3], [w145,2], [w145,3], [w145,7], [w145,5], [w146,6], [w145,4], [w145,8], [w146,5], [w146,7], [w146,2], [w145,0], [w146,0], [w146,3], [w146,9], [147,4]] weak=[[w145,6], [w145,9], [w146,8], [w146,4], [w145,2], [w145,3], [w145,7], [w145,5], [w146,6], [w145,4], [w145,8], [w146,5], [w146,7], [w146,2], [w145,0], [w146,0], [w146,3], [w146,9]] (solid_wave_vertices: 9) solid=[[145,7], [145,3], [145,6], [145,4], [145,8], [145,0], [145,2], [145,5], [145,9]] merged=[[145,7], [145,4], [145,5], [145,0], [145,8], [145,2], [145,6], [145,9], [145,3]] --- (Vertex5)[[147,9], [w145,6], [147,5], [w145,9], [w146,8], [w146,4], [147,3], [w145,2], [w145,3], [w145,7], [w145,5], [w146,6], [w145,4], [w145,8], [w146,5], [w146,7], [w146,2], [w145,0], [w146,0], [w146,3], [w146,9], [147,4]] weak=[[w145,6], [w145,9], [w146,8], [w146,4], [w145,2], [w145,3], [w145,7], [w145,5], [w146,6], [w145,4], [w145,8], [w146,5], [w146,7], [w146,2], [w145,0], [w146,0], [w146,3], [w146,9]] (solid_wave_vertices: 9) solid=[[145,6], [145,0], [145,2], [145,3], [145,4], [145,5], [145,7], [145,9], [145,8]] merged=[[145,9], [145,7], [145,5], [145,4], [145,0], [145,3], [145,8], [145,6], [145,2]] --- (Vertex6)[[147,9], [w145,6], [147,5], [w145,9], [w146,8], [w146,4], [147,6], [147,3], [w145,2], [w145,3], [w145,7], [w145,5], [w146,6], [w145,4], [w145,8], [w146,5], [w146,7], [w146,2], [w145,0], [w146,0], [w146,3], [w146,9], [147,4]] weak=[[w145,6], [w145,9], [w146,8], [w146,4], [w145,2], [w145,3], [w145,7], [w145,5], [w146,6], [w145,4], [w145,8], [w146,5], [w146,7], [w146,2], [w145,0], [w146,0], [w146,3], [w146,9]] (solid_wave_vertices: 9) solid=[[145,3], [145,7], [145,2], [145,5], [145,6], [145,0], [145,8], [145,4], [145,9]] merged=[[145,2], [145,5], [145,7], [145,6], [145,8], [145,4], [145,9], [145,0], [145,3]] --- (Vertex7)[[147,0], [w145,6], [w145,9], [w146,8], [w146,4], [147,3], [147,7], [w145,2], [w145,3], [w145,7], [147,8], [w145,5], [w146,6], [w145,4], [w145,8], [w145,1], [w146,5], [w146,7], [w146,2], [w145,0], [w146,0], [w146,3], [w146,9]] weak=[[w145,6], [w145,9], [w146,8], [w146,4], [w145,2], [w145,3], [w145,7], [w145,5], [w146,6], [w145,4], [w145,8], [w145,1], [w146,5], [w146,7], [w146,2], [w145,0], [w146,0], [w146,3], [w146,9]] (solid_wave_vertices: 10) solid=[[145,3], [145,8], [145,0], [145,5], [145,9], [145,1], [145,6], [145,7], [145,4], [145,2]] merged=[[145,7], [145,5], [145,8], [145,9], [145,0], [145,6], [145,1], [145,4], [145,2], [145,3]] --- (Vertex8)[[147,0], [w145,6], [w145,9], [w146,8], [w146,4], [147,3], [147,7], [w145,2], [w145,3], [w145,7], [147,8], [w145,5], [w146,6], [w145,4], [w145,8], [w145,1], [w146,5], [w146,7], [w146,2], [w145,0], [w146,0], [w146,3], [w146,9]] weak=[[w145,6], [w145,9], [w146,8], [w146,4], [w145,2], [w145,3], [w145,7], [w145,5], [w146,6], [w145,4], [w145,8], [w145,1], [w146,5], [w146,7], [w146,2], [w145,0], [w146,0], [w146,3], [w146,9]] (solid_wave_vertices: 10) solid=[[145,7], [145,5], [145,3], [145,0], [145,4], [145,8], [145,1], [145,6], [145,2], [145,9]] merged=[[145,3], [145,1], [145,6], [145,8], [145,9], [145,2], [145,5], [145,7], [145,4], [145,0]] --- (Vertex9)[[147,9], [w145,6], [147,5], [w145,9], [w146,8], [w146,4], [147,3], [w145,2], [w145,3], [w145,7], [w145,5], [w146,6], [w145,4], [w145,8], [w146,5], [w146,7], [w146,2], [w145,0], [w146,0], [w146,3], [w146,9], [147,4]] weak=[[w145,6], [w145,9], [w146,8], [w146,4], [w145,2], [w145,3], [w145,7], [w145,5], [w146,6], [w145,4], [w145,8], [w146,5], [w146,7], [w146,2], [w145,0], [w146,0], [w146,3], [w146,9]] (solid_wave_vertices: 9) solid=[[145,7], [145,6], [145,9], [145,3], [145,0], [145,5], [145,2], [145,8], [145,4]] merged=[[145,0], [145,2], [145,7], [145,5], [145,9], [145,6], [145,4], [145,3], [145,8]]
Round 149: (Vertex0)[[w147,0], [w147,9], [w145,6], [w147,5], [w145,9], [w146,8], [w146,4], [w147,6], [w147,3], [w147,7], [w145,2], [w147,2], [w145,3], [w145,7], [w147,8], [w145,5], [w146,1], [w146,6], [w145,4], [w145,8], [w145,1], [w146,5], [w146,7], [w146,2], [148,8], [w145,0], [w146,0], [w146,3], [w146,9], [w147,4]] weak=[[w147,0], [w147,9], [w145,6], [w147,5], [w145,9], [w146,8], [w146,4], [w147,6], [w147,3], [w147,7], [w145,2], [w147,2], [w145,3], [w145,7], [w147,8], [w145,5], [w146,1], [w146,6], [w145,4], [w145,8], [w145,1], [w146,5], [w146,7], [w146,2], [w145,0], [w146,0], [w146,3], [w146,9], [w147,4]] (solid_wave_vertices: 10) solid=[[145,5], [145,6], [145,2], [145,7], [145,0], [145,4], [145,9], [145,1], [145,3], [145,8]] merged=[[149,0]] --- (Vertex1)[[w147,0], [w147,9], [w145,6], [w147,5], [w145,9], [w146,8], [w146,4], [w147,6], [w147,3], [w147,7], [w145,2], [w147,2], [w145,3], [w145,7], [w147,8], [w145,5], [148,9], [148,2], [w146,1], [w146,6], [w145,4], [w145,8], [w145,1], [w146,5], [w146,7], [w146,2], [w145,0], [w146,0], [w146,3], [w146,9], [w147,4], [148,3]] weak=[[w147,0], [w147,9], [w145,6], [w147,5], [w145,9], [w146,8], [w146,4], [w147,6], [w147,3], [w147,7], [w145,2], [w147,2], [w145,3], [w145,7], [w147,8], [w145,5], [w146,1], [w146,6], [w145,4], [w145,8], [w145,1], [w146,5], [w146,7], [w146,2], [w145,0], [w146,0], [w146,3], [w146,9], [w147,4]] (solid_wave_vertices: 10) solid=[[145,2], [145,4], [145,6], [145,7], [145,9], [145,0], [145,8], [145,1], [145,3], [145,5]] merged=[[149,1]] --- (Vertex2)[[w147,0], [w147,9], [w145,6], [148,5], [w147,5], [w145,9], [w146,8], [w146,4], [w147,6], [w147,3], [w147,7], [w145,2], [w147,2], [w145,3], [w145,7], [w147,8], [w145,5], [148,9], [148,2], [w146,6], [w145,4], [w145,8], [w145,1], [w146,5], [w146,7], [w146,2], [w145,0], [w146,0], [w146,3], [148,4], [w146,9], [w147,4], [148,3]] weak=[[w147,0], [w147,9], [w145,6], [w147,5], [w145,9], [w146,8], [w146,4], [w147,6], [w147,3], [w147,7], [w145,2], [w147,2], [w145,3], [w145,7], [w147,8], [w145,5], [w146,6], [w145,4], [w145,8], [w145,1], [w146,5], [w146,7], [w146,2], [w145,0], [w146,0], [w146,3], [w146,9], [w147,4]] (solid_wave_vertices: 10) solid=[[145,6], [145,3], [145,4], [145,2], [145,5], [145,0], [145,8], [145,7], [145,9], [145,1]] merged=[[149,2]] --- (Vertex3)[[w147,0], [w147,9], [w145,6], [w147,5], [w145,9], [w146,8], [w146,4], [w147,6], [w147,3], [w147,7], [w145,2], [w147,2], [w145,3], [w145,7], [w147,8], [w145,5], [148,2], [w146,6], [w145,4], [w145,8], [w145,1], [w146,5], [w146,7], [w146,2], [w145,0], [w146,0], [w146,3], [w146,9], [w147,4], [148,3]] weak=[[w147,0], [w147,9], [w145,6], [w147,5], [w145,9], [w146,8], [w146,4], [w147,6], [w147,3], [w147,7], [w145,2], [w147,2], [w145,3], [w145,7], [w147,8], [w145,5], [w146,6], [w145,4], [w145,8], [w145,1], [w146,5], [w146,7], [w146,2], [w145,0], [w146,0], [w146,3], [w146,9], [w147,4]] (solid_wave_vertices: 10) solid=[[145,6], [145,0], [145,9], [145,7], [145,8], [145,4], [145,2], [145,5], [145,1], [145,3]] merged=[[149,3]] --- (Vertex4)[[w147,0], [w147,9], [w145,6], [148,5], [w147,5], [w145,9], [w146,8], [w146,4], [w147,6], [w147,3], [w147,7], [w145,2], [w147,2], [w145,3], [w145,7], [w147,8], [w145,5], [148,9], [148,2], [w146,6], [w145,4], [w145,8], [w145,1], [w146,5], [w146,7], [w146,2], [w145,0], [w146,0], [w146,3], [148,4], [w146,9], [w147,4], [148,3]] weak=[[w147,0], [w147,9], [w145,6], [w147,5], [w145,9], [w146,8], [w146,4], [w147,6], [w147,3], [w147,7], [w145,2], [w147,2], [w145,3], [w145,7], [w147,8], [w145,5], [w146,6], [w145,4], [w145,8], [w145,1], [w146,5], [w146,7], [w146,2], [w145,0], [w146,0], [w146,3], [w146,9], [w147,4]] (solid_wave_vertices: 10) solid=[[145,5], [145,9], [145,4], [145,1], [145,3], [145,6], [145,7], [145,2], [145,0], [145,8]] merged=[[149,4]] --- (Vertex5)[[w147,0], [w147,9], [w145,6], [w147,5], [w145,9], [w146,8], [w146,4], [w147,6], [w147,3], [w147,7], [w145,2], [w147,2], [w145,3], [w145,7], [w147,8], [w145,5], [148,9], [148,2], [w146,6], [w145,4], [w145,8], [w145,1], [w146,5], [w146,7], [w146,2], [w145,0], [w146,0], [w146,3], [w146,9], [w147,4], [148,3]] weak=[[w147,0], [w147,9], [w145,6], [w147,5], [w145,9], [w146,8], [w146,4], [w147,6], [w147,3], [w147,7], [w145,2], [w147,2], [w145,3], [w145,7], [w147,8], [w145,5], [w146,6], [w145,4], [w145,8], [w145,1], [w146,5], [w146,7], [w146,2], [w145,0], [w146,0], [w146,3], [w146,9], [w147,4]] (solid_wave_vertices: 10) solid=[[145,8], [145,6], [145,4], [145,0], [145,3], [145,5], [145,7], [145,2], [145,9], [145,1]] merged=[[149,5]] --- (Vertex6)[[w147,0], [w147,9], [w145,6], [w147,5], [w145,9], [w146,8], [w146,4], [w147,6], [w147,3], [w147,7], [w145,2], [w147,2], [w145,3], [w145,7], [w147,8], [w145,5], [148,9], [148,2], [148,6], [w146,6], [w145,4], [w145,8], [w145,1], [w146,5], [w146,7], [w146,2], [w145,0], [w146,0], [w146,3], [w146,9], [w147,4], [148,3]] weak=[[w147,0], [w147,9], [w145,6], [w147,5], [w145,9], [w146,8], [w146,4], [w147,6], [w147,3], [w147,7], [w145,2], [w147,2], [w145,3], [w145,7], [w147,8], [w145,5], [w146,6], [w145,4], [w145,8], [w145,1], [w146,5], [w146,7], [w146,2], [w145,0], [w146,0], [w146,3], [w146,9], [w147,4]] (solid_wave_vertices: 10) solid=[[145,7], [145,4], [145,8], [145,6], [145,3], [145,5], [145,0], [145,9], [145,2], [145,1]] merged=[[149,6]] --- (Vertex7)[[w147,0], [w147,9], [w145,6], [w147,5], [w145,9], [w146,8], [w146,4], [w147,6], [w147,3], [w147,7], [w145,2], [w147,2], [w145,3], [w145,7], [w147,8], [w145,5], [w146,1], [w146,6], [w145,4], [w145,8], [w145,1], [w146,5], [w146,7], [w146,2], [148,8], [w145,0], [w146,0], [w146,3], [w146,9], [w147,4]] weak=[[w147,0], [w147,9], [w145,6], [w147,5], [w145,9], [w146,8], [w146,4], [w147,6], [w147,3], [w147,7], [w145,2], [w147,2], [w145,3], [w145,7], [w147,8], [w145,5], [w146,1], [w146,6], [w145,4], [w145,8], [w145,1], [w146,5], [w146,7], [w146,2], [w145,0], [w146,0], [w146,3], [w146,9], [w147,4]] (solid_wave_vertices: 10) solid=[[145,2], [145,3], [145,6], [145,9], [145,1], [145,7], [145,8], [145,4], [145,5], [145,0]] merged=[[149,7]] --- (Vertex8)[[w147,0], [w147,9], [w145,6], [w147,5], [w145,9], [w146,8], [w146,4], [w147,6], [w147,3], [w147,7], [w145,2], [w147,2], [w145,3], [w145,7], [w147,8], [w145,5], [148,2], [w146,1], [w146,6], [w145,4], [w145,8], [w145,1], [w146,5], [w146,7], [w146,2], [148,8], [w145,0], [w146,0], [w146,3], [w146,9], [w147,4]] weak=[[w147,0], [w147,9], [w145,6], [w147,5], [w145,9], [w146,8], [w146,4], [w147,6], [w147,3], [w147,7], [w145,2], [w147,2], [w145,3], [w145,7], [w147,8], [w145,5], [w146,1], [w146,6], [w145,4], [w145,8], [w145,1], [w146,5], [w146,7], [w146,2], [w145,0], [w146,0], [w146,3], [w146,9], [w147,4]] (solid_wave_vertices: 10) solid=[[145,7], [145,9], [145,3], [145,5], [145,2], [145,8], [145,4], [145,0], [145,6], [145,1]] merged=[[149,8]] --- (Vertex9)[[w147,0], [w147,9], [w145,6], [w147,5], [w145,9], [w146,8], [w146,4], [w147,6], [w147,3], [w147,7], [w145,2], [w147,2], [w145,3], [w145,7], [w147,8], [w145,5], [148,9], [148,2], [w146,6], [w145,4], [w145,8], [w145,1], [w146,5], [w146,7], [w146,2], [w145,0], [w146,0], [w146,3], [w146,9], [w147,4], [148,3]] weak=[[w147,0], [w147,9], [w145,6], [w147,5], [w145,9], [w146,8], [w146,4], [w147,6], [w147,3], [w147,7], [w145,2], [w147,2], [w145,3], [w145,7], [w147,8], [w145,5], [w146,6], [w145,4], [w145,8], [w145,1], [w146,5], [w146,7], [w146,2], [w145,0], [w146,0], [w146,3], [w146,9], [w147,4]] (solid_wave_vertices: 10) solid=[[145,5], [145,0], [145,7], [145,3], [145,6], [145,4], [145,9], [145,2], [145,8], [145,1]] merged=[[149,9]]
Round 150: (Vertex0)[[149,5], [149,6], [149,7], [149,0]] (solid_wave_vertices: 4) solid=[[149,0], [149,7], [149,5], [149,6]] merged=[[149,7], [149,6], [149,5], [149,0]] --- (Vertex1)[[149,3], [149,5], [149,9], [149,6]] (solid_wave_vertices: 4) solid=[[149,9], [149,6], [149,5], [149,3]] merged=[[149,5], [149,9], [149,6], [149,3]] --- (Vertex2)[[149,3], [149,5], [149,9], [149,6]] (solid_wave_vertices: 4) solid=[[149,9], [149,3], [149,6], [149,5]] merged=[[149,5], [149,3], [149,6], [149,9]] --- (Vertex3)[[149,3], [149,5], [149,9], [149,6]] (solid_wave_vertices: 4) solid=[[149,9], [149,6], [149,5], [149,3]] merged=[[149,5], [149,9], [149,6], [149,3]] --- (Vertex4)[[149,3], [149,5], [149,9], [149,6]] (solid_wave_vertices: 4) solid=[[149,5], [149,3], [149,6], [149,9]] merged=[[149,5], [149,6], [149,3], [149,9]] --- (Vertex5)[[149,3], [149,5], [149,9], [149,6]] (solid_wave_vertices: 4) solid=[[149,5], [149,6], [149,9], [149,3]] merged=[[149,6], [149,5], [149,9], [149,3]] --- (Vertex6)[[149,3], [149,5], [149,9], [149,6]] (solid_wave_vertices: 4) solid=[[149,6], [149,9], [149,5], [149,3]] merged=[[149,9], [149,5], [149,3], [149,6]] --- (Vertex7)[[149,5], [149,6], [149,7], [149,0]] (solid_wave_vertices: 4) solid=[[149,5], [149,0], [149,7], [149,6]] merged=[[149,5], [149,7], [149,6], [149,0]] --- (Vertex8)[[149,3], [149,5], [149,9], [149,6], [149,7], [149,0]] (solid_wave_vertices: 6) solid=[[149,9], [149,6], [149,3], [149,5], [149,7], [149,0]] merged=[[149,7], [149,3], [149,6], [149,9], [149,5], [149,0]] --- (Vertex9)[[149,3], [149,5], [149,9], [149,6]] (solid_wave_vertices: 4) solid=[[149,6], [149,5], [149,9], [149,3]] merged=[[149,9], [149,6], [149,5], [149,3]]
Round 151: (Vertex0)[[w149,2], [w149,3], [w149,5], [150,7], [150,0], [w149,8], [w149,9], [150,2], [w149,6], [w149,4], [w149,7], [w149,0], [150,8]] weak=[[w149,2], [w149,3], [w149,5], [w149,8], [w149,9], [w149,6], [w149,4], [w149,7], [w149,0]] (solid_wave_vertices: 9) solid=[[149,9], [149,6], [149,4], [149,8], [149,5], [149,0], [149,2], [149,3], [149,7]] merged=[[149,5], [149,0], [149,4], [149,3], [149,6], [149,2], [149,7], [149,9], [149,8]] --- (Vertex1)[[w149,2], [w149,3], [w149,5], [150,3], [w149,1], [150,5], [150,9], [w149,8], [w149,9], [150,2], [w149,6], [w149,4], [150,4], [w149,7], [w149,0]] weak=[[w149,2], [w149,3], [w149,5], [w149,1], [w149,8], [w149,9], [w149,6], [w149,4], [w149,7], [w149,0]] (solid_wave_vertices: 10) solid=[[149,4], [149,0], [149,6], [149,8], [149,5], [149,7], [149,2], [149,1], [149,3], [149,9]] merged=[[149,7], [149,2], [149,6], [149,9], [149,0], [149,5], [149,4], [149,3], [149,1], [149,8]] --- (Vertex2)[[w149,2], [w149,3], [w149,5], [150,5], [150,9], [w149,8], [w149,9], [150,2], [w149,6], [w149,4], [150,4], [w149,7], [w149,0]] weak=[[w149,2], [w149,3], [w149,5], [w149,8], [w149,9], [w149,6], [w149,4], [w149,7], [w149,0]] (solid_wave_vertices: 9) solid=[[149,6], [149,4], [149,9], [149,7], [149,0], [149,2], [149,8], [149,5], [149,3]] merged=[[149,2], [149,5], [149,0], [149,9], [149,6], [149,4], [149,8], [149,3], [149,7]] --- (Vertex3)[[w149,2], [w149,3], [w149,5], [150,5], [150,9], [w149,8], [w149,9], [150,2], [w149,6], [w149,4], [150,4], [w149,7], [w149,0]] weak=[[w149,2], [w149,3], [w149,5], [w149,8], [w149,9], [w149,6], [w149,4], [w149,7], [w149,0]] (solid_wave_vertices: 9) solid=[[149,9], [149,4], [149,3], [149,7], [149,2], [149,0], [149,8], [149,6], [149,5]] merged=[[149,6], [149,5], [149,0], [149,9], [149,3], [149,2], [149,7], [149,4], [149,8]] --- (Vertex4)[[w149,2], [w149,3], [w149,5], [150,5], [150,9], [w149,9], [150,2], [w149,6], [w149,4], [150,4], [w149,7], [w149,0]] weak=[[w149,2], [w149,3], [w149,5], [w149,9], [w149,6], [w149,4], [w149,7], [w149,0]] (solid_wave_vertices: 8) solid=[[149,0], [149,2], [149,3], [149,4], [149,5], [149,6], [149,7], [149,9]] merged=[[149,5], [149,6], [149,3], [149,9], [149,7], [149,0], [149,2], [149,4]] --- (Vertex5)[[w149,2], [w149,3], [w149,5], [150,5], [150,9], [w149,8], [w149,9], [150,2], [w149,6], [w149,4], [150,4], [w149,7], [w149,0]] weak=[[w149,2], [w149,3], [w149,5], [w149,8], [w149,9], [w149,6], [w149,4], [w149,7], [w149,0]] (solid_wave_vertices: 9) solid=[[149,4], [149,6], [149,9], [149,8], [149,2], [149,5], [149,3], [149,7], [149,0]] merged=[[149,7], [149,5], [149,4], [149,9], [149,2], [149,0], [149,8], [149,6], [149,3]] --- (Vertex6)[[w149,2], [w149,3], [w149,5], [150,5], [150,9], [w149,8], [w149,9], [150,2], [w149,6], [w149,4], [150,4], [w149,7], [w149,0]] weak=[[w149,2], [w149,3], [w149,5], [w149,8], [w149,9], [w149,6], [w149,4], [w149,7], [w149,0]] (solid_wave_vertices: 9) solid=[[149,6], [149,7], [149,8], [149,2], [149,3], [149,4], [149,9], [149,5], [149,0]] merged=[[149,0], [149,9], [149,8], [149,3], [149,7], [149,5], [149,4], [149,2], [149,6]] --- (Vertex7)[[w149,2], [w149,3], [w149,5], [150,7], [150,9], [150,0], [w149,8], [w149,9], [w149,6], [w149,4], [150,4], [w149,7], [w149,0], [150,8]] weak=[[w149,2], [w149,3], [w149,5], [w149,8], [w149,9], [w149,6], [w149,4], [w149,7], [w149,0]] (solid_wave_vertices: 9) solid=[[149,6], [149,2], [149,5], [149,0], [149,9], [149,8], [149,3], [149,7], [149,4]] merged=[[149,0], [149,5], [149,2], [149,3], [149,6], [149,9], [149,4], [149,8], [149,7]] --- (Vertex8)[[w149,2], [w149,3], [w149,5], [150,3], [150,7], [150,9], [150,0], [w149,8], [w149,9], [150,2], [w149,6], [w149,4], [150,4], [w149,7], [w149,0], [150,8]] weak=[[w149,2], [w149,3], [w149,5], [w149,8], [w149,9], [w149,6], [w149,4], [w149,7], [w149,0]] (solid_wave_vertices: 9) solid=[[149,9], [149,6], [149,7], [149,4], [149,3], [149,5], [149,0], [149,2], [149,8]] merged=[[149,4], [149,2], [149,6], [149,8], [149,0], [149,9], [149,5], [149,3], [149,7]] --- (Vertex9)[[w149,2], [w149,3], [w149,5], [150,5], [150,9], [w149,8], [w149,9], [150,2], [w149,6], [w149,4], [150,4], [w149,7], [w149,0]] weak=[[w149,2], [w149,3], [w149,5], [w149,8], [w149,9], [w149,6], [w149,4], [w149,7], [w149,0]] (solid_wave_vertices: 9) solid=[[149,0], [149,8], [149,2], [149,3], [149,5], [149,7], [149,9], [149,6], [149,4]] merged=[[149,9], [149,5], [149,7], [149,4], [149,3], [149,0], [149,6], [149,8], [149,2]]
Round 152: (Vertex0)[[w149,2], [w149,3], [w149,5], [w150,3], [w149,1], [w150,7], [w150,5], [w150,9], [w150,0], [w150,6], [w149,8], [151,2], [151,8], [w149,9], [151,0], [151,7], [w150,2], [w149,6], [w149,4], [w150,4], [w149,7], [w149,0], [w150,8]] weak=[[w149,2], [w149,3], [w149,5], [w150,3], [w149,1], [w150,7], [w150,5], [w150,9], [w150,0], [w150,6], [w149,8], [w149,9], [w150,2], [w149,6], [w149,4], [w150,4], [w149,7], [w149,0], [w150,8]] (solid_wave_vertices: 10) solid=[[149,5], [149,1], [149,2], [149,8], [149,3], [149,4], [149,0], [149,6], [149,7], [149,9]] merged=[[149,5], [149,9], [149,0], [149,7], [149,8], [149,2], [149,1], [149,3], [149,4], [149,6]] --- (Vertex1)[[w149,2], [w149,3], [w149,5], [w150,3], [w149,1], [w150,7], [w150,5], [w150,9], [w150,0], [w150,6], [w149,8], [151,2], [w149,9], [w150,1], [151,6], [w150,2], [w149,6], [w149,4], [151,9], [151,4], [w150,4], [w149,7], [w149,0], [w150,8]] weak=[[w149,2], [w149,3], [w149,5], [w150,3], [w149,1], [w150,7], [w150,5], [w150,9], [w150,0], [w150,6], [w149,8], [w149,9], [w150,1], [w150,2], [w149,6], [w149,4], [w150,4], [w149,7], [w149,0], [w150,8]] (solid_wave_vertices: 10) solid=[[149,6], [149,7], [149,8], [149,0], [149,3], [149,2], [149,4], [149,9], [149,1], [149,5]] merged=[[149,4], [149,3], [149,7], [149,6], [149,0], [149,9], [149,2], [149,5], [149,8], [149,1]] --- (Vertex2)[[w149,2], [w149,3], [w149,5], [w150,3], [w150,7], [w150,5], [w150,9], [w150,0], [w150,6], [w149,8], [151,2], [w149,9], [151,6], [w150,2], [w149,6], [w149,4], [151,9], [151,4], [w150,4], [w149,7], [w149,0], [w150,8]] weak=[[w149,2], [w149,3], [w149,5], [w150,3], [w150,7], [w150,5], [w150,9], [w150,0], [w150,6], [w149,8], [w149,9], [w150,2], [w149,6], [w149,4], [w150,4], [w149,7], [w149,0], [w150,8]] (solid_wave_vertices: 9) solid=[[149,9], [149,4], [149,0], [149,6], [149,7], [149,3], [149,2], [149,8], [149,5]] merged=[[149,4], [149,9], [149,5], [149,3], [149,2], [149,8], [149,0], [149,7], [149,6]] --- (Vertex3)[[w149,2], [w149,3], [w149,5], [w150,3], [w150,7], [w150,5], [w150,9], [w150,0], [w150,6], [w149,8], [151,2], [w149,9], [151,6], [w150,2], [w149,6], [w149,4], [151,9], [151,4], [w150,4], [w149,7], [w149,0], [w150,8]] weak=[[w149,2], [w149,3], [w149,5], [w150,3], [w150,7], [w150,5], [w150,9], [w150,0], [w150,6], [w149,8], [w149,9], [w150,2], [w149,6], [w149,4], [w150,4], [w149,7], [w149,0], [w150,8]] (solid_wave_vertices: 9) solid=[[149,9], [149,6], [149,3], [149,4], [149,2], [149,0], [149,8], [149,7], [149,5]] merged=[[149,4], [149,9], [149,7], [149,3], [149,0], [149,6], [149,2], [149,5], [149,8]] --- (Vertex4)[[w149,2], [w149,3], [w149,5], [w150,3], [w150,7], [w150,5], [w150,9], [w150,0], [w150,6], [w149,8], [151,2], [w149,9], [151,6], [w150,2], [w149,6], [w149,4], [151,9], [151,4], [w150,4], [w149,7], [w149,0], [w150,8]] weak=[[w149,2], [w149,3], [w149,5], [w150,3], [w150,7], [w150,5], [w150,9], [w150,0], [w150,6], [w149,8], [w149,9], [w150,2], [w149,6], [w149,4], [w150,4], [w149,7], [w149,0], [w150,8]] (solid_wave_vertices: 9) solid=[[149,7], [149,6], [149,5], [149,2], [149,3], [149,8], [149,0], [149,9], [149,4]] merged=[[149,6], [149,0], [149,5], [149,8], [149,2], [149,3], [149,4], [149,9], [149,7]] --- (Vertex5)[[w149,2], [w149,3], [w149,5], [w150,3], [w150,7], [w150,5], [w150,9], [w150,0], [w150,6], [w149,8], [151,2], [w149,9], [151,6], [w150,2], [w149,6], [w149,4], [151,9], [151,4], [w150,4], [w149,7], [w149,0], [w150,8]] weak=[[w149,2], [w149,3], [w149,5], [w150,3], [w150,7], [w150,5], [w150,9], [w150,0], [w150,6], [w149,8], [w149,9], [w150,2], [w149,6], [w149,4], [w150,4], [w149,7], [w149,0], [w150,8]] (solid_wave_vertices: 9) solid=[[149,5], [149,8], [149,2], [149,0], [149,9], [149,3], [149,6], [149,4], [149,7]] merged=[[149,2], [149,5], [149,7], [149,3], [149,8], [149,6], [149,9], [149,4], [149,0]] --- (Vertex6)[[w149,2], [w149,3], [w149,5], [w150,3], [w150,7], [w150,5], [w150,9], [w150,0], [w150,6], [w149,8], [151,2], [w149,9], [151,6], [w150,2], [w149,6], [w149,4], [151,9], [151,4], [w150,4], [w149,7], [w149,0], [w150,8]] weak=[[w149,2], [w149,3], [w149,5], [w150,3], [w150,7], [w150,5], [w150,9], [w150,0], [w150,6], [w149,8], [w149,9], [w150,2], [w149,6], [w149,4], [w150,4], [w149,7], [w149,0], [w150,8]] (solid_wave_vertices: 9) solid=[[149,2], [149,4], [149,8], [149,9], [149,3], [149,0], [149,5], [149,6], [149,7]] merged=[[149,4], [149,9], [149,2], [149,3], [149,8], [149,0], [149,5], [149,7], [149,6]] --- (Vertex7)[[w149,2], [w149,3], [w149,5], [w150,3], [w149,1], [w150,7], [w150,5], [w150,9], [w150,0], [w150,6], [w149,8], [151,8], [w149,9], [151,0], [151,6], [151,7], [w150,2], [w149,6], [w149,4], [w150,4], [w149,7], [w149,0], [w150,8]] weak=[[w149,2], [w149,3], [w149,5], [w150,3], [w149,1], [w150,7], [w150,5], [w150,9], [w150,0], [w150,6], [w149,8], [w149,9], [w150,2], [w149,6], [w149,4], [w150,4], [w149,7], [w149,0], [w150,8]] (solid_wave_vertices: 10) solid=[[149,2], [149,6], [149,1], [149,0], [149,5], [149,4], [149,3], [149,8], [149,9], [149,7]] merged=[[149,3], [149,7], [149,8], [149,9], [149,0], [149,1], [149,6], [149,4], [149,2], [149,5]] --- (Vertex8)[[w149,2], [w149,3], [w149,5], [w150,3], [w149,1], [w150,7], [w150,5], [w150,9], [w150,0], [w150,6], [w149,8], [151,2], [151,8], [w149,9], [151,6], [151,7], [w150,2], [w149,6], [w149,4], [w150,4], [w149,7], [w149,0], [w150,8]] weak=[[w149,2], [w149,3], [w149,5], [w150,3], [w149,1], [w150,7], [w150,5], [w150,9], [w150,0], [w150,6], [w149,8], [w149,9], [w150,2], [w149,6], [w149,4], [w150,4], [w149,7], [w149,0], [w150,8]] (solid_wave_vertices: 10) solid=[[149,0], [149,7], [149,2], [149,5], [149,6], [149,8], [149,3], [149,4], [149,9], [149,1]] merged=[[149,6], [149,5], [149,8], [149,2], [149,3], [149,1], [149,4], [149,7], [149,9], [149,0]] --- (Vertex9)[[w149,2], [w149,3], [w149,5], [w150,3], [w150,7], [w150,5], [w150,9], [w150,0], [w150,6], [w149,8], [151,2], [w149,9], [151,6], [w150,2], [w149,6], [w149,4], [151,9], [151,4], [w150,4], [w149,7], [w149,0], [w150,8]] weak=[[w149,2], [w149,3], [w149,5], [w150,3], [w150,7], [w150,5], [w150,9], [w150,0], [w150,6], [w149,8], [w149,9], [w150,2], [w149,6], [w149,4], [w150,4], [w149,7], [w149,0], [w150,8]] (solid_wave_vertices: 9) solid=[[149,9], [149,4], [149,2], [149,5], [149,6], [149,8], [149,3], [149,7], [149,0]] merged=[[149,8], [149,9], [149,3], [149,5], [149,6], [149,4], [149,7], [149,2], [149,0]]
Round 153: (Vertex0)[[w149,2], [w149,3], [w149,5], [w150,3], [w151,5], [w149,1], [w150,7], [w150,5], [w150,9], [w150,0], [w150,6], [152,8], [w149,8], [w151,2], [w151,8], [w149,9], [w150,1], [w151,0], [w151,6], [w151,7], [w150,2], [w149,6], [w149,4], [w151,3], [w151,9], [w151,4], [w150,4], [w149,7], [w149,0], [w150,8]] weak=[[w149,2], [w149,3], [w149,5], [w150,3], [w151,5], [w149,1], [w150,7], [w150,5], [w150,9], [w150,0], [w150,6], [w149,8], [w151,2], [w151,8], [w149,9], [w150,1], [w151,0], [w151,6], [w151,7], [w150,2], [w149,6], [w149,4], [w151,3], [w151,9], [w151,4], [w150,4], [w149,7], [w149,0], [w150,8]] (solid_wave_vertices: 10) solid=[[149,3], [149,6], [149,7], [149,2], [149,4], [149,1], [149,5], [149,8], [149,9], [149,0]] merged=[[153,0]] --- (Vertex1)[[w149,2], [w149,3], [w151,1], [w149,5], [w150,3], [w151,5], [w149,1], [w150,7], [w150,5], [w150,9], [w150,0], [w150,6], [w149,8], [w151,2], [w151,8], [152,6], [152,3], [w149,9], [w150,1], [w151,0], [w151,6], [w151,7], [w150,2], [w149,6], [w149,4], [w151,3], [w151,9], [w151,4], [w150,4], [w149,7], [152,5], [w149,0], [w150,8]] weak=[[w149,2], [w149,3], [w151,1], [w149,5], [w150,3], [w151,5], [w149,1], [w150,7], [w150,5], [w150,9], [w150,0], [w150,6], [w149,8], [w151,2], [w151,8], [w149,9], [w150,1], [w151,0], [w151,6], [w151,7], [w150,2], [w149,6], [w149,4], [w151,3], [w151,9], [w151,4], [w150,4], [w149,7], [w149,0], [w150,8]] (solid_wave_vertices: 10) solid=[[149,9], [149,3], [149,1], [149,7], [149,2], [149,6], [149,8], [149,4], [149,0], [149,5]] merged=[[153,1]] --- (Vertex2)[[w149,2], [w149,3], [w149,5], [w150,3], [w151,5], [w149,1], [w150,7], [w150,5], [w150,9], [w150,0], [w150,6], [w149,8], [w151,2], [w151,8], [152,3], [w149,9], [w151,0], [w151,6], [w151,7], [w150,2], [w149,6], [w149,4], [w151,3], [w151,9], [w151,4], [w150,4], [w149,7], [152,5], [w149,0], [w150,8]] weak=[[w149,2], [w149,3], [w149,5], [w150,3], [w151,5], [w149,1], [w150,7], [w150,5], [w150,9], [w150,0], [w150,6], [w149,8], [w151,2], [w151,8], [w149,9], [w151,0], [w151,6], [w151,7], [w150,2], [w149,6], [w149,4], [w151,3], [w151,9], [w151,4], [w150,4], [w149,7], [w149,0], [w150,8]] (solid_wave_vertices: 10) solid=[[149,8], [149,6], [149,3], [149,7], [149,5], [149,4], [149,0], [149,1], [149,9], [149,2]] merged=[[153,2]] --- (Vertex3)[[w149,2], [w149,3], [w149,5], [w150,3], [w151,5], [w149,1], [w150,7], [w150,5], [w150,9], [w150,0], [w150,6], [w149,8], [w151,2], [w151,8], [152,3], [w149,9], [w151,0], [w151,6], [w151,7], [w150,2], [w149,6], [w149,4], [w151,3], [w151,9], [w151,4], [w150,4], [w149,7], [152,5], [w149,0], [w150,8]] weak=[[w149,2], [w149,3], [w149,5], [w150,3], [w151,5], [w149,1], [w150,7], [w150,5], [w150,9], [w150,0], [w150,6], [w149,8], [w151,2], [w151,8], [w149,9], [w151,0], [w151,6], [w151,7], [w150,2], [w149,6], [w149,4], [w151,3], [w151,9], [w151,4], [w150,4], [w149,7], [w149,0], [w150,8]] (solid_wave_vertices: 10) solid=[[149,2], [149,6], [149,8], [149,3], [149,0], [149,1], [149,9], [149,5], [149,4], [149,7]] merged=[[153,3]] --- (Vertex4)[[w149,2], [w149,3], [w149,5], [w150,3], [w151,5], [w149,1], [w150,7], [w150,5], [w150,9], [w150,0], [w150,6], [w149,8], [w151,2], [w151,8], [152,3], [w149,9], [w151,0], [w151,6], [w151,7], [w150,2], [w149,6], [w149,4], [w151,3], [w151,9], [w151,4], [w150,4], [w149,7], [152,5], [w149,0], [w150,8]] weak=[[w149,2], [w149,3], [w149,5], [w150,3], [w151,5], [w149,1], [w150,7], [w150,5], [w150,9], [w150,0], [w150,6], [w149,8], [w151,2], [w151,8], [w149,9], [w151,0], [w151,6], [w151,7], [w150,2], [w149,6], [w149,4], [w151,3], [w151,9], [w151,4], [w150,4], [w149,7], [w149,0], [w150,8]] (solid_wave_vertices: 10) solid=[[149,1], [149,9], [149,8], [149,6], [149,3], [149,2], [149,4], [149,7], [149,5], [149,0]] merged=[[153,4]] --- (Vertex5)[[w149,2], [w149,3], [w149,5], [w150,3], [w151,5], [w149,1], [w150,7], [w150,5], [w150,9], [w150,0], [w150,6], [w149,8], [w151,2], [w151,8], [152,3], [w149,9], [w151,0], [w151,6], [w151,7], [w150,2], [w149,6], [w149,4], [w151,3], [w151,9], [w151,4], [w150,4], [w149,7], [152,5], [w149,0], [w150,8]] weak=[[w149,2], [w149,3], [w149,5], [w150,3], [w151,5], [w149,1], [w150,7], [w150,5], [w150,9], [w150,0], [w150,6], [w149,8], [w151,2], [w151,8], [w149,9], [w151,0], [w151,6], [w151,7], [w150,2], [w149,6], [w149,4], [w151,3], [w151,9], [w151,4], [w150,4], [w149,7], [w149,0], [w150,8]] (solid_wave_vertices: 10) solid=[[149,6], [149,9], [149,1], [149,8], [149,7], [149,5], [149,3], [149,0], [149,4], [149,2]] merged=[[153,5]] --- (Vertex6)[[w149,2], [w149,3], [w149,5], [w150,3], [w151,5], [w149,1], [w150,7], [w150,5], [w150,9], [w150,0], [w150,6], [w149,8], [w151,2], [w151,8], [152,3], [w149,9], [w151,0], [w151,6], [w151,7], [w150,2], [w149,6], [w149,4], [w151,3], [w151,9], [w151,4], [w150,4], [w149,7], [152,5], [w149,0], [w150,8]] weak=[[w149,2], [w149,3], [w149,5], [w150,3], [w151,5], [w149,1], [w150,7], [w150,5], [w150,9], [w150,0], [w150,6], [w149,8], [w151,2], [w151,8], [w149,9], [w151,0], [w151,6], [w151,7], [w150,2], [w149,6], [w149,4], [w151,3], [w151,9], [w151,4], [w150,4], [w149,7], [w149,0], [w150,8]] (solid_wave_vertices: 10) solid=[[149,6], [149,5], [149,2], [149,4], [149,3], [149,8], [149,1], [149,0], [149,7], [149,9]] merged=[[153,6]] --- (Vertex7)[[w149,2], [w149,3], [w149,5], [w150,3], [w151,5], [w149,1], [w150,7], [w150,5], [w150,9], [w150,0], [w150,6], [w149,8], [w151,2], [w151,8], [152,3], [w149,9], [w150,1], [w151,0], [w151,6], [w151,7], [w150,2], [w149,6], [w149,4], [w151,3], [w151,9], [w151,4], [w150,4], [w149,7], [152,5], [w149,0], [w150,8]] weak=[[w149,2], [w149,3], [w149,5], [w150,3], [w151,5], [w149,1], [w150,7], [w150,5], [w150,9], [w150,0], [w150,6], [w149,8], [w151,2], [w151,8], [w149,9], [w150,1], [w151,0], [w151,6], [w151,7], [w150,2], [w149,6], [w149,4], [w151,3], [w151,9], [w151,4], [w150,4], [w149,7], [w149,0], [w150,8]] (solid_wave_vertices: 10) solid=[[149,2], [149,6], [149,9], [149,8], [149,7], [149,5], [149,3], [149,4], [149,0], [149,1]] merged=[[153,7]] --- (Vertex8)[[w149,2], [w149,3], [w149,5], [w150,3], [w151,5], [w149,1], [w150,7], [w150,5], [w150,9], [w150,0], [w150,6], [152,8], [w149,8], [w151,2], [w151,8], [w149,9], [w150,1], [w151,0], [w151,6], [w151,7], [w150,2], [w149,6], [w149,4], [w151,3], [w151,9], [w151,4], [w150,4], [w149,7], [152,5], [w149,0], [w150,8]] weak=[[w149,2], [w149,3], [w149,5], [w150,3], [w151,5], [w149,1], [w150,7], [w150,5], [w150,9], [w150,0], [w150,6], [w149,8], [w151,2], [w151,8], [w149,9], [w150,1], [w151,0], [w151,6], [w151,7], [w150,2], [w149,6], [w149,4], [w151,3], [w151,9], [w151,4], [w150,4], [w149,7], [w149,0], [w150,8]] (solid_wave_vertices: 10) solid=[[149,8], [149,5], [149,9], [149,1], [149,4], [149,3], [149,0], [149,6], [149,2], [149,7]] merged=[[153,8]] --- (Vertex9)[[w149,2], [w149,3], [w149,5], [w150,3], [w151,5], [w149,1], [w150,7], [w150,5], [w150,9], [w150,0], [w150,6], [w149,8], [w151,2], [w151,8], [152,3], [w149,9], [w151,0], [w151,6], [w151,7], [w150,2], [w149,6], [w149,4], [w151,3], [w151,9], [w151,4], [w150,4], [w149,7], [152,5], [w149,0], [w150,8]] weak=[[w149,2], [w149,3], [w149,5], [w150,3], [w151,5], [w149,1], [w150,7], [w150,5], [w150,9], [w150,0], [w150,6], [w149,8], [w151,2], [w151,8], [w149,9], [w151,0], [w151,6], [w151,7], [w150,2], [w149,6], [w149,4], [w151,3], [w151,9], [w151,4], [w150,4], [w149,7], [w149,0], [w150,8]] (solid_wave_vertices: 10) solid=[[149,1], [149,0], [149,6], [149,3], [149,5], [149,4], [149,2], [149,9], [149,7], [149,8]] merged=[[153,9]]
Round 154: (Vertex0)[[153,3], [153,7], [153,4], [153,8], [153,0]] (solid_wave_vertices: 5) solid=[[153,4], [153,8], [153,3], [153,0], [153,7]] merged=[[153,3], [153,8], [153,7], [153,0], [153,4]] --- (Vertex1)[[153,3], [153,9], [153,4], [153,0]] (solid_wave_vertices: 4) solid=[[153,3], [153,9], [153,4], [153,0]] merged=[[153,4], [153,3], [153,0], [153,9]] --- (Vertex2)[[153,3], [153,9], [153,4], [153,2]] (solid_wave_vertices: 4) solid=[[153,3], [153,2], [153,9], [153,4]] merged=[[153,9], [153,2], [153,4], [153,3]] --- (Vertex3)[[153,3], [153,9], [153,4], [153,2]] (solid_wave_vertices: 4) solid=[[153,9], [153,4], [153,2], [153,3]] merged=[[153,3], [153,4], [153,2], [153,9]] --- (Vertex4)[[153,3], [153,9], [153,4], [153,2]] (solid_wave_vertices: 4) solid=[[153,3], [153,2], [153,9], [153,4]] merged=[[153,2], [153,9], [153,4], [153,3]] --- (Vertex5)[[153,3], [153,9], [153,4], [153,2]] (solid_wave_vertices: 4) solid=[[153,4], [153,3], [153,9], [153,2]] merged=[[153,3], [153,9], [153,4], [153,2]] --- (Vertex6)[[153,3], [153,9], [153,4], [153,2]] (solid_wave_vertices: 4) solid=[[153,4], [153,9], [153,2], [153,3]] merged=[[153,4], [153,2], [153,9], [153,3]] --- (Vertex7)[[153,3], [153,7], [153,8], [153,0]] (solid_wave_vertices: 4) solid=[[153,8], [153,7], [153,0], [153,3]] merged=[[153,0], [153,3], [153,7], [153,8]] --- (Vertex8)[[153,7], [153,4], [153,2], [153,8], [153,0]] (solid_wave_vertices: 5) solid=[[153,4], [153,0], [153,8], [153,2], [153,7]] merged=[[153,7], [153,4], [153,2], [153,0], [153,8]] --- (Vertex9)[[153,3], [153,9], [153,4], [153,2]] (solid_wave_vertices: 4) solid=[[153,9], [153,2], [153,4], [153,3]] merged=[[153,9], [153,4], [153,3], [153,2]]
Round 155: (Vertex0)[[154,2], [w153,3], [w153,7], [w153,9], [154,0], [w153,6], [154,7], [w153,4], [154,8], [w153,2], [w153,8], [w153,0], [w153,5]] weak=[[w153,3], [w153,7], [w153,9], [w153,6], [w153,4], [w153,2], [w153,8], [w153,0], [w153,5]] (solid_wave_vertices: 9) solid=[[153,3], [153,6], [153,7], [153,5], [153,9], [153,4], [153,2], [153,0], [153,8]] merged=[[153,2], [153,5], [153,3], [153,6], [153,9], [153,4], [153,0], [153,7], [153,8]] --- (Vertex1)[[154,2], [w153,3], [w153,7], [w153,9], [w153,1], [154,9], [154,4], [w153,6], [154,5], [w153,4], [154,3], [w153,2], [w153,8], [w153,0], [w153,5]] weak=[[w153,3], [w153,7], [w153,9], [w153,1], [w153,6], [w153,4], [w153,2], [w153,8], [w153,0], [w153,5]] (solid_wave_vertices: 10) solid=[[153,5], [153,6], [153,8], [153,7], [153,1], [153,0], [153,3], [153,9], [153,4], [153,2]] merged=[[153,7], [153,8], [153,2], [153,4], [153,6], [153,5], [153,9], [153,1], [153,3], [153,0]] --- (Vertex2)[[154,2], [w153,3], [w153,7], [w153,9], [154,9], [154,4], [w153,6], [154,5], [w153,4], [154,3], [w153,2], [w153,8], [w153,0], [w153,5]] weak=[[w153,3], [w153,7], [w153,9], [w153,6], [w153,4], [w153,2], [w153,8], [w153,0], [w153,5]] (solid_wave_vertices: 9) solid=[[153,7], [153,0], [153,3], [153,5], [153,9], [153,8], [153,4], [153,2], [153,6]] merged=[[153,4], [153,3], [153,5], [153,7], [153,8], [153,2], [153,0], [153,9], [153,6]] --- (Vertex3)[[154,2], [w153,3], [w153,7], [w153,9], [154,9], [154,4], [w153,6], [154,5], [w153,4], [154,3], [w153,2], [w153,8], [w153,0], [w153,5]] weak=[[w153,3], [w153,7], [w153,9], [w153,6], [w153,4], [w153,2], [w153,8], [w153,0], [w153,5]] (solid_wave_vertices: 9) solid=[[153,0], [153,5], [153,8], [153,9], [153,7], [153,3], [153,2], [153,4], [153,6]] merged=[[153,2], [153,7], [153,3], [153,9], [153,6], [153,5], [153,0], [153,8], [153,4]] --- (Vertex4)[[154,2], [w153,3], [w153,7], [w153,9], [154,9], [154,4], [w153,6], [154,5], [w153,4], [154,3], [w153,2], [w153,8], [w153,0], [w153,5]] weak=[[w153,3], [w153,7], [w153,9], [w153,6], [w153,4], [w153,2], [w153,8], [w153,0], [w153,5]] (solid_wave_vertices: 9) solid=[[153,3], [153,7], [153,9], [153,2], [153,4], [153,0], [153,6], [153,5], [153,8]] merged=[[153,3], [153,4], [153,8], [153,2], [153,0], [153,7], [153,9], [153,5], [153,6]] --- (Vertex5)[[154,2], [w153,3], [w153,7], [w153,9], [154,9], [154,4], [w153,6], [154,5], [w153,4], [154,3], [w153,2], [w153,8], [w153,0], [w153,5]] weak=[[w153,3], [w153,7], [w153,9], [w153,6], [w153,4], [w153,2], [w153,8], [w153,0], [w153,5]] (solid_wave_vertices: 9) solid=[[153,0], [153,9], [153,2], [153,3], [153,5], [153,8], [153,4], [153,6], [153,7]] merged=[[153,3], [153,5], [153,4], [153,8], [153,6], [153,7], [153,2], [153,9], [153,0]] --- (Vertex6)[[154,2], [w153,3], [w153,7], [w153,9], [154,9], [154,4], [w153,6], [154,5], [w153,4], [154,3], [w153,2], [w153,8], [w153,0], [w153,5]] weak=[[w153,3], [w153,7], [w153,9], [w153,6], [w153,4], [w153,2], [w153,8], [w153,0], [w153,5]] (solid_wave_vertices: 9) solid=[[153,8], [153,2], [153,4], [153,6], [153,3], [153,9], [153,0], [153,7], [153,5]] merged=[[153,8], [153,4], [153,2], [153,0], [153,6], [153,7], [153,3], [153,5], [153,9]] --- (Vertex7)[[154,2], [w153,3], [w153,7], [w153,9], [154,0], [w153,6], [154,7], [w153,4], [154,8], [w153,2], [w153,8], [w153,0], [w153,5]] weak=[[w153,3], [w153,7], [w153,9], [w153,6], [w153,4], [w153,2], [w153,8], [w153,0], [w153,5]] (solid_wave_vertices: 9) solid=[[153,0], [153,5], [153,9], [153,8], [153,4], [153,3], [153,7], [153,6], [153,2]] merged=[[153,8], [153,9], [153,2], [153,0], [153,6], [153,5], [153,3], [153,4], [153,7]] --- (Vertex8)[[154,2], [w153,3], [w153,7], [w153,9], [154,0], [w153,6], [154,7], [154,5], [w153,4], [154,8], [w153,2], [w153,8], [w153,0], [w153,5]] weak=[[w153,3], [w153,7], [w153,9], [w153,6], [w153,4], [w153,2], [w153,8], [w153,0], [w153,5]] (solid_wave_vertices: 9) solid=[[153,7], [153,2], [153,5], [153,9], [153,8], [153,0], [153,3], [153,4], [153,6]] merged=[[153,0], [153,5], [153,8], [153,9], [153,7], [153,4], [153,2], [153,3], [153,6]] --- (Vertex9)[[154,2], [w153,3], [w153,7], [w153,9], [154,9], [154,4], [w153,6], [154,5], [w153,4], [154,3], [w153,2], [w153,8], [w153,0], [w153,5]] weak=[[w153,3], [w153,7], [w153,9], [w153,6], [w153,4], [w153,2], [w153,8], [w153,0], [w153,5]] (solid_wave_vertices: 9) solid=[[153,6], [153,7], [153,4], [153,9], [153,5], [153,0], [153,3], [153,8], [153,2]] merged=[[153,5], [153,9], [153,2], [153,0], [153,6], [153,7], [153,3], [153,4], [153,8]]
Round 156: (Vertex0)[[w154,2], [w154,6], [w153,3], [w153,7], [155,7], [w153,9], [w154,0], [w153,1], [w154,9], [w154,4], [w153,6], [w154,7], [w154,5], [w153,4], [w154,8], [w154,3], [w153,2], [w153,8], [w153,0], [155,6], [w153,5], [155,0], [155,3], [155,8]] weak=[[w154,2], [w154,6], [w153,3], [w153,7], [w153,9], [w154,0], [w153,1], [w154,9], [w154,4], [w153,6], [w154,7], [w154,5], [w153,4], [w154,8], [w154,3], [w153,2], [w153,8], [w153,0], [w153,5]] (solid_wave_vertices: 10) solid=[[153,7], [153,9], [153,3], [153,5], [153,0], [153,4], [153,2], [153,6], [153,8], [153,1]] merged=[[153,7], [153,5], [153,6], [153,1], [153,8], [153,2], [153,0], [153,9], [153,3], [153,4]] --- (Vertex2)[[w154,2], [w154,6], [w153,3], [w153,7], [w153,9], [w154,0], [155,9], [155,2], [w154,9], [w154,4], [w153,6], [w154,7], [w154,5], [w153,4], [w154,8], [w154,3], [w153,2], [155,5], [w153,8], [w153,0], [155,6], [w153,5], [155,3]] weak=[[w154,2], [w154,6], [w153,3], [w153,7], [w153,9], [w154,0], [w154,9], [w154,4], [w153,6], [w154,7], [w154,5], [w153,4], [w154,8], [w154,3], [w153,2], [w153,8], [w153,0], [w153,5]] (solid_wave_vertices: 9) solid=[[153,5], [153,4], [153,0], [153,9], [153,8], [153,3], [153,6], [153,7], [153,2]] merged=[[153,2], [153,8], [153,4], [153,9], [153,5], [153,7], [153,6], [153,3], [153,0]] --- (Vertex3)[[w154,2], [w154,6], [w153,3], [w153,7], [w153,9], [w154,0], [155,9], [155,2], [w154,9], [w154,4], [w153,6], [w154,7], [w154,5], [w153,4], [w154,8], [w154,3], [w153,2], [155,5], [w153,8], [w153,0], [155,6], [w153,5], [155,3]] weak=[[w154,2], [w154,6], [w153,3], [w153,7], [w153,9], [w154,0], [w154,9], [w154,4], [w153,6], [w154,7], [w154,5], [w153,4], [w154,8], [w154,3], [w153,2], [w153,8], [w153,0], [w153,5]] (solid_wave_vertices: 9) solid=[[153,3], [153,4], [153,5], [153,0], [153,8], [153,9], [153,6], [153,7], [153,2]] merged=[[153,7], [153,0], [153,9], [153,2], [153,8], [153,6], [153,4], [153,3], [153,5]] --- (Vertex4)[[w154,2], [w154,6], [w153,3], [w153,7], [w153,9], [w154,0], [155,9], [155,2], [w154,9], [w154,4], [w153,6], [w154,7], [w154,5], [w153,4], [w154,8], [w154,3], [w153,2], [155,5], [w153,8], [w153,0], [155,6], [w153,5], [155,3]] weak=[[w154,2], [w154,6], [w153,3], [w153,7], [w153,9], [w154,0], [w154,9], [w154,4], [w153,6], [w154,7], [w154,5], [w153,4], [w154,8], [w154,3], [w153,2], [w153,8], [w153,0], [w153,5]] (solid_wave_vertices: 9) solid=[[153,6], [153,3], [153,2], [153,4], [153,5], [153,8], [153,7], [153,9], [153,0]] merged=[[153,7], [153,9], [153,4], [153,2], [153,3], [153,5], [153,8], [153,0], [153,6]] --- (Vertex5)[[w154,2], [w154,6], [w153,3], [w153,7], [w153,9], [w154,0], [155,9], [155,2], [w154,9], [w154,4], [w153,6], [w154,7], [w154,5], [w153,4], [w154,8], [w154,3], [w153,2], [155,5], [w153,8], [w153,0], [155,6], [w153,5], [155,3]] weak=[[w154,2], [w154,6], [w153,3], [w153,7], [w153,9], [w154,0], [w154,9], [w154,4], [w153,6], [w154,7], [w154,5], [w153,4], [w154,8], [w154,3], [w153,2], [w153,8], [w153,0], [w153,5]] (solid_wave_vertices: 9) solid=[[153,8], [153,3], [153,0], [153,2], [153,7], [153,9], [153,5], [153,6], [153,4]] merged=[[153,6], [153,2], [153,5], [153,0], [153,7], [153,3], [153,8], [153,9], [153,4]] --- (Vertex6)[[w154,2], [w154,6], [w153,3], [w153,7], [w153,9], [w154,0], [155,9], [155,2], [w154,9], [w154,4], [w153,6], [w154,7], [w154,5], [w153,4], [w154,8], [w154,3], [w153,2], [155,5], [w153,8], [w153,0], [155,6], [w153,5], [155,3]] weak=[[w154,2], [w154,6], [w153,3], [w153,7], [w153,9], [w154,0], [w154,9], [w154,4], [w153,6], [w154,7], [w154,5], [w153,4], [w154,8], [w154,3], [w153,2], [w153,8], [w153,0], [w153,5]] (solid_wave_vertices: 9) solid=[[153,9], [153,6], [153,2], [153,3], [153,7], [153,0], [153,4], [153,8], [153,5]] merged=[[153,7], [153,6], [153,9], [153,3], [153,0], [153,8], [153,4], [153,5], [153,2]] --- (Vertex7)[[w154,2], [w154,6], [w153,3], [w153,7], [155,7], [w153,9], [w154,0], [w153,1], [155,2], [w154,9], [w154,4], [w153,6], [w154,7], [w154,5], [w153,4], [w154,8], [w154,3], [w153,2], [155,5], [w153,8], [w153,0], [155,6], [w153,5], [155,0], [155,8]] weak=[[w154,2], [w154,6], [w153,3], [w153,7], [w153,9], [w154,0], [w153,1], [w154,9], [w154,4], [w153,6], [w154,7], [w154,5], [w153,4], [w154,8], [w154,3], [w153,2], [w153,8], [w153,0], [w153,5]] (solid_wave_vertices: 10) solid=[[153,1], [153,2], [153,9], [153,5], [153,6], [153,3], [153,8], [153,0], [153,7], [153,4]] merged=[[153,6], [153,9], [153,4], [153,7], [153,5], [153,3], [153,1], [153,8], [153,0], [153,2]] --- (Vertex8)[[w154,2], [w154,6], [w153,3], [w153,7], [155,7], [w153,9], [w154,0], [w153,1], [155,2], [w154,9], [w154,4], [w153,6], [w154,7], [w154,5], [w153,4], [w154,8], [w154,3], [w153,2], [155,5], [w153,8], [w153,0], [w153,5], [155,0], [155,3], [155,8]] weak=[[w154,2], [w154,6], [w153,3], [w153,7], [w153,9], [w154,0], [w153,1], [w154,9], [w154,4], [w153,6], [w154,7], [w154,5], [w153,4], [w154,8], [w154,3], [w153,2], [w153,8], [w153,0], [w153,5]] (solid_wave_vertices: 10) solid=[[153,6], [153,8], [153,0], [153,5], [153,9], [153,2], [153,3], [153,7], [153,1], [153,4]] merged=[[153,3], [153,0], [153,5], [153,4], [153,8], [153,9], [153,6], [153,2], [153,1], [153,7]] --- (Vertex9)[[w154,2], [w154,6], [w153,3], [w153,7], [w153,9], [w154,0], [155,9], [155,2], [w154,9], [w154,4], [w153,6], [w154,7], [w154,5], [w153,4], [w154,8], [w154,3], [w153,2], [155,5], [w153,8], [w153,0], [155,6], [w153,5], [155,3]] weak=[[w154,2], [w154,6], [w153,3], [w153,7], [w153,9], [w154,0], [w154,9], [w154,4], [w153,6], [w154,7], [w154,5], [w153,4], [w154,8], [w154,3], [w153,2], [w153,8], [w153,0], [w153,5]] (solid_wave_vertices: 9) solid=[[153,0], [153,4], [153,8], [153,6], [153,7], [153,3], [153,2], [153,9], [153,5]] merged=[[153,6], [153,7], [153,5], [153,0], [153,3], [153,2], [153,8], [153,4], [153,9]]
Round 157: (Vertex0)[[w154,2], [w154,6], [156,7], [w153,3], [w153,7], [w155,7], [w153,9], [w154,0], [w153,1], [156,4], [w155,9], [w155,2], [w154,9], [w154,4], [w153,6], [w154,7], [w154,5], [w153,4], [w154,8], [156,3], [w154,3], [w153,2], [156,0], [w155,5], [w153,8], [w153,0], [w154,1], [w155,6], [w153,5], [w155,0], [w155,3], [w155,4], [w155,8]] weak=[[w154,2], [w154,6], [w153,3], [w153,7], [w155,7], [w153,9], [w154,0], [w153,1], [w155,9], [w155,2], [w154,9], [w154,4], [w153,6], [w154,7], [w154,5], [w153,4], [w154,8], [w154,3], [w153,2], [w155,5], [w153,8], [w153,0], [w154,1], [w155,6], [w153,5], [w155,0], [w155,3], [w155,4], [w155,8]] (solid_wave_vertices: 10) solid=[[153,9], [153,2], [153,0], [153,6], [153,5], [153,7], [153,8], [153,4], [153,3], [153,1]] merged=[[157,0]] --- (Vertex1)[[w154,2], [w154,6], [w153,3], [w153,7], [w155,7], [w153,9], [w154,0], [w153,1], [w155,9], [w155,2], [w154,9], [w154,4], [w153,6], [w154,7], [w154,5], [w153,4], [w154,8], [w154,3], [w153,2], [w155,5], [w153,8], [w153,0], [w154,1], [w155,6], [w153,5], [w155,0], [w155,3]] weak=[[w154,2], [w154,6], [w153,3], [w153,7], [w155,7], [w153,9], [w154,0], [w153,1], [w155,9], [w155,2], [w154,9], [w154,4], [w153,6], [w154,7], [w154,5], [w153,4], [w154,8], [w154,3], [w153,2], [w155,5], [w153,8], [w153,0], [w154,1], [w155,6], [w153,5], [w155,0], [w155,3]] (solid_wave_vertices: 10) solid=[[153,9], [153,7], [153,6], [153,5], [153,1], [153,3], [153,8], [153,4], [153,0], [153,2]] merged=[[157,1]] --- (Vertex2)[[w154,2], [w154,6], [w153,3], [w153,7], [w155,7], [w153,9], [w154,0], [w153,1], [156,4], [w155,9], [w155,2], [w154,9], [w154,4], [w153,6], [w154,7], [w154,5], [w153,4], [w154,8], [156,3], [w154,3], [w153,2], [w155,5], [w153,8], [156,6], [w153,0], [w155,6], [w153,5], [w155,0], [w155,3], [156,2], [w155,4], [w155,8]] weak=[[w154,2], [w154,6], [w153,3], [w153,7], [w155,7], [w153,9], [w154,0], [w153,1], [w155,9], [w155,2], [w154,9], [w154,4], [w153,6], [w154,7], [w154,5], [w153,4], [w154,8], [w154,3], [w153,2], [w155,5], [w153,8], [w153,0], [w155,6], [w153,5], [w155,0], [w155,3], [w155,4], [w155,8]] (solid_wave_vertices: 10) solid=[[153,5], [153,3], [153,8], [153,2], [153,4], [153,0], [153,6], [153,1], [153,7], [153,9]] merged=[[157,2]] --- (Vertex3)[[w154,2], [w154,6], [w153,3], [w153,7], [w155,7], [w153,9], [w154,0], [w153,1], [156,4], [w155,9], [w155,2], [w154,9], [w154,4], [w153,6], [w154,7], [w154,5], [w153,4], [w154,8], [156,3], [w154,3], [w153,2], [w155,5], [w153,8], [156,6], [w153,0], [w155,6], [w153,5], [w155,0], [w155,3], [156,2], [w155,4], [w155,8]] weak=[[w154,2], [w154,6], [w153,3], [w153,7], [w155,7], [w153,9], [w154,0], [w153,1], [w155,9], [w155,2], [w154,9], [w154,4], [w153,6], [w154,7], [w154,5], [w153,4], [w154,8], [w154,3], [w153,2], [w155,5], [w153,8], [w153,0], [w155,6], [w153,5], [w155,0], [w155,3], [w155,4], [w155,8]] (solid_wave_vertices: 10) solid=[[153,7], [153,1], [153,8], [153,0], [153,6], [153,5], [153,2], [153,9], [153,4], [153,3]] merged=[[157,3]] --- (Vertex4)[[w154,2], [w154,6], [w153,3], [w153,7], [w155,7], [w153,9], [w154,0], [w153,1], [156,4], [w155,9], [w155,2], [w154,9], [w154,4], [w153,6], [w154,7], [w154,5], [w153,4], [w154,8], [156,3], [w154,3], [w153,2], [w155,5], [w153,8], [156,6], [w153,0], [w155,6], [w153,5], [w155,0], [w155,3], [156,2], [w155,4], [w155,8]] weak=[[w154,2], [w154,6], [w153,3], [w153,7], [w155,7], [w153,9], [w154,0], [w153,1], [w155,9], [w155,2], [w154,9], [w154,4], [w153,6], [w154,7], [w154,5], [w153,4], [w154,8], [w154,3], [w153,2], [w155,5], [w153,8], [w153,0], [w155,6], [w153,5], [w155,0], [w155,3], [w155,4], [w155,8]] (solid_wave_vertices: 10) solid=[[153,0], [153,5], [153,1], [153,4], [153,2], [153,9], [153,3], [153,8], [153,6], [153,7]] merged=[[157,4]] --- (Vertex5)[[w154,2], [w154,6], [w153,3], [w153,7], [w155,7], [w153,9], [w154,0], [w153,1], [156,4], [w155,9], [w155,2], [w154,9], [w154,4], [w153,6], [w154,7], [w154,5], [w153,4], [w154,8], [156,3], [w154,3], [w153,2], [156,5], [w155,5], [w153,8], [156,6], [w153,0], [w155,6], [w153,5], [w155,0], [w155,3], [156,2], [w155,4], [w155,8]] weak=[[w154,2], [w154,6], [w153,3], [w153,7], [w155,7], [w153,9], [w154,0], [w153,1], [w155,9], [w155,2], [w154,9], [w154,4], [w153,6], [w154,7], [w154,5], [w153,4], [w154,8], [w154,3], [w153,2], [w155,5], [w153,8], [w153,0], [w155,6], [w153,5], [w155,0], [w155,3], [w155,4], [w155,8]] (solid_wave_vertices: 10) solid=[[153,5], [153,2], [153,3], [153,7], [153,6], [153,8], [153,9], [153,4], [153,0], [153,1]] merged=[[157,5]] --- (Vertex6)[[w154,2], [w154,6], [w153,3], [w153,7], [w155,7], [w153,9], [w154,0], [w153,1], [156,4], [w155,9], [w155,2], [w154,9], [w154,4], [w153,6], [w154,7], [w154,5], [w153,4], [w154,8], [156,3], [w154,3], [w153,2], [w155,5], [w153,8], [156,6], [w153,0], [w155,6], [w153,5], [w155,0], [w155,3], [156,2], [w155,4], [w155,8]] weak=[[w154,2], [w154,6], [w153,3], [w153,7], [w155,7], [w153,9], [w154,0], [w153,1], [w155,9], [w155,2], [w154,9], [w154,4], [w153,6], [w154,7], [w154,5], [w153,4], [w154,8], [w154,3], [w153,2], [w155,5], [w153,8], [w153,0], [w155,6], [w153,5], [w155,0], [w155,3], [w155,4], [w155,8]] (solid_wave_vertices: 10) solid=[[153,8], [153,7], [153,6], [153,3], [153,2], [153,4], [153,0], [153,5], [153,9], [153,1]] merged=[[157,6]] --- (Vertex7)[[w154,2], [w154,6], [156,7], [w153,3], [w153,7], [w155,7], [w153,9], [w154,0], [w153,1], [w155,9], [w155,2], [w154,9], [w154,4], [w153,6], [w154,7], [w154,5], [w153,4], [w154,8], [w154,3], [w153,2], [156,0], [w155,5], [w153,8], [w153,0], [w154,1], [w155,6], [w153,5], [w155,0], [w155,3], [w155,4], [w155,8]] weak=[[w154,2], [w154,6], [w153,3], [w153,7], [w155,7], [w153,9], [w154,0], [w153,1], [w155,9], [w155,2], [w154,9], [w154,4], [w153,6], [w154,7], [w154,5], [w153,4], [w154,8], [w154,3], [w153,2], [w155,5], [w153,8], [w153,0], [w154,1], [w155,6], [w153,5], [w155,0], [w155,3], [w155,4], [w155,8]] (solid_wave_vertices: 10) solid=[[153,2], [153,3], [153,8], [153,4], [153,0], [153,1], [153,9], [153,7], [153,5], [153,6]] merged=[[157,7]] --- (Vertex8)[[w154,2], [w154,6], [156,7], [w153,3], [w153,7], [w155,7], [w153,9], [w154,0], [w153,1], [156,4], [w155,9], [w155,2], [w154,9], [w154,4], [w153,6], [w154,7], [w154,5], [w153,4], [w154,8], [156,3], [w154,3], [w153,2], [156,0], [w155,5], [w153,8], [156,6], [w153,0], [w154,1], [w155,6], [w153,5], [w155,0], [w155,3], [w155,4], [w155,8]] weak=[[w154,2], [w154,6], [w153,3], [w153,7], [w155,7], [w153,9], [w154,0], [w153,1], [w155,9], [w155,2], [w154,9], [w154,4], [w153,6], [w154,7], [w154,5], [w153,4], [w154,8], [w154,3], [w153,2], [w155,5], [w153,8], [w153,0], [w154,1], [w155,6], [w153,5], [w155,0], [w155,3], [w155,4], [w155,8]] (solid_wave_vertices: 10) solid=[[153,7], [153,0], [153,5], [153,4], [153,2], [153,1], [153,8], [153,3], [153,6], [153,9]] merged=[[157,8]] --- (Vertex9)[[w154,2], [w154,6], [w153,3], [w153,7], [w155,7], [w153,9], [w154,0], [w153,1], [156,4], [w155,9], [w155,2], [w154,9], [w154,4], [w153,6], [w154,7], [w154,5], [w153,4], [w154,8], [156,3], [w154,3], [w153,2], [w155,5], [w153,8], [156,6], [w153,0], [w155,6], [w153,5], [w155,0], [w155,3], [156,2], [w155,4], [w155,8]] weak=[[w154,2], [w154,6], [w153,3], [w153,7], [w155,7], [w153,9], [w154,0], [w153,1], [w155,9], [w155,2], [w154,9], [w154,4], [w153,6], [w154,7], [w154,5], [w153,4], [w154,8], [w154,3], [w153,2], [w155,5], [w153,8], [w153,0], [w155,6], [w153,5], [w155,0], [w155,3], [w155,4], [w155,8]] (solid_wave_vertices: 10) solid=[[153,2], [153,1], [153,6], [153,0], [153,7], [153,8], [153,3], [153,9], [153,5], [153,4]] merged=[[157,9]]
Round 158: (Vertex0)[[157,8], [157,0], [157,7], [157,4]] (solid_wave_vertices: 4) solid=[[157,4], [157,8], [157,0], [157,7]] merged=[[157,7], [157,0], [157,8], [157,4]] --- (Vertex1)[[157,6], [157,4], [157,9], [157,1]] (solid_wave_vertices: 4) solid=[[157,1], [157,6], [157,9], [157,4]] merged=[[157,1], [157,9], [157,4], [157,6]] --- (Vertex2)[[157,5], [157,4], [157,2], [157,9]] (solid_wave_vertices: 4) solid=[[157,9], [157,5], [157,4], [157,2]] merged=[[157,2], [157,5], [157,4], [157,9]] --- (Vertex3)[[157,5], [157,6], [157,4], [157,9]] (solid_wave_vertices: 4) solid=[[157,6], [157,9], [157,4], [157,5]] merged=[[157,4], [157,6], [157,5], [157,9]] --- (Vertex4)[[157,5], [157,6], [157,4], [157,9]] (solid_wave_vertices: 4) solid=[[157,4], [157,5], [157,9], [157,6]] merged=[[157,6], [157,5], [157,4], [157,9]] --- (Vertex5)[[157,5], [157,6], [157,4], [157,9]] (solid_wave_vertices: 4) solid=[[157,5], [157,4], [157,6], [157,9]] merged=[[157,5], [157,4], [157,9], [157,6]] --- (Vertex6)[[157,5], [157,6], [157,4], [157,9]] (solid_wave_vertices: 4) solid=[[157,6], [157,4], [157,9], [157,5]] merged=[[157,9], [157,5], [157,6], [157,4]] --- (Vertex7)[[157,8], [157,0], [157,7], [157,4]] (solid_wave_vertices: 4) solid=[[157,8], [157,0], [157,4], [157,7]] merged=[[157,7], [157,4], [157,0], [157,8]] --- (Vertex8)[[157,8], [157,0], [157,7], [157,4]] (solid_wave_vertices: 4) solid=[[157,0], [157,7], [157,8], [157,4]] merged=[[157,8], [157,0], [157,7], [157,4]] --- (Vertex9)[[157,5], [157,6], [157,4], [157,9]] (solid_wave_vertices: 4) solid=[[157,5], [157,9], [157,6], [157,4]] merged=[[157,5], [157,9], [157,6], [157,4]]
Round 159: (Vertex0)[[w157,8], [158,7], [w157,5], [w157,6], [158,8], [w157,0], [w157,7], [158,0], [w157,4], [158,3], [w157,2], [w157,9], [w157,3], [w157,1]] weak=[[w157,8], [w157,5], [w157,6], [w157,0], [w157,7], [w157,4], [w157,2], [w157,9], [w157,3], [w157,1]] (solid_wave_vertices: 10) solid=[[157,4], [157,7], [157,8], [157,2], [157,3], [157,5], [157,0], [157,9], [157,1], [157,6]] merged=[[157,2], [157,4], [157,8], [157,5], [157,0], [157,3], [157,6], [157,9], [157,7], [157,1]] --- (Vertex1)[[w157,8], [158,7], [w157,5], [w157,6], [158,9], [158,2], [w157,0], [w157,7], [158,0], [w157,4], [158,3], [158,6], [w157,2], [w157,9], [w157,3], [158,4], [w157,1]] weak=[[w157,8], [w157,5], [w157,6], [w157,0], [w157,7], [w157,4], [w157,2], [w157,9], [w157,3], [w157,1]] (solid_wave_vertices: 10) solid=[[157,6], [157,8], [157,2], [157,4], [157,7], [157,5], [157,0], [157,1], [157,9], [157,3]] merged=[[157,0], [157,1], [157,4], [157,5], [157,6], [157,3], [157,8], [157,2], [157,9], [157,7]] --- (Vertex2)[[w157,8], [w157,5], [w157,6], [w157,0], [w157,7], [w157,4], [158,3], [158,6], [w157,2], [w157,9], [w157,3], [158,4]] weak=[[w157,8], [w157,5], [w157,6], [w157,0], [w157,7], [w157,4], [w157,2], [w157,9], [w157,3]] (solid_wave_vertices: 9) solid=[[157,9], [157,7], [157,0], [157,8], [157,3], [157,5], [157,2], [157,4], [157,6]] merged=[[157,3], [157,4], [157,9], [157,2], [157,7], [157,8], [157,0], [157,6], [157,5]] --- (Vertex3)[[w157,8], [w157,5], [w157,6], [w157,0], [w157,7], [w157,4], [158,3], [w157,2], [w157,9], [w157,3], [158,4]] weak=[[w157,8], [w157,5], [w157,6], [w157,0], [w157,7], [w157,4], [w157,2], [w157,9], [w157,3]] (solid_wave_vertices: 9) solid=[[157,0], [157,5], [157,6], [157,4], [157,3], [157,7], [157,9], [157,8], [157,2]] merged=[[157,8], [157,9], [157,3], [157,6], [157,4], [157,7], [157,5], [157,2], [157,0]] --- (Vertex4)[[w157,8], [w157,5], [w157,6], [w157,0], [w157,7], [w157,4], [158,3], [158,6], [w157,2], [w157,9], [w157,3], [158,4]] weak=[[w157,8], [w157,5], [w157,6], [w157,0], [w157,7], [w157,4], [w157,2], [w157,9], [w157,3]] (solid_wave_vertices: 9) solid=[[157,4], [157,5], [157,9], [157,2], [157,8], [157,0], [157,6], [157,3], [157,7]] merged=[[157,8], [157,4], [157,2], [157,9], [157,6], [157,3], [157,0], [157,5], [157,7]] --- (Vertex5)[[w157,8], [w157,5], [w157,6], [w157,0], [w157,7], [w157,4], [158,3], [158,6], [w157,2], [w157,9], [w157,3], [158,4]] weak=[[w157,8], [w157,5], [w157,6], [w157,0], [w157,7], [w157,4], [w157,2], [w157,9], [w157,3]] (solid_wave_vertices: 9) solid=[[157,6], [157,3], [157,4], [157,9], [157,7], [157,2], [157,0], [157,8], [157,5]] merged=[[157,7], [157,9], [157,0], [157,6], [157,2], [157,4], [157,5], [157,8], [157,3]] --- (Vertex6)[[w157,8], [w157,5], [w157,6], [w157,0], [w157,7], [w157,4], [158,3], [158,6], [w157,2], [w157,9], [w157,3], [158,4]] weak=[[w157,8], [w157,5], [w157,6], [w157,0], [w157,7], [w157,4], [w157,2], [w157,9], [w157,3]] (solid_wave_vertices: 9) solid=[[157,0], [157,4], [157,2], [157,6], [157,7], [157,5], [157,9], [157,3], [157,8]] merged=[[157,4], [157,9], [157,2], [157,3], [157,5], [157,6], [157,8], [157,7], [157,0]] --- (Vertex7)[[w157,8], [158,7], [w157,5], [w157,6], [w157,0], [w157,7], [158,0], [w157,4], [158,3], [w157,2], [w157,9], [w157,3], [w157,1]] weak=[[w157,8], [w157,5], [w157,6], [w157,0], [w157,7], [w157,4], [w157,2], [w157,9], [w157,3], [w157,1]] (solid_wave_vertices: 10) solid=[[157,2], [157,7], [157,4], [157,1], [157,6], [157,9], [157,0], [157,5], [157,8], [157,3]] merged=[[157,2], [157,3], [157,8], [157,9], [157,6], [157,4], [157,5], [157,0], [157,7], [157,1]] --- (Vertex8)[[w157,8], [158,7], [w157,5], [w157,6], [w157,0], [w157,7], [158,0], [w157,4], [w157,2], [w157,9], [w157,3], [w157,1]] weak=[[w157,8], [w157,5], [w157,6], [w157,0], [w157,7], [w157,4], [w157,2], [w157,9], [w157,3], [w157,1]] (solid_wave_vertices: 10) solid=[[157,0], [157,8], [157,2], [157,4], [157,1], [157,3], [157,6], [157,9], [157,7], [157,5]] merged=[[157,2], [157,7], [157,9], [157,0], [157,5], [157,1], [157,8], [157,3], [157,6], [157,4]] --- (Vertex9)[[w157,8], [w157,5], [w157,6], [w157,0], [w157,7], [w157,4], [158,3], [w157,2], [w157,9], [w157,3], [158,4]] weak=[[w157,8], [w157,5], [w157,6], [w157,0], [w157,7], [w157,4], [w157,2], [w157,9], [w157,3]] (solid_wave_vertices: 9) solid=[[157,8], [157,9], [157,4], [157,6], [157,2], [157,0], [157,7], [157,3], [157,5]] merged=[[157,9], [157,4], [157,6], [157,5], [157,0], [157,2], [157,8], [157,3], [157,7]]
Round 160: (Vertex0)[[w157,8], [w158,7], [w157,5], [159,0], [w157,6], [w158,8], [w158,9], [w158,2], [w157,0], [w157,7], [w158,0], [159,5], [w157,4], [w158,3], [w158,6], [w157,2], [w157,9], [w157,3], [159,8], [w158,4], [159,9], [w158,5], [w157,1]] weak=[[w157,8], [w158,7], [w157,5], [w157,6], [w158,8], [w158,9], [w158,2], [w157,0], [w157,7], [w158,0], [w157,4], [w158,3], [w158,6], [w157,2], [w157,9], [w157,3], [w158,4], [w158,5], [w157,1]] (solid_wave_vertices: 10) solid=[[157,1], [157,0], [157,4], [157,8], [157,5], [157,2], [157,9], [157,7], [157,3], [157,6]] merged=[[157,3], [157,6], [157,5], [157,8], [157,4], [157,2], [157,1], [157,9], [157,7], [157,0]] --- (Vertex1)[[w157,8], [w158,7], [w157,5], [159,0], [w157,6], [w158,8], [w158,9], [159,6], [w158,2], [w157,0], [159,4], [w157,7], [w158,0], [159,5], [w157,4], [w158,3], [w158,6], [w158,1], [w157,2], [w157,9], [w157,3], [159,8], [w158,4], [159,9], [w158,5], [w157,1]] weak=[[w157,8], [w158,7], [w157,5], [w157,6], [w158,8], [w158,9], [w158,2], [w157,0], [w157,7], [w158,0], [w157,4], [w158,3], [w158,6], [w158,1], [w157,2], [w157,9], [w157,3], [w158,4], [w158,5], [w157,1]] (solid_wave_vertices: 10) solid=[[157,3], [157,8], [157,0], [157,7], [157,4], [157,1], [157,2], [157,9], [157,6], [157,5]] merged=[[157,2], [157,1], [157,6], [157,7], [157,0], [157,8], [157,4], [157,5], [157,3], [157,9]] --- (Vertex2)[[w157,8], [w158,7], [w157,5], [w157,6], [w158,8], [w158,9], [159,6], [w158,2], [w157,0], [159,4], [w157,7], [w158,0], [159,5], [w157,4], [w158,3], [w158,6], [w157,2], [w157,9], [w157,3], [w158,4], [159,9], [w158,5], [w157,1]] weak=[[w157,8], [w158,7], [w157,5], [w157,6], [w158,8], [w158,9], [w158,2], [w157,0], [w157,7], [w158,0], [w157,4], [w158,3], [w158,6], [w157,2], [w157,9], [w157,3], [w158,4], [w158,5], [w157,1]] (solid_wave_vertices: 10) solid=[[157,3], [157,9], [157,1], [157,4], [157,7], [157,2], [157,6], [157,5], [157,0], [157,8]] merged=[[157,4], [157,3], [157,2], [157,5], [157,1], [157,0], [157,9], [157,6], [157,8], [157,7]] --- (Vertex3)[[w157,8], [w158,7], [w157,5], [w157,6], [w158,8], [w158,9], [159,6], [w158,2], [w157,0], [159,4], [w157,7], [w158,0], [159,5], [w157,4], [w158,3], [w158,6], [w157,2], [w157,9], [w157,3], [w158,4], [159,9], [w158,5], [w157,1]] weak=[[w157,8], [w158,7], [w157,5], [w157,6], [w158,8], [w158,9], [w158,2], [w157,0], [w157,7], [w158,0], [w157,4], [w158,3], [w158,6], [w157,2], [w157,9], [w157,3], [w158,4], [w158,5], [w157,1]] (solid_wave_vertices: 10) solid=[[157,5], [157,8], [157,2], [157,0], [157,1], [157,4], [157,9], [157,7], [157,3], [157,6]] merged=[[157,5], [157,6], [157,4], [157,1], [157,2], [157,7], [157,0], [157,9], [157,3], [157,8]] --- (Vertex4)[[w157,8], [w158,7], [w157,5], [w157,6], [w158,8], [w158,9], [159,6], [w158,2], [w157,0], [159,4], [w157,7], [w158,0], [159,5], [w157,4], [w158,3], [w158,6], [w157,2], [w157,9], [w157,3], [w158,4], [159,9], [w158,5], [w157,1]] weak=[[w157,8], [w158,7], [w157,5], [w157,6], [w158,8], [w158,9], [w158,2], [w157,0], [w157,7], [w158,0], [w157,4], [w158,3], [w158,6], [w157,2], [w157,9], [w157,3], [w158,4], [w158,5], [w157,1]] (solid_wave_vertices: 10) solid=[[157,7], [157,9], [157,5], [157,3], [157,8], [157,4], [157,2], [157,0], [157,1], [157,6]] merged=[[157,0], [157,1], [157,3], [157,2], [157,6], [157,8], [157,4], [157,9], [157,5], [157,7]] --- (Vertex5)[[w157,8], [w158,7], [w157,5], [w157,6], [w158,8], [w158,9], [159,6], [w158,2], [w157,0], [159,4], [w157,7], [w158,0], [159,5], [w157,4], [w158,3], [w158,6], [w157,2], [w157,9], [w157,3], [w158,4], [159,9], [w158,5], [w157,1]] weak=[[w157,8], [w158,7], [w157,5], [w157,6], [w158,8], [w158,9], [w158,2], [w157,0], [w157,7], [w158,0], [w157,4], [w158,3], [w158,6], [w157,2], [w157,9], [w157,3], [w158,4], [w158,5], [w157,1]] (solid_wave_vertices: 10) solid=[[157,0], [157,7], [157,4], [157,8], [157,5], [157,3], [157,6], [157,2], [157,9], [157,1]] merged=[[157,3], [157,4], [157,7], [157,8], [157,5], [157,2], [157,0], [157,9], [157,6], [157,1]] --- (Vertex6)[[w157,8], [w158,7], [w157,5], [w157,6], [w158,8], [w158,9], [159,6], [w158,2], [w157,0], [159,4], [w157,7], [w158,0], [159,5], [w157,4], [w158,3], [w158,6], [w157,2], [w157,9], [w157,3], [w158,4], [159,9], [w158,5], [w157,1]] weak=[[w157,8], [w158,7], [w157,5], [w157,6], [w158,8], [w158,9], [w158,2], [w157,0], [w157,7], [w158,0], [w157,4], [w158,3], [w158,6], [w157,2], [w157,9], [w157,3], [w158,4], [w158,5], [w157,1]] (solid_wave_vertices: 10) solid=[[157,5], [157,9], [157,0], [157,3], [157,4], [157,1], [157,2], [157,6], [157,7], [157,8]] merged=[[157,2], [157,6], [157,5], [157,8], [157,7], [157,3], [157,1], [157,0], [157,9], [157,4]] --- (Vertex7)[[w157,8], [w158,7], [w157,5], [159,0], [w157,6], [w158,8], [w158,9], [w158,2], [w157,0], [159,4], [w157,7], [w158,0], [w157,4], [w158,3], [w158,6], [w157,2], [w157,9], [w157,3], [159,8], [w158,4], [159,9], [w158,5], [w157,1]] weak=[[w157,8], [w158,7], [w157,5], [w157,6], [w158,8], [w158,9], [w158,2], [w157,0], [w157,7], [w158,0], [w157,4], [w158,3], [w158,6], [w157,2], [w157,9], [w157,3], [w158,4], [w158,5], [w157,1]] (solid_wave_vertices: 10) solid=[[157,6], [157,1], [157,3], [157,2], [157,0], [157,5], [157,7], [157,8], [157,4], [157,9]] merged=[[157,9], [157,8], [157,5], [157,0], [157,1], [157,3], [157,7], [157,2], [157,6], [157,4]] --- (Vertex8)[[w157,8], [w158,7], [w157,5], [159,0], [w157,6], [w158,8], [w158,9], [w158,2], [w157,0], [w157,7], [w158,0], [159,5], [w157,4], [w158,3], [w158,6], [w157,2], [w157,9], [w157,3], [159,8], [w158,4], [159,9], [w158,5], [w157,1]] weak=[[w157,8], [w158,7], [w157,5], [w157,6], [w158,8], [w158,9], [w158,2], [w157,0], [w157,7], [w158,0], [w157,4], [w158,3], [w158,6], [w157,2], [w157,9], [w157,3], [w158,4], [w158,5], [w157,1]] (solid_wave_vertices: 10) solid=[[157,0], [157,5], [157,8], [157,1], [157,9], [157,4], [157,3], [157,6], [157,2], [157,7]] merged=[[157,8], [157,4], [157,0], [157,6], [157,5], [157,9], [157,3], [157,7], [157,2], [157,1]] --- (Vertex9)[[w157,8], [w158,7], [w157,5], [w157,6], [w158,8], [w158,9], [159,6], [w158,2], [w157,0], [159,4], [w157,7], [w158,0], [159,5], [w157,4], [w158,3], [w158,6], [w157,2], [w157,9], [w157,3], [w158,4], [159,9], [w158,5], [w157,1]] weak=[[w157,8], [w158,7], [w157,5], [w157,6], [w158,8], [w158,9], [w158,2], [w157,0], [w157,7], [w158,0], [w157,4], [w158,3], [w158,6], [w157,2], [w157,9], [w157,3], [w158,4], [w158,5], [w157,1]] (solid_wave_vertices: 10) solid=[[157,8], [157,5], [157,4], [157,6], [157,9], [157,3], [157,2], [157,1], [157,0], [157,7]] merged=[[157,5], [157,4], [157,1], [157,7], [157,8], [157,0], [157,3], [157,6], [157,2], [157,9]]
Round 161: (Vertex0)[[w157,8], [w158,7], [w157,5], [w159,0], [w157,6], [w158,8], [w158,9], [w159,6], [w158,2], [w157,0], [w159,4], [w157,7], [w158,0], [w159,7], [w159,5], [160,0], [w157,4], [w158,3], [w158,6], [w158,1], [w157,2], [w159,2], [w157,9], [w157,3], [w159,8], [w158,4], [w159,3], [160,2], [w159,9], [w158,5], [w157,1]] weak=[[w157,8], [w158,7], [w157,5], [w159,0], [w157,6], [w158,8], [w158,9], [w159,6], [w158,2], [w157,0], [w159,4], [w157,7], [w158,0], [w159,7], [w159,5], [w157,4], [w158,3], [w158,6], [w158,1], [w157,2], [w159,2], [w157,9], [w157,3], [w159,8], [w158,4], [w159,3], [w159,9], [w158,5], [w157,1]] (solid_wave_vertices: 10) solid=[[157,3], [157,2], [157,8], [157,5], [157,4], [157,6], [157,0], [157,1], [157,7], [157,9]] merged=[[161,0]] --- (Vertex1)[[w157,8], [w158,7], [w157,5], [w159,0], [w157,6], [w158,8], [w158,9], [w159,6], [w159,1], [w158,2], [w157,0], [w159,4], [160,3], [w157,7], [w158,0], [w159,7], [w159,5], [160,0], [w157,4], [w158,3], [w158,6], [w158,1], [w157,2], [w159,2], [160,7], [w157,9], [w157,3], [w159,8], [w158,4], [w159,3], [160,2], [160,9], [w159,9], [w158,5], [w157,1]] weak=[[w157,8], [w158,7], [w157,5], [w159,0], [w157,6], [w158,8], [w158,9], [w159,6], [w159,1], [w158,2], [w157,0], [w159,4], [w157,7], [w158,0], [w159,7], [w159,5], [w157,4], [w158,3], [w158,6], [w158,1], [w157,2], [w159,2], [w157,9], [w157,3], [w159,8], [w158,4], [w159,3], [w159,9], [w158,5], [w157,1]] (solid_wave_vertices: 10) solid=[[157,1], [157,9], [157,7], [157,2], [157,3], [157,0], [157,8], [157,5], [157,4], [157,6]] merged=[[161,1]] --- (Vertex2)[[w157,8], [w158,7], [w157,5], [w159,0], [w157,6], [w158,8], [w158,9], [w159,6], [w158,2], [w157,0], [w159,4], [160,3], [w157,7], [w158,0], [w159,5], [w157,4], [w158,3], [w158,6], [w157,2], [w159,2], [w157,9], [w157,3], [w159,8], [w158,4], [w159,3], [160,2], [160,9], [w159,9], [w158,5], [w157,1]] weak=[[w157,8], [w158,7], [w157,5], [w159,0], [w157,6], [w158,8], [w158,9], [w159,6], [w158,2], [w157,0], [w159,4], [w157,7], [w158,0], [w159,5], [w157,4], [w158,3], [w158,6], [w157,2], [w159,2], [w157,9], [w157,3], [w159,8], [w158,4], [w159,3], [w159,9], [w158,5], [w157,1]] (solid_wave_vertices: 10) solid=[[157,5], [157,8], [157,6], [157,1], [157,9], [157,0], [157,7], [157,3], [157,4], [157,2]] merged=[[161,2]] --- (Vertex3)[[w157,8], [w158,7], [w157,5], [w159,0], [w157,6], [w158,8], [w158,9], [w159,6], [w158,2], [w157,0], [w159,4], [160,3], [w157,7], [w158,0], [w159,5], [w157,4], [w158,3], [w158,6], [w157,2], [w159,2], [w157,9], [w157,3], [w159,8], [w158,4], [w159,3], [160,2], [160,9], [w159,9], [w158,5], [w157,1]] weak=[[w157,8], [w158,7], [w157,5], [w159,0], [w157,6], [w158,8], [w158,9], [w159,6], [w158,2], [w157,0], [w159,4], [w157,7], [w158,0], [w159,5], [w157,4], [w158,3], [w158,6], [w157,2], [w159,2], [w157,9], [w157,3], [w159,8], [w158,4], [w159,3], [w159,9], [w158,5], [w157,1]] (solid_wave_vertices: 10) solid=[[157,6], [157,5], [157,9], [157,4], [157,7], [157,1], [157,8], [157,2], [157,3], [157,0]] merged=[[161,3]] --- (Vertex4)[[w157,8], [w158,7], [w157,5], [w159,0], [w157,6], [w158,8], [w158,9], [w159,6], [w158,2], [w157,0], [w159,4], [160,3], [w157,7], [w158,0], [w159,5], [w157,4], [w158,3], [w158,6], [w157,2], [w159,2], [w157,9], [w157,3], [w159,8], [w158,4], [w159,3], [160,2], [160,9], [w159,9], [w158,5], [w157,1]] weak=[[w157,8], [w158,7], [w157,5], [w159,0], [w157,6], [w158,8], [w158,9], [w159,6], [w158,2], [w157,0], [w159,4], [w157,7], [w158,0], [w159,5], [w157,4], [w158,3], [w158,6], [w157,2], [w159,2], [w157,9], [w157,3], [w159,8], [w158,4], [w159,3], [w159,9], [w158,5], [w157,1]] (solid_wave_vertices: 10) solid=[[157,8], [157,7], [157,5], [157,3], [157,1], [157,2], [157,4], [157,0], [157,6], [157,9]] merged=[[161,4]] --- (Vertex5)[[w157,8], [w158,7], [w157,5], [w159,0], [w157,6], [w158,8], [w158,9], [w159,6], [w158,2], [w157,0], [w159,4], [160,3], [w157,7], [w158,0], [w159,5], [w157,4], [w158,3], [w158,6], [w157,2], [w159,2], [w157,9], [w157,3], [w159,8], [w158,4], [w159,3], [160,2], [160,9], [w159,9], [w158,5], [w157,1]] weak=[[w157,8], [w158,7], [w157,5], [w159,0], [w157,6], [w158,8], [w158,9], [w159,6], [w158,2], [w157,0], [w159,4], [w157,7], [w158,0], [w159,5], [w157,4], [w158,3], [w158,6], [w157,2], [w159,2], [w157,9], [w157,3], [w159,8], [w158,4], [w159,3], [w159,9], [w158,5], [w157,1]] (solid_wave_vertices: 10) solid=[[157,3], [157,9], [157,4], [157,6], [157,5], [157,1], [157,0], [157,2], [157,7], [157,8]] merged=[[161,5]] --- (Vertex6)[[w157,8], [w158,7], [w157,5], [w159,0], [w157,6], [w158,8], [w158,9], [w159,6], [w158,2], [w157,0], [w159,4], [160,3], [w157,7], [w158,0], [w159,5], [w157,4], [w158,3], [w158,6], [w157,2], [w159,2], [w157,9], [w157,3], [w159,8], [w158,4], [w159,3], [160,2], [160,9], [w159,9], [w158,5], [w157,1]] weak=[[w157,8], [w158,7], [w157,5], [w159,0], [w157,6], [w158,8], [w158,9], [w159,6], [w158,2], [w157,0], [w159,4], [w157,7], [w158,0], [w159,5], [w157,4], [w158,3], [w158,6], [w157,2], [w159,2], [w157,9], [w157,3], [w159,8], [w158,4], [w159,3], [w159,9], [w158,5], [w157,1]] (solid_wave_vertices: 10) solid=[[157,6], [157,3], [157,0], [157,1], [157,4], [157,7], [157,5], [157,9], [157,8], [157,2]] merged=[[161,6]] --- (Vertex7)[[w157,8], [w158,7], [w157,5], [w159,0], [w157,6], [w158,8], [w158,9], [w159,6], [w158,2], [w157,0], [w159,4], [160,3], [w157,7], [w158,0], [w159,7], [w159,5], [160,0], [w157,4], [w158,3], [w158,6], [w158,1], [w157,2], [w159,2], [w157,9], [w157,3], [w159,8], [w158,4], [w159,3], [160,2], [w159,9], [w158,5], [w157,1]] weak=[[w157,8], [w158,7], [w157,5], [w159,0], [w157,6], [w158,8], [w158,9], [w159,6], [w158,2], [w157,0], [w159,4], [w157,7], [w158,0], [w159,7], [w159,5], [w157,4], [w158,3], [w158,6], [w158,1], [w157,2], [w159,2], [w157,9], [w157,3], [w159,8], [w158,4], [w159,3], [w159,9], [w158,5], [w157,1]] (solid_wave_vertices: 10) solid=[[157,3], [157,6], [157,8], [157,1], [157,9], [157,7], [157,0], [157,5], [157,4], [157,2]] merged=[[161,7]] --- (Vertex8)[[w157,8], [w158,7], [w157,5], [w159,0], [w157,6], [w158,8], [w158,9], [w159,6], [w158,2], [w157,0], [w159,4], [160,3], [w157,7], [w158,0], [w159,7], [w159,5], [160,0], [w157,4], [w158,3], [w158,6], [w158,1], [w157,2], [w159,2], [160,7], [w157,9], [w157,3], [w159,8], [w158,4], [w159,3], [160,2], [160,9], [w159,9], [w158,5], [w157,1]] weak=[[w157,8], [w158,7], [w157,5], [w159,0], [w157,6], [w158,8], [w158,9], [w159,6], [w158,2], [w157,0], [w159,4], [w157,7], [w158,0], [w159,7], [w159,5], [w157,4], [w158,3], [w158,6], [w158,1], [w157,2], [w159,2], [w157,9], [w157,3], [w159,8], [w158,4], [w159,3], [w159,9], [w158,5], [w157,1]] (solid_wave_vertices: 10) solid=[[157,2], [157,6], [157,5], [157,8], [157,1], [157,7], [157,9], [157,3], [157,4], [157,0]] merged=[[161,8]] --- (Vertex9)[[w157,8], [w158,7], [w157,5], [w159,0], [w157,6], [w158,8], [w158,9], [w159,6], [w158,2], [w157,0], [w159,4], [160,3], [w157,7], [w158,0], [w159,5], [w157,4], [w158,3], [w158,6], [w157,2], [w159,2], [w157,9], [w157,3], [w159,8], [w158,4], [w159,3], [160,2], [160,9], [w159,9], [w158,5], [w157,1]] weak=[[w157,8], [w158,7], [w157,5], [w159,0], [w157,6], [w158,8], [w158,9], [w159,6], [w158,2], [w157,0], [w159,4], [w157,7], [w158,0], [w159,5], [w157,4], [w158,3], [w158,6], [w157,2], [w159,2], [w157,9], [w157,3], [w159,8], [w158,4], [w159,3], [w159,9], [w158,5], [w157,1]] (solid_wave_vertices: 10) solid=[[157,0], [157,1], [157,3], [157,9], [157,4], [157,7], [157,5], [157,6], [157,8], [157,2]] merged=[[161,9]]
Round 162: (Vertex2)[[161,4], [161,3], [161,2], [161,5], [161,6]] (solid_wave_vertices: 5) solid=[[161,6], [161,5], [161,2], [161,3], [161,4]] merged=[[161,4], [161,3], [161,2], [161,6], [161,5]] --- (Vertex3)[[161,4], [161,3], [161,2], [161,5], [161,6]] (solid_wave_vertices: 5) solid=[[161,4], [161,2], [161,5], [161,6], [161,3]] merged=[[161,4], [161,3], [161,5], [161,6], [161,2]] --- (Vertex4)[[161,4], [161,3], [161,2], [161,5], [161,6]] (solid_wave_vertices: 5) solid=[[161,4], [161,3], [161,6], [161,5], [161,2]] merged=[[161,2], [161,4], [161,3], [161,5], [161,6]] --- (Vertex5)[[161,4], [161,3], [161,2], [161,5], [161,6]] (solid_wave_vertices: 5) solid=[[161,4], [161,6], [161,5], [161,3], [161,2]] merged=[[161,2], [161,3], [161,6], [161,4], [161,5]] --- (Vertex6)[[161,4], [161,3], [161,2], [161,5], [161,6]] (solid_wave_vertices: 5) solid=[[161,5], [161,2], [161,4], [161,6], [161,3]] merged=[[161,4], [161,6], [161,2], [161,5], [161,3]] --- (Vertex7)[[161,8], [161,4], [161,3], [161,7], [161,6], [161,0]] (solid_wave_vertices: 6) solid=[[161,7], [161,3], [161,4], [161,8], [161,6], [161,0]] merged=[[161,6], [161,0], [161,4], [161,8], [161,3], [161,7]] --- (Vertex8)[[161,8], [161,4], [161,7], [161,6], [161,0]] (solid_wave_vertices: 5) solid=[[161,4], [161,7], [161,8], [161,0], [161,6]] merged=[[161,7], [161,0], [161,4], [161,8], [161,6]] --- (Vertex9)[[161,4], [161,3], [161,2], [161,5], [161,6]] (solid_wave_vertices: 5) solid=[[161,5], [161,4], [161,2], [161,3], [161,6]] merged=[[161,6], [161,3], [161,4], [161,2], [161,5]]
Round 163: (Vertex0)[[w161,8], [w161,4], [w161,2], [w161,5], [w161,7], [w161,6], [w161,0]] weak=[[w161,8], [w161,4], [w161,2], [w161,5], [w161,7], [w161,6], [w161,0]] (solid_wave_vertices: 7) solid=[[161,8], [161,5], [161,2], [161,6], [161,7], [161,4], [161,0]] merged=[[161,8], [161,7], [161,6], [161,0], [161,2], [161,4], [161,5]] --- (Vertex1)[[w161,4], [w161,3], [w161,2], [w161,5], [w161,7], [w161,6], [w161,0]] weak=[[w161,4], [w161,3], [w161,2], [w161,5], [w161,7], [w161,6], [w161,0]] (solid_wave_vertices: 7) solid=[[161,7], [161,4], [161,2], [161,6], [161,5], [161,3], [161,0]] merged=[[161,3], [161,6], [161,0], [161,7], [161,5], [161,4], [161,2]] --- (Vertex2)[[w161,8], [w161,4], [162,2], [162,9], [162,4], [162,3], [w161,3], [w161,2], [w161,5], [162,6], [w161,7], [w161,6], [w161,0], [w161,9], [162,5]] weak=[[w161,8], [w161,4], [w161,3], [w161,2], [w161,5], [w161,7], [w161,6], [w161,0], [w161,9]] (solid_wave_vertices: 9) solid=[[161,5], [161,9], [161,7], [161,4], [161,2], [161,6], [161,8], [161,0], [161,3]] merged=[[161,8], [161,4], [161,0], [161,2], [161,5], [161,6], [161,3], [161,9], [161,7]] --- (Vertex3)[[w161,8], [w161,4], [162,2], [162,9], [162,4], [162,3], [w161,3], [w161,2], [w161,5], [162,6], [w161,7], [w161,6], [w161,0], [w161,9], [162,5]] weak=[[w161,8], [w161,4], [w161,3], [w161,2], [w161,5], [w161,7], [w161,6], [w161,0], [w161,9]] (solid_wave_vertices: 9) solid=[[161,6], [161,9], [161,7], [161,4], [161,8], [161,3], [161,5], [161,0], [161,2]] merged=[[161,9], [161,8], [161,3], [161,6], [161,2], [161,5], [161,0], [161,4], [161,7]] --- (Vertex4)[[w161,8], [w161,4], [162,2], [162,9], [162,4], [162,3], [w161,3], [w161,2], [w161,5], [162,6], [w161,7], [w161,6], [w161,0], [w161,9], [162,5]] weak=[[w161,8], [w161,4], [w161,3], [w161,2], [w161,5], [w161,7], [w161,6], [w161,0], [w161,9]] (solid_wave_vertices: 9) solid=[[161,5], [161,2], [161,8], [161,6], [161,9], [161,3], [161,7], [161,0], [161,4]] merged=[[161,5], [161,3], [161,4], [161,2], [161,8], [161,6], [161,7], [161,0], [161,9]] --- (Vertex5)[[w161,8], [w161,4], [162,2], [162,9], [162,4], [162,3], [w161,3], [w161,2], [w161,5], [162,6], [w161,7], [w161,6], [w161,0], [w161,9], [162,5]] weak=[[w161,8], [w161,4], [w161,3], [w161,2], [w161,5], [w161,7], [w161,6], [w161,0], [w161,9]] (solid_wave_vertices: 9) solid=[[161,2], [161,6], [161,5], [161,7], [161,4], [161,8], [161,0], [161,9], [161,3]] merged=[[161,8], [161,5], [161,6], [161,7], [161,3], [161,2], [161,0], [161,9], [161,4]] --- (Vertex6)[[w161,8], [w161,4], [162,2], [162,9], [162,4], [162,3], [w161,3], [w161,2], [w161,5], [162,6], [w161,7], [w161,6], [w161,0], [w161,9], [162,5]] weak=[[w161,8], [w161,4], [w161,3], [w161,2], [w161,5], [w161,7], [w161,6], [w161,0], [w161,9]] (solid_wave_vertices: 9) solid=[[161,6], [161,5], [161,8], [161,9], [161,3], [161,2], [161,0], [161,7], [161,4]] merged=[[161,2], [161,4], [161,7], [161,5], [161,6], [161,8], [161,3], [161,9], [161,0]] --- (Vertex7)[[w161,8], [w161,4], [162,9], [w161,3], [w161,2], [w161,5], [w161,7], [w161,6], [w161,0], [162,8], [w161,9], [162,7]] weak=[[w161,8], [w161,4], [w161,3], [w161,2], [w161,5], [w161,7], [w161,6], [w161,0], [w161,9]] (solid_wave_vertices: 9) solid=[[161,4], [161,2], [161,3], [161,5], [161,6], [161,0], [161,8], [161,7], [161,9]] merged=[[161,6], [161,5], [161,7], [161,4], [161,9], [161,3], [161,8], [161,0], [161,2]] --- (Vertex8)[[w161,8], [w161,4], [162,9], [162,4], [w161,3], [w161,2], [w161,5], [162,6], [w161,7], [w161,6], [w161,0], [162,8], [w161,9], [162,7]] weak=[[w161,8], [w161,4], [w161,3], [w161,2], [w161,5], [w161,7], [w161,6], [w161,0], [w161,9]] (solid_wave_vertices: 9) solid=[[161,8], [161,0], [161,3], [161,2], [161,4], [161,5], [161,7], [161,9], [161,6]] merged=[[161,2], [161,8], [161,0], [161,5], [161,9], [161,3], [161,7], [161,4], [161,6]] --- (Vertex9)[[w161,8], [w161,4], [162,2], [162,9], [162,4], [w161,3], [w161,2], [w161,5], [w161,7], [w161,6], [w161,0], [w161,9], [162,5]] weak=[[w161,8], [w161,4], [w161,3], [w161,2], [w161,5], [w161,7], [w161,6], [w161,0], [w161,9]] (solid_wave_vertices: 9) solid=[[161,0], [161,3], [161,9], [161,4], [161,6], [161,2], [161,5], [161,8], [161,7]] merged=[[161,2], [161,6], [161,9], [161,5], [161,7], [161,0], [161,8], [161,4], [161,3]]
Round 164: (Vertex0)[[w161,8], [w161,4], [w162,2], [163,8], [w162,9], [w162,4], [w162,3], [w161,3], [w161,2], [w161,5], [163,7], [w162,6], [w161,7], [163,0], [w161,6], [w161,0], [w162,8], [w161,9], [163,5], [w162,5], [w162,7]] weak=[[w161,8], [w161,4], [w162,2], [w162,9], [w162,4], [w162,3], [w161,3], [w161,2], [w161,5], [w162,6], [w161,7], [w161,6], [w161,0], [w162,8], [w161,9], [w162,5], [w162,7]] (solid_wave_vertices: 9) solid=[[161,6], [161,3], [161,0], [161,5], [161,9], [161,8], [161,2], [161,4], [161,7]] merged=[[161,2], [161,8], [161,0], [161,7], [161,9], [161,4], [161,5], [161,6], [161,3]] --- (Vertex1)[[w161,8], [w161,4], [w162,2], [163,8], [w162,9], [w162,4], [w162,3], [w161,3], [w161,2], [w161,1], [163,2], [w161,5], [w162,6], [163,6], [w161,7], [163,0], [w161,6], [w161,0], [w162,8], [w161,9], [w162,5], [w162,7]] weak=[[w161,8], [w161,4], [w162,2], [w162,9], [w162,4], [w162,3], [w161,3], [w161,2], [w161,1], [w161,5], [w162,6], [w161,7], [w161,6], [w161,0], [w162,8], [w161,9], [w162,5], [w162,7]] (solid_wave_vertices: 10) solid=[[161,0], [161,7], [161,2], [161,4], [161,1], [161,6], [161,3], [161,8], [161,9], [161,5]] merged=[[161,6], [161,5], [161,7], [161,9], [161,4], [161,2], [161,1], [161,8], [161,0], [161,3]] --- (Vertex2)[[w161,8], [w161,4], [w162,2], [w162,9], [w162,4], [w162,3], [w161,3], [w161,2], [163,4], [163,2], [w161,5], [w162,6], [163,6], [w161,7], [163,0], [w161,6], [w161,0], [w162,8], [w161,9], [163,5], [w162,5], [w162,7]] weak=[[w161,8], [w161,4], [w162,2], [w162,9], [w162,4], [w162,3], [w161,3], [w161,2], [w161,5], [w162,6], [w161,7], [w161,6], [w161,0], [w162,8], [w161,9], [w162,5], [w162,7]] (solid_wave_vertices: 9) solid=[[161,2], [161,4], [161,9], [161,5], [161,3], [161,6], [161,7], [161,0], [161,8]] merged=[[161,5], [161,7], [161,2], [161,9], [161,3], [161,0], [161,4], [161,6], [161,8]] --- (Vertex3)[[w161,8], [w161,4], [w162,2], [w162,9], [w162,4], [w162,3], [w161,3], [w161,2], [163,4], [163,2], [w161,5], [w162,6], [163,6], [w161,7], [163,0], [w161,6], [w161,0], [w162,8], [w161,9], [163,5], [w162,5], [w162,7]] weak=[[w161,8], [w161,4], [w162,2], [w162,9], [w162,4], [w162,3], [w161,3], [w161,2], [w161,5], [w162,6], [w161,7], [w161,6], [w161,0], [w162,8], [w161,9], [w162,5], [w162,7]] (solid_wave_vertices: 9) solid=[[161,0], [161,6], [161,7], [161,2], [161,9], [161,3], [161,4], [161,8], [161,5]] merged=[[161,2], [161,9], [161,4], [161,6], [161,3], [161,5], [161,7], [161,0], [161,8]] --- (Vertex4)[[w161,8], [w161,4], [w162,2], [w162,9], [w162,4], [w162,3], [w161,3], [w161,2], [163,4], [163,2], [w161,5], [w162,6], [163,6], [w161,7], [163,0], [w161,6], [w161,0], [w162,8], [w161,9], [163,5], [w162,5], [w162,7]] weak=[[w161,8], [w161,4], [w162,2], [w162,9], [w162,4], [w162,3], [w161,3], [w161,2], [w161,5], [w162,6], [w161,7], [w161,6], [w161,0], [w162,8], [w161,9], [w162,5], [w162,7]] (solid_wave_vertices: 9) solid=[[161,2], [161,7], [161,5], [161,3], [161,0], [161,8], [161,9], [161,4], [161,6]] merged=[[161,3], [161,6], [161,2], [161,5], [161,7], [161,9], [161,8], [161,0], [161,4]] --- (Vertex5)[[w161,8], [w161,4], [w162,2], [w162,9], [w162,4], [w162,3], [w161,3], [w161,2], [163,4], [163,2], [w161,5], [w162,6], [163,6], [w161,7], [163,0], [w161,6], [w161,0], [w162,8], [w161,9], [163,5], [w162,5], [w162,7]] weak=[[w161,8], [w161,4], [w162,2], [w162,9], [w162,4], [w162,3], [w161,3], [w161,2], [w161,5], [w162,6], [w161,7], [w161,6], [w161,0], [w162,8], [w161,9], [w162,5], [w162,7]] (solid_wave_vertices: 9) solid=[[161,9], [161,7], [161,3], [161,0], [161,8], [161,2], [161,5], [161,6], [161,4]] merged=[[161,8], [161,0], [161,6], [161,2], [161,9], [161,3], [161,5], [161,7], [161,4]] --- (Vertex6)[[w161,8], [w161,4], [w162,2], [w162,9], [w162,4], [w162,3], [w161,3], [w161,2], [163,4], [163,2], [w161,5], [w162,6], [163,6], [w161,7], [163,0], [w161,6], [w161,0], [w162,8], [w161,9], [163,5], [w162,5], [w162,7]] weak=[[w161,8], [w161,4], [w162,2], [w162,9], [w162,4], [w162,3], [w161,3], [w161,2], [w161,5], [w162,6], [w161,7], [w161,6], [w161,0], [w162,8], [w161,9], [w162,5], [w162,7]] (solid_wave_vertices: 9) solid=[[161,4], [161,8], [161,2], [161,5], [161,9], [161,3], [161,6], [161,7], [161,0]] merged=[[161,7], [161,5], [161,3], [161,8], [161,0], [161,6], [161,2], [161,4], [161,9]] --- (Vertex7)[[w161,8], [w161,4], [w162,2], [163,8], [w162,9], [w162,4], [w162,3], [w161,3], [w161,2], [w161,5], [163,7], [w162,6], [163,6], [w161,7], [163,0], [w161,6], [w161,0], [w162,8], [w161,9], [163,5], [w162,5], [w162,7]] weak=[[w161,8], [w161,4], [w162,2], [w162,9], [w162,4], [w162,3], [w161,3], [w161,2], [w161,5], [w162,6], [w161,7], [w161,6], [w161,0], [w162,8], [w161,9], [w162,5], [w162,7]] (solid_wave_vertices: 9) solid=[[161,9], [161,0], [161,4], [161,2], [161,5], [161,3], [161,8], [161,7], [161,6]] merged=[[161,2], [161,7], [161,3], [161,9], [161,6], [161,0], [161,8], [161,5], [161,4]] --- (Vertex8)[[w161,8], [w161,4], [w162,2], [163,8], [w162,9], [w162,4], [w162,3], [w161,3], [w161,2], [163,4], [w161,5], [163,7], [w162,6], [163,6], [w161,7], [163,0], [w161,6], [w161,0], [w162,8], [w161,9], [163,5], [w162,5], [w162,7]] weak=[[w161,8], [w161,4], [w162,2], [w162,9], [w162,4], [w162,3], [w161,3], [w161,2], [w161,5], [w162,6], [w161,7], [w161,6], [w161,0], [w162,8], [w161,9], [w162,5], [w162,7]] (solid_wave_vertices: 9) solid=[[161,4], [161,7], [161,0], [161,2], [161,5], [161,3], [161,8], [161,6], [161,9]] merged=[[161,4], [161,5], [161,0], [161,7], [161,8], [161,9], [161,6], [161,2], [161,3]]
Round 165: (Vertex0)[[w161,8], [w161,4], [w162,2], [w163,3], [w163,8], [w163,9], [w162,9], [w162,4], [164,0], [164,7], [w162,3], [w161,3], [w161,2], [w161,1], [w163,4], [w163,2], [w161,5], [w163,7], [w162,6], [w163,6], [w161,7], [w163,0], [w161,6], [w161,0], [w162,8], [w161,9], [w163,5], [w162,5], [w162,7]] weak=[[w161,8], [w161,4], [w162,2], [w163,3], [w163,8], [w163,9], [w162,9], [w162,4], [w162,3], [w161,3], [w161,2], [w161,1], [w163,4], [w163,2], [w161,5], [w163,7], [w162,6], [w163,6], [w161,7], [w163,0], [w161,6], [w161,0], [w162,8], [w161,9], [w163,5], [w162,5], [w162,7]] (solid_wave_vertices: 10) solid=[[161,3], [161,9], [161,6], [161,4], [161,1], [161,0], [161,2], [161,7], [161,8], [161,5]] merged=[[165,0]] --- (Vertex1)[[w161,8], [w161,4], [w162,2], [w163,3], [w163,8], [w163,9], [w162,9], [w162,4], [w162,3], [164,3], [w161,3], [w161,2], [w161,1], [w163,4], [w163,2], [w161,5], [w163,7], [w162,6], [w163,6], [w161,7], [w163,0], [w161,6], [w161,0], [w162,8], [w161,9], [w163,5], [w162,5], [w163,1], [w162,7]] weak=[[w161,8], [w161,4], [w162,2], [w163,3], [w163,8], [w163,9], [w162,9], [w162,4], [w162,3], [w161,3], [w161,2], [w161,1], [w163,4], [w163,2], [w161,5], [w163,7], [w162,6], [w163,6], [w161,7], [w163,0], [w161,6], [w161,0], [w162,8], [w161,9], [w163,5], [w162,5], [w163,1], [w162,7]] (solid_wave_vertices: 10) solid=[[161,7], [161,0], [161,5], [161,1], [161,3], [161,2], [161,6], [161,4], [161,9], [161,8]] merged=[[165,1]] --- (Vertex2)[[w161,8], [w161,4], [w162,2], [w163,3], [164,5], [w163,8], [w163,9], [w162,9], [w162,4], [164,2], [w162,3], [164,3], [w161,3], [w161,2], [w163,4], [w163,2], [w161,5], [164,6], [w163,7], [w162,6], [w163,6], [w161,7], [w163,0], [w161,6], [w161,0], [w162,8], [w161,9], [w163,5], [w162,5], [164,4], [w162,7]] weak=[[w161,8], [w161,4], [w162,2], [w163,3], [w163,8], [w163,9], [w162,9], [w162,4], [w162,3], [w161,3], [w161,2], [w163,4], [w163,2], [w161,5], [w163,7], [w162,6], [w163,6], [w161,7], [w163,0], [w161,6], [w161,0], [w162,8], [w161,9], [w163,5], [w162,5], [w162,7]] (solid_wave_vertices: 9) solid=[[161,3], [161,8], [161,0], [161,4], [161,2], [161,6], [161,7], [161,9], [161,5]] merged=[[165,2]] --- (Vertex3)[[w161,8], [w161,4], [w162,2], [w163,3], [164,5], [w163,8], [w163,9], [w162,9], [w162,4], [164,2], [w162,3], [164,3], [w161,3], [w161,2], [w161,1], [w163,4], [w163,2], [w161,5], [164,6], [w163,7], [w162,6], [w163,6], [w161,7], [w163,0], [w161,6], [w161,0], [w162,8], [w161,9], [w163,5], [w162,5], [164,4], [w162,7]] weak=[[w161,8], [w161,4], [w162,2], [w163,3], [w163,8], [w163,9], [w162,9], [w162,4], [w162,3], [w161,3], [w161,2], [w161,1], [w163,4], [w163,2], [w161,5], [w163,7], [w162,6], [w163,6], [w161,7], [w163,0], [w161,6], [w161,0], [w162,8], [w161,9], [w163,5], [w162,5], [w162,7]] (solid_wave_vertices: 10) solid=[[161,5], [161,0], [161,7], [161,6], [161,8], [161,9], [161,4], [161,3], [161,1], [161,2]] merged=[[165,3]] --- (Vertex4)[[w161,8], [w161,4], [w162,2], [w163,3], [164,5], [w163,8], [w163,9], [w162,9], [w162,4], [164,2], [w162,3], [164,3], [w161,3], [w161,2], [w163,4], [w163,2], [w161,5], [164,6], [w163,7], [w162,6], [w163,6], [w161,7], [w163,0], [w161,6], [w161,0], [w162,8], [w161,9], [w163,5], [w162,5], [164,4], [w162,7]] weak=[[w161,8], [w161,4], [w162,2], [w163,3], [w163,8], [w163,9], [w162,9], [w162,4], [w162,3], [w161,3], [w161,2], [w163,4], [w163,2], [w161,5], [w163,7], [w162,6], [w163,6], [w161,7], [w163,0], [w161,6], [w161,0], [w162,8], [w161,9], [w163,5], [w162,5], [w162,7]] (solid_wave_vertices: 9) solid=[[161,4], [161,7], [161,6], [161,0], [161,3], [161,8], [161,2], [161,9], [161,5]] merged=[[165,4]] --- (Vertex5)[[w161,8], [w161,4], [w162,2], [w163,3], [164,5], [w163,8], [w163,9], [w162,9], [w162,4], [164,2], [w162,3], [164,3], [w161,3], [w161,2], [w161,1], [w163,4], [w163,2], [w161,5], [164,6], [w163,7], [w162,6], [w163,6], [w161,7], [w163,0], [w161,6], [w161,0], [w162,8], [w161,9], [w163,5], [w162,5], [164,4], [w162,7]] weak=[[w161,8], [w161,4], [w162,2], [w163,3], [w163,8], [w163,9], [w162,9], [w162,4], [w162,3], [w161,3], [w161,2], [w161,1], [w163,4], [w163,2], [w161,5], [w163,7], [w162,6], [w163,6], [w161,7], [w163,0], [w161,6], [w161,0], [w162,8], [w161,9], [w163,5], [w162,5], [w162,7]] (solid_wave_vertices: 10) solid=[[161,0], [161,8], [161,6], [161,5], [161,3], [161,2], [161,7], [161,9], [161,1], [161,4]] merged=[[165,5]] --- (Vertex6)[[w161,8], [w161,4], [w162,2], [w163,3], [164,5], [w163,8], [w163,9], [w162,9], [w162,4], [164,2], [w162,3], [164,3], [w161,3], [w161,2], [w163,4], [w163,2], [w161,5], [164,6], [w163,7], [w162,6], [w163,6], [w161,7], [w163,0], [w161,6], [w161,0], [w162,8], [w161,9], [w163,5], [w162,5], [164,4], [w162,7]] weak=[[w161,8], [w161,4], [w162,2], [w163,3], [w163,8], [w163,9], [w162,9], [w162,4], [w162,3], [w161,3], [w161,2], [w163,4], [w163,2], [w161,5], [w163,7], [w162,6], [w163,6], [w161,7], [w163,0], [w161,6], [w161,0], [w162,8], [w161,9], [w163,5], [w162,5], [w162,7]] (solid_wave_vertices: 9) solid=[[161,5], [161,0], [161,6], [161,3], [161,4], [161,8], [161,2], [161,9], [161,7]] merged=[[165,6]] --- (Vertex7)[[w161,8], [w161,4], [w162,2], [w163,3], [w163,8], [w163,9], [w162,9], [w162,4], [164,0], [164,7], [w162,3], [164,3], [w161,3], [w161,2], [w161,1], [w163,4], [w163,2], [w161,5], [164,6], [w163,7], [w162,6], [w163,6], [w161,7], [w163,0], [w161,6], [w161,0], [w162,8], [w161,9], [w163,5], [w162,5], [w162,7]] weak=[[w161,8], [w161,4], [w162,2], [w163,3], [w163,8], [w163,9], [w162,9], [w162,4], [w162,3], [w161,3], [w161,2], [w161,1], [w163,4], [w163,2], [w161,5], [w163,7], [w162,6], [w163,6], [w161,7], [w163,0], [w161,6], [w161,0], [w162,8], [w161,9], [w163,5], [w162,5], [w162,7]] (solid_wave_vertices: 10) solid=[[161,7], [161,0], [161,8], [161,3], [161,4], [161,1], [161,2], [161,9], [161,6], [161,5]] merged=[[165,7]] --- (Vertex8)[[w161,8], [w161,4], [w162,2], [w163,3], [w163,8], [w163,9], [w162,9], [w162,4], [164,0], [164,7], [w162,3], [164,3], [w161,3], [w161,2], [w161,1], [w163,4], [w163,2], [w161,5], [164,6], [w163,7], [w162,6], [w163,6], [w161,7], [w163,0], [w161,6], [w161,0], [w162,8], [w161,9], [w163,5], [w162,5], [w163,1], [164,4], [164,8], [w162,7]] weak=[[w161,8], [w161,4], [w162,2], [w163,3], [w163,8], [w163,9], [w162,9], [w162,4], [w162,3], [w161,3], [w161,2], [w161,1], [w163,4], [w163,2], [w161,5], [w163,7], [w162,6], [w163,6], [w161,7], [w163,0], [w161,6], [w161,0], [w162,8], [w161,9], [w163,5], [w162,5], [w163,1], [w162,7]] (solid_wave_vertices: 10) solid=[[161,3], [161,2], [161,8], [161,6], [161,0], [161,4], [161,9], [161,7], [161,1], [161,5]] merged=[[165,8]] --- (Vertex9)[[w161,8], [w161,4], [w162,2], [w163,3], [w163,9], [w162,9], [w162,4], [w162,3], [w161,3], [w161,2], [w163,4], [w163,2], [w161,5], [w162,6], [w163,6], [w161,7], [w163,0], [w161,6], [w161,0], [w162,8], [w161,9], [w163,5], [w162,5], [w162,7]] weak=[[w161,8], [w161,4], [w162,2], [w163,3], [w163,9], [w162,9], [w162,4], [w162,3], [w161,3], [w161,2], [w163,4], [w163,2], [w161,5], [w162,6], [w163,6], [w161,7], [w163,0], [w161,6], [w161,0], [w162,8], [w161,9], [w163,5], [w162,5], [w162,7]] (solid_wave_vertices: 9) solid=[[161,3], [161,8], [161,6], [161,0], [161,7], [161,2], [161,9], [161,5], [161,4]] merged=[[165,9]]
Round 166: (Vertex0)[[165,0], [165,9], [165,3], [165,7]] (solid_wave_vertices: 4) solid=[[165,9], [165,3], [165,7], [165,0]] merged=[[165,3], [165,0], [165,9], [165,7]] --- (Vertex1)[[165,9], [165,6], [165,4], [165,3]] (solid_wave_vertices: 4) solid=[[165,4], [165,6], [165,3], [165,9]] merged=[[165,6], [165,3], [165,9], [165,4]] --- (Vertex2)[[165,9], [165,6], [165,3], [165,2]] (solid_wave_vertices: 4) solid=[[165,6], [165,9], [165,3], [165,2]] merged=[[165,3], [165,2], [165,9], [165,6]] --- (Vertex3)[[165,9], [165,6], [165,4], [165,3]] (solid_wave_vertices: 4) solid=[[165,6], [165,4], [165,9], [165,3]] merged=[[165,9], [165,3], [165,4], [165,6]] --- (Vertex4)[[165,9], [165,6], [165,4], [165,3]] (solid_wave_vertices: 4) solid=[[165,4], [165,9], [165,3], [165,6]] merged=[[165,6], [165,4], [165,9], [165,3]] --- (Vertex5)[[165,9], [165,6], [165,4], [165,3]] (solid_wave_vertices: 4) solid=[[165,6], [165,9], [165,4], [165,3]] merged=[[165,4], [165,3], [165,6], [165,9]] --- (Vertex6)[[165,9], [165,6], [165,4], [165,3]] (solid_wave_vertices: 4) solid=[[165,6], [165,4], [165,9], [165,3]] merged=[[165,9], [165,3], [165,4], [165,6]] --- (Vertex7)[[165,0], [165,9], [165,3], [165,7]] (solid_wave_vertices: 4) solid=[[165,0], [165,7], [165,3], [165,9]] merged=[[165,9], [165,0], [165,3], [165,7]] --- (Vertex8)[[165,0], [165,9], [165,3], [165,7]] (solid_wave_vertices: 4) solid=[[165,7], [165,0], [165,9], [165,3]] merged=[[165,9], [165,3], [165,7], [165,0]] --- (Vertex9)[[165,9], [165,6], [165,4], [165,3]] (solid_wave_vertices: 4) solid=[[165,4], [165,6], [165,3], [165,9]] merged=[[165,4], [165,3], [165,6], [165,9]]
Round 167: (Vertex0)[[w165,0], [w165,9], [w165,6], [w165,4], [w165,3], [166,5], [w165,2], [166,3], [w165,7], [w165,5], [w165,8]] weak=[[w165,0], [w165,9], [w165,6], [w165,4], [w165,3], [w165,2], [w165,7], [w165,5], [w165,8]] (solid_wave_vertices: 9) solid=[[165,9], [165,4], [165,6], [165,2], [165,3], [165,8], [165,5], [165,7], [165,0]] merged=[[165,0], [165,3], [165,7], [165,6], [165,2], [165,8], [165,5], [165,4], [165,9]] --- (Vertex1)[[w165,0], [w165,9], [w165,6], [w165,1], [w165,4], [w165,3], [166,5], [w165,2], [166,3], [w165,7], [w165,5], [166,9], [166,2], [w165,8]] weak=[[w165,0], [w165,9], [w165,6], [w165,1], [w165,4], [w165,3], [w165,2], [w165,7], [w165,5], [w165,8]] (solid_wave_vertices: 10) solid=[[165,3], [165,5], [165,6], [165,2], [165,8], [165,1], [165,4], [165,9], [165,7], [165,0]] merged=[[165,1], [165,8], [165,0], [165,7], [165,5], [165,9], [165,3], [165,4], [165,2], [165,6]] --- (Vertex2)[[w165,0], [w165,9], [w165,6], [w165,4], [w165,3], [166,5], [w165,2], [166,3], [w165,7], [w165,5], [166,9], [166,2], [w165,8]] weak=[[w165,0], [w165,9], [w165,6], [w165,4], [w165,3], [w165,2], [w165,7], [w165,5], [w165,8]] (solid_wave_vertices: 9) solid=[[165,7], [165,0], [165,4], [165,3], [165,9], [165,8], [165,5], [165,2], [165,6]] merged=[[165,9], [165,7], [165,5], [165,2], [165,4], [165,0], [165,8], [165,3], [165,6]] --- (Vertex3)[[w165,0], [w165,9], [w165,6], [w165,4], [w165,3], [166,5], [w165,2], [166,3], [w165,7], [w165,5], [166,9], [166,2]] weak=[[w165,0], [w165,9], [w165,6], [w165,4], [w165,3], [w165,2], [w165,7], [w165,5]] (solid_wave_vertices: 8) solid=[[165,9], [165,2], [165,3], [165,7], [165,6], [165,0], [165,5], [165,4]] merged=[[165,5], [165,7], [165,0], [165,6], [165,9], [165,2], [165,3], [165,4]] --- (Vertex4)[[w165,0], [w165,9], [w165,6], [w165,4], [w165,3], [166,5], [w165,2], [166,3], [w165,7], [w165,5], [166,9], [166,2], [w165,8]] weak=[[w165,0], [w165,9], [w165,6], [w165,4], [w165,3], [w165,2], [w165,7], [w165,5], [w165,8]] (solid_wave_vertices: 9) solid=[[165,6], [165,9], [165,2], [165,4], [165,8], [165,0], [165,7], [165,5], [165,3]] merged=[[165,4], [165,3], [165,9], [165,6], [165,8], [165,2], [165,7], [165,0], [165,5]] --- (Vertex5)[[w165,0], [w165,9], [w165,6], [w165,4], [w165,3], [166,5], [w165,2], [166,3], [w165,7], [w165,5], [166,9], [166,2], [w165,8]] weak=[[w165,0], [w165,9], [w165,6], [w165,4], [w165,3], [w165,2], [w165,7], [w165,5], [w165,8]] (solid_wave_vertices: 9) solid=[[165,8], [165,2], [165,0], [165,6], [165,5], [165,4], [165,9], [165,7], [165,3]] merged=[[165,8], [165,0], [165,3], [165,9], [165,2], [165,7], [165,6], [165,4], [165,5]] --- (Vertex6)[[w165,0], [w165,9], [w165,6], [w165,4], [w165,3], [166,5], [w165,2], [166,3], [w165,7], [w165,5], [166,9], [166,2], [w165,8]] weak=[[w165,0], [w165,9], [w165,6], [w165,4], [w165,3], [w165,2], [w165,7], [w165,5], [w165,8]] (solid_wave_vertices: 9) solid=[[165,5], [165,7], [165,6], [165,8], [165,0], [165,4], [165,2], [165,9], [165,3]] merged=[[165,5], [165,4], [165,2], [165,8], [165,0], [165,9], [165,6], [165,7], [165,3]] --- (Vertex7)[[w165,0], [w165,9], [w165,6], [w165,4], [w165,3], [166,5], [w165,2], [166,3], [w165,7], [w165,5], [166,9], [w165,8]] weak=[[w165,0], [w165,9], [w165,6], [w165,4], [w165,3], [w165,2], [w165,7], [w165,5], [w165,8]] (solid_wave_vertices: 9) solid=[[165,7], [165,9], [165,2], [165,3], [165,4], [165,6], [165,8], [165,5], [165,0]] merged=[[165,8], [165,6], [165,0], [165,7], [165,9], [165,2], [165,4], [165,3], [165,5]] --- (Vertex8)[[w165,0], [w165,9], [w165,6], [w165,4], [w165,3], [166,5], [w165,2], [w165,7], [w165,5], [w165,8]] weak=[[w165,0], [w165,9], [w165,6], [w165,4], [w165,3], [w165,2], [w165,7], [w165,5], [w165,8]] (solid_wave_vertices: 9) solid=[[165,9], [165,6], [165,4], [165,3], [165,8], [165,0], [165,5], [165,2], [165,7]] merged=[[165,6], [165,0], [165,5], [165,9], [165,7], [165,4], [165,8], [165,2], [165,3]] --- (Vertex9)[[w165,0], [w165,9], [w165,6], [w165,4], [w165,3], [166,5], [w165,2], [166,3], [w165,7], [w165,5], [166,9]] weak=[[w165,0], [w165,9], [w165,6], [w165,4], [w165,3], [w165,2], [w165,7], [w165,5]] (solid_wave_vertices: 8) solid=[[165,4], [165,3], [165,6], [165,7], [165,2], [165,9], [165,0], [165,5]] merged=[[165,6], [165,3], [165,0], [165,5], [165,7], [165,9], [165,2], [165,4]]
Round 168: (Vertex0)[[w165,0], [w165,9], [w166,8], [w165,6], [w165,1], [w166,4], [w165,4], [w165,3], [w166,5], [167,4], [w165,2], [w166,3], [167,7], [w166,0], [w165,7], [w166,7], [w166,6], [167,0], [w165,5], [167,8], [w166,9], [w166,2], [w165,8]] weak=[[w165,0], [w165,9], [w166,8], [w165,6], [w165,1], [w166,4], [w165,4], [w165,3], [w166,5], [w165,2], [w166,3], [w166,0], [w165,7], [w166,7], [w166,6], [w165,5], [w166,9], [w166,2], [w165,8]] (solid_wave_vertices: 10) solid=[[165,6], [165,5], [165,0], [165,1], [165,8], [165,7], [165,9], [165,4], [165,3], [165,2]] merged=[[165,7], [165,4], [165,3], [165,5], [165,8], [165,2], [165,1], [165,9], [165,0], [165,6]] --- (Vertex2)[[w165,0], [w165,9], [w166,8], [w165,6], [w166,4], [w165,4], [w165,3], [w166,5], [167,9], [167,4], [w165,2], [w166,3], [167,6], [w165,7], [w166,6], [w165,5], [167,5], [w166,9], [w166,2], [w165,8]] weak=[[w165,0], [w165,9], [w166,8], [w165,6], [w166,4], [w165,4], [w165,3], [w166,5], [w165,2], [w166,3], [w165,7], [w166,6], [w165,5], [w166,9], [w166,2], [w165,8]] (solid_wave_vertices: 9) solid=[[165,9], [165,2], [165,7], [165,8], [165,5], [165,0], [165,4], [165,6], [165,3]] merged=[[165,4], [165,5], [165,2], [165,8], [165,0], [165,9], [165,3], [165,7], [165,6]] --- (Vertex3)[[w165,0], [w165,9], [w166,8], [w165,6], [w166,4], [w165,4], [w165,3], [w166,5], [167,9], [167,4], [w165,2], [w166,3], [167,6], [w165,7], [w166,7], [w166,6], [w165,5], [167,5], [w166,9], [w166,2], [w165,8]] weak=[[w165,0], [w165,9], [w166,8], [w165,6], [w166,4], [w165,4], [w165,3], [w166,5], [w165,2], [w166,3], [w165,7], [w166,7], [w166,6], [w165,5], [w166,9], [w166,2], [w165,8]] (solid_wave_vertices: 9) solid=[[165,8], [165,0], [165,7], [165,6], [165,3], [165,4], [165,9], [165,5], [165,2]] merged=[[165,9], [165,3], [165,7], [165,4], [165,5], [165,0], [165,8], [165,6], [165,2]] --- (Vertex4)[[w165,0], [w165,9], [w166,8], [w165,6], [w166,4], [w165,4], [w165,3], [w166,5], [167,9], [167,4], [w165,2], [w166,3], [167,6], [w165,7], [w166,7], [w166,6], [w165,5], [167,5], [w166,9], [w166,2], [w165,8]] weak=[[w165,0], [w165,9], [w166,8], [w165,6], [w166,4], [w165,4], [w165,3], [w166,5], [w165,2], [w166,3], [w165,7], [w166,7], [w166,6], [w165,5], [w166,9], [w166,2], [w165,8]] (solid_wave_vertices: 9) solid=[[165,0], [165,9], [165,3], [165,5], [165,7], [165,6], [165,8], [165,4], [165,2]] merged=[[165,8], [165,2], [165,3], [165,6], [165,5], [165,0], [165,9], [165,7], [165,4]] --- (Vertex5)[[w165,0], [w165,9], [w166,8], [w165,6], [w166,4], [w165,4], [w165,3], [w166,5], [167,9], [167,4], [w165,2], [w166,3], [w166,0], [167,6], [w165,7], [w166,7], [w166,6], [w165,5], [167,5], [w166,9], [w166,2], [w165,8]] weak=[[w165,0], [w165,9], [w166,8], [w165,6], [w166,4], [w165,4], [w165,3], [w166,5], [w165,2], [w166,3], [w166,0], [w165,7], [w166,7], [w166,6], [w165,5], [w166,9], [w166,2], [w165,8]] (solid_wave_vertices: 9) solid=[[165,5], [165,8], [165,7], [165,2], [165,6], [165,3], [165,9], [165,4], [165,0]] merged=[[165,3], [165,4], [165,7], [165,6], [165,2], [165,5], [165,9], [165,8], [165,0]] --- (Vertex6)[[w165,0], [w165,9], [w166,8], [w165,6], [w166,4], [w165,4], [w165,3], [w166,5], [167,9], [167,4], [w165,2], [w166,3], [167,6], [w165,7], [w166,7], [w166,6], [w165,5], [167,5], [w166,9], [w166,2], [w165,8]] weak=[[w165,0], [w165,9], [w166,8], [w165,6], [w166,4], [w165,4], [w165,3], [w166,5], [w165,2], [w166,3], [w165,7], [w166,7], [w166,6], [w165,5], [w166,9], [w166,2], [w165,8]] (solid_wave_vertices: 9) solid=[[165,9], [165,7], [165,5], [165,4], [165,3], [165,2], [165,6], [165,8], [165,0]] merged=[[165,8], [165,5], [165,3], [165,6], [165,4], [165,2], [165,0], [165,7], [165,9]] --- (Vertex7)[[w165,0], [w165,9], [w166,8], [w165,6], [w165,1], [w166,4], [w165,4], [w165,3], [w166,5], [167,9], [w165,2], [w166,3], [167,7], [w166,0], [w165,7], [w166,7], [w166,6], [167,0], [w165,5], [167,8], [w166,9], [w166,2], [w165,8]] weak=[[w165,0], [w165,9], [w166,8], [w165,6], [w165,1], [w166,4], [w165,4], [w165,3], [w166,5], [w165,2], [w166,3], [w166,0], [w165,7], [w166,7], [w166,6], [w165,5], [w166,9], [w166,2], [w165,8]] (solid_wave_vertices: 10) solid=[[165,1], [165,4], [165,8], [165,5], [165,2], [165,6], [165,7], [165,3], [165,9], [165,0]] merged=[[165,4], [165,0], [165,9], [165,2], [165,6], [165,7], [165,5], [165,1], [165,8], [165,3]] --- (Vertex8)[[w165,0], [w165,9], [w166,8], [w165,6], [w165,1], [w166,4], [w165,4], [w165,3], [w166,5], [167,4], [w165,2], [w166,3], [167,7], [w166,0], [w165,7], [w166,7], [w166,6], [167,0], [w165,5], [167,8], [w166,9], [w166,2], [w165,8]] weak=[[w165,0], [w165,9], [w166,8], [w165,6], [w165,1], [w166,4], [w165,4], [w165,3], [w166,5], [w165,2], [w166,3], [w166,0], [w165,7], [w166,7], [w166,6], [w165,5], [w166,9], [w166,2], [w165,8]] (solid_wave_vertices: 10) solid=[[165,1], [165,3], [165,2], [165,7], [165,0], [165,5], [165,9], [165,4], [165,8], [165,6]] merged=[[165,5], [165,7], [165,9], [165,0], [165,2], [165,3], [165,6], [165,1], [165,8], [165,4]] --- (Vertex9)[[w165,0], [w165,9], [w166,8], [w165,6], [w166,4], [w165,4], [w165,3], [w166,5], [167,9], [167,4], [w165,2], [w166,3], [w166,0], [167,6], [w165,7], [w166,6], [w165,5], [167,5], [w166,9], [w166,2], [w165,8]] weak=[[w165,0], [w165,9], [w166,8], [w165,6], [w166,4], [w165,4], [w165,3], [w166,5], [w165,2], [w166,3], [w166,0], [w165,7], [w166,6], [w165,5], [w166,9], [w166,2], [w165,8]] (solid_wave_vertices: 9) solid=[[165,9], [165,4], [165,2], [165,7], [165,0], [165,6], [165,5], [165,8], [165,3]] merged=[[165,7], [165,2], [165,6], [165,4], [165,3], [165,8], [165,9], [165,5], [165,0]]
Round 169: (Vertex0)[[w165,0], [w165,9], [w166,8], [w165,6], [w165,1], [w166,4], [w167,2], [w165,4], [w165,3], [w166,5], [w167,9], [168,7], [168,2], [w167,4], [w165,2], [w166,3], [w167,7], [w166,0], [w167,6], [w165,7], [w166,7], [168,0], [w167,3], [w166,6], [w167,0], [w165,5], [w166,1], [w167,8], [168,8], [w167,5], [w166,9], [w166,2], [168,3], [w165,8]] weak=[[w165,0], [w165,9], [w166,8], [w165,6], [w165,1], [w166,4], [w167,2], [w165,4], [w165,3], [w166,5], [w167,9], [w167,4], [w165,2], [w166,3], [w167,7], [w166,0], [w167,6], [w165,7], [w166,7], [w167,3], [w166,6], [w167,0], [w165,5], [w166,1], [w167,8], [w167,5], [w166,9], [w166,2], [w165,8]] (solid_wave_vertices: 10) solid=[[165,0], [165,8], [165,2], [165,1], [165,6], [165,3], [165,4], [165,7], [165,9], [165,5]] merged=[[169,0]] --- (Vertex1)[[w165,0], [w165,9], [w166,8], [w165,6], [w165,1], [w166,4], [w165,4], [w165,3], [w166,5], [w167,9], [w167,4], [w165,2], [w166,3], [w167,7], [w166,0], [w167,6], [w165,7], [w166,7], [w166,6], [w167,0], [w165,5], [w166,1], [w167,8], [w167,5], [w166,9], [w166,2], [w165,8]] weak=[[w165,0], [w165,9], [w166,8], [w165,6], [w165,1], [w166,4], [w165,4], [w165,3], [w166,5], [w167,9], [w167,4], [w165,2], [w166,3], [w167,7], [w166,0], [w167,6], [w165,7], [w166,7], [w166,6], [w167,0], [w165,5], [w166,1], [w167,8], [w167,5], [w166,9], [w166,2], [w165,8]] (solid_wave_vertices: 10) solid=[[165,6], [165,8], [165,1], [165,7], [165,4], [165,0], [165,9], [165,5], [165,3], [165,2]] merged=[[169,1]] --- (Vertex2)[[w165,0], [w165,9], [w166,8], [w165,6], [w165,1], [w166,4], [w167,2], [w165,4], [w165,3], [w166,5], [w167,9], [168,2], [w167,4], [w165,2], [w166,3], [w167,7], [w166,0], [w167,6], [w165,7], [w166,7], [w167,3], [w166,6], [w167,0], [168,9], [w165,5], [w167,8], [w167,5], [168,6], [w166,9], [w166,2], [168,3], [w165,8]] weak=[[w165,0], [w165,9], [w166,8], [w165,6], [w165,1], [w166,4], [w167,2], [w165,4], [w165,3], [w166,5], [w167,9], [w167,4], [w165,2], [w166,3], [w167,7], [w166,0], [w167,6], [w165,7], [w166,7], [w167,3], [w166,6], [w167,0], [w165,5], [w167,8], [w167,5], [w166,9], [w166,2], [w165,8]] (solid_wave_vertices: 10) solid=[[165,6], [165,2], [165,0], [165,4], [165,7], [165,9], [165,3], [165,1], [165,8], [165,5]] merged=[[169,2]] --- (Vertex3)[[w165,0], [w165,9], [w166,8], [w165,6], [w165,1], [w166,4], [w167,2], [w165,4], [w165,3], [w166,5], [w167,9], [168,2], [w167,4], [w165,2], [w166,3], [w167,7], [w166,0], [w167,6], [w165,7], [w166,7], [w167,3], [w166,6], [w167,0], [168,9], [w165,5], [w167,8], [w167,5], [168,6], [w166,9], [w166,2], [168,3], [w165,8]] weak=[[w165,0], [w165,9], [w166,8], [w165,6], [w165,1], [w166,4], [w167,2], [w165,4], [w165,3], [w166,5], [w167,9], [w167,4], [w165,2], [w166,3], [w167,7], [w166,0], [w167,6], [w165,7], [w166,7], [w167,3], [w166,6], [w167,0], [w165,5], [w167,8], [w167,5], [w166,9], [w166,2], [w165,8]] (solid_wave_vertices: 10) solid=[[165,1], [165,7], [165,2], [165,3], [165,0], [165,5], [165,8], [165,9], [165,6], [165,4]] merged=[[169,3]] --- (Vertex4)[[w165,0], [w165,9], [w166,8], [w165,6], [w165,1], [w166,4], [w167,2], [w165,4], [w165,3], [w166,5], [w167,9], [168,2], [w167,4], [w165,2], [w166,3], [w167,7], [w166,0], [w167,6], [w165,7], [w166,7], [w167,3], [w166,6], [w167,0], [168,9], [w165,5], [w167,8], [w167,5], [168,6], [w166,9], [w166,2], [168,3], [w165,8]] weak=[[w165,0], [w165,9], [w166,8], [w165,6], [w165,1], [w166,4], [w167,2], [w165,4], [w165,3], [w166,5], [w167,9], [w167,4], [w165,2], [w166,3], [w167,7], [w166,0], [w167,6], [w165,7], [w166,7], [w167,3], [w166,6], [w167,0], [w165,5], [w167,8], [w167,5], [w166,9], [w166,2], [w165,8]] (solid_wave_vertices: 10) solid=[[165,0], [165,8], [165,6], [165,5], [165,3], [165,7], [165,4], [165,2], [165,9], [165,1]] merged=[[169,4]] --- (Vertex5)[[w165,0], [w165,9], [w166,8], [w165,6], [w165,1], [w166,4], [w167,2], [w165,4], [w165,3], [w166,5], [w167,9], [168,2], [w167,4], [w165,2], [w166,3], [w167,7], [w166,0], [w167,6], [w165,7], [w166,7], [w167,3], [w166,6], [w167,0], [168,9], [w165,5], [w167,8], [w167,5], [168,6], [w166,9], [w166,2], [168,3], [w165,8]] weak=[[w165,0], [w165,9], [w166,8], [w165,6], [w165,1], [w166,4], [w167,2], [w165,4], [w165,3], [w166,5], [w167,9], [w167,4], [w165,2], [w166,3], [w167,7], [w166,0], [w167,6], [w165,7], [w166,7], [w167,3], [w166,6], [w167,0], [w165,5], [w167,8], [w167,5], [w166,9], [w166,2], [w165,8]] (solid_wave_vertices: 10) solid=[[165,6], [165,5], [165,9], [165,2], [165,1], [165,7], [165,8], [165,0], [165,4], [165,3]] merged=[[169,5]] --- (Vertex6)[[w165,0], [w165,9], [w166,8], [w165,6], [w165,1], [w166,4], [w167,2], [w165,4], [w165,3], [w166,5], [w167,9], [168,2], [w167,4], [w165,2], [w166,3], [w167,7], [w166,0], [w167,6], [w165,7], [w166,7], [w167,3], [w166,6], [w167,0], [168,9], [w165,5], [w167,8], [w167,5], [168,6], [w166,9], [w166,2], [168,3], [w165,8]] weak=[[w165,0], [w165,9], [w166,8], [w165,6], [w165,1], [w166,4], [w167,2], [w165,4], [w165,3], [w166,5], [w167,9], [w167,4], [w165,2], [w166,3], [w167,7], [w166,0], [w167,6], [w165,7], [w166,7], [w167,3], [w166,6], [w167,0], [w165,5], [w167,8], [w167,5], [w166,9], [w166,2], [w165,8]] (solid_wave_vertices: 10) solid=[[165,7], [165,4], [165,8], [165,1], [165,0], [165,9], [165,5], [165,2], [165,6], [165,3]] merged=[[169,6]] --- (Vertex7)[[w165,0], [w165,9], [w166,8], [w165,6], [w165,1], [w166,4], [w167,2], [w165,4], [w165,3], [w166,5], [w167,9], [168,7], [168,2], [w167,4], [w165,2], [w166,3], [w167,7], [w166,0], [w167,6], [w165,7], [w166,7], [168,0], [w167,3], [w166,6], [w167,0], [w165,5], [w166,1], [w167,8], [168,8], [w167,5], [w166,9], [w166,2], [168,3], [w165,8]] weak=[[w165,0], [w165,9], [w166,8], [w165,6], [w165,1], [w166,4], [w167,2], [w165,4], [w165,3], [w166,5], [w167,9], [w167,4], [w165,2], [w166,3], [w167,7], [w166,0], [w167,6], [w165,7], [w166,7], [w167,3], [w166,6], [w167,0], [w165,5], [w166,1], [w167,8], [w167,5], [w166,9], [w166,2], [w165,8]] (solid_wave_vertices: 10) solid=[[165,0], [165,4], [165,9], [165,3], [165,2], [165,8], [165,7], [165,5], [165,1], [165,6]] merged=[[169,7]] --- (Vertex8)[[w165,0], [w165,9], [w166,8], [w165,6], [w165,1], [w166,4], [w167,2], [w165,4], [w165,3], [w166,5], [w167,9], [168,7], [168,2], [w167,4], [w165,2], [w166,3], [w167,7], [w166,0], [w167,6], [w165,7], [w166,7], [168,0], [w167,3], [w166,6], [w167,0], [w165,5], [w166,1], [w167,8], [168,8], [w167,5], [w166,9], [w166,2], [168,3], [w165,8]] weak=[[w165,0], [w165,9], [w166,8], [w165,6], [w165,1], [w166,4], [w167,2], [w165,4], [w165,3], [w166,5], [w167,9], [w167,4], [w165,2], [w166,3], [w167,7], [w166,0], [w167,6], [w165,7], [w166,7], [w167,3], [w166,6], [w167,0], [w165,5], [w166,1], [w167,8], [w167,5], [w166,9], [w166,2], [w165,8]] (solid_wave_vertices: 10) solid=[[165,7], [165,2], [165,6], [165,5], [165,4], [165,8], [165,3], [165,0], [165,9], [165,1]] merged=[[169,8]] --- (Vertex9)[[w165,0], [w165,9], [w166,8], [w165,6], [w165,1], [w166,4], [w167,2], [w165,4], [w165,3], [w166,5], [w167,9], [168,2], [w167,4], [w165,2], [w166,3], [w167,7], [w166,0], [w167,6], [w165,7], [w166,7], [w167,3], [w166,6], [w167,0], [168,9], [w165,5], [w167,8], [w167,5], [168,6], [w166,9], [w166,2], [168,3], [w165,8]] weak=[[w165,0], [w165,9], [w166,8], [w165,6], [w165,1], [w166,4], [w167,2], [w165,4], [w165,3], [w166,5], [w167,9], [w167,4], [w165,2], [w166,3], [w167,7], [w166,0], [w167,6], [w165,7], [w166,7], [w167,3], [w166,6], [w167,0], [w165,5], [w167,8], [w167,5], [w166,9], [w166,2], [w165,8]] (solid_wave_vertices: 10) solid=[[165,9], [165,3], [165,7], [165,6], [165,8], [165,5], [165,0], [165,1], [165,2], [165,4]] merged=[[169,9]]
Round 170: (Vertex0)[[169,0], [169,5], [169,6], [169,8]] (solid_wave_vertices: 4) solid=[[169,8], [169,5], [169,6], [169,0]] merged=[[169,6], [169,8], [169,0], [169,5]] --- (Vertex1)[[169,0], [169,5], [169,6], [169,3]] (solid_wave_vertices: 4) solid=[[169,3], [169,5], [169,0], [169,6]] merged=[[169,5], [169,3], [169,0], [169,6]] --- (Vertex2)[[169,5], [169,6], [169,4], [169,2]] (solid_wave_vertices: 4) solid=[[169,6], [169,4], [169,5], [169,2]] merged=[[169,6], [169,5], [169,4], [169,2]] --- (Vertex3)[[169,5], [169,6], [169,4], [169,2]] (solid_wave_vertices: 4) solid=[[169,5], [169,6], [169,4], [169,2]] merged=[[169,6], [169,4], [169,2], [169,5]] --- (Vertex4)[[169,5], [169,6], [169,4], [169,2]] (solid_wave_vertices: 4) solid=[[169,5], [169,2], [169,4], [169,6]] merged=[[169,4], [169,5], [169,6], [169,2]] --- (Vertex5)[[169,5], [169,6], [169,4], [169,2]] (solid_wave_vertices: 4) solid=[[169,4], [169,6], [169,2], [169,5]] merged=[[169,5], [169,2], [169,6], [169,4]] --- (Vertex6)[[169,5], [169,6], [169,4], [169,2]] (solid_wave_vertices: 4) solid=[[169,5], [169,2], [169,6], [169,4]] merged=[[169,5], [169,2], [169,6], [169,4]] --- (Vertex7)[[169,0], [169,5], [169,6], [169,8]] (solid_wave_vertices: 4) solid=[[169,6], [169,8], [169,5], [169,0]] merged=[[169,0], [169,5], [169,6], [169,8]] --- (Vertex8)[[169,0], [169,5], [169,6], [169,8]] (solid_wave_vertices: 4) solid=[[169,6], [169,5], [169,8], [169,0]] merged=[[169,8], [169,6], [169,5], [169,0]] --- (Vertex9)[[169,5], [169,6], [169,4], [169,2]] (solid_wave_vertices: 4) solid=[[169,6], [169,2], [169,4], [169,5]] merged=[[169,5], [169,6], [169,2], [169,4]]
Round 171: (Vertex0)[[w169,7], [w169,0], [w169,5], [w169,6], [w169,4], [w169,2], [170,7], [w169,9], [w169,3], [w169,8], [170,5], [170,9], [170,8], [w169,1], [170,0]] weak=[[w169,7], [w169,0], [w169,5], [w169,6], [w169,4], [w169,2], [w169,9], [w169,3], [w169,8], [w169,1]] (solid_wave_vertices: 10) solid=[[169,6], [169,1], [169,7], [169,0], [169,5], [169,3], [169,2], [169,9], [169,8], [169,4]] merged=[[169,9], [169,1], [169,3], [169,6], [169,5], [169,0], [169,4], [169,8], [169,7], [169,2]] --- (Vertex1)[[w169,7], [w169,0], [w169,5], [w169,6], [w169,4], [w169,2], [170,7], [w169,9], [w169,3], [w169,8], [170,5], [170,9], [w169,1], [170,0]] weak=[[w169,7], [w169,0], [w169,5], [w169,6], [w169,4], [w169,2], [w169,9], [w169,3], [w169,8], [w169,1]] (solid_wave_vertices: 10) solid=[[169,1], [169,6], [169,7], [169,9], [169,8], [169,5], [169,0], [169,2], [169,3], [169,4]] merged=[[169,9], [169,5], [169,7], [169,4], [169,0], [169,3], [169,2], [169,1], [169,6], [169,8]] --- (Vertex2)[[w169,7], [w169,0], [w169,5], [w169,6], [w169,4], [w169,2], [w169,9], [w169,3], [w169,8], [170,5], [170,9]] weak=[[w169,7], [w169,0], [w169,5], [w169,6], [w169,4], [w169,2], [w169,9], [w169,3], [w169,8]] (solid_wave_vertices: 9) solid=[[169,4], [169,8], [169,0], [169,5], [169,7], [169,3], [169,9], [169,2], [169,6]] merged=[[169,8], [169,5], [169,2], [169,0], [169,3], [169,6], [169,9], [169,7], [169,4]] --- (Vertex3)[[w169,0], [w169,5], [w169,6], [w169,4], [w169,2], [w169,9], [w169,3], [w169,8], [170,5], [170,9]] weak=[[w169,0], [w169,5], [w169,6], [w169,4], [w169,2], [w169,9], [w169,3], [w169,8]] (solid_wave_vertices: 8) solid=[[169,3], [169,0], [169,4], [169,9], [169,2], [169,6], [169,8], [169,5]] merged=[[169,5], [169,4], [169,9], [169,2], [169,6], [169,3], [169,0], [169,8]] --- (Vertex4)[[w169,7], [w169,0], [w169,5], [w169,6], [w169,4], [w169,2], [w169,9], [w169,3], [w169,8], [170,5], [170,9]] weak=[[w169,7], [w169,0], [w169,5], [w169,6], [w169,4], [w169,2], [w169,9], [w169,3], [w169,8]] (solid_wave_vertices: 9) solid=[[169,0], [169,2], [169,5], [169,4], [169,9], [169,7], [169,6], [169,3], [169,8]] merged=[[169,7], [169,2], [169,8], [169,5], [169,4], [169,6], [169,0], [169,9], [169,3]] --- (Vertex5)[[w169,7], [w169,0], [w169,5], [w169,6], [w169,4], [w169,2], [w169,9], [w169,3], [w169,8], [170,5], [170,9]] weak=[[w169,7], [w169,0], [w169,5], [w169,6], [w169,4], [w169,2], [w169,9], [w169,3], [w169,8]] (solid_wave_vertices: 9) solid=[[169,3], [169,9], [169,5], [169,7], [169,8], [169,0], [169,4], [169,2], [169,6]] merged=[[169,2], [169,9], [169,4], [169,8], [169,3], [169,7], [169,0], [169,6], [169,5]] --- (Vertex6)[[w169,7], [w169,0], [w169,5], [w169,6], [w169,4], [w169,2], [w169,9], [w169,3], [w169,8], [170,5], [170,9]] weak=[[w169,7], [w169,0], [w169,5], [w169,6], [w169,4], [w169,2], [w169,9], [w169,3], [w169,8]] (solid_wave_vertices: 9) solid=[[169,2], [169,7], [169,8], [169,4], [169,3], [169,6], [169,0], [169,5], [169,9]] merged=[[169,3], [169,8], [169,0], [169,9], [169,6], [169,5], [169,2], [169,4], [169,7]] --- (Vertex7)[[w169,7], [w169,0], [w169,5], [w169,6], [w169,4], [w169,2], [170,7], [w169,9], [w169,3], [w169,8], [170,5], [170,9], [170,8], [w169,1], [170,0]] weak=[[w169,7], [w169,0], [w169,5], [w169,6], [w169,4], [w169,2], [w169,9], [w169,3], [w169,8], [w169,1]] (solid_wave_vertices: 10) solid=[[169,6], [169,3], [169,4], [169,2], [169,9], [169,8], [169,5], [169,1], [169,0], [169,7]] merged=[[169,9], [169,4], [169,6], [169,3], [169,5], [169,8], [169,2], [169,7], [169,0], [169,1]] --- (Vertex8)[[w169,7], [w169,0], [w169,5], [w169,6], [w169,4], [w169,2], [170,7], [w169,9], [w169,3], [w169,8], [170,5], [170,9], [w169,1], [170,0]] weak=[[w169,7], [w169,0], [w169,5], [w169,6], [w169,4], [w169,2], [w169,9], [w169,3], [w169,8], [w169,1]] (solid_wave_vertices: 10) solid=[[169,7], [169,2], [169,9], [169,4], [169,6], [169,3], [169,1], [169,0], [169,8], [169,5]] merged=[[169,5], [169,7], [169,0], [169,1], [169,9], [169,6], [169,4], [169,3], [169,2], [169,8]] --- (Vertex9)[[w169,7], [w169,0], [w169,5], [w169,6], [w169,4], [w169,2], [w169,9], [w169,3], [w169,8], [170,5], [170,9]] weak=[[w169,7], [w169,0], [w169,5], [w169,6], [w169,4], [w169,2], [w169,9], [w169,3], [w169,8]] (solid_wave_vertices: 9) solid=[[169,0], [169,3], [169,8], [169,2], [169,4], [169,6], [169,5], [169,9], [169,7]] merged=[[169,0], [169,6], [169,4], [169,3], [169,8], [169,5], [169,2], [169,7], [169,9]]
Round 172: (Vertex0)[[w169,7], [w170,3], [w170,6], [w169,0], [w169,5], [171,6], [w169,6], [171,2], [w170,2], [w169,4], [w169,2], [w170,7], [w169,9], [w169,3], [w169,8], [171,8], [w170,5], [171,4], [w170,4], [w170,9], [w170,8], [w169,1], [w170,0]] weak=[[w169,7], [w170,3], [w170,6], [w169,0], [w169,5], [w169,6], [w170,2], [w169,4], [w169,2], [w170,7], [w169,9], [w169,3], [w169,8], [w170,5], [w170,4], [w170,9], [w170,8], [w169,1], [w170,0]] (solid_wave_vertices: 10) solid=[[169,9], [169,1], [169,0], [169,5], [169,6], [169,8], [169,4], [169,2], [169,3], [169,7]] merged=[[169,6], [169,7], [169,3], [169,8], [169,5], [169,4], [169,2], [169,1], [169,9], [169,0]] --- (Vertex2)[[w169,7], [w170,3], [w170,6], [w169,0], [w169,5], [171,3], [171,6], [w169,6], [171,2], [w170,2], [w169,4], [w169,2], [w170,7], [w169,9], [w169,3], [w169,8], [171,5], [w170,5], [171,4], [w170,4], [w170,9], [w170,8], [171,9], [w169,1], [w170,0]] weak=[[w169,7], [w170,3], [w170,6], [w169,0], [w169,5], [w169,6], [w170,2], [w169,4], [w169,2], [w170,7], [w169,9], [w169,3], [w169,8], [w170,5], [w170,4], [w170,9], [w170,8], [w169,1], [w170,0]] (solid_wave_vertices: 10) solid=[[169,2], [169,9], [169,3], [169,6], [169,0], [169,8], [169,5], [169,1], [169,4], [169,7]] merged=[[169,9], [169,0], [169,7], [169,2], [169,1], [169,6], [169,8], [169,3], [169,4], [169,5]] --- (Vertex3)[[w169,7], [w170,3], [w170,6], [w169,0], [w169,5], [171,3], [171,6], [w169,6], [171,2], [w170,2], [w169,4], [w169,2], [w170,7], [w169,9], [w169,3], [w169,8], [171,5], [w170,5], [171,4], [w170,4], [w170,9], [w170,8], [171,9], [w169,1], [w170,0]] weak=[[w169,7], [w170,3], [w170,6], [w169,0], [w169,5], [w169,6], [w170,2], [w169,4], [w169,2], [w170,7], [w169,9], [w169,3], [w169,8], [w170,5], [w170,4], [w170,9], [w170,8], [w169,1], [w170,0]] (solid_wave_vertices: 10) solid=[[169,6], [169,4], [169,8], [169,5], [169,1], [169,3], [169,9], [169,0], [169,2], [169,7]] merged=[[169,2], [169,3], [169,0], [169,5], [169,4], [169,8], [169,1], [169,7], [169,9], [169,6]] --- (Vertex4)[[w169,7], [w170,3], [w170,6], [w169,0], [w169,5], [171,3], [171,6], [w169,6], [171,2], [w170,2], [w169,4], [w169,2], [w170,7], [w169,9], [w169,3], [w169,8], [171,5], [w170,5], [171,4], [w170,4], [w170,9], [w170,8], [171,9], [w169,1], [w170,0]] weak=[[w169,7], [w170,3], [w170,6], [w169,0], [w169,5], [w169,6], [w170,2], [w169,4], [w169,2], [w170,7], [w169,9], [w169,3], [w169,8], [w170,5], [w170,4], [w170,9], [w170,8], [w169,1], [w170,0]] (solid_wave_vertices: 10) solid=[[169,0], [169,7], [169,9], [169,3], [169,6], [169,8], [169,4], [169,2], [169,1], [169,5]] merged=[[169,3], [169,2], [169,7], [169,9], [169,6], [169,5], [169,4], [169,8], [169,1], [169,0]] --- (Vertex5)[[w169,7], [w170,3], [w170,6], [w169,0], [w169,5], [171,3], [171,6], [w169,6], [171,2], [w170,2], [w169,4], [w169,2], [w170,7], [w169,9], [w169,3], [w169,8], [171,5], [w170,5], [171,4], [w170,4], [w170,9], [w170,8], [171,9], [w169,1], [w170,0]] weak=[[w169,7], [w170,3], [w170,6], [w169,0], [w169,5], [w169,6], [w170,2], [w169,4], [w169,2], [w170,7], [w169,9], [w169,3], [w169,8], [w170,5], [w170,4], [w170,9], [w170,8], [w169,1], [w170,0]] (solid_wave_vertices: 10) solid=[[169,2], [169,4], [169,1], [169,6], [169,0], [169,5], [169,8], [169,9], [169,7], [169,3]] merged=[[169,0], [169,1], [169,4], [169,6], [169,9], [169,5], [169,2], [169,3], [169,8], [169,7]] --- (Vertex6)[[w169,7], [w170,3], [w170,6], [w169,0], [w169,5], [171,3], [171,6], [w169,6], [171,2], [w170,2], [w169,4], [w169,2], [w170,7], [w169,9], [w169,3], [w169,8], [171,5], [w170,5], [171,4], [w170,4], [w170,9], [171,9], [w169,1], [w170,0]] weak=[[w169,7], [w170,3], [w170,6], [w169,0], [w169,5], [w169,6], [w170,2], [w169,4], [w169,2], [w170,7], [w169,9], [w169,3], [w169,8], [w170,5], [w170,4], [w170,9], [w169,1], [w170,0]] (solid_wave_vertices: 10) solid=[[169,5], [169,9], [169,0], [169,7], [169,4], [169,1], [169,6], [169,2], [169,8], [169,3]] merged=[[169,6], [169,9], [169,3], [169,2], [169,1], [169,5], [169,7], [169,4], [169,0], [169,8]] --- (Vertex7)[[w169,7], [w170,3], [w170,6], [w169,0], [w169,5], [171,6], [w169,6], [171,2], [w170,2], [w169,4], [w169,2], [w170,7], [w169,9], [w169,3], [w169,8], [171,8], [w170,5], [171,4], [w170,4], [w170,9], [w170,8], [w169,1], [w170,0]] weak=[[w169,7], [w170,3], [w170,6], [w169,0], [w169,5], [w169,6], [w170,2], [w169,4], [w169,2], [w170,7], [w169,9], [w169,3], [w169,8], [w170,5], [w170,4], [w170,9], [w170,8], [w169,1], [w170,0]] (solid_wave_vertices: 10) solid=[[169,2], [169,3], [169,6], [169,1], [169,4], [169,7], [169,9], [169,0], [169,5], [169,8]] merged=[[169,6], [169,9], [169,4], [169,1], [169,5], [169,3], [169,8], [169,2], [169,7], [169,0]] --- (Vertex8)[[w169,7], [w170,3], [w170,6], [w169,0], [w169,5], [171,3], [171,6], [w169,6], [w170,2], [w169,4], [w169,2], [w170,7], [w169,9], [w169,3], [w169,8], [171,8], [w170,5], [171,4], [w170,4], [w170,9], [w170,8], [w169,1], [w170,0]] weak=[[w169,7], [w170,3], [w170,6], [w169,0], [w169,5], [w169,6], [w170,2], [w169,4], [w169,2], [w170,7], [w169,9], [w169,3], [w169,8], [w170,5], [w170,4], [w170,9], [w170,8], [w169,1], [w170,0]] (solid_wave_vertices: 10) solid=[[169,5], [169,4], [169,0], [169,8], [169,7], [169,6], [169,9], [169,2], [169,3], [169,1]] merged=[[169,2], [169,5], [169,4], [169,6], [169,1], [169,8], [169,7], [169,3], [169,0], [169,9]] --- (Vertex9)[[w169,7], [w170,3], [w170,6], [w169,0], [w169,5], [171,3], [171,6], [w169,6], [171,2], [w170,2], [w169,4], [w169,2], [w170,7], [w169,9], [w169,3], [w169,8], [171,5], [w170,5], [171,4], [w170,4], [w170,9], [w170,8], [171,9], [w169,1], [w170,0]] weak=[[w169,7], [w170,3], [w170,6], [w169,0], [w169,5], [w169,6], [w170,2], [w169,4], [w169,2], [w170,7], [w169,9], [w169,3], [w169,8], [w170,5], [w170,4], [w170,9], [w170,8], [w169,1], [w170,0]] (solid_wave_vertices: 10) solid=[[169,9], [169,7], [169,6], [169,5], [169,2], [169,8], [169,1], [169,3], [169,0], [169,4]] merged=[[169,2], [169,5], [169,0], [169,1], [169,9], [169,4], [169,7], [169,8], [169,3], [169,6]]
Round 173: (Vertex0)[[w169,7], [w170,3], [w170,6], [w169,0], [w169,5], [w171,3], [w171,6], [w171,7], [w169,6], [w171,2], [w170,2], [w169,4], [w169,2], [172,0], [w170,7], [w169,9], [w169,3], [w169,8], [w171,5], [w171,8], [w170,5], [w171,0], [w171,4], [w170,4], [172,8], [w170,9], [w170,8], [w171,9], [w169,1], [w170,0]] weak=[[w169,7], [w170,3], [w170,6], [w169,0], [w169,5], [w171,3], [w171,6], [w171,7], [w169,6], [w171,2], [w170,2], [w169,4], [w169,2], [w170,7], [w169,9], [w169,3], [w169,8], [w171,5], [w171,8], [w170,5], [w171,0], [w171,4], [w170,4], [w170,9], [w170,8], [w171,9], [w169,1], [w170,0]] (solid_wave_vertices: 10) solid=[[169,4], [169,1], [169,7], [169,3], [169,5], [169,0], [169,9], [169,2], [169,8], [169,6]] merged=[[173,0]] --- (Vertex1)[[w169,7], [w170,3], [w170,6], [w169,0], [w169,5], [w171,3], [w171,6], [w169,6], [w171,2], [w170,2], [w169,4], [w169,2], [w170,7], [w169,9], [w169,3], [w169,8], [w171,5], [w171,8], [w170,5], [w171,4], [w170,4], [w170,9], [w170,8], [w171,9], [w169,1], [w170,0]] weak=[[w169,7], [w170,3], [w170,6], [w169,0], [w169,5], [w171,3], [w171,6], [w169,6], [w171,2], [w170,2], [w169,4], [w169,2], [w170,7], [w169,9], [w169,3], [w169,8], [w171,5], [w171,8], [w170,5], [w171,4], [w170,4], [w170,9], [w170,8], [w171,9], [w169,1], [w170,0]] (solid_wave_vertices: 10) solid=[[169,3], [169,5], [169,4], [169,0], [169,7], [169,2], [169,1], [169,8], [169,6], [169,9]] merged=[[173,1]] --- (Vertex2)[[w169,7], [w170,3], [w170,6], [w169,0], [w169,5], [w171,3], [w171,6], [w171,7], [w169,6], [w171,2], [w170,2], [w169,4], [w169,2], [w170,7], [w169,9], [w169,3], [w169,8], [w171,5], [w171,8], [w170,5], [w171,4], [w170,4], [w170,9], [w170,8], [w171,9], [w169,1], [w170,0], [172,2]] weak=[[w169,7], [w170,3], [w170,6], [w169,0], [w169,5], [w171,3], [w171,6], [w171,7], [w169,6], [w171,2], [w170,2], [w169,4], [w169,2], [w170,7], [w169,9], [w169,3], [w169,8], [w171,5], [w171,8], [w170,5], [w171,4], [w170,4], [w170,9], [w170,8], [w171,9], [w169,1], [w170,0]] (solid_wave_vertices: 10) solid=[[169,1], [169,9], [169,8], [169,7], [169,0], [169,4], [169,5], [169,2], [169,6], [169,3]] merged=[[173,2]] --- (Vertex3)[[w169,7], [w170,3], [w170,6], [w169,0], [w169,5], [w171,3], [w171,6], [w171,7], [w169,6], [w171,2], [w170,2], [w169,4], [w169,2], [w170,7], [w169,9], [w169,3], [w169,8], [w171,5], [w171,8], [w170,5], [w171,4], [w170,4], [w170,9], [w170,8], [w171,9], [w169,1], [w170,0], [172,2]] weak=[[w169,7], [w170,3], [w170,6], [w169,0], [w169,5], [w171,3], [w171,6], [w171,7], [w169,6], [w171,2], [w170,2], [w169,4], [w169,2], [w170,7], [w169,9], [w169,3], [w169,8], [w171,5], [w171,8], [w170,5], [w171,4], [w170,4], [w170,9], [w170,8], [w171,9], [w169,1], [w170,0]] (solid_wave_vertices: 10) solid=[[169,0], [169,8], [169,3], [169,6], [169,9], [169,1], [169,5], [169,7], [169,4], [169,2]] merged=[[173,3]] --- (Vertex4)[[w169,7], [w170,3], [w170,6], [w169,0], [w169,5], [w171,3], [w171,6], [w171,7], [w169,6], [w171,2], [w170,2], [w169,4], [w169,2], [w170,7], [w169,9], [w169,3], [w169,8], [w171,5], [w171,8], [w170,5], [w171,4], [w170,4], [w170,9], [w170,8], [w171,9], [w169,1], [w170,0], [172,2]] weak=[[w169,7], [w170,3], [w170,6], [w169,0], [w169,5], [w171,3], [w171,6], [w171,7], [w169,6], [w171,2], [w170,2], [w169,4], [w169,2], [w170,7], [w169,9], [w169,3], [w169,8], [w171,5], [w171,8], [w170,5], [w171,4], [w170,4], [w170,9], [w170,8], [w171,9], [w169,1], [w170,0]] (solid_wave_vertices: 10) solid=[[169,0], [169,3], [169,1], [169,7], [169,8], [169,9], [169,6], [169,5], [169,4], [169,2]] merged=[[173,4]] --- (Vertex5)[[w169,7], [w170,3], [w170,6], [w169,0], [w169,5], [w171,3], [w171,6], [w171,7], [w169,6], [w171,2], [w170,2], [w169,4], [w169,2], [w170,7], [w169,9], [w169,3], [w169,8], [w171,5], [w171,8], [w170,5], [w171,0], [w171,4], [w170,4], [w170,9], [w170,8], [w171,9], [w169,1], [w170,0], [172,2]] weak=[[w169,7], [w170,3], [w170,6], [w169,0], [w169,5], [w171,3], [w171,6], [w171,7], [w169,6], [w171,2], [w170,2], [w169,4], [w169,2], [w170,7], [w169,9], [w169,3], [w169,8], [w171,5], [w171,8], [w170,5], [w171,0], [w171,4], [w170,4], [w170,9], [w170,8], [w171,9], [w169,1], [w170,0]] (solid_wave_vertices: 10) solid=[[169,5], [169,6], [169,2], [169,0], [169,9], [169,1], [169,7], [169,8], [169,4], [169,3]] merged=[[173,5]] --- (Vertex6)[[w169,7], [w170,3], [w170,6], [w169,0], [w169,5], [w171,3], [w171,6], [w171,7], [w169,6], [w171,2], [w170,2], [w169,4], [w169,2], [w170,7], [w169,9], [w169,3], [w169,8], [w171,5], [w171,8], [w170,5], [w171,4], [w170,4], [w170,9], [w170,8], [w171,9], [w169,1], [w170,0], [172,2]] weak=[[w169,7], [w170,3], [w170,6], [w169,0], [w169,5], [w171,3], [w171,6], [w171,7], [w169,6], [w171,2], [w170,2], [w169,4], [w169,2], [w170,7], [w169,9], [w169,3], [w169,8], [w171,5], [w171,8], [w170,5], [w171,4], [w170,4], [w170,9], [w170,8], [w171,9], [w169,1], [w170,0]] (solid_wave_vertices: 10) solid=[[169,5], [169,6], [169,4], [169,0], [169,8], [169,1], [169,2], [169,9], [169,7], [169,3]] merged=[[173,6]] --- (Vertex7)[[w169,7], [w170,3], [w170,6], [w169,0], [w169,5], [w171,3], [w171,6], [w171,7], [w169,6], [w171,2], [w170,2], [w169,4], [w169,2], [172,0], [w170,7], [w169,9], [w169,3], [w169,8], [w171,5], [w171,8], [w170,5], [w171,0], [w171,4], [w170,4], [172,8], [w170,9], [w170,8], [w171,9], [w169,1], [w170,0]] weak=[[w169,7], [w170,3], [w170,6], [w169,0], [w169,5], [w171,3], [w171,6], [w171,7], [w169,6], [w171,2], [w170,2], [w169,4], [w169,2], [w170,7], [w169,9], [w169,3], [w169,8], [w171,5], [w171,8], [w170,5], [w171,0], [w171,4], [w170,4], [w170,9], [w170,8], [w171,9], [w169,1], [w170,0]] (solid_wave_vertices: 10) solid=[[169,7], [169,9], [169,0], [169,4], [169,8], [169,2], [169,1], [169,3], [169,5], [169,6]] merged=[[173,7]] --- (Vertex8)[[w169,7], [w170,3], [w170,6], [w169,0], [w169,5], [w171,3], [w171,6], [w171,7], [w169,6], [w171,2], [w170,2], [w169,4], [w169,2], [172,0], [w170,7], [w169,9], [w169,3], [w169,8], [w171,5], [w171,8], [w170,5], [w171,0], [w171,4], [w170,4], [172,8], [w170,9], [w170,8], [w171,9], [w169,1], [w170,0]] weak=[[w169,7], [w170,3], [w170,6], [w169,0], [w169,5], [w171,3], [w171,6], [w171,7], [w169,6], [w171,2], [w170,2], [w169,4], [w169,2], [w170,7], [w169,9], [w169,3], [w169,8], [w171,5], [w171,8], [w170,5], [w171,0], [w171,4], [w170,4], [w170,9], [w170,8], [w171,9], [w169,1], [w170,0]] (solid_wave_vertices: 10) solid=[[169,4], [169,7], [169,6], [169,3], [169,9], [169,2], [169,1], [169,5], [169,8], [169,0]] merged=[[173,8]] --- (Vertex9)[[w169,7], [w170,3], [w170,6], [w169,0], [w169,5], [w171,3], [w171,6], [w169,6], [w171,2], [w170,2], [w169,4], [w169,2], [w170,7], [w169,9], [w169,3], [w169,8], [w171,5], [w171,8], [w170,5], [w171,0], [w171,4], [w170,4], [w170,9], [w170,8], [w171,9], [w169,1], [w170,0], [172,2]] weak=[[w169,7], [w170,3], [w170,6], [w169,0], [w169,5], [w171,3], [w171,6], [w169,6], [w171,2], [w170,2], [w169,4], [w169,2], [w170,7], [w169,9], [w169,3], [w169,8], [w171,5], [w171,8], [w170,5], [w171,0], [w171,4], [w170,4], [w170,9], [w170,8], [w171,9], [w169,1], [w170,0]] (solid_wave_vertices: 10) solid=[[169,8], [169,5], [169,1], [169,2], [169,4], [169,0], [169,9], [169,3], [169,7], [169,6]] merged=[[173,9]]
Round 174: (Vertex0)[[173,4], [173,5], [173,0], [173,7]] (solid_wave_vertices: 4) solid=[[173,5], [173,4], [173,0], [173,7]] merged=[[173,0], [173,4], [173,7], [173,5]] --- (Vertex1)[[173,4], [173,7], [173,3], [173,2]] (solid_wave_vertices: 4) solid=[[173,2], [173,7], [173,3], [173,4]] merged=[[173,2], [173,7], [173,3], [173,4]] --- (Vertex2)[[173,4], [173,5], [173,3], [173,2]] (solid_wave_vertices: 4) solid=[[173,2], [173,5], [173,3], [173,4]] merged=[[173,4], [173,3], [173,5], [173,2]] --- (Vertex3)[[173,4], [173,5], [173,3], [173,2]] (solid_wave_vertices: 4) solid=[[173,2], [173,3], [173,5], [173,4]] merged=[[173,3], [173,4], [173,2], [173,5]] --- (Vertex4)[[173,4], [173,5], [173,3], [173,2]] (solid_wave_vertices: 4) solid=[[173,2], [173,4], [173,5], [173,3]] merged=[[173,2], [173,3], [173,4], [173,5]] --- (Vertex5)[[173,4], [173,5], [173,3], [173,2]] (solid_wave_vertices: 4) solid=[[173,5], [173,4], [173,3], [173,2]] merged=[[173,2], [173,3], [173,5], [173,4]] --- (Vertex6)[[173,4], [173,5], [173,3], [173,2]] (solid_wave_vertices: 4) solid=[[173,3], [173,2], [173,4], [173,5]] merged=[[173,2], [173,3], [173,5], [173,4]] --- (Vertex7)[[173,4], [173,5], [173,0], [173,7]] (solid_wave_vertices: 4) solid=[[173,5], [173,7], [173,0], [173,4]] merged=[[173,0], [173,4], [173,5], [173,7]] --- (Vertex8)[[173,4], [173,5], [173,0], [173,7], [173,3]] (solid_wave_vertices: 5) solid=[[173,5], [173,3], [173,7], [173,4], [173,0]] merged=[[173,3], [173,5], [173,0], [173,7], [173,4]] --- (Vertex9)[[173,4], [173,5], [173,3], [173,2]] (solid_wave_vertices: 4) solid=[[173,3], [173,4], [173,5], [173,2]] merged=[[173,3], [173,2], [173,5], [173,4]]
Round 175: (Vertex0)[[174,5], [w173,4], [174,7], [w173,8], [w173,5], [174,2], [w173,0], [w173,9], [w173,7], [174,8], [w173,3], [w173,2], [174,6], [174,9], [w173,6]] weak=[[w173,4], [w173,8], [w173,5], [w173,0], [w173,9], [w173,7], [w173,3], [w173,2], [w173,6]] (solid_wave_vertices: 9) solid=[[173,3], [173,8], [173,7], [173,5], [173,0], [173,4], [173,6], [173,9], [173,2]] merged=[[173,8], [173,7], [173,5], [173,2], [173,6], [173,0], [173,4], [173,3], [173,9]] --- (Vertex1)[[174,5], [w173,4], [w173,8], [w173,5], [174,2], [w173,0], [w173,9], [w173,7], [w173,1], [174,8], [w173,3], [w173,2], [174,6], [w173,6]] weak=[[w173,4], [w173,8], [w173,5], [w173,0], [w173,9], [w173,7], [w173,1], [w173,3], [w173,2], [w173,6]] (solid_wave_vertices: 10) solid=[[173,5], [173,1], [173,4], [173,2], [173,0], [173,9], [173,3], [173,6], [173,8], [173,7]] merged=[[173,6], [173,7], [173,8], [173,0], [173,3], [173,9], [173,4], [173,2], [173,5], [173,1]] --- (Vertex2)[[174,5], [w173,4], [w173,5], [174,2], [w173,0], [w173,9], [w173,7], [w173,3], [w173,2], [174,6], [174,9], [w173,6]] weak=[[w173,4], [w173,5], [w173,0], [w173,9], [w173,7], [w173,3], [w173,2], [w173,6]] (solid_wave_vertices: 8) solid=[[173,7], [173,3], [173,0], [173,2], [173,4], [173,6], [173,5], [173,9]] merged=[[173,7], [173,4], [173,5], [173,3], [173,0], [173,6], [173,9], [173,2]] --- (Vertex3)[[174,5], [w173,4], [w173,8], [w173,5], [174,2], [w173,0], [w173,9], [w173,7], [w173,3], [w173,2], [174,6], [174,9], [w173,6]] weak=[[w173,4], [w173,8], [w173,5], [w173,0], [w173,9], [w173,7], [w173,3], [w173,2], [w173,6]] (solid_wave_vertices: 9) solid=[[173,7], [173,8], [173,5], [173,3], [173,2], [173,6], [173,4], [173,0], [173,9]] merged=[[173,8], [173,0], [173,6], [173,3], [173,2], [173,4], [173,9], [173,7], [173,5]] --- (Vertex4)[[174,5], [w173,4], [w173,8], [w173,5], [174,2], [w173,0], [w173,9], [w173,7], [w173,3], [w173,2], [174,6], [174,9], [w173,6]] weak=[[w173,4], [w173,8], [w173,5], [w173,0], [w173,9], [w173,7], [w173,3], [w173,2], [w173,6]] (solid_wave_vertices: 9) solid=[[173,7], [173,4], [173,0], [173,2], [173,6], [173,3], [173,5], [173,8], [173,9]] merged=[[173,0], [173,2], [173,6], [173,7], [173,5], [173,4], [173,9], [173,3], [173,8]] --- (Vertex5)[[174,5], [w173,4], [w173,8], [w173,5], [174,2], [w173,0], [w173,9], [w173,7], [w173,3], [w173,2], [174,6], [174,9], [w173,6]] weak=[[w173,4], [w173,8], [w173,5], [w173,0], [w173,9], [w173,7], [w173,3], [w173,2], [w173,6]] (solid_wave_vertices: 9) solid=[[173,8], [173,3], [173,4], [173,9], [173,2], [173,7], [173,0], [173,5], [173,6]] merged=[[173,8], [173,7], [173,5], [173,0], [173,3], [173,4], [173,9], [173,6], [173,2]] --- (Vertex6)[[174,5], [w173,4], [w173,8], [w173,5], [174,2], [w173,0], [w173,9], [w173,7], [w173,3], [w173,2], [174,6], [174,9], [w173,6]] weak=[[w173,4], [w173,8], [w173,5], [w173,0], [w173,9], [w173,7], [w173,3], [w173,2], [w173,6]] (solid_wave_vertices: 9) solid=[[173,2], [173,8], [173,5], [173,6], [173,4], [173,0], [173,3], [173,7], [173,9]] merged=[[173,7], [173,6], [173,5], [173,0], [173,8], [173,9], [173,4], [173,3], [173,2]] --- (Vertex7)[[174,5], [w173,4], [174,7], [w173,8], [w173,5], [174,2], [w173,0], [w173,9], [w173,7], [174,8], [w173,3], [w173,2], [w173,6]] weak=[[w173,4], [w173,8], [w173,5], [w173,0], [w173,9], [w173,7], [w173,3], [w173,2], [w173,6]] (solid_wave_vertices: 9) solid=[[173,7], [173,5], [173,2], [173,6], [173,9], [173,3], [173,4], [173,8], [173,0]] merged=[[173,4], [173,0], [173,3], [173,2], [173,5], [173,9], [173,8], [173,6], [173,7]] --- (Vertex8)[[174,5], [w173,4], [174,7], [w173,8], [w173,5], [174,2], [w173,0], [w173,9], [w173,7], [174,8], [w173,3], [w173,2], [174,6], [174,9], [w173,6]] weak=[[w173,4], [w173,8], [w173,5], [w173,0], [w173,9], [w173,7], [w173,3], [w173,2], [w173,6]] (solid_wave_vertices: 9) solid=[[173,5], [173,2], [173,7], [173,4], [173,8], [173,3], [173,9], [173,0], [173,6]] merged=[[173,6], [173,4], [173,7], [173,9], [173,8], [173,2], [173,0], [173,5], [173,3]] --- (Vertex9)[[174,5], [w173,4], [w173,8], [w173,5], [174,2], [w173,0], [w173,9], [w173,7], [w173,3], [w173,2], [174,6], [174,9], [w173,6]] weak=[[w173,4], [w173,8], [w173,5], [w173,0], [w173,9], [w173,7], [w173,3], [w173,2], [w173,6]] (solid_wave_vertices: 9) solid=[[173,2], [173,5], [173,6], [173,0], [173,3], [173,7], [173,4], [173,8], [173,9]] merged=[[173,5], [173,6], [173,8], [173,4], [173,3], [173,2], [173,9], [173,0], [173,7]]
Round 176: (Vertex0)[[w174,5], [w173,4], [w174,7], [175,0], [w173,8], [w173,5], [w174,2], [w173,0], [175,8], [w173,9], [w174,0], [w173,7], [w173,1], [w174,8], [w173,3], [w174,3], [w173,2], [w174,6], [w174,4], [w174,9], [175,6], [w173,6], [175,2]] weak=[[w174,5], [w173,4], [w174,7], [w173,8], [w173,5], [w174,2], [w173,0], [w173,9], [w174,0], [w173,7], [w173,1], [w174,8], [w173,3], [w174,3], [w173,2], [w174,6], [w174,4], [w174,9], [w173,6]] (solid_wave_vertices: 10) solid=[[173,0], [173,1], [173,5], [173,9], [173,8], [173,6], [173,4], [173,2], [173,7], [173,3]] merged=[[173,6], [173,3], [173,0], [173,9], [173,1], [173,7], [173,8], [173,2], [173,4], [173,5]] --- (Vertex1)[[w174,5], [w173,4], [175,3], [w174,7], [w173,8], [w173,5], [w174,2], [w173,0], [w173,9], [w174,0], [w173,7], [w173,1], [w174,1], [w174,8], [175,4], [w173,3], [w174,3], [w173,2], [w174,6], [w174,4], [175,5], [w174,9], [175,6], [w173,6], [175,2]] weak=[[w174,5], [w173,4], [w174,7], [w173,8], [w173,5], [w174,2], [w173,0], [w173,9], [w174,0], [w173,7], [w173,1], [w174,1], [w174,8], [w173,3], [w174,3], [w173,2], [w174,6], [w174,4], [w174,9], [w173,6]] (solid_wave_vertices: 10) solid=[[173,3], [173,9], [173,2], [173,6], [173,1], [173,7], [173,0], [173,5], [173,8], [173,4]] merged=[[173,1], [173,2], [173,7], [173,0], [173,3], [173,4], [173,5], [173,9], [173,8], [173,6]] --- (Vertex2)[[w174,5], [w173,4], [175,3], [w174,7], [w173,8], [w173,5], [w174,2], [w173,0], [w173,9], [w173,7], [w173,1], [w174,8], [175,4], [w173,3], [w174,3], [w173,2], [w174,6], [w174,4], [175,5], [w174,9], [175,6], [w173,6], [175,2]] weak=[[w174,5], [w173,4], [w174,7], [w173,8], [w173,5], [w174,2], [w173,0], [w173,9], [w173,7], [w173,1], [w174,8], [w173,3], [w174,3], [w173,2], [w174,6], [w174,4], [w174,9], [w173,6]] (solid_wave_vertices: 10) solid=[[173,6], [173,0], [173,7], [173,5], [173,9], [173,1], [173,2], [173,4], [173,8], [173,3]] merged=[[173,0], [173,5], [173,9], [173,2], [173,1], [173,6], [173,7], [173,3], [173,4], [173,8]] --- (Vertex3)[[w174,5], [w173,4], [175,3], [w174,7], [w173,8], [w173,5], [w174,2], [w173,0], [w173,9], [w173,7], [w173,1], [w174,8], [175,4], [w173,3], [w174,3], [w173,2], [w174,6], [w174,4], [175,5], [w174,9], [175,9], [175,6], [w173,6], [175,2]] weak=[[w174,5], [w173,4], [w174,7], [w173,8], [w173,5], [w174,2], [w173,0], [w173,9], [w173,7], [w173,1], [w174,8], [w173,3], [w174,3], [w173,2], [w174,6], [w174,4], [w174,9], [w173,6]] (solid_wave_vertices: 10) solid=[[173,2], [173,4], [173,9], [173,7], [173,3], [173,8], [173,6], [173,0], [173,5], [173,1]] merged=[[173,3], [173,0], [173,4], [173,2], [173,5], [173,6], [173,8], [173,9], [173,7], [173,1]] --- (Vertex4)[[w174,5], [w173,4], [175,3], [w174,7], [w173,8], [w173,5], [w174,2], [w173,0], [w173,9], [w173,7], [w173,1], [w174,8], [175,4], [w173,3], [w174,3], [w173,2], [w174,6], [w174,4], [175,5], [w174,9], [175,9], [175,6], [w173,6], [175,2]] weak=[[w174,5], [w173,4], [w174,7], [w173,8], [w173,5], [w174,2], [w173,0], [w173,9], [w173,7], [w173,1], [w174,8], [w173,3], [w174,3], [w173,2], [w174,6], [w174,4], [w174,9], [w173,6]] (solid_wave_vertices: 10) solid=[[173,2], [173,4], [173,0], [173,8], [173,1], [173,9], [173,5], [173,6], [173,3], [173,7]] merged=[[173,6], [173,5], [173,8], [173,4], [173,2], [173,1], [173,0], [173,7], [173,3], [173,9]] --- (Vertex5)[[w174,5], [w173,4], [175,3], [w174,7], [w173,8], [w173,5], [w174,2], [w173,0], [w173,9], [w173,7], [w173,1], [w174,8], [175,4], [w173,3], [w174,3], [w173,2], [w174,6], [w174,4], [175,5], [w174,9], [175,9], [175,6], [w173,6], [175,2]] weak=[[w174,5], [w173,4], [w174,7], [w173,8], [w173,5], [w174,2], [w173,0], [w173,9], [w173,7], [w173,1], [w174,8], [w173,3], [w174,3], [w173,2], [w174,6], [w174,4], [w174,9], [w173,6]] (solid_wave_vertices: 10) solid=[[173,4], [173,7], [173,2], [173,6], [173,3], [173,9], [173,0], [173,1], [173,5], [173,8]] merged=[[173,1], [173,7], [173,9], [173,4], [173,2], [173,8], [173,0], [173,5], [173,3], [173,6]] --- (Vertex6)[[w174,5], [w173,4], [175,3], [w174,7], [w173,8], [w173,5], [w174,2], [w173,0], [w173,9], [w173,7], [w173,1], [w174,8], [175,4], [w173,3], [w174,3], [w173,2], [w174,6], [w174,4], [175,5], [w174,9], [175,9], [175,6], [w173,6], [175,2]] weak=[[w174,5], [w173,4], [w174,7], [w173,8], [w173,5], [w174,2], [w173,0], [w173,9], [w173,7], [w173,1], [w174,8], [w173,3], [w174,3], [w173,2], [w174,6], [w174,4], [w174,9], [w173,6]] (solid_wave_vertices: 10) solid=[[173,3], [173,2], [173,8], [173,1], [173,9], [173,0], [173,6], [173,5], [173,4], [173,7]] merged=[[173,1], [173,5], [173,4], [173,8], [173,6], [173,0], [173,7], [173,2], [173,9], [173,3]] --- (Vertex7)[[w174,5], [w173,4], [175,3], [w174,7], [175,0], [w173,8], [w173,5], [w174,2], [w173,0], [175,8], [w173,9], [w174,0], [w173,7], [w173,1], [w174,8], [w173,3], [w174,3], [w173,2], [w174,6], [w174,4], [175,5], [w174,9], [175,6], [w173,6]] weak=[[w174,5], [w173,4], [w174,7], [w173,8], [w173,5], [w174,2], [w173,0], [w173,9], [w174,0], [w173,7], [w173,1], [w174,8], [w173,3], [w174,3], [w173,2], [w174,6], [w174,4], [w174,9], [w173,6]] (solid_wave_vertices: 10) solid=[[173,5], [173,8], [173,4], [173,2], [173,1], [173,9], [173,0], [173,6], [173,7], [173,3]] merged=[[173,3], [173,8], [173,2], [173,7], [173,6], [173,9], [173,0], [173,5], [173,4], [173,1]] --- (Vertex8)[[w174,5], [w173,4], [w174,7], [175,0], [w173,8], [w173,5], [w174,2], [w173,0], [175,8], [w173,9], [w174,0], [w173,7], [w173,1], [w174,8], [175,4], [w173,3], [w174,3], [w173,2], [w174,6], [w174,4], [175,5], [w174,9], [w173,6]] weak=[[w174,5], [w173,4], [w174,7], [w173,8], [w173,5], [w174,2], [w173,0], [w173,9], [w174,0], [w173,7], [w173,1], [w174,8], [w173,3], [w174,3], [w173,2], [w174,6], [w174,4], [w174,9], [w173,6]] (solid_wave_vertices: 10) solid=[[173,6], [173,3], [173,9], [173,8], [173,1], [173,0], [173,5], [173,4], [173,2], [173,7]] merged=[[173,2], [173,8], [173,4], [173,1], [173,5], [173,0], [173,7], [173,6], [173,3], [173,9]] --- (Vertex9)[[w174,5], [w173,4], [175,3], [w174,7], [w173,8], [w173,5], [w174,2], [w173,0], [w173,9], [w174,0], [w173,7], [w173,1], [w174,8], [175,4], [w173,3], [w174,3], [w173,2], [w174,6], [w174,4], [175,5], [w174,9], [175,9], [175,6], [w173,6], [175,2]] weak=[[w174,5], [w173,4], [w174,7], [w173,8], [w173,5], [w174,2], [w173,0], [w173,9], [w174,0], [w173,7], [w173,1], [w174,8], [w173,3], [w174,3], [w173,2], [w174,6], [w174,4], [w174,9], [w173,6]] (solid_wave_vertices: 10) solid=[[173,6], [173,4], [173,5], [173,0], [173,9], [173,1], [173,3], [173,7], [173,2], [173,8]] merged=[[173,3], [173,2], [173,5], [173,9], [173,6], [173,0], [173,7], [173,1], [173,4], [173,8]]
Round 177: (Vertex0)[[w174,5], [176,6], [w173,4], [176,0], [w175,3], [w175,7], [w174,7], [w175,0], [176,7], [w173,8], [w173,5], [w174,2], [w173,0], [w175,8], [176,4], [w173,9], [w174,0], [176,8], [w173,7], [w173,1], [w174,1], [w174,8], [w175,4], [w173,3], [w174,3], [w173,2], [w174,6], [w174,4], [w175,5], [w174,9], [w175,9], [176,3], [w175,6], [w173,6], [w175,2]] weak=[[w174,5], [w173,4], [w175,3], [w175,7], [w174,7], [w175,0], [w173,8], [w173,5], [w174,2], [w173,0], [w175,8], [w173,9], [w174,0], [w173,7], [w173,1], [w174,1], [w174,8], [w175,4], [w173,3], [w174,3], [w173,2], [w174,6], [w174,4], [w175,5], [w174,9], [w175,9], [w175,6], [w173,6], [w175,2]] (solid_wave_vertices: 10) solid=[[173,0], [173,7], [173,4], [173,3], [173,1], [173,5], [173,2], [173,9], [173,8], [173,6]] merged=[[177,0]] --- (Vertex1)[[w174,5], [176,6], [w173,4], [w175,3], [w175,7], [w174,7], [w175,0], [w173,8], [w173,5], [w174,2], [w173,0], [w175,8], [176,4], [w173,9], [w174,0], [w173,7], [w173,1], [w174,1], [w175,1], [w174,8], [w175,4], [w173,3], [w174,3], [w173,2], [w174,6], [w174,4], [w175,5], [w174,9], [w175,9], [176,3], [w175,6], [w173,6], [w175,2]] weak=[[w174,5], [w173,4], [w175,3], [w175,7], [w174,7], [w175,0], [w173,8], [w173,5], [w174,2], [w173,0], [w175,8], [w173,9], [w174,0], [w173,7], [w173,1], [w174,1], [w175,1], [w174,8], [w175,4], [w173,3], [w174,3], [w173,2], [w174,6], [w174,4], [w175,5], [w174,9], [w175,9], [w175,6], [w173,6], [w175,2]] (solid_wave_vertices: 10) solid=[[173,1], [173,7], [173,5], [173,3], [173,9], [173,0], [173,8], [173,6], [173,2], [173,4]] merged=[[177,1]] --- (Vertex2)[[w174,5], [176,6], [w173,4], [w175,3], [w174,7], [w175,0], [w173,8], [w173,5], [w174,2], [w173,0], [w175,8], [176,4], [w173,9], [w174,0], [w173,7], [w173,1], [w174,8], [w175,4], [w173,3], [w174,3], [w173,2], [w174,6], [w174,4], [w175,5], [w174,9], [w175,9], [176,3], [w175,6], [w173,6], [w175,2]] weak=[[w174,5], [w173,4], [w175,3], [w174,7], [w175,0], [w173,8], [w173,5], [w174,2], [w173,0], [w175,8], [w173,9], [w174,0], [w173,7], [w173,1], [w174,8], [w175,4], [w173,3], [w174,3], [w173,2], [w174,6], [w174,4], [w175,5], [w174,9], [w175,9], [w175,6], [w173,6], [w175,2]] (solid_wave_vertices: 10) solid=[[173,7], [173,0], [173,1], [173,4], [173,2], [173,5], [173,6], [173,9], [173,8], [173,3]] merged=[[177,2]] --- (Vertex3)[[w174,5], [176,6], [w173,4], [w175,3], [w174,7], [w175,0], [w173,8], [w173,5], [w174,2], [w173,0], [w175,8], [176,4], [w173,9], [w174,0], [w173,7], [w173,1], [w174,8], [w175,4], [w173,3], [w174,3], [w173,2], [w174,6], [w174,4], [w175,5], [w174,9], [w175,9], [176,3], [w175,6], [w173,6], [w175,2]] weak=[[w174,5], [w173,4], [w175,3], [w174,7], [w175,0], [w173,8], [w173,5], [w174,2], [w173,0], [w175,8], [w173,9], [w174,0], [w173,7], [w173,1], [w174,8], [w175,4], [w173,3], [w174,3], [w173,2], [w174,6], [w174,4], [w175,5], [w174,9], [w175,9], [w175,6], [w173,6], [w175,2]] (solid_wave_vertices: 10) solid=[[173,0], [173,4], [173,2], [173,7], [173,1], [173,8], [173,9], [173,3], [173,6], [173,5]] merged=[[177,3]] --- (Vertex4)[[w174,5], [176,6], [w173,4], [w175,3], [w174,7], [w175,0], [w173,8], [w173,5], [w174,2], [w173,0], [w175,8], [176,4], [w173,9], [w174,0], [w173,7], [w173,1], [w174,1], [w174,8], [w175,4], [w173,3], [w174,3], [w173,2], [w174,6], [w174,4], [w175,5], [w174,9], [w175,9], [176,3], [w175,6], [w173,6], [w175,2]] weak=[[w174,5], [w173,4], [w175,3], [w174,7], [w175,0], [w173,8], [w173,5], [w174,2], [w173,0], [w175,8], [w173,9], [w174,0], [w173,7], [w173,1], [w174,1], [w174,8], [w175,4], [w173,3], [w174,3], [w173,2], [w174,6], [w174,4], [w175,5], [w174,9], [w175,9], [w175,6], [w173,6], [w175,2]] (solid_wave_vertices: 10) solid=[[173,8], [173,3], [173,7], [173,2], [173,0], [173,5], [173,4], [173,1], [173,9], [173,6]] merged=[[177,4]] --- (Vertex5)[[w174,5], [176,6], [w173,4], [w175,3], [w174,7], [w175,0], [w173,8], [w173,5], [w174,2], [w173,0], [w175,8], [176,4], [w173,9], [w174,0], [w173,7], [w173,1], [w174,8], [w175,4], [w173,3], [w174,3], [w173,2], [w174,6], [w174,4], [w175,5], [w174,9], [w175,9], [176,3], [w175,6], [w173,6], [w175,2]] weak=[[w174,5], [w173,4], [w175,3], [w174,7], [w175,0], [w173,8], [w173,5], [w174,2], [w173,0], [w175,8], [w173,9], [w174,0], [w173,7], [w173,1], [w174,8], [w175,4], [w173,3], [w174,3], [w173,2], [w174,6], [w174,4], [w175,5], [w174,9], [w175,9], [w175,6], [w173,6], [w175,2]] (solid_wave_vertices: 10) solid=[[173,7], [173,5], [173,8], [173,2], [173,9], [173,3], [173,0], [173,1], [173,6], [173,4]] merged=[[177,5]] --- (Vertex6)[[w174,5], [176,6], [w173,4], [w175,3], [w174,7], [w175,0], [w173,8], [w173,5], [w174,2], [w173,0], [w175,8], [176,4], [w173,9], [w174,0], [w173,7], [w173,1], [w174,1], [w174,8], [w175,4], [w173,3], [w174,3], [w173,2], [w174,6], [w174,4], [w175,5], [w174,9], [w175,9], [176,3], [w175,6], [w173,6], [w175,2]] weak=[[w174,5], [w173,4], [w175,3], [w174,7], [w175,0], [w173,8], [w173,5], [w174,2], [w173,0], [w175,8], [w173,9], [w174,0], [w173,7], [w173,1], [w174,1], [w174,8], [w175,4], [w173,3], [w174,3], [w173,2], [w174,6], [w174,4], [w175,5], [w174,9], [w175,9], [w175,6], [w173,6], [w175,2]] (solid_wave_vertices: 10) solid=[[173,7], [173,4], [173,9], [173,2], [173,3], [173,8], [173,6], [173,5], [173,1], [173,0]] merged=[[177,6]] --- (Vertex7)[[w174,5], [w173,4], [176,0], [w175,3], [w175,7], [w174,7], [w175,0], [176,7], [w173,8], [w173,5], [w174,2], [w173,0], [w175,8], [176,4], [w173,9], [w174,0], [w173,7], [w173,1], [w174,1], [w174,8], [w175,4], [w173,3], [w174,3], [w173,2], [w174,6], [w174,4], [w175,5], [w174,9], [w175,9], [176,3], [w175,6], [w173,6], [w175,2]] weak=[[w174,5], [w173,4], [w175,3], [w175,7], [w174,7], [w175,0], [w173,8], [w173,5], [w174,2], [w173,0], [w175,8], [w173,9], [w174,0], [w173,7], [w173,1], [w174,1], [w174,8], [w175,4], [w173,3], [w174,3], [w173,2], [w174,6], [w174,4], [w175,5], [w174,9], [w175,9], [w175,6], [w173,6], [w175,2]] (solid_wave_vertices: 10) solid=[[173,2], [173,0], [173,6], [173,5], [173,8], [173,3], [173,4], [173,7], [173,1], [173,9]] merged=[[177,7]] --- (Vertex8)[[w174,5], [w173,4], [176,0], [w175,3], [w175,7], [w174,7], [w175,0], [176,7], [w173,8], [w173,5], [w174,2], [w173,0], [w175,8], [176,4], [w173,9], [w174,0], [176,8], [w173,7], [w173,1], [w174,1], [w174,8], [w175,4], [w173,3], [w174,3], [w173,2], [w174,6], [w174,4], [w175,5], [w174,9], [w175,9], [176,3], [w175,6], [w173,6], [w175,2]] weak=[[w174,5], [w173,4], [w175,3], [w175,7], [w174,7], [w175,0], [w173,8], [w173,5], [w174,2], [w173,0], [w175,8], [w173,9], [w174,0], [w173,7], [w173,1], [w174,1], [w174,8], [w175,4], [w173,3], [w174,3], [w173,2], [w174,6], [w174,4], [w175,5], [w174,9], [w175,9], [w175,6], [w173,6], [w175,2]] (solid_wave_vertices: 10) solid=[[173,9], [173,5], [173,3], [173,8], [173,2], [173,7], [173,1], [173,4], [173,6], [173,0]] merged=[[177,8]] --- (Vertex9)[[w174,5], [176,6], [w173,4], [176,5], [w175,3], [w175,7], [w174,7], [w175,0], [w173,8], [w173,5], [w174,2], [w173,0], [w175,8], [176,4], [w173,9], [w174,0], [w173,7], [w173,1], [w174,1], [w174,8], [176,2], [w175,4], [w173,3], [w174,3], [w173,2], [w174,6], [w174,4], [w175,5], [w174,9], [w175,9], [176,3], [w175,6], [w173,6], [w175,2]] weak=[[w174,5], [w173,4], [w175,3], [w175,7], [w174,7], [w175,0], [w173,8], [w173,5], [w174,2], [w173,0], [w175,8], [w173,9], [w174,0], [w173,7], [w173,1], [w174,1], [w174,8], [w175,4], [w173,3], [w174,3], [w173,2], [w174,6], [w174,4], [w175,5], [w174,9], [w175,9], [w175,6], [w173,6], [w175,2]] (solid_wave_vertices: 10) solid=[[173,2], [173,4], [173,6], [173,5], [173,0], [173,3], [173,1], [173,8], [173,9], [173,7]] merged=[[177,9]]
Round 178: (Vertex0)[[177,5], [177,2], [177,3], [177,7]] (solid_wave_vertices: 4) solid=[[177,7], [177,5], [177,2], [177,3]] merged=[[177,7], [177,3], [177,5], [177,2]] --- (Vertex1)[[177,5], [177,2], [177,3], [177,7]] (solid_wave_vertices: 4) solid=[[177,7], [177,5], [177,2], [177,3]] merged=[[177,7], [177,5], [177,3], [177,2]] --- (Vertex2)[[177,5], [177,6], [177,2], [177,3]] (solid_wave_vertices: 4) solid=[[177,2], [177,6], [177,5], [177,3]] merged=[[177,5], [177,2], [177,6], [177,3]] --- (Vertex3)[[177,5], [177,6], [177,2], [177,3]] (solid_wave_vertices: 4) solid=[[177,2], [177,6], [177,5], [177,3]] merged=[[177,2], [177,5], [177,6], [177,3]] --- (Vertex4)[[177,5], [177,6], [177,2], [177,3]] (solid_wave_vertices: 4) solid=[[177,2], [177,6], [177,5], [177,3]] merged=[[177,6], [177,2], [177,5], [177,3]] --- (Vertex5)[[177,5], [177,6], [177,2], [177,3]] (solid_wave_vertices: 4) solid=[[177,3], [177,2], [177,6], [177,5]] merged=[[177,6], [177,2], [177,3], [177,5]] --- (Vertex6)[[177,5], [177,6], [177,2], [177,3]] (solid_wave_vertices: 4) solid=[[177,3], [177,5], [177,6], [177,2]] merged=[[177,6], [177,5], [177,3], [177,2]] --- (Vertex7)[[177,5], [177,2], [177,3], [177,7]] (solid_wave_vertices: 4) solid=[[177,2], [177,5], [177,3], [177,7]] merged=[[177,5], [177,2], [177,7], [177,3]] --- (Vertex8)[[177,5], [177,2], [177,3], [177,7]] (solid_wave_vertices: 4) solid=[[177,7], [177,5], [177,2], [177,3]] merged=[[177,3], [177,7], [177,5], [177,2]] --- (Vertex9)[[177,5], [177,6], [177,2], [177,3]] (solid_wave_vertices: 4) solid=[[177,5], [177,6], [177,2], [177,3]] merged=[[177,2], [177,6], [177,3], [177,5]]
Round 179: (Vertex0)[[w177,5], [178,9], [178,7], [w177,6], [178,3], [w177,9], [w177,8], [w177,2], [w177,3], [w177,0], [178,0], [178,8], [w177,7], [w177,4]] weak=[[w177,5], [w177,6], [w177,9], [w177,8], [w177,2], [w177,3], [w177,0], [w177,7], [w177,4]] (solid_wave_vertices: 9) solid=[[177,9], [177,5], [177,0], [177,7], [177,2], [177,4], [177,3], [177,6], [177,8]] merged=[[177,6], [177,5], [177,8], [177,0], [177,7], [177,9], [177,3], [177,2], [177,4]] --- (Vertex1)[[w177,5], [178,9], [178,5], [w177,6], [178,3], [w177,9], [w177,8], [w177,2], [w177,3], [w177,0], [w177,7], [w177,4], [178,6]] weak=[[w177,5], [w177,6], [w177,9], [w177,8], [w177,2], [w177,3], [w177,0], [w177,7], [w177,4]] (solid_wave_vertices: 9) solid=[[177,9], [177,2], [177,5], [177,7], [177,0], [177,4], [177,8], [177,3], [177,6]] merged=[[177,6], [177,2], [177,4], [177,9], [177,0], [177,3], [177,5], [177,7], [177,8]] --- (Vertex2)[[w177,5], [178,9], [178,5], [w177,6], [178,3], [w177,9], [w177,8], [w177,2], [w177,3], [w177,0], [w177,7], [w177,4], [178,6]] weak=[[w177,5], [w177,6], [w177,9], [w177,8], [w177,2], [w177,3], [w177,0], [w177,7], [w177,4]] (solid_wave_vertices: 9) solid=[[177,2], [177,0], [177,4], [177,8], [177,9], [177,6], [177,7], [177,3], [177,5]] merged=[[177,0], [177,4], [177,7], [177,2], [177,6], [177,5], [177,3], [177,9], [177,8]] --- (Vertex3)[[w177,5], [178,9], [178,5], [w177,6], [178,3], [w177,9], [w177,8], [w177,2], [w177,3], [w177,0], [w177,7], [w177,4], [178,6]] weak=[[w177,5], [w177,6], [w177,9], [w177,8], [w177,2], [w177,3], [w177,0], [w177,7], [w177,4]] (solid_wave_vertices: 9) solid=[[177,4], [177,6], [177,0], [177,8], [177,5], [177,3], [177,7], [177,9], [177,2]] merged=[[177,2], [177,5], [177,8], [177,3], [177,4], [177,0], [177,6], [177,9], [177,7]] --- (Vertex4)[[w177,5], [178,9], [178,5], [w177,6], [178,3], [w177,9], [w177,2], [w177,3], [w177,0], [w177,7], [w177,4], [178,6]] weak=[[w177,5], [w177,6], [w177,9], [w177,2], [w177,3], [w177,0], [w177,7], [w177,4]] (solid_wave_vertices: 8) solid=[[177,6], [177,3], [177,4], [177,7], [177,2], [177,9], [177,0], [177,5]] merged=[[177,0], [177,9], [177,7], [177,3], [177,4], [177,5], [177,6], [177,2]] --- (Vertex5)[[w177,5], [178,9], [178,5], [w177,6], [178,3], [w177,9], [w177,8], [w177,2], [w177,3], [w177,0], [w177,7], [w177,4], [178,6]] weak=[[w177,5], [w177,6], [w177,9], [w177,8], [w177,2], [w177,3], [w177,0], [w177,7], [w177,4]] (solid_wave_vertices: 9) solid=[[177,8], [177,5], [177,0], [177,9], [177,6], [177,4], [177,3], [177,7], [177,2]] merged=[[177,3], [177,2], [177,5], [177,0], [177,9], [177,8], [177,6], [177,4], [177,7]] --- (Vertex6)[[w177,5], [178,9], [178,5], [w177,6], [178,3], [w177,9], [w177,2], [w177,3], [w177,0], [w177,7], [w177,4], [178,6]] weak=[[w177,5], [w177,6], [w177,9], [w177,2], [w177,3], [w177,0], [w177,7], [w177,4]] (solid_wave_vertices: 8) solid=[[177,2], [177,4], [177,5], [177,0], [177,7], [177,9], [177,6], [177,3]] merged=[[177,9], [177,7], [177,4], [177,3], [177,2], [177,5], [177,0], [177,6]] --- (Vertex7)[[w177,5], [178,9], [178,7], [w177,6], [178,3], [w177,9], [w177,8], [w177,2], [w177,3], [w177,0], [178,0], [178,8], [w177,7], [w177,4]] weak=[[w177,5], [w177,6], [w177,9], [w177,8], [w177,2], [w177,3], [w177,0], [w177,7], [w177,4]] (solid_wave_vertices: 9) solid=[[177,0], [177,9], [177,2], [177,6], [177,8], [177,3], [177,5], [177,4], [177,7]] merged=[[177,4], [177,0], [177,8], [177,2], [177,6], [177,7], [177,3], [177,5], [177,9]] --- (Vertex8)[[w177,5], [178,9], [178,7], [w177,6], [178,3], [w177,9], [w177,8], [w177,2], [w177,3], [w177,0], [178,0], [178,8], [w177,7], [w177,4]] weak=[[w177,5], [w177,6], [w177,9], [w177,8], [w177,2], [w177,3], [w177,0], [w177,7], [w177,4]] (solid_wave_vertices: 9) solid=[[177,0], [177,2], [177,5], [177,8], [177,4], [177,9], [177,3], [177,6], [177,7]] merged=[[177,8], [177,9], [177,2], [177,4], [177,7], [177,0], [177,3], [177,6], [177,5]] --- (Vertex9)[[w177,5], [178,9], [178,5], [w177,6], [178,3], [w177,9], [w177,8], [w177,2], [w177,3], [w177,0], [w177,7], [w177,4], [178,6]] weak=[[w177,5], [w177,6], [w177,9], [w177,8], [w177,2], [w177,3], [w177,0], [w177,7], [w177,4]] (solid_wave_vertices: 9) solid=[[177,7], [177,5], [177,3], [177,9], [177,2], [177,8], [177,4], [177,0], [177,6]] merged=[[177,0], [177,3], [177,9], [177,7], [177,8], [177,2], [177,5], [177,4], [177,6]]
Round 180: (Vertex0)[[w177,5], [w178,9], [w178,7], [w178,5], [w177,6], [w178,3], [w177,9], [w177,8], [w177,2], [w177,3], [w177,0], [179,2], [w178,2], [179,8], [w178,0], [179,7], [w178,8], [179,0], [w177,7], [w178,4], [w177,4], [w178,6]] weak=[[w177,5], [w178,9], [w178,7], [w178,5], [w177,6], [w178,3], [w177,9], [w177,8], [w177,2], [w177,3], [w177,0], [w178,2], [w178,0], [w178,8], [w177,7], [w178,4], [w177,4], [w178,6]] (solid_wave_vertices: 9) solid=[[177,8], [177,4], [177,5], [177,7], [177,3], [177,0], [177,2], [177,9], [177,6]] merged=[[177,3], [177,7], [177,0], [177,9], [177,6], [177,4], [177,2], [177,5], [177,8]] --- (Vertex1)[[w177,5], [w178,9], [w178,7], [w178,5], [w177,6], [w178,3], [w177,9], [w178,1], [w177,1], [w177,8], [w177,2], [w177,3], [w177,0], [w178,2], [w178,0], [179,3], [179,7], [w178,8], [179,5], [w177,7], [w178,4], [w177,4], [179,4], [w178,6]] weak=[[w177,5], [w178,9], [w178,7], [w178,5], [w177,6], [w178,3], [w177,9], [w178,1], [w177,1], [w177,8], [w177,2], [w177,3], [w177,0], [w178,2], [w178,0], [w178,8], [w177,7], [w178,4], [w177,4], [w178,6]] (solid_wave_vertices: 10) solid=[[177,7], [177,1], [177,2], [177,0], [177,5], [177,3], [177,8], [177,4], [177,6], [177,9]] merged=[[177,4], [177,0], [177,8], [177,6], [177,5], [177,3], [177,9], [177,2], [177,1], [177,7]] --- (Vertex2)[[w177,5], [w178,9], [w178,7], [w178,5], [w177,6], [w178,3], [w177,9], [w177,8], [w177,2], [w177,3], [w177,0], [179,2], [w178,2], [w178,0], [179,3], [w178,8], [179,5], [w177,7], [w178,4], [w177,4], [179,4], [w178,6]] weak=[[w177,5], [w178,9], [w178,7], [w178,5], [w177,6], [w178,3], [w177,9], [w177,8], [w177,2], [w177,3], [w177,0], [w178,2], [w178,0], [w178,8], [w177,7], [w178,4], [w177,4], [w178,6]] (solid_wave_vertices: 9) solid=[[177,6], [177,9], [177,8], [177,4], [177,0], [177,7], [177,5], [177,2], [177,3]] merged=[[177,4], [177,0], [177,6], [177,5], [177,8], [177,3], [177,2], [177,9], [177,7]] --- (Vertex3)[[w177,5], [w178,9], [w178,7], [w178,5], [w177,6], [w178,3], [w177,9], [w177,8], [w177,2], [w177,3], [w177,0], [179,2], [w178,2], [w178,0], [179,3], [w178,8], [179,5], [w177,7], [w178,4], [w177,4], [179,4], [w178,6]] weak=[[w177,5], [w178,9], [w178,7], [w178,5], [w177,6], [w178,3], [w177,9], [w177,8], [w177,2], [w177,3], [w177,0], [w178,2], [w178,0], [w178,8], [w177,7], [w178,4], [w177,4], [w178,6]] (solid_wave_vertices: 9) solid=[[177,3], [177,0], [177,9], [177,6], [177,4], [177,8], [177,5], [177,2], [177,7]] merged=[[177,5], [177,4], [177,2], [177,9], [177,0], [177,6], [177,3], [177,8], [177,7]] --- (Vertex4)[[w177,5], [w178,9], [w178,7], [w178,5], [w177,6], [w178,3], [w177,9], [w177,8], [w177,2], [w177,3], [w177,0], [179,2], [w178,2], [w178,0], [179,3], [w178,8], [179,5], [w177,7], [w178,4], [w177,4], [179,4], [w178,6]] weak=[[w177,5], [w178,9], [w178,7], [w178,5], [w177,6], [w178,3], [w177,9], [w177,8], [w177,2], [w177,3], [w177,0], [w178,2], [w178,0], [w178,8], [w177,7], [w178,4], [w177,4], [w178,6]] (solid_wave_vertices: 9) solid=[[177,6], [177,0], [177,8], [177,2], [177,7], [177,9], [177,4], [177,3], [177,5]] merged=[[177,3], [177,8], [177,0], [177,9], [177,2], [177,4], [177,5], [177,7], [177,6]] --- (Vertex5)[[w177,5], [w178,9], [w178,7], [w178,5], [w177,6], [w178,3], [w177,9], [w177,8], [w177,2], [w177,3], [w177,0], [179,2], [w178,2], [w178,0], [179,3], [w178,8], [179,5], [w177,7], [w178,4], [w177,4], [179,4], [w178,6]] weak=[[w177,5], [w178,9], [w178,7], [w178,5], [w177,6], [w178,3], [w177,9], [w177,8], [w177,2], [w177,3], [w177,0], [w178,2], [w178,0], [w178,8], [w177,7], [w178,4], [w177,4], [w178,6]] (solid_wave_vertices: 9) solid=[[177,2], [177,6], [177,7], [177,3], [177,5], [177,4], [177,0], [177,8], [177,9]] merged=[[177,7], [177,0], [177,8], [177,5], [177,4], [177,2], [177,9], [177,6], [177,3]] --- (Vertex6)[[w177,5], [w178,9], [w178,7], [w178,5], [w177,6], [w178,3], [w177,9], [w177,8], [w177,2], [w177,3], [w177,0], [179,2], [w178,2], [w178,0], [179,3], [w178,8], [179,5], [w177,7], [w178,4], [w177,4], [179,4], [w178,6]] weak=[[w177,5], [w178,9], [w178,7], [w178,5], [w177,6], [w178,3], [w177,9], [w177,8], [w177,2], [w177,3], [w177,0], [w178,2], [w178,0], [w178,8], [w177,7], [w178,4], [w177,4], [w178,6]] (solid_wave_vertices: 9) solid=[[177,2], [177,4], [177,7], [177,6], [177,0], [177,9], [177,5], [177,3], [177,8]] merged=[[177,3], [177,5], [177,7], [177,0], [177,4], [177,8], [177,9], [177,6], [177,2]] --- (Vertex7)[[w177,5], [w178,9], [w178,7], [w178,5], [w177,6], [w178,3], [w177,9], [w177,8], [w177,2], [w177,3], [w177,0], [w178,2], [179,8], [w178,0], [179,3], [179,7], [w178,8], [179,5], [179,0], [w177,7], [w178,4], [w177,4], [179,4], [w178,6]] weak=[[w177,5], [w178,9], [w178,7], [w178,5], [w177,6], [w178,3], [w177,9], [w177,8], [w177,2], [w177,3], [w177,0], [w178,2], [w178,0], [w178,8], [w177,7], [w178,4], [w177,4], [w178,6]] (solid_wave_vertices: 9) solid=[[177,5], [177,6], [177,4], [177,7], [177,3], [177,8], [177,0], [177,2], [177,9]] merged=[[177,9], [177,0], [177,5], [177,2], [177,7], [177,4], [177,8], [177,6], [177,3]] --- (Vertex8)[[w177,5], [w178,9], [w178,7], [w178,5], [w177,6], [w178,3], [w177,9], [w177,8], [w177,2], [w177,3], [w177,0], [179,2], [w178,2], [179,8], [w178,0], [179,3], [179,7], [w178,8], [179,5], [179,0], [w177,7], [w178,4], [w177,4], [w178,6]] weak=[[w177,5], [w178,9], [w178,7], [w178,5], [w177,6], [w178,3], [w177,9], [w177,8], [w177,2], [w177,3], [w177,0], [w178,2], [w178,0], [w178,8], [w177,7], [w178,4], [w177,4], [w178,6]] (solid_wave_vertices: 9) solid=[[177,2], [177,3], [177,6], [177,8], [177,9], [177,0], [177,7], [177,4], [177,5]] merged=[[177,7], [177,5], [177,6], [177,2], [177,4], [177,8], [177,9], [177,3], [177,0]] --- (Vertex9)[[w177,5], [w178,9], [w178,7], [w178,5], [w177,6], [w178,3], [w177,9], [w177,8], [w177,2], [w177,3], [w177,0], [179,2], [w178,2], [w178,0], [179,3], [w178,8], [179,5], [w177,7], [w178,4], [w177,4], [179,4], [w178,6]] weak=[[w177,5], [w178,9], [w178,7], [w178,5], [w177,6], [w178,3], [w177,9], [w177,8], [w177,2], [w177,3], [w177,0], [w178,2], [w178,0], [w178,8], [w177,7], [w178,4], [w177,4], [w178,6]] (solid_wave_vertices: 9) solid=[[177,5], [177,3], [177,6], [177,0], [177,9], [177,4], [177,8], [177,2], [177,7]] merged=[[177,3], [177,2], [177,9], [177,7], [177,8], [177,4], [177,6], [177,0], [177,5]]
Round 181: (Vertex0)[[w177,5], [w178,9], [180,7], [w178,7], [w179,9], [w178,5], [w179,6], [w177,6], [w178,3], [w177,9], [w178,1], [180,8], [w177,1], [w177,8], [w177,2], [180,0], [w177,3], [w177,0], [w179,2], [w178,2], [180,6], [w179,8], [w178,0], [w179,3], [w179,7], [w178,8], [w179,5], [w179,0], [180,9], [w177,7], [w178,4], [w177,4], [w179,4], [w178,6]] weak=[[w177,5], [w178,9], [w178,7], [w179,9], [w178,5], [w179,6], [w177,6], [w178,3], [w177,9], [w178,1], [w177,1], [w177,8], [w177,2], [w177,3], [w177,0], [w179,2], [w178,2], [w179,8], [w178,0], [w179,3], [w179,7], [w178,8], [w179,5], [w179,0], [w177,7], [w178,4], [w177,4], [w179,4], [w178,6]] (solid_wave_vertices: 10) solid=[[177,2], [177,9], [177,6], [177,8], [177,5], [177,0], [177,4], [177,7], [177,3], [177,1]] merged=[[181,0]] --- (Vertex1)[[w177,5], [w178,9], [180,2], [180,7], [w179,1], [w178,7], [w179,9], [w178,5], [w179,6], [180,4], [w177,6], [w178,3], [w177,9], [w178,1], [180,8], [w177,1], [w177,8], [w177,2], [180,0], [w177,3], [w177,0], [w179,2], [w178,2], [180,6], [w179,8], [w178,0], [w179,3], [w179,7], [w178,8], [w179,5], [w179,0], [w177,7], [w178,4], [w177,4], [180,5], [180,3], [w179,4], [w178,6]] weak=[[w177,5], [w178,9], [w179,1], [w178,7], [w179,9], [w178,5], [w179,6], [w177,6], [w178,3], [w177,9], [w178,1], [w177,1], [w177,8], [w177,2], [w177,3], [w177,0], [w179,2], [w178,2], [w179,8], [w178,0], [w179,3], [w179,7], [w178,8], [w179,5], [w179,0], [w177,7], [w178,4], [w177,4], [w179,4], [w178,6]] (solid_wave_vertices: 10) solid=[[177,3], [177,6], [177,5], [177,7], [177,2], [177,4], [177,0], [177,8], [177,9], [177,1]] merged=[[181,1]] --- (Vertex2)[[w177,5], [w178,9], [180,2], [w178,7], [w179,9], [w178,5], [w179,6], [180,4], [w177,6], [w178,3], [w177,9], [w177,1], [w177,8], [w177,2], [w177,3], [w177,0], [w179,2], [w178,2], [180,6], [w179,8], [w178,0], [w179,3], [w179,7], [w178,8], [w179,5], [w179,0], [180,9], [w177,7], [w178,4], [w177,4], [180,5], [180,3], [w179,4], [w178,6]] weak=[[w177,5], [w178,9], [w178,7], [w179,9], [w178,5], [w179,6], [w177,6], [w178,3], [w177,9], [w177,1], [w177,8], [w177,2], [w177,3], [w177,0], [w179,2], [w178,2], [w179,8], [w178,0], [w179,3], [w179,7], [w178,8], [w179,5], [w179,0], [w177,7], [w178,4], [w177,4], [w179,4], [w178,6]] (solid_wave_vertices: 10) solid=[[177,6], [177,7], [177,3], [177,1], [177,4], [177,9], [177,8], [177,5], [177,2], [177,0]] merged=[[181,2]] --- (Vertex3)[[w177,5], [w178,9], [180,2], [w178,7], [w179,9], [w178,5], [w179,6], [180,4], [w177,6], [w178,3], [w177,9], [w177,1], [w177,8], [w177,2], [w177,3], [w177,0], [w179,2], [w178,2], [180,6], [w179,8], [w178,0], [w179,3], [w179,7], [w178,8], [w179,5], [w179,0], [180,9], [w177,7], [w178,4], [w177,4], [180,5], [180,3], [w179,4], [w178,6]] weak=[[w177,5], [w178,9], [w178,7], [w179,9], [w178,5], [w179,6], [w177,6], [w178,3], [w177,9], [w177,1], [w177,8], [w177,2], [w177,3], [w177,0], [w179,2], [w178,2], [w179,8], [w178,0], [w179,3], [w179,7], [w178,8], [w179,5], [w179,0], [w177,7], [w178,4], [w177,4], [w179,4], [w178,6]] (solid_wave_vertices: 10) solid=[[177,6], [177,9], [177,2], [177,3], [177,8], [177,4], [177,7], [177,0], [177,5], [177,1]] merged=[[181,3]] --- (Vertex4)[[w177,5], [w178,9], [180,2], [w178,7], [w179,9], [w178,5], [w179,6], [180,4], [w177,6], [w178,3], [w177,9], [w177,1], [w177,8], [w177,2], [w177,3], [w177,0], [w179,2], [w178,2], [180,6], [w179,8], [w178,0], [w179,3], [w179,7], [w178,8], [w179,5], [w179,0], [180,9], [w177,7], [w178,4], [w177,4], [180,5], [180,3], [w179,4], [w178,6]] weak=[[w177,5], [w178,9], [w178,7], [w179,9], [w178,5], [w179,6], [w177,6], [w178,3], [w177,9], [w177,1], [w177,8], [w177,2], [w177,3], [w177,0], [w179,2], [w178,2], [w179,8], [w178,0], [w179,3], [w179,7], [w178,8], [w179,5], [w179,0], [w177,7], [w178,4], [w177,4], [w179,4], [w178,6]] (solid_wave_vertices: 10) solid=[[177,8], [177,3], [177,4], [177,2], [177,1], [177,5], [177,0], [177,9], [177,6], [177,7]] merged=[[181,4]] --- (Vertex5)[[w177,5], [w178,9], [180,2], [w178,7], [w179,9], [w178,5], [w179,6], [180,4], [w177,6], [w178,3], [w177,9], [w177,1], [w177,8], [w177,2], [w177,3], [w177,0], [w179,2], [w178,2], [180,6], [w179,8], [w178,0], [w179,3], [w179,7], [w178,8], [w179,5], [w179,0], [180,9], [w177,7], [w178,4], [w177,4], [180,5], [180,3], [w179,4], [w178,6]] weak=[[w177,5], [w178,9], [w178,7], [w179,9], [w178,5], [w179,6], [w177,6], [w178,3], [w177,9], [w177,1], [w177,8], [w177,2], [w177,3], [w177,0], [w179,2], [w178,2], [w179,8], [w178,0], [w179,3], [w179,7], [w178,8], [w179,5], [w179,0], [w177,7], [w178,4], [w177,4], [w179,4], [w178,6]] (solid_wave_vertices: 10) solid=[[177,4], [177,5], [177,7], [177,3], [177,0], [177,9], [177,1], [177,2], [177,8], [177,6]] merged=[[181,5]] --- (Vertex6)[[w177,5], [w178,9], [180,2], [w178,7], [w179,9], [w178,5], [w179,6], [180,4], [w177,6], [w178,3], [w177,9], [w177,1], [w177,8], [w177,2], [w177,3], [w177,0], [w179,2], [w178,2], [180,6], [w179,8], [w178,0], [w179,3], [w179,7], [w178,8], [w179,5], [w179,0], [180,9], [w177,7], [w178,4], [w177,4], [180,5], [180,3], [w179,4], [w178,6]] weak=[[w177,5], [w178,9], [w178,7], [w179,9], [w178,5], [w179,6], [w177,6], [w178,3], [w177,9], [w177,1], [w177,8], [w177,2], [w177,3], [w177,0], [w179,2], [w178,2], [w179,8], [w178,0], [w179,3], [w179,7], [w178,8], [w179,5], [w179,0], [w177,7], [w178,4], [w177,4], [w179,4], [w178,6]] (solid_wave_vertices: 10) solid=[[177,7], [177,6], [177,9], [177,4], [177,3], [177,8], [177,0], [177,2], [177,1], [177,5]] merged=[[181,6]] --- (Vertex7)[[w177,5], [w178,9], [180,7], [w178,7], [w179,9], [w178,5], [w179,6], [w177,6], [w178,3], [w177,9], [w178,1], [180,8], [w177,1], [w177,8], [w177,2], [180,0], [w177,3], [w177,0], [w179,2], [w178,2], [180,6], [w179,8], [w178,0], [w179,3], [w179,7], [w178,8], [w179,5], [w179,0], [180,9], [w177,7], [w178,4], [w177,4], [180,5], [w179,4], [w178,6]] weak=[[w177,5], [w178,9], [w178,7], [w179,9], [w178,5], [w179,6], [w177,6], [w178,3], [w177,9], [w178,1], [w177,1], [w177,8], [w177,2], [w177,3], [w177,0], [w179,2], [w178,2], [w179,8], [w178,0], [w179,3], [w179,7], [w178,8], [w179,5], [w179,0], [w177,7], [w178,4], [w177,4], [w179,4], [w178,6]] (solid_wave_vertices: 10) solid=[[177,3], [177,7], [177,6], [177,5], [177,4], [177,1], [177,0], [177,9], [177,2], [177,8]] merged=[[181,7]] --- (Vertex8)[[w177,5], [w178,9], [180,2], [180,7], [w178,7], [w179,9], [w178,5], [w179,6], [180,4], [w177,6], [w178,3], [w177,9], [w178,1], [180,8], [w177,1], [w177,8], [w177,2], [180,0], [w177,3], [w177,0], [w179,2], [w178,2], [180,6], [w179,8], [w178,0], [w179,3], [w179,7], [w178,8], [w179,5], [w179,0], [180,9], [w177,7], [w178,4], [w177,4], [180,5], [w179,4], [w178,6]] weak=[[w177,5], [w178,9], [w178,7], [w179,9], [w178,5], [w179,6], [w177,6], [w178,3], [w177,9], [w178,1], [w177,1], [w177,8], [w177,2], [w177,3], [w177,0], [w179,2], [w178,2], [w179,8], [w178,0], [w179,3], [w179,7], [w178,8], [w179,5], [w179,0], [w177,7], [w178,4], [w177,4], [w179,4], [w178,6]] (solid_wave_vertices: 10) solid=[[177,2], [177,4], [177,6], [177,1], [177,9], [177,7], [177,8], [177,3], [177,5], [177,0]] merged=[[181,8]] --- (Vertex9)[[w177,5], [w178,9], [180,2], [w178,7], [w179,9], [w178,5], [w179,6], [180,4], [w177,6], [w178,3], [w177,9], [w177,1], [w177,8], [w177,2], [w177,3], [w177,0], [w179,2], [w178,2], [180,6], [w179,8], [w178,0], [w179,3], [w179,7], [w178,8], [w179,5], [w179,0], [180,9], [w177,7], [w178,4], [w177,4], [180,5], [180,3], [w179,4], [w178,6]] weak=[[w177,5], [w178,9], [w178,7], [w179,9], [w178,5], [w179,6], [w177,6], [w178,3], [w177,9], [w177,1], [w177,8], [w177,2], [w177,3], [w177,0], [w179,2], [w178,2], [w179,8], [w178,0], [w179,3], [w179,7], [w178,8], [w179,5], [w179,0], [w177,7], [w178,4], [w177,4], [w179,4], [w178,6]] (solid_wave_vertices: 10) solid=[[177,4], [177,1], [177,5], [177,7], [177,6], [177,2], [177,3], [177,8], [177,0], [177,9]] merged=[[181,9]]
Round 182: (Vertex0)[[181,7], [181,6], [181,9], [181,8]] (solid_wave_vertices: 4) solid=[[181,8], [181,6], [181,7], [181,9]] merged=[[181,7], [181,6], [181,9], [181,8]] --- (Vertex2)[[181,5], [181,6], [181,2], [181,9]] (solid_wave_vertices: 4) solid=[[181,6], [181,2], [181,5], [181,9]] merged=[[181,6], [181,9], [181,5], [181,2]] --- (Vertex3)[[181,5], [181,6], [181,2], [181,9]] (solid_wave_vertices: 4) solid=[[181,9], [181,6], [181,5], [181,2]] merged=[[181,2], [181,5], [181,9], [181,6]] --- (Vertex4)[[181,5], [181,6], [181,2], [181,9]] (solid_wave_vertices: 4) solid=[[181,5], [181,9], [181,6], [181,2]] merged=[[181,9], [181,5], [181,6], [181,2]] --- (Vertex5)[[181,5], [181,6], [181,2], [181,9]] (solid_wave_vertices: 4) solid=[[181,2], [181,9], [181,5], [181,6]] merged=[[181,2], [181,5], [181,6], [181,9]] --- (Vertex6)[[181,5], [181,6], [181,2], [181,9]] (solid_wave_vertices: 4) solid=[[181,2], [181,6], [181,5], [181,9]] merged=[[181,9], [181,2], [181,5], [181,6]] --- (Vertex7)[[181,7], [181,5], [181,6], [181,8]] (solid_wave_vertices: 4) solid=[[181,6], [181,8], [181,5], [181,7]] merged=[[181,7], [181,5], [181,6], [181,8]] --- (Vertex8)[[181,7], [181,2], [181,9], [181,8]] (solid_wave_vertices: 4) solid=[[181,8], [181,7], [181,2], [181,9]] merged=[[181,8], [181,9], [181,7], [181,2]] --- (Vertex9)[[181,5], [181,6], [181,2], [181,9]] (solid_wave_vertices: 4) solid=[[181,5], [181,6], [181,9], [181,2]] merged=[[181,9], [181,6], [181,2], [181,5]]
Round 183: (Vertex2)[[w181,7], [182,2], [w181,3], [w181,0], [w181,4], [w181,5], [182,3], [w181,6], [w181,2], [w181,9], [182,9], [w181,8], [182,4]] weak=[[w181,7], [w181,3], [w181,0], [w181,4], [w181,5], [w181,6], [w181,2], [w181,9], [w181,8]] (solid_wave_vertices: 9) solid=[[181,2], [181,5], [181,0], [181,3], [181,8], [181,7], [181,4], [181,6], [181,9]] merged=[[181,8], [181,6], [181,4], [181,0], [181,2], [181,7], [181,5], [181,3], [181,9]] --- (Vertex3)[[w181,7], [182,2], [w181,3], [w181,0], [w181,4], [w181,5], [182,3], [w181,6], [w181,2], [w181,9], [182,9], [w181,8], [182,4]] weak=[[w181,7], [w181,3], [w181,0], [w181,4], [w181,5], [w181,6], [w181,2], [w181,9], [w181,8]] (solid_wave_vertices: 9) solid=[[181,5], [181,4], [181,0], [181,2], [181,7], [181,8], [181,6], [181,9], [181,3]] merged=[[181,6], [181,4], [181,9], [181,7], [181,8], [181,0], [181,2], [181,5], [181,3]] --- (Vertex4)[[w181,7], [182,2], [w181,3], [w181,0], [w181,4], [w181,5], [182,3], [w181,6], [w181,2], [w181,9], [182,9], [w181,8], [182,4]] weak=[[w181,7], [w181,3], [w181,0], [w181,4], [w181,5], [w181,6], [w181,2], [w181,9], [w181,8]] (solid_wave_vertices: 9) solid=[[181,5], [181,6], [181,3], [181,0], [181,7], [181,2], [181,9], [181,8], [181,4]] merged=[[181,3], [181,9], [181,8], [181,6], [181,7], [181,5], [181,4], [181,0], [181,2]] --- (Vertex5)[[w181,7], [182,2], [w181,3], [w181,0], [w181,4], [w181,5], [182,3], [w181,6], [w181,2], [w181,9], [182,9], [w181,8], [182,4]] weak=[[w181,7], [w181,3], [w181,0], [w181,4], [w181,5], [w181,6], [w181,2], [w181,9], [w181,8]] (solid_wave_vertices: 9) solid=[[181,5], [181,0], [181,7], [181,6], [181,4], [181,3], [181,8], [181,9], [181,2]] merged=[[181,3], [181,8], [181,9], [181,5], [181,7], [181,6], [181,0], [181,2], [181,4]] --- (Vertex6)[[w181,7], [182,2], [w181,3], [w181,0], [w181,4], [w181,5], [182,3], [w181,6], [w181,2], [w181,9], [182,9], [w181,8], [182,4]] weak=[[w181,7], [w181,3], [w181,0], [w181,4], [w181,5], [w181,6], [w181,2], [w181,9], [w181,8]] (solid_wave_vertices: 9) solid=[[181,6], [181,9], [181,7], [181,3], [181,8], [181,2], [181,4], [181,5], [181,0]] merged=[[181,0], [181,3], [181,6], [181,2], [181,7], [181,4], [181,9], [181,5], [181,8]] --- (Vertex9)[[w181,7], [182,2], [w181,3], [w181,0], [w181,4], [w181,5], [182,3], [w181,6], [w181,2], [w181,9], [182,9], [w181,8], [182,4]] weak=[[w181,7], [w181,3], [w181,0], [w181,4], [w181,5], [w181,6], [w181,2], [w181,9], [w181,8]] (solid_wave_vertices: 9) solid=[[181,5], [181,9], [181,3], [181,2], [181,4], [181,0], [181,7], [181,6], [181,8]] merged=[[181,0], [181,9], [181,5], [181,7], [181,2], [181,3], [181,8], [181,4], [181,6]]
