metric,identifier,latency_ms
consensus_latency,WQUd5AIYpMT7PZsbiE2ozh8ombM76SNaHwNEsSxPv/c=,809.0
consensus_latency,nSDIaFAqpS1BuwBQN07qPQ0w9VnZvhdMTN4fsh+gDRg=,809.0
consensus_latency,S3n4FWoNw58eEBJ2SiqUjNjDLI/X8WutkT20LGdEinw=,609.0
consensus_latency,qQCeAtaR0UQsVfKKtVzSpM8BG3hP8FfW+v1OBKGv4Ow=,1580.0
consensus_latency,tfIXPHuU7rxJ9xVSEdlyRP9xCxcJcxoeypyv9ziljzE=,1587.0
consensus_latency,7vy2GsqvPbTL7ZqZBHbJJkOuusJkBPcRu15YiU4fRi4=,1587.0
consensus_latency,ypCycq4FHrGCY2JUUTd9qTYpnilXo0tyHK6WhI4Tn5Y=,1589.0
consensus_latency,IwNqCSIzGZoPBo5C9HGsH8sldQGbc91yU0Vi2+nEH3k=,1389.0
consensus_latency,UnxuNkiRaxJ+1uBOcqsiOOweHl8WMBrjEL08vY42hMY=,1389.0
consensus_latency,IOtTlsuwylmepCxrjUjiphMOS4FGzZhBCHrXh1pJ6BI=,1386.0
consensus_latency,xXXj0beEgNUxU7q9VILMFrEOQf5+FxSzGU/1sHYGnXQ=,1386.0
consensus_latency,zLTUP9O8D9CxSCOFulKZagNQqCQdjxfd/YFq91JgPc8=,1386.0
consensus_latency,4v8o8aWLtstpnqehubS+Gg03JZNPYplGoW3r2ZpbFxc=,1386.0
consensus_latency,AqggaYgFXjyiKV2J1NJ6TwLhnmCqi2f2bn9WBhQtSdc=,1419.0
consensus_latency,iImYVlgiZZcJ7RRc9YmIVRO7l54tK66bHqwdpS8eVQo=,1419.0
consensus_latency,or3e7iIp2ZhOpIM+VkZmuypfo+5i3SBUGxxZhv40uBM=,1419.0
consensus_latency,FU3sLYIEJNE4wGvigHV5uOumTDhK91GmgLrymya+YaY=,1380.0
consensus_latency,jdv1TgI6BoBY1bdibnJKossDbAScAw8Bo50kwDf6GtA=,1380.0
consensus_latency,csOugJ5lOiN8/k5BRlPoudprg64I+3wi9QbIw7cDug0=,1420.0
consensus_latency,AM9Rpat8jPtDhXpsm8K8pdLgmzUtivsgX57vJ/rd8do=,1219.0
consensus_latency,zYQZXEFoth4Ztk+eqBoUvPHT6HBpytyIpC+BLXwcjvw=,1219.0
consensus_latency,tZBK60lgQ7S7GDZuQyvby/4/5bXQYMppolQ2PTARtFI=,1217.0
consensus_latency,62VbE9L+gP8IkKh3FIv3AzPQVAsgs6cS9zcR+GY46b0=,1217.0
consensus_latency,DI4Cs2zKMuIhDyFdAqXlXxSEXtzJX3DtAy++LBS0zIs=,1179.0
consensus_latency,mFI3Y6MLlyij7PpgxiB7VX8qecwRgLROlNsJSZ16exQ=,1179.0
consensus_latency,9BUCRZaQNUyNUiqLWTsaz+gxQPZ7UihLdVDs5VodsXA=,1179.0
consensus_latency,UuZwdvoLXguF/TKmfj2vS0l2mqsVPSTEwwq9CpnJPEg=,1219.0
consensus_latency,ehl93Cy8iAxMuVhgz93uA6rQ2SNBOqzEI+ahi6O8rzU=,1218.0
consensus_latency,Ygv0p9QwrPpdbtCpURKC37nzC9mGNuM/R7tfxcWqoJA=,1217.0
consensus_latency,nYQIQkS2TC7C8+o1aIzL4fEz9OQEWI0RhC0gdQRHh0I=,1217.0
consensus_latency,JO6wMWwyYJ941sXuIUmNm5AU2qsUzj0FHJA8ZgdKlew=,1220.0
consensus_latency,cLCsCVdDIx7cWyHJz1le19nWAd8dDEtrVf5DlQIIHEg=,1220.0
consensus_latency,rAoSlw1YYr8OcCYbzAESsQ3XiLCu10l50ua/GhkX0Qw=,1220.0
consensus_latency,dnwZTS8k9XZzQFNzXmjzEYEa8fjk1wjkU1S5WqCet1M=,1175.0
consensus_latency,iILByCTg+JBsuVMIA5yvS2QQjd3TQXIljtVQ1o5Z94I=,1175.0
consensus_latency,86qnqm1tt4NHTLl9tTF34YA1FyUAXWKQzekK9Kry7n4=,1175.0
consensus_latency,jgtjO9zvit28eFNt/uQ3WAmXytsdoemuPLoSmd4C6e0=,1219.0
consensus_latency,xcajDo+RWd3Un3FqV6b8KnAy2mSbsScp/P0h1OFfHok=,1219.0
consensus_latency,qyojPTO65rxf5On2CZlUEivi5pBjrU+gs1BndtJ9lN4=,1170.0
consensus_latency,LYz2lByNfyH1xrw8jB7xKPUpLkR1BcW5JZqbksYQ82Q=,970.0
consensus_latency,veKdQA6x6xHRBnt/ZDWLAsx0/+1JGedlqf+dZ4c4hks=,970.0
consensus_latency,PBQFBkHmqRUxAhZA6ER5x/REv0XZ6zHZ9Gf71kwROzU=,975.0
consensus_latency,O6NjKKMPIaZJJnbmL1sTjqcCcv2OE6hzVxKJJRiNY08=,1018.0
consensus_latency,ZCKwjDMtg/gkk+GDiRSURwXJ/isi2tuMErA2AzH+/5w=,1018.0
consensus_latency,yksNLH8TPT1bN+BYY/RFcZnYGgY6g1aNhA46wvOaQ3A=,1018.0
consensus_latency,EjOjUkD0QOiJARdU7gJjKRTRXuO7qpb0CEpqzmc0ZnE=,1018.0
consensus_latency,Vp09jAo/hHUpREIeONXm3MV77qW4In/Q2K/t9DM0EIY=,1018.0
consensus_latency,yHPe+ka3M02nK07jpLxoTYrWaOLaAv5uhX4KTDbp+/o=,1018.0
consensus_latency,3I6Bx60tqSLNOiHGtJCrNlCnxdGHxAY1oQbF5OJDJys=,1018.0
consensus_latency,Pn24o4QMvc/ZlL5+mc73yuaI3Mn+XMwdhzb/lf+hLd4=,979.0
consensus_latency,eQYnJCPk+N+nu8496u1kRKE4fXckzjgpnAVJjf9oAvE=,979.0
consensus_latency,phLoKARjRRkk7ps098XfspBz1AekmslSjQ/KSvH9MRw=,1018.0
consensus_latency,CsWjuszJ/rToLVj7jLyL5z3gzlq23q0E8BRsQ+cRgvs=,1020.0
consensus_latency,DGxVY+uoA89A6E6qYmYBlj/BlKh2Ha7hLQ7kWaWSkqo=,1020.0
consensus_latency,jJ94VAjzFQxYXtTdYF20HoORgy2j0bTGgqf7HY79I/M=,1020.0
consensus_latency,m6uLYltseL/Zk5ViB995QUniXjEikYPevSWN5KFP6uE=,1020.0
consensus_latency,f4NbtKLVANx5tUsoSHP+fDrBbx5dBRKeYhvNZe/It8s=,1021.0
consensus_latency,rDx0zQvdGcGTTMGxdQPXQBaUPlu5hax7niEpFYVGFr8=,1021.0
consensus_latency,Ngf7PdfqJXZcvxm0NmRWSCbTiNgbjsZU/1DiPyelI3A=,1019.0
consensus_latency,TpyAao02mf/AJNgokjeb9OG2xpU151yqM4Z4cXEKs1M=,818.0
consensus_latency,9POHGRqNei21zFDea3JxTSACdl71nZHqgHW7r9yyqz0=,818.0
consensus_latency,NSy6qj4Pv8ifjD+KHK2h5g9JRg4vWB+0PhzvvOuMVI4=,820.0
consensus_latency,aPHzmT2nSYJrIy+eQvecN1XXttM76u9gvUOq2/J2KMA=,820.0
consensus_latency,zJ4ownzcBq/HmJchLpn81seRw0A3xCety7pT28LMSlc=,818.0
consensus_latency,0dERv9/QPk18l/WSg4m3MIIZ7F5eb3D+Cej5vlOCGF0=,818.0
consensus_latency,0lji2c/6aGVqDZI/l35bFWkduxhfCnYQ54OI3qJjMTA=,818.0
consensus_latency,4Zch5LWMzEmU/8I1B9Zc0ZdnISi7c5uJtl1pYDmwQPA=,818.0
consensus_latency,OiIFq/vL0eRarUzGckWTeOEOAbtvQAo6/mtGp0rFUjQ=,819.0
consensus_latency,oowC+HmWRrWjnt68Eawl2/p/v/O7m9iZfReVbzw7ncM=,619.0
consensus_latency,6gu5d74Qvgw3rN0RwQPqU+gtveWhfbWt4EWcN3iv8Bk=,619.0
consensus_latency,LpQQlbQ7H9q/OOhCZh5YsVCwFRToEcSrnXV0XGClat0=,1519.0
consensus_latency,6BK787bZJFeHb5xzp5o2P+a6NOE6Gxj8nygCyE4QLuE=,1519.0
consensus_latency,anLdBklFZ4fr5Tf7q7LuqNU2tosqSRhzHMCo4DjoMDs=,1516.0
consensus_latency,0PVurEuYYmrMUTIQfSzZIF4y/mbZP+TZP7EiAPoJ+DI=,1516.0
consensus_latency,CV8CHb7l6AxDANNvVCFQ69Z5alUWepN0B+jm0tD+MqE=,1364.0
consensus_latency,x2LMB2OXjNXiP/wsPINrxLxiRmFLbT7O7JUFg+olfNs=,1317.0
consensus_latency,CAe8jeOF3eKV+OlbWGS+OOvy8X4IcS5vePQhDVad8ys=,1316.0
consensus_latency,f5sBs/d1vRhIn8gmzH8nVk1wACvkmejzu37oeHOK3Q4=,1365.0
consensus_latency,uxEWRMFjpJG1vRLdPPZBnbGlG+AWXY9JUh2HM4ECjaY=,1365.0
consensus_latency,mQPpsNDNrKV7g+8HcVO+1qFSSHDByWebY5I/2OkwBpw=,1364.0
consensus_latency,8Q9PRzAoD33ac5Cpv3qXxs7bbDFqHo7oFe0qYevOxuQ=,1364.0
consensus_latency,q0IoPxCNxK8VCS3f6Z6YgVtK4lRtdJ+KlD0S4qofszE=,1366.0
consensus_latency,ihotj8jM5CJk2Mv6c9fO7RbRGnOrZeblyquQyRzgFQo=,1364.0
consensus_latency,o3wJmROKccR3YgxA+dHCr1FGQ2nKYBAp1zrAWAeCJeE=,1364.0
consensus_latency,X49d7jMG3UuOmQVLea+SlRxYcvjK/6TnHkDtXmbujSY=,1320.0
consensus_latency,4DlhJtgICK3xvnYTy98y2aneST6kUUvAP+o1/V63QiM=,1320.0
consensus_latency,X27nfLYablUuNYxzQgLIp02GF8xbRhqtx4p4GBufSSI=,1155.0
consensus_latency,Y+4Z49xZIISa354JWSrL1W5rFz3BTOxUedp8iW8x7Vc=,1155.0
consensus_latency,Kx5nxU1f/vNwYONxIhHRun360OcooQwCCWpRljZIAHk=,1157.0
consensus_latency,hbfO7L5IalTnHVuB3w524YTjgH+R3HVTKcsIlqoKhT0=,1157.0
consensus_latency,JOs+UA2VTX9KmnIUIdHRR/bT/n0NCrxyuPh8PE0t0fc=,1157.0
consensus_latency,HRCPC+4QjB7Cd+28Q9A26EwyvFAE6m1hfQgyHiBc9io=,1115.0
consensus_latency,XSKXA7j7mGP73kBKie/DfEuzQAbb0bykr5Wm6D+Dsyw=,1155.0
consensus_latency,LwX1mKCA9iILa0nLYbscKibubpM6ui2eHfTxg//dz4s=,1106.0
consensus_latency,2rUkwdudoaUWN6dUyF6QwASofRelfKZRCglZzjdqCIE=,1108.0
consensus_latency,ZuuW7S5rf2WuUl/blruUOZM8gxxRZZup6/7jUCxEXY0=,1156.0
consensus_latency,SBYSPQStt2+xHg0O/OvZf4Sw8WEapWMIjQoB92P5C3Q=,955.0
consensus_latency,0MeoRsN7Bl21QaGoycQCFr/MYGqn+J2+e2rTqEDyJb8=,955.0
consensus_latency,rYQzzPGIllZR8Dh2cDP+xigzvt9lO3siUn4a2FZN4VI=,906.0
consensus_latency,b2xiiZnG3xqVIcEvci1nh9d2ZuUjKhh9SQDWqR3z6CQ=,954.0
consensus_latency,OxXVGQIT69CxOlpwC5oX++ZpqNTp5mE3QUmPafZoSgA=,908.0
consensus_latency,cjUsIYdQrZC7Snp8CGFq7dqw3iibG6KFsoVaYesjLTE=,957.0
consensus_latency,KMksUTPhkZ1fdK4mZ+WUPhSvRePX+z02rAlqYVAa9a4=,915.0
consensus_latency,wbM7F7gL2jYhrx6+Y6Z9ZtNXsv2WM6K+d9gr88ciQvw=,957.0
consensus_latency,VMUDx8DUGRQGUDL/J5xAxGxjR2XaWatMVlfkBtdwbhI=,957.0
consensus_latency,lsGXImei0jOH/Y0fxkXLA7D1lRzR8zsojEFXS4qabh0=,955.0
consensus_latency,zjEwfchMEllscjNISkXxuNmVMPXOAQCRmCcEu3EcKQk=,955.0
consensus_latency,vije04FqNDqAbYDIMpPdSWMplfk/OuJ+M5qUD9O+QeE=,751.0
consensus_latency,C/jA6DsjzwfngkuiMw+0apILAHQFtNadRWncyhFEjec=,750.0
consensus_latency,nV/ORInM82S+SoyH1U0d6SHNV2cQXDIk+D8vTc+ajSU=,750.0
consensus_latency,SY7+yCYBUux2nX2fjzZdVsW57+vPgqObkG+HvXCsuS4=,750.0
consensus_latency,NbSzoFcxEIcbTy+c8rz1gqT7SjnZc3q83M3GoMUtTgo=,550.0
consensus_latency,0LjyZSNapUavAw+1Z2W5apWfXVwo5GTl6+fCP9EwIPo=,1588.0
consensus_latency,81WjrvYWkctAZLS+7F9Apuy4t4g5HS+4fhDPA07g/OI=,1588.0
consensus_latency,wvMpUT84tv9sGxcIWaopIJLxoJg+3VGoAGMi+tWT064=,1385.0
consensus_latency,DB3n/OIEtU8vKHB8Bkz1G/iYzf4dU9cpC/v9E/ZR984=,1436.0
consensus_latency,IGwGvzEL6MZ2OUTZ34skDWiA5exYiVME+0PVq4FSFso=,1436.0
consensus_latency,SH5MV4i0Plvi3x1/PjI9nTuXFKD0NwhZoPdAR0pcXNM=,1437.0
consensus_latency,LnSjeCld4NiUkEp7j1c2LbQE6WEM+YbeAleRzTI05+0=,1388.0
consensus_latency,woOwLuwtm8HSwloPhbC3uZYBppX8/d+dXo4c/Nq96Ks=,1388.0
consensus_latency,3W432qGLmLc1svuJ7B6WTlc/hYgWh1nnZ4mH6axtHpQ=,1438.0
consensus_latency,XVDoIRfoyIV/XDzWMNjqjthWiwu/ZaH2RWbViAfQbI8=,1436.0
consensus_latency,sm+vR3gKJ4zaNioDKqciX4tXtx2cXapt0DtcHwGvXX8=,1472.0
consensus_latency,gdXlEpVSXYl6YVwAx92Fp/g8xTaafCRuNqtugn3ILRA=,1436.0
consensus_latency,vq4e30ZtJrG3F7orbV62G45yC0NYv6GFz4aaTJe1K9I=,1389.0
consensus_latency,O/4bS9IubkFCf19xNM2g9h2b/YgxiDlHabbLFi2tPFA=,1232.0
consensus_latency,C554GJ5nx3zOVPDdOzekWJprVXIwpluxdFZhKodCeVQ=,1176.0
consensus_latency,/QqFf54eGIY1z5V2+Wm7qdF15zw5rRP6PKXdc71/ulQ=,1232.0
consensus_latency,pecER5Dzyyre7gOxRBr7VEOhKYzLiyNAnGJ+hmha/KQ=,1232.0
consensus_latency,ESAXewjOHCy6rChlufi2oh/LCIq4Uo1nZDoRbOkD4IE=,1230.0
consensus_latency,ntutIBBSCUGoiHplQUoiFmWxr4GroLtwkuRGRdml9sU=,1230.0
consensus_latency,641S2puo9T4BF7BbAtoNQa9cVhxHq9Lo+GefyYzxJX0=,1231.0
consensus_latency,WZPXslHCSZ8XuvsYacAQ4WKyCULPxSS2mXUFlNn83Ws=,1184.0
consensus_latency,00LqkDJLqy61QvMlny4VkZkgst+fo0lNhIW/8lmrvx4=,1179.0
consensus_latency,HMV/GNl0+21AI+e8ySofE+Vfrbnmu/yz+UMzOqAVjjw=,1230.0
consensus_latency,Th2UOC7K0SFZSdJHiJGU8KTzbaH0zxes4Xn3QRFtyic=,1030.0
consensus_latency,b9c5ws8LbCL6nOGDS0hCykYmV62bWuVhj26+0isFiPk=,984.0
consensus_latency,qbIqzr81TOa3yZ8lUJOmK95KXQap1cobGaqWVXvnGm4=,984.0
consensus_latency,Bs4yAAfxGvng7KUkTfogevByH67I3RnRsaURQlRhpp0=,1032.0
consensus_latency,e1VPppZH2a0iLl8q517XCVDirCzZxFFB+axqvSAc9GQ=,1030.0
consensus_latency,iLJTSpe82olcB0YYNz/3ZDqa3Z9tMBfrKuVnS+JdXMc=,979.0
consensus_latency,thf4WESoIw2SW0v3Jvom9ix6X/8DGyPk5dqDrGpRD/A=,1030.0
consensus_latency,bzIeCQZd02j2xyeDX1yvu4SSF1WekMSwO1MESl/bjR0=,976.0
consensus_latency,KfKD2D3VsbhXnU9dGd71kYgjgfsL1uS/Wk1j3qqq7w4=,1032.0
consensus_latency,wGg5sdlWV29HZ37unwqhnoR5XGHzaoj4yJwbGGRHWbs=,1032.0
consensus_latency,5AoK5HJjpZrGdOeTOJeX/0MdoXyEoQrHqeeHQxxMTPg=,1032.0
consensus_latency,NEVOoirgZTzOPD/PvVYi3jIa9zw1ajyIZMVv7/JSqTQ=,830.0
consensus_latency,V+b89HxbSQ51SljBF6aUpdUgpKGTw6aPbNsouzUTkWc=,830.0
consensus_latency,P8l3tHGTw6k2CQjrjFm3TLdXLcQ7BxaR0y+WdIsW2Ts=,785.0
consensus_latency,lhlDnvK8smVvuLE6etMhVRpX8jx9G4OSFPK7OdPCAhA=,833.0
consensus_latency,zRdD/a5s8lxnsA9MDLuzT0vg5kJYFid1w7pn3GPCp8k=,833.0
consensus_latency,mMXcXnwE0wPJxc3Yjp3mxkMrqEc7gvnW4zGUjQKhr1M=,780.0
consensus_latency,tIr3DpiEG6HuXWHWOhsDA+tIF48bmK9McBrwLxWqHC4=,780.0
consensus_latency,2+QmYgQwA2QWuL8Lo3WUCcjLQajhhJ+T1KoMikYDYZo=,777.0
consensus_latency,1pM6bP7yjmQYQykgfP3yCGaXzL7fg5EtuG+uuIbkPLY=,577.0
consensus_latency,/XmzYnRoU4Rw7T3gDlFMXRGfINt+9+uEmLu/UZcqrKE=,577.0
consensus_latency,ZOLBhdlZBDNFymUAp9QBFkBUxbOMltlLeKf7l/dmkf4=,2444.0
consensus_latency,+7ZkemEuCyxAsBbjCv4qhAID4y7A0nWFtDvx4aM4710=,2444.0
consensus_latency,IaJNoAN2EzhWDU0e6Ld5g8aG+SDmHy1nT+z3tfFBJrw=,2444.0
consensus_latency,APm7XMI66SHMBuxzu3iIuDie51KROIFHcbADBt7NJgc=,2443.0
consensus_latency,YxKVX1rAzYqg88M5sOmOLdc71X9rVob5e3zZjkd46WE=,2443.0
consensus_latency,NvSURXS8IIXqn55Kx+mvA60ry8WN4ksRMX4x0GtKDIA=,2242.0
consensus_latency,kW1XopRbRak/GDfw7GJQ3vYeFl0rvEg2ZkvvsYkPVE4=,2245.0
consensus_latency,uG7cQO5GTMfpnB4iMG9IGJEGYAf2dPy5T4dPth8cLFE=,2193.0
consensus_latency,3bmV65IlmxZXZJKSOOWPalvn5KI3WOWPP4ovMVY7IwM=,2198.0
consensus_latency,gODwVoAyVY+StFXf4NJU8mdIdyx5rVB63pCQqkVTTOk=,2245.0
consensus_latency,AC/TLdUMsVNzIsvRGkhEoLkZjSDXg2RuYQ14u7cecKY=,2244.0
consensus_latency,LAcXoXur4eaE8ujZo06q5KDz2XMArE9nB6zAs3bNmGE=,2246.0
consensus_latency,FQrZXfiEy+VXnOCMA6SpecuZP5IMdo4UfkmXqUCfdDU=,2040.0
consensus_latency,sZ2XO/2dyDsqGyhPu/7bQZJUbmQCSUDtP9w0I6oNYZ0=,2040.0
consensus_latency,EzqNHtLHOe7aBDhqmuFLJlKZDHy7Qv20VaLeGtXdELI=,2042.0
consensus_latency,9KpW4Am1uoa4Z3bVRqySSd1BBDfKTmcNuLFlidwff3w=,2042.0
consensus_latency,x2OTTXz2XzygdyLPqTIzS8wXlspNyqEc4wGCMmFmmFw=,2038.0
consensus_latency,X0t4JUGfdCj5gu5mCqYRz6fTYeyniwPe2RDwdeo0MKo=,2038.0
consensus_latency,DMoRIRFuaQT2/uTKVwZmkLFy7sThgN6Ha7rEABR3i9s=,1990.0
consensus_latency,sV0Csv2amcfF0ZDJmy0uMxrZBragJpsIA6ZiazUhU7M=,1992.0
consensus_latency,H9AdbAYbsmUv8OIx+0p657/tEH5ytzwaEiI3ByieeW0=,1997.0
consensus_latency,M1xGMyVZt/QCVssqPzTq7LARBpqVktHZlYX/kHGY5Cc=,1916.0
consensus_latency,q+DrWmSp252a3HNkKQ07huDEitw2B4acLnJf9TzTjJQ=,1916.0
consensus_latency,IpPFiinyziArGiAv+OHIe+KSm7vcdXBwfnNHBierFRA=,2040.0
consensus_latency,kxNpDfpR4Cnfw0QADIG7F/4rbytjYTtGPLXQgUcO2KA=,2038.0
consensus_latency,M7W9Vj1JmHwgLyiQh1do6sP+j7yAaFnpyFjoEVodHu4=,1797.0
consensus_latency,s2OpM3tXVOGCMHiwTPG19RqIYlEV5uAAqla5wqPoHl8=,1797.0
consensus_latency,io1rSLc6SzCPkB9NEx34bpQPQlq8Bqema5/5ZQ48g3o=,1792.0
consensus_latency,ticTlgUBjm83nCktX1nPMx/dLLTtv14isyIUKYgFYOw=,1840.0
consensus_latency,oTEmSkeJY/V18MM1G5w8mm0WLjVssHpWcnUDcF4PxWY=,1789.0
consensus_latency,fLAwh3o0s0o8XrHZglobQTcHrTzrnV4zgBjb/U1zP8I=,1842.0
consensus_latency,yNPL2Ed0An+a4AisHUsbdvCyA9FG7kNsNutqv+jz9Js=,1838.0
consensus_latency,pwc13nZ0iS+uKauZOqgcdnpxVD/6fnlVQ6Prtu7KdAk=,1838.0
consensus_latency,7MJIgf65I5Ju2sPZvgfbPoXcd3sxf1Lg7CsbSI4E3Js=,1838.0
consensus_latency,UqxdKLJUbzJvGHaY1Q7mWbb9qdW88NJIwa7lzFYJsDA=,1838.0
consensus_latency,Jkl57fSaqFgfSpklM4UppTzFNeyZBS9NOTcR+i2LHIk=,1839.0
consensus_latency,ubFX6ntuWocI5+pGUNwUW4tLaO3CNwUUY6iaYpMF0wk=,1597.0
consensus_latency,Y2BqulfiMddO5eYItm4emWJhEbEB5XWgIsyXRN4hWXQ=,1592.0
consensus_latency,s95bt5pUHKv6PMDQre0Dqds5KIZFbzlwcBwU5sWU0FI=,1592.0
consensus_latency,sAsKoPrDUXLHzmHfKq6iTVfGC+9hPg2JDI1AYU1m0dY=,1613.0
consensus_latency,zOdpRoMZg5llRzIV//y/mzej5mS26R+NKKxc+9AbvCs=,1613.0
consensus_latency,VtFRAl1xkUaDb+7TNT8P8MbIhROv9ia80brUTEh+IEY=,1614.0
consensus_latency,TIQrRalhtpuq3IS/y+rVLYYSEEp6bLL1MaC5Gs7KBSA=,1589.0
consensus_latency,BcI84fF3zGiFv9iBb9qkwRa0yb13T9QwzWCt+Ai++14=,1613.0
consensus_latency,Ijx8F8KOdFof5YdocXJOdyT4PtnGxORDk0sULtk+uVI=,1614.0
consensus_latency,KvjjOR8+8ACU5/V1EH4P2+/VNDVUgER/yLzHuiTGs6E=,1412.0
consensus_latency,+5MlqEsgxtZn7uBWFB1kvK7o76A8XZ9HfB+6KHe9aus=,1413.0
consensus_latency,Q7TjgeYuRPZel0VTMaChp4CuT4k0disiw2rdPMzp1+E=,1397.0
consensus_latency,J0Hf1ftE45fs4dfuwb/ny7WD03fIMyN1HMU4UOM5JIs=,1389.0
consensus_latency,Utfz4TmOBrPd+HSzF1JA/1IgYKLHARKu3W7s0gCVIoQ=,1392.0
consensus_latency,TYczDbknOjlrwVCwjqW/apxttmTQhmqIUOUJi9+Xxdo=,1414.0
consensus_latency,/ww212vjfKTFem5YY9WkPZMBuuQbZ68bQc+i5prR7rU=,1414.0
consensus_latency,pFKEEBQxjfD5HDEBL90Z8E/EKwnPLcErf+JK3oneEow=,1415.0
consensus_latency,b+9Eu0aT4G/qWBvAXy6Ljnxqm5OAeTSNBKZzBnpSi5Y=,1413.0
consensus_latency,Jhh80FICDqA2fbJtnR0YXUVGIFDNc71vecUfdm0NXY8=,1414.0
consensus_latency,lyyavKjsm90/h6ajVvyfDKdZckU0pQApWWU2weGK/hk=,1192.0
consensus_latency,wUlMgLgVrpvTDYtDA5fFcaf698zhskYbjuHBOrgNMZE=,1190.0
consensus_latency,H+KbUNwfCE71s1eWIC6Xy/d2uAYboU3VNccd7a+29LQ=,1213.0
consensus_latency,TWGTEL06r0EyLcIyXEKUlF/JEhhP5TZpqm0AaxdUiHs=,1189.0
consensus_latency,boZjADX04XVYmRgciy0QRkhJV1UCuRbp/w3CQZ1/3ng=,1189.0
consensus_latency,zT9Z7zm3qZX2+VS7E5/TylaBkrHyF0UUhBUZhB18lx8=,1212.0
consensus_latency,ob6nvFH5PQdHTA/A2l953O60c6iutM364V4xGw8CYpE=,1215.0
consensus_latency,gKVdLv1XcRyQsJVQB3z1E7mWyHXpYqdfAah8IW3h3OU=,1214.0
consensus_latency,wIR3ND+bVT6Dzu91J5JdSauvepvLE72yNbHeQAwig+8=,1214.0
consensus_latency,+ttchD2GZaaSfIcIswDooevf8ynfhaVJe1KxFTYoTA4=,1212.0
consensus_latency,nnlvlf3nrnd+mDMnx3G4llLaVFooDr0NTPdX0q+3o2o=,1214.0
consensus_latency,xDHxQm5pXAM+0zirmyUz9Qo8/CGGFrpP4d+JJVljZPo=,1013.0
consensus_latency,yNf+xUfg0urnjrEODUUr7v6B/jRT4xWayM/tAnJZ8aQ=,1014.0
consensus_latency,5Gkp5dEYihXCkR9igDoEBQj8BwHh0Ek1Fr8IdVHZi0M=,989.0
consensus_latency,d3DJ1Ost8C+0QucOgPNhP/LZuZCu97/Kc9SrF2hJWvY=,990.0
consensus_latency,ozBEylSf7ZaHeI7Bj3P9nhsr7NKenVMb/VhkyTUCrFY=,992.0
consensus_latency,JV12KA/6dLR3c8218TSYM6mX4DM8XH102MrNoRVaZY8=,1013.0
consensus_latency,DxZRpjutqzmSh7S/xruTTUMcmAZDDLwZH7kDnTeVfaU=,1012.0
consensus_latency,mlSBtG2s7+HtSrqskZnLwV91UCoowA88Xkefcuhn8Pk=,1012.0
consensus_latency,EOha3jnhmzhw3zgwV7m/9tN18eHbctRtBHtt9G4NoV4=,1015.0
consensus_latency,wsPls6D0xCZlSkoyX/LtZs+UQRHeqTT7UitjBgJe2c0=,1015.0
consensus_latency,qu2JbKlBXkWZkxy93/B3Id40IfeHbfBjnVI7Lx9FDHY=,1012.0
consensus_latency,9ILDJU6OzLFJjUYrrE9SCGgFtSLYq2W7mvJcR7fEEl0=,1012.0
consensus_latency,8quM3TDPMgZgV3kdgpZ5rilwxo5sN505wRGQ7fULENo=,815.0
consensus_latency,Icj9BGctTyWGHqBNuJ0C04GszkIETEyaFQUKR8w2IAs=,812.0
consensus_latency,YqWHvaMurCrL3SXZQIfDy0L6yWUxeYcOSldX1byZIpg=,815.0
consensus_latency,LuKf18Z4YRJL4ZN1k/gMGaF/oo/nzk+BBfANlqL2QrE=,814.0
consensus_latency,2GUD2SZCYVT6tB7WDCnBKfUwfkUuhI44A2jX2SHT5xI=,813.0
consensus_latency,ne8qXnOoN5dS1kpYi+ZIFfVdQtpaeagGDdlD52PQTgI=,613.0
consensus_latency,md8et6EfGkkP8YMFWv0Y16C2Y4F57heozuBXNIv0Cjg=,1916.0
consensus_latency,8jYvesnHmtFahQo8VDnZdNd1aC7E/Oxt42es1G9bCB0=,1601.0
consensus_latency,HCgU7rII1l9spNcio4OPd87coOF9gZBu5ZZQgGad59g=,1435.0
consensus_latency,9AJQSd30Swa2Sg3TO1pS4ITq0NKp/XZVdZcPiovIjAA=,1435.0
consensus_latency,CKvYrpDGqStnNJVrXhqXPrkEDj36OYc3y0K1d9A1wL0=,1406.0
consensus_latency,6dI9qyorzm/ITleBIVS5FDGpoRUqANQ/PcwkMT7v0+0=,1406.0
consensus_latency,+HcLAeLjU2DS4f6ylKdRmc3rfIPJ8IqnnHR6jMnECCA=,1404.0
consensus_latency,Isl8Sl6POjVORPS85OxmaVDzJ34/n/xWGbRckwue+bw=,1400.0
consensus_latency,h4gBCcko6bZkQPYY6uphY6bv/WNQeAszuIOiCc206YM=,1400.0
consensus_latency,cJ/Qdy1jg1XpTkbAcihWuvyuSSAyqJSn0FqeW9xfXuE=,1437.0
consensus_latency,n3zX3uqFLO2htibfvEe3SVuNOjU9++3V4DH8w597Yds=,1436.0
consensus_latency,0myih9NCbvGiuwWogPWaNxM5vQKLfu8t8VtlcjadL7A=,1436.0
consensus_latency,e5VR3I2DQus/q8yFmMOllMJjkggQG+7P8VRRbYs+sOQ=,1436.0
consensus_latency,CNns+wxE4Tu7p1V8JcTHg9JGfcAwOb/9Tggii+S07cM=,1435.0
consensus_latency,lW9tAMsOvJS/dYPTa955xl35PKwaMs0tnJNmPhJBxuQ=,1204.0
consensus_latency,EAfUCmmWQ0pSspYPvFDU0yHXpI9sv1HLEkZop5snU/s=,1205.0
consensus_latency,zQF79z6RoA+IRl2ue0QL+nZF8oyIZDlEt0wJNhKemHU=,1205.0
consensus_latency,JommoT+IZ6cu+qxyXNgBvyz0aH2XEBXsrqGeRjWD7y8=,1190.0
consensus_latency,Ji8WZb37kzcfzfE1rwaIr/Bk+ZbhvhTVwHzrhW61Xrg=,1204.0
consensus_latency,FGTxWh/GxeN30o783s1SHctyBV5TnYymHhBrjaLzRDw=,1187.0
consensus_latency,m5ZJRJEyYhQR/jJJmq2kqI4YBS/3W5QYA3S2V1qkBUw=,1208.0
consensus_latency,9hkRcaATLfvrpNcmvtD5xxmtHnVZDeMx31qqpz4HQYA=,1208.0
consensus_latency,A3bLEKslaqTDsc2Qy0odtF3osI9TgbGX0wbGACJKFE4=,1187.0
consensus_latency,7yuppiZK9AIkGDwZYNvz8GsFT9QCRBBULSjKFB7HJlU=,1206.0
consensus_latency,QZ5BoGzjBs4wbYBACl1Y8dNGtLBZ+t5AY/DUFwxC2DA=,1204.0
consensus_latency,48MCB8k/CIXUZrvnW0BOEzr9urpGXtS3RAnZ+1SGRb4=,1204.0
consensus_latency,C4EGV9xYv0FyryOVFWHqZN8smOlDD70wGvdvVLMbO1E=,1006.0
consensus_latency,Hydbfk6giOA11+MNsh0EOubRRH5goecaqOBtS0YVmkA=,1006.0
consensus_latency,IW+MjWabxB5wydLhJ/HBXOCD/v/FdWpgp64TM0Rm+So=,1008.0
consensus_latency,KX1qxWsG+DsB9qKF3AVKq6WfJkQUVYf+ZJw85+iDAeU=,1005.0
consensus_latency,RRsLcDxyuyIghWexkmm1LDH/DYKmHOkxIYqYKwV9tbk=,1005.0
consensus_latency,vGQxhxn7T1Wi9NpylrqLwJDFM7Prg0LZ60R2ZzgPIPQ=,991.0
consensus_latency,iZ5Tj+QmaGzvh5yB/iVQ8icsrwpnaQUrwiUYJAIYYFY=,988.0
consensus_latency,TrPI6Fdfo2j6WWqvKhKmSUZLjPRTjvzPl/9DeVKgNiE=,1004.0
consensus_latency,Uhy47Q9jG8opqf2l1GmBGCQ4IDcBmJo/tQx1FzGpvzQ=,987.0
consensus_latency,RyEwYjU3q3OBeDLbHO+xNt3EIwrIT2pqDyVNPKzh15U=,1006.0
consensus_latency,QCMhp5m3lAWKzfdME1ZQsdc0vKrJZphTKU5XgGrHe5w=,804.0
consensus_latency,AdVJDJjdPNkGUwV+eSpSNCwccoLF8Z09BXo2eu/ogJk=,802.0
consensus_latency,Q5oZtRGz7aEFszTvt/zENjd42JvUGWc4dm1lfZqL0AQ=,802.0
consensus_latency,ITg1wgsVQm7bu1VeA6KVM5c3rne+NaL1DZ5dVpAb2bE=,805.0
consensus_latency,YKAq3KhGezLWwWt0A4EJM7vQNgYBKTakC1H+NQA70EY=,804.0
consensus_latency,mjUwk0AkkmNIknbRacZvzsWcwRS+Fdt0Fgi82OTYUbw=,804.0
consensus_latency,HCxZgQ/oqki70XcI2ZfqT1Z5ZRiT9o9OC59RIduK45s=,806.0
consensus_latency,Sc1C+DAxA6gOWW4sGTPx7yZQBnwe1ayGkHjE+kgqj0w=,606.0
consensus_latency,WxmC6SXvcJ+nTV69KnCzLt+CxLbWm6y4plzl5zMSakg=,1508.0
consensus_latency,M5bIWKTcKnL6YN8pEA+1ZxshNgXX0qgEg+3P5I7egBo=,1509.0
consensus_latency,yKK48Te71DrFs+uEHIKFV0JHoCPXwT82Z7PwkhywX7o=,1509.0
consensus_latency,RQi4nOle6P6JOOsxHff4YpAu5/+I4WdUgY4agPW1Y44=,1326.0
consensus_latency,3GetHeYesVDoJmbfSNJ1mzdVYmB9V4cjbzLuJ+wr450=,1329.0
consensus_latency,8MUWoa9a0tCfXxWNNYaELoKfIUeUlkzh8apvQe/BKuw=,1329.0
consensus_latency,I8RyFgkgbaO16rXmM9ITuhm0loRQVr0DBPcs9sy/oEU=,1309.0
consensus_latency,WFp8wdhXJbGbSlxd01yjOn6CYeJNb5M0WHXIwP2CXso=,1308.0
consensus_latency,1YqDrEU2ZWMbbf02VygoCOghXN4ZAoNLOFjOx+G0nX8=,1308.0
consensus_latency,/L4WURzqJ/dhpbF45qKB179ZYXoRUSxXgrfIjHTk2yc=,1202.0
consensus_latency,ymG33+xvDnYVipyJMv0bHjNZqCDItoj8JAYr35km1cA=,1325.0
consensus_latency,ROxNIpCIPH7HWxd+Bx/CEpWktoF/bUGxcrPHKJf7R5Q=,1323.0
consensus_latency,kazWYIzMctQGNsV4DnS6dp1sf3ujwT41oW11uZy8kfk=,1303.0
consensus_latency,XlyEyqH/JI0I4jLxL61YcuG7IMbL64PI6mHcKaPNTuQ=,1325.0
consensus_latency,M/3h/q6A1ypFbIkQoxa4rsilvRYsvJ9XgLMGvSGVWdQ=,1092.0
consensus_latency,CDJM9YN4RiKEC2ngG+sWgApDglgOAV70D/lCIbs85Rg=,1126.0
consensus_latency,tB9FS0J7adY9YsOrRyAc5lh80inlC2zwMCDcOoO4I5M=,1087.0
consensus_latency,mZ/oChlyGiITijuy4EHBtQFTmupwnL8bv8f8FYiXsLk=,1125.0
consensus_latency,+1Bd0RAPSbIoSTN5XDPFEw5xB1mthYkPnoHZghPjAss=,1125.0
consensus_latency,UOnNHKflhKZ5thVAeL9nm5/xHhbB7LKEmnmRibuPEY0=,1126.0
consensus_latency,3dsZ8DTIkJmWcY02qliwbFJMxPWilDvtABk0wjMO5rs=,1126.0
consensus_latency,hNXLAZ9qlJ3itATvXvocGnkdJNmTeSQUtUZBYdc8w/8=,1087.0
consensus_latency,e6tWGjyRvAnVmUpo1yAI8sad9XwpQxwXtBAxU4t0vGI=,1130.0
consensus_latency,PEV6tCAzIh8NVrWXgrkoUWO9gyVKHk4/sJlUbctJILg=,1124.0
consensus_latency,ae/LMg2Pu0h1WzvBRJLIpmQCrgzfmu53WHDzcv2EcyM=,926.0
consensus_latency,H1oQiFPatUjw6Jfi/DXPH+M5hVG6gWkV/6awvla8etQ=,925.0
consensus_latency,CYCoxD930Z7BUdhvONmsA3aMV1ryoVj8N55USB2u7zE=,893.0
consensus_latency,UExYoV0l+RoeDL6kFyWGZUNJcdQKyNOrx0aRaII4NJg=,893.0
consensus_latency,iKuR6WAxKvbZzz5uvA0OG9ycPqDlfvjSq8y2gKrSHEw=,927.0
consensus_latency,OzJmDrnAm84viLKJrgf+bLjR0JUKdSgKtNC29zRP7uc=,923.0
consensus_latency,vUMnkLuiJN3o09sRAKDW/EcLaSiV7KXTAdfY+Mf0Orc=,888.0
consensus_latency,MKrz0ptj9rJrPMG5xRXAkrB7DS9ympTpk/IXwls6FyY=,927.0
consensus_latency,mW8N5vC7xqVxhSvHksyeEelR8/bwbmV70D4wXJMyoeE=,927.0
consensus_latency,3d3bwtji3oJ4mBie/Rzobg8uMnQLFYLpIz7rdGyJELo=,930.0
consensus_latency,ghA1OG7MndtESCX42uFUzOj7NGFGDLWc88XXRn0uduY=,887.0
consensus_latency,RbuTFFD+RByijNBKGXvdst/S5Fzmif5MU3xhVWBbYjQ=,722.0
consensus_latency,nXc1yb90XAaRNkb4pg8SVs0RJKqIKH6bYchbu5XRrdk=,725.0
consensus_latency,y+0rJ3nk2rcue20EzcMzRWmiUp4Pw3C66+NRaBc6ZRE=,727.0
consensus_latency,gArQQeAU+4Kk4PQ/xQ2eybyOFHerExEZ4bvhuH9CJoM=,525.0
consensus_latency,C9hg8Cq4e0rYJA2UhaSULQ/rum6D5YCc2OvIHGd6rWI=,1593.0
consensus_latency,DwPk8HIPDKmabIMezKenZxr1IxbJO45qS8CGMo7MRfQ=,1546.0
consensus_latency,PqiAZQ5qkA8Djiox0IEVqe+4B/ZCGgh1KHxbfVqEfPc=,1552.0
consensus_latency,LX/o0AT0/xHifkxFUmW1OelL+chsmp9wWOnehJYNklI=,1394.0
consensus_latency,azbTE5knWOri1ieYiQ29BkePyMbdJOV9Vg3MMMihhnQ=,1394.0
consensus_latency,UB4SNpCnYGBtt9k2KJxK0KGiePVt0ItQ7xqamoce74s=,1397.0
consensus_latency,G5rW808bMeRm8ou19NBdJN2FpsFr7L4FRT+V8bdoFVc=,1347.0
consensus_latency,UFm7H3IH3hGszynS3czfxQMxSIzhoq9g2U0VWWLZOWs=,1347.0
consensus_latency,6h4THgx48aI/8SLQ3VZ5rOVFs3B/VZ3BbOaogGHBJs4=,1393.0
consensus_latency,hbHaqEfNzyfumjVhGtBMUlP6lfqw/84iVji7wQWSj3s=,1353.0
consensus_latency,jy+pKtPgzi7M2nzef8Mqu4kuiSfGRaThlrPrqW6wg0Q=,1396.0
consensus_latency,Ug7Ep5+g+Jm1GkJ9Ob+x8p6y78mNYuiAscJRWDaeveQ=,1395.0
consensus_latency,q0Tnjapebk7PHb7WQlSZ10uukJwrGKkABtzubEfs7bo=,1346.0
consensus_latency,6SP+NBetXYfRd5nHXncAX8G8twd0Vbw9XlT9LHjJJJ0=,1142.0
consensus_latency,6/+iRzzn71jLpM2s5beTXzmFJtRjr1g8yq5vosWEXmk=,1189.0
consensus_latency,8B/QEPjDbcUILR8F2c5EsrWgdgfK570j+XVHo+zp6LM=,1188.0
consensus_latency,MRW06TBEKtbBLi9kkSdOqUQA4ZPbDg169qwAdKM/+DI=,1141.0
consensus_latency,jK7bNlXYmaWpVEdK+JhDOnjVecChITzMuUkb5HD7TDM=,1191.0
consensus_latency,CqeH0i/lXPXTDcQIeBEOdGP3PRIphFnA8uzpQRjoCT4=,1188.0
consensus_latency,ACTTTnfz7T6VFo63eI77yFbNFi/LZXW69zoN8EwcEkM=,1191.0
consensus_latency,zkVRwF/aPZGt+g624tBULTAa7sVkJh9tEdZKN33g8qk=,1191.0
consensus_latency,T/SqE5hJ90gQ3qgZRScYAK0+pW3cXFSoiCsegj0sh8I=,1188.0
consensus_latency,CE/mT4a+NXbN+bTVk1jI4IHZGh1R/rZYBFa7R3yJdTU=,1138.0
consensus_latency,7lmNOLcE3Sxg30Ixmug7CUWUT4qx+wV/+/mVX+Wbflk=,942.0
consensus_latency,tOVTkkKt6cklVTnWAFuh/6pj2QzhkfL2LsLs2AtJa9M=,940.0
consensus_latency,wN44fcfp0PKSAKshAssCABqkq/L66EWVCbF3BcyII7c=,990.0
consensus_latency,OWe7+6Sa1tNM0qdnTkHapH+2aBOnWcTQL5NxP6/gBTU=,988.0
consensus_latency,g+9GO0zKv6JmKp+kSBWRj+EYKLLUzmUtVy9a+aMarSY=,989.0
consensus_latency,y3oydOV+8ulFympoYllNsq4skjU1OssrlsH4lfV+CMk=,990.0
consensus_latency,O8qdXwgzToE234GnNevjLDNwfrS9pVtyGHKy2Dcj2Ko=,939.0
consensus_latency,e39a7S5x0VGFyyUrWRgyV3hqiIDGqlX73jXJMOWaRKg=,939.0
consensus_latency,HpOhWIAlv4dd/MvQt88mpjZmdLWygD9KAuGTUhZ+0A0=,989.0
consensus_latency,tlObawWDKPypzCIr5+SjIQnr5csQUdHUHQ7qcirYpdg=,991.0
consensus_latency,b/cYy5Rm+iYe1ujEQzr8RLHMU/ddXV7JE6BrBrzRKUM=,989.0
consensus_latency,qmY1X1v0jEiKIN8upmdYijYOz4LYbGZv6VDONftHblE=,989.0
consensus_latency,fZThyoRffVc8t3qvL9ntgFFOBSd3n795pDD50uVLgt0=,739.0
consensus_latency,rGNJszbuGsj7yqsJzTpIHaQ5ji+beHrYBl2gaUCW+y4=,735.0
consensus_latency,apyhNmkXKwglgpI1ht7Rtmaec49oQGfhtqUY3uZRyk8=,539.0
consensus_latency,oAqXGTrz2pODoR5610DnK7fOGTPtmaO5acb6IKxY7Ks=,539.0
consensus_latency,RSWBnC1q9zB4/gU97bnaK98pw7lFq9U1ub/FP6WGuvM=,2248.0
consensus_latency,ZBOt2nHVqGqp+YrG3iLkGKBmJRGtXqUUM1GSeL6VCSc=,2047.0
consensus_latency,1W14zp9qI8a02tMVlG6rQ1MkjHntI3nQaU0TII/+p1A=,2047.0
consensus_latency,dXHfi8AqGmcsyABjFz6S70N6WA+rx6C6wuSdfLPNt5U=,1922.0
consensus_latency,7NOWvbA3tXQ6V5TDB3S4iH/QiHIhGDYUMPWTNbreuUQ=,2048.0
consensus_latency,dj/qbfJ+z/bP6tkA28wLE3Q3m4I7RDZdeeBa/v3AQzQ=,2047.0
consensus_latency,tNMZXkb1bK0a5i9OIYv3kDqqLSb4YjONXlZHgw/3Igk=,2046.0
consensus_latency,/eXlsCbHwaIKU/Iq1wkZPOJ8YAZLAXRKVi0xjltI100=,1999.0
consensus_latency,ofgiTMtEEfjzlxrAlqlK34FLfSYvZNaaWuMISywsXQg=,1993.0
consensus_latency,XDGJsXJRqzsLAWjGFX/8aPcOzyrhcDmja4lMnp949QM=,2049.0
consensus_latency,/asL41gmcYFXX1Ue374homUIGntyPOYMUCJTrjX5bXE=,2049.0
consensus_latency,sjlE4bLdFWmpLRGCKYi8GKtZwMBJMQJbD4+yA2oific=,2050.0
consensus_latency,+2WKzwaxzeaANl5vtiSjqUPE3NSQH6iW3HAc/oCb1QI=,1848.0
consensus_latency,Qy2pXWDViSVF6E1H+SbNlH9Z/Vrhxxv/biYuszIrrh8=,1796.0
consensus_latency,DsRaKWdPZfaaKLtB4N7PkjHnofygfGhclGwzTE/Bs+E=,1850.0
consensus_latency,THmvcWWSlZBSSEliXDBI7gd6EeejAK9efMF4ooivUPA=,1847.0
consensus_latency,42iiEVfcRwqiFFl8ddL96znViYbq6/vb5eQInErvtNQ=,1849.0
consensus_latency,B4FlYdJKyC0lrwFy4/FGFoh16lFA5UmOZU8GvwuZtww=,1850.0
consensus_latency,e5NxWVl7pitRLjH8JTinf6F6UdoTRz5WfCyKMOnIwfE=,1850.0
consensus_latency,AnBpzDsMZ7K9qDyP+kNoHs+nytvlW9KvPxcHn8+LR/E=,1848.0
consensus_latency,9ZNWAI+KqvcTz0OOhzaHPslWxjcaqPQEIIBkwT/JaYA=,1798.0
consensus_latency,yDgLI0F80yKDO7GxJhXd7V6X3ceqQ1iEgVx2aNhet6Q=,1648.0
consensus_latency,PddUFPSbMNhS2Zw49hKOjdTfXLTAgGYjJffEXe9REM4=,1647.0
consensus_latency,SQ6Li6nImwDaseWJsV95nnL3v3NS2uE+1OBz/MgzAyQ=,1647.0
consensus_latency,My9Q009pfzeapCdlsUUbXDmjVgztUPD/7+6efcLd0RU=,1596.0
consensus_latency,Xy70bNxqDgmAm1Y3Y7SJZv3PwGiZp6hfQiKzyZ5lVQw=,1597.0
consensus_latency,5CIH5nw7xh5V+n8wF7BlGjXXUMT3TgoUAbQSSe7SM7o=,1649.0
consensus_latency,YwTB1YX6EyAGrHKgkrpqqSffHj+3swlomdifWujQvTA=,1650.0
consensus_latency,02TYjRIBzOeaTPQ8fja7LBBX5GjQU/JU0CYqC9f5ob4=,1793.0
consensus_latency,hZKnK4fPkebvgD9wg1X3HGmx2a4QALtp81cTuCjmjK0=,1650.0
consensus_latency,bSniP6g963Wo0Rd2T75mkuLLgCjqMU1YTpyZemhlH7M=,1648.0
consensus_latency,UVngsROOaqhV8JZfUqct17jJ2VzD9j/rSc4Efe9zQMA=,1450.0
consensus_latency,UYr+rAclogYwi38KeHZ/32M8r0LGGpfnEXpzQGLygkw=,1396.0
consensus_latency,o8r4EJWXB6kKwFmwCcFHELoGJEt/PlGxCPwJZmPhH0w=,1396.0
consensus_latency,7JF1i/NlUtzlrjxz5Mu4aBl0tJMEAOWal9U33Buu4E4=,1448.0
consensus_latency,Q3TgFETQX/5pqiLDHTkJ2D170kGbHIlI3zQy5B7+u9w=,1448.0
consensus_latency,CN1N4AEZe1VgCtvpKUB+IMgV2gaPBf/m690ZI8pBahw=,1449.0
consensus_latency,KouHTYEzrQk+DS1IM/zCqM5muLUmDJWwy4oLYvYqCAQ=,1449.0
consensus_latency,WbtMd1+QUNJUm373C/Zmr+4OgosLnR6SQLR60qlAQpw=,1427.0
consensus_latency,erYfDndeX6ufZ3KvSC5rtXYCDWtUYLoJEsI0yTdlfrE=,1427.0
consensus_latency,pWPZrC3nikohzVQPG2nxWsQzCxtMpoHHrMdC45Swp9k=,1398.0
consensus_latency,b5HhuW54ycKWS2NamSRFzXULjphUG/zsPKe18DMM6yU=,1248.0
consensus_latency,dvzaSylKDGS18N8FttQyno230v/YU0H07rYemRXIa9U=,1248.0
consensus_latency,5DnPfFEfhLH2I4NN8Q8lGUh1uu9WTOSYhyzgCTY8A+w=,1248.0
consensus_latency,/XFgUFoR8El4D77rYcugJHMYMb0mkIaQED9LD7VgnpA=,1248.0
consensus_latency,KSqjDKZkByKwWBUVtkBsropxngG7ZK80izMNTdOgJ1k=,1250.0
consensus_latency,nR7o2Ms0hB7kuQP+R4AQiOSG52iQkI1HIqTqnkcbjYU=,1197.0
consensus_latency,J8/WaUB2m9EprJgwRWU2jCZDP/XZjNO/gRx6olZxk3g=,1198.0
consensus_latency,+IaotjGIdcr9dxKTr14dp3oTC3ly2Ar2ShbVzcofpms=,1198.0
consensus_latency,hRDIpo52FN196/imZT2oBY0Z4QlxaIaw1rHvNlRy04A=,1249.0
consensus_latency,qbtAzL9xgkH9I+UhoCFw1t3Bx/vYLSuO3M5I9HA3mV0=,1248.0
consensus_latency,cga4a76nTH2jPe99aeMi09RIlJsuqU+Ym0Nvz5669ZY=,1227.0
consensus_latency,ucVrkl/ClGd6XpvTVQXNJeKTsKGQFqxWEp3/cYYL5Fk=,1227.0
consensus_latency,Awd+K6Wzn5FdHgIJ/x/xuj3EFnERzxE5zHQ/4gw1m7s=,1251.0
consensus_latency,mWPAxET2j7MntnURWtIoWFTn2yuxrkJC2XvaTxfRzso=,1251.0
consensus_latency,iqc/k1DcWqCftMjl+TgyCgfPXrXfS1YMpuwF4cG/F+M=,1013.0
consensus_latency,fqjClpnPJg4JRGV0ytufqKmjFEPJXs/1w3SahjVes6g=,997.0
consensus_latency,B34SKrzdcsYoi/bStDI2IPhHBaNH11PYEHbrF2CCDUU=,1048.0
consensus_latency,aRLATPT1Rfyl+oYjzPrhaQmA1LpqlkR5LO1YSmwVOFw=,999.0
consensus_latency,DqR2KjgdXSe9qDRdBzwr9JJ3yI981gSsRW/4LtIgDIE=,1051.0
consensus_latency,VO1nFKV3xq1Y+GnfOG3AlOmLsByt0I5V0OX8W2l2bd8=,1050.0
consensus_latency,juxiyB9055oQ8r4RtZ56WWDkoy46mTgdUplmNykun2Q=,1049.0
consensus_latency,Hy4ZKH4nhtn7KqDCGKfiRcjmB/I1rM0K76MIKC5DKrk=,1051.0
consensus_latency,1rvGVPb+VsGphvijhEcE6cvIdz50yjvXiinA+J80kOs=,1049.0
consensus_latency,z6w2VYILGMkJ+lhawk5Hgqk9GFoKzPyAwgSInviBif8=,851.0
consensus_latency,zMrWmJHvUiQ4uTzk392pfdr7ug6uV2b0h7lxFTXEGlU=,849.0
consensus_latency,iWEV18zh8pCJtI2skOJcezoTWMe+b20bAi/9I8+QQyg=,848.0
consensus_latency,DxlqKb6ZIKqrKV5UihQwoGQkBV40vZcnm3VjaB9LO0w=,851.0
consensus_latency,6TUGz4zYiAeWJz0W0YheTyNNzt6tyq9d7wJNhAXFWCo=,851.0
consensus_latency,pO3yqPLQ5myqmqvkxO9bChJsOJuDb2NPdySnAdlDduU=,797.0
consensus_latency,2MkQvjED7BPLJwI0F0JWumoyGabgVE08Nvzg7PCL+IA=,799.0
consensus_latency,7BYJl7bswP+nQlA7OEfJci7wm6P+3lW80tKwhoeUm/Y=,849.0
consensus_latency,4dEF1y1WwmoZN0PxQHhRIIY9Sh8W8O5XxW1JXwyyXsE=,813.0
consensus_latency,hoNAG1zF3liWK7RpBdtRStqVqPHlLVaLKc/SgPfysmQ=,851.0
consensus_latency,zYLT46icTnsfIcnAjtg5/9fjitJDtq+Sh0XYh523GqY=,651.0
consensus_latency,z9/NaIXtOV2kFCIGR4CvukKCx7PlNi6D0OVCd41Q3bY=,651.0
consensus_latency,VJi+uYH1Ka4WoGk/i+Qvv+1vdG2nARX+ykqLlg3RkSE=,652.0
consensus_latency,aPYD4x4z/rqZXBqqx+cnDmtG42FB6nSRRuAkoUJBnZ0=,650.0
consensus_latency,7UTvnHSEPMYzpbhmGVrSBsmyqYDZbUP3Ikd6f7UwP7U=,449.0
consensus_latency,Z8Ff9GDh+q0ym1jxj09B59zQpylPiDtfwTUGBscP6TI=,1364.0
consensus_latency,1+6thHkL1o/MkME2iHvH4tTmkCqRdQLl1AvgEzZl9Sw=,1364.0
consensus_latency,GyXHAQ30KIMQQ20KRytT/PZiJAqWeYPLw0UOEWNSrSA=,1363.0
consensus_latency,PprRDob42jq+RSzlXAn53AVUHw0NhcbNiG2sTcnS0MI=,1363.0
consensus_latency,duxzKZBdm02N+HnYcl/BsSvTc7XsesYGSy6mik1Zx18=,1216.0
consensus_latency,uR2xk3G9fw4fLJHzvvsinrcZ7X25jj+sxgRMKB1MWAA=,1215.0
consensus_latency,Ng8M6kp4MbKdOXSZNtTEvf3eYz+aZmxQp3iqvNO/Lpw=,1164.0
consensus_latency,wbxlhj3XAMZOggIrYXlmlZyFtllRogDY6SnyhrzuSuA=,1217.0
consensus_latency,EzlyLvCBLlpK6WOiqUL48IaQSU5ELrSYuNVxitf9fEI=,1217.0
consensus_latency,pt6XRm/4cO9OggENbVlrGa8+5utblIG3FpW6ezrz13s=,1215.0
consensus_latency,rKax8QQe/VlVxglo4/Q+SkCMyMTnh8bCPyFUG2xKZTQ=,1215.0
consensus_latency,lOhRfUer11Os7nmpseiZZLDhDD0TvMnE9w45bw0NouE=,1364.0
consensus_latency,NrqMtr9gSfuaevXXnD3taNJBuutcI6pkKyxhK03TLPU=,1015.0
consensus_latency,dMv4hdqgGRtaFnOFtzaflelNpn4MKyOXalj0Tzl8k6Y=,1017.0
consensus_latency,hMxCPr283K9lBZEjUX3qlk+2ga9TEFA/t5ABQniHo2Y=,995.0
consensus_latency,usOJ3c5k1vXfruNptRqVL1lL19vgjQ9xpd8F0mFa1Sk=,995.0
consensus_latency,sSrITyF4IcvlddvlbsPL+QNnCfs6INYHd24xfKb33YQ=,1014.0
consensus_latency,sG7xd2ZBQNd3KS1OsvmlrahVjr3TZmN/ssW8s/YbCoU=,968.0
consensus_latency,+bkkGkf2ZwR4t88vvcwo24f08CHlWOvezs8egYg5308=,968.0
consensus_latency,fduEK9B3xlUl7RfP9R7BcVkw40qYaFYupxE+N2vaE1M=,816.0
consensus_latency,uA9K5tdc+Kt1Q8wZnyKCB2DppTmTNv+AegghBVdKfx8=,816.0
consensus_latency,hsd+1JBy2NeUwmrFZwYRWFql9eMM50ELBZRAKleCIWk=,1014.0
consensus_latency,iM9lnoWp6Z+4PHqA9JWRvm9ueTEU8C1ZxWBO0Xlq074=,1015.0
consensus_latency,jOOdDUIz4PPD/HP3EBu6VeDAV9VC96u5Bo28cN25NCM=,1016.0
consensus_latency,1xzTDHtt2/8cprpg75v1EZbCVvOaYpwFP0PTefTisNk=,1016.0
consensus_latency,wtuwy3z+Wms2aEeKVyAhmpkcfJk0+3qPh+0UIyGv1Cc=,814.0
consensus_latency,10cftlbfkJ48AhehymLIVzLzpckegEGE+MbdQLsyqBg=,965.0
consensus_latency,/AVmovZjuYOQQNkYXdrD0c9yhkDZ9GEABMXa65KEzU4=,816.0
consensus_latency,BHzdx2EAzRGlWG+pespatOFlyxbYJx77rYJU6Q9uxYY=,720.0
consensus_latency,mY+4n8IGv5LnIFA8EsarZzNilzuY4tJkF7IIYxSgxg8=,720.0
consensus_latency,nghN4P97nCCzH/LAxjG8aWmogrs26zrpw7dMr15AlGs=,724.0
consensus_latency,+caPR+jskvLDcOc3iskyFnJWUzeRAtOLgUyP/KiMl+0=,724.0
consensus_latency,QlRNiFey4jg2l6IlWZS8SuzPn5Nx7e9HIr0mT03qbCc=,723.0
consensus_latency,/8+Kmi5oJA/mrDJ/2M77nHCqilCzJh0AkHaCZpWtX9o=,723.0
consensus_latency,BjysGQL88Fyj9a0+OvdWGHAxtEYRQHyJJRZxPAj35vE=,524.0
consensus_latency,W9wRNvFDhHnxICZCaZdjK84VDm4PpUIIcTMYLgN/cRs=,1517.0
consensus_latency,q4e8KO3G1MtVbbhViuSF+ZV/OJWg2oAHpjI9TjoGV80=,1543.0
consensus_latency,1aSD9/gO7TV3UYtpY/FjfevloWBxa/l2TZ1r4oLue6c=,1543.0
consensus_latency,KnozmMZJHvFeFgGVBJs2YhUSAxrk9O5mB+zCMpy8Ikc=,1433.0
consensus_latency,bje9l/dzfU1tX8Zy7+6LUqJ+7Fp2z4uBAR6En08vcMU=,1433.0
consensus_latency,WfU9oA9HJkt9l3zYCsel2BDqOveeU5bhnuAtA6YY5m4=,1317.0
consensus_latency,l9Bhc97WEiclAZC/9pivxRmM7dSHQYA9m6hi/kYfvks=,1343.0
consensus_latency,OMtvR/euVWnfXOdfIWZmZm8UKHf5l1oGycRAQZNjKyk=,1268.0
consensus_latency,IcB20SVOmLVzGF3mXA5SkEuvn4vdvhJ5/Csa7KSMs2c=,1362.0
consensus_latency,ctgXTBF3tvOZ2fu1NEJYFDQ/Qdbo69qlQdy9pefpcQA=,1362.0
consensus_latency,qw8yn5OgjWnMx1A2ZIPMB/AMaZ01U02t18ofW8PV4yE=,1143.0
consensus_latency,RywyS+z9HHIiCJXg0qxOgiTuoRWXOAYddWmGIlVL0BM=,1363.0
consensus_latency,W+PhRU5KblrP55aSSHI9IlWsSRHrqpgBCUa9g0q40yc=,1363.0
consensus_latency,pp8xb433UX7Es9x+6xWB4i1ytnM6O9XmhMpaqVRjvwM=,1365.0
consensus_latency,fiJ86CB9tsFNLV5AmXpuJTvxlMzOeZTzePLH67w4WtU=,1117.0
consensus_latency,1QuQD17SknaA1Q88cccq4jI57UK+x1IjjgoPMNx1+Lk=,1117.0
consensus_latency,EL8wU8F1Evc0yQO3H9epoZHAZVGCxaNQbZAm0zuzjPw=,1271.0
consensus_latency,xSmsAXBoVO/Hj7K9aay53qukEEyqvnd4ZWt6KcYc7JY=,1233.0
consensus_latency,AvdNJmnYHdYhVcb7N5peFGoUOchZDLUFEacRWZryAHg=,1073.0
consensus_latency,KMDEdIyLWdiUqYiPshrB4Pg76L11aLdKW+DC1ClM5SE=,1072.0
consensus_latency,gVgHgIXuwIqAtzqS3foBSknAD9EB3dLCnqDcE70gArs=,1069.0
consensus_latency,rjfV8YQM4REinUpeBCJ/IuqeW2I0Rl3YSVMhFwveRkg=,1125.0
consensus_latency,6FIX4cMjG6is1oV9yj6xWBDRed0KpEXAoA0vWHO9yds=,1129.0
consensus_latency,ig0oL0Y+PGa5zBBqqZkgtyXY0WBb264JVdPndCcdFjY=,1126.0
consensus_latency,HgovQCqaH+4d2WmkOIOMZjPpuxVM3u6MzKipZlygH0U=,1034.0
consensus_latency,2DgRt2kcTMYrc0sW8U7KRiZJXw09MaFIGbB8Oicm4Tg=,869.0
consensus_latency,Ik19S6qHcEWsaAdQBp9HLluU1DyRxoKh6J8kB01pUH8=,929.0
consensus_latency,I8xWKw4xaoX/AmaMNuKLvbdZAVGOImoW0kigycXIVIw=,929.0
consensus_latency,Dg0CKv1Q4BCzitXFhpRqshnfXm08Hq/z+q5FZctMqhE=,926.0
consensus_latency,u7djRhDobsPmYK+qbQnO/tQMV5K7N5EPQfDwk4YicDM=,834.0
consensus_latency,NyM3x+EhhZBCx5iVFsCl2Fkv60clrQWtOke9HyCukwA=,918.0
consensus_latency,x31pxc+jWOt3gSAj4PMA+v0wQEg5F4fHyHnKAtv0Ooc=,944.0
consensus_latency,IdQ90DOuBKf4/LQqNOxCo8NwhDbYkBGafamRTIBli9M=,873.0
consensus_latency,62OrWEvR63FJRn48RDiXScCPY75ZSzbVirArlrIwODQ=,873.0
consensus_latency,mrkZMnO3E9qa6Z3P2EttZKWSlCu7wAXMbOD/NYEVtqg=,925.0
consensus_latency,lOKwpTuA2AKnOVw0a6V+vAiD7R0R+5UqX/OhO4jcR74=,872.0
consensus_latency,qwu0R+1qzl/edSp6K+goFZ6DotNucHGnnqanrUFZYKY=,669.0
consensus_latency,ohCeDq7DUGEJ+ziOeOt31qcfSyFP7vpzmYAlF1OezSs=,672.0
consensus_latency,pmCieCK7S2LXCjGu0B+pCEWlhQqTo3hlmryTEv5u4eo=,672.0
consensus_latency,rr/lR34lIzPIXHezNRgs3fAp8uUxrcwf9cC96CG4fZ8=,725.0
consensus_latency,/QwikNz4a+zZl8gz5fTzrNhlV+67JC7GNPDH9ofzHko=,725.0
consensus_latency,eXt2QoQ/tgM96ogVTaCWaT5MyCBZ7lWTsRnzhKylqoU=,728.0
consensus_latency,MSKn0FrcAhFKUkFSFVJIN2FCFPazUSi3rDLqA051BtE=,726.0
consensus_latency,vukYLAcpon3gNzp/gB4aaMdRPFir1UkFqFYpWsUt58E=,526.0
consensus_latency,0iWpLb3EH49wo3Yz4ipRfUt5UZYaAt22FRka/GcGDhM=,526.0
consensus_latency,F7Jw6KiUMZn1HutwoBRC5h1eeEiMWF5XnXHrSeTX+Fs=,1432.0
consensus_latency,Y9ekGyKbMtLkpoxeKypkdk/QnH/OXTfeP/kFPrkppn0=,1435.0
consensus_latency,ofX4hJlcerGAuTt0EBlUBROU9Tz2+lkpxmp69Rdp2vE=,1228.0
consensus_latency,9vtwpZn3CDP9uCrf6r+nffA3Q0kUsD5MEffpE4MVWFY=,1228.0
consensus_latency,BHkW0V7WQarcFOo+jYWyEvVWNOtaK5LJRXkkXsFNkpo=,1230.0
consensus_latency,xRvR9MuZQ/CAOoDFdbBn55urRnUPMoD5nfsGRhPiLPo=,1284.0
consensus_latency,51S1He1UXE1SEPyLPPeDY/IEnIn8cQroBuyXCvaKGZA=,1232.0
consensus_latency,eqgfr1HaGdotHwLhfV8v7lnjFLHKtojth0CHfVeSAik=,1392.0
consensus_latency,lbsSrJPj9YcRuZqZB1A3gn9VivndU6NNrblWWAJ8OGM=,1392.0
consensus_latency,5rreA2vomr8JPSVmzr8/7yYqco0/5Q9LcNZJS9QmxGc=,1287.0
consensus_latency,X5Gnrldw8Te3ezvIe5qPADrJEliTlWzHcztfdVbUvr4=,1235.0
consensus_latency,1rY0/aK0u5KrxxWk8Gs3/N+XYnMZbbRoFPph0sYOKwk=,1235.0
consensus_latency,Lax0frU+lrhp45yEEaqrP7iIAPjKvW7gyW5gPDObkv0=,1233.0
consensus_latency,EUYQFVsxCXkNa3txuBIxlxLG8RHtRd288XQ7aQfIX5M=,1074.0
consensus_latency,6ZmAbsAGXCHDIvweLe5eAu6YPVoL1UPVZziVjkvhXRg=,1076.0
consensus_latency,BgqBS8IWSzu7O6bzb5HlN4uX2nWU3RLnmh8LxHm8jN8=,1034.0
consensus_latency,vwUcKPZPujAyDuY08dlP0oHASLwe8eZOS8vL+oG7rW0=,1034.0
consensus_latency,U0XzJdT6HysogVVxXJoJlQ55mu02JQfmzviv6NSjbGQ=,1030.0
consensus_latency,nP8rwu74WgHt00bflBRFzgGZR9/4rckoICL+/krJBqY=,1030.0
consensus_latency,Fb9Cc178OdvjoSKofUtKZ/y5nutEKTQx0GiZM+jzBrE=,1028.0
consensus_latency,sM985s/yMuoG7MoR+P6cTx/foU04ftX+J9g255UafHA=,1028.0
consensus_latency,br532+NApyW3m7LpYDrw9rBXRO5IybS0Xj61EA6kiTg=,1033.0
consensus_latency,FwlVB8wK4swTaE+dKc1TEz66sSgGnOxXKWVLUPX7vzI=,876.0
consensus_latency,4TiMGb7uISJTuZBtFYqEZ1SVAkz6f6YbxaFCd++w5fY=,1033.0
consensus_latency,IYZ7MPEAoyviMxhW17ZiR0fCbYMFy7DiHmEF6+JkRIo=,1028.0
consensus_latency,QPzAfUHwzKxYHJw+Avn7y7IKTWuk7WihcHERpv0edAk=,874.0
consensus_latency,SsGCbstBOePvERHqLJDQzV0jEKTOFann4OGNLPZSDLE=,834.0
consensus_latency,9SuPm6fMHzbdioUfS7A4eMQQE2qhVOl7BsqQXnUp/K4=,1031.0
consensus_latency,c9+2BvowPWl9rLkpLnz09r+XHWw2gmI0+ITlxUfR7O0=,829.0
consensus_latency,VKlqhVV7XTKRKryXyOy5dW/J2/kjm4j3UlarLTXW8V8=,833.0
consensus_latency,c5Nt5UgNPskJq8sQzf4m1FBSNvw3L8xYIASrd/GdQrk=,828.0
consensus_latency,TeZXdGqHwTa0+0wHhJXGw6N7BX+znm8GlqmjCSj34cs=,764.0
consensus_latency,tY+1CTl2aP/cew/BbBxFDLVF8eoslga1U+a6/4lWyUQ=,764.0
consensus_latency,ZQwypyIsttKc7ch5gXm7Oztcp/qJa3H77KFaJWrSxS0=,763.0
consensus_latency,0Kqn9/iAJIiXZHvoaNhGJ5Oq62xNjZu49ms9Z3RZQK4=,763.0
consensus_latency,F6lnAiwvPwBSmQRpxR+yvi4Nk0i+Nzou5+cVTO4fLEk=,764.0
consensus_latency,7HNyLsnBDP6cCWjjm9588ke+Mac0tPD37zE2zZ8/zfg=,764.0
consensus_latency,qaMBqaBV3oc7zrvsuABgONMzi+38dx8E6BVCIh9aY7M=,629.0
consensus_latency,c+VYsG5AMyk7C1Sn3IV3wYUXVi0VWYv/VOHw4lh/7C0=,428.0
consensus_latency,tU3Rs1GxN/nYeuCkdyPORdQ9cLJYAs4nqfVN7fAUFt8=,2067.0
consensus_latency,yAo/6zU0Lr1isKBS6tsuH3JNqaTR/zTvpscVOGIhTUM=,2067.0
consensus_latency,5sBPbseVtc5h8DpBqG6mbiCU9Omta4LBCQnlJCq+ovo=,2199.0
consensus_latency,utbmrFP8Kn9t3jVorfuDJppY/jtc704PwLqc296hqBo=,2198.0
consensus_latency,G8hmWJDahpL+gkQTDDHOp9lSNORqFqi+Ikm/ZewCjvo=,2064.0
consensus_latency,/fqKX/mMMh+oZE1ml/t2IB0DP2iBMwq53PwYrVGVegQ=,2064.0
consensus_latency,Hs/7pFqTABTfuMox26voGAZk9FV+wTEKGwTIKgbmdfI=,2199.0
consensus_latency,Tib6K4aij6dPmRZ3wZ9tyDSB0E7EtfBrjt3xMREN5WA=,2111.0
consensus_latency,gq/U1abilWV0dL0tiTYpEPYxb7grymUF465tjiIGXFU=,2109.0
consensus_latency,fBIA6umSVOPEYJPpVcpBVkVtv7iJe2YA0UV86FYng5A=,2268.0
consensus_latency,PlKQAGdlco/S9y/T8JJPyy8Pislr5AYrfaMqx23E+LU=,1999.0
consensus_latency,xMwXffrvg/l9gXEfVKmbnKLZi7e0DKFK3JbUmlYWGzI=,1999.0
consensus_latency,mR9dW+MpcplHc2iNBYp9F8kWzZlnzi7W/ZiZnd6ode4=,1998.0
consensus_latency,TmsHtAq5aqCWqCa56zZ6Y3kOuf/UaIFgnrGosY3kuHw=,1999.0
consensus_latency,bWnkgNQLg6pUlYlVdg8cr8nugHFcsxRjx2K5ZYDc0U8=,1843.0
consensus_latency,1dhpikqKPGOok3vUp9iPQck7NTB1u5SBOfxTqX/bG+U=,1843.0
consensus_latency,LI85mg70h6zhoQrG95S/LCv9zn1beIuspoZUa3aKHOQ=,1911.0
consensus_latency,SamdEONN9DxlX+NulY69/Iijx7qubCF/s04KSOUyKsw=,1911.0
consensus_latency,72ah2nVmkgRbt4XTukL1xtuN942mFsNdRUkwF72tMao=,1910.0
consensus_latency,ukvW+ttewLTIlNti4n2JRawJAeFkDewu6F0HJZ0o4WQ=,1999.0
consensus_latency,uOB2lJx7ZkuWu91dq8ITDXBec/yS2m2qH3BMGI4k878=,1798.0
consensus_latency,L0UU9H+ByHHzxSrJy6bg27EwcLHeP87WDpMuJjhbYFI=,1864.0
consensus_latency,ZlC1z2D57jp2MQjuDWA847hWsAxDL2MAxyyNUtO5L5k=,1864.0
consensus_latency,+vk+/Z+WTVgU4BZRvFviL0QUUlFDaU69hq2oGnYvQsg=,1799.0
consensus_latency,AXYF2nnaqV7Gbh7HQy9BkjsXPngb8ttfqnlCq4Frrws=,1800.0
consensus_latency,684a0UAkJLYG3Wo/CRFd9l/Hks29Frg+KiXbQJ6tpWA=,1865.0
consensus_latency,Kgn2g7M4idriMwvjjcAigpWf3arS6NMlAzcHaY99eRg=,1799.0
consensus_latency,ZIEI8+DbiJhQwHBdMLbskdVB6pxZev7YWLDcz9f5UyE=,1799.0
consensus_latency,UuzyFI5C1LxkXUF/erpdCMf6lJgMmd4ILNQ/Z3y7ZR0=,1868.0
consensus_latency,i7SNm4uqiKv5PWUiOb6Uov4yjfAVnnaYIbUm0tMGw9w=,1710.0
consensus_latency,6dw1z/Mcbc5HGEvKhs2dfdNN+d87q2jX1Fe5Safbqnc=,1711.0
consensus_latency,B36WHuYTNn7uuJ8vF2wmxPxk/chUGbKk46YIM0hCDac=,1600.0
consensus_latency,MSIkH/PKvYEMVf74NOQzyC2+UxcYPvbiVMoWlEv7BF8=,1597.0
consensus_latency,LyMmTwafW0Wm51nMHDr4/4yle2flojMbQhoHufRQlMk=,1598.0
consensus_latency,Xlp4F6q49Eze/kXFAfqQjpvS5UkJdmng4pNVrwQKW2E=,1598.0
consensus_latency,5e86fZ6uRArUcUA6ajMh3uBiWgBlWU4pG0cjGMWnVeU=,1618.0
consensus_latency,JBfm80ml4OMWugUQc91Eg0u1DX5kYjT3U9PG3JP1roA=,1398.0
consensus_latency,kV49p7VyNTJrGOT8js31NJoJ5Q4dwVe3wdQl7tCDmzE=,1411.0
consensus_latency,uq4CLk3rk9i3IWwhlOzsy+xVeX2JnO2HSHRtbAJ3Jgk=,1599.0
consensus_latency,p9/ART73QgvtuC45qlYbOPh12Aih+gxIdxs6MnAh8Z4=,1418.0
consensus_latency,0P/Ps718fmj/omJqkVqqGZlfJ/mx/qOKH//2NAW7OPA=,1418.0
consensus_latency,Fo+7idkN2YpeCr2S3biSFy/lF/Irpz54J3L9IVDYj6o=,1412.0
consensus_latency,IJjitjyQoM7FowpjHMMQwXD4jJgcqjxK7wGVc5K8LzQ=,1412.0
consensus_latency,v3hXG1F9qKBZ5SniYKD3W4rXKYrbuQ4hW4O5NvqBk5M=,1398.0
consensus_latency,8BlFChp5S5AJz0suXkKRQRCV79WFjxU/tdMhVSfszDA=,1398.0
consensus_latency,6cUSf9atXT8Tlx3DfyYN9UbwGNRvxijs9NOKot8Pwvc=,1401.0
consensus_latency,lvN0BnIQd7n1hOYKygPphiXb4MlH3+ZGpyifz0xZ8I8=,1512.0
consensus_latency,stWqOGXT21VvE9b7Np3xir1vVoTngFNcwbiwl+CdHi4=,1511.0
consensus_latency,gpVyn//d2iZu15cr5p9bb6cjrPzDKCItMG9hm05fVDk=,1212.0
consensus_latency,NnAkuFwhQEP4onedPK+zgrWyeKZ+AAjIUMd7cNqLsaI=,1251.0
consensus_latency,3cMQi9VTBM0fUZQUzFS5WuQzL7acS+zCietysp41B70=,1251.0
consensus_latency,xDpiV9Djsjo0U4RbjpRullk1QlRDRUrHQUAKgndVcZc=,1199.0
consensus_latency,FBgptpzYTl7Gty9JeTrcz1mFB20c6IfzJ+6vVOxrusU=,1253.0
consensus_latency,cyrAu7FCLb3kN3fS2WVUnH57vbsNDiQ0lp+9oOFwPVE=,1253.0
consensus_latency,0Mj9yAIJSMlXTuYMmNSPIKimOPwfjXebygZ3pOozWrE=,1198.0
consensus_latency,LjLgVK3jfEQULZvGCfuYAC6RKp0xUuLiV8szG7UJY+M=,1201.0
consensus_latency,4pow+89dLPBhHjgqmNiNwhDO1fqzY8mq8NCjRM4F0jM=,1201.0
consensus_latency,wyW4qPtrnno7MBrGKI+BDp7EgKasSseIkA3jpGe7z5E=,1218.0
consensus_latency,JIoDM9ertwc9Sryj3iVdAQvzrx5NBHC/1wSNsAGXBPQ=,1249.0
consensus_latency,daDQSvm69Y/bLeiyQFHYV/S8RBwEGSkSWsg8KLL4GWw=,1249.0
consensus_latency,xhADIIKAJO+QujQRfqdbn4I92F4NyEy2iocuOmvE6f4=,1212.0
consensus_latency,6MffXKu7r42usPXf2tQHaoM6kefDztzmQpJ5ICIC1C4=,1212.0
consensus_latency,1YdH1CXFbkp1Ea5z68fxxkuwV71uZFg8HE/kREMGE/c=,999.0
consensus_latency,9TGRHXKNLfZEyWjecbwGHNOd0EmGamAal+9jK62dwWI=,1051.0
consensus_latency,tWF4mfnsjOa3hVOq2oNTvQ+Z6muSkP4OM61BJ3FMFtU=,1018.0
consensus_latency,88ulDM7b3520kldmg7Hn22M5n5uYOugf72wBuKkFXBE=,1012.0
consensus_latency,1k8cAti904RqOQumKwXuFyfCT2bX9QKeHAgZPtNJK80=,1053.0
consensus_latency,AdwfgkzHBqaQ4M/3MDEhPj01L8KbOKnIFA72VK1blno=,1049.0
consensus_latency,EHv+iGK+3bN2d7whzG+HmnwMvRoxjLul5r/ykKFz5ZU=,998.0
consensus_latency,7p2WMKBGCAk/8GyXFyr0sNgqWsrm/BrvI4seZ7EPM9k=,1012.0
consensus_latency,QJWBYGeQk6or1XADRVN+sNWcceimi3QdPU0ZZbL+Nk4=,1001.0
consensus_latency,qtk9w1C70l7CIQtNln7Y7w8N/Qp1Uh5MpcYSNuud/Gw=,830.0
consensus_latency,bHdKpMAaC3k5oYv3l6OZgP/D9XSuNbISwGgS6beAQkA=,833.0
consensus_latency,tzOZbxhlkwCX4AFAf+gqyi0TO16a052VYDSpyAtSpJA=,631.0
consensus_latency,DzCUQHcIXyKLO71YjPa/d3JhzOQwP2c22Iyx0ctv7lo=,1752.0
consensus_latency,UF8PcSN6TdTcjmLmO9rE1prWEY73opZEJYf1o7yRV74=,1752.0
consensus_latency,iRVDP3pkQKsb/zU/+OmhX8foYUxtXOoLmlG7syABWXg=,1752.0
consensus_latency,MmGBumri6wZ11xrO1kEZJloNkDZMCuDyMoxLLQqxOVc=,1604.0
consensus_latency,mS/++C5JHRiCeT8SJYPM0FkeBMtNHWH3E8JG1p+m5Gw=,1604.0
consensus_latency,aHElqLjqF1oEhEJ16d7CyFCEXNiYSQ0k8D/bnCT4exw=,1619.0
consensus_latency,HSWFHhaCgpyb9xDlC1GevaU/8w4LxnYjxHCx2nL0rAU=,1621.0
consensus_latency,RFQrWa7t9le+pj8jdoN3ltyTM7Ccb3OCgLaqvTMlbrY=,1404.0
consensus_latency,1yGJRt6iUn4NNRj5CqFWZu9mrrUrJYgPpmLyS86KFuw=,1404.0
consensus_latency,3IqArv1+KxQAagKjnWvQqRlA4c0tR+35EnevIZXyWnY=,1404.0
consensus_latency,DY7Y6WNK1RSjSntEPchNOfA8hEsPg+9PkkVPWDHUAjE=,1421.0
consensus_latency,dIFizGERRKyiK+yoaJU1bOVMnsVGjmOplF1ITeZOjLs=,1403.0
consensus_latency,BEvaPWCNt/TOi/k9nZbqDr7Gvj7NXkBVcpGeAJRT1Qg=,1451.0
consensus_latency,v9VU6P2PnpQPSZRZ6O6xKkT00hEWU0V8tfNekGJaCI4=,1451.0
consensus_latency,xE/zr2lqjjXqStEObNRqe+xq9vTsnUMe8I7YB/vV39M=,1419.0
consensus_latency,ZZCjj95RVJGsTxjmrA+ScfXvjDBkABp/3XMEMfZ20SU=,1453.0
consensus_latency,821kgRHGfex+ZBVrCF+f45iSgaGMVMoPiYH8Iuw2gI8=,1453.0
consensus_latency,YpPuh52KvGkKpD+EmpeJofoQ6SY6yuCLPKEib+m1KBM=,1419.0
consensus_latency,xl6W588nT+yZdD/OrRebVsKAMWFhL2xw8FXNjaevC88=,1419.0
consensus_latency,YIoM4Rpql4ePhMukQXFBh/egJoZDXbM7a4tpB6BB8DQ=,1237.0
consensus_latency,jZ8pZplHpMN5/56c0JqZhlsIGGx7Ox3yRaDOBc+cLU8=,1238.0
consensus_latency,nDTn+xbo6f4qfyrm2K2FU4+e0DbNqfNxZCDipuaf1I4=,1199.0
consensus_latency,TIGIODSDUe/3YX8J6l8Au3TIrevwIkrV0iIG5A6EL1U=,1219.0
consensus_latency,PJfy2VljYUtBtG/MxDEeN0MqyUMilVAPjVaYdXkvKHM=,1199.0
consensus_latency,i+i/hzie+bwQKRtfcsCDP+zRwGbLnnJUz+SL53ydsrE=,1199.0
consensus_latency,zRbZBleg19GwdA+fUyYvE3s63aQY2/VXo1RprrjDKjw=,1236.0
consensus_latency,4hq8BugCOuLoEJZgq3ekkqJ86eMyCwH1a47PG/0Deyw=,1218.0
consensus_latency,t7Y62DYhg8qXFQOFQeTeEhCBE+3XWjHuctskiP6kfqY=,1221.0
consensus_latency,JS/7qoCtDG9RqH73LrPrtcau35TewELPcCV4yre0qHg=,1203.0
consensus_latency,Lm7E9nzoea4Tlan8oFb1J9IUrBDH0sxPFhDAZWZLfNw=,1021.0
consensus_latency,/oBfFz+PaS16LoQovFKIIS+FNr+3k6scOKB5a3X9ow8=,1021.0
consensus_latency,OYVoPOTKB4Kk2yqRz2HN+w0wlN/pILPk1u2d5tPtgh4=,1004.0
consensus_latency,2g6szxjU0y6KmE9Uubug+Q+5Po6KhJsw3/IhJVq5noE=,1020.0
consensus_latency,gS5mPhEfbbLHnIDkCKhWB/JrDicfG8KgQrX/B8W2Epo=,1000.0
consensus_latency,8z1x3vHg6kn4Za2gLGLJDvsfESGGzQQDpqEDa5vx9Wg=,1039.0
consensus_latency,ZQ+jmtkkezX80T/Y8BWAmYPbUItNFUUppBVBJL4Kqk0=,1019.0
consensus_latency,+PcEsq+AzwFzHrgD064gxxAmLGhb6XYW3aMUUTjjE/8=,1037.0
consensus_latency,9qxG/7VnrjD8T51t0e+u6ilpz9gz9MaFWsJcLdZDEvk=,1038.0
consensus_latency,5ruI/1zD7VAwYtFDvbTTFAA6iZYrsVW51oBS7kB2nRM=,1000.0
consensus_latency,Re3jx0zE+lo6YRnBYABztdBNF9V2oc2RYIZWAp0BtEA=,828.0
consensus_latency,tX36p8BrZzD7G7aNpu4zc3dUx1Cfi0AG5t5kIj/SeTE=,828.0
consensus_latency,EuYL2cH9VuS5SNCQq3P2ooSDG7OQbESE5fO0lYzfgVA=,820.0
consensus_latency,jm+335Ms+ZLmjTkKgD9GwojmXdZ+/+fxGu1c7JM8SOU=,829.0
consensus_latency,745rdnhU8PP4LImMFx3Q5+BTDm2tI9PhxMvn06Qn4pc=,829.0
consensus_latency,AJHIMYPVPl7jv+3G0+68Vznu83lWyD3meLTavU/uV1A=,629.0
consensus_latency,qavmeWI0x96C0o2IS2uO0K4geLPTQWPwCda+6RT4p9w=,1541.0
consensus_latency,1Dscw2MhvieuQYK01M/Un3guAIFCHUknkQjlIMpNn6c=,1580.0
consensus_latency,DxjxoZdY0oI/gFOQeo6ZQjpqy94kUtfnMC4KH9nsYPw=,1586.0
consensus_latency,4earlifzvRq9KoEUaMe2dD11v5ZjaFxAIqOcg95WwkA=,1586.0
consensus_latency,In2R5T+IKoxfejB7Gdz29KcLaaQV+FyRXTqqiuJvhZ4=,1577.0
consensus_latency,pZtti/kbAKOCMhJWzT6ig+pjVdfO3/DP3F/2XIkIaiE=,1338.0
consensus_latency,4Bn84duRytqj7RUuzX5EoQaV9QeTytZ0RL51Qd+INaA=,1342.0
consensus_latency,6e1nJLfvmrKRHoam3vyAFIgKSUxbYGsln9np1GNOx1c=,1380.0
consensus_latency,biAqP0JHlV89hNR+9HLlB0s3ttHtUyrHXLqz7tEg3mU=,1377.0
consensus_latency,isYqeVIvRFuvK0n4eSvmp/MQGyCn9ZaMZ1iYDHDLQtk=,1341.0
consensus_latency,qcFCXQj2ZHFAsO6M8GSDQStbQiaOuCd5hyHHTf2f3DI=,1312.0
consensus_latency,S0zHTGHVS/saQTZZj44/z52mOft5nhQDPn/BL2wncuU=,1386.0
consensus_latency,QzxY4A/I3ri/icvR0j8UCEa0PNh3qNJMrUymK19ZyMw=,1386.0
consensus_latency,K3fPAULNKoglzuN2dttp+OLMG2lPSkCHAyo12JpoECQ=,1378.0
consensus_latency,bvaBbR6cFerK33sdIiWngChAncXNfbj4hQzqcnhKefs=,1378.0
consensus_latency,P0PMn79D4HgqLMpmTX4w9RkHqtFU3icVpqD+5wHczWI=,1112.0
consensus_latency,Sj3tw5B2PUWDqjaSll1FGpz1WYWE9nYF7+hcgcGwHUM=,1168.0
consensus_latency,jxhKI6nQAwHyWhp5WOPCUDj8+IQNT1NLkSNnVLVl+F8=,1168.0
consensus_latency,UUWKqDmgYcDfhk2TJq/BiR4OYW0rO6ulcyhwSR46yS4=,1168.0
consensus_latency,nJA0ffKxujyAuVkgKEwEF5V1trNxF1/awEzv5l5RWP0=,1168.0
consensus_latency,wGlZNGdrEFNsuMi/ZkpmWkh8JJx/9Az6WEdV9hJOTMM=,1116.0
consensus_latency,KQYbftgxqW9Soyut4lFJONQyPm1TpqBlTUTqGUNAC54=,1168.0
consensus_latency,Jm+4ikVSrcV/PNZDqgDVAVyhWgOuYlR0OeC89ZFCPhE=,1167.0
consensus_latency,LknpwzSrLIMKpHv/rSfCLikudoSLWhhIszF4+Kr9pA4=,1117.0
consensus_latency,q998bE4PMJTo25KfZdXe4ZDA/hsARxl6Ej70Jy3FgQU=,1117.0
consensus_latency,ijOwfmMl0qoXD+uSRA3lJgdzYS+84eCrEyahfivPrzU=,1168.0
consensus_latency,G0pivTRmDqI9TXgnWGI3gg/Z6ZfL+WMVin/EabzIYgE=,969.0
consensus_latency,htd49W0v16OO2/HmPy/DzvwEvRGwxKZU5QAgigXfpvE=,969.0
consensus_latency,eQRGC57TPlsmxaMT7ppbJK3aRPPIXqZKeuTC+/rHhHU=,968.0
consensus_latency,ieo0rGvQ0eLl6CAMtvKftclHwaQrgtSp/66lZ+YJE9U=,968.0
consensus_latency,L3LwgPz2IM+pTdRsg89NofHtjYLN+xi+xtA+aAk7Bno=,917.0
consensus_latency,EKeZvgxAPtxmeMaGYpmFIj8KnY0CLh4Lqh3mvaxGkwE=,969.0
consensus_latency,J4Tk2vVSICuxDdQJy5mW7tvp2PW5OjlNnmLKEiLM+zM=,917.0
consensus_latency,G9+S3/0hR9gqH4ng6FwAAaIYp3AdHwyEpb4cDe1pU7g=,913.0
consensus_latency,uQxKDWZ+M//tX9pqN0WkDCXfspNBrt2/boidxDvAP9w=,969.0
consensus_latency,m7NhvYD9aT2bu1ebtv3glgfaM9xi1qncOVo9baQc1kQ=,967.0
consensus_latency,9UiG8QrOf2o0pe62XZxl9kdsalTjeIsSDXKO3KAl7Qo=,967.0
consensus_latency,tkroIiP7bNVKPPOkS1M1+yTkwbJQNpjYAi2Bwc+TNh8=,760.0
consensus_latency,Eh0TyepAYjFb/UYc8lLJ2GHYfFEvpGQQ5XFvYJwpJSo=,762.0
consensus_latency,SAfKLmL16oPd95ofvlNAWh3M5jo1YHxcrl2lLUw467s=,762.0
consensus_latency,AASvPUJ58UibdMji00ldENdGZgtB9/jBwwM+F+D66II=,561.0
consensus_latency,VTlYY2Bah0GJix1RI7yoee/wg8Q3f9EIlZ201OJI4aM=,1702.0
consensus_latency,brylqB4FlRbnmlbGCfkJmwYW/LrPTemcOZMXXSLJNgw=,1702.0
consensus_latency,dtZ6zGSVqp0zZ5IHipQCbnID5Nfud6FdWMfcV5Towp8=,1702.0
consensus_latency,1Ddi3ZXfQIHe+rRFnsjIrJcxP0e4uOInoPjDa7cEO9Y=,1702.0
consensus_latency,tHVLoMi08/numTrdAs5ztg6UnN1d4/q7Jj2SA2uQ7qc=,1572.0
consensus_latency,2G1BFG5hZ+k0bw7/Hn+DFopjWTLG8NVx2vSMjQp/jjw=,1572.0
consensus_latency,SHoSANhSoJisAZJ1Q97U0kGJf3LPCYPHXDg/aE0qOkA=,1621.0
consensus_latency,WaoS/uX2g09B6rQEQLmoIzzmAnTQk3dZz8NzY0fmL2g=,1420.0
consensus_latency,kAGiwIxDJRhgTShFIzteiNb+n4zAX4q5C9vRGTo/KOM=,1370.0
consensus_latency,6Jhyzxqjl9r7Gjri7C3tolcCBze5mZcfhkISqIifdVA=,1372.0
consensus_latency,L/cI6UrG/G7LTjasGnonn7jYvSaHMj2FSqNoYiBTiPU=,1423.0
consensus_latency,dD0+MIkedHOfiue0ltfO+may4ua6chda7xXuFRK5ONk=,1423.0
consensus_latency,kHNHoSlaTSF94Ye0cYMZ8tx8q+smc5rTGhPyLggEI64=,1424.0
consensus_latency,eI3zNqpOIZL1OVq77m+/QCXRKsoHVMJvep+rCrmEsPo=,1421.0
consensus_latency,37MVKGbRMPnEcRp894/541/nxztLYrY+QCcYW8KLXFE=,1421.0
consensus_latency,L/nM5Nhmp5K7QSxmEDleLRJcou/BFc1KA68Xz1G/GLQ=,1294.0
consensus_latency,hNVwa8sIApHMhldTC0CPFbS4SmKKelDK34h7c5SNt54=,1294.0
consensus_latency,BfX8kyZ7rvWYN7mA7UkRS9pNSNF+Oxfk5NuCOQarR/I=,1422.0
consensus_latency,LvCyANKZAODSHQrhb4Ugpyw8tKpOMwPzol12FhvLa8U=,1422.0
consensus_latency,tv2+1XwHO59Fn3jxFLhaUEAEyXQZj1A97Y/8g3mdCm4=,1370.0
consensus_latency,VTjAtYhro1IhJ/O5k8dS8mP3R+M5LsTKuvCIDy1SGoQ=,1221.0
consensus_latency,cLiHigSLmfnRzkTPF7r8yb02rPf7SBIcLA1yG2buGRg=,1172.0
consensus_latency,Lpt7mYnMTsVcR9We+VFuy1jP4Zq14o34Y3gYNR/txSQ=,1220.0
consensus_latency,gzXMRf7K/9e0vh6dE5Alf0c6+3kIqEeQ/ntkYSbMy98=,1168.0
consensus_latency,5f0Lvpewf9GCuPeJRTKcB1B4seAQfF6IVGfiM5wQ2TE=,1168.0
consensus_latency,PvJt8IdScOQKBSxHgMcoVjZR8qC8oszAAN7dY1vekQQ=,1223.0
consensus_latency,aqyj1tC/AYBpZDWYTNARp1o2Xdk4GTpSc+3othoFBPk=,1223.0
consensus_latency,ixcFkB5hHQDMUgO4bOLKlJ8H34CIBju2R16RgeHMTcA=,1222.0
consensus_latency,SekOHS1AYQRSfPi0J5HD62PhF4prkXsmIJHml65B/uo=,1171.0
consensus_latency,9Z6Y8ly3TABZShLWzAN93WDHbQW0dVzegPEiI5m5JAQ=,1222.0
consensus_latency,KslqNJp7DpQZfYtdFsVjzAbhhKL1hNjvTANMhC8C8xI=,1224.0
consensus_latency,OAeVm+2ORLo+PsE/qebDdsvWIF9NC1Ig9cEao6Bd67M=,972.0
consensus_latency,3Izd/EZD4Hw8Hwy3O9R/JTzc9AN6IXnhcfGVRKci0Mo=,1022.0
consensus_latency,48SNd/vBvzIm6iMaTIsHbLLnhLy/fhslJqbuZMRfRHk=,971.0
consensus_latency,T6Pd/QcQ99MP1ZfNH/FPnw02TEmm59pW5eoyIhEIkDo=,1021.0
consensus_latency,Oop9XyihyvSsSJJOh1j7kaiwL1U86eVCS6eWpBsTipc=,1018.0
consensus_latency,pcZaa4Woqeox8adubkoqFLxrAKDomy3ba2iplv+ZtBY=,1018.0
consensus_latency,YbMO/UW1mspNID1y25yZCj1AxqOu1L5HRiwFB/MN/Xs=,1024.0
consensus_latency,0rrcwCg28KhS56wbDdNhcfj9LPv2G606JiB4jNObE1E=,1023.0
consensus_latency,piD+KVuNslpdwZuZ0BvzJzbmc3bEd/tV91KJ6PnWb+M=,968.0
consensus_latency,vpkCzoim0us/c9Ms8tZjZm0ajHr0PoaW+LiK3PF+c7E=,770.0
consensus_latency,uOj5GEzwYiW7vdylIju3jo2kwtD3gwLIB7mYKv4OXL0=,768.0
consensus_latency,Wg65rcMyGJFEE9FzFCHxzXFTeb3bo7IYDxD9wMm+RBs=,568.0
consensus_latency,XG64gyzWZ56Gzqy2ZS2q1Zv2DwT0sn3+w6/gb6OYuUM=,568.0
consensus_latency,uhycVgV610wkc04/zhxkHDdMuhthdmElgf6AXTECGJI=,2440.0
consensus_latency,4VeaFzTB/yhnf4DkErp28d/k0f2dGZr3b/dEodBB7aI=,2438.0
consensus_latency,nt++MsjfzxWBx05zeVmdORuNWoxq3eRqrG+s2HbAJc4=,2439.0
consensus_latency,QKexN3DqTwL5+uTmsOgG2IUnHSJxou3pkiZ3yhaYxQk=,2440.0
consensus_latency,1U8D07Q/Bmvjasm2aQdZ1IbJAWmZnEIN169dRhPZOCY=,2440.0
consensus_latency,Pv52bT+/tlkZN5QkfToj7/PsuH6+V3aHLlfU20CR63o=,2435.0
consensus_latency,6VL7Jru8aVK6Kub79BeKANzUYV37Q1aobnAVcGwnlFQ=,2239.0
consensus_latency,+6OILYvt8mmhRQhoXqf+bl7AGMMiZyt2UsKQtItv5Ws=,2239.0
consensus_latency,ghSZyrpOnMwVs+YnNnaSnsBM3QRVAUQCQcnnmgk+Iaw=,2239.0
consensus_latency,zcbgYJoIhUBZZfyG+RnFAo209bAms7zo55pIJ8XV+LQ=,2239.0
consensus_latency,G94MLYwQctexA3ZUrjVLwFu8i8mULGG8fysRILI+B5s=,2240.0
consensus_latency,jn2kNtHkrPV3g/OZFXj5evJZ4TqL4VKsMnHix3NMxMc=,2240.0
consensus_latency,avP2XyOb8sjiznK9B6IRS8kFgayHKEcrlUgUYX+Xfts=,2240.0
consensus_latency,iiwuJG5RtHvnH2As8Wo5Uldxpan74AH7EljOAsOZYKk=,2187.0
consensus_latency,qIvCsmtY2mbpBk3DeoWv+pW7opNveoBwSmBBEDQcXDY=,2187.0
consensus_latency,G5r8Tvgrwu4qupeAW3vmpCyOZ4ic41KybEMQ/pPfJhs=,2238.0
consensus_latency,6gRqRFHqfmRIuAGbyZDNH7zlQHmwuffXeccDrOs+zZE=,2237.0
consensus_latency,YpHfsSpkmQyWz3qrrbzDASzhp4TedFKy90kgPN8zyWs=,2234.0
consensus_latency,sPy59cCSCxOmE5e9rxagixRl5tmX5v4VHMXyQqSJa+U=,2189.0
consensus_latency,s1s/bTzWt4r6GPHBeCuZFyLTBwdUbm1kNfr8cVgKio8=,2026.0
consensus_latency,cusBROlIWCTzTaTXLQQxWIj/QFe+/ucpIHsRTx4rPaw=,2030.0
consensus_latency,JRXfDwAPzDO8aeVZ5/jZbD2HAWETIilpxpVpl0NLlBA=,2029.0
consensus_latency,39gXH87Qah/kEKtXqA1VwbB6USSOE9QJ4+hdwD5SIPY=,2028.0
consensus_latency,ec1GuTo2owWBIXaxp33pJ7T1fc3mfSKgjG+ZPlXZCTU=,1982.0
consensus_latency,3OUrXDWH4vd0FYxzjMflMlMgPPrf0uliRHWLuEr/mMc=,2028.0
consensus_latency,jRtnefH9N1xQKgcCETlYt+1gMQ3O9IEQ7wHQIyWw/ek=,2030.0
consensus_latency,Q3W+/Ya5JX+qKRIANiGoTn5/MRg2/SN/7wLPWhQiuaE=,1986.0
consensus_latency,A9jqOgaIqxvHI1PVduxqVDV6siCAt+//lah5ZVftQig=,1982.0
consensus_latency,4VaCfW7Teso2SkhxDkJCvY6SRFzyUew3tBS7yuBJgkk=,1830.0
consensus_latency,CDL1N6iKlmIdTCDmS/1bYeO7ROrKPro190XyFL4MnQk=,1828.0
consensus_latency,p+wkZmW3TqEVdYU6/ZdawtQb53ptUt6uG4eioAhNqV4=,1786.0
consensus_latency,HYSBvoAOKuU2J2xcsHhFcdt0zFn+Bi2pNO+7tDGTdtE=,1828.0
consensus_latency,Qpe/bS+cm4ROeN8EPXgmKTVpm5acQZBAnzvgBckLeRI=,1827.0
consensus_latency,lcIgWPN5IEOustus6Pmjn7xENvjDr61sXNijtVz7tkc=,1781.0
consensus_latency,nYxtONRBVYaqsoD0ccSkcPN9XIm3k5znzz/F9GE2/mQ=,1830.0
consensus_latency,ywvzOKK+kFJqwCHVvY/mj3GYMx9U7XS8+IjyV5m/F/U=,1830.0
consensus_latency,LYPMtrW4g2YOtveVN4tBHRWFZOlrxOcX2Dmx6huR1WA=,1680.0
consensus_latency,e6LQ4GUfyifT6CDtkX8r615hjzbyQatZxjs7h7kAGCY=,1828.0
consensus_latency,08iOB0vpd6tJ/kEcf/0q+wDn2LdM1jp1dZzmtcgsX2w=,1782.0
consensus_latency,olj6cCVFJSSgVryCDfXCKJ5cBDNLG/H/NzaiNr7hHAo=,1624.0
consensus_latency,5zuBZEIiDs4RFADxvvPCyW1eUBp6VMYeLhoKaGVjwCw=,1624.0
consensus_latency,zdoAzEW3DZ4SVLkPmT5Zk/GMr9wVfcJenuYtcOW8xn4=,1624.0
consensus_latency,sYj2vEC8jDZh2hwwZ8wuFGVQFJd9wYlZyegsdPlKObY=,1572.0
consensus_latency,JhNp2fu8E1P76PbKC81XzWv/L5HHEr+Gyjqp63bkBPk=,1576.0
consensus_latency,Z/bLnM+d1fqAncsUyipEVCZPe/6Ba9SgRr89554pvfA=,1576.0
consensus_latency,GFsuPy4Kst9yttA0rTrRNw7/J/cPVA+oLmB/01Rz14o=,1621.0
consensus_latency,redb6heKKNPKgm4FsmpJjL5+M7dKOLlJyY1/Kvy5GKs=,1621.0
consensus_latency,O0nW34TJhTq36eQsTeRTGrH2ZjK7PqS2dWdwYuRC4J4=,1281.0
consensus_latency,hOy+ShMV+GqZAdvQcl2KRAoM4tSMF6YJncximQBFPVE=,1281.0
consensus_latency,hieruzOHLByprLXf/rVcrl0J3f0LMPFWvIfbQY1BMX4=,1281.0
consensus_latency,cgnka3bINny/fTP5Q19u4/Mhwk8vxA32KODTD3flrOo=,1423.0
consensus_latency,6iQlHF/x8O5wtez0T4AqAj+p0yccTUrwHmZSiDO6MEo=,1375.0
consensus_latency,u+1AwcqnxuGlHOgNBokaYQkziTX+7hFbEWCL2ARtSTc=,1424.0
consensus_latency,yHZjU4c5HaCj37RRymxD3gVi4ev190WtOzOnxiQAcHs=,1424.0
consensus_latency,FULGWLxL/d9Xeykiaz9BksL2e8vFzr1rA6KVdHLtfZE=,1372.0
consensus_latency,Kz02xLeDAZ78viNskmVFio/+Wi0inJv53EhukaBzSkQ=,1422.0
consensus_latency,lrmlT/vrqTSu/e1zYLiHdD4eCzd+E/oPrKHYXb0UrVU=,1424.0
consensus_latency,K8YWwdugSwGp1N9c0EKXEt13A0C7J+XTAOO04FkNugU=,1421.0
consensus_latency,ArbP/sKEZSM/Ta0OrnZGVbz+24qrPij5xyTiM4AfuBY=,1425.0
consensus_latency,D3rTzTiZOtmCQAWkr+0cB55dQ2HtX4XKeTYZcYCnc+w=,1371.0
consensus_latency,aCq0I2pGA5kEEgJt7zZrB3pngx1e1Lbh+IqV02rbTEE=,1172.0
consensus_latency,tcvYy08pp3kEL7psIXYEBM39Cf6M4OW3P/vcbQOrdm0=,1172.0
consensus_latency,rOXi3cLjcQTUP2Q3QKyBW7RCzKez1GpaXgUneitxFEo=,1222.0
consensus_latency,/MhtJJqCNaxqflEssRgW6THE9O4OXekd3/WP11nkopA=,1172.0
consensus_latency,Svd66MZmmU5rIbnoPHixevtGHocAwB0IEJr/1BVxGf4=,1224.0
consensus_latency,kwMjcg9BsIS2HD0vyd3Vjpz7LrwVSYPgBcJYv5MXLJE=,1222.0
consensus_latency,s8Q9aqHUFb86432TG/+x7JlSX2Bnh472l3luM+Z+Nm8=,1226.0
consensus_latency,i78boSrE4ZWwUOfmI/v41Y9h2EIHIA5RPuggcs8GeiI=,1224.0
consensus_latency,BKdd4rGFWIwtJQ5vzj5HCvx+3U9JY16PtjvVp1wTz9E=,1224.0
consensus_latency,FmNkBi/6L/cQWsDUy26vGilLzdVJ7SmyKve0kbtQsTs=,1224.0
consensus_latency,752oH570OvqxwMicqpMVgzgoNAx5++sFenf8W+addHU=,1023.0
consensus_latency,qsfpeTzTB4ExXjeRZCWv4EsdjnIbJp3+mkp2N1YmMQk=,1176.0
consensus_latency,v6vpj/oJ7yTLCnGkGii2puQbTKx+IQAsaM1iM841sZo=,1024.0
consensus_latency,7KS4Sc4yYC95u+stF+Y7M9AxDIr5SUUpbXPA2Fo3erg=,973.0
consensus_latency,vD9GdCjCis/rEbHkNyrxcYho+3BV+OIvVvjOx2Wo/A4=,1024.0
consensus_latency,NXvdKTy46nSAZgL5npXEIA2NyfLaMYc5FL6MuU0YhUo=,1025.0
consensus_latency,w8tT6N/I+tFNaqPeJv/fvtGLbJLS8R0Xk7gkdaT/Gaw=,1025.0
consensus_latency,4tgvrZBus1MGf0jM6aAK1D8yqC3Mp5kvUGCcwa23muo=,1024.0
consensus_latency,z0/K4ieSyeO4AhWDmfSVdhtt1Lw4pcrq3SxrtDOhAn4=,972.0
consensus_latency,JypRDzFddeo56is9+0n9pQnjB1sDwFTBew3XMT/p+W0=,1022.0
consensus_latency,+cH7vCw39zPS38sOWoSbNvL2CIEU3zGoUSwUDZmSnrc=,825.0
consensus_latency,VfudICzwliQE/C1rkmGbxmBvr3PTKrAcX4DORElEQSs=,824.0
consensus_latency,xfGliBebvue2xQjOsqjGZHlgBC3GXzNRUeb1xvvsF0k=,822.0
consensus_latency,O85EgavwdG/GZtc1z2nipvMGVnw/pH563yogl5Erh7c=,824.0
consensus_latency,fBM34l3Y8PMZSct3ALetrNgLZzQT+WQ5d3HkFy7AyMM=,823.0
consensus_latency,tZ9WiCIHXfciq4HPp3qjQrMAP88aiiEr+iwgE46TX7A=,823.0
consensus_latency,3WN8yyu/CyMBqlRJKmxjk+G6IUKpIurrab3D/LmSwzQ=,623.0
consensus_latency,Ya09mtUEx+1T+kCI5qr+bwzaZ+GC0asUEG86US1PxTs=,1498.0
consensus_latency,yR5gyEg1YyhkO0e4k8eiz+wYa9gTOCamJ0wI4eYnOOc=,1498.0
consensus_latency,Cw/UnRl4cWFsDECHxTbGimD05Ft2JhTTPhKG+zRo0CQ=,1510.0
consensus_latency,N+ENXqTYU6lReHDU3K0KhT38ZyCB4D13QdBC3JD6RzE=,1509.0
consensus_latency,ZEJVk3HbgOk6m+CkJDiT+xDPFVZAVEUQqJ9zmihaPcg=,1298.0
consensus_latency,7KMjpWFblHmaOa7eqAvPSeokBZ+hEL6OYC7FNtkK508=,1298.0
consensus_latency,sMNRzljC4K8ENtb11Z3Lv+1VUP+uCYnp/DFYCFnFJJQ=,1298.0
consensus_latency,GUktuv19dWmVsdSQbD5b8bEHykT1CMBlj2FTOOg/lr8=,1350.0
consensus_latency,B9f1c7/Yr7TrXnAOAgy4PIw1p4DOvVxdS7pkT7xVUaE=,1347.0
consensus_latency,5apkRM9HpXRI59HF24P4x1qdMS0nQewxS53hEWz13x0=,1347.0
consensus_latency,U0YgNoYDsYR+JLKusGEv+bYSQCmfGoB1NCc6O8qUiVg=,1351.0
consensus_latency,++DPYKW/qip7HehtMKe/n2FvZCnTI4hctuJGVOJl3DU=,1351.0
consensus_latency,Tdx7b0Wwxe4uZob4B6o9xSBvx2CsAIycklAqGNsNjd4=,1520.0
consensus_latency,3bM3aOLVpjkNgeCk6OnsNYHKOMZYzU7Aq2E6WxtxII0=,1520.0
consensus_latency,TpdObJScnKyuQY+PrB9ti70Cg+e6gU1ZdltSHWZt7Ic=,1310.0
consensus_latency,vozsbWUjCRJpUdc9gDvdsg2nfUCjVw5PDf9F7QuWapo=,1310.0
consensus_latency,rf1cFCBwHTnUA5jvtVzyz3gOz/58W2XVfuZdcLzXYu8=,1140.0
consensus_latency,yO/KsCG/CgTViCQznAKDEnXUjq9ytrJqy2FXHmX81G8=,1140.0
consensus_latency,S12VFmdS1SkS1JNwVxzk5Uh7+U1JnD2n2/D49ny7JfU=,1141.0
consensus_latency,cWqu7te1Ckx0mzv08PYeP/jB3yhPIptxwxFqTafdeqE=,1141.0
consensus_latency,K2+jmgvPYy0cXl3uMnOlb45w6Gu9h770zrQfJFCVWWA=,1138.0
consensus_latency,VeMPxzQ4226AOcO77vtJp0p/sRvjpA9YhXbD2AKTYzk=,1138.0
consensus_latency,KD+lYrxKdNoMlPvmC3l1T2oB0WXxKSODceJoIJ/T45U=,1095.0
consensus_latency,rTCxwtPWdG76sg0RZTTR3DNANEK+KELD4p+mrrZFeOk=,1095.0
consensus_latency,LiYF8HZ/1cNI88ik4thrcc/NJWWLfUag8F+OzivptJI=,1093.0
consensus_latency,bAxQZ8Udy+PkEczKI7HjG6pB2NTR+1MTFR4zuaDLOY8=,1137.0
consensus_latency,wDOOGJPHyFaqAKxChWiVLwLQmClh+4XxzvBeEIHuV+0=,1138.0
consensus_latency,hea2nWZKVktec+GV6z+HCkiRGdEL1MBx/y5cPVpoMBQ=,1140.0
consensus_latency,yDm54yWk369Pi9wtlhEumcsdcUWmwiwRsQRe6PzwWP8=,1097.0
consensus_latency,Vp45fUfIwLOOPXXZPtSElgW05muPBHZUk9yDh6FcvXs=,938.0
consensus_latency,hG8pJkjTtF8S7S4ymdbseOE0TCySrjhP6brTJuo+ryM=,897.0
consensus_latency,2vVG43MNbwVHC80LO/skv2RqA8wpP5aLDYuvTv5CcAk=,893.0
consensus_latency,SpEyszWxOwKml9uOz1RsJEJE/s8B1AwOlqDst6x5Yvc=,937.0
consensus_latency,ACpqEEHeHij2qzPUz5U4+6cnBzscfrfA0pLdC9wW0nM=,938.0
consensus_latency,U0bDWoDKRu8VFKh6Fgwf3/7QTSEoyM85pOgudZx3uOc=,895.0
consensus_latency,C99Gt/MAAYVw3W67wx7gddin+uDq7OWGRiSQhSu987c=,940.0
consensus_latency,2DLGGL2Q1r6wx7hLDfeDiqbIv4XGUYHoyLQ9I6Z9gnU=,940.0
consensus_latency,pD9qILXUpzA9HZgOYIe/riWqOxVUikjNnve03g7LgC0=,940.0
consensus_latency,cZlWpLzjYXKnB9bQUKGPR5ajk2uNeKJtfGkOQ7s/dqc=,940.0
consensus_latency,FrU2ekMqtpmuAeXCsFaxXUzT8GSj6/bnI0GG6Pym7tc=,736.0
consensus_latency,peyyuHBnhwkJCgBsfu6F4swFwcwMBI7xMvZIE5lmT0c=,736.0
consensus_latency,PfkoMGvx0glAY2WJSw7IimYkPTmj781AZyTJVKyS0Hw=,737.0
consensus_latency,aE/mIpfC85t9fBct45pL17B84IotpUFl0vnMZMqXI4U=,737.0
consensus_latency,nOufak4RBFrz/QUDVgLflQNwEalRHKsn491o9RRpvGY=,738.0
consensus_latency,Ap8/fderuR4cefCITFx7WdF8IcZNxtwr5U4uAqISRS4=,538.0
consensus_latency,rbH9u9N8cZ0IsWbR0N8T/yLqpFwkJO0g4y6feAPhIuA=,538.0
consensus_latency,m4xy5a17Kan6c7IUPJcGHoBpUYjUOEEBOxBRPKm6urU=,1813.0
consensus_latency,8mU4ahNJOW6InAHYhvIR9TM7fPlJQFmVtH5JFyfiOh8=,1813.0
consensus_latency,kA4p9afxcOBbInfFUO/cTjWmdRMIv9ww2YDfxW3vtto=,1506.0
consensus_latency,zjTgGfIK9WtVR9hx+KhS3LnN4aWCdORQ/wOZCHcATNw=,1499.0
consensus_latency,xoR0B7mp9UTz5NsGwEYsebI3sTuLgbVQELugGCZ2VkQ=,1502.0
consensus_latency,BimytpEb0Y6myltpyQtgDjjn8TUPLAyBqwE9+hb1Di0=,1307.0
consensus_latency,GyUgOceBmQMFWmKpQYtnH0FdGNyEzRqTt1BWoTwAHMM=,1307.0
consensus_latency,zORUwQ2rBtDdg76IVo9BJrSEoJnJSmRtYwviSa+2INs=,1347.0
consensus_latency,0AsXdEjA6laizbbzs9Hq/yu91jPsWGxmuWBBGji7mu4=,1348.0
consensus_latency,0IuEBaGyiz2C3eqklBVOVhF/zLImWezNpkl8VwK1I4c=,1348.0
consensus_latency,dUHG63lTnQeBPfdunu9UPaGwLqxxbPIxQholIkE3BTk=,1350.0
consensus_latency,XvNsk77VUPEeU/lybgnI9hJ7dsfNG7Gnczppdt4sy04=,1347.0
consensus_latency,qsJWybiduUJeybnO4dj4pVd28KHAvuxegxWAI5JJJFc=,1347.0
consensus_latency,D19iTsv2OPB4VdgrU+x5NXYhgSCRfqzjrfSy/jdh9uA=,1348.0
consensus_latency,H+jb3+zmcX2H5966yOyQ2KJKKw1GxmQiiAHov5bqPBc=,1300.0
consensus_latency,zZwRpb1czDFn5/4T1pbB1mzeHpg1uZ+M7eElfGpLtZY=,1300.0
consensus_latency,griP9dCOEMDf9hhlqW/UvJDnLeIQQu9uDh4FAr4iQYk=,1302.0
consensus_latency,CWa0N0gsvATSLEQ7xiOTDJK0EMjfB+fOQDrSlvPEcps=,1100.0
consensus_latency,PJXDM2YBkcDme31fkenW2dXQ0afl7xoI/2a0ooGt208=,1106.0
consensus_latency,SzaCOSalocB/95T9geJ/n14jj45L9405xaBU2cHX7RM=,1148.0
consensus_latency,+eG5Fn1u00MqM3LxHp1l+RKU/NNo9UtYKi+LocPSofs=,1150.0
consensus_latency,XKXECnIFLH9+PhRpJZ7w8tM1V9oIWl+4o3v6rUvyDOw=,1149.0
consensus_latency,gU7e4beFdfNOO32z60eaEtVXEuPMJ/0mKxItzOmKAt0=,1103.0
consensus_latency,3QPYwAqc4Byy/EmWxyuqL3uEnYvDf7GPND06zRHx2Ms=,1103.0
consensus_latency,CSfybphb+D16nVvAP3365i8/opHD8qDyBjGTIs1v2rM=,1149.0
consensus_latency,8H0VE8Mq/lQjw4RiRT+NC7h/UckrOy0tVU47MJq2WDo=,1148.0
consensus_latency,C4cBLoLo+2YVm2xXu5oehBSx1CpNiKe+VMoqha39Efc=,1148.0
consensus_latency,UCDoEKT3hsWfxcIta+C7K/7uLKRA0vJa/RPscOjyizU=,949.0
consensus_latency,wuTpg6VnNTBh6uMmZ9nAnXfHhx0a6RaT2Ps8W3+gacI=,950.0
consensus_latency,Uk/SX3gzSEMTyboZs5h7fCUP5bhwgMuScEy07f223wI=,907.0
consensus_latency,NKVtzdoqJ6kWgu+N2IEBtHnXV2ViDApyB4/sKxmUahM=,949.0
consensus_latency,Aobr/yj8icY+bFZHMEs25zROjBQmAE1t693cWousXPE=,949.0
consensus_latency,zi2BRxaZR8fapcJn2/GoO2XGZ3Zg6KN/i/PwuWL5SkI=,902.0
consensus_latency,ArK2gY+0m3GUhbQXv5gzPCpSeLg52bRjqeNXXt/EgRE=,948.0
consensus_latency,SDXmPAUI37H74+P4Q2Z6Dqmy90gdS5Yl4pDM1RkQftw=,948.0
consensus_latency,wQrRdF124dDdjr6NNzOxorZ7lIv9rHU1bd7osssa8bI=,749.0
consensus_latency,iTO70K2nH3fv+AyUXZAtpMj3G6wlMAuZvUMjF5njN9I=,547.0
consensus_latency,86+KLTJgSFfainfVM+/UJBFc6tp0hn8iFw/ZGHc+OkE=,547.0
consensus_latency,phR0orcn/E6I2rbhIrlv/Od6X9BmXt8tm66qCrl1I5E=,1738.0
consensus_latency,uDrGSTIdcmKopq8yr8aBnANU/FIq/zdgl2wzj4UZCus=,1536.0
consensus_latency,HMXoLp9hjz5OFbfCLOhGaNt0qMecReGDQ2HPsNP1+T8=,1538.0
consensus_latency,inH8H0WjrAN1Lqiaqfv1XzsaynQUrJaEkPW2Cu+qXrU=,1385.0
consensus_latency,W69mrDMA8+TJhWKbrSx19R9n2Co8qBRk9IJKfQDg654=,1385.0
consensus_latency,EBBsv7lyspjGvzE1zbPOo+aagc4oG74ofejRv6YX4J8=,1457.0
consensus_latency,JN8qyP7Sr2ygkVJxQ5lG9g0Av7qvMcWP3HAJ66D+hfs=,1457.0
consensus_latency,L3Zu/wFT0yzhNhalaYDaYQOrkeXD6a92lrohWMxwvXo=,1457.0
consensus_latency,ss46cYQqLBs6aHhniQICs7BJhEyVxjI3nNSem4KQOR4=,1457.0
consensus_latency,zCcJ6yppxhJXIAXSQ/XKCUypcQeAkqhqqvpX3zojL7g=,1457.0
consensus_latency,zRGBrgoCs9xvK7PlskDhbFUyjtReUOuP1cEhOb9OUZk=,1457.0
consensus_latency,66DyHB38NJcp3Ucnb73Tb9D2OiDg7koDY+wzRyUWnCI=,1457.0
consensus_latency,o98wKExcGS/VnIkMbsA2bst5FbvHi37ZGqfPtwz1AHs=,1336.0
consensus_latency,l5CAlE+qHUXYyXk7FEJEPnSTYsaC+NfWBoLAitQulhk=,1385.0
consensus_latency,z1s86yxjGsbbQAX5aPmuTWcXnSfnLro8LMxWM8+BN98=,1385.0
consensus_latency,GSSBZtfU6JXj+Xzlc3JT2uXguNB9K+sC+xcO8QFS2CM=,1338.0
consensus_latency,8AP/dewom4lwQw3W0DfBwwMF2MZc46NofHhdNVSFIXY=,1338.0
consensus_latency,fHP4neYhA9p8K9hINcXTM64uHm0ANGWq+HjsbtLpe7I=,1385.0
consensus_latency,9ZkNJPX2/tIMFh4NxCtGDn4NETOZT3gkXa+dfkMx97I=,1385.0
consensus_latency,Y8FGNN4JQgZH9lxHZbsx/w5CkYngLlN0prahu77ZeCE=,1336.0
consensus_latency,hbfuBwkl0I9Fztj58GXlcfGkQcy9QFsoHGe6VDoddzY=,1336.0
consensus_latency,YZwD8JJE6sfXAxzjw+248JnZSAg8niCc/GE4imcQnB0=,1387.0
consensus_latency,L1c9nxz2WS6fP1DUKKwxZTPrX0XC9tya0ba2dlKN7M8=,1182.0
consensus_latency,cCL0IrGVWi+GbvaZcDDGeo23spnBePrc7IRXVQvlV88=,1183.0
consensus_latency,SmV1+3/B9f20XaFnhK1RzHQAKcAY6ozc7Gu6b1dN9Gg=,1181.0
consensus_latency,crDG54RZWvr9p+g/D4DUee2pEA51T8dr/RPoSUHv7+E=,1181.0
consensus_latency,s4IkfCrQ90LjeySHVqFHxeTFeoaMp9t60QyFcC6gMpg=,1181.0
consensus_latency,+Qnc0Mqb+YDuQvcIBuGBYEaX9fK/80X9AIttIHlg4X0=,1135.0
consensus_latency,gGOOtTA52PjYqutCJ7zSX74o6eFunema2qebLhbDDs4=,1055.0
consensus_latency,qU4ItgtBu0Afk/oPqOxCj1UdZwdRF1Qv5msC+GeB05I=,1055.0
consensus_latency,qucj24QUF7/PI+s3yVcyw1P01Xaf34oNBCsJOBTNOUs=,1055.0
consensus_latency,wrdKKYPzfQQ5TjhxhrenWX2U+74px5fGkfwXeNaGmkE=,1055.0
consensus_latency,fNgCY1toPRnPxorDDQAHsUrVQCFEXeWcHMG67q0CdKE=,1137.0
consensus_latency,CUkuZXFZMZvVfLBt3IypLl/iPt6gGLfSsneciuDJC9Q=,1184.0
consensus_latency,QEnsifFPD0fI0Xvz+dt9Is3uzA1CQYz33IzeR2lgiTY=,1184.0
consensus_latency,/egUReKhaky4Hu+5eRw/UN3BsGNNSYijQC+ytYZOFAQ=,1133.0
consensus_latency,LUe7IM1cUxw3CcPLOzG4v7jH+JmpjplRjtFhhDVDu+Y=,1181.0
consensus_latency,fu2ztx2Atym3MN1cZuhgRDrF0xhSehg0p33yQyP0G44=,983.0
consensus_latency,tmazjAiiQfCuo0GPtLy+WIgt6uEnKNNuBuDWxfE5WC8=,981.0
consensus_latency,hK2c2DLAclswPzOADFzs4R422JwBW/IxPJZVtcQiiZw=,982.0
consensus_latency,RcdGVTQ96qAh8kPmFk5nNxL3hbJUv0/SahG59KQT4jk=,981.0
consensus_latency,PgXoVmTMg2ZDmkLtA5uK0KGm7m1y2sjdyHqDeYui3qg=,984.0
consensus_latency,NPoF1CEwzFWzgKCzzz1zqYbBsgfZVbcDv3Y73K8y3DM=,936.0
consensus_latency,Bl0WUnt9aUoj25NVCSo83WXfwEk5fo+zDa3Vwnsq71g=,938.0
consensus_latency,KsKoXsYIYLrkxUO1iz/f/tvxuZinuxtvQBznAVZIYJ0=,933.0
consensus_latency,RQjIOr2qEbURdzoUIAeQL/ZNG6jX7Z+uOVk/+shGlos=,933.0
consensus_latency,vBcXz7dj2Qp12WdoDznkU2Cm/64r35oyK2HcO3LNO/c=,982.0
consensus_latency,Ags1tFLmYN0gdqexy81nzhnM7PaAYz1iCbnKVHwBXqo=,782.0
consensus_latency,wfXKE0TAT21SnIxVFX1soRXhd+ODMAxVLtSk0Men2ww=,778.0
consensus_latency,2b/O1oOTZtwBGa/MQm9z5uz9Bm247b4vuht2vdBDGeY=,778.0
consensus_latency,zsVpPWBTNRZ26HuSW5xQsGvPgQzpYnoLwsRyhdijneU=,733.0
consensus_latency,dew5B1ub6t+y3K5Uz4s7JwUQrl3RyLvvq+EegQS5zCs=,730.0
consensus_latency,KlDdBVqZhuznMgir6rwVhr0X/FqrhPe9dzy2cpsbNVc=,533.0
end_to_end_latency,0,2221.0
end_to_end_latency,1,2171.0
end_to_end_latency,2,2121.0
end_to_end_latency,3,2071.0
end_to_end_latency,4,2021.0
end_to_end_latency,5,1970.0
end_to_end_latency,6,1921.0
end_to_end_latency,7,1872.0
end_to_end_latency,8,1822.0
end_to_end_latency,9,1772.0
end_to_end_latency,10,1722.0
end_to_end_latency,11,1672.0
end_to_end_latency,12,1622.0
end_to_end_latency,13,1572.0
end_to_end_latency,14,1522.0
end_to_end_latency,15,1472.0
end_to_end_latency,16,1422.0
end_to_end_latency,17,1372.0
end_to_end_latency,18,1322.0
end_to_end_latency,19,1272.0
end_to_end_latency,20,1222.0
end_to_end_latency,21,1172.0
end_to_end_latency,22,1122.0
end_to_end_latency,23,1818.0
end_to_end_latency,24,1768.0
end_to_end_latency,25,1718.0
end_to_end_latency,26,1668.0
end_to_end_latency,27,1617.0
end_to_end_latency,28,1567.0
end_to_end_latency,29,1518.0
end_to_end_latency,30,1467.0
end_to_end_latency,31,1417.0
end_to_end_latency,32,1368.0
end_to_end_latency,33,1318.0
end_to_end_latency,34,1268.0
end_to_end_latency,35,1218.0
end_to_end_latency,36,1169.0
end_to_end_latency,37,1119.0
end_to_end_latency,38,1068.0
end_to_end_latency,39,1904.0
end_to_end_latency,40,1853.0
end_to_end_latency,41,1804.0
end_to_end_latency,42,1753.0
end_to_end_latency,43,1704.0
end_to_end_latency,44,1654.0
end_to_end_latency,45,1604.0
end_to_end_latency,46,1554.0
end_to_end_latency,47,1504.0
end_to_end_latency,48,1455.0
end_to_end_latency,49,1404.0
end_to_end_latency,50,1355.0
end_to_end_latency,51,1305.0
end_to_end_latency,52,1254.0
end_to_end_latency,53,1205.0
end_to_end_latency,54,1155.0
end_to_end_latency,55,1105.0
end_to_end_latency,56,1054.0
end_to_end_latency,57,1005.0
end_to_end_latency,58,955.0
end_to_end_latency,59,2518.0
end_to_end_latency,60,2468.0
end_to_end_latency,61,2417.0
end_to_end_latency,62,2368.0
end_to_end_latency,63,2319.0
end_to_end_latency,64,2268.0
end_to_end_latency,65,2219.0
end_to_end_latency,66,2168.0
end_to_end_latency,67,2119.0
end_to_end_latency,68,2068.0
end_to_end_latency,75,1718.0
end_to_end_latency,76,1669.0
end_to_end_latency,77,1618.0
end_to_end_latency,78,1568.0
end_to_end_latency,79,1518.0
end_to_end_latency,80,1468.0
end_to_end_latency,81,1419.0
end_to_end_latency,82,1368.0
end_to_end_latency,83,1319.0
end_to_end_latency,84,1268.0
end_to_end_latency,85,1220.0
end_to_end_latency,86,1169.0
end_to_end_latency,87,1119.0
end_to_end_latency,88,1892.0
end_to_end_latency,89,1842.0
end_to_end_latency,90,1792.0
end_to_end_latency,91,1741.0
end_to_end_latency,92,1692.0
end_to_end_latency,93,1641.0
end_to_end_latency,94,1592.0
end_to_end_latency,95,1542.0
end_to_end_latency,96,1491.0
end_to_end_latency,97,1442.0
end_to_end_latency,98,1393.0
end_to_end_latency,99,1342.0
end_to_end_latency,100,1293.0
end_to_end_latency,101,1242.0
end_to_end_latency,102,1193.0
end_to_end_latency,103,1142.0
end_to_end_latency,104,1093.0
end_to_end_latency,105,1043.0
end_to_end_latency,106,993.0
end_to_end_latency,107,943.0
end_to_end_latency,108,1613.0
end_to_end_latency,109,1563.0
end_to_end_latency,110,1513.0
end_to_end_latency,111,1465.0
end_to_end_latency,112,1414.0
end_to_end_latency,113,1365.0
end_to_end_latency,114,1315.0
end_to_end_latency,115,1264.0
end_to_end_latency,116,1214.0
end_to_end_latency,124,1686.0
end_to_end_latency,125,1635.0
end_to_end_latency,126,1586.0
end_to_end_latency,127,1535.0
end_to_end_latency,128,1486.0
end_to_end_latency,129,1435.0
end_to_end_latency,130,1387.0
end_to_end_latency,131,1336.0
end_to_end_latency,132,1286.0
end_to_end_latency,133,1236.0
end_to_end_latency,137,2495.0
end_to_end_latency,138,2445.0
end_to_end_latency,139,2394.0
end_to_end_latency,140,2344.0
end_to_end_latency,141,2294.0
end_to_end_latency,142,2245.0
end_to_end_latency,143,2195.0
end_to_end_latency,144,2145.0
end_to_end_latency,145,2095.0
end_to_end_latency,146,2045.0
end_to_end_latency,147,1995.0
end_to_end_latency,148,1945.0
end_to_end_latency,149,1895.0
end_to_end_latency,153,1696.0
end_to_end_latency,154,1646.0
end_to_end_latency,155,1596.0
end_to_end_latency,156,1547.0
end_to_end_latency,157,1496.0
end_to_end_latency,158,1447.0
end_to_end_latency,159,1396.0
end_to_end_latency,160,1348.0
end_to_end_latency,161,1298.0
end_to_end_latency,162,1247.0
end_to_end_latency,163,1198.0
end_to_end_latency,164,1147.0
end_to_end_latency,165,1098.0
end_to_end_latency,166,1048.0
end_to_end_latency,167,998.0
end_to_end_latency,168,948.0
end_to_end_latency,169,1663.0
end_to_end_latency,170,1614.0
end_to_end_latency,171,1563.0
end_to_end_latency,172,1513.0
end_to_end_latency,173,1464.0
end_to_end_latency,174,1413.0
end_to_end_latency,175,1363.0
end_to_end_latency,176,1314.0
end_to_end_latency,177,1264.0
end_to_end_latency,178,1214.0
end_to_end_latency,179,1164.0
end_to_end_latency,180,1114.0
end_to_end_latency,181,1064.0
end_to_end_latency,182,1014.0
end_to_end_latency,183,965.0
end_to_end_latency,184,914.0
end_to_end_latency,185,864.0
end_to_end_latency,186,1562.0
end_to_end_latency,187,1512.0
end_to_end_latency,188,1462.0
end_to_end_latency,189,1413.0
end_to_end_latency,190,1364.0
end_to_end_latency,191,1313.0
end_to_end_latency,192,1263.0
end_to_end_latency,193,1213.0
end_to_end_latency,194,1163.0
end_to_end_latency,195,1113.0
end_to_end_latency,196,1064.0
end_to_end_latency,197,1013.0
end_to_end_latency,198,963.0
end_to_end_latency,199,914.0
end_to_end_latency,200,863.0
end_to_end_latency,201,813.0
end_to_end_latency,202,1523.0
end_to_end_latency,203,1472.0
end_to_end_latency,204,1422.0
end_to_end_latency,205,1373.0
end_to_end_latency,206,1323.0
end_to_end_latency,207,1273.0
end_to_end_latency,208,1223.0
end_to_end_latency,209,1174.0
end_to_end_latency,210,1123.0
end_to_end_latency,211,1072.0
end_to_end_latency,212,1023.0
end_to_end_latency,213,973.0
end_to_end_latency,214,923.0
end_to_end_latency,215,2508.0
end_to_end_latency,216,2459.0
end_to_end_latency,217,2408.0
end_to_end_latency,218,2359.0
end_to_end_latency,219,2309.0
end_to_end_latency,220,2259.0
end_to_end_latency,221,2209.0
end_to_end_latency,222,2159.0
end_to_end_latency,223,2109.0
end_to_end_latency,224,2059.0
end_to_end_latency,225,2009.0
end_to_end_latency,226,1959.0
end_to_end_latency,227,1909.0
end_to_end_latency,228,1860.0
end_to_end_latency,229,1810.0
end_to_end_latency,230,1760.0
end_to_end_latency,231,1710.0
end_to_end_latency,232,1660.0
end_to_end_latency,233,1610.0
end_to_end_latency,234,1560.0
end_to_end_latency,235,1511.0
end_to_end_latency,236,1460.0
end_to_end_latency,237,1411.0
end_to_end_latency,238,1360.0
end_to_end_latency,239,1310.0
end_to_end_latency,240,1260.0
end_to_end_latency,241,2031.0
end_to_end_latency,242,1981.0
end_to_end_latency,243,1932.0
end_to_end_latency,244,1882.0
end_to_end_latency,245,1831.0
end_to_end_latency,246,1781.0
end_to_end_latency,247,1731.0
end_to_end_latency,248,1681.0
end_to_end_latency,249,1631.0
end_to_end_latency,250,1581.0
end_to_end_latency,251,1530.0
end_to_end_latency,252,1481.0
end_to_end_latency,253,1431.0
end_to_end_latency,254,1381.0
end_to_end_latency,255,1332.0
end_to_end_latency,256,1282.0
end_to_end_latency,257,1990.0
end_to_end_latency,258,1940.0
end_to_end_latency,259,1890.0
end_to_end_latency,260,1840.0
end_to_end_latency,261,1790.0
end_to_end_latency,262,1740.0
end_to_end_latency,263,1690.0
end_to_end_latency,264,1640.0
end_to_end_latency,265,1590.0
end_to_end_latency,266,1540.0
end_to_end_latency,267,1490.0
end_to_end_latency,268,1440.0
end_to_end_latency,269,1390.0
end_to_end_latency,270,1341.0
end_to_end_latency,271,1291.0
end_to_end_latency,272,1241.0
end_to_end_latency,273,2051.0
end_to_end_latency,274,2001.0
end_to_end_latency,275,1951.0
end_to_end_latency,276,1900.0
end_to_end_latency,277,1851.0
end_to_end_latency,278,1801.0
end_to_end_latency,279,1751.0
end_to_end_latency,280,1701.0
end_to_end_latency,281,1651.0
end_to_end_latency,282,1601.0
end_to_end_latency,283,1551.0
end_to_end_latency,284,1502.0
end_to_end_latency,285,1452.0
end_to_end_latency,286,1403.0
end_to_end_latency,287,1352.0
end_to_end_latency,288,1302.0
end_to_end_latency,289,2869.0
end_to_end_latency,290,2819.0
end_to_end_latency,291,2768.0
end_to_end_latency,292,2719.0
end_to_end_latency,293,2669.0
end_to_end_latency,294,2619.0
end_to_end_latency,295,2569.0
end_to_end_latency,296,2519.0
end_to_end_latency,297,2469.0
end_to_end_latency,298,2419.0
end_to_end_latency,299,2370.0
end_to_end_latency,300,2321.0
end_to_end_latency,301,2271.0
end_to_end_latency,302,2221.0
end_to_end_latency,303,2171.0
end_to_end_latency,304,2121.0
end_to_end_latency,305,2071.0
end_to_end_latency,306,2021.0
end_to_end_latency,310,1822.0
end_to_end_latency,311,1771.0
end_to_end_latency,312,1722.0
end_to_end_latency,313,1671.0
end_to_end_latency,314,1622.0
end_to_end_latency,315,1572.0
end_to_end_latency,316,1523.0
end_to_end_latency,317,1472.0
end_to_end_latency,318,1423.0
end_to_end_latency,319,1373.0
end_to_end_latency,320,1322.0
end_to_end_latency,321,1273.0
end_to_end_latency,322,1223.0
end_to_end_latency,323,1172.0
end_to_end_latency,324,1123.0
end_to_end_latency,325,1073.0
end_to_end_latency,326,1750.0
end_to_end_latency,327,1700.0
end_to_end_latency,328,1650.0
end_to_end_latency,329,1600.0
end_to_end_latency,330,1550.0
end_to_end_latency,331,1499.0
end_to_end_latency,332,1450.0
end_to_end_latency,333,1400.0
end_to_end_latency,334,1350.0
end_to_end_latency,335,1300.0
end_to_end_latency,336,1249.0
end_to_end_latency,337,1200.0
end_to_end_latency,338,1149.0
end_to_end_latency,339,1100.0
end_to_end_latency,340,1049.0
end_to_end_latency,341,1000.0
end_to_end_latency,342,1761.0
end_to_end_latency,343,1711.0
end_to_end_latency,344,1661.0
end_to_end_latency,345,1611.0
end_to_end_latency,346,1560.0
end_to_end_latency,347,1511.0
end_to_end_latency,348,1460.0
end_to_end_latency,349,1412.0
end_to_end_latency,350,1362.0
end_to_end_latency,351,1312.0
end_to_end_latency,352,1262.0
end_to_end_latency,353,1212.0
end_to_end_latency,354,1162.0
end_to_end_latency,358,1799.0
end_to_end_latency,359,1748.0
end_to_end_latency,360,1699.0
end_to_end_latency,361,1648.0
end_to_end_latency,362,1598.0
end_to_end_latency,363,1548.0
end_to_end_latency,364,1499.0
end_to_end_latency,365,1449.0
end_to_end_latency,366,1398.0
end_to_end_latency,367,1349.0
end_to_end_latency,368,1299.0
end_to_end_latency,369,1249.0
end_to_end_latency,370,1199.0
end_to_end_latency,0,1619.0
end_to_end_latency,1,1569.0
end_to_end_latency,2,1519.0
end_to_end_latency,3,1469.0
end_to_end_latency,4,1419.0
end_to_end_latency,5,2179.0
end_to_end_latency,6,2129.0
end_to_end_latency,7,2080.0
end_to_end_latency,8,2029.0
end_to_end_latency,9,1979.0
end_to_end_latency,10,1929.0
end_to_end_latency,11,1879.0
end_to_end_latency,12,1829.0
end_to_end_latency,13,1779.0
end_to_end_latency,14,1729.0
end_to_end_latency,15,1679.0
end_to_end_latency,16,1629.0
end_to_end_latency,17,1579.0
end_to_end_latency,18,1529.0
end_to_end_latency,19,1479.0
end_to_end_latency,20,1429.0
end_to_end_latency,21,1380.0
end_to_end_latency,22,1331.0
end_to_end_latency,23,1280.0
end_to_end_latency,27,1826.0
end_to_end_latency,28,1776.0
end_to_end_latency,29,1726.0
end_to_end_latency,30,1676.0
end_to_end_latency,31,1626.0
end_to_end_latency,32,1576.0
end_to_end_latency,33,1527.0
end_to_end_latency,34,1476.0
end_to_end_latency,35,1426.0
end_to_end_latency,36,1376.0
end_to_end_latency,37,1327.0
end_to_end_latency,38,1277.0
end_to_end_latency,39,1227.0
end_to_end_latency,40,1178.0
end_to_end_latency,41,1127.0
end_to_end_latency,42,1077.0
end_to_end_latency,43,1027.0
end_to_end_latency,44,977.0
end_to_end_latency,45,928.0
end_to_end_latency,46,877.0
end_to_end_latency,47,1713.0
end_to_end_latency,48,1663.0
end_to_end_latency,49,1613.0
end_to_end_latency,50,1563.0
end_to_end_latency,51,1513.0
end_to_end_latency,52,1464.0
end_to_end_latency,53,1413.0
end_to_end_latency,54,1363.0
end_to_end_latency,55,1313.0
end_to_end_latency,56,1263.0
end_to_end_latency,57,2826.0
end_to_end_latency,58,2776.0
end_to_end_latency,59,2726.0
end_to_end_latency,60,2676.0
end_to_end_latency,61,2626.0
end_to_end_latency,62,2576.0
end_to_end_latency,63,2527.0
end_to_end_latency,64,2477.0
end_to_end_latency,65,2427.0
end_to_end_latency,66,2377.0
end_to_end_latency,67,2327.0
end_to_end_latency,68,2277.0
end_to_end_latency,69,2227.0
end_to_end_latency,70,2177.0
end_to_end_latency,71,2127.0
end_to_end_latency,72,2077.0
end_to_end_latency,73,2027.0
end_to_end_latency,74,1977.0
end_to_end_latency,75,1927.0
end_to_end_latency,76,1878.0
end_to_end_latency,77,1827.0
end_to_end_latency,78,1777.0
end_to_end_latency,79,1727.0
end_to_end_latency,80,1677.0
end_to_end_latency,81,1627.0
end_to_end_latency,82,1577.0
end_to_end_latency,83,1527.0
end_to_end_latency,84,1477.0
end_to_end_latency,85,1427.0
end_to_end_latency,86,1377.0
end_to_end_latency,87,1327.0
end_to_end_latency,88,1277.0
end_to_end_latency,89,1228.0
end_to_end_latency,90,1178.0
end_to_end_latency,91,1128.0
end_to_end_latency,92,1900.0
end_to_end_latency,93,1850.0
end_to_end_latency,94,1800.0
end_to_end_latency,95,1750.0
end_to_end_latency,96,1699.0
end_to_end_latency,97,1650.0
end_to_end_latency,98,1600.0
end_to_end_latency,99,1550.0
end_to_end_latency,100,1500.0
end_to_end_latency,101,1450.0
end_to_end_latency,102,1400.0
end_to_end_latency,103,1350.0
end_to_end_latency,104,1301.0
end_to_end_latency,105,1251.0
end_to_end_latency,106,1201.0
end_to_end_latency,107,1151.0
end_to_end_latency,108,1100.0
end_to_end_latency,109,1051.0
end_to_end_latency,110,1001.0
end_to_end_latency,111,951.0
end_to_end_latency,112,1622.0
end_to_end_latency,113,1572.0
end_to_end_latency,114,1522.0
end_to_end_latency,115,1472.0
end_to_end_latency,116,1423.0
end_to_end_latency,117,1373.0
end_to_end_latency,118,1323.0
end_to_end_latency,119,1273.0
end_to_end_latency,120,1223.0
end_to_end_latency,121,1173.0
end_to_end_latency,122,1993.0
end_to_end_latency,123,1943.0
end_to_end_latency,124,1892.0
end_to_end_latency,125,1843.0
end_to_end_latency,126,1794.0
end_to_end_latency,127,1743.0
end_to_end_latency,128,1694.0
end_to_end_latency,129,1644.0
end_to_end_latency,130,1593.0
end_to_end_latency,131,1543.0
end_to_end_latency,132,1494.0
end_to_end_latency,133,1444.0
end_to_end_latency,134,1393.0
end_to_end_latency,135,1345.0
end_to_end_latency,136,1294.0
end_to_end_latency,137,1245.0
end_to_end_latency,141,2502.0
end_to_end_latency,142,2453.0
end_to_end_latency,143,2402.0
end_to_end_latency,144,2353.0
end_to_end_latency,145,2302.0
end_to_end_latency,146,2253.0
end_to_end_latency,147,2203.0
end_to_end_latency,148,2154.0
end_to_end_latency,149,2104.0
end_to_end_latency,150,2054.0
end_to_end_latency,151,2003.0
end_to_end_latency,152,1954.0
end_to_end_latency,153,1904.0
end_to_end_latency,154,1854.0
end_to_end_latency,155,1804.0
end_to_end_latency,156,1753.0
end_to_end_latency,157,1705.0
end_to_end_latency,158,1655.0
end_to_end_latency,159,1604.0
end_to_end_latency,160,1555.0
end_to_end_latency,161,1504.0
end_to_end_latency,162,1455.0
end_to_end_latency,163,1405.0
end_to_end_latency,164,1356.0
end_to_end_latency,165,1306.0
end_to_end_latency,166,1256.0
end_to_end_latency,167,1206.0
end_to_end_latency,168,1155.0
end_to_end_latency,169,1106.0
end_to_end_latency,170,1057.0
end_to_end_latency,171,1006.0
end_to_end_latency,172,956.0
end_to_end_latency,173,906.0
end_to_end_latency,174,1622.0
end_to_end_latency,175,1572.0
end_to_end_latency,176,1521.0
end_to_end_latency,177,1472.0
end_to_end_latency,178,1422.0
end_to_end_latency,179,1371.0
end_to_end_latency,180,1322.0
end_to_end_latency,181,1271.0
end_to_end_latency,182,1222.0
end_to_end_latency,183,1172.0
end_to_end_latency,184,1123.0
end_to_end_latency,185,1072.0
end_to_end_latency,186,1023.0
end_to_end_latency,187,972.0
end_to_end_latency,188,923.0
end_to_end_latency,189,872.0
end_to_end_latency,190,1571.0
end_to_end_latency,191,1520.0
end_to_end_latency,192,1471.0
end_to_end_latency,193,1421.0
end_to_end_latency,194,1372.0
end_to_end_latency,195,1321.0
end_to_end_latency,196,1272.0
end_to_end_latency,197,1222.0
end_to_end_latency,198,1171.0
end_to_end_latency,199,1122.0
end_to_end_latency,200,1071.0
end_to_end_latency,201,1022.0
end_to_end_latency,202,971.0
end_to_end_latency,203,1680.0
end_to_end_latency,204,1631.0
end_to_end_latency,205,1581.0
end_to_end_latency,206,1530.0
end_to_end_latency,207,1481.0
end_to_end_latency,208,1431.0
end_to_end_latency,209,1381.0
end_to_end_latency,210,1332.0
end_to_end_latency,211,1282.0
end_to_end_latency,212,1232.0
end_to_end_latency,213,1181.0
end_to_end_latency,214,1132.0
end_to_end_latency,215,1081.0
end_to_end_latency,216,1032.0
end_to_end_latency,217,982.0
end_to_end_latency,218,931.0
end_to_end_latency,219,2516.0
end_to_end_latency,220,2467.0
end_to_end_latency,221,2417.0
end_to_end_latency,222,2367.0
end_to_end_latency,223,2318.0
end_to_end_latency,224,2267.0
end_to_end_latency,225,2218.0
end_to_end_latency,226,2167.0
end_to_end_latency,227,2118.0
end_to_end_latency,228,2067.0
end_to_end_latency,229,2018.0
end_to_end_latency,230,1967.0
end_to_end_latency,231,1918.0
end_to_end_latency,232,1867.0
end_to_end_latency,233,1818.0
end_to_end_latency,234,1767.0
end_to_end_latency,235,1718.0
end_to_end_latency,236,1667.0
end_to_end_latency,237,1617.0
end_to_end_latency,238,1569.0
end_to_end_latency,239,1518.0
end_to_end_latency,240,1468.0
end_to_end_latency,241,1419.0
end_to_end_latency,242,1368.0
end_to_end_latency,243,1319.0
end_to_end_latency,244,1268.0
end_to_end_latency,251,1739.0
end_to_end_latency,252,1689.0
end_to_end_latency,253,1640.0
end_to_end_latency,254,1589.0
end_to_end_latency,255,1540.0
end_to_end_latency,256,1490.0
end_to_end_latency,257,1439.0
end_to_end_latency,258,1390.0
end_to_end_latency,259,1340.0
end_to_end_latency,260,1291.0
end_to_end_latency,261,1240.0
end_to_end_latency,262,1190.0
end_to_end_latency,263,1140.0
end_to_end_latency,264,1849.0
end_to_end_latency,265,1799.0
end_to_end_latency,266,1748.0
end_to_end_latency,267,1698.0
end_to_end_latency,268,1649.0
end_to_end_latency,269,1598.0
end_to_end_latency,270,1549.0
end_to_end_latency,271,1498.0
end_to_end_latency,272,1448.0
end_to_end_latency,273,1399.0
end_to_end_latency,274,1350.0
end_to_end_latency,275,1299.0
end_to_end_latency,276,1250.0
end_to_end_latency,281,1860.0
end_to_end_latency,282,1810.0
end_to_end_latency,283,1759.0
end_to_end_latency,284,1709.0
end_to_end_latency,285,1659.0
end_to_end_latency,286,1609.0
end_to_end_latency,287,1560.0
end_to_end_latency,288,1510.0
end_to_end_latency,289,1461.0
end_to_end_latency,290,1410.0
end_to_end_latency,291,1360.0
end_to_end_latency,292,1310.0
end_to_end_latency,293,1259.0
end_to_end_latency,294,2827.0
end_to_end_latency,295,2777.0
end_to_end_latency,296,2728.0
end_to_end_latency,297,2678.0
end_to_end_latency,298,2627.0
end_to_end_latency,299,2577.0
end_to_end_latency,300,2528.0
end_to_end_latency,301,2478.0
end_to_end_latency,302,2428.0
end_to_end_latency,303,2378.0
end_to_end_latency,304,2329.0
end_to_end_latency,305,2279.0
end_to_end_latency,306,2230.0
end_to_end_latency,307,2179.0
end_to_end_latency,308,2129.0
end_to_end_latency,309,2079.0
end_to_end_latency,310,2029.0
end_to_end_latency,311,1980.0
end_to_end_latency,312,1931.0
end_to_end_latency,313,1881.0
end_to_end_latency,314,1830.0
end_to_end_latency,315,1780.0
end_to_end_latency,316,1730.0
end_to_end_latency,317,1681.0
end_to_end_latency,318,1631.0
end_to_end_latency,319,1581.0
end_to_end_latency,320,1531.0
end_to_end_latency,321,1481.0
end_to_end_latency,322,1432.0
end_to_end_latency,323,1381.0
end_to_end_latency,324,1331.0
end_to_end_latency,325,1281.0
end_to_end_latency,326,1232.0
end_to_end_latency,327,1181.0
end_to_end_latency,328,1131.0
end_to_end_latency,329,1081.0
end_to_end_latency,330,1758.0
end_to_end_latency,331,1707.0
end_to_end_latency,332,1657.0
end_to_end_latency,333,1607.0
end_to_end_latency,334,1558.0
end_to_end_latency,335,1508.0
end_to_end_latency,336,1459.0
end_to_end_latency,337,1408.0
end_to_end_latency,338,1358.0
end_to_end_latency,339,1308.0
end_to_end_latency,340,1258.0
end_to_end_latency,341,1208.0
end_to_end_latency,342,1158.0
end_to_end_latency,343,1110.0
end_to_end_latency,344,1058.0
end_to_end_latency,345,1009.0
end_to_end_latency,346,959.0
end_to_end_latency,347,1719.0
end_to_end_latency,348,1669.0
end_to_end_latency,349,1619.0
end_to_end_latency,350,1569.0
end_to_end_latency,351,1519.0
end_to_end_latency,352,1469.0
end_to_end_latency,353,1420.0
end_to_end_latency,354,1369.0
end_to_end_latency,355,1320.0
end_to_end_latency,356,1270.0
end_to_end_latency,357,1220.0
end_to_end_latency,358,1170.0
end_to_end_latency,359,1120.0
end_to_end_latency,360,1070.0
end_to_end_latency,361,1020.0
end_to_end_latency,362,970.0
end_to_end_latency,363,1757.0
end_to_end_latency,364,1707.0
end_to_end_latency,365,1657.0
end_to_end_latency,366,1607.0
end_to_end_latency,367,1557.0
end_to_end_latency,368,1507.0
end_to_end_latency,369,1457.0
end_to_end_latency,370,1407.0
end_to_end_latency,371,1357.0
end_to_end_latency,372,1307.0
end_to_end_latency,373,1257.0
end_to_end_latency,374,1207.0
end_to_end_latency,375,1157.0
end_to_end_latency,0,1409.0
end_to_end_latency,1,1359.0
end_to_end_latency,2,2118.0
end_to_end_latency,3,2069.0
end_to_end_latency,4,2018.0
end_to_end_latency,5,1969.0
end_to_end_latency,6,1919.0
end_to_end_latency,7,1869.0
end_to_end_latency,8,1818.0
end_to_end_latency,9,1769.0
end_to_end_latency,10,1718.0
end_to_end_latency,11,1669.0
end_to_end_latency,12,1618.0
end_to_end_latency,13,1569.0
end_to_end_latency,14,1519.0
end_to_end_latency,15,1468.0
end_to_end_latency,16,1419.0
end_to_end_latency,17,1369.0
end_to_end_latency,18,1319.0
end_to_end_latency,19,1270.0
end_to_end_latency,20,1220.0
end_to_end_latency,21,1169.0
end_to_end_latency,22,1120.0
end_to_end_latency,23,1070.0
end_to_end_latency,24,1020.0
end_to_end_latency,25,1715.0
end_to_end_latency,26,1665.0
end_to_end_latency,27,1616.0
end_to_end_latency,28,1565.0
end_to_end_latency,29,1516.0
end_to_end_latency,30,1466.0
end_to_end_latency,31,1416.0
end_to_end_latency,32,1367.0
end_to_end_latency,33,1317.0
end_to_end_latency,34,1266.0
end_to_end_latency,35,1217.0
end_to_end_latency,36,1166.0
end_to_end_latency,37,1117.0
end_to_end_latency,41,1803.0
end_to_end_latency,42,1752.0
end_to_end_latency,43,1703.0
end_to_end_latency,44,1653.0
end_to_end_latency,45,1602.0
end_to_end_latency,46,1553.0
end_to_end_latency,47,1502.0
end_to_end_latency,48,1452.0
end_to_end_latency,49,1402.0
end_to_end_latency,50,1353.0
end_to_end_latency,51,1303.0
end_to_end_latency,52,1253.0
end_to_end_latency,53,1203.0
end_to_end_latency,58,2566.0
end_to_end_latency,59,2517.0
end_to_end_latency,60,2466.0
end_to_end_latency,61,2417.0
end_to_end_latency,62,2366.0
end_to_end_latency,63,2317.0
end_to_end_latency,64,2267.0
end_to_end_latency,65,2217.0
end_to_end_latency,66,2167.0
end_to_end_latency,67,2116.0
end_to_end_latency,68,2066.0
end_to_end_latency,69,2017.0
end_to_end_latency,70,1966.0
end_to_end_latency,71,1917.0
end_to_end_latency,72,1867.0
end_to_end_latency,73,1816.0
end_to_end_latency,74,1767.0
end_to_end_latency,75,1716.0
end_to_end_latency,76,1667.0
end_to_end_latency,77,1616.0
end_to_end_latency,78,1566.0
end_to_end_latency,79,1516.0
end_to_end_latency,80,1466.0
end_to_end_latency,81,1417.0
end_to_end_latency,82,1366.0
end_to_end_latency,83,1317.0
end_to_end_latency,84,1266.0
end_to_end_latency,85,1216.0
end_to_end_latency,86,1167.0
end_to_end_latency,90,967.0
end_to_end_latency,91,917.0
end_to_end_latency,92,867.0
end_to_end_latency,93,1640.0
end_to_end_latency,94,1591.0
end_to_end_latency,95,1540.0
end_to_end_latency,96,1490.0
end_to_end_latency,97,1441.0
end_to_end_latency,98,1390.0
end_to_end_latency,99,1341.0
end_to_end_latency,100,1290.0
end_to_end_latency,101,1240.0
end_to_end_latency,102,1191.0
end_to_end_latency,103,1140.0
end_to_end_latency,104,1090.0
end_to_end_latency,105,1040.0
end_to_end_latency,106,1712.0
end_to_end_latency,107,1661.0
end_to_end_latency,108,1611.0
end_to_end_latency,109,1561.0
end_to_end_latency,110,1512.0
end_to_end_latency,111,1461.0
end_to_end_latency,112,1411.0
end_to_end_latency,113,1362.0
end_to_end_latency,114,1312.0
end_to_end_latency,115,1261.0
end_to_end_latency,116,1213.0
end_to_end_latency,117,1162.0
end_to_end_latency,118,1112.0
end_to_end_latency,119,1063.0
end_to_end_latency,120,1012.0
end_to_end_latency,121,963.0
end_to_end_latency,122,913.0
end_to_end_latency,123,1734.0
end_to_end_latency,124,1683.0
end_to_end_latency,125,1634.0
end_to_end_latency,126,1583.0
end_to_end_latency,127,1534.0
end_to_end_latency,128,1483.0
end_to_end_latency,129,1434.0
end_to_end_latency,130,1384.0
end_to_end_latency,131,1334.0
end_to_end_latency,132,1285.0
end_to_end_latency,133,1234.0
end_to_end_latency,134,1184.0
end_to_end_latency,135,1135.0
end_to_end_latency,139,2393.0
end_to_end_latency,140,2342.0
end_to_end_latency,141,2292.0
end_to_end_latency,142,2244.0
end_to_end_latency,143,2193.0
end_to_end_latency,144,2144.0
end_to_end_latency,145,2093.0
end_to_end_latency,146,2044.0
end_to_end_latency,147,1993.0
end_to_end_latency,148,1943.0
end_to_end_latency,149,1893.0
end_to_end_latency,150,1844.0
end_to_end_latency,151,1794.0
end_to_end_latency,152,1744.0
end_to_end_latency,153,1695.0
end_to_end_latency,154,1644.0
end_to_end_latency,155,1594.0
end_to_end_latency,156,1544.0
end_to_end_latency,157,1494.0
end_to_end_latency,158,1445.0
end_to_end_latency,159,1395.0
end_to_end_latency,160,1345.0
end_to_end_latency,161,1295.0
end_to_end_latency,162,1246.0
end_to_end_latency,163,1196.0
end_to_end_latency,164,1145.0
end_to_end_latency,171,796.0
end_to_end_latency,172,747.0
end_to_end_latency,173,696.0
end_to_end_latency,174,646.0
end_to_end_latency,175,1362.0
end_to_end_latency,176,1311.0
end_to_end_latency,177,1261.0
end_to_end_latency,178,1212.0
end_to_end_latency,179,1161.0
end_to_end_latency,180,1111.0
end_to_end_latency,181,1811.0
end_to_end_latency,182,1760.0
end_to_end_latency,183,1710.0
end_to_end_latency,184,1661.0
end_to_end_latency,185,1610.0
end_to_end_latency,186,1560.0
end_to_end_latency,187,1510.0
end_to_end_latency,188,1461.0
end_to_end_latency,189,1411.0
end_to_end_latency,190,1362.0
end_to_end_latency,191,1312.0
end_to_end_latency,192,1261.0
end_to_end_latency,193,1211.0
end_to_end_latency,194,1161.0
end_to_end_latency,195,1112.0
end_to_end_latency,196,1061.0
end_to_end_latency,197,1011.0
end_to_end_latency,198,961.0
end_to_end_latency,199,911.0
end_to_end_latency,200,1620.0
end_to_end_latency,201,1570.0
end_to_end_latency,202,1521.0
end_to_end_latency,203,1471.0
end_to_end_latency,204,1421.0
end_to_end_latency,205,1370.0
end_to_end_latency,206,1321.0
end_to_end_latency,207,1272.0
end_to_end_latency,208,1221.0
end_to_end_latency,209,1171.0
end_to_end_latency,217,2407.0
end_to_end_latency,218,2356.0
end_to_end_latency,219,2306.0
end_to_end_latency,220,2257.0
end_to_end_latency,221,2207.0
end_to_end_latency,222,2158.0
end_to_end_latency,223,2107.0
end_to_end_latency,224,2057.0
end_to_end_latency,225,2007.0
end_to_end_latency,226,1958.0
end_to_end_latency,227,1908.0
end_to_end_latency,228,1858.0
end_to_end_latency,229,1808.0
end_to_end_latency,230,1758.0
end_to_end_latency,231,1708.0
end_to_end_latency,232,1658.0
end_to_end_latency,233,1609.0
end_to_end_latency,234,1559.0
end_to_end_latency,235,1509.0
end_to_end_latency,236,1459.0
end_to_end_latency,237,1408.0
end_to_end_latency,238,1358.0
end_to_end_latency,246,959.0
end_to_end_latency,247,909.0
end_to_end_latency,248,859.0
end_to_end_latency,249,1629.0
end_to_end_latency,250,1579.0
end_to_end_latency,251,1528.0
end_to_end_latency,252,1479.0
end_to_end_latency,253,1430.0
end_to_end_latency,254,1380.0
end_to_end_latency,255,1330.0
end_to_end_latency,256,2038.0
end_to_end_latency,257,1988.0
end_to_end_latency,258,1938.0
end_to_end_latency,259,1887.0
end_to_end_latency,260,1838.0
end_to_end_latency,261,1787.0
end_to_end_latency,262,1738.0
end_to_end_latency,263,1688.0
end_to_end_latency,264,1638.0
end_to_end_latency,265,1589.0
end_to_end_latency,266,1539.0
end_to_end_latency,267,1489.0
end_to_end_latency,268,1439.0
end_to_end_latency,269,1390.0
end_to_end_latency,270,1337.0
end_to_end_latency,271,1289.0
end_to_end_latency,272,1239.0
end_to_end_latency,273,1189.0
end_to_end_latency,274,1139.0
end_to_end_latency,275,1089.0
end_to_end_latency,276,1039.0
end_to_end_latency,277,990.0
end_to_end_latency,278,1799.0
end_to_end_latency,279,1749.0
end_to_end_latency,280,1698.0
end_to_end_latency,281,1649.0
end_to_end_latency,282,1598.0
end_to_end_latency,283,1549.0
end_to_end_latency,284,1499.0
end_to_end_latency,285,1450.0
end_to_end_latency,286,1400.0
end_to_end_latency,287,1350.0
end_to_end_latency,288,1300.0
end_to_end_latency,289,1250.0
end_to_end_latency,290,1200.0
end_to_end_latency,291,2767.0
end_to_end_latency,292,2717.0
end_to_end_latency,293,2667.0
end_to_end_latency,294,2616.0
end_to_end_latency,295,2566.0
end_to_end_latency,296,2516.0
end_to_end_latency,297,2466.0
end_to_end_latency,298,2416.0
end_to_end_latency,299,2367.0
end_to_end_latency,300,2318.0
end_to_end_latency,301,2268.0
end_to_end_latency,302,2219.0
end_to_end_latency,303,2169.0
end_to_end_latency,304,2119.0
end_to_end_latency,312,1720.0
end_to_end_latency,313,1670.0
end_to_end_latency,314,1620.0
end_to_end_latency,315,1570.0
end_to_end_latency,316,1520.0
end_to_end_latency,317,1469.0
end_to_end_latency,318,1421.0
end_to_end_latency,319,1371.0
end_to_end_latency,320,1321.0
end_to_end_latency,321,1271.0
end_to_end_latency,322,1222.0
end_to_end_latency,323,1172.0
end_to_end_latency,324,1122.0
end_to_end_latency,325,1072.0
end_to_end_latency,326,1022.0
end_to_end_latency,327,972.0
end_to_end_latency,328,922.0
end_to_end_latency,329,872.0
end_to_end_latency,330,822.0
end_to_end_latency,331,1498.0
end_to_end_latency,332,1448.0
end_to_end_latency,333,1398.0
end_to_end_latency,334,1348.0
end_to_end_latency,335,1298.0
end_to_end_latency,336,1248.0
end_to_end_latency,337,1198.0
end_to_end_latency,344,1659.0
end_to_end_latency,345,1609.0
end_to_end_latency,346,1559.0
end_to_end_latency,347,1508.0
end_to_end_latency,348,1460.0
end_to_end_latency,349,1409.0
end_to_end_latency,350,1360.0
end_to_end_latency,351,1309.0
end_to_end_latency,352,1260.0
end_to_end_latency,353,1210.0
end_to_end_latency,357,1847.0
end_to_end_latency,358,1797.0
end_to_end_latency,359,1747.0
end_to_end_latency,360,1697.0
end_to_end_latency,361,1646.0
end_to_end_latency,362,1597.0
end_to_end_latency,363,1547.0
end_to_end_latency,364,1497.0
end_to_end_latency,365,1446.0
end_to_end_latency,366,1397.0
end_to_end_latency,367,1346.0
end_to_end_latency,368,1297.0
end_to_end_latency,369,1246.0
end_to_end_latency,0,2239.0
end_to_end_latency,1,2189.0
end_to_end_latency,2,2139.0
end_to_end_latency,3,2089.0
end_to_end_latency,4,2038.0
end_to_end_latency,5,1989.0
end_to_end_latency,6,1938.0
end_to_end_latency,7,1890.0
end_to_end_latency,8,1840.0
end_to_end_latency,9,1789.0
end_to_end_latency,10,1740.0
end_to_end_latency,11,1689.0
end_to_end_latency,12,1640.0
end_to_end_latency,13,1589.0
end_to_end_latency,14,1540.0
end_to_end_latency,15,1490.0
end_to_end_latency,16,1439.0
end_to_end_latency,17,1390.0
end_to_end_latency,18,1339.0
end_to_end_latency,19,1290.0
end_to_end_latency,23,1835.0
end_to_end_latency,24,1786.0
end_to_end_latency,25,1735.0
end_to_end_latency,26,1686.0
end_to_end_latency,27,1635.0
end_to_end_latency,28,1586.0
end_to_end_latency,29,1535.0
end_to_end_latency,30,1486.0
end_to_end_latency,31,1435.0
end_to_end_latency,32,1386.0
end_to_end_latency,33,1336.0
end_to_end_latency,34,1285.0
end_to_end_latency,35,1236.0
end_to_end_latency,36,1185.0
end_to_end_latency,37,1136.0
end_to_end_latency,38,1085.0
end_to_end_latency,39,1037.0
end_to_end_latency,40,986.0
end_to_end_latency,41,937.0
end_to_end_latency,42,886.0
end_to_end_latency,43,837.0
end_to_end_latency,44,787.0
end_to_end_latency,45,737.0
end_to_end_latency,46,1573.0
end_to_end_latency,47,1522.0
end_to_end_latency,48,1472.0
end_to_end_latency,49,1423.0
end_to_end_latency,50,1372.0
end_to_end_latency,51,1322.0
end_to_end_latency,52,1274.0
end_to_end_latency,53,1223.0
end_to_end_latency,54,1174.0
end_to_end_latency,55,1123.0
end_to_end_latency,56,1073.0
end_to_end_latency,57,1023.0
end_to_end_latency,58,974.0
end_to_end_latency,59,2536.0
end_to_end_latency,60,2487.0
end_to_end_latency,61,2436.0
end_to_end_latency,62,2386.0
end_to_end_latency,63,2337.0
end_to_end_latency,64,2286.0
end_to_end_latency,65,2237.0
end_to_end_latency,66,2186.0
end_to_end_latency,67,2137.0
end_to_end_latency,68,2086.0
end_to_end_latency,69,2036.0
end_to_end_latency,70,1987.0
end_to_end_latency,71,1936.0
end_to_end_latency,72,1887.0
end_to_end_latency,73,1837.0
end_to_end_latency,74,1787.0
end_to_end_latency,75,1736.0
end_to_end_latency,76,1686.0
end_to_end_latency,77,1636.0
end_to_end_latency,78,1587.0
end_to_end_latency,79,1536.0
end_to_end_latency,80,1486.0
end_to_end_latency,81,1437.0
end_to_end_latency,82,1386.0
end_to_end_latency,83,1336.0
end_to_end_latency,84,1287.0
end_to_end_latency,85,1236.0
end_to_end_latency,86,1187.0
end_to_end_latency,87,1136.0
end_to_end_latency,88,1086.0
end_to_end_latency,89,1037.0
end_to_end_latency,90,986.0
end_to_end_latency,91,1759.0
end_to_end_latency,92,1709.0
end_to_end_latency,93,1659.0
end_to_end_latency,94,1610.0
end_to_end_latency,95,1560.0
end_to_end_latency,96,1510.0
end_to_end_latency,97,1461.0
end_to_end_latency,98,1410.0
end_to_end_latency,99,1360.0
end_to_end_latency,100,1311.0
end_to_end_latency,101,1260.0
end_to_end_latency,102,1211.0
end_to_end_latency,103,1160.0
end_to_end_latency,104,1111.0
end_to_end_latency,105,1061.0
end_to_end_latency,106,1011.0
end_to_end_latency,107,1682.0
end_to_end_latency,108,1631.0
end_to_end_latency,109,1581.0
end_to_end_latency,110,1531.0
end_to_end_latency,111,1481.0
end_to_end_latency,112,1431.0
end_to_end_latency,113,1382.0
end_to_end_latency,114,1332.0
end_to_end_latency,115,1282.0
end_to_end_latency,116,1232.0
end_to_end_latency,124,832.0
end_to_end_latency,125,782.0
end_to_end_latency,126,732.0
end_to_end_latency,127,1554.0
end_to_end_latency,128,1503.0
end_to_end_latency,129,1453.0
end_to_end_latency,130,1403.0
end_to_end_latency,131,1353.0
end_to_end_latency,132,1303.0
end_to_end_latency,140,2362.0
end_to_end_latency,141,2312.0
end_to_end_latency,142,2262.0
end_to_end_latency,143,2213.0
end_to_end_latency,144,2162.0
end_to_end_latency,145,2113.0
end_to_end_latency,146,2063.0
end_to_end_latency,147,2014.0
end_to_end_latency,148,1963.0
end_to_end_latency,149,1913.0
end_to_end_latency,150,1864.0
end_to_end_latency,151,1813.0
end_to_end_latency,152,1764.0
end_to_end_latency,153,1714.0
end_to_end_latency,154,1664.0
end_to_end_latency,155,1614.0
end_to_end_latency,156,1564.0
end_to_end_latency,157,1514.0
end_to_end_latency,158,1464.0
end_to_end_latency,159,1415.0
end_to_end_latency,160,1365.0
end_to_end_latency,161,1315.0
end_to_end_latency,162,1265.0
end_to_end_latency,163,1215.0
end_to_end_latency,164,1165.0
end_to_end_latency,165,1115.0
end_to_end_latency,172,1531.0
end_to_end_latency,173,1481.0
end_to_end_latency,174,1431.0
end_to_end_latency,175,1381.0
end_to_end_latency,176,1331.0
end_to_end_latency,177,1281.0
end_to_end_latency,178,1230.0
end_to_end_latency,179,1181.0
end_to_end_latency,180,1131.0
end_to_end_latency,181,1082.0
end_to_end_latency,182,1780.0
end_to_end_latency,183,1730.0
end_to_end_latency,184,1680.0
end_to_end_latency,185,1631.0
end_to_end_latency,186,1579.0
end_to_end_latency,187,1529.0
end_to_end_latency,188,1479.0
end_to_end_latency,189,1431.0
end_to_end_latency,190,1381.0
end_to_end_latency,191,1331.0
end_to_end_latency,192,1280.0
end_to_end_latency,193,1231.0
end_to_end_latency,194,1181.0
end_to_end_latency,195,1131.0
end_to_end_latency,196,1081.0
end_to_end_latency,197,1031.0
end_to_end_latency,198,981.0
end_to_end_latency,199,931.0
end_to_end_latency,200,881.0
end_to_end_latency,201,831.0
end_to_end_latency,202,781.0
end_to_end_latency,203,731.0
end_to_end_latency,204,681.0
end_to_end_latency,205,1391.0
end_to_end_latency,206,1341.0
end_to_end_latency,207,1292.0
end_to_end_latency,208,1240.0
end_to_end_latency,209,1191.0
end_to_end_latency,210,1141.0
end_to_end_latency,214,2576.0
end_to_end_latency,215,2526.0
end_to_end_latency,216,2476.0
end_to_end_latency,217,2426.0
end_to_end_latency,218,2377.0
end_to_end_latency,219,2326.0
end_to_end_latency,220,2277.0
end_to_end_latency,221,2227.0
end_to_end_latency,222,2177.0
end_to_end_latency,223,2127.0
end_to_end_latency,224,2077.0
end_to_end_latency,225,2026.0
end_to_end_latency,226,1977.0
end_to_end_latency,227,1927.0
end_to_end_latency,228,1878.0
end_to_end_latency,229,1828.0
end_to_end_latency,230,1778.0
end_to_end_latency,231,1728.0
end_to_end_latency,232,1678.0
end_to_end_latency,233,1627.0
end_to_end_latency,234,1578.0
end_to_end_latency,235,1528.0
end_to_end_latency,236,1478.0
end_to_end_latency,237,1427.0
end_to_end_latency,238,1377.0
end_to_end_latency,239,1327.0
end_to_end_latency,240,1277.0
end_to_end_latency,241,1228.0
end_to_end_latency,242,1177.0
end_to_end_latency,243,1128.0
end_to_end_latency,244,1898.0
end_to_end_latency,245,1849.0
end_to_end_latency,246,1799.0
end_to_end_latency,247,1749.0
end_to_end_latency,248,1699.0
end_to_end_latency,249,1649.0
end_to_end_latency,250,1599.0
end_to_end_latency,251,1548.0
end_to_end_latency,252,1499.0
end_to_end_latency,253,1449.0
end_to_end_latency,254,1399.0
end_to_end_latency,255,1350.0
end_to_end_latency,256,1300.0
end_to_end_latency,257,1250.0
end_to_end_latency,258,1199.0
end_to_end_latency,259,1149.0
end_to_end_latency,260,1100.0
end_to_end_latency,261,1050.0
end_to_end_latency,262,1000.0
end_to_end_latency,263,1707.0
end_to_end_latency,264,1658.0
end_to_end_latency,265,1608.0
end_to_end_latency,266,1559.0
end_to_end_latency,267,1509.0
end_to_end_latency,268,1459.0
end_to_end_latency,269,1409.0
end_to_end_latency,270,1359.0
end_to_end_latency,271,1309.0
end_to_end_latency,272,1259.0
end_to_end_latency,273,1208.0
end_to_end_latency,274,1159.0
end_to_end_latency,275,1108.0
end_to_end_latency,276,1059.0
end_to_end_latency,277,1008.0
end_to_end_latency,278,958.0
end_to_end_latency,279,908.0
end_to_end_latency,280,859.0
end_to_end_latency,281,809.0
end_to_end_latency,282,758.0
end_to_end_latency,283,1569.0
end_to_end_latency,284,1518.0
end_to_end_latency,285,1469.0
end_to_end_latency,286,1419.0
end_to_end_latency,287,1370.0
end_to_end_latency,288,1320.0
end_to_end_latency,289,2887.0
end_to_end_latency,290,2837.0
end_to_end_latency,291,2786.0
end_to_end_latency,292,2737.0
end_to_end_latency,293,2686.0
end_to_end_latency,294,2637.0
end_to_end_latency,295,2586.0
end_to_end_latency,296,2536.0
end_to_end_latency,297,2486.0
end_to_end_latency,298,2437.0
end_to_end_latency,299,2387.0
end_to_end_latency,300,2339.0
end_to_end_latency,301,2289.0
end_to_end_latency,302,2239.0
end_to_end_latency,303,2189.0
end_to_end_latency,304,2139.0
end_to_end_latency,305,2088.0
end_to_end_latency,306,2040.0
end_to_end_latency,307,1989.0
end_to_end_latency,308,1940.0
end_to_end_latency,309,1889.0
end_to_end_latency,310,1839.0
end_to_end_latency,311,1790.0
end_to_end_latency,312,1739.0
end_to_end_latency,313,1690.0
end_to_end_latency,314,1639.0
end_to_end_latency,315,1589.0
end_to_end_latency,316,1541.0
end_to_end_latency,317,1490.0
end_to_end_latency,318,1441.0
end_to_end_latency,319,1391.0
end_to_end_latency,320,1340.0
end_to_end_latency,321,1291.0
end_to_end_latency,322,1240.0
end_to_end_latency,323,1191.0
end_to_end_latency,324,1140.0
end_to_end_latency,325,1091.0
end_to_end_latency,326,1766.0
end_to_end_latency,327,1716.0
end_to_end_latency,328,1667.0
end_to_end_latency,329,1617.0
end_to_end_latency,330,1566.0
end_to_end_latency,331,1517.0
end_to_end_latency,332,1467.0
end_to_end_latency,333,1417.0
end_to_end_latency,334,1368.0
end_to_end_latency,335,1317.0
end_to_end_latency,336,1267.0
end_to_end_latency,337,1218.0
end_to_end_latency,338,1167.0
end_to_end_latency,339,1118.0
end_to_end_latency,340,1067.0
end_to_end_latency,341,1017.0
end_to_end_latency,342,968.0
end_to_end_latency,343,917.0
end_to_end_latency,344,867.0
end_to_end_latency,345,1628.0
end_to_end_latency,346,1579.0
end_to_end_latency,347,1528.0
end_to_end_latency,348,1478.0
end_to_end_latency,349,1429.0
end_to_end_latency,350,1379.0
end_to_end_latency,351,1330.0
end_to_end_latency,352,1279.0
end_to_end_latency,353,1230.0
end_to_end_latency,354,1179.0
end_to_end_latency,358,979.0
end_to_end_latency,359,929.0
end_to_end_latency,360,880.0
end_to_end_latency,361,829.0
end_to_end_latency,362,780.0
end_to_end_latency,363,729.0
end_to_end_latency,364,680.0
end_to_end_latency,365,1466.0
end_to_end_latency,366,1417.0
end_to_end_latency,367,1366.0
end_to_end_latency,368,1318.0
end_to_end_latency,369,1267.0
end_to_end_latency,370,1218.0
end_to_end_latency,371,1167.0
end_to_end_latency,372,1117.0
end_to_end_latency,373,1068.0
end_to_end_latency,374,1018.0
end_to_end_latency,0,2256.0
end_to_end_latency,1,2205.0
end_to_end_latency,2,2155.0
end_to_end_latency,3,2105.0
end_to_end_latency,4,2056.0
end_to_end_latency,5,2005.0
end_to_end_latency,6,1955.0
end_to_end_latency,7,1906.0
end_to_end_latency,8,1857.0
end_to_end_latency,9,1807.0
end_to_end_latency,10,1756.0
end_to_end_latency,11,1707.0
end_to_end_latency,12,1656.0
end_to_end_latency,13,1607.0
end_to_end_latency,14,1556.0
end_to_end_latency,15,1507.0
end_to_end_latency,16,1457.0
end_to_end_latency,17,1406.0
end_to_end_latency,18,1356.0
end_to_end_latency,19,1307.0
end_to_end_latency,20,1256.0
end_to_end_latency,21,1206.0
end_to_end_latency,22,1156.0
end_to_end_latency,23,1106.0
end_to_end_latency,24,1057.0
end_to_end_latency,25,1006.0
end_to_end_latency,26,957.0
end_to_end_latency,27,906.0
end_to_end_latency,28,857.0
end_to_end_latency,29,806.0
end_to_end_latency,30,1502.0
end_to_end_latency,31,1453.0
end_to_end_latency,32,1402.0
end_to_end_latency,33,1352.0
end_to_end_latency,34,1303.0
end_to_end_latency,35,1252.0
end_to_end_latency,43,1740.0
end_to_end_latency,44,1689.0
end_to_end_latency,45,1640.0
end_to_end_latency,46,1589.0
end_to_end_latency,47,1539.0
end_to_end_latency,48,1489.0
end_to_end_latency,49,1439.0
end_to_end_latency,50,1389.0
end_to_end_latency,51,1339.0
end_to_end_latency,52,2902.0
end_to_end_latency,53,2852.0
end_to_end_latency,54,2802.0
end_to_end_latency,55,2752.0
end_to_end_latency,56,2702.0
end_to_end_latency,57,2652.0
end_to_end_latency,58,2602.0
end_to_end_latency,59,2553.0
end_to_end_latency,60,2503.0
end_to_end_latency,61,2453.0
end_to_end_latency,62,2404.0
end_to_end_latency,63,2353.0
end_to_end_latency,64,2303.0
end_to_end_latency,65,2254.0
end_to_end_latency,66,2203.0
end_to_end_latency,67,2153.0
end_to_end_latency,68,2103.0
end_to_end_latency,75,1753.0
end_to_end_latency,76,1703.0
end_to_end_latency,77,1653.0
end_to_end_latency,78,1603.0
end_to_end_latency,79,1553.0
end_to_end_latency,80,1503.0
end_to_end_latency,81,1454.0
end_to_end_latency,82,1403.0
end_to_end_latency,83,1353.0
end_to_end_latency,84,1303.0
end_to_end_latency,85,1253.0
end_to_end_latency,86,1203.0
end_to_end_latency,87,1153.0
end_to_end_latency,88,1103.0
end_to_end_latency,89,1053.0
end_to_end_latency,90,1003.0
end_to_end_latency,91,1776.0
end_to_end_latency,92,1726.0
end_to_end_latency,93,1676.0
end_to_end_latency,94,1626.0
end_to_end_latency,95,1576.0
end_to_end_latency,96,1526.0
end_to_end_latency,97,1476.0
end_to_end_latency,98,1426.0
end_to_end_latency,99,1376.0
end_to_end_latency,100,1326.0
end_to_end_latency,101,1277.0
end_to_end_latency,102,1226.0
end_to_end_latency,103,1177.0
end_to_end_latency,104,1127.0
end_to_end_latency,105,1077.0
end_to_end_latency,106,1027.0
end_to_end_latency,107,977.0
end_to_end_latency,108,927.0
end_to_end_latency,109,877.0
end_to_end_latency,110,827.0
end_to_end_latency,111,1498.0
end_to_end_latency,112,1448.0
end_to_end_latency,113,1398.0
end_to_end_latency,114,1349.0
end_to_end_latency,115,1299.0
end_to_end_latency,116,1249.0
end_to_end_latency,117,1199.0
end_to_end_latency,118,1149.0
end_to_end_latency,119,1099.0
end_to_end_latency,120,1049.0
end_to_end_latency,121,998.0
end_to_end_latency,122,949.0
end_to_end_latency,123,898.0
end_to_end_latency,124,1720.0
end_to_end_latency,125,1670.0
end_to_end_latency,126,1620.0
end_to_end_latency,127,1570.0
end_to_end_latency,128,1519.0
end_to_end_latency,129,1470.0
end_to_end_latency,130,1420.0
end_to_end_latency,131,1370.0
end_to_end_latency,132,1320.0
end_to_end_latency,133,1270.0
end_to_end_latency,134,1221.0
end_to_end_latency,135,1171.0
end_to_end_latency,136,1121.0
end_to_end_latency,137,2528.0
end_to_end_latency,138,2479.0
end_to_end_latency,139,2428.0
end_to_end_latency,140,2379.0
end_to_end_latency,141,2328.0
end_to_end_latency,142,2278.0
end_to_end_latency,143,2230.0
end_to_end_latency,144,2180.0
end_to_end_latency,145,2130.0
end_to_end_latency,146,2080.0
end_to_end_latency,147,2030.0
end_to_end_latency,148,1980.0
end_to_end_latency,149,1930.0
end_to_end_latency,150,1881.0
end_to_end_latency,151,1831.0
end_to_end_latency,152,1780.0
end_to_end_latency,153,1731.0
end_to_end_latency,154,1681.0
end_to_end_latency,155,1631.0
end_to_end_latency,156,1581.0
end_to_end_latency,157,1531.0
end_to_end_latency,158,1481.0
end_to_end_latency,159,1431.0
end_to_end_latency,160,1381.0
end_to_end_latency,161,1332.0
end_to_end_latency,162,1282.0
end_to_end_latency,163,1233.0
end_to_end_latency,164,1182.0
end_to_end_latency,165,1133.0
end_to_end_latency,166,1082.0
end_to_end_latency,167,1033.0
end_to_end_latency,168,983.0
end_to_end_latency,169,933.0
end_to_end_latency,170,883.0
end_to_end_latency,171,832.0
end_to_end_latency,172,783.0
end_to_end_latency,173,1498.0
end_to_end_latency,174,1448.0
end_to_end_latency,175,1398.0
end_to_end_latency,176,1348.0
end_to_end_latency,177,1298.0
end_to_end_latency,178,1248.0
end_to_end_latency,179,1198.0
end_to_end_latency,180,1148.0
end_to_end_latency,181,1099.0
end_to_end_latency,182,1048.0
end_to_end_latency,183,999.0
end_to_end_latency,184,948.0
end_to_end_latency,185,899.0
end_to_end_latency,186,849.0
end_to_end_latency,187,799.0
end_to_end_latency,188,749.0
end_to_end_latency,189,1448.0
end_to_end_latency,190,1397.0
end_to_end_latency,191,1348.0
end_to_end_latency,192,1298.0
end_to_end_latency,193,1247.0
end_to_end_latency,194,1198.0
end_to_end_latency,195,1148.0
end_to_end_latency,196,1097.0
end_to_end_latency,197,1047.0
end_to_end_latency,198,1757.0
end_to_end_latency,199,1706.0
end_to_end_latency,200,1657.0
end_to_end_latency,201,1607.0
end_to_end_latency,202,1556.0
end_to_end_latency,203,1507.0
end_to_end_latency,204,1456.0
end_to_end_latency,205,1408.0
end_to_end_latency,206,1357.0
end_to_end_latency,207,1307.0
end_to_end_latency,208,1258.0
end_to_end_latency,209,1208.0
end_to_end_latency,210,1157.0
end_to_end_latency,211,1108.0
end_to_end_latency,212,1057.0
end_to_end_latency,213,1007.0
end_to_end_latency,214,958.0
end_to_end_latency,215,2543.0
end_to_end_latency,216,2492.0
end_to_end_latency,217,2443.0
end_to_end_latency,218,2393.0
end_to_end_latency,219,2344.0
end_to_end_latency,220,2293.0
end_to_end_latency,221,2244.0
end_to_end_latency,222,2194.0
end_to_end_latency,223,2144.0
end_to_end_latency,224,2094.0
end_to_end_latency,225,2044.0
end_to_end_latency,226,1993.0
end_to_end_latency,227,1944.0
end_to_end_latency,228,1893.0
end_to_end_latency,229,1844.0
end_to_end_latency,230,1793.0
end_to_end_latency,231,1745.0
end_to_end_latency,232,1694.0
end_to_end_latency,233,1645.0
end_to_end_latency,234,1594.0
end_to_end_latency,235,1545.0
end_to_end_latency,236,1495.0
end_to_end_latency,237,1444.0
end_to_end_latency,238,1394.0
end_to_end_latency,239,1345.0
end_to_end_latency,240,1295.0
end_to_end_latency,241,1245.0
end_to_end_latency,242,1195.0
end_to_end_latency,243,1145.0
end_to_end_latency,244,1916.0
end_to_end_latency,245,1865.0
end_to_end_latency,246,1815.0
end_to_end_latency,247,1766.0
end_to_end_latency,248,1715.0
end_to_end_latency,249,1666.0
end_to_end_latency,250,1615.0
end_to_end_latency,251,1566.0
end_to_end_latency,252,1515.0
end_to_end_latency,253,1466.0
end_to_end_latency,254,1417.0
end_to_end_latency,255,1366.0
end_to_end_latency,256,1316.0
end_to_end_latency,257,1267.0
end_to_end_latency,258,1216.0
end_to_end_latency,259,1166.0
end_to_end_latency,260,1116.0
end_to_end_latency,261,1067.0
end_to_end_latency,262,1016.0
end_to_end_latency,263,966.0
end_to_end_latency,264,917.0
end_to_end_latency,265,866.0
end_to_end_latency,266,817.0
end_to_end_latency,267,1525.0
end_to_end_latency,268,1476.0
end_to_end_latency,269,1426.0
end_to_end_latency,270,1375.0
end_to_end_latency,271,1325.0
end_to_end_latency,272,1275.0
end_to_end_latency,276,1935.0
end_to_end_latency,277,1885.0
end_to_end_latency,278,1835.0
end_to_end_latency,279,1785.0
end_to_end_latency,280,1736.0
end_to_end_latency,281,1685.0
end_to_end_latency,282,1636.0
end_to_end_latency,283,1585.0
end_to_end_latency,284,1535.0
end_to_end_latency,285,1485.0
end_to_end_latency,286,1435.0
end_to_end_latency,287,1386.0
end_to_end_latency,288,1336.0
end_to_end_latency,293,2703.0
end_to_end_latency,294,2653.0
end_to_end_latency,295,2603.0
end_to_end_latency,296,2553.0
end_to_end_latency,297,2503.0
end_to_end_latency,298,2453.0
end_to_end_latency,299,2404.0
end_to_end_latency,300,2355.0
end_to_end_latency,301,2305.0
end_to_end_latency,302,2255.0
end_to_end_latency,303,2205.0
end_to_end_latency,304,2155.0
end_to_end_latency,305,2106.0
end_to_end_latency,306,2055.0
end_to_end_latency,307,2007.0
end_to_end_latency,308,1957.0
end_to_end_latency,309,1907.0
end_to_end_latency,310,1857.0
end_to_end_latency,311,1806.0
end_to_end_latency,312,1756.0
end_to_end_latency,313,1706.0
end_to_end_latency,314,1657.0
end_to_end_latency,315,1606.0
end_to_end_latency,316,1558.0
end_to_end_latency,317,1507.0
end_to_end_latency,318,1457.0
end_to_end_latency,319,1408.0
end_to_end_latency,320,1357.0
end_to_end_latency,321,1308.0
end_to_end_latency,322,1257.0
end_to_end_latency,323,1934.0
end_to_end_latency,324,1885.0
end_to_end_latency,325,1835.0
end_to_end_latency,326,1784.0
end_to_end_latency,327,1734.0
end_to_end_latency,328,1684.0
end_to_end_latency,329,1634.0
end_to_end_latency,330,1585.0
end_to_end_latency,331,1534.0
end_to_end_latency,332,1485.0
end_to_end_latency,333,1434.0
end_to_end_latency,334,1385.0
end_to_end_latency,335,1334.0
end_to_end_latency,336,1285.0
end_to_end_latency,337,1234.0
end_to_end_latency,338,1184.0
end_to_end_latency,339,1134.0
end_to_end_latency,340,1084.0
end_to_end_latency,341,1034.0
end_to_end_latency,342,986.0
end_to_end_latency,343,936.0
end_to_end_latency,344,885.0
end_to_end_latency,345,835.0
end_to_end_latency,346,785.0
end_to_end_latency,347,735.0
end_to_end_latency,348,685.0
end_to_end_latency,349,1445.0
end_to_end_latency,350,1396.0
end_to_end_latency,351,1345.0
end_to_end_latency,352,1296.0
end_to_end_latency,353,1246.0
end_to_end_latency,354,1196.0
end_to_end_latency,359,1783.0
end_to_end_latency,360,1733.0
end_to_end_latency,361,1683.0
end_to_end_latency,362,1633.0
end_to_end_latency,363,1583.0
end_to_end_latency,364,1533.0
end_to_end_latency,365,1483.0
end_to_end_latency,366,1433.0
end_to_end_latency,367,1383.0
end_to_end_latency,368,1333.0
end_to_end_latency,369,1283.0
end_to_end_latency,370,1233.0
end_to_end_latency,371,1183.0
end_to_end_latency,0,2316.0
end_to_end_latency,1,2266.0
end_to_end_latency,2,2215.0
end_to_end_latency,3,2165.0
end_to_end_latency,4,2116.0
end_to_end_latency,5,2066.0
end_to_end_latency,6,2016.0
end_to_end_latency,7,1966.0
end_to_end_latency,8,1916.0
end_to_end_latency,9,1866.0
end_to_end_latency,10,1816.0
end_to_end_latency,11,1766.0
end_to_end_latency,12,1715.0
end_to_end_latency,13,1667.0
end_to_end_latency,14,1617.0
end_to_end_latency,15,1567.0
end_to_end_latency,16,1517.0
end_to_end_latency,17,1466.0
end_to_end_latency,18,1417.0
end_to_end_latency,19,1367.0
end_to_end_latency,20,1317.0
end_to_end_latency,21,1267.0
end_to_end_latency,22,1216.0
end_to_end_latency,23,1167.0
end_to_end_latency,24,1116.0
end_to_end_latency,25,1067.0
end_to_end_latency,26,1763.0
end_to_end_latency,27,1713.0
end_to_end_latency,28,1662.0
end_to_end_latency,29,1613.0
end_to_end_latency,30,1563.0
end_to_end_latency,31,1512.0
end_to_end_latency,32,1463.0
end_to_end_latency,33,1413.0
end_to_end_latency,34,1363.0
end_to_end_latency,35,1313.0
end_to_end_latency,36,1263.0
end_to_end_latency,37,1212.0
end_to_end_latency,38,1163.0
end_to_end_latency,43,1799.0
end_to_end_latency,44,1749.0
end_to_end_latency,45,1700.0
end_to_end_latency,46,1649.0
end_to_end_latency,47,1600.0
end_to_end_latency,48,1549.0
end_to_end_latency,49,1500.0
end_to_end_latency,50,1450.0
end_to_end_latency,51,1400.0
end_to_end_latency,52,1349.0
end_to_end_latency,53,1300.0
end_to_end_latency,54,1249.0
end_to_end_latency,55,1200.0
end_to_end_latency,56,2763.0
end_to_end_latency,57,2712.0
end_to_end_latency,58,2663.0
end_to_end_latency,59,2614.0
end_to_end_latency,60,2563.0
end_to_end_latency,61,2514.0
end_to_end_latency,62,2463.0
end_to_end_latency,63,2414.0
end_to_end_latency,64,2363.0
end_to_end_latency,65,2314.0
end_to_end_latency,66,2264.0
end_to_end_latency,67,2214.0
end_to_end_latency,68,2163.0
end_to_end_latency,69,2114.0
end_to_end_latency,70,2063.0
end_to_end_latency,71,2014.0
end_to_end_latency,72,1964.0
end_to_end_latency,73,1913.0
end_to_end_latency,74,1864.0
end_to_end_latency,75,1813.0
end_to_end_latency,76,1763.0
end_to_end_latency,77,1713.0
end_to_end_latency,78,1664.0
end_to_end_latency,79,1613.0
end_to_end_latency,80,1563.0
end_to_end_latency,81,1513.0
end_to_end_latency,82,1463.0
end_to_end_latency,83,1413.0
end_to_end_latency,84,1363.0
end_to_end_latency,85,1314.0
end_to_end_latency,86,1263.0
end_to_end_latency,87,1214.0
end_to_end_latency,88,1164.0
end_to_end_latency,89,1115.0
end_to_end_latency,90,1064.0
end_to_end_latency,91,1836.0
end_to_end_latency,92,1787.0
end_to_end_latency,93,1737.0
end_to_end_latency,94,1687.0
end_to_end_latency,95,1637.0
end_to_end_latency,96,1587.0
end_to_end_latency,97,1536.0
end_to_end_latency,98,1487.0
end_to_end_latency,99,1436.0
end_to_end_latency,100,1387.0
end_to_end_latency,101,1337.0
end_to_end_latency,102,1288.0
end_to_end_latency,103,1237.0
end_to_end_latency,108,1708.0
end_to_end_latency,109,1658.0
end_to_end_latency,110,1608.0
end_to_end_latency,111,1559.0
end_to_end_latency,112,1508.0
end_to_end_latency,113,1459.0
end_to_end_latency,114,1409.0
end_to_end_latency,115,1359.0
end_to_end_latency,116,1310.0
end_to_end_latency,117,1259.0
end_to_end_latency,118,1210.0
end_to_end_latency,119,1159.0
end_to_end_latency,120,1109.0
end_to_end_latency,121,1059.0
end_to_end_latency,122,1009.0
end_to_end_latency,123,960.0
end_to_end_latency,124,1781.0
end_to_end_latency,125,1731.0
end_to_end_latency,126,1680.0
end_to_end_latency,127,1631.0
end_to_end_latency,128,1580.0
end_to_end_latency,129,1531.0
end_to_end_latency,130,1480.0
end_to_end_latency,131,1430.0
end_to_end_latency,132,1380.0
end_to_end_latency,133,1330.0
end_to_end_latency,134,1280.0
end_to_end_latency,135,1230.0
end_to_end_latency,136,1180.0
end_to_end_latency,140,2440.0
end_to_end_latency,141,2390.0
end_to_end_latency,142,2341.0
end_to_end_latency,143,2290.0
end_to_end_latency,144,2240.0
end_to_end_latency,145,2190.0
end_to_end_latency,146,2141.0
end_to_end_latency,147,2090.0
end_to_end_latency,148,2041.0
end_to_end_latency,149,1990.0
end_to_end_latency,150,1940.0
end_to_end_latency,151,1890.0
end_to_end_latency,152,1840.0
end_to_end_latency,156,1641.0
end_to_end_latency,157,1591.0
end_to_end_latency,158,1542.0
end_to_end_latency,159,1491.0
end_to_end_latency,160,1443.0
end_to_end_latency,161,1392.0
end_to_end_latency,162,1343.0
end_to_end_latency,163,1293.0
end_to_end_latency,164,1242.0
end_to_end_latency,165,1192.0
end_to_end_latency,166,1142.0
end_to_end_latency,167,1092.0
end_to_end_latency,168,1042.0
end_to_end_latency,173,1558.0
end_to_end_latency,174,1508.0
end_to_end_latency,175,1458.0
end_to_end_latency,176,1409.0
end_to_end_latency,177,1358.0
end_to_end_latency,178,1308.0
end_to_end_latency,179,1259.0
end_to_end_latency,180,1209.0
end_to_end_latency,181,1159.0
end_to_end_latency,182,1108.0
end_to_end_latency,183,1057.0
end_to_end_latency,184,1008.0
end_to_end_latency,185,958.0
end_to_end_latency,186,1658.0
end_to_end_latency,187,1607.0
end_to_end_latency,188,1557.0
end_to_end_latency,189,1508.0
end_to_end_latency,190,1458.0
end_to_end_latency,191,1408.0
end_to_end_latency,192,1358.0
end_to_end_latency,193,1308.0
end_to_end_latency,194,1258.0
end_to_end_latency,195,1208.0
end_to_end_latency,196,1158.0
end_to_end_latency,197,1108.0
end_to_end_latency,198,1058.0
end_to_end_latency,199,1008.0
end_to_end_latency,200,958.0
end_to_end_latency,201,908.0
end_to_end_latency,202,1617.0
end_to_end_latency,203,1567.0
end_to_end_latency,204,1517.0
end_to_end_latency,205,1468.0
end_to_end_latency,206,1418.0
end_to_end_latency,207,1368.0
end_to_end_latency,208,1318.0
end_to_end_latency,209,1268.0
end_to_end_latency,210,1218.0
end_to_end_latency,211,1168.0
end_to_end_latency,212,1118.0
end_to_end_latency,213,1068.0
end_to_end_latency,214,1019.0
end_to_end_latency,215,2603.0
end_to_end_latency,216,2553.0
end_to_end_latency,217,2503.0
end_to_end_latency,218,2453.0
end_to_end_latency,219,2403.0
end_to_end_latency,220,2353.0
end_to_end_latency,221,2303.0
end_to_end_latency,222,2253.0
end_to_end_latency,223,2203.0
end_to_end_latency,224,2154.0
end_to_end_latency,225,2104.0
end_to_end_latency,226,2054.0
end_to_end_latency,227,2004.0
end_to_end_latency,228,1953.0
end_to_end_latency,229,1904.0
end_to_end_latency,230,1854.0
end_to_end_latency,231,1806.0
end_to_end_latency,232,1755.0
end_to_end_latency,233,1705.0
end_to_end_latency,234,1654.0
end_to_end_latency,235,1605.0
end_to_end_latency,236,1555.0
end_to_end_latency,237,1505.0
end_to_end_latency,238,1456.0
end_to_end_latency,239,1406.0
end_to_end_latency,240,1355.0
end_to_end_latency,241,1305.0
end_to_end_latency,242,1255.0
end_to_end_latency,243,1205.0
end_to_end_latency,244,1976.0
end_to_end_latency,245,1926.0
end_to_end_latency,246,1877.0
end_to_end_latency,247,1826.0
end_to_end_latency,248,1776.0
end_to_end_latency,249,1725.0
end_to_end_latency,250,1675.0
end_to_end_latency,251,1626.0
end_to_end_latency,252,1575.0
end_to_end_latency,253,1525.0
end_to_end_latency,254,1476.0
end_to_end_latency,255,1426.0
end_to_end_latency,256,1376.0
end_to_end_latency,257,1326.0
end_to_end_latency,258,1276.0
end_to_end_latency,259,1226.0
end_to_end_latency,260,1935.0
end_to_end_latency,261,1885.0
end_to_end_latency,262,1836.0
end_to_end_latency,263,1786.0
end_to_end_latency,264,1734.0
end_to_end_latency,265,1685.0
end_to_end_latency,266,1635.0
end_to_end_latency,267,1585.0
end_to_end_latency,268,1534.0
end_to_end_latency,269,1485.0
end_to_end_latency,270,1436.0
end_to_end_latency,271,1386.0
end_to_end_latency,272,1336.0
end_to_end_latency,273,1286.0
end_to_end_latency,274,1236.0
end_to_end_latency,275,1185.0
end_to_end_latency,280,1795.0
end_to_end_latency,281,1745.0
end_to_end_latency,282,1695.0
end_to_end_latency,283,1645.0
end_to_end_latency,284,1596.0
end_to_end_latency,285,1546.0
end_to_end_latency,286,1496.0
end_to_end_latency,287,1446.0
end_to_end_latency,288,1396.0
end_to_end_latency,289,2964.0
end_to_end_latency,290,2914.0
end_to_end_latency,291,2864.0
end_to_end_latency,292,2814.0
end_to_end_latency,293,2764.0
end_to_end_latency,294,2714.0
end_to_end_latency,295,2664.0
end_to_end_latency,296,2614.0
end_to_end_latency,297,2563.0
end_to_end_latency,298,2514.0
end_to_end_latency,299,2465.0
end_to_end_latency,300,2416.0
end_to_end_latency,301,2366.0
end_to_end_latency,302,2315.0
end_to_end_latency,303,2266.0
end_to_end_latency,304,2215.0
end_to_end_latency,305,2166.0
end_to_end_latency,306,2116.0
end_to_end_latency,307,2066.0
end_to_end_latency,308,2016.0
end_to_end_latency,309,1965.0
end_to_end_latency,313,1767.0
end_to_end_latency,314,1717.0
end_to_end_latency,315,1666.0
end_to_end_latency,316,1617.0
end_to_end_latency,317,1567.0
end_to_end_latency,318,1518.0
end_to_end_latency,319,1467.0
end_to_end_latency,320,1418.0
end_to_end_latency,321,1367.0
end_to_end_latency,322,1318.0
end_to_end_latency,323,1268.0
end_to_end_latency,324,1218.0
end_to_end_latency,325,1167.0
end_to_end_latency,326,1118.0
end_to_end_latency,327,1068.0
end_to_end_latency,328,1018.0
end_to_end_latency,329,1693.0
end_to_end_latency,330,1644.0
end_to_end_latency,331,1594.0
end_to_end_latency,332,1544.0
end_to_end_latency,333,1495.0
end_to_end_latency,334,1445.0
end_to_end_latency,335,1395.0
end_to_end_latency,336,1345.0
end_to_end_latency,337,1294.0
end_to_end_latency,338,1244.0
end_to_end_latency,339,1195.0
end_to_end_latency,340,1144.0
end_to_end_latency,341,1094.0
end_to_end_latency,346,1656.0
end_to_end_latency,347,1606.0
end_to_end_latency,348,1556.0
end_to_end_latency,349,1506.0
end_to_end_latency,350,1457.0
end_to_end_latency,351,1407.0
end_to_end_latency,352,1357.0
end_to_end_latency,353,1307.0
end_to_end_latency,354,1256.0
end_to_end_latency,362,1693.0
end_to_end_latency,363,1643.0
end_to_end_latency,364,1593.0
end_to_end_latency,365,1544.0
end_to_end_latency,366,1494.0
end_to_end_latency,367,1444.0
end_to_end_latency,368,1395.0
end_to_end_latency,369,1344.0
end_to_end_latency,370,1295.0
end_to_end_latency,371,1244.0
end_to_end_latency,372,1195.0
end_to_end_latency,373,1144.0
end_to_end_latency,374,1095.0
end_to_end_latency,375,1044.0
end_to_end_latency,376,995.0
end_to_end_latency,377,945.0
end_to_end_latency,0,2457.0
end_to_end_latency,1,2407.0
end_to_end_latency,2,2357.0
end_to_end_latency,3,2308.0
end_to_end_latency,4,2257.0
end_to_end_latency,5,2207.0
end_to_end_latency,6,2157.0
end_to_end_latency,7,2107.0
end_to_end_latency,8,2057.0
end_to_end_latency,9,2007.0
end_to_end_latency,10,1957.0
end_to_end_latency,11,1907.0
end_to_end_latency,12,1857.0
end_to_end_latency,13,1807.0
end_to_end_latency,14,1757.0
end_to_end_latency,15,1707.0
end_to_end_latency,16,1658.0
end_to_end_latency,17,1607.0
end_to_end_latency,18,1557.0
end_to_end_latency,19,1507.0
end_to_end_latency,20,1457.0
end_to_end_latency,21,1407.0
end_to_end_latency,22,1357.0
end_to_end_latency,23,2053.0
end_to_end_latency,24,2003.0
end_to_end_latency,25,1953.0
end_to_end_latency,26,1903.0
end_to_end_latency,27,1853.0
end_to_end_latency,28,1803.0
end_to_end_latency,29,1754.0
end_to_end_latency,30,1704.0
end_to_end_latency,31,1654.0
end_to_end_latency,32,1604.0
end_to_end_latency,33,1554.0
end_to_end_latency,34,1504.0
end_to_end_latency,35,1454.0
end_to_end_latency,36,1404.0
end_to_end_latency,37,1354.0
end_to_end_latency,38,1304.0
end_to_end_latency,39,1254.0
end_to_end_latency,40,1204.0
end_to_end_latency,41,1154.0
end_to_end_latency,46,1791.0
end_to_end_latency,47,1741.0
end_to_end_latency,48,1691.0
end_to_end_latency,49,1641.0
end_to_end_latency,50,1591.0
end_to_end_latency,51,1541.0
end_to_end_latency,52,1491.0
end_to_end_latency,53,1441.0
end_to_end_latency,54,1392.0
end_to_end_latency,55,1341.0
end_to_end_latency,56,1291.0
end_to_end_latency,57,1241.0
end_to_end_latency,58,1191.0
end_to_end_latency,59,1142.0
end_to_end_latency,60,1092.0
end_to_end_latency,61,1042.0
end_to_end_latency,62,991.0
end_to_end_latency,63,942.0
end_to_end_latency,64,892.0
end_to_end_latency,65,842.0
end_to_end_latency,66,792.0
end_to_end_latency,67,742.0
end_to_end_latency,68,2305.0
end_to_end_latency,69,2255.0
end_to_end_latency,70,2205.0
end_to_end_latency,71,2154.0
end_to_end_latency,72,2105.0
end_to_end_latency,73,2055.0
end_to_end_latency,74,2005.0
end_to_end_latency,75,1955.0
end_to_end_latency,76,1905.0
end_to_end_latency,77,1855.0
end_to_end_latency,78,1805.0
end_to_end_latency,79,1755.0
end_to_end_latency,80,1705.0
end_to_end_latency,81,1655.0
end_to_end_latency,82,1605.0
end_to_end_latency,83,1554.0
end_to_end_latency,84,1505.0
end_to_end_latency,85,1455.0
end_to_end_latency,86,1405.0
end_to_end_latency,87,1355.0
end_to_end_latency,88,1305.0
end_to_end_latency,89,1255.0
end_to_end_latency,90,1204.0
end_to_end_latency,91,1978.0
end_to_end_latency,92,1928.0
end_to_end_latency,93,1878.0
end_to_end_latency,94,1828.0
end_to_end_latency,95,1778.0
end_to_end_latency,96,1727.0
end_to_end_latency,97,1678.0
end_to_end_latency,98,1627.0
end_to_end_latency,99,1578.0
end_to_end_latency,100,1528.0
end_to_end_latency,101,1479.0
end_to_end_latency,102,1428.0
end_to_end_latency,103,1379.0
end_to_end_latency,104,1329.0
end_to_end_latency,105,1278.0
end_to_end_latency,106,1229.0
end_to_end_latency,107,1899.0
end_to_end_latency,108,1850.0
end_to_end_latency,109,1800.0
end_to_end_latency,110,1750.0
end_to_end_latency,111,1699.0
end_to_end_latency,112,1650.0
end_to_end_latency,113,1599.0
end_to_end_latency,114,1550.0
end_to_end_latency,115,1499.0
end_to_end_latency,116,1450.0
end_to_end_latency,117,1400.0
end_to_end_latency,118,1350.0
end_to_end_latency,119,1301.0
end_to_end_latency,120,1250.0
end_to_end_latency,121,1201.0
end_to_end_latency,122,1151.0
end_to_end_latency,123,1101.0
end_to_end_latency,124,1921.0
end_to_end_latency,125,1871.0
end_to_end_latency,126,1821.0
end_to_end_latency,127,1772.0
end_to_end_latency,128,1721.0
end_to_end_latency,129,1671.0
end_to_end_latency,130,1621.0
end_to_end_latency,131,1572.0
end_to_end_latency,132,1521.0
end_to_end_latency,133,1472.0
end_to_end_latency,134,1422.0
end_to_end_latency,135,1372.0
end_to_end_latency,136,1322.0
end_to_end_latency,137,1271.0
end_to_end_latency,138,1222.0
end_to_end_latency,139,1171.0
end_to_end_latency,140,1122.0
end_to_end_latency,141,1073.0
end_to_end_latency,142,1023.0
end_to_end_latency,143,973.0
end_to_end_latency,144,923.0
end_to_end_latency,145,873.0
end_to_end_latency,146,823.0
end_to_end_latency,147,772.0
end_to_end_latency,148,723.0
end_to_end_latency,149,672.0
end_to_end_latency,150,2082.0
end_to_end_latency,151,2032.0
end_to_end_latency,152,1982.0
end_to_end_latency,153,1932.0
end_to_end_latency,154,1882.0
end_to_end_latency,155,1831.0
end_to_end_latency,156,1783.0
end_to_end_latency,157,1732.0
end_to_end_latency,158,1682.0
end_to_end_latency,159,1633.0
end_to_end_latency,160,1582.0
end_to_end_latency,161,1533.0
end_to_end_latency,162,1483.0
end_to_end_latency,163,1433.0
end_to_end_latency,164,1382.0
end_to_end_latency,165,1333.0
end_to_end_latency,166,1283.0
end_to_end_latency,167,1234.0
end_to_end_latency,168,1184.0
end_to_end_latency,169,1133.0
end_to_end_latency,170,1084.0
end_to_end_latency,171,1033.0
end_to_end_latency,172,1750.0
end_to_end_latency,173,1700.0
end_to_end_latency,174,1649.0
end_to_end_latency,175,1600.0
end_to_end_latency,176,1549.0
end_to_end_latency,177,1499.0
end_to_end_latency,178,1450.0
end_to_end_latency,179,1399.0
end_to_end_latency,180,1350.0
end_to_end_latency,181,1299.0
end_to_end_latency,182,1998.0
end_to_end_latency,183,1949.0
end_to_end_latency,184,1898.0
end_to_end_latency,185,1849.0
end_to_end_latency,186,1798.0
end_to_end_latency,187,1748.0
end_to_end_latency,188,1699.0
end_to_end_latency,189,1648.0
end_to_end_latency,190,1599.0
end_to_end_latency,191,1549.0
end_to_end_latency,192,1498.0
end_to_end_latency,193,1449.0
end_to_end_latency,194,1399.0
end_to_end_latency,195,1349.0
end_to_end_latency,196,1300.0
end_to_end_latency,197,1250.0
end_to_end_latency,205,1608.0
end_to_end_latency,206,1559.0
end_to_end_latency,207,1508.0
end_to_end_latency,208,1459.0
end_to_end_latency,209,1410.0
end_to_end_latency,210,1359.0
end_to_end_latency,211,1309.0
end_to_end_latency,212,1259.0
end_to_end_latency,213,1209.0
end_to_end_latency,214,1160.0
end_to_end_latency,215,1109.0
end_to_end_latency,216,1060.0
end_to_end_latency,217,1009.0
end_to_end_latency,221,810.0
end_to_end_latency,222,760.0
end_to_end_latency,223,709.0
end_to_end_latency,224,2295.0
end_to_end_latency,225,2245.0
end_to_end_latency,226,2195.0
end_to_end_latency,227,2146.0
end_to_end_latency,228,2095.0
end_to_end_latency,229,2045.0
end_to_end_latency,230,1995.0
end_to_end_latency,234,1795.0
end_to_end_latency,235,1745.0
end_to_end_latency,236,1696.0
end_to_end_latency,237,1646.0
end_to_end_latency,238,1596.0
end_to_end_latency,239,1547.0
end_to_end_latency,240,1496.0
end_to_end_latency,241,1446.0
end_to_end_latency,242,1395.0
end_to_end_latency,243,1346.0
end_to_end_latency,244,1297.0
end_to_end_latency,245,1246.0
end_to_end_latency,246,1196.0
end_to_end_latency,250,1816.0
end_to_end_latency,251,1767.0
end_to_end_latency,252,1718.0
end_to_end_latency,253,1667.0
end_to_end_latency,254,1617.0
end_to_end_latency,255,1567.0
end_to_end_latency,256,1517.0
end_to_end_latency,257,1467.0
end_to_end_latency,258,1417.0
end_to_end_latency,259,1367.0
end_to_end_latency,260,1319.0
end_to_end_latency,261,1268.0
end_to_end_latency,262,1219.0
end_to_end_latency,266,1776.0
end_to_end_latency,267,1726.0
end_to_end_latency,268,1677.0
end_to_end_latency,269,1626.0
end_to_end_latency,270,1577.0
end_to_end_latency,271,1527.0
end_to_end_latency,272,1477.0
end_to_end_latency,273,1427.0
end_to_end_latency,274,1377.0
end_to_end_latency,275,1327.0
end_to_end_latency,276,1277.0
end_to_end_latency,277,1227.0
end_to_end_latency,278,1177.0
end_to_end_latency,283,1787.0
end_to_end_latency,284,1737.0
end_to_end_latency,285,1687.0
end_to_end_latency,286,1637.0
end_to_end_latency,287,1587.0
end_to_end_latency,288,1537.0
end_to_end_latency,289,1487.0
end_to_end_latency,290,1437.0
end_to_end_latency,291,1388.0
end_to_end_latency,292,1338.0
end_to_end_latency,293,1288.0
end_to_end_latency,294,1238.0
end_to_end_latency,295,1188.0
end_to_end_latency,296,1138.0
end_to_end_latency,297,1088.0
end_to_end_latency,298,1038.0
end_to_end_latency,299,987.0
end_to_end_latency,300,939.0
end_to_end_latency,301,889.0
end_to_end_latency,302,839.0
end_to_end_latency,303,789.0
end_to_end_latency,304,739.0
end_to_end_latency,305,689.0
end_to_end_latency,306,2257.0
end_to_end_latency,307,2207.0
end_to_end_latency,308,2157.0
end_to_end_latency,309,2107.0
end_to_end_latency,310,2057.0
end_to_end_latency,311,2007.0
end_to_end_latency,312,1957.0
end_to_end_latency,313,1908.0
end_to_end_latency,314,1858.0
end_to_end_latency,315,1808.0
end_to_end_latency,316,1758.0
end_to_end_latency,317,1708.0
end_to_end_latency,318,1658.0
end_to_end_latency,319,1608.0
end_to_end_latency,320,1558.0
end_to_end_latency,321,1508.0
end_to_end_latency,322,1458.0
end_to_end_latency,323,1408.0
end_to_end_latency,324,1358.0
end_to_end_latency,325,1308.0
end_to_end_latency,326,1258.0
end_to_end_latency,327,1209.0
end_to_end_latency,328,1159.0
end_to_end_latency,329,1835.0
end_to_end_latency,330,1785.0
end_to_end_latency,331,1735.0
end_to_end_latency,332,1684.0
end_to_end_latency,333,1635.0
end_to_end_latency,334,1585.0
end_to_end_latency,335,1535.0
end_to_end_latency,336,1486.0
end_to_end_latency,337,1436.0
end_to_end_latency,338,1386.0
end_to_end_latency,339,1336.0
end_to_end_latency,340,1286.0
end_to_end_latency,341,1235.0
end_to_end_latency,342,1186.0
end_to_end_latency,343,1136.0
end_to_end_latency,344,1086.0
end_to_end_latency,345,1847.0
end_to_end_latency,346,1797.0
end_to_end_latency,347,1747.0
end_to_end_latency,348,1697.0
end_to_end_latency,349,1647.0
end_to_end_latency,350,1597.0
end_to_end_latency,351,1547.0
end_to_end_latency,352,1497.0
end_to_end_latency,353,1448.0
end_to_end_latency,354,1397.0
end_to_end_latency,355,1348.0
end_to_end_latency,356,1298.0
end_to_end_latency,357,1248.0
end_to_end_latency,358,1198.0
end_to_end_latency,359,1148.0
end_to_end_latency,360,1098.0
end_to_end_latency,361,1048.0
end_to_end_latency,365,1685.0
end_to_end_latency,366,1635.0
end_to_end_latency,367,1585.0
end_to_end_latency,368,1535.0
end_to_end_latency,369,1485.0
end_to_end_latency,370,1435.0
end_to_end_latency,371,1386.0
end_to_end_latency,372,1336.0
end_to_end_latency,373,1286.0
end_to_end_latency,374,1236.0
end_to_end_latency,375,1186.0
end_to_end_latency,376,1136.0
end_to_end_latency,377,1086.0
end_to_end_latency,378,1036.0
end_to_end_latency,379,986.0
end_to_end_latency,380,936.0
end_to_end_latency,381,886.0
end_to_end_latency,382,835.0
end_to_end_latency,383,786.0
end_to_end_latency,0,2447.0
end_to_end_latency,1,2398.0
end_to_end_latency,2,2348.0
end_to_end_latency,3,2297.0
end_to_end_latency,4,2248.0
end_to_end_latency,5,2198.0
end_to_end_latency,6,2148.0
end_to_end_latency,7,2098.0
end_to_end_latency,8,2047.0
end_to_end_latency,9,1998.0
end_to_end_latency,10,1947.0
end_to_end_latency,11,1898.0
end_to_end_latency,12,1847.0
end_to_end_latency,13,1798.0
end_to_end_latency,14,1748.0
end_to_end_latency,15,1698.0
end_to_end_latency,16,1648.0
end_to_end_latency,17,1597.0
end_to_end_latency,18,1548.0
end_to_end_latency,19,1497.0
end_to_end_latency,20,1447.0
end_to_end_latency,21,1398.0
end_to_end_latency,22,1348.0
end_to_end_latency,23,1298.0
end_to_end_latency,24,1247.0
end_to_end_latency,25,1198.0
end_to_end_latency,26,1148.0
end_to_end_latency,27,1098.0
end_to_end_latency,31,1645.0
end_to_end_latency,32,1595.0
end_to_end_latency,33,1545.0
end_to_end_latency,34,1495.0
end_to_end_latency,35,1445.0
end_to_end_latency,36,1395.0
end_to_end_latency,37,1344.0
end_to_end_latency,38,1294.0
end_to_end_latency,39,1245.0
end_to_end_latency,40,1194.0
end_to_end_latency,48,1681.0
end_to_end_latency,49,1631.0
end_to_end_latency,50,1580.0
end_to_end_latency,51,1531.0
end_to_end_latency,52,1482.0
end_to_end_latency,53,1431.0
end_to_end_latency,54,1382.0
end_to_end_latency,55,1332.0
end_to_end_latency,56,1281.0
end_to_end_latency,57,1232.0
end_to_end_latency,58,1182.0
end_to_end_latency,59,1133.0
end_to_end_latency,60,1082.0
end_to_end_latency,61,1033.0
end_to_end_latency,62,983.0
end_to_end_latency,63,932.0
end_to_end_latency,64,2496.0
end_to_end_latency,65,2445.0
end_to_end_latency,66,2396.0
end_to_end_latency,67,2345.0
end_to_end_latency,68,2295.0
end_to_end_latency,69,2245.0
end_to_end_latency,70,2195.0
end_to_end_latency,71,2146.0
end_to_end_latency,72,2095.0
end_to_end_latency,73,2046.0
end_to_end_latency,74,1995.0
end_to_end_latency,75,1946.0
end_to_end_latency,76,1895.0
end_to_end_latency,77,1845.0
end_to_end_latency,78,1795.0
end_to_end_latency,79,1746.0
end_to_end_latency,80,1696.0
end_to_end_latency,81,1646.0
end_to_end_latency,82,1595.0
end_to_end_latency,83,1545.0
end_to_end_latency,84,1495.0
end_to_end_latency,85,1445.0
end_to_end_latency,86,1396.0
end_to_end_latency,87,1345.0
end_to_end_latency,88,1295.0
end_to_end_latency,89,1245.0
end_to_end_latency,93,1868.0
end_to_end_latency,94,1818.0
end_to_end_latency,95,1768.0
end_to_end_latency,96,1718.0
end_to_end_latency,97,1669.0
end_to_end_latency,98,1618.0
end_to_end_latency,99,1569.0
end_to_end_latency,100,1518.0
end_to_end_latency,101,1469.0
end_to_end_latency,102,1419.0
end_to_end_latency,103,1369.0
end_to_end_latency,104,1320.0
end_to_end_latency,105,1269.0
end_to_end_latency,113,1590.0
end_to_end_latency,114,1540.0
end_to_end_latency,115,1490.0
end_to_end_latency,116,1440.0
end_to_end_latency,117,1390.0
end_to_end_latency,118,1341.0
end_to_end_latency,119,1292.0
end_to_end_latency,120,1241.0
end_to_end_latency,121,1191.0
end_to_end_latency,129,1662.0
end_to_end_latency,130,1612.0
end_to_end_latency,131,1562.0
end_to_end_latency,132,1512.0
end_to_end_latency,133,1461.0
end_to_end_latency,134,1413.0
end_to_end_latency,135,1364.0
end_to_end_latency,136,1314.0
end_to_end_latency,137,1263.0
end_to_end_latency,138,1213.0
end_to_end_latency,139,1163.0
end_to_end_latency,140,1113.0
end_to_end_latency,141,1063.0
end_to_end_latency,142,1013.0
end_to_end_latency,143,964.0
end_to_end_latency,144,914.0
end_to_end_latency,145,2321.0
end_to_end_latency,146,2272.0
end_to_end_latency,147,2221.0
end_to_end_latency,148,2172.0
end_to_end_latency,149,2122.0
end_to_end_latency,150,2073.0
end_to_end_latency,151,2023.0
end_to_end_latency,152,1973.0
end_to_end_latency,153,1924.0
end_to_end_latency,154,1873.0
end_to_end_latency,155,1824.0
end_to_end_latency,156,1773.0
end_to_end_latency,157,1724.0
end_to_end_latency,158,1673.0
end_to_end_latency,159,1623.0
end_to_end_latency,160,1573.0
end_to_end_latency,161,1524.0
end_to_end_latency,162,1473.0
end_to_end_latency,163,1424.0
end_to_end_latency,164,1375.0
end_to_end_latency,165,1325.0
end_to_end_latency,166,1274.0
end_to_end_latency,167,1225.0
end_to_end_latency,168,1175.0
end_to_end_latency,169,1124.0
end_to_end_latency,170,1074.0
end_to_end_latency,171,1790.0
end_to_end_latency,172,1740.0
end_to_end_latency,173,1690.0
end_to_end_latency,174,1640.0
end_to_end_latency,175,1590.0
end_to_end_latency,176,1541.0
end_to_end_latency,177,1491.0
end_to_end_latency,178,1440.0
end_to_end_latency,179,1390.0
end_to_end_latency,180,1340.0
end_to_end_latency,181,1291.0
end_to_end_latency,182,1241.0
end_to_end_latency,183,1191.0
end_to_end_latency,184,1889.0
end_to_end_latency,185,1839.0
end_to_end_latency,186,1788.0
end_to_end_latency,187,1739.0
end_to_end_latency,188,1689.0
end_to_end_latency,189,1640.0
end_to_end_latency,190,1589.0
end_to_end_latency,191,1539.0
end_to_end_latency,192,1490.0
end_to_end_latency,193,1440.0
end_to_end_latency,194,1390.0
end_to_end_latency,195,1341.0
end_to_end_latency,196,1291.0
end_to_end_latency,197,1240.0
end_to_end_latency,198,1190.0
end_to_end_latency,199,1140.0
end_to_end_latency,200,1849.0
end_to_end_latency,201,1799.0
end_to_end_latency,202,1749.0
end_to_end_latency,203,1699.0
end_to_end_latency,204,1649.0
end_to_end_latency,205,1600.0
end_to_end_latency,206,1549.0
end_to_end_latency,207,1500.0
end_to_end_latency,208,1450.0
end_to_end_latency,209,1400.0
end_to_end_latency,210,1350.0
end_to_end_latency,211,1300.0
end_to_end_latency,212,1249.0
end_to_end_latency,213,1199.0
end_to_end_latency,214,1150.0
end_to_end_latency,215,1100.0
end_to_end_latency,216,1051.0
end_to_end_latency,217,1000.0
end_to_end_latency,218,950.0
end_to_end_latency,219,901.0
end_to_end_latency,220,2485.0
end_to_end_latency,221,2435.0
end_to_end_latency,222,2385.0
end_to_end_latency,223,2335.0
end_to_end_latency,224,2285.0
end_to_end_latency,225,2235.0
end_to_end_latency,226,2186.0
end_to_end_latency,227,2136.0
end_to_end_latency,228,2086.0
end_to_end_latency,233,1836.0
end_to_end_latency,234,1786.0
end_to_end_latency,235,1736.0
end_to_end_latency,236,1686.0
end_to_end_latency,237,1635.0
end_to_end_latency,238,1586.0
end_to_end_latency,239,1537.0
end_to_end_latency,240,1487.0
end_to_end_latency,241,1436.0
end_to_end_latency,242,1387.0
end_to_end_latency,243,1337.0
end_to_end_latency,244,1287.0
end_to_end_latency,245,1237.0
end_to_end_latency,249,1858.0
end_to_end_latency,250,1808.0
end_to_end_latency,251,1758.0
end_to_end_latency,252,1708.0
end_to_end_latency,253,1658.0
end_to_end_latency,254,1608.0
end_to_end_latency,255,1558.0
end_to_end_latency,256,1508.0
end_to_end_latency,257,1458.0
end_to_end_latency,258,1408.0
end_to_end_latency,259,1359.0
end_to_end_latency,260,1309.0
end_to_end_latency,261,1259.0
end_to_end_latency,268,1667.0
end_to_end_latency,269,1617.0
end_to_end_latency,270,1566.0
end_to_end_latency,271,1516.0
end_to_end_latency,272,1467.0
end_to_end_latency,273,1417.0
end_to_end_latency,274,1367.0
end_to_end_latency,275,1318.0
end_to_end_latency,276,1268.0
end_to_end_latency,277,1218.0
end_to_end_latency,285,1677.0
end_to_end_latency,286,1628.0
end_to_end_latency,287,1578.0
end_to_end_latency,288,1528.0
end_to_end_latency,289,1479.0
end_to_end_latency,290,1429.0
end_to_end_latency,291,1379.0
end_to_end_latency,292,1329.0
end_to_end_latency,293,1278.0
end_to_end_latency,294,1228.0
end_to_end_latency,295,1179.0
end_to_end_latency,296,1128.0
end_to_end_latency,297,1079.0
end_to_end_latency,298,2646.0
end_to_end_latency,299,2597.0
end_to_end_latency,300,2546.0
end_to_end_latency,301,2497.0
end_to_end_latency,302,2447.0
end_to_end_latency,303,2397.0
end_to_end_latency,304,2347.0
end_to_end_latency,305,2297.0
end_to_end_latency,306,2247.0
end_to_end_latency,307,2198.0
end_to_end_latency,308,2148.0
end_to_end_latency,309,2098.0
end_to_end_latency,310,2048.0
end_to_end_latency,311,1997.0
end_to_end_latency,312,1949.0
end_to_end_latency,313,1899.0
end_to_end_latency,314,1849.0
end_to_end_latency,315,1799.0
end_to_end_latency,316,1748.0
end_to_end_latency,317,1699.0
end_to_end_latency,318,1649.0
end_to_end_latency,319,1598.0
end_to_end_latency,320,1549.0
end_to_end_latency,321,1500.0
end_to_end_latency,322,1449.0
end_to_end_latency,323,1400.0
end_to_end_latency,324,2075.0
end_to_end_latency,325,2025.0
end_to_end_latency,326,1976.0
end_to_end_latency,327,1925.0
end_to_end_latency,328,1875.0
end_to_end_latency,329,1826.0
end_to_end_latency,330,1775.0
end_to_end_latency,331,1726.0
end_to_end_latency,332,1676.0
end_to_end_latency,333,1627.0
end_to_end_latency,334,1577.0
end_to_end_latency,335,1527.0
end_to_end_latency,336,1476.0
end_to_end_latency,337,1427.0
end_to_end_latency,338,1377.0
end_to_end_latency,339,1327.0
end_to_end_latency,340,1277.0
end_to_end_latency,341,1226.0
end_to_end_latency,342,1177.0
end_to_end_latency,343,1126.0
end_to_end_latency,344,1887.0
end_to_end_latency,345,1837.0
end_to_end_latency,346,1787.0
end_to_end_latency,347,1738.0
end_to_end_latency,348,1688.0
end_to_end_latency,349,1638.0
end_to_end_latency,350,1587.0
end_to_end_latency,351,1538.0
end_to_end_latency,352,1488.0
end_to_end_latency,353,1437.0
end_to_end_latency,354,1388.0
end_to_end_latency,355,1337.0
end_to_end_latency,356,1287.0
end_to_end_latency,357,2075.0
end_to_end_latency,358,2026.0
end_to_end_latency,359,1975.0
end_to_end_latency,360,1926.0
end_to_end_latency,361,1875.0
end_to_end_latency,362,1825.0
end_to_end_latency,363,1776.0
end_to_end_latency,364,1726.0
end_to_end_latency,365,1676.0
end_to_end_latency,366,1625.0
end_to_end_latency,367,1575.0
end_to_end_latency,368,1526.0
end_to_end_latency,369,1475.0
end_to_end_latency,370,1425.0
end_to_end_latency,371,1375.0
end_to_end_latency,372,1326.0
end_to_end_latency,373,1276.0
end_to_end_latency,374,1226.0
end_to_end_latency,375,1176.0
end_to_end_latency,376,1127.0
end_to_end_latency,377,1076.0
end_to_end_latency,378,1026.0
end_to_end_latency,379,976.0
end_to_end_latency,0,2471.0
end_to_end_latency,1,2421.0
end_to_end_latency,2,2371.0
end_to_end_latency,3,2321.0
end_to_end_latency,4,2271.0
end_to_end_latency,5,2221.0
end_to_end_latency,6,2171.0
end_to_end_latency,7,2121.0
end_to_end_latency,8,2071.0
end_to_end_latency,9,2021.0
end_to_end_latency,10,1971.0
end_to_end_latency,11,1921.0
end_to_end_latency,12,1871.0
end_to_end_latency,13,1821.0
end_to_end_latency,14,1771.0
end_to_end_latency,15,1721.0
end_to_end_latency,16,1671.0
end_to_end_latency,17,1621.0
end_to_end_latency,18,1571.0
end_to_end_latency,19,1522.0
end_to_end_latency,20,1472.0
end_to_end_latency,21,1422.0
end_to_end_latency,22,1372.0
end_to_end_latency,23,1322.0
end_to_end_latency,24,1272.0
end_to_end_latency,25,1967.0
end_to_end_latency,26,1917.0
end_to_end_latency,27,1867.0
end_to_end_latency,28,1817.0
end_to_end_latency,29,1767.0
end_to_end_latency,30,1717.0
end_to_end_latency,31,1667.0
end_to_end_latency,32,1618.0
end_to_end_latency,33,1568.0
end_to_end_latency,34,1518.0
end_to_end_latency,35,1468.0
end_to_end_latency,36,1418.0
end_to_end_latency,37,1368.0
end_to_end_latency,38,1318.0
end_to_end_latency,39,1268.0
end_to_end_latency,40,1218.0
end_to_end_latency,41,2054.0
end_to_end_latency,42,2004.0
end_to_end_latency,43,1954.0
end_to_end_latency,44,1905.0
end_to_end_latency,45,1854.0
end_to_end_latency,46,1804.0
end_to_end_latency,47,1754.0
end_to_end_latency,48,1705.0
end_to_end_latency,49,1655.0
end_to_end_latency,50,1605.0
end_to_end_latency,51,1555.0
end_to_end_latency,52,1505.0
end_to_end_latency,53,1455.0
end_to_end_latency,54,1405.0
end_to_end_latency,55,1355.0
end_to_end_latency,56,1304.0
end_to_end_latency,57,1255.0
end_to_end_latency,58,1205.0
end_to_end_latency,59,1155.0
end_to_end_latency,60,1105.0
end_to_end_latency,61,1056.0
end_to_end_latency,62,1006.0
end_to_end_latency,63,956.0
end_to_end_latency,64,2518.0
end_to_end_latency,65,2469.0
end_to_end_latency,66,2418.0
end_to_end_latency,67,2369.0
end_to_end_latency,68,2319.0
end_to_end_latency,69,2269.0
end_to_end_latency,70,2219.0
end_to_end_latency,71,2169.0
end_to_end_latency,72,2119.0
end_to_end_latency,73,2069.0
end_to_end_latency,74,2019.0
end_to_end_latency,75,1969.0
end_to_end_latency,76,1919.0
end_to_end_latency,77,1869.0
end_to_end_latency,78,1819.0
end_to_end_latency,79,1768.0
end_to_end_latency,80,1719.0
end_to_end_latency,81,1669.0
end_to_end_latency,82,1619.0
end_to_end_latency,83,1569.0
end_to_end_latency,84,1518.0
end_to_end_latency,85,1469.0
end_to_end_latency,86,1419.0
end_to_end_latency,87,1369.0
end_to_end_latency,88,1319.0
end_to_end_latency,89,1269.0
end_to_end_latency,97,1690.0
end_to_end_latency,98,1641.0
end_to_end_latency,99,1591.0
end_to_end_latency,100,1541.0
end_to_end_latency,101,1492.0
end_to_end_latency,102,1442.0
end_to_end_latency,103,1393.0
end_to_end_latency,104,1343.0
end_to_end_latency,105,1292.0
end_to_end_latency,106,1964.0
end_to_end_latency,107,1913.0
end_to_end_latency,108,1864.0
end_to_end_latency,109,1813.0
end_to_end_latency,110,1764.0
end_to_end_latency,111,1714.0
end_to_end_latency,112,1664.0
end_to_end_latency,113,1614.0
end_to_end_latency,114,1563.0
end_to_end_latency,115,1514.0
end_to_end_latency,116,1463.0
end_to_end_latency,117,1414.0
end_to_end_latency,118,1363.0
end_to_end_latency,119,1315.0
end_to_end_latency,120,1264.0
end_to_end_latency,121,1215.0
end_to_end_latency,122,1164.0
end_to_end_latency,123,1115.0
end_to_end_latency,124,1065.0
end_to_end_latency,125,1015.0
end_to_end_latency,126,1834.0
end_to_end_latency,127,1785.0
end_to_end_latency,128,1735.0
end_to_end_latency,129,1685.0
end_to_end_latency,130,1636.0
end_to_end_latency,131,1586.0
end_to_end_latency,132,1535.0
end_to_end_latency,133,1486.0
end_to_end_latency,134,1435.0
end_to_end_latency,135,1386.0
end_to_end_latency,136,1335.0
end_to_end_latency,137,1285.0
end_to_end_latency,138,1236.0
end_to_end_latency,145,2344.0
end_to_end_latency,146,2294.0
end_to_end_latency,147,2245.0
end_to_end_latency,148,2195.0
end_to_end_latency,149,2145.0
end_to_end_latency,150,2096.0
end_to_end_latency,151,2045.0
end_to_end_latency,152,1995.0
end_to_end_latency,153,1946.0
end_to_end_latency,154,1895.0
end_to_end_latency,155,1845.0
end_to_end_latency,156,1795.0
end_to_end_latency,157,1745.0
end_to_end_latency,158,1695.0
end_to_end_latency,159,1645.0
end_to_end_latency,160,1595.0
end_to_end_latency,161,1546.0
end_to_end_latency,162,1497.0
end_to_end_latency,163,1446.0
end_to_end_latency,164,1396.0
end_to_end_latency,165,1347.0
end_to_end_latency,166,1297.0
end_to_end_latency,167,1248.0
end_to_end_latency,168,1197.0
end_to_end_latency,169,1147.0
end_to_end_latency,170,1097.0
end_to_end_latency,171,1814.0
end_to_end_latency,172,1763.0
end_to_end_latency,173,1714.0
end_to_end_latency,174,1663.0
end_to_end_latency,175,1613.0
end_to_end_latency,176,1564.0
end_to_end_latency,177,1514.0
end_to_end_latency,178,1463.0
end_to_end_latency,179,1414.0
end_to_end_latency,180,1363.0
end_to_end_latency,181,1313.0
end_to_end_latency,182,1263.0
end_to_end_latency,183,1213.0
end_to_end_latency,184,1912.0
end_to_end_latency,185,1862.0
end_to_end_latency,186,1813.0
end_to_end_latency,187,1762.0
end_to_end_latency,188,1712.0
end_to_end_latency,189,1663.0
end_to_end_latency,190,1613.0
end_to_end_latency,191,1563.0
end_to_end_latency,192,1512.0
end_to_end_latency,193,1463.0
end_to_end_latency,194,1413.0
end_to_end_latency,195,1362.0
end_to_end_latency,196,1313.0
end_to_end_latency,197,1263.0
end_to_end_latency,198,1213.0
end_to_end_latency,199,1164.0
end_to_end_latency,200,1872.0
end_to_end_latency,201,1823.0
end_to_end_latency,202,1772.0
end_to_end_latency,203,1723.0
end_to_end_latency,204,1673.0
end_to_end_latency,205,1622.0
end_to_end_latency,206,1572.0
end_to_end_latency,207,1523.0
end_to_end_latency,208,1471.0
end_to_end_latency,209,1422.0
end_to_end_latency,210,1373.0
end_to_end_latency,211,1323.0
end_to_end_latency,212,1273.0
end_to_end_latency,213,1223.0
end_to_end_latency,214,1174.0
end_to_end_latency,215,1123.0
end_to_end_latency,216,1074.0
end_to_end_latency,220,2508.0
end_to_end_latency,221,2459.0
end_to_end_latency,222,2409.0
end_to_end_latency,223,2358.0
end_to_end_latency,224,2308.0
end_to_end_latency,225,2259.0
end_to_end_latency,226,2210.0
end_to_end_latency,227,2160.0
end_to_end_latency,228,2110.0
end_to_end_latency,229,2060.0
end_to_end_latency,230,2009.0
end_to_end_latency,231,1960.0
end_to_end_latency,232,1909.0
end_to_end_latency,233,1859.0
end_to_end_latency,234,1810.0
end_to_end_latency,235,1759.0
end_to_end_latency,236,1710.0
end_to_end_latency,237,1659.0
end_to_end_latency,238,1609.0
end_to_end_latency,239,1560.0
end_to_end_latency,240,1510.0
end_to_end_latency,241,1460.0
end_to_end_latency,242,1410.0
end_to_end_latency,243,1360.0
end_to_end_latency,244,1311.0
end_to_end_latency,245,1260.0
end_to_end_latency,246,2031.0
end_to_end_latency,247,1981.0
end_to_end_latency,248,1931.0
end_to_end_latency,249,1882.0
end_to_end_latency,250,1832.0
end_to_end_latency,251,1781.0
end_to_end_latency,252,1731.0
end_to_end_latency,253,1682.0
end_to_end_latency,254,1631.0
end_to_end_latency,255,1581.0
end_to_end_latency,256,1531.0
end_to_end_latency,257,1481.0
end_to_end_latency,258,1431.0
end_to_end_latency,259,1382.0
end_to_end_latency,260,1332.0
end_to_end_latency,261,1282.0
end_to_end_latency,262,1990.0
end_to_end_latency,263,1940.0
end_to_end_latency,264,1890.0
end_to_end_latency,265,1840.0
end_to_end_latency,266,1790.0
end_to_end_latency,267,1740.0
end_to_end_latency,268,1690.0
end_to_end_latency,269,1640.0
end_to_end_latency,270,1590.0
end_to_end_latency,271,1540.0
end_to_end_latency,272,1491.0
end_to_end_latency,273,1441.0
end_to_end_latency,274,1390.0
end_to_end_latency,275,1341.0
end_to_end_latency,276,1291.0
end_to_end_latency,277,1242.0
end_to_end_latency,278,2051.0
end_to_end_latency,279,2001.0
end_to_end_latency,280,1951.0
end_to_end_latency,281,1901.0
end_to_end_latency,282,1850.0
end_to_end_latency,283,1800.0
end_to_end_latency,284,1751.0
end_to_end_latency,285,1701.0
end_to_end_latency,286,1650.0
end_to_end_latency,287,1600.0
end_to_end_latency,288,1551.0
end_to_end_latency,289,1501.0
end_to_end_latency,290,1451.0
end_to_end_latency,291,1403.0
end_to_end_latency,292,1352.0
end_to_end_latency,293,1301.0
end_to_end_latency,294,1251.0
end_to_end_latency,302,2470.0
end_to_end_latency,303,2420.0
end_to_end_latency,304,2370.0
end_to_end_latency,305,2322.0
end_to_end_latency,306,2271.0
end_to_end_latency,307,2221.0
end_to_end_latency,308,2171.0
end_to_end_latency,309,2121.0
end_to_end_latency,310,2071.0
end_to_end_latency,311,2021.0
end_to_end_latency,318,1672.0
end_to_end_latency,319,1622.0
end_to_end_latency,320,1572.0
end_to_end_latency,321,1522.0
end_to_end_latency,322,1473.0
end_to_end_latency,323,1423.0
end_to_end_latency,324,1373.0
end_to_end_latency,325,1323.0
end_to_end_latency,326,1273.0
end_to_end_latency,327,1223.0
end_to_end_latency,328,1899.0
end_to_end_latency,329,1849.0
end_to_end_latency,330,1799.0
end_to_end_latency,331,1749.0
end_to_end_latency,332,1699.0
end_to_end_latency,333,1649.0
end_to_end_latency,334,1599.0
end_to_end_latency,335,1549.0
end_to_end_latency,336,1499.0
end_to_end_latency,337,1449.0
end_to_end_latency,338,1400.0
end_to_end_latency,339,1350.0
end_to_end_latency,340,1300.0
end_to_end_latency,341,1249.0
end_to_end_latency,342,1200.0
end_to_end_latency,343,1150.0
end_to_end_latency,344,1910.0
end_to_end_latency,345,1860.0
end_to_end_latency,346,1810.0
end_to_end_latency,347,1760.0
end_to_end_latency,348,1711.0
end_to_end_latency,349,1661.0
end_to_end_latency,350,1610.0
end_to_end_latency,351,1561.0
end_to_end_latency,352,1511.0
end_to_end_latency,353,1460.0
end_to_end_latency,354,1411.0
end_to_end_latency,355,1361.0
end_to_end_latency,356,1311.0
end_to_end_latency,357,1262.0
end_to_end_latency,358,1212.0
end_to_end_latency,359,1162.0
end_to_end_latency,360,1112.0
end_to_end_latency,361,1899.0
end_to_end_latency,362,1849.0
end_to_end_latency,363,1799.0
end_to_end_latency,364,1749.0
end_to_end_latency,365,1699.0
end_to_end_latency,366,1648.0
end_to_end_latency,367,1598.0
end_to_end_latency,368,1549.0
end_to_end_latency,369,1499.0
end_to_end_latency,370,1449.0
end_to_end_latency,371,1399.0
end_to_end_latency,372,1349.0
end_to_end_latency,373,1299.0
end_to_end_latency,374,1250.0
end_to_end_latency,375,1200.0
end_to_end_latency,376,1150.0
end_to_end_latency,4,3973.0
end_to_end_latency,5,3924.0
end_to_end_latency,6,3873.0
end_to_end_latency,10,5288.0
end_to_end_latency,11,5237.0
end_to_end_latency,12,5188.0
end_to_end_latency,13,5137.0
end_to_end_latency,14,5088.0
end_to_end_latency,15,5037.0
end_to_end_latency,16,4988.0
end_to_end_latency,17,5760.0
end_to_end_latency,18,5711.0
end_to_end_latency,19,5660.0
end_to_end_latency,26,6032.0
end_to_end_latency,27,5983.0
end_to_end_latency,28,5933.0
end_to_end_latency,29,5882.0
end_to_end_latency,33,8013.0
end_to_end_latency,34,7964.0
end_to_end_latency,35,7913.0
end_to_end_latency,49,11128.0
end_to_end_latency,50,11078.0
end_to_end_latency,51,11028.0
end_to_end_latency,52,10979.0
end_to_end_latency,53,10928.0
end_to_end_latency,54,10878.0
end_to_end_latency,55,10828.0
end_to_end_latency,56,11600.0
end_to_end_latency,57,11549.0
end_to_end_latency,58,11499.0
end_to_end_latency,59,11449.0
end_to_end_latency,60,11400.0
end_to_end_latency,61,11350.0
end_to_end_latency,62,11299.0
end_to_end_latency,63,11249.0
end_to_end_latency,64,11200.0
end_to_end_latency,69,12571.0
end_to_end_latency,70,12520.0
end_to_end_latency,71,12471.0
end_to_end_latency,72,12420.0
end_to_end_latency,73,12371.0
end_to_end_latency,74,12320.0
end_to_end_latency,75,12270.0
end_to_end_latency,76,12220.0
end_to_end_latency,77,12171.0
end_to_end_latency,78,12120.0
end_to_end_latency,79,12071.0
end_to_end_latency,80,12020.0
end_to_end_latency,81,11970.0
end_to_end_latency,82,11921.0
end_to_end_latency,83,11870.0
end_to_end_latency,84,11820.0
end_to_end_latency,85,11770.0
end_to_end_latency,86,11720.0
end_to_end_latency,87,11670.0
end_to_end_latency,91,13089.0
end_to_end_latency,92,13040.0
end_to_end_latency,93,12989.0
end_to_end_latency,94,12940.0
end_to_end_latency,95,12890.0
end_to_end_latency,96,12840.0
end_to_end_latency,97,12791.0
end_to_end_latency,98,12740.0
end_to_end_latency,99,12690.0
end_to_end_latency,100,12640.0
end_to_end_latency,101,12590.0
end_to_end_latency,102,12540.0
end_to_end_latency,103,12490.0
end_to_end_latency,114,13478.0
end_to_end_latency,115,13429.0
end_to_end_latency,116,13378.0
end_to_end_latency,117,13329.0
end_to_end_latency,118,13278.0
end_to_end_latency,119,13228.0
end_to_end_latency,120,13179.0
end_to_end_latency,130,13518.0
end_to_end_latency,131,13467.0
end_to_end_latency,132,13417.0
end_to_end_latency,133,13367.0
end_to_end_latency,134,13317.0
end_to_end_latency,135,13267.0
end_to_end_latency,136,13218.0
end_to_end_latency,137,13167.0
end_to_end_latency,138,13118.0
end_to_end_latency,139,13067.0
end_to_end_latency,140,13017.0
end_to_end_latency,141,12967.0
end_to_end_latency,142,12917.0
end_to_end_latency,143,12867.0
end_to_end_latency,144,12817.0
end_to_end_latency,145,12767.0
end_to_end_latency,146,12717.0
end_to_end_latency,147,12667.0
end_to_end_latency,148,12617.0
end_to_end_latency,149,12568.0
end_to_end_latency,150,12516.0
end_to_end_latency,151,12467.0
end_to_end_latency,152,12418.0
end_to_end_latency,153,12368.0
end_to_end_latency,154,12317.0
end_to_end_latency,155,12267.0
end_to_end_latency,156,12217.0
end_to_end_latency,157,12167.0
end_to_end_latency,158,12117.0
end_to_end_latency,159,12067.0
end_to_end_latency,160,12017.0
end_to_end_latency,161,11967.0
end_to_end_latency,162,11917.0
end_to_end_latency,163,11867.0
end_to_end_latency,164,11817.0
end_to_end_latency,165,11767.0
