metric,identifier,latency_ms
consensus_latency,euoFjuRQFxlIIC4TjQeEow8nOwGi7DJ+PmT+DEwf5gw=,776.0
consensus_latency,a8fboMT3TFJTSZxH+zOiXklMjkXSViCi0MrEtS8tX3g=,769.0
consensus_latency,lY/RDWUK6zJh2KbbNPGUbCTsEXH4mrZTBlHPVZEJyFA=,536.0
consensus_latency,oQSnycLxe3mKkL89kgZ1kCgjS0DMDkDLCiDSnsSY02o=,536.0
consensus_latency,9ljpdtaKrTobAExnT3wdrUDx5j6CoHKG3vhlSovQH9E=,536.0
consensus_latency,1eLVOtAnYnsNTPazXjxqUVZJzhcSs0rZunfnaFTowvA=,1765.0
consensus_latency,HrdhDJq4sbj2257c7xvKXkxrKGaKH++AQxoDGFIYOoE=,1527.0
consensus_latency,ImGy+trZGLu292Ye0yQwNJCNPRChoqNYeTXD8irD2gs=,1527.0
consensus_latency,lSzl43ueApJ8fTbHeyRY4r7kxD2MVfU++lCYEk2PpvI=,1527.0
consensus_latency,Yd/ziX11+OA5n++ti28aWV/UOYJ14HCNyD67I64CJbc=,1527.0
consensus_latency,wgPhJAKKbuAlY97GTlbdmje1Cb6Fkb9w9R3mHn7LXGU=,1527.0
consensus_latency,yCC+KeqA0By61hnVcU9WzpABooFvZ6QvEQ3HfIsmpX0=,1527.0
consensus_latency,7mLZyVIacMxLmWktUGrd1SSu+uWX+gsOKADtGIg4NC0=,1527.0
consensus_latency,hjsgFRKR9JtbRBm/6U9IBTB9XBdHCdNc0kdtXpLcRQc=,1530.0
consensus_latency,yLh9ugnWCStj704u1bmcB84vBA6GdY42kHh/qghq4W4=,1530.0
consensus_latency,R/zcEG30oXfqaaNQPb44xZ4MsvX6aDApxBB4Rhx3+Wk=,1530.0
consensus_latency,bA4+hUjDhDUiTxucWQZi6OKSztkxq986OKmOd27g2aQ=,1530.0
consensus_latency,sTDZ5qHYzJ2OjV9gJnr6sPrzUMis+ICD83Oodcz/sjE=,1530.0
consensus_latency,E/UiBLA974Jl6LZA7/pJxdWIvJbOdgBHW8fNyficdZc=,1528.0
consensus_latency,Tc1ZdbhoQ0slTpkd7O0X8UIZr7ZzhU7149QjqwiZiC8=,1528.0
consensus_latency,lmPGcKIWIWyiq64rB4bEMBpsccjSs3ZURnG6jzm0cX4=,1528.0
consensus_latency,XZvurtNqGC7NPlgNZJBubxsNDBzo5ifrd4DVRVX6y48=,1529.0
consensus_latency,fDVYHozOM/2JA0JhvqnA6694MPOFumZwsriPyiXT714=,1529.0
consensus_latency,3ou8SImQ5HfbQB0lMsL/le4kdoAkNOxqoXmTnDTTK78=,1529.0
consensus_latency,Hm6NjCJe0CX6Z8xxEbgktNOyH4gEYk5wH06zwam5gFk=,1317.0
consensus_latency,IcZf1ZuqPIMsSNyc14fbWGIioilo9tPORyC++yGjUe8=,1317.0
consensus_latency,LT3ARf7tJt86rHJzX0zwVzIHbdidicpJUw8ZpkDmCNE=,1317.0
consensus_latency,OB0KzGKoZ/CULFnvvJuVaf0Imh/fS+0GCpRnEaQVP5Y=,1317.0
consensus_latency,SH4mH1s5Rfl2sqkZFNinpEuu5DDQBdN0+lfzWIGQrqQ=,1318.0
consensus_latency,UAnI+XYGY8kTdzef5eL3kjtgD23X+7gh2phZX1tjoZk=,1318.0
consensus_latency,aBY1V4IgvnFsg3rjMVzoIT1V9SgmXDronuUVLPdjgy0=,1318.0
consensus_latency,a1CpHiJo87MtrB6tOCmhtlJfQlM9ODf7yqIn5AD6ios=,1318.0
consensus_latency,oySbcm+/XuBBpF4dTEu6sqa3xIWNWwiPiUD+v2fChjU=,1318.0
consensus_latency,pTtZEV8J57N16nfKbBw0wWTJZknhmm87X5UiZPg5mCc=,1318.0
consensus_latency,3teMhYlUfFCqzJ4NIXFLG6MWsEV+Begic3yK+3MLO2E=,1318.0
consensus_latency,D8dFNPhWtFOgrG86vFrvI/7XneoF8soCcfk6fz37vqs=,1367.0
consensus_latency,LsKHpTLoCV7wS7sPT3iF1mwTUF+u3ARKGWQEZboZkog=,1367.0
consensus_latency,NExzXD+tlutyDj1mINIDZhGAAt8hXWCiOM01w1DUCaY=,1367.0
consensus_latency,b06NF/Yga7/csrIf83h2H/hn7QcLoTaRqHseMNINt0Q=,1367.0
consensus_latency,fEBuFFlYexHqNHNrwB3Ob0nkIzfbukcW65j0uoWO6do=,1367.0
consensus_latency,l+bIctIrvcnzOfRpUXuwg0PU/eFmBdAsi0rhrY1DZY4=,1367.0
consensus_latency,wgUkqqomgwDJuddcphVNgKfuBCygVMp9Cgpq0ePU4Rk=,1367.0
consensus_latency,BaAeDFRjeNOe3w6RviEvD6HNiISsumng3M3WL2ulHtk=,1313.0
consensus_latency,Fbu/IzCSfMbX5rtsb4iVQ++he3gcx19MMdddIkNh6EM=,1313.0
consensus_latency,UDmcWxHdH4rAH300mGx+90EtidtUBlqK3f2vS8I021U=,1313.0
consensus_latency,WiRjJn9Ac9RIsDc5lX729oCf7P03h4F126hVy/ViuH4=,1313.0
consensus_latency,YgrNbYOsmUK7W+HOCIzfsd+0KzjgtHPYNpBjuCkkipw=,1313.0
consensus_latency,YscwowEhqVlNqqJRaQ4Ed2F4F68ncs4XOED1M9FkcOU=,1313.0
consensus_latency,dpPla2JUoE8u/mVW8SBbQjPbmlhCU1bLuWIvQ+3X9EM=,1313.0
consensus_latency,pLYbOSMyT0/jVpduvTceoCMGBKoY/LBWSLiFqEloAZM=,1313.0
consensus_latency,FMU4X92cqEZ9gkw2Yp+AGKz0gHy1Otjwihe6BeYwmTQ=,1368.0
consensus_latency,NIYJCjKmwQtQnbYmzJCnJ+Yl5lvqNJ2qsmns4zXjPIg=,1368.0
consensus_latency,QdxRNll3NezVTnhpg+Wp0Pf/jyMFW2mDxS4WHnp630U=,1368.0
consensus_latency,kuBZD4ZUov7/i0FeQvHIGzeap1stVL0mpp0wHE43qGI=,1368.0
consensus_latency,4bqJCtzxzI4fxSbW6MAdP6kTBbRotSrq0wT6kZBjSRw=,1368.0
consensus_latency,53p6NBADOWIUP1MDoKjdq4e0IKUU7ECVqdM7WllxHvI=,1368.0
consensus_latency,Nzef+Eg+ce71QJAx9UQSSTvyMGCiLi5dPVrzx98sPL4=,1368.0
consensus_latency,eNkDK9AtGhiKBUzVkpjh+5cVkgworHWL0qNnGqB3iWw=,1368.0
consensus_latency,5pXZU6LugnSLqd9N1LgDPOET3aTzKJs+KJ0pKOfvQJ4=,1368.0
consensus_latency,M/NfEk5XVICgQJZiBauc9nDwX76NLXbAKqf+XhVc9j4=,1365.0
consensus_latency,SU2KQHAvlgMJ0LC5EvvrwIiUx2wSnQu8w0YfjUcbxrg=,1365.0
consensus_latency,c9a0YrZnv++rIuYjYw3DO3ZkPNnWeQETlAfhSjNB5ms=,1365.0
consensus_latency,vn8539XphbaogkdoPXppSYT5kQER23l8W5P7qIPeMSk=,1365.0
consensus_latency,1nRxrT2q1wAIIVVDA7sWHTuIiMd22P30eqKKDgfXYY8=,1365.0
consensus_latency,2PUZnhcrUk4K5l/9NddPb7YSKoGGz7yggJoeYS5w+JU=,1365.0
consensus_latency,4U5KgTgGGhgYhCiumfWypEH1gpNZSMEEMposZqJNeho=,1365.0
consensus_latency,K0LOTHXlMShhHNoS+2xBfS5DoFNiwpaaPAHycUHAscM=,1368.0
consensus_latency,a8vi3Ll/pJdpD7sJ9WXNDS0XnTnifo9iMWPjRuvYBBw=,1367.0
consensus_latency,bCMhzLd6590G+4ifR1h+AOk2/VZBsAdY7vgxLq9xE1I=,1367.0
consensus_latency,f1HkVQ3TPCtT96Of9dzg5+RwUYl/Kw60Fi5TH11C69I=,1367.0
consensus_latency,kJaFbFm/oOTbWokP8DprCDWyVxmykBTAsvgLoYRjU8Q=,1367.0
consensus_latency,pUIN6ytT8lZpz2WM+WDS0l3WcLB/GixtFi8SsPjAQ0A=,1367.0
consensus_latency,wRxBM38png1eGtiIpUBolg9VNfaNAti8XzGeh7Ogx/Y=,1367.0
consensus_latency,xTfPA7rcs3ViK60k9JMvhfy2oW6JIhg8xbdQ7Lfl9IY=,1367.0
consensus_latency,37mwpmMrOLX3+K77GLvXSq8876OPZKDahE+uhijzhmQ=,1367.0
consensus_latency,RmSXnBqcBSCml5D7xgOYkN+Rirpt7rXwGdIjWS4unZ4=,1366.0
consensus_latency,d4wvlAImFO3F31BvRxI8Q1DUA1Utr4mgtZZS30JbCEc=,1366.0
consensus_latency,t1euhzm/RRORj/zQDjCQd3QLPDBTqaeli/pl2/hBExo=,1366.0
consensus_latency,429MYDsDI3S55SeO4bvvIALASWgJWzsJtz+kRL+O7kg=,1366.0
consensus_latency,5QrSmjsq/qeJkFw7G6joKFNycJhmSOV5eJdkabwSecg=,1366.0
consensus_latency,7YyDfi9HC0oOIfIc5qlXK/qT0aIExAppa6V+3+s5gdM=,1366.0
consensus_latency,AeLvOXQMq4xGvI/rnkeatwx7s38HbrYNRZZfcJsIhQI=,1315.0
consensus_latency,HSA/1sRtUrhmWNvP+TaMF6Ww/0LPy1bt1VeG2fmufNI=,1315.0
consensus_latency,Oqbb2Uh2r9XMq2Sk1QC/NN3mDDkrhnWQKGu89l98yws=,1315.0
consensus_latency,R0Ddm4XtlqQ677p+BvBulbgEKOAzyyC4thY3LFkLfPQ=,1315.0
consensus_latency,a+T9Uk1pRsXQ4bFOdlz/nYBJFElGdDFy8mlWZRKziGI=,1315.0
consensus_latency,bD1qVNRlrci8ZAtsA2LYsJ08euFCWZuB+8xQRN2+Egc=,1315.0
consensus_latency,t84FGqtUnpRCbkHWNsWduF0HfTQ4KV6KbB0pE4IZMA4=,1315.0
consensus_latency,vfm0WefSbT+q+l/rtK91NInhG+i3ZG1Ro56c9ni+8mk=,1315.0
consensus_latency,zlEtMghkaHiouuqYX1kE2QOiQCdzJCxdwglNXVFwZPc=,1315.0
consensus_latency,t4I3gP+xsdg5nUm7pLSQO9WA9PC7md1XJfpuY7fqYtQ=,1272.0
consensus_latency,uMPlxxoCquKDvYSQLff1QDn/Y3MUyNNl8cvBmyAew4M=,1272.0
consensus_latency,eplm8Cu4yWfbvNO3zYQKRdtJVohWmOpkg7kECV8pblY=,1272.0
consensus_latency,vqa0W+0O5DcRhun0vLUtnD9r2th0DoZJB6n5BLMB2f0=,1272.0
consensus_latency,wBLofZ78vmPHgTUSIHcjTlrvmx/VxmvyfcEJRBE10RI=,1272.0
consensus_latency,xfszidMykpMgr1xyQg4+pY16ja8/c5XFMfsLq2NOHqw=,1272.0
consensus_latency,yBXjyCdWJBzlg2ueHM+F4XpizUbHrtpe3xBxahOs4vI=,1272.0
consensus_latency,5w5/DYaJc23c3RzgHsRTkQcJKQUnX801v/bfO9ADlKY=,1272.0
consensus_latency,iFT3DgFvqgnLBQolXesUFv8fdwsRdtQN3puEDFxlyUo=,1272.0
consensus_latency,9zr4DuBQXko3HdELUNihPokIcvtRRHs8a9CnuaozUKo=,1272.0
consensus_latency,6FFQ4T2M9hxZfNR3H8kF0y1JXKc+yi9lImys8TaKaZU=,1275.0
consensus_latency,96qpXdCg/NMHFY+6c9egtDvuw3Udq+H3DxH8r60i3/0=,1275.0
consensus_latency,hL/nxtC6eCklbtUlmKsygy6FNW+xqAe8HKGscuoS+uU=,1270.0
consensus_latency,zV5lfzI2JJuDsyYOYz2azikF9PTYe73K8M7l5OsoGU4=,1270.0
consensus_latency,pC5mnneuiaI3L6I0VS7xZ1KkARAw/BnGhTTIYUJsqh4=,1272.0
consensus_latency,4ywIyxj/3+5lZ0GHnymzuIeFCZ6ZRe31zohc1y79mB8=,1271.0
consensus_latency,M5sBULN4xPaH2gkbHR5I2VFahPCMRo2x37da7iv+4gg=,1265.0
consensus_latency,W8tdPbKRxgmxdO5gZ1Ih0+Hmtx6D+9lXWXsv7a2LQiE=,1265.0
consensus_latency,R9Sjt5f/qjmTyJeDuAwR+X+SYWwg8cldSc/9G8HDmOs=,1268.0
consensus_latency,Q85kkaFLFxF+38ZzOK5xpbjcvumxZn68dXXznYUpj5U=,1029.0
consensus_latency,EZlHrqtE9Vcpw/v5aSaoWgt/3FKEqjBLFwOSY8cCbos=,1030.0
consensus_latency,+jy/zlZQpGFPinvrTKxLuNP8PBzqfcvg4GgH9mqZ3/4=,1030.0
consensus_latency,KX22D3ZQmLFNDiHgx80eCozuO1iPvEoLeMqfarRbWvM=,1029.0
consensus_latency,YVX9wyKWMAT3fcVijk+ishniMJupiI/LA8kmgV0usSQ=,1029.0
consensus_latency,OiZrwCeK4PHIto3R3/jWqT6nlLdGn+2DgD2MIYBh0V8=,1013.0
consensus_latency,ZGAgUNcfnWguCULyTCHelzDz5eIQODurnfsFjRBUpF4=,1013.0
consensus_latency,tvvbYA0CydVfFtNBpkQAlMScwJqZ46lrTJNHMocz/yQ=,1013.0
consensus_latency,LKYJiBUD8cAydpX92o1p2HVrviiSTFP0wbiFv/ttCrU=,1030.0
consensus_latency,5lxQe1aDHZ9SJkwwijGdyQUdD/HQUia3mIUAQs0xiqY=,1031.0
consensus_latency,O2glPmQRJWzP0OZeIX2f24NH18Ljic2ltk7/Y9fxILM=,854.0
consensus_latency,kuA1GSCuN6lclzDKhjGUZ4/VMdJo6tZPETaytu5WMJU=,854.0
consensus_latency,whsRB0yqDZYe4yC6Cwqp1ghE9xR1SZ9EwHR4cOApLkM=,854.0
consensus_latency,ghFUiYNJ9THnS7INv25JY8EVts41a8xskpKFTCxW0Ks=,852.0
consensus_latency,oPTjbm6ZwBDS7JpkUWs4ABp4vAqsU6Z80/v77hd0AI0=,852.0
consensus_latency,6vuIyWnCPNvbC9weeSE2r3ualsqaMaPBJOT8yiV+B2Y=,852.0
consensus_latency,Oy1Wh2K0phBViHYo7uciJjrcNQvFoQDTICcFlRVFPQg=,854.0
consensus_latency,XWq9rf3Ax/itrEB2ZPfgEnCzHmkNURWjElc3lkS0dNw=,854.0
consensus_latency,r3wNVdOJ6ll5EEp4FZcQ3urj0Xrh0Uvz0q58t4P5nYE=,854.0
consensus_latency,XxdonacZbYLzVldR4GJf0bcOELgwokpSghb9jUG3/4o=,853.0
consensus_latency,eskBSG80vaHAZ2uvfmBS5XflATKrXs31P9RChZw+yC0=,853.0
consensus_latency,/eBL6L/H0r1xBOp7PCt90kxFJkRbA1cpBJAKuBGAgHs=,853.0
consensus_latency,Hf+PpvZzQzWtsDBJPu34+SS9WufvmlcQfN+Ow7huVsc=,800.0
consensus_latency,PtMzDhveqgPYJke9//gtzPI9itTge+PGm0a6m70zkoo=,800.0
consensus_latency,x6hUrrnPjL20TbRE68rtiNOExz6+85Bv1MG0xCudrjQ=,800.0
consensus_latency,zWFzKV2yvV5erodDtxJsTWpFO2wR+rOpI5kCDSoQFpg=,800.0
consensus_latency,Kob4ySLVFdp6FPJrp6a5hXTeRgWnje598s7rpLiCT30=,853.0
consensus_latency,zka8eQDaFlogrxLx0mPd3qRszulp+vQZzpHvm9XvnMA=,853.0
consensus_latency,TuWUguH6VwV7tBdqgyFU2ZTVrw9J/poArv/uGjKU8qc=,801.0
consensus_latency,fLQpaj+NaiTtKdDPvEagN4Ny2R4jcXBAuLEpXYIPzt8=,801.0
consensus_latency,uLw6QS6cRJxLavJWhWWiLDXxBsIgBkSOKuq/Cn2KK2w=,801.0
consensus_latency,1N1e5+ILiWjT7+MLji6O6GQxtAMtx5Io1i25KXdgfBw=,801.0
consensus_latency,NQr5Uz1okViDa9LT6uweC9Eyy0zoKoPPPUWxIs5xPkA=,854.0
consensus_latency,SsnhKN8vVMWXsmoqUmJrO3cebWwIP+wrhMqLXkedjcA=,854.0
consensus_latency,ibFcUycyQJK85vqMAs2nF4wCQkctpTgbzaJOr+E6c9M=,854.0
consensus_latency,qwFB+OI0wMFQs7jDHU3wvGLPfo9V/xO+qYz8QNFIQuQ=,854.0
consensus_latency,TyeSlYhWBAjIOE6gUWO6CDHb7SO/2Kol6cxj12xB+e8=,751.0
consensus_latency,dlp39LpWHkPIQ24K0l7ZetrU8vAvUD7n5qcHA32VS+8=,751.0
consensus_latency,aTd1OFmE6cK7NCHrnFbbQQqu+i/jrS6Q8JKescVsEmk=,751.0
consensus_latency,5oOrKuud13CSofQn6sKRb3ZrCkL57QBAvD8RBJcDJQQ=,751.0
consensus_latency,PnJ5hp1pkGq8LizmpqiKnkj6AWTejTh3vFyP7m9wooE=,753.0
consensus_latency,+KoymgqAUDhEAb5Oii6KI3p1em2ZUWVVY+cSsrnC9pY=,753.0
consensus_latency,Z+nygcI9mrrk6MnyH50WwvRI4cYW2i2hacT9QYPgqJk=,750.0
consensus_latency,fNwW31/dfkZu6CHmOPyWDTaCBueg0YlRGXdQTAXeHLk=,750.0
consensus_latency,WCMfrt2S7JTKdGWnjSCTmS+QCqQ2tMi3zFFC3Kr5Gro=,750.0
consensus_latency,4BUqGYWFPjzR681Q8RGM2aBtN5OiBpyzFMwMGSmOFHs=,750.0
consensus_latency,//qfhN5yo7HgkF7qcDyKvVeNadGHF9eGpMoY7X5iXIA=,751.0
consensus_latency,8CV6eMRk3/18gK0S20Qa9dsUeMttkgggLdQ1wFdkJDo=,750.0
consensus_latency,+XqJXo5CWXyq6DpRFcVBBNK1RU/jMxxBvnJDwZq7378=,750.0
consensus_latency,d6scN//9iYp/dp1cxwyBqE15zVEyQ7JAybvRM7BYzSE=,516.0
consensus_latency,ooUsOVTrTPc8G8enctWLYw8HRFrSC96sd6uRdQgPKh0=,516.0
consensus_latency,L2FMmYcRC+b0LPe9Mc/HsErwucl3cDgbfXUW3suIaMA=,1315.0
consensus_latency,WHTk+3jzLkbKloUThOiPwd4Sb0ZqekX8+2gKh359lvc=,1315.0
consensus_latency,m7TsF9yJ9CZkcHY/HNC+O5VZ5VhBWLO4Ff3DoQuoeiM=,1315.0
consensus_latency,q2myed+QSRErvzqFBcQFEpLYAzUkdxKC5RjhZDJEpb8=,1315.0
consensus_latency,PFH9rGNAe/4Z8O6Nb2P8GAEtuYJCD2BDb4X9gE2aq/M=,1263.0
consensus_latency,2VA1XsRaSaE0TjA5zN474X7IO/sUY0gdY8qUyJUDNEo=,1263.0
consensus_latency,HkxkldqFaqrG2gFImyKQEwFbjKWFPrx/Dwswzn9gv2s=,1030.0
consensus_latency,5SxBtDZhV32Byi5y7iF448cmayC/u8BtNpMYx1l97lA=,1030.0
consensus_latency,UZvzvW+SJQdLu4jbVd3Isyauz4fEyuwJlef+cBUGCJs=,1014.0
consensus_latency,4fseFIYuIUbY47/RCnMH8/q0bFNu7VM20HdJkmFXet4=,1014.0
consensus_latency,YUZDSIEqK2fzYDet5/8dDmQCr4ka6nUDJ5WnVYIm7jI=,1029.0
consensus_latency,eNUsE1HLPNBokLr6hhBGGJBolIRmIA3Ld3kTICoNyAw=,1029.0
consensus_latency,H8eKhYh9DkPYcFhw6J4vZGR8sPSXX5CAiSNulmhPpEo=,884.0
consensus_latency,bx6cLlSZLIXN7DakruxZn7tapw/ve/c/JZRCmFh5nVE=,884.0
consensus_latency,xlJjKNqA8q8gBM1DG3sCbXvV9EMm22FVvNfTRIpwAhE=,884.0
consensus_latency,62cXmiNv6qZy4aGEkKNi9yWavocI6g7aOZLMnviD6gM=,884.0
consensus_latency,lmh9v0zVSxUS7Ln7ws1y0gPLJLK421SIeJhs2maEk2Y=,884.0
consensus_latency,vYFP/GNIz4lzbhVfE5lQ30MpGt7w0wdVeU5N8npPb7g=,884.0
consensus_latency,IplktllNAYr8TQJ3Xc33ETKNyV5jh78hRJUJ43k7V94=,882.0
consensus_latency,rIVrHowS0NPGOB4rp8bXwbkTDBFhs83KJoK/vzddVqw=,882.0
consensus_latency,3UIN5ZKkvJuc18eiSp/saoofa02o8oMHdvidW/+EKtw=,882.0
consensus_latency,p7KjM7qFnszVgSxX4vOd543DfBnRnCeDul6zXBEjCS0=,884.0
consensus_latency,+WoWdTgvx8huPaFWty+StcNt06HXEdoHXiYEafm4KZA=,884.0
consensus_latency,BPLLE6OdQaKMwX2SgYp+kw5zkqTMYA7EJohkWc7AhQY=,882.0
consensus_latency,YVGFpx7gNpbgA4ZqKVYZiJVPFfho7etRSzSLej9NFxI=,882.0
consensus_latency,dqG1s2fFf2Ai8wKVBC1ItelrYjOZ8jyfVM2YWxBXi2c=,882.0
consensus_latency,lYkY4us+KlXoiNFi0DnCh0Mdrh0sRFiXe9IRZ5JIXiQ=,882.0
consensus_latency,CEzJtqMkRnpgX1LJ0/8aL1VAKjMkEB3aGOAlDat0s4Q=,883.0
consensus_latency,WqMUXTvod0yDcVs0c4WtSJV8qAIahrSjLNU9Mk4ATBw=,883.0
consensus_latency,mvG62mNL80+AROX/5J3OZPHXFDOdtyNtNzO3xOmyByo=,883.0
consensus_latency,uMqQQqKM/zP16tyGxLCyqQFD4bXlQ+gsiJ43aDT6HF0=,883.0
consensus_latency,SGE/pQJf5LokPtqu/49nvLL9vYADuR/5q3Q4O1V1KH4=,828.0
consensus_latency,SM1b+Ho3DpLMSBUvK873/4K+Qma4s7NH2mjjX8sfODw=,828.0
consensus_latency,j0DgUhfqHYndMZCga3+x/uNQ2ssoI9JpFFac/dWB+/U=,828.0
consensus_latency,zg6BCZK6vob+dR3acQjf7Ct9Crw35SqLUOP3T/GzOmo=,828.0
consensus_latency,NiL0QbfWATPK/CwY7oHHJ3m4ZBLs9joeiJU88Vltomc=,827.0
consensus_latency,Nk1wprIwccum2QX9V+X7kY8M6LHHKkVhxzXcm4COi2g=,827.0
consensus_latency,h6p8RhoD5jwR1MOTkXfnDoCL/NJca3uHlsPzH1iZ9Xg=,827.0
consensus_latency,uAjAl+ZAqLnRbmeYHnuPNuvmXxaGIuPGo4uLQod9YtU=,827.0
consensus_latency,MLKiuev+FJsZRKNs+W8t22tRhSBJKWOSEfMtPrT9I8U=,828.0
consensus_latency,WCmx1z9lm2nj2MfsUN0gD5jT2x+XpmDXsbjcfMpCFjY=,828.0
consensus_latency,6EM+Daybc342m5UmFWjFI1EQF06Oon1IElGkyZDyN50=,828.0
consensus_latency,7wsgQQk5VliLb9SfxnA94FEuLUOcJ47bbhBw12kDURc=,828.0
consensus_latency,UEMhfQ8msSUmjcXO8tQig3Iq3hcaqe1Phgm1z21K+/0=,775.0
consensus_latency,oSDMlHffooCm52331WYfJrU5h6khUCyScYkyzlrjN/I=,775.0
consensus_latency,uj3jeoXpUdJdP+PJ2q84hDiXdf3Nw91AiXnmZjNj/FY=,775.0
consensus_latency,/uVa/uczSFrVZ9FyRGpoRNubcZD3C7wFeEc19HpvjrM=,775.0
consensus_latency,EF/tiBkoNSfKoUiu+RMpOXmxaBi8QN3FAeCGQB/8/rI=,775.0
consensus_latency,aAowTFtDFrcPpIG2PSUikYWW0RrI8DoWdcA8ozPB2Rg=,775.0
consensus_latency,oXYmnH0K7Vc9mdFrKwWyNpjRySjoURgOYdn2S9tvk2U=,775.0
consensus_latency,ZNMflOOLxR8MBEsBohWUQEzctv2YVgxBaY3ByWPasVM=,775.0
consensus_latency,c7JPky489VBvjFNigghSRQF1TipajesUOhNA+47fdKs=,775.0
consensus_latency,yE5Sg7/gdSvNCIUzM7wItBs6kpLeafwCAX4/U9kwfCo=,774.0
consensus_latency,OpwdnSsAPmmrvpcIhGYxTVI0a4odce1Cl/+nb3CijE0=,775.0
consensus_latency,3wuhtx29h+o3PZnb8e7/T9oaiq/Gzw+OQtQ5c0b+zz4=,775.0
consensus_latency,HKUOJ3X3QSjSr6HrFHY6P/syV5FT29zbUk/hTz+ivBU=,537.0
consensus_latency,NFwK5J/temt2kd3cqoAuox1V1vb8G3w0cHHV2T58oRk=,537.0
consensus_latency,PyFTkYy5JRCxF6VEZjIUbxJpY7xgZiLQBi40oi+0aRM=,1033.0
consensus_latency,rwHJY8PVFFJOajiA24Kl54eJ36zHL0hPubq3u2YdwVE=,1034.0
consensus_latency,+TUuY46edkwJs5fCUsxIvsJtM+NXbKhqlJM4RqXTvcQ=,1034.0
consensus_latency,BzDhL2HUT6s/xcM1+ii/7lHj/6aKozn48wNMZ++amig=,1034.0
consensus_latency,5vN852OBmfEy/V8Wco7z/Tr/VzaOW17NdbWhqUrZFXo=,1035.0
consensus_latency,xnd+XYVFbASMskJuo3t2clG1FlsL7CHxS6eAIgQZj/o=,1037.0
consensus_latency,DLkBUEQTvKZfb/NRVU/pYRVMSqbkzw0GFEYHXQ6u7Xg=,1035.0
consensus_latency,TPTXhjcg1hAX10EEFmQGSFgKUQytCa0CQZE90vOQwdk=,1035.0
consensus_latency,Ie97aN3nbijhl1RnsIqpkQEZBgTNg2BLpWhbddsMs+Q=,1033.0
consensus_latency,oHszBMmCd902XJUnWXElEj3UqvnFdPJVPgjTGqsYT4o=,1033.0
consensus_latency,1VOTjg+fT9jzH7+ov57x2XvSHIu7gcMCuEdtbG7fiqg=,1037.0
consensus_latency,UZK21Gle/T2KTJXEEHlA2zwnTe9X/ewBKAMOPIT7ZTI=,884.0
consensus_latency,XuU/S1ZakIDuiDqNvTTGaCOy6gK8bi4c3qTP6ABdjWA=,884.0
consensus_latency,rP4mIYeoYCCt7rKspue8p6GrTpuhF41rO7dG9fwZFdc=,884.0
consensus_latency,xrFVJwpSCoazhNM3fMpoV3KNcMAmOJUsUsV+1NI8tME=,884.0
consensus_latency,PQMSYKK3eV16aE1FifG/N7zTIr01O0N1Utj5oVppJnE=,883.0
consensus_latency,dxMJ68CvFcmRbtAjI5ezNGo5QuxswmAQb+gYkwWRnZg=,883.0
consensus_latency,jd04mHpXUiExcq1wWITUY6zE7plyvEqBJs5jmQqgXY8=,883.0
consensus_latency,707BKsMmLfv+8kAnECpgsY7t4uCmdpPWpzHD7ZJ6Keo=,883.0
consensus_latency,MRVwyImQOoW05mgF7bA5KC3FR8CP2FlsXGCfysJ2hkQ=,885.0
consensus_latency,YMSHGc6PwU83M1d9SXQ3vsbF73i+bQXsxQOOD6s7YAM=,885.0
consensus_latency,zs6dArc3dhR2hJk3qZAZ1ldWiHiBYWzroUvdbzm5AEU=,885.0
consensus_latency,5W8iXfHqR1OAOGSc3uKJ0rELiW+cA7DFl1XnQXSGjOE=,885.0
consensus_latency,Qxa54Y4rRNdQ9l5EYDuM/JQ7/Ulv/Xk77tCtuCj+1/w=,883.0
consensus_latency,cWk3t4MyEh87tVLFERx6ThywKJTUVOOOPy73/VMdBCo=,883.0
consensus_latency,c83jTClLlf1avzw62MAeA//oH3iryqzWuvAdaxpNP5g=,883.0
consensus_latency,kAM78ViF+hxODRWV/8btfFmJ09pNu0WaBav+tZHHnTI=,883.0
consensus_latency,05Xd1QEvxII+DUThtaJoaRHTTSgg9nGSVWdS9j8aHp8=,883.0
consensus_latency,fJPUhstQPHNuT4WiFGW4qBiJkqLN9nsLQ08QpremYow=,830.0
consensus_latency,hpp53kII+/Qe8oTM0cBXZlKgEcgV1/wv/5dT7Tfz31U=,830.0
consensus_latency,izzE4Xg/TVsJgdn0cBOGl7s2eX9OPmpjQrGfSevfTSs=,830.0
consensus_latency,zRSM/NUQb+9V74LAI8Kb3LDoF2rqycxuSkQBn49G8qE=,830.0
consensus_latency,FEUY5f2x0qDW4QcnnMZuuHrLmyylud/5H8kvQxBukJ8=,833.0
consensus_latency,WdN9wiAQGPRAKYTfGTrqAb4lESGYI9ObmNLXSCaahDk=,833.0
consensus_latency,g7GIRJclDmPNvTyWjRNnd02OIgCcTSz59b7CeIt9VVg=,833.0
consensus_latency,tp2vLw+x/8I9EIeSVGiWcfPEOJFAr/pwP8BDhjoHf/w=,833.0
consensus_latency,IsaAbCA87B4EyA/epAOmy2sSVv/PMWgjs7ZnuyTWepc=,884.0
consensus_latency,wIDTiXCDrfqv4HlUSOra05+25x08XaYQBX7+mlj8Nz4=,884.0
consensus_latency,0uetnAsg2VttBY/LtJXbAWt0lfGNqTQxf8Hdar+1B2s=,884.0
consensus_latency,wVwfQaK0Qua3mXUlka+aERXREFCA0dGqzSeXaKkmS3Q=,830.0
consensus_latency,0meMFqtXPvmyNUJ7L9AqA3r9HDq4Gq8EhWetm3h7Ol4=,830.0
consensus_latency,4UDzBhGWN8TumvCZ3rjBFmQGljP9ZsLFAEAqAkHwLq8=,830.0
consensus_latency,40ZXIinCkc+PrgMDLL+Hss5S5NBZJicg4CBGaW4z0Ro=,830.0
consensus_latency,LFU4QgQoYf9eZtSqfygN1yUCAxAIFAQu9f8P8Zd+scM=,884.0
consensus_latency,gfCRSmRjjZoflTEi9Wtfavt8+o1PmDHiGoU8dTZugek=,883.0
consensus_latency,wq/BRFZ/pLfS961vyi16eXv6tF4NjMDHNoB15KvQaOg=,883.0
consensus_latency,zw/ldOzVzuF7+nqxgnGWKTo9owyTUS6Y4K6shuhElBU=,883.0
consensus_latency,S38KqX2DxUXK9jerVYYtYzVHg8+WCDWMHu37qa1BPHI=,780.0
consensus_latency,a7+720cqJTPf3HLUNjSxgqpjT2+rdODhgOBIcFe2Ls8=,780.0
consensus_latency,AJIaCJNog8L8E/+AnmRRTlCn7rf746Amc1OaIv+YL3M=,809.0
consensus_latency,j2s1hWorVgzxgyOLegFQh9XZjvf/31+DmTj3PpzXUiA=,810.0
consensus_latency,a+/0NWnFVJCOehIaHU7tVYRtSYj7mQc234/bhAtMhk8=,813.0
consensus_latency,zjQws+GoguR85eQ4wHHGwsE7CPXOUbD13SWqQPz0d20=,812.0
consensus_latency,PlIrq32wjiTH3qjbmCf1Jvd+6rNta87c/jaYEK1cPg4=,559.0
consensus_latency,V3adkhWDj4KiU4U6D4bZk2sz6zsSp3GBSIc/8EQWt10=,1264.0
consensus_latency,geOsPSCKYgJWDDvR1JVkkkRGmS4B5MUSbE2mukzbhDw=,1264.0
consensus_latency,rVLpGezg7uWbe7NeuUXnlpxTsDAVEBnOYIcQvP6/W0g=,1266.0
consensus_latency,IJgPs7MWYl1xe61CQwvrRx754/8iswpM0xYnnMy3jcc=,1044.0
consensus_latency,RUOpb2hC8g+azseg2IF7xK7XujjIPW0l0qvbX6hxqR8=,1044.0
consensus_latency,AAHaZMJ4n4tU2Uh9CU1nApzNDHeHjsOSyKsYjAvDPFY=,1041.0
consensus_latency,PYxAszA5nr8+5L5u9vaiAkgoA1SePyriIo8Un7UFuAY=,1043.0
consensus_latency,Vlfq8AUg/hbW3nEB+iAjqUuoFAgCilOvhdhl97WV3dM=,1043.0
consensus_latency,Fxou5NO9xlC1QU74+sNi0xsynKLnZd5IJRmv1cOlMlw=,1047.0
consensus_latency,7ciMHm5dArHASbxIqEjNzVaqBucjwNYLVnLtUYbc4Is=,1047.0
consensus_latency,b6s5kW1uZa3iPoTXH2q43XYKey342KSdwz7ZMxdYUEI=,1027.0
consensus_latency,gicu/VBs28IX7UFlVUSXK+tGUBkszCSS6jVTQaoKK6c=,1025.0
consensus_latency,TC/6K77BBtdk6cxMeX8OYJNTvDIYqAuzPBLmYTceqFM=,1042.0
consensus_latency,WruktrHWOo0k2kEFk5pP0wFKLNJqG0Xx76tlptKWyT4=,1042.0
consensus_latency,YuSirstngCsmwfdKPaUcKtMZFwQfsyNb52t2mcaLvbs=,1042.0
consensus_latency,B9UBiZD75MvPd4JcRIb/2Ji35ZPAm9qXI/8bCPC67CM=,877.0
consensus_latency,Is1+FA7EL4kW0+qKWL/8Kw641CtMI4T/k9TOZT/29l8=,877.0
consensus_latency,dCuTCu3qn9/dzCvjqIbE58YinoSO37HNbyBIT+tRiSI=,877.0
consensus_latency,vtLtRcaT2cAs2rk/B2ttFKiZQaftdL9MSZLnwSDQz+E=,877.0
consensus_latency,WhA/d3syg9vyrdPdZ17lPx0cXXg44Yzm/LeBvlXgONs=,879.0
consensus_latency,o7KD09ehSniAMz/XGHPQ0rvB75HaNYa4XoFsPaAnYZY=,879.0
consensus_latency,1KkYZEtJP97kkU2e2EV97I9ITGyk2FsVQfqkG1UtMnk=,879.0
consensus_latency,+T3+wTsTesQG9LrvBAzsJxm+5I3opOMUAZGSNA4CG+s=,879.0
consensus_latency,F0ST6S36kN9GxDNXKfk3vooJNIqpOcO6WSSrsQRQW3s=,877.0
consensus_latency,RhwJFWGdqyly2akIHyGEDy91lPPuKZK3hppUx2aTayM=,877.0
consensus_latency,XdtdnC4ehDYN6ab58eUJ+Xl+fqzvt/fxyyJ1RzFrzWQ=,877.0
consensus_latency,b4b8Z+oK0kRIFhY08eTOpsoSPJGf106+S40HhJncE0A=,877.0
consensus_latency,CowXTQG/UVll76uAXXs/wtClTaGaO/DwodFPWA11I74=,878.0
consensus_latency,EA4tJpYIXy/uh+/FDMmqU2WQ1Hmb/Fv0f58nOz7vqTM=,878.0
consensus_latency,lYMMSNm0yr9CTxllHZyzXGYug8dGlTH8BhiOqDsItXo=,878.0
consensus_latency,9D4R9ofV9+qYNl8Z8Dbn2vG9sxNDlbH2LLL+2BsIZo0=,878.0
consensus_latency,j1f7XpXOSryV6RAVH2SQARoyE/AKh366YyZ3nZ/enic=,828.0
consensus_latency,xSMkeaZaAW1uZODP/PwrljuiP9tehu+m9TowQc6/5eY=,828.0
consensus_latency,9CAiSju/shZqveEYyulDewIRHhmX02eSIl8KF5N3m6I=,828.0
consensus_latency,9svSAfn25OU3BHReGmFwXoTajFM2TnnT4QLBbRnpkn0=,828.0
consensus_latency,RS4/5Ig2veTKXb651UpPJ235PbF9mY0etBbWSD4gt7s=,879.0
consensus_latency,u9piS6lekxdKqJOLhW5tP+6GTtlWdfzh1Q7IoAUsN0M=,879.0
consensus_latency,9nGnfGnBqWLSRcpMbg4WMBHue54PdHcGdhefmx2jZnY=,879.0
consensus_latency,DiO35u5FZ0sfA9dudl0N0FkfXS2rQaifissnBpEkiPk=,827.0
consensus_latency,ooCTUTBEect8nwqAhoy4uYD8PARhWIW+C94jzbl0I0c=,827.0
consensus_latency,qZvpZDMNDaE2H+JO+jkA4jExXdVuFdx/KnK2Tm+FzlM=,827.0
consensus_latency,zVPFBRj6q3+pVR1X8GCX2SsQK2LW4vJBWoOBiNkQ8dI=,827.0
consensus_latency,RBi5y4EZ6431g87LN7W4CoJOGg0nbUA4atN7MUaqJDc=,827.0
consensus_latency,blGyg33tBv5YitXGWw2T5At2RpHqKwZQ1S7Q6GC2WfA=,827.0
consensus_latency,56RaCAaQd6hy3x/yUyZpiPmXzOldSFQXnW/yZyo+mz4=,827.0
consensus_latency,TnKCtCbG8qMKhAkQH593bhyhLcnQ/gj9tv8lxE38lmI=,879.0
consensus_latency,jm8/1oQriIsfwaUrct1aaBawd2nFytfTIhlaxV0iNuc=,879.0
consensus_latency,7CvMY1nKMmSX7G3Ui6dhFf1PVVcJFTMEKzWxY71NJkI=,879.0
consensus_latency,b8OZAUVYKKyFHg5ICkII5o+bFVzmkjqJlRTfWmG1mew=,777.0
consensus_latency,ihJDTPbUJ0eTEJSmmh1Vsf4X1S4mrd2eS+l6VF2V0Eo=,777.0
consensus_latency,KLsLH+//zwbirZPkMEy/sNSzdbJf80vRFW73yyBd6Ek=,774.0
consensus_latency,XbpFTqkzYac/nNsx6HjjKj0jl+nY+vPsA+2Qs9AMh2M=,774.0
consensus_latency,FMDbYqKbyQ1WWwZ9hZ0jTsIUgJabU4s89P3Xs0L9kfo=,773.0
consensus_latency,YB+TdduBhK6PXoCvDL41Brh/BJmWOptubBVBG6l75HM=,773.0
consensus_latency,sy6iaHVkhu9XTcpE5JY7yFJ93K7f86R6ncGIRmxVRcY=,774.0
consensus_latency,z5PWHUjPJM+8VkTxKLIemiVxjZjcXMG0EafaHNdlVPs=,774.0
consensus_latency,Ceq9UrlfkNNzyf/ADjskAvDboWzD3iP74heWM1dD5B0=,774.0
consensus_latency,WfmEElmW0RKpuQ9+hZ+66f4FGzFhc++ohXPaJ5vzn4c=,774.0
consensus_latency,BlJjPNih6nVjvtudl5wWWKqGtb+Jc2plITnkKUrNJqM=,777.0
consensus_latency,5j5jH0S7xvvU0gaLbm6iz8LtB2/614HPyaErCUPHMtI=,777.0
consensus_latency,DijQlB/zeodoGO5DhlgE+XcPpMMjvD6QL5vZ7WiGg0U=,539.0
consensus_latency,m26YLt9ZT1JZ+Ap9zrnE6ssnOaB7xaTBZ7wJ5QirW/A=,539.0
consensus_latency,3jE0ofDxxax6kDZqXpnbEvPHLXJr0rnBCPj5HIKnsVU=,1780.0
consensus_latency,BknXp+4ZsOJMAA2qERn8dE4HjHJC1+RzTxfwaRrBaZE=,1538.0
consensus_latency,8i9K52IowAY0Y2wz2v3d+tQP9ayfWfkCpsziMiNhGG8=,1538.0
consensus_latency,r2Mb6Su/v7zsLdW9zw0H+Va4rbBGuZlhv3xja4GpTHU=,1540.0
consensus_latency,v9ZDr3WBqNIXMeP343aKZIi3s6898M46X4Fg9BtzfnI=,1539.0
consensus_latency,4GxGDnO5OUE7ihDCTBkRiG3QxRbJS46ZQEJy7jNatr4=,1539.0
consensus_latency,TZVYpeaEu2xHRq3hfcgCznzoEpoNQxav9K+vCftMAp4=,1539.0
consensus_latency,cp/d4XlxyQ9nDVeBdmeR0XQzxvLqSZNR2Xzs4pKwZ/E=,1539.0
consensus_latency,jGfGByBsHI0wTeOXPtszjqzL++k4wWwlrcCGWoFvcPI=,1541.0
consensus_latency,87oIthTejJoU76IZ2wDS3vj1PcrILc1/+BcLApoyLSk=,1541.0
consensus_latency,DNBNYVlylyOC4hVIlym3QyG7EzoXb80yVLggu5TCixw=,1540.0
consensus_latency,0ukqk5nkSDs06PbnOCzHQt/ce63PcKc/wrXwayODEXo=,1540.0
consensus_latency,UmvLFrAOs0Ol8cnwA5dc3a+Y60IlcoHay3ZpLJOkvfY=,1537.0
consensus_latency,4ggGDZE6wZAxO9tSItgI0MfGlDXeJlk5wmcrEh7/kG0=,1537.0
consensus_latency,GCWWmUmS8swKamHyCKSyZht9CRe2+S/WsLrWjpnbBZc=,1541.0
consensus_latency,58gjPipW2uOjMEHWkhDSgH78Kv9mXgx44gR+PHl2wPA=,1541.0
consensus_latency,GMYaBR66m7d1G7+HRUbfKysT54anKT7D+VX6xDKjM5k=,1325.0
consensus_latency,u7OcYA1jZ/E+XMXVyWyhmLM+VFh2Fy2ttfGCrJLU7KY=,1326.0
consensus_latency,2jxTQ8KvwiRjyRKYorWmfoQbPMki+yBLhRWQ+FqMp6k=,1326.0
consensus_latency,3IUzN5tSZWOrS0l1VrVs+JFlyEzmJR0I5beb9jKU87U=,1326.0
consensus_latency,LEGLMQnvkSkvKzZ9h20Wvey24Ys1ONcEJonPIl/ISa4=,1378.0
consensus_latency,ROXRRyzo9hNcVedb/9ovNPciLGgWS/AfErGBL74Sy1w=,1378.0
consensus_latency,GCmX9WcmOYAh5gOpw9r3k1nsMgAcGaegLonhHMdIwiM=,1378.0
consensus_latency,QdZXt2bTLCA6cXTuhX68J3NoGyCGPb2tqdEB18wLMDY=,1378.0
consensus_latency,q2yd2qlmdpJEUJW3fIJFScWxrryCNYv3nyPOPxpOqps=,1378.0
consensus_latency,25JW2Eqyi6QjXSWmtwjGfjQ2CZLkjO7Mg0cBMM5VH8c=,1378.0
consensus_latency,7WOUi9+ddHYfayPerBHMrSZrtqoXwXBWJctg2CwGtaI=,1380.0
consensus_latency,+xVlI+FF200fXMgZ2aJeJtwC22wdk35QyoewRHWxejI=,1380.0
consensus_latency,gGlTn9H9USxqJZrqpAyoKanVslLyLjSuPT9MheOmJds=,1378.0
consensus_latency,13bLZ2GMHVxFED6/k3wYNpPbIVa/c8hVTFCNaeaIIdU=,1378.0
consensus_latency,6apQDe6GkvhzmPrtcfedZxoMtw+RWe9fLJa/IFymD6o=,1378.0
consensus_latency,JvXg87wkNLytLzYXvo+mo12vtejfUpZhfCXRbqyl3D8=,1327.0
consensus_latency,PFowtrddyBYl0m4w7IGiuJjhV3w5uFcNUL1qzqbpPBk=,1327.0
consensus_latency,VKkMtWKYnlD17WsgrAvscHLBUKGQoG+Yn0upvan4M/g=,1327.0
consensus_latency,0t8fLFYTRC/i83Ol+9xCQ5WgIBDOOwtesIG2MpC3XxU=,1327.0
consensus_latency,KHb0xzo6FcIT906LTBc3O9/0d5PrfzIf30yohAcP2BQ=,1327.0
consensus_latency,gEkWf3tukGYi2BD28xLDdGj9OdPLjA0pRQ/IICi5n7k=,1327.0
consensus_latency,1Kg2NzLvITwgGrzJ9q5gXashre6+a+BojTiVvV2PlxM=,1327.0
consensus_latency,3stceJ8pEV2X+SpgxIY0GTGn4thW8WW5UQI5ec/bIeE=,1327.0
consensus_latency,GYSS1O7z+Q9ji2An8u4iDHNaxNrCCThHko4npX9NNhs=,1377.0
consensus_latency,t6P1FSz9Bb7PPc0Mn0JbWNwb7PKtiht5XrhcvHX3Tbc=,1377.0
consensus_latency,bB9cA9bGXYuiy0JqYCPAuXtyzJCuBvZBhJGVupZcM34=,1380.0
consensus_latency,hzyG8n8K61m6o3vgR1dyRqLCV1wi4rluj91acqGf5JQ=,1380.0
consensus_latency,rKj3vAHDiPk0U3HOcxIz5kRPu2tw303qMVaMD7c+lbc=,1307.0
consensus_latency,4x9W+9xJRzkr2nsGFntbPywVWFWZO7dGpuqBDa29Yd8=,1307.0
consensus_latency,w5z4l0Upns7eFT6+zOtJfD/CFrmNi1lhPfcvz9ipnrU=,1277.0
consensus_latency,w6kLgIfsfXy/aAPVBGlkIzz9UVjby4vK+tF6+2VQ1qw=,1277.0
consensus_latency,OwL1xEmMFXfnOfLiU0OTFE1K4Howx/NNUybC5+ejw/s=,1310.0
consensus_latency,y5psXiSsVsKp3jwK23Itpxu3J0lY06XuptCNW+tMdX8=,1310.0
consensus_latency,VPE71f5X/1wvTREExWIIK1wr0g82sJlynVAnjYzY8rk=,1305.0
consensus_latency,s2yPu0GmArjwopQDVG0Qco8WmBdmaFu04J6UJU+BfSA=,1305.0
consensus_latency,IviKjC7e1WLx67kuWHuMH/kWFvui8a4zZ+kshXibCgE=,1306.0
consensus_latency,1NoARqOM+vc4NxDF5O5fU23y2UqPAe1U77v3+Ks7cP8=,1306.0
consensus_latency,9hZbZFobk+kQQFjrRTdTNvtJ4h/fSppmLJU8/Lhbj5o=,1306.0
consensus_latency,PHQOTGx2PE61LpzuBG8YzKz5wPm8X8zhJtLZ03D33G4=,1055.0
consensus_latency,QBq93UsvTiODSanwopnGf4Pl4nVAuZKMmM5rHDMl5dE=,1055.0
consensus_latency,gYuFi7xa5d2Iu7sp5H7+cP3wtEorHvjVNnigLIy5wzQ=,1055.0
consensus_latency,s+MjAcMzqwZSOhN7FlPLkrob9e7taSnP3nda9s0B99c=,1055.0
consensus_latency,uGKIYHpJNNxRiaodMsEBqGhAISMNtm6e44NkKTlq4tw=,1055.0
consensus_latency,04NzSjXcXoMOzeC3Mxi42T2vpJPx+edILpr4bnrGG8Y=,1055.0
consensus_latency,NqmDHqtzaULWFG1rSjd4f619p2675hc6l4GwnLH+44Q=,1056.0
consensus_latency,uwOENKabGLNE9ld+Uec9ZRtD4jEAJn5Gg9u1N+Ug+z8=,1056.0
consensus_latency,TiP+FZG2HiV8mTZuea8pHzo1btBI3kzWddpghW2LbnI=,1058.0
consensus_latency,P7N9KWh3Qx1sLjXTS+WCPUGLWt1QlchApleUBd/9i6w=,1056.0
consensus_latency,YyKdoXwQ7hp42gUCKMj4ZRA/pm7BHBHVG9S43NT3rpU=,1055.0
consensus_latency,bGShem3fD2yBe2e8ZBTPZecHOaXZ7ocYDOQXrRNOa4U=,1055.0
consensus_latency,y92mbkYZVElDjUdNrFu2aisgvgkkAg7X3/UAdWPKJHk=,1055.0
consensus_latency,HSD0m5BG3KaJsuvOKTFmqutzlv441E8KiZzQ4njVxD0=,1053.0
consensus_latency,KmDGumxrtoOh1mw2DxyP/kpTAGCb1uPPei3wu+FH5SY=,1053.0
consensus_latency,PtDyW2aaBX82QXinUaAX2ngYubXhBU45yQvMYCfHvjs=,1056.0
consensus_latency,dK5O7EDetRUJMZIqFJaUtHTgxj1GN5PSLYD2itVl6Qo=,1056.0
consensus_latency,KQV1fQiWSilwr3mq7nYw8lVX6sgWUV2iBn1xGU9aaoE=,843.0
consensus_latency,jBT6sOqV9QHciQDzhMdE8FCMVx+mH7E7WpLOXF6VVjc=,843.0
consensus_latency,jBor8v5+QHrWgVcd+sU9LtGofVhBw98UAI29CM8LrpI=,843.0
consensus_latency,okwE/3SyCd+K4Gbd/QTXjAe48hq9jfuWVWreR7iy/Co=,843.0
consensus_latency,2JlBsD05e1EBlKZw8oQq81Pzwwj4FYW+TbN+MFSplvc=,893.0
consensus_latency,3CaS+wP+UibQSMqo9lG0jum6I8vout/CgSBqNYOvGYQ=,893.0
consensus_latency,ixt1VmIVcmlDDIjEQcfh6IjLSBEQkrbkvmib+Jc455s=,895.0
consensus_latency,y7Tv1ClYj/1EivzdCv9YBnwRXcG/3LDDg2eLxfoiXnA=,895.0
consensus_latency,XYb3BqZ0enagngJUk+lbHJp6E0m2gcyHGxOo6wtdmDk=,894.0
consensus_latency,kvyfRla28cuu7PfPeIyGgou+MIJF6A+jmrSLHgdGG9o=,894.0
consensus_latency,UFhc4EdU928/fOrYtYo8oWwzNSjiI1/X24vDdAhUefY=,894.0
consensus_latency,deJxPPg3wr5wI2E4L+SFLBU3V18ar/YhhIwyJzsk+Z8=,894.0
consensus_latency,fzRwbCRf68lIqdexjabYUj/KIDapTu0uan5bkiOPcwU=,894.0
consensus_latency,GRZVdk6rxd8MN/L+OMZB5rOEc+tY3m/7wOIM6ozxZIU=,895.0
consensus_latency,JkSp6hZF3/Fwb0bSzgdTic2skZV7M6zTNRV+NwyzR9I=,895.0
consensus_latency,UAU9VPVIqQdPmB7TZEiqq9ee4BW6l/UIXtq28ePdAMU=,846.0
consensus_latency,azPtW91jBH2Uoh8OvYoLHOXTR7V52Xv1sLEP1f0CGOE=,846.0
consensus_latency,eEsgDxKDB6qXVXniEw3rQGG/beSPehQ/QCshtzlWcgs=,846.0
consensus_latency,rH8tJNE3VgaHcEPnIykHWeftRA3zIH1SFdWG5nU0J7A=,846.0
consensus_latency,9joX3BEjivXYb3vSbgsBqpLyal3ra5QPnHHhELhN99s=,846.0
consensus_latency,C3CQ/raIZoBZGMm7Bu7vNz3w5aS+qftnbDihX4qMP1U=,894.0
consensus_latency,a1u41J7VErDPtI4IMGGhHUfDZxUQK1klMdH1dG15NBw=,894.0
consensus_latency,7gKeDdiiUUyklpPv82oGsKqnYLb94Vfwu4O7OcnB8LQ=,791.0
consensus_latency,/luLq0X35/NmMY72RHaa7k10MeL0oKkgY/bdfZpN0S0=,791.0
consensus_latency,UFD9XYb55F4ZgxAg11zN9kpuRQrykWmXUT4iatc3alc=,793.0
consensus_latency,pCmS/32GESKsHErJJfM2KW8SQWYrLGx4DAHcOwXJ7f0=,793.0
consensus_latency,XTk9GCi2qC477B6IlymPlyobbfWB75o1eEPRuWQN4MY=,796.0
consensus_latency,4kEH4920anxLF8pgjn2siqJwVE35YwU4BInzL0WFJWY=,796.0
consensus_latency,H51VQWc0kl0ts6tFt2KxiZpKTs5+vA3d8Df3MKCSMvI=,796.0
consensus_latency,iu2OYjbeACj9vHmqbJt6KE0Y+heZY1E1Gdq3WJLas94=,796.0
consensus_latency,YV8+710jzCCghqVQVLRM/3cOTQn9NBp8D7oS2aDyDkE=,797.0
consensus_latency,+MbATTU9aWLkxxoHFCrhxiZFMySyD9sp7YBKAInXE7Y=,797.0
consensus_latency,KuWZSXr5OYbBpS/e9Rol22rWH3NFhdVkFBkKPcySFks=,795.0
consensus_latency,dwIGeVND0qA9QXEPTNvypYxbY9YnY44r9nVV308TQ6Q=,795.0
consensus_latency,GdcgkWOPnFlkvH/dRT+sSTo9wYj2Z+3zmGHEtz1h3LU=,545.0
consensus_latency,v8Zd0KOSjk1Hso48NMFQJCJxyzF/i7tX0c3g+wWeCLY=,546.0
consensus_latency,E79H6dPYCRyX2N9ed/x1BZ1SVGxL389Fq5hF5VvGW8Y=,3439.0
consensus_latency,RuhTrju0KEbA/qAQHc35ygpsIIVBzOKa/BdPqNsZiXI=,3439.0
consensus_latency,d+M1s42GvSJKVlXJZ8sxt78z3Lzd8B/ji9G5EthWqkU=,3439.0
consensus_latency,hBod95J5HTH/W+GLiD0y4yI8tUgQn0gvze+dG8v5OLY=,3439.0
consensus_latency,kWnDmlNVrGNp/0qG5wd24iNKlTF2RjneA3sVJeB/K10=,3439.0
consensus_latency,nfmdZug8szIcaHNRHhsYM6lNzVDzS8wlvb2xeltW7X8=,3439.0
consensus_latency,q5wVFXBVa2dyFzqulc0E7S3iB62QOqZYUViGxz4HOFw=,3439.0
consensus_latency,UAYj1d5lQIl2Tz6eOZRnaM3IEe5n8SLIo5WfTbBBm1k=,2969.0
consensus_latency,dVpEe0UmXFzhIIaX2yL036RzEkviNAs/1JkTm6nAgTc=,2969.0
consensus_latency,f9/AZU+tSCNerg1qhCEeb01wVmUKkicTveODLt7S/LI=,2969.0
consensus_latency,lDkYS8icmrHmktrOeTFhgo719CCv+iy38kQDG97KBoU=,2969.0
consensus_latency,pD3J31RjeaIC+SR8+MdKgYUO/gxPYZSZPEGcohomDTk=,2969.0
consensus_latency,2ofJgzb/WmDtZpF4Jw8biqaPOuPCXyQBjYNtekq34Ag=,2969.0
consensus_latency,7oZ1ftUuYsMxnUWJc0N8SUMhCkHrLb9/D2rtpoORzls=,2969.0
consensus_latency,/uPUaZEjp/crzwVMoQy9o8GjU4VzK1xOeC1IXRvO3dA=,2969.0
consensus_latency,CMNzrMp7CxCOqAkVDmLbQBIbTVtccpDHkppmnw9P4j4=,2453.0
consensus_latency,YUYQ4EmQ2Pr7LpNEr/v/eYMhlTN6Y6sT+hekg78caHI=,2453.0
consensus_latency,bh6T0CPx3CjvHfAPgnjAcMdwkM4rIphPyGDvde6BOvA=,2453.0
consensus_latency,q9keDd5ci61fcjInS8aLa0FOaVbp3ZRIt8JQY9YfuZY=,2453.0
consensus_latency,3z86TioIbczsVsauko4U/RF97X8T58v+AvPFMgqdb0Q=,2453.0
consensus_latency,OUHfyIE11DmLn+DyXfF3WYEIX6Zj0PfdJsiybkO29ls=,1987.0
consensus_latency,USw2kcKjhx2Kmdh/uWjFouhtCzYu+2k14oJgkcifsbU=,1987.0
consensus_latency,b2z2LozDAXjD2HqV6LfhjoDMv/JaGEGVUqTx54zmK9o=,1987.0
consensus_latency,71YK901lzuE2EAHgiLHyrgokx9kElYCPTdpocoPwbiI=,1987.0
consensus_latency,MtaUpedRFdBLjykF+AB3bXfKUk1T855hwt/VbCWKdSY=,1496.0
consensus_latency,k86qSKPbHFoyHEh9bIaOieFr/XmqLjdyQnjnrB3Xu+k=,1496.0
consensus_latency,8vLcCGSE88jF2oDCatCozdp0XDNRpyGbwTiRBYPjBzQ=,1496.0
consensus_latency,R7gxjFsv31sc9N/cAwdbsPS+nkp6MHi9nnVnZ3XN3lA=,1354.0
consensus_latency,aa1txCE7ZUTRGyRP8mu0BISxbTw8VcA5hXOVkElI2FE=,1354.0
consensus_latency,snDqAiRV+teOCNSfnHvyHChN/qn92OSSGKWJy2WRa7s=,1354.0
consensus_latency,wIW+PHUFMDp0z4ifQW37F06ilMjSiCV+nf+CMrPXFs4=,1354.0
consensus_latency,yoA5oMGLrMoPu+yK9YTsVQaasbVSefYRKhcgjRY8I08=,1354.0
consensus_latency,TVG93mb7cREh3Vt/Y1Vt7jimuHvG3yM/jIbPOi96ne4=,1307.0
consensus_latency,EfsIzP7c1IP1hzKWNq2+9TqarYMDw2gE5TqK3nAQmoM=,1052.0
consensus_latency,ULZ9+bx40WRixWQcWbiJUb9gFIodcxyQ/DRjIKORM2I=,1052.0
consensus_latency,N0/2rtX84DmQnSfrCD520bE+Ke8nm6K07GoytupRm/c=,1050.0
consensus_latency,3cytpKOJQFsX/H1Z0OtF2oehSagpjyeHKykT6OVl048=,1050.0
consensus_latency,g3F5piVXoDVwSTIK/CMDlJHkwfqnuE3F6PCXnPnrvpY=,1050.0
consensus_latency,7p2O8jAjX+h4GS14LXSsd6ldkxVaq68/MiCJVKndpAA=,1050.0
consensus_latency,NhL26U4PNM6FdZwAHiTw3o8S2YYRCefLzWXQeZe9Hdw=,1054.0
consensus_latency,5qzcU4uoJOAfze5OSxgq4YMoQqBj4Hjj2GNaC8ODDhA=,1054.0
consensus_latency,6Oei0kQFWJDl6LlvqViklWNYe8cmDJWfrb4tn18fKCo=,1055.0
consensus_latency,JjY38dzo2dgJKHEYhyhrDd9JWNkfhhVEZ1hN/6P+VCA=,1052.0
consensus_latency,Wg3kIKmlPymudjJHCmMgiiNa+azFJgva+u5Foxf5fPI=,1052.0
consensus_latency,h20I4chs/TNLSFXUnD+cnbsvOs+/1MWM2GaR/neBIm4=,1056.0
consensus_latency,9vrXFWpMvNULOh8RusjA5YWu+Zsv2OT5OSjt4IeB6K4=,1056.0
consensus_latency,SRVXlg73yiHxl20+D3VmrPHMrXGTmB1Zkf60YFHxrWM=,1053.0
consensus_latency,ygL62GG6kkp7Es4PKz0tIELRJRb2EmuDIbqjvJ6OTVQ=,1053.0
consensus_latency,n+Crh0qDq7jG3CSNTj894Cvrtjy5QpmSrbBEZ6kvwSw=,899.0
consensus_latency,5hi7d6M0aZapawaPyr8wsKpm8sJQwYRuwViGPvrwJho=,899.0
consensus_latency,CebJkPUD5Jh7445QGGHLKTAzZGs7rdYwlXxqhPQzUHc=,846.0
consensus_latency,PqfsGrZ8+LQEqURfAwgO4ZmgFUsZC0mwxS45UcMTBt8=,846.0
consensus_latency,UgfsxSV8zTS6CrhBieRzN5ZeBI8Ah9Tex2lpb1xiJJY=,846.0
consensus_latency,qnmoXS0f2ZXYd476/PfLo/rD2FUPa0EKZ7TNUfKRVUk=,846.0
consensus_latency,OlJW01Y4eotle4ZW94/0Tr/al9NsS1USCXTfQqXEz/I=,845.0
consensus_latency,aIqabon5GmFQv5En6hfi6pRm34qiwd6WR7Bl4wnzKyk=,845.0
consensus_latency,nPkRMen0wFmk7QXOO9AjBQRHpglHeOfExSdfRUU1i4A=,845.0
consensus_latency,vJCKyNk68+wgY4upyWRU1pqlc7Gg1bo2q+jc+/cPPpc=,845.0
consensus_latency,z8HjiFlaftkXePaZuY4u1JVk2ag8lqJQUQlLDVoSoxE=,897.0
consensus_latency,3tk+Yh8y3Hy0DHHHV5fzIjzaIiOPU2YSc8WC427tFV4=,897.0
consensus_latency,3dZapL/EZ/+1GitRIYzg6N7+IzA4faMndgje12e1oVQ=,895.0
consensus_latency,8uXx5hGrKjnZ/t0MV8PlBL3C3l6YL5Pf61yAHrqr9pI=,895.0
consensus_latency,eLJIko7GW6HzkKsNm4YE9lNLxJ2PnBrk8T9EaHO1KDI=,897.0
consensus_latency,gwww/HRDoDNKeOkFZyeL0pm9Mle1FDitRCGZ4eEzd6Y=,897.0
consensus_latency,shwlVKxm2pjkvkvNbzsXaGhE3Oud1oLn0qgCnFRxeuk=,895.0
consensus_latency,5SXhJDn03xH+Vh1W9DY5dFLh9YDWES9sVZXlf7FpHuI=,895.0
consensus_latency,JrjYKSXfXfWcSBoNTDY0nC+N2azMOcZolj1pXHIBbEs=,844.0
consensus_latency,S8O1rKgjso1gt6gQZeGT30L0pZMkm8yY77JAM78w+YU=,844.0
consensus_latency,aYqQQipfCC+XhbRKsArybaJKbSsfIBBsWOBJeTYqpvU=,844.0
consensus_latency,d4TV/vlf5OkjFKIiw8yCiJKFUUxw+puYlWspy86NKPU=,844.0
consensus_latency,FzLBF4spYQZLRFZ3+WqczuNc6hu5uJj3G71XLOfqjdA=,898.0
consensus_latency,NRWExNcJKWa2Lr1rZp1Mo5YBa04lxxILhKE/nkqxm10=,898.0
consensus_latency,FI6lS+T7qoYyGYf4ltgIQ6KfIGGTX+gWDmBE/HpOmP0=,797.0
consensus_latency,JHufMLqr/4W/PCGrVKhUKKBI1XS6muEOyaPsk4NDye4=,797.0
consensus_latency,JD3tfg4bXj6dpBu4QnhGTwWXZza4uehpq2hf1XPoreY=,796.0
consensus_latency,ADv+VRWCBg4X1SMNlKpbcMt2zGMie7CqxbqTePfM/oQ=,795.0
consensus_latency,XOb+PH7NMhjHjAlQo42bvwTFumE/aD3Gk3sHkndDV80=,795.0
consensus_latency,0q8i9Ak7fcVwVWbi5AAKKUUSfIGt03W3EZFQju+azzI=,798.0
consensus_latency,7TqsihxiMLda22zF8p7eanS2B3Bo1DK4cNzo0YnBj3Q=,798.0
consensus_latency,UgqrXUl0MCzGTHl8mOGNGmGpULNuYRXZzP4pwpXqnI0=,795.0
consensus_latency,pbUX1+XUlMVIq/kpvyK9Pi9R7BDzTmgyQa5CH7HpHc8=,795.0
consensus_latency,NuJt3Dz6octVBcCNd8w4ncF+F59pnhn/dajVdXDAmUI=,792.0
consensus_latency,5yStQuwfTQgPqCq/TZ0aKWTv8piFVu6bbirmuVKATr0=,792.0
consensus_latency,VQEu+mj1we7uRAj5AdVidxg9fEiAaV6n3KIvRWHaCCI=,796.0
consensus_latency,/V7FAWlwzx5eviPPtfkZgsSd/lsLBYJMPtObRDdXpMY=,796.0
consensus_latency,K98RSK/JnyE7hgLHUgTMqwLr3yl9pL+ZKuX4KDL9uV0=,541.0
consensus_latency,decikOrbsa+a+rwaUbsZ8KjZsBgDqtOA5IxAAO7lXO8=,541.0
consensus_latency,zi4dQbd7uwSPSSR7VlCaVxcubbOo6bdsIdWngx/cHMM=,541.0
consensus_latency,G0Q8TzSjsxKaozaL2W8rSKmna3tgx20c2cGy6ymRWKg=,1497.0
consensus_latency,ilGA55JUJz2uiepxXzvcLv72m4h51mVfL2hICMG0LxM=,1497.0
consensus_latency,uj4nP4YQkE/IzUy/Jw3b8njhWd+WGr9Dxajz7z9e+8o=,1309.0
consensus_latency,fSXLuz0IZKyySKyURjQz4onEL6OG1DUeAfMZ7UD16/8=,1058.0
consensus_latency,zBsbtR2THooaHgiamgGkZqvK42rI3FEDQaEbBTHFqI0=,1058.0
consensus_latency,TmU4NJPJn1u0l1O0q0pG0FwQQoTJL0ydGDOOL3XVidk=,1058.0
consensus_latency,ECmw+OM4Iq9NgP0b5QdC55nnF7WMhmmey3isXhkWJO0=,1058.0
consensus_latency,wMlCdurlBoAcvE31U0usgLGTFpsnxpyI64ciL3wJZxg=,1058.0
consensus_latency,ZBAPDCOkuii5lpLtizwrezRNaUbll1ofzVGpqt9FBLQ=,1055.0
consensus_latency,jFyuf6WaYVzwt7q2Oy8+QwtCAwjkTMqKOdsHAklrFLA=,1055.0
consensus_latency,xELFJUzNrXG2hd+0k/Cb+/cykB9N80X+hAwj9u6ugLA=,1055.0
consensus_latency,X+B7VOIeBK7n+/DTQw6PfK5dSbZALQb6nA7+Um0MgyY=,1055.0
consensus_latency,w4lsa4g9BW54iHAjOt+WR2rQMsjri7Ou0xJZP7yryp8=,1055.0
consensus_latency,AzDoDo8pC4Aic07NJx/cKK6OPVsX7DdohhpHOtg03hk=,1055.0
consensus_latency,1CELngabTNQStMXwKwN4p03SWGgTLWqsgo/OjvaY7wg=,1054.0
consensus_latency,yb+8yvkdfQ082COi2n4Qw4aOFeRT9RAy1cqWgb+g1zg=,1059.0
consensus_latency,BX7CKzQdz1peGZ1u2gpNkG5F9lHZM6QdLmGEOMgcSs8=,894.0
consensus_latency,de1EJak6U4v8f62JQ58ljkI8ZSSPQUGPVdii/rIZN9g=,894.0
consensus_latency,PN1CTfMsGW1TxlliFe+B6DRNPQ0xfuROhNzjtEC7NXk=,894.0
consensus_latency,+V1bjG9dRwX6TY0yYj8KU5U1xnNSi9D8sS33X6D84oA=,894.0
consensus_latency,U1159D6KpTfkGwNe0/U44N01+M+La7ROdBzQxkQnDB0=,895.0
consensus_latency,qF0Lw/02kf9otQ3pEWI1qqH3JnYzE8H104wOcz1EqpE=,895.0
consensus_latency,8nCyw14FR+Gfkg+2axmI3cZLq82+7LKoprcUP3/+kqk=,895.0
consensus_latency,idhGNQP7luODK0tmKqR/PYzS28nz9QKqB1gvPIdCk5M=,896.0
consensus_latency,m1Bz5+tJb5I7MqZ5NNwmTBK78M/jGrtfRAdWeh57Kgs=,896.0
consensus_latency,Co9GfnvNxvvEY8teMYSu8ipeYOOOxdhJR5B5MduCNLU=,850.0
consensus_latency,H+AfnKqzOTLxklP10/8Tn+QNHywCFnhgF5CQWJ0WmK0=,850.0
consensus_latency,UB+kqZNFlnebA6YwlNcxFWQdc+kOoGEUr3jcOMMdjXs=,850.0
consensus_latency,abtet8sJFjCqRMfFO6xLR5ozMq3UWUJUOONV0BnGw3g=,850.0
consensus_latency,+rduEp+mZPIfk6VeBEKNBZFwXJHkGjPN0iSq9jwN1uw=,850.0
consensus_latency,CJwG0c04aewEcSET1Wz0ONzJJVLcee9BEFgEXEJD280=,852.0
consensus_latency,EZlR5hOQoBxjShMXOHhp7JHEUqgBZlds0CHlTZe1ZSw=,852.0
consensus_latency,aw6XDVbALnLxWrsoUmZfQX3hxuEiyd/Q9LJv8goPGDQ=,852.0
consensus_latency,j+cHtNsl2u4Z5GPUxOgJAsSUc+jXlXYzu6JfPxRXJtI=,852.0
consensus_latency,C3uKhsMQdgmygNFx/YQ0PQRNnNlCyLN7LCgIDv5AgVE=,896.0
consensus_latency,0BLDXasu+jiX5qoS4Ee1O+GTHyS565gbI9XFiW8AxVw=,896.0
consensus_latency,guOzg7cBhfZdrskecqdloLyXnszCNOXG+30quAVSUBQ=,895.0
consensus_latency,msiv2DU8B+Rw7l0ygCsPYtUhxcKhPOm6ioaWEd/+BfA=,895.0
consensus_latency,4QjXFLoN0juZwWK1hM4kCBxtXfw/JVS+aKU/+ey4uBs=,895.0
consensus_latency,JzbgbjVm9nYMT3r/IJYBRFxZApjyTzioqVxtU+BkIGU=,849.0
consensus_latency,gvBTLbJeBoW6ypBd0TEEl/yfmXwoLesM8bc8RIBqEgM=,849.0
consensus_latency,iMxFZUCQnLvpg5RSjc1bz1Wq1wEWqhIsmQNQqc7QFWk=,849.0
consensus_latency,ma/J/7hLPsXIrTUS90tJkQh7e+dsbwC4jgP5CQRV5ks=,849.0
consensus_latency,7Hf+/QwN0M3XTb8q0nBb4qjhL9HdbbUi+bMaUcfrrEQ=,849.0
consensus_latency,3jtFkN9FrQBDorkWRLmCeaZvAnaKUGiaSKFGDJy+EvA=,799.0
consensus_latency,YmoycRX9L9rm2Y2qrezw8O5ZMNAUpNHA99h1Vc+/zoA=,799.0
consensus_latency,x05hg3rlMkz86B02r+GZOHYwWNMu8f33QgvXwDclSPo=,799.0
consensus_latency,CsEEd/0SPSp74hRdLkY5Yiw8zSbfUfj9hMEONVH3FPs=,800.0
consensus_latency,eVrfYT8WkC3i69KDKHDi6GNmQZeOHP+XTLgDjK0mMik=,800.0
consensus_latency,T7knglcixR18RaXC8Gbf8O2XhHx/l0taxc0Tnah1tBY=,798.0
consensus_latency,WEX2Cm/C/ZrK0O8Tyc5lopMcubQUFPHbGSImI70XNHc=,798.0
consensus_latency,bl0NpQl7qXQ0tc5oV3PWAXQ7yLh3G+aVlrzhJdKuw6c=,799.0
consensus_latency,qRrtOrw1afeRBJBxfHMqBBDb9gbzeCt5oI1zOKzpeaY=,799.0
consensus_latency,YI9EzCM7j+8cK8EnU/XFPC/vilrDZ4y1Q2PeeLAvadQ=,798.0
consensus_latency,FWD6Pc/i/tSgwJFS5O/7PvLYibNIpgrgMZMibtGaQt4=,798.0
consensus_latency,02vzqBt/4s8wRlU9Zpn2O3On6Zzr5tGTVEtXQ9fy//o=,798.0
consensus_latency,iLI3XpmhNnmgsMsOObaOgylMOT/OqpZzTFUgkpftyiA=,542.0
consensus_latency,4Uxp/5y1yUs5pLAV58GlpG7/gLxFrv0RvRB/EM2ssMw=,542.0
consensus_latency,KduZB5cRT+FmDrpkytcUPbS+f5CugScC5Cu88+ejSOU=,1502.0
consensus_latency,klJ4hboKCxiRvR1AaIaZqeK4F65WGcwk7Chh3b7VqoI=,1315.0
consensus_latency,ybQ64bZkZ68mPaEDdoxLIhgTA5vl7tD9+oc+4KxUYq4=,1315.0
consensus_latency,rzZ0lJj0X5QGad83Ob/34OwiPfzmyaUapO+0Pv+zSuE=,1055.0
consensus_latency,5GHKrg1oBvwBDG7nXy5exLocHuTVDzRyrT+KmLmY2Gs=,1055.0
consensus_latency,sfpk2/VOtm3OYpbgLOU25fsweuo/vGpVVPbehNFjxZc=,1058.0
consensus_latency,wykVWCzQqquMg/tFwnfBlTdo+hBg4rOesFWPIWd/vkY=,1058.0
consensus_latency,Vo3JVLTKRchEFzzv6Uf34cHsoXhyM0PYpAd0qJWBiMg=,1055.0
consensus_latency,fz18JlDgoPZY7tRRCd8UGyIwy3J4NqKXvaK9fdWRtx4=,1055.0
consensus_latency,BAxflYWStIxZ5+t5ORR9Yd2nE7/Ppx6Q7CkkFLPBw6M=,1055.0
consensus_latency,oHFW+3H12/WYheS2P2p3FYOxYquQHPyN++eUh+QWK6g=,1055.0
consensus_latency,rngkwIxsTdq+vCPmv50odo/3r3ey6VRdcUZJXUo6SkE=,1057.0
consensus_latency,7JcGcycKKZFH/gp7ICF5PX9D2pQfoeitxDfekae0zQM=,1057.0
consensus_latency,caPNg8/LjxVBvpXisZMP7GRuRcLQCWAtXrPQe2MivuI=,1057.0
consensus_latency,m+emwOqroyyJz5wbtVw3VlZQjnvAEA8rBLsB2N0dA+w=,1057.0
consensus_latency,o4QFgG4B05VaIGVAapz8bJ7sUcSOB5bCos+iBQtKoHE=,895.0
consensus_latency,77O1fWBCgpFZOpBHlVvzF+onrtJ3y7VyTGWvx1PhdaU=,895.0
consensus_latency,gmdm9UDAiEHu46opBZA7VewzPYwkd7oJXmpVYHiBs5c=,895.0
consensus_latency,sjR+UpZ20q8JphuiiZVZnbGLOgLnmJHxvsnF2qSHAnM=,895.0
consensus_latency,4DicU6ITfRfGzkQBWVmO/MTF1FRekYFi+C4dSi5H9Sk=,893.0
consensus_latency,+yzUw2Jv22hj1bh1L46s4QVmuWbcOi+nRxiOyIBjPUE=,893.0
consensus_latency,MTWO9gkzDRVYCMYlm89ndAAQXS60sESuGvMX8t+qT7I=,842.0
consensus_latency,NSrh1p3xgZlofCMbCTcs4oh1dImy0yIAO2iuI7a8sMI=,842.0
consensus_latency,uzlAaKRfH6tgfdruxx0MQQP9D7LDHkYTBHs0i+k7cYo=,842.0
consensus_latency,0ZjSHgg0aXZtWxal5xPPFOFABce8FXs4csqtJMT9KMQ=,842.0
consensus_latency,7ZQODy9ljsXIcmVp6GEPEV6rcRAJcHRnG0xByGkwXEw=,842.0
consensus_latency,DDdllmKovfXaz4Ny8fF2/l/G/Pczr88Rt96RUl6tVws=,840.0
consensus_latency,RVMaXiUZioRoJDzhA0gmi1QNWXSQp3wYOiP+Z6tFZII=,840.0
consensus_latency,0u/mAZQ/P0OBgUgztmjSgqDumy6Wgk30Q02OqvsVI9M=,840.0
consensus_latency,7wVdSpD7rNpxZ+qo20/ss8rnXfHNdf35Kmnors+zjr4=,840.0
consensus_latency,SyieUmpyjrsFHExs1b97yvvCVX9lVZDOTArVHLGbaFo=,895.0
consensus_latency,ZAHG5ad5bk5HlNMvwD5mTHIK/NLRxMKPNiROrPkgTqw=,895.0
consensus_latency,sbJbKkBFqPTduUERsZ7cm+dY8Tg2Eff7pcb/1/pC06k=,895.0
consensus_latency,GytpxzpOutGE1ZnA0QHAt7jSrPcRJr28t+VAfjyCn40=,895.0
consensus_latency,Q2bmvt9dHw/umYNW6wANBArD3B2sT+RH4b1zkqFzBG0=,895.0
consensus_latency,jZZQ2d7uFbgmWmxdrHydYZaFUjDXcaL91KhFqNOli2c=,895.0
consensus_latency,sKnl/1QrSDkz9uMyl/1BLcB2/595hmYDyVjYH7Sk57g=,895.0
consensus_latency,A3NQQKPGF98oFmR3aKRMg4bMOsvyT3pzoQJO95Aw6qo=,843.0
consensus_latency,UHsYPojwPzhuUWcMHk/0dcqOWYRzE2KByNXTgxd4rIg=,843.0
consensus_latency,XMmrsi2S+SvaHAMe6kcqQ5wO2kWSV3ZtLTPOQhHfmnQ=,843.0
consensus_latency,dQvljoZIvVUkclV7c44hil7zGbxV6xK7qwq4QPph/rM=,843.0
consensus_latency,vP6+5oM39pU7PsST9dIj4i9KUnxh1AVOB3/xjG/fBxo=,843.0
consensus_latency,3uYsq1qqZytMcqJXgd6az3Nz54XVJiFyvRKCN+hGp7c=,843.0
consensus_latency,WWQTGiHbh5dgB/IdpARXaPxbtK0KcWYCtusROQBwo18=,893.0
consensus_latency,thXvPFzd9/RmQSEF5w2c7agIkkfaMaTViLyTH3XUyqI=,893.0
consensus_latency,Fd+9YfeMhq+mCvgSgr+Q4jxLKZDDjpQdvrp5XUePP6E=,812.0
consensus_latency,9t3n95tclWn/cOLWWCGWBvWL9CZP2rHLgdsuIZ56lv4=,812.0
consensus_latency,V0+Y7L9xbkdgLx5UCMOuCr0L8bVsuJ7tgVYRcFS7reQ=,813.0
consensus_latency,9dfxgWFmjPtato/8CM70+U9Pv5DoeXl5gH3IthssEHs=,813.0
consensus_latency,9RmrbWEuKygpkWL3K/GXAXRDdeGWd6WgWxTXyB/tN7I=,813.0
consensus_latency,bztFFgpmcrFINDXI20Rxb3lKMsYtcUgEe20KrDmD5gA=,792.0
consensus_latency,gMhr11fA1DXU4Jk9JRNIQ7w87DUsoWBgUiMwkc9boFI=,812.0
consensus_latency,l5zdcDzAFgl5klsCxzhCq5XfaW7AwEe7w4MmXUKAbNY=,812.0
consensus_latency,C5PPiJ5DbM3NU37s6lSk7CaMGROlP+u5KCF9aNOQeZo=,808.0
consensus_latency,eFc4aJQOmh31Wlaap1V0MN7p1MNrnpyjPYdQNk0amPM=,808.0
consensus_latency,aeNFfCRt7famksvYcKnMDHmYcTu+YdrpPBUjDYT8X0g=,814.0
consensus_latency,liUvFuuMNXE0hx0bGfBxPFzXjpmitG1tPve6PrAzFDM=,814.0
consensus_latency,siL4Fs/kwpDBmletGk4yQACwzCJc1cNvFXTmrB8iUK8=,2018.0
consensus_latency,+s1ahiLwRJMsbro/9sTaH/VOXjaC1ksPThDYslTMqxk=,1576.0
consensus_latency,PL6QSyT8bnSAtPvQYm90oaFnxYvr58toB6MDucl/Bqc=,1572.0
consensus_latency,6e+kavf0cTL9CbVkNH1jh12NpF7GH54ezeTLh6r9pJM=,1585.0
consensus_latency,vi7IVUnzZtQdL3pu/8mqw1wLLNGIVTEzBOCTGct1bhk=,1572.0
consensus_latency,0F9AdD2yJr9Qf22FsxKn8gdxaQpGK3MEO1Y8W2FrIQI=,1581.0
consensus_latency,qddHfrB66KjsFetc99BUKWZkrtY+ab3KjmENhdRcFLA=,1582.0
consensus_latency,/PwF+WssTLr3rXGZ8qLXVwW89WU7B0o4EG2NeVdvLRM=,1582.0
consensus_latency,CzDKoXgPiwsIZL+MTaPUF30Zh062sVtyePB/8JqHWxc=,1369.0
consensus_latency,VZUiZE86NYjQrGkUXkLTcAR0HXypz2jgRrbzz0ac/Sg=,1369.0
consensus_latency,aeFzN3PlToObClidG1oZimGySU+hFnD/kWVjQEbQSFE=,1369.0
consensus_latency,1S3OS/vG4eP4Ni5f53oZe02OQwSpTtt1+IxsTVt6H9g=,1369.0
consensus_latency,EUu5eG6f3pHSvj5oUNJxCK1BDcqtyroGWxJJnIysTzI=,1367.0
consensus_latency,J1yyJxd7zFrgBJYWL7DjzV4IdOVvFDh7Z2JWjKoKvK4=,1367.0
consensus_latency,jCAl5yhqIHlH2nSXRlBmst42UKr4WqgiHoytGRIFCWs=,1367.0
consensus_latency,w2HatZhFTePae+wjiP/twheRUA380IRqY9nG1ocfj8A=,1367.0
consensus_latency,5rD5v8zszNodxm/9zrmxw/wDDaHzefoCMLdhELgzrt8=,1367.0
consensus_latency,I0dxpqNonmlnptVndN6KQfMyZT29VsdgFz6AGcnOxzU=,1416.0
consensus_latency,Ve5euT0y+4CCZy7B0Rn6eE3jitFwRctyKl5niAJGD9k=,1416.0
consensus_latency,WDgykG//wvWrdnQG8Y2ogZaH+PGJe7A6GD28FbCNjkk=,1416.0
consensus_latency,kDlXcaiY2mzlSfMxo3oJxotJI2iZoUDwQIvJH0YoFo8=,1416.0
consensus_latency,FGawSFV7ZaX+4ye9pMn+DEQoPnYmW7I4WoazV8JFUcY=,1416.0
consensus_latency,botJ3tijjfGtRnz8Xz3dprL2DKmzODdtFG9hV4UFcnI=,1416.0
consensus_latency,ci/odrmo1AUo2pfUO0Z+rHjfF8I7B1RevZu/5hbtdwA=,1416.0
consensus_latency,BZcPYPsf7ldD/UgS2m6tAvZNXZi8GrBCLnISa/4jpwk=,1417.0
consensus_latency,PfJn5mXFWO6JyXg3UaCCDLyCVoN3IVtVftJynxmPDig=,1417.0
consensus_latency,TYvxGZiLerVHh+hnbr7hFfEtypENIw0luG7Qf/B9WBc=,1417.0
consensus_latency,AXt9RbNtRl/q3bVMOvx1uMx2lTvJGJS2mwAYvOv49fo=,1416.0
consensus_latency,POdYReAGKY1npiUXgRqy0ozR0lcR1AehdrrIh3F+HxA=,1416.0
consensus_latency,wLsXdJQAFYTy67eq2E4F4bp9gW9+YpgdrxkreqD8QMc=,1416.0
consensus_latency,/QdUi7ctZRucOyidzgqhiUP8PbBMMXtjY0XbEfw1Gyw=,1416.0
consensus_latency,Oo0Y/++3A8o+DoXeCVIIF+qHWHp7Ngk6mi0201z0H8s=,1417.0
consensus_latency,fDEJt1pVSz5bcTGwV4CAU3Dw1Woq6zUxATPfpaClZb0=,1417.0
consensus_latency,fz5K0PbOvFjjYPDLyljhqLtVjL1quMhH+fcOmMRRaFY=,1417.0
consensus_latency,f4xZhPM7eOl9hQMTNGqyG0Cxye68UGapmf7EvFLe1q4=,1417.0
consensus_latency,SZsFUABSXrkLFivcG0cSEq5KbKQH9eiyrctafoGfekc=,1365.0
consensus_latency,Y3FERUinKyB5pQOBHXa3sx88XjkKo6W+z7KpEdzXtgg=,1365.0
consensus_latency,ncm1bQN/PwTWSUQbpAyoU0IsPY6upMVNBGakGsCwosc=,1365.0
consensus_latency,p+4pJBHInQNKembk5bEFo4JrS17R19559kIi5fd6OrU=,1365.0
consensus_latency,yuhA0A+V+P5+m+qDGu9IqHq7GyxKSKwpQsEVE+wgYVA=,1365.0
consensus_latency,GvWjz6Sxo8N+SFyKF/4wXprXEXmyEIUxdtKjFiBXqhI=,1417.0
consensus_latency,KBXvYjdZpr6w71rPgDr6JWcGvUSt0blvV8yfRx18Paw=,1417.0
consensus_latency,lDnaixaNXPnuFQ3FEI0O02TsLOzTFIEGyURQ+qQNOp4=,1417.0
consensus_latency,2UPiuGEN8qQI8CoNbZusMt2bRc444H3TYmqqId8Hi8Y=,1417.0
consensus_latency,973e24gZpuGXntTLAMwzjZ+Gdd/DfPu96sjDYWLVWZI=,1319.0
consensus_latency,VwoZw+OqKODVQpcb2NFf3p4hPYGL3zxYz74XmjsJbE8=,1322.0
consensus_latency,WVf8drevMRXVGaU0RykgxK3pY7lDq8gUUL2qHiI0vnU=,1322.0
consensus_latency,ncF5Kh8+R/PF4qKFdAX600bmx0r7CrKIAV4AciuMkK8=,1324.0
consensus_latency,+PgJeP4bqbt7oTb+zj6D9rdxwey1LdeG9RcOF8STDiw=,1324.0
consensus_latency,eZ47D19KO9ZPtM7GEFY/vEQ4snHv1HIVis0i7K0Fy8k=,1325.0
consensus_latency,tt8eE+1v0BGDc9jqZR/69QAPltXLhuPCbBlDr7XZ+x8=,1325.0
consensus_latency,Li1LQIAO12mRQVFkyvb+ZnybEmQYmLboevx73BFg1aU=,1326.0
consensus_latency,RPH7F1ksOapUIYWao9uX/Eyj04q3xPMwi9k4tCeWwKY=,1326.0
consensus_latency,I0RnYQ6SVVXJWdRq5euGvsQGdm3Wwf6yj8agJ0vJN3A=,1323.0
consensus_latency,sueYEXj8QEPBxJOM2kolSpw2AECeRoS5kimbdprdKHc=,1323.0
consensus_latency,YItPJZp2tJeQdT7mrd9nIGtPJCT6Ed0pDoJaHdMT598=,1322.0
consensus_latency,7MMBhz5QPwMWmaLXUWbtrZDyB7S4UHp9Bxf31YEJsR8=,1322.0
consensus_latency,fafsOxfj67PBKjsmjw0j96BbZqjKWJjTDd7m1xhUMZQ=,1063.0
consensus_latency,h+Ay5pCL1xdBPASiy8TgGqeCDUsAXUyqp/4pxjUcHjI=,1063.0
consensus_latency,4DDtx/nYSrl6/Pho0daLGVzvw97/40s9tpwls4khvOw=,1063.0
consensus_latency,Hd/gIdK8cY/7IKlMJHmXzYBDU98dO6NxbJnjLc3exr0=,1062.0
consensus_latency,XU5GZSgfbFuoQEovE5aEeTbcgJ+JG1L4r9iDuAxmyo4=,1062.0
consensus_latency,mky3jIET1JjzqhJsac2FeOK7xlRI/1Bb6v6U0ZjW+ik=,1062.0
consensus_latency,q4Ef65yXy6dN2bosad0B+peiaJNWsB5PxwQjTU+ffGc=,1066.0
consensus_latency,Yi1f2B2fFUay48yDGPzCkGJRHlukWqhJKCPczEJGYA4=,1064.0
consensus_latency,tCQDzmnN/WvN3nz7jjmbZwhkjOYdOoWaHGBO+/N0Rgc=,1064.0
consensus_latency,GG4sG5WxeDGeXu24kLnH1hHeSD3RGgeelB/BpVrKsr4=,1063.0
consensus_latency,hpcMTNe8R9PmvRIeVA7rxdctp/fB8jBfOqT9UNTnn1A=,1063.0
consensus_latency,yzCZFXmsdoOygrWB7xb/zQunliDmRfET/rJGQhr6bqU=,1063.0
consensus_latency,0SBQ7PSLnT356YPlVQ4vQVXQ05ZqIx5KTx6ygIAQN8Y=,1063.0
consensus_latency,A3CKD+KfirB+1PxOWxdD585fuVCnrIbNy7QxZkI+vH0=,1063.0
consensus_latency,eu3gGHI2uFmPONTuC+5OCJujzEy90Sy5rSCB58L8v3s=,1063.0
consensus_latency,nv7xyb61HvTUX50226Ankso08yB75Et9EseBOUj1zTc=,1066.0
consensus_latency,7MIxuQLltZQ3jITbEq2nElBKGihDcCZeul/u+32ffKU=,1066.0
consensus_latency,Wq0+IeQ7v0WpA6T4c5cfeDinpx8ZCXmFPXklZ21sa1o=,913.0
consensus_latency,fqakKt+yZujTrDdE8vGLu424TH99yyEzJojUf9e3EmQ=,913.0
consensus_latency,lryUeBFQW+B8efNv7iGSryLHoUYvAASdNJx8raqXIzI=,913.0
consensus_latency,Ip8v4tSfVt2VMfVNwDS78Ump9oLepRlvNH7f2Nh4GjA=,861.0
consensus_latency,UEZOMPLuSBaXicTBDqJRVbyxLNAesq/keztVbwtvQAU=,861.0
consensus_latency,t3133aPkdd8wOnRuLM6kJewUDeuPikkUfeuhLA0hD6g=,861.0
consensus_latency,4WJWk//j5bJzXAhaGXdWSx0CUi2vOF5lKe7/d97mBE4=,861.0
consensus_latency,yK8aWFcfSJZGiKhuC/9ZJzt/vhdI/Eqtja435WSjg0w=,913.0
consensus_latency,y1OH7MlpB1C729LkAfsvFdCv8xw3mBkhEV8ZGQptFFQ=,913.0
consensus_latency,Lo2/78cKg4SLMiMw2dgMQokoDPqe+f9XefBlfkW2D3Y=,861.0
consensus_latency,a09lLxi3mzQpTX4y8MmfgAstqGBaMqWccceiarVKTAw=,861.0
consensus_latency,frz4RFeWG98evx/qBN1LaCpgnrTta7kzQUgCxl21Ek4=,861.0
consensus_latency,rDATIQitr4mn7yY+Rz4u14kJS8elQWI8e8b9WXICxxE=,861.0
consensus_latency,JWWBLVENB2vK1GHhMfU2PGQ+fquXWRPqL062h00EMv0=,912.0
consensus_latency,s2MXhKr5BEBX9t+zlpHb9etiUIOWoq5rUeVEOodvgLc=,912.0
consensus_latency,Z/INeaH8rmKoLB5esGMjxiWy02F7hVLPscLsqnl/V3g=,912.0
consensus_latency,lDa/AIumT2GrEsKKB5sk1N7+4FQxEYF6fbeNAZG49Os=,912.0
consensus_latency,01JcP+2ZTiSNqNvex6nI85hp7W+ICPlOdE3mKMpdp9E=,912.0
consensus_latency,W/zFVjEU6eHKj6uvI97EhoZLpTuH5wSyoW3bTSEus9A=,861.0
consensus_latency,poyJuaN2rIB7FlALay098h9oypQTUoDAuPFgU8/7G2M=,861.0
consensus_latency,tbIMrYGQz8L/QR/kwaGWCG5MTKRrZDFDC74/hpFOR0w=,861.0
consensus_latency,zgrvSqrFJXPcdUg5WTWjqGkjIuY2ywos0xmc87BNDC8=,862.0
consensus_latency,CtJUjyJjys8s3nJ04Li+x0SsfT0o4KV8OLhlcq4Vz/g=,913.0
consensus_latency,X+iB3uRqGIhcEZSItifAMEvlD/YdJXBdX5M+YSu4bzE=,913.0
consensus_latency,ceHYp1CB3EFu47CBZjZ9SfHC70Y+qrf62Gh/Q6sT1xM=,913.0
consensus_latency,NHZeP8XMeC0qPLZbLTT0KiOBaAw5169Blv8XHxCUbHs=,916.0
consensus_latency,f6kI15Tm4JIULvj33KXiq1FKI7MOw1j4qAwLoozgZEI=,916.0
consensus_latency,2GZpsKAuHhAgAMRFpuqapxo4mLZ5B4uMYqYF0gWVoGA=,916.0
consensus_latency,KQQk9r7l4JshaITQlEFeX5fwcngUp8/LfLhgITtFqL8=,810.0
consensus_latency,RwdZRDl23+/6pQZNvcSRfcVPcG7hQliYksMx1avQg9A=,810.0
consensus_latency,C5FdI+c4sU2l0FMM6HJdpUZf3rxQGhuVrSoJTO205II=,809.0
consensus_latency,SJ7mlE9iDelVhQ2xDA8RYUNChCk1C6EO22enPepiPUs=,809.0
consensus_latency,bLFmcYiV8jHqa4HRTC6DqCSXxY21CTcRuqmQepSWC+s=,808.0
consensus_latency,kL89t8rsnxUCffoVImZqWmAh3bb6kjWrKvwoTiAD6fg=,808.0
consensus_latency,I0Ssqjl3emZuciby059/QexVfKTxJbi/OCRsnwjNiMo=,808.0
consensus_latency,qCaZBfIPY1E2DTsrQY6umNUt7Knom4MFUNc9tC5LD14=,808.0
consensus_latency,KCD+se3i04D0Hu+Kzc3CzLTUE338L2XAnbbr1Lm9pDU=,807.0
consensus_latency,Z/C2ZnWD3cMeeZzYUwyX6M699BiweCJVA+wXwbKod6U=,807.0
consensus_latency,ZYZ0Eod+ELMfcQarnspSgkUSxOnxlsEcLdyVGtLmYmQ=,809.0
consensus_latency,zqLB6rD3OISHeEWZnV13KAGircRYRVEwr6+Lu+UjCEE=,809.0
consensus_latency,G6zFvyPx9TS4sT66g8CIVL6He7260IUATzzCDMz29AQ=,812.0
consensus_latency,aVlaFHS+FRcGGtN7ywYfd0bH8PdLsixOz6tKKqovSoc=,812.0
consensus_latency,qB9wyGSk1PNYrXtuWF9gB0NAp5dBH95Duo+Dfv1FHHk=,569.0
consensus_latency,DcVnUPI4jxfapqnPAApsRJljsPBw4+fo+9dc/ESnOeM=,1321.0
consensus_latency,p6AfG0MoguVgB8zntQnbOecufI5EUqlBXaOMPDJqY+w=,1321.0
consensus_latency,NnRxiDrsXYo0QW5+YYrHh7jJAlyGOsMmP3+CM+d60lw=,1320.0
consensus_latency,V0TOR8G4NmNtX0Q3k8SKUjjx+YAhBT3HHzHCFUV5ecg=,1078.0
consensus_latency,fZz2sy2+mpECt/cIq2xnudAcgADTPOMzyBAVN+gkV3I=,1078.0
consensus_latency,Cdb3zD814i/TMOIsa4i8conz/XXyjYRu5jyrg15U3z4=,1078.0
consensus_latency,R4veWl+13qe7FSVwvXG6kwHtWMvK4KAXh4wVSU7fvRE=,1072.0
consensus_latency,oO9rac6U/1baiTWTMzNTl5KX5YBeAx9xoY9jaoq9hJM=,1078.0
consensus_latency,JiOg40Y+WM44LDAk1cYvPdT4quRN+k+9XzypakQPyx8=,1064.0
consensus_latency,wsWgK4vIgnEz+AnUnEpjKYSIczZWjP89LVgwi/RQeV4=,1063.0
consensus_latency,A66E7OpAYeNS93nfOCo+8yyPNQJcZhR6x9ysKm2slzY=,917.0
consensus_latency,RwraAmTUaswqt1HxKkYizXryUnUCXBizVmvp9cBnRd0=,917.0
consensus_latency,lrr5A6iydtsX5DC+XRRl9Cry6B1Afr0yfJaDaKjxWSQ=,917.0
consensus_latency,7B9OMqS5Idlz0pPD6S9HB1hTy2Sb6cq/BcCq3DDiJK4=,917.0
consensus_latency,Cqb/SmH0Qs6hy6pG0A4YI5g5Uhv/DdijIQZvPhMvQNM=,918.0
consensus_latency,reQwYGsyuSN7tJSWd7Bgc+78RVgtxVhxJo3chi8C7NM=,918.0
consensus_latency,z9mFeXH9rPNM5Ww+T9R9X9v88+YOfkOxF9MxW/eyj3k=,918.0
consensus_latency,F3IYxUilAvUaQZ9TdB7T+EwAzf+Dd0c1DkFUh91AnU0=,863.0
consensus_latency,floauxRjl6Uc58+/DAT+oaUYMt1kca+/PI+V99f6/vo=,863.0
consensus_latency,sEGCotTG0NNrTgL5uhBm+iebgrbSyfSWvMrzDH9Kosc=,863.0
consensus_latency,w38defD667a5NIVBjQd9FgRmWbzoaIQBl0SUqrjiwqs=,863.0
consensus_latency,w4A0aW+PPRmA3OIx/S5J2EeU8ueeAjt8vEO/5ZmZFfs=,863.0
consensus_latency,VmgW4SKsy0pJJVa8mXqNr74QK4Z/Ht0ptb3wPpN4Mlc=,915.0
consensus_latency,anJE1fIVU3n0GsNNlAUkhYacKX6fkXspb25ZiELHJ9I=,915.0
consensus_latency,J4U7dMeFrZlzbY1Ft2cluiBE6Gap/qirlfiuhMb+MIU=,859.0
consensus_latency,QIhPD3R7rpccgczwguOSI2iOxAfijNGSWr/c7/OBito=,859.0
consensus_latency,VQAlBPyE0JNEYakaHUzUAj5wojaUdZOE/q4OxIdNQbY=,859.0
consensus_latency,Wko+eXQPEDFcJHNxFsTMb66cAQHYnRgvW6SYclYXzHI=,859.0
consensus_latency,qN6jVxlfRwK1HaBkZRbj/aMe1vjerf6q4am/4P2GKH8=,859.0
consensus_latency,T449EDFDfK0je52Bb06up5oe1IdlVSQOE9hELKrNpIg=,915.0
consensus_latency,qrv4TrO4FWsERa/uTuHdacEVvCq4MC499kreFki3jeg=,915.0
consensus_latency,5QHGDFQ+yCuBe8sR261KxksoNsFNRoH4+9CkzYfJQ1Q=,915.0
consensus_latency,mCP/3YN9LzWaLF9RJOLmgTSakpCUQ9LKqDYZTkcbrUg=,917.0
consensus_latency,sH9fjaSquocJG2mjmOkUsP/M7HZ7r209a11T6Hk3Y6I=,917.0
consensus_latency,3eGWq/f0Vovy4XGeYH04dmb4oAbrS36Njh9yobaEB7s=,917.0
consensus_latency,FEc5AFIH0WCXwx8U3EVXhY6RBKBq95CGqR8s+FGcx4g=,916.0
consensus_latency,PuXxx8yxaD1zGv9Vj5OmSHm/JcCChlu3TyJmhvEu3xY=,916.0
consensus_latency,UrrgYpYVdyiuNIxyFdNmZ1zZ0Tr4+obmnP+KB+81Ny8=,916.0
consensus_latency,/rDm1WGvD0Th+IlQmJH0OlzHl1136ZnWEBiEf2c6GME=,916.0
consensus_latency,D2mskvxW9K5n4vDbGrposu8I+HdASwvaesOAUEnygWE=,852.0
consensus_latency,RdxjeF4dtaHxcM2rjLqDgshkEC0yFrtGylpBLAyVr88=,852.0
consensus_latency,ckt93frYGikbzd27mJkAzwdxI2IFwaocFPQ1rN5KQwU=,852.0
consensus_latency,iO4YuWPR9vRWnhpOnkv7Jnzc2RDl/pjecFaSJcHDr64=,852.0
consensus_latency,0X3rgO7jP1MpCL7L4n4ZoTylkCve5SwkjnopOdqPlew=,852.0
consensus_latency,fdQyiNZWFtUchirGBEM1wJmx9iinqDMKxhFciYYACUs=,810.0
consensus_latency,0i02Nyut1gPFJqS1GtXPhwjg64aNshKL6l9rvLhz3bE=,810.0
consensus_latency,ByxjS/cdUl5lhzlUqcNV/fqT9xgHBKkagksOqM8slaI=,810.0
consensus_latency,vTeemrYoBX8/cfJm04fLF+sHxbNC9KoAWRJvK6wYM+U=,810.0
consensus_latency,MpAbgO72coXBrYIPlS7hxk5p2pqmQT7Onj/oSMiIO0E=,811.0
consensus_latency,wIh23XTFRHjTqb5fpviATlJ1KJYBP3ILTPYtUmrvD6k=,811.0
consensus_latency,VEkha7+T9trYRl5Xq9klPcxErtploUIrf/mn0qsBX58=,810.0
consensus_latency,dQmLtv37sHRCwimPwRo+LKysD2uwi0X5eZrWEHvznU0=,811.0
consensus_latency,aHeCrduNZd62OipEV8LPdMrmHyIriZrJ2y2wChOaPkw=,811.0
consensus_latency,oKKPfcI/VTVL2/his9/QEC54qhDcIIbhE8McdLMLa9U=,811.0
consensus_latency,OqiDPBl8D93gsiypeqvFbkABcXXVk57Mm0vTWOXoXbY=,811.0
consensus_latency,g6XEOZYyQ/DLrRou6DLYnPEuzrluZT15MtN73VbhmE8=,811.0
consensus_latency,HRbpo+WDZjnnloryB3ahrcPvAz4Fxyh3aonycBDLeZA=,567.0
consensus_latency,S+C57z/Nyq5j2aHT1MJOvaq1JbLTYqskeN8pgCYC7XI=,567.0
consensus_latency,GdWUW+yu3LmPRzTXzO53IaLRjTcIZFq2r5Vn+KoGzMA=,1516.0
consensus_latency,OzVwnwFm34jgWPKbDg3qsKtmlSV1eqfpl+7mO1bIVBc=,1516.0
consensus_latency,LHuPpxW4n1atOYFFJL85CbD9KnnN+GDAf199AZ16U7Q=,1326.0
consensus_latency,FXkkzmC4rt41mjlKE9Vf1/I4UYU9n5hqup4bnOBKTbU=,1094.0
consensus_latency,h+ECqa1gkISHCRm1XF1gSuYc8+qO1swor9uFqDURitY=,1094.0
consensus_latency,0vWwM5HEjxp2GMjTBNcJKmiZI0lJDfboHswR7x8Nd9U=,1085.0
consensus_latency,ZQawXBTSLJPPlQeBCyG5Yj1y2LjWhGQCInhDxZjDCl4=,1092.0
consensus_latency,Dm03CZa2kUEx5hqOHLXYrfhsZdivuT6qYsjtk8nKGCk=,1096.0
consensus_latency,vDzbXt57IVNCGPGevIVrzFlPEvEt1ztF4pw/EleqUfo=,1096.0
consensus_latency,Y0YCS3WX2s0KWWFFfG51mqK219Ev8IeUkrjdhvZXxrA=,922.0
consensus_latency,qU4KxkYcrli+rzufUrZF0W0i33vIkFEV3j+gPZ4zGU0=,922.0
consensus_latency,05Qtc5opZS/etD/Ohp9M67pyst4Mzil3p0fAuCkoOXE=,922.0
consensus_latency,DX+4Z/Ldxnb26VFh9O1WLofxidaNpE1UdHp/3OAPFuk=,921.0
consensus_latency,E+arYkuQrwj1XiU444/5Q7emwdFe1yiSHugwUgl3Ql4=,921.0
consensus_latency,gBMnxO5sWUzC9GKUnpENiVgvBBEiHAGrMLKi55Qtsqg=,921.0
consensus_latency,oOe3xAMIrahVW0y9eNeP7B+uBdwSBRxKBhy/P9aVWwU=,921.0
consensus_latency,FJYe1YfNWxhTybXz6/VBK8sn/EqAfhVuvFx+SOb83qU=,921.0
consensus_latency,q/24UaIzEQUEnoaFCYy5Fiy59wWIBDzWWtNK1PaXW+o=,921.0
consensus_latency,8v/H3xC/UYzCpmF6dD2XCGnPYMMCI8W/xlzgcO70deI=,921.0
consensus_latency,+sBRtjd3Bzhg2A6RqdLD3JkpFRHu6M+Eo7PJjULXuLc=,921.0
consensus_latency,SqzsX8hHE1lK/fpEkODk3r3rlkzVfP6Sfg63rkBv+Yo=,922.0
consensus_latency,USr4ys3NK9IEQLrfSvcpj9x0hqjuG9AW4V7Md0E+62A=,922.0
consensus_latency,rb2CV52CwE+/t6Z2ZPuy3uRER96CfOSMMKku7kyNXHk=,922.0
consensus_latency,xlvogtrTHrEuedY+dhm8YzsZe0OIoxqEh+HdcRpQIoc=,922.0
consensus_latency,GhqYsaUZbY+Uu1Hl0UIjzES5EWk81Q8hCEMzS1SWnvU=,922.0
consensus_latency,WambOR4IMNnRGZMYpOIP8RoIyieqmh5PSMlsOKP7L7U=,922.0
consensus_latency,e0IgMguutSEvNpaznxQzs1UvoIVU5hExlaNDl6xonIE=,922.0
consensus_latency,yfT+Q5JpDuttmCaKlmJTAD/Bsfb+7M1YxmoMyB3ajrE=,922.0
consensus_latency,We+qH++POQ8zQa98FRZxfRE5ha2hq/gN19mBz7KYs3A=,922.0
consensus_latency,kdG5PoV3/S3G5bL/V3pSNtlZqSPVG6hARaj6JBfiqTo=,922.0
consensus_latency,uOZaxcSa+jWlG4uXKyL2XixUEUgGbTthCGlnfRbcMAs=,922.0
consensus_latency,wCvRf8uwlaoSZ4d9SBlk+FjN9dSGBbBSPL0yGSYB67E=,922.0
consensus_latency,AklBzix0SWSvdhdl+o2SiPuSEZc3m+tdZWPVswHX2Kg=,877.0
consensus_latency,CphoOTnSX0nhz4FewJYE1LA5vBBiWArkY+239sfuYb8=,877.0
consensus_latency,QpZdm1d49qqeSOd97TWePUI7gxb7yzgZjokaH9KKEBM=,877.0
consensus_latency,pYZc6wlf5/9i3j2IiDMGXRjuhUX4LOX6dq/nS5/lThc=,877.0
consensus_latency,HQhuCVY+8CX0DFsbnEehHLsfvlb5WUjwC9E/k1RP/j4=,873.0
consensus_latency,YVv2cZBylf+/gsynEpTS7ilOBlXZEf1Ds/qKvzJoY9g=,873.0
consensus_latency,fTAbntueXeVx1LqLynJjHDli58wzDnQNyKoTjj8ULnQ=,873.0
consensus_latency,j83TPhMdJSrFMvXBO0has7Xkd+2RWhUHxLKJMHz8Gdk=,873.0
consensus_latency,F3XIWVo6FBNFsqGJael9VisTRr77SQBDnti3GPW0DQI=,873.0
consensus_latency,PKaqKvIwwiydn+/8krwLsLCTI2dlx+GoAGF+cS8WdkU=,873.0
consensus_latency,X+hsFpGQdYQigEgZ2zk7vcd98VGbKsXCwaV5FMCrNog=,873.0
consensus_latency,r1XixgqAclz6NNWpqK91+XXSAWlJ1tI0VeC5bIzJbaA=,873.0
consensus_latency,Fqu4hw4ZqvnbpaGgouWapuOneNvzOZLB1yDZGrMQQ0s=,836.0
consensus_latency,ueVZ9vHMsKqa/oU36bazfB5Mu1Ub1zuFHWOC1vor06g=,836.0
consensus_latency,OYt1Rlxepihe10B3IIGSILe6BihLJXdSGa9IQyHlVHc=,836.0
consensus_latency,qi+q5xSlFFivG7wYSd2A0BC/2pDomTuyTio1IG+EBPU=,836.0
consensus_latency,W+3z9UBqT6h03PGR5PYYTU+wJn61zL/4RBJifvJySkU=,839.0
consensus_latency,dEeG1aNxZHpKTgxVnNlUvUO1hvZDXPabg2/bvnLgarQ=,839.0
consensus_latency,ABvQ9c9zcifH3dcOcKWmul3mIjjkOqJz2WapTJZQFU4=,836.0
consensus_latency,yDNWJuwOR59dmG4vcnktwrvZFaBnhk3SxmjNUf+XbiY=,837.0
consensus_latency,gQ4Pt/tE500l7SI5hJGo87KyHx5fVVsgBD1+S6joe5E=,824.0
consensus_latency,A5oTnSdoo0yL1Flfa8NlU1oJi3mRg8cNFujM24wZmsM=,837.0
consensus_latency,eSSUGz8sioIm/fjykqbJYHrZH2gwjaxadT+RhvFGID8=,837.0
consensus_latency,MkKXqXsbvmI4SiLEjvFtP4KPh4rbGzucNORVnJ4efYM=,834.0
consensus_latency,y8TEdjXtry2Fh76j0Y6CPfyV4LKrV2G9qy9EwVzWN68=,834.0
consensus_latency,KQca9SHWpdPi6tB0xIQPjPC4/zWdyfV413HsoU5oLp4=,564.0
consensus_latency,a8gJQHj1wOW/1DPq3wdMoD0EN7m6P7xTDkeBz6ewzEQ=,564.0
consensus_latency,iXeN6SZjoEI31Vbw7qHAfpZQVBS43MsRNAPrWzDe/HU=,1506.0
consensus_latency,RdhOzU5e1SRq4WobEep7DZORUGTOO8ittiRxjYvE/sM=,1319.0
consensus_latency,7IMRQFEFKhpiRfRoYonE/hRaY3W9P/DIU7PmCErtKJo=,1319.0
consensus_latency,OLywlJOoTmN4XVyyGuiGmFENmv851P/v8IgyzUK57E8=,1323.0
consensus_latency,Mv4Ez3EMBMShVj+CTPK7hJWIVwmz053FBBkLEP9hvT8=,1061.0
consensus_latency,NatLMcl5bUiT+9zRF/0tu0DuUbgiOMm/V3YMfq/1wMQ=,1061.0
consensus_latency,8fgiRqcZLsNBAOFpsBPtimE31YDo2h/sVbgV26POKXM=,1061.0
consensus_latency,I74E5Aye8bbG/f/UrK1j999madXL/Nv20HB5WWgOalk=,1059.0
consensus_latency,ran+es/C65VJBJ47jr1BzbyNrHPAylbVP+TMdFOphDY=,1059.0
consensus_latency,CxqJ0xRbLuKryZvx5YVSizkrYgBCON7ZnDSzF8XZnQU=,1061.0
consensus_latency,6U3ScDMndWDLZJHjpmuA6jxmMDPvaDN3nhabR+FfaCU=,1061.0
consensus_latency,EL4eYFnIIXCXl9n3vF+jCJm5EODzlytW/Dfpc6HkNWo=,1062.0
consensus_latency,TmVKf0SMP4+p18RHUJB2Y5lfwoF53C2i1lZTi/QqT2w=,1062.0
consensus_latency,605E/AZ6iVigAnQxuGKGGoMFL+21/9A3I8dxFJb5QIM=,1060.0
consensus_latency,8Aln8gjmCboNqT7gKQVsnhVlVz9zFArIAwwor95XNJ8=,1060.0
consensus_latency,xhr5nFVeb+r3hbPNlTqpQQanOTae9aJJR4nCy9nU2/o=,846.0
consensus_latency,zotaEJDGyuUf2hDze3vxB0nK+K85VXIY1xdWC4dctH8=,846.0
consensus_latency,6/2vtVsf7W/o965+AsotIIPNQ0YrLCMfqGIGMRAJIic=,846.0
consensus_latency,8KARcdheOZ3gSQx612s+WC9uEBFs8KC6TFJSo175vXM=,846.0
consensus_latency,U24/GwzcYeY8Q4FgZF7tW36uodmUB1Sz/VKeUgXPvE0=,900.0
consensus_latency,+kHTRjbi4OCqy7vrZ8A92mrHHgV3NIhBf8frxrtQDJw=,900.0
consensus_latency,Gt6jqhSslWbY+4heznkzyDXcUchIPV3/BPw3SjlMUv0=,848.0
consensus_latency,kWY7IzVTCwyePeq2eOxNtEFT1m0Qld3chtbma3eJmjU=,848.0
consensus_latency,ndSrWQMHtFcwwhCdmUACxZMA5DQpaDmVIxZNK6garGc=,848.0
consensus_latency,9Eoa+fY1r+N43ddHZuukLyR3ivgScWxjY4M4b7t9M+4=,848.0
consensus_latency,S+x7izFH/uYuCgEt5JQuimRcD60dIg2IaLqCJA4hp/Y=,899.0
consensus_latency,eBwlYKbML7bkjLU7sCGVrIrfzShWuZrVL5aSb7mMOZU=,899.0
consensus_latency,mPWfo26KX7DW33y6ZI9eBSuzRMuGS+RhsBxKRrazlA0=,899.0
consensus_latency,0DhL4tBhCW2aHATlIInN/odYQKKWpcg6TpuYNDXtsAo=,899.0
consensus_latency,D0ncRQCAMSskBgnvLiWyW+hdCxUigaYEN9nLcg00WNY=,849.0
consensus_latency,Sl62aPhx7ZXupf03xTYc9vLxxnGwibUkEKwrzhlFwic=,849.0
consensus_latency,sEvvuleWZ4WsFz1rQ+xxpXzBwIK1jAbg8E56qof17/A=,849.0
consensus_latency,6ijO6pIQa5MOzzuRBbbNnu9CPiIRQHY78kPcWMN0oDU=,849.0
consensus_latency,eOH2yhAFP5d2f2inlWuP6VuTsx5Q0GHRSZ1/IRJlNKY=,900.0
consensus_latency,o9uJs33bvy+kytH31VfipuyQPCTZj4MRAZGbDWc/hIE=,900.0
consensus_latency,tLSNYIFPWt2dQZJYqB3KVkPtgFcIhmdHu1DgFUUjn+c=,900.0
consensus_latency,vGX5QOx2ZvJZSG4NDFGRusw8lZp5vzFu1dLUvcxZgd4=,900.0
consensus_latency,UCzGmCk9Fcc3oV7ul+rib45s9AA06CClJVGTHiuHdao=,901.0
consensus_latency,gUyT5bMRmcFYcZ+mzfzyVLgKveuEiUBMBHzMdVuA/UU=,901.0
consensus_latency,xGvpSnzQru6V7Ffgv8Bdb2KFahgtdkYZw46PUc5I8hE=,901.0
consensus_latency,+XxKtA5fTCRhqbboBIrKdu1luMGJ3dHK9ljgy8eXmlg=,901.0
consensus_latency,D8nSSpFujEvcyMRQ+wKuqEEO53zeg7HeVuVyl4xgU2k=,899.0
consensus_latency,UBqv2QcFe1zNPmqj6J4r8U5MfFP6anar/4Bt8y197p0=,899.0
consensus_latency,35zwcwx/je7qnvj/GtVWWXlYmheYJlBPvpJ6fLuLRQw=,899.0
consensus_latency,F8hVIC4ZM4jPgSPU6033yQS8+URtdOFuYNAEOUFbtuI=,899.0
consensus_latency,NR25o6SX6A9b5Vvdx7GMwcsmR4i/vediuYIEO6gSka8=,899.0
consensus_latency,Z/yUFKU2AFRdpececb5bygh2+Y/66Ob3MXebnHJ35pU=,899.0
consensus_latency,TFUbp2UY1mGrjdgde1DpbhjzHPN3ggqIGYEXqXfmumo=,820.0
consensus_latency,p9NCbrDcJqi+r564VV4Q9nudN8yRwiEq2x+K2li8Ze0=,820.0
consensus_latency,Vztiekde2d5Cf/sDyTnJNOpU5Bh0Gg+sAv8VxM9Sx0E=,816.0
consensus_latency,9AhiqAvhNs4hhC4+YVBnxvsiTTuIj1IJViL0lOGnG/s=,816.0
consensus_latency,Z3CwUENwIdqLBko1l9GsVEqq+EA76KergtttGceddX0=,816.0
consensus_latency,dKOpwZaB73263EshQiRGQtPLNjzYsq963Px+2w6NCSk=,816.0
consensus_latency,piqbYDmknn6yAUJPVz/v8PvW3bMOvUnputcFSiTQlOM=,817.0
consensus_latency,3Sti0t3MZHc+NDsgyPWsJkCM5p1qylo6fuuoFMEXkiU=,817.0
consensus_latency,aBue6NYByxMNo2wELOLT7hrPhn4RIaDw3qYLMWJJfp8=,817.0
consensus_latency,z85didxJLFGpCVC99UsmZeETNiBrjlpmiyjEMrFeQSE=,816.0
consensus_latency,InlPwE7PkHkYRgUjBziveRBhMGKzVovq6fJ4RwU0AlE=,797.0
consensus_latency,qtaHxMlVs9nJK60Oa7rwk8/MhaB9UsS2eyP2+Z8i6kU=,797.0
consensus_latency,OD6QIdQ5r4GxTarMBEEiShtrgn0SOVRC0W6EdA2FIVU=,817.0
consensus_latency,8DPyZYoVQ8w+qYBdcGVnaGhxRLCbLUjSCVnoOVChdXI=,817.0
consensus_latency,CFQ/Mcdv9C165tRvMUokTFgTVM3vQv/H2TZjPKFqaoA=,546.0
consensus_latency,jiyIGQJTU7d/YiQ6SecZ/uCr2Lpp5BtqCD1hqG+aIyY=,546.0
consensus_latency,YvEofUJMdCKf2HVQzwaI1ApN5j2OV5By2UkMblpFpnQ=,1853.0
consensus_latency,sBv8J0YkHJvx89E9V4jRWtnK9GgLmIdhaPfb1dHkXGs=,1852.0
consensus_latency,tDrBxC27xJGIcIrzESoqLBN8UhBwf37lev5rULPTBm4=,1852.0
consensus_latency,Usa6pBqp93lx9LJQOAvus7Nz8xmTFm9Lz30BPoHu1RQ=,1602.0
consensus_latency,K+OkII7PAipVvGfzwEelCPYMgGsgCMBkT8Tk4qYNZT0=,1591.0
consensus_latency,8n/mR7AQ8XN46Q4rBYSpX6DXydwIj6qj2J0IK74RZDU=,1591.0
consensus_latency,mOVKWAQkfsOWHJeic0uct5hrtZ8LO6SWzqyon5tBOQg=,1587.0
consensus_latency,yilvt+/jPNMst1MZBqp7qyqBLYEVjuoR/tGEJYNmnL4=,1587.0
consensus_latency,RzvP9itcEB1qMlI4ooJTgT6yqyvQOuJdvCL59NXmDks=,1598.0
consensus_latency,yyrup0Tp+N/eMZXuTwonLGX0NiFBXwW5m14H4JGLSrc=,1598.0
consensus_latency,toF1MQJM+C2s3uQwhgeDhfbAbAAjd5Rr5lZaCkCLM5k=,1600.0
consensus_latency,EgkpG5ijORw4MrBAAIt9mTjsMuTVWldC288RE63arV0=,1599.0
consensus_latency,8lCYM09zV2aEYJUQm3eqJn0pqN+ciXBnuzWUPQLOEuA=,1599.0
consensus_latency,DIqey4yq2LMvUhaXiDt55hVjF/o1AeQfOhIic5mPRDg=,1430.0
consensus_latency,MX+Su/EF276JuAJVU2uHnfLuQDHpjQjkm+ivWVfUiMQ=,1430.0
consensus_latency,SKSCutD5RpTe/HKPlMoxe9rqYmJ5WH7M4Yybwt/XL6U=,1430.0
consensus_latency,l64gDLJS6HjJMwClB+RZs6xf2V5KoTI4b9s9MvsclRg=,1430.0
consensus_latency,JY11pLcKNYEJdZU9k2Gj7pFWnLPe3JtxKXvZ6f44T6I=,1379.0
consensus_latency,nQIiQxdeTGNDFd2PNH3W8qvff62zROM122rzD+zNvjM=,1379.0
consensus_latency,wGlb9cwf8LRG9jhmKCGZn9zfqI9qFvn6cESfVRUd7Ok=,1379.0
consensus_latency,29AGhtbTOJ1u9GHY22j1KR0wzhHbjFUuhd7eoM0fjvU=,1379.0
consensus_latency,elLtZ5D/jNrNCw0Igqx7CyvEJQuDlvD1As4KiPZRqes=,1431.0
consensus_latency,whz1pguIQrCs03+oPfgoDOTlJzQRPDzaPeZiwFrSUxM=,1431.0
consensus_latency,EAWEsN6PZ+kuiIDYqQi9ErfN68lXXDd0WSLuk9RTpvg=,1378.0
consensus_latency,I1fZ+OK9ZYdXpZFvU/zDZn/rkaCINwtkzyXL7AcS0Jo=,1378.0
consensus_latency,TB75fvHy2ahq3r94iCqlVqZlBJNqj0K1tfxTiJDFnQM=,1378.0
consensus_latency,WBV0t/dT128Un4XvlDoYeAmipoOp1Vr+1bOAY7sZz/s=,1378.0
consensus_latency,3I93v9StBl69xi7lRYQe+rTTUzs+JhLajCaOetwG+xU=,1378.0
consensus_latency,BsJRdnGMzEHY66XR4i2faVVqwjGqsjH8VeRSY9p5KjE=,1431.0
consensus_latency,q0r1mxosBpSKGVMiSR2zMZBaFrjR88HYbJESBOC9JrA=,1431.0
consensus_latency,2l/74JtD18ZXolidheoBw8nGLWvAsjvvGhbG/M0PXpg=,1431.0
consensus_latency,5rY+CxYsNEQIYE/lRNaYcG5elZeVifpcbb9w/XhQCnI=,1431.0
consensus_latency,YEzeJ+p4aRYkVKyjBOE9qQkcu1xwer2BFVanupIrY1I=,1430.0
consensus_latency,hCMLfOtC9RAvtN893R+h0RA0kagUzPku8ltnQsuhf9k=,1430.0
consensus_latency,A9ej6jyLl03Ls+XIJ7GcUflScMOQrMMWNgkavYok2bc=,1431.0
consensus_latency,Ea+x/2FFmXgaAkyN4oYzED1cMMjHAeUo/XZ23F8SfqE=,1431.0
consensus_latency,PKjG5Jtpzw5nXq2Jzp4Aiplq062ZKjqbjtzO0+VVvHw=,1431.0
consensus_latency,hbtXeo2R/8V+Bg6oZ5xylwj7ZC0nwQQB0vGGGjL+5Dg=,1431.0
consensus_latency,RMGIcCIj25jOWCaonj3iLt2ylCnoetFNPYk9tMQe8pg=,1377.0
consensus_latency,S0Gnux6/hIpo1eAQWs776Pq/a6QK1vgspmijAu+2uAg=,1377.0
consensus_latency,ay9lDQFpGK9dvywqZ1sXGYKa10H9PH+DKF1i3u3S3Io=,1377.0
consensus_latency,/8iMf4thyBlTIip6Ng0wdUaltkV3PrOQ7A8H6uhn1Ps=,1377.0
consensus_latency,BoGG55FYQmrtbLVI0tSCkLkzpcslPYBi5bYPn5QhK7Q=,1432.0
consensus_latency,XZb/FOsYHaz5h4xsBYBSeJcAq5LFn2jdxIq8ligMcmI=,1432.0
consensus_latency,jfRs2AFPwIUXxbi2pjlnc538yQ7r6St3/AOcLy+yFwo=,1432.0
consensus_latency,lD65dxuPdR5e0lR6ncFb24rTAt6LL8pnbgrasIcCQps=,1432.0
consensus_latency,U9P0v4NIroYELOwnvC1xqmghAZuvPVHSqAvhZcS8AKM=,1327.0
consensus_latency,PBGaRPBRbMN62Gy7ntL7eRjMMc43EPc5txstJzilNf8=,1323.0
consensus_latency,13FzagHvw3GkHmXBDv9BcNCyoLPAY8M10o0ZJY6KJ+I=,1323.0
consensus_latency,M+FLm+98p0pO59CdX1tlj9/YRoeaXyaLy/RuWXVnHdo=,1324.0
consensus_latency,acnN6Zp3BM2Ruoq43DIt6YeR7i+NH4t8fSXUzBLT7V4=,1324.0
consensus_latency,GggeUg/ELU7W1c4xxFsZ/NLy2LJentVsJ6Vl0icjTJ0=,1323.0
consensus_latency,0jEeyYjt9FhHK9E0JZxBim8FipIHIB19SUiSNa1F9oA=,1323.0
consensus_latency,KTG4Pj3nJNkWnZ9c1awmoKooO+Wp9kOllYEpa+D9Yak=,1324.0
consensus_latency,mnfrGN3XBfGnQ3jJih8XTNZcDL10Atujdt2vYNy8ljw=,1324.0
consensus_latency,Fwc4J4gAsXsueFcMihnH1Ic5XRNpkGtmG72WkLJRVpk=,1324.0
consensus_latency,UnoVW2AqKSUqN1PKTYDiysK+QQi+bm1B10BJCBAp0Wo=,1324.0
consensus_latency,RIw4oce4qSktO0MHoap9xUmdZRlGM0IZ7kYcMC/0v7g=,1324.0
consensus_latency,ga4Y/0gIe7gjxY7k3vZTOb5RKpiWafQUGH23cC86J0I=,1324.0
consensus_latency,C3K0bJTt5WAf/AsnVD2TiXoIcOHhrzvQoeBdnUdkus8=,1103.0
consensus_latency,DUhXg/WF9X1ww4aZg9U2gfoVNJZPzY5WZSjNyKbIEYs=,1103.0
consensus_latency,y6t4WjVFd9IOitQaZ3SIrw36UjLV2b4/rA8AT2obPFA=,1103.0
consensus_latency,0Xgu8ojJht7T84sNLNvn4UU53cJM6znzGJlr3F04CyY=,1103.0
consensus_latency,vch+hsJ22LB8OTHlv5cfdJBMUm45seOhO99WjNdfIbU=,1094.0
consensus_latency,9FTQAEslk0IuvlP0noeFE+DYraCch53B381Pmg9Q9iI=,1093.0
consensus_latency,x1F+XSC2sjUdEz//JTNt18+DYvfT5FIjaxrOLACZXpI=,1082.0
consensus_latency,OwsZoOeapnh8UtsWqmINREKZZ7t6qTqHSzuxAhthXSo=,1085.0
consensus_latency,QORrbLYlM5eeSUsvHJ9BYZ0TaygL+TGPVXah5AgwD6U=,1107.0
consensus_latency,QrE2GwBg0lmFgFf3sb/5ZUJdlN1HrzptykMqw31V5Ik=,1107.0
consensus_latency,9eTYTizX5BUqmZ7t8bqINlBJC85JM6EafWNmS798Vg4=,1084.0
consensus_latency,W9kKUyJuJ+KnaifWJEXlvqb9r9Zz377PKPP2cgbFU/g=,922.0
consensus_latency,g9vKDZmwx+Md58sSndHXHxt8HC4Ad4fk4L3KZTH9lNs=,922.0
consensus_latency,4VH/VIdejOQugOL7q8zkY/j9wQIdhS4vfHbCKFqpkzE=,922.0
consensus_latency,7YxsSX80qGRrouwGh0q4iae8DeiOLYhy3eDCOOSJvw4=,922.0
consensus_latency,DtqovUTGlJYpWMJSXtjvkYHC9G3mFdD3J3mkjg1L4Wg=,870.0
consensus_latency,IlhA7PZKn+zuhdzyEnOBKA62WNsjtKdtTxU4YIbZ1UY=,870.0
consensus_latency,Tf9M0U2JQ4F4Kxl0JECV3+HbvjZiawFISxWLuVfHfkY=,870.0
consensus_latency,eJUW/7Xzf/pUso7pRuLcJS4PI4YwEhzBydjRKs2R46k=,870.0
consensus_latency,BRLY9RbZ1lOfWDOF2VvpcS0+yCsFXKKLTKGTCFa18pA=,923.0
consensus_latency,xEvNyD1ph9/fbQ3J4KjRRQQO4C/djUOdu0EqFUN5aUE=,923.0
consensus_latency,35XvH7Rc1b+jOvUI+hVfuRJKdN7cOZkuTyVmJUDG5r0=,923.0
consensus_latency,HU3FnLz9jyIEA/4G6yPe8oA2CgWQizVUUVfPDTSOEvE=,922.0
consensus_latency,ew2qfHCLychBVOCDVuEwl2rvp3YoqYxLt6ODiykOO0I=,922.0
consensus_latency,mh0+1AaPWRTwPObv2MopwafutjRNkV5DAOjNmfUfUNA=,922.0
consensus_latency,1HahDUV/qE0mywzgtQaaPzdzwiDloAPEf4khG+OGlo4=,922.0
consensus_latency,Ax0kYghqVRQhgJroqrXQy50rRf9ircWBgs8gBrKJnYU=,922.0
consensus_latency,KW8gnYpWenXYxS1kXDOOEdxxpTV/8/yp6XVrJdsS360=,922.0
consensus_latency,zG1pDpRohu0+oO2/L222BHOhXeBjHswDsUJduvJo6bs=,922.0
consensus_latency,/qNMVqBrbbvorPcpy2q2zVwOsoGJ10rg/9VnI3eBww8=,922.0
consensus_latency,AinM9N5qqptQB3rVrufUYM4mcKhP9xDtpnHe0Lb6tAc=,868.0
consensus_latency,WcXF9FOjfx583NYUF8sWTFjwoI/89QFDGqfCD8UCapQ=,868.0
consensus_latency,fNVaFlGbOmXCdxDgukgbNuTKWg5ELGuMEvQ4Jv4Xp7I=,868.0
consensus_latency,fw8/UAkQ5LL8ZcLkqZ3fwrQuX91VHoXTA+HosxsO76c=,868.0
consensus_latency,0ipo6Zt9YGco9RgV4rbt5hu0Uwy71Jydao5ezYI49Pw=,868.0
consensus_latency,G+grTnej/nbemhEyshl52jELn7aA9SYuch96qvgtBEU=,922.0
consensus_latency,NlfA1PSW2I3Yq8pv2lyC0cRRtoeCPxvzvFlHtwAzyyg=,922.0
consensus_latency,pUyca+s981m6SJRzhyhfIqJmJZN9mMVWOQoeezHybKI=,922.0
consensus_latency,yzoatH7uyIhBqml8ubhhtB7dDfVuYZ5Rs78pn4fg8Zg=,922.0
consensus_latency,FPp2aNRJmTS6gD5uWXDQonJimt0GZEg1pVYFyYkghjo=,869.0
consensus_latency,F2ZcxeqfOQwQiGg5B65AYz4btArCSzr7aSryR9W7NYA=,869.0
consensus_latency,0Y9Zil5SsEU7prFINrhFNYZqphC2+xptM/N+3JWKNPo=,869.0
consensus_latency,4dNHE10zOXKFQ6cKtS99VMbJxg6Mo2J/SGVaY81AQBo=,869.0
consensus_latency,9dSaYTuLqsi/8vLdrifOuwyULhspUF9NvOmIRy2nPWo=,869.0
consensus_latency,EqsxS3byLxAILozYxdTyZWMVhh+roYyI5nl11QQeZFU=,923.0
consensus_latency,REh6yqO8fsI5LHy+OZ3ngo4jHd2kNoQ73cUHATSFxnc=,923.0
consensus_latency,TdQ+Bz0F6j7a7dVVEyaz1MjdC2x2G73uh2edXElgF4I=,923.0
consensus_latency,WkIb+fyjhuijsyvEi77DmWk6o6BpZZRF0mxcAiIl6nQ=,923.0
consensus_latency,NLiE8d7oW6nyYsaQeNgcJIY6+pCt9XDsRJnlyGW98Bk=,855.0
consensus_latency,oHF2xzozbsM/vrMPjvRUXeEfY2Fl50hCOvxXB3LjUDM=,856.0
consensus_latency,mqzgfz7IVPYqKlEfhQTjaqn8VuokksUHXQ/k2Jo/9u0=,821.0
consensus_latency,b4DI/7CCnUn6wyuuBAYhrGyM8HZ60ORkg8pG7Gk2oyg=,852.0
consensus_latency,jMzUfpcuzwIP2thFUfvD0YCU1Hyms9BRTAc6L/NIkDU=,852.0
consensus_latency,uRkvLxI/Hat/qHRj60S/1T6GGw4fmr21BIWAV6x2TAE=,854.0
consensus_latency,7qwX7KBBQ8hL/9TyC9XeZGyfM2JZ1hmxi+eXuNmmTPw=,854.0
consensus_latency,HHyF3Z9YHOECyYG6U/gr5D4nMeuq5cQZZ//UFroc97U=,854.0
consensus_latency,jVeEewuWzaum1mD6RLwUJnEfILHph3Hh+CjBAY1Tbtw=,854.0
consensus_latency,xLLH3b7ZRRutyvnYqVQr9uJZl6eOukzdfnaLHeZSJUk=,856.0
consensus_latency,//Do40YGM48HzUV23AYxxwMrgoRf1bqlKzpYk9CgsFU=,856.0
consensus_latency,bZ0gIW1sL+i1yQn8hUo0kI/HR5AL4vciYmMkAX+b1+s=,852.0
consensus_latency,iBbodTHEkVCh7LHrbs81agneiqlg9ckH0j0MqE7/GIM=,852.0
consensus_latency,5863rPvmxehhGa5duW42gcintx2Jmjcm4FTJxjUASWE=,592.0
consensus_latency,moWzkqv2WeFyJH1LGweM2FjPOZwJWaHHltBSpqEMUag=,1365.0
consensus_latency,gbk0fjgpESnTGT/rsFeMxIN5hlpdUUKEjAAVa50IecI=,1104.0
consensus_latency,x/wDa6EVxCr2C4/uTqe6j8FB5ucnPQR61HMM6MCM/nQ=,1104.0
consensus_latency,Y6Z9fBggKr3OrbkTysdADqlORQud3q3fh3xGz9PafrM=,1106.0
consensus_latency,lmvu8dIPu1GGg3KmmjEUwC3CJdoqw8U5V1tj3YVQA3o=,1106.0
consensus_latency,8b+I67zRJVVoZZo21Muz3p+gHe/SFvsfWQ3GSb3bOGM=,1140.0
consensus_latency,nN7+xDPpWebrdQyOUHZNLYU9JW4+M1okQuIq9wp0eEk=,1105.0
consensus_latency,NzIwX0/71Hvhx9WCXhCuFqQJoqadJxRHG9qxU99voWQ=,951.0
consensus_latency,VqPn+ERdx2Xpj0ksBRtK6hl+fOhZeJL6QDouK1hmTSE=,951.0
consensus_latency,h7gJnJHDXl72ISbjzAX41nrlqkPstXeGlcbl9y3NjkM=,951.0
consensus_latency,muqKkkWAR4bd9aDoCwgZqHd9tecTSTiCEEH+fOCIrOw=,951.0
consensus_latency,JC+b7UlUCgexIGR/YM/4PwNZ6vw3vZKuNoQ1VxHc4JA=,950.0
consensus_latency,qHVENoakH9fn5I4z68GNZ6T1q1XCyv+rK0ACfeumM4I=,950.0
consensus_latency,2L7f0HR2FReba5mhtiG7YUT1FScjiSqWgNbYFcAYoxg=,950.0
consensus_latency,73qb7qb9/7hnRZhqCVCgZvljh0Q3tEe2mJe1Yri5+Ck=,950.0
consensus_latency,KhukEQ2YKWfB5YdVwgNfVj0COYFHjCWiFU4bM5aXS/4=,897.0
consensus_latency,US45qVMdQTQB7rETNmMjeOK/VZM99iSG7J5v2TuMF/I=,897.0
consensus_latency,x/eQq87emQ0DiqHnZC2ZyfUlPD0yz0+duboU2A+ZQ9A=,897.0
consensus_latency,/rGT1dbDyZmHAMCm5FwOoKwffXQfrkZwuiGqc/A6hYY=,897.0
consensus_latency,K9vsAxV0aQvbJY9voGiSSgKk1AxmxooA2rFDNhqHNEI=,950.0
consensus_latency,X4gsjFbszIlgHoEHy4yIvagZl3MwTjlmP1n/qqwpPeg=,950.0
consensus_latency,dYFHtTThWtCCHM/dx3vQyKtCKiNp+QSI1dwj/tUrcHI=,950.0
consensus_latency,xjDkFmgRbBFCJbO4Hrf3bhVR6oTH5XLXBMfmiCjXlYA=,950.0
consensus_latency,Ku/g2zQqIgOWlntRZdykuV1sK3oyvzw14JQFnbMpNLE=,950.0
consensus_latency,pzogIjleTij2aCRoyHh2wRgxr/WOY0O8E+dui77WfPA=,950.0
consensus_latency,5hP99KXmd6Swa4wS7j75PvqGAVjZ2OYtWMf5/Qt2Rho=,950.0
consensus_latency,8fB+tC5T5ohAjlZvEMjuHv2S1dWsHa5+u+DffqP4lBg=,950.0
consensus_latency,cpTpvVYAU6TwPCuVDPEiO/tbqRZosTaC57vZwIvdi2A=,950.0
consensus_latency,1fR1/llOrA88BSqVpmMXI4yBf+p0/HQqJS/9HNj8anQ=,950.0
consensus_latency,2mLFUwSlaZpIi1vxbrR2z+R1HuAarzFt25YRWyD6arI=,950.0
consensus_latency,6PJ2QLhdSQXRWozzDKyxh5YkZgNIMUGsEodk7peon1o=,950.0
consensus_latency,KHtW3+LNfMCXz/BH0aIyx71t47v0MgNihErdg2rLB1I=,950.0
consensus_latency,LTf5qjbBvT/1Ww2MfqArjNECRamrzlSrEuik5Nmx+xY=,950.0
consensus_latency,OSrDBn0dHgYIyEXB7nibpcvP6iLREcd2tckOvyFF1Qo=,950.0
consensus_latency,wygkar7+JQJPqVaQo2Z20XaXXO6KAzyo5waIBlGEGtY=,950.0
consensus_latency,5M72B2EJLWAjj7M0fVmMmLe8bylg1zfFiMc5yEG/oC4=,950.0
consensus_latency,CGF0o5pRq2ezerhrSR1VmZk8lieRJozaRIABOSjsFos=,896.0
consensus_latency,3YcbjYaJw9HTt4odaXim/aRqcayOGWP89qmKgXuu+8Q=,896.0
consensus_latency,7F7dY2Sya+WcFYNcFPGlOeaa1BHhyA8dLKLyxjHBIdk=,896.0
consensus_latency,8hmKMisv3sStuMJXGDOrE9105xpSAwJbNLrDRisxW8o=,896.0
consensus_latency,vUM0CY8A9z27FXYbDuYzCSOnxjnX9V4HUh51yHDeKv4=,847.0
consensus_latency,WOuWbfKkInAA593eY0KWbXkfQMJzYTIl8+zZWucbZQ4=,856.0
consensus_latency,uO3bjHI8gztlWkuqhYhwygERj4UACK8U9TyxRwqEmn0=,856.0
consensus_latency,EXgsE7zN/+0MD2y8dSDm+wx679EJHrf+3xaZ4tUFTO4=,856.0
consensus_latency,EqFewyk/1mxjxNhqmKaFuxyoqTRDU5MBeuElyBAjeaQ=,856.0
consensus_latency,jVAbKhTWeeyL7h6YxXiKP2v9SyuqTuPh/oBhAKjP8G0=,855.0
consensus_latency,xVYY/XtAgkSOPISeGulfVbB4FaQlMkziC0wX7YcSrQ0=,855.0
consensus_latency,G7tq7qAQOab9nIS7baqVKn/WmG+9gC6LBabWHAnwQzE=,855.0
consensus_latency,qSD9LCu5A7m5V7vi85oRcHSz746rWjEJZUPkOUWuBzo=,855.0
consensus_latency,mqfIEoUTsTS/XPVg7oUkheeMw6ahjE8zMBo6BJyw2NY=,860.0
consensus_latency,cPkCNRQ8lEOAaAd/KyTwCa8oKxBf04lX7mxDwdLh+W8=,858.0
consensus_latency,vjhiL4tuM+Dh/7du/KyasTq6PYQx2IMm1pWVQRMaKh8=,858.0
consensus_latency,O9UACvJ4jwX/fTH/DlJiqwM3R95mKFEmHmKWCjtVKfs=,1402.0
consensus_latency,fBcUmrypu/ub62Kf6kSzQrSf7VqBZYkjkgGAygL0yg4=,1402.0
consensus_latency,4af/7vwXSG4AAc5KI7uB4YH3LpDY+4AnN9vqbldxKrc=,1402.0
consensus_latency,5a8hB5LbxSB1ZDOmAgdVr7Gf5DLCgLcqCluMM5XD1F8=,1402.0
consensus_latency,/y4fimwR3+F9049G4KZi512Wbntet4s8JqJCQv5BprE=,1131.0
consensus_latency,YMAjPPJKsNiM/cs3thSYD3VgWGPAKwbH76980C9CrBg=,1089.0
consensus_latency,Vkj4+ctf3e4qAH+CdWu8WJevwaM3Mc5UVb+4BpUANMY=,1090.0
consensus_latency,N8gtWxgkzY3MTVxapTSp0nksyEGh5o3gUxnqbwDZwdU=,1089.0
consensus_latency,hqCFXBjb44pVxM+nh9zLBOr00XOwNeN3zFtxTjjVQ8s=,1089.0
consensus_latency,OSHrMmQhC5+XCEWqkq6OWc0a/413iQH4d29DoOsdQrw=,878.0
consensus_latency,VIMUThr736YUT9cYoW6UzMEp/T6MVpgJyMfW2+mjlrE=,878.0
consensus_latency,oOcnl3Qa7Dt8ay6kNivTavgLXQYLc7355h5+rg3Ssh4=,878.0
consensus_latency,7EK/xj2rVospny1nK5s1d5xQHWTvqztktOpSbIsuCEY=,878.0
consensus_latency,V1F/qQab44vY1Yp1sNvJZlqhYkFuV/XTuIq3/UQ/WK0=,930.0
consensus_latency,iayqt9YGrgOvvXDGQ2lrb+nyfFxUA6sqUVC46wEqjLg=,930.0
consensus_latency,jKLqqifxBo8IZGPAwvTNHeauHBFC8fcSd/r2jiXWxEs=,930.0
consensus_latency,1L26hemmoW3fxHyvgGQak3C9zY6OdPeCD9ySxU+UIPI=,930.0
consensus_latency,nh9c57yC8S1R8SjZfcDSM8uiXgKOCB9RC0SkwaswbHw=,877.0
consensus_latency,tv/QbWbDYfSlQiXPxZsKNGPZpl8WurDx42cDjqWpeZs=,877.0
consensus_latency,twkQhFTwMCiCaTZtJRCy+yXSGI4bU6Cigs1PsAljHKE=,877.0
consensus_latency,8nkofoUS496xc3706zxuUDe/TgAqCEV8Z1+gxnjjwzU=,878.0
consensus_latency,e+Opt8huMDyh4J841DzeeD7+f/SaGD45Sh37LC30v64=,879.0
consensus_latency,g+KRjDltq2AR1a2kBLWjd+MKW3rc6UhcRJWWdcHNPSY=,879.0
consensus_latency,jkmn2uolHGBT7tRhgwZ5BWUsm4cQjcXGcTIztZcMBhk=,879.0
consensus_latency,yFWukQKjZHzdQpdaOdZR6As8fJAW89dvHSQHs/tvtYA=,879.0
consensus_latency,4fyzU7jnmQqTNydud4d0wBwzlEh4gnDNIEotSVi87EA=,879.0
consensus_latency,KqQqc30X2+Vb3Sjk7HTeizY7mbA/t90zSCdPqcgyVOE=,931.0
consensus_latency,LjAJY9mNE4O2a3dauJ3xMIckzMtRvUuoy4IfX9/KPxk=,931.0
consensus_latency,wdrbFZ/lpvr1lUI3mY4W0HsbHR1+FoZNvVZ7Y6W3pvY=,931.0
consensus_latency,93Gln7QSuEZfcn8kWdLNsaLjbQIW5hvcbLPTPhk4nLY=,931.0
consensus_latency,O83/yrsM0BvYiBio24LrGBYRySt5qFd7BtAMlo6Y648=,931.0
consensus_latency,02fMAXIdbcIsGN5qiVDQ3hLfiPCI1PdHkPhgRPh1Ri8=,931.0
consensus_latency,80qx9inwCHgx134t+XQp1MuYgKCQcP62gTB0JAR4WAU=,931.0
consensus_latency,+S+hX12cq45NMRfTNfAQYViN+qFKm0h2SIzlNUMU8QU=,931.0
consensus_latency,AK27CH6fNwerqnUvq7z1NIKrGCQeuc5qMumj3YUiA0s=,931.0
consensus_latency,JMeFyIKWdNVIg+Q1mtuwBOLBTt1oONeuBsPkZJ+LtEs=,931.0
consensus_latency,dthNSTjOkEeYpZTV1kiTtQAxif4MtTksE5pdSUpqKFk=,931.0
consensus_latency,q4BNYlHC2jiPJRjYl03VzIFMWhlNrxTYakBep+0kRro=,931.0
consensus_latency,GiFyX/PXxYhL1i4Ga2q7LJaw2p/VGN/Hc4691emiBI8=,932.0
consensus_latency,HGBKffW8n9DgDpoaDTS+av3O7OTiZaWtTZg4FFpMk3A=,932.0
consensus_latency,bn8dh/FsCevqbpBsDswPHoLJ9QcCUepw+6+Huafpses=,932.0
consensus_latency,9Ete9xgNlRuHbGxQ2gGy0EVuoERjH3g7hQxqeYZ381c=,932.0
consensus_latency,Nb/B6Y23DvLDsauVhSq9GfipZIIKl/5SL+767wc2/C0=,932.0
consensus_latency,acRxiahR+IY1+ocr0h3Wkiu4a008m9VZHrsHVX0+itE=,932.0
consensus_latency,qWew0sROjEuBRX5qncaLreLwC0QeWBFBuPNzIbcgeSs=,932.0
consensus_latency,6sdCwkV5T4tAGZbW1NIoDhO3+ooPSz3kE/1xSi+mS3M=,932.0
consensus_latency,fjR4Apesl2sihfCHvwa72c+yicZRp3902afGBM12qMI=,826.0
consensus_latency,lx0NImmMOeuDWqOxKx+pM96+Mffmk/DWXJp0tl7DiMA=,826.0
consensus_latency,Gmo+HnJ3Tr2W3KW25W3wXTypkFtArFGC8fWUZqFGK3w=,827.0
consensus_latency,xD8RhB8fnYOtAE4O+MWdUCdpUNFi46cEv9FFtGK7gWw=,827.0
consensus_latency,ZTUm9JQDX+R7T8ETg8jvHC4HGNMz46pF68OdCiYumjE=,825.0
consensus_latency,i9cO0cEo58sYdtqTprhia3CIXVczlBW/T2hLIlum8o8=,825.0
consensus_latency,4LPrjscFAyM94GYQJuMsyGNSNkvctZ/xz493GYI/L5M=,828.0
consensus_latency,AWFnXKzvt7vdKP4hbO7Yr60ypJHOLdbfH4meo1tYbas=,825.0
consensus_latency,bXzocQxJrybCI0g1VxSktUhZnTB4LaQVuW5PuA8V/WY=,825.0
consensus_latency,vRAndisnI3+lMwNRDVXIB8xnLLhZ4oELDTEkw9vCEh0=,825.0
consensus_latency,/eKVsl7N87D6Fbg0Bd6a/Bjm6BX7V6PmzNR5ZE9YlTs=,825.0
consensus_latency,CnxfhVWVUlAQEQPm4rhhjbxV5M43gI4v9P7WCXPL9BU=,829.0
consensus_latency,zhoIs15LTg3ipdv7/xZGTwMkEhgmCQXJo73ERH4N0j0=,829.0
consensus_latency,UQx9IIQq2Gm2Vz+iCXFenein3u3yzGKU7NJNH7UK8sg=,572.0
consensus_latency,rH2sZHGpSvyf5jRwwnBeWFGcMjPw6Ki7lr1BZFtkhqY=,572.0
consensus_latency,U7cWznkwgbEdzhuIYgUn/MlxHn8EJWS6lCUmHTYaB7k=,1533.0
consensus_latency,/JpSxr/fZWioAUWvMQnsnAAJiaKn9MGt8pySrceJpMI=,1337.0
consensus_latency,Zqt33Bd/9R/x82He4eX0vNedC0khbupiFTWheMPvg+w=,1081.0
consensus_latency,1VbNyDf9Q+5/Jw5764R2qXmRcLZfRJtg4rxq+mId9IE=,1081.0
consensus_latency,OHnTbfF+jADbXl3wE8bpYS9WS7QWIBbcMeR0K4KZEe4=,1073.0
consensus_latency,/3lEqp7YApRF6zyx7o3+7fn7ojC9YpwU2UZwZyDahck=,1073.0
consensus_latency,0kifkJK36XonUxuym0B0T3Odepi5VtY3a46mqL7o0e8=,1081.0
consensus_latency,9kN0N5X9DjdwqBuUhM/oeqoLqnX40mPY9ht4UUikfZs=,1081.0
consensus_latency,xbPEWz9tpvke59J0HQpea89aKZc3Q7exqJ8GjZTRZsw=,1072.0
consensus_latency,WFIeA9KjYhB7WteRKFjowzszNfOvcN/XQpYDq2fs6dM=,1084.0
consensus_latency,e+WkjiBkfXq1wDfEMihA5u/63/C5be1qSPGfqTLhYk4=,1084.0
consensus_latency,ZbwIVbE0ioWvxiG03CTbMVKRhn2/v9ZpKiRccq0bcoM=,1085.0
consensus_latency,yGHwVMTqFT0K71SEkMt/70kSu05NCvwJCQmfcpcZ7VE=,1085.0
consensus_latency,pORR1gUX49AJMqFfO8YgPuETt6IVz5puYuh41Dlg5kE=,1073.0
consensus_latency,cQcgsXo2qc1TqF3yR/CAwhINTXI05weztuNIkM5FNtw=,1081.0
consensus_latency,gNdMOrvUTZ/ERYuT78s/mk4ZNZBw2v9bYUiUuUMyiDw=,1081.0
consensus_latency,F8kLhriNhv8UTWOI02Dsk6lMzkdnZB7Fd3LmGW0iHNw=,861.0
consensus_latency,P8Qkd+KKKWesQFgtQwMITL6lDcF5CqYftdWbNv2o2gw=,861.0
consensus_latency,YxYKJ2PtEfWbiBGEI310FydijaLqFgHVJRO77aucmvA=,861.0
consensus_latency,wHUydqTy/puOhkWtHooY666inxZAnLHRIS7NcWoD9Ck=,861.0
consensus_latency,Wfmm8dCzXg97e44uYolqdD/g6bng0yWDJ+rXwPZvCQo=,916.0
consensus_latency,xmYNTFbOEG5FrfmYluXcEkRZhSfFuGS/giVEXvfoNMY=,916.0
consensus_latency,DA2nh22sgRLAXOMOyNROJe9T+/+rngRVyZXCUmQVeQI=,915.0
consensus_latency,GwgzENNz/2cK+91+qUndHGBDaZZY7+4N90YuMUHS5eE=,915.0
consensus_latency,HgZsdNdskAdP6uaiQSFSOGOY1AWiAbpdIF/GIr7PTtY=,915.0
consensus_latency,LyYI+LJr/q4OwcYGbAMN2i3x7zGWQxdG3oxyfA32hC8=,915.0
consensus_latency,H1Q5wHHQRhz6zLQ59ggor96Vc2WvCaLuNGBHWo5SOg4=,863.0
consensus_latency,TJyhiyu4E97p9fsATD83BJA+g9LeMF8LlKPIj2VFgK8=,863.0
consensus_latency,Xf7OgWvecnuiZx6NEIfDB6v6bP5t4LzuW6Zt9h9Oc4Y=,863.0
consensus_latency,g+G4RW5J/1RssCTUgppgs8IPnCr4M96Ribp40g1xd50=,863.0
consensus_latency,/SApdiRZVAthO70NWVXzJEjKQ49HTVqcuaskYhqIv6w=,863.0
consensus_latency,TEimjchAHUQMj7p4Q/bmsjPDQd7vkQriMYhVTQMZwio=,916.0
consensus_latency,goB2gPDC/ktfDvT5UDwhG3j1fCE/oxzg4Id5oH4qt9k=,916.0
consensus_latency,JTkRVvLXT7ZJOFXxw2a37FgXqY51ZQBfaAELUMqZmvU=,914.0
consensus_latency,8mal8qJ0v1P9i1rJASz6PeLb7tWh17mAgO8m2ZvLRSs=,914.0
consensus_latency,GVQGjvKcgRbekOcYXgAWIdiEnHhBzLHGEPzC0fKRBTE=,916.0
consensus_latency,hCkTUaQSqdfRQfFdfDzZ9aluDEL/E6cZxkuouVLfnOY=,916.0
consensus_latency,xB0OGuxer9oYYO3Bt1WKj6aJ5qdrnWb5e4fEV2G5UAg=,916.0
consensus_latency,0m4qeyfkpBRO6Y235qoLvxN2agkb24JTkg26cld7Rzg=,916.0
consensus_latency,bJ0qz1wc7D6flnWp1rWIhsC1psjPnMtvE3ddcxTOkcM=,913.0
consensus_latency,zhUseMvymVWm+8sur/HhKIDfKXIkPU69JyGLPZ6ysRU=,913.0
consensus_latency,EgY5GzZEyQ4YTglfL3e7BWaRHAE6d5nVI64/A9ZAybk=,864.0
consensus_latency,OyJC5waCHGx5FKngWNvwEIAzIdbKHWGTxkK35WqxYCM=,864.0
consensus_latency,WcmtL5L/hQjbur7DF02/zTfPL9l/sdJ6Y0Z+VpL+bt8=,864.0
consensus_latency,dPpqIWIbsEDHfccfV19haPTHmV4Ignz8kWGQX7ja/vU=,864.0
consensus_latency,Kh7/BqPaAhvzyfMMNrRq5Oy+4ENF4OV5YvKPxHh0fYI=,810.0
consensus_latency,xiFXyNNrkZU18G2tFW7C6+DkGlsOr50BZGw/D6ccKig=,810.0
consensus_latency,81mS3OpRANzbwMuXRPkhNEDXzMPPZtfjkRdaIPctiqo=,811.0
consensus_latency,WMxNPOUDFFqZEOuk6gRFXDV4ry8MXyDErMoq25loUus=,810.0
consensus_latency,wam6TSw+8PqDeDEAuLuesDuI7yv5QSKbxy3oUy1pkk4=,810.0
consensus_latency,Gq3j+W922hdNubJ8XvKpe3Z7X0DZTonaoyMEcMcCaek=,810.0
consensus_latency,QcRu65dsjbFGs1IgDcos8RvK8jmWNrC3hUHz8y3T9PE=,810.0
consensus_latency,2hZK+mbdMquiHZG9tEI7mGBQCLh57ObDk6P5dOZK6Q0=,810.0
consensus_latency,3ELEdiPd9YnYHh8Lpithr8WS6t9DSAhicY28vwagXTs=,810.0
consensus_latency,divKv/d9V74GvQ9GfbefJVMg5I2qSi9KiL+Fi7PSUzo=,810.0
consensus_latency,himXxyxO9Jmq/cOCDFDPDdl1/SZmz4tRls09bhE+GNs=,810.0
consensus_latency,N+oYJqIzWjPdDQECm1vxC9eq5R8KC/oLZlssf2kVUgI=,810.0
consensus_latency,9ciM3VFk3wX7j4/L0ymna1jJcyxO2xmcG5X9aTja0es=,810.0
consensus_latency,3sb4kd33XJcURZ5nco1KGbq+sZ2INzuREM8Ra3ico7o=,810.0
consensus_latency,70qPQ+LQ/cfjuOkI/Q4OQfiXT3cZp12w0HlHuNOzmLc=,810.0
consensus_latency,eOhXeThcrR5efB+5NxCZiHfdpeMhDW/EKXOdTtzaL3s=,564.0
consensus_latency,vLP8lBXtAfw/ssg4EVjd8R9hjS2OLQQ6hLLNyjGnngA=,564.0
consensus_latency,qdQ0VJck4Cr3GgGJz5B7tqCymHzeIwqvGg/hiKvOMNI=,2008.0
consensus_latency,wzupuBjUhQU5SUBnktAY7JiaehIhmaSdRTwPfGhKiE8=,2008.0
consensus_latency,FbBZ3YOo5HkhC+hnj7kOQ8Zgmfsv+G9Qx9nA394Lx8E=,1551.0
consensus_latency,nxP+28J+CXQ71dY2+qN2/pUwguk7ZJOvibN1q3mFg6k=,1568.0
consensus_latency,8/kvKsfTuHXQYyuseHfLts6tanreDw4lmjZpxOCP5qs=,1568.0
consensus_latency,xE5qaS2deiscxAHYBYAB4CEfh6NtrzTeMdnlxytVUfE=,1556.0
consensus_latency,SQH0qOQ66CQfExCeW3+NLL75zKm63cCTB3A2rqO4w0w=,1569.0
consensus_latency,sAl8O6l71Hzae63Fm3/sK1pTTNITrAeRwPn7XBi7Ldo=,1568.0
consensus_latency,T4qlPLb8YDXbmufvr2akT0YrmU7X0mfp8sejoUtqxYQ=,1568.0
consensus_latency,bOhMKYZJXZMMTevxjqpMV7PTZc+mF/l5MvOoOgE8/J0=,1568.0
consensus_latency,qB3pgoGBToAwudCHUYmvBNv4nDNOSsNe8Jw4W1P4I+0=,1568.0
consensus_latency,tDykvFQLOOu9us9zqrx/iBYxy+GlVZTPZ1ilzH3Pq3s=,1568.0
consensus_latency,RRivb1EWzs2L5HDiGY1xlL5BUMRlI5HEIx0/Aio2rv4=,1554.0
consensus_latency,VHJ68B0BT50j3iEQeB50Cz31VBIvb6qHN+ybTgb5vqA=,1554.0
consensus_latency,rKesg2dMmPUdGtbK1Nr9VfIgzcZOKSzskGjrkeWjH5U=,1575.0
consensus_latency,5+2v5MxZ8j8Q79Fq7AfgQIw3zPTUnsBEm4Ct0KPuLrI=,1575.0
consensus_latency,ZQXHjGMwJkU5KfqZQrXh38BELNbGukcr92vwNiafIlM=,1481.0
consensus_latency,WJBf6isBVtPLu/02fx+Vvd94LlkvnbjegHdAtOPhzEg=,1394.0
consensus_latency,e32Q5nw8jGXexZsjufQ87+1NzyETKjEgOkUnXFNj3/8=,1394.0
consensus_latency,EYtk9YyBW5hf6B6C3vNNSWd5POnYXKFwO8P3yOuap6Q=,1395.0
consensus_latency,NqRBAbVRIgL3KxhX11iya5h21FKfwDUqhd8QAsAgMaI=,1395.0
consensus_latency,Hv66wvxbUPkP5ygHlK/nfxxXZ8KWwAhQK6TD3MkNx+M=,1394.0
consensus_latency,dcjG/7I4pY5vX6HOGCD1kangKyd7JKJatPIEjpME62g=,1394.0
consensus_latency,gtMPIONnfdErpPWCq/Z91OyYuwMDF5aQNozUPQ1FOSc=,1394.0
consensus_latency,m/b3zHaTSIGhocincgNbb5vPGIrYfapAoeSvM3KtCFI=,1394.0
consensus_latency,P/AZw3ih0zN6/SpLTGWOzGz3Y3RcdoPUeQQGdSjC26g=,1341.0
consensus_latency,g3q4hDcfeEvzknO1n02ZSDyRulSYCAg60btxnHDMaOg=,1341.0
consensus_latency,rns3kmGWSX6AWe2dWLvTW++n9n0ELPfgdi+kCpi4VgE=,1341.0
consensus_latency,8u86+71UV6q0gcjD/hP0/WioWfO7MHNAogkdLHtNmi4=,1341.0
consensus_latency,Ay4A3SG6gWOPx2N8JoFJa/G+KnmYilQBFMqfJPaV+eQ=,1396.0
consensus_latency,Jtwk2cOu92pbTI7pQxRuXKjlhJX4iWIn6zE1ZM0utIQ=,1396.0
consensus_latency,LGdkoum7pu3EfcZ+TXkA6UeieYiH8Zh2iEToKdQgHuI=,1396.0
consensus_latency,NVfZaEK84ZbVtu9aTn+H9nl3NYYbg0VDtjZVDBiTSwk=,1396.0
consensus_latency,EFbCSK587BMPK/e0zRv+bfOCMTZDmYG+0KzKdiaL7VA=,1341.0
consensus_latency,PYofsIydu/dUyMlyA4j1u4fQdD+yxadHGMMpTQpQFIg=,1341.0
consensus_latency,lgJdHTZO3hteMZQw6W9sjOgTEQnvAefRlSjr0eEnbJk=,1341.0
consensus_latency,6kYJq+6NzDaN8Saj69+qjL1PrRsttXG/uJUNTBOPYqk=,1341.0
consensus_latency,FeoeeMalbktBvHnewf5SWdCyBNtZ2/8AElQpJvq8ZH0=,1395.0
consensus_latency,MCzToQtp4BsXhTRS8/nDpOMKsq2WJgtTDSto9DbkGQI=,1395.0
consensus_latency,le4NohA/bOPHmo2VUvG8rzEjsofOQSS50gPIsZQv+BY=,1394.0
consensus_latency,8jLmHKlQQfzoExU3UPSgFeQPRbpGo9cpf635PFVIyHI=,1394.0
consensus_latency,KQxQsrdvZe9wHgn8tTbL4zxg3a7Cz82nUR/+RK+TasQ=,1394.0
consensus_latency,jkoR41ZS/h0AbKml+nsCDuBaOQxJU4XsxM7bMnzK5kg=,1394.0
consensus_latency,nCEgaQBtXqvckB9GSeXk3tGQSZY5i65zlBW2pjAzFYk=,1394.0
consensus_latency,BtLrY0Isb3ON7q+GNNm57JDAdi/pvO4B9+Ch/K45lBA=,1344.0
consensus_latency,P44DZyQ78+Sv5qn1XlABP2bDSQXxXrZJNnUXZYKvMD8=,1344.0
consensus_latency,doIE/gN9Ns0g47k6QAamdrmExmIlN/BtaE3bGXFKR4c=,1344.0
consensus_latency,nbTot2dmQJ4Z7+/VH5FTAupL+EAxJ1jOJICTWB+Ct8U=,1344.0
consensus_latency,S3aE4Xz4e4qknb6Bfhselx7gFlxzSo6IRqpY+dfgCpA=,1292.0
consensus_latency,tEbSW6A7yBEwgSFXwoenKmqB9o32fEsDsqwgmVrxjoY=,1292.0
consensus_latency,mZcijUSiG0wInW3nzeiJ5FFzmC/5koklYLoKUQwV7r4=,1292.0
consensus_latency,3t/H7alBm+pV/x4GRPgEFs+qbUJzZzKfQVsI1sFJXi8=,1292.0
consensus_latency,kwM9/tvUEQZsomtXEyNeEJYqhtXoW8aK7t9/czoc7lw=,1295.0
consensus_latency,psdx5DDcB2TkRZz3qX1SYLlLrerBf2kOdzmqN+haQhE=,1295.0
consensus_latency,NQOsDuCHo59K/Rj5HTEoiQqDxVIL1NYbWv8XWQok/YQ=,1292.0
consensus_latency,fSwfrM5WkG7Vi4GiAH1HQjIhwMudsgi7jaxQ5TCwqy8=,1292.0
consensus_latency,Cuf1i9nQfBf7Xfl79SSEpbmg1G5ukUUyLVUT5qEmqxc=,1293.0
consensus_latency,H4KWP6xO/OKgC2DPx9s8n9Eh5i1yuQEGwXTzHg10yDs=,1293.0
consensus_latency,AerrQfjnSk+D9cAGddw8jvjN9aOoN3WQiLDhcM4oGUM=,1293.0
consensus_latency,QPNQri6PDK03g/CWeCf6u8S5VejYkhzUTtcWpeiaaxc=,1293.0
consensus_latency,U/WF+CDAbl00Ehv202XzQzYOsrVAM3/4yv/HVzy7hcQ=,1292.0
consensus_latency,U+DKRZATvuziSmybxrx3lrp4689r0133El6VZ5l8LLA=,1031.0
consensus_latency,zxtS/R0tMNDDPPeu3KCvNhGWp/R0SxwHKvUQ5Fue1pM=,1031.0
consensus_latency,PHJgOeegloNhL2mO42t6o2K1uiUOANoWlt7LqJe5T6E=,1036.0
consensus_latency,rFGxF36/cBhGEiFvaUzHFraGkMXY2hwrwktuHWsbJVM=,1036.0
consensus_latency,I7QID1+qHlPdlMB/DAtejzCTeFt16KJC49A/xIO5iP4=,1036.0
consensus_latency,iRwHJ09hcuyRNynYCLcasw/5lUH7LGK3cwmGMl+ByiM=,1036.0
consensus_latency,kd/wQaP3q3LnNDWn/HnPRqu0uaC3mmp1Sbf7FJ1e9UA=,1035.0
consensus_latency,lJO2jdLZiruaR4tYyhJF2d9w/Q4sr406z86Pj+Ae9WI=,1035.0
consensus_latency,MxdJ/UzHWCZcOCBoTFZDQz4ett64UGJnT8jyNT7NBUI=,1035.0
consensus_latency,TGS3gd+KSTXPRXuB6s0Uo5WFjezf77h+GBAmmm6qeog=,1035.0
consensus_latency,FSZbwY+ri6UyEcwp0VAa255y9aHUscziX30HXwSn1Wc=,1036.0
consensus_latency,pSAdQCGgdox8oCZw80xrJAjSHT1WJhJfzdW5/P1p9uQ=,1031.0
consensus_latency,zrNhNbyp+T8QS8ZhTc9Ul79BPc4y7puYDcRxU3JUBsQ=,1031.0
consensus_latency,gSDeU9gUF1DzbEnvdklZ6MVvRe9ZG3C9DFR0pLfPyzw=,1033.0
consensus_latency,94zTo6IpA3QNtLqj8BYoyDJw7sjfRmCk1OAdSF9ogGU=,1033.0
consensus_latency,ApIo4LSEjet50lTX+77JiXoFdecCOp8pO+YDmOdX5Is=,1031.0
consensus_latency,rqUBKxBFdGIAeYsnDjtUIxk6u6M0MeAnLHJM2fC51+w=,1031.0
consensus_latency,LCyzQryqbtymqg9xafoguAk8sL+PhjYmBYnq3DLpSvU=,875.0
consensus_latency,ZpVEvs698cstk1x3zUJAP1nWYrvAvFImXgZllT0ef38=,875.0
consensus_latency,xQwUJ963vgGkViAd6ogdCQwCr6HGkag6q6ggoCvoGhA=,875.0
consensus_latency,RxKatYc3fkueRSTslSRCZYI/M1suaMW+5tM/JauAK5Q=,876.0
consensus_latency,ygvT9Fl74HmTwAH0nfTcyDvVEytHNxUJLjMJV+vVdxk=,876.0
consensus_latency,FLJNC9uhem5IQviucugerODxKMDUbV0ILglBq6q2tRc=,823.0
consensus_latency,Uy2tJeleXgUsOe+Ql0fZlbi6LZYzgN+EyT92MXwl+aM=,823.0
consensus_latency,eYQ/6AfeX9U1hXZrzffgzzO+QxcDo6lSZVoQq2h1vv0=,823.0
consensus_latency,2esO6z/npXzP0yNhD0ACopZNzNsZmXMb8fajuPSfFHc=,823.0
consensus_latency,SFgaCnNXChz084XBoN297kIX6lg7DQkE2tBzMAJhZaw=,876.0
consensus_latency,fgjHrS0Ckrayba6ErM9oHnY7DV5MrbOzz5Xtbnptf3c=,876.0
consensus_latency,yrbo3KHP/Sptk9UOtaRsQvi0eJTLCqhxnLB2FoiFsJk=,876.0
consensus_latency,NngOCJOyBFO+Z0L7OieK1UgBrLMhRIY8o0hjYYmjNME=,824.0
consensus_latency,ZEAGFEZQyDDVdNSMNChHZ8Tlu1SCS/ddxfFsY3Gs1dY=,824.0
consensus_latency,bbXnL/KdO2amTeMcs7+6XMdncIhzEGRGveGiaMMBsfg=,824.0
consensus_latency,259xapZ8dIIRC9jbDn0BWxwEZTvhjnXDqtCYtnkrHIg=,824.0
consensus_latency,nmjp3kuSQwX5ewiMzNBUgJf1GlSPzHf/ZSaZ3kqEKjo=,876.0
consensus_latency,0KIjGUrYunGKzv2HKiODhyn+bVHPmUEDYStd4s9S2e0=,876.0
consensus_latency,UpRMGigIRuA32CppDYNxv92p/4PxSHnRleZk72T8Naw=,824.0
consensus_latency,XviVeNp2fNAdXMFpYkysn+zz7F6A1mKIjxDpq6HCazk=,824.0
consensus_latency,X4k2dTj+9dX73O0Ebkrw2rYaLrox1xUTQOp2VXllk7Y=,824.0
consensus_latency,hzUCXFlkKaB7VWBs696H2MnBAhpJmDnmLLVlWaJuEE0=,824.0
consensus_latency,FSc+8O22uKs4Zw5OVd6NqOoEf+cdh1Sw+tW5SBxihZM=,876.0
consensus_latency,MAkeHWFPiWHglleom2qS8HzlCT9a/7nevFy6HJDPU1Q=,876.0
consensus_latency,aaS7MIDJCaNCQRPbMif8kCbfzhRjMaFHNEMHkvIDqpk=,876.0
consensus_latency,oeqRmLEhXO2PKC+40KUWTApNhGgE1MzJ3u9QVn5w5cA=,876.0
consensus_latency,G3HjCV55AJrP2jxW5YEwu0NdMlxxinAMKozAQko2MZU=,875.0
consensus_latency,RtejemlIuSKrVfcnpHkoxDCVb4GT2EWZ5oD+RfObooM=,875.0
consensus_latency,xanetWnopLRtH5j2xwQwo8LYaRSuARjOm9oLFRgDEww=,875.0
consensus_latency,s6Pc2E1Cqzhu0LK7y+bVZT7NCV35yjgbm1Ugj+3wflY=,807.0
consensus_latency,4eAaR3wCqdmGl8tB6xayTTYjPUOTLozLaHKmi3YItAQ=,807.0
consensus_latency,kOHkj3D4DCSIryg0RIrq6GslDDAGabKRxN/4JoZdSI8=,774.0
consensus_latency,DNHpRP83lcS14xFfv9d8C2k5FZZ6oQXJJL1GRxbXDdU=,804.0
consensus_latency,r/G2ook+BrL6xDWwIfLJIyqSfWZsxtGls4VQ9j5XkOs=,804.0
consensus_latency,BIxhAw5fWB2awAbR7tBnJ/ok3da9bLe6LtkvjTUbtAM=,807.0
consensus_latency,LKZiuRt5FqLV31sxtoNcT5qveevp7hkCbNI+QjR8RLE=,807.0
consensus_latency,/r0YgFJp1qfi59YbeGBGh6mXOGkclfQ8icB6GNaGQgI=,803.0
consensus_latency,wd5BkWgQbCs2HzKVS5C6XS0HmuMbc2A7roQzbx9IUtQ=,804.0
consensus_latency,sxK5gW4uyxfuuU/eM7PArr68VqU0Lh1SwavURrio+tg=,546.0
consensus_latency,IBIgSENmb4jdq2vVYvOqgkpve+SGRk46uheugwbVzPM=,1278.0
consensus_latency,XyaxYWgNzhu884hX+rmJF38s9IOAtBXLhGS9TWLdojs=,1030.0
consensus_latency,ZJ7RWaqpKvAVEnl+/rEEAQzUmMDyMvEBM/HYpGqHEQA=,1050.0
consensus_latency,4LsURGVkraXyu6XbgAc4bXzoeM/R7ouuux/A6vzlwNw=,1054.0
consensus_latency,76OUZT4ilB2wBEp9NV8K8vj/rPtiyCRizfeW5HIEMKQ=,1054.0
consensus_latency,TSryEIOXxvZEHaHp4P9dsc6BX9U7o1byWaUyf14rKYA=,1056.0
consensus_latency,80gvO5R/QUJqQ6g6qEAY3haiQ7pzyLHImyEVWV6H25E=,1056.0
consensus_latency,dTBpzSU/m0NAUwISDh34Fv2dKbH2hqPosZQAezkwIrM=,1026.0
consensus_latency,gpSKrWjXdQix8rRls+1LcSVhOE9lYQWYQ1tsD9iK/qk=,1025.0
consensus_latency,nE9Lbxq2g5JZ4Vpbq0syM4YaheYiXyc8Jtm5xRtzZmk=,1025.0
consensus_latency,N0xuCxexzltCJ4mvQXcd82Jh77kcRXtcbVP0a9EGTcs=,1051.0
consensus_latency,2Axjj0Q7k58qTgGmcqcfBdrVAt3AtSJZzWmqtYD7uxg=,1051.0
consensus_latency,BQgkpnAQYsMIQhHhg/Wzril9nWftrJc5kzwPTVyadcA=,1056.0
consensus_latency,j9lvbuI2HMAYCstAbLZVzoTEXf4U7+12Zc+6qglPwRg=,1056.0
consensus_latency,JXtqRnnStykjog/LxZFthVW9RHOx+/u3q0zmWEOVCKk=,901.0
consensus_latency,SZhOTbL3FyAGdnLXiAA2A4ZnsA39EdsDF6l8BDgSL9U=,901.0
consensus_latency,p2PnbrpTdvOTKo0OscCObAy/r3b1YkoMVJqi5qyUTMY=,901.0
consensus_latency,UaKW9Aj6Kdx+usCtSr6y9FEZnwVEY6w08Wu4gQ9yxaQ=,899.0
consensus_latency,kvyLwhG7/IM57aZociCQNvuBl29d+XSjkrkL8PeM+nk=,899.0
consensus_latency,Yb8B+qFelcxNYxUrwESEj+bBn5Xec0SekR1gIjLg0sE=,899.0
consensus_latency,vwm8gEPpTRtdrYKjrG24dycmWJVRHC001GImWiaEiwM=,899.0
consensus_latency,LaHzgAdMihrl92yFm05MoAk+mf83jKlQ4D4iLm1V+y0=,899.0
consensus_latency,+yBRcT9vLa9MH9SoCmESAKyf0AKH5fUwW0zHdhpFN74=,899.0
consensus_latency,CqpsrwlOQVymim0sabqCPqEgXJ54aEx9hqqtNp/SRH0=,848.0
consensus_latency,GQoWmRApPn/cPvcIuf1MR3eQWloCayRqxNF90gPmIKo=,848.0
consensus_latency,RXg1RGkqUUMR+aKSb+qeBKXjvKCDnXmYvxMqBFGJ4j4=,848.0
consensus_latency,8jeVW6D/MudoMHY1lCZiNsgVrys5ljy/QBR0VdvrNvQ=,848.0
consensus_latency,JBdntGub9xPfBuxko6aKngUH74FBUS9ydDFXBGQq2aE=,899.0
consensus_latency,jdsVIKzY1c1nmpyxJSNjTkvsW3gDtLIg1T9l3IIFsVk=,899.0
consensus_latency,bOPYgasp8MlQcf98eTqdaSqmfbkig222C5CiTA0dqv8=,843.0
consensus_latency,3Q2UqGFrQbNl0LmnWilvf44L94xZHB9YPESWaBiU9G0=,843.0
consensus_latency,7UjWLwwwDwoDTtm7QplC0XxU0Jq1QEnXJjT/ZAzmPhk=,843.0
consensus_latency,CP/aKrYpBGGInFROALKqmW4o/iOP+PQnfQOtPS8V3ZI=,845.0
consensus_latency,HPSNYogMHJK7svRBrphocilSZIDtPoFGSigLc5gyMuE=,845.0
consensus_latency,Zi/QFDzviXizMLyDSEI886p+t7wQQW1ii75gbBnEBw4=,845.0
consensus_latency,CuTgcg2gcHjikdyhndHN+p24BWBr+Nti1JeKrdNAaNM=,900.0
consensus_latency,MsIGuv76eaUW/L5K+myEFim/jogsZtNtagi5zuulxmQ=,899.0
consensus_latency,dDwuZSAguvnvueJnLrYKKdY4KtGi91LzDw96jxVDhec=,899.0
consensus_latency,IvvuLzGZ/TEktztb4L4VOm/bNe0ExV13/QBfgPo0t1M=,795.0
consensus_latency,NJDMSsN4dREcXY5HgIDJN8kLXefWTTOh02YZzfyMWVs=,795.0
consensus_latency,KMEW6TVSzMwJiBrtx6IR9vubdR1vgRQr1k405QlvlFM=,794.0
consensus_latency,7fhgzWvME/JkLCnP36hyPXR2ko6WLsBaN70dpPLqOdY=,794.0
consensus_latency,lHBIH9/dcJu1wU7lOYMp23qfs2kgkyLnqoxIAZktRVk=,795.0
consensus_latency,tXRnEobOfwyc//KJBj1AQRQ+iW6hzviTX4sD2NCiP20=,795.0
consensus_latency,UR7QA2WFtSh6SodUEM5YE4lZbyihkNx11KbWU0wSNhQ=,789.0
consensus_latency,fB9Zg0mmqauED70hzuqHPEQQzySlnwpLLWdZJdePztk=,789.0
consensus_latency,akh/+848gCYVz2YA10V7vmdPbHJ04tW2eRZqIXGLOIU=,796.0
consensus_latency,sELcUHSFLRP4lpn9D5hIVzxAN5n8zHJobN6WkKcVXsQ=,796.0
consensus_latency,QZWfA0GDajZmsazmR9ycEnvKS9svOxnuBggtqfOaBGM=,794.0
consensus_latency,Zpn0IEaieQlOg5yLO6rMrZgp8gPWeIna0tUwBcAUby4=,794.0
consensus_latency,DcsiGeNuw4m2qyKVAbSrXERXll+JglJfF4+8kQEurC8=,794.0
consensus_latency,u4WxQuOpmZzixqLaWldsLoU9SOomJg1zCWMR/Rs7aC0=,794.0
consensus_latency,Bh2AW8yAcyxeY4coW4fm7IrEEGlbIRia11YAyvvvC2U=,548.0
consensus_latency,Yl+43xntDwZwDtt8oZ1bt76jUn866paNUsrTMHh5VNI=,548.0
consensus_latency,4GwV2KLaoFXR5wrj9kV9OGGujm4aAi+HOzFzF5Jd0H0=,1472.0
consensus_latency,oPWp/AnxbDo8EnLuEDQu92VLgk/YxbW9jW2cDn55kjQ=,1310.0
consensus_latency,mzVBPRYpgY12/EoaaGXStgpCC77VJdFSUNcR2E6Yl5Y=,1063.0
consensus_latency,9Np9sw4HzyvGBozfMi6Innmhdzwr6BSxSJMPOz14rzU=,1063.0
consensus_latency,F2vB/TZsLQhmnThiL0kE03iTos9EJEjWVTkyjjFq348=,1063.0
consensus_latency,KJ++rYtJ15SaIMYehQ5CuJ34bj7jS9AGfNcnlXl3pv0=,1063.0
consensus_latency,kBJoaXQ3efNzCmPuSgiT09/cc/foxemzbl4SojuWEc4=,1068.0
consensus_latency,vLhOWbge15vYJu0Th4HQjlKHMcf2Gal1/ZfNCFjt9JU=,1067.0
consensus_latency,1iaxTeyqIIq1nDhwp5FXEVzIAyRtGgmCA+HWArlAxec=,1067.0
consensus_latency,vrMfK5HZTSphchdYYyDA1HF8Bsu824SY1Df1jNcVcng=,1064.0
consensus_latency,56TiRBWWHyecCJHalCcB0GIdNS3fhNFHri3suUz/0EI=,1064.0
consensus_latency,LNF3tYuLh/AzGZUc/pl0j3vS83SyfB/NVV+NEw+PDuA=,1065.0
consensus_latency,OXGelz9sVYV08wlznbsx4uNsbZZnT3kFw8pWiS2lZlY=,1065.0
consensus_latency,XJJ6ki1LK4mUDOpTMvLZpd7OxBJ3AcszDCrSfxtayJo=,1065.0
consensus_latency,/6L8+eWZfqfU0oi174y6l1fPw9bdN/tf6Toc/Af488o=,1065.0
consensus_latency,Kqgl74fSZEO+je7tpJeZGaSx7EXluDN4OK8TT7QTW4w=,913.0
consensus_latency,zp2F5AcJZNtKwiKWaqoCnenmJrq6jH8+U3u+GljD8DM=,913.0
consensus_latency,jkpWcW3v80z2Mw3S1dTiDybeflrRkvh5RwtugmvNHWc=,915.0
consensus_latency,nVBGsRdub+M+b5E8YahsJ/Y2jmaLxV7LrLDa6LwGyiY=,915.0
consensus_latency,Mde9EgO/0Hlgyggw7UYgo+7yZLc+gtq3+HnAQey6YUk=,913.0
consensus_latency,PYiASWAufZvTUBv8Dfp1jiSH+l6Kr8PoyaprkKbi48o=,913.0
consensus_latency,gUJO4sY4I7pAwfJeM/689pEY1J5uKGBRLiPJH1lyFv4=,913.0
consensus_latency,Hds+SJVMfbecarK+xaDzbuqlTrTPdLfYtT3A1YQdV08=,860.0
consensus_latency,QSuKbAIpYKXN9dTOSCpMa3A7mCLsdGAtGlTyi8fC7kc=,860.0
consensus_latency,8spGmW2FSyvgJ5ATuixmdgSpGf4si7WFax0vzgjjulI=,860.0
consensus_latency,+huMohMaV5bZvxX9/LhCFMunF604Ma45lKWDFbIO/q0=,860.0
consensus_latency,QCacFkC2ILBUSwjpgxT8xHH+JWfarDZD9qFJV96gtSQ=,858.0
consensus_latency,jb0RZFOWmcSCzmCC+UA+A1LRuUgv8duQPzV6cRMX3WI=,858.0
consensus_latency,2ZtUC+tUYVrI8sQZOtKChytZZ38H8wNhugo0pVXBRBY=,858.0
consensus_latency,6pdTYnzfupWyx0yvrdDNimV3jbq9BffDAfXYY9PCpfE=,858.0
consensus_latency,/2o/Ep8jiVJ74EwiTi+RerMGfT/lEbiEXTQtIeMqPqk=,858.0
consensus_latency,Hfj8a2mAdWFx6WPzMczhAHHT3zDEmhQk91CqVKHz/1g=,914.0
consensus_latency,n4AfWGnapAPZWGIpRsRs8WG5n9WxloimQ4/YQlJIU9Y=,914.0
consensus_latency,XN6odPpN/gIVPF7v5wfoURvXVwL8OVv9iAD9+MyOBaM=,915.0
consensus_latency,aPpR1wiFg+4e3qsVo26x6mEfzW5h6hcYSfOGOK1mKxc=,915.0
consensus_latency,yXTZT3jPvudznzozHRC6IHdwkHUEB9hMwOfiiyA0Zeo=,915.0
consensus_latency,BlB054+rrw542FJv3YghqMvBmQ6x9h33o2KlmYMdEmw=,860.0
consensus_latency,I7p3HUC+yrYgvBXoKZY3QXYn9c/qMu7IWXCM85RRuks=,860.0
consensus_latency,XgTrrW2X2+D0m+l2iB4+47G00eMcre1RCCMpSbRirMM=,860.0
consensus_latency,aSbYZbZg6tgWlzsFNHlQTIWZQUDGFz4N93oG3YKDnbM=,860.0
consensus_latency,ConSIkUYaawBC1+kIx3MjRa6LDaInFMYwORy+5tcoRE=,913.0
consensus_latency,GhpjJ+frKCI8zVN0z5JnsjtQ9InhR3i/GNomA2bwgvg=,913.0
consensus_latency,GnQ9dSAYisA3SNTyctDDXnQzyEB3R2V4RN5IAXTHEaY=,913.0
consensus_latency,1Rtg960RKXeEwaK967aDBSxi/WdcQ8XH89tXKaTh+oU=,913.0
consensus_latency,IOgQGpa84D+xXId+UrK/PcL/K0d73wdoIjOAOV8yxxY=,804.0
consensus_latency,q4oNwSlrNIurHEO+zfsfR0xqmVQLVLmZRLxtQUCgubc=,804.0
consensus_latency,Kxdg/pPMflNpHLKZWOyfdh31CDTMHzO21/rLDuR7Xlk=,809.0
consensus_latency,jFaOdki03GzonUitVCL1EBeKbUqmvey0BV1d+zBM+u0=,809.0
consensus_latency,uaks/o3RXlLUPcDdhs6vg3VGb/fYAAosUFN03tc52vo=,809.0
consensus_latency,Gxwt15sfWVXqYORZy9W2DNd7PK+EbQRkzBGbv5MZg+U=,808.0
consensus_latency,tW2ht4DcsGtHcpiY9i0Qx6k28ITLKzzYqkZucIWPoeo=,808.0
consensus_latency,xIpCF/qddmPyIxVhlG8e9JHGa5w+FENKBc/Q6AfUWlI=,809.0
consensus_latency,/o1a4R9cdXWaIVnJcSFuSn4vISzysL+HZ56G0nzTPPc=,809.0
consensus_latency,KIc9E/kAU6eHi6JrT8Auahabpr6RXyK7sqKaSt7whSU=,806.0
consensus_latency,/xLT71aec86mYWnspBKKpRD+UdPBxU3hml8IAYNQYeo=,806.0
consensus_latency,aAAWekY+Gmy1rNWa8nrWQJKTXJ9sV5MGuazyq3OkStk=,810.0
consensus_latency,z6DXbF6vyfgnp1OBZgfp9E5VnLDEspgRyk6Xu0wAc04=,810.0
consensus_latency,3RnjCAxtETjrxMMAPCjr8ZReBtGzJahmuNap9SjfUDE=,810.0
consensus_latency,FO4LjeMpBtP/8TLjiWgEMx9KN2MS5Tu7YnuGutOCIVY=,559.0
consensus_latency,mRtiqFw0bqimIjMP0VkDsUDDb8GkxyetjyN8o+PeaQA=,1508.0
consensus_latency,Yvi6jn3T9xXwGZBuMR9ITTwjQ0BYSJUWuPxmnbYjTeY=,1318.0
consensus_latency,L3JxuMWpTp17Y6PmXGEcugOSnjERJjgxMr8ACa2ee5g=,1319.0
consensus_latency,v4pAuvsa64b/unX+7a0RU5WWRQJukpkVyodWt1ANWEQ=,1319.0
consensus_latency,PJ6PVXulRWvn4MtPp0s7vPEZ2ujgrwm+80LjdBuY9/c=,1064.0
consensus_latency,PbAfdNBfrg2zQ/VfUI50asDKfzcGzpH3QyzxS7OfPA0=,1064.0
consensus_latency,9QEM8t8b27e5jvGn/lFiNLSbQ1ceagVGYTnkm+NMaJc=,1065.0
consensus_latency,VvrssxxP6WXzTnQ1ie02qyi0dNxMykO0q304Sow85PY=,1063.0
consensus_latency,5lLkLFz6sSA/mQ75sEiJKIe9bNGhGIvvhXBSwPzpqLw=,1063.0
consensus_latency,eTIZqmgQbb2eUbsRQ2NK1QAqQW24vDwNbtXNCbf7FNo=,1064.0
consensus_latency,8pM2hgcfbJzntuyhfJyTt+uIW53en9i0RTM/MJ9ZqJo=,1067.0
consensus_latency,xkJjhp0ht0hDXIQuQ8JoJW42S+z08CrA0LFkMV5DZRw=,1065.0
consensus_latency,+YF4pccyj5DLlXCxTzIQAmcZr/qdn9bvYG7iK4JQFzw=,1065.0
consensus_latency,ScZc24GLQ2oDms8hRe28XOfa+3SMM9gi7q3P74XIeWk=,1064.0
consensus_latency,zk9deutqDsLjwHCuNZb2cqgwXb3aYg+Fx3B/PO9aEPY=,1058.0
consensus_latency,PYb4uO2QysBEBEV1rd0pGiJyB16DdgdRrOK8mocwAhY=,915.0
consensus_latency,Qv5Lc5Da1gLGLd03k+vQD50822s1csD5uWl9Bu/GLCY=,915.0
consensus_latency,UPUZ3h2DPJx62L41uFFhCvSuh5sywbVbWpqBmq4t7dw=,915.0
consensus_latency,fgydxBR/ShwUlr3kh5gUc8naGUqXXQ1Z5X7kDopHn0M=,915.0
consensus_latency,gwJPoEU23iTdyUyUXotzEzoM1uzsFQnMj5LvF6hSSQ8=,915.0
consensus_latency,ifacFwsFU+L0+CarQrqE3UlWGOlPUp82RDwbkEPVr7U=,915.0
consensus_latency,oQS6OqonK/BvC8hTx0N2p+dNgVOX3wL+o9tIYhsXQPs=,915.0
consensus_latency,EnPxCIFB6Amu3s1bPGw5iToFgmOw7mXHpM7uSyUX4wI=,915.0
consensus_latency,QFa4ElFMU1pB0UrIwt9rQGznsu6C6xUP6PF2EEoMHEk=,915.0
consensus_latency,n+Zq61XYRII/ZmNZHbNx9dUq4UbdKMXHLiH+SSmAaHA=,915.0
consensus_latency,hzhFlxPXn+jweXvXF+wgachtYKCP2PX5hK6ra8z+UWk=,863.0
consensus_latency,2HVIdOzXOinf3BPE7Uu/bhnQjUWi3RS35t9XZ7B+2co=,863.0
consensus_latency,6ZW6Qzq/wCJgA7VFkNy+cv35cBgFEB0p0iIdxiuQXdQ=,863.0
consensus_latency,/85pGoMMCBHcFNF0450PSHUNjY61tCquTrmTMWJM+Uo=,863.0
consensus_latency,XeMepyQvWnaK5CJl/iucQ/f+w0FtYUvIntBIgLsigYk=,861.0
consensus_latency,wLFGfPiGsvS3WQa+nCGs7q607h7crltAIod8iPsKQTQ=,861.0
consensus_latency,yBTuYKzOTotAD+nqihuCKcj0bAt1fLB3TY8Ax/JG+UE=,861.0
consensus_latency,5nk4fohcLrhFrD6cFwZ5A497kMzbyey22tVDgukijS4=,861.0
consensus_latency,Di9/bgC45K5FKZBlSE2Pi4bEv1GmPY8aRbidrFwAi7c=,861.0
consensus_latency,HAfPV8o6pogCnR0At/4up1e5kq2dZXittgPSShSCM14=,861.0
consensus_latency,gJqzPKxJ6evJVMzzDRKZecdlCKldxyViLvyFMDGdYOg=,861.0
consensus_latency,9d2AZS30TOW5UQBSfa1/vM++nvumX6eTag19skV5uFA=,861.0
consensus_latency,L7J5183rDF5RdtbNcI/c4gocxRtbf//+W4DDaMaB98c=,916.0
consensus_latency,i5tRIjGHAxmKNnGvvPGqcmlvjn3FCEdVN4vem33itkA=,916.0
consensus_latency,AfuIrDLbvzi5GyWY5gXXzwB56cnJxtcfeuSnQ+/edoI=,915.0
consensus_latency,AHAElUk2uR0+5pIphQQI6ZrFelz3I4NuLWyIsV1KNCk=,915.0
consensus_latency,b8NyEATIw69FwaJKshJzxeg+wHGx0hQS6zqBw7SjGrA=,915.0
consensus_latency,gaHHAR3JzjI9RbU+LAYfri4CyXYCnD/Bwopa7/x0eeA=,915.0
consensus_latency,1R7B9d6dAPh5vy2dSyrUg8Hdo2Ylz4jGhiZNpG0DUp0=,810.0
consensus_latency,3+oeQ5zD1qSwPBpG6c+Ryt8VTi1TmgxsPeR3E4YY/Ps=,809.0
consensus_latency,ToSaeZQNsBiK3sn7q0GwGGEgMZiWV2fIkCDuKNMd7m4=,809.0
consensus_latency,XHV10SnYG69LMgx78X51jBGOzOzGJ10QWgHfFCqlZdo=,809.0
consensus_latency,V08Eeihmkemhe7v02BCamj9Jr9VoTUfIDkzcf3R7aIU=,809.0
consensus_latency,3J/vrEu9C288frUiSWHnle6jre7VkxOoeyb3inNjJ6M=,809.0
consensus_latency,8QlkvezL0vhMYTG4bUg+v1XKuy+TXtfNKm6U2f2aoOs=,809.0
consensus_latency,AoJS4Xn7wqH3RCH/EktiPEn3TNCgBkF62aJkiLSt7+4=,809.0
consensus_latency,spRj6x79vCkEqeuWK5glaPvykvP6BkunN0SyBVOVqso=,809.0
consensus_latency,uIPOOLDt55sskLt/52dSIDUwE4KC4NbRLkR8Qihk8BI=,810.0
consensus_latency,+B75AFBpFDLtAtFwHJLmtZlFz4kLDagPOnHsnEDp/9I=,810.0
consensus_latency,w+Y2lRmQjeNsVtbqEmkcl+A+zImyyT2rnbhjo2bzCqg=,810.0
consensus_latency,+FREEbkY87d7HKv8VunjsLyoTYtiLD8XhJ/H1Kg1HIo=,810.0
consensus_latency,Y1YTDENT0J4rUDcuWzQZv/PnxgTwYFB4ASz46Heli1M=,814.0
consensus_latency,m0tkz56vgRBpHGyz1kpFRWNhmJNZGPyRiQ5VfUr0E3Y=,569.0
consensus_latency,879DQrCS2fXl6BHDduD/Psu77vHqipPg7b3wdmwwk88=,569.0
consensus_latency,p9S4IerVf4Pn5iBTJPHuxim+nuPllEn1og2seABnS4o=,1837.0
consensus_latency,ogRtw6NO37PZO+wfYraYkvUQFAAoBgeqHN1kfKRyPic=,1837.0
consensus_latency,2isvZ1eL0vHRDaA2A3gEyOEAMS/ogk7F4LM4wVNFJ74=,1593.0
consensus_latency,PTN0IWPeQVBbptTAjzVkrNGNgKW42YdHgTowx8BdGbE=,1599.0
consensus_latency,Qh/Pbo8KRmQcKpw/lUUr7uPVW5u2rvuTMolCnWgp5n0=,1599.0
consensus_latency,T7EhuO2AIPeD63D0WlWN0CZcudA1iff8puh+22c1sGM=,1596.0
consensus_latency,1jJWgT12VYYsV4VmnZgs95YSB6QJIJwwfvVHIiUQudY=,1596.0
consensus_latency,QgVrsQVVT3uApcBKXXArIXatkQbVlUyWxdI3vihd2lQ=,1595.0
consensus_latency,9hGDQ+HWR3GL8VQaqJOEtC1bmfUtjPP6vCMdOLHfdE8=,1592.0
consensus_latency,BhEXS76ylJ+mi01VGyqKR1TN0bt2qaw3Sl3lqZ8cv6A=,1596.0
consensus_latency,EKTtYqFu+3o+Km3F9NnZKCByfBJWOpL6uPoz8ovolFc=,1596.0
consensus_latency,DJEVJA+9yuB5cXZSyNgDBTCTsvl8WT09DbK+HCJAn1g=,1595.0
consensus_latency,ydYLg5W/mGD8z8zPL2dO6ImqA9NuPnr5jaPvi4pDPwc=,1595.0
consensus_latency,VfP6GLgNxAf51oR4I6zk57dAnDEV7c0YoT3+7flbRJw=,1526.0
consensus_latency,EsQEwr5PWys72mG6B7BM3ybN9HvRXdC2mHWeerARR/k=,1380.0
consensus_latency,LjPQJhfstDWWG0dh/rmU+SCIRCqm9MKjUufkg3ytXjQ=,1380.0
consensus_latency,M+292+4ZCdGUx9j5iDjWsxjkpx6O3WP0PwfXxsPYgC4=,1380.0
consensus_latency,4cmHPaqoCiAJLf+UvxtD2qj92gsGzlNBoVusox/N6Jk=,1380.0
consensus_latency,+8Mc8bJEzHYKgHNc3KlcvoRxQVX3dTJ1nhkATGdKKfU=,1380.0
consensus_latency,IVU4MbDzZv3JzLkppEYMUTMzAoWxpHBSGTL5JXnqRVk=,1431.0
consensus_latency,mm/zTyWQ3AOZfiUJYVYztWyfLxDwvsZWwCQebFC7iqo=,1431.0
consensus_latency,rTccfk3Pf/ff1kjc4DkULsHqCUTQs8jT6x3OMFajTDs=,1431.0
consensus_latency,BvcVSlM+Ktnp4LB90g2jAtqgruUIJagmQSF0+pWybKg=,1429.0
consensus_latency,j9PlGEet4oRZYNWhaKk0BOqtuOfh2q2+OtJzHWoGqUA=,1429.0
consensus_latency,8JyPd9Nh9I4ZWFDa/t4AVx19s1CKgpAgPrGZPUJ9Se4=,1429.0
consensus_latency,bqSSTH4MuwDVmfW+/fWKhVrZoG7hlMxLSRpKa5JNCUk=,1432.0
consensus_latency,ii/a3hG/KrEfaHLUJ1VUlIm0O/4y1XVMaqa4Tw5ghnc=,1432.0
consensus_latency,pF94AbN6W/M+lDYDRo3DX3fC3Pi6yuh/A+zBwNfZM00=,1431.0
consensus_latency,UgNAGkfb9af0IdbcN/YRdzNQEEutRHTEEmwZtNAe0/Q=,1379.0
consensus_latency,faiKPfdu+rktA5zFImA2Xx/+VgiXhLdwZgnRDC7pYXw=,1379.0
consensus_latency,wynLg/O89wY6uj3YRpJLgL4o9TKhdZzIbw7XaYk77Zk=,1379.0
consensus_latency,3MM5DtFsw2CR/K5Yit/FC1sxeAisqIvc93spH+KKuHg=,1379.0
consensus_latency,NVNVLtH9xiQr+OKG7I/bOjlv3TUXZsG5QfcOqCNTSH8=,1432.0
consensus_latency,dGTYjl8yn7GHpOBlHUQWin+fjwjc48hsA3ScoWdXeoo=,1432.0
consensus_latency,f7EJFZiXPxKx5jgMadaBTfW69aYv72OkCCwxV9c8qkE=,1432.0
consensus_latency,2MNBejH9E7a6FduO7xmQJHGOMC2yqoTG6wRJzbRDVcc=,1432.0
consensus_latency,I3+98EyUmxiQo2xpxWXMBnmIfuJnYd9MJakeh+sZ/M4=,1432.0
consensus_latency,ZgW/gMV+kIspmKa6V1AN2hrY80zc1RzGoocQZvvAPco=,1432.0
consensus_latency,77QgoVbnT1GLgrYfc9yYRapSKE+WoAmFeJ8Vxehmj68=,1432.0
consensus_latency,8mmCa7t1G/Xmgq/Ou80oHYGa8m/dNnwLn+B54HtxT1M=,1432.0
consensus_latency,KgzQMfwCL68IOphApCMgZBWJ7cr6sv1SHWxY+pY7NKY=,1380.0
consensus_latency,gFVB+3IKUnTvp16xw/IEH18bJWys6cfll/wKfQcgq/A=,1380.0
consensus_latency,rsuU7DLGIZshbnObhG//EAaeXA0N6rSWkyf482n98gs=,1380.0
consensus_latency,+DDDyRIBcZ3NkFONN/9d5qAKDh3cMl6JXm3+VVajr9E=,1380.0
consensus_latency,VGwWiK/ukDWaOqB9PfrhecZmZHUZx3N7eMqg6AFcPyo=,1431.0
consensus_latency,WO1mhcrCY8l3EwabIu0tdopUWXCMVlwaz9D/uZTRl24=,1431.0
consensus_latency,un997g8r3bO57i/bRzV7vKW+czorAFDFn73UbPHyRSo=,1431.0
consensus_latency,5hHXyAbCJ5ech+JJO62BTf9ZhTH4rsMtk9L3qhOidBc=,1431.0
consensus_latency,OZrdLPzc3ZrsPqSXeFghWPxy0Ql4L89/GXcXbDnk4eM=,1333.0
consensus_latency,xlQMLA9AbAtTudE/cb6yvRFBiSUe/VK++5boIglpnWc=,1333.0
consensus_latency,EzfiUoa7JcwC4bsgPJ8MtQPAzyzfMmUdilRzz5rXgEM=,1330.0
consensus_latency,2AstXe5pMsKKK3XIkUmlPweGVmdJEK2mMaycPL7P+TI=,1330.0
consensus_latency,HXl3o2vWBHJGl/pGbfMe9936ca0aC86XOybxF5bQx0I=,1336.0
consensus_latency,r1jA+q8KxRui7788dd2TVv8GB+Az6Rwhb3ZWPZAnlkE=,1335.0
consensus_latency,0t6BOOVLR4ffYcPEjxoTz0i6dwoi9SdpOFr4485we5o=,1336.0
consensus_latency,D5i4StybvistcwLQBgzXck6Hx9qR/0VA86njWZbMCQc=,1333.0
consensus_latency,nknCw+uyyIl+KLHXD3GWL1qqgJgIlyol+v1zZJL8bhU=,1331.0
consensus_latency,Wk4g6BOQbeo3wtUyHJ4WyGNe09qSN3KNrFTLrnv/v2o=,1335.0
consensus_latency,tn/qpP0LTFyLQDoP2rCCdRW1k9KpQ5PxhBEWSOc8Puk=,1335.0
consensus_latency,re534b1Qseazaj5LdntZmkXT2OHW+yxDBpd0qH4xWLQ=,1330.0
consensus_latency,2v7a3mZIIEU9JB525XfGpa3u8EA37oOSBnwf/unSyVY=,1331.0
consensus_latency,OLcJKsqSTC4XmYX58xlTGs8X6B0RPeQTWB+uWu8ArWI=,1085.0
consensus_latency,kjvxQSoNNqZq4sfA0P8BqLRWb6qw0vRZ/yGDbvvXTjo=,1085.0
consensus_latency,m3MwVHHmo2aIkO01HdAEo0URwy8c1OVcYuxbHpAeTPw=,1083.0
consensus_latency,WTRjOVtpgsH5rD+gbMHq/oU73uaxilIVS1pdJxKznBw=,1083.0
consensus_latency,X3eN38xzruLxzZBTuLHZFXFLqjwO/sNH+xLvDcokeek=,1083.0
consensus_latency,whxeOKv2qo7lr6uZ1eCqC9hJY695oCNYmbAL4S0VWck=,1087.0
consensus_latency,/Ew7Ea/SAEkReqWQUCqpPH5w/dPaAui+dAfUEZ9jM6c=,1087.0
consensus_latency,FNYWLgTfoIK8N2n/aml42GnO+ZqrUaIUqrn9qHEjIcY=,1084.0
consensus_latency,NB+muOSewRsxpPT4bYyRLHtmGv3y8/slBP2nPRM20D8=,1084.0
consensus_latency,PgRrr3nG8dcL/PaidMMYsinsnOpOn2UI3doIN9lKlqE=,1083.0
consensus_latency,4iLuGqi8Kwnr12mTihSwCxJzgTe5MJy1s8RCHVk92LY=,1083.0
consensus_latency,MiYOSiY1veRMAFvdM3Wb/ozcQiM2TFFsHJIMnMg68fk=,1084.0
consensus_latency,5XXTclcUfk9S3WMJW4zW6Ox0/i+E2ezD4/T9mF4LmJw=,1084.0
consensus_latency,LBfRILNKlmD1QhCdOBwZgKJGfFwguLEy1fCkd4259dI=,1084.0
consensus_latency,5Yq24OGh2oT4Ulh/OkOsc4ArXqfFMQyYJVWuYkNJSoY=,1084.0
consensus_latency,Llj0HNVczG0x+7mDFxy9O2F48XDdL211OEJYP06XsCY=,922.0
consensus_latency,eq630f6cQepjnfXCvsHzmiNuRU3/6DLvZydNhzxLOao=,922.0
consensus_latency,2t8ywPTRW7/28TjW2bTDCDzJdJDn9FwFiGhDQfH5vNc=,922.0
consensus_latency,3QOeeyCJWuWWANO52jWKneL2EEaXHcOl5QMNriIJCKg=,922.0
consensus_latency,CbJ2uGcTzyhSUR4/Ao16cOl891zBQikokeMvB4H4VL4=,922.0
consensus_latency,vNbIPconk5n3fqh4PUwBcOT77hhYABv3+1+0w4wXlOQ=,922.0
consensus_latency,1KJiH74bpiqrl8w9vhzXGioJ2/HkWjb7CfiMW748rvo=,922.0
consensus_latency,Q6tqZoSX8rc57qkCbSllnWLzkfr5sy2juRpau3fnMjE=,924.0
consensus_latency,SyYmJ+pBzY2xlf0to6ustJWadVcCu647WXbOuCBTTY4=,924.0
consensus_latency,q9rxhD1mS93emshbOlp8M8D5RcjeNtXcU/qO2A+GbnY=,924.0
consensus_latency,zrRG2qjIYahlQU22sklcgb0WN5XER4fnUeKyiwHHqt4=,924.0
consensus_latency,GjyIZdZOv3v9016AqSMGmo5s9HXb7+qsKp4lLePb06I=,870.0
consensus_latency,fJm2ePCIZ0X7t1jDi/31V3DHiMYHc82x25Plx49PrEQ=,870.0
consensus_latency,l77bd7VWiSIymWwHMtd/oyjGEo6iYxLZEg/EigOSvKE=,870.0
consensus_latency,nno8TQiqdf7SYqbtp253j7JO9VRfEzkOmRkrOvF1Xhs=,870.0
consensus_latency,XMwr+JCiWt24jhzfOMS49hh7eysX/lDuiWZwz5wcYV8=,923.0
consensus_latency,cVC3/shUC22IXQ+zo8FFJTe+LIEaM3MIwd4TOF+9eCM=,923.0
consensus_latency,idQTYLLqLUeL2m7UXmDWokPm4dr90KkECED4xEzBW+A=,923.0
consensus_latency,W6gJXXVfE5H2kwtIUAKqq2UZmEeQ/u2DuX3nlFzAm/c=,921.0
consensus_latency,tvUsfXf28+KL9/IZL5Vf6gqeyM3g91GFbThqmikZkRY=,921.0
consensus_latency,6ZoSulxL0TkidpqfkXFJ5Hx0RcEAvXIqxopIbfrFA4M=,921.0
consensus_latency,NoGxZCsih4zieciA76ZnDUT1gKbLCWeQtjHCPTPLsdU=,870.0
consensus_latency,yLpqkyoPN85z/AQUe88Q78JtBPoOq77lJHNy1yP9Ckc=,870.0
consensus_latency,yTVOVeECBSJSkyxMOhHR3kAP5xj3V7zoFgNt8mcpQc0=,870.0
consensus_latency,z3OwNWC+SIkA3kCOpCErFrB5fgEZXb6VebIrJCYUgKU=,870.0
consensus_latency,2i4QqIQlJQH/nbyAmtmvFiWro8P3Of3/2iiCgkgwPws=,870.0
consensus_latency,1ThrTNHYse2YYIbTi528vp+1Go2OUNsgxY6TUvGrxDk=,923.0
consensus_latency,3xwWxdhgXEwMAyRz7yPyZliPyKKWYXG4KudJHUeLOrU=,923.0
consensus_latency,fRyRPS2yxyENijdAuSdUg67ZsZMb88zQgm2/mWl3PBQ=,871.0
consensus_latency,oqu0869q7hJAHaoTqoIrDJ3TGFbQlq5XAykcAdMAhPo=,871.0
consensus_latency,yqzBbKeQPHRsJ8XrW2BceczEA94WkqwcVeQqhFAsNAQ=,871.0
consensus_latency,105SCsWZUzuaBhsfiUL1vIURdM/WzYN3T80VIriwYco=,871.0
consensus_latency,dnloBTfWX8UAU+xVt9o3+E/IAlvi6Ws2V7cEjVORK+8=,817.0
consensus_latency,4506xCFPpiOK5P/LETwgQ5M/fh5tbQGzBNpzj3aMeA8=,817.0
consensus_latency,mRtq+DRocTAehXPTI+U1m+BwaxJpQVqOiDpyeu94dlg=,818.0
consensus_latency,344QcExcJPK+QRj7aFa0Vr6of1LidkXKXvPw+UVzjSs=,818.0
consensus_latency,lREkxMb7e7avmnJa5DPLS8ZNsgXeDOMDin0fjSvjzkg=,818.0
consensus_latency,pQS4AwdB27xx4hAszotzN3fgurHT7j9HyREN1g76qpY=,818.0
consensus_latency,XLCIB6zCATd0/myaOcPu3Qq4eEfbG5Z0/bcL3pG3JeA=,821.0
consensus_latency,ksf6rt6MWcWdBAg6zt2t3+uH1LLH8o8Q4hCqFxBm8JU=,821.0
consensus_latency,izsrpYm5iUIorGG69ducGanBmOKyj+4pqM6lDtYCrdg=,818.0
consensus_latency,/Y3PmH9L8i4RgItLt/C3YXs2wbERv9vdPmWpqbpo2ZY=,818.0
consensus_latency,h9Rw2dMYV3sHWtbAQxoVHpQla7ZYMvespIQZrYwKmJI=,821.0
consensus_latency,F8kJxmpbGiWQzemodnPS5/UVuOlBC3TRXz5XhU47SQY=,819.0
consensus_latency,nUDsgaVbUiRZuGlvYU1J3x8T1s9JUch24QYh/ynn/mk=,819.0
consensus_latency,gCdIOVfI7/4KsJKIpdUOAoW1iApB2l9zrjnFyAerKsI=,577.0
consensus_latency,ih47W1mztbexB81kp65CeD1b/gRbAPSKp3Z4zk2azkQ=,577.0
consensus_latency,roWWjT+pt7EVrkUK5EHZnMD1jX4yq+guDTPc2A/LjBc=,1301.0
consensus_latency,xILkIue/K2Og6IEiq9vfiuVZo1clDRA9U4S2z/s060o=,1302.0
consensus_latency,Ij9bKQHKkvxaHgd6UGkbt6q/hRKtWs9wsA2EPyrxqr0=,1058.0
consensus_latency,meL3nvV1/oAbBpB2cK3n6CQCApD7bmv3zNFwe92n8V4=,1058.0
consensus_latency,oqibR2688Hhi+4sadccX+OiEouG7joSqcSyFMLABgXo=,1059.0
consensus_latency,6MLh66uWzh5FVG3JBZNJhY5pXkB8MUe+eUpPxiqAxAU=,1059.0
consensus_latency,+AJsVtkDc1fHlIl4BVYxXyEAsGTNu25lgcSfmilH7wQ=,1059.0
consensus_latency,WjPNMCedE7j1OsTUIvIrEP8YYTHt+DWvk/CliYivleQ=,1058.0
consensus_latency,tFckeMOuDQIdEi3gWpbhB7SjCSEQlD3/V+WWm9wMk1c=,1058.0
consensus_latency,wYmI+5FH3oRPR8xIBZwpwHMmszsKdHqgmCpXVhmw1ps=,1058.0
consensus_latency,eL+biNta2DUa/cX7Kf4fx9pch0+0YMnqk2R65DmANK4=,1058.0
consensus_latency,sy/msAjri4CvyxORFGCbOgnksIk8i55M2Qz4m1qL+g0=,1058.0
consensus_latency,AqmBHvlMm/l/WOix3DRaJhNfrQ7PCz9c6Bjc0m09taY=,1058.0
consensus_latency,yNmAjVFlYU59aomGd6pw6/S8N2BLbTOixjelxPzQqbA=,1058.0
consensus_latency,6RHqsNQHo1KjU6s5LT7VzbFJSpHhVS7A7SnpxUNHGoE=,1061.0
consensus_latency,+yworBXrUZepV5YIe+uN/e/O+FCHNV9B2j+0rJ9hAK0=,1061.0
consensus_latency,exPd4ZOFDUt7JLeVSPu3NvcMbQpF9tlkKa9IaJiWBJE=,1061.0
consensus_latency,IqzFput4IHXLl2HOfkXpSHxZ68lH0NBQ+Rwo57kZP/k=,896.0
consensus_latency,VxPWkQRSDPAN3tOUJLIJ+YS2q2t5ly7UK+VY0QZ7qq8=,896.0
consensus_latency,a3kr526HyXj4TUzP7HU7VKw4RTX1xAt4z447mNsnuuw=,898.0
consensus_latency,6HD6PaJPofjbsdLw5bE9eSYMwkttVB3oTN4RLLXtjZw=,898.0
consensus_latency,7D13x4vlLZfpKQrF1AS6x4hDXSatUltz4dJBjjVJCZU=,898.0
consensus_latency,DfGCEhWxj7A61rLzIn12MpOZOZ695vukwz+mHvNJktg=,898.0
consensus_latency,j8CS6eA6Shv4bbXLRA0BLYNNbomf7RjCiark+vV18sw=,897.0
consensus_latency,qLR7UxGbulpBBsCy7c0S/EHntZ//hcW7jokP5sR+dNQ=,897.0
consensus_latency,rHbNMjTpQQYIv50l+0S2UYcZ0XbVXLPXI2sD1nu/JQ8=,897.0
consensus_latency,Fm3NnWr6hiKAedts2rd3C9QnRVSO18ilCSzTDCMC7qY=,897.0
consensus_latency,GlufKmkxHTacGejdOdxiCJLp8DLRR4EhgCohBgACgXk=,897.0
consensus_latency,RgF674rtDDpWYANHrH/AO6UhRVoCqZKLVek5P7xWh74=,897.0
consensus_latency,KiLuuIJMCkVR0iqGe5KssLI043bv33zIn++r2c/LsnQ=,847.0
consensus_latency,ibsrgOn0F5VpWdgOLxSXSwGVrimA+8OnhduFdEgNwj0=,847.0
consensus_latency,7gtPPtL1F1QKqDThnyvNK2/GtiBHMNnzORisiMd24gA=,847.0
consensus_latency,932amcbRO97nLjLVLJGGytkl+GaIZ8HmAqZd6gyuF7Q=,847.0
consensus_latency,ACthrNzpvYZZQM205HNhAzpMhYkCfix5qj3Cuh6x85U=,846.0
consensus_latency,bn5D6pBZiS2wQz3k2xqMMZw1OVTEpHby363AlLHNLfQ=,846.0
consensus_latency,fwppgJYCmcgNh07V8SILLI2ohqFXLHIihs+pNQogGPs=,846.0
consensus_latency,jdjCQaQoa3xqvMOJiobP6Mcg90rush1HuoCzBHMncd4=,846.0
consensus_latency,N6oVV5p0b6NrjvPkhm05PsBIHXcKHm+ddnbmF94lQfM=,899.0
consensus_latency,/hhqIKOfO6s8KuGWi2fHqZmwiCIYQIwPnqzfUSPMz0Q=,899.0
consensus_latency,YZ48BxViarlHVclgkHP4rDieg5owBuDUOX453SXvKAE=,900.0
consensus_latency,f/PTkYIlzV1DhqSZob6qo3orLmNnvqSjZcTLh14I6Nk=,900.0
consensus_latency,vRcY8HwIdqSzZWG3uLtWn5W1vyJjaMYYGbbw3Xu+NeI=,900.0
consensus_latency,9jxar4VSkjXMWX56uxSci/8p+3sBkJYD9V46gsao8uQ=,900.0
consensus_latency,KhOR7sp4tIJ0FRJNyhLRyUOQ8H7trFYJqlEP3xVtc/s=,793.0
consensus_latency,l6/dZQHGuNAFBKbVAnJ6hQ4WJD+u1XaDPoB5I1gkrb0=,793.0
consensus_latency,8+YVPmCU8OJtYmdFWr/Sdu3EDspT2eqsd6O+U68u/uo=,794.0
consensus_latency,b105YmZ0t3NY4fTJ9zxyS1qJGv7pUhsMro7zR7b/eVg=,795.0
consensus_latency,u0rmku2MkTb68yHvQz8gIe3INvJuQu/+pexOOEmJQ/M=,795.0
consensus_latency,noehAzAyp+Ba1607E8XJpbYI0zSQnV5063pVdwPCEIQ=,794.0
consensus_latency,2rJZEmSHGNXo8tcIeWG5JB4FRhhn+IfT9Fa1PfMW5WI=,794.0
consensus_latency,baKHLwnAkavUMOyk8o9eNsqc+2pulv5iOKWofkhARu0=,793.0
consensus_latency,iSl7ohzBA7TSEkIDXzCTyLS5vaDCCOO+2X+3EckHw2w=,793.0
consensus_latency,Z0sRmKvChOjU8mnPBZv4lxLXINco3JtV4aG6/xKkqlk=,797.0
consensus_latency,i62/FLQWxOMbCzEOcHoLoSfUwnxgtEePE/0dSaWNWSM=,794.0
consensus_latency,rinoApYP5EJfLBF98fIoP0BBqF4a4LfS/y2pJ0AkMEQ=,794.0
consensus_latency,GfCnQEHy70ic9m/lHX/2Z9nnfRwm76ZpKdXMewLG2IM=,559.0
consensus_latency,yS54TKw0Dn5agcsbPyK45vzgj8j9bH68GOJR79+/Re8=,559.0
consensus_latency,LI7V6DbhXX+MzoT/k4/ADg1S37CmqCcGwzxqIwREMlo=,1527.0
consensus_latency,NW2o4nTDRu/+d990u0zAdJJADdWz+BPwlzuY2gDAmSw=,1384.0
consensus_latency,c8Uj6RtHVtvLXIzK1nVK3et6zFtbXsFy3fcOEbu+BBc=,1384.0
consensus_latency,gt0Z0sSdKev9G8lv+usKvhdYXyUUpYnkLYy++IPhEyw=,1384.0
consensus_latency,hWwWdkpH4664UqOHhZ2+45+XA2dYiJZONeJgctIgSE0=,1384.0
consensus_latency,wqNYBAtiBlLn7Ie4BwQQxWDMpdLHZfmYSgz9dKLArEY=,1384.0
consensus_latency,FIQSiycPfxJABu4QFAcxJTo9RA+ZWo1zoQrjM77WNF0=,1098.0
consensus_latency,dc85JTiUq0tMJfmkr5icNSlsx/AmHwAX7mhg7TEeGnU=,1098.0
consensus_latency,hP+x6J7PvJ1T7poRcBBni5TlxqpQQGV9+cmXP1HrSpU=,1083.0
consensus_latency,AfjG2POT6Ch3f++C+4eHL3CbHjSupVXiV0s1nZDgL9A=,1096.0
consensus_latency,BLXpEND35T/aEhR0CQ88FjKf2rrs6v8o/cbjkTET0M8=,1096.0
consensus_latency,svqg83QD31hfN4DM/5px9js48EZjLYFE0ZaGbolIxG8=,1081.0
consensus_latency,zElDcEv34Ia1AkOH3v5XY98RbBbFDIPvpHZunEpR6ww=,1081.0
consensus_latency,4WDmKDb3kix0K0fvo3rhdsUD6idBf+EbPiM3OT5zQ+o=,1099.0
consensus_latency,fnHnfkj1hJV/mpLU9BVJlqOXyvLqkvfZvsum73y1E2A=,1095.0
consensus_latency,ZFpmHJxiKd5xwlmVkL9L5P9nwYdn6iumneCCLXmfe6E=,1103.0
consensus_latency,A+8nF6wu30az/9G7ugHib6j+vGTPmPt17xtjRUv+yao=,923.0
consensus_latency,N2BATmZhXzTOuFT5cF3Aek+E0T+iISP//1upqOCFGNA=,923.0
consensus_latency,j4majPyOX14OffKwFIDb3gNFB00xwTR7UvpqMXYaYEI=,923.0
consensus_latency,5WFyP/jHtValneTsXOoWRf9sx0o6M4BmJaidIog7IpE=,923.0
consensus_latency,FMQzGYivkTE1/ODZFUcYdig+HWuB+7YUERG/0oUvCMU=,874.0
consensus_latency,VWKAmHuSwHNO/HYfYS32q+tcR8xvsdhyLNiuP8/VR/M=,874.0
consensus_latency,089dLafoYbVljI3vW3wROHdkuef0/jUjLxoOb1hhqCg=,874.0
consensus_latency,4r3Z9cKjd2isohivfewFyzylE7gdmFaHbPu0JeSPxtU=,874.0
consensus_latency,AZCIvddfqO+pUXpxIXCfg+VulgKz8Lhbd9Zv3Ji6fcQ=,871.0
consensus_latency,NQMiK75w0+HjlUIBS74Bvj+IdG9OuTH0Z9sBeisH6sg=,871.0
consensus_latency,i+IwMlryfys9TTbsmoIKrkky78QHLv0MH0I/BV94mzs=,871.0
consensus_latency,zk2eoQ1ZpmsJK6f79RpNyguHUijL1iMr5P3R1+dXuSo=,871.0
consensus_latency,d0cTvjBsgUNFVvMXEHNRn5Wp9m4EwSPpmFmX8aynb9c=,876.0
consensus_latency,d+pRTKnw8LRgIEuty028+tAZHNpKRK9yuc6kZj2vzB0=,876.0
consensus_latency,l6lUvoT+miNDnRoIqgB20w7S2tVhYDea+LPZgPHbNb0=,876.0
consensus_latency,2rE3fXWyNuHYg9V84Nfj9/aZIvLvc3FsE/yqA2XDgJU=,876.0
consensus_latency,BC9kP0qsxFBGWhvdPNzUrgaKORGF79XoORBY9TJFpsk=,925.0
consensus_latency,BYP8dE+WX5JRa+lSsIrEGyd9NylXW0RHm/25JBtxXX0=,925.0
consensus_latency,gWHoxQjqiofl9tY/q0n6vSWK8TVQL3uQV6sCo6wIjuM=,925.0
consensus_latency,g22sH0dztZhFgDf+BQ3ABczCgFk8EDLpGnYJg27kSKo=,925.0
consensus_latency,C1Fl0zQcqcTog+KyQ0ajbfzVhYBxy9bMP4wgw74v8VI=,923.0
consensus_latency,b7+E/E/s9EevBqh+e4we5rs2ESXG4X4vO2APjKPKu1M=,923.0
consensus_latency,dVNJ1NZ0HgZ9a+x6yRU/s3Y9GH1KiicKFgaVS8AFw+Y=,923.0
consensus_latency,fR7cOxwzj8h7WUBd5qKe9LdLLYJHkSKtmJhOaFQGYOo=,923.0
consensus_latency,bpG5JJcuTAkO2NsDsccZaiE7TGCJhCpZz19uuCxl1dM=,924.0
consensus_latency,jLzOIhlnLWDKKOw2veqtxpy1ao+h4YZyymxfW9SPi9E=,924.0
consensus_latency,8JSd33D9RR/ivBLOQgq1urh0w+WseV7vXW6gAO+pwvw=,924.0
consensus_latency,It0/pU7Tfz51R4QGbdx+nlWx1sHP5AKqejXiOMJanXQ=,925.0
consensus_latency,hMabZVe1PULSjq3xA0KuQ2D8ORto2iM3qj7d56EAlGc=,925.0
consensus_latency,orIoqiYsnXjzfjegEVpYhkP/aY/6fqvlen+RRMh3dks=,925.0
consensus_latency,Uk2xhr2/NVX0Egg1u6Gjie5S0m7+6mmO9IqH+IyiRmc=,923.0
consensus_latency,ztpKWgZoh/32+aWjBeBmEXTE8dqsJGADMKR+eFSDDOo=,923.0
consensus_latency,2Widb5XVcPpMz1yxJaEztdFBfZ/SEOmf0sTF2PHLKo8=,923.0
consensus_latency,xPj8E3DWJdaMZdIbF88mxDleNFMM/ix8vGDMrnc+fFk=,824.0
consensus_latency,kh1FSExqfAWgjlHEkcgXQ28C2/1tQpicHB4A/ec1Utk=,822.0
consensus_latency,9hmZXtdVJKkLhPazqRhYdvSKIUDBuEnSAUoGRCX65TA=,822.0
consensus_latency,AKd6jajoHp51Je1Z/pq9Kqem/1WHvZd2CMYPUPKGtvg=,823.0
consensus_latency,vIRruriF+G4TYP25OCw67ITFbyEHk7m4JfrJZdXSJKA=,823.0
consensus_latency,dT71zGYAp+vCs/jh39L20JekPil3qxnUu81DVnIPPMY=,822.0
consensus_latency,pdSfaazbWckZlxJM9mwqoTEK9kgqJLNDxtGGcDGx1Rg=,822.0
consensus_latency,DPxyHCbLroLRz+87I7dbwd+KwQ+c9MZN2IcToBcD+nA=,824.0
consensus_latency,isPf5WLFEi+t+cMutXxys39p1gwxefb1pBnVi34r8Lo=,824.0
consensus_latency,wwMMEU6aou/XSd5cYHjICIdhBI4i2R9P7pZWaUd3nZ8=,823.0
consensus_latency,9IBcdroBTcVG9zcC7VD5vhgcv7P9VI1ztgM44Vnh+v4=,823.0
consensus_latency,2ZzDPGHKrybjwcFzpEA+qH+Myl7xHyt2xNBCPmsUJ2M=,823.0
consensus_latency,6D7hmUhSKbKThxayaD15TVjI19PetYl6Rk8gocQEHYA=,823.0
consensus_latency,JrqpwRj+UANJVfNII77DakDWUOihRWG35Dan44WaTc4=,572.0
consensus_latency,pQx1IVDkQSLQ+Xdmbze0FxV1VtG69zzmcQ7ULd74I6c=,572.0
consensus_latency,hs26OopHV/VSVXvaOTtXbRMg0oX/t2O7h26ro4X/9BI=,1335.0
consensus_latency,9wLWTnaoSWFZccfZtBbUWXJl14KHudOxwQUCmsnOgqc=,1334.0
consensus_latency,Qv9tS5iUmEjdK/cGcCt85W4nE8aVJQhKvw9/zzlkuV8=,1084.0
consensus_latency,nWjPUOXi5a5BBARcn4U4uOaLsTcmyNDvshslW9EYP30=,1084.0
consensus_latency,ANvD4mDhEUIreG/egw6YlrkLrVEF9M0id3yLTu4HvTk=,1084.0
consensus_latency,lHqOrTPN25vg8isUAVw2ZcmUjpdcu/Cmc1Xks9H2+fo=,1084.0
consensus_latency,LXmd5BHSjTxYcDpBKDJT41zdjPOUINXxtrRRLbgVCEQ=,1081.0
consensus_latency,v3ryW96nyF81oBkfCfBfijE+IlLSOUEAM+SHOFVh0vA=,1081.0
consensus_latency,xbXR00c82Za/Q3gwOziFy+KuCsKGS2BplEIcpQzxh4Y=,1086.0
consensus_latency,JgEV4+LDf4ZRlEXuicqZfcJKcNulzdEWjspeCByThZA=,1082.0
consensus_latency,WeJdx73U6GQH6ifuilMf9kg3WfSD3e0Or6/8YLJlL/s=,1082.0
consensus_latency,Ischiad9yJ8hunCmfYlt4/yT6KO0M+XnxMfMvk/VvEg=,1082.0
consensus_latency,qIVtewcPS0VGlfwoDbQ2Mj4fBTLD2x7aspN0sVekpeM=,1082.0
consensus_latency,ES1QEYQwb7AjImM+F/ntaRMVkVVv3GMwkBceR98ZfO4=,1081.0
consensus_latency,ZBICM8JAE/yzQLb0GgiHaByVZtSKUXdpZ2GyvAtVzQE=,1081.0
consensus_latency,H+yLXSYHeTirHssITSkJ3N5RdxX49gdj1SrcULhEHP8=,871.0
consensus_latency,XQa7IOoy58/H3rX5+Plt589JhjGz5Rm9FdBNd+FxRqA=,871.0
consensus_latency,aVcDpLtr2IBbbRdrFglXTDKCHFaD6Wmg7wcgnxzSuXo=,871.0
consensus_latency,pcQaEJleL/lliidqz/ftvto6NoEkE80krEU/6d9bDNs=,871.0
consensus_latency,dzKS2LDJHhV7AcFxy5ysjvBtiLv9DR2WRHrhBvpA5as=,872.0
consensus_latency,i+abaHRu5TgmYMCoX8MPxt3vHvO/XUQ5tn2NgwZ9DAg=,872.0
consensus_latency,qxevriNpUm5BT8Pyc/8MwtI9lxzNkdMHN3BHKAW3bl8=,872.0
consensus_latency,rbomO5xs1DHeQJ2Y4evKfH6KpseHldd8BeQmOZsMlxM=,872.0
consensus_latency,bmq5XHbOMRxJnzJhfMQG35OmkPXY6ZJeGyFX56prCaA=,922.0
consensus_latency,tLECZTQ6BZ36iYdk7cHYlP6L80tXczgIIIqq6WnKcp0=,922.0
consensus_latency,yIJPI9TAnwe+MsjtIQVFRfp99g5hnUOOO2vKPeiCKuI=,922.0
consensus_latency,QzarX/boOwBBHhbLuffvT1RqN7AZ3G2ozJ4YMaWB5nQ=,924.0
consensus_latency,XoQKiDKzHGEQn6Tof2YraoACvRNwSgX5BlJt99bf0N4=,924.0
consensus_latency,1Hbq/3OxiRCyRM4P7CqyT6aP0t8VNjFhRfo/fihlmj0=,924.0
consensus_latency,EUBhd03F7t+UD260Xhhjei7VeAjtXkzOPNRSciAnrY0=,924.0
consensus_latency,lPx1Vvj30JUKJQTPlifmw4XcCUTRBgPPvPAaaq/pdoE=,924.0
consensus_latency,23rYX8PGGxAo3Cm8eDxw1Ne5rJ7pv6Hg1QORKHyPSxI=,924.0
consensus_latency,Cg4+3Qp57tipv8QZOQe4jhKCozZxTus9F4VwfZtBhOM=,924.0
consensus_latency,prCiNNAAS8dl8rrY5ZNb1F6/+50tmD4ubJmQ2fW7Do8=,924.0
consensus_latency,vR1v3jZbMkBC3iiE++hGZST6vcaGh34hZwrycNOPUj4=,924.0
consensus_latency,Nga3R9TpJoSC91ANni7O2psz29wXmR/ahRGnKoA6R7E=,923.0
consensus_latency,gD5FRYg3TOA48NmAog8M4pNE14HyUjLaFvZtoq9Z0pI=,923.0
consensus_latency,tTKLhX+wIqy0cvME9sV34xGUxgmvT/RqlkdUHuRN9OE=,923.0
consensus_latency,wLu8QBau1S0ADVT6Pk8SLLxg2AmOZwPrktVavOh40Fo=,923.0
consensus_latency,BrAxtLRhFY9flNVfUV1MdFghprIGMpDvoP7QYjdEDtE=,873.0
consensus_latency,MDXetuin7HpXkuJwH66xZPulxYcpXlakg927jXn3IdU=,873.0
consensus_latency,S3y/TLaIuEjGe4w/ZQk1w7gy6fpqk1HMJbekd+JSkwg=,873.0
consensus_latency,hes6fPphjX9VfZyw0cINW/EhDpQ8Q7tVvO6hIZVUAz4=,873.0
consensus_latency,/c1kX4BZ5b6dIABJQze9qLDOjLb270GbAUoOYaYmtWU=,873.0
consensus_latency,HyxAb3731CIpywWvQpSIKi7+FPWfc4r7GNactpobnjk=,925.0
consensus_latency,OzZh5BzP6FsntZXoPpFnyFXXr9ScLktBTccWv1T+/6U=,925.0
consensus_latency,w8cZurEmRq5zcFkBwCAeWLsPNTxueGgGydYqh39o6ME=,925.0
consensus_latency,kKZv4eMGk+OBi0Y5KQgaI69qp8S1BaoUOq/znTLShaU=,832.0
consensus_latency,+IFOkESQ3PcxO8a6AZ5JztQkdnKz6nkPByB/jsUh6CE=,832.0
consensus_latency,QpcZs1MHot8pFrIzXvMkhwENE20Nwji7e+QN+BOzb14=,831.0
consensus_latency,dFDZLVblLd17HWSmmihwmIAy4lgs9niOmKf8BcLRQ2o=,831.0
consensus_latency,zm5j1BA8pDXec4NE7EUlJkdUc4cUU3VpzDm5z8kCGyQ=,831.0
consensus_latency,EdnvN1n0I+PreJkTC/2EUNYnK5KHOFj8SZplbUSWuPs=,832.0
consensus_latency,HENR8vlDl6Mmpk63gOp5Icndh/z+HqwEyyv/93TXmWc=,832.0
consensus_latency,oDuyKtY3T8C5xTEw2RUnd1jTGA3sl/rHaHVHbHwVGxo=,828.0
consensus_latency,z6LKBtG5HPb8qYJM3XemvGpV3JYOozYdUfrfFLedptY=,828.0
consensus_latency,S60R9+zJ9eO4MPQ47hpljIERXOkrFAsWl7kdEYA3aU0=,831.0
consensus_latency,ZbR06XR/1aiSHRrwI0KFWjzzJrPvD0uUyuW55dizpho=,831.0
consensus_latency,pwLxRQk2msnRdJC5TV6CFzspKKvDd7mN1j0UP5DnDEQ=,568.0
consensus_latency,xFXIGYeo99o+MofDTSStgPPGgu+UyyeC6zg+oCaEU4c=,568.0
consensus_latency,U0g3g9qEtceH27N1gegbLzLz7Zo0tsr5vxHtPs6q5h4=,2021.0
consensus_latency,aWKxog+I3BZ82OXEj7izSX/aegO03rYt+vUk6PmvQE4=,2021.0
consensus_latency,vhGWMSn7YEyvxisAuL/4sac71C1RPwBFmHjMA87CRVw=,1830.0
consensus_latency,bq/BZWBS/MFlnYU8UMIUuO8FTJzq3T9d905xKhWOOXg=,1574.0
consensus_latency,yOe+wdRoEZlZMEEnHo5cJV5ucS6OPm2VjYwogbaLwoE=,1574.0
consensus_latency,CMl3kjvRAqIK0FJ30wzb1HtWWNgioTiMXNPEqzyw/8E=,1574.0
consensus_latency,WgbuKEoxRmTS1DnaIRUVhXGJY8+1XbN6dxyAefXVCrE=,1574.0
consensus_latency,OtZd0fkUNXhdvhjuHZQUhfj1t3zMnNMppiVCnqAcfHc=,1573.0
consensus_latency,eO90ETex2xqE+n0iFpoitMseAX8kiI8J6D/xl54Ji08=,1578.0
consensus_latency,AXgjECzfRZpJxC1V0U2+S2/13XiWhrEebD9A4YZ0fQs=,1573.0
consensus_latency,nQDUX9+q3a/lMqG2yOOcN85qh1RDq7MfeTe/dKoz3y0=,1573.0
consensus_latency,BuYh0Sf33/oVF6iAiHxlzNi47np/oLqkSE+OFaoNsgU=,1575.0
consensus_latency,s87+vkQuYjhHxlTU1coaj4QJjpNoS7bjXvkPkz59x9I=,1575.0
consensus_latency,X26iQ09db883k4Q+tWk3r42Hy/RIjGsyHWnxm91Kz+Y=,1575.0
consensus_latency,cb8tGjjUucDESbKGCpj+u8I1D7bvryYZFDqup267D+I=,1575.0
consensus_latency,GRpWDzNi1vE9J21sW6kzP0J/xTAsiZks7wygUC1rGyU=,1499.0
consensus_latency,W7eopvieMRvPghuWVdK9HFB1ZljfdQR4us4UsnLatFs=,1499.0
consensus_latency,XmCbqXfOrRli4xk40bAM2q5dbeCNIUDgcRPTZ4LR3zE=,1409.0
consensus_latency,tja067s6WXJI3j+6MP8j0nlLJ1xk8bHcA07XJuKg7Cg=,1409.0
consensus_latency,3vGSsIDu5DuA2gQBEJf8PmIAlBGNJqxw/VW44CLPc40=,1409.0
consensus_latency,5cZM8fPbhuXuoPB2uP8VBpN3M0vVVf7K+Tv2XwJh8Uw=,1409.0
consensus_latency,Qh574AuWn8vMQMgAlqKVQoTKss5HNKV5hwHK0PSmd9k=,1358.0
consensus_latency,bNU/Y0V+KVkzDlWsWi6EsqXB8vs7Cm49BO42TJxLbvM=,1358.0
consensus_latency,puXroicJeyU1TPS9z69VHTWwTJavoNSaPCNd4lAzo5E=,1358.0
consensus_latency,tnF8MQo3h6Dt0P3IZIWYwr8QsGBm7Bqh3zf/9LiQkNU=,1358.0
consensus_latency,e4L+Eyx361rjvUElCuG5bmYidqHSCto9LLN5SjrR+nY=,1410.0
consensus_latency,oWOGVK1aKZKDWhUmcw4/i8aca7097oc5c7jt0+A3acc=,1410.0
consensus_latency,/UMVhlrS2v9eo4873dX41pHbrI4H6eymJAGtJhgdOMI=,1410.0
consensus_latency,BO4Gsp8ifTyDBKoJ3uVlo6mzlZUS0xgAQV4RRYSpflI=,1357.0
consensus_latency,MxODlLkAWujNm7Ip8dBjoRHSbzGzsygo/GhRDV0CnMI=,1356.0
consensus_latency,hanMbaxAPiI1a8XIoBg5t8/4LjEDMCWtpji0qRLWz+0=,1356.0
consensus_latency,rkif3NQ284j5smvrwcJkEisrLgT5O6wRs4zTykJtGqw=,1356.0
consensus_latency,5QGVBHGrk2Qe/PSGaJ6g6oDC9EZI4sAgRyIoRSOnj7g=,1356.0
consensus_latency,P5BCI9Zj61tCCZMnUc39lEbMdUhFmxoNsrr/X7bBpq0=,1410.0
consensus_latency,YCuLNk767fUjp0SWiinbAJT+IkBy3FpAF/pb5MuHQdI=,1410.0
consensus_latency,d29GPgQw7nnxUu3peQF5MoSccaL9O4Lfn0QQTUsUe4E=,1410.0
consensus_latency,95KrCZQ8TxFRsZPoaabhj6jwM6isufQ4Q3DHKZiQwwQ=,1410.0
consensus_latency,JHCUukKNpLWWoDDtzD2gCQ7I144xhMrF7M4RcrovF6o=,1358.0
consensus_latency,bNwrdlOB3uucXq0dvmbelt0RVEb9acX107bjtjsZERs=,1358.0
consensus_latency,ejcTYf4YHPxPxy/scUnedKT2cxOkjTu56rcbgGcDrvQ=,1358.0
consensus_latency,5qqUdfaIOSLvwE3Ge4svzOo666VVaLX81L0rwh8hDVQ=,1358.0
consensus_latency,ZI0Xgz4ogqX+xF6sMEYYjenTxsOj3oZVLT5ArNulcEc=,1406.0
consensus_latency,3O5phLxVhatNx6/pG17RVP/WX9karM5SogGSRP1yrRQ=,1406.0
consensus_latency,+VsyKjSWW6wzoGDWHfeU8DyQ5S6ke4qJIPbu6JuCd40=,1406.0
consensus_latency,iJnalqOWvbKCsmglzecUQzvlkTDNFineVoa2kTV8s54=,1408.0
consensus_latency,wfcolQ9HPomqZWLyHZUWFZX5Vw74llAc0/OeEIZ+agQ=,1408.0
consensus_latency,9DWkvCipHXwuIJSYCXRvF9y32pGdQia0tbI6reFVhiw=,1408.0
consensus_latency,Ba86Q0MqoJzPhWd4yx2dJr2Ma7alRIoLsZjTQ0PiwxA=,1407.0
consensus_latency,X5Cy6L0Wcv+0yFixbtECUm+qap9UG8LePjK62YBYucc=,1407.0
consensus_latency,d5xzR6r0UcGZJo/XBIzfd4zXd+cTLI4A7jeDSA2FVio=,1408.0
consensus_latency,1h8FrJjNUQmZxQfZdy6uWecwGl5kxmP/+b+P41vAQO4=,1408.0
consensus_latency,jC7fuHrQazfqIX47Mky5TPv1XQr5TbY+0mRrJS2z15E=,1320.0
consensus_latency,vY2rU3OjnwV6hWf66fQ9Yfjy48Jblp+DFOdRcFFhYpc=,1320.0
consensus_latency,Wm8DpScljkiy+NZazcwPufTIT/z5HapRyWsVuHpHr88=,1308.0
consensus_latency,ACDXe8pddxADXyoz9k0EX+NrooUPdfGeGtXlmj/ZxCE=,1319.0
consensus_latency,LetmuPTjgb6LHOma6p9VFjNVuWMSpzqF9vBXCR3oDTA=,1320.0
consensus_latency,aUyqupt0Sswxo8BcuU4BHRI/6WRjyJlEQE+EpCSzjTU=,1319.0
consensus_latency,yFa3bY7acM4oU1ifhHL4lx8JUk8mMS0TNHeAWrXKs2k=,1319.0
consensus_latency,IKEcQqXiuA3K3HzS/cBfzl7qK9Yx2YFmstsdaLGfY2A=,1323.0
consensus_latency,rAJ96TgDycVC9a3kM/1cRPjFPhVbODij5WPK2pQneMk=,1323.0
consensus_latency,vFCG6cWdJ89enoaAUd22PFFIAC+Ei1e87jBfWPHAaMQ=,1309.0
consensus_latency,5DD5qxNW9bf+C0CbIS8yy7XuC1HUnWc1EV86p1PHqLw=,1309.0
consensus_latency,V21KuNaLXM701bWnBY13J0z7isKvgn5QgdoiamKJonk=,1320.0
consensus_latency,myLyUcvVR7W9vObLGaHdQ6i/ginm8G0TZDwsnC5YT8s=,1320.0
consensus_latency,1A6HRYybEtq32/C8FWS5QnDTskjtZZnbmfftfHxBDHI=,1061.0
consensus_latency,3p5vIkJwRBupfNjSf5KS+aUvlxLc0XShnEeKSVxK0vU=,1061.0
consensus_latency,nfjlkUS9w71oK4qcO3SEppD+nq8xQwaefOPa0XwIcqU=,1061.0
consensus_latency,0fJKLgNLqyFYOKTUiNRBPF/uByO0z8nJVCpI90aKuw4=,1061.0
consensus_latency,IBDN4RPl1Tc2WK7XR/NBCeyoA5F64JWxEjHei5ZC+rw=,1061.0
consensus_latency,rMnYYByA69ty/Kw4asW+05JLMR4mXvXjt9J9iZ3Oz5w=,1061.0
consensus_latency,nt92AlOx4R1MZV7U6V8nFuefWMV25x0c2Fa/63zPGy4=,1065.0
consensus_latency,csB9bSjgOM74d3wCl3pQDnCslYKW2707ylgwgi8dEms=,1061.0
consensus_latency,vlfWkAiWvlKDsn7aLA0OVDOi92wXbkCMt/QX5yf8XPE=,1061.0
consensus_latency,hUU+YX0ZIsov7v4eYQDEChdEdAi+RAfez9yTlU/Mrqs=,1059.0
consensus_latency,aOdUNQaA2/x0IpHjX7XL3bRS+9lP1WEcg852CmdedsU=,1061.0
consensus_latency,wwwSoazd67XiMDtayxwm2VMIcC/gi+qOwsjaJ8/XW+Q=,1061.0
consensus_latency,w4y3nap2FK+uWyHxmj1kaveoctM7vRUvt2Y98Dlcby8=,1062.0
consensus_latency,z9d5Capb4SVTikZ6AfnRScno40TNNEbhret1pGP7MaM=,1062.0
consensus_latency,mFPesFj8O6cCjvgShlXH+Biz2H48dGhDBdhterNVy6o=,1062.0
consensus_latency,32Yy0wUVU0HIFWPtjqCDpIZDZHZzEkqm5TjUvXJa3GI=,1062.0
consensus_latency,GfQmk4PQ9uVLhG7syBEuQKlsKW5LyYDEAF0XMyo7R/w=,899.0
consensus_latency,YS89sW9IdKDPoELmRiEx9LPMBnlropr9wCjCtf9keEQ=,899.0
consensus_latency,njt9kieBpOQSqi/oI2MENqO4qtlzyYIxvvWWKr42gZM=,899.0
consensus_latency,pQAION5Q/+xiwgUiytIWL5g6gUvUgpcBF9vGiZAhu6A=,899.0
consensus_latency,d077uvd60U8+H0echcMbLRAbJzRQZMPyNXMQZONDeiQ=,898.0
consensus_latency,tMjpRfidA00jW4Rzexa6vIJd7Z1x3KaPUFWBVdm0gZE=,898.0
consensus_latency,zhRbBUprubFeJnwKBAU2pNYygCoN2oxn7cBhRguL8Gg=,898.0
consensus_latency,PDUOXw0ttbJNlt8Sr1zMbFe2a4HekxnHEdNcZqsBc7I=,902.0
consensus_latency,UzFXjvl/VI0nccsx11Mz42eiFFXjfCucF0mMnzvRb4A=,902.0
consensus_latency,fF+sG4iW88aXS6CJR44fyx7tqyMIBnW9egVE+JV3mds=,902.0
consensus_latency,B32YoZljI/sI3EspiCOvAotXiGnOnJ8QytW0kBGNwbU=,902.0
consensus_latency,DRMKYfzVFv+DWHIVVew3iSr1AXo9WucAs9ZNI/EmEhc=,902.0
consensus_latency,S6ujeBlAe/5qqUPFbDyr77Lhdj8iUc2R/4nNsoP2DKE=,901.0
consensus_latency,nkccdN1P8sBMT7Xe025QSKtnZvgG22LeDmiYq0E7JOY=,901.0
consensus_latency,4kVoUyGFMF+mtmYQyNImN5Sw26BNewLMEpHH+kxsNVs=,901.0
consensus_latency,5M7eJgQ2Yg/fJX2wO5q4JLkyIBVnJ9rjt7DZwPx8jI0=,901.0
consensus_latency,Gdaf+tpJtCjGg9GpgYot0pZPZtPOsGydTbmOdLyZZPE=,849.0
consensus_latency,i6M2gszdPyqKuegTlL3BWwtrMkSC3LIaf/rAdXse9NM=,849.0
consensus_latency,rmcWySSZhGslyhxE6+DLAhc36Hxgum6bceAFoOIfdX8=,849.0
consensus_latency,rqHbmy9n5nBfknGuGyYgXdOll0NWssx6tF4V8KtKD60=,849.0
consensus_latency,NjRudbr8Um/n9F/TDh17yPdBuzlfXcS1/63Rd66tr5g=,900.0
consensus_latency,e6OpPJ8+g5Du63AMhRHq7eHPnN3WgnmfQxha7hvft2Y=,900.0
consensus_latency,9lGbo8KP19ZGdr7/WBvXUp/4v7DAMSNwADjiaDM8cno=,900.0
consensus_latency,AAn1qIUxxkBMCyAs6UWs/WWu+YxB2P0QAkQ+wdPO64k=,848.0
consensus_latency,S1BaMIAcV9N9+qiqn6q4LYHqMb95KynSVvAS2XtnhQE=,848.0
consensus_latency,v8GsxerohXcWD/qkstPtSVqh34hsjvsbfOUKe+mIZ2s=,848.0
consensus_latency,9J+HJX1BpWM/b7K4ct8NlzfLlPPHBjknvmomW1wV5Dg=,848.0
consensus_latency,9OMg+RH2/UAzVsclGZM2W9PjOfH/aLxSNUQIx/1Xn9Y=,848.0
consensus_latency,YlCH+7qA4u8GrWHtyTdp5fQcqxcVriGWf1sAh4GCB/g=,830.0
consensus_latency,058Z6kmh0YtqDAxyDZD6Du2pStHo3N0ZeO03YpDAg3Y=,830.0
consensus_latency,m6VV+fipD6RBYXqPfRUPsmZcPB8nqug8dOWe3VfFVOc=,825.0
consensus_latency,zA8UyHNk2QG4Primq++oZF7U3DqZj7BlhdWSMqtvwfU=,825.0
consensus_latency,WPPTwELNPFRtWKUfyPyx3mRD/fR4TkM66T/Rno1Vc3E=,828.0
consensus_latency,x6r5RycNYYL4iBDPmdmHc2dqyD96rbuBk24WhUutnu0=,828.0
consensus_latency,tiHSVt9NlvAOoJlP+BOToE+9B0zlFNPFpvoGHutcVJE=,826.0
consensus_latency,VTJO0oS2NkiX/HnPhHjb5WJihk3NvjHCrFWlvj5nKko=,830.0
consensus_latency,/pJqgjFlHmqz/nTNq25Da1AhBfc67T7wl4Yv2xYZ2II=,830.0
consensus_latency,wBukEfbsRcEi+HEJCw4VeCTHBb4g16mKwuL5hiRfbXI=,828.0
consensus_latency,c/I3jo7HOncx4ZO7zYhbP42NK97YC1Ajuqaox9dQyrs=,576.0
consensus_latency,2LsWM9AKflk5ss8+ZxkEY5evpdS5j1xEbAjvVCA/x24=,576.0
consensus_latency,Gl56weFMadD73PbjKxag93+CF63Pnc7ulis2Y+wtHLQ=,1343.0
consensus_latency,JTlOZwdYW0G1AvVJro/MAW5VxLbvpojnc+0agSmkM9w=,1343.0
consensus_latency,Jrz5AvqrjtJOBSZA+ORWlbvZtzQrrpRC+4ySHSRBnXY=,1343.0
consensus_latency,lyoCBc1zA7SKdCF4pKFdyDIFM9deA3tp8VGTBhd7jcU=,1343.0
consensus_latency,mbfkvkkYipB586s7vYDx/C5+Zj3RAaGzxjItQ7NKNaE=,1343.0
consensus_latency,VK7bpbQ0mduDzPUr9CHViVv5VDNOr1hEyJeSOsrPVgw=,1295.0
consensus_latency,SBj0JTn3yJCEW4Zsr7I/eaABdQ2TmC1+jyCsum80edU=,1067.0
consensus_latency,rCW6SQ4XFdokriWD9F5YiHD4Afj3DyKulWA+CRDGJfo=,1067.0
consensus_latency,+9to3tByzr+4YeyTXF4bD680P6yakasSzy0c16GWuaQ=,1067.0
consensus_latency,YT9g7ZelIc/5wnqycU0vStY+T5JdDDuUDtg4ljKYTz8=,1066.0
consensus_latency,gx9Warndg/2tkmXL83awODSFBKSFT6YN4EoU/Q3DGb8=,1066.0
consensus_latency,i0YhlWJg9SwtlbOYDICt5Y2zd6jc3eLm2Q2I8u0LcZQ=,1067.0
consensus_latency,mnWg7cTs/taHEy28JeirdbU1+gaUEDGy1MzndWZ/fS4=,1067.0
consensus_latency,C56iIfhG7R4HMsitMswAuhA6aEBN7AJzoiZ5ly4KDc8=,1068.0
consensus_latency,jS9wGhtWPTwsfNXGS8NDH7bZ6YenEJ2HeR7hkm/7BhU=,1068.0
consensus_latency,bvWeAca1B8pCPunzUYDPpedEWypIuVZTxP0XN8R4CBk=,1066.0
consensus_latency,57dZ8VHjUMV5BNcWegl0lzcFgYb6GLMCoG5a6mV9Fss=,1066.0
consensus_latency,MI6oGzXCkQSJ551FnKjdaXkkBZduC/2UkVpHPge88e4=,910.0
consensus_latency,OICvFI7LGwJs6DGtivQKV14+qJeKUw5wEngA3/E3SvU=,910.0
consensus_latency,1LbNdqO/7AAEMbmcWOmu391/JV+apMwBs8mYt3/NHBc=,910.0
consensus_latency,15WNPk3HlKuO/EkT2fmx+/l1Q4veeG+cHcRk9n8eK1Q=,910.0
consensus_latency,D1d+9BWB1V8uWd5cyDE3GE5CxxYMzLGuLt/NpnpKEKU=,905.0
consensus_latency,Tln2vf0695+/9e6+w6c141ZFLT54MFe4obZtDhAZL+4=,905.0
consensus_latency,83b/GnmMXRl6NXkc0DGoBdKgMevnc5OcgOATTxH86b0=,905.0
consensus_latency,HwW8bcATAFjRPFdMj5oYIDo5ZQXj38SYdlofYmj5SMI=,857.0
consensus_latency,q2Q3MafculVPr2rNa+TOhFseqd3FVPJHk8g+DGNQibg=,857.0
consensus_latency,v8Pg3Yhb59m7TxQvF+ASPyyRYCUThrcZpOWL5BzWXmM=,857.0
consensus_latency,98ujwZYvgKV0qEL2PcxOzI+cmJ4Jzfoiv1mfjSieGb0=,857.0
consensus_latency,wvqrEROd3QUWg5rjrkxF9IjYBu9H5O+x+QD8cIDkeec=,908.0
consensus_latency,xTkzmvSyBxMWiZ27QuG0qxsAiW2rzkZ8Ce7KgFHYY+E=,908.0
consensus_latency,ySuSdcsy9c8OfgHnEWYDxQZPVFimsvyK/Rk3sQHCEh8=,908.0
consensus_latency,Cq6fwwJ/E1gdX8Z0cUGFCREN2J/xb1mnmOmsEW3mMCQ=,909.0
consensus_latency,O2cVfAlutEB8IncvbdePxrcr0rDHoUbEjFb+DIrGCSw=,909.0
consensus_latency,+/63eZg0zNmwkFRmmuxI8Keh2F70TsZJ129x/dhkDsc=,908.0
consensus_latency,I5bfrLey3WsmJPdaoA3QUozSwfwb0RVgyG/gOAS+hk8=,910.0
consensus_latency,Vkg91SLPph/8yMAO7kpXbOuPCRpWUO6HYXX6OREmiMk=,910.0
consensus_latency,pK4ZNdH4RDRTKjh5jXwhlUzS07a7KJzHjF9hP8A7NPI=,910.0
consensus_latency,u1WciokXe3kg3FWlTVh/EyjiWpL+IDDGbnfdDn3Xuwo=,910.0
consensus_latency,Aj0eD60f6pBxAsHtG0mtGzhu76tPYSjHaAdyhaejarc=,909.0
consensus_latency,vw8HUTy5pIzo0uDZ5ThREWWjn32ie5Q/RGYjKZlQ3b4=,909.0
consensus_latency,0AT1z0VAzkBlgKKLUu1USoFZH+bvrrpQarRmVmefWz4=,909.0
consensus_latency,N38Mt4iK6aTQ8DTuvMYkumsxVBLNSJrXx/dhpKSqyX0=,858.0
consensus_latency,VqbWF3HeEFxRMy2qRB1kF+bzkMKuKR1IrotGVpqh+44=,858.0
consensus_latency,lwUkz43gPaDFQw3W3EK1RobxBWq7qLC6FQEYY4RVNSo=,858.0
consensus_latency,yKWnW7OiFSERKBEX2Xej2BqXjikmTOMxrxMF7e15pco=,858.0
consensus_latency,6aWPMR45BzZlnmUcs+HsiCXTJzAaJPozBJzHylIVhbE=,858.0
consensus_latency,OUw+3oN98m43/O19Yiyw2K6MTw1iykeqzp1tNCtI/t8=,809.0
consensus_latency,cmlw+qk7Stp0idaVUfqNxSBw5n/q/olMzV9FoQe2lFE=,809.0
consensus_latency,eoqP+5gBxuk9t0MGKBzbYrq1X4L7CuF0nNi0tcbJ/Pw=,809.0
consensus_latency,52ClCHAXjVEWEDTBcSYV+oQatvkKOotWvzRlcKffiSY=,809.0
consensus_latency,Eg+aU6W7dlGdQwUJFmZVOn1J+1YLaiRRF4N2Jz8QnMc=,804.0
consensus_latency,xCWTT6pPmusz/kAfIkSVXbdgWwuu0KtF6UAL0a+BmNM=,804.0
consensus_latency,N7FzxprPpl1QVtxe2YbD1lnLWVpoRuqqRqXyC6YiKL8=,809.0
consensus_latency,bJO0CHrUS48aO96P1Gwtb6Yu6lQy0m3Nov6adNCHtB8=,809.0
consensus_latency,P/ndtPKp/0uoZ21HoXItAfeICLEZCYToi4ubhUD4uX8=,810.0
consensus_latency,t9RBcDXJT3OQYS7XL6Y84cnRkJplCpvGQD+lX78+yGI=,810.0
consensus_latency,rWQqwQmtYS9eiXMmmqMcv+XyESi61QW1kKxwyoFZJxc=,811.0
consensus_latency,8WV28LZ2lYGjlc3vocqtC5nBh/YoERg4DOdK0L8EeNc=,811.0
consensus_latency,ohS46bMulOv+R+ny66YKv1s2jxZNnspwVl106TKxeic=,808.0
consensus_latency,bsLrM18wb4gHRqjwuG1p0XbFcD1M2E7h6UxHZaVDEWE=,556.0
consensus_latency,j6C66Nd+xJSs0XcCy7YYvod3tl6C/XxGluJViW2uv9M=,556.0
consensus_latency,cQYYtX7EwThiA31yHFqRzS8qt9s1zzd3c9PZ8Eyic5U=,1987.0
consensus_latency,v0/Hr4qQmMvPJ+vpHJc32t0YN4pJUtixuPVR4iHR+Ls=,1987.0
consensus_latency,Evlqj68th0Rj0Qj0QemFVI8WKMwRNksioUx8tMBwNpg=,1491.0
consensus_latency,JctViQ6yCIBnS5c3vt1AFRghEMm/wUZcc+/GxNI4oVk=,1491.0
consensus_latency,DQCrpSTdhcP+uEk9A97drwVIbMuaYb0NdMv5A4qhzdM=,1361.0
consensus_latency,r/Jht0xRZK3u7Y7owkujiBXPXvaXyJzspdeMabJAWgs=,1361.0
consensus_latency,yekoaV+WRqM3PjmAoxuSclEire4ItnwpH96j/dsgZIo=,1362.0
consensus_latency,3FGRGMf6oP7kavvi9slLAs9nfjo7qkY2Xem2BkUM17c=,1362.0
consensus_latency,BP08uOOA0z7or9Nl2IYwfkuGGKAeOlzTcrxKI0BXcDk=,1312.0
consensus_latency,mnU/Ep60SO7PSCHh9GSG2NS4gf0jZlIfVShuHcJc6bs=,1312.0
consensus_latency,VCmJvLM7GB+rjWwqQ5al6RtDPAIdYrnLO16IQte/ysI=,1312.0
consensus_latency,kLuGIXVAhMlYoNdRnqcq9mCrv1CnaAlLj68iUQ3ANtY=,1053.0
consensus_latency,Xrc+6yGbd0macNlixaP0vZVaY7tgrRZNkP/IlZaFFvs=,1055.0
consensus_latency,qNxi9eRHxYWMD+Hb2HhcgpQLU6qA72MoYUdXRTMHHUQ=,1055.0
consensus_latency,rXx8eMicma53G4BhViOhxm4xXrp9zHMTRS/yPmzTsq4=,1052.0
consensus_latency,mia0bhMHARinYpT7fLE75XyINGVgVoSOlZd86otiCJs=,1056.0
consensus_latency,04uijkO+26ty/MDqwYFS7aNSrCK8YvRoZlk63hKY0bM=,1056.0
consensus_latency,bFB0lppq1EuibGSb1X+rw1DWeyiOVPkd9H3awHcVwIY=,1056.0
consensus_latency,c+xqJLEz0l19W+2epefXFWyuRsGhjq9AFMK0zIvrGYI=,1056.0
consensus_latency,HQ5EhI5YCxJz6+VmFVI7pjX6rCPQgdIp8qGJ7b+/7ds=,1055.0
consensus_latency,HyqKup9kZ92SL2LkV0uVx2ymbzuZnncJFDHCvtSbXHE=,1055.0
consensus_latency,cHMQbo6fQYD4AlEE8sjOlOHvkRxFVJYS+uzYpPkCkkc=,1055.0
consensus_latency,UoL+sbuOmLOp+uWdBLtISFQkAvjtJzozPaaVwlP19Bo=,1057.0
consensus_latency,lUDHcpqIs4x+9cNIc9juKWPMA45JqYhoM/CHLHAKk00=,1057.0
consensus_latency,EyUhTqI6I7EhfsjoQZarXG6g8CxxG7LiwTYuyIEfOOc=,900.0
consensus_latency,SWb2DWapVZS+wGSFHQV4Bg86AM/w23a45vaWngW1hlI=,900.0
consensus_latency,olp7WqPKHXNmAlwIKtwKYS/lg33/prfFM6FB+H6YFLE=,900.0
consensus_latency,W6m/rXkfGsTTKtj6SxmGZ81IxylpfIg7yhZcsLOLodk=,900.0
consensus_latency,sQ48trFL4vxjFwp1QNfDt0iCMqvdUNIu4j962JZ6IoA=,900.0
consensus_latency,7YnCBEizAkoUnHasJ2WhsJXzUn5mwNmpIpGiFp9qb1Y=,900.0
consensus_latency,EH+Khu/heNyqyYlr5F0/6/e1pFQKM2PEDJIHPw9Ezro=,901.0
consensus_latency,jDFTnnGxjuMHrs92/90GJr4QItA1VsPuS499dvKbUpA=,901.0
consensus_latency,wyaxwe1I9HzfhKtNyK3ZWlgydSsOWEoz68hzDumj69o=,901.0
consensus_latency,VRRrOzBrbuHwPjvUtp6oNYT4iOIlYNlZF5C4cJl8QSg=,897.0
consensus_latency,lB2AX38BRnbQbw0Q+jYIXETACITsDXkKVz+Xgnah+xo=,897.0
consensus_latency,ufTeeL2vz6aRGWBXtYjJgNm5evEqa8lOU/H2w11UzTw=,897.0
consensus_latency,A0szx7qSiRVNCGnxWfhV8xzLdaiGDOAr4A372NR/4/o=,847.0
consensus_latency,M/SNU3759v7XHQCbwbw1aXqqc5i8qaQ+ZENIWW43ZyM=,847.0
consensus_latency,y0d/BdSNkuQA02blrIJ4u+zyXrP4Pb8u/6+JQq/T/ig=,847.0
consensus_latency,29GS4uhm/W3JdjVqJ35oMf6O5C11NR9vz3tk7jtaxfw=,847.0
consensus_latency,FkMJBlNSsD50aXcLesnGikT694F7bq+g9teJs61bn9Y=,900.0
consensus_latency,dfCPWOp61pVUJNzfeuYcb8AsIMlgO1Pogps0CUpzva4=,900.0
consensus_latency,ltlNf4+Ivq6lO3Jyl58/+cvVPjOlj+ZBGiPVWBEHTeM=,900.0
consensus_latency,C2NjXJPjslKp66kQwm6KYs1Hi/6C8hxCif0e+YaREEY=,901.0
consensus_latency,Kl3+OfLKLRJrevsVLd4bBXMkNCQL7iGNy9kepjPYSwA=,901.0
consensus_latency,qdcKONX9WrJh1hDTbgj+8S5wf5j3DxZeUxFeHu37Uqs=,901.0
consensus_latency,2esPSw411GlbDB3eKeIGOUWOxmhP83G0cxZnq9BpS78=,901.0
consensus_latency,BFoPblYJuR+rIC2/lsxvkCIVofqN8DzXzB8ddfwcDRI=,848.0
consensus_latency,B81NmhNRgo0RfNHd2EaE9guGeBTdP60cNJ4wtClb3zY=,848.0
consensus_latency,MX2s9N2tvPWVzdsa93oq+pxGekDeJ9eIXBJR4Z+thfQ=,848.0
consensus_latency,s0IFpYv5OiPX4i+aKAeWnCDiuuxVUIbdelI7ss6g58c=,848.0
consensus_latency,STrpLEj1AaM6zl+u52EHmQ3I+BAbiG5GAj0M9thAmQQ=,849.0
consensus_latency,TXtsLnGcUknJhzBwtSZPQYxYgZiW8XONZeak/1tRwO8=,849.0
consensus_latency,XoHgCPvJKS78hQXnLtsdVBaNSck364o4Gz02GtEM96Q=,849.0
consensus_latency,zlZcc0ZgW8wWAOJH9tUeg8tvdh2Agg3rX3iPpjxGhl8=,849.0
consensus_latency,WWBGxCmVjkXPuqTijSac/dZyUEqNs9eA06uTQq0v4N4=,794.0
consensus_latency,X3QMA1sBjB1yoF7oDiSVLazdQsd8tIGmt6P9Nlo4pbs=,795.0
consensus_latency,bmAowEPIetKmwpaEqgPXrQ5VEfG0wjGDRlJRsXJYZ/k=,795.0
consensus_latency,bTbVVxxf1o3vDyz9iqZcPb8O67TjIEsDsP0xugf1Rq4=,796.0
consensus_latency,zlW394Hyiajlh3pA1qlM44Jdb25fsb4e3QvWoKBgxLY=,796.0
consensus_latency,nfiYoRF3eI1ZG4YLnkFsMPTKFuLcgnT+SWlPokNVlro=,798.0
consensus_latency,+VReP6HOwVvy9NyiXP3gSTFa1+y/W9NKCzfYO4NIJTc=,798.0
consensus_latency,ebRsHYSI7VcKpFU0yM0AYU6Bj+h/LXygoztNap/POy4=,798.0
consensus_latency,BhvH6LCm/1TokvHNaVCUSS/wTp47yXpKV7Q8bmpNuvo=,795.0
consensus_latency,2Rlj4r3erF3mhnEBvMCDjL/Nmh5NOaRp56Lb4auVx1Y=,795.0
consensus_latency,Hxe2P7z+HdhAkvhLq0g+M+zGW/RSeKWR8fen1ckKTfw=,794.0
consensus_latency,jjsMlpqebGNsZb0H8DwsXVvL49cDI4rpNIhVJE1IK68=,794.0
consensus_latency,mgPqL/GIz4eSWKnWG8Ey0hJCVF8ojkZkXt+ufbA+UOk=,545.0
consensus_latency,1GXzMZ+gHEmY9J0hA2Mi01qy+BTzBCdRqUF2SKfuVsE=,545.0
consensus_latency,Bjoz4eDOhcu8uKZNyqAgRcTrbud7zKjT9n1QrsZUcbg=,1824.0
consensus_latency,IoQFJluvZFgpgV8eHEqzlX2dRUDTo3AlwGPNWTBxe20=,1824.0
consensus_latency,XhK+0fliHH9+E3x+Dm6oaep9hu/vM/ruba6MYaYy4wA=,1824.0
consensus_latency,a+MsEYaIf/xg3nG02NXVJNwTGXEyRcRi/XaYqrriPYY=,1824.0
consensus_latency,zy9iK9NliVW1zFwdOlTdmv77WKooyBa8F3AbgjABo0Y=,1824.0
consensus_latency,paB0RSim40/bdbsQkmBSaO5YkCyv5bCCWk6O3PWOOR8=,1517.0
consensus_latency,ZLBzUIYITrAL37Ww+To1fT+G4XPpeP3YC5QYpXn+93s=,1330.0
consensus_latency,keVKqzKtB5ukR10foCM4ML8AgS1iudxyDAOgwbW0Okk=,1330.0
consensus_latency,x2ZDgFJ0re3JaLMcogw7izSYV7SR9wIRV0KOBe0DgPM=,1330.0
consensus_latency,UX2134vxRFQh0kmoSpLAwX4zAAiAIiTCN2KOvqwfTVE=,1077.0
consensus_latency,7GMGN6Mq6L+pJqRv4YAHIyBT+qvHY7+MWmO04S81DVI=,1077.0
consensus_latency,U91TZyMeSKAmC3ZXAxNL248uhTzRi/a1yEa7nCbqWys=,1077.0
consensus_latency,aXi/nDBSjo5OHrFNBXpmUIzs7YSqiQV1il/6vlZNv74=,1077.0
consensus_latency,DbkKe+OT63aWiWHUt+DBmATzGftd/87SCBlKvL/jaRw=,1078.0
consensus_latency,UiE6BEdD/oRe1v6wZB3C9eaIo6+c/hTmHU5gB4ExpRY=,1077.0
consensus_latency,catEL7LgzwrrbHnJbp/QBndcsfIG+d74S+w93IECzwc=,1077.0
consensus_latency,Bbc1OnMi0+8dsgykSLCg/wKXrLa8n5UnnrGc0YyFs6Q=,1078.0
consensus_latency,1jb3BHE7a3NV1xRBC4Ne4kHnzolEjBcXl72CnMsV4Ug=,1078.0
consensus_latency,C+jPZ5e0l4U3IbO9ouhd5EhW9iY+C+kRJzwdlzX+dNk=,1009.0
consensus_latency,B+Y/2XYYLguraimGfJU8PC2oZ6ZiOdPMsEv8RQRh+GU=,1081.0
consensus_latency,I2fTXwvqNMYQ2I5rm7P/FwP4JdKVz5Eb+6no1QOYofM=,1081.0
consensus_latency,EOLdSzUUYk/GX9y+3xlVVcVYDKyFkNccNWL+ybVB/wI=,870.0
consensus_latency,U4OniifPNT6/hzL7DDBpv9OCwVzYXgDGquotl81auG0=,870.0
consensus_latency,mW03aEJDNeXFU9wDtvTZ6kmzcF55lL5W2WEfp8m4xRY=,870.0
consensus_latency,uYkA+Qw6EzTiDBMKmzZxEaIwGnU1NlQqJx84f3k8SOI=,870.0
consensus_latency,TP9rfvUd13IlR9/LHyUq3yOObLYIK/ICun+whS1BVww=,922.0
consensus_latency,t6Hw5vLgAqAy+6uWKF8XKChuKZCIraklqvcZCtSxCg4=,922.0
consensus_latency,3Biyx2wIvx6pdylDs1IvfQ5F7nqoL9T+7aBm2XCQgeY=,922.0
consensus_latency,PKE13NZWuYCTFN0YGYqN7+sM7nKpasRZDOskyO8zs9E=,868.0
consensus_latency,Q2PrYnGkDZmk5nDeVawpAUki573fdTk2Sg+UFbQwWfk=,868.0
consensus_latency,ZHsJCYHKUy4bfCj+EaU9d19e95vAXORbRCs+J6vbq2M=,868.0
consensus_latency,5bJetOX6Lb4s8tGWsJz6LHtsRvu/oUAp6fmqbztKFJ4=,868.0
consensus_latency,GpS43xLpNpcloRokAmy6V0mmZAzrBrwYZ9TOmvRKwQE=,922.0
consensus_latency,W1Ad0B/2JkaS/cDbaYG8bDaYCWrKoSQhKlUi0/edJbo=,922.0
consensus_latency,W2Za/rcsnCY7620vy4VDF2AKTRSWwlyCGFkMm3rOGdE=,922.0
consensus_latency,9zo7MWxsJk+TyOK6IBCNP1ncDcX0ARdAhGSq7XaY/pM=,922.0
consensus_latency,ABTjJaZ9QNiBSqMtBoC5PWQiUiol/vNdd0SUqtKZ6vk=,922.0
consensus_latency,nrdTKefJm4CFFwwARWIyHRAnsBfu8g12tFHprMvtlsc=,922.0
consensus_latency,8rSuksyX/5mxAuCaZE+ri/vBW0G8Srd8Ja+bxI2Xac8=,922.0
consensus_latency,/2+udgUADi7rE9G9gVqx6x5siS/ESVNujhfVZUu1YoE=,922.0
consensus_latency,jigB4zWKbuDxtkV9P/GyngyuFPDpRlUNgY6sLQA9h+Y=,923.0
consensus_latency,rngjiB/xlg6c+zUTIAM/ADP9N1HX9grv1JDvAr8MW/E=,922.0
consensus_latency,8fsl3qB/Lf+iZcTFTYyh6gh7K9eSldSjTjSswg9hQ5Q=,922.0
consensus_latency,E+VqnkuTsX5Ka5+gygflLSCtv7gW82jgqxCCREdGV3c=,922.0
consensus_latency,T+3SGoxER7GKfnPs4+52v1TqvBGue0+yXGXKtTPzqec=,922.0
consensus_latency,Dch5KtEvIePaL7P/J1s+xnRvUz3BFoC/NOC3BuX0j8o=,923.0
consensus_latency,H2RDojqqdWPg61kii+HOdrUH6/hDKed3pP7I7dy0KJI=,923.0
consensus_latency,+ULy4A00scYYr3MXWcgNEJEMyk9dVICW3Y+j1XRp1vM=,923.0
consensus_latency,HS8sImo3IR2Biarz+eJXczGEeYdUWDFKkac93WEovks=,871.0
consensus_latency,IrpFvi4V2aT25IzVSja0KlGP9lZ1pgtk4N+cByNxusE=,871.0
consensus_latency,3xxPdg9ZXT34oeY2MyAlBnGlQuM2v1vkPrKJGyqytRg=,871.0
consensus_latency,9tVaNoo6HV2LkOMME/L63HgogzAWCFLKifV6RketEUk=,871.0
consensus_latency,M9HpDjqJJe1OgP2G5EiTmoi5FJFwmcrkZZCyD3WJCQc=,826.0
consensus_latency,6SoT5BM5miPtKVx9JB7HeUYc9S63+P28pg3Yk2ES2bU=,826.0
consensus_latency,m8ep6sdGMV5wZWUZ/JLbXJUnfVXQogQ7n52uF7jesV8=,828.0
consensus_latency,Yb4tlJ9V1I+2rzY2bowVhRZL3V7KUWxnsCSbUOW+5JU=,827.0
consensus_latency,cjju8OXmAL2e/Y+GeyaROFOmPxO+L+ehjeyNtT83ZiM=,827.0
consensus_latency,VEKXuYQfkY++D6DbJqOAzxCeYNLTfUqNwB25XVEPXWU=,828.0
consensus_latency,62uKIiHwoVe0/h7wONV6kYWgbTulimCUblJacFHv7ec=,827.0
consensus_latency,Y93834NKO8dHmcoM1CBXiFROQmVUstedFYBweUCFCSo=,821.0
consensus_latency,j/I/XdLR1KBfJRQA4OOXufRB20a69obntmKvNJi1Tcw=,821.0
consensus_latency,PhXdcQxefDRbhr7y2Bpe6NpjquPXx2Kr/sWLWmz+Pgs=,823.0
consensus_latency,crZS08teIALK/1RvwJ7b58r1s8N8Yzdf5RAVoQUhv3A=,823.0
consensus_latency,GN+oBK3mf3j6vPcEmKlAo4eNAm0iKvo81RrEB4YBoKM=,826.0
consensus_latency,s9ALDQHIqMMwfC3GKlbk9l5CdBQVV579awtf7j/ETRQ=,825.0
consensus_latency,GKTBgKMuEGPoI3pl+CCFbVvpcOaHIwGoxT7U+cw06rI=,566.0
consensus_latency,b9oHRZRAN4jWd6iTodqAVcwk4avt0JD98WN5xjBRu9A=,566.0
end_to_end_latency,2,2074.0
end_to_end_latency,3,2023.0
end_to_end_latency,4,1973.0
end_to_end_latency,5,1924.0
end_to_end_latency,6,1875.0
end_to_end_latency,7,1824.0
end_to_end_latency,8,1774.0
end_to_end_latency,9,1724.0
end_to_end_latency,10,1674.0
end_to_end_latency,11,1624.0
end_to_end_latency,12,1575.0
end_to_end_latency,13,1525.0
end_to_end_latency,18,1274.0
end_to_end_latency,19,1225.0
end_to_end_latency,20,1175.0
end_to_end_latency,21,1126.0
end_to_end_latency,22,1076.0
end_to_end_latency,23,1025.0
end_to_end_latency,28,1288.0
end_to_end_latency,29,1238.0
end_to_end_latency,30,1188.0
end_to_end_latency,31,1139.0
end_to_end_latency,32,1089.0
end_to_end_latency,33,1039.0
end_to_end_latency,36,889.0
end_to_end_latency,37,839.0
end_to_end_latency,38,1287.0
end_to_end_latency,39,1236.0
end_to_end_latency,40,1186.0
end_to_end_latency,41,1136.0
end_to_end_latency,47,1320.0
end_to_end_latency,48,1271.0
end_to_end_latency,49,1220.0
end_to_end_latency,50,1170.0
end_to_end_latency,51,1121.0
end_to_end_latency,52,1070.0
end_to_end_latency,57,1822.0
end_to_end_latency,58,1772.0
end_to_end_latency,59,1724.0
end_to_end_latency,60,1673.0
end_to_end_latency,61,1623.0
end_to_end_latency,62,1573.0
end_to_end_latency,65,1424.0
end_to_end_latency,66,1374.0
end_to_end_latency,67,1324.0
end_to_end_latency,68,1274.0
end_to_end_latency,69,1224.0
end_to_end_latency,70,1175.0
end_to_end_latency,71,1124.0
end_to_end_latency,72,1074.0
end_to_end_latency,73,1024.0
end_to_end_latency,78,1285.0
end_to_end_latency,79,1235.0
end_to_end_latency,80,1185.0
end_to_end_latency,81,1136.0
end_to_end_latency,82,1085.0
end_to_end_latency,83,1035.0
end_to_end_latency,85,935.0
end_to_end_latency,86,886.0
end_to_end_latency,87,835.0
end_to_end_latency,88,785.0
end_to_end_latency,89,1249.0
end_to_end_latency,90,1199.0
end_to_end_latency,91,1149.0
end_to_end_latency,92,1100.0
end_to_end_latency,93,1050.0
end_to_end_latency,97,1363.0
end_to_end_latency,98,1313.0
end_to_end_latency,99,1263.0
end_to_end_latency,100,1214.0
end_to_end_latency,101,1164.0
end_to_end_latency,102,1113.0
end_to_end_latency,103,1063.0
end_to_end_latency,104,1013.0
end_to_end_latency,108,1842.0
end_to_end_latency,109,1793.0
end_to_end_latency,110,1744.0
end_to_end_latency,111,1694.0
end_to_end_latency,112,1643.0
end_to_end_latency,113,1593.0
end_to_end_latency,114,1543.0
end_to_end_latency,117,1394.0
end_to_end_latency,118,1344.0
end_to_end_latency,119,1295.0
end_to_end_latency,120,1245.0
end_to_end_latency,121,1194.0
end_to_end_latency,122,1144.0
end_to_end_latency,123,1095.0
end_to_end_latency,124,1046.0
end_to_end_latency,127,1405.0
end_to_end_latency,128,1355.0
end_to_end_latency,129,1306.0
end_to_end_latency,130,1255.0
end_to_end_latency,131,1205.0
end_to_end_latency,132,1156.0
end_to_end_latency,133,1106.0
end_to_end_latency,134,1056.0
end_to_end_latency,137,906.0
end_to_end_latency,138,857.0
end_to_end_latency,139,1331.0
end_to_end_latency,140,1282.0
end_to_end_latency,141,1231.0
end_to_end_latency,142,1181.0
end_to_end_latency,143,1132.0
end_to_end_latency,144,1081.0
end_to_end_latency,147,1429.0
end_to_end_latency,148,1378.0
end_to_end_latency,149,1328.0
end_to_end_latency,150,1278.0
end_to_end_latency,151,1228.0
end_to_end_latency,152,1179.0
end_to_end_latency,153,1129.0
end_to_end_latency,154,1079.0
end_to_end_latency,157,1982.0
end_to_end_latency,158,1932.0
end_to_end_latency,159,1882.0
end_to_end_latency,160,1833.0
end_to_end_latency,161,1784.0
end_to_end_latency,162,1733.0
end_to_end_latency,163,1683.0
end_to_end_latency,164,1633.0
end_to_end_latency,165,1583.0
end_to_end_latency,168,1434.0
end_to_end_latency,169,1384.0
end_to_end_latency,170,1334.0
end_to_end_latency,171,1284.0
end_to_end_latency,172,1234.0
end_to_end_latency,173,1184.0
end_to_end_latency,174,1135.0
end_to_end_latency,175,1085.0
end_to_end_latency,180,1381.0
end_to_end_latency,181,1331.0
end_to_end_latency,182,1281.0
end_to_end_latency,183,1231.0
end_to_end_latency,184,1181.0
end_to_end_latency,185,1131.0
end_to_end_latency,186,1081.0
end_to_end_latency,191,1339.0
end_to_end_latency,192,1289.0
end_to_end_latency,193,1239.0
end_to_end_latency,194,1189.0
end_to_end_latency,195,1139.0
end_to_end_latency,196,1089.0
end_to_end_latency,201,1350.0
end_to_end_latency,202,1299.0
end_to_end_latency,203,1250.0
end_to_end_latency,204,1200.0
end_to_end_latency,205,1151.0
end_to_end_latency,206,1100.0
end_to_end_latency,211,1856.0
end_to_end_latency,212,1805.0
end_to_end_latency,213,1755.0
end_to_end_latency,214,1705.0
end_to_end_latency,215,1655.0
end_to_end_latency,216,1605.0
end_to_end_latency,217,1556.0
end_to_end_latency,222,1307.0
end_to_end_latency,223,1256.0
end_to_end_latency,224,1206.0
end_to_end_latency,225,1157.0
end_to_end_latency,226,1106.0
end_to_end_latency,227,1056.0
end_to_end_latency,232,1311.0
end_to_end_latency,233,1261.0
end_to_end_latency,234,1211.0
end_to_end_latency,235,1161.0
end_to_end_latency,236,1111.0
end_to_end_latency,237,1062.0
end_to_end_latency,242,811.0
end_to_end_latency,243,761.0
end_to_end_latency,244,1229.0
end_to_end_latency,245,1179.0
end_to_end_latency,246,1129.0
end_to_end_latency,247,1080.0
end_to_end_latency,248,1029.0
end_to_end_latency,249,979.0
end_to_end_latency,253,1289.0
end_to_end_latency,254,1238.0
end_to_end_latency,255,1188.0
end_to_end_latency,256,1138.0
end_to_end_latency,257,1089.0
end_to_end_latency,258,1040.0
end_to_end_latency,261,1915.0
end_to_end_latency,262,1865.0
end_to_end_latency,263,1815.0
end_to_end_latency,264,1765.0
end_to_end_latency,265,1715.0
end_to_end_latency,266,1665.0
end_to_end_latency,267,1616.0
end_to_end_latency,271,1416.0
end_to_end_latency,272,1366.0
end_to_end_latency,273,1317.0
end_to_end_latency,274,1268.0
end_to_end_latency,275,1217.0
end_to_end_latency,276,1167.0
end_to_end_latency,282,1348.0
end_to_end_latency,283,1298.0
end_to_end_latency,284,1248.0
end_to_end_latency,285,1198.0
end_to_end_latency,286,1149.0
end_to_end_latency,287,1099.0
end_to_end_latency,292,848.0
end_to_end_latency,293,799.0
end_to_end_latency,294,1289.0
end_to_end_latency,295,1239.0
end_to_end_latency,296,1189.0
end_to_end_latency,297,1139.0
end_to_end_latency,298,1089.0
end_to_end_latency,302,1399.0
end_to_end_latency,303,1349.0
end_to_end_latency,304,1299.0
end_to_end_latency,305,1249.0
end_to_end_latency,306,1200.0
end_to_end_latency,307,1149.0
end_to_end_latency,308,1099.0
end_to_end_latency,309,1050.0
end_to_end_latency,313,1858.0
end_to_end_latency,314,1807.0
end_to_end_latency,315,1757.0
end_to_end_latency,316,1707.0
end_to_end_latency,317,1657.0
end_to_end_latency,318,1608.0
end_to_end_latency,319,1559.0
end_to_end_latency,323,1358.0
end_to_end_latency,324,1309.0
end_to_end_latency,325,1258.0
end_to_end_latency,326,1208.0
end_to_end_latency,327,1159.0
end_to_end_latency,328,1110.0
end_to_end_latency,329,1059.0
end_to_end_latency,333,1354.0
end_to_end_latency,334,1304.0
end_to_end_latency,335,1255.0
end_to_end_latency,336,1204.0
end_to_end_latency,337,1154.0
end_to_end_latency,338,1105.0
end_to_end_latency,339,1055.0
end_to_end_latency,340,1005.0
end_to_end_latency,344,805.0
end_to_end_latency,345,756.0
end_to_end_latency,346,1209.0
end_to_end_latency,347,1159.0
end_to_end_latency,348,1109.0
end_to_end_latency,349,1061.0
end_to_end_latency,350,1010.0
end_to_end_latency,354,1344.0
end_to_end_latency,355,1293.0
end_to_end_latency,356,1243.0
end_to_end_latency,357,1194.0
end_to_end_latency,358,1143.0
end_to_end_latency,359,1093.0
end_to_end_latency,360,1043.0
end_to_end_latency,2,2064.0
end_to_end_latency,3,2014.0
end_to_end_latency,4,1964.0
end_to_end_latency,5,1915.0
end_to_end_latency,6,1865.0
end_to_end_latency,7,1815.0
end_to_end_latency,8,1765.0
end_to_end_latency,9,1715.0
end_to_end_latency,10,1665.0
end_to_end_latency,11,1615.0
end_to_end_latency,12,1566.0
end_to_end_latency,13,1515.0
end_to_end_latency,18,1266.0
end_to_end_latency,19,1216.0
end_to_end_latency,20,1167.0
end_to_end_latency,21,1116.0
end_to_end_latency,22,1067.0
end_to_end_latency,27,1329.0
end_to_end_latency,28,1279.0
end_to_end_latency,29,1229.0
end_to_end_latency,30,1179.0
end_to_end_latency,31,1129.0
end_to_end_latency,32,1080.0
end_to_end_latency,33,1031.0
end_to_end_latency,36,1377.0
end_to_end_latency,37,1327.0
end_to_end_latency,38,1277.0
end_to_end_latency,39,1228.0
end_to_end_latency,40,1177.0
end_to_end_latency,41,1127.0
end_to_end_latency,46,1361.0
end_to_end_latency,47,1311.0
end_to_end_latency,48,1261.0
end_to_end_latency,49,1211.0
end_to_end_latency,50,1161.0
end_to_end_latency,51,1111.0
end_to_end_latency,52,1061.0
end_to_end_latency,53,1011.0
end_to_end_latency,56,1863.0
end_to_end_latency,57,1813.0
end_to_end_latency,58,1764.0
end_to_end_latency,59,1714.0
end_to_end_latency,60,1664.0
end_to_end_latency,61,1614.0
end_to_end_latency,67,1315.0
end_to_end_latency,68,1265.0
end_to_end_latency,69,1215.0
end_to_end_latency,70,1165.0
end_to_end_latency,71,1115.0
end_to_end_latency,72,1065.0
end_to_end_latency,77,1326.0
end_to_end_latency,78,1276.0
end_to_end_latency,79,1226.0
end_to_end_latency,80,1176.0
end_to_end_latency,81,1126.0
end_to_end_latency,82,1076.0
end_to_end_latency,87,1340.0
end_to_end_latency,88,1290.0
end_to_end_latency,89,1240.0
end_to_end_latency,90,1191.0
end_to_end_latency,91,1141.0
end_to_end_latency,92,1091.0
end_to_end_latency,97,1353.0
end_to_end_latency,98,1304.0
end_to_end_latency,99,1254.0
end_to_end_latency,100,1204.0
end_to_end_latency,101,1155.0
end_to_end_latency,102,1104.0
end_to_end_latency,103,1054.0
end_to_end_latency,108,1833.0
end_to_end_latency,109,1784.0
end_to_end_latency,110,1734.0
end_to_end_latency,111,1684.0
end_to_end_latency,112,1635.0
end_to_end_latency,113,1585.0
end_to_end_latency,117,1385.0
end_to_end_latency,118,1335.0
end_to_end_latency,119,1285.0
end_to_end_latency,120,1235.0
end_to_end_latency,121,1185.0
end_to_end_latency,122,1137.0
end_to_end_latency,123,1086.0
end_to_end_latency,128,1346.0
end_to_end_latency,129,1296.0
end_to_end_latency,130,1246.0
end_to_end_latency,131,1197.0
end_to_end_latency,132,1147.0
end_to_end_latency,133,1097.0
end_to_end_latency,134,1047.0
end_to_end_latency,138,1372.0
end_to_end_latency,139,1322.0
end_to_end_latency,140,1272.0
end_to_end_latency,141,1222.0
end_to_end_latency,142,1172.0
end_to_end_latency,143,1122.0
end_to_end_latency,144,1073.0
end_to_end_latency,148,1369.0
end_to_end_latency,149,1319.0
end_to_end_latency,150,1269.0
end_to_end_latency,151,1219.0
end_to_end_latency,152,1169.0
end_to_end_latency,153,1119.0
end_to_end_latency,154,1070.0
end_to_end_latency,155,1020.0
end_to_end_latency,160,1823.0
end_to_end_latency,161,1774.0
end_to_end_latency,162,1724.0
end_to_end_latency,163,1674.0
end_to_end_latency,164,1624.0
end_to_end_latency,169,1375.0
end_to_end_latency,170,1325.0
end_to_end_latency,171,1275.0
end_to_end_latency,172,1225.0
end_to_end_latency,173,1175.0
end_to_end_latency,174,1126.0
end_to_end_latency,179,1421.0
end_to_end_latency,180,1372.0
end_to_end_latency,181,1322.0
end_to_end_latency,182,1272.0
end_to_end_latency,183,1221.0
end_to_end_latency,184,1172.0
end_to_end_latency,185,1122.0
end_to_end_latency,186,1072.0
end_to_end_latency,191,1330.0
end_to_end_latency,192,1279.0
end_to_end_latency,193,1230.0
end_to_end_latency,194,1180.0
end_to_end_latency,195,1130.0
end_to_end_latency,196,1080.0
end_to_end_latency,200,1391.0
end_to_end_latency,201,1340.0
end_to_end_latency,202,1292.0
end_to_end_latency,203,1241.0
end_to_end_latency,204,1191.0
end_to_end_latency,205,1142.0
end_to_end_latency,206,1091.0
end_to_end_latency,207,1041.0
end_to_end_latency,210,1896.0
end_to_end_latency,211,1846.0
end_to_end_latency,212,1796.0
end_to_end_latency,213,1746.0
end_to_end_latency,214,1696.0
end_to_end_latency,215,1646.0
end_to_end_latency,216,1596.0
end_to_end_latency,217,1547.0
end_to_end_latency,218,1497.0
end_to_end_latency,222,1297.0
end_to_end_latency,223,1247.0
end_to_end_latency,224,1197.0
end_to_end_latency,225,1147.0
end_to_end_latency,226,1098.0
end_to_end_latency,227,1047.0
end_to_end_latency,232,1302.0
end_to_end_latency,233,1253.0
end_to_end_latency,234,1202.0
end_to_end_latency,235,1152.0
end_to_end_latency,236,1102.0
end_to_end_latency,241,1370.0
end_to_end_latency,242,1320.0
end_to_end_latency,243,1270.0
end_to_end_latency,244,1220.0
end_to_end_latency,245,1170.0
end_to_end_latency,246,1120.0
end_to_end_latency,247,1070.0
end_to_end_latency,248,1020.0
end_to_end_latency,252,1329.0
end_to_end_latency,253,1279.0
end_to_end_latency,254,1229.0
end_to_end_latency,255,1180.0
end_to_end_latency,256,1129.0
end_to_end_latency,257,1080.0
end_to_end_latency,258,1030.0
end_to_end_latency,262,1856.0
end_to_end_latency,263,1806.0
end_to_end_latency,264,1756.0
end_to_end_latency,265,1706.0
end_to_end_latency,266,1656.0
end_to_end_latency,267,1607.0
end_to_end_latency,272,1357.0
end_to_end_latency,273,1307.0
end_to_end_latency,274,1257.0
end_to_end_latency,275,1207.0
end_to_end_latency,276,1157.0
end_to_end_latency,277,1107.0
end_to_end_latency,278,1058.0
end_to_end_latency,279,1008.0
end_to_end_latency,282,1339.0
end_to_end_latency,283,1289.0
end_to_end_latency,284,1239.0
end_to_end_latency,285,1190.0
end_to_end_latency,286,1140.0
end_to_end_latency,287,1089.0
end_to_end_latency,288,1040.0
end_to_end_latency,293,1329.0
end_to_end_latency,294,1280.0
end_to_end_latency,295,1230.0
end_to_end_latency,296,1180.0
end_to_end_latency,297,1129.0
end_to_end_latency,298,1080.0
end_to_end_latency,302,1390.0
end_to_end_latency,303,1339.0
end_to_end_latency,304,1290.0
end_to_end_latency,305,1240.0
end_to_end_latency,306,1191.0
end_to_end_latency,307,1140.0
end_to_end_latency,308,1090.0
end_to_end_latency,309,1040.0
end_to_end_latency,314,1798.0
end_to_end_latency,315,1749.0
end_to_end_latency,316,1698.0
end_to_end_latency,317,1648.0
end_to_end_latency,318,1599.0
end_to_end_latency,319,1549.0
end_to_end_latency,323,1349.0
end_to_end_latency,324,1299.0
end_to_end_latency,325,1249.0
end_to_end_latency,326,1199.0
end_to_end_latency,327,1149.0
end_to_end_latency,328,1101.0
end_to_end_latency,329,1050.0
end_to_end_latency,333,1345.0
end_to_end_latency,334,1295.0
end_to_end_latency,335,1245.0
end_to_end_latency,336,1195.0
end_to_end_latency,337,1145.0
end_to_end_latency,338,1095.0
end_to_end_latency,339,1046.0
end_to_end_latency,340,996.0
end_to_end_latency,343,1350.0
end_to_end_latency,344,1300.0
end_to_end_latency,345,1250.0
end_to_end_latency,346,1200.0
end_to_end_latency,347,1150.0
end_to_end_latency,348,1100.0
end_to_end_latency,349,1051.0
end_to_end_latency,350,1001.0
end_to_end_latency,353,1383.0
end_to_end_latency,354,1333.0
end_to_end_latency,355,1284.0
end_to_end_latency,356,1234.0
end_to_end_latency,357,1184.0
end_to_end_latency,358,1134.0
end_to_end_latency,359,1083.0
end_to_end_latency,2,2076.0
end_to_end_latency,3,2026.0
end_to_end_latency,4,1977.0
end_to_end_latency,5,1927.0
end_to_end_latency,6,1878.0
end_to_end_latency,7,1827.0
end_to_end_latency,8,1778.0
end_to_end_latency,9,1728.0
end_to_end_latency,10,1677.0
end_to_end_latency,11,1628.0
end_to_end_latency,12,1577.0
end_to_end_latency,13,1527.0
end_to_end_latency,17,1329.0
end_to_end_latency,18,1277.0
end_to_end_latency,19,1228.0
end_to_end_latency,20,1179.0
end_to_end_latency,21,1128.0
end_to_end_latency,22,1079.0
end_to_end_latency,23,1028.0
end_to_end_latency,28,1292.0
end_to_end_latency,29,1241.0
end_to_end_latency,30,1191.0
end_to_end_latency,31,1142.0
end_to_end_latency,32,1092.0
end_to_end_latency,33,1042.0
end_to_end_latency,36,1389.0
end_to_end_latency,37,1339.0
end_to_end_latency,38,1289.0
end_to_end_latency,39,1240.0
end_to_end_latency,40,1190.0
end_to_end_latency,41,1139.0
end_to_end_latency,42,1091.0
end_to_end_latency,47,841.0
end_to_end_latency,48,1274.0
end_to_end_latency,49,1224.0
end_to_end_latency,50,1174.0
end_to_end_latency,51,1123.0
end_to_end_latency,52,1073.0
end_to_end_latency,53,1024.0
end_to_end_latency,56,1876.0
end_to_end_latency,57,1825.0
end_to_end_latency,58,1776.0
end_to_end_latency,59,1726.0
end_to_end_latency,60,1676.0
end_to_end_latency,61,1627.0
end_to_end_latency,62,1576.0
end_to_end_latency,67,1328.0
end_to_end_latency,68,1277.0
end_to_end_latency,69,1227.0
end_to_end_latency,70,1178.0
end_to_end_latency,71,1127.0
end_to_end_latency,72,1077.0
end_to_end_latency,77,1338.0
end_to_end_latency,78,1289.0
end_to_end_latency,79,1238.0
end_to_end_latency,80,1188.0
end_to_end_latency,81,1138.0
end_to_end_latency,82,1089.0
end_to_end_latency,87,1352.0
end_to_end_latency,88,1302.0
end_to_end_latency,89,1254.0
end_to_end_latency,90,1203.0
end_to_end_latency,91,1153.0
end_to_end_latency,92,1103.0
end_to_end_latency,93,1054.0
end_to_end_latency,98,803.0
end_to_end_latency,99,752.0
end_to_end_latency,100,1216.0
end_to_end_latency,101,1166.0
end_to_end_latency,102,1117.0
end_to_end_latency,103,1066.0
end_to_end_latency,108,1847.0
end_to_end_latency,109,1796.0
end_to_end_latency,110,1746.0
end_to_end_latency,111,1697.0
end_to_end_latency,112,1647.0
end_to_end_latency,113,1596.0
end_to_end_latency,116,1448.0
end_to_end_latency,117,1397.0
end_to_end_latency,118,1347.0
end_to_end_latency,119,1297.0
end_to_end_latency,120,1249.0
end_to_end_latency,121,1198.0
end_to_end_latency,122,1148.0
end_to_end_latency,123,1098.0
end_to_end_latency,124,1049.0
end_to_end_latency,127,1408.0
end_to_end_latency,128,1359.0
end_to_end_latency,129,1309.0
end_to_end_latency,130,1258.0
end_to_end_latency,131,1208.0
end_to_end_latency,132,1159.0
end_to_end_latency,133,1108.0
end_to_end_latency,134,1059.0
end_to_end_latency,139,1334.0
end_to_end_latency,140,1284.0
end_to_end_latency,141,1235.0
end_to_end_latency,142,1184.0
end_to_end_latency,143,1134.0
end_to_end_latency,144,1085.0
end_to_end_latency,145,1035.0
end_to_end_latency,148,885.0
end_to_end_latency,149,836.0
end_to_end_latency,150,1282.0
end_to_end_latency,151,1231.0
end_to_end_latency,152,1181.0
end_to_end_latency,153,1132.0
end_to_end_latency,154,1082.0
end_to_end_latency,155,1032.0
end_to_end_latency,158,1936.0
end_to_end_latency,159,1885.0
end_to_end_latency,160,1837.0
end_to_end_latency,161,1786.0
end_to_end_latency,162,1736.0
end_to_end_latency,163,1686.0
end_to_end_latency,164,1637.0
end_to_end_latency,165,1586.0
end_to_end_latency,168,1437.0
end_to_end_latency,169,1388.0
end_to_end_latency,170,1337.0
end_to_end_latency,171,1287.0
end_to_end_latency,172,1237.0
end_to_end_latency,173,1188.0
end_to_end_latency,174,1138.0
end_to_end_latency,175,1088.0
end_to_end_latency,176,1038.0
end_to_end_latency,181,1334.0
end_to_end_latency,182,1284.0
end_to_end_latency,183,1234.0
end_to_end_latency,184,1185.0
end_to_end_latency,185,1134.0
end_to_end_latency,186,1084.0
end_to_end_latency,191,1342.0
end_to_end_latency,192,1292.0
end_to_end_latency,193,1242.0
end_to_end_latency,194,1192.0
end_to_end_latency,195,1142.0
end_to_end_latency,196,1092.0
end_to_end_latency,201,843.0
end_to_end_latency,202,792.0
end_to_end_latency,203,1253.0
end_to_end_latency,204,1203.0
end_to_end_latency,205,1154.0
end_to_end_latency,206,1104.0
end_to_end_latency,212,1808.0
end_to_end_latency,213,1759.0
end_to_end_latency,214,1708.0
end_to_end_latency,215,1659.0
end_to_end_latency,216,1609.0
end_to_end_latency,217,1560.0
end_to_end_latency,221,1360.0
end_to_end_latency,222,1309.0
end_to_end_latency,223,1259.0
end_to_end_latency,224,1210.0
end_to_end_latency,225,1159.0
end_to_end_latency,226,1109.0
end_to_end_latency,227,1060.0
end_to_end_latency,232,1314.0
end_to_end_latency,233,1264.0
end_to_end_latency,234,1214.0
end_to_end_latency,235,1164.0
end_to_end_latency,236,1114.0
end_to_end_latency,237,1064.0
end_to_end_latency,241,1381.0
end_to_end_latency,242,1331.0
end_to_end_latency,243,1283.0
end_to_end_latency,244,1232.0
end_to_end_latency,245,1182.0
end_to_end_latency,246,1133.0
end_to_end_latency,247,1083.0
end_to_end_latency,248,1032.0
end_to_end_latency,252,833.0
end_to_end_latency,253,1291.0
end_to_end_latency,254,1242.0
end_to_end_latency,255,1191.0
end_to_end_latency,256,1142.0
end_to_end_latency,257,1091.0
end_to_end_latency,258,1042.0
end_to_end_latency,259,992.0
end_to_end_latency,262,1868.0
end_to_end_latency,263,1819.0
end_to_end_latency,264,1768.0
end_to_end_latency,265,1718.0
end_to_end_latency,266,1669.0
end_to_end_latency,267,1619.0
end_to_end_latency,268,1569.0
end_to_end_latency,271,1419.0
end_to_end_latency,272,1370.0
end_to_end_latency,273,1319.0
end_to_end_latency,274,1269.0
end_to_end_latency,275,1220.0
end_to_end_latency,276,1169.0
end_to_end_latency,277,1120.0
end_to_end_latency,278,1071.0
end_to_end_latency,281,1401.0
end_to_end_latency,282,1352.0
end_to_end_latency,283,1302.0
end_to_end_latency,284,1252.0
end_to_end_latency,285,1202.0
end_to_end_latency,286,1152.0
end_to_end_latency,287,1102.0
end_to_end_latency,288,1052.0
end_to_end_latency,289,1003.0
end_to_end_latency,292,1391.0
end_to_end_latency,293,1341.0
end_to_end_latency,294,1292.0
end_to_end_latency,295,1242.0
end_to_end_latency,296,1192.0
end_to_end_latency,297,1142.0
end_to_end_latency,298,1092.0
end_to_end_latency,299,1043.0
end_to_end_latency,302,893.0
end_to_end_latency,303,842.0
end_to_end_latency,304,1303.0
end_to_end_latency,305,1253.0
end_to_end_latency,306,1202.0
end_to_end_latency,307,1153.0
end_to_end_latency,308,1102.0
end_to_end_latency,309,1052.0
end_to_end_latency,312,1911.0
end_to_end_latency,313,1860.0
end_to_end_latency,314,1811.0
end_to_end_latency,315,1760.0
end_to_end_latency,316,1710.0
end_to_end_latency,317,1661.0
end_to_end_latency,318,1611.0
end_to_end_latency,319,1561.0
end_to_end_latency,320,1511.0
end_to_end_latency,323,1361.0
end_to_end_latency,324,1312.0
end_to_end_latency,325,1262.0
end_to_end_latency,326,1212.0
end_to_end_latency,327,1161.0
end_to_end_latency,328,1111.0
end_to_end_latency,329,1062.0
end_to_end_latency,330,1011.0
end_to_end_latency,333,1358.0
end_to_end_latency,334,1307.0
end_to_end_latency,335,1257.0
end_to_end_latency,336,1208.0
end_to_end_latency,337,1157.0
end_to_end_latency,338,1107.0
end_to_end_latency,339,1058.0
end_to_end_latency,340,1008.0
end_to_end_latency,343,1362.0
end_to_end_latency,344,1313.0
end_to_end_latency,345,1262.0
end_to_end_latency,346,1212.0
end_to_end_latency,347,1162.0
end_to_end_latency,348,1113.0
end_to_end_latency,349,1064.0
end_to_end_latency,354,813.0
end_to_end_latency,355,764.0
end_to_end_latency,356,1246.0
end_to_end_latency,357,1196.0
end_to_end_latency,358,1147.0
end_to_end_latency,359,1098.0
end_to_end_latency,2,2061.0
end_to_end_latency,3,2012.0
end_to_end_latency,4,1962.0
end_to_end_latency,5,1913.0
end_to_end_latency,6,1862.0
end_to_end_latency,7,1813.0
end_to_end_latency,8,1762.0
end_to_end_latency,9,1712.0
end_to_end_latency,10,1662.0
end_to_end_latency,11,1613.0
end_to_end_latency,12,1562.0
end_to_end_latency,13,1512.0
end_to_end_latency,18,1263.0
end_to_end_latency,19,1214.0
end_to_end_latency,20,1164.0
end_to_end_latency,21,1114.0
end_to_end_latency,22,1063.0
end_to_end_latency,27,1326.0
end_to_end_latency,28,1277.0
end_to_end_latency,29,1227.0
end_to_end_latency,30,1176.0
end_to_end_latency,31,1127.0
end_to_end_latency,32,1077.0
end_to_end_latency,33,1027.0
end_to_end_latency,34,977.0
end_to_end_latency,37,1323.0
end_to_end_latency,38,1274.0
end_to_end_latency,39,1225.0
end_to_end_latency,40,1174.0
end_to_end_latency,41,1124.0
end_to_end_latency,42,1075.0
end_to_end_latency,47,1309.0
end_to_end_latency,48,1258.0
end_to_end_latency,49,1208.0
end_to_end_latency,50,1158.0
end_to_end_latency,51,1109.0
end_to_end_latency,52,1059.0
end_to_end_latency,53,1008.0
end_to_end_latency,56,1860.0
end_to_end_latency,57,1810.0
end_to_end_latency,58,1761.0
end_to_end_latency,59,1712.0
end_to_end_latency,60,1661.0
end_to_end_latency,61,1611.0
end_to_end_latency,67,1312.0
end_to_end_latency,68,1262.0
end_to_end_latency,69,1212.0
end_to_end_latency,70,1162.0
end_to_end_latency,71,1112.0
end_to_end_latency,72,1062.0
end_to_end_latency,77,1323.0
end_to_end_latency,78,1273.0
end_to_end_latency,79,1224.0
end_to_end_latency,80,1173.0
end_to_end_latency,81,1123.0
end_to_end_latency,82,1074.0
end_to_end_latency,87,1337.0
end_to_end_latency,88,1287.0
end_to_end_latency,89,1237.0
end_to_end_latency,90,1187.0
end_to_end_latency,91,1138.0
end_to_end_latency,92,1088.0
end_to_end_latency,98,1302.0
end_to_end_latency,99,1251.0
end_to_end_latency,100,1202.0
end_to_end_latency,101,1152.0
end_to_end_latency,102,1102.0
end_to_end_latency,103,1051.0
end_to_end_latency,108,1831.0
end_to_end_latency,109,1782.0
end_to_end_latency,110,1731.0
end_to_end_latency,111,1681.0
end_to_end_latency,112,1632.0
end_to_end_latency,113,1582.0
end_to_end_latency,116,1433.0
end_to_end_latency,117,1382.0
end_to_end_latency,118,1332.0
end_to_end_latency,119,1283.0
end_to_end_latency,120,1233.0
end_to_end_latency,121,1182.0
end_to_end_latency,122,1134.0
end_to_end_latency,123,1084.0
end_to_end_latency,129,1294.0
end_to_end_latency,130,1244.0
end_to_end_latency,131,1193.0
end_to_end_latency,132,1144.0
end_to_end_latency,133,1093.0
end_to_end_latency,134,1043.0
end_to_end_latency,137,1419.0
end_to_end_latency,138,1370.0
end_to_end_latency,139,1320.0
end_to_end_latency,140,1269.0
end_to_end_latency,141,1219.0
end_to_end_latency,142,1169.0
end_to_end_latency,143,1120.0
end_to_end_latency,144,1070.0
end_to_end_latency,147,1417.0
end_to_end_latency,148,1366.0
end_to_end_latency,149,1316.0
end_to_end_latency,150,1266.0
end_to_end_latency,151,1216.0
end_to_end_latency,152,1167.0
end_to_end_latency,153,1116.0
end_to_end_latency,154,1067.0
end_to_end_latency,155,1016.0
end_to_end_latency,159,1872.0
end_to_end_latency,160,1821.0
end_to_end_latency,161,1771.0
end_to_end_latency,162,1721.0
end_to_end_latency,163,1672.0
end_to_end_latency,164,1621.0
end_to_end_latency,165,1571.0
end_to_end_latency,168,1422.0
end_to_end_latency,169,1372.0
end_to_end_latency,170,1323.0
end_to_end_latency,171,1272.0
end_to_end_latency,172,1222.0
end_to_end_latency,173,1172.0
end_to_end_latency,174,1124.0
end_to_end_latency,175,1073.0
end_to_end_latency,180,1369.0
end_to_end_latency,181,1319.0
end_to_end_latency,182,1270.0
end_to_end_latency,183,1219.0
end_to_end_latency,184,1169.0
end_to_end_latency,185,1119.0
end_to_end_latency,186,1069.0
end_to_end_latency,187,1019.0
end_to_end_latency,191,1327.0
end_to_end_latency,192,1276.0
end_to_end_latency,193,1226.0
end_to_end_latency,194,1177.0
end_to_end_latency,195,1127.0
end_to_end_latency,196,1077.0
end_to_end_latency,201,1338.0
end_to_end_latency,202,1287.0
end_to_end_latency,203,1238.0
end_to_end_latency,204,1188.0
end_to_end_latency,205,1139.0
end_to_end_latency,206,1089.0
end_to_end_latency,211,1844.0
end_to_end_latency,212,1793.0
end_to_end_latency,213,1743.0
end_to_end_latency,214,1694.0
end_to_end_latency,215,1644.0
end_to_end_latency,216,1594.0
end_to_end_latency,217,1544.0
end_to_end_latency,222,1295.0
end_to_end_latency,223,1244.0
end_to_end_latency,224,1194.0
end_to_end_latency,225,1145.0
end_to_end_latency,226,1095.0
end_to_end_latency,227,1044.0
end_to_end_latency,232,1300.0
end_to_end_latency,233,1249.0
end_to_end_latency,234,1199.0
end_to_end_latency,235,1149.0
end_to_end_latency,236,1100.0
end_to_end_latency,237,1050.0
end_to_end_latency,242,1317.0
end_to_end_latency,243,1266.0
end_to_end_latency,244,1217.0
end_to_end_latency,245,1168.0
end_to_end_latency,246,1119.0
end_to_end_latency,247,1068.0
end_to_end_latency,248,1018.0
end_to_end_latency,252,1326.0
end_to_end_latency,253,1276.0
end_to_end_latency,254,1228.0
end_to_end_latency,255,1178.0
end_to_end_latency,256,1128.0
end_to_end_latency,257,1077.0
end_to_end_latency,258,1027.0
end_to_end_latency,261,1903.0
end_to_end_latency,262,1853.0
end_to_end_latency,263,1803.0
end_to_end_latency,264,1753.0
end_to_end_latency,265,1704.0
end_to_end_latency,266,1654.0
end_to_end_latency,267,1604.0
end_to_end_latency,272,1355.0
end_to_end_latency,273,1304.0
end_to_end_latency,274,1254.0
end_to_end_latency,275,1204.0
end_to_end_latency,276,1154.0
end_to_end_latency,277,1105.0
end_to_end_latency,278,1056.0
end_to_end_latency,282,1336.0
end_to_end_latency,283,1286.0
end_to_end_latency,284,1237.0
end_to_end_latency,285,1188.0
end_to_end_latency,286,1137.0
end_to_end_latency,287,1087.0
end_to_end_latency,288,1038.0
end_to_end_latency,292,1376.0
end_to_end_latency,293,1326.0
end_to_end_latency,294,1278.0
end_to_end_latency,295,1227.0
end_to_end_latency,296,1177.0
end_to_end_latency,297,1128.0
end_to_end_latency,298,1077.0
end_to_end_latency,303,1337.0
end_to_end_latency,304,1288.0
end_to_end_latency,305,1237.0
end_to_end_latency,306,1187.0
end_to_end_latency,307,1138.0
end_to_end_latency,308,1088.0
end_to_end_latency,309,1037.0
end_to_end_latency,313,1845.0
end_to_end_latency,314,1795.0
end_to_end_latency,315,1746.0
end_to_end_latency,316,1696.0
end_to_end_latency,317,1645.0
end_to_end_latency,318,1595.0
end_to_end_latency,319,1547.0
end_to_end_latency,323,1347.0
end_to_end_latency,324,1297.0
end_to_end_latency,325,1246.0
end_to_end_latency,326,1196.0
end_to_end_latency,327,1147.0
end_to_end_latency,328,1097.0
end_to_end_latency,332,1392.0
end_to_end_latency,333,1343.0
end_to_end_latency,334,1293.0
end_to_end_latency,335,1242.0
end_to_end_latency,336,1192.0
end_to_end_latency,337,1142.0
end_to_end_latency,338,1093.0
end_to_end_latency,339,1044.0
end_to_end_latency,343,1348.0
end_to_end_latency,344,1297.0
end_to_end_latency,345,1247.0
end_to_end_latency,346,1198.0
end_to_end_latency,347,1147.0
end_to_end_latency,348,1098.0
end_to_end_latency,349,1048.0
end_to_end_latency,353,1381.0
end_to_end_latency,354,1331.0
end_to_end_latency,355,1281.0
end_to_end_latency,356,1231.0
end_to_end_latency,357,1182.0
end_to_end_latency,358,1133.0
end_to_end_latency,359,1082.0
end_to_end_latency,0,1208.0
end_to_end_latency,2,2103.0
end_to_end_latency,3,2053.0
end_to_end_latency,4,2004.0
end_to_end_latency,5,1954.0
end_to_end_latency,6,1904.0
end_to_end_latency,7,1854.0
end_to_end_latency,8,1803.0
end_to_end_latency,9,1753.0
end_to_end_latency,10,1704.0
end_to_end_latency,11,1654.0
end_to_end_latency,12,1604.0
end_to_end_latency,13,1553.0
end_to_end_latency,14,1504.0
end_to_end_latency,17,1354.0
end_to_end_latency,18,1304.0
end_to_end_latency,19,1255.0
end_to_end_latency,20,1204.0
end_to_end_latency,21,1155.0
end_to_end_latency,22,1105.0
end_to_end_latency,23,1055.0
end_to_end_latency,24,1005.0
end_to_end_latency,28,805.0
end_to_end_latency,29,755.0
end_to_end_latency,30,1218.0
end_to_end_latency,31,1167.0
end_to_end_latency,32,1118.0
end_to_end_latency,33,1068.0
end_to_end_latency,38,1315.0
end_to_end_latency,39,1265.0
end_to_end_latency,40,1215.0
end_to_end_latency,41,1166.0
end_to_end_latency,42,1115.0
end_to_end_latency,43,1066.0
end_to_end_latency,48,1299.0
end_to_end_latency,49,1250.0
end_to_end_latency,50,1200.0
end_to_end_latency,51,1149.0
end_to_end_latency,52,1100.0
end_to_end_latency,53,1051.0
end_to_end_latency,54,1001.0
end_to_end_latency,57,1851.0
end_to_end_latency,58,1801.0
end_to_end_latency,59,1752.0
end_to_end_latency,60,1703.0
end_to_end_latency,61,1653.0
end_to_end_latency,62,1603.0
end_to_end_latency,63,1553.0
end_to_end_latency,67,1353.0
end_to_end_latency,68,1302.0
end_to_end_latency,69,1253.0
end_to_end_latency,70,1203.0
end_to_end_latency,71,1153.0
end_to_end_latency,72,1104.0
end_to_end_latency,73,1054.0
end_to_end_latency,74,1003.0
end_to_end_latency,78,804.0
end_to_end_latency,79,1265.0
end_to_end_latency,80,1214.0
end_to_end_latency,81,1165.0
end_to_end_latency,82,1114.0
end_to_end_latency,83,1064.0
end_to_end_latency,86,1428.0
end_to_end_latency,87,1379.0
end_to_end_latency,88,1329.0
end_to_end_latency,89,1278.0
end_to_end_latency,90,1230.0
end_to_end_latency,91,1180.0
end_to_end_latency,92,1129.0
end_to_end_latency,93,1080.0
end_to_end_latency,97,1393.0
end_to_end_latency,98,1343.0
end_to_end_latency,99,1292.0
end_to_end_latency,100,1243.0
end_to_end_latency,101,1193.0
end_to_end_latency,102,1143.0
end_to_end_latency,103,1093.0
end_to_end_latency,104,1043.0
end_to_end_latency,108,1872.0
end_to_end_latency,109,1822.0
end_to_end_latency,110,1773.0
end_to_end_latency,111,1723.0
end_to_end_latency,112,1673.0
end_to_end_latency,113,1623.0
end_to_end_latency,114,1573.0
end_to_end_latency,118,1374.0
end_to_end_latency,119,1323.0
end_to_end_latency,120,1275.0
end_to_end_latency,121,1225.0
end_to_end_latency,122,1175.0
end_to_end_latency,123,1125.0
end_to_end_latency,124,1075.0
end_to_end_latency,129,825.0
end_to_end_latency,130,1284.0
end_to_end_latency,131,1234.0
end_to_end_latency,132,1184.0
end_to_end_latency,133,1135.0
end_to_end_latency,134,1085.0
end_to_end_latency,135,1035.0
end_to_end_latency,139,1360.0
end_to_end_latency,140,1309.0
end_to_end_latency,141,1261.0
end_to_end_latency,142,1211.0
end_to_end_latency,143,1160.0
end_to_end_latency,144,1111.0
end_to_end_latency,145,1061.0
end_to_end_latency,148,1408.0
end_to_end_latency,149,1358.0
end_to_end_latency,150,1308.0
end_to_end_latency,151,1257.0
end_to_end_latency,152,1208.0
end_to_end_latency,153,1158.0
end_to_end_latency,154,1109.0
end_to_end_latency,155,1058.0
end_to_end_latency,160,1862.0
end_to_end_latency,161,1812.0
end_to_end_latency,162,1763.0
end_to_end_latency,163,1712.0
end_to_end_latency,164,1663.0
end_to_end_latency,165,1613.0
end_to_end_latency,166,1563.0
end_to_end_latency,167,1513.0
end_to_end_latency,170,1364.0
end_to_end_latency,171,1314.0
end_to_end_latency,172,1263.0
end_to_end_latency,173,1214.0
end_to_end_latency,174,1164.0
end_to_end_latency,175,1114.0
end_to_end_latency,176,1065.0
end_to_end_latency,181,815.0
end_to_end_latency,182,1311.0
end_to_end_latency,183,1260.0
end_to_end_latency,184,1211.0
end_to_end_latency,185,1160.0
end_to_end_latency,186,1111.0
end_to_end_latency,191,1368.0
end_to_end_latency,192,1318.0
end_to_end_latency,193,1269.0
end_to_end_latency,194,1219.0
end_to_end_latency,195,1168.0
end_to_end_latency,196,1118.0
end_to_end_latency,197,1069.0
end_to_end_latency,201,1379.0
end_to_end_latency,202,1328.0
end_to_end_latency,203,1280.0
end_to_end_latency,204,1230.0
end_to_end_latency,205,1180.0
end_to_end_latency,206,1130.0
end_to_end_latency,207,1080.0
end_to_end_latency,208,1030.0
end_to_end_latency,211,1885.0
end_to_end_latency,212,1835.0
end_to_end_latency,213,1785.0
end_to_end_latency,214,1734.0
end_to_end_latency,215,1685.0
end_to_end_latency,216,1635.0
end_to_end_latency,217,1585.0
end_to_end_latency,218,1535.0
end_to_end_latency,222,1336.0
end_to_end_latency,223,1285.0
end_to_end_latency,224,1236.0
end_to_end_latency,225,1186.0
end_to_end_latency,226,1135.0
end_to_end_latency,227,1086.0
end_to_end_latency,228,1036.0
end_to_end_latency,229,985.0
end_to_end_latency,233,787.0
end_to_end_latency,234,1241.0
end_to_end_latency,235,1190.0
end_to_end_latency,236,1141.0
end_to_end_latency,237,1091.0
end_to_end_latency,238,1040.0
end_to_end_latency,242,1357.0
end_to_end_latency,243,1308.0
end_to_end_latency,244,1259.0
end_to_end_latency,245,1209.0
end_to_end_latency,246,1158.0
end_to_end_latency,247,1109.0
end_to_end_latency,248,1059.0
end_to_end_latency,252,1368.0
end_to_end_latency,253,1318.0
end_to_end_latency,254,1268.0
end_to_end_latency,255,1218.0
end_to_end_latency,256,1168.0
end_to_end_latency,257,1117.0
end_to_end_latency,258,1069.0
end_to_end_latency,259,1019.0
end_to_end_latency,262,1894.0
end_to_end_latency,263,1844.0
end_to_end_latency,264,1795.0
end_to_end_latency,265,1745.0
end_to_end_latency,266,1694.0
end_to_end_latency,267,1645.0
end_to_end_latency,268,1596.0
end_to_end_latency,269,1545.0
end_to_end_latency,272,1396.0
end_to_end_latency,273,1346.0
end_to_end_latency,274,1296.0
end_to_end_latency,275,1245.0
end_to_end_latency,276,1196.0
end_to_end_latency,277,1146.0
end_to_end_latency,278,1096.0
end_to_end_latency,279,1046.0
end_to_end_latency,283,846.0
end_to_end_latency,284,797.0
end_to_end_latency,285,1228.0
end_to_end_latency,286,1177.0
end_to_end_latency,287,1128.0
end_to_end_latency,288,1078.0
end_to_end_latency,289,1028.0
end_to_end_latency,293,1368.0
end_to_end_latency,294,1319.0
end_to_end_latency,295,1269.0
end_to_end_latency,296,1218.0
end_to_end_latency,297,1168.0
end_to_end_latency,298,1119.0
end_to_end_latency,299,1068.0
end_to_end_latency,303,1379.0
end_to_end_latency,304,1329.0
end_to_end_latency,305,1279.0
end_to_end_latency,306,1229.0
end_to_end_latency,307,1179.0
end_to_end_latency,308,1129.0
end_to_end_latency,309,1079.0
end_to_end_latency,310,1028.0
end_to_end_latency,314,1837.0
end_to_end_latency,315,1786.0
end_to_end_latency,316,1737.0
end_to_end_latency,317,1687.0
end_to_end_latency,318,1637.0
end_to_end_latency,319,1588.0
end_to_end_latency,320,1538.0
end_to_end_latency,324,1338.0
end_to_end_latency,325,1288.0
end_to_end_latency,326,1238.0
end_to_end_latency,327,1188.0
end_to_end_latency,328,1138.0
end_to_end_latency,329,1089.0
end_to_end_latency,330,1038.0
end_to_end_latency,333,888.0
end_to_end_latency,334,839.0
end_to_end_latency,335,1284.0
end_to_end_latency,336,1233.0
end_to_end_latency,337,1184.0
end_to_end_latency,338,1134.0
end_to_end_latency,339,1084.0
end_to_end_latency,340,1035.0
end_to_end_latency,341,985.0
end_to_end_latency,344,1339.0
end_to_end_latency,345,1289.0
end_to_end_latency,346,1239.0
end_to_end_latency,347,1189.0
end_to_end_latency,348,1138.0
end_to_end_latency,349,1089.0
end_to_end_latency,350,1040.0
end_to_end_latency,351,990.0
end_to_end_latency,354,1372.0
end_to_end_latency,355,1322.0
end_to_end_latency,356,1273.0
end_to_end_latency,357,1222.0
end_to_end_latency,358,1173.0
end_to_end_latency,359,1123.0
end_to_end_latency,360,1073.0
end_to_end_latency,361,1024.0
end_to_end_latency,3,1042.0
end_to_end_latency,4,992.0
end_to_end_latency,5,942.0
end_to_end_latency,6,1888.0
end_to_end_latency,7,1837.0
end_to_end_latency,8,1788.0
end_to_end_latency,9,1737.0
end_to_end_latency,10,1687.0
end_to_end_latency,11,1638.0
end_to_end_latency,12,1587.0
end_to_end_latency,13,1538.0
end_to_end_latency,17,1338.0
end_to_end_latency,18,1287.0
end_to_end_latency,19,1238.0
end_to_end_latency,20,1189.0
end_to_end_latency,21,1138.0
end_to_end_latency,22,1089.0
end_to_end_latency,23,1039.0
end_to_end_latency,28,1301.0
end_to_end_latency,29,1251.0
end_to_end_latency,30,1201.0
end_to_end_latency,31,1151.0
end_to_end_latency,32,1102.0
end_to_end_latency,33,1053.0
end_to_end_latency,36,1400.0
end_to_end_latency,37,1348.0
end_to_end_latency,38,1299.0
end_to_end_latency,39,1249.0
end_to_end_latency,40,1199.0
end_to_end_latency,41,1150.0
end_to_end_latency,42,1101.0
end_to_end_latency,43,1049.0
end_to_end_latency,46,1383.0
end_to_end_latency,47,1333.0
end_to_end_latency,48,1284.0
end_to_end_latency,49,1233.0
end_to_end_latency,50,1183.0
end_to_end_latency,51,1134.0
end_to_end_latency,52,1084.0
end_to_end_latency,53,1034.0
end_to_end_latency,54,985.0
end_to_end_latency,57,835.0
end_to_end_latency,58,784.0
end_to_end_latency,59,1736.0
end_to_end_latency,60,1687.0
end_to_end_latency,61,1636.0
end_to_end_latency,67,1336.0
end_to_end_latency,68,1286.0
end_to_end_latency,69,1237.0
end_to_end_latency,70,1187.0
end_to_end_latency,71,1137.0
end_to_end_latency,72,1087.0
end_to_end_latency,77,1349.0
end_to_end_latency,78,1298.0
end_to_end_latency,79,1248.0
end_to_end_latency,80,1198.0
end_to_end_latency,81,1148.0
end_to_end_latency,82,1098.0
end_to_end_latency,88,1313.0
end_to_end_latency,89,1262.0
end_to_end_latency,90,1212.0
end_to_end_latency,91,1163.0
end_to_end_latency,92,1113.0
end_to_end_latency,93,1063.0
end_to_end_latency,98,1326.0
end_to_end_latency,99,1276.0
end_to_end_latency,100,1227.0
end_to_end_latency,101,1176.0
end_to_end_latency,102,1126.0
end_to_end_latency,103,1077.0
end_to_end_latency,108,1857.0
end_to_end_latency,109,1807.0
end_to_end_latency,110,1756.0
end_to_end_latency,111,1706.0
end_to_end_latency,112,1657.0
end_to_end_latency,113,1606.0
end_to_end_latency,119,1307.0
end_to_end_latency,120,1258.0
end_to_end_latency,121,1208.0
end_to_end_latency,122,1157.0
end_to_end_latency,123,1109.0
end_to_end_latency,124,1058.0
end_to_end_latency,129,1318.0
end_to_end_latency,130,1269.0
end_to_end_latency,131,1219.0
end_to_end_latency,132,1168.0
end_to_end_latency,133,1119.0
end_to_end_latency,134,1069.0
end_to_end_latency,139,1345.0
end_to_end_latency,140,1294.0
end_to_end_latency,141,1244.0
end_to_end_latency,142,1195.0
end_to_end_latency,143,1145.0
end_to_end_latency,144,1095.0
end_to_end_latency,149,1341.0
end_to_end_latency,150,1292.0
end_to_end_latency,151,1241.0
end_to_end_latency,152,1191.0
end_to_end_latency,153,1142.0
end_to_end_latency,154,1091.0
end_to_end_latency,155,1042.0
end_to_end_latency,160,793.0
end_to_end_latency,161,742.0
end_to_end_latency,162,1747.0
end_to_end_latency,163,1696.0
end_to_end_latency,164,1647.0
end_to_end_latency,165,1596.0
end_to_end_latency,170,1347.0
end_to_end_latency,171,1298.0
end_to_end_latency,172,1247.0
end_to_end_latency,173,1197.0
end_to_end_latency,174,1148.0
end_to_end_latency,175,1097.0
end_to_end_latency,180,1394.0
end_to_end_latency,181,1345.0
end_to_end_latency,182,1294.0
end_to_end_latency,183,1245.0
end_to_end_latency,184,1195.0
end_to_end_latency,185,1146.0
end_to_end_latency,191,1353.0
end_to_end_latency,192,1302.0
end_to_end_latency,193,1253.0
end_to_end_latency,194,1202.0
end_to_end_latency,195,1153.0
end_to_end_latency,196,1102.0
end_to_end_latency,201,1363.0
end_to_end_latency,202,1313.0
end_to_end_latency,203,1263.0
end_to_end_latency,204,1214.0
end_to_end_latency,205,1163.0
end_to_end_latency,206,1114.0
end_to_end_latency,207,1063.0
end_to_end_latency,208,1014.0
end_to_end_latency,211,863.0
end_to_end_latency,212,813.0
end_to_end_latency,213,1769.0
end_to_end_latency,214,1718.0
end_to_end_latency,215,1668.0
end_to_end_latency,216,1619.0
end_to_end_latency,217,1568.0
end_to_end_latency,218,1518.0
end_to_end_latency,221,1369.0
end_to_end_latency,222,1319.0
end_to_end_latency,223,1270.0
end_to_end_latency,224,1219.0
end_to_end_latency,225,1169.0
end_to_end_latency,226,1120.0
end_to_end_latency,227,1069.0
end_to_end_latency,232,1325.0
end_to_end_latency,233,1274.0
end_to_end_latency,234,1224.0
end_to_end_latency,235,1175.0
end_to_end_latency,236,1125.0
end_to_end_latency,237,1074.0
end_to_end_latency,242,1342.0
end_to_end_latency,243,1292.0
end_to_end_latency,244,1243.0
end_to_end_latency,245,1192.0
end_to_end_latency,246,1142.0
end_to_end_latency,247,1093.0
end_to_end_latency,252,1351.0
end_to_end_latency,253,1302.0
end_to_end_latency,254,1251.0
end_to_end_latency,255,1202.0
end_to_end_latency,256,1153.0
end_to_end_latency,257,1102.0
end_to_end_latency,258,1053.0
end_to_end_latency,262,852.0
end_to_end_latency,263,802.0
end_to_end_latency,264,1778.0
end_to_end_latency,265,1728.0
end_to_end_latency,266,1679.0
end_to_end_latency,267,1629.0
end_to_end_latency,268,1580.0
end_to_end_latency,272,1379.0
end_to_end_latency,273,1330.0
end_to_end_latency,274,1279.0
end_to_end_latency,275,1229.0
end_to_end_latency,276,1179.0
end_to_end_latency,277,1130.0
end_to_end_latency,278,1081.0
end_to_end_latency,279,1030.0
end_to_end_latency,282,1361.0
end_to_end_latency,283,1311.0
end_to_end_latency,284,1262.0
end_to_end_latency,285,1211.0
end_to_end_latency,286,1162.0
end_to_end_latency,287,1111.0
end_to_end_latency,288,1063.0
end_to_end_latency,289,1012.0
end_to_end_latency,293,1351.0
end_to_end_latency,294,1301.0
end_to_end_latency,295,1251.0
end_to_end_latency,296,1202.0
end_to_end_latency,297,1151.0
end_to_end_latency,298,1102.0
end_to_end_latency,299,1052.0
end_to_end_latency,303,1361.0
end_to_end_latency,304,1312.0
end_to_end_latency,305,1262.0
end_to_end_latency,306,1212.0
end_to_end_latency,307,1163.0
end_to_end_latency,308,1112.0
end_to_end_latency,313,864.0
end_to_end_latency,314,813.0
end_to_end_latency,315,763.0
end_to_end_latency,316,1721.0
end_to_end_latency,317,1670.0
end_to_end_latency,318,1620.0
end_to_end_latency,319,1571.0
end_to_end_latency,320,1522.0
end_to_end_latency,324,1321.0
end_to_end_latency,325,1271.0
end_to_end_latency,326,1221.0
end_to_end_latency,327,1172.0
end_to_end_latency,328,1121.0
end_to_end_latency,329,1073.0
end_to_end_latency,333,1367.0
end_to_end_latency,334,1318.0
end_to_end_latency,335,1268.0
end_to_end_latency,336,1219.0
end_to_end_latency,337,1169.0
end_to_end_latency,338,1118.0
end_to_end_latency,339,1068.0
end_to_end_latency,344,1322.0
end_to_end_latency,345,1272.0
end_to_end_latency,346,1223.0
end_to_end_latency,347,1172.0
end_to_end_latency,348,1122.0
end_to_end_latency,349,1074.0
end_to_end_latency,350,1023.0
end_to_end_latency,354,1356.0
end_to_end_latency,355,1307.0
end_to_end_latency,356,1256.0
end_to_end_latency,357,1207.0
end_to_end_latency,358,1157.0
end_to_end_latency,359,1107.0
end_to_end_latency,360,1058.0
end_to_end_latency,364,857.0
end_to_end_latency,365,808.0
end_to_end_latency,0,2222.0
end_to_end_latency,3,2071.0
end_to_end_latency,4,2022.0
end_to_end_latency,5,1972.0
end_to_end_latency,6,1923.0
end_to_end_latency,7,1872.0
end_to_end_latency,8,1823.0
end_to_end_latency,9,1773.0
end_to_end_latency,10,1722.0
end_to_end_latency,11,1672.0
end_to_end_latency,12,1622.0
end_to_end_latency,13,1573.0
end_to_end_latency,19,1273.0
end_to_end_latency,20,1222.0
end_to_end_latency,21,1173.0
end_to_end_latency,22,1124.0
end_to_end_latency,23,1073.0
end_to_end_latency,24,1024.0
end_to_end_latency,25,973.0
end_to_end_latency,30,1237.0
end_to_end_latency,31,1186.0
end_to_end_latency,32,1136.0
end_to_end_latency,33,1087.0
end_to_end_latency,38,1334.0
end_to_end_latency,39,1285.0
end_to_end_latency,40,1234.0
end_to_end_latency,41,1184.0
end_to_end_latency,42,1135.0
end_to_end_latency,43,1085.0
end_to_end_latency,48,1318.0
end_to_end_latency,49,1268.0
end_to_end_latency,50,1218.0
end_to_end_latency,51,1168.0
end_to_end_latency,52,1119.0
end_to_end_latency,58,1820.0
end_to_end_latency,59,1771.0
end_to_end_latency,60,1720.0
end_to_end_latency,61,1671.0
end_to_end_latency,62,1621.0
end_to_end_latency,63,1572.0
end_to_end_latency,68,1322.0
end_to_end_latency,69,1272.0
end_to_end_latency,70,1222.0
end_to_end_latency,71,1173.0
end_to_end_latency,72,1122.0
end_to_end_latency,73,1583.0
end_to_end_latency,77,1384.0
end_to_end_latency,78,1333.0
end_to_end_latency,79,1283.0
end_to_end_latency,80,1233.0
end_to_end_latency,81,1183.0
end_to_end_latency,82,1133.0
end_to_end_latency,83,1598.0
end_to_end_latency,84,1547.0
end_to_end_latency,88,1348.0
end_to_end_latency,89,1298.0
end_to_end_latency,90,1248.0
end_to_end_latency,91,1198.0
end_to_end_latency,92,1149.0
end_to_end_latency,93,1611.0
end_to_end_latency,94,1561.0
end_to_end_latency,99,1311.0
end_to_end_latency,100,1261.0
end_to_end_latency,101,1211.0
end_to_end_latency,102,1161.0
end_to_end_latency,103,1111.0
end_to_end_latency,104,1062.0
end_to_end_latency,108,1891.0
end_to_end_latency,109,1841.0
end_to_end_latency,110,1792.0
end_to_end_latency,111,1741.0
end_to_end_latency,112,1691.0
end_to_end_latency,113,1641.0
end_to_end_latency,114,1592.0
end_to_end_latency,119,1342.0
end_to_end_latency,120,1293.0
end_to_end_latency,121,1243.0
end_to_end_latency,122,1192.0
end_to_end_latency,123,1142.0
end_to_end_latency,124,1603.0
end_to_end_latency,129,1354.0
end_to_end_latency,130,1303.0
end_to_end_latency,131,1254.0
end_to_end_latency,132,1204.0
end_to_end_latency,133,1153.0
end_to_end_latency,134,1103.0
end_to_end_latency,139,1379.0
end_to_end_latency,140,1330.0
end_to_end_latency,141,1279.0
end_to_end_latency,142,1230.0
end_to_end_latency,143,1179.0
end_to_end_latency,144,1129.0
end_to_end_latency,145,1576.0
end_to_end_latency,150,1326.0
end_to_end_latency,151,1276.0
end_to_end_latency,152,1226.0
end_to_end_latency,153,1177.0
end_to_end_latency,154,1126.0
end_to_end_latency,155,2131.0
end_to_end_latency,160,1881.0
end_to_end_latency,161,1830.0
end_to_end_latency,162,1781.0
end_to_end_latency,163,1732.0
end_to_end_latency,164,1682.0
end_to_end_latency,165,1631.0
end_to_end_latency,170,1382.0
end_to_end_latency,171,1332.0
end_to_end_latency,172,1282.0
end_to_end_latency,173,1232.0
end_to_end_latency,174,1183.0
end_to_end_latency,175,1132.0
end_to_end_latency,176,1629.0
end_to_end_latency,181,1379.0
end_to_end_latency,182,1329.0
end_to_end_latency,183,1279.0
end_to_end_latency,184,1229.0
end_to_end_latency,185,1179.0
end_to_end_latency,186,1129.0
end_to_end_latency,191,1386.0
end_to_end_latency,192,1337.0
end_to_end_latency,193,1286.0
end_to_end_latency,194,1236.0
end_to_end_latency,195,1186.0
end_to_end_latency,196,1136.0
end_to_end_latency,197,1087.0
end_to_end_latency,202,1347.0
end_to_end_latency,203,1298.0
end_to_end_latency,204,1249.0
end_to_end_latency,205,1199.0
end_to_end_latency,206,1148.0
end_to_end_latency,207,1099.0
end_to_end_latency,212,1853.0
end_to_end_latency,213,1803.0
end_to_end_latency,214,1754.0
end_to_end_latency,215,1703.0
end_to_end_latency,216,1654.0
end_to_end_latency,217,1604.0
end_to_end_latency,218,1554.0
end_to_end_latency,223,1305.0
end_to_end_latency,224,1255.0
end_to_end_latency,225,1204.0
end_to_end_latency,226,1154.0
end_to_end_latency,227,1105.0
end_to_end_latency,228,1054.0
end_to_end_latency,233,1309.0
end_to_end_latency,234,1260.0
end_to_end_latency,235,1210.0
end_to_end_latency,236,1159.0
end_to_end_latency,237,1109.0
end_to_end_latency,238,1060.0
end_to_end_latency,243,1327.0
end_to_end_latency,244,1278.0
end_to_end_latency,245,1228.0
end_to_end_latency,246,1177.0
end_to_end_latency,247,1127.0
end_to_end_latency,248,1587.0
end_to_end_latency,249,1536.0
end_to_end_latency,254,1286.0
end_to_end_latency,255,1237.0
end_to_end_latency,256,1186.0
end_to_end_latency,257,1137.0
end_to_end_latency,258,2112.0
end_to_end_latency,263,1863.0
end_to_end_latency,264,1814.0
end_to_end_latency,265,1763.0
end_to_end_latency,266,1713.0
end_to_end_latency,267,1663.0
end_to_end_latency,268,1615.0
end_to_end_latency,272,1415.0
end_to_end_latency,273,1364.0
end_to_end_latency,274,1315.0
end_to_end_latency,275,1266.0
end_to_end_latency,276,1215.0
end_to_end_latency,277,1165.0
end_to_end_latency,278,1115.0
end_to_end_latency,279,1066.0
end_to_end_latency,283,1346.0
end_to_end_latency,284,1296.0
end_to_end_latency,285,1247.0
end_to_end_latency,286,1197.0
end_to_end_latency,287,1147.0
end_to_end_latency,293,1387.0
end_to_end_latency,294,1336.0
end_to_end_latency,295,1286.0
end_to_end_latency,296,1236.0
end_to_end_latency,297,1186.0
end_to_end_latency,298,1137.0
end_to_end_latency,303,1396.0
end_to_end_latency,304,1346.0
end_to_end_latency,305,1297.0
end_to_end_latency,306,1248.0
end_to_end_latency,307,1197.0
end_to_end_latency,308,1148.0
end_to_end_latency,309,1097.0
end_to_end_latency,314,1856.0
end_to_end_latency,315,1805.0
end_to_end_latency,316,1755.0
end_to_end_latency,317,1706.0
end_to_end_latency,318,1656.0
end_to_end_latency,319,1605.0
end_to_end_latency,320,1557.0
end_to_end_latency,324,1357.0
end_to_end_latency,325,1306.0
end_to_end_latency,326,1257.0
end_to_end_latency,327,1207.0
end_to_end_latency,328,1156.0
end_to_end_latency,329,1107.0
end_to_end_latency,330,1552.0
end_to_end_latency,334,1352.0
end_to_end_latency,335,1807.0
end_to_end_latency,336,1757.0
end_to_end_latency,337,1707.0
end_to_end_latency,338,1657.0
end_to_end_latency,339,1608.0
end_to_end_latency,345,1307.0
end_to_end_latency,346,1257.0
end_to_end_latency,347,1208.0
end_to_end_latency,348,1157.0
end_to_end_latency,349,1108.0
end_to_end_latency,350,1590.0
end_to_end_latency,354,1391.0
end_to_end_latency,355,1341.0
end_to_end_latency,356,1291.0
end_to_end_latency,357,1242.0
end_to_end_latency,358,1191.0
end_to_end_latency,359,1142.0
end_to_end_latency,0,1219.0
end_to_end_latency,4,2014.0
end_to_end_latency,5,1963.0
end_to_end_latency,6,1913.0
end_to_end_latency,7,1864.0
end_to_end_latency,8,1814.0
end_to_end_latency,9,1764.0
end_to_end_latency,10,1714.0
end_to_end_latency,11,1663.0
end_to_end_latency,12,1614.0
end_to_end_latency,13,1563.0
end_to_end_latency,14,1513.0
end_to_end_latency,19,1265.0
end_to_end_latency,20,1214.0
end_to_end_latency,21,1164.0
end_to_end_latency,22,1115.0
end_to_end_latency,23,1578.0
end_to_end_latency,24,1527.0
end_to_end_latency,30,1228.0
end_to_end_latency,31,1178.0
end_to_end_latency,32,1128.0
end_to_end_latency,33,1078.0
end_to_end_latency,38,1326.0
end_to_end_latency,39,1276.0
end_to_end_latency,40,1225.0
end_to_end_latency,41,1175.0
end_to_end_latency,42,1126.0
end_to_end_latency,43,1075.0
end_to_end_latency,44,1509.0
end_to_end_latency,48,1309.0
end_to_end_latency,49,1260.0
end_to_end_latency,50,1209.0
end_to_end_latency,51,1159.0
end_to_end_latency,52,1110.0
end_to_end_latency,53,1059.0
end_to_end_latency,58,1813.0
end_to_end_latency,59,1763.0
end_to_end_latency,60,1712.0
end_to_end_latency,61,1663.0
end_to_end_latency,62,1612.0
end_to_end_latency,63,1563.0
end_to_end_latency,68,1314.0
end_to_end_latency,69,1774.0
end_to_end_latency,70,1725.0
end_to_end_latency,71,1674.0
end_to_end_latency,72,1625.0
end_to_end_latency,73,1574.0
end_to_end_latency,78,1325.0
end_to_end_latency,79,1274.0
end_to_end_latency,80,1225.0
end_to_end_latency,81,1175.0
end_to_end_latency,82,1125.0
end_to_end_latency,83,1074.0
end_to_end_latency,88,1339.0
end_to_end_latency,89,1290.0
end_to_end_latency,90,1239.0
end_to_end_latency,91,1189.0
end_to_end_latency,92,1140.0
end_to_end_latency,93,1089.0
end_to_end_latency,98,1353.0
end_to_end_latency,99,1303.0
end_to_end_latency,100,1253.0
end_to_end_latency,101,1202.0
end_to_end_latency,102,1153.0
end_to_end_latency,103,1103.0
end_to_end_latency,104,1053.0
end_to_end_latency,109,1832.0
end_to_end_latency,110,1783.0
end_to_end_latency,111,1732.0
end_to_end_latency,112,1683.0
end_to_end_latency,113,1633.0
end_to_end_latency,114,1583.0
end_to_end_latency,119,1334.0
end_to_end_latency,120,1284.0
end_to_end_latency,121,1234.0
end_to_end_latency,122,1183.0
end_to_end_latency,123,1135.0
end_to_end_latency,124,1084.0
end_to_end_latency,128,1395.0
end_to_end_latency,129,1344.0
end_to_end_latency,130,1295.0
end_to_end_latency,131,1245.0
end_to_end_latency,132,1195.0
end_to_end_latency,133,1145.0
end_to_end_latency,139,1371.0
end_to_end_latency,140,1320.0
end_to_end_latency,141,1270.0
end_to_end_latency,142,1221.0
end_to_end_latency,143,1171.0
end_to_end_latency,144,1121.0
end_to_end_latency,150,1318.0
end_to_end_latency,151,1267.0
end_to_end_latency,152,1217.0
end_to_end_latency,153,1168.0
end_to_end_latency,154,1119.0
end_to_end_latency,155,1068.0
end_to_end_latency,160,1873.0
end_to_end_latency,161,1822.0
end_to_end_latency,162,1773.0
end_to_end_latency,163,1723.0
end_to_end_latency,164,1672.0
end_to_end_latency,165,1623.0
end_to_end_latency,170,1374.0
end_to_end_latency,171,1323.0
end_to_end_latency,172,1274.0
end_to_end_latency,173,1223.0
end_to_end_latency,174,1173.0
end_to_end_latency,175,1123.0
end_to_end_latency,176,1075.0
end_to_end_latency,181,1371.0
end_to_end_latency,182,1321.0
end_to_end_latency,183,1270.0
end_to_end_latency,184,1220.0
end_to_end_latency,185,1171.0
end_to_end_latency,186,1120.0
end_to_end_latency,191,1378.0
end_to_end_latency,192,1328.0
end_to_end_latency,193,1279.0
end_to_end_latency,194,1229.0
end_to_end_latency,195,1178.0
end_to_end_latency,196,1129.0
end_to_end_latency,201,1389.0
end_to_end_latency,202,1339.0
end_to_end_latency,203,1290.0
end_to_end_latency,204,1240.0
end_to_end_latency,205,1190.0
end_to_end_latency,206,1140.0
end_to_end_latency,207,1089.0
end_to_end_latency,212,1844.0
end_to_end_latency,213,1795.0
end_to_end_latency,214,1745.0
end_to_end_latency,215,1695.0
end_to_end_latency,216,1645.0
end_to_end_latency,217,1595.0
end_to_end_latency,222,1346.0
end_to_end_latency,223,1296.0
end_to_end_latency,224,1245.0
end_to_end_latency,225,1196.0
end_to_end_latency,226,1145.0
end_to_end_latency,227,1096.0
end_to_end_latency,228,1550.0
end_to_end_latency,233,1301.0
end_to_end_latency,234,1251.0
end_to_end_latency,235,1200.0
end_to_end_latency,236,1151.0
end_to_end_latency,237,1101.0
end_to_end_latency,238,1050.0
end_to_end_latency,243,1317.0
end_to_end_latency,244,1269.0
end_to_end_latency,245,1219.0
end_to_end_latency,246,1168.0
end_to_end_latency,247,1118.0
end_to_end_latency,248,1069.0
end_to_end_latency,253,1328.0
end_to_end_latency,254,1277.0
end_to_end_latency,255,1228.0
end_to_end_latency,256,1178.0
end_to_end_latency,257,1127.0
end_to_end_latency,258,1079.0
end_to_end_latency,263,1855.0
end_to_end_latency,264,1805.0
end_to_end_latency,265,1754.0
end_to_end_latency,266,1705.0
end_to_end_latency,267,1654.0
end_to_end_latency,268,1605.0
end_to_end_latency,269,1556.0
end_to_end_latency,274,1306.0
end_to_end_latency,275,1256.0
end_to_end_latency,276,1207.0
end_to_end_latency,277,1156.0
end_to_end_latency,278,1107.0
end_to_end_latency,279,1538.0
end_to_end_latency,284,1289.0
end_to_end_latency,285,1238.0
end_to_end_latency,286,1188.0
end_to_end_latency,287,1139.0
end_to_end_latency,288,1088.0
end_to_end_latency,294,1329.0
end_to_end_latency,295,1278.0
end_to_end_latency,296,1229.0
end_to_end_latency,297,1178.0
end_to_end_latency,298,1638.0
end_to_end_latency,299,1587.0
end_to_end_latency,305,1288.0
end_to_end_latency,306,1239.0
end_to_end_latency,307,1189.0
end_to_end_latency,308,1139.0
end_to_end_latency,309,2097.0
end_to_end_latency,315,1797.0
end_to_end_latency,316,1747.0
end_to_end_latency,317,1696.0
end_to_end_latency,318,1647.0
end_to_end_latency,319,1597.0
end_to_end_latency,320,1547.0
end_to_end_latency,324,1348.0
end_to_end_latency,325,1298.0
end_to_end_latency,326,1248.0
end_to_end_latency,327,1197.0
end_to_end_latency,328,1148.0
end_to_end_latency,329,1098.0
end_to_end_latency,334,1345.0
end_to_end_latency,335,1295.0
end_to_end_latency,336,1245.0
end_to_end_latency,337,1195.0
end_to_end_latency,338,1145.0
end_to_end_latency,339,1095.0
end_to_end_latency,340,1045.0
end_to_end_latency,345,1299.0
end_to_end_latency,346,1250.0
end_to_end_latency,347,1199.0
end_to_end_latency,348,1150.0
end_to_end_latency,349,1100.0
end_to_end_latency,350,1049.0
end_to_end_latency,355,1333.0
end_to_end_latency,356,1282.0
end_to_end_latency,357,1233.0
end_to_end_latency,358,1182.0
end_to_end_latency,359,1134.0
end_to_end_latency,360,1084.0
end_to_end_latency,3,2062.0
end_to_end_latency,4,2012.0
end_to_end_latency,5,1961.0
end_to_end_latency,6,1912.0
end_to_end_latency,7,1862.0
end_to_end_latency,8,1812.0
end_to_end_latency,9,1760.0
end_to_end_latency,10,1711.0
end_to_end_latency,11,1662.0
end_to_end_latency,12,1611.0
end_to_end_latency,13,1561.0
end_to_end_latency,14,1511.0
end_to_end_latency,18,1312.0
end_to_end_latency,19,1262.0
end_to_end_latency,20,1726.0
end_to_end_latency,21,1676.0
end_to_end_latency,22,1625.0
end_to_end_latency,23,1576.0
end_to_end_latency,28,1326.0
end_to_end_latency,29,1276.0
end_to_end_latency,30,1225.0
end_to_end_latency,31,1176.0
end_to_end_latency,32,1126.0
end_to_end_latency,33,1075.0
end_to_end_latency,34,1026.0
end_to_end_latency,39,1274.0
end_to_end_latency,40,1223.0
end_to_end_latency,41,1174.0
end_to_end_latency,42,1124.0
end_to_end_latency,43,1557.0
end_to_end_latency,44,1507.0
end_to_end_latency,49,1258.0
end_to_end_latency,50,1208.0
end_to_end_latency,51,1158.0
end_to_end_latency,52,1107.0
end_to_end_latency,53,2060.0
end_to_end_latency,56,1909.0
end_to_end_latency,57,1860.0
end_to_end_latency,58,1810.0
end_to_end_latency,59,1760.0
end_to_end_latency,60,1711.0
end_to_end_latency,61,1661.0
end_to_end_latency,62,1611.0
end_to_end_latency,67,1361.0
end_to_end_latency,68,1310.0
end_to_end_latency,69,1260.0
end_to_end_latency,70,1212.0
end_to_end_latency,71,1162.0
end_to_end_latency,72,1111.0
end_to_end_latency,73,1061.0
end_to_end_latency,78,1322.0
end_to_end_latency,79,1272.0
end_to_end_latency,80,1223.0
end_to_end_latency,81,1173.0
end_to_end_latency,82,1122.0
end_to_end_latency,83,1073.0
end_to_end_latency,88,1337.0
end_to_end_latency,89,1287.0
end_to_end_latency,90,1237.0
end_to_end_latency,91,1188.0
end_to_end_latency,92,1138.0
end_to_end_latency,93,1088.0
end_to_end_latency,98,1350.0
end_to_end_latency,99,1301.0
end_to_end_latency,100,1251.0
end_to_end_latency,101,1201.0
end_to_end_latency,102,1151.0
end_to_end_latency,103,1101.0
end_to_end_latency,104,1051.0
end_to_end_latency,109,1830.0
end_to_end_latency,110,1780.0
end_to_end_latency,111,1731.0
end_to_end_latency,112,1681.0
end_to_end_latency,113,1631.0
end_to_end_latency,114,1580.0
end_to_end_latency,119,1332.0
end_to_end_latency,120,1281.0
end_to_end_latency,121,1233.0
end_to_end_latency,122,1182.0
end_to_end_latency,123,1641.0
end_to_end_latency,124,1592.0
end_to_end_latency,129,1343.0
end_to_end_latency,130,1292.0
end_to_end_latency,131,1243.0
end_to_end_latency,132,1193.0
end_to_end_latency,133,1143.0
end_to_end_latency,134,1617.0
end_to_end_latency,140,1319.0
end_to_end_latency,141,1269.0
end_to_end_latency,142,1218.0
end_to_end_latency,143,1169.0
end_to_end_latency,144,1615.0
end_to_end_latency,145,1564.0
end_to_end_latency,150,1316.0
end_to_end_latency,151,1266.0
end_to_end_latency,152,1216.0
end_to_end_latency,153,1166.0
end_to_end_latency,154,2170.0
end_to_end_latency,155,2120.0
end_to_end_latency,159,1920.0
end_to_end_latency,160,1869.0
end_to_end_latency,161,1819.0
end_to_end_latency,162,1771.0
end_to_end_latency,163,1721.0
end_to_end_latency,164,1671.0
end_to_end_latency,165,1621.0
end_to_end_latency,170,1371.0
end_to_end_latency,171,1322.0
end_to_end_latency,172,1272.0
end_to_end_latency,173,1222.0
end_to_end_latency,174,1171.0
end_to_end_latency,175,1121.0
end_to_end_latency,176,1072.0
end_to_end_latency,181,1369.0
end_to_end_latency,182,1318.0
end_to_end_latency,183,1775.0
end_to_end_latency,184,1726.0
end_to_end_latency,185,1676.0
end_to_end_latency,186,1626.0
end_to_end_latency,191,1376.0
end_to_end_latency,192,1326.0
end_to_end_latency,193,1275.0
end_to_end_latency,194,1226.0
end_to_end_latency,195,1176.0
end_to_end_latency,196,1637.0
end_to_end_latency,201,1387.0
end_to_end_latency,202,1338.0
end_to_end_latency,203,1288.0
end_to_end_latency,204,1238.0
end_to_end_latency,205,1188.0
end_to_end_latency,206,1138.0
end_to_end_latency,207,1087.0
end_to_end_latency,213,1792.0
end_to_end_latency,214,1742.0
end_to_end_latency,215,1693.0
end_to_end_latency,216,1643.0
end_to_end_latency,217,1593.0
end_to_end_latency,222,1344.0
end_to_end_latency,223,1293.0
end_to_end_latency,224,1244.0
end_to_end_latency,225,1194.0
end_to_end_latency,226,1143.0
end_to_end_latency,227,1094.0
end_to_end_latency,232,1349.0
end_to_end_latency,233,1298.0
end_to_end_latency,234,1249.0
end_to_end_latency,235,1199.0
end_to_end_latency,236,1149.0
end_to_end_latency,237,1099.0
end_to_end_latency,238,1566.0
end_to_end_latency,242,1366.0
end_to_end_latency,243,1315.0
end_to_end_latency,244,1267.0
end_to_end_latency,245,1217.0
end_to_end_latency,246,1166.0
end_to_end_latency,247,1117.0
end_to_end_latency,248,1576.0
end_to_end_latency,253,1326.0
end_to_end_latency,254,1276.0
end_to_end_latency,255,1225.0
end_to_end_latency,256,1175.0
end_to_end_latency,257,1126.0
end_to_end_latency,258,2101.0
end_to_end_latency,262,1902.0
end_to_end_latency,263,1853.0
end_to_end_latency,264,1803.0
end_to_end_latency,265,1753.0
end_to_end_latency,266,1702.0
end_to_end_latency,267,1654.0
end_to_end_latency,273,1353.0
end_to_end_latency,274,1303.0
end_to_end_latency,275,1254.0
end_to_end_latency,276,1203.0
end_to_end_latency,277,1153.0
end_to_end_latency,278,1586.0
end_to_end_latency,283,1335.0
end_to_end_latency,284,1825.0
end_to_end_latency,285,1776.0
end_to_end_latency,286,1725.0
end_to_end_latency,287,1675.0
end_to_end_latency,288,1626.0
end_to_end_latency,293,1376.0
end_to_end_latency,294,1326.0
end_to_end_latency,295,1275.0
end_to_end_latency,296,1226.0
end_to_end_latency,297,1175.0
end_to_end_latency,298,1126.0
end_to_end_latency,303,1386.0
end_to_end_latency,304,1337.0
end_to_end_latency,305,1287.0
end_to_end_latency,306,1237.0
end_to_end_latency,307,1186.0
end_to_end_latency,308,1137.0
end_to_end_latency,309,1087.0
end_to_end_latency,314,1845.0
end_to_end_latency,315,1794.0
end_to_end_latency,316,1745.0
end_to_end_latency,317,1695.0
end_to_end_latency,318,1645.0
end_to_end_latency,319,1594.0
end_to_end_latency,324,1346.0
end_to_end_latency,325,1792.0
end_to_end_latency,326,1742.0
end_to_end_latency,327,1691.0
end_to_end_latency,328,1642.0
end_to_end_latency,329,1592.0
end_to_end_latency,334,1341.0
end_to_end_latency,335,1292.0
end_to_end_latency,336,1241.0
end_to_end_latency,337,1192.0
end_to_end_latency,338,1142.0
end_to_end_latency,339,1596.0
end_to_end_latency,340,1546.0
end_to_end_latency,345,1297.0
end_to_end_latency,346,1247.0
end_to_end_latency,347,1197.0
end_to_end_latency,348,1147.0
end_to_end_latency,349,1630.0
end_to_end_latency,350,1580.0
end_to_end_latency,355,1331.0
end_to_end_latency,356,1280.0
end_to_end_latency,357,1231.0
end_to_end_latency,358,1181.0
end_to_end_latency,8,4965.0
end_to_end_latency,9,4915.0
end_to_end_latency,10,4865.0
end_to_end_latency,11,4815.0
end_to_end_latency,12,4765.0
end_to_end_latency,13,4715.0
end_to_end_latency,14,4664.0
end_to_end_latency,28,3964.0
end_to_end_latency,29,3915.0
end_to_end_latency,30,3865.0
end_to_end_latency,31,3814.0
end_to_end_latency,32,3765.0
end_to_end_latency,33,3715.0
end_to_end_latency,34,3665.0
end_to_end_latency,35,3615.0
end_to_end_latency,36,3565.0
end_to_end_latency,46,3065.0
end_to_end_latency,47,3014.0
end_to_end_latency,48,2964.0
end_to_end_latency,49,2915.0
end_to_end_latency,50,2865.0
end_to_end_latency,56,2565.0
end_to_end_latency,57,2514.0
end_to_end_latency,58,2465.0
end_to_end_latency,59,2415.0
end_to_end_latency,67,2014.0
end_to_end_latency,68,1965.0
end_to_end_latency,69,1915.0
end_to_end_latency,77,2029.0
end_to_end_latency,78,1979.0
end_to_end_latency,88,1993.0
end_to_end_latency,98,2522.0
end_to_end_latency,129,2009.0
end_to_end_latency,130,1959.0
end_to_end_latency,131,1910.0
end_to_end_latency,141,1907.0
end_to_end_latency,191,2029.0
end_to_end_latency,203,2434.0
end_to_end_latency,204,2384.0
end_to_end_latency,213,1934.0
end_to_end_latency,233,1958.0
end_to_end_latency,243,1967.0
end_to_end_latency,263,1995.0
end_to_end_latency,264,1945.0
end_to_end_latency,284,1968.0
end_to_end_latency,285,1918.0
end_to_end_latency,304,2487.0
end_to_end_latency,305,2437.0
end_to_end_latency,314,1987.0
end_to_end_latency,315,1937.0
end_to_end_latency,325,2438.0
end_to_end_latency,326,2388.0
end_to_end_latency,334,1988.0
end_to_end_latency,335,1937.0
end_to_end_latency,336,2422.0
end_to_end_latency,337,2372.0
end_to_end_latency,338,2322.0
end_to_end_latency,339,2271.0
end_to_end_latency,340,2222.0
end_to_end_latency,345,1971.0
end_to_end_latency,356,1422.0
