metric,identifier,latency_ms
consensus_latency,k3IvRWxIH/MHZPiKkWPEALyKVR6P6Ib7rR/nDFC4YkU=,1118.0
consensus_latency,XVVGFAGk02JLd6uR7rMZIXDpa2zk5D2rheKpGHaNe8E=,1069.0
consensus_latency,IlbCINvh1k55pTsDLyrla74cabv9e4BvpTbFfd94BGg=,1068.0
consensus_latency,H7IuQw75hOtQ2yGh4dtNJWvmv1kHrGoRjSiFB/z8PCU=,916.0
consensus_latency,TXmytKk/pCHaKEugkTGf2Kopkz8/nsQW5dF6y6ld6f0=,720.0
consensus_latency,XDCiaRXEm2bwV1z84rnHgPgDkhvfzJUqvRzxGerxtac=,720.0
consensus_latency,uV32qM0ZM/NekvPJjmuVuXDjapNLLyOLqCsx4cDoBJ4=,1675.0
consensus_latency,gQCIQ3mp7sfpYaBPYBuXSHuL16qMRUIViCmkl6e2B1I=,1668.0
consensus_latency,wT/xiqYr1z+H8YMaX9SQ2RwtIWoxPDBTufjyfwRIT1s=,1668.0
consensus_latency,2hn0Na8sz5UzQe5rVvQdtZATcS/6y3fksiB7Fw7rnCs=,1525.0
consensus_latency,C6Gh9PmOiSth5lvUUSKM2V/aWJzxPlTkvRlhFcM0qj0=,1528.0
consensus_latency,e/trne9QV+WuVG0d1PBeR1104iuF5phUieaOq5b86ww=,1525.0
consensus_latency,xr4MmLcIl8wR1qPnuWqVDipqEdtEl02OfseEfzZtJnY=,1525.0
consensus_latency,QSuynkbdjNbM6jd3WGE+8WjvbA1avtQ1Ni6cx/iJCsM=,1523.0
consensus_latency,uvlHpVJl6K+sp8EAIAEPI/nN8UW255uS9Nu/hitPPpU=,1523.0
consensus_latency,SbvP/EjRgB+pN1GJlRRoI+m04r6EJuq/GgQMQbbYHAo=,1475.0
consensus_latency,BAWG2fvhTvi7ZnUdhm8RjlYy7JLnIOy58kgFQTp2RnY=,1527.0
consensus_latency,P5hiJXSIiAU1daZd/RwwZ9KGUzJORTcEFoBZupYk7vo=,1468.0
consensus_latency,pgnPGPKKIfZ8NbZoO8UAP50qZkMS8h+532TO6qPdejE=,1468.0
consensus_latency,1zRVGd9BfhQj9vWtHvScVz317FF7XwWCA1yYTY8x09Q=,1468.0
consensus_latency,nPCdQYEPk4Xt0I7FZ1iZcBgUTLiWKIHQqiPbbaBvxXc=,1471.0
consensus_latency,9xVIjXx2SJzVGgLvy17AFCzAt050I4mcMD27aFfBkxk=,1471.0
consensus_latency,HyDqoakbpRaxJzd3nejyM0EyY5GXhn4K75Vr4Xk2HEw=,1325.0
consensus_latency,LJVpXVBZ3GDmIH/FEx8HJSABq6hbGGJCjblIFutT4ao=,1325.0
consensus_latency,dSwjWBYjQwGgVR9PF/iQlUApsMJtrr9BWJKvpawRmUE=,1325.0
consensus_latency,pBHRtLq18qdZAf+M8t/jKPJ1+WHDvpxuvG9eUM15kdk=,1325.0
consensus_latency,A8T/MlC5wXBiVEqCb7bLXOdpoE2ikpFlybfy6GrQw0E=,1268.0
consensus_latency,UV1PaQrvOe/6ZLN2sNPVoEHk9hyMFYF0O5i1jjM6TdU=,1268.0
consensus_latency,QNHA40//A6Hjn4TbTyVCgpcSXQsb9WSpizvem4si/GU=,1271.0
consensus_latency,QVdRuWUT3q6IYUKGl2HMfRHf/qOyK0xvlyQNtcqnwbk=,1271.0
consensus_latency,kWJ9r5i8WxbFR1GP0HZjQm1qc0/p7QF71xT8W+F+SF8=,1271.0
consensus_latency,Fsozj39No3JD3GY+PFIhM/trUunUBcu3VKFN6dpYudI=,1326.0
consensus_latency,keZ8hoY8tOPsSwajZuZ9fg3DKw3rvalnRu2yERGnvcE=,1326.0
consensus_latency,ILFDDyKsY+7wYmpTC1tESxTlETGHvfshkvnTIrdktLU=,1323.0
consensus_latency,7QKNDCutbfodvVB+vUPgXvB4oOClp6f+LDR1cLOSZ/A=,1323.0
consensus_latency,+wUkTBIdFZtP/Mrq5fE1DE8rP69BHGyi10OA/NUpvIo=,1323.0
consensus_latency,clCOl2Xd/mVU9W1mpvRLWfBMG9KBpVq/nlQGErnNnds=,1327.0
consensus_latency,t0+IxwY9n2bT9uv9+3MO1Q7yVSUUgL+d0uL+fd/tho8=,1327.0
consensus_latency,yU1JdfP3kPX5+Q8xbbA1mT45PEEnaaWa3HvMPUDmxkQ=,1327.0
consensus_latency,BNgNLDSlwyUYBz7jj0oxd1gjoMo8FGqAVqs3fJ5ZVPA=,1327.0
consensus_latency,bBd4/yjl9AANXhasYOGUMwdUW43FEYY+6x0uAAjt68Q=,1327.0
consensus_latency,ee0OchP0ephEHmbUhmmhUlY3cGxwtcWFBGSJahQfRUY=,1327.0
consensus_latency,irW8G44lpVWQQgfP6WDbKLy6bEwrF8Oayklo8Jo9KbI=,1325.0
consensus_latency,0nh4imCjLd/t+L8tZTmcfk5NVR2UMp/3H4DaGHUANis=,1325.0
consensus_latency,/Nl5OxDmOOja5+3nipFbI0C4XY6N0MbPaXFULQnVdiQ=,1325.0
consensus_latency,NNRk9/feH04NFZ5FqAVEkHV09ZwTVj0Q69kXhKEUgUs=,1069.0
consensus_latency,afyjoE2c6XJ0jyPBJTBAlY5/CcM8HnCFCLTNirf1piM=,1128.0
consensus_latency,1CnF7GFrLGzh1WR0HhPfzo4HD1WRIoU1E+sJQr1S+F4=,1128.0
consensus_latency,LSHB2qG/eCTohD+VJIdRWK20OndR37QzSHeK6BnDvCc=,1123.0
consensus_latency,QnKoeA78JFsjkShHrOFd0qHyCZ1LC2dzpQTxnXrz9rM=,1123.0
consensus_latency,cAmioy+CZbCeaOsPHLWTvS3vOeRoXkcMddF+dxAR8RI=,1127.0
consensus_latency,luW3pheUdxDXufGJBJCwlCcvW+XSYGBYVKfiC1iyj10=,1127.0
consensus_latency,4VoRhai4eXJMuZVVV/WunBuZQ52D6nHjuMlGCm4SV/s=,1127.0
consensus_latency,vhViewjIBW4kCMviYy/hpyPQemrVr8j8TiLBy89FR7k=,1128.0
consensus_latency,xBquOjwJMOEty8igf7mXK6JtVI+UNL4oTvpSUMXxoJo=,1128.0
consensus_latency,GxzXpbXtnvNXtDc9ajxMPutNdV72tftUtWNSARyMTDE=,1125.0
consensus_latency,rcehPpbT5iamFyYNLb8aXVY/2foi8TDuYVdtL4+kalI=,1125.0
consensus_latency,agXFlyhju8hjy4TWMgKCq17lcD/b865nsf7jf+rcg0A=,1125.0
consensus_latency,CLZ8e4wxXi3UvQ89GyBcsAyu7ah+7Zg0u+1LQrkTIl0=,1276.0
consensus_latency,HFrJVHyjtlnR/2FKNRDxZNTmz87uKP3ZH6j4eavjRf8=,1276.0
consensus_latency,uAtcxz6+7GPIWqjCzHslijUxlTGd9YV3fm0G3d1PMzM=,1276.0
consensus_latency,6B4lfEqYCOddqWO9e9P3xNksNlYra6BngFJ7ZSYmg0Y=,1276.0
consensus_latency,aHoKaiN4E+09ir3GolkDZY97c42xEtuhFATmMtnnQMw=,1072.0
consensus_latency,59+rZTobIHYoF+81PDELJCcW/O+cTIjd4s7Q3j93R0c=,1072.0
consensus_latency,KADT0wFmBskDOkYHhF9zn6mXZ2DSHjJpSqIlh/m6UpU=,879.0
consensus_latency,vjPzZukfJJtbZGbcH3hfZyHIj4l6GOd0b8rCMPkCpEE=,879.0
consensus_latency,6iDgVSWrJqLjtSiIyNovMRkXg0YedG1sN6lA8eHccl0=,879.0
consensus_latency,MgxsE8lcBJ1e3NjsvwIsgekIZvuK9qAvHqP+drkYo6o=,679.0
consensus_latency,xCQKHRJILzLaBumzIi73jtBfdC1bOywEXn2TJ8R5n+8=,1733.0
consensus_latency,P2sjTNf5Ynst6UmWe5QmEEtuXXyl/g2PFkvXM1xCpIo=,1731.0
consensus_latency,UKFM7+rDSjjEGMPSLFKximNlAeAsmbiHKwe0MRrc6rw=,1731.0
consensus_latency,KGWQd90OmRhKWwxjaw8TkeZvah8pYhW5V8hFNEo+Hgc=,1735.0
consensus_latency,VZzq2VFtl/OlTD84U9mJMqEww9HOIZZLiAC8OGTtnN8=,1735.0
consensus_latency,CnQhwuTJqHadQsxKxJjQw7pBv4B6O9b5xY21jTnX+c4=,1733.0
consensus_latency,AxhG/vao3ZDaHo350FdTbf3cj2dYqAMHGnMsYi0t6d4=,1533.0
consensus_latency,3YyoLle/FkLb+8zwNehKBTYOth/siLYIzKhiDQ9QpVE=,1533.0
consensus_latency,CJppDLDApcZgFelKLkGR0xX/yb8zAF8O1NyU7xqg3lo=,1536.0
consensus_latency,ZBKThC8TFbiptKXTUyJ3Lc/9X+R53PIxMGS9ucsdHas=,1536.0
consensus_latency,niaedknkNJsP8542+xXj5ejkKcOlaRQVee6d53+an/8=,1533.0
consensus_latency,uAGLt89mQSMT8dcsiL7ZS1qmx+upcQZcM/P4hPkudxI=,1533.0
consensus_latency,98jAceBAn/uR2bUwLAv7imIjl9HbTPoHJzTSvaJRrsQ=,1535.0
consensus_latency,NCjFH7bMKrbMsFvM1ZCP00Fdd+Uey4vULAk0Ncp5aJ4=,1532.0
consensus_latency,b2FZ3isqURRc+A5S8oSbQLwKX7nZgzZiHO/oiSQyvuE=,1681.0
consensus_latency,5pJUdi7FPqz0EvQZNUkSEc55DWUL6xb4Qhf5wwp1kNo=,1681.0
consensus_latency,ayhtmmLxtXtPoEJDbfn7eI+sdQOFZfHwPGGR3j5meyU=,1536.0
consensus_latency,IXw50dQSBhddwKr7PFK2Mg2ce++NI+roDjZgO+XEa0g=,1677.0
consensus_latency,lbHVcbH5+RvZCCAyfNRkJJrrr148yohtcPbvWvKwnXY=,1288.0
consensus_latency,BfF63RvK7MzPNUXwiAyTnf8gvqQJk3nBmJIx9VHexZc=,1334.0
consensus_latency,J0QNbo+AuKF5d4x7qKA+NKxnjJhunl2RsGSZ+wouFFI=,1334.0
consensus_latency,LWO3jET1e+6P3bQGMFzNSuY1dwfmWxrTCc+mkGZaPp0=,1347.0
consensus_latency,f9VGExEHtYPc0ko/m7UEDykkMtPTIAs1igGg5CoDsxQ=,1347.0
consensus_latency,G348m9VNHTavxOi5DEzAlmj0diJuF5iBlls1SJLqWHw=,1336.0
consensus_latency,grfbS9LX7nrxU0fTgNNmqplyDmqWcF/ElEK+b7mSUB0=,1336.0
consensus_latency,2Eav9H/jFXFItZAGhuj++ZYIgNSX25v+gpPGevlozPI=,1336.0
consensus_latency,Q6ymBJonOoYVLFUu1mLi7dEjC5R3z9srKSErK5KByNA=,1332.0
consensus_latency,hR9DeA+IvpAcalQp1Wr+22qDnIVu3/bUgUNF4hHfesI=,1337.0
consensus_latency,xd9Gy6/m0IsynLqOdceL/8V5QkZC9QXPjnb5YlQNulk=,1346.0
consensus_latency,71JztbVHCoAjVWVMR2/YCxrCQwl5P1UJNc0mSE79IG4=,1346.0
consensus_latency,AHMVtUEQoqiFXJkEyyCtOoTUqpcOeGMOU7BU3rvVlrw=,1145.0
consensus_latency,UAA5vkFOKsncNnxWXenLMq7sKr34hHV0MX0EFyETmMs=,1134.0
consensus_latency,+nHXCJisrmPQZcvDu9+YnBAesV6l9DY24CLBOUk4LOc=,1136.0
consensus_latency,MAfwTmxmyPH/Nu7nSOBNLc6zYh5xXcl6efg5xJabKH8=,1134.0
consensus_latency,iIIibq1QfwUs4r+uYjq8KpICJsi/T+/tj7/BaHNVYP4=,1087.0
consensus_latency,4pCUpZfzE0WY9B1XgX1/r5ouC+3f/0pmj5gt+eNCdbE=,1087.0
consensus_latency,McJteb5oFr0dBUFuFgCZqTBs902fS33cwPsgVQf951o=,1136.0
consensus_latency,L91gCClazcZSmOEwL19jy8R9C/HoiXBUKqmcJyyxy44=,1135.0
consensus_latency,zRfXtGeDKCAi2vHvlI8wbhDDl3ge45t/h1nPhjByqao=,1146.0
consensus_latency,8EaeRBZGAaaSYdqjlaXXTf+eQ4uwB8zTa11Rn3Xji8Q=,1146.0
consensus_latency,wYIVAIvHvpZacuTojqmsAFrRZzcWLfpcoK2c7/CGITQ=,1133.0
consensus_latency,E+mYepVzLr2xYtWN7bgDEQKwkpeP6VsEd9pW34D2zus=,935.0
consensus_latency,xcTLfggEvCp8WVvTAUcr8eTAcDmzRj51x+ZGb7n+GBg=,937.0
consensus_latency,FxWy8TXTHLmkcysBWwImvmEj55ijZAERR2rWZ5KQHRA=,933.0
consensus_latency,MqWR7qi5NNk2B6559QlSlXT9upmB2z/5IOUGvAMOIgE=,933.0
consensus_latency,P3TfI3Of7mxCs7EcTXjKSYwvWSaONd2miF/pv7SP5WA=,937.0
consensus_latency,H2HjOmhc67Kf74+2ZIFGvBLH/IL1Oz8qNufEJ8R4YDk=,936.0
consensus_latency,z7zQr4i6Zi0LcNbPzx3mp8VroUKN/kBGltqznyQ1RI0=,936.0
consensus_latency,Fa59aW7Vrx2a5LFPLIHyh/sUcUCEx028Q691hYrflOE=,735.0
consensus_latency,WtgB2o/H/FbtI+eCZ6zgMfq5ej7YoisUjEFDmNw1rmI=,735.0
consensus_latency,bBTcE3qLTKoLrnlZadY7hBc0llhFyUBnnWYBdo1qxL8=,1754.0
consensus_latency,X9lHmR8wSIIbtR3SQ/TDu2dvOh4MG8BFFSnzC8rbdkQ=,1720.0
consensus_latency,IRuNEzU/rU7JPeItrpNVGFqkQjxxyJ5W9agK3ZNnnC8=,1520.0
consensus_latency,5tYHGIZ8fcV0HLGfirY73u6Gkl0LUJWcbuBLvWYAnMY=,1564.0
consensus_latency,Y+tVsH1YrviMMxEorl8ozpm2vXiSH2iarO/xOwQhU4s=,1568.0
consensus_latency,9/KrCeBveI/tKiQc6XvDAw48207dDy7SJEbiy2VlUAQ=,1568.0
consensus_latency,ybGnUNgOiEW7s+bguoJ/ItHeqvRvesV7WFItlMiFpWw=,1554.0
consensus_latency,biqAhrstsctoMdLrXFvEainpNpxBvVRKw7h0XoF39ag=,1569.0
consensus_latency,it1Udthcux/HhExdgL3PTqHK/RdfdjEh4GDzQs4NvNo=,1569.0
consensus_latency,P4y6Ct/uR7NxG811MHjYZzFf+zzDexuo62AFAFQcXm8=,1566.0
consensus_latency,Z4Py3RE+qUKgFCwF1Xl2W5+IOyAwkXEW+orejY6NU8c=,1566.0
consensus_latency,E9/vHntdjAOUGZ7Mq0H6UC15enXz8sg5TzDENPYlOuw=,1551.0
consensus_latency,UK8HIer7NrWy9mCPMlGpkojw0ulI2z52NhKR6xelqDE=,1369.0
consensus_latency,yynV0T8FwE+TH8Mj5vWuz2Dna8dEzqcR0GL6QS9YjJs=,1343.0
consensus_latency,h+soxky71cQi202JRdhkXF8euTsK2kkGQIojhZIsDy0=,1320.0
consensus_latency,gHvDZuPIeyM2Z0s9Tn9Ir8ixmafssePI8C3fxtZneo0=,1368.0
consensus_latency,uoWLUh4klXPyJA7MRT4JRkO8/YmrjQNwx84JRloX6nE=,1364.0
consensus_latency,2LoEJDU6DEDmdKHdyJkVkUTYK/YZ5Hn0F67JBip5CvI=,1368.0
consensus_latency,sq5raNYzWFa1Pm1evRk3AQeoyZOnMreLPD6qgJCSP4w=,1366.0
consensus_latency,gmaQhBQrpdFklcCgO6uiqHFNh916efqPJ5r1agO69cY=,1348.0
consensus_latency,FXFbhZ01gHpE+ygUmqKkHskXNArhZ0K3d5t3PjwivZw=,1366.0
consensus_latency,FoCR5eSR4Ak22zQcV3yzh1OXhjyTxncr+BBEPK7FyLw=,1169.0
consensus_latency,QcOji1rtNHNsPv5dRaH/9harp3xAz3snTZoh41XWX8E=,1168.0
consensus_latency,/LSMllKxU8fitm7ITkNnHBCcoBJEmmiQRh3cSsCDI2Y=,1164.0
consensus_latency,3wajNU7zjgaDq2yC2vgXSupfBD+80lcQXrQK623iiFk=,1143.0
consensus_latency,CgDSdGsiansDr38y3dePsgdtResD6G4uyqssl/ulH7g=,1166.0
consensus_latency,eh2RngHCOSuOL/laSsZ/9XYXThFG2Y2d53xG51+f598=,1169.0
consensus_latency,w5E0zQhSaawc+4FAo9yOnfeDpwpOoY0mlUD8HEzSH9E=,1169.0
consensus_latency,sFl9NWugvWoh9urDBYGd8qfjjgCm4UzDqgBvhM90E5g=,1167.0
consensus_latency,PFW81M5dy0oSHAR3xqdMg2NuqPxwffcxaTU8fTwroRY=,1148.0
consensus_latency,1IWt23OAyZxQNnAqSNw3onhoioZ9iHXB9J8k6AULmp0=,1148.0
consensus_latency,/NkBmMVclQ6hjAvkoftu3N55maF6S9OEmFYCZ9nMkhw=,969.0
consensus_latency,FpjUsPrOszeQC0KZvW9K66KLBBms2W/dgsXjacA47UE=,969.0
consensus_latency,5fUGAB5z5HAJvglrl4vQLdj9qczbUP3R1ARLlsH0D+Y=,969.0
consensus_latency,f9ysHMtfC2fZ8JgvOSzeTI/OUSNxTqIZTQODN3DqnzE=,967.0
consensus_latency,U/Cf9Dy3Xdau8J++7JOovPX7u7VmLRZdtnxuZU7LAJw=,965.0
consensus_latency,xvPyVHRGdaulmqwShuJ5ufFgnshUTKl2cLcIKBeYLIA=,965.0
consensus_latency,+NgmuAGYMQSPijS438zCNnkTq/msFg/VO8Kfe8H/6+E=,970.0
consensus_latency,JgypOohgPHe7bcNcZxKxxNymr9LWv3U/K3PhjWMdXJ8=,767.0
consensus_latency,/qVLrDAkpwCv459+ZCzSPoUTfqhI0Lg+nA/yq/ao/QI=,767.0
consensus_latency,gt2rrDXkG6gkVKp1XCLyU/27lBxWByC41K2/4FqqGVg=,2070.0
consensus_latency,FJEtOrOxwLH47NEQq/G8sbVpBOtHIfACi/z7H5L+Aro=,1929.0
consensus_latency,sx+6AU82NEGs7hoc5nLMi9F6jZ0Mz2BXVA/8Q8QDFGM=,1929.0
consensus_latency,xy+5ZlzbaiWKA7sm1aKY4CS8vjTlGeE+VCv/X+Zsca4=,1729.0
consensus_latency,HrHHtCjtE1UEoxFwkcQo60s8ZCsstRVzpEo6/qNa7v8=,1723.0
consensus_latency,3gcB83VIIdB5R8hY5a4TZgKLGAIMmRh2yqSITdhxqXE=,1573.0
consensus_latency,DIdaqZZ06uwlnuYOBA5Ob0GNYsT1zvWEGRHTVRnGN+8=,1523.0
consensus_latency,mFadNPDvOZ9isJt7EmUltCV17UzNOtilaKpRTwPgzu0=,1529.0
consensus_latency,aSPHSCyPWEHXn3N5Jqqp8u016YDSuapJ4F85tJvmKnw=,1577.0
consensus_latency,/wn6mKoXhkuYbaO5I2ZmToa4ZjY4nNfhCMuVfMWYQlk=,1455.0
consensus_latency,C2F+ti7pYnSTuEGMEUtxw5NzUN33ToPwYDDTw6hEqIY=,1578.0
consensus_latency,V86iFklEdxDGdDgxovjfBByEC6jO4VujLNy9IZa2isA=,1524.0
consensus_latency,l5B+McsKGHgceYbmIG6CpQUDeR7X5+qu0IAvtaqCspw=,1524.0
consensus_latency,NQSKwgUPDUdYBWEafeGFlAoqs28vBvwRNLIAeQ2wxxA=,1578.0
consensus_latency,c7U//J7xSaVZnytg7cCzFJD7MHRBMrJ5R68H0UC+vRc=,1576.0
consensus_latency,DT93DCZGeBnnQUModIEHuEoitJ5TB/UjOCulBCXzHBA=,1324.0
consensus_latency,YfXgfsc++NZEmo87c5r3zmYPGZL304J2CKoFLJXiZro=,1369.0
consensus_latency,tUFU5mqvcLjqF2mutpBgXsCy1RVXm3XdfJ8cKnDXvtc=,1369.0
consensus_latency,frTiuxjPjPVWBvTT58WXdut62HSkxNYF08/1Eb7EUXc=,1327.0
consensus_latency,a81w2eeua1Wfc1vSsUrNoFIKVeNyycIrMEuxDKas8KY=,1323.0
consensus_latency,sXZd5LzJ7nYF+ohyUFWOmk6IzYNc/BY+qNk+anaBwFg=,1323.0
consensus_latency,bok2w3OQ+NAaAZtWsGTVqC7dXjdwWHT6woqTaGka1Ic=,1368.0
consensus_latency,D91klkf/R4pWnu/vnE2iY20WOtl7uaoLuuy9+12bqyE=,1370.0
consensus_latency,25yGtW1Lim9qnr3C79JGQBppuUn/3Lapyvlq/YckjI0=,1370.0
consensus_latency,4xMcRZX2hetCW0xEFMJnZROoEbx1QxQV3Wfr/ZfBeWE=,1370.0
consensus_latency,nVuPBRscqAZHAdk+TYFtxzz+tj7+wMozmUaHPev7LcA=,1370.0
consensus_latency,JYBhv9wK6+Vo6mzZnwdgzaVd3jFy3UPuPHGRexm05BA=,1372.0
consensus_latency,5hXVvUEMC8CN2eKa9TkBZ9bFvMXiC+udgBzGpfSDOh0=,1372.0
consensus_latency,lHbqxuSQDsJ/iv7U4OhkdIWDHk0iwrXrGjOgGpzRrJg=,1127.0
consensus_latency,sawbyoCOZS4FxEqcLWTcLDaPARkUTL5t1ATtkYML/7E=,1127.0
consensus_latency,BC6TEg52JfduekXcy2kMSBDopng5nKS8YxsNeyhqSY8=,1169.0
consensus_latency,ez+Kolb2ere5wANzWHxgI+Yyy14eBxr0KHgGOh3stiI=,1123.0
consensus_latency,zkeVSCSDHsHRIynQHYCxMM/yVyLuRORvGLW+kdGlzxc=,1171.0
consensus_latency,5WCCrAHIh8G7cuFocSXsBHS9g7mw0QRBYmzISV1qCdI=,1172.0
consensus_latency,1dL0cPGb0nMIbBAwvSpVHHe5QyIkddRmDgv0JAZG+EE=,1125.0
consensus_latency,NIrzMDBoee71BPnI/nzEpSMZNWT3Oc2EDTFw3bXlrwY=,1169.0
consensus_latency,xDbQBX1YGhsVvBewuipb87zxXEv+YaPGj7lkKqCEgbc=,1171.0
consensus_latency,rk/uIbg1lfLaJcU7GDj8m5Uv8CdAwaf09utUrNfW5tg=,1170.0
consensus_latency,o4HCyLk0ys7G5ErpEvRrnvt9ZrPSUTg6xroROCTkWhk=,969.0
consensus_latency,PZp22W7N6vkybwARdR0/UHTQH2iO2+SZJAUOPt7AfoU=,968.0
consensus_latency,C9mDeoJfUhytJA7HH6Sd8MJqgAh9sYZGEmYidAvvDzY=,771.0
consensus_latency,moLW3+1PH3O5RvTUiYto3oQjB5Tv+ooOxJMLD/YaAZA=,2072.0
consensus_latency,P8i+QnLIeoREATebIblMet9g1UpzdkaKXFT4x7cPDSw=,1741.0
consensus_latency,o0WK5XRPCFiNnUP7thwRhkcDT8zlNX64AbonQKgbi60=,1596.0
consensus_latency,0xVclKFQOgXlWCtsBfTVGHHSk2iRReaShcNYKDD7bJo=,1541.0
consensus_latency,De6G2Odyn78dm1sZKs3qRoB6E15s2y0QgMxEmqgJryw=,1597.0
consensus_latency,xDWkx4TQXzhc3PZXi6dHudoR3OXNrwARZmSciVfZiWQ=,1597.0
consensus_latency,u4MYjNuc4GqnXw3jqyPNe9bw37UCIt0QCM2JWO48K6w=,1545.0
consensus_latency,h+z1l3gU7MdQsUQYKrQJxyl5yg8APdqg9IVaTxj8e3U=,1594.0
consensus_latency,9PM0UcytzMEkAd9SFfH5sNw7LXOwQMmBBHvb8RsobRA=,1594.0
consensus_latency,K6sWZVRpZE2lTHGtUP6gBFzLON4GY+qiDVbhdBCefuI=,1594.0
consensus_latency,RGsZQFWwUt+eH3lEbqemm+Evoe05hdjWaLBjWJfYtKU=,1595.0
consensus_latency,RM08+5oVLymo9v+weZ0Vw2Fx1G9gK7mdRtoIpwtg45k=,1732.0
consensus_latency,iZarAXfvbniRCgZ2cejzGfUx1UMG+cVxKpp8ya3TRpA=,1396.0
consensus_latency,2dOa62hmQUkiZLDCpDlImDMb1q6/Q3XsIwjDL1IoR4o=,1394.0
consensus_latency,3TebHhQGwrvnfnC2tJcThX+SklmzEq8Kj1OvD6VTULk=,1394.0
consensus_latency,mcOfa6RXdQ+0RVQ4GSqyxzIxz/+1NNow6ObumHG+a58=,1338.0
consensus_latency,frbSwOV8dYoBbX5/XS2ry6MR8DX2g5vc88hlvsLzGeI=,1345.0
consensus_latency,3dVWkOwytjmSCHFUtL9/XsSjDvBX8+JWKnsDBDxzvhs=,1345.0
consensus_latency,5HfeH0/9jV0dZlgaZiPiRJs0EqCEAZ/xHI/VwXiLV9E=,1345.0
consensus_latency,f13aEcud5TCxe/1W64fRJd4incZ+VyZOj1DURps4CKA=,1342.0
consensus_latency,xfnA2IH8Py9QXfvukLp2fzuvyJNcXtyDS0cQZTN1ups=,1342.0
consensus_latency,Ui0fvJEVTduML5YCHuRQAuKj8CBArVcgj/Zd4vAPqF0=,1398.0
consensus_latency,g1+k9xyVDTDOa/U3nXJ8zsVyzY4n/Vse0Gp7pK7BW8s=,1398.0
consensus_latency,fCv4BMfFTCZnuXSiitK2WGLCXZcCzhhtgHAsB4jaeaQ=,1394.0
consensus_latency,o6JGRdzGlyYTopD0gjtzpRjsUiaFJXmGgUm+HHFLKhY=,1395.0
consensus_latency,tMUSRI0y1vcnZoA9z98JEdxlLfPgSnz+g7GWsRC95qk=,1395.0
consensus_latency,56hzxGN/tnq5Z4qKYKtmYm/iro5w8dkhi3fp+MYR6Zc=,1397.0
consensus_latency,RHtL1SkZA1R0WyJM/ogSBLgL9tMbSuMT2xmu99PJxc8=,1197.0
consensus_latency,7JGHqqsdDXjmNLlLTYtJnL1Vy1NLg4nSa/d6ViP88nE=,1197.0
consensus_latency,MNfE2dVdvvCCOVZq7iQMPUcEL5dHL2Tl5/JGMs4A8LQ=,1142.0
consensus_latency,N3eIp52GRXPcbnke5WO91v1BoNlLHyjNZ3osxLyRbH4=,1139.0
consensus_latency,yg8NIR8qCe+rpqBMVm3MapwkFF6Z4HROOBCs3OSgYGU=,1195.0
consensus_latency,Gw9aHJPApeZ6viG3TLFyU7YI/C6tCQ5HVlUkGZ0oXuE=,1145.0
consensus_latency,TpPgBaQMwYvjxoZoqJEj0NSXBbUsw4lwUaYBHvh1ImE=,1145.0
consensus_latency,c7lJ/poHHQGU66Keu6ZjpCodfX3R3lkKpzmMR7dK+/s=,1194.0
consensus_latency,WwgU6OTGUoz9lRvCmaJohsrQ8PxsA0HSAdl2HUvvGek=,1197.0
consensus_latency,1Aeoifd9G1KpOoMd5tkFE3LWsioN8Pd83WweNE8XAIM=,1197.0
consensus_latency,Ai1q3CfyFeIL+79swCfoK3f+lKMzWtEERpOeH0siWgE=,1195.0
consensus_latency,WahiZAAo41YTOM6ekgcn0Gv7dcGjfDzqESqeRlmu/qI=,995.0
consensus_latency,lVIdu25jvZltzUpc8oP2TqVy94DsVI8R2vn5uV+0UXg=,997.0
consensus_latency,vxmRakJ3Ewef6YmH03B16aPafqqU+TEDGG3KVxhCgJQ=,997.0
consensus_latency,h8n3IuRAKlXf4WvtDSSp2IAoCq7SW/JBE6XGNYBUkHo=,997.0
consensus_latency,+a+g0kEOMJsnilbtoNcjVkuUj+iRUKolezMipzkC+lg=,995.0
consensus_latency,Au22gyscP9zUYM+vRPhoysdDSSueCjnO2H6/rBrYCfw=,994.0
consensus_latency,GLLwllDviI4STnxQFRGO7t0HUxJ7hMnOX4r4diNVE3Q=,797.0
consensus_latency,LzY1XDRmUZghhY7QTXVzzzkg4KOnnHEqZ68Qm6hel6Y=,2027.0
consensus_latency,TiTvleDwxDoxV6LtCzwiEGOsvyTqjuRtymB/Ai6Nh24=,2027.0
consensus_latency,a9FPa8iaKfRtUbzmJ7lYzGPO+HhXr05/9+SUNCvHUFI=,2027.0
consensus_latency,nrynWSW0YsEk22+Nu2EvvK4Pak3JOyYQQWNrLmjdlrg=,2027.0
consensus_latency,iu1sdR0ZxZEHrk6lCJqU6pDCqFR/rzuB+JqWr4De95Q=,1697.0
consensus_latency,pdbJ/ig5rbavYmIiL/vbfsLJdZx53p96l+hrbSP7yWA=,1550.0
consensus_latency,AL2b5HCBlzjJjnsuMcYx5sJVB9R9jTD/xzxnhnYC9ao=,1549.0
consensus_latency,GzT6O4Flzf6Kbo4ofLj/Ps5l/U9GI1VZBN2TuS+gxHE=,1549.0
consensus_latency,rSwu3I/+6GIVJPW8zQZrdEipgWKGFOQjgJ/cFeARDgc=,1693.0
consensus_latency,9W9wAVoJ1gWglE0ASL15TGnQSL4MkUsnLD/PTCIk4mU=,1693.0
consensus_latency,T//CRTBDe4Uxn2CvNRmQYx9UV1ro+3Z2wy28jkFt5Eo=,1552.0
consensus_latency,lDRmrH+bVIucNQCxS965xQw/SK1O+UJKuTV6/PXHkKc=,1552.0
consensus_latency,kiORu8uSReZ0wS3GZxZ3al+DzfxQhtIjj6dVU9xkHWQ=,1700.0
consensus_latency,vlJq2lqntYeQenHBU+y+LXgSXn8ztaC0ph2U2sI2ANU=,1552.0
consensus_latency,CmwGO+ZsvSKjpH/MnEuOdXEg5bPuww5FDbyZ9NL1BTc=,1497.0
consensus_latency,ajLiR3s673oS7+SYsAytlAKiM/P2CInSzBMRRbe1okk=,1550.0
consensus_latency,QbhVPReYe77i3h7tyENljq0ijSjb2dpi9XJG0UhqnsY=,1227.0
consensus_latency,T8XOyd0EPfQyET2iqR/jq6FUZzaKsc96QceVvvIYbk4=,1227.0
consensus_latency,cjGggKyr3fsHAHozaVRnk9XGPfF6uFOjI6k62V0p0Jk=,1350.0
consensus_latency,f/4Mtk5l+YiWu79sy90zy/TIOO8i7SiM7VvuXP/k7oo=,1350.0
consensus_latency,yPJGN3xhWxLVhdhKedFZ59tzAj5nWTh2mSduriLe/4M=,1350.0
consensus_latency,N5+QQoPlaIRwbdBSJlZH9kcaV9mTUEpuggQkyfkow2Y=,1353.0
consensus_latency,ZQ1SUaoOUXZPRgV69XWUWaEr3Bpj7QMBVtHseBlkhPE=,1322.0
consensus_latency,g6VJG8eFnlgg9ngNVyBR6u+KIvG244qNvkOazF0Jfcc=,1322.0
consensus_latency,mwMzPfUTVOcQ88jquogT673tZx+aeWkHGTnQgtSujbI=,1353.0
consensus_latency,yVh/Tki1NmYfGNF7lSKVvfADe/y9+4SDGh0WaV7o+Cc=,1319.0
consensus_latency,ug+Vt4fiI/MhdVBenDcWUXitdZX4T1kAKH8gprqBoSY=,1298.0
consensus_latency,AwvEPZa8vSAUzcqehXoSErUbfyNBP3AQoQQ54hcPpAE=,1353.0
consensus_latency,N4WWuIoC3VWxt4SPAKI36ymQ6lZfOod8ZB3RiHhVRxg=,1351.0
consensus_latency,U2uaG2KJbKU8f3koNr58NQb+ckkbaDcqeJbDbOhXt8Q=,1351.0
consensus_latency,fV9vo3RTa2jObL8uVYa8kA8mgwH7V6IIZq8OWM5lsLM=,1322.0
consensus_latency,oIuLSbdvZPjjBPdxIjtBzmvWvMsLe5BStZlEKRX/0Tw=,1322.0
consensus_latency,H+5UrU6iImd7fQMIUnddpzIY/yD2wv7uULaY6aBdAoo=,1152.0
consensus_latency,V/EBfISEkl7KbsqpoglyyhjBlqOyEgyX9cbmu4NDbRg=,1151.0
consensus_latency,Y8ZZn5O4CSeaTb/AGI8cHUBih+5aWyRswJ30PTrUv/Q=,1097.0
consensus_latency,98IhkDYMh7wAK8F5PL5hsIdtDREGElTRnbBXz+FdH5g=,1097.0
consensus_latency,paxCbMQ3Phh3TI2BLgqb2suCMy1gItFdKjmB3Hq1CPg=,1153.0
consensus_latency,h9okCK4OuPkFMOdaKsDdvnkv17UlSfKldKJwS/BuD/Y=,1118.0
consensus_latency,deC47F+y4DYk2PHsaLpH4k72AW7qKDw6xL9ayS4lsrE=,1122.0
consensus_latency,QfAQljmtt+AlyrvBMRwYRZ7CjO2o7OsjU5D4f3D6rIA=,1150.0
consensus_latency,J7vykTOKWIHASNrrK02+ddiZE8ZqPm6u/VQEicJbJzs=,1122.0
consensus_latency,upOw9flDZ06pSPBYbwmI0EuwI3rc0Ns7fLFDx1zx+u0=,1150.0
consensus_latency,FrHbRZYGMrCeQ/pdbn3ZIiw7+oO8u7ySpkCa7c4IHYE=,896.0
consensus_latency,k3vb/p4E1RrANNUf6Z/8/3tyNOGhQGSJ29Pgzkzqt3o=,896.0
consensus_latency,SvPfxpFgD6a4iNCvAce6vF6jqust62KTzYa6dCFI8B0=,897.0
consensus_latency,WHkpCddCybu8QVOCt8r8Elw8swgWnsd3n6UEHN/geHI=,897.0
consensus_latency,VMetmPLb9QeDmlD/8EwXdKx6weqP1yUbEVsdUHzLey0=,696.0
consensus_latency,pBzwV1d5ZvOEfOdetm9D7FJeejJ4FA2FuZUj5Apaq8c=,1718.0
consensus_latency,rpimG5GrzeWxjeLOZjUM6H+QxxsVairpnDRcSy4wOX4=,1750.0
consensus_latency,KX94sjIwU9ZQBrtMGy9vzCCCDgu3Kwsx1j0l4kH04ao=,1750.0
consensus_latency,SCtiE9xZ02xulq9VT/0fudTeW8l+GrUHdymtWI0INWU=,1751.0
consensus_latency,+7G8V5Klr/sw7mCx7E580BGrGNtMhqFBce1Ideq3tB4=,1734.0
consensus_latency,WHGxs/Zx9Rmvemk0WAMOWFBtkN2bgSMN3RgaCUdF7lU=,1518.0
consensus_latency,kdQLR7XAZcl2gd5391BVbyvrN+4KOt1oWjxE2C2FPj4=,1497.0
consensus_latency,I/WKnrIi275FX2oqUxW96P8RfqPugMbPkvzCpUY+W9c=,1552.0
consensus_latency,mEY13tVv5RCDPi0j1NwebpWnTurENsiT6B53FB4Y8LI=,1552.0
consensus_latency,4TmxogUg7STdZNxub+sU1Vp5sT7h+GrXp8k+aV9sipg=,1497.0
consensus_latency,mxsFtRVw0d7W8oJdwaJ1KKl8h+/aPjJ7NjhZmhns8SY=,1534.0
consensus_latency,3YHntNW5BH4iUn107v6HUS113n/mugD3XkCK1A81VUc=,1534.0
consensus_latency,Pj4r5DinqEg50Kzl/c/xCczoAxmUXciWpaOeZo0eNXc=,1550.0
consensus_latency,pgLa4Nc1qZkw5C9seBgQqQ9wtz1rF8Ftg0wf176ZkB4=,1550.0
consensus_latency,qRoxn9Ro2EFB7fCiJ5jEKizkrYzpjsVnuMZsj83os3U=,1550.0
consensus_latency,ZhYGs01QsgHd54cyUm5xbSmpgohd2eCnuTebIxbZ1Mc=,1550.0
consensus_latency,FmHwPWWy7hV4lHa+uSwzYaENjtsaRut4EY9ioTSKIWQ=,1333.0
consensus_latency,oLmztHx5lgpSNNDoIonhsQMFyRCO9iDRADlhBzez2FQ=,1297.0
consensus_latency,/QWc28ItPcuywoYlmJ8+uZvc0CqH3PY++p7o4EROjiU=,1319.0
consensus_latency,tdjcWaUk2qOen+lMJ8DQe1EWSmSvxQSYLrPL0KMUeT8=,1298.0
consensus_latency,f40h10wZ9KKi7O1WryElMARHy3u8S7wN77VopsT7P/A=,1296.0
consensus_latency,LA26aaJnJh6XoEqh/cY5Nec/uEsQA3BvQDKaxE0J+zU=,1338.0
consensus_latency,RvVramHINwgge89CKETGIOlRueajTyzBVE/SS1EiQSQ=,1338.0
consensus_latency,sdpCjNQo9O8ygwZ28GJycZGY/gpwER8dzxS0jtyLALM=,1338.0
consensus_latency,qJO/S0Go5UohJ2ZOAYnMrZ55ddEWJEmMdvDfM0vNwgo=,1336.0
consensus_latency,qCMfo0+GOOCacpAaEB1EXEFswdhe3qqbOsMxwPJ16UE=,1337.0
consensus_latency,3NLn/5lFgFeCEMXbnUoTCr0jmdUWBziblStxPcMYIBo=,1337.0
consensus_latency,Dy488yT20PIv0eoBpEe4ZCoDBrRiisXOfGJKoboqvQw=,1138.0
consensus_latency,zCxUk1feU2JBLArhW1z1bgAEnWG0Ue90wbBHGeoiKmY=,1138.0
consensus_latency,Z4WhYQf6876emhdn0yuKLBz5DgTvPiv5LiGfiNklR1s=,1137.0
consensus_latency,jprTSw23zb8feyn8+nUcr+syFYOYJTcF9dvZMKEAPPo=,1134.0
consensus_latency,CXZ/qY7Q849g1UYSdAafsbJEK4qO4829jq0Rs3N1+BU=,1119.0
consensus_latency,O/BUX/w8xJwGjEzu8cRnUkPB2RUV2yQdq3pH4d4U7fs=,1119.0
consensus_latency,E95xvvaosSn9NeyTam9J9c+8RMmKXdR/q5Snjk1g+XI=,1136.0
consensus_latency,BNFJSnRuavY20+Y/Lvt77DzCW1g493yrKWt3DS3v/+M=,1098.0
consensus_latency,PhgGt718tfnOD8IM4FvgGPi8zfS522kkLaTROWJj6yM=,1098.0
consensus_latency,3Kp6jZ3T2+uuRhvSvI9YaGvytjtWWbnMfp8aZpkUyvg=,1098.0
consensus_latency,c4VapWlewoMzIB9L7oB1czyp7u1WQVyJxja7ers/jXc=,1096.0
consensus_latency,Ry+83y+Z1dweI1PAw83koRIYtZZZDUobGidsMiQRkes=,930.0
consensus_latency,U5bnCTObD5AGffY7IPJcymwWzJ3xS2V/OpBjHoctpDI=,930.0
consensus_latency,MAKZCiDIuu6rpUTDwnaL3PNf9SIpfyCN+Ge3c0R1AAQ=,929.0
consensus_latency,s+c1I8YEsDtq7cofM5gYMI5DtrR/75hcTpuvRxvwsBI=,918.0
consensus_latency,dLVOy+bMNd+8L4WX5WS/13rP7DeGc97nO4nFYTRvW2k=,927.0
consensus_latency,71GpESIRcJEufUkK+SQ1GS9VSaIwteoYbjQaLfZKaJE=,928.0
consensus_latency,+LWmjAXVBraRcuVM7WVDRX6f+Agic/li0kR52nslbm8=,728.0
consensus_latency,nTjZBEkvlubUBtbxMOj6cCVs+7q5YyteC/I//PBpOEM=,1695.0
consensus_latency,5D8oglnBPGXXkqOCYcTPIUJ04Mfd/JKNDYMZ39QI+00=,1537.0
consensus_latency,kBBeoBosmAIpwiY4fVqXwpR/yxSxmYHheMRhBlj9UBs=,1525.0
consensus_latency,l6rS5JVWKMtyHhU6Z+nFvySzxcF+SXi4d+J1SbCa4+8=,1536.0
consensus_latency,G8lKPNPZb19/4PACSbOno4i/DMQK2KYMk/0F5WN+Q9A=,1534.0
consensus_latency,nGeEfhkZ6NCUhwWh/jW+qMn08o+cR0p8txhuO+Nb1bo=,1534.0
consensus_latency,E2aQ1GFNKXAPiOf3QkYcYng6aLVSrEOR7YzWHgEIzG8=,1495.0
consensus_latency,M6gDV9L2smJ2zkIxwE+23T8Ww8plcZe3YmifwTbIP6w=,1495.0
consensus_latency,c7C0xN+UAQxwZ0aBrGCQpgNRbiomOkRUIwefZqTyzJU=,1499.0
consensus_latency,7K+HUxe/KiZESK5ZAB36ZY2IYXsPjfv8B1XqGJkp0VY=,1535.0
consensus_latency,luVDlkrfTFf51I7hC+Y3dbiI8MKNCY514nhTcfOBTMI=,1493.0
consensus_latency,LtizBmaf1n0LRkL28t4bSDTgoejiAwcF4EL1kAYWeK8=,1328.0
consensus_latency,ev1Zg0es8dmo1DKJZyJsnNYAFydeeLLTqfzQtHRwpYk=,1328.0
consensus_latency,nIVyzlXFGUoNiouaVtCCaciksX2ttAVh4I1FgJMtano=,1325.0
consensus_latency,3yHXadsqvZ2Tz6nyzmNBw5xVPdqbkxSyRqGGsxqR9BM=,1328.0
consensus_latency,/9L66usGIeGwvX4hniPQJ/toORpUjJCxgSFDlxmhGQM=,1328.0
consensus_latency,1enLrLgwGLvkrTKoczLfAkuev8rbI+pacs2FLqfuIyE=,1283.0
consensus_latency,/4VV1BEMtOoXoezJlriSRUY/GN56vhS4Dj8EOO8OCAQ=,1283.0
consensus_latency,93O9Q5Cx9dL1UP7rqgnblFtVmLaR8jj3UNEiB3qZRKs=,1286.0
consensus_latency,ZwKs66yKPWvoRAT0X09jl99E/iK41MrvWEI/FHHPOeE=,1328.0
consensus_latency,nNzVi6xoyuqE3t3GCqPMCu5tfSlAT+JhroJzzz+QiHo=,1328.0
consensus_latency,HNsKPciWo2yt6sW804nwl9jVPK4pVLmWOC0kZUbmu2c=,1329.0
consensus_latency,wKptbgoAQ7sUrihP5Kmh4OH0Rb+5VFcIT7BEQ+jJfuM=,1329.0
consensus_latency,Ua5Rd95C9Eb6E4egdUm6cIi5NnXxUwPgBNUVARoBsbs=,1086.0
consensus_latency,i4U/8eXLGQVtxdFXzRGi4rKgD1jDSBwnnIGmgdFscdA=,1081.0
consensus_latency,2QSZTPabg8nKEvh9evrNBmY4bqbTtMGGDBKeGcBDkOo=,1083.0
consensus_latency,vBrv0rN9dxkGmJ8ed4hzD0oLdaLC30Onc47iAyBc1vA=,1125.0
consensus_latency,z5YaUp0PTS5aNMlLG5cgEs0Ie/wmFjRh2WunZli75M0=,1125.0
consensus_latency,NNXJolxea2vuBepW27Mqlf6lLZGcwvkDc+C7xzw40rg=,1129.0
consensus_latency,IVpoeYLIpqF8CWLwvzVRMqeeaeNAzgSIdqSdHHN+Pgg=,1128.0
consensus_latency,YODSUaUqMswW16Wxg4V3+eBUYRbcNU1gcfIMyARukTQ=,1127.0
consensus_latency,8OL7sURVylUxId5wa7xjMxBRT7jQ4bALWt5OPNOL2Ag=,1128.0
consensus_latency,lgSgB7NpsH/KRHGEeFFU1qUKpYTcG8a2Aq9d/h/8Z9c=,1129.0
consensus_latency,EZzANTaPsrNuWU+6Nrx9hR/YggNUJeZvRBAHHNSPtMg=,1084.0
consensus_latency,HXtXAzNzkRGl/EGUo1fO7uXXoIxzVFhg7Cf48cohtvE=,926.0
consensus_latency,QUHyyGb2CajzgJUUmHMBFVTxeDU31Mo7zPBO+PqIF7k=,926.0
consensus_latency,m96HLVLbzTtK9cLowxLugILz41Vj6fSEnAGp31qjl+4=,926.0
consensus_latency,rlFt5OcGTXe9TUIzwP6IwHZVLAKt0+Lty7L6DiRgP3E=,926.0
consensus_latency,mbkrFkMcQGJTCDusp15vbgxxDtZe8tZkMP5Tp2pTaN0=,725.0
consensus_latency,eUTxs5AiSx459e8k6FZz/RbFObUA2fvclTiNd3CJgL4=,1680.0
consensus_latency,zuw1iiB8/cCpIOhLL6lKmapkhIlManALUtIrPL6GpGk=,1524.0
consensus_latency,4g8QAteFDcMxyYEATLoMAXHEb29Nl7L2vGxMYkquHmw=,1477.0
consensus_latency,tU9Od1Zl9Ax26eVZAqiwInHJjS4I6QCsBwEDriqA6ts=,1525.0
consensus_latency,On1c0bUu2+RwaUgTz19XXww/fhWHbrILWaNW812IBl8=,1526.0
consensus_latency,Zv7wThX66CquTbGxycf17tlT+6mpEIdjrGomt0Lq/yk=,1526.0
consensus_latency,fGjCzsNZDSvNUg8Tk/yPm9hCSO0Hr0tqZreYcDJuwgQ=,1476.0
consensus_latency,/VboO4xC6NMu9QpeQzBVr9O1MEHhOoyz1e7mVBH7y1w=,1476.0
consensus_latency,pXieqoKpd7CkNdglIuOF5DGsbeFNc9/DUtu7IZHmGsM=,1481.0
consensus_latency,lKlSFzX74qGxm8c7SPnLPdghQaxiLNr74xxlVOE2v54=,1526.0
consensus_latency,8LDk5SxHuMQtNzjUoXxQyPH/KVMas/HsoRxetv3Gsuo=,1526.0
consensus_latency,f0DFuXmLR5tg20kPeh5x28Da119J96cpYN6Q/eE31rY=,1525.0
consensus_latency,rHgJMYvvX5rGOGETlUro1j7x2JMsJ0L639Th0wNWk2M=,1326.0
consensus_latency,mdN950V5gCsXWhwEWLRXlN+m/5/OkH4c6u2ef1XZaD4=,1277.0
consensus_latency,k+zxRoWdgfgMR78W8OGSgPBsajGPpiDYFeLhmuVTPho=,1324.0
consensus_latency,SYmU2DyYE/fGJOiMdTxevPgp1YwfZusSjaKaUz9+WY4=,1276.0
consensus_latency,wT9D2lNVO2SjEKt1Ob7IcdiN0lv0WoHrsO612agcdF0=,1324.0
consensus_latency,9Kgmp3Z6eJmneMqehj+2LEJIlw6ynslluGVOZhIMM0s=,1324.0
consensus_latency,nJebVLXV1F+yOBCN5X7HqCFX5yyzFdSsU8/1irh4ZWw=,1325.0
consensus_latency,rOtIkWVs63JDbC45mtF89wvnzuirY5ICAGYmWXvcpzY=,1325.0
consensus_latency,cr6R/aHXmo0XYvEcrXikXvBFv+EqsiV1UAlSLNr6D2w=,1326.0
consensus_latency,OT3IHgZZZrJjzucomc2wqXW18xXEPp+eci7IfWDnMPY=,1324.0
consensus_latency,S5zeb7AgVvBlpL5e728cIdHrURl65RkeCF6ISMUiqtA=,1324.0
consensus_latency,en8Uzww4WOIczO4kbPljsn+j2xyyHUYpht/5oybVR+s=,1124.0
consensus_latency,k22hUlno85vwuGOrO3vzV2oTnWa0QADR8PizNXnUMr0=,1281.0
consensus_latency,8vR7Mwg29AbfgdAtCXAjH4trQHdxCQ6K+cW9TVgbplw=,1111.0
consensus_latency,NaUZrX9kQQnY3pdPm58t6M6sdqtP8zqyEdlXa4PDw9s=,1077.0
consensus_latency,QhMyQpF8jpmKkhaeM7XEPX4uqmKigDLxCecwIkYAb8Q=,1126.0
consensus_latency,TNHBN9N+jg2ejK9pT/ZUWTqqRSpxZ6DJKDaMk7FZCzc=,1127.0
consensus_latency,0IMTT1jGR9gLj2z13x5ruA/oU509nb+s708g3x1+6xI=,1125.0
consensus_latency,0Q7SzHxabyK6gIJLaJT+3+OkiNMDPDY8cZI+UEbbcZE=,1125.0
consensus_latency,2jLhAT4D+ZESGzrBM2lY1/wy4Bj07phWgPL+wpTGQdc=,1077.0
consensus_latency,uH2IoRz4umYdGYLHKS9kyadgO1j6WmJN7fNlBvBPdOU=,926.0
consensus_latency,MfMjB/4uhr/EJiKv4Ejxsf06HZQUB3G/PFQzV7NGwVc=,925.0
consensus_latency,Eh9oWsp1qIKddoD3qeRi1tr/sedVv5sCWHxxdVIfPVc=,925.0
consensus_latency,D67qbRlFabP1fRpsisXn2mNq53Rb0txtvhbr2bDdtH4=,925.0
consensus_latency,TJbwbv382Gd1+DjpmuFem7yACgll69ja7/yUqSYeL1k=,925.0
consensus_latency,/orTcC0Xhgf/nPZRSRnz9jxWAeYVUAIHLiiUQnLpKN0=,920.0
consensus_latency,gZ1oF4/bboy0RJxX6WkxMX/TMVCR2+zj5sQeXkxvCTY=,911.0
consensus_latency,CO2ZJuH9XbHHE6rVOEUGqN/vLhuWLBwagAwam2Yph/I=,725.0
consensus_latency,PyvGs+mklfnHCtNLtYpRnWGHavr8QhSjk67V1M5RBQQ=,1696.0
consensus_latency,i9doID05NdQUbmkrkw9HO8mS2yzBbeYHKJ/Q5TzhM4I=,1696.0
consensus_latency,oyBI7xxo1RqVjxoKZRjgW7J1VIJ384bk17tq6mcxkBY=,1696.0
consensus_latency,+eWjQrKDvLi3ET8VYOo4hLrxWk31ojeFnIrHBfczuw8=,1696.0
consensus_latency,Av4mi7XXVhOXEHD5zPJIJnLpCfzzt1yBNOaUeNrXIw4=,1732.0
consensus_latency,sly+08uoimp16/4hiRB8RCrcuCX/FH5/AR8MEL9J9mA=,1732.0
consensus_latency,1Zmm5IWnK7hNQGTtIw+DVWO6+RJRIpQXxRodTscGF1w=,1732.0
consensus_latency,QinCsYjWKbq5mK9j6x/XiSclIueteH28X5F0N1zSivo=,1538.0
consensus_latency,8ZS9ZEvZsHSCnzi85Hwc1xXt9pAgU4l7KcUEuZ6R3fY=,1538.0
consensus_latency,yak92xnypg3kyHwDmtJdy73QzhR0QEKstqYRqMJBX7Y=,1545.0
consensus_latency,eSoeoL198FVsHXlcBZiumHvoA3z9e0r/yhy/65xTeps=,1420.0
consensus_latency,v3uLgGb2w+E/Omez1G8VL9YDBoFBzx1Wy//rH/KRLx0=,1532.0
consensus_latency,KiKpYFZgG1aiMHPEV4G51EyzjDF2lziqnjWskD2QFps=,1530.0
consensus_latency,uB5/pnqLlMGe/epvEkI+QeiqsyOh+WwPPzm2vVChie0=,1530.0
consensus_latency,YVGs54UeFuMGf7CI6m+lKALXiwh0rghVeCEeAeyvyp4=,1496.0
consensus_latency,XDxvVZHJn697RTSF8rLD/9vpvIY/P1X39q267f37hn4=,1543.0
consensus_latency,eO8VDFspLfWsP63pBcsp2IaFweurVDkvKYxojpVsyz8=,1544.0
consensus_latency,VLj6mrJzD56PubEkzWBA0xZUwsD4Of8fT5ZGYkuC7l8=,1496.0
consensus_latency,5M2ugTQLnZas+NIuQ3zOd1K+ibQ7WpJfBqBZeH+q53s=,1339.0
consensus_latency,mt3EHBanmCOrqjv1d1noCeUX0fUJmZgFsLesG2AdGmg=,1296.0
consensus_latency,lH8YfeSnMGM+4dRUe97IrIYLxNvj/QJRVkPjpULfAN0=,1338.0
consensus_latency,pO5Tto9bupMq127tuOwbJ0TVB9eZOUT4JEgvF2AGpk8=,1291.0
consensus_latency,FywGcKygffi+lcDbRlE0dq+6jYkxSUYgGddJJnHFbkc=,1338.0
consensus_latency,2l6Q+fm17mOZLXeD9LNoiQ0p8PYz7BowQRtfS1nNkL0=,1338.0
consensus_latency,NWQo56nxHM4Ie4xkT7sZJX6J8Wxo0aciSV9gwoNjeEs=,1331.0
consensus_latency,HIDH4IQyLiATU6Qzd4s7faSo6amBJqZN0BLGiu3BzbA=,1296.0
consensus_latency,KHPAusoiK1Ldig0A7bmUO9dDPye2QU0pqeidyZer1OI=,1338.0
consensus_latency,n16B2Rnr1+njDZhN/Dh2zmSsy7UXYFeQ3d1kQ1Tbsj8=,1342.0
consensus_latency,LPnK0kEW16LUze4OaJ/palPbx9PzZ4JsnbvmOVeKHf4=,1096.0
consensus_latency,PbLqvfe0TSMfVmqyCRTLgg4iZ+oe4abtHzMWWu/r9FQ=,1139.0
consensus_latency,HnTI0e7O5AcdKXUQdzPgKJnmFLYo8M40lEPB6XfZE0s=,1092.0
consensus_latency,lLZdZ+/+mR/RaS8iLI3S7RbeYTAWo6rW2JEep5ag8A4=,1092.0
consensus_latency,ZFCj7djAgmPDrKas1LNaJaPEUx/ou0ACUzqDd1rqiFo=,1142.0
consensus_latency,lQJReK0KaH/h70VfNcZdo8ofNON3EQ48+4INg74+eHE=,1140.0
consensus_latency,00QFQbZAJdz4wURMAtoBmXi9mHhtzyp8frfRxdWosSk=,1140.0
consensus_latency,SnadE+lX+QXD9voG55iLEzfq5fEfFQqW/VzNzvVwQiQ=,1097.0
consensus_latency,C+l/x0BKMlZboUzU7nY2quMshwRWg73xs9d0FnF2oqM=,1138.0
consensus_latency,6Db06CJK5hodBdaMDevC43Dk3jNKj0gQMiCUbZiIXws=,1138.0
consensus_latency,X7EFiRCQfRIjnWD6JIzteKpyiKOWNBhp+IRTDnBhrgk=,1139.0
consensus_latency,PbllsFSxrxMsIOL6o4jOGVPU2y1pq5JJJW/Ayqmjw+8=,1131.0
consensus_latency,NZI69N/JglV3UD2Ygmuyxx08oPiiJqhTOOf7OjPtuk8=,942.0
consensus_latency,eQ/3ZlwyfH5F8C6HSAw/aiC1E/ne/QvpSKICmJfLFdI=,942.0
consensus_latency,u/KJFw8wI37KeJ3WKxD5fIfSpGtOouG86FtP/ycuqEM=,939.0
consensus_latency,BBhddh/JDng0/in1VZalil8twrE6qPv+G+e2tUx40qU=,939.0
consensus_latency,u1hLXSJdFin2pHlYJLpkiK+wxejMVzImSfsHL5jDlps=,739.0
consensus_latency,5Sjb7W6k4qZNvJxdfzRdEDcrpCSv9Pfl3t+rpA8Rp5g=,739.0
consensus_latency,R6WFjd+YfcfPGfvbdjX0PeefDvtrD/+mOGo6rrwVY7g=,1739.0
consensus_latency,Xerj4SElykWXFEmm3e5OLyKHmAwMl3jvvIvawDRhc7M=,1688.0
consensus_latency,uVaVEvJyslhXgqwsWKa2IopvQnjyomjphQOtWl1x/uM=,1688.0
consensus_latency,3UK8cFm7PRaSwjgC8JI4WNQy7fwZfJU3pMG9MCmPkbU=,1540.0
consensus_latency,Y4Zev8QMOuS1m/pm9EpuxC72R3daeSZrlra+ZWqBGCA=,1532.0
consensus_latency,T5NCYmLuKvVBZIhqfRHxu3uRu/UabGKitKPUpyOK8hM=,1488.0
consensus_latency,fyLBD6uakGMPDiXCbNF+W2U6giCV8GnZZTUVZFAxcKg=,1538.0
consensus_latency,XdOIRaMLM7/Kr4saRCyL1c1NjrrFhUC8K5jfTDhPkMY=,1540.0
consensus_latency,/uauaRImz+i+swPzsr46w3Mu0th1jsNh8hIRgDJxKgg=,1595.0
consensus_latency,A9UoZB2uJgIB/hXbrd7kpLNBb3N8BO0qOlBGgbbRD6E=,1494.0
consensus_latency,9zkqgc40pf4b07F6bllmyjLeq1nJKs8FWKzspvLnWI8=,1494.0
consensus_latency,X8qFcq1xSkw9rCbnrOC3pKgtvDswH8izeAojlDVt+lc=,1493.0
consensus_latency,Sb8AWAWcAruumHf6bMT84VGHFtxJihlNjV8F+6z0es8=,1543.0
consensus_latency,Ar+Kk2Wj0v3QZjbUwfnhn745JeZxSm3SHyMS9yRYk9I=,1338.0
consensus_latency,JANFf7ayxT6wHqdgSKr4VXmG4uMMuuFYbbTjxpy9SAA=,1332.0
consensus_latency,u6m6GEwCvRAl2od8zWLz/rtoAfSfNqpLIQFFzALzeMU=,1332.0
consensus_latency,8WaU1XZ6yszXz/D7XXAn9S4ifKPd1lH2MVBwwlpEMeA=,1341.0
consensus_latency,7Yvk6a83EJMtBxnX8+OHiG6qL+CkrDgYB9XDO3zht2o=,1337.0
consensus_latency,XP+cwM94sR221L9TWWgy5ls0tnA112t1BybTfEuuLrA=,1295.0
consensus_latency,D1I8ANgQqs2U5U73NQBaIZmq102G3tqEXdsUI/Nu0kI=,1338.0
consensus_latency,NqbwA3nydtbc0N6qkrpJjcISjY81J/3Zn3oulzWYrbs=,1339.0
consensus_latency,YehA7+cDYg4VHFLYTrOdkTvReB5exSOLNbet7fOwgkY=,1291.0
consensus_latency,cbzSqc6ILuiDRF5aYzPYYyaRNRHHgSGZRR4AzZSYBeM=,1289.0
consensus_latency,0PW79Ygb6LBcYPbyBoFAKnya00c9Ur9DsOnALsNUOmI=,1089.0
consensus_latency,kDf9+M9+4uE8VS42A334GtZVrrhBGkI2sZWcO7UyvBU=,1137.0
consensus_latency,tbKu0RANLqhdztkxHkLJ1pjLjmHiN7q8nFaU2H72Imw=,1137.0
consensus_latency,2DgcICzBqUe3xD6cOv22pWnlAZA+u7fr8Hjkq7cC6Io=,1141.0
consensus_latency,DCYkX2a4C8pIcs1bRRv750M9BthVudKexUN9HM/ZTwI=,1132.0
consensus_latency,+DdDi/xj2zuJNlgmLJH/+ikkwfFmoapB6PKK6AKz+Ts=,1138.0
consensus_latency,SgesRmNR0t2zFA1LzQRDEGOUy4h/kU92O+HyYeaKlmo=,1095.0
consensus_latency,e2IoCsmi/sx2hHBAHfYHEA/M9siPclVQww1u3Vn0g50=,1138.0
consensus_latency,gzjx4L+bmdLCAlot4n8q3O9Ng6031ktzgROFzFJDmaI=,1138.0
consensus_latency,0edvFVBxHe+r6Ucg48tgaZR2Xh/wYHaFn3FJwuNlzTc=,1091.0
consensus_latency,1tCz3+Q6t2y4y4OzxEBm1z8pOYhBioIMPeGs3cNIqjw=,1091.0
consensus_latency,lfO72n/hAlhZzWNXysEen+2+TbOtM1IP3ro+dB7tt/M=,1138.0
consensus_latency,6D7CQuk7KqXBki95hEVR0HOqnmc4nv8YPEMchySNLZg=,1138.0
consensus_latency,ITVHgfZ1oVS94mHbL64x10XyBBSBGcft7S2Mve2U628=,887.0
consensus_latency,CBz4FmhVlMaKVq/QllHlS09Ec8Sf3E9QSeXBr0uF7nM=,885.0
consensus_latency,8o5pqWi+Knv21he6bBl7wBAaaoPd/dspo1C75Ey6Vso=,885.0
consensus_latency,67qSuUbnTzdgnBs4ZpyS/SV05Sqjgc2uTt1n1zq+NUA=,885.0
consensus_latency,A3sl2N2LbtPhah518pWFiUVzWZQYqgz+XgEeEZuvUUI=,687.0
consensus_latency,oZrSOG3GMbCYOKmkhjLkd7jWEfAMEdWoSIHXqiPgym0=,687.0
consensus_latency,IfkuTej+thl1xuHRQxTQQEpZLzatFuBOOWnl+64eX80=,1771.0
consensus_latency,/17SaSKp1CDhd/fAsEEYPPTqpyanYM/YXkeOswQX7p4=,1772.0
consensus_latency,vhXUhimnhqL5kUxRnQWlyXDVNQhjI99hL7GJVol0p40=,1771.0
consensus_latency,Jb/LQ2BxRnheD18fAsgEid/ZrwLbQYeM4pDGtHY/Ftc=,1566.0
consensus_latency,2Nl/6PtQPHz+83QpQ4+Er0tuj974q/+q3SIJKPLqgBs=,1571.0
consensus_latency,d7qm+wqW334BIZVKLzjE3UwIX9c8r+G11cdx3FPKLZ0=,1571.0
consensus_latency,ji0pFzShx+RuYOoYcI9xadOPbarrDoESpTDQ794zjtw=,1572.0
consensus_latency,QMoZeIn7M9DnjSRypscD//EW/48VSVg9pHIp7NyLYAk=,1519.0
consensus_latency,H/aTFrnK6OxPz2yeGSBQQN6JGKdR09DiE1+pCQLtW0g=,1519.0
consensus_latency,gnV+RNAouooDNv0UJFFOJ+dnSGxhEuUnAt8fK6CtYmw=,1574.0
consensus_latency,4tY9BLX6GcBuZVKjl+f276L3e0BOkFyCF1xV+5zRxJw=,1572.0
consensus_latency,DByzx/FV+cnx4wb7328UKXsBcXPS5Q4LUvHqfvUKZmE=,1360.0
consensus_latency,nlOZe8KurtHlUbb2qDlySwL1QJWW4V81qG9WFtvuVbw=,1360.0
consensus_latency,dwovFn5treYUv8Ei+VFge7gi+j8ZbJfBGsnxvwB0s54=,1360.0
consensus_latency,QHi8dpKoBvhXtaa5K7Cty7rdPtcwpki5wqn6HBUg1gU=,1362.0
consensus_latency,i99i/8lEIBAfXgd482LC/ypOqrJQXUAe4wurfqAfnUY=,1320.0
consensus_latency,rtkZMBClxWQjnzN9U1hKE+GdJ91PNJgnNE8AK/DF3sE=,1317.0
consensus_latency,gmtvy4P9kMgNQ0rDnw5/6XaImUaaPfVCT1UmP6FXUOA=,1362.0
consensus_latency,8EWL2AMK6C2OrDSofm1dFyBMHQfEZfnyOi3NstUUPAk=,1362.0
consensus_latency,WHeFiXboFY1MW7oRY91Qea3CopWBaoDskvnG1pOFHZc=,1361.0
consensus_latency,HCJfRUtT1DGIJfY8cnlqnDVbxwQZ+UhPHiTqXoi1hps=,1320.0
consensus_latency,bScbu6Zx2fPKVk2dTHfmnXvwwGdOBKxX8HGHStErIeA=,1360.0
consensus_latency,76Mf0UAWRNtqENm5wCKp+p6YtmfLBhxFaBMztrNppio=,1120.0
consensus_latency,298HjxzdH5Yo3ucH2yTbvBDOm6EvYcHcgy5pkhfmGkM=,1161.0
consensus_latency,87s7Sus6Tz8BXKZ4Ss7TO5XuboXQeXNPj2nFVERnzR8=,1149.0
consensus_latency,grYgA6QjPr2V5usUdm2EjB9NBcu5gcfq/31270EErKE=,1160.0
consensus_latency,9KKtn1JO+63ddn85cDUAAsDAgqC3BC8Z6+qR2K4QxwU=,1160.0
consensus_latency,eDcWwevChmqSfVx1IBUao9fUmUm0rtafefHo1ZsORh4=,1161.0
consensus_latency,GgF18JxhlvWGbNwgyLanTunzxqW8Q84hMSwA8tDPc8A=,1161.0
consensus_latency,uROwsQE/wBMC5BUv6a/iDhbtUsEUdHnSyPon/YGH9VI=,1161.0
consensus_latency,u867c2oW86AYOQ48PccjpleAzJfOn20HHIi01MsuX9M=,1117.0
consensus_latency,f7zUlIu1hseB2KCYBeUZC0KVLzV/uSY3nAI0Yt7vn2Y=,1162.0
consensus_latency,w0u8g61NOu3qfkNcz2Ply9MGIgZPgW/ewNZwU+ZLSCc=,1162.0
consensus_latency,HiOCiGbFA1q1+vrmsLHEGWwQKj35LzjPhxELlDKJtzk=,1162.0
consensus_latency,hY/HKTB6DtlOTsujcH7jmiUs7gPbmnVD18umuiAiMdo=,1120.0
consensus_latency,f3T0WjcqwWljJ2a0aR4d5gLwO5J6337D6tTvNUtaiuU=,960.0
consensus_latency,uRa68uLARssKSppH0dpsyLUlDkrzQg8bwjgRWSqRNXs=,961.0
consensus_latency,CcS6gUL7UbpAN2CcYWjBA+3ftAlxDNVQLoiNYoev+88=,961.0
consensus_latency,93+fuqURvg+4eZDw65CBUExDw++CW/Uq3CxhGhO/+/Y=,961.0
consensus_latency,KDySMHlhtZjJwwbVaP4MSh+Xnd1+uWP7l+94/TVbZrk=,760.0
consensus_latency,lF0kDIM1squV2TgcDiWPqZsFND46GKiqxO30X7v4IS4=,1747.0
consensus_latency,/zHl5sV1colhYW71RBj7mrtLVATv2s9rJO1aaEqnkZA=,1747.0
consensus_latency,hrH1ulXyhrqkXmXrv79zZd9TK8acLY1Rnj6h4e3UDuk=,1740.0
consensus_latency,0e/uvVv3V8gtCTlTp4ApFghyurU1Jw4HbONhrt8cZgw=,1746.0
consensus_latency,9DxQIpMnLDwRZEDiEq5B8h8wcRcw0Py95qKwjQKI+qI=,1746.0
consensus_latency,Rv5Fypna7a5aXelFqRKQhbUbS1FaZ+szGXq0XVDeY9s=,1576.0
consensus_latency,SGZn/Xv6N8vWL4C0q2R2cTyCvPqITV2ecGx/dzGaohM=,1540.0
consensus_latency,bIF9OhWIcdgi5KujZBb+Gvw8kAK8Puwqg+3h/jgFj14=,1540.0
consensus_latency,hgQBNIayQkN69V4QFCIuHgX34WtaoRkw3vSSo5XamLE=,1588.0
consensus_latency,swlkaLgScRuJfS86puLHqVArt8uFIc2WCoQo9YFfTLY=,1563.0
consensus_latency,RIKO/2ebPb6zFDnxy81pHrkZaC7b+RfW8YxdVwmmTz4=,1546.0
consensus_latency,nXL9fJ21l8EjOGKKT+H0jmJMbqnzFzhhFnhLhCmyOR4=,1587.0
consensus_latency,609K2WMYZYLx2RUencscYKMnHsfGgF/8Knsj1xGLNCw=,1588.0
consensus_latency,34JYfVaMCD/5+ALBtMIaLhBC8kbXdzVROc238lyKS1w=,1588.0
consensus_latency,Uv+wRGK8SXb9xw5HI/5UVrjAZKPDBuKYmKLENX1TJfw=,1547.0
consensus_latency,57UeoeMGGX0+6OTU2m9SlA6e/oIwVUheegz/ZK+EbMI=,1387.0
consensus_latency,/R4CMcGxdEaN6oZYekzYVV57Bd+apR8omcdIO8hk/oQ=,1363.0
consensus_latency,vHKGDMTDlsjJShO/YgUw3AyFJfURqrXcMg6r72rTv1U=,1387.0
consensus_latency,Eeio7SG5JDh4eCD73Zyazhmvj26GLgtVSgOFs6o+8j8=,1388.0
consensus_latency,5oAq82K2Q8jTXrJalLQCL3sJv1sFJa8BIeUIxUgu08w=,1340.0
consensus_latency,iGdtu3BkgT4B/xbKsdmZBEjNpAwk4Leya3/7ykDoN+Y=,1344.0
consensus_latency,MOcKwNcgciRq0Vyc0IruA/rtmMSlTSyratV202q+ZPM=,1347.0
consensus_latency,rFFYcSE4+sZ+VIKdvczXtN0ZwG7ot+e9qCtNmA4/a1U=,1376.0
consensus_latency,2MsVbZF8edYTTMVb0ksRjJo0W6elbhuNAvA2dCbzuSo=,1376.0
consensus_latency,KUXqPOdMvUGYU+AGejti2SUaqA1YFTxoiy3EMoec6fY=,1387.0
consensus_latency,WSFizz1ZEvOzwcpXxkzrZ/B6btnIOFVG36fJVHoSGtk=,1387.0
consensus_latency,dk9PXYImCKZkuae8BYInnkCiBdmgiZV6viUIqrhCKR0=,1146.0
consensus_latency,XpVbsgaZrB2/0zGSILI0u7k7raneZSYOOOraU12kvTQ=,1140.0
consensus_latency,VV370T/5/bv0xIdnui2T1CSNIqKiag6+MR5x+8Gz8PI=,1176.0
consensus_latency,2kP4UiTJ8kfQXD/ZoqqGE0tXgsWwqdfcy6dUfTiQ76U=,1143.0
consensus_latency,K4H5TZWJxbAQ8LGuQUmz5ddwkEGx9hgQRMKFKI2vpIQ=,1187.0
consensus_latency,eQ7S+RL4sha6NQWjPXywk9tCW6SC+0OfXivX0Zy2Eps=,1187.0
consensus_latency,9jtBjTm8clYA0J/qvzA0EmqK+jc+z7qVMX3UZGp4Lio=,1187.0
consensus_latency,GXOeo70666Jhw7zgWYr0OwZ+KMTh8k6zhhTPUo6N1Xk=,1187.0
consensus_latency,imJ/QiWYD9bYZRg7DkpMmXV1pLzxDWamNw32NqGGHkw=,1187.0
consensus_latency,WW6wx7NQHRVDGWYtWsWkMoFI6p4b8I2QcKtjCC3mzCE=,1163.0
consensus_latency,z6WrjMdKpYq8y8D6NHLpN8QtkTxRgWoQwrA0zNlFo54=,1188.0
consensus_latency,siXoniu9fr/eNpCV7+kmJIsMxBWNnf47hji/CPf/o60=,963.0
consensus_latency,lrH0w9pLEzro7+4eVZdmmW3zmokgHGE58mrEB9fWfE4=,987.0
consensus_latency,mSguGc0nKFVEpkGLtbNiv/eYhEr0DAF6l6Oh3odlRAM=,975.0
consensus_latency,sdn3SPIZhctaedBW8Yd/nfcHRi3Yl/uq3cYL2VIKujY=,775.0
consensus_latency,OrNwtIw7YGqXxJtOi5aoeA5dvXNDYxZyGTjukw4zook=,1737.0
consensus_latency,k11oroCN/a7lPM7HuNvWAh0uizV/Yn2jXc3abhj0V08=,1737.0
consensus_latency,ovIxgvglEfc/EASH5p9XG4RVRhBbZDF5xxw1YOBC4W4=,1735.0
consensus_latency,KS5jIuvmIfomNIHTqtMyB7j4Bn53KWRYBDrLlBgQsbQ=,1693.0
consensus_latency,EhlYrOvVRchnpaDfuZsdWwRC0HsUvwshCHZIzW5MLeo=,1688.0
consensus_latency,0BZi0/cyNPeNdrraZYKlkt47bBgt6JmynFdNpcICYnc=,1688.0
consensus_latency,latf1oDRa50wWe+HWaKWoJVsCtQlKQ+XfAS/ipOyT8s=,1513.0
consensus_latency,4YfQnOmyfhk6duPyrgyYW/yhMDJqPhIQiK9iVnUrLsE=,1513.0
consensus_latency,yUUZrlM+GLvD7pPGVHxgVF3dGUGQxTeUMpNYGHA0lNw=,1537.0
consensus_latency,JmEnXHiOCNnKtZ3vid2NuXfF3idyaoh6dr/1w5o9wGk=,1536.0
consensus_latency,Knz6S4SDQ9X7ashm9+3vhtUpD8W9cvaRRIT+RCT2k/w=,1493.0
consensus_latency,t+YAB/256t68KYDNZHCJYeKft8hnGbeOc1apIc2w+Wg=,1493.0
consensus_latency,SLL5QSe9JBjeeXv0c3AWo6I6T20kGMJndwqKn5wjCbo=,1488.0
consensus_latency,fxk47GYQhQUxGMaEC+9dLeJ2wroW7HuR0nY7FQ8YUGI=,1537.0
consensus_latency,B5VsO/V/oO5hk0ZISkvqGCNiRYxI/m++81lRvhXLiEk=,1538.0
consensus_latency,GXhXnNz/QmtxsEdbgyy2Nz7Ygj2QfdTfAPANjU5qJfI=,1635.0
consensus_latency,ty6cotZoGi6e5NRqbaOwRpZKvyHQVitu4zPFGhplNVk=,1635.0
consensus_latency,ZFvnn16DAgtMKjmJtnGinLmeguBbtLhjOH2K7ZrVsHc=,1337.0
consensus_latency,4JVcChw5tr0LXZ0iaoR2CzkA6LGOwpp64aj4oorMFKA=,1313.0
consensus_latency,znAaCyC8eka+FkMxgfh1QkNMAQl109yMDKyYr68E5Es=,1293.0
consensus_latency,yaDF0em7kT2i+/JAwwE0jyDiGdYKoW62+D2BYcOO7z8=,1314.0
consensus_latency,8EYcBoeMUiFtpovUBv9icpvsPpjisM8QZKztVDbGsfw=,1314.0
consensus_latency,wxLC3uB1aS4bbcSkbH1SPvpSIblQoHVbzFa10L7U30U=,1336.0
consensus_latency,tWg7if7rhKazfkGzt6Ocet8HigUB6ZwezMNmcDcWVWM=,1336.0
consensus_latency,fQ7EfqYZXnh9qcwlxuitxgJDWLUi4xHWtFAH28m3Yik=,1325.0
consensus_latency,LQMB6d6cIaSM9UytPa10ArJVPQmMOoVwJgOVIoLfvlU=,1288.0
consensus_latency,g+z31FMxzdZI2r3FVRCD4oTlkTg/q/AfrRZU/lmcVX8=,1337.0
consensus_latency,21umzvubisK8gxrImU5g/+ROQzvsWRa+/y6HGGNrhps=,1137.0
consensus_latency,R3tQ9YASYAvGI7JHmkeucGjP5OEu1Ei1dstt6RrLEBs=,1137.0
consensus_latency,uWZ/FS5hw4mbVAO0Vk6wUmJ0oPW1KRz5KtrWx7yMjDw=,1137.0
consensus_latency,xfU+h9pK5daznW7Cx13dVdpmamOMZNwfrs6TTuSWjZo=,1112.0
consensus_latency,bh9ACbPOPzFp+uJacD8lqqhFPVV7TA8c/YYqID/1/Gs=,1136.0
consensus_latency,wURoBaYjb/CI7/ElrpHoNXjTcw4uiQGlyzJMx3gi2ak=,1136.0
consensus_latency,6feYL38KLx46EwX8sEoiqUJlAuzAA9mppt2ih9d6ouo=,1093.0
consensus_latency,Bp+D3W9tVc9lm+CVGmV8PIEr/XJxC+T04BMn8VIRQI8=,1125.0
consensus_latency,eCbPYnRivuC9PkLbU79F+8nhqScpD2GTkOlliCzCSPQ=,1125.0
consensus_latency,OE2wEfKC2mxLIba7F6emQwzA2lmKrDBGZmVTxKN31tM=,1088.0
consensus_latency,JI0TGolIqZahqGd931mQCth6l+dWOzElOOEz0mKPd3A=,1136.0
consensus_latency,IU2ypSPOuSauZ2TbQ8TQJyvkqjFGh684me9wwJo11vQ=,1114.0
consensus_latency,LPWXeNsED/h+VUw3F17M/6CzolSnUukObQRckGkL7tY=,932.0
consensus_latency,fRCOf7ZcF/vv6DkABwJh5dETHpRMmUleASJJMuRjzwY=,932.0
consensus_latency,Uqv7PWEnlb7V10uzRM0oe++iuFLfslb332+CWpUPdK8=,931.0
consensus_latency,MP9p9hFuvHB151/yfQ6bRBqRCkBUwBQS5XAAQQWhGE8=,931.0
consensus_latency,wEDyhXpxIb9mKWIKIGZNrIF5YsCOwdLcEp2fqGH90pE=,931.0
consensus_latency,zO+nis6awptckxtj+y6A6lUyRouIGOENcIJoqC5TOEY=,732.0
consensus_latency,NlZR9CKNvIDUdjNONZ0qp+aBQSfQkSbuuTnXL24VQ2A=,1708.0
consensus_latency,r6j5W4naPaP0pdqaZZwT41sLnfH3mTKchV+JxKE1zao=,1544.0
consensus_latency,sxiCTkU+gVc6lQi66lAk1AElbzjK/QUscgcusWkyaVY=,1544.0
consensus_latency,WanJo3o/PeJ1vTbcV39mF+PIHSE64f+I3aUclK9yi6Q=,1510.0
consensus_latency,/pjMAipnSLXmoT0wqY2roP9mrvF55nW3/df4b+MVLQA=,1563.0
consensus_latency,rWvgPrrRBuLWhYc8iefqzz7vkNFHQhWe/oM2Y0Puf8g=,1508.0
consensus_latency,IkSPGplcSyUBkPnIgmOp5Lk+TRsIZ0d1PdD9r0LR0Yc=,1563.0
consensus_latency,rLb7DesFYvo5tFFw/8jVS4IYxWVLxIvveHA4Fn05Ha8=,1562.0
consensus_latency,fR/3y/4jmgxe8dLI2PEbufUrkcwmk3TjW8KhjeD3idw=,1556.0
consensus_latency,TtFM+y0WGkfS21ALU+fB0jF3+B68aoRrF/dI1n3Niw4=,1508.0
consensus_latency,h5Mz2A28COrEFyhFBfPAFhFMmSQQFXwlRphzyX+UBJY=,1508.0
consensus_latency,zIxp3Rhz4iHDSnReKHvK5JTZfk4PY3txQKccOVBZlWQ=,1308.0
consensus_latency,0NR+GkX5S0FURw9g/UGVHevvf+mBR6osYEc0KaEq1Ro=,1308.0
consensus_latency,x9pAO82jtoHyrxT8Ou2mmck7VEEU3xbP0qFFxK1SsFM=,1356.0
consensus_latency,xUcScUh0DWQn9QmoQ2CYzKSCwFgQwb1vM3GgR3wDh2M=,1344.0
consensus_latency,kJL/z0OfljazLiO/MXz8VIxy1Or/2vE7xV9V2t+1YX0=,1307.0
consensus_latency,HZLzUtuioMdfrFV8KltQdUm+RsytRBZMu+EJAJsQACA=,1363.0
consensus_latency,ThpsqRolJlIITaehM5sb/GJb8kJCFSZI/m/sUOiHzEA=,1364.0
consensus_latency,q1v2vsnY0SMzN6GNssMSRcX6luPoqnDvmIq2JOQmdrI=,1361.0
consensus_latency,2nAPb2lkuoF8Fa99zlUsv2ESoym/p2lyonc7W4ogfkk=,1361.0
consensus_latency,3T8pZQXgkoSapSyvNslbOzWmb+n5DWhG10OrMs+q3wc=,1362.0
consensus_latency,NkIGIRMEp7ENV3WrvhoyN28ZiHDU9/aQn+xy+IIeLyg=,1108.0
consensus_latency,bCg8rSTK1pvslyETPgLP0X/vZv1yQLKYiuiayb7Jfgo=,1108.0
consensus_latency,w3QF9/HbKKBItxyRMEVwQld2MeHyg8mw1CAt3UTmFJU=,1145.0
consensus_latency,lv2P63eEIYR5PdHQHk9LYI8eZV9Kp7iJaXD/V0R1nis=,1309.0
consensus_latency,mBP2h+8qdZq3irY0Q2puTxJWUEzanGA/2l0kLUA6oCQ=,1164.0
consensus_latency,SL2adiogcMxoWE7LHBiczYkVycc5rd4+HZ2KMnBlJXk=,1163.0
consensus_latency,p6w6Y4nB6MQyFTnNnk2FVih3ft1v3v+I07q/2la/B80=,1163.0
consensus_latency,bAjmp/HH2sHGGM+VRasGnB8tpHtvsVLLt+6mvkDfVBs=,1157.0
consensus_latency,nXNi3I7aynkA3V3W0bqdXdX5uynwW/9zxRRoJgkGo/c=,1157.0
consensus_latency,iD3nyV9QmtdjPknthc6FD3qyl3OukUmPEXGJsmcpk1Q=,1162.0
consensus_latency,DGeCud3gKMLn/IN2VWEEc7zySwMqZtgibYdw8ki7/To=,1163.0
consensus_latency,gvSRSNuwryJSjuJdDYSfnmgfdyFWhZ0wClETYE9OcMg=,1163.0
consensus_latency,qNuhhiKWDItpmh29h0xKRjXqTo85nTp4/FyCOF3Qyxg=,964.0
consensus_latency,I/S/s10ZoNGEnpIqYxuHYYcx2JUGMeYM/Q8uVpkHoLc=,962.0
consensus_latency,/N1ZExNpaLLtJYfbCjOvIXzg3kk705EhD7OQ3HqxGXY=,945.0
consensus_latency,5WhW/viBJ0CWziJa/hHdhgD2xMwo/H80HenIbdC1MV4=,745.0
consensus_latency,Isv2jPgNyXYPysICkEjRsiQzvRX+oUwUILOa7C23vzE=,2681.0
consensus_latency,OUGY0fT1s6boGfMyijX1m2YtwnZeQ94n5Gj2I6XQebs=,2681.0
consensus_latency,bifkmFRFjBtd4db7qAf5ViKxGowmPtl2d+nVGnC0QUw=,2681.0
consensus_latency,RjlFruTQ9O8inK4Uvw0QFT9gniIBe/TEmb4sBTwvEOI=,2358.0
consensus_latency,uKPDOqYhJ+t2LbTh7o+PEXEQXYmcHAaPzS8+4OLnHkk=,2358.0
consensus_latency,agjnsrGWuiKhfzmsDzYvBrszthqWhxMv5ff+VCg1iUg=,2372.0
consensus_latency,zojvNtpFpztWB/0CDj+6aMTv5DFf8xX/ghgeYPbANac=,2372.0
consensus_latency,p/4J0OBQ2CIolDrhvdFXMvyb2lBwoMD+LXQS8ndJ+EU=,2207.0
consensus_latency,iJsRo+rJZ20kWdMzLcpfLiiES6DMXhPJOOq7agSUyQs=,2171.0
consensus_latency,nAgyNgk9viER10uyTj/hq8baPlTSPms+sEBts3Be/ck=,2171.0
consensus_latency,lnTboI6VSMOIhE3zfaV/niSjYTmwBZKQmDRxox9dWu0=,2213.0
consensus_latency,jgPo0NSBd4WghhHYyorYX+aFiHmiXgfp3aLxUySQT+s=,2214.0
consensus_latency,+cpwWKMF6hRwXklpcBmpwSqBjD03Lcqwr4o1zM9KRsM=,2214.0
consensus_latency,fXSz732RS94Rs4QD3A2NotXIcEDXvdNVJyL6P3vbWjM=,2158.0
consensus_latency,3RUMQYT/bn4TWqv5PlUzn6YEMP1Qjum7jt39MKg/aO8=,2212.0
consensus_latency,6uusaKDQBZBJ/TVU1uOPeild1ITxWXoj2fylywl0U+s=,2213.0
consensus_latency,JGUIg/khJm34eKV7ZrHjHMGLjSJ34uZGUsK/Q/PuKjk=,2157.0
consensus_latency,aa6vBbab8UAS/++V8DJsCLiU5vJ07hh5uvr38YDkcvM=,2157.0
consensus_latency,SNcJcCyGlbnuHDUWNkVr31sKQtQbBrTsLDbT/PXflTg=,2014.0
consensus_latency,P2Us4EzFJUmxIlQoqAqGPKrMdiR8dZmgX/6thllz5Q8=,2012.0
consensus_latency,KxxiS0cGnF2KhWU7rYyDaesjBnVypgsuL/WIZd4b2os=,1994.0
consensus_latency,MpfTc6dAdiOzDSnYOfhm9DV2vD7YsnYqk92XY/jp+Dc=,1994.0
consensus_latency,BzsR3md4ArYTFJ2PW07VincJ8ZbhHwNCcq/Y8may96o=,2013.0
consensus_latency,Q/vgCBA4XNSVhdkz1zR4EKMr0wOUkMRtnBRti72g0b0=,1958.0
consensus_latency,tq8d0Qk9CH1wKkGNhS6E4CkcahNNhSqCglm38ilSuM4=,1958.0
consensus_latency,52IsGSy2F8uS3itJQC8wkEiDKaRmRLMk0hvQfJOxAeY=,2007.0
consensus_latency,IfnE111yd/XhOPsYZ6jSnJ6ZoQe7SAUq/w7B/Q57WaU=,1957.0
consensus_latency,jOSDEWqdg+UkEuik5h6bYWzaP0GTLDYPL1R2IOZrubM=,2013.0
consensus_latency,NnzPlMCbc522iKRCmarvqLvGYFaLmUbH4e/lVWLURSI=,1957.0
consensus_latency,cU3JWMDJEgaFwgzEmMOLmUOG56wHLwEY7d5v8ZIPj9U=,1813.0
consensus_latency,91kTxVIfo+tbMepX21slS64m+YrGgqOLSzZLgCZzSy4=,1758.0
consensus_latency,o6rL2qmax3xjX9k5Dkc0vgtq+u5YuG8fF3WJ1XsKkoI=,1807.0
consensus_latency,rF3E5Kai2ONcvQMhKuvlCbNR5lPcNNQWMftsfZer+ek=,1807.0
consensus_latency,1gsmhpgNW92ufF7NvYvUmAyWib8jGhBpuZqJS81XcXs=,1757.0
consensus_latency,dv+S/qGD3t31wyGOTvQRj2ilhb9VEi7KllIwTr3+p58=,1794.0
consensus_latency,FR332Xn2K0kIt+NmRrAQzsIVtdo7glvPTXVafvz55rQ=,1813.0
consensus_latency,Di44jXOCAJeSn7lO6lPww/Mhb7QrbSibpkgDbwaBt4g=,1811.0
consensus_latency,unl43KpkAhjhiXdp6us88tT43CB5UWq4BA7a2St06Rc=,1811.0
consensus_latency,5W3Z1OPGI+pMXW3L6LSXOFSUKcSHLXd6cLN3MIkxr7E=,1814.0
consensus_latency,UxHygJPFIUnI3WGyOv/AD4S/ppYA/ThFZPQr8kkl3Ms=,1757.0
consensus_latency,RG6NDuraDUZc9sGy0IBkM0mtX29WcDdAdR2PYly/4vA=,1600.0
consensus_latency,pNAgYbTGIQz5oZ3IrYWyQwwQcHKWtsRm3tJP3KfKHtY=,1600.0
consensus_latency,QHfIaoB6aANDEO47YrCsv7EZmi6MppprwZb3EBHyOY8=,1347.0
consensus_latency,4hvnGm+qwtRGTrvsSFIxqbKUysDWOc2qJfc+CGM8jn4=,1347.0
consensus_latency,KMszAQnR1PNbgrSn3Uxu2RbCwofiJQUd4DS2YpCSIeg=,1402.0
consensus_latency,Rpi2715s5Z0Qb1JxYifNOSp6dzE+5LMTIRS/pnzgWnQ=,1402.0
consensus_latency,zFx+comJGExai1oGCWsNaRlIFBMTyVmzoS6Rn0Q5t7E=,1399.0
consensus_latency,Co00fImLdlv9PUGoJriJwx/CtrQq3ByxJH2F8bo+Wbs=,1400.0
consensus_latency,hS1d6CQGJpR0sIt5vNFdNHN0k6DE5zacd+dH8Rbg9PE=,1394.0
consensus_latency,0ZIX3zHJ0r3SipNEEt10QSLcTGp6GfAcB5HFC4rJCU8=,1401.0
consensus_latency,BoHEVTwxPOboB/tdyzas8omJLiHnJkiuVGByVmF3g1c=,1516.0
consensus_latency,7yDTmxYDp7X98dw1nVGjiJCxcUFA0yKgr5aXmIgnJUM=,1516.0
consensus_latency,Ryu8hNoNqYHVueFWoyDK+EgnjAV2ZJbRCPMuznStAe0=,1402.0
consensus_latency,NwuCvXQ85N6PtAfa2yXfe1M0N8zUFKOxedWcTmsLLyQ=,1348.0
consensus_latency,kSTztGf+el6tLaNZAsCE9vv1M0Tf6Sm3nitN7og7rWQ=,1191.0
consensus_latency,zTk4n5sudq0fwgGHXcgSJ2aHlDYckAQzQ5fLWC9+Ljg=,1191.0
consensus_latency,ZmdSuYB0AkQMZCcye8JCxf4p3GCtyBJKndJOEiM+x24=,1148.0
consensus_latency,zsDMubshO/TlyA8nT45Y6bxWaGaHBOIjR5WId6OxU4Q=,1148.0
consensus_latency,MlNf5jZS+Qtp4Z2KeDxlcTfuXsXnTKZ3fBBwziW19sw=,1201.0
consensus_latency,ybQZ8xzKN7/cRiNX7gD1y53p4J6y2wSyaWT81Ayh6TY=,1199.0
consensus_latency,KiMKidD61+0vEEWxsl4bH/qgqcnySxAhHV1ZK9EVqyQ=,1147.0
consensus_latency,uOJzFRTo9GifolXKFbTdPcf2z25mGGGaHw0woH3W7Fk=,1147.0
consensus_latency,DA3s4IXh7x9fGODf9qas7raB3tXs1fVQ+avvGEvVCMU=,1194.0
consensus_latency,5Iwmx6Dx/ZUWOJuDcNFy/eJxz0+BLgQu3yB9AobInFg=,1194.0
consensus_latency,31+3lvOJQ0haFFSfqgDkb+IXa4wCsJdLgby9V8AtQjg=,1202.0
consensus_latency,pOdgT6GPIf+xvJro6W20ogHWre+OaAzWnHRxCgO1FzY=,1200.0
consensus_latency,8fXQWWDy1aj11YRStt1RoPH3vuXXozR6I0VJR5rJQa8=,1202.0
consensus_latency,gPeFl3xPSrqHAJ2nIb0FjFYBed3hKLNcK5S5dXrfzXQ=,1000.0
consensus_latency,Q1gp80ib5YPxHCakrEG8VVxJ84RE/R1EXVzoo/pLIZE=,1002.0
consensus_latency,ziFpuTsXj3WU0triIDJbI9dvvt/1/sR42PXkqLXhHZ0=,1003.0
consensus_latency,uN0gg1qxcLg+x4Kgy92PylRaU4+CnAsNOqpuMcBT8u0=,995.0
consensus_latency,8b7gDEQ2HSxNexW6NhcPPztx5b316O8nJ95Nghbt4rw=,998.0
consensus_latency,CAMeHgJVLIpZMAC9f9QtTbtxWPWwBrocoApdlg/ckOU=,1002.0
consensus_latency,rE6vack115X/xhJ8QpJJkU/gB9eo4iCKTVFyFssnQVo=,1002.0
consensus_latency,HcZyATPp/4y1wKxgek9NpFTXSMcbUQ9/iKdGtdLHfkc=,797.0
consensus_latency,nKnNtFptgqniwm2Hr2+AD18pYp7Y/L8cNDp3Uhw2uZk=,797.0
consensus_latency,hXfLlE4vWmUbu4Ku+yC00JYWB6YMav/jsYfWZVH4908=,1738.0
consensus_latency,EIm3CF2hmN2JuvuYRbCHPpGDNhphZhvV49JTOs5T4TI=,1781.0
consensus_latency,bVtc/3nLPvWPNqrJWt+vLYLKlIECKrJLGk0VtFQDxD8=,1865.0
consensus_latency,PLbPKIHapA1ZCzOMzrNHxpOO/UpCfuIB+TJpj2dkRWs=,1736.0
consensus_latency,K/yi4K8fomWm0LWn1lXQo0BGJX69J1Wt1OtHNw4PgIU=,1535.0
consensus_latency,AT+Ucc42fBBJLAcTYU9mL6fK4fBVKkSIMOydB9pOJYs=,1589.0
consensus_latency,UZ8R1PJa/ldtCQ7xvQWT9nutw8N5NKYOGrfs5Wqu2yc=,1589.0
consensus_latency,Il8zZY3b8cZXgVGgim8DxNmh6M/WFuz4hHNBuaY9onI=,1583.0
consensus_latency,PvxFH2COC/xwCMKUeUSFnOkryKik29swZx+PWiJdqyQ=,1591.0
consensus_latency,/6z1wHvOP7+NpHL7+Fc4RvKRE1cpGWryzRY3rxAcd3c=,1591.0
consensus_latency,IjpalARYYLwMi5hy5qnLfEQWz4Cmgljcm3MMeIP0xtc=,1591.0
consensus_latency,1zSxJkktxEQXTMzsUjCQ9bWW2S3pyvpewHL2rfXTmcc=,1581.0
consensus_latency,PdXHn6ffAEbpJFPuc9D1Gf4c/fJAdyCqyhPEzPCdOrw=,1591.0
consensus_latency,RfmHnqY8xZyuABRUj9wrNcX/r41ENLHZE2i6bgFbttY=,1465.0
consensus_latency,fJr8uTD3jvGYD402gfKoOETOVuStqbrdKrwnBxKs0Kc=,1465.0
consensus_latency,kA1PMQjhkQQaDMrE6qWYL4aL/zPkcTICr+G1zgfzPRE=,1465.0
consensus_latency,x3CIh2yb11ntxf1X7C90W51EsZKKCWvHrcdmnb73N5c=,1537.0
consensus_latency,GHEvwVOh+RjLUsjFgx2KbRTM+ycNK8TJ6rQ+d+1WMpI=,1386.0
consensus_latency,6jbpCWUysofAMFNbKsK28APahzxZQhRUIh1Gq1WpDyo=,1336.0
consensus_latency,F1Q8bz3rT0f3E5sEZHmcNbr18Rc51xoY++qHjbnCF4A=,1391.0
consensus_latency,T93mNzqnnm0ZMRzW1ixBqX3pgbQu3eUpkHgrdrhK8Jk=,1391.0
consensus_latency,VGEO+WPWN3ubQZN8ByaBmehPHAvpkARRucNDOqBgjUI=,1335.0
consensus_latency,BRNdGa0gd8z2QyYGNlR097UNqnFBYmTbhbROpvGffK0=,1391.0
consensus_latency,m9weuWv0pSxz3zw9KDRMvQZ2HmGDvTzTAhxMmcZCTRc=,1389.0
consensus_latency,dSXJLByjMZRP8teWdN26jlnMf6nR3N/2DJ8yszswDFQ=,1383.0
consensus_latency,Xm1yGzWf+H1w7dqLxQady2gATTd0cfaf2XZDD+WPckk=,1336.0
consensus_latency,pPAW/4L5CYvSXLeHxJ4CJVvy34lEbwixIxp0q8tU8aA=,1336.0
consensus_latency,BVZtWgsSeWTewbmrGH9d8nC86QhLZWel7xUtroXGlNI=,1391.0
consensus_latency,rjM4tPbLnybjeQdcQk+C4F4qMuwvi62K2ZBuUoAaWBo=,1190.0
consensus_latency,J/IdnCoYu3n2w0COlBAPIjg1enmYTbrkksmiSwEoSWc=,1136.0
consensus_latency,u5T8ggqsuzwZp7ecObEnwUmB3Hyst2CxD8V7qK5MJ4k=,1136.0
consensus_latency,x6hwFfjU3gxPmAqVvQTU5rV56zKQEOgOotQ/5Kq+gA8=,1191.0
consensus_latency,ZAXYBrpIVGcuDIkoKKhJjrxX2cwesN3FHXkntvHapdE=,1135.0
consensus_latency,fIC7hfWCLLDmThcdXxznHJBaDtOg3HJJXuNMtRzIQiI=,1135.0
consensus_latency,epX9B0sfdBvIIrc/d+0psqazntJnJcDUG6fzEhCSrn8=,1190.0
consensus_latency,MYMXh3Mzq1EH9bI5E0dj3rjUvplJdjiCi8Sgzh3sVA8=,1192.0
consensus_latency,q88Sw+agos1iu19ZCuMIlC/uKjDOnh1b8OBUggA53Go=,1137.0
consensus_latency,m5cCedrYYJl7+MI4zgHalotN6P9JK7HefgI4TXKrMlw=,1184.0
consensus_latency,iu/HhsFisGi1NmmGzWl+slGhQXEBukOlDFFOmICVDeE=,1187.0
consensus_latency,XW2n1GmLky8SCXa+v5eCWWETlzv4DbGQzzXFvxocrsY=,981.0
consensus_latency,mew00MI5dZDowXf/tYMNTUbtDRrIMAvlSX5V0kk8aSk=,781.0
consensus_latency,3JptczRtMNqGiUUZTdV+XD9CPAIB4TQnjFFR99+x0wk=,781.0
consensus_latency,yfqUzXA9qpkekw0d5HtLTzHbqv3uH+oZ2PQJXROWbxQ=,1877.0
consensus_latency,O4cnbprXovqsT7vlhXqHoS81HC0wbwEwLy6bvglHksU=,1542.0
consensus_latency,dqdlNFgzIJXIZ3gLPdt+2ATyU4WtdM7Yk/GauY81Qrw=,1542.0
consensus_latency,pDDhBg8jkA4QV0qfla2uTrzI+Hq2UewkgANbNhq01es=,1392.0
consensus_latency,vfGA6QO5rVkhdPL9FEe86fxZDG9O9xUwNibaMxIDV6c=,1392.0
consensus_latency,UgMYLW5EdYIcWL9m+g1pmC5WnjccrN4qZ4n3zCdrMO4=,1342.0
consensus_latency,DT4muvrGG11IwSU/bASrN0XcW+hGvHr9TG8Ygeie3jo=,1392.0
consensus_latency,4Tk8ClXg7CIFAIBU4VWtRVhFrk1QBFIX0aAZbwUc064=,1392.0
consensus_latency,/Q3aXg+BFnEgd+IUutyywnj/PbWRi5PNo66WbcEIGLw=,1393.0
consensus_latency,csVoUqqc5bfvJg75xI66uxWLg+0lFPg1xGhBVwq5XAo=,1393.0
consensus_latency,HxEHCA5tB/Udd3ksvMJFH3cuV0AWR/gCjDfRetmrNM0=,1342.0
consensus_latency,mUCFnonaTlSKPD2ta6HfbINsmpxzTpAAV3HqeE73bDg=,1342.0
consensus_latency,hH8V7yud95Hhp/xjjSCYApwXK1fENP1NPUnWVLF9Z9Q=,1394.0
consensus_latency,OPnQWscP9Mls3NSy2bDmYQc01AwINbCKR9Bavi+qd7c=,1193.0
consensus_latency,QUNkgvdl0+Ny27ONp5um+446+SwkCFiWF3CJfhEMdtA=,1139.0
consensus_latency,lEVEh+3dNOghtJXA8A9naCK8vBEy2esynKPEQK4yhE0=,1139.0
consensus_latency,sDepPRPG4ex5Ce6aOC/L36ntPZdoKOtVG/FOD8aiaxU=,1193.0
consensus_latency,kUSm4YAIn0gW5TrJUdeXW+dhqvybkWp1ENLgWo4pgGw=,1194.0
consensus_latency,wl5YYbTzyEcLMjdV1nkzFgfHa4/iLGLtW8mr3vHYbbM=,1192.0
consensus_latency,n6/D8yKtun/IV2NhsN9XYLJHL4z21aTil/OJ+21wIes=,1192.0
consensus_latency,80uWJgqvcF4U4IHqPmywBhn6f10I6Hs7NO8iMRrhY0E=,1191.0
consensus_latency,DM+MkkCFRvR4JFKAkmrTKZy2oCoprcffacFTFuFWr9E=,992.0
consensus_latency,7YRzANlkS+1Ymqq40W8UIknvb2qDLtmR7mVPHAPrESM=,993.0
consensus_latency,1MwnnHy7bJ59/ydWOMmSmHP44N4DpNUfSLYCJwgF8Wo=,991.0
consensus_latency,VbtHc7DAwhmHJCR/gtB2s5lRex1lzuKkH+iAawCcMAQ=,992.0
consensus_latency,GZG0TRuXP+pp6NwG7cpW0uh3Bm1FcRnKXXFkEJjk4F4=,993.0
consensus_latency,3pMA3HQFS+Ms+Ax8b4vkkxpgkKoYg+WzH6onbLq4kTE=,1141.0
consensus_latency,cvYkt1mx3PqGryhz67w5Ih918hY7NCmGcGLHapDfiNM=,995.0
consensus_latency,u9x2JJaWoWpecB2CiYRZ8ubHTpH60fHdLPU45h4A6Ng=,995.0
consensus_latency,cKhAKAghcs4Hy7fIwXyhNneJYD1tdsra2uPESBKBj0c=,1143.0
consensus_latency,sRaLZ0vKaW+jaOEOf4j7JiBgUxUepLxrpT8dr/rX6Eo=,794.0
consensus_latency,KWXOBpCYBvyTYCFqG66T38A5vbyQtcuy5DoirBpOs4o=,1754.0
consensus_latency,nyA0GPvfBUCQb0U2gIZ98JFym7R5HESRjuEbaBZDoCo=,1554.0
consensus_latency,RQVN20UPGocUG5gpaG3U0XpSb10tiRFKKrK5RrsFiq4=,1599.0
consensus_latency,SxcB8aTurkI/eMD4El9U8OBLXaB6XSjnXeAobRZIdS8=,1599.0
consensus_latency,WRGCmddfqe9atrfpIWRJuJBiRNRlqiMs6qvxWWuwPdU=,1599.0
consensus_latency,J1XAfUVZX9Wjgvt2jbwHVvsKEtXl1AwU6NG+rCrcWv4=,1603.0
consensus_latency,awk1f61xM7RMCh55bpzinCTg35tQV5FVTh91Qkulmjs=,1603.0
consensus_latency,bxTYH3iMLtX5DhmXYkHYJV+LZwUDfvalbkuuYL2C2Io=,1606.0
consensus_latency,lQ8W9rAo+QzxV0ZQQ/025nOXvYjoF4wFxHOmhyp0z+E=,1607.0
consensus_latency,ZJYkEDwDw7s9anKB4bvFv5Ko1FjioawVGFcWtVriYV0=,1608.0
consensus_latency,+8Xx9EnnVZUW5um+BINhnMuyOzRAECm1dUKJYOw72Xg=,1608.0
consensus_latency,aW6nwphwgpqrfvX5ZmUqMWJ3UuAO40qrgqTjeRmHcfQ=,1403.0
consensus_latency,1Lp7NNWJ1W4plp+w6et84BEAKza0rdoOG1eZ71+5Nqg=,1403.0
consensus_latency,aJur4cNsEflvlqUQII4JH00peuKIVv9yemGByyIbrdM=,1354.0
consensus_latency,05zgc6CUx0m7LcdwciqFfgmStFlAJXuzjtzy7MFROro=,1607.0
consensus_latency,FBgnhImp+cQ3LBVrv+s0SHbQGzOJH9S27WtsxbxZ/0U=,1608.0
consensus_latency,FEDiAUY73txL6WNhpkmFW/g2EjaZdqYEg6U+/bAYpoA=,1608.0
consensus_latency,lrEM4JHSluMwcHZDD4wxHAP17O8nG84AJSOJlaAriGs=,1399.0
consensus_latency,UO1ecAeRb6VU8wMfOrBLv6sg+34udIkUz1VkJ+rNDLI=,1407.0
consensus_latency,hnosBaW1aCstPWjfxAigIXbKQyITUeGoKNPD+mzi/YI=,1408.0
consensus_latency,nGlMPEZkndT4hmzg+ZawnrlNg/MeUASkzsR8HpvqO74=,1406.0
consensus_latency,H7Lc59IChMGl80vmD5gwCxwQL4ohsR5zTpwKIDri4+o=,1408.0
consensus_latency,fc1KMAlogchv3RYxz2Vcwvj3O/Jtry7TKV3SdmcrV7Q=,1407.0
consensus_latency,wGZ3QWpWvWGMVEQ4xbUOggoBQAnHNv9AsWjbMEwVqLI=,1407.0
consensus_latency,KQEJFfTsPcdI4jQAKJa7EYSPUkuMm7m+JXYJ2plEAo8=,1409.0
consensus_latency,FR9Uzu7DxoGtCZqgwURoKdKnDJM4fkhOzLVOKpmF/Lc=,1168.0
consensus_latency,dfRTaRdrj6bEoDdOjVT8l8pEqs2cD35uTsB/MV8WrV4=,1170.0
consensus_latency,Dw5lIBxG2gOx0zwegsjitGpQ49g9KOTqYHDdezhdHoY=,1169.0
consensus_latency,vmpbRMN5WAiEENhrDyEDYT5fKL6a1sMriFNHL94Lnkk=,1169.0
consensus_latency,C+0V1n9YKIjthUy34l7WEnYkzpIWW9xVTA8QDljr4pI=,1154.0
consensus_latency,+dERnkN9evfe1CehBAgXC0oKo0UI0bZ04Dq/I4jckZs=,1154.0
consensus_latency,SKpGYZP4rNtNoGRIJlg9pe4AhotkSRgfBH3P9J3E3MI=,1174.0
consensus_latency,XozQs5BLGo5NiItENkGB2IZBX6891PiyI17kLcEAmAU=,1174.0
consensus_latency,xhLlxLj4gmhIF5StRvp8r0KbY1ScBGuYcUvG+6cYQhw=,1204.0
consensus_latency,tqazsNbv8KZ0RlDd85XSNCjUmiKYb2F+EGsB5rAaPhU=,1170.0
consensus_latency,/xyf35phFFV7KPAe/yRPaxXxvxepGv7ELDRhz+e2foQ=,1170.0
consensus_latency,IfQzNVIjrD8SGQbJGkAraTCXg9EKxelAPQgsrpGvY38=,1200.0
consensus_latency,jHTHgs4D9Dovu0YiOmyW+SgonuE5qFFRy+yRlRcqvSE=,1169.0
consensus_latency,AedOGkaJICjVoRLPJCvEejulF0CJO1/dZZ5IWWHuCH0=,968.0
consensus_latency,oTBQEM6GXmdSSYAKVPKGIUW/I24rk4UrwUe4uLJMh84=,969.0
consensus_latency,yL2pu1wijJ23XMJHaa+owhqL0xJqzlxGKUWHWko7beM=,969.0
consensus_latency,MJWshH1ikD4PkqrBh67J9TrBH0Um6EZ8iJ07nTAqGmQ=,970.0
consensus_latency,fo9pKxlgS20z9w2jm+/IIUrqimkcXZ9I/qnHI9wHBeg=,969.0
consensus_latency,PQGwfe6xplYVDEfmMH/ogne7hax0BsTcNKpX+vdP+h8=,970.0
consensus_latency,n4UA4u1nU1e/iPzSGkPdlwkAfYlSRshwYFnqEk3Chu0=,970.0
consensus_latency,MES96H/F8VH9M+W0zyLKNW1BL8UBNBNI/QhMTIoda3U=,770.0
consensus_latency,JK6lDxFctAzOABFH9kdLAL9Typv+dOZzjx6+MjZUcOI=,1689.0
consensus_latency,36MZYkMfgSysYII7WGENt6LujeKUSa3a9kr+yggwkN4=,1689.0
consensus_latency,1Ny6QSu/bP8C1bzP5SwhY3+vhbhdQHIQhyctKS5xGx4=,1685.0
consensus_latency,gqv9ewzI7dIsXN9NCGXZ6t/Z1vn/CZTcgTy5IPd+Ds8=,1686.0
consensus_latency,pNQqewiGzq/hld+6oL/RaZyBnoZvAJQjfU4CVJAez5c=,1686.0
consensus_latency,a5wDAzB8rA9NESjQSsKxNMKjbM9VZ7ydByC4J11hdeU=,1511.0
consensus_latency,sNvhUBd3Rge8vQkTWv+70K+UsihKbZ0jeSkUIRd9VCA=,1511.0
consensus_latency,U9/uw6WCvNqvxW7lfgsXfbILxDQkMioqOebCjwzU8/g=,1489.0
consensus_latency,ueL7cu8ZcRa/piB6YZwE6Awbrui09V3WArqP6+jgXFg=,1512.0
consensus_latency,NVEq/vZ/qjteJyHHFZf1TGE/i2M02zCGEbgyMJyK5tc=,1512.0
consensus_latency,CYOjk/H1/Fy44L+kIZjHFr0kMckHa+7x5xQDbPJJoms=,1486.0
consensus_latency,grZ4maztuUQ9LTvzI59Z5ZJlM8izWTbHhk+IIExN3Pg=,1517.0
consensus_latency,RH0hkrf+bkAo4wiAd6xcKPSx2grU9KC7xwtqXHFQfMs=,1513.0
consensus_latency,fyPj70I9xFHHeceuTXbsEPzPsINaQWkUVjh7Oo0z+ko=,1485.0
consensus_latency,8gg2mXeqrf7fTxMo50U+FxvuxCCvnCkzEe79E4WlrIc=,1313.0
consensus_latency,lWwJxkTl92DJSNVLUl+P+5HqCO5AN3ZiPGXDxG0jgEg=,1273.0
consensus_latency,MfDKw213ZHg8oG5+5OU5rRStoIIz8fjszdI8v2nZsv4=,1274.0
consensus_latency,aoLSUovcO0z4VRC2yNkS9BMh3BjULdqYsXY/hHaxmag=,1279.0
consensus_latency,ikaS4cLog9ZF0Lj47psU9uaiGQlPn5b6DNsHZ9chzhg=,1313.0
consensus_latency,p81MHNVW9r6pk66LL/NopJvjtvfBEgIFrb/LvfvZh5E=,1313.0
consensus_latency,dSkMHgWtvMoo2ePOdm27oqotr01fzxsMRxc0DL92f3g=,1313.0
consensus_latency,84AS9oZq3OQjvanFJZhqQmTDcAK3WPPYtiZfYzPWqFo=,1312.0
consensus_latency,u76QszOdoLRbZTSNO8V6n0W9lSy2mBLNdG88OEVK4Rs=,1313.0
consensus_latency,P8vRmpkctnajg4NL/TiFzFjUWUEalwNo9rXXQEkczQc=,1318.0
consensus_latency,eS0jy4NluJCqGM61DRnct9B6w4NeLbydatPV/5qAN4E=,1318.0
consensus_latency,TgoxYf5o86NjRyAzWlCin8+B4qAwbXZpS+UPVWqDBZ0=,1113.0
consensus_latency,YZT5zTSWchhTCPxtwxrWzbVPkW0aBT9pt/2klmIZ0Hk=,1113.0
consensus_latency,vHx3IbpT1kbeQmTVHMPCBZceE1bfNRB3xxgqXyw0Ik0=,1079.0
consensus_latency,P6GyAcvh0KIyqNAMYCcI2loY6hxb30pDeL8oYPX9m/Y=,1113.0
consensus_latency,iP+XkcfzvDyR094mGBF/DiehQUAit58q7YHhnJd9fr8=,1073.0
consensus_latency,0pzK7HylqNNPM8gGC1+2ezWE6FszkurD9c1l+GFuq4Y=,1112.0
consensus_latency,djJAlF7HUMmPblkwMcHg+7sgm7cR42BzTfV4Yv+VhkU=,1118.0
consensus_latency,ECBbUkCfFb9BYwajxm249ZoYcf2Z2KDKwWg3JQMGt+Y=,1074.0
consensus_latency,4ZvTvvmgiD6nrAV6E93U2UnrCvMTuQNRg+rOYMnLF7k=,1074.0
consensus_latency,SUtg2YTmLPgsZVXde4zBByJi0VwD9s+J7Ivo9MAgwQU=,1113.0
consensus_latency,jLD1uxkjPDCreUUOTpovS6G5aIl1jQYi8uPrlB+a+/s=,1113.0
consensus_latency,+oAeC1VYB5Eont3dJXpWJT32J3nlgywGWOZbUxdkiOo=,872.0
consensus_latency,KzyIq/C0SwIMH3cB88FrJ36v8AI/xnE+AJvqBFz7eyw=,913.0
consensus_latency,CVJKEOvE6nDUtTV1pkAvlgWlCdxeJja/jxnw1QAWEW8=,873.0
consensus_latency,m4eiKNin2q9jwmGA1JnYUFzJZTeZUtXVBHZk7jXTK+c=,672.0
consensus_latency,tDD5AKm+wZE+mQakn6RhZVIfqkdRykHt6JHl5BoHI0E=,672.0
consensus_latency,bxTCZ8DsTKBIbqFez0x12NRf/8PpKjyiBUuXjWRw2/g=,1738.0
consensus_latency,/xZwYjxQaUuqn62TtMrjQQR+DOqg9Rsm/jFmxSg8fqI=,1735.0
consensus_latency,6RQaG9zZUSOcKeKxYNYA99BuZ1Rlr5qorqH695X/n5M=,1537.0
consensus_latency,O/7y5fxSmFNb8PmAtR/OYya8zv17J/7rSLpUWf7RWDk=,1537.0
consensus_latency,sjgVjilqRgZxGO97rwnxfbuSViDsKBw84QFG8jzTxgw=,1536.0
consensus_latency,/Y9XDWRVAZzVoEQuQmfc/i+GC6o/VrfEJYFE2Gveobg=,1536.0
consensus_latency,ZIDJiuOM3N1E0I1l79+2bmnOun0aFZ52PaOj7WnbFO0=,1538.0
consensus_latency,wsh4hIVwpMdvGS2c47oKSuD/XV33IOV633Qmd8b3u4Q=,1536.0
consensus_latency,wDnhmgJuNefAtTx1d3IkyLqamh6NgHXjjESFEkwgWPs=,1497.0
consensus_latency,1riDZ7bc79Ti8NudUpGp1UtMegzgEbeZ3JqUoPdvrZg=,1535.0
consensus_latency,0R++3N2E02opl341Qzb/gFJHpQcXKwevdpxeySzNJQ8=,1503.0
consensus_latency,O8Dm4wmxcEbPOCHy9YLWqqSChpEw2rJ6W+b85fI5e0Y=,1336.0
consensus_latency,cmaE863taxDyVDBsWQWrdT+bCOzkXJWUut50wVX72kA=,1336.0
consensus_latency,8CLMl84f1HTkwSvTyQ0AgCRlyxCHu8Whsfyv/Kl/kWw=,1336.0
consensus_latency,gGGcfo1pH2uOgRr7X7RsGEw3HeEdnOft21piFRYIbcA=,1294.0
consensus_latency,Np8JFXNLe2zprwsAfFUSLhSCVtN9cvuUzqqj0Dybxvs=,1337.0
consensus_latency,pj50IdyCs9ME/Hl0hywUVJJtq0UXIq3WiMohp9xOBd4=,1337.0
consensus_latency,BfQ6IDfiQpQk1ASkG81uewkI+lBVm08NNH8RDK9TfZ8=,1335.0
consensus_latency,7DDQ6xhVG6FdvXXonnHT7OayBM6vFwfU+TE3KHe7asc=,1335.0
consensus_latency,1zliwanrn9KxD6i3DlNXMuy3LQsb2SEIaxvT83l3rak=,1296.0
consensus_latency,N1MSks0C+pVTaSBr2N7oaOdvGQgiX8zkxYTrb8B1EnA=,1338.0
consensus_latency,LDbKuMpI5AI2/BOtEtrHadmga2zaqRLQicFjjDzZgLQ=,1137.0
consensus_latency,g53GpwiJ3h3n8/UUfcXy7vAZgu0yBIYkFIaAogzGhAI=,1136.0
consensus_latency,Ws6pExInOmWCD0L7FBEGBfMWkyWCoVMUkJo/XqkG/1M=,1137.0
consensus_latency,2SU3ejtMkeJVs7OcgNM5zytdXiUTHPN6x+OZUfsUEOM=,1136.0
consensus_latency,Y8clHV/cZWQh5mnA1/T78WgV2jJSu0oeV3yFfqyiiQM=,1136.0
consensus_latency,/cyJ8j3uXelWtOz1BF2CKpOrd1hhmK0Hl2KbCgOTEbE=,1135.0
consensus_latency,pgvrspQ67V0e74wcypsQmacMe+DP/NbNOemzxMbt7yE=,1094.0
consensus_latency,l+Qf7Sdo8Q/N4gxpOnkIMn56+XmukMBMAJEM8+xbuqk=,1297.0
consensus_latency,K56Y0RHG59gCXIk5ZpQ6OoR9JjMykQNCWJlNZ7594zU=,1138.0
consensus_latency,dcPkoOuX7ofEqt1UG4nYK9T3zwLqzkqUILa+plREfpc=,1138.0
consensus_latency,G4uKkq/wGZimlwbXnycMytkqvIb9KAjxrrTvkCvap5Y=,1096.0
consensus_latency,eL+wukzDBApW+cbKKuTfbkWoLguf89LVLfNnVETohUs=,936.0
consensus_latency,MEhPQGnxNCPVUxW2ZakkaSZ2OZuENvTauKMqSM8vGdw=,938.0
consensus_latency,p/NJaCaREJHeg80IgmwrncBgoacQyriEu17XJzV8JBc=,935.0
consensus_latency,NLFva7JFeMRMnISUlf/li5z+Pwqb0c8GwEkfcCeA1vY=,936.0
consensus_latency,RVbg65ss/SW5tLeH7dpVCiPjUj4auF+U9y+q5ZEBd2k=,736.0
consensus_latency,60GxrSlbIWS5d9vxPhMtEkxrfT57FrmJV+kr56W2wvc=,1702.0
consensus_latency,Kf9nQZ2wiC5kUe5nSjDZhSXUFINWtlz6/HTSrG21vX4=,1711.0
consensus_latency,OFXeZMXos8eeCuihnMnELjIVU8Rjnit+k27Nai56LHA=,1711.0
consensus_latency,cLnt4ffg+iMXB9jUchrLR5XhTH/6KeN9CFHinmRJmpI=,1711.0
consensus_latency,MEYe3drgjnEK5GLUD9E+y3RAxHp+txzWnHJoUbZZTgQ=,1700.0
consensus_latency,oOzFAw07cgSIyWIYtWVG78jhpDM7qR6rU5TbXNePRrU=,1700.0
consensus_latency,cUNZaABSd8RskyNkH8iKlXF9+lCGpyZQqJYGv9JsKmk=,1542.0
consensus_latency,9wCzpiGu8zvWbdUsl04kLKZeiVJKMCnF0m4csFWqjYI=,1542.0
consensus_latency,I4R5Ynny0XMunmTuZmFMHEXpYWAHugcIxCzGk99fd6U=,1542.0
consensus_latency,JgYQhSdFcsVNDxVPN3XH0EKXnZ/HDTyuO6dwckr/kj4=,1542.0
consensus_latency,fbSll5092cWNmIUy+nipJRJLxtNFqjYW56asO5CVlV4=,1541.0
consensus_latency,VvoavBP+4XI5Tv8KfE93PySSLX6eM6+RsmbExigylbI=,1544.0
consensus_latency,cmDEnNJND3sG+xHSRoZSfbkHppYtuEZH4QdnDMd2krk=,1501.0
consensus_latency,9bmlxXPcdYoqrpKp04O+3pO+YeL85P9GIBUZvMHRCWo=,1501.0
consensus_latency,v+WDKiizVMh17uC78abMHc4ZtdOLG1NyKLc4OQk8iJw=,1511.0
consensus_latency,Q2Zw2GZv/HPpJIMl0dDe6lzJcVd+be5kUFPdCVe+LcI=,1499.0
consensus_latency,N0Smp8g0TFhyt0nz336+mFNDaMVTVEFduJId9rXw7VY=,1541.0
consensus_latency,clTIA8Om5ir27nvbeCb5ggL7xfvfcm4wbcbrlG3s4XA=,1342.0
consensus_latency,NcRw3zNI2pGHCGo69+GtaVkSX6HlNimkdaR9ur3hVCE=,1302.0
consensus_latency,+5CdODgU6FWJj2ySdg8H80DSXoG3sUMA9T1hPPhbbd8=,1299.0
consensus_latency,Z16hH72zwue7eK/conS4q6ooq8dnz7bQheDAmhDjyJs=,1342.0
consensus_latency,qdM//xDMEMl3cFrAGOS9oB/EisfAc2veQ3Ln7f/LZuU=,1342.0
consensus_latency,esAun8/wp2EsiqaNxpJ9wLMx8S/4ZcI62YK7Apk4iak=,1300.0
consensus_latency,Efq6jqva/Cs1ggjolmK+DnHLedMRHXh4hQWq8m9NU6c=,1345.0
consensus_latency,vntJocIwmk7FnTh7pgxU2V4S7Wug/2kmtWEteLpPRD4=,1342.0
consensus_latency,QVuP/pyjJfqz5yhkcb6Z/uDlKGOdu8teeMUtZbubwIQ=,1343.0
consensus_latency,pkUOcPXUwDZN5K+TtrGl6kYMAnh9AMANVAWIMe+kfKo=,1342.0
consensus_latency,PIxeFicLgq8DUWINijrY71lw5XdbmiTX+Mz/BzZNJZE=,1144.0
consensus_latency,4NGPFSmmNf/3zKwFSTN7aURsKCQkKOKLB6djEOyzU6Q=,1144.0
consensus_latency,jsZ3U+K0SkO2k8eaLenYoegMYcN1N9+5lQS23SGfoHs=,1142.0
consensus_latency,q02O15EQmRkKwC3/OpSwQv64W4gYpH1e7o4DC+K3+sQ=,1102.0
consensus_latency,jN/GyHjKuBTuE5sfFC1J22Tn4hcRMFmYBS8Ya82ukzk=,1100.0
consensus_latency,9GGBzbq+MIGEuOliyqgnGgfF+r9SAFEBUZFqHf9fOf0=,1143.0
consensus_latency,brhqA+veL2cpbyWl39knAp7cadAgvsWbvqsYw+cM9VM=,1099.0
consensus_latency,f81t/JJATk3GbL0IPtqTmF8WJANIHTB7E+4HmcObRDc=,1143.0
consensus_latency,gfRSV77+KgavW1uW2o4nHywKr71kNFPXeS0Qts1gdyU=,1142.0
consensus_latency,2L9vSv/SvCtxTI+c+KM+nIHMfocghcIJMg7TkOxZELE=,1142.0
consensus_latency,YrH1cppF7IAyMXzvh8FHpKNtn/vM6/Ddv2s0/3Qtlmw=,926.0
consensus_latency,loHBswaqlQ4TgrjBYfkcBLOYGJxeE2dm+fgDZcPkoyg=,926.0
consensus_latency,2Wa9LVgTBDtXsijtifjsxdHXsjLwTfIRcBs2ZsitzDA=,927.0
consensus_latency,GACm9K5zVLnotCXePQKieLgJbh34pQmVg5vSeFyR2uw=,926.0
consensus_latency,nd/6NayMXyEGX9RkvJOCrtwr3o1XH7WFzOgvhClhtMU=,926.0
consensus_latency,1Y74leD3A8nVa+m46GWjQEVwETngLKdNbi/cGl+aJGU=,726.0
end_to_end_latency,0,1859.0
end_to_end_latency,1,1809.0
end_to_end_latency,2,1758.0
end_to_end_latency,3,2516.0
end_to_end_latency,4,2465.0
end_to_end_latency,5,2416.0
end_to_end_latency,6,2365.0
end_to_end_latency,7,2316.0
end_to_end_latency,8,2265.0
end_to_end_latency,9,2216.0
end_to_end_latency,10,2165.0
end_to_end_latency,11,2115.0
end_to_end_latency,12,2066.0
end_to_end_latency,13,2015.0
end_to_end_latency,14,1966.0
end_to_end_latency,15,1915.0
end_to_end_latency,16,1865.0
end_to_end_latency,17,1815.0
end_to_end_latency,18,1765.0
end_to_end_latency,19,1715.0
end_to_end_latency,20,1666.0
end_to_end_latency,21,1616.0
end_to_end_latency,22,1567.0
end_to_end_latency,23,1516.0
end_to_end_latency,24,1467.0
end_to_end_latency,25,1417.0
end_to_end_latency,26,2174.0
end_to_end_latency,27,2125.0
end_to_end_latency,28,2074.0
end_to_end_latency,29,2024.0
end_to_end_latency,30,1975.0
end_to_end_latency,31,1924.0
end_to_end_latency,32,1874.0
end_to_end_latency,33,1826.0
end_to_end_latency,34,1775.0
end_to_end_latency,35,1726.0
end_to_end_latency,36,1676.0
end_to_end_latency,37,1625.0
end_to_end_latency,38,1576.0
end_to_end_latency,39,1526.0
end_to_end_latency,40,1476.0
end_to_end_latency,41,1427.0
end_to_end_latency,42,1376.0
end_to_end_latency,43,1326.0
end_to_end_latency,44,1277.0
end_to_end_latency,45,1227.0
end_to_end_latency,46,1177.0
end_to_end_latency,47,1126.0
end_to_end_latency,48,1076.0
end_to_end_latency,49,1858.0
end_to_end_latency,50,1808.0
end_to_end_latency,51,1758.0
end_to_end_latency,52,1709.0
end_to_end_latency,53,1658.0
end_to_end_latency,54,1608.0
end_to_end_latency,55,1558.0
end_to_end_latency,56,1509.0
end_to_end_latency,57,1458.0
end_to_end_latency,58,1408.0
end_to_end_latency,59,1359.0
end_to_end_latency,60,1309.0
end_to_end_latency,61,1260.0
end_to_end_latency,62,1209.0
end_to_end_latency,63,1159.0
end_to_end_latency,64,1110.0
end_to_end_latency,65,1868.0
end_to_end_latency,66,1818.0
end_to_end_latency,67,1768.0
end_to_end_latency,68,1720.0
end_to_end_latency,69,1669.0
end_to_end_latency,70,1619.0
end_to_end_latency,71,1569.0
end_to_end_latency,72,1519.0
end_to_end_latency,73,1469.0
end_to_end_latency,74,1419.0
end_to_end_latency,75,1370.0
end_to_end_latency,76,1319.0
end_to_end_latency,77,1269.0
end_to_end_latency,78,2045.0
end_to_end_latency,79,1995.0
end_to_end_latency,80,1945.0
end_to_end_latency,81,1895.0
end_to_end_latency,82,1845.0
end_to_end_latency,83,1795.0
end_to_end_latency,84,1745.0
end_to_end_latency,85,1696.0
end_to_end_latency,86,1646.0
end_to_end_latency,87,1596.0
end_to_end_latency,88,1546.0
end_to_end_latency,89,1496.0
end_to_end_latency,90,1446.0
end_to_end_latency,91,1396.0
end_to_end_latency,92,1347.0
end_to_end_latency,93,1296.0
end_to_end_latency,94,2001.0
end_to_end_latency,95,1952.0
end_to_end_latency,96,1902.0
end_to_end_latency,97,1851.0
end_to_end_latency,98,1801.0
end_to_end_latency,99,1751.0
end_to_end_latency,100,1700.0
end_to_end_latency,101,1652.0
end_to_end_latency,102,1602.0
end_to_end_latency,103,1552.0
end_to_end_latency,104,1502.0
end_to_end_latency,105,1452.0
end_to_end_latency,106,1402.0
end_to_end_latency,107,2152.0
end_to_end_latency,108,2102.0
end_to_end_latency,109,2052.0
end_to_end_latency,110,2002.0
end_to_end_latency,111,1953.0
end_to_end_latency,112,1902.0
end_to_end_latency,113,1852.0
end_to_end_latency,114,1802.0
end_to_end_latency,115,1753.0
end_to_end_latency,116,1702.0
end_to_end_latency,117,1653.0
end_to_end_latency,118,1603.0
end_to_end_latency,119,1553.0
end_to_end_latency,120,1503.0
end_to_end_latency,121,1453.0
end_to_end_latency,122,1403.0
end_to_end_latency,123,1353.0
end_to_end_latency,124,1303.0
end_to_end_latency,125,1253.0
end_to_end_latency,126,1203.0
end_to_end_latency,127,1960.0
end_to_end_latency,128,1910.0
end_to_end_latency,129,1859.0
end_to_end_latency,130,1810.0
end_to_end_latency,131,1760.0
end_to_end_latency,132,1710.0
end_to_end_latency,133,1660.0
end_to_end_latency,134,1610.0
end_to_end_latency,135,1560.0
end_to_end_latency,136,1511.0
end_to_end_latency,137,1461.0
end_to_end_latency,138,1410.0
end_to_end_latency,139,1360.0
end_to_end_latency,143,1960.0
end_to_end_latency,144,1910.0
end_to_end_latency,145,1860.0
end_to_end_latency,146,1810.0
end_to_end_latency,147,1760.0
end_to_end_latency,148,1710.0
end_to_end_latency,149,1660.0
end_to_end_latency,150,1610.0
end_to_end_latency,151,1560.0
end_to_end_latency,152,1510.0
end_to_end_latency,153,1462.0
end_to_end_latency,154,1411.0
end_to_end_latency,155,1361.0
end_to_end_latency,156,1311.0
end_to_end_latency,157,1261.0
end_to_end_latency,158,1211.0
end_to_end_latency,159,1981.0
end_to_end_latency,160,1930.0
end_to_end_latency,161,1879.0
end_to_end_latency,162,1830.0
end_to_end_latency,163,1780.0
end_to_end_latency,164,1730.0
end_to_end_latency,165,1680.0
end_to_end_latency,166,1631.0
end_to_end_latency,167,1581.0
end_to_end_latency,168,1531.0
end_to_end_latency,169,1481.0
end_to_end_latency,170,1431.0
end_to_end_latency,171,1381.0
end_to_end_latency,176,1933.0
end_to_end_latency,177,1882.0
end_to_end_latency,178,1832.0
end_to_end_latency,179,1782.0
end_to_end_latency,180,1732.0
end_to_end_latency,181,1683.0
end_to_end_latency,182,1633.0
end_to_end_latency,183,1583.0
end_to_end_latency,184,1533.0
end_to_end_latency,185,1483.0
end_to_end_latency,186,1432.0
end_to_end_latency,187,1383.0
end_to_end_latency,188,1333.0
end_to_end_latency,192,1967.0
end_to_end_latency,193,1917.0
end_to_end_latency,194,1867.0
end_to_end_latency,195,1816.0
end_to_end_latency,196,1767.0
end_to_end_latency,197,1716.0
end_to_end_latency,198,1667.0
end_to_end_latency,199,1617.0
end_to_end_latency,200,1567.0
end_to_end_latency,201,1518.0
end_to_end_latency,202,1468.0
end_to_end_latency,203,1418.0
end_to_end_latency,204,1368.0
end_to_end_latency,205,1318.0
end_to_end_latency,206,1268.0
end_to_end_latency,207,1218.0
end_to_end_latency,208,1996.0
end_to_end_latency,209,1945.0
end_to_end_latency,210,1894.0
end_to_end_latency,211,1845.0
end_to_end_latency,212,1794.0
end_to_end_latency,213,1745.0
end_to_end_latency,214,1695.0
end_to_end_latency,215,1645.0
end_to_end_latency,216,1594.0
end_to_end_latency,217,1544.0
end_to_end_latency,218,1495.0
end_to_end_latency,219,1444.0
end_to_end_latency,220,1395.0
end_to_end_latency,224,1945.0
end_to_end_latency,225,1895.0
end_to_end_latency,226,1844.0
end_to_end_latency,227,1795.0
end_to_end_latency,228,1744.0
end_to_end_latency,229,1694.0
end_to_end_latency,230,1644.0
end_to_end_latency,231,1595.0
end_to_end_latency,232,1545.0
end_to_end_latency,233,1494.0
end_to_end_latency,234,1445.0
end_to_end_latency,235,1394.0
end_to_end_latency,236,1344.0
end_to_end_latency,240,1977.0
end_to_end_latency,241,1927.0
end_to_end_latency,242,1876.0
end_to_end_latency,243,1826.0
end_to_end_latency,244,1777.0
end_to_end_latency,245,1726.0
end_to_end_latency,246,1677.0
end_to_end_latency,247,1627.0
end_to_end_latency,248,1577.0
end_to_end_latency,249,1527.0
end_to_end_latency,250,1478.0
end_to_end_latency,251,1427.0
end_to_end_latency,252,1377.0
end_to_end_latency,253,1327.0
end_to_end_latency,254,1278.0
end_to_end_latency,255,1227.0
end_to_end_latency,256,1178.0
end_to_end_latency,257,2578.0
end_to_end_latency,258,2526.0
end_to_end_latency,259,2477.0
end_to_end_latency,260,2427.0
end_to_end_latency,261,2378.0
end_to_end_latency,262,2327.0
end_to_end_latency,263,2278.0
end_to_end_latency,264,2227.0
end_to_end_latency,265,2178.0
end_to_end_latency,266,2127.0
end_to_end_latency,267,2078.0
end_to_end_latency,268,2028.0
end_to_end_latency,269,1978.0
end_to_end_latency,273,1777.0
end_to_end_latency,274,1728.0
end_to_end_latency,275,1677.0
end_to_end_latency,276,1629.0
end_to_end_latency,277,1578.0
end_to_end_latency,278,1528.0
end_to_end_latency,279,1479.0
end_to_end_latency,280,1429.0
end_to_end_latency,281,1378.0
end_to_end_latency,282,1329.0
end_to_end_latency,283,1278.0
end_to_end_latency,284,1229.0
end_to_end_latency,285,1178.0
end_to_end_latency,286,1917.0
end_to_end_latency,287,1867.0
end_to_end_latency,288,1817.0
end_to_end_latency,289,1768.0
end_to_end_latency,290,1717.0
end_to_end_latency,291,1668.0
end_to_end_latency,292,1618.0
end_to_end_latency,293,1568.0
end_to_end_latency,294,1517.0
end_to_end_latency,295,1468.0
end_to_end_latency,303,1680.0
end_to_end_latency,304,1631.0
end_to_end_latency,305,1580.0
end_to_end_latency,306,1531.0
end_to_end_latency,307,1480.0
end_to_end_latency,308,1430.0
end_to_end_latency,309,1381.0
end_to_end_latency,310,1331.0
end_to_end_latency,311,1280.0
end_to_end_latency,312,1231.0
end_to_end_latency,313,1996.0
end_to_end_latency,314,1945.0
end_to_end_latency,315,1895.0
end_to_end_latency,316,1846.0
end_to_end_latency,317,1795.0
end_to_end_latency,318,1746.0
end_to_end_latency,319,1695.0
end_to_end_latency,320,1646.0
end_to_end_latency,321,1595.0
end_to_end_latency,322,1545.0
end_to_end_latency,323,1496.0
end_to_end_latency,324,1447.0
end_to_end_latency,325,1396.0
end_to_end_latency,326,1346.0
end_to_end_latency,327,1297.0
end_to_end_latency,328,1246.0
end_to_end_latency,329,1196.0
end_to_end_latency,330,1146.0
end_to_end_latency,331,1097.0
end_to_end_latency,332,1789.0
end_to_end_latency,333,1740.0
end_to_end_latency,334,1689.0
end_to_end_latency,335,1640.0
end_to_end_latency,336,1591.0
end_to_end_latency,337,1541.0
end_to_end_latency,338,1491.0
end_to_end_latency,339,1440.0
end_to_end_latency,340,1390.0
end_to_end_latency,341,1341.0
end_to_end_latency,345,1965.0
end_to_end_latency,346,1914.0
end_to_end_latency,347,1864.0
end_to_end_latency,348,1814.0
end_to_end_latency,349,1764.0
end_to_end_latency,350,1714.0
end_to_end_latency,351,1664.0
end_to_end_latency,352,1614.0
end_to_end_latency,353,1564.0
end_to_end_latency,354,1514.0
end_to_end_latency,355,1464.0
end_to_end_latency,356,1414.0
end_to_end_latency,357,1365.0
end_to_end_latency,362,1921.0
end_to_end_latency,363,1870.0
end_to_end_latency,364,1821.0
end_to_end_latency,365,1770.0
end_to_end_latency,366,1721.0
end_to_end_latency,367,1670.0
end_to_end_latency,368,1622.0
end_to_end_latency,369,1571.0
end_to_end_latency,370,1521.0
end_to_end_latency,371,1471.0
end_to_end_latency,372,1421.0
end_to_end_latency,373,1371.0
end_to_end_latency,374,1321.0
end_to_end_latency,375,1271.0
end_to_end_latency,376,1222.0
end_to_end_latency,377,1171.0
end_to_end_latency,0,2437.0
end_to_end_latency,1,2386.0
end_to_end_latency,2,2337.0
end_to_end_latency,3,2286.0
end_to_end_latency,4,2237.0
end_to_end_latency,5,2186.0
end_to_end_latency,6,2137.0
end_to_end_latency,7,2086.0
end_to_end_latency,8,2037.0
end_to_end_latency,9,1986.0
end_to_end_latency,10,1936.0
end_to_end_latency,11,1886.0
end_to_end_latency,12,1837.0
end_to_end_latency,13,1787.0
end_to_end_latency,14,1738.0
end_to_end_latency,15,1688.0
end_to_end_latency,16,1637.0
end_to_end_latency,17,1588.0
end_to_end_latency,18,1537.0
end_to_end_latency,19,1487.0
end_to_end_latency,26,1945.0
end_to_end_latency,27,1895.0
end_to_end_latency,28,1846.0
end_to_end_latency,29,1795.0
end_to_end_latency,30,1746.0
end_to_end_latency,31,1696.0
end_to_end_latency,32,1646.0
end_to_end_latency,33,1596.0
end_to_end_latency,34,1546.0
end_to_end_latency,35,1497.0
end_to_end_latency,36,1446.0
end_to_end_latency,37,1397.0
end_to_end_latency,38,1346.0
end_to_end_latency,39,1298.0
end_to_end_latency,40,1247.0
end_to_end_latency,41,1197.0
end_to_end_latency,42,1148.0
end_to_end_latency,43,1930.0
end_to_end_latency,44,1879.0
end_to_end_latency,45,1829.0
end_to_end_latency,46,1780.0
end_to_end_latency,47,1729.0
end_to_end_latency,48,1679.0
end_to_end_latency,49,1631.0
end_to_end_latency,50,1581.0
end_to_end_latency,51,1530.0
end_to_end_latency,52,1481.0
end_to_end_latency,53,1430.0
end_to_end_latency,54,1380.0
end_to_end_latency,55,1330.0
end_to_end_latency,56,1280.0
end_to_end_latency,57,1231.0
end_to_end_latency,58,1180.0
end_to_end_latency,59,1939.0
end_to_end_latency,60,1889.0
end_to_end_latency,61,1840.0
end_to_end_latency,62,1789.0
end_to_end_latency,63,1739.0
end_to_end_latency,64,1689.0
end_to_end_latency,65,1639.0
end_to_end_latency,66,1589.0
end_to_end_latency,67,1539.0
end_to_end_latency,68,1489.0
end_to_end_latency,69,1440.0
end_to_end_latency,70,1390.0
end_to_end_latency,71,1340.0
end_to_end_latency,75,1140.0
end_to_end_latency,76,1090.0
end_to_end_latency,77,1040.0
end_to_end_latency,78,1817.0
end_to_end_latency,79,1767.0
end_to_end_latency,80,1717.0
end_to_end_latency,81,1667.0
end_to_end_latency,82,1617.0
end_to_end_latency,83,1567.0
end_to_end_latency,84,1517.0
end_to_end_latency,85,1467.0
end_to_end_latency,86,1417.0
end_to_end_latency,87,1366.0
end_to_end_latency,88,1317.0
end_to_end_latency,89,1267.0
end_to_end_latency,90,1217.0
end_to_end_latency,91,1922.0
end_to_end_latency,92,1872.0
end_to_end_latency,93,1822.0
end_to_end_latency,94,1773.0
end_to_end_latency,95,1723.0
end_to_end_latency,96,1673.0
end_to_end_latency,97,1623.0
end_to_end_latency,98,1573.0
end_to_end_latency,99,1523.0
end_to_end_latency,100,1473.0
end_to_end_latency,101,1423.0
end_to_end_latency,102,1373.0
end_to_end_latency,103,1323.0
end_to_end_latency,104,2073.0
end_to_end_latency,105,2023.0
end_to_end_latency,106,1973.0
end_to_end_latency,107,1923.0
end_to_end_latency,108,1873.0
end_to_end_latency,109,1823.0
end_to_end_latency,110,1773.0
end_to_end_latency,111,1724.0
end_to_end_latency,112,1674.0
end_to_end_latency,113,1624.0
end_to_end_latency,114,1575.0
end_to_end_latency,115,1524.0
end_to_end_latency,116,1474.0
end_to_end_latency,117,1424.0
end_to_end_latency,118,1374.0
end_to_end_latency,119,1324.0
end_to_end_latency,120,1274.0
end_to_end_latency,121,1224.0
end_to_end_latency,122,1174.0
end_to_end_latency,123,1124.0
end_to_end_latency,124,1881.0
end_to_end_latency,125,1831.0
end_to_end_latency,126,1781.0
end_to_end_latency,127,1731.0
end_to_end_latency,128,1681.0
end_to_end_latency,129,1631.0
end_to_end_latency,130,1581.0
end_to_end_latency,131,1531.0
end_to_end_latency,132,1481.0
end_to_end_latency,133,1431.0
end_to_end_latency,134,1381.0
end_to_end_latency,135,1331.0
end_to_end_latency,136,1281.0
end_to_end_latency,137,1232.0
end_to_end_latency,138,1182.0
end_to_end_latency,139,1132.0
end_to_end_latency,140,1881.0
end_to_end_latency,141,1831.0
end_to_end_latency,142,1781.0
end_to_end_latency,143,1731.0
end_to_end_latency,144,1681.0
end_to_end_latency,145,1631.0
end_to_end_latency,146,1581.0
end_to_end_latency,147,1532.0
end_to_end_latency,148,1482.0
end_to_end_latency,149,1432.0
end_to_end_latency,150,1382.0
end_to_end_latency,151,1332.0
end_to_end_latency,152,1282.0
end_to_end_latency,153,1232.0
end_to_end_latency,154,1182.0
end_to_end_latency,155,1132.0
end_to_end_latency,156,1081.0
end_to_end_latency,157,1032.0
end_to_end_latency,158,981.0
end_to_end_latency,159,932.0
end_to_end_latency,160,1701.0
end_to_end_latency,161,1651.0
end_to_end_latency,162,1602.0
end_to_end_latency,163,1552.0
end_to_end_latency,164,1502.0
end_to_end_latency,165,1452.0
end_to_end_latency,166,1402.0
end_to_end_latency,167,1352.0
end_to_end_latency,168,1302.0
end_to_end_latency,169,1252.0
end_to_end_latency,170,1202.0
end_to_end_latency,171,1152.0
end_to_end_latency,172,1102.0
end_to_end_latency,173,1852.0
end_to_end_latency,174,1802.0
end_to_end_latency,175,1752.0
end_to_end_latency,176,1703.0
end_to_end_latency,177,1653.0
end_to_end_latency,178,1603.0
end_to_end_latency,179,1554.0
end_to_end_latency,180,1504.0
end_to_end_latency,181,1453.0
end_to_end_latency,189,1887.0
end_to_end_latency,190,1838.0
end_to_end_latency,191,1787.0
end_to_end_latency,192,1739.0
end_to_end_latency,193,1689.0
end_to_end_latency,194,1638.0
end_to_end_latency,195,1588.0
end_to_end_latency,196,1539.0
end_to_end_latency,197,1489.0
end_to_end_latency,198,1438.0
end_to_end_latency,199,1389.0
end_to_end_latency,200,1338.0
end_to_end_latency,201,1289.0
end_to_end_latency,202,1239.0
end_to_end_latency,203,1189.0
end_to_end_latency,204,1139.0
end_to_end_latency,205,1916.0
end_to_end_latency,206,1866.0
end_to_end_latency,207,1815.0
end_to_end_latency,208,1766.0
end_to_end_latency,209,1715.0
end_to_end_latency,210,1665.0
end_to_end_latency,211,1616.0
end_to_end_latency,212,1566.0
end_to_end_latency,213,1516.0
end_to_end_latency,214,1465.0
end_to_end_latency,215,2165.0
end_to_end_latency,216,2115.0
end_to_end_latency,217,2064.0
end_to_end_latency,218,2015.0
end_to_end_latency,219,1965.0
end_to_end_latency,220,1914.0
end_to_end_latency,221,1866.0
end_to_end_latency,222,1815.0
end_to_end_latency,223,1766.0
end_to_end_latency,224,1715.0
end_to_end_latency,225,1666.0
end_to_end_latency,226,1615.0
end_to_end_latency,227,1566.0
end_to_end_latency,228,1515.0
end_to_end_latency,229,1465.0
end_to_end_latency,230,1416.0
end_to_end_latency,231,1365.0
end_to_end_latency,232,1316.0
end_to_end_latency,233,1265.0
end_to_end_latency,234,1216.0
end_to_end_latency,235,1166.0
end_to_end_latency,236,1115.0
end_to_end_latency,237,1066.0
end_to_end_latency,238,1015.0
end_to_end_latency,239,966.0
end_to_end_latency,240,916.0
end_to_end_latency,241,1697.0
end_to_end_latency,242,1648.0
end_to_end_latency,243,1598.0
end_to_end_latency,244,1548.0
end_to_end_latency,245,1499.0
end_to_end_latency,246,1448.0
end_to_end_latency,247,1399.0
end_to_end_latency,248,1349.0
end_to_end_latency,249,1298.0
end_to_end_latency,250,2699.0
end_to_end_latency,251,2649.0
end_to_end_latency,252,2598.0
end_to_end_latency,253,2549.0
end_to_end_latency,254,2499.0
end_to_end_latency,255,2448.0
end_to_end_latency,256,2399.0
end_to_end_latency,257,2348.0
end_to_end_latency,258,2299.0
end_to_end_latency,259,2249.0
end_to_end_latency,260,2199.0
end_to_end_latency,261,2148.0
end_to_end_latency,262,2099.0
end_to_end_latency,267,1849.0
end_to_end_latency,268,1799.0
end_to_end_latency,269,1749.0
end_to_end_latency,270,1698.0
end_to_end_latency,271,1649.0
end_to_end_latency,272,1598.0
end_to_end_latency,273,1548.0
end_to_end_latency,274,1499.0
end_to_end_latency,275,1449.0
end_to_end_latency,276,1400.0
end_to_end_latency,277,1349.0
end_to_end_latency,278,1300.0
end_to_end_latency,279,1249.0
end_to_end_latency,280,1988.0
end_to_end_latency,281,1938.0
end_to_end_latency,282,1889.0
end_to_end_latency,283,1838.0
end_to_end_latency,284,1788.0
end_to_end_latency,285,1738.0
end_to_end_latency,286,1689.0
end_to_end_latency,287,1638.0
end_to_end_latency,288,1589.0
end_to_end_latency,289,1539.0
end_to_end_latency,290,1490.0
end_to_end_latency,291,1439.0
end_to_end_latency,292,1390.0
end_to_end_latency,296,1801.0
end_to_end_latency,297,1751.0
end_to_end_latency,298,1700.0
end_to_end_latency,299,1651.0
end_to_end_latency,300,1602.0
end_to_end_latency,301,1551.0
end_to_end_latency,302,1502.0
end_to_end_latency,303,1452.0
end_to_end_latency,304,1402.0
end_to_end_latency,305,1352.0
end_to_end_latency,306,1303.0
end_to_end_latency,307,1252.0
end_to_end_latency,308,1203.0
end_to_end_latency,309,1152.0
end_to_end_latency,310,1102.0
end_to_end_latency,311,1052.0
end_to_end_latency,312,1003.0
end_to_end_latency,313,1766.0
end_to_end_latency,314,1716.0
end_to_end_latency,315,1666.0
end_to_end_latency,316,1617.0
end_to_end_latency,317,1567.0
end_to_end_latency,318,1518.0
end_to_end_latency,319,1467.0
end_to_end_latency,320,1418.0
end_to_end_latency,321,1367.0
end_to_end_latency,322,1318.0
end_to_end_latency,323,1267.0
end_to_end_latency,324,1218.0
end_to_end_latency,325,1167.0
end_to_end_latency,326,1861.0
end_to_end_latency,327,1810.0
end_to_end_latency,328,1760.0
end_to_end_latency,329,1711.0
end_to_end_latency,330,1661.0
end_to_end_latency,331,1611.0
end_to_end_latency,332,1561.0
end_to_end_latency,333,1511.0
end_to_end_latency,334,1461.0
end_to_end_latency,335,1411.0
end_to_end_latency,336,1361.0
end_to_end_latency,337,1311.0
end_to_end_latency,338,1262.0
end_to_end_latency,339,1211.0
end_to_end_latency,340,1162.0
end_to_end_latency,341,1111.0
end_to_end_latency,342,1885.0
end_to_end_latency,343,1835.0
end_to_end_latency,344,1785.0
end_to_end_latency,345,1736.0
end_to_end_latency,346,1685.0
end_to_end_latency,347,1636.0
end_to_end_latency,348,1585.0
end_to_end_latency,349,1535.0
end_to_end_latency,350,1485.0
end_to_end_latency,351,1435.0
end_to_end_latency,352,1385.0
end_to_end_latency,353,1335.0
end_to_end_latency,354,1285.0
end_to_end_latency,355,1235.0
end_to_end_latency,356,1186.0
end_to_end_latency,357,1136.0
end_to_end_latency,358,1085.0
end_to_end_latency,359,1841.0
end_to_end_latency,360,1791.0
end_to_end_latency,361,1741.0
end_to_end_latency,362,1693.0
end_to_end_latency,363,1643.0
end_to_end_latency,364,1592.0
end_to_end_latency,365,1542.0
end_to_end_latency,366,1493.0
end_to_end_latency,367,1442.0
end_to_end_latency,0,2464.0
end_to_end_latency,1,2414.0
end_to_end_latency,2,2365.0
end_to_end_latency,3,2315.0
end_to_end_latency,4,2265.0
end_to_end_latency,5,2214.0
end_to_end_latency,6,2165.0
end_to_end_latency,7,2116.0
end_to_end_latency,8,2065.0
end_to_end_latency,9,2016.0
end_to_end_latency,10,1966.0
end_to_end_latency,11,1916.0
end_to_end_latency,12,1865.0
end_to_end_latency,13,1816.0
end_to_end_latency,14,1765.0
end_to_end_latency,15,1716.0
end_to_end_latency,16,1665.0
end_to_end_latency,17,1616.0
end_to_end_latency,18,1565.0
end_to_end_latency,19,1516.0
end_to_end_latency,20,1466.0
end_to_end_latency,21,1415.0
end_to_end_latency,22,1366.0
end_to_end_latency,23,2124.0
end_to_end_latency,24,2073.0
end_to_end_latency,25,2024.0
end_to_end_latency,26,1973.0
end_to_end_latency,27,1923.0
end_to_end_latency,28,1873.0
end_to_end_latency,29,1824.0
end_to_end_latency,30,1773.0
end_to_end_latency,31,1724.0
end_to_end_latency,32,1674.0
end_to_end_latency,33,1625.0
end_to_end_latency,34,1574.0
end_to_end_latency,35,1524.0
end_to_end_latency,36,1475.0
end_to_end_latency,37,1424.0
end_to_end_latency,38,1375.0
end_to_end_latency,39,1325.0
end_to_end_latency,40,1276.0
end_to_end_latency,41,1225.0
end_to_end_latency,42,2008.0
end_to_end_latency,43,1957.0
end_to_end_latency,44,1908.0
end_to_end_latency,45,1858.0
end_to_end_latency,46,1807.0
end_to_end_latency,47,1758.0
end_to_end_latency,48,1707.0
end_to_end_latency,49,1658.0
end_to_end_latency,50,1608.0
end_to_end_latency,51,1557.0
end_to_end_latency,52,1509.0
end_to_end_latency,53,1458.0
end_to_end_latency,54,1409.0
end_to_end_latency,59,1158.0
end_to_end_latency,60,1108.0
end_to_end_latency,61,1058.0
end_to_end_latency,62,1008.0
end_to_end_latency,63,958.0
end_to_end_latency,64,909.0
end_to_end_latency,65,1667.0
end_to_end_latency,66,1617.0
end_to_end_latency,67,1568.0
end_to_end_latency,68,1518.0
end_to_end_latency,69,1469.0
end_to_end_latency,70,1418.0
end_to_end_latency,71,1368.0
end_to_end_latency,72,1319.0
end_to_end_latency,73,1268.0
end_to_end_latency,74,1219.0
end_to_end_latency,75,1995.0
end_to_end_latency,76,1944.0
end_to_end_latency,77,1895.0
end_to_end_latency,78,1844.0
end_to_end_latency,79,1794.0
end_to_end_latency,80,1744.0
end_to_end_latency,81,1694.0
end_to_end_latency,82,1645.0
end_to_end_latency,83,1594.0
end_to_end_latency,84,1545.0
end_to_end_latency,85,1495.0
end_to_end_latency,86,1446.0
end_to_end_latency,87,1395.0
end_to_end_latency,88,1345.0
end_to_end_latency,89,1295.0
end_to_end_latency,90,1245.0
end_to_end_latency,91,1950.0
end_to_end_latency,92,1900.0
end_to_end_latency,93,1851.0
end_to_end_latency,94,1801.0
end_to_end_latency,95,1751.0
end_to_end_latency,96,1701.0
end_to_end_latency,97,1651.0
end_to_end_latency,98,1601.0
end_to_end_latency,99,1551.0
end_to_end_latency,100,1501.0
end_to_end_latency,101,1451.0
end_to_end_latency,102,1402.0
end_to_end_latency,103,1351.0
end_to_end_latency,104,2101.0
end_to_end_latency,105,2052.0
end_to_end_latency,106,2001.0
end_to_end_latency,107,1952.0
end_to_end_latency,108,1902.0
end_to_end_latency,109,1851.0
end_to_end_latency,110,1801.0
end_to_end_latency,111,1752.0
end_to_end_latency,112,1703.0
end_to_end_latency,113,1652.0
end_to_end_latency,114,1602.0
end_to_end_latency,115,1553.0
end_to_end_latency,116,1502.0
end_to_end_latency,117,1452.0
end_to_end_latency,118,1403.0
end_to_end_latency,119,1352.0
end_to_end_latency,120,1302.0
end_to_end_latency,121,1252.0
end_to_end_latency,122,1202.0
end_to_end_latency,123,1153.0
end_to_end_latency,124,1909.0
end_to_end_latency,125,1859.0
end_to_end_latency,126,1810.0
end_to_end_latency,127,1759.0
end_to_end_latency,128,1709.0
end_to_end_latency,129,1659.0
end_to_end_latency,130,1609.0
end_to_end_latency,131,1559.0
end_to_end_latency,132,1509.0
end_to_end_latency,133,1459.0
end_to_end_latency,134,1409.0
end_to_end_latency,135,1359.0
end_to_end_latency,136,1309.0
end_to_end_latency,137,1260.0
end_to_end_latency,138,1210.0
end_to_end_latency,139,1160.0
end_to_end_latency,140,1110.0
end_to_end_latency,141,1060.0
end_to_end_latency,142,1010.0
end_to_end_latency,143,1759.0
end_to_end_latency,144,1709.0
end_to_end_latency,145,1659.0
end_to_end_latency,146,1609.0
end_to_end_latency,147,1559.0
end_to_end_latency,148,1509.0
end_to_end_latency,149,1459.0
end_to_end_latency,150,1410.0
end_to_end_latency,151,1360.0
end_to_end_latency,152,1310.0
end_to_end_latency,153,1260.0
end_to_end_latency,154,1210.0
end_to_end_latency,155,1160.0
end_to_end_latency,156,1929.0
end_to_end_latency,157,1879.0
end_to_end_latency,158,1830.0
end_to_end_latency,159,1779.0
end_to_end_latency,160,1729.0
end_to_end_latency,161,1679.0
end_to_end_latency,162,1629.0
end_to_end_latency,163,1579.0
end_to_end_latency,164,1529.0
end_to_end_latency,165,1479.0
end_to_end_latency,166,1430.0
end_to_end_latency,167,1380.0
end_to_end_latency,168,1330.0
end_to_end_latency,169,1280.0
end_to_end_latency,170,1230.0
end_to_end_latency,171,1180.0
end_to_end_latency,172,1931.0
end_to_end_latency,173,1881.0
end_to_end_latency,174,1831.0
end_to_end_latency,175,1781.0
end_to_end_latency,176,1732.0
end_to_end_latency,177,1682.0
end_to_end_latency,178,1632.0
end_to_end_latency,179,1582.0
end_to_end_latency,180,1532.0
end_to_end_latency,181,1482.0
end_to_end_latency,182,1432.0
end_to_end_latency,183,1382.0
end_to_end_latency,184,1332.0
end_to_end_latency,185,2116.0
end_to_end_latency,186,2066.0
end_to_end_latency,187,2016.0
end_to_end_latency,188,1966.0
end_to_end_latency,189,1916.0
end_to_end_latency,190,1866.0
end_to_end_latency,191,1816.0
end_to_end_latency,192,1767.0
end_to_end_latency,193,1717.0
end_to_end_latency,194,1667.0
end_to_end_latency,195,1618.0
end_to_end_latency,196,1567.0
end_to_end_latency,197,1517.0
end_to_end_latency,198,1467.0
end_to_end_latency,199,1417.0
end_to_end_latency,200,1367.0
end_to_end_latency,205,1944.0
end_to_end_latency,206,1894.0
end_to_end_latency,207,1844.0
end_to_end_latency,208,1794.0
end_to_end_latency,209,1744.0
end_to_end_latency,210,1694.0
end_to_end_latency,211,1644.0
end_to_end_latency,212,1594.0
end_to_end_latency,213,1543.0
end_to_end_latency,214,1494.0
end_to_end_latency,215,1444.0
end_to_end_latency,216,1394.0
end_to_end_latency,217,1344.0
end_to_end_latency,218,1294.0
end_to_end_latency,219,1244.0
end_to_end_latency,220,1194.0
end_to_end_latency,221,1144.0
end_to_end_latency,222,1093.0
end_to_end_latency,223,1044.0
end_to_end_latency,224,1744.0
end_to_end_latency,225,1694.0
end_to_end_latency,226,1644.0
end_to_end_latency,227,1594.0
end_to_end_latency,228,1544.0
end_to_end_latency,229,1493.0
end_to_end_latency,230,1443.0
end_to_end_latency,231,1394.0
end_to_end_latency,232,1343.0
end_to_end_latency,233,1293.0
end_to_end_latency,237,1926.0
end_to_end_latency,238,1876.0
end_to_end_latency,239,1826.0
end_to_end_latency,240,1776.0
end_to_end_latency,241,1725.0
end_to_end_latency,242,1675.0
end_to_end_latency,243,1626.0
end_to_end_latency,244,1577.0
end_to_end_latency,245,1527.0
end_to_end_latency,246,1476.0
end_to_end_latency,247,1427.0
end_to_end_latency,248,1377.0
end_to_end_latency,249,1327.0
end_to_end_latency,253,2577.0
end_to_end_latency,254,2527.0
end_to_end_latency,255,2477.0
end_to_end_latency,256,2426.0
end_to_end_latency,257,2377.0
end_to_end_latency,258,2327.0
end_to_end_latency,259,2278.0
end_to_end_latency,260,2227.0
end_to_end_latency,261,2177.0
end_to_end_latency,262,2127.0
end_to_end_latency,263,2077.0
end_to_end_latency,264,2026.0
end_to_end_latency,265,1977.0
end_to_end_latency,270,1727.0
end_to_end_latency,271,1677.0
end_to_end_latency,272,1627.0
end_to_end_latency,273,1577.0
end_to_end_latency,274,1527.0
end_to_end_latency,275,1477.0
end_to_end_latency,276,1428.0
end_to_end_latency,277,1378.0
end_to_end_latency,278,1327.0
end_to_end_latency,279,2067.0
end_to_end_latency,280,2016.0
end_to_end_latency,281,1967.0
end_to_end_latency,282,1917.0
end_to_end_latency,283,1866.0
end_to_end_latency,284,1817.0
end_to_end_latency,285,1766.0
end_to_end_latency,286,1717.0
end_to_end_latency,287,1666.0
end_to_end_latency,288,1616.0
end_to_end_latency,289,1568.0
end_to_end_latency,290,1518.0
end_to_end_latency,291,1468.0
end_to_end_latency,296,1218.0
end_to_end_latency,297,1167.0
end_to_end_latency,298,1118.0
end_to_end_latency,299,1067.0
end_to_end_latency,300,1019.0
end_to_end_latency,301,969.0
end_to_end_latency,302,919.0
end_to_end_latency,303,1479.0
end_to_end_latency,304,1429.0
end_to_end_latency,305,1380.0
end_to_end_latency,306,1330.0
end_to_end_latency,307,1279.0
end_to_end_latency,308,1230.0
end_to_end_latency,309,1179.0
end_to_end_latency,310,1945.0
end_to_end_latency,311,1894.0
end_to_end_latency,312,1844.0
end_to_end_latency,313,1795.0
end_to_end_latency,314,1745.0
end_to_end_latency,315,1694.0
end_to_end_latency,316,1645.0
end_to_end_latency,317,1594.0
end_to_end_latency,318,1544.0
end_to_end_latency,319,1496.0
end_to_end_latency,320,1445.0
end_to_end_latency,321,1395.0
end_to_end_latency,322,1345.0
end_to_end_latency,323,1295.0
end_to_end_latency,324,1246.0
end_to_end_latency,325,1196.0
end_to_end_latency,326,1888.0
end_to_end_latency,327,1839.0
end_to_end_latency,328,1788.0
end_to_end_latency,329,1739.0
end_to_end_latency,330,1688.0
end_to_end_latency,331,1639.0
end_to_end_latency,332,1589.0
end_to_end_latency,333,1539.0
end_to_end_latency,334,1489.0
end_to_end_latency,335,1440.0
end_to_end_latency,336,1389.0
end_to_end_latency,337,1340.0
end_to_end_latency,338,1289.0
end_to_end_latency,339,2064.0
end_to_end_latency,340,2013.0
end_to_end_latency,341,1963.0
end_to_end_latency,342,1913.0
end_to_end_latency,343,1864.0
end_to_end_latency,344,1813.0
end_to_end_latency,345,1764.0
end_to_end_latency,346,1713.0
end_to_end_latency,347,1663.0
end_to_end_latency,348,1614.0
end_to_end_latency,349,1563.0
end_to_end_latency,350,1514.0
end_to_end_latency,351,1463.0
end_to_end_latency,352,1414.0
end_to_end_latency,353,1363.0
end_to_end_latency,354,1313.0
end_to_end_latency,355,1264.0
end_to_end_latency,356,1214.0
end_to_end_latency,357,1163.0
end_to_end_latency,358,1919.0
end_to_end_latency,359,1869.0
end_to_end_latency,360,1819.0
end_to_end_latency,361,1769.0
end_to_end_latency,362,1721.0
end_to_end_latency,363,1671.0
end_to_end_latency,364,1621.0
end_to_end_latency,365,1571.0
end_to_end_latency,366,1520.0
end_to_end_latency,367,1471.0
end_to_end_latency,368,1420.0
end_to_end_latency,369,1370.0
end_to_end_latency,370,1321.0
end_to_end_latency,371,1270.0
end_to_end_latency,372,1220.0
end_to_end_latency,373,1170.0
end_to_end_latency,374,1121.0
end_to_end_latency,375,1070.0
end_to_end_latency,376,1020.0
end_to_end_latency,377,971.0
end_to_end_latency,0,1715.0
end_to_end_latency,5,2271.0
end_to_end_latency,6,2222.0
end_to_end_latency,7,2171.0
end_to_end_latency,8,2122.0
end_to_end_latency,9,2071.0
end_to_end_latency,10,2022.0
end_to_end_latency,11,1972.0
end_to_end_latency,12,1922.0
end_to_end_latency,13,1871.0
end_to_end_latency,14,1822.0
end_to_end_latency,15,1772.0
end_to_end_latency,16,1722.0
end_to_end_latency,17,1672.0
end_to_end_latency,18,1622.0
end_to_end_latency,19,1572.0
end_to_end_latency,20,1521.0
end_to_end_latency,21,1473.0
end_to_end_latency,22,1423.0
end_to_end_latency,23,1373.0
end_to_end_latency,24,2131.0
end_to_end_latency,25,2081.0
end_to_end_latency,26,2031.0
end_to_end_latency,27,1981.0
end_to_end_latency,28,1931.0
end_to_end_latency,29,1880.0
end_to_end_latency,30,1831.0
end_to_end_latency,31,1780.0
end_to_end_latency,32,1731.0
end_to_end_latency,33,1681.0
end_to_end_latency,34,1631.0
end_to_end_latency,35,1582.0
end_to_end_latency,36,1532.0
end_to_end_latency,37,1482.0
end_to_end_latency,38,1432.0
end_to_end_latency,39,1382.0
end_to_end_latency,44,1133.0
end_to_end_latency,45,1083.0
end_to_end_latency,46,1033.0
end_to_end_latency,47,982.0
end_to_end_latency,48,933.0
end_to_end_latency,49,882.0
end_to_end_latency,50,1665.0
end_to_end_latency,51,1615.0
end_to_end_latency,52,1565.0
end_to_end_latency,53,1515.0
end_to_end_latency,54,1465.0
end_to_end_latency,55,1414.0
end_to_end_latency,56,1365.0
end_to_end_latency,57,1315.0
end_to_end_latency,58,1265.0
end_to_end_latency,59,1215.0
end_to_end_latency,60,1975.0
end_to_end_latency,61,1924.0
end_to_end_latency,62,1875.0
end_to_end_latency,63,1824.0
end_to_end_latency,64,1775.0
end_to_end_latency,65,1724.0
end_to_end_latency,66,1675.0
end_to_end_latency,67,1624.0
end_to_end_latency,68,1575.0
end_to_end_latency,69,1525.0
end_to_end_latency,70,1475.0
end_to_end_latency,71,1426.0
end_to_end_latency,72,1376.0
end_to_end_latency,76,2002.0
end_to_end_latency,77,1952.0
end_to_end_latency,78,1901.0
end_to_end_latency,79,1853.0
end_to_end_latency,80,1802.0
end_to_end_latency,81,1753.0
end_to_end_latency,82,1702.0
end_to_end_latency,83,1653.0
end_to_end_latency,84,1602.0
end_to_end_latency,85,1553.0
end_to_end_latency,86,1502.0
end_to_end_latency,87,1452.0
end_to_end_latency,88,1403.0
end_to_end_latency,89,1353.0
end_to_end_latency,90,1303.0
end_to_end_latency,91,1253.0
end_to_end_latency,92,1958.0
end_to_end_latency,93,1907.0
end_to_end_latency,94,1858.0
end_to_end_latency,95,1807.0
end_to_end_latency,96,1758.0
end_to_end_latency,97,1708.0
end_to_end_latency,98,1658.0
end_to_end_latency,99,1609.0
end_to_end_latency,100,1559.0
end_to_end_latency,101,1509.0
end_to_end_latency,102,1459.0
end_to_end_latency,103,1408.0
end_to_end_latency,104,1359.0
end_to_end_latency,105,2108.0
end_to_end_latency,106,2059.0
end_to_end_latency,107,2009.0
end_to_end_latency,108,1959.0
end_to_end_latency,109,1909.0
end_to_end_latency,110,1859.0
end_to_end_latency,111,1808.0
end_to_end_latency,112,1760.0
end_to_end_latency,113,1710.0
end_to_end_latency,114,1659.0
end_to_end_latency,115,1610.0
end_to_end_latency,116,1560.0
end_to_end_latency,117,1510.0
end_to_end_latency,118,1459.0
end_to_end_latency,119,1410.0
end_to_end_latency,120,1359.0
end_to_end_latency,121,1310.0
end_to_end_latency,125,1110.0
end_to_end_latency,126,1059.0
end_to_end_latency,127,1009.0
end_to_end_latency,128,1766.0
end_to_end_latency,129,1716.0
end_to_end_latency,130,1667.0
end_to_end_latency,131,1616.0
end_to_end_latency,132,1567.0
end_to_end_latency,133,1517.0
end_to_end_latency,134,1466.0
end_to_end_latency,135,1416.0
end_to_end_latency,136,1366.0
end_to_end_latency,137,1316.0
end_to_end_latency,138,1268.0
end_to_end_latency,139,1217.0
end_to_end_latency,140,1168.0
end_to_end_latency,141,1915.0
end_to_end_latency,142,1865.0
end_to_end_latency,143,1815.0
end_to_end_latency,144,1766.0
end_to_end_latency,145,1716.0
end_to_end_latency,146,1666.0
end_to_end_latency,147,1616.0
end_to_end_latency,148,1567.0
end_to_end_latency,149,1516.0
end_to_end_latency,150,1466.0
end_to_end_latency,151,1416.0
end_to_end_latency,152,1366.0
end_to_end_latency,153,1316.0
end_to_end_latency,154,1267.0
end_to_end_latency,155,1218.0
end_to_end_latency,156,1168.0
end_to_end_latency,157,1937.0
end_to_end_latency,158,1885.0
end_to_end_latency,159,1837.0
end_to_end_latency,160,1786.0
end_to_end_latency,161,1738.0
end_to_end_latency,162,1687.0
end_to_end_latency,163,1638.0
end_to_end_latency,164,1587.0
end_to_end_latency,165,1538.0
end_to_end_latency,166,1488.0
end_to_end_latency,167,1437.0
end_to_end_latency,168,1388.0
end_to_end_latency,169,1337.0
end_to_end_latency,170,2088.0
end_to_end_latency,171,2038.0
end_to_end_latency,172,1988.0
end_to_end_latency,173,1938.0
end_to_end_latency,174,1888.0
end_to_end_latency,175,1838.0
end_to_end_latency,176,1788.0
end_to_end_latency,177,1739.0
end_to_end_latency,178,1689.0
end_to_end_latency,179,1639.0
end_to_end_latency,180,1590.0
end_to_end_latency,181,1540.0
end_to_end_latency,182,1490.0
end_to_end_latency,183,1439.0
end_to_end_latency,184,1390.0
end_to_end_latency,185,1339.0
end_to_end_latency,186,1289.0
end_to_end_latency,187,2073.0
end_to_end_latency,188,2024.0
end_to_end_latency,189,1974.0
end_to_end_latency,190,1923.0
end_to_end_latency,191,1873.0
end_to_end_latency,192,1823.0
end_to_end_latency,193,1774.0
end_to_end_latency,194,1724.0
end_to_end_latency,195,1675.0
end_to_end_latency,196,1624.0
end_to_end_latency,197,1574.0
end_to_end_latency,198,1524.0
end_to_end_latency,199,1474.0
end_to_end_latency,200,1424.0
end_to_end_latency,201,1375.0
end_to_end_latency,202,1325.0
end_to_end_latency,203,1275.0
end_to_end_latency,204,1225.0
end_to_end_latency,205,1174.0
end_to_end_latency,206,1124.0
end_to_end_latency,207,1074.0
end_to_end_latency,208,1024.0
end_to_end_latency,209,1801.0
end_to_end_latency,210,1751.0
end_to_end_latency,211,1701.0
end_to_end_latency,212,1651.0
end_to_end_latency,213,1601.0
end_to_end_latency,214,1551.0
end_to_end_latency,215,1501.0
end_to_end_latency,216,1451.0
end_to_end_latency,217,1401.0
end_to_end_latency,218,1351.0
end_to_end_latency,219,2050.0
end_to_end_latency,220,2000.0
end_to_end_latency,221,1950.0
end_to_end_latency,222,1901.0
end_to_end_latency,223,1851.0
end_to_end_latency,224,1800.0
end_to_end_latency,225,1750.0
end_to_end_latency,226,1701.0
end_to_end_latency,227,1651.0
end_to_end_latency,228,1601.0
end_to_end_latency,229,1551.0
end_to_end_latency,230,1501.0
end_to_end_latency,231,1451.0
end_to_end_latency,232,1401.0
end_to_end_latency,233,1351.0
end_to_end_latency,234,1301.0
end_to_end_latency,235,1251.0
end_to_end_latency,236,1201.0
end_to_end_latency,237,1151.0
end_to_end_latency,238,1933.0
end_to_end_latency,239,1883.0
end_to_end_latency,240,1833.0
end_to_end_latency,241,1783.0
end_to_end_latency,242,1733.0
end_to_end_latency,243,1682.0
end_to_end_latency,244,1633.0
end_to_end_latency,245,1584.0
end_to_end_latency,246,1534.0
end_to_end_latency,247,1484.0
end_to_end_latency,248,1434.0
end_to_end_latency,249,1384.0
end_to_end_latency,250,1334.0
end_to_end_latency,255,2534.0
end_to_end_latency,256,2483.0
end_to_end_latency,257,2434.0
end_to_end_latency,258,2384.0
end_to_end_latency,259,2334.0
end_to_end_latency,260,2284.0
end_to_end_latency,261,2234.0
end_to_end_latency,262,2183.0
end_to_end_latency,263,2133.0
end_to_end_latency,264,2083.0
end_to_end_latency,265,2034.0
end_to_end_latency,266,1983.0
end_to_end_latency,267,1933.0
end_to_end_latency,268,1883.0
end_to_end_latency,269,1834.0
end_to_end_latency,270,1784.0
end_to_end_latency,271,1734.0
end_to_end_latency,272,1683.0
end_to_end_latency,273,1633.0
end_to_end_latency,274,1584.0
end_to_end_latency,275,1535.0
end_to_end_latency,276,1486.0
end_to_end_latency,277,1435.0
end_to_end_latency,278,1385.0
end_to_end_latency,279,1335.0
end_to_end_latency,280,1285.0
end_to_end_latency,281,1235.0
end_to_end_latency,282,1185.0
end_to_end_latency,283,1135.0
end_to_end_latency,284,1084.0
end_to_end_latency,285,1035.0
end_to_end_latency,286,985.0
end_to_end_latency,287,1723.0
end_to_end_latency,288,1674.0
end_to_end_latency,289,1625.0
end_to_end_latency,290,1575.0
end_to_end_latency,291,1525.0
end_to_end_latency,292,1474.0
end_to_end_latency,293,1425.0
end_to_end_latency,294,1375.0
end_to_end_latency,295,1326.0
end_to_end_latency,296,1276.0
end_to_end_latency,297,1836.0
end_to_end_latency,298,1786.0
end_to_end_latency,299,1736.0
end_to_end_latency,300,1687.0
end_to_end_latency,301,1637.0
end_to_end_latency,302,1586.0
end_to_end_latency,303,1537.0
end_to_end_latency,304,1487.0
end_to_end_latency,305,1437.0
end_to_end_latency,306,1386.0
end_to_end_latency,307,1337.0
end_to_end_latency,308,1287.0
end_to_end_latency,309,1237.0
end_to_end_latency,310,1186.0
end_to_end_latency,311,1952.0
end_to_end_latency,312,1902.0
end_to_end_latency,313,1852.0
end_to_end_latency,314,1802.0
end_to_end_latency,315,1752.0
end_to_end_latency,316,1702.0
end_to_end_latency,317,1652.0
end_to_end_latency,318,1603.0
end_to_end_latency,319,1552.0
end_to_end_latency,320,1503.0
end_to_end_latency,321,1453.0
end_to_end_latency,322,1403.0
end_to_end_latency,323,1353.0
end_to_end_latency,324,1302.0
end_to_end_latency,325,1252.0
end_to_end_latency,326,1203.0
end_to_end_latency,327,1896.0
end_to_end_latency,328,1846.0
end_to_end_latency,329,1796.0
end_to_end_latency,330,1746.0
end_to_end_latency,331,1697.0
end_to_end_latency,332,1647.0
end_to_end_latency,333,1597.0
end_to_end_latency,334,1547.0
end_to_end_latency,335,1497.0
end_to_end_latency,336,1446.0
end_to_end_latency,337,1397.0
end_to_end_latency,338,1346.0
end_to_end_latency,339,1297.0
end_to_end_latency,343,1920.0
end_to_end_latency,344,1871.0
end_to_end_latency,345,1821.0
end_to_end_latency,346,1771.0
end_to_end_latency,347,1721.0
end_to_end_latency,348,1671.0
end_to_end_latency,349,1620.0
end_to_end_latency,350,1571.0
end_to_end_latency,351,1520.0
end_to_end_latency,352,1471.0
end_to_end_latency,353,1421.0
end_to_end_latency,354,1370.0
end_to_end_latency,355,1320.0
end_to_end_latency,360,1071.0
end_to_end_latency,361,1020.0
end_to_end_latency,362,971.0
end_to_end_latency,363,1728.0
end_to_end_latency,364,1678.0
end_to_end_latency,365,1628.0
end_to_end_latency,366,1578.0
end_to_end_latency,367,1528.0
end_to_end_latency,368,1478.0
end_to_end_latency,369,1428.0
end_to_end_latency,370,1378.0
end_to_end_latency,371,1327.0
end_to_end_latency,372,1278.0
end_to_end_latency,373,1228.0
end_to_end_latency,374,1178.0
end_to_end_latency,375,1127.0
end_to_end_latency,0,2486.0
end_to_end_latency,1,2436.0
end_to_end_latency,2,2386.0
end_to_end_latency,3,2336.0
end_to_end_latency,4,2286.0
end_to_end_latency,5,2236.0
end_to_end_latency,6,2186.0
end_to_end_latency,7,2136.0
end_to_end_latency,8,2086.0
end_to_end_latency,9,2036.0
end_to_end_latency,10,1986.0
end_to_end_latency,11,1935.0
end_to_end_latency,12,1886.0
end_to_end_latency,13,1837.0
end_to_end_latency,14,1787.0
end_to_end_latency,15,1737.0
end_to_end_latency,16,1687.0
end_to_end_latency,17,1637.0
end_to_end_latency,18,1587.0
end_to_end_latency,19,1537.0
end_to_end_latency,26,1995.0
end_to_end_latency,27,1945.0
end_to_end_latency,28,1895.0
end_to_end_latency,29,1845.0
end_to_end_latency,30,1795.0
end_to_end_latency,31,1745.0
end_to_end_latency,32,1695.0
end_to_end_latency,33,1646.0
end_to_end_latency,34,1596.0
end_to_end_latency,35,1546.0
end_to_end_latency,36,1496.0
end_to_end_latency,37,1446.0
end_to_end_latency,38,1396.0
end_to_end_latency,39,1346.0
end_to_end_latency,40,1297.0
end_to_end_latency,41,1247.0
end_to_end_latency,42,1197.0
end_to_end_latency,43,1979.0
end_to_end_latency,44,1929.0
end_to_end_latency,45,1879.0
end_to_end_latency,46,1829.0
end_to_end_latency,47,1779.0
end_to_end_latency,48,1729.0
end_to_end_latency,49,1679.0
end_to_end_latency,50,1629.0
end_to_end_latency,51,1578.0
end_to_end_latency,52,1529.0
end_to_end_latency,53,1479.0
end_to_end_latency,54,1429.0
end_to_end_latency,55,1379.0
end_to_end_latency,56,1330.0
end_to_end_latency,57,1280.0
end_to_end_latency,58,1230.0
end_to_end_latency,59,1989.0
end_to_end_latency,60,1939.0
end_to_end_latency,61,1889.0
end_to_end_latency,62,1840.0
end_to_end_latency,63,1790.0
end_to_end_latency,64,1740.0
end_to_end_latency,65,1690.0
end_to_end_latency,66,1640.0
end_to_end_latency,67,1590.0
end_to_end_latency,68,1540.0
end_to_end_latency,69,1489.0
end_to_end_latency,70,1440.0
end_to_end_latency,71,1390.0
end_to_end_latency,75,2016.0
end_to_end_latency,76,1966.0
end_to_end_latency,77,1915.0
end_to_end_latency,78,1866.0
end_to_end_latency,79,1815.0
end_to_end_latency,80,1765.0
end_to_end_latency,81,1715.0
end_to_end_latency,82,1667.0
end_to_end_latency,83,1616.0
end_to_end_latency,84,1567.0
end_to_end_latency,85,1516.0
end_to_end_latency,86,1466.0
end_to_end_latency,87,1416.0
end_to_end_latency,88,1366.0
end_to_end_latency,89,1317.0
end_to_end_latency,90,1267.0
end_to_end_latency,91,1972.0
end_to_end_latency,92,1922.0
end_to_end_latency,93,1872.0
end_to_end_latency,94,1822.0
end_to_end_latency,95,1771.0
end_to_end_latency,96,1722.0
end_to_end_latency,97,1672.0
end_to_end_latency,98,1623.0
end_to_end_latency,99,1573.0
end_to_end_latency,100,1522.0
end_to_end_latency,101,1473.0
end_to_end_latency,102,1422.0
end_to_end_latency,103,1372.0
end_to_end_latency,104,2122.0
end_to_end_latency,105,2073.0
end_to_end_latency,106,2023.0
end_to_end_latency,107,1973.0
end_to_end_latency,108,1923.0
end_to_end_latency,109,1873.0
end_to_end_latency,110,1822.0
end_to_end_latency,111,1773.0
end_to_end_latency,112,1723.0
end_to_end_latency,113,1672.0
end_to_end_latency,114,1623.0
end_to_end_latency,115,1572.0
end_to_end_latency,116,1523.0
end_to_end_latency,117,1473.0
end_to_end_latency,118,1424.0
end_to_end_latency,119,1373.0
end_to_end_latency,120,1324.0
end_to_end_latency,121,1273.0
end_to_end_latency,122,1224.0
end_to_end_latency,123,1174.0
end_to_end_latency,124,1931.0
end_to_end_latency,125,1881.0
end_to_end_latency,126,1830.0
end_to_end_latency,127,1780.0
end_to_end_latency,128,1730.0
end_to_end_latency,129,1681.0
end_to_end_latency,130,1630.0
end_to_end_latency,131,1581.0
end_to_end_latency,132,1531.0
end_to_end_latency,133,1481.0
end_to_end_latency,134,1430.0
end_to_end_latency,135,1381.0
end_to_end_latency,136,1330.0
end_to_end_latency,137,1281.0
end_to_end_latency,138,1232.0
end_to_end_latency,139,1182.0
end_to_end_latency,140,1931.0
end_to_end_latency,141,1880.0
end_to_end_latency,142,1830.0
end_to_end_latency,143,1780.0
end_to_end_latency,144,1731.0
end_to_end_latency,145,1680.0
end_to_end_latency,146,1630.0
end_to_end_latency,147,1581.0
end_to_end_latency,148,1530.0
end_to_end_latency,149,1480.0
end_to_end_latency,150,1432.0
end_to_end_latency,151,1381.0
end_to_end_latency,152,1332.0
end_to_end_latency,153,1282.0
end_to_end_latency,154,1231.0
end_to_end_latency,155,1182.0
end_to_end_latency,156,1950.0
end_to_end_latency,157,1900.0
end_to_end_latency,158,1850.0
end_to_end_latency,159,1800.0
end_to_end_latency,160,1750.0
end_to_end_latency,161,1700.0
end_to_end_latency,162,1651.0
end_to_end_latency,163,1601.0
end_to_end_latency,164,1552.0
end_to_end_latency,165,1502.0
end_to_end_latency,166,1451.0
end_to_end_latency,167,1402.0
end_to_end_latency,168,1351.0
end_to_end_latency,173,1902.0
end_to_end_latency,174,1852.0
end_to_end_latency,175,1802.0
end_to_end_latency,176,1753.0
end_to_end_latency,177,1704.0
end_to_end_latency,178,1653.0
end_to_end_latency,179,1604.0
end_to_end_latency,180,1554.0
end_to_end_latency,181,1503.0
end_to_end_latency,182,1453.0
end_to_end_latency,183,1404.0
end_to_end_latency,184,1353.0
end_to_end_latency,185,1303.0
end_to_end_latency,189,1938.0
end_to_end_latency,190,1887.0
end_to_end_latency,191,1838.0
end_to_end_latency,192,1787.0
end_to_end_latency,193,1738.0
end_to_end_latency,194,1687.0
end_to_end_latency,195,1638.0
end_to_end_latency,196,1588.0
end_to_end_latency,197,1538.0
end_to_end_latency,198,1488.0
end_to_end_latency,199,1438.0
end_to_end_latency,200,1388.0
end_to_end_latency,201,1338.0
end_to_end_latency,202,1289.0
end_to_end_latency,203,1239.0
end_to_end_latency,204,1189.0
end_to_end_latency,205,1965.0
end_to_end_latency,206,1915.0
end_to_end_latency,207,1865.0
end_to_end_latency,208,1816.0
end_to_end_latency,209,1766.0
end_to_end_latency,210,1716.0
end_to_end_latency,211,1666.0
end_to_end_latency,212,1616.0
end_to_end_latency,213,1566.0
end_to_end_latency,214,1516.0
end_to_end_latency,215,1465.0
end_to_end_latency,216,1416.0
end_to_end_latency,217,1365.0
end_to_end_latency,218,1315.0
end_to_end_latency,219,1266.0
end_to_end_latency,220,1216.0
end_to_end_latency,221,1915.0
end_to_end_latency,222,1866.0
end_to_end_latency,223,1815.0
end_to_end_latency,224,1765.0
end_to_end_latency,225,1715.0
end_to_end_latency,226,1665.0
end_to_end_latency,227,1615.0
end_to_end_latency,228,1565.0
end_to_end_latency,229,1515.0
end_to_end_latency,230,1465.0
end_to_end_latency,231,1414.0
end_to_end_latency,232,1365.0
end_to_end_latency,233,1316.0
end_to_end_latency,234,1265.0
end_to_end_latency,235,1215.0
end_to_end_latency,236,1165.0
end_to_end_latency,237,1947.0
end_to_end_latency,238,1897.0
end_to_end_latency,239,1847.0
end_to_end_latency,240,1797.0
end_to_end_latency,241,1747.0
end_to_end_latency,242,1697.0
end_to_end_latency,243,1647.0
end_to_end_latency,244,1599.0
end_to_end_latency,245,1548.0
end_to_end_latency,246,1498.0
end_to_end_latency,247,1448.0
end_to_end_latency,248,1398.0
end_to_end_latency,249,1348.0
end_to_end_latency,254,2548.0
end_to_end_latency,255,2498.0
end_to_end_latency,256,2448.0
end_to_end_latency,257,2398.0
end_to_end_latency,258,2349.0
end_to_end_latency,259,2299.0
end_to_end_latency,260,2248.0
end_to_end_latency,261,2198.0
end_to_end_latency,262,2149.0
end_to_end_latency,270,1748.0
end_to_end_latency,271,1698.0
end_to_end_latency,272,1648.0
end_to_end_latency,273,1598.0
end_to_end_latency,274,1548.0
end_to_end_latency,275,1498.0
end_to_end_latency,276,1449.0
end_to_end_latency,277,1399.0
end_to_end_latency,278,1349.0
end_to_end_latency,279,1299.0
end_to_end_latency,280,2039.0
end_to_end_latency,281,1988.0
end_to_end_latency,282,1938.0
end_to_end_latency,283,1888.0
end_to_end_latency,284,1838.0
end_to_end_latency,285,1788.0
end_to_end_latency,286,1738.0
end_to_end_latency,287,1688.0
end_to_end_latency,288,1638.0
end_to_end_latency,289,1588.0
end_to_end_latency,290,1538.0
end_to_end_latency,291,1488.0
end_to_end_latency,292,1438.0
end_to_end_latency,296,1850.0
end_to_end_latency,297,1801.0
end_to_end_latency,298,1750.0
end_to_end_latency,299,1700.0
end_to_end_latency,300,1651.0
end_to_end_latency,301,1601.0
end_to_end_latency,302,1551.0
end_to_end_latency,303,1501.0
end_to_end_latency,304,1451.0
end_to_end_latency,305,1401.0
end_to_end_latency,306,1351.0
end_to_end_latency,307,1301.0
end_to_end_latency,308,1251.0
end_to_end_latency,309,1201.0
end_to_end_latency,310,1966.0
end_to_end_latency,311,1916.0
end_to_end_latency,312,1866.0
end_to_end_latency,313,1816.0
end_to_end_latency,314,1766.0
end_to_end_latency,315,1716.0
end_to_end_latency,316,1667.0
end_to_end_latency,317,1617.0
end_to_end_latency,318,1567.0
end_to_end_latency,319,1517.0
end_to_end_latency,320,1467.0
end_to_end_latency,321,1417.0
end_to_end_latency,322,1367.0
end_to_end_latency,326,1910.0
end_to_end_latency,327,1860.0
end_to_end_latency,328,1809.0
end_to_end_latency,329,1761.0
end_to_end_latency,330,1711.0
end_to_end_latency,331,1661.0
end_to_end_latency,332,1611.0
end_to_end_latency,333,1561.0
end_to_end_latency,334,1511.0
end_to_end_latency,335,1461.0
end_to_end_latency,336,1411.0
end_to_end_latency,337,1360.0
end_to_end_latency,338,1311.0
end_to_end_latency,339,2085.0
end_to_end_latency,340,2034.0
end_to_end_latency,341,1985.0
end_to_end_latency,342,1935.0
end_to_end_latency,343,1885.0
end_to_end_latency,344,1835.0
end_to_end_latency,345,1785.0
end_to_end_latency,346,1735.0
end_to_end_latency,347,1685.0
end_to_end_latency,348,1635.0
end_to_end_latency,349,1585.0
end_to_end_latency,350,1535.0
end_to_end_latency,351,1485.0
end_to_end_latency,352,1434.0
end_to_end_latency,353,1384.0
end_to_end_latency,354,1335.0
end_to_end_latency,355,1285.0
end_to_end_latency,356,1235.0
end_to_end_latency,357,1185.0
end_to_end_latency,358,1135.0
end_to_end_latency,359,1890.0
end_to_end_latency,360,1841.0
end_to_end_latency,361,1791.0
end_to_end_latency,362,1742.0
end_to_end_latency,363,1691.0
end_to_end_latency,364,1642.0
end_to_end_latency,365,1592.0
end_to_end_latency,366,1542.0
end_to_end_latency,367,1491.0
end_to_end_latency,368,1442.0
end_to_end_latency,369,1391.0
end_to_end_latency,370,1342.0
end_to_end_latency,371,1292.0
end_to_end_latency,372,1241.0
end_to_end_latency,373,1191.0
end_to_end_latency,374,1142.0
end_to_end_latency,0,1725.0
end_to_end_latency,1,1674.0
end_to_end_latency,2,1624.0
end_to_end_latency,3,1574.0
end_to_end_latency,4,1524.0
end_to_end_latency,5,1474.0
end_to_end_latency,6,1424.0
end_to_end_latency,7,2181.0
end_to_end_latency,8,2131.0
end_to_end_latency,9,2081.0
end_to_end_latency,10,2031.0
end_to_end_latency,11,1981.0
end_to_end_latency,12,1931.0
end_to_end_latency,13,1882.0
end_to_end_latency,14,1832.0
end_to_end_latency,15,1782.0
end_to_end_latency,16,1732.0
end_to_end_latency,17,1682.0
end_to_end_latency,18,1632.0
end_to_end_latency,19,1582.0
end_to_end_latency,20,1532.0
end_to_end_latency,21,1482.0
end_to_end_latency,22,1432.0
end_to_end_latency,23,2190.0
end_to_end_latency,24,2140.0
end_to_end_latency,25,2090.0
end_to_end_latency,26,2040.0
end_to_end_latency,27,1990.0
end_to_end_latency,28,1940.0
end_to_end_latency,29,1891.0
end_to_end_latency,30,1841.0
end_to_end_latency,31,1791.0
end_to_end_latency,32,1741.0
end_to_end_latency,33,1691.0
end_to_end_latency,34,1641.0
end_to_end_latency,35,1591.0
end_to_end_latency,36,1541.0
end_to_end_latency,37,1491.0
end_to_end_latency,38,1441.0
end_to_end_latency,39,1392.0
end_to_end_latency,40,1342.0
end_to_end_latency,41,1292.0
end_to_end_latency,42,1242.0
end_to_end_latency,43,1192.0
end_to_end_latency,44,1142.0
end_to_end_latency,45,1092.0
end_to_end_latency,46,1874.0
end_to_end_latency,47,1824.0
end_to_end_latency,48,1774.0
end_to_end_latency,49,1724.0
end_to_end_latency,50,1673.0
end_to_end_latency,51,1624.0
end_to_end_latency,52,1574.0
end_to_end_latency,53,1524.0
end_to_end_latency,54,1474.0
end_to_end_latency,55,1425.0
end_to_end_latency,56,1375.0
end_to_end_latency,57,1324.0
end_to_end_latency,58,1275.0
end_to_end_latency,59,1225.0
end_to_end_latency,60,1175.0
end_to_end_latency,61,1125.0
end_to_end_latency,62,1883.0
end_to_end_latency,63,1834.0
end_to_end_latency,64,1784.0
end_to_end_latency,65,1734.0
end_to_end_latency,66,1683.0
end_to_end_latency,67,1634.0
end_to_end_latency,68,1585.0
end_to_end_latency,69,1534.0
end_to_end_latency,70,1485.0
end_to_end_latency,71,1434.0
end_to_end_latency,78,1911.0
end_to_end_latency,79,1861.0
end_to_end_latency,80,1811.0
end_to_end_latency,81,1761.0
end_to_end_latency,82,1711.0
end_to_end_latency,83,1661.0
end_to_end_latency,84,1611.0
end_to_end_latency,85,1562.0
end_to_end_latency,86,1512.0
end_to_end_latency,87,1462.0
end_to_end_latency,88,1411.0
end_to_end_latency,89,1361.0
end_to_end_latency,90,1311.0
end_to_end_latency,91,1262.0
end_to_end_latency,92,1212.0
end_to_end_latency,93,1162.0
end_to_end_latency,94,1112.0
end_to_end_latency,95,1062.0
end_to_end_latency,96,1011.0
end_to_end_latency,97,962.0
end_to_end_latency,98,1668.0
end_to_end_latency,99,1617.0
end_to_end_latency,100,1567.0
end_to_end_latency,101,1518.0
end_to_end_latency,102,1467.0
end_to_end_latency,103,1418.0
end_to_end_latency,107,2018.0
end_to_end_latency,108,1968.0
end_to_end_latency,109,1918.0
end_to_end_latency,110,1867.0
end_to_end_latency,111,1817.0
end_to_end_latency,112,1768.0
end_to_end_latency,113,1717.0
end_to_end_latency,114,1669.0
end_to_end_latency,115,1619.0
end_to_end_latency,116,1568.0
end_to_end_latency,117,1519.0
end_to_end_latency,118,1469.0
end_to_end_latency,119,1419.0
end_to_end_latency,120,1369.0
end_to_end_latency,121,1318.0
end_to_end_latency,122,1269.0
end_to_end_latency,123,1218.0
end_to_end_latency,124,1169.0
end_to_end_latency,125,1119.0
end_to_end_latency,126,1069.0
end_to_end_latency,127,1825.0
end_to_end_latency,128,1776.0
end_to_end_latency,129,1726.0
end_to_end_latency,130,1675.0
end_to_end_latency,131,1626.0
end_to_end_latency,132,1575.0
end_to_end_latency,133,1525.0
end_to_end_latency,134,1475.0
end_to_end_latency,135,1425.0
end_to_end_latency,136,1376.0
end_to_end_latency,140,1976.0
end_to_end_latency,141,1926.0
end_to_end_latency,142,1876.0
end_to_end_latency,143,1825.0
end_to_end_latency,144,1775.0
end_to_end_latency,145,1726.0
end_to_end_latency,146,1676.0
end_to_end_latency,147,1625.0
end_to_end_latency,148,1575.0
end_to_end_latency,149,1526.0
end_to_end_latency,150,1476.0
end_to_end_latency,151,1427.0
end_to_end_latency,152,1376.0
end_to_end_latency,153,1327.0
end_to_end_latency,154,1277.0
end_to_end_latency,155,1227.0
end_to_end_latency,156,1996.0
end_to_end_latency,157,1945.0
end_to_end_latency,158,1895.0
end_to_end_latency,159,1846.0
end_to_end_latency,160,1795.0
end_to_end_latency,161,1746.0
end_to_end_latency,162,1696.0
end_to_end_latency,163,1646.0
end_to_end_latency,164,1596.0
end_to_end_latency,165,1545.0
end_to_end_latency,166,1496.0
end_to_end_latency,167,1446.0
end_to_end_latency,168,1396.0
end_to_end_latency,169,1347.0
end_to_end_latency,170,1296.0
end_to_end_latency,171,1246.0
end_to_end_latency,172,1196.0
end_to_end_latency,173,1146.0
end_to_end_latency,174,1096.0
end_to_end_latency,175,1047.0
end_to_end_latency,176,996.0
end_to_end_latency,177,947.0
end_to_end_latency,178,896.0
end_to_end_latency,179,1649.0
end_to_end_latency,180,1599.0
end_to_end_latency,181,1548.0
end_to_end_latency,182,1498.0
end_to_end_latency,183,1448.0
end_to_end_latency,184,1399.0
end_to_end_latency,185,2182.0
end_to_end_latency,186,2132.0
end_to_end_latency,187,2082.0
end_to_end_latency,188,2032.0
end_to_end_latency,189,1982.0
end_to_end_latency,190,1932.0
end_to_end_latency,191,1883.0
end_to_end_latency,192,1833.0
end_to_end_latency,193,1783.0
end_to_end_latency,194,1733.0
end_to_end_latency,195,1684.0
end_to_end_latency,196,1634.0
end_to_end_latency,197,1584.0
end_to_end_latency,198,1534.0
end_to_end_latency,199,1483.0
end_to_end_latency,200,1433.0
end_to_end_latency,205,2011.0
end_to_end_latency,206,1961.0
end_to_end_latency,207,1911.0
end_to_end_latency,208,1860.0
end_to_end_latency,209,1811.0
end_to_end_latency,210,1760.0
end_to_end_latency,211,1710.0
end_to_end_latency,212,1660.0
end_to_end_latency,213,1562.0
end_to_end_latency,214,1561.0
end_to_end_latency,215,1511.0
end_to_end_latency,216,1460.0
end_to_end_latency,217,1410.0
end_to_end_latency,218,1361.0
end_to_end_latency,219,1311.0
end_to_end_latency,220,1260.0
end_to_end_latency,221,1960.0
end_to_end_latency,222,1911.0
end_to_end_latency,223,1860.0
end_to_end_latency,224,1810.0
end_to_end_latency,225,1760.0
end_to_end_latency,226,1711.0
end_to_end_latency,227,1660.0
end_to_end_latency,228,1610.0
end_to_end_latency,229,1561.0
end_to_end_latency,230,1511.0
end_to_end_latency,231,1460.0
end_to_end_latency,232,1410.0
end_to_end_latency,233,1361.0
end_to_end_latency,237,1993.0
end_to_end_latency,238,1943.0
end_to_end_latency,239,1893.0
end_to_end_latency,240,1842.0
end_to_end_latency,241,1792.0
end_to_end_latency,242,1743.0
end_to_end_latency,243,1692.0
end_to_end_latency,244,1642.0
end_to_end_latency,245,1593.0
end_to_end_latency,246,1543.0
end_to_end_latency,247,1493.0
end_to_end_latency,248,1443.0
end_to_end_latency,249,1394.0
end_to_end_latency,250,1344.0
end_to_end_latency,251,1293.0
end_to_end_latency,252,1243.0
end_to_end_latency,253,1193.0
end_to_end_latency,254,1143.0
end_to_end_latency,255,1092.0
end_to_end_latency,256,1043.0
end_to_end_latency,257,2443.0
end_to_end_latency,258,2393.0
end_to_end_latency,259,2343.0
end_to_end_latency,260,2294.0
end_to_end_latency,261,2242.0
end_to_end_latency,262,2193.0
end_to_end_latency,263,2143.0
end_to_end_latency,264,2093.0
end_to_end_latency,265,2043.0
end_to_end_latency,270,1793.0
end_to_end_latency,271,1743.0
end_to_end_latency,272,1693.0
end_to_end_latency,273,1643.0
end_to_end_latency,274,1592.0
end_to_end_latency,275,1542.0
end_to_end_latency,276,1492.0
end_to_end_latency,277,1443.0
end_to_end_latency,278,1393.0
end_to_end_latency,279,1344.0
end_to_end_latency,280,1293.0
end_to_end_latency,281,1244.0
end_to_end_latency,282,1194.0
end_to_end_latency,283,1933.0
end_to_end_latency,284,1883.0
end_to_end_latency,285,1833.0
end_to_end_latency,286,1783.0
end_to_end_latency,287,1733.0
end_to_end_latency,288,1682.0
end_to_end_latency,289,1634.0
end_to_end_latency,290,1584.0
end_to_end_latency,291,1534.0
end_to_end_latency,299,1745.0
end_to_end_latency,300,1696.0
end_to_end_latency,301,1646.0
end_to_end_latency,302,1596.0
end_to_end_latency,303,1546.0
end_to_end_latency,304,1496.0
end_to_end_latency,305,1446.0
end_to_end_latency,306,1396.0
end_to_end_latency,307,1346.0
end_to_end_latency,308,1296.0
end_to_end_latency,309,1246.0
end_to_end_latency,310,2011.0
end_to_end_latency,311,1961.0
end_to_end_latency,312,1911.0
end_to_end_latency,313,1861.0
end_to_end_latency,314,1811.0
end_to_end_latency,315,1761.0
end_to_end_latency,316,1712.0
end_to_end_latency,317,1662.0
end_to_end_latency,318,1612.0
end_to_end_latency,319,1562.0
end_to_end_latency,320,1512.0
end_to_end_latency,321,1462.0
end_to_end_latency,322,1412.0
end_to_end_latency,323,1362.0
end_to_end_latency,324,1312.0
end_to_end_latency,325,1262.0
end_to_end_latency,326,1212.0
end_to_end_latency,327,1162.0
end_to_end_latency,328,1112.0
end_to_end_latency,329,1062.0
end_to_end_latency,330,1012.0
end_to_end_latency,331,962.0
end_to_end_latency,332,1655.0
end_to_end_latency,333,1606.0
end_to_end_latency,334,1556.0
end_to_end_latency,335,1506.0
end_to_end_latency,336,1456.0
end_to_end_latency,337,1406.0
end_to_end_latency,338,1356.0
end_to_end_latency,345,1830.0
end_to_end_latency,346,1780.0
end_to_end_latency,347,1730.0
end_to_end_latency,348,1680.0
end_to_end_latency,349,1630.0
end_to_end_latency,350,1580.0
end_to_end_latency,351,1530.0
end_to_end_latency,352,1480.0
end_to_end_latency,353,1429.0
end_to_end_latency,354,1380.0
end_to_end_latency,355,1330.0
end_to_end_latency,356,1280.0
end_to_end_latency,357,1230.0
end_to_end_latency,358,1987.0
end_to_end_latency,359,1936.0
end_to_end_latency,360,1886.0
end_to_end_latency,361,1836.0
end_to_end_latency,362,1786.0
end_to_end_latency,363,1736.0
end_to_end_latency,364,1685.0
end_to_end_latency,365,1636.0
end_to_end_latency,366,1586.0
end_to_end_latency,367,1536.0
end_to_end_latency,368,1487.0
end_to_end_latency,369,1437.0
end_to_end_latency,370,1387.0
end_to_end_latency,0,1800.0
end_to_end_latency,1,2557.0
end_to_end_latency,2,2507.0
end_to_end_latency,3,2457.0
end_to_end_latency,4,2407.0
end_to_end_latency,5,2357.0
end_to_end_latency,6,2307.0
end_to_end_latency,7,2257.0
end_to_end_latency,8,2208.0
end_to_end_latency,9,2158.0
end_to_end_latency,10,2107.0
end_to_end_latency,11,2057.0
end_to_end_latency,12,2008.0
end_to_end_latency,13,1957.0
end_to_end_latency,14,1907.0
end_to_end_latency,15,1857.0
end_to_end_latency,16,1807.0
end_to_end_latency,17,1757.0
end_to_end_latency,18,1707.0
end_to_end_latency,19,1658.0
end_to_end_latency,20,1607.0
end_to_end_latency,21,1557.0
end_to_end_latency,22,1508.0
end_to_end_latency,23,1457.0
end_to_end_latency,24,1408.0
end_to_end_latency,25,1358.0
end_to_end_latency,26,1308.0
end_to_end_latency,27,2067.0
end_to_end_latency,28,2017.0
end_to_end_latency,29,1967.0
end_to_end_latency,30,1917.0
end_to_end_latency,31,1867.0
end_to_end_latency,32,1817.0
end_to_end_latency,33,1767.0
end_to_end_latency,34,1717.0
end_to_end_latency,35,1668.0
end_to_end_latency,36,1617.0
end_to_end_latency,37,1567.0
end_to_end_latency,38,1517.0
end_to_end_latency,39,1467.0
end_to_end_latency,40,1417.0
end_to_end_latency,41,1367.0
end_to_end_latency,42,1317.0
end_to_end_latency,43,1267.0
end_to_end_latency,44,2050.0
end_to_end_latency,45,2000.0
end_to_end_latency,46,1950.0
end_to_end_latency,47,1900.0
end_to_end_latency,48,1850.0
end_to_end_latency,49,1799.0
end_to_end_latency,50,1750.0
end_to_end_latency,51,1700.0
end_to_end_latency,52,1650.0
end_to_end_latency,53,1601.0
end_to_end_latency,54,1551.0
end_to_end_latency,55,1501.0
end_to_end_latency,56,1451.0
end_to_end_latency,57,1401.0
end_to_end_latency,58,1350.0
end_to_end_latency,59,1301.0
end_to_end_latency,60,2060.0
end_to_end_latency,61,2010.0
end_to_end_latency,62,1960.0
end_to_end_latency,63,1909.0
end_to_end_latency,64,1860.0
end_to_end_latency,65,1810.0
end_to_end_latency,66,1760.0
end_to_end_latency,67,1710.0
end_to_end_latency,68,1660.0
end_to_end_latency,69,1609.0
end_to_end_latency,70,1560.0
end_to_end_latency,71,1510.0
end_to_end_latency,72,1460.0
end_to_end_latency,73,1411.0
end_to_end_latency,74,1361.0
end_to_end_latency,75,1311.0
end_to_end_latency,76,2086.0
end_to_end_latency,77,2037.0
end_to_end_latency,78,1987.0
end_to_end_latency,79,1937.0
end_to_end_latency,80,1887.0
end_to_end_latency,81,1837.0
end_to_end_latency,82,1787.0
end_to_end_latency,83,1738.0
end_to_end_latency,84,1688.0
end_to_end_latency,85,1638.0
end_to_end_latency,86,1588.0
end_to_end_latency,87,1538.0
end_to_end_latency,88,1488.0
end_to_end_latency,89,1437.0
end_to_end_latency,90,1387.0
end_to_end_latency,91,1338.0
end_to_end_latency,92,2042.0
end_to_end_latency,93,1993.0
end_to_end_latency,94,1943.0
end_to_end_latency,95,1893.0
end_to_end_latency,96,1842.0
end_to_end_latency,97,1792.0
end_to_end_latency,98,1742.0
end_to_end_latency,99,1694.0
end_to_end_latency,100,1643.0
end_to_end_latency,101,1594.0
end_to_end_latency,102,1544.0
end_to_end_latency,103,1494.0
end_to_end_latency,104,1444.0
end_to_end_latency,105,1394.0
end_to_end_latency,106,1344.0
end_to_end_latency,107,1294.0
end_to_end_latency,108,1244.0
end_to_end_latency,112,1844.0
end_to_end_latency,113,1793.0
end_to_end_latency,114,1744.0
end_to_end_latency,115,1693.0
end_to_end_latency,116,1644.0
end_to_end_latency,117,1594.0
end_to_end_latency,118,1545.0
end_to_end_latency,119,1495.0
end_to_end_latency,120,1445.0
end_to_end_latency,121,1395.0
end_to_end_latency,122,1345.0
end_to_end_latency,123,1295.0
end_to_end_latency,124,1245.0
end_to_end_latency,128,1852.0
end_to_end_latency,129,1801.0
end_to_end_latency,130,1751.0
end_to_end_latency,131,1701.0
end_to_end_latency,132,1651.0
end_to_end_latency,133,1601.0
end_to_end_latency,134,1552.0
end_to_end_latency,135,1502.0
end_to_end_latency,136,1451.0
end_to_end_latency,137,1402.0
end_to_end_latency,138,1351.0
end_to_end_latency,139,1302.0
end_to_end_latency,140,1251.0
end_to_end_latency,141,2001.0
end_to_end_latency,142,1951.0
end_to_end_latency,143,1901.0
end_to_end_latency,144,1852.0
end_to_end_latency,145,1801.0
end_to_end_latency,146,1751.0
end_to_end_latency,147,1702.0
end_to_end_latency,148,1652.0
end_to_end_latency,149,1602.0
end_to_end_latency,150,1552.0
end_to_end_latency,151,2321.0
end_to_end_latency,152,2272.0
end_to_end_latency,153,2221.0
end_to_end_latency,154,2172.0
end_to_end_latency,155,2121.0
end_to_end_latency,156,2072.0
end_to_end_latency,157,2022.0
end_to_end_latency,158,1972.0
end_to_end_latency,159,1921.0
end_to_end_latency,160,1872.0
end_to_end_latency,161,1822.0
end_to_end_latency,162,1772.0
end_to_end_latency,163,1722.0
end_to_end_latency,164,1671.0
end_to_end_latency,165,1622.0
end_to_end_latency,166,1571.0
end_to_end_latency,167,1522.0
end_to_end_latency,168,1473.0
end_to_end_latency,169,1422.0
end_to_end_latency,170,1373.0
end_to_end_latency,171,1322.0
end_to_end_latency,172,1273.0
end_to_end_latency,173,1223.0
end_to_end_latency,177,1824.0
end_to_end_latency,178,1773.0
end_to_end_latency,179,1724.0
end_to_end_latency,180,1674.0
end_to_end_latency,181,1625.0
end_to_end_latency,182,1575.0
end_to_end_latency,183,1525.0
end_to_end_latency,184,1474.0
end_to_end_latency,185,1424.0
end_to_end_latency,186,1375.0
end_to_end_latency,187,1324.0
end_to_end_latency,188,1275.0
end_to_end_latency,189,1225.0
end_to_end_latency,190,1174.0
end_to_end_latency,191,1125.0
end_to_end_latency,192,1075.0
end_to_end_latency,193,1858.0
end_to_end_latency,194,1809.0
end_to_end_latency,195,1759.0
end_to_end_latency,196,1710.0
end_to_end_latency,197,1659.0
end_to_end_latency,198,1610.0
end_to_end_latency,199,1559.0
end_to_end_latency,200,1509.0
end_to_end_latency,201,1460.0
end_to_end_latency,202,1409.0
end_to_end_latency,203,2187.0
end_to_end_latency,204,2136.0
end_to_end_latency,205,2086.0
end_to_end_latency,206,2037.0
end_to_end_latency,207,1987.0
end_to_end_latency,208,1936.0
end_to_end_latency,209,1887.0
end_to_end_latency,210,1836.0
end_to_end_latency,211,1786.0
end_to_end_latency,212,1737.0
end_to_end_latency,213,1686.0
end_to_end_latency,214,1637.0
end_to_end_latency,215,1586.0
end_to_end_latency,216,1537.0
end_to_end_latency,217,1486.0
end_to_end_latency,218,1436.0
end_to_end_latency,219,2136.0
end_to_end_latency,220,2086.0
end_to_end_latency,221,2037.0
end_to_end_latency,222,1986.0
end_to_end_latency,223,1936.0
end_to_end_latency,224,1886.0
end_to_end_latency,225,1837.0
end_to_end_latency,226,1786.0
end_to_end_latency,227,1736.0
end_to_end_latency,228,1686.0
end_to_end_latency,229,1637.0
end_to_end_latency,230,1587.0
end_to_end_latency,231,1537.0
end_to_end_latency,232,1487.0
end_to_end_latency,233,1437.0
end_to_end_latency,234,1386.0
end_to_end_latency,242,1818.0
end_to_end_latency,243,1768.0
end_to_end_latency,244,1718.0
end_to_end_latency,245,1668.0
end_to_end_latency,246,1618.0
end_to_end_latency,247,1569.0
end_to_end_latency,248,1520.0
end_to_end_latency,249,1470.0
end_to_end_latency,250,1419.0
end_to_end_latency,251,2820.0
end_to_end_latency,252,2769.0
end_to_end_latency,253,2720.0
end_to_end_latency,254,2670.0
end_to_end_latency,255,2620.0
end_to_end_latency,256,2569.0
end_to_end_latency,257,2519.0
end_to_end_latency,258,2470.0
end_to_end_latency,259,2419.0
end_to_end_latency,260,2370.0
end_to_end_latency,261,2319.0
end_to_end_latency,262,2269.0
end_to_end_latency,263,2220.0
end_to_end_latency,264,2170.0
end_to_end_latency,265,2119.0
end_to_end_latency,266,2069.0
end_to_end_latency,267,2019.0
end_to_end_latency,268,1969.0
end_to_end_latency,269,1919.0
end_to_end_latency,270,1869.0
end_to_end_latency,271,1819.0
end_to_end_latency,272,1770.0
end_to_end_latency,273,1719.0
end_to_end_latency,274,1669.0
end_to_end_latency,275,1619.0
end_to_end_latency,276,1569.0
end_to_end_latency,277,1520.0
end_to_end_latency,278,1469.0
end_to_end_latency,279,1419.0
end_to_end_latency,280,1369.0
end_to_end_latency,281,2109.0
end_to_end_latency,282,2059.0
end_to_end_latency,283,2009.0
end_to_end_latency,284,1960.0
end_to_end_latency,285,1910.0
end_to_end_latency,286,1859.0
end_to_end_latency,287,1809.0
end_to_end_latency,288,1760.0
end_to_end_latency,289,1709.0
end_to_end_latency,290,1659.0
end_to_end_latency,291,1609.0
end_to_end_latency,292,1559.0
end_to_end_latency,293,1509.0
end_to_end_latency,294,1461.0
end_to_end_latency,295,1410.0
end_to_end_latency,296,1361.0
end_to_end_latency,301,1722.0
end_to_end_latency,302,1672.0
end_to_end_latency,303,1622.0
end_to_end_latency,304,1572.0
end_to_end_latency,305,1522.0
end_to_end_latency,306,1473.0
end_to_end_latency,307,1422.0
end_to_end_latency,308,1372.0
end_to_end_latency,309,1322.0
end_to_end_latency,310,1273.0
end_to_end_latency,311,2037.0
end_to_end_latency,312,1987.0
end_to_end_latency,313,1937.0
end_to_end_latency,314,1887.0
end_to_end_latency,315,1838.0
end_to_end_latency,316,1787.0
end_to_end_latency,317,1737.0
end_to_end_latency,318,1687.0
end_to_end_latency,319,1637.0
end_to_end_latency,320,1587.0
end_to_end_latency,321,1538.0
end_to_end_latency,322,1488.0
end_to_end_latency,323,1438.0
end_to_end_latency,324,1388.0
end_to_end_latency,325,1338.0
end_to_end_latency,326,1288.0
end_to_end_latency,327,1981.0
end_to_end_latency,328,1931.0
end_to_end_latency,329,1881.0
end_to_end_latency,330,1832.0
end_to_end_latency,331,1782.0
end_to_end_latency,332,1732.0
end_to_end_latency,333,1683.0
end_to_end_latency,334,1632.0
end_to_end_latency,335,1582.0
end_to_end_latency,336,1532.0
end_to_end_latency,337,1482.0
end_to_end_latency,338,1432.0
end_to_end_latency,339,1383.0
end_to_end_latency,340,1332.0
end_to_end_latency,341,1282.0
end_to_end_latency,342,1232.0
end_to_end_latency,343,1182.0
end_to_end_latency,344,1132.0
end_to_end_latency,345,1082.0
end_to_end_latency,346,1032.0
end_to_end_latency,347,1806.0
end_to_end_latency,348,1756.0
end_to_end_latency,349,1706.0
end_to_end_latency,350,1656.0
end_to_end_latency,351,1606.0
end_to_end_latency,352,1556.0
end_to_end_latency,353,2312.0
end_to_end_latency,354,2262.0
end_to_end_latency,355,2212.0
end_to_end_latency,356,2162.0
end_to_end_latency,357,2111.0
end_to_end_latency,358,2062.0
end_to_end_latency,359,2012.0
end_to_end_latency,360,1962.0
end_to_end_latency,361,1913.0
end_to_end_latency,362,1862.0
end_to_end_latency,363,1812.0
end_to_end_latency,364,1762.0
end_to_end_latency,365,1712.0
end_to_end_latency,366,1663.0
end_to_end_latency,367,1613.0
end_to_end_latency,368,1564.0
end_to_end_latency,369,1513.0
end_to_end_latency,370,1463.0
end_to_end_latency,371,1413.0
end_to_end_latency,372,1363.0
end_to_end_latency,0,1804.0
end_to_end_latency,1,1754.0
end_to_end_latency,2,2511.0
end_to_end_latency,3,2461.0
end_to_end_latency,4,2411.0
end_to_end_latency,5,2361.0
end_to_end_latency,6,2311.0
end_to_end_latency,7,2262.0
end_to_end_latency,8,2211.0
end_to_end_latency,9,2163.0
end_to_end_latency,10,2112.0
end_to_end_latency,11,2062.0
end_to_end_latency,12,2012.0
end_to_end_latency,13,1962.0
end_to_end_latency,14,1912.0
end_to_end_latency,15,1862.0
end_to_end_latency,16,1812.0
end_to_end_latency,17,1762.0
end_to_end_latency,18,1712.0
end_to_end_latency,19,1662.0
end_to_end_latency,20,1612.0
end_to_end_latency,21,1562.0
end_to_end_latency,22,1512.0
end_to_end_latency,23,1463.0
end_to_end_latency,24,1412.0
end_to_end_latency,25,1363.0
end_to_end_latency,26,1312.0
end_to_end_latency,27,1262.0
end_to_end_latency,28,1212.0
end_to_end_latency,29,1162.0
end_to_end_latency,30,1112.0
end_to_end_latency,31,1062.0
end_to_end_latency,32,1012.0
end_to_end_latency,33,963.0
end_to_end_latency,34,913.0
end_to_end_latency,35,1671.0
end_to_end_latency,36,1621.0
end_to_end_latency,37,1571.0
end_to_end_latency,38,1522.0
end_to_end_latency,39,1472.0
end_to_end_latency,40,1421.0
end_to_end_latency,41,1371.0
end_to_end_latency,42,1321.0
end_to_end_latency,43,1272.0
end_to_end_latency,44,1221.0
end_to_end_latency,45,2004.0
end_to_end_latency,46,1954.0
end_to_end_latency,47,1904.0
end_to_end_latency,48,1854.0
end_to_end_latency,49,1804.0
end_to_end_latency,50,1754.0
end_to_end_latency,51,1704.0
end_to_end_latency,52,1654.0
end_to_end_latency,53,1605.0
end_to_end_latency,54,2364.0
end_to_end_latency,55,2314.0
end_to_end_latency,56,2264.0
end_to_end_latency,57,2214.0
end_to_end_latency,58,2163.0
end_to_end_latency,59,2114.0
end_to_end_latency,60,2064.0
end_to_end_latency,61,2014.0
end_to_end_latency,62,1964.0
end_to_end_latency,63,1914.0
end_to_end_latency,64,1863.0
end_to_end_latency,65,1813.0
end_to_end_latency,66,1764.0
end_to_end_latency,67,1714.0
end_to_end_latency,68,1664.0
end_to_end_latency,69,1614.0
end_to_end_latency,70,1564.0
end_to_end_latency,71,1515.0
end_to_end_latency,72,1465.0
end_to_end_latency,73,1415.0
end_to_end_latency,74,1365.0
end_to_end_latency,75,1315.0
end_to_end_latency,76,1265.0
end_to_end_latency,80,1891.0
end_to_end_latency,81,1841.0
end_to_end_latency,82,1791.0
end_to_end_latency,83,1742.0
end_to_end_latency,84,1691.0
end_to_end_latency,85,1641.0
end_to_end_latency,86,1591.0
end_to_end_latency,87,1541.0
end_to_end_latency,88,1492.0
end_to_end_latency,89,1442.0
end_to_end_latency,90,2147.0
end_to_end_latency,91,2097.0
end_to_end_latency,92,2047.0
end_to_end_latency,93,1997.0
end_to_end_latency,94,1947.0
end_to_end_latency,95,1897.0
end_to_end_latency,96,1847.0
end_to_end_latency,97,1798.0
end_to_end_latency,98,1747.0
end_to_end_latency,99,1698.0
end_to_end_latency,100,1647.0
end_to_end_latency,101,1598.0
end_to_end_latency,102,1548.0
end_to_end_latency,103,1498.0
end_to_end_latency,104,1448.0
end_to_end_latency,105,1398.0
end_to_end_latency,106,1348.0
end_to_end_latency,107,1299.0
end_to_end_latency,108,1248.0
end_to_end_latency,109,1198.0
end_to_end_latency,110,1148.0
end_to_end_latency,111,1098.0
end_to_end_latency,112,1047.0
end_to_end_latency,113,998.0
end_to_end_latency,114,948.0
end_to_end_latency,115,898.0
end_to_end_latency,116,1648.0
end_to_end_latency,117,1599.0
end_to_end_latency,118,1549.0
end_to_end_latency,119,1499.0
end_to_end_latency,120,1449.0
end_to_end_latency,121,1399.0
end_to_end_latency,122,1349.0
end_to_end_latency,123,2105.0
end_to_end_latency,124,2056.0
end_to_end_latency,125,2006.0
end_to_end_latency,126,1956.0
end_to_end_latency,127,1905.0
end_to_end_latency,128,1856.0
end_to_end_latency,129,1805.0
end_to_end_latency,130,1756.0
end_to_end_latency,131,1706.0
end_to_end_latency,132,1656.0
end_to_end_latency,133,1606.0
end_to_end_latency,134,1556.0
end_to_end_latency,135,1506.0
end_to_end_latency,136,1457.0
end_to_end_latency,137,1407.0
end_to_end_latency,138,1357.0
end_to_end_latency,145,1805.0
end_to_end_latency,146,1756.0
end_to_end_latency,147,1706.0
end_to_end_latency,148,1656.0
end_to_end_latency,149,1606.0
end_to_end_latency,150,1555.0
end_to_end_latency,151,1506.0
end_to_end_latency,152,1456.0
end_to_end_latency,153,1407.0
end_to_end_latency,154,1356.0
end_to_end_latency,155,2125.0
end_to_end_latency,156,2076.0
end_to_end_latency,157,2026.0
end_to_end_latency,158,1975.0
end_to_end_latency,159,1926.0
end_to_end_latency,160,1876.0
end_to_end_latency,161,1826.0
end_to_end_latency,162,1775.0
end_to_end_latency,163,1726.0
end_to_end_latency,164,1675.0
end_to_end_latency,165,1626.0
end_to_end_latency,166,1576.0
end_to_end_latency,167,1526.0
end_to_end_latency,168,1477.0
end_to_end_latency,169,1426.0
end_to_end_latency,170,1377.0
end_to_end_latency,171,2127.0
end_to_end_latency,172,2078.0
end_to_end_latency,173,2027.0
end_to_end_latency,174,1978.0
end_to_end_latency,175,1929.0
end_to_end_latency,176,1877.0
end_to_end_latency,177,1828.0
end_to_end_latency,178,1778.0
end_to_end_latency,179,1728.0
end_to_end_latency,180,1677.0
end_to_end_latency,181,1628.0
end_to_end_latency,182,1579.0
end_to_end_latency,183,1529.0
end_to_end_latency,184,1479.0
end_to_end_latency,185,1429.0
end_to_end_latency,186,1379.0
end_to_end_latency,187,1329.0
end_to_end_latency,188,1278.0
end_to_end_latency,189,1229.0
end_to_end_latency,190,1179.0
end_to_end_latency,191,1128.0
end_to_end_latency,192,1079.0
end_to_end_latency,193,1029.0
end_to_end_latency,194,979.0
end_to_end_latency,195,929.0
end_to_end_latency,196,879.0
end_to_end_latency,197,1664.0
end_to_end_latency,198,1614.0
end_to_end_latency,199,1564.0
end_to_end_latency,200,1514.0
end_to_end_latency,201,1463.0
end_to_end_latency,202,1413.0
end_to_end_latency,203,1364.0
end_to_end_latency,204,2140.0
end_to_end_latency,205,2090.0
end_to_end_latency,206,2041.0
end_to_end_latency,207,1991.0
end_to_end_latency,208,1941.0
end_to_end_latency,209,1890.0
end_to_end_latency,210,1841.0
end_to_end_latency,211,1790.0
end_to_end_latency,212,1740.0
end_to_end_latency,213,1691.0
end_to_end_latency,214,1640.0
end_to_end_latency,215,1590.0
end_to_end_latency,216,1541.0
end_to_end_latency,217,1491.0
end_to_end_latency,218,1440.0
end_to_end_latency,219,1390.0
end_to_end_latency,220,2091.0
end_to_end_latency,221,2040.0
end_to_end_latency,222,1991.0
end_to_end_latency,223,1940.0
end_to_end_latency,224,1891.0
end_to_end_latency,225,1840.0
end_to_end_latency,226,1790.0
end_to_end_latency,227,1740.0
end_to_end_latency,228,1690.0
end_to_end_latency,229,1641.0
end_to_end_latency,230,1590.0
end_to_end_latency,231,1540.0
end_to_end_latency,232,1490.0
end_to_end_latency,233,1440.0
end_to_end_latency,234,1390.0
end_to_end_latency,235,1341.0
end_to_end_latency,239,1972.0
end_to_end_latency,240,1922.0
end_to_end_latency,241,1873.0
end_to_end_latency,242,1822.0
end_to_end_latency,243,1773.0
end_to_end_latency,244,1722.0
end_to_end_latency,245,1673.0
end_to_end_latency,246,1623.0
end_to_end_latency,247,1572.0
end_to_end_latency,248,1522.0
end_to_end_latency,249,1473.0
end_to_end_latency,250,1424.0
end_to_end_latency,251,1373.0
end_to_end_latency,252,2773.0
end_to_end_latency,253,2723.0
end_to_end_latency,254,2674.0
end_to_end_latency,255,2623.0
end_to_end_latency,256,2574.0
end_to_end_latency,257,2523.0
end_to_end_latency,258,2473.0
end_to_end_latency,259,2424.0
end_to_end_latency,260,2373.0
end_to_end_latency,261,2323.0
end_to_end_latency,262,2272.0
end_to_end_latency,263,2224.0
end_to_end_latency,264,2174.0
end_to_end_latency,265,2123.0
end_to_end_latency,266,2073.0
end_to_end_latency,267,2023.0
end_to_end_latency,268,1973.0
end_to_end_latency,269,1923.0
end_to_end_latency,270,1873.0
end_to_end_latency,271,1824.0
end_to_end_latency,272,1773.0
end_to_end_latency,273,1724.0
end_to_end_latency,274,1673.0
end_to_end_latency,275,1623.0
end_to_end_latency,276,1573.0
end_to_end_latency,277,1523.0
end_to_end_latency,278,1473.0
end_to_end_latency,279,1424.0
end_to_end_latency,280,1374.0
end_to_end_latency,281,1324.0
end_to_end_latency,282,2063.0
end_to_end_latency,283,2013.0
end_to_end_latency,284,1964.0
end_to_end_latency,285,1913.0
end_to_end_latency,286,1863.0
end_to_end_latency,287,1813.0
end_to_end_latency,288,1763.0
end_to_end_latency,289,1714.0
end_to_end_latency,290,1663.0
end_to_end_latency,291,1613.0
end_to_end_latency,292,1563.0
end_to_end_latency,293,1513.0
end_to_end_latency,294,1464.0
end_to_end_latency,295,1413.0
end_to_end_latency,296,1363.0
end_to_end_latency,297,1313.0
end_to_end_latency,298,1875.0
end_to_end_latency,299,1825.0
end_to_end_latency,300,1776.0
end_to_end_latency,301,1727.0
end_to_end_latency,302,1676.0
end_to_end_latency,303,1627.0
end_to_end_latency,304,1577.0
end_to_end_latency,305,1527.0
end_to_end_latency,306,1477.0
end_to_end_latency,307,1427.0
end_to_end_latency,308,1377.0
end_to_end_latency,309,2141.0
end_to_end_latency,310,2091.0
end_to_end_latency,311,2041.0
end_to_end_latency,312,1991.0
end_to_end_latency,313,1941.0
end_to_end_latency,314,1892.0
end_to_end_latency,315,1841.0
end_to_end_latency,316,1791.0
end_to_end_latency,317,1741.0
end_to_end_latency,318,1691.0
end_to_end_latency,319,1642.0
end_to_end_latency,320,1592.0
end_to_end_latency,321,1541.0
end_to_end_latency,322,1492.0
end_to_end_latency,323,1443.0
end_to_end_latency,324,1392.0
end_to_end_latency,325,2086.0
end_to_end_latency,326,2035.0
end_to_end_latency,327,1985.0
end_to_end_latency,328,1935.0
end_to_end_latency,329,1885.0
end_to_end_latency,330,1836.0
end_to_end_latency,331,1785.0
end_to_end_latency,332,1735.0
end_to_end_latency,333,1685.0
end_to_end_latency,334,1635.0
end_to_end_latency,335,1587.0
end_to_end_latency,336,1537.0
end_to_end_latency,337,1486.0
end_to_end_latency,338,1436.0
end_to_end_latency,339,1386.0
end_to_end_latency,340,1336.0
end_to_end_latency,341,1286.0
end_to_end_latency,342,1236.0
end_to_end_latency,343,1186.0
end_to_end_latency,344,1136.0
end_to_end_latency,345,1086.0
end_to_end_latency,346,1036.0
end_to_end_latency,347,986.0
end_to_end_latency,348,936.0
end_to_end_latency,349,887.0
end_to_end_latency,350,836.0
end_to_end_latency,351,1611.0
end_to_end_latency,352,1561.0
end_to_end_latency,353,1510.0
end_to_end_latency,354,1461.0
end_to_end_latency,355,1410.0
end_to_end_latency,356,1360.0
end_to_end_latency,357,2116.0
end_to_end_latency,358,2066.0
end_to_end_latency,359,2016.0
end_to_end_latency,360,1966.0
end_to_end_latency,361,1916.0
end_to_end_latency,362,1866.0
end_to_end_latency,363,1816.0
end_to_end_latency,364,1766.0
end_to_end_latency,365,1716.0
end_to_end_latency,366,1666.0
end_to_end_latency,367,1617.0
end_to_end_latency,368,1568.0
end_to_end_latency,369,1517.0
end_to_end_latency,370,1467.0
end_to_end_latency,371,1417.0
end_to_end_latency,372,1367.0
end_to_end_latency,373,1317.0
end_to_end_latency,4,2437.0
end_to_end_latency,5,2386.0
end_to_end_latency,6,2337.0
end_to_end_latency,7,2286.0
end_to_end_latency,8,2237.0
end_to_end_latency,9,2186.0
end_to_end_latency,10,2137.0
end_to_end_latency,11,2086.0
end_to_end_latency,12,2037.0
end_to_end_latency,13,1986.0
end_to_end_latency,14,1937.0
end_to_end_latency,15,1887.0
end_to_end_latency,16,1836.0
end_to_end_latency,17,1787.0
end_to_end_latency,18,1736.0
end_to_end_latency,19,1687.0
end_to_end_latency,20,1637.0
end_to_end_latency,21,1588.0
end_to_end_latency,22,1537.0
end_to_end_latency,23,1488.0
end_to_end_latency,24,1437.0
end_to_end_latency,25,1387.0
end_to_end_latency,26,2146.0
end_to_end_latency,27,2096.0
end_to_end_latency,28,2047.0
end_to_end_latency,29,1996.0
end_to_end_latency,30,1947.0
end_to_end_latency,31,1896.0
end_to_end_latency,32,1847.0
end_to_end_latency,33,1797.0
end_to_end_latency,34,1746.0
end_to_end_latency,35,1697.0
end_to_end_latency,36,1647.0
end_to_end_latency,37,1596.0
end_to_end_latency,38,1547.0
end_to_end_latency,39,1496.0
end_to_end_latency,40,1447.0
end_to_end_latency,41,1396.0
end_to_end_latency,42,1347.0
end_to_end_latency,49,1830.0
end_to_end_latency,50,1779.0
end_to_end_latency,51,1730.0
end_to_end_latency,52,1679.0
end_to_end_latency,53,1630.0
end_to_end_latency,54,1580.0
end_to_end_latency,55,1529.0
end_to_end_latency,56,1480.0
end_to_end_latency,57,1429.0
end_to_end_latency,58,1380.0
end_to_end_latency,62,1990.0
end_to_end_latency,63,1939.0
end_to_end_latency,64,1890.0
end_to_end_latency,65,1839.0
end_to_end_latency,66,1789.0
end_to_end_latency,67,1739.0
end_to_end_latency,68,1689.0
end_to_end_latency,69,1639.0
end_to_end_latency,70,1590.0
end_to_end_latency,71,1540.0
end_to_end_latency,72,1490.0
end_to_end_latency,73,1441.0
end_to_end_latency,74,1390.0
end_to_end_latency,75,2167.0
end_to_end_latency,76,2116.0
end_to_end_latency,77,2068.0
end_to_end_latency,78,1933.0
end_to_end_latency,79,1932.0
end_to_end_latency,80,1918.0
end_to_end_latency,81,1867.0
end_to_end_latency,82,1817.0
end_to_end_latency,83,1767.0
end_to_end_latency,84,1717.0
end_to_end_latency,85,1667.0
end_to_end_latency,86,1617.0
end_to_end_latency,87,1568.0
end_to_end_latency,88,1517.0
end_to_end_latency,89,1468.0
end_to_end_latency,90,1418.0
end_to_end_latency,91,1368.0
end_to_end_latency,92,1317.0
end_to_end_latency,93,1267.0
end_to_end_latency,94,1972.0
end_to_end_latency,95,1922.0
end_to_end_latency,96,1872.0
end_to_end_latency,97,1823.0
end_to_end_latency,98,1773.0
end_to_end_latency,99,1723.0
end_to_end_latency,100,1674.0
end_to_end_latency,101,1623.0
end_to_end_latency,102,1573.0
end_to_end_latency,103,1523.0
end_to_end_latency,104,1473.0
end_to_end_latency,105,1423.0
end_to_end_latency,106,1373.0
end_to_end_latency,107,1324.0
end_to_end_latency,108,1273.0
end_to_end_latency,109,1224.0
end_to_end_latency,110,1173.0
end_to_end_latency,111,1123.0
end_to_end_latency,112,1073.0
end_to_end_latency,113,1823.0
end_to_end_latency,114,1773.0
end_to_end_latency,115,1723.0
end_to_end_latency,116,1674.0
end_to_end_latency,117,1624.0
end_to_end_latency,118,1575.0
end_to_end_latency,119,1525.0
end_to_end_latency,120,1475.0
end_to_end_latency,121,1424.0
end_to_end_latency,122,1374.0
end_to_end_latency,129,1831.0
end_to_end_latency,130,1781.0
end_to_end_latency,131,1731.0
end_to_end_latency,132,1681.0
end_to_end_latency,133,1631.0
end_to_end_latency,134,1582.0
end_to_end_latency,135,1531.0
end_to_end_latency,136,1481.0
end_to_end_latency,137,1431.0
end_to_end_latency,138,1381.0
end_to_end_latency,142,1981.0
end_to_end_latency,143,1931.0
end_to_end_latency,144,1882.0
end_to_end_latency,145,1831.0
end_to_end_latency,146,1781.0
end_to_end_latency,147,1732.0
end_to_end_latency,148,1681.0
end_to_end_latency,149,1631.0
end_to_end_latency,150,1582.0
end_to_end_latency,151,1531.0
end_to_end_latency,152,1482.0
end_to_end_latency,153,1432.0
end_to_end_latency,154,1383.0
end_to_end_latency,155,2151.0
end_to_end_latency,156,2100.0
end_to_end_latency,157,2051.0
end_to_end_latency,158,2002.0
end_to_end_latency,159,1951.0
end_to_end_latency,160,1901.0
end_to_end_latency,161,1851.0
end_to_end_latency,162,1800.0
end_to_end_latency,163,1750.0
end_to_end_latency,164,1700.0
end_to_end_latency,165,1652.0
end_to_end_latency,166,1602.0
end_to_end_latency,167,1552.0
end_to_end_latency,168,1503.0
end_to_end_latency,169,1452.0
end_to_end_latency,170,1402.0
end_to_end_latency,171,1352.0
end_to_end_latency,175,1953.0
end_to_end_latency,176,1903.0
end_to_end_latency,177,1853.0
end_to_end_latency,178,1803.0
end_to_end_latency,179,1753.0
end_to_end_latency,180,1702.0
end_to_end_latency,181,1654.0
end_to_end_latency,182,1604.0
end_to_end_latency,183,1555.0
end_to_end_latency,184,1505.0
end_to_end_latency,185,1454.0
end_to_end_latency,186,1404.0
end_to_end_latency,187,1354.0
end_to_end_latency,188,1304.0
end_to_end_latency,189,1254.0
end_to_end_latency,190,1204.0
end_to_end_latency,191,1154.0
end_to_end_latency,192,1104.0
end_to_end_latency,193,1054.0
end_to_end_latency,194,1838.0
end_to_end_latency,195,1788.0
end_to_end_latency,196,1738.0
end_to_end_latency,197,1688.0
end_to_end_latency,198,1639.0
end_to_end_latency,199,1589.0
end_to_end_latency,200,1539.0
end_to_end_latency,201,1489.0
end_to_end_latency,202,1439.0
end_to_end_latency,203,1389.0
end_to_end_latency,204,2166.0
end_to_end_latency,205,2116.0
end_to_end_latency,206,2067.0
end_to_end_latency,207,2016.0
end_to_end_latency,208,1967.0
end_to_end_latency,209,1916.0
end_to_end_latency,210,1865.0
end_to_end_latency,211,1816.0
end_to_end_latency,212,1766.0
end_to_end_latency,213,1716.0
end_to_end_latency,214,1666.0
end_to_end_latency,215,1616.0
end_to_end_latency,216,1566.0
end_to_end_latency,217,1516.0
end_to_end_latency,218,1466.0
end_to_end_latency,219,1416.0
end_to_end_latency,220,2116.0
end_to_end_latency,221,2066.0
end_to_end_latency,222,2016.0
end_to_end_latency,223,1966.0
end_to_end_latency,224,1915.0
end_to_end_latency,225,1866.0
end_to_end_latency,226,1816.0
end_to_end_latency,227,1766.0
end_to_end_latency,228,1716.0
end_to_end_latency,229,1666.0
end_to_end_latency,230,1616.0
end_to_end_latency,231,1566.0
end_to_end_latency,232,1516.0
end_to_end_latency,233,1466.0
end_to_end_latency,234,1416.0
end_to_end_latency,235,1366.0
end_to_end_latency,236,1316.0
end_to_end_latency,237,2098.0
end_to_end_latency,238,2048.0
end_to_end_latency,239,1998.0
end_to_end_latency,240,1948.0
end_to_end_latency,241,1897.0
end_to_end_latency,242,1848.0
end_to_end_latency,243,1798.0
end_to_end_latency,244,1748.0
end_to_end_latency,245,1698.0
end_to_end_latency,246,1649.0
end_to_end_latency,247,1599.0
end_to_end_latency,248,1549.0
end_to_end_latency,249,1500.0
end_to_end_latency,250,2898.0
end_to_end_latency,251,2849.0
end_to_end_latency,252,2798.0
end_to_end_latency,253,2749.0
end_to_end_latency,254,2699.0
end_to_end_latency,255,2649.0
end_to_end_latency,256,2598.0
end_to_end_latency,257,2549.0
end_to_end_latency,258,2499.0
end_to_end_latency,259,2449.0
end_to_end_latency,260,2399.0
end_to_end_latency,261,2348.0
end_to_end_latency,262,2299.0
end_to_end_latency,263,2249.0
end_to_end_latency,264,2199.0
end_to_end_latency,265,2149.0
end_to_end_latency,266,2099.0
end_to_end_latency,267,2048.0
end_to_end_latency,268,1998.0
end_to_end_latency,272,1799.0
end_to_end_latency,273,1749.0
end_to_end_latency,274,1699.0
end_to_end_latency,275,1648.0
end_to_end_latency,276,1599.0
end_to_end_latency,277,1549.0
end_to_end_latency,278,1499.0
end_to_end_latency,279,1449.0
end_to_end_latency,280,1399.0
end_to_end_latency,281,1349.0
end_to_end_latency,282,2088.0
end_to_end_latency,283,2039.0
end_to_end_latency,284,1988.0
end_to_end_latency,285,1939.0
end_to_end_latency,286,1889.0
end_to_end_latency,287,1839.0
end_to_end_latency,288,1789.0
end_to_end_latency,289,1740.0
end_to_end_latency,290,1689.0
end_to_end_latency,291,1639.0
end_to_end_latency,292,1589.0
end_to_end_latency,293,1539.0
end_to_end_latency,294,1489.0
end_to_end_latency,295,1438.0
end_to_end_latency,296,1389.0
end_to_end_latency,297,1338.0
end_to_end_latency,298,1901.0
end_to_end_latency,299,1851.0
end_to_end_latency,300,1802.0
end_to_end_latency,301,1752.0
end_to_end_latency,302,1702.0
end_to_end_latency,303,1651.0
end_to_end_latency,304,1602.0
end_to_end_latency,305,1551.0
end_to_end_latency,306,1502.0
end_to_end_latency,307,1452.0
end_to_end_latency,308,1401.0
end_to_end_latency,309,2167.0
end_to_end_latency,310,2117.0
end_to_end_latency,311,2067.0
end_to_end_latency,312,2017.0
end_to_end_latency,313,1967.0
end_to_end_latency,314,1916.0
end_to_end_latency,315,1867.0
end_to_end_latency,316,1816.0
end_to_end_latency,317,1767.0
end_to_end_latency,318,1716.0
end_to_end_latency,319,1667.0
end_to_end_latency,320,1617.0
end_to_end_latency,321,1566.0
end_to_end_latency,322,1518.0
end_to_end_latency,323,1468.0
end_to_end_latency,324,1418.0
end_to_end_latency,325,2111.0
end_to_end_latency,326,2061.0
end_to_end_latency,327,2011.0
end_to_end_latency,328,1960.0
end_to_end_latency,329,1910.0
end_to_end_latency,330,1861.0
end_to_end_latency,331,1810.0
end_to_end_latency,332,1761.0
end_to_end_latency,333,1710.0
end_to_end_latency,334,1661.0
end_to_end_latency,335,1611.0
end_to_end_latency,336,1561.0
end_to_end_latency,337,1511.0
end_to_end_latency,338,1461.0
end_to_end_latency,339,1412.0
end_to_end_latency,340,1361.0
end_to_end_latency,348,1785.0
end_to_end_latency,349,1736.0
end_to_end_latency,350,1685.0
end_to_end_latency,351,1636.0
end_to_end_latency,352,1586.0
end_to_end_latency,353,1536.0
end_to_end_latency,354,1486.0
end_to_end_latency,355,1436.0
end_to_end_latency,356,1385.0
end_to_end_latency,357,1335.0
end_to_end_latency,358,2091.0
end_to_end_latency,359,2041.0
end_to_end_latency,360,1992.0
end_to_end_latency,361,1941.0
end_to_end_latency,362,1892.0
end_to_end_latency,363,1842.0
end_to_end_latency,364,1791.0
end_to_end_latency,365,1741.0
end_to_end_latency,366,1692.0
end_to_end_latency,367,1642.0
end_to_end_latency,368,1593.0
end_to_end_latency,369,1543.0
end_to_end_latency,370,1492.0
end_to_end_latency,371,1443.0
end_to_end_latency,372,1392.0
end_to_end_latency,373,1343.0
end_to_end_latency,4,5041.0
end_to_end_latency,5,4991.0
end_to_end_latency,6,4940.0
end_to_end_latency,7,4891.0
end_to_end_latency,8,4841.0
end_to_end_latency,9,4791.0
end_to_end_latency,10,5568.0
end_to_end_latency,11,5518.0
end_to_end_latency,12,5468.0
end_to_end_latency,13,6174.0
end_to_end_latency,14,6124.0
end_to_end_latency,15,6074.0
end_to_end_latency,16,6024.0
end_to_end_latency,17,5973.0
end_to_end_latency,18,5924.0
end_to_end_latency,19,5873.0
end_to_end_latency,20,5824.0
end_to_end_latency,21,5774.0
end_to_end_latency,22,5724.0
end_to_end_latency,23,5673.0
end_to_end_latency,24,5624.0
end_to_end_latency,25,5574.0
end_to_end_latency,26,5525.0
end_to_end_latency,27,5475.0
end_to_end_latency,28,5425.0
end_to_end_latency,29,5375.0
end_to_end_latency,30,5325.0
end_to_end_latency,31,5275.0
end_to_end_latency,32,5225.0
end_to_end_latency,49,7603.0
end_to_end_latency,50,7553.0
end_to_end_latency,51,7503.0
end_to_end_latency,56,8055.0
end_to_end_latency,57,8005.0
end_to_end_latency,58,7954.0
end_to_end_latency,75,11801.0
end_to_end_latency,76,11751.0
end_to_end_latency,77,11700.0
end_to_end_latency,78,11651.0
end_to_end_latency,79,11600.0
end_to_end_latency,80,11551.0
end_to_end_latency,81,11501.0
end_to_end_latency,82,11451.0
end_to_end_latency,83,11401.0
end_to_end_latency,84,11351.0
end_to_end_latency,108,10941.0
end_to_end_latency,109,10891.0
end_to_end_latency,110,10840.0
end_to_end_latency,111,10791.0
end_to_end_latency,112,10740.0
end_to_end_latency,113,10691.0
end_to_end_latency,114,10641.0
end_to_end_latency,115,10591.0
end_to_end_latency,116,10540.0
end_to_end_latency,117,10491.0
end_to_end_latency,118,10441.0
end_to_end_latency,119,10390.0
end_to_end_latency,120,10341.0
end_to_end_latency,121,10902.0
end_to_end_latency,122,10853.0
end_to_end_latency,123,10803.0
