Round 1: (Vertex0)[[0,8], [0,1], [0,4], [0,3], [0,9], [0,2], [0,0], [0,6], [0,5], [0,7]] (solid_wave_vertices: 10) solid=[[0,2], [0,7], [0,0], [0,8], [0,4], [0,1], [0,6], [0,5], [0,3], [0,9]] merged=[[0,9], [1,0], [0,0], [0,5], [0,4], [0,6], [0,1], [0,8], [0,3], [0,2], [0,7]] --- (Vertex1)[[0,8], [0,1], [0,4], [0,3], [0,9], [0,2], [0,0], [0,6], [0,5], [0,7]] (solid_wave_vertices: 10) solid=[[0,1], [0,2], [0,7], [0,0], [0,5], [0,9], [0,4], [0,8], [0,3], [0,6]] merged=[[0,0], [0,4], [0,8], [0,5], [0,7], [0,2], [0,9], [0,1], [1,1], [0,3], [0,6]] --- (Vertex2)[[0,8], [0,1], [0,4], [0,3], [0,9], [0,2], [0,0], [0,6], [0,5], [0,7]] (solid_wave_vertices: 10) solid=[[0,0], [0,8], [0,9], [0,1], [0,6], [0,5], [0,4], [0,7], [0,2], [0,3]] merged=[[0,1], [0,8], [0,9], [1,2], [0,7], [0,0], [0,4], [0,5], [0,2], [0,6], [0,3]] --- (Vertex3)[[0,8], [0,1], [0,4], [0,3], [0,9], [0,2], [0,0], [0,6], [0,5], [0,7]] (solid_wave_vertices: 10) solid=[[0,4], [0,9], [0,5], [0,8], [0,3], [0,0], [0,6], [0,1], [0,2], [0,7]] merged=[[0,5], [0,1], [0,9], [0,0], [0,6], [1,3], [0,4], [0,7], [0,8], [0,2], [0,3]] --- (Vertex4)[[0,8], [0,1], [0,4], [0,3], [0,9], [0,2], [0,0], [0,6], [0,5], [0,7]] (solid_wave_vertices: 10) solid=[[0,4], [0,8], [0,6], [0,2], [0,7], [0,3], [0,0], [0,1], [0,9], [0,5]] merged=[[0,3], [0,5], [0,4], [0,0], [0,7], [1,4], [0,2], [0,9], [0,1], [0,6], [0,8]] --- (Vertex6)[[0,8], [0,1], [0,4], [0,3], [0,9], [0,2], [0,0], [0,6], [0,5], [0,7]] (solid_wave_vertices: 10) solid=[[0,0], [0,7], [0,8], [0,1], [0,3], [0,6], [0,5], [0,2], [0,9], [0,4]] merged=[[0,5], [0,6], [1,6], [0,0], [0,3], [0,2], [0,1], [0,4], [0,8], [0,7], [0,9]] --- (Vertex7)[[0,8], [0,1], [0,4], [0,3], [0,9], [0,2], [0,0], [0,6], [0,5], [0,7]] (solid_wave_vertices: 10) solid=[[0,8], [0,5], [0,7], [0,3], [0,1], [0,2], [0,4], [0,6], [0,9], [0,0]] merged=[[0,8], [0,5], [0,0], [0,6], [1,7], [0,1], [0,2], [0,4], [0,9], [0,3], [0,7]] --- (Vertex8)[[0,8], [0,1], [0,4], [0,3], [0,9], [0,2], [0,0], [0,6], [0,5], [0,7]] (solid_wave_vertices: 10) solid=[[0,0], [0,1], [0,8], [0,7], [0,6], [0,4], [0,5], [0,3], [0,9], [0,2]] merged=[[0,1], [0,0], [0,2], [0,3], [0,7], [1,8], [0,6], [0,8], [0,5], [0,9], [0,4]]
Round 2: (Vertex0)[[1,4], [1,1]] (solid_wave_vertices: 12) solid=[[0,1], [0,9], [0,7], [0,4], [1,1], [0,8], [0,6], [0,2], [0,3], [1,4], [0,5], [0,0]] merged=[[0,9], [0,8], [0,1], [1,4], [0,5], [0,4], [0,2], [0,3], [0,6], [1,1], [0,0], [0,7]] --- (Vertex1)[[1,4]] (solid_wave_vertices: 11) solid=[[0,9], [0,8], [0,5], [0,4], [0,7], [1,4], [0,6], [0,1], [0,3], [0,2], [0,0]] merged=[[0,1], [0,6], [0,8], [0,4], [0,2], [1,4], [0,9], [0,7], [0,0], [0,3], [0,5]] --- (Vertex2)[[1,4]] (solid_wave_vertices: 11) solid=[[0,5], [0,8], [0,3], [0,0], [0,4], [0,7], [1,4], [0,6], [0,9], [0,2], [0,1]] merged=[[0,8], [0,9], [0,2], [0,7], [0,6], [0,0], [0,4], [0,1], [1,4], [0,3], [0,5]] --- (Vertex3)[[1,4]] (solid_wave_vertices: 11) solid=[[1,4], [0,9], [0,7], [0,4], [0,1], [0,3], [0,6], [0,5], [0,8], [0,2], [0,0]] merged=[[0,5], [0,6], [0,2], [1,4], [0,8], [0,7], [0,1], [0,4], [0,0], [0,3], [0,9]] --- (Vertex4)[[1,4]] (solid_wave_vertices: 11) solid=[[0,8], [0,3], [1,4], [0,1], [0,6], [0,9], [0,2], [0,7], [0,5], [0,0], [0,4]] merged=[[0,5], [0,8], [0,1], [0,7], [1,4], [0,4], [0,2], [0,3], [0,9], [0,6], [0,0]] --- (Vertex6)[[1,8]] (solid_wave_vertices: 11) solid=[[0,1], [0,2], [0,3], [0,5], [1,8], [0,7], [0,9], [0,8], [0,4], [0,0], [0,6]] merged=[[0,5], [0,8], [0,4], [0,1], [0,7], [0,2], [0,9], [0,0], [0,3], [1,8], [0,6]] --- (Vertex7)[[1,4]] (solid_wave_vertices: 11) solid=[[0,7], [1,4], [0,8], [0,3], [0,9], [0,4], [0,1], [0,0], [0,6], [0,5], [0,2]] merged=[[0,5], [0,6], [0,8], [0,9], [1,4], [0,0], [0,4], [0,2], [0,7], [0,1], [0,3]] --- (Vertex8)[[1,4]] (solid_wave_vertices: 11) solid=[[0,0], [1,4], [0,9], [0,8], [0,5], [0,7], [0,3], [0,2], [0,1], [0,6], [0,4]] merged=[[0,0], [0,4], [0,7], [0,9], [0,3], [0,5], [1,4], [0,1], [0,8], [0,2], [0,6]]
Round 3: (Vertex1)[[2,2], [2,7], [2,4], [2,6], [w1,3], [2,3], [w1,4], [2,8], [w1,1], [w1,7], [2,1], [w1,6], [w1,8], [w1,2]] weak=[[w1,3], [w1,4], [w1,1], [w1,7], [w1,6], [w1,8], [w1,2]] (solid_wave_vertices: 17) solid=[[1,1], [0,5], [1,6], [0,2], [0,8], [0,9], [0,7], [0,4], [0,0], [1,4], [0,3], [0,1], [1,7], [1,8], [0,6], [1,3], [1,2]] merged=[[3,1]] --- (Vertex2)[[2,2], [2,7], [2,4], [2,6], [w1,3], [2,3], [w1,4], [2,8], [w1,1], [w1,7], [2,1], [w1,6], [w1,8], [w1,2]] weak=[[w1,3], [w1,4], [w1,1], [w1,7], [w1,6], [w1,8], [w1,2]] (solid_wave_vertices: 17) solid=[[0,6], [0,0], [0,3], [1,8], [1,4], [1,7], [0,1], [0,5], [1,3], [1,6], [0,9], [1,1], [1,2], [0,8], [0,4], [0,7], [0,2]] merged=[[3,2]] --- (Vertex3)[[2,2], [2,7], [2,4], [2,6], [w1,3], [2,3], [w1,4], [2,8], [w1,1], [w1,7], [2,1], [w1,6], [w1,8], [w1,2]] weak=[[w1,3], [w1,4], [w1,1], [w1,7], [w1,6], [w1,8], [w1,2]] (solid_wave_vertices: 17) solid=[[0,9], [1,2], [0,6], [1,1], [0,3], [1,6], [1,8], [0,0], [0,1], [1,4], [0,5], [1,7], [0,2], [0,7], [0,8], [1,3], [0,4]] merged=[[3,3]] --- (Vertex4)[[2,2], [2,7], [2,4], [2,6], [w1,3], [2,3], [w1,4], [2,8], [w1,1], [w1,7], [2,1], [w1,6], [w1,8], [w1,2]] weak=[[w1,3], [w1,4], [w1,1], [w1,7], [w1,6], [w1,8], [w1,2]] (solid_wave_vertices: 17) solid=[[0,5], [0,0], [1,1], [0,2], [0,1], [1,8], [0,7], [1,4], [0,4], [0,9], [1,7], [1,2], [0,3], [0,8], [1,3], [1,6], [0,6]] merged=[[3,4]] --- (Vertex6)[[2,2], [2,7], [2,4], [2,6], [w1,3], [2,3], [w1,4], [2,8], [w1,1], [2,1], [w1,6], [w1,8], [w1,2]] weak=[[w1,3], [w1,4], [w1,1], [w1,6], [w1,8], [w1,2]] (solid_wave_vertices: 16) solid=[[1,8], [1,1], [0,2], [0,0], [0,1], [1,2], [0,3], [0,6], [0,7], [0,8], [1,4], [0,4], [1,3], [1,6], [0,9], [0,5]] merged=[[3,6]] --- (Vertex7)[[2,2], [2,7], [2,4], [2,6], [w1,3], [2,3], [w1,4], [2,8], [w1,1], [w1,7], [2,1], [w1,6], [w1,8], [w1,2]] weak=[[w1,3], [w1,4], [w1,1], [w1,7], [w1,6], [w1,8], [w1,2]] (solid_wave_vertices: 17) solid=[[1,7], [0,4], [1,2], [1,3], [0,0], [0,5], [1,8], [0,3], [0,8], [0,1], [1,4], [0,9], [1,6], [0,2], [1,1], [0,6], [0,7]] merged=[[3,7]] --- (Vertex8)[[2,2], [2,7], [2,4], [2,6], [w1,3], [2,3], [w1,4], [2,8], [w1,1], [w1,7], [2,1], [w1,6], [w1,8], [w1,2]] weak=[[w1,3], [w1,4], [w1,1], [w1,7], [w1,6], [w1,8], [w1,2]] (solid_wave_vertices: 17) solid=[[0,8], [0,4], [1,8], [0,3], [0,7], [0,0], [0,6], [1,4], [0,2], [1,2], [0,5], [1,7], [1,6], [0,9], [1,1], [0,1], [1,3]] merged=[[3,8]]
Round 4: (Vertex0)[[3,2], [3,7], [3,3], [3,8], [3,4], [3,6], [3,1]] (solid_wave_vertices: 7) solid=[[3,4], [3,6], [3,2], [3,7], [3,8], [3,1], [3,3]] merged=[[3,3], [3,4], [3,1], [3,8], [3,6], [3,2], [3,7]] --- (Vertex1)[[3,2], [3,7], [3,3], [3,8], [3,4], [3,6], [3,1]] (solid_wave_vertices: 7) solid=[[3,6], [3,8], [3,1], [3,7], [3,3], [3,4], [3,2]] merged=[[3,1], [3,6], [3,4], [3,3], [3,7], [3,2], [3,8]] --- (Vertex2)[[3,2], [3,7], [3,3], [3,8], [3,4], [3,6], [3,1]] (solid_wave_vertices: 7) solid=[[3,4], [3,2], [3,7], [3,1], [3,3], [3,6], [3,8]] merged=[[3,2], [3,1], [3,4], [3,7], [3,3], [3,6], [3,8]] --- (Vertex3)[[3,2], [3,7], [3,3], [3,8], [3,4], [3,6], [3,1]] (solid_wave_vertices: 7) solid=[[3,4], [3,6], [3,3], [3,2], [3,7], [3,8], [3,1]] merged=[[3,8], [3,6], [3,3], [3,1], [3,7], [3,4], [3,2]] --- (Vertex4)[[3,2], [3,7], [3,3], [3,8], [3,4], [3,6], [3,1]] (solid_wave_vertices: 7) solid=[[3,6], [3,1], [3,2], [3,7], [3,8], [3,3], [3,4]] merged=[[3,2], [3,7], [3,1], [3,3], [3,8], [3,4], [3,6]] --- (Vertex5)[[3,2], [3,7], [3,3], [3,8], [3,4], [3,6], [3,1]] (solid_wave_vertices: 7) solid=[[3,2], [3,4], [3,8], [3,3], [3,7], [3,1], [3,6]] merged=[[3,3], [3,4], [3,1], [3,7], [3,8], [3,2], [3,6]] --- (Vertex6)[[3,2], [3,7], [3,3], [3,8], [3,4], [3,6], [3,1]] (solid_wave_vertices: 7) solid=[[3,6], [3,8], [3,1], [3,3], [3,2], [3,7], [3,4]] merged=[[3,4], [3,3], [3,7], [3,8], [3,6], [3,1], [3,2]] --- (Vertex7)[[3,2], [3,7], [3,3], [3,8], [3,4], [3,6], [3,1]] (solid_wave_vertices: 7) solid=[[3,1], [3,2], [3,3], [3,8], [3,4], [3,7], [3,6]] merged=[[3,2], [3,4], [3,1], [3,8], [3,3], [3,6], [3,7]] --- (Vertex8)[[3,2], [3,7], [3,3], [3,8], [3,4], [3,6], [3,1]] (solid_wave_vertices: 7) solid=[[3,1], [3,8], [3,4], [3,3], [3,2], [3,7], [3,6]] merged=[[3,1], [3,7], [3,4], [3,2], [3,3], [3,6], [3,8]]
Round 5: (Vertex0)[[w3,2], [w3,7], [w3,3], [4,7], [4,1], [w3,8], [4,4], [4,6], [w3,4], [w3,6], [4,8], [w3,1], [4,2], [4,3]] weak=[[w3,2], [w3,7], [w3,3], [w3,8], [w3,4], [w3,6], [w3,1]] (solid_wave_vertices: 7) solid=[[3,4], [3,2], [3,8], [3,7], [3,1], [3,6], [3,3]] merged=[[5,0]] --- (Vertex1)[[w3,2], [w3,7], [w3,3], [4,7], [4,1], [w3,8], [4,4], [4,6], [w3,4], [w3,6], [4,8], [w3,1], [4,2], [4,3]] weak=[[w3,2], [w3,7], [w3,3], [w3,8], [w3,4], [w3,6], [w3,1]] (solid_wave_vertices: 7) solid=[[3,1], [3,2], [3,4], [3,3], [3,7], [3,6], [3,8]] merged=[[5,1]] --- (Vertex2)[[w3,2], [w3,7], [w3,3], [4,7], [4,1], [w3,8], [4,4], [4,6], [w3,4], [w3,6], [4,8], [w3,1], [4,2], [4,3]] weak=[[w3,2], [w3,7], [w3,3], [w3,8], [w3,4], [w3,6], [w3,1]] (solid_wave_vertices: 7) solid=[[3,4], [3,8], [3,7], [3,2], [3,1], [3,3], [3,6]] merged=[[5,2]] --- (Vertex3)[[w3,2], [w3,7], [w3,3], [4,7], [4,1], [w3,8], [4,4], [4,6], [w3,4], [w3,6], [4,8], [w3,1], [4,2], [4,3]] weak=[[w3,2], [w3,7], [w3,3], [w3,8], [w3,4], [w3,6], [w3,1]] (solid_wave_vertices: 7) solid=[[3,3], [3,8], [3,4], [3,6], [3,1], [3,7], [3,2]] merged=[[5,3]] --- (Vertex4)[[w3,2], [w3,7], [w3,3], [4,7], [4,1], [w3,8], [4,4], [4,6], [w3,4], [w3,6], [4,8], [w3,1], [4,2], [4,3]] weak=[[w3,2], [w3,7], [w3,3], [w3,8], [w3,4], [w3,6], [w3,1]] (solid_wave_vertices: 7) solid=[[3,6], [3,2], [3,1], [3,3], [3,4], [3,7], [3,8]] merged=[[5,4]] --- (Vertex5)[[w3,2], [w3,7], [w3,3], [4,7], [4,1], [w3,8], [4,4], [4,6], [w3,4], [w3,6], [4,8], [w3,1], [4,2], [4,3]] weak=[[w3,2], [w3,7], [w3,3], [w3,8], [w3,4], [w3,6], [w3,1]] (solid_wave_vertices: 7) solid=[[3,2], [3,7], [3,3], [3,4], [3,6], [3,8], [3,1]] merged=[[5,5]] --- (Vertex6)[[w3,2], [w3,7], [w3,3], [4,7], [4,1], [w3,8], [4,4], [4,6], [w3,4], [w3,6], [4,8], [w3,1], [4,2], [4,3]] weak=[[w3,2], [w3,7], [w3,3], [w3,8], [w3,4], [w3,6], [w3,1]] (solid_wave_vertices: 7) solid=[[3,6], [3,2], [3,4], [3,8], [3,7], [3,3], [3,1]] merged=[[5,6]] --- (Vertex7)[[w3,2], [w3,7], [w3,3], [4,7], [4,1], [w3,8], [4,4], [4,6], [w3,4], [w3,6], [4,8], [w3,1], [4,2], [4,3]] weak=[[w3,2], [w3,7], [w3,3], [w3,8], [w3,4], [w3,6], [w3,1]] (solid_wave_vertices: 7) solid=[[3,8], [3,2], [3,3], [3,1], [3,7], [3,4], [3,6]] merged=[[5,7]] --- (Vertex8)[[w3,2], [w3,7], [w3,3], [4,7], [4,1], [w3,8], [4,4], [4,6], [w3,4], [w3,6], [4,8], [w3,1], [4,2], [4,3]] weak=[[w3,2], [w3,7], [w3,3], [w3,8], [w3,4], [w3,6], [w3,1]] (solid_wave_vertices: 7) solid=[[3,3], [3,4], [3,8], [3,2], [3,6], [3,1], [3,7]] merged=[[5,8]]
Round 6: (Vertex0)[[5,3], [5,7], [5,1], [5,2], [5,4], [5,8], [5,6]] (solid_wave_vertices: 7) solid=[[5,3], [5,1], [5,8], [5,4], [5,6], [5,2], [5,7]] merged=[[5,6], [5,3], [5,7], [5,4], [5,1], [5,2], [5,8]] --- (Vertex1)[[5,3], [5,7], [5,1], [5,2], [5,4], [5,8], [5,6]] (solid_wave_vertices: 7) solid=[[5,4], [5,1], [5,8], [5,6], [5,7], [5,2], [5,3]] merged=[[5,7], [5,6], [5,8], [5,4], [5,1], [5,2], [5,3]] --- (Vertex2)[[5,3], [5,7], [5,1], [5,2], [5,4], [5,8], [5,6]] (solid_wave_vertices: 7) solid=[[5,8], [5,2], [5,1], [5,4], [5,3], [5,7], [5,6]] merged=[[5,4], [5,1], [5,2], [5,3], [5,6], [5,8], [5,7]] --- (Vertex3)[[5,3], [5,7], [5,1], [5,2], [5,4], [5,8], [5,6]] (solid_wave_vertices: 7) solid=[[5,4], [5,2], [5,1], [5,6], [5,7], [5,8], [5,3]] merged=[[5,4], [5,2], [5,8], [5,1], [5,3], [5,7], [5,6]] --- (Vertex4)[[5,3], [5,7], [5,1], [5,2], [5,4], [5,8], [5,6]] (solid_wave_vertices: 7) solid=[[5,7], [5,4], [5,8], [5,1], [5,3], [5,2], [5,6]] merged=[[5,6], [5,8], [5,7], [5,1], [5,3], [5,4], [5,2]] --- (Vertex5)[[5,3], [5,7], [5,1], [5,2], [5,4], [5,8], [5,6]] (solid_wave_vertices: 7) solid=[[5,8], [5,2], [5,1], [5,4], [5,7], [5,6], [5,3]] merged=[[5,1], [5,2], [5,4], [5,3], [5,7], [5,8], [5,6]] --- (Vertex6)[[5,3], [5,7], [5,1], [5,2], [5,4], [5,8], [5,6]] (solid_wave_vertices: 7) solid=[[5,7], [5,6], [5,4], [5,2], [5,1], [5,8], [5,3]] merged=[[5,7], [5,8], [5,1], [5,6], [5,4], [5,2], [5,3]] --- (Vertex7)[[5,3], [5,7], [5,1], [5,2], [5,4], [5,8], [5,6]] (solid_wave_vertices: 7) solid=[[5,8], [5,6], [5,4], [5,1], [5,7], [5,2], [5,3]] merged=[[5,7], [5,6], [5,3], [5,1], [5,4], [5,8], [5,2]] --- (Vertex8)[[5,3], [5,7], [5,1], [5,2], [5,4], [5,8], [5,6]] (solid_wave_vertices: 7) solid=[[5,1], [5,8], [5,7], [5,2], [5,4], [5,6], [5,3]] merged=[[5,7], [5,3], [5,6], [5,4], [5,1], [5,8], [5,2]]
Round 7: (Vertex0)[[w5,3], [w5,7], [6,2], [6,4], [w5,1], [w5,2], [w5,4], [w5,8], [6,7], [6,8], [6,1], [6,3], [6,6], [w5,6]] weak=[[w5,3], [w5,7], [w5,1], [w5,2], [w5,4], [w5,8], [w5,6]] (solid_wave_vertices: 7) solid=[[5,4], [5,2], [5,3], [5,7], [5,6], [5,1], [5,8]] merged=[[7,0]] --- (Vertex1)[[w5,3], [w5,7], [6,2], [6,4], [w5,1], [w5,2], [w5,4], [w5,8], [6,7], [6,8], [6,1], [6,3], [6,6], [w5,6]] weak=[[w5,3], [w5,7], [w5,1], [w5,2], [w5,4], [w5,8], [w5,6]] (solid_wave_vertices: 7) solid=[[5,3], [5,2], [5,4], [5,8], [5,1], [5,7], [5,6]] merged=[[7,1]] --- (Vertex2)[[w5,3], [w5,7], [6,2], [6,4], [w5,1], [w5,2], [w5,4], [w5,8], [6,7], [6,8], [6,1], [6,3], [6,6], [w5,6]] weak=[[w5,3], [w5,7], [w5,1], [w5,2], [w5,4], [w5,8], [w5,6]] (solid_wave_vertices: 7) solid=[[5,1], [5,6], [5,4], [5,2], [5,8], [5,3], [5,7]] merged=[[7,2]] --- (Vertex3)[[w5,3], [w5,7], [6,2], [6,4], [w5,1], [w5,2], [w5,4], [w5,8], [6,7], [6,8], [6,1], [6,3], [6,6], [w5,6]] weak=[[w5,3], [w5,7], [w5,1], [w5,2], [w5,4], [w5,8], [w5,6]] (solid_wave_vertices: 7) solid=[[5,8], [5,6], [5,2], [5,7], [5,4], [5,3], [5,1]] merged=[[7,3]] --- (Vertex4)[[w5,3], [w5,7], [6,2], [6,4], [w5,1], [w5,2], [w5,4], [w5,8], [6,7], [6,8], [6,1], [6,3], [6,6], [w5,6]] weak=[[w5,3], [w5,7], [w5,1], [w5,2], [w5,4], [w5,8], [w5,6]] (solid_wave_vertices: 7) solid=[[5,8], [5,4], [5,6], [5,3], [5,7], [5,1], [5,2]] merged=[[7,4]] --- (Vertex5)[[w5,3], [w5,7], [6,2], [6,4], [w5,1], [w5,2], [w5,4], [w5,8], [6,7], [6,8], [6,1], [6,3], [6,6], [w5,6]] weak=[[w5,3], [w5,7], [w5,1], [w5,2], [w5,4], [w5,8], [w5,6]] (solid_wave_vertices: 7) solid=[[5,7], [5,3], [5,1], [5,6], [5,8], [5,2], [5,4]] merged=[[7,5]] --- (Vertex6)[[w5,3], [w5,7], [6,2], [6,4], [w5,1], [w5,2], [w5,4], [w5,8], [6,7], [6,8], [6,1], [6,3], [6,6], [w5,6]] weak=[[w5,3], [w5,7], [w5,1], [w5,2], [w5,4], [w5,8], [w5,6]] (solid_wave_vertices: 7) solid=[[5,8], [5,2], [5,7], [5,4], [5,6], [5,1], [5,3]] merged=[[7,6]] --- (Vertex7)[[w5,3], [w5,7], [6,2], [6,4], [w5,1], [w5,2], [w5,4], [w5,8], [6,7], [6,8], [6,1], [6,3], [6,6], [w5,6]] weak=[[w5,3], [w5,7], [w5,1], [w5,2], [w5,4], [w5,8], [w5,6]] (solid_wave_vertices: 7) solid=[[5,7], [5,8], [5,6], [5,4], [5,2], [5,3], [5,1]] merged=[[7,7]] --- (Vertex8)[[w5,3], [w5,7], [6,2], [6,4], [w5,1], [w5,2], [w5,4], [w5,8], [6,7], [6,8], [6,1], [6,3], [6,6], [w5,6]] weak=[[w5,3], [w5,7], [w5,1], [w5,2], [w5,4], [w5,8], [w5,6]] (solid_wave_vertices: 7) solid=[[5,8], [5,1], [5,3], [5,7], [5,2], [5,4], [5,6]] merged=[[7,8]]
Round 8: (Vertex0)[[7,3], [7,8], [7,1], [7,7], [7,0], [7,4], [7,6]] (solid_wave_vertices: 7) solid=[[7,8], [7,1], [7,0], [7,7], [7,6], [7,3], [7,4]] merged=[[7,6], [7,3], [7,8], [7,0], [7,7], [7,4], [7,1]] --- (Vertex1)[[7,3], [7,8], [7,1], [7,7], [7,0], [7,2], [7,6]] (solid_wave_vertices: 7) solid=[[7,1], [7,8], [7,3], [7,2], [7,6], [7,7], [7,0]] merged=[[7,2], [7,7], [7,3], [7,0], [7,8], [7,1], [7,6]] --- (Vertex2)[[7,3], [7,8], [7,1], [7,7], [7,4], [7,5], [7,2]] (solid_wave_vertices: 7) solid=[[7,8], [7,5], [7,7], [7,1], [7,4], [7,3], [7,2]] merged=[[7,5], [7,8], [7,3], [7,7], [7,4], [7,2], [7,1]] --- (Vertex3)[[7,3], [7,8], [7,1], [7,7], [7,4], [7,5], [7,2]] (solid_wave_vertices: 7) solid=[[7,3], [7,7], [7,2], [7,5], [7,4], [7,8], [7,1]] merged=[[7,2], [7,1], [7,4], [7,3], [7,5], [7,8], [7,7]] --- (Vertex4)[[7,3], [7,8], [7,1], [7,7], [7,4], [7,5], [7,2]] (solid_wave_vertices: 7) solid=[[7,2], [7,1], [7,4], [7,7], [7,8], [7,3], [7,5]] merged=[[7,3], [7,4], [7,2], [7,7], [7,1], [7,8], [7,5]] --- (Vertex5)[[7,3], [7,8], [7,1], [7,7], [7,4], [7,5], [7,2]] (solid_wave_vertices: 7) solid=[[7,7], [7,3], [7,4], [7,5], [7,8], [7,2], [7,1]] merged=[[7,2], [7,1], [7,3], [7,4], [7,7], [7,5], [7,8]] --- (Vertex6)[[7,3], [7,8], [7,1], [7,7], [7,0], [7,2], [7,6]] (solid_wave_vertices: 7) solid=[[7,2], [7,0], [7,8], [7,7], [7,1], [7,6], [7,3]] merged=[[7,1], [7,0], [7,7], [7,8], [7,6], [7,2], [7,3]] --- (Vertex7)[[7,3], [7,8], [7,1], [7,7], [7,4], [7,5], [7,2]] (solid_wave_vertices: 7) solid=[[7,7], [7,4], [7,1], [7,2], [7,8], [7,3], [7,5]] merged=[[7,2], [7,7], [7,4], [7,8], [7,3], [7,1], [7,5]] --- (Vertex8)[[7,3], [7,8], [7,1], [7,7], [7,4], [7,5], [7,2]] (solid_wave_vertices: 7) solid=[[7,4], [7,1], [7,8], [7,5], [7,2], [7,3], [7,7]] merged=[[7,5], [7,7], [7,1], [7,4], [7,8], [7,3], [7,2]] --- (Vertex9)[[7,3], [7,8], [7,1], [7,7], [7,0], [7,4], [7,5], [7,2], [7,6]] (solid_wave_vertices: 9) solid=[[7,2], [7,0], [7,7], [7,1], [7,5], [7,3], [7,6], [7,4], [7,8]] merged=[[7,6], [7,4], [7,5], [7,0], [7,2], [7,3], [7,8], [7,7], [7,1]]
Round 9: (Vertex0)[[w7,3], [8,1], [w7,8], [8,0], [w7,1], [8,3], [w7,7], [8,4], [w7,0], [w7,4], [w7,5], [w7,2], [8,5], [8,8], [8,6], [w7,6]] weak=[[w7,3], [w7,8], [w7,1], [w7,7], [w7,0], [w7,4], [w7,5], [w7,2], [w7,6]] (solid_wave_vertices: 9) solid=[[7,6], [7,8], [7,0], [7,4], [7,2], [7,3], [7,5], [7,7], [7,1]] merged=[[9,0]] --- (Vertex1)[[w7,3], [8,1], [w7,8], [8,0], [w7,1], [8,3], [w7,7], [w7,0], [w7,4], [w7,5], [w7,2], [8,5], [8,8], [8,6], [w7,6], [8,2]] weak=[[w7,3], [w7,8], [w7,1], [w7,7], [w7,0], [w7,4], [w7,5], [w7,2], [w7,6]] (solid_wave_vertices: 9) solid=[[7,8], [7,7], [7,4], [7,1], [7,2], [7,3], [7,6], [7,0], [7,5]] merged=[[9,1]] --- (Vertex2)[[w7,3], [8,7], [w7,8], [w7,1], [8,3], [w7,7], [8,4], [w7,0], [w7,4], [w7,5], [w7,2], [8,5], [8,8], [8,6], [w7,6], [8,2]] weak=[[w7,3], [w7,8], [w7,1], [w7,7], [w7,0], [w7,4], [w7,5], [w7,2], [w7,6]] (solid_wave_vertices: 9) solid=[[7,1], [7,0], [7,7], [7,8], [7,5], [7,3], [7,4], [7,6], [7,2]] merged=[[9,2]] --- (Vertex3)[[w7,3], [8,1], [8,7], [w7,8], [w7,1], [8,3], [w7,7], [8,4], [w7,0], [w7,4], [w7,5], [w7,2], [8,5], [8,8], [w7,6], [8,2]] weak=[[w7,3], [w7,8], [w7,1], [w7,7], [w7,0], [w7,4], [w7,5], [w7,2], [w7,6]] (solid_wave_vertices: 9) solid=[[7,6], [7,3], [7,1], [7,0], [7,7], [7,4], [7,5], [7,8], [7,2]] merged=[[9,3]] --- (Vertex4)[[w7,3], [8,1], [8,7], [w7,8], [w7,1], [8,3], [w7,7], [8,4], [w7,0], [w7,4], [w7,5], [w7,2], [8,5], [8,8], [w7,6], [8,2]] weak=[[w7,3], [w7,8], [w7,1], [w7,7], [w7,0], [w7,4], [w7,5], [w7,2], [w7,6]] (solid_wave_vertices: 9) solid=[[7,0], [7,5], [7,1], [7,6], [7,4], [7,8], [7,2], [7,3], [7,7]] merged=[[9,4]] --- (Vertex5)[[w7,3], [8,1], [8,7], [w7,8], [w7,1], [8,3], [w7,7], [8,4], [w7,0], [w7,4], [w7,5], [w7,2], [8,5], [8,8], [w7,6], [8,2]] weak=[[w7,3], [w7,8], [w7,1], [w7,7], [w7,0], [w7,4], [w7,5], [w7,2], [w7,6]] (solid_wave_vertices: 9) solid=[[7,2], [7,3], [7,8], [7,0], [7,1], [7,7], [7,4], [7,5], [7,6]] merged=[[9,5]] --- (Vertex6)[[w7,3], [8,1], [w7,8], [8,0], [w7,1], [8,3], [w7,7], [w7,0], [w7,4], [w7,5], [w7,2], [8,5], [8,8], [8,6], [w7,6], [8,2]] weak=[[w7,3], [w7,8], [w7,1], [w7,7], [w7,0], [w7,4], [w7,5], [w7,2], [w7,6]] (solid_wave_vertices: 9) solid=[[7,6], [7,2], [7,5], [7,1], [7,0], [7,4], [7,8], [7,3], [7,7]] merged=[[9,6]] --- (Vertex7)[[w7,3], [8,7], [w7,8], [w7,1], [8,3], [w7,7], [8,4], [w7,0], [w7,4], [w7,5], [w7,2], [8,5], [8,8], [8,6], [w7,6], [8,2]] weak=[[w7,3], [w7,8], [w7,1], [w7,7], [w7,0], [w7,4], [w7,5], [w7,2], [w7,6]] (solid_wave_vertices: 9) solid=[[7,7], [7,3], [7,5], [7,6], [7,0], [7,4], [7,2], [7,1], [7,8]] merged=[[9,7]] --- (Vertex8)[[w7,3], [8,1], [8,7], [w7,8], [w7,1], [8,3], [w7,7], [8,4], [w7,0], [w7,4], [w7,5], [w7,2], [8,5], [8,8], [w7,6], [8,2]] weak=[[w7,3], [w7,8], [w7,1], [w7,7], [w7,0], [w7,4], [w7,5], [w7,2], [w7,6]] (solid_wave_vertices: 9) solid=[[7,3], [7,6], [7,4], [7,1], [7,5], [7,8], [7,7], [7,0], [7,2]] merged=[[9,8]] --- (Vertex9)[[w7,3], [8,1], [8,7], [w7,8], [8,0], [w7,1], [8,3], [w7,7], [8,4], [w7,0], [w7,4], [w7,5], [w7,2], [8,5], [8,8], [8,6], [w7,6]] weak=[[w7,3], [w7,8], [w7,1], [w7,7], [w7,0], [w7,4], [w7,5], [w7,2], [w7,6]] (solid_wave_vertices: 9) solid=[[7,1], [7,5], [7,8], [7,7], [7,0], [7,3], [7,6], [7,2], [7,4]] merged=[[9,9]]
Round 10: (Vertex0)[[9,6], [9,4], [9,3], [9,1], [9,8], [9,0], [9,2]] (solid_wave_vertices: 7) solid=[[9,3], [9,8], [9,6], [9,1], [9,4], [9,0], [9,2]] merged=[[9,8], [9,1], [9,3], [9,4], [9,0], [9,2], [9,6]] --- (Vertex1)[[9,6], [9,5], [9,4], [9,3], [9,1], [9,8], [9,0]] (solid_wave_vertices: 7) solid=[[9,1], [9,3], [9,5], [9,8], [9,0], [9,4], [9,6]] merged=[[9,5], [9,8], [9,6], [9,4], [9,1], [9,0], [9,3]] --- (Vertex2)[[9,6], [9,5], [9,4], [9,3], [9,7], [9,8], [9,2]] (solid_wave_vertices: 7) solid=[[9,7], [9,8], [9,4], [9,2], [9,6], [9,3], [9,5]] merged=[[9,4], [9,8], [9,2], [9,3], [9,5], [9,7], [9,6]] --- (Vertex3)[[9,6], [9,5], [9,4], [9,3], [9,7], [9,8], [9,2]] (solid_wave_vertices: 7) solid=[[9,8], [9,3], [9,2], [9,4], [9,7], [9,5], [9,6]] merged=[[9,5], [9,6], [9,4], [9,2], [9,3], [9,7], [9,8]] --- (Vertex4)[[9,6], [9,5], [9,4], [9,3], [9,7], [9,8], [9,2]] (solid_wave_vertices: 7) solid=[[9,8], [9,2], [9,4], [9,5], [9,7], [9,6], [9,3]] merged=[[9,5], [9,3], [9,6], [9,8], [9,2], [9,7], [9,4]] --- (Vertex5)[[9,6], [9,5], [9,4], [9,3], [9,7], [9,8], [9,2]] (solid_wave_vertices: 7) solid=[[9,7], [9,2], [9,8], [9,5], [9,3], [9,6], [9,4]] merged=[[9,3], [9,4], [9,6], [9,2], [9,8], [9,7], [9,5]] --- (Vertex6)[[9,6], [9,4], [9,3], [9,1], [9,8], [9,0], [9,2]] (solid_wave_vertices: 7) solid=[[9,8], [9,4], [9,0], [9,6], [9,2], [9,3], [9,1]] merged=[[9,3], [9,6], [9,1], [9,2], [9,0], [9,8], [9,4]] --- (Vertex7)[[9,6], [9,5], [9,4], [9,3], [9,7], [9,8], [9,2]] (solid_wave_vertices: 7) solid=[[9,5], [9,6], [9,4], [9,8], [9,2], [9,3], [9,7]] merged=[[9,8], [9,3], [9,2], [9,4], [9,6], [9,5], [9,7]] --- (Vertex8)[[9,6], [9,5], [9,4], [9,3], [9,7], [9,8], [9,2]] (solid_wave_vertices: 7) solid=[[9,5], [9,6], [9,4], [9,8], [9,2], [9,3], [9,7]] merged=[[9,8], [9,3], [9,5], [9,4], [9,2], [9,6], [9,7]] --- (Vertex9)[[9,6], [9,5], [9,4], [9,3], [9,1], [9,8], [9,0]] (solid_wave_vertices: 7) solid=[[9,4], [9,8], [9,0], [9,3], [9,6], [9,5], [9,1]] merged=[[9,6], [9,4], [9,5], [9,8], [9,0], [9,3], [9,1]]
Round 11: (Vertex0)[[10,1], [w9,6], [w9,5], [10,0], [10,8], [w9,4], [10,4], [w9,3], [w9,7], [w9,1], [w9,8], [10,3], [10,2], [10,6], [w9,0], [w9,2]] weak=[[w9,6], [w9,5], [w9,4], [w9,3], [w9,7], [w9,1], [w9,8], [w9,0], [w9,2]] (solid_wave_vertices: 9) solid=[[9,1], [9,3], [9,0], [9,2], [9,4], [9,6], [9,5], [9,7], [9,8]] merged=[[11,0]] --- (Vertex1)[[10,1], [w9,6], [w9,5], [10,0], [10,8], [w9,4], [10,4], [w9,3], [w9,7], [w9,1], [w9,8], [10,3], [10,2], [10,6], [w9,0], [w9,2]] weak=[[w9,6], [w9,5], [w9,4], [w9,3], [w9,7], [w9,1], [w9,8], [w9,0], [w9,2]] (solid_wave_vertices: 9) solid=[[9,0], [9,5], [9,4], [9,1], [9,6], [9,8], [9,7], [9,2], [9,3]] merged=[[11,1]] --- (Vertex2)[[w9,6], [w9,5], [10,0], [10,8], [w9,4], [10,4], [w9,3], [w9,7], [w9,1], [w9,8], [10,5], [10,3], [10,2], [w9,0], [10,7], [w9,2]] weak=[[w9,6], [w9,5], [w9,4], [w9,3], [w9,7], [w9,1], [w9,8], [w9,0], [w9,2]] (solid_wave_vertices: 9) solid=[[9,4], [9,5], [9,8], [9,2], [9,0], [9,6], [9,1], [9,7], [9,3]] merged=[[11,2]] --- (Vertex3)[[w9,6], [w9,5], [10,0], [10,8], [w9,4], [10,4], [w9,3], [w9,7], [w9,1], [w9,8], [10,5], [10,3], [10,2], [w9,0], [10,7], [w9,2]] weak=[[w9,6], [w9,5], [w9,4], [w9,3], [w9,7], [w9,1], [w9,8], [w9,0], [w9,2]] (solid_wave_vertices: 9) solid=[[9,7], [9,6], [9,0], [9,5], [9,3], [9,8], [9,2], [9,4], [9,1]] merged=[[11,3]] --- (Vertex4)[[w9,6], [w9,5], [10,0], [10,8], [w9,4], [10,4], [w9,3], [w9,7], [w9,1], [w9,8], [10,5], [10,3], [10,2], [w9,0], [10,7], [w9,2]] weak=[[w9,6], [w9,5], [w9,4], [w9,3], [w9,7], [w9,1], [w9,8], [w9,0], [w9,2]] (solid_wave_vertices: 9) solid=[[9,3], [9,1], [9,4], [9,6], [9,8], [9,7], [9,0], [9,2], [9,5]] merged=[[11,4]] --- (Vertex5)[[w9,6], [w9,5], [10,0], [10,8], [w9,4], [10,4], [w9,3], [w9,7], [w9,1], [w9,8], [10,5], [10,3], [10,2], [w9,0], [10,7], [w9,2]] weak=[[w9,6], [w9,5], [w9,4], [w9,3], [w9,7], [w9,1], [w9,8], [w9,0], [w9,2]] (solid_wave_vertices: 9) solid=[[9,2], [9,6], [9,7], [9,3], [9,4], [9,1], [9,5], [9,8], [9,0]] merged=[[11,5]] --- (Vertex6)[[10,1], [w9,6], [w9,5], [10,0], [10,8], [w9,4], [10,4], [w9,3], [w9,7], [w9,1], [w9,8], [10,3], [10,2], [10,6], [w9,0], [w9,2]] weak=[[w9,6], [w9,5], [w9,4], [w9,3], [w9,7], [w9,1], [w9,8], [w9,0], [w9,2]] (solid_wave_vertices: 9) solid=[[9,0], [9,6], [9,5], [9,2], [9,4], [9,1], [9,8], [9,3], [9,7]] merged=[[11,6]] --- (Vertex7)[[w9,6], [w9,5], [10,0], [10,8], [w9,4], [10,4], [w9,3], [w9,7], [w9,1], [w9,8], [10,5], [10,3], [10,2], [w9,0], [10,7], [w9,2]] weak=[[w9,6], [w9,5], [w9,4], [w9,3], [w9,7], [w9,1], [w9,8], [w9,0], [w9,2]] (solid_wave_vertices: 9) solid=[[9,6], [9,2], [9,4], [9,5], [9,0], [9,8], [9,7], [9,1], [9,3]] merged=[[11,7]] --- (Vertex8)[[w9,6], [w9,5], [10,0], [10,8], [w9,4], [10,4], [w9,3], [w9,7], [w9,1], [w9,8], [10,5], [10,3], [10,2], [w9,0], [10,7], [w9,2]] weak=[[w9,6], [w9,5], [w9,4], [w9,3], [w9,7], [w9,1], [w9,8], [w9,0], [w9,2]] (solid_wave_vertices: 9) solid=[[9,3], [9,6], [9,0], [9,2], [9,7], [9,5], [9,1], [9,8], [9,4]] merged=[[11,8]] --- (Vertex9)[[10,1], [w9,6], [w9,5], [10,0], [10,8], [w9,4], [10,4], [w9,3], [w9,7], [w9,1], [w9,8], [w9,9], [10,5], [10,3], [10,6], [w9,0], [w9,2]] weak=[[w9,6], [w9,5], [w9,4], [w9,3], [w9,7], [w9,1], [w9,8], [w9,9], [w9,0], [w9,2]] (solid_wave_vertices: 10) solid=[[9,1], [9,9], [9,0], [9,5], [9,2], [9,6], [9,8], [9,3], [9,4], [9,7]] merged=[[11,9]]
Round 12: (Vertex0)[[11,2], [11,8], [11,5], [11,1], [11,3], [11,4], [11,6]] (solid_wave_vertices: 7) solid=[[11,4], [11,5], [11,6], [11,1], [11,8], [11,2], [11,3]] merged=[[11,3], [11,6], [11,5], [11,2], [11,1], [11,8], [11,4]] --- (Vertex1)[[11,2], [11,8], [11,5], [11,1], [11,3], [11,4], [11,6]] (solid_wave_vertices: 7) solid=[[11,2], [11,6], [11,1], [11,4], [11,3], [11,8], [11,5]] merged=[[11,2], [11,5], [11,3], [11,6], [11,4], [11,1], [11,8]] --- (Vertex2)[[11,2], [11,8], [11,5], [11,7], [11,1], [11,3], [11,4]] (solid_wave_vertices: 7) solid=[[11,8], [11,7], [11,4], [11,5], [11,3], [11,1], [11,2]] merged=[[11,2], [11,1], [11,4], [11,5], [11,3], [11,8], [11,7]] --- (Vertex3)[[11,2], [11,8], [11,5], [11,7], [11,1], [11,3], [11,4]] (solid_wave_vertices: 7) solid=[[11,7], [11,1], [11,2], [11,4], [11,8], [11,3], [11,5]] merged=[[11,1], [11,4], [11,7], [11,5], [11,8], [11,2], [11,3]] --- (Vertex4)[[11,2], [11,8], [11,5], [11,7], [11,1], [11,3], [11,4]] (solid_wave_vertices: 7) solid=[[11,3], [11,5], [11,1], [11,4], [11,2], [11,8], [11,7]] merged=[[11,2], [11,4], [11,1], [11,5], [11,8], [11,3], [11,7]] --- (Vertex5)[[11,2], [11,8], [11,5], [11,7], [11,1], [11,3], [11,4]] (solid_wave_vertices: 7) solid=[[11,8], [11,4], [11,5], [11,3], [11,1], [11,2], [11,7]] merged=[[11,1], [11,7], [11,8], [11,5], [11,3], [11,2], [11,4]] --- (Vertex6)[[11,2], [11,8], [11,5], [11,1], [11,3], [11,4], [11,6]] (solid_wave_vertices: 7) solid=[[11,3], [11,6], [11,2], [11,5], [11,8], [11,4], [11,1]] merged=[[11,2], [11,3], [11,8], [11,1], [11,5], [11,6], [11,4]] --- (Vertex7)[[11,2], [11,8], [11,5], [11,7], [11,1], [11,3], [11,4]] (solid_wave_vertices: 7) solid=[[11,8], [11,1], [11,3], [11,5], [11,7], [11,4], [11,2]] merged=[[11,5], [11,7], [11,1], [11,4], [11,2], [11,3], [11,8]] --- (Vertex8)[[11,2], [11,8], [11,5], [11,7], [11,1], [11,3], [11,4]] (solid_wave_vertices: 7) solid=[[11,4], [11,7], [11,8], [11,5], [11,3], [11,1], [11,2]] merged=[[11,3], [11,1], [11,7], [11,5], [11,4], [11,2], [11,8]] --- (Vertex9)[[11,2], [11,8], [11,0], [11,5], [11,7], [11,1], [11,6]] (solid_wave_vertices: 7) solid=[[11,8], [11,2], [11,0], [11,7], [11,6], [11,5], [11,1]] merged=[[11,0], [11,8], [11,1], [11,5], [11,7], [11,2], [11,6]]
Round 13: (Vertex0)[[12,6], [w11,2], [w11,8], [12,3], [12,7], [w11,0], [w11,5], [w11,7], [12,0], [w11,1], [12,1], [12,8], [12,2], [12,4], [12,5], [w11,3], [w11,4], [w11,6]] weak=[[w11,2], [w11,8], [w11,0], [w11,5], [w11,7], [w11,1], [w11,3], [w11,4], [w11,6]] (solid_wave_vertices: 9) solid=[[11,6], [11,1], [11,3], [11,5], [11,8], [11,2], [11,0], [11,7], [11,4]] merged=[[13,0]] --- (Vertex1)[[12,6], [w11,2], [w11,8], [12,3], [12,7], [w11,0], [w11,5], [w11,7], [w11,1], [12,1], [12,8], [12,2], [12,4], [w11,3], [w11,4], [w11,6]] weak=[[w11,2], [w11,8], [w11,0], [w11,5], [w11,7], [w11,1], [w11,3], [w11,4], [w11,6]] (solid_wave_vertices: 9) solid=[[11,2], [11,1], [11,6], [11,8], [11,5], [11,7], [11,3], [11,0], [11,4]] merged=[[13,1]] --- (Vertex2)[[w11,2], [w11,8], [12,3], [12,7], [w11,5], [w11,7], [w11,1], [12,1], [12,8], [12,2], [12,4], [12,5], [w11,3], [w11,4], [w11,6]] weak=[[w11,2], [w11,8], [w11,5], [w11,7], [w11,1], [w11,3], [w11,4], [w11,6]] (solid_wave_vertices: 8) solid=[[11,6], [11,7], [11,1], [11,3], [11,5], [11,8], [11,4], [11,2]] merged=[[13,2]] --- (Vertex3)[[w11,2], [w11,8], [12,3], [12,7], [w11,5], [w11,7], [w11,1], [12,1], [12,8], [12,2], [12,4], [12,5], [w11,3], [w11,4], [w11,6]] weak=[[w11,2], [w11,8], [w11,5], [w11,7], [w11,1], [w11,3], [w11,4], [w11,6]] (solid_wave_vertices: 8) solid=[[11,1], [11,6], [11,4], [11,5], [11,3], [11,2], [11,7], [11,8]] merged=[[13,3]] --- (Vertex4)[[w11,2], [w11,8], [12,3], [12,7], [w11,5], [w11,7], [w11,1], [12,1], [12,8], [12,2], [12,4], [12,5], [w11,3], [w11,4], [w11,6]] weak=[[w11,2], [w11,8], [w11,5], [w11,7], [w11,1], [w11,3], [w11,4], [w11,6]] (solid_wave_vertices: 8) solid=[[11,7], [11,5], [11,8], [11,3], [11,2], [11,1], [11,4], [11,6]] merged=[[13,4]] --- (Vertex5)[[w11,2], [w11,8], [12,3], [12,7], [w11,5], [w11,7], [w11,1], [12,1], [12,8], [12,2], [12,4], [12,5], [w11,3], [w11,4], [w11,6]] weak=[[w11,2], [w11,8], [w11,5], [w11,7], [w11,1], [w11,3], [w11,4], [w11,6]] (solid_wave_vertices: 8) solid=[[11,7], [11,5], [11,3], [11,4], [11,1], [11,2], [11,8], [11,6]] merged=[[13,5]] --- (Vertex6)[[12,6], [w11,2], [w11,8], [12,3], [w11,0], [w11,5], [w11,7], [w11,1], [12,1], [12,8], [12,2], [12,4], [12,5], [w11,3], [w11,4], [w11,6]] weak=[[w11,2], [w11,8], [w11,0], [w11,5], [w11,7], [w11,1], [w11,3], [w11,4], [w11,6]] (solid_wave_vertices: 9) solid=[[11,1], [11,0], [11,5], [11,6], [11,7], [11,4], [11,8], [11,2], [11,3]] merged=[[13,6]] --- (Vertex7)[[w11,2], [w11,8], [12,3], [12,7], [w11,5], [w11,7], [w11,1], [12,1], [12,8], [12,2], [12,4], [12,5], [w11,3], [w11,4], [w11,6]] weak=[[w11,2], [w11,8], [w11,5], [w11,7], [w11,1], [w11,3], [w11,4], [w11,6]] (solid_wave_vertices: 8) solid=[[11,7], [11,2], [11,3], [11,4], [11,5], [11,6], [11,8], [11,1]] merged=[[13,7]] --- (Vertex8)[[w11,2], [w11,8], [12,3], [12,7], [w11,5], [w11,7], [w11,1], [12,1], [12,8], [12,2], [12,4], [12,5], [w11,3], [w11,4], [w11,6]] weak=[[w11,2], [w11,8], [w11,5], [w11,7], [w11,1], [w11,3], [w11,4], [w11,6]] (solid_wave_vertices: 8) solid=[[11,7], [11,6], [11,2], [11,3], [11,5], [11,4], [11,8], [11,1]] merged=[[13,8]]
Round 14: (Vertex0)[[13,5], [13,8], [13,1], [13,4], [13,6], [13,0], [13,2]] (solid_wave_vertices: 7) solid=[[13,1], [13,2], [13,5], [13,4], [13,6], [13,0], [13,8]] merged=[[13,1], [13,5], [13,2], [13,0], [13,8], [13,4], [13,6]] --- (Vertex1)[[13,5], [13,8], [13,1], [13,4], [13,6], [13,0], [13,2]] (solid_wave_vertices: 7) solid=[[13,1], [13,6], [13,4], [13,0], [13,8], [13,2], [13,5]] merged=[[13,6], [13,0], [13,4], [13,8], [13,1], [13,5], [13,2]] --- (Vertex2)[[13,3], [13,5], [13,8], [13,4], [13,6], [13,2], [13,7]] (solid_wave_vertices: 7) solid=[[13,2], [13,8], [13,7], [13,6], [13,4], [13,5], [13,3]] merged=[[13,8], [13,3], [13,4], [13,6], [13,2], [13,5], [13,7]] --- (Vertex3)[[13,3], [13,5], [13,8], [13,4], [13,6], [13,2], [13,7]] (solid_wave_vertices: 7) solid=[[13,2], [13,4], [13,3], [13,7], [13,8], [13,5], [13,6]] merged=[[13,5], [13,6], [13,3], [13,7], [13,2], [13,4], [13,8]] --- (Vertex4)[[13,3], [13,5], [13,8], [13,4], [13,6], [13,2], [13,7]] (solid_wave_vertices: 7) solid=[[13,4], [13,3], [13,7], [13,6], [13,8], [13,5], [13,2]] merged=[[13,7], [13,5], [13,8], [13,2], [13,3], [13,6], [13,4]] --- (Vertex5)[[13,3], [13,5], [13,8], [13,4], [13,6], [13,2], [13,7]] (solid_wave_vertices: 7) solid=[[13,8], [13,6], [13,3], [13,4], [13,5], [13,7], [13,2]] merged=[[13,2], [13,5], [13,6], [13,4], [13,7], [13,3], [13,8]] --- (Vertex6)[[13,5], [13,8], [13,1], [13,4], [13,6], [13,0], [13,2]] (solid_wave_vertices: 7) solid=[[13,0], [13,6], [13,4], [13,2], [13,8], [13,5], [13,1]] merged=[[13,6], [13,4], [13,0], [13,5], [13,2], [13,8], [13,1]] --- (Vertex7)[[13,3], [13,5], [13,8], [13,4], [13,6], [13,2], [13,7]] (solid_wave_vertices: 7) solid=[[13,5], [13,2], [13,6], [13,3], [13,4], [13,8], [13,7]] merged=[[13,8], [13,3], [13,7], [13,5], [13,2], [13,4], [13,6]] --- (Vertex8)[[13,3], [13,5], [13,8], [13,4], [13,6], [13,2], [13,7]] (solid_wave_vertices: 7) solid=[[13,4], [13,8], [13,5], [13,6], [13,2], [13,7], [13,3]] merged=[[13,5], [13,4], [13,6], [13,7], [13,8], [13,2], [13,3]] --- (Vertex9)[[13,3], [13,5], [13,8], [13,1], [13,4], [13,6], [13,0], [13,2], [13,7]] (solid_wave_vertices: 9) solid=[[13,0], [13,6], [13,2], [13,8], [13,5], [13,1], [13,4], [13,7], [13,3]] merged=[[13,6], [13,3], [13,7], [13,0], [13,1], [13,4], [13,5], [13,2], [13,8]]
Round 15: (Vertex0)[[14,8], [14,7], [w13,3], [w13,5], [w13,8], [14,0], [14,1], [w13,1], [14,6], [w13,4], [w13,6], [w13,0], [w13,2], [14,3], [w13,7], [14,4]] weak=[[w13,3], [w13,5], [w13,8], [w13,1], [w13,4], [w13,6], [w13,0], [w13,2], [w13,7]] (solid_wave_vertices: 9) solid=[[13,7], [13,4], [13,5], [13,6], [13,1], [13,2], [13,8], [13,3], [13,0]] merged=[[15,0]] --- (Vertex1)[[14,8], [14,7], [w13,3], [w13,5], [w13,8], [14,0], [14,1], [w13,1], [14,6], [w13,4], [w13,6], [w13,0], [w13,2], [14,3], [w13,7], [14,4]] weak=[[w13,3], [w13,5], [w13,8], [w13,1], [w13,4], [w13,6], [w13,0], [w13,2], [w13,7]] (solid_wave_vertices: 9) solid=[[13,3], [13,4], [13,1], [13,2], [13,6], [13,5], [13,8], [13,0], [13,7]] merged=[[15,1]] --- (Vertex2)[[14,8], [14,7], [w13,3], [w13,5], [w13,8], [14,1], [w13,1], [w13,4], [w13,6], [w13,0], [w13,2], [14,2], [14,3], [14,5], [w13,7], [14,4]] weak=[[w13,3], [w13,5], [w13,8], [w13,1], [w13,4], [w13,6], [w13,0], [w13,2], [w13,7]] (solid_wave_vertices: 9) solid=[[13,5], [13,8], [13,1], [13,0], [13,6], [13,7], [13,2], [13,4], [13,3]] merged=[[15,2]] --- (Vertex3)[[14,8], [14,7], [w13,3], [w13,5], [w13,8], [14,1], [w13,1], [w13,4], [w13,6], [w13,0], [w13,2], [14,2], [14,3], [14,5], [w13,7], [14,4]] weak=[[w13,3], [w13,5], [w13,8], [w13,1], [w13,4], [w13,6], [w13,0], [w13,2], [w13,7]] (solid_wave_vertices: 9) solid=[[13,0], [13,1], [13,6], [13,4], [13,8], [13,5], [13,3], [13,7], [13,2]] merged=[[15,3]] --- (Vertex4)[[14,8], [14,7], [w13,3], [w13,5], [w13,8], [14,1], [w13,1], [w13,4], [w13,6], [w13,0], [w13,2], [14,2], [14,3], [14,5], [w13,7], [14,4]] weak=[[w13,3], [w13,5], [w13,8], [w13,1], [w13,4], [w13,6], [w13,0], [w13,2], [w13,7]] (solid_wave_vertices: 9) solid=[[13,5], [13,8], [13,2], [13,1], [13,0], [13,4], [13,7], [13,3], [13,6]] merged=[[15,4]] --- (Vertex5)[[14,8], [14,7], [w13,3], [w13,5], [w13,8], [14,1], [w13,1], [w13,4], [w13,6], [w13,0], [w13,2], [14,2], [14,3], [14,5], [w13,7], [14,4]] weak=[[w13,3], [w13,5], [w13,8], [w13,1], [w13,4], [w13,6], [w13,0], [w13,2], [w13,7]] (solid_wave_vertices: 9) solid=[[13,2], [13,7], [13,5], [13,0], [13,6], [13,1], [13,8], [13,3], [13,4]] merged=[[15,5]] --- (Vertex6)[[14,8], [14,7], [w13,3], [w13,5], [w13,8], [14,0], [14,1], [w13,1], [14,6], [w13,4], [w13,6], [w13,0], [w13,2], [14,3], [14,5], [w13,7]] weak=[[w13,3], [w13,5], [w13,8], [w13,1], [w13,4], [w13,6], [w13,0], [w13,2], [w13,7]] (solid_wave_vertices: 9) solid=[[13,7], [13,1], [13,2], [13,3], [13,4], [13,6], [13,8], [13,5], [13,0]] merged=[[15,6]] --- (Vertex7)[[14,8], [14,7], [w13,3], [w13,5], [w13,8], [w13,1], [14,6], [w13,4], [w13,6], [w13,0], [w13,2], [14,2], [14,3], [14,5], [w13,7], [14,4]] weak=[[w13,3], [w13,5], [w13,8], [w13,1], [w13,4], [w13,6], [w13,0], [w13,2], [w13,7]] (solid_wave_vertices: 9) solid=[[13,8], [13,7], [13,0], [13,6], [13,2], [13,1], [13,3], [13,4], [13,5]] merged=[[15,7]] --- (Vertex8)[[14,8], [14,7], [w13,3], [w13,5], [w13,8], [14,1], [w13,1], [w13,4], [w13,6], [w13,0], [w13,2], [14,2], [14,3], [14,5], [w13,7], [14,4]] weak=[[w13,3], [w13,5], [w13,8], [w13,1], [w13,4], [w13,6], [w13,0], [w13,2], [w13,7]] (solid_wave_vertices: 9) solid=[[13,6], [13,2], [13,8], [13,3], [13,5], [13,4], [13,1], [13,0], [13,7]] merged=[[15,8]] --- (Vertex9)[[14,8], [14,7], [w13,3], [w13,5], [w13,8], [14,0], [14,1], [w13,1], [14,6], [w13,4], [w13,6], [w13,0], [w13,2], [14,3], [14,5], [w13,7], [14,4]] weak=[[w13,3], [w13,5], [w13,8], [w13,1], [w13,4], [w13,6], [w13,0], [w13,2], [w13,7]] (solid_wave_vertices: 9) solid=[[13,5], [13,2], [13,1], [13,6], [13,3], [13,0], [13,4], [13,8], [13,7]] merged=[[15,9]]
Round 16: (Vertex0)[[15,0], [15,6], [15,8], [15,1], [15,4], [15,7], [15,2]] (solid_wave_vertices: 7) solid=[[15,7], [15,2], [15,6], [15,1], [15,0], [15,8], [15,4]] merged=[[15,4], [15,2], [15,8], [15,0], [15,7], [15,1], [15,6]] --- (Vertex1)[[15,0], [15,6], [15,8], [15,1], [15,4], [15,7], [15,5]] (solid_wave_vertices: 7) solid=[[15,1], [15,7], [15,8], [15,5], [15,0], [15,6], [15,4]] merged=[[15,4], [15,6], [15,5], [15,1], [15,0], [15,8], [15,7]] --- (Vertex2)[[15,6], [15,8], [15,4], [15,7], [15,3], [15,2], [15,5]] (solid_wave_vertices: 7) solid=[[15,8], [15,6], [15,2], [15,4], [15,3], [15,5], [15,7]] merged=[[15,3], [15,4], [15,5], [15,6], [15,7], [15,2], [15,8]] --- (Vertex3)[[15,6], [15,8], [15,4], [15,7], [15,3], [15,2], [15,5]] (solid_wave_vertices: 7) solid=[[15,2], [15,4], [15,5], [15,6], [15,3], [15,7], [15,8]] merged=[[15,8], [15,7], [15,2], [15,4], [15,3], [15,6], [15,5]] --- (Vertex4)[[15,6], [15,8], [15,4], [15,7], [15,3], [15,2], [15,5]] (solid_wave_vertices: 7) solid=[[15,4], [15,5], [15,8], [15,2], [15,6], [15,7], [15,3]] merged=[[15,4], [15,7], [15,5], [15,3], [15,6], [15,8], [15,2]] --- (Vertex5)[[15,6], [15,8], [15,4], [15,7], [15,3], [15,2], [15,5]] (solid_wave_vertices: 7) solid=[[15,4], [15,7], [15,5], [15,8], [15,6], [15,2], [15,3]] merged=[[15,7], [15,3], [15,5], [15,2], [15,6], [15,8], [15,4]] --- (Vertex6)[[15,0], [15,6], [15,8], [15,1], [15,4], [15,7], [15,2]] (solid_wave_vertices: 7) solid=[[15,0], [15,6], [15,4], [15,8], [15,7], [15,2], [15,1]] merged=[[15,8], [15,6], [15,2], [15,7], [15,4], [15,1], [15,0]] --- (Vertex7)[[15,6], [15,8], [15,4], [15,7], [15,3], [15,2], [15,5]] (solid_wave_vertices: 7) solid=[[15,6], [15,5], [15,7], [15,3], [15,4], [15,8], [15,2]] merged=[[15,8], [15,3], [15,5], [15,7], [15,6], [15,4], [15,2]] --- (Vertex8)[[15,6], [15,8], [15,4], [15,7], [15,3], [15,2], [15,5]] (solid_wave_vertices: 7) solid=[[15,3], [15,7], [15,6], [15,8], [15,2], [15,4], [15,5]] merged=[[15,8], [15,4], [15,6], [15,2], [15,5], [15,7], [15,3]] --- (Vertex9)[[15,0], [15,6], [15,8], [15,1], [15,4], [15,7], [15,3], [15,5]] (solid_wave_vertices: 8) solid=[[15,1], [15,4], [15,7], [15,8], [15,5], [15,6], [15,0], [15,3]] merged=[[15,5], [15,6], [15,3], [15,7], [15,0], [15,1], [15,4], [15,8]]
Round 17: (Vertex0)[[16,1], [w15,0], [w15,6], [w15,8], [16,0], [16,5], [w15,1], [w15,4], [16,4], [w15,7], [w15,3], [16,6], [w15,2], [16,3], [w15,5], [16,8]] weak=[[w15,0], [w15,6], [w15,8], [w15,1], [w15,4], [w15,7], [w15,3], [w15,2], [w15,5]] (solid_wave_vertices: 9) solid=[[15,0], [15,4], [15,7], [15,6], [15,1], [15,3], [15,5], [15,2], [15,8]] merged=[[17,0]] --- (Vertex1)[[16,1], [w15,0], [w15,6], [w15,8], [16,0], [16,7], [16,5], [w15,1], [w15,4], [16,4], [w15,7], [w15,3], [16,6], [w15,2], [16,3], [w15,5]] weak=[[w15,0], [w15,6], [w15,8], [w15,1], [w15,4], [w15,7], [w15,3], [w15,2], [w15,5]] (solid_wave_vertices: 9) solid=[[15,0], [15,2], [15,6], [15,3], [15,7], [15,5], [15,1], [15,8], [15,4]] merged=[[17,1]] --- (Vertex2)[[w15,0], [w15,6], [w15,8], [16,0], [16,7], [16,2], [16,5], [w15,1], [w15,4], [16,4], [w15,7], [w15,3], [w15,2], [16,3], [w15,5], [16,8]] weak=[[w15,0], [w15,6], [w15,8], [w15,1], [w15,4], [w15,7], [w15,3], [w15,2], [w15,5]] (solid_wave_vertices: 9) solid=[[15,1], [15,0], [15,3], [15,6], [15,4], [15,8], [15,7], [15,5], [15,2]] merged=[[17,2]] --- (Vertex3)[[w15,0], [w15,6], [w15,8], [16,0], [16,7], [16,2], [16,5], [w15,1], [w15,4], [16,4], [w15,7], [w15,3], [w15,2], [16,3], [w15,5], [16,8]] weak=[[w15,0], [w15,6], [w15,8], [w15,1], [w15,4], [w15,7], [w15,3], [w15,2], [w15,5]] (solid_wave_vertices: 9) solid=[[15,2], [15,0], [15,5], [15,6], [15,8], [15,3], [15,4], [15,1], [15,7]] merged=[[17,3]] --- (Vertex4)[[w15,0], [w15,6], [w15,8], [16,0], [16,7], [16,2], [16,5], [w15,1], [w15,4], [16,4], [w15,7], [w15,3], [w15,2], [16,3], [w15,5], [16,8]] weak=[[w15,0], [w15,6], [w15,8], [w15,1], [w15,4], [w15,7], [w15,3], [w15,2], [w15,5]] (solid_wave_vertices: 9) solid=[[15,2], [15,8], [15,6], [15,4], [15,3], [15,7], [15,1], [15,5], [15,0]] merged=[[17,4]] --- (Vertex5)[[w15,0], [w15,6], [w15,8], [16,0], [16,7], [16,2], [16,5], [w15,1], [w15,4], [16,4], [w15,7], [w15,3], [w15,2], [16,3], [w15,5], [16,8]] weak=[[w15,0], [w15,6], [w15,8], [w15,1], [w15,4], [w15,7], [w15,3], [w15,2], [w15,5]] (solid_wave_vertices: 9) solid=[[15,6], [15,3], [15,1], [15,2], [15,7], [15,8], [15,4], [15,5], [15,0]] merged=[[17,5]] --- (Vertex6)[[16,1], [w15,0], [w15,6], [w15,8], [16,0], [16,2], [16,5], [w15,1], [w15,4], [w15,7], [w15,3], [16,6], [w15,2], [16,3], [w15,5], [16,8]] weak=[[w15,0], [w15,6], [w15,8], [w15,1], [w15,4], [w15,7], [w15,3], [w15,2], [w15,5]] (solid_wave_vertices: 9) solid=[[15,6], [15,5], [15,8], [15,0], [15,4], [15,3], [15,1], [15,2], [15,7]] merged=[[17,6]] --- (Vertex7)[[w15,0], [w15,6], [w15,8], [16,0], [16,7], [16,2], [16,5], [w15,1], [w15,4], [16,4], [w15,7], [w15,3], [w15,2], [16,3], [w15,5], [16,8]] weak=[[w15,0], [w15,6], [w15,8], [w15,1], [w15,4], [w15,7], [w15,3], [w15,2], [w15,5]] (solid_wave_vertices: 9) solid=[[15,3], [15,7], [15,6], [15,2], [15,5], [15,4], [15,8], [15,1], [15,0]] merged=[[17,7]] --- (Vertex8)[[w15,0], [w15,6], [w15,8], [16,0], [16,7], [16,2], [16,5], [w15,1], [w15,4], [16,4], [w15,7], [w15,3], [w15,2], [16,3], [w15,5], [16,8]] weak=[[w15,0], [w15,6], [w15,8], [w15,1], [w15,4], [w15,7], [w15,3], [w15,2], [w15,5]] (solid_wave_vertices: 9) solid=[[15,3], [15,6], [15,1], [15,2], [15,7], [15,5], [15,8], [15,0], [15,4]] merged=[[17,8]] --- (Vertex9)[[16,1], [w15,0], [w15,6], [w15,8], [16,0], [16,5], [w15,1], [w15,4], [16,4], [w15,7], [w15,3], [w15,9], [16,6], [w15,2], [16,3], [w15,5], [16,8]] weak=[[w15,0], [w15,6], [w15,8], [w15,1], [w15,4], [w15,7], [w15,3], [w15,9], [w15,2], [w15,5]] (solid_wave_vertices: 10) solid=[[15,6], [15,3], [15,1], [15,0], [15,5], [15,4], [15,7], [15,9], [15,2], [15,8]] merged=[[17,9]]
Round 18: (Vertex0)[[17,1], [17,3], [17,6], [17,7], [17,8], [17,4], [17,5]] (solid_wave_vertices: 7) solid=[[17,8], [17,7], [17,3], [17,6], [17,1], [17,4], [17,5]] merged=[[17,3], [17,1], [17,4], [17,7], [17,8], [17,5], [17,6]] --- (Vertex1)[[17,1], [17,6], [17,7], [17,8], [17,4], [17,5], [17,2]] (solid_wave_vertices: 7) solid=[[17,4], [17,7], [17,1], [17,2], [17,5], [17,8], [17,6]] merged=[[17,8], [17,5], [17,1], [17,2], [17,7], [17,6], [17,4]] --- (Vertex2)[[17,1], [17,3], [17,7], [17,8], [17,4], [17,5], [17,2]] (solid_wave_vertices: 7) solid=[[17,7], [17,3], [17,8], [17,4], [17,1], [17,5], [17,2]] merged=[[17,3], [17,4], [17,1], [17,7], [17,5], [17,8], [17,2]] --- (Vertex3)[[17,1], [17,3], [17,7], [17,8], [17,4], [17,5], [17,2]] (solid_wave_vertices: 7) solid=[[17,7], [17,2], [17,4], [17,3], [17,8], [17,5], [17,1]] merged=[[17,2], [17,5], [17,8], [17,4], [17,1], [17,3], [17,7]] --- (Vertex4)[[17,1], [17,3], [17,7], [17,8], [17,4], [17,5], [17,2]] (solid_wave_vertices: 7) solid=[[17,7], [17,5], [17,4], [17,2], [17,1], [17,3], [17,8]] merged=[[17,5], [17,8], [17,4], [17,1], [17,7], [17,2], [17,3]] --- (Vertex5)[[17,1], [17,3], [17,7], [17,8], [17,4], [17,5], [17,2]] (solid_wave_vertices: 7) solid=[[17,7], [17,4], [17,3], [17,8], [17,5], [17,2], [17,1]] merged=[[17,7], [17,8], [17,1], [17,4], [17,5], [17,3], [17,2]] --- (Vertex6)[[17,1], [17,6], [17,7], [17,8], [17,4], [17,5], [17,2]] (solid_wave_vertices: 7) solid=[[17,2], [17,5], [17,1], [17,4], [17,7], [17,8], [17,6]] merged=[[17,4], [17,8], [17,5], [17,6], [17,2], [17,7], [17,1]] --- (Vertex7)[[17,1], [17,3], [17,7], [17,8], [17,4], [17,5], [17,2]] (solid_wave_vertices: 7) solid=[[17,4], [17,5], [17,1], [17,2], [17,3], [17,7], [17,8]] merged=[[17,8], [17,2], [17,7], [17,4], [17,3], [17,5], [17,1]] --- (Vertex8)[[17,1], [17,3], [17,7], [17,8], [17,4], [17,5], [17,2]] (solid_wave_vertices: 7) solid=[[17,4], [17,7], [17,2], [17,5], [17,3], [17,1], [17,8]] merged=[[17,8], [17,2], [17,3], [17,5], [17,1], [17,7], [17,4]] --- (Vertex9)[[17,1], [17,3], [17,6], [17,7], [17,8], [17,4], [17,5]] (solid_wave_vertices: 7) solid=[[17,8], [17,4], [17,1], [17,3], [17,5], [17,6], [17,7]] merged=[[17,3], [17,1], [17,7], [17,8], [17,5], [17,6], [17,4]]
Round 19: (Vertex0)[[w17,1], [18,7], [18,1], [18,2], [w17,3], [w17,6], [18,5], [w17,7], [18,4], [w17,8], [w17,4], [w17,0], [w17,5], [w17,2], [18,6], [18,0]] weak=[[w17,1], [w17,3], [w17,6], [w17,7], [w17,8], [w17,4], [w17,0], [w17,5], [w17,2]] (solid_wave_vertices: 9) solid=[[17,5], [17,2], [17,7], [17,6], [17,8], [17,3], [17,4], [17,1], [17,0]] merged=[[19,0]] --- (Vertex1)[[w17,1], [18,7], [18,1], [18,2], [18,3], [w17,3], [w17,6], [18,5], [w17,7], [w17,8], [w17,4], [w17,0], [w17,5], [w17,2], [18,6], [18,0]] weak=[[w17,1], [w17,3], [w17,6], [w17,7], [w17,8], [w17,4], [w17,0], [w17,5], [w17,2]] (solid_wave_vertices: 9) solid=[[17,5], [17,0], [17,2], [17,4], [17,3], [17,7], [17,1], [17,6], [17,8]] merged=[[19,1]] --- (Vertex2)[[w17,1], [18,7], [18,2], [18,8], [18,3], [w17,3], [w17,6], [18,5], [w17,7], [18,4], [w17,8], [w17,4], [w17,0], [w17,5], [w17,2], [18,6]] weak=[[w17,1], [w17,3], [w17,6], [w17,7], [w17,8], [w17,4], [w17,0], [w17,5], [w17,2]] (solid_wave_vertices: 9) solid=[[17,8], [17,3], [17,0], [17,1], [17,7], [17,4], [17,5], [17,2], [17,6]] merged=[[19,2]] --- (Vertex3)[[w17,1], [18,7], [18,2], [18,8], [18,3], [w17,3], [w17,6], [18,5], [w17,7], [18,4], [w17,8], [w17,4], [w17,0], [w17,5], [w17,2], [18,6]] weak=[[w17,1], [w17,3], [w17,6], [w17,7], [w17,8], [w17,4], [w17,0], [w17,5], [w17,2]] (solid_wave_vertices: 9) solid=[[17,4], [17,5], [17,2], [17,6], [17,8], [17,1], [17,7], [17,3], [17,0]] merged=[[19,3]] --- (Vertex4)[[w17,1], [18,7], [18,2], [18,8], [18,3], [w17,3], [w17,6], [18,5], [w17,7], [18,4], [w17,8], [w17,4], [w17,0], [w17,5], [w17,2], [18,6]] weak=[[w17,1], [w17,3], [w17,6], [w17,7], [w17,8], [w17,4], [w17,0], [w17,5], [w17,2]] (solid_wave_vertices: 9) solid=[[17,2], [17,7], [17,4], [17,1], [17,0], [17,5], [17,8], [17,6], [17,3]] merged=[[19,4]] --- (Vertex5)[[w17,1], [18,7], [18,2], [18,8], [18,3], [w17,3], [w17,6], [18,5], [w17,7], [18,4], [w17,8], [w17,4], [w17,0], [w17,5], [w17,2], [18,6]] weak=[[w17,1], [w17,3], [w17,6], [w17,7], [w17,8], [w17,4], [w17,0], [w17,5], [w17,2]] (solid_wave_vertices: 9) solid=[[17,1], [17,4], [17,3], [17,5], [17,2], [17,6], [17,0], [17,8], [17,7]] merged=[[19,5]] --- (Vertex6)[[w17,1], [18,7], [18,1], [18,2], [w17,3], [w17,6], [18,5], [w17,7], [18,4], [w17,8], [w17,4], [w17,0], [w17,5], [w17,2], [18,6], [18,0]] weak=[[w17,1], [w17,3], [w17,6], [w17,7], [w17,8], [w17,4], [w17,0], [w17,5], [w17,2]] (solid_wave_vertices: 9) solid=[[17,1], [17,0], [17,6], [17,4], [17,2], [17,3], [17,8], [17,7], [17,5]] merged=[[19,6]] --- (Vertex7)[[w17,1], [18,7], [18,2], [18,8], [18,3], [w17,3], [w17,6], [18,5], [w17,7], [18,4], [w17,8], [w17,4], [w17,0], [w17,5], [w17,2], [18,6]] weak=[[w17,1], [w17,3], [w17,6], [w17,7], [w17,8], [w17,4], [w17,0], [w17,5], [w17,2]] (solid_wave_vertices: 9) solid=[[17,1], [17,3], [17,0], [17,6], [17,8], [17,7], [17,4], [17,2], [17,5]] merged=[[19,7]] --- (Vertex8)[[w17,1], [18,7], [18,2], [18,8], [18,3], [w17,3], [w17,6], [18,5], [w17,7], [18,4], [w17,8], [w17,4], [w17,0], [w17,5], [w17,2], [18,6]] weak=[[w17,1], [w17,3], [w17,6], [w17,7], [w17,8], [w17,4], [w17,0], [w17,5], [w17,2]] (solid_wave_vertices: 9) solid=[[17,7], [17,6], [17,2], [17,5], [17,1], [17,3], [17,4], [17,0], [17,8]] merged=[[19,8]] --- (Vertex9)[[w17,1], [18,7], [18,1], [18,8], [18,3], [w17,3], [w17,6], [18,5], [w17,7], [18,4], [w17,8], [w17,4], [w17,0], [w17,5], [w17,2], [w17,9], [18,6], [18,0]] weak=[[w17,1], [w17,3], [w17,6], [w17,7], [w17,8], [w17,4], [w17,0], [w17,5], [w17,2], [w17,9]] (solid_wave_vertices: 10) solid=[[17,1], [17,6], [17,3], [17,7], [17,5], [17,4], [17,0], [17,9], [17,8], [17,2]] merged=[[19,9]]
Round 20: (Vertex0)[[19,6], [19,2], [19,7], [19,4], [19,1], [19,3], [19,0]] (solid_wave_vertices: 7) solid=[[19,0], [19,4], [19,3], [19,6], [19,7], [19,2], [19,1]] merged=[[19,0], [19,2], [19,7], [19,1], [19,6], [19,3], [19,4]] --- (Vertex1)[[19,6], [19,2], [19,7], [19,4], [19,1], [19,3], [19,0]] (solid_wave_vertices: 7) solid=[[19,1], [19,0], [19,4], [19,6], [19,7], [19,3], [19,2]] merged=[[19,7], [19,2], [19,1], [19,0], [19,6], [19,4], [19,3]] --- (Vertex2)[[19,2], [19,7], [19,4], [19,8], [19,5], [19,1], [19,3]] (solid_wave_vertices: 7) solid=[[19,5], [19,2], [19,7], [19,4], [19,1], [19,8], [19,3]] merged=[[19,2], [19,3], [19,5], [19,4], [19,7], [19,8], [19,1]] --- (Vertex3)[[19,2], [19,7], [19,4], [19,8], [19,5], [19,1], [19,3]] (solid_wave_vertices: 7) solid=[[19,8], [19,7], [19,3], [19,1], [19,2], [19,5], [19,4]] merged=[[19,3], [19,4], [19,8], [19,5], [19,1], [19,7], [19,2]] --- (Vertex4)[[19,2], [19,7], [19,4], [19,8], [19,5], [19,1], [19,3]] (solid_wave_vertices: 7) solid=[[19,7], [19,4], [19,8], [19,2], [19,5], [19,1], [19,3]] merged=[[19,2], [19,7], [19,8], [19,3], [19,1], [19,4], [19,5]] --- (Vertex5)[[19,2], [19,7], [19,4], [19,8], [19,5], [19,1], [19,3]] (solid_wave_vertices: 7) solid=[[19,3], [19,7], [19,2], [19,4], [19,1], [19,5], [19,8]] merged=[[19,3], [19,4], [19,5], [19,8], [19,1], [19,2], [19,7]] --- (Vertex6)[[19,6], [19,2], [19,7], [19,4], [19,1], [19,3], [19,0]] (solid_wave_vertices: 7) solid=[[19,6], [19,4], [19,1], [19,3], [19,0], [19,7], [19,2]] merged=[[19,4], [19,0], [19,6], [19,3], [19,7], [19,2], [19,1]] --- (Vertex7)[[19,2], [19,7], [19,4], [19,8], [19,5], [19,1], [19,3]] (solid_wave_vertices: 7) solid=[[19,8], [19,4], [19,5], [19,2], [19,7], [19,1], [19,3]] merged=[[19,3], [19,8], [19,2], [19,7], [19,4], [19,5], [19,1]] --- (Vertex8)[[19,2], [19,7], [19,4], [19,8], [19,5], [19,1], [19,3]] (solid_wave_vertices: 7) solid=[[19,1], [19,3], [19,2], [19,7], [19,5], [19,4], [19,8]] merged=[[19,7], [19,4], [19,5], [19,1], [19,8], [19,2], [19,3]] --- (Vertex9)[[19,6], [19,7], [19,4], [19,8], [19,5], [19,1], [19,3], [19,0]] (solid_wave_vertices: 8) solid=[[19,3], [19,1], [19,4], [19,0], [19,8], [19,5], [19,7], [19,6]] merged=[[19,8], [19,0], [19,3], [19,4], [19,1], [19,6], [19,7], [19,5]]
Round 21: (Vertex0)[[w19,6], [w19,2], [20,0], [w19,7], [w19,4], [20,5], [w19,8], [20,6], [w19,5], [w19,1], [w19,3], [20,8], [20,1], [20,2], [w19,0], [20,7]] weak=[[w19,6], [w19,2], [w19,7], [w19,4], [w19,8], [w19,5], [w19,1], [w19,3], [w19,0]] (solid_wave_vertices: 9) solid=[[19,8], [19,6], [19,2], [19,7], [19,3], [19,1], [19,4], [19,0], [19,5]] merged=[[21,0]] --- (Vertex1)[[w19,6], [w19,2], [20,0], [w19,7], [w19,4], [20,5], [w19,8], [20,6], [w19,5], [w19,1], [w19,3], [20,8], [20,1], [20,2], [w19,0], [20,7]] weak=[[w19,6], [w19,2], [w19,7], [w19,4], [w19,8], [w19,5], [w19,1], [w19,3], [w19,0]] (solid_wave_vertices: 9) solid=[[19,4], [19,8], [19,3], [19,0], [19,7], [19,1], [19,5], [19,2], [19,6]] merged=[[21,1]] --- (Vertex2)[[w19,6], [w19,2], [w19,7], [w19,4], [20,4], [20,5], [w19,8], [20,6], [w19,5], [20,3], [w19,1], [w19,3], [20,8], [20,2], [w19,0], [20,7]] weak=[[w19,6], [w19,2], [w19,7], [w19,4], [w19,8], [w19,5], [w19,1], [w19,3], [w19,0]] (solid_wave_vertices: 9) solid=[[19,6], [19,5], [19,2], [19,3], [19,7], [19,0], [19,8], [19,1], [19,4]] merged=[[21,2]] --- (Vertex3)[[w19,6], [w19,2], [w19,7], [w19,4], [20,4], [20,5], [w19,8], [20,6], [w19,5], [20,3], [w19,1], [w19,3], [20,8], [20,2], [w19,0], [20,7]] weak=[[w19,6], [w19,2], [w19,7], [w19,4], [w19,8], [w19,5], [w19,1], [w19,3], [w19,0]] (solid_wave_vertices: 9) solid=[[19,1], [19,2], [19,4], [19,7], [19,3], [19,6], [19,5], [19,8], [19,0]] merged=[[21,3]] --- (Vertex4)[[w19,6], [w19,2], [w19,7], [w19,4], [20,4], [20,5], [w19,8], [20,6], [w19,5], [20,3], [w19,1], [w19,3], [20,8], [20,2], [w19,0], [20,7]] weak=[[w19,6], [w19,2], [w19,7], [w19,4], [w19,8], [w19,5], [w19,1], [w19,3], [w19,0]] (solid_wave_vertices: 9) solid=[[19,6], [19,7], [19,1], [19,2], [19,5], [19,4], [19,3], [19,0], [19,8]] merged=[[21,4]] --- (Vertex5)[[w19,6], [w19,2], [w19,7], [w19,4], [20,4], [20,5], [w19,8], [20,6], [w19,5], [20,3], [w19,1], [w19,3], [20,8], [20,2], [w19,0], [20,7]] weak=[[w19,6], [w19,2], [w19,7], [w19,4], [w19,8], [w19,5], [w19,1], [w19,3], [w19,0]] (solid_wave_vertices: 9) solid=[[19,1], [19,0], [19,5], [19,3], [19,8], [19,4], [19,6], [19,2], [19,7]] merged=[[21,5]] --- (Vertex6)[[w19,6], [w19,2], [20,0], [w19,7], [w19,4], [20,5], [w19,8], [20,6], [w19,5], [w19,1], [w19,3], [20,8], [20,1], [20,2], [w19,0], [20,7]] weak=[[w19,6], [w19,2], [w19,7], [w19,4], [w19,8], [w19,5], [w19,1], [w19,3], [w19,0]] (solid_wave_vertices: 9) solid=[[19,2], [19,0], [19,5], [19,4], [19,3], [19,7], [19,1], [19,6], [19,8]] merged=[[21,6]] --- (Vertex7)[[w19,6], [w19,2], [w19,7], [w19,4], [20,4], [20,5], [w19,8], [20,6], [w19,5], [20,3], [w19,1], [w19,3], [20,8], [20,2], [w19,0], [20,7]] weak=[[w19,6], [w19,2], [w19,7], [w19,4], [w19,8], [w19,5], [w19,1], [w19,3], [w19,0]] (solid_wave_vertices: 9) solid=[[19,7], [19,1], [19,0], [19,3], [19,2], [19,6], [19,5], [19,4], [19,8]] merged=[[21,7]] --- (Vertex8)[[w19,6], [w19,2], [w19,7], [w19,4], [20,4], [20,5], [w19,8], [20,6], [w19,5], [20,3], [w19,1], [w19,3], [20,8], [20,2], [w19,0], [20,7]] weak=[[w19,6], [w19,2], [w19,7], [w19,4], [w19,8], [w19,5], [w19,1], [w19,3], [w19,0]] (solid_wave_vertices: 9) solid=[[19,1], [19,2], [19,4], [19,6], [19,0], [19,7], [19,5], [19,3], [19,8]] merged=[[21,8]] --- (Vertex9)[[w19,6], [w19,2], [20,0], [w19,7], [w19,4], [20,4], [20,5], [w19,9], [w19,8], [20,6], [w19,5], [w19,1], [w19,3], [20,8], [20,1], [w19,0], [20,7]] weak=[[w19,6], [w19,2], [w19,7], [w19,4], [w19,9], [w19,8], [w19,5], [w19,1], [w19,3], [w19,0]] (solid_wave_vertices: 10) solid=[[19,6], [19,1], [19,0], [19,8], [19,2], [19,4], [19,7], [19,9], [19,5], [19,3]] merged=[[21,9]]
Round 22: (Vertex0)[[21,7], [21,4], [21,2], [21,8], [21,0], [21,6], [21,1]] (solid_wave_vertices: 7) solid=[[21,6], [21,0], [21,8], [21,2], [21,7], [21,1], [21,4]] merged=[[21,7], [21,6], [21,1], [21,0], [21,2], [21,8], [21,4]] --- (Vertex1)[[21,7], [21,4], [21,2], [21,8], [21,0], [21,6], [21,1]] (solid_wave_vertices: 7) solid=[[21,2], [21,8], [21,6], [21,1], [21,0], [21,7], [21,4]] merged=[[21,2], [21,0], [21,7], [21,4], [21,8], [21,1], [21,6]] --- (Vertex2)[[21,7], [21,4], [21,3], [21,2], [21,8], [21,5], [21,0]] (solid_wave_vertices: 7) solid=[[21,4], [21,3], [21,8], [21,7], [21,0], [21,2], [21,5]] merged=[[21,3], [21,8], [21,2], [21,5], [21,4], [21,0], [21,7]] --- (Vertex3)[[21,7], [21,4], [21,3], [21,2], [21,8], [21,5], [21,0]] (solid_wave_vertices: 7) solid=[[21,7], [21,2], [21,4], [21,5], [21,8], [21,0], [21,3]] merged=[[21,2], [21,8], [21,0], [21,4], [21,5], [21,3], [21,7]] --- (Vertex4)[[21,7], [21,4], [21,3], [21,2], [21,8], [21,5], [21,0]] (solid_wave_vertices: 7) solid=[[21,3], [21,0], [21,7], [21,8], [21,5], [21,4], [21,2]] merged=[[21,4], [21,2], [21,5], [21,8], [21,3], [21,7], [21,0]] --- (Vertex5)[[21,7], [21,4], [21,3], [21,2], [21,8], [21,5], [21,0]] (solid_wave_vertices: 7) solid=[[21,4], [21,2], [21,7], [21,3], [21,8], [21,0], [21,5]] merged=[[21,7], [21,0], [21,5], [21,4], [21,8], [21,3], [21,2]] --- (Vertex6)[[21,7], [21,4], [21,2], [21,8], [21,0], [21,6], [21,1]] (solid_wave_vertices: 7) solid=[[21,6], [21,4], [21,7], [21,2], [21,0], [21,1], [21,8]] merged=[[21,2], [21,0], [21,8], [21,1], [21,4], [21,7], [21,6]] --- (Vertex7)[[21,7], [21,4], [21,3], [21,2], [21,8], [21,5], [21,0]] (solid_wave_vertices: 7) solid=[[21,5], [21,3], [21,4], [21,0], [21,8], [21,7], [21,2]] merged=[[21,0], [21,8], [21,7], [21,5], [21,3], [21,2], [21,4]] --- (Vertex8)[[21,7], [21,4], [21,3], [21,2], [21,8], [21,5], [21,0]] (solid_wave_vertices: 7) solid=[[21,7], [21,4], [21,2], [21,0], [21,8], [21,3], [21,5]] merged=[[21,2], [21,4], [21,5], [21,3], [21,8], [21,7], [21,0]] --- (Vertex9)[[21,7], [21,4], [21,8], [21,5], [21,0], [21,6], [21,1]] (solid_wave_vertices: 7) solid=[[21,7], [21,5], [21,0], [21,8], [21,4], [21,6], [21,1]] merged=[[21,7], [21,4], [21,5], [21,0], [21,1], [21,6], [21,8]]
Round 23: (Vertex0)[[w21,7], [w21,4], [22,1], [w21,3], [w21,2], [22,4], [w21,8], [22,7], [w21,5], [22,0], [22,6], [22,2], [w21,0], [w21,6], [22,5], [w21,1]] weak=[[w21,7], [w21,4], [w21,3], [w21,2], [w21,8], [w21,5], [w21,0], [w21,6], [w21,1]] (solid_wave_vertices: 9) solid=[[21,5], [21,2], [21,1], [21,7], [21,3], [21,6], [21,0], [21,8], [21,4]] merged=[[23,0]] --- (Vertex1)[[w21,7], [w21,4], [22,1], [w21,3], [w21,2], [22,4], [w21,8], [22,7], [w21,5], [22,0], [22,6], [22,2], [w21,0], [w21,6], [22,5], [w21,1]] weak=[[w21,7], [w21,4], [w21,3], [w21,2], [w21,8], [w21,5], [w21,0], [w21,6], [w21,1]] (solid_wave_vertices: 9) solid=[[21,8], [21,7], [21,2], [21,0], [21,1], [21,6], [21,5], [21,4], [21,3]] merged=[[23,1]] --- (Vertex2)[[w21,7], [w21,4], [w21,3], [w21,2], [22,3], [22,4], [w21,8], [22,7], [w21,5], [22,6], [22,2], [w21,0], [w21,6], [22,5], [22,8], [w21,1]] weak=[[w21,7], [w21,4], [w21,3], [w21,2], [w21,8], [w21,5], [w21,0], [w21,6], [w21,1]] (solid_wave_vertices: 9) solid=[[21,7], [21,6], [21,0], [21,3], [21,4], [21,2], [21,5], [21,1], [21,8]] merged=[[23,2]] --- (Vertex3)[[w21,7], [w21,4], [w21,3], [w21,2], [22,3], [22,4], [w21,8], [22,7], [w21,5], [22,6], [22,2], [w21,0], [w21,6], [22,5], [22,8], [w21,1]] weak=[[w21,7], [w21,4], [w21,3], [w21,2], [w21,8], [w21,5], [w21,0], [w21,6], [w21,1]] (solid_wave_vertices: 9) solid=[[21,3], [21,2], [21,1], [21,0], [21,4], [21,6], [21,7], [21,5], [21,8]] merged=[[23,3]] --- (Vertex4)[[w21,7], [w21,4], [w21,3], [w21,2], [22,3], [22,4], [w21,8], [22,7], [w21,5], [22,6], [22,2], [w21,0], [w21,6], [22,5], [22,8], [w21,1]] weak=[[w21,7], [w21,4], [w21,3], [w21,2], [w21,8], [w21,5], [w21,0], [w21,6], [w21,1]] (solid_wave_vertices: 9) solid=[[21,2], [21,6], [21,5], [21,1], [21,8], [21,0], [21,7], [21,3], [21,4]] merged=[[23,4]] --- (Vertex5)[[w21,7], [w21,4], [w21,3], [w21,2], [22,3], [22,4], [w21,8], [22,7], [w21,5], [22,6], [22,2], [w21,0], [w21,6], [22,5], [22,8], [w21,1]] weak=[[w21,7], [w21,4], [w21,3], [w21,2], [w21,8], [w21,5], [w21,0], [w21,6], [w21,1]] (solid_wave_vertices: 9) solid=[[21,7], [21,4], [21,3], [21,2], [21,6], [21,8], [21,0], [21,5], [21,1]] merged=[[23,5]] --- (Vertex6)[[w21,7], [w21,4], [22,1], [w21,3], [w21,2], [22,4], [w21,8], [22,7], [w21,5], [22,0], [22,6], [22,2], [w21,0], [w21,6], [22,5], [w21,1]] weak=[[w21,7], [w21,4], [w21,3], [w21,2], [w21,8], [w21,5], [w21,0], [w21,6], [w21,1]] (solid_wave_vertices: 9) solid=[[21,6], [21,7], [21,1], [21,8], [21,5], [21,4], [21,2], [21,3], [21,0]] merged=[[23,6]] --- (Vertex7)[[w21,7], [w21,4], [w21,3], [w21,2], [22,3], [22,4], [w21,8], [22,7], [w21,5], [22,6], [22,2], [w21,0], [w21,6], [22,5], [22,8], [w21,1]] weak=[[w21,7], [w21,4], [w21,3], [w21,2], [w21,8], [w21,5], [w21,0], [w21,6], [w21,1]] (solid_wave_vertices: 9) solid=[[21,5], [21,2], [21,0], [21,3], [21,8], [21,4], [21,1], [21,7], [21,6]] merged=[[23,7]] --- (Vertex8)[[w21,7], [w21,4], [w21,3], [w21,2], [22,3], [22,4], [w21,8], [22,7], [w21,5], [22,6], [22,2], [w21,0], [w21,6], [22,5], [22,8], [w21,1]] weak=[[w21,7], [w21,4], [w21,3], [w21,2], [w21,8], [w21,5], [w21,0], [w21,6], [w21,1]] (solid_wave_vertices: 9) solid=[[21,5], [21,3], [21,8], [21,1], [21,0], [21,2], [21,6], [21,4], [21,7]] merged=[[23,8]] --- (Vertex9)[[w21,7], [w21,4], [22,1], [w21,3], [w21,2], [22,3], [w21,8], [22,7], [w21,5], [22,0], [22,6], [w21,0], [w21,6], [22,5], [22,8], [w21,1], [w21,9]] weak=[[w21,7], [w21,4], [w21,3], [w21,2], [w21,8], [w21,5], [w21,0], [w21,6], [w21,1], [w21,9]] (solid_wave_vertices: 10) solid=[[21,2], [21,7], [21,3], [21,0], [21,9], [21,1], [21,4], [21,5], [21,8], [21,6]] merged=[[23,9]]
Round 24: (Vertex0)[[23,0], [23,6], [23,8], [23,2], [23,7], [23,5], [23,1]] (solid_wave_vertices: 7) solid=[[23,8], [23,1], [23,7], [23,0], [23,5], [23,6], [23,2]] merged=[[23,8], [23,7], [23,5], [23,1], [23,0], [23,6], [23,2]] --- (Vertex1)[[23,0], [23,6], [23,8], [23,2], [23,7], [23,5], [23,1]] (solid_wave_vertices: 7) solid=[[23,8], [23,2], [23,5], [23,6], [23,0], [23,7], [23,1]] merged=[[23,2], [23,8], [23,0], [23,7], [23,1], [23,6], [23,5]] --- (Vertex2)[[23,0], [23,4], [23,8], [23,3], [23,2], [23,7], [23,5]] (solid_wave_vertices: 7) solid=[[23,0], [23,8], [23,3], [23,2], [23,7], [23,4], [23,5]] merged=[[23,4], [23,8], [23,3], [23,5], [23,7], [23,0], [23,2]] --- (Vertex3)[[23,0], [23,4], [23,8], [23,3], [23,2], [23,7], [23,5]] (solid_wave_vertices: 7) solid=[[23,4], [23,0], [23,3], [23,5], [23,7], [23,8], [23,2]] merged=[[23,5], [23,7], [23,3], [23,0], [23,4], [23,2], [23,8]] --- (Vertex4)[[23,0], [23,4], [23,8], [23,3], [23,2], [23,7], [23,5]] (solid_wave_vertices: 7) solid=[[23,4], [23,2], [23,5], [23,7], [23,8], [23,3], [23,0]] merged=[[23,8], [23,3], [23,0], [23,2], [23,4], [23,7], [23,5]] --- (Vertex5)[[23,0], [23,4], [23,8], [23,3], [23,2], [23,7], [23,5]] (solid_wave_vertices: 7) solid=[[23,7], [23,3], [23,8], [23,4], [23,5], [23,2], [23,0]] merged=[[23,8], [23,2], [23,5], [23,0], [23,4], [23,7], [23,3]] --- (Vertex6)[[23,0], [23,6], [23,8], [23,2], [23,7], [23,5], [23,1]] (solid_wave_vertices: 7) solid=[[23,1], [23,7], [23,5], [23,6], [23,2], [23,8], [23,0]] merged=[[23,7], [23,2], [23,1], [23,5], [23,0], [23,6], [23,8]] --- (Vertex7)[[23,0], [23,4], [23,8], [23,3], [23,2], [23,7], [23,5]] (solid_wave_vertices: 7) solid=[[23,7], [23,5], [23,2], [23,4], [23,8], [23,0], [23,3]] merged=[[23,2], [23,0], [23,5], [23,4], [23,3], [23,7], [23,8]] --- (Vertex8)[[23,0], [23,4], [23,8], [23,3], [23,2], [23,7], [23,5]] (solid_wave_vertices: 7) solid=[[23,5], [23,4], [23,2], [23,3], [23,7], [23,8], [23,0]] merged=[[23,7], [23,8], [23,4], [23,2], [23,0], [23,3], [23,5]] --- (Vertex9)[[23,0], [23,6], [23,4], [23,8], [23,3], [23,2], [23,1]] (solid_wave_vertices: 7) solid=[[23,0], [23,3], [23,8], [23,1], [23,2], [23,4], [23,6]] merged=[[23,6], [23,4], [23,1], [23,2], [23,0], [23,3], [23,8]]
Round 25: (Vertex0)[[w23,0], [w23,6], [w23,4], [24,6], [w23,8], [24,0], [24,4], [24,1], [w23,3], [w23,2], [w23,7], [w23,5], [w23,1], [24,7], [24,3], [24,8]] weak=[[w23,0], [w23,6], [w23,4], [w23,8], [w23,3], [w23,2], [w23,7], [w23,5], [w23,1]] (solid_wave_vertices: 9) solid=[[23,8], [23,3], [23,1], [23,2], [23,6], [23,7], [23,5], [23,0], [23,4]] merged=[[25,0]] --- (Vertex1)[[w23,0], [w23,6], [w23,4], [24,6], [w23,8], [24,0], [24,4], [24,1], [w23,3], [w23,2], [w23,7], [w23,5], [w23,1], [24,7], [24,3], [24,8]] weak=[[w23,0], [w23,6], [w23,4], [w23,8], [w23,3], [w23,2], [w23,7], [w23,5], [w23,1]] (solid_wave_vertices: 9) solid=[[23,6], [23,8], [23,3], [23,2], [23,1], [23,5], [23,4], [23,0], [23,7]] merged=[[25,1]] --- (Vertex2)[[w23,0], [w23,6], [w23,4], [w23,8], [24,2], [24,5], [24,4], [24,1], [w23,3], [w23,2], [w23,7], [w23,5], [w23,1], [24,7], [24,3], [24,8]] weak=[[w23,0], [w23,6], [w23,4], [w23,8], [w23,3], [w23,2], [w23,7], [w23,5], [w23,1]] (solid_wave_vertices: 9) solid=[[23,3], [23,2], [23,5], [23,1], [23,0], [23,7], [23,6], [23,8], [23,4]] merged=[[25,2]] --- (Vertex3)[[w23,0], [w23,6], [w23,4], [w23,8], [24,2], [24,5], [24,4], [24,1], [w23,3], [w23,2], [w23,7], [w23,5], [w23,1], [24,7], [24,3], [24,8]] weak=[[w23,0], [w23,6], [w23,4], [w23,8], [w23,3], [w23,2], [w23,7], [w23,5], [w23,1]] (solid_wave_vertices: 9) solid=[[23,0], [23,7], [23,8], [23,5], [23,2], [23,1], [23,6], [23,3], [23,4]] merged=[[25,3]] --- (Vertex4)[[w23,0], [w23,6], [w23,4], [w23,8], [24,2], [24,5], [24,4], [24,1], [w23,3], [w23,2], [w23,7], [w23,5], [w23,1], [24,7], [24,3], [24,8]] weak=[[w23,0], [w23,6], [w23,4], [w23,8], [w23,3], [w23,2], [w23,7], [w23,5], [w23,1]] (solid_wave_vertices: 9) solid=[[23,8], [23,1], [23,6], [23,7], [23,3], [23,5], [23,0], [23,2], [23,4]] merged=[[25,4]] --- (Vertex5)[[w23,0], [w23,6], [w23,4], [w23,8], [24,2], [24,5], [24,4], [24,1], [w23,3], [w23,2], [w23,7], [w23,5], [w23,1], [24,7], [24,3], [24,8]] weak=[[w23,0], [w23,6], [w23,4], [w23,8], [w23,3], [w23,2], [w23,7], [w23,5], [w23,1]] (solid_wave_vertices: 9) solid=[[23,7], [23,5], [23,1], [23,0], [23,4], [23,6], [23,2], [23,3], [23,8]] merged=[[25,5]] --- (Vertex6)[[w23,0], [w23,6], [w23,4], [24,6], [w23,8], [24,2], [24,0], [24,4], [24,1], [w23,3], [w23,2], [w23,7], [w23,5], [w23,1], [24,7], [24,8]] weak=[[w23,0], [w23,6], [w23,4], [w23,8], [w23,3], [w23,2], [w23,7], [w23,5], [w23,1]] (solid_wave_vertices: 9) solid=[[23,5], [23,2], [23,8], [23,7], [23,3], [23,6], [23,4], [23,1], [23,0]] merged=[[25,6]] --- (Vertex7)[[w23,0], [w23,6], [w23,4], [w23,8], [24,2], [24,5], [24,4], [24,1], [w23,3], [w23,2], [w23,7], [w23,5], [w23,1], [24,7], [24,3], [24,8]] weak=[[w23,0], [w23,6], [w23,4], [w23,8], [w23,3], [w23,2], [w23,7], [w23,5], [w23,1]] (solid_wave_vertices: 9) solid=[[23,8], [23,7], [23,2], [23,3], [23,1], [23,4], [23,5], [23,6], [23,0]] merged=[[25,7]] --- (Vertex8)[[w23,0], [w23,6], [w23,4], [w23,8], [24,2], [24,5], [24,4], [24,1], [w23,3], [w23,2], [w23,7], [w23,5], [w23,1], [24,7], [24,3], [24,8]] weak=[[w23,0], [w23,6], [w23,4], [w23,8], [w23,3], [w23,2], [w23,7], [w23,5], [w23,1]] (solid_wave_vertices: 9) solid=[[23,0], [23,8], [23,2], [23,4], [23,3], [23,7], [23,5], [23,1], [23,6]] merged=[[25,8]] --- (Vertex9)[[w23,0], [w23,6], [w23,4], [24,6], [w23,8], [24,0], [24,4], [24,1], [w23,3], [w23,2], [w23,7], [w23,5], [w23,1], [24,7], [w23,9], [24,3], [24,8]] weak=[[w23,0], [w23,6], [w23,4], [w23,8], [w23,3], [w23,2], [w23,7], [w23,5], [w23,1], [w23,9]] (solid_wave_vertices: 10) solid=[[23,8], [23,9], [23,4], [23,6], [23,1], [23,5], [23,3], [23,0], [23,7], [23,2]] merged=[[25,9]]
Round 26: (Vertex0)[[25,5], [25,1], [25,8], [25,0], [25,6], [25,2], [25,7]] (solid_wave_vertices: 7) solid=[[25,1], [25,0], [25,7], [25,2], [25,8], [25,5], [25,6]] merged=[[25,8], [25,0], [25,2], [25,1], [25,7], [25,6], [25,5]] --- (Vertex1)[[25,5], [25,1], [25,8], [25,0], [25,6], [25,2], [25,7]] (solid_wave_vertices: 7) solid=[[25,6], [25,1], [25,7], [25,2], [25,8], [25,5], [25,0]] merged=[[25,5], [25,8], [25,7], [25,0], [25,2], [25,1], [25,6]] --- (Vertex2)[[25,5], [25,8], [25,3], [25,4], [25,6], [25,2], [25,7]] (solid_wave_vertices: 7) solid=[[25,6], [25,7], [25,5], [25,3], [25,8], [25,4], [25,2]] merged=[[25,5], [25,6], [25,2], [25,7], [25,4], [25,3], [25,8]] --- (Vertex3)[[25,5], [25,8], [25,3], [25,4], [25,6], [25,2], [25,7]] (solid_wave_vertices: 7) solid=[[25,3], [25,8], [25,2], [25,6], [25,5], [25,4], [25,7]] merged=[[25,3], [25,8], [25,4], [25,2], [25,5], [25,7], [25,6]] --- (Vertex4)[[25,5], [25,8], [25,3], [25,4], [25,6], [25,2], [25,7]] (solid_wave_vertices: 7) solid=[[25,3], [25,2], [25,4], [25,7], [25,6], [25,8], [25,5]] merged=[[25,5], [25,8], [25,7], [25,4], [25,6], [25,2], [25,3]] --- (Vertex5)[[25,5], [25,8], [25,3], [25,4], [25,6], [25,2], [25,7]] (solid_wave_vertices: 7) solid=[[25,8], [25,2], [25,6], [25,4], [25,7], [25,3], [25,5]] merged=[[25,5], [25,7], [25,6], [25,8], [25,3], [25,4], [25,2]] --- (Vertex6)[[25,5], [25,1], [25,8], [25,0], [25,6], [25,2], [25,7]] (solid_wave_vertices: 7) solid=[[25,7], [25,0], [25,1], [25,2], [25,6], [25,8], [25,5]] merged=[[25,2], [25,0], [25,6], [25,7], [25,8], [25,5], [25,1]] --- (Vertex7)[[25,5], [25,8], [25,3], [25,4], [25,6], [25,2], [25,7]] (solid_wave_vertices: 7) solid=[[25,6], [25,5], [25,7], [25,4], [25,3], [25,2], [25,8]] merged=[[25,8], [25,4], [25,2], [25,7], [25,5], [25,6], [25,3]] --- (Vertex8)[[25,5], [25,8], [25,3], [25,4], [25,6], [25,2], [25,7]] (solid_wave_vertices: 7) solid=[[25,4], [25,5], [25,3], [25,6], [25,2], [25,8], [25,7]] merged=[[25,3], [25,6], [25,2], [25,5], [25,4], [25,8], [25,7]] --- (Vertex9)[[25,1], [25,8], [25,3], [25,4], [25,0], [25,6], [25,2]] (solid_wave_vertices: 7) solid=[[25,1], [25,6], [25,0], [25,3], [25,8], [25,2], [25,4]] merged=[[25,3], [25,1], [25,8], [25,0], [25,6], [25,4], [25,2]]
Round 27: (Vertex0)[[26,2], [w25,5], [w25,1], [26,3], [26,7], [w25,8], [26,8], [w25,3], [26,0], [w25,4], [w25,0], [w25,6], [w25,2], [26,1], [26,6], [w25,7]] weak=[[w25,5], [w25,1], [w25,8], [w25,3], [w25,4], [w25,0], [w25,6], [w25,2], [w25,7]] (solid_wave_vertices: 9) solid=[[25,7], [25,5], [25,0], [25,8], [25,4], [25,3], [25,6], [25,2], [25,1]] merged=[[27,0]] --- (Vertex1)[[26,2], [w25,5], [w25,1], [26,3], [26,7], [w25,8], [26,8], [w25,3], [26,0], [w25,4], [w25,0], [w25,6], [w25,2], [26,1], [26,6], [w25,7]] weak=[[w25,5], [w25,1], [w25,8], [w25,3], [w25,4], [w25,0], [w25,6], [w25,2], [w25,7]] (solid_wave_vertices: 9) solid=[[25,3], [25,8], [25,2], [25,5], [25,0], [25,1], [25,4], [25,6], [25,7]] merged=[[27,1]] --- (Vertex2)[[26,4], [26,2], [w25,5], [w25,1], [26,3], [26,7], [w25,8], [26,8], [w25,3], [26,0], [w25,4], [w25,0], [26,5], [w25,6], [w25,2], [w25,7]] weak=[[w25,5], [w25,1], [w25,8], [w25,3], [w25,4], [w25,0], [w25,6], [w25,2], [w25,7]] (solid_wave_vertices: 9) solid=[[25,4], [25,8], [25,2], [25,7], [25,3], [25,5], [25,6], [25,1], [25,0]] merged=[[27,2]] --- (Vertex3)[[26,4], [26,2], [w25,5], [w25,1], [26,3], [26,7], [w25,8], [26,8], [w25,3], [26,0], [w25,4], [w25,0], [26,5], [w25,6], [w25,2], [w25,7]] weak=[[w25,5], [w25,1], [w25,8], [w25,3], [w25,4], [w25,0], [w25,6], [w25,2], [w25,7]] (solid_wave_vertices: 9) solid=[[25,1], [25,0], [25,4], [25,6], [25,5], [25,7], [25,3], [25,8], [25,2]] merged=[[27,3]] --- (Vertex4)[[26,4], [26,2], [w25,5], [w25,1], [26,3], [26,7], [w25,8], [26,8], [w25,3], [26,0], [w25,4], [w25,0], [26,5], [w25,6], [w25,2], [w25,7]] weak=[[w25,5], [w25,1], [w25,8], [w25,3], [w25,4], [w25,0], [w25,6], [w25,2], [w25,7]] (solid_wave_vertices: 9) solid=[[25,0], [25,8], [25,4], [25,7], [25,6], [25,3], [25,1], [25,2], [25,5]] merged=[[27,4]] --- (Vertex5)[[26,4], [26,2], [w25,5], [w25,1], [26,3], [26,7], [w25,8], [26,8], [w25,3], [26,0], [w25,4], [w25,0], [26,5], [w25,6], [w25,2], [w25,7]] weak=[[w25,5], [w25,1], [w25,8], [w25,3], [w25,4], [w25,0], [w25,6], [w25,2], [w25,7]] (solid_wave_vertices: 9) solid=[[25,8], [25,4], [25,0], [25,3], [25,1], [25,5], [25,2], [25,6], [25,7]] merged=[[27,5]] --- (Vertex6)[[26,2], [w25,5], [w25,1], [26,3], [26,7], [w25,8], [26,8], [w25,3], [26,0], [w25,4], [w25,0], [w25,6], [w25,2], [26,1], [26,6], [w25,7]] weak=[[w25,5], [w25,1], [w25,8], [w25,3], [w25,4], [w25,0], [w25,6], [w25,2], [w25,7]] (solid_wave_vertices: 9) solid=[[25,4], [25,8], [25,7], [25,1], [25,0], [25,3], [25,2], [25,6], [25,5]] merged=[[27,6]] --- (Vertex7)[[26,4], [26,2], [w25,5], [w25,1], [26,3], [26,7], [w25,8], [26,8], [w25,3], [26,0], [w25,4], [w25,0], [26,5], [w25,6], [w25,2], [w25,7]] weak=[[w25,5], [w25,1], [w25,8], [w25,3], [w25,4], [w25,0], [w25,6], [w25,2], [w25,7]] (solid_wave_vertices: 9) solid=[[25,5], [25,3], [25,4], [25,1], [25,0], [25,6], [25,2], [25,7], [25,8]] merged=[[27,7]] --- (Vertex8)[[26,4], [26,2], [w25,5], [w25,1], [26,3], [26,7], [w25,8], [26,8], [w25,3], [26,0], [w25,4], [w25,0], [26,5], [w25,6], [w25,2], [w25,7]] weak=[[w25,5], [w25,1], [w25,8], [w25,3], [w25,4], [w25,0], [w25,6], [w25,2], [w25,7]] (solid_wave_vertices: 9) solid=[[25,8], [25,6], [25,7], [25,3], [25,1], [25,4], [25,0], [25,5], [25,2]] merged=[[27,8]] --- (Vertex9)[[26,4], [w25,5], [w25,1], [26,3], [w25,8], [26,8], [w25,3], [26,0], [w25,4], [w25,9], [w25,0], [26,5], [w25,6], [w25,2], [26,1], [26,6], [w25,7]] weak=[[w25,5], [w25,1], [w25,8], [w25,3], [w25,4], [w25,9], [w25,0], [w25,6], [w25,2], [w25,7]] (solid_wave_vertices: 10) solid=[[25,1], [25,4], [25,0], [25,2], [25,7], [25,9], [25,3], [25,5], [25,6], [25,8]] merged=[[27,9]]
Round 28: (Vertex0)[[27,0], [27,4], [27,1], [27,8], [27,6], [27,5], [27,3]] (solid_wave_vertices: 7) solid=[[27,1], [27,8], [27,6], [27,4], [27,0], [27,3], [27,5]] merged=[[27,4], [27,6], [27,8], [27,5], [27,0], [27,3], [27,1]] --- (Vertex1)[[27,0], [27,4], [27,1], [27,6], [27,5], [27,3], [27,7]] (solid_wave_vertices: 7) solid=[[27,5], [27,7], [27,1], [27,6], [27,3], [27,0], [27,4]] merged=[[27,0], [27,6], [27,3], [27,5], [27,4], [27,7], [27,1]] --- (Vertex2)[[27,4], [27,2], [27,8], [27,6], [27,5], [27,3], [27,7]] (solid_wave_vertices: 7) solid=[[27,2], [27,8], [27,3], [27,5], [27,4], [27,7], [27,6]] merged=[[27,7], [27,6], [27,2], [27,4], [27,5], [27,8], [27,3]] --- (Vertex3)[[27,4], [27,2], [27,8], [27,6], [27,5], [27,3], [27,7]] (solid_wave_vertices: 7) solid=[[27,3], [27,2], [27,6], [27,8], [27,5], [27,7], [27,4]] merged=[[27,7], [27,8], [27,4], [27,5], [27,6], [27,2], [27,3]] --- (Vertex4)[[27,4], [27,2], [27,8], [27,6], [27,5], [27,3], [27,7]] (solid_wave_vertices: 7) solid=[[27,5], [27,7], [27,2], [27,8], [27,3], [27,6], [27,4]] merged=[[27,5], [27,8], [27,6], [27,7], [27,2], [27,4], [27,3]] --- (Vertex5)[[27,4], [27,2], [27,8], [27,6], [27,5], [27,3], [27,7]] (solid_wave_vertices: 7) solid=[[27,2], [27,8], [27,3], [27,7], [27,6], [27,5], [27,4]] merged=[[27,7], [27,6], [27,5], [27,8], [27,2], [27,3], [27,4]] --- (Vertex6)[[27,0], [27,4], [27,1], [27,8], [27,6], [27,5], [27,3]] (solid_wave_vertices: 7) solid=[[27,0], [27,6], [27,4], [27,5], [27,1], [27,3], [27,8]] merged=[[27,6], [27,0], [27,8], [27,1], [27,5], [27,3], [27,4]] --- (Vertex7)[[27,4], [27,2], [27,8], [27,6], [27,5], [27,3], [27,7]] (solid_wave_vertices: 7) solid=[[27,5], [27,3], [27,2], [27,4], [27,8], [27,6], [27,7]] merged=[[27,5], [27,7], [27,3], [27,8], [27,4], [27,6], [27,2]] --- (Vertex8)[[27,4], [27,2], [27,8], [27,6], [27,5], [27,3], [27,7]] (solid_wave_vertices: 7) solid=[[27,3], [27,6], [27,5], [27,4], [27,8], [27,7], [27,2]] merged=[[27,2], [27,5], [27,8], [27,7], [27,3], [27,6], [27,4]] --- (Vertex9)[[27,0], [27,4], [27,1], [27,8], [27,6], [27,3], [27,7]] (solid_wave_vertices: 7) solid=[[27,7], [27,1], [27,0], [27,6], [27,3], [27,8], [27,4]] merged=[[27,1], [27,8], [27,0], [27,4], [27,6], [27,3], [27,7]]
Round 29: (Vertex0)[[w27,0], [w27,4], [w27,1], [28,6], [28,0], [w27,2], [28,3], [w27,8], [w27,6], [w27,5], [28,2], [w27,3], [w27,7], [28,1], [28,4], [28,5]] weak=[[w27,0], [w27,4], [w27,1], [w27,2], [w27,8], [w27,6], [w27,5], [w27,3], [w27,7]] (solid_wave_vertices: 9) solid=[[27,6], [27,2], [27,3], [27,1], [27,5], [27,7], [27,0], [27,8], [27,4]] merged=[[29,0]] --- (Vertex1)[[w27,0], [w27,4], [w27,1], [28,6], [28,0], [w27,2], [28,3], [w27,8], [w27,6], [w27,5], [28,2], [w27,3], [w27,7], [28,1], [28,4], [28,8]] weak=[[w27,0], [w27,4], [w27,1], [w27,2], [w27,8], [w27,6], [w27,5], [w27,3], [w27,7]] (solid_wave_vertices: 9) solid=[[27,7], [27,3], [27,0], [27,1], [27,8], [27,5], [27,4], [27,2], [27,6]] merged=[[29,1]] --- (Vertex2)[[w27,0], [w27,4], [w27,1], [w27,2], [28,3], [w27,8], [w27,6], [w27,5], [28,2], [w27,3], [w27,7], [28,1], [28,4], [28,5], [28,8], [28,7]] weak=[[w27,0], [w27,4], [w27,1], [w27,2], [w27,8], [w27,6], [w27,5], [w27,3], [w27,7]] (solid_wave_vertices: 9) solid=[[27,5], [27,3], [27,4], [27,1], [27,7], [27,8], [27,6], [27,0], [27,2]] merged=[[29,2]] --- (Vertex3)[[w27,0], [w27,4], [w27,1], [28,0], [w27,2], [28,3], [w27,8], [w27,6], [w27,5], [28,2], [w27,3], [w27,7], [28,4], [28,5], [28,8], [28,7]] weak=[[w27,0], [w27,4], [w27,1], [w27,2], [w27,8], [w27,6], [w27,5], [w27,3], [w27,7]] (solid_wave_vertices: 9) solid=[[27,8], [27,4], [27,3], [27,0], [27,7], [27,6], [27,1], [27,2], [27,5]] merged=[[29,3]] --- (Vertex4)[[w27,0], [w27,4], [w27,1], [w27,2], [28,3], [w27,8], [w27,6], [w27,5], [28,2], [w27,3], [w27,7], [28,1], [28,4], [28,5], [28,8], [28,7]] weak=[[w27,0], [w27,4], [w27,1], [w27,2], [w27,8], [w27,6], [w27,5], [w27,3], [w27,7]] (solid_wave_vertices: 9) solid=[[27,0], [27,6], [27,4], [27,7], [27,3], [27,5], [27,2], [27,1], [27,8]] merged=[[29,4]] --- (Vertex5)[[w27,0], [w27,4], [w27,1], [w27,2], [28,3], [w27,8], [w27,6], [w27,5], [28,2], [w27,3], [w27,7], [28,1], [28,4], [28,5], [28,8], [28,7]] weak=[[w27,0], [w27,4], [w27,1], [w27,2], [w27,8], [w27,6], [w27,5], [w27,3], [w27,7]] (solid_wave_vertices: 9) solid=[[27,8], [27,0], [27,5], [27,7], [27,3], [27,1], [27,6], [27,4], [27,2]] merged=[[29,5]] --- (Vertex6)[[w27,0], [w27,4], [w27,1], [28,6], [28,0], [w27,2], [28,3], [w27,8], [w27,6], [w27,5], [28,2], [w27,3], [w27,7], [28,1], [28,5], [28,8]] weak=[[w27,0], [w27,4], [w27,1], [w27,2], [w27,8], [w27,6], [w27,5], [w27,3], [w27,7]] (solid_wave_vertices: 9) solid=[[27,8], [27,1], [27,3], [27,0], [27,4], [27,2], [27,5], [27,6], [27,7]] merged=[[29,6]] --- (Vertex7)[[w27,0], [w27,4], [w27,1], [w27,2], [28,3], [w27,8], [w27,6], [w27,5], [28,2], [w27,3], [w27,7], [28,1], [28,4], [28,5], [28,8], [28,7]] weak=[[w27,0], [w27,4], [w27,1], [w27,2], [w27,8], [w27,6], [w27,5], [w27,3], [w27,7]] (solid_wave_vertices: 9) solid=[[27,5], [27,1], [27,4], [27,2], [27,6], [27,0], [27,3], [27,7], [27,8]] merged=[[29,7]] --- (Vertex8)[[w27,0], [w27,4], [w27,1], [28,0], [w27,2], [28,3], [w27,8], [w27,6], [w27,5], [28,2], [w27,3], [w27,7], [28,4], [28,5], [28,8], [28,7]] weak=[[w27,0], [w27,4], [w27,1], [w27,2], [w27,8], [w27,6], [w27,5], [w27,3], [w27,7]] (solid_wave_vertices: 9) solid=[[27,1], [27,0], [27,2], [27,3], [27,8], [27,7], [27,4], [27,5], [27,6]] merged=[[29,8]] --- (Vertex9)[[w27,0], [w27,4], [w27,1], [28,6], [28,0], [w27,2], [28,3], [w27,8], [w27,9], [w27,6], [w27,5], [28,2], [w27,3], [w27,7], [28,1], [28,4], [28,5]] weak=[[w27,0], [w27,4], [w27,1], [w27,2], [w27,8], [w27,9], [w27,6], [w27,5], [w27,3], [w27,7]] (solid_wave_vertices: 10) solid=[[27,1], [27,7], [27,4], [27,3], [27,0], [27,2], [27,8], [27,5], [27,9], [27,6]] merged=[[29,9]]
Round 30: (Vertex0)[[29,1], [29,0], [29,3], [29,7], [29,6], [29,2], [29,5]] (solid_wave_vertices: 7) solid=[[29,5], [29,3], [29,1], [29,6], [29,0], [29,2], [29,7]] merged=[[29,6], [29,5], [29,0], [29,3], [29,7], [29,2], [29,1]] --- (Vertex1)[[29,1], [29,0], [29,7], [29,6], [29,2], [29,5], [29,4]] (solid_wave_vertices: 7) solid=[[29,2], [29,1], [29,4], [29,0], [29,7], [29,5], [29,6]] merged=[[29,1], [29,4], [29,2], [29,7], [29,5], [29,0], [29,6]] --- (Vertex2)[[29,3], [29,7], [29,6], [29,2], [29,8], [29,5], [29,4]] (solid_wave_vertices: 7) solid=[[29,2], [29,8], [29,3], [29,4], [29,7], [29,5], [29,6]] merged=[[29,5], [29,2], [29,7], [29,8], [29,4], [29,6], [29,3]] --- (Vertex3)[[29,3], [29,7], [29,6], [29,2], [29,8], [29,5], [29,4]] (solid_wave_vertices: 7) solid=[[29,4], [29,5], [29,2], [29,6], [29,3], [29,8], [29,7]] merged=[[29,4], [29,2], [29,3], [29,8], [29,5], [29,6], [29,7]] --- (Vertex4)[[29,3], [29,7], [29,6], [29,2], [29,8], [29,5], [29,4]] (solid_wave_vertices: 7) solid=[[29,4], [29,8], [29,5], [29,2], [29,6], [29,7], [29,3]] merged=[[29,5], [29,6], [29,3], [29,8], [29,2], [29,7], [29,4]] --- (Vertex5)[[29,3], [29,7], [29,6], [29,2], [29,8], [29,5], [29,4]] (solid_wave_vertices: 7) solid=[[29,3], [29,6], [29,5], [29,8], [29,7], [29,4], [29,2]] merged=[[29,3], [29,2], [29,8], [29,5], [29,7], [29,4], [29,6]] --- (Vertex6)[[29,1], [29,0], [29,7], [29,6], [29,2], [29,5], [29,4]] (solid_wave_vertices: 7) solid=[[29,4], [29,0], [29,6], [29,5], [29,7], [29,2], [29,1]] merged=[[29,2], [29,7], [29,4], [29,6], [29,1], [29,5], [29,0]] --- (Vertex7)[[29,3], [29,7], [29,6], [29,2], [29,8], [29,5], [29,4]] (solid_wave_vertices: 7) solid=[[29,4], [29,3], [29,6], [29,5], [29,2], [29,7], [29,8]] merged=[[29,3], [29,2], [29,7], [29,5], [29,4], [29,6], [29,8]] --- (Vertex8)[[29,3], [29,7], [29,6], [29,2], [29,8], [29,5], [29,4]] (solid_wave_vertices: 7) solid=[[29,6], [29,8], [29,3], [29,5], [29,7], [29,4], [29,2]] merged=[[29,6], [29,7], [29,3], [29,8], [29,5], [29,2], [29,4]] --- (Vertex9)[[29,1], [29,0], [29,7], [29,6], [29,8], [29,5], [29,4]] (solid_wave_vertices: 7) solid=[[29,5], [29,1], [29,6], [29,0], [29,7], [29,8], [29,4]] merged=[[29,0], [29,1], [29,5], [29,8], [29,4], [29,7], [29,6]]
Round 31: (Vertex0)[[w29,1], [30,4], [w29,0], [30,0], [w29,3], [w29,7], [w29,6], [30,2], [w29,2], [30,6], [w29,8], [30,7], [30,5], [30,1], [w29,5], [w29,4]] weak=[[w29,1], [w29,0], [w29,3], [w29,7], [w29,6], [w29,2], [w29,8], [w29,5], [w29,4]] (solid_wave_vertices: 9) solid=[[29,3], [29,6], [29,5], [29,7], [29,2], [29,8], [29,4], [29,1], [29,0]] merged=[[31,0]] --- (Vertex1)[[w29,1], [30,8], [30,4], [w29,0], [30,0], [w29,3], [w29,7], [w29,6], [30,2], [w29,2], [30,6], [w29,8], [30,1], [w29,5], [w29,4], [30,3]] weak=[[w29,1], [w29,0], [w29,3], [w29,7], [w29,6], [w29,2], [w29,8], [w29,5], [w29,4]] (solid_wave_vertices: 9) solid=[[29,2], [29,6], [29,3], [29,7], [29,8], [29,4], [29,5], [29,0], [29,1]] merged=[[31,1]] --- (Vertex2)[[w29,1], [30,8], [30,4], [w29,0], [w29,3], [w29,7], [w29,6], [30,2], [w29,2], [w29,8], [30,7], [30,5], [30,1], [w29,5], [w29,4], [30,3]] weak=[[w29,1], [w29,0], [w29,3], [w29,7], [w29,6], [w29,2], [w29,8], [w29,5], [w29,4]] (solid_wave_vertices: 9) solid=[[29,5], [29,3], [29,2], [29,6], [29,8], [29,1], [29,0], [29,4], [29,7]] merged=[[31,2]] --- (Vertex3)[[w29,1], [30,8], [30,4], [w29,0], [30,0], [w29,3], [w29,7], [w29,6], [30,2], [w29,2], [w29,8], [30,7], [30,5], [w29,5], [w29,4], [30,3]] weak=[[w29,1], [w29,0], [w29,3], [w29,7], [w29,6], [w29,2], [w29,8], [w29,5], [w29,4]] (solid_wave_vertices: 9) solid=[[29,3], [29,5], [29,6], [29,7], [29,2], [29,1], [29,8], [29,4], [29,0]] merged=[[31,3]] --- (Vertex4)[[w29,1], [30,8], [30,4], [w29,0], [w29,3], [w29,7], [w29,6], [30,2], [w29,2], [30,6], [w29,8], [30,7], [30,5], [w29,5], [w29,4], [30,3]] weak=[[w29,1], [w29,0], [w29,3], [w29,7], [w29,6], [w29,2], [w29,8], [w29,5], [w29,4]] (solid_wave_vertices: 9) solid=[[29,0], [29,3], [29,7], [29,6], [29,1], [29,2], [29,5], [29,4], [29,8]] merged=[[31,4]] --- (Vertex5)[[w29,1], [30,8], [30,4], [w29,0], [w29,3], [w29,7], [w29,6], [30,2], [w29,2], [w29,8], [30,7], [30,5], [30,1], [w29,5], [w29,4], [30,3]] weak=[[w29,1], [w29,0], [w29,3], [w29,7], [w29,6], [w29,2], [w29,8], [w29,5], [w29,4]] (solid_wave_vertices: 9) solid=[[29,2], [29,0], [29,6], [29,4], [29,7], [29,5], [29,1], [29,3], [29,8]] merged=[[31,5]] --- (Vertex6)[[w29,1], [30,4], [w29,0], [30,0], [w29,3], [w29,7], [w29,6], [30,2], [w29,2], [30,6], [w29,8], [30,7], [30,1], [w29,5], [w29,4], [30,3]] weak=[[w29,1], [w29,0], [w29,3], [w29,7], [w29,6], [w29,2], [w29,8], [w29,5], [w29,4]] (solid_wave_vertices: 9) solid=[[29,2], [29,8], [29,0], [29,3], [29,6], [29,5], [29,1], [29,7], [29,4]] merged=[[31,6]] --- (Vertex7)[[w29,1], [30,8], [30,4], [w29,0], [w29,3], [w29,7], [w29,6], [30,2], [w29,2], [w29,8], [30,7], [30,5], [30,1], [w29,5], [w29,4], [30,3]] weak=[[w29,1], [w29,0], [w29,3], [w29,7], [w29,6], [w29,2], [w29,8], [w29,5], [w29,4]] (solid_wave_vertices: 9) solid=[[29,5], [29,6], [29,2], [29,1], [29,3], [29,7], [29,8], [29,4], [29,0]] merged=[[31,7]] --- (Vertex8)[[w29,1], [30,8], [30,4], [w29,0], [30,0], [w29,3], [w29,7], [w29,6], [30,2], [w29,2], [w29,8], [30,7], [30,5], [w29,5], [w29,4], [30,3]] weak=[[w29,1], [w29,0], [w29,3], [w29,7], [w29,6], [w29,2], [w29,8], [w29,5], [w29,4]] (solid_wave_vertices: 9) solid=[[29,3], [29,7], [29,5], [29,8], [29,1], [29,6], [29,0], [29,2], [29,4]] merged=[[31,8]] --- (Vertex9)[[w29,1], [30,4], [w29,0], [30,0], [w29,3], [w29,7], [w29,6], [30,2], [w29,2], [30,6], [w29,8], [30,7], [30,5], [30,1], [w29,5], [w29,9], [w29,4]] weak=[[w29,1], [w29,0], [w29,3], [w29,7], [w29,6], [w29,2], [w29,8], [w29,5], [w29,9], [w29,4]] (solid_wave_vertices: 10) solid=[[29,9], [29,4], [29,1], [29,8], [29,0], [29,5], [29,6], [29,2], [29,3], [29,7]] merged=[[31,9]]
Round 32: (Vertex0)[[31,5], [31,2], [31,7], [31,0], [31,3], [31,1], [31,6]] (solid_wave_vertices: 7) solid=[[31,5], [31,3], [31,7], [31,1], [31,2], [31,6], [31,0]] merged=[[31,2], [31,7], [31,5], [31,3], [31,0], [31,6], [31,1]] --- (Vertex1)[[31,5], [31,2], [31,7], [31,0], [31,3], [31,1], [31,6]] (solid_wave_vertices: 7) solid=[[31,3], [31,1], [31,7], [31,2], [31,0], [31,6], [31,5]] merged=[[31,2], [31,3], [31,7], [31,1], [31,0], [31,6], [31,5]] --- (Vertex2)[[31,5], [31,2], [31,4], [31,7], [31,8], [31,3], [31,6]] (solid_wave_vertices: 7) solid=[[31,6], [31,5], [31,7], [31,2], [31,8], [31,3], [31,4]] merged=[[31,4], [31,3], [31,6], [31,2], [31,8], [31,5], [31,7]] --- (Vertex3)[[31,5], [31,2], [31,4], [31,7], [31,8], [31,3], [31,6]] (solid_wave_vertices: 7) solid=[[31,5], [31,4], [31,7], [31,3], [31,8], [31,2], [31,6]] merged=[[31,7], [31,5], [31,6], [31,4], [31,8], [31,3], [31,2]] --- (Vertex4)[[31,5], [31,2], [31,4], [31,7], [31,8], [31,3], [31,6]] (solid_wave_vertices: 7) solid=[[31,2], [31,7], [31,6], [31,3], [31,8], [31,5], [31,4]] merged=[[31,6], [31,8], [31,4], [31,7], [31,3], [31,5], [31,2]] --- (Vertex5)[[31,5], [31,2], [31,4], [31,7], [31,8], [31,3], [31,6]] (solid_wave_vertices: 7) solid=[[31,8], [31,4], [31,7], [31,2], [31,3], [31,5], [31,6]] merged=[[31,3], [31,6], [31,2], [31,5], [31,8], [31,7], [31,4]] --- (Vertex6)[[31,5], [31,2], [31,7], [31,0], [31,3], [31,1], [31,6]] (solid_wave_vertices: 7) solid=[[31,7], [31,2], [31,3], [31,1], [31,6], [31,5], [31,0]] merged=[[31,7], [31,5], [31,6], [31,3], [31,0], [31,2], [31,1]] --- (Vertex7)[[31,5], [31,2], [31,4], [31,7], [31,8], [31,3], [31,6]] (solid_wave_vertices: 7) solid=[[31,2], [31,6], [31,8], [31,3], [31,5], [31,7], [31,4]] merged=[[31,5], [31,3], [31,4], [31,8], [31,7], [31,6], [31,2]] --- (Vertex8)[[31,5], [31,2], [31,4], [31,7], [31,8], [31,3], [31,6]] (solid_wave_vertices: 7) solid=[[31,4], [31,6], [31,3], [31,5], [31,7], [31,8], [31,2]] merged=[[31,6], [31,4], [31,7], [31,8], [31,3], [31,5], [31,2]] --- (Vertex9)[[31,5], [31,2], [31,7], [31,0], [31,8], [31,1], [31,6]] (solid_wave_vertices: 7) solid=[[31,0], [31,2], [31,8], [31,1], [31,5], [31,6], [31,7]] merged=[[31,2], [31,7], [31,1], [31,8], [31,6], [31,5], [31,0]]
Round 33: (Vertex0)[[w31,5], [w31,2], [32,0], [32,1], [w31,4], [32,2], [32,7], [w31,7], [w31,0], [w31,8], [32,6], [w31,3], [32,3], [w31,1], [w31,6], [32,8]] weak=[[w31,5], [w31,2], [w31,4], [w31,7], [w31,0], [w31,8], [w31,3], [w31,1], [w31,6]] (solid_wave_vertices: 9) solid=[[31,7], [31,8], [31,0], [31,2], [31,3], [31,6], [31,1], [31,4], [31,5]] merged=[[33,0]] --- (Vertex1)[[w31,5], [w31,2], [32,0], [32,1], [w31,4], [32,2], [32,7], [w31,7], [w31,0], [w31,8], [32,6], [w31,3], [32,3], [w31,1], [w31,6], [32,8]] weak=[[w31,5], [w31,2], [w31,4], [w31,7], [w31,0], [w31,8], [w31,3], [w31,1], [w31,6]] (solid_wave_vertices: 9) solid=[[31,0], [31,2], [31,4], [31,8], [31,3], [31,6], [31,7], [31,5], [31,1]] merged=[[33,1]] --- (Vertex2)[[w31,5], [w31,2], [32,1], [32,5], [w31,4], [32,2], [32,7], [w31,7], [w31,0], [w31,8], [w31,3], [32,3], [w31,1], [32,4], [w31,6], [32,8]] weak=[[w31,5], [w31,2], [w31,4], [w31,7], [w31,0], [w31,8], [w31,3], [w31,1], [w31,6]] (solid_wave_vertices: 9) solid=[[31,5], [31,7], [31,8], [31,4], [31,1], [31,2], [31,3], [31,6], [31,0]] merged=[[33,2]] --- (Vertex3)[[w31,5], [w31,2], [32,1], [32,5], [w31,4], [32,2], [32,7], [w31,7], [w31,0], [w31,8], [w31,3], [32,3], [w31,1], [32,4], [w31,6], [32,8]] weak=[[w31,5], [w31,2], [w31,4], [w31,7], [w31,0], [w31,8], [w31,3], [w31,1], [w31,6]] (solid_wave_vertices: 9) solid=[[31,6], [31,4], [31,1], [31,3], [31,8], [31,5], [31,0], [31,2], [31,7]] merged=[[33,3]] --- (Vertex4)[[w31,5], [w31,2], [32,1], [32,5], [w31,4], [32,2], [32,7], [w31,7], [w31,0], [w31,8], [w31,3], [32,3], [w31,1], [32,4], [w31,6], [32,8]] weak=[[w31,5], [w31,2], [w31,4], [w31,7], [w31,0], [w31,8], [w31,3], [w31,1], [w31,6]] (solid_wave_vertices: 9) solid=[[31,2], [31,0], [31,4], [31,1], [31,3], [31,7], [31,5], [31,8], [31,6]] merged=[[33,4]] --- (Vertex5)[[w31,5], [w31,2], [32,1], [32,5], [w31,4], [32,2], [32,7], [w31,7], [w31,0], [w31,8], [w31,3], [32,3], [w31,1], [32,4], [w31,6], [32,8]] weak=[[w31,5], [w31,2], [w31,4], [w31,7], [w31,0], [w31,8], [w31,3], [w31,1], [w31,6]] (solid_wave_vertices: 9) solid=[[31,5], [31,7], [31,0], [31,8], [31,2], [31,6], [31,1], [31,4], [31,3]] merged=[[33,5]] --- (Vertex6)[[w31,5], [w31,2], [32,0], [32,1], [w31,4], [32,2], [32,7], [w31,7], [w31,0], [w31,8], [32,6], [w31,3], [32,3], [w31,1], [w31,6], [32,8]] weak=[[w31,5], [w31,2], [w31,4], [w31,7], [w31,0], [w31,8], [w31,3], [w31,1], [w31,6]] (solid_wave_vertices: 9) solid=[[31,1], [31,7], [31,6], [31,0], [31,2], [31,3], [31,5], [31,8], [31,4]] merged=[[33,6]] --- (Vertex7)[[w31,5], [w31,2], [32,1], [32,5], [w31,4], [32,2], [32,7], [w31,7], [w31,0], [w31,8], [w31,3], [32,3], [w31,1], [32,4], [w31,6], [32,8]] weak=[[w31,5], [w31,2], [w31,4], [w31,7], [w31,0], [w31,8], [w31,3], [w31,1], [w31,6]] (solid_wave_vertices: 9) solid=[[31,8], [31,0], [31,2], [31,5], [31,1], [31,4], [31,7], [31,6], [31,3]] merged=[[33,7]] --- (Vertex8)[[w31,5], [w31,2], [32,1], [32,5], [w31,4], [32,2], [32,7], [w31,7], [w31,0], [w31,8], [w31,3], [32,3], [w31,1], [32,4], [w31,6], [32,8]] weak=[[w31,5], [w31,2], [w31,4], [w31,7], [w31,0], [w31,8], [w31,3], [w31,1], [w31,6]] (solid_wave_vertices: 9) solid=[[31,4], [31,3], [31,1], [31,0], [31,5], [31,2], [31,7], [31,6], [31,8]] merged=[[33,8]] --- (Vertex9)[[w31,5], [w31,2], [32,0], [32,1], [w31,4], [32,2], [32,7], [w31,7], [w31,0], [w31,8], [32,6], [w31,3], [w31,9], [w31,1], [32,4], [w31,6], [32,8]] weak=[[w31,5], [w31,2], [w31,4], [w31,7], [w31,0], [w31,8], [w31,3], [w31,9], [w31,1], [w31,6]] (solid_wave_vertices: 10) solid=[[31,6], [31,0], [31,5], [31,3], [31,2], [31,9], [31,7], [31,8], [31,1], [31,4]] merged=[[33,9]]
Round 34: (Vertex0)[[33,1], [33,3], [33,5], [33,7], [33,8], [33,0], [33,6]] (solid_wave_vertices: 7) solid=[[33,6], [33,5], [33,0], [33,8], [33,7], [33,3], [33,1]] merged=[[33,3], [33,5], [33,7], [33,8], [33,6], [33,1], [33,0]] --- (Vertex1)[[33,1], [33,3], [33,5], [33,7], [33,4], [33,0], [33,6]] (solid_wave_vertices: 7) solid=[[33,6], [33,1], [33,3], [33,7], [33,0], [33,5], [33,4]] merged=[[33,3], [33,1], [33,7], [33,5], [33,0], [33,4], [33,6]] --- (Vertex2)[[33,3], [33,5], [33,7], [33,2], [33,4], [33,8], [33,6]] (solid_wave_vertices: 7) solid=[[33,7], [33,5], [33,2], [33,4], [33,8], [33,3], [33,6]] merged=[[33,6], [33,8], [33,4], [33,2], [33,7], [33,5], [33,3]] --- (Vertex3)[[33,3], [33,5], [33,7], [33,2], [33,4], [33,8], [33,6]] (solid_wave_vertices: 7) solid=[[33,3], [33,2], [33,4], [33,8], [33,6], [33,7], [33,5]] merged=[[33,8], [33,2], [33,6], [33,3], [33,4], [33,5], [33,7]] --- (Vertex4)[[33,3], [33,5], [33,7], [33,2], [33,4], [33,8], [33,6]] (solid_wave_vertices: 7) solid=[[33,6], [33,4], [33,3], [33,8], [33,7], [33,2], [33,5]] merged=[[33,4], [33,7], [33,8], [33,2], [33,6], [33,3], [33,5]] --- (Vertex5)[[33,3], [33,5], [33,7], [33,2], [33,4], [33,8], [33,0]] (solid_wave_vertices: 7) solid=[[33,7], [33,2], [33,5], [33,4], [33,0], [33,3], [33,8]] merged=[[33,5], [33,2], [33,0], [33,3], [33,8], [33,4], [33,7]] --- (Vertex6)[[33,1], [33,3], [33,5], [33,7], [33,4], [33,0], [33,6]] (solid_wave_vertices: 7) solid=[[33,7], [33,0], [33,5], [33,1], [33,4], [33,3], [33,6]] merged=[[33,7], [33,4], [33,3], [33,5], [33,1], [33,6], [33,0]] --- (Vertex7)[[33,3], [33,5], [33,7], [33,2], [33,4], [33,8], [33,6]] (solid_wave_vertices: 7) solid=[[33,8], [33,4], [33,7], [33,6], [33,3], [33,5], [33,2]] merged=[[33,2], [33,3], [33,5], [33,4], [33,8], [33,7], [33,6]] --- (Vertex8)[[33,3], [33,5], [33,7], [33,2], [33,4], [33,8], [33,6]] (solid_wave_vertices: 7) solid=[[33,3], [33,5], [33,4], [33,2], [33,7], [33,6], [33,8]] merged=[[33,3], [33,4], [33,5], [33,7], [33,2], [33,6], [33,8]] --- (Vertex9)[[33,1], [33,5], [33,7], [33,2], [33,4], [33,0], [33,6]] (solid_wave_vertices: 7) solid=[[33,5], [33,7], [33,1], [33,4], [33,2], [33,6], [33,0]] merged=[[33,2], [33,7], [33,4], [33,1], [33,5], [33,6], [33,0]]
Round 35: (Vertex0)[[w33,1], [34,0], [w33,3], [w33,5], [34,8], [w33,7], [w33,2], [34,4], [34,7], [34,5], [34,6], [w33,4], [w33,8], [w33,0], [w33,6], [34,1]] weak=[[w33,1], [w33,3], [w33,5], [w33,7], [w33,2], [w33,4], [w33,8], [w33,0], [w33,6]] (solid_wave_vertices: 9) solid=[[33,1], [33,0], [33,3], [33,5], [33,8], [33,6], [33,2], [33,4], [33,7]] merged=[[35,0]] --- (Vertex1)[[w33,1], [34,0], [w33,3], [w33,5], [34,8], [w33,7], [w33,2], [34,4], [34,7], [34,5], [34,6], [w33,4], [w33,8], [w33,0], [w33,6], [34,1]] weak=[[w33,1], [w33,3], [w33,5], [w33,7], [w33,2], [w33,4], [w33,8], [w33,0], [w33,6]] (solid_wave_vertices: 9) solid=[[33,6], [33,8], [33,2], [33,4], [33,5], [33,3], [33,1], [33,0], [33,7]] merged=[[35,1]] --- (Vertex2)[[w33,1], [w33,3], [w33,5], [34,8], [w33,7], [34,2], [w33,2], [34,4], [34,7], [34,5], [w33,4], [w33,8], [w33,0], [w33,6], [34,3], [34,1]] weak=[[w33,1], [w33,3], [w33,5], [w33,7], [w33,2], [w33,4], [w33,8], [w33,0], [w33,6]] (solid_wave_vertices: 9) solid=[[33,6], [33,4], [33,2], [33,1], [33,3], [33,0], [33,7], [33,8], [33,5]] merged=[[35,2]] --- (Vertex3)[[w33,1], [34,0], [w33,3], [w33,5], [34,8], [w33,7], [34,2], [w33,2], [34,4], [34,7], [34,5], [w33,4], [w33,8], [w33,0], [w33,6], [34,3]] weak=[[w33,1], [w33,3], [w33,5], [w33,7], [w33,2], [w33,4], [w33,8], [w33,0], [w33,6]] (solid_wave_vertices: 9) solid=[[33,7], [33,1], [33,5], [33,0], [33,8], [33,3], [33,6], [33,4], [33,2]] merged=[[35,3]] --- (Vertex4)[[w33,1], [w33,3], [w33,5], [34,8], [w33,7], [34,2], [w33,2], [34,4], [34,7], [34,5], [w33,4], [w33,8], [w33,0], [w33,6], [34,3], [34,1]] weak=[[w33,1], [w33,3], [w33,5], [w33,7], [w33,2], [w33,4], [w33,8], [w33,0], [w33,6]] (solid_wave_vertices: 9) solid=[[33,7], [33,6], [33,3], [33,0], [33,4], [33,8], [33,2], [33,5], [33,1]] merged=[[35,4]] --- (Vertex5)[[w33,1], [w33,3], [w33,5], [34,8], [w33,7], [34,2], [w33,2], [34,4], [34,7], [34,5], [w33,4], [w33,8], [w33,0], [w33,6], [34,3], [34,1]] weak=[[w33,1], [w33,3], [w33,5], [w33,7], [w33,2], [w33,4], [w33,8], [w33,0], [w33,6]] (solid_wave_vertices: 9) solid=[[33,6], [33,1], [33,7], [33,3], [33,2], [33,0], [33,8], [33,4], [33,5]] merged=[[35,5]] --- (Vertex6)[[w33,1], [34,0], [w33,3], [w33,5], [34,8], [w33,7], [w33,2], [34,4], [34,5], [34,6], [w33,4], [w33,8], [w33,0], [w33,6], [34,3], [34,1]] weak=[[w33,1], [w33,3], [w33,5], [w33,7], [w33,2], [w33,4], [w33,8], [w33,0], [w33,6]] (solid_wave_vertices: 9) solid=[[33,5], [33,4], [33,7], [33,8], [33,6], [33,0], [33,3], [33,2], [33,1]] merged=[[35,6]] --- (Vertex7)[[w33,1], [w33,3], [w33,5], [34,8], [w33,7], [34,2], [w33,2], [34,4], [34,7], [34,5], [w33,4], [w33,8], [w33,0], [w33,6], [34,3], [34,1]] weak=[[w33,1], [w33,3], [w33,5], [w33,7], [w33,2], [w33,4], [w33,8], [w33,0], [w33,6]] (solid_wave_vertices: 9) solid=[[33,1], [33,8], [33,3], [33,7], [33,4], [33,6], [33,2], [33,0], [33,5]] merged=[[35,7]] --- (Vertex8)[[w33,1], [w33,3], [w33,5], [34,8], [w33,7], [34,2], [w33,2], [34,4], [34,7], [34,5], [w33,4], [w33,8], [w33,0], [w33,6], [34,3], [34,1]] weak=[[w33,1], [w33,3], [w33,5], [w33,7], [w33,2], [w33,4], [w33,8], [w33,0], [w33,6]] (solid_wave_vertices: 9) solid=[[33,4], [33,1], [33,3], [33,5], [33,8], [33,7], [33,6], [33,0], [33,2]] merged=[[35,8]] --- (Vertex9)[[w33,1], [34,0], [w33,3], [w33,5], [34,8], [w33,7], [w33,9], [w33,2], [34,4], [34,5], [34,6], [w33,4], [w33,8], [w33,0], [w33,6], [34,3], [34,1]] weak=[[w33,1], [w33,3], [w33,5], [w33,7], [w33,9], [w33,2], [w33,4], [w33,8], [w33,0], [w33,6]] (solid_wave_vertices: 10) solid=[[33,9], [33,3], [33,5], [33,0], [33,6], [33,4], [33,8], [33,7], [33,2], [33,1]] merged=[[35,9]]
Round 36: (Vertex0)[[35,4], [35,8], [35,2], [35,3], [35,0], [35,1], [35,6]] (solid_wave_vertices: 7) solid=[[35,0], [35,3], [35,6], [35,1], [35,4], [35,8], [35,2]] merged=[[35,8], [35,0], [35,1], [35,6], [35,4], [35,3], [35,2]] --- (Vertex1)[[35,8], [35,2], [35,3], [35,5], [35,0], [35,1], [35,6]] (solid_wave_vertices: 7) solid=[[35,5], [35,6], [35,3], [35,1], [35,8], [35,2], [35,0]] merged=[[35,6], [35,8], [35,3], [35,0], [35,5], [35,2], [35,1]] --- (Vertex2)[[35,4], [35,8], [35,2], [35,3], [35,5], [35,6], [35,7]] (solid_wave_vertices: 7) solid=[[35,8], [35,4], [35,6], [35,2], [35,7], [35,3], [35,5]] merged=[[35,6], [35,7], [35,8], [35,3], [35,4], [35,2], [35,5]] --- (Vertex3)[[35,4], [35,8], [35,2], [35,3], [35,5], [35,6], [35,7]] (solid_wave_vertices: 7) solid=[[35,6], [35,4], [35,7], [35,2], [35,5], [35,3], [35,8]] merged=[[35,5], [35,2], [35,8], [35,4], [35,3], [35,6], [35,7]] --- (Vertex4)[[35,4], [35,8], [35,2], [35,3], [35,5], [35,6], [35,7]] (solid_wave_vertices: 7) solid=[[35,7], [35,4], [35,3], [35,5], [35,8], [35,6], [35,2]] merged=[[35,8], [35,4], [35,5], [35,6], [35,2], [35,7], [35,3]] --- (Vertex5)[[35,4], [35,8], [35,2], [35,3], [35,5], [35,6], [35,7]] (solid_wave_vertices: 7) solid=[[35,7], [35,4], [35,2], [35,8], [35,6], [35,3], [35,5]] merged=[[35,7], [35,3], [35,4], [35,8], [35,6], [35,2], [35,5]] --- (Vertex6)[[35,8], [35,2], [35,3], [35,5], [35,0], [35,1], [35,6]] (solid_wave_vertices: 7) solid=[[35,2], [35,1], [35,0], [35,3], [35,6], [35,8], [35,5]] merged=[[35,3], [35,1], [35,8], [35,6], [35,5], [35,0], [35,2]] --- (Vertex7)[[35,4], [35,8], [35,2], [35,3], [35,5], [35,6], [35,7]] (solid_wave_vertices: 7) solid=[[35,7], [35,2], [35,5], [35,6], [35,4], [35,3], [35,8]] merged=[[35,5], [35,6], [35,4], [35,2], [35,3], [35,7], [35,8]] --- (Vertex8)[[35,4], [35,8], [35,2], [35,3], [35,5], [35,6], [35,7]] (solid_wave_vertices: 7) solid=[[35,8], [35,6], [35,4], [35,7], [35,2], [35,5], [35,3]] merged=[[35,2], [35,5], [35,7], [35,3], [35,6], [35,4], [35,8]] --- (Vertex9)[[35,4], [35,8], [35,3], [35,5], [35,0], [35,1], [35,6]] (solid_wave_vertices: 7) solid=[[35,1], [35,8], [35,5], [35,3], [35,4], [35,0], [35,6]] merged=[[35,6], [35,4], [35,3], [35,0], [35,1], [35,5], [35,8]]
Round 37: (Vertex0)[[w35,4], [w35,8], [36,6], [w35,2], [w35,3], [36,7], [w35,5], [w35,0], [w35,1], [w35,6], [36,2], [36,4], [36,8], [36,0], [w35,7], [36,1]] weak=[[w35,4], [w35,8], [w35,2], [w35,3], [w35,5], [w35,0], [w35,1], [w35,6], [w35,7]] (solid_wave_vertices: 9) solid=[[35,3], [35,4], [35,6], [35,0], [35,1], [35,5], [35,7], [35,2], [35,8]] merged=[[37,0]] --- (Vertex1)[[w35,4], [36,5], [w35,8], [36,6], [w35,2], [w35,3], [w35,5], [w35,0], [w35,1], [w35,6], [36,2], [36,8], [36,3], [36,0], [w35,7], [36,1]] weak=[[w35,4], [w35,8], [w35,2], [w35,3], [w35,5], [w35,0], [w35,1], [w35,6], [w35,7]] (solid_wave_vertices: 9) solid=[[35,7], [35,5], [35,8], [35,3], [35,4], [35,6], [35,2], [35,0], [35,1]] merged=[[37,1]] --- (Vertex2)[[w35,4], [36,5], [w35,8], [w35,2], [w35,3], [36,7], [w35,5], [w35,0], [w35,1], [w35,6], [36,2], [36,4], [36,8], [36,3], [w35,7], [36,1]] weak=[[w35,4], [w35,8], [w35,2], [w35,3], [w35,5], [w35,0], [w35,1], [w35,6], [w35,7]] (solid_wave_vertices: 9) solid=[[35,5], [35,1], [35,8], [35,7], [35,2], [35,3], [35,4], [35,0], [35,6]] merged=[[37,2]] --- (Vertex3)[[w35,4], [36,5], [w35,8], [w35,2], [w35,3], [36,7], [w35,5], [w35,0], [w35,1], [w35,6], [36,2], [36,4], [36,8], [36,3], [w35,7], [36,1]] weak=[[w35,4], [w35,8], [w35,2], [w35,3], [w35,5], [w35,0], [w35,1], [w35,6], [w35,7]] (solid_wave_vertices: 9) solid=[[35,0], [35,3], [35,4], [35,8], [35,5], [35,6], [35,2], [35,1], [35,7]] merged=[[37,3]] --- (Vertex4)[[w35,4], [36,5], [w35,8], [w35,2], [w35,3], [36,7], [w35,5], [w35,0], [w35,1], [w35,6], [36,2], [36,4], [36,8], [36,3], [w35,7], [36,1]] weak=[[w35,4], [w35,8], [w35,2], [w35,3], [w35,5], [w35,0], [w35,1], [w35,6], [w35,7]] (solid_wave_vertices: 9) solid=[[35,8], [35,7], [35,6], [35,2], [35,5], [35,4], [35,1], [35,3], [35,0]] merged=[[37,4]] --- (Vertex5)[[w35,4], [36,5], [w35,8], [w35,2], [w35,3], [36,7], [w35,5], [w35,0], [w35,1], [w35,6], [36,2], [36,4], [36,8], [36,3], [w35,7], [36,1]] weak=[[w35,4], [w35,8], [w35,2], [w35,3], [w35,5], [w35,0], [w35,1], [w35,6], [w35,7]] (solid_wave_vertices: 9) solid=[[35,2], [35,3], [35,1], [35,0], [35,4], [35,6], [35,7], [35,8], [35,5]] merged=[[37,5]] --- (Vertex6)[[w35,4], [w35,8], [36,6], [w35,2], [w35,3], [36,7], [w35,5], [w35,0], [w35,1], [w35,6], [36,2], [36,4], [36,8], [36,0], [w35,7], [36,1]] weak=[[w35,4], [w35,8], [w35,2], [w35,3], [w35,5], [w35,0], [w35,1], [w35,6], [w35,7]] (solid_wave_vertices: 9) solid=[[35,4], [35,1], [35,8], [35,2], [35,6], [35,3], [35,7], [35,5], [35,0]] merged=[[37,6]] --- (Vertex7)[[w35,4], [36,5], [w35,8], [w35,2], [w35,3], [36,7], [w35,5], [w35,0], [w35,1], [w35,6], [36,2], [36,4], [36,8], [36,3], [w35,7], [36,1]] weak=[[w35,4], [w35,8], [w35,2], [w35,3], [w35,5], [w35,0], [w35,1], [w35,6], [w35,7]] (solid_wave_vertices: 9) solid=[[35,3], [35,7], [35,0], [35,1], [35,8], [35,5], [35,2], [35,4], [35,6]] merged=[[37,7]] --- (Vertex8)[[w35,4], [36,5], [w35,8], [w35,2], [w35,3], [36,7], [w35,5], [w35,0], [w35,1], [w35,6], [36,2], [36,4], [36,8], [36,3], [w35,7], [36,1]] weak=[[w35,4], [w35,8], [w35,2], [w35,3], [w35,5], [w35,0], [w35,1], [w35,6], [w35,7]] (solid_wave_vertices: 9) solid=[[35,2], [35,1], [35,3], [35,6], [35,0], [35,4], [35,7], [35,8], [35,5]] merged=[[37,8]] --- (Vertex9)[[w35,4], [36,5], [w35,8], [w35,2], [w35,3], [36,7], [w35,5], [w35,0], [w35,1], [w35,6], [36,2], [36,4], [36,8], [36,3], [w35,7], [w35,9], [36,1]] weak=[[w35,4], [w35,8], [w35,2], [w35,3], [w35,5], [w35,0], [w35,1], [w35,6], [w35,7], [w35,9]] (solid_wave_vertices: 10) solid=[[35,8], [35,9], [35,1], [35,2], [35,5], [35,6], [35,0], [35,3], [35,7], [35,4]] merged=[[37,9]]
Round 38: (Vertex0)[[37,7], [37,1], [37,0], [37,2], [37,4], [37,6], [37,5]] (solid_wave_vertices: 7) solid=[[37,5], [37,2], [37,0], [37,7], [37,4], [37,1], [37,6]] merged=[[37,2], [37,6], [37,5], [37,0], [37,1], [37,7], [37,4]] --- (Vertex1)[[37,7], [37,1], [37,0], [37,2], [37,3], [37,6], [37,5]] (solid_wave_vertices: 7) solid=[[37,2], [37,0], [37,6], [37,1], [37,3], [37,5], [37,7]] merged=[[37,3], [37,2], [37,5], [37,7], [37,6], [37,1], [37,0]] --- (Vertex2)[[37,7], [37,8], [37,2], [37,4], [37,3], [37,6], [37,5]] (solid_wave_vertices: 7) solid=[[37,5], [37,7], [37,4], [37,3], [37,8], [37,2], [37,6]] merged=[[37,3], [37,2], [37,8], [37,6], [37,7], [37,4], [37,5]] --- (Vertex3)[[37,7], [37,8], [37,2], [37,4], [37,3], [37,6], [37,5]] (solid_wave_vertices: 7) solid=[[37,8], [37,5], [37,6], [37,4], [37,2], [37,3], [37,7]] merged=[[37,5], [37,6], [37,8], [37,7], [37,3], [37,4], [37,2]] --- (Vertex4)[[37,7], [37,8], [37,2], [37,4], [37,3], [37,6], [37,5]] (solid_wave_vertices: 7) solid=[[37,7], [37,3], [37,4], [37,6], [37,2], [37,8], [37,5]] merged=[[37,2], [37,8], [37,4], [37,3], [37,7], [37,6], [37,5]] --- (Vertex5)[[37,7], [37,8], [37,2], [37,4], [37,3], [37,6], [37,5]] (solid_wave_vertices: 7) solid=[[37,5], [37,8], [37,6], [37,7], [37,2], [37,3], [37,4]] merged=[[37,3], [37,7], [37,5], [37,2], [37,8], [37,6], [37,4]] --- (Vertex6)[[37,7], [37,1], [37,0], [37,2], [37,3], [37,6], [37,5]] (solid_wave_vertices: 7) solid=[[37,2], [37,0], [37,5], [37,3], [37,6], [37,7], [37,1]] merged=[[37,0], [37,2], [37,1], [37,5], [37,6], [37,3], [37,7]] --- (Vertex7)[[37,7], [37,8], [37,2], [37,4], [37,3], [37,6], [37,5]] (solid_wave_vertices: 7) solid=[[37,5], [37,2], [37,3], [37,8], [37,7], [37,4], [37,6]] merged=[[37,7], [37,5], [37,6], [37,4], [37,3], [37,2], [37,8]] --- (Vertex8)[[37,7], [37,8], [37,2], [37,4], [37,3], [37,6], [37,5]] (solid_wave_vertices: 7) solid=[[37,5], [37,7], [37,2], [37,6], [37,8], [37,3], [37,4]] merged=[[37,8], [37,3], [37,2], [37,4], [37,5], [37,7], [37,6]] --- (Vertex9)[[37,7], [37,1], [37,0], [37,2], [37,4], [37,6], [37,5]] (solid_wave_vertices: 7) solid=[[37,0], [37,5], [37,1], [37,4], [37,2], [37,7], [37,6]] merged=[[37,0], [37,5], [37,7], [37,2], [37,4], [37,1], [37,6]]
Round 39: (Vertex0)[[38,1], [38,5], [38,7], [w37,7], [w37,1], [w37,8], [38,0], [38,8], [w37,0], [w37,2], [w37,4], [w37,3], [38,6], [w37,6], [38,3], [w37,5]] weak=[[w37,7], [w37,1], [w37,8], [w37,0], [w37,2], [w37,4], [w37,3], [w37,6], [w37,5]] (solid_wave_vertices: 9) solid=[[37,1], [37,7], [37,8], [37,2], [37,0], [37,5], [37,6], [37,3], [37,4]] merged=[[39,0]] --- (Vertex1)[[38,1], [38,5], [38,7], [w37,7], [w37,1], [w37,8], [38,0], [38,2], [38,8], [w37,0], [w37,2], [w37,4], [w37,3], [38,6], [w37,6], [w37,5]] weak=[[w37,7], [w37,1], [w37,8], [w37,0], [w37,2], [w37,4], [w37,3], [w37,6], [w37,5]] (solid_wave_vertices: 9) solid=[[37,3], [37,0], [37,4], [37,8], [37,5], [37,1], [37,2], [37,7], [37,6]] merged=[[39,1]] --- (Vertex2)[[38,1], [38,5], [38,7], [38,4], [w37,7], [w37,1], [w37,8], [38,2], [38,8], [w37,0], [w37,2], [w37,4], [w37,3], [w37,6], [38,3], [w37,5]] weak=[[w37,7], [w37,1], [w37,8], [w37,0], [w37,2], [w37,4], [w37,3], [w37,6], [w37,5]] (solid_wave_vertices: 9) solid=[[37,8], [37,4], [37,1], [37,0], [37,3], [37,2], [37,6], [37,7], [37,5]] merged=[[39,2]] --- (Vertex3)[[38,1], [38,5], [38,7], [38,4], [w37,7], [w37,1], [w37,8], [38,2], [38,8], [w37,0], [w37,2], [w37,4], [w37,3], [w37,6], [38,3], [w37,5]] weak=[[w37,7], [w37,1], [w37,8], [w37,0], [w37,2], [w37,4], [w37,3], [w37,6], [w37,5]] (solid_wave_vertices: 9) solid=[[37,1], [37,5], [37,0], [37,8], [37,7], [37,2], [37,3], [37,4], [37,6]] merged=[[39,3]] --- (Vertex4)[[38,1], [38,5], [38,7], [38,4], [w37,7], [w37,1], [w37,8], [38,2], [38,8], [w37,0], [w37,2], [w37,4], [w37,3], [w37,6], [38,3], [w37,5]] weak=[[w37,7], [w37,1], [w37,8], [w37,0], [w37,2], [w37,4], [w37,3], [w37,6], [w37,5]] (solid_wave_vertices: 9) solid=[[37,7], [37,5], [37,2], [37,6], [37,4], [37,0], [37,3], [37,1], [37,8]] merged=[[39,4]] --- (Vertex5)[[38,1], [38,5], [38,7], [38,4], [w37,7], [w37,1], [w37,8], [38,2], [38,8], [w37,0], [w37,2], [w37,4], [w37,3], [w37,6], [38,3], [w37,5]] weak=[[w37,7], [w37,1], [w37,8], [w37,0], [w37,2], [w37,4], [w37,3], [w37,6], [w37,5]] (solid_wave_vertices: 9) solid=[[37,4], [37,7], [37,1], [37,2], [37,6], [37,0], [37,8], [37,5], [37,3]] merged=[[39,5]] --- (Vertex6)[[38,1], [38,5], [38,7], [38,4], [w37,7], [w37,1], [w37,8], [38,0], [38,8], [w37,0], [w37,2], [w37,4], [w37,3], [38,6], [w37,6], [w37,5]] weak=[[w37,7], [w37,1], [w37,8], [w37,0], [w37,2], [w37,4], [w37,3], [w37,6], [w37,5]] (solid_wave_vertices: 9) solid=[[37,3], [37,7], [37,1], [37,0], [37,2], [37,4], [37,5], [37,8], [37,6]] merged=[[39,6]] --- (Vertex7)[[38,1], [38,5], [38,7], [38,4], [w37,7], [w37,1], [w37,8], [38,2], [38,8], [w37,0], [w37,2], [w37,4], [w37,3], [w37,6], [38,3], [w37,5]] weak=[[w37,7], [w37,1], [w37,8], [w37,0], [w37,2], [w37,4], [w37,3], [w37,6], [w37,5]] (solid_wave_vertices: 9) solid=[[37,3], [37,4], [37,0], [37,1], [37,5], [37,7], [37,2], [37,8], [37,6]] merged=[[39,7]] --- (Vertex8)[[38,1], [38,5], [38,7], [38,4], [w37,7], [w37,1], [w37,8], [38,2], [38,8], [w37,0], [w37,2], [w37,4], [w37,3], [w37,6], [38,3], [w37,5]] weak=[[w37,7], [w37,1], [w37,8], [w37,0], [w37,2], [w37,4], [w37,3], [w37,6], [w37,5]] (solid_wave_vertices: 9) solid=[[37,1], [37,8], [37,0], [37,7], [37,3], [37,2], [37,5], [37,4], [37,6]] merged=[[39,8]] --- (Vertex9)[[w37,9], [38,1], [38,5], [38,7], [w37,7], [w37,1], [w37,8], [38,0], [38,2], [38,8], [w37,0], [w37,2], [w37,4], [w37,3], [38,6], [w37,6], [w37,5]] weak=[[w37,9], [w37,7], [w37,1], [w37,8], [w37,0], [w37,2], [w37,4], [w37,3], [w37,6], [w37,5]] (solid_wave_vertices: 10) solid=[[37,1], [37,2], [37,8], [37,9], [37,4], [37,0], [37,6], [37,7], [37,5], [37,3]] merged=[[39,9]]
Round 40: (Vertex0)[[39,3], [39,7], [39,2], [39,5], [39,1], [39,6], [39,0]] (solid_wave_vertices: 7) solid=[[39,5], [39,6], [39,3], [39,0], [39,1], [39,7], [39,2]] merged=[[39,5], [39,3], [39,7], [39,2], [39,1], [39,6], [39,0]] --- (Vertex1)[[39,3], [39,7], [39,2], [39,5], [39,1], [39,6], [39,0]] (solid_wave_vertices: 7) solid=[[39,7], [39,0], [39,5], [39,1], [39,3], [39,2], [39,6]] merged=[[39,1], [39,0], [39,6], [39,2], [39,7], [39,3], [39,5]] --- (Vertex2)[[39,3], [39,7], [39,2], [39,5], [39,4], [39,6], [39,8]] (solid_wave_vertices: 7) solid=[[39,6], [39,4], [39,2], [39,5], [39,3], [39,7], [39,8]] merged=[[39,8], [39,4], [39,3], [39,6], [39,7], [39,5], [39,2]] --- (Vertex3)[[39,3], [39,7], [39,2], [39,5], [39,4], [39,6], [39,8]] (solid_wave_vertices: 7) solid=[[39,6], [39,8], [39,3], [39,2], [39,5], [39,7], [39,4]] merged=[[39,7], [39,2], [39,3], [39,8], [39,4], [39,6], [39,5]] --- (Vertex4)[[39,3], [39,7], [39,2], [39,5], [39,4], [39,6], [39,8]] (solid_wave_vertices: 7) solid=[[39,3], [39,4], [39,7], [39,5], [39,2], [39,8], [39,6]] merged=[[39,5], [39,3], [39,4], [39,6], [39,2], [39,7], [39,8]] --- (Vertex5)[[39,3], [39,7], [39,2], [39,5], [39,4], [39,6], [39,8]] (solid_wave_vertices: 7) solid=[[39,2], [39,5], [39,8], [39,4], [39,3], [39,6], [39,7]] merged=[[39,5], [39,2], [39,8], [39,6], [39,7], [39,3], [39,4]] --- (Vertex6)[[39,3], [39,7], [39,2], [39,5], [39,1], [39,6], [39,0]] (solid_wave_vertices: 7) solid=[[39,5], [39,0], [39,7], [39,6], [39,1], [39,3], [39,2]] merged=[[39,5], [39,3], [39,6], [39,7], [39,1], [39,2], [39,0]] --- (Vertex7)[[39,3], [39,7], [39,2], [39,5], [39,4], [39,6], [39,8]] (solid_wave_vertices: 7) solid=[[39,6], [39,7], [39,8], [39,5], [39,3], [39,4], [39,2]] merged=[[39,2], [39,6], [39,8], [39,3], [39,5], [39,7], [39,4]] --- (Vertex8)[[39,3], [39,7], [39,2], [39,5], [39,4], [39,6], [39,8]] (solid_wave_vertices: 7) solid=[[39,3], [39,7], [39,6], [39,5], [39,2], [39,8], [39,4]] merged=[[39,7], [39,2], [39,3], [39,4], [39,6], [39,5], [39,8]] --- (Vertex9)[[39,7], [39,5], [39,4], [39,1], [39,6], [39,8], [39,0]] (solid_wave_vertices: 7) solid=[[39,6], [39,5], [39,1], [39,4], [39,8], [39,0], [39,7]] merged=[[39,6], [39,4], [39,0], [39,8], [39,1], [39,5], [39,7]]
Round 41: (Vertex0)[[w39,3], [w39,7], [w39,2], [w39,5], [40,3], [40,4], [w39,4], [w39,1], [40,0], [40,6], [40,2], [w39,6], [40,7], [40,1], [w39,8], [w39,0]] weak=[[w39,3], [w39,7], [w39,2], [w39,5], [w39,4], [w39,1], [w39,6], [w39,8], [w39,0]] (solid_wave_vertices: 9) solid=[[39,1], [39,5], [39,0], [39,6], [39,4], [39,8], [39,7], [39,3], [39,2]] merged=[[41,0]] --- (Vertex1)[[w39,3], [w39,7], [w39,2], [w39,5], [40,4], [w39,4], [w39,1], [40,0], [40,6], [40,2], [w39,6], [40,7], [40,1], [w39,8], [w39,0], [40,8]] weak=[[w39,3], [w39,7], [w39,2], [w39,5], [w39,4], [w39,1], [w39,6], [w39,8], [w39,0]] (solid_wave_vertices: 9) solid=[[39,1], [39,6], [39,8], [39,0], [39,4], [39,7], [39,3], [39,2], [39,5]] merged=[[41,1]] --- (Vertex2)[[w39,3], [w39,7], [w39,2], [w39,5], [40,3], [40,4], [w39,4], [w39,1], [40,2], [w39,6], [40,7], [40,1], [w39,8], [40,5], [w39,0], [40,8]] weak=[[w39,3], [w39,7], [w39,2], [w39,5], [w39,4], [w39,1], [w39,6], [w39,8], [w39,0]] (solid_wave_vertices: 9) solid=[[39,7], [39,4], [39,8], [39,6], [39,1], [39,2], [39,5], [39,0], [39,3]] merged=[[41,2]] --- (Vertex3)[[w39,3], [w39,7], [w39,2], [w39,5], [40,3], [40,4], [w39,4], [w39,1], [40,2], [w39,6], [40,7], [40,1], [w39,8], [40,5], [w39,0], [40,8]] weak=[[w39,3], [w39,7], [w39,2], [w39,5], [w39,4], [w39,1], [w39,6], [w39,8], [w39,0]] (solid_wave_vertices: 9) solid=[[39,4], [39,0], [39,2], [39,6], [39,5], [39,3], [39,7], [39,1], [39,8]] merged=[[41,3]] --- (Vertex4)[[w39,3], [w39,7], [w39,2], [w39,5], [40,3], [40,4], [w39,4], [w39,1], [40,2], [w39,6], [40,7], [40,1], [w39,8], [40,5], [w39,0], [40,8]] weak=[[w39,3], [w39,7], [w39,2], [w39,5], [w39,4], [w39,1], [w39,6], [w39,8], [w39,0]] (solid_wave_vertices: 9) solid=[[39,4], [39,6], [39,8], [39,5], [39,2], [39,7], [39,1], [39,0], [39,3]] merged=[[41,4]] --- (Vertex5)[[w39,3], [w39,7], [w39,2], [w39,5], [40,3], [40,4], [w39,4], [w39,1], [40,2], [w39,6], [40,7], [40,1], [w39,8], [40,5], [w39,0], [40,8]] weak=[[w39,3], [w39,7], [w39,2], [w39,5], [w39,4], [w39,1], [w39,6], [w39,8], [w39,0]] (solid_wave_vertices: 9) solid=[[39,6], [39,7], [39,0], [39,2], [39,8], [39,5], [39,1], [39,4], [39,3]] merged=[[41,5]] --- (Vertex6)[[w39,3], [w39,7], [w39,2], [w39,5], [40,4], [w39,4], [w39,1], [40,0], [40,6], [40,2], [w39,6], [40,7], [40,1], [w39,8], [w39,0], [40,8]] weak=[[w39,3], [w39,7], [w39,2], [w39,5], [w39,4], [w39,1], [w39,6], [w39,8], [w39,0]] (solid_wave_vertices: 9) solid=[[39,0], [39,3], [39,6], [39,8], [39,1], [39,4], [39,2], [39,5], [39,7]] merged=[[41,6]] --- (Vertex7)[[w39,3], [w39,7], [w39,2], [w39,5], [40,3], [40,4], [w39,4], [w39,1], [40,2], [w39,6], [40,7], [40,1], [w39,8], [40,5], [w39,0], [40,8]] weak=[[w39,3], [w39,7], [w39,2], [w39,5], [w39,4], [w39,1], [w39,6], [w39,8], [w39,0]] (solid_wave_vertices: 9) solid=[[39,5], [39,2], [39,3], [39,8], [39,6], [39,4], [39,0], [39,1], [39,7]] merged=[[41,7]] --- (Vertex8)[[w39,3], [w39,7], [w39,2], [w39,5], [40,3], [40,4], [w39,4], [w39,1], [40,0], [40,2], [w39,6], [40,7], [w39,8], [40,5], [w39,0], [40,8]] weak=[[w39,3], [w39,7], [w39,2], [w39,5], [w39,4], [w39,1], [w39,6], [w39,8], [w39,0]] (solid_wave_vertices: 9) solid=[[39,7], [39,3], [39,6], [39,0], [39,2], [39,4], [39,8], [39,1], [39,5]] merged=[[41,8]] --- (Vertex9)[[w39,3], [w39,7], [w39,2], [w39,5], [40,4], [w39,4], [w39,1], [40,0], [w39,9], [40,6], [40,2], [w39,6], [40,7], [40,1], [w39,8], [w39,0], [40,8]] weak=[[w39,3], [w39,7], [w39,2], [w39,5], [w39,4], [w39,1], [w39,9], [w39,6], [w39,8], [w39,0]] (solid_wave_vertices: 10) solid=[[39,0], [39,5], [39,2], [39,4], [39,1], [39,7], [39,3], [39,8], [39,9], [39,6]] merged=[[41,9]]
Round 42: (Vertex0)[[41,0], [41,2], [41,1], [41,5], [41,6], [41,8], [41,4]] (solid_wave_vertices: 7) solid=[[41,0], [41,4], [41,1], [41,2], [41,6], [41,8], [41,5]] merged=[[41,0], [41,1], [41,8], [41,5], [41,4], [41,6], [41,2]] --- (Vertex1)[[41,0], [41,2], [41,1], [41,5], [41,7], [41,6], [41,3]] (solid_wave_vertices: 7) solid=[[41,1], [41,5], [41,3], [41,2], [41,7], [41,0], [41,6]] merged=[[41,7], [41,0], [41,6], [41,5], [41,1], [41,3], [41,2]] --- (Vertex2)[[41,2], [41,5], [41,7], [41,6], [41,8], [41,3], [41,4]] (solid_wave_vertices: 7) solid=[[41,2], [41,7], [41,8], [41,6], [41,3], [41,4], [41,5]] merged=[[41,4], [41,8], [41,5], [41,3], [41,6], [41,7], [41,2]] --- (Vertex3)[[41,2], [41,5], [41,7], [41,6], [41,8], [41,3], [41,4]] (solid_wave_vertices: 7) solid=[[41,6], [41,2], [41,5], [41,3], [41,7], [41,4], [41,8]] merged=[[41,4], [41,8], [41,6], [41,5], [41,3], [41,2], [41,7]] --- (Vertex4)[[41,2], [41,5], [41,7], [41,6], [41,8], [41,3], [41,4]] (solid_wave_vertices: 7) solid=[[41,5], [41,3], [41,4], [41,6], [41,7], [41,2], [41,8]] merged=[[41,2], [41,7], [41,5], [41,6], [41,3], [41,8], [41,4]] --- (Vertex5)[[41,2], [41,5], [41,7], [41,6], [41,8], [41,3], [41,4]] (solid_wave_vertices: 7) solid=[[41,5], [41,2], [41,7], [41,8], [41,4], [41,6], [41,3]] merged=[[41,5], [41,6], [41,7], [41,2], [41,8], [41,4], [41,3]] --- (Vertex6)[[41,0], [41,2], [41,1], [41,5], [41,7], [41,6], [41,8]] (solid_wave_vertices: 7) solid=[[41,5], [41,8], [41,6], [41,1], [41,2], [41,0], [41,7]] merged=[[41,8], [41,6], [41,2], [41,7], [41,1], [41,0], [41,5]] --- (Vertex7)[[41,2], [41,5], [41,7], [41,6], [41,8], [41,3], [41,4]] (solid_wave_vertices: 7) solid=[[41,7], [41,4], [41,3], [41,8], [41,5], [41,2], [41,6]] merged=[[41,2], [41,5], [41,4], [41,8], [41,6], [41,3], [41,7]] --- (Vertex8)[[41,2], [41,5], [41,7], [41,6], [41,8], [41,3], [41,4]] (solid_wave_vertices: 7) solid=[[41,6], [41,4], [41,5], [41,2], [41,7], [41,3], [41,8]] merged=[[41,4], [41,8], [41,5], [41,2], [41,3], [41,7], [41,6]] --- (Vertex9)[[41,0], [41,2], [41,1], [41,5], [41,7], [41,6], [41,4]] (solid_wave_vertices: 7) solid=[[41,0], [41,5], [41,6], [41,1], [41,7], [41,2], [41,4]] merged=[[41,4], [41,6], [41,7], [41,1], [41,5], [41,0], [41,2]]
Round 43: (Vertex0)[[42,1], [42,6], [w41,0], [42,7], [w41,2], [42,3], [42,4], [w41,1], [w41,5], [w41,7], [w41,6], [42,8], [w41,8], [42,0], [w41,3], [w41,4]] weak=[[w41,0], [w41,2], [w41,1], [w41,5], [w41,7], [w41,6], [w41,8], [w41,3], [w41,4]] (solid_wave_vertices: 9) solid=[[41,1], [41,5], [41,7], [41,0], [41,8], [41,2], [41,4], [41,6], [41,3]] merged=[[43,0]] --- (Vertex1)[[42,1], [42,6], [w41,0], [42,7], [w41,2], [42,3], [42,4], [w41,1], [w41,5], [w41,7], [w41,6], [42,8], [w41,8], [42,0], [w41,3], [w41,4]] weak=[[w41,0], [w41,2], [w41,1], [w41,5], [w41,7], [w41,6], [w41,8], [w41,3], [w41,4]] (solid_wave_vertices: 9) solid=[[41,8], [41,6], [41,2], [41,0], [41,5], [41,3], [41,7], [41,1], [41,4]] merged=[[43,1]] --- (Vertex2)[[42,1], [w41,0], [42,7], [w41,2], [42,3], [42,4], [w41,1], [w41,5], [w41,7], [w41,6], [42,8], [w41,8], [42,2], [42,5], [w41,3], [w41,4]] weak=[[w41,0], [w41,2], [w41,1], [w41,5], [w41,7], [w41,6], [w41,8], [w41,3], [w41,4]] (solid_wave_vertices: 9) solid=[[41,0], [41,5], [41,1], [41,2], [41,8], [41,6], [41,3], [41,7], [41,4]] merged=[[43,2]] --- (Vertex3)[[42,1], [w41,0], [42,7], [w41,2], [42,3], [42,4], [w41,1], [w41,5], [w41,7], [w41,6], [42,8], [w41,8], [42,2], [42,5], [w41,3], [w41,4]] weak=[[w41,0], [w41,2], [w41,1], [w41,5], [w41,7], [w41,6], [w41,8], [w41,3], [w41,4]] (solid_wave_vertices: 9) solid=[[41,7], [41,4], [41,8], [41,6], [41,2], [41,3], [41,1], [41,0], [41,5]] merged=[[43,3]] --- (Vertex4)[[42,1], [w41,0], [42,7], [w41,2], [42,3], [42,4], [w41,1], [w41,5], [w41,7], [w41,6], [42,8], [w41,8], [42,2], [42,5], [w41,3], [w41,4]] weak=[[w41,0], [w41,2], [w41,1], [w41,5], [w41,7], [w41,6], [w41,8], [w41,3], [w41,4]] (solid_wave_vertices: 9) solid=[[41,1], [41,3], [41,5], [41,6], [41,0], [41,8], [41,4], [41,7], [41,2]] merged=[[43,4]] --- (Vertex5)[[42,1], [w41,0], [42,7], [w41,2], [42,3], [42,4], [w41,1], [w41,5], [w41,7], [w41,6], [42,8], [w41,8], [42,2], [42,5], [w41,3], [w41,4]] weak=[[w41,0], [w41,2], [w41,1], [w41,5], [w41,7], [w41,6], [w41,8], [w41,3], [w41,4]] (solid_wave_vertices: 9) solid=[[41,4], [41,8], [41,0], [41,2], [41,5], [41,6], [41,3], [41,1], [41,7]] merged=[[43,5]] --- (Vertex6)[[42,1], [42,6], [w41,0], [42,7], [w41,2], [42,3], [42,4], [w41,1], [w41,5], [w41,7], [w41,6], [42,8], [w41,8], [42,0], [w41,3], [w41,4]] weak=[[w41,0], [w41,2], [w41,1], [w41,5], [w41,7], [w41,6], [w41,8], [w41,3], [w41,4]] (solid_wave_vertices: 9) solid=[[41,4], [41,6], [41,3], [41,7], [41,8], [41,0], [41,2], [41,1], [41,5]] merged=[[43,6]] --- (Vertex7)[[42,1], [w41,0], [42,7], [w41,2], [42,3], [42,4], [w41,1], [w41,5], [w41,7], [w41,6], [42,8], [w41,8], [42,2], [42,5], [w41,3], [w41,4]] weak=[[w41,0], [w41,2], [w41,1], [w41,5], [w41,7], [w41,6], [w41,8], [w41,3], [w41,4]] (solid_wave_vertices: 9) solid=[[41,3], [41,8], [41,7], [41,6], [41,0], [41,1], [41,4], [41,2], [41,5]] merged=[[43,7]] --- (Vertex8)[[w41,0], [42,7], [w41,2], [42,3], [42,4], [w41,1], [w41,5], [w41,7], [w41,6], [42,8], [w41,8], [42,0], [42,2], [42,5], [w41,3], [w41,4]] weak=[[w41,0], [w41,2], [w41,1], [w41,5], [w41,7], [w41,6], [w41,8], [w41,3], [w41,4]] (solid_wave_vertices: 9) solid=[[41,1], [41,8], [41,5], [41,3], [41,2], [41,4], [41,6], [41,7], [41,0]] merged=[[43,8]] --- (Vertex9)[[42,1], [42,6], [w41,0], [42,7], [w41,2], [42,4], [w41,1], [w41,5], [w41,7], [w41,6], [w41,8], [42,0], [42,2], [42,5], [w41,9], [w41,3], [w41,4]] weak=[[w41,0], [w41,2], [w41,1], [w41,5], [w41,7], [w41,6], [w41,8], [w41,9], [w41,3], [w41,4]] (solid_wave_vertices: 10) solid=[[41,9], [41,8], [41,1], [41,2], [41,5], [41,0], [41,3], [41,6], [41,4], [41,7]] merged=[[43,9]]
Round 44: (Vertex0)[[43,6], [43,2], [43,3], [43,1], [43,7], [43,0], [43,5]] (solid_wave_vertices: 7) solid=[[43,1], [43,5], [43,6], [43,3], [43,0], [43,2], [43,7]] merged=[[43,2], [43,7], [43,6], [43,1], [43,5], [43,3], [43,0]] --- (Vertex1)[[43,6], [43,2], [43,3], [43,1], [43,7], [43,0], [43,5]] (solid_wave_vertices: 7) solid=[[43,6], [43,0], [43,2], [43,7], [43,5], [43,1], [43,3]] merged=[[43,2], [43,7], [43,0], [43,6], [43,1], [43,5], [43,3]] --- (Vertex2)[[43,4], [43,6], [43,2], [43,3], [43,7], [43,8], [43,5]] (solid_wave_vertices: 7) solid=[[43,6], [43,5], [43,3], [43,4], [43,7], [43,2], [43,8]] merged=[[43,4], [43,8], [43,6], [43,5], [43,3], [43,2], [43,7]] --- (Vertex3)[[43,4], [43,6], [43,2], [43,3], [43,7], [43,8], [43,5]] (solid_wave_vertices: 7) solid=[[43,6], [43,7], [43,8], [43,4], [43,2], [43,3], [43,5]] merged=[[43,7], [43,6], [43,4], [43,5], [43,8], [43,3], [43,2]] --- (Vertex4)[[43,4], [43,6], [43,2], [43,3], [43,7], [43,8], [43,5]] (solid_wave_vertices: 7) solid=[[43,2], [43,8], [43,7], [43,6], [43,3], [43,4], [43,5]] merged=[[43,5], [43,4], [43,8], [43,6], [43,2], [43,3], [43,7]] --- (Vertex5)[[43,4], [43,6], [43,2], [43,3], [43,7], [43,8], [43,5]] (solid_wave_vertices: 7) solid=[[43,3], [43,2], [43,4], [43,5], [43,7], [43,8], [43,6]] merged=[[43,2], [43,5], [43,6], [43,4], [43,7], [43,3], [43,8]] --- (Vertex6)[[43,6], [43,2], [43,3], [43,1], [43,7], [43,0], [43,8]] (solid_wave_vertices: 7) solid=[[43,1], [43,7], [43,0], [43,3], [43,8], [43,6], [43,2]] merged=[[43,6], [43,7], [43,3], [43,2], [43,1], [43,0], [43,8]] --- (Vertex7)[[43,4], [43,6], [43,2], [43,3], [43,7], [43,8], [43,5]] (solid_wave_vertices: 7) solid=[[43,7], [43,2], [43,5], [43,6], [43,3], [43,4], [43,8]] merged=[[43,4], [43,7], [43,5], [43,3], [43,6], [43,2], [43,8]] --- (Vertex8)[[43,4], [43,6], [43,2], [43,3], [43,7], [43,8], [43,5]] (solid_wave_vertices: 7) solid=[[43,8], [43,2], [43,3], [43,7], [43,4], [43,6], [43,5]] merged=[[43,7], [43,2], [43,8], [43,5], [43,6], [43,4], [43,3]] --- (Vertex9)[[43,4], [43,6], [43,2], [43,3], [43,1], [43,7], [43,0]] (solid_wave_vertices: 7) solid=[[43,2], [43,3], [43,1], [43,0], [43,6], [43,7], [43,4]] merged=[[43,1], [43,4], [43,0], [43,2], [43,7], [43,3], [43,6]]
Round 45: (Vertex0)[[w43,4], [w43,6], [44,3], [w43,2], [w43,3], [44,4], [44,1], [w43,1], [44,6], [44,0], [w43,7], [44,2], [44,7], [w43,0], [w43,8], [w43,5]] weak=[[w43,4], [w43,6], [w43,2], [w43,3], [w43,1], [w43,7], [w43,0], [w43,8], [w43,5]] (solid_wave_vertices: 9) solid=[[43,7], [43,3], [43,4], [43,2], [43,0], [43,6], [43,8], [43,5], [43,1]] merged=[[45,0]] --- (Vertex1)[[w43,4], [w43,6], [44,3], [w43,2], [w43,3], [44,5], [44,4], [44,1], [w43,1], [44,6], [44,0], [w43,7], [44,2], [w43,0], [w43,8], [w43,5]] weak=[[w43,4], [w43,6], [w43,2], [w43,3], [w43,1], [w43,7], [w43,0], [w43,8], [w43,5]] (solid_wave_vertices: 9) solid=[[43,7], [43,6], [43,2], [43,8], [43,4], [43,0], [43,5], [43,1], [43,3]] merged=[[45,1]] --- (Vertex2)[[w43,4], [w43,6], [44,3], [w43,2], [w43,3], [44,5], [44,4], [44,1], [w43,1], [w43,7], [44,2], [44,7], [44,8], [w43,0], [w43,8], [w43,5]] weak=[[w43,4], [w43,6], [w43,2], [w43,3], [w43,1], [w43,7], [w43,0], [w43,8], [w43,5]] (solid_wave_vertices: 9) solid=[[43,8], [43,2], [43,1], [43,7], [43,0], [43,3], [43,4], [43,5], [43,6]] merged=[[45,2]] --- (Vertex3)[[w43,4], [w43,6], [44,3], [w43,2], [w43,3], [44,5], [44,4], [44,1], [w43,1], [w43,7], [44,2], [44,7], [44,8], [w43,0], [w43,8], [w43,5]] weak=[[w43,4], [w43,6], [w43,2], [w43,3], [w43,1], [w43,7], [w43,0], [w43,8], [w43,5]] (solid_wave_vertices: 9) solid=[[43,4], [43,7], [43,6], [43,0], [43,8], [43,1], [43,3], [43,2], [43,5]] merged=[[45,3]] --- (Vertex4)[[w43,4], [w43,6], [44,3], [w43,2], [w43,3], [44,5], [44,4], [44,1], [w43,1], [w43,7], [44,2], [44,7], [44,8], [w43,0], [w43,8], [w43,5]] weak=[[w43,4], [w43,6], [w43,2], [w43,3], [w43,1], [w43,7], [w43,0], [w43,8], [w43,5]] (solid_wave_vertices: 9) solid=[[43,7], [43,4], [43,1], [43,8], [43,6], [43,2], [43,5], [43,3], [43,0]] merged=[[45,4]] --- (Vertex5)[[w43,4], [w43,6], [44,3], [w43,2], [w43,3], [44,5], [44,4], [44,1], [w43,1], [w43,7], [44,2], [44,7], [44,8], [w43,0], [w43,8], [w43,5]] weak=[[w43,4], [w43,6], [w43,2], [w43,3], [w43,1], [w43,7], [w43,0], [w43,8], [w43,5]] (solid_wave_vertices: 9) solid=[[43,6], [43,1], [43,3], [43,5], [43,8], [43,2], [43,4], [43,0], [43,7]] merged=[[45,5]] --- (Vertex6)[[w43,4], [w43,6], [44,3], [w43,2], [w43,3], [44,4], [44,1], [w43,1], [44,6], [44,0], [w43,7], [44,7], [44,8], [w43,0], [w43,8], [w43,5]] weak=[[w43,4], [w43,6], [w43,2], [w43,3], [w43,1], [w43,7], [w43,0], [w43,8], [w43,5]] (solid_wave_vertices: 9) solid=[[43,3], [43,7], [43,2], [43,0], [43,5], [43,6], [43,8], [43,4], [43,1]] merged=[[45,6]] --- (Vertex7)[[w43,4], [w43,6], [44,3], [w43,2], [w43,3], [44,5], [44,4], [44,1], [w43,1], [w43,7], [44,2], [44,7], [44,8], [w43,0], [w43,8], [w43,5]] weak=[[w43,4], [w43,6], [w43,2], [w43,3], [w43,1], [w43,7], [w43,0], [w43,8], [w43,5]] (solid_wave_vertices: 9) solid=[[43,0], [43,1], [43,3], [43,7], [43,2], [43,4], [43,8], [43,6], [43,5]] merged=[[45,7]] --- (Vertex8)[[w43,4], [w43,6], [44,3], [w43,2], [w43,3], [44,5], [44,4], [44,1], [w43,1], [w43,7], [44,2], [44,7], [44,8], [w43,0], [w43,8], [w43,5]] weak=[[w43,4], [w43,6], [w43,2], [w43,3], [w43,1], [w43,7], [w43,0], [w43,8], [w43,5]] (solid_wave_vertices: 9) solid=[[43,1], [43,2], [43,4], [43,5], [43,8], [43,3], [43,0], [43,6], [43,7]] merged=[[45,8]] --- (Vertex9)[[w43,9], [w43,4], [w43,6], [44,3], [w43,2], [w43,3], [44,5], [44,4], [44,1], [w43,1], [44,0], [w43,7], [44,7], [44,8], [w43,0], [w43,8], [w43,5]] weak=[[w43,9], [w43,4], [w43,6], [w43,2], [w43,3], [w43,1], [w43,7], [w43,0], [w43,8], [w43,5]] (solid_wave_vertices: 10) solid=[[43,3], [43,6], [43,0], [43,1], [43,2], [43,9], [43,8], [43,7], [43,4], [43,5]] merged=[[45,9]]
Round 46: (Vertex0)[[45,0], [45,6], [45,1], [45,3], [45,7], [45,5], [45,2]] (solid_wave_vertices: 7) solid=[[45,7], [45,5], [45,3], [45,6], [45,0], [45,2], [45,1]] merged=[[45,3], [45,7], [45,2], [45,5], [45,6], [45,0], [45,1]] --- (Vertex1)[[45,0], [45,6], [45,1], [45,3], [45,7], [45,5], [45,2]] (solid_wave_vertices: 7) solid=[[45,7], [45,0], [45,2], [45,6], [45,3], [45,1], [45,5]] merged=[[45,7], [45,0], [45,1], [45,5], [45,2], [45,6], [45,3]] --- (Vertex2)[[45,6], [45,8], [45,4], [45,3], [45,7], [45,5], [45,2]] (solid_wave_vertices: 7) solid=[[45,6], [45,2], [45,8], [45,5], [45,3], [45,4], [45,7]] merged=[[45,4], [45,5], [45,2], [45,8], [45,6], [45,7], [45,3]] --- (Vertex3)[[45,6], [45,8], [45,4], [45,3], [45,7], [45,5], [45,2]] (solid_wave_vertices: 7) solid=[[45,5], [45,3], [45,4], [45,2], [45,8], [45,6], [45,7]] merged=[[45,8], [45,2], [45,7], [45,4], [45,3], [45,5], [45,6]] --- (Vertex4)[[45,6], [45,8], [45,4], [45,3], [45,7], [45,5], [45,2]] (solid_wave_vertices: 7) solid=[[45,7], [45,8], [45,3], [45,5], [45,4], [45,2], [45,6]] merged=[[45,3], [45,8], [45,7], [45,5], [45,6], [45,2], [45,4]] --- (Vertex5)[[45,6], [45,8], [45,4], [45,3], [45,7], [45,5], [45,2]] (solid_wave_vertices: 7) solid=[[45,8], [45,3], [45,4], [45,2], [45,7], [45,5], [45,6]] merged=[[45,8], [45,2], [45,5], [45,4], [45,6], [45,7], [45,3]] --- (Vertex6)[[45,0], [45,6], [45,1], [45,3], [45,7], [45,5], [45,2]] (solid_wave_vertices: 7) solid=[[45,3], [45,7], [45,6], [45,5], [45,2], [45,0], [45,1]] merged=[[45,2], [45,0], [45,6], [45,1], [45,5], [45,3], [45,7]] --- (Vertex7)[[45,6], [45,8], [45,4], [45,3], [45,7], [45,5], [45,2]] (solid_wave_vertices: 7) solid=[[45,2], [45,3], [45,7], [45,5], [45,6], [45,8], [45,4]] merged=[[45,2], [45,4], [45,6], [45,5], [45,7], [45,8], [45,3]] --- (Vertex8)[[45,6], [45,8], [45,4], [45,3], [45,7], [45,5], [45,2]] (solid_wave_vertices: 7) solid=[[45,2], [45,8], [45,5], [45,6], [45,4], [45,3], [45,7]] merged=[[45,4], [45,2], [45,3], [45,7], [45,8], [45,6], [45,5]] --- (Vertex9)[[45,0], [45,6], [45,8], [45,1], [45,3], [45,7], [45,5]] (solid_wave_vertices: 7) solid=[[45,8], [45,6], [45,3], [45,1], [45,7], [45,5], [45,0]] merged=[[45,7], [45,1], [45,0], [45,5], [45,3], [45,8], [45,6]]
Round 47: (Vertex0)[[46,3], [46,6], [w45,0], [46,4], [46,2], [w45,6], [46,1], [w45,8], [w45,4], [46,0], [w45,1], [w45,3], [46,7], [w45,7], [w45,5], [w45,2]] weak=[[w45,0], [w45,6], [w45,8], [w45,4], [w45,1], [w45,3], [w45,7], [w45,5], [w45,2]] (solid_wave_vertices: 9) solid=[[45,3], [45,1], [45,5], [45,6], [45,8], [45,2], [45,0], [45,4], [45,7]] merged=[[47,0]] --- (Vertex1)[[46,3], [46,6], [w45,0], [46,2], [w45,6], [46,1], [w45,8], [w45,4], [46,0], [w45,1], [w45,3], [46,5], [w45,7], [w45,5], [46,8], [w45,2]] weak=[[w45,0], [w45,6], [w45,8], [w45,4], [w45,1], [w45,3], [w45,7], [w45,5], [w45,2]] (solid_wave_vertices: 9) solid=[[45,4], [45,2], [45,8], [45,7], [45,5], [45,0], [45,3], [45,6], [45,1]] merged=[[47,1]] --- (Vertex2)[[46,3], [w45,0], [46,4], [46,2], [w45,6], [46,1], [w45,8], [w45,4], [w45,1], [w45,3], [46,7], [46,5], [w45,7], [w45,5], [46,8], [w45,2]] weak=[[w45,0], [w45,6], [w45,8], [w45,4], [w45,1], [w45,3], [w45,7], [w45,5], [w45,2]] (solid_wave_vertices: 9) solid=[[45,6], [45,3], [45,8], [45,2], [45,4], [45,0], [45,1], [45,5], [45,7]] merged=[[47,2]] --- (Vertex3)[[46,3], [w45,0], [46,4], [46,2], [w45,6], [46,1], [w45,8], [w45,4], [w45,1], [w45,3], [46,7], [46,5], [w45,7], [w45,5], [46,8], [w45,2]] weak=[[w45,0], [w45,6], [w45,8], [w45,4], [w45,1], [w45,3], [w45,7], [w45,5], [w45,2]] (solid_wave_vertices: 9) solid=[[45,5], [45,7], [45,3], [45,8], [45,0], [45,6], [45,4], [45,1], [45,2]] merged=[[47,3]] --- (Vertex4)[[46,3], [w45,0], [46,4], [46,2], [w45,6], [46,1], [w45,8], [w45,4], [w45,1], [w45,3], [46,7], [46,5], [w45,7], [w45,5], [46,8], [w45,2]] weak=[[w45,0], [w45,6], [w45,8], [w45,4], [w45,1], [w45,3], [w45,7], [w45,5], [w45,2]] (solid_wave_vertices: 9) solid=[[45,3], [45,8], [45,0], [45,2], [45,7], [45,6], [45,4], [45,1], [45,5]] merged=[[47,4]] --- (Vertex5)[[46,3], [w45,0], [46,4], [46,2], [w45,6], [46,1], [w45,8], [w45,4], [w45,1], [w45,3], [46,7], [46,5], [w45,7], [w45,5], [46,8], [w45,2]] weak=[[w45,0], [w45,6], [w45,8], [w45,4], [w45,1], [w45,3], [w45,7], [w45,5], [w45,2]] (solid_wave_vertices: 9) solid=[[45,0], [45,4], [45,5], [45,7], [45,2], [45,6], [45,1], [45,8], [45,3]] merged=[[47,5]] --- (Vertex6)[[46,6], [w45,0], [46,4], [46,2], [w45,6], [46,1], [w45,8], [w45,4], [46,0], [w45,1], [w45,3], [46,7], [w45,7], [w45,5], [46,8], [w45,2]] weak=[[w45,0], [w45,6], [w45,8], [w45,4], [w45,1], [w45,3], [w45,7], [w45,5], [w45,2]] (solid_wave_vertices: 9) solid=[[45,8], [45,4], [45,6], [45,0], [45,2], [45,1], [45,7], [45,5], [45,3]] merged=[[47,6]] --- (Vertex7)[[46,3], [w45,0], [46,4], [46,2], [w45,6], [46,1], [w45,8], [w45,4], [w45,1], [w45,3], [46,7], [46,5], [w45,7], [w45,5], [46,8], [w45,2]] weak=[[w45,0], [w45,6], [w45,8], [w45,4], [w45,1], [w45,3], [w45,7], [w45,5], [w45,2]] (solid_wave_vertices: 9) solid=[[45,3], [45,8], [45,1], [45,2], [45,4], [45,7], [45,6], [45,5], [45,0]] merged=[[47,7]] --- (Vertex8)[[46,3], [w45,0], [46,4], [46,2], [w45,6], [46,1], [w45,8], [w45,4], [w45,1], [w45,3], [46,7], [46,5], [w45,7], [w45,5], [46,8], [w45,2]] weak=[[w45,0], [w45,6], [w45,8], [w45,4], [w45,1], [w45,3], [w45,7], [w45,5], [w45,2]] (solid_wave_vertices: 9) solid=[[45,7], [45,8], [45,1], [45,2], [45,4], [45,3], [45,5], [45,0], [45,6]] merged=[[47,8]] --- (Vertex9)[[46,3], [46,6], [w45,0], [46,4], [46,2], [w45,6], [w45,8], [w45,4], [46,0], [w45,1], [w45,3], [46,7], [w45,7], [w45,5], [46,8], [w45,2], [w45,9]] weak=[[w45,0], [w45,6], [w45,8], [w45,4], [w45,1], [w45,3], [w45,7], [w45,5], [w45,2], [w45,9]] (solid_wave_vertices: 10) solid=[[45,2], [45,6], [45,1], [45,3], [45,7], [45,9], [45,5], [45,0], [45,4], [45,8]] merged=[[47,9]]
Round 48: (Vertex0)[[47,2], [47,1], [47,6], [47,5], [47,0], [47,3], [47,7]] (solid_wave_vertices: 7) solid=[[47,2], [47,3], [47,6], [47,7], [47,5], [47,0], [47,1]] merged=[[47,3], [47,6], [47,7], [47,2], [47,1], [47,5], [47,0]] --- (Vertex1)[[47,2], [47,1], [47,6], [47,5], [47,0], [47,3], [47,7]] (solid_wave_vertices: 7) solid=[[47,0], [47,6], [47,7], [47,2], [47,5], [47,3], [47,1]] merged=[[47,6], [47,0], [47,2], [47,3], [47,7], [47,5], [47,1]] --- (Vertex2)[[47,2], [47,6], [47,4], [47,8], [47,5], [47,3], [47,7]] (solid_wave_vertices: 7) solid=[[47,6], [47,3], [47,5], [47,8], [47,2], [47,7], [47,4]] merged=[[47,2], [47,4], [47,6], [47,8], [47,7], [47,3], [47,5]] --- (Vertex3)[[47,2], [47,6], [47,4], [47,8], [47,5], [47,3], [47,7]] (solid_wave_vertices: 7) solid=[[47,7], [47,4], [47,2], [47,8], [47,5], [47,6], [47,3]] merged=[[47,4], [47,2], [47,8], [47,5], [47,7], [47,3], [47,6]] --- (Vertex4)[[47,2], [47,6], [47,4], [47,8], [47,5], [47,3], [47,7]] (solid_wave_vertices: 7) solid=[[47,2], [47,3], [47,6], [47,5], [47,4], [47,8], [47,7]] merged=[[47,6], [47,4], [47,5], [47,8], [47,2], [47,7], [47,3]] --- (Vertex5)[[47,2], [47,6], [47,4], [47,8], [47,5], [47,3], [47,7]] (solid_wave_vertices: 7) solid=[[47,8], [47,6], [47,7], [47,3], [47,5], [47,4], [47,2]] merged=[[47,7], [47,4], [47,3], [47,6], [47,8], [47,5], [47,2]] --- (Vertex6)[[47,2], [47,1], [47,6], [47,5], [47,0], [47,3], [47,7]] (solid_wave_vertices: 7) solid=[[47,1], [47,2], [47,6], [47,3], [47,0], [47,7], [47,5]] merged=[[47,2], [47,3], [47,5], [47,0], [47,7], [47,1], [47,6]] --- (Vertex7)[[47,2], [47,6], [47,4], [47,8], [47,5], [47,3], [47,7]] (solid_wave_vertices: 7) solid=[[47,4], [47,7], [47,8], [47,3], [47,5], [47,2], [47,6]] merged=[[47,3], [47,4], [47,8], [47,2], [47,7], [47,6], [47,5]] --- (Vertex8)[[47,2], [47,6], [47,4], [47,8], [47,5], [47,3], [47,7]] (solid_wave_vertices: 7) solid=[[47,3], [47,6], [47,7], [47,5], [47,2], [47,8], [47,4]] merged=[[47,6], [47,8], [47,3], [47,4], [47,7], [47,2], [47,5]] --- (Vertex9)[[47,1], [47,6], [47,4], [47,8], [47,0], [47,3], [47,7]] (solid_wave_vertices: 7) solid=[[47,8], [47,3], [47,1], [47,4], [47,6], [47,0], [47,7]] merged=[[47,4], [47,0], [47,7], [47,1], [47,8], [47,6], [47,3]]
Round 49: (Vertex0)[[w47,2], [w47,1], [w47,6], [w47,4], [48,7], [48,3], [w47,8], [w47,5], [48,2], [48,6], [48,1], [w47,0], [48,8], [w47,3], [w47,7], [48,0]] weak=[[w47,2], [w47,1], [w47,6], [w47,4], [w47,8], [w47,5], [w47,0], [w47,3], [w47,7]] (solid_wave_vertices: 9) solid=[[47,5], [47,4], [47,8], [47,7], [47,1], [47,3], [47,2], [47,6], [47,0]] merged=[[49,0]] --- (Vertex1)[[w47,2], [w47,1], [w47,6], [w47,4], [48,3], [w47,8], [w47,5], [48,2], [48,6], [48,1], [w47,0], [48,8], [48,5], [w47,3], [w47,7], [48,0]] weak=[[w47,2], [w47,1], [w47,6], [w47,4], [w47,8], [w47,5], [w47,0], [w47,3], [w47,7]] (solid_wave_vertices: 9) solid=[[47,3], [47,1], [47,0], [47,2], [47,7], [47,5], [47,8], [47,4], [47,6]] merged=[[49,1]] --- (Vertex2)[[48,4], [w47,2], [w47,1], [w47,6], [w47,4], [48,7], [48,3], [w47,8], [w47,5], [48,2], [48,1], [w47,0], [48,8], [48,5], [w47,3], [w47,7]] weak=[[w47,2], [w47,1], [w47,6], [w47,4], [w47,8], [w47,5], [w47,0], [w47,3], [w47,7]] (solid_wave_vertices: 9) solid=[[47,6], [47,1], [47,5], [47,4], [47,3], [47,0], [47,8], [47,7], [47,2]] merged=[[49,2]] --- (Vertex3)[[48,4], [w47,2], [w47,1], [w47,6], [w47,4], [48,7], [48,3], [w47,8], [w47,5], [48,2], [48,1], [w47,0], [48,8], [48,5], [w47,3], [w47,7]] weak=[[w47,2], [w47,1], [w47,6], [w47,4], [w47,8], [w47,5], [w47,0], [w47,3], [w47,7]] (solid_wave_vertices: 9) solid=[[47,1], [47,5], [47,0], [47,7], [47,6], [47,3], [47,4], [47,2], [47,8]] merged=[[49,3]] --- (Vertex4)[[48,4], [w47,2], [w47,1], [w47,6], [w47,4], [48,7], [48,3], [w47,8], [w47,5], [48,2], [48,1], [w47,0], [48,8], [48,5], [w47,3], [w47,7]] weak=[[w47,2], [w47,1], [w47,6], [w47,4], [w47,8], [w47,5], [w47,0], [w47,3], [w47,7]] (solid_wave_vertices: 9) solid=[[47,6], [47,8], [47,2], [47,3], [47,5], [47,1], [47,0], [47,7], [47,4]] merged=[[49,4]] --- (Vertex5)[[48,4], [w47,2], [w47,1], [w47,6], [w47,4], [48,7], [48,3], [w47,8], [w47,5], [48,2], [48,1], [w47,0], [48,8], [48,5], [w47,3], [w47,7]] weak=[[w47,2], [w47,1], [w47,6], [w47,4], [w47,8], [w47,5], [w47,0], [w47,3], [w47,7]] (solid_wave_vertices: 9) solid=[[47,3], [47,4], [47,6], [47,0], [47,2], [47,5], [47,8], [47,1], [47,7]] merged=[[49,5]] --- (Vertex6)[[48,4], [w47,2], [w47,1], [w47,6], [w47,4], [48,7], [48,3], [w47,8], [w47,5], [48,6], [48,1], [w47,0], [48,8], [w47,3], [w47,7], [48,0]] weak=[[w47,2], [w47,1], [w47,6], [w47,4], [w47,8], [w47,5], [w47,0], [w47,3], [w47,7]] (solid_wave_vertices: 9) solid=[[47,0], [47,1], [47,2], [47,8], [47,5], [47,4], [47,3], [47,7], [47,6]] merged=[[49,6]] --- (Vertex7)[[48,4], [w47,2], [w47,1], [w47,6], [w47,4], [48,7], [48,3], [w47,8], [w47,5], [48,2], [48,1], [w47,0], [48,8], [48,5], [w47,3], [w47,7]] weak=[[w47,2], [w47,1], [w47,6], [w47,4], [w47,8], [w47,5], [w47,0], [w47,3], [w47,7]] (solid_wave_vertices: 9) solid=[[47,6], [47,1], [47,0], [47,8], [47,3], [47,7], [47,5], [47,4], [47,2]] merged=[[49,7]] --- (Vertex8)[[48,4], [w47,2], [w47,1], [w47,6], [w47,4], [48,7], [48,3], [w47,8], [w47,5], [48,2], [48,1], [w47,0], [48,8], [48,5], [w47,3], [w47,7]] weak=[[w47,2], [w47,1], [w47,6], [w47,4], [w47,8], [w47,5], [w47,0], [w47,3], [w47,7]] (solid_wave_vertices: 9) solid=[[47,4], [47,6], [47,0], [47,7], [47,1], [47,2], [47,3], [47,5], [47,8]] merged=[[49,8]] --- (Vertex9)[[48,4], [w47,2], [w47,1], [w47,6], [w47,4], [48,7], [w47,9], [48,3], [w47,8], [w47,5], [48,2], [48,1], [w47,0], [48,8], [48,5], [w47,3], [w47,7]] weak=[[w47,2], [w47,1], [w47,6], [w47,4], [w47,9], [w47,8], [w47,5], [w47,0], [w47,3], [w47,7]] (solid_wave_vertices: 10) solid=[[47,7], [47,2], [47,0], [47,3], [47,4], [47,9], [47,6], [47,1], [47,5], [47,8]] merged=[[49,9]]
Round 50: (Vertex0)[[49,6], [49,3], [49,2], [49,7], [49,0], [49,1], [49,5]] (solid_wave_vertices: 7) solid=[[49,2], [49,0], [49,7], [49,1], [49,6], [49,5], [49,3]] merged=[[49,6], [49,2], [49,1], [49,3], [49,7], [49,0], [49,5]] --- (Vertex1)[[49,6], [49,3], [49,2], [49,7], [49,0], [49,1], [49,5]] (solid_wave_vertices: 7) solid=[[49,1], [49,0], [49,3], [49,6], [49,7], [49,5], [49,2]] merged=[[49,7], [49,2], [49,6], [49,5], [49,0], [49,1], [49,3]] --- (Vertex2)[[49,8], [49,4], [49,6], [49,3], [49,2], [49,7], [49,5]] (solid_wave_vertices: 7) solid=[[49,4], [49,5], [49,3], [49,2], [49,8], [49,6], [49,7]] merged=[[49,5], [49,7], [49,6], [49,4], [49,3], [49,8], [49,2]] --- (Vertex3)[[49,8], [49,4], [49,6], [49,3], [49,2], [49,7], [49,5]] (solid_wave_vertices: 7) solid=[[49,6], [49,8], [49,7], [49,2], [49,4], [49,3], [49,5]] merged=[[49,3], [49,4], [49,8], [49,2], [49,7], [49,6], [49,5]] --- (Vertex4)[[49,8], [49,4], [49,6], [49,3], [49,2], [49,7], [49,5]] (solid_wave_vertices: 7) solid=[[49,7], [49,6], [49,8], [49,3], [49,4], [49,5], [49,2]] merged=[[49,2], [49,8], [49,3], [49,5], [49,4], [49,7], [49,6]] --- (Vertex5)[[49,8], [49,4], [49,6], [49,3], [49,2], [49,7], [49,5]] (solid_wave_vertices: 7) solid=[[49,6], [49,8], [49,7], [49,4], [49,3], [49,2], [49,5]] merged=[[49,3], [49,2], [49,8], [49,4], [49,7], [49,6], [49,5]] --- (Vertex6)[[49,6], [49,3], [49,2], [49,7], [49,0], [49,1], [49,5]] (solid_wave_vertices: 7) solid=[[49,3], [49,0], [49,7], [49,5], [49,2], [49,6], [49,1]] merged=[[49,6], [49,1], [49,3], [49,2], [49,5], [49,0], [49,7]] --- (Vertex7)[[49,8], [49,4], [49,6], [49,3], [49,2], [49,7], [49,5]] (solid_wave_vertices: 7) solid=[[49,5], [49,4], [49,3], [49,7], [49,6], [49,2], [49,8]] merged=[[49,3], [49,4], [49,2], [49,5], [49,8], [49,6], [49,7]] --- (Vertex8)[[49,8], [49,4], [49,6], [49,3], [49,2], [49,7], [49,5]] (solid_wave_vertices: 7) solid=[[49,7], [49,3], [49,4], [49,2], [49,5], [49,8], [49,6]] merged=[[49,6], [49,5], [49,3], [49,4], [49,8], [49,7], [49,2]] --- (Vertex9)[[49,8], [49,4], [49,6], [49,7], [49,0], [49,1], [49,5]] (solid_wave_vertices: 7) solid=[[49,4], [49,1], [49,0], [49,7], [49,6], [49,5], [49,8]] merged=[[49,4], [49,5], [49,6], [49,8], [49,1], [49,7], [49,0]]
Round 51: (Vertex0)[[w49,8], [w49,4], [50,5], [w49,6], [50,2], [50,1], [w49,3], [50,6], [50,0], [w49,2], [w49,7], [w49,0], [50,3], [w49,1], [50,4], [w49,5]] weak=[[w49,8], [w49,4], [w49,6], [w49,3], [w49,2], [w49,7], [w49,0], [w49,1], [w49,5]] (solid_wave_vertices: 9) solid=[[49,7], [49,8], [49,4], [49,0], [49,2], [49,3], [49,1], [49,5], [49,6]] merged=[[51,0]] --- (Vertex1)[[w49,8], [w49,4], [50,5], [w49,6], [50,2], [50,1], [w49,3], [50,6], [50,0], [w49,2], [w49,7], [w49,0], [50,3], [w49,1], [50,4], [w49,5]] weak=[[w49,8], [w49,4], [w49,6], [w49,3], [w49,2], [w49,7], [w49,0], [w49,1], [w49,5]] (solid_wave_vertices: 9) solid=[[49,1], [49,7], [49,8], [49,2], [49,4], [49,6], [49,0], [49,5], [49,3]] merged=[[51,1]] --- (Vertex2)[[w49,8], [w49,4], [50,5], [w49,6], [50,2], [50,8], [50,1], [w49,3], [w49,2], [w49,7], [w49,0], [50,3], [w49,1], [50,7], [50,4], [w49,5]] weak=[[w49,8], [w49,4], [w49,6], [w49,3], [w49,2], [w49,7], [w49,0], [w49,1], [w49,5]] (solid_wave_vertices: 9) solid=[[49,8], [49,6], [49,0], [49,4], [49,5], [49,7], [49,1], [49,2], [49,3]] merged=[[51,2]] --- (Vertex3)[[w49,8], [w49,4], [50,5], [w49,6], [50,2], [50,8], [50,1], [w49,3], [w49,2], [w49,7], [w49,0], [50,3], [w49,1], [50,7], [50,4], [w49,5]] weak=[[w49,8], [w49,4], [w49,6], [w49,3], [w49,2], [w49,7], [w49,0], [w49,1], [w49,5]] (solid_wave_vertices: 9) solid=[[49,0], [49,7], [49,3], [49,2], [49,1], [49,4], [49,8], [49,6], [49,5]] merged=[[51,3]] --- (Vertex4)[[w49,8], [w49,4], [50,5], [w49,6], [50,2], [50,8], [50,1], [w49,3], [w49,2], [w49,7], [w49,0], [50,3], [w49,1], [50,7], [50,4], [w49,5]] weak=[[w49,8], [w49,4], [w49,6], [w49,3], [w49,2], [w49,7], [w49,0], [w49,1], [w49,5]] (solid_wave_vertices: 9) solid=[[49,4], [49,2], [49,1], [49,3], [49,6], [49,0], [49,8], [49,5], [49,7]] merged=[[51,4]] --- (Vertex5)[[w49,8], [w49,4], [50,5], [w49,6], [50,2], [50,8], [50,1], [w49,3], [w49,2], [w49,7], [w49,0], [50,3], [w49,1], [50,7], [50,4], [w49,5]] weak=[[w49,8], [w49,4], [w49,6], [w49,3], [w49,2], [w49,7], [w49,0], [w49,1], [w49,5]] (solid_wave_vertices: 9) solid=[[49,5], [49,8], [49,0], [49,2], [49,4], [49,3], [49,1], [49,6], [49,7]] merged=[[51,5]] --- (Vertex6)[[w49,8], [w49,4], [50,5], [w49,6], [50,2], [50,8], [50,1], [w49,3], [50,6], [50,0], [w49,2], [w49,7], [w49,0], [w49,1], [50,4], [w49,5]] weak=[[w49,8], [w49,4], [w49,6], [w49,3], [w49,2], [w49,7], [w49,0], [w49,1], [w49,5]] (solid_wave_vertices: 9) solid=[[49,1], [49,0], [49,2], [49,3], [49,4], [49,8], [49,5], [49,7], [49,6]] merged=[[51,6]] --- (Vertex7)[[w49,8], [w49,4], [50,5], [w49,6], [50,2], [50,8], [50,1], [w49,3], [w49,2], [w49,7], [w49,0], [50,3], [w49,1], [50,7], [50,4], [w49,5]] weak=[[w49,8], [w49,4], [w49,6], [w49,3], [w49,2], [w49,7], [w49,0], [w49,1], [w49,5]] (solid_wave_vertices: 9) solid=[[49,1], [49,3], [49,5], [49,2], [49,0], [49,6], [49,7], [49,4], [49,8]] merged=[[51,7]] --- (Vertex8)[[w49,8], [w49,4], [50,5], [w49,6], [50,2], [50,8], [50,1], [w49,3], [w49,2], [w49,7], [w49,0], [50,3], [w49,1], [50,7], [50,4], [w49,5]] weak=[[w49,8], [w49,4], [w49,6], [w49,3], [w49,2], [w49,7], [w49,0], [w49,1], [w49,5]] (solid_wave_vertices: 9) solid=[[49,5], [49,4], [49,2], [49,0], [49,6], [49,8], [49,7], [49,3], [49,1]] merged=[[51,8]] --- (Vertex9)[[w49,8], [w49,4], [w49,6], [50,2], [w49,9], [50,8], [50,1], [w49,3], [50,0], [w49,2], [w49,7], [w49,0], [50,3], [w49,1], [50,7], [50,4], [w49,5]] weak=[[w49,8], [w49,4], [w49,6], [w49,9], [w49,3], [w49,2], [w49,7], [w49,0], [w49,1], [w49,5]] (solid_wave_vertices: 10) solid=[[49,7], [49,4], [49,2], [49,5], [49,8], [49,0], [49,1], [49,9], [49,3], [49,6]] merged=[[51,9]]
Round 52: (Vertex0)[[51,8], [51,7], [51,5], [51,6], [51,1], [51,2], [51,0]] (solid_wave_vertices: 7) solid=[[51,0], [51,2], [51,5], [51,1], [51,6], [51,8], [51,7]] merged=[[51,1], [51,8], [51,5], [51,0], [51,6], [51,2], [51,7]] --- (Vertex1)[[51,8], [51,7], [51,5], [51,6], [51,1], [51,2], [51,0]] (solid_wave_vertices: 7) solid=[[51,7], [51,0], [51,8], [51,1], [51,5], [51,6], [51,2]] merged=[[51,1], [51,5], [51,6], [51,8], [51,2], [51,0], [51,7]] --- (Vertex2)[[51,8], [51,7], [51,4], [51,5], [51,6], [51,2], [51,3]] (solid_wave_vertices: 7) solid=[[51,5], [51,6], [51,7], [51,3], [51,4], [51,8], [51,2]] merged=[[51,5], [51,7], [51,6], [51,3], [51,2], [51,8], [51,4]] --- (Vertex3)[[51,8], [51,7], [51,4], [51,5], [51,6], [51,2], [51,3]] (solid_wave_vertices: 7) solid=[[51,8], [51,7], [51,4], [51,2], [51,3], [51,6], [51,5]] merged=[[51,2], [51,5], [51,7], [51,3], [51,8], [51,6], [51,4]] --- (Vertex4)[[51,8], [51,7], [51,4], [51,5], [51,6], [51,2], [51,3]] (solid_wave_vertices: 7) solid=[[51,4], [51,8], [51,7], [51,6], [51,2], [51,3], [51,5]] merged=[[51,6], [51,3], [51,2], [51,8], [51,5], [51,4], [51,7]] --- (Vertex5)[[51,8], [51,7], [51,4], [51,5], [51,6], [51,2], [51,3]] (solid_wave_vertices: 7) solid=[[51,6], [51,5], [51,7], [51,3], [51,2], [51,8], [51,4]] merged=[[51,2], [51,8], [51,4], [51,7], [51,6], [51,3], [51,5]] --- (Vertex6)[[51,8], [51,7], [51,5], [51,6], [51,1], [51,2], [51,0]] (solid_wave_vertices: 7) solid=[[51,1], [51,6], [51,5], [51,8], [51,2], [51,7], [51,0]] merged=[[51,6], [51,7], [51,1], [51,8], [51,0], [51,5], [51,2]] --- (Vertex7)[[51,8], [51,7], [51,4], [51,5], [51,6], [51,2], [51,3]] (solid_wave_vertices: 7) solid=[[51,4], [51,3], [51,6], [51,7], [51,2], [51,8], [51,5]] merged=[[51,6], [51,4], [51,7], [51,3], [51,8], [51,5], [51,2]] --- (Vertex8)[[51,8], [51,7], [51,4], [51,5], [51,6], [51,2], [51,3]] (solid_wave_vertices: 7) solid=[[51,3], [51,8], [51,2], [51,7], [51,6], [51,4], [51,5]] merged=[[51,5], [51,8], [51,7], [51,2], [51,6], [51,4], [51,3]] --- (Vertex9)[[51,8], [51,7], [51,5], [51,6], [51,1], [51,2], [51,0]] (solid_wave_vertices: 7) solid=[[51,5], [51,1], [51,2], [51,0], [51,7], [51,6], [51,8]] merged=[[51,6], [51,0], [51,5], [51,7], [51,8], [51,1], [51,2]]
Round 53: (Vertex0)[[52,3], [52,6], [w51,8], [w51,7], [52,5], [w51,4], [52,2], [w51,5], [w51,6], [52,0], [w51,1], [52,4], [w51,2], [w51,0], [52,1], [w51,3]] weak=[[w51,8], [w51,7], [w51,4], [w51,5], [w51,6], [w51,1], [w51,2], [w51,0], [w51,3]] (solid_wave_vertices: 9) solid=[[51,0], [51,2], [51,4], [51,6], [51,7], [51,1], [51,5], [51,3], [51,8]] merged=[[53,0]] --- (Vertex1)[[52,3], [52,6], [w51,8], [w51,7], [52,5], [w51,4], [52,2], [w51,5], [w51,6], [52,8], [52,0], [w51,1], [w51,2], [w51,0], [52,1], [w51,3]] weak=[[w51,8], [w51,7], [w51,4], [w51,5], [w51,6], [w51,1], [w51,2], [w51,0], [w51,3]] (solid_wave_vertices: 9) solid=[[51,1], [51,2], [51,8], [51,6], [51,3], [51,0], [51,5], [51,4], [51,7]] merged=[[53,1]] --- (Vertex2)[[52,3], [w51,8], [52,7], [w51,7], [52,5], [w51,4], [52,2], [w51,5], [w51,6], [52,8], [w51,1], [52,4], [w51,2], [w51,0], [52,1], [w51,3]] weak=[[w51,8], [w51,7], [w51,4], [w51,5], [w51,6], [w51,1], [w51,2], [w51,0], [w51,3]] (solid_wave_vertices: 9) solid=[[51,2], [51,6], [51,8], [51,5], [51,7], [51,1], [51,3], [51,0], [51,4]] merged=[[53,2]] --- (Vertex3)[[52,3], [w51,8], [52,7], [w51,7], [52,5], [w51,4], [52,2], [w51,5], [w51,6], [52,8], [w51,1], [52,4], [w51,2], [w51,0], [52,1], [w51,3]] weak=[[w51,8], [w51,7], [w51,4], [w51,5], [w51,6], [w51,1], [w51,2], [w51,0], [w51,3]] (solid_wave_vertices: 9) solid=[[51,4], [51,2], [51,1], [51,3], [51,6], [51,8], [51,7], [51,5], [51,0]] merged=[[53,3]] --- (Vertex4)[[52,3], [w51,8], [52,7], [w51,7], [52,5], [w51,4], [52,2], [w51,5], [w51,6], [52,8], [w51,1], [52,4], [w51,2], [w51,0], [52,1], [w51,3]] weak=[[w51,8], [w51,7], [w51,4], [w51,5], [w51,6], [w51,1], [w51,2], [w51,0], [w51,3]] (solid_wave_vertices: 9) solid=[[51,2], [51,1], [51,8], [51,7], [51,5], [51,6], [51,4], [51,0], [51,3]] merged=[[53,4]] --- (Vertex5)[[52,3], [w51,8], [52,7], [w51,7], [52,5], [w51,4], [52,2], [w51,5], [w51,6], [52,8], [w51,1], [52,4], [w51,2], [w51,0], [52,1], [w51,3]] weak=[[w51,8], [w51,7], [w51,4], [w51,5], [w51,6], [w51,1], [w51,2], [w51,0], [w51,3]] (solid_wave_vertices: 9) solid=[[51,4], [51,5], [51,0], [51,3], [51,7], [51,2], [51,8], [51,6], [51,1]] merged=[[53,5]] --- (Vertex6)[[52,3], [52,6], [w51,8], [w51,7], [52,5], [w51,4], [52,2], [w51,5], [w51,6], [52,0], [w51,1], [52,4], [w51,2], [w51,0], [52,1], [w51,3]] weak=[[w51,8], [w51,7], [w51,4], [w51,5], [w51,6], [w51,1], [w51,2], [w51,0], [w51,3]] (solid_wave_vertices: 9) solid=[[51,5], [51,7], [51,2], [51,6], [51,4], [51,8], [51,0], [51,3], [51,1]] merged=[[53,6]] --- (Vertex7)[[52,3], [w51,8], [52,7], [w51,7], [52,5], [w51,4], [52,2], [w51,5], [w51,6], [52,8], [w51,1], [52,4], [w51,2], [w51,0], [52,1], [w51,3]] weak=[[w51,8], [w51,7], [w51,4], [w51,5], [w51,6], [w51,1], [w51,2], [w51,0], [w51,3]] (solid_wave_vertices: 9) solid=[[51,8], [51,5], [51,2], [51,0], [51,4], [51,3], [51,1], [51,7], [51,6]] merged=[[53,7]] --- (Vertex8)[[52,3], [w51,8], [52,7], [w51,7], [52,5], [w51,4], [52,2], [w51,5], [w51,6], [52,8], [w51,1], [52,4], [w51,2], [w51,0], [52,1], [w51,3]] weak=[[w51,8], [w51,7], [w51,4], [w51,5], [w51,6], [w51,1], [w51,2], [w51,0], [w51,3]] (solid_wave_vertices: 9) solid=[[51,1], [51,7], [51,4], [51,0], [51,3], [51,2], [51,5], [51,8], [51,6]] merged=[[53,8]] --- (Vertex9)[[52,3], [52,6], [w51,8], [52,7], [w51,7], [52,5], [w51,4], [w51,5], [w51,9], [w51,6], [52,8], [52,0], [w51,1], [52,4], [w51,2], [w51,0], [w51,3]] weak=[[w51,8], [w51,7], [w51,4], [w51,5], [w51,9], [w51,6], [w51,1], [w51,2], [w51,0], [w51,3]] (solid_wave_vertices: 10) solid=[[51,2], [51,5], [51,3], [51,8], [51,6], [51,4], [51,0], [51,1], [51,9], [51,7]] merged=[[53,9]]
Round 54: (Vertex0)[[53,8], [53,5], [53,2], [53,1], [53,0], [53,7], [53,6]] (solid_wave_vertices: 7) solid=[[53,8], [53,1], [53,0], [53,7], [53,6], [53,5], [53,2]] merged=[[53,8], [53,1], [53,7], [53,2], [53,6], [53,0], [53,5]] --- (Vertex1)[[53,8], [53,5], [53,2], [53,1], [53,0], [53,7], [53,6]] (solid_wave_vertices: 7) solid=[[53,1], [53,8], [53,5], [53,6], [53,7], [53,0], [53,2]] merged=[[53,7], [53,5], [53,6], [53,0], [53,8], [53,2], [53,1]] --- (Vertex2)[[53,8], [53,5], [53,3], [53,4], [53,2], [53,7], [53,6]] (solid_wave_vertices: 7) solid=[[53,8], [53,7], [53,3], [53,5], [53,2], [53,6], [53,4]] merged=[[53,3], [53,7], [53,6], [53,2], [53,4], [53,8], [53,5]] --- (Vertex3)[[53,8], [53,5], [53,3], [53,4], [53,2], [53,7], [53,6]] (solid_wave_vertices: 7) solid=[[53,7], [53,8], [53,4], [53,5], [53,2], [53,6], [53,3]] merged=[[53,6], [53,5], [53,7], [53,8], [53,2], [53,4], [53,3]] --- (Vertex4)[[53,8], [53,5], [53,3], [53,4], [53,2], [53,7], [53,6]] (solid_wave_vertices: 7) solid=[[53,8], [53,6], [53,5], [53,2], [53,4], [53,3], [53,7]] merged=[[53,4], [53,7], [53,8], [53,5], [53,3], [53,2], [53,6]] --- (Vertex5)[[53,8], [53,5], [53,3], [53,4], [53,2], [53,7], [53,6]] (solid_wave_vertices: 7) solid=[[53,8], [53,3], [53,7], [53,5], [53,2], [53,4], [53,6]] merged=[[53,3], [53,8], [53,2], [53,5], [53,7], [53,4], [53,6]] --- (Vertex6)[[53,8], [53,5], [53,2], [53,1], [53,0], [53,7], [53,6]] (solid_wave_vertices: 7) solid=[[53,2], [53,1], [53,0], [53,8], [53,6], [53,5], [53,7]] merged=[[53,7], [53,8], [53,6], [53,2], [53,1], [53,0], [53,5]] --- (Vertex7)[[53,8], [53,5], [53,3], [53,4], [53,2], [53,7], [53,6]] (solid_wave_vertices: 7) solid=[[53,4], [53,7], [53,8], [53,3], [53,6], [53,5], [53,2]] merged=[[53,5], [53,6], [53,2], [53,3], [53,8], [53,7], [53,4]] --- (Vertex8)[[53,8], [53,5], [53,3], [53,4], [53,2], [53,7], [53,6]] (solid_wave_vertices: 7) solid=[[53,2], [53,3], [53,5], [53,6], [53,4], [53,7], [53,8]] merged=[[53,7], [53,5], [53,8], [53,6], [53,4], [53,2], [53,3]] --- (Vertex9)[[53,8], [53,5], [53,3], [53,2], [53,1], [53,0], [53,7]] (solid_wave_vertices: 7) solid=[[53,5], [53,8], [53,1], [53,0], [53,3], [53,7], [53,2]] merged=[[53,2], [53,8], [53,1], [53,5], [53,3], [53,0], [53,7]]
Round 55: (Vertex0)[[54,1], [w53,8], [w53,5], [54,7], [54,3], [w53,3], [w53,4], [54,0], [w53,2], [54,8], [w53,1], [54,6], [54,4], [w53,0], [w53,7], [w53,6]] weak=[[w53,8], [w53,5], [w53,3], [w53,4], [w53,2], [w53,1], [w53,0], [w53,7], [w53,6]] (solid_wave_vertices: 9) solid=[[53,5], [53,1], [53,0], [53,8], [53,4], [53,7], [53,3], [53,6], [53,2]] merged=[[55,0]] --- (Vertex1)[[54,1], [w53,8], [w53,5], [54,7], [54,3], [w53,3], [w53,4], [54,0], [w53,2], [54,8], [w53,1], [54,6], [54,4], [w53,0], [w53,7], [w53,6]] weak=[[w53,8], [w53,5], [w53,3], [w53,4], [w53,2], [w53,1], [w53,0], [w53,7], [w53,6]] (solid_wave_vertices: 9) solid=[[53,6], [53,0], [53,7], [53,2], [53,1], [53,4], [53,3], [53,5], [53,8]] merged=[[55,1]] --- (Vertex2)[[54,1], [w53,8], [w53,5], [54,7], [54,3], [w53,3], [w53,4], [w53,2], [54,5], [54,8], [w53,1], [54,2], [54,4], [w53,0], [w53,7], [w53,6]] weak=[[w53,8], [w53,5], [w53,3], [w53,4], [w53,2], [w53,1], [w53,0], [w53,7], [w53,6]] (solid_wave_vertices: 9) solid=[[53,7], [53,6], [53,4], [53,1], [53,3], [53,5], [53,8], [53,0], [53,2]] merged=[[55,2]] --- (Vertex3)[[54,1], [w53,8], [w53,5], [54,7], [54,3], [w53,3], [w53,4], [w53,2], [54,5], [54,8], [w53,1], [54,2], [54,4], [w53,0], [w53,7], [w53,6]] weak=[[w53,8], [w53,5], [w53,3], [w53,4], [w53,2], [w53,1], [w53,0], [w53,7], [w53,6]] (solid_wave_vertices: 9) solid=[[53,5], [53,2], [53,3], [53,6], [53,8], [53,4], [53,0], [53,1], [53,7]] merged=[[55,3]] --- (Vertex4)[[54,1], [w53,8], [w53,5], [54,7], [54,3], [w53,3], [w53,4], [w53,2], [54,5], [54,8], [w53,1], [54,2], [54,4], [w53,0], [w53,7], [w53,6]] weak=[[w53,8], [w53,5], [w53,3], [w53,4], [w53,2], [w53,1], [w53,0], [w53,7], [w53,6]] (solid_wave_vertices: 9) solid=[[53,4], [53,6], [53,8], [53,1], [53,7], [53,0], [53,5], [53,2], [53,3]] merged=[[55,4]] --- (Vertex5)[[54,1], [w53,8], [w53,5], [54,7], [54,3], [w53,3], [w53,4], [w53,2], [54,5], [54,8], [w53,1], [54,2], [54,4], [w53,0], [w53,7], [w53,6]] weak=[[w53,8], [w53,5], [w53,3], [w53,4], [w53,2], [w53,1], [w53,0], [w53,7], [w53,6]] (solid_wave_vertices: 9) solid=[[53,1], [53,4], [53,8], [53,6], [53,0], [53,2], [53,3], [53,5], [53,7]] merged=[[55,5]] --- (Vertex6)[[54,1], [w53,8], [w53,5], [54,7], [54,3], [w53,3], [w53,4], [54,0], [w53,2], [54,8], [w53,1], [54,6], [54,4], [w53,0], [w53,7], [w53,6]] weak=[[w53,8], [w53,5], [w53,3], [w53,4], [w53,2], [w53,1], [w53,0], [w53,7], [w53,6]] (solid_wave_vertices: 9) solid=[[53,2], [53,6], [53,3], [53,0], [53,5], [53,7], [53,8], [53,1], [53,4]] merged=[[55,6]] --- (Vertex7)[[54,1], [w53,8], [w53,5], [54,7], [54,3], [w53,3], [w53,4], [w53,2], [54,5], [54,8], [w53,1], [54,2], [54,4], [w53,0], [w53,7], [w53,6]] weak=[[w53,8], [w53,5], [w53,3], [w53,4], [w53,2], [w53,1], [w53,0], [w53,7], [w53,6]] (solid_wave_vertices: 9) solid=[[53,0], [53,2], [53,6], [53,8], [53,7], [53,3], [53,1], [53,5], [53,4]] merged=[[55,7]] --- (Vertex8)[[54,1], [w53,8], [w53,5], [54,7], [54,3], [w53,3], [w53,4], [w53,2], [54,5], [54,8], [w53,1], [54,2], [54,4], [w53,0], [w53,7], [w53,6]] weak=[[w53,8], [w53,5], [w53,3], [w53,4], [w53,2], [w53,1], [w53,0], [w53,7], [w53,6]] (solid_wave_vertices: 9) solid=[[53,0], [53,2], [53,4], [53,5], [53,6], [53,1], [53,7], [53,8], [53,3]] merged=[[55,8]] --- (Vertex9)[[54,1], [w53,8], [w53,5], [w53,9], [54,7], [54,3], [w53,3], [w53,4], [54,0], [w53,2], [54,8], [w53,1], [54,2], [54,6], [w53,0], [w53,7], [w53,6]] weak=[[w53,8], [w53,5], [w53,9], [w53,3], [w53,4], [w53,2], [w53,1], [w53,0], [w53,7], [w53,6]] (solid_wave_vertices: 10) solid=[[53,8], [53,1], [53,3], [53,7], [53,4], [53,0], [53,2], [53,6], [53,9], [53,5]] merged=[[55,9]]
Round 56: (Vertex0)[[55,7], [55,3], [55,0], [55,1], [55,6], [55,8], [55,2]] (solid_wave_vertices: 7) solid=[[55,3], [55,7], [55,8], [55,0], [55,6], [55,2], [55,1]] merged=[[55,6], [55,3], [55,8], [55,2], [55,7], [55,1], [55,0]] --- (Vertex1)[[55,7], [55,3], [55,0], [55,1], [55,6], [55,5], [55,2]] (solid_wave_vertices: 7) solid=[[55,5], [55,0], [55,2], [55,6], [55,1], [55,3], [55,7]] merged=[[55,3], [55,0], [55,1], [55,6], [55,7], [55,5], [55,2]] --- (Vertex2)[[55,7], [55,3], [55,0], [55,4], [55,8], [55,5], [55,2]] (solid_wave_vertices: 7) solid=[[55,2], [55,7], [55,4], [55,3], [55,0], [55,8], [55,5]] merged=[[55,7], [55,5], [55,3], [55,4], [55,2], [55,0], [55,8]] --- (Vertex3)[[55,7], [55,3], [55,0], [55,4], [55,8], [55,5], [55,2]] (solid_wave_vertices: 7) solid=[[55,5], [55,3], [55,8], [55,0], [55,7], [55,2], [55,4]] merged=[[55,5], [55,4], [55,3], [55,0], [55,2], [55,8], [55,7]] --- (Vertex4)[[55,7], [55,3], [55,0], [55,4], [55,8], [55,5], [55,2]] (solid_wave_vertices: 7) solid=[[55,8], [55,3], [55,7], [55,2], [55,4], [55,5], [55,0]] merged=[[55,2], [55,4], [55,5], [55,0], [55,8], [55,3], [55,7]] --- (Vertex5)[[55,7], [55,3], [55,0], [55,4], [55,8], [55,5], [55,2]] (solid_wave_vertices: 7) solid=[[55,4], [55,2], [55,3], [55,5], [55,7], [55,8], [55,0]] merged=[[55,0], [55,4], [55,7], [55,8], [55,3], [55,2], [55,5]] --- (Vertex6)[[55,7], [55,3], [55,0], [55,4], [55,1], [55,6], [55,5]] (solid_wave_vertices: 7) solid=[[55,1], [55,0], [55,4], [55,3], [55,6], [55,5], [55,7]] merged=[[55,5], [55,1], [55,3], [55,0], [55,7], [55,4], [55,6]] --- (Vertex7)[[55,7], [55,3], [55,0], [55,4], [55,8], [55,5], [55,2]] (solid_wave_vertices: 7) solid=[[55,0], [55,5], [55,3], [55,4], [55,8], [55,7], [55,2]] merged=[[55,3], [55,7], [55,8], [55,4], [55,5], [55,2], [55,0]] --- (Vertex8)[[55,7], [55,3], [55,0], [55,4], [55,8], [55,5], [55,2]] (solid_wave_vertices: 7) solid=[[55,4], [55,2], [55,8], [55,7], [55,3], [55,0], [55,5]] merged=[[55,3], [55,2], [55,4], [55,0], [55,8], [55,7], [55,5]] --- (Vertex9)[[55,3], [55,0], [55,4], [55,1], [55,6], [55,8], [55,2]] (solid_wave_vertices: 7) solid=[[55,6], [55,2], [55,1], [55,0], [55,8], [55,3], [55,4]] merged=[[55,4], [55,3], [55,6], [55,0], [55,8], [55,1], [55,2]]
Round 57: (Vertex0)[[w55,7], [w55,3], [w55,0], [w55,4], [56,2], [w55,1], [56,0], [w55,6], [w55,8], [56,1], [w55,5], [w55,2], [56,5], [56,8], [56,6], [56,3]] weak=[[w55,7], [w55,3], [w55,0], [w55,4], [w55,1], [w55,6], [w55,8], [w55,5], [w55,2]] (solid_wave_vertices: 9) solid=[[55,0], [55,4], [55,1], [55,8], [55,2], [55,7], [55,6], [55,3], [55,5]] merged=[[57,0]] --- (Vertex1)[[w55,7], [w55,3], [w55,0], [56,4], [w55,4], [56,2], [w55,1], [56,0], [w55,6], [w55,8], [56,1], [w55,5], [w55,2], [56,5], [56,8], [56,6]] weak=[[w55,7], [w55,3], [w55,0], [w55,4], [w55,1], [w55,6], [w55,8], [w55,5], [w55,2]] (solid_wave_vertices: 9) solid=[[55,1], [55,3], [55,5], [55,2], [55,4], [55,8], [55,7], [55,0], [55,6]] merged=[[57,1]] --- (Vertex2)[[w55,7], [w55,3], [w55,0], [56,4], [w55,4], [56,7], [56,2], [w55,1], [w55,6], [w55,8], [w55,5], [w55,2], [56,5], [56,8], [56,6], [56,3]] weak=[[w55,7], [w55,3], [w55,0], [w55,4], [w55,1], [w55,6], [w55,8], [w55,5], [w55,2]] (solid_wave_vertices: 9) solid=[[55,4], [55,1], [55,7], [55,2], [55,8], [55,0], [55,3], [55,5], [55,6]] merged=[[57,2]] --- (Vertex3)[[w55,7], [w55,3], [w55,0], [56,4], [w55,4], [56,7], [56,2], [w55,1], [w55,6], [w55,8], [w55,5], [w55,2], [56,5], [56,8], [56,6], [56,3]] weak=[[w55,7], [w55,3], [w55,0], [w55,4], [w55,1], [w55,6], [w55,8], [w55,5], [w55,2]] (solid_wave_vertices: 9) solid=[[55,8], [55,4], [55,5], [55,3], [55,7], [55,0], [55,6], [55,1], [55,2]] merged=[[57,3]] --- (Vertex4)[[w55,7], [w55,3], [w55,0], [56,4], [w55,4], [56,7], [56,2], [w55,1], [w55,6], [w55,8], [w55,5], [w55,2], [56,5], [56,8], [56,6], [56,3]] weak=[[w55,7], [w55,3], [w55,0], [w55,4], [w55,1], [w55,6], [w55,8], [w55,5], [w55,2]] (solid_wave_vertices: 9) solid=[[55,3], [55,1], [55,8], [55,0], [55,5], [55,4], [55,2], [55,6], [55,7]] merged=[[57,4]] --- (Vertex5)[[w55,7], [w55,3], [w55,0], [56,4], [w55,4], [56,7], [56,2], [w55,1], [w55,6], [w55,8], [w55,5], [w55,2], [56,5], [56,8], [56,6], [56,3]] weak=[[w55,7], [w55,3], [w55,0], [w55,4], [w55,1], [w55,6], [w55,8], [w55,5], [w55,2]] (solid_wave_vertices: 9) solid=[[55,0], [55,8], [55,1], [55,3], [55,5], [55,6], [55,4], [55,2], [55,7]] merged=[[57,5]] --- (Vertex6)[[w55,7], [w55,3], [w55,0], [w55,4], [56,2], [w55,1], [56,0], [w55,6], [w55,8], [56,1], [w55,5], [w55,2], [56,5], [56,8], [56,6], [56,3]] weak=[[w55,7], [w55,3], [w55,0], [w55,4], [w55,1], [w55,6], [w55,8], [w55,5], [w55,2]] (solid_wave_vertices: 9) solid=[[55,0], [55,8], [55,5], [55,2], [55,3], [55,1], [55,7], [55,4], [55,6]] merged=[[57,6]] --- (Vertex7)[[w55,7], [w55,3], [w55,0], [56,4], [w55,4], [56,7], [56,2], [w55,1], [w55,6], [w55,8], [w55,5], [w55,2], [56,5], [56,8], [56,6], [56,3]] weak=[[w55,7], [w55,3], [w55,0], [w55,4], [w55,1], [w55,6], [w55,8], [w55,5], [w55,2]] (solid_wave_vertices: 9) solid=[[55,5], [55,4], [55,7], [55,2], [55,0], [55,6], [55,1], [55,8], [55,3]] merged=[[57,7]] --- (Vertex8)[[w55,7], [w55,3], [w55,0], [56,4], [w55,4], [56,7], [56,2], [w55,1], [w55,6], [w55,8], [w55,5], [w55,2], [56,5], [56,8], [56,6], [56,3]] weak=[[w55,7], [w55,3], [w55,0], [w55,4], [w55,1], [w55,6], [w55,8], [w55,5], [w55,2]] (solid_wave_vertices: 9) solid=[[55,2], [55,7], [55,4], [55,6], [55,3], [55,5], [55,0], [55,1], [55,8]] merged=[[57,8]] --- (Vertex9)[[w55,7], [w55,3], [w55,0], [w55,4], [56,7], [w55,9], [56,2], [w55,1], [w55,6], [w55,8], [56,1], [w55,5], [w55,2], [56,5], [56,8], [56,6], [56,3]] weak=[[w55,7], [w55,3], [w55,0], [w55,4], [w55,9], [w55,1], [w55,6], [w55,8], [w55,5], [w55,2]] (solid_wave_vertices: 10) solid=[[55,7], [55,4], [55,1], [55,9], [55,3], [55,5], [55,6], [55,0], [55,2], [55,8]] merged=[[57,9]]
Round 58: (Vertex0)[[57,2], [57,3], [57,5], [57,4], [57,6], [57,1], [57,0]] (solid_wave_vertices: 7) solid=[[57,5], [57,3], [57,1], [57,0], [57,6], [57,4], [57,2]] merged=[[57,4], [57,5], [57,3], [57,6], [57,0], [57,1], [57,2]] --- (Vertex1)[[57,2], [57,3], [57,5], [57,4], [57,6], [57,1], [57,0]] (solid_wave_vertices: 7) solid=[[57,6], [57,5], [57,4], [57,1], [57,3], [57,0], [57,2]] merged=[[57,4], [57,2], [57,1], [57,6], [57,3], [57,5], [57,0]] --- (Vertex2)[[57,2], [57,3], [57,5], [57,4], [57,8], [57,7], [57,0]] (solid_wave_vertices: 7) solid=[[57,3], [57,0], [57,5], [57,4], [57,8], [57,7], [57,2]] merged=[[57,4], [57,0], [57,2], [57,7], [57,8], [57,3], [57,5]] --- (Vertex3)[[57,2], [57,3], [57,5], [57,4], [57,8], [57,7], [57,0]] (solid_wave_vertices: 7) solid=[[57,2], [57,7], [57,4], [57,0], [57,8], [57,3], [57,5]] merged=[[57,4], [57,8], [57,2], [57,0], [57,3], [57,5], [57,7]] --- (Vertex4)[[57,2], [57,3], [57,5], [57,4], [57,8], [57,7], [57,0]] (solid_wave_vertices: 7) solid=[[57,5], [57,7], [57,8], [57,3], [57,4], [57,2], [57,0]] merged=[[57,4], [57,7], [57,3], [57,2], [57,8], [57,0], [57,5]] --- (Vertex5)[[57,2], [57,3], [57,5], [57,4], [57,8], [57,7], [57,0]] (solid_wave_vertices: 7) solid=[[57,4], [57,2], [57,8], [57,3], [57,5], [57,7], [57,0]] merged=[[57,5], [57,7], [57,2], [57,8], [57,3], [57,0], [57,4]] --- (Vertex6)[[57,2], [57,3], [57,4], [57,6], [57,1], [57,8], [57,0]] (solid_wave_vertices: 7) solid=[[57,3], [57,0], [57,4], [57,2], [57,1], [57,6], [57,8]] merged=[[57,1], [57,0], [57,4], [57,8], [57,6], [57,2], [57,3]] --- (Vertex7)[[57,2], [57,3], [57,5], [57,4], [57,8], [57,7], [57,0]] (solid_wave_vertices: 7) solid=[[57,5], [57,2], [57,8], [57,4], [57,0], [57,3], [57,7]] merged=[[57,4], [57,5], [57,7], [57,8], [57,2], [57,3], [57,0]] --- (Vertex8)[[57,2], [57,3], [57,5], [57,4], [57,8], [57,7], [57,0]] (solid_wave_vertices: 7) solid=[[57,2], [57,8], [57,5], [57,7], [57,0], [57,4], [57,3]] merged=[[57,7], [57,3], [57,4], [57,8], [57,2], [57,5], [57,0]] --- (Vertex9)[[57,2], [57,3], [57,5], [57,6], [57,1], [57,8], [57,0]] (solid_wave_vertices: 7) solid=[[57,8], [57,2], [57,1], [57,0], [57,6], [57,5], [57,3]] merged=[[57,0], [57,6], [57,8], [57,5], [57,1], [57,2], [57,3]]
Round 59: (Vertex0)[[w57,2], [w57,3], [58,0], [w57,5], [w57,4], [58,5], [w57,6], [w57,1], [58,1], [58,4], [w57,8], [58,7], [w57,7], [58,6], [58,2], [w57,0]] weak=[[w57,2], [w57,3], [w57,5], [w57,4], [w57,6], [w57,1], [w57,8], [w57,7], [w57,0]] (solid_wave_vertices: 9) solid=[[57,1], [57,5], [57,2], [57,6], [57,7], [57,4], [57,8], [57,0], [57,3]] merged=[[59,0]] --- (Vertex1)[[w57,2], [w57,3], [58,0], [w57,5], [w57,4], [58,5], [w57,6], [w57,1], [58,1], [58,4], [w57,8], [58,7], [w57,7], [58,6], [58,2], [w57,0]] weak=[[w57,2], [w57,3], [w57,5], [w57,4], [w57,6], [w57,1], [w57,8], [w57,7], [w57,0]] (solid_wave_vertices: 9) solid=[[57,1], [57,6], [57,7], [57,3], [57,2], [57,0], [57,5], [57,8], [57,4]] merged=[[59,1]] --- (Vertex2)[[w57,2], [w57,3], [w57,5], [58,8], [w57,4], [58,5], [w57,6], [w57,1], [58,3], [58,4], [w57,8], [58,7], [w57,7], [58,6], [58,2], [w57,0]] weak=[[w57,2], [w57,3], [w57,5], [w57,4], [w57,6], [w57,1], [w57,8], [w57,7], [w57,0]] (solid_wave_vertices: 9) solid=[[57,1], [57,2], [57,3], [57,6], [57,7], [57,0], [57,4], [57,5], [57,8]] merged=[[59,2]] --- (Vertex3)[[w57,2], [w57,3], [w57,5], [58,8], [w57,4], [58,5], [w57,6], [w57,1], [58,3], [58,4], [w57,8], [58,7], [w57,7], [58,6], [58,2], [w57,0]] weak=[[w57,2], [w57,3], [w57,5], [w57,4], [w57,6], [w57,1], [w57,8], [w57,7], [w57,0]] (solid_wave_vertices: 9) solid=[[57,8], [57,7], [57,0], [57,2], [57,6], [57,3], [57,5], [57,4], [57,1]] merged=[[59,3]] --- (Vertex4)[[w57,2], [w57,3], [w57,5], [58,8], [w57,4], [58,5], [w57,6], [w57,1], [58,3], [58,4], [w57,8], [58,7], [w57,7], [58,6], [58,2], [w57,0]] weak=[[w57,2], [w57,3], [w57,5], [w57,4], [w57,6], [w57,1], [w57,8], [w57,7], [w57,0]] (solid_wave_vertices: 9) solid=[[57,8], [57,3], [57,4], [57,7], [57,1], [57,5], [57,6], [57,0], [57,2]] merged=[[59,4]] --- (Vertex5)[[w57,2], [w57,3], [w57,5], [58,8], [w57,4], [58,5], [w57,6], [w57,1], [58,3], [58,4], [w57,8], [58,7], [w57,7], [58,6], [58,2], [w57,0]] weak=[[w57,2], [w57,3], [w57,5], [w57,4], [w57,6], [w57,1], [w57,8], [w57,7], [w57,0]] (solid_wave_vertices: 9) solid=[[57,1], [57,8], [57,4], [57,6], [57,0], [57,7], [57,3], [57,2], [57,5]] merged=[[59,5]] --- (Vertex6)[[w57,2], [w57,3], [58,0], [w57,5], [w57,4], [58,5], [w57,6], [w57,1], [58,1], [58,4], [w57,8], [58,7], [w57,7], [58,6], [58,2], [w57,0]] weak=[[w57,2], [w57,3], [w57,5], [w57,4], [w57,6], [w57,1], [w57,8], [w57,7], [w57,0]] (solid_wave_vertices: 9) solid=[[57,6], [57,0], [57,2], [57,1], [57,7], [57,5], [57,8], [57,3], [57,4]] merged=[[59,6]] --- (Vertex7)[[w57,2], [w57,3], [w57,5], [58,8], [w57,4], [58,5], [w57,6], [w57,1], [58,3], [58,4], [w57,8], [58,7], [w57,7], [58,6], [58,2], [w57,0]] weak=[[w57,2], [w57,3], [w57,5], [w57,4], [w57,6], [w57,1], [w57,8], [w57,7], [w57,0]] (solid_wave_vertices: 9) solid=[[57,1], [57,6], [57,7], [57,3], [57,8], [57,5], [57,2], [57,0], [57,4]] merged=[[59,7]] --- (Vertex8)[[w57,2], [w57,3], [w57,5], [58,8], [w57,4], [58,5], [w57,6], [w57,1], [58,3], [58,4], [w57,8], [58,7], [w57,7], [58,6], [58,2], [w57,0]] weak=[[w57,2], [w57,3], [w57,5], [w57,4], [w57,6], [w57,1], [w57,8], [w57,7], [w57,0]] (solid_wave_vertices: 9) solid=[[57,2], [57,4], [57,7], [57,8], [57,3], [57,5], [57,1], [57,0], [57,6]] merged=[[59,8]] --- (Vertex9)[[w57,2], [w57,3], [58,0], [w57,5], [w57,4], [w57,9], [58,5], [w57,6], [w57,1], [58,3], [58,1], [w57,8], [58,7], [w57,7], [58,6], [58,2], [w57,0]] weak=[[w57,2], [w57,3], [w57,5], [w57,4], [w57,9], [w57,6], [w57,1], [w57,8], [w57,7], [w57,0]] (solid_wave_vertices: 10) solid=[[57,2], [57,7], [57,3], [57,4], [57,6], [57,8], [57,9], [57,5], [57,1], [57,0]] merged=[[59,9]]
Round 60: (Vertex0)[[59,1], [59,3], [59,6], [59,2], [59,5], [59,4], [59,0]] (solid_wave_vertices: 7) solid=[[59,4], [59,2], [59,3], [59,1], [59,0], [59,6], [59,5]] merged=[[59,4], [59,5], [59,6], [59,3], [59,1], [59,2], [59,0]] --- (Vertex1)[[59,1], [59,3], [59,6], [59,2], [59,5], [59,4], [59,0]] (solid_wave_vertices: 7) solid=[[59,6], [59,5], [59,0], [59,2], [59,1], [59,4], [59,3]] merged=[[59,0], [59,5], [59,3], [59,2], [59,6], [59,4], [59,1]] --- (Vertex2)[[59,1], [59,3], [59,8], [59,2], [59,5], [59,4], [59,7]] (solid_wave_vertices: 7) solid=[[59,1], [59,5], [59,2], [59,3], [59,4], [59,7], [59,8]] merged=[[59,7], [59,3], [59,4], [59,5], [59,8], [59,1], [59,2]] --- (Vertex3)[[59,1], [59,3], [59,8], [59,2], [59,5], [59,4], [59,7]] (solid_wave_vertices: 7) solid=[[59,4], [59,1], [59,2], [59,7], [59,8], [59,3], [59,5]] merged=[[59,8], [59,5], [59,7], [59,1], [59,4], [59,3], [59,2]] --- (Vertex4)[[59,1], [59,3], [59,8], [59,2], [59,5], [59,4], [59,7]] (solid_wave_vertices: 7) solid=[[59,3], [59,8], [59,5], [59,1], [59,2], [59,7], [59,4]] merged=[[59,1], [59,5], [59,3], [59,4], [59,7], [59,2], [59,8]] --- (Vertex5)[[59,1], [59,3], [59,8], [59,2], [59,5], [59,4], [59,7]] (solid_wave_vertices: 7) solid=[[59,1], [59,4], [59,7], [59,2], [59,3], [59,5], [59,8]] merged=[[59,7], [59,1], [59,4], [59,8], [59,3], [59,5], [59,2]] --- (Vertex6)[[59,1], [59,3], [59,8], [59,6], [59,2], [59,4], [59,0]] (solid_wave_vertices: 7) solid=[[59,4], [59,1], [59,2], [59,6], [59,8], [59,0], [59,3]] merged=[[59,8], [59,0], [59,4], [59,2], [59,1], [59,3], [59,6]] --- (Vertex7)[[59,1], [59,3], [59,8], [59,2], [59,5], [59,4], [59,7]] (solid_wave_vertices: 7) solid=[[59,4], [59,5], [59,7], [59,3], [59,8], [59,1], [59,2]] merged=[[59,4], [59,3], [59,1], [59,5], [59,2], [59,8], [59,7]] --- (Vertex8)[[59,1], [59,3], [59,8], [59,2], [59,5], [59,4], [59,7]] (solid_wave_vertices: 7) solid=[[59,1], [59,4], [59,5], [59,7], [59,3], [59,2], [59,8]] merged=[[59,2], [59,5], [59,7], [59,3], [59,8], [59,4], [59,1]] --- (Vertex9)[[59,1], [59,3], [59,8], [59,6], [59,5], [59,0], [59,7]] (solid_wave_vertices: 7) solid=[[59,3], [59,1], [59,0], [59,7], [59,5], [59,6], [59,8]] merged=[[59,3], [59,6], [59,5], [59,7], [59,0], [59,1], [59,8]]
Round 61: (Vertex0)[[w59,1], [w59,3], [w59,8], [60,8], [60,4], [60,1], [60,0], [w59,6], [w59,2], [w59,5], [60,6], [60,5], [w59,4], [w59,0], [60,7], [w59,7]] weak=[[w59,1], [w59,3], [w59,8], [w59,6], [w59,2], [w59,5], [w59,4], [w59,0], [w59,7]] (solid_wave_vertices: 9) solid=[[59,4], [59,1], [59,3], [59,7], [59,8], [59,2], [59,0], [59,5], [59,6]] merged=[[61,0]] --- (Vertex1)[[w59,1], [w59,3], [w59,8], [60,8], [60,4], [60,1], [60,0], [w59,6], [w59,2], [w59,5], [60,6], [60,5], [w59,4], [w59,0], [60,7], [w59,7]] weak=[[w59,1], [w59,3], [w59,8], [w59,6], [w59,2], [w59,5], [w59,4], [w59,0], [w59,7]] (solid_wave_vertices: 9) solid=[[59,7], [59,2], [59,6], [59,3], [59,5], [59,1], [59,8], [59,4], [59,0]] merged=[[61,1]] --- (Vertex2)[[w59,1], [w59,3], [60,3], [60,2], [w59,8], [60,8], [60,4], [60,0], [w59,6], [w59,2], [w59,5], [60,5], [w59,4], [w59,0], [60,7], [w59,7]] weak=[[w59,1], [w59,3], [w59,8], [w59,6], [w59,2], [w59,5], [w59,4], [w59,0], [w59,7]] (solid_wave_vertices: 9) solid=[[59,5], [59,1], [59,3], [59,7], [59,0], [59,6], [59,8], [59,4], [59,2]] merged=[[61,2]] --- (Vertex3)[[w59,1], [w59,3], [60,3], [60,2], [w59,8], [60,8], [60,4], [60,0], [w59,6], [w59,2], [w59,5], [60,5], [w59,4], [w59,0], [60,7], [w59,7]] weak=[[w59,1], [w59,3], [w59,8], [w59,6], [w59,2], [w59,5], [w59,4], [w59,0], [w59,7]] (solid_wave_vertices: 9) solid=[[59,4], [59,1], [59,7], [59,5], [59,2], [59,0], [59,8], [59,6], [59,3]] merged=[[61,3]] --- (Vertex4)[[w59,1], [w59,3], [60,3], [60,2], [w59,8], [60,8], [60,4], [60,0], [w59,6], [w59,2], [w59,5], [60,5], [w59,4], [w59,0], [60,7], [w59,7]] weak=[[w59,1], [w59,3], [w59,8], [w59,6], [w59,2], [w59,5], [w59,4], [w59,0], [w59,7]] (solid_wave_vertices: 9) solid=[[59,3], [59,2], [59,0], [59,1], [59,4], [59,6], [59,5], [59,8], [59,7]] merged=[[61,4]] --- (Vertex5)[[w59,1], [w59,3], [60,3], [60,2], [w59,8], [60,8], [60,4], [60,0], [w59,6], [w59,2], [w59,5], [60,5], [w59,4], [w59,0], [60,7], [w59,7]] weak=[[w59,1], [w59,3], [w59,8], [w59,6], [w59,2], [w59,5], [w59,4], [w59,0], [w59,7]] (solid_wave_vertices: 9) solid=[[59,0], [59,7], [59,2], [59,6], [59,5], [59,3], [59,8], [59,4], [59,1]] merged=[[61,5]] --- (Vertex6)[[w59,1], [w59,3], [w59,8], [60,8], [60,4], [60,1], [60,0], [w59,6], [w59,2], [w59,5], [60,6], [60,5], [w59,4], [w59,0], [60,7], [w59,7]] weak=[[w59,1], [w59,3], [w59,8], [w59,6], [w59,2], [w59,5], [w59,4], [w59,0], [w59,7]] (solid_wave_vertices: 9) solid=[[59,2], [59,6], [59,7], [59,5], [59,1], [59,8], [59,4], [59,0], [59,3]] merged=[[61,6]] --- (Vertex7)[[w59,1], [w59,3], [60,3], [60,2], [w59,8], [60,8], [60,4], [60,0], [w59,6], [w59,2], [w59,5], [60,5], [w59,4], [w59,0], [60,7], [w59,7]] weak=[[w59,1], [w59,3], [w59,8], [w59,6], [w59,2], [w59,5], [w59,4], [w59,0], [w59,7]] (solid_wave_vertices: 9) solid=[[59,1], [59,5], [59,3], [59,8], [59,0], [59,2], [59,6], [59,4], [59,7]] merged=[[61,7]] --- (Vertex8)[[w59,1], [w59,3], [60,3], [60,2], [w59,8], [60,8], [60,4], [60,0], [w59,6], [w59,2], [w59,5], [60,5], [w59,4], [w59,0], [60,7], [w59,7]] weak=[[w59,1], [w59,3], [w59,8], [w59,6], [w59,2], [w59,5], [w59,4], [w59,0], [w59,7]] (solid_wave_vertices: 9) solid=[[59,1], [59,6], [59,7], [59,2], [59,0], [59,5], [59,8], [59,3], [59,4]] merged=[[61,8]] --- (Vertex9)[[w59,1], [w59,3], [w59,8], [60,8], [60,4], [60,1], [60,0], [w59,6], [w59,9], [w59,2], [w59,5], [60,6], [60,5], [w59,4], [w59,0], [60,7], [w59,7]] weak=[[w59,1], [w59,3], [w59,8], [w59,6], [w59,9], [w59,2], [w59,5], [w59,4], [w59,0], [w59,7]] (solid_wave_vertices: 10) solid=[[59,4], [59,3], [59,6], [59,0], [59,7], [59,2], [59,1], [59,9], [59,5], [59,8]] merged=[[61,9]]
Round 62: (Vertex0)[[61,7], [61,0], [61,1], [61,3], [61,6], [61,4], [61,5]] (solid_wave_vertices: 7) solid=[[61,6], [61,7], [61,3], [61,1], [61,0], [61,5], [61,4]] merged=[[61,1], [61,0], [61,6], [61,5], [61,7], [61,3], [61,4]] --- (Vertex1)[[61,7], [61,0], [61,1], [61,3], [61,6], [61,4], [61,5]] (solid_wave_vertices: 7) solid=[[61,5], [61,4], [61,0], [61,1], [61,7], [61,3], [61,6]] merged=[[61,5], [61,1], [61,4], [61,3], [61,7], [61,6], [61,0]] --- (Vertex2)[[61,7], [61,8], [61,2], [61,3], [61,6], [61,4], [61,5]] (solid_wave_vertices: 7) solid=[[61,3], [61,2], [61,7], [61,6], [61,8], [61,5], [61,4]] merged=[[61,3], [61,6], [61,8], [61,4], [61,5], [61,2], [61,7]] --- (Vertex3)[[61,7], [61,8], [61,2], [61,3], [61,6], [61,4], [61,5]] (solid_wave_vertices: 7) solid=[[61,4], [61,3], [61,6], [61,8], [61,5], [61,2], [61,7]] merged=[[61,6], [61,8], [61,7], [61,2], [61,3], [61,5], [61,4]] --- (Vertex4)[[61,7], [61,8], [61,2], [61,3], [61,6], [61,4], [61,5]] (solid_wave_vertices: 7) solid=[[61,4], [61,2], [61,5], [61,7], [61,3], [61,6], [61,8]] merged=[[61,2], [61,4], [61,7], [61,5], [61,6], [61,3], [61,8]] --- (Vertex5)[[61,7], [61,8], [61,2], [61,3], [61,6], [61,4], [61,5]] (solid_wave_vertices: 7) solid=[[61,3], [61,7], [61,5], [61,4], [61,2], [61,6], [61,8]] merged=[[61,3], [61,8], [61,6], [61,5], [61,7], [61,4], [61,2]] --- (Vertex6)[[61,7], [61,0], [61,2], [61,1], [61,3], [61,6], [61,5]] (solid_wave_vertices: 7) solid=[[61,5], [61,3], [61,2], [61,0], [61,7], [61,6], [61,1]] merged=[[61,3], [61,1], [61,6], [61,0], [61,7], [61,2], [61,5]] --- (Vertex7)[[61,7], [61,8], [61,2], [61,3], [61,6], [61,4], [61,5]] (solid_wave_vertices: 7) solid=[[61,7], [61,5], [61,8], [61,6], [61,4], [61,2], [61,3]] merged=[[61,5], [61,7], [61,8], [61,6], [61,3], [61,4], [61,2]] --- (Vertex8)[[61,7], [61,8], [61,2], [61,3], [61,6], [61,4], [61,5]] (solid_wave_vertices: 7) solid=[[61,6], [61,8], [61,5], [61,3], [61,7], [61,4], [61,2]] merged=[[61,3], [61,7], [61,4], [61,6], [61,2], [61,8], [61,5]] --- (Vertex9)[[61,7], [61,0], [61,8], [61,1], [61,3], [61,6], [61,5]] (solid_wave_vertices: 7) solid=[[61,1], [61,6], [61,3], [61,8], [61,0], [61,5], [61,7]] merged=[[61,1], [61,7], [61,8], [61,0], [61,5], [61,6], [61,3]]
Round 63: (Vertex0)[[w61,7], [w61,0], [62,4], [62,8], [w61,8], [w61,2], [w61,1], [w61,3], [62,0], [w61,6], [62,1], [62,6], [62,2], [w61,4], [62,7], [w61,5]] weak=[[w61,7], [w61,0], [w61,8], [w61,2], [w61,1], [w61,3], [w61,6], [w61,4], [w61,5]] (solid_wave_vertices: 9) solid=[[61,7], [61,1], [61,8], [61,0], [61,5], [61,2], [61,6], [61,4], [61,3]] merged=[[63,0]] --- (Vertex1)[[w61,7], [w61,0], [62,4], [62,8], [w61,8], [w61,2], [w61,1], [w61,3], [62,0], [w61,6], [62,1], [62,6], [62,5], [w61,4], [62,7], [w61,5]] weak=[[w61,7], [w61,0], [w61,8], [w61,2], [w61,1], [w61,3], [w61,6], [w61,4], [w61,5]] (solid_wave_vertices: 9) solid=[[61,7], [61,2], [61,0], [61,4], [61,5], [61,1], [61,8], [61,6], [61,3]] merged=[[63,1]] --- (Vertex2)[[w61,7], [w61,0], [62,4], [62,8], [w61,8], [w61,2], [w61,1], [w61,3], [w61,6], [62,1], [62,5], [62,2], [w61,4], [62,7], [w61,5], [62,3]] weak=[[w61,7], [w61,0], [w61,8], [w61,2], [w61,1], [w61,3], [w61,6], [w61,4], [w61,5]] (solid_wave_vertices: 9) solid=[[61,1], [61,7], [61,0], [61,2], [61,6], [61,3], [61,4], [61,5], [61,8]] merged=[[63,2]] --- (Vertex3)[[w61,7], [w61,0], [62,4], [62,8], [w61,8], [w61,2], [w61,1], [w61,3], [w61,6], [62,1], [62,5], [62,2], [w61,4], [62,7], [w61,5], [62,3]] weak=[[w61,7], [w61,0], [w61,8], [w61,2], [w61,1], [w61,3], [w61,6], [w61,4], [w61,5]] (solid_wave_vertices: 9) solid=[[61,7], [61,3], [61,1], [61,5], [61,4], [61,8], [61,6], [61,0], [61,2]] merged=[[63,3]] --- (Vertex4)[[w61,7], [w61,0], [62,4], [62,8], [w61,8], [w61,2], [w61,1], [w61,3], [w61,6], [62,1], [62,5], [62,2], [w61,4], [62,7], [w61,5], [62,3]] weak=[[w61,7], [w61,0], [w61,8], [w61,2], [w61,1], [w61,3], [w61,6], [w61,4], [w61,5]] (solid_wave_vertices: 9) solid=[[61,5], [61,2], [61,3], [61,1], [61,0], [61,6], [61,7], [61,8], [61,4]] merged=[[63,4]] --- (Vertex5)[[w61,7], [w61,0], [62,4], [62,8], [w61,8], [w61,2], [w61,1], [w61,3], [62,0], [w61,6], [62,5], [62,2], [w61,4], [62,7], [w61,5], [62,3]] weak=[[w61,7], [w61,0], [w61,8], [w61,2], [w61,1], [w61,3], [w61,6], [w61,4], [w61,5]] (solid_wave_vertices: 9) solid=[[61,2], [61,0], [61,6], [61,7], [61,5], [61,1], [61,3], [61,4], [61,8]] merged=[[63,5]] --- (Vertex6)[[w61,7], [w61,0], [62,4], [w61,8], [w61,2], [w61,1], [w61,3], [62,0], [w61,6], [62,1], [62,6], [62,5], [62,2], [w61,4], [w61,5], [62,3]] weak=[[w61,7], [w61,0], [w61,8], [w61,2], [w61,1], [w61,3], [w61,6], [w61,4], [w61,5]] (solid_wave_vertices: 9) solid=[[61,4], [61,1], [61,5], [61,0], [61,8], [61,2], [61,3], [61,7], [61,6]] merged=[[63,6]] --- (Vertex7)[[w61,7], [w61,0], [62,4], [62,8], [w61,8], [w61,2], [w61,1], [w61,3], [w61,6], [62,1], [62,5], [62,2], [w61,4], [62,7], [w61,5], [62,3]] weak=[[w61,7], [w61,0], [w61,8], [w61,2], [w61,1], [w61,3], [w61,6], [w61,4], [w61,5]] (solid_wave_vertices: 9) solid=[[61,3], [61,2], [61,1], [61,5], [61,8], [61,6], [61,7], [61,0], [61,4]] merged=[[63,7]] --- (Vertex8)[[w61,7], [w61,0], [62,4], [62,8], [w61,8], [w61,2], [w61,1], [w61,3], [w61,6], [62,1], [62,5], [62,2], [w61,4], [62,7], [w61,5], [62,3]] weak=[[w61,7], [w61,0], [w61,8], [w61,2], [w61,1], [w61,3], [w61,6], [w61,4], [w61,5]] (solid_wave_vertices: 9) solid=[[61,6], [61,7], [61,1], [61,5], [61,4], [61,3], [61,0], [61,8], [61,2]] merged=[[63,8]] --- (Vertex9)[[w61,7], [w61,0], [62,4], [w61,8], [w61,2], [w61,1], [w61,3], [62,0], [w61,6], [62,1], [62,6], [62,5], [62,2], [w61,4], [62,7], [w61,5], [w61,9]] weak=[[w61,7], [w61,0], [w61,8], [w61,2], [w61,1], [w61,3], [w61,6], [w61,4], [w61,5], [w61,9]] (solid_wave_vertices: 10) solid=[[61,3], [61,6], [61,9], [61,1], [61,2], [61,0], [61,4], [61,8], [61,7], [61,5]] merged=[[63,9]]
Round 64: (Vertex0)[[63,4], [63,0], [63,5], [63,3], [63,1], [63,7], [63,6]] (solid_wave_vertices: 7) solid=[[63,0], [63,6], [63,4], [63,1], [63,3], [63,5], [63,7]] merged=[[63,7], [63,0], [63,4], [63,5], [63,3], [63,1], [63,6]] --- (Vertex1)[[63,4], [63,0], [63,5], [63,3], [63,1], [63,7], [63,6]] (solid_wave_vertices: 7) solid=[[63,1], [63,0], [63,7], [63,3], [63,6], [63,5], [63,4]] merged=[[63,4], [63,0], [63,5], [63,6], [63,3], [63,7], [63,1]] --- (Vertex2)[[63,4], [63,5], [63,3], [63,8], [63,7], [63,6], [63,2]] (solid_wave_vertices: 7) solid=[[63,2], [63,6], [63,4], [63,5], [63,7], [63,8], [63,3]] merged=[[63,8], [63,7], [63,6], [63,4], [63,3], [63,2], [63,5]] --- (Vertex3)[[63,4], [63,5], [63,3], [63,8], [63,7], [63,6], [63,2]] (solid_wave_vertices: 7) solid=[[63,8], [63,4], [63,3], [63,2], [63,7], [63,5], [63,6]] merged=[[63,4], [63,2], [63,5], [63,8], [63,6], [63,3], [63,7]] --- (Vertex4)[[63,4], [63,5], [63,3], [63,8], [63,7], [63,6], [63,2]] (solid_wave_vertices: 7) solid=[[63,4], [63,6], [63,5], [63,2], [63,3], [63,7], [63,8]] merged=[[63,8], [63,5], [63,6], [63,4], [63,3], [63,7], [63,2]] --- (Vertex5)[[63,4], [63,5], [63,3], [63,8], [63,7], [63,6], [63,2]] (solid_wave_vertices: 7) solid=[[63,8], [63,7], [63,6], [63,2], [63,3], [63,5], [63,4]] merged=[[63,7], [63,2], [63,5], [63,8], [63,4], [63,3], [63,6]] --- (Vertex6)[[63,4], [63,0], [63,5], [63,1], [63,7], [63,6], [63,2]] (solid_wave_vertices: 7) solid=[[63,4], [63,6], [63,7], [63,2], [63,0], [63,1], [63,5]] merged=[[63,5], [63,7], [63,1], [63,2], [63,0], [63,6], [63,4]] --- (Vertex7)[[63,4], [63,5], [63,3], [63,8], [63,7], [63,6], [63,2]] (solid_wave_vertices: 7) solid=[[63,4], [63,7], [63,6], [63,2], [63,5], [63,3], [63,8]] merged=[[63,3], [63,4], [63,5], [63,6], [63,8], [63,7], [63,2]] --- (Vertex8)[[63,4], [63,5], [63,3], [63,8], [63,7], [63,6], [63,2]] (solid_wave_vertices: 7) solid=[[63,5], [63,8], [63,3], [63,6], [63,2], [63,4], [63,7]] merged=[[63,8], [63,7], [63,2], [63,6], [63,3], [63,4], [63,5]] --- (Vertex9)[[63,4], [63,0], [63,5], [63,1], [63,7], [63,6], [63,2]] (solid_wave_vertices: 7) solid=[[63,5], [63,1], [63,4], [63,6], [63,7], [63,2], [63,0]] merged=[[63,5], [63,7], [63,4], [63,0], [63,6], [63,2], [63,1]]
Round 65: (Vertex0)[[64,8], [w63,4], [64,5], [w63,0], [w63,5], [64,7], [w63,3], [64,6], [64,2], [64,0], [w63,8], [w63,1], [w63,7], [64,1], [w63,6], [w63,2]] weak=[[w63,4], [w63,0], [w63,5], [w63,3], [w63,8], [w63,1], [w63,7], [w63,6], [w63,2]] (solid_wave_vertices: 9) solid=[[63,4], [63,2], [63,5], [63,1], [63,0], [63,7], [63,8], [63,3], [63,6]] merged=[[65,0]] --- (Vertex1)[[64,8], [w63,4], [w63,0], [w63,5], [64,7], [w63,3], [64,6], [64,2], [64,0], [w63,8], [w63,1], [w63,7], [64,1], [64,4], [w63,6], [w63,2]] weak=[[w63,4], [w63,0], [w63,5], [w63,3], [w63,8], [w63,1], [w63,7], [w63,6], [w63,2]] (solid_wave_vertices: 9) solid=[[63,8], [63,1], [63,0], [63,2], [63,5], [63,7], [63,4], [63,6], [63,3]] merged=[[65,1]] --- (Vertex2)[[64,8], [w63,4], [64,5], [w63,0], [w63,5], [64,7], [w63,3], [64,3], [64,2], [64,0], [w63,8], [w63,1], [w63,7], [64,4], [w63,6], [w63,2]] weak=[[w63,4], [w63,0], [w63,5], [w63,3], [w63,8], [w63,1], [w63,7], [w63,6], [w63,2]] (solid_wave_vertices: 9) solid=[[63,0], [63,6], [63,7], [63,2], [63,8], [63,3], [63,1], [63,5], [63,4]] merged=[[65,2]] --- (Vertex3)[[64,8], [w63,4], [64,5], [w63,0], [w63,5], [64,7], [w63,3], [64,3], [64,2], [64,0], [w63,8], [w63,1], [w63,7], [64,4], [w63,6], [w63,2]] weak=[[w63,4], [w63,0], [w63,5], [w63,3], [w63,8], [w63,1], [w63,7], [w63,6], [w63,2]] (solid_wave_vertices: 9) solid=[[63,5], [63,7], [63,3], [63,2], [63,0], [63,4], [63,8], [63,1], [63,6]] merged=[[65,3]] --- (Vertex4)[[64,8], [w63,4], [64,5], [w63,0], [w63,5], [64,7], [w63,3], [64,3], [64,2], [64,0], [w63,8], [w63,1], [w63,7], [64,4], [w63,6], [w63,2]] weak=[[w63,4], [w63,0], [w63,5], [w63,3], [w63,8], [w63,1], [w63,7], [w63,6], [w63,2]] (solid_wave_vertices: 9) solid=[[63,3], [63,4], [63,1], [63,5], [63,2], [63,8], [63,7], [63,0], [63,6]] merged=[[65,4]] --- (Vertex5)[[64,8], [w63,4], [64,5], [w63,0], [w63,5], [64,7], [w63,3], [64,3], [64,2], [64,0], [w63,8], [w63,1], [w63,7], [64,4], [w63,6], [w63,2]] weak=[[w63,4], [w63,0], [w63,5], [w63,3], [w63,8], [w63,1], [w63,7], [w63,6], [w63,2]] (solid_wave_vertices: 9) solid=[[63,7], [63,1], [63,2], [63,5], [63,6], [63,3], [63,8], [63,0], [63,4]] merged=[[65,5]] --- (Vertex6)[[64,8], [w63,4], [64,5], [w63,0], [w63,5], [w63,3], [64,6], [64,3], [64,2], [64,0], [w63,8], [w63,1], [w63,7], [64,1], [w63,6], [w63,2]] weak=[[w63,4], [w63,0], [w63,5], [w63,3], [w63,8], [w63,1], [w63,7], [w63,6], [w63,2]] (solid_wave_vertices: 9) solid=[[63,3], [63,5], [63,8], [63,2], [63,4], [63,7], [63,6], [63,0], [63,1]] merged=[[65,6]] --- (Vertex7)[[64,8], [w63,4], [64,5], [w63,0], [w63,5], [64,7], [w63,3], [64,3], [64,2], [64,0], [w63,8], [w63,1], [w63,7], [64,4], [w63,6], [w63,2]] weak=[[w63,4], [w63,0], [w63,5], [w63,3], [w63,8], [w63,1], [w63,7], [w63,6], [w63,2]] (solid_wave_vertices: 9) solid=[[63,8], [63,2], [63,6], [63,1], [63,7], [63,4], [63,0], [63,5], [63,3]] merged=[[65,7]] --- (Vertex8)[[64,8], [w63,4], [64,5], [w63,0], [w63,5], [64,7], [w63,3], [64,3], [64,2], [64,0], [w63,8], [w63,1], [w63,7], [64,4], [w63,6], [w63,2]] weak=[[w63,4], [w63,0], [w63,5], [w63,3], [w63,8], [w63,1], [w63,7], [w63,6], [w63,2]] (solid_wave_vertices: 9) solid=[[63,3], [63,4], [63,7], [63,1], [63,6], [63,5], [63,8], [63,2], [63,0]] merged=[[65,8]] --- (Vertex9)[[w63,4], [64,5], [w63,0], [w63,5], [w63,9], [64,7], [w63,3], [64,6], [64,3], [64,2], [w63,8], [w63,1], [w63,7], [64,1], [64,4], [w63,6], [w63,2]] weak=[[w63,4], [w63,0], [w63,5], [w63,9], [w63,3], [w63,8], [w63,1], [w63,7], [w63,6], [w63,2]] (solid_wave_vertices: 10) solid=[[63,5], [63,7], [63,2], [63,4], [63,3], [63,8], [63,6], [63,9], [63,0], [63,1]] merged=[[65,9]]
Round 66: (Vertex0)[[65,0], [65,1], [65,5], [65,3], [65,4], [65,6], [65,7]] (solid_wave_vertices: 7) solid=[[65,1], [65,6], [65,3], [65,7], [65,0], [65,5], [65,4]] merged=[[65,1], [65,7], [65,0], [65,5], [65,3], [65,4], [65,6]] --- (Vertex1)[[65,0], [65,1], [65,5], [65,4], [65,2], [65,6], [65,7]] (solid_wave_vertices: 7) solid=[[65,4], [65,5], [65,1], [65,7], [65,2], [65,6], [65,0]] merged=[[65,2], [65,1], [65,0], [65,7], [65,4], [65,5], [65,6]] --- (Vertex2)[[65,5], [65,3], [65,4], [65,2], [65,8], [65,6], [65,7]] (solid_wave_vertices: 7) solid=[[65,8], [65,4], [65,6], [65,5], [65,2], [65,3], [65,7]] merged=[[65,8], [65,2], [65,6], [65,4], [65,7], [65,3], [65,5]] --- (Vertex3)[[65,5], [65,3], [65,4], [65,2], [65,8], [65,6], [65,7]] (solid_wave_vertices: 7) solid=[[65,2], [65,8], [65,3], [65,7], [65,6], [65,4], [65,5]] merged=[[65,3], [65,5], [65,2], [65,7], [65,8], [65,6], [65,4]] --- (Vertex4)[[65,5], [65,3], [65,4], [65,2], [65,8], [65,6], [65,7]] (solid_wave_vertices: 7) solid=[[65,4], [65,2], [65,6], [65,5], [65,8], [65,7], [65,3]] merged=[[65,3], [65,5], [65,7], [65,2], [65,4], [65,6], [65,8]] --- (Vertex5)[[65,5], [65,3], [65,4], [65,2], [65,8], [65,6], [65,7]] (solid_wave_vertices: 7) solid=[[65,5], [65,7], [65,2], [65,4], [65,3], [65,8], [65,6]] merged=[[65,7], [65,5], [65,4], [65,8], [65,2], [65,6], [65,3]] --- (Vertex6)[[65,0], [65,1], [65,5], [65,4], [65,2], [65,6], [65,7]] (solid_wave_vertices: 7) solid=[[65,6], [65,0], [65,2], [65,7], [65,4], [65,1], [65,5]] merged=[[65,2], [65,5], [65,4], [65,6], [65,0], [65,1], [65,7]] --- (Vertex7)[[65,5], [65,3], [65,4], [65,2], [65,8], [65,6], [65,7]] (solid_wave_vertices: 7) solid=[[65,3], [65,8], [65,4], [65,5], [65,2], [65,6], [65,7]] merged=[[65,7], [65,8], [65,3], [65,4], [65,2], [65,5], [65,6]] --- (Vertex8)[[65,5], [65,3], [65,4], [65,2], [65,8], [65,6], [65,7]] (solid_wave_vertices: 7) solid=[[65,2], [65,4], [65,8], [65,7], [65,3], [65,6], [65,5]] merged=[[65,6], [65,3], [65,7], [65,8], [65,4], [65,5], [65,2]] --- (Vertex9)[[65,0], [65,1], [65,5], [65,4], [65,2], [65,6], [65,7]] (solid_wave_vertices: 7) solid=[[65,0], [65,7], [65,1], [65,4], [65,2], [65,5], [65,6]] merged=[[65,1], [65,5], [65,4], [65,2], [65,7], [65,0], [65,6]]
Round 67: (Vertex0)[[w65,0], [66,6], [66,1], [66,7], [w65,1], [w65,5], [w65,3], [66,2], [w65,4], [w65,2], [w65,8], [66,5], [66,0], [w65,6], [w65,7], [66,8]] weak=[[w65,0], [w65,1], [w65,5], [w65,3], [w65,4], [w65,2], [w65,8], [w65,6], [w65,7]] (solid_wave_vertices: 9) solid=[[65,8], [65,0], [65,6], [65,1], [65,2], [65,3], [65,7], [65,4], [65,5]] merged=[[67,0]] --- (Vertex1)[[w65,0], [66,6], [66,1], [66,7], [w65,1], [w65,5], [w65,3], [66,2], [w65,4], [w65,2], [w65,8], [66,5], [66,0], [w65,6], [w65,7], [66,8]] weak=[[w65,0], [w65,1], [w65,5], [w65,3], [w65,4], [w65,2], [w65,8], [w65,6], [w65,7]] (solid_wave_vertices: 9) solid=[[65,2], [65,4], [65,7], [65,6], [65,1], [65,8], [65,3], [65,5], [65,0]] merged=[[67,1]] --- (Vertex2)[[w65,0], [66,7], [w65,1], [66,3], [w65,5], [w65,3], [66,2], [w65,4], [w65,2], [w65,8], [66,4], [66,5], [66,0], [w65,6], [w65,7], [66,8]] weak=[[w65,0], [w65,1], [w65,5], [w65,3], [w65,4], [w65,2], [w65,8], [w65,6], [w65,7]] (solid_wave_vertices: 9) solid=[[65,1], [65,6], [65,7], [65,0], [65,8], [65,3], [65,5], [65,4], [65,2]] merged=[[67,2]] --- (Vertex3)[[w65,0], [66,7], [w65,1], [66,3], [w65,5], [w65,3], [66,2], [w65,4], [w65,2], [w65,8], [66,4], [66,5], [66,0], [w65,6], [w65,7], [66,8]] weak=[[w65,0], [w65,1], [w65,5], [w65,3], [w65,4], [w65,2], [w65,8], [w65,6], [w65,7]] (solid_wave_vertices: 9) solid=[[65,1], [65,4], [65,2], [65,3], [65,5], [65,8], [65,0], [65,6], [65,7]] merged=[[67,3]] --- (Vertex4)[[w65,0], [66,7], [w65,1], [66,3], [w65,5], [w65,3], [66,2], [w65,4], [w65,2], [w65,8], [66,4], [66,5], [66,0], [w65,6], [w65,7], [66,8]] weak=[[w65,0], [w65,1], [w65,5], [w65,3], [w65,4], [w65,2], [w65,8], [w65,6], [w65,7]] (solid_wave_vertices: 9) solid=[[65,3], [65,0], [65,1], [65,8], [65,2], [65,4], [65,7], [65,5], [65,6]] merged=[[67,4]] --- (Vertex5)[[w65,0], [66,7], [w65,1], [66,3], [w65,5], [w65,3], [66,2], [w65,4], [w65,2], [w65,8], [66,4], [66,5], [66,0], [w65,6], [w65,7], [66,8]] weak=[[w65,0], [w65,1], [w65,5], [w65,3], [w65,4], [w65,2], [w65,8], [w65,6], [w65,7]] (solid_wave_vertices: 9) solid=[[65,7], [65,5], [65,4], [65,1], [65,0], [65,6], [65,2], [65,3], [65,8]] merged=[[67,5]] --- (Vertex6)[[w65,0], [66,6], [66,1], [66,7], [w65,1], [66,3], [w65,5], [w65,3], [66,2], [w65,4], [w65,2], [w65,8], [66,5], [66,0], [w65,6], [w65,7]] weak=[[w65,0], [w65,1], [w65,5], [w65,3], [w65,4], [w65,2], [w65,8], [w65,6], [w65,7]] (solid_wave_vertices: 9) solid=[[65,0], [65,2], [65,1], [65,3], [65,4], [65,8], [65,5], [65,7], [65,6]] merged=[[67,6]] --- (Vertex7)[[w65,0], [66,7], [w65,1], [66,3], [w65,5], [w65,3], [66,2], [w65,4], [w65,2], [w65,8], [66,4], [66,5], [66,0], [w65,6], [w65,7], [66,8]] weak=[[w65,0], [w65,1], [w65,5], [w65,3], [w65,4], [w65,2], [w65,8], [w65,6], [w65,7]] (solid_wave_vertices: 9) solid=[[65,2], [65,5], [65,3], [65,1], [65,4], [65,0], [65,8], [65,6], [65,7]] merged=[[67,7]] --- (Vertex8)[[w65,0], [66,7], [w65,1], [66,3], [w65,5], [w65,3], [66,2], [w65,4], [w65,2], [w65,8], [66,4], [66,5], [66,0], [w65,6], [w65,7], [66,8]] weak=[[w65,0], [w65,1], [w65,5], [w65,3], [w65,4], [w65,2], [w65,8], [w65,6], [w65,7]] (solid_wave_vertices: 9) solid=[[65,7], [65,2], [65,4], [65,8], [65,1], [65,6], [65,3], [65,0], [65,5]] merged=[[67,8]] --- (Vertex9)[[w65,0], [66,6], [66,7], [w65,1], [66,3], [w65,5], [w65,9], [w65,3], [66,2], [w65,4], [w65,2], [w65,8], [66,4], [66,0], [w65,6], [w65,7], [66,8]] weak=[[w65,0], [w65,1], [w65,5], [w65,9], [w65,3], [w65,4], [w65,2], [w65,8], [w65,6], [w65,7]] (solid_wave_vertices: 10) solid=[[65,7], [65,8], [65,3], [65,9], [65,4], [65,6], [65,2], [65,1], [65,0], [65,5]] merged=[[67,9]]
Round 68: (Vertex0)[[67,5], [67,1], [67,3], [67,0], [67,6], [67,4], [67,7]] (solid_wave_vertices: 7) solid=[[67,1], [67,7], [67,6], [67,4], [67,0], [67,5], [67,3]] merged=[[67,4], [67,7], [67,1], [67,3], [67,5], [67,0], [67,6]] --- (Vertex1)[[67,5], [67,1], [67,2], [67,0], [67,6], [67,4], [67,7]] (solid_wave_vertices: 7) solid=[[67,7], [67,2], [67,6], [67,1], [67,0], [67,4], [67,5]] merged=[[67,4], [67,2], [67,5], [67,1], [67,7], [67,6], [67,0]] --- (Vertex2)[[67,5], [67,3], [67,2], [67,6], [67,4], [67,7], [67,8]] (solid_wave_vertices: 7) solid=[[67,6], [67,2], [67,3], [67,8], [67,7], [67,4], [67,5]] merged=[[67,4], [67,6], [67,3], [67,7], [67,8], [67,2], [67,5]] --- (Vertex3)[[67,5], [67,3], [67,2], [67,6], [67,4], [67,7], [67,8]] (solid_wave_vertices: 7) solid=[[67,4], [67,5], [67,2], [67,3], [67,6], [67,8], [67,7]] merged=[[67,8], [67,7], [67,5], [67,3], [67,2], [67,4], [67,6]] --- (Vertex4)[[67,5], [67,3], [67,2], [67,6], [67,4], [67,7], [67,8]] (solid_wave_vertices: 7) solid=[[67,2], [67,8], [67,4], [67,6], [67,5], [67,3], [67,7]] merged=[[67,8], [67,6], [67,3], [67,7], [67,4], [67,2], [67,5]] --- (Vertex5)[[67,5], [67,3], [67,2], [67,6], [67,4], [67,7], [67,8]] (solid_wave_vertices: 7) solid=[[67,6], [67,8], [67,5], [67,3], [67,4], [67,7], [67,2]] merged=[[67,8], [67,5], [67,6], [67,2], [67,7], [67,3], [67,4]] --- (Vertex6)[[67,5], [67,1], [67,2], [67,0], [67,6], [67,4], [67,8]] (solid_wave_vertices: 7) solid=[[67,5], [67,4], [67,2], [67,6], [67,0], [67,1], [67,8]] merged=[[67,2], [67,6], [67,5], [67,8], [67,1], [67,0], [67,4]] --- (Vertex7)[[67,5], [67,3], [67,2], [67,6], [67,4], [67,7], [67,8]] (solid_wave_vertices: 7) solid=[[67,2], [67,8], [67,7], [67,6], [67,3], [67,4], [67,5]] merged=[[67,6], [67,7], [67,2], [67,3], [67,5], [67,4], [67,8]] --- (Vertex8)[[67,5], [67,3], [67,2], [67,6], [67,4], [67,7], [67,8]] (solid_wave_vertices: 7) solid=[[67,2], [67,3], [67,8], [67,7], [67,5], [67,4], [67,6]] merged=[[67,8], [67,5], [67,4], [67,2], [67,7], [67,3], [67,6]] --- (Vertex9)[[67,5], [67,1], [67,3], [67,2], [67,4], [67,7], [67,8]] (solid_wave_vertices: 7) solid=[[67,3], [67,8], [67,7], [67,1], [67,2], [67,4], [67,5]] merged=[[67,8], [67,3], [67,4], [67,5], [67,1], [67,2], [67,7]]
Round 69: (Vertex0)[[68,1], [68,0], [w67,5], [w67,1], [68,2], [68,7], [w67,3], [w67,2], [w67,0], [68,6], [68,8], [68,5], [w67,6], [w67,4], [w67,7], [w67,8]] weak=[[w67,5], [w67,1], [w67,3], [w67,2], [w67,0], [w67,6], [w67,4], [w67,7], [w67,8]] (solid_wave_vertices: 9) solid=[[67,4], [67,2], [67,1], [67,6], [67,8], [67,3], [67,5], [67,7], [67,0]] merged=[[69,0]] --- (Vertex1)[[68,1], [68,0], [w67,5], [w67,1], [68,2], [68,7], [w67,3], [w67,2], [w67,0], [68,6], [68,8], [68,5], [w67,6], [w67,4], [w67,7], [w67,8]] weak=[[w67,5], [w67,1], [w67,3], [w67,2], [w67,0], [w67,6], [w67,4], [w67,7], [w67,8]] (solid_wave_vertices: 9) solid=[[67,1], [67,2], [67,0], [67,5], [67,7], [67,8], [67,6], [67,4], [67,3]] merged=[[69,1]] --- (Vertex2)[[68,0], [w67,5], [w67,1], [68,2], [68,7], [w67,3], [w67,2], [w67,0], [68,4], [68,8], [68,3], [68,5], [w67,6], [w67,4], [w67,7], [w67,8]] weak=[[w67,5], [w67,1], [w67,3], [w67,2], [w67,0], [w67,6], [w67,4], [w67,7], [w67,8]] (solid_wave_vertices: 9) solid=[[67,3], [67,7], [67,1], [67,4], [67,2], [67,6], [67,0], [67,8], [67,5]] merged=[[69,2]] --- (Vertex3)[[68,0], [w67,5], [w67,1], [68,2], [68,7], [w67,3], [w67,2], [w67,0], [68,4], [68,8], [68,3], [68,5], [w67,6], [w67,4], [w67,7], [w67,8]] weak=[[w67,5], [w67,1], [w67,3], [w67,2], [w67,0], [w67,6], [w67,4], [w67,7], [w67,8]] (solid_wave_vertices: 9) solid=[[67,2], [67,3], [67,8], [67,7], [67,0], [67,6], [67,1], [67,5], [67,4]] merged=[[69,3]] --- (Vertex4)[[68,0], [w67,5], [w67,1], [68,2], [68,7], [w67,3], [w67,2], [w67,0], [68,4], [68,8], [68,3], [68,5], [w67,6], [w67,4], [w67,7], [w67,8]] weak=[[w67,5], [w67,1], [w67,3], [w67,2], [w67,0], [w67,6], [w67,4], [w67,7], [w67,8]] (solid_wave_vertices: 9) solid=[[67,0], [67,8], [67,1], [67,5], [67,2], [67,3], [67,7], [67,4], [67,6]] merged=[[69,4]] --- (Vertex5)[[68,0], [w67,5], [w67,1], [68,2], [68,7], [w67,3], [w67,2], [w67,0], [68,4], [68,8], [68,3], [68,5], [w67,6], [w67,4], [w67,7], [w67,8]] weak=[[w67,5], [w67,1], [w67,3], [w67,2], [w67,0], [w67,6], [w67,4], [w67,7], [w67,8]] (solid_wave_vertices: 9) solid=[[67,6], [67,4], [67,5], [67,8], [67,2], [67,3], [67,1], [67,0], [67,7]] merged=[[69,5]] --- (Vertex6)[[68,1], [68,0], [w67,5], [w67,1], [68,2], [w67,3], [w67,2], [w67,0], [68,6], [68,8], [68,3], [68,5], [w67,6], [w67,4], [w67,7], [w67,8]] weak=[[w67,5], [w67,1], [w67,3], [w67,2], [w67,0], [w67,6], [w67,4], [w67,7], [w67,8]] (solid_wave_vertices: 9) solid=[[67,5], [67,6], [67,7], [67,0], [67,8], [67,3], [67,2], [67,1], [67,4]] merged=[[69,6]] --- (Vertex7)[[68,0], [w67,5], [w67,1], [68,2], [68,7], [w67,3], [w67,2], [w67,0], [68,4], [68,8], [68,3], [68,5], [w67,6], [w67,4], [w67,7], [w67,8]] weak=[[w67,5], [w67,1], [w67,3], [w67,2], [w67,0], [w67,6], [w67,4], [w67,7], [w67,8]] (solid_wave_vertices: 9) solid=[[67,1], [67,7], [67,2], [67,8], [67,4], [67,5], [67,6], [67,0], [67,3]] merged=[[69,7]] --- (Vertex8)[[68,0], [w67,5], [w67,1], [68,2], [68,7], [w67,3], [w67,2], [w67,0], [68,4], [68,8], [68,3], [68,5], [w67,6], [w67,4], [w67,7], [w67,8]] weak=[[w67,5], [w67,1], [w67,3], [w67,2], [w67,0], [w67,6], [w67,4], [w67,7], [w67,8]] (solid_wave_vertices: 9) solid=[[67,8], [67,5], [67,3], [67,2], [67,1], [67,0], [67,6], [67,7], [67,4]] merged=[[69,8]] --- (Vertex9)[[68,1], [w67,9], [68,0], [w67,5], [w67,1], [68,2], [68,7], [w67,3], [w67,2], [w67,0], [68,4], [68,8], [68,5], [w67,6], [w67,4], [w67,7], [w67,8]] weak=[[w67,9], [w67,5], [w67,1], [w67,3], [w67,2], [w67,0], [w67,6], [w67,4], [w67,7], [w67,8]] (solid_wave_vertices: 10) solid=[[67,1], [67,4], [67,8], [67,2], [67,9], [67,7], [67,5], [67,0], [67,6], [67,3]] merged=[[69,9]]
Round 70: (Vertex0)[[69,1], [69,3], [69,5], [69,8], [69,4], [69,2], [69,0]] (solid_wave_vertices: 7) solid=[[69,5], [69,1], [69,4], [69,3], [69,0], [69,2], [69,8]] merged=[[69,0], [69,5], [69,4], [69,3], [69,8], [69,2], [69,1]] --- (Vertex1)[[69,1], [69,3], [69,5], [69,8], [69,4], [69,2], [69,0]] (solid_wave_vertices: 7) solid=[[69,5], [69,4], [69,3], [69,0], [69,8], [69,1], [69,2]] merged=[[69,1], [69,0], [69,4], [69,8], [69,5], [69,2], [69,3]] --- (Vertex2)[[69,1], [69,3], [69,5], [69,7], [69,8], [69,4], [69,2]] (solid_wave_vertices: 7) solid=[[69,5], [69,1], [69,7], [69,4], [69,2], [69,8], [69,3]] merged=[[69,2], [69,7], [69,3], [69,4], [69,1], [69,8], [69,5]] --- (Vertex3)[[69,1], [69,3], [69,5], [69,7], [69,8], [69,4], [69,2]] (solid_wave_vertices: 7) solid=[[69,1], [69,8], [69,7], [69,5], [69,2], [69,3], [69,4]] merged=[[69,7], [69,3], [69,1], [69,5], [69,4], [69,2], [69,8]] --- (Vertex4)[[69,1], [69,3], [69,5], [69,7], [69,8], [69,4], [69,2]] (solid_wave_vertices: 7) solid=[[69,8], [69,1], [69,4], [69,7], [69,5], [69,2], [69,3]] merged=[[69,1], [69,3], [69,5], [69,2], [69,8], [69,7], [69,4]] --- (Vertex5)[[69,1], [69,3], [69,5], [69,7], [69,8], [69,4], [69,2]] (solid_wave_vertices: 7) solid=[[69,5], [69,3], [69,7], [69,4], [69,8], [69,1], [69,2]] merged=[[69,4], [69,2], [69,3], [69,7], [69,8], [69,5], [69,1]] --- (Vertex6)[[69,1], [69,3], [69,5], [69,7], [69,6], [69,8], [69,4], [69,2], [69,0]] (solid_wave_vertices: 9) solid=[[69,8], [69,1], [69,5], [69,4], [69,7], [69,6], [69,0], [69,2], [69,3]] merged=[[69,1], [69,4], [69,2], [69,7], [69,3], [69,5], [69,6], [69,8], [69,0]] --- (Vertex7)[[69,1], [69,3], [69,5], [69,7], [69,8], [69,4], [69,2]] (solid_wave_vertices: 7) solid=[[69,2], [69,3], [69,1], [69,8], [69,7], [69,5], [69,4]] merged=[[69,4], [69,5], [69,1], [69,7], [69,3], [69,8], [69,2]] --- (Vertex8)[[69,1], [69,3], [69,5], [69,7], [69,8], [69,4], [69,2]] (solid_wave_vertices: 7) solid=[[69,8], [69,5], [69,7], [69,4], [69,1], [69,2], [69,3]] merged=[[69,5], [69,1], [69,4], [69,7], [69,8], [69,3], [69,2]] --- (Vertex9)[[69,1], [69,3], [69,5], [69,7], [69,4], [69,2], [69,0]] (solid_wave_vertices: 7) solid=[[69,4], [69,7], [69,0], [69,2], [69,5], [69,3], [69,1]] merged=[[69,2], [69,3], [69,0], [69,5], [69,7], [69,4], [69,1]]
Round 71: (Vertex0)[[w69,1], [w69,3], [70,7], [w69,5], [70,8], [w69,7], [70,5], [70,1], [70,0], [w69,6], [70,3], [w69,8], [w69,4], [w69,2], [70,2], [w69,0]] weak=[[w69,1], [w69,3], [w69,5], [w69,7], [w69,6], [w69,8], [w69,4], [w69,2], [w69,0]] (solid_wave_vertices: 9) solid=[[69,7], [69,2], [69,5], [69,6], [69,4], [69,3], [69,1], [69,8], [69,0]] merged=[[71,0]] --- (Vertex1)[[w69,1], [w69,3], [70,7], [w69,5], [70,8], [w69,7], [70,5], [70,1], [70,0], [w69,6], [70,3], [w69,8], [w69,4], [w69,2], [70,2], [w69,0]] weak=[[w69,1], [w69,3], [w69,5], [w69,7], [w69,6], [w69,8], [w69,4], [w69,2], [w69,0]] (solid_wave_vertices: 9) solid=[[69,8], [69,3], [69,4], [69,6], [69,1], [69,2], [69,0], [69,7], [69,5]] merged=[[71,1]] --- (Vertex2)[[w69,1], [w69,3], [70,7], [w69,5], [70,8], [w69,7], [70,5], [70,4], [70,0], [w69,6], [70,3], [w69,8], [w69,4], [w69,2], [70,2], [w69,0]] weak=[[w69,1], [w69,3], [w69,5], [w69,7], [w69,6], [w69,8], [w69,4], [w69,2], [w69,0]] (solid_wave_vertices: 9) solid=[[69,4], [69,2], [69,0], [69,1], [69,3], [69,6], [69,8], [69,7], [69,5]] merged=[[71,2]] --- (Vertex3)[[w69,1], [w69,3], [70,7], [w69,5], [70,8], [w69,7], [70,5], [70,4], [70,0], [w69,6], [70,3], [w69,8], [w69,4], [w69,2], [70,2], [w69,0]] weak=[[w69,1], [w69,3], [w69,5], [w69,7], [w69,6], [w69,8], [w69,4], [w69,2], [w69,0]] (solid_wave_vertices: 9) solid=[[69,0], [69,2], [69,8], [69,7], [69,3], [69,1], [69,5], [69,6], [69,4]] merged=[[71,3]] --- (Vertex4)[[w69,1], [w69,3], [70,7], [w69,5], [70,8], [w69,7], [70,5], [70,4], [70,0], [w69,6], [70,3], [w69,8], [w69,4], [w69,2], [70,2], [w69,0]] weak=[[w69,1], [w69,3], [w69,5], [w69,7], [w69,6], [w69,8], [w69,4], [w69,2], [w69,0]] (solid_wave_vertices: 9) solid=[[69,0], [69,8], [69,2], [69,7], [69,3], [69,1], [69,4], [69,5], [69,6]] merged=[[71,4]] --- (Vertex5)[[w69,1], [w69,3], [70,7], [w69,5], [70,8], [w69,7], [70,5], [70,4], [70,0], [w69,6], [70,3], [w69,8], [w69,4], [w69,2], [70,2], [w69,0]] weak=[[w69,1], [w69,3], [w69,5], [w69,7], [w69,6], [w69,8], [w69,4], [w69,2], [w69,0]] (solid_wave_vertices: 9) solid=[[69,5], [69,3], [69,8], [69,2], [69,0], [69,7], [69,1], [69,6], [69,4]] merged=[[71,5]] --- (Vertex6)[[w69,1], [w69,3], [70,7], [w69,5], [70,8], [w69,7], [70,5], [70,1], [70,4], [70,6], [70,0], [w69,6], [70,3], [w69,8], [w69,4], [w69,2], [70,2], [w69,0]] weak=[[w69,1], [w69,3], [w69,5], [w69,7], [w69,6], [w69,8], [w69,4], [w69,2], [w69,0]] (solid_wave_vertices: 9) solid=[[69,3], [69,2], [69,1], [69,5], [69,4], [69,0], [69,8], [69,6], [69,7]] merged=[[71,6]] --- (Vertex7)[[w69,1], [w69,3], [70,7], [w69,5], [70,8], [w69,7], [70,5], [70,4], [70,0], [w69,6], [70,3], [w69,8], [w69,4], [w69,2], [70,2], [w69,0]] weak=[[w69,1], [w69,3], [w69,5], [w69,7], [w69,6], [w69,8], [w69,4], [w69,2], [w69,0]] (solid_wave_vertices: 9) solid=[[69,2], [69,7], [69,6], [69,4], [69,3], [69,1], [69,5], [69,0], [69,8]] merged=[[71,7]] --- (Vertex8)[[w69,1], [w69,3], [70,7], [w69,5], [70,8], [w69,7], [70,5], [70,4], [70,0], [w69,6], [70,3], [w69,8], [w69,4], [w69,2], [70,2], [w69,0]] weak=[[w69,1], [w69,3], [w69,5], [w69,7], [w69,6], [w69,8], [w69,4], [w69,2], [w69,0]] (solid_wave_vertices: 9) solid=[[69,1], [69,5], [69,2], [69,4], [69,7], [69,0], [69,3], [69,6], [69,8]] merged=[[71,8]] --- (Vertex9)[[w69,1], [w69,3], [70,7], [w69,5], [70,8], [w69,7], [70,5], [70,1], [70,4], [70,0], [w69,6], [70,3], [w69,8], [w69,4], [w69,9], [w69,2], [w69,0]] weak=[[w69,1], [w69,3], [w69,5], [w69,7], [w69,6], [w69,8], [w69,4], [w69,9], [w69,2], [w69,0]] (solid_wave_vertices: 10) solid=[[69,3], [69,4], [69,2], [69,5], [69,8], [69,0], [69,9], [69,1], [69,7], [69,6]] merged=[[71,9]]
Round 72: (Vertex0)[[71,5], [71,4], [71,1], [71,3], [71,0], [71,7], [71,2]] (solid_wave_vertices: 7) solid=[[71,1], [71,0], [71,3], [71,2], [71,5], [71,4], [71,7]] merged=[[71,0], [71,3], [71,7], [71,5], [71,2], [71,1], [71,4]] --- (Vertex1)[[71,5], [71,4], [71,1], [71,3], [71,0], [71,7], [71,2]] (solid_wave_vertices: 7) solid=[[71,4], [71,2], [71,0], [71,1], [71,5], [71,3], [71,7]] merged=[[71,0], [71,5], [71,7], [71,3], [71,4], [71,1], [71,2]] --- (Vertex2)[[71,5], [71,4], [71,1], [71,3], [71,8], [71,7], [71,2]] (solid_wave_vertices: 7) solid=[[71,5], [71,7], [71,3], [71,2], [71,1], [71,8], [71,4]] merged=[[71,1], [71,2], [71,7], [71,4], [71,5], [71,8], [71,3]] --- (Vertex3)[[71,5], [71,4], [71,1], [71,3], [71,8], [71,7], [71,2]] (solid_wave_vertices: 7) solid=[[71,5], [71,2], [71,3], [71,1], [71,8], [71,7], [71,4]] merged=[[71,7], [71,3], [71,2], [71,8], [71,1], [71,4], [71,5]] --- (Vertex4)[[71,5], [71,4], [71,1], [71,3], [71,8], [71,7], [71,2]] (solid_wave_vertices: 7) solid=[[71,7], [71,1], [71,5], [71,8], [71,3], [71,4], [71,2]] merged=[[71,7], [71,3], [71,8], [71,1], [71,4], [71,5], [71,2]] --- (Vertex5)[[71,5], [71,4], [71,1], [71,3], [71,8], [71,7], [71,2]] (solid_wave_vertices: 7) solid=[[71,7], [71,1], [71,5], [71,8], [71,3], [71,2], [71,4]] merged=[[71,5], [71,7], [71,8], [71,1], [71,3], [71,2], [71,4]] --- (Vertex6)[[71,5], [71,4], [71,1], [71,3], [71,0], [71,8], [71,7]] (solid_wave_vertices: 7) solid=[[71,4], [71,8], [71,3], [71,0], [71,7], [71,1], [71,5]] merged=[[71,3], [71,4], [71,1], [71,5], [71,8], [71,0], [71,7]] --- (Vertex7)[[71,5], [71,4], [71,1], [71,3], [71,8], [71,7], [71,2]] (solid_wave_vertices: 7) solid=[[71,3], [71,5], [71,2], [71,7], [71,1], [71,8], [71,4]] merged=[[71,7], [71,4], [71,3], [71,8], [71,1], [71,2], [71,5]] --- (Vertex8)[[71,5], [71,4], [71,1], [71,3], [71,8], [71,7], [71,2]] (solid_wave_vertices: 7) solid=[[71,2], [71,7], [71,8], [71,4], [71,5], [71,1], [71,3]] merged=[[71,1], [71,5], [71,8], [71,4], [71,2], [71,3], [71,7]] --- (Vertex9)[[71,5], [71,4], [71,1], [71,3], [71,0], [71,8], [71,2]] (solid_wave_vertices: 7) solid=[[71,0], [71,2], [71,5], [71,4], [71,1], [71,3], [71,8]] merged=[[71,3], [71,2], [71,0], [71,5], [71,1], [71,4], [71,8]]
Round 73: (Vertex0)[[w71,6], [w71,5], [72,5], [w71,4], [w71,1], [72,4], [72,8], [72,6], [w71,3], [w71,0], [72,0], [w71,8], [w71,7], [w71,2], [72,1], [72,7]] weak=[[w71,6], [w71,5], [w71,4], [w71,1], [w71,3], [w71,0], [w71,8], [w71,7], [w71,2]] (solid_wave_vertices: 9) solid=[[71,2], [71,8], [71,7], [71,4], [71,1], [71,0], [71,6], [71,3], [71,5]] merged=[[73,0]] --- (Vertex1)[[w71,6], [w71,5], [72,5], [w71,4], [72,3], [w71,1], [72,4], [72,8], [72,6], [w71,3], [w71,0], [72,0], [w71,8], [w71,7], [w71,2], [72,1]] weak=[[w71,6], [w71,5], [w71,4], [w71,1], [w71,3], [w71,0], [w71,8], [w71,7], [w71,2]] (solid_wave_vertices: 9) solid=[[71,3], [71,6], [71,4], [71,8], [71,0], [71,2], [71,1], [71,5], [71,7]] merged=[[73,1]] --- (Vertex2)[[w71,6], [w71,5], [72,5], [w71,4], [72,3], [w71,1], [72,2], [72,4], [72,8], [w71,3], [w71,0], [72,0], [w71,8], [w71,7], [w71,2], [72,7]] weak=[[w71,6], [w71,5], [w71,4], [w71,1], [w71,3], [w71,0], [w71,8], [w71,7], [w71,2]] (solid_wave_vertices: 9) solid=[[71,1], [71,0], [71,6], [71,5], [71,7], [71,8], [71,3], [71,4], [71,2]] merged=[[73,2]] --- (Vertex3)[[w71,6], [w71,5], [72,5], [w71,4], [72,3], [w71,1], [72,2], [72,4], [72,8], [w71,3], [w71,0], [72,0], [w71,8], [w71,7], [w71,2], [72,7]] weak=[[w71,6], [w71,5], [w71,4], [w71,1], [w71,3], [w71,0], [w71,8], [w71,7], [w71,2]] (solid_wave_vertices: 9) solid=[[71,2], [71,0], [71,8], [71,1], [71,7], [71,6], [71,3], [71,5], [71,4]] merged=[[73,3]] --- (Vertex4)[[w71,6], [w71,5], [72,5], [w71,4], [72,3], [w71,1], [72,2], [72,4], [72,8], [w71,3], [w71,0], [72,0], [w71,8], [w71,7], [w71,2], [72,7]] weak=[[w71,6], [w71,5], [w71,4], [w71,1], [w71,3], [w71,0], [w71,8], [w71,7], [w71,2]] (solid_wave_vertices: 9) solid=[[71,1], [71,3], [71,5], [71,4], [71,7], [71,0], [71,8], [71,2], [71,6]] merged=[[73,4]] --- (Vertex5)[[w71,6], [w71,5], [72,5], [w71,4], [72,3], [w71,1], [72,2], [72,4], [72,8], [w71,3], [w71,0], [72,0], [w71,8], [w71,7], [w71,2], [72,7]] weak=[[w71,6], [w71,5], [w71,4], [w71,1], [w71,3], [w71,0], [w71,8], [w71,7], [w71,2]] (solid_wave_vertices: 9) solid=[[71,7], [71,0], [71,2], [71,1], [71,4], [71,8], [71,3], [71,6], [71,5]] merged=[[73,5]] --- (Vertex6)[[w71,6], [w71,5], [72,5], [w71,4], [72,3], [w71,1], [72,4], [72,8], [72,6], [w71,3], [w71,0], [72,0], [w71,8], [w71,7], [w71,2], [72,1]] weak=[[w71,6], [w71,5], [w71,4], [w71,1], [w71,3], [w71,0], [w71,8], [w71,7], [w71,2]] (solid_wave_vertices: 9) solid=[[71,0], [71,5], [71,8], [71,7], [71,3], [71,2], [71,1], [71,6], [71,4]] merged=[[73,6]] --- (Vertex7)[[w71,6], [w71,5], [72,5], [w71,4], [72,3], [w71,1], [72,2], [72,4], [72,8], [w71,3], [w71,0], [72,0], [w71,8], [w71,7], [w71,2], [72,7]] weak=[[w71,6], [w71,5], [w71,4], [w71,1], [w71,3], [w71,0], [w71,8], [w71,7], [w71,2]] (solid_wave_vertices: 9) solid=[[71,3], [71,2], [71,0], [71,1], [71,5], [71,8], [71,4], [71,7], [71,6]] merged=[[73,7]] --- (Vertex8)[[w71,6], [w71,5], [72,5], [w71,4], [72,3], [w71,1], [72,2], [72,4], [72,8], [w71,3], [w71,0], [w71,8], [w71,7], [w71,2], [72,1], [72,7]] weak=[[w71,6], [w71,5], [w71,4], [w71,1], [w71,3], [w71,0], [w71,8], [w71,7], [w71,2]] (solid_wave_vertices: 9) solid=[[71,0], [71,8], [71,6], [71,4], [71,1], [71,7], [71,3], [71,5], [71,2]] merged=[[73,8]] --- (Vertex9)[[w71,6], [w71,5], [72,5], [w71,4], [72,3], [w71,1], [72,8], [72,6], [w71,3], [w71,0], [72,0], [w71,8], [w71,7], [w71,9], [w71,2], [72,1], [72,7]] weak=[[w71,6], [w71,5], [w71,4], [w71,1], [w71,3], [w71,0], [w71,8], [w71,7], [w71,9], [w71,2]] (solid_wave_vertices: 10) solid=[[71,0], [71,3], [71,1], [71,9], [71,4], [71,8], [71,7], [71,6], [71,2], [71,5]] merged=[[73,9]]
Round 74: (Vertex0)[[73,7], [73,4], [73,6], [73,5], [73,1], [73,3], [73,0]] (solid_wave_vertices: 7) solid=[[73,3], [73,7], [73,6], [73,4], [73,1], [73,0], [73,5]] merged=[[73,0], [73,7], [73,6], [73,1], [73,4], [73,3], [73,5]] --- (Vertex1)[[73,7], [73,8], [73,4], [73,6], [73,5], [73,1], [73,0]] (solid_wave_vertices: 7) solid=[[73,5], [73,4], [73,6], [73,8], [73,1], [73,7], [73,0]] merged=[[73,6], [73,0], [73,4], [73,8], [73,7], [73,1], [73,5]] --- (Vertex2)[[73,7], [73,8], [73,4], [73,5], [73,1], [73,3], [73,2]] (solid_wave_vertices: 7) solid=[[73,3], [73,7], [73,4], [73,8], [73,2], [73,5], [73,1]] merged=[[73,3], [73,4], [73,5], [73,7], [73,8], [73,1], [73,2]] --- (Vertex3)[[73,7], [73,8], [73,4], [73,5], [73,1], [73,3], [73,2]] (solid_wave_vertices: 7) solid=[[73,2], [73,4], [73,7], [73,5], [73,8], [73,1], [73,3]] merged=[[73,8], [73,1], [73,7], [73,2], [73,3], [73,5], [73,4]] --- (Vertex4)[[73,7], [73,8], [73,4], [73,5], [73,1], [73,3], [73,2]] (solid_wave_vertices: 7) solid=[[73,4], [73,8], [73,5], [73,2], [73,3], [73,1], [73,7]] merged=[[73,2], [73,5], [73,4], [73,3], [73,8], [73,7], [73,1]] --- (Vertex5)[[73,7], [73,8], [73,4], [73,5], [73,1], [73,3], [73,2]] (solid_wave_vertices: 7) solid=[[73,2], [73,5], [73,1], [73,8], [73,3], [73,7], [73,4]] merged=[[73,3], [73,7], [73,1], [73,2], [73,8], [73,5], [73,4]] --- (Vertex6)[[73,7], [73,4], [73,6], [73,5], [73,1], [73,3], [73,0]] (solid_wave_vertices: 7) solid=[[73,6], [73,1], [73,7], [73,5], [73,4], [73,3], [73,0]] merged=[[73,5], [73,4], [73,6], [73,7], [73,1], [73,0], [73,3]] --- (Vertex7)[[73,7], [73,8], [73,4], [73,5], [73,1], [73,3], [73,2]] (solid_wave_vertices: 7) solid=[[73,1], [73,5], [73,7], [73,2], [73,3], [73,4], [73,8]] merged=[[73,8], [73,5], [73,7], [73,3], [73,1], [73,2], [73,4]] --- (Vertex8)[[73,7], [73,8], [73,4], [73,5], [73,1], [73,3], [73,2]] (solid_wave_vertices: 7) solid=[[73,5], [73,7], [73,2], [73,4], [73,3], [73,8], [73,1]] merged=[[73,1], [73,7], [73,4], [73,3], [73,2], [73,8], [73,5]] --- (Vertex9)[[73,7], [73,4], [73,6], [73,5], [73,1], [73,0], [73,2]] (solid_wave_vertices: 7) solid=[[73,0], [73,7], [73,1], [73,6], [73,2], [73,5], [73,4]] merged=[[73,2], [73,4], [73,6], [73,0], [73,1], [73,7], [73,5]]
Round 75: (Vertex0)[[w73,7], [w73,8], [74,4], [74,0], [w73,4], [74,8], [74,2], [w73,6], [74,6], [74,7], [w73,5], [w73,1], [w73,3], [w73,0], [74,1], [w73,2]] weak=[[w73,7], [w73,8], [w73,4], [w73,6], [w73,5], [w73,1], [w73,3], [w73,0], [w73,2]] (solid_wave_vertices: 9) solid=[[73,8], [73,5], [73,3], [73,1], [73,0], [73,2], [73,7], [73,4], [73,6]] merged=[[75,0]] --- (Vertex1)[[w73,7], [w73,8], [w73,9], [74,4], [74,0], [w73,4], [74,8], [74,5], [w73,6], [74,6], [74,7], [w73,5], [w73,1], [w73,3], [w73,0], [74,1], [w73,2]] weak=[[w73,7], [w73,8], [w73,9], [w73,4], [w73,6], [w73,5], [w73,1], [w73,3], [w73,0], [w73,2]] (solid_wave_vertices: 10) solid=[[73,8], [73,9], [73,0], [73,6], [73,7], [73,1], [73,2], [73,3], [73,4], [73,5]] merged=[[75,1]] --- (Vertex2)[[w73,7], [74,3], [w73,8], [74,4], [w73,4], [74,8], [74,2], [74,5], [w73,6], [74,6], [74,7], [w73,5], [w73,1], [w73,3], [w73,0], [w73,2]] weak=[[w73,7], [w73,8], [w73,4], [w73,6], [w73,5], [w73,1], [w73,3], [w73,0], [w73,2]] (solid_wave_vertices: 9) solid=[[73,4], [73,1], [73,2], [73,3], [73,0], [73,7], [73,8], [73,6], [73,5]] merged=[[75,2]] --- (Vertex3)[[w73,7], [74,3], [w73,8], [74,4], [w73,4], [74,8], [74,2], [74,5], [w73,6], [74,6], [74,7], [w73,5], [w73,1], [w73,3], [w73,0], [w73,2]] weak=[[w73,7], [w73,8], [w73,4], [w73,6], [w73,5], [w73,1], [w73,3], [w73,0], [w73,2]] (solid_wave_vertices: 9) solid=[[73,8], [73,1], [73,5], [73,4], [73,0], [73,3], [73,6], [73,7], [73,2]] merged=[[75,3]] --- (Vertex4)[[w73,7], [74,3], [w73,8], [74,4], [w73,4], [74,8], [74,2], [74,5], [w73,6], [74,6], [74,7], [w73,5], [w73,1], [w73,3], [w73,0], [w73,2]] weak=[[w73,7], [w73,8], [w73,4], [w73,6], [w73,5], [w73,1], [w73,3], [w73,0], [w73,2]] (solid_wave_vertices: 9) solid=[[73,3], [73,4], [73,5], [73,6], [73,8], [73,2], [73,1], [73,0], [73,7]] merged=[[75,4]] --- (Vertex5)[[w73,7], [74,3], [w73,8], [74,4], [w73,4], [74,8], [74,2], [74,5], [w73,6], [74,6], [74,7], [w73,5], [w73,1], [w73,3], [w73,0], [w73,2]] weak=[[w73,7], [w73,8], [w73,4], [w73,6], [w73,5], [w73,1], [w73,3], [w73,0], [w73,2]] (solid_wave_vertices: 9) solid=[[73,3], [73,7], [73,5], [73,2], [73,1], [73,4], [73,6], [73,0], [73,8]] merged=[[75,5]] --- (Vertex6)[[w73,7], [w73,8], [74,4], [74,0], [w73,4], [74,8], [74,5], [w73,6], [74,6], [74,7], [w73,5], [w73,1], [w73,3], [w73,0], [74,1], [w73,2]] weak=[[w73,7], [w73,8], [w73,4], [w73,6], [w73,5], [w73,1], [w73,3], [w73,0], [w73,2]] (solid_wave_vertices: 9) solid=[[73,6], [73,0], [73,2], [73,8], [73,1], [73,7], [73,5], [73,4], [73,3]] merged=[[75,6]] --- (Vertex7)[[w73,7], [74,3], [w73,8], [74,4], [w73,4], [74,8], [74,2], [74,5], [w73,6], [74,6], [74,7], [w73,5], [w73,1], [w73,3], [w73,0], [w73,2]] weak=[[w73,7], [w73,8], [w73,4], [w73,6], [w73,5], [w73,1], [w73,3], [w73,0], [w73,2]] (solid_wave_vertices: 9) solid=[[73,8], [73,7], [73,2], [73,5], [73,3], [73,1], [73,6], [73,4], [73,0]] merged=[[75,7]] --- (Vertex8)[[w73,7], [74,3], [w73,8], [74,4], [w73,4], [74,8], [74,2], [74,5], [w73,6], [74,6], [74,7], [w73,5], [w73,1], [w73,3], [w73,0], [w73,2]] weak=[[w73,7], [w73,8], [w73,4], [w73,6], [w73,5], [w73,1], [w73,3], [w73,0], [w73,2]] (solid_wave_vertices: 9) solid=[[73,8], [73,2], [73,5], [73,3], [73,1], [73,6], [73,4], [73,0], [73,7]] merged=[[75,8]] --- (Vertex9)[[w73,7], [74,3], [w73,8], [w73,9], [74,4], [w73,4], [74,2], [74,5], [w73,6], [74,6], [74,7], [w73,5], [w73,1], [w73,3], [w73,0], [74,1], [w73,2]] weak=[[w73,7], [w73,8], [w73,9], [w73,4], [w73,6], [w73,5], [w73,1], [w73,3], [w73,0], [w73,2]] (solid_wave_vertices: 10) solid=[[73,5], [73,7], [73,0], [73,1], [73,6], [73,9], [73,3], [73,8], [73,4], [73,2]] merged=[[75,9]]
Round 76: (Vertex0)[[75,7], [75,3], [75,0], [75,4], [75,6], [75,2], [75,5]] (solid_wave_vertices: 7) solid=[[75,2], [75,0], [75,6], [75,3], [75,5], [75,7], [75,4]] merged=[[75,2], [75,7], [75,6], [75,5], [75,0], [75,4], [75,3]] --- (Vertex1)[[75,7], [75,3], [75,0], [75,4], [75,6], [75,2], [75,5]] (solid_wave_vertices: 7) solid=[[75,5], [75,2], [75,4], [75,7], [75,3], [75,0], [75,6]] merged=[[75,0], [75,4], [75,6], [75,2], [75,3], [75,7], [75,5]] --- (Vertex2)[[75,8], [75,7], [75,3], [75,4], [75,6], [75,2], [75,5]] (solid_wave_vertices: 7) solid=[[75,7], [75,5], [75,6], [75,3], [75,2], [75,4], [75,8]] merged=[[75,6], [75,8], [75,3], [75,7], [75,2], [75,4], [75,5]] --- (Vertex3)[[75,8], [75,7], [75,3], [75,4], [75,6], [75,2], [75,5]] (solid_wave_vertices: 7) solid=[[75,2], [75,3], [75,5], [75,6], [75,4], [75,7], [75,8]] merged=[[75,8], [75,2], [75,3], [75,4], [75,6], [75,7], [75,5]] --- (Vertex4)[[75,8], [75,7], [75,3], [75,4], [75,6], [75,2], [75,5]] (solid_wave_vertices: 7) solid=[[75,6], [75,2], [75,4], [75,8], [75,7], [75,3], [75,5]] merged=[[75,2], [75,5], [75,6], [75,8], [75,7], [75,3], [75,4]] --- (Vertex5)[[75,8], [75,7], [75,3], [75,4], [75,6], [75,2], [75,5]] (solid_wave_vertices: 7) solid=[[75,8], [75,3], [75,6], [75,5], [75,2], [75,4], [75,7]] merged=[[75,6], [75,7], [75,4], [75,5], [75,3], [75,8], [75,2]] --- (Vertex6)[[75,7], [75,3], [75,0], [75,4], [75,6], [75,2], [75,5]] (solid_wave_vertices: 7) solid=[[75,7], [75,5], [75,0], [75,2], [75,3], [75,4], [75,6]] merged=[[75,6], [75,3], [75,4], [75,7], [75,5], [75,0], [75,2]] --- (Vertex7)[[75,8], [75,7], [75,3], [75,4], [75,6], [75,2], [75,5]] (solid_wave_vertices: 7) solid=[[75,6], [75,5], [75,3], [75,4], [75,2], [75,7], [75,8]] merged=[[75,4], [75,5], [75,7], [75,6], [75,3], [75,2], [75,8]] --- (Vertex8)[[75,8], [75,7], [75,3], [75,0], [75,4], [75,2], [75,5]] (solid_wave_vertices: 7) solid=[[75,4], [75,8], [75,5], [75,3], [75,0], [75,7], [75,2]] merged=[[75,4], [75,2], [75,3], [75,5], [75,7], [75,8], [75,0]] --- (Vertex9)[[75,8], [75,3], [75,0], [75,4], [75,6], [75,2], [75,5]] (solid_wave_vertices: 7) solid=[[75,3], [75,2], [75,8], [75,5], [75,6], [75,0], [75,4]] merged=[[75,5], [75,8], [75,0], [75,2], [75,4], [75,3], [75,6]]
Round 77: (Vertex0)[[76,3], [w75,8], [76,7], [w75,7], [w75,3], [w75,0], [76,5], [w75,4], [w75,1], [w75,6], [76,1], [w75,2], [76,0], [w75,5], [76,6], [76,8]] weak=[[w75,8], [w75,7], [w75,3], [w75,0], [w75,4], [w75,1], [w75,6], [w75,2], [w75,5]] (solid_wave_vertices: 9) solid=[[75,7], [75,2], [75,4], [75,1], [75,8], [75,3], [75,5], [75,0], [75,6]] merged=[[77,0]] --- (Vertex1)[[76,3], [w75,8], [76,7], [w75,7], [w75,3], [w75,0], [76,5], [w75,4], [w75,1], [w75,6], [76,1], [w75,2], [76,0], [w75,5], [76,6], [76,8]] weak=[[w75,8], [w75,7], [w75,3], [w75,0], [w75,4], [w75,1], [w75,6], [w75,2], [w75,5]] (solid_wave_vertices: 9) solid=[[75,3], [75,0], [75,2], [75,4], [75,5], [75,1], [75,7], [75,6], [75,8]] merged=[[77,1]] --- (Vertex2)[[76,3], [w75,8], [76,7], [w75,7], [76,4], [76,2], [w75,3], [w75,0], [76,5], [w75,4], [w75,1], [w75,6], [76,1], [w75,2], [w75,5], [76,8]] weak=[[w75,8], [w75,7], [w75,3], [w75,0], [w75,4], [w75,1], [w75,6], [w75,2], [w75,5]] (solid_wave_vertices: 9) solid=[[75,2], [75,7], [75,8], [75,3], [75,4], [75,6], [75,5], [75,1], [75,0]] merged=[[77,2]] --- (Vertex3)[[76,3], [w75,8], [76,7], [w75,7], [76,4], [76,2], [w75,3], [w75,0], [76,5], [w75,4], [w75,1], [w75,6], [76,1], [w75,2], [w75,5], [76,8]] weak=[[w75,8], [w75,7], [w75,3], [w75,0], [w75,4], [w75,1], [w75,6], [w75,2], [w75,5]] (solid_wave_vertices: 9) solid=[[75,2], [75,6], [75,0], [75,5], [75,3], [75,7], [75,1], [75,4], [75,8]] merged=[[77,3]] --- (Vertex4)[[76,3], [w75,8], [76,7], [w75,7], [76,4], [76,2], [w75,3], [w75,0], [76,5], [w75,4], [w75,1], [w75,6], [76,1], [w75,2], [w75,5], [76,8]] weak=[[w75,8], [w75,7], [w75,3], [w75,0], [w75,4], [w75,1], [w75,6], [w75,2], [w75,5]] (solid_wave_vertices: 9) solid=[[75,0], [75,6], [75,7], [75,4], [75,8], [75,1], [75,2], [75,5], [75,3]] merged=[[77,4]] --- (Vertex5)[[76,3], [w75,8], [76,7], [w75,7], [76,4], [76,2], [w75,3], [w75,0], [76,5], [w75,4], [w75,1], [w75,6], [76,1], [w75,2], [w75,5], [76,8]] weak=[[w75,8], [w75,7], [w75,3], [w75,0], [w75,4], [w75,1], [w75,6], [w75,2], [w75,5]] (solid_wave_vertices: 9) solid=[[75,7], [75,3], [75,4], [75,1], [75,8], [75,0], [75,5], [75,6], [75,2]] merged=[[77,5]] --- (Vertex6)[[76,3], [w75,8], [76,7], [w75,7], [w75,3], [w75,0], [76,5], [w75,4], [w75,1], [w75,6], [76,1], [w75,2], [76,0], [w75,5], [76,6], [76,8]] weak=[[w75,8], [w75,7], [w75,3], [w75,0], [w75,4], [w75,1], [w75,6], [w75,2], [w75,5]] (solid_wave_vertices: 9) solid=[[75,2], [75,5], [75,1], [75,3], [75,7], [75,8], [75,4], [75,6], [75,0]] merged=[[77,6]] --- (Vertex7)[[76,3], [w75,8], [76,7], [w75,7], [76,4], [76,2], [w75,3], [w75,0], [76,5], [w75,4], [w75,1], [w75,6], [76,1], [w75,2], [w75,5], [76,8]] weak=[[w75,8], [w75,7], [w75,3], [w75,0], [w75,4], [w75,1], [w75,6], [w75,2], [w75,5]] (solid_wave_vertices: 9) solid=[[75,1], [75,8], [75,0], [75,3], [75,4], [75,7], [75,6], [75,2], [75,5]] merged=[[77,7]] --- (Vertex8)[[76,3], [w75,8], [76,7], [w75,7], [76,4], [76,2], [w75,3], [w75,0], [76,5], [w75,4], [w75,1], [w75,6], [76,1], [w75,2], [w75,5], [76,8]] weak=[[w75,8], [w75,7], [w75,3], [w75,0], [w75,4], [w75,1], [w75,6], [w75,2], [w75,5]] (solid_wave_vertices: 9) solid=[[75,8], [75,0], [75,2], [75,7], [75,1], [75,6], [75,3], [75,5], [75,4]] merged=[[77,8]] --- (Vertex9)[[76,3], [w75,8], [76,7], [w75,7], [76,4], [76,2], [w75,3], [w75,0], [w75,4], [w75,1], [w75,6], [76,1], [w75,9], [w75,2], [76,0], [w75,5], [76,6]] weak=[[w75,8], [w75,7], [w75,3], [w75,0], [w75,4], [w75,1], [w75,6], [w75,9], [w75,2], [w75,5]] (solid_wave_vertices: 10) solid=[[75,6], [75,4], [75,8], [75,7], [75,1], [75,0], [75,9], [75,2], [75,5], [75,3]] merged=[[77,9]]
Round 78: (Vertex0)[[77,7], [77,5], [77,0], [77,3], [77,1], [77,4], [77,6]] (solid_wave_vertices: 7) solid=[[77,3], [77,6], [77,5], [77,4], [77,7], [77,1], [77,0]] merged=[[77,5], [77,7], [77,1], [77,6], [77,0], [77,4], [77,3]] --- (Vertex1)[[77,7], [77,5], [77,0], [77,3], [77,1], [77,8], [77,6]] (solid_wave_vertices: 7) solid=[[77,7], [77,8], [77,3], [77,1], [77,6], [77,5], [77,0]] merged=[[77,8], [77,6], [77,3], [77,7], [77,0], [77,1], [77,5]] --- (Vertex2)[[77,7], [77,2], [77,5], [77,3], [77,1], [77,4], [77,8]] (solid_wave_vertices: 7) solid=[[77,2], [77,1], [77,7], [77,5], [77,8], [77,3], [77,4]] merged=[[77,8], [77,7], [77,4], [77,5], [77,1], [77,2], [77,3]] --- (Vertex3)[[77,7], [77,2], [77,5], [77,3], [77,1], [77,4], [77,8]] (solid_wave_vertices: 7) solid=[[77,1], [77,5], [77,7], [77,3], [77,2], [77,4], [77,8]] merged=[[77,5], [77,7], [77,2], [77,3], [77,1], [77,8], [77,4]] --- (Vertex4)[[77,7], [77,2], [77,5], [77,3], [77,1], [77,4], [77,8]] (solid_wave_vertices: 7) solid=[[77,8], [77,7], [77,1], [77,4], [77,2], [77,3], [77,5]] merged=[[77,3], [77,7], [77,5], [77,4], [77,8], [77,1], [77,2]] --- (Vertex5)[[77,7], [77,2], [77,5], [77,3], [77,1], [77,4], [77,8]] (solid_wave_vertices: 7) solid=[[77,1], [77,8], [77,3], [77,2], [77,5], [77,4], [77,7]] merged=[[77,3], [77,7], [77,2], [77,1], [77,5], [77,8], [77,4]] --- (Vertex6)[[77,7], [77,5], [77,0], [77,3], [77,1], [77,8], [77,6]] (solid_wave_vertices: 7) solid=[[77,5], [77,6], [77,1], [77,8], [77,7], [77,0], [77,3]] merged=[[77,5], [77,0], [77,7], [77,8], [77,6], [77,3], [77,1]] --- (Vertex7)[[77,7], [77,2], [77,5], [77,3], [77,1], [77,4], [77,8]] (solid_wave_vertices: 7) solid=[[77,5], [77,8], [77,3], [77,2], [77,1], [77,7], [77,4]] merged=[[77,2], [77,5], [77,3], [77,8], [77,7], [77,4], [77,1]] --- (Vertex8)[[77,7], [77,2], [77,5], [77,3], [77,1], [77,4], [77,8]] (solid_wave_vertices: 7) solid=[[77,2], [77,5], [77,4], [77,7], [77,3], [77,1], [77,8]] merged=[[77,2], [77,8], [77,3], [77,7], [77,4], [77,1], [77,5]] --- (Vertex9)[[77,7], [77,0], [77,3], [77,1], [77,4], [77,8], [77,6]] (solid_wave_vertices: 7) solid=[[77,1], [77,0], [77,8], [77,3], [77,6], [77,4], [77,7]] merged=[[77,0], [77,8], [77,3], [77,7], [77,6], [77,4], [77,1]]
Round 79: (Vertex0)[[w77,7], [78,1], [w77,2], [78,5], [w77,5], [w77,0], [w77,3], [w77,1], [78,0], [78,6], [w77,4], [w77,8], [78,2], [78,3], [78,4], [w77,6]] weak=[[w77,7], [w77,2], [w77,5], [w77,0], [w77,3], [w77,1], [w77,4], [w77,8], [w77,6]] (solid_wave_vertices: 9) solid=[[77,5], [77,3], [77,1], [77,0], [77,7], [77,4], [77,6], [77,8], [77,2]] merged=[[79,0]] --- (Vertex1)[[w77,7], [78,1], [w77,2], [78,5], [w77,5], [w77,0], [w77,3], [w77,1], [78,0], [78,6], [w77,4], [w77,8], [78,2], [78,3], [78,4], [w77,6]] weak=[[w77,7], [w77,2], [w77,5], [w77,0], [w77,3], [w77,1], [w77,4], [w77,8], [w77,6]] (solid_wave_vertices: 9) solid=[[77,1], [77,6], [77,3], [77,2], [77,4], [77,8], [77,0], [77,7], [77,5]] merged=[[79,1]] --- (Vertex2)[[w77,7], [78,7], [w77,2], [78,5], [w77,5], [78,8], [w77,0], [w77,3], [w77,1], [78,6], [w77,4], [w77,8], [78,2], [78,3], [78,4], [w77,6]] weak=[[w77,7], [w77,2], [w77,5], [w77,0], [w77,3], [w77,1], [w77,4], [w77,8], [w77,6]] (solid_wave_vertices: 9) solid=[[77,2], [77,1], [77,3], [77,4], [77,7], [77,5], [77,6], [77,8], [77,0]] merged=[[79,2]] --- (Vertex3)[[w77,7], [78,7], [w77,2], [78,5], [w77,5], [78,8], [w77,0], [w77,3], [w77,1], [78,6], [w77,4], [w77,8], [78,2], [78,3], [78,4], [w77,6]] weak=[[w77,7], [w77,2], [w77,5], [w77,0], [w77,3], [w77,1], [w77,4], [w77,8], [w77,6]] (solid_wave_vertices: 9) solid=[[77,0], [77,4], [77,3], [77,1], [77,2], [77,5], [77,6], [77,7], [77,8]] merged=[[79,3]] --- (Vertex4)[[w77,7], [78,7], [w77,2], [78,5], [w77,5], [78,8], [w77,0], [w77,3], [w77,1], [78,6], [w77,4], [w77,8], [78,2], [78,3], [78,4], [w77,6]] weak=[[w77,7], [w77,2], [w77,5], [w77,0], [w77,3], [w77,1], [w77,4], [w77,8], [w77,6]] (solid_wave_vertices: 9) solid=[[77,3], [77,5], [77,0], [77,4], [77,7], [77,6], [77,8], [77,2], [77,1]] merged=[[79,4]] --- (Vertex5)[[w77,7], [78,7], [w77,2], [78,5], [w77,5], [78,8], [w77,0], [w77,3], [w77,1], [78,6], [w77,4], [w77,8], [78,2], [78,3], [78,4], [w77,6]] weak=[[w77,7], [w77,2], [w77,5], [w77,0], [w77,3], [w77,1], [w77,4], [w77,8], [w77,6]] (solid_wave_vertices: 9) solid=[[77,6], [77,7], [77,3], [77,8], [77,1], [77,4], [77,5], [77,2], [77,0]] merged=[[79,5]] --- (Vertex6)[[w77,7], [78,1], [w77,2], [78,5], [w77,5], [78,8], [w77,0], [w77,3], [w77,1], [78,0], [78,6], [w77,4], [w77,8], [78,2], [78,3], [w77,6]] weak=[[w77,7], [w77,2], [w77,5], [w77,0], [w77,3], [w77,1], [w77,4], [w77,8], [w77,6]] (solid_wave_vertices: 9) solid=[[77,1], [77,4], [77,0], [77,3], [77,7], [77,2], [77,6], [77,5], [77,8]] merged=[[79,6]] --- (Vertex7)[[w77,7], [78,7], [w77,2], [78,5], [w77,5], [78,8], [w77,0], [w77,3], [w77,1], [78,6], [w77,4], [w77,8], [78,2], [78,3], [78,4], [w77,6]] weak=[[w77,7], [w77,2], [w77,5], [w77,0], [w77,3], [w77,1], [w77,4], [w77,8], [w77,6]] (solid_wave_vertices: 9) solid=[[77,1], [77,2], [77,8], [77,7], [77,6], [77,5], [77,4], [77,3], [77,0]] merged=[[79,7]] --- (Vertex8)[[w77,7], [78,7], [w77,2], [78,5], [w77,5], [78,8], [w77,0], [w77,3], [w77,1], [78,6], [w77,4], [w77,8], [78,2], [78,3], [78,4], [w77,6]] weak=[[w77,7], [w77,2], [w77,5], [w77,0], [w77,3], [w77,1], [w77,4], [w77,8], [w77,6]] (solid_wave_vertices: 9) solid=[[77,3], [77,5], [77,2], [77,6], [77,0], [77,4], [77,1], [77,7], [77,8]] merged=[[79,8]] --- (Vertex9)[[w77,7], [78,7], [78,1], [w77,2], [78,5], [w77,9], [w77,5], [78,8], [w77,0], [w77,3], [w77,1], [78,0], [78,6], [w77,4], [w77,8], [78,2], [w77,6]] weak=[[w77,7], [w77,2], [w77,9], [w77,5], [w77,0], [w77,3], [w77,1], [w77,4], [w77,8], [w77,6]] (solid_wave_vertices: 10) solid=[[77,4], [77,2], [77,9], [77,0], [77,5], [77,6], [77,7], [77,8], [77,3], [77,1]] merged=[[79,9]]
Round 80: (Vertex0)[[79,0], [79,6], [79,7], [79,1], [79,5], [79,3], [79,4]] (solid_wave_vertices: 7) solid=[[79,7], [79,4], [79,6], [79,0], [79,1], [79,3], [79,5]] merged=[[79,1], [79,3], [79,5], [79,0], [79,6], [79,4], [79,7]] --- (Vertex1)[[79,0], [79,6], [79,7], [79,1], [79,5], [79,3], [79,2]] (solid_wave_vertices: 7) solid=[[79,2], [79,5], [79,0], [79,6], [79,7], [79,3], [79,1]] merged=[[79,7], [79,3], [79,0], [79,1], [79,6], [79,2], [79,5]] --- (Vertex2)[[79,7], [79,1], [79,5], [79,3], [79,4], [79,2], [79,8]] (solid_wave_vertices: 7) solid=[[79,3], [79,5], [79,1], [79,4], [79,8], [79,2], [79,7]] merged=[[79,1], [79,7], [79,8], [79,3], [79,5], [79,2], [79,4]] --- (Vertex3)[[79,7], [79,1], [79,5], [79,3], [79,4], [79,2], [79,8]] (solid_wave_vertices: 7) solid=[[79,5], [79,8], [79,2], [79,3], [79,4], [79,7], [79,1]] merged=[[79,7], [79,5], [79,1], [79,2], [79,3], [79,4], [79,8]] --- (Vertex4)[[79,7], [79,1], [79,5], [79,3], [79,4], [79,2], [79,8]] (solid_wave_vertices: 7) solid=[[79,8], [79,5], [79,1], [79,2], [79,4], [79,3], [79,7]] merged=[[79,8], [79,4], [79,5], [79,2], [79,3], [79,1], [79,7]] --- (Vertex5)[[79,7], [79,1], [79,5], [79,3], [79,4], [79,2], [79,8]] (solid_wave_vertices: 7) solid=[[79,1], [79,3], [79,2], [79,8], [79,5], [79,4], [79,7]] merged=[[79,1], [79,8], [79,4], [79,3], [79,2], [79,5], [79,7]] --- (Vertex6)[[79,0], [79,6], [79,7], [79,1], [79,5], [79,3], [79,4]] (solid_wave_vertices: 7) solid=[[79,5], [79,4], [79,6], [79,3], [79,0], [79,1], [79,7]] merged=[[79,1], [79,7], [79,0], [79,5], [79,3], [79,6], [79,4]] --- (Vertex7)[[79,7], [79,1], [79,5], [79,3], [79,4], [79,2], [79,8]] (solid_wave_vertices: 7) solid=[[79,2], [79,3], [79,1], [79,7], [79,4], [79,5], [79,8]] merged=[[79,4], [79,1], [79,5], [79,8], [79,3], [79,2], [79,7]] --- (Vertex8)[[79,7], [79,1], [79,5], [79,3], [79,4], [79,2], [79,8]] (solid_wave_vertices: 7) solid=[[79,7], [79,3], [79,8], [79,1], [79,2], [79,5], [79,4]] merged=[[79,8], [79,2], [79,1], [79,7], [79,3], [79,4], [79,5]] --- (Vertex9)[[79,0], [79,6], [79,7], [79,5], [79,3], [79,2], [79,8]] (solid_wave_vertices: 7) solid=[[79,0], [79,5], [79,6], [79,8], [79,7], [79,3], [79,2]] merged=[[79,7], [79,3], [79,6], [79,0], [79,5], [79,8], [79,2]]
Round 81: (Vertex0)[[w79,0], [80,2], [80,3], [80,5], [w79,6], [w79,7], [w79,1], [80,6], [80,0], [w79,5], [w79,3], [w79,4], [w79,2], [80,4], [w79,8], [80,1]] weak=[[w79,0], [w79,6], [w79,7], [w79,1], [w79,5], [w79,3], [w79,4], [w79,2], [w79,8]] (solid_wave_vertices: 9) solid=[[79,4], [79,0], [79,2], [79,3], [79,5], [79,7], [79,8], [79,1], [79,6]] merged=[[81,0]] --- (Vertex1)[[w79,0], [80,2], [80,3], [80,5], [w79,6], [w79,7], [w79,1], [80,6], [80,0], [w79,5], [w79,3], [w79,4], [w79,2], [80,4], [w79,8], [80,1]] weak=[[w79,0], [w79,6], [w79,7], [w79,1], [w79,5], [w79,3], [w79,4], [w79,2], [w79,8]] (solid_wave_vertices: 9) solid=[[79,6], [79,2], [79,8], [79,3], [79,0], [79,5], [79,1], [79,7], [79,4]] merged=[[81,1]] --- (Vertex2)[[80,8], [w79,0], [80,2], [80,3], [80,5], [w79,6], [w79,7], [w79,1], [80,0], [80,7], [w79,5], [w79,3], [w79,4], [w79,2], [80,4], [w79,8]] weak=[[w79,0], [w79,6], [w79,7], [w79,1], [w79,5], [w79,3], [w79,4], [w79,2], [w79,8]] (solid_wave_vertices: 9) solid=[[79,5], [79,1], [79,7], [79,8], [79,6], [79,3], [79,2], [79,0], [79,4]] merged=[[81,2]] --- (Vertex3)[[80,8], [w79,0], [80,2], [80,3], [80,5], [w79,6], [w79,7], [w79,1], [80,0], [80,7], [w79,5], [w79,3], [w79,4], [w79,2], [80,4], [w79,8]] weak=[[w79,0], [w79,6], [w79,7], [w79,1], [w79,5], [w79,3], [w79,4], [w79,2], [w79,8]] (solid_wave_vertices: 9) solid=[[79,5], [79,0], [79,2], [79,3], [79,4], [79,6], [79,8], [79,7], [79,1]] merged=[[81,3]] --- (Vertex4)[[80,8], [w79,0], [80,2], [80,3], [80,5], [w79,6], [w79,7], [w79,1], [80,0], [80,7], [w79,5], [w79,3], [w79,4], [w79,2], [80,4], [w79,8]] weak=[[w79,0], [w79,6], [w79,7], [w79,1], [w79,5], [w79,3], [w79,4], [w79,2], [w79,8]] (solid_wave_vertices: 9) solid=[[79,4], [79,8], [79,0], [79,3], [79,7], [79,6], [79,5], [79,1], [79,2]] merged=[[81,4]] --- (Vertex5)[[80,8], [w79,0], [80,2], [80,3], [80,5], [w79,6], [w79,7], [w79,1], [80,0], [80,7], [w79,5], [w79,3], [w79,4], [w79,2], [80,4], [w79,8]] weak=[[w79,0], [w79,6], [w79,7], [w79,1], [w79,5], [w79,3], [w79,4], [w79,2], [w79,8]] (solid_wave_vertices: 9) solid=[[79,6], [79,2], [79,5], [79,4], [79,3], [79,0], [79,7], [79,1], [79,8]] merged=[[81,5]] --- (Vertex6)[[80,8], [w79,0], [80,2], [80,3], [80,5], [w79,6], [w79,7], [w79,1], [80,6], [80,0], [w79,5], [w79,3], [w79,4], [w79,2], [w79,8], [80,1]] weak=[[w79,0], [w79,6], [w79,7], [w79,1], [w79,5], [w79,3], [w79,4], [w79,2], [w79,8]] (solid_wave_vertices: 9) solid=[[79,3], [79,7], [79,6], [79,0], [79,5], [79,1], [79,2], [79,8], [79,4]] merged=[[81,6]] --- (Vertex7)[[80,8], [w79,0], [80,2], [80,3], [80,5], [w79,6], [w79,7], [w79,1], [80,0], [80,7], [w79,5], [w79,3], [w79,4], [w79,2], [80,4], [w79,8]] weak=[[w79,0], [w79,6], [w79,7], [w79,1], [w79,5], [w79,3], [w79,4], [w79,2], [w79,8]] (solid_wave_vertices: 9) solid=[[79,1], [79,5], [79,4], [79,8], [79,6], [79,3], [79,2], [79,7], [79,0]] merged=[[81,7]] --- (Vertex8)[[80,8], [w79,0], [80,2], [80,3], [80,5], [w79,6], [w79,7], [w79,1], [80,0], [80,7], [w79,5], [w79,3], [w79,4], [w79,2], [80,4], [w79,8]] weak=[[w79,0], [w79,6], [w79,7], [w79,1], [w79,5], [w79,3], [w79,4], [w79,2], [w79,8]] (solid_wave_vertices: 9) solid=[[79,1], [79,7], [79,4], [79,5], [79,2], [79,3], [79,6], [79,8], [79,0]] merged=[[81,8]] --- (Vertex9)[[80,8], [w79,0], [80,2], [80,3], [80,5], [w79,6], [w79,9], [w79,7], [w79,1], [80,6], [80,7], [w79,5], [w79,3], [w79,4], [w79,2], [w79,8], [80,1]] weak=[[w79,0], [w79,6], [w79,9], [w79,7], [w79,1], [w79,5], [w79,3], [w79,4], [w79,2], [w79,8]] (solid_wave_vertices: 10) solid=[[79,9], [79,0], [79,3], [79,4], [79,2], [79,7], [79,1], [79,5], [79,8], [79,6]] merged=[[81,9]]
Round 82: (Vertex0)[[81,7], [81,1], [81,5], [81,6], [81,4], [81,3], [81,0]] (solid_wave_vertices: 7) solid=[[81,5], [81,6], [81,7], [81,4], [81,3], [81,1], [81,0]] merged=[[81,7], [81,4], [81,6], [81,0], [81,3], [81,5], [81,1]] --- (Vertex1)[[81,8], [81,7], [81,1], [81,5], [81,6], [81,4], [81,0]] (solid_wave_vertices: 7) solid=[[81,6], [81,0], [81,8], [81,7], [81,1], [81,5], [81,4]] merged=[[81,4], [81,5], [81,6], [81,7], [81,8], [81,1], [81,0]] --- (Vertex2)[[81,8], [81,7], [81,1], [81,5], [81,2], [81,4], [81,3]] (solid_wave_vertices: 7) solid=[[81,2], [81,8], [81,1], [81,3], [81,4], [81,7], [81,5]] merged=[[81,7], [81,3], [81,4], [81,1], [81,2], [81,8], [81,5]] --- (Vertex3)[[81,8], [81,7], [81,1], [81,5], [81,2], [81,4], [81,3]] (solid_wave_vertices: 7) solid=[[81,8], [81,4], [81,7], [81,2], [81,5], [81,1], [81,3]] merged=[[81,4], [81,8], [81,2], [81,3], [81,5], [81,7], [81,1]] --- (Vertex4)[[81,8], [81,7], [81,1], [81,5], [81,2], [81,4], [81,3]] (solid_wave_vertices: 7) solid=[[81,3], [81,7], [81,5], [81,4], [81,8], [81,2], [81,1]] merged=[[81,1], [81,7], [81,5], [81,8], [81,2], [81,3], [81,4]] --- (Vertex5)[[81,8], [81,7], [81,1], [81,5], [81,2], [81,4], [81,3]] (solid_wave_vertices: 7) solid=[[81,1], [81,8], [81,5], [81,4], [81,2], [81,3], [81,7]] merged=[[81,2], [81,1], [81,8], [81,4], [81,3], [81,7], [81,5]] --- (Vertex6)[[81,7], [81,1], [81,5], [81,6], [81,4], [81,3], [81,0]] (solid_wave_vertices: 7) solid=[[81,5], [81,1], [81,0], [81,3], [81,7], [81,6], [81,4]] merged=[[81,6], [81,3], [81,1], [81,5], [81,4], [81,0], [81,7]] --- (Vertex7)[[81,8], [81,7], [81,1], [81,5], [81,2], [81,4], [81,3]] (solid_wave_vertices: 7) solid=[[81,5], [81,1], [81,7], [81,8], [81,3], [81,2], [81,4]] merged=[[81,2], [81,5], [81,8], [81,4], [81,1], [81,3], [81,7]] --- (Vertex8)[[81,8], [81,7], [81,1], [81,5], [81,2], [81,4], [81,3]] (solid_wave_vertices: 7) solid=[[81,3], [81,7], [81,8], [81,5], [81,2], [81,4], [81,1]] merged=[[81,8], [81,3], [81,7], [81,2], [81,1], [81,4], [81,5]] --- (Vertex9)[[81,1], [81,5], [81,2], [81,6], [81,4], [81,3], [81,0]] (solid_wave_vertices: 7) solid=[[81,3], [81,2], [81,6], [81,4], [81,5], [81,0], [81,1]] merged=[[81,2], [81,3], [81,6], [81,4], [81,0], [81,1], [81,5]]
Round 83: (Vertex0)[[82,2], [82,6], [w81,8], [w81,7], [w81,1], [w81,5], [82,3], [w81,2], [82,0], [w81,6], [82,1], [82,4], [82,5], [w81,4], [w81,3], [w81,0]] weak=[[w81,8], [w81,7], [w81,1], [w81,5], [w81,2], [w81,6], [w81,4], [w81,3], [w81,0]] (solid_wave_vertices: 9) solid=[[81,7], [81,3], [81,6], [81,8], [81,0], [81,4], [81,1], [81,2], [81,5]] merged=[[83,0]] --- (Vertex1)[[82,2], [82,6], [w81,8], [w81,7], [w81,1], [w81,5], [82,3], [w81,2], [82,0], [w81,6], [82,1], [82,4], [w81,4], [82,7], [w81,3], [w81,0]] weak=[[w81,8], [w81,7], [w81,1], [w81,5], [w81,2], [w81,6], [w81,4], [w81,3], [w81,0]] (solid_wave_vertices: 9) solid=[[81,0], [81,4], [81,6], [81,1], [81,5], [81,3], [81,7], [81,8], [81,2]] merged=[[83,1]] --- (Vertex2)[[82,2], [82,8], [82,6], [w81,8], [w81,7], [w81,1], [w81,5], [82,3], [w81,2], [w81,6], [82,4], [82,5], [w81,4], [82,7], [w81,3], [w81,0]] weak=[[w81,8], [w81,7], [w81,1], [w81,5], [w81,2], [w81,6], [w81,4], [w81,3], [w81,0]] (solid_wave_vertices: 9) solid=[[81,7], [81,1], [81,5], [81,2], [81,0], [81,8], [81,4], [81,6], [81,3]] merged=[[83,2]] --- (Vertex3)[[82,2], [82,8], [82,6], [w81,8], [w81,7], [w81,1], [w81,5], [82,3], [w81,2], [w81,6], [82,4], [82,5], [w81,4], [82,7], [w81,3], [w81,0]] weak=[[w81,8], [w81,7], [w81,1], [w81,5], [w81,2], [w81,6], [w81,4], [w81,3], [w81,0]] (solid_wave_vertices: 9) solid=[[81,7], [81,8], [81,6], [81,2], [81,0], [81,1], [81,4], [81,5], [81,3]] merged=[[83,3]] --- (Vertex4)[[82,2], [82,8], [82,6], [w81,8], [w81,7], [w81,1], [w81,5], [82,3], [w81,2], [w81,6], [82,4], [82,5], [w81,4], [82,7], [w81,3], [w81,0]] weak=[[w81,8], [w81,7], [w81,1], [w81,5], [w81,2], [w81,6], [w81,4], [w81,3], [w81,0]] (solid_wave_vertices: 9) solid=[[81,2], [81,7], [81,0], [81,4], [81,6], [81,5], [81,3], [81,1], [81,8]] merged=[[83,4]] --- (Vertex5)[[82,2], [82,8], [82,6], [w81,8], [w81,7], [w81,1], [w81,5], [82,3], [w81,2], [w81,6], [82,4], [82,5], [w81,4], [82,7], [w81,3], [w81,0]] weak=[[w81,8], [w81,7], [w81,1], [w81,5], [w81,2], [w81,6], [w81,4], [w81,3], [w81,0]] (solid_wave_vertices: 9) solid=[[81,6], [81,3], [81,2], [81,4], [81,1], [81,8], [81,0], [81,7], [81,5]] merged=[[83,5]] --- (Vertex6)[[82,2], [82,8], [82,6], [w81,8], [w81,7], [w81,1], [w81,5], [82,3], [w81,2], [82,0], [w81,6], [82,1], [82,4], [w81,4], [w81,3], [w81,0]] weak=[[w81,8], [w81,7], [w81,1], [w81,5], [w81,2], [w81,6], [w81,4], [w81,3], [w81,0]] (solid_wave_vertices: 9) solid=[[81,6], [81,2], [81,8], [81,7], [81,4], [81,0], [81,3], [81,5], [81,1]] merged=[[83,6]] --- (Vertex7)[[82,2], [82,8], [82,6], [w81,8], [w81,7], [w81,1], [w81,5], [82,3], [w81,2], [w81,6], [82,4], [82,5], [w81,4], [82,7], [w81,3], [w81,0]] weak=[[w81,8], [w81,7], [w81,1], [w81,5], [w81,2], [w81,6], [w81,4], [w81,3], [w81,0]] (solid_wave_vertices: 9) solid=[[81,8], [81,0], [81,2], [81,4], [81,3], [81,1], [81,5], [81,6], [81,7]] merged=[[83,7]] --- (Vertex8)[[82,2], [82,8], [w81,8], [w81,7], [w81,1], [w81,5], [82,3], [w81,2], [82,0], [w81,6], [82,4], [82,5], [w81,4], [82,7], [w81,3], [w81,0]] weak=[[w81,8], [w81,7], [w81,1], [w81,5], [w81,2], [w81,6], [w81,4], [w81,3], [w81,0]] (solid_wave_vertices: 9) solid=[[81,6], [81,1], [81,8], [81,2], [81,5], [81,0], [81,4], [81,3], [81,7]] merged=[[83,8]] --- (Vertex9)[[82,2], [82,8], [82,6], [w81,8], [w81,7], [w81,1], [w81,5], [82,3], [w81,2], [w81,9], [82,0], [w81,6], [82,4], [82,5], [w81,4], [w81,3], [w81,0]] weak=[[w81,8], [w81,7], [w81,1], [w81,5], [w81,2], [w81,9], [w81,6], [w81,4], [w81,3], [w81,0]] (solid_wave_vertices: 10) solid=[[81,7], [81,1], [81,3], [81,5], [81,2], [81,4], [81,6], [81,0], [81,8], [81,9]] merged=[[83,9]]
Round 84: (Vertex0)[[83,0], [83,5], [83,4], [83,3], [83,1], [83,6], [83,7]] (solid_wave_vertices: 7) solid=[[83,7], [83,1], [83,6], [83,3], [83,4], [83,5], [83,0]] merged=[[83,0], [83,7], [83,1], [83,4], [83,5], [83,6], [83,3]] --- (Vertex1)[[83,0], [83,5], [83,4], [83,3], [83,1], [83,6], [83,7]] (solid_wave_vertices: 7) solid=[[83,7], [83,0], [83,5], [83,3], [83,4], [83,1], [83,6]] merged=[[83,7], [83,1], [83,4], [83,0], [83,3], [83,6], [83,5]] --- (Vertex2)[[83,8], [83,5], [83,4], [83,2], [83,3], [83,1], [83,7]] (solid_wave_vertices: 7) solid=[[83,5], [83,8], [83,1], [83,4], [83,2], [83,7], [83,3]] merged=[[83,7], [83,3], [83,8], [83,1], [83,2], [83,4], [83,5]] --- (Vertex3)[[83,8], [83,5], [83,4], [83,2], [83,3], [83,1], [83,7]] (solid_wave_vertices: 7) solid=[[83,1], [83,5], [83,2], [83,4], [83,8], [83,7], [83,3]] merged=[[83,5], [83,1], [83,3], [83,8], [83,7], [83,4], [83,2]] --- (Vertex4)[[83,8], [83,5], [83,4], [83,2], [83,3], [83,1], [83,7]] (solid_wave_vertices: 7) solid=[[83,5], [83,4], [83,3], [83,2], [83,8], [83,1], [83,7]] merged=[[83,4], [83,7], [83,1], [83,2], [83,8], [83,5], [83,3]] --- (Vertex5)[[83,8], [83,5], [83,4], [83,2], [83,3], [83,1], [83,7]] (solid_wave_vertices: 7) solid=[[83,8], [83,4], [83,3], [83,1], [83,5], [83,2], [83,7]] merged=[[83,5], [83,7], [83,2], [83,8], [83,4], [83,1], [83,3]] --- (Vertex6)[[83,0], [83,5], [83,4], [83,3], [83,1], [83,6], [83,7]] (solid_wave_vertices: 7) solid=[[83,0], [83,7], [83,1], [83,4], [83,5], [83,6], [83,3]] merged=[[83,7], [83,3], [83,6], [83,5], [83,1], [83,0], [83,4]] --- (Vertex7)[[83,8], [83,5], [83,4], [83,2], [83,3], [83,6], [83,7]] (solid_wave_vertices: 7) solid=[[83,4], [83,7], [83,8], [83,2], [83,6], [83,5], [83,3]] merged=[[83,5], [83,3], [83,8], [83,2], [83,6], [83,4], [83,7]] --- (Vertex8)[[83,8], [83,5], [83,4], [83,2], [83,3], [83,6], [83,7]] (solid_wave_vertices: 7) solid=[[83,7], [83,5], [83,4], [83,3], [83,2], [83,8], [83,6]] merged=[[83,8], [83,7], [83,2], [83,3], [83,6], [83,4], [83,5]] --- (Vertex9)[[83,0], [83,4], [83,2], [83,3], [83,1], [83,6], [83,7]] (solid_wave_vertices: 7) solid=[[83,2], [83,4], [83,6], [83,7], [83,0], [83,3], [83,1]] merged=[[83,6], [83,2], [83,1], [83,3], [83,4], [83,0], [83,7]]
Round 85: (Vertex0)[[w83,0], [w83,8], [w83,5], [w83,4], [w83,2], [84,3], [84,2], [84,0], [w83,3], [84,1], [w83,1], [w83,6], [w83,7], [84,6], [84,5], [84,4]] weak=[[w83,0], [w83,8], [w83,5], [w83,4], [w83,2], [w83,3], [w83,1], [w83,6], [w83,7]] (solid_wave_vertices: 9) solid=[[83,0], [83,8], [83,1], [83,7], [83,3], [83,6], [83,2], [83,4], [83,5]] merged=[[85,0]] --- (Vertex1)[[w83,0], [w83,8], [84,7], [w83,5], [w83,4], [w83,2], [84,3], [84,2], [84,0], [w83,3], [84,1], [w83,1], [w83,6], [w83,7], [84,6], [84,5]] weak=[[w83,0], [w83,8], [w83,5], [w83,4], [w83,2], [w83,3], [w83,1], [w83,6], [w83,7]] (solid_wave_vertices: 9) solid=[[83,1], [83,4], [83,2], [83,8], [83,6], [83,7], [83,0], [83,5], [83,3]] merged=[[85,1]] --- (Vertex2)[[w83,0], [w83,8], [84,7], [w83,5], [w83,4], [w83,2], [84,3], [84,8], [84,2], [w83,3], [w83,1], [w83,6], [w83,7], [84,6], [84,5], [84,4]] weak=[[w83,0], [w83,8], [w83,5], [w83,4], [w83,2], [w83,3], [w83,1], [w83,6], [w83,7]] (solid_wave_vertices: 9) solid=[[83,6], [83,8], [83,7], [83,2], [83,3], [83,4], [83,1], [83,5], [83,0]] merged=[[85,2]] --- (Vertex3)[[w83,0], [w83,8], [84,7], [w83,5], [w83,4], [w83,2], [84,3], [84,8], [84,2], [w83,3], [w83,1], [w83,6], [w83,7], [84,6], [84,5], [84,4]] weak=[[w83,0], [w83,8], [w83,5], [w83,4], [w83,2], [w83,3], [w83,1], [w83,6], [w83,7]] (solid_wave_vertices: 9) solid=[[83,3], [83,5], [83,1], [83,7], [83,2], [83,0], [83,4], [83,6], [83,8]] merged=[[85,3]] --- (Vertex4)[[w83,0], [w83,8], [84,7], [w83,5], [w83,4], [w83,2], [84,3], [84,8], [84,2], [w83,3], [w83,1], [w83,6], [w83,7], [84,6], [84,5], [84,4]] weak=[[w83,0], [w83,8], [w83,5], [w83,4], [w83,2], [w83,3], [w83,1], [w83,6], [w83,7]] (solid_wave_vertices: 9) solid=[[83,0], [83,4], [83,1], [83,5], [83,8], [83,6], [83,3], [83,2], [83,7]] merged=[[85,4]] --- (Vertex5)[[w83,0], [w83,8], [84,7], [w83,5], [w83,4], [w83,2], [84,3], [84,8], [84,2], [w83,3], [w83,1], [w83,6], [w83,7], [84,6], [84,5], [84,4]] weak=[[w83,0], [w83,8], [w83,5], [w83,4], [w83,2], [w83,3], [w83,1], [w83,6], [w83,7]] (solid_wave_vertices: 9) solid=[[83,5], [83,4], [83,1], [83,7], [83,6], [83,8], [83,2], [83,3], [83,0]] merged=[[85,5]] --- (Vertex6)[[w83,0], [w83,8], [w83,5], [w83,4], [w83,2], [84,3], [84,8], [84,2], [84,0], [w83,3], [84,1], [w83,1], [w83,6], [w83,7], [84,6], [84,5]] weak=[[w83,0], [w83,8], [w83,5], [w83,4], [w83,2], [w83,3], [w83,1], [w83,6], [w83,7]] (solid_wave_vertices: 9) solid=[[83,8], [83,2], [83,6], [83,5], [83,7], [83,1], [83,3], [83,4], [83,0]] merged=[[85,6]] --- (Vertex7)[[w83,0], [w83,8], [84,7], [w83,5], [w83,4], [w83,2], [84,3], [84,8], [84,2], [w83,3], [w83,1], [w83,6], [w83,7], [84,6], [84,5], [84,4]] weak=[[w83,0], [w83,8], [w83,5], [w83,4], [w83,2], [w83,3], [w83,1], [w83,6], [w83,7]] (solid_wave_vertices: 9) solid=[[83,5], [83,3], [83,0], [83,1], [83,2], [83,6], [83,4], [83,8], [83,7]] merged=[[85,7]] --- (Vertex8)[[w83,0], [w83,8], [84,7], [w83,5], [w83,4], [w83,2], [84,3], [84,8], [84,2], [84,0], [w83,3], [w83,1], [w83,6], [w83,7], [84,5], [84,4]] weak=[[w83,0], [w83,8], [w83,5], [w83,4], [w83,2], [w83,3], [w83,1], [w83,6], [w83,7]] (solid_wave_vertices: 9) solid=[[83,1], [83,0], [83,5], [83,8], [83,3], [83,4], [83,2], [83,7], [83,6]] merged=[[85,8]] --- (Vertex9)[[w83,0], [w83,8], [84,7], [w83,5], [w83,4], [w83,2], [84,3], [w83,9], [84,2], [84,0], [w83,3], [84,1], [w83,1], [w83,6], [w83,7], [84,6], [84,4]] weak=[[w83,0], [w83,8], [w83,5], [w83,4], [w83,2], [w83,9], [w83,3], [w83,1], [w83,6], [w83,7]] (solid_wave_vertices: 10) solid=[[83,2], [83,9], [83,8], [83,3], [83,7], [83,0], [83,5], [83,6], [83,1], [83,4]] merged=[[85,9]]
Round 86: (Vertex0)[[85,1], [85,5], [85,3], [85,6], [85,2], [85,0], [85,7]] (solid_wave_vertices: 7) solid=[[85,0], [85,7], [85,1], [85,6], [85,3], [85,5], [85,2]] merged=[[85,1], [85,6], [85,5], [85,7], [85,2], [85,3], [85,0]] --- (Vertex1)[[85,1], [85,5], [85,3], [85,6], [85,2], [85,0], [85,7]] (solid_wave_vertices: 7) solid=[[85,2], [85,1], [85,3], [85,5], [85,6], [85,7], [85,0]] merged=[[85,0], [85,1], [85,2], [85,5], [85,3], [85,6], [85,7]] --- (Vertex2)[[85,4], [85,5], [85,3], [85,6], [85,2], [85,7], [85,8]] (solid_wave_vertices: 7) solid=[[85,5], [85,7], [85,6], [85,2], [85,4], [85,3], [85,8]] merged=[[85,6], [85,5], [85,7], [85,4], [85,3], [85,8], [85,2]] --- (Vertex3)[[85,4], [85,5], [85,3], [85,6], [85,2], [85,7], [85,8]] (solid_wave_vertices: 7) solid=[[85,2], [85,7], [85,3], [85,4], [85,6], [85,8], [85,5]] merged=[[85,7], [85,6], [85,2], [85,5], [85,4], [85,3], [85,8]] --- (Vertex4)[[85,4], [85,5], [85,3], [85,6], [85,2], [85,7], [85,8]] (solid_wave_vertices: 7) solid=[[85,5], [85,8], [85,4], [85,6], [85,2], [85,7], [85,3]] merged=[[85,7], [85,4], [85,6], [85,5], [85,8], [85,3], [85,2]] --- (Vertex5)[[85,4], [85,5], [85,3], [85,6], [85,2], [85,7], [85,8]] (solid_wave_vertices: 7) solid=[[85,3], [85,8], [85,6], [85,7], [85,2], [85,4], [85,5]] merged=[[85,6], [85,5], [85,3], [85,8], [85,4], [85,2], [85,7]] --- (Vertex6)[[85,1], [85,5], [85,6], [85,2], [85,0], [85,7], [85,8]] (solid_wave_vertices: 7) solid=[[85,2], [85,7], [85,6], [85,8], [85,0], [85,5], [85,1]] merged=[[85,6], [85,2], [85,8], [85,7], [85,0], [85,1], [85,5]] --- (Vertex7)[[85,4], [85,5], [85,3], [85,6], [85,2], [85,7], [85,8]] (solid_wave_vertices: 7) solid=[[85,5], [85,3], [85,8], [85,6], [85,4], [85,7], [85,2]] merged=[[85,2], [85,6], [85,4], [85,5], [85,7], [85,3], [85,8]] --- (Vertex8)[[85,4], [85,5], [85,3], [85,6], [85,2], [85,7], [85,8]] (solid_wave_vertices: 7) solid=[[85,3], [85,7], [85,5], [85,8], [85,2], [85,6], [85,4]] merged=[[85,3], [85,5], [85,2], [85,8], [85,7], [85,6], [85,4]] --- (Vertex9)[[85,4], [85,1], [85,3], [85,6], [85,2], [85,7], [85,8]] (solid_wave_vertices: 7) solid=[[85,8], [85,3], [85,1], [85,4], [85,7], [85,2], [85,6]] merged=[[85,7], [85,8], [85,4], [85,6], [85,1], [85,3], [85,2]]
Round 87: (Vertex0)[[w85,4], [w85,1], [w85,5], [w85,3], [w85,6], [86,5], [86,6], [86,0], [86,4], [w85,2], [w85,0], [86,1], [w85,7], [w85,8], [86,2], [86,3]] weak=[[w85,4], [w85,1], [w85,5], [w85,3], [w85,6], [w85,2], [w85,0], [w85,7], [w85,8]] (solid_wave_vertices: 9) solid=[[85,8], [85,1], [85,6], [85,3], [85,2], [85,7], [85,5], [85,4], [85,0]] merged=[[87,0]] --- (Vertex1)[[86,8], [w85,4], [w85,1], [w85,5], [w85,3], [w85,6], [86,5], [86,6], [86,0], [86,4], [w85,2], [w85,0], [86,1], [w85,7], [w85,8], [86,2]] weak=[[w85,4], [w85,1], [w85,5], [w85,3], [w85,6], [w85,2], [w85,0], [w85,7], [w85,8]] (solid_wave_vertices: 9) solid=[[85,8], [85,2], [85,7], [85,5], [85,3], [85,6], [85,1], [85,4], [85,0]] merged=[[87,1]] --- (Vertex2)[[86,8], [86,7], [w85,4], [w85,1], [w85,5], [w85,3], [w85,6], [86,5], [86,0], [86,4], [w85,2], [w85,0], [w85,7], [w85,8], [86,2], [86,3]] weak=[[w85,4], [w85,1], [w85,5], [w85,3], [w85,6], [w85,2], [w85,0], [w85,7], [w85,8]] (solid_wave_vertices: 9) solid=[[85,3], [85,6], [85,2], [85,7], [85,0], [85,1], [85,8], [85,4], [85,5]] merged=[[87,2]] --- (Vertex3)[[86,8], [86,7], [w85,4], [w85,1], [w85,5], [w85,3], [w85,6], [86,5], [86,0], [86,4], [w85,2], [w85,0], [w85,7], [w85,8], [86,2], [86,3]] weak=[[w85,4], [w85,1], [w85,5], [w85,3], [w85,6], [w85,2], [w85,0], [w85,7], [w85,8]] (solid_wave_vertices: 9) solid=[[85,5], [85,3], [85,1], [85,8], [85,0], [85,2], [85,4], [85,6], [85,7]] merged=[[87,3]] --- (Vertex4)[[86,8], [86,7], [w85,4], [w85,1], [w85,5], [w85,3], [w85,6], [86,5], [86,0], [86,4], [w85,2], [w85,0], [w85,7], [w85,8], [86,2], [86,3]] weak=[[w85,4], [w85,1], [w85,5], [w85,3], [w85,6], [w85,2], [w85,0], [w85,7], [w85,8]] (solid_wave_vertices: 9) solid=[[85,0], [85,3], [85,5], [85,2], [85,4], [85,6], [85,7], [85,1], [85,8]] merged=[[87,4]] --- (Vertex5)[[86,8], [86,7], [w85,4], [w85,1], [w85,5], [w85,3], [w85,6], [86,5], [86,0], [86,4], [w85,2], [w85,0], [w85,7], [w85,8], [86,2], [86,3]] weak=[[w85,4], [w85,1], [w85,5], [w85,3], [w85,6], [w85,2], [w85,0], [w85,7], [w85,8]] (solid_wave_vertices: 9) solid=[[85,3], [85,7], [85,2], [85,5], [85,8], [85,4], [85,1], [85,0], [85,6]] merged=[[87,5]] --- (Vertex6)[[w85,4], [w85,1], [w85,5], [w85,3], [w85,6], [86,5], [86,6], [86,0], [86,4], [w85,2], [w85,0], [86,1], [w85,7], [w85,8], [86,2], [86,3]] weak=[[w85,4], [w85,1], [w85,5], [w85,3], [w85,6], [w85,2], [w85,0], [w85,7], [w85,8]] (solid_wave_vertices: 9) solid=[[85,0], [85,6], [85,2], [85,4], [85,1], [85,3], [85,7], [85,8], [85,5]] merged=[[87,6]] --- (Vertex7)[[86,8], [86,7], [w85,4], [w85,1], [w85,5], [w85,3], [w85,6], [86,5], [86,0], [86,4], [w85,2], [w85,0], [w85,7], [w85,8], [86,2], [86,3]] weak=[[w85,4], [w85,1], [w85,5], [w85,3], [w85,6], [w85,2], [w85,0], [w85,7], [w85,8]] (solid_wave_vertices: 9) solid=[[85,7], [85,2], [85,8], [85,0], [85,1], [85,3], [85,5], [85,6], [85,4]] merged=[[87,7]] --- (Vertex8)[[86,8], [86,7], [w85,4], [w85,1], [w85,5], [w85,3], [w85,6], [86,5], [86,0], [86,4], [w85,2], [w85,0], [w85,7], [w85,8], [86,2], [86,3]] weak=[[w85,4], [w85,1], [w85,5], [w85,3], [w85,6], [w85,2], [w85,0], [w85,7], [w85,8]] (solid_wave_vertices: 9) solid=[[85,6], [85,1], [85,4], [85,2], [85,7], [85,3], [85,0], [85,5], [85,8]] merged=[[87,8]] --- (Vertex9)[[86,8], [86,7], [w85,4], [w85,1], [w85,5], [w85,3], [w85,6], [86,0], [w85,9], [86,4], [w85,2], [w85,0], [86,1], [w85,7], [w85,8], [86,2], [86,3]] weak=[[w85,4], [w85,1], [w85,5], [w85,3], [w85,6], [w85,9], [w85,2], [w85,0], [w85,7], [w85,8]] (solid_wave_vertices: 10) solid=[[85,5], [85,7], [85,2], [85,3], [85,0], [85,8], [85,9], [85,1], [85,6], [85,4]] merged=[[87,9]]
Round 88: (Vertex0)[[87,4], [87,5], [87,0], [87,7], [87,1], [87,6], [87,8]] (solid_wave_vertices: 7) solid=[[87,8], [87,1], [87,4], [87,5], [87,6], [87,7], [87,0]] merged=[[87,8], [87,4], [87,1], [87,6], [87,7], [87,5], [87,0]] --- (Vertex1)[[87,4], [87,5], [87,0], [87,7], [87,1], [87,6], [87,3]] (solid_wave_vertices: 7) solid=[[87,1], [87,6], [87,4], [87,0], [87,3], [87,7], [87,5]] merged=[[87,1], [87,0], [87,4], [87,7], [87,3], [87,6], [87,5]] --- (Vertex2)[[87,4], [87,2], [87,5], [87,7], [87,1], [87,3], [87,8]] (solid_wave_vertices: 7) solid=[[87,2], [87,5], [87,7], [87,8], [87,4], [87,1], [87,3]] merged=[[87,8], [87,7], [87,4], [87,3], [87,2], [87,1], [87,5]] --- (Vertex3)[[87,4], [87,2], [87,5], [87,7], [87,1], [87,3], [87,8]] (solid_wave_vertices: 7) solid=[[87,4], [87,8], [87,1], [87,2], [87,3], [87,5], [87,7]] merged=[[87,7], [87,1], [87,4], [87,5], [87,8], [87,3], [87,2]] --- (Vertex4)[[87,4], [87,2], [87,5], [87,7], [87,1], [87,3], [87,8]] (solid_wave_vertices: 7) solid=[[87,3], [87,8], [87,4], [87,7], [87,1], [87,5], [87,2]] merged=[[87,7], [87,4], [87,5], [87,3], [87,8], [87,2], [87,1]] --- (Vertex5)[[87,4], [87,2], [87,5], [87,7], [87,1], [87,3], [87,8]] (solid_wave_vertices: 7) solid=[[87,1], [87,5], [87,7], [87,4], [87,3], [87,8], [87,2]] merged=[[87,8], [87,1], [87,2], [87,4], [87,3], [87,7], [87,5]] --- (Vertex6)[[87,4], [87,5], [87,0], [87,7], [87,1], [87,6], [87,3]] (solid_wave_vertices: 7) solid=[[87,3], [87,1], [87,4], [87,0], [87,5], [87,7], [87,6]] merged=[[87,0], [87,4], [87,5], [87,7], [87,3], [87,1], [87,6]] --- (Vertex7)[[87,4], [87,2], [87,5], [87,7], [87,1], [87,3], [87,8]] (solid_wave_vertices: 7) solid=[[87,5], [87,4], [87,1], [87,8], [87,2], [87,7], [87,3]] merged=[[87,8], [87,7], [87,5], [87,3], [87,1], [87,2], [87,4]] --- (Vertex8)[[87,4], [87,2], [87,5], [87,7], [87,1], [87,3], [87,8]] (solid_wave_vertices: 7) solid=[[87,2], [87,7], [87,8], [87,5], [87,4], [87,3], [87,1]] merged=[[87,1], [87,8], [87,3], [87,7], [87,5], [87,4], [87,2]] --- (Vertex9)[[87,4], [87,5], [87,0], [87,7], [87,1], [87,6], [87,8]] (solid_wave_vertices: 7) solid=[[87,0], [87,1], [87,5], [87,6], [87,8], [87,4], [87,7]] merged=[[87,6], [87,7], [87,4], [87,5], [87,0], [87,1], [87,8]]
Round 89: (Vertex0)[[w87,4], [w87,2], [w87,5], [88,6], [w87,0], [88,5], [w87,7], [88,1], [w87,1], [88,4], [88,2], [w87,6], [w87,3], [88,3], [w87,8], [88,0]] weak=[[w87,4], [w87,2], [w87,5], [w87,0], [w87,7], [w87,1], [w87,6], [w87,3], [w87,8]] (solid_wave_vertices: 9) solid=[[87,0], [87,2], [87,1], [87,7], [87,6], [87,4], [87,3], [87,5], [87,8]] merged=[[89,0]] --- (Vertex1)[[w87,4], [w87,2], [w87,5], [88,6], [w87,0], [88,5], [w87,7], [88,1], [w87,1], [88,4], [88,2], [w87,6], [w87,3], [88,3], [w87,8], [88,0]] weak=[[w87,4], [w87,2], [w87,5], [w87,0], [w87,7], [w87,1], [w87,6], [w87,3], [w87,8]] (solid_wave_vertices: 9) solid=[[87,1], [87,2], [87,5], [87,4], [87,0], [87,7], [87,6], [87,3], [87,8]] merged=[[89,1]] --- (Vertex2)[[w87,4], [w87,2], [w87,5], [88,7], [w87,0], [88,5], [w87,7], [w87,1], [88,4], [88,8], [88,2], [w87,6], [w87,3], [88,3], [w87,8], [88,0]] weak=[[w87,4], [w87,2], [w87,5], [w87,0], [w87,7], [w87,1], [w87,6], [w87,3], [w87,8]] (solid_wave_vertices: 9) solid=[[87,5], [87,0], [87,3], [87,7], [87,1], [87,6], [87,2], [87,4], [87,8]] merged=[[89,2]] --- (Vertex3)[[w87,4], [w87,2], [w87,5], [88,7], [w87,0], [88,5], [w87,7], [w87,1], [88,4], [88,8], [88,2], [w87,6], [w87,3], [88,3], [w87,8], [88,0]] weak=[[w87,4], [w87,2], [w87,5], [w87,0], [w87,7], [w87,1], [w87,6], [w87,3], [w87,8]] (solid_wave_vertices: 9) solid=[[87,0], [87,5], [87,1], [87,2], [87,8], [87,4], [87,3], [87,7], [87,6]] merged=[[89,3]] --- (Vertex4)[[w87,4], [w87,2], [w87,5], [88,7], [w87,0], [88,5], [w87,7], [w87,1], [88,4], [88,8], [88,2], [w87,6], [w87,3], [88,3], [w87,8], [88,0]] weak=[[w87,4], [w87,2], [w87,5], [w87,0], [w87,7], [w87,1], [w87,6], [w87,3], [w87,8]] (solid_wave_vertices: 9) solid=[[87,8], [87,2], [87,4], [87,0], [87,1], [87,7], [87,6], [87,3], [87,5]] merged=[[89,4]] --- (Vertex5)[[w87,4], [w87,2], [w87,5], [88,7], [w87,0], [88,5], [w87,7], [w87,1], [88,4], [88,8], [88,2], [w87,6], [w87,3], [88,3], [w87,8], [88,0]] weak=[[w87,4], [w87,2], [w87,5], [w87,0], [w87,7], [w87,1], [w87,6], [w87,3], [w87,8]] (solid_wave_vertices: 9) solid=[[87,4], [87,0], [87,6], [87,1], [87,8], [87,7], [87,5], [87,2], [87,3]] merged=[[89,5]] --- (Vertex6)[[w87,4], [w87,2], [w87,5], [88,6], [w87,0], [88,5], [w87,7], [88,1], [w87,1], [88,4], [88,8], [88,2], [w87,6], [w87,3], [w87,8], [88,0]] weak=[[w87,4], [w87,2], [w87,5], [w87,0], [w87,7], [w87,1], [w87,6], [w87,3], [w87,8]] (solid_wave_vertices: 9) solid=[[87,8], [87,2], [87,3], [87,5], [87,1], [87,6], [87,7], [87,4], [87,0]] merged=[[89,6]] --- (Vertex7)[[w87,4], [w87,2], [w87,5], [88,7], [w87,0], [88,5], [w87,7], [w87,1], [88,4], [88,8], [88,2], [w87,6], [w87,3], [88,3], [w87,8], [88,0]] weak=[[w87,4], [w87,2], [w87,5], [w87,0], [w87,7], [w87,1], [w87,6], [w87,3], [w87,8]] (solid_wave_vertices: 9) solid=[[87,5], [87,3], [87,4], [87,6], [87,8], [87,7], [87,2], [87,0], [87,1]] merged=[[89,7]] --- (Vertex8)[[w87,4], [w87,2], [w87,5], [88,7], [w87,0], [88,5], [w87,7], [w87,1], [88,4], [88,8], [88,2], [w87,6], [w87,3], [88,3], [w87,8], [88,0]] weak=[[w87,4], [w87,2], [w87,5], [w87,0], [w87,7], [w87,1], [w87,6], [w87,3], [w87,8]] (solid_wave_vertices: 9) solid=[[87,2], [87,3], [87,8], [87,6], [87,7], [87,0], [87,4], [87,5], [87,1]] merged=[[89,8]] --- (Vertex9)[[w87,4], [w87,2], [w87,5], [88,7], [w87,0], [88,5], [w87,9], [w87,7], [88,1], [w87,1], [88,4], [88,8], [w87,6], [w87,3], [88,3], [w87,8], [88,0]] weak=[[w87,4], [w87,2], [w87,5], [w87,0], [w87,9], [w87,7], [w87,1], [w87,6], [w87,3], [w87,8]] (solid_wave_vertices: 10) solid=[[87,9], [87,2], [87,7], [87,5], [87,3], [87,0], [87,8], [87,6], [87,4], [87,1]] merged=[[89,9]]
Round 90: (Vertex0)[[89,3], [89,7], [89,5], [89,1], [89,4], [89,0], [89,6]] (solid_wave_vertices: 7) solid=[[89,1], [89,3], [89,7], [89,4], [89,6], [89,0], [89,5]] merged=[[89,7], [89,1], [89,0], [89,3], [89,5], [89,6], [89,4]] --- (Vertex1)[[89,3], [89,7], [89,5], [89,1], [89,4], [89,0], [89,6]] (solid_wave_vertices: 7) solid=[[89,6], [89,1], [89,4], [89,3], [89,5], [89,0], [89,7]] merged=[[89,6], [89,1], [89,7], [89,0], [89,5], [89,3], [89,4]] --- (Vertex2)[[89,2], [89,3], [89,7], [89,5], [89,8], [89,4], [89,6]] (solid_wave_vertices: 7) solid=[[89,7], [89,4], [89,6], [89,2], [89,3], [89,8], [89,5]] merged=[[89,7], [89,2], [89,8], [89,3], [89,4], [89,5], [89,6]] --- (Vertex3)[[89,2], [89,3], [89,7], [89,5], [89,8], [89,4], [89,6]] (solid_wave_vertices: 7) solid=[[89,3], [89,7], [89,6], [89,5], [89,8], [89,2], [89,4]] merged=[[89,4], [89,5], [89,2], [89,8], [89,7], [89,6], [89,3]] --- (Vertex4)[[89,2], [89,3], [89,7], [89,5], [89,8], [89,4], [89,6]] (solid_wave_vertices: 7) solid=[[89,8], [89,6], [89,2], [89,7], [89,5], [89,4], [89,3]] merged=[[89,8], [89,3], [89,4], [89,6], [89,5], [89,2], [89,7]] --- (Vertex5)[[89,2], [89,3], [89,7], [89,5], [89,8], [89,4], [89,6]] (solid_wave_vertices: 7) solid=[[89,5], [89,6], [89,4], [89,8], [89,7], [89,3], [89,2]] merged=[[89,5], [89,6], [89,2], [89,4], [89,7], [89,3], [89,8]] --- (Vertex6)[[89,3], [89,7], [89,5], [89,1], [89,4], [89,0], [89,6]] (solid_wave_vertices: 7) solid=[[89,3], [89,6], [89,0], [89,5], [89,1], [89,4], [89,7]] merged=[[89,6], [89,0], [89,1], [89,5], [89,4], [89,3], [89,7]] --- (Vertex7)[[89,2], [89,3], [89,7], [89,5], [89,8], [89,4], [89,6]] (solid_wave_vertices: 7) solid=[[89,3], [89,2], [89,8], [89,7], [89,6], [89,4], [89,5]] merged=[[89,6], [89,2], [89,5], [89,8], [89,7], [89,4], [89,3]] --- (Vertex8)[[89,2], [89,3], [89,7], [89,5], [89,8], [89,4], [89,6]] (solid_wave_vertices: 7) solid=[[89,2], [89,3], [89,5], [89,4], [89,7], [89,8], [89,6]] merged=[[89,7], [89,6], [89,8], [89,2], [89,3], [89,4], [89,5]] --- (Vertex9)[[89,3], [89,5], [89,1], [89,8], [89,4], [89,0], [89,6]] (solid_wave_vertices: 7) solid=[[89,5], [89,0], [89,6], [89,3], [89,4], [89,8], [89,1]] merged=[[89,0], [89,6], [89,8], [89,5], [89,4], [89,1], [89,3]]
Round 91: (Vertex0)[[90,2], [w89,2], [90,0], [w89,3], [w89,7], [90,6], [w89,5], [90,1], [90,4], [w89,1], [w89,8], [w89,4], [90,3], [w89,0], [w89,6], [90,5]] weak=[[w89,2], [w89,3], [w89,7], [w89,5], [w89,1], [w89,8], [w89,4], [w89,0], [w89,6]] (solid_wave_vertices: 9) solid=[[89,4], [89,3], [89,2], [89,0], [89,6], [89,5], [89,1], [89,7], [89,8]] merged=[[91,0]] --- (Vertex1)[[90,2], [w89,2], [90,0], [w89,3], [w89,7], [90,6], [w89,5], [90,1], [90,4], [w89,1], [w89,8], [w89,4], [90,7], [w89,0], [w89,6], [90,8]] weak=[[w89,2], [w89,3], [w89,7], [w89,5], [w89,1], [w89,8], [w89,4], [w89,0], [w89,6]] (solid_wave_vertices: 9) solid=[[89,6], [89,2], [89,7], [89,0], [89,4], [89,3], [89,1], [89,8], [89,5]] merged=[[91,1]] --- (Vertex2)[[90,2], [w89,2], [90,0], [w89,3], [w89,7], [w89,5], [90,4], [w89,1], [w89,8], [w89,4], [90,3], [90,7], [w89,0], [w89,6], [90,8], [90,5]] weak=[[w89,2], [w89,3], [w89,7], [w89,5], [w89,1], [w89,8], [w89,4], [w89,0], [w89,6]] (solid_wave_vertices: 9) solid=[[89,4], [89,8], [89,2], [89,3], [89,0], [89,5], [89,6], [89,7], [89,1]] merged=[[91,2]] --- (Vertex3)[[90,2], [w89,2], [90,0], [w89,3], [w89,7], [w89,5], [90,4], [w89,1], [w89,8], [w89,4], [90,3], [90,7], [w89,0], [w89,6], [90,8], [90,5]] weak=[[w89,2], [w89,3], [w89,7], [w89,5], [w89,1], [w89,8], [w89,4], [w89,0], [w89,6]] (solid_wave_vertices: 9) solid=[[89,4], [89,7], [89,0], [89,6], [89,5], [89,8], [89,2], [89,3], [89,1]] merged=[[91,3]] --- (Vertex4)[[90,2], [w89,2], [90,0], [w89,3], [w89,7], [w89,5], [90,4], [w89,1], [w89,8], [w89,4], [90,3], [90,7], [w89,0], [w89,6], [90,8], [90,5]] weak=[[w89,2], [w89,3], [w89,7], [w89,5], [w89,1], [w89,8], [w89,4], [w89,0], [w89,6]] (solid_wave_vertices: 9) solid=[[89,2], [89,0], [89,7], [89,1], [89,6], [89,5], [89,3], [89,8], [89,4]] merged=[[91,4]] --- (Vertex5)[[90,2], [w89,2], [90,0], [w89,3], [w89,7], [w89,5], [90,4], [w89,1], [w89,8], [w89,4], [90,3], [90,7], [w89,0], [w89,6], [90,8], [90,5]] weak=[[w89,2], [w89,3], [w89,7], [w89,5], [w89,1], [w89,8], [w89,4], [w89,0], [w89,6]] (solid_wave_vertices: 9) solid=[[89,5], [89,2], [89,0], [89,7], [89,6], [89,4], [89,1], [89,8], [89,3]] merged=[[91,5]] --- (Vertex6)[[90,2], [w89,2], [90,0], [w89,3], [w89,7], [90,6], [w89,5], [90,1], [90,4], [w89,1], [w89,8], [w89,4], [90,3], [w89,0], [w89,6], [90,8]] weak=[[w89,2], [w89,3], [w89,7], [w89,5], [w89,1], [w89,8], [w89,4], [w89,0], [w89,6]] (solid_wave_vertices: 9) solid=[[89,1], [89,7], [89,4], [89,5], [89,0], [89,3], [89,6], [89,2], [89,8]] merged=[[91,6]] --- (Vertex7)[[90,2], [w89,2], [90,0], [w89,3], [w89,7], [w89,5], [90,4], [w89,1], [w89,8], [w89,4], [90,3], [90,7], [w89,0], [w89,6], [90,8], [90,5]] weak=[[w89,2], [w89,3], [w89,7], [w89,5], [w89,1], [w89,8], [w89,4], [w89,0], [w89,6]] (solid_wave_vertices: 9) solid=[[89,5], [89,4], [89,0], [89,2], [89,1], [89,8], [89,3], [89,6], [89,7]] merged=[[91,7]] --- (Vertex8)[[90,2], [w89,2], [90,0], [w89,3], [w89,7], [w89,5], [90,4], [w89,1], [w89,8], [w89,4], [90,3], [90,7], [w89,0], [w89,6], [90,8], [90,5]] weak=[[w89,2], [w89,3], [w89,7], [w89,5], [w89,1], [w89,8], [w89,4], [w89,0], [w89,6]] (solid_wave_vertices: 9) solid=[[89,4], [89,6], [89,2], [89,7], [89,8], [89,0], [89,5], [89,1], [89,3]] merged=[[91,8]] --- (Vertex9)[[w89,2], [90,0], [w89,3], [w89,7], [90,6], [w89,5], [90,1], [w89,9], [90,4], [w89,1], [w89,8], [w89,4], [90,3], [w89,0], [w89,6], [90,8], [90,5]] weak=[[w89,2], [w89,3], [w89,7], [w89,5], [w89,9], [w89,1], [w89,8], [w89,4], [w89,0], [w89,6]] (solid_wave_vertices: 10) solid=[[89,1], [89,2], [89,8], [89,6], [89,4], [89,3], [89,0], [89,9], [89,7], [89,5]] merged=[[91,9]]
Round 92: (Vertex0)[[91,7], [91,3], [91,4], [91,0], [91,6], [91,8], [91,1]] (solid_wave_vertices: 7) solid=[[91,8], [91,3], [91,0], [91,4], [91,7], [91,6], [91,1]] merged=[[91,6], [91,7], [91,0], [91,8], [91,4], [91,3], [91,1]] --- (Vertex1)[[91,7], [91,3], [91,4], [91,0], [91,6], [91,8], [91,1]] (solid_wave_vertices: 7) solid=[[91,7], [91,4], [91,3], [91,8], [91,6], [91,1], [91,0]] merged=[[91,4], [91,8], [91,6], [91,0], [91,7], [91,3], [91,1]] --- (Vertex2)[[91,7], [91,3], [91,4], [91,6], [91,5], [91,2], [91,8]] (solid_wave_vertices: 7) solid=[[91,5], [91,8], [91,3], [91,2], [91,6], [91,7], [91,4]] merged=[[91,8], [91,3], [91,5], [91,7], [91,6], [91,2], [91,4]] --- (Vertex3)[[91,7], [91,3], [91,4], [91,6], [91,5], [91,2], [91,8]] (solid_wave_vertices: 7) solid=[[91,5], [91,7], [91,8], [91,2], [91,3], [91,4], [91,6]] merged=[[91,4], [91,8], [91,3], [91,7], [91,5], [91,6], [91,2]] --- (Vertex4)[[91,7], [91,3], [91,4], [91,6], [91,5], [91,2], [91,8]] (solid_wave_vertices: 7) solid=[[91,8], [91,6], [91,4], [91,2], [91,7], [91,3], [91,5]] merged=[[91,8], [91,4], [91,6], [91,2], [91,7], [91,3], [91,5]] --- (Vertex5)[[91,7], [91,3], [91,4], [91,6], [91,5], [91,2], [91,8]] (solid_wave_vertices: 7) solid=[[91,4], [91,5], [91,2], [91,7], [91,6], [91,3], [91,8]] merged=[[91,6], [91,4], [91,8], [91,2], [91,7], [91,5], [91,3]] --- (Vertex6)[[91,7], [91,3], [91,4], [91,0], [91,6], [91,5], [91,1]] (solid_wave_vertices: 7) solid=[[91,1], [91,3], [91,6], [91,4], [91,0], [91,7], [91,5]] merged=[[91,4], [91,3], [91,7], [91,1], [91,5], [91,0], [91,6]] --- (Vertex7)[[91,7], [91,3], [91,4], [91,6], [91,5], [91,2], [91,8]] (solid_wave_vertices: 7) solid=[[91,6], [91,4], [91,8], [91,7], [91,2], [91,5], [91,3]] merged=[[91,6], [91,5], [91,2], [91,4], [91,3], [91,7], [91,8]] --- (Vertex8)[[91,7], [91,3], [91,4], [91,6], [91,5], [91,2], [91,8]] (solid_wave_vertices: 7) solid=[[91,5], [91,6], [91,8], [91,3], [91,2], [91,7], [91,4]] merged=[[91,2], [91,6], [91,4], [91,3], [91,7], [91,8], [91,5]] --- (Vertex9)[[91,3], [91,0], [91,6], [91,5], [91,2], [91,8], [91,1]] (solid_wave_vertices: 7) solid=[[91,0], [91,5], [91,3], [91,2], [91,8], [91,6], [91,1]] merged=[[91,0], [91,2], [91,1], [91,3], [91,5], [91,6], [91,8]]
Round 93: (Vertex0)[[w91,7], [92,3], [w91,3], [w91,4], [w91,0], [92,5], [92,6], [92,4], [w91,6], [92,1], [w91,5], [w91,2], [92,2], [92,0], [w91,8], [w91,1]] weak=[[w91,7], [w91,3], [w91,4], [w91,0], [w91,6], [w91,5], [w91,2], [w91,8], [w91,1]] (solid_wave_vertices: 9) solid=[[91,0], [91,4], [91,8], [91,6], [91,1], [91,5], [91,2], [91,7], [91,3]] merged=[[93,0]] --- (Vertex1)[[w91,7], [92,3], [w91,3], [w91,4], [w91,0], [92,6], [w91,6], [92,1], [92,7], [w91,5], [w91,2], [92,2], [92,8], [92,0], [w91,8], [w91,1]] weak=[[w91,7], [w91,3], [w91,4], [w91,0], [w91,6], [w91,5], [w91,2], [w91,8], [w91,1]] (solid_wave_vertices: 9) solid=[[91,1], [91,4], [91,2], [91,5], [91,7], [91,3], [91,8], [91,6], [91,0]] merged=[[93,1]] --- (Vertex2)[[w91,7], [92,3], [w91,3], [w91,4], [w91,0], [92,5], [92,4], [w91,6], [92,7], [w91,5], [w91,2], [92,2], [92,8], [92,0], [w91,8], [w91,1]] weak=[[w91,7], [w91,3], [w91,4], [w91,0], [w91,6], [w91,5], [w91,2], [w91,8], [w91,1]] (solid_wave_vertices: 9) solid=[[91,2], [91,7], [91,6], [91,1], [91,4], [91,5], [91,0], [91,8], [91,3]] merged=[[93,2]] --- (Vertex3)[[w91,7], [92,3], [w91,3], [w91,4], [w91,0], [92,5], [92,4], [w91,6], [92,7], [w91,5], [w91,2], [92,2], [92,8], [92,0], [w91,8], [w91,1]] weak=[[w91,7], [w91,3], [w91,4], [w91,0], [w91,6], [w91,5], [w91,2], [w91,8], [w91,1]] (solid_wave_vertices: 9) solid=[[91,7], [91,5], [91,8], [91,1], [91,0], [91,6], [91,2], [91,3], [91,4]] merged=[[93,3]] --- (Vertex4)[[w91,7], [92,3], [w91,3], [w91,4], [w91,0], [92,5], [92,4], [w91,6], [92,7], [w91,5], [w91,2], [92,2], [92,8], [92,0], [w91,8], [w91,1]] weak=[[w91,7], [w91,3], [w91,4], [w91,0], [w91,6], [w91,5], [w91,2], [w91,8], [w91,1]] (solid_wave_vertices: 9) solid=[[91,0], [91,4], [91,5], [91,3], [91,2], [91,1], [91,7], [91,6], [91,8]] merged=[[93,4]] --- (Vertex5)[[w91,7], [92,3], [w91,3], [w91,4], [w91,0], [92,5], [92,4], [w91,6], [92,7], [w91,5], [w91,2], [92,2], [92,8], [92,0], [w91,8], [w91,1]] weak=[[w91,7], [w91,3], [w91,4], [w91,0], [w91,6], [w91,5], [w91,2], [w91,8], [w91,1]] (solid_wave_vertices: 9) solid=[[91,7], [91,1], [91,2], [91,6], [91,3], [91,4], [91,8], [91,0], [91,5]] merged=[[93,5]] --- (Vertex6)[[w91,7], [92,3], [w91,3], [w91,4], [w91,0], [92,5], [92,6], [92,4], [w91,6], [92,1], [w91,5], [w91,2], [92,8], [92,0], [w91,8], [w91,1]] weak=[[w91,7], [w91,3], [w91,4], [w91,0], [w91,6], [w91,5], [w91,2], [w91,8], [w91,1]] (solid_wave_vertices: 9) solid=[[91,6], [91,5], [91,2], [91,8], [91,0], [91,7], [91,4], [91,1], [91,3]] merged=[[93,6]] --- (Vertex7)[[w91,7], [92,3], [w91,3], [w91,4], [w91,0], [92,5], [92,4], [w91,6], [92,7], [w91,5], [w91,2], [92,2], [92,8], [92,0], [w91,8], [w91,1]] weak=[[w91,7], [w91,3], [w91,4], [w91,0], [w91,6], [w91,5], [w91,2], [w91,8], [w91,1]] (solid_wave_vertices: 9) solid=[[91,5], [91,2], [91,0], [91,8], [91,3], [91,4], [91,7], [91,1], [91,6]] merged=[[93,7]] --- (Vertex8)[[w91,7], [92,3], [w91,3], [w91,4], [w91,0], [92,5], [92,4], [w91,6], [92,7], [w91,5], [w91,2], [92,2], [92,8], [92,0], [w91,8], [w91,1]] weak=[[w91,7], [w91,3], [w91,4], [w91,0], [w91,6], [w91,5], [w91,2], [w91,8], [w91,1]] (solid_wave_vertices: 9) solid=[[91,5], [91,6], [91,3], [91,2], [91,1], [91,7], [91,4], [91,0], [91,8]] merged=[[93,8]] --- (Vertex9)[[w91,7], [92,3], [w91,3], [w91,4], [w91,0], [92,6], [92,4], [w91,6], [92,1], [92,7], [w91,9], [w91,5], [w91,2], [92,8], [92,0], [w91,8], [w91,1]] weak=[[w91,7], [w91,3], [w91,4], [w91,0], [w91,6], [w91,9], [w91,5], [w91,2], [w91,8], [w91,1]] (solid_wave_vertices: 10) solid=[[91,0], [91,3], [91,8], [91,9], [91,6], [91,7], [91,5], [91,2], [91,4], [91,1]] merged=[[93,9]]
Round 94: (Vertex0)[[93,4], [93,7], [93,0], [93,6], [93,8], [93,1], [93,3]] (solid_wave_vertices: 7) solid=[[93,7], [93,6], [93,3], [93,4], [93,8], [93,0], [93,1]] merged=[[93,1], [93,3], [93,7], [93,6], [93,4], [93,8], [93,0]] --- (Vertex1)[[93,4], [93,7], [93,0], [93,6], [93,8], [93,1], [93,3]] (solid_wave_vertices: 7) solid=[[93,3], [93,0], [93,7], [93,4], [93,1], [93,6], [93,8]] merged=[[93,6], [93,8], [93,0], [93,4], [93,1], [93,3], [93,7]] --- (Vertex2)[[93,5], [93,4], [93,7], [93,2], [93,6], [93,8], [93,3]] (solid_wave_vertices: 7) solid=[[93,3], [93,5], [93,6], [93,8], [93,7], [93,4], [93,2]] merged=[[93,6], [93,2], [93,3], [93,4], [93,8], [93,5], [93,7]] --- (Vertex3)[[93,5], [93,4], [93,7], [93,2], [93,6], [93,8], [93,3]] (solid_wave_vertices: 7) solid=[[93,3], [93,2], [93,4], [93,5], [93,6], [93,7], [93,8]] merged=[[93,8], [93,2], [93,4], [93,3], [93,5], [93,6], [93,7]] --- (Vertex4)[[93,5], [93,4], [93,7], [93,2], [93,6], [93,8], [93,3]] (solid_wave_vertices: 7) solid=[[93,8], [93,4], [93,2], [93,6], [93,3], [93,7], [93,5]] merged=[[93,3], [93,5], [93,7], [93,4], [93,6], [93,8], [93,2]] --- (Vertex5)[[93,5], [93,4], [93,7], [93,2], [93,6], [93,8], [93,3]] (solid_wave_vertices: 7) solid=[[93,8], [93,4], [93,2], [93,7], [93,3], [93,5], [93,6]] merged=[[93,8], [93,5], [93,3], [93,2], [93,6], [93,4], [93,7]] --- (Vertex6)[[93,4], [93,7], [93,0], [93,6], [93,8], [93,1], [93,3]] (solid_wave_vertices: 7) solid=[[93,0], [93,7], [93,4], [93,3], [93,6], [93,8], [93,1]] merged=[[93,0], [93,4], [93,1], [93,3], [93,7], [93,6], [93,8]] --- (Vertex7)[[93,5], [93,4], [93,7], [93,2], [93,6], [93,8], [93,3]] (solid_wave_vertices: 7) solid=[[93,7], [93,6], [93,8], [93,4], [93,5], [93,3], [93,2]] merged=[[93,4], [93,3], [93,8], [93,6], [93,5], [93,7], [93,2]] --- (Vertex8)[[93,5], [93,4], [93,7], [93,2], [93,6], [93,8], [93,3]] (solid_wave_vertices: 7) solid=[[93,8], [93,7], [93,2], [93,3], [93,5], [93,6], [93,4]] merged=[[93,7], [93,8], [93,4], [93,5], [93,6], [93,3], [93,2]] --- (Vertex9)[[93,4], [93,7], [93,0], [93,6], [93,8], [93,1], [93,3]] (solid_wave_vertices: 7) solid=[[93,8], [93,6], [93,7], [93,0], [93,3], [93,4], [93,1]] merged=[[93,0], [93,7], [93,3], [93,8], [93,4], [93,6], [93,1]]
Round 95: (Vertex0)[[w93,5], [w93,4], [94,4], [94,2], [w93,7], [w93,0], [w93,2], [w93,6], [94,1], [w93,8], [94,5], [w93,1], [94,3], [94,6], [94,0], [w93,3]] weak=[[w93,5], [w93,4], [w93,7], [w93,0], [w93,2], [w93,6], [w93,8], [w93,1], [w93,3]] (solid_wave_vertices: 9) solid=[[93,4], [93,0], [93,3], [93,5], [93,1], [93,6], [93,8], [93,2], [93,7]] merged=[[95,0]] --- (Vertex1)[[w93,5], [w93,4], [94,4], [94,2], [w93,7], [w93,0], [w93,2], [w93,6], [94,7], [94,1], [w93,8], [94,8], [w93,1], [94,6], [94,0], [w93,3]] weak=[[w93,5], [w93,4], [w93,7], [w93,0], [w93,2], [w93,6], [w93,8], [w93,1], [w93,3]] (solid_wave_vertices: 9) solid=[[93,5], [93,0], [93,2], [93,1], [93,8], [93,3], [93,4], [93,7], [93,6]] merged=[[95,1]] --- (Vertex2)[[w93,5], [w93,4], [94,4], [94,2], [w93,7], [w93,0], [w93,2], [w93,6], [94,7], [w93,8], [94,8], [94,5], [w93,1], [94,3], [94,0], [w93,3]] weak=[[w93,5], [w93,4], [w93,7], [w93,0], [w93,2], [w93,6], [w93,8], [w93,1], [w93,3]] (solid_wave_vertices: 9) solid=[[93,4], [93,2], [93,6], [93,3], [93,7], [93,0], [93,1], [93,5], [93,8]] merged=[[95,2]] --- (Vertex3)[[w93,5], [w93,4], [94,4], [94,2], [w93,7], [w93,0], [w93,2], [w93,6], [94,7], [w93,8], [94,8], [94,5], [w93,1], [94,3], [94,0], [w93,3]] weak=[[w93,5], [w93,4], [w93,7], [w93,0], [w93,2], [w93,6], [w93,8], [w93,1], [w93,3]] (solid_wave_vertices: 9) solid=[[93,6], [93,5], [93,0], [93,3], [93,7], [93,1], [93,4], [93,8], [93,2]] merged=[[95,3]] --- (Vertex4)[[w93,5], [w93,4], [94,4], [94,2], [w93,7], [w93,0], [w93,2], [w93,6], [94,7], [w93,8], [94,8], [94,5], [w93,1], [94,3], [94,0], [w93,3]] weak=[[w93,5], [w93,4], [w93,7], [w93,0], [w93,2], [w93,6], [w93,8], [w93,1], [w93,3]] (solid_wave_vertices: 9) solid=[[93,5], [93,6], [93,0], [93,2], [93,1], [93,3], [93,8], [93,7], [93,4]] merged=[[95,4]] --- (Vertex5)[[w93,5], [w93,4], [94,4], [94,2], [w93,7], [w93,0], [w93,2], [w93,6], [94,7], [w93,8], [94,8], [94,5], [w93,1], [94,3], [94,0], [w93,3]] weak=[[w93,5], [w93,4], [w93,7], [w93,0], [w93,2], [w93,6], [w93,8], [w93,1], [w93,3]] (solid_wave_vertices: 9) solid=[[93,7], [93,5], [93,4], [93,0], [93,6], [93,1], [93,3], [93,8], [93,2]] merged=[[95,5]] --- (Vertex6)[[w93,5], [w93,4], [94,4], [94,2], [w93,7], [w93,0], [w93,2], [w93,6], [94,1], [w93,8], [94,8], [94,5], [w93,1], [94,6], [94,0], [w93,3]] weak=[[w93,5], [w93,4], [w93,7], [w93,0], [w93,2], [w93,6], [w93,8], [w93,1], [w93,3]] (solid_wave_vertices: 9) solid=[[93,5], [93,4], [93,6], [93,1], [93,3], [93,7], [93,0], [93,8], [93,2]] merged=[[95,6]] --- (Vertex7)[[w93,5], [w93,4], [94,4], [94,2], [w93,7], [w93,0], [w93,2], [w93,6], [94,7], [w93,8], [94,8], [94,5], [w93,1], [94,3], [94,0], [w93,3]] weak=[[w93,5], [w93,4], [w93,7], [w93,0], [w93,2], [w93,6], [w93,8], [w93,1], [w93,3]] (solid_wave_vertices: 9) solid=[[93,3], [93,8], [93,4], [93,7], [93,2], [93,5], [93,0], [93,1], [93,6]] merged=[[95,7]] --- (Vertex8)[[w93,5], [w93,4], [94,4], [94,2], [w93,7], [w93,0], [w93,2], [w93,6], [94,7], [w93,8], [94,8], [94,5], [w93,1], [94,3], [94,0], [w93,3]] weak=[[w93,5], [w93,4], [w93,7], [w93,0], [w93,2], [w93,6], [w93,8], [w93,1], [w93,3]] (solid_wave_vertices: 9) solid=[[93,6], [93,5], [93,2], [93,1], [93,4], [93,7], [93,3], [93,0], [93,8]] merged=[[95,8]] --- (Vertex9)[[w93,9], [w93,5], [w93,4], [94,4], [94,2], [w93,7], [w93,0], [w93,2], [w93,6], [94,7], [w93,8], [94,8], [94,5], [w93,1], [94,3], [94,0], [w93,3]] weak=[[w93,9], [w93,5], [w93,4], [w93,7], [w93,0], [w93,2], [w93,6], [w93,8], [w93,1], [w93,3]] (solid_wave_vertices: 10) solid=[[93,0], [93,6], [93,4], [93,1], [93,9], [93,7], [93,5], [93,8], [93,2], [93,3]] merged=[[95,9]]
Round 96: (Vertex0)[[95,6], [95,0], [95,1], [95,5], [95,7], [95,3], [95,4]] (solid_wave_vertices: 7) solid=[[95,7], [95,5], [95,6], [95,0], [95,4], [95,1], [95,3]] merged=[[95,7], [95,6], [95,3], [95,4], [95,0], [95,5], [95,1]] --- (Vertex1)[[95,6], [95,0], [95,1], [95,5], [95,7], [95,3], [95,4]] (solid_wave_vertices: 7) solid=[[95,4], [95,1], [95,7], [95,6], [95,3], [95,5], [95,0]] merged=[[95,6], [95,1], [95,3], [95,5], [95,0], [95,4], [95,7]] --- (Vertex2)[[95,2], [95,1], [95,5], [95,7], [95,3], [95,4], [95,8]] (solid_wave_vertices: 7) solid=[[95,4], [95,7], [95,2], [95,1], [95,5], [95,8], [95,3]] merged=[[95,2], [95,8], [95,1], [95,5], [95,4], [95,7], [95,3]] --- (Vertex3)[[95,2], [95,1], [95,5], [95,7], [95,3], [95,4], [95,8]] (solid_wave_vertices: 7) solid=[[95,5], [95,2], [95,1], [95,4], [95,7], [95,8], [95,3]] merged=[[95,1], [95,8], [95,5], [95,7], [95,2], [95,3], [95,4]] --- (Vertex4)[[95,2], [95,1], [95,5], [95,7], [95,3], [95,4], [95,8]] (solid_wave_vertices: 7) solid=[[95,1], [95,7], [95,2], [95,3], [95,5], [95,4], [95,8]] merged=[[95,7], [95,2], [95,4], [95,8], [95,3], [95,1], [95,5]] --- (Vertex5)[[95,2], [95,1], [95,5], [95,7], [95,3], [95,4], [95,8]] (solid_wave_vertices: 7) solid=[[95,3], [95,2], [95,1], [95,4], [95,5], [95,7], [95,8]] merged=[[95,7], [95,8], [95,5], [95,4], [95,2], [95,1], [95,3]] --- (Vertex6)[[95,6], [95,0], [95,1], [95,5], [95,7], [95,3], [95,4]] (solid_wave_vertices: 7) solid=[[95,0], [95,4], [95,6], [95,1], [95,5], [95,7], [95,3]] merged=[[95,0], [95,7], [95,3], [95,6], [95,1], [95,5], [95,4]] --- (Vertex7)[[95,2], [95,1], [95,5], [95,7], [95,3], [95,4], [95,8]] (solid_wave_vertices: 7) solid=[[95,7], [95,2], [95,4], [95,1], [95,8], [95,5], [95,3]] merged=[[95,7], [95,5], [95,1], [95,4], [95,2], [95,3], [95,8]] --- (Vertex8)[[95,2], [95,1], [95,5], [95,7], [95,3], [95,4], [95,8]] (solid_wave_vertices: 7) solid=[[95,2], [95,7], [95,8], [95,1], [95,5], [95,4], [95,3]] merged=[[95,8], [95,5], [95,4], [95,7], [95,3], [95,1], [95,2]] --- (Vertex9)[[95,2], [95,6], [95,0], [95,1], [95,7], [95,3], [95,4]] (solid_wave_vertices: 7) solid=[[95,1], [95,0], [95,6], [95,7], [95,3], [95,2], [95,4]] merged=[[95,6], [95,4], [95,7], [95,0], [95,2], [95,3], [95,1]]
Round 97: (Vertex0)[[96,1], [96,3], [96,2], [96,0], [w95,2], [96,4], [w95,6], [w95,0], [96,6], [w95,1], [w95,5], [96,5], [w95,7], [w95,3], [w95,4], [w95,8]] weak=[[w95,2], [w95,6], [w95,0], [w95,1], [w95,5], [w95,7], [w95,3], [w95,4], [w95,8]] (solid_wave_vertices: 9) solid=[[95,5], [95,8], [95,2], [95,0], [95,7], [95,3], [95,4], [95,1], [95,6]] merged=[[97,0]] --- (Vertex1)[[96,1], [96,3], [96,2], [96,0], [w95,2], [w95,6], [w95,0], [96,6], [w95,1], [w95,5], [w95,7], [96,7], [w95,3], [96,8], [w95,4], [w95,8]] weak=[[w95,2], [w95,6], [w95,0], [w95,1], [w95,5], [w95,7], [w95,3], [w95,4], [w95,8]] (solid_wave_vertices: 9) solid=[[95,2], [95,7], [95,8], [95,0], [95,4], [95,5], [95,3], [95,1], [95,6]] merged=[[97,1]] --- (Vertex2)[[96,3], [96,2], [96,0], [w95,2], [96,4], [w95,6], [w95,0], [w95,1], [w95,5], [96,5], [w95,7], [96,7], [w95,3], [96,8], [w95,4], [w95,8]] weak=[[w95,2], [w95,6], [w95,0], [w95,1], [w95,5], [w95,7], [w95,3], [w95,4], [w95,8]] (solid_wave_vertices: 9) solid=[[95,7], [95,8], [95,0], [95,5], [95,6], [95,1], [95,4], [95,3], [95,2]] merged=[[97,2]] --- (Vertex3)[[96,3], [96,2], [96,0], [w95,2], [96,4], [w95,6], [w95,0], [w95,1], [w95,5], [96,5], [w95,7], [96,7], [w95,3], [96,8], [w95,4], [w95,8]] weak=[[w95,2], [w95,6], [w95,0], [w95,1], [w95,5], [w95,7], [w95,3], [w95,4], [w95,8]] (solid_wave_vertices: 9) solid=[[95,6], [95,4], [95,7], [95,5], [95,3], [95,0], [95,8], [95,1], [95,2]] merged=[[97,3]] --- (Vertex4)[[96,3], [96,2], [96,0], [w95,2], [96,4], [w95,6], [w95,0], [w95,1], [w95,5], [96,5], [w95,7], [96,7], [w95,3], [96,8], [w95,4], [w95,8]] weak=[[w95,2], [w95,6], [w95,0], [w95,1], [w95,5], [w95,7], [w95,3], [w95,4], [w95,8]] (solid_wave_vertices: 9) solid=[[95,1], [95,4], [95,8], [95,7], [95,0], [95,3], [95,5], [95,2], [95,6]] merged=[[97,4]] --- (Vertex5)[[96,3], [96,2], [96,0], [w95,2], [96,4], [w95,6], [w95,0], [w95,1], [w95,5], [96,5], [w95,7], [96,7], [w95,3], [96,8], [w95,4], [w95,8]] weak=[[w95,2], [w95,6], [w95,0], [w95,1], [w95,5], [w95,7], [w95,3], [w95,4], [w95,8]] (solid_wave_vertices: 9) solid=[[95,8], [95,4], [95,6], [95,7], [95,0], [95,2], [95,5], [95,3], [95,1]] merged=[[97,5]] --- (Vertex6)[[96,1], [96,3], [96,2], [96,0], [w95,2], [w95,6], [w95,0], [96,6], [w95,1], [w95,5], [w95,7], [96,7], [w95,3], [96,8], [w95,4], [w95,8]] weak=[[w95,2], [w95,6], [w95,0], [w95,1], [w95,5], [w95,7], [w95,3], [w95,4], [w95,8]] (solid_wave_vertices: 9) solid=[[95,3], [95,1], [95,2], [95,6], [95,4], [95,8], [95,5], [95,0], [95,7]] merged=[[97,6]] --- (Vertex7)[[96,1], [96,3], [96,2], [w95,2], [96,4], [w95,6], [w95,0], [w95,1], [w95,5], [96,5], [w95,7], [96,7], [w95,3], [96,8], [w95,4], [w95,8]] weak=[[w95,2], [w95,6], [w95,0], [w95,1], [w95,5], [w95,7], [w95,3], [w95,4], [w95,8]] (solid_wave_vertices: 9) solid=[[95,2], [95,5], [95,6], [95,0], [95,1], [95,8], [95,4], [95,3], [95,7]] merged=[[97,7]] --- (Vertex8)[[96,3], [96,2], [96,0], [w95,2], [96,4], [w95,6], [w95,0], [w95,1], [w95,5], [96,5], [w95,7], [96,7], [w95,3], [96,8], [w95,4], [w95,8]] weak=[[w95,2], [w95,6], [w95,0], [w95,1], [w95,5], [w95,7], [w95,3], [w95,4], [w95,8]] (solid_wave_vertices: 9) solid=[[95,6], [95,1], [95,4], [95,5], [95,0], [95,7], [95,3], [95,8], [95,2]] merged=[[97,8]] --- (Vertex9)[[96,1], [96,3], [96,0], [w95,2], [96,4], [w95,6], [w95,9], [w95,0], [96,6], [w95,1], [w95,5], [w95,7], [96,7], [w95,3], [96,8], [w95,4], [w95,8]] weak=[[w95,2], [w95,6], [w95,9], [w95,0], [w95,1], [w95,5], [w95,7], [w95,3], [w95,4], [w95,8]] (solid_wave_vertices: 10) solid=[[95,2], [95,1], [95,7], [95,5], [95,8], [95,3], [95,9], [95,6], [95,4], [95,0]] merged=[[97,9]]
Round 98: (Vertex0)[[97,2], [97,7], [97,6], [97,1], [97,3], [97,5], [97,0]] (solid_wave_vertices: 7) solid=[[97,1], [97,0], [97,7], [97,2], [97,5], [97,3], [97,6]] merged=[[97,6], [97,5], [97,0], [97,7], [97,2], [97,1], [97,3]] --- (Vertex1)[[97,2], [97,7], [97,6], [97,1], [97,3], [97,5], [97,0]] (solid_wave_vertices: 7) solid=[[97,6], [97,2], [97,3], [97,0], [97,7], [97,1], [97,5]] merged=[[97,6], [97,3], [97,7], [97,5], [97,2], [97,0], [97,1]] --- (Vertex2)[[97,2], [97,7], [97,6], [97,4], [97,8], [97,3], [97,5]] (solid_wave_vertices: 7) solid=[[97,8], [97,4], [97,3], [97,6], [97,2], [97,7], [97,5]] merged=[[97,3], [97,8], [97,5], [97,2], [97,6], [97,4], [97,7]] --- (Vertex3)[[97,2], [97,7], [97,6], [97,4], [97,8], [97,3], [97,5]] (solid_wave_vertices: 7) solid=[[97,2], [97,7], [97,4], [97,5], [97,3], [97,8], [97,6]] merged=[[97,5], [97,7], [97,6], [97,4], [97,8], [97,2], [97,3]] --- (Vertex4)[[97,2], [97,7], [97,6], [97,4], [97,8], [97,3], [97,5]] (solid_wave_vertices: 7) solid=[[97,5], [97,3], [97,6], [97,7], [97,2], [97,4], [97,8]] merged=[[97,7], [97,8], [97,4], [97,2], [97,3], [97,5], [97,6]] --- (Vertex5)[[97,2], [97,7], [97,6], [97,4], [97,8], [97,3], [97,5]] (solid_wave_vertices: 7) solid=[[97,8], [97,3], [97,2], [97,7], [97,6], [97,5], [97,4]] merged=[[97,5], [97,6], [97,2], [97,8], [97,7], [97,4], [97,3]] --- (Vertex6)[[97,2], [97,6], [97,1], [97,8], [97,3], [97,5], [97,0]] (solid_wave_vertices: 7) solid=[[97,8], [97,6], [97,5], [97,2], [97,1], [97,3], [97,0]] merged=[[97,6], [97,8], [97,5], [97,1], [97,2], [97,3], [97,0]] --- (Vertex7)[[97,2], [97,7], [97,6], [97,4], [97,8], [97,3], [97,5]] (solid_wave_vertices: 7) solid=[[97,7], [97,2], [97,8], [97,5], [97,6], [97,3], [97,4]] merged=[[97,5], [97,3], [97,2], [97,6], [97,8], [97,4], [97,7]] --- (Vertex8)[[97,2], [97,7], [97,6], [97,4], [97,8], [97,3], [97,5]] (solid_wave_vertices: 7) solid=[[97,6], [97,4], [97,5], [97,3], [97,7], [97,2], [97,8]] merged=[[97,7], [97,6], [97,5], [97,3], [97,4], [97,8], [97,2]] --- (Vertex9)[[97,7], [97,6], [97,4], [97,1], [97,8], [97,3], [97,5]] (solid_wave_vertices: 7) solid=[[97,1], [97,7], [97,4], [97,3], [97,5], [97,8], [97,6]] merged=[[97,1], [97,8], [97,4], [97,3], [97,6], [97,7], [97,5]]
Round 99: (Vertex0)[[98,8], [w97,2], [w97,7], [98,1], [98,3], [w97,6], [98,7], [98,6], [w97,4], [98,4], [w97,1], [98,0], [w97,8], [w97,3], [w97,5], [w97,0]] weak=[[w97,2], [w97,7], [w97,6], [w97,4], [w97,1], [w97,8], [w97,3], [w97,5], [w97,0]] (solid_wave_vertices: 9) solid=[[97,4], [97,0], [97,3], [97,8], [97,2], [97,7], [97,6], [97,5], [97,1]] merged=[[99,0]] --- (Vertex1)[[98,8], [w97,2], [w97,7], [98,1], [98,3], [98,5], [w97,6], [98,6], [w97,4], [w97,1], [98,0], [w97,8], [w97,3], [98,2], [w97,5], [w97,0]] weak=[[w97,2], [w97,7], [w97,6], [w97,4], [w97,1], [w97,8], [w97,3], [w97,5], [w97,0]] (solid_wave_vertices: 9) solid=[[97,3], [97,1], [97,2], [97,6], [97,7], [97,8], [97,0], [97,4], [97,5]] merged=[[99,1]] --- (Vertex2)[[98,8], [w97,2], [w97,7], [98,1], [98,3], [98,5], [w97,6], [98,7], [w97,4], [98,4], [w97,1], [w97,8], [w97,3], [98,2], [w97,5], [w97,0]] weak=[[w97,2], [w97,7], [w97,6], [w97,4], [w97,1], [w97,8], [w97,3], [w97,5], [w97,0]] (solid_wave_vertices: 9) solid=[[97,6], [97,8], [97,5], [97,4], [97,7], [97,3], [97,2], [97,1], [97,0]] merged=[[99,2]] --- (Vertex3)[[98,8], [w97,2], [w97,7], [98,1], [98,3], [98,5], [w97,6], [98,7], [w97,4], [98,4], [w97,1], [w97,8], [w97,3], [98,2], [w97,5], [w97,0]] weak=[[w97,2], [w97,7], [w97,6], [w97,4], [w97,1], [w97,8], [w97,3], [w97,5], [w97,0]] (solid_wave_vertices: 9) solid=[[97,3], [97,6], [97,1], [97,7], [97,0], [97,8], [97,5], [97,4], [97,2]] merged=[[99,3]] --- (Vertex4)[[98,8], [w97,2], [w97,7], [98,1], [98,3], [98,5], [w97,6], [98,7], [w97,4], [98,4], [w97,1], [w97,8], [w97,3], [98,2], [w97,5], [w97,0]] weak=[[w97,2], [w97,7], [w97,6], [w97,4], [w97,1], [w97,8], [w97,3], [w97,5], [w97,0]] (solid_wave_vertices: 9) solid=[[97,4], [97,8], [97,3], [97,0], [97,1], [97,5], [97,2], [97,6], [97,7]] merged=[[99,4]] --- (Vertex5)[[98,8], [w97,2], [w97,7], [98,1], [98,3], [98,5], [w97,6], [98,7], [w97,4], [98,4], [w97,1], [w97,8], [w97,3], [98,2], [w97,5], [w97,0]] weak=[[w97,2], [w97,7], [w97,6], [w97,4], [w97,1], [w97,8], [w97,3], [w97,5], [w97,0]] (solid_wave_vertices: 9) solid=[[97,6], [97,7], [97,2], [97,5], [97,4], [97,3], [97,8], [97,1], [97,0]] merged=[[99,5]] --- (Vertex6)[[98,8], [w97,2], [w97,7], [98,1], [98,3], [98,5], [w97,6], [98,7], [98,6], [w97,4], [w97,1], [98,0], [w97,8], [w97,3], [w97,5], [w97,0]] weak=[[w97,2], [w97,7], [w97,6], [w97,4], [w97,1], [w97,8], [w97,3], [w97,5], [w97,0]] (solid_wave_vertices: 9) solid=[[97,8], [97,7], [97,0], [97,5], [97,2], [97,6], [97,3], [97,1], [97,4]] merged=[[99,6]] --- (Vertex7)[[98,8], [w97,2], [w97,7], [98,1], [98,3], [98,5], [w97,6], [98,7], [w97,4], [98,4], [w97,1], [w97,8], [w97,3], [98,2], [w97,5], [w97,0]] weak=[[w97,2], [w97,7], [w97,6], [w97,4], [w97,1], [w97,8], [w97,3], [w97,5], [w97,0]] (solid_wave_vertices: 9) solid=[[97,5], [97,6], [97,7], [97,4], [97,3], [97,0], [97,8], [97,2], [97,1]] merged=[[99,7]] --- (Vertex8)[[98,8], [w97,2], [w97,7], [98,1], [98,3], [98,5], [w97,6], [98,7], [w97,4], [98,4], [w97,1], [w97,8], [w97,3], [98,2], [w97,5], [w97,0]] weak=[[w97,2], [w97,7], [w97,6], [w97,4], [w97,1], [w97,8], [w97,3], [w97,5], [w97,0]] (solid_wave_vertices: 9) solid=[[97,1], [97,6], [97,3], [97,5], [97,2], [97,4], [97,8], [97,7], [97,0]] merged=[[99,8]] --- (Vertex9)[[w97,2], [w97,7], [98,1], [98,5], [w97,6], [98,7], [98,6], [w97,4], [98,4], [w97,1], [98,0], [w97,8], [w97,3], [98,2], [w97,5], [w97,0], [w97,9]] weak=[[w97,2], [w97,7], [w97,6], [w97,4], [w97,1], [w97,8], [w97,3], [w97,5], [w97,0], [w97,9]] (solid_wave_vertices: 10) solid=[[97,3], [97,0], [97,8], [97,9], [97,7], [97,5], [97,6], [97,1], [97,2], [97,4]] merged=[[99,9]]
Round 100: (Vertex0)[[99,6], [99,3], [99,1], [99,4], [99,7], [99,5], [99,0]] (solid_wave_vertices: 7) solid=[[99,3], [99,6], [99,0], [99,7], [99,4], [99,1], [99,5]] merged=[[99,6], [99,3], [99,0], [99,7], [99,5], [99,1], [99,4]] --- (Vertex1)[[99,6], [99,3], [99,1], [99,4], [99,7], [99,5], [99,0]] (solid_wave_vertices: 7) solid=[[99,1], [99,7], [99,0], [99,5], [99,3], [99,4], [99,6]] merged=[[99,5], [99,7], [99,3], [99,6], [99,0], [99,1], [99,4]] --- (Vertex2)[[99,6], [99,3], [99,4], [99,7], [99,2], [99,5], [99,8]] (solid_wave_vertices: 7) solid=[[99,3], [99,5], [99,6], [99,2], [99,8], [99,4], [99,7]] merged=[[99,5], [99,7], [99,6], [99,8], [99,2], [99,3], [99,4]] --- (Vertex3)[[99,6], [99,3], [99,4], [99,7], [99,2], [99,5], [99,8]] (solid_wave_vertices: 7) solid=[[99,2], [99,7], [99,4], [99,5], [99,8], [99,3], [99,6]] merged=[[99,4], [99,2], [99,7], [99,6], [99,8], [99,5], [99,3]] --- (Vertex4)[[99,6], [99,3], [99,4], [99,7], [99,2], [99,5], [99,8]] (solid_wave_vertices: 7) solid=[[99,6], [99,7], [99,3], [99,2], [99,5], [99,8], [99,4]] merged=[[99,8], [99,4], [99,7], [99,5], [99,3], [99,6], [99,2]] --- (Vertex5)[[99,6], [99,3], [99,4], [99,7], [99,2], [99,5], [99,8]] (solid_wave_vertices: 7) solid=[[99,2], [99,7], [99,3], [99,8], [99,5], [99,4], [99,6]] merged=[[99,4], [99,7], [99,3], [99,2], [99,6], [99,5], [99,8]] --- (Vertex6)[[99,6], [99,3], [99,1], [99,4], [99,7], [99,5], [99,0]] (solid_wave_vertices: 7) solid=[[99,6], [99,7], [99,4], [99,0], [99,1], [99,3], [99,5]] merged=[[99,5], [99,7], [99,6], [99,3], [99,4], [99,1], [99,0]] --- (Vertex7)[[99,6], [99,3], [99,4], [99,7], [99,2], [99,5], [99,8]] (solid_wave_vertices: 7) solid=[[99,5], [99,8], [99,2], [99,3], [99,7], [99,4], [99,6]] merged=[[99,6], [99,7], [99,3], [99,5], [99,8], [99,2], [99,4]] --- (Vertex8)[[99,6], [99,3], [99,4], [99,7], [99,2], [99,5], [99,8]] (solid_wave_vertices: 7) solid=[[99,3], [99,4], [99,8], [99,6], [99,7], [99,5], [99,2]] merged=[[99,2], [99,6], [99,8], [99,4], [99,3], [99,7], [99,5]] --- (Vertex9)[[99,6], [99,1], [99,4], [99,7], [99,5], [99,8], [99,0]] (solid_wave_vertices: 7) solid=[[99,1], [99,7], [99,0], [99,5], [99,6], [99,4], [99,8]] merged=[[99,0], [99,7], [99,6], [99,8], [99,4], [99,1], [99,5]]
Round 101: (Vertex0)[[100,1], [100,2], [w99,6], [100,4], [w99,3], [w99,1], [w99,4], [100,6], [100,0], [100,8], [100,3], [w99,7], [w99,2], [w99,5], [w99,8], [w99,0]] weak=[[w99,6], [w99,3], [w99,1], [w99,4], [w99,7], [w99,2], [w99,5], [w99,8], [w99,0]] (solid_wave_vertices: 9) solid=[[99,2], [99,3], [99,5], [99,0], [99,1], [99,4], [99,7], [99,6], [99,8]] merged=[[101,0]] --- (Vertex1)[[100,1], [100,2], [w99,6], [w99,3], [w99,1], [w99,4], [100,6], [100,0], [100,8], [100,3], [w99,7], [w99,2], [w99,5], [100,5], [w99,8], [w99,0]] weak=[[w99,6], [w99,3], [w99,1], [w99,4], [w99,7], [w99,2], [w99,5], [w99,8], [w99,0]] (solid_wave_vertices: 9) solid=[[99,3], [99,6], [99,4], [99,0], [99,1], [99,8], [99,5], [99,2], [99,7]] merged=[[101,1]] --- (Vertex2)[[100,1], [100,2], [w99,6], [100,4], [w99,3], [w99,1], [w99,4], [100,8], [100,3], [w99,7], [w99,2], [w99,5], [100,7], [100,5], [w99,8], [w99,0]] weak=[[w99,6], [w99,3], [w99,1], [w99,4], [w99,7], [w99,2], [w99,5], [w99,8], [w99,0]] (solid_wave_vertices: 9) solid=[[99,5], [99,3], [99,1], [99,0], [99,4], [99,2], [99,6], [99,7], [99,8]] merged=[[101,2]] --- (Vertex3)[[100,1], [100,2], [w99,6], [100,4], [w99,3], [w99,1], [w99,4], [100,8], [100,3], [w99,7], [w99,2], [w99,5], [100,7], [100,5], [w99,8], [w99,0]] weak=[[w99,6], [w99,3], [w99,1], [w99,4], [w99,7], [w99,2], [w99,5], [w99,8], [w99,0]] (solid_wave_vertices: 9) solid=[[99,0], [99,4], [99,1], [99,8], [99,2], [99,5], [99,3], [99,7], [99,6]] merged=[[101,3]] --- (Vertex4)[[100,1], [100,2], [w99,6], [100,4], [w99,3], [w99,1], [w99,4], [100,8], [100,3], [w99,7], [w99,2], [w99,5], [100,7], [100,5], [w99,8], [w99,0]] weak=[[w99,6], [w99,3], [w99,1], [w99,4], [w99,7], [w99,2], [w99,5], [w99,8], [w99,0]] (solid_wave_vertices: 9) solid=[[99,7], [99,2], [99,5], [99,1], [99,4], [99,8], [99,6], [99,0], [99,3]] merged=[[101,4]] --- (Vertex5)[[100,1], [100,2], [w99,6], [100,4], [w99,3], [w99,1], [w99,4], [100,8], [100,3], [w99,7], [w99,2], [w99,5], [100,7], [100,5], [w99,8], [w99,0]] weak=[[w99,6], [w99,3], [w99,1], [w99,4], [w99,7], [w99,2], [w99,5], [w99,8], [w99,0]] (solid_wave_vertices: 9) solid=[[99,7], [99,8], [99,0], [99,3], [99,1], [99,4], [99,2], [99,6], [99,5]] merged=[[101,5]] --- (Vertex6)[[100,1], [100,2], [w99,6], [w99,3], [w99,1], [w99,4], [100,6], [100,0], [100,8], [100,3], [w99,7], [w99,2], [w99,5], [100,5], [w99,8], [w99,0]] weak=[[w99,6], [w99,3], [w99,1], [w99,4], [w99,7], [w99,2], [w99,5], [w99,8], [w99,0]] (solid_wave_vertices: 9) solid=[[99,8], [99,4], [99,6], [99,2], [99,3], [99,1], [99,7], [99,5], [99,0]] merged=[[101,6]] --- (Vertex7)[[100,1], [100,2], [w99,6], [100,4], [w99,3], [w99,1], [w99,4], [100,8], [100,3], [w99,7], [w99,2], [w99,5], [100,7], [100,5], [w99,8], [w99,0]] weak=[[w99,6], [w99,3], [w99,1], [w99,4], [w99,7], [w99,2], [w99,5], [w99,8], [w99,0]] (solid_wave_vertices: 9) solid=[[99,3], [99,2], [99,4], [99,0], [99,1], [99,6], [99,5], [99,8], [99,7]] merged=[[101,7]] --- (Vertex8)[[100,1], [100,2], [w99,6], [100,4], [w99,3], [w99,1], [w99,4], [100,8], [100,3], [w99,7], [w99,2], [w99,5], [100,7], [100,5], [w99,8], [w99,0]] weak=[[w99,6], [w99,3], [w99,1], [w99,4], [w99,7], [w99,2], [w99,5], [w99,8], [w99,0]] (solid_wave_vertices: 9) solid=[[99,0], [99,3], [99,5], [99,1], [99,6], [99,2], [99,4], [99,7], [99,8]] merged=[[101,8]] --- (Vertex9)[[100,1], [100,2], [w99,6], [100,4], [w99,3], [w99,1], [w99,4], [100,6], [100,0], [w99,7], [w99,2], [w99,5], [100,7], [100,5], [w99,9], [w99,8], [w99,0]] weak=[[w99,6], [w99,3], [w99,1], [w99,4], [w99,7], [w99,2], [w99,5], [w99,9], [w99,8], [w99,0]] (solid_wave_vertices: 10) solid=[[99,9], [99,2], [99,0], [99,5], [99,7], [99,4], [99,8], [99,3], [99,6], [99,1]] merged=[[101,9]]
Round 102: (Vertex0)[[101,0], [101,8], [101,7], [101,4], [101,6], [101,2], [101,1]] (solid_wave_vertices: 7) solid=[[101,7], [101,8], [101,2], [101,1], [101,6], [101,4], [101,0]] merged=[[101,1], [101,6], [101,8], [101,0], [101,2], [101,7], [101,4]] --- (Vertex1)[[101,0], [101,8], [101,7], [101,5], [101,6], [101,1], [101,3]] (solid_wave_vertices: 7) solid=[[101,8], [101,6], [101,5], [101,3], [101,7], [101,0], [101,1]] merged=[[101,8], [101,7], [101,0], [101,3], [101,1], [101,5], [101,6]] --- (Vertex2)[[101,8], [101,7], [101,5], [101,4], [101,6], [101,2], [101,3]] (solid_wave_vertices: 7) solid=[[101,8], [101,7], [101,5], [101,4], [101,3], [101,6], [101,2]] merged=[[101,8], [101,5], [101,4], [101,3], [101,2], [101,6], [101,7]] --- (Vertex3)[[101,8], [101,7], [101,5], [101,4], [101,6], [101,2], [101,3]] (solid_wave_vertices: 7) solid=[[101,2], [101,8], [101,6], [101,3], [101,5], [101,4], [101,7]] merged=[[101,5], [101,2], [101,3], [101,4], [101,6], [101,8], [101,7]] --- (Vertex4)[[101,8], [101,7], [101,5], [101,4], [101,6], [101,2], [101,3]] (solid_wave_vertices: 7) solid=[[101,3], [101,4], [101,6], [101,2], [101,8], [101,5], [101,7]] merged=[[101,8], [101,2], [101,6], [101,4], [101,5], [101,3], [101,7]] --- (Vertex5)[[101,8], [101,7], [101,5], [101,4], [101,6], [101,2], [101,3]] (solid_wave_vertices: 7) solid=[[101,2], [101,4], [101,3], [101,7], [101,8], [101,5], [101,6]] merged=[[101,2], [101,3], [101,8], [101,4], [101,6], [101,7], [101,5]] --- (Vertex6)[[101,0], [101,8], [101,4], [101,6], [101,2], [101,1], [101,3]] (solid_wave_vertices: 7) solid=[[101,3], [101,2], [101,8], [101,6], [101,1], [101,4], [101,0]] merged=[[101,2], [101,6], [101,8], [101,0], [101,1], [101,4], [101,3]] --- (Vertex7)[[101,8], [101,7], [101,5], [101,4], [101,6], [101,2], [101,3]] (solid_wave_vertices: 7) solid=[[101,7], [101,5], [101,3], [101,4], [101,6], [101,8], [101,2]] merged=[[101,2], [101,3], [101,8], [101,4], [101,6], [101,7], [101,5]] --- (Vertex8)[[101,8], [101,7], [101,5], [101,4], [101,6], [101,2], [101,3]] (solid_wave_vertices: 7) solid=[[101,8], [101,5], [101,6], [101,7], [101,3], [101,4], [101,2]] merged=[[101,2], [101,7], [101,8], [101,4], [101,3], [101,6], [101,5]] --- (Vertex9)[[101,0], [101,8], [101,7], [101,5], [101,6], [101,2], [101,1]] (solid_wave_vertices: 7) solid=[[101,0], [101,6], [101,8], [101,2], [101,7], [101,5], [101,1]] merged=[[101,5], [101,0], [101,1], [101,7], [101,6], [101,8], [101,2]]
Round 103: (Vertex0)[[102,0], [w101,0], [102,3], [w101,8], [102,6], [102,1], [102,8], [w101,7], [w101,5], [w101,4], [102,4], [w101,6], [w101,2], [w101,1], [102,5], [w101,3]] weak=[[w101,0], [w101,8], [w101,7], [w101,5], [w101,4], [w101,6], [w101,2], [w101,1], [w101,3]] (solid_wave_vertices: 9) solid=[[101,8], [101,6], [101,0], [101,1], [101,7], [101,4], [101,5], [101,3], [101,2]] merged=[[103,0]] --- (Vertex1)[[102,0], [w101,0], [102,3], [w101,8], [102,6], [102,1], [102,8], [102,2], [w101,7], [w101,5], [w101,4], [102,4], [w101,6], [w101,2], [w101,1], [w101,3]] weak=[[w101,0], [w101,8], [w101,7], [w101,5], [w101,4], [w101,6], [w101,2], [w101,1], [w101,3]] (solid_wave_vertices: 9) solid=[[101,6], [101,8], [101,4], [101,0], [101,3], [101,1], [101,2], [101,7], [101,5]] merged=[[103,1]] --- (Vertex2)[[w101,0], [102,3], [w101,8], [102,6], [102,8], [102,2], [w101,7], [102,7], [w101,5], [w101,4], [102,4], [w101,6], [w101,2], [w101,1], [102,5], [w101,3]] weak=[[w101,0], [w101,8], [w101,7], [w101,5], [w101,4], [w101,6], [w101,2], [w101,1], [w101,3]] (solid_wave_vertices: 9) solid=[[101,2], [101,4], [101,8], [101,1], [101,6], [101,3], [101,5], [101,0], [101,7]] merged=[[103,2]] --- (Vertex3)[[w101,0], [102,3], [w101,8], [102,6], [102,8], [102,2], [w101,7], [102,7], [w101,5], [w101,4], [102,4], [w101,6], [w101,2], [w101,1], [102,5], [w101,3]] weak=[[w101,0], [w101,8], [w101,7], [w101,5], [w101,4], [w101,6], [w101,2], [w101,1], [w101,3]] (solid_wave_vertices: 9) solid=[[101,6], [101,1], [101,0], [101,2], [101,8], [101,4], [101,3], [101,5], [101,7]] merged=[[103,3]] --- (Vertex4)[[w101,0], [102,3], [w101,8], [102,6], [102,8], [102,2], [w101,7], [102,7], [w101,5], [w101,4], [102,4], [w101,6], [w101,2], [w101,1], [102,5], [w101,3]] weak=[[w101,0], [w101,8], [w101,7], [w101,5], [w101,4], [w101,6], [w101,2], [w101,1], [w101,3]] (solid_wave_vertices: 9) solid=[[101,6], [101,4], [101,1], [101,7], [101,3], [101,8], [101,5], [101,2], [101,0]] merged=[[103,4]] --- (Vertex5)[[w101,0], [102,3], [w101,8], [102,6], [102,8], [102,2], [w101,7], [102,7], [w101,5], [w101,4], [102,4], [w101,6], [w101,2], [w101,1], [102,5], [w101,3]] weak=[[w101,0], [w101,8], [w101,7], [w101,5], [w101,4], [w101,6], [w101,2], [w101,1], [w101,3]] (solid_wave_vertices: 9) solid=[[101,4], [101,2], [101,0], [101,6], [101,8], [101,7], [101,3], [101,1], [101,5]] merged=[[103,5]] --- (Vertex6)[[102,0], [w101,0], [102,3], [w101,8], [102,6], [102,1], [102,8], [w101,7], [w101,5], [w101,4], [102,4], [w101,6], [w101,2], [w101,1], [102,5], [w101,3]] weak=[[w101,0], [w101,8], [w101,7], [w101,5], [w101,4], [w101,6], [w101,2], [w101,1], [w101,3]] (solid_wave_vertices: 9) solid=[[101,6], [101,2], [101,7], [101,0], [101,8], [101,5], [101,3], [101,1], [101,4]] merged=[[103,6]] --- (Vertex7)[[w101,0], [102,3], [w101,8], [102,6], [102,8], [102,2], [w101,7], [102,7], [w101,5], [w101,4], [102,4], [w101,6], [w101,2], [w101,1], [102,5], [w101,3]] weak=[[w101,0], [w101,8], [w101,7], [w101,5], [w101,4], [w101,6], [w101,2], [w101,1], [w101,3]] (solid_wave_vertices: 9) solid=[[101,0], [101,3], [101,4], [101,1], [101,5], [101,7], [101,6], [101,8], [101,2]] merged=[[103,7]] --- (Vertex8)[[w101,0], [102,3], [w101,8], [102,1], [102,8], [102,2], [w101,7], [102,7], [w101,5], [w101,4], [102,4], [w101,6], [w101,2], [w101,1], [102,5], [w101,3]] weak=[[w101,0], [w101,8], [w101,7], [w101,5], [w101,4], [w101,6], [w101,2], [w101,1], [w101,3]] (solid_wave_vertices: 9) solid=[[101,8], [101,4], [101,5], [101,0], [101,3], [101,2], [101,7], [101,6], [101,1]] merged=[[103,8]] --- (Vertex9)[[102,0], [w101,0], [102,3], [w101,8], [102,6], [102,1], [102,2], [w101,9], [w101,7], [102,7], [w101,5], [w101,4], [102,4], [w101,6], [w101,2], [w101,1], [w101,3]] weak=[[w101,0], [w101,8], [w101,9], [w101,7], [w101,5], [w101,4], [w101,6], [w101,2], [w101,1], [w101,3]] (solid_wave_vertices: 10) solid=[[101,9], [101,6], [101,8], [101,2], [101,7], [101,0], [101,4], [101,3], [101,1], [101,5]] merged=[[103,9]]
Round 104: (Vertex0)[[103,1], [103,4], [103,0], [103,3], [103,8], [103,7], [103,6]] (solid_wave_vertices: 7) solid=[[103,0], [103,3], [103,4], [103,7], [103,6], [103,1], [103,8]] merged=[[103,7], [103,4], [103,0], [103,3], [103,6], [103,1], [103,8]] --- (Vertex1)[[103,1], [103,4], [103,0], [103,3], [103,7], [103,2], [103,6]] (solid_wave_vertices: 7) solid=[[103,7], [103,2], [103,0], [103,6], [103,4], [103,1], [103,3]] merged=[[103,7], [103,0], [103,4], [103,6], [103,3], [103,1], [103,2]] --- (Vertex2)[[103,5], [103,4], [103,0], [103,3], [103,8], [103,7], [103,2]] (solid_wave_vertices: 7) solid=[[103,5], [103,7], [103,8], [103,3], [103,4], [103,0], [103,2]] merged=[[103,2], [103,4], [103,0], [103,3], [103,8], [103,5], [103,7]] --- (Vertex3)[[103,5], [103,4], [103,0], [103,3], [103,8], [103,7], [103,2]] (solid_wave_vertices: 7) solid=[[103,5], [103,7], [103,4], [103,3], [103,2], [103,8], [103,0]] merged=[[103,3], [103,4], [103,2], [103,8], [103,0], [103,7], [103,5]] --- (Vertex4)[[103,5], [103,4], [103,0], [103,3], [103,8], [103,7], [103,2]] (solid_wave_vertices: 7) solid=[[103,0], [103,4], [103,2], [103,8], [103,7], [103,3], [103,5]] merged=[[103,3], [103,8], [103,7], [103,4], [103,0], [103,5], [103,2]] --- (Vertex5)[[103,5], [103,4], [103,0], [103,3], [103,8], [103,7], [103,2]] (solid_wave_vertices: 7) solid=[[103,4], [103,8], [103,3], [103,0], [103,7], [103,2], [103,5]] merged=[[103,7], [103,0], [103,2], [103,5], [103,3], [103,4], [103,8]] --- (Vertex6)[[103,1], [103,4], [103,0], [103,3], [103,7], [103,2], [103,6]] (solid_wave_vertices: 7) solid=[[103,7], [103,2], [103,1], [103,6], [103,3], [103,0], [103,4]] merged=[[103,0], [103,7], [103,1], [103,4], [103,2], [103,3], [103,6]] --- (Vertex7)[[103,5], [103,4], [103,0], [103,3], [103,8], [103,7], [103,2]] (solid_wave_vertices: 7) solid=[[103,8], [103,3], [103,2], [103,0], [103,7], [103,4], [103,5]] merged=[[103,4], [103,7], [103,8], [103,0], [103,2], [103,5], [103,3]] --- (Vertex8)[[103,5], [103,4], [103,0], [103,3], [103,8], [103,7], [103,2]] (solid_wave_vertices: 7) solid=[[103,4], [103,5], [103,0], [103,8], [103,3], [103,2], [103,7]] merged=[[103,2], [103,0], [103,5], [103,7], [103,4], [103,3], [103,8]] --- (Vertex9)[[103,1], [103,4], [103,0], [103,8], [103,7], [103,2], [103,6]] (solid_wave_vertices: 7) solid=[[103,8], [103,0], [103,1], [103,2], [103,4], [103,6], [103,7]] merged=[[103,6], [103,7], [103,2], [103,4], [103,8], [103,1], [103,0]]
Round 105: (Vertex0)[[w103,5], [104,3], [w103,1], [w103,4], [w103,0], [w103,3], [104,8], [104,0], [w103,8], [104,1], [w103,7], [104,4], [104,5], [w103,2], [104,6], [w103,6]] weak=[[w103,5], [w103,1], [w103,4], [w103,0], [w103,3], [w103,8], [w103,7], [w103,2], [w103,6]] (solid_wave_vertices: 9) solid=[[103,2], [103,6], [103,1], [103,3], [103,8], [103,4], [103,7], [103,0], [103,5]] merged=[[105,0]] --- (Vertex1)[[w103,5], [104,3], [w103,1], [w103,4], [w103,0], [w103,3], [104,8], [104,0], [w103,8], [104,1], [w103,7], [104,4], [104,5], [w103,2], [104,6], [w103,6]] weak=[[w103,5], [w103,1], [w103,4], [w103,0], [w103,3], [w103,8], [w103,7], [w103,2], [w103,6]] (solid_wave_vertices: 9) solid=[[103,3], [103,0], [103,8], [103,5], [103,6], [103,2], [103,4], [103,7], [103,1]] merged=[[105,1]] --- (Vertex2)[[w103,5], [104,3], [w103,1], [w103,4], [w103,0], [w103,3], [104,7], [104,8], [w103,8], [w103,7], [104,4], [104,5], [w103,2], [104,2], [104,6], [w103,6]] weak=[[w103,5], [w103,1], [w103,4], [w103,0], [w103,3], [w103,8], [w103,7], [w103,2], [w103,6]] (solid_wave_vertices: 9) solid=[[103,6], [103,8], [103,3], [103,4], [103,2], [103,1], [103,7], [103,0], [103,5]] merged=[[105,2]] --- (Vertex3)[[w103,5], [104,3], [w103,1], [w103,4], [w103,0], [w103,3], [104,7], [104,8], [w103,8], [w103,7], [104,4], [104,5], [w103,2], [104,2], [104,6], [w103,6]] weak=[[w103,5], [w103,1], [w103,4], [w103,0], [w103,3], [w103,8], [w103,7], [w103,2], [w103,6]] (solid_wave_vertices: 9) solid=[[103,2], [103,8], [103,6], [103,4], [103,0], [103,5], [103,7], [103,1], [103,3]] merged=[[105,3]] --- (Vertex4)[[w103,5], [104,3], [w103,1], [w103,4], [w103,0], [w103,3], [104,7], [104,8], [w103,8], [w103,7], [104,4], [104,5], [w103,2], [104,2], [104,6], [w103,6]] weak=[[w103,5], [w103,1], [w103,4], [w103,0], [w103,3], [w103,8], [w103,7], [w103,2], [w103,6]] (solid_wave_vertices: 9) solid=[[103,1], [103,4], [103,5], [103,0], [103,6], [103,7], [103,3], [103,8], [103,2]] merged=[[105,4]] --- (Vertex5)[[w103,5], [104,3], [w103,1], [w103,4], [w103,0], [w103,3], [104,7], [104,8], [w103,8], [w103,7], [104,4], [104,5], [w103,2], [104,2], [104,6], [w103,6]] weak=[[w103,5], [w103,1], [w103,4], [w103,0], [w103,3], [w103,8], [w103,7], [w103,2], [w103,6]] (solid_wave_vertices: 9) solid=[[103,2], [103,0], [103,6], [103,3], [103,1], [103,4], [103,8], [103,5], [103,7]] merged=[[105,5]] --- (Vertex6)[[w103,5], [104,3], [w103,1], [w103,4], [w103,0], [w103,3], [104,8], [104,0], [w103,8], [104,1], [w103,7], [104,4], [104,5], [w103,2], [104,6], [w103,6]] weak=[[w103,5], [w103,1], [w103,4], [w103,0], [w103,3], [w103,8], [w103,7], [w103,2], [w103,6]] (solid_wave_vertices: 9) solid=[[103,1], [103,0], [103,2], [103,5], [103,7], [103,6], [103,4], [103,3], [103,8]] merged=[[105,6]] --- (Vertex7)[[w103,5], [104,3], [w103,1], [w103,4], [w103,0], [w103,3], [104,7], [104,8], [w103,8], [w103,7], [104,4], [104,5], [w103,2], [104,2], [104,6], [w103,6]] weak=[[w103,5], [w103,1], [w103,4], [w103,0], [w103,3], [w103,8], [w103,7], [w103,2], [w103,6]] (solid_wave_vertices: 9) solid=[[103,8], [103,7], [103,0], [103,2], [103,1], [103,6], [103,3], [103,5], [103,4]] merged=[[105,7]] --- (Vertex8)[[w103,5], [104,3], [w103,1], [w103,4], [w103,0], [w103,3], [104,7], [104,8], [w103,8], [w103,7], [104,4], [104,5], [w103,2], [104,2], [104,6], [w103,6]] weak=[[w103,5], [w103,1], [w103,4], [w103,0], [w103,3], [w103,8], [w103,7], [w103,2], [w103,6]] (solid_wave_vertices: 9) solid=[[103,5], [103,2], [103,1], [103,8], [103,0], [103,4], [103,7], [103,6], [103,3]] merged=[[105,8]] --- (Vertex9)[[w103,5], [104,3], [w103,1], [w103,4], [w103,0], [w103,3], [104,7], [104,8], [104,0], [w103,9], [w103,8], [104,1], [w103,7], [104,4], [w103,2], [104,6], [w103,6]] weak=[[w103,5], [w103,1], [w103,4], [w103,0], [w103,3], [w103,9], [w103,8], [w103,7], [w103,2], [w103,6]] (solid_wave_vertices: 10) solid=[[103,4], [103,0], [103,8], [103,7], [103,6], [103,1], [103,9], [103,3], [103,5], [103,2]] merged=[[105,9]]
Round 106: (Vertex0)[[105,5], [105,8], [105,4], [105,6], [105,1], [105,7], [105,0]] (solid_wave_vertices: 7) solid=[[105,5], [105,8], [105,0], [105,6], [105,7], [105,4], [105,1]] merged=[[105,8], [105,4], [105,5], [105,7], [105,1], [105,6], [105,0]] --- (Vertex1)[[105,8], [105,4], [105,6], [105,1], [105,2], [105,7], [105,0]] (solid_wave_vertices: 7) solid=[[105,2], [105,6], [105,8], [105,1], [105,0], [105,4], [105,7]] merged=[[105,8], [105,1], [105,0], [105,4], [105,6], [105,7], [105,2]] --- (Vertex2)[[105,5], [105,8], [105,3], [105,4], [105,2], [105,7], [105,0]] (solid_wave_vertices: 7) solid=[[105,7], [105,3], [105,2], [105,8], [105,0], [105,5], [105,4]] merged=[[105,4], [105,8], [105,7], [105,5], [105,0], [105,3], [105,2]] --- (Vertex3)[[105,5], [105,8], [105,3], [105,4], [105,2], [105,7], [105,0]] (solid_wave_vertices: 7) solid=[[105,3], [105,0], [105,7], [105,2], [105,5], [105,4], [105,8]] merged=[[105,8], [105,3], [105,7], [105,5], [105,2], [105,0], [105,4]] --- (Vertex4)[[105,5], [105,8], [105,3], [105,4], [105,2], [105,7], [105,0]] (solid_wave_vertices: 7) solid=[[105,4], [105,8], [105,3], [105,2], [105,7], [105,5], [105,0]] merged=[[105,0], [105,2], [105,5], [105,3], [105,8], [105,4], [105,7]] --- (Vertex5)[[105,5], [105,8], [105,3], [105,4], [105,2], [105,7], [105,0]] (solid_wave_vertices: 7) solid=[[105,0], [105,7], [105,4], [105,2], [105,8], [105,3], [105,5]] merged=[[105,2], [105,7], [105,0], [105,4], [105,8], [105,3], [105,5]] --- (Vertex6)[[105,8], [105,4], [105,6], [105,1], [105,2], [105,7], [105,0]] (solid_wave_vertices: 7) solid=[[105,4], [105,8], [105,7], [105,2], [105,1], [105,0], [105,6]] merged=[[105,0], [105,7], [105,6], [105,4], [105,8], [105,1], [105,2]] --- (Vertex7)[[105,5], [105,8], [105,3], [105,4], [105,2], [105,7], [105,0]] (solid_wave_vertices: 7) solid=[[105,5], [105,0], [105,4], [105,2], [105,7], [105,8], [105,3]] merged=[[105,3], [105,8], [105,5], [105,2], [105,7], [105,0], [105,4]] --- (Vertex8)[[105,5], [105,8], [105,3], [105,4], [105,2], [105,7], [105,0]] (solid_wave_vertices: 7) solid=[[105,2], [105,3], [105,5], [105,8], [105,0], [105,7], [105,4]] merged=[[105,8], [105,4], [105,5], [105,3], [105,0], [105,2], [105,7]] --- (Vertex9)[[105,8], [105,3], [105,4], [105,6], [105,1], [105,2], [105,0]] (solid_wave_vertices: 7) solid=[[105,0], [105,1], [105,3], [105,2], [105,6], [105,4], [105,8]] merged=[[105,3], [105,4], [105,8], [105,2], [105,0], [105,6], [105,1]]
Round 107: (Vertex0)[[106,1], [106,0], [106,5], [w105,5], [w105,8], [w105,3], [w105,4], [w105,6], [106,3], [106,6], [106,8], [w105,1], [w105,2], [106,4], [w105,7], [w105,0]] weak=[[w105,5], [w105,8], [w105,3], [w105,4], [w105,6], [w105,1], [w105,2], [w105,7], [w105,0]] (solid_wave_vertices: 9) solid=[[105,1], [105,5], [105,4], [105,6], [105,2], [105,8], [105,3], [105,0], [105,7]] merged=[[107,0]] --- (Vertex1)[[106,1], [106,0], [106,5], [w105,5], [w105,8], [w105,3], [w105,4], [w105,6], [106,3], [106,6], [106,8], [w105,1], [w105,2], [106,4], [w105,7], [w105,0]] weak=[[w105,5], [w105,8], [w105,3], [w105,4], [w105,6], [w105,1], [w105,2], [w105,7], [w105,0]] (solid_wave_vertices: 9) solid=[[105,7], [105,0], [105,3], [105,4], [105,6], [105,8], [105,1], [105,2], [105,5]] merged=[[107,1]] --- (Vertex2)[[106,5], [w105,5], [w105,8], [w105,3], [w105,4], [w105,6], [106,3], [106,6], [106,8], [106,2], [w105,1], [w105,2], [106,7], [106,4], [w105,7], [w105,0]] weak=[[w105,5], [w105,8], [w105,3], [w105,4], [w105,6], [w105,1], [w105,2], [w105,7], [w105,0]] (solid_wave_vertices: 9) solid=[[105,4], [105,1], [105,7], [105,6], [105,8], [105,2], [105,5], [105,3], [105,0]] merged=[[107,2]] --- (Vertex3)[[106,5], [w105,5], [w105,8], [w105,3], [w105,4], [w105,6], [106,3], [106,6], [106,8], [106,2], [w105,1], [w105,2], [106,7], [106,4], [w105,7], [w105,0]] weak=[[w105,5], [w105,8], [w105,3], [w105,4], [w105,6], [w105,1], [w105,2], [w105,7], [w105,0]] (solid_wave_vertices: 9) solid=[[105,0], [105,8], [105,4], [105,5], [105,6], [105,1], [105,7], [105,3], [105,2]] merged=[[107,3]] --- (Vertex4)[[106,5], [w105,5], [w105,8], [w105,3], [w105,4], [w105,6], [106,3], [106,6], [106,8], [106,2], [w105,1], [w105,2], [106,7], [106,4], [w105,7], [w105,0]] weak=[[w105,5], [w105,8], [w105,3], [w105,4], [w105,6], [w105,1], [w105,2], [w105,7], [w105,0]] (solid_wave_vertices: 9) solid=[[105,8], [105,5], [105,3], [105,1], [105,7], [105,6], [105,2], [105,4], [105,0]] merged=[[107,4]] --- (Vertex5)[[106,5], [w105,5], [w105,8], [w105,3], [w105,4], [w105,6], [106,3], [106,6], [106,8], [106,2], [w105,1], [w105,2], [106,7], [106,4], [w105,7], [w105,0]] weak=[[w105,5], [w105,8], [w105,3], [w105,4], [w105,6], [w105,1], [w105,2], [w105,7], [w105,0]] (solid_wave_vertices: 9) solid=[[105,0], [105,1], [105,6], [105,8], [105,7], [105,4], [105,3], [105,5], [105,2]] merged=[[107,5]] --- (Vertex6)[[106,1], [106,0], [106,5], [w105,5], [w105,8], [w105,3], [w105,4], [w105,6], [106,3], [106,6], [106,8], [w105,1], [w105,2], [106,4], [w105,7], [w105,0]] weak=[[w105,5], [w105,8], [w105,3], [w105,4], [w105,6], [w105,1], [w105,2], [w105,7], [w105,0]] (solid_wave_vertices: 9) solid=[[105,0], [105,2], [105,4], [105,7], [105,6], [105,5], [105,3], [105,1], [105,8]] merged=[[107,6]] --- (Vertex7)[[106,5], [w105,5], [w105,8], [w105,3], [w105,4], [w105,6], [106,3], [106,6], [106,8], [106,2], [w105,1], [w105,2], [106,7], [106,4], [w105,7], [w105,0]] weak=[[w105,5], [w105,8], [w105,3], [w105,4], [w105,6], [w105,1], [w105,2], [w105,7], [w105,0]] (solid_wave_vertices: 9) solid=[[105,2], [105,3], [105,7], [105,5], [105,0], [105,4], [105,1], [105,6], [105,8]] merged=[[107,7]] --- (Vertex8)[[106,5], [w105,5], [w105,8], [w105,3], [w105,4], [w105,6], [106,3], [106,6], [106,8], [106,2], [w105,1], [w105,2], [106,7], [106,4], [w105,7], [w105,0]] weak=[[w105,5], [w105,8], [w105,3], [w105,4], [w105,6], [w105,1], [w105,2], [w105,7], [w105,0]] (solid_wave_vertices: 9) solid=[[105,8], [105,5], [105,7], [105,0], [105,3], [105,6], [105,4], [105,2], [105,1]] merged=[[107,8]] --- (Vertex9)[[106,1], [106,0], [106,5], [w105,5], [w105,8], [w105,9], [w105,3], [w105,4], [w105,6], [106,3], [106,6], [106,8], [w105,1], [w105,2], [106,4], [w105,7], [w105,0]] weak=[[w105,5], [w105,8], [w105,9], [w105,3], [w105,4], [w105,6], [w105,1], [w105,2], [w105,7], [w105,0]] (solid_wave_vertices: 10) solid=[[105,8], [105,9], [105,6], [105,4], [105,1], [105,5], [105,2], [105,0], [105,7], [105,3]] merged=[[107,9]]
Round 108: (Vertex0)[[107,4], [107,3], [107,6], [107,1], [107,7], [107,0], [107,5]] (solid_wave_vertices: 7) solid=[[107,1], [107,7], [107,3], [107,5], [107,4], [107,6], [107,0]] merged=[[107,0], [107,6], [107,1], [107,5], [107,4], [107,3], [107,7]] --- (Vertex1)[[107,4], [107,3], [107,6], [107,1], [107,7], [107,8], [107,0]] (solid_wave_vertices: 7) solid=[[107,3], [107,1], [107,4], [107,8], [107,0], [107,6], [107,7]] merged=[[107,4], [107,6], [107,1], [107,0], [107,3], [107,7], [107,8]] --- (Vertex2)[[107,4], [107,3], [107,7], [107,8], [107,2], [107,0], [107,5]] (solid_wave_vertices: 7) solid=[[107,2], [107,0], [107,7], [107,3], [107,8], [107,4], [107,5]] merged=[[107,4], [107,3], [107,5], [107,2], [107,7], [107,8], [107,0]] --- (Vertex3)[[107,4], [107,3], [107,7], [107,8], [107,2], [107,0], [107,5]] (solid_wave_vertices: 7) solid=[[107,8], [107,2], [107,0], [107,4], [107,5], [107,3], [107,7]] merged=[[107,7], [107,3], [107,0], [107,8], [107,5], [107,2], [107,4]] --- (Vertex4)[[107,4], [107,3], [107,7], [107,8], [107,2], [107,0], [107,5]] (solid_wave_vertices: 7) solid=[[107,7], [107,5], [107,0], [107,3], [107,4], [107,8], [107,2]] merged=[[107,4], [107,3], [107,0], [107,2], [107,8], [107,5], [107,7]] --- (Vertex5)[[107,4], [107,3], [107,7], [107,8], [107,2], [107,0], [107,5]] (solid_wave_vertices: 7) solid=[[107,0], [107,2], [107,7], [107,3], [107,5], [107,4], [107,8]] merged=[[107,4], [107,2], [107,8], [107,7], [107,3], [107,0], [107,5]] --- (Vertex6)[[107,4], [107,3], [107,6], [107,1], [107,8], [107,2], [107,0]] (solid_wave_vertices: 7) solid=[[107,6], [107,2], [107,8], [107,0], [107,3], [107,1], [107,4]] merged=[[107,3], [107,1], [107,2], [107,0], [107,4], [107,6], [107,8]] --- (Vertex7)[[107,4], [107,3], [107,7], [107,8], [107,2], [107,0], [107,5]] (solid_wave_vertices: 7) solid=[[107,8], [107,4], [107,0], [107,7], [107,3], [107,2], [107,5]] merged=[[107,3], [107,5], [107,7], [107,2], [107,4], [107,0], [107,8]] --- (Vertex8)[[107,4], [107,3], [107,7], [107,8], [107,2], [107,0], [107,5]] (solid_wave_vertices: 7) solid=[[107,8], [107,3], [107,7], [107,4], [107,2], [107,0], [107,5]] merged=[[107,5], [107,4], [107,3], [107,2], [107,7], [107,8], [107,0]] --- (Vertex9)[[107,4], [107,3], [107,6], [107,1], [107,2], [107,0], [107,5]] (solid_wave_vertices: 7) solid=[[107,1], [107,4], [107,5], [107,0], [107,3], [107,2], [107,6]] merged=[[107,0], [107,4], [107,2], [107,3], [107,6], [107,5], [107,1]]
Round 109: (Vertex0)[[w107,4], [w107,3], [108,0], [w107,6], [w107,1], [108,1], [108,5], [108,6], [w107,7], [108,3], [108,8], [w107,8], [w107,2], [108,4], [w107,0], [w107,5]] weak=[[w107,4], [w107,3], [w107,6], [w107,1], [w107,7], [w107,8], [w107,2], [w107,0], [w107,5]] (solid_wave_vertices: 9) solid=[[107,0], [107,7], [107,1], [107,3], [107,8], [107,2], [107,6], [107,4], [107,5]] merged=[[109,0]] --- (Vertex1)[[w107,4], [w107,3], [108,0], [w107,6], [w107,1], [108,1], [108,5], [108,6], [w107,7], [108,3], [108,8], [w107,8], [w107,2], [108,4], [w107,0], [w107,5]] weak=[[w107,4], [w107,3], [w107,6], [w107,1], [w107,7], [w107,8], [w107,2], [w107,0], [w107,5]] (solid_wave_vertices: 9) solid=[[107,3], [107,0], [107,8], [107,6], [107,7], [107,2], [107,1], [107,4], [107,5]] merged=[[109,1]] --- (Vertex2)[[w107,4], [108,7], [w107,3], [w107,6], [108,2], [w107,1], [108,5], [108,6], [w107,7], [108,3], [108,8], [w107,8], [w107,2], [108,4], [w107,0], [w107,5]] weak=[[w107,4], [w107,3], [w107,6], [w107,1], [w107,7], [w107,8], [w107,2], [w107,0], [w107,5]] (solid_wave_vertices: 9) solid=[[107,4], [107,3], [107,2], [107,1], [107,5], [107,7], [107,6], [107,0], [107,8]] merged=[[109,2]] --- (Vertex3)[[w107,4], [108,7], [w107,3], [w107,6], [108,2], [w107,1], [108,5], [108,6], [w107,7], [108,3], [108,8], [w107,8], [w107,2], [108,4], [w107,0], [w107,5]] weak=[[w107,4], [w107,3], [w107,6], [w107,1], [w107,7], [w107,8], [w107,2], [w107,0], [w107,5]] (solid_wave_vertices: 9) solid=[[107,8], [107,3], [107,5], [107,4], [107,0], [107,7], [107,1], [107,2], [107,6]] merged=[[109,3]] --- (Vertex4)[[w107,4], [108,7], [w107,3], [w107,6], [108,2], [w107,1], [108,5], [108,6], [w107,7], [108,3], [108,8], [w107,8], [w107,2], [108,4], [w107,0], [w107,5]] weak=[[w107,4], [w107,3], [w107,6], [w107,1], [w107,7], [w107,8], [w107,2], [w107,0], [w107,5]] (solid_wave_vertices: 9) solid=[[107,8], [107,2], [107,5], [107,7], [107,1], [107,4], [107,3], [107,6], [107,0]] merged=[[109,4]] --- (Vertex5)[[w107,4], [108,7], [w107,3], [w107,6], [108,2], [w107,1], [108,5], [108,6], [w107,7], [108,3], [108,8], [w107,8], [w107,2], [108,4], [w107,0], [w107,5]] weak=[[w107,4], [w107,3], [w107,6], [w107,1], [w107,7], [w107,8], [w107,2], [w107,0], [w107,5]] (solid_wave_vertices: 9) solid=[[107,0], [107,2], [107,8], [107,4], [107,7], [107,5], [107,3], [107,1], [107,6]] merged=[[109,5]] --- (Vertex6)[[w107,4], [w107,3], [108,0], [w107,6], [w107,1], [108,1], [108,5], [108,6], [w107,7], [108,3], [108,8], [w107,8], [w107,2], [108,4], [w107,0], [w107,5]] weak=[[w107,4], [w107,3], [w107,6], [w107,1], [w107,7], [w107,8], [w107,2], [w107,0], [w107,5]] (solid_wave_vertices: 9) solid=[[107,7], [107,5], [107,0], [107,6], [107,3], [107,2], [107,1], [107,4], [107,8]] merged=[[109,6]] --- (Vertex7)[[w107,4], [108,7], [w107,3], [w107,6], [108,2], [w107,1], [108,5], [108,6], [w107,7], [108,3], [108,8], [w107,8], [w107,2], [108,4], [w107,0], [w107,5]] weak=[[w107,4], [w107,3], [w107,6], [w107,1], [w107,7], [w107,8], [w107,2], [w107,0], [w107,5]] (solid_wave_vertices: 9) solid=[[107,1], [107,7], [107,3], [107,0], [107,8], [107,6], [107,5], [107,4], [107,2]] merged=[[109,7]] --- (Vertex8)[[w107,4], [108,7], [w107,3], [w107,6], [108,2], [w107,1], [108,5], [108,6], [w107,7], [108,3], [108,8], [w107,8], [w107,2], [108,4], [w107,0], [w107,5]] weak=[[w107,4], [w107,3], [w107,6], [w107,1], [w107,7], [w107,8], [w107,2], [w107,0], [w107,5]] (solid_wave_vertices: 9) solid=[[107,7], [107,2], [107,6], [107,1], [107,8], [107,0], [107,4], [107,5], [107,3]] merged=[[109,8]] --- (Vertex9)[[w107,4], [w107,3], [108,0], [w107,6], [w107,9], [108,2], [w107,1], [108,1], [108,5], [108,6], [w107,7], [108,8], [w107,8], [w107,2], [108,4], [w107,0], [w107,5]] weak=[[w107,4], [w107,3], [w107,6], [w107,9], [w107,1], [w107,7], [w107,8], [w107,2], [w107,0], [w107,5]] (solid_wave_vertices: 10) solid=[[107,2], [107,3], [107,8], [107,7], [107,0], [107,9], [107,1], [107,4], [107,5], [107,6]] merged=[[109,9]]
Round 110: (Vertex0)[[109,4], [109,6], [109,7], [109,3], [109,1], [109,0], [109,2]] (solid_wave_vertices: 7) solid=[[109,3], [109,7], [109,6], [109,4], [109,2], [109,0], [109,1]] merged=[[109,7], [109,6], [109,1], [109,0], [109,2], [109,3], [109,4]] --- (Vertex1)[[109,4], [109,6], [109,7], [109,3], [109,1], [109,0], [109,2]] (solid_wave_vertices: 7) solid=[[109,6], [109,4], [109,7], [109,3], [109,0], [109,1], [109,2]] merged=[[109,6], [109,2], [109,0], [109,7], [109,4], [109,1], [109,3]] --- (Vertex2)[[109,4], [109,8], [109,7], [109,3], [109,0], [109,2], [109,5]] (solid_wave_vertices: 7) solid=[[109,7], [109,4], [109,5], [109,3], [109,2], [109,0], [109,8]] merged=[[109,7], [109,3], [109,2], [109,8], [109,5], [109,0], [109,4]] --- (Vertex3)[[109,4], [109,8], [109,7], [109,3], [109,0], [109,2], [109,5]] (solid_wave_vertices: 7) solid=[[109,0], [109,8], [109,4], [109,3], [109,2], [109,7], [109,5]] merged=[[109,3], [109,4], [109,7], [109,0], [109,5], [109,2], [109,8]] --- (Vertex4)[[109,4], [109,8], [109,7], [109,3], [109,0], [109,2], [109,5]] (solid_wave_vertices: 7) solid=[[109,5], [109,3], [109,4], [109,7], [109,0], [109,2], [109,8]] merged=[[109,7], [109,3], [109,5], [109,4], [109,2], [109,0], [109,8]] --- (Vertex5)[[109,4], [109,8], [109,7], [109,3], [109,0], [109,2], [109,5]] (solid_wave_vertices: 7) solid=[[109,0], [109,2], [109,8], [109,7], [109,3], [109,5], [109,4]] merged=[[109,2], [109,3], [109,8], [109,4], [109,5], [109,7], [109,0]] --- (Vertex6)[[109,4], [109,6], [109,7], [109,3], [109,1], [109,0], [109,2]] (solid_wave_vertices: 7) solid=[[109,4], [109,3], [109,2], [109,7], [109,0], [109,6], [109,1]] merged=[[109,6], [109,4], [109,1], [109,7], [109,2], [109,3], [109,0]] --- (Vertex7)[[109,4], [109,8], [109,7], [109,3], [109,0], [109,2], [109,5]] (solid_wave_vertices: 7) solid=[[109,5], [109,0], [109,4], [109,7], [109,2], [109,3], [109,8]] merged=[[109,8], [109,4], [109,5], [109,2], [109,3], [109,0], [109,7]] --- (Vertex8)[[109,4], [109,8], [109,7], [109,3], [109,0], [109,2], [109,5]] (solid_wave_vertices: 7) solid=[[109,7], [109,0], [109,2], [109,5], [109,3], [109,8], [109,4]] merged=[[109,5], [109,7], [109,0], [109,8], [109,2], [109,3], [109,4]] --- (Vertex9)[[109,4], [109,6], [109,3], [109,1], [109,0], [109,2], [109,5]] (solid_wave_vertices: 7) solid=[[109,1], [109,2], [109,6], [109,5], [109,0], [109,4], [109,3]] merged=[[109,1], [109,0], [109,3], [109,4], [109,6], [109,2], [109,5]]
Round 111: (Vertex0)[[w109,4], [w109,6], [w109,8], [110,7], [w109,7], [w109,3], [110,6], [110,4], [110,8], [110,0], [w109,1], [w109,0], [w109,2], [110,1], [w109,5], [110,5]] weak=[[w109,4], [w109,6], [w109,8], [w109,7], [w109,3], [w109,1], [w109,0], [w109,2], [w109,5]] (solid_wave_vertices: 9) solid=[[109,5], [109,0], [109,7], [109,4], [109,8], [109,1], [109,6], [109,3], [109,2]] merged=[[111,0]] --- (Vertex1)[[w109,4], [w109,6], [w109,8], [110,7], [w109,7], [w109,3], [110,6], [110,4], [110,0], [w109,1], [w109,0], [w109,2], [110,3], [110,1], [w109,5], [110,5]] weak=[[w109,4], [w109,6], [w109,8], [w109,7], [w109,3], [w109,1], [w109,0], [w109,2], [w109,5]] (solid_wave_vertices: 9) solid=[[109,7], [109,8], [109,5], [109,2], [109,4], [109,6], [109,3], [109,0], [109,1]] merged=[[111,1]] --- (Vertex2)[[w109,4], [w109,6], [w109,8], [110,7], [w109,7], [w109,3], [110,6], [110,4], [110,8], [w109,1], [110,2], [w109,0], [w109,2], [110,3], [w109,5], [110,5]] weak=[[w109,4], [w109,6], [w109,8], [w109,7], [w109,3], [w109,1], [w109,0], [w109,2], [w109,5]] (solid_wave_vertices: 9) solid=[[109,3], [109,8], [109,2], [109,4], [109,7], [109,1], [109,5], [109,0], [109,6]] merged=[[111,2]] --- (Vertex3)[[w109,4], [w109,6], [w109,8], [110,7], [w109,7], [w109,3], [110,6], [110,4], [110,8], [w109,1], [110,2], [w109,0], [w109,2], [110,3], [w109,5], [110,5]] weak=[[w109,4], [w109,6], [w109,8], [w109,7], [w109,3], [w109,1], [w109,0], [w109,2], [w109,5]] (solid_wave_vertices: 9) solid=[[109,5], [109,2], [109,7], [109,8], [109,3], [109,1], [109,4], [109,6], [109,0]] merged=[[111,3]] --- (Vertex4)[[w109,4], [w109,6], [w109,8], [110,7], [w109,7], [w109,3], [110,6], [110,4], [110,8], [w109,1], [110,2], [w109,0], [w109,2], [110,3], [w109,5], [110,5]] weak=[[w109,4], [w109,6], [w109,8], [w109,7], [w109,3], [w109,1], [w109,0], [w109,2], [w109,5]] (solid_wave_vertices: 9) solid=[[109,1], [109,3], [109,4], [109,2], [109,8], [109,7], [109,0], [109,5], [109,6]] merged=[[111,4]] --- (Vertex5)[[w109,4], [w109,6], [w109,8], [110,7], [w109,7], [w109,3], [110,6], [110,4], [110,8], [w109,1], [110,2], [w109,0], [w109,2], [110,3], [w109,5], [110,5]] weak=[[w109,4], [w109,6], [w109,8], [w109,7], [w109,3], [w109,1], [w109,0], [w109,2], [w109,5]] (solid_wave_vertices: 9) solid=[[109,5], [109,0], [109,6], [109,8], [109,4], [109,2], [109,1], [109,7], [109,3]] merged=[[111,5]] --- (Vertex6)[[w109,4], [w109,6], [w109,8], [110,7], [w109,7], [w109,3], [110,6], [110,4], [110,8], [110,0], [w109,1], [w109,0], [w109,2], [110,1], [w109,5], [110,5]] weak=[[w109,4], [w109,6], [w109,8], [w109,7], [w109,3], [w109,1], [w109,0], [w109,2], [w109,5]] (solid_wave_vertices: 9) solid=[[109,7], [109,1], [109,5], [109,6], [109,8], [109,0], [109,2], [109,4], [109,3]] merged=[[111,6]] --- (Vertex7)[[w109,4], [w109,6], [w109,8], [110,7], [w109,7], [w109,3], [110,6], [110,4], [110,8], [w109,1], [110,2], [w109,0], [w109,2], [110,3], [w109,5], [110,5]] weak=[[w109,4], [w109,6], [w109,8], [w109,7], [w109,3], [w109,1], [w109,0], [w109,2], [w109,5]] (solid_wave_vertices: 9) solid=[[109,1], [109,3], [109,2], [109,5], [109,6], [109,0], [109,8], [109,7], [109,4]] merged=[[111,7]] --- (Vertex8)[[w109,4], [w109,6], [w109,8], [110,7], [w109,7], [w109,3], [110,4], [110,8], [w109,1], [110,2], [w109,0], [w109,2], [110,3], [110,1], [w109,5], [110,5]] weak=[[w109,4], [w109,6], [w109,8], [w109,7], [w109,3], [w109,1], [w109,0], [w109,2], [w109,5]] (solid_wave_vertices: 9) solid=[[109,2], [109,7], [109,3], [109,5], [109,6], [109,4], [109,0], [109,1], [109,8]] merged=[[111,8]] --- (Vertex9)[[w109,4], [w109,6], [w109,8], [110,7], [w109,7], [w109,3], [110,6], [110,4], [110,8], [w109,9], [110,0], [w109,1], [w109,0], [w109,2], [110,1], [w109,5], [110,5]] weak=[[w109,4], [w109,6], [w109,8], [w109,7], [w109,3], [w109,9], [w109,1], [w109,0], [w109,2], [w109,5]] (solid_wave_vertices: 10) solid=[[109,0], [109,2], [109,6], [109,3], [109,8], [109,7], [109,9], [109,5], [109,4], [109,1]] merged=[[111,9]]
Round 112: (Vertex0)[[111,0], [111,3], [111,4], [111,8], [111,1], [111,6], [111,2]] (solid_wave_vertices: 7) solid=[[111,4], [111,3], [111,2], [111,0], [111,8], [111,1], [111,6]] merged=[[111,4], [111,0], [111,8], [111,3], [111,2], [111,6], [111,1]] --- (Vertex1)[[111,0], [111,3], [111,4], [111,8], [111,1], [111,6], [111,2]] (solid_wave_vertices: 7) solid=[[111,3], [111,4], [111,0], [111,2], [111,1], [111,6], [111,8]] merged=[[111,2], [111,6], [111,0], [111,3], [111,8], [111,4], [111,1]] --- (Vertex2)[[111,0], [111,3], [111,4], [111,5], [111,8], [111,2], [111,7]] (solid_wave_vertices: 7) solid=[[111,4], [111,7], [111,3], [111,0], [111,8], [111,5], [111,2]] merged=[[111,0], [111,2], [111,4], [111,3], [111,5], [111,7], [111,8]] --- (Vertex3)[[111,0], [111,3], [111,4], [111,5], [111,8], [111,2], [111,7]] (solid_wave_vertices: 7) solid=[[111,4], [111,5], [111,7], [111,0], [111,8], [111,3], [111,2]] merged=[[111,7], [111,5], [111,3], [111,0], [111,8], [111,2], [111,4]] --- (Vertex4)[[111,0], [111,3], [111,4], [111,5], [111,8], [111,2], [111,7]] (solid_wave_vertices: 7) solid=[[111,0], [111,4], [111,5], [111,8], [111,2], [111,3], [111,7]] merged=[[111,7], [111,0], [111,3], [111,8], [111,5], [111,2], [111,4]] --- (Vertex5)[[111,0], [111,3], [111,4], [111,5], [111,8], [111,2], [111,7]] (solid_wave_vertices: 7) solid=[[111,3], [111,0], [111,8], [111,5], [111,2], [111,7], [111,4]] merged=[[111,0], [111,8], [111,4], [111,3], [111,5], [111,2], [111,7]] --- (Vertex6)[[111,0], [111,3], [111,4], [111,8], [111,1], [111,6], [111,2]] (solid_wave_vertices: 7) solid=[[111,4], [111,0], [111,1], [111,3], [111,2], [111,6], [111,8]] merged=[[111,6], [111,4], [111,3], [111,1], [111,8], [111,0], [111,2]] --- (Vertex7)[[111,0], [111,3], [111,4], [111,5], [111,8], [111,2], [111,7]] (solid_wave_vertices: 7) solid=[[111,2], [111,7], [111,3], [111,5], [111,4], [111,8], [111,0]] merged=[[111,8], [111,5], [111,4], [111,3], [111,7], [111,2], [111,0]] --- (Vertex8)[[111,0], [111,3], [111,4], [111,5], [111,8], [111,2], [111,7]] (solid_wave_vertices: 7) solid=[[111,2], [111,3], [111,8], [111,4], [111,5], [111,7], [111,0]] merged=[[111,8], [111,0], [111,5], [111,3], [111,7], [111,4], [111,2]] --- (Vertex9)[[111,0], [111,4], [111,8], [111,1], [111,6], [111,2], [111,7]] (solid_wave_vertices: 7) solid=[[111,7], [111,6], [111,0], [111,1], [111,2], [111,8], [111,4]] merged=[[111,1], [111,2], [111,8], [111,7], [111,6], [111,4], [111,0]]
Round 113: (Vertex0)[[w111,0], [w111,3], [w111,4], [112,6], [w111,5], [w111,8], [w111,1], [w111,6], [w111,2], [112,3], [112,0], [112,5], [112,8], [112,1], [112,4], [w111,7]] weak=[[w111,0], [w111,3], [w111,4], [w111,5], [w111,8], [w111,1], [w111,6], [w111,2], [w111,7]] (solid_wave_vertices: 9) solid=[[111,0], [111,8], [111,6], [111,4], [111,7], [111,1], [111,3], [111,2], [111,5]] merged=[[113,0]] --- (Vertex1)[[w111,0], [w111,3], [w111,4], [112,6], [w111,5], [w111,8], [w111,1], [w111,6], [w111,2], [112,3], [112,0], [112,5], [112,8], [112,1], [112,4], [w111,7]] weak=[[w111,0], [w111,3], [w111,4], [w111,5], [w111,8], [w111,1], [w111,6], [w111,2], [w111,7]] (solid_wave_vertices: 9) solid=[[111,8], [111,4], [111,2], [111,7], [111,6], [111,5], [111,0], [111,1], [111,3]] merged=[[113,1]] --- (Vertex2)[[w111,0], [w111,3], [w111,4], [w111,5], [w111,8], [w111,1], [w111,6], [w111,2], [112,3], [112,0], [112,5], [112,8], [112,2], [112,4], [112,7], [w111,7]] weak=[[w111,0], [w111,3], [w111,4], [w111,5], [w111,8], [w111,1], [w111,6], [w111,2], [w111,7]] (solid_wave_vertices: 9) solid=[[111,7], [111,8], [111,3], [111,6], [111,5], [111,1], [111,4], [111,0], [111,2]] merged=[[113,2]] --- (Vertex3)[[w111,0], [w111,3], [w111,4], [w111,5], [w111,8], [w111,1], [w111,6], [w111,2], [112,3], [112,0], [112,5], [112,8], [112,2], [112,4], [112,7], [w111,7]] weak=[[w111,0], [w111,3], [w111,4], [w111,5], [w111,8], [w111,1], [w111,6], [w111,2], [w111,7]] (solid_wave_vertices: 9) solid=[[111,4], [111,3], [111,7], [111,1], [111,5], [111,0], [111,6], [111,8], [111,2]] merged=[[113,3]] --- (Vertex4)[[w111,0], [w111,3], [w111,4], [112,6], [w111,5], [w111,8], [w111,1], [w111,6], [w111,2], [112,3], [112,5], [112,8], [112,2], [112,4], [112,7], [w111,7]] weak=[[w111,0], [w111,3], [w111,4], [w111,5], [w111,8], [w111,1], [w111,6], [w111,2], [w111,7]] (solid_wave_vertices: 9) solid=[[111,2], [111,7], [111,4], [111,0], [111,3], [111,5], [111,1], [111,6], [111,8]] merged=[[113,4]] --- (Vertex5)[[w111,0], [w111,3], [w111,4], [w111,5], [w111,8], [w111,1], [w111,6], [w111,2], [112,3], [112,0], [112,5], [112,8], [112,2], [112,4], [112,7], [w111,7]] weak=[[w111,0], [w111,3], [w111,4], [w111,5], [w111,8], [w111,1], [w111,6], [w111,2], [w111,7]] (solid_wave_vertices: 9) solid=[[111,5], [111,6], [111,4], [111,8], [111,1], [111,2], [111,7], [111,0], [111,3]] merged=[[113,5]] --- (Vertex6)[[w111,0], [w111,3], [w111,4], [112,6], [w111,5], [w111,8], [w111,1], [w111,6], [w111,2], [112,3], [112,0], [112,5], [112,8], [112,1], [112,4], [w111,7]] weak=[[w111,0], [w111,3], [w111,4], [w111,5], [w111,8], [w111,1], [w111,6], [w111,2], [w111,7]] (solid_wave_vertices: 9) solid=[[111,4], [111,1], [111,8], [111,0], [111,5], [111,2], [111,6], [111,3], [111,7]] merged=[[113,6]] --- (Vertex7)[[w111,0], [w111,3], [w111,4], [w111,5], [w111,8], [w111,1], [w111,6], [w111,2], [112,3], [112,0], [112,5], [112,8], [112,2], [112,4], [112,7], [w111,7]] weak=[[w111,0], [w111,3], [w111,4], [w111,5], [w111,8], [w111,1], [w111,6], [w111,2], [w111,7]] (solid_wave_vertices: 9) solid=[[111,8], [111,4], [111,6], [111,1], [111,7], [111,2], [111,0], [111,3], [111,5]] merged=[[113,7]] --- (Vertex8)[[w111,0], [w111,3], [w111,4], [w111,5], [w111,8], [w111,1], [w111,6], [w111,2], [112,3], [112,0], [112,5], [112,8], [112,2], [112,4], [112,7], [w111,7]] weak=[[w111,0], [w111,3], [w111,4], [w111,5], [w111,8], [w111,1], [w111,6], [w111,2], [w111,7]] (solid_wave_vertices: 9) solid=[[111,5], [111,1], [111,0], [111,4], [111,3], [111,7], [111,6], [111,8], [111,2]] merged=[[113,8]] --- (Vertex9)[[w111,0], [w111,3], [w111,4], [112,6], [w111,5], [w111,8], [w111,1], [w111,9], [w111,6], [w111,2], [112,0], [112,8], [112,1], [112,2], [112,4], [112,7], [w111,7]] weak=[[w111,0], [w111,3], [w111,4], [w111,5], [w111,8], [w111,1], [w111,9], [w111,6], [w111,2], [w111,7]] (solid_wave_vertices: 10) solid=[[111,8], [111,4], [111,1], [111,9], [111,7], [111,2], [111,5], [111,3], [111,0], [111,6]] merged=[[113,9]]
Round 114: (Vertex0)[[113,1], [113,7], [113,5], [113,0], [113,8], [113,4], [113,6]] (solid_wave_vertices: 7) solid=[[113,8], [113,6], [113,5], [113,1], [113,0], [113,4], [113,7]] merged=[[113,5], [113,7], [113,0], [113,1], [113,4], [113,6], [113,8]] --- (Vertex1)[[113,1], [113,7], [113,5], [113,0], [113,4], [113,6], [113,2]] (solid_wave_vertices: 7) solid=[[113,7], [113,1], [113,0], [113,4], [113,2], [113,5], [113,6]] merged=[[113,1], [113,0], [113,6], [113,4], [113,2], [113,7], [113,5]] --- (Vertex2)[[113,1], [113,3], [113,7], [113,5], [113,8], [113,4], [113,2]] (solid_wave_vertices: 7) solid=[[113,5], [113,4], [113,2], [113,8], [113,7], [113,1], [113,3]] merged=[[113,3], [113,5], [113,4], [113,7], [113,1], [113,2], [113,8]] --- (Vertex3)[[113,1], [113,3], [113,7], [113,5], [113,8], [113,4], [113,2]] (solid_wave_vertices: 7) solid=[[113,4], [113,5], [113,3], [113,8], [113,1], [113,7], [113,2]] merged=[[113,3], [113,4], [113,7], [113,8], [113,2], [113,5], [113,1]] --- (Vertex4)[[113,1], [113,3], [113,7], [113,5], [113,8], [113,4], [113,2]] (solid_wave_vertices: 7) solid=[[113,2], [113,5], [113,3], [113,1], [113,8], [113,4], [113,7]] merged=[[113,1], [113,7], [113,2], [113,8], [113,5], [113,4], [113,3]] --- (Vertex5)[[113,1], [113,3], [113,7], [113,5], [113,8], [113,4], [113,2]] (solid_wave_vertices: 7) solid=[[113,5], [113,2], [113,1], [113,4], [113,3], [113,8], [113,7]] merged=[[113,4], [113,3], [113,2], [113,1], [113,8], [113,5], [113,7]] --- (Vertex6)[[113,1], [113,7], [113,5], [113,0], [113,4], [113,6], [113,2]] (solid_wave_vertices: 7) solid=[[113,2], [113,4], [113,7], [113,1], [113,0], [113,6], [113,5]] merged=[[113,5], [113,7], [113,6], [113,4], [113,2], [113,1], [113,0]] --- (Vertex7)[[113,1], [113,3], [113,7], [113,5], [113,8], [113,4], [113,2]] (solid_wave_vertices: 7) solid=[[113,4], [113,1], [113,5], [113,3], [113,2], [113,7], [113,8]] merged=[[113,5], [113,7], [113,3], [113,1], [113,2], [113,8], [113,4]] --- (Vertex8)[[113,1], [113,3], [113,7], [113,5], [113,8], [113,4], [113,2]] (solid_wave_vertices: 7) solid=[[113,2], [113,3], [113,5], [113,8], [113,1], [113,7], [113,4]] merged=[[113,5], [113,2], [113,1], [113,4], [113,8], [113,3], [113,7]] --- (Vertex9)[[113,1], [113,7], [113,0], [113,8], [113,4], [113,6], [113,2]] (solid_wave_vertices: 7) solid=[[113,4], [113,2], [113,0], [113,6], [113,7], [113,1], [113,8]] merged=[[113,0], [113,7], [113,1], [113,4], [113,6], [113,8], [113,2]]
Round 115: (Vertex0)[[114,6], [114,3], [w113,1], [114,1], [w113,3], [w113,7], [w113,5], [w113,0], [w113,8], [114,7], [114,0], [w113,4], [114,4], [w113,6], [114,8], [w113,2]] weak=[[w113,1], [w113,3], [w113,7], [w113,5], [w113,0], [w113,8], [w113,4], [w113,6], [w113,2]] (solid_wave_vertices: 9) solid=[[113,0], [113,3], [113,4], [113,2], [113,7], [113,5], [113,6], [113,1], [113,8]] merged=[[115,0]] --- (Vertex1)[[114,6], [114,3], [w113,1], [114,1], [w113,3], [w113,7], [w113,5], [w113,0], [w113,8], [114,7], [114,0], [w113,4], [114,4], [w113,6], [114,8], [w113,2]] weak=[[w113,1], [w113,3], [w113,7], [w113,5], [w113,0], [w113,8], [w113,4], [w113,6], [w113,2]] (solid_wave_vertices: 9) solid=[[113,2], [113,4], [113,8], [113,6], [113,0], [113,5], [113,3], [113,7], [113,1]] merged=[[115,1]] --- (Vertex2)[[114,5], [114,6], [114,3], [w113,1], [w113,3], [w113,7], [w113,5], [w113,0], [114,2], [w113,8], [114,7], [w113,4], [114,4], [w113,6], [114,8], [w113,2]] weak=[[w113,1], [w113,3], [w113,7], [w113,5], [w113,0], [w113,8], [w113,4], [w113,6], [w113,2]] (solid_wave_vertices: 9) solid=[[113,1], [113,8], [113,4], [113,6], [113,3], [113,7], [113,5], [113,0], [113,2]] merged=[[115,2]] --- (Vertex3)[[114,5], [114,6], [114,3], [w113,1], [w113,3], [w113,7], [w113,5], [w113,0], [114,2], [w113,8], [114,7], [w113,4], [114,4], [w113,6], [114,8], [w113,2]] weak=[[w113,1], [w113,3], [w113,7], [w113,5], [w113,0], [w113,8], [w113,4], [w113,6], [w113,2]] (solid_wave_vertices: 9) solid=[[113,1], [113,3], [113,6], [113,2], [113,7], [113,4], [113,8], [113,0], [113,5]] merged=[[115,3]] --- (Vertex4)[[114,5], [114,6], [114,3], [w113,1], [w113,3], [w113,7], [w113,5], [w113,0], [114,2], [w113,8], [114,7], [w113,4], [114,4], [w113,6], [114,8], [w113,2]] weak=[[w113,1], [w113,3], [w113,7], [w113,5], [w113,0], [w113,8], [w113,4], [w113,6], [w113,2]] (solid_wave_vertices: 9) solid=[[113,1], [113,8], [113,2], [113,5], [113,3], [113,4], [113,0], [113,6], [113,7]] merged=[[115,4]] --- (Vertex5)[[114,5], [114,6], [114,3], [w113,1], [w113,3], [w113,7], [w113,5], [w113,0], [114,2], [w113,8], [114,7], [w113,4], [114,4], [w113,6], [114,8], [w113,2]] weak=[[w113,1], [w113,3], [w113,7], [w113,5], [w113,0], [w113,8], [w113,4], [w113,6], [w113,2]] (solid_wave_vertices: 9) solid=[[113,0], [113,6], [113,5], [113,4], [113,1], [113,7], [113,8], [113,3], [113,2]] merged=[[115,5]] --- (Vertex6)[[114,6], [114,3], [w113,1], [114,1], [w113,3], [w113,7], [w113,5], [w113,0], [w113,8], [114,7], [114,0], [w113,4], [114,4], [w113,6], [114,8], [w113,2]] weak=[[w113,1], [w113,3], [w113,7], [w113,5], [w113,0], [w113,8], [w113,4], [w113,6], [w113,2]] (solid_wave_vertices: 9) solid=[[113,4], [113,6], [113,3], [113,8], [113,1], [113,0], [113,5], [113,2], [113,7]] merged=[[115,6]] --- (Vertex7)[[114,5], [114,6], [114,3], [w113,1], [w113,3], [w113,7], [w113,5], [w113,0], [114,2], [w113,8], [114,7], [w113,4], [114,4], [w113,6], [114,8], [w113,2]] weak=[[w113,1], [w113,3], [w113,7], [w113,5], [w113,0], [w113,8], [w113,4], [w113,6], [w113,2]] (solid_wave_vertices: 9) solid=[[113,1], [113,7], [113,8], [113,6], [113,3], [113,5], [113,4], [113,0], [113,2]] merged=[[115,7]] --- (Vertex8)[[114,5], [114,6], [114,3], [w113,1], [w113,3], [w113,7], [w113,5], [w113,0], [114,2], [w113,8], [114,7], [w113,4], [114,4], [w113,6], [114,8], [w113,2]] weak=[[w113,1], [w113,3], [w113,7], [w113,5], [w113,0], [w113,8], [w113,4], [w113,6], [w113,2]] (solid_wave_vertices: 9) solid=[[113,7], [113,5], [113,0], [113,2], [113,3], [113,8], [113,6], [113,4], [113,1]] merged=[[115,8]] --- (Vertex9)[[114,6], [114,3], [w113,1], [w113,3], [w113,7], [w113,5], [w113,0], [114,2], [w113,9], [w113,8], [114,7], [114,0], [w113,4], [114,4], [w113,6], [114,8], [w113,2]] weak=[[w113,1], [w113,3], [w113,7], [w113,5], [w113,0], [w113,9], [w113,8], [w113,4], [w113,6], [w113,2]] (solid_wave_vertices: 10) solid=[[113,5], [113,3], [113,2], [113,0], [113,7], [113,4], [113,9], [113,6], [113,1], [113,8]] merged=[[115,9]]
Round 116: (Vertex0)[[115,2], [115,6], [115,0], [115,3], [115,1], [115,7], [115,8]] (solid_wave_vertices: 7) solid=[[115,8], [115,1], [115,0], [115,6], [115,2], [115,3], [115,7]] merged=[[115,8], [115,1], [115,0], [115,7], [115,2], [115,3], [115,6]] --- (Vertex1)[[115,2], [115,6], [115,0], [115,3], [115,1], [115,7], [115,8]] (solid_wave_vertices: 7) solid=[[115,3], [115,1], [115,2], [115,6], [115,7], [115,0], [115,8]] merged=[[115,3], [115,1], [115,7], [115,0], [115,2], [115,6], [115,8]] --- (Vertex2)[[115,5], [115,2], [115,0], [115,3], [115,4], [115,7], [115,8]] (solid_wave_vertices: 7) solid=[[115,2], [115,7], [115,4], [115,5], [115,0], [115,8], [115,3]] merged=[[115,4], [115,5], [115,8], [115,7], [115,2], [115,0], [115,3]] --- (Vertex3)[[115,5], [115,2], [115,0], [115,3], [115,4], [115,7], [115,8]] (solid_wave_vertices: 7) solid=[[115,0], [115,4], [115,7], [115,5], [115,8], [115,2], [115,3]] merged=[[115,7], [115,0], [115,2], [115,3], [115,5], [115,4], [115,8]] --- (Vertex4)[[115,5], [115,2], [115,0], [115,3], [115,4], [115,7], [115,8]] (solid_wave_vertices: 7) solid=[[115,5], [115,7], [115,0], [115,2], [115,4], [115,8], [115,3]] merged=[[115,8], [115,7], [115,3], [115,2], [115,4], [115,5], [115,0]] --- (Vertex5)[[115,5], [115,2], [115,0], [115,3], [115,4], [115,7], [115,8]] (solid_wave_vertices: 7) solid=[[115,8], [115,4], [115,2], [115,7], [115,5], [115,3], [115,0]] merged=[[115,3], [115,5], [115,4], [115,0], [115,7], [115,8], [115,2]] --- (Vertex6)[[115,2], [115,6], [115,0], [115,3], [115,1], [115,7], [115,8]] (solid_wave_vertices: 7) solid=[[115,3], [115,8], [115,2], [115,7], [115,6], [115,0], [115,1]] merged=[[115,2], [115,3], [115,1], [115,8], [115,6], [115,0], [115,7]] --- (Vertex7)[[115,5], [115,2], [115,0], [115,3], [115,4], [115,7], [115,8]] (solid_wave_vertices: 7) solid=[[115,4], [115,3], [115,7], [115,5], [115,2], [115,0], [115,8]] merged=[[115,0], [115,8], [115,4], [115,7], [115,5], [115,2], [115,3]] --- (Vertex8)[[115,5], [115,2], [115,0], [115,3], [115,4], [115,7], [115,8]] (solid_wave_vertices: 7) solid=[[115,8], [115,4], [115,3], [115,5], [115,7], [115,0], [115,2]] merged=[[115,0], [115,2], [115,3], [115,7], [115,4], [115,5], [115,8]] --- (Vertex9)[[115,2], [115,6], [115,0], [115,3], [115,1], [115,7], [115,8]] (solid_wave_vertices: 7) solid=[[115,8], [115,2], [115,3], [115,7], [115,1], [115,0], [115,6]] merged=[[115,7], [115,6], [115,0], [115,2], [115,8], [115,3], [115,1]]
Round 117: (Vertex0)[[w115,5], [w115,2], [116,2], [w115,6], [116,1], [116,6], [w115,0], [w115,3], [116,4], [w115,1], [116,0], [w115,4], [w115,7], [w115,8], [116,7], [116,3]] weak=[[w115,5], [w115,2], [w115,6], [w115,0], [w115,3], [w115,1], [w115,4], [w115,7], [w115,8]] (solid_wave_vertices: 9) solid=[[115,4], [115,3], [115,2], [115,7], [115,1], [115,8], [115,6], [115,0], [115,5]] merged=[[117,0]] --- (Vertex1)[[w115,5], [w115,2], [116,2], [w115,6], [116,1], [116,6], [w115,0], [w115,3], [116,4], [w115,1], [116,0], [w115,4], [w115,7], [w115,8], [116,5], [116,3]] weak=[[w115,5], [w115,2], [w115,6], [w115,0], [w115,3], [w115,1], [w115,4], [w115,7], [w115,8]] (solid_wave_vertices: 9) solid=[[115,8], [115,4], [115,1], [115,7], [115,6], [115,3], [115,0], [115,5], [115,2]] merged=[[117,1]] --- (Vertex2)[[w115,5], [w115,2], [116,2], [w115,6], [116,6], [116,8], [w115,0], [w115,3], [116,4], [w115,1], [w115,4], [w115,7], [w115,8], [116,7], [116,5], [116,3]] weak=[[w115,5], [w115,2], [w115,6], [w115,0], [w115,3], [w115,1], [w115,4], [w115,7], [w115,8]] (solid_wave_vertices: 9) solid=[[115,2], [115,1], [115,6], [115,8], [115,7], [115,4], [115,0], [115,5], [115,3]] merged=[[117,2]] --- (Vertex3)[[w115,5], [w115,2], [116,2], [w115,6], [116,6], [116,8], [w115,0], [w115,3], [116,4], [w115,1], [w115,4], [w115,7], [w115,8], [116,7], [116,5], [116,3]] weak=[[w115,5], [w115,2], [w115,6], [w115,0], [w115,3], [w115,1], [w115,4], [w115,7], [w115,8]] (solid_wave_vertices: 9) solid=[[115,1], [115,8], [115,7], [115,2], [115,5], [115,0], [115,3], [115,4], [115,6]] merged=[[117,3]] --- (Vertex4)[[w115,5], [w115,2], [116,2], [w115,6], [116,6], [116,8], [w115,0], [w115,3], [116,4], [w115,1], [w115,4], [w115,7], [w115,8], [116,7], [116,5], [116,3]] weak=[[w115,5], [w115,2], [w115,6], [w115,0], [w115,3], [w115,1], [w115,4], [w115,7], [w115,8]] (solid_wave_vertices: 9) solid=[[115,4], [115,7], [115,0], [115,8], [115,3], [115,1], [115,5], [115,2], [115,6]] merged=[[117,4]] --- (Vertex5)[[w115,5], [w115,2], [116,2], [w115,6], [116,6], [116,8], [w115,0], [w115,3], [116,4], [w115,1], [w115,4], [w115,7], [w115,8], [116,7], [116,5], [116,3]] weak=[[w115,5], [w115,2], [w115,6], [w115,0], [w115,3], [w115,1], [w115,4], [w115,7], [w115,8]] (solid_wave_vertices: 9) solid=[[115,8], [115,3], [115,6], [115,5], [115,0], [115,1], [115,2], [115,7], [115,4]] merged=[[117,5]] --- (Vertex6)[[w115,5], [w115,2], [116,2], [w115,6], [116,1], [116,6], [w115,0], [w115,3], [116,4], [w115,1], [116,0], [w115,4], [w115,7], [w115,8], [116,7], [116,3]] weak=[[w115,5], [w115,2], [w115,6], [w115,0], [w115,3], [w115,1], [w115,4], [w115,7], [w115,8]] (solid_wave_vertices: 9) solid=[[115,0], [115,5], [115,4], [115,2], [115,8], [115,1], [115,6], [115,7], [115,3]] merged=[[117,6]] --- (Vertex7)[[w115,5], [w115,2], [116,2], [w115,6], [116,6], [116,8], [w115,0], [w115,3], [116,4], [w115,1], [w115,4], [w115,7], [w115,8], [116,7], [116,5], [116,3]] weak=[[w115,5], [w115,2], [w115,6], [w115,0], [w115,3], [w115,1], [w115,4], [w115,7], [w115,8]] (solid_wave_vertices: 9) solid=[[115,1], [115,4], [115,7], [115,6], [115,2], [115,8], [115,3], [115,5], [115,0]] merged=[[117,7]] --- (Vertex8)[[w115,5], [w115,2], [116,2], [w115,6], [116,6], [116,8], [w115,0], [w115,3], [116,4], [w115,1], [w115,4], [w115,7], [w115,8], [116,7], [116,5], [116,3]] weak=[[w115,5], [w115,2], [w115,6], [w115,0], [w115,3], [w115,1], [w115,4], [w115,7], [w115,8]] (solid_wave_vertices: 9) solid=[[115,3], [115,4], [115,0], [115,5], [115,2], [115,8], [115,1], [115,7], [115,6]] merged=[[117,8]] --- (Vertex9)[[w115,5], [w115,2], [116,2], [w115,6], [116,1], [116,6], [116,8], [w115,0], [w115,3], [116,4], [w115,1], [w115,9], [116,0], [w115,4], [w115,7], [w115,8], [116,5]] weak=[[w115,5], [w115,2], [w115,6], [w115,0], [w115,3], [w115,1], [w115,9], [w115,4], [w115,7], [w115,8]] (solid_wave_vertices: 10) solid=[[115,3], [115,6], [115,9], [115,2], [115,8], [115,7], [115,1], [115,0], [115,5], [115,4]] merged=[[117,9]]
Round 118: (Vertex0)[[117,3], [117,7], [117,4], [117,1], [117,6], [117,0], [117,2]] (solid_wave_vertices: 7) solid=[[117,1], [117,2], [117,7], [117,0], [117,3], [117,4], [117,6]] merged=[[117,7], [117,3], [117,6], [117,4], [117,2], [117,0], [117,1]] --- (Vertex1)[[117,3], [117,7], [117,4], [117,1], [117,6], [117,0], [117,8]] (solid_wave_vertices: 7) solid=[[117,4], [117,3], [117,1], [117,0], [117,8], [117,7], [117,6]] merged=[[117,4], [117,7], [117,0], [117,1], [117,6], [117,8], [117,3]] --- (Vertex2)[[117,3], [117,5], [117,7], [117,4], [117,0], [117,8], [117,2]] (solid_wave_vertices: 7) solid=[[117,4], [117,0], [117,7], [117,2], [117,8], [117,5], [117,3]] merged=[[117,5], [117,3], [117,2], [117,4], [117,7], [117,0], [117,8]] --- (Vertex3)[[117,3], [117,5], [117,7], [117,4], [117,0], [117,8], [117,2]] (solid_wave_vertices: 7) solid=[[117,2], [117,3], [117,0], [117,5], [117,7], [117,4], [117,8]] merged=[[117,8], [117,0], [117,3], [117,7], [117,4], [117,2], [117,5]] --- (Vertex4)[[117,3], [117,5], [117,7], [117,4], [117,0], [117,8], [117,2]] (solid_wave_vertices: 7) solid=[[117,5], [117,8], [117,0], [117,2], [117,3], [117,4], [117,7]] merged=[[117,3], [117,0], [117,8], [117,4], [117,7], [117,5], [117,2]] --- (Vertex5)[[117,3], [117,5], [117,7], [117,4], [117,0], [117,8], [117,2]] (solid_wave_vertices: 7) solid=[[117,4], [117,2], [117,7], [117,8], [117,0], [117,5], [117,3]] merged=[[117,5], [117,2], [117,7], [117,0], [117,8], [117,4], [117,3]] --- (Vertex6)[[117,3], [117,7], [117,4], [117,1], [117,6], [117,0], [117,2]] (solid_wave_vertices: 7) solid=[[117,3], [117,4], [117,6], [117,2], [117,1], [117,0], [117,7]] merged=[[117,2], [117,7], [117,3], [117,1], [117,0], [117,4], [117,6]] --- (Vertex7)[[117,3], [117,5], [117,7], [117,4], [117,0], [117,8], [117,2]] (solid_wave_vertices: 7) solid=[[117,0], [117,3], [117,4], [117,7], [117,5], [117,2], [117,8]] merged=[[117,4], [117,8], [117,0], [117,7], [117,3], [117,5], [117,2]] --- (Vertex8)[[117,3], [117,5], [117,7], [117,4], [117,0], [117,8], [117,2]] (solid_wave_vertices: 7) solid=[[117,7], [117,3], [117,4], [117,5], [117,8], [117,2], [117,0]] merged=[[117,7], [117,8], [117,5], [117,3], [117,4], [117,0], [117,2]] --- (Vertex9)[[117,3], [117,5], [117,7], [117,1], [117,6], [117,0], [117,2]] (solid_wave_vertices: 7) solid=[[117,7], [117,2], [117,1], [117,3], [117,5], [117,6], [117,0]] merged=[[117,6], [117,1], [117,0], [117,2], [117,7], [117,5], [117,3]]
Round 119: (Vertex0)[[118,4], [118,7], [118,2], [w117,3], [118,3], [w117,5], [w117,7], [w117,4], [118,6], [w117,1], [w117,6], [w117,0], [118,1], [w117,8], [w117,2], [118,0]] weak=[[w117,3], [w117,5], [w117,7], [w117,4], [w117,1], [w117,6], [w117,0], [w117,8], [w117,2]] (solid_wave_vertices: 9) solid=[[117,6], [117,1], [117,3], [117,2], [117,0], [117,7], [117,4], [117,8], [117,5]] merged=[[119,0]] --- (Vertex1)[[118,4], [118,7], [w117,3], [118,5], [118,3], [w117,5], [w117,7], [w117,4], [118,6], [w117,1], [w117,6], [w117,0], [118,1], [w117,8], [w117,2], [118,0]] weak=[[w117,3], [w117,5], [w117,7], [w117,4], [w117,1], [w117,6], [w117,0], [w117,8], [w117,2]] (solid_wave_vertices: 9) solid=[[117,0], [117,8], [117,7], [117,1], [117,5], [117,4], [117,3], [117,2], [117,6]] merged=[[119,1]] --- (Vertex2)[[118,4], [118,7], [118,2], [w117,3], [118,5], [118,3], [w117,5], [w117,7], [w117,4], [w117,1], [w117,6], [w117,0], [118,1], [w117,8], [w117,2], [118,8]] weak=[[w117,3], [w117,5], [w117,7], [w117,4], [w117,1], [w117,6], [w117,0], [w117,8], [w117,2]] (solid_wave_vertices: 9) solid=[[117,2], [117,3], [117,5], [117,0], [117,8], [117,7], [117,6], [117,4], [117,1]] merged=[[119,2]] --- (Vertex3)[[118,4], [118,7], [118,2], [w117,3], [118,5], [118,3], [w117,5], [w117,7], [w117,4], [w117,1], [w117,6], [w117,0], [118,1], [w117,8], [w117,2], [118,8]] weak=[[w117,3], [w117,5], [w117,7], [w117,4], [w117,1], [w117,6], [w117,0], [w117,8], [w117,2]] (solid_wave_vertices: 9) solid=[[117,8], [117,4], [117,5], [117,6], [117,0], [117,7], [117,2], [117,1], [117,3]] merged=[[119,3]] --- (Vertex4)[[118,4], [118,7], [118,2], [w117,3], [118,5], [118,3], [w117,5], [w117,7], [w117,4], [w117,1], [w117,6], [w117,0], [118,1], [w117,8], [w117,2], [118,8]] weak=[[w117,3], [w117,5], [w117,7], [w117,4], [w117,1], [w117,6], [w117,0], [w117,8], [w117,2]] (solid_wave_vertices: 9) solid=[[117,1], [117,2], [117,6], [117,8], [117,5], [117,7], [117,3], [117,4], [117,0]] merged=[[119,4]] --- (Vertex5)[[118,4], [118,7], [118,2], [w117,3], [118,5], [118,3], [w117,5], [w117,7], [w117,4], [w117,1], [w117,6], [w117,0], [118,1], [w117,8], [w117,2], [118,8]] weak=[[w117,3], [w117,5], [w117,7], [w117,4], [w117,1], [w117,6], [w117,0], [w117,8], [w117,2]] (solid_wave_vertices: 9) solid=[[117,5], [117,7], [117,0], [117,8], [117,6], [117,4], [117,3], [117,1], [117,2]] merged=[[119,5]] --- (Vertex6)[[118,4], [118,7], [118,2], [w117,3], [w117,5], [w117,7], [w117,4], [118,6], [w117,1], [w117,6], [w117,0], [118,1], [w117,8], [w117,2], [118,8], [118,0]] weak=[[w117,3], [w117,5], [w117,7], [w117,4], [w117,1], [w117,6], [w117,0], [w117,8], [w117,2]] (solid_wave_vertices: 9) solid=[[117,1], [117,6], [117,4], [117,2], [117,0], [117,7], [117,5], [117,3], [117,8]] merged=[[119,6]] --- (Vertex7)[[118,4], [118,7], [118,2], [w117,3], [118,5], [118,3], [w117,5], [w117,7], [w117,4], [w117,1], [w117,6], [w117,0], [118,1], [w117,8], [w117,2], [118,8]] weak=[[w117,3], [w117,5], [w117,7], [w117,4], [w117,1], [w117,6], [w117,0], [w117,8], [w117,2]] (solid_wave_vertices: 9) solid=[[117,6], [117,7], [117,2], [117,5], [117,8], [117,1], [117,0], [117,4], [117,3]] merged=[[119,7]] --- (Vertex8)[[118,4], [118,7], [118,2], [w117,3], [118,5], [118,3], [w117,5], [w117,7], [w117,4], [w117,1], [w117,6], [w117,0], [118,1], [w117,8], [w117,2], [118,8]] weak=[[w117,3], [w117,5], [w117,7], [w117,4], [w117,1], [w117,6], [w117,0], [w117,8], [w117,2]] (solid_wave_vertices: 9) solid=[[117,7], [117,0], [117,4], [117,8], [117,1], [117,2], [117,3], [117,5], [117,6]] merged=[[119,8]] --- (Vertex9)[[118,4], [w117,3], [118,5], [118,3], [w117,5], [w117,7], [w117,4], [118,6], [w117,1], [w117,6], [w117,0], [118,1], [w117,8], [w117,2], [w117,9], [118,8], [118,0]] weak=[[w117,3], [w117,5], [w117,7], [w117,4], [w117,1], [w117,6], [w117,0], [w117,8], [w117,2], [w117,9]] (solid_wave_vertices: 10) solid=[[117,2], [117,8], [117,1], [117,9], [117,6], [117,4], [117,7], [117,3], [117,0], [117,5]] merged=[[119,9]]
Round 120: (Vertex0)[[119,8], [119,6], [119,1], [119,5], [119,0], [119,2], [119,4]] (solid_wave_vertices: 7) solid=[[119,8], [119,5], [119,1], [119,2], [119,6], [119,4], [119,0]] merged=[[119,1], [119,8], [119,2], [119,6], [119,4], [119,0], [119,5]] --- (Vertex1)[[119,8], [119,6], [119,1], [119,5], [119,0], [119,7], [119,4]] (solid_wave_vertices: 7) solid=[[119,4], [119,6], [119,0], [119,7], [119,1], [119,5], [119,8]] merged=[[119,1], [119,0], [119,5], [119,7], [119,6], [119,4], [119,8]] --- (Vertex2)[[119,8], [119,6], [119,5], [119,2], [119,3], [119,7], [119,4]] (solid_wave_vertices: 7) solid=[[119,2], [119,3], [119,4], [119,6], [119,5], [119,7], [119,8]] merged=[[119,2], [119,4], [119,6], [119,8], [119,3], [119,5], [119,7]] --- (Vertex3)[[119,8], [119,6], [119,5], [119,2], [119,3], [119,7], [119,4]] (solid_wave_vertices: 7) solid=[[119,7], [119,8], [119,3], [119,5], [119,2], [119,4], [119,6]] merged=[[119,6], [119,4], [119,7], [119,2], [119,3], [119,8], [119,5]] --- (Vertex4)[[119,8], [119,6], [119,5], [119,2], [119,3], [119,7], [119,4]] (solid_wave_vertices: 7) solid=[[119,5], [119,6], [119,2], [119,8], [119,7], [119,3], [119,4]] merged=[[119,2], [119,8], [119,7], [119,3], [119,5], [119,4], [119,6]] --- (Vertex5)[[119,8], [119,6], [119,5], [119,2], [119,3], [119,7], [119,4]] (solid_wave_vertices: 7) solid=[[119,3], [119,7], [119,2], [119,5], [119,8], [119,6], [119,4]] merged=[[119,5], [119,2], [119,8], [119,3], [119,7], [119,6], [119,4]] --- (Vertex6)[[119,6], [119,1], [119,5], [119,0], [119,2], [119,3], [119,4]] (solid_wave_vertices: 7) solid=[[119,5], [119,6], [119,2], [119,1], [119,4], [119,0], [119,3]] merged=[[119,6], [119,3], [119,1], [119,2], [119,5], [119,4], [119,0]] --- (Vertex7)[[119,8], [119,6], [119,5], [119,2], [119,3], [119,7], [119,4]] (solid_wave_vertices: 7) solid=[[119,8], [119,3], [119,2], [119,4], [119,7], [119,6], [119,5]] merged=[[119,3], [119,4], [119,8], [119,5], [119,6], [119,2], [119,7]] --- (Vertex8)[[119,8], [119,6], [119,5], [119,2], [119,3], [119,7], [119,4]] (solid_wave_vertices: 7) solid=[[119,4], [119,8], [119,5], [119,6], [119,3], [119,7], [119,2]] merged=[[119,7], [119,6], [119,3], [119,8], [119,4], [119,2], [119,5]] --- (Vertex9)[[119,8], [119,5], [119,0], [119,2], [119,3], [119,7], [119,4]] (solid_wave_vertices: 7) solid=[[119,5], [119,4], [119,7], [119,8], [119,0], [119,3], [119,2]] merged=[[119,2], [119,0], [119,3], [119,8], [119,5], [119,7], [119,4]]
Round 121: (Vertex0)[[w119,8], [120,1], [120,7], [w119,6], [w119,1], [w119,5], [120,6], [120,8], [120,4], [120,0], [w119,0], [w119,2], [120,2], [w119,3], [w119,7], [w119,4]] weak=[[w119,8], [w119,6], [w119,1], [w119,5], [w119,0], [w119,2], [w119,3], [w119,7], [w119,4]] (solid_wave_vertices: 9) solid=[[119,6], [119,4], [119,1], [119,8], [119,0], [119,3], [119,2], [119,7], [119,5]] merged=[[121,0]] --- (Vertex1)[[w119,8], [120,1], [120,7], [w119,6], [w119,1], [w119,5], [120,6], [120,8], [120,4], [120,0], [w119,0], [w119,2], [120,2], [w119,3], [w119,7], [w119,4]] weak=[[w119,8], [w119,6], [w119,1], [w119,5], [w119,0], [w119,2], [w119,3], [w119,7], [w119,4]] (solid_wave_vertices: 9) solid=[[119,3], [119,1], [119,2], [119,4], [119,8], [119,6], [119,0], [119,7], [119,5]] merged=[[121,1]] --- (Vertex2)[[w119,8], [120,7], [w119,6], [w119,1], [w119,5], [120,6], [120,8], [120,4], [w119,0], [120,3], [w119,2], [120,2], [w119,3], [w119,7], [120,5], [w119,4]] weak=[[w119,8], [w119,6], [w119,1], [w119,5], [w119,0], [w119,2], [w119,3], [w119,7], [w119,4]] (solid_wave_vertices: 9) solid=[[119,8], [119,5], [119,2], [119,0], [119,3], [119,1], [119,6], [119,4], [119,7]] merged=[[121,2]] --- (Vertex3)[[w119,8], [120,7], [w119,6], [w119,1], [w119,5], [120,6], [120,8], [120,4], [w119,0], [120,3], [w119,2], [120,2], [w119,3], [w119,7], [120,5], [w119,4]] weak=[[w119,8], [w119,6], [w119,1], [w119,5], [w119,0], [w119,2], [w119,3], [w119,7], [w119,4]] (solid_wave_vertices: 9) solid=[[119,4], [119,0], [119,3], [119,2], [119,7], [119,5], [119,6], [119,1], [119,8]] merged=[[121,3]] --- (Vertex4)[[w119,8], [120,7], [w119,6], [w119,1], [w119,5], [120,8], [120,4], [120,0], [w119,0], [120,3], [w119,2], [120,2], [w119,3], [w119,7], [120,5], [w119,4]] weak=[[w119,8], [w119,6], [w119,1], [w119,5], [w119,0], [w119,2], [w119,3], [w119,7], [w119,4]] (solid_wave_vertices: 9) solid=[[119,7], [119,4], [119,8], [119,0], [119,2], [119,1], [119,6], [119,3], [119,5]] merged=[[121,4]] --- (Vertex5)[[w119,8], [120,7], [w119,6], [w119,1], [w119,5], [120,6], [120,8], [120,4], [w119,0], [120,3], [w119,2], [120,2], [w119,3], [w119,7], [120,5], [w119,4]] weak=[[w119,8], [w119,6], [w119,1], [w119,5], [w119,0], [w119,2], [w119,3], [w119,7], [w119,4]] (solid_wave_vertices: 9) solid=[[119,4], [119,6], [119,3], [119,1], [119,0], [119,8], [119,7], [119,5], [119,2]] merged=[[121,5]] --- (Vertex6)[[w119,8], [120,1], [120,7], [w119,6], [w119,1], [w119,5], [120,6], [120,8], [120,4], [120,0], [w119,0], [w119,2], [120,2], [w119,3], [w119,7], [w119,4]] weak=[[w119,8], [w119,6], [w119,1], [w119,5], [w119,0], [w119,2], [w119,3], [w119,7], [w119,4]] (solid_wave_vertices: 9) solid=[[119,3], [119,7], [119,5], [119,6], [119,4], [119,1], [119,2], [119,8], [119,0]] merged=[[121,6]] --- (Vertex7)[[w119,8], [120,7], [w119,6], [w119,1], [w119,5], [120,6], [120,8], [120,4], [w119,0], [120,3], [w119,2], [120,2], [w119,3], [w119,7], [120,5], [w119,4]] weak=[[w119,8], [w119,6], [w119,1], [w119,5], [w119,0], [w119,2], [w119,3], [w119,7], [w119,4]] (solid_wave_vertices: 9) solid=[[119,2], [119,3], [119,1], [119,4], [119,7], [119,0], [119,5], [119,6], [119,8]] merged=[[121,7]] --- (Vertex8)[[w119,8], [120,7], [w119,6], [w119,1], [w119,5], [120,6], [120,8], [120,4], [w119,0], [120,3], [w119,2], [120,2], [w119,3], [w119,7], [120,5], [w119,4]] weak=[[w119,8], [w119,6], [w119,1], [w119,5], [w119,0], [w119,2], [w119,3], [w119,7], [w119,4]] (solid_wave_vertices: 9) solid=[[119,2], [119,3], [119,4], [119,6], [119,7], [119,8], [119,0], [119,1], [119,5]] merged=[[121,8]] --- (Vertex9)[[w119,8], [120,1], [w119,6], [w119,1], [w119,5], [120,6], [120,8], [w119,9], [120,4], [120,0], [w119,0], [120,3], [w119,2], [w119,3], [w119,7], [120,5], [w119,4]] weak=[[w119,8], [w119,6], [w119,1], [w119,5], [w119,9], [w119,0], [w119,2], [w119,3], [w119,7], [w119,4]] (solid_wave_vertices: 10) solid=[[119,5], [119,9], [119,8], [119,4], [119,1], [119,3], [119,2], [119,0], [119,6], [119,7]] merged=[[121,9]]
Round 122: (Vertex0)[[121,1], [121,4], [121,3], [121,0], [121,6], [121,2], [121,7]] (solid_wave_vertices: 7) solid=[[121,2], [121,4], [121,6], [121,1], [121,0], [121,3], [121,7]] merged=[[121,4], [121,0], [121,7], [121,2], [121,1], [121,6], [121,3]] --- (Vertex1)[[121,1], [121,4], [121,3], [121,0], [121,6], [121,2], [121,7]] (solid_wave_vertices: 7) solid=[[121,6], [121,3], [121,7], [121,4], [121,2], [121,0], [121,1]] merged=[[121,6], [121,4], [121,7], [121,0], [121,2], [121,1], [121,3]] --- (Vertex2)[[121,8], [121,4], [121,3], [121,6], [121,5], [121,2], [121,7]] (solid_wave_vertices: 7) solid=[[121,6], [121,3], [121,4], [121,5], [121,7], [121,8], [121,2]] merged=[[121,2], [121,8], [121,4], [121,5], [121,7], [121,6], [121,3]] --- (Vertex3)[[121,8], [121,4], [121,3], [121,6], [121,5], [121,2], [121,7]] (solid_wave_vertices: 7) solid=[[121,6], [121,2], [121,4], [121,3], [121,7], [121,8], [121,5]] merged=[[121,2], [121,5], [121,3], [121,4], [121,8], [121,6], [121,7]] --- (Vertex4)[[121,8], [121,4], [121,3], [121,6], [121,5], [121,2], [121,7]] (solid_wave_vertices: 7) solid=[[121,6], [121,8], [121,2], [121,5], [121,4], [121,7], [121,3]] merged=[[121,5], [121,7], [121,8], [121,4], [121,3], [121,2], [121,6]] --- (Vertex5)[[121,8], [121,4], [121,3], [121,6], [121,5], [121,2], [121,7]] (solid_wave_vertices: 7) solid=[[121,8], [121,5], [121,4], [121,7], [121,2], [121,3], [121,6]] merged=[[121,4], [121,5], [121,2], [121,3], [121,8], [121,6], [121,7]] --- (Vertex6)[[121,1], [121,4], [121,3], [121,0], [121,6], [121,2], [121,7]] (solid_wave_vertices: 7) solid=[[121,3], [121,7], [121,4], [121,1], [121,6], [121,2], [121,0]] merged=[[121,3], [121,6], [121,7], [121,4], [121,2], [121,1], [121,0]] --- (Vertex7)[[121,8], [121,4], [121,3], [121,6], [121,5], [121,2], [121,7]] (solid_wave_vertices: 7) solid=[[121,5], [121,7], [121,2], [121,3], [121,8], [121,6], [121,4]] merged=[[121,5], [121,2], [121,4], [121,7], [121,3], [121,6], [121,8]] --- (Vertex8)[[121,8], [121,4], [121,3], [121,6], [121,5], [121,2], [121,7]] (solid_wave_vertices: 7) solid=[[121,2], [121,3], [121,6], [121,4], [121,8], [121,7], [121,5]] merged=[[121,4], [121,6], [121,3], [121,2], [121,5], [121,7], [121,8]] --- (Vertex9)[[121,1], [121,4], [121,3], [121,0], [121,6], [121,5], [121,7]] (solid_wave_vertices: 7) solid=[[121,3], [121,1], [121,4], [121,0], [121,5], [121,7], [121,6]] merged=[[121,5], [121,4], [121,0], [121,1], [121,7], [121,6], [121,3]]
Round 123: (Vertex0)[[w121,8], [w121,1], [122,7], [w121,4], [122,8], [w121,3], [122,0], [w121,0], [122,2], [122,6], [122,1], [w121,6], [w121,5], [w121,2], [122,4], [w121,7]] weak=[[w121,8], [w121,1], [w121,4], [w121,3], [w121,0], [w121,6], [w121,5], [w121,2], [w121,7]] (solid_wave_vertices: 9) solid=[[121,5], [121,7], [121,3], [121,8], [121,0], [121,6], [121,1], [121,4], [121,2]] merged=[[123,0]] --- (Vertex1)[[w121,8], [w121,1], [122,7], [w121,4], [122,8], [w121,3], [122,0], [w121,0], [122,2], [122,6], [122,1], [w121,6], [w121,5], [w121,2], [122,3], [w121,7]] weak=[[w121,8], [w121,1], [w121,4], [w121,3], [w121,0], [w121,6], [w121,5], [w121,2], [w121,7]] (solid_wave_vertices: 9) solid=[[121,3], [121,0], [121,5], [121,6], [121,7], [121,2], [121,1], [121,4], [121,8]] merged=[[123,1]] --- (Vertex2)[[w121,8], [w121,1], [122,7], [w121,4], [122,8], [w121,3], [122,0], [w121,0], [122,2], [w121,6], [w121,5], [w121,2], [122,3], [122,4], [122,5], [w121,7]] weak=[[w121,8], [w121,1], [w121,4], [w121,3], [w121,0], [w121,6], [w121,5], [w121,2], [w121,7]] (solid_wave_vertices: 9) solid=[[121,2], [121,0], [121,1], [121,7], [121,6], [121,3], [121,5], [121,8], [121,4]] merged=[[123,2]] --- (Vertex3)[[w121,8], [w121,1], [122,7], [w121,4], [122,8], [w121,3], [122,0], [w121,0], [122,2], [w121,6], [w121,5], [w121,2], [122,3], [122,4], [122,5], [w121,7]] weak=[[w121,8], [w121,1], [w121,4], [w121,3], [w121,0], [w121,6], [w121,5], [w121,2], [w121,7]] (solid_wave_vertices: 9) solid=[[121,3], [121,0], [121,4], [121,7], [121,8], [121,6], [121,2], [121,1], [121,5]] merged=[[123,3]] --- (Vertex4)[[w121,8], [w121,1], [122,7], [w121,4], [122,8], [w121,3], [122,0], [w121,0], [122,2], [w121,6], [w121,5], [w121,2], [122,3], [122,4], [122,5], [w121,7]] weak=[[w121,8], [w121,1], [w121,4], [w121,3], [w121,0], [w121,6], [w121,5], [w121,2], [w121,7]] (solid_wave_vertices: 9) solid=[[121,1], [121,7], [121,2], [121,5], [121,8], [121,3], [121,6], [121,4], [121,0]] merged=[[123,4]] --- (Vertex5)[[w121,8], [w121,1], [122,7], [w121,4], [122,8], [w121,3], [122,0], [w121,0], [122,2], [w121,6], [w121,5], [w121,2], [122,3], [122,4], [122,5], [w121,7]] weak=[[w121,8], [w121,1], [w121,4], [w121,3], [w121,0], [w121,6], [w121,5], [w121,2], [w121,7]] (solid_wave_vertices: 9) solid=[[121,2], [121,6], [121,5], [121,0], [121,8], [121,7], [121,4], [121,3], [121,1]] merged=[[123,5]] --- (Vertex6)[[w121,8], [w121,1], [122,7], [w121,4], [w121,3], [122,0], [w121,0], [122,2], [122,6], [122,1], [w121,6], [w121,5], [w121,2], [122,3], [122,4], [w121,7]] weak=[[w121,8], [w121,1], [w121,4], [w121,3], [w121,0], [w121,6], [w121,5], [w121,2], [w121,7]] (solid_wave_vertices: 9) solid=[[121,3], [121,0], [121,5], [121,7], [121,2], [121,6], [121,8], [121,1], [121,4]] merged=[[123,6]] --- (Vertex7)[[w121,8], [w121,1], [122,7], [w121,4], [122,8], [w121,3], [122,0], [w121,0], [122,2], [w121,6], [w121,5], [w121,2], [122,3], [122,4], [122,5], [w121,7]] weak=[[w121,8], [w121,1], [w121,4], [w121,3], [w121,0], [w121,6], [w121,5], [w121,2], [w121,7]] (solid_wave_vertices: 9) solid=[[121,7], [121,4], [121,5], [121,1], [121,0], [121,8], [121,6], [121,3], [121,2]] merged=[[123,7]] --- (Vertex8)[[w121,8], [w121,1], [122,7], [w121,4], [122,8], [w121,3], [122,0], [w121,0], [122,2], [w121,6], [w121,5], [w121,2], [122,3], [122,4], [122,5], [w121,7]] weak=[[w121,8], [w121,1], [w121,4], [w121,3], [w121,0], [w121,6], [w121,5], [w121,2], [w121,7]] (solid_wave_vertices: 9) solid=[[121,8], [121,4], [121,0], [121,1], [121,2], [121,3], [121,5], [121,6], [121,7]] merged=[[123,8]] --- (Vertex9)[[w121,9], [w121,8], [w121,1], [122,7], [w121,4], [122,8], [w121,3], [122,0], [w121,0], [122,2], [w121,6], [w121,5], [w121,2], [122,3], [122,4], [122,5], [w121,7]] weak=[[w121,9], [w121,8], [w121,1], [w121,4], [w121,3], [w121,0], [w121,6], [w121,5], [w121,2], [w121,7]] (solid_wave_vertices: 10) solid=[[121,8], [121,9], [121,0], [121,7], [121,1], [121,6], [121,4], [121,5], [121,3], [121,2]] merged=[[123,9]]
Round 124: (Vertex0)[[123,4], [123,1], [123,2], [123,0], [123,8], [123,7], [123,6]] (solid_wave_vertices: 7) solid=[[123,8], [123,7], [123,0], [123,4], [123,6], [123,2], [123,1]] merged=[[123,8], [123,1], [123,6], [123,7], [123,0], [123,2], [123,4]] --- (Vertex1)[[123,5], [123,4], [123,1], [123,2], [123,0], [123,7], [123,6]] (solid_wave_vertices: 7) solid=[[123,4], [123,5], [123,1], [123,2], [123,7], [123,0], [123,6]] merged=[[123,6], [123,5], [123,0], [123,1], [123,2], [123,7], [123,4]] --- (Vertex2)[[123,5], [123,4], [123,3], [123,1], [123,2], [123,8], [123,7]] (solid_wave_vertices: 7) solid=[[123,3], [123,7], [123,5], [123,2], [123,4], [123,1], [123,8]] merged=[[123,5], [123,3], [123,4], [123,1], [123,2], [123,8], [123,7]] --- (Vertex3)[[123,5], [123,4], [123,3], [123,1], [123,2], [123,8], [123,7]] (solid_wave_vertices: 7) solid=[[123,7], [123,4], [123,1], [123,5], [123,8], [123,2], [123,3]] merged=[[123,1], [123,4], [123,7], [123,3], [123,2], [123,5], [123,8]] --- (Vertex4)[[123,5], [123,4], [123,3], [123,1], [123,2], [123,8], [123,7]] (solid_wave_vertices: 7) solid=[[123,1], [123,3], [123,7], [123,8], [123,4], [123,2], [123,5]] merged=[[123,8], [123,4], [123,2], [123,5], [123,3], [123,1], [123,7]] --- (Vertex5)[[123,5], [123,4], [123,3], [123,1], [123,2], [123,8], [123,7]] (solid_wave_vertices: 7) solid=[[123,7], [123,3], [123,5], [123,1], [123,2], [123,8], [123,4]] merged=[[123,8], [123,1], [123,4], [123,5], [123,3], [123,7], [123,2]] --- (Vertex6)[[123,4], [123,1], [123,2], [123,0], [123,8], [123,7], [123,6]] (solid_wave_vertices: 7) solid=[[123,2], [123,7], [123,1], [123,4], [123,8], [123,6], [123,0]] merged=[[123,2], [123,7], [123,4], [123,0], [123,6], [123,1], [123,8]] --- (Vertex7)[[123,5], [123,4], [123,3], [123,1], [123,2], [123,8], [123,7]] (solid_wave_vertices: 7) solid=[[123,2], [123,7], [123,4], [123,8], [123,3], [123,5], [123,1]] merged=[[123,3], [123,7], [123,4], [123,1], [123,2], [123,8], [123,5]] --- (Vertex8)[[123,5], [123,4], [123,3], [123,1], [123,2], [123,8], [123,7]] (solid_wave_vertices: 7) solid=[[123,5], [123,3], [123,8], [123,4], [123,1], [123,2], [123,7]] merged=[[123,4], [123,3], [123,2], [123,7], [123,8], [123,1], [123,5]] --- (Vertex9)[[123,5], [123,4], [123,1], [123,2], [123,8], [123,7], [123,6]] (solid_wave_vertices: 7) solid=[[123,6], [123,1], [123,4], [123,8], [123,7], [123,2], [123,5]] merged=[[123,2], [123,7], [123,6], [123,4], [123,5], [123,8], [123,1]]
Round 125: (Vertex0)[[w123,5], [124,1], [124,5], [w123,4], [124,3], [w123,3], [w123,1], [w123,2], [124,8], [w123,0], [124,6], [w123,8], [124,4], [w123,7], [w123,6], [124,0]] weak=[[w123,5], [w123,4], [w123,3], [w123,1], [w123,2], [w123,0], [w123,8], [w123,7], [w123,6]] (solid_wave_vertices: 9) solid=[[123,4], [123,0], [123,1], [123,5], [123,7], [123,3], [123,2], [123,8], [123,6]] merged=[[125,0]] --- (Vertex1)[[w123,5], [124,1], [124,5], [w123,4], [124,3], [w123,3], [w123,1], [w123,2], [124,8], [w123,0], [124,6], [w123,8], [124,4], [w123,7], [w123,6], [124,0]] weak=[[w123,5], [w123,4], [w123,3], [w123,1], [w123,2], [w123,0], [w123,8], [w123,7], [w123,6]] (solid_wave_vertices: 9) solid=[[123,0], [123,7], [123,3], [123,8], [123,1], [123,4], [123,2], [123,5], [123,6]] merged=[[125,1]] --- (Vertex2)[[w123,5], [124,5], [w123,4], [124,3], [w123,3], [w123,1], [124,2], [w123,2], [124,8], [w123,0], [w123,8], [124,4], [w123,7], [w123,6], [124,0], [124,7]] weak=[[w123,5], [w123,4], [w123,3], [w123,1], [w123,2], [w123,0], [w123,8], [w123,7], [w123,6]] (solid_wave_vertices: 9) solid=[[123,7], [123,3], [123,5], [123,1], [123,0], [123,4], [123,6], [123,8], [123,2]] merged=[[125,2]] --- (Vertex3)[[w123,5], [124,5], [w123,4], [124,3], [w123,3], [w123,1], [124,2], [w123,2], [124,8], [w123,0], [w123,8], [124,4], [w123,7], [w123,6], [124,0], [124,7]] weak=[[w123,5], [w123,4], [w123,3], [w123,1], [w123,2], [w123,0], [w123,8], [w123,7], [w123,6]] (solid_wave_vertices: 9) solid=[[123,7], [123,1], [123,2], [123,8], [123,6], [123,3], [123,0], [123,5], [123,4]] merged=[[125,3]] --- (Vertex4)[[w123,5], [124,5], [w123,4], [124,3], [w123,3], [w123,1], [124,2], [w123,2], [124,8], [w123,0], [w123,8], [124,4], [w123,7], [w123,6], [124,0], [124,7]] weak=[[w123,5], [w123,4], [w123,3], [w123,1], [w123,2], [w123,0], [w123,8], [w123,7], [w123,6]] (solid_wave_vertices: 9) solid=[[123,4], [123,0], [123,8], [123,5], [123,3], [123,6], [123,1], [123,2], [123,7]] merged=[[125,4]] --- (Vertex5)[[w123,5], [124,5], [w123,4], [124,3], [w123,3], [w123,1], [124,2], [w123,2], [124,8], [w123,0], [w123,8], [124,4], [w123,7], [w123,6], [124,0], [124,7]] weak=[[w123,5], [w123,4], [w123,3], [w123,1], [w123,2], [w123,0], [w123,8], [w123,7], [w123,6]] (solid_wave_vertices: 9) solid=[[123,7], [123,2], [123,6], [123,1], [123,0], [123,4], [123,5], [123,8], [123,3]] merged=[[125,5]] --- (Vertex6)[[w123,5], [124,1], [124,5], [w123,4], [124,3], [w123,3], [w123,1], [124,2], [w123,2], [124,8], [w123,0], [124,6], [w123,8], [w123,7], [w123,6], [124,0]] weak=[[w123,5], [w123,4], [w123,3], [w123,1], [w123,2], [w123,0], [w123,8], [w123,7], [w123,6]] (solid_wave_vertices: 9) solid=[[123,7], [123,8], [123,1], [123,3], [123,6], [123,5], [123,2], [123,4], [123,0]] merged=[[125,6]] --- (Vertex7)[[w123,5], [124,5], [w123,4], [124,3], [w123,3], [w123,1], [124,2], [w123,2], [124,8], [w123,0], [w123,8], [124,4], [w123,7], [w123,6], [124,0], [124,7]] weak=[[w123,5], [w123,4], [w123,3], [w123,1], [w123,2], [w123,0], [w123,8], [w123,7], [w123,6]] (solid_wave_vertices: 9) solid=[[123,2], [123,6], [123,4], [123,3], [123,8], [123,7], [123,0], [123,5], [123,1]] merged=[[125,7]] --- (Vertex8)[[w123,5], [124,5], [w123,4], [124,3], [w123,3], [w123,1], [124,2], [w123,2], [124,8], [w123,0], [w123,8], [124,4], [w123,7], [w123,6], [124,0], [124,7]] weak=[[w123,5], [w123,4], [w123,3], [w123,1], [w123,2], [w123,0], [w123,8], [w123,7], [w123,6]] (solid_wave_vertices: 9) solid=[[123,1], [123,8], [123,6], [123,0], [123,7], [123,2], [123,4], [123,5], [123,3]] merged=[[125,8]] --- (Vertex9)[[w123,5], [124,1], [w123,4], [w123,3], [w123,1], [124,2], [w123,2], [124,8], [w123,0], [w123,9], [124,6], [w123,8], [124,4], [w123,7], [w123,6], [124,0], [124,7]] weak=[[w123,5], [w123,4], [w123,3], [w123,1], [w123,2], [w123,0], [w123,9], [w123,8], [w123,7], [w123,6]] (solid_wave_vertices: 10) solid=[[123,5], [123,7], [123,2], [123,6], [123,8], [123,0], [123,4], [123,3], [123,9], [123,1]] merged=[[125,9]]
Round 126: (Vertex0)[[125,2], [125,7], [125,0], [125,5], [125,4], [125,1], [125,6]] (solid_wave_vertices: 7) solid=[[125,7], [125,5], [125,2], [125,4], [125,6], [125,0], [125,1]] merged=[[125,7], [125,0], [125,4], [125,1], [125,6], [125,2], [125,5]] --- (Vertex1)[[125,2], [125,7], [125,0], [125,3], [125,5], [125,1], [125,6]] (solid_wave_vertices: 7) solid=[[125,1], [125,5], [125,2], [125,0], [125,7], [125,6], [125,3]] merged=[[125,7], [125,3], [125,5], [125,6], [125,1], [125,2], [125,0]] --- (Vertex2)[[125,2], [125,7], [125,3], [125,5], [125,8], [125,4], [125,1]] (solid_wave_vertices: 7) solid=[[125,2], [125,1], [125,5], [125,4], [125,7], [125,3], [125,8]] merged=[[125,2], [125,5], [125,7], [125,3], [125,8], [125,4], [125,1]] --- (Vertex3)[[125,2], [125,7], [125,3], [125,5], [125,8], [125,4], [125,1]] (solid_wave_vertices: 7) solid=[[125,5], [125,7], [125,2], [125,1], [125,8], [125,3], [125,4]] merged=[[125,4], [125,5], [125,3], [125,8], [125,1], [125,7], [125,2]] --- (Vertex4)[[125,2], [125,7], [125,3], [125,5], [125,8], [125,4], [125,1]] (solid_wave_vertices: 7) solid=[[125,8], [125,1], [125,3], [125,4], [125,5], [125,7], [125,2]] merged=[[125,4], [125,3], [125,7], [125,1], [125,2], [125,8], [125,5]] --- (Vertex5)[[125,2], [125,7], [125,3], [125,5], [125,8], [125,4], [125,1]] (solid_wave_vertices: 7) solid=[[125,8], [125,4], [125,3], [125,1], [125,2], [125,7], [125,5]] merged=[[125,3], [125,2], [125,1], [125,7], [125,4], [125,8], [125,5]] --- (Vertex6)[[125,2], [125,7], [125,0], [125,5], [125,4], [125,1], [125,6]] (solid_wave_vertices: 7) solid=[[125,2], [125,7], [125,0], [125,5], [125,4], [125,1], [125,6]] merged=[[125,2], [125,7], [125,4], [125,0], [125,6], [125,5], [125,1]] --- (Vertex7)[[125,2], [125,7], [125,3], [125,5], [125,8], [125,4], [125,1]] (solid_wave_vertices: 7) solid=[[125,5], [125,2], [125,8], [125,4], [125,7], [125,1], [125,3]] merged=[[125,4], [125,5], [125,1], [125,3], [125,7], [125,8], [125,2]] --- (Vertex8)[[125,2], [125,7], [125,3], [125,5], [125,8], [125,4], [125,1]] (solid_wave_vertices: 7) solid=[[125,2], [125,3], [125,4], [125,7], [125,1], [125,8], [125,5]] merged=[[125,5], [125,1], [125,8], [125,7], [125,4], [125,2], [125,3]] --- (Vertex9)[[125,2], [125,7], [125,0], [125,3], [125,8], [125,4], [125,6]] (solid_wave_vertices: 7) solid=[[125,3], [125,6], [125,8], [125,0], [125,7], [125,4], [125,2]] merged=[[125,3], [125,6], [125,7], [125,4], [125,8], [125,0], [125,2]]
Round 127: (Vertex0)[[w125,2], [126,8], [w125,7], [w125,0], [w125,3], [126,3], [126,2], [126,5], [w125,5], [126,1], [w125,8], [126,6], [126,0], [w125,4], [w125,1], [w125,6]] weak=[[w125,2], [w125,7], [w125,0], [w125,3], [w125,5], [w125,8], [w125,4], [w125,1], [w125,6]] (solid_wave_vertices: 9) solid=[[125,2], [125,3], [125,7], [125,4], [125,5], [125,0], [125,8], [125,1], [125,6]] merged=[[127,0]] --- (Vertex1)[[w125,2], [126,8], [w125,7], [w125,0], [w125,3], [126,3], [126,2], [w125,5], [126,1], [w125,8], [126,6], [126,0], [w125,4], [126,4], [w125,1], [w125,6]] weak=[[w125,2], [w125,7], [w125,0], [w125,3], [w125,5], [w125,8], [w125,4], [w125,1], [w125,6]] (solid_wave_vertices: 9) solid=[[125,0], [125,7], [125,8], [125,5], [125,4], [125,3], [125,2], [125,6], [125,1]] merged=[[127,1]] --- (Vertex2)[[w125,2], [126,8], [w125,7], [w125,0], [w125,3], [126,3], [126,2], [126,5], [126,7], [w125,5], [w125,8], [126,0], [w125,4], [126,4], [w125,1], [w125,6]] weak=[[w125,2], [w125,7], [w125,0], [w125,3], [w125,5], [w125,8], [w125,4], [w125,1], [w125,6]] (solid_wave_vertices: 9) solid=[[125,5], [125,2], [125,8], [125,6], [125,7], [125,0], [125,1], [125,4], [125,3]] merged=[[127,2]] --- (Vertex3)[[w125,2], [126,8], [w125,7], [w125,0], [w125,3], [126,3], [126,2], [126,5], [126,7], [w125,5], [w125,8], [126,0], [w125,4], [126,4], [w125,1], [w125,6]] weak=[[w125,2], [w125,7], [w125,0], [w125,3], [w125,5], [w125,8], [w125,4], [w125,1], [w125,6]] (solid_wave_vertices: 9) solid=[[125,5], [125,7], [125,2], [125,0], [125,3], [125,6], [125,1], [125,8], [125,4]] merged=[[127,3]] --- (Vertex4)[[w125,2], [126,8], [w125,7], [w125,0], [w125,3], [126,3], [126,2], [126,5], [126,7], [w125,5], [w125,8], [126,0], [w125,4], [126,4], [w125,1], [w125,6]] weak=[[w125,2], [w125,7], [w125,0], [w125,3], [w125,5], [w125,8], [w125,4], [w125,1], [w125,6]] (solid_wave_vertices: 9) solid=[[125,4], [125,8], [125,6], [125,3], [125,7], [125,2], [125,1], [125,5], [125,0]] merged=[[127,4]] --- (Vertex5)[[w125,2], [126,8], [w125,7], [w125,0], [w125,3], [126,3], [126,2], [126,5], [126,7], [w125,5], [w125,8], [126,0], [w125,4], [126,4], [w125,1], [w125,6]] weak=[[w125,2], [w125,7], [w125,0], [w125,3], [w125,5], [w125,8], [w125,4], [w125,1], [w125,6]] (solid_wave_vertices: 9) solid=[[125,8], [125,6], [125,2], [125,1], [125,5], [125,3], [125,0], [125,4], [125,7]] merged=[[127,5]] --- (Vertex6)[[w125,2], [126,8], [w125,7], [w125,0], [w125,3], [126,3], [126,5], [w125,5], [126,1], [w125,8], [126,6], [126,0], [w125,4], [126,4], [w125,1], [w125,6]] weak=[[w125,2], [w125,7], [w125,0], [w125,3], [w125,5], [w125,8], [w125,4], [w125,1], [w125,6]] (solid_wave_vertices: 9) solid=[[125,7], [125,2], [125,4], [125,5], [125,0], [125,6], [125,3], [125,8], [125,1]] merged=[[127,6]] --- (Vertex7)[[w125,2], [126,8], [w125,7], [w125,0], [w125,3], [126,3], [126,2], [126,5], [126,7], [w125,5], [w125,8], [126,0], [w125,4], [126,4], [w125,1], [w125,6]] weak=[[w125,2], [w125,7], [w125,0], [w125,3], [w125,5], [w125,8], [w125,4], [w125,1], [w125,6]] (solid_wave_vertices: 9) solid=[[125,1], [125,8], [125,2], [125,0], [125,7], [125,4], [125,6], [125,3], [125,5]] merged=[[127,7]] --- (Vertex8)[[w125,2], [126,8], [w125,7], [w125,0], [w125,3], [126,3], [126,2], [126,5], [126,7], [w125,5], [w125,8], [126,0], [w125,4], [126,4], [w125,1], [w125,6]] weak=[[w125,2], [w125,7], [w125,0], [w125,3], [w125,5], [w125,8], [w125,4], [w125,1], [w125,6]] (solid_wave_vertices: 9) solid=[[125,3], [125,7], [125,5], [125,4], [125,2], [125,6], [125,0], [125,1], [125,8]] merged=[[127,8]] --- (Vertex9)[[w125,9], [w125,2], [126,8], [w125,7], [w125,0], [w125,3], [126,3], [126,2], [w125,5], [126,1], [w125,8], [126,6], [126,0], [w125,4], [126,4], [w125,1], [w125,6]] weak=[[w125,9], [w125,2], [w125,7], [w125,0], [w125,3], [w125,5], [w125,8], [w125,4], [w125,1], [w125,6]] (solid_wave_vertices: 10) solid=[[125,2], [125,4], [125,8], [125,7], [125,1], [125,9], [125,5], [125,6], [125,0], [125,3]] merged=[[127,9]]
Round 128: (Vertex0)[[127,7], [127,1], [127,4], [127,3], [127,6], [127,2], [127,0]] (solid_wave_vertices: 7) solid=[[127,6], [127,0], [127,2], [127,7], [127,3], [127,1], [127,4]] merged=[[127,2], [127,0], [127,1], [127,7], [127,4], [127,6], [127,3]] --- (Vertex1)[[127,7], [127,1], [127,4], [127,3], [127,6], [127,2], [127,0]] (solid_wave_vertices: 7) solid=[[127,7], [127,4], [127,1], [127,2], [127,0], [127,3], [127,6]] merged=[[127,6], [127,3], [127,0], [127,2], [127,7], [127,1], [127,4]] --- (Vertex2)[[127,7], [127,1], [127,4], [127,5], [127,8], [127,3], [127,2]] (solid_wave_vertices: 7) solid=[[127,7], [127,5], [127,2], [127,3], [127,1], [127,4], [127,8]] merged=[[127,1], [127,7], [127,3], [127,2], [127,8], [127,4], [127,5]] --- (Vertex3)[[127,7], [127,1], [127,4], [127,5], [127,8], [127,3], [127,2]] (solid_wave_vertices: 7) solid=[[127,7], [127,8], [127,1], [127,2], [127,5], [127,3], [127,4]] merged=[[127,7], [127,8], [127,4], [127,5], [127,1], [127,2], [127,3]] --- (Vertex4)[[127,7], [127,1], [127,4], [127,5], [127,8], [127,3], [127,2]] (solid_wave_vertices: 7) solid=[[127,4], [127,2], [127,3], [127,7], [127,8], [127,5], [127,1]] merged=[[127,8], [127,5], [127,3], [127,4], [127,7], [127,1], [127,2]] --- (Vertex5)[[127,7], [127,1], [127,4], [127,5], [127,8], [127,3], [127,2]] (solid_wave_vertices: 7) solid=[[127,3], [127,1], [127,2], [127,8], [127,4], [127,5], [127,7]] merged=[[127,1], [127,7], [127,8], [127,3], [127,5], [127,2], [127,4]] --- (Vertex6)[[127,7], [127,1], [127,4], [127,3], [127,6], [127,2], [127,0]] (solid_wave_vertices: 7) solid=[[127,6], [127,1], [127,2], [127,0], [127,3], [127,4], [127,7]] merged=[[127,2], [127,3], [127,4], [127,7], [127,1], [127,6], [127,0]] --- (Vertex7)[[127,7], [127,1], [127,4], [127,5], [127,8], [127,3], [127,2]] (solid_wave_vertices: 7) solid=[[127,1], [127,4], [127,3], [127,7], [127,2], [127,5], [127,8]] merged=[[127,7], [127,3], [127,1], [127,2], [127,5], [127,4], [127,8]] --- (Vertex8)[[127,7], [127,1], [127,4], [127,5], [127,8], [127,3], [127,2]] (solid_wave_vertices: 7) solid=[[127,7], [127,8], [127,2], [127,3], [127,4], [127,1], [127,5]] merged=[[127,2], [127,1], [127,5], [127,8], [127,4], [127,7], [127,3]] --- (Vertex9)[[127,1], [127,4], [127,8], [127,3], [127,6], [127,2], [127,0]] (solid_wave_vertices: 7) solid=[[127,8], [127,6], [127,0], [127,1], [127,2], [127,4], [127,3]] merged=[[127,4], [127,0], [127,3], [127,6], [127,8], [127,1], [127,2]]
Round 129: (Vertex0)[[128,8], [w127,7], [128,7], [128,5], [w127,1], [128,3], [w127,4], [128,1], [w127,5], [128,6], [w127,8], [w127,3], [128,0], [w127,6], [w127,2], [w127,0]] weak=[[w127,7], [w127,1], [w127,4], [w127,5], [w127,8], [w127,3], [w127,6], [w127,2], [w127,0]] (solid_wave_vertices: 9) solid=[[127,2], [127,4], [127,8], [127,3], [127,0], [127,1], [127,5], [127,7], [127,6]] merged=[[129,0]] --- (Vertex1)[[128,8], [w127,7], [128,7], [128,5], [w127,1], [128,4], [w127,4], [128,1], [w127,5], [128,6], [w127,8], [w127,3], [128,0], [w127,6], [w127,2], [w127,0]] weak=[[w127,7], [w127,1], [w127,4], [w127,5], [w127,8], [w127,3], [w127,6], [w127,2], [w127,0]] (solid_wave_vertices: 9) solid=[[127,5], [127,6], [127,0], [127,4], [127,7], [127,2], [127,1], [127,8], [127,3]] merged=[[129,1]] --- (Vertex2)[[128,8], [w127,7], [128,7], [128,5], [w127,1], [128,4], [128,3], [w127,4], [128,2], [w127,5], [w127,8], [w127,3], [128,0], [w127,6], [w127,2], [w127,0]] weak=[[w127,7], [w127,1], [w127,4], [w127,5], [w127,8], [w127,3], [w127,6], [w127,2], [w127,0]] (solid_wave_vertices: 9) solid=[[127,8], [127,6], [127,7], [127,0], [127,1], [127,2], [127,3], [127,5], [127,4]] merged=[[129,2]] --- (Vertex3)[[128,8], [w127,7], [128,7], [128,5], [w127,1], [128,4], [128,3], [w127,4], [128,2], [w127,5], [w127,8], [w127,3], [128,0], [w127,6], [w127,2], [w127,0]] weak=[[w127,7], [w127,1], [w127,4], [w127,5], [w127,8], [w127,3], [w127,6], [w127,2], [w127,0]] (solid_wave_vertices: 9) solid=[[127,1], [127,7], [127,6], [127,8], [127,4], [127,5], [127,3], [127,0], [127,2]] merged=[[129,3]] --- (Vertex4)[[128,8], [w127,7], [128,7], [128,5], [w127,1], [128,4], [128,3], [w127,4], [128,2], [w127,5], [w127,8], [w127,3], [128,0], [w127,6], [w127,2], [w127,0]] weak=[[w127,7], [w127,1], [w127,4], [w127,5], [w127,8], [w127,3], [w127,6], [w127,2], [w127,0]] (solid_wave_vertices: 9) solid=[[127,6], [127,8], [127,7], [127,3], [127,5], [127,4], [127,2], [127,1], [127,0]] merged=[[129,4]] --- (Vertex5)[[128,8], [w127,7], [128,7], [128,5], [w127,1], [128,4], [128,3], [w127,4], [128,2], [128,1], [w127,5], [w127,8], [w127,3], [w127,6], [w127,2], [w127,0]] weak=[[w127,7], [w127,1], [w127,4], [w127,5], [w127,8], [w127,3], [w127,6], [w127,2], [w127,0]] (solid_wave_vertices: 9) solid=[[127,2], [127,7], [127,5], [127,0], [127,6], [127,4], [127,3], [127,8], [127,1]] merged=[[129,5]] --- (Vertex6)[[128,8], [w127,7], [128,7], [128,5], [w127,1], [128,3], [w127,4], [128,1], [w127,5], [128,6], [w127,8], [w127,3], [128,0], [w127,6], [w127,2], [w127,0]] weak=[[w127,7], [w127,1], [w127,4], [w127,5], [w127,8], [w127,3], [w127,6], [w127,2], [w127,0]] (solid_wave_vertices: 9) solid=[[127,1], [127,3], [127,4], [127,8], [127,0], [127,5], [127,2], [127,7], [127,6]] merged=[[129,6]] --- (Vertex7)[[128,8], [w127,7], [128,7], [128,5], [w127,1], [128,4], [128,3], [w127,4], [128,2], [w127,5], [w127,8], [w127,3], [128,0], [w127,6], [w127,2], [w127,0]] weak=[[w127,7], [w127,1], [w127,4], [w127,5], [w127,8], [w127,3], [w127,6], [w127,2], [w127,0]] (solid_wave_vertices: 9) solid=[[127,8], [127,2], [127,4], [127,1], [127,7], [127,6], [127,5], [127,0], [127,3]] merged=[[129,7]] --- (Vertex8)[[128,8], [w127,7], [128,7], [128,5], [w127,1], [128,4], [128,3], [w127,4], [128,2], [w127,5], [w127,8], [w127,3], [128,0], [w127,6], [w127,2], [w127,0]] weak=[[w127,7], [w127,1], [w127,4], [w127,5], [w127,8], [w127,3], [w127,6], [w127,2], [w127,0]] (solid_wave_vertices: 9) solid=[[127,8], [127,2], [127,1], [127,7], [127,0], [127,6], [127,5], [127,3], [127,4]] merged=[[129,8]] --- (Vertex9)[[128,8], [w127,7], [128,7], [128,5], [w127,1], [128,4], [w127,4], [128,1], [w127,5], [128,6], [w127,8], [w127,3], [w127,9], [128,0], [w127,6], [w127,2], [w127,0]] weak=[[w127,7], [w127,1], [w127,4], [w127,5], [w127,8], [w127,3], [w127,9], [w127,6], [w127,2], [w127,0]] (solid_wave_vertices: 10) solid=[[127,5], [127,2], [127,0], [127,7], [127,3], [127,9], [127,6], [127,1], [127,4], [127,8]] merged=[[129,9]]
Round 130: (Vertex0)[[129,1], [129,4], [129,0], [129,2], [129,7], [129,6], [129,3]] (solid_wave_vertices: 7) solid=[[129,0], [129,7], [129,1], [129,3], [129,2], [129,4], [129,6]] merged=[[129,2], [129,4], [129,0], [129,1], [129,7], [129,6], [129,3]] --- (Vertex1)[[129,1], [129,4], [129,0], [129,8], [129,2], [129,6], [129,3]] (solid_wave_vertices: 7) solid=[[129,3], [129,1], [129,4], [129,2], [129,0], [129,6], [129,8]] merged=[[129,2], [129,1], [129,4], [129,3], [129,6], [129,0], [129,8]] --- (Vertex2)[[129,1], [129,4], [129,8], [129,2], [129,5], [129,7], [129,3]] (solid_wave_vertices: 7) solid=[[129,7], [129,4], [129,1], [129,2], [129,3], [129,8], [129,5]] merged=[[129,7], [129,3], [129,8], [129,4], [129,1], [129,2], [129,5]] --- (Vertex3)[[129,1], [129,4], [129,8], [129,2], [129,5], [129,7], [129,3]] (solid_wave_vertices: 7) solid=[[129,7], [129,4], [129,1], [129,2], [129,8], [129,3], [129,5]] merged=[[129,4], [129,3], [129,8], [129,7], [129,1], [129,5], [129,2]] --- (Vertex4)[[129,1], [129,4], [129,8], [129,2], [129,5], [129,7], [129,3]] (solid_wave_vertices: 7) solid=[[129,5], [129,7], [129,3], [129,8], [129,4], [129,1], [129,2]] merged=[[129,7], [129,8], [129,1], [129,5], [129,3], [129,2], [129,4]] --- (Vertex5)[[129,1], [129,4], [129,8], [129,2], [129,5], [129,7], [129,3]] (solid_wave_vertices: 7) solid=[[129,3], [129,4], [129,2], [129,5], [129,1], [129,7], [129,8]] merged=[[129,7], [129,8], [129,5], [129,1], [129,4], [129,2], [129,3]] --- (Vertex6)[[129,1], [129,4], [129,0], [129,2], [129,7], [129,6], [129,3]] (solid_wave_vertices: 7) solid=[[129,6], [129,0], [129,2], [129,3], [129,4], [129,7], [129,1]] merged=[[129,3], [129,0], [129,1], [129,7], [129,2], [129,4], [129,6]] --- (Vertex7)[[129,1], [129,4], [129,8], [129,2], [129,5], [129,7], [129,3]] (solid_wave_vertices: 7) solid=[[129,3], [129,7], [129,8], [129,5], [129,1], [129,2], [129,4]] merged=[[129,5], [129,1], [129,8], [129,7], [129,4], [129,3], [129,2]] --- (Vertex8)[[129,1], [129,4], [129,8], [129,2], [129,5], [129,7], [129,3]] (solid_wave_vertices: 7) solid=[[129,5], [129,8], [129,3], [129,2], [129,7], [129,1], [129,4]] merged=[[129,8], [129,4], [129,5], [129,1], [129,7], [129,2], [129,3]] --- (Vertex9)[[129,1], [129,4], [129,2], [129,5], [129,7], [129,6], [129,3]] (solid_wave_vertices: 7) solid=[[129,7], [129,6], [129,2], [129,5], [129,3], [129,4], [129,1]] merged=[[129,4], [129,6], [129,1], [129,5], [129,7], [129,2], [129,3]]
Round 131: (Vertex0)[[w129,1], [w129,4], [130,3], [130,4], [w129,0], [130,5], [130,6], [w129,8], [w129,2], [w129,5], [130,1], [w129,7], [w129,6], [w129,3], [130,0], [130,8]] weak=[[w129,1], [w129,4], [w129,0], [w129,8], [w129,2], [w129,5], [w129,7], [w129,6], [w129,3]] (solid_wave_vertices: 9) solid=[[129,5], [129,3], [129,1], [129,7], [129,6], [129,4], [129,0], [129,8], [129,2]] merged=[[131,0]] --- (Vertex1)[[w129,1], [w129,4], [130,3], [130,4], [w129,0], [130,5], [130,6], [w129,8], [w129,2], [w129,5], [130,1], [w129,7], [w129,6], [w129,3], [130,0], [130,8]] weak=[[w129,1], [w129,4], [w129,0], [w129,8], [w129,2], [w129,5], [w129,7], [w129,6], [w129,3]] (solid_wave_vertices: 9) solid=[[129,2], [129,7], [129,4], [129,8], [129,0], [129,6], [129,5], [129,1], [129,3]] merged=[[131,1]] --- (Vertex2)[[w129,1], [w129,4], [130,3], [130,4], [w129,0], [130,5], [130,6], [w129,8], [w129,2], [w129,5], [w129,7], [w129,6], [130,2], [w129,3], [130,7], [130,8]] weak=[[w129,1], [w129,4], [w129,0], [w129,8], [w129,2], [w129,5], [w129,7], [w129,6], [w129,3]] (solid_wave_vertices: 9) solid=[[129,8], [129,7], [129,6], [129,3], [129,5], [129,2], [129,1], [129,4], [129,0]] merged=[[131,2]] --- (Vertex3)[[w129,1], [w129,4], [130,3], [130,4], [w129,0], [130,5], [130,6], [w129,8], [w129,2], [w129,5], [w129,7], [w129,6], [130,2], [w129,3], [130,7], [130,8]] weak=[[w129,1], [w129,4], [w129,0], [w129,8], [w129,2], [w129,5], [w129,7], [w129,6], [w129,3]] (solid_wave_vertices: 9) solid=[[129,0], [129,5], [129,4], [129,7], [129,3], [129,6], [129,2], [129,8], [129,1]] merged=[[131,3]] --- (Vertex4)[[w129,1], [w129,4], [130,3], [130,4], [w129,0], [130,5], [130,6], [w129,8], [w129,2], [w129,5], [w129,7], [w129,6], [130,2], [w129,3], [130,7], [130,8]] weak=[[w129,1], [w129,4], [w129,0], [w129,8], [w129,2], [w129,5], [w129,7], [w129,6], [w129,3]] (solid_wave_vertices: 9) solid=[[129,6], [129,3], [129,2], [129,1], [129,4], [129,5], [129,7], [129,0], [129,8]] merged=[[131,4]] --- (Vertex5)[[w129,1], [w129,4], [130,3], [130,4], [w129,0], [130,5], [130,6], [w129,8], [w129,2], [w129,5], [w129,7], [w129,6], [130,2], [w129,3], [130,7], [130,8]] weak=[[w129,1], [w129,4], [w129,0], [w129,8], [w129,2], [w129,5], [w129,7], [w129,6], [w129,3]] (solid_wave_vertices: 9) solid=[[129,0], [129,5], [129,2], [129,3], [129,7], [129,1], [129,4], [129,6], [129,8]] merged=[[131,5]] --- (Vertex6)[[w129,1], [w129,4], [130,3], [130,4], [w129,0], [130,5], [130,6], [w129,8], [w129,2], [w129,5], [130,1], [w129,7], [w129,6], [w129,3], [130,0], [130,8]] weak=[[w129,1], [w129,4], [w129,0], [w129,8], [w129,2], [w129,5], [w129,7], [w129,6], [w129,3]] (solid_wave_vertices: 9) solid=[[129,1], [129,6], [129,5], [129,3], [129,7], [129,2], [129,4], [129,8], [129,0]] merged=[[131,6]] --- (Vertex7)[[w129,1], [w129,4], [130,3], [130,4], [w129,0], [130,5], [130,6], [w129,8], [w129,2], [w129,5], [w129,7], [w129,6], [130,2], [w129,3], [130,7], [130,8]] weak=[[w129,1], [w129,4], [w129,0], [w129,8], [w129,2], [w129,5], [w129,7], [w129,6], [w129,3]] (solid_wave_vertices: 9) solid=[[129,5], [129,2], [129,0], [129,4], [129,6], [129,8], [129,7], [129,3], [129,1]] merged=[[131,7]] --- (Vertex8)[[w129,1], [w129,4], [130,3], [130,4], [w129,0], [130,5], [130,6], [w129,8], [w129,2], [w129,5], [w129,7], [w129,6], [130,2], [w129,3], [130,7], [130,8]] weak=[[w129,1], [w129,4], [w129,0], [w129,8], [w129,2], [w129,5], [w129,7], [w129,6], [w129,3]] (solid_wave_vertices: 9) solid=[[129,4], [129,2], [129,5], [129,6], [129,7], [129,8], [129,1], [129,0], [129,3]] merged=[[131,8]] --- (Vertex9)[[w129,1], [w129,4], [130,3], [w129,0], [130,5], [130,6], [w129,8], [w129,9], [w129,2], [w129,5], [130,1], [w129,7], [w129,6], [130,2], [w129,3], [130,0], [130,8]] weak=[[w129,1], [w129,4], [w129,0], [w129,8], [w129,9], [w129,2], [w129,5], [w129,7], [w129,6], [w129,3]] (solid_wave_vertices: 10) solid=[[129,2], [129,8], [129,3], [129,4], [129,1], [129,0], [129,6], [129,9], [129,7], [129,5]] merged=[[131,9]]
Round 132: (Vertex0)[[131,4], [131,3], [131,0], [131,6], [131,2], [131,8], [131,1]] (solid_wave_vertices: 7) solid=[[131,6], [131,8], [131,1], [131,2], [131,4], [131,3], [131,0]] merged=[[131,0], [131,2], [131,1], [131,6], [131,3], [131,4], [131,8]] --- (Vertex1)[[131,4], [131,7], [131,3], [131,0], [131,6], [131,8], [131,1]] (solid_wave_vertices: 7) solid=[[131,6], [131,0], [131,1], [131,7], [131,4], [131,8], [131,3]] merged=[[131,4], [131,3], [131,7], [131,8], [131,6], [131,1], [131,0]] --- (Vertex2)[[131,5], [131,4], [131,7], [131,3], [131,0], [131,2], [131,8]] (solid_wave_vertices: 7) solid=[[131,4], [131,2], [131,0], [131,5], [131,3], [131,8], [131,7]] merged=[[131,2], [131,8], [131,3], [131,4], [131,0], [131,7], [131,5]] --- (Vertex3)[[131,5], [131,4], [131,7], [131,3], [131,0], [131,2], [131,8]] (solid_wave_vertices: 7) solid=[[131,5], [131,0], [131,8], [131,4], [131,7], [131,3], [131,2]] merged=[[131,5], [131,8], [131,3], [131,2], [131,0], [131,4], [131,7]] --- (Vertex4)[[131,5], [131,4], [131,7], [131,3], [131,0], [131,2], [131,8]] (solid_wave_vertices: 7) solid=[[131,5], [131,8], [131,4], [131,2], [131,7], [131,3], [131,0]] merged=[[131,8], [131,4], [131,0], [131,5], [131,7], [131,3], [131,2]] --- (Vertex5)[[131,5], [131,4], [131,7], [131,3], [131,0], [131,2], [131,8]] (solid_wave_vertices: 7) solid=[[131,5], [131,4], [131,2], [131,8], [131,7], [131,3], [131,0]] merged=[[131,5], [131,0], [131,2], [131,4], [131,8], [131,3], [131,7]] --- (Vertex6)[[131,4], [131,7], [131,3], [131,0], [131,6], [131,2], [131,1]] (solid_wave_vertices: 7) solid=[[131,6], [131,2], [131,4], [131,0], [131,7], [131,3], [131,1]] merged=[[131,7], [131,6], [131,1], [131,0], [131,4], [131,3], [131,2]] --- (Vertex7)[[131,5], [131,4], [131,7], [131,3], [131,0], [131,2], [131,8]] (solid_wave_vertices: 7) solid=[[131,8], [131,7], [131,4], [131,3], [131,2], [131,5], [131,0]] merged=[[131,2], [131,0], [131,3], [131,7], [131,8], [131,4], [131,5]] --- (Vertex8)[[131,5], [131,4], [131,7], [131,3], [131,0], [131,2], [131,8]] (solid_wave_vertices: 7) solid=[[131,8], [131,3], [131,4], [131,0], [131,2], [131,5], [131,7]] merged=[[131,8], [131,7], [131,3], [131,5], [131,4], [131,0], [131,2]] --- (Vertex9)[[131,5], [131,4], [131,7], [131,3], [131,6], [131,2], [131,8]] (solid_wave_vertices: 7) solid=[[131,2], [131,5], [131,8], [131,6], [131,7], [131,3], [131,4]] merged=[[131,6], [131,8], [131,5], [131,3], [131,2], [131,7], [131,4]]
Round 133: (Vertex0)[[132,2], [w131,5], [w131,4], [w131,7], [132,6], [w131,3], [w131,0], [132,4], [w131,6], [w131,2], [w131,8], [132,1], [132,3], [132,5], [w131,1], [132,0]] weak=[[w131,5], [w131,4], [w131,7], [w131,3], [w131,0], [w131,6], [w131,2], [w131,8], [w131,1]] (solid_wave_vertices: 9) solid=[[131,8], [131,4], [131,7], [131,0], [131,2], [131,5], [131,6], [131,1], [131,3]] merged=[[133,0]] --- (Vertex1)[[132,2], [w131,5], [w131,4], [w131,7], [132,6], [w131,3], [w131,0], [132,4], [w131,6], [w131,2], [w131,8], [132,1], [132,3], [132,5], [w131,1], [132,0]] weak=[[w131,5], [w131,4], [w131,7], [w131,3], [w131,0], [w131,6], [w131,2], [w131,8], [w131,1]] (solid_wave_vertices: 9) solid=[[131,5], [131,8], [131,0], [131,3], [131,1], [131,2], [131,4], [131,6], [131,7]] merged=[[133,1]] --- (Vertex2)[[132,2], [w131,5], [w131,4], [w131,7], [132,6], [w131,3], [w131,0], [132,4], [w131,6], [w131,2], [w131,8], [132,8], [132,3], [132,5], [132,7], [w131,1]] weak=[[w131,5], [w131,4], [w131,7], [w131,3], [w131,0], [w131,6], [w131,2], [w131,8], [w131,1]] (solid_wave_vertices: 9) solid=[[131,0], [131,8], [131,5], [131,2], [131,6], [131,4], [131,7], [131,1], [131,3]] merged=[[133,2]] --- (Vertex3)[[132,2], [w131,5], [w131,4], [w131,7], [132,6], [w131,3], [w131,0], [132,4], [w131,6], [w131,2], [w131,8], [132,8], [132,3], [132,5], [132,7], [w131,1]] weak=[[w131,5], [w131,4], [w131,7], [w131,3], [w131,0], [w131,6], [w131,2], [w131,8], [w131,1]] (solid_wave_vertices: 9) solid=[[131,6], [131,5], [131,1], [131,3], [131,7], [131,2], [131,0], [131,4], [131,8]] merged=[[133,3]] --- (Vertex4)[[132,2], [w131,5], [w131,4], [w131,7], [132,6], [w131,3], [w131,0], [132,4], [w131,6], [w131,2], [w131,8], [132,8], [132,3], [132,5], [132,7], [w131,1]] weak=[[w131,5], [w131,4], [w131,7], [w131,3], [w131,0], [w131,6], [w131,2], [w131,8], [w131,1]] (solid_wave_vertices: 9) solid=[[131,5], [131,8], [131,1], [131,6], [131,0], [131,2], [131,4], [131,3], [131,7]] merged=[[133,4]] --- (Vertex5)[[132,2], [w131,5], [w131,4], [w131,7], [132,6], [w131,3], [w131,0], [132,4], [w131,6], [w131,2], [w131,8], [132,8], [132,3], [132,5], [132,7], [w131,1]] weak=[[w131,5], [w131,4], [w131,7], [w131,3], [w131,0], [w131,6], [w131,2], [w131,8], [w131,1]] (solid_wave_vertices: 9) solid=[[131,3], [131,8], [131,2], [131,6], [131,5], [131,1], [131,7], [131,0], [131,4]] merged=[[133,5]] --- (Vertex6)[[132,2], [w131,5], [w131,4], [w131,7], [132,6], [w131,3], [w131,0], [w131,6], [w131,2], [w131,8], [132,8], [132,1], [132,3], [132,5], [w131,1], [132,0]] weak=[[w131,5], [w131,4], [w131,7], [w131,3], [w131,0], [w131,6], [w131,2], [w131,8], [w131,1]] (solid_wave_vertices: 9) solid=[[131,6], [131,1], [131,4], [131,3], [131,5], [131,0], [131,2], [131,7], [131,8]] merged=[[133,6]] --- (Vertex7)[[132,2], [w131,5], [w131,4], [w131,7], [132,6], [w131,3], [w131,0], [132,4], [w131,6], [w131,2], [w131,8], [132,8], [132,3], [132,5], [132,7], [w131,1]] weak=[[w131,5], [w131,4], [w131,7], [w131,3], [w131,0], [w131,6], [w131,2], [w131,8], [w131,1]] (solid_wave_vertices: 9) solid=[[131,5], [131,7], [131,8], [131,1], [131,2], [131,4], [131,3], [131,6], [131,0]] merged=[[133,7]] --- (Vertex8)[[132,2], [w131,5], [w131,4], [w131,7], [132,6], [w131,3], [w131,0], [132,4], [w131,6], [w131,2], [w131,8], [132,8], [132,3], [132,5], [132,7], [w131,1]] weak=[[w131,5], [w131,4], [w131,7], [w131,3], [w131,0], [w131,6], [w131,2], [w131,8], [w131,1]] (solid_wave_vertices: 9) solid=[[131,1], [131,6], [131,2], [131,3], [131,5], [131,0], [131,4], [131,7], [131,8]] merged=[[133,8]] --- (Vertex9)[[132,2], [w131,5], [w131,4], [w131,9], [w131,7], [132,6], [w131,3], [w131,0], [132,4], [w131,6], [w131,2], [w131,8], [132,8], [132,1], [132,3], [132,7], [w131,1]] weak=[[w131,5], [w131,4], [w131,9], [w131,7], [w131,3], [w131,0], [w131,6], [w131,2], [w131,8], [w131,1]] (solid_wave_vertices: 10) solid=[[131,8], [131,4], [131,6], [131,1], [131,2], [131,0], [131,5], [131,9], [131,3], [131,7]] merged=[[133,9]]
Round 134: (Vertex0)[[133,2], [133,0], [133,1], [133,5], [133,8], [133,6], [133,7]] (solid_wave_vertices: 7) solid=[[133,5], [133,6], [133,7], [133,2], [133,0], [133,1], [133,8]] merged=[[133,1], [133,7], [133,6], [133,0], [133,5], [133,8], [133,2]] --- (Vertex1)[[133,0], [133,1], [133,4], [133,5], [133,8], [133,3], [133,6]] (solid_wave_vertices: 7) solid=[[133,1], [133,4], [133,0], [133,5], [133,8], [133,3], [133,6]] merged=[[133,8], [133,0], [133,6], [133,1], [133,4], [133,5], [133,3]] --- (Vertex2)[[133,2], [133,4], [133,5], [133,8], [133,3], [133,6], [133,7]] (solid_wave_vertices: 7) solid=[[133,2], [133,8], [133,3], [133,6], [133,5], [133,7], [133,4]] merged=[[133,6], [133,2], [133,5], [133,3], [133,8], [133,7], [133,4]] --- (Vertex3)[[133,2], [133,4], [133,5], [133,8], [133,3], [133,6], [133,7]] (solid_wave_vertices: 7) solid=[[133,7], [133,5], [133,4], [133,6], [133,8], [133,3], [133,2]] merged=[[133,6], [133,7], [133,2], [133,8], [133,3], [133,5], [133,4]] --- (Vertex4)[[133,2], [133,4], [133,5], [133,8], [133,3], [133,6], [133,7]] (solid_wave_vertices: 7) solid=[[133,2], [133,3], [133,5], [133,8], [133,7], [133,4], [133,6]] merged=[[133,3], [133,4], [133,8], [133,6], [133,2], [133,7], [133,5]] --- (Vertex5)[[133,2], [133,4], [133,5], [133,8], [133,3], [133,6], [133,7]] (solid_wave_vertices: 7) solid=[[133,5], [133,8], [133,3], [133,2], [133,4], [133,6], [133,7]] merged=[[133,8], [133,3], [133,7], [133,2], [133,6], [133,4], [133,5]] --- (Vertex6)[[133,2], [133,0], [133,1], [133,5], [133,8], [133,6], [133,7]] (solid_wave_vertices: 7) solid=[[133,2], [133,1], [133,8], [133,5], [133,0], [133,6], [133,7]] merged=[[133,7], [133,2], [133,6], [133,1], [133,5], [133,8], [133,0]] --- (Vertex7)[[133,2], [133,4], [133,5], [133,8], [133,3], [133,6], [133,7]] (solid_wave_vertices: 7) solid=[[133,8], [133,4], [133,5], [133,6], [133,3], [133,7], [133,2]] merged=[[133,7], [133,6], [133,5], [133,8], [133,2], [133,3], [133,4]] --- (Vertex8)[[133,2], [133,4], [133,5], [133,8], [133,3], [133,6], [133,7]] (solid_wave_vertices: 7) solid=[[133,4], [133,3], [133,5], [133,6], [133,8], [133,2], [133,7]] merged=[[133,4], [133,5], [133,6], [133,3], [133,7], [133,8], [133,2]] --- (Vertex9)[[133,2], [133,0], [133,1], [133,4], [133,5], [133,3], [133,6]] (solid_wave_vertices: 7) solid=[[133,4], [133,5], [133,3], [133,6], [133,2], [133,0], [133,1]] merged=[[133,5], [133,0], [133,3], [133,1], [133,4], [133,2], [133,6]]
Round 135: (Vertex0)[[w133,2], [134,5], [134,0], [134,1], [w133,0], [134,2], [w133,1], [w133,4], [w133,5], [134,3], [w133,8], [w133,3], [134,6], [w133,6], [w133,7], [134,7]] weak=[[w133,2], [w133,0], [w133,1], [w133,4], [w133,5], [w133,8], [w133,3], [w133,6], [w133,7]] (solid_wave_vertices: 9) solid=[[133,6], [133,0], [133,1], [133,8], [133,5], [133,4], [133,3], [133,7], [133,2]] merged=[[135,0]] --- (Vertex1)[[w133,2], [134,5], [134,0], [134,1], [w133,0], [134,2], [w133,1], [w133,4], [134,4], [w133,5], [134,3], [w133,8], [w133,3], [134,6], [w133,6], [w133,7]] weak=[[w133,2], [w133,0], [w133,1], [w133,4], [w133,5], [w133,8], [w133,3], [w133,6], [w133,7]] (solid_wave_vertices: 9) solid=[[133,1], [133,2], [133,3], [133,5], [133,7], [133,8], [133,4], [133,0], [133,6]] merged=[[135,1]] --- (Vertex2)[[w133,2], [134,5], [134,0], [134,8], [w133,0], [134,2], [w133,1], [w133,4], [134,4], [w133,5], [134,3], [w133,8], [w133,3], [w133,6], [w133,7], [134,7]] weak=[[w133,2], [w133,0], [w133,1], [w133,4], [w133,5], [w133,8], [w133,3], [w133,6], [w133,7]] (solid_wave_vertices: 9) solid=[[133,3], [133,0], [133,5], [133,2], [133,7], [133,1], [133,6], [133,8], [133,4]] merged=[[135,2]] --- (Vertex3)[[w133,2], [134,5], [134,0], [134,8], [w133,0], [134,2], [w133,1], [w133,4], [134,4], [w133,5], [134,3], [w133,8], [w133,3], [w133,6], [w133,7], [134,7]] weak=[[w133,2], [w133,0], [w133,1], [w133,4], [w133,5], [w133,8], [w133,3], [w133,6], [w133,7]] (solid_wave_vertices: 9) solid=[[133,1], [133,5], [133,7], [133,6], [133,3], [133,4], [133,8], [133,2], [133,0]] merged=[[135,3]] --- (Vertex4)[[w133,2], [134,5], [134,0], [134,8], [w133,0], [134,2], [w133,1], [w133,4], [134,4], [w133,5], [134,3], [w133,8], [w133,3], [w133,6], [w133,7], [134,7]] weak=[[w133,2], [w133,0], [w133,1], [w133,4], [w133,5], [w133,8], [w133,3], [w133,6], [w133,7]] (solid_wave_vertices: 9) solid=[[133,5], [133,8], [133,2], [133,3], [133,4], [133,0], [133,7], [133,1], [133,6]] merged=[[135,4]] --- (Vertex5)[[w133,2], [134,5], [134,0], [134,8], [w133,0], [134,2], [w133,1], [w133,4], [134,4], [w133,5], [134,3], [w133,8], [w133,3], [w133,6], [w133,7], [134,7]] weak=[[w133,2], [w133,0], [w133,1], [w133,4], [w133,5], [w133,8], [w133,3], [w133,6], [w133,7]] (solid_wave_vertices: 9) solid=[[133,8], [133,7], [133,1], [133,2], [133,5], [133,0], [133,3], [133,4], [133,6]] merged=[[135,5]] --- (Vertex6)[[w133,2], [134,0], [134,1], [w133,0], [134,2], [w133,1], [w133,4], [134,4], [w133,5], [134,3], [w133,8], [w133,3], [134,6], [w133,6], [w133,7], [134,7]] weak=[[w133,2], [w133,0], [w133,1], [w133,4], [w133,5], [w133,8], [w133,3], [w133,6], [w133,7]] (solid_wave_vertices: 9) solid=[[133,4], [133,6], [133,1], [133,5], [133,0], [133,2], [133,7], [133,3], [133,8]] merged=[[135,6]] --- (Vertex7)[[w133,2], [134,5], [134,0], [134,8], [w133,0], [134,2], [w133,1], [w133,4], [134,4], [w133,5], [134,3], [w133,8], [w133,3], [w133,6], [w133,7], [134,7]] weak=[[w133,2], [w133,0], [w133,1], [w133,4], [w133,5], [w133,8], [w133,3], [w133,6], [w133,7]] (solid_wave_vertices: 9) solid=[[133,4], [133,8], [133,2], [133,0], [133,6], [133,5], [133,1], [133,3], [133,7]] merged=[[135,7]] --- (Vertex8)[[w133,2], [134,5], [134,0], [134,8], [w133,0], [134,2], [w133,1], [w133,4], [134,4], [w133,5], [134,3], [w133,8], [w133,3], [w133,6], [w133,7], [134,7]] weak=[[w133,2], [w133,0], [w133,1], [w133,4], [w133,5], [w133,8], [w133,3], [w133,6], [w133,7]] (solid_wave_vertices: 9) solid=[[133,2], [133,1], [133,6], [133,0], [133,5], [133,7], [133,4], [133,8], [133,3]] merged=[[135,8]] --- (Vertex9)[[w133,2], [134,5], [134,1], [134,8], [w133,0], [134,2], [w133,1], [w133,4], [134,4], [w133,5], [134,3], [w133,8], [w133,3], [w133,9], [w133,6], [w133,7], [134,7]] weak=[[w133,2], [w133,0], [w133,1], [w133,4], [w133,5], [w133,8], [w133,3], [w133,9], [w133,6], [w133,7]] (solid_wave_vertices: 10) solid=[[133,8], [133,0], [133,5], [133,2], [133,3], [133,7], [133,6], [133,4], [133,9], [133,1]] merged=[[135,9]]
Round 136: (Vertex0)[[135,1], [135,7], [135,6], [135,0], [135,4], [135,8], [135,2]] (solid_wave_vertices: 7) solid=[[135,4], [135,8], [135,6], [135,7], [135,0], [135,2], [135,1]] merged=[[135,6], [135,7], [135,0], [135,2], [135,8], [135,1], [135,4]] --- (Vertex1)[[135,3], [135,1], [135,6], [135,0], [135,4], [135,8], [135,2]] (solid_wave_vertices: 7) solid=[[135,6], [135,2], [135,0], [135,8], [135,4], [135,3], [135,1]] merged=[[135,6], [135,4], [135,2], [135,3], [135,1], [135,8], [135,0]] --- (Vertex2)[[135,3], [135,1], [135,7], [135,5], [135,4], [135,8], [135,2]] (solid_wave_vertices: 7) solid=[[135,3], [135,1], [135,8], [135,7], [135,2], [135,4], [135,5]] merged=[[135,5], [135,2], [135,8], [135,3], [135,7], [135,1], [135,4]] --- (Vertex3)[[135,3], [135,1], [135,7], [135,5], [135,4], [135,8], [135,2]] (solid_wave_vertices: 7) solid=[[135,7], [135,5], [135,8], [135,4], [135,1], [135,2], [135,3]] merged=[[135,8], [135,3], [135,4], [135,2], [135,5], [135,1], [135,7]] --- (Vertex4)[[135,3], [135,1], [135,7], [135,5], [135,4], [135,8], [135,2]] (solid_wave_vertices: 7) solid=[[135,3], [135,5], [135,8], [135,2], [135,1], [135,7], [135,4]] merged=[[135,5], [135,4], [135,1], [135,7], [135,2], [135,8], [135,3]] --- (Vertex5)[[135,3], [135,1], [135,7], [135,5], [135,4], [135,8], [135,2]] (solid_wave_vertices: 7) solid=[[135,8], [135,4], [135,3], [135,5], [135,7], [135,1], [135,2]] merged=[[135,5], [135,7], [135,1], [135,4], [135,2], [135,3], [135,8]] --- (Vertex6)[[135,1], [135,7], [135,6], [135,0], [135,4], [135,8], [135,2]] (solid_wave_vertices: 7) solid=[[135,2], [135,7], [135,0], [135,1], [135,8], [135,4], [135,6]] merged=[[135,8], [135,6], [135,0], [135,7], [135,4], [135,1], [135,2]] --- (Vertex7)[[135,3], [135,1], [135,7], [135,5], [135,4], [135,8], [135,2]] (solid_wave_vertices: 7) solid=[[135,1], [135,3], [135,2], [135,8], [135,5], [135,7], [135,4]] merged=[[135,5], [135,4], [135,3], [135,8], [135,2], [135,7], [135,1]] --- (Vertex8)[[135,3], [135,1], [135,7], [135,5], [135,4], [135,8], [135,2]] (solid_wave_vertices: 7) solid=[[135,1], [135,8], [135,2], [135,7], [135,4], [135,3], [135,5]] merged=[[135,1], [135,4], [135,3], [135,7], [135,5], [135,2], [135,8]] --- (Vertex9)[[135,3], [135,1], [135,7], [135,0], [135,4], [135,8], [135,2]] (solid_wave_vertices: 7) solid=[[135,8], [135,2], [135,1], [135,0], [135,7], [135,3], [135,4]] merged=[[135,8], [135,2], [135,1], [135,3], [135,7], [135,0], [135,4]]
Round 137: (Vertex0)[[136,0], [136,1], [136,6], [w135,3], [w135,1], [w135,7], [w135,6], [w135,0], [136,7], [136,2], [w135,5], [136,5], [w135,4], [136,4], [w135,8], [w135,2]] weak=[[w135,3], [w135,1], [w135,7], [w135,6], [w135,0], [w135,5], [w135,4], [w135,8], [w135,2]] (solid_wave_vertices: 9) solid=[[135,8], [135,6], [135,1], [135,0], [135,4], [135,7], [135,3], [135,2], [135,5]] merged=[[137,0]] --- (Vertex1)[[136,0], [136,1], [136,6], [w135,3], [w135,1], [w135,7], [w135,6], [w135,0], [136,2], [w135,5], [136,5], [w135,4], [136,4], [136,3], [w135,8], [w135,2]] weak=[[w135,3], [w135,1], [w135,7], [w135,6], [w135,0], [w135,5], [w135,4], [w135,8], [w135,2]] (solid_wave_vertices: 9) solid=[[135,8], [135,3], [135,4], [135,1], [135,0], [135,2], [135,7], [135,5], [135,6]] merged=[[137,1]] --- (Vertex2)[[136,0], [w135,3], [w135,1], [w135,7], [w135,6], [w135,0], [136,7], [136,2], [w135,5], [136,5], [w135,4], [136,4], [136,3], [w135,8], [w135,2], [136,8]] weak=[[w135,3], [w135,1], [w135,7], [w135,6], [w135,0], [w135,5], [w135,4], [w135,8], [w135,2]] (solid_wave_vertices: 9) solid=[[135,2], [135,4], [135,1], [135,6], [135,0], [135,7], [135,5], [135,8], [135,3]] merged=[[137,2]] --- (Vertex3)[[136,0], [w135,3], [w135,1], [w135,7], [w135,6], [w135,0], [136,7], [136,2], [w135,5], [136,5], [w135,4], [136,4], [136,3], [w135,8], [w135,2], [136,8]] weak=[[w135,3], [w135,1], [w135,7], [w135,6], [w135,0], [w135,5], [w135,4], [w135,8], [w135,2]] (solid_wave_vertices: 9) solid=[[135,5], [135,0], [135,7], [135,6], [135,1], [135,3], [135,4], [135,2], [135,8]] merged=[[137,3]] --- (Vertex4)[[136,0], [w135,3], [w135,1], [w135,7], [w135,6], [w135,0], [136,7], [136,2], [w135,5], [136,5], [w135,4], [136,4], [136,3], [w135,8], [w135,2], [136,8]] weak=[[w135,3], [w135,1], [w135,7], [w135,6], [w135,0], [w135,5], [w135,4], [w135,8], [w135,2]] (solid_wave_vertices: 9) solid=[[135,1], [135,3], [135,5], [135,2], [135,7], [135,0], [135,6], [135,8], [135,4]] merged=[[137,4]] --- (Vertex5)[[136,0], [w135,3], [w135,1], [w135,7], [w135,6], [w135,0], [136,7], [136,2], [w135,5], [136,5], [w135,4], [136,4], [136,3], [w135,8], [w135,2], [136,8]] weak=[[w135,3], [w135,1], [w135,7], [w135,6], [w135,0], [w135,5], [w135,4], [w135,8], [w135,2]] (solid_wave_vertices: 9) solid=[[135,6], [135,5], [135,2], [135,4], [135,3], [135,8], [135,7], [135,1], [135,0]] merged=[[137,5]] --- (Vertex6)[[136,0], [136,1], [136,6], [w135,3], [w135,1], [w135,7], [w135,6], [w135,0], [136,7], [136,2], [w135,5], [w135,4], [136,4], [136,3], [w135,8], [w135,2]] weak=[[w135,3], [w135,1], [w135,7], [w135,6], [w135,0], [w135,5], [w135,4], [w135,8], [w135,2]] (solid_wave_vertices: 9) solid=[[135,5], [135,4], [135,7], [135,8], [135,6], [135,0], [135,1], [135,2], [135,3]] merged=[[137,6]] --- (Vertex7)[[136,0], [w135,3], [w135,1], [w135,7], [w135,6], [w135,0], [136,7], [136,2], [w135,5], [136,5], [w135,4], [136,4], [136,3], [w135,8], [w135,2], [136,8]] weak=[[w135,3], [w135,1], [w135,7], [w135,6], [w135,0], [w135,5], [w135,4], [w135,8], [w135,2]] (solid_wave_vertices: 9) solid=[[135,1], [135,8], [135,6], [135,4], [135,5], [135,7], [135,3], [135,0], [135,2]] merged=[[137,7]] --- (Vertex8)[[136,0], [w135,3], [w135,1], [w135,7], [w135,6], [w135,0], [136,7], [136,2], [w135,5], [136,5], [w135,4], [136,4], [136,3], [w135,8], [w135,2], [136,8]] weak=[[w135,3], [w135,1], [w135,7], [w135,6], [w135,0], [w135,5], [w135,4], [w135,8], [w135,2]] (solid_wave_vertices: 9) solid=[[135,1], [135,3], [135,8], [135,6], [135,7], [135,0], [135,5], [135,4], [135,2]] merged=[[137,8]] --- (Vertex9)[[136,0], [136,1], [136,6], [w135,3], [w135,1], [w135,7], [w135,6], [w135,0], [136,2], [w135,5], [136,5], [w135,4], [136,4], [136,3], [w135,8], [w135,2], [w135,9]] weak=[[w135,3], [w135,1], [w135,7], [w135,6], [w135,0], [w135,5], [w135,4], [w135,8], [w135,2], [w135,9]] (solid_wave_vertices: 10) solid=[[135,7], [135,2], [135,9], [135,6], [135,8], [135,4], [135,0], [135,5], [135,1], [135,3]] merged=[[137,9]]
Round 138: (Vertex0)[[137,0], [137,1], [137,4], [137,6], [137,2], [137,7], [137,5]] (solid_wave_vertices: 7) solid=[[137,0], [137,5], [137,2], [137,7], [137,6], [137,4], [137,1]] merged=[[137,1], [137,0], [137,5], [137,2], [137,6], [137,4], [137,7]] --- (Vertex1)[[137,0], [137,1], [137,4], [137,6], [137,2], [137,7], [137,5]] (solid_wave_vertices: 7) solid=[[137,5], [137,4], [137,2], [137,6], [137,1], [137,7], [137,0]] merged=[[137,1], [137,0], [137,7], [137,6], [137,5], [137,2], [137,4]] --- (Vertex2)[[137,1], [137,8], [137,4], [137,2], [137,7], [137,5], [137,3]] (solid_wave_vertices: 7) solid=[[137,1], [137,3], [137,2], [137,5], [137,7], [137,4], [137,8]] merged=[[137,5], [137,2], [137,4], [137,7], [137,3], [137,1], [137,8]] --- (Vertex3)[[137,1], [137,8], [137,4], [137,2], [137,7], [137,5], [137,3]] (solid_wave_vertices: 7) solid=[[137,8], [137,4], [137,3], [137,5], [137,1], [137,7], [137,2]] merged=[[137,2], [137,7], [137,8], [137,3], [137,4], [137,1], [137,5]] --- (Vertex4)[[137,1], [137,8], [137,4], [137,2], [137,7], [137,5], [137,3]] (solid_wave_vertices: 7) solid=[[137,2], [137,4], [137,1], [137,7], [137,8], [137,3], [137,5]] merged=[[137,8], [137,5], [137,4], [137,7], [137,3], [137,2], [137,1]] --- (Vertex5)[[137,8], [137,4], [137,6], [137,2], [137,7], [137,5], [137,3]] (solid_wave_vertices: 7) solid=[[137,4], [137,7], [137,5], [137,8], [137,6], [137,2], [137,3]] merged=[[137,3], [137,6], [137,8], [137,2], [137,4], [137,7], [137,5]] --- (Vertex6)[[137,0], [137,1], [137,4], [137,6], [137,2], [137,7], [137,5]] (solid_wave_vertices: 7) solid=[[137,6], [137,7], [137,5], [137,4], [137,1], [137,0], [137,2]] merged=[[137,4], [137,7], [137,0], [137,1], [137,6], [137,5], [137,2]] --- (Vertex7)[[137,1], [137,8], [137,4], [137,2], [137,7], [137,5], [137,3]] (solid_wave_vertices: 7) solid=[[137,7], [137,4], [137,5], [137,2], [137,1], [137,3], [137,8]] merged=[[137,7], [137,5], [137,4], [137,3], [137,2], [137,8], [137,1]] --- (Vertex8)[[137,1], [137,8], [137,4], [137,2], [137,7], [137,5], [137,3]] (solid_wave_vertices: 7) solid=[[137,5], [137,8], [137,7], [137,3], [137,1], [137,4], [137,2]] merged=[[137,5], [137,3], [137,1], [137,8], [137,2], [137,7], [137,4]]
Round 139: (Vertex2)[[w137,0], [138,2], [w137,1], [w137,8], [138,4], [w137,4], [138,8], [138,3], [w137,6], [w137,2], [w137,7], [138,5], [138,7], [138,0], [w137,5], [w137,3]] weak=[[w137,0], [w137,1], [w137,8], [w137,4], [w137,6], [w137,2], [w137,7], [w137,5], [w137,3]] (solid_wave_vertices: 9) solid=[[137,6], [137,0], [137,4], [137,5], [137,2], [137,1], [137,3], [137,8], [137,7]] merged=[[139,2]]
