metric,identifier,latency_ms
consensus_latency,P0eSApm77AYiZmpaPLEPt+wdJZmMyFKyaUcOegQutMs=,494.0
consensus_latency,Q3tfJdtbh9iuKb10XVZph8F+QZhxlOl8A6lJYGclPWY=,1366.0
consensus_latency,5W1KmJqI1U4OPq1GwYHkUJ2LEiqy8ofgU+lsXbfOpd4=,1366.0
consensus_latency,Eq7vDeD1sf0F2nUd4S7rwgXDWONyl+LtGmfy9aJIv78=,1316.0
consensus_latency,HeoNCS7CNlGpSqWqpIfCya79aJ5x3vyME5P3jsxkhNI=,1334.0
consensus_latency,DbHCTQd8uJyQUB4nVWV+jMduD8Pq/cGiSEvISn1D7DE=,1166.0
consensus_latency,O1WI2ri1z/9J5D77501fCs4124EP2qQPJGQpbPJjZvk=,1166.0
consensus_latency,SokcUleQExf5XcYSCKbRGYfk+Y17H07Uhju7M5kKvjo=,1166.0
consensus_latency,2b99l7r1PL9G9li3imi25tUmYjv0ZTO1fWqPrE4MEWU=,1166.0
consensus_latency,ZjrtXpRfg6/m9iWopMDWvpcJALJzDB5Ym4p/9LDf7g4=,1164.0
consensus_latency,bs63mru2qbXHVR5lyiRN5D686Vd/TbkxcFsEmsIJwYs=,1164.0
consensus_latency,suIUQb50Wfim8TYsseKmXnle9rRLx423sa9Ph/NZpFU=,1164.0
consensus_latency,5MVKkTsKUOg4VAPj0OD9xBE4HlDebgebVT5N9nPbLW0=,1164.0
consensus_latency,H6Z4Nn4VcdGmzSzRma4yrRMU75hRpM2DY+s+wfO5FI0=,1163.0
consensus_latency,OBOkXe8z81wOfTCX63UuhpBN3E3wy1tYk7GK5utJfi4=,1163.0
consensus_latency,D6IMdxpcQoLnLRIhUACIaWyZSjdDaaNXBdNKs7czCcg=,1113.0
consensus_latency,S0AcGEMqWNJ7wzqrq3XurspNbo5OTwURriwqD+ALcaU=,1113.0
consensus_latency,UF3jCQFaeFcH6scDL9DuwKzIhAxpBzH/O+EjkFT4y+k=,1113.0
consensus_latency,cTo4+EfRJDQ0+oe77QUMnaRsyg6zeaWbsDajrMKt+dE=,1113.0
consensus_latency,gsLCFZ/KEat+WyZM3L/ueIriFEfJK7QjV6BYNQ+02n4=,1113.0
consensus_latency,yQhC8K4fGUtpNKUZLbf4aotqKFLABn76DDSk/Vs8aSg=,1113.0
consensus_latency,YRwJA8L46r2iBH8OKDUHZvbTMHYc7A8qcjEY6emyMWw=,1162.0
consensus_latency,aXkWOrDUi3GWhWxrGKhJyeMZGr4nkfHt8BYRCOaZveE=,1162.0
consensus_latency,a5UmxAkeyszstYm+QDSgJRN5u0BgdTaMBkK6MI064dg=,1162.0
consensus_latency,wZfFNVx6Tmoukk/Y8g4I91AEFgsfNnmIrZslEqL6nlI=,1162.0
consensus_latency,QDdM0L/9pzr4TbY4mHa3royZcRySI9G4MP1Zv6+Unyo=,1163.0
consensus_latency,pYx8nHU5RpZe6itoULijuTWFmqO/zNtVAp0dPM8GMbY=,1163.0
consensus_latency,AHsfqfw5SzrYfIlDdYSnPKQ0b3vofEZfUsbE27gxLUM=,1162.0
consensus_latency,CrJaXh/JWco0Ok+HAm+Y+wqX9+3RYXDs4bfrM2PsTIY=,1162.0
consensus_latency,BLr+rTT4dnNB0iXTSwdicdGPflyzQ1CZYKTqRgEcFVQ=,1113.0
consensus_latency,GkNf13PYJGA/keCn2E4Vl2Frk+OSaCUvqzoq9j6Pu8s=,1113.0
consensus_latency,PewyNumkMAtG/L0ATmNh7Z69974twj8s/of68uHjKsc=,1113.0
consensus_latency,WMiFbyimDvZrPdXSDcgdWlVsWZwnghM1rf6HcWrBDyA=,1113.0
consensus_latency,gL99zYQLAQayDkg7MgptjzKwPvyYDBezDQi71cJIEmM=,1113.0
consensus_latency,llyojyYwV/shTVAEHkvPOfaGyN5625eQmUNy8Nr5+ic=,1113.0
consensus_latency,nCvjOZUQOB/FdM4Ovnz4vfLKWAqx8fCbWskcywoJsrg=,1113.0
consensus_latency,0QvaG5TYrbUhtcPJvB3JOAWvAsWzPJjY2XXqLLpZ3yo=,1113.0
consensus_latency,9w8WGeXU4KTYXGVc3ibm1KTxWt/D3ZUzvxSp7bsCFrM=,1113.0
consensus_latency,EBU7OpWlSBIRn5PL62tQByaxZYAS6d4u5Zcc1jTS77I=,1115.0
consensus_latency,LeDJp6JHbo4pRAq79SLIGeZFeksS14UrhOK+WSYx5xI=,1115.0
consensus_latency,fDDtJvO3qVLkUZfkX2dDhkz9mTkcoPHGZQUBIFVUA8E=,1115.0
consensus_latency,pbbVnh/BilOFSdXpQ4E2uwaEwe2eChE4JVraMeZrk9s=,1115.0
consensus_latency,qLfg8f8LP/DfKObhxIu8sMdfwGDXaa7RtxgHSK0pJbY=,1115.0
consensus_latency,xjUTaUgGRFKOJs+wL4k7RD1o9lbNZtUC2YtoMRQLjqY=,1115.0
consensus_latency,zCv3Qd0qosLP8yOTtRzxRozoJDS5gOgAzbL7cu5ZzHw=,1115.0
consensus_latency,7RRHnCnhdVxUzQDbH1kEtRDLyUlRsBv18Hw/Vq/lJaY=,1115.0
consensus_latency,QOozPAaPbieWGLQHULmmxgOn5M0Lddk01fsf0KeDB64=,1116.0
consensus_latency,eBNXRIaafEQhobVitrlBbvufnMu8ogS1g9GYgN/EI8s=,1116.0
consensus_latency,uxljmO+iRILJ1tJfrp3GI7892Qti7H/BuBItpVX0+9c=,1116.0
consensus_latency,Fq6mYseQQC9l20sMPAZUguXdZhHRIwjHq33qeUTceIQ=,1118.0
consensus_latency,c9UsW5mEJ4AKdR4PE8QakbdQJm7gC0Sr4wcHwghiONU=,1118.0
consensus_latency,+gmCVBA8KYyKptGB7vW6876kLQqcvolZwuE6U4G3udg=,1118.0
consensus_latency,JbL2deCYNg+beh+wRoSECbWB1ln8lriO+eouRc9eBeQ=,1120.0
consensus_latency,qaMiW46IzhuNPVbPsQEXvqxqMraGeHxabiRee1TPSXk=,1120.0
consensus_latency,uRFORazCGM/GFljY1jz1prg4oLz2mSdDklEmx7T7xBA=,1120.0
consensus_latency,SpZQx9IZVK4fZUR3bizNP71Bg1pi23J07AJVKIM1sLc=,1117.0
consensus_latency,cTuGXZhRX/cNHYsWbaDblur296ClsRQ7nhI+sMpku2U=,1117.0
consensus_latency,n546PdoHd5BdG50d5ZwBvdtyniF57k8eGD5Fhb95l/A=,1117.0
consensus_latency,vdWXin8/Y35eYAPlaYV6/QOHGOBOGmvfxiMpIwIFDWU=,1107.0
consensus_latency,U2BDOw8mXvrOgZ7m4EJh/i3ZZvx5tcnAAddwF3kmdSg=,1116.0
consensus_latency,ofUiai4TbgDakDl1h+cZy20x6qw3b042ycLpUftLM7o=,1115.0
consensus_latency,0egFnJVPBNTA2A6p9AuQqJgzpOtz7kkGOFXSPZ6+tCc=,1115.0
consensus_latency,FOlTQJZ0feawkAhtwj0wauTG2T9NYt40QTYMxpljxhk=,1114.0
consensus_latency,YXkIKDuqY1+tLdR97YQrLeAeT9KD6d+XgqW8rdBu40I=,1114.0
consensus_latency,l+dpCiFPg4v1G/h8iEzyM7pJTg/iZv6MiuXx7iXVLMY=,1114.0
consensus_latency,oikASX0pky/e8eIegSTR310qWACa2eNPOPThE1ZPW4k=,1114.0
consensus_latency,DuYWN9luiDrM+D4RM7HcIdoXnGcSjIuXlKr99bQH9a0=,857.0
consensus_latency,FsnPr0y1KkV6flMcguzhU+yis6NP6g+QxG5tE+s0mk8=,857.0
consensus_latency,jhaLzC1YEO/utqNZKw7cNpgbTTEGq6xjjFc18Ug0Ouc=,857.0
consensus_latency,HhKpOVdFlTX/YPuEs9S2xp7cbHQzqR4qsdjllqoSVlE=,842.0
consensus_latency,YtUtW6eA5dWDTWncgUe/SxKxPsvF6E2dUP4wYdcpoDc=,842.0
consensus_latency,fl9ZvngPuKDWTgTpmvv+u5C+2ZSsGFigcytbyPqLHSo=,842.0
consensus_latency,hErI4AKZ1ksOpiGazz/Ajqc26bKQIQG6XbR+cdq6cFQ=,842.0
consensus_latency,hdyAwO2S5mRzXUsVYE+hxF7CbX9XlumpS3gQk6Vjomo=,842.0
consensus_latency,i3EYupRW7zIY/YD5vf5QU0submrM0Rr6o0S0MwpPhgE=,842.0
consensus_latency,pb+pJ7rPVzLsMFVgEmjxa/i+StJJ+a5tSCeJn1cHc1Q=,842.0
consensus_latency,p7z1xbsaTgA88tEByT7dj4CpsbaaBN0VfJiaT3VNxZg=,842.0
consensus_latency,sI3qwOxeIOLn+DiBzCneWP8Qk0AoRvWzEdy5ag+1WVE=,842.0
consensus_latency,uQ+pCSXXaJTgAo8atL6SDn9hwUtpLdQeWN1xM/MUdto=,842.0
consensus_latency,yfuqHBmdw0NJYy5TqANzIoFfjiC9u5/ECjWMbtWONiI=,842.0
consensus_latency,1f6iDuYQgAIcW9hXdMNGEtsY1M0IhRK5++ZVhoJ8DHs=,842.0
consensus_latency,2qDT4WO8A0kbN+ZTd1yiPryJjh/rEusL3gsjtEVA7eA=,842.0
consensus_latency,D6zpYa+hExtSHXpWnjo+M3r69tzO0Q3TdS3uAv2y62U=,843.0
consensus_latency,H/agLyjwFBli/s9olXXurD1fKIKMmLORwJ3aNI14izM=,843.0
consensus_latency,MMaS0LI1izrgiS3TOeJDNp5PllTR39ndQdHjF9lGUDQ=,843.0
consensus_latency,MwNEbRJfyM3/PQpe9PWuffKtJ6W5s8Bii/8MJIbHiAM=,843.0
consensus_latency,UqBPwlONo+3ASGNK5OfurgYlXqNQWBzn586QdF6Dluo=,843.0
consensus_latency,UvPjCyQFnaxSi+tNyqE24kXfJ71drCh8SJrgRWwSxYc=,843.0
consensus_latency,Ze5xYE9G80E7E7hcjZhKyJAZ5dWaTRz3G7HV42Sc9w0=,843.0
consensus_latency,e1QBI45fiXqZ71Dj30SCmHQN7JTKs15W6rmBE/L2w3c=,844.0
consensus_latency,e80dgfLQODIY6f9U2mD1PvkqVX51Zldy+lDe0fPOrsI=,844.0
consensus_latency,m3F0wWDgBsDZxFuaG9pLKfgnEfyyhJ8is/R/pseRJac=,844.0
consensus_latency,o+v+UOxrF1H0ZwpxiWgNiqjyaPp1wAR6gVc9AQ3cZfA=,844.0
consensus_latency,tGOEUH9OR2qh9cal7e8FqhfmhWOUQxcMoFvxS+xFvKs=,844.0
consensus_latency,xge+rsP/J0QMI3yhV3Lb4GAQgxOr6tLkhm5+YW++tlw=,844.0
consensus_latency,x+NbUBXKM1rj9lynnCZEbiuri1G9evtoIOM/NU7yXrA=,844.0
consensus_latency,09GbRgH40kM7acqVOtgikdnG2hifMORfDx6tozGsrsU=,844.0
consensus_latency,d9/rzWqV5kv+m3QzZFSXurxugXGUAvfzj30Tjv/5BhY=,884.0
consensus_latency,HUDYRpmWpIGaa1aC1Y3MPWJx2wJtsD2R3GuDSPVBLxQ=,844.0
consensus_latency,MQOHyS4527paznelANP4sjeZunGklrtnSU1RhvU3cqA=,844.0
consensus_latency,OMxQNy3gRwE6DjWs+GnY+cQvxaRYhRG5FBfyyletXGw=,844.0
consensus_latency,Tp6stsnLfxSYC+oMIzVhFF3HxOyiU05wE9GAGCJM2p8=,844.0
consensus_latency,Ueo6p0+3CxHyPLa5wBtdAg9QYlUnAcqhAgJM/HK5hNg=,844.0
consensus_latency,XMB3dwPgAggcix9d9JLBQSn4Lsya9wd6BWkKQjZkPrI=,844.0
consensus_latency,eth7Dd/BnV8kM+M8IdyiMoCHsDi7m0pqBNr3xpto5no=,844.0
consensus_latency,nttWtkPyTokmDokQs/c59MFrwZusaWlb8GM+Rv+v5WQ=,844.0
consensus_latency,sZxjs9WdcLvNBAR8jKkc0cF1QUdwx4M/2Aekk0GSo/U=,844.0
consensus_latency,0feHZYno8+jexpmmkk3dWSq4Ngtfb1Ifo5+udxtbgJE=,844.0
consensus_latency,1s8GcW5+mLZj3IoKKb773gVSVOnZT2yJ+cW5EjMs8xY=,844.0
consensus_latency,5n3yv2lpSPMxwMItX7x+myzgeMcJ+ED6PZ4vkmXzCKM=,844.0
consensus_latency,Ct6frb+jZO/Ys/kkG0gCv6PRUf6PlUuvD8UtPagzXvE=,840.0
consensus_latency,G4XW29Z4a+HEOf1DeCd5DDYNyOt2FCmsAvZxbAKSwnc=,840.0
consensus_latency,NHp4GQxgQEd5u830pcmPBaCEkDUgdsgfCt7WPfuB2GM=,840.0
consensus_latency,PEEv06mbKz6mc2CwSlr5EVZENj6FG0RBE2I+axrZCUo=,840.0
consensus_latency,PcAQ32JRBHA53Z0hPgFA+5k6L7sucN1HjwgtT4EaIGI=,840.0
consensus_latency,U0LeWSDLhycSdtNkrBwOC4GmAIqg3qJMQ7iTARdtHEo=,840.0
consensus_latency,abx7Ej3dwC5Ubr5EvPkOIk4OuVIL6fIcvZJjXVJV+oA=,840.0
consensus_latency,hSBqFz8JDYOOtkotucjkuSX2uma88JpyCRseXNTwmNY=,840.0
consensus_latency,tkVY1IO2kyjeDsF6e1z3o7fCV5wLFqDq2lQAshM/SsM=,840.0
consensus_latency,0I5FZ6VOah6db9HwHQDkxWjXQOEU5gTqf+l/OoKNwFY=,840.0
consensus_latency,1yPkUv42bX2yjLG2Rf061Hza4LOyvgxjddegr0ESTfo=,840.0
consensus_latency,B9QOk+7Vn2rTduVk23zVo2qwPBn8fUPu0gnhiCOjW3s=,844.0
consensus_latency,Hqnls2roqdHP02h6fTj0e36IpkwqbSGFBQcz9aSesZs=,844.0
consensus_latency,J6j5Um/h/+SiymcqzJQ9x1Omly8dMcoZJkW661issKE=,844.0
consensus_latency,WfJXixhycYTour4DRw0y139Be53D+J7tPNz2TRMd9Os=,844.0
consensus_latency,cJVpciaPO8fmlOSQag+b9IY8KWpUUAZEknFLDPjiIk8=,844.0
consensus_latency,cklhv+iTZW6jXjzP9gfo97HZ9IxsrJGOxWobw7uvyHE=,844.0
consensus_latency,fYrwb6TvEvoZ8Ui6KyAvmXRJhMCscLf62E0Qb5ZRGHk=,844.0
consensus_latency,itj/XHBo8L7Ub2HRweDVTPEwwex1/ORlssnPT6VZwIE=,844.0
consensus_latency,owWx84olXZRx1vKOeu8pklKE6qHnh3ZvG+OS9HAcbXo=,844.0
consensus_latency,pPDMVpJAMEJyGpGnpUovWgeK7wWFMEf+ggqGuezuYrA=,844.0
consensus_latency,pVz9x2jNHuO822LgLv47PpVdcRTZ57slDhP8h/KL0to=,844.0
consensus_latency,wzTZltRslyN1foDLriDR2BwhEBBnUT2obZY5wIVBKHU=,844.0
consensus_latency,w50P2egVDAw35fhb81YHKzhKnCSBRNcal3mOszoLM9o=,844.0
consensus_latency,79GbrsOePl3q4YzabJviQOnadQj4PwOJJ9VRugEOxbM=,844.0
consensus_latency,EmZROfjrqmfEJ+nAKEOoN6Zg1V2kjnruGPSBb6Qg8r8=,842.0
consensus_latency,F/KUBsalmZI3FDdZnN4iFVXAiCyS37zlm8B5BF8lxso=,841.0
consensus_latency,HRQX+nSVth+WC6ZEUT9t3mTiouf5uASUofaiKVNsGJ8=,841.0
consensus_latency,MeiY3tSOqg5QxvVpWlWfuwMRqanqgcsu7+XHIWEwrpI=,841.0
consensus_latency,S3fuIlKhDiO4HEcVYS6QMj6B8T7vWb3m99BXnexV9rE=,841.0
consensus_latency,Y5Ylmqq/whHoLR6cZFULZ+g/XNHVi4dLlXg7OvsxBb0=,841.0
consensus_latency,a+vnY3kRb+kzOSNEMSbq9W4Q0tFIvBzV5QINwWs+Mfc=,841.0
consensus_latency,cjrLNlOpZNhAgDB5NYjEYC+xDirCelp8FLAgDTV+MFY=,841.0
consensus_latency,dO3HqDVIdF1KkW6QsDCKjy6EHrPw6zvGnXYPtTsNs7Y=,841.0
consensus_latency,eMYjUvmFw37hPZijWrAOYrHQTYwRrNUUxcbKynvd6yM=,841.0
consensus_latency,rQLyomtc4mRBh0khzNo5EtRvKOO02rpGXhgj6ENb4e8=,841.0
consensus_latency,1hVXN+DNHAEfPd0D33wdIC/+i6ffnwzanc/GQ7kEkE8=,841.0
consensus_latency,3jFQqIN62gbv27+zxTMFqS1dmQ9IWou4E3xmOqvpuSI=,841.0
consensus_latency,/o0yf6r9SlXlakz/r0tn1Us+kXnE3Q41lqFBr+ihFzI=,841.0
consensus_latency,NGRPJNPoL5P6B+LQJsHUdgSAAMxbFcPPHmOOn86zRW8=,891.0
consensus_latency,TGAzPZMLD/oqWd9zK3z1/dOoCJ0Ia8vD0OdSoOjP3vE=,891.0
consensus_latency,/GrgIpU3yNxMNHX8k/meCSSOpPirnoNtp6qYF8zwMZY=,891.0
consensus_latency,Fue8E5ZnoxR7wvgax6cViBVlpdjOhUsqIHSuucssUAE=,643.0
consensus_latency,PZ7QwSTxsp/+NN8VRK86JV2OTQSShOfkZp8g5klYquw=,643.0
consensus_latency,a4h5S3vDmQaV54VZ2WNWaixpNOVGgh7wO5D9h2i2hJU=,643.0
consensus_latency,ia+BI+li6DkHzlIu+Bo8si2lH/nRQC6ei7HljYO2yVk=,643.0
consensus_latency,wqjYWJF0kvnIMtC1QGJaIOnPJ0Py7j6FWh92CjYEsKQ=,643.0
consensus_latency,CIKERWIAvN2AvHWdtDyN2DWFhvNvJtB+QULtDzTFxcU=,698.0
consensus_latency,IltScnlPSM6EXBvhi2FjnpfRKrtmXvAB2LFVdgC0fBE=,698.0
consensus_latency,YhOaQ+iDR6lfJQwLFIdquhgUOUnVhiBmYw/oZXPsqYs=,698.0
consensus_latency,Z8MDII/y70SZdrOKPu8vKlFLGa11/kAOHlY8xjxtsX8=,698.0
consensus_latency,fvBRpj3pRgfqIM4tNncxS8nld6xjNov22w/gwYAsZco=,698.0
consensus_latency,gPnDe9DUgVcOjR/EMyAnfpYSGNoPVFVkMjUONuu3mTk=,698.0
consensus_latency,gg5zRPRaLoXap717ynX5XDEFxt2rMtOM1YIiIh0/u/0=,698.0
consensus_latency,r4GyR+0V3iT5U0GqqLxmAfJbYIz6z5JGAZd28C5XdKU=,698.0
consensus_latency,wR6XFNr685wt7/TKYD9MiPBwXmjK4OwPsjIl65RHEL8=,698.0
consensus_latency,2/jtFZTDNoSsoT/ShwBgN1o30Vvggsz3B4+xyj2CGPk=,698.0
consensus_latency,BOXVHYLMEJ7kFU57Ple2w6jm0ghpyUC8hLhFgA6vE3k=,694.0
consensus_latency,GqLIRK5QF2Ds+eXHwZqfAcbGjobejzP6EWMYhUqOuQI=,694.0
consensus_latency,P102s5mC4piVLmdbW7d14yVznSuKhejO0zOzRNaVIXU=,694.0
consensus_latency,WBdeP0wFhIp+181Q4pmKM78NLBvjl95UjF6GC3Lh2lE=,694.0
consensus_latency,XsAsjhcu5/CYoC3+XidzEJ3GeOyBw4Fqs5V4CgCfYDw=,694.0
consensus_latency,X19JXgjUdy8SjJVAnSA9Wf7UTWZ2SSdDrkGaVJ2Zszk=,694.0
consensus_latency,eHRMjvbNtogxmZ8DIpFYZN4Yk9aCT+C9iuULvK+K6EE=,694.0
consensus_latency,k2iuV5/4M99Y1LINxOu80A3iIoR5ZnkvnlMLZCf5oP4=,694.0
consensus_latency,vqAc45nyDJVgoLFVnMwJop6uY5qPsNdWYWdW+kFMGJI=,694.0
consensus_latency,49iQnmkAs4SFwBRzwCsC8LCAg9P+2dyVmDk9c2KJAks=,694.0
consensus_latency,6HH32LsH70/ukyxOoK3tEFBnvc9sunpX5WkvHbX0rds=,694.0
consensus_latency,DOZA+9R1en2OFtWFo20G8JhWgGvh9KZ9ubmAuNT2YCU=,697.0
consensus_latency,D3oaQXfjv7CIzmL69qTnYROtQAiqBWwgXEYiolv2vT8=,697.0
consensus_latency,SpvJVM+o7k4YpSO1kgAXEdGwLOg3jIA/z6k5ETFoj7o=,697.0
consensus_latency,axJhr/atqZNiYZk6xqEZNKWtWvYkaXBbbAO2Rwb/7Ds=,697.0
consensus_latency,QlSCTI8YCEbFJJx1aos9veXfZEWDqBAcDWbAAzraPBY=,645.0
consensus_latency,U3YnXTXRDJhgzRkM4rJI5WPThUzIEfAmGjq/Rz+QBU8=,645.0
consensus_latency,ZY28V1KOqi0UMszzHLZxyY9JbAH0op/6X/K6zVWC/4A=,645.0
consensus_latency,byu/pjX5ruTF3//VfhNKDmrLFNZ4B1rx9k9pmD3m8LE=,645.0
consensus_latency,b1PHbhWcdgpsa5MAkWvrVaTTB6oc477I8BKlWAa20/4=,645.0
consensus_latency,eMbexkYsP0kqE6cYNYM3Og+zNK1WXCPHFy4MUYWmWkM=,645.0
consensus_latency,VmpLX9j15dFZNIaHyr4Kzb6qu9sDPin63iX2EJIId0E=,695.0
consensus_latency,W/10bd4TL+BABzV5NYSrbzAaaMsuMI3w3FTsq1P00sw=,695.0
consensus_latency,bbX7quHpvlA2IfsaQ2R0GaGcPcOCw/asW86BRmDkjiI=,695.0
consensus_latency,+feaNda/dRpdL4hJhTNcKcp1AJZqCd2p5VIRDX9XcC0=,695.0
consensus_latency,I1N+inrxqT6TzqLZm0Vb7paaM9xUOQ5CZ6sgIK3KxzA=,695.0
consensus_latency,nkX3DfZzJgj84FTd1cFsN+8AibrKLf6vOVfaM3QTkkU=,695.0
consensus_latency,+YkTLyS7/xpSd6QSWwnjFnPuoFK4n5XTuDfzUeZYJsE=,695.0
consensus_latency,+nylRbKOu7mn9kICH5zsaw2wEYL4/1x4pNbvh7+FK9k=,695.0
consensus_latency,Aty0jxBFaIH8u1sqEx8s33yONxBU321oQTC8AtVyDJY=,695.0
consensus_latency,EZ49d6MERhlZVjz4N8A326PZaCva4l3b3fotOiIUZPE=,695.0
consensus_latency,I/xXt11yz/dP4qq8nzY7865s1Mlh9hTa87taJDl0Pvw=,695.0
consensus_latency,a43E4aYmqFYitsVcyHV3wRvakIDeYDI+S7e/8pkpB1w=,695.0
consensus_latency,gccffqZoWXi88s3gTCY8rSQWl9Rhg6WzOAiQWmuhVaI=,695.0
consensus_latency,h5OjEUk3tHg+v6Hdb3X+Y+R59s5PnHiSO5YJzXVyKPE=,695.0
consensus_latency,u0FHCWBIe1g/LC4yYMOZ1KY0nhSNhrwnWcj7cDkqV68=,695.0
consensus_latency,AIQhQDS65in1nxC1uL18T69/+XFLy9WhIpyqXOTnSCU=,596.0
consensus_latency,DU01k3sytR6kojfTG/m7A0iQa9Lw7fxFnO5eWoJ1MCk=,596.0
consensus_latency,OYU+xQeT9TuDwB/M0wEcJh/ov5lk6ewcjrxAD1wCSi8=,596.0
consensus_latency,lO44xTqu41DfJkCl8U5uj3uxcQZaYb2rEkDUvhHIA5M=,596.0
consensus_latency,u3nR9kRRl2dReK6aGznK6XOHxIWI5dvjU8crqSDFW6k=,596.0
consensus_latency,0uyXQzedQhQSf/jIAEF4qppWDD9d3/yxhb43Rgtm23w=,596.0
consensus_latency,Yt+7l3yo1E5OgY2NKgq72fXGxVHoDHJpPUtrXu6adzo=,595.0
consensus_latency,sPXjlhDK6ZQi2OAVse32ER/4Okbodn33VuOi0202RFY=,595.0
consensus_latency,26lb8uQ0o8p3cm6kt0kJK/hJ9COG31WbbuAFZ8/R9dU=,595.0
consensus_latency,6R78X7XEgM18SOx4o6Y9CRx4jII+A4JJ8kD7nO0xe5Q=,595.0
consensus_latency,Q6MvvOO1ghYP2S6EPemsvIGcYXMJj3y+gIoAPvJacb0=,595.0
consensus_latency,XNl+HselWz6Rs0UuCQ1EHKDWdMB8YOtqsg+1nnvun9k=,595.0
consensus_latency,fsKJ8jWkU0FIprXI0vTizMVbhH/Y9uq2/5+WOMpvZ38=,595.0
consensus_latency,xkBU32xJTSNBpV2zmqAOcf1r0yjgl0H+cJpmfCdH9Pg=,595.0
consensus_latency,ytpNY+aj9cmeXPs4Bn7OL+BAPDYl5Q+8lrtl4CRSG8c=,595.0
consensus_latency,EvtcHbYCb49CowYAoP3D535jD3WdlJeWPrtO+XVsaC0=,598.0
consensus_latency,PCSX6El3rF/4wvsorTOtE/avElcpBlgB0Gl7RG77R34=,598.0
consensus_latency,VeX70Yy4zg7KaK4C9PRHAj7lFgAQmZoHk+fa1o318WE=,598.0
consensus_latency,pyFjj5gqFQFjHuiKL8GScvOJOjqheTPZLoRnwBYdsvw=,598.0
consensus_latency,rjhEadp3+W/eVpf4scr0jxS8RWoFjg58xV2x3Rg522A=,598.0
consensus_latency,xMjsnaX5XseWmepiGoXJpeP7g3UGrjAXpw9SjFAkFEM=,598.0
consensus_latency,8s/w91TAiMCwhAQEt0MT3f5Qvlu+LmVBAykkDzaqUeM=,598.0
consensus_latency,LO4iIt0GXSNXUOxbe0zhDrhZIVLB1GjY8fK6p74lwqE=,595.0
consensus_latency,Z70HXN5xvdvrPwo1kg0O3Tng9Sxf8y5UmFUpwIM2QjA=,595.0
consensus_latency,amqdGKLRQBNhImR8OI8szwiM3vdTJsAEZeBhe4IuxhI=,595.0
consensus_latency,o1tExPYizcrelbhyBX60A0NP7S6vyJkcJT10EpkglWs=,595.0
consensus_latency,cdZeJxHxNT/KgW0stZxF8MnXZ3EV+k8yyrp+ilDMwJM=,599.0
consensus_latency,t5QX1U2b2qOZf5q9uxLSOYqCgUPS/MsbJIzo5KJ3XM0=,599.0
consensus_latency,wWGG26jsOz3tTwlO2IlB3nnQ7aW9YTiBLIIXULN5LTM=,599.0
consensus_latency,xFgaIUrAW4oKrsDdjoKL7Q9xXRfTvu3xahL8f9dZakY=,599.0
consensus_latency,JLjqnif7e+tDJGgDSdH8ivjtaFygSKiIe/IeYCfayH4=,642.0
consensus_latency,kQccn8ykNKeAjWmm5qufUESHVy8Sgz3yUqi6ya18u04=,642.0
consensus_latency,80CMbCmEqih80Aa55Im3wA+4PBDMPdLWBbuPdPeO8J0=,642.0
consensus_latency,rrnvE0Ykztr5+kvAmqEyJRF5Q1NDaw42zP5Pbs0JWek=,375.0
consensus_latency,yEJiUgDkzOLihGN7nTf6KOVBIlvZCbtBlVoO26/wttg=,375.0
consensus_latency,8vozh9811zNj9v645opm9Q15OBG4WSrIjHswnNJcq4k=,375.0
consensus_latency,G9ypXYR6DSyXHM7v39xw6/WYaHjM35hkgjvBW/JqeBw=,1254.0
consensus_latency,Se3r/wYQFhDjxkIz/gEO6cLZlK/foeVEkIAFoXacoeQ=,1254.0
consensus_latency,8g6Vd0/A3ZoNlSPnmhHqR8MjQeJOrCNaXy6W71Xg3Jw=,1254.0
consensus_latency,boewEhja8H8SCibQsLfRTZtG30ADSEJHANxX4GVqFnE=,1247.0
consensus_latency,sw9ZZjsFlSLvMPT+uLL22tF1WdV5a7WCI7NU6HvaNAs=,1247.0
consensus_latency,StIhPVoYaEzcPJzFWhD+BHvEV7Hj8g51vJ+oJX22BB0=,1245.0
consensus_latency,v9Jtj/iGhC/fACr9YWL2vVEkSQ3OU7/I65yqG3AXaY0=,1244.0
consensus_latency,4DB2I3LVVH83Pcyij6arAlqUvJLPN6zqSQHDzvHn5K4=,1244.0
consensus_latency,PhL9aL8IxvEplxl3FPieBomHjwrkSY3Ed6GAaLmsuLY=,983.0
consensus_latency,QmQU88thYSm4T+RV/vnk1KlcSb2Rmgasc2prNLTS9qY=,983.0
consensus_latency,mEjqNPwlO4SeB4jNa77SSINlT/FtCE/r3hTm2gdT8K8=,983.0
consensus_latency,x4jTvmZsxH0Low6BE9/Own4HJwTuFdoKmOMn7pxiv5w=,983.0
consensus_latency,Qcu+C+kO64DuVqVIj5Z0cIkQJxRuBChOAuIH3MmbJCo=,1005.0
consensus_latency,NpzzdOoZdY4O9YpvKXzzES8/w23cBy1DO/dKzXC1z/4=,984.0
consensus_latency,Sxs8Jn4zFzZE4h1PCDgzuEJK6l93WLhuzSX/FLIo3i8=,984.0
consensus_latency,bSXeMCAUBmXY6hQcQVSk/k+LM3UKXCDExh0gw28R4J4=,984.0
consensus_latency,eyDkcC3s9X56O/CFtjBi8i4EpcFKvKaviXW8+BGVGhs=,984.0
consensus_latency,i9u9sKSy44ALLSXCReYm8jrk3RffFJYe0J89bZl2+j4=,984.0
consensus_latency,AwJV840ZSkoTaS8Dc/5i188a9yJCQDcYaYrL2aAWgLw=,986.0
consensus_latency,tkUlSQBKM80w7vR+bY3up6BbYvQbZCNRQJK2U0C5VlM=,986.0
consensus_latency,xjQOQ8k/B2pnhX3237+sew8Nxzv7sfQkk8zoeEFslTs=,986.0
consensus_latency,ynWTHW0k8rZvR/fmLkWsMXW9df77agIPpw6oL2OLBoo=,986.0
consensus_latency,h5aeLjucbJs5n3iJbvE6Q22OZ2qZdgEavWjtEKrGE+k=,986.0
consensus_latency,jOh5zj4jVjqlLRZWW0v/dwCdN7zh1HUzqsg0SblcZso=,986.0
consensus_latency,uDIEIo4gL4/wncgwbw+c2eBOney0nyD9MdNF+sUze4A=,986.0
consensus_latency,vIeYK/Im2J7O7X3ESubanAMOro6V34JNVuxrd6ZqYbE=,986.0
consensus_latency,DLaP9D2+mvMktBnKCaOUKCjsTKdmLAq5QiLu/5rF7gk=,1000.0
consensus_latency,EZEh+rysY4L7u3ty1v5/4Z41LR7z6t6K+P/ZvetFzmA=,987.0
consensus_latency,SnQsT+pK1/zX0Q2ZjR2hP1ilJA0THlgGPk+Xfa9y2UE=,987.0
consensus_latency,VgAQ67COQYnmUoGVY49ptWkKexi7oScwQ1oC47aDfJM=,987.0
consensus_latency,W9XBiJQlrWaSsS1/M0yZf6H0u/jU9+YKWNATykgnQw8=,987.0
consensus_latency,kkplw5i76Ds1B8r28d0EZ/2kbYjzyu9JtC9qQf9ie30=,987.0
consensus_latency,AIBE0LEwbAfH+zRn0QQrZmxdpeVitJCuIfLZzwUOiH0=,1012.0
consensus_latency,OS3Zhhg7cmPPs9GU6M8uSTZol4AFxeBo/pZ6mLctMes=,1012.0
consensus_latency,jAcdPBYveC5mFmNTn72HJ5BeTnxIYXPQ1h45DctFY04=,841.0
consensus_latency,pv1lg/PiFN74VJxl3DR9nZH2QvqfvIc7C4NASRDCeq4=,841.0
consensus_latency,vYBYo13IepJeXaa5REgyTEG190KXwaKRHz5ZEU6l2Ug=,841.0
consensus_latency,731jdPST5MoTTt9KNL9mD16Kl32PHMxj20Zuwjl4/0k=,841.0
consensus_latency,cJSxLg3I08mX3RHro12jmyGqcPEDvOs52/vbRqNRDOE=,841.0
consensus_latency,gDHmL2gqG2smsfN1DaoXLWxFPy496LDqCLsh3XgXdEQ=,841.0
consensus_latency,gaQD+PISvJqtTGy7uSg5cTHyorAaPZWzH8JT8mkWbac=,841.0
consensus_latency,s1bW1NbOgBSqg7h6gsI40OkH79gcRj/F/BpLymUlFkE=,841.0
consensus_latency,tB+w2sHxJxAwAUlZ4oRr2koULmbmVDYyDE4GkDYpZwY=,841.0
consensus_latency,BEMKuhAC2i5eXG4YFXKhuq8PBNiNzaUd6V446RdMpAo=,840.0
consensus_latency,CvXEz1S3xYiKODGJl0RjinEKpHmCvVPiIzX0CEja3+0=,840.0
consensus_latency,D3JeiKLAvYefcZp4QflTYTRBYRRD/d6EdPqM3ar2wYU=,840.0
consensus_latency,IfrHlJ4WzKJEprVM7EY51q6GuxlS22K/HKADHCYEYSM=,840.0
consensus_latency,yqpHcuiMIXZml2AZc6mI+cm0v+AX3o2ZJox1F8vDFHc=,840.0
consensus_latency,faoAENhnNBLEDAmX+J8eO/ORcpz1tiOYMtpwCkOtzRo=,787.0
consensus_latency,idCW9ETcloCQUN+W8QTahLnXJv8/Dr/Xctlwcdp+Efo=,787.0
consensus_latency,q4dCep628P2tsk+mQM03TUV/j6OUJ63RL9kY30WGxHc=,787.0
consensus_latency,7clHJce0eDMyUOmye/XZRebHMz95qI5m1Z85eAnHlKI=,787.0
consensus_latency,Ri8n7mRE/3dY33+htfM2n6qbUbD8vSRwSnKJL1Bs1DI=,843.0
consensus_latency,WVkoj4BTxS9R4ko90+wsYyMbDKlDqCBD825vAhr0Y0M=,843.0
consensus_latency,0tbmnftGTDXhiYa4l1ko8NOqJXUwsp5bQowiXs60KHg=,843.0
consensus_latency,NHIw7/ycXQnUuGQOTph71wsTwBTxrLLmiTImnAl3Oi8=,842.0
consensus_latency,hb8A4+10b/swKCXjHuS2FeH4Xvk4W5GbiQyYym4Y2xg=,842.0
consensus_latency,uj4lTHXCBesHZAxzi/zbXhwQB7ikJTJgK8bVJK052gA=,842.0
consensus_latency,5ahAhSzoGTNX7ww5nE0DI1O8rbK4mopVECEv1Z9vvIY=,842.0
consensus_latency,DWH/nkOgaMOu4nRW1H1VHbSrS1pTsdBABjYJZATBEQ4=,842.0
consensus_latency,NzHleA51mwuLfCAmBeLkw6uN8S3qmX9LCMRrqlPWYfA=,842.0
consensus_latency,U3KHmuSRv9hHX+1oqzHlu/cQjZ2PrpjIlcz9zTp4pao=,842.0
consensus_latency,c+pelfAVa93hYnGJXVT68DGLgd2kx+58SjE68hrPYXo=,842.0
consensus_latency,jfBgxnc270ZH/B45YPh72Pec/Ke7a5IJ5wMzH3BW/Hk=,842.0
consensus_latency,wAJdIvyEWy5h4Za9g7xJy/Syd9dYw7i/Enlx57fbyPo=,842.0
consensus_latency,Q3EY7huQgPuYEgYaOEsmGJMxy39W82Ga8v+iEXT4vog=,750.0
consensus_latency,hAtW+Po0gdeRT0mJZfy+fcnbRjxWTojtkYEAgM+7YmU=,750.0
consensus_latency,oEfhXeIJihOSPdZs1AoZTvtBnAnYJLYNl3IlYqci0/g=,750.0
consensus_latency,zvZyDKgWSWrmCQl2vncMk0n9TDEtVW2Frt/IpSqdhow=,750.0
consensus_latency,EBou59t+QMgCQTAvrPl/bllUo3w9HmV4QRMmQ63GlxU=,780.0
consensus_latency,4aFdjdcNZmi2pcNxk5Vah6wgrmFi2i0SEyia2Uz7NEA=,780.0
consensus_latency,MRwvc0v6NYqIvCCSAqcPhUzPa9FymWu5+jklmEUCjAo=,748.0
consensus_latency,PusAbrX72kiRFU2sH1qHe7oXCBHogpiMdChbN/CW4O8=,748.0
consensus_latency,UhHlELSfcQb3kC4XDZmxsco5e6hUReUwDsREOjoqnWE=,748.0
consensus_latency,mImD821SLIpch5mWG57k+RHDmM213gdTFVinUGPOHVI=,748.0
consensus_latency,AYJlq87MVFt+TDY1fywx7s6DabZ1f+Rx0HSNV71Xg+g=,750.0
consensus_latency,KzXr7svEH9U0JUMpM5Eud0thmO2EhqoJbvZvOVjQFLU=,750.0
consensus_latency,OHtFpWpiLb/8RPVf6hEDkjFfAkAW374Ss64M3A8W6AE=,750.0
consensus_latency,XbhgLDxuR2phnBzaheGzLVsh3+2/VzgdhSoOp058kqA=,750.0
consensus_latency,LOwR2DVN9pmyIBo3Lrjj7b+TEs0nMPuZ7V7K2ZCbcQY=,748.0
consensus_latency,bsGhJtPkAP7R3LkU9yW8d9E0DnzVi5/eTvFRDAtqBjE=,748.0
consensus_latency,mtz6EEw9dcjW6e47gbfQu72wSI4NnqHW8PtuJKRiV7s=,748.0
consensus_latency,tIZ5f5lwVqPwM2eLqVcgyYcEMpNKigR7AdjVXGCWhjY=,748.0
consensus_latency,zVkMaCTtQLwSUUvBJA7ccZbduher4Ysn/w87W4zq1ik=,749.0
consensus_latency,8wlfwweNQ02K8g+ZoAlTvpzHUfBRI65UscWBKihN7N0=,749.0
consensus_latency,lDCVo+g2QFpEsv0fTlJbsvjQ6ouXIQVynk0gKU0Le+g=,748.0
consensus_latency,uWwMJhAPtQukB7rvVvDCSbJAsrLpPZbzQLmy83kGHvE=,748.0
consensus_latency,xlYJTzxXjxG2O9XfSi0WIJ4NF6QpiLjezI9vrIDc5xg=,748.0
consensus_latency,/0YqeEGEsGjxNkSOFUzXfvcPSSutXDHqj5AYiTg67Zs=,748.0
consensus_latency,MlmuRuIy0L1L2rddgiDJ7+t0zUpdDNwRvwzXqFOnGeQ=,754.0
consensus_latency,SO0qamIWRVC2Exuhd79aCFdG90WWwh462yeUHVMR4ms=,754.0
consensus_latency,taDhnmKXn/zt7d1uxlOb0+Ix25gV7xsW68G5uYltcXQ=,754.0
consensus_latency,/ru5a8p/BSOomDQzFtEFAGT1D9Hqxx5hS2jHxYRoN2k=,754.0
consensus_latency,O4bG5ZSvYQDfcXh2H7drEtSJLwrI2ru3u51n5hay2u0=,542.0
consensus_latency,ZkV8Bux9E6hs63ilqO0rlFJ8YX2mXgx4tROWmmX275I=,542.0
consensus_latency,3eOuabLmqr0CaYtpA5pt6L5a12IZODq6keTkb4Tkzno=,542.0
consensus_latency,9wb3j7KpSxR/6hh7Aw8//a8XIKZC8M+9aEeFbgPL1Y0=,542.0
consensus_latency,CTjZT4hUPqKGfv2j9FuSa8rffvRn6iE8HsfOB361sZ8=,1104.0
consensus_latency,Eevdi4uRZ5BRQKAjBCoUsBV/4J+Jg49sYO2UStsSttA=,1104.0
consensus_latency,LPvFSHOnggUd5LO/ABaPEifAkGka7MEc7zXQEJJP7r4=,1104.0
consensus_latency,Ti2wH1XiX54LjGijwgWfpuCUc2OXXZrbgxx5pAtYIu0=,1104.0
consensus_latency,cD7v7vwNiO1lfpmkb9rZ81CabE8/0/GNkM63gVnjyKs=,1104.0
consensus_latency,dBasDN9n1RQljEihoUOdLCslfvRQcIVLCY/bPvM1TCE=,1104.0
consensus_latency,RO9+Mpzv95wgZorVJRGNgK3YoMMTOsZgMwLtoM48vwY=,1106.0
consensus_latency,SaUa6ND638yualeJr526U4DFVk7n6k6JqYKnxKUfVuI=,1106.0
consensus_latency,tBdg9cAcoFt+vxnWqJqKmJVqd7SB75RLK4x8rcHjF7M=,1106.0
consensus_latency,44HeCe0+Myfb7LFO2f1bjWcU7+xzQPMybAwC1VggJz8=,1106.0
consensus_latency,lIRhjXR34GMfWi6tN4RDWkzwI583b4mec09NC+GKcGw=,1096.0
consensus_latency,SWhG4grqI8aR5rhb/dZFV8MQSjmM6/YrKqo1MLVFMKg=,852.0
consensus_latency,ZJxbiSVKkotLDJVLFQh+vxrdL2bHgFTJDykF/ve+aBk=,852.0
consensus_latency,jh0ERIyPq4otoqmFC219GCSWLOof4N6GPn4/1BGT8yA=,852.0
consensus_latency,t8lawe/IQq/Rb6BQV84madLn2xG+HlEjrdu+66kv+Y0=,852.0
consensus_latency,JT9B8bXUNiwmizMDFO3mj7rgTsR6uExddeIHi2mrHy4=,855.0
consensus_latency,RZ7ECGWZXhYUAKHEBqdLnbRn8c6qLSOJCmpirrqIS8o=,855.0
consensus_latency,cAy0TMONEyOSwIh9E25sYjTLgYO6Unx/bhNj8jDxfjw=,855.0
consensus_latency,j2ThPX7tjCWl1avAR7i3p+P6+MXnUMCQIcBWkId8950=,855.0
consensus_latency,7kXlIXprGdU9MZ7Jp8hdCxqtVkH+52HeR/J8rfS1UoQ=,855.0
consensus_latency,HbOpIcap7YJYgUvmdCxB0q49pDboZ8s/XoB031XaQrA=,852.0
consensus_latency,il4IcHxbljvreSemQ9zlEk4UrbNZ7ugtN4mAdeiVA6Y=,852.0
consensus_latency,ve+hVOEc43ngcg/7/3gxgRTDTmQSVd78h2kPd+xk5WM=,853.0
consensus_latency,8x4swHemJWu6dCxEbkfwiUyfCUAvswLD2y7TRv+FUKQ=,853.0
consensus_latency,C3Ic2ze5qM/Jy8Zmi778p4B9m4ommU7ZpOmLrZfG7yc=,856.0
consensus_latency,jHobxUjyhtRe+trSYms4bpMGy/x191+fZHWbcoDPeYo=,856.0
consensus_latency,tdSQv+tHuBOzxq49rXVEAmEx8OQgsbVE/FOdwyzIntU=,856.0
consensus_latency,zpWl5cnodaCSF6wlX/gRA8jjuphEd0kxm3StUl1seGw=,856.0
consensus_latency,Q0ZAQbJwRyzDSKg8MVAlCjglqAjELg+JYM/nSqjzWiw=,862.0
consensus_latency,bvjp/aHjVww9GczvKFKhDhdfbpJihdumN2UGsVumcuk=,862.0
consensus_latency,dB5068fnjK1TxOToxfAZNii1N24gIvqGCvXgawjkwjc=,862.0
consensus_latency,JEr7jPcDiWP8mexKhnLHhdFdGCcql8Wxax/HqHPs6yM=,850.0
consensus_latency,LcJGIFY4o6/cinEH1xheizZorLQ4BCIT2bTQIB4kleM=,850.0
consensus_latency,tLay9CS9erBHBDDiJuo6K9nNYUIVAA1bFFwRWiqnJps=,850.0
consensus_latency,+1eqVb0GNozZ/vNWXWmH/dQALIbfX0nZg/kNY/5ll1E=,850.0
consensus_latency,GgDVC2+6yRhd1qpnQJ0bquOJwlzfy4QiWx8EKtAgenc=,856.0
consensus_latency,bSmfivzGNsEOZRP+ZNHbnUkWIwGr1DSw9ujTynqt/ys=,856.0
consensus_latency,zj26/UfkXSQ4qxpew8U/AxnfDYAzJ2Z/fU1lvQa7h4M=,856.0
consensus_latency,3+wwFIEj0Tuj63POCFB7giYUrNxsO0HXYQGvR/Tbh+M=,856.0
consensus_latency,OGFt70vlPS5OC6G8HDrmIbxyoRzvGmVCDidt5HR029Y=,668.0
consensus_latency,gIzq586nUh7zOJ++pWGlChPMlGjb+4C5wH/r9kC8vMA=,668.0
consensus_latency,k6EXwKI4zUn4yFl5YaB8pNRvxtXK4FQLavu3Ujj4s2U=,668.0
consensus_latency,2Uf00GKZyfmuDENQD/pUDot11sGOODEVAhoYPOSt140=,668.0
consensus_latency,AJA7Lo6jcMBMjYYlU3GzMmQjOxxA4JBKwjWLTjBKy6U=,670.0
consensus_latency,CJuCK00tQjO4MtH8zvj7rWkTpH7lgjrHbIK/bJl2UYA=,670.0
consensus_latency,H2GPnRx2kCfmZYwpXPqpayXN82Sjeac7da29603PPeE=,670.0
consensus_latency,btuT7ZuSmB+BkgqBWscq9GcH2E7EYlr3I9MqjVN6iGg=,670.0
consensus_latency,zKGpBr3pOTIGajNcX9TGwAmXFWtv1OW2LJ21p0AV2rw=,670.0
consensus_latency,0CFtejMJeYLsRgnb1IwV3+sfIhgHTt8ji7cpX3jqnf0=,670.0
consensus_latency,IbB1TAz/AhiR6POLx4Wd7kQC/qJr5KCdxztYWMDT2XQ=,667.0
consensus_latency,Uvy7t5zIv46vxSVq/k5fzQEbE8PNxow//yZsUL30La8=,667.0
consensus_latency,o/8u86dB6yOAZGba4K6JTLHEMpbqjvqhBHxEAcT0rlU=,667.0
consensus_latency,ynpz3XwHxJTB/DDLG3Fr+4PUL/fyRAEhNPstOsGiqEI=,667.0
consensus_latency,8CQozHNuC8bZrlWNber4Hgp0o6gjlBdJwAhoeWbEuuI=,667.0
consensus_latency,IzpO4eb2ltfTFUoYwnPVcWktsiyFdGuWegA0mVQksmI=,668.0
consensus_latency,oUmeMyLY6yU2VHecY8kPKQYo7h6sQqzY0KMjIpTFJLM=,668.0
consensus_latency,2rO694hOi2V3fHqJm7hd7KVqgWeGGcjpHFoOGBbLMY8=,668.0
consensus_latency,54e1sxMLlQM4ZH02ixuhwNxIielwgKc4w8NiU86Ur+M=,668.0
consensus_latency,DRf+A6tHFDiEIKN309ictF1aSqifVuwMfbXsRbryQLE=,613.0
consensus_latency,bmMXQDvYKStgSksudLwvLhwGIsmb4sMaEnpzUIz1Jcc=,613.0
consensus_latency,8Vw87FG2CKumLyI4BgEwmAIMyrPw96+5nRqnHVu4lHM=,613.0
consensus_latency,OP6iQafuai4CvyzMw0HRe9mkXvPqEz7wmt3JopRME3s=,666.0
consensus_latency,Rc41Lun63SqiAPAm/ODmUVUJULBNYMV68qNlAKb6JGE=,665.0
consensus_latency,rezff3dhNkUvs2UARrYkC5F5+IxKIxenNGQglJRbvAk=,665.0
consensus_latency,0NqRiM4S0zibpVHFmWzJDTo6t7Iuz4EaC2PKBxp4VoI=,665.0
consensus_latency,AMsNvhoRPHyTt/R651qDtlAQariFPB8mzc+rFbcpfMc=,668.0
consensus_latency,EwXlkn82UxLsPs/7A0eRD3lhfsY3FNz3oagP+I36g3s=,668.0
consensus_latency,Hq8QYtX0Y3iEkeltNOSfDkib+b6G+nkCbzqexjg7bbo=,668.0
consensus_latency,J4f08acOMiKZKj+UtPTr3Jc6kD3TPmEN7/TP7pcnF4M=,668.0
consensus_latency,Lmzm8+hT6D3uiTrwcx6h3VzMKjnMJBjr9LLHuAsu1zg=,668.0
consensus_latency,PYbReQUz1c+2uLrTzvlKtwcHToVHh1YstNol5yKfWgk=,668.0
consensus_latency,Bh2hFEg8oi33yRfpBL9PUway7G5pFEH0hKXsry4B0HE=,617.0
consensus_latency,S3NZvHL4T/5S1scRoEeuBWtBYnt9XfxUmB8OXBGjhMA=,617.0
consensus_latency,kAgNtXwurggu0j/cWvu0BiUl9MbIu5zbnJMN+/gVg2g=,617.0
consensus_latency,8dLmoFQNe2g8rnso6wHNQV5WLL2txAWgbNaUAsAOaYs=,617.0
consensus_latency,au3XEzRi6iHJuEllnvxJs72n8nLKdWDii94tO64j5Wo=,618.0
consensus_latency,czHOxN3GhdKf3rthkvTpDTwDc6DQDwNSoXRxJYvJS5A=,618.0
consensus_latency,pX4/VPGdHpGViPtd1/xpmuiS9LORwQIUsnBxXrfySh0=,618.0
consensus_latency,0BlTVkt13BzYu+qpof2gHjHKsxLzyr188gx9Bm+nRqU=,618.0
consensus_latency,4nQ+b6Lo1dcJ1vXmDo7Tsr7/YW2ZHWAF6q1fKi8qB1Q=,618.0
consensus_latency,QYNrYsvQSHEsMImsxNb83rTA0zhL3c1C+ekkXRFw4FI=,615.0
consensus_latency,R1bwR0SvJDGzL/3VzePJQpD5AO6nkSxaBQHIUkhU7TA=,615.0
consensus_latency,jN8TAMYbH7d9MA8A440v1U5NHx5r0zqyInIuPXb9t6o=,615.0
consensus_latency,1f7CjaCOjGg/9ClvL/OcK44JVMT0RHZEPPUzGFUL0G8=,615.0
consensus_latency,GWwB0ck33xvwa8hz0and2hewRpr2NkSFRfa0TDnqJUs=,615.0
consensus_latency,l/YxYMMTEycJxqwwGPUccAf7kmJQ/5OB0Ry9FXhyCZ4=,615.0
consensus_latency,qkrEUEvjldRhJhj6jVaUBP29PMxC9kN6Ku9nzHOvQ/0=,615.0
consensus_latency,8dl0WbKG2RPLzwiw/2AmFG2XhRybXB6kG4DWtXb/Lhw=,615.0
consensus_latency,LGe6zZQTP3IyEU6Ov3v2/oTvmKHKy5qtIK7jV/FenH4=,618.0
consensus_latency,sv+dT6dAyerGNlT2RxxJOAtYTFF4J/f/ahs9UZ+OcgQ=,618.0
consensus_latency,00fIWp8agk4CoWhC8E7MwfE287V/vhivhTF5uD7LKi0=,618.0
consensus_latency,5u7KjsLnVG+eFEdq1UIlaVTdfjoZzjUAElpsZM1jzio=,618.0
consensus_latency,9KYQHodZbTDbU93X/B4xgFSxWSKolEezygfCYHa2Ip4=,618.0
consensus_latency,Ix3ggFkUWh/q+t7QBDlnEkVUJ1wUjVLwOAX+6Phjibk=,607.0
consensus_latency,TMggtAzYOOi3upQCwKcBzW48P74uRKHMkvhHC2Voiro=,607.0
consensus_latency,wVDcjFZy8eWqLXc5E5oqICQMmhFNknOK6PaOVitv0X8=,607.0
consensus_latency,V2P8ncLmddq67izoi9CaCaekGefyJOeA0BxnI3A4ASw=,616.0
consensus_latency,f2jPV0RBYzeIHi7SbubFrgRCYqF3P4pZUvAhyQxjcZ4=,616.0
consensus_latency,sLrc5k5q/DfFwbPhd1QTkcbXGM+dgmXxmIUqllUDMgA=,616.0
consensus_latency,xDPpVIhxaj1g9fiKZY7MQGLq7KS8fdw9B/rFu0ty3zA=,616.0
consensus_latency,2ZjsTIFveqTFtVF4fNC6lP+//kp58taZJ3shCFxg6p8=,616.0
consensus_latency,F0cQ22AVqE3aIAU0myalkT3zU+cm48tLWKiCbt1oMtk=,395.0
consensus_latency,IbN4eDPjnl/Hg+l9oE3LyTn4fj5XlM5+LmIJJ+NAnl4=,395.0
consensus_latency,WuQaYqoYjHxR6on5Lb6k8GkATFLygt2Xnvbo1Le8+3o=,395.0
consensus_latency,vcGJTiuCmKctlcdeVeMsTV0vP9RpRWaeH9oh0sZufEU=,395.0
consensus_latency,Tio3ypNAu6MBC2/liDJK3IM/mgI5lLFE9z9i4R6EdYo=,1082.0
consensus_latency,aQPvctLHpgTMuE4TEtmrrQqZqCHjGsiYyyjKUZ/IuYA=,1082.0
consensus_latency,pOta3/sQZ94QY5D5chSI4I8Cq07oPXwApr6OGy198L4=,1082.0
consensus_latency,x0CM9PQz3Q/jISc5Cj26vdS+llBZ6hlcXwZh+N/rqVE=,1082.0
consensus_latency,1D6HNuXK1kiLlBXLznhDtAdbqAkOVVD22iFL9zPh+hU=,1082.0
consensus_latency,/55H6VNmX8kdbfKFB32h0IJMqWUrHJ4vU28AfIGVGGo=,1082.0
consensus_latency,Hv8gpyqqeVg5AJ3bQvWutA8jBGXqip/3UAYH8mvbBeM=,1085.0
consensus_latency,dxZvPPfq0ZvxhqenC35aTAhrifyT/J9F+sFqbPBuQds=,1085.0
consensus_latency,lnKIlKfujuweaV1jkzzU84iFL3m65TkpG97KBD6+efc=,1085.0
consensus_latency,q6W6ou1WJBxMtsajcHltIfz9V6dWYrje+whiT3Jie3s=,1085.0
consensus_latency,82yjWhTDphEHsn4YbhiWZ19QUqLGIq4uuu79VZOmfkw=,1085.0
consensus_latency,Mca00eS9uj4NtO3X5J03RTYZqXnic1NODJl4gDK2Dgk=,1040.0
consensus_latency,mQZB7zJ25ED1u+8K5mUX45lsME5Jgi22e6ELT8vyfmI=,1040.0
consensus_latency,uK+rqpTGcqNAINDl24au/ty5aB/aOP22K0sVlCpr9Z4=,1040.0
consensus_latency,yRW4O3pfTbVSK/WYZ7fG5uDyv1XXPIOieR1mnY2VRg0=,1040.0
consensus_latency,/hNRqYFLEcX3zx0wyCzl8I5Kfj1+YqJak32/5pjhM8Q=,1040.0
consensus_latency,DYvDsZb/xIiROhG5wFFiDxt/a9drzp5kPLO1vMA/Wpc=,840.0
consensus_latency,KpbBaLXH97wYTFPrW6CudL6csAB9j+6cGGA5abjUocE=,840.0
consensus_latency,NC3cdwwI4Tbsdmr0E4ADcXdipNj07QR8R5tJ7CQc8Yg=,864.0
consensus_latency,PrTWAqA3AiQGFXJn8+X6HF8vocqjd3eIlzOzOtJlc6Y=,864.0
consensus_latency,cnIXV7uQ4NNtCOFZMvBAvnJ063KEhUMi/dDSi29cV7A=,864.0
consensus_latency,nt8XCxx+inFZKDayHHAtJpGgLMpG6WYLo0y/MDSQGhE=,864.0
consensus_latency,MSapAb8T+uprfcD0WW3YlVcca7k2YPqKAUnF0TlR/04=,863.0
consensus_latency,NNR1WADGpij1CCnwGO1e+wqj2ny9VQxeAsFcutY1+X0=,863.0
consensus_latency,rvmTyG0UrU2e0R3CR3weMMHqE9Xki6s7XZiOM0Um8d0=,863.0
consensus_latency,6zwrHRJy7pnDrWG0lQOqUM9orlYEBOiCrM5BD+f3oEk=,863.0
consensus_latency,FD+vmCP4KRiA0gugxyZvyoshrd+zJWtwSvkcNw9CzlE=,867.0
consensus_latency,I2FeWb821TAADQ8hITRnd0SeavWrNs6TFOKZNdabEdw=,867.0
consensus_latency,llPVMsFxygJPrPGIJ+gqCja1tGsGyEK/VICeG1nBvJ4=,867.0
consensus_latency,+O6zTXJpkgBArI1ho9pe8llZtSaokNf7n4ygkKQLENE=,867.0
consensus_latency,/yXbdLgYBhXn/Z2/ZWws2A/ucA3P22MVG9s+81kX+S8=,867.0
consensus_latency,Kp2FxDbjA2XNevfCfyCxlUC77KAZc0FI2BQxEXj2Hyw=,861.0
consensus_latency,RDOf22EJsfIA11JcnmNr8ybbxBiqLEX4g4N1ck/v6pw=,861.0
consensus_latency,RZDDZS8jCK7lJTIjVn9Qz3cCblhj6fUE2504/ZksSZM=,861.0
consensus_latency,Vw+k6dJYk6Wd+ny64Br3UVFjBXstRfNTA3CJSKDMLR0=,861.0
consensus_latency,Sp1aU++RJsBH9JepSXSBtxRGoz56JrzKBUhCpm9RsbM=,865.0
consensus_latency,gHcEdMm27xSs82UWJJeKyADVH5sD82nwN9Gp8f5X1Gg=,865.0
consensus_latency,vKXIqh6t5kp/Au0xJtF8RZoGe/sYR9RY4NBSJPDhs+s=,865.0
consensus_latency,1HVlT/KWbMVWsgim3L60wUUWfOP3XvvtHOGdrOfSYKw=,866.0
consensus_latency,DJ9nSkRa7tVqa7B/X1E4lRueQCejvQMgjYcOVu8E7yw=,650.0
consensus_latency,FAXpdaUiI9DXz9IdZc/tF36x7aibvg57w4lHure7nlo=,650.0
consensus_latency,MOPjDJAhrG6tVobEpaUdexs8hGMEUO2W24B7+YNtOhY=,650.0
consensus_latency,+YTCwaexEL0ARqXfoINunA4L2W1qnO48QlFxvRoKKgI=,650.0
consensus_latency,FKZxxAN2AzGgIngahr2+DZN3lBmgbJznljbhM7zkbV8=,704.0
consensus_latency,PUXNkG+Le5gIcaU3/fkQ8Hax2kGnYohEhytq2FYkBSg=,704.0
consensus_latency,VStuL9sxHqqLK1RA3ddqujTOTAru30G5yI7NBfp5z2w=,704.0
consensus_latency,0hEZaTOkqqRYYXmt2ieLus8f6lhKsT3tb5FJffxkJXU=,704.0
consensus_latency,VoQ5AeklRLaEEBoSQOBC30E237eABtL6dA3jgP1phkg=,646.0
consensus_latency,hcfz0oJQVSQBn4f+1RTYxuI+h+55YT/N+NGikwYVky8=,646.0
consensus_latency,lKg/NzcHLOlIBEBl4Y2aLui/+aUWjF7U9KdNMPV8r88=,646.0
consensus_latency,tMJ02ilY5nmVSI42iFeobQkI4Z3S67uiq4DsJagkLFQ=,646.0
consensus_latency,TWS/TgY3KQxm2P1j7zD0xu7F6ABzPYlS4JfF6gfWt9Y=,702.0
consensus_latency,hGuoln3aHeDRZKQif0ZS8E90Tec+bzQ48ZipkDEcrSc=,702.0
consensus_latency,we/iuuDKuho9NptgzVRCkgDk+eV9n+htESw+iUyGRj0=,702.0
consensus_latency,8M/KqvnzJLWO9PFApWh0u8S3YEJihdea6VUqH27C1Ic=,702.0
consensus_latency,AJKAddlpXLROqi5lqrX3Kis2os4qKvQx64iKK8HrbBI=,703.0
consensus_latency,VnYZt37IHugpAqSE4i9eCufnbQBCh6bs1yYkjzvx2Zs=,703.0
consensus_latency,ZEmDRJhbQe5Qio8QW2K/5ISbbnR7NTRbJ8CtMU5bjT4=,703.0
consensus_latency,aCEWWmVYrkobejXRUtdNL5LEpOoh9MQbJGl8OdYoMa8=,703.0
consensus_latency,jIk/EOLjOt0I322MQX63ZQL2G/8m1Kb7BpDQulQgaDY=,703.0
consensus_latency,Oo6JreQnQqSB8RB2Jbo79Q5pUBKA34NffGDGzsLZTms=,646.0
consensus_latency,UShrzhsVMFaejyu0kdi/GkWO07HsWz98itxqB1XCnbA=,646.0
consensus_latency,iiNpYQ0eTEAhJQXlEYeGYp0DDLqF8HoKXWKdAR1lYZI=,646.0
consensus_latency,yJMyncQlDhuPX0IKFlHZbYYOLjd9D2o7epKuRoryXx8=,646.0
consensus_latency,LB22ne5hykm+/n4+thPBvVS4fMq3eA/wzT5S0OxYfUM=,702.0
consensus_latency,YpoLhuJRc3HhGNXHGV3DY44MuV5lT7Ab+eUS5Upvtb8=,702.0
consensus_latency,b99lf0pfullqaKjAGN6zQtfEfNZ0+pP+hRvoH7+jhjI=,702.0
consensus_latency,lBP1J0mgkgWF1/zRqIcanPcWZcs95xigP0g6d9KUBfQ=,702.0
consensus_latency,W5Do2R/G8neUxx+KODUoWw6F8j6KCfax+AlbaBwW9yI=,705.0
consensus_latency,e2QPPfvEifJLwsksjJuNsZ6wHeHB84TFLDAEg+B+4BY=,705.0
consensus_latency,tjCkUMxNI9cbOrBLCS6MjqbwhFIOeHPSknJkoN2LkoI=,705.0
consensus_latency,4O642cDVXrDbejquYzmltXQcdjKGTKMShqmMv/mS1pE=,705.0
consensus_latency,b8rR12737XOCaf1vhcqDWts52YFSMgor0NRV+yDGuFk=,704.0
consensus_latency,kxSE/ljc2Conw9gpKcJBe9BxvNGmpkxK9zmIxKZ1L40=,704.0
consensus_latency,5RilSym4TlMh4ISRXj5Wekw6Eek4hCK3o0is+Wk4DMU=,704.0
consensus_latency,5YE4J9W7JrUURt2Glfi3WXVpFn6WbiUfapfg7n2HNZo=,704.0
consensus_latency,JpOi9zLAsx0iMjrHi3nrHrZgYBOKukx+iqDx3/eo9ik=,593.0
consensus_latency,SWz4hMjZRlR/adh91P4L6T+f93GPAE/WSIkL65PG2ws=,593.0
consensus_latency,SuyrmWlkBC2Ewk3sA8Mnlh7NBMGPjgh7h3mH5xG8WjI=,593.0
consensus_latency,cBFT+6GaXAOgdyer5kbIaP1T8m1/Nfx8OYWPvK0lgrc=,593.0
consensus_latency,kG934BL8TAggBv4hafxyms+2sx0o8JxgE93i2AnK0ck=,593.0
consensus_latency,wpfMNajUAnCutRl2ET3T1e/1Z6rHNwrmaNdxc48n1ME=,593.0
consensus_latency,J7W8/AZ6BZ3l8e7JcgEfrlYDX3YmExng8M5I/g4eZGw=,591.0
consensus_latency,Mb5hkd7NyS5QAcJeh1hCEbNmZ5pz/u8w0ZG7wS8Ww/8=,591.0
consensus_latency,Tjt86gkeYzsiPkAlhxzbgHbNF1AHhsdUv8aK1wGw4ZA=,591.0
consensus_latency,psE5KQc1QqP/mam31toXNuGkgJZ5EdHaEFbHkHu2oOg=,591.0
consensus_latency,43dYHGfQTQrEk06wk1GPTZxbdbWOJy+Tk8nkr2V4ZuE=,591.0
consensus_latency,45QBEikL+tcEQ+dz2vlKppsSw0Ed8sPa5Efr6wwzs10=,591.0
consensus_latency,GFHcPnraWjjAH2J5uH8IidrWdkbWmYU4xM647hKulgI=,590.0
consensus_latency,M93eJYbTR4VsqX050g1zHS6NJXnDNebpOIxjyseKzQ4=,590.0
consensus_latency,uOmJ9oxB1okywqQYkQP1gmwKOQs+YkvauxCUAp/OZ+8=,590.0
consensus_latency,0dCaQKUuabrwRhdbyZoBSMkrEuVNZAC3/SJEWDTQheM=,590.0
consensus_latency,+ihbKFGtv9Y0I2GuE3mqUDmv4vDqMNk+6haYq/xZkfU=,590.0
consensus_latency,e312M8zHE0Lsc3O3bEtbwXhgnRqj+L2o30nz1xSYQes=,592.0
consensus_latency,iZOYwPvSkfdt5o5ksq2/DRzBVKB/pKwJXquZivkS7fs=,592.0
consensus_latency,nZ2xZJuR8qyy+paEoiGlJLv0QVWN/G4nIwXPu7rezxY=,592.0
consensus_latency,vLxnAqJTXDySWsUme+RfKMt7mTrxaqmmocXsgub/cRc=,592.0
consensus_latency,yxLYa7XmYQU6Jz+OWs+mrWAucgMCxqcvFxv1nE7IY7U=,592.0
consensus_latency,1TyErzCAS400BEqfhqA3O/vwzNPqL/I6METnTE9c9yU=,592.0
consensus_latency,DGTba9TZESDKExrGWvyqmZTOueB1kWlP+CABBTn5QPA=,594.0
consensus_latency,XsNVX/zUuRAu7VgqRjRfqYg7JOo3TATDlKhKXtWv+lI=,594.0
consensus_latency,ZUucIwd4HG5GSQgi9khhATEsqce6iGXIQzr73NTwQ38=,594.0
consensus_latency,oMAlwuyPEg6nW8VgdyJQM22zbhNrXPnRyl1ExOVkMM4=,594.0
consensus_latency,/JiBe7xdwna+JkXqwfw+zhVeWO4oSqboNLQ0cM1mZaE=,594.0
consensus_latency,G8Cd7qjddttnYWFH2DdAm8SgduTl3+0/9vouvJMIQo8=,592.0
consensus_latency,YwOzUDbBNqNM0haFCqY9j6OsyFAWd7lpV9VGKbTubuk=,592.0
consensus_latency,aC0aIUDRTALSMZfWadVNg/Xx8azdqCVCHndl6zsvbJ8=,592.0
consensus_latency,eLC7KXifZ/crdXzbThRet5q+KlwaMCdKz6+kHdyVdpI=,592.0
consensus_latency,l0ulwtYCm5NRtlFYcU9O6EBbX+IdlVc+/Kh+98QEmYQ=,592.0
consensus_latency,AVGCPlv+UeWZTMMn30NjMTSupetYm6PeR45/CJkKemA=,362.0
consensus_latency,MjEQBoINGQG73b9kuuNX3hwHIaja93tNnmVGpHpcEKY=,362.0
consensus_latency,V9xMWZTF6xCDidjRH0f4uSPUTx8sqzVG9s8fX/zPLBs=,362.0
consensus_latency,v4tnZzDjnN4TE9QfqE/Dz14t5beDLozlOoXiOOJmTOw=,362.0
consensus_latency,2E/nVuUvOb1mBSSVhLah/Z8cPae1SnwRSbPmuhv0J2Y=,2248.0
consensus_latency,Nh1XuRPIkAI3K+E4EucUM5ZPjGUHmFKqK2UMAGjEEOo=,1734.0
consensus_latency,YTxRK/gA+51zG7ZyqruUCNe2I9Dlarv8ciPImu4dcO4=,1618.0
consensus_latency,oKE8nck52cYEUc96pY3hjgy0jOYZlNKiQKJV7je1IAM=,1619.0
consensus_latency,DddD+YcHTgTR2SYs68S7awvBnImSZr/xIcLQK1BF/II=,1617.0
consensus_latency,YEaaewGC7Vla4ddQuvOMev0WF7VzKWdE7OWAdRofQwU=,1617.0
consensus_latency,hgST51TbcGGwlM6WCR3s+Feqz2QGPXRZ0r/y2ntbssE=,1617.0
consensus_latency,4K/uM4835ftMFSDhA0YSopSJa0YAIOHaKvPcDRwY+tc=,1617.0
consensus_latency,QSv7HPN1xeCWpaNEJ4hocMGUuwXh5k/qD2f5JQKc5Hc=,1350.0
consensus_latency,UC0+r7ZSqYb7UQUf0JJRAqQYVGqfz2SStjJIKp4zR7k=,1350.0
consensus_latency,pkrnyiLyAyoUbUvAQpMcLNynh2Rr2+GDGlDtpQJ+FXM=,1350.0
consensus_latency,5B6CuJ4p6CUbYtSeXl2MtVkB7GNu8s2/kKpMSi0rNxQ=,1350.0
consensus_latency,GzdgAs6Yw39Q+Udq10dPIE8XbjPvp1PcGU9GsoosBCU=,1350.0
consensus_latency,WO6Z0Jd7RVyHq2qHpXsJqtnSlDjUDuazG+BH+76oJwU=,1350.0
consensus_latency,Z4wNSA5zgOfXb6IiahpjHgPYIf8+bZL7jvxYSn+7RQA=,1350.0
consensus_latency,syYRj1TypaSO30SiKFhSkM4KE0niwPTrcMqQW3SW59U=,1350.0
consensus_latency,/2v4SrJel4nUs0/MlBhs73zkrrGB1tPCd5V5OalHRik=,1350.0
consensus_latency,O3x6mf0OFluPNjI9wyUFXXM6crdTe/CKFPZKXgkIPjE=,1349.0
consensus_latency,PLQ/nnAMZjFY7TmxckkU9lbNQU1zedAJXcBjrjdN2aI=,1349.0
consensus_latency,2dJZNBIIhoTK4Nl1+r5arYclGE8n4ipJhDtEoF6phH8=,1349.0
consensus_latency,7EkSnZKvJTDQPVuYg5jaWa995m3J0CcGMckDO5x+cjk=,1349.0
consensus_latency,r17/0kFx/H4i8hqVy73kNzifFyGdXFBbiWrC3qYfpHg=,1402.0
consensus_latency,w5MeIdZxMI1ADu1WcqOU2aE6arpOnE7QZPaVBmJ8yjI=,1402.0
consensus_latency,+nrFW8eul4AuWgaSn8K6wP0dZxOx/Z6V9GnsnvQgh7s=,1402.0
consensus_latency,ZRYDjgL6OtEzt/2sv5cNCAsnOunVUAzUHBKuL3if3tM=,1349.0
consensus_latency,edhFZhO75f99S0ORXEYYtEn86GOpGh6wsW8L1CSV0tM=,1349.0
consensus_latency,iFI6ZwZAjLAJCC+gwt++zI7F5URIwndLxnui245Bh+E=,1349.0
consensus_latency,r1ij5cvbXqE99rRx6Zz8mzeZugXBSjARVFFh5RM8ujQ=,1349.0
consensus_latency,NwgQgOZ5yxBEsZr77a/NFZBH0UPJO3a7kdfkEyFbvq4=,1352.0
consensus_latency,S+h9/0FUZqsGHYZbTS2p7ktaOWDHXoV9WTO+zZDj85I=,1352.0
consensus_latency,do0P7EAuQxtMuWFn1BuaJOR/nw5a56Y0C2rtZ5REoX8=,1352.0
consensus_latency,vwNId4ZOAEuKYcyCEXce5S4ZbZ94Q9uEp14+YxaC0Yg=,1352.0
consensus_latency,7zTpj25jF1dfwbfhIUj5+30dAnYlKpVQj7edxDdKml4=,1352.0
consensus_latency,HrAoaJ236VSj4pYIhNHzT83HXIBhUWp//z46rbWFN3A=,1213.0
consensus_latency,ahdFJpGwSTeVIzf1i5j0WVR6BnJOAzjgxr2Xoq/5HDA=,1213.0
consensus_latency,eRP6SakPlyubvE21tUfEqo7rdbrGh6y5oh84s5nQH1M=,1213.0
consensus_latency,e6yLhpYsEWngBe9iUe0zOk/sU4pd+I4JDPhdRwyVpSI=,1213.0
consensus_latency,wwm/p5NwCJuQcQYJEUJT72G+MKYfkhqDuMRlUSrKmhY=,1213.0
consensus_latency,0wmy/iA5ItlFvW+Y8OalWKTk6xq8ZMetQAQxDt52PbE=,1212.0
consensus_latency,C9P4NVyCV0vOYoVryljLpCBBfWCsDYyHW51H4GbwRmM=,1209.0
consensus_latency,jAN20dhOffVgdXa9C/SkaA6DlTNlZjNWU4dryeACKJw=,1209.0
consensus_latency,pohoM6jFGyPjFzrSj/tNF714jcFmiVosMkdACJqracE=,1209.0
consensus_latency,0rMcTQaChYZbowUjexdgQP/W9aVsfMHHdwgAttO6kas=,1209.0
consensus_latency,FesLwsEAdeNB85KLsk84uGb8RDOraT6acBNi3BCtfGQ=,1161.0
consensus_latency,RDvMAtinfkuNRpvyyo50iAFkR0CCYoEXrCfuDtCiJSA=,1161.0
consensus_latency,Rr/VXHu6kC3Cxx053Ib3zNwEB8jduJWzlrtzDHLfeB0=,1161.0
consensus_latency,s15BRUl3U0HKB+JOxQgPdoIGa+81MDNvuHS5zZpErPg=,1161.0
consensus_latency,t5Xl+Riks15XlQnGbF0KJSCO/nhckvf8oaKz61Rkank=,1161.0
consensus_latency,wKM+CaWzgJLplOpzz7qjA3rvRXDvL7NzviUyiGAWizU=,1161.0
consensus_latency,QNR2l5aRvlxehL1Zp9D3t8kUIOWJ0OiGCc/2bWT3Wv8=,1158.0
consensus_latency,b5KS7lfwLVqA20t/Sf9BfHNv3tSHpiQ+ovtDuVeM+HE=,1158.0
consensus_latency,dRGtA5+fdnN4G2qncODnuSOoRXOCWZX9+n0X1r1eZ9U=,1158.0
consensus_latency,y0GKmJ5M0vki3D+5nIyyac1V6IKIBI4waCGigxVchoI=,1158.0
consensus_latency,GpXMNgDsSV44jz70zOQmHAR3UFkxzr6by9tGqO8tYD0=,1211.0
consensus_latency,kQqxWmte/BAfKd9qZpiy4NsLj1VvUiRsn3eorzkTnwk=,1211.0
consensus_latency,3ud+BUgiX0X18Cpm3a9NLsUBFp2DwygQNLQnZU9Vw60=,1211.0
consensus_latency,DVkCqVvvGUBSyYj5eEw6JggUGFz+a5hvP4Gq2s4DiLM=,1158.0
consensus_latency,WyRvbRdWRJz++QwiyaRQy8Yrvy+LtPeYPbhPRGNPNkI=,1158.0
consensus_latency,s80Jq0pPq3HvaBP96rqQGGiArvrYZUim+LkGVl7grL8=,1158.0
consensus_latency,1A6mKVjCcqOpoc5cvocmfLhftA3RLCMHFk2EsLAFYYk=,1158.0
consensus_latency,WM0AzgU2MV5pZy3G9K+6rY+4AMGQOxSuVc4iqY1IhPY=,1209.0
consensus_latency,g1MyDtalJR6mIi2oUt8ANUne4wVeJjOoq5WwP4sOT2k=,1209.0
consensus_latency,g2+X73kXqHY9oI6Bl0HkUCmhN1UVhBltKT6CGIaKiw8=,1209.0
consensus_latency,w8NbDfu478tKUVohsznVuowFyFEMfeb1vTWhc+javJ8=,1209.0
consensus_latency,40L4J66E510GRIPHDecGML82J44zp5asmNqsjX/3tYI=,1209.0
consensus_latency,GGHsqW/ZBux1s6K/HDUA+EeKgmDk0wi3QgEEe85fgn8=,1208.0
consensus_latency,J67KudPVq3tEtxLULxzFM/u8iyLVPUi/06sYh/dzOKo=,1208.0
consensus_latency,N0szo+8jN9BFckf9FoIRem8Zo1kOyRJWXF2b6mTf70I=,1208.0
consensus_latency,cl78sei63b95MwK+ZuC0/L3bwgAJQuzAZ1hPn+T4PvE=,1208.0
consensus_latency,for3V8xjU506kaxWVyCHvxCk7WQfMpQx8D4CMgo8J98=,1208.0
consensus_latency,kuXLEKL7xDxm/5IPF+l8rSbWZ6dwXVz7o4rhxQIA5so=,1208.0
consensus_latency,V/tBGjsSu8vBEwKBdGyIB5tVKxUF8Hr9bphKY2o8HLc=,1212.0
consensus_latency,hkQwZWIVxbPu8rr0vWRxniBP4o08xBiUip/iw1GgjeU=,1212.0
consensus_latency,kuu5XWs/+vQdYYQ1S5UE0a6eaZoOUXaJ6LUSWKUmlyo=,1212.0
consensus_latency,8PprpOca4E507QlZYuwDZiAjnT9L54/yntqu0ystMW4=,1212.0
consensus_latency,Bp+xsYqETaYtCzdb7pHkIPCcvpTY+eKhTlce6TvcsUg=,1107.0
consensus_latency,OukojQJ89IyUuGLBB/mU66uMun7jQPl7FtceQxtfhPA=,1107.0
consensus_latency,0dcgGvdTOgWxHt35XHpT0h19BKHNadLKX8l0nsFhNec=,1107.0
consensus_latency,3er0beJbA6xT4AJjp+JgAl53X3e63FR55td93TDhZx8=,1107.0
consensus_latency,O8CcZj8SpQR1+WLD84mBd+SoscsY2IxPNU8ENagtfhY=,1107.0
consensus_latency,bG4f50jCdUxWB8GbxaBWoOdsvzmIU6XYq5m0bhgCYOw=,1107.0
consensus_latency,yw+G6rBqBiAsoWCDAcGnds3L9nb/msISMrm8cVzCCLs=,1107.0
consensus_latency,0EKEBeh9k3ybw+GEAbqgLJbZ9BYWJYF/RQ55alXXYj8=,1107.0
consensus_latency,++Eiqwu9hHot3erXr6qimg8DdMpH6oUFIIBcW9iYBW0=,1107.0
consensus_latency,LxRDDzbmjKwCkw+3y9Z1o+b69MbHfDaLr64Y7XfUOyc=,1108.0
consensus_latency,QAo6a4bW85KSgzsK4F628ZC5Iu116D3YoOXeZpdwsIA=,1108.0
consensus_latency,RCEPDSAjSnb3ioEUUT8H8dTTI8ghzcn1G0a9Y7NOFTs=,1108.0
consensus_latency,mbN+cP75hcqXp1OChEA5u4huTIyQkgZ7WC54pQNe2eg=,1108.0
consensus_latency,RZsbOfrbDXOf8mDDxjLHyphy+R9wpqRDBNOynDCsDPU=,1156.0
consensus_latency,uCHaxL4Hn3CO4vOTaipHhiWTIiYIbqzUJPtyYGJXzoQ=,1156.0
consensus_latency,uxvnAl9LjqHSfNI6QftNpi6EEaVrcDVO5mntK1CYgAU=,1156.0
consensus_latency,859qDzGT8R/u67nst1vKyz8Tbkyn6bsXJA0Fi901sNk=,1156.0
consensus_latency,bnrSkJMwx0VOpeU98WWiJXZ8krGqm1OmTKfnz+T7Rnw=,1105.0
consensus_latency,tDzsNYBIM8q/ZnwlUhW9J2LcOUpce/w9faNwr/V+BGs=,1105.0
consensus_latency,zPgWD932ABwyzLk7Hn4trQcxNdJMOAETwOL2pYcwG1A=,1105.0
consensus_latency,/sD8Oq8nvJrm0cbQDYxsNkh1SJCrsLxaazkk68SJc6w=,1105.0
consensus_latency,GYhz8H/b8c8ShyvmFmmO4x0GqdOTXVNVaMpLvt2sF6c=,1106.0
consensus_latency,I7xOM7tBzKeF9fwsp+acSpgVWJPJ4JnvHujiiDhvQr4=,1106.0
consensus_latency,WsVt/w5KkGXjTVqN1+tiQHJvqhvK6HagES/PaPBMciE=,1106.0
consensus_latency,je85W+Ysc88nbURNSRcv5NQeoSwU4kxX3DC4q5rtRtE=,1106.0
consensus_latency,V8QRIfI34rI2bQzrq2cyYI+IMD8mO1o3h5XfDi2iX/4=,1105.0
consensus_latency,X3ab800sZxEh2cQhlvzGGjsfm162XGn5A7QE3QPt+hM=,1105.0
consensus_latency,dlyXwUyEBhSiK4tFDsRxMYQzCsYSoKTgGFffrnu+qV4=,1105.0
consensus_latency,lJp+M9uV18D5yX2+GYDQybM3R9zlwY1JMLg0KLOHKI4=,1105.0
consensus_latency,5D75MM1oZ6KSI2HFSdXJzqQ9yvt6y4EZJJvrs7knVr0=,1105.0
consensus_latency,KH7xw6S3aWp+qx/ilzB7TyTIpQMiz6Jn21uHnSfFDog=,1152.0
consensus_latency,crCCyD6kTKEv1vOZ/hAobDTb+heIDh8BY8EaicjnEA8=,1152.0
consensus_latency,ffx+ViIAz4wHed6aoeymmXpol6584HMk6jaBAoEJS/M=,1150.0
consensus_latency,l/mRz/tVVx8/yOvOPyELgTKhwJCqAWE80Jxh5Ev9Cyk=,1150.0
consensus_latency,mwmn90rhNk4R5ATpZtxIvEkyrNJwP4GGkz6TifnPGKo=,1150.0
consensus_latency,6IOOhEj+lGrjz3O5YGErXDnaBcoCL985c7uaJvgOoZs=,1150.0
consensus_latency,Il+cJOnYXjRB1CD1Ii9kRZyV46RnP0pODE4xtUGW1Ic=,874.0
consensus_latency,fP4vypQYucYDEVvQ+qt6cwOJDUi5TpqRcFEMWa/v2Nw=,874.0
consensus_latency,gFaul0ccEMv04w1hT/M11alwTqSNLVPDM/qN3IB5HEI=,874.0
consensus_latency,kVOyoedQMWI/17JfgibypCMzKX9XhwfvbfcJ6aG7m9g=,874.0
consensus_latency,pp3tmy/46tkHLPzNI0v9zI2DCzTeS+e8ZomGHORT5q4=,874.0
consensus_latency,+VbG6B2XqeyGSYQyEq/tTum1tXgaYSuu4RdGNVPmir0=,874.0
consensus_latency,EDcRHqAnXY1Cn1v6yKfHT6R0YgZLdxZsz5hjKy/Akmg=,877.0
consensus_latency,K+21Pb4nN3IG/F3vHzr7QG98M9vI8dFA7xtbFBFbvmI=,877.0
consensus_latency,dQseysiEcQDBiG0az1dB5ej7+VP5FEdmNeI10kzQJKo=,877.0
consensus_latency,hTEWT8wWHimDdMGSJDozfkiF2HDYLXdvxfc/vSZpAcE=,877.0
consensus_latency,jzWYNgGO1SxlNtE0imT8+zvbTKXBY7hL0sE1gGJXblo=,877.0
consensus_latency,QZ2QrOpzFAuDkFHQxe2CMos8bQUgXF/88sHDo6601BU=,878.0
consensus_latency,plmKOAU2HmA+wpP2ihCFLTl3LhAZiU67BKeD+o5UaRU=,878.0
consensus_latency,zvsWW8oYE3pxkiCZPhfFfGBiVUzIgucbBfBdJHbDFFo=,878.0
consensus_latency,+w7A4HA4fVBu3gOvte/4mWHk/N0M2P6UCJH7cnIz37w=,878.0
consensus_latency,BEDJlD5kgjvQl14vxUp2OxKQLtHuIxA15ixXC82O0gA=,908.0
consensus_latency,IrKNf9KcFObnnVjAgktshG27G8xy1Na9dpcLYhLwv2Y=,908.0
consensus_latency,bWkfkBqOnnNl0+zqpZyfZ+slIIhmNGXB8IIg9ONu9lc=,909.0
consensus_latency,c7RFjgmCFZwtIxnwiHRS4QKs2A1g1s3L4KUyFdCmlXo=,875.0
consensus_latency,rufwL/v71ScT3bZ6SmdgKb0lG34L5OYohlHZu46cs4c=,876.0
consensus_latency,r9Xr2TZyTZsTMSGDkU7jTWLVd+yOE+iDahWE8JHr+Nw=,876.0
consensus_latency,uZ6xHc+Nr51TgQg9MAplhTC67qtYvP7HWeiYhBGT228=,876.0
consensus_latency,8YGAx/xZ8BoqDJr4SzkTu6ihTONcVP/KLtkn0RIdDmE=,876.0
consensus_latency,QGDAh0TJ+7WlePtXB2rLl5QKRIQMmNtch12YyTuig/U=,873.0
consensus_latency,Y7gntA2ytZC8dLUDDMiVMxM1AIhDi2tsnAyJ8RnpeZc=,873.0
consensus_latency,lTsv7aLMHWJDZiVQA2nwzv12lej/SiayqXb6URq99RI=,873.0
consensus_latency,2OtaEtG5nd3qrHN8ZltuVt+yMkDCbXRVp+fAA/BVPHA=,873.0
consensus_latency,4aI6ZsSoILPoX1pwQx9dd744sx0ZRxACjv2lholzlKc=,873.0
consensus_latency,MBwa5M2wWGZYSbLPiRCfun4Ynel20x0ROPxoSNXLf/0=,881.0
consensus_latency,TNaCk2S/8EvsYuE2exojOrSaJf45zxZKhwWNC/xOxME=,880.0
consensus_latency,svcGZHBmIhD2pm5X3xaQBfhulrPNFqVmK/n42XCv9AU=,880.0
consensus_latency,xtRuF5AJrvwjss1Dya5k/VBgaUotC4PYSkX678OkLQ4=,880.0
consensus_latency,gtWHbqC3/Gc6ktoNBDt2uwvpos3Z/rNkOORxBuClXhQ=,732.0
consensus_latency,kVPNTdXsHKFVUW12X0NDfUpcm4xx8E5eMUOD+XmoQh0=,732.0
consensus_latency,0yKCFNbyV42XBIATc3mkoBwhqKnce5NOJzwCenAvmWA=,732.0
consensus_latency,9JPiEXJpsx7J3HPV2VwsMzqLz1RxuSgy8H8KqHSoN2s=,732.0
consensus_latency,KwzavTFmCuIBmqfZBCpCN57MOhHbp8llRKQy4jAWS9U=,730.0
consensus_latency,Q2Joxnw81NkjtQdfX4OC+px8gJtDTugPjMmJJRJHkH8=,730.0
consensus_latency,yG6mvlG51PeqzjhCLJsa1BMOZx/EVdUstR85PCcA17A=,730.0
consensus_latency,yZEfxrqT4DlOHr5SQEIRDmFXwWgeeVjjF0BjfPFJMMw=,730.0
consensus_latency,/Wup/kX6RBYVGdw1K1kdKPHgqS6pWTqCpf2MVHy1l38=,730.0
consensus_latency,JmHW0DgxT8sURE85tcTgSCtFKL8+IBqGQ+IEVbVsxdw=,731.0
consensus_latency,X8lDheezeMec1QC+Mj9xIiQDyGr9YweVpMamDv4BrUg=,731.0
consensus_latency,YTxs15q8Twi33PsKxjCEp/JVGfRdrcA/fRji++ouB38=,731.0
consensus_latency,ixqZstpvdv1Aw7OxGobQdrCBhKXDl8FQeSsQL5ijU3E=,731.0
consensus_latency,wFIYNXbzw1rsqUlnRkeMSsbeMG2LXMfrhdxG8gecbak=,731.0
consensus_latency,38rDjxFDgIz3sCI4U/JS0An+jT1mSokW3SX7vbTbOq8=,731.0
consensus_latency,c9G0U3uv4DuazhyCFKIGQiMIuOvuFNBLp0JOD3aUX4Q=,674.0
consensus_latency,ixUcFDzDIhdXmFvLZqS8KtmtJcFlcjvGa4fwj46Oxl8=,673.0
consensus_latency,ywGGE5PjvzV9X86S3ZrCjaoqWxWFWo13bIdFgl9t9YM=,673.0
consensus_latency,1tOwQICZZ/xI0Z0et7HkjTH8w42YAAq62K/am2zMMVQ=,673.0
consensus_latency,3Wr8JmXj+Iy3Lv2vFXGDFYlkW1jbEugv+alUT7R732Q=,673.0
consensus_latency,HCz5ue3Dh8IvHXGKoEAZDPvbu84DcYnqMh1BC86mJ7A=,731.0
consensus_latency,cBNaQtMUoV7nGPn7OMdlXS6UlPHlXkQGliTqDXVVniA=,731.0
consensus_latency,fqpqRGvyIh8yDlFESXjAC1gSvjzBnfDlU7Ftf1akmQY=,731.0
consensus_latency,2cwm+glaNni2X25ce0cR3M0MihTlw9WR67pNW6QTyaU=,731.0
consensus_latency,LrnTRUCdb8JN8AhI1blCFT63Rhauw8Rfko/OefExv68=,727.0
consensus_latency,Xhnbih+9o1ocWprVPTitGoLBeL849MEtEB2kZjrb4eg=,727.0
consensus_latency,Xr4na+h23RTgyIowXDawc9YDWrKGfnaOkAlC+zqioWQ=,727.0
consensus_latency,aT2woqvZQChTU9cmJFY/nMMGvH8Ws3CJyx8qyQtUVkk=,727.0
consensus_latency,abFA865rSsn8WKSRAQ02/BIJPhH5SIit+DPTrgcVNto=,727.0
consensus_latency,yvPxNMdRg8id1zdCZYyGSFJ1tsdhlP/gJu3dyvzkaSw=,727.0
consensus_latency,PVxyU8n9xQBT0gIizZ0Lr7WSPfAj6pPS28A/eg8luwo=,678.0
consensus_latency,Q0kNJ/NBCg+d0gnCQmUkKPYsV6XbJrzyVA9J8IqYilU=,678.0
consensus_latency,fpvq2NPv6JBQYzDWFWAs+gnRZVOWcfJjgj1zdTcUoW8=,678.0
consensus_latency,yD15CDYtNUNJhfoDI/3IFnunVWzH+xahetGVHt4XmwY=,678.0
consensus_latency,ASuVQoZhhKp9t52qziAt8A5hlizI2FYDdoyLN4sw820=,730.0
consensus_latency,DTxeT9dHH18WJuH1JRGanv9RZLt/J/Atq1Y01lswLEc=,730.0
consensus_latency,Y1SxGTpR6Oknh7nwI3fBDELJE/qtmzvdEKELzxJYWhI=,730.0
consensus_latency,gzhrJwGC4ULhfjk5i4/IFeTOMTNdreRI1f+xiW4DgDY=,730.0
consensus_latency,xxFr5BxzKIy1et0+fSVsXvdXA+Oi5oStW2IY6deD42g=,730.0
consensus_latency,C8pF1buSvf5jbHhx73YaOd2qhPx7pHsDwjz//Tuckd8=,662.0
consensus_latency,WR8KQkTUnrz4p6qfDqeb7k5Y0P+w3auOq1Tg124x69c=,662.0
consensus_latency,4dm3fjEbJMd2aobN7agJomtgE5H/tW2/gOBmaEjNi1M=,662.0
consensus_latency,8N/zmVzKPmjJDO0EhIaypGA3xPS+PA2kNJcMzmxdpOU=,662.0
consensus_latency,Kaf3YPjwlRZHDjbChdAioYso/oUjZ0QYoCiHrsIuU4k=,666.0
consensus_latency,odSk+Xv6ySH5YBkSVD/cvIiE9DEsuLIMvY9WzDFbXfY=,666.0
consensus_latency,0E2XtiF5hujwJ/km5E16XyGEhBYfVH28mZsMgecNBLA=,666.0
consensus_latency,gvQ/BFaNCxa6LvuWjE/c8wQNr9+uosMUs5cXFGTxNSM=,668.0
consensus_latency,lKoK28fFcKF7DXH2zdiriOK4xjeg6tGPoyu7ehcSDbU=,668.0
consensus_latency,uA4CZFrW7jZkSCGno32p5cR0xQlcDrJanqfRFH9HL+A=,668.0
consensus_latency,7a2BDeJuP5ar8mhABuFZ8yfuUGXHdYS+xEF7S7qyLNY=,668.0
consensus_latency,JehtoQAjyqJVYNpB7oVhM7qxZo4eimx7wMSouv9lZg0=,666.0
consensus_latency,bwgaHKWNfyc8LqvnAMda5DX6KG7cSMCY+YrgRHEMpGA=,666.0
consensus_latency,e/2fAUdT8JgZyKuSLdaACXhxpX2g7uksEyaT/8X8Yfc=,666.0
consensus_latency,8geuKECO5YQ3VoxDE0/Z0xMfEONWVC3j7dgUpv4XNcE=,666.0
consensus_latency,JpaycZMucizF9FduqytFpK+0K1FhpHEt93QM0opVFlw=,651.0
consensus_latency,YNeR6QEWJcN6ZxGmF1dbX1MRzmWHartw5Yw3/QtDYJ4=,651.0
consensus_latency,ZKAjaNMHIZWFUljgSlhkQaBfMaTmv6YWg8KycEDE8ss=,651.0
consensus_latency,xAG6FkhXD8m/9nWxpGtIFMOWLQ87fKogaCi0s20T224=,651.0
consensus_latency,JpH9cJISUS6sHkc8/AOCcMa+u8ppKg6H8avblHjfvV4=,665.0
consensus_latency,v6l/k91G3BGhWJ0UJXWIMwngd0e1dxVZDDkqTc9SSwc=,665.0
consensus_latency,0X4MWxz8/x0bDid2944a7oY0z6JTycKn4f2QkQk9yHQ=,665.0
consensus_latency,osON+p13rI1xB8ViL/sLbOUjRBFFuTqcTRBXotLtpuA=,665.0
consensus_latency,tVjPlemGOwdvI2MdMFE1y9mEyAjo2xZoqzycdlh5JRc=,665.0
consensus_latency,8iXxT7DqPNQAU4I3XQNOEQW97n4IrKmvH57TejCdmfM=,665.0
consensus_latency,+gtU54nZo9Be51hvAJGMAgBf2jg51Rzz/YiDP+X/On0=,665.0
consensus_latency,AephSVzTHAL7hGwdwIM8q99UhdwoChvbkwLt68Qp1sk=,379.0
consensus_latency,rnuIGcut980/8TgpQDTI86U6SuvfORg9/ou8WfOgusQ=,379.0
consensus_latency,uBIsuhOB7UgWra1N6oyP1KZ+78KyguQQlLyztUh2/gA=,379.0
consensus_latency,5vg4Fx9x8qvI1XEs1+p/5isNsE+A5KYsqQoYNIFWqnY=,379.0
consensus_latency,D3CPKS/yxsuXR4/G8aGBkvxbxyx1XqocA6CFOE9ee0I=,1147.0
consensus_latency,w2NN84X4hhfS2DYHtCFQS+X5GhFOTsXVBcdsSCczLlQ=,1147.0
consensus_latency,z6xMiXwUEPVb+fti81UkPbKLHSUMO82o0DNOH51/xZg=,1147.0
consensus_latency,7BjVj0txuf4GSUiNMQKlo9IrpxEOYvbtXH3SP6ujWgc=,1147.0
consensus_latency,KbTLjKqWjQd8kimveXBM/c4p1m5tV55txCXuyeDEwHQ=,1150.0
consensus_latency,L2huzWYFsqAbL4n5jO5Sol4Yw4AbKcHZJbOUUPLVgeM=,1150.0
consensus_latency,P/OiQm66TMwlSJniKbnA9YZHYLhuRlfc8XKKq2aGN4Y=,1150.0
consensus_latency,cLRdM4ta6yMM0ZBF/cABzz0guOz5rRQCSuLtRSjyMwE=,1150.0
consensus_latency,dpmUTIgbGxErSD9wu/C7+zjHrojmK7sctT/8zGVw+QE=,1150.0
consensus_latency,BgBl78H9/aJXtGzhZ79rM+aV35cPlAhtueVUZERFQCE=,856.0
consensus_latency,BhRyWoxiTXQDGkaiimQOAUcX8JzjY6IZYYC//oW8tQY=,856.0
consensus_latency,InmNihSBM/0w2+kbM3eHzAivhW6SlDM9Pedv3ouey8Y=,856.0
consensus_latency,gkxax4kqZNJ5sntKW3UsGsIOyaMXZElja0ZmjBKN1Dg=,856.0
consensus_latency,kRa+7zoMp3D1/Qm2YhClnNULir1aPqdIv76u433wqHA=,856.0
consensus_latency,7YxNNoU/WGP4kpcfL+pdD5xHcb4j/K9xUeXY/5xpDWk=,856.0
consensus_latency,IC5djUax8HNr82JN9aj8y2WejiASCWYfGDTbiQFrFHM=,858.0
consensus_latency,LPgNTfg6wjCwRmXXToBJ7T3geD/SNVVlz3aSbF88oa0=,858.0
consensus_latency,XHY2K8zuFAz+aBg6HAbcQ2sasS8J6oKOca1JN+te2So=,858.0
consensus_latency,f5vW5hg+e5yjZlZIkRv6OAko+/2lZZHb/jlYNiFcqRo=,858.0
consensus_latency,1rxNW8b+eju8zQK29mwPhaaRYIJJ/r6MRhdLfdBCKlw=,858.0
consensus_latency,6ZGEeLYweTPjwL+U3HxsWsUyFjJEsUIzt3UsB8her2U=,858.0
consensus_latency,E909cRpCv7xsRV8GZCmbZsOYm55AjMkcCfFuzhcVeQs=,855.0
consensus_latency,JE3ve4gZoYFDWHaKpzWGSnvuWpiLWbgmZKGgpNiJjOk=,855.0
consensus_latency,nMcjQHxTreZIAOrJsFcZOF8BWG9okfkpXWZmmw/xUcs=,855.0
consensus_latency,rFTOPN7t807vmqP+7HNuyzdlzG8pH6t6TonMbWddCVo=,855.0
consensus_latency,Kl4+qwgytI7qd3KPWVVCfqFSuquS9XT7hXRGsyj4FUc=,855.0
consensus_latency,aQQP1XOhRuvTt/zEGAn2wXD2YFfKvmDI48b5VUTufNY=,855.0
consensus_latency,eFOjXF2XmIWoCFCOcFD/GwY1CANL4VED+5QMeiSN1Qc=,855.0
consensus_latency,ylF/Y7c5NE+chc2iEQMTlz6zVJQrW5/ltZ+L8RFEEjQ=,855.0
consensus_latency,y/iCVOeCtbc9+zXNmfjyIPEPesgIkPclhTc5RYBC3Jg=,855.0
consensus_latency,0/WLQAQTsUTrBe9pm0/ezlOdreCnu0IzczfrWjLMG5E=,855.0
consensus_latency,DmwDYEqHwQENRg6lqZcDRwIfczl73nfbqZ1GnHpCllw=,856.0
consensus_latency,MOk9ZMjz7WkFaT04cPDJuaF9yoRcmmm5tk0bDW1kuu8=,856.0
consensus_latency,kGSmhnYX4XB81PceJJr/cUfBJHIS5u/h+kE8f2imiPQ=,856.0
consensus_latency,p2fmoDd8pnlVrvzoRlyj/FW8bjfYBHXWH5w4l71SxvQ=,855.0
consensus_latency,s1TjnNwpUIgzkeRGWlGmF789wvbfFGUH/VHlu3T9ogY=,855.0
consensus_latency,8PIPgQzRV9zGtTKUB8+rELd3F23AC+ZT15/xBXgfRuw=,855.0
consensus_latency,G/19JFNYWbmJdNIxMIz/xVDnKG7pmNC12ugN4ByzYFk=,695.0
consensus_latency,ZFmU2e+nd//6vzJDO6dTN7EeNxjKGpuu3W2LZ4L3+bE=,695.0
consensus_latency,aRdNQ3vBwcdKUOYF7otUKM2If9lSybfxwg4Fy0yF7NY=,695.0
consensus_latency,h9YNz6taFHhZxdzj9jb/UdPPyhgiOOcy6VWU5lia+Cg=,695.0
consensus_latency,vXFC7TuOQ98Tnircw/tRcnB0YbesnofGB/LEUA2yjxk=,695.0
consensus_latency,w4LlSF4Fox0uRX9KxBrwRp/4WXwub1j3neWnnKjcJHM=,695.0
consensus_latency,P0RIe/Puzr1oPtRD3H+oFbFlZ6urD/ILAUNz0NeDClQ=,695.0
consensus_latency,Sxym80O9XlgVJx6Xzwzm829bMMvwezXqPhq+x/jtJVA=,695.0
consensus_latency,WVV9ciIUU4qQgKMLc2Pw6fTphaLrVi5AvTRYrQBvP5U=,695.0
consensus_latency,hKYAbQIXhXSi3sxte2KyjTPDKjO8pC8F8GpF/20otN0=,695.0
consensus_latency,tj6nblYmPCtOytKxj92hqmgNFhQGVVK43DkZiq/2ZgM=,695.0
consensus_latency,RmNvxYyAIEyj2AJXPVU2Er5U0Of1RXNCER0DVBtHL+I=,643.0
consensus_latency,kh8Nz3/BR2hXAd6mmjuZfXmL/HjgKHR+3l+mx9dzwaI=,643.0
consensus_latency,12baPQmo1cSijCvRv9bXimpsJuTX9l8m4imcAcouz+k=,643.0
consensus_latency,+lToQ/AfubqZTbRUB6g+cvivNGJBwalzevWSsFc5lGI=,643.0
consensus_latency,SufJA4dzNxicoHC61+8RaRpbkSNUbkab5dfhy/z5XQA=,643.0
consensus_latency,l2th8dp7uGj0U9LKFhq3YF6fgJQ/cV5jPboWEzOcLhw=,643.0
consensus_latency,tkSwdeyKZD6HAjeKulRhMvbpo9ebLBY+LmLsqv1sW8U=,643.0
consensus_latency,4GPHdsqMOF2k0GFXL6y5Nc60VDVBl/ztIIp2Rk8yyAw=,643.0
consensus_latency,6h7DaEsD7aT6duYuSfML1wKXe3NRRDitUWBnnClrMvk=,643.0
consensus_latency,73sLPFdb7Q5IILs5BZS/Wshb2MkLGbrixpaAzwVZYiY=,643.0
consensus_latency,DNFTYlsBiB2C44x0zB8x8PJ0ji0KN60ixnIJROi81tY=,697.0
consensus_latency,IQsXBRzFcY/BPSo72rBlhIssh5WwBRVbDqnVAxcLS4E=,697.0
consensus_latency,axMgUIBkU+lQeEPiB4d1ikcpEUxwsAidWEAeo0cQ/IU=,697.0
consensus_latency,5LuXyab5/bAu1UIi2/8EjNTSSjJI9vTgBi2yUy1uK9E=,697.0
consensus_latency,Af3UEnRQo85KlPha/vbVFZR/2/FT7yCJcjyhCH88tVg=,693.0
consensus_latency,EUqUWlGn+ePIYgqdQbhRfXY425Iemsz/YzxXxuCPncI=,693.0
consensus_latency,Fuv0jMRbaPf0KxpX2VR4qYjXCca/uZ5NHSiaHhvtm3I=,693.0
consensus_latency,SfgcQs3OHymsWCjVSOB4hSCwVgbYxMnKw0bD7rY8YrA=,693.0
consensus_latency,3xqc4zQpxNEjJjFFKY7ABRDdAn+N7Mj77H+v/a2iINs=,693.0
consensus_latency,451XVh8/Xej5z81OOSvMy90cgGXzA8V7XxRVXmPJfF8=,693.0
consensus_latency,PYBJ+ln/SKz+qOuLKHKFqGdQ/cnRFoaycR+kOrxqsc4=,696.0
consensus_latency,hoDhEj8w9nDuoTnoinv+YChOm040WnaE6pqdeO9qZ7k=,696.0
consensus_latency,in+p0zN3XbnIE51t46eARcLMzNKfe3fabfASZocoSW8=,696.0
consensus_latency,iu6P2n0LMDCw9t7lsONkDkj4aBwOK1wY3cn3PZZwCB8=,696.0
consensus_latency,ojlKiNH8w26nhVO2WzUxmzS+NFYGmPFf+Od3Jkt5Qss=,696.0
consensus_latency,Nsm1DWMTRtcRktriL7jcSVY+9GIdIL5mn4lf/pqsbqY=,696.0
consensus_latency,bzakU+q6/UwSTi59NX4t5pKdTdSiCqoJHp2gxoX3JEQ=,696.0
consensus_latency,msoaZT2VZpwqZxRSYynqygcZTs24lwyRRg9Zx5Tha4I=,696.0
consensus_latency,1dzRARU1WKgZcoJcAIMq8TjGrTNysE0JDW146ogtlyg=,696.0
consensus_latency,4JyB9HJyLEbNvWEi+3silJcOMyE7fzFwzqHGXe+o8JQ=,696.0
consensus_latency,9tBQmU2a4kTTjob2pD/JH3wvnWlwEj7MFFZYf9y4s7c=,696.0
consensus_latency,Sz3EP/boy1udCFXSfvhd4khqv855IcgmdtdalYLFPi4=,646.0
consensus_latency,dTOEnM0gDAEySMYDevIrWGv8ECBBjd+EaCOBlwEQZKw=,646.0
consensus_latency,f7qPTNLP+6IIJLw/IL0al8rmk1nNkCNuyj2UX2Lc+UM=,646.0
consensus_latency,klx0SR1REhkubdaPlKf2STHwEgW4bciNx0aZfIxdQx8=,646.0
consensus_latency,9RsGBAEXBAqTPuAwN9jrhTFaqMq/d89gErsuynGKV94=,646.0
consensus_latency,FSIFQ+kTMV7OAxiE/Swj6E5L5gb+B+sQ4AoEUstmR3c=,623.0
consensus_latency,hE99hJvTU7IBPV43cRGlEeFVu4Z6iFK5nIXYJ/3DsX0=,623.0
consensus_latency,z1vPnyxD0hfVEkbY3L3sDBuRIARy8jJPW5W7njWf/3M=,623.0
consensus_latency,1g0hQnrGrD69vxCrG7SRV1H4rK8dYcD8rMmqx9LQCwM=,623.0
consensus_latency,3sOKvcmTxVqzAiiMpC3ZfrDWDpAkSpZiVZGJ1EvNs7A=,624.0
consensus_latency,I41OrbkKs5QGLoHuZWNJwGWXXbsFUkw9+CzKNTG6NjE=,626.0
consensus_latency,btiqMgEWD68mKP4dgK/ClVn0gTO+RK0bFiWvDqemn4Q=,626.0
consensus_latency,g3tZTHfK0wm6LnkdzPIXRkfVOi2IfxYLWX3wepeuAyc=,626.0
consensus_latency,4NjmWP9aCtg53x4x9kmjgKIKbNR9+aJUPOniALgDXFc=,626.0
consensus_latency,A96qq+JYYxOsMDrX7Uokhg0a6mtH0njFSA6gFxdXniQ=,627.0
consensus_latency,cQZVV0qTXMT0ySSRKaTf36BLSzOzQgPTxSJMn+WjeWY=,627.0
consensus_latency,2DzzkO9gNpXoV71SF2WDTF4NStfjrWbVF6ixP9o6vBg=,627.0
consensus_latency,5qebbgCyRw9pgSL4v2q6QfHhL0KSKM+4+GSNjDruuhA=,627.0
consensus_latency,BPaCwfw4FkMPGsGoPueBfp1djuEDBQJx5xPWNTbheFY=,626.0
consensus_latency,uUG53j5DefvZ8/r7W49tf92AKRPC9lllPuNkowTVGJ0=,626.0
consensus_latency,u0y+t1pt0IHIC/zwCLdDVfphdPBUjrKl2gPA8nPX9Bc=,626.0
consensus_latency,1IQer87m6v75fU1UOdZvWef5FVw8zT0GAom1nzpWCGE=,626.0
consensus_latency,Pq5mUlKqkPlMlxyjAyx2x1uV6UtcDe4Lg0d7HpXcFtw=,641.0
consensus_latency,TQC/mAbAC6SHdEMP4iFdkRY1z7zR+uQZnDN4ARfgruo=,641.0
consensus_latency,cBLSWCq4oXD/35qtyQ2vW2TzxzH02Uu0Dji0kZIh444=,641.0
consensus_latency,ADKF4bOnLsc8JmsuOSzTd/0M5cgNncFFE0ai3JcNYVI=,623.0
consensus_latency,CQu3nglovI9OOYdEdYwLMCgAzo4fRuXzLDoPG0blSHU=,623.0
consensus_latency,nSW2UnEU73ICFEf071dXTMtkM5kCx0kQJjrWtfQxE8M=,623.0
consensus_latency,rp4njCeOXhZfrZqJx0p4v8QBrhoAa7/clARm8VzCobs=,623.0
consensus_latency,xNLFMA6uKTUgdFrCCOirx7FrQVueZ748P8oebTaExDQ=,623.0
consensus_latency,7lShh6QBICn/lsxqNwyb5EPZUv0SC8ckKEnV3/GuwTQ=,623.0
consensus_latency,KIawD9Z2QUAeGEvc5o34acTazDNj8No0tC2SSWfIpoU=,628.0
consensus_latency,Zfb/GSdxNhY/LE4+l31E3o9YRkIW/D/+RYqVkhr2rus=,628.0
consensus_latency,l0a/0kiKRt7DlVVHRTfZX8dvIC5oG2phQBnDn0lTK84=,628.0
consensus_latency,20QN/9JaPz+KTglSfAA8dYNkJB1ceuH1IKUpg3lOskQ=,628.0
consensus_latency,EvjbDcbczrDFRHi+N/fQuwtRlBxrs8gKIZVofZaZuNo=,379.0
consensus_latency,FZZ+Qp3YA+TLVULHsP7RTML8riXp86FA+vK/NPBfBMs=,379.0
consensus_latency,MvqEs35oNK1wiMv5kaK2bmCXMgNaqRE7UBTrBDqLutU=,379.0
consensus_latency,SZTBtHQKv19c7WvyVWeUpX7XLnzqnZPSXlRpySb3qCQ=,379.0
consensus_latency,uOZ4yeYzGH6AkyiY6kBsCu5Xxhe0Q0FoJpAiWl7G2IQ=,379.0
consensus_latency,7p/yzBGN93Hf0J+/UF52CS8Vi4Mg/V7bTlPl0j9oxi8=,379.0
consensus_latency,OqU5FwbVD8j1rVM2E7ZRf8pM1coRmgCYCKTN0bDZc1s=,1137.0
consensus_latency,hT3q0ZJ4yuck24cd0YNYfi6wbG+D3K9+J3s+fK6DSm4=,1137.0
consensus_latency,jm4tYoWTyyf3KW+bxmdJkk0c9L0d+sOXJoQ7Y/3fzRY=,1137.0
consensus_latency,siDTmImzOEgDfXYtcCW+GCm2xGuMjH5mQFUsX0ZtCf4=,1137.0
consensus_latency,x1syJn/gakZM9lAPSwupX1xR5T+hS3X5IHjHSoEvf68=,1137.0
consensus_latency,+LTGqRLCBGaEPkezbUhg2EPz2Rq+RGPqnmdpKk9gmqE=,1137.0
consensus_latency,AEo354mDQcJ4FFxsjpkKOWTkRnXBhFSsunwFcARX8Tw=,1114.0
consensus_latency,Adl5kjLpf9Q0yPAQBZp2pEwl6pplHstE+u2BConLh+Y=,1114.0
consensus_latency,cyJoaxttWan4vfaz7kaRF8fQEL3sewZQiEP2lExNIHs=,1114.0
consensus_latency,wtkeepqhVJ9z9uzM02zPx2LecnjUMgODMcSh0nCm9xA=,1114.0
consensus_latency,5DeuCJDmZoht/GnEAepAA4rCrGYmOkoQo1sEmsdKdrg=,1114.0
consensus_latency,//fAaIL6ev0VqCTVYeyVBW1LNuOxr6vez0oX6avuKas=,1114.0
consensus_latency,bDcyz4n6b8hX0T5WdpiGNHPSAbqzJt4WjPDAtbg8mgs=,883.0
consensus_latency,ecoFR4y96wZoGo125I61HY+SvQbdPbe/+Ob/ouFHvQw=,847.0
consensus_latency,ieVZOtCSZrcVP8I/Etd6tY/QwpHrfrCE7eAsXEd6Uwo=,847.0
consensus_latency,i6sOrqy/S2fOxJjlF5MnSgt+F4CS9xOGHaw+D+Efj9A=,847.0
consensus_latency,G7HtriARwcNZOmCBamZGUjWzUiSunHi3RM4NG0VVtT4=,882.0
consensus_latency,HxYXFD87uKStGUXPozrF3VNwKkJN16xcA9f8vG1CqxY=,882.0
consensus_latency,anRlnw4LXtgq+f+c+4UWnrfpmWGGFPdbkMDYC/r/ttM=,882.0
consensus_latency,qnQYdhuN0auLhWZMGsqGND6qwRHQaWcQRBdwDUCwaOo=,882.0
consensus_latency,1mcz18E0HRmoYddzerS7zmXE5XCmFBekn0XWt+UnjKk=,882.0
consensus_latency,CnzgS9LzilbMvvbl6q6AbY7zVM1TTMojXepuKewmnnE=,881.0
consensus_latency,jnVj9yQZo3JDbqtYSJy+mBWC+/lS2FqXzfmCddPg+dk=,881.0
consensus_latency,9CcaNdnNbcSpnuMN90kRhJ1RgEk8FQ2rqhgInLNjadY=,881.0
consensus_latency,92eMsEqVwSfNOpk4G5DgfgH/O20RzoUIReFlGjRKHXA=,881.0
consensus_latency,94dR6NMc8F0kJww0QDDdeBIiv1jfvLrhnIfXAWAnPE0=,881.0
consensus_latency,Mv1Pv2SqOh2LxExumNvZxzI1L7/bic8zfekwySZR6fQ=,902.0
consensus_latency,EH2VxMls5Ac4+WScT8Njc3lRlUWLxU+h9PfjkO7g9IE=,894.0
consensus_latency,RrM55x9PbbffP71AY/QdI/UEC6rqlGPSqI7IFo6/ZFw=,894.0
consensus_latency,0GKVu+ivBfK29MLQ+Nu+AfDNNl51J3S8J/yTTWEfY74=,894.0
consensus_latency,AU5sxcKxMaL8iw7pN3yotBoexJZFxefYA4VUm7pNsIg=,878.0
consensus_latency,K9+wK5TdzjqIeYMg0/mBIU0oBu8uZUu/xf8H9Y4Crvw=,878.0
consensus_latency,UT6OzaYM891Nbpjsunukx9xIj40r9Z7zgI/278+xmK4=,878.0
consensus_latency,5aYbLpFgGHmAR1v3Kz/SphW4srR8r4wrY3qDEtKJ1b8=,878.0
consensus_latency,be61I08H6EsSkTV+H6vuuayT6MOgC83Dk931SXYboA4=,879.0
consensus_latency,cBNhXUjXtIWOzCeN/3oY129JrN8G+lXWdL/vmzP6was=,879.0
consensus_latency,fJH71/tXGWdHt+TBeO4fQdX0b1RKBAvRPx04wIN0+2M=,879.0
consensus_latency,jsma2IW63n16YJ1+uFJyawQQhLTStXJ1qhvg5ccNyVs=,879.0
consensus_latency,N5ybzA8qcDR7jakBKA6IrPgRsf4VR+tK6yE0/nBJpJs=,728.0
consensus_latency,mmyY/o2DK7m59uMZu5z+O8fiwncdVTjzywTsor2Wmt8=,727.0
consensus_latency,rjF30dpm7Ctn2EDCUdipcwBvHPkQSeGcjbwqKWuJtcc=,727.0
consensus_latency,ud3xPGKtvadIpp8IkD6CQGbPC85YQkuatbndy4Ajhj0=,727.0
consensus_latency,Ao3r4lG9G3CqYuX2Kdq2ykzgkLTBNUUvA+mW5f9t7Vg=,725.0
consensus_latency,TLONc1QHltLNzm+c0CbVVcBqFdp/aF3M2jWzY3FUacw=,725.0
consensus_latency,YU7FaHyOnYEJJhE2acxH45v83mp0snxAkrJfYBUveIA=,725.0
consensus_latency,aSYt35g2XjwAU7eUsL+LuGJ06LTBttQsF2XbUmpsCN8=,725.0
consensus_latency,ajYuu+g/JKzkFEPD1UxmWI2nJF3e2fOBfUNXxC19ZN0=,725.0
consensus_latency,9tN52YZFY4Q5D64orwaSyGtp+7AMcrR/6Yy/iZ0AWWA=,725.0
consensus_latency,I30UvBdjvnxScrxbAec2sHVqKDvCRRJMiZ7ALUgOpik=,725.0
consensus_latency,bEiO56PF4kwkNEcoSSmYRXm5HLT6h8st1zdEahcfXsU=,725.0
consensus_latency,y3G6Zr3XV/o+KW/9VOzVeOQVBvUw4YZ4f8j0xvZ0PcM=,725.0
consensus_latency,S0D7d5ZWkNKdJujTeoWYi1qieoE7hIx3a81Vvi2WT7A=,676.0
consensus_latency,rs/LXxcbRLQhNI0+UuFoiPzkqAyc84pDL/cbdFxBmmo=,676.0
consensus_latency,8CPw8hLFptVsH8B94FGzZKggiXRx9V6gpEk3J9CM9nc=,676.0
consensus_latency,+Enf5S4iwh523nnpb5DMUszrr8zHVlLT6frRxf1v5kg=,676.0
consensus_latency,PAkOtG/53HqKJP3RYQMObskN7m5bWX0itAlSoSfeyDQ=,728.0
consensus_latency,Q9OMshgi+vwpl4zZ2xHxsWLDtfO2naGeN9f2rfn/yy4=,728.0
consensus_latency,kPWVMS5PekxLiPm87qBI1zs1YTm07m1M7WdiF/Zff6Y=,728.0
consensus_latency,qZi6kEHYTn1PBnm/b/sjBj2Agbu9ZEi8HymN4x1jqO4=,728.0
consensus_latency,xrZCxcwm7wwScZ2z3Q9v89dfOpz+foadg6XyrvH6mUQ=,728.0
consensus_latency,2JwijY9T7IPCGmJHvsbeNSg3p8rwLNRDBqctctABfis=,728.0
consensus_latency,AUPbNsh4gLIw80s7iCVzDO6gmr6jPYrL8cg6O6FIJuM=,673.0
consensus_latency,FbKj9tASXNTraLbnW/6CBTRt0X9Z7UvqajjRt6dzaXo=,673.0
consensus_latency,NIYs/4pVDwuoy/Pj6GuvIyudqZRgICfpB0y2LbqO1s4=,673.0
consensus_latency,igNqDr2/suE5oztKmWhn4lc+5gKJnSTlulIwHpyPsLM=,674.0
consensus_latency,plhat7xLe2zOPYMCH9UFA/zMfTiSZKsJlJOXzG8zZ5w=,674.0
consensus_latency,WfW7KsXfU4X8HWnqvC3ci3k9vZFglMTLnYp38ULSq58=,673.0
consensus_latency,ZQzQBCvh+DxFy0+zqAxImdOzED2k2OzvMylSD2CJGFA=,673.0
consensus_latency,lUtwaOLo2lq79/EUc8rChPKvXcp+RUxNYbi3S/pGsZk=,673.0
consensus_latency,nMJbDj3s7xBsCsg2kPy/rstwsRpWZNtU/PUBcbZhHEA=,673.0
consensus_latency,qf+MsxSDUUgv4gFW/7M3LkmUCkFbwFqKI1I2C+lRdhM=,673.0
consensus_latency,81JUKIRuwa4g/ihkJ61EIcDCCr5Ay9bHMv/J8kfnSCw=,673.0
consensus_latency,Q4dqH/65OO+f+LDtkw2WUHtpCvRh3OhN8lY1qUCdD6I=,727.0
consensus_latency,UtPCS+17Ctg59vCiwDO7F+CPkHP9F5mZrE77MAQmeTE=,727.0
consensus_latency,1cZY987bcSk13R3c4cmh0P70S4rORkhtlz6J+lbi8Es=,727.0
consensus_latency,/h8Cnt3Lxfl+8YNCXDAmwbkxNMNpn7JqRJaMPYcu1MY=,727.0
consensus_latency,Dmyv0tNL5d2+aNk19Mo+yokehaliXBwDOC7OO5c6tSw=,726.0
consensus_latency,HmS2Q/xcknUxMb8EjAHy8Yl/q+lw9xqy0XDHALorz+Q=,726.0
consensus_latency,TZLJNnERTx6I33jzs7Omedx0ZT2ecwoyEiD13il3jmI=,726.0
consensus_latency,dOxga6+hZYvRU8r/PqbwftGJNRQSqjlUqjlzGl4qSOk=,726.0
consensus_latency,sJl5O2ebu6dPE/D+R50P33M7E9RRnSbKnHoC/z/88/g=,726.0
consensus_latency,Zq6blKdiCihtZ700Va66UUZb+zW9AoL/QuTCqjRzqz4=,630.0
consensus_latency,bit6ii2B9f+8Ixs8qIjlnR1vCv24PE/oTihpE9s9OZA=,630.0
consensus_latency,h4G326Ve9VFOviDZxqRZtQWhlXeB7yToRaoHYDqCRI0=,630.0
consensus_latency,sWTPKc37clgMKr9/KZpgR7VNGiC2vEroMOTmbbGzXt4=,630.0
consensus_latency,tI94JGC+0XwpPeyeh9MNrfQk8LUqZFydephtz5tVzHA=,630.0
consensus_latency,TCgUeZty8G8gr16Uk7JCdiQCvI3nHHssFi6YP/x8n70=,627.0
consensus_latency,W1yZ3gOObTaAQS1/8BLw3yOSQeBu3/DaOrtH5cd8S+w=,627.0
consensus_latency,XlVIbHaNvaz3lsMd/hnr4umL9ehBZx5owZgH/CcJu4Y=,627.0
consensus_latency,bg/Z20bFqToDpu6tWSrLqnYfIPXCr1DqbLGKP1krSQs=,627.0
consensus_latency,k7dklqjQhl3xTSQo64ujga85nJT0r1r8k+xk22o5tVk=,627.0
consensus_latency,6Q4u9uhzrfsUIBZBMEW+3kjaWdQbuwvIT8JrX65BnS0=,627.0
consensus_latency,D9CZQtuanln8fwuayt/53ORvvInRjZhSrEQdRD4C4fo=,628.0
consensus_latency,IclHyX9BJs+sGCq/v+ruxn4PPbfwi5IxH9lpPWZ3U+s=,628.0
consensus_latency,OS3cl1Mh1Z64mQP6jNeF5aUjSHgkZJmVr97hN3Gm3/o=,628.0
consensus_latency,cKhvlJky0GAbriH551CVv+cjxXU0N7P4xOm/8WxBXZY=,628.0
consensus_latency,htMvUeqYcWjHjyjrt0V1bszvcaoedHkkJx+8TPbSUBs=,628.0
consensus_latency,vy9mgBMUHFo25kAEpiOTKSba0QptGu8DPpaZCTHSi7w=,628.0
consensus_latency,PCqMjt3sV/mCZkeoKZAvIPiXE5/yxRYt4dC836TOBZU=,632.0
consensus_latency,PGqWzd3aitMONJEpYhtRkUjcXjzvwawZUE59Uj5S/34=,614.0
consensus_latency,shzZgnvcX0Hw00qK/DJhCqM7Z+C93B438IeMKyaTcio=,614.0
consensus_latency,xc/MiRJ6SjCf9WXmQ0r5FU9gAbchu2F8AjpwKG91ohs=,614.0
consensus_latency,9e3p5X55h9xwNP3oFvzUt+wAwc+HYHNna4t9HCHGDaw=,614.0
consensus_latency,KR0SV94n6n5BZmS+qh4etVCYIbSoW8qC+XZ2Ibk3ZxU=,632.0
consensus_latency,c0msBs5GITGtPOJFoGoSR6naW8chmIOJ9U/Utzg1jGI=,632.0
consensus_latency,1GH0EXnRDcT9xkaMNBtkFWe0KuwpL1dI+WR5MAyfME0=,632.0
consensus_latency,FXXkuPPhHwx8yL6NU0/cyklouBeIE6OUebrthO2UAMs=,673.0
consensus_latency,WZz/p9jEaTMptUs/4wPL0PNY9oSJWuZbPCmBcdrMhtA=,631.0
consensus_latency,ajuUh+j22oSJkCxnue+fRe/Tt1iXiyfPdYey2giV6ok=,631.0
consensus_latency,iSIfPqD2pD2G4FAbCwcf9pHZGzNHVQ3WkDz23tsxT1M=,631.0
consensus_latency,mitXTRLgCSqLic7x6dldFOS0DRueGgVkizBHlPst7kI=,631.0
consensus_latency,xwZR55aXfEpyYcdsD/YjoyU24lee7mdhcv69KxcHv8I=,631.0
consensus_latency,BuvyukW7XWnqcvILsf0AoV1ZuHnWg8TzYHoEWl2hr2M=,372.0
consensus_latency,DGLUaqp3Xx57UxTyxz2GUKnHg+bO0zdr6IJ4xqWeWuQ=,372.0
consensus_latency,htZOZWR2tGHPR/4AIsMhjUEXnOcXzjpkFuKFO7VKBMs=,372.0
consensus_latency,56GFJ3pw5DgU4NspLroBwT0mvPGawOcKjfUDUVp4uIw=,372.0
consensus_latency,/xuzr1xu8TKpiQupOCO7+dI4x4Lm33KhkMcHUE1eHig=,372.0
consensus_latency,09+bdWqjjOaWX4oYW5f/LecLUQ+FmNriBxDYvL7bcvw=,1405.0
consensus_latency,wPKSnZTTtBjfk+yBVjf85+cgqKGPbV1z84NGarAPNyU=,1283.0
consensus_latency,o89OtyKULLDzMRHnz7iSQBlnvUT7vAhn+oDjBZNLlts=,1027.0
consensus_latency,ybNMmIiVw45UHX4QAJHdIcBUYqXxeSpxHRbAgfabL3I=,1027.0
consensus_latency,8L2jNltU0ig654El9j/odgE3MOP3JWA4CY88PqwZ4/4=,1027.0
consensus_latency,IHU8lQsrhizSWqCXXwZj4zlkbgwcd98SZXu/pjXS9mc=,988.0
consensus_latency,X7g/HYbcbBCgudPse2CQrDCcToBjP0DVRRPHzZ6stDY=,988.0
consensus_latency,4sRKmnv8sd+izmi8teC9n4kE44vg46fJhYdfHHMFwS8=,988.0
consensus_latency,/SjW69ORl48XFiQzYjNNwcJ7UwBGN69uu0DijA+TgwE=,988.0
consensus_latency,Gcoar6TJ4ceBQTxp48/m45ccSNioEtxZAB5e/RmnQ8w=,1033.0
consensus_latency,MWc3vqIm6Ps0LXBTcCUSZE1zo6LIpGr8oDzPubSZu3Q=,1033.0
consensus_latency,ZWEVZbuiNCN4cxPPjub9ersvTmOLUOUsw2rQwPsJ5QY=,1033.0
consensus_latency,0x9+1TCDc7AcQxk3H8fm+MGpyJqC6zlP3MHyx7kUd6A=,1033.0
consensus_latency,LsYx0mHhTGRK7wZrxcnD/BBfxykaknU6KUZ7f67sVx4=,985.0
consensus_latency,aVGFu+4h6qBtg+XSnQAfDkR1qLzjJsvMmO4uoLNrkrg=,985.0
consensus_latency,7IURidldauoviciePgXF7LLVA8AKUMrHfazZ4lxD1u0=,985.0
consensus_latency,Eq8jQ+MJDJh/F3KxMradEkjl0tt4ODwcdaH0n79Atkk=,986.0
consensus_latency,WChuVMf9TaK1Q9sWJtuvz8t7eUzOc30QPIcOb82EJGI=,986.0
consensus_latency,bkmS6EjfVNcDU+kr7iAMx0YlAK1s/0muEBy1Iyx9la4=,986.0
consensus_latency,5L6iAbYIXdhph6MY/dpm0zBVocBmpe8Hatomu0CqSDE=,986.0
consensus_latency,AJHVwvASgy56qvah6SHcLW969xzXVEt7yEjUBfTPBdE=,982.0
consensus_latency,GubxwBttvhNDAX4vFuaG5isaVHFurw5pxrU+Sp/++pc=,982.0
consensus_latency,KIpAZj1pFW4oLbCDran1Nw7kEdjoezaamveID6wBB9M=,982.0
consensus_latency,Wl8KsNnuLk86i7S0vnzJrzcx+Y8Q97zRcoKwX5nCayQ=,982.0
consensus_latency,bCMI4Yb34ClN699vCuLnb1lrOldpHXZ01pi4OSySxE8=,983.0
consensus_latency,b2APqyqe5+tyBqyl9KLmPUNTvDgNt0xzhDFbTcl35qc=,983.0
consensus_latency,pt5FxATYzvSYbSgQ6HzbzGloM1I8KdjRLJ6bPh6ZwBc=,983.0
consensus_latency,vYuDTyXkxl4844jS4Qz5It5AKCYrKEOe4y/P/5WL7mU=,983.0
consensus_latency,wxB2Qcz56aYBMMoKhN7P2pgrLyDdUSEM6YWwdyGomhw=,983.0
consensus_latency,7DxYM6DOlP8dtFJLMlVTnMaPeRYk0OtEvl0+pLpEtNk=,983.0
consensus_latency,D6WK95szBYyI5HBsXHcvnrnaWxCb6dbZCw5AN9mzJoo=,839.0
consensus_latency,RpXYIPIIb9/S0IbkU1sty3S3aqjzOpA1Y5lFhfbDfdQ=,839.0
consensus_latency,gAirYBSOBqI2uCIm709b/YWt1RFBbXlgvQo4NgBEONo=,839.0
consensus_latency,1S+1AHIuimV7MP6YSQSW52bNGwdTk+wFyeRkuxlVKy8=,839.0
consensus_latency,2kZhWpBhgsa0idtLJnscMHg6whFlmvaW78sQY34kR2A=,839.0
consensus_latency,3rHGqSLd3um7MHg2EPeahpxDbkNMeggOkTtviLqlzOo=,839.0
consensus_latency,GTbohnn72ggIxPlhtwW9Cs6PkCLUHwcWxJ/tfxEUtEU=,835.0
consensus_latency,K1G51pJ2XaqbtO00/vOLisOiXRU1gy1jwQ3Ee3MekTU=,835.0
consensus_latency,O1UczWZzAP56C0kgc/MapcRhElR1Ri/J2p0zBLUwpns=,835.0
consensus_latency,YtRRQSz+QagRYR+ljMfQH9fv4wOp1dTQXPGloWiTGa8=,835.0
consensus_latency,rdp++PCZcPHOJTMc/K3SvCU0Dmstxr1TxC47VtGjm8g=,835.0
consensus_latency,d4JOnt3XOKY6/XZyk3Azsl2KN3lcHEc6voqhoDhYXPg=,838.0
consensus_latency,ujqOMYwb0TxVmO0cKxPMSO2o3sp3duAgKKn4BEVjtoI=,838.0
consensus_latency,02cAjBmGNYaai4AGhsSEeQ1DVkpOzAREaVe2VhkcEPc=,838.0
consensus_latency,6GtFWA69cmQd2xwKv9Z67zA9g5vjIYJEo1ZbDkMB7OI=,838.0
consensus_latency,d12WxUXOGYxNX4shUdekkJz0u5tFvgdOZA0IWo/YJe8=,833.0
consensus_latency,f2nEhzkzKRTS6ewDFsAGgKiMnXRQ7cVLjZ8bFwYLc0U=,833.0
consensus_latency,vrKcocWcOZgmEJZ4uOvL6WN+kUVNm+rMHsFyFogSjHE=,833.0
consensus_latency,3Igh5g9E5Pu6xRhIgcJGVUM2cxpspdU/Zi5yY/xNctM=,833.0
consensus_latency,E6mEjnB/ojy3AJ9G9REGZtHmNkYK0c39EoqydWUDeSM=,782.0
consensus_latency,NDBYrb1pPRg06COB38Szce6HpPhOCAW9GYGyisFMcKw=,782.0
consensus_latency,f9PpnrbR8m7c7aT2xXCY9oMJSs67jQifa7Szsmm1Ods=,782.0
consensus_latency,3iXMqizplyuzPZOeyDs5bW2qYR/2wOc+Hy6IVO/Psxc=,782.0
consensus_latency,KPICYfQIRAslN1emtji0vWwFtWvJS5DV+G6XcYYkkxs=,784.0
consensus_latency,MDYTzLNBOg7CO5eRpvYl08jw4ODZvtpkW7s6NtT5tsU=,784.0
consensus_latency,PxZRBGdTvyzQ2EvG2uIyIHvarFtUaI/s5FW1UDftg74=,784.0
consensus_latency,a4r3DC6UCH4i7SLev7h/U+7HPs421d0opxmCFfGGJes=,784.0
consensus_latency,fiuuLAZJEpvIDd479l+syd5kpIqBnqm24WzcDVpv2ls=,784.0
consensus_latency,gKyJcG7HQirWPhmYGy2eC8Aw0YRCcB8rvIo413TyPe0=,784.0
consensus_latency,O5naiVmdJ2QPzCx7jICC4XRvqjaog1r3CnV7hq/Fjzs=,839.0
consensus_latency,WwS8Eyau+88MkILDd46WxwjlD6VbXhlW9jAvmv69/E0=,839.0
consensus_latency,eKwjflrl2Ra4BedEr1Fz7nqsKUKLXcLiDQQsPRZwE1A=,839.0
consensus_latency,r98gRY14hQwU1d6s12/WVt1j3MoNSHNSV/xXnDR1r8Q=,839.0
consensus_latency,3B2Xvd8nVYWk8t9KL8GpdUPGDS8WmnzTaWrzJ/DycdM=,839.0
consensus_latency,7otYgWH2MU1/DpsGlrasXWJPmhIwfQQeODykJjAHsWM=,839.0
consensus_latency,O12xJXATrQwdrQBsq9SLDjZfDbQItX8JkVT1ysRf9/k=,838.0
consensus_latency,WzWdJH90Oo0utZrQcPQZyLK5upn4zI2d1yk+UQ9cAh4=,838.0
consensus_latency,XKVjsC+sA8z5V12RMVsi3l7GQr1oIdPJyujWuNgstxM=,838.0
consensus_latency,YVUrsbx3RmN/vd1EB7gZQ/tXBzeSnlwB9kbC+MrEAlA=,838.0
consensus_latency,JbDUo7yVbwk0969v8/R7RxJL8VfgFQsT8w3RkpyErH0=,733.0
consensus_latency,JvCPm5ZzF6CbLOZeSbmB/HP5JmDx9deYCi8w3G1WgE4=,733.0
consensus_latency,N0xH7OMA6YFaXCyqDVVdq5OrxlB7PXmRd9oOzkvEPZk=,733.0
consensus_latency,fosACZAeY5+S2XD8mLWKK5fSeVl8zYv3VV83I79xEVI=,733.0
consensus_latency,1ZNeob4x4RW9jO2vvB/1YWAaGY9CIEVopwQ3+fzwx6o=,733.0
consensus_latency,/JWbkv6gfqYzH3OQujV9H32EZKlagR2HJY9DQo65FP4=,733.0
consensus_latency,GYJM2mtDcRrLzrjTrJDcrDGRc6WGGPLNBlpaxIhSW4Y=,733.0
consensus_latency,QuvBr64xKEPgqtdBpX67DVBRwUd11bOKOFlmAlmgCjQ=,733.0
consensus_latency,RD/GkaXikEqu6eQqoOtwRngL1gdVqkI9g6n6N5DvriE=,733.0
consensus_latency,RWJqd5dq3hnGLXwz/AxFzDZxH0+ZZMHC78dZkaX0jso=,733.0
consensus_latency,NAHAJFZ4Vuvz/aA6aWmyYsDi+hzhWbNIbe/55oWbOL4=,732.0
consensus_latency,Zbregwp3LaEuvde+kjOlLMsVSgq4UjM9UEZfdBs+9Jk=,732.0
consensus_latency,us/hT6qJ7TK++zFpZomMT1Sd3+V6xKtjQxwAQ69H1vg=,732.0
consensus_latency,9GZ+2HLPI7PF9QPRA+k+vRstz80pkTaI/c26RLkj5ME=,732.0
consensus_latency,CWiTXAZVCcQcuTwUvnUvV2FBeOmfMpMVHCVQta8YqCs=,733.0
consensus_latency,C7YdpXL2x5z6R9M0EL1YkuIanx1m0Z8tLYt8ny3bMHo=,733.0
consensus_latency,HV+gogAILYerefjryKXRatD/XwBWe5CFzNIcI4sTuPs=,733.0
consensus_latency,Jq7dsGbTjT/l8aeN8o7T1mL+D65f4DnUtLJMGrguoPM=,733.0
consensus_latency,drEoJ+UUZ4ExIBZoTL+LJl9ftba4zLOn+VlfgxZMMDs=,733.0
consensus_latency,22bBULwNxiuS1VePhjjJEgBGPTMFqfbYbFLV+KvpSE0=,733.0
consensus_latency,RoADWueuzWRxcnzscq5tEgcbBL/53upsKC4iqwLNtv0=,733.0
consensus_latency,gNji/BWAwGpw6Zby3ha994guZFjQQXZlFFuwiRgjHzs=,733.0
consensus_latency,uQLtxvod/Ynlsbg0enqlro1CKMz77IUs8cu2CYIpaGo=,733.0
consensus_latency,v4b/qL+NMNCEUI5y7Jy4noHdl/dxWNwNw4TfxEgTCVA=,733.0
consensus_latency,FhR0tNoA2EJ9geR/Lo64uX1lbTojhB2D9LF0c2TGN0w=,734.0
consensus_latency,OQognY0m9kz8XyTpkQV0grwsGhHsfLIjEMkPpfySLhk=,734.0
consensus_latency,PmzrA7/MNOKXNqb48Txa2UfGgLYsWmYqnx2I8tzxeFw=,734.0
consensus_latency,qBSZ3hvZ3ZwU/NeUbMTFcqN/y0MJflc2OdMlKmtIJPY=,734.0
consensus_latency,rGK3cWmoO+B6mCS2VevotxO4443pC9n0sZeKQyrkR8Q=,734.0
consensus_latency,H03TrlH6pExLZUH8WBENf6jtz12e8TN2lWt8q0LZaZY=,505.0
consensus_latency,SkmMXdAaLL3oVwv4USGpUDou0hExT1rh4CKoe9aCYkw=,505.0
consensus_latency,YuHvQT09kcAwwf8Jj3L2ibYPrCDLzs6GzOt6N6k5lwM=,505.0
consensus_latency,r8ByS+agQinws1absd4slR7u4z6bXatGFrPD/z+OLno=,505.0
consensus_latency,NGsAsuzxRCJ3/QUZG+aFzqHraRTlVMmi3wlr6sPas6g=,1610.0
consensus_latency,d/iQ8gxasSHvJpgsuDcHTZFIayyY3gOP7nx4A7IZT2o=,1610.0
consensus_latency,oU8XSkD0L0JvU1dUFTKcTfqKdJp9crSa6HoZd2Wdx9w=,1611.0
consensus_latency,zohYQol6Xf6AQtP9gofppx/2iyyIf72zCHjkBU0Jqe4=,1611.0
consensus_latency,ztIgyK1dwsSW4ovmbsXuspigC0SSc2Cg0MUvI/kwOXA=,1611.0
consensus_latency,iEEdIKhiNLL0xjNYYYUqGmBC7w77xinI3gtXS79Axo0=,1602.0
consensus_latency,AlfYgXcgfchcIuu01o1zJD2c+rwj4pg8FqZavdHtFHc=,1603.0
consensus_latency,3Xn0C5XI3W5owQBzkFUPylvdKjSXi8Mp4TUGGKuv7HY=,1603.0
consensus_latency,StsIfuLeJRocJJw/iPKSJwcg6MySpGNDKJm4TKuoDdk=,1329.0
consensus_latency,aQaLG8tq+nMMtazDw+W/uA5bzBGk46pELACDUPrmUrY=,1329.0
consensus_latency,dgZBAYbfvEyw09kLciqC1YsbNmCQqGv/Cl+LT6SK0xA=,1329.0
consensus_latency,37NqRsk6lglch64QTtdSJAGn+Iq2+7yQRP1cXe47Gcw=,1329.0
consensus_latency,98QZPQwsPU5oqxEqjyatQpKjFmO2jb73j2xP3XVH31A=,1329.0
consensus_latency,KlbwspQCyZmsAHFXPcJ0XMOCDO4dssgsOn4p+qV8clA=,1332.0
consensus_latency,PA8IQKcMld6I4RgZ/4AQnqUtlM/Sv9hjkYxWI11yTzI=,1332.0
consensus_latency,jh7PMYNE3eE96Z9w246BzyC8/aYCelv0HYGYWHMbqo0=,1332.0
consensus_latency,3XYYyKgdMKcbnxINXsqMBtHpDIWFnTM4F6sum2cPmew=,1332.0
consensus_latency,F+3YoJii8/GskADNH5m15JK/v1t8rG/o6WuDT2SY4Uo=,1330.0
consensus_latency,oisvrAx+bl/U4pazs8DnN+iLZ78caeskMsf2nmrcxyU=,1330.0
consensus_latency,uAEm+woC3B3GrwVIfB8f8Iq9eTa/C7K+RiFZVk/EjYU=,1330.0
consensus_latency,ueTYm/NRN83wovORUXlQY26P0UGQtppd7Buicz0sYrg=,1330.0
consensus_latency,7F+xXG60IkEH+ecOzAMKes4WJWDFTjLhpJieBvVbk2M=,1330.0
consensus_latency,8JAqVo32ZT3SjxQOLqXmKpWgUuvIEWYYkCyRLoTYyvU=,1330.0
consensus_latency,aIs8KumjfvhxRo/YJShna7a6/sza7yO/ksEYk29ZyBM=,1332.0
consensus_latency,ci+shcPU+MzLoyAHV7Xjfc7xfRR6Ltv4kHzmCYDqc5U=,1332.0
consensus_latency,9hi0pBzCVbGDYiSh3+3MkUByO/6eeiR7DizNUsr37Og=,1332.0
consensus_latency,/J8YdMCCcVjTxecR0okNVXVHGg3aAtG4i+M7exaMBo0=,1332.0
consensus_latency,TKKnQvW+kuG5dGrphqWhErCT50ifZYV5jjmlafTcifs=,1362.0
consensus_latency,Jfk1U2rfFuIUdc62jB8ayzPczlqDtcCwjgSDuI9E0cA=,1306.0
consensus_latency,UgBDotT7mRBR46cFRwUjDxaTGDJxUYQZL1ctEksHc4o=,1306.0
consensus_latency,VrGXqlw3gyuhqGwFECtsw2wfNZdYyKjHKO074D746EI=,1306.0
consensus_latency,V2IJo/s/P9zq72P3cNTh2YDssiDQMmFDf4N15otP7w0=,1306.0
consensus_latency,8sDtky1AXJx/N7zcWz9JD5hMb2M5EjOVPhy/w9kwoIk=,1306.0
consensus_latency,BUVW8wgOqtJ0GAQX+jyQcvtRaGoXrPvYkzanVFg5/Eg=,1302.0
consensus_latency,g0tOzDLVNDeFsb/QekxZBcriFiCWgWuqR2l6Y0cTDZE=,1302.0
consensus_latency,sqqrYRMSkHeWXcdLh3Vq8y/AKlKC61dLPNaXr375/t0=,1302.0
consensus_latency,XWj/uzpCa7J6QLkCkG+zV4SrXJ5TUZg1pvWaGzvQot0=,1374.0
consensus_latency,jT6d+gu3d9HUUt7Wl+Q5yFqAgcAb+ypz3wKNwtidp5k=,1182.0
consensus_latency,vq8eF19DlUCkt2cMIgaF3C4RdPXmNqxTL9PL7WzNXF0=,1182.0
consensus_latency,9cZ+PJBqk7WBqCnzRCAxNquerxjP1IM2AkX9Qg7G6tA=,1182.0
consensus_latency,FvdAP2sAP4mxGGPPg8L+jdPv+9TqaJ8zk8DUTPMwN9w=,1128.0
consensus_latency,WZhLFTdzjFULPnGDM9pet2K8hve/JmVSyM+HEPZp8iQ=,1128.0
consensus_latency,dnzxoznncqtNwBhWW3Uq6iH0VzvloHbOzVda5xl4K8c=,1128.0
consensus_latency,5UNZ3amLmecKYbq73hGcjjJpz/czK1oFY2FDkaEC78c=,1128.0
consensus_latency,AQzb+6R0Jaku8HaSgC3oMiT/Llf2CVeh6gxQaJT441s=,1180.0
consensus_latency,M1xZuJV/yJB+5EGT8xX0qNYPNQlhFk+0dBdoHI4fZ+Y=,1180.0
consensus_latency,fJ9cK3h1NSONVliwOXJCaawvvn5kTh0GnMOAMMw9F74=,1180.0
consensus_latency,41nJOEejztORpFVoAzksgCMxCGl8QJqXaVuL68aZU3w=,1180.0
consensus_latency,CJTWCbmR9PBZ0ORfreh0Aex7ToBJcKdmyIJanEVVM88=,1132.0
consensus_latency,MJuoHUFeF728VjD6tg5B+Tq+f3dza1l4+r/TK62AIE8=,1132.0
consensus_latency,SEhiVm+hbb20lepw4svTfdjragR0dS1Ixg802uwlPA8=,1132.0
consensus_latency,hAgY53bloC6C6l9OoNZlntBERB4KoVNu3MN58FgwLGc=,1132.0
consensus_latency,mAFar8Cc7MynNIYrLagGCDVPYNISK6++4XQdP4KNJC0=,1132.0
consensus_latency,reZjwY3JmCaFRVvd+RI4wljv356RfDaKVwVdRRSD6bQ=,1132.0
consensus_latency,DIM/paLw5sdOU64E6Jq6E2a964wwA4FWaytYUSIwaec=,1180.0
consensus_latency,HAYflSMqZuR9RbOD7Z6v6T1yluRAJPuX2miHesTnGdM=,1180.0
consensus_latency,WRXVxR3XF6quHntG0TH3DOYqxfc8/i5P8azuwISeaqM=,1180.0
consensus_latency,ibwvTcC+Y8W654tNBzSXxt9D4EHkAoa/lhgk0fQxaug=,1180.0
consensus_latency,kccNaY5l5gwkzq1QeuDAF7vLPz9QSfDbDTGjaTaMTDE=,1180.0
consensus_latency,d1G9+FdcFUljZdIzz78HZNrMNKnqEn4eCDIySgq2++Y=,1177.0
consensus_latency,rs8x6xRa5noSwzhunLm4stjgqr8R/S+OEuQeZwd8Ims=,1177.0
consensus_latency,tqXDo83QI/l2Up+J15d9ubHM0mWtsHjneBzJFseoUFg=,1177.0
consensus_latency,yhnYkuM0U8arOLWAG3taD82FQ3zskiYKmF/55vB81Zc=,1177.0
consensus_latency,15QDfffVSKI/ZD1sfrMwtSNrf8fOMNroR+9iaLb2+1A=,1177.0
consensus_latency,C/6fe0PGVfLk+/glD2iFaR/O+lAwOn7xXuK3hL2rRt8=,1180.0
consensus_latency,eprDQdEgFe5XtCvT5SYsx5jNPs0s5MPbf6tJXyEhuZw=,1180.0
consensus_latency,j0OzD/MaBtrs9QR3hnH6wN3My1yGEhG/CYZwKZC0XTw=,1180.0
consensus_latency,0jl/NuK+AMAJZwPpRVeiYM6MbVo1hkvOO2w2bf8QXNE=,1180.0
consensus_latency,1Z60TWfq3C/cI+4sICE89MZTgoerx6jdHfu6Wa64jlI=,1180.0
consensus_latency,jzMFW8InHxYF2CcSG3qKjQfqhRmVJW42VZPDg11DiFU=,1129.0
consensus_latency,k7JmuNBg3XXq4MfKBVXr/tjID00RaI7eKRh18XBbYhk=,1129.0
consensus_latency,6JOS4V//toQQGinRzmioM1PPiL+0Nh2rAJLEZKFL1Vk=,1129.0
consensus_latency,7W+8qdZ42oQ8BhJHnRrxw9i0/PK/zYP3H/0r6bIht0w=,1129.0
consensus_latency,//HsASGp+a4RRjOkSgJgzXLiOJIRHiR7Rnag7hlXUGE=,1129.0
consensus_latency,KJbHKukgX4N3jOIYq3a00SlaGztMMQHLcJFfUoa6FzE=,1181.0
consensus_latency,QfgDxIk/FolO+08ej/ohbxRDkp7mwV6sHvJCsQRMZUM=,1181.0
consensus_latency,QwLu/XtrCbpzc6ZIDB5SpcJ6OZNoYCKky5QTxO7QwkY=,1181.0
consensus_latency,g5CC1MXUIQUgCEo5HXp63PT8NQx0pXyQgKFaRC/peDk=,1181.0
consensus_latency,8KApLJqpsOFlj/Px9ufcde1GR/mF3eC5PINX51l3ca4=,1181.0
consensus_latency,Tnr4fvCVmk7bvnkmSm9er3NxVYZE+waru6z1gGEunXU=,1103.0
consensus_latency,oAkMSq1NttKtUoelCw9jFY/LGuTqlJEaE2Kf5i1rh5M=,1103.0
consensus_latency,ojs0SI3q5aidcd2qMMXWec5el3VDKLk7l99z/kkGZbo=,1103.0
consensus_latency,vIQOIxivOw2o/gVR4yuJOAoZhH/xmFPfIqxbLrc6YYU=,1103.0
consensus_latency,GlBl6iEPY+uERKnNTD35FpFEn8l1/EAbjN2PdERj0UM=,1103.0
consensus_latency,JTOcfZp+ZRiOp5gURwBr1gS+ysTbx44z6dWUWVKlxpU=,1103.0
consensus_latency,peVnIovwG3eFnP9YpJawRu5+CBH7JsjuG51I9yz85Lo=,1103.0
consensus_latency,w1T6xcgnj4ODShuNq1OG98+E/jpB+rdqIXzikc/am2I=,1103.0
consensus_latency,EJCiCRKPNYiD6upDDYlmzp776uYqWknhVbVCUY3AkAY=,1101.0
consensus_latency,c9ZsoXuziNcYq41+RjlXcXn1D7hbdwAuZXUmLfT4h64=,1101.0
consensus_latency,suFRHld6POiHrS7gzMPYc7teS0BKg/ZLzQcWkzp9DGU=,1101.0
consensus_latency,uRKpCkFzogH5lmjSiXd560JgLWc55Z6XWEO0hEAn+TE=,1101.0
consensus_latency,Ll2n/Tnk8Pt8CJcoF5mWSldRt6Ch5RhWPlKSQyAJM4Y=,1103.0
consensus_latency,NZ2dNIxs8WmlqnBFgX1Zg+s0c1ZhELPGHEE5tiZ69gQ=,1104.0
consensus_latency,SvRlVDpO4qF8nJEgIBgliQ9a8ZNOfjpVxgqi1cCdjT8=,1104.0
consensus_latency,emFHyk5DyScO3EJe7tRTjtN+h2iQJRdGfPkoTlrBhuY=,1104.0
consensus_latency,K7jxNnKgkwrF2AIOvWqgWydJM+oeqrflU0N3/Gt4Od8=,1105.0
consensus_latency,hUgnXezgw7hiryRE3q8Pp5jDHcs8abtYCQm/QXlZxw4=,1105.0
consensus_latency,qmeXIodmOvmPduY8h71kxDj2m92Ahzv39vxHA+oklFI=,1105.0
consensus_latency,VSDE2OO2z3bTQSZRQukRCfX4ZHAgVxWdlFWA5+SYW78=,1125.0
consensus_latency,V+6dok7fxc3bSsyrBkj5mowYAXX+53BMdyewQ00dLCI=,1125.0
consensus_latency,YTodDokyWmxHLkJ5nHnIG6iEOef2jjkXFvtwLFJqsqg=,1125.0
consensus_latency,lTBPaq9IOm0S9B1RxKtI2WnjYjpzkLYYVZq+pgEtb3k=,1125.0
consensus_latency,4vAwB3ySUjHnxwM5Mr7Jrk5JpmL9p89LOvZUCE0uZd0=,1125.0
consensus_latency,6PWBynNAZmGAFSVuA8vAALHIeMBlmBkLXOYKS/hXll4=,1125.0
consensus_latency,+3TdR0M/Nc93QgqP6cRiWFLLNJB2urnCjrUycK1Q1A8=,1125.0
consensus_latency,KoaVqTxAFgmz/Ohtv+Ks+Qy+XhYZ3SbNZtmgFg4w3iM=,1104.0
consensus_latency,N+qoqIKwIeK/Z09VMJMOVAfANsC1Wf0YqUmFYZkndeU=,1104.0
consensus_latency,eVy9z1P5TDsImwMHMES1hhEOQWJmz//39oCrymVJoM8=,1104.0
consensus_latency,f0sIdGFUlGAY6ydC17+Mlh17GT5LkgSo9KYC8kNVHpA=,1104.0
consensus_latency,pWJDsQRUUN842msNA+fvhLPxnwxV+YiiDLwBW2dMxGA=,1104.0
consensus_latency,D3JnqPguDbSzbLJImp4y1UNgrh7r980FrlApuEHgO0g=,1124.0
consensus_latency,J0AagiuBPlmKixke4Cwg4cVk88jqd3hS+gViocbbQtM=,1124.0
consensus_latency,X4L41OSoo7OaMl0R6J/AHyOYbMgoJwa9zJ7xtc5Fokw=,1124.0
consensus_latency,fOe/GmS0EMz9xhDsCGSknspz6MWnCpQkldoN1JBviws=,1124.0
consensus_latency,mne62EWa7ztFQjCTVYuoHWg/sb/W2KbEMGLBJ7piIEE=,1124.0
consensus_latency,1npbWaN83tW26cbJYLlvbpq+f0HkOBZ0nZiyFEhUvGY=,1124.0
consensus_latency,YaTQWxRq8V6+RWu1KSE5Yk6ovDMsO1irXYIXnNkl1Is=,1114.0
consensus_latency,gzn20EfxMSM/O9wiYWG9p6bk7fYyssi8fklEA6eeBsc=,1114.0
consensus_latency,rItOw4quSykcTS6LwSYGiNVqcNlHqLyP/BxggevM7Kg=,1114.0
consensus_latency,1To9pIYqbaZgZ3y64StAlxDqx5vJLPv5XPaqXmt2WFs=,1114.0
consensus_latency,CTnZil9x//wbbJSzKYtwoMMcKmwPNzFZmn39zoD3ePY=,842.0
consensus_latency,DaBtbXLryohgNogeKRC1MUMq0S2lTdLi2jgY7XySFu8=,842.0
consensus_latency,OkhlZmlydWkARogPx6XNiSgNT595z5hOIuZNw5yliro=,842.0
consensus_latency,eGqWrhu1B8rJS909aKSvMn+caL21iqBTiRaCNBy6ukU=,842.0
consensus_latency,uRJZ6grPd9fKRpDLqnRMzacHCbNO1b2cDhw3oSgaq/c=,842.0
consensus_latency,DHwioyTstfWZ8Js4w72Uhv/GmPEsgPWCwQ4OEN2MuHI=,891.0
consensus_latency,lE8bhF9wyB+x1jaFrFFtGfHHTd46Qj05vWZAxiOJrzI=,891.0
consensus_latency,lZy/ww9lYNTOja14B3HnoScVv625/4A8zBbHTlczmjU=,891.0
consensus_latency,AvSsZ4Gip+halkbqzYbwNt+mM/X0lBIrSKXtJa/SiKs=,843.0
consensus_latency,GNtAEvKeJzDlAhjoGyJErDMEZSWgsd4nZjFKYpPo9N8=,843.0
consensus_latency,SeJYJz2WmbfonulVForHzpAsIX40YFZPlXpa88sCpxM=,843.0
consensus_latency,VhMQr4tE7aXu4vsaTgJgwZHPLF2STDC5kfNbX8Fd1Gg=,843.0
consensus_latency,ITVLqND3RNnyke1Tih1boZnHpq+AC0HJZ/M5QJb4Kw8=,840.0
consensus_latency,jX5W5ZKzomUDvANCh3xXT2yf8qPejOxVbfIK1tD0Q0s=,840.0
consensus_latency,j1vB5G2EWLfvxdgAuMG+ixNEZOVt8O5I5G1WoVa3HkU=,840.0
consensus_latency,nM5+fdddyvCFZRELMBQkydSmFkEm04I6j8gHvka4Ap8=,840.0
consensus_latency,yCC9132tW8s58rv/NoqVP8SnfCkGN21ybzWdVcTIsYw=,840.0
consensus_latency,N5FGwdPYyszF80K3cr/TAlPdxH8QobCKdHxWf64YEso=,841.0
consensus_latency,UhV6sLtz1Qh9DRlAZTu2VvRejsG+nZieSzjzNdsGnRk=,841.0
consensus_latency,hFUZw3oDgCmleqFgsEb0CMsf8e0xlnO2sllN9SdF8h4=,841.0
consensus_latency,l6vo+0pvNBamsjkKMWhHacDxNjIpAtds1BUPiHt/8wI=,841.0
consensus_latency,zCzEpfVzTPvrBH3StFbmon+1JXgRRkW+peyHk6lWCLc=,841.0
consensus_latency,+i6UJbQbFiMZNAEj0Bg655mTXGfzE8cKaNFGpdBVv2I=,841.0
consensus_latency,B1T5+IrymqbmhoI9lHC4AIBslFAH3C3aQC5JPuw/24A=,841.0
consensus_latency,K7uFVwCedgReqvrl6Wo9vsbUxtBas2wO55GR7fUCaAU=,841.0
consensus_latency,NgxhDqwSsSRbaaeXXfGmjFKpDOKvqBjsrXDWwBL+ILo=,841.0
consensus_latency,isDYbec2YLqOZt/cKmgvAVVWlKOehqIEKamngF/RzFY=,841.0
consensus_latency,KvpvDebZ33ZpMTJiFNIGmk0jTR5QZ9+KujrwkaoiTgY=,844.0
consensus_latency,R81UsxtKOJwjIhbyMJkM/sfbuKwrEvo6NTxgsR+JAus=,844.0
consensus_latency,VXCy4WHGLaHcchrSEQFnExY5Q7ioZzmH3u3XXAbFJcA=,844.0
consensus_latency,irxF4SMyqbYwNDvP0rHsTR8fxxqi01M/3qdJ4FRZc+A=,844.0
consensus_latency,5VXZRMg5xT4KBD6Guqpn9bTVKeyakx44NQdiRYVJ1nY=,844.0
consensus_latency,BikXzMCkFth174oXLk4YuSAxfbfk3N7LcDYfBNRhEM4=,631.0
consensus_latency,GdqfdHvgbUy9GJv8QsoqyFWyox+LoTGqm4+Z6urs9uI=,631.0
consensus_latency,g/M1MRPgtYHyEshFvSwcMLFUyQiUQK7UJIhoV2FAat0=,631.0
consensus_latency,ow0YZymO9nSsxE0taT+CFQLXU0q2c+Lr0lK/PsfNEYA=,631.0
consensus_latency,730M8ekMWDdk6e2lqxI7IMbf8pnCw1CMR4d8l1WfLeg=,631.0
consensus_latency,+7Q03i+rkPQ70Hef2FGb5hMn8he4G/rp3IPQwZyNcZI=,631.0
consensus_latency,DoObW9LPH4BEUaQQbv8HBaJEe1bxbeFJNbdFc3zX4HE=,683.0
consensus_latency,NRbs0GeCzWy7lh0OVpCqf/IaK/3B5DiYTYmpqsImi40=,683.0
consensus_latency,RZ7POEjdS6pMFY8HyUvYq1L4BdvPpUg9sjY8v49xFn4=,683.0
consensus_latency,gjr7cbO4ffXvHVxRR899n/4IrzGLuOqtp6UhgVjna5w=,683.0
consensus_latency,2vkQyigdPInsxapwDiD1cuFmZIUwbF/mV5k8A/iidYU=,683.0
consensus_latency,4sJAPqLg9ois4cOO+ex6CsOXNcUwD3hB4eDAA7Zkjdw=,683.0
consensus_latency,GKxuI/Mp8K0J9/ypW/d2S9EYFy1dR6iJXu8zklszQ/k=,633.0
consensus_latency,VF0bFaq79pCFkyg5kj/UiknLOJCgxrqziV4SE9cKnEQ=,633.0
consensus_latency,b929qElNs/0KSOsG0HVwp4eArf4vssEChYNuGE73Jhk=,633.0
consensus_latency,iF8m88kLSqwR1taQftlXY6sNG78R39Y1BnnPe4o0C8o=,633.0
consensus_latency,7FEOZIr3LK+syxuJ5oYZLM83DMl3aRpNzaAOhPZ+dAE=,633.0
consensus_latency,Ud0X5uSrkp2TXiKk+7HAQkrGL8gtQ9dBoBb+SZ2Cw9E=,685.0
consensus_latency,XEnOmDTUy8Q2FmORF8oK4rdKg5HhPzFzqFzKSdE/2l4=,685.0
consensus_latency,1e5hZC/+l/cUId5BAPszdFaywbg5x0l5SYIHtF3dnxM=,685.0
consensus_latency,4tR9IrLQs2ntMM6x1dWpmfIG93FSLCiO9qm/vZubFd4=,685.0
consensus_latency,ESYcHW7mvSvRrF20zR3ltZGOQBtupJOFA34tFASkaow=,681.0
consensus_latency,FY+3rb+sm0sp5UK4+I3b5irgENvRNS9uMiiM0/VEets=,681.0
consensus_latency,UV/kU+0yO10FVv17Mu3/IcLsWA2xi9jbvsMdZS2JfxE=,681.0
consensus_latency,gPclP1ooV6f9Xu6jsW+yaFyLgpmXTtWmTm+6G4TxQbo=,681.0
consensus_latency,2kP7uofUiXEg8MdpVZ7fF+bKUODd2bHOtOsNhc8tqWM=,681.0
consensus_latency,fW+oVHHhDZinKXpFELIombo6u7SaT7O7Awek1RYv9IU=,684.0
consensus_latency,kUWlbDaqetwhMIJLrv2zPvrH658EKGUFcaBNWR1qOt8=,684.0
consensus_latency,7tgoOtwkqvnJJ31G1MV+xLSq8m9XICsKohoTcRlf5lM=,684.0
consensus_latency,9zmVq6JHP37NC6uJSooV711qzVFOCjHBv4N14QSGn4o=,684.0
consensus_latency,/oebTRzqulNJzg5vo061GFvMMOIXBfa0WNRUry+heyY=,684.0
consensus_latency,XItFXomW9W5DPw+QIYpCuViAQ4z4Rof0EyiiwtTrmuw=,683.0
consensus_latency,XLTH47ZgylxxTtMoLn8Z/GgvD1CZPpA0SfnAjFA1iU0=,683.0
consensus_latency,b49LJiwMlW9v2Wokoq0PJ3Vow3oEZIJW6lDpwHPdsrg=,683.0
consensus_latency,k4QAkHOiAJu/7xfxEITzIbcy6adPPHwGJEA995LvAEM=,683.0
consensus_latency,0TA91XVmMExhTAzz6hrLlabxjltobmbZG+I9pNDiyhQ=,683.0
consensus_latency,04h6Vpw3KOq/7d+esxl+73nnFtSVuEJkblKaschBbDs=,683.0
consensus_latency,Dwhp46tAR1FKxzcxWEdSE5ltiQMMHVBp5y9GIyKdxDg=,630.0
consensus_latency,XBuHyUNFyBmn1H6rkOnA1Egwe2cdIDDw+D4d3detsTw=,630.0
consensus_latency,roAsyIzfqmQpI5Xri+5Apr71b3gUmxo6b+XLm0ayC5c=,630.0
consensus_latency,8kAsDGcMr1Ir7H8sU37Ox2SuAfVshbCgOjR9iFYVz8w=,630.0
consensus_latency,LbhYwA6Fcc9sWrltaJQ+8Fc6F37bGwucFfW4Bb0Xc8U=,683.0
consensus_latency,NilpeF7WS35Z1IIrAEpAB2g+4xiZ0igmPjfy9OHVpAQ=,684.0
consensus_latency,REJxqqmqOkw+Jgfw8F/CsgLdoX+ipgwc/8JrU2IrRz8=,684.0
consensus_latency,UubUHd2qPiUyhmQ0miWalwoZ0pxoGIbhtMmWYP5iz70=,684.0
consensus_latency,2h55mJzea5GUbfqLjVANydUf3nbiApCLqi0dYsZX5qA=,684.0
consensus_latency,BPvzSfnI7Ee3MxG1jvhDTCP9tsYoyJxzLgXaqhJ9aBs=,629.0
consensus_latency,wz3qcFC9HoW3qgSM+q6BS0hCf8JZy8VCldq68uNpFCg=,629.0
consensus_latency,9fjJ7uS/zl5DRDWtA2TnDa49iOmHlLcJskDoymCqsbI=,629.0
consensus_latency,ZoQMhl0fAHaWZt/DiMeLmWm+kDj+Wmy//hZ8RRQRJNc=,629.0
consensus_latency,jkLdq5pcKAzXPG9d0tJsP6Qsdbc/jJrH+/spRkxp/7A=,629.0
consensus_latency,ksz3VQSY5Itexgp6tbsXlsqdX7OeHYJLJj4rXLBMT2s=,629.0
consensus_latency,/77+QP0QAspgGT1llRqs2pv9TKFqlRXIX/bjtIrAYTs=,629.0
consensus_latency,D6m4ndvRqn6w2wzuw3D3xDDEdpUlFP6WqBXHZmQIowk=,631.0
consensus_latency,GAVhq3Gm5pf1aa3UWj1e0hzQXEYA3Q+ewNsgGR/Hce4=,631.0
consensus_latency,GrKLBh0K/NKh5IbcjQruKZyoM4TlAh01I3anBTwxkLE=,631.0
consensus_latency,KFNF6iMioCSVdkuUTfWZSJxGcTprvUhMFeHwisa63ss=,631.0
consensus_latency,vbBcSwswoqjLii7UKOiUpZ7sTSJgfioTGF2YEMtJc7E=,631.0
consensus_latency,Baiqbm8m4R7rn9O2ACT/grnofnZEsjEIjmVxvqlXB6o=,630.0
consensus_latency,LwVSf6n8dwOOOQwbP615qWgCM1z+P7RMnQ/rGbGkEt8=,630.0
consensus_latency,g/5AolkdiNBEa5OWpWHJC+30fr4jx9EWTk/c9eraqWs=,630.0
consensus_latency,u/6Tmr6vTxruwYblJRjmVSWJCFmoSJF4m/6ADwsT/xg=,630.0
consensus_latency,pY6F820o8IWAHuhjoh2SO1WXXLy89IPoXTBFkrOWeUI=,628.0
consensus_latency,rDFujdp8/YcXQSZ6TTT8QWY92XRWEf9aV52MMEDCmBs=,628.0
consensus_latency,rxwZaolvhylnAqZZfl9JL8HTneXJqzEFBQGPGPbql00=,628.0
consensus_latency,xmumZasW7n4Li2G3E5bJ3vfqvqTBtbfi2UM3cRTtwqM=,628.0
consensus_latency,kH8fPKbsnX9Q/56JMxZKkNCV76oKb9GVABAW7al7HZg=,625.0
consensus_latency,lgKX3+V2wG9u4ZxnDD56ETdy+SvTXl507EQAzXLtM7M=,625.0
consensus_latency,56cft/d0rYR0zTcnhQV90XjxUaq6ewPaCKcpB7Bxenc=,625.0
consensus_latency,CKi5Mv4R8zE/+RHlXeq0Mkw8wXZ1xpD+RK4nxCdOwIM=,627.0
consensus_latency,b1XjDXKYZV3X5PZhChUNcb2D4dkQd94T7u51XWEeLKU=,627.0
consensus_latency,qYnag3QXLUGkd7Z6YUN+I0anJQVzXPr/Wo63sOKvVD8=,627.0
consensus_latency,0Y6F+wc5HBW9iwLKE9gNK6CArbzlr4Gdqwm0pGXuUO8=,627.0
consensus_latency,FYss5hAbei80811jyWV56skeK8BJwf8WjQSBxM3F0x4=,331.0
consensus_latency,cxz9PCIdeO1+FxPR2ztfyIS2KWKFi6OWJcxL2PD68XI=,330.0
consensus_latency,zM2/w3PuF4+eyroOtnNYoDdRnGFjb5mhaUMQSP/BlCI=,330.0
consensus_latency,8b2lB0BwdOwpeiQB/dvs/kKcKWFgJN+OYbelDW4g564=,330.0
consensus_latency,+WL/YxM/YOWqT3gtD/e34QKurrdTV4tIZT3yXJkyJVw=,330.0
consensus_latency,16AISouN1rYDll7o6hmSiz2Kl0YQhA/kNSg5mlJY5hA=,1516.0
consensus_latency,NLWNQNj6bV2HI3Wb1meZUNc/rNa5cTuTTSMt3sy3r8g=,1308.0
consensus_latency,buq40eIJZmmHdn7SYpZwXMZ6lskfaKoFZH4YwlC6lAU=,1308.0
consensus_latency,L5VcY+9LoCTCkL3Fau+mrThyPIQ5/Wv56+s426eQPxQ=,1075.0
consensus_latency,cSndwKrV8U7N6FfwRAFMy5hYHy130ht5BdFjR4VBMLk=,1075.0
consensus_latency,3MZiJ+4S/FiklKA56vx7brKLJbh6HRTbFmZ21jpAjG4=,1075.0
consensus_latency,C5FtrwTgm8CUpXSA+o11Q47z+dDnP4O6EzgGkUoHSts=,1024.0
consensus_latency,FJhMzr8pxce+52GVJVTIqIH8MfA3wo8+/g8bs+z5msQ=,1024.0
consensus_latency,OqugbJX1SA+dBPG/50ODNcWcvV0Hai+DLq2Nhv2WxW8=,1024.0
consensus_latency,OvMQy3TZZ2RyamOOaV/iPlEs8pQ5EBVqScFRuF1IUhw=,1024.0
consensus_latency,9R2fu0UH6QMuoEKsTrib2RPP9NQIzLOZ9J/ZjmR0d9E=,1024.0
consensus_latency,M+J0QmCag1t/Y88KtMkgWXVjHq1kHHgKfHNsVns5MaQ=,1025.0
consensus_latency,bV2B81G9uB+Z6RlLjbYNE2BnODD8+93N05v6QaPHKxQ=,1025.0
consensus_latency,uzi830sQg96+fZxOBTSe503KRAoXNnrGSW5VT57OtkQ=,1025.0
consensus_latency,v+PxmByDpLYMhjOtZovh2yGVfd4ImpyNwMSnGWsizyg=,1025.0
consensus_latency,885QAXXrns4DulYTorLHjefPyHwoXQajX1UMHEjfv2k=,1025.0
consensus_latency,PQ+GrWl2bdtQe0HaHvZWGoXzT590hFQZTE4v1A2qm6s=,1026.0
consensus_latency,qsqQC/2PX0UALOYYOHNCo3w5s3nX7vkIdsoiQLzxaAE=,1026.0
consensus_latency,w0uHzxeIU4GEhkl46Di0PXgwAQjKC3FV+/Sr86Qexm4=,1026.0
consensus_latency,3EHEJqg3s9ZsXtbCWz+PaovITipnKN962HlCC88LpPQ=,1026.0
consensus_latency,8iy4fnWZEq6hwK04HaTI6U5SOMJyFp57futAtIbVjG4=,1026.0
consensus_latency,9aW/vopugRqhLYuA3QAtzzjWU1imXYmWAGXNj2AZWoE=,1026.0
consensus_latency,LenCdn6ylXP3sL0JVkFtRHBD8/H7Q7PbLxJwzMPriYc=,1023.0
consensus_latency,NCbsVxNBDVUSFDtHTIOoE2KAn9TSWOsiLkpVXk5vZBw=,1023.0
consensus_latency,bQ8M471UWwHgKeuBtcZ8JtkwdVt02cJUCa7bcnzhMl4=,1023.0
consensus_latency,b6QUXbW5MBV8viAudKpSAuGIjcnXdEFBbHUeGv+qzzI=,1023.0
consensus_latency,tC6SWUVnmOLlga7Dl9IBc04jcJNXYfTszHMQ4OFhMls=,1023.0
consensus_latency,9cxBtZYP0pdBZYmFYMypRo/13KbnpRR9U6uAA4fFhP0=,1023.0
consensus_latency,RXnNrN5vS7HHpNEmylOUSMKwG9FnaRsZf5JUbcLrLiE=,1025.0
consensus_latency,Ugf43cueLMgmHcURQkcuo10p6Se/boDreNc5FXQVZ6g=,1025.0
consensus_latency,aEBsoMqnNVGTUGgXYdydx1tHMq3sjc2AKFlVEtKROnU=,1025.0
consensus_latency,axeL+NfTjZr96AvIhxOUg2ZCq0+Uxt9ji+VIMTKe7z4=,1025.0
consensus_latency,bhh/TfxG/8wqxQ7Qpu+ECQVt1rMtRheg9lQslGb77mE=,1025.0
consensus_latency,dfQjpHHeK9lFWRbQIFUrzICW9PuFBvk7FIbdf+Hmwp0=,1025.0
consensus_latency,Fq5UF9mQNvi8oMCGgQirddCY++A+0bHDCxACYTlcPJw=,1067.0
consensus_latency,Nrc+nb+R3GPvkju6D4Y+2P4xxPRNVw8nSOdTBSQcweM=,1067.0
consensus_latency,QOItBWtYeWxtB9x2q+Jhz+n7/6AhA68XoOicpm+VYbI=,1067.0
consensus_latency,o+FtiKUHMeOpnjZ/ta8e7BY+KNbhD+uVml5MdnXU3mQ=,1067.0
consensus_latency,GHwRmcQ8ilWXOMR69TpO6fQ39Ir9FKKLRTSUDll50Yg=,1071.0
consensus_latency,M/0b4uFyiEYkiT6QqBdIY57lokvaoGl4rI/G/NgJgFA=,1071.0
consensus_latency,CvzYqAUUQoXyFvVXIz9drH6inqoEye7JHDVZxiULtC0=,870.0
consensus_latency,DdvATrPMPnnBb5mPVt/q3NLaAMTCwIohqfZKOAuse8E=,870.0
consensus_latency,dIEcb2Zy7nA7+xbgXrLZdnFfuj8zdQGhD0TDRM5lkVY=,870.0
consensus_latency,phkdRGuE+6ijHWMFkoFROfBLykvU2mzParoL+ucvgQg=,870.0
consensus_latency,3hxnbdJXf1mfd7C/uOWgtoQ3cJsQBg0O+gLYnyNSMI8=,870.0
consensus_latency,5OlV+QZYD33y19OX/gZUh3VSkZYXoiY6VD6buVZ4ULE=,870.0
consensus_latency,V14/9yysdpxBbhOJgQt73/v7SAmccWSL71uSaKdV0iw=,871.0
consensus_latency,c7G/qtWswB5uWB/7BULEpu8vZY985Sui1vQMS45/lyY=,871.0
consensus_latency,7U3BDUgCjlRA+ABGpmjnByISrEhX9cihJoDuOT7oJrk=,871.0
consensus_latency,HMC7JgIJE0zBm+ZvYb1qu5bvgjJPeDrOsGev2CQH8fM=,869.0
consensus_latency,PJ0vGn+/zGwwUUi4VpAr2P+EF1DJEOevEVeHu4orLkg=,869.0
consensus_latency,crOqFPqLKrwyHmdezwO3dRQfCbu+cYQ1pzP/OZ5T/fk=,869.0
consensus_latency,qAAEN5b3dN5uwxrOjHASqqvdCJLbOCKv8izayRsdnt8=,869.0
consensus_latency,rbNWOogS0C7gvkrpCSkUTULwenUCE4Mp4xkSxdiCBaQ=,869.0
consensus_latency,6MD0f263A4ThANWHIke3BOmDagT2h1xU4Iv1N3I3LxA=,869.0
consensus_latency,KBmLLsOr2AMH7cfWiR2hOUgbSy6ppBMtnqwLCIBymPE=,869.0
consensus_latency,figJmOr+l7d8WkrQPxzGlk7j/i+oy+sFlP0qAxmKaPY=,869.0
consensus_latency,jEtJZJo2Aubyn2+uz+lhEAAQOqbvWMgVPHf4oZTYIRo=,869.0
consensus_latency,1RmAZJ8E0Rw+uqUQzsqxJfcTDXf9hMT6jNPoB/890PI=,869.0
consensus_latency,5pssufM+GqC9LTwujXJUfS2eMB77Kb8hqaw+hJ7/k7Q=,869.0
consensus_latency,505rv/S1ppouKQNWN2UDV1VMbzkSPtU4ajs4Pc/zPtU=,869.0
consensus_latency,D2V6/n8U6PW77yMSIyAQWp/V0ycnj/+bbUzawKAgkDU=,837.0
consensus_latency,XLV4vNrAJrg568LVvNeQJ/W1Nf3UKJepd6yLawnwmPs=,837.0
consensus_latency,mKMvkLd6W+cKIhllo1u/SdZMoxsK99kpcW7Taa+4J5o=,837.0
consensus_latency,o6DreCvCkaQN1sl6k3qvq5Z3Yvmfe5liKc21QaVh/W0=,837.0
consensus_latency,vg5+8/gD49NK3dOv/VcdoSQMSrY86EPtpHEZL5MXMJo=,837.0
consensus_latency,xUPh+dLOk3QBNIwj8MhvNK4OhxhN7s7B6b1T5c4iPGc=,837.0
consensus_latency,RTzifWHxKtQdwZS/AuVuaBkShwACxvQ/UHz6uz7EO5k=,871.0
consensus_latency,S0vBcMUVlIMdbJzRIlQ70lrAJiKqmBBPuL8oenkhfG4=,871.0
consensus_latency,g2UGfFaGM7zWQPjjL588DQfQxss4MlWHgMwXGUG/ddY=,871.0
consensus_latency,ozUDs22pgJBjz5rlv1h+wu7OvUnjQOSccidyFujVsio=,871.0
consensus_latency,zeWPQ9kMQ+oUnYlPZ453p0/SkrUi0z5NT58E7oEQWpI=,871.0
consensus_latency,cKxLsyIVgE9anLhQByg7dKZToXp+FJy/usQYCUpdYfA=,870.0
consensus_latency,enJewOmagkq2b5RSnRn+dQZweBhWxFuErOYKztT6ogM=,870.0
consensus_latency,mNrdpObtmmAvXKglKyjny1vNswdIgYNGYEwuA+7vVa4=,870.0
consensus_latency,tusloBFS7phPD9guum3qHFNl6CK82B2gD7xyVPO38Gs=,870.0
consensus_latency,9FscpYWjWxiqHlqDH56QMV4j5Md16FIk31WWNbh64Lw=,870.0
consensus_latency,/xewNLXAV05cpGj5JV0+y2hGKBJW+Ff/0qMzT1ASDlk=,870.0
consensus_latency,DBHzSJQg1sAxGf0nslIZ5id7vGVFY8bX+k3m84Ge9Bg=,816.0
consensus_latency,K497mAZYUGLYuQXreERQ0ClA5rz1dbBF5bl7b9z63Es=,816.0
consensus_latency,Z/evOfXvsHYkhSkP/qRvpaSFrcuX1SDsUuC3Ko+vPd0=,816.0
consensus_latency,2VtojnbUZC3F6ZWzI4u04KMTGKwb3hfndFnUctIlxGQ=,816.0
consensus_latency,DMt9PxmkzvjvUHSutiMCSK/xeA0V/zLOO408OBSCRyE=,818.0
consensus_latency,FVmVtCgfYOakff9IaUxEf5aCORdvdzrM+2Abbrw9AhM=,818.0
consensus_latency,7id0wHAMbYIRTgi5s7Gkg3IKJlzzhbcEZIJmerANZhA=,818.0
consensus_latency,7qZ2wlpv9zDBCBTTReYnPb1wYF9S+PPuq/c+Q7ijVY0=,818.0
consensus_latency,Gt7N4xcexw4KPVSp7mDWzZc96vCLteXCUmf27bhHjDs=,822.0
consensus_latency,HrGdAfmzsbDAb0nY6SAzWUnRxsbsIJUJ4apxX5ABw6g=,822.0
consensus_latency,XVAu813dChLJexW7geUgJQRvCegx0VAh+ve1Y3XEOZM=,822.0
consensus_latency,rorV5rXQFCYihkAaX1BhaYQoWzZvGc/0/BYM+v5SohQ=,822.0
consensus_latency,c6hnA+4ImS3pMofr+QuS8D6IYhcziKnot69h2Dwhyp0=,819.0
consensus_latency,v4zQsX25kNfTMBGru3Nswf3jSl3S7a42Ny7M8m7P5uU=,819.0
consensus_latency,2i3LPvpFy9xOD9B9k+N27rCQrGnEQdVkO6JuRqAYsac=,819.0
consensus_latency,/dhUBSRweC/WnFy/J6pTwfO0lCe/TwqwXuyn8oGTahE=,819.0
consensus_latency,O24R67hP7cDRIiXRZ0KR6HZ3Sx3tHydOKpKNXk7h+j4=,816.0
consensus_latency,J7yHUWGOGephVG9IUWptgIpajioAwe4qYxPNgKGLVNE=,818.0
consensus_latency,ZJYkKaFlFxiuIVgjy/OAOOCGRd40z+lqrjdtKUFq1No=,818.0
consensus_latency,fjY/YAkR2LgtHWt98gju1d8ZtsnpPcz/tti7tU5Wu00=,818.0
consensus_latency,2Gj0cX4sv589tlfb5RTt2b0z2tFBj58vzG8KSKMLpJQ=,818.0
consensus_latency,aIhqz+FgRvvc4UF5lullmOUNhUoZwZZnc3zHGTNE6+o=,818.0
consensus_latency,dIqg9IMj3718TswI/Cf2OcxQ085sAT3phVARR10fHgw=,818.0
consensus_latency,fGVcJ35euBZWr+ImxDwgvT2V40vaLuBQs2ScpCrws+c=,818.0
consensus_latency,ji0GjMnl6R55gSWlYbA2iGfZkamR6AEw2ombGx95Hqo=,818.0
consensus_latency,A2kvmC+kKHQg3opY1mgrgYiQ40F0l2YqMJW3tebgthM=,586.0
consensus_latency,UT4Jm8nVuooHVibsnS+auLyctX1Zfd9umYxw8/uXfm4=,586.0
consensus_latency,ZyLhLNkclTRwNg6dkRN+53vIJEe78tvsM9g6+PRrD3k=,586.0
consensus_latency,d/zHrNTHESAoIXAMnVW4P6MLHFzG08Br3ovEBR69isg=,586.0
consensus_latency,hy+dphi2KIBBQB716/KxO6SKZq4lhnWSWhkfRWiiirI=,586.0
consensus_latency,60SWdlebh2CEyl5lRZdj/Z0r9oWiqoLWS7yZFDhYRgA=,586.0
consensus_latency,GkWZn5gAM64r1N1R8ERHXCKv7tLcRAIX+CUv9GDaW6I=,1165.0
consensus_latency,SB/NdCCpFKfoqwG3tUivBnd4lgv4s6mNhtJ/15rbJOo=,1165.0
consensus_latency,iv1ZHkJR2st8to5GTZSo61ryda8eO9BwS6WXhD+b/is=,1165.0
consensus_latency,wC3En9ZNMba0tL7hFHrHRMCtMMj6Pqku8zSRZhYbk50=,1165.0
consensus_latency,BZbe6ZGYnLavm3xi44Hb9AlvANx+aAbIfJ3FHn6AVOw=,1162.0
consensus_latency,Kw5hSB9/hUqAx3BRJTyDWa2t4kBT0hNfaupnIaOUpKA=,1162.0
consensus_latency,ZT4i/SwNxUEOaglweP3DrWmAHsEREJa8bLpPoicgdBY=,1162.0
consensus_latency,4+IN0b+s6RuhPezEniI38bFsfTj2V3T23lc+x3oJ/UY=,1162.0
consensus_latency,6gTFKhjIzILuH9QQyawsS9UVtIcdPqqctySe5IHW+Ls=,1162.0
consensus_latency,Kp66vYraqdTfdVmoW9xmPe/aSDN7SFadplwHuKvbBZU=,1146.0
consensus_latency,I0fkaBsH0HrDRZNlqnviUulMtXePq7E5yivBNrB/sYM=,914.0
consensus_latency,MbScL4OPtB1jBrD7TdEv2EnIEfks7hHjaiFILWvzzgc=,914.0
consensus_latency,Mn9gS7fxvoS9yAZuFybW0Hypr72f5o7Kg84adAtOHGQ=,914.0
consensus_latency,VwGei0/Wt/xAwbJvOzB2tWMu6PoILumITb90+nmJmYg=,914.0
consensus_latency,GAUWHJdswT+rn5K3441s9h9+OWWmSHNlJl3uZnfhns8=,913.0
consensus_latency,dgfRTncad1gw2IuGY/R7f54pbtEDtVTHAss8LXau6zs=,913.0
consensus_latency,hcM+AMZ6Zm7QwA75JUPXlSHI4ZH2bTVNTGCUgBB4OK8=,913.0
consensus_latency,2gy63ejv/1u7p6FnZ6CLGv2lPTT+ZF6/1mjOeKKovnI=,913.0
consensus_latency,32X+40LtDfqEdntIJmf0brHOamTvzCGLLdxYDLlqeCA=,913.0
consensus_latency,I+cElSZ8S0M5ap6M4o6rvVXwyhhlBhPw1/6xHKof+T8=,914.0
consensus_latency,Kjw5hSwx0jtI3qQpSCT8HgOeAoP4uvDuBAjGmO2Ki/k=,914.0
consensus_latency,LAZx6nnHLPso5U8A4GN2rYADlrSZUKA3x0LiOSiT5aw=,914.0
consensus_latency,bNnJJCxT1KFzf9EzDuIemsHh49w3vodqyNyrsEhWc7I=,914.0
consensus_latency,51652E2wowYPnZ2ZZutQhgVXW+uZN1zaRHG8m/pnhqM=,914.0
consensus_latency,g6nXpAK/sGgdjYTXCT1iuPQSF6zlYqXFQ8JOE8uxS94=,927.0
consensus_latency,ngijfwAI1Zqrna+WhC4uHFt/Lj5zjiMbFjyXMNnX0o8=,927.0
consensus_latency,ovhA5YGG5c9LVTuCVonKAMsrB88GJi6RLPplrRixOM8=,927.0
consensus_latency,s60WGlw0YDMuD8z9CaF/988xCitqLGqCeocclAVdSoQ=,927.0
consensus_latency,558R2X5rX4r6jO1w0cy1koyVbafXRs1/tlOPD1bYEA8=,927.0
consensus_latency,NNovYJ77gbziY4j11KEtjwT96Qil8GHykkS9gWDBCVo=,921.0
consensus_latency,qqPfn/kXAMNulXKuFwBPnzJ6A8lhv7ZqzS/2xsM8TGc=,921.0
consensus_latency,0RkmAa/c8l7BHbkjwgJ5+tbusRpphMR0nLSXQJqodtg=,921.0
consensus_latency,UTm3jJcVApP1ZFjY4Thk6OzFDFSZQ8L5uNAn6FQqXgY=,914.0
consensus_latency,l+V+S4jpB9e3WZ3yfc77QRAXErb9VWqGehRFfImWuYU=,914.0
consensus_latency,xx9Oldw+vRJcLTv3H0VzC/d5jAuYhDSm6F/E8nkol9c=,914.0
consensus_latency,+XHitSgalAfMKlXzk9cXXNoGNeX1QNCZv8GZZZrHkZk=,914.0
consensus_latency,UEpTx4bYQeNpVjB90xE6ML5IE2VRvBYf5iKxFHm9V6s=,915.0
consensus_latency,VIf2SMuAwEwVYkr240AmcuvRNtyS2R+OzDsLkN+t5/Q=,915.0
consensus_latency,c0KgPnV9o2bMYtMrrAFXVQPxvn4akqy2yU323tjsJy4=,915.0
consensus_latency,qJ7UhQlzqn3uOy277vFiLzZdYsDwDsyaNyKGoi+hKHo=,915.0
consensus_latency,r3cY1Y+DNAEW9l7USzQ+T83GpAfFajMo+SuJExynz8E=,915.0
consensus_latency,EHSYXrLkXBtDFLLb2SniyItSyySEZ20pg6xarqUXWJ4=,886.0
consensus_latency,742eAcME9DnC8quhHVqP/se0Ay5qjOGO12GrJZZBEeA=,886.0
consensus_latency,EbSW/h3GihT++bHBrI453blxn23o/c3b8vOLfe6QMFc=,729.0
consensus_latency,OM7/miZ84j6b5a/L1tEhPQJjg0t65eiujBpS0/CsppA=,729.0
consensus_latency,hvzMfgc4PrB9Jma+SBLxlsS2tkPeQP6KcvqpTP7nyUo=,729.0
consensus_latency,q7PnU2AFfVyCgVnQrljwX787bwPEr+e9XZSgGvYuhO0=,729.0
consensus_latency,CzkbLmL/5cCBjSYtcQuKJG4Ig9oCNDCwBYdkosdB00Q=,674.0
consensus_latency,IgDOglbSAW9mrIa/VShoNXbTolEp6MEzNUcmcdm3QHQ=,674.0
consensus_latency,Leq+VjLp1Y89tCienDETggxh0S3NYF/bzSbAvRunWM4=,674.0
consensus_latency,QRc/jS47Ww480WQA5GLtUt0wjB6DALUCfwj+hEkzvc4=,674.0
consensus_latency,SOYoET2u3CaX9gUyvl+vXy8uw4VIP9IStqtciEju3Pw=,674.0
consensus_latency,gaxE3VlYtex9K8XQKIdKYIT485YEYaheHwrilhvdqxY=,674.0
consensus_latency,bCu9a93H+TtdqQuWJM60VXaER8EwghDQEqgBdfYpOHc=,730.0
consensus_latency,kVRiqJ7p/KA0w17/FNCjjFxaCm8m8mQ3OdamDuE24RM=,730.0
consensus_latency,oxfyIFZTPeNohqooSUZsoN5J58KOxuNPTEpkBo+ljUk=,730.0
consensus_latency,09kp8sJ64bumisj3ioY6gWfShSg5Tf8Sra3Tn+FLWbo=,730.0
consensus_latency,ibPVcwule7yWyuQM+kGmeMhlyVwe0D9TBeeOmnV3Txw=,733.0
consensus_latency,zP3P0J0jXxbaNwFNInNehxL3kR7tlmKoymJbet2Gs/g=,733.0
consensus_latency,9UHyEr4mH7mPx2wZtNpZ8RjQuVOuXlg+x+qrQSglGmw=,733.0
consensus_latency,9WxiikXtf20X1uAo4rpY+mB5AhobpTnS2Af1Z1Gi+FA=,733.0
consensus_latency,Cl/XrPp+hhw5khnKstTAQRUyfWtJFsodX9SRjBBcaik=,732.0
consensus_latency,RQvjyMdS0y1h70FcoW5aKfq8fSpVAWichGgediCDIFw=,732.0
consensus_latency,bhArj4c7PR1BO98sTYKbvb+iBU5fidnwqCx9XipYTKM=,732.0
consensus_latency,rCIekPfF2JEVFHje6DyRrKWtGw5yce4TMw6WhyyKFFs=,732.0
consensus_latency,8+xQPpH4GuiYpGlYulRKhZKgIG3Pd8HY/NgJJeBCEqM=,732.0
consensus_latency,Cyqm7KtwRmj37ElonIA7Ik1RjkueLw3l9ayn3iMg7uc=,731.0
consensus_latency,HBZZGfZ/nMtLR4ONNbYzn4JkKUAEwVKoBRBaIUWpXQ0=,731.0
consensus_latency,JVvFfXt7PtZ2GiyYkbcaBbUSiazFE4yL1Oh3u/2Hq9w=,731.0
consensus_latency,yxI+6wQj3JOiSDwruK81GfflgA5A0T45K19DEkIDj+8=,731.0
consensus_latency,WadWZQyxrPhFgK3n9A7uMLCCbQzsJDZpog3KHQxm/Zo=,731.0
consensus_latency,ayIUu1vMjG3stKGIdKIyU/yTSeAz1OEwed4Qpc0UJVU=,731.0
consensus_latency,cn19cdRQ2KQeHAy+vJ/4I6TxTXqmoaYWPBjPod/b5gI=,731.0
consensus_latency,tWeo/pDHhuMp0YvfdTn2aQcuqUEhYGNF7VWiuD1VYdY=,731.0
consensus_latency,6kHA0xfEdMc28nSKde26w+w75J5LsAgSa4WwGmJ9Ec4=,731.0
consensus_latency,AqJI5mYMVLCE/a3StuppFUxtaTxpMv9wFGgbvlPTBvs=,681.0
consensus_latency,XX/PYkEMrN9dH99NVUJbPhtPfrVBUpgGkM7P055zx3o=,681.0
consensus_latency,XrywRE0F89OL3qRczt4y6U0QBC7wq0UIGjZ+6Yn6wzI=,681.0
consensus_latency,rq4jQGYFrSb0eLkKHe1/eu+mPAEybfT1AZCx1pmZ7G4=,681.0
consensus_latency,zzxJTbsAGHsUDmkUS6PlZAYCHGoFU3IvxFTORWJLMQ4=,681.0
consensus_latency,+59wxRKb2/MiULiZeaqYP42SvJVEpd4azYC9ZHhWYdU=,681.0
consensus_latency,A+mdc2VhN/546B1O9Uux+xc5hLOaPAL0lu0cq0cv/84=,625.0
consensus_latency,XmEh/f7maj/JeHRenZT63OlqlUFNrU4F7XCitLj5rOM=,625.0
consensus_latency,e6EbvKBLWW8wlk/wezVW7qQ4rFEC/40iPklj5REntws=,625.0
consensus_latency,1jIYd/2LbEP5OuHyZPjMtdJxLOS74F116pQ2GlKnzLE=,625.0
consensus_latency,7+09EzFEzJWURjM7EpI7OfhRgPJWbY/MbNM7Tk9brlQ=,625.0
consensus_latency,HG6cHazbYLkMabCEabFeySfnH6llUZSGgtjJiMcmAH0=,624.0
consensus_latency,NoOo5yveYMwMsyNCfQkyTNG2tEemzukTsO6iOtK314k=,624.0
consensus_latency,enDSQ6ANhgullaWadbZyPYrAgeOX7isCRC7M4YYT6cQ=,624.0
consensus_latency,n972fVSZxQSHu+fvICrux4TMsCEgL6fzp2vgNgQNVFM=,624.0
consensus_latency,1b9B6lVGUq1lzRzQrTXEop56UjwzwGv8ApHP6pMn1Mw=,624.0
consensus_latency,8PQ9DWccgle58Q1yLmapFnv8j8V6KNLdc7/YnYHQeUc=,624.0
consensus_latency,Y0lRwfc2+KgCxGITh4TULJCvrAfaJPvM5Fg8J1KtHHM=,679.0
consensus_latency,JVSnR9JaYDf0ybuvQo7p89aglQs0zrI0Qji/LzoasQ4=,624.0
consensus_latency,Ql+5JYglGdKV52kD0e9tCagoJOGglL14aGRMe707+jg=,624.0
consensus_latency,y1i7JmJ3Ru74sKTf6cAYmCWdXA4t1G23Qf8/mWetCfg=,624.0
consensus_latency,6KVygMdlYcbWtLn71ULWJchB2mv2kgLKJDYqgBr9v7E=,624.0
consensus_latency,HcNrJzbek5X3HAKDTkQc34eie8UkaF54/CNCWSq4Qg4=,622.0
consensus_latency,LnzoTryS/Ff9iUhIlR1rQmA5VQ/2YI+R/uD2eh9a+pY=,622.0
consensus_latency,leUR0DLW0qMfRs21nGYYcF0otoxgH5WI+QfdztfizU8=,622.0
consensus_latency,owVOnS6boeNkwkII6bqfpwHam0gZSkukyXFfBLye6W4=,622.0
consensus_latency,57ysCniG/tQEJK/7nEytdmp/38RZirzoQw1CC4+aP6g=,622.0
consensus_latency,9V//UWslgb361DwG3cd7Mb4o8n5jvLBZseIl+oj3Tf4=,622.0
consensus_latency,MvqzFE6a4RTmvGE1j9ijBnO4ZCSUt0X99rgxjxzc6f0=,623.0
consensus_latency,NMYnjr3O2ko07HNLBPNtuqhe7smRqpxJCnHp5XlOrfw=,623.0
consensus_latency,kIrrkELI8ldi2m6JnXatSo+7lw4n1H7e6WgXshoOfFw=,623.0
consensus_latency,tTkx+OGn7C9SHk9Pl8CM21lltgB4rm/3i40AMB+yGks=,623.0
consensus_latency,xQj1btFSC7vyxjWs4qYPOkvxGI9hzTlpqG6RtlX63Ms=,623.0
consensus_latency,1nfLdL4HRBpOaLj6GzrJfASH284sFESm8zTCwtVJQeU=,623.0
consensus_latency,OcB4eFGfSKfRbnJMK9YCXC26tHaUjc4b5dhtWWi0+YI=,625.0
consensus_latency,n873gN4lGFaeq2AS1ToqZRB27QO5JvWM2xMZFyNtU5c=,625.0
consensus_latency,3yRBzWOMBagUVcf823RVnND8SjeEbHzjX+1GMyfXGMk=,625.0
consensus_latency,8uK34o4P6sQ7mrbz0YvmHrEr9zKz6gnlXhOh8/U8jjI=,625.0
consensus_latency,Ek69MNGgJGkt6XSwiWwUa4LmUigm3p8MjuXQ1ZWcp1Y=,377.0
consensus_latency,SF5RQpNjfISAO4biaKNTL3zKHHgH7FJ1uysnUz2XY+U=,377.0
consensus_latency,lTAscLmGFEMgmP52P6VTYt9T2OXni6h9CGkYXrk/eSk=,377.0
consensus_latency,linPZBjXXWBhvelqHQVb59yxmDPkoKA4Hxmc11XfT0Y=,377.0
consensus_latency,0hszeaRlECQZe0A+Eg4aGJ7Y2lB/tlGpNST28BnNsWA=,377.0
consensus_latency,DD7oqlqHwt6PpsBSDq7HWBzIO+lt5C3o3UThhmvQrtw=,1148.0
consensus_latency,TiWTvnNjJj27Bi23B5Ff5p9qHtgLc4Bp1gi01Yj02ng=,1148.0
consensus_latency,mM25Ezk4uh7l+eaTiZgW0s2dWkx5ySaRJxI9P/qDKi0=,1148.0
consensus_latency,qtoFnB6qCsy+Xp+hyPHvyEcLoLf+K07baxk3UlBCm/U=,1148.0
consensus_latency,5khg+2P9ZdYOMnmobfVpBkAuiONmHcvgFU/0Wew+9Kg=,1148.0
consensus_latency,/r1ezmy2ijJhuG6VtKFrBaXsQEH3IgYL7IcNXRg30/w=,1148.0
consensus_latency,JyARdO6ZEI61lsJdT4SC1YtMRrJgsXBbbhR1EdYkazk=,1167.0
consensus_latency,WCqoQvOaqZpPv599NKQ8CQJw36GU49BCRrtgpYMGReg=,1166.0
consensus_latency,nyPUoeI560R6ZMAgtWAfW8wrkEQdEGTxPFA9EYckkRw=,1166.0
consensus_latency,1GGUbpBAAp6LNHFfoIzorhsF8kkWH6PozbSCPlOPUDo=,1166.0
consensus_latency,3q92UBnKbbuuGaKv9Ur0auZbA0vKe3BroT1/ORlBQRU=,1166.0
consensus_latency,FmHsDzKY1qVUgKHN/vLfmmcMXCGv3gWfKAU5WyGwn24=,875.0
consensus_latency,Mwj+K1DSVntRqwfWBgK/R2oQW3OoZTBVxAeX0p0X2zc=,875.0
consensus_latency,dFx/nz5g8iyga+l8tvcl9I6bojs6ScAnRpNq17/St+o=,875.0
consensus_latency,jayf2ZictmBq9f7SJ+AEFpX1/DgsjA3EXJPZDttGMgQ=,875.0
consensus_latency,tBtHXL07sEPMO1C/VYEQmnLVwww7F1Fy+qRIyq64ENg=,875.0
consensus_latency,vMwLplFCkyx2oZfQjO8QUH5dluxKAV05XBbfQkB/hA4=,875.0
consensus_latency,AJAJhWuwTSRhGWMjVZ5OIeUoIHM5YoIw/DBIGGZ0uX4=,876.0
consensus_latency,JaOmlcFoLY9WLD8JGovb4QHibm/1IEOyICSjvzGpQHU=,876.0
consensus_latency,LomJiuLj6kh1UdaPuP2AZnE/p2p8i9xZxSDXxqs7TxA=,876.0
consensus_latency,5z7moOWZYNW1CgP6csSekVRNn5MvU6dV2ZT8qpJOWOo=,876.0
consensus_latency,Hhc/e2re8DnSUObjKFOuCMq2Cg3cRocKK50r5kupztY=,873.0
consensus_latency,wooFv0+1qXnLyRC4kAjAGmmSQo9FriVHlHHSHFXyUCQ=,873.0
consensus_latency,x/knrskJKq6oEMKXWTAqsTci8xBS/5F0U72efuRXXQ8=,873.0
consensus_latency,+Hw9/hAA1mzEWL0t6q+00povWE3MUF2SECbbW1uoKlo=,873.0
consensus_latency,lKxdjkKC0Xe9OyWMFGE3xbxqWFroF6xXzzJ2gQdgixM=,914.0
consensus_latency,BUJrkBlyrMGSav7xzOstMsstqISlR5AdPU9AzLxy1o0=,877.0
consensus_latency,DBlOKI0wmSwipaMwF2b7nOBUVKEZRa2Du62gi7Y9f64=,877.0
consensus_latency,DNTI/ggs2Cu2nI3Y+VtkOt+c/0FgckWYDQXBoJYpc9k=,877.0
consensus_latency,kyS7mFI8x2+Y5xpZln6KJTCd8u2O2Aek7tspjDNdQfk=,877.0
consensus_latency,p+tZ9h4EspqD5xkquwDraSs90JUtlc46eEZWWcH0XTc=,877.0
consensus_latency,D+6sx2VFsrV3u4id9O09rI494BYyAZN4SMx/GCZkXY8=,880.0
consensus_latency,NXJdtrhPVH3Xkt0xMGTUQ+bCgRhdwdOTTAldZa29Cto=,880.0
consensus_latency,ij2Cc3vlfdVzRDygQM0TTOGCmm2GsULHRo4bD7QeV/o=,880.0
consensus_latency,wE10p3PwHkDihRfNMdSIt1PIADHZycsNL8y/AJN4A9g=,880.0
consensus_latency,P/lWfUMjMg9Luk9vTmUeOUxlrc8+2jEQSxCyfHNd48c=,885.0
consensus_latency,fMlwEPNxeIztdTD7hAOctqt2CImR/RpmY03rMmLaVL8=,885.0
consensus_latency,oufCWFSxakqNLo011zo79gcTVd8KDYpGbDWOA0+Ws3E=,885.0
consensus_latency,q4mFHx2AKhjtco9okmfPiXBd0uyIB085+Lyrjpz70xQ=,885.0
consensus_latency,/gVUR+5u1jQBTKX9tvc8A+NaXqSSpGQ+VGpndYQcXeE=,885.0
consensus_latency,/wZ68TRUFKiLgVfNdqjkZGJHIVisGce3tQ+JuVzZkVg=,885.0
consensus_latency,MUnXe4slx51hlstuy3Ml2yWUNPLSGhswjpCWjH9GIaQ=,724.0
consensus_latency,eRgO8mc5F2GxTcm14k8gBoAwKvEHrX29bGf1haeLai0=,724.0
consensus_latency,swpW5yRjI+rwvb3dJEW+BBq4nlSVRa6woaYxuv9tU8k=,723.0
consensus_latency,4gZMC4zCWclqiD5Cj7qaF+pLBUP1TtBpjwj2gabZrlw=,723.0
consensus_latency,RBtwgPkZvbssRmFIjYBnIHb08OM1owWwW1VrSJYafio=,723.0
consensus_latency,hXqGucE2fPaPrn8w2w5xV/gL9e2HgxhzPPMrg6Vslh0=,723.0
consensus_latency,h9UJBZDqcOVStpaCAHv8qZLQAZpLFOiKCKdps6Strdg=,722.0
consensus_latency,J7pLy5yOFTks2RqNvAzmgdesqmTplUJIQI9q9xddUn8=,725.0
consensus_latency,O+r64yplo5ihtICyfCmKdg5hFhGG+1oZHvnnipZWjYE=,725.0
consensus_latency,U1GYHHOXdxXzjl9uluxY4fCtKK3Kc3Yru1y0eA+sJ+U=,725.0
consensus_latency,J7O552OGEE4glaONa2oDkLm/qddOhnqe29K1sATYr6I=,723.0
consensus_latency,P6XCx7U2NHm21xFPDDEPtdTiDf9fWIl9jby0dBZTlQw=,723.0
consensus_latency,VpF6JRq21PMNlORDwUl+CjZcMHaGXnHzoIoLoj0YDDk=,723.0
consensus_latency,b37+KVtLeMVFxvy0pMslbJ669TBqhIH62D7aHYVaVa4=,723.0
consensus_latency,ks0MzSiqfnq3pYwD5XBjlAEkDZeItmFT9UHJ4whcaoc=,723.0
consensus_latency,u9rGHoaknJRfXUE3hFB7IxhoLNfpfPgYxK1exRVuuXc=,723.0
consensus_latency,HbMX7F1RzNHpwnDZ6iIhOOAvNlOvPa1pAyJ/MwXG57M=,669.0
consensus_latency,Iest+LSkjouyXb48z5I0Tdk9ApOLL8fB+gkUfFl+rxA=,668.0
consensus_latency,o7zSTig+uHUXIrrhuhBzdOxQ9NgOj7gI21owklUJ5CE=,668.0
consensus_latency,7+I8T5HxL5f7yWGS05bthiOnD/oyRaGc2dLzzDqYTEI=,668.0
consensus_latency,D+2CE5mmrgWXXvato4/LUSafaUhlZvQ0lLLy3orzqMs=,670.0
consensus_latency,IM7XZmI+CU7DqpNqVF73cXAYU0h1Vv8p6KeY+J2lMiI=,670.0
consensus_latency,xQEWuBSxQYe3nDCPOOrOw7sJsIh8PsBcFmOj3ecnsxk=,669.0
consensus_latency,9xUrOp52jYf88Vf0Tu8RVst+wumfuMv7lvp4xglczzQ=,669.0
consensus_latency,+hLr7uMsOSCklVnQ3z9eiZKszcIvVuqwHQxZZWMOk8o=,669.0
consensus_latency,FNz9MYThvVuKs7BIMMDLimvRXYbQk5msF96JjsmerlE=,672.0
consensus_latency,TNZELmtdaVZbVbPSeKaXzTca53eZfvFhR+8IpnGiJ9w=,672.0
consensus_latency,WV0nrrB7IJEUGdXZkXIoIxjPh+E3zLOWkN19GRrytC0=,672.0
consensus_latency,jcBML70yovVieH/SBXT2t8xZzJ/RiGjDrwXDUbQoSkI=,672.0
consensus_latency,ooCWTg3Vip4ySK+XozvbCJrk4pcjBIolVvZwHJB7AU0=,672.0
consensus_latency,Gr/H1lLnLlFEH8NYK4DMdafnQJGGNCdh1c72kq5rUrU=,725.0
consensus_latency,PKv8iKY2WmAm3Aw4oFMmts8vSIeoGqqN1BjOlELD1Ew=,725.0
consensus_latency,VjgqxuLO2+tSXlQMh9WZGOyDWq74ZMsFQZqvRlob7/0=,725.0
consensus_latency,+PupXXEU5vHtflxSOCBY1+60xIo76tQucsgB3XIoW18=,725.0
consensus_latency,B3+C8QYRFs/snWb+oJpzyKI9TI7wT/uIWk/QMy5z9ko=,726.0
consensus_latency,L4aTvBinVAzYqSdmXEUp5HQiEFlplCspC80Zb/7XcLk=,726.0
consensus_latency,gJWixWMjHoEgleU5Wm5rPVhmLmtn3nauPHOF3E4IF9g=,726.0
consensus_latency,5HoEkUP7zuHouDwNAr9YL/J5I4f14xwuE2MpR28RMnQ=,726.0
consensus_latency,SXYWYQoq3q8JyRuf1/WdEBBdiUZEP6q3vPx1vfCse+M=,655.0
consensus_latency,Y1gkNKQWBp3VP5tYYzroLT53pIw2bSKsjSZLrUscovY=,655.0
consensus_latency,qyrQLArgooNkTkHnHe0I5vWJuoSx2ZhtdhLMdOEFPO4=,655.0
consensus_latency,u+fQEEy8k+MWpOTw1D9adewMK6duW8Hp8VJURnoxouM=,655.0
consensus_latency,Ic3juUo1LusMVXTKIftTDm5xFRe8EdoWnZgP6LyaAGU=,650.0
consensus_latency,IieiXbc2I/VDWNeDOlcYpUDbpHmrUwyG0tLaJ2/hmc0=,650.0
consensus_latency,l2bYU6mlNYtQf8wwiWgIC34unANfxJ4wKkAiSUcQhQ8=,650.0
consensus_latency,qTb11z65dwsepsDQTXq/o3aC2mVcZBTVkvpulANI0Fs=,649.0
consensus_latency,K5rXeYY1J5t1XQEjdIh8dhbGmB5pF/XzFymlXFX4J9k=,649.0
consensus_latency,OwXprpfbe9rXL+EtjxXsBR4zX24YQnYlhS8+cz8kh8I=,649.0
consensus_latency,arBTxRAZayTrYGJexPHJfGRi+acIN3jApdOi/x79dP4=,649.0
consensus_latency,rK6GAq22EdJUif4XpE4cg8zrfOGw6wICQcFvbVFMgaI=,649.0
consensus_latency,BYHeC9VQ97rzzgzCDMvUyGG73Osyg6+NH4vESzBuJ/c=,652.0
consensus_latency,cxI6Yfg3F1dv42mMEKKnRjwD1ggsaZLmrIndoBPPwG0=,652.0
consensus_latency,0+VfW0PioFaZw4HshDKvQkZhcodBVyI689nthqixQFo=,652.0
consensus_latency,6d+86IZ4mzCZaqQJEP5M7OkTPEgwK8psFuooZthknjA=,652.0
consensus_latency,JlAvQ2b71J68tgIo74NZ001wSA37AMHO06Tr6BwyL8k=,640.0
consensus_latency,au8U1EQ/MnEUyBRLE0zyz6RkMpVYko1zqkzUm6YpRQ0=,640.0
consensus_latency,HzxnWZ6yfmnMHI2YcGTssiuy8OF2SjuNSJlhExBnXRE=,649.0
consensus_latency,MJmagQLQFU0j7GOI0LJlYKqWIVBCOrBVBNGenVa9YWI=,649.0
consensus_latency,MNMuBEO0aVCVwW1M4W478vBf/zeyrbzAckmoViHAthg=,649.0
consensus_latency,/yz6XVRqbHVlOP0IFe/GvPqzm3N8vL4V86S28n8dAhQ=,649.0
consensus_latency,djWhEUzj5UMzGBIsqs9XYNsgmekNx4oSQN1FDsoNeN8=,651.0
consensus_latency,jcw1dKaOZnoWDnS9v00AXoHhtU8dk5NqV4WpCAxL1AQ=,651.0
consensus_latency,oUKfoBYQFN0PsHXo2e4eo5uNrV/HACuFRjr38Pn3oYQ=,651.0
consensus_latency,ocMH8hTVL3iso2IO88EMpvpGvk6OkEW0PA3E6/rRPRg=,651.0
consensus_latency,uq+qSA4/gr5pZNLF0eHAHGZ67rrkjIaifSsSFOhcYd8=,651.0
consensus_latency,LVuxLhenVR9sSPISCzL/EUfF4r+x+IYFkpuUODrlSAs=,367.0
consensus_latency,b+Pe7y2E8nhMatz1uaEql7YhQ09Gm/RgBjJjNlXG1LA=,367.0
consensus_latency,iw4A2fkKNonF4x2FbXN8RodmVG7J04Xlzl9dTR1coME=,367.0
consensus_latency,i2GG5xm5NIfam8aowik/vp2bWv2fdth4hc/B+gwRY4E=,367.0
consensus_latency,n/mnoTQctYHu/2LtBM+oqLK6YVBG9sCqHs2hPDWLxDg=,367.0
consensus_latency,8oK6BwytXUZSPUHNckx7CNvmRvWZ4jDx2NeENhQT7Hc=,367.0
consensus_latency,SkgYZudNYrCFZIzioehW6JLmEks+FdywV2HQnMPS6HQ=,1608.0
consensus_latency,yuto14cSbtRjj+PbiEe0a4TJehyoQR8y7sSCJDW3bz0=,1608.0
consensus_latency,RLUFGpPpZKlk4CwjEm95D5+/cu+f1EDx7UzHcxF9nsg=,1341.0
consensus_latency,TnOU8kOSijktJSLrXlspndzEfmmC5iB2E4ZSfObqFLk=,1341.0
consensus_latency,UPy6QDLwdUP81pTHXSmDsE2HTLvnjp9AudYoZYGym+M=,1341.0
consensus_latency,d/qF5+i2RU04/hR3dTAKtS6hWUzdEPyyyGg9RaIgN3A=,1341.0
consensus_latency,j11vuh020bmShQqxQ6xbIDPscmofmazU6+k0vKFAd5s=,1341.0
consensus_latency,x6LelockvQcBo/uU57Iah7wiVh2cJ67qzehevw87Ypw=,1341.0
consensus_latency,FPLKQc3RayW7r+Gg8dp+kTbonPDO8oXWSzEdZSdyx9I=,1341.0
consensus_latency,lP5bffc/RqcuIobQ0wAXUmiXW1UIt5Gf/HDTK8Et+1w=,1341.0
consensus_latency,uDGEatVffNn1vdT1aewhj6DRHE211ZnVMiK0urPhV6M=,1341.0
consensus_latency,yzP14R3A983GiN9WjOqm81ADrF68JlvMfTzUKEszv0g=,1341.0
consensus_latency,6WKzY/1yMNkL/ThQb9YU8B21fH5DTqVfWVW5bWXQRRM=,1341.0
consensus_latency,+esaCL58cPu2wfE35DICI6cXDfJFWqCY/MUHVzoygs0=,1341.0
consensus_latency,AxBQLLeozwi4S0yOHL8XX5RSnG4spFQ1pCTf5ZqOYJQ=,1339.0
consensus_latency,BhHC2YFHcxlhR2TZMMIMF3rjLxh+9kEOCm1LFzPGem8=,1339.0
consensus_latency,EdnSVW1VtK0mPLTUK/KHpiBwYODjMOjf/sYmdjkT568=,1339.0
consensus_latency,YOOnUvlTotVdA6rGLwZiAUgU07aO7JrN9WyQptIu2ew=,1339.0
consensus_latency,wXsBHgJu4b9uhgTG8OeIsRBcjuJJd8NASlkQSrgDzHM=,1339.0
consensus_latency,19EGLsui0YTZlQJafuO5caG8RPXjBMtTjlDYMIRZSXc=,1339.0
consensus_latency,QLtT5l3j25bvSuDE2jXMTgOz/1isl/gsySa6qkw42gM=,1385.0
consensus_latency,WisCCMRdkv1ulYtR02iPddeh2wZlEmbpaOVKAn5kkF4=,1385.0
consensus_latency,dzdkLI+zZndBInvmuhuju/tUkU5rQzrLtP1arzU0geY=,1385.0
consensus_latency,jP3+XkWKzXn8hgxWjwbjiF7L4VSJws4WDOFEG+LFz+Y=,1385.0
consensus_latency,rU949w+UnuZDvcclSiIvhMkaUt4uPRwJbGEMarlksDg=,1385.0
consensus_latency,83kCPH/O67gXop1rv3XskgsjwC7/qXjLwVH/P5YCbDE=,1385.0
consensus_latency,ARA7M64lgMcREJdgy1HX16GWRkFGBh+G5bgRujsBSqI=,1342.0
consensus_latency,IkFDYsqiyoobx+br5Jy3YTpVGU1sOPScVSYYs46NKmE=,1342.0
consensus_latency,U8U4wQxXRy00dPV9Q3cGiqd1oMmLj0IjR+LoQzV35hw=,1342.0
consensus_latency,ngz79qmIWZYr8nnM+1T4K3UQ6FG/eX5KCyRmUclNsUM=,1342.0
consensus_latency,yloFkUG4m+CEdo5ZdwznRsalC5ZMpBhe+mCfBUJsyWQ=,1342.0
consensus_latency,/PyKYYjh8aBvPZN632TaDFOBT98pKxvC7bfvloBvSYw=,1342.0
consensus_latency,HTvtJkZmHl+c+W7A+yHmRQBreE+8WAjQ3cIPNgfB6fo=,1389.0
consensus_latency,PJOPPy1gJ+GWEcaR5osFPZq3LEZeS1AzZHK7eoBI0Q0=,1389.0
consensus_latency,att6WEc1kATmqPlGG03u1O0fVoEPm/y+GMfp9nmvz3Q=,1389.0
consensus_latency,gudrkEmrK87qYsErzDubnGS08jE7MbL70EV7zgz5U94=,1388.0
consensus_latency,kfMHBN/AXpoAl6iWDPd7PRrxI0DiXBWH5cjhFEuDg3o=,1388.0
consensus_latency,t3uR2pjXizadPCAmUPbxbftjXwFD843+4E0PIZOeBUw=,1388.0
consensus_latency,xRyHj+A2yz9EMYhm+aFf2WTwHPLSBlAFaa486fsl+3c=,1388.0
consensus_latency,zJOcZma9GqguGx5x429jTWXUqc9Z8zH4TVK0ZOSqpTk=,1388.0
consensus_latency,JLB+P1pvDHCVDhsRcWcmnCyEwm3U24vyj5476gkxTb4=,1343.0
consensus_latency,uIjucBjWQWD3/quUCbTXuoUYbvFcqUZ2E/hfDgaPuIw=,1343.0
consensus_latency,6QUkRYf4udfQJg8MlM4lmQtXf2QkttjfUp3AvIYhkvk=,1343.0
consensus_latency,81f8kgiOwholJ8p8jX6Hs6Kt9BIn6CM+4vR/9nMwZ1A=,1343.0
consensus_latency,++5USPFP/GWYTcp9D2cDFSkG0xB9BAzGJkvqdocRB1M=,1343.0
consensus_latency,Fge5PxXM1zXFyyygtC4/Tt4gshy9PGkJROx9eWEvBuI=,1189.0
consensus_latency,cRxrcPFZHApc6qPsVcOuWNZL/UP+vUPJ9TgmXUdHu4Y=,1189.0
consensus_latency,fgJ3zJs0F1wzS2jLmIAlYbC6E+3jqovrTHrqET8xhXw=,1189.0
consensus_latency,hQuWPCYnZEDMwrU+3AhZcXOFyLV57ziCr8sNrJHN4p8=,1189.0
consensus_latency,tCFna2uCyQ92tqg5gixnUb6oY0y8PJHfuuN7L8XqeJs=,1189.0
consensus_latency,z/RsQUqGuTaCptpG1pXT8hOV+I8mxTIYgpXI3vNzydc=,1189.0
consensus_latency,nt7+UAoagPNEfuBUhPJKcCUtdOy7XFKJe1hHst3Fc44=,1188.0
consensus_latency,pgtqUb4ItKP2V/IV0aqwAa1tRqDBpq25JmgmhtnkE9E=,1188.0
consensus_latency,vMA2gTVsZbokzqEuns4XBs6Dd6SXOq0Kth4ww2Hd5AM=,1188.0
consensus_latency,1fXTbkuRxMMYGUbK4Mbo4Iy2xWdOo0deQaOphPQXX74=,1188.0
consensus_latency,16ZTqJCG8ZEwqYr2F3MWKUUcRpkLAHz3fSgERBmXyNY=,1188.0
consensus_latency,M7etRRVwNj18mAYq2mG62yqDgGc+vZ8c8KZFCQwqHlM=,1188.0
consensus_latency,QwX8NV/zfASqZsL9BUtNr61tOluzmul9Ro1MKyTWnso=,1188.0
consensus_latency,uALKQzkJs7CtVbqN581hMG4HoQ2ekhbc9ClPpq3iU6I=,1188.0
consensus_latency,3e2UNyQweKpDmRL8dl9Y0/A3RF99gdCbFy9sG02OUT0=,1188.0
consensus_latency,EL9BQGFX9qYYqdiU2TccIDIlaAn6GL7QYU5Mi0DNR6w=,1185.0
consensus_latency,JwXi+dIaStCelzV03R/k42i6rGdLRB6WYIOneXA3A2c=,1185.0
consensus_latency,OSKmtU7Gx2xsrW10xikBdHIK1e6sm+YknhuXUDuQtz0=,1185.0
consensus_latency,kxEs/Uukf1QRjHwDCr1eIQEAJX3C/tY1IH95BptarZ4=,1185.0
consensus_latency,yEOR+0yX/N6OLbtsJfPa2tRdVHri2KWgU0EMUAKdU2Y=,1185.0
consensus_latency,QxC/XBZlhUt3CvhupSfPFswp1l5vO1pKMYLn/GtlQck=,1130.0
consensus_latency,YtbTCcIaV9hxHZivnQfq70ksLP9A1X9o2kNa0ZI0wPg=,1130.0
consensus_latency,ZSupzef72JjvFgHHC82wj9DyxY1t9e3ptj6uXAXR884=,1130.0
consensus_latency,wP4snA49qn3WsDGs2H3bDhwBAKYypjWFe21uK+AEG+M=,1130.0
consensus_latency,9nVTxxCEp5GLhUno6w7inGUiIB1ASmQMKYZCMnTqxu8=,1130.0
consensus_latency,Jj465UocSC+IB2MU/75PH1wuKDsDQxqm+A/hZWfrY9U=,1187.0
consensus_latency,Tqy7hxpJd2tsMtOHFXjc+tHYwNyfsw+L6UREXpqrBCY=,1187.0
consensus_latency,qwWlYKXy9uH2mZNQRRDKeo7KgULr2q4vaCVOwbAfGQs=,1187.0
consensus_latency,uaPDM/69UUZ3Uo4Seacvc6XPwESZGhSdPnA4/7CQbh4=,1187.0
consensus_latency,A8Zi39FpAuF0tzqVepqCCRXz3IsGWpQDKIF6fo3FUEI=,1186.0
consensus_latency,TPWTf96YnuGd7xbXIiLUVkii1kQdMptGmxe//7d51k0=,1186.0
consensus_latency,Wgffh1ceF3LyQN4gLqEUmiAyWyjMaTY5+YUhgKoPKSw=,1186.0
consensus_latency,uvGqqE4walWTgakmOkhCxscPn1qOjEXemesxkDG8Cfs=,1186.0
consensus_latency,/TSFiaC9OdYVgl1JpOzpVcsfNvvYPNACxsSFgWqed6E=,1186.0
consensus_latency,EgG3ii6Xh00HQTvl8zEYoeEM6fdfxnHWv5zrtpQ1e5I=,1134.0
consensus_latency,gK6OlxPiFXfC9UE20mmq+5/lbaG6h87C7GHMOXFSJa4=,1134.0
consensus_latency,06IvE9ZM4kXY6irbjTnDC3gIhHwVNwGW5vbMnSi++v8=,1134.0
consensus_latency,77Qtmy5VYbII2bqpsRlJJumGfKqEfgB7RA9F6syIeX8=,1134.0
consensus_latency,EtgX3TKjsDzANA0PsC8pN1qV5Jtq4TTWQAtGHWMWjm8=,1138.0
consensus_latency,GkDUOaHadSjO6SgBYp0y1tOMbOz1GPOpI8CtdCJDwdk=,1138.0
consensus_latency,MnhLMFEnLXq7UYGabxd2p60XipaoDCkrMCgvPXgnMJA=,1138.0
consensus_latency,vJFr7whFio1ecHUPNOUFlX261z05T0VF097ixmX2/LM=,1138.0
consensus_latency,94Drr/l9mLVfZDXA8sxJv3CzUT7ZBq7eXx/5x6Lla9A=,1138.0
consensus_latency,FuRLJ095ZpPDe03np6jUOCQCxJJrCZucSbLlPhFFI8w=,1108.0
consensus_latency,Y2ax0xl9lyUKpb/oS/EmUV9tIv3N2KH6pLzTNm3kfPc=,1108.0
consensus_latency,riYFd7YL4tUfmg2aTEqetC4TG2o8MGeqkPBucbXMeT4=,1108.0
consensus_latency,7XLmKFryHN6P8bObfji/02TXyyg/oUSlHIy4SaYDwVs=,1108.0
consensus_latency,DTwLHvxOrGzz7w8/Mo7QkGkwhHPmMxfIlJBPNGDh/qQ=,1105.0
consensus_latency,MIK1yinl0P+SfbzIoDMIIt4cQyy/JG/dpx6FfDjVP30=,1105.0
consensus_latency,qutXOMKNl1RXvtMwiZ1BjMAwoWafNjypUSBQxk2fBVM=,1105.0
consensus_latency,2c0BSypDbx8g+li7yegPOs/XE3ne3/GrlTOa7R4KNSI=,1105.0
consensus_latency,ICOQ0xtrMOERI/Kqot4C1t7gsRiP9ppwCKtpGUObK58=,1123.0
consensus_latency,LxUKSy7ka3Ov6kHsrrZKRx15DUno13sMiERIT6mGI5M=,1123.0
consensus_latency,r8+7SFfG5pTHIsm8xtA2b3B63Yr23D7ePcRCnNDFd/Q=,1123.0
consensus_latency,1YczjoabwqAd45O58wGcDGjgTFsvpjkZ1fqVtA2Pnhs=,1123.0
consensus_latency,8YXIGNONdHqCibfcg2K9wqicxCbwW6Ks6Lj7/jbdJHY=,1123.0
consensus_latency,8bwaHtM3kfNNctK3vFFZ9gs12/0VHzjHptIFuCB+Mkk=,1123.0
consensus_latency,OE9aMqEsjNjIq48snxy9naCd3CIc5C8wflPEVdSEH0g=,1102.0
consensus_latency,VZTtUgatZUzfXSZ897/XiNM5PJe2lDczqjnTdzPftD0=,1102.0
consensus_latency,bzBFWTDPr1snmFNkEybsusyamSF/ddUUnXv0KXMwlWY=,1102.0
consensus_latency,rD+VDa+ukoXQxEcDfYxtHpM+90lpbWRlym/qDkE996E=,1102.0
consensus_latency,KAk04+sdAl1SChuqiqOstAjalc8TVyQ01XWSAr9iZgk=,1103.0
consensus_latency,g4RLsS9ymJXKxVEit6HDYpLSIQXjP8ozdi82ynGwrq8=,1103.0
consensus_latency,pZJ3PEb7j7KWodkNul//oL1fH93lD4UrCZ1VW9bicF0=,1103.0
consensus_latency,2TMiXPPbskQDcGMyev/fx4jsNbcBgGj3WcGOoasB0W4=,1103.0
consensus_latency,UAIakgcCHgJL7LGDvgIK/bz7LWC4ysM9Ytbi8jx+U7E=,1106.0
consensus_latency,ZF0kEp/nojpNUCvsvZvHXaC86NX+4WPkhvEze6WndB4=,1106.0
consensus_latency,jQ5cbPpzvRSdsSgBVCPUhlm6d9YTJwr+cYPPyiJF0xI=,1106.0
consensus_latency,qHFcvYhmTBet+PGW8wgPOrGrkal3SxMcSgcjOJz48/4=,1106.0
consensus_latency,3SBHy/NJA6P72LFDLFyKObaOLfosnAHmwkjxwLceiWA=,1106.0
consensus_latency,CdADjHJk7HBTqhT54wncNwnnbJ5Kwrp5PHD9Eqm+3CE=,1106.0
consensus_latency,WDV1jiphRSMJ82wof002ufiZHtpGxGA1RtKj5xErSM8=,1106.0
consensus_latency,zait5K/SV5WHBJFjE67Wxe0MZ4I3QYUfx7XLfJ1rzKI=,1106.0
consensus_latency,9jQpgqiJXgdhVZLswEtympVPD5pHFLwMEkiDe72RM3w=,1106.0
consensus_latency,dtR4A2PHRNfovPxCZZa1wf934bekqKN7SoXXP++1muw=,1126.0
consensus_latency,EGAEXbsZvvnU/1bptp/cQqWf/1YEHOZ5d8Qoha1QsLM=,877.0
consensus_latency,JfLfTXJPY9r+2pnK2zRUJ1AbEQUzKYNuHGg4YcyGmw8=,877.0
consensus_latency,2lUR7RKIB5NGSe/h7zwvZxmWZDmaiZ+SHHTzIYoxJIQ=,877.0
consensus_latency,Cf1KRfg5AYX7h/Gqfdg9mzZFcGgDk9B7LXSkegOJllI=,877.0
consensus_latency,J997GW5RYPeJI3X/x1UAA0ue6njYUVsLL+yKiRjk+dk=,877.0
consensus_latency,yWu8oxJXjXcuY3x1RAoau5vfD1JWLI22F1veyHXdSgA=,877.0
consensus_latency,85PY12hg7kxW/y53PcUPzRSAGSN2gavlDWXjPlOTY00=,877.0
consensus_latency,UIhCVoxJQVttkSLFHSmsksPpDpfEdY4HUh2QjFBK6gw=,873.0
consensus_latency,WEK6zR2G8LgcYRVzmt0aDqNfZiEMbV5/S2ir0EGn9kw=,873.0
consensus_latency,XJT2UTDEDLbXF3hiIjysxEGtTwg3ZtUVBMsyUX1B2Wk=,873.0
consensus_latency,q4+vzZ0G6M0fpDQQ7C8cods+FfFu11AEsoFFrnoJfKQ=,873.0
consensus_latency,9A+7+et4YTjU3QnUWtgP3K6Tpm9gVmPFU6sdYpcleeo=,873.0
consensus_latency,FvJoLA6lfl+a2QlhBCxvDnD9w1gvaLlGZe2L3gIMlEU=,876.0
consensus_latency,KVv7nULl8/PGIzXU0W0fFdDcZfKOKhu4IbXe9l4UvuY=,876.0
consensus_latency,gJ7TtXZHbC9j/fhLgAC6sYkTx6R2iwkNUx+lIk4w+ac=,876.0
consensus_latency,wsh9sBWubWcG0OaUKy4RUwM46bwD4AEKGMLnCGM/W/Y=,876.0
consensus_latency,ABsL/W0p0ZxXZm449bBzDs1gEwf1sJOXnbJMLClNKeU=,879.0
consensus_latency,Oj1Cn90OtrP6pt136AnqP7ocMnKpSZk9WQLpkcD4cVI=,879.0
consensus_latency,OzI5DNrmGQgurwduaWTZdYezigHJJRJZnc/3G+pInKI=,879.0
consensus_latency,lM3L1YfibsrwH3yaK2t02u+XPSOyxKAfpX/kAXuoX3E=,879.0
consensus_latency,w5P6y8LjBRukaN8g+c7K0z5PAET0/Temwa6+xHYOasc=,879.0
consensus_latency,Rd4oD1ZUdXQtHxTGpgASswZXZY2lmvRVMXwzfNl3jkM=,876.0
consensus_latency,Z5ypNPBTgGUI+eQhXR4whxCodbjwbpEONBbQ/5jrCLY=,876.0
consensus_latency,xIc9Lv6YlTyV1zCBRMc26siHkXeP8KfTXdyRNOVStJM=,876.0
consensus_latency,2gYMyFMN+lYqF/0eELNtcU6HrNLgib1YBDtzeTtU+tY=,876.0
consensus_latency,7TfTwbcx22ChHEcvOiNuktLL/37nLKRcroPtcNu/6jg=,876.0
consensus_latency,lDtnf6w4gTalVrAs6AxtJfsoi2oMw+cHXAkh+3uL7Mk=,880.0
consensus_latency,vVOcYQume1BdQGEum6O5nc4c2WvuhbAGm7ZEQEUfTP8=,880.0
consensus_latency,O5eHhKrzLlqYv4R9ON0QA8lzenr+QDweiE0w7TwHzeY=,654.0
consensus_latency,RMT0B2epsXLajp7+weljWx58W+5o/lLIS2FGRlEtJQs=,654.0
consensus_latency,fIvMkHMTz3u3woVvszqk89Imcnuhyb0njUfaO4C9G7g=,654.0
consensus_latency,jciRadrNDoWZUyXGpinI69NOEPS+LLczWPD8RJusuTg=,654.0
consensus_latency,MNjpfuXYZMnrhCYrQkllfAmxdJwO/mRUHgJFA4OvA8E=,658.0
consensus_latency,QWpVfWPX2Q+gdm6hiGbu4+EkPH+tzqoXc/4QsIk17T8=,658.0
consensus_latency,la1E5c/NUEL36t/xhLVB1CyuFdnhi8T68kI2VFlkjmA=,658.0
consensus_latency,rv7rKvgTmajaYnFOyZCFEZd4+6pqtecO6pNLxbIwNHI=,658.0
consensus_latency,AajJuZR0dBPEPBsCZrHk60FiMXaIOjXRhrzKQZg8N5c=,712.0
consensus_latency,B5C2q3/gV/aWtQmkWViG6pK//Wx5B/b6TuCYmBb/8fo=,712.0
consensus_latency,ctfSeGTf9vv+iSJFBkQwsxVEmyEVhbUfdWGB2lZXwi0=,712.0
consensus_latency,qnPnUn6rRp1/GgJXIpBg+lnHkzM1d6ajX067AWh9kvk=,712.0
consensus_latency,RMypfiyV6io1WxbL19HR8aeDQVH8lJSTt3SAuJzBwA4=,711.0
consensus_latency,UNn6WpBnlAzfBgNdcqTKI8liA+AhC8/o6uXj/dLd2Ds=,711.0
consensus_latency,cdSx4kiYPRMY6VfHyeKiJ1WW0eQSsiFx2EcyE6T7L+Q=,711.0
consensus_latency,etW7G3jHsNMw97w0yGE7yPQ1oUpsUL1qTjvLTuF2FSo=,711.0
consensus_latency,j7khQXChZr5XHYWi4m691gOz9LqT4u3ZDwA1FDn80vs=,711.0
consensus_latency,AdJXpwg3vpYyaNBZkEbcuC+PclReOAyweEnNkdGsZ7I=,713.0
consensus_latency,s15V7ZwK+vqyH6/rS7p4pGcjWYFDJSgImYquH0J0xow=,713.0
consensus_latency,uUTY8GhBQKGne/oGkF/pFPQPEduii8TlPTVCB2hxXaQ=,713.0
consensus_latency,0GVLMrHdpr8v9XRDhvanz3C4ZHiOkKm/JvUPnqS4qEE=,713.0
consensus_latency,D+dzkHt6KwMwYQ+CLbtBtzp7u/IZyTjcs7s7ZRWOLiM=,659.0
consensus_latency,TONshwkSSn4TaGUtXUB19rPzh1pXP39SfHQeWV1pKcQ=,659.0
consensus_latency,TknGCHz+gg+1wryOGeRtw52O00lh/Ji8AVg0v3dmFf0=,659.0
consensus_latency,Y69woiGJvoGO0OHWr8IbI4NrHQXFyIENxX1YRy8miEg=,659.0
consensus_latency,gCDBt+lQ/pVf/HYEXVKLBvWb8Wsg1jAwFIp5dAZmWXE=,659.0
consensus_latency,g//c4gB0pbs/PUAVq6UuYkGf6rMMfBOONzcFjx54fHs=,713.0
consensus_latency,7bilHgOio/ifCn9kVw98bO770XNgALzQ1OJhtJivbg0=,713.0
consensus_latency,8PkfZ8UuL9La7P3j9Vhw9lpONnCa2/qS5FyMImuHQZg=,713.0
consensus_latency,+gnuz+zTDc1ihDZer6l0b0khoNGbK0y91tdgeaXTqi0=,713.0
consensus_latency,UyAozgS7tZeTHR+HFzza6/K5MS8fM9RFJ/3wHCOkwIs=,714.0
consensus_latency,Uz11UuLR4Mf6j1p17XYUHDi+k/6Z4P7sSuNoN3P1m00=,714.0
consensus_latency,g/XfWvlanGrLI+At/1dPlBwP5H6xRzWucwnrDTW3M2E=,714.0
consensus_latency,hF8n16MtsUfrF9MSUYQs9G/zGBkYrO5b4y2YHfL5YcY=,714.0
consensus_latency,y/YwAin/eMgc+egh5UZ/F/XoftC2mjP+LpHg95pbeV4=,712.0
consensus_latency,zTFNb0UM6X/fNJr0URq7DEhFrwbGtxvX+DGi/tgLhsA=,712.0
consensus_latency,6QgZBkGoZUfukmmZvFjTHJypMxtOFzVLoi+mobaaZqs=,712.0
consensus_latency,9w3w6GJmek2k0PyquixH4mKqNzLuXdRCCA67I5gtJqk=,712.0
consensus_latency,AGge8GeT+t3JEMjqyb3W8rROnEwTzZG6xlquUgj5DKo=,602.0
consensus_latency,GcM362Jp4AMCOctffDIHjYxqnd8IKSWNbB0PKC56zjo=,602.0
consensus_latency,YnAzZP1osyLtmeVLLrf/lSRQaaXpy8bn0B2GZzLDxdw=,602.0
consensus_latency,bQo+2/CxaCMWdDQn1ENsiESCkqvHWHUZnC1FnvrVDho=,602.0
consensus_latency,cLyeNJ2BTseOmN6BUrpr6Usfw5Uho1W5nhhw/8iS9JM=,602.0
consensus_latency,DKscUTBnUqerjAvk60RI/LG5WwTZp1WiN45SmUDE4Aw=,604.0
consensus_latency,RgR/BrRtPqtH16x2jC3jHiObNp6xAYfei9RDmoO5OZ0=,604.0
consensus_latency,XVxQyT9RdBbyMn0NlPBxxaaUgySOiITbJS5og+3AGJQ=,604.0
consensus_latency,f3bIsb0u03QjZBs0YECqnzJ0ehUsz/Nw+eGvpFzTPxU=,604.0
consensus_latency,oRP5zMDgO7UTN/RBaeLN6GMg71LVRFnYeoimCKY0Kzs=,604.0
consensus_latency,6Hel68CON679TP+fSCi/9/+OtkWsqecbLrmz7/4HKwA=,604.0
consensus_latency,EqyxCJUGomYqBJJmEUQvETUiVrnebkzgvkQbswQkGLU=,604.0
consensus_latency,FHT7WwtS0JwEL6mo/Y+DbpOqzU09pYWDoFMkVn6Ofcg=,604.0
consensus_latency,SXFUhjhg02HVLT4spcmeySpuPxlRojeET21eupodOZA=,604.0
consensus_latency,bxnI6j2DPSZONyGPa11LXXGyu67Glw7W8tyjQrF5YEw=,604.0
consensus_latency,18ic6MrruLGcL/NgGPz0qzda3LwE61Ccw649rEKSl+8=,604.0
consensus_latency,COL+tl8a5LP4OgrEzri/VXgR9SIAVFYiva/aGbxtemg=,603.0
consensus_latency,C+QlKK+F6uPasCFfSpCquUofVPdAE1s+0LvlA8P5K6E=,603.0
consensus_latency,VQloSwJP7ie6Y23sFyOtf3ubIhBJ5K0WGlocug3c7EY=,603.0
consensus_latency,cbBc+tlXOmjaern8TO00BpuPjM+33mnS5dMfUFHmMEQ=,603.0
consensus_latency,zG043uebdu3AYFH9jCoujoPvlFiqtbt7xFVx0Pv1XoY=,603.0
consensus_latency,8lJ6pFwNU490DOmbhSbw2pqp8ybTnvi8gxQb4j4wlso=,603.0
consensus_latency,B+X45yMfMWxBgOL+vqj4CnrdkoCtOZl+QWUUX9pKKVw=,602.0
consensus_latency,Kb5LDKN742+wTYa2/zJksQ4x3IMFUZuPh8gXvkwipyA=,602.0
consensus_latency,YQOc3IL6biZxgRuFxJKNnl3P20COlUaflRw6nfDSi70=,602.0
consensus_latency,zbR1cMlMOnmwLQQysDUqI+HdpXPe8tpDb9L4wDMNHQQ=,602.0
consensus_latency,BRw+ZOW3keutiDgjlwKG9vdia4Pd4sm+ah3Q4kIU0Bc=,603.0
consensus_latency,JVYHBwRVdbI18oo6PIC3ibv00lUrbTuptRk1E8kvkdU=,603.0
consensus_latency,Kb7zjPRo+subdXG5wFupKZqe/EeJCtvBwbIAPrfPTvk=,603.0
consensus_latency,VeU72gH0Yuxm2BrsVZNh/MnkPTg6uvpX+UDspdfjmQ0=,603.0
consensus_latency,YOGkK87gpvbBhfM0ufbyzE1KUwWG3mJtjql3qUV1rJM=,603.0
consensus_latency,iXTlcBJg8HIXQ4E9addcbHrXVa8dZ81mJG+n83pZPSM=,603.0
consensus_latency,NHpz99x+rvDiAD88h1FvCT0cZtwrs89lznGEfO/Qcds=,369.0
consensus_latency,NaDP512ySeq8ISeCK1MCGwPJuF20KRrCzWiGHro/3kI=,369.0
consensus_latency,YuopDE+rncT/fX42JKNw9am0VVfSW48mCX2W/E/n1iU=,369.0
consensus_latency,N6RvWY1ntLWXotUXeoi6NekBaDW6JAdQ2Wf6TOPX+vk=,1804.0
consensus_latency,xvyQ/SzfPF36722NVJ78SWnriLb4rQCbztkdl80poK4=,1804.0
consensus_latency,CrC9ySsYg3obC3ENNar2/+KTRnBgu1xu1bw1pKww4Eg=,1129.0
consensus_latency,J8/+BSh70L57yeOQxYc4vcbG1p5ahIaWS1ibfDLNE0w=,1129.0
consensus_latency,OY7qaljkOynJ57hGKDYrM7U/naru2zzZzlZ/CSKJZBQ=,1129.0
consensus_latency,R9vaj04vD3GjFAJ8Nab+6A5WCUo/c3PK35E+fZGncns=,1129.0
consensus_latency,xoySZMOhhVR2pD59Gl01YYwMGgkgMN8ndhTlELvcGoM=,1129.0
consensus_latency,B93pF+8UtFiZzgIqYSfISCaiTegXjsLS60DH6tEIYao=,1131.0
consensus_latency,KYB2IK032LYwpod3kf9oTfRZ6OblGeyKPzZOImcKFKo=,1131.0
consensus_latency,RuFjt9oaQCy5hyAH+asXh/DO+UHpH3hDoLe8ImsTrCg=,1131.0
consensus_latency,WCkyE+MVJh4q7xA/sgjoVVvUxgxTgfpVXeBctUdjk0I=,1131.0
consensus_latency,biOhMgoBtBgGCVB1S8HS17VigNR32aQ9oEA7PwRk/IA=,1131.0
consensus_latency,wW4a7+aUIqDH76BIwdkf10N+HJoDzqMebglhVQm4db4=,1131.0
consensus_latency,/+DtIrzYpUh0HtgWG6dS0C/jOIRnyK904kMMXr3TS4Y=,1131.0
consensus_latency,O2gx11J/pIvvVUD27r8bxtxdRqzsC+Yynl7Syv2rbTE=,858.0
consensus_latency,SOtgtVJfrxFjwOS/WI3sXNaJEk6YRiefpGAYZZo5e20=,858.0
consensus_latency,b2smeMQHlkL+bDTDF5/NHZ/k9tdp1Cq9tx6T5kTI6HU=,858.0
consensus_latency,nBfiz+V/qUIpucYaFeycP4LSquBThFv2JvHS5gt+vaQ=,858.0
consensus_latency,CLCykC0ZhNEbg3VlwVZOKjVLEvdZ0cbLJOFYaNdMcH0=,858.0
consensus_latency,j+Oo5Oqe8OEgetRojaHfrEUUzswcwZYLqp4Vicb6mwQ=,858.0
consensus_latency,leQ6FbLycK+Sm4iKsFZi+FDq3J9hiutB+ofCI8djCqs=,858.0
consensus_latency,5sxKt3uksicPfRZaTPGjHH6axnnVA3pyff4oxNKs58A=,858.0
consensus_latency,NAb+xAoFzNWoDUqreYEvQ1hW29/2/ByXCQgosV5tdwk=,909.0
consensus_latency,b/PVCiwj5tm8Jr0n+3ZmWEoJZWw4hqH4U20WM//yRlM=,908.0
consensus_latency,CebyAlzbd6mxuWVkn/Ltwp9cIs7Kixd0UVUEfOnMHhs=,860.0
consensus_latency,ZlIWwDOzyEDV7Kw3wwWUsAyTp4/qjPwT9LmOvTUTR3A=,860.0
consensus_latency,koRsLMckvVe8lMCkU2Wr1fhBPRitlS1DBu7OYPh2EpA=,860.0
consensus_latency,o5sDVp1uX/IWdTaolbGdlqLd/MUBJMgw7eLXJUXuzeQ=,860.0
consensus_latency,XR7AJYdAshkI0/TMmzCiznlw2IyOWQbz8L+AMd3J948=,859.0
consensus_latency,iwxFT3eyMrcNzgRkhP4Fe8nmY6fXdBeREThZ2zwvCcc=,859.0
consensus_latency,l9fTRyAwZaEyZHL0b/RTzs/zO75Ubx62eyYa/eE+1AY=,859.0
consensus_latency,zedFsRFuTONQWCiwIRprfzzTkp2Djqgk/Vsb0PJrUIY=,859.0
consensus_latency,A/gXbRO/aPi1FrZa7N4oQUy/aAz28VicGord9YHPKxc=,912.0
consensus_latency,bPQ/f0Z/KtKe85bXD61qEuSLQidhHWAC3Yawj/AQvAU=,912.0
consensus_latency,nI2jMbr4AOKrYNyC9FzY2pivNiavp/OH6iEQ+b5eLi8=,912.0
consensus_latency,4yoo9OmniQ4NDHrD3wGuKt1rc7wIFELaWWGO3yOuGvc=,912.0
consensus_latency,Cyo6R0lqtxOqhA+VMF+hNAleiprFxVSBOPnOA7fGXds=,859.0
consensus_latency,KWdb4DCe4TsuZwxq5ppBLPIKFmLcqpZP9dbMO0ndwPU=,859.0
consensus_latency,X2bmStn63TGaiQiDRCrdevY2H+rjeUurZEjWeJupUbU=,859.0
consensus_latency,bH9epsjDBmGSg3e/eDSqdfK2FxcjHA4EvDMxY3zIiHE=,859.0
consensus_latency,iQTGLBEEmnSWl3JxWOH/K2jSm+Xr7NFqhJHi3qOF2dE=,859.0
consensus_latency,oxDhopIP102qws1sZt+ae0UiAeChV9kWwXwEns93A9c=,859.0
consensus_latency,YT0t/2uQPYnleWXDrvfdtUKz3DzMkVEM7rx/zQb+DV4=,637.0
consensus_latency,jLnzJU2kXrHg/7ZgxXDRIMoRHNYMskCO0KwvHMmlWps=,637.0
consensus_latency,uv+JyRp5injPqtfP6a2IW+dfW8KemLWudcHp8WV/Ths=,637.0
consensus_latency,+SxXnb97bEENJpIbZYKIlfw+3S57a1Ov3KNCJBl+hs8=,637.0
consensus_latency,C7GVqoC7NIoHsgDJw8mcwOucRmPzJvSkhU2+uFJRbVs=,688.0
consensus_latency,dgOB8K4KH2pBlCHPtl9LmXmkhIgTb37Rc7ElO2Xgc9M=,688.0
consensus_latency,hN4Qgf/rEACPISoUwzW56liErFR1GZxLPRsunrVj6gw=,688.0
consensus_latency,riFKWGHuGIFfRWtjLnZWu9I/hfHFLRW4jbiuVFZFDbA=,688.0
consensus_latency,wwFljyMl8upLfZInG9JJt2gtdFjjd3RggbpG12bT67E=,688.0
consensus_latency,4U1SaZaAPqjYMJrf0bX6teurKBOQL9blvvF1iuathaM=,688.0
consensus_latency,NNh2G4J6RLD8GP7Qyf0U9A/XG0s8/pRIJSLeqnJKc88=,636.0
consensus_latency,VXAc3tlVoewZxLfO3FHvQRKYGTpaNKRweeUjSnEQHe0=,636.0
consensus_latency,oZoBrm5eqQxjddlWBJUUEbXyL0yGGxKz5cnAGfQiPWg=,636.0
consensus_latency,v3Gweyh6+gNFGWQSwELS10ugq04XxlNqUbHXJ8h9d9k=,636.0
consensus_latency,0S12anGujlWV96NzZ0ZiJwylZAmTSvN8MdR2iIFf81c=,636.0
consensus_latency,63m/T57pIb/oZswoMwtWYtfP9K28RkX+xlbS/fde4TQ=,636.0
consensus_latency,N1RcApEBSLu7XVD+iC0TJknIKwtE4I5XVOZ2T68pc/I=,690.0
consensus_latency,dX4rgpWnKLDs2mSuMixm7sq+7Qxeq7LltBGNvOs6BSc=,690.0
consensus_latency,f+J3u46jxU67tfWLO+0SM/GgJqMrrb/CemMu1nw1dhQ=,690.0
consensus_latency,20jxidEI2sILxDD9ZRkETMkINMRMrDUcxDmZQ/kmBPo=,690.0
consensus_latency,O+b1kPGjBTiTFOjYykFbpnGwpqtyjkv+tjpmGeyqpsc=,688.0
consensus_latency,VV3Vpl7nmnf1I91IEB5NPmAzhTp+LfrVB+4Szv8engY=,688.0
consensus_latency,WMIjArNUCY+vhfKH+TmM6kTx7XJavAJrMKY2xpR+GDE=,688.0
consensus_latency,gLW0N3OgeDN5Zg1E+PwO5eboA9aIbGT7ob2vCui5OvI=,688.0
consensus_latency,u86BLLVuf79pHoOW/0z8BgiXS1f2RIUBWUB6DHy8Kdg=,688.0
consensus_latency,vc9mIzbdVJOmn+ofp243fK8BWLfF3pwBJ8vnv73rIAE=,688.0
consensus_latency,DW/LaPp0mYZYrGUTxjK5s73h6fNFQXjrXJ0QMjUnr1g=,687.0
consensus_latency,Vo4bXfmgjBh60d5+5zkDjn9zfWJDdcDBh9Oh8WWfkXo=,687.0
consensus_latency,j3tDIp4mbSipwrm130MsQOe5Vd8uYfnOoy+079v1/vs=,687.0
consensus_latency,lqZUniChjWVOTslUS0hquXbXSw1SBc4hu8qMGuvIDyY=,687.0
consensus_latency,oSD+SXmU3JSpDMaWkfiG+UvQBF4Hmy6BBnAyCDQay8k=,687.0
consensus_latency,tOEQkRBoY6FSNr7sp9nIIKGTuHu9gCooBck4ma33lJU=,687.0
consensus_latency,NwoyB8LtDnNaqM5xm75M/1NIk4K7IWZ8mFvfOHnQrZU=,688.0
consensus_latency,XienHMBaGn/1olrdvcL4QM/8DUJF38eY79HyWZkaCO8=,688.0
consensus_latency,ctlrGPaEdw9jvuojaVe8jT2DxjSnlpX81IWpAbbiWE0=,688.0
consensus_latency,xTQnUNRi10X4WgxmeRM5Zmoko7sHyt9+ZTDjjzeC5IQ=,688.0
consensus_latency,0HRXrq+vxpfJB+LPa97raSbEmgTLnXfzbuS0Arr/YqA=,688.0
consensus_latency,8dl6G/KenP0a5z/aN5138eqXhVJDwhq+X/ht7iv97rI=,688.0
consensus_latency,AeiIgOyg+VH1wJGwHjswy3gMcSx8LpPTXLsSMnn5gSk=,690.0
consensus_latency,d8Fp6/ByY273MuMc+PhBXMSOire3Moj+kSHzEYpDMng=,690.0
consensus_latency,uJY8rFuzzDnP2pVaYuOsEkt5EA2wejXCebeXnVEWRb0=,690.0
consensus_latency,0SLc5bh0q5HETkF4iQU0l+/nKoen/Ka8Xh3DwXx+WI8=,690.0
consensus_latency,8H6pDfHzNGAqivX7BWvAn2sblmN3TKFgD0KTjpzanbQ=,690.0
consensus_latency,dyhFfarieR6tCBHkjPR/zekI3cwQf3L7oIU+JI+r9R4=,647.0
consensus_latency,ezufhFrrjydvo5uWvwj1LyRz3I44ajTXV9jPfPswF9g=,647.0
consensus_latency,k6U1Hrd3hSHOg6jVl8Sqhxi+Q0HOr11dvlpV1FLxHY4=,647.0
consensus_latency,9w8CEuu+6RfcUhLZWkXtwX3/imFqrahwUXbb45YCiJc=,647.0
consensus_latency,ToaOsCP3aU/wp1NHUA1bb3pRtLL9RFzNWzwSnFyV9Lc=,646.0
consensus_latency,p2hTU2GyUH4qyWemxxK9vRG2grHp9mGeBwaEQRyhCD8=,646.0
consensus_latency,xz/wJ6jRNk0oXYS6C1r2DTdDkGRNyobqtjySdf9wlv4=,646.0
consensus_latency,65K0QKIEeIk14cQCG4lAwhmL9XokWGO+Ayq3dKI1tgU=,646.0
consensus_latency,Jk2QOS3VlwcDYJFL6Dj2fB4g08Qh4xhkJdQyOI5SlQI=,646.0
consensus_latency,NE3sc6OtxkC+9o/EcRZepQUcizEmzo2x/M/mFuPa4gw=,646.0
consensus_latency,TLewE8hQFrUt+Bkz1r3bo91C0Y4BvxZKk9W6tCKDGU0=,646.0
consensus_latency,xqdMv+98QCui96/IIOFCxP27o3BR8yCSZ6PLJ4jmVNU=,646.0
consensus_latency,9T7qTfLXBqT8JD+qxI+jViT+Xs7TEq8ClbAgECyJBkc=,646.0
consensus_latency,EudvVVNIoChUpJm53RAPo422WjeSi2rZkfDPMXwgrJc=,651.0
consensus_latency,cB7El1NP0lBzx+mJsYzndhqOXbvZiGB3omMvI7JaCRY=,651.0
consensus_latency,0+LUsz9NyQI4OluT4o+Fdxh9a185n+jpWTVxIP3Nm84=,651.0
consensus_latency,86O9R3VBzWLwMIbWEWdLpvp4edphtR4RubiS/HJQkjQ=,651.0
consensus_latency,HNgcp3Vyyv9M2/a3E21PBiJYZwlRZnM5pBlZgvqlKxg=,633.0
consensus_latency,p3SDGGfHpD4XbW+DE2JO3KemgiODq+ch5gyX7Grz+Xs=,632.0
consensus_latency,vZ1tgmGipdyiaEFz4o2R2FEYhLgVrqZ1cFjQx/3aTME=,632.0
consensus_latency,ykmkRKdXahgOqqwvcFS7FPFTN83z0rxIm5fwgmgyvas=,632.0
consensus_latency,Kt1NL/EL0tXayuHZthu217z7RY0fQY6WCDc/i96IDBY=,645.0
consensus_latency,aCc+pefU6wJfH7LuD/xFgb9W00iFXc0jyn9Q2uq7ssg=,645.0
consensus_latency,ej/quh8d5ukVtgDva44DE4QsGdq1awV/eboSlh7BvCI=,645.0
consensus_latency,sGY3yuiBLcgtARb2Yvo2UqPh+ZlG0Rzcz16wiZfxtc0=,645.0
consensus_latency,zY7G8Seet0ZDevLGEWCXdYGYbCZI/bMHMGvXg1gouT0=,644.0
consensus_latency,0CHslNA8ltsDgSzqD3hL1qkFVouEkxpTfql59mDcwR0=,644.0
consensus_latency,ACYOLJnOyPnVI9WKSd23fdmlAN5dO0jCB/RyNKyNRGk=,648.0
consensus_latency,JGSYUwpfcFv/8Ocxt+eUtJhSPhfkMgbq23O5jY5UPdg=,648.0
consensus_latency,OnduZnFjUIVEinL7qO7IpVVBqZ/VjP876knQJ2esIRM=,648.0
consensus_latency,8XragL0LXy8moJh2sLcLxTfIlq5ydwlU45YFDOwmLk4=,648.0
consensus_latency,R6tzybAQzA/5dPW+z67lsPfyx1wk42FXvXf3I1OxxUY=,395.0
consensus_latency,Sg3Sefd8jnVMXqn0/+DxWT99CVsi5rBP1fdGctKvSRI=,395.0
consensus_latency,bdVblgAoLuNL6uZtsg8JNhDoVw1D8XJvHnuQmWCBcfk=,395.0
consensus_latency,qKB0EcW9Dh4UfYWTdnY91UXsKumz8VkipufHR7pPQtU=,395.0
consensus_latency,yQwNFYXJRbFlzzFjB2Ug1by9BQe7UCIkN0r99Fmxdpg=,395.0
consensus_latency,BSblZNC7ZDWi6vg4Xk0qDHltckWFLc2bDpIhPvDl7r4=,1166.0
consensus_latency,JKdwu4LN9nqgLtty4NvsPfX/7i6j0fNYqisDv3fdwQQ=,1166.0
consensus_latency,PHfOOoZDl9jDF9ZfdLs9WLHE4MtKCtAfU7X3DL2MN+Y=,1166.0
consensus_latency,bhVLPtM6CkmPCUZo1NYNLlLLjNrOsx1v2jUGFY1ffbg=,1166.0
consensus_latency,jOnnxmYJ+YDkdI8N4f4sq64ctZnfYAjxIWvHC5bwqHE=,1166.0
consensus_latency,+ACZ+aLSUv9eXugxr0QvG69dezc40133DQI106DZ2YM=,1166.0
consensus_latency,0tM9gqUgwb+pM18e98FwNaBqkRnvAwa6Njmd6AIXDjc=,1165.0
consensus_latency,QHKnXWIK5EGoc8FrENf44TpSfMi3ChtSrBFndQ1Nlpw=,1163.0
consensus_latency,6fiMmTYMxZ/c6PRloo0yUDZI03MKcvJOST0BlohpW08=,1163.0
consensus_latency,9rYNumh64l+Y6TRSzBBu4cmW8bN/rwo55RoiPQGbj7M=,1163.0
consensus_latency,EPHKgV9oyZO+0Q0L4IIIhIVzLmiBUOA/9rZjU7kHdek=,953.0
consensus_latency,FVKC2alu5LzlJTWGrSKYYCnx6R/APndufMnh1roqq+c=,953.0
consensus_latency,MNjyK2IRwNsYU+LVSZyrkE/TjoFEPpwOwRAyGnTD8Zo=,953.0
consensus_latency,W2ShfuvdeBvyWLHamzUhTOPPkHnuuonjn5VeGm4MFJA=,953.0
consensus_latency,foEfanT74Rc+m2JJCfpvyGTymUxPA9rAvJQNispdDGk=,953.0
consensus_latency,7Od11ienEyxqFsbPUZPKp+tkFZOblN82IBScuikHxkU=,952.0
consensus_latency,AKn0CUuReoiPxwt0QVs3ZKFEKAYfMbCvAGVVSnkCJ1o=,904.0
consensus_latency,Gx7niH/H3RAtxATgX1K9XGwC9bdV6q/WcW0eJWlhqZM=,904.0
consensus_latency,brYMBgCjg67JnNegxOlJOz9LTDcFFzoi0WTbxKdd0MU=,904.0
consensus_latency,kjKK7FbPB0mA7ZnA+m1AbfwOVytOng7xnfz/PAIroHI=,904.0
consensus_latency,t7wok4C0l2IFavRd3e/zPtk5XZ+L1VBxUcavjpSUZTc=,904.0
consensus_latency,Gau5VCDMeMKGtkupB+JgDz7vqnS3hEGgeUFbqcHZuQQ=,931.0
consensus_latency,QVpGSkXubhTwusgelPnLM6vPLSfeIWFy0DNnJ5BFca4=,931.0
consensus_latency,RdbTeE7AYj6m/DimyA/Z1149Jtzfb+LZNASSZayn0U4=,931.0
consensus_latency,Vm01o8yh2K1t0t7hyMbgqJ1V7foufixpYxEUHeyOMt4=,931.0
consensus_latency,V86bkM10uZj4jBnyQ2eoIV3TqbStrdGQagxyO7cZGlY=,931.0
consensus_latency,YFEuxzs9TrLwJ4b7D8aZUK0MW5Wj0Kq9EC7f+MBlZ98=,931.0
consensus_latency,eqrcMFVEMV4ZPwkhQSBhZsnLGJH3vhcV8VkqowSnvps=,931.0
consensus_latency,1s0GLlEj6iKt0lsvNW6V0Y4nHfGcCom07Gf1F46jvMc=,931.0
consensus_latency,QrTzEkCBv7FrfVIZmp5KUAbi1rwda+pFhAveRonxJck=,926.0
consensus_latency,XT80Pc6owFBxoGPaCFAXRfrwLuAn9gtdjHRwrBlKTXE=,914.0
consensus_latency,grd88gIn1xSROjV2i9O9oaOpro1hzB0OEkEfjLoGru0=,914.0
consensus_latency,mWF13j/FXW2TlUuyvvixhX+pgAVbHMlvsAdluPsPrNM=,914.0
consensus_latency,tLPmSRGHdDsKLwkXDOYCMEINQZP0x6nzzY6FMckVaOw=,914.0
consensus_latency,GJTPC5U/vEQzBjYLUnrp0otdEAKz6W2eqhCiX+VqvhI=,929.0
consensus_latency,Pqf7fs7P4cjfoQ4EUmkXiY4IWbrfFWF11zsht6Jgc4k=,929.0
consensus_latency,UvEdFVJWPqnEj7jJZDESLcUneWeg+/VlPW92nJVWj34=,929.0
consensus_latency,V/4AGUZLwQCCXofyFsYUZYXMVHs141RWrR9PtqCSk2o=,929.0
consensus_latency,K6RB1Tlj2LrhhwxK1Ht0gb+Hpkmws2jJa88goSfdKvg=,911.0
consensus_latency,NEZ0TdLmVjQb3dZaFYJFmNGRIs15Cho9V0/9N75s9Rw=,911.0
consensus_latency,X4cpN1ET6kaEucusGbNj+XoPS0OXGTI31XLTZZOCqbA=,911.0
consensus_latency,k++YLVbML6eZeql/rKmPjl01izzwvlbSjZA0Q9WJxk0=,911.0
consensus_latency,ClYDtEIsul7vValfwO1oiYK71Jjrhqdfz7jKk1/TH0M=,886.0
consensus_latency,v3g1telxgPLhdhjn4+N/B+IIdWjC9amGVG7bnz6Xqgo=,886.0
consensus_latency,AMVDBY8pdLP1C2vQtJOcxI1tsRZ4dL45Rj/WyIsXi3w=,921.0
consensus_latency,PpAe4kSPTGrpTT20tytdFenhGbv3MWZulRDm5vjab90=,921.0
consensus_latency,SKxoLV/35nji5Rvt5dQ6tVq7DytFs5k/GJaGv4Y4TAs=,921.0
consensus_latency,mgonpkbC5knLdTdCsMEyoMpaFmnhJXMogyKTVSOqJ1o=,921.0
consensus_latency,2zpY4iUaSjXPqXwC2YCrxxUbwLvFz4KOUJXviVLXd/k=,921.0
consensus_latency,HhOLBDQ4FI6PoyNtmEvHNnInW6KW2vo+NUphn4xzjAQ=,771.0
consensus_latency,V0RNzQz+QWbeSTuoHvQLP3piQJaB/thkhiImjyAJyCo=,771.0
consensus_latency,Y8Ll8QNNpHeQCjAlTkpo0txfcKN4KY15BlHlHutcjDI=,771.0
consensus_latency,LMKJV90rnr9MJm0vMVyrQN8+4LMYmS8OvrJMvpNXwGQ=,771.0
consensus_latency,kRIZyB37chn3PWuZMt6wm/ZQ2sX3cVaO8D0ALAm+R1E=,771.0
consensus_latency,sYxBjGVZCNeKNqBZq+Oc+pSLRCRO4rOOyQY1foZP9Kw=,771.0
consensus_latency,4660G8AEMOjSDoz0EPodEXsWtBtCRQqoq0fsjjmmiRo=,771.0
consensus_latency,/UnnuAlEB6FLW+/U/qHLsaU+k5EHK7DIxqkN4H6pgag=,771.0
consensus_latency,DnVgK+OVd/llS8of+g3kw9gB8r5yv//VcCVp6o+h+RY=,715.0
consensus_latency,MgM7OdSxR7JQP0+IVk4STqsVUPzu39yFBLOxXbwBaew=,715.0
consensus_latency,XoiFK9ZsSXrsGcxYS5b+PH6CtqOzACT2LD+jK3jXrUw=,715.0
consensus_latency,t2V2TKbSXXu6ldvWHCwP48xs4L3ugi2nYd0BYmdYwvU=,715.0
consensus_latency,A6ORn+ktvDN19kydUFLHEJIPdqLkKrw0P2J8cS3yNzw=,772.0
consensus_latency,KzAgaYUGF4fRyau3YsyIcUsORoNAOTJuX5UfWkV2ekw=,772.0
consensus_latency,fdiYSXJsbLBDdyXIGmeAmgIHHMh5ttxtohke9X40V9k=,772.0
consensus_latency,gGFh6ochyftwebfWn3np7y9ODBVafXKq3tTwIz9G/go=,772.0
consensus_latency,4F4fv8WpxrVyRc6TZSdXPkUsxGbntU92EpxqByDL5ak=,772.0
consensus_latency,6SDfWB4QrWEJliHyNK0n1jQxDo4HQKjNlVeCeI7YJdw=,772.0
consensus_latency,GifHB81GSB/3WBs+jjthmDYSqn8dZHSQbxdc9Wc8Dr4=,771.0
consensus_latency,nctNSz0pdVgxgH/TSRH39Du15OI5rRb9Dli1pQnPd7s=,771.0
consensus_latency,+blZL9z4kABGGijMfO8RtCl0QnXUqo/7tg3S8xWnglY=,771.0
consensus_latency,Bbwj+t1yEQS4pAnD1BLLe1iwI8WCdFxflMlMYUq1ZNc=,771.0
consensus_latency,H2XT8PKWFMogSBQ2AMFqMu3pxowo4WTMYVV2n+s9jpg=,771.0
consensus_latency,OQaEAOLT6HeEoFxgswY4zL7QG4vsz/tV1a0R+1LK7bY=,771.0
consensus_latency,j83srnVRXbAI4boEGJHNnTPlsjDWOmhHLAG9U+r4z0Y=,771.0
consensus_latency,H7gC1zuCEi8bzz2xdCXzpXQC1TuLxXQ9TzBxhGhx63A=,661.0
consensus_latency,OeDenMsfFOWRMLQXb2FEcbrJEormVgWDUcWZtugMh1A=,661.0
consensus_latency,bmtjdJn/qhenb5tRJMRMUrNuvKMCrq+UvOXw4y/s3c0=,661.0
consensus_latency,xRnkKuVO07avyCwF7qzCcbnUk871LWNptUJOZ9qnQNQ=,661.0
consensus_latency,9/T+xvIs1W0r/JgYL/xOl64y6b+spZFhYhNBlBPN+/Q=,661.0
consensus_latency,TlgpzqjHE8nTv9PuGsyrzUfqeS2jPBYqfq/q/ZfA2zw=,663.0
consensus_latency,t3wmPCymeoj909P/7czZ0QugPjPdDV8bYjjtxyLt1fg=,663.0
consensus_latency,049ISFDr4UHHk/xil/RmgvkZtZp2nbs2J+4/oxX0ZNo=,663.0
consensus_latency,2pXpLqFCN0oD19T7+9d69Ob7sK7ncCYUiuLcpS4cspM=,663.0
consensus_latency,AmZikcgicOgL4nJjclnPjZTR1Q5I/HHLpgDkRi2xebM=,663.0
consensus_latency,UwO7y0VUh7SNxQeI5amA9Iboqq1lgt1ddoHJ48azvWc=,663.0
consensus_latency,sfsVDuNA7Qlqtwzxj5AaQB1Iv0RtzVGOYEujgXugbNY=,663.0
consensus_latency,/J1ba5T0MGICaggEno0VkwdIKMxlr8Y+uHNttBFd630=,663.0
consensus_latency,LbRs3Ig5mJR0YH/QFHtasvqV6opaS5p4gtl+ttyV+jk=,666.0
consensus_latency,Sudis44qe3rzbruS/3bhYQfMiiLZylH3RLK33Rlw6bY=,666.0
consensus_latency,WENXTPCVm+yYTinivrF+9RrUSielo4/rfhVslTMfZf8=,666.0
consensus_latency,rgV6GNAhz1D2P37xDikyItkDMkSanAGzg5dgGz3Bz2c=,666.0
consensus_latency,0t5eA7DrhW0FXJB37/egzYOFnvRvc7oi3qA679Xfc6w=,666.0
consensus_latency,BhNCHwW3Xj0AZRlUY50etMadDLXoXAVnKRGHVHKK4f0=,664.0
consensus_latency,aoNHM4XXPSjJkBI1+u27rTdTQOCGCyHv8/KyJ1jz5Qs=,664.0
consensus_latency,y5XOueaaG/y7PAeokzq8zEn/Ix4RN5hn8yfRle/fxw0=,664.0
consensus_latency,zwVfNVE05sq/C+ULuWhzjdy8om+/MKWMjBTtZXaPMjs=,664.0
consensus_latency,1G5B8kMuHdSNXFq81h6/B0qsWm0tgShUcB6wadilqfw=,664.0
consensus_latency,Hffcw6iL/qApAWSYR39ldWk+STYohknuvMpIwq4nwKA=,665.0
consensus_latency,VfDgvzxS8At0xr4ZSajiMEW8iQE+pqTp6dd84eYUmWE=,665.0
consensus_latency,okLJJBeSw478FM/PM7e1kt2tXUVXwfLfTRiTX2NmPW4=,665.0
consensus_latency,pZsuLMoTz+LQ9wDeZjdyj89Wi5EFus4F4nMUB5SUaoI=,665.0
consensus_latency,D82iPHeIWptP1yOsKtlZWR62pEW2UX5kthZjx4Ou0ns=,417.0
consensus_latency,Pm5LH8HxpllWTTt4/5Ue+eMSXCUQS0bLRhdyPJu5v4k=,417.0
consensus_latency,XABDttC2cDx8+h9ZtRyIdS/uCpYfeKehooYrTJK9l7c=,417.0
consensus_latency,7GcWvrJ4OuCt+ur68t0vMukZKGIRRbO6aD0eLyLyWrQ=,417.0
consensus_latency,FcCgtOZgOzXkRhwmkWCfKE540PPbDw6eOyxZuslgd2E=,1179.0
consensus_latency,rvvBi7QJPrA6w4YWB81EVnBVK/WqQNOWVw42zaF61kQ=,1179.0
consensus_latency,+oQVUVUnUzH3okCFnl78/xMoX7vwtZ83s08diILRBcg=,1179.0
consensus_latency,/huATwRW25I1n5dUAmh7Zj2i9+r1jQ7+wk0YrUPIF+0=,1179.0
consensus_latency,o9++ucqtG28uaG2JZ0IHFgUoClqtIFva5OqH7Hl29aQ=,1182.0
consensus_latency,yeKQqGgPQc8Dw+dIglOFuS8iHnT/CYqjnOXhynjOcdk=,1182.0
consensus_latency,z9c4JRmUAhhrKDYN/fu7S1Fdx/IoLQFDLo9rCeozOvQ=,1182.0
consensus_latency,6xePu200ybnSSjLH8B6o5W018LxPJU+riP7GpAAlmT4=,1182.0
consensus_latency,JRmQOpOgJVWjS1GIQwg+10/2CuC0Io7q7dRc9JFS9EM=,880.0
consensus_latency,cfvPb8/7nXEpqa4axK7EVN2RDr+lXwPEGwUDLgxN324=,880.0
consensus_latency,tivnB3Dn9miI7qr33hyxIiDi4ndL8I1m2U6KEo0YPp8=,880.0
consensus_latency,3njYwqUw2UOxlCDT2mc3eU9F0nJRPNdHvIxsJlcsidk=,880.0
consensus_latency,QHP0kBtJcW20VJItt1okYr7RmQAEwon50uold9r6/pE=,901.0
consensus_latency,9RvnO5A6424CvUntuub+DvkLX+aTs1Q4ld80hsdbtqY=,901.0
consensus_latency,IHBM4I0EyWgPPL/LXhx0aEpBEy1bXThkzWL3T5R4m+4=,878.0
consensus_latency,shUOov2PlFLNdQ5nZgTByqfV921XcQn7KUcD5+X4EZ4=,878.0
consensus_latency,y2MBY1a3XJaGIDakG0l4IkF1lbCJo/ppNmWaxUvmIOE=,878.0
consensus_latency,65V/4qtz4b5K6BwkadD3ZIEKjac6uN/1VCGAzePz8T8=,878.0
consensus_latency,+ANzNoR796amkWi67Om4HtHVkS912Bjyj5G6231KZ+Y=,878.0
consensus_latency,//VcakpOiO5qU4Lagtuxrd6stSNW36uv3htG1URQBzI=,878.0
consensus_latency,dIuCxcWtjXroLGZYk4yu1ZpqpjFcs6g8eifBLO4h03I=,904.0
consensus_latency,ddknstF9Rq0KSoXNKkwMuxkJbRUBJm8MWJchF/dGX0s=,904.0
consensus_latency,iTwrrYu/N7P66hy4zy2ym+78+gQEmU1JRf/oPZBDhl4=,904.0
consensus_latency,WIIIyRgyNuu9oFWyvx6W4JxgKZHE+rhS5APqDOCnAZs=,890.0
consensus_latency,btt4diuYO/obaTZmBiDMrQR1BbdHNTmtqrxQLjgsNcw=,890.0
consensus_latency,moMf99GGo+FR/DHGTR7+uagH7f7VU9bSopiKfvh2YtU=,890.0
consensus_latency,oOpOOAHwYXPEdUoykkkMsipjw0+sDCqWGVuSjC2dD40=,890.0
consensus_latency,yJnx7Ah7d9GZYca+aXUHoDCH7tNdiMzag0N1Zj3S2V4=,890.0
consensus_latency,FOB0tJxAgLfqrf7wChY4eVh2EcHZHXHwo9B9eti4eeg=,878.0
consensus_latency,KXnk9sN6/BdULgBBdlSLV/xVWWIg+7nb0CrgB2cqtmQ=,878.0
consensus_latency,kU/YoDLj8lMHDWmykS50f8NrowAG/Ly0v54xjpFNWjs=,878.0
consensus_latency,mHyxX3iPPhD9XL9SIGtqnlWxUr5fvsjW7nH08Gkxf98=,878.0
consensus_latency,F/L15CN7JX01M74+/Nb+iDK+UfP9gDRB3aF+EB7UOWI=,852.0
consensus_latency,UQ76QSw57pfIBq34opYzyYC19fa0gCtVtYWpGA1Vv2Y=,852.0
consensus_latency,WNzlgJbhJ8zjNOUFECmoxzGg52Gjr0VH1QjnbPmaZpk=,852.0
consensus_latency,Y0lhEGYQjLoqIYq32P9XgMxDEYLjRKljhmX6QMFQufU=,852.0
consensus_latency,oN5/9MTtPbNovj/cVozBNbKxtAJhzmkf8HbNBANXEtc=,852.0
consensus_latency,2Rgel0pBe3po/KrkKUNVUnEd1kBQlaqYcfTKjPAEGnI=,852.0
consensus_latency,MrtZZkknp40St/l8Ne53gQgTXIdvGPjxMfG1I93Jgcc=,875.0
consensus_latency,Umh8DN9xZ2j7u5fTGMNOcEhY7LdxPSFgUgcjA5C0qzc=,875.0
consensus_latency,Ygwi0jxGh5uuczoUQMkVHchSifHVLNW+NazMTpM8UdI=,875.0
consensus_latency,fUM/elK92fvahOdQ1n1ht9olabmDoFDL8yFXWlgluUg=,875.0
consensus_latency,w6kXdkO3gRkx7Jf8XQKhJOX8mYjvkrgGnzb4Vnyk43E=,875.0
consensus_latency,WVBSz6WJNo8AUdLrY9rLb8XZaDufMICgL8KMtcqOgdQ=,664.0
consensus_latency,vAVHdO/ThJHzqe8B7GQ1wKC9lyyG3ZeWuIM46U8HP0Q=,664.0
consensus_latency,wIz5YUKyKJH+wXVXajriXCcdMTlDXY52qy8o8y5Rgcg=,664.0
consensus_latency,y95775m+TWOgeksiWaAMptI6QHS6IYwGer6F8IzxDWI=,664.0
consensus_latency,A2FiXk17DYhYgg/LFQukKq53mR0svGmqdpDG9N9O5u8=,717.0
consensus_latency,pNaLfXsEUGO7zh3wUwcAf1Mo+iYkNR5YS+ZrRs3tpQ4=,717.0
consensus_latency,vnElNOgx9FIl3+QhTfJ7Dy2kju8bSUI7Af5UDtA7J3A=,717.0
consensus_latency,/Xlpwhnpi4E1JsN60fwxRh25GEUfz7d9WNQU43Rj8nE=,717.0
consensus_latency,EcB6xY2fT5AHiAlBqgJbgeEo9WCVw+SYACFTIGKIUP0=,664.0
consensus_latency,UDG5EPH1bplsF98rk3Beb4DrIwzp9pCNHbPcp0ERDIE=,664.0
consensus_latency,gykNT/m9f7JmjoPOTasm53GMRZZQ0gNAxeULeVrx9v0=,664.0
consensus_latency,yTZCGDnoKnUzIyakhqnFnaVh+i81f5O8axxxB4stj3M=,664.0
consensus_latency,R3uxT7SNePD4JwDfBTJVlGZ2F6l5sqB3feM9/WYBjlQ=,717.0
consensus_latency,yLUtKKULANhYCmVIU/3DKThi9dlvediEnVO/b4criXk=,717.0
consensus_latency,0y+FgP7eWqH+nX9OAPlKk50HzWCQkqkqYwU514Y3rQ0=,717.0
consensus_latency,2WDmmxN086jrSncQerQEbdssL2db1nWuqH+6fMKBbhA=,717.0
consensus_latency,8Nmqlqn3k7OnaLvcAGHLzyCYfFhV6wFiLLvi0utrbn4=,717.0
consensus_latency,+lzGEsPwxspE7pPzocVhPnvHQFznN2NN6RbZbwMwpr8=,717.0
consensus_latency,EtBAslCMZEAqssRMBbSv0V0m11YGEvUrbqCnMGmHeus=,666.0
consensus_latency,l6bIgArodq3b51BVOpOc1k/MdMUEHpwDZ7Mfa7K+SX4=,666.0
consensus_latency,qDNeAG+vgoizZ+dYtpw50N/y8BvqB4PkxKYRxkAuxVE=,666.0
consensus_latency,rpD6Qing5pBpSe8gY8RsORYEx5zXH3Q++GQcUZo1B7o=,666.0
consensus_latency,ztyBiTneWwZds+5C3QvmlMbsvaYePyeXOMP1eb3dN+0=,666.0
consensus_latency,/qSo9itlT397rp3TGjnfTDmCDhD++4O2wcBlIl627js=,666.0
consensus_latency,KpxNrl3EVgSTaLPtETcsHTWODYjj7T18f2AtYz9Z6/s=,719.0
consensus_latency,WFZw6fk2YByqxCDU1K/ZfFkhx92Tu7dgPWUxGEH3pUM=,719.0
consensus_latency,XiHy/OwH74oF+RiTw0aG49y1zwbdnnQiSleiH34dgTc=,719.0
consensus_latency,m5a1hvv0uLnXjKWnUCeaR1ZBs9QqPtfy1/XggqoywEY=,719.0
consensus_latency,Lcts5jqyLeDxspqDg/SakVcD9uQWDWfyU5WJ3tqJezE=,720.0
consensus_latency,VXr0SjMuosTOK/eRRaohaSVins2Dqn3M8T4yqGlbGh0=,720.0
consensus_latency,akZ9n+CC8RAHfZR3riUg9xdkDVQ0Qe9k971tD9fcp7c=,720.0
consensus_latency,i5PdhNeU4nej7ztUNx/ohTxo8bZitTvVJZS6AcqxwrI=,721.0
consensus_latency,z+wvWkrNgS8//AtUZH+SbAFfQOYbq9RTc2bItHVBA08=,721.0
consensus_latency,3GWHB6dJpWOlQvpbxJDa6xYrP4OobTlm3vALctZk16w=,721.0
consensus_latency,HvrrCEsM+bMgM7Rm2vB9bFnKkOTBWC/qeQTlnbn84Rw=,718.0
consensus_latency,J5nrcipR9go+JYPGxTs2kn9L3DXRzza0fvKHDllsTtg=,718.0
consensus_latency,NHHIGn7aw1X9embAxJM13/ABcS2W6kxNlJKbsyPFuj8=,718.0
consensus_latency,OvMzv931sjTEsXLeG6hCtiLKTDQoNNa7tLyMC/VwRNM=,718.0
consensus_latency,zlkUbYHPCvVOG8rVPypDcrpnMflB4WZayr+HPgxKERU=,718.0
consensus_latency,L4YRaZH8N1sf7moWlW5UnrU6EnXrVLucztAXN1NN4/c=,611.0
consensus_latency,f0UY7dpvRJI39Xgv50iKJ0b5yXrB0NmA3oQWP4rrdw8=,611.0
consensus_latency,hWNUYLxyKS9kR7ScQqD4cKFJaeyXpy7vcBLDWiIJ/pk=,611.0
consensus_latency,m840ntiroX9YDEovDearrinz0+O95j3rPFNma7KVK5w=,611.0
consensus_latency,6islihoz3yWwtyAvvK1+ZVFQV0kmJnYJFwOyNpT7/lw=,611.0
consensus_latency,GEpWjsgv+eo/NE2kDwZoi+sTLT9WmZPoCuPEK6rDs+4=,614.0
consensus_latency,NtvFDazN59iLXVbuZvFl7zLgq+CkwqXMN9iL4Ay+qiA=,614.0
consensus_latency,XLt1m4XQiytclXCWjnqdap/Z4m2Ns1fkeYRrGVQ3yj0=,614.0
consensus_latency,7qgHXC18e7acPTf6XPaWv7JEzyqQ51KAcuqDwSefjdA=,614.0
consensus_latency,G+HRAh1+MSkSOwd2DH/vSWD9/nwXAfEz1MB+ZDxZFRs=,589.0
consensus_latency,PWLBnDssnu0xNGfNWEOHDtWRiZxvh8e7okplWde8qzs=,589.0
consensus_latency,Ykd6utNJetfQ+YvdgkhNHgqDzAHNvIJiF4j2Szn2Am0=,589.0
consensus_latency,oisjjgy7baN8BjDjDXYiiqce0nsk6mL2oDepho2Oj84=,589.0
consensus_latency,t97+zaU3JCTn9TU24jtC/wqTYoS3r3XB19TPSwivEHE=,589.0
consensus_latency,FwIOFYM3z+sGo8Qk8TMIm6ryH5hKqcyGrgpqTmutl1U=,615.0
consensus_latency,JuF0ySxZX4Bw9pkgAu6EWHqF+wXxXhIJb7LrhmkC72U=,615.0
consensus_latency,fG5OUbKRXRBZNZY1eBLgetSCnb0oewV9cFozg4wiYts=,615.0
consensus_latency,nrprRCJinztWZF5IsySYqybJG5t+uJN5VIYkakCNmxE=,615.0
consensus_latency,vxCAHnyb8czKkka/TEKZhwdf8EfK+nUY+/C1gFPw0Qw=,615.0
consensus_latency,oyHkyXOPV1PFZYcn+NNJQUcnz+0sLfpYoQ534pQeRXA=,613.0
consensus_latency,sEp9pmRFc4+N3rsmCw9BN9ZtXj6DMWLXuhhtPSC8auw=,613.0
consensus_latency,y2b/KA4MxW5neA2l3lb5lG7E61Qf+wZM1nYWOqGmgWY=,613.0
consensus_latency,1C4RNiGW0JXCAqTu/qk+f30V2QVZdm46i4GwDnbKhyQ=,613.0
consensus_latency,3n32fY+or4MuF+vGzgCo4zjPlLVi33tM90Bc0fYWBxM=,613.0
consensus_latency,73nLJ2FwRcSFN3V2bCXfhHvmct75UQawXya67JxXWUk=,613.0
consensus_latency,K76YuiMYYZNOJ9GXOOvilxY47t/jJxqUTtWi6qqE/q4=,625.0
consensus_latency,MQfHhec+X6FeC1WB6TJeMy4C6VgJEpp89P2ueOCTrIs=,625.0
consensus_latency,S9y8H2xwKh3s/8WkMp/HCrRFvJYeyv5e3DbEpPMAoLI=,625.0
consensus_latency,q7e9I6x3+IOS+ohnn+zI+KnZy4pexIfuwoKBoYvFpAI=,625.0
consensus_latency,3g9U7FjyegrUJ4BXqLYxctwEbm+iwPNRkXBKIqkBJtE=,625.0
consensus_latency,8K1ISrDz/eJtpfiitNv4K+VDBpmhtKtY3XHAbkofNrM=,625.0
consensus_latency,JJVALef1OkbHR03AKrfSocxDDT8Nni4h7ReHNn0rGHo=,614.0
consensus_latency,SJEHzvZoDE+LkGcKPbveGNz5eHbKz3DUUalc7J6e0nM=,614.0
consensus_latency,kY4NjMdRSGVWxQLdo7ktyRMb53qiwGqpXJLwprlPS34=,614.0
consensus_latency,nL7VZd7HY4mdmiTvSOojBEspZS819EB2SGT4v46aT6c=,614.0
consensus_latency,+JLQGW5yNyyGGuNbCgirokLYh2Xj0f13Wep1O5F/XKY=,614.0
consensus_latency,+X5V7Bpjn0PHvFNsf6JGbGiu42PJYAzaJfoRGhg2MlI=,614.0
consensus_latency,Ze//B7H0u3474Jwv0ADqAWtUcTD4aeJWmY3jSI26OFY=,357.0
consensus_latency,gYW2skReDS8gvX86l6RsCroafNDJl8DQSEYxn/rJnro=,357.0
consensus_latency,6mGb/DLgtsrhUsPIWENEBYO5TH5aNcMmg9WqdeZ7sqg=,357.0
consensus_latency,YF01AtyzQZvCOo/4g9/TCXI5QdgwCGCuRjsU1Jsjzks=,1756.0
consensus_latency,wMWe+g65ymWuNWCmcpZUwR4DbrqUVQN6eLDr4hTToYk=,1756.0
consensus_latency,yhN21ZDi+YraAxhAobTmrbstHaXONHyehpFPoJiVYeU=,1752.0
consensus_latency,zmvtSpEDfC/abW60IuzmtA1D07uxZEPqAYF2b5z/VJQ=,1752.0
consensus_latency,3wtV9kaDjW3ToeeanPoIPwRDdPMU+DXkvYSEk3kKpl0=,1752.0
consensus_latency,48vZr5EK8T9dyVj/iiWJnhCfR6Ho4xgZOL+LSRZhcwc=,1752.0
consensus_latency,+RcRIZYes+Se1sif0JDvW64ELabsk38j/o+2Q3KbwNs=,1752.0
consensus_latency,AcS70cXszl1JFP2bQWZ2Amv7tDCt43g9EKAsPp2Jd3I=,1535.0
consensus_latency,I+L4hsMHLH74wk1oJ4uiI65zHWanWF6VFHsT9VrNI/k=,1535.0
consensus_latency,dljQT6ivyvkOCIfzPkluJmeH2IViejRNTWwGO/eV5Ts=,1535.0
consensus_latency,336TN2ISaWrwcQbH8XhZw2Jhm7pXn1/zNim8ognFW0Q=,1535.0
consensus_latency,FueUvmu+j7vmfFvO108+UaZ4GHMPdiEbAiumitJwu0c=,1484.0
consensus_latency,SL6E2W6wJQaJXWJzMYqyx1g/RRq7EWd1K/5A1YikR8A=,1484.0
consensus_latency,yRF9H37PqabciDjVEjmcanlCqgnYJhx+zawtPvk3Rqg=,1485.0
consensus_latency,3ttCjl3X44U6lJAIFF6ysuDNn2G24ApCieZ+np+vkAg=,1485.0
consensus_latency,/H4YNCsuD83ZhBLWbqH29yxDw03cQfVbcbmIn6NQNeg=,1535.0
consensus_latency,VwscLUM+UUer6TCSqy2hZu/86VonLq+s3/zzVBJ7XEc=,1487.0
consensus_latency,cj/8rvBUHy4lCW7hUTm1hBBHpkzTzN8n5r/rW47Hdek=,1487.0
consensus_latency,iA50dJC2/fCdD7sWNMliy/BrGglVeYPsyPifi1n8leI=,1486.0
consensus_latency,zcQ+fQakWy4EVx0M9lOnK9rmDs1yeOd3s498jeZ9cIU=,1486.0
consensus_latency,0Aod/mM79lbNXN7i7F5ri5Ig0dB67ptUMxfovwgoMSM=,1486.0
consensus_latency,3rUhbSt61GNKgT57+V8Ja8m3Zse4fKKcBVnjhbTKhAE=,1486.0
consensus_latency,G+YZk70o8WThmx7P6GLLRj1H3NTSsgUBYAfVRpqZ8iQ=,1485.0
consensus_latency,LHNmG7E8yF1by6jfPeumjhPZO8IP3GhjPBwtfnqEboA=,1485.0
consensus_latency,WtPvoCODkpg3exBFKp46ih7j/nF6GaSBHsgZw8t4HLQ=,1485.0
consensus_latency,noXt6sgBTBmychiY0L4LnEQSgMjcPrdPvjcZNHhmviU=,1485.0
consensus_latency,5gCuTdf81Av1NGGfm00+E6hgXGH7n6wzLM6qUbawFbA=,1485.0
consensus_latency,BJLmgRlwjpqHlI4lHAT9/ZEWsg/vR+ZoOTDsW06ylRw=,1487.0
consensus_latency,gleC73kG5i+ctkZoQecefSXjTui+phtuujoJ9zinAFs=,1487.0
consensus_latency,vAxGdPuMdwQjbM9BvVFoNmwkwqa6DUsiB6NDSmOKPDI=,1486.0
consensus_latency,049AY33DRGMMzuLAUI35TLhQVswVDKy85SsKHvpduEs=,1486.0
consensus_latency,6FB9h5gBfaeiIQSUXqxTA+X/nIOZo8IaH6ZEN+lMUBA=,1486.0
consensus_latency,gvb+b4MUyNkD/vsDNFeCqCa5sjvPuFUlQak+/Wlc4oE=,1487.0
consensus_latency,ny0H5ufD3NxXOgidpVNramJ6MoWrJiqenzaREgjolTQ=,1487.0
consensus_latency,wjnyGjl0ZQGlsyosukqOolJtMBZxgG4xtUbYxAzOdnk=,1487.0
consensus_latency,zfhRTK2xWWR43TlYAYZbSDFuaq1cdErSxCB0vjbcOlc=,1487.0
consensus_latency,6S1w6R3GkMG0Dk3ukJ4M/1L+DMxJbdv6uoQigyXSVac=,1487.0
consensus_latency,OfOOP3jLHWZW88q/riflxvrlXCg8LtF//npp5kd7fUc=,1459.0
consensus_latency,gP0ZojfngIUO0UUVQkTEQpYfc5UYLSAeDuCoqYWMI0Y=,1459.0
consensus_latency,NKH+X2NwX1aWRCiLosudVd/KMMGqdz0LK3PVSu023X0=,1286.0
consensus_latency,TCgEjpR8Ymrawz0i+/bYcCyZa8mdwyfYes4cv9chXy8=,1286.0
consensus_latency,k0jxSp/YDM7/dtlLLP4NZpQMsg6InINAFNXNVm2Tm04=,1286.0
consensus_latency,sILeKs32f2ZpZlPv04vbx3wP06tXbUy9D69RbIdvSDE=,1286.0
consensus_latency,4eepARHP+aHh9nHwSae2ZMFJTL3S6OWmLa5ftye6+hY=,1286.0
consensus_latency,DnpNEDhQ3IR1G4YRyNhiQ/NCy9OHUeZ1DVdV8PfOWcA=,1339.0
consensus_latency,F+MyOWGcEXNw5RuXUJHdVbD5eygiRAPkfH6EqbBt9sA=,1339.0
consensus_latency,IdRlUgjXbulQj4toW4I62qsuKmp8mQrjo4hDcGeIS7I=,1339.0
consensus_latency,b9IwxkSFvvQrhGIKv1hpg95CtrCUzv2BL1RojaQEKkM=,1339.0
consensus_latency,qdSpBxcQIDy+PkX204pIoGCERQ/1k39oDjF9FCMpG6s=,1339.0
consensus_latency,HXIKwpOkPHIu0URZJ5nsZd6RAzeKnE7aA+4ZNtIJml4=,1285.0
consensus_latency,Ngd7uG9neL/qMaK0TeL+bfZO2/IiBtXdFiV6cBHuQAE=,1285.0
consensus_latency,wnCuSTpC+zzxojJ5QMxUc7AJjTUAH/zQLJwwGUpOe4E=,1285.0
consensus_latency,+5rH+kRwi9JFtfq5HaCSMwGgSlelmxyu/BeBdmotFAg=,1285.0
consensus_latency,Gr7SsYOeAHZDv9E3oH3B97g6gg+TMCGpRPmZdloHgAE=,1337.0
consensus_latency,M5EScQVsUEiOYwQPnT9eYqxqf1QezYKO5Wm2SXPhnlQ=,1337.0
consensus_latency,pFgazi7I+rIuqzYddK3tpNz0gaZ/deTqM2bwe8P7PRY=,1337.0
consensus_latency,tTbjBMf5KjPAkVRxDQVC8o1KmcDeeHmNLgnw9gaGJDU=,1337.0
consensus_latency,u7J71NLMU8b7tn/WG94rhC7MirvXBog+CDFIpx6Kowk=,1337.0
consensus_latency,0P+IWkGp7bUKmrd+0v3ZJNguA5XrMaZUIauYeNGi1FE=,1337.0
consensus_latency,QxRzWDG1isXDIWVsHT1N4TmFm/7CNzPJR/FNarFrygQ=,1263.0
consensus_latency,uthLE4RGf8l4ddNznSkUs0BI2ame3QXUUrweRCDocB8=,1263.0
consensus_latency,yxX95ogdTyCu7qx8DvnYfYUwTKizgX/24Pqks47Z8/0=,1263.0
consensus_latency,0Xgm3+24YCkVmv+j2I+0A05xWkNO5StIMipYqUE3nB8=,1263.0
consensus_latency,7ekfBX8SvIIjhgPwvxvF7ZzNS4IeJintIlzt+irCPiQ=,1263.0
consensus_latency,FNDgEqpRitQKeKFdPQjGRf0MTO4+IR5zv6qqpRjhxAk=,1338.0
consensus_latency,Juwwc5C4cQ2qXPBPHkhEtLsWoL9CqRuxEOiW9O9km5s=,1338.0
consensus_latency,ehDu9X8EA/GQbvV0UTNUNvp7RGW5Q4jMa3dCLF0Kz2I=,1338.0
consensus_latency,eoqJpu1TqYZ9r7fV2C+vjPmUBoZusLvRE8oQnhNd0+I=,1338.0
consensus_latency,mYI01PqbAK7YyhYc3WnDA9Yr8+lQXbgykbcUr4CY9sI=,1338.0
consensus_latency,bUn4OmBv+W4Ip4oC+Ky4e1OAlP5ChCfiqn38GjcNS9Y=,1339.0
consensus_latency,fptPJmNhO83p/bITTCNkLEIVMKTRGFTpnBn85avkppE=,1339.0
consensus_latency,/mNLfaMA7VUc6jrmZ99T8GxyMrvsDX2pgcooy0U4P8o=,1339.0
consensus_latency,QQkt5re2NhRV14a1UXbQuzIxSOdDrDP4yMQHO8RGaQ0=,1337.0
consensus_latency,f8Tn/R+oAMK+S8DrSeyubdPxSGlL+hGpb7byskiE7W8=,1337.0
consensus_latency,3TJoYOwFmH4Ks0x0HjQHNnpHVidJNDrwMWANPA9RN8k=,1337.0
consensus_latency,3Wn5tQ1dckDdJf5stb54ph5vf28ouTUcysegYDMJjCo=,1337.0
consensus_latency,75CMNL+ZNSZiB+ZsYVa1iz1m8J1HEo2x7VF08JPoqmQ=,1337.0
consensus_latency,E/ovyamf570BhOQNhO/kFSoNjV+LiOppnU7ong4qRFk=,1277.0
consensus_latency,KoQjJInhgzE7Zrg5R7Sha/gV1Pcx4V67f9dyeeYZt7s=,1277.0
consensus_latency,aPNqbqE0cUIw8g3shtjbTkwGjlMmr9AKu95W6AJmSnQ=,1277.0
consensus_latency,kL5Pd2SBszTmSTAUnijkiamaHypY78RsS+NKhjOtzm4=,1277.0
consensus_latency,WGPUyDwL+fWJVPFmRhbmCyK6weIH0g5fy2TH4E3tGJM=,1277.0
consensus_latency,ek/kssS45ceM1tA/11atHIl1ox/vu/wvh/Zj8H/va1k=,1277.0
consensus_latency,etU2SxQJruqKhdqXp9IM8byApxCbjTTPnDg3aD5MsfA=,1277.0
consensus_latency,9+A4w6tu/0kcUZ8t1YjnVAMZuRWJFX7wGX4JZ3b3Zsw=,1277.0
consensus_latency,LLBxAcLO0nvFTRGWlOyVxS4dP4SZSD14Sm3xb4TVA9Y=,1282.0
consensus_latency,ewEQJCKV41qoMXA9nnvGyRMUaNkh4QG+rsS9SY9ZCDk=,1282.0
consensus_latency,BQp4MBUdS0EWk98/uniPeMyMzCBwUDXRuD/zX2+eHtk=,1283.0
consensus_latency,L2J6G2O1gQ1RYqgPv3sW6HEVwZF3lF/bpo2LPdLFz3s=,1283.0
consensus_latency,aN9QbmdzbCJWZuxHjfaos8BF2VPmOBas1gSTEgD7fPs=,1283.0
consensus_latency,DKB/DW665cBhVg9uzoGJxRheijZYTR1hwWBUYNJj9BM=,1278.0
consensus_latency,Y76gOwqE7SRFwIyXOZ+3jscC7D9Ka1s30pfk0aa6EI0=,1278.0
consensus_latency,f8y7OOZlggtS9ObGE5MssTVuN/DH8ZpOokfUpXt8bBc=,1278.0
consensus_latency,Jr15ZhM1RtDrotstblPPLN6IFApDzxKVLHJti1V5zwA=,1278.0
consensus_latency,jy54ZKiX7HCFWqd07WWHvp9Nx3oT8cz7fPjj0Ixwc5s=,1278.0
consensus_latency,l0vkB0/jX7enq6jRnUFljjdDGPyJPFBRKe0ezolnSks=,1278.0
consensus_latency,9Va3dybRMW7W64p2iAJrvfG/xmqQ5CoUTS3WsgG0ke8=,1278.0
consensus_latency,PLNf28YTo9BT+sIOYqHP5qsL9lvGc87Wv/gqPw+uFFs=,1261.0
consensus_latency,6ljxIhkDMrDQ5bnZMcoORDegu8AuGRnm2WCckRvF4Z8=,1261.0
consensus_latency,UbC/ux9iDK4o8MduYyFf9opyOC5XkdLlykQ7rt3oW3A=,1280.0
consensus_latency,gdjZm/drHokHVHOB1+hruU9mCFCGgYD0luUsGujE8/U=,1280.0
consensus_latency,vUykarPhHAcp/AEFyQ9/KW/LzBuEmzwpIZ5rtnDL7TE=,1280.0
consensus_latency,AooF1gb+v/gUYv+ifkSf2VMbrMZfjZ12FAmFNJP9QAY=,1278.0
consensus_latency,XDeYdY2S1ssmJ8CG7yUi2yaW+HZyRTV3hGHwAmYG6mw=,1278.0
consensus_latency,9/Ip/8eQ1bH33WRNttgsLGQYZhfpZW6J6Er/iBESGmA=,1278.0
consensus_latency,+/NLrdn1fPtagaVuHLiILimsUn0BV2qX9cCH+hD2HY4=,1278.0
consensus_latency,/hPZkJ/PYwQ0XkE3Mgyn+PNTO0pPpf0zyufkvWCCREA=,1068.0
consensus_latency,Ous8D5AlIofu5BZ8QfoZNTmOI7K+FqiBjlqKnERpj3g=,1044.0
consensus_latency,PblGdv+4ugO/ffB4+2F2BNG3B5OBpmiMU/7A3//+Fvc=,1044.0
consensus_latency,YXZTpxW4hgiQHibJ5JwPxhWiQhXP8Q/VJ+OZ3+P8lEQ=,1044.0
consensus_latency,4PYt6lvndxq2/YWKGfv9O3ACKPMQJAUfmTKpn4k7TMw=,1044.0
consensus_latency,Rks9ViLMMMwEla17WEHxLY1Ds7eIdBeGBzL5LSqXxF0=,1072.0
consensus_latency,R2YQMqVNbvae1DGTrvGPT5k7Q+pzPp8CwlEsUWwlofQ=,1072.0
consensus_latency,yUcZBkoiWzY298snQFrPCMZ5ZYtTq0o1u6lh+hakir8=,1072.0
consensus_latency,IwHsshcT6DREWlJK1usK6CnSyx58qeYYKZRetpEEU7A=,1046.0
consensus_latency,ahhFNqqd7W1gZ5q5m50890hrfXu22ro2unvh29IMmWg=,1046.0
consensus_latency,gvTL18LK3tJ+KJNwebRgqtKjeLq2+oleHYCWGiwNoIo=,1046.0
consensus_latency,81sdNJdtOzO36TIYSYsGBK9XJdyuNJHY7WXcO5WSmbE=,1046.0
consensus_latency,WiIQiBWoQqh03g1Idd6iMEoNIjXJRLa6hRnXRMW0WXw=,1044.0
consensus_latency,rZDrf+FgCb/EyeDd9HyL+ypcuDorT6Nw/Y0mbacLDTI=,1017.0
consensus_latency,3/eRFSKz2nIE1+oS1NSq2wThcHjTUkRWaPygrCR+UvA=,1017.0
consensus_latency,FjimF7tqqBNoOmpDOxgvBEGozgyC9hCy/iS/oxAO6ZQ=,1065.0
consensus_latency,aGbB9aM9VcQ9R9Jheutxq6CyGipZVjVAFHoOush7zLM=,1065.0
consensus_latency,q5GxJhf9AA4ZMUxvqmH2QUL7iuwLMbJPmXD8K3LYkdA=,1065.0
consensus_latency,7XtyqRvajKvpdqV+7qEHptWFgCKKsTfPcnpniPkpD3g=,1065.0
consensus_latency,+ovEyzCdE84UtWPXK+lvbBWS85QhLTxdpvCMFL8UPh8=,1065.0
consensus_latency,PXdqhqzikeBdk2XTCTiRiD7SipR9dlA3ySn2EMqrw+Q=,1042.0
consensus_latency,XGRE4pHIBmb4aY+prkTGlTksPRs6pqIlRg1t1VYk3sY=,1042.0
consensus_latency,6VLtHyQgCryfYkGnCiN4DlB7w3JVtqGiYiJeWJuzNUI=,1042.0
consensus_latency,75TGgHqPGmrXTSiF1oDBECVca7OAKcJMhW6yuzPmJsM=,1042.0
consensus_latency,SgbTNj8F/ZgUzwjQ6gDHy50dmfOJbZFnJVWGgRHq93w=,1044.0
consensus_latency,YtN3+/Z1HDFmfRCcx42uKlAel3ednlMBuTuevF1mkpw=,1044.0
consensus_latency,gjswYiAOPAkxR03WK+qqh4OfSLhWajfrdNVW1/boIeU=,1044.0
consensus_latency,x1MFd3kQqylhXMncg39VvatkQs/hDLc95jyQuQza2DY=,1044.0
consensus_latency,8dutJVmu2LJ3bKhMYBrLH7BdD4VYf4GacaN5npo5BqE=,1044.0
consensus_latency,KdPb8t5AKymJa/P6xyDeEHQ6gdHIEleyVwQUnklkFds=,1044.0
consensus_latency,cP8aoKBnFtO/BUgJvp62XwhbcATqWRHslvJt7D+LlJo=,1044.0
consensus_latency,okUJ5y+bFti/OTXAv12QTyshN6hGRNofMR3LrJN0oPg=,1044.0
consensus_latency,rvn8NZUOpEkC/zBUJ8UdJARRRPaD1RL2q++4bGxQfEM=,1044.0
consensus_latency,3n6nA89OFlrqfIGWhPcC4cXdgrqe5G9k3INYssBznF8=,1044.0
consensus_latency,9eXHAl0tu4ImB5+YU8HqAiz9TkEzvXjMGbNUOqcYFjQ=,1044.0
consensus_latency,DMM2t31kOi0Ra7zzyC5K4pmVB6RsyHFPFK2e7RFQ+o8=,873.0
consensus_latency,DVcdFL+ASKENPRhCve4Tv0/zdugqFqrVyPxseYeEbA0=,873.0
consensus_latency,mdpT+tBriFR2erobMuVV2b/AYJdgesutFm/b1usC24c=,873.0
consensus_latency,thC49WBkoFTKhbCXLgIYJUL90SnmfSFwzFyWK7OYZyk=,873.0
consensus_latency,7JjLKpwroFXcgBBZsn+zud8T8UUn0tSzpB5PGiks/1Y=,873.0
consensus_latency,FxfD+6I0tfN3PwlbCY4+CKsCthEnp4RyJw5f4ePATC8=,872.0
consensus_latency,QDO6mbbZVu8FWwqRga8b+Jxy/QJ2r0JKn/u9hUWtP6I=,872.0
consensus_latency,QUgVsvBXZOGf5iuFk0SrVAfLIo1xMydInX0n1SAzHeQ=,872.0
consensus_latency,tWp6+xYtpBoXql5qd41pdqd5xGFRqTWEN1iJKPcvw88=,872.0
consensus_latency,5AxR2zE9yHixV2EtsiEjUkajdZe2kTOuZEitVtjS89o=,872.0
consensus_latency,UNtQOY1g5IkcYQQ1wfbvNpTCy1VuU3g/bTPuJ+8qSLE=,870.0
consensus_latency,X1qeY2zOmxhPp3T1Z22uRvXGCmvZnsARQwfgqn8zqQs=,870.0
consensus_latency,rkUCordnijXkz+y4vlKXDkytzFNPRgKzJAhxw7nvDPk=,870.0
consensus_latency,7Ge9dNBtVT45T2l/39RPHkDXAh1+6aLN5TRqjnTjze8=,870.0
consensus_latency,9MGqi6xdlAbdrFEXLouNKK5NF7cDQWQdlRw1lRblcHo=,870.0
consensus_latency,MkjMoYGoRpMt99hvqThOvHxC1zT7o8s7ybhAT0FHEFs=,822.0
consensus_latency,dlzP2xrRvjyYpmZ8o7lsUTTsB2ywE4qs5zOOzqRyZZA=,822.0
consensus_latency,iANbli7Weu6jVeXpbVdUx5Pvm5HfhnYOifyNuJkMLq0=,822.0
consensus_latency,z7qoFGGSiLmvn0zuFw8KOTJgfl5Y/3dZ/rscXv4RJbY=,822.0
consensus_latency,F9TU1jHIQR+yFDACxfYOdkoXoJXpDVcEfRA5rQ0ftso=,824.0
consensus_latency,S5RQgIxaZjObAWvnHTvxRKv6Ubcuq+WiDv5MZQwzGig=,823.0
consensus_latency,tX2d5TlSnnETkClKDIEYLi5NBhlou47VB62jDHKqbf8=,823.0
consensus_latency,vwNbJJJn1jwG3cMX4le+af0L2w1tR9l2zFllfnuHgQY=,823.0
consensus_latency,+Hm+m+x2nyF3IUOoJ0q/QW21nKU2kUE+sVud3qeARAo=,823.0
consensus_latency,cHOe31MSwwZ7SoAFbyiXwRvijUVjKV1ABbW8lgXfhpg=,870.0
consensus_latency,hQdTW7yasw31NeRtgbrMRgOBj5xvBmW9mcOyNmG49wU=,870.0
consensus_latency,uNyUxgqszjjN+vYcbknKPgSsDr4YuB6yZwB4Q6CR3/Q=,870.0
consensus_latency,wCg0nYRWRj6xFvRfxpwD+/7pl5Fh1FkqK4XQk3MH5T0=,870.0
consensus_latency,DvH2OOkwggY0CgHzmFlG0iw4B7QAsWt3BMSExa55rSI=,822.0
consensus_latency,Nv7xB9w5VIR1vi0o63Rqv3TbITjoyDphhhmWJTt0x1Y=,822.0
consensus_latency,b4o0KAd05qIG66HjNNk7cd6TjkAP5EBbaKApUWP/FKc=,822.0
consensus_latency,g2+byTwXDha5g6T6kT1ecx7DQo9hrqCe/2yKeXJycc0=,822.0
consensus_latency,Is08z5xdTSm1IdKbtkYeDHfKsmNF5ILCyGGOjugPQiY=,871.0
consensus_latency,YnRXDKhdfMlr3N6C/tQgHE+eT2hBkgM7pAxQz7fBE98=,871.0
consensus_latency,yxpsbgUsgHuKLGsjRv3uEPtNdx/xuSLE/b8S3YDQG/0=,871.0
consensus_latency,3HACUG2lRzlMwWwF67NkFHDyz2NQMNhOMNUcBVDsNdA=,871.0
consensus_latency,/Dht3sRU3kgSlFsdQ0JD4zQi390hQy8nvZgPSH9RxW8=,871.0
consensus_latency,KM1Z0viD3z5US6ulcedqbMuCd7rHM9ZhtJ1wSH2606M=,806.0
consensus_latency,TEZ2UO1kcw/KjZEznS45xbZxz/MyZ7druVgtpF2iUHo=,806.0
consensus_latency,YuoAoglfN9m3rm4fJycW+hQ99qCpim9gHIpJxSoz2Jk=,806.0
consensus_latency,aDW6ayVrdSnZmMt8EOTDtNvkpbtPXl85cJrWMKXmIMA=,806.0
consensus_latency,piHhpqNah70eNF+j5wmy/UYuvDmY2pai2/6xQ7GQVJw=,806.0
consensus_latency,RjMe3Ni9w37Dgqrjpp9TAemk2wNpBvE+znGNDatSnhM=,808.0
consensus_latency,SMeqokF8mLQA9O+tCVa5ggPlYx5k7SkJ6kQTTVgYQeA=,808.0
consensus_latency,u3PP+67/l9feRigG6x8LaNjeMONv9BCvNA2ooWcqvqI=,808.0
consensus_latency,+tqgkVLc0rodE8/O38H2YX/xICiQBHjS9hZSX7juG/M=,808.0
consensus_latency,KQj4VdKCBqoepep+S/ItUd6NlVoBGhKVhEKGkiUTvAE=,808.0
consensus_latency,lRjfuXwhMkfmF2ZEHzRFoSpG1nrVKPaRkVUIpLWe3iU=,808.0
consensus_latency,qr9Fz/ea9g4k0nSeCO+wDvy18mGwxulDGIGqVgTga6E=,808.0
consensus_latency,7uEO4K7W92yFEWjPvmNT//2V/MG26tShWB307A58Fjw=,808.0
consensus_latency,tBXi/1OkIXjDQpUFLig0pW24h94qcnhcpg9WJql5gso=,808.0
consensus_latency,xTZ1qvMFrYl1l7AkLdukSzKWCFM5BCQgc8iOZcHHucY=,808.0
consensus_latency,5oinNrrH7DB6fMeK898DvB2uqcswz20HSWm4VnMVxVg=,808.0
consensus_latency,6A9h0xkZ2VBDtoQuA/+Im9ls3Yzmjcfb9L/rzSHtbVk=,808.0
consensus_latency,+QShXNeCxEJ7O2loyINmWw8F3tC4cxnFxmvBKNIHwOo=,808.0
consensus_latency,iJ1U4Gh2kUqrkQrNdGYGYP+4IIudQA+3Klz9V5SzyfA=,817.0
consensus_latency,Hv25MborkJYQgXMcKqw1msPA+E6TLplXnlsR0nFkPDI=,808.0
consensus_latency,1gjMQC14ayQwBGBNNLpSBvkpgLQAtPunOkux3d2Z+Tc=,808.0
consensus_latency,7mYyRS0SfoOECUftpkpk/NjSqHciWB4KPBQfj3GxjME=,808.0
consensus_latency,/FdfzdfoICiewHc9gnSFdcgzgP+sC16tWIGZmjCoFF0=,808.0
consensus_latency,D6LSqHeT7gFS1glx3rL/afVJLs391BhgQxoCH3iQtPk=,806.0
consensus_latency,EsdFngeurDUCLM7h4MOu29qqq31I4kQuaLYd4wrcPwY=,806.0
consensus_latency,kKAQd1aZwGDpQEg/4OQPlGuHfwMsYt3pv+HkW1AxLKs=,806.0
consensus_latency,9EY4PzvlM1FgebXjBDnLR97baTvslVRPv34inbNx8EU=,806.0
consensus_latency,A9uERjkj0ntgP3ZMdMAkH1Re8xsYJ06t190RaMfdN8c=,555.0
consensus_latency,MU2q/At1PUvohuIeo9EYsjF3o4rll40Tb+6Y5mduz/8=,555.0
consensus_latency,Se7W3nIer1FJ9sC6h5K0QBPcobyD2Lym0eW2/0Z4cxU=,555.0
consensus_latency,5goBrdn4YIydJO5wvABxcYBDLZWF6miray7H6XqLmsE=,555.0
consensus_latency,5j7+UzgEht7voPcYTlVZ/zyGHivt7f5R5X+oT/9ympA=,555.0
consensus_latency,CMIsE4N3T8eCu8fL1ElD5Va94bjmx0yh4YRQP0R9SWs=,1115.0
consensus_latency,HTh28DVQm+zJhxHp//NVFXP5J3/29ut8sOLYUvwipu4=,1115.0
consensus_latency,HcM4cl2jLXVTi3qRfJulaKsUv5ulYTrOr/p6PjATrIg=,1115.0
consensus_latency,CONabWWJdgdr38OJmJwgjGXDJj0rEI5xJaSTQV5gOZ0=,1121.0
consensus_latency,en28UZnSPccuMm2zWjP0WXDcJyHR41BjoocRqD0Wcro=,1121.0
consensus_latency,mDiVfLWhpK2pYmyjIGz5iSk1jRif08J2ApddohfYtNQ=,1121.0
consensus_latency,t0tKaQBEPbw4kaauiIiY9b69y3RldaZSPf9qHeFCrPo=,1121.0
consensus_latency,zU/rsZy2p5pogy0W9yGdsS5ObOTBSKQvFET8K1OXMhM=,1121.0
consensus_latency,1Jd+c5zDF55LD8vSdPxl7gMafLtbkb0Wj5C0rHFee3A=,1122.0
consensus_latency,EaeyEVrWTVGS2JXnqv1/05uNFKPUE9ChBXGQaBu2eWA=,814.0
consensus_latency,wpHJjZBZnDO+UOC0S1MAwnMnY5gXzb419s9RX23BZKs=,813.0
consensus_latency,/joscxBwU3OzE9moWsmBB7FelwiAb9tp56ivlGIoZIE=,813.0
consensus_latency,P7l5QW0Ix/Jjg6p6yT8BhY6MtXBjbla6wxaVmyXDYTI=,885.0
consensus_latency,oC6lGWADTVgiPIyhrF95RtTdA6twHI7N4jZoyZCFbHs=,885.0
consensus_latency,Ft9eXqMtqXvyN9ffNns2patAqfxuQ6isDO5B9Hj0idQ=,865.0
consensus_latency,L3zpcHAZoTnLoSbazKMk9554dmnB63ocvHzUxS40e+o=,865.0
consensus_latency,jKi6+qHwM4wiL4k7DPEcB0IngmdnMXUNH4j53ep0sTM=,865.0
consensus_latency,vZn3+OCWfmMh46uTmRjEOX/aTPrV34Xamca0Y6bFCPM=,865.0
consensus_latency,6NZFKKeuGbC+yWKWJKvY2SPAJKRkB6VoeHTQA1+xnc4=,865.0
consensus_latency,H47t3WOCyg2RCs0QMpe7577HmJy9zaLFY1MhuspMLzs=,869.0
consensus_latency,Q0j+90qkySD6Mv22F8BEt08daN25BtgkrVEnibnMYAM=,869.0
consensus_latency,YU5PIyVw9ewvUzyNkaiEevozcijahq6i0l1wvUIwvBg=,869.0
consensus_latency,gpVTJ0LNhlhGhWnydvc7pkEzxtKFKS1+BgWHqZhJhfg=,869.0
consensus_latency,hP4l7LIjy2mRvswe8e02kMlMs4X/9wMHc9yelPX94do=,869.0
consensus_latency,msMumim3HD0edvuoKCB58ORNHP8gogQ+c/ZfkunfKvA=,869.0
consensus_latency,yOzvIUI56jxeXp4C4T6AwDTWvPld+My2Kmgb+VjcCzg=,869.0
consensus_latency,zdN11w+8Ke9W8LRW4RzfaO66QPsgX5QDlw2Q2dKuDzU=,869.0
consensus_latency,3VOIqWWGPR1vPGSeRhjzwmTQMrEyg5y44rsK9KjpcZw=,869.0
consensus_latency,bH9zrHXwkVoKAvmQiRVQd94rP2Cs5oom3Z1OEErT0qs=,883.0
consensus_latency,1JUAbysD+hbFDDx+ycg9nAqYVu1WMgqNMcSpQVJgKz8=,883.0
consensus_latency,2EMnP3ab5MPLwiyi1xeLt5vwBvNlBveFboBd/fZvJZU=,883.0
consensus_latency,cPqz+htPx5va20/Ksyp133hAn89vg3UEwMq504PbWj0=,853.0
consensus_latency,rC3A+M5h1IjYwrd+NmMjLztCAgj5C3Dr6nYhw5xswUI=,853.0
consensus_latency,v2H7OZ1FVpFRka/wzVp/IMw2TdTC9rcsnIbxjC/EszQ=,853.0
consensus_latency,2/h4AIoZATW00hNsMfSND85D40jzPglzHi4aDS9JP10=,853.0
consensus_latency,/QQErCiILX7JQbcYlYFDU2h+Gz7/JLhXmctQWQUB0d8=,853.0
consensus_latency,B8N4uAJ48DJ+uK4pMJTPgrvFrV07Fue+smrApGDBmvM=,862.0
consensus_latency,LNlYlvg4spp6OlhUkBP1+S0KKwF3/k0z+0CYi7jZTvY=,862.0
consensus_latency,RlFwxXrdmdtqYK96rNNqreaaTRI5U/WLqRYA72F/9Ck=,862.0
consensus_latency,WJf3BsH/2zuNMgp+QFUKnA5kTnMzs2P+HtAks/ZJqmk=,862.0
consensus_latency,4O7s46S3Q8uZFjDum4OktMBhEXtpjArj1on8vd2hcmE=,862.0
consensus_latency,+EsNziqUTM/ZJ+F1N4LGPW7T9aTuEjA1je4qxWJERwo=,861.0
consensus_latency,IWHW3dSOfjVtaFm7GVaHuVrZSYEDc3FAYJATqDArTkY=,861.0
consensus_latency,ZvtIeYhpHd739/ZpVgFUGJbWpnxT4fy0MWZkLfS20SA=,861.0
consensus_latency,hcibfANVY/UVBcZ+5O2Dc9udcQeQjL1WTGxw+pjmFaA=,861.0
consensus_latency,nehoWbhMAduhsjA+U0p6AJgr3406wiY4Yj6C06YhxPI=,861.0
consensus_latency,E4KSeJgsPGy4jQT/46fDN0KTiFjmGJ80tTd0YYaQNcs=,856.0
consensus_latency,skzH1wcTPA+lZA8PefUz3Es9KBicNXr9jwpU2zoNjv4=,856.0
consensus_latency,xVnRU9IHJYbQWjLXAeQ218tkuP/DsuttT1XflkxDDcs=,856.0
consensus_latency,5kkk4T5A5Abvj78b4beO0Yg4QevpdX0HBZgZX/3M9RY=,856.0
consensus_latency,I+yeVHwdl2lG7QDoSy+Bz4XxIFfOgHmN10aHCg09EDk=,715.0
consensus_latency,goPb6IZMhmp4+ZU04BKokD1u4P5CqlIX5dp1GYp5XRE=,715.0
consensus_latency,oNd8toGdYHa8dbkB2ENhNs6hBY2rlGU+qTVGoNa+n8o=,715.0
consensus_latency,wUbKBVRJwPTEZ5yMLM8KL75btrRLmBY6pncY0uSiqEw=,715.0
consensus_latency,7pZo99wczjwqXnYhqpNoRUFccyviak65mkYfd5aOV7M=,715.0
consensus_latency,KaVjmsLHlz26oBK7CkvZIhtwXRIImNOjodphzP11BPo=,659.0
consensus_latency,UTVJC/O+ygXSraPWAZKYUKrWKj5km23UcsKO4ETQSaA=,659.0
consensus_latency,cOPjIaGRLM/kekSHCQFhRbBnF4GsAVqNa/W30tbribQ=,659.0
consensus_latency,qt5JulS6EoHhLzcmTNbq+DZJEszBR8fBIhpvXD8CkTU=,659.0
consensus_latency,Da6gv2YsbZ6ObLhR4OkFaAms3hy2AB1uQD1l1WRFqY4=,654.0
consensus_latency,KrgY72n1SWb8Pz3KjU5/XyZ68mozkLKMVD0V8uCEruE=,654.0
consensus_latency,MMueui4IqsIUDKQ69+fd+G8NL1uw/u/s8UTGSQvJpsE=,654.0
consensus_latency,SVvDXd9uvjCUyzBLzz6DB03SX0sv3jV12XktHN5am3U=,654.0
consensus_latency,5k+pE4gWrh6hh99U8UpS3KpQzN68vAfOLEHWrGJo+Bo=,654.0
consensus_latency,/n+QoM2Oab+L2tG8xUDnw12DjXyxXuzjoFHg24OVDaw=,654.0
consensus_latency,Dp7VZZR0ItmzRhRfkjlNIQPn3gfW1pwCadBHxcKWOx4=,715.0
consensus_latency,yxCJMuZPbRlPjS2Ags2GA6K1e9bz72Nb7WP0a/44i1c=,715.0
consensus_latency,PPDbcC+iBcXl3EH665o5VcZuIjw4qebKpFEcDqBa/qw=,717.0
consensus_latency,kgkSSQ52IR9t4F5ST5sl8J800rsV+arRQFoeK03GxxY=,717.0
consensus_latency,2ppUsiuXivVFqyW8ngBNo+TmUJLSNGn+8mOTBFtjLvQ=,717.0
consensus_latency,3iypBbYWZq4VUO8pIP+n/Ntc4qLkz6dBlz/S6NmhAFY=,717.0
consensus_latency,BNCOlQ0Njz28fC7wlpYMg1rYO0vEq1JtP+St92Uh2Sg=,701.0
consensus_latency,aEgaVOTsxoBCsVzTr782RjfspqSDk67R1mRFzcV9NJA=,701.0
consensus_latency,mpINedgmT787wlDuTM/lw8q+G5bYvrIgVHb6yCx1Syc=,701.0
consensus_latency,m/wnUEwRiF+b70+tkVqh4zQy12L1k28Of5a3FcZXqt4=,701.0
consensus_latency,NPXDcOwmgFYqCue92CKV8UuLOjH8W/olTHwjdNeBidI=,656.0
consensus_latency,dw/JSQD3vQ9Pjg8CfHkfAFV3G8qw1wt5Jg2H9ElKdrg=,656.0
consensus_latency,y2d6w2eJzYP5TLLk6ztKe7wNvRef9YxQx8RLLthRpQc=,656.0
consensus_latency,zXiI/q2YeER8IoPr0QMUUCk+/srRSjg73LVOvfne1hY=,656.0
consensus_latency,6++RRcN/elK7NAQBmzda9UcgSZZfPXGuSTOH8gqNm00=,656.0
consensus_latency,GMRO5sC4F0KNbJcA8tlyG1r25Ly4O4UCq+n59TO5GNo=,717.0
consensus_latency,THemVgEJvwJDsOX4ZxzEdJocOKS7pFhvDEeQUKcSzpg=,717.0
consensus_latency,buAKq7ueEUjUO5fQa7oBgEN8go5lLXYT2k1LNTxuf1I=,717.0
consensus_latency,vH2fIZIxnqNtEPVWnOmC+qGmX/oT2MSixnzJ5RlNF7s=,717.0
consensus_latency,62X+62TJSytCYMFz0kFJiTBusodQ05GgJYYFP9oke0Q=,717.0
consensus_latency,IVsSvtEQC+OsLQhLNIF8YaPIzIPJXPMu4twgDbBhSsg=,611.0
consensus_latency,JIg940u+rH09NCQSqWcWFg/AcnRgTYP9kN6sx9Bd/68=,611.0
consensus_latency,PbGIEpzQO22Xpt6juWjTllR2VEdTbupRRbiDvsmlxZM=,610.0
consensus_latency,cqVD7U/rO2A4tiJV0p1QKgDDp1is7bWW5lzxoD/8Vxk=,610.0
consensus_latency,Yzjtg8G+P3sooRhYdnmUkV+u1mgdstxyR4WGrGtyU90=,611.0
consensus_latency,wrcu/CAiCbNdQ8Li5VNKQMgyVIuUrX4IyKVYdpBIWWA=,611.0
consensus_latency,1wjAKIjvwszyENa6OwqJD2bfNvQOL6MUK2FfRX/J67A=,611.0
consensus_latency,792FdgK+e46xZrWSlA00gQOsYmtL7U4PJefCeHfC0z8=,611.0
consensus_latency,G0Eb2Ey/dZRq//x/Ney38Je+6EBSCH63h5AgK7ckdeQ=,610.0
consensus_latency,pGMWg9bYsKKuPRyYiGHDVRzWGbJSFCUrmClXKoYmXNA=,610.0
consensus_latency,qhsZxHQsyEwC7XkJ92DPfaIqCe0Eh1WxZsPqXGBR408=,610.0
consensus_latency,+Zp6ycUn0xAn5W0iyvtye8cUBWzHndjVr3mHcAZemRg=,610.0
consensus_latency,Ax6FSQquR3H2wS9UvAwfaGcXU5B7jaR2E1FzsIsevbY=,601.0
consensus_latency,CLMBDM8fgu2jIBymQuDU3vKBGExpAJSrZI1ikTBSQyQ=,601.0
consensus_latency,FzNcy2XTGK8WEHZFWiwruYASnIUnuuZMmQS7R4Wqx7M=,601.0
consensus_latency,LX2M76/eGaoUyFGoFk9HxMdq/T7UqdJ1RpR6rqlDh/Y=,601.0
consensus_latency,WSdmb4YwipkTSh+dP2d7UcV/hgg3Zt4dQTHtBdJf4TY=,601.0
consensus_latency,dgIo8P19k3NkSfZ1l3oQ+oksXVk+YdYn4rXPbzGry6I=,601.0
consensus_latency,4FCuGQ7x3E9b3vv5bs1Bc2kyzPV6oWELiNldIDy2FtI=,601.0
consensus_latency,Jy2R1rayeHIQq0OaWTsXNwwqdIkTB+hFxFqZLYaAOUw=,608.0
consensus_latency,XomwXDnlJLn9qZzRxSF4shFMr0XIaB0BT7o5paDmCR8=,608.0
consensus_latency,cTfI4KtZ/LgTArpB7coXcorFhO5fwy1wCufxsV/Dh/I=,608.0
consensus_latency,suphbigPYx2p2IdgpJchFFhWhd+oiiUEeNa9s/V4iWI=,608.0
consensus_latency,HglVa8dRCTfsyhjxfMvAGSWN+7hnrF2g7spJZvvEI68=,600.0
consensus_latency,eztlVmkTw5V5ur1f9qLHCTHTv//D0iXX12lwO+TGy/w=,600.0
consensus_latency,p+xu0U5q4kcBTr0+/kvz5f1Y3KpdkQJRXWz0jjzqO+A=,600.0
consensus_latency,0nwezpL598E3EvlkS+jFP5taQkJW+uf/WuPOhWT8XqY=,600.0
consensus_latency,8nqjXXL4cudc8ZY7vYevKv0Duh1lxuAB9JH0s/C504Q=,600.0
consensus_latency,DfCCU/7uoUzlAjuSEgPHil/eag1V6AQglzOKCGWoVAk=,578.0
consensus_latency,MAmZxJi0a3QLu+Q9vq678z5XxHtDqoY0ERQz0kwp2hg=,578.0
consensus_latency,R14u2Ne9akr6pFZwDrAVvXnF5sm+HpTihxAgv0LVvpg=,578.0
consensus_latency,Vxrs7IPpqeCNQEjLSXK/qG93oSFa21HkFOYEanjT2p4=,578.0
consensus_latency,wsHeOHUrQidK5AB60bpfA3kor0PRJAyYYYmD30aTdls=,578.0
consensus_latency,9SXWreBUrtFgqK1FJ26jM3oPyvNuaHj2M331N/URzdc=,578.0
consensus_latency,OCqbSCEWlXU3SmRIUyMfkksj3CsWUncROkxJj0wGZjw=,350.0
consensus_latency,S95iMN5bvPLHBNk+QqvBjqwvUJRRxS4motL60+sSUHg=,350.0
consensus_latency,b2P4U8GlFHOBoWln/4bGKppqBZTC+Luypd+cqKp/do8=,350.0
consensus_latency,nWt84AJXnNVjREH5ymEAnSKB6B3LGLOmjcJHvKHhb1E=,349.0
consensus_latency,roevR+YEZn/ch2zsHBp4HOdSlBbHdfX5LyZLfvc9usg=,349.0
consensus_latency,y04yT1RP8sB7hR5N4ul7w8NzSQ0L2zLsnFr3tlzISXY=,349.0
consensus_latency,ImNi/VfI0fTGyH3UsiVFnWOlZEilzG+O1n1SUrg1lLY=,1057.0
consensus_latency,VijN8LGCKJ7f3Lm5FdVSxa5eW7EIuMGm6KkvDshmWak=,1057.0
consensus_latency,xZ8NAUn3ZAngFwVrOvm830sG8ntsl6SxrLNFQLL88lg=,1057.0
consensus_latency,FCVgN/KamnluA45zmDBtIkoX/yuqHJSBgDuLaK3xUk4=,1048.0
consensus_latency,IJXXks+pd1L28bKa/ivxpBNInGwJqGTwxMq+RaJu/Oo=,1048.0
consensus_latency,YeIrFrIkmx3DU0hPCQNLCNH0JZhyTBEPnuU5NHrkPfw=,1048.0
consensus_latency,fljESLjpTOrMI1LtcgmUB1pFbIQLjNpi+IxgV26d6Kw=,1048.0
consensus_latency,nEGz307cykmmLv5458prz0vnhtGa2KH9Id2EvbxUAVk=,1048.0
consensus_latency,w5YJUT02KDuYJF8QXEm+RO9fnaKMuldRnuAeFI3isjU=,1048.0
consensus_latency,z1hzvncdCazal6+c9hK4zX5DRWrF51f57ZLAkfBeQrQ=,1048.0
consensus_latency,3oW8pzqATz+7U+YwqEhNnIbtlxOjKmZkWB3O2jxSx4I=,1048.0
consensus_latency,74fHXyLs/tu3wO7HNKdlZaDlmd3KFxDiw7PEJ6gPp8k=,1047.0
consensus_latency,H/IoncgeWdufUkSjZqNVDz++cyjfcUKoQr0lYFmFRB4=,808.0
consensus_latency,2zPczsZvBhOg/xUQi7MXsHB/h0EMpYMrA3GOr1qO81o=,808.0
consensus_latency,94+KRd4RivlrEvy6ohsHM72tXXRh5yfEwDlJRhrDIaU=,808.0
consensus_latency,HttDcqEg9KFLBd76YlIZuxuCC9/BYPL6SGZ1m1EZfNY=,853.0
consensus_latency,NsYtg9IM1940qRGdwdYU+a1Fh6isZO8Ww2IQzJBPkzE=,853.0
consensus_latency,geZmoeL/UTKMtwiwdoGGRV7HHs9OczuqAxi49Ii3Vb4=,853.0
consensus_latency,wUQxf/4cx4ZUTYUyt7Xwh8ZBKKb4dqstnP8QubkXU3o=,853.0
consensus_latency,3cYXOt02SeHTVgV8TPQjs0UlPuqHyfCVteH/K01/Bwk=,853.0
consensus_latency,3xgJXbvnrhBs7G5R6gQ6877MeIepoS3Lpm60mGvpfLQ=,853.0
consensus_latency,lk1Lg5Ao2licpY2AN5Oz29AyTIfBduD1vFMAiu15HUs=,809.0
consensus_latency,s7yQUqbChCFGvGTBJLaysY61/T2g3OamDdSwjiwqD+U=,809.0
consensus_latency,zMWwCBoi3+Zd/eVkT+rXUt3Xl6WLVVK3WkSKBymJMhY=,809.0
consensus_latency,5ejlETJD6FNpsuMHQDAsv4ahjU/AscnGeRf/gFpMcB4=,809.0
consensus_latency,Hh6C35mMPs24CAxWkoNiS6GZRl5uBpVDGQUOwfrhPiQ=,809.0
consensus_latency,JAvS4utAGU9Rp60qMEHl/WywnZVlg7wfmdMnXHhGc5Q=,809.0
consensus_latency,Vq1FROWtlMZ4jrtHXvZmgEpmatbUg3hWoH1kbizBD88=,809.0
consensus_latency,ZyzI33rmYOg4AXmXDey/19SjUlLkSuSW5TUTCe9SvK0=,809.0
consensus_latency,maDsRQGQFbE+uuPYIQpwfiLsxiosfNRnLjghebrKuok=,809.0
consensus_latency,zey3fnqC3q7Ai047QpZJmRK3o7xIHJSgqruIfLJ5vFg=,809.0
consensus_latency,bcQrkIecfVP/4Hh2hwtdgj8R8GbZJktD73VTKFoiKVw=,811.0
consensus_latency,csJcNPQ5sdICVbrQDIzND3Dv+nqRvUik6df07OuL15s=,811.0
consensus_latency,k7oeQriP9o7TxI8xAYgdR6t1Sockm9zpgBl9zv8+p/o=,811.0
consensus_latency,sqKZwKklv9esqhdGAeIkN0SbY+CCEw5YxRKAJa8rYvU=,811.0
consensus_latency,wEM5hdtfPwvGbQOaJ3SqO1giht4U8c+Gnxrdurp1IuQ=,811.0
consensus_latency,4kmYBCJ1+Xb97fDkm2j5bsEgvTYQjLHvWJN6VTqwhpg=,811.0
consensus_latency,zowePk+2r+8BaFpO4cEH0iBbH1TaSDbVE5VTutdXjyI=,849.0
consensus_latency,ApdeatABg766sqK0w+WWveKrl2zojAOabxsOoeiPuWA=,811.0
consensus_latency,LCx90IAzzPp14jo9fZQsofwkSGnOz1RObk2uJEcM2pE=,811.0
consensus_latency,M38vVLNZOhPeo+d2Cn3DbcSfkKOUUZMGdndSTigUxTo=,811.0
consensus_latency,0GqOABXYl01zCWZq5SK7LbFvSFsnYfaJTT+1G0fUwyo=,811.0
consensus_latency,7mdba6dUSqZJF+S8E5XQ7xLcxxCmm8bxc3qRyDiWz+A=,811.0
consensus_latency,tRtXQJfYkyZuHiqrBTNnQLgSi/dzidSDLp2NHQam6g8=,848.0
consensus_latency,3S/6ul/OMC3YgwaUIthpy4BV/aOIUpQVEGyvNQ0j/xs=,848.0
consensus_latency,Nvp4+PYXK7ZjkMSHQiPB9eGyyQSQuzWuMrdfaMVDQ2s=,663.0
consensus_latency,Oy+nmebOz8qF2a6FyI1j1p7KZtbS5+o3Q3gpcSl/NQY=,663.0
consensus_latency,cRqtZ41bah3WwazLjBvIYrluYhtGc7wSVZy5kNXDjM0=,664.0
consensus_latency,rtpD6vZClWJYd3qvZW00X+ev8HYOfFSN5uBfUcgTUkE=,664.0
consensus_latency,H6VsGf7WhgQ95x6s8MbiZTfB9QTY+meVe0Wp0O8vOMQ=,612.0
consensus_latency,LS6yGCl2HFvnBoicWNr7BhEYabEFfjZlL61ox9uTTbs=,612.0
consensus_latency,NLB45yWivrbeCA6dp8tLKiI5EKMxOcRCSN2X9ZKj4WI=,612.0
consensus_latency,QctTapNO9MRz6jDpq+qfrEGzJYh+M3E8Bk4iZR0cKSM=,612.0
consensus_latency,VtdlbwdneyLPt1T7KclIfLMuWwqsTftv+7sIf2lGvcM=,612.0
consensus_latency,Jown6tGyYcEqXm3+CZP9j5NyZj0wH1wDddl+biWOGQI=,614.0
consensus_latency,Q0NBkULgtiU9nEjYCnPbQmsheD5MkugwPXh33JGUE1U=,614.0
consensus_latency,ar2ZQMlhr1xI6nIe/6FHUTVcHfYr5fhVy/1PHfHTKy4=,614.0
consensus_latency,ovdCCy+aWwidku3OEC7ZL98D1wDDA3PF1uqJpc888fE=,614.0
consensus_latency,4Y1khk/bEdmFtyXadtaK3USufqLw28DojhRPWfsY48Y=,614.0
consensus_latency,R3nSi3HGwvwDWhKUdXg46Ue0qu7ngrbCvf3Bm+Loc7I=,612.0
consensus_latency,cBAo4EwrzZ8LwWulf2nml5+QCvj/DbEM1IcNKeaqGk8=,612.0
consensus_latency,jro2ry0B6ULInlwoLdiBT/3GBClDhrJ7ZvekGWvwFZY=,612.0
consensus_latency,6BghDW2t5559E+MIHoiI1sQr99g3ZMXy9haR5bBnkCk=,612.0
consensus_latency,NGDsa9IZIDgjUE9TH3qhqIIbEoXhTLWfbAxZ8GJTSAo=,666.0
consensus_latency,eXCqr2U9pM19PTMi6xOnw7OrV0GeViiZjtRenJYyonM=,666.0
consensus_latency,mzCjXRLwCzoLegeW1ldiO1/NNTkG7C++VCnMzz7w6RI=,666.0
consensus_latency,ncFxaPpzpYHhUNgv3AmgsSAJ8RCoAvMI63RJZAJgiF8=,666.0
consensus_latency,vETBQMhiBLAQWkiRvamnMmgbQ/cUkxhCvLnsaYTerTg=,666.0
consensus_latency,E/nuE1/jO1cIKlFKqOXu/Y1VPG5U/e+7gmuoLiptr8c=,663.0
consensus_latency,JhoPicsFBlrtIFfmQBEV002nWQmzvkmWChzyWrN/UHc=,663.0
consensus_latency,qOU2RuU7WjrfznA9ButH3D1wUcqX32o44fvP0EEXAOM=,663.0
consensus_latency,r8g8KKdATybGqNqKyFCRLEkBf5udxULJI4szpw4uxHQ=,663.0
consensus_latency,G/ipt5bfiwR1ndAxmwkJqdepR80N166irfcZTYuezRA=,665.0
consensus_latency,Mp4QUlOFdqfEH6Lt/ohusXm7ddrEuxDp2hwqINE7onY=,665.0
consensus_latency,N6iTPn68uvpyLKLIi6jY7y1B5ftYhtM+LLVzHPfpAnM=,665.0
consensus_latency,QAxFjBpem/nrd45BnIsKs0rq35EaGSv++c0df7iKhrA=,665.0
consensus_latency,Cx49V0dxmXy7ulLc8iWjQNHPJXszfbX1c6+cR6MI4GY=,664.0
consensus_latency,EO8xlWo6I2Q3VgKKRqHrj2g5dfZShhK7z8IdTCXtv3A=,664.0
consensus_latency,Fwyfz/aaOvxEaayPfXqiDwraFG+iiuNxVuwvRhu1Bqg=,664.0
consensus_latency,a3GbgL+MTZt5Gq1PZjExsMmhpqXZwYt2ieAIpOwGYuE=,664.0
consensus_latency,Ox1g14RNBzGFUfmOMlZ0jdp1/OcRS7VBznGwSdIAdLo=,633.0
consensus_latency,SG1vMWIncqukz5kvszouuOnNG6Z16ce2/4OHYvAzIJY=,633.0
consensus_latency,nklZRSBn+/TVmD3CPo2RDI3Z7MhtWKNv52hobFp5ivs=,633.0
consensus_latency,ShnpLx/i/TMYQVimJu43kuUXzllDaDGcpIexeyGv5gY=,634.0
consensus_latency,YKrH0cqvNIfK3n6fKZUdfS/jNFYLy0/kUG+gADbrr9w=,634.0
consensus_latency,ebFkILuYHX5ZOAD8Jh5aH7+C7OAUazdaApIajmiHWXo=,634.0
consensus_latency,AUqqz7nS0+6QUI/Icx7gx7OPBXbK2Vm9YBJD/+szLAA=,631.0
consensus_latency,d+SKy9Zmo4az1zKrXw0WGZE6mihnVMtMwcMqq9rvzpA=,631.0
consensus_latency,zVYg0sTp0dbzQJgF9P3wq46sm+eKys4is2GXpPIGgAE=,631.0
consensus_latency,FJ8w89lYmV0YUAxuYBiGKzTlj1euJ1Cv7rNXghkWPoQ=,627.0
consensus_latency,GtS+rEjRMhuDIn8AfUgTSD/l7TggsJk2stQWIAOblqw=,627.0
consensus_latency,VZpnInqOrjHhgM536QYlxiY8iKBwB3g/SIotxQshnjw=,627.0
consensus_latency,lOHOWqNt0fUyoJI8lUEsrRTkcxsJOslvor/zLQ1Xkvs=,627.0
consensus_latency,bNjmXEd0bcvB4ij7A283neD7glZX2KKDPcit8Tk/a24=,610.0
consensus_latency,3OnRbDwmbXA1dJ5gGZYj9f5wTviiN7DAIHmk+e0YjQ0=,610.0
consensus_latency,3WrBwhm+Xd3qNovIUaF975Hw+JXFRhDh7p/UapxcLFQ=,634.0
consensus_latency,/vXfO1HYlNwc4Y4gawb1Qy2fRKtxUWC2ScsktDW8Zmg=,634.0
consensus_latency,g9EdxgVYuPlZFgRTbEQOh6iT245ewEkp0/66ybBXF80=,633.0
consensus_latency,nrFHxILllgHxJGSiw0tpAlmHQtIbZx4Tf1UXXMmgsK4=,633.0
consensus_latency,tZeQZ5koJAx5cP+4/8X1Jh3xyEZUxhE7PadBB7ZMKZo=,633.0
consensus_latency,5q5xDDNglQk3dvuwecxnDbxznKCFzgxAto6GiI6JfcM=,633.0
consensus_latency,UV1JDSfaW+29uFznAqajdmj5feWmxHK4ahVpqI9MQ5s=,361.0
consensus_latency,Uc1hrGDKBQgGnE8hmn0Cf4DiK9q4ahQ8ZGeZLTmomjo=,361.0
consensus_latency,W/qmJsVekUW7LGvktWg1QPi+xVmFNC7sX/M5lAqb0kA=,361.0
consensus_latency,deRwMzz0xcNlA5as+udGzILxWnCxJgMXtP8g+P3JN4Q=,361.0
consensus_latency,1pCBbDPaHYqFmY7ISr3y1z0yy3V2VnjPlyZZJKL/Mp0=,361.0
consensus_latency,8oOhArs6TV+f/p7coXmsEyXU1TCB+SQxB3dRfvin/VU=,361.0
consensus_latency,ArD5AFx02Lm9lIpHd00iMeHVyMHPHIMZCC705QjVFm4=,1232.0
consensus_latency,dIs2UDoBgjoRxCh0brtf8mA3C670+kx0P9M2DtsJ6S0=,1232.0
consensus_latency,dMa1wMGvwHXfMrjzk+r/NiYM6oi7u3xqI9GRijIllH0=,1232.0
consensus_latency,g3IEGLIDynxtQVSZ1RZFRn/l3ctw1wUzUmZgDzf+4J0=,1232.0
consensus_latency,o+2/5jLKnCKt3ySHQGjNsePFVZ1zLLh1OaIwiIbU2+M=,1232.0
consensus_latency,pZDOArrwHjb4ONuIzCSnUIiRZcN4dnLZ0Dyi1e7oq2Q=,1232.0
consensus_latency,4M4OrN9Jgh5KNwrWX8MI8RZX1inCU9zRmu3PXhqC5Bk=,1232.0
consensus_latency,93/c7FF+jWPKXEeGgz4rX++Fw+d0BACB59UAViE7Qy4=,1231.0
consensus_latency,UdS+Aa/fYTbW+LOjeJ0hLxy2zf9rN56OgtnclD0WJ98=,1231.0
consensus_latency,WL1nlbjLTqB/CteOQm6Vd8bm4Rp+o4C+8fWB6xgIk/o=,1231.0
consensus_latency,kLyeAzgBCIh6xHT++dkKGDJU3Yj6wGWj3/w34eMnKZ4=,1231.0
consensus_latency,lcYa7WjmRqTO0mJLOQfIv0FhTq/QhrNA97MoEvlGJQY=,1231.0
consensus_latency,paB/bMQw4GsqR28Q44sSXp9t9Na5cJEZqW1qfRBzLvk=,1231.0
consensus_latency,3TLyjneCmluIhe0snwjqSNGCSKa1BNYir6JbuwebHmw=,1231.0
consensus_latency,+by1e65uZtMEY7UwcdJ3pAvmvdJWYSfTRa8BaogOA4A=,1231.0
consensus_latency,FU9FW5F4F8HT3IOzk5Nba9vPc3GrlR+gcJKuh6ooOFI=,982.0
consensus_latency,J8thFTS2Cq6Qh7HSe8MwUvCZKutFTWGhocOnmZxX0hY=,982.0
consensus_latency,NeX4xQA+viM91ZZ0gl1l9VKMqPh8HOqZwxF7ufRnIKs=,982.0
consensus_latency,VzxGbh50ydGQFz2Teg5JvWtxBeisb4zOQFvmMG3wF9k=,982.0
consensus_latency,iQS+pU/FDvib/ET214oWCs92/r8Pha4o/0OGuCUQjRw=,982.0
consensus_latency,pR01Az3YBvLGr9dYuFsltepPJTkkrr/DnO5PtiTMtxw=,982.0
consensus_latency,LkJTMPBPm6V20uxyCJgZfDrmjtCFTqAA9sQNGRLIA3c=,1029.0
consensus_latency,MXu6Ah0G0Ma9xp680rXl7F2yrXJ4CxR4N6UQGtvFgYg=,1029.0
consensus_latency,VpiNXfS9At7BwrLeSJ7IaYcwAOWIWOpJPaWTGGUWDm8=,1029.0
consensus_latency,wFeAj2YXDaDouCHXIKkCHN+QML+cZIleAqHc9EPpFQw=,1029.0
consensus_latency,MDk1dtmeGGNTOr3xnt6tKRw+pbAB2Sa783h0bBDksyE=,1031.0
consensus_latency,WLI8AcEhdmEUcL+W+PgeCfGtKa8iZbSfvaPr29EF7eY=,1031.0
consensus_latency,ZMrURZwR+jZU5Qb1HS4Tsq/SJFsCs+s8g2m81jKdhfg=,1031.0
consensus_latency,b7aTkDRiUTvRD5NYIkXbuQMgjKvNQ08qkPoAMGnHge4=,1031.0
consensus_latency,mLqSMYPE48shgB2XXJXy2KQJQL5PgGV9JyzWLdWNGyk=,1031.0
consensus_latency,qcKsKB1k9JIzFs+eKK3GGCx1CPSn1c0CNzb2yBuN0Pk=,1031.0
consensus_latency,qoUrvRWSfShEuqb1K1aQEOLuWgpx2EGAtUyhxBixBoo=,1031.0
consensus_latency,ACV5vne4p09UhB1T/tFM55QfneQ7R9ijJY/9e5n0f5s=,983.0
consensus_latency,VOcuuquJ6TeJoy2O4YS8ZGghAb8kXrxd1v58ArVN9w0=,983.0
consensus_latency,va/Dr5DCr6f9045Vi/IoWsYqMiQ1ufZtoqPh0RUNZ0Y=,983.0
consensus_latency,81BxOtOVPPET+WrOYWf2EjNjtIwacrnzNPJG9uncedM=,983.0
consensus_latency,D/EpNKezun7+R3CWc6Y6+W0jQ3zN07ZZY19cifchAUE=,983.0
consensus_latency,Lx9yT158nQqZE2OtemyhUG8ufzyHAV/B0Ia6gXrmU3U=,983.0
consensus_latency,yheliVYqH4autxmqMtAkoTPYKA8Ww3FRceLLphdyz60=,983.0
consensus_latency,/un0Bf9cDRgtkyFwZO/iIJj3J5O4xnx89tt9uM0kN3Q=,983.0
consensus_latency,CTkyaipeCaE6XkuEYYEA0i44yfwDoK/RfhAs5GfYcWo=,983.0
consensus_latency,yL3lfXVz9THzLAhgC3nl9Gay6eR3e+4XT4bXVuTlxBI=,983.0
consensus_latency,yy/57DXJvrZcUhGJJGgGe1r4UgVmxfrfgS2gdwrxnG4=,983.0
consensus_latency,0fQ/sYG2P+3XzJoykrtGDgRgMyQLcBZ41QrRbC7pwTs=,983.0
consensus_latency,FATD1CmT+uz6uxEvbWRr9QMCSU2LlOgZ6ySr6yxSw0o=,995.0
consensus_latency,QbVjAPHvQgH3ekESbBiMFVz8gDv94/mqBB10xHBSCG8=,995.0
consensus_latency,aEITKamkJQeQr4M6guJ3m2lvsOtPcqqP1Z6Zn6LzjXw=,995.0
consensus_latency,jBCZtwoWo80FHurc7o+vaX/pQkzMIX80/wiUidekYmo=,995.0
consensus_latency,4wEdYeIrot+f2saPoZaCt4jOtcfwVpKnSVHBVYturoM=,995.0
consensus_latency,CX/6fwE88sF3LQLUfEjTQo93roSeMewzw8Z3LMoFL0k=,984.0
consensus_latency,a1XWLcZQP7jcb8AalM3wvB8I4vAlSsJnjnnVhfy70Qs=,984.0
consensus_latency,jMKq+XooPYQtInpUPqCc3FrvvCtb8/nyXkHWMGrcwvo=,984.0
consensus_latency,n6C7XEshUeOYYioHKFRn+7QO9QRA7Q3omwr6kvq9HbU=,984.0
consensus_latency,BgZIjHajKAbqoYmQDNyfXC4gzSzFgHYig2Ko+yX+Pcc=,822.0
consensus_latency,Hn3Vy9F9lUXfcZ1gaKU+bW2DpsauiLijBOQ35kZJIvg=,822.0
consensus_latency,bZUe2cGSsGFGFPac16u563YCTTaFeJUnygjMaFeg36c=,822.0
consensus_latency,qljRKkji4J+vh1/6Wghi6a+GJHvmoJorVmtaFNpGnes=,822.0
consensus_latency,6wKlGP1958DAv2TlYGEOW6vUJ+KZ2EQrmk3wrgXQkI4=,822.0
consensus_latency,UyoxbuM6M+Xfei6fE1yeCxUm/kX6qzazw/td4V+n3jQ=,772.0
consensus_latency,Uz2yGj2LrxM4mc7mIZnHXgKZay62a9AIngKcvfF9k9o=,772.0
consensus_latency,uMQvHsyq+24ePML9Cm3UgGIe35lsTI6wcQJpbmxf3no=,772.0
consensus_latency,xj2k7U4jK6gV9cy5wTb/RsnZ5qtVNr+AvT3JgPDSjoQ=,772.0
consensus_latency,4Q9M8t2NqnX7A9ZUuoEixpqNUdBymz4qzacW5kJRrJA=,772.0
consensus_latency,IRqwYT74Aq43xYAEUVbayhR8JKwNA2dOqdziwk0IKzc=,822.0
consensus_latency,ZJu/bpMf1nz+WFrXomlI9UNqrz1uWOXDwwU1hyButxQ=,822.0
consensus_latency,cqwbeeMXUivG4lERNcTcyPmB1sxvJ1t/y9NRE6OLHXY=,822.0
consensus_latency,oNYXReVuVXWtuvYy126y/qhUhLP8cpSGuwVEj7DkKiI=,822.0
consensus_latency,xCQu4Ut0J4voBlG5NTy5aLUuzTb5+gd0++xYg5M45QY=,822.0
consensus_latency,ypHOHPRXkujAJIg5N9cM5jLFNP57lxgnNzuVm0LlEnA=,822.0
consensus_latency,A9dVIhXBmGtubuByqIUzkZS0wFN4TZy/O8qAf2l7GwA=,823.0
consensus_latency,gaGUrTPD76KjvriRM7jP09JvZtABNXq/jlZ5zasPNNs=,823.0
consensus_latency,vK//8ZZ0SGuuuAxVgbWMshT7/fjsoSeGk0Zm8dhcsv8=,823.0
consensus_latency,0f/jwRSFSRZReebEkr6Ab4gJz5UZSKOG7B1TsA8KqMw=,823.0
consensus_latency,69G3+6cifXgnSnv8AR86FsaelCmyOsENYBx3LWpMmkM=,823.0
consensus_latency,9J7yGkjXE7tHs3uRWR3zho5K6WJ9VOglo6I5APKZeOA=,823.0
consensus_latency,PuTQH4Y8x+ECm7yMheBTRnk/BRNs5b7S2o9xxi1uvLU=,770.0
consensus_latency,dFuGf9KKgvSZ7yu+t8ezdwPGq88lxfUkHOX5qs0QxR8=,770.0
consensus_latency,zIg2Q9LNImqfJlP/9w4r09b8kPeKHYu+6TLTerFwA1o=,770.0
consensus_latency,2i7TInN2WHFURjfTIzFc1vLu0GnMhDW3r2NfPeOx2VY=,770.0
consensus_latency,3Q2BKLGO9/OAe/tw4EeCnm5Dp5y4U5gjl1SgZ7aUd4g=,770.0
consensus_latency,7fC/rSz1mp/BG5eDfw27+pYkuwXPMzRb/X8y4mDArPI=,770.0
consensus_latency,Gpr6FRXoQDjtQdEp5Yr5y3yhzWFXmVJpmTjdFIqXaJw=,822.0
consensus_latency,ITW++D2jjAvE+GZgcCIKxafoqYAxqzoXHdDwiYqJgXM=,822.0
consensus_latency,wBMr/8dPAOOrm7dr2SMnzMKR67saQ7UQ8U69J/V1mwM=,822.0
consensus_latency,xwGNP7C+dsbFe4Z67Rz9vXUQbTrqKO6UrvvAnPLuq5A=,822.0
consensus_latency,8QdXcILWELp8dal8Kjtp9+9WzCq2aDBYtPPLezE7V3A=,822.0
consensus_latency,po7VQ2fgRdNO1seQ3XfY6TZjoaRvE2cOSe3PXam9G0o=,822.0
consensus_latency,rSVeI5rMpPIdVbzGwmmNi+OFN/Qwx4UmLdnq65BXCsQ=,822.0
consensus_latency,raxWgSoLjoRo9xUvRIOMM8ky6GcPK13lWeH6pEjPCsY=,822.0
consensus_latency,vyNFWvGjpNfovdvqI6/2cJsqFSn3M9mbWq9IIYigzxM=,822.0
consensus_latency,Ppf+2DJMeO17LYeFapvyUE19DiuZNxHznSty5Qp9OCs=,772.0
consensus_latency,Wu9s1IEU4IftRg6jekzCClwk3ipExuqRLbdOyQ90mkQ=,772.0
consensus_latency,dANoeH63JLAXVr3TCo63JJyqk/+IA7qMazMJYD4Ugug=,772.0
consensus_latency,dqbYgQEqESuUSUmn+/XFM/s1HajhPsYFDFJpGYfxy3A=,772.0
consensus_latency,jV5W/dKGh1J9KRa/6Bg4X5Kag2Nkg9dcAf7OE51lECk=,772.0
consensus_latency,pIAoflp8WuO8VjTZ7V6WFb0uulewwau9jO4f1eINF04=,772.0
consensus_latency,FzTjiqiG4pCvme52VC95ROm7rxIu79pzxMcR3NYDKEo=,779.0
consensus_latency,JvPoeZqAI/STNBP6a4zLgmV6KpfBSmFLEtgLVMDvtg4=,779.0
consensus_latency,pB0tr6PmlBTtJZgqp7Y5MhR/tDI9vNouhh1gONgZ7Lg=,779.0
consensus_latency,2B3fDd0uyyJQ3rfxT0zGzpDeoPLAcXkNsIngQ5fN548=,779.0
consensus_latency,Bjg+0K8NJMSs9Xrh9lr5qauXikKE8MrMynkeNLxm5Xk=,778.0
consensus_latency,CH7GLHllU2/kLctSRP3QNbj0TMuE8xLiSo7GPojgtkI=,778.0
consensus_latency,D6BV0cSCd8pe+PTNHzaWL+i0u5Etwss3uedFMG9J3L8=,778.0
consensus_latency,IN+oJDYJmQVt18bqPvZWarTNqJz2S6/Vmv8UyfrarMc=,778.0
consensus_latency,GZYGXPTJ2pIUakaY/PQXoK+oAwuJDWUmeRSb0KBBZFI=,779.0
consensus_latency,Hkbqt5aWDc21LzrfTtdvqEkDb2uiLc7ElRYxciZLTL4=,779.0
consensus_latency,L0LXXdzNH3IWM0DwEaY5DbWz1iCv0M1FGPiGfMt33vA=,779.0
consensus_latency,PfoYfJari8bv9ZxJANyYYDs1G4lnYZnS5suJ6ViTSiA=,779.0
consensus_latency,Fd1Cb4/rgcmP8pEfGAGxPh/tZjqyRPxJ1hAxn3eI+dw=,777.0
consensus_latency,tSR2xrGUFrBw+WYoHmm/D4//v96eHqtfN3llEboZetY=,777.0
consensus_latency,zr6VnFYAIfmYek+s2YPWTc1E13xp290lKj4dLp6m6zw=,777.0
consensus_latency,4gDMq4Dj6ZtF7UPUXD51nyMtteCRXis+U8e+Wrv/Q+4=,777.0
consensus_latency,Ldtlh8w5SDIVbjKDZTm3fZA6IL8asczbS4e217KFjY0=,777.0
consensus_latency,XRKZYPvYDHD0107p5F6iPOv15RlfXIanU+0XaCEGv9Y=,777.0
consensus_latency,jqurqEFhphR/P7PUYITBOZKuuVOQjVASytjUkkYIgPg=,777.0
consensus_latency,4Oz4aOrK8n1cz9fFzTusamcGZTHDYT8J6/ERx0kH+SU=,777.0
consensus_latency,/CeUd6VkVnfbKKXcUCrJVwgKy0ooJi++3Nx1zWnZ8So=,777.0
consensus_latency,KNXstIZSMMY0GOHoVMec49Frrh8TknLMlXzYd2Zk83g=,767.0
consensus_latency,TVEv/lhCP1eJEwdKEP+gC7f1sHYhZSaTCYx3wN8QSdo=,767.0
consensus_latency,obVTnEJgb8DSlX8skf6ESQ7Nx2F9eENZYniBElm2a7g=,767.0
consensus_latency,1tnLACFxRYXuWjtgjHzUR8e4Wb11Wcq9OR5DMLIhNqc=,767.0
consensus_latency,2DqQESElGnGbHeQ8VmTPpdQxjkopIDVl9X4fNRJM1GU=,767.0
consensus_latency,8QFv3NsUf8Zz42weyyYs08O61X2Eq5N/cexrAtJNMKk=,767.0
consensus_latency,V6ANC5IWPW/UlNmnfEbwPjR4uojWgWm/X4+a/pLWXnY=,778.0
consensus_latency,iuWLMF0WNsILXfUR7A1ZyebBhT9bu9XvDoZrcbTVQts=,778.0
consensus_latency,8H0JIiOw4cEg3peGWRDWjNLnLWBkRSVWmXNkSB0N+n0=,778.0
consensus_latency,SU4X7iJBO0UCA0YbdNTIKZ70mP85MIXAIINJGNaJDAE=,513.0
consensus_latency,Z9JZUrtsItrsgLHeqe6pLHecbNyVLdK8EU0p5y5P7LM=,513.0
consensus_latency,zSG21EYirVnC2KGSBrjGTs+sVERlgIq9USKix5w/wRg=,513.0
consensus_latency,7W+97dWnZw0/bUiOFTeMTKyW9jrLLUupCj34f96QjWk=,513.0
consensus_latency,GWcFQrEuJvwwb1QT+5siQlMga7FVbe+ItBbsE8qXwe4=,1733.0
consensus_latency,KWvpYtlfzJtFqco+gQLI8VJYS3dQEHhOZjJ4RzgSrLY=,1733.0
consensus_latency,MlasqMjQb/FUZUBWBItdEpJNF3XeNsb4fnqzyOuiHpY=,1733.0
consensus_latency,RVm/861zgEwe7FCAULspVBba13NNAPvLKUMWau9chBc=,1733.0
consensus_latency,bSSq/qmmAo7XMS3W7Kvuswi7wYAxla4LKMKavwsADzk=,1733.0
consensus_latency,biQuea6QxCssv9nyG3k1T/OkH46ix5rLBmVKPFtYDD8=,1733.0
consensus_latency,i2oFfJBDpXS0JMvUQo4jW8wd5CT+iYw2qlz61zgU5HA=,1733.0
consensus_latency,lPXAhObNpjXiwyrTTKbHJF4QFdvBQeGxFkSbHqFlYbI=,1733.0
consensus_latency,tCYh8cTAx8yRa46a6hkFWZ9bNlG4/z5GxD4iACToHU8=,1733.0
consensus_latency,03cAEBPilbBJHxCG4sWqIhMrbLg+9A9Or9b3bBNZr4w=,1733.0
consensus_latency,7Iw7LhscABfozjTaNW66kgNHoEzuLHyQCpMVA26M7BI=,1733.0
consensus_latency,7XbsviG69WSdkYXMHkYmKE5ehkrGH7rV2LEArwHj468=,1733.0
consensus_latency,ebOl1TI11FYQLAaNUkKQJ2wWY1ec+zvCKkcRQPDgCeo=,1733.0
consensus_latency,f1K1PpNVpQq2OmrK7oeARH5rVTFPZtSMA185b3ENex8=,1733.0
consensus_latency,kH9PEN6jJRfEN8UPgntlpwu8b5Rq3zvV0Un5zuaqNeE=,1733.0
consensus_latency,oKry+1Hxf6mi5LrnN6+68YOvBzDaFrTHUTB/t8duJ/8=,1733.0
consensus_latency,zbrYP62PmFI6I1SH7u+F4y9DS1RQCp5nMOoF4wlXpl8=,1733.0
consensus_latency,3o1AJZ1jtmtPUbnCVBEL/0905IV27aYb17A8nof1/+0=,1734.0
consensus_latency,76r3hBi+eRdWGZFKweHKLY+PxFB7IKUKjfqtt/L2BTU=,1734.0
consensus_latency,9jZ4U9+MNX5qFdDLeJPVAzUR6+MPgjMV1IFhzNN2/SU=,1734.0
consensus_latency,D3A99kHI+5rhUBhOoP5tFPOJbHmn6dpZyEcZ9aNQvq0=,1479.0
consensus_latency,LKdLVqOv6fDMOyiu/qO7sKZkKpfP9HDEAL2xmyxNmEA=,1479.0
consensus_latency,OGf3+cgPmQ6nrRZxdUgUJzlWBa6W3qUXQLds5zxFfgg=,1479.0
consensus_latency,QqGcM6gZuCFeLbDis0CCxdNZHPBVYIomBd48VuWteLc=,1479.0
consensus_latency,aY6JlZCvxiuXWWZlvaHUUYuD7Zdm8k3k2WX1A4b3eFU=,1479.0
consensus_latency,jo1dWFUktubmze44RPKjBPtriN1t2w1FXixVeh/h7ag=,1479.0
consensus_latency,FpLiR5laeux/3IK9ezFe3tMlfWF16oHXNaH+TkGQDss=,1520.0
consensus_latency,KKG3Ga8JGTJzbHD++qNTLF49TU2kQwEgijh4X862mRY=,1520.0
consensus_latency,gdDr6XjlcFZVGv/hibf63yZltMAMUqHDfNib9usD8hQ=,1520.0
consensus_latency,kxhPXkLM7O34+ee/pEu61ynlWKzqbXN76i0MUSSbHkA=,1520.0
consensus_latency,lviEt3B5DAkkW5FIKUAQVic/RWSfqoceYvzGr/KkSwE=,1520.0
consensus_latency,l9OgQ6Ize7mtjLoewSnaNqmKGM8owfGg3tW6XGi4BWU=,1520.0
consensus_latency,Md6FXEeSPtaQu4zdW8U54f+FqYl7is/dr7jKUqhjWDo=,1481.0
consensus_latency,PnDxAdoY8pdGR9Pbj9upYy0udPEosjmf7Kf9NAYfqcs=,1481.0
consensus_latency,TjTXrYKBFczFxsNZFL79LwPuemjxCFkAtVKmFv4oX1s=,1481.0
consensus_latency,eJ6eKqlvLp43Z5lBcMYCg2KJj0rG4gNwYruELV8d2Jo=,1481.0
consensus_latency,osJpY9R0/g44Q+xa4k297Q63fVc4/wXPJdRGhhCANoM=,1481.0
consensus_latency,0RdIJXaII2maqtay9ocZ5VKMlX6s7K394F4H1GfkNbU=,1481.0
consensus_latency,Gi4zEgvU1unNx3z3nS81m5WCkwjt6w/xN1HyEUEvpv4=,1479.0
consensus_latency,bDOp7XPWXf+kCfbKjFWtJHreJSvFu7nSytfbY3Zq5fY=,1479.0
consensus_latency,fslNB7us0mSnorq0XIgbt5W3aOJfc+Iz4OZeu3ipmt0=,1479.0
consensus_latency,iMaqO+ZEKMu3fz6RVj83wSiygXGyioC32Cq+vxBuHxY=,1479.0
consensus_latency,jRUpyJULx1jyIeEg8pLf96cWAK1NYOdZBsULtgAS8ck=,1479.0
consensus_latency,pK8IJftm+1u7A0m5lfaPwb5q04pV9ngMZ7BHh2h+DaM=,1479.0
consensus_latency,MPYjDmToT82/5g5Yz5+0nxeN1xyuVHNhtGAfoiBzPiM=,1522.0
consensus_latency,Pz2Zd6+Xy2OH90QYjs5Aki3NiZKHL8cK8tn5J1r/6bs=,1522.0
consensus_latency,ndPwTUHg0Ye9+0wDvtJY/AsJikPZ6mxi3yX0dF1bMyE=,1522.0
consensus_latency,sU6S0zKjgMhVdV2k4XBmymppmDFw2NOwab+7XKwapEE=,1522.0
consensus_latency,AMfYYCzgdwbcquZzIS3kgmSx+G3Y1roUZ6VUG7is7po=,1475.0
consensus_latency,RPIXCI8XrD46c5buXqvg/irFg6zV0bQSdq8xrKUJ6TI=,1475.0
consensus_latency,WvS0LsqAhfYSN7qzArGSYKZrCCF4bHL2F1EEf+cTRrg=,1475.0
consensus_latency,W9gJWXouvgmKmB9JDV4mFGQ74a9Qgf3NwxLJcQq3xaU=,1475.0
consensus_latency,ie1fLKJPoPSnGgQyNf/tM3fyl/5VD4iMx9f1Ur7I78Y=,1475.0
consensus_latency,qbA4eYqBbR6bb7A4lCcn7WlN6KdYFlFTDTVuU6akR5I=,1475.0
consensus_latency,Qi1B5d6LfEv6IDt429fp8oTLm2LfCHVE1B28zkKTaQY=,1482.0
consensus_latency,Ts8xLuo7EfQWDnX1Pgbohw1vEzqLoxSWwBe41ecptMg=,1482.0
consensus_latency,U7yStEvCQUa8WqHH0CrHmzNSMI8lpmheOLakST092TE=,1482.0
consensus_latency,ORrg8bbch4yKYyzE+PFVmVYZX2FRDmODRU0tEH+uq60=,1517.0
consensus_latency,ci330IgtGoNHFm6ViDFAT7xODdscFyZimmkmURViwz4=,1517.0
consensus_latency,phJWuqQ59uJMqPK/o7i091JmA1W/U5VeqZfsagL28I8=,1517.0
consensus_latency,qwPBmJqg46oE7bl8gdveqmejUxxjl/fqCwq027DitpE=,1517.0
consensus_latency,3W3Q8oNgS1eCnJ2IFmbTlWYYQqQIyN4AcQJtqRpf79M=,1517.0
consensus_latency,JQma3wYLbXjmcS5K89cUG5xsy2ON6wMQ/KDVkLBRhgk=,1332.0
consensus_latency,OXvLVfwnm7aDTwH1SjxA+uadJgyQolCB70Yo4j7gIa0=,1332.0
consensus_latency,swFcudvv3HPHwAakZj79zvKHJI7wqwQE8lyXJc3oaQE=,1332.0
consensus_latency,tl64T8w901oOr1iF2wYqkIBS3HPkDADw34z4/uT8C2U=,1332.0
consensus_latency,EeOLQ1L9p8+vzIJ8AOEPuQEW2Ev/h17rFiGoljcVNy8=,1331.0
consensus_latency,FQ4+0T0e3rAr6JrzW8Dt4K00l2oleUo75r0nmJwW7l8=,1331.0
consensus_latency,qu7dvNOagAwAUkW7vpiNMjd8ZbcA01uX1W616ceCOsA=,1331.0
consensus_latency,/r+blEGDgAEYLifCAaYsCBFVJ/nTDcji1JxvRurMMGo=,1331.0
consensus_latency,W8Qkv4hdiHtRWyt+qVf0OrhTQr9MeNgX6f1tP7HOoVI=,1279.0
consensus_latency,bzH+VOFesCc3DqnxsWahkE4F9ZUOCBg3NQbDjCsXeP0=,1279.0
consensus_latency,pKGNEbix1x4nk57pStz1pQD1sRokoiBOy+VYN0jcLQs=,1279.0
consensus_latency,/oCMKcJ+zoQsGeQDZWG/naqQcqI/2miYSROydKi7RLU=,1279.0
consensus_latency,OHzrPIdmdx9OCDdUdLHKEltdqSue7QQzf8VZrT9/vCI=,1332.0
consensus_latency,hZzCv6Rr7gQw1iZqCHq0aLD3+ydctjlKtoYK2VRHApo=,1332.0
consensus_latency,q4tmIAKTdaWoqBBb3UV8ZGuPZchgdBvCHXeqtsFOEEw=,1332.0
consensus_latency,+vw6kLhSQZ2hJ2uAmrKemSL7N/eGCVCSc2KiFmIM+pY=,1332.0
consensus_latency,F9ksD6keSJ9pmFgfjlkElErpOK5COuitImhmlbN0Udg=,1329.0
consensus_latency,iQ8IWVLYVtClj1AVhWBE9YD+ILL8AzbY+9biKWT1BHw=,1329.0
consensus_latency,kqF5hr42NBnNNHBIsK9r4ZmRLyAoWmQQMZ9ywq+TW48=,1329.0
consensus_latency,9Fd+wYVyhaEhJIJl651F636E9a7KDeEDGvD91ZQ82mg=,1329.0
consensus_latency,CEZzybPWnLEZnaaxdNSNw9XHn0kEeAqQTjvIJFeRH3s=,1333.0
consensus_latency,DY2id72SgOis8uuhd0jT14NFpj5a9MSbifGWHRuzZM0=,1332.0
consensus_latency,FsWBxrtm0H1oSz610tNTawuH3UcKc0uIauoOJCwBuIE=,1332.0
consensus_latency,R1veMIoPErXKSj4PaeaYJuICxSnECU5Xd1eDxyvCdBw=,1332.0
consensus_latency,sDa18UVAp5vAsNYVLmFsMQpK2qmTIACIF4sEwrILchI=,1332.0
consensus_latency,GmN1xidaMnBe97Yd9noPjEoFATHLiakrIFeYmJTKyUo=,1278.0
consensus_latency,PNcl2MNF7iQ2Bxu9uFLhbny/ZcZ/X6Q5511ogeGfZLA=,1278.0
consensus_latency,TK3NEesBUIap560Yb4QHfa670KWkMFg7xU+NrrIWdbM=,1278.0
consensus_latency,b8JNXwSCkJToc2WvpY5gy+MJqBosuYjUsdsBEfYw8Ys=,1278.0
consensus_latency,oqa3Rfsy1hDnCLZKaKzxwIt13dcZaPXvYwh2UKBDLek=,1278.0
consensus_latency,p5QDUibDFuX/OxDoDi1mUH/zszr+7YTx0oHPq3whKDs=,1278.0
consensus_latency,HGpvypJGdfzVdNLDDiaH54Xl8BRZkEqFkRDUomGMv3A=,1273.0
consensus_latency,Shf5b5gx+5+HgeH2bgpm4TqJS6gK4qHBxz6rSivnSH4=,1273.0
consensus_latency,cyOTNutO6THqZvvZ+nAcP2x+Pxn3QmRBqU1D2vVTi3g=,1273.0
consensus_latency,vVmlbDMEtXh60mBTiBlRKKRUlC/b/q33YjZRa7HpcQE=,1273.0
consensus_latency,v3BdvsVC5+Yy6Hkh0TmLMofr9eHTuQUQI1w2qXqbvEU=,1273.0
consensus_latency,HkMoE6aUMm5AY4EjrGZYfckTxJxzidv2SR1faWjy7sQ=,1275.0
consensus_latency,q9e3FoZvmPbzxloXi7w585d0If1H5DvzoG3pgMsQaZY=,1275.0
consensus_latency,rQBlv09EP+l5hhPZFN4T7MV/k3xIMBTDi/ww1WfUUGc=,1275.0
consensus_latency,6kniV6JkFxzdErhozgSjqVtM0XoyDv1gQMLNqE8sI0g=,1275.0
consensus_latency,Ue59aUmn2hRIaWKLbjM5BL5dpmGBkD7tKfHgd6xcnZQ=,1273.0
consensus_latency,o1ln2lfNd63E8uzoUFrMnB8Un/H3A/qW0I99jPT/ACw=,1273.0
consensus_latency,1lf7d87oIWNWqfpPDU+zyM4xmZJLaSjXKlynNS1ZuE0=,1273.0
consensus_latency,8ddLU6FuRyoerjeFyE0YUQsPRG2i5iYlP8tbRNyFBrw=,1273.0
consensus_latency,Lv4/Wr0sPd4/C05jpWqUlClQsNn641yijdUzZ2xHl3k=,1276.0
consensus_latency,hSJ7Ei2is8fgi3kYIt/NNfZojf92BywXEUofs/qsxBk=,1276.0
consensus_latency,7Ze7dO1U8cCDCbifTBFcQ0bjNV6JgtlhJrA3zlJaWQc=,1276.0
consensus_latency,8K1Sm41mRyADwqFLVd6hVGBJPoqxRb/a69iQTphsXY8=,1276.0
consensus_latency,UoAv5n28feInXZC/3k6tkMRCExwnoAQzyuZGT7mptWY=,1273.0
consensus_latency,klBIPi8K3sps8y7g6dk6YtNgx/6ezihYULf8WVpqOjs=,1273.0
consensus_latency,2xMCq1rHDAs2hzA9RqXhT55cQ8pJ1FnsB/ivT6AeH4o=,1273.0
consensus_latency,3g+/yKMgefd3/fOQJrZ9Eg3rUJbppx6Gfj2/zp/zafc=,1273.0
consensus_latency,aVWMvHN2jwRek5w0pwCDXqr534q28VdmWV5qxT511jM=,1273.0
consensus_latency,jk3BP7IMDxFH1whZB6uxd2j7hO+KBfNqR2MdUOkAsJo=,1273.0
consensus_latency,rAJlQbyIGJDBnVqyuZ+CqjXxdUK1AfQep109NaeVW3k=,1273.0
consensus_latency,6+3xG7kd9AL1Bak5tMJgTIzCBzRLaft6+R9M/CG597Y=,1273.0
consensus_latency,KNFjhok47DdLXSupdtcUKkZzGoyFzh8g60IarvbVvkc=,1273.0
consensus_latency,Oy6RzsKnN5RVKLxuV1ZFxE2VCGifPoIPWmVGRzVMbO0=,1273.0
consensus_latency,TeqhY2va4TuwBkfEoWcSC+kc7WoQaiv+q6YOrv3g3cA=,1273.0
consensus_latency,k8uNjkfqV/98IKUCzDFFHJ3Dd0CpFa6rbX8H5dvkQyI=,1273.0
consensus_latency,zGrKThBlyca5A0tmS62RveD+JyeH1FstlGnnWfASvws=,1273.0
consensus_latency,YRu156WUcD3x3bV/GM8olVB6j8UyjDpB9kuOD3l4IqU=,1272.0
consensus_latency,hoCA2MSpAKutKOukhTcEF3NpIYG0J3wDln2VVtZ0CFI=,1272.0
consensus_latency,sCnhS2ACQ6dG1XwvOrhubCQZwViQZ1cYzobaJ/2lzZo=,1272.0
consensus_latency,s4QgowARHb65VOIB9/khpjgAgVjNiSTlv4/GkUXi9so=,1269.0
consensus_latency,x3KxS3MeQT1ObgxBxej1uP6uqwkd/Hq6R/wFdG+d5Bw=,1269.0
consensus_latency,XDXjXFh3P/v1dwUjLlYIfYrF+XtkJgZ6jyQBu6OH+T8=,1275.0
consensus_latency,5ENYBHfv80HIrDtMG6Ug6CJ3tDCEfSXW1HmmcMH+H/Y=,1275.0
consensus_latency,hFRX4x3YmgCi7RTI5bcGzha+1eBhs5K4MmgLH/f8xVk=,1062.0
consensus_latency,4cccTRAqitpjjlLzLID4VCcMLbVTONFqUTgyjxYV73Y=,1062.0
consensus_latency,7sRrgZAqk+LR+g/jiXH75W0SzrMFaaStxgjxSxfUAB0=,1062.0
consensus_latency,Vr+8n2cHO/eK+e0n77R2gUMyS8tXe3AmoMdH9DCY83k=,1065.0
consensus_latency,cGajfLTguB1GsTnkMwOY2+YQQTxB5gjLgUhyzScUPdI=,1065.0
consensus_latency,w1ZiA+dJ9JubMeHSus0C/sd23rQ3M7sZHffNK0wbxsE=,1065.0
consensus_latency,0S7jEi4ZGwbs5fYQL9ITQUjjGCuF/6Uky4Aobu613ZQ=,1065.0
consensus_latency,Fs69dfByUYam2GRN4G0YM62VeZHEPf5116wyjcFsBwI=,1030.0
consensus_latency,H9UdNNqk5J8BiDi/nvBVjzTiIjZf6tEWZiAhweenzrU=,1030.0
consensus_latency,c/F4Bo+7voLf42G58qywTLf/JpglLudkRxfJjERdvhg=,1030.0
consensus_latency,eAqvcPjym0WdnS+EOc6l9pxXlf/UEl9Lp5c6cHpuDsg=,1030.0
consensus_latency,fsLeFhnbMe9VPgRhrOg/8qrJgbFfJ8sHFWRDgnZHM5k=,1030.0
consensus_latency,koasxmh5YkJu4BDolm+APmxuZqrWV3tx7UrnK/GfGVo=,1030.0
consensus_latency,oAkiEntLQkvzdXkR6bR2T38r8s5ab/jZ1dYftRdWpys=,1030.0
consensus_latency,tKJAR9qCky6xt1hkkKAFvYb6qCB1rHyqOdFGxTSvOtM=,1030.0
consensus_latency,x0jftCmH7iMNYtss/jQhzKw1oCFHqBwE5Tx2vKQshC8=,1030.0
consensus_latency,ydCJRHlQXdFClfNUcXWWJxZDzvNhU5xcWsXkQLJPt3g=,1030.0
consensus_latency,66DCsVdzzp66C4X3QuJc+pHFJ7yiIjuE9tHQbgLyCr0=,1030.0
consensus_latency,F5GFUcIMROXMAFF9jfiZFctn1HEJmZOMifaQyywf3pU=,1063.0
consensus_latency,LZi0B33qWdTD9WhJpNFicBJ/I9RGv03hLDi+IMOF600=,1063.0
consensus_latency,YHQ9kBx8mZIkr/xkyjvQztTGn7oEHVbzkazzRYmDgYI=,1063.0
consensus_latency,vFF96a5jqrVFFTVWNnltaXCOe4P80jTG2PE6drfR+V4=,1063.0
consensus_latency,FWoi8wgKBS6O3ib6P3fY4/toEFHT39AloEIgBPKWRyM=,1060.0
consensus_latency,pbNH3uC1U2PNbrrwdhZDhydzVh8LBdW5yTp1cY/pASk=,1060.0
consensus_latency,4S8Mc73H68VVmoudy3aAy4ERAPj/dKuyzOmgMNjAcFY=,1060.0
consensus_latency,/fc770RdMb7aLvz5tRSIPptADgGd3nSGDXkswW0jTPQ=,1060.0
consensus_latency,QqzelksV57aoRjrAMELue+/PhYGyeVWXoDTk66NW+HQ=,1021.0
consensus_latency,SKzIa6mkfdGkkvkQPvFcuaPgOA54pcVMxywjQF2ygM4=,1021.0
consensus_latency,XzI0ZPxSE8EUfMlfH4i/snXwjw8+RPwjH8v7Bg+IP/Y=,1021.0
consensus_latency,dOPUcXf4pZ2gbNxV/NDoRtfRWLMwT8EzcLZjJZWazck=,1021.0
consensus_latency,dO35to79xfbi37gw5kSmtVvL3ZtaweP99f/XYPJz5g8=,1021.0
consensus_latency,fVhUPa55iBKkzIqehLJxa2t3WwhiXtghba9Zae9cyuI=,1021.0
consensus_latency,iyTxWV0punB2SA3uu9WK8v/fqMnB03hCVx3aSKrKPK8=,1021.0
consensus_latency,n0S3NUb3X+AFxFGK/v5frvPzL/SMfAha7VCDw6DwJe4=,1021.0
consensus_latency,2GjapC1+stpW7Bm6z80va6/k4153Lb6nQPCVFeIGzY4=,1021.0
consensus_latency,6f7b6Oyfxhl2hPnNCLQJ7BKDsgtjlRNkj9YGiMze5Yw=,1021.0
consensus_latency,78eT8HIfYgNsO9+EKzQk4KwvaiGMW5dHoj++/dhag24=,1021.0
consensus_latency,UkB0ETw63yKCl4DxYuL9cgmisCWW+vaO3k/pGgU79m4=,1062.0
consensus_latency,c2G0A92no4ijb6l3HMxSHCKjK6cFnrL2O4i5rlDUcww=,1062.0
consensus_latency,hi3KSLsRYzTC5h4QTqAAW6neVqeJ+rbdKD7f0XU0uTg=,1062.0
consensus_latency,j9lDoTiiu741sZtiZxPkqi+G96e62VKTbXm4n5f6hJw=,1062.0
consensus_latency,EJdvBwKavDVnq7M9ToH9HoEUxseRiiXLvbFbw2R/OqQ=,1062.0
consensus_latency,P1tOsG/OXUB8jmaYKeUDpQdAmn/Hw8T+F1dd4okZCmE=,1062.0
consensus_latency,jVoGU5jZUuqVOx8w1UG89ruidZCqCJLK/G6LMXC5M48=,1062.0
consensus_latency,z2j7xp1afz06bb6OIG/1WN9qlFxZohAFZNkNRCMzuRY=,1062.0
consensus_latency,Ll2Hw2sfWsW1NdVE6bIkv95Df2VCHfgIADGtmeAWyRM=,1035.0
consensus_latency,OK0LnJAKVtjOzSKaK0PC1EMnykhAVfcjzJfqudXsxyM=,1035.0
consensus_latency,TPqEWpE9tFRTV4srWrrnyIM6NKQjia/vE6jee0hPrCk=,1035.0
consensus_latency,YK4zZGMR4yOI6T6N9BtO3acOZwIy92AGGkBRBdZlZ3c=,1035.0
consensus_latency,jL3B7SPiG3BnC8W0txF/w8q/+vCWfafg8PpCyCT+AM4=,1035.0
consensus_latency,lCTki0aal3mq9XUkAM0A5iZYVkzduXovm2GvoAr8ZrY=,1035.0
consensus_latency,HymYghTSm3AQGVmg2iw9yiDY09/3SjG27ER4ccNDnDo=,887.0
consensus_latency,QQwjggBPN2ABzFt/O/Rerg/4jBgRHpIwV80G+kjxP9U=,887.0
consensus_latency,rqjP5jvBrkywPqkd2xuA90dNkC74pX7BpQ2jus8vcX8=,887.0
consensus_latency,xSXMmGjo5OxsehGgvpBXyQ+BEwxZXtnG9DCk+OyhVDQ=,887.0
consensus_latency,OKsGZz1Ly6qTNiU+EMeANyLyYHAQX7KSGdGldPnO4yI=,884.0
consensus_latency,h8JvtGm76dRPKFaS6AYPA7yacIweLGaCsTsn7jJkYdo=,884.0
consensus_latency,0w5X4nqyQRYMPJmDtgsio6rkBSUux6kRlWt/DMVB2ZU=,884.0
consensus_latency,6wgwfckMn5a//5zNl7uhW/NjPTS2CZzaJI26/OBVWBc=,884.0
consensus_latency,Flxgki/KekGJM3jtuz2kuCU9Gpi6zd+u/wTn+lfNiY0=,829.0
consensus_latency,QUudDizLpnodOMh6PeoqeOZdFJBJRxafibOtL8qoH/Y=,829.0
consensus_latency,Wn/t3RDfGClZ4mcOLwNGzNco1NFCOCBys9vBDOk1iHE=,829.0
consensus_latency,Jqq7h0ce4gSlRJEIDtYQKKzcmTtsqvbhjbQxVtNoLVk=,884.0
consensus_latency,pLIhoCDbU099l9VhSzoIrGCuOROgdu8HMLK+xzX1CM4=,884.0
consensus_latency,quOJvcl+fBQ7NUEY2sXSkZm1E5FePXfbZkHRvc+YP5A=,884.0
consensus_latency,xoUeNEU0eA15Uw2oe3YLVdJmHHZMytmn2StQgxhhuKg=,884.0
consensus_latency,ItG4jDo4mWnXYGUy96d8ZmQ8ZYZvrM4bTQ5NyDLuD+8=,832.0
consensus_latency,NLXydz2sPv+O5KdG0wdhU3A5vmwt5+upGjGYleL3vGs=,832.0
consensus_latency,UIdWvcnUmAMPrWaQ2ud7dt38LilusytXUUUCL+RFmnM=,832.0
consensus_latency,bBxNybwrmAPbL7OWvpZnHOKLA3LPRz0Y+HTREIW2ymw=,832.0
consensus_latency,PczNIKZsnGaAxTBCL+zX2BMyzozPsaiaceUW76Qq4l8=,888.0
consensus_latency,VFYGHg8Zfc/guZcPew3DGJrGm1ndhkm2aWBUKPblrrw=,888.0
consensus_latency,gnnJO3ZT5M4WRkrDpxkthG4L2PQExgHLIYpsaS7QJ0k=,888.0
consensus_latency,hdwP6/VXWQdjmxNrkumwi4+80aYXP9zBGLNv5kaft6M=,888.0
consensus_latency,PTPxJhQxgmjnVeoigUF8DR2CaV12zpJjsdRl4oE4P5Q=,888.0
consensus_latency,cEVHSK/u9EL9UlmWYMIqQJ6K4+RWIXvv6Vt3u38nWUI=,888.0
consensus_latency,glTkYdrE2QrLQh/vFSpVRKjpFNZZwnEvl3OTVydRBVg=,888.0
consensus_latency,EjSv/ttHneDFHfKcn7A/JOxthExjn8xjsc/TbyOznCs=,796.0
consensus_latency,fciY0Z2eoRPs8s6+iFbYkAoo79r8yidKB3UnDp17J6o=,796.0
consensus_latency,vid0sv8SB//AFiOK5Q1C/Tpr7GdyhpSThLgUsmrEOVw=,796.0
consensus_latency,2bfc+I4sN5sYMH/mOLW+QuCkpgydZ5V2s9EgayxoGsE=,796.0
consensus_latency,5Dk9XCmHOccgrBkMaIgCN5Ed+hlthwlreDhdJyUCLUM=,796.0
consensus_latency,HvT+2/m/XlVCqevze+gusA32i2YUAi/RXQH2MeubxmQ=,797.0
consensus_latency,PXurL7CsAOOdauOjT5agCGEyrjZdyil7pIjzhbrjEzI=,797.0
consensus_latency,fDpFMIpY/UjR9IYnI1BYDxpdbVDOwMQJVjI9jaO7fPw=,797.0
consensus_latency,wld386CJXP9ASJQgqICzIsl2sQGi4xenuQS3gDCq4r8=,797.0
consensus_latency,VeYXfsY+KP1nUemcEl2nHu9xJF/E+/LJ6OQerO9Vb2I=,797.0
consensus_latency,WlIKAXWo/4FA/BdbioJRYdmRCwFSmgqDQl2HoFWHN8w=,747.0
consensus_latency,jWiTagJbsvxlsbZNJabz/QuUZermFmcqljv4YXKEcX8=,747.0
consensus_latency,tXuYe3ZmxxaTzu9/OzYdFhS0/WjtR/XdpAGd1uodPWI=,747.0
consensus_latency,4Ea6ct207rNyVRdFgXYuyVuXLVYSUxnyTuzpjXm9ef8=,747.0
consensus_latency,EroFqpdWnfYrevso+yiQk8Vk25PSXcQ6Y6Kd1mDJsiM=,793.0
consensus_latency,MEqbVXtrN6emF96ElshHJmww3QcrQIWjj3e3lm0olUo=,793.0
consensus_latency,fs2GE+eCAswH3nCJz0hKWmAVdNzELQDvm3aR7bNtnJI=,793.0
consensus_latency,oy5xFvqb4IQFWSsms2+eQ+7ygYqRo+KWVeYXm6gxcYs=,793.0
consensus_latency,3xfQR6gDrGLry6yUWyEC0FZM8m0773Grv9+I8Oc8Ph0=,793.0
consensus_latency,AY22+HisR7f+HjiohW5GOHW49YLqpm8bD5h4pFDY5J8=,818.0
consensus_latency,aORtPv2YdvZdhe1VuMjZGM6n8un/dOcr88IIzWT9ZYU=,818.0
consensus_latency,byhO3X7LEW1AV98DTEYHoZ+9dkC0psZQlmLUslC2X3E=,818.0
consensus_latency,qEmuqM4JnsVCd3SlKWWOSwnctDde7n23WI2QTUIRjZI=,818.0
consensus_latency,jXJLUUMkdA65gWo5XQngiR1/+kvjBhP6JQbQIHhkyyI=,795.0
consensus_latency,0EWVSUlfXi8b7c1+hiEknpgz4lqXcSoW9E9to/zUHno=,795.0
consensus_latency,7tfechA6d/L8xaXinwVqQ74AIbRywr1tJT1S9xnQG1E=,795.0
consensus_latency,90azi4FFQi+RKNO8FimdYxpOpYwISCrNFbPx/EjRppo=,795.0
consensus_latency,/1fkLnBw68XUvpFt7/2Kt7nRsHUNvDPz8eyWs1enUmk=,795.0
consensus_latency,jOuf8fj1frqxU8o7H2OAgov5RLa0UK9sZ82TZRSG80Q=,796.0
consensus_latency,tmlzRpFifH+lDrOmtn4ksjV7/GZ/8GzEgDwIgY7xMLQ=,796.0
consensus_latency,0+GGnnN/M0siYycVetW/Dd7SGsT7HorDLmSVHOwvNo8=,796.0
consensus_latency,+zn/EvrWj35zRDW3EoXrbIieNCMgDvouv8oG07M4g1Q=,796.0
consensus_latency,HtDS/ywnUmVQpigxBoIluu2gWdqqPIcERa6niQdHEzQ=,566.0
consensus_latency,L05BVWNqVr5Sww7FSJXkww9eWeZWkGLHItCX/qZxNGY=,566.0
consensus_latency,4WkWOfpa4JvSHFW+YGIDDDlG1fRx/jOpfHaZVt2W2qM=,566.0
consensus_latency,9NyQL0tUXjK5+vp50/3reWaK21OrtqttKZqr/8ZGhQg=,566.0
consensus_latency,Cel4dxVkC3VJdXUjyRYV/OnWZsmg7VPpqBLNDKT82r4=,1136.0
consensus_latency,G5Bw0TuSWwqvRfL/NoFmsSEB3jppeGBBB/DDrCgB1Z0=,1136.0
consensus_latency,Ii7LUAnFEvvfQDe8frpv37sKv69Kdn6vhWbspxkQz2Q=,1136.0
consensus_latency,zqJAoFCY4HoAbTLQdnrsZaarmJCHjk0dS5ho4MoUx0E=,1136.0
consensus_latency,Bt6WmSEoOeY9YLDIj7q7kskKZiXOsSMgg5usSBiSbVc=,1122.0
consensus_latency,BxkFNpj6z1vT+IYdKupcJ5JQih78f8P/TJLOu56hLIQ=,1122.0
consensus_latency,U1H8IWrk+yO7yXF3vthENdITTOKiv/0vQgGrx/ONqLA=,1122.0
consensus_latency,W/3QU0LkeO5bqhUgusIUgEBaSg2vaLc4bKqayqFSFp8=,1122.0
consensus_latency,cp9WbANCWGZd+nsZjQEtwagCl8FUQFtYLVEz+fjh0Ag=,1122.0
consensus_latency,gjCtncuGitnPeJM9Xsfpzg5nrj8Wzxm2lG2cv9qUWY4=,1122.0
consensus_latency,x0g2LWMCADkxTthZiRXFkUfrJ9zqYXRivQGbc7qXmGg=,1122.0
consensus_latency,zjcDX983OEDnW66sjuUbyCRzACrKtgpemGMqd1zl3cY=,1122.0
consensus_latency,WJO0UEwghJGYPAD4YmeRlcj1jhqZjwQNYOKiTA17YBk=,1131.0
consensus_latency,bQ14xDSUNML5AGHEyxlwMZMXutoNgyTutqHukFlZLOE=,1131.0
consensus_latency,zUmhh643jKLgXxivG8Q57ukExDaOaKmJ1ebwLPM1AVU=,1131.0
consensus_latency,zmsy7JQdse1/9cuobVMmQtbjBkiZApX5mu1C9nf/2BA=,1131.0
consensus_latency,DKa5QgW3zZS643yMDzxDEsZUd6Ss/3VOqQ6eOg9WuZs=,880.0
consensus_latency,F6cffQflS+0aow69VnOylu6fyewAfc1iwH20i0pa4eM=,880.0
consensus_latency,ICwAZTYVpWVpqYieHI8qS10etcWkN0zgr8pwwxkEkq0=,880.0
consensus_latency,QTe7o/rPRcMVdBRXWDtiXP8ruJcnUTXUyT7xofpLMV4=,880.0
consensus_latency,RUWdmaOrO+9nszDy5303HggFXFyqblo3KpbyAsMiEQI=,880.0
consensus_latency,c84NiWBxGlcMRKpjBQdNZWJR57dXOZF1XwZtdKPysqY=,880.0
consensus_latency,ky/gSxhTuVfgZBQQno1ZD49LCOhVJh9sBaHDsTPcfFE=,880.0
consensus_latency,pEFvqgV7lSpQG/hsL2clN1i8opXP4m5n1idyAFkoP1o=,880.0
consensus_latency,sLUVlGK19/ayF5A48pInsTLBOR0bQydo4KmeghN/hs4=,880.0
consensus_latency,yOYpKSb3fqtpFE8LYb9+YmrKmqzP24v1r3rHf7JWcgU=,880.0
consensus_latency,z2Wm2+kLhiQCi5JsCpLQZ8EKrujGg04NETDyls2K3RU=,880.0
consensus_latency,3C5nsNwxA3gKVd127cW+jZ6qtexfQNqgBGDJdemCD9g=,880.0
consensus_latency,4ATbO1zJIP8lslNRieGdwiRo/hsnZo7zhObiM7truLg=,879.0
consensus_latency,++sT5QBftSt+wdcENhxF2TUpa0HJz0iqqQej1so24K0=,879.0
consensus_latency,/Ugd4OOnzvrLDqkdg1ZYwr42RSnUQ8tyPCvK4hQLQ5g=,879.0
consensus_latency,WvWQbd/tC6u+Wj6DLsPeVpyCHOotO4LszHvv7E6ynbY=,871.0
consensus_latency,tTKN+NO+dR/4j6Ty2qfF+HUjfMHvj8qX34EeqlVVDXg=,871.0
consensus_latency,xWzcwT804bRQ1/xIZPERo1Phw/eiykiSY7e6dn+sh9U=,871.0
consensus_latency,zVNtuqtAZHkxScLnkXXfK0EfezBL15aBfdHmDq/1PAQ=,871.0
consensus_latency,OOi65fRDp3Vgzypf/cCXsNJr7EeGjB3JnanB6LkZy58=,874.0
consensus_latency,gqpu4wvitOAdZnfMyPTcUKqyva9OWdatc2ggWOunshE=,874.0
consensus_latency,sS5Dwy6nMq4d5sjTpSGeNMPGxna8z8yoFlhPLbrtg3g=,874.0
consensus_latency,zRQdPAfWsHhWrq/hrqpr07WXTcdkH3GAsqReQ1DUJZA=,874.0
consensus_latency,+Zf7DNTYqOBRe0ijAZinmR0M3ZRqs7QeQcAYDGXKFv8=,874.0
consensus_latency,CXxhq7g6SwWG3NaxVGAHHE4LzkA2FDr5XWGrf75Gv/0=,873.0
consensus_latency,DohOaBwop1jYrQVQxm3IWUOY5eg4PBLYkeCbUeR0Img=,872.0
consensus_latency,bSPLFD8fqIdfgy6/vL9KyEIx4FwX0DI5JdlI/Erh66c=,872.0
consensus_latency,3Bp2lqTho+11G80hYhJ6g9Rbyw4u/Sj/F6cpiMPqtgo=,872.0
consensus_latency,4eDEYgyOCocUvaG35pi9GWVpIuMaysx6f8N1ZKQwh+Y=,872.0
consensus_latency,IBWzb39SElJMnXaaIK5r7HdGu/K8mskAMh8WfWDVP0Q=,872.0
consensus_latency,Nmj+gFwVcn9/mb61YDCH7p1KFJMzo1SoV77CL/cT2Xc=,872.0
consensus_latency,ddmIIVTYiAP5J+qYq6dxSRX8zqRBt4yOkl3hd1Y+Qoc=,872.0
consensus_latency,s1BIX6mwZk2kRkLfQU5KG3s8u32xdUiBYA1XUlFBh2Q=,872.0
consensus_latency,6EWiVGp0WQsoclGCVLDtf8046RYl1S0eJci+gAhzDJk=,872.0
consensus_latency,CjG73BEmy184sp8vJ5h/QS0R3CljvNBTpLnB+AFlYUw=,872.0
consensus_latency,aRNP7T3Em25ptwoeGfDX0lKs9cac00eVczIGwjKus3U=,872.0
consensus_latency,dqaG4M+Ew/Vl6KdH/uWb8KB3AfrcF0hHvdVfa6WFhAI=,872.0
consensus_latency,q2aXXV0GaEEYWjtz+6NVIZGBHauwLa9G1jHXpE1fyUg=,872.0
consensus_latency,IF0jqYk+9jlk3nQCTXmkEdD3K8T7cWwtE87BJ49IXjI=,877.0
consensus_latency,YSgF4JJsczSatAEaGWO7cKOAroNEdmfHg+WX5Mmvnyo=,877.0
consensus_latency,haV1EAD1DiVy4Gf/gCdxndB6/6H8A2mJc6Wv5rcMQjE=,877.0
consensus_latency,8gjecEtmvAP8uqqdCqQsG0GbItOK9UXsYJDORJxcStw=,877.0
consensus_latency,No/dvwnPCh1+awDW8nyCQ296ybgoLm1q6/nXlZjsyXY=,878.0
consensus_latency,Y3Mfz0Ycx/8xjeFtjPQbHAdIKRN7bCQbQFy1o0BqNUo=,878.0
consensus_latency,bM+YlVwRSTZkpLNGPPGqJo87XjqgeGJpnKoPjD3povs=,878.0
consensus_latency,dQPnWddBznAPZXqoWU5bNrgGMSmCvfsln5VP97KZkss=,878.0
consensus_latency,xQDNrjtQOqWUBx0X4276Ov6BENkOU5UWjbIeUl2K+Q0=,878.0
consensus_latency,ChDcwv0NUvEZDUsRw2vah42p0wciZFBlZFdw7h2mbuw=,680.0
consensus_latency,XXwNl4uOcgMU/mt2nT7XycFLOVLCC/ssPVR+KuZE/uw=,680.0
consensus_latency,YuVMTAiMFIDU6dT+3AaEuJo65cmxjUapUO6g8uYSqcM=,681.0
consensus_latency,7LrFrbe2D1LdCFeJEoeUDRKo6M3vf/oGr4R0rNpHX9A=,681.0
consensus_latency,7xbVzqJx/tH+O/VpuGnwyvfz8T64wheyh/CXx+nscbQ=,681.0
consensus_latency,O+DzIjlA5+Ovx9hgXpPRnywZSBtRuhHRVtA5PYkm3l8=,629.0
consensus_latency,ahnsFN38dJSXyS6nxRMQYtp89lY879alo6aBcFUJnl8=,629.0
consensus_latency,m/c9B5cUME/vYogiOw7amzcmOGlx5AwCWD8QoxgQXpk=,629.0
consensus_latency,8dM1cCtV5t2VfEAnFfNktpaxzLlP+463Qe6093lVMP8=,629.0
consensus_latency,/xUt7WsQpd857hUJyX6YSqEAbIZHnNrYmVqftVDSRaI=,629.0
consensus_latency,MFe533KVEau0d+jMshLn8kWdAfF7dIb1UcPwtBS09P8=,681.0
consensus_latency,QDAzmoZpxkg2AxOLqtNahj9LmC//MdTP3M8TrAWQzIg=,681.0
consensus_latency,mNqhj/6MOQiXZWxxfur6kiqTISJE5kgCael1Dmxu828=,681.0
consensus_latency,oLbHx4RrAZSwNjVUhgrn9TCok9oIwAC20y8KhTKgZQQ=,681.0
consensus_latency,MzoaLiz/SDX0Qm95yWupa7oHZ9oW6puvlXUefkZT5GI=,680.0
consensus_latency,SUhE0bLslCoNTouvXiiCUd6R399KU+WHO2+0PTQbJSI=,680.0
consensus_latency,nZ6XjFCuP9TX90mv7kd0shk5aywHQN7vsn76R+yrolM=,680.0
consensus_latency,6zSdeVVV7V3+7YWXUkHu8UB/TPos/SoHUXzoGCEypFo=,680.0
consensus_latency,n8BJMtK59csqsXVidTokXwgsc6m/oFQb6P0wQwmtv1U=,681.0
consensus_latency,tLiVnAIj7pxgp9p6EHb+bgN7V75S/fCUKPM/GHtrTTY=,681.0
consensus_latency,t29g3ts6vBN6U20Esd2G32VngwTNb5ePBxUE/8HrYsY=,681.0
consensus_latency,6qYnoHiPLti0CS2bnuUe9IsSoY2UABqgwpThNYGRWtE=,681.0
consensus_latency,CGWRkCibqU8oDC0wHB0cl5uYW6cB9WGy4P2hVjzwqjQ=,682.0
consensus_latency,hBqRwWqqm9LigjrIt4dfZ1Txi2WHXeymhAOqUhrgytw=,682.0
consensus_latency,np56Ft/FLXJ2yrP9sgqb6BiDrmsKSKaRdEe6nnuj6yM=,682.0
consensus_latency,xcYd/+cXHVF9HEEeWs4xUqldiDz0cSplr3oPM9oe5vI=,682.0
consensus_latency,yy7QdRN3jr0pgwAvdwFBpUYUfvZURZrUQ10DlLPk9tw=,682.0
consensus_latency,/iZrMs7sHHAJP4qri67kohynjqJzh34UWegmrXzHRJg=,682.0
consensus_latency,PYgCuvip2grUbTJizIidMJFJJYzCjb9kb25hhqW3wkI=,630.0
consensus_latency,R2cHjhBMWgR60OIeM0vv1Fel4tJ5z74ihEeZq0j2ADc=,630.0
consensus_latency,W2WedeBRlSEwh3jE6rTsjTvrVEkrowv4EIK1OgnZMSs=,630.0
consensus_latency,wr4Dawrx1eyb36yfsIKhvBun4a3XwsV5Kb5ykIlwgPg=,630.0
consensus_latency,2/kNhkxYlGiPXbNnuGkfZUB5lIaSW/BCxhF7q2FsYCA=,630.0
consensus_latency,4C6zkneYToFofBsmyOnouBvoIDsPJ7iud8wUDrJKzQM=,630.0
consensus_latency,H021U5WJ5W0Ho/3ftt1un+ecMP887C5y1RngG7+EYc4=,615.0
consensus_latency,JIiyiGNuubmyDhXpHqyoJcUsfBndp7QL3xE4z7G6SP4=,615.0
consensus_latency,bLWGLXldOz+YKBrrspde4cshvDCOMtsVLz0wNYxx9mA=,615.0
consensus_latency,lLR7qxUreipkVznpm3fbmyWblQB3UXyGVPH+c1smcU0=,615.0
consensus_latency,Fl0VhvFvtOoT8FagGnjtwuwdlAFov6D+LOLl5K7cuzQ=,617.0
consensus_latency,Wdo4LLt4PVXPUGpA9/zh34NIiid7H5Cr9RCegADfxT4=,617.0
consensus_latency,nZ3Ueu9cy5N8SavajCLE55r5TfBzfctc680OEo/6np4=,617.0
consensus_latency,sr1wFXwaVdF0psfo9HluOZmyXhLX+83GFlP7CBMrx6Y=,617.0
consensus_latency,5d03EMUJpBh7rWslgAy+p6PvMMgxvzwVa3sLWyhPWXw=,617.0
consensus_latency,Fw61HzhllJtoxVIAIyC+dqL8DhzWsecEFukD2SBOCQk=,620.0
consensus_latency,NJuTobKiBYB9+P873d+w9cjYozgF5Xphw2uZ9hnbXrs=,620.0
consensus_latency,WtuX9xMkKPaXCiPEM5aS7Owbj44ld94bv9/658FL6w0=,620.0
consensus_latency,krocbv1g0hkaeSG+UZyD+EkIUkU9+ND9xTgGH/4TJoA=,620.0
consensus_latency,28N1AwGCboAswdfu63o8Is+g0cQNjc7mnRQv4F7/Gqk=,620.0
consensus_latency,ASlBP4kUcQjnnBK7lWgS94kNhm0VPS1mUg0Xg5GsPSg=,627.0
consensus_latency,G1fEXnJVX6Z/58r/BrCYkYQnGNTER7Sc+4Mqo7/NiFQ=,627.0
consensus_latency,JnZ+dtdmihV7fe45KXdyLejF9tStx1FFzs8bE0aVDEA=,627.0
consensus_latency,SjXlsGdtb/RAQztSubVuZbrFIY6bG38TtmSzlMso4Y4=,627.0
consensus_latency,TcnLv1pDpFMVwZtuBvUq1Auwk507Y8iDp2apIPzSqNc=,627.0
consensus_latency,jlRlT2rm1ADT6y0lhHc/AJANRMoQANXmWoysSiaXriU=,627.0
consensus_latency,w2KxLt3cQuYuTXpUOrLt2jmnUnzR2k4EOLXHz8U9hfY=,627.0
consensus_latency,x1MxsImgg9wVLB0TofB76SvAjlKqdcXBUWWqcRkNk5g=,627.0
consensus_latency,9naXOwPnyzrfkZH5SasN+gJfvF34pGeTsY+5cO/xFso=,627.0
consensus_latency,+xpqBJwqssl01pq8Dc/N8V/UcEMIZtVxz3ssKq5MxOg=,627.0
consensus_latency,g5jPkBYzhSGNophy3Bjm4EeH1UkMRpUwzgTptnsJHxk=,616.0
consensus_latency,or3+zPnLeRiWoiFnw/84jD0J8XzHJtKic6KNM4fXvek=,616.0
consensus_latency,u5KLrvnqYWsC7HA3GyitDeRHmPqIsjgvbXTw5c2Lcfw=,616.0
consensus_latency,x0BWtcv7qqLMUYFKOcRyin5wMlQLRKxntuzZMVF+Gws=,616.0
consensus_latency,AFo8nlR4D4DZ/aZ01coBw7AgdJkTuUr6Xy6ynuNqutY=,618.0
consensus_latency,Cr1ZOQzNSQZJTVakkLgEAUYe0T5ERebnvMrcMdMOL0s=,618.0
consensus_latency,NdjVxPfC4DA3md+R6fKmOUWgc+jw1PRmIKQieIDwTSo=,618.0
consensus_latency,XpI+6XUlsnEuYs1b7mj6Y9o6WKTWQKu8x/XhZ69pdu0=,618.0
consensus_latency,bOVwKYpix/HoUkabPCm0FNk5+AHOUr25QaLZsz28YeA=,619.0
consensus_latency,gaU0gR68V04NBbgHAPNOjm+0c8XMx80Tt0wK9Zzu34w=,619.0
consensus_latency,l7+dGkHBmIoasxiS0Qn32ZDpx8oSiRsB6ny9QJZkb0Q=,619.0
consensus_latency,xDTjpCZa/gC5ungfzNqvGSbYrp2qKKZBVjVI4vQ4e5Y=,619.0
consensus_latency,RboI6A36JGOYicxsTep1ZOjldld4906UegeShs+zX1Y=,384.0
consensus_latency,gNsxbwwcXXeUY/qOUoM6mAN/lK8bguqHc7EEM9grNV0=,384.0
consensus_latency,o0/A5aoYw6nxCwYVYXVANBTzMnalgCzeuha09k3z+/U=,383.0
consensus_latency,yVaYiQprPf3ZywEIm/5DuP5ZVMH3gOthIrcE1jfebKI=,383.0
consensus_latency,5ZyE6gi9S4UpgD7DlSxBp9SIvZtreFgNJOS0crNa8ns=,383.0
consensus_latency,5eIEgKRlT7Su9UG9s9ODh4PThJ5J7SvO2F/EFzxdD1o=,383.0
consensus_latency,F0+gnc52NZ/sj5VVSXQmic/9TB+kEy0shy6a7rTTVWc=,3141.0
consensus_latency,GdBqY9/SeZpFKHrzyr8ARLzcgEdh3JMK8haQzB7DE3Y=,3141.0
consensus_latency,Mi3hMTErfUgO6SQANHgi7c12yC9nlj0OUvmB/su3Dyo=,3141.0
consensus_latency,rUbqz5qgUcDCIWuXuG78BEpBy9MWsbFAkb+9r93oBOk=,3141.0
consensus_latency,n82/eHzBUu7d5+mYMqn7lrbxIYl6z2AaohB1Z+e7bhs=,2241.0
consensus_latency,WSgwWXtMf5H3K0Pv/aHU0HrBObt+dA6y8R8/Sb1Dh6s=,1118.0
consensus_latency,zGc7UsjSWFRMdC0lUMg22AdY7UeEJvlankV8y+TzWVM=,1118.0
consensus_latency,1vhfEk+wPhbtlEZ9jMxhmLW8fD+FNHSY7WYzPmpZLZ0=,1118.0
consensus_latency,6RUb4L1NRnfS8IPRqN+pwSBjA+Co9EF8CwIEj2vn6JM=,1118.0
consensus_latency,HgK1vgRmiKOsflPw3E+UcqYrYT6Jxnshptef+UHqLcw=,1113.0
consensus_latency,ISG6lIqYxGkuXp3PGRpNsKZ8BYlAGdqAhrYyp2ltwao=,1113.0
consensus_latency,Vtn345Fbei9xV72wqMpcwkJHKx0BM3VFDcpCmCghp3U=,1113.0
consensus_latency,WFlKIkRlAMjLfQFzJdm2ibLHW/cxTYPDIHEQlMgcUIA=,1113.0
consensus_latency,WTTUA/mH9vrbR507mEUgaBM87qNO3iZ4pHM4VzY7eA8=,1113.0
consensus_latency,tkx4zTY61yDRjXRk5w53K0vSQP0n0K0gdYf7JIKcpUc=,1113.0
consensus_latency,vUMcgU0s2y3VSGGHUwdnIoGpl/VDBRcV/rBTewY2Gq8=,1113.0
consensus_latency,wBB1u8F+WqXdXw8Yx34F/Tp5OCBtSPGzX4afpp+KGtk=,1113.0
consensus_latency,wveuBO+ZVVqsgA1r+F4MYU4TkPIR0QQ2yErvMlLGQPw=,1113.0
consensus_latency,zYWTx8bBW+V9GzZsv0uiG2grb28ktTKlmsH5I5tMXVg=,1113.0
consensus_latency,AJNqfIh/pwJYNlwwqNekB0DN+XmJH35NTZCEoNJh6P8=,1109.0
consensus_latency,G+EvfA62sbl4Dk9gqJeSMMXMoqhW+e4UM2jBdSsRplE=,1109.0
consensus_latency,KtoBDWsk08Ha4vAB/1oQliXyK+N+QHdl93zRkaXL1EE=,1109.0
consensus_latency,MVrjp7+p1VxVrR0v2nB2havpS5zbhJRtX35R0+sIdv8=,1109.0
consensus_latency,OGw7JMflYRAikHRISfxTbRI23fCJJkzX7mRr8mpKwbw=,1109.0
consensus_latency,P29ngWZOkVQOMb8onquCHBYENGfAuFrxQkzmUGbLS7A=,1109.0
consensus_latency,ZHbBgr1kYQ7H+IWwEKRCHchwS+bGiw1S+WuKdL72QZU=,1109.0
consensus_latency,ZLmnuitFIsmkM/ZtFln2DcWDNbzoOaPTlAKldG+GYnU=,1109.0
consensus_latency,d4A4fThxvut8ERPW5EWTdvgBnl4eCuQ9bhmbUPKzeCg=,1109.0
consensus_latency,ntQMbW/p1qYTTLQxYxDFE1JG/FFxaQ7KMVF2C22hKcM=,1109.0
consensus_latency,phTvBvmPsn/Vo1pyZJXC85zM6pB2u1fxnjBPSonQ5Ps=,1109.0
consensus_latency,rWnjWuHidjzowIfHfExcsnp29oNbcyYLwgdSDpf0g4E=,1109.0
consensus_latency,uTDN+3vV6HK5QhQCr/U9mX4pB5P2aBbWhuCRSm/+vao=,1109.0
consensus_latency,ydIFrhp9NoL6h8cj21NcV44H3+CTjFdvALwiwY3RcVg=,1109.0
consensus_latency,/k88Rp3M3e+UXxsOUdatqDck0Bh4KBmGJw/1aW8ptjw=,1109.0
consensus_latency,L8HFwFRo0FXDXCXzYC2W8RkxwgK/zJ8tHm7Ek+AvqNw=,868.0
consensus_latency,bSsiCg77rSZBcUfLOefsYOXiWrhfCz1qh82AxmnIWlA=,867.0
consensus_latency,h92C6u2Pq0Bie5S92ZabcEv2QbKY3UAY4E3o2cySHug=,867.0
consensus_latency,2ZJCMlwpwVyihBXxcmPVNNPgCgyIb9lQIq3ClFrBZKY=,867.0
consensus_latency,Ph8ot0oIfwmlX6aAQwJQX1RM6hARe3Lz+I+i6gblpqI=,868.0
consensus_latency,l7LtEd0dk0tttjXlhfJ6ghdQFJAYz0omMR6mH27BeQA=,868.0
consensus_latency,om5SAbMrJvDdViBR9BDPb0M3r1kfn+W9QwKXQUf87PY=,868.0
consensus_latency,qE2iyE3Yw50CGSoVLXYNayLu2L/VL6DNdwhPZ40YImg=,868.0
consensus_latency,24oO2M1TCWH3Z5MU8zzet1wMTfjVHUnJog04pHrIcHg=,868.0
consensus_latency,+QdtxlS/onsL5Agnk0nrRLoh1FbBUGgYtXXhERpH2vY=,868.0
consensus_latency,RPI1S2XhqWrr/+WiM5K4eE40fuZZRLkbOYOOJTPU27g=,871.0
consensus_latency,YUM7B+gBeOHlGMmLb/mfP89DYAG9j5ZJbNbwdtrpZI4=,871.0
consensus_latency,Zks/hA0IoroL2+gB9joGhqiOS7WE6lHii8IXMwZOiw8=,871.0
consensus_latency,t2MZthqjrQmIwgzC+Z7IOdM5ICIbplkjibUDbVX+WqY=,871.0
consensus_latency,BGfBr9KMrtw2UEbTUPglDGpFINKMPrlIH82Sc0r3bzQ=,884.0
consensus_latency,DpA0otlfbIL7TKmwV0g78Em9K7Fh2NUR6E7T+HpcmpQ=,884.0
consensus_latency,Itqhn8F6NuKekifwvwJr4+F+wLmqrBC67cWwmDEuLe8=,884.0
consensus_latency,KE2vdXAmagPfSWmx0/o2uXskGPJtCvB0ivAj0otP76I=,884.0
consensus_latency,OybpEqkFy1GHyxp6EhCYVh/77yDDpclVLWKRwZhs+vc=,884.0
consensus_latency,QN/PdYDehy7GDGsFFR5+yCxzfVx+uKP9CcbbPHfORss=,884.0
consensus_latency,U14IzyRWP3EUey1gDqzXKkdm9Yoar692hTDa80WZeE0=,884.0
consensus_latency,amZDLu4PkG7sSkBA3jXgPvdc95o/q4AG8gTHERHAXF0=,884.0
consensus_latency,jx13zU0yOzb2Vga8AHB12bzo9vnhNK3bVwEiyY4kguE=,884.0
consensus_latency,uWQQsJwfzC8tb425T9jHhyDEkiaGYtF9qQH8dMJqMPE=,884.0
consensus_latency,3KAbuC27YBDVT3RH87bYHOmpq3Qw8RRMRVQxOzVQFNU=,884.0
consensus_latency,+Zk+cOsr4l7JaonmCvVjV5cA2D/jweRR4KUGmOPBXvM=,884.0
consensus_latency,E6AuZS5FDD+gloDw6x7LwN+6nh0euWsmn+7x59BeazU=,874.0
consensus_latency,QztPnoNYE3BAJIK37SXSmEl3mUAvlEZow/hoMB57su0=,874.0
consensus_latency,Ux+uYr/baj9An6yrn9ofLp0R0Q2BUAjkhCRMQOOE9A0=,874.0
consensus_latency,WyCIfNKsycqoHhRj9pgY7R7PJAj22P1aeLjJ8XMs75E=,874.0
consensus_latency,dbQurpnlnBvjPig4foN/GcuOkLbojGAhv4zvoPW7rSI=,874.0
consensus_latency,e46+S7ZspzNw8SeyO6s7+1pZJAytF1TdoAJwlnFIImk=,874.0
consensus_latency,zJ9zi/IZIYq52kjLu/ygDsZcP5v6d0t4bPwz4kElFiQ=,874.0
consensus_latency,H0Mc/4ZDnEWO9goTPONRnhnhe+TVJviDKh0xBe4ukl0=,882.0
consensus_latency,NfAENGE63SP3qERbdSy6Pmlomeq3FSIuju8MviWj430=,882.0
consensus_latency,OlzDY/V+g9dayBwHzqQ4ixSk18KmgnNMHOCNwiFdA/0=,882.0
consensus_latency,S+v4aTMz6dRgVUqA8jBFrZhP6XE920nCoLKjY/RkSYI=,882.0
consensus_latency,uwTATZoPrCoQwLRNBIu3fVmjDka89zk2BnQ00Bc4524=,882.0
consensus_latency,4Wv7T05OIUkiCFxYs4qZBQwxQlLzYEODtEalEbFIONo=,882.0
consensus_latency,+GAe9Z6NS1vhryLOiF/ecfWNODrxkGj4maEASI3aBdU=,882.0
consensus_latency,Kww87NQw2I1qCvZeWXt48JXuR5fHUhV7e82TWKq3F/o=,871.0
consensus_latency,vXGQ0ZkN86LBEvS4fRZJWQ5q9kOYVU5Yjg6Bsb9s2DY=,871.0
consensus_latency,/sGCAcOL9ybWgyRMvXY3kaG1HOnv6w7jth2TaCmeT3c=,871.0
consensus_latency,iZf2qI1r2UaRb1yjqkOnLscVYKHyMMOE/jTQ5HoHY28=,868.0
consensus_latency,wEOdoVwlOn0R90oDOSb8MXhq3Q18GzBn8pUdq1jD8E8=,868.0
consensus_latency,yvqqHFBWVjVwu9lv3PIF//1aIEAX0RskANojm9FubJ0=,867.0
consensus_latency,1lWCMUE3EEnedTibS25RU3CPImbABzKkJSJUKsIZTF4=,867.0
consensus_latency,49spP1wId5kai0R0Ls5uonWaQHiPnwhgrCiac/WLedI=,867.0
consensus_latency,JpMWbdzAoje4x7gtC5B4GSAttKgK+BfLKj3GTImp56U=,690.0
consensus_latency,L9Zbeu08ml7Nkdf2fZ/UcZLuQgUqYnR4+zHITMp14Ls=,690.0
consensus_latency,Y486+PGv21WNExJmiDGCnH625OlsTyb76PDWjyLgx5g=,690.0
consensus_latency,djDp3DI6k43D6pSoKiBv2jW7hHyASIoSoTNB9klBem4=,690.0
consensus_latency,6c0PQUGxpoFqZjwPkFoNtxg+9lxE7VsdSHGjvziWY8U=,690.0
consensus_latency,LBWbOS2GjW83JKCccHh+kDDOhs4BmNHRDXWC+SfUAvI=,693.0
consensus_latency,1/jC/h0nj9VU0uToa7OvBVKeDkybIgl58qeSXniQt/s=,693.0
consensus_latency,5WMYnSX8/WGImg0FYYgfWoSmiHxTSxFqrr7IshSUvO4=,693.0
consensus_latency,+vGL/mCbvAvjRBl1MlNxrBK9OZDqtCQ/Wc5Afkth1ow=,693.0
consensus_latency,K2lczLo49Wq2d66YYRUdks001ItYLvM62Ia+0GKVmCs=,693.0
consensus_latency,MZpjn9NzkBHbc4eNu5kzjMFw1uI46S6HQlO1R2AFfg0=,693.0
consensus_latency,M5GP3disu6gE3AQ4+PBDne6x1/f0hTjk6WChdqgiy80=,693.0
consensus_latency,dcEXwX6Bm1rmBmuHXbHwCI+B1JhU4DDQWSRNs4WWFL8=,693.0
consensus_latency,fL6vi/x0E2uw5I4xEU016XpRGqy7gXZq412A3VZQuv4=,693.0
consensus_latency,ckb/Iyov8GEfH5W+cePvRZHhAZQfgZIUuPxE4nnlB9E=,655.0
consensus_latency,szIFQsVsy6ozi2ymM+ocb4zVDjrASXnvdQhtywRX0ZE=,655.0
consensus_latency,vIBG6grTEclFqgRROWWtCf3hMCFN9CfkYjNQxwL7LPU=,655.0
consensus_latency,vcCYuIgoftAQnv2OZp08cuBctEIJAvf0B6grQg/vjBM=,655.0
consensus_latency,ItkqXzUhnzqKbIKXd6P6nx3xK/IcBauDbcL61Q3Bu0I=,655.0
consensus_latency,MhvWGUu4cDlfjBcEaWn4A/nEkn1Co9muJIHnyoT5+1k=,655.0
consensus_latency,PLrEWuz26qZWMuvdlCqZoBzl2ZHJCyxZL/JDE301g18=,655.0
consensus_latency,l8qVwS+0IwB1WDhQav0s9r/lUsYR9+UvXgZ5C3ckrwk=,655.0
consensus_latency,nvp39Qlp4pE4XCCRxjOjRI3cy8LOKtOc19DivA6je74=,655.0
consensus_latency,3BtHupyj3JuH1D5w3DGN2Lx8HBi6aF2YD86+tIOzYEU=,655.0
consensus_latency,SQep8PX/V7U1q8W4Qz+FrX8JLJRRIvJh5kUVy9ek5Pw=,691.0
consensus_latency,UrxR6S2fxIJC6xfLUivejWFifzYpMFUHxE4y/gxZEE0=,691.0
consensus_latency,bK4qc8hgLdKZssceq5XgkoZNr329iMzhZZtTQZnfkwY=,691.0
consensus_latency,lJ0i1Vkp/zGW3k4pLwtNJhzA0WdeARUHDrXTU327gm4=,691.0
consensus_latency,XS2U03dbgtYNkVmmfbKxCF8T1XBnHcfqVpwy4eWjm30=,691.0
consensus_latency,wPAHCduaRc876xFTDGDlPNdTtAkHoZ+oihDwK6huEZs=,691.0
consensus_latency,xRuQzyB6HO7hIrONKAuX6lL8ifJz1DcX416Wdr170Bw=,691.0
consensus_latency,zjmLJuuBe3n0H8Lipl+c+DYFT5c3IgyoWOHPV76YN8M=,691.0
consensus_latency,CiB2sByfEvM5H9+97PI2FfGtY7EB4pJeROvcnCQP/IE=,629.0
consensus_latency,DmNgwA2luV9bwyHKLW3M8Fx1FTzKNIe7S8xzixJRprM=,629.0
consensus_latency,z51oShrULE9i0Iqvcc361txIN+YD2zISL39lc1OACks=,629.0
consensus_latency,107E1vD8dGNrbFT9XSTX0z4GHoTa3DwAF+NL08xWSR8=,629.0
consensus_latency,2oweV0e51ILeRT+Xv2SmyIOTXhi8RgpsdHg8VZO1t2o=,629.0
consensus_latency,2sFsbMDfDdqyV+8mdFhHRWENsesc70dwEwqsOGxZAAY=,629.0
consensus_latency,DxOQQXFjHwZHIUV4z0q3ivVMeF8RW5wUXAfRkCqGhf4=,627.0
consensus_latency,G9KN4PpXi5nRX+oie0fNkltzNorMoQZ9vWkh59N/1R4=,627.0
consensus_latency,ZGRQeemHnZ4fP8d43J2sIqFMOy6otToFxrRuI6HdSRM=,628.0
consensus_latency,bHK23+kwHoEgGKQCFbkRmwL6mctClbaPiXPd/I1ZBVk=,628.0
consensus_latency,b61/MSqLuEvcD3A3//GJnZtRnRlnzN6qy7kdy36bUw4=,628.0
consensus_latency,Ai+iCCc1eq2qRwWumuqz6wo9ffuTvlrE+M96Jcqo6ww=,629.0
consensus_latency,XE3QI+sYhct49uZXaRmawb81aCftBrHtajzGn0WaoiI=,629.0
consensus_latency,hf/jSI0BrmloTLWwUIj6XIm6wwM6MGublr5oUq1NA9I=,629.0
consensus_latency,v9eO0ZFhHb1HRzpeuY7cyZog4za7eZOL0XW+rxMrmsU=,629.0
consensus_latency,RJtlwRNAz9/KdsmZN8j7fS6qEzJjNY2Kh2cOcnHWelQ=,630.0
consensus_latency,SYN+FcmXBIUo5UdbvHUzpPnaHkPoUw0x5tRNAKb/4bQ=,630.0
consensus_latency,VG0GOeURTK+4aCz/1ggST8GxIeC3zJP6z5nOtbi/R6I=,630.0
consensus_latency,cHybl9MW0vCNDZBQYQiKZAZPwDEKY5JT89BxhuPYjrU=,630.0
consensus_latency,FnEjp/vDUEg0zJoe++Wy4n7+AP09v0pUE6Z+H0+oO10=,628.0
consensus_latency,PX8nnIIz0/h/QG3V34siJxhqTNrZY+8YPlIwQscZUoE=,628.0
consensus_latency,QeRPFQrpu1Z2TubY85UJP+kLgx6Unp9CEPEIE5VZQGw=,628.0
consensus_latency,qjUM6bDMrnWBSNGSpU5dZ19FRYkcLa8Yjgl6IvSuf1c=,628.0
consensus_latency,r/ckbKmqWVttX1hrRa4kecE6b/Jsxhi2hSxN2zrM5Dc=,628.0
consensus_latency,AfLweU1fSEgPqa4/XiWedLthYvVor654ywh3x67V1gI=,639.0
consensus_latency,JDCaCOYdV84rRqeGFy/SdkDeyPTxVYXiEvXlV50lk9I=,639.0
consensus_latency,KWE01CYim3OxA8RV/CzA/MpG8ZzaaXYGzNZhXCpUbnA=,639.0
consensus_latency,VOMCAkyQswajPAH+ZTlS1LyO4Vs2Uyo4Esq06+wYHy0=,639.0
consensus_latency,uxKo8zT7B7cehUrBg+qqjSByNNONYEsfsav+oLCZvvU=,639.0
consensus_latency,ydaiNOJyATjEbZuSOeRsf0s8UiestCguJgMBb6lQlK0=,639.0
consensus_latency,zwITu69YjFSaRsRJ+vn7IdfMvzIM8duza2BE+SMFBfA=,639.0
consensus_latency,8FnqxkIgzDf0q3QO8yYq6YnJDu2eM+Z3PRwwmLV6cWY=,639.0
consensus_latency,ndQlTyowW+m2fmx29i/SGXEqpO1o6wMsq5qjJOIar2E=,627.0
consensus_latency,uDVSNBQBFNjOI/DIVeH3Z9gcYkomy0AT11tQtqMVM70=,627.0
consensus_latency,yId3YJXo8RTUIC2shkjhAXT753uvuxR2u2YmB2lhbCQ=,627.0
consensus_latency,72x/uocx+W6Gio+yJBYdJUbrqDthzWijHrIp2UzijJk=,627.0
consensus_latency,88fVanH8/lGO+HdEw5d7uVjG3qNf6fGkLVgdXG1rS5Y=,627.0
consensus_latency,IGIFYQvSrtH7WklqtTQVpZLLEaIVyhL0hAqHTC/8oYs=,359.0
consensus_latency,wJN//PLLfVEOSGaezqsE+Tj/K4vWHyj+oZ0+RlZxcd4=,359.0
consensus_latency,xJWCc+qqzmVUQmzeTUvYDHPPWQ29szmva6YuOLPVN1I=,359.0
consensus_latency,0ZaiPluvw6nDKLrU0xlHuCfJhcadpEpVTdzOMkJ6mvA=,359.0
consensus_latency,NUAHSu/qw/9h2n0FxQft9S65OI5hMSL0BbSuqWZ2o54=,1271.0
consensus_latency,vddRj2sSai0XSUNuUzSPp6WSofJLJ1mGDhqlvDHbchw=,1271.0
consensus_latency,vwHWcj2K6CUW9Ro+fOH/3dLCNNGPXgzbvbiemPKTbKk=,1271.0
consensus_latency,y6kdAr/zmoM/+Od9Ert/B+eyTtrteui11DkaboKHQ/E=,1271.0
consensus_latency,3fGd3K04VKzDKNK+jhN+QrFzL2UER8qjoXGg75Qc9Ho=,1271.0
consensus_latency,8Yx5h1bR33G+oRtSik6wSWjNhBnKgZjg5dC8nKRN8uw=,1271.0
consensus_latency,+wYanmPbfAWlabDZkSiOQ1ELCS0kWN/DS5fhsogFvtY=,1271.0
consensus_latency,EZsFwTGa+c8H2JLyR+So4S7nSHnM7iGP91dODsF6Gz8=,1121.0
consensus_latency,UhDH0LMiYoiOrLIbf9sjNCHFLzsgclBwJ+whbLN6P2I=,1121.0
consensus_latency,XB3A0o5M8r8Law3vKoxAkZlC7yWHrMwZxojYgqVliCs=,1121.0
consensus_latency,kLpzy6NNGmKyvsA7dacL4/mrZYJ4Mgop1sexu6YBvMg=,1121.0
consensus_latency,de075fmkdTbwB/b4Q7b3mdyOBMEgdtvl+jh5lKs6Ddk=,1104.0
consensus_latency,eM5ibJmShxDN+fkf4oI0kCdow5kRjPxeH8dQLy9A/hU=,1104.0
consensus_latency,f1eVlBeRgZOtD7+9ln1rHHb1UUxShqlLhReX6eJaWzQ=,1104.0
consensus_latency,gyvj9g/NKoC9dFXIEvFwKXUTxY1UF9LkVZx2b7yXtOE=,1104.0
consensus_latency,mYp1q8tQHxXCV8bRZ69EOyYP7iif3BC3xwTDpftDynI=,1104.0
consensus_latency,sQuIPpNDq+BZ4MTaqQifCArvZ6OQ0ceJQyLTwk9VjXs=,1104.0
consensus_latency,3iHpmhD63r16WupHO9jyNO4M19zq/TnUHGZqdPzglaM=,1104.0
consensus_latency,34wn2EjWbo+j82o/TF/WAu6G9UgrfhvW3a8F0tW/qag=,1104.0
consensus_latency,6QPNhJ3kHSYKqCiqh9vms28m5MasmCVn2j3xxymES6A=,1104.0
consensus_latency,+mMZbm+HapncN5xdXcnsdU1SWVWwL+Nw5l7JbPaJfmw=,1104.0
consensus_latency,Te9eIvynGXsRDTDFuKk14Mywq2zFYft/awuEV7LiHz0=,823.0
consensus_latency,hLJYOO7njHJA9YBKaLqaBPqvfuVTZ5PnDWKVjPZkWw0=,823.0
consensus_latency,9ZudTcZnKLET7aqO5H24fuBF/2umPEY/K8WeFhZ4XAI=,823.0
consensus_latency,+0//Lz8nMYM8zYu1wbyjlt5+mu7L+HAAMzDeMOMSonU=,823.0
consensus_latency,EJm6QJlPX3Jimvoqreugje9R9FkeHYyUmeLiv1+ui4M=,850.0
consensus_latency,FpAByWHA/b0AQ/+o+FO3HtoHRSPKIit/x9jwHv6Pjhk=,850.0
consensus_latency,Ktp/PMXVY6/f37WA4SRDBUcggMZAPlsigF6FNjyvjDk=,850.0
consensus_latency,QuU8hIIn+Aof4ZuIAtRiVlXgGHFFgudpdQFaBZgcMeM=,850.0
consensus_latency,agPi2Zj0DHZKHl3SvV8OyqjwF1MC6iRiggl2/XzZ5d4=,850.0
consensus_latency,edV+JMr3YSkjKAZmz/4bnQ850d8bhV0f85wwhwNC+U0=,850.0
consensus_latency,gqfCe6YK+bmQ/UkB/OpcR778rDJmFanIGb3zOMeQSg4=,850.0
consensus_latency,iwriw5Z8n7+2jxDbc+okT75rVrUF92j7Y528GxTbT9U=,850.0
consensus_latency,pBCzwc6SM/pRNZ9j9awS3fj7/X+ebcTUSdEW8jf1DLA=,850.0
consensus_latency,rVhhrUkz1idKEBDyQIB+xVjH4A4OFm74fXXbS16pBuw=,850.0
consensus_latency,rzSFKfwUrJM8vL6mK0QXf2GzezgRuwTAFmJ3Muni1ps=,850.0
consensus_latency,0ak8uxwmEUi4X7+h+LsS9y7kW2kHPSGRMC5LrHT1anY=,850.0
consensus_latency,lH4QifBfg2hUQRKxH4INNXzjMGclIdYLxGPM/8HooZU=,822.0
consensus_latency,oAnMW+EMmt8gO8vNTslfUeYEymE9C6n9jGrGyHD1np4=,822.0
consensus_latency,q5jNz00FuWkXOHSOQSjZQNTUhf3MehwQnBA7AQi95wc=,822.0
consensus_latency,y4bZaVoyHOhFFkviJRM9vAh+lcuu+6CeRv7vFZ/h9ug=,822.0
consensus_latency,5Rkp9idm04gB8WMFo+npdMwp1J2pqTTGF9xEWEfL2GY=,822.0
consensus_latency,Kj7iCbtWxjjMQ5eFciJxr2HeMtQtnOcyHrSrtAa/+9k=,819.0
consensus_latency,MD0UBB1CrKTmtaom2/d9mafHLbJ6povnkZyzmrRj+pM=,819.0
consensus_latency,tVXRFhk5e1Hvo9qM/IKPE+KZmax/r5DRHQeAdfdk2Rk=,819.0
consensus_latency,zNimEm/IXufoHpXi7ZPTXWGpQ5dddVC6z8lJaAbzB04=,819.0
consensus_latency,/KcUMO/CxpLSSYPbkOkSanD0YymfQU7MECLZzQeKJ6g=,819.0
consensus_latency,Exhi24xU1ENwgiDnhKuRx/ibny4wsZtF0px4mLubM5E=,855.0
consensus_latency,IH5g0h09pkaJbA9+A5GCDGFgDWhI5aMIwM2QwA3RRTs=,855.0
consensus_latency,KNQ89h3gzjak8OTUyHfsYV68aSPhrUEuURVmRgHq9wU=,855.0
consensus_latency,KwG+CimNULpHgyV9Gx+JpiOL3mCzTZRnWM8FwFr2w7I=,855.0
consensus_latency,LNUbWYyaG3mMViQgW9z/6KLRY7T7GjFKL5h0qqdBXvQ=,855.0
consensus_latency,OdeMmF9Nr9QNAV6U7N95UqGTMZKLfLa1DbXBsRAI9qw=,855.0
consensus_latency,Qk9xphXhEnc57UTZJd1ZuQ/Co/ErHBy/bOZeEqkLgXw=,855.0
consensus_latency,XLlOI816QrHv1nYqoHV5fAWiVG3Ldzc9ummgnkyKdM0=,855.0
consensus_latency,aUuepz8pFV6Kdwq7MDb3qNiDTC+suObxhjTKkvcQbmQ=,855.0
consensus_latency,dplRo6aSRmr0DmMP36tJMem3HXbO8H2R89Q89pazaps=,855.0
consensus_latency,iVHnkAMPQM6Td0imLtk2maRU0wgzPXmx26mOXCP+UQk=,855.0
consensus_latency,iWhsrOz342LfMm8QjlqGH+7tvGJJVKFKR9odFIqSBaI=,855.0
consensus_latency,kQVvhGVnwwxNp4vP6w6qEH2UGzEWD1clytCjNpfCfbM=,855.0
consensus_latency,n2IFD08h0vVXSb6BF4JTJKhSnKv00sleQApzMEeTpG8=,855.0
consensus_latency,rIZVVy+SOkp7/xUUedgRBrCnWLMs2+9Glcdktn5s5rc=,855.0
consensus_latency,ucuyXB7fA/KorTPXJhZaAOwe69dIprAOnrRCZO8QRMA=,855.0
consensus_latency,35TJFKpAGzjd9jDsJ7I5dUTtQHcjxynQ3oyNY9hkgLc=,855.0
consensus_latency,7FKdNeIxS0pBlAk8dL45H3+pR1GmKCm3lY8KakcBdaI=,855.0
consensus_latency,8ZJC0Uwpujto96SCYrZshGwA8zG/xt0vTC8YNDK5H/U=,855.0
consensus_latency,Bttbjv/ATR/VLgLbH1FBTZeJHvQHYzHmY4Z+Nm6N5zg=,822.0
consensus_latency,IieEVJIbqZurOaiXgClaSNQBvkAf/S+xr4WSUyJul6Y=,822.0
consensus_latency,LYaF8ZwACtAjHX7eBNyY8z8mL6vrOOzto9acwshCIl8=,822.0
consensus_latency,aEZ31fvqH1Q+sIaX3pwWwEMrgSPUR235sWm65EJc8KQ=,822.0
consensus_latency,nHZ2nP23x/tS0EsxK8ZRdk2z6lJsdrClcE20jVAbkMQ=,822.0
consensus_latency,nn1h/bnofbDt1bbDoxbC3onrULoRdCduqLLmjhDFzV4=,822.0
consensus_latency,EFKHYAd9xn95fPG1Fv7+92smcpq2Qmd5t4GWO0R3qwU=,820.0
consensus_latency,QgUpGuMRUE+d5kIVukoh0gLgSRIKEIVDYbR8nX+vbUc=,820.0
consensus_latency,YPkbLzqzDm4yHT5X5f9YIrY7NjEhu4efYtB4+wpvKrI=,820.0
consensus_latency,b7jzw0sJgK2wx3b6k5cswTLLSxKonJwtu08yTZw2kwc=,820.0
consensus_latency,ndwG8j/9aK0y+hGHr6lb01cXdI34PRI6m4x08ojg/xE=,820.0
consensus_latency,8Ar4sYqsz3wzK8WvV50gQVu5S3C7msv/qgQPXBtLxXM=,820.0
consensus_latency,EpYzNjC0y6fCvdwvpzD6q0Mzl/jgHlsylLplBq2362c=,686.0
consensus_latency,TRtSklbdBSSmwczSvK62HugLePgmdFldNcaLybLB++o=,686.0
consensus_latency,TXEMdYzJSwJL3KeAdEfiuS7QZeLVe7l3WPwp99PsqnE=,686.0
consensus_latency,/r2BuVmihTFEeBuAUG/wp4suw6GDkLw2n2B0aZTLUw8=,686.0
consensus_latency,M65yapfHdcrP8be1P7bkvFq48UbsQbjUODZElGp7rqg=,687.0
consensus_latency,cSsUytV9BtZcVArTrP0l9trtOTV0NtiIQk/TJB3Yj1Q=,687.0
consensus_latency,c1Oa07SL/34TwcvKWbVwj0K/MJneiFDdhcBbfWe9yv0=,687.0
consensus_latency,kIMuj1K0CiShvYzyFRMxf1IbLyVy76+QfhuANNGrRok=,687.0
consensus_latency,oNZAolVFZEZCoVyXp8NNtvqXKzbggTwUHQ1qJzDR8Uw=,687.0
consensus_latency,C659SdcyYlt4FijMGKgaFJEPU0Ki6W04W7dL5hpJAb0=,688.0
consensus_latency,LJ+DQUp6As2XcfM/ZA2F2fU5yrn6LAAK2Rp0rE5xCNM=,688.0
consensus_latency,W6zpvJ5S170HaLYySpRtZJ+E4uDZhV8bkdAIav6DsIQ=,688.0
consensus_latency,X9d89aG+FZf4wNM4V2QjwXrJZBnqwRf7SJ72al6MVek=,688.0
consensus_latency,aVkvqZbo+7UNFbzKNSqDmEIBO/UnHevn8D83Ybf/5EA=,685.0
consensus_latency,heAwUzQSYj+ROkG8B1fsx7Xg4OOiYWzPv0xEtG6+aP0=,685.0
consensus_latency,lxWSKNkQ2mLtYOFwBtN7oMSTw1sxOrb2HYMriwRYOXE=,685.0
consensus_latency,qjynmkhgAfQX/GEblwotFZozV3qru5UCiLzsYuj6ue8=,685.0
consensus_latency,3WWnJGjDGF9WVs/DNAbhuazGQRTW6NmucNeSyXylimQ=,685.0
consensus_latency,SYABOR0/0QKoKpQbrTEBihSpz4ZUAVExuc2A70ADI0o=,633.0
consensus_latency,T6FtGKU7MwWkJLhJaf5RxgSGOn9Un2941oa1bNVpEjc=,633.0
consensus_latency,aqbmqfyigf6aXk0dqKPXDSCFY7vCqb7e28CB2MPmZn4=,633.0
consensus_latency,0MAnvcxDANGu0oYLaEYpTIALnk10/opMdxTqITdH5YU=,633.0
consensus_latency,Kg2XYUf0w9C4OWqSGInjRPmEQaxGhHCJsYnYrkJM2eE=,684.0
consensus_latency,Q2Ni+EMl1+AB/k9BrZOgGl8QQW38bdudcuuE24/atcA=,684.0
consensus_latency,e3D3Qyv6TTcuT2qjFjQw6eK3huMc2X0+APTDw8myemo=,684.0
consensus_latency,7/NMGiqAueZjm2B3S5U2WBNzNryauV58gmeMoZ+gbh8=,684.0
consensus_latency,RGzXnpLd6uTVND/P7ogf3uob7lqvXyFDk6xZLi058rs=,630.0
consensus_latency,hsX4KB+SXe1DsBooM/bV63TJkB2fcHSkleiyRnelKnM=,630.0
consensus_latency,ke+G12pi5b9vQyPOXNdJVXUK+miempVaB1YsMCBCt98=,630.0
consensus_latency,wnQ0DVVo5FgweNDf/LovSFGAo8beN6FOOJopi5iYcls=,630.0
consensus_latency,S+18JLeY9yxcYHtkLNCE/WAglHz6R80/fCO56CX40Hs=,636.0
consensus_latency,TmIlHKdroha9eX6aDQmyMUIROtsujtOUJbvxlFmtLAg=,636.0
consensus_latency,piWsYrwUY8GfPXtQcv8P+bt/ja3FGhfTALEXmDohnFk=,636.0
consensus_latency,5haaBPM64FWOYQc+J72qCJTfyTUMAsqzwt6OzLG+hyU=,636.0
consensus_latency,Q4LjxA2PpRSFWlyPhKC1GWLbPnx03ApRMaAf2d8Dpys=,586.0
consensus_latency,V5jq0Krqy9XTQzJhd0oVVrD2nADtoYit2Yh5P55B5A8=,586.0
consensus_latency,ZkdpkHQSx7bYPFkgt9OBKyCQteOLJV9XXApn5Oko6Lg=,586.0
consensus_latency,sfCNsyw6K7iFV2YjkifF6Un9AfGqRctbWk6NjU/EUxo=,586.0
consensus_latency,uFh0VgeITPvXaAWcL7cDUUvbTvD1c/VsboXbKZXqhnM=,586.0
consensus_latency,EX7fo024p08oQED1MQPl/XV11QZnbcYXStYg8VO3Dpw=,585.0
consensus_latency,Tzrz0MKTIDsGtsxTrNTR4+9WJAWLS8kqeBqpeQQGX04=,585.0
consensus_latency,sQXyOQb0hjEjW555KohUe8lt3lR28tKWFdLYbFPenw0=,585.0
consensus_latency,vOXWP8ejiQpQzyBth3zgLpBDVB2KM9ri0rSZlWDyB7M=,585.0
consensus_latency,GnCm2kYD886oP2+8ufh9PEAz1cxGJwWCpV36kszXzqc=,587.0
consensus_latency,ZNdu5t64rOeZQgWIfOmOIigpyT+i9P8MEkz1EY1qSv0=,587.0
consensus_latency,yHxqeEektrMwUowUA4mcXPn09Y4/j4tobZPuD4Ixz8Q=,587.0
consensus_latency,7yyvJ2KNjaXNQTisbeZr5/rAcCMqWt1DnTVt3jHzDLo=,587.0
consensus_latency,GY02WxhFrHTZZiah7l6gR2bDd9EhhsdKVP+rl2g/lEQ=,612.0
consensus_latency,HQl+wnFZqVlDhOIHKmRP0We2zjgJy6qJp7NG9peKZgI=,612.0
consensus_latency,NL87OmYxrB4x6bzRE28lzqehZ/ipr5zHR9S8dXQlVaE=,612.0
consensus_latency,w/gX8AX59nCJrVsGLQXY+abx5aq5JMJz97WsxpZ5sBo=,612.0
consensus_latency,yyJZzXk+ta6ka0hbBBnWOnyGz02ppHJLeF7kaKYt5LA=,612.0
consensus_latency,1zCaOadho7VjlpmNeT/blS0N6jRxF10NTbo8HWinAEo=,612.0
consensus_latency,6dfOe1a/HPWfqJ0KHHAIF1TT2S1EX3ugv9cA+EET1iA=,612.0
consensus_latency,PPKCIF1MjMqgRw6xLOtMNxe91HOA7GD+GYSysQFnxtM=,587.0
consensus_latency,W+m1gIXp3ihXxyGiLcdlWRZ+/C5nDI8n37Hs+NYIpkw=,587.0
consensus_latency,gH/t7BKob8yER2qxEvBtjWGg1PYRIPp2rv8q4dKOmqM=,587.0
consensus_latency,u6spwmwIoDqLwX5ljwvHY2xcJaQooPXZncdkkr+OlcY=,587.0
consensus_latency,wOrVN0sxcv66rsEwXeLYHGGnanYhIUg7CRIBg/92pDM=,587.0
consensus_latency,RQxztyj4TcjsBK0RjCm76MH+Us4LLl2PWs+LdrSErSk=,587.0
consensus_latency,VKCg0Iq8JoYTdg06MW1UZAO9lppHpOxmPBhRIdQ084c=,587.0
consensus_latency,cJqPVLYfDMUpMn4dpulFBMGOfg9wh92jUc+MM/NaCg0=,587.0
consensus_latency,h8swlngLSURp5cmRsWj4ZH4ptB50DiHb0XbLxKypgnI=,587.0
consensus_latency,J2un0aKvbCdQLGrjiqqMnRyWucrMzCP/7atK/XPSzxk=,586.0
consensus_latency,QTk2Cp3Gkkb3RwQmoAe9huzoffAe+b4msxGFpNJvGpg=,586.0
consensus_latency,ZvnXB5PUuIqUsb2X3BlJvBgC5J0UeEuTmX/3Y5lztk4=,586.0
consensus_latency,nwpUTrCcgdsOTVcgVhqNzSDJfretrv0IR86XoHYahw0=,586.0
consensus_latency,oGSIIXIZELgXRVHWSq0oZC/HF2orbgfx60tSjhscTxo=,586.0
consensus_latency,EdYbTnAqhiGpErRFHQ0S4gnXuFew5lZg/PUPLYobwsU=,380.0
consensus_latency,uJgBwCtiuzuGpdAFz2irYwS5OeJn2SEHPgv/dL4bMow=,380.0
consensus_latency,9lapA0qUaRJQvCjHSPrWRAI4Qu2BiAf0ITNjjW0fuVM=,380.0
consensus_latency,//3xz4VirkVvaV7sxr31X6Ck891N72jI4UTl/7kzkJ4=,380.0
consensus_latency,EbSx8GarfgcPZwNbBVHhLkONzFj8QzGM+vDCu+gdT04=,1761.0
consensus_latency,O1L3RFD4bbHKMLLIGqW5Tg4xPrrmFU8gw4Vwl+svkMA=,1761.0
consensus_latency,ZWfRhh+TFrtcpWOxJevHjdRuvCQVc9TBk+VJwSAeb3o=,1761.0
consensus_latency,dJ2FWmK71S8NNFHhnOKNkmd/UZHSaJ2dVSt97qBtxsY=,1761.0
consensus_latency,g0d2zlupMQacgZQNGBdHaJ/vr2EdxX3GiCtC/QgEgGo=,1761.0
consensus_latency,htFYX6X10gc/GadU7mAj2AYpPxAq4TUCm+vud2QrE2Q=,1761.0
consensus_latency,kLR6opTjtug1+iqOMStlYVOzOO7FJuMmm46funLItMA=,1761.0
consensus_latency,npXctM4KQaL9Mq/ISQM3t2j8phXU58CwBvFa2zIz28Y=,1761.0
consensus_latency,r6eb9qbET1CP9DI1NaEkle0MBcLIvaIFVq5oTWmYq0Q=,1761.0
consensus_latency,uSXVu/NrjIftXq4+arGtJN8y21fpiSg0QeOrHjlykS0=,1761.0
consensus_latency,5hX7gpaGm//rP25n34i1d6XsxXVywPEcS+hZeZymqes=,1761.0
consensus_latency,6PBJF19BM7vyb28q/4MgWHCvYrMdVfsNVYfFEVc0ybQ=,1761.0
consensus_latency,9Objw6wP6XmntFlMW0zUQsF51FAQoHrE2qYA0BHZsKY=,1761.0
consensus_latency,/V8qHizSCdqscvJNrJrExGKpJH9+WYtSfK9Aq+qv3zA=,1761.0
consensus_latency,MyiFzUuTZLpjhAaQSeuAgSv/6H8mC5PoutllNemqhrI=,1765.0
consensus_latency,WM8E5TszQg4eaQMpsoojuHaXisCiV32glLE9n7VO6Sg=,1765.0
consensus_latency,fJeqVR4X20t3+uC45z6ljPFgs0ZkTLzODrE+eMDpxw8=,1765.0
consensus_latency,jm+TVLrnnoO4nTB8ZfhRnhjb91Qs5vWofq0E/GvwiVA=,1765.0
consensus_latency,nSpyiu4aBBL9ThY+jrfkhin3v0lKJlJpa2nCThBTZv0=,1765.0
consensus_latency,8oefQJBAe+egpgHiW0GTi5x0+dz08XB0yR4K/mUHgbI=,1765.0
consensus_latency,AbpmNtzC9AO1po0K4PRTl+z/P+M1VNAELwOFtDKGscc=,1473.0
consensus_latency,Nuh0YEwrP1KtLo1JsJPQFC6T/mIHI2yCCV7WVswn4gU=,1473.0
consensus_latency,Of9uylk3PR+QjanRPxpP5ZrdxL9BbdQRAErPHKWYuGE=,1473.0
consensus_latency,av5EeXLw+9oRHU5gLiQVD0PDvS6l7JPOvJkeiCqTr3I=,1473.0
consensus_latency,rqMiOzO0dTGjw+q+ol8pyy32Hm1s4KkJP+0nEtkdJd8=,1473.0
consensus_latency,uF8p7RxePDFZlu09XcxeyDVc6AHmmpAGYRvtWMBa+j4=,1473.0
consensus_latency,wB8OPYustVdh8Hn7LPo6hzuNm7nBJLq8GnUf+GmbolM=,1472.0
consensus_latency,3nW0ieQ3HJUzGo8V/A1DyUvfhei8Y5GTNsgWZvTcYjU=,1472.0
consensus_latency,9g6DQ2THwoR8kc6R9iJEx/YqmjEBAk5jqC9kh5rsAXg=,1472.0
consensus_latency,DkAXGID+sMMJKWBvv9uwWo2SnhJH7TCxKQXl1RAx/f8=,1523.0
consensus_latency,OkIX/TTzTAhN0e0VJBV1VpTGyjVUAf8O/3f9L8RBGWs=,1523.0
consensus_latency,Vp6aCT/m0+e1AShRAbtUX4MrL+sz45WUL3SovPJqaVM=,1523.0
consensus_latency,hylj61LzElEkpDUAhd5qX/yl/D53L2lYag2TJn2+xuo=,1523.0
consensus_latency,pMCrBOTMV9guqKiTpzhuw3qvWPA7iVGnkkQnBcI77DE=,1523.0
consensus_latency,pgNLnF30n1QT5idOIA5/6Bj4PLSo2Qzk3S3S5stg2IE=,1523.0
consensus_latency,q6RJFyDUbSnK7mozfrLUleswtE4b6vY9x0EHaGYaPvk=,1523.0
consensus_latency,vmrROGjDNfDPW7gGepmhvk+lWOVrYTZJhBvHm+D2UTk=,1523.0
consensus_latency,0MCM+IJcZi2ivgiiZ0xS/P1SjUkSrP7ity+sTVKrNi8=,1523.0
consensus_latency,HV7bI0vNScUf4AZOMcsZ7e49+6hRCUu0sv87v4mF2PU=,1528.0
consensus_latency,L1lH3qHqs9TJGy5SWbn10/1Abd/V/0z5ZWhEKqyg/J4=,1528.0
consensus_latency,6f4C2DsuKEnn11Oj3F4KfTel6CYxTpuaNE+mulusc2A=,1528.0
consensus_latency,8WoyP4GV+nh8SnPFja6WMim5fdncE8COOYf15ItAgkM=,1528.0
consensus_latency,Yn4tSTzcD4pu/xzg4HNX5ccagbbSHSM589bfNjcri5A=,1529.0
consensus_latency,vd421jF9ZKgyZ+QMrzzkavDwmrfH280gobnd33agLTk=,1529.0
consensus_latency,714EIIjsOu4z3qX46w6Baps7Vkts3RT7MHTY7LPbwdM=,1529.0
consensus_latency,/6MO0pNN3y4llj5Dki/PTj1i7P7zk7hQ30V1cmd3Q5c=,1529.0
consensus_latency,JxSYnibtDvwUPFGfJcuutpqoj1VXjdn/Mrmh8RzPojc=,1526.0
consensus_latency,KYJEgUA2CcY0zmJT7L+Q0VEiPaJnSsh5mcNhvsAX4rU=,1526.0
consensus_latency,M3Gav0Fzvp4GhmEdaG1MTNetWsoaL0ygi2wcTvs9CuE=,1526.0
consensus_latency,YEV1Qa4KEbRfEBDhKi/TOrPmetHi6O715GmQJVlcPMQ=,1526.0
consensus_latency,dkAOzi2gPn7dewgPpEj1REF1k4eQ2G6JxIsCCcI976Q=,1526.0
consensus_latency,lwu+8JuXLql2SKnM4s8zRoqz+qr6u7IVH/Hdmw5z1rg=,1526.0
consensus_latency,pZWZQXPmggzuq3NQdw8Xs5/jqoJb+3NRw0X4QjlS/qs=,1526.0
consensus_latency,uR7E4E5asIvOjgCqmy8ZXglS/bXVvvisNGtHkK9TxHs=,1526.0
consensus_latency,uZC7ITPyNpu4lPZaGVvyaBgs2SxmAmFvnHRJ/DXM7o4=,1526.0
consensus_latency,eE5ae+2/mxucYQt4Shj9VzzpUfbbr8+ehLV/1c+ORv0=,1530.0
consensus_latency,iDikRzUpiGBm82cv2GPRuge4I4C3h6Kt+aSlQISqez8=,1530.0
consensus_latency,3/GMVHjwhXYwyf2ExrL9eVWHZHyoMMzzb8EPZj5+SAo=,1530.0
consensus_latency,/5U73L+Ud10HetAiL1FrrxG0c0MaCxNOagG4OWu9sns=,1529.0
consensus_latency,GWzfKsWdrfmXIwEhgM1/CpU7rLUtQMInajX42T1ltvw=,1526.0
consensus_latency,cY09qMhZzNaEPjjPO9fxJEQLNnnCwlWaBBKA0NdKebw=,1526.0
consensus_latency,iXeZkwFraqrbvuqYtiAdKxygCb3p+0qEppDB5zOCk/w=,1526.0
consensus_latency,5Iro5wODzGjTwDQh+h0Q7YHbZ3Bgz5kpYJE8qvbXSE4=,1526.0
consensus_latency,DMI2VhTB5aVKD1qy5B28Grb124uDbk4pp3aBh18Tw/M=,1527.0
consensus_latency,dKb0xwXj5f/LbJOjB7gKByNe4iDK7wEeYBn5GE40rt8=,1527.0
consensus_latency,m6B7lREriK/yN+AP3WvFGECOVvVmK22/5K3CxSyXAiM=,1527.0
consensus_latency,6OqZNvHKegYa0WTQVUxMPSPO+mKY7g/tSyzwWe565SM=,1527.0
consensus_latency,BveyAslqM1NtAq0SYWr5S7QbJx8c/WssO+EKGxR6g6Y=,1301.0
consensus_latency,Nu7BnX8x6As6D5NecXJt41KBvuhJvoh9VLsg5PpsEts=,1301.0
consensus_latency,OfYyN/TD0dmpPqFSQ2pPDqUzaqmu/EHXhzVRQQprjVQ=,1301.0
consensus_latency,dAWIvdLYc9oxGF6+dGqVvCsrdi1Xkm9lKfFxGxAQJp8=,1301.0
consensus_latency,mKrOg3Gp4qeK2QNXkXqfp0r39D5NttCRDYMWI0Dv93w=,1301.0
consensus_latency,mfICsNUU1uSjoMVtUj9Q/7E4ORkcOM8AN2QcnI/y0l8=,1304.0
consensus_latency,nUMLSnC00fs+Pvm9Qa5zFUKTL4XVhFShYNDijeWg/wc=,1304.0
consensus_latency,pWbmG2li7JtHCX+nuwaHeJOBVuvIknJ28BQmi8OcOk4=,1304.0
consensus_latency,5nHlZIJqzH4r3PT0UIXKt2dLSVBTn46Y/FAyBHvH/Xs=,1304.0
consensus_latency,BGZMVavJ65+8Nomd/XGGfiEAwpedC3KlauZYCJPAq2g=,1356.0
consensus_latency,rxdD4ir+TwopMkl7GcaLt6QQEOy3EoAfL3ilaLBbskw=,1356.0
consensus_latency,sX5/E9wzIGfHnsBcp8E5YCDQLB/6dtAeHpErXCRQ2Ss=,1356.0
consensus_latency,yrTnYs265wpFrEeceIrauP20EfQFVds0VwaXU8iUu6o=,1356.0
consensus_latency,+9C3I2sPsj40AyrJv0AuEKoMxiyi5yDIvfJmK5dbPRw=,1356.0
consensus_latency,BBWZM98M45I5ZIX1G4g5qDu2LWzolH11IUpG2iQqwhI=,1355.0
consensus_latency,N7BDxPTrMjRJxTzex0qX99P2w1zVzBYvtN1yWjddB0w=,1355.0
consensus_latency,PiUob9jc6ZThvF8bYYCisgqkobrYnddbWO1ppbvxTdI=,1355.0
consensus_latency,x1SwQhefqWwyuS/Z3HXml+kIFFji+9514I4kse0mH6Y=,1355.0
consensus_latency,lhPJTFLoxwaSldHr4Z3MF716tHNxQGeQpUlblGhnX/g=,1355.0
consensus_latency,obLZU0XUo8fdtf3E+1G1XLzkB1lz4veO3j+A5RCaDzk=,1355.0
consensus_latency,ozJAK8HnUj4BMsnxiRaVdz7PHzTz0TDDO1cyikyBse8=,1355.0
consensus_latency,qIhxlC30ccuhTSgGQ0r+Y18J4kDJIpy0yOJ7Gq0fMMM=,1355.0
consensus_latency,1KAImZuX80CAxoTWFj+o9zl2jjXiJ/rob86Eg3JgcO0=,1355.0
consensus_latency,GSlLqgU8kAvVcvekhf25nPfw/35yPSyUdnwESWn5U4o=,1353.0
consensus_latency,MZt79KiYEaSBS/OkpOTh2jVP00xhl1cVIkG3tk+HMPE=,1353.0
consensus_latency,Ocyfwz9H2S354pb2F3LWOp/OxLqQUohDPo1Md/KuASw=,1353.0
consensus_latency,P5mOgS60mMj/+tp8dLG6IN4gu1MUmLpqw4+VJ/md0j0=,1353.0
consensus_latency,HqDO/BEcaGCzEIjoUingHDrxM1jnqi0IVL1EYHrIbTc=,1300.0
consensus_latency,Ip49oFAv7ezvslN1/EWTwukvjtsV+oNQlTtLol12KOE=,1300.0
consensus_latency,JOVO03bpoDgWAlriJypfqP42h4THZv0cx6q2ixDXkjo=,1300.0
consensus_latency,dFmeJDfrGI4yLvQWq6GyqWPtiVkSMdmRNrXKBfpg7uM=,1300.0
consensus_latency,IFus0xYlgEpZxFAES0g8IVRM6OBKXb1I5zMHs2uO7Jg=,1355.0
consensus_latency,LKNdPOxUWDuiMQ7M6r6bfya5B2C7yUiqS0+eGTquYbk=,1355.0
consensus_latency,pKd8IC9geLA0JFYF6EOh0+D+/SFFumwhiwBBgBXKDO8=,1355.0
consensus_latency,5lX0f8vnJzNYkngdjAh746HYiGvdMwUssQbiUJd0Nz4=,1355.0
consensus_latency,+RxchtuMSsAxz2t23hX05IKs/xKYHrRAM8H9KGPwbEE=,1354.0
consensus_latency,BX2BQIMdt2Hb8iDWFGKKZYHITCwChp2cw5bDPyZzIA0=,1280.0
consensus_latency,DBmWVPsE+3Yz9Hjjpt6ZWDnELZfg4j+TRxHuP8EbrOo=,1280.0
consensus_latency,YJRHJvV3WjcKDNOQvFgk5jdDb6Y7hlGXur84p11oMZo=,1280.0
consensus_latency,koxFnswxsZyvJNdJB16omUkmHxEasDYe35jFYIn8mJM=,1280.0
consensus_latency,+lP4Ifg/83sMwQPlHSsToUYzrLHROuOA4fcA51aWZ40=,1280.0
consensus_latency,EBoW2UfBKhXbXvRNJWG76c5IamR8WjSHT0IDAIOPbO0=,1278.0
consensus_latency,VlcmLMqWKVSfpBYppjHE5hvYCXZx67Myl705wh6qDQE=,1278.0
consensus_latency,Ww4g/9TYyo7yvXvQA/X8pE9XA5t8jGIXWv7G8Hae5g0=,1278.0
consensus_latency,YBRZBIHcwZicmMyIaDmjgu2lxFsVgBWpTrW0bfS8PyQ=,1278.0
consensus_latency,BYUDVLscVBlh4OqaBMF4MOR5tGnPUBPCj+8JBYBEn6o=,1277.0
consensus_latency,lZ2o57Z7Gpdz543JCL1sI0GKU5tSsSCZL54aiqieqy4=,1277.0
consensus_latency,t0MxAFjB9EMs/YzXtQGXSb93+T1EE8Tb2anUNpbWDlc=,1277.0
consensus_latency,u/5l1U+iBEpURbGogc9hbakPw0iYdfEF1WZFDr+r6Qc=,1276.0
consensus_latency,XpHfRSlmzBnxbUl3DC2zMQTlneK2src0B7LspYNlOik=,1278.0
consensus_latency,qePe14UpGSEoEdqSxW2q0YodoFivbXAPzQ6t2E6CwqY=,1278.0
consensus_latency,t0IUseECeeQ9jMyf1vUOcEOKxoT8qdT/iMlGptqpQvw=,1278.0
consensus_latency,xFfY4W60mCtBTLK1o2g4q6pfTZaSJ8dqM8J08h/h2Pw=,1278.0
consensus_latency,x7sBHWH22i4IHe48NFURBw7qT6UsrdReyqTpIwd3w8I=,1278.0
consensus_latency,JS/eH0o6wBKhHLDddSlR+K4qVeM/zGQMmiNdgtomk5k=,1277.0
consensus_latency,KOBLoNDnllGDRYoIS2F+MiBBA6r4G1nIThbw5SoN0bg=,1277.0
consensus_latency,ahMGiE/jITf8GXAmZyhAJFGoyGpYfPNoz0lQ0ITOPkY=,1277.0
consensus_latency,zEaPbPy1Itilyxg5EcR0Cj0oe4pRim7Y8R44rluqKsc=,1277.0
consensus_latency,MXu2x1cmN0lgGaw46G1MfJ8kJOsE1DFaQSJKfvM17JM=,1281.0
consensus_latency,dPZgj4e/EWr3IGlp5KpmoBUsoaaAUuKeKtRXJKLRIVU=,1281.0
consensus_latency,iWPDa1b+W+V8GY8KIN9PNNGy9VIfPHnI9tnWIYvCRlM=,1281.0
consensus_latency,1IbxOwy/71hr/x4vzEtDK/DTvqW2k/wpsVYzvodZiZU=,1281.0
consensus_latency,5tLbqdvkWURXkTUub0uuF7oeg1NsHUAh7nRd9FCm+fI=,1281.0
consensus_latency,D3rRZIMZ7KeQk85Se4EkjSZz1ERC7mwfadNKqhVY+e8=,1290.0
consensus_latency,P7gYYYX2KnfQoKvwCP3BIn5W1m2c/dRJTjDlPQhci8U=,1290.0
consensus_latency,Q0YcqkZID3CodmzOxFVVzs4An4gvoK3LRQOmYKVwWIc=,1290.0
consensus_latency,i4j+CcnybuAy+d5hpZLlrHzlTDNaQHu4YOfvcyt1YGM=,1290.0
consensus_latency,k1pb7mjIpZGUed+MIukeym8BTkABbQjf3dleNJVCh7s=,1290.0
consensus_latency,wIFAI/UvKRPX3WUayQe1tazWQWJXak5DeRr0dHG1xZY=,1290.0
consensus_latency,4JMz5V1iim2bPg0o7FH2bHP6YuCiK1ZZ5vFWi6FLld4=,1290.0
consensus_latency,HJjUh5kkc192rQtNXJwZtVRRb7PMBuOIoZ3wys0RM18=,1292.0
consensus_latency,HOuYfA18lCXowTRTyedMO6CWLcw0ONVhTT5MX0RKbAw=,1292.0
consensus_latency,NUu7Dgmfbd4SenM0zllEqs2/rTCr2UsceTCJRA2aTE0=,1292.0
consensus_latency,PjZiA86F4k70tVvx/CItN7uCsHI56UYWmnOELMSJ2Gg=,1292.0
consensus_latency,V4IQJdUifHRsnpFivTFkm3RWmT7YHHvazwZSjsohjqc=,1292.0
consensus_latency,WmPtz0rPGLB1DrjEbFDE0FggLRypeFLDvOyJf4AdIqQ=,1292.0
consensus_latency,wXryxKV8sBgNI1FPhuIAng5p0W6p5fO+ly7AySTxWEc=,1292.0
consensus_latency,4qnD+NhqWmqcZ1R4nW4CM4cQl71Yg4FOzFgIdwyV5uM=,1292.0
consensus_latency,FqN9dZxZOO6idwBGsBkfE0MxM7pbLw9FgXylAgN/R5g=,1291.0
consensus_latency,FxFz2J0mK+h0B+8wTJptNfE2gG2GHFnrDKqmGCoiCVo=,1291.0
consensus_latency,LJoYguyB793SDsOBSFdaVxmEcPnxOmxd1Vy7YP6wOWI=,1291.0
consensus_latency,M+Q7dbN5jznl0VuZnOwi6UO8BfJldocC61EahFz2oss=,1292.0
consensus_latency,RAB3G3WLoB+l1cS8WXh3mXUCGnZLEwjDLS3v4NNe6o0=,1292.0
consensus_latency,R+/h9k2G2VwOquALp42/0SxPjFiLt7xuwKeBFAWIImU=,1292.0
consensus_latency,TsqSC97T/3h2PVtEff2b9eygomHFMBZdwF3Ynx6Sh+Y=,1292.0
consensus_latency,WmIwWcZLUAKrYi2LiEZaKrxjfTD2hIfOSYfx9hdBHys=,1292.0
consensus_latency,c+qEiQgi7JWCp5Lh5dObZeySv9Au8pW0+hRGMGKlomw=,1292.0
consensus_latency,kYZf5IBdu5yHVe8Mco4EoHXrl1Q/C1EEmvVqIGsnzBs=,1292.0
consensus_latency,nQ+PPWhsfXHAt3WZc2Yz6vbdnSi6PwkDGl5WbqNHtfs=,1292.0
consensus_latency,z0keAGKdsoEcwmCu/W07+DwCClOccTBNdvjYwOzoEAY=,1292.0
consensus_latency,1eoyOAB2fyNI3nNdPGirwviq2anqZm4+/FJPd8CDDCY=,1292.0
consensus_latency,2h+bJUf5se8bOKSWHDHOtgztKQUKODLOWqtdZRnREJ4=,1292.0
consensus_latency,5A7vf7oosSGN24ymCSopIQ4zCucqyyuhPsOaxAa9RSg=,1292.0
consensus_latency,5OP4IPU73AUYt1WlDQ/g6OzptbJKqD+4zre6tGzxlNg=,1292.0
consensus_latency,8piivWbhm42m1z0TdWX6LVky5N/uns8LdLeRYmrbDNw=,1292.0
consensus_latency,9G/afyzE5wnz7kHRsG9llVtbA2Viak5x+teX7zJNeR0=,1292.0
consensus_latency,X+YLfZ3PlsZdZRjcGWLZ/B1twSt70T8ExgYkvIQd3pk=,1024.0
consensus_latency,Yblu4mAKCrr3aJGSmIZ+6EUPes5hefBGEfvi5XHumAU=,1024.0
consensus_latency,kpuaatqhZKcwDaXyCYrJRBD/cIOeVQUxEYv+rTFiAnE=,1024.0
consensus_latency,qS9S2WOAPPQ4+vGsia+THKS68H4/NjPOt4AEK/QDJGY=,1024.0
consensus_latency,rZZZO5eoiyfnUZv80ciWChVN1z2vRMQ6Hn9uNnCoAi0=,1024.0
consensus_latency,wmww7xOCIWHxbJZ8UoV4DCoNywy7SnK8b7OXKsSVn90=,1024.0
consensus_latency,Lpiz1Fsh8z+a+upyuBqqAqbLNyirqi1zEpmdUi3xRZg=,1063.0
consensus_latency,kLH348yrMs+zcViQCXYmca/SiTtDSEZCoow3ObefBJc=,1063.0
consensus_latency,uY5MsYBTkPQcaR6a5XAxbKVnnsN/dQz2/xm5P5HHNpM=,1062.0
consensus_latency,vtJTQPmapq0XHxib0kEWHGtXnO8zbf5BtPlEYWMhOxA=,1062.0
consensus_latency,CwkapXXtXQOBc6SXL3OeeeoB+MG9JYwgEUDE2h/35DM=,1064.0
consensus_latency,DFqr4DSNPI2f5xLlAAZR86yljh9WOmre+S+iIq1d+Is=,1064.0
consensus_latency,HouiYot6ssbk6JayDA+IQzygu11TOXt2Xoajam25g0M=,1064.0
consensus_latency,XZ9gKPNQqFn1yWSejAyxsbmOO/MLQvECfpidJkBnuLY=,1064.0
consensus_latency,ZZ3ZY5QLep4qaASk8ZRrNzNuj7m1f9LwQVoRa9s+hwc=,1064.0
consensus_latency,br5wOADmVuxdJWtE+rcK6JzlE44Y2j9rf9xnjmbh8v4=,1064.0
consensus_latency,c/sqUrgAv74tWFM3IfLx4KTiP4nJYIPrjycYvLqgmjY=,1064.0
consensus_latency,lvuSZfl8SL8qKhZGCQnoLyeOn8VDx/ktmVuDdhc0SbM=,1064.0
consensus_latency,ph1X2uwpzSK8rIMDAzyKTo0HVkxmqCCunu8bRBA6xyM=,1064.0
consensus_latency,sPdG66UxhXK9VdpOyrvr0zCbgdeRVgv/oddcn7qHByU=,1064.0
consensus_latency,tYH5Q6COpe/qbKIV3/U1gLZI/HiLPzzprVXtFFJOvTg=,1064.0
consensus_latency,AEjeXLcg3MoVewf125jvFTETO5GBss57/Xa4pGHkPR0=,1010.0
consensus_latency,NtKIjOh+qZBtMIKuFenxxvLR7ybWdWVbjnsVZqOh+6k=,1010.0
consensus_latency,aKVSC1uw/0g3hrXZ4pc1dpeUFMXl4B0SkrNfVgNi1lE=,1010.0
consensus_latency,0fqKtoFlAL1DR2p9e+rUiDSe6ufq11sI4RnBH8o+Gxs=,1010.0
consensus_latency,7Ee6BWEgB26/gr1kyjy/GF6tL2R7dKexUf/6XU9/Fr8=,1010.0
consensus_latency,FNYIdwBgyE49J+/+5DqmwfSYiQB4xHja2zsDOYEXhaQ=,1022.0
consensus_latency,Tdya9/VToWa+g4m7ASMkzmp2gEBAAfDkcpIvvw0yDA0=,1022.0
consensus_latency,fH+C5nGY99jWsr4IyfDW6PxFeFEG4EeqqhtKRjPlMPQ=,1022.0
consensus_latency,pz0OqXic2xypaU8CFiCToL82fovN6z3v0N7NMS99GKo=,1022.0
consensus_latency,qTSj0gTmbdbxu5wGAMVRMT10VN3e07BrYVcurAJ66dI=,1022.0
consensus_latency,8InB0hMf/ZiHklZ1RxPVJEVmDGziWpY8H40SByVGgwY=,1022.0
consensus_latency,J9s7xGLpj8q9IEd4E2FXNfhasLjAsJF7v16KFeQPYfw=,1025.0
consensus_latency,RBdDGbEVGpHaOge3VgGvWiEt5HKv+1l2/PX4jXpDpBI=,1025.0
consensus_latency,i+L9c95hdt1odM9tGecMZlW6beMXRuH5ORhCNW6LiMM=,1025.0
consensus_latency,sH/2qyjfMeQACwxPwKoGGlJFqLkgmU0NDspksZlWlmI=,1025.0
consensus_latency,2hVyE+qfZliEMJFZdubJX3NabV6w8B40/g/tJodyyRA=,1025.0
consensus_latency,7GWjSRpEJEnNRwyTDMgKK7GOfDshrGsJM1tqknFysCk=,1025.0
consensus_latency,FidqlZg4pdsX27Oeo6iedRjybPUkl7tWla13oPeyBEE=,1069.0
consensus_latency,F4bYgOVu2JX0h6Zwbw7xJL907mBfvasGZRC1/rhlNME=,1069.0
consensus_latency,Gliik4u+CcpU3+pJ3reqDZR6F1EfjoFvk+MoyLBv2IA=,1069.0
consensus_latency,HHjpbaobaqI1ZGdDUXFZ4/BT2diQ4unU6Ynv4PhvDD8=,1069.0
consensus_latency,LZ3SutUHOhX5DUir4KOYhkg53yITkUd8HSE2WxqKqLw=,1069.0
consensus_latency,LvupKFQsR/PbZelDFNLf6Dtc5ePTBUbumYIydelOvYQ=,1069.0
consensus_latency,MN2HQHmyvjmiowEL/iTUrw4e8Njbz+xh4yKhjUysWIE=,1069.0
consensus_latency,No0EYDsLgVxgCZfHW+J8B5k+SK/eQF/wo24fzZgMBNg=,1069.0
consensus_latency,OSby1a2lh32gZeMArZbYADQNfAUsX0Raa2llb1fYQso=,1069.0
consensus_latency,SKsalFXiBhc+fWop8uHgOeFu7jg6un9PnpmdP/wP900=,1069.0
consensus_latency,VYhdYuRgGxaqfpkvk9owX/A2ELMIW1ECp/Iv4kffj3c=,1069.0
consensus_latency,dqfVvVPxu20QyztZC14C6n9upkkn3SjDmc2jBYTZZ+A=,1069.0
consensus_latency,ds+/Z6zWQ3pI5rnA3mZwIzK8qBD3vCoy51BiLi0Q4F8=,1069.0
consensus_latency,iCiQfyfZcH0MURTWCrHGlGxlZBxxSa/vCtoI9D/R28w=,1069.0
consensus_latency,ijQ2OdWz/WoUyBgwP9mIyZLq61aXNvadqmFdkooOBLw=,1069.0
consensus_latency,k75ejlB1atGqnc8OyUEilEXFsMinyO3NO5/WicF0iFw=,1069.0
consensus_latency,lTcCsUkiJZleGBMJP+4BJQ+HzYp5GXkZ3XjjEGcQoSI=,1069.0
consensus_latency,qMVmRiOJw/2Yik//BEXF8tTD2NO5wxdWNG6e0+RB9uc=,1069.0
consensus_latency,solYzSwrxDyK3XnpyB3lEqxZud7Pw2uhCSFv/CTzO/E=,1069.0
consensus_latency,tVp/0e6gb+BQZwLaYCdbhDdeQu803QjeORXiEZN2T4U=,1069.0
consensus_latency,uaHAOTQqAbqGXwLHPAPW43GCbY8uKtC7j/KBKuT0TbM=,1069.0
consensus_latency,vjUTs7kH6oDCRL0/hqAB2hKb57tc4YKF9mnCxkCNQGo=,1069.0
consensus_latency,wGPn4DwAIPDDZqjcA9YUdiVqM9ee8NAzV/qrzkJMZeM=,1069.0
consensus_latency,xxGKy3VorD7YlZ/Uq2/d+6hqOJgR2hElm7JAJdy5pV8=,1069.0
consensus_latency,yPOyXA9b86mUamNSTuooCQIefohQfIo0hid4TndZjL0=,1069.0
consensus_latency,zcSLcxZDg3b/TWqr1MKXW9bAhWMz0LyLM47tUPvgiYo=,1069.0
consensus_latency,zta6pnf+FfYtfoqfe6ScO6BjMc3mGnoQVSJM7qUT/A8=,1069.0
consensus_latency,4vAtfm2w18rS/K+HITgukmAnEL9CYG7iZjZO6388w30=,1069.0
consensus_latency,66W0Svk0jglUOEot3yAXPTJYkohjwgQ/J51k/noZE+M=,1069.0
consensus_latency,/MU/PJiS5fS0BCvJNgncbqemFNRnr42KmBwagVPR6Hs=,1069.0
consensus_latency,/TP8IBrXw5SEkPUinlbGYshap1RFJ+YKdkPeuC7o6p4=,1069.0
consensus_latency,ArXcdo1qB2XqEQ/tutZocirhqg76rBIQW697uoE4IOk=,1026.0
consensus_latency,EWIOSvu8Dcw1ykvvnI0pXg2UJFolBxnKQdtxxzN5sKo=,1026.0
consensus_latency,Qz2b4VPVI0bgPkiM50wbJHaKMF8KpqA18Ywp5QIAAGI=,1026.0
consensus_latency,blaX+EfqIZmn1sVRjwv/5tseVCtw1M9mGxwybLrHURA=,1026.0
consensus_latency,hnFbjUjFkClzCNfWklGFjEyw08HbEc9a8NmAC8mMzY0=,1026.0
consensus_latency,C3WtUwk/cRwhKu3KPFxogBCYk/osE0MNu13fg9tDuFA=,1025.0
consensus_latency,K/3Ut9Wu37SmmIm+Q7nn8bV2Y65C9PpGkg77YZWM/9s=,1025.0
consensus_latency,LJKr//rQ/7SMas4rVK9zMCuPh2zkhmjisbJB140dmVU=,1025.0
consensus_latency,MoiMe+Rn+4qoRJFA8HfxyxyVApMcLVkd18NQnOhfMKg=,1025.0
consensus_latency,J9vamH1bnmAhbv9G3Qnjv9pEwqqXjqSoI6eILRT6K9k=,833.0
consensus_latency,YtEhYsAMk0gSOVBFL6y9sOtJbBDCdItvbdIVc1n791Q=,833.0
consensus_latency,y4a3eJje6BlO0pN0preZTvBMiLUQSkyiDysAb+sl+nw=,833.0
consensus_latency,zRTOZJvbgtHjY9Gnx81pt68kaDUgLlIS4VHRNNfgdDU=,833.0
consensus_latency,46hNBZzySdazlYry6oJoce3Y5AEp8/Vr2BrnHbc4G2U=,833.0
consensus_latency,AFm2CLw6E8sk7eFwWg3kIwUSKG2wEkykA3gFi9ZHKyM=,875.0
consensus_latency,SZdyWyQzPQq0votxPlc4R3CHYvUfBYPQPbdvv3mMfE0=,875.0
consensus_latency,lrkBmB0WAkx9/NzTYb1Jg4oanzmUX6W5ymNAJY2F08g=,875.0
consensus_latency,KBUDEz+hfIPESn74QvnLUfV+Hm8oJlb0wrlRhSqpEDg=,829.0
consensus_latency,Pvc7qDPiGgVelLEQ6nwMs2RPzOIhFQ7lasyirCFSIM8=,829.0
consensus_latency,Z2yqbnuDPSuuCqiRo8s40wWaSW+u5c4TywQhTfQpHQU=,829.0
consensus_latency,7thBXjpfXBuI/qdK2NqImjy/P0ANG/FLTOpBe4wwXkw=,829.0
consensus_latency,Vc5XAvGy34u3szaW2XEsvtSyxxqTfaQwMTpjF9GePEs=,874.0
consensus_latency,erX47p94F5FsfIaYkfBI/rPiJ/YjUBsbpWshM1WZ28Y=,874.0
consensus_latency,rXkC85gPaajImOf5tbhSHhhclBDr1MZSaaP4WALUKOM=,874.0
consensus_latency,4TS4uh2FeV+0E0eylKhrcIg6yd7sNoip0LOEH+hKzPw=,874.0
consensus_latency,4UidvOpZGbQxq/cJUa360BSF0vWj1oz4hzcdMXVyK3s=,874.0
consensus_latency,SaXKPKhlooHnyB51LZl5zxgMWk4sSewtPvGcis/ZUeM=,872.0
consensus_latency,Vx5fwHz1VI32runBjXeG5bjyTaOFHYmiRJi4eSF3jMc=,872.0
consensus_latency,a7s0xDGKT5R3xDdl8xHlB68cigcTbHqfQrZxtS84FBQ=,872.0
consensus_latency,xXjzZ/uYtPCDKXmDJDuk1boZyt6gIq1N/tRP8HC4Knc=,872.0
consensus_latency,8K0+DFSIOFxzqEFCL5/OpHIB8P0h6YtDD3jKv0okajo=,872.0
consensus_latency,/QZaFt0ul2WJ94cVVIp+9qjHCtwuhu1GUPcs42xGRuw=,872.0
consensus_latency,ovbcuUw1tJb3c2239SVgqMJVvN0kWFLwL95vckt9w+g=,873.0
consensus_latency,zjnQUjlhwtAx8bGsMQ0y5Ey+EWzp1hR+yITs3V++7FA=,873.0
consensus_latency,3i9e/TSqTPBGO8n24K0PfjDYVUsETn6ByFJ4kNh02u4=,873.0
consensus_latency,8ek3L+4GxvWKs2aTuTQY6r3vcYjKjoRYWS/Qb8oUOfc=,873.0
consensus_latency,I78S2SCg7RZz5ce+pHspCQn03x4PO1WmNBO28ocFuwE=,875.0
consensus_latency,Q1unr1yUvCk/cMBzVQ1IM3T9QeQ6jZ4I0l2rOEG2p+g=,875.0
consensus_latency,REUF4Acx1LteUFNuJqxujLzAp26/zWQeBfGGSzcWpXk=,875.0
consensus_latency,Rsp2OqImlgyVwVx5KnmdYspZFXsE7taY8Fnj8YyWbdY=,876.0
consensus_latency,hWoIRCIUbXcN0mJ329wbmTI6FQpyUipPEBz3V2NF/+8=,876.0
consensus_latency,JOsgSKwokaEofBaXWXVD1hohYUMiaCgG4JXVO/e53g8=,830.0
consensus_latency,OBU71ZlzF6VAHylxzbbpEX9JTyDlaEehZJ/Xm81vinI=,830.0
consensus_latency,+7PERq9UrwhKm2rZgfEuM1GlOMZXZUGEvXTsrOlhir0=,830.0
consensus_latency,E6xBJardUZJMTWE7C22sMCdoQxnpdmNKEBgPucHYIDg=,826.0
consensus_latency,Mbb2DmbNea01nu/4epOXhPzqxZyFXhWeO/1XYEO8k+I=,826.0
consensus_latency,wnP9KHWtZbo2JvJrhQvydHk1ZypTPNuLXKyroVOhCU0=,826.0
consensus_latency,YxGe5RGUjTYNrKdQxdc2T1vqcmxW8b0oXi9raMwOezc=,831.0
consensus_latency,zrkubN/55xznHg1qqNZ9BR1zHjC6PZsKNq1LEqbj5yA=,831.0
consensus_latency,9NaJtjXaSGY2CUFt6CTMcQf4mC0dYsStQ9EQeU3+pic=,831.0
consensus_latency,+15mX2MZ5EHa/46hLhyXO8Nh9bzgE8t6Go7zQBVktFY=,831.0
consensus_latency,Cmj3lfXZvmE1fwcNwNZTeTXV7ZXATyEcmQ6SVW0pF+8=,822.0
consensus_latency,NjQqgLCB62+DQfnoVlcM2r9JcnT6N7uYS7EgFlNsn6Y=,822.0
consensus_latency,RQeeBLwXfTJsh/bXqYjuZhHYQgHv6sUw7AStKEqZ+/c=,822.0
consensus_latency,Vt0uEmAr3Baip57tq6fL9WWTykO1IQqd3yh+tzbf8rI=,821.0
consensus_latency,XfTs7vhm+3gJfgNcf3rmNuaVRyMUje5Bbl7ohO1FQZw=,821.0
consensus_latency,ZZxTVonGPfNWFexXxWdZAbvqEPySh9R+UOaWQ8P6jT8=,821.0
consensus_latency,aUoMFI9pD9PynfUiAU0YKSjchefb61ekB+GBMilAfUs=,821.0
consensus_latency,bb0DZsDla1OGK+XjOag4PBP1BY4E+wtGPjJ7c+x2WEE=,821.0
consensus_latency,eN9V8CH/1lTzbvBV6HDVDuwMTUpmK3o13MDI40QlqbA=,821.0
consensus_latency,f35Kv6LSk28NcR/jojVEwsjetG01nJZtsEJwbzM1N4s=,821.0
consensus_latency,n8fE7WN89nsmXojl9dFBnoSQ9jb16wtB7xYRUFmjpp4=,821.0
consensus_latency,oCt8JP93bcywu6XyuCxFBuwIncOPkGHEChgoYbTNnzA=,821.0
consensus_latency,z6aUvUw37JzCWFR0j8yEDSAw5Bm9+SATPC4EaJvZE20=,821.0
consensus_latency,6+uIbwN1waSTxuORpT8DSgxv4UpFGzlaxQWExmI9Icc=,821.0
consensus_latency,SNTsjiPRT53XexHZ9ImaDn1LQpETqyj/2D1BlCJvLmE=,829.0
consensus_latency,v8yw4KQFit3aa58FiBcF/qQ1IECMcw2Nm1VtojfZNEM=,829.0
consensus_latency,SDPAAMMYIRI/9r+nrE21iun9uc3cs3+MFKSMo8R7br0=,830.0
consensus_latency,zvdmYyKWzPd0AZ78JEcIgQzfGKMu6SJUaY0M/g0WtRE=,830.0
consensus_latency,8+Irw4RYlZEEVhNGRwJCrGj1MzFcRLmHKJHYrCmtGoc=,830.0
consensus_latency,+QOVFIu9uYDa1q7/+JyfZ7hRNuWCIOKLYD0ZpujbUyU=,830.0
consensus_latency,HS611PXttXRTv5HLTJVisY6mSrKUTGMk9NwCv3LnfAI=,829.0
consensus_latency,KRjO5Z4fiY2Xx6pPZJSvYGYTymYd0zO+LrzAbj/B5q0=,829.0
consensus_latency,jF/UFuzLJngnPnJ3ZDk7OewXw8NQMUQwE30OzdMeWjc=,829.0
consensus_latency,GvefXzyOMB59gMrX7kuofkx76Ftq1q/Fo7QX9OfOETg=,574.0
consensus_latency,RFVkRTacDvM4gJq+cRi2ldUYhfcWOsO/QQPwc8wkkzc=,574.0
consensus_latency,3w8OqrEfWETRuUUjmmzvyj8FyuWvb3nL+e053RvuTVg=,574.0
consensus_latency,53boTiopRpOkUkv0YyH7Y687lNVuovdSWAa1HLCF6NY=,574.0
consensus_latency,Rn1BgQoCyhoKLINyOJqm0KtM95DXHmZOr8IAONxZ9pU=,1074.0
consensus_latency,e4UdZe5t2mrfKiYUKcEWSrXvRNvRMz0W4YZ2SVDmB4A=,1074.0
consensus_latency,oT7ISed1rO38BPyeYJ2iTWWwwVNPnt1EtgyJGR0mA0w=,1074.0
consensus_latency,sMsOzgk5dolVIFoyAYR3BZ1J7nGJ73+WuWmKaMBFxko=,1074.0
consensus_latency,y9BD8f/D4wtnJmzwuVXEUjR6lRURQzmDMHu+2gEeWi0=,1074.0
consensus_latency,7FRDlLGmoKIet3FkBTaeYY+PFsPLrfWpldS44B14a+g=,1074.0
consensus_latency,DhgTbEbl2iEKh+PRuOJQ8pZIcy/5XAqyo3fiHnTHBYA=,1057.0
consensus_latency,aV6vz+eKO0N7JLy9Pbka5CLZ2o6w8D/Ug6ry7GrbmL0=,1057.0
consensus_latency,ndoTFKEqBk18XSi7KigDTP1d3GIHw1bVl7ZloDI11d4=,1057.0
consensus_latency,xCUAQqlX8NXBF88SAFS3h0n7e4y0lwjc39orKKvn/m0=,1057.0
consensus_latency,5LPsJWYgjGceROCAHeBhLXsFbOUrfaJLgVVB6nEOqsE=,1057.0
consensus_latency,/Wpok7rkG96D9P5YjXzn89HM9v5B5TFhyEJSSWRd13E=,1057.0
consensus_latency,FALr/9RdLa92ycIzUVhd6YVCFE2zP5MSP481qmNFXSo=,855.0
consensus_latency,GoXdthX6wE9hqWvPhLlfNS2mMx9cGImCu6AQAb5UFlU=,855.0
consensus_latency,G/Q6te/ye9nuzFFnrcCwPycE2b32+eIcbczplIoFI2A=,855.0
consensus_latency,HFQHpWH9Fu8F9wpdEouYvO4NcNgfnNXUfPwJw1pf93s=,855.0
consensus_latency,JaAedPMgoNWKUSxwZtlR+S80OPe3IGQg9JZhAHS9Udc=,855.0
consensus_latency,JgrfahsDw2FYup9VXNGBc41N5tcxiVMzof4iIHz2EDg=,855.0
consensus_latency,LNPlp4FoKXJ0GX7YKKUosifoH+Iykdumf1eBgmM0SsU=,855.0
consensus_latency,OjQr3b0XQTrzWJIVq9+zCoxx11oc1ig14Z1ZR4owqWs=,855.0
consensus_latency,Sjkc/vvfiQjyBCoTi/XmNCn3j4mzyXgj04cU7UzLlHA=,855.0
consensus_latency,agnkGFz/aLEvU+o33Dad/+HVUKQuBYpdnyA4FqebGCI=,855.0
consensus_latency,btOJOM+Wdoovre393CHOrak9cNhEi+tcYZ1/8vnVrGI=,855.0
consensus_latency,c7FcEV6SNWMnUvz2mPFuFwlEEvaJR3WPJDaT05kflbs=,855.0
consensus_latency,d2JUYsrnz7qstT3w05RukmSpi1aDLn02M2dXMeTay44=,855.0
consensus_latency,iN72drrsE0N+TfAPAvWjjm+kQf63I6tEc3vsJlQltBs=,855.0
consensus_latency,k/qfultzCon/sVNatZvFi9RVgwfXzD+qWT78WXM3iMw=,855.0
consensus_latency,ls8lsSEJlWpQCyRcNufaOZMwZzQp9fawHdAJRgmTZD0=,855.0
consensus_latency,qdSf1HWXQMOoFXd7A6M/nLtlDlurBshFpiOLNANmcDw=,855.0
consensus_latency,qi+TVtuhSgENbo8HCgQmtWOBUZsoFf/o+SkjyrLbTmg=,855.0
consensus_latency,qkLVSxzAdDa1WK+gZrigA1Nak91M90VfeNyfaw2pJsY=,855.0
consensus_latency,0nm8LdJ/WXnmyI4npR/XITj49Xbo8Awmq6juz1Ckneg=,855.0
consensus_latency,6kLwv77q/QzsrG8buB6gNXy3KKvEgRzjGbUE5CNdtwM=,855.0
consensus_latency,/Lzzo4pO+VuBjcIY3TYGpwj0tjj5oUrZMhsXwwJffag=,855.0
consensus_latency,Kryfc5OjhHZLFisx+ZrowrxejwWANQomPqJtzGiDVY0=,814.0
consensus_latency,NX+pAVNlFP0muZs1SiufDLGzvg/sCjtY9HE3qCa/lyU=,814.0
consensus_latency,pfaYIuPmYnNgU/UKYbDQxLcJZJS+GxLiP2DJTTuZu20=,814.0
consensus_latency,q4nv7NLWWmTCT9jmFH6NPRPq0SyxRCr59x2BqLIiZY8=,814.0
consensus_latency,Se25OfO/uV69/SkI065OJ9+UDSA1P/5mwKTEbkhZXHI=,815.0
consensus_latency,uMNAPz8HUodvvHewQgzgcA0HWi1W/K2/RJpyCmFZOwE=,815.0
consensus_latency,7IGpY4jiY3NofO+ZfuSlpfcV5lR/zoPtjoERK2eYsOQ=,815.0
consensus_latency,8erMY9bMhR5WAbFh2U9xp+nGTQwgtCOneBPZExw/T6A=,815.0
consensus_latency,8whGZVdlVAz7uAqN417LBIfVxQ1vZ0yr6JKgpSVT0wY=,815.0
consensus_latency,EEGn6rkMlwMxo2B/b/1WJYiJNbgUbtdYyv3sKLzNOW4=,857.0
consensus_latency,PBCE8nBm/DfXMfkumw5d0F+ZapbCqZbJ0xSmBLItYkA=,857.0
consensus_latency,dZKtiI04ATbJYRm7s0KG8L2SSxUHKJhYisrW8qH37Z0=,857.0
consensus_latency,u7+EeaiM6kSZVWrYDm6Hq9NFalL5i10hwVWuNaSjR0k=,857.0
consensus_latency,XBMc+LEN9XwxmFnrdKuvZFasvH3dpYzOpbLx8yhGQtU=,815.0
consensus_latency,lSf+dFXk9sGN54VUbWfkSKU3spTkjBab7Qn5WnrKwvo=,815.0
consensus_latency,nCaWaNaUVws2+/ipeSV7Q/3PrvjN940w15Jn902PnCc=,815.0
consensus_latency,y23h+lkQLET4z/MTumPn0XMFXs++ewHPb0xjj/BqyoY=,815.0
consensus_latency,C0gI4VGKlGbX9/HbDna9Ji0RBQavRrbRjzmMwiYf324=,848.0
consensus_latency,XfsU8U+aIOudKKndUUPbj9S442u43vescUoj4QQKdTc=,848.0
consensus_latency,mMnzOBE17D4pBNsUYGa3t1MHwwYzVbq9Md1RUAB1heU=,848.0
consensus_latency,75YSh8UJwYzNMNTM8/LyhOt19VHZ3iSrARhnbsh5z/8=,848.0
consensus_latency,b52fxpqrbBIn7gVATi1sm66GENjQiR+NMdH3zAHQLTg=,814.0
consensus_latency,cGxSFQxf3Y0it8efYfmsSIXqbPEWnomE+XQXRYn4/Ww=,814.0
consensus_latency,eTFdxR2OHzfETsgV4LUu1UkQXvxemapRz0iEz8Qo/jI=,814.0
consensus_latency,tcTvMyjAVVP5JuJq4Plwu60b/x2IH0piNoqDgI4Lbq8=,814.0
consensus_latency,9Y4uSwZ9iaqTbLXYy/w6buLmD2pbMlUsY4ROWvYJNUA=,814.0
consensus_latency,QTNHWMbwGn+2l4ePzDkdjqJRXEyr8Vosne3s3Ppd3uw=,816.0
consensus_latency,ZKOU3KqrFoKoPBg7KOoU6Msl4KiQ17Ir6fvHqVll8pY=,796.0
consensus_latency,cZKo8nhQXSuJT/CuJLsfMgeL2D43hToqjCUVMROqOgk=,796.0
consensus_latency,fXsPfdNHYIwNX3lgmjtGwu/tBWwY54E/RMTS1hVKBJU=,796.0
consensus_latency,SALEV1W4COgbVDoZg3s8WOxGIrglkHkIGBwJ1DB2oQQ=,641.0
consensus_latency,YOBRv6RGAKgi5a+znrQFfLrncHvkBXNy0kAiwyvWEeE=,641.0
consensus_latency,2sQDtAdp6fu8nIkuWN6WD6tLWx/7FbP1pc2CXI2Olow=,641.0
consensus_latency,5cP6I4RZaUDP0iqRSzPfmRPJ2hX4BySXyKZ6mHugQRg=,641.0
consensus_latency,MD4YwsBVS1J4/b2VRTVzpWoS+NQ291PxMySgIgJ2wWc=,642.0
consensus_latency,Mxdzf1Y6lNW6rEBhpD1ygLg35Q/77bADeVP2CmjB6kE=,642.0
consensus_latency,tKB5HZ1YPgoWxzaVr+80i1++LsnDf0mUSsbs+NAZ7W8=,642.0
consensus_latency,0tLvUetVUVVImEoOMTGYud1qYiQxrZCeff3oYCbA+Y0=,642.0
consensus_latency,QBIeYLLFAmVseywlTKa0SArhMaBdTu60G9EtAtK0jW4=,652.0
consensus_latency,j/fLplVW0tqUYkThbYMlrA7Kg1e24P/Gjb4aP2vj8sY=,652.0
consensus_latency,0FnrHu+f6x8MUTIuSsBWvXhQ3Dsp9zh9t98vH7wQi3M=,652.0
consensus_latency,4PkmnS8Fsa6weuSKf7W4ZFLlhzBZn1o6ipOTtwXYxQw=,652.0
consensus_latency,QOACvqES+zyV33murz5laTc1cm+CtAlgLJ86c7k/8V8=,655.0
consensus_latency,c8pKy+NV+J+ZQ5bwQmc44bf60zUiAiCTGvi/rqAB3yc=,655.0
consensus_latency,jBRggAqiz3ofwkxPk/IgbyqM5K+wQzcwdTc1nT5yfDw=,655.0
consensus_latency,+WikOqhaguo1L6pvIWoGQqrL+kO4lV40P9Tq6eLW7XM=,655.0
consensus_latency,+a4/iNtmzUdSR39T8luGbX/+MA7WSJsxt25FMj8gsO4=,655.0
consensus_latency,AQs/0w5hsMae4nFsmXag0IAUenuGrDo939QNm9nUAhk=,651.0
consensus_latency,BbkNmvc/0JIpB1D7Z4v+Zs3yR7Nf7O0iiRh7S6xFDis=,619.0
consensus_latency,H0eADu0L2pX5kx5JwhGkCAOpV6V9DSqAq2YQjIHDhGs=,619.0
consensus_latency,K8sCZowl3nJp5FC30heRo3X1h+gm8lpMPF1S7dynRWQ=,619.0
consensus_latency,ATfNt5d0vv1W8wBxyP5vuVWQMXtm0YjNU0AYZv/XM/c=,654.0
consensus_latency,HQWhj7g2TRCpY+tprxOd1IR9EcSaDKBLCqyywOQ7mo0=,654.0
consensus_latency,LKNfHlCjzpdYz4F93S3yjNPwtQ7tM5Bf382wVUZ/IUE=,654.0
consensus_latency,Zmnq3faAeZs1tx1KtKhliGwBWxnJJlQoZOXXRVjb0fA=,654.0
consensus_latency,x3wVaafPZ3epIXEZaof0eCG4E9pSXzMCMtI2THCkFI0=,654.0
consensus_latency,TuTaimANzFGoBQ0vrEnG86BisMPb/1zfWmJ+x2pXquA=,653.0
consensus_latency,YHYUyZYPShwQ3Vh2D43m7mQVT36hUtFfIYGeeCTOhss=,653.0
consensus_latency,uFbRwQaZLd/smojW6qRhjrrEBXn7WtzZPn8QwBp8rJE=,653.0
consensus_latency,zgc6SmC6XklsZ6rofvL1gmgvoeSmrv6HL3rW9OZD+p8=,653.0
consensus_latency,+cVpLMhoEK1+DPZO7q/RtEVr5mXyvLy+YFX3PNonnxs=,653.0
consensus_latency,F7OyHQq2Dy13FvZfAqpOb90teA2IvGltGQd/CCfBSN4=,600.0
consensus_latency,QpNbnwkRDjq7Ts2o8ypOYUGaD1jiF6mYOkSJGyD4xbw=,600.0
consensus_latency,eC3aJE41LlZq0Exe7w5+gMU72vWYsvwKKFT/Zh5kcc8=,600.0
consensus_latency,e2GbK2gVr/m5tJICStu7VRpu+o/FaZDumVvG3OlfZOI=,600.0
consensus_latency,n/4YRouSPgqJ17Ezz8h1JwnKdS3D8tnyqX6RDQJLYkQ=,600.0
consensus_latency,qCcThPUcDss4zLPQICU+MXGW3gFrzvAjUTS+q6wsyX8=,598.0
consensus_latency,xlOplcDF9D/Nad7G+vC4sLuPkkdXUZprPw9OASNOtv8=,598.0
consensus_latency,0OGqX7ilgH3CzH907HsAAITt9mhc6Jw3PRXQdNjy6SY=,598.0
consensus_latency,0nn4VYGup793fDXFaVvfyE94cxEiNTgtvMFS0CX9wJ0=,598.0
consensus_latency,SECGStMLLDiCaliBgJs5gKk8rS+7ZkCZdpmcikdwZyc=,594.0
consensus_latency,X1Vx8i7+a4vHxhN3lxnTb+JniPq1eX5s4EXPVDaKMxA=,594.0
consensus_latency,fEZiBH5clYcZb9NeahtPo/QYXfRqBoNKewZQHtBOdXY=,594.0
consensus_latency,xe97LRIeySuj/l84XjXTVBReBrpPHp8FxfkdhAVOXqI=,594.0
consensus_latency,ohNjRnRpF33doxIoAAWkzx98hGAJpbVpxplZ9BhFjkA=,599.0
consensus_latency,sCh0BfAAgjJ7tSyeHglZN/ajyaoCQgu8jx8cF4MrNE8=,599.0
consensus_latency,3rXSgtYNy+8rI9DrEyWRu4BZ+YDSNVNDWoDtVYP9MOs=,599.0
consensus_latency,+WzjkvTJfQSTcu4o+U7SYG/GjPgRzjBT/DrPF47IKKM=,599.0
consensus_latency,AMl8/gYbRWg8B/oORswc4mRmRCC1d3vTgzPfEaokeU8=,596.0
consensus_latency,VW/d1p1XlDtl8U+Cy+Szu8Un+JTMNj79ew2P4r9tu2o=,596.0
consensus_latency,2wxk/C5s12y7tTSVifo+HVFA3rZWInE3ssmTELqLbMc=,596.0
consensus_latency,9P+j59QMxm1bMJbGVXJtmrIsCDJPnyZqujpELMi3dgs=,596.0
consensus_latency,g8NKT3BDF5FhAC1puhekUZbdFdcQRxN2YnID9hdZoVQ=,597.0
consensus_latency,iFco5yna6KCz8vOZYGDms7FGEkPHk+9+Bt+qel3/nYY=,597.0
consensus_latency,48CZ073k4t6jpQTMk+t55asDXhum6KYwW7j1JOlElTk=,597.0
consensus_latency,YrBst/je+60N9iwIexYuVHaj8hiyhubSdeAqPFNPd5c=,600.0
consensus_latency,qpQIS0/CeojhkjOnRXUjcX9hIlOnIWhvYZtmDqhAGgk=,600.0
consensus_latency,tmofBhvBER42ExK4DJRHWGzadZLJx+a+8ClNG9I72dI=,600.0
consensus_latency,0rPd/SvLKNr0vHGIKcEMGAwwlXRpV3m8gbFzahTvHYw=,600.0
consensus_latency,G7h6u4ZvN4Qw3nsQ3pL20stkjuBB51ULUU1yHoD8888=,379.0
consensus_latency,TiWdvS4U3Ms69C4WpsCakjGERDCL+ip9E5wA5QH6q4I=,379.0
consensus_latency,gAZaDpX9cMXm1ZC9c6YGOJQ5PB8L+O4DWYbQ+kx928I=,379.0
consensus_latency,xOJLxO3TccaylL+mPKrLSmwwQIJgozQfxMy/d2UVwdE=,379.0
consensus_latency,3vO1X4gHNVcFt2ymHwJJHaxWuk70PHWEVy0wW11wY1k=,379.0
consensus_latency,OGmJPe+ev41BrZ8FXtsfc5qbUOsdzfLxDQBw0Hm4m0c=,1151.0
consensus_latency,P6kWgdepO7pn3o+LHh2qW7AyvDKcMP+gkiKPh9Fm7Zw=,1151.0
consensus_latency,T4QP5y0BSor3L+yXahzKdRm3r8SnNf5R6JX0mHPpTEk=,1151.0
consensus_latency,ncy+XtY1ov69RPv2/AxPO4Ri2GXmOe7cTVval/YoNXA=,1151.0
consensus_latency,IROf33r7474KFCmKbYEqPl8jZNYK6O+hYBceeZeoUuY=,1107.0
consensus_latency,Iusl2o3iR+lCChw5LRloozYtnMW0E5/9p1BOAhADf9I=,1107.0
consensus_latency,NnHg4soORcWhewqH0xXsl1mOCU+CHjRltMWqsfSOUjs=,1107.0
consensus_latency,OaDjKdUyZcgRjfEcPbs5rbsr0cwAHa/HKqunltkFRqA=,1107.0
consensus_latency,QioldSYc3KCIlWNe1gi/Rw6cCHX/LKEZU/K/Dx9txNE=,1107.0
consensus_latency,R8vg/wXhSws5tHN9pa4BjxzMD7G4ilmBYtbiDho1HTQ=,1107.0
consensus_latency,TGGr16OP0LfB4M9qT+ctPc5771zuXFEGmdbje1Ncv+A=,1107.0
consensus_latency,fb+5Y4FNEjob2eXha92hFif/kxW+/afXL+gpatDIdZI=,1107.0
consensus_latency,hEL4Z7y3Da694AfUIKv0mP34OJ/8COwc2aSM2fEKJc4=,1107.0
consensus_latency,pendwvn3Tu6NNTxwI5A8DtHhiFQi75PqTs06hNQH/Wk=,1107.0
consensus_latency,sMYZcHnJjiZc7xl3MelROO4LPEUxrWUAHlZN1f5aT5Y=,1108.0
consensus_latency,turmeLw7AHiztL8pAzaq9WZHB4R49pBzQDDpNMQsoaM=,1108.0
consensus_latency,z/lB6EB3eoEgnUdXu+0NEbbYu2Qma2iBtjwyNbf3fAQ=,1108.0
consensus_latency,1kL9ZWFLoxAYo8UY8przUpLYuvu1Vx3/VgBSQTRKMuY=,1108.0
consensus_latency,4QLXYaJmxWcpUtCVa2/s0/UeOHM86zM3bZxtRWII5wQ=,1108.0
consensus_latency,5Zz8okZjbEuGpNZCRaVrF7+6FTfQ64BiFFSZ6i0zS/s=,1108.0
consensus_latency,8OzU5SlDeGSCfwebvijHrIV9U+HyLGvDYpVS7nb/CYE=,1108.0
consensus_latency,9ZERs+s37jXyojIVNefP4f4NextV1dARrtiw6M73a/E=,1108.0
consensus_latency,9nbrb3vWzWTM0JxYZ2VyI4A2QjFTaV8l2MvKWDxDJtc=,1108.0
consensus_latency,JYyWYzQYZ71d9jUNSJxEWPkKoSZAyrlHQWfeBNpAdrs=,1107.0
consensus_latency,Lp4JdR4OINpyvqjRYgZHpsPO1kPjXcCQ4xjZh2r/uwg=,1107.0
consensus_latency,jnFIhYZAmE1BbU7CKMeThLrqXZ5EWvTksKgbWPWUekY=,1107.0
consensus_latency,ryuNyMoi3xMHQW0E0Zm0atJ9CS4P21AmIHOpdXlh9Go=,1107.0
consensus_latency,tzv9VJTLOWWh7PaOiGLDq4Fttny9odmrCm99xwfTU6k=,1107.0
consensus_latency,8TbwOPXpNbQWmSlV5CB3RmVPaQFTJ/1YpIHYT2jWqsU=,1107.0
consensus_latency,OQlhoCh7mbOhuEnQqwNfu4QbXZ9dGDaRVt/e9LoHQh4=,885.0
consensus_latency,W33+JRZMvscijEjhHCJIbm7lrnBtDvzaI+N6+yV2S1A=,885.0
consensus_latency,XSFeRKbBMCaIHNR8rH3llBhGi62E8EQFHwoWnivI5dc=,885.0
consensus_latency,o6FIdGitICKPK6n9rNbsoEwr3sys8NHenENLz8NNDdI=,885.0
consensus_latency,qkzANme7uVc1bTYUzqXFPbTwSsVHlMhEiXxZ8HPrDVg=,885.0
consensus_latency,7ozxYY6FMCM5BDU29x8Yy4W+qlDQBxfvmuAgB86djtA=,885.0
consensus_latency,Lhi2ZS5Xi4GNKaZwPG+ghLw7jePcKZ+m4vrTnOg55XY=,890.0
consensus_latency,aU4UqRs4Mj1jSowyISZlzPe613FKm/Qrar8mGHLhbOw=,890.0
consensus_latency,+3kyhi5CySRRn8uxJejcGYx831wB5zJqZVFYcDP2ShY=,890.0
consensus_latency,/0tn7/lF2XhXuoiU7no9EowtR7uHjjBMJ4eU3KBxVWI=,890.0
consensus_latency,aR0kvYbogb+Y9n8GlXIR2DN+VX9GtrKwkSIjYV0UKA4=,887.0
consensus_latency,d9egjhQ7cRhMRv2GKMMJ4TwREYycS9hrfedAfcc5EyA=,887.0
consensus_latency,rEL5rZcVsPazXtSykvWEbJ5jxXTWgfXKZPxb/AX2+Ac=,887.0
consensus_latency,7nauL7+SNJpa/Hw6d7eV1JpXKsdBiSlZ0Il/nUyhbU0=,887.0
consensus_latency,TQXYGRbz/5KWoX7T3/s5zTLZFWobcR7/wo/3u+wPts4=,854.0
consensus_latency,XtREoUX7KXQWWaqNTKDj6bW9jWOzWwTkQLp+T8nDBBg=,854.0
consensus_latency,ZikC3HPmBN3rbeK8MZEC29T9WyJHk7kcjzmJqQTBRyE=,854.0
consensus_latency,hDH0n85RDgnolYKIF+Kgsc6mj9s0rG72CCEZNP/BJhY=,854.0
consensus_latency,rRqaNKtOgAfmYqZuqd5ph41dTRQpUdpxya0hxvhzGuw=,854.0
consensus_latency,PocEnh9jurghm8Vct13T6aqGrRB5dUAaXFc3whwrorc=,889.0
consensus_latency,bSTBbu/87NbXA5VPGKnLsgKn72fZmZdq8Oh7HoARY7k=,889.0
consensus_latency,cnvBsY32oUV9v6sF/JCKayb3TKM4S7zVVxjT44yhjwo=,889.0
consensus_latency,DO5y+vUzEa7UEwHsmYL2j0t22MwUTqpTNMNh21Z9ky0=,852.0
consensus_latency,EZdk5Ca5DLRjAXvBid/+Rbb3SuoALokHEwpOy8N7eFg=,852.0
consensus_latency,OYIuBWVkyTvFUi+rhxFd0t6JMSq5emoEgaI45KxcCLM=,852.0
consensus_latency,Ox6O4Kd5NqPdfKzCMHrpW7AdoXsgPujkrlRYiyjzT/U=,852.0
consensus_latency,Y4RbLip5wpiiu+1wuKAkkCvpZl5hIpGipX7nKqMfqLk=,852.0
consensus_latency,bHsVl7stZxGYdHhWOMzYiyaIPJGEoriqTKlLiOHk0kg=,852.0
consensus_latency,dEsLmJ7Ml/JD/WsrfBorK3Sy/kjBle30wzhPnt8J8f4=,852.0
consensus_latency,d7jaTxuZfTUPpMHQwBTBOy0YD+9P9V+dBlRT9rFo7y4=,852.0
consensus_latency,e4y0daTVio/0hnag93uNgaZIJjOdn7EOG4t7fmmoUFw=,852.0
consensus_latency,izkUkesj40e/r55EFXnMLV0qmXI/RXJynchStzmnfzE=,852.0
consensus_latency,ocqBjudFC8vRKLuJgIOwrIfMaxF7e8D5EwsE+0BdP/k=,852.0
consensus_latency,emih5Ynr1urHm1TUJiZqSKb+VkMuCLECCUB107CRn2E=,850.0
consensus_latency,nls7h9PL3FxUYcWUt7AQckkprFLJYaNsbbhHOOcnCac=,850.0
consensus_latency,qRfOKFWMYJ1F7DNLw0qd8WuEYmXSBLkUv1jyvVeCxCE=,850.0
consensus_latency,reksZXlz3+PTHtFcfW2/4kzbz3mYafNllaMooorz0vQ=,850.0
consensus_latency,0azlq3TT1IKeobf1VKwMfMiU4tsF29z77QyS6NbhsJw=,850.0
consensus_latency,67KZhrjBdH2BR8v3llQw5DKFspPBO3pW3hR21xpbSx0=,850.0
consensus_latency,GV7BRyhftAkRaru4hXtVLICOT+4nn4/g7C0hTSuMptA=,887.0
consensus_latency,fwQtNP1qaFwGvGn2UPvwhvYGvz/Z3tVS+dYeAttnzf8=,887.0
consensus_latency,igjodZdBOCQ1tXHhwSF7QAbwPy/35/a3bUyV2HMpvT4=,887.0
consensus_latency,sC9LLYb7eWBn1u9cbrlrOIbO79aGr+cgWcJ6yE1kE88=,887.0
consensus_latency,L46oW5XbIah+Ornc93xOCTvLU85smvNmgxyZJsvII+Q=,693.0
consensus_latency,n+1EhRirDRXNgMCwBFbtiiP5umCoD/3aghtuzR09qAo=,693.0
consensus_latency,83YFKNbLRneflI7qTe/0jkuIpbVkWC/3H2XueW5YBEA=,693.0
consensus_latency,VKxk+DZSd1Qm5l6rt/nvWq/AWaXrR/H8EeyeqEw6PUI=,657.0
consensus_latency,prDeB8+buQh4hssNDC7caCJw5zHDQNSJRu/Mpai4Mr0=,657.0
consensus_latency,sSgr14RpysIM8FbEij6oPtiNvVVwb8EXpFR5FjdrW1w=,657.0
consensus_latency,yeyU0/GOkB85b2TwfYIMJ9FGoLvQQBxlzn/pbY70d8s=,657.0
consensus_latency,aYeVS7c5i8bgQH//4+oTCYnJW9+tUUTHN5RYaCmt8us=,694.0
consensus_latency,cxZw9LYCRvIFNwYCmYEIW3aT93keLh6lGP7YZqgWExU=,694.0
consensus_latency,ks1pvRRfNcEI2UCNiuc2tJGGGfYgTzVCA0ZkCGplj+c=,694.0
consensus_latency,sLzlg+Oti+GkkFIIfSawAbfP0tCvrhG+qcjfE1W8v/M=,694.0
consensus_latency,XoHFF7zREVRMHmYOQBnVJT4Bn7lI1wHzzD0y2kaDmtI=,693.0
consensus_latency,h8IC4MhEvi24qxZhuMm51YVc72OaHLt8OPpXx3Vhc4U=,693.0
consensus_latency,loZk+Sf7KRTMS4k2kCdD3OXPCRAalxpS9xyWkYiMSVI=,693.0
consensus_latency,0Jp/mQ6bxo8NaG/Jd+jeQcyXEmZvSXjYEJlPW1tdo20=,693.0
consensus_latency,BMidkqhHDPy3cLrUqvBk5RTmefRuLi5Ob0R1HXQNk60=,651.0
consensus_latency,O2Up/zl4dizJdB2uD8a5f4nAU21X2ix1iNrUX5gUypw=,651.0
consensus_latency,U6UuN6DToW0///pwtiKsjEsveA5Jco9jxptH5YCjeKE=,651.0
consensus_latency,sMewuZuVfebuHwgVldoQirqnjD6YLFMzr7uwFwW3weI=,651.0
consensus_latency,XUeKJuHYeHC7zZPNlprufpH3vVjgHMQWiCLaFHkYFu0=,657.0
consensus_latency,ZTsNIqm5NS/Px2awIc72501U/tVVuFcJu5tx/eVEm4A=,657.0
consensus_latency,iSVaerrPkYtlXDqJnd66mBWPAKSefCw97aycCUklddA=,657.0
consensus_latency,t12qH1qJe5mpTXI9xK/NrHQqqDi3ajZznRxkBIgA3fs=,657.0
consensus_latency,22u1I7q0F/OJXKW32HaNx68NIeBve5R03jhpp119Sls=,657.0
consensus_latency,D7NGT9zfC+Zx7RpXEJJ2xB+Zz4yBb6Jh3YMRvFcVYk0=,693.0
consensus_latency,Fw+ZLYNT0XxoL4L6rvrMMGuzeklfoWts0T+OnUM78Qk=,693.0
consensus_latency,gFD9IW3FGogOkUL86nhuH5ZfYsRmo1YBkuHXQsdl0ZA=,693.0
consensus_latency,oNHTgrJ4or2id4rxkmA35qcX+oSW1Zip2FjYK6ue3XI=,693.0
consensus_latency,uvfXoEaKcyO1Z1nAwzMFh0MypdpFSiedE5ajrIl4XKI=,693.0
consensus_latency,ApcFuhJwOLzodE81dxg3ElEbhMcZCRWoMzYg4rv3rD8=,692.0
consensus_latency,HHgUH23kP8Ji2yRb3wxyaCYrtpYqwh2okZPzw7N7rXk=,692.0
consensus_latency,l/qauZdOrP6RNDqdzHWHhjtrPzBcqKTPk//WarprcQc=,692.0
consensus_latency,odJUeN4bFvNXd2ilvcDjIy37fj/LDEd6btHTBtX0jUs=,692.0
consensus_latency,DlIqOIVwTsizg4T6I2lr6xDxZEkmI46xqHJDJlxZohE=,635.0
consensus_latency,OgZzMHYf0d/4Qb7+xbT7lelfrAia2r3eGBPo5l7XL9I=,635.0
consensus_latency,rva5Lf4ObyBInyc2nAvaHpZikQLN1EDVIOvNg7OIQ9A=,635.0
consensus_latency,/Dd0zLlkGEZsaLIEDGh0+omnYc7vmV40EhTX9DlgpfM=,635.0
consensus_latency,PqFUkMhEBjGn513LiTOiWv+KbOzKQloQegRsUMEdGls=,637.0
consensus_latency,RprUDR34iE+buW1zlvu5Tvz1jlUYUWgHIalnX06leHU=,637.0
consensus_latency,b7DE/ZEGImQrt5UdCObzT9+xMGr2E43jcb4BRD+Bdx8=,637.0
consensus_latency,gfSFrmwekW73uAsG1V/A+p0JlUNOhAuxbQmm6Khia8Y=,637.0
consensus_latency,m0IbPNtS782It0tNXY8V1Dse9dZyoXPuqVfy+5nALU8=,637.0
consensus_latency,8ACQ9AFgpzDmZPfb7ZyyfB4TpYC+jQkEy2COCLx5dvc=,637.0
consensus_latency,RKevcMFXIFjIXcMCaB6CRZM3os727Top8oFEngQDkXQ=,636.0
consensus_latency,ipYiCl3+A04allBJ34xPH6C5womR9+Y9CJZSu2opUCE=,636.0
consensus_latency,m7lsIteW0bWA61fxY70hKX1YeQcYJSKEdxXQe+RIJOI=,636.0
consensus_latency,4Ey/Jwcy6KzdoLHvXBokKE7NfSAjRuq9P5WrG/R9/0A=,636.0
consensus_latency,E6TcHCHkeZJkFLlyQX/P+ZWOwbw65ZPsYjvgbcrTzyg=,635.0
consensus_latency,PWpAjQbXLeuSF1tFwhnbMNDFbkAsF0DZ47SaE0DRXdM=,635.0
consensus_latency,m1hIYheHHqhgoZv8DlivghK/BJ7Ti82KjCYcjFFOUlQ=,635.0
consensus_latency,7XZjuc2sxpkYClvxCfasUyiittc8vOjSS0hq8nUe6cA=,635.0
consensus_latency,Jmr6gTmpor+oBzkEjafrSUN1OdKLJk3NJztWR97xWmg=,637.0
consensus_latency,b28dF0vkI3wQminbfbxTXRDpiqbO6WUhjgo5mqW5LpY=,637.0
consensus_latency,gOoYl0QI2vMI6drrNLV4fTsEvDJuuxZSo9eEkP9GgWk=,637.0
consensus_latency,sEQ4EO124gjo4+mcilsMPHlQ5ePrGSkAxlDYUVvCHVQ=,637.0
consensus_latency,Ml/CklGUnYQCeaKQw5z3IwmuLDRksWmX+MxQZzQacLA=,641.0
consensus_latency,NxtQ98wi8f+Rk78QDBGomo+b1O7a+H0kFd++vx1sm4E=,640.0
consensus_latency,ZqvBjLPXLIVtfTabc+ZEHiekDqOtGI6eGlhFpmd2do0=,640.0
consensus_latency,0bsEqw3cFKtq8GQkYME/q/Qi7VYFld4TMnTWqq7dOCs=,640.0
consensus_latency,KH8laf0vTMCyN1+OUghAdQpfANPcXtj0gphM415DmzE=,636.0
consensus_latency,S3sXCanZiMQL+Wtybw9H/SdHGUFnOABtexWe6wAkxbM=,635.0
consensus_latency,WINeEWO2wY5SuOcGZYi7Ff3etHF2gxD8DswMq9fZI0o=,635.0
consensus_latency,nkOOcairocv2r+MVf2TJZRaNTwSzPElYokw8PpqeKSM=,635.0
consensus_latency,ojzanDfi/NDYmIqvmStnSfDSXIB7gujkLaU4Z8M74Ss=,635.0
consensus_latency,uAuQk0iJxo4GHGmL4eIAY4qxJqdIFzmiNAuF0myfmsc=,635.0
consensus_latency,AO45MagAy5RfnkFCqIuZAVWWf8/9o7pWidZKFoS7u3U=,401.0
consensus_latency,tL9o9FcOR6hHb3l6MU06qUgYQaxVT49LalPivshr1fk=,401.0
consensus_latency,zbKzjJjkS5bal4s4XP9nNwNoVipOWl8utJjIeAFdWAI=,401.0
consensus_latency,8/8l8aHfcrmDlC6j+Z2jB71bgXT+v5BtrEPBkkUj67E=,401.0
consensus_latency,YuJamE/adOoavd33w3t9L0E0pZhvFpGYiUF2iQvo6iE=,1079.0
consensus_latency,pu8TFO4Ha5cMqz5JBRKJDgxfPRp5IdJ8aIVgpAOzeqA=,1079.0
consensus_latency,qadh8C7rYyQOPNqA/f7cMCcSR2EcafVr+XzyKLh2cm4=,1079.0
consensus_latency,FphjGR6vXl5SRFqneaLSNxIz8jW9Uaj/h6gH5+qUVa8=,1072.0
consensus_latency,RM6Qd/jyddTy3ZjOKCDQot3JYh7IIKnI0P4BD/0ohEk=,1072.0
consensus_latency,3yaRZ0Fpf85pXrlf/5+7im+oHfuPVfXxZlZgJAI7vrM=,1072.0
consensus_latency,5aXBzr4jdSFm0h1LnOe6KOWybTlyt+tccq8u+hDevSU=,1072.0
consensus_latency,El975s/2PvLyWOvNu0K5TMuueaOk1hk2om+5PINbn1w=,838.0
consensus_latency,SnBoEB9NFn/5J7LHUhiNxiyhZ4QAiEBNDAGRYUms4n8=,838.0
consensus_latency,Y7zO0nzygwmPYRfwC71/XCTU8GoM9v60E6jIjuyKoXI=,838.0
consensus_latency,Dfv+8CIwcDkhYQW0uksb88tp5Nf6wPiS7+1kRdcOBdU=,840.0
consensus_latency,QP8f8v7p+5+0GRsty1FcormzxbYYpj0skmSbnyP2Hb0=,839.0
consensus_latency,znZdVtEfcJOcp2YXiP3XI0hOslLhNkrwsGQDU8LafR0=,839.0
consensus_latency,48zZc/iSSk043b8LZTaoAU0/uH65oHUNlG2Jr26QRCA=,839.0
consensus_latency,+AWojoutMeyKo72Wa70MoDUIaDmXcvuGktNowRYKHSs=,839.0
consensus_latency,JQ6A66M87Zcj7xZ7QRcfsfxYutANNhpw9lbYAM7ZuMM=,837.0
consensus_latency,Yp9uApWT/eHlkiEbjb3DFexCMD93Lfcqa9lnVD+qkag=,837.0
consensus_latency,sSG2JuYQnJOi2xdhlBfRXesMpiKf3ZHOpi+izjWEe0I=,837.0
consensus_latency,87Gchy8J8Reu3aRccGpw4IXYwGJlzi6VAYWa7hLxtIU=,837.0
consensus_latency,DswdJX95zQQWSgtC4qv7LiEs8dwnL2D0Mhq01mPjJrQ=,838.0
consensus_latency,GKpB7zbcUTOglFELYloLEoLNu1NyC2KbSvYizOraifM=,838.0
consensus_latency,OJblIoYTAbSDnONQGsiuM2LtXaqv0OCNmYQh8vRbTnM=,838.0
consensus_latency,Wl2nKRRyyP3kQkqjikMAU62u28GKdl6Vgpdd62/qsEc=,838.0
consensus_latency,hkMGkWjOt/BdNgdCPUmQrgS+JXg4uSxzTue+PV9cqU4=,838.0
consensus_latency,qkPz7Vv5aqHE8gcBG9oenjh9NEsdwOGS0IwDiP2eITU=,838.0
consensus_latency,NtQh61QQyu2omMqyh76hCu0aJEizQgVPR880WfwGD4E=,838.0
consensus_latency,3xRKV+166dQKw5uoIeI/IvP89R3mxlfAbCrD75v7RMY=,838.0
consensus_latency,9aSGPjPMlE7gZmNGxa4O4CE8HLv50qSYey2FGvXTZGY=,838.0
consensus_latency,+9RDiYD4CkUwZ9OcL6RTt15lqEuLnDv1sr8p+5Ra5mQ=,838.0
consensus_latency,Abkzu0zfnCnmWd3rsffJ2c8B9dXpdZdftIfERQhUK4o=,835.0
consensus_latency,GLKraUzjn378ir5sy08NjPaVsHEVEE6gEUccgFw7An8=,835.0
consensus_latency,bpY8vmleoDbcjVqQNeMx5fA7/EPbtISU9n6WuP1NC/k=,835.0
consensus_latency,xLD1/4cLZ8q5+OVhkm+WZhiqIg1fTnrenMClwPIBBLk=,835.0
consensus_latency,CPdoc9DVK4NAG9NF9Uc9tj0+pni03HRLudXYJh1pV1I=,834.0
consensus_latency,IJHzeImeT0GzsH0XTABUcp+8uHKWExxIRXCRJFceAyQ=,834.0
consensus_latency,oVCyTthh66QekYs8yT7nOcuttTU57p8LXshR39K/Vao=,834.0
consensus_latency,5RaRccvr89u3uhKpkebhXQkqaLgVIyQnbP6Re+YismI=,834.0
consensus_latency,UF1lJmMawPW1eEvMiJjVvMslPB4xI+0DoLTWj0gXmHs=,840.0
consensus_latency,U1XL9JRVLzEB1ovdkwI55jF5vPfxSBqAawohsRCBdVE=,840.0
consensus_latency,m/3fI3KIGhEz/CxwPEAb1+htjo8smWgQd+UF/PDQ0eo=,840.0
consensus_latency,p6ad123eQaLLEES654sF9ZtAeOwanbgZEjNakEhyzcA=,840.0
consensus_latency,Bh6SzirYSGqThzCXgvA6Ev9Ag5ZJZYToKK59vmN2/yA=,620.0
consensus_latency,X2kuvq7DULgvpEd89MVnCrtc1PCqR4eWzYFTbbefZoQ=,620.0
consensus_latency,1i6DI+PUPjBde5R9suagmXH0dnbCk0CE1Mrw2NWMoww=,620.0
consensus_latency,4/yEYC1sxL+0diDY4t6mloHzA9UhMd2kWkNQ/azEl84=,620.0
consensus_latency,C36eBHC6Ql2uo5cqfjMcgVnwURruXlj2D12MAoitlJc=,665.0
consensus_latency,cZdFc7+Y9ZCDLVhm8HsRhSJXAyVSRnez+h7nsbgWm6g=,665.0
consensus_latency,gF/cMlxmlYsVCN4w9bsAWaUUeEdjASoEIZzYA+Qw4bY=,665.0
consensus_latency,gqsS4rI9XfH1e9GdMnKamJYcDNdIejUGSQ8vgQsda0c=,665.0
consensus_latency,jsm6W76tMttfE1TrHOgTCob6Yw8Oa2OT/xtGQRGhujo=,665.0
consensus_latency,xUZw9zz51pqot14q3Odjmd5VBSseb5EMISEEI8osAjQ=,665.0
consensus_latency,6JtsgFPZA+3nQg8oLikeCV/rq3Z9Y/Ly/GKGywjR1AI=,665.0
consensus_latency,OOO05Bdd3eW7R6BoXjsZlE1Auk96BL78cRPVnsICRT0=,616.0
consensus_latency,rjO1wSYs7KfjSqHu8SxF57gpW6Mxx3bzvOOiiIWKFfU=,616.0
consensus_latency,r/YBgne+gKNyK6P9QwD15XCqawM6e+cfvDMHFt5w5jc=,616.0
consensus_latency,xHMjsfb/CGiVmR01F3wvH75w5inpwXAlQ43YRqWITtk=,616.0
consensus_latency,xQQBu9+0I7qvjSHlwkMR0ylhxhmnaEY0xpzxbwVFaXQ=,616.0
consensus_latency,qAFzDiRxfiRXHn+G33fD4LBasuSit0DsNGS29PCgVBc=,664.0
consensus_latency,8lVMkE3rQQJom6WCfvL51fIaGtHEl5o6+sz31kuR0jc=,664.0
consensus_latency,8rMoBcL+5tRzBIqFv9U46bDBkAZMFmRtajCVCn/UnXs=,664.0
consensus_latency,98Waq3ge32Au0Rro3CyzWn7QCqqHqosj20sMooZ1Tf0=,664.0
consensus_latency,EPdjebwQQpel7Zh7Gi9BqLQB3Jr0ZStEvIsQLT4rsd0=,664.0
consensus_latency,RlszTtO6N4m/90GiY50SQWBBqIgEz5pYIJ4a2kLFS0Q=,664.0
consensus_latency,VHCakKCHP4ma9nvkJyrjarJNIprZ+HU+8a2+LzG4Hcg=,664.0
consensus_latency,WuFzhdeOnyuRoAOWzsOvz5oCA8ZyATccYDSzqOvmnbY=,664.0
consensus_latency,vzDLco5xO0bgPlE5nt2Av++IZrvD/oZ4oRPCnMQbbVU=,664.0
consensus_latency,C27fBf4cOrINJe7nxDQZNU7yqAHOpjOBaO0NgnCLWfM=,667.0
consensus_latency,NIAJtPOuvn6JBgl10FvSB5RD4K4dX447ZbbB1PRFYwI=,666.0
consensus_latency,e/JapwKvCzxW6H4+zRpgK+5ZWjNc42VN5NYFSVi6I4k=,666.0
consensus_latency,wg4MwjG0qsq/+kamb4Z57IVCr5MNrJtz97p3IbUzG4g=,666.0
consensus_latency,XU/rCArPzCqGUyLrl8xDjDms09MA5Bho2fWR1uN9Bbs=,619.0
consensus_latency,YDusrZb2VCKu9W04uTwaZc/VdKY+qw6vsKX6+qoUbPI=,619.0
consensus_latency,ZfNjna8U+8YzSpqaWMIdT7fpvAnh5OTgBQROttzrwBc=,619.0
consensus_latency,ol6NMIlKMDqmoVhzvwYBJoX2M+6nxahKH0L8UXVLHls=,619.0
consensus_latency,1KY4aEqlSqk2vo4XawP1HFHA8VUxwoo2NryW8H+jl6k=,619.0
consensus_latency,F6r7Lfdx8cAR9QvGsEeVwiHEtSE00UhyAPrnRBLVwlY=,568.0
consensus_latency,MqKMLcjLpzyJcG8G0+cksGpyxeTlYTKgPer+5pE0Xwk=,568.0
consensus_latency,moDPY4ocd/aac1VQtXzvGpCV9x7gl1Dp+z/ZgPQ3Mqw=,568.0
consensus_latency,veBA1vP3XcrZiXBU1YPfb7NM984sRTmbRPN8HuEXElc=,568.0
consensus_latency,vozY8XZtM1eZEOWMU5KfQ2XMatPPlGNGdE6AjJrLZbI=,568.0
consensus_latency,7qlbUvcEibifSKMN24rZ5GBlMB2uMY9eIJGCfpZDbCE=,568.0
consensus_latency,RM1oDbC2H3xcv9Po/sjByyPoNbeYVtgZ/QhLXVjSiqQ=,565.0
consensus_latency,TV6hT+d/ADjGH7BwomyIdcYS9K8JKFx/mAKUy60m3pI=,565.0
consensus_latency,YopURKqnGsbAPli/7SIHmAexmPMyp62NBrsxxFgi2rA=,565.0
consensus_latency,u0CtXgsqqHFfT4dZt16oJrbcjONxqtKPj66+zogqor4=,565.0
consensus_latency,vDNsG0XejRT0lpl1CxQ6IbEeqPAu1Xa/DpoJYpz1miI=,565.0
consensus_latency,5cEaWhXuOWS63z7k3GJy7kupJToYbzEtEMuHERTDXJE=,565.0
consensus_latency,SWx+0vw7W0UkjDRB3GjLN1dy7GY8RBsQpgdwq923jCY=,612.0
consensus_latency,TCb1WsoMq4toHiMcnusDDTy0WjacfMCfD/m3rui+TZw=,612.0
consensus_latency,2bYtu+A3KNeDVTcZYa27t1nUw1dhbsaFL5BqH0LglXU=,612.0
consensus_latency,9ySIY0NM9/f0tCaZOuWvL5BLX+r0J7s8z2Uyv4qOhvU=,612.0
consensus_latency,W0HzaEKwrPW1WLVxcmSOhlc4mPmXb8n5G0dAap1mxng=,564.0
consensus_latency,YP98cKSN9IxMCUU9tt/GadwuVGTKUm+cHbQ0+cSkvVc=,564.0
consensus_latency,e16rgVY8OEuCjli2p1uO7SJk5OoFOKUxo9WfVShXddE=,564.0
consensus_latency,svajIioZRa3MoZ97wAyWHVAPPRuZosmaeTr7cM3XOiA=,564.0
consensus_latency,1RwidME9Cay/36QCDr7ZiFhUO7ZyMj6vzl1FnaWYHQ0=,564.0
consensus_latency,46yRo39x9e8fmlHzgcdftEenXANeN0ZYDvG39HKUx7A=,564.0
consensus_latency,Dpgm0GbtWdfkTL3PxaLqZiNWsJhSnZbWA1JIzfE3i+M=,567.0
consensus_latency,D7hh8cP7OcJRmMIa+txA4IzwGSIlmHRIF5q9oudo4g4=,567.0
consensus_latency,bn6VSXUFlxt3OzkV255xyzk7bjBIOM+FhVhkP4Jaj2c=,567.0
consensus_latency,nNrseFuCCBP0+pIfbjqvSMQUH8PTRjc3yBROVdYgVWA=,567.0
consensus_latency,Lv4AVkjwoptCrJzgzKa5yfv0f8Je7UfR/PTyhnJBRyM=,567.0
consensus_latency,NTQBdN90THzr7J7tC47w3bSAnWucleHFE4b/adaT+28=,567.0
consensus_latency,N2xbEVVpV0WeLSlBFDBbkVlOM+B3esthHe2C6Eucz6w=,567.0
consensus_latency,kokStXzUQ6xh8440/A5Qyw2w4jbA1o0wZVd8D+drQss=,567.0
consensus_latency,sIaTtEXqmn+NDoJHnfTfGOl+bWR1TjkwZKmj625mok0=,567.0
consensus_latency,/K/e1YM75YstyebcDU0pV1wC2VHpZPhxdmK5OWdRP5E=,567.0
consensus_latency,BBk29Vkx5ZNpFBVrpXGMxBmo2QhkP35TUjHNXkvRdWI=,569.0
consensus_latency,JNjnbgiQYtTnmz5d4biTr2h/R/nXWaWKcnNRPySukZU=,569.0
consensus_latency,WoUqOQ+vYVG1W+sLpIS+X6APsXuXAtJyz3smWFzxS8o=,569.0
consensus_latency,0Nd08m2xJOs+DWQqMmfzCoRIccifTENPqgl7XfgpVp0=,569.0
consensus_latency,3EO2Y2052HBxNQqQvfUypFJm8tJD78JLPANvFlKaJgQ=,569.0
consensus_latency,Di6ACbUzYe0FHclLXi5JC4ToP7+ozldNah4s+Lppx64=,330.0
consensus_latency,PfFA5N4QbxOyJdPVohnjyexzzj7Is8HRrs0f/LJ2IwE=,330.0
consensus_latency,SbIQWlDMPWAR9563siWGqUxXlZMpPBcgKU1rktc+Pd0=,330.0
consensus_latency,tqmzOEpY9VKZkZmWr35tAmgLXcYInniZivL2f5+SnXY=,330.0
consensus_latency,4L/w4O3tetlBcUorCkBw7dFFoQk4ImL88ZnhgutpBdU=,330.0
consensus_latency,FIfaq9B0bE3+2wg6Ub0RbJGFwPEkvPSQVXpj2Mv/YGk=,1706.0
consensus_latency,QEYZGqMwoy9UtbMAS9muZvYAp5Doj52fW1ETX70GHwI=,1706.0
consensus_latency,vZhHA35sO8WEIQvhh011mxqw0iAASjDKP0Yoqrxm7jM=,1706.0
consensus_latency,9gl7xSejcN3jM0mj8uLV3jdqXfRek97Aa4q9vxYkpE0=,1706.0
consensus_latency,eoKZfIT6Djgh56k0WlTvZkY4ZFBT/RpHMhqEohvPBt8=,1712.0
consensus_latency,kw+EERE8XqxoyVxOcWl4jnkEbAF0wpTEOd4LOCjxz9I=,1712.0
consensus_latency,qYdHrKvf2u/iDsk1t1fnyFsAsC2flVZKpPVO4fyeO8s=,1712.0
consensus_latency,3VbVyMnWemSMLTsl6l2pXv6rPPnSCr8vKihnW199MBE=,1712.0
consensus_latency,t206m2yCD839DJoG8WaoK2KO5aqJ94sv0K6gh+sIEgA=,1467.0
consensus_latency,urZbanRi5ILqkl7j2ZUjMUCbqdDn6OvzBRwAoo9tLPI=,1467.0
consensus_latency,xwoEuEvL60zFTFiy1HjHEVrjWWOZZ3CnsjObS1YBFL4=,1467.0
consensus_latency,5yuiKfO7MVEEvpXomDUVFwDTRzhOvaFTT6di2lRd4u0=,1467.0
consensus_latency,Bsi8dAg9cmDfExPKEG0BhaTX74EUVWxyUy0IZDoZ01Y=,1434.0
consensus_latency,F6s1lngBcJjYO1u3T2UemflCZVw2SVVUZqAz6VfE1uI=,1434.0
consensus_latency,R+c+Wqp5hn9eHQzXY1qPL7J8Jp14ccloUoxkBROqLAE=,1434.0
consensus_latency,olNFcRHXpjn873v2OB7bz4GN7FyXBDZyMWhduTz+TtY=,1434.0
consensus_latency,ziDnY8AXPnBfgs+m7bX2ewjeS5V9l7g8w9yDTEjoJVM=,1434.0
consensus_latency,LwRMAD7Yo0OKjY/cZcrmtFdYZMZYwX6Zq78l5/5JsQ0=,1431.0
consensus_latency,bSXwzUGVTNaAYA7JvS3jOpBXnzKTJoXGhuK5qIej/VE=,1431.0
consensus_latency,e9WsrFe0B4inyfLIGvhf+P4MkxSr1SbfsXHaZzRG8Ec=,1431.0
consensus_latency,93yuH+2r6BidyjJhfO2UvBG6OASlJGmwrVklONxYubE=,1431.0
consensus_latency,Qsxaq0gDTQH/mECQGymJLJmbVF0RurEIpT8avJP0TTc=,1466.0
consensus_latency,hRyQ5+VrZ1ch4BiVDkMVSooR3OKTrSv9igCLQbnGWUU=,1466.0
consensus_latency,r4S8bJfIo6X1S1uP3CgHyrzmfta1tdHKQ7YkNFER8fM=,1466.0
consensus_latency,teBwsR+Pb5+Ji45562es1z1tjYkWJcB94I2myMvGoy8=,1466.0
consensus_latency,1GYhstAE21NI2IBHOhg1WpLQFTppPcWBA4DESndfSYQ=,1466.0
consensus_latency,r/cuMjTMHHO0gZayi4W9ELhrFeDIACJtHcnEmSAK1YY=,1436.0
consensus_latency,zOXoFhIF9GxXhJXCBQtRix9wKqfbw7KUf9X5o4XBjTc=,1436.0
consensus_latency,1HKRK4iwQqdTw17qnFXVtOqIixfrs6uQB1l6wh0h7HM=,1436.0
consensus_latency,4FqCzdgH/CxLyezBzgRQCi6VSPhDStQvc39WlHkq0sI=,1436.0
consensus_latency,J5nVKrtIwOrsCAgmlf0UgMkZ2yxaYu7dClHj/258xww=,1464.0
consensus_latency,XEBTEq8t0asG8NQ6Id2EHuwjJnxv+Grv3JigJOQKgwU=,1464.0
consensus_latency,r+/SSoWCzrW8grraV/hoo534MS2lLFK8B5cu//09l6I=,1464.0
consensus_latency,uke5FvuHUfNaNu+9xtUwx59/Oe/u8MA7nQoBFfGn2oQ=,1464.0
consensus_latency,6oIzFlKzfj7YUD/1K2t2R5IdtAofBqVqpGFYOGL/XUY=,1464.0
consensus_latency,OoADcNiXj2LpSAIv1LWHKRd4Pxls8/uHQO5OQhZ6AhY=,1430.0
consensus_latency,cIeyaGtij5XhtTw3iLWGWU0Yf37wMpv/m47Pgds7knQ=,1430.0
consensus_latency,l5d2ZVFcz/NNTH35d8hvUUm/b+fuZh9gAfeoMf6aAPQ=,1430.0
consensus_latency,4P6iSpa+BGW92TPSF9DSAERfa/d3CAXMe8ghtIuQ2ps=,1430.0
consensus_latency,B/fZgiJukqyRGlSUkH+6hRvomvMhpvNjZuUj6NrjsYU=,1432.0
consensus_latency,FVB6KfDrX9g3k+cl/mQPpqJGtpCK3G4/yVddERIBD6M=,1432.0
consensus_latency,8K3LBHpLYcvLUwW+nwS+qiceWSDUwywCME0+xVxQAYg=,1432.0
consensus_latency,9V+79IlNmdzNv/eyyYh71hlFLMROZA5KE7A+OBNv2E8=,1432.0
consensus_latency,kFXakAWyK/60URBXSISc5C2Of/pjMBFJ2D4vyYxkEoA=,1285.0
consensus_latency,oje+BLf361k3p1qu4gSOU83QaEbXAAz8EH1JS+iQVYo=,1285.0
consensus_latency,8Ht6Bc6jBH74lxFb4ejnuEQF/Fjx5nW2U5L1kyQuD5o=,1285.0
consensus_latency,9kHunEjHU95Khxy9M8m4dBEVKUbZhko9YzQRN5Px350=,1285.0
consensus_latency,+ocW9HTfax+Zrg/vRvOhyxaO3+5zeQOFD/07eTielsw=,1285.0
consensus_latency,PmtUpRamHD/OB3zCf5QU1sQFrQoboVBtTKcORtgfLz4=,1282.0
consensus_latency,mXvZBBaScHLSExtPNS7UsjbRdOZRl3/MOmCCcPEBmEQ=,1282.0
consensus_latency,pHOie1+cE+CLrpxzU6TYVDzL88cJNwqFAGR/5ZOb5Hk=,1282.0
consensus_latency,/XPfX/MYs7wOzjFiPrHfiA0sMwWyRxF5vgMSkELWZXY=,1282.0
consensus_latency,TOn7wRW3SKlvhYx4UK3tr3EJ44zSob2Sgv1F8rRJIyo=,1234.0
consensus_latency,VR1yg9Q7p5TVkHdIifZJAA2wWowS33krnE0//jygBeI=,1234.0
consensus_latency,eguwIT3LO8SOX+S8wzO60qOy/ebulYslTdfLo9gR1y8=,1234.0
consensus_latency,rBPM9Ae3EP9vWfk9kw+lnSZgv4JsjP6th896Md4bt2o=,1234.0
consensus_latency,8YO00PytYikXxgC9w9tC4NxLjDG+ZF4bh/DKapEz2R4=,1234.0
consensus_latency,AF7aSsapuYuEtNPKyZkfD/mylsm9C2F2sV9Si+P2Gi8=,1282.0
consensus_latency,R71c+sNIMhpZNd8e04Qfdoazn14Vp39XHUUx5uGcJRg=,1282.0
consensus_latency,Uf4lhIllaICWoS5rArEwnrc86jiF/RJK1Fuw/lV7koE=,1282.0
consensus_latency,aCOzHkxahdJXcZNBAgX524U7nVtGHOYk3maSmWq0WYQ=,1282.0
consensus_latency,VJFkYyPMuONWlOlhuHMlZEZUqlaKSDJlJHsHiP+Eth0=,1233.0
consensus_latency,cu/T/Q1BmLMUdK2WD3+vTnYDSkGXksdI7s1IoRooYco=,1233.0
consensus_latency,eOHQKVRSx7TIPjJCFbAfQx7w5eWrIIQheJfX+mDsL1I=,1233.0
consensus_latency,wAt9YZCcj8hcGVZ7c4Ed16Bfd1tEpN9MelXYbGlWaaY=,1233.0
consensus_latency,YomuqVoYJ1HloUmqw7ge5GMaBaXClsU+gakpgaIy5ZI=,1235.0
consensus_latency,cIO/Em242l4m7WYXYyy8AwqqhcsNsikUOH5nHtS/7YI=,1235.0
consensus_latency,kkEdNxFtRQLoRntU1xlXIv7054cE3CwjThpAANvNg2U=,1235.0
consensus_latency,6MRq4FVIJ1dScNNnKVT+mYqnR6xDpbAxoX1y4C/icto=,1235.0
consensus_latency,l24JZ3vh7KYor7Q2PJhmvFsBobPNyfGT2x/AZ85bcTM=,1286.0
consensus_latency,oN+6JauglTS2qPNcIYzZOw4fjmaE1NGZWo7+YhkcRRA=,1286.0
consensus_latency,wpTrx+w6ggsZ6di5jOEn7zRY1hshignPbWHYVhWzZVU=,1286.0
consensus_latency,/tCrxhASIU3CUh2Rxjrz5Etf3IWz+e/N+SSfqfuHnmk=,1286.0
consensus_latency,Fbow7W/11x9Jeh3UOugB7vanjN3oYlPnYghBb/CBGuU=,1283.0
consensus_latency,MXBGdEQFvMHJaftbYKBeI56mljV5O+4AfHrLohoF78E=,1283.0
consensus_latency,s50ut9l7bPHB5Eq7bxelCWXWnzHRkdT3RfjHf36E5Ys=,1283.0
consensus_latency,3DPf2VmwHEAYe9Hnn7Ouh6LkYoTIKdJTsOm0inb8Z9k=,1283.0
consensus_latency,6gyxMjwbMIt4VHxr103Lt5mdHljSvLxYtPlU8H9grFs=,1283.0
consensus_latency,/gfzMXbEsCd/ubVXDBrOh3eHkp/g8LVkuGr7KwwNajs=,1283.0
consensus_latency,BQe/aLAfgBz6V6BwwizmZzCgQSW3em0dOVWeaFf5ua8=,1222.0
consensus_latency,WzrhhiOCMGbbUI8n0BryIvxnLw18fpRrLco7tH7cy4c=,1222.0
consensus_latency,Za1QxR7D/1DI+LOh3XUS2is6XdIf+gXYaeLQeoCnfFk=,1222.0
consensus_latency,xUIs3GAGk2tiOoLsGLmu11+aksBz/mBvq12+skq7TYE=,1222.0
consensus_latency,K/h3Hk+yObsrP8VzKDj1Ic3Khw5yUyVcmXApQ7Xev7k=,1220.0
consensus_latency,Sx4BKctF1YUXWd6swYiDi+12t+RCBr+ImRU9SfnP+Bc=,1220.0
consensus_latency,fbId12o+T5EhoiqYwFf7x0lmCHO20bfPT35oqFoBRx8=,1220.0
consensus_latency,zePiek6DGsQEEvv7hdiUOb4NTEB0vX6opt+K8I6Fx0E=,1220.0
consensus_latency,P5DP+DiL6PcsN8URQfxFdn7YE/sS8olxPXp6fmeWGaY=,1219.0
consensus_latency,Zcxv7D1wqD7lVab7KJSKL/1gwUyJmR4Ea42g/DhTOMg=,1219.0
consensus_latency,hcTBQ+3yc+S4J/7ArdS6RLM+h2bmnUoiQsF2E1y87A4=,1219.0
consensus_latency,7G0issZNaOfCFAO5zz1P1McY/NCK5kmTuV6WICzK0Qs=,1219.0
consensus_latency,AK72np6Ys6C7Szcw8rXssHCmAdAPWebBGToePBcTb4s=,1219.0
consensus_latency,THgYIp7rSM6nzIejUls5HLDDCy4K42tA7xeXLPAgTM8=,1219.0
consensus_latency,WUEl/HaLIUFBfUcNS/Ei5pS9+rjfrR5kyZUTFrcdezw=,1219.0
consensus_latency,cE4gdwNxRgKxcTHTfSRQIiv2YHlrB5rEyW1EvrHUze4=,1219.0
consensus_latency,JO5+Gs7F6mgYA00GEbK0OzvxdtYOM/piCKvCj7iAnTg=,1228.0
consensus_latency,YXyzIvWhxhs6VKMIy8xeS+Oi5DdYaZWuBTxUsnpA/hA=,1228.0
consensus_latency,qfhOPIjMwOmW2ymnm7GG35RrePJ6DD8Y/dIsT6NL97U=,1228.0
consensus_latency,zV/yz7qdK2Es9VdxjQTdqzS9UmPYYbs17F9GvqabdBk=,1228.0
consensus_latency,zt8Ak/zqYs0Ck/7gEpc1fi2kjFZSERXXikx7jiPOP/E=,1228.0
consensus_latency,E0h3Lm4yAeJeJPEY0MQzzEv/VsRrT2BdMVF3r65cFR4=,1220.0
consensus_latency,N+CJN9eN3nu2YhBeIul2BdCWLDUMNhm8pWv07Gdd/CY=,1220.0
consensus_latency,S7pWnTSH965aSbwk7VGgGbTvnDcrKPylaSkio8gxMjA=,1220.0
consensus_latency,gmWJ1jt74VdD/nSdMbHddUmYf9vKdMWNndH07UUjop4=,1220.0
consensus_latency,NF0g1JHEaOqE77HBVeXXN0eHXLvvQOeySXE0Al6cBRc=,1217.0
consensus_latency,Wyxs0I+11el5dhVrG42L3wAHxE+WulzzJSNkCgek5NE=,1217.0
consensus_latency,pz9cyO1DPrNG4bEIWbsEbHkZ3oEuZU2tn9zFjexkbxo=,1217.0
consensus_latency,yp8VrA3SlbcYLy/2KUa5y3+Z/dvEegWZUYn6Tc+R5QE=,1217.0
consensus_latency,BW5QffxiJx1ap3N5vMpgB5f+LzLwxEhL0+hz/ImeO9I=,1230.0
consensus_latency,M0akIW2U4eTfyttvt72gDvECEJIZX7Wi00Sz1l8ibFg=,1230.0
consensus_latency,WbwdDJ4PNn2HMhTHuSEkeUxNslZjgDFNVfgvBhif+ng=,1230.0
consensus_latency,qOSmdiWavhOHZP66dnc82ugrqtCah3t1zZrnw4LMmWk=,1230.0
consensus_latency,z+/WuMC+4In+Goz72AqMygY+MKNVSFtRC6WEOuFpTC8=,1230.0
consensus_latency,0Hlf1AmnQcqEk5/vfVKVEQF2nVNJ3qW+u70gMDuRiYg=,1230.0
consensus_latency,ONV3o9yNcc0fOYgUAd6U1e6JQXbliUAM/fa+NpcQGcw=,1228.0
consensus_latency,eRpDjyofdUdRdq2KNtleuTXYZaX/UJoXyTu5UVpJ9cU=,1228.0
consensus_latency,hhPVjV3j9pWm2hQUGWo0DxgST+oc38l3cFHTLl0f9k4=,1228.0
consensus_latency,wvA3BqSOBbOS7gvrYgHd5Iam/7X2qWhkcE690brvuEY=,1228.0
consensus_latency,4SojshQYKsJhjaquSIa6szw716Rbw0XbpvumY2iSHqc=,1228.0
consensus_latency,WSNd5ZOsO7+Atj0kaABNthvPUrnDCPJ9GYY/W7VVv9c=,991.0
consensus_latency,wXuNKfdNHN5L+c9+t5O5YXY/3FCtNEk89YBRpZl3Mdg=,991.0
consensus_latency,w6xxQMjZgNdZ5AzHFpsn0F8X3Wo0C8rBbIIl05Scyms=,991.0
consensus_latency,4aDMPWzHjNDxGiI2qibIrF14pzrU32pyuKb7t09IEIw=,991.0
consensus_latency,LT9kKdFU+evBE14dqUNScnw51e2nMm+M5QnsfObt/Js=,1007.0
consensus_latency,O2mrpm8WbjvU63jjQjaNm4YDju92KvJsd56+RxiG3B8=,1007.0
consensus_latency,W/0bdJ9JoqYSBvr723bT3Khxsx7a8L4OO9nHEgCXhzw=,1007.0
consensus_latency,kvrpwIepg6leqG7TPubtJKJLPew+I1C1qtEIO9Arl48=,1007.0
consensus_latency,EB+0uqkst1RMX6K2qhV8lNiiIp3fk13/jVlElgLMmTg=,988.0
consensus_latency,JyCjL5jbfaZGkqnaPXDl5zeenwj9eEK3tIPcwTIQTfc=,989.0
consensus_latency,RrACyirAQLF4ur1Ivc/BTOC3OgnkJQNuKYUzPz9Rbl8=,989.0
consensus_latency,W7xYxbNdjA/GlaOkDGUb8BkILvV8FPDd0KhHcUuzp/w=,989.0
consensus_latency,jLJ1hCnkhx+ApFvL6JH0A2Cq+o7zoWhprVq1aTut/c4=,989.0
consensus_latency,A2Yv7RrOxSAIB7RKJpz2cQDZ8CsC+bdJ1g4OHte+Y94=,989.0
consensus_latency,KBuVHHEosVwMFWdF2J1/q6bgXVEpT5dK80vaLQD26ms=,989.0
consensus_latency,Kejihj2q1ATwZelkxdjVN/iEa8hk5tZ42Yy8rjLZ2zc=,989.0
consensus_latency,QQfu4hiqGugxLpzXb04lD/0/4MN4XC0AiRzhpMx80go=,989.0
consensus_latency,cquahcxCmDTVxVgsr1weYuys2ZN1kWEHxALzbQph6Ds=,989.0
consensus_latency,6DYhoyTybrQWYY75iIU9OOsNs+U3UsU5shK42OqG5r4=,989.0
consensus_latency,GihLqWYeaBuYoZK+XY+N02zZqL/EwIna6R+gO6eHQVI=,1009.0
consensus_latency,Xu6poY8zpEpRv0VrRo237zAikRl1nf8MJLnNknEGUSw=,1009.0
consensus_latency,dg8tl6uiLz5CGmsRa+hGvpFEOBqsOL5W5OU8iGqn/tY=,1009.0
consensus_latency,xQVS5sv+T7zucQQ2ievOLiW4DZ19HqiUy53in7KmjA8=,1009.0
consensus_latency,D/jOQNZ/TfSQxTss1jvlnQt1DOMJpxajjlpr+aKTFeg=,987.0
consensus_latency,inr9yNOpVsNXafcIZudxj/ojEtcRDg+6lkQd1luCXZg=,987.0
consensus_latency,ioISXQDoceUHRM73BwydZBpMoc78ldbpg40kFIhRwQM=,987.0
consensus_latency,ryxrm8fvQ8nXxs4zpXXAaSuuq/N2n1AyqMckegPEXBk=,987.0
consensus_latency,w9DwoFS8Ke4mCcUNlZWOqSgyaRkna4uCy1ovqzThQgA=,987.0
consensus_latency,GeqEFeU/oACWMXt+3u3xVpL3pFXhp5iR5WkHj6NJ4RI=,1011.0
consensus_latency,K/T1ZOp0nPuPy/y6xPLhURNMa1q/ipac7LOVpsjKtps=,1011.0
consensus_latency,e/VB/0GIn9BBq+pz9VXVtLYRBHTKKYX6H2wdPAnTd4Y=,1011.0
consensus_latency,1r1w9frZlgrrejaQIYzDOzKUSTVsy/rMI0oaAQ71nvw=,1011.0
consensus_latency,AUjoLQ9BPOSbIDlGiT+MeX+on0q+Y4aZyRqEFIddPpQ=,991.0
consensus_latency,my1xNFtKIqjibaUI2llEOM2qSG4/eNX5cNx2/eSE8OE=,991.0
consensus_latency,qLD8Vkf/R+N543iTug8dkSj3Zf+7vLlvFb8aaZ1etdo=,991.0
consensus_latency,ti1BVOnT4Pgbq2q3N/z0cOaiwvZWbgxbhkeoRrumOdg=,991.0
consensus_latency,JwcT7746GadXzpLQW8M6aKtLGjlsFg1CU4cYfr/rp3Y=,988.0
consensus_latency,xEp8jTJGPV4AyOUoBRlvnA9mahWEkUt42dU0iPoGigU=,988.0
consensus_latency,xYt8MFVpjoWWvHSdSR0C1SIFaPFMOh+UCzdMlP/mBVo=,988.0
consensus_latency,1wVT6x9w6hQe3Z65Y8Ue8EGY7/EINRF1kYfnlN/BoOQ=,988.0
consensus_latency,LQFHpMUWLWwZHp6pz/op2vdbv7xQwYPq2e3ZKWAG6Bk=,812.0
consensus_latency,Nm8Qogho3VStcK3C8r1esRFYzIdE/5dEZgJS7AAyUD0=,812.0
consensus_latency,q+ojooYPBrRbJnYyaU3XRmP/q00gFM4Ol+B3M4LtQZI=,812.0
consensus_latency,raRnBqWsCRN+xadzOxC5BMnt2uofqNsQt8EHnxOJP/c=,812.0
consensus_latency,t439CxT+bElsPdrjxhP1gv8mcpz2j8RjXPwevRoyJYs=,812.0
consensus_latency,XD+XIvPKadQ/Pp8K9H9rTFhNu2xydnovYnkhqJ2zwL0=,809.0
consensus_latency,dQrL8WrYW2At7wPHWizt5VQDghxiPgcdMCy0tk+H3G8=,809.0
consensus_latency,o5esuaEuXQ4K89jINmeCwdrpELyv9hdvAJAGMbx6r9A=,809.0
consensus_latency,6GZXLNreDH8TU2RgzugXPUH1y75VCZ9P8HLCxzf7H1M=,809.0
consensus_latency,+81Ufr4hiAXhhJbp6kEbU0CHy+KliWvqB6KCrT5Pw48=,809.0
consensus_latency,NN15KmN/nbTtfgm/nbVvAUFBL/R3NVwFM02oFonSeyE=,809.0
consensus_latency,QJRn6YPQ651xmBqhTWCIdt681hTZhGH69bC4g8jvh3g=,809.0
consensus_latency,RzCMI30R9zvQvtY0Y/T0J5Nle7MHMswIaqcqIF/WDO8=,809.0
consensus_latency,ZaMv/zAEZUt/2zpSX274quzyUb7KX14/k2/oMREXRdM=,809.0
consensus_latency,fvNH+ukz+i3emKGK4MibmKcVWF5tJxSW04+yjDNUJHA=,809.0
consensus_latency,7X77JYeDqEWV8JdekfhIS4A8Kr3kEP83GTUNKYwh9A8=,809.0
consensus_latency,W+ScsQVi299mjpLnanLGiWDYyVetWJZq0JLje6GYHnc=,806.0
consensus_latency,lA94uunz7FTBz6yCHqHLmh2xEJvwA0uIMgDb49TQM3o=,806.0
consensus_latency,uQwdtNjJV/waOj+x5ZqfUDNI/hvPZY5ipc25dx6uMHk=,806.0
consensus_latency,7ePFJRp53P2UoOVWm6mm/IHutcqDY53muvdjt9X+OGc=,806.0
consensus_latency,Dzvm56dssH8nrDjq4vhFnvWBg8YP/B3g9gi0deuWigE=,768.0
consensus_latency,n0Udu2q4Y5eLpviHlMmy/+AncfrYZHxdaQltptG6U/Y=,768.0
consensus_latency,s3XpXLmA+4aV9ScA+5MpQBIAFUmNdsLYKVe6IAwNrmQ=,768.0
consensus_latency,2zIowSucZlrHENhdsSu9s2MvTSIuqqoxt8XzovW8VYA=,768.0
consensus_latency,TNQyMAc2CDKghEZdwMMc38pboJZt8a99ZSa3+gDtah8=,768.0
consensus_latency,k5FJgeano9Fo1pKj83zjnR4lhWfUkTeaAoaSzC6I1yk=,768.0
consensus_latency,qBvcsFDXmoxm15/hpqxK6eI+g/W6QSvmod5PuZ11ST0=,768.0
consensus_latency,zBJ7d+oH+mHGKt9kn+YOP4SNb77CEcWH10tgGOFR+uI=,768.0
consensus_latency,4H2jT5o3TxN4YCe30wodQhdwWrUF+Q86l74RHqIGWyI=,768.0
consensus_latency,HED3bqJw2lwF9/STaq/MaCVA1Uxeqyy0cf3SDExBcek=,808.0
consensus_latency,N12HAXGL5uYUaIH5GoEoLeAOhQeESRxBpwBv0mNbQ7g=,808.0
consensus_latency,m3anTXbcdE4VZZ5mJ087TKUJWS+n+uxpb3buX74AuPk=,808.0
consensus_latency,uhgAB28jBF+PExUkssT7lkKFFkVeVRaQmpJsHjQzYwo=,808.0
consensus_latency,cBS2pqsZ/QcEsw6swkx31q/zY4D1TAJyZDLyVPxaUZw=,769.0
consensus_latency,wgqEsAWwW838b634rAeOzJ44s9FR+GxyUP/7WE7Rj+M=,769.0
consensus_latency,xWbXsZBtxf7aUeamyVisou/BaV4e8xfSfI6Z90MX5a8=,769.0
consensus_latency,1Po3jPG4njbWlUuC5CGGXntqtKG+bmQMCcgcdYL2ffU=,769.0
consensus_latency,4NdKoDsuQMHtL+lfIrRVT6vWVuMNTbeeIRQ3qiYU/S0=,769.0
consensus_latency,+O3WGa+WHvp9qH8qG+fYg5DAOVOwQX5FSiQOqU9nuG8=,769.0
consensus_latency,HZNHPCZgIWOYADrYM4ifXnSQW1PyF29uq9cakYgFh54=,752.0
consensus_latency,WSZwexI5V1ZmORqOSNMK+t+yOeKkC3R6M9cibY3ZLOU=,752.0
consensus_latency,k9tyj4jmNnarIfsyMO12Yfb1PyLMlSZ53Bv4q8y5iaU=,752.0
consensus_latency,xTEtBMOwKItEQUyoqAEEsRqfru+1fwODi0N8sDowByY=,752.0
consensus_latency,D86h1NHQABkyRyG5R2EYr1g2JuOMzdULVDmzfgoaDNo=,755.0
consensus_latency,PWXYmGFg+fH4NWkSQvkrkYfUvDVmU8vhpI5pJ42R46k=,755.0
consensus_latency,SsNi7XVAT6lPIVGjug8eMQW730P6ufIoNHDB0ruA81s=,755.0
consensus_latency,pu8Vbbjymb6vOzCW3IK/zIzA0sV/IBft8YSBnm1UV48=,755.0
consensus_latency,0voXC75xronEnZy3vUE4pcfW+tUEj359kZVs+vBbt2c=,755.0
consensus_latency,AwhsiN6CIChRZsbgyYyC/2aQSjKZl42f1iZwSFlezuQ=,754.0
consensus_latency,N5ZWL2p/H88NXySOCLFjmqJfqq2SZDyINW1QI/sQFJE=,754.0
consensus_latency,q2on8FOWGutxRA5aId57+0LgzgRUA0dYQwcivihpqWU=,754.0
consensus_latency,v4GZkr4l/unTY0Mzu9SQi2wH11cWaEm6jJMUgRoouik=,754.0
consensus_latency,meitDH1gk8mQxMlkqhq2mhOr7poETPCnu2sKxlXl02Y=,755.0
consensus_latency,z++r6XWrt325AEPekXzykXG7429jWVNDgzPjRmnzYag=,755.0
consensus_latency,2UNnQJka1wCNk8w82tDens9D4z+2rxbbnt0jeAB/UCk=,755.0
consensus_latency,/6gIxz2HNyUlE08WQSM/bkMjlGxjR8N30bpRgfHasls=,755.0
consensus_latency,P4a6DcZx1agKM4v5fRlfOGIP449MX8A9FM82lzPuhh4=,754.0
consensus_latency,hEnnjk9cMS5IFyBdLYPg0mkNtznwe9u6N1+NJMvNmSo=,754.0
consensus_latency,jImiAM8czkriFrFZm+c0VJkOUddnfR6GLm/psh3YFYg=,754.0
consensus_latency,qYVlQWJKzZsxHWVHg96jmq00pS+xpQzeyLSmfFyUbAA=,754.0
consensus_latency,vO4jrpQAfUtetWySRPjZbZwkZavH42IYmDQiXUOZWTQ=,754.0
consensus_latency,WDyU3QLb8TRYWuKIBYScA573QWgOnt+1dcmj7u574mU=,755.0
consensus_latency,YHRKlfH6XI3J+pEietaMpOIQxz4yaSzxdv7eBzz1owI=,755.0
consensus_latency,yoRufGEgLq8zN649tT1HyQEwbIq3k29JsGg7X5ef7+4=,755.0
consensus_latency,44NjdMGVm5qtuY7Td9pVCmVxhWxsUvdCTaEp8GCYkpk=,755.0
consensus_latency,sMe+M2NhQD3Bp9C6kEorBB0BzXBw3nlZHj8BBWABMvA=,752.0
consensus_latency,1f8PIxG4Yu5F9x3Ah+JWf9TAWPjKgjMqEvQRqe0nhk8=,752.0
consensus_latency,1+jOfcubQSPLgkQvZl3calHvCcbkY8M99Fxyjup+w+0=,752.0
consensus_latency,5UONQtT4rMJ5SJngJjOehYUNlKHPJ2kCZa8JUhPConY=,752.0
consensus_latency,G8//JpXC5DiF6Ce4fvfiR+8gXxaJQCiBFXGjVV3nA9c=,501.0
consensus_latency,oQJk8qDEjplodY+cALj3ruNAV0rrUjo9UMtQxjxWzB0=,501.0
consensus_latency,334+17+t31HL0pLixqalQ3FckbSwNdLgaqFUN1TYIIM=,501.0
consensus_latency,9WdOKNQKIJH+xbXr2EDtENzUX53UXImqk+0wM8xjwiY=,501.0
consensus_latency,PTAe0+QP5/2Xkx5Wu+MdshKbY5sOy50HXJbzKU11Hao=,1069.0
consensus_latency,bcPlA+vtqsyOtspOkQWllPyXXHX/w0gRgHlSZZakdag=,1069.0
consensus_latency,jl5sKsYe/8jPpwmpK/5ZaOfMIDXrncj66YqQEUAF0KE=,1069.0
consensus_latency,3BZxu/e9ajGpc4Lvi89GdJLgOf9mj/EOesG1/XG/lDA=,1069.0
consensus_latency,PYRNxDrTUFqIBToi85PhcQiENdHxKyecMum0DjdcBcs=,1067.0
consensus_latency,QBNMEGtdbUmfjwklCF8Gv4YFb3qHBfSzYYlN5KbRWBk=,1067.0
consensus_latency,aMmcZwKE11sEnZC2CLziIs6j6tnGUhy13ta10ljclQw=,1067.0
consensus_latency,dbmQc4U67G4hUtR6dXu3/mpOUcAfW5DObZVI1B39WpE=,1067.0
consensus_latency,kdwzhrLViSu/mMinqHeX4ihRFf7QGCFWVVSEQYymxNE=,1067.0
consensus_latency,hlQQa5aGf2E9As0vUNGpbo85uLWGqNBS1yp/frnQLCs=,854.0
consensus_latency,rUGRAYeXW30Tqwi5Iq5C5zDM5wGs1g8a24uuKYZ0C/Y=,854.0
consensus_latency,2mR+qmjG9z+q6KEsfOF3I5Nydh2V4DJWNeKX30dmZKk=,854.0
consensus_latency,+5HFy57RYqOJp8rzqvawl1QjVmVmRjBuAojt8Ox2mio=,854.0
consensus_latency,AU3Ku7r+U/L2+em0R18Tsw9hRyDOXMTlYDvXVSzuLEg=,814.0
consensus_latency,Z4iWlZwfNDurK9kk6NlqywyuZcel8Sd3l8Je5lJQ608=,814.0
consensus_latency,lTAZ+3Ev9IRQMMLfm0kL5XVw7R5+FgYBjnNS7pZNYGU=,814.0
consensus_latency,vKoZWDz+clyxeE44zMedbX3si7x4cV4ZBIOMLia2AMQ=,814.0
consensus_latency,7yyNbh/N7WtQUGV3KAWg9BP4osJc9pW+mPsSBXUql48=,814.0
consensus_latency,HjwcpmfEmqZyCFnNaspD1mFCD3EFHQPDi2hXZTE9/bo=,855.0
consensus_latency,5MX8+SGohkQmaIcbrv6wMeVQE6gUAzg8qBAskmylHgI=,855.0
consensus_latency,8Lp22eDD5LB9DDCMhpVwlGg7Vgvq2TivNOAA0XlbKyk=,855.0
consensus_latency,9wIG0MV2GuDJg/4WH1OOJubdqHQNP1bojR7791XK8RI=,855.0
consensus_latency,efRGWsez0v3Oz9Ha3SCiFAJYCGt+2ZHkwGtn8zZx/aM=,814.0
consensus_latency,oegOh56UfRwPLPp93OCjOAWRk1d4ksKXXxQ50jPUPqI=,814.0
consensus_latency,wGuQ9qD6T6jREGEcvvKM7tDgxNHxCILVz1QA1b3kidI=,814.0
consensus_latency,3FSWm9ZtJEznLXHgEGIU0oTBFCEqa80Pwm2EeBpKLo4=,814.0
consensus_latency,+vEUCT2y4GnSRYwTF1JPQcFnf7Y+ImStKu/d3hNiHwU=,814.0
consensus_latency,AUyP/sJEoa3EkKvMAdFgm8wKaZhPPkJ6epSh1EOvOVA=,854.0
consensus_latency,B/qGFSdyFKwxmEEJBPpSuVL39o6BHo4wqlsQtmK8EOE=,854.0
consensus_latency,utPmHtgCABF0jSEcDxAoU5pM67RsaCOf0Bcstn0j39c=,854.0
consensus_latency,yKKMro8FFbZSlztqcGvj4xtu56Z2JvBfEJhHUumzb/Q=,854.0
consensus_latency,Ch5CrXEcbceVkkUS1OQKl5axqhFMoDf7Xj/RpQmPi0w=,816.0
consensus_latency,i1zdZ3uDNrYV2XoMyuX0a7/4oQo8j1LhR0eHPAVqqT0=,787.0
consensus_latency,oBlDXbPAGd2Pdom7LGzPOSKAjv2a63km/68bs47PvMg=,787.0
consensus_latency,4Ek0BWFMMIANEi6O21fAGFQ/5YjEGzdbeanOqHw7yR0=,787.0
consensus_latency,5bfPDFMCqtJSn9eJprrgGhkYPapy5xPsLqRTQ1PngdY=,787.0
consensus_latency,JRilbO9rJwpc1u/2wy3+MgtMSUhX1eWuGRF4SRVvUe4=,807.0
consensus_latency,fcGdg09PjGOcfkczYsWvPNzbpWCqGiXUVhbnHbsXqcI=,807.0
consensus_latency,hCqtFOzTphVJF0lEy9OKiKJhDzMrE2O7Dv2Z2TKg0MQ=,808.0
consensus_latency,mhl0eBzLACWIbKPc+xvpB9wtHu4IfRQ03NZ37BWRIJE=,808.0
consensus_latency,LBsv9j86HxXVU/RKqadxVy07DoTyvUiJD1UHUZqiQnA=,818.0
consensus_latency,S+zC4zy/DgxlRQdBn6N/Yp5CHPVKjflJFMz4qMRqdr8=,818.0
consensus_latency,aSEHuFTZSWW55R7N+YRWbjUA7JKb6M/K5DN0j6lNYxU=,818.0
consensus_latency,vI1n32xBtX5IvmY3MjiskVRSPnhjZmMSKVWpihUcqcY=,818.0
consensus_latency,UJNvVfIvHDL6+04j+Hi3qPx8da5KHztyPQe3JZ3TsbU=,664.0
consensus_latency,oboEOlbeeFAiO/+IFiFgxxj/hUgqXdPL57TnGIBLaac=,664.0
consensus_latency,yXMSjfLbMn3WperwvXDk4zOKDDumV5mOIfwEpAq1Ys8=,664.0
consensus_latency,yhe/Qib/cNFfBJncfISHFe8RvdtOPfrDG+58MekF6oI=,664.0
consensus_latency,LAFox1yoKxWJleTpCMoOwOV+Vx8DMyhK9BN81gZFH7c=,639.0
consensus_latency,LSuxSzcRal6VDGxk1e7iJ4CmqJIfxkEnwvT99ufTXrg=,639.0
consensus_latency,ne2C0UUlPpLQn2LqWhRSCgikiCRF7mz9nftySrh4UKI=,639.0
consensus_latency,/gfnTCI9uoIFUP5LupUptiNygPd+okzydAGSCFf7NVo=,639.0
consensus_latency,EOSivkkulA/QU6xDZKfYkzpwe7obGrc6etQMi4MqkRw=,664.0
consensus_latency,L1KpC+g6OeX9OnyHGVF0eRVc2EBXJnsdlUrPrCk5MDI=,664.0
consensus_latency,s6RGCoXi6Rahu5kQUtpH4WG3yTmYxCnFNsGZKb1E4A8=,663.0
consensus_latency,9AbYu+V6RKr+vANK3j0edDSlEB+fuFDXtJWnZmg90Wk=,663.0
consensus_latency,PiSDp9Bmk80ACpVjwBb4Xg5jOT1emFuWyLPMW7vUNms=,634.0
consensus_latency,adbUQw01uI7kJ+GL9kQ4ZjAFKMQ0cOgKtnKYQ5ZmViM=,634.0
consensus_latency,zbZlHYVX8TFbx22kSi7CWuS2d/FzGCWNa0vOhDEiNWU=,634.0
consensus_latency,1R9QJsEZFsiE0iTmhs5Ptp9jIjinTuBpi6tnSdkvB0Y=,634.0
consensus_latency,MbcJ5/16d3y9/CYqGq9CA+ce7rS6Dv2hr+XoSVumFjc=,664.0
consensus_latency,Q19NUlV+4G/WcpaEUfLtAQSD+OoiVETLPjrNYA3mr7w=,664.0
consensus_latency,UDhnuhFdvk+p94B7rIH2PhQWzCPZF/+jCccb8I3SpLI=,664.0
consensus_latency,VN4lbUCeLgYhUJdXV9J30nv/wwn6yAelVs1jh1F4g4U=,664.0
consensus_latency,uyO1ki+ElrF27B1vtiw8NkDTYbN5vJr+Pfk9xAm0rJE=,664.0
consensus_latency,B5Vh6Kkzv/evdq9/UoybsJ+NejL7U6uWfqfSptqneRw=,663.0
consensus_latency,FZnDk0zhbuoMQ3slZ92kDLsHMmc5uXVlXquIfmy5LRI=,663.0
consensus_latency,jf9xXrfg2zAu6vCpWp1kvEj5Ny+2sy8B5c+YQziRttU=,663.0
consensus_latency,/DJOCEr2nyfJGfLA+F6KyUWkHIplFkoVjDHgs/rgub4=,663.0
consensus_latency,H2h9rk15ZwpV1w4aq1W5NZ9gq/3z2cC0w+eacgYtZR4=,664.0
consensus_latency,khVLDsXAIkA78c3kO0acyO5fsGAC/73l2mS8hanMtrc=,664.0
consensus_latency,nH/PKzzXr8F1v172CVTbys27+IPEzC4TIqxctduVIOs=,664.0
consensus_latency,txCZ2X65vx2AYcjttZ91nYK8iU6Ul6Aqub26EsFwAV8=,664.0
consensus_latency,0hpxlKIRQboHFdz4HBLLcpUkjCfFOek77RPaCgp/aJA=,664.0
consensus_latency,nptNJ3mrSQdl4cyzAD+/wI3v8jrSOeQnPekNz64au9E=,630.0
consensus_latency,n+/bohx6iCKEhbeAL3SIrOnH5apPwXVIVZZ3djdXUjM=,630.0
consensus_latency,waghf46gmSLND1dg9owbfwCRX3VqfICh8mcHGmEWy/g=,630.0
consensus_latency,3pklRGx7jZVHCF1NnpAB+aQmmyiW1ypl5XVMEEdyNP8=,630.0
consensus_latency,6q55iHDVIOyRguJ70YgkysYemm+vc8P2k6jH1W6wzbw=,630.0
consensus_latency,E+kuIUM7DIwVz/hJnSMt9MfT5XAh1+BKUys9eCUiaTo=,605.0
consensus_latency,JZqDTutkUWDm9EWP7PLYhzmAB8imC5cM79fNOdprU9A=,605.0
consensus_latency,OzXiMmOOt6OaZ9KOnOdvS14JFyuwraYuDSyss0DsWMQ=,605.0
consensus_latency,gg20tre1tIu3HltJy5+l0EdaMHdRJWk2bkZnY2kcrUk=,605.0
consensus_latency,JynIFRbYaUsInbhgWaa/0GELige0ZCmwGWT8SEZENTQ=,608.0
consensus_latency,WyhLBI8C+d3anOKCRnaK+/4DC7GKF5k4FFHaGsIm/Lg=,608.0
consensus_latency,vYTCYvJo2BsPuEyQZEs3/1INUlKT8mkEql1emr3II0E=,608.0
consensus_latency,zGcYtaa028v4mzugxB91AVOM/aPtNAnwBdRFgdGgrwE=,608.0
consensus_latency,4PFOnWBONrWgQh+OePKNadN6I6dXfA1Hx0dlYl6qEYI=,608.0
consensus_latency,U+/CqxAXbrU+9f+wGQntXdWaXQVVbuw3TB+6NPaCDMc=,609.0
consensus_latency,ad01runepZn7IgH/XT3mddJRMlTtLrHNpe0GEvIru5k=,609.0
consensus_latency,z3LZjXIbOMoBPNUB2lwoSVn/tH0t8lAOMTNO+WZRiws=,609.0
consensus_latency,IBwvCNuA1EXnroHAuoevuFIJ6i5ZTvvH/63N/DmcLfo=,606.0
consensus_latency,ZEAIVRUj6iRp1sig6eCeBbNzcY1BoH5Bl2RaFEOBR4o=,606.0
consensus_latency,cfwD8THfghOBRK7lde19fN7+LzjpCf29YN02hd6b/30=,606.0
consensus_latency,1yUk2Std4iMC27hooiRD/JMAhkIL3cldxSCfHlfHZZI=,606.0
consensus_latency,OBDPO+DoSz7pDtgARCmYEVbZzCwM25yYmPQEnPc6TWg=,611.0
consensus_latency,5DurUx52QCat6s0kd9ouOz80GDb5+P7eEel+qE5ENg4=,611.0
consensus_latency,6B5zt7GUOaGyo4GLDAWg039XkYI1xYzSN6ekc0zXJGc=,611.0
consensus_latency,7aCosMqvQa4JHllIIqDFaCx6DDq237DgLfiz5aZEcGg=,611.0
consensus_latency,PFzYyn6DY8+6twX2d5UlecPyLcbJReiQD+lTuWrkdrc=,607.0
consensus_latency,mu/X4koKLVw/hePFAH1FCrmn13sP5LuzUgagglG3+jg=,607.0
consensus_latency,3T7myFPw2U1Lc6zy+A25JK4vFniIYl1fjo2ebt/JmtE=,607.0
consensus_latency,8rIQam0W87RujisddJycETJeXnyaf8LBgV8CQFJh1Fk=,607.0
consensus_latency,ZuD5cCgxgc+HA34dUPQ7DUavFf4iM8kZrws97JiR2y4=,607.0
consensus_latency,Zy0QxsHt/NMGS9RRCzI1ro0OgkbumbTRmJMo64+3d/M=,607.0
consensus_latency,dPNLafX3SRP8VgURqZlAMVdfNlFpjjXRBF4Qz6g+Dc4=,607.0
consensus_latency,dxQciN9GE/LNRy/2vDs9S2Osdmxag7kl463Mvr5kT6s=,607.0
consensus_latency,OxZzUxkp2AqJHcurWYNQQCekBNZZr6rLUPEEdYgwrVo=,384.0
consensus_latency,fyD4O/bZ95BZGoR2OrN67nDfjgc/2KtBkizcZ0MyU8M=,384.0
consensus_latency,kJjJK1D50sP2NmEQIil8/o4HVrlwgwSRJ8SCawCh6So=,384.0
consensus_latency,mL6/CkCFRp/Q+n0+w7q9xh11sk/nwoXCJLed0ejto5Y=,384.0
consensus_latency,Br17Yqe8lGjp+fJshrs4NQqGChv/Bklafk85FRCSujk=,1079.0
consensus_latency,KaYqIJHmO/e3D2+ckvlzima1Zu5Z8PJc8X8ZGqZ926k=,1079.0
consensus_latency,OvtkVTTNfnGI9FqHYcgZ5mUkLM0cRgN5hvPY8vLISo4=,1079.0
consensus_latency,TEHr+Lu4UkJkh/mjHRDny1ChW0z7BwsAjDYTrlsZOT8=,1079.0
consensus_latency,w+NsxOVVd0K9Qgi1bEaLDAGQwd6smFIYJS6AV/MFky4=,1079.0
consensus_latency,DSLcWkthYne58AfQkMMpEbiF6+JydMR2yX0knPToTJs=,1072.0
consensus_latency,MeNsN1jEbu0eCJbnFIq7pphSh6HwkUHPqb8qbybEvF0=,1072.0
consensus_latency,esRlaSdoiAIa8RVuyxU852J5Uyu9xRd1qSujT83oDl8=,1072.0
consensus_latency,2Idn7IRnGycAn+8aeUZLLFLUQ6BvQfwLMoa67m+SqE4=,1072.0
consensus_latency,4ek8AtQ6iz8Xl4dh/4epGfCvkjO00qyhxSYUrnMBGDE=,1072.0
consensus_latency,AsEt1PJULd48FJD8tXxeAnBdloWPsQL9zEok9OCEemE=,848.0
consensus_latency,L0rC/6gXgKangHhJdFTEf6koOPW3aGgunYKFjKWHkiM=,848.0
consensus_latency,R/5fwzKuoOjOhXqBrL5lzrMmhmFVx09M8LNsqggE5ac=,848.0
consensus_latency,kKfsEa/7DFptPqt1xNVlbyyo++1pbaM6RPj2Rl9CakA=,848.0
consensus_latency,ouITY+7JS90zyEtaVqPSFAdx7OH3GFhdRI46VZrkgZo=,848.0
consensus_latency,80mPUZQOhDJl2O/fZx2V0WqF+3W2OiVNPVoFeBP8dRM=,848.0
consensus_latency,BFYGSxzcFdUsmaK2gPeSrlz+TIRyiWlBQoAMMYTrgOU=,848.0
consensus_latency,HMZ/p/0svvtFAQOcryb3kmMNMzVWf2YXmpUJcPBIAAE=,848.0
consensus_latency,OM6RCH3bGrDUyM15TB1kStCprzUA8cAwuCRf7VDGQ3Y=,848.0
consensus_latency,blqyk460LuFItpD43edO5oae/cyF5n8o2qs9gKoWZeI=,848.0
consensus_latency,EsJUUQ2ESo1/+NgP1PH2NzMbN/VHswBTNRpD2oS2jao=,849.0
consensus_latency,d25BUr23TU1qt8ZetvTdfvY2UrxtqWAMgA25fYvmzNw=,849.0
consensus_latency,gSCeQkTd5QXifigh+BqCUvzrA3iOzZCiqXVP3AZWQmg=,849.0
consensus_latency,u20JdY1WRTOqswNTVVDZDKqo0x1SWvIPdm5kfiKvGbk=,849.0
consensus_latency,Y/f/TgsfhGXFpWZz+r12R7jL+G2ByNrr1WlH3Aa6qc8=,839.0
consensus_latency,btI/tTf4gguS1mlS8VCmVsmygKlNuKXtKOMZXc1SYlE=,839.0
consensus_latency,pqOggTB5Hlw6iU8dYeT7zncNXNoZyobjKmxsRQRGdrg=,839.0
consensus_latency,vde5PQBkBy81Kp8kLXMS3xE53vONcedyer36IuN0/aI=,839.0
consensus_latency,w1I7qfXIPwbxqIW+OGMiyZa+HefZ2KMjskiSLwcwsBw=,839.0
consensus_latency,QRTbEjSHGMBwoOxi2w4GuHDsfzimfqPruSkLxjXYIEw=,851.0
consensus_latency,WEIM2jn9cT5oT0Ud1xbXSGPDaBE9iBEAAxEv7iXG5uo=,851.0
consensus_latency,ivScIRlIK6+yfVpYg3FLi7c/U+u6LV/QEQyloJtQ/ks=,851.0
consensus_latency,84L/hWzplkf/0WNssnxYPh5MuQ54g9qGC3V+SEKSbSU=,851.0
consensus_latency,N+k6XOlgQXbZLCngI1k23KjiQpTtyTQ9yxKQyh9pdBY=,838.0
consensus_latency,Q3tkqSkH85gE9HCbD7B6TvTyufM8UboevtAntv5Ppp0=,838.0
consensus_latency,qR7yAEIWKdwEejCpZy65a0bVoFc1cumtxnhyOXUtcYk=,838.0
consensus_latency,2uIxxEY7MQX6qKX7SVaLTyB7poGm8HttlRTOIdoJ9W0=,838.0
consensus_latency,/wqqsuypuNzQng+4uQBTPat6CjtPTQPQGx6MUpSyvmI=,838.0
consensus_latency,DhnWJXJ+3MdNYNrOk0FMCcZcaxKiiiGj12hOmRvkuGI=,852.0
consensus_latency,oS5ndeA3hnLtbohgbFbrNEQLy7aiHj68u0Kwr/OgxO4=,852.0
consensus_latency,xyI8ZIGD9Khg/BAytjDXn4uX4ZEOITH76BkuL+19cRI=,852.0
consensus_latency,ydaqVZ9UHMtI/7KT9k8MNepvUmweqRA+OezMbjSfvd8=,852.0
consensus_latency,cYdzlVTEzvYItEgXzuY6kMme8prsLITY0yHJwO+Dmc4=,838.0
consensus_latency,6ptezsz2CoXzQTOXKLaroLCCO3nWDhfJlKq1M3WWOKg=,838.0
consensus_latency,/zElHtzg4UqqoTpF1R3OmWogrqKeYT73uYFCHJc8PD4=,838.0
consensus_latency,TO/RaUqGe4lhT+dBh43eCZCjbuDB/286xpPNX4YZrYY=,664.0
consensus_latency,eJmfgAv0COvgwXhmwjdVqLc85UBfak0HpIPnUyl6KSc=,664.0
consensus_latency,wao0lPyxjyM9DCnOGYk3vQKnggWZz0nSSBYyM1jqzkk=,664.0
consensus_latency,usfp8XpXOaQmbHjBG4uVBSTSz6tKJDysmpQMUREW44g=,664.0
consensus_latency,vVhkSu0F+3AKssymblsACL9kzvVzr0KgSu2iqffZhxg=,665.0
consensus_latency,w4E+l2M142SgZdNX1Xza16oqRoZpw2tEZdD6UMpilTQ=,665.0
consensus_latency,D867kVTcI8YJX/i51w1GeV0NqCqqYG/1lRPzuhMwnTc=,666.0
consensus_latency,Sot1dSIIyaisz/yfanPsmdvvF3B4TAhuX9JrrFV9Hik=,666.0
consensus_latency,amuCmDjCIEg9VqhjvgOCYSo7OyRxbkGzkgmXDs2fFHE=,666.0
consensus_latency,qGdR7TVRIr7auAKWz8SWQBBUTEMV6p7lIuD4skhBGSc=,666.0
consensus_latency,DNlc8Bz0ViIcePvj9kj61F1fKewuAdNRVWqkqAcyhBs=,664.0
consensus_latency,OXDu878HKPhYMIpWIdaNANGVwShXS8N/vTGcLcAjOf4=,664.0
consensus_latency,kxGSf7GC4tmlFZrFdATFop/I8kjGhzT04POh8n3lrGk=,664.0
consensus_latency,yfvuNNAa82tsr8U+SAMrSZV4+IRj/dcGCarNR2afvEY=,664.0
consensus_latency,E+ci3khOuT4P6m5vfoikC4IiwhGW9fKuvzOpryhgYBQ=,667.0
consensus_latency,LOPsvaNU/H9xrIbVfbfeOIAe+ytYUJ06yH+0+GwcmQo=,667.0
consensus_latency,bBK/pBcyWeHr/PbauDEMh8Rboho11HXfSXg7EQ9BCu4=,667.0
consensus_latency,ttwUGgHOQi4LXtkSOHxFXkh+zwgz19gLcau1ArHyBYI=,667.0
consensus_latency,9pz9E+a2oNoGJZJ1WKV8JwnydT+BpJRxCh8ZUI1NCR0=,667.0
consensus_latency,I0s1jzD9N3slMRuXAaRnMPYhoSeeXjEmHUdfQ/a5kkI=,612.0
consensus_latency,XoLnwe5cr7VLXDCsvw/wfLebDmUK3tpDvIuzAn2KqhA=,612.0
consensus_latency,ej5+vX/ToTeICOYPJCEbf1xRMIo4Lo+/yjyw2MdbVvU=,612.0
consensus_latency,4Vy9w6EfSjVwEAxu8VhUZW4jOsfpjaE/h0JToUlPzv0=,612.0
consensus_latency,GCt9Zod6E9P5JtL37VeEnqPDZlWRHRUwICxfkfTauwU=,616.0
consensus_latency,GJY7YQ1F3tO2NeJXuNoPeZYaVRKt6AdBNE2Z0x8faPs=,616.0
consensus_latency,TXkSeUnFmskGVAPYDG8cwM31ZsBF5Cl3jJyc0/2p3Ao=,616.0
consensus_latency,6I0X+8uqmCjUsKJSbD2f5euDlmslMYgLP2gP1C1QlJk=,616.0
consensus_latency,+1oUSUTzVn3haObMEBreGRprz0jKoFneF2fVplhs/xc=,616.0
consensus_latency,/h+qdpenSEGDvY4WnKrlKMjIzk2yHjH93FIBSgluxLQ=,616.0
consensus_latency,Cm8/Dswj7giL93DSjKuxiiKrQZgCGdd3jSEA9NMaJe4=,612.0
consensus_latency,a44FnrQAtNZRbHKYxsHiUZjJ+cCvyH2kTzCMzycmYg8=,611.0
consensus_latency,stGuX/G4PBWSycOlFn2xT+UuKEjBAZixHEqA15Qo1ZM=,611.0
consensus_latency,6gwEZSBKUPcg9obmXNyTfdDJ7w1uyGxkUSR5Jm7v20s=,611.0
consensus_latency,ARxEWISz7T6xU2fE0j6BIHDssSN8IswtTj7Lhb0MSxg=,609.0
consensus_latency,Qm0YochDGzruyBV9rNst493Wx+uj7XRuXxK4hgxwxFI=,609.0
consensus_latency,at7Vbzu5B4RAyb0fseeEPX841v8sME2RHmXqJL846ko=,609.0
consensus_latency,dFPHVQ98oRgq5sMQHNbpQx77I4R2T3H5HuLIA9qv0Rs=,609.0
consensus_latency,KHAWP8OY9tLiDJTM4ebv3pYiQZ+zHnv10rwiUPfdt+I=,613.0
consensus_latency,bmqW3Oiuzal/Kk+O3IPJvujCKVpq7/vi3VT2bMGpL74=,613.0
consensus_latency,eMM6X5uSccM3t9Ag5bEazf8EWc4tpk4ZaBvR7/b8FZc=,613.0
consensus_latency,kty1iYnQKGYVVi7AhkMUEAIXhyEQbuQ1qc0J+1uaEE8=,613.0
consensus_latency,xrSb7OMtrU6CsQpAWYY7KuNrEqnJdS5preDkSriSW98=,613.0
consensus_latency,XcoHznZKfLYbXyGuJwyFy3IZKwcHcJ9TeoW+V4oU52k=,612.0
consensus_latency,YPwFW3E4V9ef8EWDxo9nu4+CN+GAk8xqonIOTpRCWqs=,612.0
consensus_latency,dgaHRJgFkDpHH/uohLRrUGJwfSLpHOVRNAL811k2+ro=,612.0
consensus_latency,1xeAqIJXwAosNqRUipG4R8CrU0kGkaOun8bGrQYSsN4=,612.0
consensus_latency,JKVaE1eAFraGCd5zkIfuVkB8l8Re3iU7jUtbiXSY+jo=,610.0
consensus_latency,SdvmRtJ3M4t8Ew+ufzpRA8+X8VQtuMMrigOfttONZ3g=,610.0
consensus_latency,Ug4XWowgWE0mdhJCye3H8Jk+G1k+K96GC+bsNjnPnDk=,610.0
consensus_latency,uTwY7+WuE1Ek5Ab8T2Rx8eV/6zEuQCQrz+D6IrF0ITQ=,610.0
consensus_latency,19tS162DcNmPVy1sIU/ooOAkT9fL8kswyeKachXjKXA=,610.0
consensus_latency,kGr1lXvPv9pS8LMgtvXzhTr1obiBSs7oJtD1HXgWq5s=,609.0
consensus_latency,nHz9mRF9jDGv1o/1NKcimcg7xfOiIptwCCBhoU3lx14=,609.0
consensus_latency,oFSeofy3kAVsden9Gdv+RGlewX9+sb7xD1DoZK2MbA8=,609.0
consensus_latency,6kVdQHE5sN+tOJ4JGLMRGKMEPTYuhgXUyGQb9Unc2dE=,609.0
consensus_latency,jj96N+zdo5FGAEyFiuSZ4u0RY6x0kqydYtssax0sTWQ=,614.0
consensus_latency,kSj3yn8OaQuvUKjB2Ou/R9GoiTXztx+aZM2X+O+Y4J4=,614.0
consensus_latency,lfXgQ0cAAseiYUyBiktgGVb+pvUspU5sUWBaB+xB9bA=,614.0
consensus_latency,oZ7p0G3+El3T4/i8rSmp5Z4P+ad73sod+2w0aFe6x5g=,614.0
consensus_latency,1NuQhG5/Pgr5Ku3j6M36OkCIWFQFRQyktop4W9071Qw=,614.0
consensus_latency,BMsUhGNc/DRl6A+2EKqaj2QeHOhtjNivC4eNgH+86Ys=,385.0
consensus_latency,E/CJewTdFfk6s7w+rv/ZTC1WKBvoGaEaM6v8rmG8Ws8=,385.0
consensus_latency,G+s1h2lozNDA6kMpvuiWSaCr5ttZ2dRZ0mhkK33c8hA=,385.0
consensus_latency,WY7qLKMYY/6tLLr7PZy56v9ivLMEYx4IthUS7xbG+Hc=,385.0
consensus_latency,jJSwSNCV1npBTWRN5I/CPY+L/9GRi3bo1vPqqVFy6Mc=,385.0
consensus_latency,I51WCg6TzzD+RG6fEdQvZdCX8LnB2gWhJJGF5f1DQ00=,1092.0
consensus_latency,WLQqttlMeZRNVKql04ESzfdiq8O9zY48H4VRAMcvMDQ=,1092.0
consensus_latency,m/SjhsSpABA1Cld5YwrsYR/SsEBTtaltTqw77K9aEN8=,1092.0
consensus_latency,8tJw/xYV/XIXuk1TPW5RAMae1wYIWg45d78xKUdZaN8=,1092.0
consensus_latency,jReIxDL35P65DQjddVE2YenhKRSvGKy0VNp5OlxI+v0=,1092.0
consensus_latency,l9ncModpN4zN7KXiDOaCUAQn737U6nJ8Z6am1ywB/jA=,1092.0
consensus_latency,4hvBGa0XHGsYs+HwT5Coqnaf6jCeHD+WPxE+AXkeDYA=,1092.0
consensus_latency,5nYvSMBZzAOtV/dTNgil72oRt+mQjVjbfO0y/Kpu4QI=,1092.0
consensus_latency,UT/vjjh2ubCgJJVsqnlFqikeNUmnw/hQJq8/cJj+j9U=,1089.0
consensus_latency,hcxTnNrUvahikfP0BVxHEB+nTvWB2oNmB/BeA6BCp40=,1089.0
consensus_latency,l0LRRXyOP7A+loZAhpY27vkneilaeikEIyuS3A39nbg=,1089.0
consensus_latency,pf8golGlH8wy+aXnOpfF7MepWWaHYc83TltaRU+65E4=,1089.0
consensus_latency,xAWKTwoB7Tz8QjrPaYFt8DO8gxS+i5PkqyRmyG3JW4c=,1089.0
consensus_latency,6J78sHlFKgxJ+8WO9SFL8UlOAXYMNy8tS33H+sl1r90=,1089.0
consensus_latency,NRJuMyOlIv+r6Q07PT/Q6pu4YHqSQwcf5/UrHMFBOzM=,860.0
consensus_latency,Qqqk/Z0AHbE0//xjtuRGt6m3tx2bwwm1Kcmj5IB12Rk=,860.0
consensus_latency,Vj5/XyXVm9XAkqRHgqAybDn4CEeL15gUMjRlKuc71PM=,860.0
consensus_latency,2+pUaXjodT43QdoSr28t86oAfO+XCLvEy0JID70TGZs=,860.0
consensus_latency,H9CLJ4Neca1Sil0RnQ+kWWLqAB9nMEyVS+WQ4tInTiE=,865.0
consensus_latency,NJhL1mET9OSzhHaGHhPSZg2GdJ+rvxqPsABvlEsDG1E=,865.0
consensus_latency,pxruC+VcjAYfLdp1g+g5sg63YplXDag4adzOHvVA/lw=,865.0
consensus_latency,/ztztvYNkGBwNITHTNzetjFaQq9sTvFiJwEQB76ODl0=,865.0
consensus_latency,PKtuig5WGwV3FKma4hbm5o29M+JOFWJcYKymk2LrH4M=,875.0
consensus_latency,SisEg7iqXEv/8VycpBTONJsSeypqLiE8ZFCHVb8bx38=,875.0
consensus_latency,pJxh/TCQJzfzi2hDMmlAJZHhiil99/8mZIE3akwF2zY=,875.0
consensus_latency,y2xtXsF5YKSHyIkpsV3KfcRBw6uprbDp/7z9Hld8B/4=,874.0
consensus_latency,Cl5+AjTu3z2jtDtxS8FjgVxXeTW18lYam/1dV1R4SUk=,874.0
consensus_latency,QRk4ryAeIdgSbvKohuJXKQl6UB1daSGFVvsEuCUa2GE=,874.0
consensus_latency,dtpEoPAOkUP5vkxgsqiw1Zz+8pd7aw5/SvGOLjp37Gk=,874.0
consensus_latency,BgZ30eqfE08c2JYK14EiTlOIWU442UvuUlety5+y5fg=,844.0
consensus_latency,Bsev0tPyxuoAt/nJoG5oZH9+Z9PeYGPlT3yTDwJQWF8=,844.0
consensus_latency,o0iGCToFhWRn1X0fwfkGP7eWIl72apHtfx5KpwlhpSg=,844.0
consensus_latency,31LLGOEsH4qulEXDMYN/+NJWsFqKWUrJaGmao9NOLTY=,844.0
consensus_latency,HqTmrs/jBVH6n19HVF0jX6mVFkuoTBWM/M4YMvZWXSE=,863.0
consensus_latency,Uf0skqkLDqXObFn43jET/5sTak38DYrmtC4kNbqeqQw=,863.0
consensus_latency,gAwI06w3qOfKT1Sgak/Led8AInJSGv6m4lmaEC4cuhM=,863.0
consensus_latency,qNpH+Yd1TyPjRh1b6+9KpYepwXGgddKKuKSyFyhcGXs=,863.0
consensus_latency,HI7v11niT99j4dsa70x8pudQqxm1E6+vNFT9Fteg17o=,865.0
consensus_latency,JTp8W+gGezlVqwygoR4AzcIdfJjTSOtDe/9E0jxI4j0=,865.0
consensus_latency,V8dhpyjncYYfTP0KMy1Q4s6vXBnFoqA0YhFTpAfKRXA=,865.0
consensus_latency,aIFRoLehXvZWFgVA0moR5zBx6JOvmMzdtFV+hieqNBg=,865.0
consensus_latency,3ST/ee0QfNgcrsPSdHZ3VHfAQXklvVhlCM8cYM7nfwE=,865.0
consensus_latency,CnTWaGpltAX1qE9EWjmgEJ2o4JAaXbshJ0QJzy61lj0=,864.0
consensus_latency,LVtT/q2U2JjeE16G1SFlraRbJMiMDxzbzOM0s78uFEI=,864.0
consensus_latency,Qin/rKbbSASIGysaxcbOiCoCS9nYEB3MdqwTxbsf8Do=,864.0
consensus_latency,aI2bSoVa8IK6rx4Bgp/VuE3PC9SsqGyWmjE80qNBgwo=,864.0
consensus_latency,5ogwW5shjPS2lBPvMJDWNoUwnKMhwAHJNYwIyCjQ0/k=,864.0
consensus_latency,WZ37mj+Das+lNpA/rrUWRhj5oShM/GbjSkYxfhqjxzo=,686.0
consensus_latency,vG/ggVEjSN+Td4hB8GpAaQii+glVEx7lfJxlS6LmgvA=,686.0
consensus_latency,2OqCrYVpccRNVPRMU/njnRDQYQTVJm9tKSKeO+65T8Y=,686.0
consensus_latency,3Lyiv2AIQiaarRg2j5iX8p6tt+kiISry9elEoN3cy7U=,686.0
consensus_latency,9I9TPKetr70p67OHwKDtVjGaolGJphQaJXhE32o/ubQ=,686.0
consensus_latency,+2kr5LtjmEUOBCItHfxSVMvWaBdwWCX5vltDyfb+U6c=,686.0
consensus_latency,BH4ZzMC0uElYeLxrjRYWIMxyYaseaQJUMvQU4GT8WdQ=,654.0
consensus_latency,DvtujFSQGk3GfIQQEfhQa9+1imvpSs4u9Xwx/1jFlK0=,654.0
consensus_latency,H3Y50TuHErf2Ph9xnhv8nIrNBQ6DryEBqY/FZpuGtkI=,654.0
consensus_latency,ucs2pbdMa39Ulp2Pouwuxq641zH1ghAriIgv2FlJbac=,654.0
consensus_latency,E3jWI4qfiTx4fnd9rsVON4TOZs6h6hDIEFEcPRdM/a8=,688.0
consensus_latency,RErWGkqYnupwrDcWiBWTZ/hsvr8uuKIvnxdillwsk8U=,688.0
consensus_latency,ZcYDSQSWSsr1fR2nHMZN1OZBsXTFAcMP+cmy32w+JiU=,688.0
consensus_latency,bllWssVRKt+nKpRMLpEFcw+NXOYHBqL8za2JKU+WAwE=,688.0
consensus_latency,IF4OYYix54Jby1RtZm23vejgU62NEdTB4wFAtCycJoE=,685.0
consensus_latency,LXttPvzphdLxChqIkN63F++cuRGzeAME2XoicAQbRbk=,685.0
consensus_latency,NJ/jqsUktvMOgC0qQgbRYeEiRAivn8Rm7FXTObdi36U=,685.0
consensus_latency,pcKWoNsNDjh3V6GzLZxA/DZhchkfKjKD+p2/Hrbuueo=,685.0
consensus_latency,OMAYu2v4urM/EKrNepFSoThIFstTwypkwGcJh65XXko=,654.0
consensus_latency,TKqtjJQkWMWXDluLay0VxNZBIHl9NXGTKV930tMCy5M=,654.0
consensus_latency,p7hiTqM5/1vLk4sqcPSyLWsPBHtYJXGa9hIi9Nx+OeM=,654.0
consensus_latency,+nMomEPQeD08jYnxRoMgbuo385jRypHlgmgY5yv0EBw=,654.0
consensus_latency,bmJ5ncw9gBRu95kLvS643L8lBaiv60cXLwt2j0aZt8g=,687.0
consensus_latency,wV+x5Xt/bt6HWHvYPfXOvDy64l6JMkmNNH41jAMVIFQ=,687.0
consensus_latency,1Y6gcpcST2f0zVLal8DhsjPyVuFpyzsULO8eXQSG5gk=,687.0
consensus_latency,8RcN5QCUHVfzSKdV2H89E2U6PSvUIJ3ezFzz0Fdir0U=,687.0
consensus_latency,8atqWfQVBDrCRHPduCJhg4BAznx8z2Rphu7CtEU3Yco=,687.0
consensus_latency,khru1wsQcPQT+ncIQX7W5fRLSm9SlB56m5fIKiLtgfE=,684.0
consensus_latency,lGB7Udyf0DlabLKitYaXUe/6wHJo3p4YcHJyVsTJZ8s=,684.0
consensus_latency,sLSN76hAiNniDPTh3SLWBQM5IRbbqnjbz2gvJE23T5E=,684.0
consensus_latency,1S8giXs4xD6K5LTCLSEcTp7iiAZ1rr7TJMPB+rsAn3k=,685.0
consensus_latency,Fk4B1EKdI8YhCQyO+hMZ/yrYESP7NZXv8iACn+1Lt+I=,632.0
consensus_latency,MorDAmBL6IgizdC5roix7ZiNqf1rrYLtYLXgkv+ZDCA=,632.0
consensus_latency,N/sHrZxWuqAR17NeU+qOguAmV+Qm2WQQRZegJtuWq6Y=,632.0
consensus_latency,tQ5erQnoUm0QUhq3k4DLA5tAanYL9FtodLn0kKdw8hE=,632.0
consensus_latency,FFBvWsy2HFq75aSj40/GVDZsoGVkLa98Yn9JrarzzRk=,631.0
consensus_latency,NWCMVdW8xPqggvSxSwno7MRVcjjrpfFjEQtHd984MbI=,631.0
consensus_latency,XVxmMxvpp3xwi7za4IId5S+kxgEvv88+NxZcVhO8HC0=,631.0
consensus_latency,pz4SiNd2Sqol92y/VxosjksgSrUtUTChneotsq36cO0=,631.0
consensus_latency,WCaVHVEVBIhzJ+UriTuZVBl1NZRL8j2rWScjahqkx8Y=,633.0
consensus_latency,sUE4nO5+zWlouumLRX/YO6kfKJaemW5apiP5UFFt7f4=,633.0
consensus_latency,tkTVI2qrMtAe7o3s2TdXwvoTWeqFG2skN5+qGnGiFbw=,633.0
consensus_latency,zIL20FyPzdXm/e2AjX4Xe7M3tgWdbhScX64bERO6Fks=,633.0
consensus_latency,ACbV9ttKsGdXUPp+ZmgVbF9NHmD7GbDMxpbbFNOS5is=,633.0
consensus_latency,OXacqDj1HFocpZhLCxHNGNMKf5lP1ks8wqBj1ZAe4IY=,633.0
consensus_latency,XSW20C3egcbRRFFFGDM0jcFFqsL3/PD5p3VD+6PYOmo=,633.0
consensus_latency,2waXaNIRF0VYVVyPwfN8hbxwJ0Ub5PG9S9t+a8y7SuA=,633.0
consensus_latency,RIKHX/lCvg2Q4fk66K5ucj+0CvEFq4deO9jpsMFfd80=,636.0
consensus_latency,f3z6JKgtSmxinO7QiA8n98FPThUgeLvwVOgq8cNIze4=,636.0
consensus_latency,iptP014Zc6wu/UspGt05BSsJ3Ox3vvcHQomJScQxqRk=,636.0
consensus_latency,2A0Qy/41iWDqtSNbsSuovlxrUhvMBEctBLEoiXqmLWU=,636.0
consensus_latency,Lx0nbK35KS3Bk93x6KwjzAIvnbX8CMz1c+H82rLIcVg=,631.0
consensus_latency,yLtGehY+qt0fupOQR8bQgekbj+WGteyQRwx5/8L2DgY=,631.0
consensus_latency,1GMl1jnXKZPeB33jjc1kj6xnk+YN3naMjolq/Rd0c2s=,631.0
consensus_latency,4EknLLIFhzt7jPJdPWr4XZVomlYCjqOO74ptNIDEyw8=,631.0
consensus_latency,YWrQyWXOp3KDBHAKKTTe71pFpThkuA8vQjKMj1ccaXU=,634.0
consensus_latency,a/QroSUz0ExRnIu80p/0bxRYqOS2CZ0a4cOIXJGvcTQ=,634.0
consensus_latency,ufBm+sOnH0FAt36NvCw1Txrq3HLSbkgnv3kI+NHXF6M=,634.0
consensus_latency,/Ib2v21o6xr3se+Q6jQrht3TRbPHHcggNsO918lLyTY=,634.0
consensus_latency,Mg5EAJZ/FTlkUP6rpsnEABZ8k8KPXGVMhqQIgt5LGSQ=,410.0
consensus_latency,OyqImBaaCESbBFJkJrA5ZyZhlfnystvNuLP9dND0p7w=,410.0
consensus_latency,jdMRlTDn89ZbHuT7tgaNV0BjlQstQNhl2p/S0OT8t1g=,410.0
consensus_latency,zECUJqAKQK1AAj5vt05md3/nnrQFVEqWQGBm6c+TTl8=,410.0
consensus_latency,7NUlT4klE4cDceLLVR3QBqkih9EODIvIc/1MYAR7XpE=,410.0
consensus_latency,Xnsdo1HqQM+aKmBrPmJvY9xYdwrDjayRnr5itpeoysw=,1566.0
consensus_latency,cCUpRa9jBrMghvQBCJ3o/P9xWJztNy881/gmP3sL9f8=,1566.0
consensus_latency,mbZ4uq1ZzQkO2uv6dZ9nREpwq5EF3EqDs3ekQm9yL94=,1566.0
consensus_latency,2pkBMU2sMpfh3DM/XgWrHS2zwRCsYngxQIrOp4UbqEg=,1566.0
consensus_latency,KQ1xWWfcNDMPp6kJQIsIWFEVig35twSfOop8QjFczKw=,1541.0
consensus_latency,R+Ml0t+ddx5xQEua+pputR4X1zgM+tsBKHMN6NlULAE=,1541.0
consensus_latency,YJdcTwgGm+77dT/6BlkilPILglkSHIovn3GZFk1Mz58=,1541.0
consensus_latency,hSGKhwIV//umBgxJWXH6AVe3Hjx36Qa1XOVoE+MNDXo=,1541.0
consensus_latency,zNf5hEeHqp/d7OAzbLG8j8GsYvQrW894K8bKHF//fTk=,1541.0
consensus_latency,NVzwSs956Y3SD5xa8HJ7Hu8tGxZTaKOHU5scYXXLNUk=,1538.0
consensus_latency,RpxRYgObbyVj0l1Mwn5xjiS9VNWq3GGkQDQlyO5K+6U=,1538.0
consensus_latency,6Aim3+MRrHxtY6DpNy9jusPK1/PXZ0vUNt5Jum/igB4=,1538.0
consensus_latency,8LF9m5PjZ6/JbTASn6UDcldVuhc2diaRrkA7KbpOdRM=,1538.0
consensus_latency,G0MC6EBGUrpIVLo91mIuoaaMY7W1qgkbQSnRNT8CPeY=,1312.0
consensus_latency,Yx+MGTOSV3hzmyzueBFEKSkMnOfubCWO5cHYACo+D28=,1312.0
consensus_latency,0xYLivWFc9pmje66Nv9AO2/sGZGxN3oVmkEvD7bkTD0=,1312.0
consensus_latency,7z6AfZFNhDT/FKDtwfiQ+2Cpt3vmBZMY+XaktZ6NHSw=,1312.0
consensus_latency,TWD2eUuIyT0/+M2f0XYO9v+wolnWy4PGWkuU+GtoPaA=,1312.0
consensus_latency,jvey/XjcudQi72XsxTbdW7xUYRZEoETMaMsqXxsFK6g=,1312.0
consensus_latency,1YthfMjaqbiQotFGKFZujaEdy/LKRmmUMf8BLOU5rgk=,1312.0
consensus_latency,7D6XfBuGc+Az/g6EGbXnUd4SxcCleXCqSMWR0sgjLo4=,1312.0
consensus_latency,Ax14lzdQQ7O4rVDdaXKcjNX5fvtv6FgPDMhxeeWd0Ew=,1312.0
consensus_latency,Hs+oEd8Qbay3NrTFulrar18GZp5Do5hhQqIdg4CFG5c=,1312.0
consensus_latency,Wojai0+g/o2Wt/PyiBwrJ0RPT07y+BTZ33wBN8hYLzo=,1312.0
consensus_latency,bApeQ+7psNMMjtcxrWTkRHcce6Fqonat3ZkJyPTJUGs=,1312.0
consensus_latency,ubOq36A6b8LIibC3tPe+Tgtl2fyncscF/d0Xwa+kbvg=,1312.0
consensus_latency,THcdkcT3PFSYBSCXbyXiNOnOkfyasasur0wkhZl+qig=,1319.0
consensus_latency,eeU1pl9d/JJ+wXIvoawZHBpdtG++sTpFCk/pKdIGaBo=,1319.0
consensus_latency,khmF8qPkEfe0BHONT2Ntgqj83e+KR8pJYorrgdnEA7k=,1319.0
consensus_latency,tv00NS/lA/dB4O/XdCNi2JAU7cUKb7nIV3Fb8lWfg44=,1319.0
consensus_latency,C21AY3GbLpvCvEzMNGUojrzXVSX0umirLXdRKx5EcZ8=,1311.0
consensus_latency,NCFXYiqHTWyqYKidjNdJP0mqc7g/zFFUSJHUDBAReoI=,1311.0
consensus_latency,PdbkCbJx5xhws65bHM/GWUVgUEfrzyzbFrOEQzTyXvQ=,1311.0
consensus_latency,U/cpw8h+v7RpI7mFeImgTlc7kaG5rTJUTaqU79lJipQ=,1311.0
consensus_latency,FpMq1SXik/6ArN3eHW9xoKBGv+i1NdkZ51sV81bRRgo=,1311.0
consensus_latency,KPWtIuRSib1T+pl4zqYZtqNCZpxM6uLH03p4OsRIIaU=,1311.0
consensus_latency,lJ4K9gNz8LH/4e5R/BHpADtCrJOQIYAEs16zuUerd6k=,1311.0
consensus_latency,rinZyWwW9VKhQECzGjN3GsEO6iBAr67iANwEv+J00+I=,1311.0
consensus_latency,y6HW9LjfmvUv6qBuEX+h9EYhaGnoZOHfk6ObG0hNWpA=,1311.0
consensus_latency,bHE2ffK04+ol7UeOwh5GBHJagD7rf3HD6jNXIIE6Q78=,1316.0
consensus_latency,bYBgtA0mBpI0ToPfrkqLsmILMQRKr4vFJHlDwB/ldKY=,1316.0
consensus_latency,yGYNeK6FfiTuAj9gIw3xlQzapFmk5Hr4modo5Ebp9zI=,1316.0
consensus_latency,6y5TqdXBSsWNHqeZmQEYaGU02zX+FbL3pgh80bOtXJA=,1316.0
consensus_latency,sL2jlet1XsYa0xBCGdK8uJTN7RmbSD7oPq8ycoRQgh8=,1318.0
consensus_latency,s2CqxHR6sEvZSXSGN0KsuFDqWpcBSkbOiNWuC2Po5Pw=,1318.0
consensus_latency,v5AOLKNzPapRzYKznZrIbZb+IkkK0MwuBt1FJKXu4Dg=,1318.0
consensus_latency,0/96t/ZWxMfrOyc0Tpsl8hzeFQb33BQOBXRvQxyBxZo=,1318.0
consensus_latency,KT5iDPgrpr2RaCWuuajboUnu9xh1zhwdhjFmtSkP2tM=,1117.0
consensus_latency,SPos13p45fQXRKu0XRPjcvE37Wkftc6xTgCD08FM3mI=,1117.0
consensus_latency,ZVo8hCNAkfj+kFs0pDfexEHh5E9nLlOHL0lDTlJD8WQ=,1117.0
consensus_latency,h7VWquhJ5LdGFQ+0X6DxBY9RHk64sey7ttADsr3+FO4=,1117.0
consensus_latency,twzhWj6MlwtIZAqYoc9goWGsTWGUBS7GXDt0PFX6ikQ=,1117.0
consensus_latency,IYWdTyJw1yUrGoRXoc96FRqd6l7GhyAXNvyeZI2V03s=,1112.0
consensus_latency,P04jPQI8KfDiguQ4ao86JgA1YJ/M2Im26998FVV45Fo=,1112.0
consensus_latency,VYKww2CHEakPx9Jt7BBb6z7XXYv+HH3/1M02/XSNiEA=,1112.0
consensus_latency,uvzKfq2NnzVXelDELuyBPoU+GzhfwBOy0ZoZFa1xZgs=,1112.0
consensus_latency,C8TGvJzm8WMxgYQKFw3fPYBiJuHBAiATcl4kp4mrhJg=,1119.0
consensus_latency,X60am7dDED9OqEKaYEpjQ+bktaNzYHfn0c032Fu1ryo=,1119.0
consensus_latency,yY9iOA44rKz0x/qyuRDtlAHOHhDI3kZnpCkaYLk19zc=,1119.0
consensus_latency,7twxy+G51tdfJDQhI2mmm8WTGdtQY4IjykapuPauIJI=,1119.0
consensus_latency,9uCsdjgRHC4BmsTRGzeQeAzTuY2ojFFaQQUUG6CUIec=,1119.0
consensus_latency,E//eG+1eZ01J4hmFnczdTMDx2VUhLg/P02bVH1QfRog=,1111.0
consensus_latency,JRS81LonjhIomoNC/eekPwMCp7a9botYhzSWvAhMQg4=,1111.0
consensus_latency,sa+p+FzZUAbKOthDvOPPb7bQsCIUqQryXogIO8GYZ68=,1111.0
consensus_latency,xQSngq1c8jYUH6wdEgrcz8cur8LdZcxQyu9OqUo9Cog=,1111.0
consensus_latency,Qx/j392B2oBILVDSwISTLFJfCVQxp9fdNQUV81phQPg=,1117.0
consensus_latency,nV4Skyv9DMQTIwMcZ+Usu7D2pqQveqt20aFdsxDjU1o=,1117.0
consensus_latency,q3Sl6d6w5CDxEdEjg1f/wzhKksXmWpQCUdjzs/tNBZA=,1117.0
consensus_latency,ztTCs0mdlV3ItjyhO7pmogD3eU/su9G62QZg1AP4iA8=,1117.0
consensus_latency,GJ3/utskmLBWai9hnYAYkv7n6SFZKTB1952TKgsYocs=,1120.0
consensus_latency,pcE1TgF8rE5UlmiWwJN4yBZ5LPPEDiXezvFPgVuUl20=,1120.0
consensus_latency,8WgzaGOTCI/Gel8ynDT5sZtcGsJzRJaZ4YIucDo8GHE=,1120.0
consensus_latency,9Xz/hrJpLcagkMOupmB0OGbd4C5wvgBRPc+hgcqZPlI=,1120.0
consensus_latency,EF7Z/mZnYQZ6XRP+HOL/1oyuiVSs/colXfJ8hzbx6R8=,1119.0
consensus_latency,EdazvfAuswkVvYU+aGJQ3RzV8gAEh7PfkWfMqdvTAAE=,1119.0
consensus_latency,Z05TPbOtjb9UFJZpDo8Wl/Ii/UQTrmElaaDaPlytuno=,1119.0
consensus_latency,cSHKOwy6jLlOkjlfbZl2NHBx4uB2w6AxDEu4I9VfqIs=,1119.0
consensus_latency,q4/hFYbV2JAeQ+uvHzQEJlArtro9gDlHq+3tdG9mva8=,1119.0
consensus_latency,Be7tIueC01haI7ZQoxKJfRqSysZ16H8l4cLWI8oc+Bg=,1119.0
consensus_latency,LUqOyFIs9IBjFA6cWOWx8C7agaEFsSwXi7nXH3n+Ubw=,1119.0
consensus_latency,mOjCfjy8RqcbAovygPaviqpo0zSLPweiwBtZoMAzLMI=,1119.0
consensus_latency,63/Ydf2EeDsVpV+xogEzfuBNNbyfHj0YQO8SI69Wajs=,1119.0
consensus_latency,EgZWZtgn/GAVWZV25YhDLyUBu0nNLz2zjlJvT+0Ll+o=,1081.0
consensus_latency,OwhjGgGNC0RmXlYxUqUHupl/uxtI3x4ka+G39eVocNs=,1081.0
consensus_latency,PZsUpqcnjvtEJiKn6NUNhFVQrlcZUamP5VMaBzaQWsQ=,1081.0
consensus_latency,hsPHA4kXK8q8TbP7LsWyoiI8M7SPFVC0CygDU0GJxWc=,1081.0
consensus_latency,+D7YQeQ/DgKQiDfdeeHmSTbSeodcWAmkc6Q94Fk9iK8=,1081.0
consensus_latency,NtsvSmhNODMp5yCWzUcHdKdke7meyWrMUAPFrJSsB3o=,1079.0
consensus_latency,iw4nrim+tTKDwpKmwkCfJEHsbqVg0iwycBB8g84ajIE=,1079.0
consensus_latency,mC1VMMaDF7Ukbhk88BgdQdEL1IH185TlXjDcAxoSBpk=,1079.0
consensus_latency,rB/JM240Ee7lgTInfM6fSIv/Ggg/QNBM7/XKDGVKrBE=,1079.0
consensus_latency,JKiShNRRa+KV491zSlKtUDsewvYKwMAy783tq0NRKuE=,1068.0
consensus_latency,iumcPyNIL9SVlcVf7xUwvfo6Z19exYgVFmE1cK+jaZ0=,1068.0
consensus_latency,jg0vSGmSevbZfU6Zr9t4IgLZAkPhrx/mPEWExv+/gUs=,1068.0
consensus_latency,9oQfORXGpmZqWN3RfZTKWCSvef16qDo9t5pAteqNqg0=,1068.0
consensus_latency,ENV+oucbLCO4Ss7aGopBqjOY4QxIuBap7kOoWM1tBCE=,1080.0
consensus_latency,PD1PBTs35LcL1LnOb7evb/dLaTx0JfuQsoWB+zrASHI=,1080.0
consensus_latency,bPXgYymkqCtFzRD8cfxFf8n+tH+ZHqGfkUzDHW7iVlg=,1080.0
consensus_latency,74Z7omibwfnDDOn8T/HUPmURcpjjnIMClbNrxrVeHEE=,1080.0
consensus_latency,R3wWHaGBNKPL15w3kkHdcyjcqwUvYJnNfY/yTy0YBVA=,1077.0
consensus_latency,ajOTexM2wsDfj+4p66E0uwqif0m7XvhihXVzlhDugTU=,1077.0
consensus_latency,bnJYoiOIUWknOePQgZBWhRZq2/TWlim2RmTGxptZmf0=,1077.0
consensus_latency,h/2pxkPK4wmkUjNF79h3b0S965RN5xkdS0YZmK/oodk=,1077.0
consensus_latency,Kpn5+lmMY2uFzHgL32+aD9M6HwNkqdhgujy61vHog7I=,1063.0
consensus_latency,Vd13jbrRS0hPO3OcUbjTBvpFOBiVezcR//0DVOYnAS0=,1063.0
consensus_latency,maujvSm3j853MOtyp8tSS2pHfrxCgV/hR4yO+fThBic=,1063.0
consensus_latency,pG46CKLbqmrcfpuROIVWBY3xfSLl7aE4BORpzNPryvk=,1063.0
consensus_latency,zT5qzbRtnO9CWr09LEpnwCgbMerHQqcLcpsdivxTE3o=,1063.0
consensus_latency,HmDqmr+ksTwDJ42iRxQ7gzSWxNVNxMR35XGk3Z/NqF8=,1063.0
consensus_latency,PZenArQDfXBU07OWiWIckiYLDtezcC7PJlZc3FgGGlE=,1063.0
consensus_latency,dyttAll51gruwBVHH6saVm9hyExkq0OrQrwHv35dL9o=,1063.0
consensus_latency,4uso12pLw1wAxNTDSIoUa1E8/V0VwnxdjytBFV0sB/8=,1063.0
consensus_latency,8gQrchhKanMCBN+Kbs084tsgSuQLfd7MV46PcqjjfiA=,1063.0
consensus_latency,CZrq6Xsg5Buc22cSItumtFEHAm1n9uRnEFR9+aiqt9g=,1079.0
consensus_latency,SlKa80+V8Zc13aOD62q04vwIUnYzx29FLofVCBS38Jg=,1079.0
consensus_latency,U29HqeWaMODF1Kvo6th5OZARbzEIzr0UWuJ5eSBXo3E=,1079.0
consensus_latency,lX20+JOuM1E03POiVaewVw5BOyjwY4Ln5Xbp+6rN11M=,1079.0
consensus_latency,v/Vw/6hiMoVJFeaiw+zs32TG7xhzMwfL4sBpx+eQOh4=,1079.0
consensus_latency,2r673AJWKzIDj9sG9UStft6q3WGpj5lC/cnKWtFaYyw=,1079.0
consensus_latency,Vn9nAb/jlrrz5TSqEaFwgwfN1Ebko2htsVlP3/vC1X4=,1079.0
consensus_latency,k1sQFvFI6oNKJAl629+LlvzBz63y97grpbZcdcq7CYc=,1079.0
consensus_latency,n+ms1wAbgxQuw5l9O4irpNaL/fG67n6WmuJytrWA0k4=,1079.0
consensus_latency,xauvbdB/5JzBPkx0Kl9jtAmWFfAO24NytTpQzb1KJOw=,1079.0
consensus_latency,7BaTn8mCTg7M/BWVRKYhgQFTS33gvNvDOP2vkvE2V/U=,1079.0
consensus_latency,EHD+wdZIHwYAUERYu2BbNDQswtLLzNBbTM+9BP5di+U=,852.0
consensus_latency,Yt98Y001+EUzDgMzpJRIgFCu3guuEeZg0ZRskOvD8Lk=,852.0
consensus_latency,wixhu7FNP6phTZAiqP80rxZHBkZjv4vVLZ7Gnrvdqz8=,852.0
consensus_latency,yCbXjbBi6bauI+3lbilCWlt0j5EwIXru7s0vdJdDVZ0=,852.0
consensus_latency,Oin9vi55vVdFUJ8hEtUhsG+HlNZqx63EJjdJ7L/XlKQ=,825.0
consensus_latency,s22UayxdB6sLyJIZJsMjsfH+hKYtJa4YfpYsPr2VcJc=,825.0
consensus_latency,x8lL3Tj/q9vXHV/F8s+uW9o7DvboKixfkHlShaF8N/M=,825.0
consensus_latency,7yDQ1T+QH9t2xHBF4M1VK0jQxUPmhQ70bW+cWqFVOoE=,825.0
consensus_latency,+ii6bHq3Pk6Ryb1ecS62t+DoTosRIenl86PsJ3vd4Tc=,825.0
consensus_latency,HxKArBarqhzBsjAPBo6vurBPssyFkbl17F8WFX8p9hc=,825.0
consensus_latency,NiGvmctQt3YK00FXr7ZoxSHQYAWSScBLWcEq4HLud/w=,825.0
consensus_latency,ViZgpyU1WXG9CbDtTLcDt4hBB5tvA5OcDaxdV6x0+OA=,825.0
consensus_latency,iHa4OribaFeOS2NkRkCWkQCvYaB0CqxCbA3NdGhansg=,825.0
consensus_latency,Pu90dDQwtFpNsQvFQL7GckTmK5Z7wp6V5oMMmdSbPvY=,838.0
consensus_latency,g314+JsRoh5H4HzkIvaoclqanIg9IfANJjBlI333sjY=,838.0
consensus_latency,oKw9WBlu8TOEOAWkAJSq2aQ4TT56YUJ0D0ucncPUFE8=,838.0
consensus_latency,uQdl2L1EKRlnl2zZ+LbmTx5tIiK8nI5Ob85t7/V5/NY=,838.0
consensus_latency,FQWO9AJsVNbiFfAEfOSsd9o02uPRVeO4FVq2i2TauNE=,853.0
consensus_latency,QNnjyOdxIozmAq7/jXxeQ9JyLEMVkIDW8qwwb71Hqzs=,853.0
consensus_latency,SNaBk5n9ONAWWpZqKSA5b3esyxDQeUwApheNqNzp1Kk=,853.0
consensus_latency,XQbi0OeMEROWo7BXzvSiUkHesdC80IJK0/KXpbVkS6o=,853.0
consensus_latency,jmH0/w7YewdYzywR2r/nvTovOIdgbSyrX9VFSovxaVg=,853.0
consensus_latency,Dqp4+pdZtgvuN3r61EPWf6C+jh0OangftnAXVCsrGvU=,827.0
consensus_latency,OjirP6K2EF6fYrmRwOxqFyuKw0q6WfE57DUXOIBgZx0=,827.0
consensus_latency,SA9ydfVlzz2T73zq/Srz6+t9wAZe+wf6VN11bXq4hR4=,827.0
consensus_latency,uKxI5BAMMEhVaqQTHV8nskStJ8dwohKHh0xEZoAP9vE=,827.0
consensus_latency,DLTe1En6RlJwA6xUsmlFaqMM/MILazY2+Zjn1S9fpSE=,823.0
consensus_latency,Mny8+hrb5nuANHbe1DTmCe8jXc6OC8SMY0hG6pqsGCM=,823.0
consensus_latency,M7MtRtKfJggfA5gYn6ETMvGa81frK4Tp2B8T7gChFgg=,823.0
consensus_latency,nH9l/WNwRXHUHZipIgMnYjAp3YvhVIrrmPdMK83FC3w=,823.0
consensus_latency,CreVp8664gix9tCT/bfUF/5Vp7BHsoDK3rMyY4e9D4c=,824.0
consensus_latency,E8U59w1JWdX25R/QVnMSiEOOP+OqXYndH9n//AhnY0Q=,824.0
consensus_latency,TEwqYSuLE8zBVaSKoQJ+qso5RGNI3mDiEaaEquszXbY=,824.0
consensus_latency,rfxN800wEDBurHq3lxAqIn7Yfz3DR1TXFXFOASKuxHQ=,824.0
consensus_latency,2zIYeRPSTTqP4+n4kGaql2l3Bvx/7jY01DIIRYib/j8=,824.0
consensus_latency,N022Kwv/dmpiaYBr4DuAeecftVvCvBBSDxGkhvKpl9I=,821.0
consensus_latency,frOZWA7zCYWiBAzGXnLi62vtLVh2m/dI6j3ZIP0IPXQ=,821.0
consensus_latency,m8dE4NBWPtQYvWUTvl0AjT+mHXI3v71EIipI28Y2eNU=,821.0
consensus_latency,qkavgnrMDYNpVmfcEUICLIMAKm3e4F9ckX4R6Ra2kd4=,821.0
consensus_latency,/cT4wAFy3LCIjbBAgKjveBDKC/dVoBCEjd8hFI1bW/A=,821.0
consensus_latency,ROb9mN/OLvaP3qdUF2cC4ERI+9d1gaXCYs0TmN1wZSg=,609.0
consensus_latency,cZofghyc0Y2RQGEO0YKhNvOwt8FbVbwaq5BYgnpVRIE=,609.0
consensus_latency,hLdPrRqjb1y05vFZ8Hfx09/XGeV4+Fk5duH15/nFCb8=,609.0
consensus_latency,2tfu36s1wYO7P9bpRlV+shJXFGrawn6Tu/y6W0pmJDI=,609.0
consensus_latency,OtpoBqFCcdePAcaYppASeesZ2hi9vDRXBQJhIjxcjX8=,658.0
consensus_latency,RpYY4fJpLDHe9KzpBbHO1/14KCX+3AnMdW0zEiatoWQ=,658.0
consensus_latency,fJxEQkK80fxVkdRfxseq1SEc/Vxd9WAZ4hgJqK0z4ps=,658.0
consensus_latency,u+/q5nTTa6qvLLmdRroWKJWmU+RADP7qwIjMeiaqk/Y=,658.0
consensus_latency,DQZfoh9FjolmVsw9o98zquNB7M94/ETXfXdXxdXLw7A=,658.0
consensus_latency,ItXkPUW7h5n4U/KdXsiBrLxGCkFoPxemjvOphP1d1bo=,658.0
consensus_latency,SsBHJjipULOh0p0GwGhW65/7ftwNieYT1yw28Kg49mk=,658.0
consensus_latency,dHP+tZdcDD9Ot1r0W/vzLTPGkegdxhvbvc/L1dGwA/Q=,658.0
consensus_latency,sLlK8NUYhqSsNVYNuqojJBZ4wInRTCD/LUvDm1JnFn8=,659.0
consensus_latency,DOmZFYMIif+3VcFEjziD3Q/wmSnB/3FvlYklHIn8KSw=,607.0
consensus_latency,S1bbiKjniyIT4Gv2GycM40C9hJ6bZrJuWer0B1mWVQA=,607.0
consensus_latency,qMxsgw49J/0nxWAA/LduuhENFMAv41uHySAk6gkza3A=,607.0
consensus_latency,sUb8h3x4RsswV42UiBBUizrTmtf++Hyw1eqH/G7Rraw=,607.0
consensus_latency,8nh2VVZ7hxQPde+rnJeKfZ04XjSgDwETxDNi434fAWY=,607.0
consensus_latency,OEov+mvRiTgGiBfAcSKnsWv3qzkAkn2hlFMCV+q5Djc=,609.0
consensus_latency,cYBRIuQWkvOLWUIZYnn4EtcehTWW01Gi15KDxjq+yXY=,609.0
consensus_latency,cu0ijI2+sI0LbkYXcFTAFpa/7gbCqBp7lt0L4XRJ3Kc=,609.0
consensus_latency,0QDJ2U9JMWaX9Z7Ld/n/0bRl9RfR3GaCWHN6/mEpPbY=,609.0
consensus_latency,3bu7aPk7BHuO3TOny7FEvVHRb1OcF/CEPUcOV2GmDdo=,609.0
consensus_latency,PDzF1V4RL4WR3UPtLKju3ya2LBlIyRImTe9BKZrc4sA=,660.0
consensus_latency,TCK/9aIY2p23Qipk6/k6Vt+8A2Icnd6Kz+QWO5tFvkg=,660.0
consensus_latency,e5cm/4i65XNyt3pTzbQABVBkE/Ti/68aR43ZCG3R1Fo=,660.0
consensus_latency,ydoukSOQjr3V4NZ5uKxo4vJBnEMjE60CFiAuX5+g0Ig=,660.0
consensus_latency,zPyYVRzbULyGCLy+fYe8q5fhND9kNEEMDybEzTyQQ28=,660.0
consensus_latency,4uWAg5x0jxaRh3bAWrNkYSj+Ts7h8eSjagjnMy9+Wuk=,660.0
consensus_latency,JaN+DI0FI603+L3zkg0OG5+8B8ZLzI5LhD0CT+FGHuo=,661.0
consensus_latency,VL8oLeRFZK/SqsIQQ7zIje6yO4KOFM8XIAK7KxUKaMA=,661.0
consensus_latency,vx66SB+IKkUiG+37FH/rQOqMbwMPRwDq6QZIIElfRMU=,661.0
consensus_latency,xpAU6xA0+Wjovl/2mofyVTSETIY1dUgyVXCSsW9q0AM=,661.0
consensus_latency,H0cMbW+aca2xWC7IT0+pRqo9ZVgzaKzAFRTETViJvb0=,660.0
consensus_latency,cvRWDgQ0lKMAHmM5xqrqD/Ejq+KVAwn+XuF56NjVLhE=,660.0
consensus_latency,iItNbtn+T8W7yT+7DgiCmeo0tetzDYwbjx1z3AacHK0=,660.0
consensus_latency,+Ju7LGk6B3fXfnj4LToCeXdzF2RUY9HhV8mOKFSVbF0=,660.0
consensus_latency,CVHAYXxeGsmODtmvce1Cn54cOEEZ8vPmNDKgi6stYn8=,607.0
consensus_latency,c/FF4PMHxK+w0NS+EN6Plg5kVlXnpecvgibFU/hSGuw=,607.0
consensus_latency,gGEBfFVMwD5rGbXs1Y7ZNrjX+dmivmsIqEKBxfIaUT4=,607.0
consensus_latency,nLEMUpyThQBwhnNRmRWaPqff/bwdkyUCgapwB4b9scg=,607.0
consensus_latency,xtSasG1dieFZXQaWYen2D8MGpWlYPHIWZI+942Gwm7g=,607.0
consensus_latency,n8flKK9lADrnirjmfxMz41XCRSOhGFXcFIpdtmmv7rY=,619.0
consensus_latency,yxiB/i+vX1gA9/yIfhExGLFZt3/gqQuz5iuOnVZCFhM=,619.0
consensus_latency,zu12fvD7o7UdB9X+Yur4KKwRkqIwxPYqkW9ipZUPQk0=,619.0
consensus_latency,2wqu3PvWuK/hHYcWx7XGUJzScbdW571ToTwHLkIBdGs=,619.0
consensus_latency,ag7hp6ac8SqpGAX5LDe+ctWAGVxaKFR4BmIjOL900ZI=,617.0
consensus_latency,cZGstzICeQ/7Mg67FRoHarC0eyrOnqrhALxCW4Xf2rs=,617.0
consensus_latency,duHn2HJwG2XkrUOLE0Ab42enebSnqJUaiR6+hOx15J0=,617.0
consensus_latency,n7DDaFdGHCQdtteoqgt7p02CgPciV09cyUV4VBVyGbY=,617.0
consensus_latency,FoC5r5VHkBg6AaGKEcFli/HQiQFd7R5ibUbZzWme/MY=,621.0
consensus_latency,HuUqWpaEIh2ViIEz2KPjC1V6dn7GwmtlWBigxwOX/bE=,621.0
consensus_latency,eAkDJ8Ab9lnqYJ4ySHE+/qEEp9YX/hUOieCWQfozqlQ=,621.0
consensus_latency,41wKCmAaGK1HGXbi3BTKYuFmHnlrgAfoCWXqgEzGd9w=,621.0
consensus_latency,PP4YQwFvcnzlG0Dyj7l/j0n5OZKcuOIKKHi4HT57vJQ=,623.0
consensus_latency,dtJBWVg6gFrWx1Es6oqHMUBS629L/uM+xJK2xgFdpNQ=,623.0
consensus_latency,5rdYSs+iZVId7ZRsbMPC7vJn+t2jexiSPy9dBo3YhpE=,623.0
consensus_latency,6DKKFD/XUQSSzjd5Hyz7ZBYL60IiCkNlZQ3hRvdr3cU=,623.0
consensus_latency,CrMI7sLtGsO4v21dgJmxldsr4RQkGyYiawDED9AxTWA=,620.0
consensus_latency,laiy8ZQp262/7TeF1CFVwkCYFwKopkm2LEZ+guM/7Jg=,620.0
consensus_latency,2BdVGYppZlDzPMsx7WnZsew22z0lXfq+YUUnRM6ENoY=,620.0
consensus_latency,92kXdshGz4rynkBSUo94Wvh5NVBQk1/JSawpxJhJ1rI=,620.0
consensus_latency,NmOgO+MVFSJjkPbsZp7OPkVqBy+a/+1DiQkxSiX1Rxc=,619.0
consensus_latency,Shi5pOzJu6TXklOP/TVXYPIZYZkO/eh3yj2TncPlqRw=,619.0
consensus_latency,aLNM30GCYwCGJAusr+RbCZXY51KKrFJ7c0qm4q9t3D8=,619.0
consensus_latency,5BikQTchZU48gTOx6cpuiRKMad9PWaD/YRp7znQ2Y3c=,619.0
consensus_latency,Bb3kfla1J55SSHbQU4Ink/Hmnf+jr4/nyQMA/25YhTs=,346.0
consensus_latency,DAhSCPw3oTVuM0z/eeO2xp0blNWwi1yoorC4jFrj73o=,346.0
consensus_latency,P1rShtIG8NLbPuZ9SuTGsZi5hGFRFGDd5eOAh5TGpTo=,346.0
consensus_latency,RCUxUvthikRjzSlQf7vqmLLyWZT1cdwQtnwv8i5EmKc=,346.0
consensus_latency,U8ktVZSXjBc9AowSUwIc9a1OcHhwzZAVtOv21zdvvTY=,346.0
consensus_latency,1LNVe3H/LpHdrDxRnezFpWmDyAgiyDds8PS1EEGuxt8=,346.0
consensus_latency,KUksHJkHzEbhdMzqZyuW5RSej9Mha65gufBalligtgg=,1227.0
consensus_latency,OiB2V/M3PF5dOfw9yfeAH/aR9WUlNcmLK5kJM3DMtGU=,1227.0
consensus_latency,UKAqzdfjhpNzOAGL4EZDyiAKfdX95suoO/N2HxCE7iA=,1227.0
consensus_latency,ZwAkEMJc9wc5AET9KDRakuj6M9tOmbzlvjBa058dZd8=,1227.0
consensus_latency,5Pt+moAzpvh5MuQjg6HWzVCA/eultBvLLCm1vBP/oXo=,1227.0
consensus_latency,Bsuec4MNqwiVRaaujuKQbEnQLMpXBBDICu7ETaHsj4U=,1224.0
consensus_latency,F4xeo0lkDUdx27T9ay9gJG52kAndj+z8EKpaFIuagC8=,1224.0
consensus_latency,lMdWvnb3YCvZbUM5gbwQ0474MPqMa3xFjTwvGQsNdSs=,1224.0
consensus_latency,si88MkvTjBqnhP/xOfBxax+bJJY6uM1K6EVmuUcB5ow=,1224.0
consensus_latency,1V9g7dzInmN3pcJ3CQTzOqEOLRHRItlx3mJBCRKmxE8=,1224.0
consensus_latency,K0IVdS8mg0+yF6vu5TJ/dvR1qsbmKo5JASJxczjHjwI=,969.0
consensus_latency,cGcr1kQiy177jvSvfhI0bBu/Klu7OJ9rbhxz2Kcn+IQ=,969.0
consensus_latency,ikhO8tRsHT6b5QAYkO9ijlx1GVf1BYMVeMgiCX51rMg=,970.0
consensus_latency,sC9HpxvtMKs/+YfbiGLoiT2WPfmNhhBEizqywRSiAJQ=,970.0
consensus_latency,w2oBQt9eqWJYgcP8YY/5QTLsVwn6wR1jX0sAssHFRGI=,970.0
consensus_latency,4di0sCmJAeV9K5D/Ftit4XmqjsNd1iYxm1Qlmu07VHc=,970.0
consensus_latency,SBq3xlQ6ijDcmYbgOV0WYRWTxEvUaQDOp7zppM1yWDM=,1005.0
consensus_latency,VllUl7zJF2aASCt5K0/q0shvpAF76xwJ2e74xaF0tf8=,1005.0
consensus_latency,wtnRs1ke7LZacssX8zSV5WJWDnk9tv1X7/znuWpU3og=,1005.0
consensus_latency,9g4qTxsoT2Vjb34QRc7cCOhhVm/oskm92rrURCmUnCU=,1005.0
consensus_latency,TAKTs1WWW5rTbeF4W8tM68454+fN+7TxYzrkzKX1wZY=,1007.0
consensus_latency,rA7M4xSGeCIfeAWnYbNRnqGLzShyVRsBG6JjsS3309w=,1007.0
consensus_latency,uM7C+CoJ7Ph0I/ucN9Qk/OTQM+T2Ly45d+7JshoOIvk=,1007.0
consensus_latency,13wJxf+NgEVQ7u0jswT6EXzWTyVk7CB5ISLQUGufRRs=,1007.0
consensus_latency,hWDBkpCLgkkL1Mlg8ybEoITWUYjtnfOMusUQ/Se+aUA=,1005.0
consensus_latency,sQxRZMvBWsZFCQT+zGEVa+ES5moTtsN2foiEybhQARk=,1005.0
consensus_latency,+w15JwCeV+cqyGEXOFzhm2zAaN/MBUmx/9Xly7xB2zY=,1005.0
consensus_latency,Arni25yk3pHCB0lgsfTyN0fAmg+F+2qaRyFUWLVW1AY=,972.0
consensus_latency,CQVBmVZruBiRRur015EZ05dFTI9FeBkCF740RZJlcVM=,972.0
consensus_latency,X3h9eETwnkLG8NyPBxHq2bhfebJKkeYKdkokDa6YnXw=,972.0
consensus_latency,YKS6iIhNNZjEEY+btxnGhc3+zHdFyso16p26diHub7g=,972.0
consensus_latency,lCteUcVFNBxdENPZb9HutcN36+fSiDwQdZQLwONwau4=,972.0
consensus_latency,TO7ID/t6Rvwfeo3KunrZMYKmkjUod/5xDVhh2Qy8Z7k=,974.0
consensus_latency,aUxor7fRaQf6KE4Fxij+Czc9PAbq3l8VN/ZTRMCMk0k=,974.0
consensus_latency,d+OAn4aHCJAFkMbgK07AxOtGTTGpTaZ1nF0J83wOdlk=,974.0
consensus_latency,lydlK5SWF49pu+1mS20ma+puDICz3F1KoFAuzFoH14s=,974.0
consensus_latency,DMERPN2KTUTEEP8/5H7cYRiPSKmFQEtdqOTmbELH//g=,975.0
consensus_latency,DoMuFbK+XITuHOdQ1JRH8xmNGO3VplfeWHKs0n7RxSE=,975.0
consensus_latency,TNSfPU6GEgsqzRpOaL8H64oZNvmniB0y2Dq7VNC4bvY=,975.0
consensus_latency,lg+gXDyeaB50UAoDO0plAJktxGWcRJHDwP0erAsh+ok=,975.0
consensus_latency,owAQe0DoVJMqgCM8V28hNK/sa60vokp1WNR/ceEwKUY=,975.0
consensus_latency,CTrOHOCnk5am+NCF5icrpGnQXpOTBCpwl9Gq0ILRQ7k=,977.0
consensus_latency,Yt1nS7J3eDHTH7W5CFjLuJQreNxOZUb3GNN0wxDCOe4=,977.0
consensus_latency,ZMPPavn0+2T/RDg+3qwvSU/p9e0nk7OrjQUWyabu5HM=,977.0
consensus_latency,dLV+FhOYYOgcgAQ20/ofOeuKMCT4d0W/M5tKphec5NU=,977.0
consensus_latency,4K6Vg5IHzDubAKaf5KL3fhEVY3S2Dr7DbrZyBi0uFi4=,977.0
consensus_latency,5iq1JoaEbSXq/iQwgA0NQRkNq4rz3O6sdFz55myJkcU=,977.0
consensus_latency,LFJI4erbVQahxVGViNCMLZgLL/AELhIJScU4V7Pji84=,773.0
consensus_latency,O9Hr7MWgSAYNFa6hsLnH5gno4rKZKsG2bK0yS4Kur9Q=,773.0
consensus_latency,U/g9CmjyLRk+m/REkby6WlCsUzrKLUvp7WBzgC0arPk=,773.0
consensus_latency,zLqE8YZVLB8IEcpZSop/YblKkmMUtJi8xjce7RIw2Ho=,773.0
consensus_latency,zRCF0vqn0uy0vlEwYg7i2m+o3LCk0PRTIR3ttxhd3Kk=,773.0
consensus_latency,r9+CZ0eObBUhgXcydzuCamfN1Y7TGRKozpmkuiDwG1Q=,813.0
consensus_latency,8KCEoQgAyNFHy4hkRbbABS5j/qEdHQYD6i3LYPjiFik=,813.0
consensus_latency,8f7W14kWUABXAEG96az3FZs9FPhy/FVM9AFTBepLaFA=,813.0
consensus_latency,/BMUSCDH/fGFVUQzUmAFieH1jBfhZULSZjUx2MFgm3g=,813.0
consensus_latency,BrwDr1FE/P2bWhm1O0+79VkK/U9UO3enaAGOEjoGUN4=,815.0
consensus_latency,GA0ei4uEyx71OghP+w3v8vVTBni5saQklZkWCVGxYfk=,815.0
consensus_latency,XeZgD94TOS9i7XENtfIe9v+EQNtPdjh+7oUALWYKV90=,815.0
consensus_latency,X8bHBDBVpNYj9ef+k8DahuaGHi6hw3jGlQFCQIhddIg=,815.0
consensus_latency,7wtBjgw+Fm7ERvqBEg+sSPsfys5g8i+3SgCEN4MGExE=,815.0
consensus_latency,B2ERl/B8FOajekmdtIntzUteBAM8fzE9L1dHf2G5LZc=,777.0
consensus_latency,THRd026Y3hUs8otHx1P9odjMtIntVO5COPUuMHj/9nE=,777.0
consensus_latency,mwAxUCazg4/o6TX85Nd8EW+y4C6d1e97qbgqsMjwfOg=,777.0
consensus_latency,+r0XviqCA00NTS7rsYeOQvb/vIq2B3vD+ognGLVlNMg=,777.0
consensus_latency,Ob+YeOnig1oCQyOMvpU9hmhCuUQ7MOtnu2nyvhGrShk=,813.0
consensus_latency,Qj5oLmIUc47fHwO45p8PSFm0fjSwskpovjvma2XqW5I=,813.0
consensus_latency,x6SsFV/IteoGDEnXMQ1OR1kP6FSHTp0RJKdpqdVBwso=,813.0
consensus_latency,1sJNiQqxHox0DnIFqyfpEredoOIrD04NqqupJvZQMT8=,813.0
consensus_latency,BBduvj6sNj6eOkYf7xbwkO4lgYfTeJPzZ/26RSJIKIg=,811.0
consensus_latency,MkmRlGTHV1L8Uy6sEOR5gM0OHm7xYXjE68GvPPBlpZk=,811.0
consensus_latency,QAkDWqHIIsAwOR3/yTXeopUGOJu6GAGcBBmMyD7g24k=,811.0
consensus_latency,Z5JwDiK8RBjtCozHawLn3/XmujZGn1ywTEoP7qDkt+k=,811.0
consensus_latency,9EC/ax6I5qiGGBCO6v3NljiWfWleG7/hwxhVjdkndYg=,811.0
consensus_latency,FcyKWAwvbJ4J5AdjsBD285c9mhORZsT4P5GUGww8yMo=,809.0
consensus_latency,Y9t950lkBRwJhEtLke9Jj9n6l7vL5EWt/eihRoXuA68=,809.0
consensus_latency,b3wTJTPv24dZ6zUqkitS4nVOiy/WduIOiuvRYWpe/lQ=,809.0
consensus_latency,7fkWPtElvvjX5Tit4VxMaPWF4Z2L7L7mUZ6R/WbLeL0=,809.0
consensus_latency,V/NC9iIv3xOEWKARpL8+FZ3e1YkcErSfUNEEVljtUPk=,795.0
consensus_latency,jVQm0oogga2iLFdJwEcpf7eC9uQOrk8QV/l3X4SmkiM=,795.0
consensus_latency,gdPdzufYpVwYHzRGksjBBf5I2aGhmxlNBHKc507F3GU=,757.0
consensus_latency,npnao5yuxNAQy7kS6GUIucySDmR0Vl4QC5UfQRXY5bc=,757.0
consensus_latency,7Zq1zE/r40dopPq3AaUMu8XIJFVnk+TY07zILwSMq3U=,757.0
consensus_latency,9V7XzqFyeaxY4P/VYZqXEzfRzFOEdRbFsnFGY82FVQc=,757.0
consensus_latency,+zQt0eFvTIZzRdJzRVbFqblIImZMcHU5KsVm5XFhqrY=,757.0
consensus_latency,VwpTFrQSWc7EEzRV9mRT6rZC8VRnBRUOX2gnFVjw2Kg=,798.0
consensus_latency,pD/pa8UwWCMr63mbfF9y+bJo33GCIy5vMPP6SBVHc8Q=,798.0
consensus_latency,9WHCvMIT2mPxlmq9x/mIzdHipwbl3Z2bwuvjHUgchHA=,798.0
consensus_latency,Dhay8ToBmD3wONkLAfO5TiPOJlmO/26whd0X1F7S8Jw=,800.0
consensus_latency,Ya6Y4TDOS0XEWKKvhkyGt8WrtyTPllA6Hq1UynP8D/I=,800.0
consensus_latency,o8ZWEcIbXBFLEBKYhxghH5Kq4YE8P4tbS+5TJV39B7s=,800.0
consensus_latency,umOhFi7RP+qGeS3uL8DCuCC1OBayLCUXqepNIjFul8k=,799.0
consensus_latency,6RxlJZFplytTOUgbc3yt/styxVFyeaXZQ4+nsO4jMls=,799.0
consensus_latency,APpwDxB2svFCcfljrmZ1XPzaHPXNiQs0mmSko0/ucus=,790.0
consensus_latency,BRnMrFFsHRIF6beTGbbizOeBer/VmJCSlGaBiY2d86Q=,790.0
consensus_latency,Fc/SKVzt2fu7g3l0k8+jjHnNkrrJA87XJzgfbbGwopQ=,790.0
consensus_latency,PYgXmzOx6stsbWqQGeTXt3RHXW4q8PJgSdoZe1Xkit0=,790.0
consensus_latency,Ej6smMNvZ8bSUqPoZw16Y9c5JBi03kR/ik52aWZ8O/I=,797.0
consensus_latency,HeW7usEHIFYvssVOBt3y0IdFJBCgM6GS0Rop4lvWmcU=,797.0
consensus_latency,aBAQSPDT9QRnoDSDm3M+HvZRZrC8kbl0WfK2PEtqjbk=,797.0
consensus_latency,Qs+kTW8DSon7jk/usl8RmEc1J6vPFJzwgJaxWlVRpwQ=,525.0
consensus_latency,lmJebEvf8tlrdJXpr+fpgXJcOykqYx1sWFuVZ1H0zZ0=,525.0
consensus_latency,lv/29VBc0y989uHxjx25/+W3irvPf7p+5G8DRjn1aas=,525.0
consensus_latency,yz1SU2r14uWfzcQuLlsGRKtpb25/mQyfk6Clpd51Y9g=,525.0
consensus_latency,+dSIl/qOam7dmXfdMQbG4BfcD9wWzsFRulfD0LJMg4g=,525.0
consensus_latency,TxebErSiO3356Y40yO8g02SCtPPWc8fQZQh2NXLoaB8=,1091.0
consensus_latency,af9DeQoBAd5krBff7Afgf3aqTUUOqVjOPcxsaAsrULE=,1091.0
consensus_latency,fbMa/yrWkeYFphSHQklLJ5u6SUJ53rDooWnCiHVFhpg=,1091.0
consensus_latency,mNKlWyaAPQ6EXnTgB5+t8KW7rbDbig5OFqOgIg5bKOg=,1091.0
consensus_latency,voWZ4AaUjYuuDIIzGr8kILQbnvZHNE0CbXzApKQAC1c=,1091.0
consensus_latency,yyZqG5cnSlDl0Nxuc7NftAblKrtPR4vTfsVAOThMKto=,1091.0
consensus_latency,DbPsYHHJuI4bRIObXVInvbeO65+pmzC188K6YJvH5YE=,1067.0
consensus_latency,iVcQVqcCr5XZzqPmT9w/u5PxTO8UjRAPsThL/BfpDLk=,1067.0
consensus_latency,j+yDi9wbHyovVoYDFoIhFyttmaAUjmjMOZEgKvtVC9c=,1067.0
consensus_latency,9KCKNQgqv0Fm+BYAobB5eFYv8MIhik2ShsZODFSDVsw=,1067.0
consensus_latency,GPtaaUt3+TfjCRXjSnHqOuuSTNJJxbCbo/+BTyQcPjw=,1065.0
consensus_latency,Nvk/lfMy1wu6Yz+H9C3+Ta6NNdWThoninnoWYUYDzOI=,1064.0
consensus_latency,nIzKEjdC+W0EP/GmrN+lxEJzhoPAb62BM3gWSjbcpwA=,1064.0
consensus_latency,66PmY65Z9BDTZgBu9pHAwKmUyIwXk4yBmP/8PaRHG4M=,1064.0
consensus_latency,PcTlfcIRWCM6o7GX8HQ8zuT6OJq0xl0e9ZxbPrFKyig=,835.0
consensus_latency,UFqCYfD+9M1zStUWT58XQKRJzGfPcpFlupOvMvdhAXU=,835.0
consensus_latency,lCJGzn48QY0uaQnSh5MWBE4pFIjJVTX9Cp7nUlyCkyk=,835.0
consensus_latency,pv16uUWnyX8c2xLBjvOsQ2/Vuiy0DMbn9qE9qA9H8mU=,835.0
consensus_latency,1/7nfRHIl8OI719k/cHGobb/NllBUrIMpbQ4AHhuP+U=,835.0
consensus_latency,A9Y6rUbsaqgKF58C/i3N0+X1glpabF94ZGninnai0no=,834.0
consensus_latency,NnEKokFwvCQeI5hUdQ+5u3h7tkc4p+9l0wVVELrHlys=,834.0
consensus_latency,U1//P9ion/1h5KQ+ZC2D9WAIDuoj0NLx9pzwlsR0lWU=,834.0
consensus_latency,q5hP0gByRR9Pvlt8bjtHcjKcA7eLl5qStpWt/yL6H/I=,834.0
consensus_latency,vt0WOJs8rT06p1t7kmAcWViv4Tf6cqcF7oSyi4IVBTY=,834.0
consensus_latency,FZp/4JdbEdmDQnLGMZWFHO++WQoYHffSFzCiFzgAa5E=,854.0
consensus_latency,hQ5/aoNUeadibxGjDIZ9X19QjsdfhAvoynWiMh+rEWo=,854.0
consensus_latency,t+wtZ0oryWwPBdprS3p3HKwMYvcqM9D9w46w8wRzOao=,854.0
consensus_latency,xYjYbLW4NapKQQ/oG37ggwFJ1+rAZcW0h2HAVzv6FYM=,854.0
consensus_latency,3I+QDzDnH2HAqv95MqsuFaRBx+QyWF+octzmxqtADf0=,854.0
consensus_latency,UpbuCXhkFaJ19ALJsSmYgsACYSye6qXP2PfBkGt8DBo=,834.0
consensus_latency,kvghEKJS6W98Ty2jrjLxQSWJYqtiWlAcjMRIe9jEChE=,834.0
consensus_latency,qZSxJ9x2Rz3QgaDQIBqjDvnDUaYF2qhGQgZocEFC1+k=,834.0
consensus_latency,vI90vi7aAkPfmDkkCkI1wTmDqh1nn7l3s/3Ss9SB/Wc=,834.0
consensus_latency,yQo55jWqGgVPwyF5Niubhz6UTFVyP5x/knngv4BcaSo=,834.0
consensus_latency,35UigLuIunmMRQIyDuTE8zMAdgLI9N6R8gGloZgfOIk=,834.0
consensus_latency,DWeY5+Y5XxfMoCtSBbkb7ycx5KlSpJxrhxQu41Bzo10=,858.0
consensus_latency,hx+9IILQaY496A53SaBV++lL/gVYX+bb2d46+GbgHrg=,858.0
consensus_latency,ug4RpG2G2rOyrRQ3GvAtcpbEBgX4fp4o/OkoQG6FiQE=,858.0
consensus_latency,yiceg7hz9nAnYEomFIa3Lg/E76SVoTmcRpYl05Um8JE=,858.0
consensus_latency,DOCSlpKo0vWXnvceYNnrXarz6XJsRe6FoaQLuRvOiy4=,865.0
consensus_latency,f4YrvYdADd2qhPtC2CAUAwgbuoc8EHbH/gVn3ammeEc=,865.0
consensus_latency,nVU9mRY4PoTPHIFyZJaQqg6MhV6Fx1cdeVTscEg4Ob4=,865.0
consensus_latency,rmEzCLfRwOco/j5JsRUNozEE3et1J6BhACVA0UATuCE=,865.0
consensus_latency,I0UzEZf0PeJqG+XDgWNK5b3KYXtHzX0OswsYQqdolQ8=,831.0
consensus_latency,a92IsotEd6k6dg1YscK3XNzWliJh98C+4eIe6cquajE=,831.0
consensus_latency,lgtIzqPFcWBs0dE+pv6zHLmSWkOecTxsL1n+oFBtCIg=,831.0
consensus_latency,0Q7X2tqoEPOfUJiAAtRPtd1malpi0/QbYkjbU5C1jIw=,831.0
consensus_latency,0dlDRSaZahebk9dbAU4FqjlGsSIo3DIwW6QITzEkuVo=,831.0
consensus_latency,5cBZMT31y3OQUlFwSI2SZDK0qMSBkGElt8atNUnj/+Q=,831.0
consensus_latency,o/YMh1BTWoaTeo1dIYDs5B1Dm4uI89kGS27X+Y2F+wE=,836.0
consensus_latency,rruP2pARmhNfRJnqHwD/gkawOU7EbGW+H2jMpV/pzb8=,836.0
consensus_latency,r3C2tn99Ii5h72Ry9rS7hqhE4qdZ+fIx+nTygHpQkhc=,836.0
consensus_latency,uHysKlG8CEKPqwqkCrH35xxSmwacFr6iXzjhU+Ux0LM=,836.0
consensus_latency,HIajoBhk/f2sPlbFzXOXyB6WJSaoBtjLGw88GCKhcGk=,668.0
consensus_latency,RU4Mw6jw4dQ58GNyebjCdGl0jv+mRAqs1x5a3iTopmA=,668.0
consensus_latency,YM15pH7gwjrxyb0EATGS4TDH7msFi68Ncc+YuZMahFo=,668.0
consensus_latency,ikJSOgU4QFc0mYdrHlcHoqhiQxtT88Gq8fLOOzz+FdE=,668.0
consensus_latency,pX4dPo25H8TVnuTc+Ez2ibT/QmTec8VGveVxcQIz5zE=,668.0
consensus_latency,Xppvl9W9mPc9StSxpU6RchUq85KSuGiXS9aUZYpJjC4=,667.0
consensus_latency,fiOtp6D0UBM4ft/L9Qv4j9LqjXF7s5e3alPssC8L0Ls=,667.0
consensus_latency,0HVhYSmdXzqXf3/FTANqOMQbO6p3p3NpRE7FKgausi4=,667.0
consensus_latency,61FXHVrz/KN5hkh/48sDdkNG3q82HBQlU7Hapjh7Yp0=,667.0
consensus_latency,L89QWMXlcXQsMIWvG3xTuQfD+KS+uQryC6ZQyMFxW2A=,670.0
consensus_latency,PA7oYFRpSkfAQUmeM1Wo+9gArj5tZYeCRBvQy5htDJ0=,670.0
consensus_latency,axT2SY+hEjAogoy08igQcg42I72r3Lrejka7nSlrq5o=,670.0
consensus_latency,w2FU9MRYaJgZVejOh+afVe4OJapNk4MnMKHahlided0=,670.0
consensus_latency,2Id2xB2BLVDuZApi0Un48jYCkr+JM1LPhraTZ+V3j7g=,670.0
consensus_latency,RYYGQm2OKf63Ctifava1UL7dOmxmgKrEqrqtYc3sLWM=,656.0
consensus_latency,jkcOO8ffdZCiCEeJwQeemx2WRblx6Xvn58V4KT6RsJc=,656.0
consensus_latency,7N9xfKnw8TR+16dbdEcEW4HIEm1n3LbTFdadyqD37fs=,656.0
consensus_latency,S4gsD6fyVri2Oe2nm2Ltyk2wiVmGggGbFPbZK3odgC8=,667.0
consensus_latency,ju1alkkYb3hfpKHeuC8vUCiBVYgPCsbArhp0X/mA2Q8=,667.0
consensus_latency,kbW+0EtWZJ2SnKSONhKmr5V5n7GC0cCO3B9+qYbCVes=,667.0
consensus_latency,lfIZTBpYtaw1N6uNuVCNU0x6VE1pm8v0e8ay29FRTzw=,667.0
consensus_latency,sth+XwzZCyBaEe+BHIjpJRI0cutPEhpzXqq20V6reME=,667.0
consensus_latency,BcditQvkhdgrcBAABBEnGL9R4ifA/xtb0m8JzwRCaVo=,668.0
consensus_latency,Ps5duY7AVaBjYHBCP0gbEjFOGaEBFf8wvOtwA2yNqQs=,668.0
consensus_latency,fqBeFp5QJWSQgQvKWzX24q46HZe3TvYOKdcFNoZo2w0=,668.0
consensus_latency,ioUEtBI6p4FH1k8w/2lAUNgmU9mkVAn0JSOyTA0GS24=,668.0
consensus_latency,79GEQZua+aK5PaE/sEE7D16uE7/4Pl9/DV4WeaSa444=,668.0
consensus_latency,gQEsFYVNAHaMV5ZLbmcyIq0APE9HrMc6k0pFIpxrIcI=,623.0
consensus_latency,htzefP2ia0KBlnE6H5OKXWYwmKFFF+KgFoIyJxcr8/k=,623.0
consensus_latency,puHC971NUs4HjMsIliFGHicoAhx6jCrJrMBsqBVROxE=,623.0
consensus_latency,FOb9x+NktEwLTP5A4R+/jIgRkf+qDKHCrv3UmZj/u64=,625.0
consensus_latency,mzoRaxY95vd3dQXrE0i6ElvDYxQKYT3LkbKcb7uhfro=,625.0
consensus_latency,wQDNZfiekP6EcSq0hhybVvMv1XNH7x/oL6KQ+DEzeJU=,625.0
consensus_latency,5meI8BsTLUgPPHYjfAncwTQjyGJdSwzFxzxxQlewVUo=,625.0
consensus_latency,XjPL5oGFm8QnV3Y1qrFmQ2Uz0me1Rs/C1n7ESvPR6LQ=,625.0
consensus_latency,zNEJCmpzuZSOufiV/oLkGsLqLJA8rH4bGphGA6i0Pyc=,625.0
consensus_latency,2CoRPNo36yK6u3Y7RrF7J0GCQPvobn+tcOToXIa7gkQ=,625.0
consensus_latency,6SDBNt/Czbp5eRVBZCqMZK+DXGyekhQl4hph9XK+ZdQ=,625.0
consensus_latency,KqkbzjZcPJsdqnSZMzDm2vDHQH4JNr01vkrK37R/i8k=,614.0
consensus_latency,N2+HegXYuRHW8d4s1xwpFFvqLmA/F1vqMiCSY1NBXP4=,614.0
consensus_latency,kKN0QjCIYmKphhJ7aVs2pXKfNP6bzSCLgvVBJGy6Gpg=,614.0
consensus_latency,wioLpG6b7SjJUvajxuYeNCcpyo7d4+NUVvnKbo2FxZo=,614.0
consensus_latency,A8EfBDUwP7csW6pJkmXl5ZDsYiUzEmfGYm2e1I5f1qs=,626.0
consensus_latency,D/d7ruUjSMFy/LTlyvenRsEGd5ZzJgjVpjMfNaUlKMw=,626.0
consensus_latency,bQBvHj081P5Yl9Lur2xJ9CcaMDzP2fGwBiRwKEwgF6E=,626.0
consensus_latency,/S3jmZHOAr1H24ZVVvyPP+GlmnhyTLvenWqct36s/5w=,626.0
consensus_latency,B9+hQk46YakONiTccHI1Laty4Wt1I7dFI3xLX67NEFY=,624.0
consensus_latency,G0r2p00Npsi6UpxrnSusfijfS5UoswLpm+d16y1BelU=,624.0
consensus_latency,S39qh3984oXBIdyvZeViGO2J6BH+rgWxGI8YuwxwKPQ=,624.0
consensus_latency,bJtHEMEyUy2wB4pSh4EjjyJNxPGFKTob4q6j9eXWcsw=,624.0
consensus_latency,Bu7dSyIYQ8yAk24+Rs9hBvJdOK/4jWO4S0JaREbp6zQ=,623.0
consensus_latency,b5t8FUyNGV+mq+v/QMG44oyOLQv1OUXYkJu1kefWba0=,623.0
consensus_latency,zfSpKexkuxqQ2bbgs8pUoAjNWz21AWHT06Uvj/hvk5w=,623.0
consensus_latency,1mowUMA3wAJg6Jwg5jNq1B8c4wpFf9gY2BJ18s3pe/w=,623.0
consensus_latency,GBP4KO4rT11CGzmyGAy/2RcZ9x15DzW7/N+uDnKrFxA=,402.0
consensus_latency,TsGUl/Mu/u7SPr4SgQ62/ZmF2I6W5NYcSNsfdJAT/qI=,402.0
consensus_latency,dCm3Pmwq3theWQLpj0pjVjbFtXqjMwlr5gzewNW5osk=,402.0
consensus_latency,hAAcs+mqNOeygHsah5+U0hJxhYco66jp8sWIhkg8It4=,402.0
consensus_latency,xO0gun4O4U8mnFnkwjxCkqfD9VyT5HRaNCuhIbFF34Q=,402.0
consensus_latency,DGRKLDjrunGTXDDAkWTcxOS0DhwWX+jbp30KgWLFIUM=,1293.0
consensus_latency,MEFrycFQ0p94/PrytPpnDJHkBjhFYH7nQzpAViiChRs=,1293.0
consensus_latency,2OzxJO4NReOWrAJ2+qpplkKzvBqihzsRSL6UViZnj0k=,1293.0
consensus_latency,+VHzOg0OQazL+Akdyjky3JSJyH5reTawbbCx/oaVji8=,1293.0
consensus_latency,D4+pR9OwQUt1hxIkNAOCsHHEFo79lGkkEF4WL/RZlsA=,1297.0
consensus_latency,PLMn5SeH+12CY6LgDfuyJSZnydX5Xt3H9TW6gCql9q0=,1297.0
consensus_latency,gUAlWs/SFWi1LnqKpSqtQ7E67FXKr5m6Hi8fuyG+rm8=,1297.0
consensus_latency,zWX20qSFgEw8xhaRWDXxQdP4N8OZd5o1yK+aSsMw7Cg=,1297.0
consensus_latency,JjgJyIrjV9IB3qsKUjHOzZ49kD5/jt9QNfHHiR3EHjA=,1248.0
consensus_latency,WUD17T++9V9G7lgw/QumkIrKMzjrswOMxUp7Vhp45Nw=,1248.0
consensus_latency,haBzwhmME0fVzRrYReXnnsh0JBcQgE554qIWqUfTJow=,1248.0
consensus_latency,kQ8rzUGG4tvvsJ+xNwq5x2+1fXKEhc9Oli/d0BtQHFs=,1248.0
consensus_latency,sjLFf+Mphap3d9IUk6kRK2LungtoMu5MEmLwfpZFEK4=,1248.0
consensus_latency,YtjVwzxk0SEin7BfZ+wQ23X3d+MtPwoeKJbykpyGvDU=,1251.0
consensus_latency,eUjcQvEpYZsIJrF9PQgtCKsaycvqyqOYDiR8wNtHdEI=,1251.0
consensus_latency,mSmjFZgwdG+5EC3k5Gb3PklTn7d0IeEBzHBKHEFTL6I=,1251.0
consensus_latency,3hSl/k86HSnbyvaHzZhyGwOF0MlvX0y7BTv+5Y38xxY=,1251.0
consensus_latency,7jelJo7GLqk8eC66Q0G72yqFEx9ywSHMfj2rtena4cE=,1251.0
consensus_latency,RNvEEMuUxMWDdt9e25RK+j1xvSAvZqO47VTualPk8bI=,1036.0
consensus_latency,fGY7mDOT+gTC6bqNjRW1RMm0cp8D6lpi7m5JuGt7ENw=,1036.0
consensus_latency,suPgPMkzciJx0dtSomgUeY8xykrgBbQ+QsXYNZ0jMNE=,1036.0
consensus_latency,7hey7/TUOe++WLey0RAwNumB58Val8GsckCACCK7og0=,1036.0
consensus_latency,Cuvb37VTOFUGKp9M326hmsZdiuTpmD3wTQo/xl3pI1A=,1038.0
consensus_latency,KsOO7TulyeLbBsD1c6r6LiEEr0XMvoD/75SdmXbUR9I=,1038.0
consensus_latency,1BWM4RvgsgIdp1AAE64yTya6SF+whXzgtcg6Azrc6dA=,1038.0
consensus_latency,EBwy6At+pjgIhYhWiC27AYGFq6t8iYm6ZiDKRLRBn6s=,1002.0
consensus_latency,J70af0ZG2XQBB9ZYUVDsI17aSyy/Ynf9KlJbgleQh8A=,1002.0
consensus_latency,cyH9fiyXYMTIkpXyXkIsAdV5k9h+5HKWxP+AXFcZfPk=,1002.0
consensus_latency,5raINmCMnPgDuc264F+/ibmwpBVEqkinOUQhQTZyjCc=,1002.0
consensus_latency,Eb/gePXucICKjOeX6vz5euD7SuQ6snIGM3IBmVvUcLk=,1035.0
consensus_latency,F83xQqiKCDX8WMo0kBxMlcumxBCvQToNmrfiOZUzPkw=,1035.0
consensus_latency,Qc2+gHKTdB8VLe/JuF9OXK37oX5Z8RmMftxFYhHHFTc=,1035.0
consensus_latency,ea47QcBtHYYyIdDK/ElORz5Vi3XYjld0K/zUIb4w9eU=,1035.0
consensus_latency,VGp51rblLuWzRrBLo+8VMHWx3alXFJKz8YpVxa4rn+4=,1036.0
consensus_latency,ocOZkhYPfulEqlsFbYWR03+0R5bNcjnqHSCcyXo78ro=,1036.0
consensus_latency,ukYxiif+lDpE5G9PB0ACvamdcM1oLD5Z5cAolESGujk=,1036.0
consensus_latency,3S1mo+gddZIpmkwW2W/brYhTZwQhsgH2VAsw7I95cQ4=,1036.0
consensus_latency,Ok9RZ+N2HBazZJvCrEUBFQHgzXkZfgeKedEP4FMrlYg=,1041.0
consensus_latency,Vnedd5EgjFTGFujqWn4/HCNYMCkYbv7VFfZpLoo993E=,1041.0
consensus_latency,eR9g0KGUpN8m1G+RM2RYrUB8Hr5OWm/GEl/jdWwU1+M=,1040.0
consensus_latency,vcaAlJRxcXPxdQA3RdZfDWPIXlHI6+OKLCswxiYJExw=,1040.0
consensus_latency,/fAR47rWb8PIwHM3aAkqPgIXd2mRR1v3SxHrtxwSZWY=,1040.0
consensus_latency,LcbDr+Z8uHFIgKAhQ2JxJ5CAQNNwSthiG05Px25NQyc=,1003.0
consensus_latency,ZxsjzXhM681GUvR0ip3G1K1HtjddyUEqIhZgl9sWiJY=,1003.0
consensus_latency,ly+WHl6anNmNZWKXSy9vT74rmc5nrA2kD9PjvJBDOGQ=,1003.0
consensus_latency,ozWvdSsurOYwkmTZhFsnMWFXVFO3VYVxxVgKXAdnKgc=,1003.0
consensus_latency,48zgxap4cXiRuzySQd8rHGPlI4a+9w9AVPAVcQlQx2Y=,1003.0
consensus_latency,6Mg/9Xv41i6/RX1lfnrdJcui4/5hCjkWEleXp21yFfY=,1003.0
consensus_latency,VAaZViXTIfaCn26bV/I2sEPNQhrgqQBRGGy4Ack6vdU=,1000.0
consensus_latency,eV8HvvzXPRhOTIlj5flNtHUBLBWE8VXw1r4rwU/lYr0=,1000.0
consensus_latency,wswh98mP8VZJ9Cwu2M60NsN4dEsDKnZqjeVjoUgL5Ak=,1000.0
consensus_latency,6YXkt+ieDA04DLxBE5k4GB1/gUk0hgzmY0kWJIOwbaQ=,1000.0
consensus_latency,8AxDeZlZvO0a3eB7FnvAHnx5U4WMcv8V1dqUAsLkOJg=,1000.0
consensus_latency,CtQ6kbrAo58TIJzJhYY3LdoyeY51BsjaMqHbZF5h5i0=,841.0
consensus_latency,MCR/NYjtygYfIDDauZf7NbbR5wus/L9ZySevvGUi134=,841.0
consensus_latency,vM5LKN/CwopoDNFCHAoX8kliFywE7ChR8AWa6CDFqr4=,841.0
consensus_latency,5BUh9R3Rf4GXbEQXSWUKx3nDPwOn1MfFp0qZsXw8cX8=,841.0
consensus_latency,Uu9ttySORiwHKjmRup4aVrP9JG8pmArLm59zGeDYK+w=,840.0
consensus_latency,gYqdCNfkRTKfgxpjsPL9iF/qjktv6W9RmuQHaDdEbjE=,840.0
consensus_latency,uJf9Yoscey0E+G4kB2EM3n8zooq/ew7U/1h18kvSdQ0=,840.0
consensus_latency,vDcd0WGNxPtwkhDYF8sFgybcehp8STf42K4ta1rzS/Y=,840.0
consensus_latency,9P4iY5QP+77bp1fDD+BGATBhV/+N1vlioJSk3z4cVDA=,840.0
consensus_latency,BN32S/+ebeDJlHxJ6m2kCaLsx8ZVoRGRLThrXsdWM8M=,839.0
consensus_latency,RZY87+oemondyr1bz8jXT7cX3H0KQw+uIinF6hlSEaA=,839.0
consensus_latency,k740MEEdY2rcNBEgoYs8c84qFxY4asUwud011id3IiM=,839.0
consensus_latency,oNRJf/3tLLj63bgxEkW6DyhwEVD2NJwRuW7LGPwfxmc=,839.0
consensus_latency,+uA1KXkaVJves3VKrByCwTqUeKW8PBmKT7E925T5GPM=,839.0
consensus_latency,RdyRP3MkfKVx0HuDWCRbVZFoEz41yYGvsyxlgBULWRA=,840.0
consensus_latency,sq7EckKqBeMxRkSCgSdZ8VV+Z/Eh74mJhx//GPrVNyU=,840.0
consensus_latency,78q8LMoJT7+XIrVzuWmtTnX3J4muNu82MBgzAGpdYzc=,840.0
consensus_latency,/rCH21p1ondiIGEvXsJ9E1st2+keOsx57hJticKmRmk=,840.0
consensus_latency,kH2wFYrAlxgprTcA5BG7Cv1TvTMv4KcV+IkyMTidyNc=,788.0
consensus_latency,oE2bo4+cvSXkvxpNo0mdRju4MivtHjrc3c+Ibw03fOI=,788.0
consensus_latency,tjikX8CApJGryf1GNpBzdQHQMejyqgJD6cHM4I1S3zE=,788.0
consensus_latency,5sMGKGPl4DZhA9QwComQ3vLTUk9G8Aietfr2VRuUu+s=,788.0
consensus_latency,kemerflL1o3Cn6IytJAmwobG63jRn26H/4jjgQq21ik=,839.0
consensus_latency,mMXYsyt8s3Ko48VlLpqfILvQgyIKFR1GZt7Vx6cRtM4=,839.0
consensus_latency,15xohRAfW5vFDHlzoNWSFoWOR3fQgPllq52TnegTs9Q=,839.0
consensus_latency,J3NhtyIFNjoN7KU8Wk6IzMk717L/GVUA48vv1caAITU=,781.0
consensus_latency,XEJ2RvtD08NlzFwZ6dkuI3pJU3HwOfb0+GMRizL+vZU=,781.0
consensus_latency,pLt1KxOdmX+bRGjn0ZqOzjntr5Cj/vcMTyy2vCU/5s0=,781.0
consensus_latency,tdf6GfnV+CefnIebN1vung5DfZs8I69HPD4LR1Mars4=,781.0
consensus_latency,HPJ33DogFI0umMQy0d+USaE7MvcKx5Csj3UdqMpsIuk=,780.0
consensus_latency,J4SYTHzDVZLqh0ud2ESpND3ecP0sbAfkbDfniPd+FVg=,765.0
consensus_latency,OW4VqWNMG7n7KV6zfyf4VWpOTLtLnKyHGg1NnvSdGl4=,765.0
consensus_latency,d7k1ELrUFnwK/gfSwzd37ruoJcMG1pUISahXrnNVZ1A=,765.0
consensus_latency,j109z8ZZsp/wg0cznyJbXTKkmChEkT+zR9v582gYzEQ=,765.0
consensus_latency,IUM5sveeWQGbthcD+4m5EofyFnt9VHmwXcCbXyNMvF0=,783.0
consensus_latency,bRUr1hO7sHUfmuP21RTwtAxNNb8nbghahoELmef3VQY=,783.0
consensus_latency,yib2KyDdy6AzJe6aP3c5kGmbVbLQ0n1G+Jsqsb9rL2g=,783.0
consensus_latency,+xuDJefbg9uTUHlAAkQdoigCH48NhwEU3sZjiRZc7Cs=,783.0
consensus_latency,A00vTjj+uC6GVjEwUiWeExazAXg1aNcTDubNnj1Pi74=,781.0
consensus_latency,Qy9T9XlmzrbDNctMwgPOFv6UFSpRa4CWX5D3Brb52vg=,781.0
consensus_latency,XC8gGbgycnrYh/demW/vGv7jCM4Pog2S03SMfdQMGY0=,781.0
consensus_latency,ehfsptTZznCMliWGrGlQHcdlUaZocYomGsjP2X88nUQ=,781.0
consensus_latency,fXBcaeJ93fkLqZEDSMnbnU/feouundeiWhizEn7BVfg=,780.0
consensus_latency,nCg3ed1Pm4WJFyGAhL8xEBi9IEzNO1u4tMlFQvykoHw=,780.0
consensus_latency,Zpc+xeC4AjfO4bJykfjJ47trfkYg9BJIrYpXDMnq54o=,777.0
consensus_latency,ilF2Yr3WQjcyb8F/RSVgvDQmMQXrHLefShOj2J6RkT8=,777.0
consensus_latency,iqqipLcrPFvUD3rkhXIijfovdJepFnM4uDduUCdMvBM=,777.0
consensus_latency,o+l0JDFn2fYm00ZcuuyQfiS4/L7rQTQTBT8DptXnpu4=,777.0
consensus_latency,8w7ykx3eViHxBuC48SXB9cMEe4NFHyGpNQtQm6DA5RE=,777.0
consensus_latency,ADO089l4qj3VeN5MxR+VKVLHbeTCIcSPKNgXDeob96A=,778.0
consensus_latency,HfEYu1SMiqFJKuej1ntbEBkBfnQHgyKGp6d3gvMZ9es=,778.0
consensus_latency,PwaVXQerf3qNP7oBwTcMkyuSOTbWqjdeOS0rfmvn3Mw=,778.0
consensus_latency,b51BK4HlNM2MWODeyKCIqXHtrpIj/FwAG9rMM3e1L9M=,778.0
consensus_latency,3RwbMrYmmK9wj6RC/tvSHev6tx5KAjkn/MwrSBVhCpY=,779.0
consensus_latency,/kY7WLU3RibAoKChuRUOqsj3x7/QMDL3S2TyyLnfKsA=,779.0
consensus_latency,EDQK8aFlNnbYiUs4d2sZiDZo4qOO1JOHcxQQQQSGo40=,780.0
consensus_latency,ThZsni3M6CAYVmpd97N17Cjs14ljjb4WFTm9sx3suEE=,780.0
consensus_latency,ffU5WujS0iRhc1VHxc8xAeoX6BUArpQLzytXc8wnYQk=,780.0
consensus_latency,uUg6fuwsvpeVcs6xFHdj0RFg2p9eUKdfOduCkoz+nL0=,780.0
consensus_latency,Fe3zaQ13ReKp9Bed5SpkmhVAKnUOeUHNRhMjXIzdl3M=,532.0
consensus_latency,OGywa9BBTo1Pf1558j7+fLx0rnzHcYrP1UALMCUqVyk=,532.0
consensus_latency,QUl7kFuSY2M/NU5Q/MATNqRtwmgW6pG2TwvKxuMN4E8=,532.0
consensus_latency,y7mLgO2XomnJPZgx7zVymQc7OVcFr3LMHjvoz+Qzsr0=,532.0
consensus_latency,zZLUCNjqMEi5XDOHJJZmdh7fDnPsLX2CNJFPjRlWvzI=,532.0
consensus_latency,6SNM9/oM6Ejs3EtRnHNeGwoqstSDM/fcje4qOFe3EkY=,532.0
consensus_latency,jrxb+Byc7p72094b94mhPqQ+k8B7IkgiT2LdHCVO8Kc=,1759.0
consensus_latency,vj74+IBJN0UTtkKOEPgN68uvXICDAsuRFY8t+acohFE=,1759.0
consensus_latency,y30PBKln/poR44XO47/WU4FOBuAvmiwHwoN7ZzgOuh0=,1759.0
consensus_latency,+znENPr0enn+kUKd+IsGv6G3qe2zXm957VjfZHcMFd0=,1759.0
consensus_latency,AM3Nbwu3+Xyu8agDAxUz9VrhayvpYbWIfTfCXDNi7+s=,1758.0
consensus_latency,cWDSmnwWJy3oqMmJEfaoxog9cnPEE8vF7gsm/2uWmO4=,1758.0
consensus_latency,enY/cGJXp1SP1hoiTz5ykqrkr0d4HoXpGZTpYaHsAu8=,1758.0
consensus_latency,p+qYbKqRIdmoJ63raQvqM+5VCzpK2oKJJy451h2FjSU=,1758.0
consensus_latency,q76VODSLTaxA+dTANngOHBrKiv389in7Kwdi0TzShyU=,1758.0
consensus_latency,4cS1cRO8il7OggvpmZKOxczZw3P8b3GhtZasIeWxpCY=,1758.0
consensus_latency,e5W3KLOknwXnM3KwxhS85pJZOwqoRYj12SoO8gtmvh8=,1754.0
consensus_latency,hswLTuH+Jv15FnVnjzV1ma6u/bzOf7Ws4YHxtshib90=,1754.0
consensus_latency,xOcfyz5uUAJlwN9ibMkciwHVUAJcKRYrPpWmD0QncX0=,1754.0
consensus_latency,2yvtxZwWxGfRxYPDCxdij1izjFHg16x0E2/fyEIamA8=,1754.0
consensus_latency,ALxAcHAqFkTtwQKC2S2V/yO8OCoPcK2K5MAj4ao9l18=,1754.0
consensus_latency,JQBXbDzJ59MiIzTDX6QgRrOVrZv5CXaTo/Y7/H8OMy0=,1754.0
consensus_latency,2/ycOy3+q9/FlmqZF9uJCNCTtRvjvyjTyvwt7u9i2Lg=,1754.0
consensus_latency,874seRBSh7iADIEsHOwtbNrE2oabhQtpnMCfhN0JS2g=,1754.0
consensus_latency,PAAZDXq1KAua71t22q8S2fQvjpZO0QO/Lqa42D2Rtaw=,1499.0
consensus_latency,udgXOfE36NpQXDbRigLf9jNMPL5ZC9roSW84QNxrmlk=,1499.0
consensus_latency,yU0fJBJYpOgrj7ylKlGT9bKBbds8MeR5aTbFaAD4m0Y=,1499.0
consensus_latency,98y7xnKW2kF3sFlZ34yeepLtGzrZEcaPg3nvXS75qts=,1499.0
consensus_latency,/E7vZQABFn7j8/EzTN7Lwv+NFthUZkxZcwq+Heyl8Qw=,1499.0
consensus_latency,K1sAvR8bDjxxFnjK4IdHhsrDicab1g5MfLoAcG7A0E8=,1515.0
consensus_latency,Q06Kfvl+0QTBW78HruqoPcYsNAapI0MxCOrDwcHG2vs=,1515.0
consensus_latency,a0ATzagQmH959fcKBS+6M1tKQGI89oHHCH2ecfM4qBI=,1515.0
consensus_latency,spA2l9ueSPUk+7Nzdwf7XYmRtJTxR5QVhxd8ecuYEKs=,1515.0
consensus_latency,J4UD4zmh7JfBcMU3QDroP9oFf6Aj8EZK80RYhzNRpls=,1496.0
consensus_latency,V1ZS2vUxhNqyn+aRaPWMGT+jzDalCkiqhKB51zheUis=,1496.0
consensus_latency,YEPUcmtEuizKeqm9kFckUup+hVokireLZWcNZAwZWvk=,1496.0
consensus_latency,mGfYq0DqSX4ueY7HohNuU0C4SNzN3o3VdLnywGtttpU=,1496.0
consensus_latency,7w0Xoj2H86KW5421//05LQkRIXMxSOCaSG0M3jUBgbc=,1496.0
consensus_latency,KZXHUVTb0AlhZnJW3pfwNBUxvuYVG9bb8B8fy2AaPZQ=,1495.0
consensus_latency,Q+oAXmhEf+nMwobe+NF0vVyoAHtXTZHt1K5A93AvOv4=,1495.0
consensus_latency,deIvXTY3ctHO/gxfVFLlHi6E79xgpyWDAkjdcKQm5F8=,1495.0
consensus_latency,2a+rQ0OZ0Xn6QGRXr+DIA17X4pFGWIAzpnt7ZUCa4wo=,1495.0
consensus_latency,MjFY2efyoBZLPT3z9vsbZZVZtvRm6lNdNUQBwYzW8W0=,1520.0
consensus_latency,eR5IGewb1HsMBkIOoDCTkhnEmq9KKzYQcAw2fTrbycM=,1520.0
consensus_latency,v+HNcgI1VBKerfoQzhWh6nWCFh+9usMeCWWhNRB38dA=,1520.0
consensus_latency,1FAVpJICwmuWRkK3XhjNtnGy4r5MHxU3UmVTjX9UIcE=,1520.0
consensus_latency,8d+kDSIoUe0FR1s9DrOCj3Lt6vck/s9I7oxsgUXd7uQ=,1520.0
consensus_latency,9gXpUX94fZ+qjeD2xMv2Qxj7uww5opdk2ow839/Fs3A=,1520.0
consensus_latency,lr4zDSkxHKubssIE8WSL+2+c1wFldCGvQRwtMAA8bFY=,1497.0
consensus_latency,46XVKUIJ/0xPrjgWxCX44NRprtBeqG4bo1hGlV4Szd4=,1497.0
consensus_latency,6Z29hp7tUlWpQ+gLPNCk63PrYA5VsT9RyIcClITk3To=,1497.0
consensus_latency,7OEdkTWSD9oUPe3f7wGIt7Yn5+COMhi/FiEQKosNCAU=,1497.0
consensus_latency,Ebp4qEoNQh/JPx5cDfRT5pGTfJa7AT0YrnZubtsLkYo=,1512.0
consensus_latency,WaNSn4QLnOMHM5FGVxneAoYm3KwSOuCd3G3p87OEtBk=,1512.0
consensus_latency,pPZk4FNgSGwl3CPpN9tTsPTQao9axffnqb0sfM2GzXg=,1512.0
consensus_latency,w4n5J5DHuynZeEEup/+OtdAOmhVsB/hhqJqMY9X9V2g=,1512.0
consensus_latency,VfRyWXqfk7QGILNXX2gOIbtoOzoj0ZX5ZbR1DpPW0Gg=,1498.0
consensus_latency,X/Qg1SYm0ww1NqUUGGjMzUVsZvBzWgVqqoz+5XkG+rw=,1498.0
consensus_latency,1p9MgT91z+E8rfSVxPZ5ER3xpM9YZb4ZfQ0zLBpKEzE=,1498.0
consensus_latency,27c0olsS/dZsZr0a8lE4SWvLCABcXV31Ytwe1MX01Aw=,1498.0
consensus_latency,E5bUgqYfO0zfyw6OhvbklAVemIj5Q/YAJKsfUWLkeEw=,1325.0
consensus_latency,JguqNEZMlgZ7cf3i73gW2hMQtTPnqmCzrfTKFzsnguE=,1326.0
consensus_latency,N56l4NOn2w1LZlBk9UJSwt5hpmT28zfLOC0yZknvdrc=,1326.0
consensus_latency,dN4PWOJeQLy/Om+xZTD04eG9Tu65KEmtxmQjDFtarrU=,1326.0
consensus_latency,eFP6DzWAsa54ScciCSrMW65GgDKt2aNKp7acBcaEG8I=,1326.0
consensus_latency,Pt5o2XfPrkkY55U1RbpvCXg80u2j5G7JwT0UJyv2Xb4=,1328.0
consensus_latency,gdoIDYgYWTssTuHGLnVyCby12kUjSVYMwrwOdaUB3LE=,1328.0
consensus_latency,1XgKSHf0OSixZtowaR+UgicB+A0BLlZEaoR/h+wiEds=,1328.0
consensus_latency,2VTe06rH4mMNq3VNlFVARbVW33FeGUlDJj6+mluEvJI=,1328.0
consensus_latency,82VKgH2ArSAI1jwEhGg3aYuaxb2OkiAedoPW55UaUcs=,1328.0
consensus_latency,HqsTSeCZn9vZC3n3DKM4E/QVjonBQZmJPMWN2bQRc20=,1326.0
consensus_latency,dqEQpFRl2UT2dKodHkfi9d0lHnk530AA00To6YJrlMs=,1326.0
consensus_latency,gfiZWS+NbqbLB9c2FOImn1sjz4i97H3atFyyqdrgF6A=,1326.0
consensus_latency,mY3pKUXcJBwZ5Dgpjrg7RuV2MCprlbb43Era5sS9vJ8=,1326.0
consensus_latency,/0IjfK4wLMBebCPpkhiuPaWqZjwPMMz248yuEQH6egc=,1326.0
consensus_latency,BlLew1pJWIQMA79RgQS9VDbZdui1g9RE3vA2v7pa5CE=,1276.0
consensus_latency,M4HWq/tNH/ZVQARifefPCTL2yLyWan49VMys1j7BNec=,1276.0
consensus_latency,Q7rWjfJUd7OEOQLa3TKrfGpPYBl6hhdpVJsDXzICM88=,1276.0
consensus_latency,SyvOgKqtCNk894Ad4JUw6du7A/bB5bMKEnmrBLRZG00=,1276.0
consensus_latency,We/XwABifkEje8YvynSVcOpMY1ODsruygWm+ap8of84=,1276.0
consensus_latency,kFi+SPpxJ8kQc1yKsYnWztKMMQWIVNV5go5x4T3gT/Y=,1276.0
consensus_latency,IVfOzcZ4EtfF0TLapr8UQdsKwceUJFcszrmCQLZt6og=,1279.0
consensus_latency,5HDaRcR5ZW/GSqyvYy3KxlTt34FS+7WVkw0oB26LtBE=,1279.0
consensus_latency,7lCFbWhe2U42KeVDeICQerWivvrH9pSZEXcvts2GuFg=,1279.0
consensus_latency,9sGycsfm8/QJywNIjguqo8YpQuT++KMtaNrfV7WVYLA=,1279.0
consensus_latency,hIEP14kmUP04ZxJJVkeXitTuLIITfL4jW8sHrEQ+H7s=,1274.0
consensus_latency,s47Pk1bYMbrungFC6a2y/YhULTQ168hOm2TXhBSkY3g=,1273.0
consensus_latency,ySsv6bW+jdYDvj3v0Fj8fQuiGkRsSoPHw84su1DiEis=,1273.0
consensus_latency,63b2vz6pnr4GV8pvBduHGuz+UapFfJ4YuLyWzKulUIM=,1273.0
consensus_latency,7RDAi+aNZqjHcpto4izlm7ip1idwdCJpACQD7dUhFAI=,1273.0
consensus_latency,+rkiRF0PVn9qeaucmd1QH/4GWZKcSGTIy0vNAcP56Ig=,1273.0
consensus_latency,B/gtpqPzZem2duDMumw3+DHtzXdqov26+VXCGeC5oac=,1327.0
consensus_latency,Cr6RmU7KmWwdUr47EPpQUHIGUi3qk8jJXtrvst0Ek8s=,1327.0
consensus_latency,M4qRBsqV34IiukhWtwxncYouETaY6ZQw5BM+ot3WVpQ=,1327.0
consensus_latency,bOsQ5aEPv1TAX9JXMpm8Ny4mYhDupJXV+xY2dUeCPaY=,1327.0
consensus_latency,zwI/M/XLW75ltXtQshVED7phzzZglKSBja+Tu3s8oW0=,1327.0
consensus_latency,1d+Hx9Wgi4sXi6GX1G9ho6VccAaMcEu9G9hNYFxR/pY=,1327.0
consensus_latency,G0oJ/MGCs290i5JWWkDU58pNkMXgGFGImAzvVPzeOxc=,1329.0
consensus_latency,SD72iot4wSRTVnFr2HhhM5SppNhs9dQqWq1PT8kXw2g=,1329.0
consensus_latency,Va8Fl4DcBG6oq+CWs2IGcuhyoy6AmDH8nFa5lxOFycc=,1329.0
consensus_latency,nBqd73i8m+lQc8/Ek1KhnSmIN2+zgXtnoFanD/eGP7Y=,1329.0
consensus_latency,ogCorl7xQpnWSmGJpMKSWSQJAWjwCRfIUD/l1uQ8Gxk=,1329.0
consensus_latency,3g1JSHCIKV0nXo2+1QR05/4WyLXqNXr1Mvylkifddho=,1329.0
consensus_latency,Jrl3BWGIYUf7u8HxwPYZUqeAiO+G9amYFIEoELCoUlo=,1275.0
consensus_latency,TUT8nLrxzKgdcfx7iyadVMdCMTtGxIwg1W+orjK7i/k=,1275.0
consensus_latency,rb64QysCf0MF2aqIZYoAwPhasCxaxYQYv98li80dwn0=,1275.0
consensus_latency,1nSbsJZCcSMo7k/MoUbZ2ZQcGZXEjdINCaX5D1we6sU=,1275.0
consensus_latency,DiRprRNVcUlJs3gb8KHRoQ1sW+d0R5TQivyiE5qij38=,1265.0
consensus_latency,RU+LlMcu75b6kklcmIfmlXYFBi3UCQX2LIYI32gV7KU=,1265.0
consensus_latency,Y+v6qdMt1nJ/uiXc+Xd/5ESV+UetBElb249d1YPCoyE=,1265.0
consensus_latency,8sCBwwjEGoiYGcSWcgAKqtqyLQt5uEBBTCFop5jrxxo=,1265.0
consensus_latency,ZAUaGHV3tA2PORgbmwD7+3IqfXjIJOiVOUYxcsMgP+k=,1272.0
consensus_latency,hkoSN+1/W6Q6Iwe51xYaktEWN27TJRrvQ8Ijg0iMJZ0=,1272.0
consensus_latency,n8qFzCYbHMkA6qVxHNwlQpHfkcAkBuGopl3MSRdVGIQ=,1272.0
consensus_latency,7w1voKw9+o3djIlIa7GPHnAC16de8xFDTzWxUtkhMUo=,1272.0
consensus_latency,Bju5tH0/urpW0qRiF52vO+WCLOgtLfjTjW8U7uQrlx8=,1292.0
consensus_latency,YHaXbROrXpOjWAjIbSCIGXbNjhylZLYjoudRtPU/DNM=,1292.0
consensus_latency,eNPWXZTgvB1IUPreMeYZPdGB1tyQXkl/24sIib5E5sY=,1292.0
consensus_latency,1Opaeju0JuHAlST6Yi1bCA1IHAPYETww5QkbvpOIBdA=,1292.0
consensus_latency,FfrPWdyBM/++uXyvZdKITLyIBbLvnjqZAefxhwpgcQQ=,1291.0
consensus_latency,GRGllngml9ilX5k1bSeQQ3tJ7Bt4JKQvxseuCBLngZ4=,1291.0
consensus_latency,RhDj4HwxBXiZBjtxJPRXUXxQJQWQ9LgdP+ObCURR9qU=,1291.0
consensus_latency,rVWuHzh7BeXizq1mHNIdV31FKLkjr2AFvFR6Y5t3S/4=,1291.0
consensus_latency,H+qx9PeNcw17vhYdHTXXITcDAlsC60U7h+8bASvkiPM=,1294.0
consensus_latency,J3n4WZx7uMXBBX60SiluLeyn5mir0YZeTdXLgFJfVPs=,1294.0
consensus_latency,PnJEg8Rj7SYH5pdEMj4AFbqhF00Q83j5uYEkH4jYj7o=,1294.0
consensus_latency,QeTBwwf7Rj0fwD3v40GpGi2ay1Wfy17gMqyMlvIGlhs=,1294.0
consensus_latency,c4M1Qbjj6dCuDJ1F8q/YIu5NWp4viytd1CHM9+EUfhM=,1294.0
consensus_latency,qK/FdKW2sUIQ5AQKs3ONqze4zUFexjIZznbuEU5yKEw=,1294.0
consensus_latency,uakfPNwz7DVQV7InyxsHjBActdpA23fEQR3iKrEEGPU=,1294.0
consensus_latency,7u44qp4cu7p1gaXLFjp6Qk6ggjfC6FyTV0CiJFCnd6Q=,1294.0
consensus_latency,nUfb06AJ9zKblRNap30FEXOalBVwaUJ4ZVRizRhwdJ4=,1293.0
consensus_latency,qbRqzzsD5xvdj/kPZ9Y/9Q+tDGXNlYHBMdNZvNKJr8E=,1293.0
consensus_latency,0RpAER51wVBUrG0i1wMJnwbvJzCwReeyuGLFJ5Ajb1Q=,1293.0
consensus_latency,7kqHI50cKOb5viBe+VLVBTPsvOYPzD2YkUNTJXtItK4=,1293.0
consensus_latency,Tt0mTo3/uVICtWgnXZmsv5H7jTxZs67Qu/cpDrEIoEU=,1291.0
consensus_latency,6aUX8db31nlrxIWjn+d3vbcznhAsTMTPxAGfcYfpCSc=,1291.0
consensus_latency,6yyVK4yphuBWn3H546Z9QgCtM4XYtuee+WX9fY8ODaU=,1291.0
consensus_latency,8cSHAktn5yjuMqd6BJ3VuTbHf/tXJaqCWN6HCPTs/4A=,1291.0
consensus_latency,QqA51YmMKKEqV46iwUu725xGNuI7z39BKesHuj22hSI=,1037.0
consensus_latency,aX6Bg6MblsopfNzm3LCKxRhkTiw7xvZ1yqRDN56a7bU=,1037.0
consensus_latency,lI3bQYY7eBs84MQhCxoSPis7mA9SK+PlZHenI1OTCTk=,1037.0
consensus_latency,qf1V/3fikew+csEUV6giNxEhVRw5aiXdIipArsj3s+g=,1037.0
consensus_latency,s8dO63CJ0eAJCB7wNdKZwPPCA/MXIsKsQTxb7mk13zk=,1037.0
consensus_latency,Ur6Ef8tUD2hCOQPdhSjxRqCjDmLJAaJW+lwB+TYeATQ=,1032.0
consensus_latency,fzjc7BoDlYvbN7qPCVADkrq0kg5dn8gGD84Exw0Ir5o=,1032.0
consensus_latency,llYIFww7QBf89ks4vhDZ7DjWIQ6RtiHojKeYzmqSW7A=,1032.0
consensus_latency,tWCK3D3fa7CjAwqlWdn/3rLL4TktmN4XTNw82EzY0+w=,1032.0
consensus_latency,xaUAFq846aD+lYJ7loEeVois/GolVHK2G9YhxX6Cp2Q=,1032.0
consensus_latency,TeNSZFqK58RXYqxRs3AxG72HHyke0aHNQUfUElC5GPs=,1040.0
consensus_latency,aJhy/BRHHjrHj2dAEe2WduQCrnwVZjqVmEdYu1B1abE=,1040.0
consensus_latency,ixNSJIcaktEzXUW/L6O+YINlomT1h/1Rw+ZJPyj+egQ=,1040.0
consensus_latency,uiwYrvG9xyL26f2V7Iu3WB+3o1kE7Q3dRwwj3z2Ss6c=,1040.0
consensus_latency,itgBIo50OfjM5dTWb4q3RrTe3Ra7uBJgLQsSz4NkK2A=,1040.0
consensus_latency,2SNC07RXPrJ6Spy3MFBlYKAiXlrQHvvtBrbDvXxflQM=,1040.0
consensus_latency,4kYU7zi5RpFSWF2PorsXAI+1Ia0SO0v72Krvy9F5rCg=,1040.0
consensus_latency,/ZYaoqstBddHiYnwcE/LiV9jQRO6qYWQxghXNYvNOSA=,1040.0
consensus_latency,NB0XHxgv6o4USfGXulFN3w8GneGR8assychFZXjBDQk=,1033.0
consensus_latency,eKxO6ZUSKZ/VNIY/fext3eZYKXi2YuY32UyAFYCgfK4=,1033.0
consensus_latency,tANc930QkbHN/ZQ6YZ+Ot2wstmiXpQwQbrRqQVEvY2I=,1033.0
consensus_latency,2F68OqJKBVMx8hgUyOp1m4IUksxamwTP8xklWeefLgw=,1033.0
consensus_latency,7MPn0ezjK2M9KpaTWyQBeZV1Fetft4BDj5aBfXYlDFU=,1033.0
consensus_latency,ciIqkwFlANVnmifmgTc5yNzPdDl/JAeHwmQRSwsaWNY=,1028.0
consensus_latency,pccaBXxD7kwaxLTZ7r54FIMnpD56aMN7y9cAxRNpXjA=,1028.0
consensus_latency,xfDmuycW5tkQkALy3prbbMiSMPy5M+PJfezU5inX30w=,1028.0
consensus_latency,yTQ8r96b/y1ElsZnA7ucFvkBsmNW6ot7++Qxk6tjYLY=,1028.0
consensus_latency,+FnmPChR6clO2TnXu5LHjWvsGWyYFLEB987KkLehjTM=,1028.0
consensus_latency,NSXfduzZirA3YNxCCjpsU+3aBLBA0oM8o1FERLn/VkU=,1034.0
consensus_latency,X+vgEuRKWgbqdztrQLwyGH4+AxJXQiilG3RF/h5WqgI=,1034.0
consensus_latency,Zbs2nRQOAQS8L8yXQTy1Dj+dCKN/YnI9PoilSOJpkTQ=,1034.0
consensus_latency,0FvFmdEDT9KGsHmiPYArAR94WuH7QK+38BbpLmWXnxM=,1034.0
consensus_latency,UV8StC1GkxHekzuMBGIr3h7DqytnuKrlWGkZ/HKL00Y=,1015.0
consensus_latency,Xnt1BgjQu5YsL3e8D5TY+8I8i4Thfa3bkF3uT8OuPZ0=,1015.0
consensus_latency,Yuv14fHQNe+z79ilyUlHk5oSInzSANSvg0CdzEgeglk=,1015.0
consensus_latency,kcWJi128QAUmK5eWo5bA1um6vPD285NOiCGTUR0rL0I=,1015.0
consensus_latency,tcnEGjGBeA60G4RucHrXwKeNyAHLwYljB+8JRt4B3Zo=,1015.0
consensus_latency,12B6fTcCU0Ar+64CfCoFoa7QCTZeLPZNx+pdos9lvUk=,1015.0
consensus_latency,NeSQx4P4JPfUmrKm3zUcgM5B9iyr1u7VCbH2OrOIBDw=,1034.0
consensus_latency,ZrQOjQi/R9R0S4qJEKpcI7d3vz3+0VmDLrbSXEyjnA8=,1034.0
consensus_latency,ww2TG3rkyG0m5v5BcE7I+9b5j/RMYXJgp9G8FpPIH5c=,1034.0
consensus_latency,37Jiii/PVeT6qcOpdB/fLWAZe2OtXHs21aWIE+QQ5O0=,1033.0
consensus_latency,6QfOe2pt6XvlR54GaP9fN0Fu/Cg9RN7gmZ1bCbPrxGA=,1033.0
consensus_latency,BCXt2HK1Lo3RCFmY8dJt1xV6qmzu3WHj+K+VA5rZu0E=,868.0
consensus_latency,S8IGTo0jNUTflA7Jrpsgb0y5eO+aOtLXfBARhxhE6QY=,868.0
consensus_latency,cOzG8QeJC1Z99kmSlQhjbotK/bpKODomG8p/r5gFUW8=,868.0
consensus_latency,hkTE1cQ7K94v4Mj3Kh44ZLM1n9+Dv+hOhBOb5MA8XqI=,868.0
consensus_latency,F4pqLpNV5o8yYXPH5Qddn8CEkuLM09XdjcPZXq8hyc4=,830.0
consensus_latency,L1D8oudL/ymOaf9FX4ZH/vYf2IfXzXrpHQacIuXfBV0=,830.0
consensus_latency,t+qDiiE3n0cPFmz1FxLX1AAbddIGFs4Qzll9w9vmMpQ=,830.0
consensus_latency,uf2dNlzHQ/a0gt0GwriIovYkkSBLlnHZAo/R5YR1tAE=,830.0
consensus_latency,6J/BIXJ8XZD/T/VZ3n+tKkyMBTYLzV3daOPU2hyQBGk=,830.0
consensus_latency,JQYTZp1Uo9XnDCmG4PLQfyTD3nUmCGEsPXJk+8AuRcg=,865.0
consensus_latency,ei2WCgTJyLfxzAOqnZjFztCpYHLZ2HM9Mt6xvlG7cXc=,865.0
consensus_latency,iox1+NDZ6uS7XwbyUzVgnCi7ITNNJxkVO5mDJ9sRiQI=,865.0
consensus_latency,nu/U6KG7KsBrjxiIIG2Ska2klD9atq5oC02cR8Ik3oE=,865.0
consensus_latency,H8A8DgOTe96nMi6m4fE9xlIstEVB15aRGxOlHs2+Ams=,867.0
consensus_latency,VAWvsiKc3uuYtyskOMpL/u7B2R7MMAltJ+IlH951+Ig=,867.0
consensus_latency,1UNbF2V/9qRXPloH94/PIyKV/97AdaWvtcYsJMbhapU=,867.0
consensus_latency,2fXziZMG6D5DQBglBZkzn9MyKPIXuG58mL8QtY1KXnM=,867.0
consensus_latency,JKJICXz0k1ibu8nowaQY+VsOIrwYNnQP7XtMhUCjdN0=,865.0
consensus_latency,cGF7iTEWQlZR3Pbz2We9OVt++MB9sw5vFFa6mEXFJpk=,865.0
consensus_latency,iUJNVUS/okLvFdfnR1GisAIAHkbbNFA+V8WnlMCaJJQ=,865.0
consensus_latency,5K5NVTqmS87aqCMQmAIJAN00q4kkKF60I/bOcTw3XM0=,865.0
consensus_latency,FTumcvAHTfaXnDzDOPvSjxUH0LmLKaY3Z2hu0C7XLlI=,827.0
consensus_latency,L3eqH3v5+NHMEachkkwK04qw9q4fJvSN9jbVD664btg=,827.0
consensus_latency,fY4UlNW5S2FHNeYJ9ipnkc2H8PIlMk0uF9whPq/FbLs=,827.0
consensus_latency,kLvDmbkvjLQkwirQQlFZMKofbXos84Faf5+LBBKuo5o=,827.0
consensus_latency,yq+vqc305U6EokPbseEl+PV1d4Gdf9F5ANgei3R2I1s=,827.0
consensus_latency,CVCVlev0Y0VD+G+cciUbimXv3O8H/2mKiTdoZCH6Ypc=,826.0
consensus_latency,G2YudhbtZomnfp5FkJ1/ENh/3vYGWYs9jLYWTfgMbko=,826.0
consensus_latency,I9SYE+t5IN4Zwi9hfERUV/5uXZeSCuOjqI2KkSKsykA=,826.0
consensus_latency,se2V8SU8Dgpgl4HCUQfo/QPP/XIZevRi4EAxw55OiEw=,826.0
consensus_latency,52i5dW75pSdSOI9lqIK63sPN+MnwEejesErmAk3JkGY=,826.0
consensus_latency,RNNc7DdNy5qx7CLpPnyrjdh0eH7APWzzHR+tz9VOkoc=,866.0
consensus_latency,lTTQAU4y+ypRcifSIqbGjmBfTT9HV92kxAF59C+vW6o=,866.0
consensus_latency,wKWOThQFq95JfC6AL8Qve+fsc+VZUh54EN/FjbGD2vw=,866.0
consensus_latency,xUfii/Ff2KsRgfUtl2ah/BLj3L6xsmAsNHsEz4+VJow=,866.0
consensus_latency,+Ttj/o4ngN9MJvY5xikgBvZRdKUcUBNQLVZkQld85JI=,866.0
consensus_latency,AluK+IoGneTQ3H0G+HCLxrLlg7GH1229/68rlWvnZNE=,778.0
consensus_latency,TU8BtUAdMNgf+V2SWVejCnAPNooHvj2mcdbM9p2JQUY=,778.0
consensus_latency,Znzgm0DtWxyBrYcpxwJjj0obmCANH4X0RFsFJdP6R9w=,778.0
consensus_latency,osy2CH32LJcj5lAEm4C814oZroQHh/CZY7Sbw1D/iHc=,778.0
consensus_latency,rmsyWKxf/IMb8YfNGK9j2hSKcfEDoB9EmaEbii2KjvA=,778.0
consensus_latency,/xKQzHbBmwSQZ0NrRUy/nZ7altIcLU78wFulY0iSeDY=,778.0
consensus_latency,C5bN2nAjUMF7213jgrvze6XvR/1Jo1LaAiB+h/QJKa4=,779.0
consensus_latency,DbKp89sSvoGuIvjE0zefj1GOT07HNNSzN7PioCxEG1w=,779.0
consensus_latency,NRrUCg/5WNgPF6XQeklbJMiU8DPST7r6gXIzFxmSIx8=,779.0
consensus_latency,SU+MmCyspG3Gfo2XJWSnnfEUpHBO7umRC3XdNabrY7I=,779.0
consensus_latency,4d/NZjmczbJe1lHDBpq9QfPQZPe7/jrwoC7tFxmvahw=,779.0
consensus_latency,RUI4EtxPmEVRPsnBR678r2Fzz5p3S7hW5sbh59U+tD8=,776.0
consensus_latency,kDHgqLRCOAzlh3bZyb4aFmEIW4axJqyhXnOqyGQKCq0=,776.0
consensus_latency,3N0j+N8fauk9jwv9C3YXicjcH6mfb8a115tXv3JtD40=,776.0
consensus_latency,L3L7XS0eccblUp+o5EninoSKWj2KTIcH4mEcITbl7XA=,816.0
consensus_latency,bDLn4bGQlOpKF5A83MKOAilWNENGs2m3LU4kT6Fr6nY=,816.0
consensus_latency,04/H9TrPmJ50XYt8EqnuHRzGnoZ/ihzYeN7ZNI77MvA=,816.0
consensus_latency,7X0biMc/8jvGUIo1zl9a78ORJSokG5w//+2HoX3M31o=,816.0
consensus_latency,/Ujqjp6N38WVaf312LThhxZPeKp4hlrWjZj78OuNxdc=,816.0
consensus_latency,TsELIgLzEUOY4L3BzsyYmDqRSZ5DlcqdvOQH3fe0Wrw=,775.0
consensus_latency,c14r52pL96YH7MBnbfYS3+iBLbjsBjrspLCcsh0Kwkg=,775.0
consensus_latency,rZrPzrTlk5vzQ53tKB8aoHMZanU0nF7QAqGZj25YtwA=,775.0
consensus_latency,3Q//brYA2I/+g4tSUbHJ6Hc/4FPOYiKEkMdlg3X2NZ0=,775.0
consensus_latency,/tTRK4MXCU0j83+lVWyomRs75ROpuwVU+6JWycs8jL0=,775.0
consensus_latency,AC7E7E/8ZFbLp/1h3MZw4AQ2Kb2lmIfMXUOPZHP1ZyE=,776.0
consensus_latency,JLdT6b9Nt5LeYkyljZTyvJnxjMImetzPguT+Ju69ZU8=,776.0
consensus_latency,K9hsVy9s5nUYI0+MpnvpEJOAsRc9MYBqm4DKkBVFIH8=,776.0
consensus_latency,dEy4w3OJwgn4m20D50zRQDaWBouxYTFYyDCbHPG2m/Y=,776.0
consensus_latency,xcaUaj6eG4PnQBRaaOhyxrpkEfEew6Q3b0Ll7DMeLe0=,776.0
consensus_latency,S954mrPSlHYh5kh7rbC+ThofYsJwUDlfv4y/Lnz1cA4=,775.0
consensus_latency,WYnQ7XOyswzLmIODiXtHfCkfUlsCGRGyOzxqrQIy6Xs=,775.0
consensus_latency,gl+OIthUWrdjrGXjHkmhXYdb9rtP620Lf1FHbRkmwOc=,775.0
consensus_latency,lrHu/je4rBg56ucUalN7ybZigD0vTGRtJHTEij1XWP4=,775.0
consensus_latency,oIw/Q44OJa44/wPxJdkIuHyBEVduob9UPK0wtURFKys=,775.0
consensus_latency,OtX7KXqW2oAdn0lWZZMb72RY0T7Nk5OytntriTaY5ko=,560.0
consensus_latency,Xts9N/TpDY4Bw3GUn0kRSGtRN4heuzPawux9Qi2myW0=,560.0
consensus_latency,gxd/Oy9QUlimxlEvppL2GQHoGF0ivv9ygbmSrBH8U74=,560.0
consensus_latency,1BDGHUptOAfImYaiNpQ4NARhfbnawuI518f8qI0E0mg=,560.0
consensus_latency,+nYgQKL4yGtC644pT9p8j1M2QmBU9fxH9wJiI19FuIg=,561.0
consensus_latency,ByJGwmpzlYLAYeO57vcDr6sWtXbjUbkijgjnPHZ2IxA=,1115.0
consensus_latency,UvNt4bJyNheDjzY6y1RJWQUJRHOOALz5k4C28WJ4TsE=,1115.0
consensus_latency,c9ceOyiTly8rkrJjrtzk7O5j6ujdzQhB3Mmwtdz7Jd4=,1115.0
consensus_latency,q4lxEJ/lFqtZyCPyJRNRtUyOflng2K+eztkWXmYsSc4=,1115.0
consensus_latency,tDReXXSUtSCJoBH6HFu8XFhlOwOi2sshgKPDl7T6yk8=,1115.0
consensus_latency,TUVaGSzJq74W3XYL+EW3NjmYUkCMQhcLU6a2bx4apQc=,1115.0
consensus_latency,onh9SCrrkzgl5gnFt0/XksEmt2KQB3UuWx0jTZuk3xk=,1115.0
consensus_latency,tjh6O7zxjhLFqGxw62TLZHZrlij+fj4KtrgleAk+Ydo=,1115.0
consensus_latency,x4oCBAK6Ta4UXwlIBrRKt9Ls7nWPXFjMnZ2QSD1ZySc=,1115.0
consensus_latency,yiYqT9lpeJUlSQXLCtaHpu8fk8KZYguQwoc619SoFd0=,1115.0
consensus_latency,6DD9n4y7dzqyc1hTCbuoB4fVQlUsYWUY7wvoHpmQDGA=,1115.0
consensus_latency,RDhv3IKU25A9J7Llk28XvHwia+xApk2DiwlAX+BwMqc=,842.0
consensus_latency,XJyl5V2P+7aYSdya0+Ev6qxP9gigSKdIfp3Ff7WnwAQ=,842.0
consensus_latency,oL/mw+6HDB5+g2jSWIrkgmCZE+x5G9mdUunlyJntUcA=,842.0
consensus_latency,rvhYokmqSrYU6nT28NDZO47rDFUwjYoUKIzVsbidbcg=,842.0
consensus_latency,inoYjbVKHo+pu4+DyQ+U1mS+dcyjush8Ddm0ZFq+rpo=,860.0
consensus_latency,jntbwGnz+ZUA1eHUo25VAO4HjLBUPNd4nikikX4l0zQ=,860.0
consensus_latency,mce5PBEZGTD4S2XjDDgLV6pGCLBvkTDZnVgNeg8/6Mc=,860.0
consensus_latency,1C/sLJ8MZz/jJ6lqQez6m99gXCSkF+3GO8yUu47y6Xo=,860.0
consensus_latency,NSw1Rlisj3u/00pjzjcSTvz5D1UrlVwyVP9Wx9z4g/s=,866.0
consensus_latency,RJ/w+wGqTl3P7preuAb1O/gdfzMxkC2tLUGHqScYZlg=,866.0
consensus_latency,1ZU3HPMTV/n+2iPGLpAPRx/HrWg+HLiUxIw5bH5UA98=,866.0
consensus_latency,IsLEF5Bzgt0pPNd+Wuhvsa2dOpu8rTuQWHY+JnZRXJY=,863.0
consensus_latency,mLscA0oqvC1j1psK3iw+/3FhSVUsgWFJhyyvesBhOVg=,863.0
consensus_latency,vQj5QbN30K6ru+f8t9ulfFEd4VdR3y6dhOtjD9y/CGQ=,863.0
consensus_latency,5cHg37Pw5I1FCThrB+YOhh8BxOrRmXUnRifdm4YxzXI=,863.0
consensus_latency,Mjf+ChNzZ6kzDw/bBQR+zy9A3yMo4kLF5LM1X7Wcsxk=,864.0
consensus_latency,XaAt+EC5GYTP1ZkK5pC6UWy3FBRSN/7Mu86iAKWb0go=,864.0
consensus_latency,a2mkbcbCe0MgECvLYxUQDp/vLLOqdO/u8V1ny5c4xI8=,864.0
consensus_latency,dgUkNgn3fcauRzI2Cq4dpkQHmAItRNYXiyJ2DaF4/h4=,864.0
consensus_latency,IohpH/mS+xnDdNV9AB2PdLuGpYOSZH7mJK8mzq4RXPM=,863.0
consensus_latency,j9hyl9+b5ELg3a6Kl54b2R1A48H2q7Z+NFo72MQ78MM=,863.0
consensus_latency,wI9ldb+jFzbg09us/bjLHFscuiE0VDMPzWdWqCeMTV4=,863.0
consensus_latency,+NlzQUtLuZ1TgMpSEFkltOySs5g85HDIG282U1wOEHY=,863.0
consensus_latency,NgZ1qtfolRS2y37L39pO2vofCCWHwZl31eyZKzAYNWw=,859.0
consensus_latency,ooa3erIm/K/OymjiifWUIAPXco9hu46Pu0uEHXELl8s=,859.0
consensus_latency,op0oDwZsobq0NHW/0VoJrTSkmn5IXnJqdVjz90qIUX4=,859.0
consensus_latency,8Jeutz6VRUl08uv545jwhiK4T0gvT0tfyda5RV7qy90=,859.0
consensus_latency,RjdtVQ+UgWMlQNisJlGC3Fe93XSWJA4CiIu3g65nLvQ=,864.0
consensus_latency,pMFzvNUrfiRraGmlkExjDyzd4D3yiwf6KuvU8I8EWIc=,864.0
consensus_latency,2PJakkOdv/gb1LizAuBvRd7tgL96gWqa6BdzDXaJkXM=,864.0
consensus_latency,7uW7ritLvGMUzfxV7+2cWPUAuKbTiFawZV8p5h7l34I=,864.0
consensus_latency,EY7TBB50BkHqVOrIcqMA1blGAugE0ff19386NlMASrk=,678.0
consensus_latency,IhEBlSrJ8mKazevo5T21MUUM/Pt03e8lGnJxirOQQ04=,678.0
consensus_latency,SdjEDnofVomZDoBLwkVYpnop4XoAWoqKGZrxGQkhfFk=,678.0
consensus_latency,/hyHBK6ywBDVeLWRNiQn06cQmkpmsCViRpdEh4dLr2k=,678.0
consensus_latency,XdqiSWHGBVCNDCA+Er0OOWMwjERliw78zQ+Crr/85aM=,643.0
consensus_latency,fQ3zwRnVL5FnslyHbqscLodW7ycRQmgxAJF+Til9VKM=,643.0
consensus_latency,xwFlHQzxCIVczw1IYJtchK2QYxLUvbq6anLkJf1Phhw=,643.0
consensus_latency,x0OnTFcQGDdbNEL+bXFS+/H3OmAH3x/geDSx459/IxE=,643.0
consensus_latency,alopT/dkO8iAldx/NLMzMUYVqQ/3cve1UVnTzvq7oQM=,678.0
consensus_latency,lL4ADr/Nhi0irLwG6bSTK5a4UjI7vYt0xnwbFLEmMuU=,678.0
consensus_latency,uQs1E1/yeB1PQ0vcB/MTvM8E8OMRxwyCy4dvKm9FYpw=,678.0
consensus_latency,4Oc/lJh734StDGNUJCEBW0BkV0604zjqUZW9lWI1eMk=,678.0
consensus_latency,OY0qRzBvO+n3j65JsDvb9irOX0mmmbxwv0hFacr/KKE=,639.0
consensus_latency,TOYh6pic5SvN6qzAm9KXFVHcMN9PUjnFwUQESOP74Ao=,639.0
consensus_latency,YWP6JzKoSap1m/RNJkQag9edT0anYEb1Gl4m6SpI6MI=,639.0
consensus_latency,dGls6ZM8k748gQsR7Xihh2Ffmy3XJwVyacbxozGMTVY=,639.0
consensus_latency,fq8HmyHADTA2kml25YbGiJYAA4YUK9Sy4NqTBMfns/k=,639.0
consensus_latency,Ja1Y8jdWKF9qukkmYylqkOQ3JrxuGgwodMNqiEm/Eh0=,642.0
consensus_latency,MTBoYCrCHeBVM5BqHAKSHsmxYialiWDzV+fYOQvuqnM=,642.0
consensus_latency,SvpUoljSsxMDqdj909p1XE7t8iP1t43kZ6S4PSy+qN4=,642.0
consensus_latency,X+FPt092ZpPEA/v+g2hT/Hqw09+HtsoKLnGOMdid95A=,642.0
consensus_latency,YiUby8Nm1GwAhtsRT9cTDQgLbjSYxlfAvkDMnyCo0EY=,642.0
consensus_latency,CVZb2sHqphrR+/3oi0AXV5IWg74soQ3dpVaEVzvEJ8I=,675.0
consensus_latency,POYA+jt99BIA7rLFtJSBxEHajPwnMBNeaJkH8KKipCo=,675.0
consensus_latency,bU8eTrMzm7ehHcUb3SlLfsCAm2VtGy1EGJ12kibnwg4=,675.0
consensus_latency,bjlNSxlZH6sQGyX+D3KyM1wGawmGUGaOTtUSooAVKZY=,675.0
consensus_latency,fOBCXE1WN+JjedTWiWHAGlbEtdbFxkkHySV2YWYQ0DI=,675.0
consensus_latency,C5Bp/7sm+vFkg6PdL7W+s5ZzXddqktLqy8BLbyANJoM=,676.0
consensus_latency,ROnhufAJVi9RTxw/ZTZaZrgtav+ejMLe0kGU4zxQZ1Y=,676.0
consensus_latency,hHDmKUFUzqsSDr1tQAeX+boSWN0KIBxBB0a0rFlXqXs=,676.0
consensus_latency,sOUTPsBSea0Q/ee6vU8LNrS4mSc6fJm9OgFlr98SLUw=,676.0
consensus_latency,t1THMQFso2eqlz7bu6RLZiFzWH+pyeKcvs8MyMuRPfk=,676.0
consensus_latency,YQ8e2YHm/C7nhUsMeUsUtxgT75HmKXVq4Zgb6qd74ok=,678.0
consensus_latency,bLEJYs2ucZO49eLyBRkINPxPPibBxAlF+l6W5kioT18=,678.0
consensus_latency,8NJ9RiYBx64q1m6rZORC7e8jENpK7lsu0R+tQ7znFuA=,679.0
consensus_latency,+og6mj5fiCEgd4ejd+dO2Mf+fX/IKzftO6/uOiBBEtk=,679.0
consensus_latency,G4ayV7JPY0B3KWaQPE+KOQm+VYUVoaO9UVgmmW3eExE=,618.0
consensus_latency,K2MdBcHiztSncA2ag9eYAJ0Uv6jzKLMdENpyHvqRVIE=,618.0
consensus_latency,TqJ/g3OTuBA7eL5oWB5cctUL6rWftIXVgbY65dLNvzs=,618.0
consensus_latency,XEEF6kmEyDhoPlMtVLZPA1ftknsyeXFrN1i5gjI0Q6k=,618.0
consensus_latency,8d8oWSo68U0fOBQbZ3a/xnYlCixluDVKIoNNghdUoVg=,618.0
consensus_latency,n64x1sidlU5W9oCYWnOsAe4teE+CaL2HWOpwU6YKeNg=,617.0
consensus_latency,pbebD+4yYfc3b9SKEgQE7QIuuZ5PGjjEBNO3Q/YvHcU=,617.0
consensus_latency,uO6AloIIMMZWhbBLItRkfvtYFSO3SOl/izs5BzQsT6M=,617.0
consensus_latency,yiNAGAQSex9gY5DQD0RJKRKymZda50IBAu9LekambFw=,617.0
consensus_latency,8JQWywQpym+FDfyG4ouONTSHc18v8LoFxUhAdZvGLXI=,617.0
consensus_latency,+spwO/hSv1D0qV5sE2tM9DFPvqOwzNKqAygmZcKRZQA=,617.0
consensus_latency,CtWMQGlzHSQboOn/HejcS4rS0LEoSNmOLoRyW5cY/NU=,625.0
consensus_latency,j5+Xl+gzuKXETfJGeTtcOFdgZ5fFLEyI3XCF60tLPpE=,625.0
consensus_latency,ri44TAmIuiuZ6m3xUB1bJcwIa7vkq068WGSe2qnJIDQ=,625.0
consensus_latency,4JnXbkTKwSu7QXhSvhZrcXaN7UaYI72aXxfN+R4e4KI=,625.0
consensus_latency,nbexxgDgUWPRXOg6z6LvBdEw4v6q5FtdgLwduC2vGQo=,616.0
consensus_latency,nbhZiqdaO++F/I2FJ20FPdCwhoORSGJs2ugNhETX7Bw=,615.0
consensus_latency,uVT2hd1wiAChCc0i2hvXk0OgUHHP4SnSYV043CdYAhs=,615.0
consensus_latency,2LU0mf3vZHKxB5lTD54u4R6SSWBChQjWdXLbIXFZoHU=,615.0
consensus_latency,TeA8TNpyEd7igTonVKsX539iKDO+XgtvjZyr+OTeYes=,620.0
consensus_latency,UBwArS9ria9mZu9kjXWwhkRVaAiThLeRFlcPU/9gXEc=,620.0
consensus_latency,UQmLw+PgDPY2P7N4mGK5mRo+DKzVCQr6zZ3ek49piyc=,620.0
consensus_latency,0EZEyR2hXAsYXpUHofz6akdOCVRdUXKsxlux+zPhOEE=,620.0
consensus_latency,5AZbbxzKzS62kRC00zNBZq44dxRz1ZjL8yqYh+CfdDo=,620.0
consensus_latency,BuwVg4fer917kzEYTi+b/Ue4FPz8PLUyOfNjap/RjNs=,619.0
consensus_latency,doZROnx94kEu6aXExcTWnnkHZl9Nncrb8Qj4ebNqpkw=,619.0
consensus_latency,xg0rdLO1jasJjWcR1Rb6ekn6l86oyPvDtPGL7dlbajo=,619.0
consensus_latency,yVrVgK+kx9eB+T+qoQiCUgWwD5hVlgF8G42YOoXewcM=,619.0
consensus_latency,CmdIM5bdjyU8L+GWq3ivdd3GrMtwqPt5kxaMxKirndM=,615.0
consensus_latency,FPkbjgtQVVR6CSoPRGA8QOM6ihE4rtAgimGeqxGSqFM=,615.0
consensus_latency,Z6Ea2H7Ftke92Q6IWZDqtsPAQHy1ZEp7bMDJta8o+rE=,615.0
consensus_latency,m7f2CafoNlSQnL1tpGGZ/MqIydl7h5/uNvaKKLDi9bE=,615.0
consensus_latency,wOHW2xGH1oGkkfpSM3fzF/ufS2W3OZmhyOY1bN0tENg=,615.0
consensus_latency,RWdPNgijYzUFjVNdS3BRfaLguzxveAhI+d62fttSw94=,374.0
consensus_latency,RwTWoTH/VEX5wJBYhB4KBYwF3w9oMvX7GhpG9cqy+Hw=,374.0
consensus_latency,XPiMAn386quQlKzZIczAralnPvfO+AxSNnH/t+FAbbo=,374.0
consensus_latency,iSGCx2sE+n21F6+HLiPpRGNNtA8xdh49AAqScZUFi5s=,374.0
consensus_latency,Sq01J4EIdHUUsVHn9YGtDPzEpMski33WKh5kq6VPdCs=,1102.0
consensus_latency,XOnYuH3rvJtgX7FnxyxOkzdPEH/kkkBcJfJJAz+y/MA=,1102.0
consensus_latency,indgTAFE/Im7RcaIvuccaYlE+X6HrbQHCr0osBTvudw=,1102.0
consensus_latency,6W65s6W4DrXxkeAnug2tdkgItYblNYNhVwKDfXNJxEg=,1102.0
consensus_latency,DqBWZPU/OgcoDkpylbjYMqX4s+NH78unrqU+tGGE4iM=,1105.0
consensus_latency,JLbAaBS5xBpdcUteBZmEyGIszDqqtDbQZHaTtMw7zpU=,1105.0
consensus_latency,peC/s8pU9t2nUHqjlxBGXSbCdmD4yFwkH6kqrZz8CJk=,1105.0
consensus_latency,p2T95zblw5fLBMz1i1IFpPL8J1uMjGcy+gbJIJZDnpQ=,1105.0
consensus_latency,T/mNX1bmSkC0nFX2Do7+sDzt+kcBtS226a30u651KcI=,854.0
consensus_latency,aqmcdJaxToA22DkHM0KcWR/w0Wa9mPGsVehopghG2u0=,854.0
consensus_latency,u2viJjIaocU4H7+Cu+jXCX3x+yOLY9z+QkMknvoQOkg=,854.0
consensus_latency,zV9mf7wO35oTxPmLI0WzFWOIiGB5CspVwpZ2Nru2XRw=,854.0
consensus_latency,z6gvv0hIS6YlMgkEtgrxJzu9cJ9dQ9rYFz+1NPjSvuQ=,854.0
consensus_latency,pajnqRa9s76/AdivCNwGpKUXAIELwmWGs0UXGWQlvcw=,858.0
consensus_latency,ya9OD/03On+FinvSGpyy7B0pQNqoUbqSJonR0Wrg3OI=,858.0
consensus_latency,4LFISbtOn5TsuwUGjiYGhMDn6Y+4mgcHHvfRXkSUYJg=,858.0
consensus_latency,5OsLR4f5f8j7nj/nEUr5ZOYm3rhk5SioHqiH7Qfq1y0=,858.0
consensus_latency,7sgydjgtlHP5AsJP4BUMPy+cFn1yziO7Zbn1qiF3RAM=,858.0
consensus_latency,R9qMSbBnQc1U+Lthgjblk+l20VKUWWFRI/dRj5raeUY=,853.0
consensus_latency,sCk9Y2kMaG+m5klWFlgyi7ENAUOf3j0zG627k/Nmukw=,853.0
consensus_latency,v9XIHW1Galio4qGvv33Wlnp8oALowjnGM4m861J1CbU=,853.0
consensus_latency,3o5Q+t+74LO7xu2U5dcsdaeY+ZiX0iKdkAjN35voiEU=,853.0
consensus_latency,SS0klP/mWI0Mor8zX0EFupck/i4RA7zNgrl+Ud4jlF4=,851.0
consensus_latency,bYJI5xJm3WQ4kjxLtjwqbvqChtwZdUUeo/MNcfsC1gU=,851.0
consensus_latency,gmfdTJghsFYRoRv4WIhbLaUU5pZz8MezO3k2/yHXHLU=,851.0
consensus_latency,pnXD357r5dH6ZurokDQPxrh/Eq2cfmm/6pSEt6n3/uA=,851.0
consensus_latency,Ku7S69AgrcGw+Cuxs4BuFCsUk9ffA0B55ocpZ0Va3DI=,857.0
consensus_latency,fGovRWhOQ1X9Mt3BYwciHiirmvAXVK1+3YkjXdPjWO0=,857.0
consensus_latency,fnPMaMzRPH/hwKbu+KM2ViQtKWo/hEsV01Unj9rdH28=,857.0
consensus_latency,2d4GRSgUBcRy1rfXd3YFhON2JFVofdd3P+++v6sPKXc=,857.0
consensus_latency,EQuuJMmZKBSRWEYghbLnAMvTdPrORvhKwrPZzxDHXZc=,878.0
consensus_latency,lzeGQ93YEsUrIxgpCHiivX1XVCxIsvZWuvP5gnwB7hQ=,878.0
consensus_latency,qRIOQwbWC4g/zfVhGtmfWCMnHD9qH664uN70diyh0hU=,878.0
consensus_latency,thPE/4bPr+/7VVhKvrAzmfgdZE0OFCn2MbwGSzXxPuo=,878.0
consensus_latency,wCd2WJAnCnLpxM/yWz52ULSmz3bOHyvaoL+YUPtexFs=,878.0
consensus_latency,E4VYcg6Mxz+IIxHb9GxEqV/K3ZOUyk+3q+Pk+1UQod4=,880.0
consensus_latency,O9t6ScrI7SHbwG9HB5rIdvZcc/hRNU0NcWKUMqot7pQ=,880.0
consensus_latency,dnhxAG+pwxFpd4MlFO2rdZ7sbC/VUaG9Bodxxo0ri/s=,880.0
consensus_latency,e0UKBc1Hul7rsViSN0mnJOdXI1v0OPElV4J1F0Zy/90=,880.0
consensus_latency,JItyrJ/HZnjk+bspgGhVDlh2XuD3484/XboSOS/LFVo=,882.0
consensus_latency,Yjx8qHtfWAlDHIlbEyQNcg9B0MtOmI3/VIuwS9Z1eCQ=,882.0
consensus_latency,jnImyr2eZ3RulnYPFYN/OaJ2fgmJM5CrqxpqSw7tIoI=,882.0
consensus_latency,xN29Pib4Kkg4aW2yTu6I4TytV9kbEx3QEw+ogytxxms=,882.0
consensus_latency,QeLEWtJwRjNJC2BsP7SkXbBCkCqOY7NZIs8Zq6U1pX0=,663.0
consensus_latency,b2NuB7RM8Q5cXhl4tZ0UUZdiY2u/3CdGsQsAZdrllN4=,663.0
consensus_latency,2jgVzE55C9Pc2dgCJ0Jo90hx0f85PS7ecmIGXcRY0pk=,663.0
consensus_latency,/KZJFt4jzoM3LM2SPsEvp2ArmZ1htwZgpJomR1poKmw=,663.0
consensus_latency,J2ksAdqoJ+kxtIc9uiPF6oloNedmEz6iu5IJb1v5sj8=,685.0
consensus_latency,TY39L6HJ2OGZYaJQQua6xPjiQy7T6WTVy5R3Gm2OfDA=,685.0
consensus_latency,dPr1CBNqBq7VVmKLIxGPP+SS7lfzGl3Best+YdPichM=,685.0
consensus_latency,kBiuUDAsoBgn3i71oEuUfmvz5xxPw1UO0Y+EuLBm57g=,685.0
consensus_latency,uXn/my+dLXcf6+2wnxUdRuPEfDnDYBTVm+hwpQx7DYA=,685.0
consensus_latency,+vQ58k8uffAFQ0LwhyQ2aV3Yv2KKNUb+AFLXhFfDm8Y=,685.0
consensus_latency,L9EQ3X0J1Ysc6X+SDczcQRmuWvxK+pjP96i3vxEmNq4=,686.0
consensus_latency,Z3eeh0qF0DJ1GA3CJhT9jMyjvW7j/dPoLewSNEDp+Kg=,686.0
consensus_latency,aAlHpqEMyP/K8scmeB2xssBBb13i3MpsRjnT7AyW3HM=,685.0
consensus_latency,2GdsmFg3eU5MGMsevOlN3vuVwZs1Y7WflHB609Q/bXE=,685.0
consensus_latency,6+MCmoxDzWVuZYZBhj+DnOqIlzDaC5/2f3WwerAi7EI=,685.0
consensus_latency,YMM0ZRJuSFSOb6bK97yZsnDu5YMGWPWyrmceHFtVJ+Q=,685.0
consensus_latency,YNTVpBih2oYkIgfPQCr8Ir6DzofyoePVG1I6y1ZGfao=,685.0
consensus_latency,pkPuWYGkATjMEPe8es2ety9WVQ4V2nqqV7tV74Q3Dwk=,685.0
consensus_latency,7X293Ji7mGBKoLrvy4EBpznXS11PhcZ9Khi8KXjauVE=,685.0
consensus_latency,Xppw5hJEiOCch5GaGfOy5icy1XIEEB6j+qaU8M1dRDQ=,658.0
consensus_latency,oBVnPJ87sonLhfC52dTkpMiv6j/r2ue2bb9WghFEufg=,658.0
consensus_latency,qWjgTtghzMHHdXfj7blfOr/iAcSAqLjNlHL4DYU4yL4=,658.0
consensus_latency,4KHtddZvgXLKNnbb/q5zCm3mKcCA9jJZIT8WTijP6pY=,658.0
consensus_latency,IbO/L6mPGi5Se/ywZZ9xsPKKx6p2BPJcbw2Hs8vlFis=,659.0
consensus_latency,NzObA5lLaMKKC3Jd66GyPiUL5KtlgxavcOXynIHqLMQ=,659.0
consensus_latency,hPYE2tcQY/PUCFNTDkVfaGRA4Cw2Levqs8xxL4WVCMc=,659.0
consensus_latency,omesz467KZ9wRUmkV3x9d8bXnTl49k7yBni8J76tBNs=,659.0
consensus_latency,JjUuLByBkO+3Ww/YgtmNEeXQGHj4dhI1zx3pAHZg/Es=,690.0
consensus_latency,KP8EZ1RXwBkcvB8LOMFgnEEt8lb+/DBlYoGxZOVo0Po=,690.0
consensus_latency,MKMaPpnE6wUyFklRVLfQEyE+sxBB/4DKgu1TvW9k2T0=,690.0
consensus_latency,toz6g2b20EdZM6k4Dk1Qv0DZT/fpzOb/0PRsdOAvxZs=,690.0
consensus_latency,9sbNoKIcVDJFZaLKJtR2vpovLivrp9McWmurkPcnKLU=,690.0
consensus_latency,F5F9cBRx4iAHxidXRLvUEndhI8PfEIiHyc+7ymA5sEw=,687.0
consensus_latency,bak0vu1yWpo4hoxTYMrbFlZX9GzCL0cGblpCiK43B18=,687.0
consensus_latency,nd8MnaZV6o+mpGorWkQwjngXeOxE+Tg7l7HO0e/OExI=,687.0
consensus_latency,vBEOmLHBz8xEwbbsA0Mi6NFLQ2d16fbSJ7mV7Ss+HAI=,687.0
consensus_latency,UpcC4jmjDgzhVdnURxn1/X7SDDPqI9CUH5s3K4N4udk=,617.0
consensus_latency,tbKVPYAaW0yCKPhERSvpyoT9y6an19zq8NCqvlPTluM=,617.0
consensus_latency,z0oYmdvxUYTSVQE7c49By3rehq1EC3/uP1DDCNCctQk=,617.0
consensus_latency,/coCYcQpg455qZkGD+ELO8Ovc/li1g24RU/zwyCdCyw=,617.0
consensus_latency,A874KDUI0HOu74JC/ZHnQVkAq8vwi+8d4PfK1bHfaaA=,618.0
consensus_latency,HaDk3E3OCMdBbdnYRBUFIL7v86par+PICPslV9CQUHU=,618.0
consensus_latency,PbVpr9NesGv9pDst1exkCvYOaahMTvZ0Ehxi/4wIPRo=,618.0
consensus_latency,jnChuTh6tL6roBdsQJ+1zfTt1YR+I4NZMPzN8L4f0Xw=,618.0
consensus_latency,wLyunTXj5QoM7pnL9O4FmuUOYrI7qQw7IR1hj/QBDOw=,618.0
consensus_latency,F3nCKsjzNeX3QYyfbrlkZCSIVWl36tbeDkAkXFyyC+k=,615.0
consensus_latency,IFWOAtURz3Yy3Jh69I7Bgx0qmX8kfi+Tf/TvvHr1Kt0=,615.0
consensus_latency,Rw0WnNstops+kpIteNrf3Ce4gl816olev6bWfcf1gl8=,615.0
consensus_latency,j0RJErGvizTaO5g2x2pjKLhv638LTHfJBH4uDt30xfs=,615.0
consensus_latency,x87Wgz8ZIXAq900dvoD/PHOyAqEXS3NSgR6f1BvLKjU=,615.0
consensus_latency,Ks8y9a3x6di5nitkjylVKyEc07UU6m9NmP7ZeTCfBUU=,615.0
consensus_latency,dtDAn7GXhp/nH/aKWNpfp7+xMFNTkn8qhlax9smEDhE=,615.0
consensus_latency,heMcrMzvuIHMVxqoFckz9t5T3CPuTKuDKgJNuKGwZlU=,615.0
consensus_latency,7Mh7eDeImLpEdtZci8Oodhv5jnXe1oB/Hy+JtsVNPVk=,615.0
consensus_latency,S+RdAXhGiJd6+Z4fmE6u83t/DBw7ggw5ajWNYfdRfUU=,637.0
consensus_latency,UOLK3utQcWeZtHAgtnBZtBEB6CrXdOdekLrcsVwfAb0=,637.0
consensus_latency,e7v5pb84uvVJS8juLB6HmuyoXp8byhScuLWFiampvuo=,637.0
consensus_latency,xYEhwZ003YrPEwv7rqmf2I5dxsj4h4P4/IF33mAmBOM=,637.0
consensus_latency,yffyjKrO5gerwyhOpMcOg1AOyyR8YncewPM0vhChRoE=,637.0
consensus_latency,3qAM9A4D+gNWOKbsN0yCOkyWQRytjxxNCR1b8IZM9eY=,637.0
consensus_latency,RzltclQvZbBSq5YtFVAeQAQxhlQKPBlCk8MfhYRfOvc=,613.0
consensus_latency,liV9eGGD9/3peOJEi8l7wj76SXmWATHsKREjIyhEWXo=,613.0
consensus_latency,oVn1zoA77m7AI4CyyohVks6lmUYuW9GIgH2osD/FY3c=,613.0
consensus_latency,z5wyY+Q5Loa6DqUM3fS+rHtTP53exhI5/Edoto+ev3Q=,613.0
consensus_latency,00zLPxeK035KEjJQDyMphPieHap59PkuJJCSodzjDM8=,613.0
consensus_latency,/EWuqLNK1xX32ZxKKkf11UjDuuVgSDa18lJcvOUOkuA=,613.0
consensus_latency,KsHpwn7xgOPWkG+xd09inskFbCjlb0zQ3GpreMpN6Bk=,613.0
consensus_latency,aWBF495HRPFwDPwASrnsV1vfO9yspYdzIYuXI7yPsik=,613.0
consensus_latency,bcpN45ytJ0RMvZqW0hlg+srScikAvgWp5XEOnRYix/g=,613.0
consensus_latency,k0two+noY0ruUiMP/q6fcQMlP2jP+7DCJ3obMbGVGsw=,613.0
consensus_latency,pPJr+AuLKJshoyrc2ewdWQQznFdSGB67nJBowRE3+SQ=,613.0
consensus_latency,4PBfBpMLC6amEWWgXnYdcP16i4w1KFpNk5RJ63igMAk=,613.0
consensus_latency,QuXiuSFV+N2PH8KL4QhBiNPO0pIko2yt7TIJlyZWRxM=,377.0
consensus_latency,ZNbQRCAPR5E+rXS6LTaJuaRhD7JXEL6GqDKZ+DtaE5s=,377.0
consensus_latency,gcHckL5OMlcMCGDivjxfTCt2HYAPSDxVknnnz69h2ko=,377.0
consensus_latency,0AMyYaxb3CPISlYHJZTE3hoTEsFBasOseQwvq3lfVTU=,377.0
consensus_latency,AZMs86lLNCCSV6GMAlNTU9G3bgDIVGwCyk/fGQ8aSq8=,6139.0
consensus_latency,EJIYFBt+2iTvMA1dJRhwCy+Umr4T7yPRD1fZNEgzUIc=,6139.0
consensus_latency,JRqvn981hHIF/bbg/69hwLgbWW4hAu9zsbaCS/e4FMc=,6139.0
consensus_latency,P9Kh7C2mEITVnYBeZFIi4bvYXGOXNKNUrn9Axtg914I=,5691.0
consensus_latency,c1QClz+YC0k51QEtPAXHCDArRYZXMqIKtag+GJm16aM=,5691.0
consensus_latency,uwKi04buEScik2ByFu6vQwDhoLqctJY4hPEHtDv5Mtc=,4291.0
consensus_latency,IAeDB/209HxUX/2mNgHDkNv+BBb459VT3nbxKQV5MQo=,3823.0
consensus_latency,ecYKLbsxnar0aT5qYhlDjSfhvLu4d1YrIyJpFeaO71k=,3823.0
consensus_latency,nUJbXgW+lrdlnetZ7FVosmoVT1CnRvfc4mcYn5InDxw=,3345.0
consensus_latency,TyFnqTMoSEkLpsO2dRueHwDA/DtLws/vTgEoXF8GEgk=,2401.0
consensus_latency,h6eopvdc6OOVMBTEDVaXRALYbeHxAEvEy6+2jfXbSyw=,2401.0
consensus_latency,m1VeotRpGShhEcVznRZ+QiOhfQFV3GzQCoqu92TDlig=,2401.0
consensus_latency,u6p8P/nP3O+xpm2PjZ8twioTWp6/z8lykAMIgeIc2S0=,2401.0
consensus_latency,7n0NgC4CkkwdHuTGe2ajGMgOrG++t6LrZTDv5lYKh+A=,2401.0
consensus_latency,zuexwSkcngqt37UXk64BBEOhOdjpiSYqrur6uq5+1pQ=,1466.0
consensus_latency,FL+gOsexbU5eXkbtp/8ukpGVCdFZrQ61fnpQxZJKMQw=,1289.0
consensus_latency,R78+yiBPcJ3F3vtBL7p7J2XR/WhIH2CcGopeWwDxlTc=,1289.0
consensus_latency,iG/x3/t2cNURkFu8SeJruItq08hKkIAK0jla+FUTVzk=,1289.0
consensus_latency,oInoocv/roJIP5KSthgU7KAKwqPGcK1aLIcr3fKByIY=,1289.0
consensus_latency,7wdvFffQMw1p5eJ4Oa7kB0CZxmgfB2JQcu1GREkpKP4=,1289.0
consensus_latency,BqJS/8QsOdqMKkoxKMXj0OSOQlGUhJINI8ba3eL8Gwg=,1285.0
consensus_latency,E+WX7L0HjL0I0XtzaNv/0inu4Es06dEBDrA+TdsrZRg=,1285.0
consensus_latency,R9fc+rE+ajCl/yaKtmcaZBbeYQHQBgqR3VYFgk5BAQ8=,1285.0
consensus_latency,aUdbkVwmvlWK1YRmkz6hWinfipjE07REZLMeBLtynRM=,1285.0
consensus_latency,uRXJpL6TEoJilSafos/1L7VjvLKPGwezT5VYEi/HziY=,1285.0
consensus_latency,w5VpO4cPl7sK3Y0D/6NnoaR53X0F7LMcZ71ZnJgucmc=,1285.0
consensus_latency,FazG17bwuaDCly9B2tI8kGN14Nxqia/055A48SWnYcs=,1041.0
consensus_latency,S37MbQS+mGFeBbitgbZmJiXa66c9C2PTZstj9YFpoeA=,1040.0
consensus_latency,dCK1X6dwkdUIrXHYJf9HMz3FCb+Hdtt3orShK+XhSUo=,1040.0
consensus_latency,4+Nc3m5FmsrdsD1IgBY+foBzOq0Pzlniep9BzIklXyw=,1040.0
consensus_latency,gpaNyLPbEDpUbYCdWt5MPWC4ZdQrFaHLO/D2Ypbfogk=,1032.0
consensus_latency,iZSH3nWgYRUTPmILm6VA6nb+Ab9S/fsaK8DhM9pKyXI=,1032.0
consensus_latency,kkh7T0WYCag+651/eoQB5/RuEqZne3+SswTF1idzrBM=,1032.0
consensus_latency,qT5e9FEuSK96g0As05COti32Ppqswi4tTs2kFI6u1t8=,1032.0
consensus_latency,GFd1jxl6yEy62oE0iMmd5I3OLQ42AYWt+yUY60xt4lY=,1027.0
consensus_latency,Gkxpq5ryzkWSvGv7HXDrPnfz5bvTZRIBr4hIb2/P3vo=,1027.0
consensus_latency,JFU2feQSKK2qdRhRalJ+q3pi8miZBuFkITxUzlJW4Tk=,1027.0
consensus_latency,WdXvu+7CQKzNK7NjK3ePysqQwELHAh3UZRTtAwRR668=,1027.0
consensus_latency,uu7OwlqcKHLIwUDRY/7K4oQ4CVgL1euyiNrz5ve3abY=,1027.0
consensus_latency,aTDrgCA6XXjqRyMlde2SolvO770hkB610lN2pUcr/aA=,1027.0
consensus_latency,jbP71Zt/rzv9NdPVpsDAzbke3HBVLOixnvC5ydp4DJg=,1027.0
consensus_latency,rbZz7FH0lYuILPQH9TIO+p6AAlLrU/l8+D+Y47O32rw=,1027.0
consensus_latency,W6sFtlsKA3QVD2GfnU4fJql6amvDgs58/oI8kDtm6do=,1030.0
consensus_latency,gs0cQiHu4QZfl9VahMHeM1Orde6LYimnuifKA0wqfP0=,1030.0
consensus_latency,4B0mWxJmC0Z2mxmjg+rPwsqTviMS+G7tgC4dttaw1ZA=,1030.0
consensus_latency,4mjQ8fYTjVSOuzX1EBDir3k3RXOC/+ecX3GgJBq5sQ0=,1030.0
consensus_latency,5OTi89g3WPTUaeTkVEAqh3NdjWiLUNQAE1QntlKgQTk=,1030.0
consensus_latency,QJ4occjtOwtz18JlPCgi9nDQ1CP38hkPn4UxkhA03g0=,1039.0
consensus_latency,glpvqHaknGNRwRHURqvLPJ8o8H03LGPS7gON2v27WR4=,1039.0
consensus_latency,mQog2xtGfVdT4mdUCCjJuBt7vHI/r7mMj3Cqiew+3E8=,1039.0
consensus_latency,8x5fch/EUPE3iDe4dievAkAm16MERoPzRJFDfy6xJIs=,1039.0
consensus_latency,JKXAvd5pSSKgQ6T/cgjoyixSBgD3Hu8ipm/VoLkROzo=,1033.0
consensus_latency,QTRKp5LKApYvOHGQ+RKa2HE9hTqLHfLY3+bITRODMuU=,1033.0
consensus_latency,lJB0/vocXJWXddfJLoZ7/MZ3tMjfb0rOqeklmJLO7xo=,1033.0
consensus_latency,lz2etfDIEF316Bm/1+I9TYSz0Z2N/l5/O/Mkn1YXAIk=,1033.0
consensus_latency,xvJWRNkiDas1KFLX6gqIy9Edy3DWJ7Slge/SkkIym4o=,1033.0
consensus_latency,UU4HMcN+q53Bz6+GmwtETwKltofUAgcpf0w24Wz7KK4=,1041.0
consensus_latency,cEMEXNOy216doctKYVhPpIAyRtngpYQewL5BSK8WBVk=,1040.0
consensus_latency,fHuckfcsED0IWmjZ0pmqYlieqhGb+l4DfLaui7mF8qY=,1040.0
consensus_latency,+b2fFs+ywXJ48RJRPWg2LAblUwUtYeYaq+iRSNQweww=,1040.0
consensus_latency,Arq3Kp27SZ5Fl7FuUGvhdI0FORIErEosL7v8xma9oNE=,861.0
consensus_latency,euawqzKnKcioJ6EMTK4UJHCkl0cbudoD3zE2aLZ6DVE=,861.0
consensus_latency,ukG0rP4mCdZ8FtmQPprDpKzBP2QD5CEGwXZx00p2t/M=,861.0
consensus_latency,23VZ99lGcMGUOm0PQxWWq2fsLrsodEqa98K9pM/d328=,861.0
consensus_latency,LVck/H4XGPKy9wG//W/Ry9XYhuMjP1I+DQ0KFFThtqQ=,829.0
consensus_latency,On5pOOfX8PCrY9NmspK2xh6PYkVsYBCSdPOIKSeDleA=,829.0
consensus_latency,Yi1COETCSUk1n64uQF2xuarKtec535jreSl7KfpEFOk=,829.0
consensus_latency,6EBzoi7AG4MQ6breGQV8uX+Tr3MN9fIjsaAGnDCNr5U=,829.0
consensus_latency,8fJzhnhb8irODAFIxBywIWkCJ18qYDvVgKEaP0fHv1M=,829.0
consensus_latency,MIjYOmt9/DlYTKb/1NfxK+Q2R569FpmfVP7iKEcNFMo=,824.0
consensus_latency,Oo0S6Z3Dk83rCMr+cK44aUsh14jLTyFUHL1qrTf6b/A=,824.0
consensus_latency,Qq8ubtPhxv9Oxsb5MWyr0Mct82JWo18u2cffVJx622g=,824.0
consensus_latency,2ei0i/iA3671XnGiASVic9QKqh8F2bBbet/AkfYBVIY=,824.0
consensus_latency,+O2DxdJL5VkAFwe1U7WlIjkQmM7gV1hSa+4HBAtLjKw=,824.0
consensus_latency,EfErkEN9l7Cwj8Ovt6IJDTMT3i+bM7bEOmIF8bdR09c=,860.0
consensus_latency,S12HQrAdow4ndQJOB3Pq3BWGS+HTuiT9/BWa4ZS1AdQ=,860.0
consensus_latency,WyNOeU3WRjfg7L22HuF1MmU9q5xVWAciTd2PNzZVSfU=,860.0
consensus_latency,8sCMGCkXXOz8l5c10faQkvaLpI5Ne3VWeBbVzLU5IYc=,860.0
consensus_latency,U5QorY+sZa9M0Ujt6zEo+tuYXiHr53LrRIhpyFQ/9Q4=,863.0
consensus_latency,vvxXGz6mzg8P4HxuxKsVEWE7PT5O8U2l92iB/9xcEkk=,863.0
consensus_latency,0jvrnEIDJ4RjVqxYAlwLaE7UMpfaYgJa5OugVoYAONY=,863.0
consensus_latency,+VBxq1jyIUqPSlM8iSBdtZVfn/upRTPkShMvnsNug6k=,863.0
consensus_latency,CDaaSpgmYpHbg54VYkXg0F783SvlmBB4Lobj7QmCFKA=,823.0
consensus_latency,OvV3o/secWincQIXLLMlePqKQ7xiS6NAxyDFWOriCOM=,823.0
consensus_latency,qfiy/fjXsvHsJcaKB0+5gUkHN0xGV5jVsA4LtYswuys=,823.0
consensus_latency,7R5y+ur9ITl76jyFJGe4Kzqn8SoTlRkeM/Xz4tRe8js=,823.0
consensus_latency,HA2PQbr/VWRYXCiKmMys8nLJWP7iZkBcYE/lu1H/sf8=,862.0
consensus_latency,S09ESpF8v/TSIMvkFPJ32JJDXjz2EdLLDpqoe/aMvAc=,862.0
consensus_latency,lSRtwTct9irOSzsUlecNVI6wlvdccXjV6tuq60EcriA=,862.0
consensus_latency,s5TsX5m/woyRU+4eWFltt695DBOcSCTVUHMDDQr2uCg=,862.0
consensus_latency,CTRsvvSs47EmXwZwTU66eZ053X0trCdxTfB+RRfrakY=,860.0
consensus_latency,LppMum0KCuPU8o/yEwW2txICGBoasWACxi5lNTmkIPk=,860.0
consensus_latency,W4qiTBZ58tBvhcTGIgFH5OkGy788d9VAhK7dWxfG9Rg=,860.0
consensus_latency,a4cOAMumZuNXOjz8FJdJ2q5JRklSD7yxh37hZ3hIIDM=,860.0
consensus_latency,Y83S0jNZ4wkB0Q80siqMMSnlz7MPCMShhReHrNV8rAY=,773.0
consensus_latency,qLiLfvcLMJZhcKUYsAxs2nZ4mhGXh4h4NJUEYGLsEAM=,773.0
consensus_latency,4qs1ZcSl//4dyuNGJ4O4a2mK5jlzIlQwNVn8fNP3ZYk=,773.0
consensus_latency,5ebCoWag6JnxPwvlMtJ6FJMMWbGmY89hXRBFFQSwrSQ=,773.0
consensus_latency,9WGdf0TyZmYi3JxRLDQk1n8RWWdE+3ezC+Z39ywoZZE=,773.0
consensus_latency,Bd0qxweMlv/OKdNKBzp/OIHB8eP8y1WK38KSGIhbFoQ=,776.0
consensus_latency,DLzo3oifCc7o7iEowRQh09fGHU13ZFNbZTGwvZxrygU=,776.0
consensus_latency,WuzcrBdlI7xx8ym+zLZKE735OAeWAY+Vlqyxwy+4hx8=,776.0
consensus_latency,fnXDoDMhJmZhyWbqonR0NTiBScGOBTsSgQ2Si9sV4OY=,776.0
consensus_latency,fxN2h+sBqfDuZ2JNbMF37q/SyksRYpY0Q915mmP2HPQ=,776.0
consensus_latency,TS8jTv9Mh+hrXb4fcxXai7LRiJgTqj/p0pqsmXZt41M=,777.0
consensus_latency,T8f4v6Ny4NHTMscXu/lbH6uVnx7648bZ+0qHopVaDv4=,777.0
consensus_latency,UrqlLuh1cCPI9UQ+cs1xt4aQQWVWv8RpOqdxLb+sSBA=,777.0
consensus_latency,pI9DQ0qkD1x44FDM4+s/HcDiEsBo9eAtXyaP0v8z/Tk=,777.0
consensus_latency,w5L4DaNyqsb7kq9r2HamXAlZExAt8i2sZEELMQjJSio=,777.0
consensus_latency,L2xKtT34Qd3/eoHJU+J4FtHslw2qiRpBP+AplbFeHAA=,775.0
consensus_latency,QQmMyIU26k3r5mrrJqvRAYHCoMhJirHDBFK/zXMjhqc=,775.0
consensus_latency,uWAd4pO2KckaQ0FIjUTm+mtLwCgCbEsr2o6njzPkc44=,775.0
consensus_latency,4uCFVNwePKEt6fNR0rikQv+U+XnjGTNWyYvZzM6ZWe0=,775.0
consensus_latency,DdB4QYziKp89+8OtI4ydva0L/MZxKYmNJrxD/TdITGY=,809.0
consensus_latency,jGHXI66JY2pNo4zcOOgfZFLD0ri80YCgcbANNuKjhuU=,809.0
consensus_latency,3o7I9XroYDs9m3kpY6x2oFXavz4COWJAVM51BGgRxTE=,809.0
consensus_latency,32zEp+SbVgatH6dwCbjcFn1IFOOI++14Guwx5WZFZJM=,809.0
consensus_latency,5Hu/7h2tB3t36rYb1WfAngpklGAOoXWMnDdFlxOF7c8=,809.0
consensus_latency,Or6Cz9fYPjNDAWDTZxDI/6MtDtYPMYAcBhFLCJPV6RM=,773.0
consensus_latency,RS8N4zlHon3Oz0xyGgnkKpYF3CqTvnneWcbHJuqWaFE=,773.0
consensus_latency,9va/mxr35MMsEKlZ85MvgHWQ2kcwvifW7O4VUynt8pw=,773.0
consensus_latency,+MlDchDQDMwTwmhoiIIEhWM8hHaAetVgV9I1Swm8ta8=,773.0
consensus_latency,IOlMJ9kq4rLXThSPNu9GiaW164SoAhIwz7iznKfkKQ4=,773.0
consensus_latency,RfE4ubr+3WURD6D48w9dVuGE1ZL/U3J9wC6u6s0KWXw=,773.0
consensus_latency,crj6iNFG8w4qeHMxHxKWtroWIzC8D+wtzLG0oRUbyEI=,773.0
consensus_latency,2Cw8P894DOHtDOWntl60sWYrxjlEH2qo+E4FK197sPQ=,773.0
consensus_latency,m2d6YTo+3LnvjoYchx7vmhUf8RQ2LPyOKWnS7c8T27I=,555.0
consensus_latency,04zHmg1Y7F3Y+b7x5mfexPFlZdg1Mrz9t+sepCidnZg=,555.0
consensus_latency,5VB2MjgnkwgIG3eVlH7sH2EjGEPTMU/ZDFYe5T1+Y6c=,555.0
consensus_latency,+GzWK/gaCctxgQ2Ox1S0tJDRgkCm+fcr9hyJi501kGc=,555.0
consensus_latency,pQzHTk2yWbncPrYsMGiiFGEUVSa+hAHOBWC5EBdu8/U=,1737.0
consensus_latency,CDY1UnUvOjIcnZ4XmeRmOTRUJlXpU31Tz5ve7+NjNSo=,1599.0
consensus_latency,HmfOGQLmXDDr9PennlEWTyDbQjcguHCTD/2DE99jR7Q=,1599.0
consensus_latency,aAH7oPMymeH7hpamh7hX7JUNcV80ZSni4PVvLYJquR4=,1599.0
consensus_latency,qLLCil5YpRHLGIkacdTGzZabJHzWzOGrKlY2fU4N+3M=,1599.0
consensus_latency,q82TOfVCAEck+11bGpSbbH4yfFDEaMxssykdxkYG9KE=,1599.0
consensus_latency,G+lNG9eFs7zsmJn+0EXyfh3CrBgVAVo5K1NiCb0fiZs=,1601.0
consensus_latency,LUrbYCpQS8Sdi8Pg6gWk/jOhLMxA/ocJgQ9ejhOor+U=,1601.0
consensus_latency,t1Tft10zaZaZEfdzqI51VeOtKNjvaXQrqfzlECpcnIk=,1601.0
consensus_latency,zJd10FfQa6CgVbXPN7Z2wYZ1VpaLAdTrJaa0ue265EM=,1601.0
consensus_latency,/lowdmCbSaE4ALRzih5R535V142tN/ZX42v5L3fCVY8=,1601.0
consensus_latency,AkZ1lT8f6i+71/V0Igcs9OjT7yW5YNr74aTGfScBfzs=,1343.0
consensus_latency,a9WH+UUCiBEY7TPIwn9wf94ujr/NCOKqk1x+QQw1do0=,1343.0
consensus_latency,dzkMvl4y4NJm2ZrP5F2n4TnGQtZ9PdPqOHc971bhKWY=,1343.0
consensus_latency,xUmTjR45YPMUdnQgmuBrh4cm3YmybpcBtCjQSk/n8k4=,1343.0
consensus_latency,xmlzbfozaS1bQ6vuRBSZvNRk3g0Sgut5XG3fbVMcYNA=,1343.0
consensus_latency,/ln/Rl+/YtO95xQWHwydKxvLxhZMtNrmHlnugatMsig=,1343.0
consensus_latency,GQSNYi0LlwujF4iZmo2Q2bzHIks/2HF9zxNtAsEHukY=,1361.0
consensus_latency,cNYZSRjXRrw73n5h7C4VKLVFjFAAM7XP2Wt4xKKH9zg=,1361.0
consensus_latency,ki7eB7ENVWRFFm6P1dPc0ItyMB/HNak4i7imPjTyI2U=,1361.0
consensus_latency,k8quYurg1PPY/YqZVmZ5AAbGSxsCYoFZXf4J9chU3I4=,1361.0
consensus_latency,6V/fwivIRg1Qjy2/jt67X3cSAGXWOuMkPG/JJ3o4yFs=,1361.0
consensus_latency,J4TCHzlIlp5+95If2YxZ/BsrmqdeIh7ltDIO/rEXYX0=,1345.0
consensus_latency,SW2zdXfe/T9W3FTyXf7AJNryaiaee8ghz56rTxAlQjk=,1345.0
consensus_latency,ZIFvsBzULKtkJX++rXW4ecOoqRf1+1nAyf9Gu5o1a5Y=,1345.0
consensus_latency,7iV3CnRdWEdTWiQ1vlaandcD8V5ogjhLj2SAx3KZSs4=,1345.0
consensus_latency,Bjoc/cFD5NyIcs+wGzdeigY6WHmM8zjPK8HiByU/Ue8=,1357.0
consensus_latency,fQh76M8pQEdKTAWqHqa1acbB4xLY/YmXIFXIJB+sk+g=,1357.0
consensus_latency,ijRZjWIsgsciMVxu0WE/AI5pxB3wzXLme3flbvSEbqs=,1357.0
consensus_latency,81DvT+qaJjUyneeBrJVuMniCyeDZ/+W5eiIWvn/ZpLc=,1357.0
consensus_latency,avD3lTHDp+lZqa4W5pSRi4GeZ4irrFlMHrVGRLSmwF8=,1362.0
consensus_latency,broJHQV2IjS3DLgQ2a5n9jG/dTjnL6uNGd8AlOH2N5I=,1362.0
consensus_latency,g3nuMW0rNrcMt6AwK5H7p0xMVQGMs9yxuxbRbd4pYgs=,1362.0
consensus_latency,iOP0p5dD1OARd/FAsuw4wSYBOP2uH5rZTzkGP67oIfg=,1362.0
consensus_latency,8sV3XM1dkusEVMdXDa71tIubwpjPPV3MA5YgZW6f8hM=,1362.0
consensus_latency,GNYAm3f8y8hwoWCnkWiidOIeeJzwCFqqAU5Z91FVm5w=,1344.0
consensus_latency,ROW3bn8HtCrvNTnFE7lqqXXTVpAqfKaBKG5cRIxu7W8=,1344.0
consensus_latency,bjZRjm/wp1Unyi6xHVNCFL+32H4iM3mBNH/qyxZnKJw=,1344.0
consensus_latency,nZXK3m1S9D+K607uO0v5DRfhCTHHQ53gr2ShZhHB9qA=,1344.0
consensus_latency,x/9ADKQnDPexdeNttg5V6pETwEbg2WNaURn7gdWN/1M=,1344.0
consensus_latency,SQd/9ecCjUdfirUxOR/iqhGIwfUg2CHFdtIUKxyirt4=,1339.0
consensus_latency,YFjPREWVgk09f2MxaUxSA8QvXtV7tARG8h0UV11CVeY=,1339.0
consensus_latency,3VyuvozNCftZWPEktwIaxpJePnbBCk6sKM+0pPJjxqI=,1339.0
consensus_latency,6Ol+em7nCSZLJmeRsf/DU5RJYmPZI+ZnbnA1lSv6vks=,1339.0
consensus_latency,HpAs6MH4aT5O26b/1s8vywVi4dGrbYVwCIT0f/e7Kxo=,1346.0
consensus_latency,ZszIcsNBYO+vlNrsgSVgWAmEHfHfGlOqrUtSejEUqaI=,1346.0
consensus_latency,i8wSKlJfwa4kdn5x9eO7UAdhyBWsQTyTHIcffFgK3kE=,1346.0
consensus_latency,r+NOnVVnpF10pveDWMrctXGKc8wtHLmG4x5Wn5ajiSk=,1346.0
consensus_latency,CGVsNMz78araEM7CsV+WOaopiLCOPvNvcVPOcb2Hgvg=,1164.0
consensus_latency,PtitHYJTH88cFfpxiyNG26WFUtyC3pzrURBAqm8wkIk=,1164.0
consensus_latency,R1a3JHx2ZoRsrMvYQZe/r0IpUY7+TM/kCkwgc8lbK54=,1164.0
consensus_latency,i+sI0/tb+cwTYRMUno6/9G1XeUz6QldqCI3paHq3gIo=,1164.0
consensus_latency,yXOA3s4FyPvnTRmVnwto62QlNU6TlPQ0kkSOyOfJTS4=,1164.0
consensus_latency,FfB9VJZO/lT4w7y2zfnsu40sLWoq4yBxfLRM/+ctaxQ=,1165.0
consensus_latency,SxN3oiuy8FFZ7296QtGfFfPMJ/sSX+FVElkzX8Ft/Lg=,1165.0
consensus_latency,2J7fU14n8imFJgaSj8bx1DmdsgYsIiKzddrYx5tt2GE=,1165.0
consensus_latency,dVeqnn3gwup+2kteF4VpCCvCFMZ3MradXBS1nd1aoRY=,1119.0
consensus_latency,eDQJHnaUAJi4R3AbjMzMsvLC2IXShnqHosB1iCl5fds=,1119.0
consensus_latency,e0Ut/bhmTt5chuqrjcKWYNiNxRiDXZwgHBR20hDK55M=,1119.0
consensus_latency,nPTUTw+PyOyZc9nz+XIvcAJlECicBRz/kfbKicf72s4=,1119.0
consensus_latency,yyTfnBQxD6bJXZoHLt5T1v0Z3nwQsrefGIIPkRe3V9o=,1119.0
consensus_latency,Aeyj25rJK7Kbl4q+51FI+mBfXgiylAWHlwvyfMa4m9Q=,1142.0
consensus_latency,YDS01GNW2GAvU2MTibLcRAAMQ163B4VijXBNcArh48I=,1142.0
consensus_latency,j0VA5keL4fJLjpIVIy8/OKT+8loLa03DlPX/63iemrs=,1142.0
consensus_latency,0zKIDZGXT352u2muS2ufEz4b/E32Yamn5b+OvxQDTy8=,1142.0
consensus_latency,1b094zjEJ4ZloVEzrnTQ8NuxGJltlcEyCT+Z7WSU1lQ=,1142.0
consensus_latency,NE/xSJe2yie35lkulp1kRtXY75rComxrujCRLUZCncg=,1123.0
consensus_latency,s+TDLC4CmpFJmghxT/psqRc5yQHBbhsA6i/A+KscHag=,1123.0
consensus_latency,xFseELeDdaV6LIrVZgk8aUDe4dPod6uMzvOXlMhPsbY=,1123.0
consensus_latency,5HbGlFiExtoKvD3FnMzYDcY6qHNmmUJo3MomEOHVdiA=,1123.0
consensus_latency,6S0vr5h1RnlHBA3/m2LKBIvrYb0QCCOZtitHX8kJiog=,1123.0
consensus_latency,Orf9yU7cYdX/4KUz9oNwX+DqGe6FNuE/4wa/R/5vZwQ=,1165.0
consensus_latency,RyAg/Qx24PSATQUmZQqGAHA/6bjLK2+GEsFJlUaEc7U=,1165.0
consensus_latency,tXj14YB+YWvpSjGmnsE1hzOgtvEoR0d3eeDsXFY1NC4=,1165.0
consensus_latency,6jvhvtArgKBFrPcByYidOvcpAw9y0P7HsGE+hNVuGDA=,1165.0
consensus_latency,Oi/wCf/6aFiuwkKFMDgXNj9ZZOx7/Iq5yrh8ArjBkKA=,1164.0
consensus_latency,XAK43whfXX4CijAd23o37B6C3kCHxfdEbLjvRTYj75A=,1164.0
consensus_latency,lU1WCOQeV13P1BOZO4COuyF3PXgd7r7E+O57YOgO+Gc=,1164.0
consensus_latency,xb93te7//Xjghtu5UMZmmqUKTpqdGno7DZiUbMr77Fk=,1164.0
consensus_latency,7AYfaY6Na5Xt6WPlPnOjgfNFLAnzANmPSMRJYtSRGIY=,1164.0
consensus_latency,E+JY07I6LMbIdFfoI5Avm4QZwTEndNvAnSdI5jkqnp4=,1121.0
consensus_latency,RWCtstktQHsCnLMKiM8Sc3hnrv5XPf9FxRCiuEf6t8Q=,1121.0
consensus_latency,id4WCEbsvOI7GAMfLQyC08W5EGuJgVIrwQqxN/6NyeU=,1121.0
consensus_latency,tBA8Ls1aSM1SBW7UMVti6hvFki+hbeJz+77f60d0dl8=,1121.0
consensus_latency,wMqKbF6Q5U2z/mA1KPbSc0Su+8Gmi5OcfMLxouPLTYs=,1121.0
consensus_latency,XruktrbtAbmycCoQnePkYL9i2WGWc4UsHzYfCsfoapo=,1097.0
consensus_latency,f4ViAGuWD/IjZstVVdiFDli46VHi6VfvIbr5qB3A9bQ=,1097.0
consensus_latency,pfwFtAvDHCt/VV6f3yPz4Flaw8bFuf5CMr6SJtG5moM=,1097.0
consensus_latency,rbVttOLZAQQqJJQY0vxElkRnU1J368s07nY/uFYbRBs=,1097.0
consensus_latency,RJfJmgv+qOXMSy7MBSn0UYj1imlBz8BZkN7Ju6ZuhXw=,1099.0
consensus_latency,YcWS3Vmql8sq+KozvM4ZcJ8il9e2sCSRZr5v9YB2a/A=,1099.0
consensus_latency,o1Fe7Tv1d7/+yEmsaKn/C1SxwT3t14Fdfj+deRO14DU=,1099.0
consensus_latency,zHhazeCQNfe6sXjCz9tY9NbpI5wZ7tIy2lbPKjci8h8=,1099.0
consensus_latency,+LBukCFb0N+IZDBGp8yNHvjyckg363AwlFAqtUpJGNA=,1099.0
consensus_latency,O/JtfbxnrX8vxg3XFK0s9qU3MnRgdIjik7eD1wsGv04=,1098.0
consensus_latency,cLJIY7iUJe41DnHmxGhnA1sj7v3aQHE7yfSrpNQeGXA=,1098.0
consensus_latency,hOQ/Ov92hDlqZIp5fyDEmm7K+i4hpc9owjvejmC9YH0=,1098.0
consensus_latency,jU84HFTJWTWEiZi8lAbA35B9j5wuPMvJ7ZVKNwTB8TA=,1070.0
consensus_latency,KhNBnyrPVhTF6kGBu+J5QlwFOHJWG17O+yo5ZJw+f5w=,1097.0
consensus_latency,wsM1qBADnM/Zcifn1p+2CiSx/Aynq19ILM+4pASj2Gw=,1097.0
consensus_latency,2I2+t+kJWU+6GP+NYgWoB9FWg64EKzQ4O0xeZHeCa6M=,1097.0
consensus_latency,37m+D7pt5yyb8falyD6rGmkQ/Ks5+pT950j2lIv6dfk=,1097.0
consensus_latency,bckm/KECru8gNvEg1RL0cbIA8MowlHBgeFUJY9Jgsw0=,1102.0
consensus_latency,oCg8kIeTEPGwA8U52ubeVdbP+rXGEXvcfu+hLVieWJo=,1102.0
consensus_latency,0pMur2n10xFkCu8e3HysfHCpe1+mbTmOaLKoL/ZhVBc=,1102.0
consensus_latency,7FbDWQKcRLX2npkzW4rHz9F9RKc7N+M8ZDqyTKbp0Dk=,1102.0
consensus_latency,Ij8CGQKKePGRw38QME34zlUUR0qWAsX1lDb3yCEFjC4=,1101.0
consensus_latency,muIhNFQEgEho78dstM8XWqUwH7m8Uuvq/CzfYFVXhls=,1101.0
consensus_latency,nAyb0jeAaMhiL+3/In2Y6BUB51zXkkgJAmn+FVtsIig=,1101.0
consensus_latency,ocBPq5VQOl/06EIk1LEHoc2bKpCvUe8w8Cid1L+NAb0=,1101.0
consensus_latency,H8T7BC66SiW7cGTokXWWQ9a/tdkIai1nx8+R8XaIIaI=,1100.0
consensus_latency,KRx3Wa+jq/+jbLBXw7MUI9pCrxy8iooQj3SwCcMrzj4=,1100.0
consensus_latency,b5/lW69dZuP4J4ryUEe7E8mWvAN4zdwXEFWsCksrvko=,1100.0
consensus_latency,uVmt6YtqwcZ9N90adsyu1tO6B3VBhRDFn3L3XnP6LXg=,1100.0
consensus_latency,0IPyDHpu8tOqo7V/S+1TLqjyClI5hDG6DwM5YnT562E=,1100.0
consensus_latency,4D93p2RoxWZPjH906qggKdBosYZznoHxYYrZ4RdFc4k=,1100.0
consensus_latency,BuDn1nxy5hv/FCzdsA/O+7KHZubXAtxG9AQguXp8DRM=,1101.0
consensus_latency,QDvBoB+Qr4m1ZrHlmiJrJnfQfNBDa34Nl3nvspPppA4=,1101.0
consensus_latency,Q/qZjQ4toETKoYJjJHwuhULeNf3vbSb5+jfI3+Ejj1w=,1101.0
consensus_latency,wSyazzg8mPNFnz1VYkZ0rfSkPdfjKsko0/41r+VAKAg=,1101.0
consensus_latency,3LXMHEJU+MCgXaGu/c3MuWzgsDzP637hTBShae8jxfM=,1101.0
consensus_latency,bE/91Zj3UUm5hvZs4BGE6g3A18ZCcwC723/ORxCGyeo=,1102.0
consensus_latency,jbtIkotTmB8vOu34KFkGoqP2gH8abgCAIHfNv+Fpc4A=,1102.0
consensus_latency,uh93s3YnIxvjeqvKmtdsKwi/UQwkPophGhVqNlvbqZY=,1102.0
consensus_latency,5bEnv4dDMCkApLTZEMnZPuN+x2nnUVxqz0B5bcH2QF8=,1102.0
consensus_latency,NEpDVh4xIUmWpeF2NQhariL9kjAPN5LwQFCVw+FO5jI=,858.0
consensus_latency,dnSuS4SF6AWhmsdI3VaXTKa+Ry0LDxh4z1LFhdSpVQg=,858.0
consensus_latency,vTRH+BOqPd3jVZ1Sz3GKCQKuoG5F5yYjMJdt5rzM6SA=,858.0
consensus_latency,9t37FopyCG+LiUPMbo48q5F4wnshoFw+v37LJVLbOgc=,858.0
consensus_latency,Buvzu+MEYYcAbuNOc2sUVTO+LcEOYWQcgaXdgT3eSeE=,856.0
consensus_latency,Re3OgwL0IXMpHBcN8XoakrG+dWT220MDZHV9GCgCdsI=,856.0
consensus_latency,g5wlHm4rt2xJD9OE7L3wrNHuxqSvGZWPGmQXPrrBqhQ=,856.0
consensus_latency,uiV7eS4gTjTUr4Ty7pbp9kZrUtlclts3/DCZZbjmkZA=,856.0
consensus_latency,eLsyUCUNvWpY8PYCiFhlZjj/HhpZepJqZ6C/3EYUOEk=,855.0
consensus_latency,sfDHJDaaxr0fUXCoXmJor6Y3wTgsbR543tZrZXxATyc=,855.0
consensus_latency,uBxFFN9+r7lGqsdnkgqw512gbrlMhNntlVxzkJChxfI=,855.0
consensus_latency,7VoYQW6dgPawrHSbuSWXDyRbUiBh6g8OEZOSFr2pjRY=,855.0
consensus_latency,DtPLQPSyAZt4DAn14PDBRhixnmTkoasKzEFFDY7U3w8=,896.0
consensus_latency,FCRvLAs5dWOJkuEAfG0WkrQ1Of9myfqo3U9LIeHGUg4=,896.0
consensus_latency,I1qm8op6aUV6Xbo6wBEuZashNfCB5ZI82nEd2L3xvaw=,896.0
consensus_latency,vqq+OSMv9mw+MhNUExyxEnglTK5qv3+A5WC584KP7RM=,896.0
consensus_latency,Behncq0Mg6NtWcwDzSO2ncDFkz9nzvC0reYGLbCWQLk=,861.0
consensus_latency,e9EuosD8aSmoWNWGuGTP1HDWnUsP8H7jAmnqsLjydJw=,861.0
consensus_latency,uAkERh0EWjYKTedbEMg3pLV9SAUGQNeK2TW8N2wJvS0=,861.0
consensus_latency,y6bIq59/g/OquXXCOogHtEZOPjUdlNsR8yFMc7G/FCU=,861.0
consensus_latency,/RM095SrvjT+qdV7iYnPEKoPLMFW5xmNb7/4ZTC6YX0=,861.0
consensus_latency,Ij1+i28a1n4ulFqbie0bQdbPUQJ5XZ6KP4vlPyV5hJ4=,900.0
consensus_latency,ngZmuDmssJxgUWNhcOeyjPCg937irsrfCJGUpaObA58=,900.0
consensus_latency,/Fs2kUVrdzkS46kAHegFWw2tyrvd0hJL0QUingg+emQ=,900.0
consensus_latency,GKUzEq9v+LQK5h1+tupqEpPk0AbYPUnQXwBXIMoij4o=,857.0
consensus_latency,Mqvcncqo8/kcXzl4ppqq52ZLBoQ8NFovX6Ewc5E9Wds=,857.0
consensus_latency,VzjTxY7zdEEmCh/94auw9s04DwkGTUGO3DjL/6oIJpY=,857.0
consensus_latency,eRhoU63wRddalggvcw+JMWZ5S2H0INLcbcS+gM0VFrc=,857.0
consensus_latency,rUyza7RDZ3qnJPvf914En1ouH88i1sr4T6DvpjKx+K4=,857.0
consensus_latency,Ko420p+2qYIv8pEzai1O4tn0b6jBcNGNxAWtUnnlxC4=,895.0
consensus_latency,lJ+rYerMcbJOA6d492lc6W4//mjEyQ3ApCHHC46y9qo=,895.0
consensus_latency,nJxmH3Ve6emCdP4yJW1kcAS+bbxFpViPNKPIlC+9k3I=,895.0
consensus_latency,ngeNp1NwyGdwxKmgeezzq3E2lugAqMEw9huTrQLvTDM=,895.0
consensus_latency,FGKAXMc5rdDkBXWCdkZAaw5IhOqt6ye1mq51HNJKQ+w=,861.0
consensus_latency,KAkGSqynf/GopWlHcckfg4VXW8rztYnjWU2UxwL2kxM=,861.0
consensus_latency,tM3ebyx4vY9Q9t+iizBtjLWD8DJ0QgACB5rHM2VI6jI=,861.0
consensus_latency,1Rutw9/btJIJYggfmmqPVe/iPNpjKlu0VFvE2IJkdpg=,861.0
consensus_latency,K3FTH/lfor5INVGcHbZRNtfQkXHeqbgYlQfE0YYd0WA=,710.0
consensus_latency,lTtRrgtTrbPA4w4/cMrF9IeBuSVdJJr7qR8tEm36j0c=,710.0
consensus_latency,paViyIH3qgBldnUjhXRTToUPSNwHpqm8wOswdUTLivY=,710.0
consensus_latency,ucWvHsPZLifClTwDshgtZEhM1J6aRsAJXohRoEJPQ7c=,710.0
consensus_latency,BcSYN1M0dSL/tW3/XAvXBUCnRlJBlBDb5e3o2LfiEQ0=,711.0
consensus_latency,t04VsnrI9XRH3vn37oQjpavTetVzvX0YwsKZ4Y80BCE=,711.0
consensus_latency,xww7MNvMMDLlBiBRAxZSNxIw6e2DESPPA4DCH6s2C7M=,711.0
consensus_latency,5zCi+CFM0GrHpeBVf8km1ar3wZHO8if7pNglpF+FB7s=,711.0
consensus_latency,9iJBwvFQlEKZDHuLQKLSOSrUFymtF3R9yDViXMet0oI=,711.0
consensus_latency,A36/65OM/nE9C0SeHRdvt3+L04MwLRutJJbsvF5RBSk=,660.0
consensus_latency,JeD2iD6eIHBPtjlV9zQ4XMuq8GAIB1xeN1uAQDNIcUY=,660.0
consensus_latency,SGkEjLwWQZrAGAWE3rFPW7vWq+7gm/h0XC8pg8dKS8k=,660.0
consensus_latency,esBxFreiHx+A8tQwpqr/FXtl4T8cThP8rck0bXKkdB8=,660.0
consensus_latency,3ZAwrmqxleYTaDOHayyk+VMohAZDbRdoGd9niDwexLM=,660.0
consensus_latency,F32LyWnGpBaLoFv3uRk5A55v4kyAhB0wsL3rSmez01M=,712.0
consensus_latency,VPktAC2sYYzEfB6jFc6meooTZd4/oL1vAfxf05XRtEw=,712.0
consensus_latency,sFEmXYK9W3Roa5Atgctywwf7ANjh2Sh1Xufd/XRBzxo=,712.0
consensus_latency,vKjSP2INvHdkP2n+9KvUifq2Dk+99UWiL+sBh6ZwFFU=,712.0
consensus_latency,+3QW1FMxeznQi840eScclq0yX2f/1HLR1fj+37srkrQ=,712.0
consensus_latency,cQ2d4yra9wg01A4h1gBkZT1++GIJ7GgSTaE92uwxCa8=,710.0
consensus_latency,d7mefrQIrJi3EnWkr9nfE1z1sivx/rQ2yd6agyS3AbE=,710.0
consensus_latency,yfwEW8xJtDXJEHA+ca37S8mB/Ctu7qy4iWNNltL40ho=,710.0
consensus_latency,tqSyZmsA8lsDrmki3rn5K26pI22UufQjczXZOX0iEeY=,662.0
consensus_latency,upxD8AL2lrmk0N+dZleg2OVBrXcKlkLlSm9Jy/w1Mes=,662.0
consensus_latency,uqGe9zVq4zBzbm0BSlR44bg43Ff9ZjRleuWAelA+Tio=,662.0
consensus_latency,0H8CpHdUabEK4jzkTEPk66q0RrFo6Fe9mZAKD/yGQ1o=,662.0
consensus_latency,4wjiaMF7fb1f18rqYyy5hRWo+nPvUV+7i4uJLrx2uSQ=,662.0
consensus_latency,M5TDnmy7D6Et5WswqwEU3btDOmjgRVSavOdCSwcA6/o=,712.0
consensus_latency,NzlYql0B9G6ksmBfSlFV/xnS1pddPgJ1QJc9529hUjo=,712.0
consensus_latency,OM3gOwHW1q9DqKsQ1vkF3VXQ3lBtM6DJvSncsmt63Lo=,712.0
consensus_latency,czxziRR5rTuu9/daN+QDdaHc4IqP3FifKEGc0kmIczM=,712.0
consensus_latency,e+1pREinipPTrM0VPQb57hyqms3rdz/4mRVBlQWkvHw=,712.0
consensus_latency,IecKlCNFzoBKHfJT8WH1JPO2vpkvZUJAZkZeZ2x/Dok=,659.0
consensus_latency,rz3/2iB6ecVTCov+ZNn4eJsNOShxORRpReZH2awlpDE=,659.0
consensus_latency,sDJciyHPNpPBnE0RT26+p9fVDu0RzrePkCPbeGPIfUY=,659.0
consensus_latency,zqj7CMIoR15rpm30cQw/0DucG/ZqJjwHVn/Bu2h2Rn8=,659.0
consensus_latency,Iqvkpx6W78YPCqL7DZBKG/iU/zqfIeYp8MfW+RYmqgY=,655.0
consensus_latency,r8sC79YTOUE55tNj9MI1k486o+rS7GfLZwYcagSZoWA=,655.0
consensus_latency,yxwHd7TFwmFRAOJ91VZ9lvJvRFVpBITpSBtWR3ihKrU=,655.0
consensus_latency,5/gC6l3tfqaIBks/W75sa9FiGU0z9ay3XfPa9aI1gCE=,655.0
consensus_latency,E+Llt0j+zHn5uZlXY4U2zJoYasusrw1Jvh/KXVVV7mk=,657.0
consensus_latency,i7wwZUkn7mBMISMz2dUCACjnEtiN1G+xRoAYz2N+SC0=,657.0
consensus_latency,z+H/KzaotjGOUuPxd03d8JxU/6R7haihsIBjSfnrT+4=,657.0
consensus_latency,2mdswVBWiwHQE4ii7cn1Rgsi0aHECcRmNbE51ltUKc0=,657.0
consensus_latency,UGniEZkOXAq9C9h8MzDG1laj5rQygntJgTBP6mNXp3M=,661.0
consensus_latency,cUCehVySehf0rgpUxgKVXfcOpurglAIWOOKng86iaHQ=,661.0
consensus_latency,fko0/mAhWhA4rF0tkX0gSAQfVQP0ABAMv3jH5eQ42Eo=,661.0
consensus_latency,12W0tNiC1i3cYnA7cPPnvqS5hH8Vqe5jPWSzGwSNzE4=,661.0
consensus_latency,Gz35d26bYWfe6kyaMFIR49DB9TLz1IQlv1W6EQGMp9s=,659.0
consensus_latency,aK3LnZCjSV2N65czjZiLsZYA5JrhQ0FMNe8TJDyh/9w=,659.0
consensus_latency,htZNt6On3UM/f52iD6u5bRUf8N5FGit8VmxKmGHqdCU=,659.0
consensus_latency,omiBGHRWnnU8tmHEISvEDW5kI+JJqymGiBZPc8GdFN8=,659.0
consensus_latency,tBb6MKjpTMZ10w0z3cpzAwuXIiRsvvJ92Hz9CAdIHf4=,659.0
consensus_latency,EQEdxf6SCSuxD5W6ZKxyPGoDswF8oVnenu1kms/PHSI=,656.0
consensus_latency,nQy1D75MOCRM3bAw+CwHQKbRuEwMaOhmYktFVVMLjAI=,656.0
consensus_latency,xOEGfpFxB4OKsYKeX8Q0yEu0m2B0L9MnhoY5rcWCh30=,656.0
consensus_latency,2bokGupopXYdTsKSxve6wnvzI4u/F3d3vM/x34+wbdo=,656.0
consensus_latency,JQhHkcnRT/xxkF5WQyIqwRKwnKwJ+cKyj4ABzhiKIvE=,658.0
consensus_latency,ueQsH1FA/HWn2y91yQdyyjrEGP8A3NyaAZd/kHdV314=,658.0
consensus_latency,01tq1ggwRqqToX62rnt+cv9PSIiUA2Mm42oMga8wdHY=,658.0
consensus_latency,N2JgWLLLniqzbhkfdaI2DX5fwIql1PchzYLf0YM8q+U=,656.0
consensus_latency,Qd/Z1+pelO/sQvBtxd7RPikry1HYBB4Wh4aF8yCmGxc=,656.0
consensus_latency,XVnPmxN4paloFj+vDSJO3X58UR+saV52LItfdSKAhH4=,656.0
consensus_latency,vvYQr+BlJhL9CTEnTuS+gjdVeiXRJpqZSx+86PF/bTw=,656.0
consensus_latency,S8+3RqLRIflaBpJL4EiN5uCpDxX9eX+vWHeAayZEMfY=,387.0
consensus_latency,dJXdkIY48LUe82u0WsJYmpVeny1CI17K7mSiQNI6lPI=,387.0
consensus_latency,gnlY0E/HJUvox5MdNJxB6lKlHVD0TnmtrubsRJQpYYo=,387.0
consensus_latency,tulfNTPWYQKSacjj7N48qAa2aO1eylQT3ljzreb86Yw=,387.0
consensus_latency,7IqRbrBhov4ugHaRrl8wSjDZXWWnd6ym6WE2aJnG7So=,387.0
consensus_latency,7ky9ZGOdFxVgq1jMyViuoylNhuLpehykVAzubowGdxk=,387.0
consensus_latency,KfNgKRXppyt6CSeLCFHLw81hvPGl5cCMXtP10SCcZ8s=,1144.0
consensus_latency,fESqzBKmYs5hDBCkSajEVZTBSVCI2vFPvG5oSDjlHDA=,1144.0
consensus_latency,5qig82xkss5XkDbPQpzZ9SkhVYluSFEBO+hlFKTrpIQ=,1144.0
consensus_latency,6syk0SXWm6g1Rr41UOZ2cUdEvweu2OlMbG3qAmzqS+k=,1144.0
consensus_latency,Jjo1IF325xkKyOGxPPwMSZHSHPFShBiYI2okAoNHiSE=,1148.0
consensus_latency,c8qh6cfb6Uu5wkqyo1c3C2ab+EArDc2mO6jZRxT9rSs=,1148.0
consensus_latency,p9lR31+mb+Gi99VufRd+2v0ljL8lJQ363nAQvDiFxKU=,1148.0
consensus_latency,vFdEx/Wc0/PLhuYZ7SCJEsxDcDIZCdiMcVPkecRx588=,1148.0
consensus_latency,6Bq6F7ka3UD8hiMq+R2jstCUJ4K7fPUbI/RYxvOdcKs=,1148.0
consensus_latency,9KCYaw0cw8tmPm9qEHj6mWoRb+pNWG2juWGShtZfD7E=,1148.0
consensus_latency,CWnjXlbj5ldIkaZ7TogkQxz+vkxvBHPzkdVeep6WhO4=,879.0
consensus_latency,CqaS1pWHKVWH++/O9/eg8Ex8u9OrwrFyxmqM6Jjh4vQ=,879.0
consensus_latency,OBbgK2kc0USvKQPa7ssR0Mdp24aYG5dCRhXHPV2dEwc=,879.0
consensus_latency,UTIYP523T23bHyx/cHlCNBXv4myPLMyyFLBuhXghTF8=,879.0
consensus_latency,/N+pM0yeQTxpqZSJxnPBM7syiwiTtTQVOTJuulUlRS0=,878.0
consensus_latency,G7QXa765zMwpzfN8OYI2CzNDG+/nvbNu2gG3KilLfjY=,878.0
consensus_latency,OOko7ElzT/bunjuWsvY4DiPkpHqix7INJgPXFfA/B5k=,878.0
consensus_latency,s+Uz7Q9S2Cf4yKYXNJ0mpq2TO1cjDMkyd1ZkHz2Ad+w=,878.0
consensus_latency,u39nTPlM24SfTX6wlxsOzFsBt/iJKAa1Uiohcy7TQFA=,878.0
consensus_latency,6jl1A/A7eN1FeX1LbDdHohrHyh8h9a0K5hUsxClEG34=,878.0
consensus_latency,Pqe1mgy6OngMSSHheac1SDkVS+g9vCo4AcCnShy3ev8=,904.0
consensus_latency,ccCOK11Pfl/3H3HWTj8S+Ltu+sa+VHWfyLe3mDpJ+1M=,904.0
consensus_latency,gb3ShddZuJcVJcYcvfAWbLBojsw8X2WQGuIs5oRoSYI=,904.0
consensus_latency,7Nhu6F8pn9FHNdol/9KMK1/XFraq7/EYDsECnu8f3GY=,904.0
consensus_latency,EREVVOZInmP3YFT4Yh9DoOKyuR/NZwfVSo/CA06TBzk=,877.0
consensus_latency,UnLMr3twhTyVIrbgeX+R3ZMP+C0P6oYDYAQBv6qTFPc=,877.0
consensus_latency,eVjL70HKGVBSlzJOfh0XZGuuwCPBjCupBpda6RmcDUM=,877.0
consensus_latency,hMyFPeBKEa22dE+7Cph8VLit86h6XmMK7tnzcmSQa1g=,877.0
consensus_latency,yMFFQogBM+iA4SU+VeD8C8gs1DE8rLMazXFdVLIaGIE=,877.0
consensus_latency,BkLdJ4TAJMU7cV443vuHBZp8Fo4IdviKqF5p0R0PrVI=,902.0
consensus_latency,FfyIwIxfe5zJ/Dpb9VCqLxQJ8JE0bwmcSdNFHIXyFpw=,902.0
consensus_latency,HXezZQeZqqxSNbeLwSrfF0bsbnmk0BTH+C+AqD28Wjc=,902.0
consensus_latency,PsIvfJ0ULuIckNB4lTwblYGu9eQrLbpHM2+Q7ZpeUE4=,902.0
consensus_latency,r5BuTDGCC2ovJ7VHCrBLiIdhB0d75uR+Jg853CVOKoo=,902.0
consensus_latency,sIppijulNS0SxcnNjO/p5ao+bmdHkQmagVME5Vl4HxY=,902.0
consensus_latency,ETT4FaFZPCrcqwy4pqfsXWnC/cuAHZTt+hmhA4QWHIw=,877.0
consensus_latency,LfpoxYvGtpFt0DBTvwpqWP+yYv/IyGI5dFPNXbt5zU4=,877.0
consensus_latency,SSJuwwyIRwaTopMAWGqjKFHRzDRs42yhHOl1DseIPbw=,877.0
consensus_latency,WmydNXgBaq8Y9n2hGxfTPvEkLQ8Xk3PbGVY+wIQ9Sm8=,877.0
consensus_latency,5GWmlnr7YTewjsHt6DICI2+nxf3acuPptCjFasuyA+E=,877.0
consensus_latency,FjxSOX/GvKW2ydgxb/+G6Trwf7JSAGZbRZZj6PWDuPA=,877.0
consensus_latency,IfrVfAwGdvYOOHcg1RFDIKG+zO0uNM1PIsA3YFkOBZI=,877.0
consensus_latency,YixoBikdmQu59hM7/gA91g0XEEcE25OnabAzretOQA0=,877.0
consensus_latency,oS8V6/vXU390ZkGvGu0I1shth5apFeQpEraLZDcfcWI=,877.0
consensus_latency,9AmTXAprUSzkLKuY6/kfGJVUhk2BG6M4QWW49Mmg42g=,877.0
consensus_latency,YnPl4zaDcny8UwtijfTq0ifup89ZDQN65SG1ux/jeyQ=,903.0
consensus_latency,2SRSMeYkJm9ZN6lePyhiFU+ERYcCZPWd73qs3MZCD10=,903.0
consensus_latency,5EpamvQzuswejb5hKqzJjfc/5mMJi2AN2O9FGQmb4nQ=,903.0
consensus_latency,/d7nDEFAwTo+u+KJJXw3xklBFeRazMhKQ66Q0TygQdg=,904.0
consensus_latency,K8hLw0K814xqspO9wDaMTRD5Rwkhz3LSsvEF3XWt+bI=,663.0
consensus_latency,YJkl+JHbHHL+5GqZCJW9cYxpQxJ6qf6KTF+2H9CnvTA=,662.0
consensus_latency,Y7DywwnUEAI7E3V0VeqApmp4jDPLjQtzz/IHBhdYYKM=,662.0
consensus_latency,pd0A85FEALmZvhqsHE0jkJcA+1ckOQuXrDsXuUVXqSI=,662.0
consensus_latency,5Wy52Q36HJyCMr86B7muuN0qJyF1KkIGakr/28wvvlc=,662.0
consensus_latency,Vnp/ksqh6VuaP6yw4LMkXmbyCk3IWwMBSa7dxwc6jsQ=,661.0
consensus_latency,XA95C9T9pTOxwnIfII2bQgGHao9Rly07tmYmnBkLCC4=,661.0
consensus_latency,jhEOVuvDEIEJ3+k6cWDMVRflNUECvrhfBpWaZkDwMpM=,661.0
consensus_latency,5XyuifKRUICzwUw6y+IsM/UNnlv/Iq1LL4tewetiKyE=,661.0
consensus_latency,82d4TRPWpzj7hNf3Bf6mnHPB6OzUp4KZNuvlZ53hE4A=,661.0
consensus_latency,OYTbnjtsrVoe8YC/NpjRLglaxByom+lDkgEbExjFSaM=,711.0
consensus_latency,bF17zPSv1mdojA2PCMjhNh7LYuwa40S0ht/P8aqTL+I=,711.0
consensus_latency,dtXR9VklBlja3JXoi9dqQsaTYHl72dsg8HpzGov+gwQ=,711.0
consensus_latency,+25Rj+rU6FgbRz4AwpdAh1FGw4+qCIiOysJv0K2KdBw=,711.0
consensus_latency,PgBxyXbRI33eK33Azuhc7//l9wt+DIno2td8MiMd8KQ=,663.0
consensus_latency,Xpc00TUzOoXuUS7dvvJvUzg8ZGLMTDOzKKLzG6lLTkw=,663.0
consensus_latency,X5emLbXL6y7ejy16p+yt/c0Ip9uzQIGMNSYtjzs0ke0=,663.0
consensus_latency,phrGZUr5YcFDoH/DN3Ol3Rb1A0FUPWPtQsrsvwUkq8k=,663.0
consensus_latency,7/wyE7uBqAOUTX7NeiC8LmJGLhX2dEoVRjtIE/5+aIU=,663.0
consensus_latency,+VMI+qQQMsTTiPDShTpRvQ8NNeZy/xHLLzZcRTQYe1k=,663.0
consensus_latency,Ege0x2Slq3QpXvCPiBAYK2Xp7FVsYS7+GoYh+z5KtdY=,712.0
consensus_latency,H1tb3X+u0nSteNbI11YzxhOHGwGR8N4YWrNGBq4+x7w=,712.0
consensus_latency,Y/NSPTPO0YrRXSj6ijuAsFZt9BA/ENAvb6Hm8qlTO14=,712.0
consensus_latency,ZCmoEsR4gOnoC7t+qDUSHlWSe+jt/4O2Q4crPBq89V8=,712.0
consensus_latency,ZQRkVrFKXOLgT9SCxeh+MMkqyZ2PzdrIK6t1pZRGV0A=,712.0
consensus_latency,lB8CTY0RQsTEX2e9hKIESNI+XoQbChXQZ9D+juXgeBw=,712.0
consensus_latency,A4WoVKJtqKhZWW7kognKVrZvezYHp8UsaBqn2OpV2Us=,716.0
consensus_latency,LQQjjsPWdVaF8hbypiBPolHFHdN5SyNe5Ngm5IvbGBE=,715.0
consensus_latency,eKL0RcZ5Z5LTGNJ+0Ksir8NYX81GJzdLnb3WeHu/DOQ=,715.0
consensus_latency,gx+Ms0LswtRuVYzoThOAKys04mgWt/V0DPNEKIVQRyU=,715.0
consensus_latency,+ohwDMq2MaRyXQgboE+6f7XEMA658KkGbEQ883HMmwY=,715.0
consensus_latency,Qumui0OXceJgf+enedny7GMwJasyItXS7d8ifwJ51Ts=,716.0
consensus_latency,UGaIs6elGWVdGysVoJHmGDd82KfTZJ4KfZMxsSJO4js=,716.0
consensus_latency,V40Tu2twsAwKig2N57+HCU5IxG9JGsfw38TGdXuFXJ4=,716.0
consensus_latency,sE841VWKV/hlSFFqkBwIgCNj3a4zxTnJz/496Wz8qFE=,716.0
consensus_latency,YeihVhLc3vTGsjWdzEU91YnZlKQs98wOetvq3kpIk8k=,715.0
consensus_latency,esZo+3ZR+zVLwSLK6GXBHzBKyXJdzqGIz3Y2AOtVgmM=,715.0
consensus_latency,tlcO3Okgt68irTDSvKxmXJu3Q1RWdi5ZYe5u8TiJahk=,715.0
consensus_latency,t9FG5OlLEOXCGpY0C3tb8ZsDy8w16QI5009szoNo7T0=,715.0
consensus_latency,CpJebvHgjADW9ZIaH2W6ZcNqE3gXBqBNr2gMaw3vNc4=,668.0
consensus_latency,NvaFOK/wfJY0Ofh6Cj0kOkcl2f94jcwkFm/CcZLWuT4=,668.0
consensus_latency,pIPQjIieslqhij3oYkhO+32D7jpEorvZ48ZK/p1AEMc=,668.0
consensus_latency,/9x2eSx/BLUlNTouYzDDw+llmtd2cRmP/nmmctEu1I0=,668.0
consensus_latency,GMBpwyBy7WgLZOhtKCCr9X5+LPGFaS03QPv4LgNy9PQ=,672.0
consensus_latency,U+0YREryoiHbqNJE7g2FhnImHtxVvIvow19nW7NX+AI=,672.0
consensus_latency,yGiazvIC9KJsYtiw2sjRK6tdpA/tgTan9wdANpqa1vI=,672.0
consensus_latency,6L44gW+1mWhGO6x9wgWEGQUZd+8c26/K40edt+PuyUI=,672.0
consensus_latency,U+wXXD82BCF3ywYqs+ZyPHZcwCnt3K8AhhIsDOCDuW0=,658.0
consensus_latency,ZEPAJR9AtTTTw2kb5ReOCb6nksDl0g7w27XdhO79aXQ=,658.0
consensus_latency,ZJSPPr/uUHkHr9pWphusqM9g4HFvCRq49CF2SkRmIbM=,658.0
consensus_latency,ap33PDZ1TU0u6wo+maVZzh0/A8l/5BKGHLctKzPM50Y=,658.0
consensus_latency,Q4qgY2sc8hoin4l3UkGGzKuVnfdmBNZEbkxmFr7Hs0M=,669.0
consensus_latency,Uc069ZLFGBAxAzkoD147irYv9z20JqQAhdCZI4pTPKM=,669.0
consensus_latency,WB+yKNzgy4ViNPChuMo+3Rewfjd575kUc7oeZDMzQ6E=,669.0
consensus_latency,fa0TNvQsK5otmyf3Bwdyn/A9Ttr2+My/piPydRJL790=,669.0
consensus_latency,Ap0SWoE986JG0VD+NAXjRPmHWJM3Xe8YcLsS8F5ik0A=,670.0
consensus_latency,Er+rRjXUu0RWivSvGFT/qlUmMi1NLaiQKkXQyrZl4ug=,670.0
consensus_latency,qnXWA+PR22x+20As3DpC0LjRchJ0HpwhhlsVJY785Pc=,670.0
consensus_latency,+u9+0UNQP44/CIarFy3fNuJ8IHFCJzsN31fkQ3wRciE=,670.0
consensus_latency,JJb+81w3eqZIDqIVJK23ODr8/gS1i+Jw88Uluhb6bsE=,667.0
consensus_latency,OcSOD0qgbvLwnQAQhi6OMapsEZPj0qJrcmGkop13UMc=,667.0
consensus_latency,Y7JfDev6/XRleYj1ZCQTP0uLzjiG6w2cec81Vvf/KA8=,667.0
consensus_latency,uNRl/kwllBl0gFBsCNED22LAPs1vw1f90Q7eVQ1oJLQ=,667.0
consensus_latency,ZYltRUt9tiB1RliRIgIegAuPruFEPbWK9zWocv1vSYo=,667.0
consensus_latency,dETe/RsUfi3lVpI5zZv6HAP/OfoKODru8BIkNguL82M=,667.0
consensus_latency,kZaGRC0xvjn+V93cmuoGZnXu/ypgaD0gSaDZCXW6YPY=,667.0
consensus_latency,lKHj5wVTfmHFe9fRlWzs6tQS3NjAREqpnq/83g5ml4s=,667.0
consensus_latency,Ag7QHzKYWe6OtRMexWGWJdXyn/UZ4CexBMjyOmbFVsA=,396.0
consensus_latency,OB5z9Q4z3QMlqhG63n5oA9U53dAiunSynxm0izglwF4=,396.0
consensus_latency,ToldEAeamcjvT5RaHBCOI/Hx10R0EQsUnUK7sY6hkHI=,396.0
consensus_latency,wgjgmgegHx4cnMun9CxsG2QQEMnrek/nUrZvIIGpinU=,396.0
consensus_latency,/wWt7nXCVrWLnib3m/VluBRJC88UBtEcqLLPyl8vnuM=,396.0
consensus_latency,PMgPtgRcl5gvQ+TiEvL7og8SIjZZM2xuAr3cR2h2gO4=,1248.0
consensus_latency,gLclYxt/3vE4qP2TzQ7UoWlCYkvpaEanYxbksknxQTk=,1248.0
consensus_latency,iy2s/xiL/m9ResVW50n0sLIaQYDdXKLmEVHOOGL52b0=,1248.0
consensus_latency,ua44qzCLsj+ITV4VIuWA/fRTRorzgHy22BIUOVFVuq8=,1248.0
consensus_latency,0zMVfBCRoaq1OZ8F6TCS2xo687MC/nuyP41ibtL7wdg=,1248.0
consensus_latency,hT+rW9TxERRIaLZL2tOTzxiZ2J4ipn7xayyPDOA+cNw=,1251.0
consensus_latency,oqxWa1v9SyTfyOsWBnjngcWXds/mN8bmmuFvoNnXxIM=,1251.0
consensus_latency,yMu+9H/L5npSJdOuyrkF/5f2KRPLp0TlnnLecj+u7e4=,1251.0
consensus_latency,za9pO8xsbtDywPggUSoPTp7vbmBEfWdljPwoTspO0K8=,1251.0
consensus_latency,6+q4SroExfu/1GccqwPJjjBnjGITsVh3ZZ8qpZI5KNU=,1251.0
consensus_latency,Bs4nKiWMhrZj0J8sC1AW1CyXN2C/MJ3D1cTLxpIj0lU=,1027.0
consensus_latency,EWSBS6zj4rv0wcD3xOOm7f8Q/Qp7Gz2wQV3yfdO/ohI=,1027.0
consensus_latency,YbHmOPPJRp/JRfSMtpoiolrX8x0BMJn0Jpv6slfqlw0=,1027.0
consensus_latency,+tVob0//bXInXlg0L4hCaVLIraR4NxPuUmBtIZOwTHg=,1027.0
consensus_latency,UyEcON5bRdCqz7+7n/eMU9rHJzIVM1oRt+qrm1Gw6Ng=,988.0
consensus_latency,hCV5PR533z2BmmBNu2yYvHSfLsIYHTW9ocP7PUSUDVM=,988.0
consensus_latency,icXfbgS4RdI3YwKXAw2hSzvIY5hrWb40G9BPaNSIeXk=,988.0
consensus_latency,rNNkRB6G9RTqMoOYPCnlkPD41SkNmTUumXmYjlphhKY=,988.0
consensus_latency,z9s7S2CJ9PfnXNKfssDfBUJWyS5HRoqoTyq389zo9xQ=,988.0
consensus_latency,e5baFphSite5ew43VId1Wv+HmDgU5oLmOgxK3/pvs5I=,982.0
consensus_latency,vXMGXQ9nbYaZlZiPNJwjQbR1dPCVAlW5T8rUM6fvvaM=,982.0
consensus_latency,0m+J+jXXGIBhE1gTS/stM4WlydfHCD5QQ5byPeV+HK4=,982.0
consensus_latency,8LvP/XszP7ZzA4t68wbTMGKmDnbTZaJeoou4CTLinSY=,982.0
consensus_latency,Bv7nZTQl+f5Mk2mB9OQxTJY8K6+uJsRk3V9szu+V2uA=,984.0
consensus_latency,WasEElNIuWp3XGWi1DHRW46ILrkjqZa1/UbP4sUcq58=,984.0
consensus_latency,XEvwcVmZz9GQT2mI3KOisfWRdX7l23cwA1K2M944soc=,984.0
consensus_latency,j9IPYib73EHC4rYF7ru586JEvUwRRQb5YCobJFJ9i6E=,984.0
consensus_latency,3CI+Uv7N2cb14gBG8CaxROp8Lt5Qwl/e3IgepTXrBfE=,984.0
consensus_latency,DiTYmNNR2hWynBDFxi5oQeW6fxB0qZ5l8/fIH4ZCGMY=,1024.0
consensus_latency,JTw2OwRiyW5ieB/Borf0kxkyJ8MD7FzQtK5ppTKIHuw=,1024.0
consensus_latency,fo3vkQK8U3Hz302GjT8qYJoMJ+1BUzg2bt28sThDQis=,1024.0
consensus_latency,kOWCqte25CjcE1Q4EvuzQK2hTFiVS0tfn7m6S98jHNc=,1024.0
consensus_latency,Foe1XUFCEe9MNAVlUuiS4ROV36Y3j/RW9/c53ktHuMY=,985.0
consensus_latency,IYsQ4lGn8Mor1mmv3373+Jt7hWF8nN9WrwNOygr6fls=,985.0
consensus_latency,Z9AlM0eEH2OTPArsWXax0xJwkveA12BavlGOEKs1N3Y=,985.0
consensus_latency,zZzglXeANMd716QtfXE2Pj/vb0yVLFVkUoNvRtaGMsE=,985.0
consensus_latency,zxL9TkfZfVt3rdnlD2YdAyyteEyFtfMPYpdkDHShCtA=,985.0
consensus_latency,3QfPJ7jbWYgUqvAHZr0iC+nnc0vCCrurOlVNdAplM6g=,985.0
consensus_latency,D8wgH6D8A5CCfKQXIUlOlZVqrrjbOAKkXIpz1SDlR98=,1021.0
consensus_latency,UwD4hIjIvXRg7LP1O0vv6Vb1yESnbxaKNJh5op6xMME=,1021.0
consensus_latency,c776oBCxlrCf+igVcsOFonM1QqioWkzMmz1Dbtp30y8=,1021.0
consensus_latency,nb78A59J7B9AC93x7kkLnNrZyIAr+wpbOR8/xIa22r0=,1021.0
consensus_latency,w8a1xo/CTlViO75iFHgtS2Pw6oGKp/T4jQ1qXzAaNAA=,1021.0
consensus_latency,DaDOnWUiRBbadMrP8x1Eq3R1dfRRoOi2s7EjBLQrRsY=,983.0
consensus_latency,IYMuf5CGAYb0fvCJ1WBKZM4/MGCj/NzMHaMtdglNaA4=,983.0
consensus_latency,sBM91pzQOxG/dV4xjjmzWO2f9jBQge8vJL8++Bc+6Oc=,983.0
consensus_latency,4RAxT12D/AiVOLu/7RnDyg9JbB9HIg41iXfQ+RriCFs=,983.0
consensus_latency,7xdCbWLgLfa4n3xH3P4ZsvEckfIdOJxtDWDg+/h69ZM=,983.0
consensus_latency,LXbRWZS1mBJB2icZgLvd8vsE/2x1Tvgm3ynR1H1n2N8=,828.0
consensus_latency,MPH6ypB5UB8eEZwjhqFI4xONuk7xTIAmbXa769A9dgU=,828.0
consensus_latency,YJEJoaQFkklwgq/N4/OinXBSqdNgPmOQSyDvnQG1oT8=,828.0
consensus_latency,YeOtSNSVbz8NKdhrVXqc1cReXZOQudxKIh/NcY73CIE=,828.0
consensus_latency,7OzhjsKg4jlQFFs9DQGjiontOnVETWc65bstunal5Pw=,828.0
consensus_latency,J/G6VhOhv1BKb61Bz7p86eVcNc8MIb5lv2ndusTY7mg=,827.0
consensus_latency,Pnj/XtFvO6EUlmATtbkuqUnbs6rlir35kyhPV6dMXWQ=,827.0
consensus_latency,beX7R7VAAcXPnJduZCLibopQTGRpRVRwd6DiwDOlct8=,827.0
consensus_latency,jhvFVNdXyl83WZAalJxiiGjW3CiobFgEkZ0okCw6xlc=,827.0
consensus_latency,j9BlS/YZo9N0NYYbDc1qTrfCgXr7iSBlBhBw67HXiRk=,827.0
consensus_latency,oL0f+KTHbgTfzIE3QFoxAf+/lHhrVwopNxI9UfCvM/A=,827.0
consensus_latency,LKo1zPShjv6FxHrZyw31C+OYHcjL3h88O6ZclFrd8GA=,828.0
consensus_latency,XAwxZnumYuTQWpebv29o9hUzdFhNZcrfrpAoobBuXNM=,828.0
consensus_latency,aMkqSfLjAEOY9gydYTmQMM6sjlugX46UikHfmFp1H9U=,828.0
consensus_latency,oI4YoeujTtWGbs3SxjooQuqg79qBoMO0zfkPfhiN+TA=,828.0
consensus_latency,w2oWRgOqxjsTfQ4LnQpaTx6G/xY5zH5iXLloFVt/Xs4=,828.0
consensus_latency,xAQDp6DWOa72EspbIdkmjZxar4kLNiHAAT6OtsrEwwY=,828.0
consensus_latency,MH1FgXOBhPkvahadOI5xZNR3K9tFrO3hgzuiw99tILA=,776.0
consensus_latency,PsDV+emi10xJvVdkZDerkxnVM9nx3fD1qEh9L6HswCg=,776.0
consensus_latency,eYRmQ7Zi9TaZpyAfzxSkMT+AuVTMGr1IDM6XwkQbacw=,776.0
consensus_latency,hs7OQzbSsWKOyw0oE3WW64POMjwWZKeoZWfnjfDvyyw=,776.0
consensus_latency,n6Yx/GV/EYZ6dUP7CCbixhTR+Yzpen35qoU0pBn9NUE=,776.0
consensus_latency,qITkHcJT2TRo8N695Fjer1NWGEbDdlABQOrLJBOFpTo=,776.0
consensus_latency,A6XGYQTbPXSX3a9UPDD8q0oWmGOkuN+lzfj+qSL8R5E=,826.0
consensus_latency,CpOKBjqPN2gxtXU3lcmiRiHS9Z4fdue82rQXK2xBmXM=,826.0
consensus_latency,MMQmSimBNMtiyJhvtpUwJjgO/QqMW9NsLZN5rRrCpT0=,826.0
consensus_latency,QpR1HobhpADOFpbgbguqMFGGohDpAzo34XYZgWQhKas=,826.0
consensus_latency,a1VVt22TdM9H7k+rLZNzROeh2RN8yUXtMsCPabZ10UY=,826.0
consensus_latency,CjTvg4tYpe/nyOOqIrznXzqvHhG6pZo3HiyKeNMbKlc=,825.0
consensus_latency,Tuje+0+gOR4iSKHfhqTTdRkQYHaQch3MF9qfnViBX7I=,825.0
consensus_latency,VeinFhpGSBIOb+bzB4yun5dS1mEpsayxLUu+y/wpkI0=,825.0
consensus_latency,ewYTn1lylWjzWXKWxRadW08WcnN7Mf81XDgW/a4FW8U=,825.0
consensus_latency,htx43fvEA9n1CA9wj7dLFp7ppECybGIJ1nmKeyNtTUI=,825.0
consensus_latency,Ln+AgXe4h3H0yhm0+THDIENS25S9bUq1rmH2UrtB8MA=,774.0
consensus_latency,QyQWAAHzeQpCxMyJcHY6zDrSSKE6G0Xtnscbq2IgRWM=,774.0
consensus_latency,Va1TjfG8G1FpQQEP3StD125vRoO2AnSg0S69OMmZjg4=,774.0
consensus_latency,bQxrcfduurB3XxH/Uv0koqTvwy+CKy0V1xLu5CyHvrM=,774.0
consensus_latency,FIm7Nxc5RMk8IyDUTm7FISAt20w2HGRyFWg1x1EIrRA=,759.0
consensus_latency,JzZa8QESCECnDheiAWLGXkPuAA0mk6MX72sG2NFEQoA=,759.0
consensus_latency,dM27N2YLBAiugVG8WR5+Lu221609a3gmUoDybYkMK9c=,759.0
consensus_latency,dYdW557LY7wxg5DSmFwApwZKGHHOBJ/7aGLDP8QYCNE=,759.0
consensus_latency,hjpak2PGlz492HtLlqugfTdJeio2atoltEDePfkDfAw=,759.0
consensus_latency,zYh8+A0oNGaO+RSOUDJAIG5cwze+mEE0oZ8iMhElaWE=,759.0
consensus_latency,H0md7loDOkkgdfKuVMrPx7Ehrhdgg3IkxFD0n5lOUIk=,762.0
consensus_latency,Pi7xMIpeqk1OjRW9GrQMcamKQ9a/M6pLO7q7HhBDsL0=,762.0
consensus_latency,wbn0UxarqtohsfgE429SuDyTn7rtou3XQm9gPYoRG+Q=,762.0
consensus_latency,7E86Gxwjb4/SPjf31vhkRPW/PNbn6oPZnxEt1nfR5xw=,762.0
consensus_latency,c7NnuENxjJVvzlehrTU4yXyJPEFK4PFBzKbUJ/ImE44=,760.0
consensus_latency,yR08GjKdG3F9xjnROLoSvRcxnsM0j8G9heo3PymmrZU=,760.0
consensus_latency,3SfpjM7aBhj5ni/aPCQQI9nEsOmhdAAqSx18+57MCR4=,760.0
consensus_latency,47rK4qRGMvjlC/Mh4Z5baQVVIG3zZV2a5yWizYS1jQY=,760.0
consensus_latency,lWXE0j6vgmTCd4G1l01b+FHTJaWdU7u/gblCtpHOe9E=,759.0
consensus_latency,n9BiUkAGrfN7iWQqk/pjK6rlDALczeimZr4RK4OU6eA=,759.0
consensus_latency,tglEqY3C+08N7iPgTAvWvWEVq8rqgP23pziGfiQZ55E=,759.0
consensus_latency,I58DESIth22y7BNvyc2Bw4dNcjs16nnicRD2cw7cRvQ=,762.0
consensus_latency,NHTTY71Xp0cGT20dXE03x/RNiLogSFS/Rr9yHp2qpSA=,762.0
consensus_latency,n3y750SEoXjGM4E1mYgcw5hkB/6mHUzeiIOB7jprbqc=,762.0
consensus_latency,9lCfpaiGjx15VtCAPaZ+ZIfUXJliX/0r+VjE/sUOENE=,762.0
consensus_latency,IZJbWytLexcNgv6c/8Jn3hltx9K9+GJ9+9Izd9Y4QRQ=,760.0
consensus_latency,fyovvGBY9dMxhSgn+72cMYtOoDZJn89mu5wSz9DpAT4=,760.0
consensus_latency,kQ3A5EnaA6gKWaiMyxWD8EomTwWf4SZutkkZunkEeZ0=,760.0
consensus_latency,p6M7QlAYUzKoCZj2ijeW05IUIbbN1TIfDSygAx7IhP8=,760.0
consensus_latency,08MDfgojVtPxXm9Z0xMWOF7aH+rCZTOjblaK+EF4CtI=,760.0
consensus_latency,LAUPbRQ6ZnR1zuLGTL8Ep6RWZ9AkvbCG3tfX2qMb360=,547.0
consensus_latency,LZy8PZJfYu7rkEY5v8eYM8kcyRQ7wSK5+JLTRU/T37o=,547.0
consensus_latency,nyVLS6lkfLn8/YPDXQB9aOJLZPpqTvXCPpi9VK7Vg7c=,547.0
consensus_latency,sScxZCDE2HNjjsXvwl6S+D2xYC3IewlUzJXs+Ji6G4Y=,547.0
consensus_latency,DGT0Tc78HhKgLX0uEnd71jv6Wzpfrd+UJ/RSv7HylA8=,1274.0
consensus_latency,OU8W2zqvDDJhKp9DyCFI5HGY3zh5ymKU/H7cPr3CS/s=,1274.0
consensus_latency,a7HiuzCRov9dLdqKaZT4bxKau5bhuVByJRKY2H7q8Ao=,1274.0
consensus_latency,pEIwPtr39vo3DIQS/LcfMzWlbdZBEfLh9CzLRu40ov4=,1274.0
consensus_latency,w0ZAUtPozSVyu192wr1D0Ev2jvwXsLHD4QRvycrO2qg=,1274.0
consensus_latency,Abp/WnX1EzKGagzCZ/U24SGa9kaoJdgzmqdQiXE79nk=,1272.0
consensus_latency,T/SgzdJDYmUGlAnqYK24wqwGwYD2MGxBzbjERYnRnTg=,1272.0
consensus_latency,sUPsEO/Q0sgNmZCWZBVZ4WMLV0121HxgotPYdC43uX0=,1272.0
consensus_latency,09WDSR0qQZ1OQj40PinSImJrAhAn0LdWk9w3P0FbgVs=,1272.0
consensus_latency,7uDlKbQey8ZE2gfMxTjwSL+Jru9Ti7fCpj2/P1pQ0tM=,1272.0
consensus_latency,Hpx7y0e5exEXH7zJv91VUH6997TS1Twq5X3k8EuQBEA=,1265.0
consensus_latency,KzjWFjOfECSoieAqRA13u74cqNhMaafDWXY8+I011E4=,1265.0
consensus_latency,ufjS4VcdtgW4VWeXtMp+t4wxr/yWWw401YnYtppVoAc=,1265.0
consensus_latency,03x+2ySmzrSDHPIlx8oYyfSjtH11ghci55btk1yvRvQ=,1265.0
consensus_latency,5ETRso/CmRHiv2yaT5DA9M4SiamrK/TInzPUWoPYCP4=,1265.0
consensus_latency,61IhcW29vSo4lPMwXHGuj5D48u/xu7Nvh1nOU50ltwA=,1265.0
consensus_latency,D+QWyveHA4ZueDCCSkacwHYMPqxycrRIPpm4QEywy4s=,1269.0
consensus_latency,GIbet/VbJ3Ik850Y5KCH5KtNMsoUaG3+8zdHPGS9RL0=,1269.0
consensus_latency,7UKSKCJE6LRpuG/Xx62Bvmsu1s8pB1l0d1rGxiS1SwA=,1269.0
consensus_latency,/YzMWeszCyrNfJYuNgOPjAZqZKdFIsfqxxeUtpKflVQ=,1269.0
consensus_latency,JJ3NeAw+G3KYLZVuDUEbNrVIXPwgbnYdf3POnZtJE9E=,1029.0
consensus_latency,sK5HS7boFW0XX8n9JQCTcNgR2SI7TVhsp2HzW6GBCOA=,1029.0
consensus_latency,u0zsRpwSpWh2nFNTfk4hntFW//Aebdcx7c2kAnXOLSM=,1029.0
consensus_latency,4W/zgdl7ZpLMJsQY0aBe0FNm/wn8QyxJUyazxI+/FOw=,1029.0
consensus_latency,+pBBkCK1ZnUdKZ34kHzHJfigvcumCRwhYNxY6dD0kN4=,1029.0
consensus_latency,sLnD9jlBG/uIpKFza5m0ZmQc9nSR1tNXy1f9uJ6oCrk=,1039.0
consensus_latency,6FYfcS9hvrwHkQbUhVjmjOozGItH1HOdWJ8qtI1PLuo=,1039.0
consensus_latency,/dNqLnqp4zZ4H4wVnolL5mmjaU2/+EtlzNVh8ASB7h0=,1039.0
consensus_latency,/ulcStyqCiCwcD553fosWexa66NoeNnVcV+aDkUshqg=,1039.0
consensus_latency,c5q5ykWMikjzmKCWKH31piZ62XDiBh3Djc6nb0gZ8NA=,1045.0
consensus_latency,m9/Wd6XxLwqysDOfRAPr/nxHE3hT05ENZhR+YDW/khk=,1045.0
consensus_latency,ql+Ix9JsuE0kdWXBgg5s3QLAbpbRrylq6glQ1b8nn50=,1045.0
consensus_latency,z0AxK+aQfV6UYIArOegFD52TCRGNZTu9Hp2KesuqSNQ=,1045.0
consensus_latency,ABzkU1Zdmh8DjCGjWdtskKD5Ewd9DJt8kQEuZqGEusk=,1045.0
consensus_latency,levd9lgP5lcAGlUocmilRUdlBEQm9nBNtoNbJg1l1Gc=,1045.0
consensus_latency,ulUgDhKjHdzvcZUGEHpkpLRl8FBf2vduYbQJ+2bhl4c=,1045.0
consensus_latency,xHSimfWkiUgWhDlibRsFDZODeW2oNPYBa3w0SPDRVAI=,1045.0
consensus_latency,3Avtm+snxDNPLhu7MDBrdK12qgdkNmPyeFMBXDvJh0c=,1045.0
consensus_latency,YX6fAj6owgnQjCLGD6NpHSB0/cHxjh5XwL11JrHCh0U=,1029.0
consensus_latency,ctGtF33XFPWMc/aLlbQ5qsPyaRhHvKrnttgvBI4HL1c=,1029.0
consensus_latency,tSO0f8DV0+Z5Y++KJlfWQ+G5iwV5YQR6oFA4VLHBAC0=,1029.0
consensus_latency,8jLCTl0wDoZEAahE6fXJPRjwjtiRxtNYm2LUIv+ltrw=,1029.0
consensus_latency,R0rMQY1dzZhjUP6ITZAP3GSjxb4jsgrgLRXFkiv3L8g=,1049.0
consensus_latency,pICqtxY7MXNW3nyYd+6iQ5dbkYwrU6zQ3wFEu9CN1ts=,1049.0
consensus_latency,pmzCNeatjnFkNkzumUHgIY3g+AaMVKObs4l56c2iTAw=,1049.0
consensus_latency,73LP4/uEYWfvAyx++6FGyVg1XSPm1mTUSxapGZ2AOqI=,1049.0
consensus_latency,hmi5rvmxl9tLNKTO6+j27NqVHxE83uCEN3c/BjGMyu0=,1046.0
consensus_latency,k1yyS1cx72JxF6vVqSDgX1VAoORnDcsniFLZMt0hTxk=,1046.0
consensus_latency,okllqXrXEeoIT+fs+tS1lyGsETx5EwQbgPDoM0nfKbk=,1046.0
consensus_latency,vpw9wESWjYtFJg3O3JP+R+KMO/x8qZ9y+krPe8I6uls=,1046.0
consensus_latency,7g6I0XTMSX5l0iataV48wQtrx8rdS13DWlzMTmrtz3M=,1046.0
consensus_latency,I2MopF16/uL8NXA2hNHGzVE801vXdSQ6mG/e9R3gmXw=,1044.0
consensus_latency,VXN58UxmNX8VGDXjJbjWDyc4/llM5/axJt76eNsfvGI=,1044.0
consensus_latency,0xwEANUsoaFhCM1iQU0spTfyHBRwwpY61nvXpwAwLOA=,1044.0
consensus_latency,9ijfmzwijFNPAq+berVjQGZIRWtENkk5tpOZUnI+ZsM=,1044.0
consensus_latency,OIdnurKG/EbPSgXKtWhIsYDsSp47VjZkye5Nyu0xBtI=,815.0
consensus_latency,puxG0fDDDHlWjmMhlATvpR44lyLiXqbg/OL1r/j351c=,815.0
consensus_latency,qQJ7JBrrI1+WS5wk39jltwGanKO9Amg/i8SynO/SF8Y=,815.0
consensus_latency,TUdSxxfF2njxYGd701RNnsstvwHC4HO5NMh34yBTqag=,865.0
consensus_latency,dE0EM+o573FkEFn8g8kgxwSAeUAadIg9rMxngpqRkKg=,865.0
consensus_latency,hnyoRlF5kWyYGQvuqf3sVraKkVCxGPFTcWOGXjMCrNQ=,865.0
consensus_latency,iTZm0AIHnlwt4hgMcn5UihkrDt5NPmVOJUrg6LtCfOU=,865.0
consensus_latency,N/GKuvpyRLIX3VMI4CnyBYcJfQw1jt9pO3/+L9CrLNQ=,869.0
consensus_latency,bq+FyRepaMEklH7CyyAYoT+FCtPHpfMhhmLP2G8uegk=,869.0
consensus_latency,qnSN+IuL5adyR9mY515JFHwKXpAhcEQvd6o9q7yGl90=,869.0
consensus_latency,1/dn8aJYcMmyUnwylhwF27S0huDthWUS6O7zd/PCxH4=,869.0
consensus_latency,AxhKM2lzhfyGPOxQHiwd0jFdRUpOYlQpA3x8tk1w+Ec=,868.0
consensus_latency,NBIcsHQJvJRAzxymhFbFE834xjiaqMjOfvEeYgwdDKk=,868.0
consensus_latency,SULE2ex5DoPblXquIddpO0npHtzy41tVRZGboyYLZMM=,868.0
consensus_latency,1682hs1uQcaIk0YUGj4VPtkBQNjfg6CFBNtSQC0jong=,868.0
consensus_latency,ccGio15kY95GXH6cWrBICTao13zZjdjL6iIoAx5JHp8=,867.0
consensus_latency,pE1ZsWospzQT/wAJmxf808jWwJFRVcoeWMTZNebFSRI=,867.0
consensus_latency,2KNHt7THyEX+ZZCBNrKv8ww+g1twHmUO1o8ewcPta9U=,867.0
consensus_latency,678/dhCjt8TT7XfU1BYYicXzrAXrYogkkUuBm07kIzQ=,867.0
consensus_latency,I+1Imj1/lSqfHi9rvd/fnX3brAwecH8lPcBfsZ4ge98=,818.0
consensus_latency,pFfvyaVDLLQ1tGRDa7eoYqIBOR3xOQvKT2P9ega5Ih0=,818.0
consensus_latency,vRYuC8ATasmIN14STDWOitkZvgn7mDP9m88maQc4MZg=,818.0
consensus_latency,/6AopRoyr1iyNa27iJ35wgs0UaPNNVa1NZ8+z2cFXTg=,818.0
consensus_latency,PmtuS4/Em9iJahDMUjrBBvfPbCdd5KPmTxbGrR6ZEg0=,865.0
consensus_latency,Yd1kyRa5Vw3N5HJwelAnhIVw4LC5ORQSWgpelXPZgXI=,865.0
consensus_latency,r8zQ1m6odUyZ2KyR2snN0rhlI4iTb+MXzYl1WMnmr3g=,865.0
consensus_latency,6OW+3LlgcvMNtyCaRL1k3H40KBtuQ2f709BQdpcX4Zk=,865.0
consensus_latency,W37chphPEs592NC2vwiTpmwYt9q/te2o1EseeFNaS4g=,815.0
consensus_latency,lTffcfG9VQuqqzGnvL4ykiwoj9WazXrWCusW3qQ5YdU=,815.0
consensus_latency,mltxbpUlwB2JXBe48orQtAhpUvFp4+qw0j0hJdmOP8E=,815.0
consensus_latency,x+dFd5/msqrk9lYTwiYrSgCsZt2QtSYKRfaSGQaiMwA=,815.0
consensus_latency,K4Vbq+O9z5qg3tewDO9pmrH9wd/okf9KDGuJCthUMuc=,784.0
consensus_latency,rAdnuREt9dNMOAWIQjpBxd/e75Roe2MP9yAN2ypGMt4=,784.0
consensus_latency,yQmLO0Ii4elTIwQuTJynvws68HFe6NZtKO5cYn655EI=,784.0
consensus_latency,9dIU1JAuq+kl1iW55wTcnfbNQA8WAs0xnp5z3DMo8pg=,784.0
consensus_latency,NhRo5jzMlysdz9fuTng/hj2RckY6iR0qel6YBh3JE34=,785.0
consensus_latency,PC9HsuhrvBXqXIzQLN+KSKGdHsa7AdRrmQimro6IEZs=,785.0
consensus_latency,YV/kBdbmlPVn23j9paZ1I5RWPzEGH/rDzszWAdKNRcw=,785.0
consensus_latency,xW1rqjIEOD2RdaS7ZGhrc+4GpgH847DrbzhZLEyK6Xs=,785.0
consensus_latency,58HCEXKGev0etU30h15S4LnO7irQ6CbTE5XiIzfs0Sw=,785.0
consensus_latency,BSOpbuowmeQrGOPwaQ7Sy45jgIMywwqkz0uaOLoI3Jk=,784.0
consensus_latency,QwrIfO81LmG7xHUSOReyNWUq/6DL9SXEN6Ema/FgSHU=,784.0
consensus_latency,h80mW9OT77Aawsw1D545je/QfUK0CSCMMd4bPoFtt9A=,784.0
consensus_latency,+p3QcfcFxpv3ECHKY90SUsThCT2ZHaK3SRVJnoZ7+jU=,784.0
consensus_latency,KOl+LCys6ZZ1IpgzzMMzdexIRpTojNj9UevHCE5aOqU=,787.0
consensus_latency,ZNT2/W757KW/w6G7YY9QrSBg5Wt5WudTIYwR4gYXdH4=,786.0
consensus_latency,yDGixL7lkLa7fATlJNotMAFVVbtL9yfAUoaIGqVVyus=,786.0
consensus_latency,zKMEIgg6ohZOi+025FJIxtrgQnX6pIDWUp/U7Qbx4Sk=,786.0
consensus_latency,PHQnLx47hgbrgXniK7of9dzhe9WvWxTwsFZllZWLzgo=,786.0
consensus_latency,ioGCt+ErmJEbs9Yum5vu6SYM8ZcHvi13SGjx1YOTMRk=,786.0
consensus_latency,kuTeXDhrRBGn1jv0WDwvujt0XxPgGTtalDiFK7oumpo=,786.0
consensus_latency,rPnSeyJ1H7uQhKxSWamulGeDyQ8Dtbq2z+kVpNl0Hwo=,786.0
consensus_latency,v95r4LcBRgxmkcqXwvlXKdI9Xl4n+87OtlQ45C1k1t0=,786.0
consensus_latency,MDVUGxvS160lP1gfwVkuNrPfHTrrCRD8p4xMgqe0FCM=,814.0
consensus_latency,h49bKfN8L15uVQTozzx1+In62006JoChgh8EDNQDsfs=,814.0
consensus_latency,h61y4jrd+C5/ZBwG79EJU6NUKMPQoKnyFlC+h95PmSs=,814.0
consensus_latency,oIUZTJqzkrFUjiReK9l10pZD/h849cC9S5KjmpazS5M=,814.0
consensus_latency,0Vih7ARZ0oNnAm7QvMVoFncYNYe/TttA90FSf3NaQn0=,814.0
consensus_latency,5mPdXglFQz/tp7CXDzKthdf/HMRwBN4T7749SuMkX0A=,814.0
consensus_latency,A8of/WFBrRnyiIrckvVsiF0sLNoXHxbk6n/XlSC+xjo=,783.0
consensus_latency,F2EGsXUPyCC9FDXFOppRr6DKHHWAiOyfDoPF3ceeqd4=,783.0
consensus_latency,GOU8/Grpa3ppjdRB7QxD/yaueqROvECXxWTvz8ZIaDI=,783.0
consensus_latency,1eogf7cJ3/IdpQOL27XkTZ5Gj5cg8il2QewZJG+TN44=,783.0
consensus_latency,FjYjl1HLrcmdwvud1JwiCsAGoIEDrdoUxEdeJMqVRn0=,558.0
consensus_latency,c26SRPAfS6cNaz2YOB0ZpB1YS9yd1MEecw9Vd1WwPT8=,558.0
consensus_latency,yeR6NgShgXFhlQ6FxlTIq2uiraG3eAlALD6pmGqeWNU=,558.0
consensus_latency,5t8zrJquftOcEt4QbB/zyqX80fBtrcZICbRuwZAav+Y=,558.0
consensus_latency,I2PLV3bfE9aFj7DATqQ387HAk/nAqAaIIiGxGsuNFzk=,3779.0
consensus_latency,QJ7nFby2npfMWjY3VPaO5gXjuB/dFmFVNc7tMm1PVuw=,3779.0
consensus_latency,xhNWH3o/XH85/TQJx/lsXLmvKtnBNum7HFe17gVxO20=,3779.0
consensus_latency,zl12jGLv4X8kMsJO1/FNT5UzvJk1skEvzQtbvDTtJqU=,3779.0
consensus_latency,h43BL0VEXrHaFsj1O/018xl1IK4vUzuCyg9qsTFwje4=,1708.0
consensus_latency,2Wj/JQhwNYafbovArMfFmG991N1/rI2LmptnrZIP4JM=,1708.0
consensus_latency,4nLgPqVrZmOHOtIzaL3c90oom2Paj5CBvcFAs/ZaT1g=,1708.0
consensus_latency,7HfsDrNiZqUH5yIjz7fsKHRHJGjP78TJATOpuz3j61M=,1708.0
consensus_latency,K2tkzHLxNnd+FtK7yc4cU6lk0Hbt80p+IVSQMlAHeK8=,1709.0
consensus_latency,o4AROX+mvo0au6qXCTzdODUw85ic07hDzx+hLFLaobw=,1709.0
consensus_latency,t7Pkw4tZwsggT+9bQBcGu77MtAUo7wqGTWHkcdnBE5k=,1709.0
consensus_latency,z1qkzIg/zFBGHWZwiDpWhDno61Hwr/6fFA59a/mziWE=,1709.0
consensus_latency,HzUYpyGSJMrENHb2JOTXZquQg3HZm1ZSzdvsk5pJhOY=,1464.0
consensus_latency,R1MZ/zurPwzy5gVpSjfFIYv69Z9UnoY27kNFcJjyjg0=,1464.0
consensus_latency,R6NWGrTHkXKgOqGhkJZiZjEr7B2cbbzMSoxZc1j6yhU=,1464.0
consensus_latency,4I2UJoQDkeIiQ/fBHw7waZ0tOJnny88Oa0CDpQcxUX8=,1464.0
consensus_latency,4uLUgThFp7AhP01G2nlaQyPPMhxAkTS+0oCg9L4uwJI=,1464.0
consensus_latency,SZ/KF/GH7QmuYxNGqVRe3K/6zgLo+ZvAMMw6874R7+c=,1464.0
consensus_latency,pOAsgRyyslmWqF0HkZkZViEYbw826Ve/QNr+ZMT5x2I=,1464.0
consensus_latency,tO99Or+JYZJUrvKnoX34TRlLnd04bHasMcSY+CbUdyE=,1464.0
consensus_latency,4GWbpGstrhgAthQY9PLDJ4BsfYeFnoGBY0wMUx1xKr4=,1464.0
consensus_latency,ScZ12Z9eRz3oh+5I+11HJSUxWYOEThTPTMeP27dZO7k=,1460.0
consensus_latency,qD9usSx0rFo4wXWi3czlAR7vHvcYxPTVqCAB6Bv+PSE=,1460.0
consensus_latency,yZmdsBKCcsRn9enJ8GgaYHrAvqxaDKIt5xk0WePoS8o=,1460.0
consensus_latency,6p47+tYS/oC+YXeo59cLXqkgVElWAxPO529CWfM9G60=,1460.0
consensus_latency,VUphU0FtkCCwaYavZdF12JbVPxUVihRr7RpuWzMDFc0=,1455.0
consensus_latency,dzq519dmKz0MHzz00lqc/cDsrwB37VhCPa9bw2uZTSw=,1455.0
consensus_latency,h3IDjhsRr4bLC05dRyzSNG+SOPn1RPTqwGhnzsDp0ss=,1455.0
consensus_latency,vsLyc6H2geX49tFxGofLXY4NTnifQm7sE44sk99RpFk=,1455.0
consensus_latency,5SexdajS7/qLuagJHWVnwl0e9Cf3IwAt2FvJVAF4FlI=,1455.0
consensus_latency,8LNS8/XT+y1rVxk3bzdLJSYpTL6PbFIilpVyb/GdC5A=,1455.0
consensus_latency,GRieu1Q1iEHbdZQZ6qUONofxJrFSOTW7GjKNt7+JSPk=,1460.0
consensus_latency,Isvwp/O7VYZZYXXxDU8q/MPOJkKUoGZEfq0V5GrHG1o=,1460.0
consensus_latency,U4eFrcRfx5tHuYtkUmB8KuH1oE8jxq7fEqulUkhohrg=,1460.0
consensus_latency,cQdEH1KE6/+1gzHVXBECnV9WHdncs5IZapNZUYBy1oE=,1460.0
consensus_latency,NfpIj4xayzeCISx/kMWxE9sKI5HFVEnf2ifEP95yQRo=,1462.0
consensus_latency,O0jD2ANbeOOszHDxkv/tRtb4j6vQHtvbAFxob+QAbno=,1462.0
consensus_latency,SZPG2GqryGZyjGRplhlqCuQ3wVvOcQS8XtBl7H1ptVs=,1461.0
consensus_latency,fgTO7rhqpWCBSuVGHB4Fi1UDdzxMXRUQHSiyKSlNo9M=,1461.0
consensus_latency,BNRzQZQg3cDbW06OcEzfpoDVEXE9TDtQBlfbrlRpu8o=,1455.0
consensus_latency,BxXpZVVpFBpKZwlTGvcjLdLWWb74jTZh477X5h7Qy3w=,1455.0
consensus_latency,JfHYZw63SlMSEJXQSMucGqhh8aG2pQZMjsxfoyIcHpg=,1455.0
consensus_latency,5lpuNG0Ac81N4R6MNwI7gHIKb+lc5fkcPuh0/ilVpSM=,1455.0
consensus_latency,RO+Ut8t9wyAhJFE1U0H1EnhQTKj/a4E7GH+CETdoZig=,1459.0
consensus_latency,TagfsqBXzmuZ2acErrGA/Tiis2PZuH7+Bxw3sro8T5Q=,1459.0
consensus_latency,ymy4p4aWiZZaSpSP50gMBVTvBcJS1dV+2OUnGkwVKDQ=,1459.0
consensus_latency,8Shqy1R50vXt280UtDjrG8MYOJATBFe3x0FmEoh9o3k=,1459.0
consensus_latency,RF3iJE4OJyCyUzVZI+KG4DU/9fOTKrdDBry0/L7Y2dk=,1279.0
consensus_latency,T4yuaS4PAyPMwTvjfWaTZrWbQitqMngUnV1JM3bgNu0=,1279.0
consensus_latency,i28arpHdV2920qXhl8CsOfNIeJU1TRhpDLAm7nItoUw=,1279.0
consensus_latency,9cGKgI81Za9WZQOMbTY0VDqCnnDgaYTCwCw4no7GZnc=,1279.0
consensus_latency,W4Ur2EktbJqfYc4qfAr16nHvm7S6vcFYy+0p8CX8Ulk=,1278.0
consensus_latency,gDzGaUq5J5HB5DB+X0Qb4s34S8c+v6n898ptjQZZsRQ=,1278.0
consensus_latency,upAP8nwaFkrSBfgzVSE6IREBupdOV774xI8ZLuGYjKo=,1278.0
consensus_latency,vUDFGKD0YC7b1RdlZagQNtYQsiGKftkBQGn4QNbqCKQ=,1278.0
consensus_latency,4rQFwk3sACxA6OVURtXdsfykWr2ktUe9D4pqu/wC13M=,1278.0
consensus_latency,FN/cxVblQYgbK5Pmc/pu8wVbD5HtPZ1U8gX6npKV3vM=,1238.0
consensus_latency,bSMZSWphceD8z/sPCZYNCCgzadfCSP8E7ndH8mLn8w4=,1238.0
consensus_latency,orwqmTmRP8EzF99ZWp5nbqawrQoPh8+RJ82ZL2RV8xE=,1238.0
consensus_latency,rygc9f3hOYhwxgbKZKubXcn9BwTe/BhGTsrdkjueaS8=,1238.0
consensus_latency,yB59i5/43cbYw3hmLaaTFo/cFmK8Su9bbqAGCvmdrHo=,1238.0
consensus_latency,1uLXINvWVL7yjd0wtJp/NWevNjlKrlwbhioJflZyT5g=,1237.0
consensus_latency,HLVtG9p2HIRl6Mb52VycYJrLKreHmsPeRb5pgGh007E=,1280.0
consensus_latency,sXYHjwX2+fBXpc9sIxDV0e9St2OSAA7EajpKLhXKcbw=,1280.0
consensus_latency,6eSFdYgdYERdOzy4BukHf5tQ6LR4ThyLZTuqs0xwYEQ=,1280.0
consensus_latency,+8UdlPEiXbv3LyFZ1dwyp/ZmRpb/Sh80HhINc3yA5uI=,1280.0
consensus_latency,EUv8p3shZf4CORe0isNES9H53nDJSRt7wB+IasII2rg=,1233.0
consensus_latency,Q4KDiWKbVB1HxkH/i31BS4zHpLMcGj79bpDBScoy+yo=,1233.0
consensus_latency,mK3RUQnslW+bwPgbhpm5HaYwJJWRcPiIbTR2EggL2Vs=,1233.0
consensus_latency,zGqBmDJtQ9PtRtJRbtZeJ3QpLXqb2ANjsnWF/6SKa58=,1233.0
consensus_latency,6NR+2yhHWeFhQ9aNGgXs22sqy40waQW/ZhoUhzC3DCc=,1233.0
consensus_latency,7uh7TtnsyJENKBos136fNDcMWawTSC5A5to/LQMfsss=,1233.0
consensus_latency,HMFYtd3EK99gt/SCg0UqF2eoy1AHO2w0K/aQvJLzJsU=,1238.0
consensus_latency,OsSmYx0+IomuFMPNXeWG8wjkR5qRmWEWQggYGLpltT4=,1238.0
consensus_latency,O9PryIe7dN2Q89iNpOm3Z2rOto50aukOVJWJ6zNNBMw=,1238.0
consensus_latency,RuxSgvPk1MomlZu6sJBY6JS3AviqPWfLbIjIUBWTgb0=,1238.0
consensus_latency,zDPNpF/8fmoCK6K0CySLITPWDrSo2gsxHqDzJ0BSrKE=,1238.0
consensus_latency,1F4/pStaSTe+UyClZtB9Lz7JGTQylsP4gF5Uquac0YI=,1238.0
consensus_latency,OVj9rVd2Dsnngu+RPeY/wcD8DspfRZ3OS+kBPcveszE=,1277.0
consensus_latency,WNsH4ueaptsBD8Mdxj/XnDgsqc3kDOPD8kbSeK24zJ8=,1277.0
consensus_latency,iMLYB8+KS4sejBQJRkC9Tz7RndipIopmaaSbDIcUP64=,1277.0
consensus_latency,nYBhhzqwAfSWiyeWpDEO73W5hE7IXSibljZGAR/TKtw=,1277.0
consensus_latency,V8cTVhoC5GuvnKwCvBKq6ki0L1pekdhrfQdacMAv7a0=,1277.0
consensus_latency,n27lrklo4mAobIts7XubDcMZlVbogHTJ6cU9Vsvxo60=,1277.0
consensus_latency,sAgUEJnOPMz8rkp38OFzpVsvAGKtgrH3v0aKaDXZkZo=,1277.0
consensus_latency,4oBVJLPTnQT/2G64GhzKOqCFkx+17+6FUBLdxGgsv7s=,1277.0
consensus_latency,9otHvkyJ3A0w1CrBDbMKG17t4nf6lLjlT+CHyJMAxYw=,1277.0
consensus_latency,DkXD82jrXGIDUKQzveXyNLf3yW6osuTKv6fu8ZML698=,1210.0
consensus_latency,hSQ1Rrsf8dD6etWVNF6W9ZHk5coRCHl29xeWnnl304I=,1210.0
consensus_latency,rhSbrOIGYdoUuS/nWV7RmCj9Y4dbC1VqwqN+DRNN3Nc=,1210.0
consensus_latency,9UIgOyj8A1UOzLtanDxD6jay3tVKq4PR5+mM7Ure8/U=,1211.0
consensus_latency,LWsWFXZTmtfTX5+T/F2f8hXoBBGmzB/vZBhnB+YjUTQ=,1227.0
consensus_latency,UNpgw0buDPcqpiVkMA5awnM5mSSicHfKUEMeu5nwlmg=,1227.0
consensus_latency,2JohJClBO5ujflVqfl0/IwZfvPwdz759EUiAuu3B72Q=,1227.0
consensus_latency,2qOqSY565gMCdObIZ2JFBaDisqkV3MBwNaKEXupua7U=,1227.0
consensus_latency,F3UEZAce7Mj58aJL8rl9QqAnP7G//G5HL4KCSmfL7f8=,1216.0
consensus_latency,Gra1lCD+ZVKtGjVoamHAN8dPGghUmiOLj9ObAyH6Mlo=,1216.0
consensus_latency,N2BmoPKvXABq8lAol1eA/tq0eXKsAn6kza54lJTeDwA=,1216.0
consensus_latency,p8FHkzYBbY3IHLmC3VxsoMHuXFmcsEGK5uul9F1dSZU=,1216.0
consensus_latency,3DujVCHxiM2FfntoJzCuBX3/1j3fTFt7HebyAEbaK1U=,1216.0
consensus_latency,ayJq17hUaXdM7l3dVRxopSIBm4JMeErJLVBAadcp+3o=,1224.0
consensus_latency,seEFdDJ0X3pkEz8GaFMjYIw8lZVx7Y/DL6wnSC7ag/E=,1224.0
consensus_latency,u5M8MvrWwVUCMDwLQAY20O2xinaDduduG/ibTzp0LIw=,1224.0
consensus_latency,4OMM5/MYTXWkokBNxSBHnGNgmBKL5EQwiSbF7z0D3pU=,1224.0
consensus_latency,8V38NojGCsMk/v/o6jgBcEfOXWAVKBCS4R13+Hf/ULc=,1224.0
consensus_latency,US/uYRJnAYOgoHa7X4SM4yyyfw5Py1UV7jHa++GwT4k=,1211.0
consensus_latency,WEhw8wmg5iFdqEzbKMNqPtKJHZ+vTDgFBIMn8LF7DqI=,1211.0
consensus_latency,apMbV4Xe0kaaxZKfgPlJvxWvuxmAO/LtVCoAolq2AuE=,1211.0
consensus_latency,cG6PXV1yjeQ3CopWZRDhRRG4oxqN4yP5SrWrQuHDtwE=,1211.0
consensus_latency,pnFx3V1IN87/1ooFZbWwvTif4wsiQ3Hc4M770WCgX54=,1211.0
consensus_latency,uMjDc/pMmZ5qB5ZnJkln+xliXJ4i9ppgzw2h4HS71DM=,1211.0
consensus_latency,EenjoEocHy+QMxoanqFlpBqFMBKacsFbHqmectRpR5s=,1222.0
consensus_latency,FzJy4BJAaYgEVf8x48EAryx1Bt/4IKfwf23ek7XUrzQ=,1221.0
consensus_latency,GcInfk+FMWZnWqfKyqwwyBLp5b66mCIbKG8DlPUBGp0=,1221.0
consensus_latency,JrTZDpkrHbwMvawuEEnxEAqAYzwGgLSybvCRjozO3OM=,1221.0
consensus_latency,8rBQtr4LwGXG5hxcNdHWls7U8LV/IiD/iVZhSiCQth0=,1221.0
consensus_latency,HlhjaR463HMmy1Pfl/eS+EkYJHdQiucI2MrC23RaN7Q=,1213.0
consensus_latency,VzY5qyUgtZjPm1d0xcHnzpNhKu1dSfk7d3xFjQ74ZP0=,1213.0
consensus_latency,dV4puspaNsO0iK4qjMLU99VsY27eqL1oz6tJ7VJGFmI=,1213.0
consensus_latency,pjBhPvFLJWBsHQ7/bngWk0hGT/ytRVqy+GdxIRk4rJU=,1213.0
consensus_latency,7UFQzgEFdlEBwTmr1Hw1oAXIP3gx9v7RhHhXSwddvJ4=,1213.0
consensus_latency,JhSfTxiRK9Tpd8RGk5ZGsEJQxexSjeGhN5IYnPI7FeA=,1212.0
consensus_latency,bHHv1ILuetXDcheDHTLbt76yAJAVo2zMoRn2KzBe9kM=,1212.0
consensus_latency,b1I9aLQIUVgDmIM2MtE9dHxePXGoZeQ41uv+ye2yd3o=,1212.0
consensus_latency,hGZuxbyr284TIgoZSKpv6qoYq9y68X5L9Vu2/QjAlCw=,1212.0
consensus_latency,0N/veMrBebDBFP50ltNEgXCniutiBOVFknHChHpJrQY=,1212.0
consensus_latency,QQUFa4+bApm81cgwjFeCYCxO8QwwVyutGZePVsBoFbY=,1212.0
consensus_latency,u9jwA77PS1EpF+aVMFsgZu7veV9umXIwRTuFFGUADQU=,1212.0
consensus_latency,71e4YgIIb+pp/eID2fi/SciFTm9XKcme+bVvhLRvHN8=,1212.0
consensus_latency,9idGsdeddsBGG0yXnhrkH5hdCD29uyC78r6+OgRhiHQ=,1212.0
consensus_latency,YRdoIL4JBtHdmzQglyJBju4jEJQ+c/iD+26UJ6tL8fs=,980.0
consensus_latency,dT0UctyO7lPWOdt0lf0FYT1zkZe08crokKwNM9EsZgM=,980.0
consensus_latency,fuKqNGubwTqxHDOTVwP4Dh/9hYCxrF1YrbxidC5CfsQ=,980.0
consensus_latency,90oytXGCL8OAQr8AZzAa3Sm0fl24zDpRaooyWEZytDk=,980.0
consensus_latency,ZLD+8sxQxhffpCwdRcAPBpnzkydDbiD2MBuRVW7wH94=,981.0
consensus_latency,hO0+JbDSSgRv0qrmFr32uY/m82s2WLU9PHTnq+dJqCE=,981.0
consensus_latency,l1wF/H+ACn02kUzUBxDCsQ8y7u1TF6He1fyfIumSZrE=,981.0
consensus_latency,m7Z1ValhUXzQr8YxoUyG+lzv79E06ZjNyH/eKoV5jh8=,981.0
consensus_latency,E+FX1jQo+XUQXSJUWoIQDS4sQq2KcZxf0oFiW/+E/uA=,980.0
consensus_latency,Qz0VcZ4PqOPHswVtMaH/0j2Np3IR5Gfz8hWMv+m60fE=,980.0
consensus_latency,8l0G61ZR4TnphwLVWP9lLEoWoOGlM3DHV9oCoqIZnXU=,980.0
consensus_latency,+Tr5ctUmfhb5XTCNS0yJNi0REEEaArlB0glmMVsRvIw=,980.0
consensus_latency,ROLdZ+J+7NUqaTfkIyQJDZl9IBtqNK5+svhCfoPYpLg=,981.0
consensus_latency,bIImEmsGbBsfN6LRvjR+tKb0g38XLzaJj50Dnl9LEEI=,981.0
consensus_latency,ey8CyPQW66oE8DdOCiinPb+BpmTIedf3iOXOE7kimD0=,981.0
consensus_latency,suCy3yB0mVdd0OetvtNu1fzp5iCt23wMpixSfSfOty0=,981.0
consensus_latency,NVHY/7ZUqJdq1dJG5QB5m9BcHTHGJpNooEIQW5u9R8g=,984.0
consensus_latency,W/a9/X3D4VmaFhJ5K5/dKbKwTRHZGnwe8VVak3mVKEY=,984.0
consensus_latency,prG6eOft9kWJPXGfbI6WAauOmXEoWQG28lyXwnvoEf4=,984.0
consensus_latency,w6IswFZQpavTWCuooXOEiMviW3pZf3+5k5uO5UXF1kE=,984.0
consensus_latency,ACVC7cFrwoyr1EJseAKDfWlgJX9KsL4LEM+6oDAbmFs=,979.0
consensus_latency,WrAZr6QzTs44ZKxIydXuAP25ISbeU0XSPmnDi1JpL1E=,979.0
consensus_latency,er/bMc2ol0+siWXitDwkqoWdlkG6coW+MvlugEDRK/Y=,979.0
consensus_latency,q9DJcylvH0WwWKlr5UKFF99LOfGPilVlU/lpbF84ChQ=,979.0
consensus_latency,DgmHfWRnUp+MIf94gO2wyNf6kjdFx6OCkhGtmCAWgoI=,992.0
consensus_latency,G6svNsK3xxSnLe80/pY4vTNrGlcryfhvTHtzoEfJo74=,992.0
consensus_latency,eOJfEUeafeDSdbfgITVuCR9wmUS24uLv/yYEKEdpcpM=,992.0
consensus_latency,nnkxNEG09KvRxJgt7p12MmSL37vkqD/JeTQlk9A43jo=,992.0
consensus_latency,7cem0pBPacVKrtX4eID3CTecV4f5z8cKfsVIrl4ziZI=,992.0
consensus_latency,+QKudXGNJxl53QZ83Tu1qVXw9RKNiii3dmRP6jSGsEo=,992.0
consensus_latency,MbazYpmr+CaLIp5vzd50cwvAkf1uURSb81Yd45Vu7Tg=,987.0
consensus_latency,WhaHUm9FW73RpYdx3YbPKOzvSTvxUK1dHAtlle0VJN4=,987.0
consensus_latency,X7vBvSZivK90W9B8jlBuaIK5PTEpaCwbh/Nj8u7gxgw=,987.0
consensus_latency,bV5W2mUreJn+o/h068Ti4pvJwEq1lViGzuOmsMwF+WY=,987.0
consensus_latency,umiD4XNOhsYLCBTs47FhuoVDQm+shoa65T2V/PYKdz0=,987.0
consensus_latency,Ec41jY+I5heplKa+dU3oLpzHga6FqxzwRuuqUYVfM28=,985.0
consensus_latency,m0/bzMw3Zer+bvF+DWXp13HCQOagDFWeuMnL7mvYNRs=,985.0
consensus_latency,zRm71XDUU+5Ra2aw4JPJEraa+kj7wzDOqENL51AmkMQ=,985.0
consensus_latency,4VfsJAlGVFjY66HJz1MVL2W+7vLh386ziqcJJWuV6H8=,985.0
consensus_latency,GOSnctjNwCqHz3kFmVcFPy9E23TsfiPrbLADQUpbSYw=,798.0
consensus_latency,YzP19TRNur54rF+Jh3bMJ4qncen6fheC77zVjiFDn08=,798.0
consensus_latency,ZNl6bdqFyynzzWs0cQkiDzqFnNuWcLD2R9wgsH6Nha8=,798.0
consensus_latency,u8cW3TdgOulC9RjyQBcQPUK0sR+dcZHyvhtoIehJpIg=,798.0
consensus_latency,CP5jEkVGwVjU5GIbjA+QsIoQ5A7B5zzPqXIk/9zKdgs=,797.0
consensus_latency,KnwteF62cSKr2WmYr+ICAEAaZBytr/pQt71rqvRQl8A=,797.0
consensus_latency,YPJMJ96Md+viIxEq4f8spOuVsrzbDzt/GKAyy6h521s=,797.0
consensus_latency,hfkGXoo1sWudq1W8YB7lYxcgY17zaASC9OGYZgebKC4=,797.0
consensus_latency,mmhSTFyuVsEy+/WqxtT7stzrR/CW2QBqXGrFB0SGJ70=,797.0
consensus_latency,sl2TrP7l3ISymAW0/qWO4aGTT8cBt8gWh+fEJfhp9wI=,797.0
consensus_latency,KgNcwCXNxUtTFW8FCWx/TCEW9tkp6PatQ6DBAHLReE4=,758.0
consensus_latency,gWfQf531qXbQeD/BCI9FI6o6ig5w57vFJfzau4NXlbk=,758.0
consensus_latency,hB6G2nzRwT0rfTtF89ysRfNKF9iEHYXneZukSmjnltI=,758.0
consensus_latency,voalSJl1+IKdZ1vYlrCbpcZNh0bHKA0IEBwu5cOFVFY=,758.0
consensus_latency,zpVeyAQ3uq7639/L01MytQQATDY7rOLqiVUReDAyUKI=,758.0
consensus_latency,bIhMjJjYlVatTTVWR7mpiH8pQU5i6b09hcpSWDbPvsY=,756.0
consensus_latency,h/K5roh9kCLfroWsDSabsQdOei7Kqzy2vJ+dj29bbfg=,756.0
consensus_latency,lKhgfZKvz/uPIPCMiKRn+qTR9V2feqVCZR+QeYHWiqE=,756.0
consensus_latency,lOoiKls1rgblgMRCUzP8oAz7mkmrOftOVOghfcPYQ4o=,756.0
consensus_latency,rPt4087qKzF6fvTeHKyw2EPrK9SeiofQeJntem7z8wE=,756.0
consensus_latency,Cl/+5HLlYIffgW5SQIkZavl3kZu9YtCuLJQok3+avyQ=,797.0
consensus_latency,Qz8+DaSLZosCebeGGZE8H6ellRTuvhA6+o/as4M1ZaU=,797.0
consensus_latency,XHFYhcyzPlq594CcTcxLTmivj2HLunFBnevtibTZmqE=,797.0
consensus_latency,k4mYuxO9h7/tzhdwKJ6GtDyRcVVysKmhYRPLs9DRIn4=,797.0
consensus_latency,3R8gWFlejsGaSbHBMYFJLb2qbqFDf6Inv8ZpKBvQDfM=,797.0
consensus_latency,9eBifm3D42W1bZl2VBq99lSGTFyN9XK0wpktc8+FLck=,797.0
consensus_latency,OhlBleNNydcvF9to4zyqn4nx5OD2++pxz4sC+KE5r8I=,759.0
consensus_latency,RTvtKmR9h8BeBOM6LvSezRRf20xs4d1q3nwhjjiKc5A=,759.0
consensus_latency,WWZ3iifTkhs6MfcfwA95tZKuMVsCBrNvTXvgj/a8OjY=,759.0
consensus_latency,j2imlb0kaxxKOTUM1TwIfuISW3X2uqwcWooCQnhcFa4=,759.0
consensus_latency,eCXGBxA5ycY2wh5djvL20/Yk78bJOYhJx2pmVAS8CRc=,797.0
consensus_latency,jhKXabZsDSD58Z07qkZThyZ0gZr8L+d7XTWPFQN5PtI=,797.0
consensus_latency,kfksll4Xa9PA/unSO9gVmF5C9sJx9hIfXEZ4x4bZWk4=,797.0
consensus_latency,qIKwcUkd2einY9UFrT3SfecdnZzjR1jwj4g0wA/ey0Q=,797.0
consensus_latency,uB3MwTIkAVRcvutNEwKlpbZllfGLCkvgiYrc4t+WE1s=,797.0
consensus_latency,OFmMixzfh+g2R9uaCgXNVKZSM+wcm6O9jX7A0Pk979g=,799.0
consensus_latency,Ss1OZAgl922FGWcps5SQwR1F/LaDOBHACCCQ2OLRU40=,799.0
consensus_latency,e83wxJryMo63WnwhLXAI1J5J+v2U3i4TKd9dmODOWPY=,799.0
consensus_latency,hT7Kzb0+zq0ng+ibeS+S4bDyK0lNX6qfmO+0zC5yvE4=,799.0
consensus_latency,uk1GzE86KsdM/gNOL3Ni3osj/+XKMtIhgLi3aVQG5/0=,799.0
consensus_latency,5XA4XajJaB11MC6fciO3GuJa3vxUMmn337KgGT6vhjc=,799.0
consensus_latency,F55N2R6nhFfWTM3wmtOCg9CHePQElsBOMy/l4ylmejk=,743.0
consensus_latency,M4UaeCKYzSb+bi7zmZvWhV9aQikbaU6xTITzHE/xFyQ=,743.0
consensus_latency,Qldev3ttBLCj79hD/F5A4K78m6vNqfZwS0udh6OU1O8=,743.0
consensus_latency,rf0ztZ/hnhmi58xCb6U4MOI8wo9pRMssQ4me67V7bXA=,743.0
consensus_latency,I+Dom55ZjSx8qVFoFyEhlvaqLbnHnMhFAYg+MuGmJqE=,738.0
consensus_latency,P02E2hKSQnd+Vi30/joajIjD/jozvbNa7BK61u7TFtE=,738.0
consensus_latency,VWFzuDrzrQekXKUVsBvFyXozA94fWcjm7zFtS9g3Bzs=,738.0
consensus_latency,V/xPO4/A2RDUwYGtSm6x1JRMyhIeEuolgWnMYcg9EPI=,738.0
consensus_latency,cuFwZKJijCYap/v/+qmX404z8Fz9j5LS58CYpTxJe68=,738.0
consensus_latency,CSvrSq4zTJ1NLhamJPlT/5BQhdvqd5p9CClKD3UZEc8=,739.0
consensus_latency,PRWxhk3w0txo3XaLFdprPC7TuZ0cqQJtye2sNgz2ERo=,739.0
consensus_latency,bEyha7S65PrN7cOTrNhyonvwAl/Aq5npLCS7v3ZYLvE=,739.0
consensus_latency,pFg6Vo5AenTdX9AtyOMPKce1x179QbuqIv0vuSKl9+w=,739.0
consensus_latency,w9tGjen2iSnExRRa9Mx4abiM16/+pOHBIYNaW9sf8WM=,738.0
consensus_latency,A09iJQRHsyExvvuCphlkBhk10LCXwRZhq9RscobJznE=,738.0
consensus_latency,Kk+sKNhQZ9Zq3vr/TS3Rb0K6SpW77uYTMvR760DTTyw=,737.0
consensus_latency,XzY9V8W6HasVMWrhW/7FjMlwtjj6yjpLyJHx/Iiu3s0=,737.0
consensus_latency,bxHL4t7qBENbwFhREh6dFNwhVmNnThmEWoBFlo8uNi8=,737.0
consensus_latency,xwYX2q+2f2sBFzf5Hr1F4tewMgyWHXMwwO1essxCZ2g=,737.0
consensus_latency,B1gg////fMspfwlYsgDl+VYN5vrXOWq4/SGqu5+ZuAY=,737.0
consensus_latency,D/sQyfgzNES24BgOcM4xlc6fwRXYgg88aWeF2QC3lNI=,737.0
consensus_latency,GqoUPbiBv0hHn0egO3d+C7/cGBjS118d44UzWhC57qA=,737.0
consensus_latency,U0j67z3kiKd1YdlrbmmsAXoZygbrNoaz3wljlSgeuGk=,737.0
consensus_latency,acjzVLfyKn9B3LbxzM1cxhh/nt5mRTnCGEyttj1KVLY=,737.0
consensus_latency,iVCgq9j6pgeCpR3246pVFhX6KPWC9rVOx5ck0peOW38=,737.0
consensus_latency,dxTdfRuOiAAFQ9AzUB3G7Tq1WoS/1IBA7n2oabSVJNM=,740.0
consensus_latency,pe9A98+fcmH0QM28p7VbGyWPaRzTMHCDpl+JefRSivk=,740.0
consensus_latency,s73s1EHYXsdkLFkGQW7IsjxMUR6mmIbU4rAtVk4GDTU=,740.0
consensus_latency,xrc7gM5QSsvI691rc0UQW8lyWmJxKW0P51uw4CFIs3s=,740.0
consensus_latency,3uNamDTundlk3QYLhLoMMkWRU7XbiUZ9LbInONc+kek=,740.0
consensus_latency,aQXKW7f9/WYwJTDu7tRpH561kUpL2Oo9QW4LHP+Ymwk=,739.0
consensus_latency,cFZpdAV/taxpecbMol1rkJ1CR9Uo8rWSJiZQhFZXrH8=,739.0
consensus_latency,g7hjZqOJj3mLhEyfXj0zjw7ylx5HVI7xy5mXvIxbvkE=,739.0
consensus_latency,mZrMXnENPkJ/1daPikm5RWreRyi5Qn/LLx+BgcuNlXA=,739.0
consensus_latency,qMyJrp7rFGDtTG8CE1mDDidMylszHLY0qZ3UmcG8qMk=,739.0
consensus_latency,ubnamBqeNIXPrIQjWvCc/qRjUTjf4r9dSQgvKlPbtcA=,739.0
consensus_latency,r30ECsn2JZNlUZShlj411+uz3oj5kgkP4916m8T0n74=,492.0
consensus_latency,7ehNxbKjZZt2Hk2yLgbnCIM6CCewt9pXGPTxfWuU4Xw=,492.0
consensus_latency,9HpFEiMMrVyujBUvwCeTURVXG/46HCJMfTTXlaVD7m8=,492.0
consensus_latency,9rx+AxZ6Ta6NvAh7/OaDcIgFfCswBdV+MQSa1IrEqkc=,492.0
consensus_latency,Q/Q8ItswJ9r+CBybQQyIr85X3dO30+vi8SG1Sx4zUKk=,1028.0
consensus_latency,egEsawo3yV64F/M7t11dfp6TWriRtJAYAf1qqlryfrs=,1028.0
consensus_latency,f74anZtbLjGURLeYfrek1IY7hjFGAzmJPVMg6kjOUqQ=,1028.0
consensus_latency,7iCpCF88kGD1kbkqRurNgxy2+FOSw9O0sqZJce7HDeI=,1028.0
consensus_latency,Pppap2XlTIqYqXXOzAyUQNVVeDUsKq1S8cKkeQM1Xgs=,1029.0
consensus_latency,efIEM5Ae+fZSvkswrpbU3zO5YDC8ZP0DdW6BY/VjjmI=,1029.0
consensus_latency,srTalFEV0NpBB4HDLxJxCf/r4yIntX6vCEkle1DxyVM=,1029.0
consensus_latency,1be1bI/KQrS6V/9TKY5Ce2u+8t6HKtrfrGGHVFbrxfQ=,1029.0
consensus_latency,JVOpAQo2xTt08BMwYGAFT8GpteEz0p8hLbimdZ4/wwA=,797.0
consensus_latency,LIQ19apTylVlvkdGicFqV8fsqJHlOWnYIjJ2FgoPUnI=,797.0
consensus_latency,dllaXsR9NxW6CTdST782uyrSD0P7Hc8b4XqrQIPOAdU=,797.0
consensus_latency,8rPoruaouvaoHT07ysI2y8CcePED/AbevJx4RO+S4Bg=,797.0
consensus_latency,MQPFZqWQ1K5CTmZOO9rBfOv2/ZAyuJPyg1sLSYNfOlw=,777.0
consensus_latency,QFQa6ZJagB90NCeuz1yXH7VLb+K9JiY5Q1ernux2LaI=,777.0
consensus_latency,e756SNZ4iBlxsCnO3vJYqhMZODjVaYvRodO6jItoV+0=,777.0
consensus_latency,np63UjhavzPgnw2eqZfkVc5CElZ8vg3ZRqjzYfnmWAI=,777.0
consensus_latency,/V9IeoHov9pU7tnrkYDLriN+76H0m9EzchI5Fe5bAOk=,777.0
consensus_latency,BMdFQJwe6CYAqxftXyJ5Wtzj+7miwZPcjNwE9JB6IyE=,795.0
consensus_latency,YEWYzZXEW31lkyrneUOof5cL3RXHN6LUcY4to1ql+JI=,795.0
consensus_latency,bC0XVSqNOFMc5w+G70pdUokGRFpxqcfvyP2z/fvKifI=,795.0
consensus_latency,caambxnsEOB6Ebm43PyQuMHWgUq07MgbimcWGaqegt0=,795.0
consensus_latency,2oyCTI7FZUEIppuqmmFVMhS2OyAtu1uAm0gfNstEqhg=,795.0
consensus_latency,F0jmpZUk2ZuTs9AHquPSXr2YJFntRJBvX/dMZ1+7lbI=,774.0
consensus_latency,XtMDljPfReSJ7ny/sfZRdNxjE9t2dD6kcuyI9+5Kt+Q=,774.0
consensus_latency,jpb1At8Ko1aI9Spew18leyhbTsmDbjrSJj7ez+HKYd0=,774.0
consensus_latency,oU/kpZkk8h7xQP/6ipzdbDJ+h3nXs4Q1Eyiu7SdAjdc=,774.0
consensus_latency,3khMVFZ59vtLiNU6Kz7Ldo6NgyilICqZI8LjRVGAHj0=,774.0
consensus_latency,Vw2ZHVIndbauvJSp+e6oxu58dOditzWcLowUjhrd7Jo=,775.0
consensus_latency,hU5a+Layr9ptyKgh/1wA0pKyqINTRDdRuDZkyHj8yFo=,775.0
consensus_latency,wvNIDCokd8EQFaWhpSAkaqtjXON44U48k/lYj433bRQ=,775.0
consensus_latency,1womFvSAqv+qVmWhRUjWbsoTcvvREr8EwnKVWMJRQMY=,775.0
consensus_latency,4odw73xHEq283sVoyPjLK/BnGOiUt7luND3fRskjyY8=,775.0
consensus_latency,PIWpXpEbjnDo/zHxPVt4LjtkPBaGTHNEc7AEB06wgCU=,777.0
consensus_latency,VBgseXjXT1iIG+GElb7qcLHpLofKcymdlK0gWWWBZp0=,777.0
consensus_latency,kmEiVIJWbC0RTo2Wzjy32aoRZA53LwR9Xz2cNNNs8sg=,777.0
consensus_latency,uxQdMJtaIf81SU0bqdLZnLU5ZfEsqzhLPhfMKidWe+U=,777.0
consensus_latency,Uqxe8Md3nUpgEHbvZ+Hwe5DCyiWVUVIZ0o2bm9SPHGI=,799.0
consensus_latency,bonMADLER/eU4Wuw/v8KjCo5H+mQ/W2qrD1GaXlQa/k=,799.0
consensus_latency,gVnabNlW5XjKwJKF21FD+A6SI+TuMoDcw7GiGwZcd/E=,799.0
consensus_latency,janZ+54T9scAWSnERAhd0ZxKWQwU8F1TFAvsbe+kWgk=,799.0
consensus_latency,fEfLGBpiCASuqs5Gr9sag0M6XHxF4vcwkQFYOsozZLQ=,776.0
consensus_latency,hm+rjhlu5xsM5Yl/aPjxUDGFFAhdPMUX52Wy+Xf67A4=,776.0
consensus_latency,jCJCZfs/CotGF0ElA1YosbnX3/xO7qfJ3ENflw/C8Kc=,776.0
consensus_latency,rdFW0XGSB6E8po7DgVEVCMTSU20LcQESw8XyrqQ+CC0=,776.0
consensus_latency,vzFckX/hXJbM0Nf9SlAFcGnMqML5pR1xGiiGHD1tPgA=,776.0
consensus_latency,FGMTiWkpc31FCNWlId4Ca1YQqp7n9pRnH/ANNBbxwyg=,627.0
consensus_latency,Ri5bpQFfZPWgr8PNV9nXdsiRxJubOEHznQcssdGgrLA=,627.0
consensus_latency,llThUsaLbgBsZQ797sD81szvcogDj6jjayjS1Qdytvg=,627.0
consensus_latency,nwpz4QYqGl/JF8r0qlCeRgtvR70IYNp9MI2E3io9t7U=,627.0
consensus_latency,oM1BWcL3XwAaAw6QkO2zMflhE7fsI0jISK62PYvG11c=,627.0
consensus_latency,NQED/MD6Y6CTKW5whDxsVqEimrrTaKSyqB9sOHEPyFs=,625.0
consensus_latency,XGDdxYX3lgHjW1jx2LZlK9Hd7hVouUqMT0ZIKBThOCs=,625.0
consensus_latency,rBVCKi9llOZFAD71ox40iRW1HTbG4GhpreeMqOh/wF8=,625.0
consensus_latency,sOIBoZfJZVrgjL5pNG2UWVT3Ar9MJucZ+9dQQSBzjHA=,625.0
consensus_latency,I6/XXHBXUw8RjZO0yE9z2hcCycH+IzGHv01O6Lrxu2M=,626.0
consensus_latency,LGYAaSrOKr5vljXDBy9oaVHDGEtCP13CvcxEyAdYHII=,626.0
consensus_latency,eK6J7MfgIDgRT426LqbRaWsyAS1hl4sXKSEcIYMbmz0=,626.0
consensus_latency,lLDtGW8CGkTTLeYZI38F9CD0DLU9Ga5GUMWBNWsODxE=,626.0
consensus_latency,RXjhB8eZ5M+UsQ+AZ2uymAze6zoBorYLKIBthmewum8=,575.0
consensus_latency,bCRLM9syyCYBgYZ5FyGLRrLHlZj0iXhMeC+sh5172fU=,575.0
consensus_latency,6GvjE/qOKA3+izzkoTU10dG4FnB/rdPQDUjsCRaj5sY=,575.0
consensus_latency,DPwVZbvAUz11NEVVycf+dBDem527wutVusKOhpYM2W4=,575.0
consensus_latency,JdhwrijeiyWsXh5nrET4YoeEuSlErrjqVtgMGpWwoxw=,575.0
consensus_latency,ZDx6BacKagsI0Sa2kWApyx8jOl+Qc8JwMDnJvG7yIjQ=,575.0
consensus_latency,lwFS4KJLrY/qiYCVm9+vuEFYAOOO+6i73fIjEF7wr5U=,575.0
consensus_latency,NNf3LtBE/YUjK9b9ATDy221EL9fOYEPVyJ00ncAGV+w=,626.0
consensus_latency,VOsDQKH34+OKVnK9ei6+rSTThhh0J0RAHJ/o0R2hgmA=,626.0
consensus_latency,gxFS3pE04GDC+yQRIzUOrbsa15zjqCcJ3BwtJjb/eJg=,627.0
consensus_latency,kvYIdA0idRht5My9m8LmWKqHbf7pHPGWN5MykF8YPEM=,627.0
consensus_latency,n0wfo7HpI0g8OahCj+69UYQ01CF+M5ahMpvL8VZUDH8=,627.0
consensus_latency,EpRIs4/yCZE39F1OSPM/fCsnIQ2yEqdt/x0H4W+UrhU=,630.0
consensus_latency,Ov9QX62Z12gPwZ/XNFlCtvhQ6CzqvinqxaWeHRpCuCk=,630.0
consensus_latency,WXX32FkjirZLzKUvuzmlr5APoblXYAnOoP5MXF/bIgc=,630.0
consensus_latency,pDlJrccYUe+DtMKDIyhy3MX87bZaM76Pln2kNC/3X+E=,630.0
consensus_latency,HkIGm8MIRByJoqotCrfz+MAMOzUCmfNG0J+QAXokkE4=,535.0
consensus_latency,l+ARJ3NX3csDE7hQTF32LOlIEvMmoVOWALcYPSVjyTc=,535.0
consensus_latency,niUMuhWnKyrKBARB82Cco58/zZRBhkYAOCyByxB8S8c=,535.0
consensus_latency,vmZ18SDPZwuhSQQV1G6Hj6PFTh/Rx2ifgSJ6VS3ezeU=,535.0
consensus_latency,XLOMVnngkHT+Y3mCip7TXz9zPzjsh2Ai2bODuP2uMp0=,534.0
consensus_latency,lSNmUQR7cK7Y5meb2QFsJ7ZKNzXpYy36E/etK6CZNns=,534.0
consensus_latency,l1Ef85fQvhJfKfi7cp3zYadPKDkgr/O+qzKksa6a2po=,534.0
consensus_latency,rVTtk+7tykuQIp0QOdESmepKgDNFRMObLTXehEtIdQo=,534.0
consensus_latency,xxQn4Q0Jl2adOE4TizXdV78B2t6gvLTGhLK7rqnd44s=,534.0
consensus_latency,PzEv/TtR01G1pvzCnxnaM3IrQ2iLa8C5Xzvm03tBT/U=,540.0
consensus_latency,TtScZcdItOkqxZtetuMgWYAAZ7sRMcYUrzquIzBCWXw=,540.0
consensus_latency,orF56GSh1JzE3vXQoThwa1oO+6IBgrkR+o6d2hMl0eU=,540.0
consensus_latency,qliuRg3WfOcotOoVjB3b4YMVIzALj0USJp6ylHPUzxU=,540.0
consensus_latency,3sPiDoeFa8kWPpqSIehEJpKqCJoDp90FVOzOFr9v8fE=,540.0
consensus_latency,CTotxaUbsGi5w6BR4wKlrq0G1QjZbX4F/UJ2/DF2HMI=,537.0
consensus_latency,X6uuVYfRJwJ70GGvdPUtfrDbOArTag/sn1v/tKqWGRs=,537.0
consensus_latency,xwz1RzcYxL/bGGuFYntW314VBHUe4ArBZrFoyJzowug=,537.0
consensus_latency,/tTYdj2RdGo9rF2ImYxLo9L9rotIvskeQIuelkOZbEw=,537.0
consensus_latency,Q5aM1TzicVKu7DSK2sxvEU0tnZFThEwE7cpZzVB+Q+s=,573.0
consensus_latency,kkuzZSgG0pKARWchJ6tnFl8UYBvUk4gGGnXEif+RIYs=,573.0
consensus_latency,pHEghaIVY7eeXyNi2LNeYtuwJ6y8Hz3UB+GTcujrrvc=,573.0
consensus_latency,2jGAk/Ln722se24C2c16U4fMh9UOMw69TWIN0bBlGRs=,573.0
consensus_latency,Dh7xhaNz3atwlYSCiosni7EGsW82GSz29iUAJD9Q8pA=,535.0
consensus_latency,apmV6r84yMcotuHEu9JPXW32tkVgW36wMPtLE1SkIcA=,535.0
consensus_latency,rui3WkJ3E+8ZJWlBVgvnG6GfYTbA54+ls2PGKvjK5BY=,535.0
consensus_latency,2Zs2dPraniHAz65oIT+UBlNAWQ6XypPCup2iruPXTpc=,535.0
consensus_latency,Xqevr7KyPj9yhlcl8pPOn4wCL4b7NTSp07Ftl4H57Nw=,537.0
consensus_latency,pM6DBYNVMWYMH+h1YL8iLspTOQcCtU1QJLNtZZjmnqI=,537.0
consensus_latency,1wDz4/t8bhE0rmHQhstD7WUA/gAhSxJu2lniPEIhp5I=,537.0
consensus_latency,4+zmpRYHYVgSNIXncWqkfkPYJgp7ADHuyefG+pHn9DA=,537.0
consensus_latency,5JtWLhdbaUJyjj19CJhcTXQYS60QJ57nIfcBUe34SvM=,537.0
consensus_latency,TfHJLzufca+sze2TS1YH2FUXnMKYiWVJFjAfdnOV0rs=,339.0
consensus_latency,Wlj8FRbTrbob7PgQlvOgWdo+8UgeChShBo0lAw7/Dj0=,339.0
consensus_latency,wVUA0JKDGuJ/MJtVehZqVkn4n/HHz4TrLLHvIjo141c=,339.0
consensus_latency,L5YLPkVK0+nnLO5U9DB24exexvEeDgrZs5TSje9uFE4=,1014.0
consensus_latency,NFxpKKEiO0ZAxoK/tu0Xk8kc7/ZvfB44H0xxkmJrcAM=,1014.0
consensus_latency,WSdllE0yMHCwHf3gGUl1A0X5ufwUM7eRzEkVn1TLOs4=,1006.0
consensus_latency,qGoGoKhd6QTpQZd6X+bx9sRRZmLmWQfVzQOzWJhFaGA=,1006.0
consensus_latency,vQlWIPCXXohV82wHCQrOPCuo2Clh2wClO4ORqNy5kog=,1006.0
consensus_latency,AQV+RVWb9B7V9aBW7ER0qUjuTLBKay8sM7e8PGMVqyY=,1011.0
consensus_latency,e54Qh/Nftgzr4YP7gisGCsK6mwFINEcv8bR6IKwq0R0=,1011.0
consensus_latency,+Jb7z2YjILVWppr/DuDOHfKJFfDD9sXZJ7SPfYHeX64=,1011.0
consensus_latency,AKpndIlG6eGh9nu3g8IiX/VEC1BCW71+NPZegWkfMXU=,779.0
consensus_latency,FRrlVgcdlXWbwQMjVKq2KjAJAuFjAJGCzWgnBTaYK9U=,779.0
consensus_latency,FnUS1flmcC+Z2P1QDsesi+asDWl5SWypmmG+i1upIM4=,779.0
consensus_latency,Hlvs8UBIpbcnn+70oQWf5zK/4/LxCJ+4xPfwAbZ4ANw=,779.0
consensus_latency,IoX66IX1nUsXZPyvRDflg+yYrPShplc/l0CqZi3id/0=,779.0
consensus_latency,g3MigKQwrAI+SpMc9o51Glt+gZMHDXydU6mkb2Ky674=,779.0
consensus_latency,oElz/VIqvU0C9rx5ZB0PfoktpSdeMsLW42E78/LKoQ4=,779.0
consensus_latency,wxXtZtN+14Eex1+WqEM/0Kj/+4thVKwTrfN0/G6ZWsM=,779.0
consensus_latency,9NU6cXIGN83YcLaW1zJLULawOpadYC9pmXzzjDcGT7U=,779.0
consensus_latency,FO3m103E6vVjjC2cVOssCWjTSuKzLSN2ehSQGOab4Ug=,777.0
consensus_latency,N/756vyX9vKjdCbAVuEnbKpHpFIehLgjko5YDhVnJBI=,777.0
consensus_latency,bcJkMHPyPJrQOaElYOryrBSf1ujDAGAREdt86ZDm2Rk=,777.0
consensus_latency,piO/pORjCJXze/lxTnXkTGjjTbLy39RdSf6b6IOrVso=,777.0
consensus_latency,vpGeAM4KWYzvtwa2YcN2fgajGMG8kWeDu0hMa1sd60Q=,777.0
consensus_latency,2iUb3Lxayi9o6xyFnC5mzohyAzlsjKIG+spodHoM9A8=,777.0
consensus_latency,Eeh8rsI6KNHq8ohAV9HsYN9kp9FiqRgAiyE1lm0tg0Q=,776.0
consensus_latency,GLLLlPi3NnZ8x+ofIElXwE1LwpBImJ0efZZYJ4XyNX4=,776.0
consensus_latency,Iev/aVgHPFX5iMb0YlwFozrVb1/V/c+m2PYPVVSp2EA=,776.0
consensus_latency,hgqUuQPe0RXwqxYN2VB+tNAMTx9zKRNG2FCxWcCWdrY=,774.0
consensus_latency,hhcPXgTONWuhngtC1Hao3ZQ5ClLaH5Ut2ka0hvBevcA=,774.0
consensus_latency,k4mocrqqLBlnP9SEX4Cj9ISvZMWhIjY5w0CehjTLUkk=,774.0
consensus_latency,vTh8CPoQ18tXhL8MY+iFmXnD4/PnWYT807bzTacvBkc=,774.0
consensus_latency,CZWl7DtKLwwFTBo5W+177Bcw69KwfR54h68B71Fx+Nk=,771.0
consensus_latency,DINDDqbPnSPLOQfTP7uOImpF9y6Q+qZmZ749fc+Git8=,771.0
consensus_latency,1w/ouAK+VvsayudrvhIsZZfdxhVdACZ92sGuVXJ/U5Q=,771.0
consensus_latency,KytCFPTm79q+tW/dqQzkEW7suGVv36qJxNihu8KuODs=,773.0
consensus_latency,hEC6mZ8sfkdensEGFBKe/HzAlIotAjFUj8QiyDe5m5U=,773.0
consensus_latency,2mqGuGlvBQ25vK9U94mbnpOgOae7l+yTs5i5orlndCk=,773.0
consensus_latency,7orw7aozPUybJseQMbYB4nZZkm1Pl2TPuBOK5VEY3Rc=,773.0
consensus_latency,BGHdQ7f3aFObtkuEIXWX1f6yB6QXQxRAnvUjLVIIiOI=,769.0
consensus_latency,GbXzlTH4KsNelIxxSqU5rH0eBpGb3ujmQZlqk4+6wOo=,769.0
consensus_latency,U1bzafU49ly7VDN/ZuBfZEdB6tFIFK0Jovy0tg943qk=,769.0
consensus_latency,pSaFKaLvGjJIhB79bcG10s7E/aHd5ek4bAHocEMK0Ro=,769.0
consensus_latency,7ms6T5sfuQFs73LQd/3kE223futLHXsmQsFem1zLl2A=,769.0
consensus_latency,RKJlECQaKC3ToW3yCxmYEegxFKdOUY5ZGgLVw4c8ROQ=,598.0
consensus_latency,aGpFc9DPzsfmScrqu9dKDUl4I1MZMOMjiZlXU05cpJU=,598.0
consensus_latency,gYFP5J0jyfjcIfrBu/niuR9rHgOJrKD24s9yBoEGCvU=,598.0
consensus_latency,yX2nqf5Kog/ze1UMouOVvJSd/iA7bKHoidtGsM34C3o=,598.0
consensus_latency,2/Vw5S82E998wyYwicO6rCglFkC5y0VW6fngwPhO2cg=,598.0
consensus_latency,SwTorSegRf02l447MHJsuzhFzBwKsa9F4thDTV6cHuw=,548.0
consensus_latency,rGoaEqwELqZYx2UgqzRRv+YM2AY5LQBdWXS74Wo3crQ=,548.0
consensus_latency,1+17+GEbAj69Ko8FqsYjx9AahCW3sC5tedcvqmeknL4=,548.0
consensus_latency,2VQITNUA9jcoXqHNYMX5jOlwGQp05gDJaYUr5+w6WJQ=,548.0
consensus_latency,9oCBU295sy6ZTBlBi8VHqxzFHVr1RM83tQ9VsgCaTfM=,548.0
consensus_latency,EQaGNFdd6vRLKB2vCdPhanjvOZDFQjna0zFOep6jZY8=,598.0
consensus_latency,HtONz/QqG30FYUfF2aMlB0c3Oevx1tMytRLYgxsMOCc=,598.0
consensus_latency,Se5kr//oNjBXZ4GkRGE35gbE9zd9yIKZ0uJh7IND6d8=,598.0
consensus_latency,weL9IBctzsC/uGzeVu6/35YGdFqmcmBYhZhd8wZe4Zg=,598.0
consensus_latency,C8A/4VlHrtPs4fUeSOKU6jmYPLgdjapXB/5j+6oJ2l4=,600.0
consensus_latency,GTh9At1pMA85/uZAGa0bp3vFD4NZI9Kz9JPcll8IHiY=,600.0
consensus_latency,Osw7+4USo53zuJOJvfSDyTkEPOLMuOIwkuznjMRElEU=,600.0
consensus_latency,nLYRWUTh7WIsMKBKBF8l6R0ODIBlvECCD9nhC6xY11c=,600.0
consensus_latency,ynCNrAghUnJsLrC2pprLHTuD5pvWXIumryYhifPS0kI=,600.0
consensus_latency,9nwrww42DFeDtEVfNCbZwSh5lORVraEvjMyLFdBj4U0=,600.0
consensus_latency,CcT1/OIYCmytHxIOiRRx1USrxzKR12eKmJuP5hRoA7U=,546.0
consensus_latency,eQPG5okLRUCGTqO4SghoUdK113BnHQrksKaJZWm2CnU=,546.0
consensus_latency,inahR8w2dZJBuWRQp21qi62L+c2A637p8tJNGvFpdsQ=,546.0
consensus_latency,ppGjwvxECVspQ8Rg8M9NhKw8C6ZEcLnkYR5yfFM5npQ=,546.0
consensus_latency,/xuGeMA6U6OBkOyYYcgRV4ehoSudMl6eepFGdaKfiqw=,546.0
consensus_latency,IfuJMCnW6iWsviQyOcqCbM9/kJgNbYxA2Vpgs6CP3rI=,598.0
consensus_latency,QXFMp+6zUxcruHzvCdT4XOZzpN3SEJO7sCTVzArnjjQ=,597.0
consensus_latency,d72hs3AwRX5uo1PWwLC7hdSa8pYSb28qSfhxmYZjT3k=,597.0
consensus_latency,lQKI/C8PtSWKhwy8F6pSGZ8/wK8wI7jVY5OXxz0ySAw=,597.0
consensus_latency,tQC87rF8FsGFJ/oQtmZXjTpv3htHtFkLBoNLmcupncs=,597.0
consensus_latency,e/e0xcWP1C6I/GFZFxJY/kPW4SH4ojKa6QLEntBKzGI=,546.0
consensus_latency,s9uxFfOeOgkVL9Q1lUeP1bj539nx6pbXZKMYVRp8CSI=,546.0
consensus_latency,3DHamZpDwBE9EY+QTeKMzZm9Q2G6jbt/1h0Fi3kpr9E=,546.0
consensus_latency,/0NKFRa8ieR7XOTwxwBwbmqmOu9B0aChkr5B06dWOqg=,546.0
consensus_latency,LVsg4m1fPKdD6glffBuWT2uX3uGruIns8qta1ZESULI=,597.0
consensus_latency,fBZtHLd2lzPhX5v2oBikKzdGpKbgu2oVPcLTtVDVu1I=,597.0
consensus_latency,ob0w3RaxuoyDYS9Jxl3oBY56iTbooEpdooID3vGfaJI=,597.0
consensus_latency,os8izBigq/XqD5x1I1Mb94R1kG44x02qR+uGCJazcEM=,597.0
consensus_latency,NSTk5DJUYg2NErOKJ6uhj1Dlrzgo7Na8qp/hfNjf05M=,553.0
consensus_latency,RINHj+vmvbV2JCOdJzSX0LQ8ASpXPAPVjBnbg851ILA=,553.0
consensus_latency,4BrclDwRMzeNIHSXxqPi8pwG6db7CDF0l0IwDaOz2Rs=,553.0
consensus_latency,7/vehWeKqpO68BtL0svQk5iwQhYQbmDATVi/Mmy/pMM=,552.0
consensus_latency,9blhXvyuOet0ZWg5ANg3VZyiS5yUwWDpqabOdTb2vgg=,552.0
consensus_latency,SSjhX8Y9EEVzRBKLtdMWYEsBKBq24n80Eq6s2w2mhhQ=,554.0
consensus_latency,anrpEIJ2ajWrIV/k5NRx7/aECThN478ausSZVK33ihc=,554.0
consensus_latency,kBF4XfMuVn6L+XNlegyBSv4Kjk7DkvdXv9pc+abT6MU=,555.0
consensus_latency,qBbYCMlenItsHDI3ODOlzL+kIb5xOQgcIXKZ1RbPcEc=,555.0
consensus_latency,tOykVrVy+xTDBVTBf15yzHZBWjhyRRzf63H9UwGDZpc=,555.0
consensus_latency,LiXvHf5QiWD39m64R0cilq3JY1R1IrfPP2fOCC+svOk=,555.0
consensus_latency,azCtILCLvL3b+8MNdhDQI0ELxK4EKo1/bVK1uc7AbfM=,555.0
consensus_latency,i1xgW9E8Y5pa6e7KQRfhsYCby89uWDX2wNSgVl73ASw=,555.0
consensus_latency,ukCKckvcWlPPJWaznyHXUbpszyFwMz/rj9nFPODFBm0=,555.0
consensus_latency,OF8mMmXvcFdZKaMZMwbpY6frTP3dasRzCCJ4iYNjKCk=,555.0
consensus_latency,UZs66KFevNEbmsxIZdhnm8hU1fpY32XZGAYohO/PP40=,555.0
consensus_latency,xQf7DFQbjg+aK5r6TT/lQ/lz0QGlri06uLwD3a4J81M=,555.0
consensus_latency,yWp0LbhT5E/65/4/y9+7UUrCp5C7QA286Aw+E5ZMuI8=,555.0
consensus_latency,EY7Wt3hnJcPV79tZDXc1B4vt41EzaqKtX1QnAwxeU8E=,542.0
consensus_latency,TBmRhWh4pHSc4GQuHwO0WTAQmrBPTzTDhWJIrhx6gp4=,542.0
consensus_latency,uzM3vE1dNusxjQh/e0xJqR8cCtb9w7jMbbANgWUlDPw=,542.0
consensus_latency,AoL6oZteNYQwLfPfnNaYEVGjNL84EvXvDVxttO9wCfg=,553.0
consensus_latency,U//Paxs9wg2/i1VjcnFBsAnvQduExRee76/LyihAbR0=,553.0
consensus_latency,YI5qfLUd7px+3ejWkJl89t+82yJKOztTq2hKc6s9eJs=,553.0
consensus_latency,cm/IIfcXQPhAUcCdzov2sLTpcVGVJRrquE8cun7+ipg=,553.0
consensus_latency,Cpn/Aexj0D6tE4zBZBPxw0H04AHj5pTTRgOQz2/C7ls=,553.0
consensus_latency,RPQN3cBAMInI+ZlIYTPJCnfe36KybmyLHDcPE3a34dY=,553.0
consensus_latency,hWlnm5EA+0rwLfdmIFLKbgGdYB+V/s/F8DtDW2QPSOk=,553.0
consensus_latency,hsSjjBtxwTRDv7Bz5pSFAj3g7hHG5uynlVCJ9cP0AZA=,553.0
consensus_latency,tPhHFsmAfph8ayGDOhUUsAv7UTG9okvjyWbXz+04GtY=,553.0
consensus_latency,E9iH5WDMChbWTMNm8/GoOOIOSfVue0J5x+4P5KerYIY=,289.0
consensus_latency,Mj3tNB73vmm6PuagEFq6Z4Ufm07x595EC2lWHFe7n+8=,289.0
consensus_latency,NgM/qpVJZ0LiyOIFvwLM69bG98uRTKnU+AjEgnHuhT8=,289.0
consensus_latency,qN4O1t6w++26fYXYFbDEoiXof/vxpT0mrrakiMSFFk0=,289.0
consensus_latency,tBia58MNYj4KbvG5pqSvlHevScrNP0sMWMyDhL1VDeo=,289.0
consensus_latency,WztyLG1ZnBE2bNf4/tiGsF6wjO8dzk7+vpwEvpMAh1c=,1024.0
consensus_latency,sGig7nctsH65IMwoFDKHfM3fIvzYUt5n+xNeDTkwq40=,1024.0
consensus_latency,5C4x7a93w3cMIYzMslSxL730gGiMocN7xmOT4NGRZes=,1024.0
consensus_latency,8USn24Dbyvdg1CkbNtdVNx9hkM9fNO1U220CVXCnjC0=,1024.0
consensus_latency,bUjPn/1nUpPdWuhtMed+BGSBOwsFzQTgpiBtX9AdSSw=,1020.0
consensus_latency,b4CCkB8JCi+/76wwXsyw04812MmZuzH5963OK90a3FQ=,1020.0
consensus_latency,hpPwszBOd7yzVBvx5ufzrNGN4Ke1UhyeGos6Ib1WG6E=,1020.0
consensus_latency,0VVmulxJwyfgIxKEy6jRD2E3CRKjZAb5n3glfk5s2m0=,1020.0
consensus_latency,LRW/qRl8ZOtsJ6JP6TjGAZAwIh7uAOBG2CsmLxxyXZI=,810.0
consensus_latency,tKilAf0w/cm/ohhepAjvTRHsr5SIngb2efyEAcNv0zY=,810.0
consensus_latency,xXUwznEZO67jdfDJMEQkQ/RX0aJCnfKeBrk7h9kAwIw=,810.0
consensus_latency,zCRHonFxoP9xaMHQ07h1km6J/6WlxY0UNHVD5SG8I7U=,810.0
consensus_latency,AcG2mlEJ/uhtHKwLdwq0eLiH5aRCxr/nDVZFhLKzPmA=,808.0
consensus_latency,NRxU12wBu4obo/ElIkBOuwiJP2xlXVve9ZuFfGEXApE=,808.0
consensus_latency,mC4AH+Y/4J9ZqIj919cRrqlorwuLWpTk065hTqRr8fs=,808.0
consensus_latency,v/BGZeKIqozlBYdzZRjcN3DFwZ8ykrEPG/x0JlTaMO8=,808.0
consensus_latency,0ET7REHEIVeQQcDGUqd2JfYYo3skWVgj+HNppycd5GQ=,808.0
consensus_latency,a7AhGEVZsAH3on/Y4TWe5NopOLuFE1A2Xe3inf4eGyg=,771.0
consensus_latency,gM+DnUf7aV0z6ozp82x2Dyl9X1sC69K2xS4N7bmoqyE=,771.0
consensus_latency,sMW8qmXPogjdWXqbzIwHdofqIMzYDcs7RMSpBNmVDFc=,771.0
consensus_latency,2qRuhvWq1XFZ0kuXfjWXvx0GlgvZIC5dKpydt8cnDEU=,771.0
consensus_latency,4xFPWL5+XU/aRsWb+tehoAE357dQjauD2Fgu5pzEp+8=,771.0
consensus_latency,P7GMA+Lj5sTXyi22Gp4LEiMzuNeS7htselTmpd2F0JM=,767.0
consensus_latency,Z2b9AF2Lq/2qchswbetAWbhgNtNPLYZXWfaOgvKE3gc=,767.0
consensus_latency,rrWwl9v2PN0GdA1JbLcmuNl1+1HQqc+Mp6DRTdqNMdY=,767.0
consensus_latency,8++ivrS95hQnaNJCLnwiTri9La8ePFRbexCnwg/Zhnc=,767.0
consensus_latency,Jkz4IN6t1kXf0OBITXPC3r1a8sk7fNaq4rA0erevVfE=,766.0
consensus_latency,LfWx4Qt5jhbyA8HfKJMTjtam2xo1+E32dHC4hVqXQUc=,766.0
consensus_latency,Yu/kaVQLoECDCgMIsvb1aitfechjPpqYnMAvgchlwtU=,766.0
consensus_latency,Zb8e97DjNKkLYDRCCi9RGuapffvWMoeoozW63RH8WOk=,766.0
consensus_latency,yS1iuRz9YRaqeqNQ3GM8TpxLCcD62kG/XEPhveGIlSc=,766.0
consensus_latency,/ErsO0wumZyYzw1/IWlTtNZiSIhR5wr9ITh/ZK9C7aA=,766.0
consensus_latency,F157wZJY7weaW6r95W1N0ZINVwq/JFg462fms/CZk0E=,772.0
consensus_latency,PPxJoXhvcllnvq/THrzXiN8LoxEZ1E0ElXFZ769rWI0=,772.0
consensus_latency,qZ2MsHnaUuTVzoS8ygvejF0E20ViaxKsavt3wqDLKJQ=,772.0
consensus_latency,vHy3/rgRRUMvRnI8xRsjcW+6+dwK+anQmul/IAKxatU=,771.0
consensus_latency,9UTN36iot+Xu83IhODKgsC0LChfP2+5wU12dJp6QaR4=,771.0
consensus_latency,IvaDL8PRmKfEHiSHwzJ2P7EwEWvWxsL7sC7qxfEipNU=,767.0
consensus_latency,OpPLqYl8ZgwbmLW1V/TaiolrAA6baVbzyJR5sgSb6fk=,767.0
consensus_latency,YIySq+YggKlh4uMAXFrhSTvrGDXgH8fBFgtZsiRHEJY=,767.0
consensus_latency,eWh9SnuTBWx5tvXlLTjIboCAoZ0nP+0FnnGfSVbZJ14=,767.0
consensus_latency,xyDEzcQ9/Z/VYH7KebcF6g6BmHUuH6ArGPwu/zczetE=,767.0
consensus_latency,JbrEKOg+K0ivex2kkIJxyZUBbeyIoucBvt00jI6/B5c=,809.0
consensus_latency,SmZmN5/L7pe4a/OoTnkfqV/mwR2peSCU7sYv2hGO+OE=,810.0
consensus_latency,VwjNRB13a4xLCRxp+qzBXhGG/Q6Y6yiPnxPtJ9NRDg4=,810.0
consensus_latency,GE9jHetVG2bnDx7n7I2sXgEp0D+i3plDxUByxYVop2E=,594.0
consensus_latency,LKhD7W0cxqj9DhTKLY746w9RIzx6DiYUU5avo91WksM=,594.0
consensus_latency,MxLmun6ZI+CxFdtRYM0L1kj4d2eUECZgLxyrrUjsEY0=,594.0
consensus_latency,aeO/dW7dw8TA5bxmZ7DvMi3nZRrSLLwbWC8xC9TulN0=,594.0
consensus_latency,8apd2qQ9f7QZ1MvjncsQbsNpNGlVwEJhFEaMNN50Swc=,594.0
consensus_latency,TMgPwiKL5AWqhcGGJFkBM8fIo8HExM7FBuZHe0KcnYg=,592.0
consensus_latency,UVCqpm0MGZv0vN+Y4wJO6+UHWQ5eBNL3VMwRYfsjQ0s=,592.0
consensus_latency,bNknGAHLaDA0ueTGluKBKcBV3aMc40TQKzgOarCVDwo=,592.0
consensus_latency,yeRsM/n/0ia01JlSZD8Z+W0bEc44kyVRCNfBbUTD7nw=,592.0
consensus_latency,NwnM2ZOWFoD6Xibhv1BHu0QiMbsltgA/fyMpdbrLUZo=,629.0
consensus_latency,QcZmU9UfMklWWFpSjzLMNw0UvPJBAzC7DExSxW+StYk=,629.0
consensus_latency,nQUaYUG7d5/q2bt4Bb8xob1a3a254j5urJDnP8eczuk=,629.0
consensus_latency,n82fT8gasuHP9TJUBFuOwHxHlYKrvwa/jFIQhJq283s=,629.0
consensus_latency,Do1dmip8XoxdGCTU6Qvx0EQaiTB90Z5/Fx6qEaf8SYI=,629.0
consensus_latency,UsU07zdi3Br/nfSOR1GD0iGrmeUuyJF0rjr1/3GarEQ=,629.0
consensus_latency,ZF5shU77u6fGHaKcyvHfGIfglQ8vZt+XHRKoFdyJls4=,629.0
consensus_latency,lXZGmDodo8aE/NZwrs+YijR6aPoWKAXBPkVKTVpc5Mk=,629.0
consensus_latency,upCDTdUch4E4YNwKHDEhicYDC1j1kfOQXawuWBOSeKM=,629.0
consensus_latency,Tts61sb8PV/x9bflNLQd28DF5x+5dzw+ujz9kLAen00=,626.0
consensus_latency,eqhGmEKZkNzcZQ0bOTglo+ehniK+ZXVEunvzLNKzyvY=,626.0
consensus_latency,pqOWXcmta1+F8GwK0vxzbnz9RQsGjKAI+5GOQrjMF4Y=,626.0
consensus_latency,qZWVqSSme+l4EdUn+TFdDlVektG2qgOab/qpR/5Y5rs=,626.0
consensus_latency,Yeb2ZWU7lSBdiZNgiREzt35LAD9uX3xbtd4Jhl1qgMk=,630.0
consensus_latency,ixGetaMj8bGHbigVlzAuxDpE+xWhfuFk8+OQifTetEU=,629.0
consensus_latency,1FNKriXrv6Cipy8/QKnA+oN6AfkrVQcSIJ26OTKnQZQ=,629.0
consensus_latency,8WFXkJgOjQTI4pnWHBgaNXH9nZTgAwWA9Q4jOwR56/8=,629.0
consensus_latency,/VdhZx37MgKefk0Esg09dpWpZf1eV+GrvOp0isc+05E=,629.0
consensus_latency,FHnRlHIUhR/8R5p9nhE8S0SjD8dr6k5GY5bFnuh/sr8=,630.0
consensus_latency,UexeM7N+h1r40LLwuDGIk5Wj2flv/n+Oae2AwsKMYpU=,630.0
consensus_latency,VXWxS0rGIMSWGHHBeMS+OPLJpXqStgOSRL2S8/wmf+M=,630.0
consensus_latency,afXX+1e3offNTDgJYPC/g8OW7002NEtCn1njmc0pT3U=,630.0
consensus_latency,W2B1yYbaffk9+/3rjAGYgDEmvccuCX5q4guxJI8goYs=,610.0
consensus_latency,f6y7mV+00E4GZ8qox8jmm6TmNb+A9B3iiGSDKvA7fHg=,610.0
consensus_latency,jLWbbKWVoVErBCswzFLNG3osYMM+M+lFYhGucJz8Kuk=,610.0
consensus_latency,rWQT6YdJ1ZQFx8mcGFzwlkn6ByH9kCerJcPYxIvjJCQ=,610.0
consensus_latency,IqseigEcZMPo7VjoNtuAT1PgFkzdoVlnHJYmD6dvvxM=,611.0
consensus_latency,Ph+0KwNZWTvj7CuLBKAOt++183OC7HD65akpmvVoKVg=,611.0
consensus_latency,4xFD1dwD3f6TBKQho7ygcTzMt3ppnb1x+HM1k61NAOo=,611.0
consensus_latency,BASFjmaf06wybzW1x0NjlJmUBNjHf7F9o/cGFoFz4xc=,613.0
consensus_latency,YA13iQCrGp7EN7OBMpBeZzY0xgIf2HZWsco74gnSBKs=,613.0
consensus_latency,pOF+gLNl8dLd2Ebh0HLOLedMs+NtRmni1jhuZe3sAk0=,613.0
consensus_latency,IHTS8bSnQdUdXC2e7Ljr3hAlo37SPq6uJ5IcjBb4gaE=,612.0
consensus_latency,cimyel2yEYfIite4Lru5YoAcK4Rdr2CgST5jY8gA4mk=,612.0
consensus_latency,wp+HlgIByzQjMcSLlaFmDAshN2JtYz/4Wr60PFgdphs=,612.0
consensus_latency,GMim6dUZI+H4TTNZu6WtAnLDXNDIkQR03cRpW2/oyuc=,613.0
consensus_latency,1hHpprWRCjVUK5jk7xVT4t5/dy9X7qQH0D3zYctevwI=,613.0
consensus_latency,+OaJnkXTBk1O6I0Rnr09SO3jB3rBEWphr/Tni0mU5Bg=,613.0
consensus_latency,Dwvh2cUnikypNs+3XgO2pbekNP67PFxxJwjg9ZxeddM=,613.0
consensus_latency,Sp1Ixog3bFKBHxu+kcfnaf9ZBIzq+pavkAadZFe2n/U=,613.0
consensus_latency,0W6b4SeoPuaYAzsWUJBY912EXEPYVXTqSVFZ2wEeVVU=,613.0
consensus_latency,DRPLAh0+FeMCNJKvcEttRjNaRHFZ9JqXHjzdysEZ46w=,574.0
consensus_latency,Jl/etUjGat9hdcn+H1dBIutUDXSieE2WwKgw4EPQdes=,574.0
consensus_latency,M7tOg3N6CajwkBXOaWBvkM/S1BOIJzzZWfwRu/aYUzo=,574.0
consensus_latency,N3UPP2bu0zaH1cJtqy8nXlPkLxX30QwfXmIdaDruntA=,574.0
consensus_latency,e2RhfCIY2P4UPv9/5BrYSLkwVjUNVPYa04J1OZ5v9po=,574.0
consensus_latency,qlSPf9opcmYm6aKFxqGCRS4Ve3d9zAbNCL0in41c64I=,574.0
consensus_latency,ECAKRP9n10nvhdr6Bjzf5TPSdJIID89cGnl2xM6YLxI=,372.0
consensus_latency,H2MIStGkfUCeUQYGCqanI77ykEuYwrejJCMdMwoYyS0=,372.0
consensus_latency,JuOcIMdqIvlt5u88uqL+Di1aYKNEX9PdgRhOrCojAoI=,372.0
consensus_latency,lpghbN2rURYtDB+ZKqnT9995FrYC9w07DhYiEclfCgA=,372.0
consensus_latency,M8ySjqvSa60HzoOfM6XzmhnF0zis+om5wrlKodPot1Q=,1507.0
consensus_latency,gB/C/8NP9Fawb2N+YLUU8uv33HIIHgV+DiRkq7a4vM8=,1507.0
consensus_latency,r+jWNFm2oKzP04eslEyihMg4D+5mmJJZaJVen68Y5DY=,1507.0
consensus_latency,wVQ0mM5Ino9GxQ1Kb1KILjx+7O5RW7vxYkUHw4brAk8=,1507.0
consensus_latency,KB+bktsYeSlWM+uXnHKenGwplQ4GTZh9pH7JlICLZqQ=,1495.0
consensus_latency,ZV8MYTO8v+Hi+FeOFuAHll+1x5yph4rpZF7e3Bc5PbQ=,1495.0
consensus_latency,hzW/m2B+slMXxBQJzURSYPiJ9/8jaKOHb/aXzZ0CwC4=,1495.0
consensus_latency,kZ2Dt+PrFMILoVFpBZVtXerUbz+xnf6KHjET3QYR9eY=,1495.0
consensus_latency,G0R74G0KkwaLY5UYkripOsyylk4nivZ3aaTP2uuPiCQ=,1490.0
consensus_latency,OgVz00cpNZzFJ8TXB7tdS3pj6GTIyGmM1b0qt1HMssU=,1490.0
consensus_latency,bGDMJGQwa7/UZhYlWmjRWpuvCreZ7E4VMRHdBYrYApI=,1490.0
consensus_latency,rFiE5Y5+R8aVsdJ+3qjVwQV/bS5Su6ehr5SbMGc8hiE=,1490.0
consensus_latency,wryp0M2UESFHYH2eTik1wTPn5emD0R5cQA+CpnpvO50=,1490.0
consensus_latency,BWjVtMi3fsAJCYP7izq7ckalTGUYQ1XXypYwlHzwN+g=,1297.0
consensus_latency,mGsV26g8JhBvQg3Dfnn1O6DZig19Xb7k3XwNKkzXjN0=,1297.0
consensus_latency,4NtAP70qVYohoa6ju2lKVnb9GkENBJxvw/Kbmt2iWvM=,1297.0
consensus_latency,FcV0/9YxMKWGDDFhA/k01+7WwreaBrLjIT3hCZaO8vM=,1290.0
consensus_latency,H7DM23NOVyxa/4AhjFOfoNVd0qjlJ/Z+5Ig/ITBawE0=,1290.0
consensus_latency,JRuVfd5Bz48/n0mZRQvdZ8a+iBi155VngI0PplNt050=,1289.0
consensus_latency,rdHc6B+p5XLc1/tjtEQlKRldC72cx5YK/ilajc+NO4g=,1289.0
consensus_latency,ryV5au2B5/VtOe2dUM90VbmVnh7BY2PWYYTpyDHGeac=,1289.0
consensus_latency,BpCQY34MeT5VcClIh7viVQIVOuNlTpY1RkCI1bLgYas=,1304.0
consensus_latency,X6vvw5hK0JsZ1YfGWRrU/AXM9kOa0dlGOM6DDLuEFOg=,1304.0
consensus_latency,Ztw5+QosS3T0i6I8olan09OPwWAvAxAqpB5qR0ousk8=,1304.0
consensus_latency,q6xfNhzfIfRdNxekz9yhlbMSOP3vGS2ZluucL+kfJ/s=,1304.0
consensus_latency,HxmGDtEqVXKaagZcQQj6kFB9lQ78hiGQXBpGlckJdh4=,1289.0
consensus_latency,IsUfZxQsQ3xxPIMUkkD5uSDoBfTimPudc4wdYxydiFo=,1289.0
consensus_latency,fibM3IKC24CnTLUOjWT9gSACkRCvPvVAhqvvLT12MW0=,1289.0
consensus_latency,n79/+RZm+7uGT2ZPKwT9oouDeAyoeYslE434pgIFvps=,1289.0
consensus_latency,pH3fTvaMGG56QXtAa66Pyvg/khlp3wtRqi7ajaUbDRE=,1289.0
consensus_latency,IEJfkexNJyZkmu6IAjYjZGJHGem8FY9ZeTze+RWu19c=,1250.0
consensus_latency,KFhPbtVYPRM9q8/J0+oejqXEaEJ/2XjHq8+e8NnF85k=,1250.0
consensus_latency,O934s5xqHWWxvg9PZ92v5vJohQZWgo5tar+T2H/GiaU=,1250.0
consensus_latency,rCbShwUKben50vJpOHycOnK62Amfqx0ZO2ycqywIL+E=,1250.0
consensus_latency,uaodAzG5UrkViBQzG6H7gY/SsCXnoHEsk5FK5BPZsYo=,1250.0
consensus_latency,OcR6cknnh9TUHaqstFyUXqNGjGkVQZGINpDwMxhz64Q=,1289.0
consensus_latency,ShxqGHAWrClrWkKjFMsPqQooDnowDQ2FoZjSaG9UDEE=,1289.0
consensus_latency,mloJ4wBRAuuNXDAP1/hHjXtGcqcqT3P61EkJarRZ9OI=,1289.0
consensus_latency,2FW4ZZl+dcPlVlmlky6nXPTXEeVq3+3a6m9nm3z06ts=,1289.0
consensus_latency,fNnNlJRgF/4Y6F0Wb0It5RoS0oTW/38KLcnqBY9hPHQ=,1297.0
consensus_latency,kFsrfg2UAbouvqk6ZhmUtiSUvjINawxvhoglt48J+Sc=,1298.0
consensus_latency,uK9v7TY+AeIQD1TnOvZGaD1yBx+oQRzoR2LlMaRgAWI=,1298.0
consensus_latency,B98Icg0KOOozsSKZ6O+phgzaLfaI3uwf7Z/jNk/N0hI=,1294.0
consensus_latency,DQNqjPyIv1i3dtEqVQ3/JS7ut4qNvnUCrtwTqfzdw58=,1294.0
consensus_latency,N5rVpvRe5iWphD+ncE/y9VRlSUpWY99nxSqysLyyV8U=,1294.0
consensus_latency,rdeBOn+wSrITt/AKRwFwKJfOVxjoEoHZzLHKk215r4U=,1294.0
consensus_latency,VEbODB+aZerONgzQ3XUGX8BojW8CWNHfGUofQVnh8LY=,1082.0
consensus_latency,k6qsR1Gu1uaITRNR/ewrTpJTdw+xLbvy/i8cqXVxMO0=,1082.0
consensus_latency,vdm3TFAMUZNir37acz4G2zU4Q0wnJMFn7W6gU4CobDw=,1082.0
consensus_latency,2M7BF58w2PHvBZpfRr2PR9uncHLzSTHzLgWCxZChjzM=,1082.0
consensus_latency,HCo8gI1XBeSubzBx2n8nOBIOeZ52p+R2bXNLTbNSDKk=,1113.0
consensus_latency,LhZmlpMhtQ4zuPMsJaBeQBQV/Bch13ec44TxIZsacV0=,1113.0
consensus_latency,V2Gz0D6nWFkoNmcTUiYJsk5rtZGDxEFQWpsE432fc7I=,1113.0
consensus_latency,nuhmGuKKtoa1qNT136Oklz9EVx43/6cuEqaCvkn2fzU=,1113.0
consensus_latency,2o/o7jWI+59AXEFnead4BaYQuSfCYs+n1lgCG+lRt90=,1113.0
consensus_latency,E23WLlk8+tF+nw8FIo5Ckyy6H7lXkKZcbxWWinA+ZuI=,1115.0
consensus_latency,GR0kW71cERUEbl5Tx1a82wnk8CZtVX+DqcB9ZmYNWZ0=,1115.0
consensus_latency,OnhPiB873phf5E0storqzuFtnYMtQ4lxe1/keWG2gPo=,1115.0
consensus_latency,2Il4nOiNCBd9BfByrfiqAKHsKVwj6NEdYTiCiTpqotI=,1115.0
consensus_latency,49wuSH5XwMgNFFpw1k05pT54uXVnZE6IF1AZ8p3q5qE=,1115.0
consensus_latency,KiiMm7jOks1OETbuiabd+xGZaF7Z/ZW45PsJFnmP4IY=,1081.0
consensus_latency,MQS93xdzZeG5Z9D6BTKLkG6jLpxJSx36PV47fvFGWT0=,1081.0
consensus_latency,Mnw6sZBOSLa+6BdbgyYjyE6wkDUzxkbFZSWFzhvnmkY=,1081.0
consensus_latency,pedbassXIQ7WbgdU5Xrqn+rUuPJtGxEGBAFuiLFSYr8=,1081.0
consensus_latency,PIIcDvbSnzszkidQhbNG1mzGBlpJSB8C6YXmVwv5GDc=,1079.0
consensus_latency,0Ky3K64d2KIC1NhIVQmHGV478NzKi3V6yaZY4Mhbe+0=,1079.0
consensus_latency,76n7ssC0wqpD2EezOJL7b+xomOD2oDzlCjWODrvFdng=,1079.0
consensus_latency,93u7c+A+gXQLaE2VLGAkLVZ+SfX9N3WVc3NPtiQ9yWQ=,1079.0
consensus_latency,WXT54CZ8ZhlVDCZqEAZ5zt/GI2/zcqWk+UaGxuQdL9o=,1114.0
consensus_latency,YXwilTTch84qL5KTTiq0Z1RocBLhIaHDLHr92V6Uj0o=,1114.0
consensus_latency,ktTzgm8cTwNIWzmZRIJrFioxaCvgGk9kc7Y9XYRjMG8=,1114.0
consensus_latency,uOtyV1eK/Hu2p6TUKgK4TMgAewpQc9wiMMmo8svGPh0=,1114.0
consensus_latency,LfQ66lguR04gwAdwe+gDAgV3znBOiPmLx4hd6/IBb3M=,1113.0
consensus_latency,SlcdbuJPfZRv+gxp2oFvHVNt9x1u4yFoKQnGFAqmoAk=,1113.0
consensus_latency,kaK+eNH9mDQHVUAtZtjeH7NoAcJoV6vzJDxohNLbesE=,1113.0
consensus_latency,zJ3oc1qsfboELv6Rl2TB87opW9N+O5uMs81rnOV8vW0=,1113.0
consensus_latency,OuI2yBg0Yiy3EluhsJxirzZpQKy8TbCrzjTZgy0/u1k=,1110.0
consensus_latency,hTAmqL+MmE+GQSCXs7W81rk6tiApPXfg0Sb+MSZtyJw=,1110.0
consensus_latency,zzs7hEPQWJgNn0jHe/4uisv6lACATUO0Fy5HG9ea4GM=,1110.0
consensus_latency,6EQUccLo6cAS30lwH0oAqgM7IwJKWc0PDC8f4wdrqtE=,1110.0
consensus_latency,Fd1UxKaC6f+m0YliGgeSBQu6vE9DX1NtPR2gBXdyJLo=,1053.0
consensus_latency,eFHK0zwrTHaFe94wRrAqcTlqnVmJDB/EeoNoI0vDeRE=,1053.0
consensus_latency,/WZqnMXiED5ps2ycO88cU04Kk+R9lD8Gr4grq0pGB/8=,1053.0
consensus_latency,P7JYG1b9834/WMPhZmNWngtNGdC9gaSykEo0epncNG4=,1055.0
consensus_latency,4PInp0oUd1dSJpJoNJ5qeXN7ohPj4lrpZpSRp6O1l8E=,1055.0
consensus_latency,8iYsCdBNxHzLxntl5FIVwxF0oe1WakV/8Tce+ndX1Ig=,1055.0
consensus_latency,/P/WZPiPSc+702aAecYNCZ97LWPglqaYbe9PdYSNSc0=,1055.0
consensus_latency,JDM3+EdIFd5XRSMpcdAsdTPfLUBA9b/NSm/jU8adtMM=,1060.0
consensus_latency,RJNZYDKREJ7zcQn9Tw4VRj5yZQRQzxO2F47X99s5jqo=,1060.0
consensus_latency,oT/J6yx1Ud6jpwoHPabbNwC8Nl1EAJMnKjfZ57JHxbo=,1060.0
consensus_latency,pGT86EeBHf1zuAvx3G7SFT7ZZgKnDA82v/nW5Z5rVbA=,1060.0
consensus_latency,y8aPy8TGzqiuUN5xfSuuJQWWK09HX8BYbarlwbLszRU=,1060.0
consensus_latency,Cg0EY+Lbo+otS9GbsmdsSwBFptkgBO0jOeFYfSYKL0Y=,1059.0
consensus_latency,upGp4rJtNdZ4EbVJU1H6PtCsH5Xf4BhkJ+Br6aNkmDg=,1059.0
consensus_latency,7nQMVbIFha/sC0509FgJn5E71AjayAs95FvYjjBKAsE=,1059.0
consensus_latency,/e4NIeo9JOt9Yt8TDF3xJfDx5C7buDJMmTnjGOAorDY=,1059.0
consensus_latency,R9DYXbdrGBj818h5ErfsfxrK8ng4TFDAGqyzJKQVPW0=,1055.0
consensus_latency,b7hqxv0ChbzLTFQVFTnmQvFEIe4QrqeJNNbTH1l/JdE=,1055.0
consensus_latency,cFBQaWjZSWChMWeZmRfOkMxujpPnufmIKu9tvKO/unM=,1055.0
consensus_latency,mtvSXm42676biUso4wpn9mu6XXi6npiKZSDcm949Kic=,1055.0
consensus_latency,7I2nd5yAyH8SO1ZKpXAZNFQHKSwWD83NgXgcJpqhNRc=,1055.0
consensus_latency,MRFU5I+F53/npLoOeb/wm2x0n/dydUGbuMrpB5zNGtc=,1057.0
consensus_latency,TC4T9EX5zJdsbH2zh2ZFQ1JZQyUocZv/6zVLoyyvpVQ=,1057.0
consensus_latency,gDm6TepdKJepdrLNGBofrjYkwaGcKpGwFR34bw4DRaw=,1057.0
consensus_latency,01oXc/7QY6f8Q1E5lm3XUGVmeLtwSri4kHSwJjpXwqU=,1057.0
consensus_latency,/DBb6hfvkAfFkC6TcnX/37iuuZT0xsGDFA1yNT6nRMM=,1057.0
consensus_latency,BlABlMQNdG/bZ6GTbP0uFByjqvKzcX37v8VC6S7LTbM=,1052.0
consensus_latency,D28JCGeAPRtuy4zwBYT84SPHBRFuUtvB4ZGpC6JcpwI=,1052.0
consensus_latency,Mk5HW2B+pEdK8qGjxZhVzuyxmk6qYafmkyr6mfhfmk0=,1052.0
consensus_latency,4xOZgiKHXbv+zokmceuEgy60xFGUNWCabkjvNeeotfI=,1052.0
consensus_latency,M+cwh8eY3r2QhpeXFHtIhRtaFkBhVh4K2vlX2iyy5hI=,1052.0
consensus_latency,VrhipsLCzn1Lvc5MQVLHOZcuyUIVjlxUH5vx0+8UuWo=,1029.0
consensus_latency,ecf8tb30kJPFMANa0TG/c1w7gZZWvL9/9dY+TUEPBnI=,1029.0
consensus_latency,xfOSSzLaF/L4QzzdfNg8yPAXzQIchgZBrLFxIHkQdsQ=,1029.0
consensus_latency,M7B1CjMteqZxxCwBPor1SJgqZ99uGbRXU0P4Z0c9aJw=,1050.0
consensus_latency,UX+xt9JOP9QSLziwco/b05KMCq7otcS72MP/1UK10j0=,1050.0
consensus_latency,biGgt+AOzL6MhKVUATBnUEreHCkM+llHKVHRSjER3+g=,1050.0
consensus_latency,sD71arb/vnPEZvR/XoAoWF9uPoX8mmVCySEO64zC/kM=,1050.0
consensus_latency,BN1l4U9zPy3UboJ1jpX9DIIysQ/RSeDt2VAD0sRZtNk=,839.0
consensus_latency,T4fNP/53Pvuyb8BB575eFchSou/1iGeTuDLiZ7de5yI=,839.0
consensus_latency,mSAj/kSRljIH4HHJrGCrB3dzZYqIjaRMk1DURKI9O1Q=,838.0
consensus_latency,vGl1XLKMD+sr8SXNZoqmuwCYXdF25ADFWbmXv55i2rs=,838.0
consensus_latency,AWA/ulbk9lkk5iyx9oJmY9/F+hg3kvdiRTHtEJFxqxo=,845.0
consensus_latency,Qm2Be6Y5AEFj6MCiXdReJQmYPleIY9nwEjPeyjImOGs=,845.0
consensus_latency,YUJzmyrb4rPX7lGYK61S/qxyMZLQJkNf4C6aBt1Fkjc=,845.0
consensus_latency,dYnU+FRgNhpX9OtG4hzyzsTS+mYoJH3vWOTPSR+wPIs=,845.0
consensus_latency,WCMIFDKIgfemlZTlYoEBbHljqS139ZIC5ANQjTsuQMY=,848.0
consensus_latency,q5EK/XldHFvqHeE7aPMcQ+Syl4q5tjg/ONZsY5bcbgw=,848.0
consensus_latency,rS7bpnGHnlqGLLWz2Gv3jJ6q+vQErPk8puRsSbI1Iuk=,848.0
consensus_latency,/jGTe0P8EmUIy8LZk+vbC5gqeBA8W+iap/F5YSUu3Nc=,848.0
consensus_latency,XPsbU/dLX75mAQqCbcL/VZvrkVp2DzNLLgV/L8jZnWQ=,837.0
consensus_latency,kVyhGeGEDiHLj1ksjZSvFn6aIddSQEgCYDb6ecp7Cuk=,837.0
consensus_latency,k9qOwg7togw/67fk3gFxCzN4IMgill61O0ncMEaXg3k=,837.0
consensus_latency,uxUU1Tlf5OOfODuVEJNUoYyYR8+zc1hM9EGVr9AVcK0=,837.0
consensus_latency,aU8LPrCr6iXz/PJkltLsZLI1Zj5GdmgrvJ3Ir0+3jHs=,842.0
consensus_latency,xv/hiyscmHWk5PzFeZ7CA/fYhH5juB0CIFIlT7/uE/g=,842.0
consensus_latency,zgJsSvknL76oX5jvNPN0pfxXI2VG+x3cb5x48rqNDl4=,842.0
consensus_latency,2tJe5mxwvHKJifjpjvCrGyYbjTO0ghRrU0261qpIFdM=,842.0
consensus_latency,H8leP4/9nnMzs9BIOsftdJE+AiB4f2Jxi3w355hszkg=,845.0
consensus_latency,QYeAFMykd1H1ifXoWDEGC2yXhoUzMsh/wqexaSzddtg=,845.0
consensus_latency,tCJFvfAcn5nb9VR5khsqgjttSBPr2ZkPgL2DsFGBOao=,845.0
consensus_latency,Dh0YmtdBkDTUNRr2SZf946zotLtIqrNbp2r2d7lP/cg=,844.0
consensus_latency,FuIhECFPXcuSdd2FdsLSG0Td9Atusdan3XdiuvueQs4=,844.0
consensus_latency,xkwJjCXaJT53lDTx7/w+4IT5qV3izBuwXZCTuyNW6Ak=,844.0
consensus_latency,zyxdMKxMhiMgiwdYGYdE522J7NZ12lRWCb3cIuRXa+A=,844.0
consensus_latency,KJ+vJBaRLTLZXwqiz6/uYAqjQS+vDvrj/J5DXuUUs1g=,833.0
consensus_latency,N7wuO6vhxMzOUcFOzqkcINzNZf8WRboxqSOYPk0VbH8=,833.0
consensus_latency,OnwQUKhqrC0KPyP61zXoQyIC5Nd4lHr+dqUlXXcU4gs=,833.0
consensus_latency,4INa7RilbRt9pOAqC8nDPE3xabkwmEc7dJQI4jx5+vo=,833.0
consensus_latency,GvM9M8Gyc302Q3xPvrxyQx5eW5TMC9mivERpoEzvzOI=,844.0
consensus_latency,pdibyjIZx2kAX1R607w8851xAmTHiEf5mezQclgxhTU=,844.0
consensus_latency,uRwwPZeXyIWQr7u5QpEyYkekY99h3wqdztThvwkaiQ8=,844.0
consensus_latency,v+cbBjwAB0bT9Uk6FeGftDSIIMn2t/XqyYBSeFXwi0E=,844.0
consensus_latency,RuRg/C0I/8ROHZlY0BJO2wG+Y7K5RmFq8dAPfJ9BEBs=,660.0
consensus_latency,VTDKC6ZJfTncK8/UmnQd9vaIXq35Of6U5p6S7XmXdhI=,660.0
consensus_latency,p2llm+5EPKcWeTxIqVzIN4m9Efde7PjGCekJyQfGixI=,660.0
consensus_latency,7xHaj4RPlZZYaiU0QpRFbXgDOv3uJRDtN7mTGvdwQEg=,660.0
consensus_latency,CpJIMAhA48l7n0iVwO9r0q//UJMBvR2vNyjqCg3RF00=,661.0
consensus_latency,UfxoJWIf5s0TmvaqYXzh7K/EQb8RxUVxRiLz11HUnRw=,661.0
consensus_latency,WGxisv4VJH4yXKx6el2WuBSsnUZ3eTylLFkKHxTBsjA=,661.0
consensus_latency,0KJNgbJUSvIeTFULFwwyYYguwN3nyN1M1XkC8yZygng=,661.0
consensus_latency,IRrKbvMO04phARWwwKs5yfm/v0G/az0WMfjnhrZRIHY=,659.0
consensus_latency,TveRUuziNFxOHXMSTuqCjyHjxC91ql3NZEoUTaO0SfE=,659.0
consensus_latency,XANThzNuMy2d83gn5i1jtJmJAKd6SaMq+fXQuEAyJlI=,659.0
consensus_latency,lL+MwvEfQJyEAtlYuieHHQ08VvvZjtv0+VgFyS6dz8w=,659.0
consensus_latency,7ck3Xoiu6lkFMgvmP+7BGu7X+MxWtk8kb0y+rsFLN+4=,659.0
consensus_latency,77Ub33oqA0OVD3dFHKYU1RGTukrHsEyGnSYqulOMURI=,659.0
consensus_latency,Jsz3/PE4mPvbNjzga2V3jnptF6rOJ4amWrfhBzSsHko=,661.0
consensus_latency,1aHQl20NTkxyhDeV8Rq2cHsqLFS0vA+85yeLw42AzpM=,661.0
consensus_latency,1dbO14HdxIg1NdxXoZxEaOIDube1WZRvNSO4cLBDiV4=,661.0
consensus_latency,3kluwuDMUuuWg+CCLXuObJWO4PCtJeXSqShSvbrxZEk=,661.0
consensus_latency,3s2wrOr5REOd+zM14sZlCc1n4fCbYv9P77115KUfYsk=,661.0
consensus_latency,4wWAKSBsyO7fMcV4gFRH9fkOnzxwutCd24G8HYPTJNM=,661.0
consensus_latency,qAkw6//+biqHaD4rQCrvtiWlXQKpR1A0jO73WWKEiSc=,661.0
consensus_latency,qXVmIgwSsb2dBJZ3zqDMWCXl0ltfb9q+SR8nB1QQPKI=,661.0
consensus_latency,tQsw88Th6pSLeQxW/S7mo9jmYClbwQGJLFG/qbaPbkw=,661.0
consensus_latency,xVrPFm7MHN4wllbl9NguWcp+K13EY8C/701V4hDEu5Y=,661.0
consensus_latency,PosX3NqnEH7t0BentdZJQ/EnkLmjMysC5BeUH9YphFA=,609.0
consensus_latency,fbWAH5h1VapwOMGPSLXifU1hNzp3uBI8H0lQ8Mx38tI=,609.0
consensus_latency,6YvhXssYlE8CSvEI/eVW9NLeqq/78lp7XUtJN5TOcOw=,609.0
consensus_latency,9w9+hSM6CkkXC3rnHrVpBd/kzLndK56f+MkAkbcUjrY=,609.0
consensus_latency,JL2VpWfD+TnSkUmcDUxXJAb0HzOd34TJZTX8FAAHg5E=,609.0
consensus_latency,JqTIHyHzGZyVN+3P/VSMAzynkvsIVXZOcc/JgMiVRSc=,609.0
consensus_latency,t7gZueBl1K3HJvvgJElgfXV+iyIdC6A2dhDYHUgD8m4=,609.0
consensus_latency,8DyxiklpkXQoTxlVo/yFh7I3Y1CV3wctoUUsh54hwy8=,609.0
consensus_latency,H8MIzj+cD5vO/LDg0pp/CV8rd0RcQHdeBE95PhxDQ+M=,636.0
consensus_latency,ep0vF4cJ4WkPG6UybBpR5UUMnc7lUrmG0KUoVGA0v7g=,636.0
consensus_latency,k5IGowdNh8s9Wd+cIGx2zQvyIhjmnkfCBdpf8UfhzcA=,636.0
consensus_latency,o2lA/DcRCGl8+TKp3Guqh5fBIUvgf+FLNJasZ+6LGuA=,636.0
consensus_latency,G7uTOsdVmOxEV8K9GmABm8oqdErg44H6VxBw2es0qAA=,631.0
consensus_latency,NfjtJEWBOJpFTzDEXKtEfBiLVqO4xFFsLd2Krf3ZLm8=,631.0
consensus_latency,x0caMfu/vtFgqV0eJjMWsfBYx5mMG9LIs6UZANvMi3I=,631.0
consensus_latency,+uqSsn6R9xWOUt9fKSDFPJX4wTLXKJs8r1XbU+0dJoM=,631.0
consensus_latency,Pg1lL2lkyW2eDyoAbJCqtktrB3OJwbodo+R0UTNZvTw=,630.0
consensus_latency,fpQhCRXJWc+88jFMFpvcdqtqsuXA1Adj4Qcs+2b7j5M=,630.0
consensus_latency,jBsgQKhxyfEZMOACLIByX6z8cD8wsSPQsnHnnFn7a/8=,630.0
consensus_latency,9G5EenBYKuvNz1IReCDQ83yv3wLLutWZpgVZ0lBcfLo=,630.0
consensus_latency,R5iaky7kXmPU+7VD+yWNT6JMWxoWMKv60BGIF6uX8Ac=,632.0
consensus_latency,YYlDyscEB4FjPupK1ZttDxkfpUF502Q323una0qHfnI=,632.0
consensus_latency,hw90LzlnEca0mSjqawGg9TwGbomB0zicWH/Whs+FcTg=,632.0
consensus_latency,4a7sPhpwsb/I/tydrGLv1C1M+EmP+/tvdPK5X92G+fU=,632.0
consensus_latency,A3a+AbH8ZxSlWfPznZA5IimNNpjzPL/DAHnvi+LQXXU=,630.0
consensus_latency,IE5UwTmRclwmpE+LPRDQpgWHfmsysGln7szwoSUXge0=,630.0
consensus_latency,Svz7+EIcw8E+gVgpM7s8r7U9HLOQvA3V09NP3WrXAkU=,630.0
consensus_latency,fmIPzGlWJPyhcretyzgf3rm7pMSnfA2YogjM4/doVI0=,630.0
consensus_latency,jR91vkfJDYAlfpUphoou2RSQG5GHT0goIKQCFt5TGxc=,630.0
consensus_latency,Cf+IZu+hzKIltAl/0E3slQ+4a90Lgvn5ZH5nstp+hm4=,606.0
consensus_latency,u1SlnnZKpNGct3qhDc5HMXYXM7m15rk9W6c5BAdiXx0=,606.0
consensus_latency,vdaDGSF2uPkhuz9HYmE5Zgeb3N9qtdU26tlk68WiMz8=,606.0
consensus_latency,7Q2F5fM5BQI4G3zLb9iwUrO/Nnl9s2X5hAWDxEH7ZCs=,606.0
consensus_latency,GexD7bU2E5pUdJnMnFWcF5y4FBhIrsAWHLDeeYjo6XY=,632.0
consensus_latency,KJ5upPWsxyAmy3lDvT2DRGI02jygWW2uAHyNwmOn7e4=,632.0
consensus_latency,NDu15VFp0srXdKVOuv09HrfyidcAAa8DLSjtZZLhFS0=,631.0
consensus_latency,XVl5gwZxfheQ7hISrAzHrsDUTTDfrWlfmr4YpygUBek=,631.0
consensus_latency,aN9Uzyv1gDrvofT3AEzR7Wt4mV7TPDxPHJb2e/yeTgI=,376.0
consensus_latency,dlNmqP1eolsai/Ivid8PEK8NxCHNRsv/Lb/7p5fRLP4=,376.0
consensus_latency,mlSgz8fScddCep52TpDGJ8ShYRLfFb13dH0KNoHi1W0=,376.0
consensus_latency,v54SDt8fs+/Er0ABe9W58zQQHjfDhfYA2EUu0gGTX7g=,376.0
consensus_latency,3ql0g20Yj/biubOOlJ7D2SL6joQepjazDSER5Nh9Twg=,376.0
end_to_end_latency,0,1896.0
end_to_end_latency,1,1845.0
end_to_end_latency,9,1446.0
end_to_end_latency,10,1396.0
end_to_end_latency,11,1346.0
end_to_end_latency,12,1296.0
end_to_end_latency,13,1246.0
end_to_end_latency,14,1196.0
end_to_end_latency,15,1146.0
end_to_end_latency,16,1096.0
end_to_end_latency,17,1046.0
end_to_end_latency,18,996.0
end_to_end_latency,26,1206.0
end_to_end_latency,27,1156.0
end_to_end_latency,28,1106.0
end_to_end_latency,33,1172.0
end_to_end_latency,34,1122.0
end_to_end_latency,35,1072.0
end_to_end_latency,36,1022.0
end_to_end_latency,37,972.0
end_to_end_latency,38,922.0
end_to_end_latency,43,1142.0
end_to_end_latency,44,1092.0
end_to_end_latency,45,1042.0
end_to_end_latency,46,992.0
end_to_end_latency,47,942.0
end_to_end_latency,52,1680.0
end_to_end_latency,53,1630.0
end_to_end_latency,54,1580.0
end_to_end_latency,55,1531.0
end_to_end_latency,56,1480.0
end_to_end_latency,57,1430.0
end_to_end_latency,62,1182.0
end_to_end_latency,63,1131.0
end_to_end_latency,64,1081.0
end_to_end_latency,65,1032.0
end_to_end_latency,73,1106.0
end_to_end_latency,74,1056.0
end_to_end_latency,75,1006.0
end_to_end_latency,76,955.0
end_to_end_latency,82,1158.0
end_to_end_latency,83,1108.0
end_to_end_latency,84,1058.0
end_to_end_latency,85,1008.0
end_to_end_latency,86,958.0
end_to_end_latency,91,1325.0
end_to_end_latency,92,1274.0
end_to_end_latency,93,1224.0
end_to_end_latency,94,1174.0
end_to_end_latency,95,1124.0
end_to_end_latency,96,1074.0
end_to_end_latency,101,1650.0
end_to_end_latency,102,1600.0
end_to_end_latency,103,1550.0
end_to_end_latency,104,1500.0
end_to_end_latency,105,1450.0
end_to_end_latency,106,1399.0
end_to_end_latency,112,1101.0
end_to_end_latency,113,1051.0
end_to_end_latency,114,1001.0
end_to_end_latency,115,951.0
end_to_end_latency,122,1294.0
end_to_end_latency,123,1244.0
end_to_end_latency,124,1194.0
end_to_end_latency,132,1122.0
end_to_end_latency,133,1072.0
end_to_end_latency,134,1022.0
end_to_end_latency,135,972.0
end_to_end_latency,140,1223.0
end_to_end_latency,141,1173.0
end_to_end_latency,142,1123.0
end_to_end_latency,143,1073.0
end_to_end_latency,144,1023.0
end_to_end_latency,145,973.0
end_to_end_latency,151,1647.0
end_to_end_latency,152,1598.0
end_to_end_latency,153,1548.0
end_to_end_latency,154,1497.0
end_to_end_latency,155,1448.0
end_to_end_latency,156,1398.0
end_to_end_latency,161,1149.0
end_to_end_latency,162,1099.0
end_to_end_latency,163,1049.0
end_to_end_latency,164,999.0
end_to_end_latency,171,1139.0
end_to_end_latency,172,1088.0
end_to_end_latency,173,1039.0
end_to_end_latency,174,989.0
end_to_end_latency,179,1273.0
end_to_end_latency,180,1224.0
end_to_end_latency,181,1174.0
end_to_end_latency,182,1124.0
end_to_end_latency,183,1073.0
end_to_end_latency,184,1024.0
end_to_end_latency,190,1186.0
end_to_end_latency,191,1138.0
end_to_end_latency,192,1086.0
end_to_end_latency,193,1037.0
end_to_end_latency,194,988.0
end_to_end_latency,195,937.0
end_to_end_latency,200,1816.0
end_to_end_latency,201,1766.0
end_to_end_latency,202,1716.0
end_to_end_latency,203,1666.0
end_to_end_latency,204,1615.0
end_to_end_latency,205,1566.0
end_to_end_latency,210,1316.0
end_to_end_latency,211,1267.0
end_to_end_latency,212,1217.0
end_to_end_latency,213,1167.0
end_to_end_latency,214,1116.0
end_to_end_latency,219,1172.0
end_to_end_latency,220,1122.0
end_to_end_latency,221,1071.0
end_to_end_latency,222,1022.0
end_to_end_latency,223,971.0
end_to_end_latency,229,1134.0
end_to_end_latency,230,1083.0
end_to_end_latency,231,1034.0
end_to_end_latency,232,984.0
end_to_end_latency,233,933.0
end_to_end_latency,239,1256.0
end_to_end_latency,240,1207.0
end_to_end_latency,241,1156.0
end_to_end_latency,242,1106.0
end_to_end_latency,248,1773.0
end_to_end_latency,249,1724.0
end_to_end_latency,250,1673.0
end_to_end_latency,251,1624.0
end_to_end_latency,252,1574.0
end_to_end_latency,258,1275.0
end_to_end_latency,259,1225.0
end_to_end_latency,260,1175.0
end_to_end_latency,261,1125.0
end_to_end_latency,268,1081.0
end_to_end_latency,269,1030.0
end_to_end_latency,270,980.0
end_to_end_latency,271,931.0
end_to_end_latency,272,881.0
end_to_end_latency,276,1167.0
end_to_end_latency,277,1117.0
end_to_end_latency,278,1067.0
end_to_end_latency,279,1017.0
end_to_end_latency,280,967.0
end_to_end_latency,281,917.0
end_to_end_latency,287,1083.0
end_to_end_latency,288,1032.0
end_to_end_latency,289,983.0
end_to_end_latency,290,933.0
end_to_end_latency,296,1782.0
end_to_end_latency,297,1733.0
end_to_end_latency,298,1683.0
end_to_end_latency,299,1633.0
end_to_end_latency,300,1583.0
end_to_end_latency,301,1533.0
end_to_end_latency,306,1286.0
end_to_end_latency,307,1235.0
end_to_end_latency,308,1184.0
end_to_end_latency,309,1134.0
end_to_end_latency,310,1084.0
end_to_end_latency,314,1126.0
end_to_end_latency,315,1076.0
end_to_end_latency,316,1026.0
end_to_end_latency,317,976.0
end_to_end_latency,318,926.0
end_to_end_latency,319,876.0
end_to_end_latency,326,1035.0
end_to_end_latency,327,985.0
end_to_end_latency,328,935.0
end_to_end_latency,334,1075.0
end_to_end_latency,335,1025.0
end_to_end_latency,336,975.0
end_to_end_latency,337,925.0
end_to_end_latency,343,1728.0
end_to_end_latency,344,1678.0
end_to_end_latency,345,1628.0
end_to_end_latency,346,1578.0
end_to_end_latency,347,1528.0
end_to_end_latency,353,1229.0
end_to_end_latency,354,1179.0
end_to_end_latency,355,1129.0
end_to_end_latency,356,1079.0
end_to_end_latency,357,1029.0
end_to_end_latency,362,1092.0
end_to_end_latency,363,1042.0
end_to_end_latency,364,992.0
end_to_end_latency,365,942.0
end_to_end_latency,366,892.0
end_to_end_latency,372,1059.0
end_to_end_latency,373,1009.0
end_to_end_latency,374,959.0
end_to_end_latency,375,909.0
end_to_end_latency,376,859.0
end_to_end_latency,381,1088.0
end_to_end_latency,382,1038.0
end_to_end_latency,383,988.0
end_to_end_latency,384,938.0
end_to_end_latency,391,1496.0
end_to_end_latency,392,1445.0
end_to_end_latency,393,1395.0
end_to_end_latency,399,1096.0
end_to_end_latency,400,1046.0
end_to_end_latency,401,949.0
end_to_end_latency,402,945.0
end_to_end_latency,403,896.0
end_to_end_latency,408,1270.0
end_to_end_latency,409,1220.0
end_to_end_latency,410,1170.0
end_to_end_latency,411,1119.0
end_to_end_latency,412,1070.0
end_to_end_latency,413,1020.0
end_to_end_latency,418,1080.0
end_to_end_latency,419,1030.0
end_to_end_latency,420,980.0
end_to_end_latency,421,930.0
end_to_end_latency,422,880.0
end_to_end_latency,427,1266.0
end_to_end_latency,428,1216.0
end_to_end_latency,429,1166.0
end_to_end_latency,430,1116.0
end_to_end_latency,431,1066.0
end_to_end_latency,436,1787.0
end_to_end_latency,437,1737.0
end_to_end_latency,438,1687.0
end_to_end_latency,439,1637.0
end_to_end_latency,440,1586.0
end_to_end_latency,441,1537.0
end_to_end_latency,446,1288.0
end_to_end_latency,447,1238.0
end_to_end_latency,448,1188.0
end_to_end_latency,449,1138.0
end_to_end_latency,456,1092.0
end_to_end_latency,457,1043.0
end_to_end_latency,458,992.0
end_to_end_latency,459,943.0
end_to_end_latency,464,1173.0
end_to_end_latency,465,1123.0
end_to_end_latency,466,1073.0
end_to_end_latency,467,1023.0
end_to_end_latency,468,973.0
end_to_end_latency,469,922.0
end_to_end_latency,475,1277.0
end_to_end_latency,476,1227.0
end_to_end_latency,477,1177.0
end_to_end_latency,478,1127.0
end_to_end_latency,484,1618.0
end_to_end_latency,485,1568.0
end_to_end_latency,486,1518.0
end_to_end_latency,487,1468.0
end_to_end_latency,488,1418.0
end_to_end_latency,493,1169.0
end_to_end_latency,494,1119.0
end_to_end_latency,495,1068.0
end_to_end_latency,496,1019.0
end_to_end_latency,497,969.0
end_to_end_latency,498,919.0
end_to_end_latency,503,1160.0
end_to_end_latency,504,1109.0
end_to_end_latency,505,1060.0
end_to_end_latency,506,1010.0
end_to_end_latency,507,960.0
end_to_end_latency,512,1303.0
end_to_end_latency,513,1253.0
end_to_end_latency,514,1203.0
end_to_end_latency,515,1153.0
end_to_end_latency,516,1102.0
end_to_end_latency,517,1053.0
end_to_end_latency,522,1302.0
end_to_end_latency,523,1253.0
end_to_end_latency,524,1203.0
end_to_end_latency,525,1152.0
end_to_end_latency,526,1103.0
end_to_end_latency,532,1703.0
end_to_end_latency,533,1653.0
end_to_end_latency,534,1603.0
end_to_end_latency,535,1553.0
end_to_end_latency,540,1303.0
end_to_end_latency,541,1253.0
end_to_end_latency,542,1204.0
end_to_end_latency,543,1154.0
end_to_end_latency,544,1104.0
end_to_end_latency,545,1054.0
end_to_end_latency,546,1004.0
end_to_end_latency,551,1038.0
end_to_end_latency,552,988.0
end_to_end_latency,553,938.0
end_to_end_latency,554,888.0
end_to_end_latency,559,1074.0
end_to_end_latency,560,1024.0
end_to_end_latency,561,974.0
end_to_end_latency,562,924.0
end_to_end_latency,563,874.0
end_to_end_latency,564,823.0
end_to_end_latency,569,1056.0
end_to_end_latency,570,1005.0
end_to_end_latency,571,955.0
end_to_end_latency,572,906.0
end_to_end_latency,573,855.0
end_to_end_latency,577,1574.0
end_to_end_latency,578,1524.0
end_to_end_latency,579,1474.0
end_to_end_latency,580,1424.0
end_to_end_latency,585,1174.0
end_to_end_latency,586,1125.0
end_to_end_latency,587,1074.0
end_to_end_latency,588,1024.0
end_to_end_latency,589,974.0
end_to_end_latency,590,924.0
end_to_end_latency,591,874.0
end_to_end_latency,0,1898.0
end_to_end_latency,1,1849.0
end_to_end_latency,2,1798.0
end_to_end_latency,3,1749.0
end_to_end_latency,4,1700.0
end_to_end_latency,5,1650.0
end_to_end_latency,6,1599.0
end_to_end_latency,7,1550.0
end_to_end_latency,8,1499.0
end_to_end_latency,9,1450.0
end_to_end_latency,10,1400.0
end_to_end_latency,11,1349.0
end_to_end_latency,12,1300.0
end_to_end_latency,13,1249.0
end_to_end_latency,14,1200.0
end_to_end_latency,15,1150.0
end_to_end_latency,16,1099.0
end_to_end_latency,17,1049.0
end_to_end_latency,18,999.0
end_to_end_latency,19,950.0
end_to_end_latency,20,900.0
end_to_end_latency,21,849.0
end_to_end_latency,22,800.0
end_to_end_latency,23,1359.0
end_to_end_latency,24,1309.0
end_to_end_latency,25,1259.0
end_to_end_latency,26,1210.0
end_to_end_latency,27,1160.0
end_to_end_latency,28,1111.0
end_to_end_latency,29,1060.0
end_to_end_latency,30,1011.0
end_to_end_latency,31,1275.0
end_to_end_latency,32,1226.0
end_to_end_latency,33,1176.0
end_to_end_latency,34,1125.0
end_to_end_latency,35,1076.0
end_to_end_latency,36,1025.0
end_to_end_latency,37,975.0
end_to_end_latency,38,925.0
end_to_end_latency,39,875.0
end_to_end_latency,40,826.0
end_to_end_latency,41,775.0
end_to_end_latency,42,726.0
end_to_end_latency,43,675.0
end_to_end_latency,44,626.0
end_to_end_latency,45,1045.0
end_to_end_latency,46,995.0
end_to_end_latency,47,946.0
end_to_end_latency,48,896.0
end_to_end_latency,49,845.0
end_to_end_latency,50,1784.0
end_to_end_latency,51,1733.0
end_to_end_latency,52,1684.0
end_to_end_latency,53,1633.0
end_to_end_latency,54,1584.0
end_to_end_latency,55,1533.0
end_to_end_latency,56,1484.0
end_to_end_latency,57,1434.0
end_to_end_latency,58,1383.0
end_to_end_latency,59,1333.0
end_to_end_latency,60,1284.0
end_to_end_latency,61,1234.0
end_to_end_latency,62,1185.0
end_to_end_latency,63,1134.0
end_to_end_latency,64,1084.0
end_to_end_latency,65,1034.0
end_to_end_latency,66,984.0
end_to_end_latency,67,934.0
end_to_end_latency,68,1360.0
end_to_end_latency,69,1309.0
end_to_end_latency,70,1259.0
end_to_end_latency,71,1210.0
end_to_end_latency,72,1160.0
end_to_end_latency,73,1109.0
end_to_end_latency,74,1060.0
end_to_end_latency,75,1011.0
end_to_end_latency,76,960.0
end_to_end_latency,77,911.0
end_to_end_latency,78,1361.0
end_to_end_latency,79,1311.0
end_to_end_latency,80,1262.0
end_to_end_latency,81,1211.0
end_to_end_latency,82,1162.0
end_to_end_latency,83,1111.0
end_to_end_latency,84,1062.0
end_to_end_latency,85,1013.0
end_to_end_latency,86,962.0
end_to_end_latency,87,912.0
end_to_end_latency,88,862.0
end_to_end_latency,89,812.0
end_to_end_latency,90,762.0
end_to_end_latency,91,712.0
end_to_end_latency,92,662.0
end_to_end_latency,93,612.0
end_to_end_latency,94,1178.0
end_to_end_latency,95,1127.0
end_to_end_latency,96,1077.0
end_to_end_latency,97,1027.0
end_to_end_latency,98,977.0
end_to_end_latency,99,1754.0
end_to_end_latency,100,1703.0
end_to_end_latency,101,1654.0
end_to_end_latency,102,1603.0
end_to_end_latency,103,1554.0
end_to_end_latency,104,1504.0
end_to_end_latency,105,1454.0
end_to_end_latency,106,1404.0
end_to_end_latency,107,1354.0
end_to_end_latency,108,1304.0
end_to_end_latency,109,1254.0
end_to_end_latency,110,1204.0
end_to_end_latency,111,1155.0
end_to_end_latency,112,1104.0
end_to_end_latency,113,1055.0
end_to_end_latency,114,1005.0
end_to_end_latency,115,956.0
end_to_end_latency,116,905.0
end_to_end_latency,117,1547.0
end_to_end_latency,118,1497.0
end_to_end_latency,119,1447.0
end_to_end_latency,120,1397.0
end_to_end_latency,121,1347.0
end_to_end_latency,122,1298.0
end_to_end_latency,123,1248.0
end_to_end_latency,124,1198.0
end_to_end_latency,125,1149.0
end_to_end_latency,126,1098.0
end_to_end_latency,127,1048.0
end_to_end_latency,128,1326.0
end_to_end_latency,129,1275.0
end_to_end_latency,130,1225.0
end_to_end_latency,131,1175.0
end_to_end_latency,132,1125.0
end_to_end_latency,133,1075.0
end_to_end_latency,134,1025.0
end_to_end_latency,135,975.0
end_to_end_latency,136,926.0
end_to_end_latency,137,875.0
end_to_end_latency,138,825.0
end_to_end_latency,139,775.0
end_to_end_latency,140,725.0
end_to_end_latency,141,675.0
end_to_end_latency,142,625.0
end_to_end_latency,143,1076.0
end_to_end_latency,144,1026.0
end_to_end_latency,145,976.0
end_to_end_latency,146,926.0
end_to_end_latency,147,876.0
end_to_end_latency,148,1801.0
end_to_end_latency,149,1751.0
end_to_end_latency,150,1701.0
end_to_end_latency,151,1651.0
end_to_end_latency,152,1601.0
end_to_end_latency,153,1551.0
end_to_end_latency,154,1501.0
end_to_end_latency,155,1451.0
end_to_end_latency,156,1401.0
end_to_end_latency,157,1351.0
end_to_end_latency,158,1301.0
end_to_end_latency,159,1251.0
end_to_end_latency,160,1201.0
end_to_end_latency,161,1152.0
end_to_end_latency,162,1103.0
end_to_end_latency,163,1052.0
end_to_end_latency,164,1002.0
end_to_end_latency,165,952.0
end_to_end_latency,166,902.0
end_to_end_latency,167,852.0
end_to_end_latency,168,802.0
end_to_end_latency,169,1242.0
end_to_end_latency,170,1192.0
end_to_end_latency,171,1142.0
end_to_end_latency,172,1092.0
end_to_end_latency,173,1043.0
end_to_end_latency,174,993.0
end_to_end_latency,175,943.0
end_to_end_latency,176,893.0
end_to_end_latency,177,1377.0
end_to_end_latency,178,1327.0
end_to_end_latency,179,1278.0
end_to_end_latency,180,1227.0
end_to_end_latency,181,1177.0
end_to_end_latency,182,1126.0
end_to_end_latency,183,1077.0
end_to_end_latency,184,1027.0
end_to_end_latency,185,977.0
end_to_end_latency,186,927.0
end_to_end_latency,187,878.0
end_to_end_latency,188,828.0
end_to_end_latency,189,778.0
end_to_end_latency,190,728.0
end_to_end_latency,191,677.0
end_to_end_latency,192,1091.0
end_to_end_latency,193,1042.0
end_to_end_latency,194,991.0
end_to_end_latency,195,941.0
end_to_end_latency,196,892.0
end_to_end_latency,197,841.0
end_to_end_latency,198,1918.0
end_to_end_latency,199,1869.0
end_to_end_latency,200,1819.0
end_to_end_latency,201,1769.0
end_to_end_latency,202,1719.0
end_to_end_latency,203,1668.0
end_to_end_latency,204,1619.0
end_to_end_latency,205,1569.0
end_to_end_latency,206,1519.0
end_to_end_latency,207,1469.0
end_to_end_latency,208,1418.0
end_to_end_latency,209,1369.0
end_to_end_latency,210,1319.0
end_to_end_latency,211,1269.0
end_to_end_latency,212,1220.0
end_to_end_latency,213,1170.0
end_to_end_latency,214,1120.0
end_to_end_latency,215,1070.0
end_to_end_latency,216,1325.0
end_to_end_latency,217,1275.0
end_to_end_latency,218,1225.0
end_to_end_latency,219,1175.0
end_to_end_latency,220,1125.0
end_to_end_latency,221,1075.0
end_to_end_latency,222,1025.0
end_to_end_latency,223,975.0
end_to_end_latency,224,925.0
end_to_end_latency,225,875.0
end_to_end_latency,226,1286.0
end_to_end_latency,227,1236.0
end_to_end_latency,228,1186.0
end_to_end_latency,229,1136.0
end_to_end_latency,230,1086.0
end_to_end_latency,231,1037.0
end_to_end_latency,232,988.0
end_to_end_latency,233,937.0
end_to_end_latency,234,887.0
end_to_end_latency,235,837.0
end_to_end_latency,236,786.0
end_to_end_latency,237,737.0
end_to_end_latency,238,687.0
end_to_end_latency,239,637.0
end_to_end_latency,240,587.0
end_to_end_latency,241,1161.0
end_to_end_latency,242,1111.0
end_to_end_latency,243,1061.0
end_to_end_latency,244,1978.0
end_to_end_latency,245,1927.0
end_to_end_latency,246,1877.0
end_to_end_latency,247,1827.0
end_to_end_latency,248,1777.0
end_to_end_latency,249,1727.0
end_to_end_latency,250,1677.0
end_to_end_latency,251,1627.0
end_to_end_latency,252,1577.0
end_to_end_latency,253,1527.0
end_to_end_latency,254,1477.0
end_to_end_latency,255,1427.0
end_to_end_latency,256,1376.0
end_to_end_latency,257,1327.0
end_to_end_latency,258,1277.0
end_to_end_latency,259,1228.0
end_to_end_latency,260,1177.0
end_to_end_latency,261,1128.0
end_to_end_latency,262,1077.0
end_to_end_latency,263,1333.0
end_to_end_latency,264,1282.0
end_to_end_latency,265,1232.0
end_to_end_latency,266,1183.0
end_to_end_latency,267,1132.0
end_to_end_latency,268,1083.0
end_to_end_latency,269,1034.0
end_to_end_latency,270,983.0
end_to_end_latency,271,934.0
end_to_end_latency,272,883.0
end_to_end_latency,273,834.0
end_to_end_latency,274,1269.0
end_to_end_latency,275,1219.0
end_to_end_latency,276,1170.0
end_to_end_latency,277,1120.0
end_to_end_latency,278,1069.0
end_to_end_latency,279,1020.0
end_to_end_latency,280,970.0
end_to_end_latency,281,920.0
end_to_end_latency,282,870.0
end_to_end_latency,283,820.0
end_to_end_latency,284,770.0
end_to_end_latency,285,721.0
end_to_end_latency,286,671.0
end_to_end_latency,287,621.0
end_to_end_latency,288,1037.0
end_to_end_latency,289,987.0
end_to_end_latency,290,936.0
end_to_end_latency,291,887.0
end_to_end_latency,292,836.0
end_to_end_latency,293,1935.0
end_to_end_latency,294,1885.0
end_to_end_latency,295,1834.0
end_to_end_latency,296,1785.0
end_to_end_latency,297,1736.0
end_to_end_latency,298,1686.0
end_to_end_latency,299,1635.0
end_to_end_latency,300,1587.0
end_to_end_latency,301,1536.0
end_to_end_latency,302,1487.0
end_to_end_latency,303,1438.0
end_to_end_latency,304,1388.0
end_to_end_latency,305,1337.0
end_to_end_latency,306,1288.0
end_to_end_latency,307,1237.0
end_to_end_latency,308,1189.0
end_to_end_latency,309,1139.0
end_to_end_latency,310,1089.0
end_to_end_latency,311,1038.0
end_to_end_latency,312,1228.0
end_to_end_latency,313,1179.0
end_to_end_latency,314,1129.0
end_to_end_latency,315,1079.0
end_to_end_latency,316,1029.0
end_to_end_latency,317,980.0
end_to_end_latency,318,929.0
end_to_end_latency,319,880.0
end_to_end_latency,320,1338.0
end_to_end_latency,321,1289.0
end_to_end_latency,322,1238.0
end_to_end_latency,323,1189.0
end_to_end_latency,324,1139.0
end_to_end_latency,325,1089.0
end_to_end_latency,326,1040.0
end_to_end_latency,327,989.0
end_to_end_latency,328,940.0
end_to_end_latency,329,889.0
end_to_end_latency,330,839.0
end_to_end_latency,331,789.0
end_to_end_latency,332,739.0
end_to_end_latency,333,690.0
end_to_end_latency,334,639.0
end_to_end_latency,335,1030.0
end_to_end_latency,336,979.0
end_to_end_latency,337,930.0
end_to_end_latency,338,879.0
end_to_end_latency,339,830.0
end_to_end_latency,340,779.0
end_to_end_latency,341,1832.0
end_to_end_latency,342,1781.0
end_to_end_latency,343,1732.0
end_to_end_latency,344,1681.0
end_to_end_latency,345,1632.0
end_to_end_latency,346,1581.0
end_to_end_latency,347,1532.0
end_to_end_latency,348,1481.0
end_to_end_latency,349,1431.0
end_to_end_latency,350,1383.0
end_to_end_latency,351,1332.0
end_to_end_latency,352,1282.0
end_to_end_latency,353,1233.0
end_to_end_latency,354,1182.0
end_to_end_latency,355,1132.0
end_to_end_latency,356,1082.0
end_to_end_latency,357,1033.0
end_to_end_latency,358,1294.0
end_to_end_latency,359,1245.0
end_to_end_latency,360,1194.0
end_to_end_latency,361,1145.0
end_to_end_latency,362,1095.0
end_to_end_latency,363,1045.0
end_to_end_latency,364,995.0
end_to_end_latency,365,946.0
end_to_end_latency,366,895.0
end_to_end_latency,367,1311.0
end_to_end_latency,368,1261.0
end_to_end_latency,369,1211.0
end_to_end_latency,370,1161.0
end_to_end_latency,371,1111.0
end_to_end_latency,372,1063.0
end_to_end_latency,373,1013.0
end_to_end_latency,374,963.0
end_to_end_latency,375,913.0
end_to_end_latency,376,862.0
end_to_end_latency,377,812.0
end_to_end_latency,378,762.0
end_to_end_latency,379,712.0
end_to_end_latency,380,662.0
end_to_end_latency,381,612.0
end_to_end_latency,382,1042.0
end_to_end_latency,383,993.0
end_to_end_latency,384,942.0
end_to_end_latency,385,893.0
end_to_end_latency,386,1748.0
end_to_end_latency,387,1697.0
end_to_end_latency,388,1648.0
end_to_end_latency,389,1597.0
end_to_end_latency,390,1548.0
end_to_end_latency,391,1498.0
end_to_end_latency,392,1449.0
end_to_end_latency,393,1399.0
end_to_end_latency,394,1348.0
end_to_end_latency,395,1299.0
end_to_end_latency,396,1248.0
end_to_end_latency,397,1198.0
end_to_end_latency,398,1148.0
end_to_end_latency,399,1098.0
end_to_end_latency,400,1048.0
end_to_end_latency,401,1000.0
end_to_end_latency,402,949.0
end_to_end_latency,403,899.0
end_to_end_latency,404,849.0
end_to_end_latency,405,1423.0
end_to_end_latency,406,1373.0
end_to_end_latency,407,1324.0
end_to_end_latency,408,1273.0
end_to_end_latency,409,1223.0
end_to_end_latency,410,1173.0
end_to_end_latency,411,1123.0
end_to_end_latency,412,1073.0
end_to_end_latency,413,1332.0
end_to_end_latency,414,1282.0
end_to_end_latency,415,1232.0
end_to_end_latency,416,1182.0
end_to_end_latency,417,1132.0
end_to_end_latency,418,1082.0
end_to_end_latency,419,1033.0
end_to_end_latency,420,983.0
end_to_end_latency,421,934.0
end_to_end_latency,422,883.0
end_to_end_latency,423,833.0
end_to_end_latency,424,784.0
end_to_end_latency,425,733.0
end_to_end_latency,426,683.0
end_to_end_latency,427,633.0
end_to_end_latency,428,583.0
end_to_end_latency,429,1169.0
end_to_end_latency,430,1119.0
end_to_end_latency,431,1069.0
end_to_end_latency,432,1019.0
end_to_end_latency,433,1939.0
end_to_end_latency,434,1890.0
end_to_end_latency,435,1839.0
end_to_end_latency,436,1789.0
end_to_end_latency,437,1739.0
end_to_end_latency,438,1690.0
end_to_end_latency,439,1640.0
end_to_end_latency,440,1591.0
end_to_end_latency,441,1540.0
end_to_end_latency,442,1491.0
end_to_end_latency,443,1441.0
end_to_end_latency,444,1392.0
end_to_end_latency,445,1341.0
end_to_end_latency,446,1291.0
end_to_end_latency,447,1241.0
end_to_end_latency,448,1191.0
end_to_end_latency,449,1141.0
end_to_end_latency,450,1091.0
end_to_end_latency,451,1042.0
end_to_end_latency,452,992.0
end_to_end_latency,453,1246.0
end_to_end_latency,454,1196.0
end_to_end_latency,455,1146.0
end_to_end_latency,456,1095.0
end_to_end_latency,457,1046.0
end_to_end_latency,458,996.0
end_to_end_latency,459,947.0
end_to_end_latency,460,896.0
end_to_end_latency,461,1325.0
end_to_end_latency,462,1275.0
end_to_end_latency,463,1225.0
end_to_end_latency,464,1175.0
end_to_end_latency,465,1125.0
end_to_end_latency,466,1075.0
end_to_end_latency,467,1027.0
end_to_end_latency,468,977.0
end_to_end_latency,469,926.0
end_to_end_latency,470,876.0
end_to_end_latency,471,826.0
end_to_end_latency,472,776.0
end_to_end_latency,473,726.0
end_to_end_latency,474,676.0
end_to_end_latency,475,626.0
end_to_end_latency,476,1230.0
end_to_end_latency,477,1180.0
end_to_end_latency,478,1130.0
end_to_end_latency,479,1080.0
end_to_end_latency,480,1030.0
end_to_end_latency,481,1771.0
end_to_end_latency,482,1721.0
end_to_end_latency,483,1670.0
end_to_end_latency,484,1621.0
end_to_end_latency,485,1571.0
end_to_end_latency,486,1522.0
end_to_end_latency,487,1472.0
end_to_end_latency,488,1423.0
end_to_end_latency,489,1372.0
end_to_end_latency,490,1322.0
end_to_end_latency,491,1271.0
end_to_end_latency,492,1222.0
end_to_end_latency,493,1171.0
end_to_end_latency,494,1122.0
end_to_end_latency,495,1072.0
end_to_end_latency,496,1022.0
end_to_end_latency,497,972.0
end_to_end_latency,498,922.0
end_to_end_latency,499,1362.0
end_to_end_latency,500,1312.0
end_to_end_latency,501,1262.0
end_to_end_latency,502,1212.0
end_to_end_latency,503,1161.0
end_to_end_latency,504,1112.0
end_to_end_latency,505,1063.0
end_to_end_latency,506,1013.0
end_to_end_latency,507,963.0
end_to_end_latency,508,913.0
end_to_end_latency,509,1456.0
end_to_end_latency,510,1406.0
end_to_end_latency,511,1356.0
end_to_end_latency,512,1306.0
end_to_end_latency,513,1256.0
end_to_end_latency,514,1205.0
end_to_end_latency,515,1156.0
end_to_end_latency,516,1106.0
end_to_end_latency,517,1056.0
end_to_end_latency,518,1006.0
end_to_end_latency,519,956.0
end_to_end_latency,520,906.0
end_to_end_latency,521,856.0
end_to_end_latency,522,806.0
end_to_end_latency,523,756.0
end_to_end_latency,524,1206.0
end_to_end_latency,525,1155.0
end_to_end_latency,526,1106.0
end_to_end_latency,527,1055.0
end_to_end_latency,528,1006.0
end_to_end_latency,529,1856.0
end_to_end_latency,530,1806.0
end_to_end_latency,531,1756.0
end_to_end_latency,532,1706.0
end_to_end_latency,533,1657.0
end_to_end_latency,534,1608.0
end_to_end_latency,535,1558.0
end_to_end_latency,536,1507.0
end_to_end_latency,537,1457.0
end_to_end_latency,538,1408.0
end_to_end_latency,539,1357.0
end_to_end_latency,540,1307.0
end_to_end_latency,541,1257.0
end_to_end_latency,542,1208.0
end_to_end_latency,543,1157.0
end_to_end_latency,544,1107.0
end_to_end_latency,545,1057.0
end_to_end_latency,546,1007.0
end_to_end_latency,547,956.0
end_to_end_latency,548,1190.0
end_to_end_latency,549,1139.0
end_to_end_latency,550,1090.0
end_to_end_latency,551,1040.0
end_to_end_latency,552,990.0
end_to_end_latency,553,941.0
end_to_end_latency,554,891.0
end_to_end_latency,555,842.0
end_to_end_latency,556,791.0
end_to_end_latency,557,741.0
end_to_end_latency,558,1128.0
end_to_end_latency,559,1077.0
end_to_end_latency,560,1027.0
end_to_end_latency,561,977.0
end_to_end_latency,562,929.0
end_to_end_latency,563,877.0
end_to_end_latency,564,828.0
end_to_end_latency,565,779.0
end_to_end_latency,566,727.0
end_to_end_latency,567,678.0
end_to_end_latency,568,628.0
end_to_end_latency,569,578.0
end_to_end_latency,570,528.0
end_to_end_latency,571,959.0
end_to_end_latency,572,909.0
end_to_end_latency,573,858.0
end_to_end_latency,574,809.0
end_to_end_latency,575,1676.0
end_to_end_latency,576,1627.0
end_to_end_latency,577,1577.0
end_to_end_latency,578,1526.0
end_to_end_latency,579,1477.0
end_to_end_latency,580,1428.0
end_to_end_latency,581,1377.0
end_to_end_latency,582,1327.0
end_to_end_latency,583,1278.0
end_to_end_latency,584,1228.0
end_to_end_latency,585,1177.0
end_to_end_latency,586,1127.0
end_to_end_latency,587,1079.0
end_to_end_latency,588,1028.0
end_to_end_latency,589,979.0
end_to_end_latency,590,928.0
end_to_end_latency,591,878.0
end_to_end_latency,0,1912.0
end_to_end_latency,1,1862.0
end_to_end_latency,2,1812.0
end_to_end_latency,3,1762.0
end_to_end_latency,17,1063.0
end_to_end_latency,18,1013.0
end_to_end_latency,19,963.0
end_to_end_latency,20,913.0
end_to_end_latency,26,1223.0
end_to_end_latency,27,1174.0
end_to_end_latency,28,1123.0
end_to_end_latency,29,1073.0
end_to_end_latency,34,1139.0
end_to_end_latency,35,1090.0
end_to_end_latency,36,1039.0
end_to_end_latency,37,989.0
end_to_end_latency,38,939.0
end_to_end_latency,39,889.0
end_to_end_latency,40,839.0
end_to_end_latency,44,1109.0
end_to_end_latency,45,1059.0
end_to_end_latency,46,1009.0
end_to_end_latency,47,960.0
end_to_end_latency,53,1647.0
end_to_end_latency,54,1597.0
end_to_end_latency,55,1547.0
end_to_end_latency,56,1497.0
end_to_end_latency,57,1447.0
end_to_end_latency,63,1148.0
end_to_end_latency,64,1098.0
end_to_end_latency,65,1048.0
end_to_end_latency,66,998.0
end_to_end_latency,67,948.0
end_to_end_latency,72,1173.0
end_to_end_latency,73,1123.0
end_to_end_latency,74,1073.0
end_to_end_latency,75,1023.0
end_to_end_latency,76,973.0
end_to_end_latency,82,1175.0
end_to_end_latency,83,1125.0
end_to_end_latency,84,1075.0
end_to_end_latency,85,1025.0
end_to_end_latency,86,975.0
end_to_end_latency,87,925.0
end_to_end_latency,92,1291.0
end_to_end_latency,93,1241.0
end_to_end_latency,94,1191.0
end_to_end_latency,95,1141.0
end_to_end_latency,96,1091.0
end_to_end_latency,97,1041.0
end_to_end_latency,102,1617.0
end_to_end_latency,103,1567.0
end_to_end_latency,104,1517.0
end_to_end_latency,105,1467.0
end_to_end_latency,112,1118.0
end_to_end_latency,113,1068.0
end_to_end_latency,114,1018.0
end_to_end_latency,115,968.0
end_to_end_latency,116,918.0
end_to_end_latency,122,1312.0
end_to_end_latency,123,1262.0
end_to_end_latency,124,1212.0
end_to_end_latency,125,1162.0
end_to_end_latency,126,1112.0
end_to_end_latency,132,1139.0
end_to_end_latency,133,1088.0
end_to_end_latency,134,1038.0
end_to_end_latency,135,989.0
end_to_end_latency,136,939.0
end_to_end_latency,142,1140.0
end_to_end_latency,143,1090.0
end_to_end_latency,144,1039.0
end_to_end_latency,145,990.0
end_to_end_latency,146,940.0
end_to_end_latency,152,1615.0
end_to_end_latency,153,1565.0
end_to_end_latency,154,1514.0
end_to_end_latency,155,1464.0
end_to_end_latency,156,1415.0
end_to_end_latency,162,1116.0
end_to_end_latency,163,1066.0
end_to_end_latency,164,1016.0
end_to_end_latency,165,966.0
end_to_end_latency,166,916.0
end_to_end_latency,172,1106.0
end_to_end_latency,173,1056.0
end_to_end_latency,174,1006.0
end_to_end_latency,175,956.0
end_to_end_latency,176,906.0
end_to_end_latency,0,1926.0
end_to_end_latency,1,1877.0
end_to_end_latency,2,1826.0
end_to_end_latency,3,1776.0
end_to_end_latency,4,1727.0
end_to_end_latency,5,1677.0
end_to_end_latency,6,1627.0
end_to_end_latency,7,1578.0
end_to_end_latency,8,1527.0
end_to_end_latency,9,1477.0
end_to_end_latency,10,1427.0
end_to_end_latency,11,1377.0
end_to_end_latency,12,1327.0
end_to_end_latency,13,1278.0
end_to_end_latency,14,1227.0
end_to_end_latency,15,1177.0
end_to_end_latency,16,1127.0
end_to_end_latency,17,1077.0
end_to_end_latency,18,1027.0
end_to_end_latency,19,978.0
end_to_end_latency,20,927.0
end_to_end_latency,21,877.0
end_to_end_latency,22,827.0
end_to_end_latency,23,1387.0
end_to_end_latency,24,1337.0
end_to_end_latency,25,1287.0
end_to_end_latency,26,1238.0
end_to_end_latency,27,1187.0
end_to_end_latency,28,1137.0
end_to_end_latency,29,1087.0
end_to_end_latency,30,1037.0
end_to_end_latency,31,987.0
end_to_end_latency,32,938.0
end_to_end_latency,33,889.0
end_to_end_latency,34,838.0
end_to_end_latency,35,788.0
end_to_end_latency,36,1053.0
end_to_end_latency,37,1003.0
end_to_end_latency,38,954.0
end_to_end_latency,39,903.0
end_to_end_latency,40,853.0
end_to_end_latency,41,1272.0
end_to_end_latency,42,1223.0
end_to_end_latency,43,1172.0
end_to_end_latency,44,1122.0
end_to_end_latency,45,1073.0
end_to_end_latency,46,1023.0
end_to_end_latency,47,973.0
end_to_end_latency,48,923.0
end_to_end_latency,49,873.0
end_to_end_latency,50,823.0
end_to_end_latency,51,774.0
end_to_end_latency,52,1711.0
end_to_end_latency,53,1661.0
end_to_end_latency,54,1611.0
end_to_end_latency,55,1562.0
end_to_end_latency,56,1511.0
end_to_end_latency,57,1461.0
end_to_end_latency,58,1411.0
end_to_end_latency,59,1361.0
end_to_end_latency,60,1311.0
end_to_end_latency,61,1261.0
end_to_end_latency,62,1211.0
end_to_end_latency,63,1161.0
end_to_end_latency,64,1112.0
end_to_end_latency,65,1062.0
end_to_end_latency,66,1013.0
end_to_end_latency,67,962.0
end_to_end_latency,68,1387.0
end_to_end_latency,69,1337.0
end_to_end_latency,70,1287.0
end_to_end_latency,71,1237.0
end_to_end_latency,72,1187.0
end_to_end_latency,73,1137.0
end_to_end_latency,74,1087.0
end_to_end_latency,75,1038.0
end_to_end_latency,76,988.0
end_to_end_latency,77,938.0
end_to_end_latency,78,888.0
end_to_end_latency,79,838.0
end_to_end_latency,80,788.0
end_to_end_latency,81,738.0
end_to_end_latency,82,688.0
end_to_end_latency,83,638.0
end_to_end_latency,84,588.0
end_to_end_latency,85,1040.0
end_to_end_latency,86,990.0
end_to_end_latency,87,940.0
end_to_end_latency,88,1505.0
end_to_end_latency,89,1455.0
end_to_end_latency,90,1405.0
end_to_end_latency,91,1355.0
end_to_end_latency,92,1305.0
end_to_end_latency,93,1255.0
end_to_end_latency,94,1205.0
end_to_end_latency,95,1155.0
end_to_end_latency,96,1105.0
end_to_end_latency,97,1055.0
end_to_end_latency,98,1005.0
end_to_end_latency,99,1781.0
end_to_end_latency,100,1731.0
end_to_end_latency,101,1680.0
end_to_end_latency,102,1631.0
end_to_end_latency,103,1581.0
end_to_end_latency,104,1532.0
end_to_end_latency,105,1482.0
end_to_end_latency,106,1432.0
end_to_end_latency,107,1382.0
end_to_end_latency,108,1332.0
end_to_end_latency,109,1282.0
end_to_end_latency,110,1232.0
end_to_end_latency,111,1182.0
end_to_end_latency,112,1132.0
end_to_end_latency,113,1083.0
end_to_end_latency,114,1033.0
end_to_end_latency,115,983.0
end_to_end_latency,116,933.0
end_to_end_latency,117,1575.0
end_to_end_latency,118,1525.0
end_to_end_latency,119,1475.0
end_to_end_latency,120,1426.0
end_to_end_latency,121,1374.0
end_to_end_latency,122,1325.0
end_to_end_latency,123,1276.0
end_to_end_latency,124,1226.0
end_to_end_latency,125,1176.0
end_to_end_latency,126,1126.0
end_to_end_latency,127,1076.0
end_to_end_latency,128,1026.0
end_to_end_latency,129,975.0
end_to_end_latency,130,926.0
end_to_end_latency,131,876.0
end_to_end_latency,132,827.0
end_to_end_latency,133,776.0
end_to_end_latency,134,1052.0
end_to_end_latency,135,1003.0
end_to_end_latency,136,953.0
end_to_end_latency,137,902.0
end_to_end_latency,138,1354.0
end_to_end_latency,139,1304.0
end_to_end_latency,140,1254.0
end_to_end_latency,141,1204.0
end_to_end_latency,142,1153.0
end_to_end_latency,143,1104.0
end_to_end_latency,144,1054.0
end_to_end_latency,145,1004.0
end_to_end_latency,146,953.0
end_to_end_latency,147,904.0
end_to_end_latency,148,1829.0
end_to_end_latency,149,1779.0
end_to_end_latency,150,1729.0
end_to_end_latency,151,1679.0
end_to_end_latency,152,1629.0
end_to_end_latency,153,1579.0
end_to_end_latency,154,1528.0
end_to_end_latency,155,1479.0
end_to_end_latency,156,1429.0
end_to_end_latency,157,1379.0
end_to_end_latency,158,1329.0
end_to_end_latency,159,1279.0
end_to_end_latency,160,1229.0
end_to_end_latency,161,1179.0
end_to_end_latency,162,1128.0
end_to_end_latency,163,1080.0
end_to_end_latency,164,1029.0
end_to_end_latency,165,979.0
end_to_end_latency,166,930.0
end_to_end_latency,167,879.0
end_to_end_latency,168,830.0
end_to_end_latency,169,1269.0
end_to_end_latency,170,1220.0
end_to_end_latency,171,1170.0
end_to_end_latency,172,1119.0
end_to_end_latency,173,1071.0
end_to_end_latency,174,1021.0
end_to_end_latency,175,970.0
end_to_end_latency,176,921.0
end_to_end_latency,177,870.0
end_to_end_latency,178,821.0
end_to_end_latency,179,770.0
end_to_end_latency,180,721.0
end_to_end_latency,181,671.0
end_to_end_latency,182,620.0
end_to_end_latency,183,1106.0
end_to_end_latency,184,1055.0
end_to_end_latency,185,1006.0
end_to_end_latency,186,956.0
end_to_end_latency,187,1368.0
end_to_end_latency,188,1317.0
end_to_end_latency,189,1268.0
end_to_end_latency,190,1217.0
end_to_end_latency,191,1168.0
end_to_end_latency,192,1117.0
end_to_end_latency,193,1068.0
end_to_end_latency,194,1019.0
end_to_end_latency,195,968.0
end_to_end_latency,196,919.0
end_to_end_latency,197,1997.0
end_to_end_latency,198,1946.0
end_to_end_latency,199,1897.0
end_to_end_latency,200,1846.0
end_to_end_latency,201,1797.0
end_to_end_latency,202,1747.0
end_to_end_latency,203,1697.0
end_to_end_latency,204,1647.0
end_to_end_latency,205,1596.0
end_to_end_latency,206,1547.0
end_to_end_latency,207,1497.0
end_to_end_latency,208,1446.0
end_to_end_latency,209,1397.0
end_to_end_latency,210,1347.0
end_to_end_latency,211,1296.0
end_to_end_latency,212,1248.0
end_to_end_latency,213,1197.0
end_to_end_latency,214,1148.0
end_to_end_latency,215,1097.0
end_to_end_latency,216,1048.0
end_to_end_latency,217,1303.0
end_to_end_latency,218,1252.0
end_to_end_latency,219,1203.0
end_to_end_latency,220,1152.0
end_to_end_latency,221,1102.0
end_to_end_latency,222,1053.0
end_to_end_latency,223,1002.0
end_to_end_latency,224,953.0
end_to_end_latency,225,903.0
end_to_end_latency,226,852.0
end_to_end_latency,227,803.0
end_to_end_latency,228,754.0
end_to_end_latency,229,703.0
end_to_end_latency,230,654.0
end_to_end_latency,231,604.0
end_to_end_latency,232,553.0
end_to_end_latency,233,964.0
end_to_end_latency,234,915.0
end_to_end_latency,235,865.0
end_to_end_latency,236,1437.0
end_to_end_latency,237,1388.0
end_to_end_latency,238,1338.0
end_to_end_latency,239,1287.0
end_to_end_latency,240,1238.0
end_to_end_latency,241,1189.0
end_to_end_latency,242,1138.0
end_to_end_latency,243,1089.0
end_to_end_latency,244,1039.0
end_to_end_latency,245,1954.0
end_to_end_latency,246,1905.0
end_to_end_latency,247,1854.0
end_to_end_latency,248,1804.0
end_to_end_latency,249,1755.0
end_to_end_latency,250,1704.0
end_to_end_latency,251,1655.0
end_to_end_latency,252,1604.0
end_to_end_latency,253,1554.0
end_to_end_latency,254,1505.0
end_to_end_latency,255,1456.0
end_to_end_latency,256,1405.0
end_to_end_latency,257,1355.0
end_to_end_latency,258,1306.0
end_to_end_latency,259,1256.0
end_to_end_latency,260,1205.0
end_to_end_latency,261,1156.0
end_to_end_latency,262,1105.0
end_to_end_latency,263,1055.0
end_to_end_latency,264,1006.0
end_to_end_latency,265,1260.0
end_to_end_latency,266,1210.0
end_to_end_latency,267,1161.0
end_to_end_latency,268,1111.0
end_to_end_latency,269,1061.0
end_to_end_latency,270,1012.0
end_to_end_latency,271,961.0
end_to_end_latency,272,911.0
end_to_end_latency,273,861.0
end_to_end_latency,274,811.0
end_to_end_latency,275,762.0
end_to_end_latency,276,712.0
end_to_end_latency,277,661.0
end_to_end_latency,278,612.0
end_to_end_latency,279,1048.0
end_to_end_latency,280,998.0
end_to_end_latency,281,949.0
end_to_end_latency,282,898.0
end_to_end_latency,283,849.0
end_to_end_latency,284,1263.0
end_to_end_latency,285,1213.0
end_to_end_latency,286,1163.0
end_to_end_latency,287,1113.0
end_to_end_latency,288,1063.0
end_to_end_latency,289,1014.0
end_to_end_latency,290,964.0
end_to_end_latency,291,915.0
end_to_end_latency,292,864.0
end_to_end_latency,293,814.0
end_to_end_latency,294,1913.0
end_to_end_latency,295,1862.0
end_to_end_latency,296,1812.0
end_to_end_latency,297,1762.0
end_to_end_latency,298,1713.0
end_to_end_latency,299,1664.0
end_to_end_latency,300,1615.0
end_to_end_latency,301,1564.0
end_to_end_latency,302,1515.0
end_to_end_latency,303,1466.0
end_to_end_latency,304,1415.0
end_to_end_latency,305,1365.0
end_to_end_latency,306,1315.0
end_to_end_latency,307,1265.0
end_to_end_latency,308,1216.0
end_to_end_latency,309,1166.0
end_to_end_latency,310,1116.0
end_to_end_latency,311,1066.0
end_to_end_latency,312,1256.0
end_to_end_latency,313,1207.0
end_to_end_latency,314,1156.0
end_to_end_latency,315,1106.0
end_to_end_latency,316,1056.0
end_to_end_latency,317,1007.0
end_to_end_latency,318,958.0
end_to_end_latency,319,907.0
end_to_end_latency,320,858.0
end_to_end_latency,321,807.0
end_to_end_latency,322,757.0
end_to_end_latency,323,707.0
end_to_end_latency,324,657.0
end_to_end_latency,325,608.0
end_to_end_latency,326,1066.0
end_to_end_latency,327,1016.0
end_to_end_latency,328,966.0
end_to_end_latency,329,916.0
end_to_end_latency,330,867.0
end_to_end_latency,331,1256.0
end_to_end_latency,332,1206.0
end_to_end_latency,333,1156.0
end_to_end_latency,334,1106.0
end_to_end_latency,335,1057.0
end_to_end_latency,336,1006.0
end_to_end_latency,337,957.0
end_to_end_latency,338,906.0
end_to_end_latency,339,857.0
end_to_end_latency,340,806.0
end_to_end_latency,341,1859.0
end_to_end_latency,342,1810.0
end_to_end_latency,343,1760.0
end_to_end_latency,344,1709.0
end_to_end_latency,345,1659.0
end_to_end_latency,346,1610.0
end_to_end_latency,347,1559.0
end_to_end_latency,348,1509.0
end_to_end_latency,349,1460.0
end_to_end_latency,350,1409.0
end_to_end_latency,351,1359.0
end_to_end_latency,352,1310.0
end_to_end_latency,353,1260.0
end_to_end_latency,354,1211.0
end_to_end_latency,355,1160.0
end_to_end_latency,356,1110.0
end_to_end_latency,357,1060.0
end_to_end_latency,358,1010.0
end_to_end_latency,359,960.0
end_to_end_latency,360,1223.0
end_to_end_latency,361,1173.0
end_to_end_latency,362,1123.0
end_to_end_latency,363,1073.0
end_to_end_latency,364,1023.0
end_to_end_latency,365,973.0
end_to_end_latency,366,923.0
end_to_end_latency,367,873.0
end_to_end_latency,368,823.0
end_to_end_latency,369,773.0
end_to_end_latency,370,723.0
end_to_end_latency,371,673.0
end_to_end_latency,372,623.0
end_to_end_latency,373,573.0
end_to_end_latency,374,990.0
end_to_end_latency,375,940.0
end_to_end_latency,376,890.0
end_to_end_latency,377,840.0
end_to_end_latency,378,1269.0
end_to_end_latency,379,1220.0
end_to_end_latency,380,1169.0
end_to_end_latency,381,1119.0
end_to_end_latency,382,1070.0
end_to_end_latency,383,1020.0
end_to_end_latency,384,970.0
end_to_end_latency,385,921.0
end_to_end_latency,386,870.0
end_to_end_latency,387,1725.0
end_to_end_latency,388,1675.0
end_to_end_latency,389,1625.0
end_to_end_latency,390,1575.0
end_to_end_latency,391,1526.0
end_to_end_latency,392,1476.0
end_to_end_latency,393,1426.0
end_to_end_latency,394,1376.0
end_to_end_latency,395,1326.0
end_to_end_latency,396,1276.0
end_to_end_latency,397,1226.0
end_to_end_latency,398,1176.0
end_to_end_latency,399,1126.0
end_to_end_latency,400,1076.0
end_to_end_latency,401,1027.0
end_to_end_latency,402,977.0
end_to_end_latency,403,928.0
end_to_end_latency,404,877.0
end_to_end_latency,405,1451.0
end_to_end_latency,406,1401.0
end_to_end_latency,407,1351.0
end_to_end_latency,408,1301.0
end_to_end_latency,409,1251.0
end_to_end_latency,410,1201.0
end_to_end_latency,411,1151.0
end_to_end_latency,412,1100.0
end_to_end_latency,413,1051.0
end_to_end_latency,414,1001.0
end_to_end_latency,415,951.0
end_to_end_latency,416,901.0
end_to_end_latency,417,851.0
end_to_end_latency,418,801.0
end_to_end_latency,419,751.0
end_to_end_latency,420,1011.0
end_to_end_latency,421,961.0
end_to_end_latency,422,911.0
end_to_end_latency,423,861.0
end_to_end_latency,424,1447.0
end_to_end_latency,425,1397.0
end_to_end_latency,426,1347.0
end_to_end_latency,427,1298.0
end_to_end_latency,428,1247.0
end_to_end_latency,429,1197.0
end_to_end_latency,430,1147.0
end_to_end_latency,431,1097.0
end_to_end_latency,432,1047.0
end_to_end_latency,433,996.0
end_to_end_latency,434,1917.0
end_to_end_latency,435,1867.0
end_to_end_latency,436,1817.0
end_to_end_latency,437,1766.0
end_to_end_latency,438,1717.0
end_to_end_latency,439,1668.0
end_to_end_latency,440,1618.0
end_to_end_latency,441,1568.0
end_to_end_latency,442,1518.0
end_to_end_latency,443,1469.0
end_to_end_latency,444,1418.0
end_to_end_latency,445,1369.0
end_to_end_latency,446,1319.0
end_to_end_latency,447,1269.0
end_to_end_latency,448,1218.0
end_to_end_latency,449,1169.0
end_to_end_latency,450,1118.0
end_to_end_latency,451,1069.0
end_to_end_latency,452,1018.0
end_to_end_latency,453,1273.0
end_to_end_latency,454,1223.0
end_to_end_latency,455,1173.0
end_to_end_latency,456,1122.0
end_to_end_latency,457,1073.0
end_to_end_latency,458,1024.0
end_to_end_latency,459,974.0
end_to_end_latency,460,923.0
end_to_end_latency,461,874.0
end_to_end_latency,462,824.0
end_to_end_latency,463,774.0
end_to_end_latency,464,724.0
end_to_end_latency,465,674.0
end_to_end_latency,466,624.0
end_to_end_latency,467,1054.0
end_to_end_latency,468,1003.0
end_to_end_latency,469,954.0
end_to_end_latency,470,903.0
end_to_end_latency,471,854.0
end_to_end_latency,472,1458.0
end_to_end_latency,473,1408.0
end_to_end_latency,474,1357.0
end_to_end_latency,475,1308.0
end_to_end_latency,476,1258.0
end_to_end_latency,477,1209.0
end_to_end_latency,478,1159.0
end_to_end_latency,479,1109.0
end_to_end_latency,480,1059.0
end_to_end_latency,481,1008.0
end_to_end_latency,482,959.0
end_to_end_latency,483,1699.0
end_to_end_latency,484,1649.0
end_to_end_latency,485,1599.0
end_to_end_latency,486,1549.0
end_to_end_latency,487,1499.0
end_to_end_latency,488,1449.0
end_to_end_latency,489,1399.0
end_to_end_latency,490,1349.0
end_to_end_latency,491,1298.0
end_to_end_latency,492,1250.0
end_to_end_latency,493,1200.0
end_to_end_latency,494,1150.0
end_to_end_latency,495,1100.0
end_to_end_latency,496,1049.0
end_to_end_latency,497,1001.0
end_to_end_latency,498,951.0
end_to_end_latency,499,900.0
end_to_end_latency,500,1340.0
end_to_end_latency,501,1289.0
end_to_end_latency,502,1240.0
end_to_end_latency,503,1190.0
end_to_end_latency,504,1139.0
end_to_end_latency,505,1090.0
end_to_end_latency,506,1040.0
end_to_end_latency,507,990.0
end_to_end_latency,508,941.0
end_to_end_latency,509,891.0
end_to_end_latency,510,840.0
end_to_end_latency,511,791.0
end_to_end_latency,512,740.0
end_to_end_latency,513,690.0
end_to_end_latency,514,641.0
end_to_end_latency,515,1184.0
end_to_end_latency,516,1134.0
end_to_end_latency,517,1084.0
end_to_end_latency,518,1033.0
end_to_end_latency,519,983.0
end_to_end_latency,520,1434.0
end_to_end_latency,521,1384.0
end_to_end_latency,522,1333.0
end_to_end_latency,523,1284.0
end_to_end_latency,524,1233.0
end_to_end_latency,525,1183.0
end_to_end_latency,526,1134.0
end_to_end_latency,527,1083.0
end_to_end_latency,528,1034.0
end_to_end_latency,529,983.0
end_to_end_latency,530,1834.0
end_to_end_latency,531,1784.0
end_to_end_latency,532,1734.0
end_to_end_latency,533,1684.0
end_to_end_latency,534,1635.0
end_to_end_latency,535,1585.0
end_to_end_latency,536,1535.0
end_to_end_latency,537,1485.0
end_to_end_latency,538,1435.0
end_to_end_latency,539,1385.0
end_to_end_latency,540,1335.0
end_to_end_latency,541,1285.0
end_to_end_latency,542,1235.0
end_to_end_latency,543,1185.0
end_to_end_latency,544,1135.0
end_to_end_latency,545,1085.0
end_to_end_latency,546,1035.0
end_to_end_latency,547,985.0
end_to_end_latency,548,1218.0
end_to_end_latency,549,1168.0
end_to_end_latency,550,1118.0
end_to_end_latency,551,1066.0
end_to_end_latency,552,1017.0
end_to_end_latency,553,967.0
end_to_end_latency,554,919.0
end_to_end_latency,555,869.0
end_to_end_latency,556,818.0
end_to_end_latency,557,768.0
end_to_end_latency,558,719.0
end_to_end_latency,559,668.0
end_to_end_latency,560,618.0
end_to_end_latency,561,1005.0
end_to_end_latency,562,955.0
end_to_end_latency,563,905.0
end_to_end_latency,564,855.0
end_to_end_latency,565,1285.0
end_to_end_latency,566,1235.0
end_to_end_latency,567,1186.0
end_to_end_latency,568,1135.0
end_to_end_latency,569,1085.0
end_to_end_latency,570,1036.0
end_to_end_latency,571,985.0
end_to_end_latency,572,936.0
end_to_end_latency,573,886.0
end_to_end_latency,574,837.0
end_to_end_latency,575,1706.0
end_to_end_latency,576,1655.0
end_to_end_latency,577,1605.0
end_to_end_latency,578,1556.0
end_to_end_latency,579,1505.0
end_to_end_latency,580,1456.0
end_to_end_latency,581,1404.0
end_to_end_latency,582,1355.0
end_to_end_latency,583,1306.0
end_to_end_latency,584,1255.0
end_to_end_latency,585,1206.0
end_to_end_latency,586,1156.0
end_to_end_latency,587,1106.0
end_to_end_latency,588,1056.0
end_to_end_latency,589,1006.0
end_to_end_latency,590,957.0
end_to_end_latency,591,907.0
end_to_end_latency,592,857.0
end_to_end_latency,0,1872.0
end_to_end_latency,1,1822.0
end_to_end_latency,8,1473.0
end_to_end_latency,9,1423.0
end_to_end_latency,10,1373.0
end_to_end_latency,11,1323.0
end_to_end_latency,12,1273.0
end_to_end_latency,13,1223.0
end_to_end_latency,14,1173.0
end_to_end_latency,15,1123.0
end_to_end_latency,16,1073.0
end_to_end_latency,17,1023.0
end_to_end_latency,18,973.0
end_to_end_latency,19,923.0
end_to_end_latency,24,1283.0
end_to_end_latency,25,1233.0
end_to_end_latency,26,1183.0
end_to_end_latency,27,1133.0
end_to_end_latency,28,1083.0
end_to_end_latency,34,1098.0
end_to_end_latency,35,1049.0
end_to_end_latency,36,998.0
end_to_end_latency,37,949.0
end_to_end_latency,38,899.0
end_to_end_latency,43,1119.0
end_to_end_latency,44,1069.0
end_to_end_latency,45,1019.0
end_to_end_latency,46,969.0
end_to_end_latency,47,919.0
end_to_end_latency,52,1657.0
end_to_end_latency,53,1607.0
end_to_end_latency,54,1557.0
end_to_end_latency,55,1506.0
end_to_end_latency,56,1456.0
end_to_end_latency,57,1407.0
end_to_end_latency,61,1208.0
end_to_end_latency,62,1158.0
end_to_end_latency,63,1108.0
end_to_end_latency,64,1057.0
end_to_end_latency,65,1008.0
end_to_end_latency,66,958.0
end_to_end_latency,67,908.0
end_to_end_latency,72,1133.0
end_to_end_latency,73,1082.0
end_to_end_latency,74,1033.0
end_to_end_latency,75,983.0
end_to_end_latency,76,933.0
end_to_end_latency,81,1186.0
end_to_end_latency,82,1135.0
end_to_end_latency,83,1086.0
end_to_end_latency,84,1036.0
end_to_end_latency,85,986.0
end_to_end_latency,92,1250.0
end_to_end_latency,93,1200.0
end_to_end_latency,94,1151.0
end_to_end_latency,95,1100.0
end_to_end_latency,100,1677.0
end_to_end_latency,101,1626.0
end_to_end_latency,102,1577.0
end_to_end_latency,103,1526.0
end_to_end_latency,104,1477.0
end_to_end_latency,111,1128.0
end_to_end_latency,112,1078.0
end_to_end_latency,113,1027.0
end_to_end_latency,114,977.0
end_to_end_latency,115,928.0
end_to_end_latency,121,1321.0
end_to_end_latency,122,1272.0
end_to_end_latency,123,1221.0
end_to_end_latency,124,1172.0
end_to_end_latency,125,1121.0
end_to_end_latency,126,1072.0
end_to_end_latency,131,1149.0
end_to_end_latency,132,1099.0
end_to_end_latency,133,1049.0
end_to_end_latency,134,999.0
end_to_end_latency,142,1099.0
end_to_end_latency,143,1050.0
end_to_end_latency,144,1000.0
end_to_end_latency,145,950.0
end_to_end_latency,151,1624.0
end_to_end_latency,152,1574.0
end_to_end_latency,153,1524.0
end_to_end_latency,154,1474.0
end_to_end_latency,155,1424.0
end_to_end_latency,161,1126.0
end_to_end_latency,162,1075.0
end_to_end_latency,163,1025.0
end_to_end_latency,164,975.0
end_to_end_latency,165,925.0
end_to_end_latency,170,1166.0
end_to_end_latency,171,1116.0
end_to_end_latency,172,1065.0
end_to_end_latency,173,1015.0
end_to_end_latency,174,966.0
end_to_end_latency,175,915.0
end_to_end_latency,181,1151.0
end_to_end_latency,182,1100.0
end_to_end_latency,183,1050.0
end_to_end_latency,184,1000.0
end_to_end_latency,189,1214.0
end_to_end_latency,190,1164.0
end_to_end_latency,191,1114.0
end_to_end_latency,192,1064.0
end_to_end_latency,193,1013.0
end_to_end_latency,194,963.0
end_to_end_latency,195,914.0
end_to_end_latency,201,1742.0
end_to_end_latency,202,1692.0
end_to_end_latency,203,1642.0
end_to_end_latency,204,1593.0
end_to_end_latency,205,1542.0
end_to_end_latency,209,1343.0
end_to_end_latency,210,1293.0
end_to_end_latency,211,1243.0
end_to_end_latency,212,1193.0
end_to_end_latency,213,1143.0
end_to_end_latency,220,1098.0
end_to_end_latency,221,1048.0
end_to_end_latency,222,998.0
end_to_end_latency,223,949.0
end_to_end_latency,230,1061.0
end_to_end_latency,231,1010.0
end_to_end_latency,232,961.0
end_to_end_latency,233,911.0
end_to_end_latency,238,1283.0
end_to_end_latency,239,1233.0
end_to_end_latency,240,1183.0
end_to_end_latency,241,1133.0
end_to_end_latency,242,1083.0
end_to_end_latency,248,1750.0
end_to_end_latency,249,1701.0
end_to_end_latency,250,1651.0
end_to_end_latency,251,1600.0
end_to_end_latency,256,1351.0
end_to_end_latency,257,1301.0
end_to_end_latency,258,1251.0
end_to_end_latency,259,1201.0
end_to_end_latency,260,1151.0
end_to_end_latency,267,1107.0
end_to_end_latency,268,1057.0
end_to_end_latency,269,1007.0
end_to_end_latency,270,958.0
end_to_end_latency,276,1143.0
end_to_end_latency,277,1093.0
end_to_end_latency,278,1043.0
end_to_end_latency,279,993.0
end_to_end_latency,280,943.0
end_to_end_latency,281,893.0
end_to_end_latency,286,1110.0
end_to_end_latency,287,1060.0
end_to_end_latency,288,1010.0
end_to_end_latency,289,960.0
end_to_end_latency,290,910.0
end_to_end_latency,295,1809.0
end_to_end_latency,296,1759.0
end_to_end_latency,297,1709.0
end_to_end_latency,298,1659.0
end_to_end_latency,304,1361.0
end_to_end_latency,305,1311.0
end_to_end_latency,306,1261.0
end_to_end_latency,307,1211.0
end_to_end_latency,308,1161.0
end_to_end_latency,309,1110.0
end_to_end_latency,314,1103.0
end_to_end_latency,315,1053.0
end_to_end_latency,316,1002.0
end_to_end_latency,317,953.0
end_to_end_latency,325,1062.0
end_to_end_latency,326,1012.0
end_to_end_latency,327,961.0
end_to_end_latency,328,912.0
end_to_end_latency,333,1102.0
end_to_end_latency,334,1052.0
end_to_end_latency,335,1002.0
end_to_end_latency,343,1705.0
end_to_end_latency,344,1655.0
end_to_end_latency,345,1605.0
end_to_end_latency,346,1555.0
end_to_end_latency,351,1306.0
end_to_end_latency,352,1256.0
end_to_end_latency,353,1206.0
end_to_end_latency,354,1156.0
end_to_end_latency,355,1106.0
end_to_end_latency,356,1056.0
end_to_end_latency,362,1068.0
end_to_end_latency,363,1019.0
end_to_end_latency,364,968.0
end_to_end_latency,365,919.0
end_to_end_latency,372,1036.0
end_to_end_latency,373,986.0
end_to_end_latency,374,936.0
end_to_end_latency,375,886.0
end_to_end_latency,380,1115.0
end_to_end_latency,381,1065.0
end_to_end_latency,382,1014.0
end_to_end_latency,383,965.0
end_to_end_latency,389,1571.0
end_to_end_latency,390,1520.0
end_to_end_latency,391,1470.0
end_to_end_latency,392,1421.0
end_to_end_latency,393,1371.0
end_to_end_latency,398,1122.0
end_to_end_latency,399,1071.0
end_to_end_latency,400,1023.0
end_to_end_latency,401,972.0
end_to_end_latency,402,922.0
end_to_end_latency,409,1196.0
end_to_end_latency,410,1147.0
end_to_end_latency,411,1096.0
end_to_end_latency,412,1046.0
end_to_end_latency,417,1106.0
end_to_end_latency,418,1056.0
end_to_end_latency,419,1006.0
end_to_end_latency,420,957.0
end_to_end_latency,428,1192.0
end_to_end_latency,429,1142.0
end_to_end_latency,430,1093.0
end_to_end_latency,435,1814.0
end_to_end_latency,436,1764.0
end_to_end_latency,437,1713.0
end_to_end_latency,438,1663.0
end_to_end_latency,439,1613.0
end_to_end_latency,440,1564.0
end_to_end_latency,446,1265.0
end_to_end_latency,447,1214.0
end_to_end_latency,448,1165.0
end_to_end_latency,449,1114.0
end_to_end_latency,455,1119.0
end_to_end_latency,456,1068.0
end_to_end_latency,457,1018.0
end_to_end_latency,458,968.0
end_to_end_latency,459,919.0
end_to_end_latency,465,1098.0
end_to_end_latency,466,1049.0
end_to_end_latency,467,998.0
end_to_end_latency,468,949.0
end_to_end_latency,474,1303.0
end_to_end_latency,475,1253.0
end_to_end_latency,476,1203.0
end_to_end_latency,477,1154.0
end_to_end_latency,483,1645.0
end_to_end_latency,484,1594.0
end_to_end_latency,485,1545.0
end_to_end_latency,486,1494.0
end_to_end_latency,487,1444.0
end_to_end_latency,488,1394.0
end_to_end_latency,493,1144.0
end_to_end_latency,494,1095.0
end_to_end_latency,495,1045.0
end_to_end_latency,496,995.0
end_to_end_latency,503,1136.0
end_to_end_latency,504,1086.0
end_to_end_latency,505,1036.0
end_to_end_latency,506,986.0
end_to_end_latency,507,936.0
end_to_end_latency,512,1278.0
end_to_end_latency,513,1229.0
end_to_end_latency,514,1180.0
end_to_end_latency,515,1130.0
end_to_end_latency,516,1079.0
end_to_end_latency,522,1280.0
end_to_end_latency,523,1230.0
end_to_end_latency,524,1180.0
end_to_end_latency,525,1130.0
end_to_end_latency,526,1079.0
end_to_end_latency,532,1679.0
end_to_end_latency,533,1629.0
end_to_end_latency,534,1579.0
end_to_end_latency,535,1529.0
end_to_end_latency,536,1479.0
end_to_end_latency,540,1280.0
end_to_end_latency,541,1230.0
end_to_end_latency,542,1180.0
end_to_end_latency,543,1130.0
end_to_end_latency,544,1081.0
end_to_end_latency,545,1031.0
end_to_end_latency,546,980.0
end_to_end_latency,551,1014.0
end_to_end_latency,552,963.0
end_to_end_latency,553,914.0
end_to_end_latency,554,864.0
end_to_end_latency,559,1050.0
end_to_end_latency,560,1001.0
end_to_end_latency,561,951.0
end_to_end_latency,562,901.0
end_to_end_latency,563,850.0
end_to_end_latency,569,1032.0
end_to_end_latency,570,982.0
end_to_end_latency,571,932.0
end_to_end_latency,572,882.0
end_to_end_latency,573,832.0
end_to_end_latency,577,1551.0
end_to_end_latency,578,1500.0
end_to_end_latency,579,1451.0
end_to_end_latency,580,1401.0
end_to_end_latency,581,1351.0
end_to_end_latency,586,1101.0
end_to_end_latency,587,1051.0
end_to_end_latency,588,1001.0
end_to_end_latency,589,950.0
end_to_end_latency,590,900.0
end_to_end_latency,591,851.0
end_to_end_latency,0,1912.0
end_to_end_latency,1,1862.0
end_to_end_latency,2,1811.0
end_to_end_latency,3,1762.0
end_to_end_latency,4,1713.0
end_to_end_latency,5,1663.0
end_to_end_latency,6,1613.0
end_to_end_latency,7,1563.0
end_to_end_latency,8,1513.0
end_to_end_latency,9,1463.0
end_to_end_latency,10,1413.0
end_to_end_latency,11,1363.0
end_to_end_latency,12,1313.0
end_to_end_latency,13,1263.0
end_to_end_latency,14,1213.0
end_to_end_latency,15,1162.0
end_to_end_latency,16,1113.0
end_to_end_latency,17,1063.0
end_to_end_latency,18,1012.0
end_to_end_latency,19,964.0
end_to_end_latency,20,914.0
end_to_end_latency,21,864.0
end_to_end_latency,22,814.0
end_to_end_latency,23,764.0
end_to_end_latency,24,713.0
end_to_end_latency,25,663.0
end_to_end_latency,26,1224.0
end_to_end_latency,27,1173.0
end_to_end_latency,28,1123.0
end_to_end_latency,29,1073.0
end_to_end_latency,30,1024.0
end_to_end_latency,31,972.0
end_to_end_latency,32,1239.0
end_to_end_latency,33,1189.0
end_to_end_latency,34,1139.0
end_to_end_latency,35,1089.0
end_to_end_latency,36,1038.0
end_to_end_latency,37,989.0
end_to_end_latency,38,938.0
end_to_end_latency,39,889.0
end_to_end_latency,40,839.0
end_to_end_latency,41,1258.0
end_to_end_latency,42,1208.0
end_to_end_latency,43,1158.0
end_to_end_latency,44,1108.0
end_to_end_latency,45,1059.0
end_to_end_latency,46,1009.0
end_to_end_latency,47,959.0
end_to_end_latency,48,909.0
end_to_end_latency,49,858.0
end_to_end_latency,50,809.0
end_to_end_latency,51,1746.0
end_to_end_latency,52,1697.0
end_to_end_latency,53,1646.0
end_to_end_latency,54,1596.0
end_to_end_latency,55,1546.0
end_to_end_latency,56,1497.0
end_to_end_latency,57,1446.0
end_to_end_latency,58,1397.0
end_to_end_latency,59,1347.0
end_to_end_latency,60,1298.0
end_to_end_latency,61,1248.0
end_to_end_latency,62,1197.0
end_to_end_latency,63,1148.0
end_to_end_latency,64,1097.0
end_to_end_latency,65,1048.0
end_to_end_latency,66,998.0
end_to_end_latency,67,948.0
end_to_end_latency,68,898.0
end_to_end_latency,69,848.0
end_to_end_latency,70,797.0
end_to_end_latency,71,747.0
end_to_end_latency,72,697.0
end_to_end_latency,73,1124.0
end_to_end_latency,74,1073.0
end_to_end_latency,75,1023.0
end_to_end_latency,76,973.0
end_to_end_latency,77,924.0
end_to_end_latency,78,873.0
end_to_end_latency,79,824.0
end_to_end_latency,80,1275.0
end_to_end_latency,81,1225.0
end_to_end_latency,82,1175.0
end_to_end_latency,83,1124.0
end_to_end_latency,84,1075.0
end_to_end_latency,85,1026.0
end_to_end_latency,86,975.0
end_to_end_latency,87,925.0
end_to_end_latency,88,876.0
end_to_end_latency,89,825.0
end_to_end_latency,90,1390.0
end_to_end_latency,91,1341.0
end_to_end_latency,92,1291.0
end_to_end_latency,93,1241.0
end_to_end_latency,94,1191.0
end_to_end_latency,95,1141.0
end_to_end_latency,96,1091.0
end_to_end_latency,97,1040.0
end_to_end_latency,98,1816.0
end_to_end_latency,99,1767.0
end_to_end_latency,100,1716.0
end_to_end_latency,101,1667.0
end_to_end_latency,102,1616.0
end_to_end_latency,103,1567.0
end_to_end_latency,104,1517.0
end_to_end_latency,105,1467.0
end_to_end_latency,106,1417.0
end_to_end_latency,107,1368.0
end_to_end_latency,108,1318.0
end_to_end_latency,109,1267.0
end_to_end_latency,110,1218.0
end_to_end_latency,111,1168.0
end_to_end_latency,112,1117.0
end_to_end_latency,113,1067.0
end_to_end_latency,114,1019.0
end_to_end_latency,115,968.0
end_to_end_latency,116,919.0
end_to_end_latency,117,868.0
end_to_end_latency,118,819.0
end_to_end_latency,119,768.0
end_to_end_latency,120,719.0
end_to_end_latency,121,668.0
end_to_end_latency,122,619.0
end_to_end_latency,123,568.0
end_to_end_latency,124,1211.0
end_to_end_latency,125,1162.0
end_to_end_latency,126,1111.0
end_to_end_latency,127,1062.0
end_to_end_latency,128,1338.0
end_to_end_latency,129,1288.0
end_to_end_latency,130,1239.0
end_to_end_latency,131,1189.0
end_to_end_latency,132,1139.0
end_to_end_latency,133,1088.0
end_to_end_latency,134,1038.0
end_to_end_latency,135,988.0
end_to_end_latency,136,938.0
end_to_end_latency,137,888.0
end_to_end_latency,138,838.0
end_to_end_latency,139,1290.0
end_to_end_latency,140,1239.0
end_to_end_latency,141,1189.0
end_to_end_latency,142,1139.0
end_to_end_latency,143,1090.0
end_to_end_latency,144,1040.0
end_to_end_latency,145,989.0
end_to_end_latency,146,940.0
end_to_end_latency,147,889.0
end_to_end_latency,148,1814.0
end_to_end_latency,149,1765.0
end_to_end_latency,150,1715.0
end_to_end_latency,151,1665.0
end_to_end_latency,152,1615.0
end_to_end_latency,153,1565.0
end_to_end_latency,154,1514.0
end_to_end_latency,155,1464.0
end_to_end_latency,156,1415.0
end_to_end_latency,157,1364.0
end_to_end_latency,158,1316.0
end_to_end_latency,159,1266.0
end_to_end_latency,160,1216.0
end_to_end_latency,161,1166.0
end_to_end_latency,162,1115.0
end_to_end_latency,163,1065.0
end_to_end_latency,164,1015.0
end_to_end_latency,165,965.0
end_to_end_latency,166,915.0
end_to_end_latency,167,866.0
end_to_end_latency,168,816.0
end_to_end_latency,169,765.0
end_to_end_latency,170,715.0
end_to_end_latency,171,665.0
end_to_end_latency,172,1106.0
end_to_end_latency,173,1056.0
end_to_end_latency,174,1006.0
end_to_end_latency,175,957.0
end_to_end_latency,176,906.0
end_to_end_latency,177,856.0
end_to_end_latency,178,1340.0
end_to_end_latency,179,1290.0
end_to_end_latency,180,1240.0
end_to_end_latency,181,1190.0
end_to_end_latency,182,1140.0
end_to_end_latency,183,1090.0
end_to_end_latency,184,1040.0
end_to_end_latency,185,990.0
end_to_end_latency,186,940.0
end_to_end_latency,187,890.0
end_to_end_latency,188,1303.0
end_to_end_latency,189,1253.0
end_to_end_latency,190,1202.0
end_to_end_latency,191,1153.0
end_to_end_latency,192,1104.0
end_to_end_latency,193,1054.0
end_to_end_latency,194,1005.0
end_to_end_latency,195,955.0
end_to_end_latency,196,904.0
end_to_end_latency,197,854.0
end_to_end_latency,198,1932.0
end_to_end_latency,199,1882.0
end_to_end_latency,200,1832.0
end_to_end_latency,201,1782.0
end_to_end_latency,202,1732.0
end_to_end_latency,203,1682.0
end_to_end_latency,204,1632.0
end_to_end_latency,205,1582.0
end_to_end_latency,206,1532.0
end_to_end_latency,207,1482.0
end_to_end_latency,208,1433.0
end_to_end_latency,209,1382.0
end_to_end_latency,210,1332.0
end_to_end_latency,211,1283.0
end_to_end_latency,212,1233.0
end_to_end_latency,213,1183.0
end_to_end_latency,214,1133.0
end_to_end_latency,215,1083.0
end_to_end_latency,216,1033.0
end_to_end_latency,217,983.0
end_to_end_latency,218,933.0
end_to_end_latency,219,883.0
end_to_end_latency,220,834.0
end_to_end_latency,221,783.0
end_to_end_latency,222,1040.0
end_to_end_latency,223,989.0
end_to_end_latency,224,940.0
end_to_end_latency,225,889.0
end_to_end_latency,226,839.0
end_to_end_latency,227,788.0
end_to_end_latency,228,1199.0
end_to_end_latency,229,1149.0
end_to_end_latency,230,1100.0
end_to_end_latency,231,1050.0
end_to_end_latency,232,1000.0
end_to_end_latency,233,951.0
end_to_end_latency,234,901.0
end_to_end_latency,235,849.0
end_to_end_latency,236,1423.0
end_to_end_latency,237,1373.0
end_to_end_latency,238,1324.0
end_to_end_latency,239,1273.0
end_to_end_latency,240,1224.0
end_to_end_latency,241,1174.0
end_to_end_latency,242,1124.0
end_to_end_latency,243,1074.0
end_to_end_latency,244,1990.0
end_to_end_latency,245,1940.0
end_to_end_latency,246,1890.0
end_to_end_latency,247,1841.0
end_to_end_latency,248,1790.0
end_to_end_latency,249,1740.0
end_to_end_latency,250,1690.0
end_to_end_latency,251,1640.0
end_to_end_latency,252,1590.0
end_to_end_latency,253,1540.0
end_to_end_latency,254,1490.0
end_to_end_latency,255,1441.0
end_to_end_latency,256,1391.0
end_to_end_latency,257,1341.0
end_to_end_latency,258,1290.0
end_to_end_latency,259,1240.0
end_to_end_latency,260,1191.0
end_to_end_latency,261,1140.0
end_to_end_latency,262,1091.0
end_to_end_latency,263,1040.0
end_to_end_latency,264,991.0
end_to_end_latency,265,941.0
end_to_end_latency,266,891.0
end_to_end_latency,267,840.0
end_to_end_latency,268,791.0
end_to_end_latency,269,1047.0
end_to_end_latency,270,996.0
end_to_end_latency,271,947.0
end_to_end_latency,272,897.0
end_to_end_latency,273,1333.0
end_to_end_latency,274,1283.0
end_to_end_latency,275,1233.0
end_to_end_latency,276,1183.0
end_to_end_latency,277,1132.0
end_to_end_latency,278,1083.0
end_to_end_latency,279,1034.0
end_to_end_latency,280,984.0
end_to_end_latency,281,934.0
end_to_end_latency,282,883.0
end_to_end_latency,283,1299.0
end_to_end_latency,284,1249.0
end_to_end_latency,285,1199.0
end_to_end_latency,286,1150.0
end_to_end_latency,287,1099.0
end_to_end_latency,288,1048.0
end_to_end_latency,289,999.0
end_to_end_latency,290,949.0
end_to_end_latency,291,900.0
end_to_end_latency,292,850.0
end_to_end_latency,293,800.0
end_to_end_latency,294,1898.0
end_to_end_latency,295,1847.0
end_to_end_latency,296,1798.0
end_to_end_latency,297,1747.0
end_to_end_latency,298,1699.0
end_to_end_latency,299,1649.0
end_to_end_latency,300,1600.0
end_to_end_latency,301,1550.0
end_to_end_latency,302,1501.0
end_to_end_latency,303,1451.0
end_to_end_latency,304,1401.0
end_to_end_latency,305,1351.0
end_to_end_latency,306,1300.0
end_to_end_latency,307,1251.0
end_to_end_latency,308,1202.0
end_to_end_latency,309,1152.0
end_to_end_latency,310,1101.0
end_to_end_latency,311,1052.0
end_to_end_latency,312,1002.0
end_to_end_latency,313,952.0
end_to_end_latency,314,902.0
end_to_end_latency,315,852.0
end_to_end_latency,316,1043.0
end_to_end_latency,317,993.0
end_to_end_latency,318,942.0
end_to_end_latency,319,892.0
end_to_end_latency,320,1352.0
end_to_end_latency,321,1302.0
end_to_end_latency,322,1252.0
end_to_end_latency,323,1202.0
end_to_end_latency,324,1152.0
end_to_end_latency,325,1101.0
end_to_end_latency,326,1053.0
end_to_end_latency,327,1003.0
end_to_end_latency,328,953.0
end_to_end_latency,329,903.0
end_to_end_latency,330,1292.0
end_to_end_latency,331,1242.0
end_to_end_latency,332,1192.0
end_to_end_latency,333,1142.0
end_to_end_latency,334,1092.0
end_to_end_latency,335,1042.0
end_to_end_latency,336,991.0
end_to_end_latency,337,942.0
end_to_end_latency,338,891.0
end_to_end_latency,339,842.0
end_to_end_latency,340,791.0
end_to_end_latency,341,1844.0
end_to_end_latency,342,1795.0
end_to_end_latency,343,1744.0
end_to_end_latency,344,1695.0
end_to_end_latency,345,1644.0
end_to_end_latency,346,1594.0
end_to_end_latency,347,1545.0
end_to_end_latency,348,1494.0
end_to_end_latency,349,1446.0
end_to_end_latency,350,1396.0
end_to_end_latency,351,1346.0
end_to_end_latency,352,1296.0
end_to_end_latency,353,1245.0
end_to_end_latency,354,1196.0
end_to_end_latency,355,1146.0
end_to_end_latency,356,1096.0
end_to_end_latency,357,1045.0
end_to_end_latency,358,995.0
end_to_end_latency,359,946.0
end_to_end_latency,360,895.0
end_to_end_latency,361,846.0
end_to_end_latency,362,795.0
end_to_end_latency,363,1059.0
end_to_end_latency,364,1008.0
end_to_end_latency,365,958.0
end_to_end_latency,366,908.0
end_to_end_latency,367,1325.0
end_to_end_latency,368,1275.0
end_to_end_latency,369,1225.0
end_to_end_latency,370,1174.0
end_to_end_latency,371,1125.0
end_to_end_latency,372,1075.0
end_to_end_latency,373,1024.0
end_to_end_latency,374,976.0
end_to_end_latency,375,926.0
end_to_end_latency,376,876.0
end_to_end_latency,377,825.0
end_to_end_latency,378,1254.0
end_to_end_latency,379,1205.0
end_to_end_latency,380,1155.0
end_to_end_latency,381,1104.0
end_to_end_latency,382,1055.0
end_to_end_latency,383,1006.0
end_to_end_latency,384,955.0
end_to_end_latency,385,905.0
end_to_end_latency,386,1761.0
end_to_end_latency,387,1710.0
end_to_end_latency,388,1661.0
end_to_end_latency,389,1610.0
end_to_end_latency,390,1561.0
end_to_end_latency,391,1510.0
end_to_end_latency,392,1461.0
end_to_end_latency,393,1411.0
end_to_end_latency,394,1361.0
end_to_end_latency,395,1312.0
end_to_end_latency,396,1261.0
end_to_end_latency,397,1212.0
end_to_end_latency,398,1161.0
end_to_end_latency,399,1112.0
end_to_end_latency,400,1062.0
end_to_end_latency,401,1012.0
end_to_end_latency,402,963.0
end_to_end_latency,403,912.0
end_to_end_latency,404,862.0
end_to_end_latency,405,813.0
end_to_end_latency,406,763.0
end_to_end_latency,407,712.0
end_to_end_latency,408,662.0
end_to_end_latency,409,612.0
end_to_end_latency,410,563.0
end_to_end_latency,411,1136.0
end_to_end_latency,412,1087.0
end_to_end_latency,413,1036.0
end_to_end_latency,414,986.0
end_to_end_latency,415,1246.0
end_to_end_latency,416,1196.0
end_to_end_latency,417,1146.0
end_to_end_latency,418,1096.0
end_to_end_latency,419,1046.0
end_to_end_latency,420,997.0
end_to_end_latency,421,946.0
end_to_end_latency,422,896.0
end_to_end_latency,423,1482.0
end_to_end_latency,424,1432.0
end_to_end_latency,425,1382.0
end_to_end_latency,426,1332.0
end_to_end_latency,427,1282.0
end_to_end_latency,428,1233.0
end_to_end_latency,429,1182.0
end_to_end_latency,430,1133.0
end_to_end_latency,431,1082.0
end_to_end_latency,432,1032.0
end_to_end_latency,433,1952.0
end_to_end_latency,434,1902.0
end_to_end_latency,435,1852.0
end_to_end_latency,436,1803.0
end_to_end_latency,437,1753.0
end_to_end_latency,438,1703.0
end_to_end_latency,439,1653.0
end_to_end_latency,440,1603.0
end_to_end_latency,441,1554.0
end_to_end_latency,442,1505.0
end_to_end_latency,443,1454.0
end_to_end_latency,444,1404.0
end_to_end_latency,445,1355.0
end_to_end_latency,446,1304.0
end_to_end_latency,447,1254.0
end_to_end_latency,448,1204.0
end_to_end_latency,449,1154.0
end_to_end_latency,450,1104.0
end_to_end_latency,451,1055.0
end_to_end_latency,452,1004.0
end_to_end_latency,453,955.0
end_to_end_latency,454,904.0
end_to_end_latency,455,856.0
end_to_end_latency,456,805.0
end_to_end_latency,457,754.0
end_to_end_latency,458,1009.0
end_to_end_latency,459,959.0
end_to_end_latency,460,910.0
end_to_end_latency,461,860.0
end_to_end_latency,462,1289.0
end_to_end_latency,463,1238.0
end_to_end_latency,464,1188.0
end_to_end_latency,465,1138.0
end_to_end_latency,466,1089.0
end_to_end_latency,467,1039.0
end_to_end_latency,468,989.0
end_to_end_latency,469,939.0
end_to_end_latency,470,889.0
end_to_end_latency,471,839.0
end_to_end_latency,472,790.0
end_to_end_latency,473,1393.0
end_to_end_latency,474,1343.0
end_to_end_latency,475,1293.0
end_to_end_latency,476,1244.0
end_to_end_latency,477,1194.0
end_to_end_latency,478,1145.0
end_to_end_latency,479,1094.0
end_to_end_latency,480,1834.0
end_to_end_latency,481,1784.0
end_to_end_latency,482,1734.0
end_to_end_latency,483,1684.0
end_to_end_latency,484,1634.0
end_to_end_latency,485,1584.0
end_to_end_latency,486,1534.0
end_to_end_latency,487,1484.0
end_to_end_latency,488,1435.0
end_to_end_latency,489,1385.0
end_to_end_latency,490,1336.0
end_to_end_latency,491,1286.0
end_to_end_latency,492,1235.0
end_to_end_latency,493,1186.0
end_to_end_latency,494,1135.0
end_to_end_latency,495,1086.0
end_to_end_latency,496,1037.0
end_to_end_latency,497,986.0
end_to_end_latency,498,936.0
end_to_end_latency,499,886.0
end_to_end_latency,500,836.0
end_to_end_latency,501,786.0
end_to_end_latency,502,736.0
end_to_end_latency,503,686.0
end_to_end_latency,504,637.0
end_to_end_latency,505,1076.0
end_to_end_latency,506,1026.0
end_to_end_latency,507,976.0
end_to_end_latency,508,927.0
end_to_end_latency,509,1469.0
end_to_end_latency,510,1419.0
end_to_end_latency,511,1369.0
end_to_end_latency,512,1319.0
end_to_end_latency,513,1269.0
end_to_end_latency,514,1219.0
end_to_end_latency,515,1169.0
end_to_end_latency,516,1119.0
end_to_end_latency,517,1069.0
end_to_end_latency,518,1019.0
end_to_end_latency,519,1470.0
end_to_end_latency,520,1420.0
end_to_end_latency,521,1370.0
end_to_end_latency,522,1320.0
end_to_end_latency,523,1269.0
end_to_end_latency,524,1220.0
end_to_end_latency,525,1169.0
end_to_end_latency,526,1119.0
end_to_end_latency,527,1969.0
end_to_end_latency,528,1919.0
end_to_end_latency,529,1868.0
end_to_end_latency,530,1819.0
end_to_end_latency,531,1769.0
end_to_end_latency,532,1719.0
end_to_end_latency,533,1670.0
end_to_end_latency,534,1620.0
end_to_end_latency,535,1569.0
end_to_end_latency,536,1519.0
end_to_end_latency,537,1469.0
end_to_end_latency,538,1420.0
end_to_end_latency,539,1370.0
end_to_end_latency,540,1319.0
end_to_end_latency,541,1270.0
end_to_end_latency,542,1221.0
end_to_end_latency,543,1171.0
end_to_end_latency,544,1121.0
end_to_end_latency,545,1072.0
end_to_end_latency,546,1022.0
end_to_end_latency,547,971.0
end_to_end_latency,548,922.0
end_to_end_latency,549,872.0
end_to_end_latency,550,822.0
end_to_end_latency,551,771.0
end_to_end_latency,552,722.0
end_to_end_latency,553,955.0
end_to_end_latency,554,904.0
end_to_end_latency,555,854.0
end_to_end_latency,556,805.0
end_to_end_latency,557,1190.0
end_to_end_latency,558,1140.0
end_to_end_latency,559,1091.0
end_to_end_latency,560,1040.0
end_to_end_latency,561,991.0
end_to_end_latency,562,941.0
end_to_end_latency,563,892.0
end_to_end_latency,564,842.0
end_to_end_latency,565,1271.0
end_to_end_latency,566,1222.0
end_to_end_latency,567,1171.0
end_to_end_latency,568,1120.0
end_to_end_latency,569,1071.0
end_to_end_latency,570,1022.0
end_to_end_latency,571,972.0
end_to_end_latency,572,922.0
end_to_end_latency,573,872.0
end_to_end_latency,574,821.0
end_to_end_latency,575,1690.0
end_to_end_latency,576,1640.0
end_to_end_latency,577,1589.0
end_to_end_latency,578,1540.0
end_to_end_latency,579,1491.0
end_to_end_latency,580,1441.0
end_to_end_latency,581,1391.0
end_to_end_latency,582,1341.0
end_to_end_latency,583,1291.0
end_to_end_latency,584,1241.0
end_to_end_latency,585,1190.0
end_to_end_latency,586,1140.0
end_to_end_latency,587,1091.0
end_to_end_latency,588,1042.0
end_to_end_latency,589,991.0
end_to_end_latency,590,942.0
end_to_end_latency,591,891.0
end_to_end_latency,592,842.0
end_to_end_latency,593,792.0
end_to_end_latency,594,742.0
end_to_end_latency,595,692.0
end_to_end_latency,596,642.0
end_to_end_latency,0,2013.0
end_to_end_latency,1,1962.0
end_to_end_latency,2,1912.0
end_to_end_latency,3,1862.0
end_to_end_latency,15,1263.0
end_to_end_latency,16,1213.0
end_to_end_latency,17,1163.0
end_to_end_latency,18,1113.0
end_to_end_latency,19,1063.0
end_to_end_latency,20,1013.0
end_to_end_latency,21,963.0
end_to_end_latency,27,1273.0
end_to_end_latency,28,1223.0
end_to_end_latency,29,1173.0
end_to_end_latency,30,1123.0
end_to_end_latency,31,1073.0
end_to_end_latency,37,1089.0
end_to_end_latency,38,1039.0
end_to_end_latency,39,989.0
end_to_end_latency,40,939.0
end_to_end_latency,45,1159.0
end_to_end_latency,46,1109.0
end_to_end_latency,47,1059.0
end_to_end_latency,48,1009.0
end_to_end_latency,49,959.0
end_to_end_latency,56,1597.0
end_to_end_latency,57,1547.0
end_to_end_latency,58,1497.0
end_to_end_latency,59,1447.0
end_to_end_latency,64,1198.0
end_to_end_latency,65,1149.0
end_to_end_latency,66,1098.0
end_to_end_latency,67,1048.0
end_to_end_latency,68,998.0
end_to_end_latency,69,948.0
end_to_end_latency,74,1173.0
end_to_end_latency,75,1123.0
end_to_end_latency,76,1073.0
end_to_end_latency,77,1023.0
end_to_end_latency,78,972.0
end_to_end_latency,79,923.0
end_to_end_latency,84,1176.0
end_to_end_latency,85,1127.0
end_to_end_latency,86,1076.0
end_to_end_latency,87,1027.0
end_to_end_latency,88,976.0
end_to_end_latency,94,1291.0
end_to_end_latency,95,1241.0
end_to_end_latency,96,1191.0
end_to_end_latency,97,1141.0
end_to_end_latency,98,1091.0
end_to_end_latency,104,1617.0
end_to_end_latency,105,1567.0
end_to_end_latency,106,1517.0
end_to_end_latency,107,1467.0
end_to_end_latency,108,1417.0
end_to_end_latency,113,1168.0
end_to_end_latency,114,1118.0
end_to_end_latency,115,1067.0
end_to_end_latency,116,1017.0
end_to_end_latency,117,967.0
end_to_end_latency,118,918.0
end_to_end_latency,124,1312.0
end_to_end_latency,125,1262.0
end_to_end_latency,126,1212.0
end_to_end_latency,127,1162.0
end_to_end_latency,128,1112.0
end_to_end_latency,129,1062.0
end_to_end_latency,134,1139.0
end_to_end_latency,135,1089.0
end_to_end_latency,136,1039.0
end_to_end_latency,137,989.0
end_to_end_latency,144,1140.0
end_to_end_latency,145,1090.0
end_to_end_latency,146,1039.0
end_to_end_latency,147,989.0
end_to_end_latency,154,1615.0
end_to_end_latency,155,1565.0
end_to_end_latency,156,1515.0
end_to_end_latency,157,1465.0
end_to_end_latency,158,1415.0
end_to_end_latency,164,1115.0
end_to_end_latency,165,1065.0
end_to_end_latency,166,1015.0
end_to_end_latency,167,966.0
end_to_end_latency,173,1156.0
end_to_end_latency,174,1106.0
end_to_end_latency,175,1056.0
end_to_end_latency,176,1006.0
end_to_end_latency,177,955.0
end_to_end_latency,178,905.0
end_to_end_latency,183,1191.0
end_to_end_latency,184,1141.0
end_to_end_latency,185,1091.0
end_to_end_latency,193,1154.0
end_to_end_latency,194,1104.0
end_to_end_latency,195,1054.0
end_to_end_latency,196,1004.0
end_to_end_latency,202,1833.0
end_to_end_latency,203,1783.0
end_to_end_latency,204,1733.0
end_to_end_latency,205,1682.0
end_to_end_latency,206,1633.0
end_to_end_latency,207,1583.0
end_to_end_latency,212,1334.0
end_to_end_latency,213,1284.0
end_to_end_latency,214,1233.0
end_to_end_latency,215,1184.0
end_to_end_latency,216,1134.0
end_to_end_latency,217,1083.0
end_to_end_latency,222,1139.0
end_to_end_latency,223,1089.0
end_to_end_latency,224,1039.0
end_to_end_latency,225,989.0
end_to_end_latency,226,938.0
end_to_end_latency,227,889.0
end_to_end_latency,233,1050.0
end_to_end_latency,234,999.0
end_to_end_latency,235,951.0
end_to_end_latency,236,901.0
end_to_end_latency,241,1274.0
end_to_end_latency,242,1224.0
end_to_end_latency,243,1174.0
end_to_end_latency,244,1124.0
end_to_end_latency,245,1073.0
end_to_end_latency,246,1024.0
end_to_end_latency,251,1741.0
end_to_end_latency,252,1690.0
end_to_end_latency,253,1640.0
end_to_end_latency,254,1590.0
end_to_end_latency,255,1540.0
end_to_end_latency,260,1292.0
end_to_end_latency,261,1242.0
end_to_end_latency,262,1192.0
end_to_end_latency,263,1141.0
end_to_end_latency,264,1092.0
end_to_end_latency,269,1146.0
end_to_end_latency,270,1096.0
end_to_end_latency,271,1047.0
end_to_end_latency,272,997.0
end_to_end_latency,273,947.0
end_to_end_latency,280,1083.0
end_to_end_latency,281,1033.0
end_to_end_latency,282,984.0
end_to_end_latency,283,934.0
end_to_end_latency,289,1100.0
end_to_end_latency,290,1049.0
end_to_end_latency,291,999.0
end_to_end_latency,292,949.0
end_to_end_latency,299,1750.0
end_to_end_latency,300,1701.0
end_to_end_latency,301,1650.0
end_to_end_latency,302,1600.0
end_to_end_latency,308,1301.0
end_to_end_latency,309,1251.0
end_to_end_latency,310,1201.0
end_to_end_latency,311,1151.0
end_to_end_latency,316,1143.0
end_to_end_latency,317,1093.0
end_to_end_latency,318,1043.0
end_to_end_latency,319,993.0
end_to_end_latency,320,943.0
end_to_end_latency,321,893.0
end_to_end_latency,327,1102.0
end_to_end_latency,328,1052.0
end_to_end_latency,329,1002.0
end_to_end_latency,330,953.0
end_to_end_latency,331,902.0
end_to_end_latency,336,1092.0
end_to_end_latency,337,1042.0
end_to_end_latency,338,992.0
end_to_end_latency,339,942.0
end_to_end_latency,340,892.0
end_to_end_latency,341,842.0
end_to_end_latency,346,1695.0
end_to_end_latency,347,1644.0
end_to_end_latency,348,1595.0
end_to_end_latency,349,1545.0
end_to_end_latency,354,1296.0
end_to_end_latency,355,1246.0
end_to_end_latency,356,1197.0
end_to_end_latency,357,1146.0
end_to_end_latency,358,1096.0
end_to_end_latency,359,1046.0
end_to_end_latency,365,1059.0
end_to_end_latency,366,1009.0
end_to_end_latency,367,959.0
end_to_end_latency,368,909.0
end_to_end_latency,374,1075.0
end_to_end_latency,375,1025.0
end_to_end_latency,376,975.0
end_to_end_latency,377,925.0
end_to_end_latency,383,1105.0
end_to_end_latency,384,1055.0
end_to_end_latency,385,1005.0
end_to_end_latency,386,954.0
end_to_end_latency,392,1562.0
end_to_end_latency,393,1511.0
end_to_end_latency,394,1462.0
end_to_end_latency,395,1412.0
end_to_end_latency,396,1361.0
end_to_end_latency,402,1062.0
end_to_end_latency,403,1011.0
end_to_end_latency,404,962.0
end_to_end_latency,405,911.0
end_to_end_latency,411,1237.0
end_to_end_latency,412,1187.0
end_to_end_latency,413,1137.0
end_to_end_latency,414,1086.0
end_to_end_latency,420,1097.0
end_to_end_latency,421,1047.0
end_to_end_latency,422,996.0
end_to_end_latency,423,947.0
end_to_end_latency,424,897.0
end_to_end_latency,429,1283.0
end_to_end_latency,430,1233.0
end_to_end_latency,431,1183.0
end_to_end_latency,432,1133.0
end_to_end_latency,433,1083.0
end_to_end_latency,439,1754.0
end_to_end_latency,440,1704.0
end_to_end_latency,441,1653.0
end_to_end_latency,442,1603.0
end_to_end_latency,443,1554.0
end_to_end_latency,448,1305.0
end_to_end_latency,449,1254.0
end_to_end_latency,450,1205.0
end_to_end_latency,451,1154.0
end_to_end_latency,452,1105.0
end_to_end_latency,458,1108.0
end_to_end_latency,459,1059.0
end_to_end_latency,460,1009.0
end_to_end_latency,461,959.0
end_to_end_latency,462,909.0
end_to_end_latency,463,859.0
end_to_end_latency,468,1090.0
end_to_end_latency,469,1040.0
end_to_end_latency,470,989.0
end_to_end_latency,471,940.0
end_to_end_latency,477,1293.0
end_to_end_latency,478,1243.0
end_to_end_latency,479,1193.0
end_to_end_latency,480,1144.0
end_to_end_latency,481,1093.0
end_to_end_latency,487,1585.0
end_to_end_latency,488,1534.0
end_to_end_latency,489,1485.0
end_to_end_latency,490,1435.0
end_to_end_latency,491,1384.0
end_to_end_latency,496,1135.0
end_to_end_latency,497,1085.0
end_to_end_latency,498,1035.0
end_to_end_latency,499,985.0
end_to_end_latency,500,935.0
end_to_end_latency,501,886.0
end_to_end_latency,505,1176.0
end_to_end_latency,506,1127.0
end_to_end_latency,507,1076.0
end_to_end_latency,508,1027.0
end_to_end_latency,509,977.0
end_to_end_latency,514,1320.0
end_to_end_latency,515,1269.0
end_to_end_latency,516,1219.0
end_to_end_latency,517,1170.0
end_to_end_latency,518,1119.0
end_to_end_latency,519,1069.0
end_to_end_latency,524,1319.0
end_to_end_latency,525,1270.0
end_to_end_latency,526,1220.0
end_to_end_latency,527,1169.0
end_to_end_latency,528,1120.0
end_to_end_latency,534,1720.0
end_to_end_latency,535,1670.0
end_to_end_latency,536,1619.0
end_to_end_latency,537,1570.0
end_to_end_latency,538,1520.0
end_to_end_latency,539,1470.0
end_to_end_latency,544,1221.0
end_to_end_latency,545,1171.0
end_to_end_latency,546,1120.0
end_to_end_latency,547,1071.0
end_to_end_latency,548,1021.0
end_to_end_latency,553,1054.0
end_to_end_latency,554,1005.0
end_to_end_latency,555,953.0
end_to_end_latency,556,904.0
end_to_end_latency,557,855.0
end_to_end_latency,562,1041.0
end_to_end_latency,563,991.0
end_to_end_latency,564,940.0
end_to_end_latency,565,891.0
end_to_end_latency,566,841.0
end_to_end_latency,572,1022.0
end_to_end_latency,573,972.0
end_to_end_latency,574,922.0
end_to_end_latency,575,872.0
end_to_end_latency,580,1541.0
end_to_end_latency,581,1491.0
end_to_end_latency,582,1441.0
end_to_end_latency,583,1392.0
end_to_end_latency,584,1342.0
end_to_end_latency,590,1041.0
end_to_end_latency,591,992.0
end_to_end_latency,592,941.0
end_to_end_latency,593,891.0
end_to_end_latency,0,1932.0
end_to_end_latency,1,1882.0
end_to_end_latency,2,1832.0
end_to_end_latency,3,1782.0
end_to_end_latency,4,1732.0
end_to_end_latency,5,1682.0
end_to_end_latency,6,1632.0
end_to_end_latency,7,1581.0
end_to_end_latency,8,1532.0
end_to_end_latency,9,1482.0
end_to_end_latency,10,1432.0
end_to_end_latency,11,1382.0
end_to_end_latency,12,1331.0
end_to_end_latency,13,1282.0
end_to_end_latency,14,1231.0
end_to_end_latency,15,1182.0
end_to_end_latency,16,1132.0
end_to_end_latency,17,1083.0
end_to_end_latency,18,1033.0
end_to_end_latency,19,983.0
end_to_end_latency,20,933.0
end_to_end_latency,21,883.0
end_to_end_latency,22,833.0
end_to_end_latency,23,1392.0
end_to_end_latency,24,1343.0
end_to_end_latency,25,1293.0
end_to_end_latency,26,1243.0
end_to_end_latency,27,1192.0
end_to_end_latency,28,1143.0
end_to_end_latency,29,1093.0
end_to_end_latency,30,1043.0
end_to_end_latency,31,1307.0
end_to_end_latency,32,1257.0
end_to_end_latency,33,1208.0
end_to_end_latency,34,1158.0
end_to_end_latency,35,1108.0
end_to_end_latency,36,1058.0
end_to_end_latency,37,1009.0
end_to_end_latency,38,959.0
end_to_end_latency,39,908.0
end_to_end_latency,40,859.0
end_to_end_latency,41,809.0
end_to_end_latency,42,1227.0
end_to_end_latency,43,1178.0
end_to_end_latency,44,1127.0
end_to_end_latency,45,1078.0
end_to_end_latency,46,1028.0
end_to_end_latency,47,979.0
end_to_end_latency,48,928.0
end_to_end_latency,49,879.0
end_to_end_latency,50,828.0
end_to_end_latency,51,1767.0
end_to_end_latency,52,1716.0
end_to_end_latency,53,1666.0
end_to_end_latency,54,1617.0
end_to_end_latency,55,1566.0
end_to_end_latency,56,1517.0
end_to_end_latency,57,1467.0
end_to_end_latency,58,1417.0
end_to_end_latency,59,1367.0
end_to_end_latency,60,1317.0
end_to_end_latency,61,1266.0
end_to_end_latency,62,1216.0
end_to_end_latency,63,1167.0
end_to_end_latency,64,1116.0
end_to_end_latency,65,1067.0
end_to_end_latency,66,1018.0
end_to_end_latency,67,968.0
end_to_end_latency,68,917.0
end_to_end_latency,69,868.0
end_to_end_latency,70,1293.0
end_to_end_latency,71,1242.0
end_to_end_latency,72,1193.0
end_to_end_latency,73,1142.0
end_to_end_latency,74,1094.0
end_to_end_latency,75,1043.0
end_to_end_latency,76,992.0
end_to_end_latency,77,942.0
end_to_end_latency,78,893.0
end_to_end_latency,79,842.0
end_to_end_latency,80,1295.0
end_to_end_latency,81,1244.0
end_to_end_latency,82,1195.0
end_to_end_latency,83,1144.0
end_to_end_latency,84,1095.0
end_to_end_latency,85,1045.0
end_to_end_latency,86,996.0
end_to_end_latency,87,945.0
end_to_end_latency,88,895.0
end_to_end_latency,89,845.0
end_to_end_latency,90,1411.0
end_to_end_latency,91,1360.0
end_to_end_latency,92,1310.0
end_to_end_latency,93,1260.0
end_to_end_latency,94,1211.0
end_to_end_latency,95,1160.0
end_to_end_latency,96,1111.0
end_to_end_latency,97,1060.0
end_to_end_latency,98,1011.0
end_to_end_latency,99,1787.0
end_to_end_latency,100,1736.0
end_to_end_latency,101,1686.0
end_to_end_latency,102,1636.0
end_to_end_latency,103,1586.0
end_to_end_latency,104,1536.0
end_to_end_latency,105,1487.0
end_to_end_latency,106,1437.0
end_to_end_latency,107,1387.0
end_to_end_latency,108,1336.0
end_to_end_latency,109,1288.0
end_to_end_latency,110,1238.0
end_to_end_latency,111,1187.0
end_to_end_latency,112,1137.0
end_to_end_latency,113,1087.0
end_to_end_latency,114,1038.0
end_to_end_latency,115,989.0
end_to_end_latency,116,938.0
end_to_end_latency,117,889.0
end_to_end_latency,118,1530.0
end_to_end_latency,119,1480.0
end_to_end_latency,120,1430.0
end_to_end_latency,121,1380.0
end_to_end_latency,122,1331.0
end_to_end_latency,123,1280.0
end_to_end_latency,124,1231.0
end_to_end_latency,125,1181.0
end_to_end_latency,126,1131.0
end_to_end_latency,127,1082.0
end_to_end_latency,128,1358.0
end_to_end_latency,129,1308.0
end_to_end_latency,130,1259.0
end_to_end_latency,131,1208.0
end_to_end_latency,132,1158.0
end_to_end_latency,133,1109.0
end_to_end_latency,134,1059.0
end_to_end_latency,135,1008.0
end_to_end_latency,136,959.0
end_to_end_latency,137,908.0
end_to_end_latency,138,1359.0
end_to_end_latency,139,1308.0
end_to_end_latency,140,1258.0
end_to_end_latency,141,1208.0
end_to_end_latency,142,1158.0
end_to_end_latency,143,1109.0
end_to_end_latency,144,1059.0
end_to_end_latency,145,1009.0
end_to_end_latency,146,960.0
end_to_end_latency,147,909.0
end_to_end_latency,148,1835.0
end_to_end_latency,149,1784.0
end_to_end_latency,150,1734.0
end_to_end_latency,151,1684.0
end_to_end_latency,152,1634.0
end_to_end_latency,153,1584.0
end_to_end_latency,154,1535.0
end_to_end_latency,155,1484.0
end_to_end_latency,156,1434.0
end_to_end_latency,157,1384.0
end_to_end_latency,158,1334.0
end_to_end_latency,159,1286.0
end_to_end_latency,160,1235.0
end_to_end_latency,161,1185.0
end_to_end_latency,162,1135.0
end_to_end_latency,163,1085.0
end_to_end_latency,164,1036.0
end_to_end_latency,165,985.0
end_to_end_latency,166,935.0
end_to_end_latency,167,885.0
end_to_end_latency,168,835.0
end_to_end_latency,169,1275.0
end_to_end_latency,170,1225.0
end_to_end_latency,171,1175.0
end_to_end_latency,172,1125.0
end_to_end_latency,173,1075.0
end_to_end_latency,174,1025.0
end_to_end_latency,175,975.0
end_to_end_latency,176,925.0
end_to_end_latency,177,875.0
end_to_end_latency,178,1360.0
end_to_end_latency,179,1309.0
end_to_end_latency,180,1259.0
end_to_end_latency,181,1209.0
end_to_end_latency,182,1159.0
end_to_end_latency,183,1110.0
end_to_end_latency,184,1060.0
end_to_end_latency,185,1010.0
end_to_end_latency,186,961.0
end_to_end_latency,187,1373.0
end_to_end_latency,188,1323.0
end_to_end_latency,189,1273.0
end_to_end_latency,190,1224.0
end_to_end_latency,191,1173.0
end_to_end_latency,192,1123.0
end_to_end_latency,193,1074.0
end_to_end_latency,194,1025.0
end_to_end_latency,195,975.0
end_to_end_latency,196,924.0
end_to_end_latency,197,874.0
end_to_end_latency,198,824.0
end_to_end_latency,199,1902.0
end_to_end_latency,200,1852.0
end_to_end_latency,201,1802.0
end_to_end_latency,202,1752.0
end_to_end_latency,203,1702.0
end_to_end_latency,204,1653.0
end_to_end_latency,205,1602.0
end_to_end_latency,206,1552.0
end_to_end_latency,207,1502.0
end_to_end_latency,208,1452.0
end_to_end_latency,209,1402.0
end_to_end_latency,210,1353.0
end_to_end_latency,211,1303.0
end_to_end_latency,212,1253.0
end_to_end_latency,213,1203.0
end_to_end_latency,214,1153.0
end_to_end_latency,215,1103.0
end_to_end_latency,216,1358.0
end_to_end_latency,217,1308.0
end_to_end_latency,218,1258.0
end_to_end_latency,219,1208.0
end_to_end_latency,220,1158.0
end_to_end_latency,221,1108.0
end_to_end_latency,222,1058.0
end_to_end_latency,223,1008.0
end_to_end_latency,224,958.0
end_to_end_latency,225,908.0
end_to_end_latency,226,859.0
end_to_end_latency,227,1269.0
end_to_end_latency,228,1219.0
end_to_end_latency,229,1169.0
end_to_end_latency,230,1119.0
end_to_end_latency,231,1069.0
end_to_end_latency,232,1019.0
end_to_end_latency,233,970.0
end_to_end_latency,234,920.0
end_to_end_latency,235,870.0
end_to_end_latency,236,1443.0
end_to_end_latency,237,1394.0
end_to_end_latency,238,1342.0
end_to_end_latency,239,1293.0
end_to_end_latency,240,1243.0
end_to_end_latency,241,1194.0
end_to_end_latency,242,1144.0
end_to_end_latency,243,1094.0
end_to_end_latency,244,1045.0
end_to_end_latency,245,1959.0
end_to_end_latency,246,1910.0
end_to_end_latency,247,1860.0
end_to_end_latency,248,1810.0
end_to_end_latency,249,1760.0
end_to_end_latency,250,1710.0
end_to_end_latency,251,1660.0
end_to_end_latency,252,1610.0
end_to_end_latency,253,1560.0
end_to_end_latency,254,1510.0
end_to_end_latency,255,1461.0
end_to_end_latency,256,1411.0
end_to_end_latency,257,1361.0
end_to_end_latency,258,1310.0
end_to_end_latency,259,1261.0
end_to_end_latency,260,1211.0
end_to_end_latency,261,1161.0
end_to_end_latency,262,1111.0
end_to_end_latency,263,1061.0
end_to_end_latency,264,1316.0
end_to_end_latency,265,1265.0
end_to_end_latency,266,1216.0
end_to_end_latency,267,1166.0
end_to_end_latency,268,1117.0
end_to_end_latency,269,1065.0
end_to_end_latency,270,1017.0
end_to_end_latency,271,967.0
end_to_end_latency,272,917.0
end_to_end_latency,273,867.0
end_to_end_latency,274,1303.0
end_to_end_latency,275,1253.0
end_to_end_latency,276,1203.0
end_to_end_latency,277,1152.0
end_to_end_latency,278,1103.0
end_to_end_latency,279,1054.0
end_to_end_latency,280,1004.0
end_to_end_latency,281,954.0
end_to_end_latency,282,904.0
end_to_end_latency,283,854.0
end_to_end_latency,284,1269.0
end_to_end_latency,285,1218.0
end_to_end_latency,286,1169.0
end_to_end_latency,287,1119.0
end_to_end_latency,288,1070.0
end_to_end_latency,289,1019.0
end_to_end_latency,290,970.0
end_to_end_latency,291,920.0
end_to_end_latency,292,869.0
end_to_end_latency,293,820.0
end_to_end_latency,294,1918.0
end_to_end_latency,295,1867.0
end_to_end_latency,296,1818.0
end_to_end_latency,297,1768.0
end_to_end_latency,298,1719.0
end_to_end_latency,299,1669.0
end_to_end_latency,300,1619.0
end_to_end_latency,301,1570.0
end_to_end_latency,302,1521.0
end_to_end_latency,303,1470.0
end_to_end_latency,304,1420.0
end_to_end_latency,305,1371.0
end_to_end_latency,306,1321.0
end_to_end_latency,307,1271.0
end_to_end_latency,308,1221.0
end_to_end_latency,309,1172.0
end_to_end_latency,310,1122.0
end_to_end_latency,311,1312.0
end_to_end_latency,312,1262.0
end_to_end_latency,313,1212.0
end_to_end_latency,314,1162.0
end_to_end_latency,315,1111.0
end_to_end_latency,316,1061.0
end_to_end_latency,317,1013.0
end_to_end_latency,318,963.0
end_to_end_latency,319,912.0
end_to_end_latency,320,1372.0
end_to_end_latency,321,1322.0
end_to_end_latency,322,1271.0
end_to_end_latency,323,1222.0
end_to_end_latency,324,1172.0
end_to_end_latency,325,1122.0
end_to_end_latency,326,1073.0
end_to_end_latency,327,1023.0
end_to_end_latency,328,973.0
end_to_end_latency,329,922.0
end_to_end_latency,330,873.0
end_to_end_latency,331,822.0
end_to_end_latency,332,1212.0
end_to_end_latency,333,1161.0
end_to_end_latency,334,1112.0
end_to_end_latency,335,1061.0
end_to_end_latency,336,1012.0
end_to_end_latency,337,962.0
end_to_end_latency,338,912.0
end_to_end_latency,339,862.0
end_to_end_latency,340,812.0
end_to_end_latency,341,1865.0
end_to_end_latency,342,1815.0
end_to_end_latency,343,1765.0
end_to_end_latency,344,1715.0
end_to_end_latency,345,1664.0
end_to_end_latency,346,1615.0
end_to_end_latency,347,1564.0
end_to_end_latency,348,1515.0
end_to_end_latency,349,1464.0
end_to_end_latency,350,1416.0
end_to_end_latency,351,1366.0
end_to_end_latency,352,1315.0
end_to_end_latency,353,1266.0
end_to_end_latency,354,1216.0
end_to_end_latency,355,1166.0
end_to_end_latency,356,1116.0
end_to_end_latency,357,1066.0
end_to_end_latency,358,1015.0
end_to_end_latency,359,1278.0
end_to_end_latency,360,1228.0
end_to_end_latency,361,1177.0
end_to_end_latency,362,1128.0
end_to_end_latency,363,1078.0
end_to_end_latency,364,1027.0
end_to_end_latency,365,979.0
end_to_end_latency,366,929.0
end_to_end_latency,367,878.0
end_to_end_latency,368,829.0
end_to_end_latency,369,1245.0
end_to_end_latency,370,1194.0
end_to_end_latency,371,1145.0
end_to_end_latency,372,1095.0
end_to_end_latency,373,1046.0
end_to_end_latency,374,996.0
end_to_end_latency,375,945.0
end_to_end_latency,376,896.0
end_to_end_latency,377,845.0
end_to_end_latency,378,1275.0
end_to_end_latency,379,1224.0
end_to_end_latency,380,1175.0
end_to_end_latency,381,1125.0
end_to_end_latency,382,1076.0
end_to_end_latency,383,1025.0
end_to_end_latency,384,976.0
end_to_end_latency,385,926.0
end_to_end_latency,386,1780.0
end_to_end_latency,387,1730.0
end_to_end_latency,388,1680.0
end_to_end_latency,389,1631.0
end_to_end_latency,390,1580.0
end_to_end_latency,391,1531.0
end_to_end_latency,392,1482.0
end_to_end_latency,393,1431.0
end_to_end_latency,394,1381.0
end_to_end_latency,395,1332.0
end_to_end_latency,396,1281.0
end_to_end_latency,397,1231.0
end_to_end_latency,398,1182.0
end_to_end_latency,399,1132.0
end_to_end_latency,400,1081.0
end_to_end_latency,401,1032.0
end_to_end_latency,402,983.0
end_to_end_latency,403,933.0
end_to_end_latency,404,882.0
end_to_end_latency,405,1456.0
end_to_end_latency,406,1407.0
end_to_end_latency,407,1357.0
end_to_end_latency,408,1306.0
end_to_end_latency,409,1256.0
end_to_end_latency,410,1206.0
end_to_end_latency,411,1156.0
end_to_end_latency,412,1107.0
end_to_end_latency,413,1056.0
end_to_end_latency,414,1315.0
end_to_end_latency,415,1266.0
end_to_end_latency,416,1215.0
end_to_end_latency,417,1165.0
end_to_end_latency,418,1115.0
end_to_end_latency,419,1066.0
end_to_end_latency,420,1017.0
end_to_end_latency,421,967.0
end_to_end_latency,422,917.0
end_to_end_latency,423,1503.0
end_to_end_latency,424,1452.0
end_to_end_latency,425,1403.0
end_to_end_latency,426,1352.0
end_to_end_latency,427,1303.0
end_to_end_latency,428,1253.0
end_to_end_latency,429,1202.0
end_to_end_latency,430,1152.0
end_to_end_latency,431,1102.0
end_to_end_latency,432,1052.0
end_to_end_latency,433,1002.0
end_to_end_latency,434,1923.0
end_to_end_latency,435,1872.0
end_to_end_latency,436,1822.0
end_to_end_latency,437,1772.0
end_to_end_latency,438,1724.0
end_to_end_latency,439,1673.0
end_to_end_latency,440,1623.0
end_to_end_latency,441,1574.0
end_to_end_latency,442,1525.0
end_to_end_latency,443,1475.0
end_to_end_latency,444,1424.0
end_to_end_latency,445,1374.0
end_to_end_latency,446,1324.0
end_to_end_latency,447,1274.0
end_to_end_latency,448,1224.0
end_to_end_latency,449,1174.0
end_to_end_latency,450,1124.0
end_to_end_latency,451,1075.0
end_to_end_latency,452,1024.0
end_to_end_latency,453,1278.0
end_to_end_latency,454,1228.0
end_to_end_latency,455,1179.0
end_to_end_latency,456,1130.0
end_to_end_latency,457,1079.0
end_to_end_latency,458,1029.0
end_to_end_latency,459,979.0
end_to_end_latency,460,930.0
end_to_end_latency,461,880.0
end_to_end_latency,462,1309.0
end_to_end_latency,463,1258.0
end_to_end_latency,464,1208.0
end_to_end_latency,465,1158.0
end_to_end_latency,466,1109.0
end_to_end_latency,467,1059.0
end_to_end_latency,468,1010.0
end_to_end_latency,469,959.0
end_to_end_latency,470,909.0
end_to_end_latency,471,859.0
end_to_end_latency,472,809.0
end_to_end_latency,473,1413.0
end_to_end_latency,474,1364.0
end_to_end_latency,475,1313.0
end_to_end_latency,476,1263.0
end_to_end_latency,477,1214.0
end_to_end_latency,478,1164.0
end_to_end_latency,479,1115.0
end_to_end_latency,480,1064.0
end_to_end_latency,481,1804.0
end_to_end_latency,482,1754.0
end_to_end_latency,483,1704.0
end_to_end_latency,484,1654.0
end_to_end_latency,485,1604.0
end_to_end_latency,486,1554.0
end_to_end_latency,487,1504.0
end_to_end_latency,488,1454.0
end_to_end_latency,489,1404.0
end_to_end_latency,490,1355.0
end_to_end_latency,491,1304.0
end_to_end_latency,492,1255.0
end_to_end_latency,493,1205.0
end_to_end_latency,494,1155.0
end_to_end_latency,495,1106.0
end_to_end_latency,496,1056.0
end_to_end_latency,497,1005.0
end_to_end_latency,498,956.0
end_to_end_latency,499,906.0
end_to_end_latency,500,1345.0
end_to_end_latency,501,1295.0
end_to_end_latency,502,1245.0
end_to_end_latency,503,1195.0
end_to_end_latency,504,1145.0
end_to_end_latency,505,1096.0
end_to_end_latency,506,1045.0
end_to_end_latency,507,996.0
end_to_end_latency,508,946.0
end_to_end_latency,509,896.0
end_to_end_latency,510,1439.0
end_to_end_latency,511,1389.0
end_to_end_latency,512,1339.0
end_to_end_latency,513,1289.0
end_to_end_latency,514,1239.0
end_to_end_latency,515,1189.0
end_to_end_latency,516,1139.0
end_to_end_latency,517,1089.0
end_to_end_latency,518,1039.0
end_to_end_latency,519,990.0
end_to_end_latency,520,1440.0
end_to_end_latency,521,1389.0
end_to_end_latency,522,1339.0
end_to_end_latency,523,1289.0
end_to_end_latency,524,1239.0
end_to_end_latency,525,1189.0
end_to_end_latency,526,1139.0
end_to_end_latency,527,1089.0
end_to_end_latency,528,1039.0
end_to_end_latency,529,1889.0
end_to_end_latency,530,1839.0
end_to_end_latency,531,1790.0
end_to_end_latency,532,1738.0
end_to_end_latency,533,1691.0
end_to_end_latency,534,1640.0
end_to_end_latency,535,1590.0
end_to_end_latency,536,1541.0
end_to_end_latency,537,1491.0
end_to_end_latency,538,1440.0
end_to_end_latency,539,1390.0
end_to_end_latency,540,1341.0
end_to_end_latency,541,1291.0
end_to_end_latency,542,1240.0
end_to_end_latency,543,1192.0
end_to_end_latency,544,1142.0
end_to_end_latency,545,1091.0
end_to_end_latency,546,1041.0
end_to_end_latency,547,992.0
end_to_end_latency,548,1223.0
end_to_end_latency,549,1173.0
end_to_end_latency,550,1123.0
end_to_end_latency,551,1073.0
end_to_end_latency,552,1024.0
end_to_end_latency,553,974.0
end_to_end_latency,554,924.0
end_to_end_latency,555,875.0
end_to_end_latency,556,824.0
end_to_end_latency,557,774.0
end_to_end_latency,558,1160.0
end_to_end_latency,559,1110.0
end_to_end_latency,560,1060.0
end_to_end_latency,561,1010.0
end_to_end_latency,562,960.0
end_to_end_latency,563,911.0
end_to_end_latency,564,861.0
end_to_end_latency,565,812.0
end_to_end_latency,566,1240.0
end_to_end_latency,567,1190.0
end_to_end_latency,568,1141.0
end_to_end_latency,569,1091.0
end_to_end_latency,570,1040.0
end_to_end_latency,571,992.0
end_to_end_latency,572,942.0
end_to_end_latency,573,892.0
end_to_end_latency,574,1760.0
end_to_end_latency,575,1710.0
end_to_end_latency,576,1660.0
end_to_end_latency,577,1609.0
end_to_end_latency,578,1560.0
end_to_end_latency,579,1510.0
end_to_end_latency,580,1460.0
end_to_end_latency,581,1411.0
end_to_end_latency,582,1361.0
end_to_end_latency,583,1311.0
end_to_end_latency,584,1261.0
end_to_end_latency,585,1211.0
end_to_end_latency,586,1161.0
end_to_end_latency,587,1111.0
end_to_end_latency,588,1062.0
end_to_end_latency,589,1012.0
end_to_end_latency,590,962.0
end_to_end_latency,591,912.0
end_to_end_latency,1,1931.0
end_to_end_latency,2,1880.0
end_to_end_latency,17,1131.0
end_to_end_latency,18,1081.0
end_to_end_latency,19,1031.0
end_to_end_latency,20,982.0
end_to_end_latency,21,931.0
end_to_end_latency,26,1292.0
end_to_end_latency,27,1241.0
end_to_end_latency,28,1192.0
end_to_end_latency,29,1142.0
end_to_end_latency,30,1092.0
end_to_end_latency,36,1107.0
end_to_end_latency,37,1057.0
end_to_end_latency,38,1007.0
end_to_end_latency,39,958.0
end_to_end_latency,45,1128.0
end_to_end_latency,46,1077.0
end_to_end_latency,47,1027.0
end_to_end_latency,48,978.0
end_to_end_latency,49,927.0
end_to_end_latency,54,1665.0
end_to_end_latency,55,1615.0
end_to_end_latency,56,1566.0
end_to_end_latency,57,1515.0
end_to_end_latency,58,1466.0
end_to_end_latency,63,1217.0
end_to_end_latency,64,1166.0
end_to_end_latency,65,1117.0
end_to_end_latency,66,1067.0
end_to_end_latency,67,1016.0
end_to_end_latency,68,966.0
end_to_end_latency,69,916.0
end_to_end_latency,74,1142.0
end_to_end_latency,75,1091.0
end_to_end_latency,76,1041.0
end_to_end_latency,77,991.0
end_to_end_latency,78,941.0
end_to_end_latency,79,891.0
end_to_end_latency,84,1143.0
end_to_end_latency,85,1093.0
end_to_end_latency,86,1043.0
end_to_end_latency,87,993.0
end_to_end_latency,93,1309.0
end_to_end_latency,94,1259.0
end_to_end_latency,95,1210.0
end_to_end_latency,96,1160.0
end_to_end_latency,97,1109.0
end_to_end_latency,104,1585.0
end_to_end_latency,105,1535.0
end_to_end_latency,106,1485.0
end_to_end_latency,107,1436.0
end_to_end_latency,112,1187.0
end_to_end_latency,113,1137.0
end_to_end_latency,114,1086.0
end_to_end_latency,115,1036.0
end_to_end_latency,116,986.0
end_to_end_latency,117,937.0
end_to_end_latency,118,887.0
end_to_end_latency,122,1380.0
end_to_end_latency,123,1330.0
end_to_end_latency,124,1280.0
end_to_end_latency,125,1230.0
end_to_end_latency,126,1180.0
end_to_end_latency,127,1130.0
end_to_end_latency,128,1080.0
end_to_end_latency,133,1157.0
end_to_end_latency,134,1107.0
end_to_end_latency,135,1057.0
end_to_end_latency,136,1007.0
end_to_end_latency,144,1108.0
end_to_end_latency,145,1058.0
end_to_end_latency,146,1008.0
end_to_end_latency,147,958.0
end_to_end_latency,153,1633.0
end_to_end_latency,154,1584.0
end_to_end_latency,155,1533.0
end_to_end_latency,156,1483.0
end_to_end_latency,164,1084.0
end_to_end_latency,165,1034.0
end_to_end_latency,166,984.0
end_to_end_latency,167,934.0
end_to_end_latency,172,1175.0
end_to_end_latency,173,1124.0
end_to_end_latency,174,1074.0
end_to_end_latency,175,1024.0
end_to_end_latency,176,974.0
end_to_end_latency,177,924.0
end_to_end_latency,182,1209.0
end_to_end_latency,183,1159.0
end_to_end_latency,184,1109.0
end_to_end_latency,185,1059.0
end_to_end_latency,192,1172.0
end_to_end_latency,193,1123.0
end_to_end_latency,194,1072.0
end_to_end_latency,195,1022.0
end_to_end_latency,196,972.0
end_to_end_latency,203,1752.0
end_to_end_latency,204,1701.0
end_to_end_latency,211,1352.0
end_to_end_latency,212,1302.0
end_to_end_latency,213,1252.0
end_to_end_latency,214,1202.0
end_to_end_latency,215,1152.0
end_to_end_latency,216,1102.0
end_to_end_latency,222,1106.0
end_to_end_latency,223,1057.0
end_to_end_latency,232,1069.0
end_to_end_latency,233,1018.0
end_to_end_latency,234,969.0
end_to_end_latency,235,919.0
end_to_end_latency,239,1342.0
end_to_end_latency,240,1291.0
end_to_end_latency,241,1242.0
end_to_end_latency,242,1192.0
end_to_end_latency,243,1142.0
end_to_end_latency,244,1092.0
end_to_end_latency,251,1709.0
end_to_end_latency,252,1660.0
end_to_end_latency,253,1609.0
end_to_end_latency,254,1559.0
end_to_end_latency,260,1260.0
end_to_end_latency,261,1210.0
end_to_end_latency,262,1160.0
end_to_end_latency,263,1110.0
end_to_end_latency,269,1115.0
end_to_end_latency,270,1065.0
end_to_end_latency,271,1016.0
end_to_end_latency,272,966.0
end_to_end_latency,273,916.0
end_to_end_latency,279,1102.0
end_to_end_latency,280,1052.0
end_to_end_latency,281,1001.0
end_to_end_latency,282,951.0
end_to_end_latency,289,1067.0
end_to_end_latency,290,1017.0
end_to_end_latency,291,968.0
end_to_end_latency,292,917.0
end_to_end_latency,297,1818.0
end_to_end_latency,298,1768.0
end_to_end_latency,299,1718.0
end_to_end_latency,300,1668.0
end_to_end_latency,301,1619.0
end_to_end_latency,302,1568.0
end_to_end_latency,307,1320.0
end_to_end_latency,308,1269.0
end_to_end_latency,309,1219.0
end_to_end_latency,310,1169.0
end_to_end_latency,311,1120.0
end_to_end_latency,316,1111.0
end_to_end_latency,317,1060.0
end_to_end_latency,318,1010.0
end_to_end_latency,319,960.0
end_to_end_latency,320,911.0
end_to_end_latency,327,1070.0
end_to_end_latency,328,1020.0
end_to_end_latency,329,970.0
end_to_end_latency,330,920.0
end_to_end_latency,336,1060.0
end_to_end_latency,337,1010.0
end_to_end_latency,338,960.0
end_to_end_latency,339,910.0
end_to_end_latency,344,1763.0
end_to_end_latency,345,1713.0
end_to_end_latency,346,1663.0
end_to_end_latency,347,1613.0
end_to_end_latency,348,1563.0
end_to_end_latency,349,1513.0
end_to_end_latency,350,1463.0
end_to_end_latency,355,1214.0
end_to_end_latency,356,1164.0
end_to_end_latency,357,1114.0
end_to_end_latency,358,1065.0
end_to_end_latency,363,1127.0
end_to_end_latency,364,1077.0
end_to_end_latency,365,1027.0
end_to_end_latency,366,977.0
end_to_end_latency,367,927.0
end_to_end_latency,374,1044.0
end_to_end_latency,375,994.0
end_to_end_latency,376,944.0
end_to_end_latency,381,1173.0
end_to_end_latency,382,1124.0
end_to_end_latency,383,1073.0
end_to_end_latency,384,1023.0
end_to_end_latency,385,974.0
end_to_end_latency,386,923.0
end_to_end_latency,392,1530.0
end_to_end_latency,393,1480.0
end_to_end_latency,394,1431.0
end_to_end_latency,395,1380.0
end_to_end_latency,400,1131.0
end_to_end_latency,401,1082.0
end_to_end_latency,402,1032.0
end_to_end_latency,403,981.0
end_to_end_latency,404,931.0
end_to_end_latency,405,881.0
end_to_end_latency,410,1255.0
end_to_end_latency,411,1205.0
end_to_end_latency,412,1155.0
end_to_end_latency,413,1105.0
end_to_end_latency,414,1055.0
end_to_end_latency,419,1115.0
end_to_end_latency,420,1065.0
end_to_end_latency,421,1015.0
end_to_end_latency,422,965.0
end_to_end_latency,423,915.0
end_to_end_latency,424,865.0
end_to_end_latency,429,1251.0
end_to_end_latency,430,1201.0
end_to_end_latency,431,1150.0
end_to_end_latency,432,1101.0
end_to_end_latency,438,1772.0
end_to_end_latency,439,1722.0
end_to_end_latency,440,1673.0
end_to_end_latency,441,1621.0
end_to_end_latency,442,1572.0
end_to_end_latency,447,1323.0
end_to_end_latency,448,1273.0
end_to_end_latency,449,1223.0
end_to_end_latency,450,1173.0
end_to_end_latency,458,1077.0
end_to_end_latency,459,1027.0
end_to_end_latency,460,977.0
end_to_end_latency,461,927.0
end_to_end_latency,466,1157.0
end_to_end_latency,467,1107.0
end_to_end_latency,468,1058.0
end_to_end_latency,469,1007.0
end_to_end_latency,470,957.0
end_to_end_latency,471,908.0
end_to_end_latency,477,1262.0
end_to_end_latency,478,1212.0
end_to_end_latency,479,1162.0
end_to_end_latency,480,1112.0
end_to_end_latency,487,1553.0
end_to_end_latency,488,1503.0
end_to_end_latency,489,1453.0
end_to_end_latency,494,1205.0
end_to_end_latency,495,1154.0
end_to_end_latency,496,1104.0
end_to_end_latency,497,1054.0
end_to_end_latency,505,1144.0
end_to_end_latency,506,1094.0
end_to_end_latency,507,1045.0
end_to_end_latency,508,995.0
end_to_end_latency,513,1338.0
end_to_end_latency,514,1288.0
end_to_end_latency,515,1238.0
end_to_end_latency,516,1187.0
end_to_end_latency,517,1138.0
end_to_end_latency,518,1088.0
end_to_end_latency,523,1337.0
end_to_end_latency,524,1288.0
end_to_end_latency,525,1238.0
end_to_end_latency,526,1187.0
end_to_end_latency,527,1138.0
end_to_end_latency,534,1687.0
end_to_end_latency,535,1638.0
end_to_end_latency,536,1587.0
end_to_end_latency,537,1538.0
end_to_end_latency,542,1289.0
end_to_end_latency,543,1238.0
end_to_end_latency,544,1189.0
end_to_end_latency,545,1139.0
end_to_end_latency,546,1089.0
end_to_end_latency,547,1040.0
end_to_end_latency,553,1022.0
end_to_end_latency,554,972.0
end_to_end_latency,555,922.0
end_to_end_latency,556,872.0
end_to_end_latency,561,1059.0
end_to_end_latency,562,1008.0
end_to_end_latency,563,959.0
end_to_end_latency,564,909.0
end_to_end_latency,565,858.0
end_to_end_latency,570,1090.0
end_to_end_latency,571,1041.0
end_to_end_latency,572,991.0
end_to_end_latency,573,940.0
end_to_end_latency,579,1559.0
end_to_end_latency,580,1510.0
end_to_end_latency,581,1459.0
end_to_end_latency,582,1410.0
end_to_end_latency,589,1059.0
end_to_end_latency,590,1009.0
end_to_end_latency,591,959.0
end_to_end_latency,592,909.0
end_to_end_latency,0,1974.0
end_to_end_latency,1,1924.0
end_to_end_latency,2,1874.0
end_to_end_latency,3,1825.0
end_to_end_latency,4,1775.0
end_to_end_latency,5,1725.0
end_to_end_latency,6,1675.0
end_to_end_latency,7,1624.0
end_to_end_latency,8,1575.0
end_to_end_latency,9,1524.0
end_to_end_latency,10,1475.0
end_to_end_latency,11,1425.0
end_to_end_latency,12,1374.0
end_to_end_latency,13,1324.0
end_to_end_latency,14,1275.0
end_to_end_latency,15,1224.0
end_to_end_latency,16,1174.0
end_to_end_latency,17,1124.0
end_to_end_latency,18,1075.0
end_to_end_latency,19,1025.0
end_to_end_latency,20,975.0
end_to_end_latency,21,925.0
end_to_end_latency,22,874.0
end_to_end_latency,23,825.0
end_to_end_latency,24,1385.0
end_to_end_latency,25,1335.0
end_to_end_latency,26,1285.0
end_to_end_latency,27,1235.0
end_to_end_latency,28,1185.0
end_to_end_latency,29,1136.0
end_to_end_latency,30,1085.0
end_to_end_latency,31,1036.0
end_to_end_latency,32,986.0
end_to_end_latency,33,1250.0
end_to_end_latency,34,1200.0
end_to_end_latency,35,1150.0
end_to_end_latency,36,1100.0
end_to_end_latency,37,1051.0
end_to_end_latency,38,1001.0
end_to_end_latency,39,951.0
end_to_end_latency,40,901.0
end_to_end_latency,41,851.0
end_to_end_latency,42,1270.0
end_to_end_latency,43,1219.0
end_to_end_latency,44,1170.0
end_to_end_latency,45,1120.0
end_to_end_latency,46,1070.0
end_to_end_latency,47,1021.0
end_to_end_latency,48,970.0
end_to_end_latency,49,921.0
end_to_end_latency,50,870.0
end_to_end_latency,51,821.0
end_to_end_latency,52,1758.0
end_to_end_latency,53,1709.0
end_to_end_latency,54,1659.0
end_to_end_latency,55,1609.0
end_to_end_latency,56,1558.0
end_to_end_latency,57,1509.0
end_to_end_latency,58,1459.0
end_to_end_latency,59,1409.0
end_to_end_latency,60,1359.0
end_to_end_latency,61,1309.0
end_to_end_latency,62,1260.0
end_to_end_latency,63,1209.0
end_to_end_latency,64,1160.0
end_to_end_latency,65,1110.0
end_to_end_latency,66,1060.0
end_to_end_latency,67,1010.0
end_to_end_latency,68,960.0
end_to_end_latency,69,909.0
end_to_end_latency,70,1335.0
end_to_end_latency,71,1285.0
end_to_end_latency,72,1235.0
end_to_end_latency,73,1184.0
end_to_end_latency,74,1135.0
end_to_end_latency,75,1085.0
end_to_end_latency,76,1035.0
end_to_end_latency,77,986.0
end_to_end_latency,78,935.0
end_to_end_latency,79,886.0
end_to_end_latency,80,1336.0
end_to_end_latency,81,1287.0
end_to_end_latency,82,1236.0
end_to_end_latency,83,1187.0
end_to_end_latency,84,1137.0
end_to_end_latency,85,1087.0
end_to_end_latency,86,1037.0
end_to_end_latency,87,988.0
end_to_end_latency,88,937.0
end_to_end_latency,89,887.0
end_to_end_latency,90,838.0
end_to_end_latency,91,1403.0
end_to_end_latency,92,1352.0
end_to_end_latency,93,1303.0
end_to_end_latency,94,1252.0
end_to_end_latency,95,1203.0
end_to_end_latency,96,1153.0
end_to_end_latency,97,1103.0
end_to_end_latency,98,1053.0
end_to_end_latency,99,1002.0
end_to_end_latency,100,953.0
end_to_end_latency,101,1728.0
end_to_end_latency,102,1679.0
end_to_end_latency,103,1629.0
end_to_end_latency,104,1578.0
end_to_end_latency,105,1529.0
end_to_end_latency,106,1479.0
end_to_end_latency,107,1430.0
end_to_end_latency,108,1380.0
end_to_end_latency,109,1330.0
end_to_end_latency,110,1279.0
end_to_end_latency,111,1230.0
end_to_end_latency,112,1179.0
end_to_end_latency,113,1130.0
end_to_end_latency,114,1079.0
end_to_end_latency,115,1030.0
end_to_end_latency,116,980.0
end_to_end_latency,117,931.0
end_to_end_latency,118,881.0
end_to_end_latency,119,830.0
end_to_end_latency,120,1472.0
end_to_end_latency,121,1423.0
end_to_end_latency,122,1373.0
end_to_end_latency,123,1323.0
end_to_end_latency,124,1272.0
end_to_end_latency,125,1224.0
end_to_end_latency,126,1173.0
end_to_end_latency,127,1124.0
end_to_end_latency,128,1073.0
end_to_end_latency,129,1351.0
end_to_end_latency,130,1300.0
end_to_end_latency,131,1251.0
end_to_end_latency,132,1201.0
end_to_end_latency,133,1150.0
end_to_end_latency,134,1101.0
end_to_end_latency,135,1051.0
end_to_end_latency,136,1001.0
end_to_end_latency,137,951.0
end_to_end_latency,138,900.0
end_to_end_latency,139,851.0
end_to_end_latency,140,800.0
end_to_end_latency,141,1252.0
end_to_end_latency,142,1201.0
end_to_end_latency,143,1152.0
end_to_end_latency,144,1101.0
end_to_end_latency,145,1052.0
end_to_end_latency,146,1001.0
end_to_end_latency,147,951.0
end_to_end_latency,148,902.0
end_to_end_latency,149,852.0
end_to_end_latency,150,1776.0
end_to_end_latency,151,1727.0
end_to_end_latency,152,1677.0
end_to_end_latency,153,1626.0
end_to_end_latency,154,1577.0
end_to_end_latency,155,1527.0
end_to_end_latency,156,1476.0
end_to_end_latency,157,1427.0
end_to_end_latency,158,1376.0
end_to_end_latency,159,1328.0
end_to_end_latency,160,1278.0
end_to_end_latency,161,1228.0
end_to_end_latency,162,1178.0
end_to_end_latency,163,1127.0
end_to_end_latency,164,1078.0
end_to_end_latency,165,1027.0
end_to_end_latency,166,977.0
end_to_end_latency,167,927.0
end_to_end_latency,168,877.0
end_to_end_latency,169,827.0
end_to_end_latency,170,1267.0
end_to_end_latency,171,1218.0
end_to_end_latency,172,1167.0
end_to_end_latency,173,1117.0
end_to_end_latency,174,1068.0
end_to_end_latency,175,1017.0
end_to_end_latency,176,968.0
end_to_end_latency,177,917.0
end_to_end_latency,178,867.0
end_to_end_latency,179,1352.0
end_to_end_latency,180,1301.0
end_to_end_latency,181,1252.0
end_to_end_latency,182,1201.0
end_to_end_latency,183,1152.0
end_to_end_latency,184,1102.0
end_to_end_latency,185,1053.0
end_to_end_latency,186,1002.0
end_to_end_latency,187,952.0
end_to_end_latency,188,903.0
end_to_end_latency,189,1315.0
end_to_end_latency,190,1266.0
end_to_end_latency,191,1216.0
end_to_end_latency,192,1165.0
end_to_end_latency,193,1117.0
end_to_end_latency,194,1066.0
end_to_end_latency,195,1016.0
end_to_end_latency,196,966.0
end_to_end_latency,197,916.0
end_to_end_latency,198,866.0
end_to_end_latency,199,816.0
end_to_end_latency,200,1894.0
end_to_end_latency,201,1844.0
end_to_end_latency,202,1794.0
end_to_end_latency,203,1743.0
end_to_end_latency,204,1695.0
end_to_end_latency,205,1644.0
end_to_end_latency,206,1594.0
end_to_end_latency,207,1545.0
end_to_end_latency,208,1494.0
end_to_end_latency,209,1445.0
end_to_end_latency,210,1394.0
end_to_end_latency,211,1344.0
end_to_end_latency,212,1294.0
end_to_end_latency,213,1245.0
end_to_end_latency,214,1196.0
end_to_end_latency,215,1146.0
end_to_end_latency,216,1096.0
end_to_end_latency,217,1045.0
end_to_end_latency,218,1301.0
end_to_end_latency,219,1250.0
end_to_end_latency,220,1200.0
end_to_end_latency,221,1150.0
end_to_end_latency,222,1100.0
end_to_end_latency,223,1051.0
end_to_end_latency,224,1002.0
end_to_end_latency,225,951.0
end_to_end_latency,226,901.0
end_to_end_latency,227,851.0
end_to_end_latency,228,1262.0
end_to_end_latency,229,1212.0
end_to_end_latency,230,1162.0
end_to_end_latency,231,1112.0
end_to_end_latency,232,1061.0
end_to_end_latency,233,1011.0
end_to_end_latency,234,962.0
end_to_end_latency,235,912.0
end_to_end_latency,236,862.0
end_to_end_latency,237,1435.0
end_to_end_latency,238,1385.0
end_to_end_latency,239,1335.0
end_to_end_latency,240,1285.0
end_to_end_latency,241,1235.0
end_to_end_latency,242,1187.0
end_to_end_latency,243,1136.0
end_to_end_latency,244,1086.0
end_to_end_latency,245,1036.0
end_to_end_latency,246,986.0
end_to_end_latency,247,1902.0
end_to_end_latency,248,1852.0
end_to_end_latency,249,1802.0
end_to_end_latency,250,1753.0
end_to_end_latency,251,1702.0
end_to_end_latency,252,1651.0
end_to_end_latency,253,1602.0
end_to_end_latency,254,1552.0
end_to_end_latency,255,1502.0
end_to_end_latency,256,1453.0
end_to_end_latency,257,1403.0
end_to_end_latency,258,1353.0
end_to_end_latency,259,1303.0
end_to_end_latency,260,1253.0
end_to_end_latency,261,1203.0
end_to_end_latency,262,1154.0
end_to_end_latency,263,1103.0
end_to_end_latency,264,1054.0
end_to_end_latency,265,1308.0
end_to_end_latency,266,1258.0
end_to_end_latency,267,1208.0
end_to_end_latency,268,1158.0
end_to_end_latency,269,1108.0
end_to_end_latency,270,1059.0
end_to_end_latency,271,1009.0
end_to_end_latency,272,959.0
end_to_end_latency,273,909.0
end_to_end_latency,274,859.0
end_to_end_latency,275,809.0
end_to_end_latency,276,1245.0
end_to_end_latency,277,1195.0
end_to_end_latency,278,1145.0
end_to_end_latency,279,1095.0
end_to_end_latency,280,1046.0
end_to_end_latency,281,997.0
end_to_end_latency,282,947.0
end_to_end_latency,283,896.0
end_to_end_latency,284,846.0
end_to_end_latency,285,1261.0
end_to_end_latency,286,1212.0
end_to_end_latency,287,1161.0
end_to_end_latency,288,1111.0
end_to_end_latency,289,1061.0
end_to_end_latency,290,1012.0
end_to_end_latency,291,962.0
end_to_end_latency,292,912.0
end_to_end_latency,293,862.0
end_to_end_latency,294,812.0
end_to_end_latency,295,1910.0
end_to_end_latency,296,1860.0
end_to_end_latency,297,1810.0
end_to_end_latency,298,1759.0
end_to_end_latency,299,1712.0
end_to_end_latency,300,1662.0
end_to_end_latency,301,1612.0
end_to_end_latency,302,1562.0
end_to_end_latency,303,1512.0
end_to_end_latency,304,1462.0
end_to_end_latency,305,1413.0
end_to_end_latency,306,1363.0
end_to_end_latency,307,1313.0
end_to_end_latency,308,1263.0
end_to_end_latency,309,1214.0
end_to_end_latency,310,1164.0
end_to_end_latency,311,1114.0
end_to_end_latency,312,1064.0
end_to_end_latency,313,1253.0
end_to_end_latency,314,1204.0
end_to_end_latency,315,1154.0
end_to_end_latency,316,1104.0
end_to_end_latency,317,1054.0
end_to_end_latency,318,1005.0
end_to_end_latency,319,955.0
end_to_end_latency,320,905.0
end_to_end_latency,321,855.0
end_to_end_latency,322,1314.0
end_to_end_latency,323,1264.0
end_to_end_latency,324,1214.0
end_to_end_latency,325,1164.0
end_to_end_latency,326,1113.0
end_to_end_latency,327,1065.0
end_to_end_latency,328,1015.0
end_to_end_latency,329,965.0
end_to_end_latency,330,915.0
end_to_end_latency,331,1304.0
end_to_end_latency,332,1254.0
end_to_end_latency,333,1204.0
end_to_end_latency,334,1154.0
end_to_end_latency,335,1105.0
end_to_end_latency,336,1055.0
end_to_end_latency,337,1005.0
end_to_end_latency,338,955.0
end_to_end_latency,339,905.0
end_to_end_latency,340,855.0
end_to_end_latency,341,1907.0
end_to_end_latency,342,1857.0
end_to_end_latency,343,1807.0
end_to_end_latency,344,1757.0
end_to_end_latency,345,1707.0
end_to_end_latency,346,1657.0
end_to_end_latency,347,1607.0
end_to_end_latency,348,1557.0
end_to_end_latency,349,1507.0
end_to_end_latency,350,1458.0
end_to_end_latency,351,1408.0
end_to_end_latency,352,1358.0
end_to_end_latency,353,1308.0
end_to_end_latency,354,1257.0
end_to_end_latency,355,1208.0
end_to_end_latency,356,1158.0
end_to_end_latency,357,1108.0
end_to_end_latency,358,1058.0
end_to_end_latency,359,1008.0
end_to_end_latency,360,1270.0
end_to_end_latency,361,1220.0
end_to_end_latency,362,1170.0
end_to_end_latency,363,1121.0
end_to_end_latency,364,1070.0
end_to_end_latency,365,1021.0
end_to_end_latency,366,971.0
end_to_end_latency,367,920.0
end_to_end_latency,368,871.0
end_to_end_latency,369,1286.0
end_to_end_latency,370,1236.0
end_to_end_latency,371,1187.0
end_to_end_latency,372,1137.0
end_to_end_latency,373,1086.0
end_to_end_latency,374,1037.0
end_to_end_latency,375,988.0
end_to_end_latency,376,938.0
end_to_end_latency,377,888.0
end_to_end_latency,378,838.0
end_to_end_latency,379,1267.0
end_to_end_latency,380,1217.0
end_to_end_latency,381,1167.0
end_to_end_latency,382,1117.0
end_to_end_latency,383,1068.0
end_to_end_latency,384,1018.0
end_to_end_latency,385,967.0
end_to_end_latency,386,918.0
end_to_end_latency,387,1773.0
end_to_end_latency,388,1723.0
end_to_end_latency,389,1673.0
end_to_end_latency,390,1623.0
end_to_end_latency,391,1574.0
end_to_end_latency,392,1524.0
end_to_end_latency,393,1473.0
end_to_end_latency,394,1424.0
end_to_end_latency,395,1373.0
end_to_end_latency,396,1324.0
end_to_end_latency,397,1273.0
end_to_end_latency,398,1224.0
end_to_end_latency,399,1174.0
end_to_end_latency,400,1123.0
end_to_end_latency,401,1074.0
end_to_end_latency,402,1024.0
end_to_end_latency,403,975.0
end_to_end_latency,404,925.0
end_to_end_latency,405,875.0
end_to_end_latency,406,1449.0
end_to_end_latency,407,1398.0
end_to_end_latency,408,1348.0
end_to_end_latency,409,1299.0
end_to_end_latency,410,1247.0
end_to_end_latency,411,1198.0
end_to_end_latency,412,1148.0
end_to_end_latency,413,1099.0
end_to_end_latency,414,1048.0
end_to_end_latency,415,1309.0
end_to_end_latency,416,1258.0
end_to_end_latency,417,1209.0
end_to_end_latency,418,1158.0
end_to_end_latency,419,1109.0
end_to_end_latency,420,1058.0
end_to_end_latency,421,1009.0
end_to_end_latency,422,959.0
end_to_end_latency,423,908.0
end_to_end_latency,424,859.0
end_to_end_latency,425,1445.0
end_to_end_latency,426,1395.0
end_to_end_latency,427,1344.0
end_to_end_latency,428,1294.0
end_to_end_latency,429,1244.0
end_to_end_latency,430,1194.0
end_to_end_latency,431,1145.0
end_to_end_latency,432,1094.0
end_to_end_latency,433,1045.0
end_to_end_latency,434,996.0
end_to_end_latency,435,1915.0
end_to_end_latency,436,1864.0
end_to_end_latency,437,1815.0
end_to_end_latency,438,1765.0
end_to_end_latency,439,1714.0
end_to_end_latency,440,1665.0
end_to_end_latency,441,1616.0
end_to_end_latency,442,1566.0
end_to_end_latency,443,1516.0
end_to_end_latency,444,1467.0
end_to_end_latency,445,1416.0
end_to_end_latency,446,1367.0
end_to_end_latency,447,1317.0
end_to_end_latency,448,1266.0
end_to_end_latency,449,1216.0
end_to_end_latency,450,1166.0
end_to_end_latency,451,1117.0
end_to_end_latency,452,1067.0
end_to_end_latency,453,1321.0
end_to_end_latency,454,1271.0
end_to_end_latency,455,1220.0
end_to_end_latency,456,1171.0
end_to_end_latency,457,1120.0
end_to_end_latency,458,1071.0
end_to_end_latency,459,1021.0
end_to_end_latency,460,971.0
end_to_end_latency,461,921.0
end_to_end_latency,462,871.0
end_to_end_latency,463,822.0
end_to_end_latency,464,1250.0
end_to_end_latency,465,1200.0
end_to_end_latency,466,1151.0
end_to_end_latency,467,1100.0
end_to_end_latency,468,1051.0
end_to_end_latency,469,1001.0
end_to_end_latency,470,951.0
end_to_end_latency,471,901.0
end_to_end_latency,472,1505.0
end_to_end_latency,473,1455.0
end_to_end_latency,474,1406.0
end_to_end_latency,475,1356.0
end_to_end_latency,476,1306.0
end_to_end_latency,477,1256.0
end_to_end_latency,478,1206.0
end_to_end_latency,479,1155.0
end_to_end_latency,480,1106.0
end_to_end_latency,481,1055.0
end_to_end_latency,482,1005.0
end_to_end_latency,483,1747.0
end_to_end_latency,484,1696.0
end_to_end_latency,485,1646.0
end_to_end_latency,486,1596.0
end_to_end_latency,487,1546.0
end_to_end_latency,488,1497.0
end_to_end_latency,489,1446.0
end_to_end_latency,490,1397.0
end_to_end_latency,491,1346.0
end_to_end_latency,492,1297.0
end_to_end_latency,493,1247.0
end_to_end_latency,494,1197.0
end_to_end_latency,495,1148.0
end_to_end_latency,496,1097.0
end_to_end_latency,497,1047.0
end_to_end_latency,498,998.0
end_to_end_latency,499,947.0
end_to_end_latency,500,897.0
end_to_end_latency,501,1337.0
end_to_end_latency,502,1287.0
end_to_end_latency,503,1238.0
end_to_end_latency,504,1187.0
end_to_end_latency,505,1137.0
end_to_end_latency,506,1088.0
end_to_end_latency,507,1038.0
end_to_end_latency,508,988.0
end_to_end_latency,509,938.0
end_to_end_latency,510,889.0
end_to_end_latency,511,1431.0
end_to_end_latency,512,1382.0
end_to_end_latency,513,1331.0
end_to_end_latency,514,1281.0
end_to_end_latency,515,1231.0
end_to_end_latency,516,1181.0
end_to_end_latency,517,1131.0
end_to_end_latency,518,1081.0
end_to_end_latency,519,1032.0
end_to_end_latency,520,1482.0
end_to_end_latency,521,1431.0
end_to_end_latency,522,1382.0
end_to_end_latency,523,1332.0
end_to_end_latency,524,1281.0
end_to_end_latency,525,1231.0
end_to_end_latency,526,1181.0
end_to_end_latency,527,1131.0
end_to_end_latency,528,1081.0
end_to_end_latency,529,1031.0
end_to_end_latency,530,1881.0
end_to_end_latency,531,1831.0
end_to_end_latency,532,1781.0
end_to_end_latency,533,1731.0
end_to_end_latency,534,1681.0
end_to_end_latency,535,1633.0
end_to_end_latency,536,1582.0
end_to_end_latency,537,1532.0
end_to_end_latency,538,1483.0
end_to_end_latency,539,1432.0
end_to_end_latency,540,1383.0
end_to_end_latency,541,1332.0
end_to_end_latency,542,1282.0
end_to_end_latency,543,1233.0
end_to_end_latency,544,1184.0
end_to_end_latency,545,1134.0
end_to_end_latency,546,1084.0
end_to_end_latency,547,1034.0
end_to_end_latency,548,984.0
end_to_end_latency,549,1216.0
end_to_end_latency,550,1166.0
end_to_end_latency,551,1116.0
end_to_end_latency,552,1066.0
end_to_end_latency,553,1016.0
end_to_end_latency,554,967.0
end_to_end_latency,555,916.0
end_to_end_latency,556,867.0
end_to_end_latency,557,817.0
end_to_end_latency,558,767.0
end_to_end_latency,559,717.0
end_to_end_latency,560,1103.0
end_to_end_latency,561,1052.0
end_to_end_latency,562,1002.0
end_to_end_latency,563,953.0
end_to_end_latency,564,903.0
end_to_end_latency,565,853.0
end_to_end_latency,566,803.0
end_to_end_latency,567,754.0
end_to_end_latency,568,1183.0
end_to_end_latency,569,1133.0
end_to_end_latency,570,1083.0
end_to_end_latency,571,1033.0
end_to_end_latency,572,984.0
end_to_end_latency,573,934.0
end_to_end_latency,574,884.0
end_to_end_latency,575,834.0
end_to_end_latency,576,1701.0
end_to_end_latency,577,1652.0
end_to_end_latency,578,1602.0
end_to_end_latency,579,1552.0
end_to_end_latency,580,1502.0
end_to_end_latency,581,1453.0
end_to_end_latency,582,1403.0
end_to_end_latency,583,1353.0
end_to_end_latency,584,1303.0
end_to_end_latency,585,1253.0
end_to_end_latency,586,1203.0
end_to_end_latency,587,1153.0
end_to_end_latency,588,1103.0
end_to_end_latency,589,1054.0
end_to_end_latency,590,1004.0
end_to_end_latency,591,954.0
end_to_end_latency,592,904.0
end_to_end_latency,593,854.0
end_to_end_latency,594,804.0
end_to_end_latency,0,2008.0
end_to_end_latency,1,1959.0
end_to_end_latency,2,1909.0
end_to_end_latency,3,1858.0
end_to_end_latency,18,1109.0
end_to_end_latency,19,1059.0
end_to_end_latency,20,1010.0
end_to_end_latency,21,959.0
end_to_end_latency,26,1319.0
end_to_end_latency,27,1269.0
end_to_end_latency,28,1220.0
end_to_end_latency,29,1169.0
end_to_end_latency,30,1120.0
end_to_end_latency,31,1070.0
end_to_end_latency,32,1019.0
end_to_end_latency,37,1086.0
end_to_end_latency,38,1035.0
end_to_end_latency,39,986.0
end_to_end_latency,40,935.0
end_to_end_latency,46,1106.0
end_to_end_latency,47,1055.0
end_to_end_latency,48,1006.0
end_to_end_latency,49,955.0
end_to_end_latency,50,905.0
end_to_end_latency,56,1594.0
end_to_end_latency,57,1543.0
end_to_end_latency,58,1493.0
end_to_end_latency,65,1144.0
end_to_end_latency,66,1095.0
end_to_end_latency,67,1044.0
end_to_end_latency,68,994.0
end_to_end_latency,74,1169.0
end_to_end_latency,75,1119.0
end_to_end_latency,76,1069.0
end_to_end_latency,77,1019.0
end_to_end_latency,78,969.0
end_to_end_latency,79,919.0
end_to_end_latency,83,1221.0
end_to_end_latency,84,1172.0
end_to_end_latency,85,1122.0
end_to_end_latency,86,1071.0
end_to_end_latency,87,1021.0
end_to_end_latency,88,971.0
end_to_end_latency,89,921.0
end_to_end_latency,94,1288.0
end_to_end_latency,95,1237.0
end_to_end_latency,96,1188.0
end_to_end_latency,97,1137.0
end_to_end_latency,98,1087.0
end_to_end_latency,104,1613.0
end_to_end_latency,105,1563.0
end_to_end_latency,106,1513.0
end_to_end_latency,107,1464.0
end_to_end_latency,108,1413.0
end_to_end_latency,113,1165.0
end_to_end_latency,114,1116.0
end_to_end_latency,115,1065.0
end_to_end_latency,116,1014.0
end_to_end_latency,117,965.0
end_to_end_latency,118,915.0
end_to_end_latency,123,1357.0
end_to_end_latency,124,1307.0
end_to_end_latency,125,1257.0
end_to_end_latency,126,1206.0
end_to_end_latency,127,1157.0
end_to_end_latency,128,1107.0
end_to_end_latency,133,1186.0
end_to_end_latency,134,1135.0
end_to_end_latency,135,1085.0
end_to_end_latency,136,1035.0
end_to_end_latency,137,985.0
end_to_end_latency,138,935.0
end_to_end_latency,144,1136.0
end_to_end_latency,145,1086.0
end_to_end_latency,146,1036.0
end_to_end_latency,154,1611.0
end_to_end_latency,155,1561.0
end_to_end_latency,156,1511.0
end_to_end_latency,157,1461.0
end_to_end_latency,164,1112.0
end_to_end_latency,165,1062.0
end_to_end_latency,166,1012.0
end_to_end_latency,167,962.0
end_to_end_latency,168,911.0
end_to_end_latency,173,1152.0
end_to_end_latency,174,1102.0
end_to_end_latency,175,1052.0
end_to_end_latency,176,1002.0
end_to_end_latency,177,951.0
end_to_end_latency,178,901.0
end_to_end_latency,182,1237.0
end_to_end_latency,183,1187.0
end_to_end_latency,184,1137.0
end_to_end_latency,185,1086.0
end_to_end_latency,186,1037.0
end_to_end_latency,187,987.0
end_to_end_latency,193,1151.0
end_to_end_latency,194,1101.0
end_to_end_latency,195,1051.0
end_to_end_latency,196,1001.0
end_to_end_latency,197,950.0
end_to_end_latency,202,1829.0
end_to_end_latency,203,1779.0
end_to_end_latency,204,1729.0
end_to_end_latency,205,1678.0
end_to_end_latency,206,1628.0
end_to_end_latency,207,1579.0
end_to_end_latency,212,1330.0
end_to_end_latency,213,1280.0
end_to_end_latency,214,1230.0
end_to_end_latency,215,1179.0
end_to_end_latency,216,1130.0
end_to_end_latency,217,1080.0
end_to_end_latency,222,1135.0
end_to_end_latency,223,1084.0
end_to_end_latency,224,1035.0
end_to_end_latency,225,985.0
end_to_end_latency,226,934.0
end_to_end_latency,232,1097.0
end_to_end_latency,233,1046.0
end_to_end_latency,234,997.0
end_to_end_latency,235,946.0
end_to_end_latency,240,1320.0
end_to_end_latency,241,1269.0
end_to_end_latency,242,1220.0
end_to_end_latency,243,1170.0
end_to_end_latency,244,1120.0
end_to_end_latency,245,1070.0
end_to_end_latency,246,1020.0
end_to_end_latency,251,1737.0
end_to_end_latency,252,1686.0
end_to_end_latency,253,1636.0
end_to_end_latency,254,1586.0
end_to_end_latency,260,1288.0
end_to_end_latency,261,1237.0
end_to_end_latency,262,1188.0
end_to_end_latency,263,1138.0
end_to_end_latency,269,1143.0
end_to_end_latency,270,1094.0
end_to_end_latency,271,1043.0
end_to_end_latency,272,994.0
end_to_end_latency,273,945.0
end_to_end_latency,274,893.0
end_to_end_latency,279,1129.0
end_to_end_latency,280,1079.0
end_to_end_latency,281,1030.0
end_to_end_latency,282,979.0
end_to_end_latency,289,1097.0
end_to_end_latency,290,1046.0
end_to_end_latency,291,997.0
end_to_end_latency,292,947.0
end_to_end_latency,293,896.0
end_to_end_latency,298,1796.0
end_to_end_latency,299,1746.0
end_to_end_latency,300,1696.0
end_to_end_latency,301,1647.0
end_to_end_latency,302,1596.0
end_to_end_latency,309,1247.0
end_to_end_latency,310,1198.0
end_to_end_latency,311,1148.0
end_to_end_latency,317,1089.0
end_to_end_latency,318,1040.0
end_to_end_latency,319,989.0
end_to_end_latency,320,939.0
end_to_end_latency,321,890.0
end_to_end_latency,327,1098.0
end_to_end_latency,328,1048.0
end_to_end_latency,329,999.0
end_to_end_latency,330,948.0
end_to_end_latency,336,1088.0
end_to_end_latency,337,1039.0
end_to_end_latency,338,989.0
end_to_end_latency,339,938.0
end_to_end_latency,346,1691.0
end_to_end_latency,347,1641.0
end_to_end_latency,348,1591.0
end_to_end_latency,349,1541.0
end_to_end_latency,350,1492.0
end_to_end_latency,355,1242.0
end_to_end_latency,356,1192.0
end_to_end_latency,357,1143.0
end_to_end_latency,358,1092.0
end_to_end_latency,364,1105.0
end_to_end_latency,365,1056.0
end_to_end_latency,366,1005.0
end_to_end_latency,367,956.0
end_to_end_latency,368,906.0
end_to_end_latency,369,855.0
end_to_end_latency,374,1073.0
end_to_end_latency,375,1023.0
end_to_end_latency,376,972.0
end_to_end_latency,377,923.0
end_to_end_latency,382,1151.0
end_to_end_latency,383,1101.0
end_to_end_latency,384,1051.0
end_to_end_latency,385,1001.0
end_to_end_latency,386,951.0
end_to_end_latency,387,901.0
end_to_end_latency,392,1557.0
end_to_end_latency,393,1507.0
end_to_end_latency,394,1457.0
end_to_end_latency,395,1407.0
end_to_end_latency,396,1357.0
end_to_end_latency,402,1059.0
end_to_end_latency,403,1010.0
end_to_end_latency,404,959.0
end_to_end_latency,405,909.0
end_to_end_latency,411,1233.0
end_to_end_latency,412,1183.0
end_to_end_latency,413,1133.0
end_to_end_latency,414,1083.0
end_to_end_latency,415,1033.0
end_to_end_latency,420,1093.0
end_to_end_latency,421,1043.0
end_to_end_latency,422,993.0
end_to_end_latency,423,943.0
end_to_end_latency,428,1329.0
end_to_end_latency,429,1279.0
end_to_end_latency,430,1228.0
end_to_end_latency,431,1179.0
end_to_end_latency,432,1129.0
end_to_end_latency,433,1079.0
end_to_end_latency,434,1029.0
end_to_end_latency,439,1750.0
end_to_end_latency,440,1700.0
end_to_end_latency,441,1650.0
end_to_end_latency,442,1600.0
end_to_end_latency,443,1550.0
end_to_end_latency,448,1301.0
end_to_end_latency,449,1251.0
end_to_end_latency,450,1201.0
end_to_end_latency,451,1151.0
end_to_end_latency,452,1102.0
end_to_end_latency,459,1055.0
end_to_end_latency,460,1004.0
end_to_end_latency,461,955.0
end_to_end_latency,462,904.0
end_to_end_latency,467,1135.0
end_to_end_latency,468,1085.0
end_to_end_latency,469,1035.0
end_to_end_latency,470,984.0
end_to_end_latency,471,935.0
end_to_end_latency,478,1240.0
end_to_end_latency,479,1190.0
end_to_end_latency,480,1140.0
end_to_end_latency,481,1090.0
end_to_end_latency,487,1581.0
end_to_end_latency,488,1531.0
end_to_end_latency,489,1481.0
end_to_end_latency,490,1431.0
end_to_end_latency,496,1132.0
end_to_end_latency,497,1082.0
end_to_end_latency,498,1032.0
end_to_end_latency,499,982.0
end_to_end_latency,500,932.0
end_to_end_latency,505,1173.0
end_to_end_latency,506,1123.0
end_to_end_latency,507,1073.0
end_to_end_latency,508,1023.0
end_to_end_latency,509,973.0
end_to_end_latency,515,1265.0
end_to_end_latency,516,1216.0
end_to_end_latency,517,1166.0
end_to_end_latency,518,1116.0
end_to_end_latency,519,1066.0
end_to_end_latency,525,1266.0
end_to_end_latency,526,1217.0
end_to_end_latency,527,1165.0
end_to_end_latency,528,1116.0
end_to_end_latency,534,1716.0
end_to_end_latency,535,1665.0
end_to_end_latency,536,1615.0
end_to_end_latency,537,1565.0
end_to_end_latency,544,1217.0
end_to_end_latency,545,1167.0
end_to_end_latency,546,1117.0
end_to_end_latency,547,1067.0
end_to_end_latency,553,1050.0
end_to_end_latency,554,1000.0
end_to_end_latency,555,950.0
end_to_end_latency,556,900.0
end_to_end_latency,557,850.0
end_to_end_latency,558,800.0
end_to_end_latency,563,986.0
end_to_end_latency,564,937.0
end_to_end_latency,565,886.0
end_to_end_latency,566,836.0
end_to_end_latency,571,1068.0
end_to_end_latency,572,1018.0
end_to_end_latency,573,968.0
end_to_end_latency,574,919.0
end_to_end_latency,575,868.0
end_to_end_latency,580,1538.0
end_to_end_latency,581,1487.0
end_to_end_latency,582,1438.0
end_to_end_latency,583,1387.0
end_to_end_latency,589,1087.0
end_to_end_latency,590,1038.0
end_to_end_latency,591,987.0
end_to_end_latency,592,938.0
end_to_end_latency,593,888.0
end_to_end_latency,0,1145.0
end_to_end_latency,1,1918.0
end_to_end_latency,2,1869.0
end_to_end_latency,3,1819.0
end_to_end_latency,4,1769.0
end_to_end_latency,5,1719.0
end_to_end_latency,6,1669.0
end_to_end_latency,7,1620.0
end_to_end_latency,8,1569.0
end_to_end_latency,9,1520.0
end_to_end_latency,10,1469.0
end_to_end_latency,11,1420.0
end_to_end_latency,12,1369.0
end_to_end_latency,13,1319.0
end_to_end_latency,14,1270.0
end_to_end_latency,15,1220.0
end_to_end_latency,16,1170.0
end_to_end_latency,17,1120.0
end_to_end_latency,18,1069.0
end_to_end_latency,19,1020.0
end_to_end_latency,20,970.0
end_to_end_latency,21,920.0
end_to_end_latency,22,870.0
end_to_end_latency,23,1429.0
end_to_end_latency,24,1380.0
end_to_end_latency,25,1330.0
end_to_end_latency,26,1279.0
end_to_end_latency,27,1229.0
end_to_end_latency,28,1180.0
end_to_end_latency,29,1129.0
end_to_end_latency,30,1079.0
end_to_end_latency,31,1030.0
end_to_end_latency,32,980.0
end_to_end_latency,33,1244.0
end_to_end_latency,34,1196.0
end_to_end_latency,35,1145.0
end_to_end_latency,36,1096.0
end_to_end_latency,37,1046.0
end_to_end_latency,38,995.0
end_to_end_latency,39,945.0
end_to_end_latency,40,895.0
end_to_end_latency,41,1314.0
end_to_end_latency,42,1264.0
end_to_end_latency,43,1214.0
end_to_end_latency,44,1164.0
end_to_end_latency,45,1114.0
end_to_end_latency,46,1065.0
end_to_end_latency,47,1016.0
end_to_end_latency,48,966.0
end_to_end_latency,49,916.0
end_to_end_latency,50,865.0
end_to_end_latency,51,816.0
end_to_end_latency,52,766.0
end_to_end_latency,53,715.0
end_to_end_latency,54,666.0
end_to_end_latency,55,616.0
end_to_end_latency,56,1553.0
end_to_end_latency,57,1504.0
end_to_end_latency,58,1454.0
end_to_end_latency,59,1403.0
end_to_end_latency,60,1353.0
end_to_end_latency,61,1304.0
end_to_end_latency,62,1254.0
end_to_end_latency,63,1203.0
end_to_end_latency,64,1154.0
end_to_end_latency,65,1104.0
end_to_end_latency,66,1054.0
end_to_end_latency,67,1004.0
end_to_end_latency,68,954.0
end_to_end_latency,69,905.0
end_to_end_latency,70,1330.0
end_to_end_latency,71,1280.0
end_to_end_latency,72,1229.0
end_to_end_latency,73,1180.0
end_to_end_latency,74,1130.0
end_to_end_latency,75,1080.0
end_to_end_latency,76,1031.0
end_to_end_latency,77,981.0
end_to_end_latency,78,931.0
end_to_end_latency,79,881.0
end_to_end_latency,80,830.0
end_to_end_latency,81,1281.0
end_to_end_latency,82,1231.0
end_to_end_latency,83,1181.0
end_to_end_latency,84,1132.0
end_to_end_latency,85,1082.0
end_to_end_latency,86,1032.0
end_to_end_latency,87,982.0
end_to_end_latency,88,932.0
end_to_end_latency,89,882.0
end_to_end_latency,90,1447.0
end_to_end_latency,91,1397.0
end_to_end_latency,92,1348.0
end_to_end_latency,93,1298.0
end_to_end_latency,94,1248.0
end_to_end_latency,95,1198.0
end_to_end_latency,96,1147.0
end_to_end_latency,97,1097.0
end_to_end_latency,98,1047.0
end_to_end_latency,99,997.0
end_to_end_latency,100,948.0
end_to_end_latency,101,897.0
end_to_end_latency,102,847.0
end_to_end_latency,103,797.0
end_to_end_latency,104,747.0
end_to_end_latency,105,1523.0
end_to_end_latency,106,1473.0
end_to_end_latency,107,1423.0
end_to_end_latency,108,1373.0
end_to_end_latency,109,1323.0
end_to_end_latency,110,1275.0
end_to_end_latency,111,1224.0
end_to_end_latency,112,1174.0
end_to_end_latency,113,1125.0
end_to_end_latency,114,1075.0
end_to_end_latency,115,1025.0
end_to_end_latency,116,975.0
end_to_end_latency,117,926.0
end_to_end_latency,118,876.0
end_to_end_latency,119,826.0
end_to_end_latency,120,1468.0
end_to_end_latency,121,1418.0
end_to_end_latency,122,1367.0
end_to_end_latency,123,1317.0
end_to_end_latency,124,1268.0
end_to_end_latency,125,1219.0
end_to_end_latency,126,1169.0
end_to_end_latency,127,1119.0
end_to_end_latency,128,1068.0
end_to_end_latency,129,1345.0
end_to_end_latency,130,1295.0
end_to_end_latency,131,1246.0
end_to_end_latency,132,1195.0
end_to_end_latency,133,1145.0
end_to_end_latency,134,1095.0
end_to_end_latency,135,1046.0
end_to_end_latency,136,995.0
end_to_end_latency,137,945.0
end_to_end_latency,138,895.0
end_to_end_latency,139,845.0
end_to_end_latency,140,1296.0
end_to_end_latency,141,1246.0
end_to_end_latency,142,1196.0
end_to_end_latency,143,1147.0
end_to_end_latency,144,1096.0
end_to_end_latency,145,1046.0
end_to_end_latency,146,996.0
end_to_end_latency,147,946.0
end_to_end_latency,148,896.0
end_to_end_latency,149,847.0
end_to_end_latency,150,796.0
end_to_end_latency,151,746.0
end_to_end_latency,152,696.0
end_to_end_latency,153,646.0
end_to_end_latency,154,597.0
end_to_end_latency,155,1521.0
end_to_end_latency,156,1471.0
end_to_end_latency,157,1421.0
end_to_end_latency,158,1372.0
end_to_end_latency,159,1322.0
end_to_end_latency,160,1272.0
end_to_end_latency,161,1222.0
end_to_end_latency,162,1172.0
end_to_end_latency,163,1123.0
end_to_end_latency,164,1072.0
end_to_end_latency,165,1022.0
end_to_end_latency,166,973.0
end_to_end_latency,167,923.0
end_to_end_latency,168,872.0
end_to_end_latency,169,1312.0
end_to_end_latency,170,1262.0
end_to_end_latency,171,1213.0
end_to_end_latency,172,1162.0
end_to_end_latency,173,1112.0
end_to_end_latency,174,1062.0
end_to_end_latency,175,1012.0
end_to_end_latency,176,962.0
end_to_end_latency,177,911.0
end_to_end_latency,178,862.0
end_to_end_latency,179,1346.0
end_to_end_latency,180,1297.0
end_to_end_latency,181,1247.0
end_to_end_latency,182,1196.0
end_to_end_latency,183,1146.0
end_to_end_latency,184,1098.0
end_to_end_latency,185,1047.0
end_to_end_latency,186,996.0
end_to_end_latency,187,947.0
end_to_end_latency,188,897.0
end_to_end_latency,189,1310.0
end_to_end_latency,190,1260.0
end_to_end_latency,191,1210.0
end_to_end_latency,192,1160.0
end_to_end_latency,193,1111.0
end_to_end_latency,194,1062.0
end_to_end_latency,195,1011.0
end_to_end_latency,196,961.0
end_to_end_latency,197,912.0
end_to_end_latency,198,861.0
end_to_end_latency,199,811.0
end_to_end_latency,200,761.0
end_to_end_latency,201,711.0
end_to_end_latency,202,660.0
end_to_end_latency,203,1739.0
end_to_end_latency,204,1689.0
end_to_end_latency,205,1639.0
end_to_end_latency,206,1589.0
end_to_end_latency,207,1539.0
end_to_end_latency,208,1489.0
end_to_end_latency,209,1439.0
end_to_end_latency,210,1389.0
end_to_end_latency,211,1339.0
end_to_end_latency,212,1289.0
end_to_end_latency,213,1239.0
end_to_end_latency,214,1190.0
end_to_end_latency,215,1140.0
end_to_end_latency,216,1090.0
end_to_end_latency,217,1040.0
end_to_end_latency,218,1295.0
end_to_end_latency,219,1245.0
end_to_end_latency,220,1195.0
end_to_end_latency,221,1146.0
end_to_end_latency,222,1096.0
end_to_end_latency,223,1046.0
end_to_end_latency,224,996.0
end_to_end_latency,225,946.0
end_to_end_latency,226,896.0
end_to_end_latency,227,1306.0
end_to_end_latency,228,1256.0
end_to_end_latency,229,1206.0
end_to_end_latency,230,1156.0
end_to_end_latency,231,1106.0
end_to_end_latency,232,1057.0
end_to_end_latency,233,1006.0
end_to_end_latency,234,958.0
end_to_end_latency,235,907.0
end_to_end_latency,236,1480.0
end_to_end_latency,237,1430.0
end_to_end_latency,238,1380.0
end_to_end_latency,239,1330.0
end_to_end_latency,240,1280.0
end_to_end_latency,241,1230.0
end_to_end_latency,242,1180.0
end_to_end_latency,243,1131.0
end_to_end_latency,244,1081.0
end_to_end_latency,245,1030.0
end_to_end_latency,246,981.0
end_to_end_latency,247,931.0
end_to_end_latency,248,881.0
end_to_end_latency,249,831.0
end_to_end_latency,250,782.0
end_to_end_latency,251,1696.0
end_to_end_latency,252,1647.0
end_to_end_latency,253,1597.0
end_to_end_latency,254,1548.0
end_to_end_latency,255,1498.0
end_to_end_latency,256,1448.0
end_to_end_latency,257,1398.0
end_to_end_latency,258,1348.0
end_to_end_latency,259,1298.0
end_to_end_latency,260,1247.0
end_to_end_latency,261,1198.0
end_to_end_latency,262,1148.0
end_to_end_latency,263,1098.0
end_to_end_latency,264,1048.0
end_to_end_latency,265,1303.0
end_to_end_latency,266,1252.0
end_to_end_latency,267,1203.0
end_to_end_latency,268,1153.0
end_to_end_latency,269,1103.0
end_to_end_latency,270,1054.0
end_to_end_latency,271,1004.0
end_to_end_latency,272,953.0
end_to_end_latency,273,904.0
end_to_end_latency,274,854.0
end_to_end_latency,275,1289.0
end_to_end_latency,276,1240.0
end_to_end_latency,277,1190.0
end_to_end_latency,278,1140.0
end_to_end_latency,279,1090.0
end_to_end_latency,280,1040.0
end_to_end_latency,281,991.0
end_to_end_latency,282,940.0
end_to_end_latency,283,890.0
end_to_end_latency,284,841.0
end_to_end_latency,285,1255.0
end_to_end_latency,286,1205.0
end_to_end_latency,287,1156.0
end_to_end_latency,288,1105.0
end_to_end_latency,289,1056.0
end_to_end_latency,290,1007.0
end_to_end_latency,291,956.0
end_to_end_latency,292,907.0
end_to_end_latency,293,857.0
end_to_end_latency,294,807.0
end_to_end_latency,295,757.0
end_to_end_latency,296,707.0
end_to_end_latency,297,657.0
end_to_end_latency,298,607.0
end_to_end_latency,299,1706.0
end_to_end_latency,300,1656.0
end_to_end_latency,301,1606.0
end_to_end_latency,302,1557.0
end_to_end_latency,303,1507.0
end_to_end_latency,304,1457.0
end_to_end_latency,305,1407.0
end_to_end_latency,306,1358.0
end_to_end_latency,307,1308.0
end_to_end_latency,308,1257.0
end_to_end_latency,309,1207.0
end_to_end_latency,310,1159.0
end_to_end_latency,311,1109.0
end_to_end_latency,312,1299.0
end_to_end_latency,313,1248.0
end_to_end_latency,314,1199.0
end_to_end_latency,315,1149.0
end_to_end_latency,316,1098.0
end_to_end_latency,317,1050.0
end_to_end_latency,318,1000.0
end_to_end_latency,319,949.0
end_to_end_latency,320,900.0
end_to_end_latency,321,850.0
end_to_end_latency,322,800.0
end_to_end_latency,323,1258.0
end_to_end_latency,324,1208.0
end_to_end_latency,325,1159.0
end_to_end_latency,326,1109.0
end_to_end_latency,327,1060.0
end_to_end_latency,328,1010.0
end_to_end_latency,329,960.0
end_to_end_latency,330,910.0
end_to_end_latency,331,1298.0
end_to_end_latency,332,1249.0
end_to_end_latency,333,1199.0
end_to_end_latency,334,1149.0
end_to_end_latency,335,1099.0
end_to_end_latency,336,1049.0
end_to_end_latency,337,999.0
end_to_end_latency,338,949.0
end_to_end_latency,339,899.0
end_to_end_latency,340,849.0
end_to_end_latency,341,799.0
end_to_end_latency,342,749.0
end_to_end_latency,343,700.0
end_to_end_latency,344,649.0
end_to_end_latency,345,599.0
end_to_end_latency,346,549.0
end_to_end_latency,347,1601.0
end_to_end_latency,348,1551.0
end_to_end_latency,349,1501.0
end_to_end_latency,350,1452.0
end_to_end_latency,351,1402.0
end_to_end_latency,352,1351.0
end_to_end_latency,353,1301.0
end_to_end_latency,354,1251.0
end_to_end_latency,355,1203.0
end_to_end_latency,356,1152.0
end_to_end_latency,357,1103.0
end_to_end_latency,358,1053.0
end_to_end_latency,359,1315.0
end_to_end_latency,360,1265.0
end_to_end_latency,361,1215.0
end_to_end_latency,362,1165.0
end_to_end_latency,363,1115.0
end_to_end_latency,364,1065.0
end_to_end_latency,365,1015.0
end_to_end_latency,366,965.0
end_to_end_latency,367,915.0
end_to_end_latency,368,866.0
end_to_end_latency,369,816.0
end_to_end_latency,370,1231.0
end_to_end_latency,371,1181.0
end_to_end_latency,372,1132.0
end_to_end_latency,373,1081.0
end_to_end_latency,374,1032.0
end_to_end_latency,375,982.0
end_to_end_latency,376,932.0
end_to_end_latency,377,883.0
end_to_end_latency,378,1311.0
end_to_end_latency,379,1261.0
end_to_end_latency,380,1211.0
end_to_end_latency,381,1161.0
end_to_end_latency,382,1112.0
end_to_end_latency,383,1062.0
end_to_end_latency,384,1013.0
end_to_end_latency,385,962.0
end_to_end_latency,386,912.0
end_to_end_latency,387,862.0
end_to_end_latency,388,813.0
end_to_end_latency,389,762.0
end_to_end_latency,390,712.0
end_to_end_latency,391,662.0
end_to_end_latency,392,613.0
end_to_end_latency,393,1468.0
end_to_end_latency,394,1418.0
end_to_end_latency,395,1368.0
end_to_end_latency,396,1319.0
end_to_end_latency,397,1268.0
end_to_end_latency,398,1218.0
end_to_end_latency,399,1168.0
end_to_end_latency,400,1119.0
end_to_end_latency,401,1068.0
end_to_end_latency,402,1019.0
end_to_end_latency,403,969.0
end_to_end_latency,404,919.0
end_to_end_latency,405,869.0
end_to_end_latency,406,820.0
end_to_end_latency,407,1393.0
end_to_end_latency,408,1343.0
end_to_end_latency,409,1294.0
end_to_end_latency,410,1243.0
end_to_end_latency,411,1193.0
end_to_end_latency,412,1143.0
end_to_end_latency,413,1094.0
end_to_end_latency,414,1353.0
end_to_end_latency,415,1302.0
end_to_end_latency,416,1252.0
end_to_end_latency,417,1202.0
end_to_end_latency,418,1152.0
end_to_end_latency,419,1102.0
end_to_end_latency,420,1052.0
end_to_end_latency,421,1004.0
end_to_end_latency,422,954.0
end_to_end_latency,423,904.0
end_to_end_latency,424,854.0
end_to_end_latency,425,1439.0
end_to_end_latency,426,1389.0
end_to_end_latency,427,1339.0
end_to_end_latency,428,1290.0
end_to_end_latency,429,1241.0
end_to_end_latency,430,1190.0
end_to_end_latency,431,1140.0
end_to_end_latency,432,1091.0
end_to_end_latency,433,1041.0
end_to_end_latency,434,990.0
end_to_end_latency,435,940.0
end_to_end_latency,436,890.0
end_to_end_latency,437,840.0
end_to_end_latency,438,791.0
end_to_end_latency,439,740.0
end_to_end_latency,440,1660.0
end_to_end_latency,441,1610.0
end_to_end_latency,442,1561.0
end_to_end_latency,443,1510.0
end_to_end_latency,444,1462.0
end_to_end_latency,445,1411.0
end_to_end_latency,446,1361.0
end_to_end_latency,447,1311.0
end_to_end_latency,448,1262.0
end_to_end_latency,449,1211.0
end_to_end_latency,450,1161.0
end_to_end_latency,451,1111.0
end_to_end_latency,452,1061.0
end_to_end_latency,453,1011.0
end_to_end_latency,454,1265.0
end_to_end_latency,455,1215.0
end_to_end_latency,456,1165.0
end_to_end_latency,457,1114.0
end_to_end_latency,458,1065.0
end_to_end_latency,459,1016.0
end_to_end_latency,460,966.0
end_to_end_latency,461,916.0
end_to_end_latency,462,867.0
end_to_end_latency,463,1295.0
end_to_end_latency,464,1245.0
end_to_end_latency,465,1195.0
end_to_end_latency,466,1145.0
end_to_end_latency,467,1096.0
end_to_end_latency,468,1045.0
end_to_end_latency,469,997.0
end_to_end_latency,470,946.0
end_to_end_latency,471,896.0
end_to_end_latency,472,846.0
end_to_end_latency,473,1451.0
end_to_end_latency,474,1400.0
end_to_end_latency,475,1350.0
end_to_end_latency,476,1300.0
end_to_end_latency,477,1250.0
end_to_end_latency,478,1202.0
end_to_end_latency,479,1151.0
end_to_end_latency,480,1101.0
end_to_end_latency,481,1052.0
end_to_end_latency,482,1001.0
end_to_end_latency,483,951.0
end_to_end_latency,484,902.0
end_to_end_latency,485,851.0
end_to_end_latency,486,801.0
end_to_end_latency,487,1542.0
end_to_end_latency,488,1493.0
end_to_end_latency,489,1442.0
end_to_end_latency,490,1392.0
end_to_end_latency,491,1343.0
end_to_end_latency,492,1292.0
end_to_end_latency,493,1242.0
end_to_end_latency,494,1192.0
end_to_end_latency,495,1142.0
end_to_end_latency,496,1093.0
end_to_end_latency,497,1041.0
end_to_end_latency,498,992.0
end_to_end_latency,499,943.0
end_to_end_latency,500,892.0
end_to_end_latency,501,1332.0
end_to_end_latency,502,1282.0
end_to_end_latency,503,1233.0
end_to_end_latency,504,1182.0
end_to_end_latency,505,1132.0
end_to_end_latency,506,1084.0
end_to_end_latency,507,1033.0
end_to_end_latency,508,983.0
end_to_end_latency,509,933.0
end_to_end_latency,510,883.0
end_to_end_latency,511,1427.0
end_to_end_latency,512,1377.0
end_to_end_latency,513,1326.0
end_to_end_latency,514,1276.0
end_to_end_latency,515,1226.0
end_to_end_latency,516,1176.0
end_to_end_latency,517,1127.0
end_to_end_latency,518,1076.0
end_to_end_latency,519,1026.0
end_to_end_latency,520,1476.0
end_to_end_latency,521,1426.0
end_to_end_latency,522,1376.0
end_to_end_latency,523,1327.0
end_to_end_latency,524,1276.0
end_to_end_latency,525,1226.0
end_to_end_latency,526,1176.0
end_to_end_latency,527,1126.0
end_to_end_latency,528,1076.0
end_to_end_latency,529,1026.0
end_to_end_latency,530,975.0
end_to_end_latency,531,926.0
end_to_end_latency,532,876.0
end_to_end_latency,533,826.0
end_to_end_latency,534,1677.0
end_to_end_latency,535,1627.0
end_to_end_latency,536,1577.0
end_to_end_latency,537,1526.0
end_to_end_latency,538,1477.0
end_to_end_latency,539,1427.0
end_to_end_latency,540,1377.0
end_to_end_latency,541,1327.0
end_to_end_latency,542,1277.0
end_to_end_latency,543,1228.0
end_to_end_latency,544,1178.0
end_to_end_latency,545,1128.0
end_to_end_latency,546,1078.0
end_to_end_latency,547,1028.0
end_to_end_latency,548,978.0
end_to_end_latency,549,928.0
end_to_end_latency,550,1160.0
end_to_end_latency,551,1110.0
end_to_end_latency,552,1060.0
end_to_end_latency,553,1010.0
end_to_end_latency,554,961.0
end_to_end_latency,555,911.0
end_to_end_latency,556,862.0
end_to_end_latency,557,811.0
end_to_end_latency,558,761.0
end_to_end_latency,559,1147.0
end_to_end_latency,560,1097.0
end_to_end_latency,561,1047.0
end_to_end_latency,562,997.0
end_to_end_latency,563,947.0
end_to_end_latency,564,897.0
end_to_end_latency,565,847.0
end_to_end_latency,566,798.0
end_to_end_latency,567,1228.0
end_to_end_latency,568,1179.0
end_to_end_latency,569,1127.0
end_to_end_latency,570,1077.0
end_to_end_latency,571,1028.0
end_to_end_latency,572,977.0
end_to_end_latency,573,929.0
end_to_end_latency,574,879.0
end_to_end_latency,575,829.0
end_to_end_latency,576,779.0
end_to_end_latency,577,729.0
end_to_end_latency,578,679.0
end_to_end_latency,579,629.0
end_to_end_latency,580,1497.0
end_to_end_latency,581,1447.0
end_to_end_latency,582,1399.0
end_to_end_latency,583,1348.0
end_to_end_latency,584,1298.0
end_to_end_latency,585,1248.0
end_to_end_latency,586,1198.0
end_to_end_latency,587,1148.0
end_to_end_latency,588,1098.0
end_to_end_latency,589,1049.0
end_to_end_latency,590,999.0
end_to_end_latency,591,948.0
end_to_end_latency,592,899.0
end_to_end_latency,2,1995.0
end_to_end_latency,3,1945.0
end_to_end_latency,4,1895.0
end_to_end_latency,5,1845.0
end_to_end_latency,6,1795.0
end_to_end_latency,7,1745.0
end_to_end_latency,8,1695.0
end_to_end_latency,9,1645.0
end_to_end_latency,10,1595.0
end_to_end_latency,20,1096.0
end_to_end_latency,21,1046.0
end_to_end_latency,22,996.0
end_to_end_latency,23,946.0
end_to_end_latency,24,896.0
end_to_end_latency,29,1256.0
end_to_end_latency,30,1206.0
end_to_end_latency,31,1156.0
end_to_end_latency,32,1105.0
end_to_end_latency,40,1022.0
end_to_end_latency,41,972.0
end_to_end_latency,42,922.0
end_to_end_latency,48,1092.0
end_to_end_latency,49,1042.0
end_to_end_latency,50,992.0
end_to_end_latency,51,942.0
end_to_end_latency,57,1630.0
end_to_end_latency,58,1580.0
end_to_end_latency,59,1530.0
end_to_end_latency,60,1479.0
end_to_end_latency,61,1430.0
end_to_end_latency,66,1181.0
end_to_end_latency,67,1131.0
end_to_end_latency,68,1081.0
end_to_end_latency,69,1031.0
end_to_end_latency,70,981.0
end_to_end_latency,76,1155.0
end_to_end_latency,77,1106.0
end_to_end_latency,78,1055.0
end_to_end_latency,79,1006.0
end_to_end_latency,80,956.0
end_to_end_latency,81,906.0
end_to_end_latency,86,1159.0
end_to_end_latency,87,1109.0
end_to_end_latency,88,1058.0
end_to_end_latency,89,1009.0
end_to_end_latency,90,958.0
end_to_end_latency,91,908.0
end_to_end_latency,96,1274.0
end_to_end_latency,97,1224.0
end_to_end_latency,98,1173.0
end_to_end_latency,99,1123.0
end_to_end_latency,100,1074.0
end_to_end_latency,106,1600.0
end_to_end_latency,107,1550.0
end_to_end_latency,108,1500.0
end_to_end_latency,109,1450.0
end_to_end_latency,110,1400.0
end_to_end_latency,115,1151.0
end_to_end_latency,116,1101.0
end_to_end_latency,117,1050.0
end_to_end_latency,118,1001.0
end_to_end_latency,119,951.0
end_to_end_latency,120,901.0
end_to_end_latency,125,1345.0
end_to_end_latency,126,1294.0
end_to_end_latency,127,1245.0
end_to_end_latency,128,1194.0
end_to_end_latency,129,1144.0
end_to_end_latency,130,1095.0
end_to_end_latency,136,1622.0
end_to_end_latency,137,1572.0
end_to_end_latency,138,1522.0
end_to_end_latency,139,1471.0
end_to_end_latency,140,1422.0
end_to_end_latency,141,1372.0
end_to_end_latency,146,1123.0
end_to_end_latency,147,1073.0
end_to_end_latency,148,1023.0
end_to_end_latency,149,973.0
end_to_end_latency,156,1597.0
end_to_end_latency,157,1548.0
end_to_end_latency,158,1497.0
end_to_end_latency,159,1448.0
end_to_end_latency,166,1099.0
end_to_end_latency,167,1048.0
end_to_end_latency,168,998.0
end_to_end_latency,169,948.0
end_to_end_latency,175,1139.0
end_to_end_latency,176,1088.0
end_to_end_latency,177,1039.0
end_to_end_latency,178,988.0
end_to_end_latency,179,939.0
end_to_end_latency,180,889.0
end_to_end_latency,185,1636.0
end_to_end_latency,186,1586.0
end_to_end_latency,187,1536.0
end_to_end_latency,188,1486.0
end_to_end_latency,196,1087.0
end_to_end_latency,197,1036.0
end_to_end_latency,198,986.0
end_to_end_latency,205,1766.0
end_to_end_latency,206,1716.0
end_to_end_latency,207,1666.0
end_to_end_latency,208,1615.0
end_to_end_latency,215,1266.0
end_to_end_latency,216,1217.0
end_to_end_latency,217,1167.0
end_to_end_latency,218,1116.0
end_to_end_latency,224,1122.0
end_to_end_latency,225,1072.0
end_to_end_latency,226,1022.0
end_to_end_latency,227,972.0
end_to_end_latency,228,921.0
end_to_end_latency,229,871.0
end_to_end_latency,234,1084.0
end_to_end_latency,235,1034.0
end_to_end_latency,236,984.0
end_to_end_latency,237,933.0
end_to_end_latency,238,883.0
end_to_end_latency,243,1257.0
end_to_end_latency,244,1206.0
end_to_end_latency,245,1157.0
end_to_end_latency,246,1107.0
end_to_end_latency,247,1057.0
end_to_end_latency,248,1006.0
end_to_end_latency,253,1724.0
end_to_end_latency,254,1674.0
end_to_end_latency,255,1623.0
end_to_end_latency,256,1574.0
end_to_end_latency,257,1524.0
end_to_end_latency,262,1580.0
end_to_end_latency,263,1529.0
end_to_end_latency,264,1480.0
end_to_end_latency,265,1429.0
end_to_end_latency,266,1379.0
end_to_end_latency,271,1131.0
end_to_end_latency,272,1080.0
end_to_end_latency,273,1030.0
end_to_end_latency,274,980.0
end_to_end_latency,275,930.0
end_to_end_latency,276,880.0
end_to_end_latency,281,1116.0
end_to_end_latency,282,1066.0
end_to_end_latency,283,1017.0
end_to_end_latency,284,967.0
end_to_end_latency,285,916.0
end_to_end_latency,292,1033.0
end_to_end_latency,293,982.0
end_to_end_latency,294,933.0
end_to_end_latency,295,883.0
end_to_end_latency,300,1783.0
end_to_end_latency,301,1733.0
end_to_end_latency,302,1683.0
end_to_end_latency,303,1633.0
end_to_end_latency,304,1583.0
end_to_end_latency,310,1284.0
end_to_end_latency,311,1235.0
end_to_end_latency,312,1184.0
end_to_end_latency,313,1134.0
end_to_end_latency,314,1084.0
end_to_end_latency,319,1584.0
end_to_end_latency,320,1534.0
end_to_end_latency,321,1484.0
end_to_end_latency,322,1434.0
end_to_end_latency,328,1135.0
end_to_end_latency,329,1085.0
end_to_end_latency,330,1035.0
end_to_end_latency,331,985.0
end_to_end_latency,332,935.0
end_to_end_latency,337,1125.0
end_to_end_latency,338,1075.0
end_to_end_latency,339,1025.0
end_to_end_latency,340,975.0
end_to_end_latency,341,925.0
end_to_end_latency,348,1678.0
end_to_end_latency,349,1628.0
end_to_end_latency,350,1577.0
end_to_end_latency,351,1528.0
end_to_end_latency,352,1478.0
end_to_end_latency,357,1229.0
end_to_end_latency,358,1179.0
end_to_end_latency,359,1128.0
end_to_end_latency,360,1079.0
end_to_end_latency,366,1092.0
end_to_end_latency,367,1041.0
end_to_end_latency,368,992.0
end_to_end_latency,369,942.0
end_to_end_latency,370,892.0
end_to_end_latency,376,1059.0
end_to_end_latency,377,1009.0
end_to_end_latency,378,959.0
end_to_end_latency,379,908.0
end_to_end_latency,385,1088.0
end_to_end_latency,386,1038.0
end_to_end_latency,387,987.0
end_to_end_latency,388,938.0
end_to_end_latency,394,1545.0
end_to_end_latency,395,1495.0
end_to_end_latency,396,1444.0
end_to_end_latency,397,1394.0
end_to_end_latency,403,1096.0
end_to_end_latency,404,1046.0
end_to_end_latency,405,996.0
end_to_end_latency,406,946.0
end_to_end_latency,407,896.0
end_to_end_latency,412,1270.0
end_to_end_latency,413,1220.0
end_to_end_latency,414,1170.0
end_to_end_latency,415,1119.0
end_to_end_latency,416,1069.0
end_to_end_latency,417,1020.0
end_to_end_latency,422,1079.0
end_to_end_latency,423,1029.0
end_to_end_latency,424,979.0
end_to_end_latency,432,1216.0
end_to_end_latency,433,1166.0
end_to_end_latency,434,1116.0
end_to_end_latency,435,1066.0
end_to_end_latency,440,1787.0
end_to_end_latency,441,1737.0
end_to_end_latency,442,1687.0
end_to_end_latency,443,1637.0
end_to_end_latency,444,1587.0
end_to_end_latency,445,1537.0
end_to_end_latency,450,1288.0
end_to_end_latency,451,1238.0
end_to_end_latency,452,1188.0
end_to_end_latency,453,1137.0
end_to_end_latency,454,1087.0
end_to_end_latency,460,1092.0
end_to_end_latency,461,1042.0
end_to_end_latency,462,992.0
end_to_end_latency,463,942.0
end_to_end_latency,464,892.0
end_to_end_latency,469,1122.0
end_to_end_latency,470,1072.0
end_to_end_latency,471,1022.0
end_to_end_latency,472,972.0
end_to_end_latency,473,922.0
end_to_end_latency,479,1276.0
end_to_end_latency,480,1226.0
end_to_end_latency,481,1177.0
end_to_end_latency,482,1127.0
end_to_end_latency,488,1618.0
end_to_end_latency,489,1567.0
end_to_end_latency,490,1517.0
end_to_end_latency,491,1467.0
end_to_end_latency,492,1417.0
end_to_end_latency,493,1367.0
end_to_end_latency,498,1119.0
end_to_end_latency,499,1069.0
end_to_end_latency,500,1019.0
end_to_end_latency,501,968.0
end_to_end_latency,507,1159.0
end_to_end_latency,508,1109.0
end_to_end_latency,509,1059.0
end_to_end_latency,510,1010.0
end_to_end_latency,511,960.0
end_to_end_latency,517,1752.0
end_to_end_latency,518,1702.0
end_to_end_latency,519,1652.0
end_to_end_latency,520,1601.0
end_to_end_latency,521,1551.0
end_to_end_latency,527,1253.0
end_to_end_latency,528,1202.0
end_to_end_latency,529,1153.0
end_to_end_latency,535,1753.0
end_to_end_latency,536,1703.0
end_to_end_latency,537,1653.0
end_to_end_latency,538,1603.0
end_to_end_latency,539,1552.0
end_to_end_latency,540,1503.0
end_to_end_latency,546,1204.0
end_to_end_latency,547,1153.0
end_to_end_latency,548,1103.0
end_to_end_latency,549,1054.0
end_to_end_latency,550,1003.0
end_to_end_latency,555,1037.0
end_to_end_latency,556,987.0
end_to_end_latency,557,936.0
end_to_end_latency,558,887.0
end_to_end_latency,563,1073.0
end_to_end_latency,564,1023.0
end_to_end_latency,565,973.0
end_to_end_latency,566,923.0
end_to_end_latency,567,873.0
end_to_end_latency,568,823.0
end_to_end_latency,573,1973.0
end_to_end_latency,574,1923.0
end_to_end_latency,575,1874.0
end_to_end_latency,576,1823.0
end_to_end_latency,577,1773.0
end_to_end_latency,582,1524.0
end_to_end_latency,583,1475.0
end_to_end_latency,584,1424.0
end_to_end_latency,585,1374.0
end_to_end_latency,0,2121.0
end_to_end_latency,1,2072.0
end_to_end_latency,2,2022.0
end_to_end_latency,3,1973.0
end_to_end_latency,4,1923.0
end_to_end_latency,5,2482.0
end_to_end_latency,6,2433.0
end_to_end_latency,7,2382.0
end_to_end_latency,8,2333.0
end_to_end_latency,9,2282.0
end_to_end_latency,10,2549.0
end_to_end_latency,11,2498.0
end_to_end_latency,12,2449.0
end_to_end_latency,13,2398.0
end_to_end_latency,14,3807.0
end_to_end_latency,15,3757.0
end_to_end_latency,16,3706.0
end_to_end_latency,17,3657.0
end_to_end_latency,18,3607.0
end_to_end_latency,19,3557.0
end_to_end_latency,20,3506.0
end_to_end_latency,21,3456.0
end_to_end_latency,22,3408.0
end_to_end_latency,23,3358.0
end_to_end_latency,24,3308.0
end_to_end_latency,25,3258.0
end_to_end_latency,26,4184.0
end_to_end_latency,27,4134.0
end_to_end_latency,28,4085.0
end_to_end_latency,29,4035.0
end_to_end_latency,30,3984.0
end_to_end_latency,31,3935.0
end_to_end_latency,32,3885.0
end_to_end_latency,33,4450.0
end_to_end_latency,34,4401.0
end_to_end_latency,35,4350.0
end_to_end_latency,36,5127.0
end_to_end_latency,37,5078.0
end_to_end_latency,38,5028.0
end_to_end_latency,39,4978.0
end_to_end_latency,40,4927.0
end_to_end_latency,41,4878.0
end_to_end_latency,42,4828.0
end_to_end_latency,43,4777.0
end_to_end_latency,44,4728.0
end_to_end_latency,45,4678.0
end_to_end_latency,46,5321.0
end_to_end_latency,47,5271.0
end_to_end_latency,48,5220.0
end_to_end_latency,49,5170.0
end_to_end_latency,50,5122.0
end_to_end_latency,51,5399.0
end_to_end_latency,52,5348.0
end_to_end_latency,53,5299.0
end_to_end_latency,54,5248.0
end_to_end_latency,55,5198.0
end_to_end_latency,56,5149.0
end_to_end_latency,61,6374.0
end_to_end_latency,62,6324.0
end_to_end_latency,63,6274.0
end_to_end_latency,64,6225.0
end_to_end_latency,65,6174.0
end_to_end_latency,66,6125.0
end_to_end_latency,67,6074.0
end_to_end_latency,68,6025.0
end_to_end_latency,69,6464.0
end_to_end_latency,70,6414.0
end_to_end_latency,71,6364.0
end_to_end_latency,72,6315.0
end_to_end_latency,73,6264.0
end_to_end_latency,74,6215.0
end_to_end_latency,75,6699.0
end_to_end_latency,76,6649.0
end_to_end_latency,77,6599.0
end_to_end_latency,78,6549.0
end_to_end_latency,79,6499.0
end_to_end_latency,80,6450.0
end_to_end_latency,81,6399.0
end_to_end_latency,82,6813.0
end_to_end_latency,83,6763.0
end_to_end_latency,84,6714.0
end_to_end_latency,85,6663.0
end_to_end_latency,86,6613.0
end_to_end_latency,87,7692.0
end_to_end_latency,88,7641.0
end_to_end_latency,89,7592.0
end_to_end_latency,90,7541.0
end_to_end_latency,91,7492.0
end_to_end_latency,92,7441.0
end_to_end_latency,93,7392.0
end_to_end_latency,94,7342.0
end_to_end_latency,95,7292.0
end_to_end_latency,96,7242.0
end_to_end_latency,97,7192.0
end_to_end_latency,98,7143.0
end_to_end_latency,99,7092.0
end_to_end_latency,100,7043.0
end_to_end_latency,101,7297.0
end_to_end_latency,102,7247.0
end_to_end_latency,103,7198.0
end_to_end_latency,104,7147.0
end_to_end_latency,105,7098.0
end_to_end_latency,106,7048.0
end_to_end_latency,107,6998.0
end_to_end_latency,108,6949.0
end_to_end_latency,109,6898.0
end_to_end_latency,110,6848.0
end_to_end_latency,111,6798.0
end_to_end_latency,112,6748.0
end_to_end_latency,113,6699.0
end_to_end_latency,114,7109.0
end_to_end_latency,115,7059.0
end_to_end_latency,116,7009.0
end_to_end_latency,117,6959.0
end_to_end_latency,118,7533.0
end_to_end_latency,119,7483.0
end_to_end_latency,120,7433.0
end_to_end_latency,121,7384.0
end_to_end_latency,122,7333.0
end_to_end_latency,123,7283.0
end_to_end_latency,124,7233.0
end_to_end_latency,125,7183.0
end_to_end_latency,126,7133.0
end_to_end_latency,127,7083.0
end_to_end_latency,128,7034.0
end_to_end_latency,129,6983.0
end_to_end_latency,130,7899.0
end_to_end_latency,131,7849.0
end_to_end_latency,132,7799.0
end_to_end_latency,133,7750.0
end_to_end_latency,134,7699.0
end_to_end_latency,135,7649.0
end_to_end_latency,136,7599.0
end_to_end_latency,137,7549.0
end_to_end_latency,138,7499.0
end_to_end_latency,139,7449.0
end_to_end_latency,140,7399.0
end_to_end_latency,141,7348.0
end_to_end_latency,142,7299.0
end_to_end_latency,143,7249.0
end_to_end_latency,144,7200.0
end_to_end_latency,145,7150.0
end_to_end_latency,146,7100.0
end_to_end_latency,147,7050.0
end_to_end_latency,148,7001.0
end_to_end_latency,149,6950.0
end_to_end_latency,150,6902.0
end_to_end_latency,151,6851.0
end_to_end_latency,152,6801.0
end_to_end_latency,153,6751.0
end_to_end_latency,154,6701.0
end_to_end_latency,155,6651.0
end_to_end_latency,156,6601.0
end_to_end_latency,157,6551.0
end_to_end_latency,158,6501.0
end_to_end_latency,159,6451.0
end_to_end_latency,160,6706.0
end_to_end_latency,161,6656.0
end_to_end_latency,162,6607.0
end_to_end_latency,163,6556.0
end_to_end_latency,164,6506.0
end_to_end_latency,165,6456.0
end_to_end_latency,166,6407.0
end_to_end_latency,167,6356.0
end_to_end_latency,168,6306.0
end_to_end_latency,169,6256.0
end_to_end_latency,170,6206.0
end_to_end_latency,171,6156.0
end_to_end_latency,172,6106.0
end_to_end_latency,173,6058.0
end_to_end_latency,174,6007.0
end_to_end_latency,175,5957.0
end_to_end_latency,176,5907.0
end_to_end_latency,177,5857.0
end_to_end_latency,178,5807.0
end_to_end_latency,179,5758.0
end_to_end_latency,180,5707.0
end_to_end_latency,181,5657.0
end_to_end_latency,182,5607.0
end_to_end_latency,183,6043.0
end_to_end_latency,184,5994.0
end_to_end_latency,185,5943.0
end_to_end_latency,186,5893.0
end_to_end_latency,187,5844.0
end_to_end_latency,188,5794.0
end_to_end_latency,189,5743.0
end_to_end_latency,190,5693.0
end_to_end_latency,191,5644.0
end_to_end_latency,192,5594.0
end_to_end_latency,193,5544.0
end_to_end_latency,194,5494.0
end_to_end_latency,195,5444.0
end_to_end_latency,196,5394.0
end_to_end_latency,197,5344.0
end_to_end_latency,198,5294.0
end_to_end_latency,199,5709.0
end_to_end_latency,200,5660.0
end_to_end_latency,201,5608.0
end_to_end_latency,202,5559.0
end_to_end_latency,203,5509.0
end_to_end_latency,204,5459.0
end_to_end_latency,205,5409.0
end_to_end_latency,206,5359.0
end_to_end_latency,207,5309.0
end_to_end_latency,208,5260.0
end_to_end_latency,209,5209.0
end_to_end_latency,210,5160.0
end_to_end_latency,211,5109.0
end_to_end_latency,212,5060.0
end_to_end_latency,213,5010.0
end_to_end_latency,214,4960.0
end_to_end_latency,215,4910.0
end_to_end_latency,216,4860.0
end_to_end_latency,217,4809.0
end_to_end_latency,218,4760.0
end_to_end_latency,219,4710.0
end_to_end_latency,220,5808.0
end_to_end_latency,221,5758.0
end_to_end_latency,222,5708.0
end_to_end_latency,223,5659.0
end_to_end_latency,224,5608.0
end_to_end_latency,225,5558.0
end_to_end_latency,226,5507.0
end_to_end_latency,227,5458.0
end_to_end_latency,228,5408.0
end_to_end_latency,229,5360.0
end_to_end_latency,230,5310.0
end_to_end_latency,231,5259.0
end_to_end_latency,232,5210.0
end_to_end_latency,233,5160.0
end_to_end_latency,234,5110.0
end_to_end_latency,235,5060.0
end_to_end_latency,236,5008.0
end_to_end_latency,237,4959.0
end_to_end_latency,238,4910.0
end_to_end_latency,239,4859.0
end_to_end_latency,240,4810.0
end_to_end_latency,241,4759.0
end_to_end_latency,242,4710.0
end_to_end_latency,243,4660.0
end_to_end_latency,244,4610.0
end_to_end_latency,245,4560.0
end_to_end_latency,246,4510.0
end_to_end_latency,247,4460.0
end_to_end_latency,248,4409.0
end_to_end_latency,249,4360.0
end_to_end_latency,250,4310.0
end_to_end_latency,251,4260.0
end_to_end_latency,252,4210.0
end_to_end_latency,253,4160.0
end_to_end_latency,254,4109.0
end_to_end_latency,255,4059.0
end_to_end_latency,256,4010.0
end_to_end_latency,257,3960.0
end_to_end_latency,258,3910.0
end_to_end_latency,259,3860.0
end_to_end_latency,260,3811.0
end_to_end_latency,261,3761.0
end_to_end_latency,262,3711.0
end_to_end_latency,263,3661.0
end_to_end_latency,264,3611.0
end_to_end_latency,265,3560.0
end_to_end_latency,266,3511.0
end_to_end_latency,267,3460.0
end_to_end_latency,268,3411.0
end_to_end_latency,269,3360.0
end_to_end_latency,270,3311.0
end_to_end_latency,271,3262.0
end_to_end_latency,272,3210.0
end_to_end_latency,273,3161.0
end_to_end_latency,274,3110.0
end_to_end_latency,275,3301.0
end_to_end_latency,276,3250.0
end_to_end_latency,277,3201.0
end_to_end_latency,278,3151.0
end_to_end_latency,279,3101.0
end_to_end_latency,280,3050.0
end_to_end_latency,281,3001.0
end_to_end_latency,282,2952.0
end_to_end_latency,283,2900.0
end_to_end_latency,284,2851.0
end_to_end_latency,285,2801.0
end_to_end_latency,286,2752.0
end_to_end_latency,287,2700.0
end_to_end_latency,288,2651.0
end_to_end_latency,289,2601.0
end_to_end_latency,290,2551.0
end_to_end_latency,291,2501.0
end_to_end_latency,292,2450.0
end_to_end_latency,293,2401.0
end_to_end_latency,294,2351.0
end_to_end_latency,295,2301.0
end_to_end_latency,296,2250.0
end_to_end_latency,297,2197.0
end_to_end_latency,298,2659.0
end_to_end_latency,299,2610.0
end_to_end_latency,300,2562.0
end_to_end_latency,301,2510.0
end_to_end_latency,302,2462.0
end_to_end_latency,303,2412.0
end_to_end_latency,304,2360.0
end_to_end_latency,305,2311.0
end_to_end_latency,306,2262.0
end_to_end_latency,307,2211.0
end_to_end_latency,308,2161.0
end_to_end_latency,309,2111.0
end_to_end_latency,310,2060.0
end_to_end_latency,311,2011.0
end_to_end_latency,312,1960.0
end_to_end_latency,313,1911.0
end_to_end_latency,314,1861.0
end_to_end_latency,315,1811.0
end_to_end_latency,316,1761.0
end_to_end_latency,317,1711.0
end_to_end_latency,318,1660.0
end_to_end_latency,319,1612.0
end_to_end_latency,320,1561.0
end_to_end_latency,321,1512.0
end_to_end_latency,322,1462.0
end_to_end_latency,323,1411.0
end_to_end_latency,324,1362.0
end_to_end_latency,325,1311.0
end_to_end_latency,326,1262.0
end_to_end_latency,327,1211.0
end_to_end_latency,328,1161.0
end_to_end_latency,329,1111.0
end_to_end_latency,330,1062.0
end_to_end_latency,331,1013.0
end_to_end_latency,332,962.0
end_to_end_latency,333,913.0
end_to_end_latency,334,1301.0
end_to_end_latency,335,1251.0
end_to_end_latency,336,1202.0
end_to_end_latency,337,1151.0
end_to_end_latency,338,1102.0
end_to_end_latency,339,2154.0
end_to_end_latency,340,2105.0
end_to_end_latency,341,2055.0
end_to_end_latency,342,2005.0
end_to_end_latency,343,1954.0
end_to_end_latency,344,1904.0
end_to_end_latency,345,1855.0
end_to_end_latency,346,1804.0
end_to_end_latency,347,1755.0
end_to_end_latency,348,1705.0
end_to_end_latency,349,1655.0
end_to_end_latency,350,1604.0
end_to_end_latency,351,1555.0
end_to_end_latency,352,1505.0
end_to_end_latency,353,1454.0
end_to_end_latency,354,1404.0
end_to_end_latency,355,1355.0
end_to_end_latency,356,1305.0
end_to_end_latency,357,1255.0
end_to_end_latency,358,1205.0
end_to_end_latency,359,1155.0
end_to_end_latency,360,1105.0
end_to_end_latency,361,1055.0
end_to_end_latency,362,1318.0
end_to_end_latency,363,1267.0
end_to_end_latency,364,1218.0
end_to_end_latency,365,1167.0
end_to_end_latency,366,1584.0
end_to_end_latency,367,1534.0
end_to_end_latency,368,1485.0
end_to_end_latency,369,1434.0
end_to_end_latency,370,1384.0
end_to_end_latency,371,1334.0
end_to_end_latency,372,1284.0
end_to_end_latency,373,1235.0
end_to_end_latency,374,1184.0
end_to_end_latency,375,1135.0
end_to_end_latency,376,1084.0
end_to_end_latency,377,1035.0
end_to_end_latency,378,985.0
end_to_end_latency,379,936.0
end_to_end_latency,380,886.0
end_to_end_latency,381,1315.0
end_to_end_latency,382,1264.0
end_to_end_latency,383,1214.0
end_to_end_latency,384,1164.0
end_to_end_latency,385,2020.0
end_to_end_latency,386,1970.0
end_to_end_latency,387,1921.0
end_to_end_latency,388,1870.0
end_to_end_latency,389,1820.0
end_to_end_latency,390,1771.0
end_to_end_latency,391,1721.0
end_to_end_latency,392,1671.0
end_to_end_latency,393,1620.0
end_to_end_latency,394,1572.0
end_to_end_latency,395,1521.0
end_to_end_latency,396,1471.0
end_to_end_latency,397,1421.0
end_to_end_latency,398,1371.0
end_to_end_latency,399,1322.0
end_to_end_latency,400,1271.0
end_to_end_latency,401,1221.0
end_to_end_latency,402,1171.0
end_to_end_latency,403,1121.0
end_to_end_latency,404,1696.0
end_to_end_latency,405,1645.0
end_to_end_latency,406,1595.0
end_to_end_latency,407,1545.0
end_to_end_latency,408,1497.0
end_to_end_latency,409,1447.0
end_to_end_latency,410,1396.0
end_to_end_latency,411,1347.0
end_to_end_latency,412,1297.0
end_to_end_latency,413,1246.0
end_to_end_latency,414,1505.0
end_to_end_latency,415,1455.0
end_to_end_latency,416,1405.0
end_to_end_latency,417,1356.0
end_to_end_latency,418,1307.0
end_to_end_latency,419,1256.0
end_to_end_latency,420,1206.0
end_to_end_latency,421,1156.0
end_to_end_latency,422,1107.0
end_to_end_latency,423,1056.0
end_to_end_latency,424,1006.0
end_to_end_latency,425,956.0
end_to_end_latency,426,906.0
end_to_end_latency,427,1493.0
end_to_end_latency,428,1442.0
end_to_end_latency,429,1393.0
end_to_end_latency,430,1342.0
end_to_end_latency,431,1292.0
end_to_end_latency,432,1242.0
end_to_end_latency,433,1192.0
end_to_end_latency,434,1142.0
end_to_end_latency,435,1092.0
end_to_end_latency,436,1042.0
end_to_end_latency,437,1962.0
end_to_end_latency,438,1912.0
end_to_end_latency,439,1862.0
end_to_end_latency,440,1812.0
end_to_end_latency,441,1764.0
end_to_end_latency,442,1714.0
end_to_end_latency,443,1663.0
end_to_end_latency,444,1613.0
end_to_end_latency,445,1563.0
end_to_end_latency,446,1514.0
end_to_end_latency,447,1464.0
end_to_end_latency,448,1414.0
end_to_end_latency,449,1364.0
end_to_end_latency,450,1618.0
end_to_end_latency,451,1568.0
end_to_end_latency,452,1518.0
end_to_end_latency,453,1468.0
end_to_end_latency,454,1418.0
end_to_end_latency,455,1368.0
end_to_end_latency,456,1318.0
end_to_end_latency,457,1268.0
end_to_end_latency,458,1218.0
end_to_end_latency,459,1168.0
end_to_end_latency,460,1598.0
end_to_end_latency,461,1548.0
end_to_end_latency,462,1498.0
end_to_end_latency,463,1448.0
end_to_end_latency,464,1398.0
end_to_end_latency,465,1349.0
end_to_end_latency,466,1298.0
end_to_end_latency,467,1248.0
end_to_end_latency,468,1197.0
end_to_end_latency,469,1803.0
end_to_end_latency,470,1753.0
end_to_end_latency,471,1703.0
end_to_end_latency,472,1653.0
end_to_end_latency,473,1603.0
end_to_end_latency,474,1553.0
end_to_end_latency,475,1503.0
end_to_end_latency,476,1453.0
end_to_end_latency,477,1403.0
end_to_end_latency,478,1353.0
end_to_end_latency,479,1304.0
end_to_end_latency,480,1254.0
end_to_end_latency,481,1204.0
end_to_end_latency,482,1154.0
end_to_end_latency,483,1104.0
end_to_end_latency,484,1054.0
end_to_end_latency,485,1794.0
end_to_end_latency,486,1744.0
end_to_end_latency,487,1694.0
end_to_end_latency,488,1644.0
end_to_end_latency,489,1594.0
end_to_end_latency,490,1544.0
end_to_end_latency,491,1494.0
end_to_end_latency,492,1444.0
end_to_end_latency,493,1394.0
end_to_end_latency,494,1345.0
end_to_end_latency,495,1295.0
end_to_end_latency,496,1245.0
end_to_end_latency,497,1195.0
end_to_end_latency,498,1634.0
end_to_end_latency,499,1585.0
end_to_end_latency,500,1535.0
end_to_end_latency,501,1485.0
end_to_end_latency,502,1435.0
end_to_end_latency,503,1386.0
end_to_end_latency,504,1335.0
end_to_end_latency,505,1285.0
end_to_end_latency,506,1235.0
end_to_end_latency,507,1186.0
end_to_end_latency,508,1135.0
end_to_end_latency,509,1086.0
end_to_end_latency,510,1037.0
end_to_end_latency,511,986.0
end_to_end_latency,512,936.0
end_to_end_latency,513,1479.0
end_to_end_latency,514,1430.0
end_to_end_latency,515,1379.0
end_to_end_latency,516,1329.0
end_to_end_latency,517,1778.0
end_to_end_latency,518,1729.0
end_to_end_latency,519,1677.0
end_to_end_latency,520,1628.0
end_to_end_latency,521,1577.0
end_to_end_latency,522,1528.0
end_to_end_latency,523,1478.0
end_to_end_latency,524,1429.0
end_to_end_latency,525,1380.0
end_to_end_latency,526,1329.0
end_to_end_latency,527,1279.0
end_to_end_latency,528,2128.0
end_to_end_latency,529,2078.0
end_to_end_latency,530,2029.0
end_to_end_latency,531,1979.0
end_to_end_latency,532,1929.0
end_to_end_latency,533,1879.0
end_to_end_latency,534,1829.0
end_to_end_latency,535,1779.0
end_to_end_latency,536,1730.0
end_to_end_latency,537,1679.0
end_to_end_latency,538,1629.0
end_to_end_latency,539,1580.0
end_to_end_latency,540,1529.0
end_to_end_latency,541,1480.0
end_to_end_latency,542,1430.0
end_to_end_latency,543,1380.0
end_to_end_latency,544,1330.0
end_to_end_latency,545,1279.0
end_to_end_latency,546,1230.0
end_to_end_latency,547,1180.0
end_to_end_latency,548,1130.0
end_to_end_latency,549,1080.0
end_to_end_latency,550,1030.0
end_to_end_latency,551,1263.0
end_to_end_latency,552,1213.0
end_to_end_latency,553,1163.0
end_to_end_latency,554,1113.0
end_to_end_latency,555,1064.0
end_to_end_latency,556,1014.0
end_to_end_latency,557,964.0
end_to_end_latency,558,913.0
end_to_end_latency,559,1300.0
end_to_end_latency,560,1249.0
end_to_end_latency,561,1200.0
end_to_end_latency,562,1149.0
end_to_end_latency,563,1099.0
end_to_end_latency,564,1051.0
end_to_end_latency,565,1001.0
end_to_end_latency,566,951.0
end_to_end_latency,567,900.0
end_to_end_latency,568,1331.0
end_to_end_latency,569,1281.0
end_to_end_latency,570,1231.0
end_to_end_latency,571,1181.0
end_to_end_latency,572,1131.0
end_to_end_latency,573,1081.0
end_to_end_latency,574,1949.0
end_to_end_latency,575,1900.0
end_to_end_latency,576,1850.0
end_to_end_latency,577,1800.0
end_to_end_latency,578,1750.0
end_to_end_latency,579,1701.0
end_to_end_latency,580,1650.0
end_to_end_latency,581,1600.0
end_to_end_latency,582,1551.0
end_to_end_latency,583,1500.0
end_to_end_latency,584,1451.0
end_to_end_latency,585,1400.0
end_to_end_latency,586,1351.0
end_to_end_latency,587,1301.0
end_to_end_latency,588,1250.0
end_to_end_latency,589,1201.0
end_to_end_latency,590,1150.0
end_to_end_latency,591,1101.0
end_to_end_latency,0,1995.0
end_to_end_latency,1,1946.0
end_to_end_latency,2,1896.0
end_to_end_latency,3,1845.0
end_to_end_latency,4,1796.0
end_to_end_latency,5,1745.0
end_to_end_latency,18,1707.0
end_to_end_latency,19,1656.0
end_to_end_latency,20,1607.0
end_to_end_latency,21,1557.0
end_to_end_latency,26,1621.0
end_to_end_latency,27,1572.0
end_to_end_latency,28,1522.0
end_to_end_latency,29,1471.0
end_to_end_latency,30,1422.0
end_to_end_latency,31,1371.0
end_to_end_latency,37,1542.0
end_to_end_latency,38,1491.0
end_to_end_latency,39,1441.0
end_to_end_latency,40,1391.0
end_to_end_latency,41,1341.0
end_to_end_latency,42,1291.0
end_to_end_latency,47,1043.0
end_to_end_latency,48,992.0
end_to_end_latency,49,942.0
end_to_end_latency,50,893.0
end_to_end_latency,55,1630.0
end_to_end_latency,56,1580.0
end_to_end_latency,57,1530.0
end_to_end_latency,58,1480.0
end_to_end_latency,65,1606.0
end_to_end_latency,66,1557.0
end_to_end_latency,67,1506.0
end_to_end_latency,68,1456.0
end_to_end_latency,76,1056.0
end_to_end_latency,77,1007.0
end_to_end_latency,78,956.0
end_to_end_latency,79,906.0
end_to_end_latency,84,1159.0
end_to_end_latency,85,1109.0
end_to_end_latency,86,1059.0
end_to_end_latency,87,1009.0
end_to_end_latency,88,959.0
end_to_end_latency,89,909.0
end_to_end_latency,94,1274.0
end_to_end_latency,95,1224.0
end_to_end_latency,96,1174.0
end_to_end_latency,97,1124.0
end_to_end_latency,98,1074.0
end_to_end_latency,99,1024.0
end_to_end_latency,104,1600.0
end_to_end_latency,105,1550.0
end_to_end_latency,106,1500.0
end_to_end_latency,107,1450.0
end_to_end_latency,108,1401.0
end_to_end_latency,115,1051.0
end_to_end_latency,116,1001.0
end_to_end_latency,117,951.0
end_to_end_latency,118,901.0
end_to_end_latency,124,1622.0
end_to_end_latency,125,1572.0
end_to_end_latency,126,1522.0
end_to_end_latency,127,1472.0
end_to_end_latency,128,1421.0
end_to_end_latency,129,1372.0
end_to_end_latency,133,1172.0
end_to_end_latency,134,1122.0
end_to_end_latency,135,1072.0
end_to_end_latency,136,1022.0
end_to_end_latency,137,972.0
end_to_end_latency,138,922.0
end_to_end_latency,144,1122.0
end_to_end_latency,145,1073.0
end_to_end_latency,146,1023.0
end_to_end_latency,147,973.0
end_to_end_latency,148,923.0
end_to_end_latency,154,1598.0
end_to_end_latency,155,1548.0
end_to_end_latency,156,1498.0
end_to_end_latency,157,1448.0
end_to_end_latency,158,1398.0
end_to_end_latency,164,1099.0
end_to_end_latency,165,1049.0
end_to_end_latency,166,998.0
end_to_end_latency,167,949.0
end_to_end_latency,172,1723.0
end_to_end_latency,173,1673.0
end_to_end_latency,174,1624.0
end_to_end_latency,175,1573.0
end_to_end_latency,176,1523.0
end_to_end_latency,177,1474.0
end_to_end_latency,178,1423.0
end_to_end_latency,183,1174.0
end_to_end_latency,184,1124.0
end_to_end_latency,185,1074.0
end_to_end_latency,186,1024.0
end_to_end_latency,193,1137.0
end_to_end_latency,194,1087.0
end_to_end_latency,195,1036.0
end_to_end_latency,196,987.0
end_to_end_latency,204,1715.0
end_to_end_latency,205,1666.0
end_to_end_latency,206,1616.0
end_to_end_latency,207,1566.0
end_to_end_latency,208,1515.0
end_to_end_latency,212,1317.0
end_to_end_latency,213,1267.0
end_to_end_latency,214,1217.0
end_to_end_latency,215,1167.0
end_to_end_latency,216,1117.0
end_to_end_latency,217,1067.0
end_to_end_latency,222,1122.0
end_to_end_latency,223,1072.0
end_to_end_latency,224,1022.0
end_to_end_latency,225,972.0
end_to_end_latency,226,922.0
end_to_end_latency,232,1083.0
end_to_end_latency,233,1034.0
end_to_end_latency,234,984.0
end_to_end_latency,235,933.0
end_to_end_latency,241,1258.0
end_to_end_latency,242,1207.0
end_to_end_latency,243,1158.0
end_to_end_latency,244,1108.0
end_to_end_latency,245,1058.0
end_to_end_latency,246,1007.0
end_to_end_latency,250,1773.0
end_to_end_latency,251,1724.0
end_to_end_latency,252,1673.0
end_to_end_latency,253,1624.0
end_to_end_latency,254,1574.0
end_to_end_latency,261,1224.0
end_to_end_latency,262,1175.0
end_to_end_latency,263,1124.0
end_to_end_latency,270,1080.0
end_to_end_latency,271,1031.0
end_to_end_latency,272,980.0
end_to_end_latency,273,931.0
end_to_end_latency,274,881.0
end_to_end_latency,279,1583.0
end_to_end_latency,280,1533.0
end_to_end_latency,281,1482.0
end_to_end_latency,282,1433.0
end_to_end_latency,290,1034.0
end_to_end_latency,291,984.0
end_to_end_latency,292,933.0
end_to_end_latency,293,884.0
end_to_end_latency,298,1782.0
end_to_end_latency,299,1731.0
end_to_end_latency,300,1682.0
end_to_end_latency,301,1633.0
end_to_end_latency,302,1583.0
end_to_end_latency,303,1532.0
end_to_end_latency,308,1284.0
end_to_end_latency,309,1235.0
end_to_end_latency,310,1184.0
end_to_end_latency,311,1134.0
end_to_end_latency,317,1075.0
end_to_end_latency,318,1025.0
end_to_end_latency,319,976.0
end_to_end_latency,320,925.0
end_to_end_latency,327,1085.0
end_to_end_latency,328,1036.0
end_to_end_latency,329,986.0
end_to_end_latency,330,935.0
end_to_end_latency,335,1125.0
end_to_end_latency,336,1076.0
end_to_end_latency,337,1025.0
end_to_end_latency,338,975.0
end_to_end_latency,339,925.0
end_to_end_latency,340,876.0
end_to_end_latency,346,1678.0
end_to_end_latency,347,1628.0
end_to_end_latency,348,1579.0
end_to_end_latency,349,1528.0
end_to_end_latency,354,1279.0
end_to_end_latency,355,1229.0
end_to_end_latency,356,1180.0
end_to_end_latency,357,1130.0
end_to_end_latency,358,1080.0
end_to_end_latency,359,1030.0
end_to_end_latency,364,1092.0
end_to_end_latency,365,1042.0
end_to_end_latency,366,993.0
end_to_end_latency,367,942.0
end_to_end_latency,374,1538.0
end_to_end_latency,375,1488.0
end_to_end_latency,376,1439.0
end_to_end_latency,377,1388.0
end_to_end_latency,383,1088.0
end_to_end_latency,384,1038.0
end_to_end_latency,385,988.0
end_to_end_latency,386,938.0
end_to_end_latency,392,1545.0
end_to_end_latency,393,1495.0
end_to_end_latency,394,1445.0
end_to_end_latency,395,1395.0
end_to_end_latency,402,1046.0
end_to_end_latency,403,996.0
end_to_end_latency,404,946.0
end_to_end_latency,405,896.0
end_to_end_latency,406,847.0
end_to_end_latency,411,1220.0
end_to_end_latency,412,1170.0
end_to_end_latency,413,1120.0
end_to_end_latency,414,1070.0
end_to_end_latency,420,1716.0
end_to_end_latency,421,1666.0
end_to_end_latency,422,1616.0
end_to_end_latency,423,1566.0
end_to_end_latency,429,2236.0
end_to_end_latency,430,2186.0
end_to_end_latency,431,2136.0
end_to_end_latency,432,2086.0
end_to_end_latency,433,2035.0
end_to_end_latency,438,1787.0
end_to_end_latency,439,1737.0
end_to_end_latency,440,1687.0
end_to_end_latency,441,1637.0
end_to_end_latency,442,1587.0
end_to_end_latency,443,1537.0
end_to_end_latency,447,1338.0
end_to_end_latency,448,1288.0
end_to_end_latency,449,1238.0
end_to_end_latency,450,1188.0
end_to_end_latency,451,1138.0
end_to_end_latency,452,1088.0
end_to_end_latency,458,1092.0
end_to_end_latency,459,1042.0
end_to_end_latency,460,992.0
end_to_end_latency,461,942.0
end_to_end_latency,466,1172.0
end_to_end_latency,467,1122.0
end_to_end_latency,468,1072.0
end_to_end_latency,469,1022.0
end_to_end_latency,470,971.0
end_to_end_latency,477,1277.0
end_to_end_latency,478,1227.0
end_to_end_latency,479,1177.0
end_to_end_latency,480,1127.0
end_to_end_latency,481,1077.0
end_to_end_latency,486,1618.0
end_to_end_latency,487,1568.0
end_to_end_latency,488,1518.0
end_to_end_latency,489,1469.0
end_to_end_latency,490,1418.0
end_to_end_latency,491,1368.0
end_to_end_latency,496,1119.0
end_to_end_latency,497,1069.0
end_to_end_latency,498,1019.0
end_to_end_latency,499,970.0
end_to_end_latency,500,919.0
end_to_end_latency,505,1161.0
end_to_end_latency,506,1110.0
end_to_end_latency,507,1060.0
end_to_end_latency,508,1010.0
end_to_end_latency,509,961.0
end_to_end_latency,514,1801.0
end_to_end_latency,515,1752.0
end_to_end_latency,516,1702.0
end_to_end_latency,517,1651.0
end_to_end_latency,518,1602.0
end_to_end_latency,519,1552.0
end_to_end_latency,524,1302.0
end_to_end_latency,525,1253.0
end_to_end_latency,526,1203.0
end_to_end_latency,527,1153.0
end_to_end_latency,533,1753.0
end_to_end_latency,534,1703.0
end_to_end_latency,535,1652.0
end_to_end_latency,536,1603.0
end_to_end_latency,537,1552.0
end_to_end_latency,538,1503.0
end_to_end_latency,543,1254.0
end_to_end_latency,544,1204.0
end_to_end_latency,545,1154.0
end_to_end_latency,546,1104.0
end_to_end_latency,547,1053.0
end_to_end_latency,554,986.0
end_to_end_latency,555,937.0
end_to_end_latency,556,887.0
end_to_end_latency,562,1024.0
end_to_end_latency,563,974.0
end_to_end_latency,564,924.0
end_to_end_latency,565,874.0
end_to_end_latency,571,1055.0
end_to_end_latency,572,1005.0
end_to_end_latency,573,956.0
end_to_end_latency,574,905.0
end_to_end_latency,575,855.0
end_to_end_latency,580,1525.0
end_to_end_latency,581,1475.0
end_to_end_latency,582,1425.0
end_to_end_latency,583,1375.0
end_to_end_latency,590,1025.0
end_to_end_latency,591,976.0
end_to_end_latency,592,925.0
end_to_end_latency,593,876.0
end_to_end_latency,0,2020.0
end_to_end_latency,1,1969.0
end_to_end_latency,2,1920.0
end_to_end_latency,3,1870.0
end_to_end_latency,4,2431.0
end_to_end_latency,5,2381.0
end_to_end_latency,6,2331.0
end_to_end_latency,7,2281.0
end_to_end_latency,8,2231.0
end_to_end_latency,9,2496.0
end_to_end_latency,10,2447.0
end_to_end_latency,11,2396.0
end_to_end_latency,12,2346.0
end_to_end_latency,13,2297.0
end_to_end_latency,14,2715.0
end_to_end_latency,15,2666.0
end_to_end_latency,16,2616.0
end_to_end_latency,17,2566.0
end_to_end_latency,18,2516.0
end_to_end_latency,19,3454.0
end_to_end_latency,20,3404.0
end_to_end_latency,21,3355.0
end_to_end_latency,22,3304.0
end_to_end_latency,23,3255.0
end_to_end_latency,24,3205.0
end_to_end_latency,25,3155.0
end_to_end_latency,26,3105.0
end_to_end_latency,32,3781.0
end_to_end_latency,33,3732.0
end_to_end_latency,34,3681.0
end_to_end_latency,35,3632.0
end_to_end_latency,36,3582.0
end_to_end_latency,37,3532.0
end_to_end_latency,38,3483.0
end_to_end_latency,39,4049.0
end_to_end_latency,40,3999.0
end_to_end_latency,41,4774.0
end_to_end_latency,42,4725.0
end_to_end_latency,43,4676.0
end_to_end_latency,44,4626.0
end_to_end_latency,45,4575.0
end_to_end_latency,46,4526.0
end_to_end_latency,47,4476.0
end_to_end_latency,48,4425.0
end_to_end_latency,54,4819.0
end_to_end_latency,55,4768.0
end_to_end_latency,56,4719.0
end_to_end_latency,57,4669.0
end_to_end_latency,58,4618.0
end_to_end_latency,59,4897.0
end_to_end_latency,60,4846.0
end_to_end_latency,61,4796.0
end_to_end_latency,62,5247.0
end_to_end_latency,63,5196.0
end_to_end_latency,64,5146.0
end_to_end_latency,65,5097.0
end_to_end_latency,66,5046.0
end_to_end_latency,67,4998.0
end_to_end_latency,68,4948.0
end_to_end_latency,69,4898.0
end_to_end_latency,70,4848.0
end_to_end_latency,71,4798.0
end_to_end_latency,72,4747.0
end_to_end_latency,73,5673.0
end_to_end_latency,74,5622.0
end_to_end_latency,75,5572.0
end_to_end_latency,76,5523.0
end_to_end_latency,77,5472.0
end_to_end_latency,78,5423.0
end_to_end_latency,79,5372.0
end_to_end_latency,85,5563.0
end_to_end_latency,86,5513.0
end_to_end_latency,87,5998.0
end_to_end_latency,88,5948.0
end_to_end_latency,89,5898.0
end_to_end_latency,90,5848.0
end_to_end_latency,91,5797.0
end_to_end_latency,92,5747.0
end_to_end_latency,93,5698.0
end_to_end_latency,94,5647.0
end_to_end_latency,95,5598.0
end_to_end_latency,96,5548.0
end_to_end_latency,97,5498.0
end_to_end_latency,98,5447.0
end_to_end_latency,99,5862.0
end_to_end_latency,100,5811.0
end_to_end_latency,101,5763.0
end_to_end_latency,102,5712.0
end_to_end_latency,103,5662.0
end_to_end_latency,104,5613.0
end_to_end_latency,105,5562.0
end_to_end_latency,106,5513.0
end_to_end_latency,107,6590.0
end_to_end_latency,108,6539.0
end_to_end_latency,109,6489.0
end_to_end_latency,110,6440.0
end_to_end_latency,111,6390.0
end_to_end_latency,112,6340.0
end_to_end_latency,113,6291.0
end_to_end_latency,114,6240.0
end_to_end_latency,115,6191.0
end_to_end_latency,116,6140.0
end_to_end_latency,117,6091.0
end_to_end_latency,118,6347.0
end_to_end_latency,119,6296.0
end_to_end_latency,120,6247.0
end_to_end_latency,121,6196.0
end_to_end_latency,122,6147.0
end_to_end_latency,123,6096.0
end_to_end_latency,124,6046.0
end_to_end_latency,125,5997.0
end_to_end_latency,126,5946.0
end_to_end_latency,127,5897.0
end_to_end_latency,128,6307.0
end_to_end_latency,129,6257.0
end_to_end_latency,130,6207.0
end_to_end_latency,131,6782.0
end_to_end_latency,132,6731.0
end_to_end_latency,133,6682.0
end_to_end_latency,134,6631.0
end_to_end_latency,135,6581.0
end_to_end_latency,136,6531.0
end_to_end_latency,137,6481.0
end_to_end_latency,138,6432.0
end_to_end_latency,139,6381.0
end_to_end_latency,140,6332.0
end_to_end_latency,141,6281.0
end_to_end_latency,142,6232.0
end_to_end_latency,143,6181.0
end_to_end_latency,144,6132.0
end_to_end_latency,145,6082.0
end_to_end_latency,146,6032.0
end_to_end_latency,147,5983.0
end_to_end_latency,148,5932.0
end_to_end_latency,149,5883.0
end_to_end_latency,150,5832.0
end_to_end_latency,151,6748.0
end_to_end_latency,152,6699.0
end_to_end_latency,153,6648.0
end_to_end_latency,154,6599.0
end_to_end_latency,155,6548.0
end_to_end_latency,156,6498.0
end_to_end_latency,157,6448.0
end_to_end_latency,158,6398.0
end_to_end_latency,159,6348.0
end_to_end_latency,160,6300.0
end_to_end_latency,161,6249.0
end_to_end_latency,162,6199.0
end_to_end_latency,163,6150.0
end_to_end_latency,164,6099.0
end_to_end_latency,165,6050.0
end_to_end_latency,166,5999.0
end_to_end_latency,167,5949.0
end_to_end_latency,168,5900.0
end_to_end_latency,169,5849.0
end_to_end_latency,170,5799.0
end_to_end_latency,171,5750.0
end_to_end_latency,172,5699.0
end_to_end_latency,173,5650.0
end_to_end_latency,174,5600.0
end_to_end_latency,175,5550.0
end_to_end_latency,176,5805.0
end_to_end_latency,177,5754.0
end_to_end_latency,178,5705.0
end_to_end_latency,179,5655.0
end_to_end_latency,180,5604.0
end_to_end_latency,181,5555.0
end_to_end_latency,182,5992.0
end_to_end_latency,183,5941.0
end_to_end_latency,184,5891.0
end_to_end_latency,185,5841.0
end_to_end_latency,186,5791.0
end_to_end_latency,187,5741.0
end_to_end_latency,188,5691.0
end_to_end_latency,189,5642.0
end_to_end_latency,190,5591.0
end_to_end_latency,191,5541.0
end_to_end_latency,192,5491.0
end_to_end_latency,193,5441.0
end_to_end_latency,194,5391.0
end_to_end_latency,195,5341.0
end_to_end_latency,196,5291.0
end_to_end_latency,197,5241.0
end_to_end_latency,198,5191.0
end_to_end_latency,199,5142.0
end_to_end_latency,200,5092.0
end_to_end_latency,201,5041.0
end_to_end_latency,202,4992.0
end_to_end_latency,203,4941.0
end_to_end_latency,204,4891.0
end_to_end_latency,271,3156.0
end_to_end_latency,272,3106.0
end_to_end_latency,273,3056.0
end_to_end_latency,274,3005.0
end_to_end_latency,275,2956.0
end_to_end_latency,276,2906.0
end_to_end_latency,277,2856.0
end_to_end_latency,278,2806.0
end_to_end_latency,279,2756.0
end_to_end_latency,280,2706.0
end_to_end_latency,281,2656.0
end_to_end_latency,282,2606.0
end_to_end_latency,283,2556.0
end_to_end_latency,284,2506.0
end_to_end_latency,285,2456.0
end_to_end_latency,286,2406.0
end_to_end_latency,287,2356.0
end_to_end_latency,288,2305.0
end_to_end_latency,289,2255.0
end_to_end_latency,290,2206.0
end_to_end_latency,291,2156.0
end_to_end_latency,292,2106.0
end_to_end_latency,293,2056.0
end_to_end_latency,294,2006.0
end_to_end_latency,295,1956.0
end_to_end_latency,296,1907.0
end_to_end_latency,297,1857.0
end_to_end_latency,298,1808.0
end_to_end_latency,299,1758.0
end_to_end_latency,300,1708.0
end_to_end_latency,301,1658.0
end_to_end_latency,302,1608.0
end_to_end_latency,303,1559.0
end_to_end_latency,304,1509.0
end_to_end_latency,305,1459.0
end_to_end_latency,306,1409.0
end_to_end_latency,307,1600.0
end_to_end_latency,308,1550.0
end_to_end_latency,309,1499.0
end_to_end_latency,310,1450.0
end_to_end_latency,311,1399.0
end_to_end_latency,312,1350.0
end_to_end_latency,313,1300.0
end_to_end_latency,314,1250.0
end_to_end_latency,315,1199.0
end_to_end_latency,316,1149.0
end_to_end_latency,317,1100.0
end_to_end_latency,318,1051.0
end_to_end_latency,319,1001.0
end_to_end_latency,320,951.0
end_to_end_latency,321,900.0
end_to_end_latency,322,1360.0
end_to_end_latency,323,1310.0
end_to_end_latency,324,1260.0
end_to_end_latency,325,1210.0
end_to_end_latency,326,1159.0
end_to_end_latency,327,1110.0
end_to_end_latency,328,1500.0
end_to_end_latency,329,1450.0
end_to_end_latency,330,1400.0
end_to_end_latency,331,1350.0
end_to_end_latency,332,1300.0
end_to_end_latency,333,1249.0
end_to_end_latency,334,1200.0
end_to_end_latency,335,1149.0
end_to_end_latency,336,1100.0
end_to_end_latency,337,2152.0
end_to_end_latency,338,2103.0
end_to_end_latency,339,2053.0
end_to_end_latency,340,2002.0
end_to_end_latency,341,1953.0
end_to_end_latency,342,1903.0
end_to_end_latency,343,1852.0
end_to_end_latency,344,1803.0
end_to_end_latency,345,1753.0
end_to_end_latency,346,1703.0
end_to_end_latency,347,1653.0
end_to_end_latency,348,1603.0
end_to_end_latency,349,1553.0
end_to_end_latency,350,1502.0
end_to_end_latency,351,1454.0
end_to_end_latency,352,1404.0
end_to_end_latency,353,1353.0
end_to_end_latency,354,1304.0
end_to_end_latency,355,1254.0
end_to_end_latency,356,1516.0
end_to_end_latency,357,1466.0
end_to_end_latency,358,1416.0
end_to_end_latency,359,1366.0
end_to_end_latency,360,1316.0
end_to_end_latency,361,1266.0
end_to_end_latency,362,1216.0
end_to_end_latency,363,1165.0
end_to_end_latency,364,1116.0
end_to_end_latency,365,1066.0
end_to_end_latency,366,1016.0
end_to_end_latency,367,967.0
end_to_end_latency,368,917.0
end_to_end_latency,369,866.0
end_to_end_latency,370,1283.0
end_to_end_latency,371,1232.0
end_to_end_latency,372,1182.0
end_to_end_latency,373,1613.0
end_to_end_latency,374,1562.0
end_to_end_latency,375,1512.0
end_to_end_latency,376,1462.0
end_to_end_latency,377,1412.0
end_to_end_latency,378,1362.0
end_to_end_latency,379,1312.0
end_to_end_latency,380,1263.0
end_to_end_latency,381,1212.0
end_to_end_latency,382,1163.0
end_to_end_latency,383,1112.0
end_to_end_latency,384,1063.0
end_to_end_latency,385,1014.0
end_to_end_latency,386,963.0
end_to_end_latency,387,914.0
end_to_end_latency,388,1768.0
end_to_end_latency,389,1718.0
end_to_end_latency,390,1668.0
end_to_end_latency,391,1619.0
end_to_end_latency,392,1569.0
end_to_end_latency,393,1520.0
end_to_end_latency,394,1469.0
end_to_end_latency,395,1419.0
end_to_end_latency,396,1370.0
end_to_end_latency,397,1319.0
end_to_end_latency,398,1269.0
end_to_end_latency,399,1220.0
end_to_end_latency,400,1169.0
end_to_end_latency,401,1120.0
end_to_end_latency,402,1694.0
end_to_end_latency,403,1644.0
end_to_end_latency,404,1594.0
end_to_end_latency,405,1543.0
end_to_end_latency,406,1493.0
end_to_end_latency,407,1444.0
end_to_end_latency,408,1394.0
end_to_end_latency,409,1344.0
end_to_end_latency,410,1295.0
end_to_end_latency,411,1245.0
end_to_end_latency,412,1194.0
end_to_end_latency,413,1144.0
end_to_end_latency,414,1094.0
end_to_end_latency,415,1044.0
end_to_end_latency,416,1304.0
end_to_end_latency,417,1255.0
end_to_end_latency,418,1204.0
end_to_end_latency,419,1154.0
end_to_end_latency,420,1740.0
end_to_end_latency,421,1690.0
end_to_end_latency,422,1640.0
end_to_end_latency,423,1591.0
end_to_end_latency,424,1541.0
end_to_end_latency,425,1491.0
end_to_end_latency,426,1441.0
end_to_end_latency,427,1390.0
end_to_end_latency,428,1340.0
end_to_end_latency,429,1290.0
end_to_end_latency,430,1241.0
end_to_end_latency,431,2160.0
end_to_end_latency,432,2111.0
end_to_end_latency,433,2060.0
end_to_end_latency,434,2010.0
end_to_end_latency,435,1960.0
end_to_end_latency,436,1910.0
end_to_end_latency,437,1860.0
end_to_end_latency,438,1810.0
end_to_end_latency,439,1761.0
end_to_end_latency,440,1711.0
end_to_end_latency,441,1662.0
end_to_end_latency,442,1612.0
end_to_end_latency,443,1563.0
end_to_end_latency,444,1513.0
end_to_end_latency,445,1463.0
end_to_end_latency,446,1412.0
end_to_end_latency,447,1363.0
end_to_end_latency,448,1312.0
end_to_end_latency,449,1566.0
end_to_end_latency,450,1516.0
end_to_end_latency,451,1467.0
end_to_end_latency,452,1416.0
end_to_end_latency,453,1366.0
end_to_end_latency,454,1317.0
end_to_end_latency,455,1267.0
end_to_end_latency,456,1217.0
end_to_end_latency,457,1166.0
end_to_end_latency,458,1117.0
end_to_end_latency,459,1067.0
end_to_end_latency,460,1017.0
end_to_end_latency,461,967.0
end_to_end_latency,462,1396.0
end_to_end_latency,463,1346.0
end_to_end_latency,464,1295.0
end_to_end_latency,465,1246.0
end_to_end_latency,466,1196.0
end_to_end_latency,467,1146.0
end_to_end_latency,468,1749.0
end_to_end_latency,469,1701.0
end_to_end_latency,470,1650.0
end_to_end_latency,471,1600.0
end_to_end_latency,472,1551.0
end_to_end_latency,473,1501.0
end_to_end_latency,474,1452.0
end_to_end_latency,475,1401.0
end_to_end_latency,476,1351.0
end_to_end_latency,477,2092.0
end_to_end_latency,478,2043.0
end_to_end_latency,479,1992.0
end_to_end_latency,480,1943.0
end_to_end_latency,481,1893.0
end_to_end_latency,482,1843.0
end_to_end_latency,483,1792.0
end_to_end_latency,484,1742.0
end_to_end_latency,485,1692.0
end_to_end_latency,486,1643.0
end_to_end_latency,487,1593.0
end_to_end_latency,488,1544.0
end_to_end_latency,489,1493.0
end_to_end_latency,490,1443.0
end_to_end_latency,491,1394.0
end_to_end_latency,492,1343.0
end_to_end_latency,493,1294.0
end_to_end_latency,494,1243.0
end_to_end_latency,495,1193.0
end_to_end_latency,496,1143.0
end_to_end_latency,497,1094.0
end_to_end_latency,498,1045.0
end_to_end_latency,499,995.0
end_to_end_latency,500,944.0
end_to_end_latency,501,1383.0
end_to_end_latency,502,1333.0
end_to_end_latency,503,1284.0
end_to_end_latency,504,1234.0
end_to_end_latency,505,1185.0
end_to_end_latency,506,1727.0
end_to_end_latency,507,1676.0
end_to_end_latency,508,1626.0
end_to_end_latency,509,1576.0
end_to_end_latency,510,1526.0
end_to_end_latency,511,1477.0
end_to_end_latency,512,1427.0
end_to_end_latency,513,1377.0
end_to_end_latency,514,1327.0
end_to_end_latency,515,1278.0
end_to_end_latency,516,1727.0
end_to_end_latency,517,1675.0
end_to_end_latency,518,1626.0
end_to_end_latency,519,1576.0
end_to_end_latency,520,1526.0
end_to_end_latency,521,1476.0
end_to_end_latency,522,1426.0
end_to_end_latency,523,1377.0
end_to_end_latency,524,1326.0
end_to_end_latency,525,2177.0
end_to_end_latency,526,2127.0
end_to_end_latency,527,2077.0
end_to_end_latency,528,2028.0
end_to_end_latency,529,1978.0
end_to_end_latency,530,1927.0
end_to_end_latency,531,1877.0
end_to_end_latency,532,1827.0
end_to_end_latency,533,1777.0
end_to_end_latency,534,1727.0
end_to_end_latency,535,1679.0
end_to_end_latency,536,1627.0
end_to_end_latency,537,1577.0
end_to_end_latency,538,1528.0
end_to_end_latency,539,1477.0
end_to_end_latency,540,1428.0
end_to_end_latency,541,1378.0
end_to_end_latency,542,1328.0
end_to_end_latency,543,1278.0
end_to_end_latency,544,1510.0
end_to_end_latency,545,1461.0
end_to_end_latency,546,1411.0
end_to_end_latency,547,1361.0
end_to_end_latency,548,1311.0
end_to_end_latency,549,1260.0
end_to_end_latency,550,1211.0
end_to_end_latency,551,1160.0
end_to_end_latency,552,1111.0
end_to_end_latency,553,1061.0
end_to_end_latency,554,1448.0
end_to_end_latency,555,1398.0
end_to_end_latency,556,1348.0
end_to_end_latency,557,1298.0
end_to_end_latency,558,1248.0
end_to_end_latency,559,1198.0
end_to_end_latency,560,1148.0
end_to_end_latency,561,1098.0
end_to_end_latency,562,1048.0
end_to_end_latency,563,998.0
end_to_end_latency,564,1429.0
end_to_end_latency,565,1380.0
end_to_end_latency,566,1330.0
end_to_end_latency,567,1279.0
end_to_end_latency,568,1230.0
end_to_end_latency,569,1181.0
end_to_end_latency,570,1130.0
end_to_end_latency,571,1080.0
end_to_end_latency,572,1030.0
end_to_end_latency,573,979.0
end_to_end_latency,574,929.0
end_to_end_latency,575,880.0
end_to_end_latency,576,830.0
end_to_end_latency,577,1698.0
end_to_end_latency,578,1648.0
end_to_end_latency,579,1598.0
end_to_end_latency,580,1549.0
end_to_end_latency,581,1498.0
end_to_end_latency,582,1449.0
end_to_end_latency,583,1399.0
end_to_end_latency,584,1348.0
end_to_end_latency,585,1299.0
end_to_end_latency,586,1248.0
end_to_end_latency,587,1199.0
end_to_end_latency,588,1149.0
end_to_end_latency,589,1099.0
end_to_end_latency,3,1987.0
end_to_end_latency,4,1938.0
end_to_end_latency,5,1887.0
end_to_end_latency,6,1837.0
end_to_end_latency,7,1788.0
end_to_end_latency,8,1737.0
end_to_end_latency,9,1688.0
end_to_end_latency,10,1637.0
end_to_end_latency,20,1139.0
end_to_end_latency,21,1089.0
end_to_end_latency,22,1038.0
end_to_end_latency,23,989.0
end_to_end_latency,24,938.0
end_to_end_latency,25,888.0
end_to_end_latency,30,1564.0
end_to_end_latency,31,1514.0
end_to_end_latency,32,1464.0
end_to_end_latency,33,1414.0
end_to_end_latency,40,1534.0
end_to_end_latency,41,1483.0
end_to_end_latency,42,1433.0
end_to_end_latency,43,1383.0
end_to_end_latency,44,1333.0
end_to_end_latency,49,1085.0
end_to_end_latency,50,1035.0
end_to_end_latency,51,984.0
end_to_end_latency,52,934.0
end_to_end_latency,57,1673.0
end_to_end_latency,58,1622.0
end_to_end_latency,59,1572.0
end_to_end_latency,60,1522.0
end_to_end_latency,61,1473.0
end_to_end_latency,62,1423.0
end_to_end_latency,63,1372.0
end_to_end_latency,68,1124.0
end_to_end_latency,69,1074.0
end_to_end_latency,70,1023.0
end_to_end_latency,71,973.0
end_to_end_latency,77,1149.0
end_to_end_latency,78,1098.0
end_to_end_latency,79,1048.0
end_to_end_latency,80,999.0
end_to_end_latency,81,949.0
end_to_end_latency,88,1100.0
end_to_end_latency,89,1051.0
end_to_end_latency,90,1001.0
end_to_end_latency,91,950.0
end_to_end_latency,97,2093.0
end_to_end_latency,98,2041.0
end_to_end_latency,99,1993.0
end_to_end_latency,100,1942.0
end_to_end_latency,101,1893.0
end_to_end_latency,106,1642.0
end_to_end_latency,107,1593.0
end_to_end_latency,108,1543.0
end_to_end_latency,109,1492.0
end_to_end_latency,110,1442.0
end_to_end_latency,111,1392.0
end_to_end_latency,112,1342.0
end_to_end_latency,116,1144.0
end_to_end_latency,117,1094.0
end_to_end_latency,118,1044.0
end_to_end_latency,119,993.0
end_to_end_latency,120,943.0
end_to_end_latency,127,1614.0
end_to_end_latency,128,1564.0
end_to_end_latency,129,1515.0
end_to_end_latency,130,1465.0
end_to_end_latency,135,1214.0
end_to_end_latency,136,1164.0
end_to_end_latency,137,1114.0
end_to_end_latency,138,1064.0
end_to_end_latency,139,1014.0
end_to_end_latency,140,964.0
end_to_end_latency,146,1165.0
end_to_end_latency,147,1115.0
end_to_end_latency,148,1066.0
end_to_end_latency,149,1016.0
end_to_end_latency,150,965.0
end_to_end_latency,156,1640.0
end_to_end_latency,157,1590.0
end_to_end_latency,158,1539.0
end_to_end_latency,159,1490.0
end_to_end_latency,160,1440.0
end_to_end_latency,161,1390.0
end_to_end_latency,166,1141.0
end_to_end_latency,167,1092.0
end_to_end_latency,168,1042.0
end_to_end_latency,169,991.0
end_to_end_latency,170,941.0
end_to_end_latency,176,1132.0
end_to_end_latency,177,1081.0
end_to_end_latency,178,1031.0
end_to_end_latency,179,981.0
end_to_end_latency,187,1579.0
end_to_end_latency,188,1529.0
end_to_end_latency,189,1479.0
end_to_end_latency,190,1429.0
end_to_end_latency,195,1179.0
end_to_end_latency,196,1129.0
end_to_end_latency,197,1079.0
end_to_end_latency,198,1030.0
end_to_end_latency,199,979.0
end_to_end_latency,200,929.0
end_to_end_latency,206,1758.0
end_to_end_latency,207,1708.0
end_to_end_latency,208,1658.0
end_to_end_latency,209,1608.0
end_to_end_latency,210,1557.0
end_to_end_latency,215,1309.0
end_to_end_latency,216,1259.0
end_to_end_latency,217,1209.0
end_to_end_latency,218,1159.0
end_to_end_latency,226,1064.0
end_to_end_latency,227,1014.0
end_to_end_latency,228,963.0
end_to_end_latency,229,914.0
end_to_end_latency,234,1126.0
end_to_end_latency,235,1076.0
end_to_end_latency,236,1026.0
end_to_end_latency,237,976.0
end_to_end_latency,238,926.0
end_to_end_latency,239,876.0
end_to_end_latency,244,1248.0
end_to_end_latency,245,1199.0
end_to_end_latency,246,1149.0
end_to_end_latency,247,1099.0
end_to_end_latency,248,1049.0
end_to_end_latency,252,1816.0
end_to_end_latency,253,1766.0
end_to_end_latency,254,1716.0
end_to_end_latency,255,1665.0
end_to_end_latency,256,1616.0
end_to_end_latency,257,1566.0
end_to_end_latency,258,1516.0
end_to_end_latency,263,1267.0
end_to_end_latency,264,1217.0
end_to_end_latency,265,1167.0
end_to_end_latency,266,1117.0
end_to_end_latency,273,1559.0
end_to_end_latency,274,1508.0
end_to_end_latency,275,1459.0
end_to_end_latency,276,1409.0
end_to_end_latency,277,1358.0
end_to_end_latency,281,1158.0
end_to_end_latency,282,1108.0
end_to_end_latency,283,1059.0
end_to_end_latency,284,1009.0
end_to_end_latency,285,959.0
end_to_end_latency,286,909.0
end_to_end_latency,291,1126.0
end_to_end_latency,292,1076.0
end_to_end_latency,293,1025.0
end_to_end_latency,294,976.0
end_to_end_latency,302,1725.0
end_to_end_latency,303,1674.0
end_to_end_latency,304,1624.0
end_to_end_latency,305,1575.0
end_to_end_latency,310,1568.0
end_to_end_latency,311,1518.0
end_to_end_latency,312,1467.0
end_to_end_latency,313,1418.0
end_to_end_latency,314,1368.0
end_to_end_latency,315,1318.0
end_to_end_latency,320,1068.0
end_to_end_latency,321,1018.0
end_to_end_latency,322,967.0
end_to_end_latency,323,917.0
end_to_end_latency,324,868.0
end_to_end_latency,329,1128.0
end_to_end_latency,330,1078.0
end_to_end_latency,331,1028.0
end_to_end_latency,332,977.0
end_to_end_latency,333,927.0
end_to_end_latency,334,877.0
end_to_end_latency,339,1067.0
end_to_end_latency,340,1017.0
end_to_end_latency,341,968.0
end_to_end_latency,342,918.0
end_to_end_latency,349,1670.0
end_to_end_latency,350,1620.0
end_to_end_latency,351,1570.0
end_to_end_latency,352,1520.0
end_to_end_latency,358,1221.0
end_to_end_latency,359,1171.0
end_to_end_latency,360,1121.0
end_to_end_latency,361,1072.0
end_to_end_latency,362,1022.0
end_to_end_latency,363,971.0
end_to_end_latency,368,1035.0
end_to_end_latency,369,985.0
end_to_end_latency,370,934.0
end_to_end_latency,371,885.0
end_to_end_latency,375,1152.0
end_to_end_latency,376,1101.0
end_to_end_latency,377,1051.0
end_to_end_latency,378,1002.0
end_to_end_latency,379,951.0
end_to_end_latency,380,901.0
end_to_end_latency,381,851.0
end_to_end_latency,386,1987.0
end_to_end_latency,387,1936.0
end_to_end_latency,388,1886.0
end_to_end_latency,389,1837.0
end_to_end_latency,395,1536.0
end_to_end_latency,396,1486.0
end_to_end_latency,397,1437.0
end_to_end_latency,398,1386.0
end_to_end_latency,404,1088.0
end_to_end_latency,405,1037.0
end_to_end_latency,406,987.0
end_to_end_latency,407,937.0
end_to_end_latency,413,1571.0
end_to_end_latency,414,1521.0
end_to_end_latency,415,1471.0
end_to_end_latency,416,1421.0
end_to_end_latency,417,1372.0
end_to_end_latency,418,1322.0
end_to_end_latency,423,1708.0
end_to_end_latency,424,1658.0
end_to_end_latency,425,1608.0
end_to_end_latency,426,1558.0
end_to_end_latency,431,2278.0
end_to_end_latency,432,2228.0
end_to_end_latency,433,2178.0
end_to_end_latency,434,2129.0
end_to_end_latency,435,2078.0
end_to_end_latency,436,2028.0
end_to_end_latency,437,1978.0
end_to_end_latency,442,1729.0
end_to_end_latency,443,1679.0
end_to_end_latency,444,1629.0
end_to_end_latency,445,1579.0
end_to_end_latency,450,1330.0
end_to_end_latency,451,1280.0
end_to_end_latency,452,1230.0
end_to_end_latency,453,1180.0
end_to_end_latency,454,1130.0
end_to_end_latency,455,1081.0
end_to_end_latency,461,1084.0
end_to_end_latency,462,1034.0
end_to_end_latency,463,984.0
end_to_end_latency,464,934.0
end_to_end_latency,465,884.0
end_to_end_latency,470,1114.0
end_to_end_latency,471,1064.0
end_to_end_latency,472,1014.0
end_to_end_latency,473,964.0
end_to_end_latency,480,1269.0
end_to_end_latency,481,1219.0
end_to_end_latency,482,1169.0
end_to_end_latency,483,1119.0
end_to_end_latency,484,1069.0
end_to_end_latency,489,1610.0
end_to_end_latency,490,1560.0
end_to_end_latency,491,1510.0
end_to_end_latency,492,1460.0
end_to_end_latency,493,1411.0
end_to_end_latency,499,1111.0
end_to_end_latency,500,1061.0
end_to_end_latency,501,1011.0
end_to_end_latency,502,961.0
end_to_end_latency,503,911.0
end_to_end_latency,507,1203.0
end_to_end_latency,508,1152.0
end_to_end_latency,509,1102.0
end_to_end_latency,510,1052.0
end_to_end_latency,511,1002.0
end_to_end_latency,512,952.0
end_to_end_latency,517,1295.0
end_to_end_latency,518,1245.0
end_to_end_latency,519,1195.0
end_to_end_latency,520,1145.0
end_to_end_latency,521,1095.0
end_to_end_latency,522,1046.0
end_to_end_latency,523,994.0
end_to_end_latency,528,1245.0
end_to_end_latency,529,1195.0
end_to_end_latency,530,1146.0
end_to_end_latency,531,1095.0
end_to_end_latency,536,1745.0
end_to_end_latency,537,1695.0
end_to_end_latency,538,1645.0
end_to_end_latency,539,1595.0
end_to_end_latency,540,1545.0
end_to_end_latency,541,1495.0
end_to_end_latency,542,1445.0
end_to_end_latency,547,1196.0
end_to_end_latency,548,1146.0
end_to_end_latency,549,1097.0
end_to_end_latency,550,1046.0
end_to_end_latency,557,1416.0
end_to_end_latency,558,1366.0
end_to_end_latency,565,1016.0
end_to_end_latency,566,966.0
end_to_end_latency,567,916.0
end_to_end_latency,568,866.0
end_to_end_latency,569,816.0
end_to_end_latency,570,766.0
end_to_end_latency,575,998.0
end_to_end_latency,576,948.0
end_to_end_latency,577,896.0
end_to_end_latency,578,848.0
end_to_end_latency,583,1516.0
end_to_end_latency,584,1467.0
end_to_end_latency,585,1416.0
end_to_end_latency,586,1367.0
end_to_end_latency,587,1316.0
end_to_end_latency,592,1066.0
end_to_end_latency,593,1017.0
end_to_end_latency,594,966.0
end_to_end_latency,595,917.0
end_to_end_latency,0,2026.0
end_to_end_latency,1,1977.0
end_to_end_latency,2,1928.0
end_to_end_latency,3,1877.0
end_to_end_latency,4,1827.0
end_to_end_latency,5,2386.0
end_to_end_latency,6,2336.0
end_to_end_latency,7,2602.0
end_to_end_latency,8,2553.0
end_to_end_latency,9,2503.0
end_to_end_latency,10,2453.0
end_to_end_latency,11,2871.0
end_to_end_latency,12,2821.0
end_to_end_latency,13,3760.0
end_to_end_latency,14,3710.0
end_to_end_latency,15,3661.0
end_to_end_latency,16,3611.0
end_to_end_latency,17,3561.0
end_to_end_latency,18,3510.0
end_to_end_latency,19,3460.0
end_to_end_latency,20,3886.0
end_to_end_latency,21,3836.0
end_to_end_latency,22,3786.0
end_to_end_latency,23,3737.0
end_to_end_latency,24,3686.0
end_to_end_latency,25,3637.0
end_to_end_latency,26,3587.0
end_to_end_latency,27,3537.0
end_to_end_latency,28,3488.0
end_to_end_latency,29,3938.0
end_to_end_latency,30,3888.0
end_to_end_latency,31,3838.0
end_to_end_latency,32,3789.0
end_to_end_latency,33,4354.0
end_to_end_latency,34,4304.0
end_to_end_latency,35,4255.0
end_to_end_latency,36,4204.0
end_to_end_latency,37,4980.0
end_to_end_latency,38,4930.0
end_to_end_latency,39,4881.0
end_to_end_latency,40,4832.0
end_to_end_latency,41,4781.0
end_to_end_latency,42,4731.0
end_to_end_latency,43,4681.0
end_to_end_latency,44,4632.0
end_to_end_latency,45,4582.0
end_to_end_latency,46,4532.0
end_to_end_latency,47,5175.0
end_to_end_latency,48,5125.0
end_to_end_latency,49,5075.0
end_to_end_latency,50,5352.0
end_to_end_latency,51,5303.0
end_to_end_latency,52,5252.0
end_to_end_latency,53,5202.0
end_to_end_latency,54,5153.0
end_to_end_latency,55,5604.0
end_to_end_latency,56,5554.0
end_to_end_latency,57,5504.0
end_to_end_latency,58,6428.0
end_to_end_latency,59,6378.0
end_to_end_latency,60,6328.0
end_to_end_latency,61,6278.0
end_to_end_latency,62,6229.0
end_to_end_latency,63,6178.0
end_to_end_latency,64,6129.0
end_to_end_latency,65,6078.0
end_to_end_latency,66,6028.0
end_to_end_latency,67,5978.0
end_to_end_latency,68,5929.0
end_to_end_latency,69,5880.0
end_to_end_latency,70,6320.0
end_to_end_latency,71,6270.0
end_to_end_latency,72,6220.0
end_to_end_latency,73,6169.0
end_to_end_latency,74,6119.0
end_to_end_latency,75,6070.0
end_to_end_latency,76,6019.0
end_to_end_latency,77,5969.0
end_to_end_latency,78,5919.0
end_to_end_latency,79,5869.0
end_to_end_latency,80,5819.0
end_to_end_latency,81,5770.0
end_to_end_latency,82,5720.0
end_to_end_latency,83,5670.0
end_to_end_latency,84,5621.0
end_to_end_latency,85,5571.0
end_to_end_latency,86,6055.0
end_to_end_latency,87,6005.0
end_to_end_latency,91,6267.0
end_to_end_latency,92,6217.0
end_to_end_latency,93,6168.0
end_to_end_latency,94,7246.0
end_to_end_latency,95,7196.0
end_to_end_latency,96,7147.0
end_to_end_latency,97,7096.0
end_to_end_latency,98,7046.0
end_to_end_latency,99,6997.0
end_to_end_latency,100,7252.0
end_to_end_latency,101,7201.0
end_to_end_latency,102,7151.0
end_to_end_latency,103,7101.0
end_to_end_latency,104,7052.0
end_to_end_latency,105,7002.0
end_to_end_latency,106,6952.0
end_to_end_latency,107,6902.0
end_to_end_latency,108,6852.0
end_to_end_latency,109,7264.0
end_to_end_latency,110,7213.0
end_to_end_latency,111,7164.0
end_to_end_latency,112,7113.0
end_to_end_latency,113,7063.0
end_to_end_latency,114,7013.0
end_to_end_latency,115,6963.0
end_to_end_latency,116,6914.0
end_to_end_latency,117,6863.0
end_to_end_latency,118,6813.0
end_to_end_latency,119,6763.0
end_to_end_latency,120,6713.0
end_to_end_latency,121,6663.0
end_to_end_latency,122,6613.0
end_to_end_latency,123,6563.0
end_to_end_latency,124,6513.0
end_to_end_latency,125,6463.0
end_to_end_latency,126,6413.0
end_to_end_latency,127,6364.0
end_to_end_latency,128,6937.0
end_to_end_latency,129,6887.0
end_to_end_latency,130,6837.0
end_to_end_latency,131,6787.0
end_to_end_latency,132,6738.0
end_to_end_latency,133,6688.0
end_to_end_latency,134,6638.0
end_to_end_latency,135,7553.0
end_to_end_latency,136,7503.0
end_to_end_latency,137,7453.0
end_to_end_latency,138,7403.0
end_to_end_latency,139,7354.0
end_to_end_latency,140,7304.0
end_to_end_latency,141,7254.0
end_to_end_latency,142,7205.0
end_to_end_latency,143,7153.0
end_to_end_latency,144,7105.0
end_to_end_latency,145,7054.0
end_to_end_latency,146,7003.0
end_to_end_latency,147,6954.0
end_to_end_latency,148,6903.0
end_to_end_latency,149,6854.0
end_to_end_latency,150,6804.0
end_to_end_latency,151,6754.0
end_to_end_latency,152,6705.0
end_to_end_latency,153,6655.0
end_to_end_latency,154,6605.0
end_to_end_latency,155,6555.0
end_to_end_latency,156,6505.0
end_to_end_latency,157,6455.0
end_to_end_latency,158,6710.0
end_to_end_latency,159,6660.0
end_to_end_latency,160,6610.0
end_to_end_latency,161,6560.0
end_to_end_latency,162,6510.0
end_to_end_latency,163,6460.0
end_to_end_latency,164,6411.0
end_to_end_latency,165,6360.0
end_to_end_latency,166,6310.0
end_to_end_latency,167,6261.0
end_to_end_latency,168,6211.0
end_to_end_latency,169,6160.0
end_to_end_latency,170,6110.0
end_to_end_latency,171,6060.0
end_to_end_latency,172,6010.0
end_to_end_latency,173,5960.0
end_to_end_latency,174,5910.0
end_to_end_latency,175,5861.0
end_to_end_latency,176,5810.0
end_to_end_latency,177,5760.0
end_to_end_latency,178,6197.0
end_to_end_latency,179,6147.0
end_to_end_latency,180,6098.0
end_to_end_latency,181,6047.0
end_to_end_latency,182,5997.0
end_to_end_latency,183,5947.0
end_to_end_latency,184,5897.0
end_to_end_latency,185,5847.0
end_to_end_latency,186,5797.0
end_to_end_latency,187,5747.0
end_to_end_latency,188,5697.0
end_to_end_latency,189,5647.0
end_to_end_latency,190,5597.0
end_to_end_latency,191,5547.0
end_to_end_latency,192,5498.0
end_to_end_latency,193,5446.0
end_to_end_latency,194,5397.0
end_to_end_latency,195,5346.0
end_to_end_latency,196,5297.0
end_to_end_latency,197,5247.0
end_to_end_latency,198,5197.0
end_to_end_latency,199,5146.0
end_to_end_latency,200,5097.0
end_to_end_latency,201,5048.0
end_to_end_latency,202,5464.0
end_to_end_latency,203,5413.0
end_to_end_latency,204,5363.0
end_to_end_latency,205,5313.0
end_to_end_latency,206,5263.0
end_to_end_latency,207,5213.0
end_to_end_latency,208,5163.0
end_to_end_latency,209,5113.0
end_to_end_latency,210,5063.0
end_to_end_latency,211,5013.0
end_to_end_latency,212,4963.0
end_to_end_latency,213,4913.0
end_to_end_latency,214,4863.0
end_to_end_latency,215,4813.0
end_to_end_latency,216,4763.0
end_to_end_latency,217,4713.0
end_to_end_latency,218,4663.0
end_to_end_latency,219,4613.0
end_to_end_latency,220,4563.0
end_to_end_latency,221,4513.0
end_to_end_latency,222,4463.0
end_to_end_latency,223,4413.0
end_to_end_latency,224,4363.0
end_to_end_latency,225,4313.0
end_to_end_latency,226,4263.0
end_to_end_latency,227,4213.0
end_to_end_latency,228,4163.0
end_to_end_latency,229,4112.0
end_to_end_latency,230,4063.0
end_to_end_latency,231,4013.0
end_to_end_latency,232,3963.0
end_to_end_latency,233,3913.0
end_to_end_latency,234,5012.0
end_to_end_latency,235,4961.0
end_to_end_latency,236,4912.0
end_to_end_latency,237,4862.0
end_to_end_latency,238,4812.0
end_to_end_latency,239,4762.0
end_to_end_latency,240,4711.0
end_to_end_latency,241,4662.0
end_to_end_latency,242,4612.0
end_to_end_latency,243,4562.0
end_to_end_latency,244,4512.0
end_to_end_latency,245,4462.0
end_to_end_latency,246,4412.0
end_to_end_latency,247,4362.0
end_to_end_latency,248,4312.0
end_to_end_latency,249,4261.0
end_to_end_latency,250,4213.0
end_to_end_latency,251,4163.0
end_to_end_latency,252,4112.0
end_to_end_latency,253,4063.0
end_to_end_latency,254,4013.0
end_to_end_latency,255,3963.0
end_to_end_latency,256,3913.0
end_to_end_latency,257,3864.0
end_to_end_latency,258,3813.0
end_to_end_latency,259,3764.0
end_to_end_latency,260,3714.0
end_to_end_latency,261,3664.0
end_to_end_latency,262,3614.0
end_to_end_latency,263,3564.0
end_to_end_latency,264,3514.0
end_to_end_latency,265,3464.0
end_to_end_latency,266,3414.0
end_to_end_latency,267,3364.0
end_to_end_latency,268,3314.0
end_to_end_latency,269,3264.0
end_to_end_latency,270,3213.0
end_to_end_latency,271,3164.0
end_to_end_latency,272,3114.0
end_to_end_latency,273,3064.0
end_to_end_latency,274,3014.0
end_to_end_latency,275,2964.0
end_to_end_latency,276,2914.0
end_to_end_latency,277,2863.0
end_to_end_latency,278,2813.0
end_to_end_latency,279,2764.0
end_to_end_latency,280,2714.0
end_to_end_latency,281,2664.0
end_to_end_latency,282,2614.0
end_to_end_latency,283,2564.0
end_to_end_latency,284,2514.0
end_to_end_latency,285,2464.0
end_to_end_latency,286,2414.0
end_to_end_latency,287,2364.0
end_to_end_latency,288,2314.0
end_to_end_latency,289,2264.0
end_to_end_latency,290,2214.0
end_to_end_latency,311,1406.0
end_to_end_latency,312,1355.0
end_to_end_latency,313,1306.0
end_to_end_latency,314,1256.0
end_to_end_latency,315,1716.0
end_to_end_latency,316,1665.0
end_to_end_latency,317,1616.0
end_to_end_latency,318,1566.0
end_to_end_latency,319,1516.0
end_to_end_latency,320,1466.0
end_to_end_latency,321,1416.0
end_to_end_latency,322,1366.0
end_to_end_latency,323,1315.0
end_to_end_latency,324,1266.0
end_to_end_latency,325,1216.0
end_to_end_latency,326,1165.0
end_to_end_latency,327,1554.0
end_to_end_latency,328,1505.0
end_to_end_latency,329,1455.0
end_to_end_latency,330,1404.0
end_to_end_latency,331,1355.0
end_to_end_latency,332,1305.0
end_to_end_latency,333,1255.0
end_to_end_latency,334,1205.0
end_to_end_latency,335,1155.0
end_to_end_latency,336,1105.0
end_to_end_latency,337,1056.0
end_to_end_latency,338,1005.0
end_to_end_latency,339,955.0
end_to_end_latency,340,906.0
end_to_end_latency,341,856.0
end_to_end_latency,342,1908.0
end_to_end_latency,343,1858.0
end_to_end_latency,344,1808.0
end_to_end_latency,345,1759.0
end_to_end_latency,346,1709.0
end_to_end_latency,347,1658.0
end_to_end_latency,348,1608.0
end_to_end_latency,349,1558.0
end_to_end_latency,350,1509.0
end_to_end_latency,351,1458.0
end_to_end_latency,352,1409.0
end_to_end_latency,353,1360.0
end_to_end_latency,354,1310.0
end_to_end_latency,355,1260.0
end_to_end_latency,356,1521.0
end_to_end_latency,357,1472.0
end_to_end_latency,358,1421.0
end_to_end_latency,359,1372.0
end_to_end_latency,360,1322.0
end_to_end_latency,361,1271.0
end_to_end_latency,362,1221.0
end_to_end_latency,363,1171.0
end_to_end_latency,364,1588.0
end_to_end_latency,365,1539.0
end_to_end_latency,366,1489.0
end_to_end_latency,367,1439.0
end_to_end_latency,368,1388.0
end_to_end_latency,369,1339.0
end_to_end_latency,370,1289.0
end_to_end_latency,371,1239.0
end_to_end_latency,372,1188.0
end_to_end_latency,373,1138.0
end_to_end_latency,374,1088.0
end_to_end_latency,375,1519.0
end_to_end_latency,376,1469.0
end_to_end_latency,377,1419.0
end_to_end_latency,378,1368.0
end_to_end_latency,379,1318.0
end_to_end_latency,380,1269.0
end_to_end_latency,381,1219.0
end_to_end_latency,382,2074.0
end_to_end_latency,383,2024.0
end_to_end_latency,384,1975.0
end_to_end_latency,385,1924.0
end_to_end_latency,386,1874.0
end_to_end_latency,387,1824.0
end_to_end_latency,388,1774.0
end_to_end_latency,389,1724.0
end_to_end_latency,390,1674.0
end_to_end_latency,391,1625.0
end_to_end_latency,392,1575.0
end_to_end_latency,393,1525.0
end_to_end_latency,394,1476.0
end_to_end_latency,395,1425.0
end_to_end_latency,396,1376.0
end_to_end_latency,397,1325.0
end_to_end_latency,398,1276.0
end_to_end_latency,399,1225.0
end_to_end_latency,400,1176.0
end_to_end_latency,401,1125.0
end_to_end_latency,402,1076.0
end_to_end_latency,403,1027.0
end_to_end_latency,404,976.0
end_to_end_latency,405,926.0
end_to_end_latency,406,876.0
end_to_end_latency,407,1451.0
end_to_end_latency,408,1400.0
end_to_end_latency,409,1350.0
end_to_end_latency,410,1300.0
end_to_end_latency,411,1559.0
end_to_end_latency,412,1510.0
end_to_end_latency,413,1459.0
end_to_end_latency,414,1409.0
end_to_end_latency,415,1359.0
end_to_end_latency,416,1309.0
end_to_end_latency,417,1259.0
end_to_end_latency,418,1209.0
end_to_end_latency,419,1159.0
end_to_end_latency,420,1109.0
end_to_end_latency,421,1696.0
end_to_end_latency,422,1647.0
end_to_end_latency,423,1597.0
end_to_end_latency,424,1546.0
end_to_end_latency,425,1496.0
end_to_end_latency,426,1446.0
end_to_end_latency,427,1397.0
end_to_end_latency,428,1346.0
end_to_end_latency,429,1296.0
end_to_end_latency,430,2216.0
end_to_end_latency,431,2166.0
end_to_end_latency,432,2116.0
end_to_end_latency,433,2066.0
end_to_end_latency,434,2016.0
end_to_end_latency,435,1966.0
end_to_end_latency,436,1916.0
end_to_end_latency,437,1867.0
end_to_end_latency,438,1817.0
end_to_end_latency,439,1766.0
end_to_end_latency,440,1716.0
end_to_end_latency,441,1667.0
end_to_end_latency,442,1618.0
end_to_end_latency,443,1568.0
end_to_end_latency,444,1518.0
end_to_end_latency,445,1469.0
end_to_end_latency,446,1418.0
end_to_end_latency,447,1368.0
end_to_end_latency,448,1318.0
end_to_end_latency,449,1268.0
end_to_end_latency,450,1219.0
end_to_end_latency,451,1168.0
end_to_end_latency,452,1118.0
end_to_end_latency,453,1068.0
end_to_end_latency,454,1322.0
end_to_end_latency,455,1272.0
end_to_end_latency,456,1222.0
end_to_end_latency,457,1172.0
end_to_end_latency,458,1602.0
end_to_end_latency,459,1552.0
end_to_end_latency,460,1502.0
end_to_end_latency,461,1452.0
end_to_end_latency,462,1403.0
end_to_end_latency,463,1352.0
end_to_end_latency,464,1302.0
end_to_end_latency,465,1253.0
end_to_end_latency,466,1203.0
end_to_end_latency,467,1154.0
end_to_end_latency,468,1103.0
end_to_end_latency,469,1053.0
end_to_end_latency,470,1003.0
end_to_end_latency,471,953.0
end_to_end_latency,472,903.0
end_to_end_latency,473,1507.0
end_to_end_latency,474,1457.0
end_to_end_latency,475,1408.0
end_to_end_latency,476,1357.0
end_to_end_latency,477,1307.0
end_to_end_latency,478,2048.0
end_to_end_latency,479,1998.0
end_to_end_latency,480,1948.0
end_to_end_latency,481,1898.0
end_to_end_latency,482,1848.0
end_to_end_latency,483,1798.0
end_to_end_latency,484,1748.0
end_to_end_latency,485,1698.0
end_to_end_latency,486,1648.0
end_to_end_latency,487,1598.0
end_to_end_latency,488,1549.0
end_to_end_latency,489,1499.0
end_to_end_latency,490,1449.0
end_to_end_latency,491,1399.0
end_to_end_latency,492,1349.0
end_to_end_latency,493,1299.0
end_to_end_latency,494,1249.0
end_to_end_latency,495,1689.0
end_to_end_latency,496,1639.0
end_to_end_latency,497,1589.0
end_to_end_latency,498,1539.0
end_to_end_latency,499,1489.0
end_to_end_latency,500,1439.0
end_to_end_latency,501,1390.0
end_to_end_latency,502,1338.0
end_to_end_latency,503,1289.0
end_to_end_latency,504,1239.0
end_to_end_latency,505,1189.0
end_to_end_latency,506,1732.0
end_to_end_latency,507,1682.0
end_to_end_latency,508,1632.0
end_to_end_latency,509,1582.0
end_to_end_latency,510,1532.0
end_to_end_latency,511,1482.0
end_to_end_latency,512,1432.0
end_to_end_latency,513,1326.0
end_to_end_latency,514,1325.0
end_to_end_latency,515,1282.0
end_to_end_latency,516,1233.0
end_to_end_latency,517,1183.0
end_to_end_latency,518,1133.0
end_to_end_latency,519,1083.0
end_to_end_latency,520,1033.0
end_to_end_latency,521,1483.0
end_to_end_latency,522,1434.0
end_to_end_latency,523,1383.0
end_to_end_latency,524,1333.0
end_to_end_latency,525,1283.0
end_to_end_latency,526,1234.0
end_to_end_latency,527,1182.0
end_to_end_latency,528,1133.0
end_to_end_latency,529,1084.0
end_to_end_latency,530,1033.0
end_to_end_latency,531,1883.0
end_to_end_latency,532,1833.0
end_to_end_latency,533,1783.0
end_to_end_latency,534,1733.0
end_to_end_latency,535,1684.0
end_to_end_latency,536,1633.0
end_to_end_latency,537,1584.0
end_to_end_latency,538,1535.0
end_to_end_latency,539,1484.0
end_to_end_latency,540,1434.0
end_to_end_latency,541,1384.0
end_to_end_latency,542,1334.0
end_to_end_latency,543,1284.0
end_to_end_latency,544,1234.0
end_to_end_latency,545,1184.0
end_to_end_latency,546,1417.0
end_to_end_latency,547,1367.0
end_to_end_latency,548,1317.0
end_to_end_latency,549,1268.0
end_to_end_latency,550,1217.0
end_to_end_latency,551,1167.0
end_to_end_latency,552,1118.0
end_to_end_latency,553,1067.0
end_to_end_latency,554,1454.0
end_to_end_latency,555,1404.0
end_to_end_latency,556,1354.0
end_to_end_latency,557,1304.0
end_to_end_latency,558,1254.0
end_to_end_latency,559,1204.0
end_to_end_latency,560,1154.0
end_to_end_latency,561,1104.0
end_to_end_latency,562,1054.0
end_to_end_latency,563,1004.0
end_to_end_latency,564,1435.0
end_to_end_latency,565,1386.0
end_to_end_latency,566,1335.0
end_to_end_latency,567,1285.0
end_to_end_latency,568,1235.0
end_to_end_latency,569,1186.0
end_to_end_latency,570,1135.0
end_to_end_latency,571,1085.0
end_to_end_latency,572,1954.0
end_to_end_latency,573,1903.0
end_to_end_latency,574,1854.0
end_to_end_latency,575,1803.0
end_to_end_latency,576,1754.0
end_to_end_latency,577,1704.0
end_to_end_latency,578,1653.0
end_to_end_latency,579,1603.0
end_to_end_latency,580,1554.0
end_to_end_latency,581,1504.0
end_to_end_latency,582,1455.0
end_to_end_latency,583,1404.0
end_to_end_latency,584,1354.0
end_to_end_latency,585,1304.0
end_to_end_latency,586,1255.0
end_to_end_latency,587,1205.0
end_to_end_latency,588,1155.0
end_to_end_latency,589,1105.0
end_to_end_latency,590,1055.0
end_to_end_latency,591,1006.0
end_to_end_latency,592,955.0
end_to_end_latency,593,905.0
end_to_end_latency,1,4553.0
end_to_end_latency,2,4503.0
end_to_end_latency,6,5896.0
end_to_end_latency,7,6673.0
end_to_end_latency,8,6624.0
end_to_end_latency,9,6574.0
end_to_end_latency,10,7218.0
end_to_end_latency,13,9362.0
end_to_end_latency,14,9311.0
end_to_end_latency,19,11190.0
end_to_end_latency,20,11140.0
end_to_end_latency,24,11246.0
end_to_end_latency,25,11196.0
end_to_end_latency,26,11146.0
end_to_end_latency,27,13940.0
end_to_end_latency,28,13890.0
end_to_end_latency,29,13840.0
end_to_end_latency,30,13790.0
end_to_end_latency,31,13741.0
end_to_end_latency,34,14057.0
end_to_end_latency,35,14006.0
end_to_end_latency,36,13956.0
end_to_end_latency,37,13907.0
end_to_end_latency,38,13857.0
end_to_end_latency,39,13807.0
end_to_end_latency,40,13756.0
end_to_end_latency,52,22750.0
end_to_end_latency,53,22700.0
end_to_end_latency,54,22649.0
end_to_end_latency,55,22600.0
end_to_end_latency,56,22550.0
end_to_end_latency,59,22399.0
end_to_end_latency,60,22349.0
end_to_end_latency,61,22300.0
end_to_end_latency,62,22249.0
end_to_end_latency,63,22199.0
end_to_end_latency,65,22099.0
end_to_end_latency,66,22049.0
end_to_end_latency,67,21999.0
end_to_end_latency,68,21950.0
end_to_end_latency,69,21899.0
end_to_end_latency,70,21849.0
end_to_end_latency,71,22592.0
end_to_end_latency,72,25027.0
end_to_end_latency,73,24977.0
end_to_end_latency,74,24926.0
end_to_end_latency,75,24877.0
