metric,identifier,latency_ms
consensus_latency,bf0vWWtljx+0lUiKhh4+UWPmh7LG5Novc4zt+8qaWwg=,782.0
consensus_latency,2Fvj4DV7jr5i/JMsUJhd9NHhU4x7KenyimWu7UhYNOI=,980.0
consensus_latency,e+VNho1fmKewLox0c5jpZ0dUDEu+PP6/2BDk2ukEgRY=,982.0
consensus_latency,NsYUmmS26xCeTlfq6Ip1HaN/VOqm3e2kG45pdfuohS0=,928.0
consensus_latency,RdWOz1Yy+fqEhEq46vVapuBGzPC8XHPlySwA1ulkNrI=,928.0
consensus_latency,tCwmZeCarZEQuAQ4jFp63THWO0IlAiDzc8OMwgG/vbI=,928.0
consensus_latency,42381WzK/0ONOZNl09hp8sD8z9iQQ83KU49p0vCrFxs=,980.0
consensus_latency,GUKGBX17V49uhmiWZggzw+u53p2DDCLISSo7YMKjiRE=,929.0
consensus_latency,pfIEbjV+LRYAuMhoAVonq5rsahmNcx9CUG7NKWFHHQo=,929.0
consensus_latency,xlOo9onWgYGTKGZ7tF0Gpxu90qnihqBzyUWCuaG8hLg=,875.0
consensus_latency,6FIeBJhFNjAHPtFMSzLPFoyvUk6NS3duP5zh21sgzj0=,878.0
consensus_latency,zIXpNAZ8Ab/LOsyl6qESH2KfGDB83uQ3xOa9chcwQZ8=,874.0
consensus_latency,ImRkh8NqDiWW3OjE9YJo4y1gaybTOU2pLPopOQhnaN4=,624.0
consensus_latency,JvP1MYPWLPQeSln2ri/zKH7lF13kOIqe5LS2sGd42lM=,624.0
consensus_latency,kMJQFGf62z96Kbo6I7319r8dMG8FNfSb/qW/AYFkOZ8=,624.0
consensus_latency,vC6eaDIhw1E4bdKHBxRStbL4p/rsycpiyw0qy5wDlEY=,624.0
consensus_latency,5mEN29icJ1MWCW32iV7NOICgGMUvZk/ZLqWQOfOhUVM=,624.0
consensus_latency,/yBVJu8ru0tdDpm9w9Ypn3DTx4X/vDTJCwMasPPkE+k=,624.0
consensus_latency,M5kTDWbDZ30IAFx52ZrXb8hjSBQwsqSYyHyc3SllHzA=,870.0
consensus_latency,f62AoOBD82oEqrbHVhhS8+4/6qdeU8/Krflp4WkIcng=,870.0
consensus_latency,y5ZQydSyHLNX1KRjoDjeOS0tJ691dojdjtS7pk29a9U=,870.0
consensus_latency,12diV9aZ7yJgIslI52s1eo8jzXHum5kxslV+esbdlWs=,870.0
consensus_latency,H3gPyGpHf3LogMCrxPwT+CGMiosTxUAc8pfZvSGG0BQ=,867.0
consensus_latency,eaF6VggT79R2y695w/S5NgQ6a4zcNVvSh4a1DKVEp4g=,867.0
consensus_latency,qfJD08Np5goMen5+GnAum+iq9zSTBUCXaLAeKGZO7lE=,867.0
consensus_latency,7lZaKg5t1Pgm3t5eq/Ay0LjueGeA5o5Mj/oM7yt6yq8=,867.0
consensus_latency,JT0cWhPI0I0m+ilGJj/gvlGmdCF4wEvSDELw7GDuoE8=,864.0
consensus_latency,T1C98yZ7K3lSrBqJBHoIlXB8qj8KKfuazTL4ttTskU4=,864.0
consensus_latency,Z9HBLHyxk4AQHaNxevNf5STFjnWcsjIHrCCk9UlFWjU=,864.0
consensus_latency,kLlfhxDv3ObDvzaekoocRVj3nryr926hZYjO+JKqhuU=,865.0
consensus_latency,2BhnU0E4MDeDd0kdSvJvk2ZGYqOFXfQU+m3NYIPeI68=,865.0
consensus_latency,tenu9RFzYiO5ebe/mLMVSqjPUkjynowzh0uTL7mG+II=,868.0
consensus_latency,56cazKsyImSzfORhuKEiZr/P2W5OsDFXT1G/t0O96m8=,868.0
consensus_latency,Bn9mzQqINTEM4MoXg9ZMdKE7u09YbA4uNLz2rFTdo+Y=,869.0
consensus_latency,VeL6RzKN7M3k/mDBL6Z/TNgVz79/aWi+yeLvOnbJZkE=,869.0
consensus_latency,Wvp9tdFWAlmZt8a/TJxnKeyyKWz47vMtuXqLZSaZEb8=,869.0
consensus_latency,YcygqZ2zIvUOCTviloW+cPV/FbgPFM0O63Zu1xKAHmU=,869.0
consensus_latency,Kj16iH86FdrUrzJ7nbu+W4OecxYtKeJLLcYVBBwdtxE=,864.0
consensus_latency,WogYXEn0OrFFJEkZCZQoknQBuDF2m96IFKElSpERa7I=,864.0
consensus_latency,Ldm1sXFxWZqqdk77aDkHHbOCltbAQaKHtbHEV3LF6nA=,867.0
consensus_latency,ABEJxUKefOz5AnPZGtbh08194kQKWlgGZdQNPdNBy8M=,869.0
consensus_latency,UKq4v1GbEHu4MgllCySwFF0W69v6RyMR4pR5lvqaPuE=,869.0
consensus_latency,U9qigCYPA+Hjioj78v14xUVZY2CQ3EF26Qk6MHjNxn8=,869.0
consensus_latency,Em1VCTuPNiODZVIt+3bSNSQaHTPpqooX6I33fGqiLoU=,706.0
consensus_latency,VZCnR9pY3yJVVfyxgypp//oTv2G0cBjEvqCa1XM2Xag=,706.0
consensus_latency,bW04jB9W10u8YMT2OpZL1bADvJdiYicxBKt7CmdK4JA=,706.0
consensus_latency,g2DWtW1NJPENrj0rcfzr1MpOSu9kcrjxQ3nPL4Z76R8=,706.0
consensus_latency,knXabB9h/gRuHrQ7wm9hGz3RMrsGiS/PhOSrKSqWBX4=,706.0
consensus_latency,xQb7P8A0goa87TGJNE8x4OLn7BWDwZsq12AmxC37awg=,706.0
consensus_latency,0d6afz3BKoY9MC49AayY/3p2pjJUUDcCW/zb+8sKnR8=,706.0
consensus_latency,5Ca3K9gIsz+P0BlYYt05j6PTEVFJe+20ocq5GXhTDuI=,706.0
consensus_latency,9tV35K69hqL1fKIyDVzwIqz3JGlT4qChtt3m4P38l0g=,706.0
consensus_latency,/Fcv+sZt4EyLi4qN0r4ZXcaiZYoUtqfIZ6ILLMRuWfU=,706.0
consensus_latency,KSC0A3MfkecQUgZfzy+pKbpQp/BdXklLaxdTD3QM7Yo=,706.0
consensus_latency,Ne7s9Yy/4U3kOwWgXjF4G2j1prVBqLAk8+E78Hr2+ao=,706.0
consensus_latency,bvH+ZbCKX7XVBmFU4fc0H0m22BhglJFQlkj28MoUToM=,706.0
consensus_latency,q+P5RMib0MIjKbuaRCnvQlvtU6g3YWpTMAKI3og+/qs=,706.0
consensus_latency,2ram6PlksGyXLqGeKcoB7ls2xdEWQA7bYoHJjuW7Fw0=,706.0
consensus_latency,GWZhcGvYNDGwmgX7hTmpTp6uRNrm2xI43OoUnSYHrdc=,653.0
consensus_latency,KpJ9E9gPqVJPoX4h+p6JPthQkdAp56+/IAOz/YKFUxc=,653.0
consensus_latency,Ql7UJX9B8cnVn53QRFV0kJL8TJl0m0gsxb33B4iUMAQ=,653.0
consensus_latency,bZg5/AoPafRKwkrPZXVYaDfRL2Hqe5/Xth2Hk4PZTl8=,653.0
consensus_latency,pmeFbDjltwWIEd7+au2KaJPkrE3KMkV3WzlQ2WfkN+0=,653.0
consensus_latency,slETwVeSpVMg8pxRKHgk8vu/ia8Lwg32yCvFsMHRqxk=,653.0
consensus_latency,z0OsT3OWsCdZ5m+7uk3qDyPjE1OfWQIoDaZcuJDu4V4=,653.0
consensus_latency,1XLd2YrUCc7+Mi5unaEsY30FPgdiK3PKBF7GmsF8G6w=,653.0
consensus_latency,1r8+Ws7ZkBsxjaxLvG+EABkDcf1Em3KXaFmWXiXihOI=,653.0
consensus_latency,3++n/D2/VVL0+Rs+voTyRXcL0l2+LGEfZ+eQyDnbDZA=,653.0
consensus_latency,7VQzgv2wQd+D5UZ+0dMTJTm5KXa2QLbuQyNUSEoDFPE=,653.0
consensus_latency,8HfXmVORiYbQQbTTPoSeU4L7Yww5oGQ55A/pa7JdeGM=,653.0
consensus_latency,ODy88qEiDROBbCAWiYHhitAsG/zUgdmaFgaK24s3wPo=,704.0
consensus_latency,PdAAucbqG+WavalcW657In6CzDBt8jd7+M2HkCKMX78=,704.0
consensus_latency,P9LXxPIwPRoEHR5jcgSuSw/IwkYIlleDy8/jbQTp2MA=,704.0
consensus_latency,RVmikaguDLMxDtPrewYvf1BZim46aUtgvArKscB9wS8=,704.0
consensus_latency,gL90Sa4hu8Vb/OMrO3VNW+2izpMXhbLuepb17dg85Ig=,704.0
consensus_latency,j5ztLaOpCkoyvkMSMvE7SP0Vf+1jy6j7UDlbabU0NKU=,704.0
consensus_latency,mO6zABGjj4d4R420IPj9qMMlCTgwPX7Eft0ODwCij98=,704.0
consensus_latency,nq/hw78ibDIu71AxoZimNVXG/xzZccYUIQ3c67k5iNY=,704.0
consensus_latency,oghHNhxn7H+lCPoJUc7fndnvqtC5JdIyj7HASfmC8LA=,704.0
consensus_latency,pgzrKFz5iJ1KkRn6bRWa97oWTLG2MN7JvHzeKN7SNLA=,704.0
consensus_latency,pwIF7brlx0w4xLhQEO08AlsVQ5UIOx1lkVH+1M0O1Z4=,704.0
consensus_latency,0i+N1L0yigc/35koxSx4HVlt1KVJjm4UpZtTGv579Qw=,704.0
consensus_latency,AMCQwhZ6mhUO7K416QtXOLEgo8j+mWK3qwWmPZUw32g=,704.0
consensus_latency,KyG03mRd5lHq8uQGsIB/psLOTfQyWc3h6/5kIuK6+g8=,704.0
consensus_latency,PROjuvstCJ2NOjFCnnH+/3e145DKuC+JplVXafEtNwI=,704.0
consensus_latency,WzJzRnOirUxTzDXSUUvX4hGgziR6JJ/JVQ5/RP4FjSY=,704.0
consensus_latency,nCz8MO+IHsxHJeuvvBgRjBIu5lhexZr8BvuFqwqnAAc=,704.0
consensus_latency,tDAKePijVWqrhWH5/R6XFTXVqlVyA8K9+TMjlxVl/Ss=,704.0
consensus_latency,1q51Z6dIZYTD3hjy72m73olhGo72xx1+jz2x2s2+toc=,704.0
consensus_latency,4dXF0YBshTknDJap1AzbL3Yg0B00un+LQ3bTqA3a6lA=,704.0
consensus_latency,52ujuUXnfSVqXt/VRMF9DJoh7AJ4rvxY8x8jDRuK7+A=,704.0
consensus_latency,7sagjfCOqwYmc03jd6iWC9rjoOMcQ7O/jMdzNVifoCI=,704.0
consensus_latency,805PaQoqFTPALzAtVLGa/oBFdVKgZ+JqleBQE5+gVC0=,704.0
consensus_latency,EE61ukpPmEoq9kS7+mcETPZ/8XF4N84HdBDEYF4s41k=,706.0
consensus_latency,EK7setiu8VTUYc3kQkinShUlWkAj0GbBGno/AUie6lI=,705.0
consensus_latency,J6zPoyWH1mmvlk8Z8B8jaweZ2eYejeYhuTHcQkUqwxI=,705.0
consensus_latency,Lc0RqHd9i2xjnBQf1p6yFdyvEd3yUlsoKfMBRij26WE=,705.0
consensus_latency,QQ1Wq1sqd2r/r9vcEqZaKa5ZDWI1xyIhnQ0Ohwdo4I8=,705.0
consensus_latency,Xn2QI9ibPkmnyaowZM0ZpHSedT9MelxSoHejUdgZZiU=,705.0
consensus_latency,kl2KEkucrEAgM6oR0tz7/Vi563sW9k5veAxw7zVqKJY=,705.0
consensus_latency,qdrr9zxM+uJ5OYGiHy7H/byKxGdmKn45epZ89AcU1gc=,705.0
consensus_latency,sdx3a6uzlgTHnjqBBya8SFHyB4grG9HN+KMul4RDtvI=,705.0
consensus_latency,uSybKS6eWbiQ3O3XEdPJPASW1XQ0nKvdovXj/BQHa5M=,705.0
consensus_latency,z3HWzeSOydcTTzhW6iQAl6RvLLn7nAZ051kQ/xPyD1Q=,705.0
consensus_latency,27rzmLbLW4s7SDtg2A8n1VWHbJ22T526F4Xuoqaflp8=,705.0
consensus_latency,tZQpJssydOnOsqZy4RIZHtoFWbqf10ttqTmfbvBIXrQ=,653.0
consensus_latency,58dzB346zCv6ZIaoguEKDyL6TPhlXn22UNycoElbKOw=,653.0
consensus_latency,76HiUQXdnGY4HnLUu9KhVKkxlVXtEAbPbczSQ3s4oPY=,653.0
consensus_latency,8wW8ACenSvjXdaIwm6666ybsUM2HYQFw+jNNopwtR40=,653.0
consensus_latency,HW94+zATLJIBz0+u0Zey3YdTcE1mrHjYLy5CID4UuZI=,705.0
consensus_latency,a9cJCgvFrkTYEyQTCUYkB6ne4OIKeDfCOx7OCLAdgiA=,705.0
consensus_latency,hTkAeXyDzslVKCHZjt/k4upcxCNGOhbvlWKTOThqicY=,705.0
consensus_latency,o1dNCKfX1NNf5JDd/NDJJACBu9W6wIyNjgqrmQN2xZM=,705.0
consensus_latency,pmTr2VfLi2MJ4CniUpLpCMNcaRAwlj2jkzkrlBNK1Bo=,705.0
consensus_latency,wo0kNIAVV+claorb2D9FkhMSX1gdShF3A4FhZ2pjZCo=,705.0
consensus_latency,zroDTIN2F7+q3TOohaF7k3yZFI33rQ7wlaY8UhGk9A0=,705.0
consensus_latency,0KZ1dxgQ2JRBn00Hj3Ez159k6LafdkhGvSrKV3QfEKE=,705.0
consensus_latency,08tLfP/D4oqHSbi7dSu4cTAUzGiiyAbaNJE60aAmBKg=,705.0
consensus_latency,2ORGuG7DQpCyHCGVflG+EMDAGkFa/ktxELUAqDbj+zY=,705.0
consensus_latency,2wsjF4G15wHGWhArmZVRUxQ2eUnfDkDRAJHh1FLrZKI=,705.0
consensus_latency,KFpaZLRUCjOSRnNr8BhPvl3kdr5rDtZ4IzV1+IfxwR0=,601.0
consensus_latency,Nvuuk6CpQyDkuo7cVYr4XGVGamFEu1tgc5gKWyeKeEY=,601.0
consensus_latency,OSBpF1Xf9CDIiVkRTlQbfckkRWswB0vQ7JKPruZ2P2k=,601.0
consensus_latency,Rc4AZa6owP5b9T8seIaEaP9ffoqK93U3VlmOnNT74ks=,601.0
consensus_latency,bdqZ+RMLTyccrG5TWeTNVkWNMT/HZECoBU2YzsqLbN8=,601.0
consensus_latency,r2fImqDfsKgbzBNoE5ivOQ+o51FrcETp8U5d6KUAx3k=,601.0
consensus_latency,2MooOK+ol7vQn+Lr5kh/UCI2//D5CgjlghG/ZYC8sTI=,601.0
consensus_latency,IR686JDKosk9bHSWzCJJ+SvQ8Bwu2pwSiIc+/WIZy20=,601.0
consensus_latency,Wi40pdM8FGkP+vKsJ5TeEekCNUBAvQEeyhHj4grYSB4=,600.0
consensus_latency,tQkK0pz1B/GBNHWZRCLs6gmIbzqvGILjAUpsuOUP/HA=,600.0
consensus_latency,y+DLEcZXknKfAK6Xc6tLK1Cq7IdV/lE16Glns3Bvq7w=,600.0
consensus_latency,3HPQhOGw3NquYyxTNhDAdClfU9/AWMHq/ef3BisZ14A=,600.0
consensus_latency,8ex7cXg2U+huIfjJfIGHSmLfgW1Y0lToVXct9vSW98k=,600.0
consensus_latency,BDi7FE2hs6i9pBEx9TXGYrKJWa0TflgRgdFyPNq/8wA=,603.0
consensus_latency,dzUe9MeHhy0d1vvFiakr5u9Kq2HaQTlM0/lgUGiTfh0=,603.0
consensus_latency,uCzCQ4RQEMCXsLaOHig9qtIQzKeX85wP/F4Leq3M7mY=,603.0
consensus_latency,B3Zp5d7z2LBgnbLcr0eKdocWOLuE2RVte4qUnB51iM4=,601.0
consensus_latency,M1GXqLRedYGNjkFaS9tL97yiprCga7um8/uclOU6oa0=,601.0
consensus_latency,nsjBDUfP7OQ4KzZ4a3zp7L6AdEKK4wyV2puJRCczpbA=,601.0
consensus_latency,x3yekrnRKQTut/XJYA8MeOJEDiueCmpP5pJsCCONYqs=,601.0
consensus_latency,QKvC72hT7QCKJ0LCh3so0+Vt8WXS/eyjww4Cu2lofng=,601.0
consensus_latency,b4vVnM/bMQKFRrfbuVgY5iO1k4671I2mp43A/onXVjI=,600.0
consensus_latency,oIEUMxYe+ZuZIA5sxKcD9+V3PxeFqPQNUNkVa6YyQPM=,600.0
consensus_latency,uFIB61nNPL3HNHrVhcNob2vF6+Ki2TEfAwaN2D42+6w=,600.0
consensus_latency,GFyILxsnEpSFX0ZSBqxNb91AAEBzPNdZAYn+UYbHYL8=,601.0
consensus_latency,HDDoXxPFGNBOoFbKTWp4k+XDLLDmbZOcBBK6iCX+B68=,601.0
consensus_latency,PBFlKurps1OupB6uqkEAcvgeuIj77t17eNeDRuKQhO8=,601.0
consensus_latency,TQXyXAF63X0xzFIa8ci8d4vn/gh22IdXR3+Io4TNK2Q=,601.0
consensus_latency,wnkCSKiR4sYH1ATCrPFEDbTGWd69696GohKWanYOYTI=,601.0
consensus_latency,4IkfMQGlsYcTCJtVYt3uoCJWOBnhdUZEvENnph0WkQk=,601.0
consensus_latency,IdxhZ7gr233JJEzT3R6kl5+m78t73konXVwRK3TG6c4=,601.0
consensus_latency,TT5I4eKmevWGgS1CF3mFM8SWzrg8pOe+dl40yqxDP8g=,601.0
consensus_latency,hmfXYm5mYsHycQJpq2lMZ7QZdw15MGi1V917TOH/bco=,601.0
consensus_latency,kIvM3IIgxLzBrnELZ4J+Jo2Ok3QMY5GjxwdVrRVFbKg=,601.0
consensus_latency,9iYw5QX5KD15Z4A/B/mP/O/PxjApc8FyQjihqmBVj74=,601.0
consensus_latency,sw34wa2ka9ATFziD1kLgEfytWuOS+lmn+OeenLBrbwg=,350.0
consensus_latency,0tYVtnvi497gwhYmOjoR8VCYfgSteD/JSi5YX9nD26Q=,351.0
consensus_latency,EKUNZFSdrc31asps0p6YAoGNYjwhHfly2JEE+RS3qBw=,1357.0
consensus_latency,LRoXXvYOW4aAawTHHr17Ao4ur3tQx47dJHqQu5To57o=,1357.0
consensus_latency,bfVT7//bDTJ7b+PzQfLQ3WAT7lj7BPyfn3iR5gs+KoA=,1357.0
consensus_latency,zwyKIobKoLVtvk+gz+VRz+gUTE4FPAcvUj+BXPpAP8Y=,1357.0
consensus_latency,3M7AIw+EknyXJUhKIufURFNbf4F/rCaJYROoePzcHfA=,1357.0
consensus_latency,9aG/lD7tiG9pf/CvGKEG9rjAggA6K0GF6n5W13qJyh4=,1357.0
consensus_latency,JYNP1v86y1TTjgW7N3iL5eYPsnAsvpScqg4RMLkDBt4=,1053.0
consensus_latency,3RNx3bMYdEj5owezImn0jtyp6nnjlmy6ur8C7WSBaVI=,1053.0
consensus_latency,7LE5Zg6gqHDEivJ9XlJ7BRffnTJObwjJGUp4GdhqBrY=,1053.0
consensus_latency,akEWiPxwWIZP9tnQAoaZYEQVdg1qAowDEnusYdlMDM4=,1056.0
consensus_latency,yhTp0+EU6O0myqG5nFZfhhYpd850UWWrfywpaJicqu0=,1056.0
consensus_latency,chbgBmoV+fLoNZI3uvoi8EmxX45+2sOuNe2gUruJY3Y=,1054.0
consensus_latency,h5HiVZnY2VnxvJpIEseMrsIws40JL6RO/qJXavASU4o=,1054.0
consensus_latency,+IW3mmIwUyXIyNUF+IB7Ve4oWO/PSc77HQ5MnPpyjL4=,1054.0
consensus_latency,SLDOl27TULUyATHsko1jqX+ws6zwh9dz5sGvGfHetO0=,1056.0
consensus_latency,x5LlsdwcLEhRmizOPibjFejyeCRHs0cRaW3YYBwfnHk=,1056.0
consensus_latency,y1138AOktXoI94folrmMjxdrQVl1X9ffzQ0wCEL50XA=,1056.0
consensus_latency,TFIm1gqyM18MNwDcKnCS1mSggSHx2rFpz0nUqvdXbac=,1053.0
consensus_latency,lyKfCosp+rEyKt2HJB9hI7xGVv8mwnZC0MyDWYn6fVM=,1049.0
consensus_latency,VgsXK/gpVOzQ4CMBG1LyWuMkuQK5yXQ8HIjEBxtFB7s=,1055.0
consensus_latency,xr+YmSSDTJ1BuO2H0waDOo8qtAJmJvfa5V+RNyN16SY=,1055.0
consensus_latency,47I2aPqm9HlgrP9yYl3COC1NmfRexu1TPOAsrDgw5h8=,1055.0
consensus_latency,CoZumEBO4Js19fYwFhHrxqtHksD0fYWabbckycaqBGc=,877.0
consensus_latency,DR1pzHjMgAnvkVOAwgELm0+i6dSKsyg4/ZD6dkdMP30=,877.0
consensus_latency,rVNTDV6J3O+0oigJ5PcXIMrxmJIuLVXv2iha3WiD3E4=,877.0
consensus_latency,+t2Nk4RtEAO2xglEENGaMsB69/4kRTMvM9an3Z6wssE=,877.0
consensus_latency,EL1vA9uZd1U5j5lozHTbOwReZugMINHS9d8BBmCevt4=,824.0
consensus_latency,XOAq6oiizGP7jj9G7psSMk2yQJsJgQgdT+JLSvvb/2Y=,823.0
consensus_latency,j7hC5Mla61FnLID912rHYuiUQWlQseMtxBC4rItD/qY=,823.0
consensus_latency,3tsoOXjhXFNdLJ1Vh/7Be0pNcM0wTtHhc+picM2Mp+A=,823.0
consensus_latency,78QLAhdn8I/NDwphbRjonvaly2A5RYT3f/uuW47ulEU=,823.0
consensus_latency,FrHJrxofDU/wQsvQIDFpP3uojmy/4IMCQjFduzHX58c=,824.0
consensus_latency,KRvv7EPbG7n8J3SBTWB5F+vLHJ8i0hrSJnD+XoL9oug=,824.0
consensus_latency,ozNfBz8GPulKFDLpzx8jVtmk2PMguWfZlvbQF4LFF8E=,824.0
consensus_latency,9PsEizXDUGGWJg4BJzAwONZEOwGN58KKVnixtVLW0kY=,824.0
consensus_latency,IJLSvn0GRSe+mCjSMowkL0hSIXqSkQmx/zGdOxwJRhk=,825.0
consensus_latency,jdh3SGyo+uWhW85NUGwsCFi8bebppvGG4IFgqrdOjCM=,825.0
consensus_latency,lw3qvsPK7uWrCk7+q2kHs0nY3+BoOrhvsUMgvTWMyhI=,825.0
consensus_latency,2CPcW30R+H6QZm3eWF2GFKJx3M+Dh0eNXsauTJsynh0=,825.0
consensus_latency,bnL7jzQo1Fx5f0DAQXrq6DlWYLcjkNRxVTG0TJAm/88=,876.0
consensus_latency,g0Jy86SJsIV/71aV7sTIQ3dI3x5X0vNG4vSUprtwrXI=,876.0
consensus_latency,skRdySsCt7OVeV//3Tru2vQkANL7ne+fnxBihOR9hFQ=,876.0
consensus_latency,uCKEMPO4fARX7GSkkMMPuqlg0ZC1GsP3Rzhunp+JYnE=,876.0
consensus_latency,v9Ot8cL2MtUzSBxL/ItBnmGisMnx2ZvsS8Y2wleMNwc=,876.0
consensus_latency,3FpFjo5LIydb5J3YkdnWfMxSPtclm3xrhCk7JF4lufA=,876.0
consensus_latency,303MUfQIvR8iffnfLrwb/XhLt7p2dA3KRluoFl0DN14=,876.0
consensus_latency,85iQRsng4k+WrTx9nlvBu+YaKtE99eNsEnIdtPsxsJc=,876.0
consensus_latency,Sr8t1qMbyzFzm5Rj/spoFHnkA00GwsKTXiI+2rTbIsc=,877.0
consensus_latency,jaGhCcS8FR7pjiKF1y8Ol+esOlxM2ANfTrZa5wNLkyE=,876.0
consensus_latency,mHDmI6UYZ1axtmN77+c/innQgSkL0sYE82fNAHMv9EU=,876.0
consensus_latency,Iw4qu2nT+BLMUdrMarG+hfmIuSuO0nD91CjDtIKjRTA=,876.0
consensus_latency,X8z7E/QhAwiK7hzjndAtlzQh+Ac3lWOLgGmhWeZwY+A=,876.0
consensus_latency,cMvinU2CUFcHDHXsjHI9QtHS58bpB+E1YP7AP5Qmw/s=,876.0
consensus_latency,7GpjFmeDNPVGIqcX/vT/rity/brFuGgPaG1P4eC1pb8=,876.0
consensus_latency,IplSn/uRlvQb13aevsvWyQKWT8tpXGmgTn0XEaNG6tY=,877.0
consensus_latency,JeyAoO1yI8dQ6da22XKEZTF9oEWQasPnz/FuqiVb2y4=,877.0
consensus_latency,kwIJkXK2ua7leoEWJ0AGl03uI/fxUPZ3YIMlpLkKojA=,877.0
consensus_latency,sCiuLuw8ne0GW745ICbNalRPYcL/1oIXR4RrNc+ZV6M=,877.0
consensus_latency,Jz3D30zjPm6P4D/rz5JAP/VR8zF785xBwuWeVjaeGKk=,825.0
consensus_latency,nuvVzE22CuAKZR8U8ty/httq2O4xZZeqIKCMrxuO0oY=,774.0
consensus_latency,y/oP43+xwQWDV7RGoIIomudTSw5YDc/Y4buzjnDGiNs=,774.0
consensus_latency,cfd1IRjyaPQhYot4ue+JPjRfX3Du6EvL9nYePc7SF48=,826.0
consensus_latency,/bK0kluKKp9JMKxtPN25Y/ikWwtjfGjODsw3T/ng4wY=,823.0
consensus_latency,MvknXpcCEFnfJsJHq+btxzkN3TdBEMG484UiRjf9DE8=,827.0
consensus_latency,n/lX8k6Xpyq3xgLDPpIpLT0CJLF03u0U8TjHdjNa3E0=,521.0
consensus_latency,tF/GBoCNMrrI6HoF6I9oNJfBs5sSMcNHBtiCNamWgwE=,521.0
consensus_latency,wKYoCLQA5lWgSXiNuYiGfCyBpENseL1qubiLn1lJBmU=,1501.0
consensus_latency,Ag/C4BsSnrkTEx/cMcjgR3lsnmtWfaJhv45aGNGn0GY=,1288.0
consensus_latency,ELXzOhsFChVu8Vgjterg1fEwRYPj5uRDvEHh433ujWE=,1290.0
consensus_latency,bbYR2nSU4KrI9nz4j+AzKRzQ9CRQl39qszWcuFdQILg=,1290.0
consensus_latency,fI+EqGL9QzW59c7UUqHstbavmAlCrqOZz6dQVNGirpM=,1290.0
consensus_latency,YiUVc2bz/e6f2dQuVQKxEVcCuMmcJQc9q0//5WOmqio=,1037.0
consensus_latency,GkEO0x9sXv48xK46uj5UlXcR2deGl9inwnnc7CSrK8Y=,1040.0
consensus_latency,XE79lV5rgTVRJwsXIvhCFaLCYi2PKRqFZbiwkzq76JU=,1040.0
consensus_latency,6dz+zRBcQaa3D6hmj6Lw0JlO69ogbZgigcFFM02fGXQ=,1039.0
consensus_latency,9nNWTyJXVmpStHnuOLO5ZaSRw/diMJlfv87DQoA+vOA=,1039.0
consensus_latency,CWWqRVEUQgFqlNjt3DDy1sHA4E5ORgSfzWy4CRbGNcA=,1040.0
consensus_latency,h+RrdddgqOT7iCrpuGITZaJSOHVZOsi4fSDnfgG3kXM=,1040.0
consensus_latency,Jg+rqWuhhCgGp4+CxPoMWrIJYVmzQ6S81oCj8xAsxZs=,863.0
consensus_latency,Z4LPekcWpRj58lP2SveffmPrLVzHs5L2DZYLHi6k0Bg=,863.0
consensus_latency,vhe7G8SNyPScbzmVPmr0ygckT7KIgBqdV/JzT6o9S6w=,863.0
consensus_latency,6xKhJet32RXfNNYQY87Y8AswGSC1imNbxHDotxTDF7Q=,863.0
consensus_latency,ApeqdEguNyv/nGDzocRFxtEokHflcFDiX70p41nAi+g=,864.0
consensus_latency,D/g1bziEDK+w9Q8r3fU5VmwfVAa47W9PhZ+Yb3o9/PA=,864.0
consensus_latency,baZEahrpC5QqPM5bWMhLyH3MNuDItwZy+eADDkJ1BC8=,864.0
consensus_latency,oY9pC7uDFprBlSYcXT7dSNL4bM3ce4OsXlcaJtkhRG0=,864.0
consensus_latency,fzo0eS7417VX4OclJ5yfLapiVgsnphZSqxv3mfJmRB8=,813.0
consensus_latency,stPiKc3czqHZwOmUi2hJtahXAzqMHGaeAfeJj3t5txE=,813.0
consensus_latency,n344gPdT++xi5usv8xhUw4fqa3OS4lmctHJWlLwB8uw=,812.0
consensus_latency,Ofrvoo9KDicRGuD4HEXaZZyDpP3SF5UX13HB13jOiJY=,863.0
consensus_latency,zHlcWt/nkZ/4hK/hOlfbe/EBFl1ma0Pt5lCHuo1fODw=,863.0
consensus_latency,fd8n4YsGiXdUjJzfw0OGoF74v80iY+s4wU0/3guq/3A=,865.0
consensus_latency,iLkJUwAs5XAFxdTEJS2O8fRfOHVkMDcFKWuKQwVNdcY=,865.0
consensus_latency,/mZ+Z0+shmH+Lig36MqpY3PbTSlwMMu6oo7yjYWkzaU=,865.0
consensus_latency,DeTXFfrfjOrNOWY7WFW9sX4yd+eyzWY9wbKqkG7E0As=,815.0
consensus_latency,EMntBgPXfD64WrW23t+wKC7WG/RGAHzdEaVJml0ak4Q=,815.0
consensus_latency,ixX7OxjWCjwEaOVBquHkC5Z9wDzlPPfEnVN65EFoe8M=,815.0
consensus_latency,uBY4EbXgCPEZLsfF25MwiwrRkRieyWyX86MceSIsL00=,815.0
consensus_latency,zaM2t1lS8+r8xv/8jm1PfQx7OFZdJ2HOK1C2QA/wNtg=,815.0
consensus_latency,5GGCgRgywcrxnxjHGXc2Go/q/aPlaQG+MMXrXI9++Gc=,815.0
consensus_latency,bQHmOxEPryUtGERw9cpl2Xo6JXnFj3L9aSa+DkTkVEk=,864.0
consensus_latency,wRCVoQqmYC3WLSxM8mVsdBur2qEwAybGFNGx0QahVOg=,864.0
consensus_latency,/CFCEo40ev/xPqegf8Ff7zZD/Wlo1w1ETDL3WMwIE5o=,864.0
consensus_latency,Kum4u4wdtYQGz6tqeeJypz/3XdHocKVDm6BitsBvGWw=,763.0
consensus_latency,cxt/X2FbLpZgXb0SMZkRTxZ1UPuYT9jPEaZHwCN7D6s=,763.0
consensus_latency,df+gKyeZ6P51lAvelzOuMF0s6zg7+nJFNE7A/NYUQBQ=,763.0
consensus_latency,qHiqymVk6nK610n7rw/6pLNRZCfsR17Mu+zN8t5NMGw=,763.0
consensus_latency,13GldAXD/LSc4wqfAyZRVzZ7Uj1bQOILd0dv8bvhrHE=,763.0
consensus_latency,lz0UZlX3Vru/B9W+4MhBcKS4NC70sQ1mpU+JXiJGazE=,812.0
consensus_latency,LSrKPrNuNMwWwkhs98vTn4rT76LdDQyrBjHHt33KtSk=,765.0
consensus_latency,1Lln5OVYNdbSkh9VeNNgx+wvR9Jlyn7Lwv/Tg5Pe2/M=,765.0
consensus_latency,EkwPyLsiZ+2xLA2KwFk6pU7a6zJaId//zeEWjnITosI=,762.0
consensus_latency,IrfdUYqyadVMn1G5NfwAmlffI43wIxnJ1KsTUtfi8Wk=,762.0
consensus_latency,Nk9bm4MoaRPZAc+oNBAYSDEfvSQ260U484LSS1SPevc=,762.0
consensus_latency,aIqHyufDWoCrHkrPPcqxHJ8Tyqlwwba/GynUiip8YJ8=,762.0
consensus_latency,o3NVr6VNP0cd+4XO4+Aw1fq3LOfLtdNJPAxb2u8V68g=,762.0
consensus_latency,27zIXS90nWk6TREBc6F/ZauwdDY0kT62libJvVxCeJM=,762.0
consensus_latency,/QMyKTRM/9kY5Tco8L5Bfn7V5EHDx3XwC4uxuPdiFQg=,762.0
consensus_latency,FO/qQjJbhga7eYqhWzh8wCtVKhsTRv6l8DH1PXvJHs8=,812.0
consensus_latency,LBT0I5EhUCic2xQcUpjWVg7CEkC7VYKTci21uc2Xcyc=,1336.0
consensus_latency,NbBWXmLTeCRQcrCPfQgz4Ojba2bSKiRaMCYykr9DIFo=,1337.0
consensus_latency,YxO4bVzqy6xSycd0iMmevxmFP5XFoilFYtAnmPZ8gmQ=,1068.0
consensus_latency,eAXnhvyRFj8Wws7kVTWjaS9HCrhXH3nukHAtfUwNUgA=,1068.0
consensus_latency,MIZ6BSfZw+2Z9annE8tpzda82tnCRiekTcEs97bRceM=,1053.0
consensus_latency,sseLGtiab3NoMD8LppeiC1j6iHF5YxdUYI0NqfcYJ2Y=,1053.0
consensus_latency,7a85kth5hKvJHESXdZvUtJebPSdLy/ZrOUeCYnOEVwg=,1069.0
consensus_latency,+jlVsjbntgwX3IvvZG4wSqygUr7TNd2HsWjd8FWflBs=,1070.0
consensus_latency,G0GFv2go53eiQobki6OspeboP+3eqO9fyY4vSv24awI=,1054.0
consensus_latency,RePfaqmPbA6NGDZKBanMGJP93r7ge2WnzC6Xtgvpb6Y=,1070.0
consensus_latency,Rht+PdSmYo7wLYXEmzEVAgTYlJlQT6IAQ4+p2XXct7Y=,1070.0
consensus_latency,FjEXdmSDJNNSJM/q1iJyQpLm/xxuXUqjKheg3bGqg80=,908.0
consensus_latency,aZ11lM6z4C12pnOwNYEfWvsXn2jM7I9z7KsVv/GnrLI=,908.0
consensus_latency,sEw+hKiLpMC/+2xGNAKK9VDqhtc/84y7KB1TY4OXFZQ=,908.0
consensus_latency,6VbPm/crIA/DqYlp1cRERhZVSTRgjFglJ8KjFJyMiJs=,908.0
consensus_latency,fuVMFA/zy9lwmf5GYrsreZqcO778lPIXyml9gMOHEbk=,910.0
consensus_latency,01u7WQTPD/4Y5N1qmPzMqaUTYjd9JiqXP0V2gi9PM40=,910.0
consensus_latency,22LHwD8fhzRy3OuyKbeNOMYkbvCJ6dunqXWmVBYinqs=,910.0
consensus_latency,EC3ZpBZa+dvtMI8MSyAXkzVq8RrCbtrl7EqdPD5XJJk=,909.0
consensus_latency,UcaxrBNzgrwJxdbTZWWiXjdkeCtt+NR83d3P5/Uz99k=,909.0
consensus_latency,sF6X10g4R5SKsrVv186W9UgsQuzlevJ5JUH/XmICob0=,909.0
consensus_latency,321e3xnkCpJyqod98NKO2IZ/Cs4SI3w543GM3tE19xg=,909.0
consensus_latency,MlMHOsspIO3P2T5772JK5ek40XsUeiAxRtJoKeK5b2M=,856.0
consensus_latency,iVW0snsomYaE7bsx7cqT98oerhljj9ld0x5o7Asm2cg=,856.0
consensus_latency,uF0ycYDyYf0m0tgFHboFrQyXYqtwT9Xxze6YE8fLY6w=,856.0
consensus_latency,j0WJwtTHYKb6CVIA68LKEge9llLx7t5okVDrfj8xnmA=,908.0
consensus_latency,wrG6yu7mEJv/wpiRn2qjjjt1j3L1y5Qv4/Eyu2JaRD8=,908.0
consensus_latency,gFIGJvMVab2pFrpHpQMWP8+aMD0jGW769nogh5YDSE8=,856.0
consensus_latency,qSqJUoUFO2cn0Y1yxYFF7sgi67RglAygW8ejZb47Oe0=,856.0
consensus_latency,8DdvyB6KCK75wErQD5jzQhdDkCUbZgGACwTApliEyP4=,856.0
consensus_latency,AfOTqZHd6o1/r3OYOhYF9yaVe9jss9cuZ06wUnuMZAo=,908.0
consensus_latency,BRNldezOiOJpuhp3rxh8Ayqcnu2x7O1+0fNc1zgdPec=,908.0
consensus_latency,QmxYu+Ivb2oJDTkHv3qv/WEmA5jA0ciZ2Fi6Czqg8H0=,908.0
consensus_latency,WdXbDJ70sdg57Q8hpLxbXPYBIkX/7J1hwQ0wsNElG/E=,908.0
consensus_latency,i0G7GHXzotzhQqAmzshDqaGluOrLnQYpFH7Kse++hIk=,908.0
consensus_latency,MuI4yeP+9WJAhgNMuAl2XjkVAxk29mht/n/YctKW7xg=,860.0
consensus_latency,SYaWh5UMciiDxSLLG3TT3LNQDhrOGxcEJUeU84p+4dQ=,857.0
consensus_latency,RiB+yFpmXP9I2YUi0E/8fYhi0JOCbMr9NfHg9KFa3nY=,909.0
consensus_latency,pFJcMOpUWps0fWxsG9DdTDeAh6+Cf76KAApTVmxqXOg=,909.0
consensus_latency,JPHe1S/LZeu4Ka4eed5eNGA6NLTeW5YcHg2ZkM1+O6g=,818.0
consensus_latency,c4w9Hy8NLFH3D3d5UkGJi/qJGKY/kAfn6PFnyMrhvgA=,818.0
consensus_latency,kUROsYyKeXiwmJQfkbnHouxYioGKf8WvtL0w6UbuokQ=,818.0
consensus_latency,y/ETHpFnWDdcc11jkZdo7s4uwnWUFxpG48tHNmE6B+I=,817.0
consensus_latency,JQMuWo7hn11AVHStSd31MNTXkFdmhGPIsAjzANEASCA=,821.0
consensus_latency,orcTdXzmP3cXdf347CjxwPU8sKsdVOZfQRuTZ+Ds6j8=,821.0
consensus_latency,dLc4Hh3NwhtGhgrXUfm1QGOAouEM47BMW3a8bvTyafg=,819.0
consensus_latency,w9dcHMA3TgRSOG5fGuv5Z7GjwjZCX0oAVBKRQjuVwmo=,819.0
consensus_latency,naetxNJIylHFVcrYy0RIvdYxHpJGQa8cMtV4DAAUyjg=,541.0
consensus_latency,uZXKGnySAabebYA+b3T06qFDjJ3bzCqEitleEV6W8Bc=,541.0
consensus_latency,hwF56W5mof6KC7Xsi6qb0irxU8tPkfE0m6chNtMrnnA=,1389.0
consensus_latency,6JO6qFpwj3Jy4W/jEX4wCiyFKy7vCdL4cnxZtcjPhQY=,1389.0
consensus_latency,jpR7iUZbmh2VwnPDb2zbEIfiUy5j092ybGXZLbR4nR0=,1121.0
consensus_latency,1cH5JsB4R1T87OWFfjneOzZeLezX5CZUr2axtM1BNqk=,1121.0
consensus_latency,tzlRkVHr+DxWk9sTsOq2pNtRf77qCkpIJM3oGOviCG0=,1120.0
consensus_latency,SfuHy8lcdPrzS9j2kvkW93Rlb0LIa8rKCnx25wDAKZ4=,1119.0
consensus_latency,0EF+QHpzXkOplfkWQ1rQP1fby7GvYk5twnn/K5bDytg=,1119.0
consensus_latency,D4/yLLSFXWAskmO1nYHgaDxvOl1+E1WQTJn1DXsKytU=,1109.0
consensus_latency,FkzcAznEdeVGiEUbElYBQpLzHOmI4RNbFWi2rQfS904=,1108.0
consensus_latency,fZqm56YfB0odNh/lTa3eZjZmJwWoRvcqAG/KGB32P1c=,1108.0
consensus_latency,4j6ipuUhB/cNh0SG95gIbweeKTzxj7dWlrP5RqP5Pnw=,1108.0
consensus_latency,41mCovf4xifyx3eUx2nXf6llufpCPpv+WzHgqSQZzsA=,1108.0
consensus_latency,GoUwib4YQj0St4/8UhfRM0SbvrNrjaKlN/BBp4bJuEU=,899.0
consensus_latency,UCR7ErzBZ6+FzR8ZKrP6CG7uYwK2fLiA4JlU+/21aTo=,899.0
consensus_latency,k4CUpdK5AewEtpyRLpDUPJGgo0ZOiy7P42mu5MJdYWs=,899.0
consensus_latency,k/n/nMPTVTQcO/kR0gjEzzz4rULNtDzz8LxdO0ECJ/M=,899.0
consensus_latency,gmF5s4SQXTZ0CQ2cP6uCAdgnO9G040j9g7x96bmVeG4=,951.0
consensus_latency,i/Z6+1CntIDihB8dNuhOKdb5PdY8gtT3H9VXuUBWMmg=,951.0
consensus_latency,yFJHaLr/wKL1FjFPFX30+j9+42xwyqzYKMiGrpnv5Bs=,951.0
consensus_latency,05IcN0w2D2VCfXrsOOksGynqt6R/CbtEn3HJKjl7P58=,951.0
consensus_latency,NHvVP/DbcX9V/8/h9ld8waM2OX+aEauscJIpf2lQ51A=,950.0
consensus_latency,Tv3V9smur17Da9C2SMvS1hfN1IQcU1TQrHB6qqyIsjU=,950.0
consensus_latency,WQSEUhmXOrHPeY7Rjo0JtRFUwMYCphTbr2BMnIFzO0I=,950.0
consensus_latency,RiIg2B3scugwUJtOKLQQh5m3sqzqDtPeT3UdTBN/SCc=,895.0
consensus_latency,Telu2A5YgYaLQFEVEIWKIcHvJs0xOOr3DHuOesjkjkY=,895.0
consensus_latency,ZnKixFHTKunuuqrIqALbc3bitKXr7o8kmZvTG0s0y3U=,895.0
consensus_latency,9dzu8MiE5PZ/NhyNBCxtb+HAEZDKw/ukIm2Gyc1hdBw=,895.0
consensus_latency,GzB/Xy1DtWOks6/m0o80IHl6hTL1jl7U2oQtkxr7eiY=,949.0
consensus_latency,4yYlC7e6VXexMd8kZpSrhgyVEOyAJQqGMhpW5dGIZgk=,949.0
consensus_latency,7ohp1vpNCBB07SBFKnuOTx6KKGfzoYUuOT/MvENEh4I=,949.0
consensus_latency,Iann5tHNM/+bC+ShOAdox42oixSesDlHxN+1pOg1LJc=,950.0
consensus_latency,cjr3DxEb5ZYXisGEaWYnmYvHdv2AmkJRwvdfNUduOhk=,950.0
consensus_latency,mkQHAwJGhCY+MWG61yWkTUyf2t1wTNQlWGKFLUMkpvE=,950.0
consensus_latency,5TDkRphNvm4kDVwuz9tqR9fcbCTq1USxqjinJxXqh3M=,950.0
consensus_latency,Rc8ONt/1amabbajVGzuxjplG0BeFrwIiDnESselQO60=,952.0
consensus_latency,iENZYMPJdwMr88r9RP6tJlk3mSnvV5eIRvRLekWsPGs=,952.0
consensus_latency,1I3TmhPU7CayI6YCKK61Wlxp9iwlMn1CR2x72qpcHx8=,952.0
consensus_latency,1QRZiqJQ9qfC3u3owzDSsLFopAQX70qg3P7Enle8VMc=,952.0
consensus_latency,yDoyweGuTztgdU3Z2HPe7gYaSR8WxumVDamTFpggiXU=,901.0
consensus_latency,z5hScIx7Q2SRmbAQMujRzJf7vkg/G3/iVhjlJzD7RW4=,901.0
consensus_latency,1Qfs8h3Na4umjCSrNgdptciXjC1YZiWqebvTaXZLjzY=,901.0
consensus_latency,87TkdVd0OqJSbNDBRr2nTaWZTTjHUsmJN5L9Z5YgoXY=,901.0
consensus_latency,Mc9S7nmZdTyw7Vbfn4pbskZUOpoE6uf1h7Mc/+Ac5RA=,950.0
consensus_latency,DyGOZoeXQu8l9xUH5uTdu1Szk9qn9XbwGxBSeCMNJR0=,850.0
consensus_latency,X9yrh2tjR7C5Aw7E7zUj48XA4PNNpR6tX+n0c6Lb7Us=,850.0
consensus_latency,JQNVbxCdCwuS5w4EN1oMspFeT9nzeQSYpkR9zE/6o0k=,849.0
consensus_latency,+YLfPAVhf0L4HwmTK/tzWKAOTar3G7IY8jSLDargxig=,849.0
consensus_latency,NAAHgD56gJGiz16PTtyP9lLRqXYKJqb/pVuc2lXzW1Y=,850.0
consensus_latency,rDZq1pmUIeKTQdk6yinFIV2IS4hFFr/4lLBceTWPICw=,850.0
consensus_latency,F1/SWUHNejfsua8PMoSn4Cc7A8+nqIw9Wsnkg8IySsM=,851.0
consensus_latency,HCB8Ps1lzbqOVRuacTx1eMxD7g259ltSDrpamG5/JRE=,851.0
consensus_latency,cIR4G1uFt9TiXHz2BaYrFWygFk5QC2riV24ntaHUs3Y=,847.0
consensus_latency,nVuXdSEJXrRR5+fx1IbtA7neoVGs3TPhhnEzDldPF9k=,847.0
consensus_latency,fGQz2KIi9kajTvbE+MNe11D7hVBFJOpRxqSWcSNSxQI=,851.0
consensus_latency,Fa00slDYAQwShRrNNH34i3d1dDzP6owtXfxDjGKLIQQ=,592.0
consensus_latency,Fmy/AoQbjoVG1Qn3OQe4cIHvjiATo1Z8ijAHTnTelrU=,592.0
consensus_latency,SFxdsPBcDTsI54N5QVAX+sbfcTf0k44NBAs4DaqQjZA=,592.0
consensus_latency,cBumNrhkLs2ocVbsdsF0VAW6TTFqi+1kMaVkh+On1Z4=,592.0
consensus_latency,8swr6q0rlHJmzhYKW2Bu5HF/Lp7dWpHnt2DvGcUCGUg=,592.0
consensus_latency,RzBxJ2cEzjY68nTziG+UIHkiu1jXj+dRCuJb8bJKUWA=,1224.0
consensus_latency,T2jG7BjF2bbuaqLq4r8zbArucJgrR1/0j2WeE64bSdw=,1225.0
consensus_latency,IillZqJLv7nYEg9AC8kXxEQLPgEAr3qJyqbvTfO76Sw=,969.0
consensus_latency,YjWmDlIUr1EtkAnu9jr17lGuPuPKeLzU6uVFwFY1U1M=,969.0
consensus_latency,HmFGstrgTP709xzspOVvObaDtVXNSU9VNiyBKsNDhXk=,970.0
consensus_latency,6/Sa+B0402ye4HKaCxZLkpm0QYTnMWC8NkCE3X5E8VA=,970.0
consensus_latency,gXrLhTgnFFOlHxuhUe8MXgSkuvmcPVz7RfHz++kzFgI=,969.0
consensus_latency,msofXz1QrKUsyQGTR+bqmhNlIJ0Oym6aFJhbOqb89Ec=,969.0
consensus_latency,ZYYVP6bQHpkEt+ANiEROJ1DgpB2aEz2NsbUwzhqd1CM=,974.0
consensus_latency,JfpScxC4v3+MD4mE8NuYNn373p/iN06ic/uMyrSoNHM=,970.0
consensus_latency,O+F8vC6EG6Iotpo7dEQDgueswQrvB5D7vyzvQQKZlYs=,970.0
consensus_latency,RcCBFY+FNTNRH7BtZ+RnQG/P3SYakH2ZlXS0AFii2f4=,970.0
consensus_latency,YC9Rt3J42hQAhx+dYwpm2DxdOQlvkknnE9TX/5NzIz8=,970.0
consensus_latency,dhNk2mEQNKxKrhTPFFviFhgO4nE5Ab/H3bRgm45agMg=,970.0
consensus_latency,2peAzA2vpL7SDnHFgtA/itMDTSfVXw94zfBPylLDW9I=,970.0
consensus_latency,/zTWUJ6omo9u+yKoJmQjAQY+MBGJrLzRkv4Y23kBCHo=,970.0
consensus_latency,ROZXLL0+m22XqPYvfXpsmIfW5nndnNpEjkOXXpsaMzs=,744.0
consensus_latency,R821rjXOEfrsoJgt/0/gVWsa6khtTqpfXxjmKa5SOWo=,744.0
consensus_latency,uKONvKk+NhTwCPQ42y6pcC2ohQD866Jb7X5qhcxLT7w=,744.0
consensus_latency,/JTBe5Vqf0D8J5nXTgyUSw2TSinuU/ec1So/6igqhVk=,744.0
consensus_latency,GJSNR2tymWNWaYIrknkRR6dQpjEf0TzNuXFq2GLJ9aU=,743.0
consensus_latency,QFvs98KKPJ+CYEUtyBXUKvUIKHC+GsrIpNZvwVC51TA=,743.0
consensus_latency,RVQXjLh4GWyP66jTJJ1hQNc19QP4fXgs6LOcbmZT/04=,743.0
consensus_latency,WmaEHyCk6J3fep0whO/FUAvZrnNY9w8iedA9h5A62kE=,743.0
consensus_latency,cbajgMdkD8DEOSvHgvur3swJ8pPjkq1jUd6kG9eywf8=,743.0
consensus_latency,mXi7VNJnLl1DHNh9MNjIoNklMKEsoSVCaIE1gQteYas=,743.0
consensus_latency,ryrcaqjEFXI7453RrlBvmHxpqV+NmZIahc+e9JXCiPs=,743.0
consensus_latency,0H2Sqj3LZ5mqhQ22Wk1u7wIj/q7FP8YqkLNqbjrBxNQ=,743.0
consensus_latency,Hy25oSwzz91NHlR4oMOKxCwfgX7Lq/CGcTzviOBMtz4=,767.0
consensus_latency,QwoNaFtZypAgDf/UckEEM3i8nBylp8nO6ixuy71N8Xw=,767.0
consensus_latency,bflumZwLBlMJv0nmFhbjTTvO3aLWCV6z+v76aqu9Cz4=,767.0
consensus_latency,+s7UobcoWWle3XEdGlDyqP4g2oe/W116PF10rE8svrE=,767.0
consensus_latency,Rhm5Ez5MawrWV1RIhn2Uc2XDZhxxl5vRB6izYKdpUiY=,768.0
consensus_latency,aKd7ykEeEbgU0J9QkiQi97q34Zot/5rj8Y059PCK1P8=,768.0
consensus_latency,acOBvlw2d6mAJ49qvVMdOMxC4/oqjbeMVi9WGCtTuu0=,768.0
consensus_latency,022aqQIaasGHreJfqxAAkJO/2DCxcdsAXdKAA8lxlXY=,768.0
consensus_latency,3dABlKZED+3KpuNieXnfeF91h0bzkKjZd6uDKdftwZk=,768.0
consensus_latency,73+r+syZmFs2RDIhzGz6t+Qyp4mNnwQKTsDpHLL3VXo=,768.0
consensus_latency,+FQyoG8PI7FkKx8QxoZlyCzxILSfzxZMjpYzVE3rq8o=,768.0
consensus_latency,L5xkhtahgJLL8vSaVOxqoe9fbQEFBctsHb9ezPXOv5Y=,768.0
consensus_latency,l7U6sAtRYUWljwF/gW6wIaAWPcMJQcK9gssFEsekzsI=,768.0
consensus_latency,tu4v7gF/j78hiobo+gqFZArrzqfoMJ4yPNmN5waEscg=,768.0
consensus_latency,8Kdncnmu70KCkj9XAXsqjQbTR5eQ7FQZi3ja+gsD5C4=,768.0
consensus_latency,GDncUb2Wr5SCenFZjtDCodpUbRyXRk5VWJBH9AIVODY=,768.0
consensus_latency,M6Qq/bSkevYy3OcD5gLsbo0mKvNW/d3MI6md71gYpFg=,743.0
consensus_latency,T+6vid0vZezeqfeg5EkXHfMfRtsk3aDbKoOC8/5d/H0=,743.0
consensus_latency,WhfazdGsYZE72QXSZM8gc//amCOzqFqkW543rHEKfeY=,743.0
consensus_latency,bP7HSeFgfQiNArwGFQWjT3dJUXndsSNvUNoWw/QTaZs=,743.0
consensus_latency,4jbkabaCMKqFL4k66vkzndx3Dzi3XInRcS892OIVl9g=,743.0
consensus_latency,5o+n5cTUtEt9fpGPjlTdSxUKIk08tvJxywEJagVJWYQ=,743.0
consensus_latency,6ibYWysSlLwVmXKjBiiyCQmCHVYOesuXUoJRjVYFCLY=,743.0
consensus_latency,C4QOkxa5U/vRBLqEiDx17ouyfkR+CZcMgAaMIWWMe7s=,767.0
consensus_latency,DTpnquEtD23aAc5YZIOaVwx7XjhcwPNJSU3a+ZvERKg=,767.0
consensus_latency,El6GWlkOR+QCkooyHXd1ViGOjS/hb5D+eoJ83Vy2t8o=,767.0
consensus_latency,M1Uh5kR2MpAoJuqkXYOJKRZk/oLE4wS+vxSCZM3JVlo=,767.0
consensus_latency,OC6YbS49B5UzYCZVekTZjUjfWQwymNGRk77CGD7Xjmk=,767.0
consensus_latency,S+pzPdfhf7rvdrX9FdMdYJnAn8Ceg7n24XQdILtEnPU=,767.0
consensus_latency,VvJlwTzi5hVH2f6N2Obti6PHg71r7NX4tdE9v82evMo=,767.0
consensus_latency,gn8FUqqEupphYOSaCxrgLlQdHGDo/ZZ/uAyfWJj2xfo=,767.0
consensus_latency,mnG+HTOJI2VFMSd6lG+mf9mYY+mb0iiICskBEpfVmoo=,767.0
consensus_latency,srgO6alOVeUn6WkroJT2Dn+sW10Iby/lqtIHyZTYpiY=,767.0
consensus_latency,vngsD9oHka6tgoBkjSTbUy8p58Rg8yd8QcrHTHl7jnQ=,767.0
consensus_latency,9hm26JJdZZuCABD1T/G2PLsmzFijk2+I833AcC5JFsA=,767.0
consensus_latency,lqi+whBeQyx8yEP/lbaC7Bv7dNNh9vEdw3myC5lAy44=,766.0
consensus_latency,ozUkdVSQi+B9NUKbll18RPaAtMQyzxRQGWwYd1pEF2s=,766.0
consensus_latency,MRY8UqThbRzCkBLcWt9FL0GiNzcrSI3ly3ATVmzkugo=,697.0
consensus_latency,YWKFyG7/EaKoQaXW5clIqegbr+0Iqq07iloFMapaCTI=,697.0
consensus_latency,wb3g1QCaYrcET/N/Og0qLyzuxrX/AGZECwTMKXMreZQ=,697.0
consensus_latency,zNqdvdEeRMs654BuMNCoKI+wtBT2OYW/d0wn20v86Fo=,697.0
consensus_latency,2GbHdILN9yeKJ+hhLVFd4tvZbliijiZ7CE4Y+toOQ6o=,697.0
consensus_latency,4OiIGEOSoO51Lkh878uXPEAEucT4kOuvEm6olMCLcAY=,697.0
consensus_latency,FWurlZeNTAKZyeUg9hxKcR9VQihGdXI6MHhHYnL5u5E=,693.0
consensus_latency,iXG2FbB1GWT0wsO1XbwrRqabbjDjgwxXt+oI5zUav+s=,700.0
consensus_latency,HYY64j7k+VmY3EBxpfdfaxH6flnxCvh+Qpex8vUPB3g=,699.0
consensus_latency,JKjtiRnmjye+/F2ThOqLFuYoNH9F0K00oFdzB9yCipg=,699.0
consensus_latency,ILUSuHxRivGH6m6DD07B7pVOnluyK9pRNylB/zd4UFE=,697.0
consensus_latency,hWPFusCOj8RjFJfvTgQFlNJ697i+TF/SQdGrt3RQe0o=,441.0
consensus_latency,neE2Y1qK8BgietyGUA0PzW7CrK2L0d0ANRS0z/k/BM4=,441.0
consensus_latency,zNjsE5CWmVhFpBqDXGamKWwuW45ayzDlaETSQmu5ta0=,441.0
consensus_latency,IIwYn4Kf0dLBoLbk11KlFGbfeAFgk71xi69BFJQfUh0=,1217.0
consensus_latency,oIzmgUXP0B2pj1uw37J/Bdgp6u6PT6FQ/T133bWFw0U=,1216.0
consensus_latency,9TDLY4dKwTPz/s2zSMkk2/3TmWko+gbw8z05JNk+i/k=,1216.0
consensus_latency,E6UFUJD1vyzXijf8ytWQO2BDI7O3lIRQvr1CmJlWsks=,963.0
consensus_latency,XM0KqgndQPpRGKTxjY38JpBsdVjaDzKOV06HZHsODi8=,963.0
consensus_latency,rRskMgmC9AMCWXSeHPl2Nl+XTmMCWxjP/SXIJltz2hA=,961.0
consensus_latency,5KMTHjjIYxqdYOF4527QGuXH2anICKr+QVlG0DsCfm8=,961.0
consensus_latency,PgAUB0oMrXj3CZBliveuoDRngIaDDdiU8+HmH+ixSk8=,960.0
consensus_latency,wluRPkoCsHxOQQLU+9x7IHl1qsnZHmWcvZY3dBLsieM=,960.0
consensus_latency,FUpR7FytMh94tiEuN/BaTcFThYarzxdzbTttGMrNzHQ=,961.0
consensus_latency,GOXzmZmDVEk4aYdnNpWrS10yc0a8UF805qMEG1keWak=,961.0
consensus_latency,MOuiPSwzzyRx7ExCJAkhnG+j4Su1grHwgK/CTSSQIXY=,961.0
consensus_latency,wi0xW6rcsOwTy11puKexriid0aY2ga8oR4dm3/DABP0=,961.0
consensus_latency,NP9Ax1DECPIX/xGlxsG05nJ8SpiTLBgGAJlc1uDcTOI=,796.0
consensus_latency,Rf9xDDJJG8fnEcEdz+qNHI2pgDDCvKB/uT3I9smUqks=,796.0
consensus_latency,1suD1dlAKrlp8okB+e1L3n3/nj4Dxz3395u7cT9HR0E=,796.0
consensus_latency,3sdwS0PDYFgPxKm+3wFugZk+s5rYwfgtqsZia+ATA4g=,796.0
consensus_latency,DzuIGACwZSHC6QJhODQj9k9okjGkS8HR+McNsmLJ3Ls=,796.0
consensus_latency,MHGCZ4QS60Vv9BeW8ROW/UAAhha50+4xQyDmuwLMVW0=,796.0
consensus_latency,ZZJMKWHtDRSv4pp/dkhm0erCX8KlpV0UpdPCYLh3/9s=,796.0
consensus_latency,hjRfp4YK/24rCZwCHdndmseNJYVWmULSVA9xKkwaJpo=,796.0
consensus_latency,nHtlHVUzbC6VV+WrQV+zGra8gIBcaSaP/64yvHf+9ac=,796.0
consensus_latency,c7Rijg6Zkx83Fs/5WPCpHtimZ+RUygUmWBYX4aclPN4=,794.0
consensus_latency,iM8diOufWA4LrQ68UKhyPA6I4ILBWCfvyFlSgSZozU0=,794.0
consensus_latency,ZTPocZNder3t8kDS67BfovMMSp00SjTOW2SWjKhPuWk=,797.0
consensus_latency,00O/9y7ZTZMeEEEcOs5NlzjT8VnmmBGugeASnRH9KGg=,797.0
consensus_latency,82vXFrhgZMeSXLUkl7IGqPZF+bHkwMhZgwSVuDhO5kU=,797.0
consensus_latency,RZK0AueTy/By8tij8kytB6gMryffrkKxwvLqFxcV9ZE=,744.0
consensus_latency,iyzO5Uu9CVcndHRN9wsLFrGzJ88C1ERt+eSVmNTTwYs=,744.0
consensus_latency,mKQUuZAYtgyMMveC6TX87Jc6JhhngjLTxVglUOEtnso=,744.0
consensus_latency,nBPL/vPAMc8cFXnEBugvb9glhyf7XSX6nAlHpM78tFQ=,744.0
consensus_latency,vyP/kaunWXlTZmuo8xz37qNJlyWCY85IfgrazpFBwSI=,744.0
consensus_latency,1tP2e/5hNx44NVDs6XZ4tgI8oZh3d7H71ZjCXsg1QGM=,744.0
consensus_latency,Z0LFxbNjs6FYd3Lc7u2+l7XjOOjDVB1JA9D3kaEhD2M=,796.0
consensus_latency,mcgLsMtSABIWLzV0clXXqXW0pjyGqik5g0njF3T8O7A=,796.0
consensus_latency,pdVJen7r+e4iUEZ5yK6tq9UbJ+zcCaTyNo/SqxqlNIg=,796.0
consensus_latency,/ySJzK8+kI2FwXTq/Imbmku9uV17+1UsWrElvkLLDmo=,796.0
consensus_latency,gLgRs6ukm8/sqcLraZEwWM4Rn9tYlSY3j8lGu/8Xlys=,691.0
consensus_latency,xluVDNtKZIOo5jtg7kwStWcRbcdRSZKxr/DqBQbuinM=,691.0
consensus_latency,VoSU+cm3BYGUnhKNzI9BBlw/DnE5gt0JtdRUFAsNiz0=,694.0
consensus_latency,WsPWM1pfkineJahfR3p7sb55pWsO2GxipisJz+ee6ew=,694.0
consensus_latency,sfHRLTXqntpxEdsN/Ov2zOVok2EByFwQOksYNrt19A0=,690.0
consensus_latency,6wmjLaq0xV+N+UPkmpDy5G7Z08HfbeX457PfJ6jhbfc=,690.0
consensus_latency,rNboMx/36t+i46/jjRbhGegFD5KGAiNNB4xLh5CFwu0=,690.0
consensus_latency,0RTPaI8i8uzIoNY0avgDqdNCgE9MWfMerJaOQE3I/5A=,691.0
consensus_latency,WhK5TqDi7TMpCqFTv6D8FRjD2ofK7nDFFiNaMjiJjBU=,692.0
consensus_latency,jOSDLbK1whEpBcMlXSXjZi0fgAFarmbvZUvFjMffxoE=,692.0
consensus_latency,i8V6VpR+xmEBtkSaL2RfD0wucwvBofTCZ/YDTN7WrKw=,2444.0
consensus_latency,KLlWpxz1QTzt5HHuMJ3gpmzSimo4UbhvnKq7d6Jgq60=,1717.0
consensus_latency,OKoI3z1XzF+3DbRM6GDwhvK9lbdhHiZCwz0zjTpBQWs=,1717.0
consensus_latency,ekfnrYJBjVhUtBy/2KNmkUL2uAGj8/4VtDrpX/5RYN8=,1417.0
consensus_latency,VjuNrrBAsBBD1c7ZIJT9etImf9tra6ULRa/8tF+pwR0=,1414.0
consensus_latency,cI0BwduBSKdoh/czIGt6rhqCv+//+1dNLx7wExUeLNw=,1414.0
consensus_latency,w9xGd0LwOCTzaB44Pdf5Oe5FtMLx3l4LrZdPxaCsmMU=,1459.0
consensus_latency,ZAIsnqdLaIp6lJbo2C0iV9flyl3tpZX1p8XNhjdDK4E=,1456.0
consensus_latency,DNtqI9f58qLX9uDwky3tUpjWpUBtMf5MSVnEWql6F2E=,1456.0
consensus_latency,K7C007TK2NQ6XTN8j1HSvuuZjCgpF8o5nEQ5VO4raEg=,1457.0
consensus_latency,hLbvtuxJTU/7Hcw/wxh5xxKeyldJ3VXzw7bSypyxQdI=,1457.0
consensus_latency,oO1vM+h5MlOLNUq8yBxfGGJY5uTdd/WArIrUVHvsS1o=,1457.0
consensus_latency,0WzI5KQyebedCIIWhRioQNQyc6ozCUyASNE8UaHT1wE=,1457.0
consensus_latency,QSWEb46twwKMkTTa0m+KdEzRZhQ9PoHFy5sAZH6jI5E=,1286.0
consensus_latency,Z79qdTTALr/xfTsWjkI/qHahf4Bck2x+t7Wa7y0oGQs=,1286.0
consensus_latency,xg85v0h5IPQlOA9aXVd3qTzm9lCuOFP2ayCCj9FcCko=,1286.0
consensus_latency,YVGEE+cX153N5I6NG0pWwGB5zrjwZaBbeUwmTPtF+bQ=,1287.0
consensus_latency,gImNR4BWYnAOUWOCjvjlz7w1LdBzaS9yXNro7MxY2P8=,1286.0
consensus_latency,yvOZZQBjmvu/t52hy71yQBhQhwrK96w5f2f41e/XDFo=,1286.0
consensus_latency,6eZ7ozL8LAAY7nhDu+waMXl3w34BqAWf6krO/afI2TQ=,1286.0
consensus_latency,iyTh68zmoywEV5B6axeTY2zfQlG1ZLG7QqNupHv9msc=,1288.0
consensus_latency,yxj7xM2clNX/Z2pr5Gh0FFQ7ifFLInt/oHqs5JED8NY=,1288.0
consensus_latency,u1uxWJuhkPVn50g+xpz5iEif0sXaVmwFbBFTdw56jPs=,1234.0
consensus_latency,6mtGJNUjHCBK+4YPb/X9MFcOPsogkd0GfsnUI5fSOX0=,1234.0
consensus_latency,CxQiC6+v0BIZ3uZPDTNkpux1PgZ4Pz9QMvEa0LFqomY=,1287.0
consensus_latency,PO/KUPR3bLCOb95i40ijCXaxAQjFs9I/cHTnUIacdE0=,1287.0
consensus_latency,eZxrILs2z4pjn+bsNI1g3rprtabGGvHtCDDeZh/++x8=,1287.0
consensus_latency,qSDxCqtoME6msPqu04mqJFaJMtMmrPX616Mw2PVG9bM=,1287.0
consensus_latency,SBFkEnsMXMxMO5pYmE5Og2hm4WLSTF/GivzddTOitzY=,1233.0
consensus_latency,+h154W/8MQR1nb8V/+Hi47iMje92evCq8/xN/HJ+MT4=,1233.0
consensus_latency,vfXUTeWSNiSjN3Ea+R1d4D8oiMcUB8ws3rgSIodFwkQ=,1287.0
consensus_latency,7bbNoO6styxzYh81ACCEHqcz6X3LNRWkDx+u90TBJz0=,1287.0
consensus_latency,9grSqqDVjrk8G12gDvCdnczuEOuo/ojB9mLnySaQBZY=,1287.0
consensus_latency,+nq3cX3u6hMGquz5FXR5d/QgKEt5DX1v6vZAxfzztro=,1287.0
consensus_latency,XGZXsM4POcluHiawZSiN4MPGElWRlSnARV8FpRJ0gMU=,1287.0
consensus_latency,YaFzyheRoZT2LbXNiGxqAcGyL2is2962gEzdAQ3nYHk=,1287.0
consensus_latency,aLhp7JYEwnNyJqgWlDDJUQUTGScSXsG+RQjjh31oVmU=,1287.0
consensus_latency,pAeYU8RmHpvlrUpzCqwlG5O+467hn40Lno57jEMAn+o=,1287.0
consensus_latency,tEBrvnKTcuHHzpH/AMDmy+U2JUkEL2yoQSDAKZ/MWQc=,1287.0
consensus_latency,v+CLuQQDnguqZzd6/9Vs+Wu4hNLKZ3xHGCDy346f7hU=,1287.0
consensus_latency,y8WcI4SOYXTqKZzq5k6Ck0YKax24+rLADdsl85TEZ/Q=,1287.0
consensus_latency,13b+rlTt8gA/Di76MAG/1pL8G9k5gb81b8JfwA9P8zo=,1287.0
consensus_latency,iPVbSa1M5d5b0pQBRCULzXqMDGOiI5ELo20b5Yk9H8A=,1180.0
consensus_latency,t1npMaishEamzg8A/WnJRizqveU4jhx9WDTlurkq0YY=,1180.0
consensus_latency,ThwlFFzAkHfW/JNdKrzkDTqtZP+Hy3KJ77N3vjdux3o=,1179.0
consensus_latency,cI02HSwpdkAfbZQ1307JBBDCUjM5MR103IGpuTt/KGw=,1179.0
consensus_latency,ETuax79gGFCDV+jgBaTdn6ZgW8GtzgeVicKuF3fRhys=,1180.0
consensus_latency,r7OTFEKDJtyyTLTHjhHYD+TDrHdFGYhdFjAmr8FHFqE=,1180.0
consensus_latency,BizJualJ0T9ejuS7kvUEMRMF+6wEo6xXn377Vm4r1Ys=,1454.0
consensus_latency,LSzeHKAaeY2C2PaHDAeavtT211z9yCm/yV/tQ2T+O4Q=,1454.0
consensus_latency,PgdyQXqCmK52CUNKFPB2Z5GG6Y1za8y+4J1kY1xyoo4=,1454.0
consensus_latency,USqeixe7vjd4jXFM1ruIyTSdo0qtcewB5s5sHeg+mxA=,1454.0
consensus_latency,xOujxbpCL7GtyqCVAIVi+V3L4ALUiwY+S8H/x20RtXU=,1454.0
consensus_latency,Cactcbj3ZCOAPIMtLgHYdxyW7yw9/8gk6CoeeGYZaGM=,1402.0
consensus_latency,Nsa5elllzhhh3sTwE0Odi3yU9YlOaRCBs4yCsCtFzAE=,1402.0
consensus_latency,RlsjTjt+bjrIu7ikSnAWZ0fJLECt5XxzlE4ZM3xySCg=,1402.0
consensus_latency,ZGkzsoR64WmA6fs+OJOxp/cQObmBTTCypaZPPMVPjeg=,1402.0
consensus_latency,gGLYfMkQZ13RHdflMWaVFaj6HK+VGe91Lze6jM/yiZk=,1402.0
consensus_latency,gM0Ufl7uXkgjL5DJCJCg6X47Tl9kb1oK+FfweZ36xDo=,1402.0
consensus_latency,g5cW5AHbRe7oEtuBhWbiJeJ84t6jg3tI/J4QCnDTH+I=,1402.0
consensus_latency,ofwoGwEo4tlNlYUvmrY9MDetBJf2UC74IivCCDbzAZI=,1402.0
consensus_latency,pmpbYid/zb/UZQj/5u3FNKffok9s76tOoOC7Mkahh48=,1402.0
consensus_latency,vhpm5NQUbs4LQttpchOPw2yjuEI4Bhgi0KP0ldKx+FY=,1402.0
consensus_latency,0jzS83V9trUq/Hipk0udpX3+ixUsbBYkbdMsmhaKXQA=,1402.0
consensus_latency,28FH+3qIw2vj7os64bUJJCrtybuIWk9t/7MqgmAXq8E=,1402.0
consensus_latency,GcedNoRGsUR/fR0Oqp/UPGIG0kwxQ0Kkz5sgsYxW9/8=,1455.0
consensus_latency,MnmRqMFsG5loE7jQU7ih1J90GoSnmMMoz+1UhT5UHlk=,1455.0
consensus_latency,RTh3s59EfTlxe6QAp5zjRPCJKAbXnZZ7n/Hsk+GCM2c=,1455.0
consensus_latency,dh8s7dH2Omq/xF1vSV1G4ZRB73sOVP2BbFCPJF4xvWc=,1455.0
consensus_latency,e1vNI1ErEEdGxT2Ay55837atTL1G4xh5AikuNo4hwMI=,1455.0
consensus_latency,gY23vyDm7kpx+/wLic2JkRUsyKjkQn/6mw3Ww/D/CQo=,1455.0
consensus_latency,qoIYAsd5K5vO2SlxPdbirzj0Z4ovL9RP6jf+qIWR+Ns=,1455.0
consensus_latency,v+rFdBrjSaX9ovUPHSl19Rh07f46BeFctWegZoyaqlI=,1455.0
consensus_latency,xKUz6cpsnQiVa8VFN5JKFvaU0H9mwTzVjxRtteeBYt8=,1455.0
consensus_latency,6fAEbAscSkl0Db/UUwqKbDBumVGiaEgZEDvIBUCdlq8=,1455.0
consensus_latency,Fdv/N6hfITEk886/YU+dtJsnzORHDXhF9m/OsGdJhPc=,1200.0
consensus_latency,Fv28CIcdMEPxFQYIi2Feh+4Kc3IDsueZuIGrCeSAKiI=,1200.0
consensus_latency,M/ya0KpZtXGmREEjaLaWcPQ3DtRKzcuvdCbsNMXiWlU=,1200.0
consensus_latency,WhguoU5wauYesOHWlS/p7iqe5BLKh+NXcZby68YxN/Q=,1200.0
consensus_latency,YnVkdxz2WZSwLr3DsqFMjhQCbUxkX0g4KX61rFpl8io=,1200.0
consensus_latency,addwAcjBP9XjjEVGG8HUqvhWDKW0ep7mOc93Fjq5DWg=,1200.0
consensus_latency,nFVy0m4Q9CKIQDzwjWSx8Z5rzFBPqkDLPq9c623dtsI=,1200.0
consensus_latency,o7KWRMrOuAwTxui4czowZ0WxCYYxB9xdhKSYzdmMzcA=,1200.0
consensus_latency,zFsisyHgRNwmOlUv6ktnkmjwGbWeWuXdg9tJe80nB38=,1200.0
consensus_latency,0u+89VvykE2b4Ou8kx4ZKeQtHGTOMURxSheTj3FZI44=,1200.0
consensus_latency,4oAFtcu1msJdpd6B9C305MgKxFLbvB+7JT8Yn9yhhE0=,1200.0
consensus_latency,6RgK14bPnlsq+PfPQUfjhzt94yxU6NV14Me3OtEsZrM=,1200.0
consensus_latency,9kkMOWRR1J5ROdgkUXfTwZxkHxXKKHQpUsCJTvkaHP0=,1200.0
consensus_latency,/HeD9ejIQ+3VqEWfzyZoykSdfOp56YxGSZFoi1wRHFE=,1200.0
consensus_latency,BygZlGycSpiGriz/3Lfm6WwXMfrsxnvxfHLYKrmUkZs=,1254.0
consensus_latency,NKL4Be18B+pcbVaf//Ih+bmnX+ecDfFflRk33cmHnzg=,1254.0
consensus_latency,NQKJXNpIw356qEGNQsHahfIIO8Qah+h4xlnp533PqM4=,1254.0
consensus_latency,QipvMVYZlB8hvrYmz8mos1E7VbWSoS6Nhs2tRaLizxk=,1254.0
consensus_latency,bF8FhZt9K1bR1ZkLTdozXItcuYfmD6VJhMSwnMu07M8=,1254.0
consensus_latency,0iVyrRy04vh4YzGtybMiePUq9jHu3jKx7Rkv9JmFQzM=,1254.0
consensus_latency,DD8g0a5fEeqaar76JRr/KT/Z7peg6KCtFTNISZh+wl0=,1254.0
consensus_latency,R0YW7BF0VYoQg2W0Sdf0I6r/K4gUHYOXC8PSNvA/QcM=,1254.0
consensus_latency,1JsHUSGKiSKsL5w3dNHZBMdgqqe0x0LiFzYBjm9YEbc=,1254.0
consensus_latency,JXpblpnQj5k6+p+n2Xw0J/LGsiW77/tpojDTnaFPPN0=,1203.0
consensus_latency,k4PF4tw4h71y43u7GBLzQPTgGOoFQMOnN08wbqGBuGE=,1203.0
consensus_latency,GkEd65ZiT4f9UIX83bE7bhFdKPlIHwDuwJBMBAng3/I=,1201.0
consensus_latency,LwWIcg79zEJOz13myHUIorfkQq3bRfoRaqa472YMRPI=,1201.0
consensus_latency,QrImODEVWEdjyi+iB+WxPps930jC1WGKZ4BQyGwBkqU=,1201.0
consensus_latency,U/6Up8L3YZAlTbhRI3grk/5GH41DAbCxGYn4VZf/rWA=,1201.0
consensus_latency,b1+a4gmrUqk4wkhqonxkJ3O6QqJrdVdLwLSao3eNKCc=,1201.0
consensus_latency,dZFznp024O8n0NMcjZ4q49mN9KkKEGjBjx9L/LsX+eA=,1202.0
consensus_latency,d92yYQAm8GVadcDCM6ooD/SWtXzp4TBh9cYVQGN+tcM=,1202.0
consensus_latency,e5Tu8GIpRUzeiF0XbbQD5Vuky/N6YaWSkyhaKJHMXRM=,1202.0
consensus_latency,fvvJs0RmHlrnGJukupoTEElr39WC9jN1vT8EtvTyUks=,1202.0
consensus_latency,o9+NMtn8Vze5Bq9uOnfNqQfIy6/p0Q3INKt6p6ufkAs=,1202.0
consensus_latency,sEt6wnvY2b94cGafc6aYYP5ShZbAS6VzTGMuHbsis9I=,1202.0
consensus_latency,s/Vb2RmXDP7tRfLauplbK7jiLRPqU6PMmgNZs7AyYZU=,1202.0
consensus_latency,vPQWuZmhtoiB5lz7Vj3aW+yxpncFoUid7P+qVixELFY=,1202.0
consensus_latency,1pRPCzsHkOa2+0jH/tfZBN5OWO40eyHCzjut0uMKjFw=,1202.0
consensus_latency,9aga7J+0KRW1/m0GEKWOgXq9i09GyeYTikyahggHvrg=,1202.0
consensus_latency,UKHwYRk1lyg2skuuMV2sIWn2AAN9y5uXgkC0e0/69zc=,1255.0
consensus_latency,YezdguPUWdrgwMu50CBnEcDQH+o3rc81BVa43fczKWM=,1255.0
consensus_latency,t2YPrEKTlZH2ZjTxwnMFVD7pLbMXE3WWH/zR1dMEzPY=,1255.0
consensus_latency,yPB0qAP7lMCjZ6xt5mql+euDtu57FY7Z/MCm3ignKxA=,1255.0
consensus_latency,iGMpNUtmxkXQ0fWu9pbNvLiEIWhkyUFY/55vPKB+I5c=,1152.0
consensus_latency,RXzUMFLQPgAISBClTDTJB4Y2Gaum1rCXvd8zsXEda5A=,1149.0
consensus_latency,jGrxnbX05k3GmKLbPVmpqN4mbsZgi2xknRjYnIIWK8I=,1149.0
consensus_latency,scjWdq6+t4lrK6Fkf40i0DgIeb3frhpb9YFidEYJ0Ts=,1149.0
consensus_latency,yznuRZwBlEuQsCxSX23++W5GmFN9O2fCetlYAVL9DXQ=,1149.0
consensus_latency,zGk3AaIB6NzW2VODr/zQi45igRPtIaVBCnMaIgld55M=,1149.0
consensus_latency,1DDYhxjge+89yXh5d+9h0vxsL+/wL/pRTZnrNcuu+3w=,1149.0
consensus_latency,WCil2rzCrLqqQ85jvm0TFwFtXeYyU3ZAjbD+upc5QVE=,1151.0
consensus_latency,qY4Xl3I57Jov8y4Neq2XH0mih1jUbhd8WLIIwaq2plI=,1151.0
consensus_latency,JL5nXphgrrD1WAEjOpOefkHTMVUn5UxLxfyjmWBoMZo=,1149.0
consensus_latency,OdN2shmDbPnMEX6NnMc9bqkyq077G9KPZersWuffIgI=,1149.0
consensus_latency,E6v2ZEIv8bRDse3mjlXL6CTb/0/mW5KlMYN4YOICGAo=,1156.0
consensus_latency,2VxUZ0FfgdTuQYTLRdLpI2JAfZlL40akc4wix0BFkYg=,1156.0
consensus_latency,HDoWtE4q5xAZtcz3CUNN3vyiEHneiMyWClHLWr/lNG0=,1156.0
consensus_latency,+46ZP9C8oYIfvREiUn6rLFoOWHCReKXVx5U1pyTfcgM=,1156.0
consensus_latency,Wc4pEqyUAeQKR3hEE7sbeMImk++d5BfJAVCp+iDDzuk=,1157.0
consensus_latency,QuPe2k6Xl5Np8NOmvAj6zLMJouKJzX1lJh/n7l4TQAE=,1157.0
consensus_latency,lgrev6+Kd7fGmXT/Kby7tFzzIm+VfInaz/C7b3mGdqA=,1157.0
consensus_latency,CohrD4zNdEVP6v3ZLfKfwYG95oZY2eHR8u6lorDHjRU=,917.0
consensus_latency,J1j0BOGomKCtOUMG/Ak+eoQfqekiqQJKr4I2CbKJdkQ=,917.0
consensus_latency,Q2lzZnK8/zrbZYUB/n7Znekohws5twpiw1vVzwrM/mQ=,917.0
consensus_latency,SrCwukzDg4RS9UILdYoKMVsCLrUWFPI26uqfLOT1UDI=,917.0
consensus_latency,U+cWP7LoSHT9Y97vnFoUdoCAoGb7wq7jk5J/x+WdP5M=,917.0
consensus_latency,W5OgEDhfA7vJ6lDG4BH7uYAfhMG61o/11sZlAaSW/B0=,917.0
consensus_latency,W74+c6g4VRksvf1kyE5ZIN6hpY5jdxw2CGA0j8kgThA=,917.0
consensus_latency,YaeFY7Gc1CfHFeFUz2IPC0isuQIKnD/uiwyfw8gEYGI=,917.0
consensus_latency,kWxEGPjYHzUQ44S+bFEgtiHrgQ6g9ar/4t7NEkaf4xs=,917.0
consensus_latency,tD/D3ZCRGzUBW44HFJNabKR5FCRcEXHbcmxkIl4RnPY=,917.0
consensus_latency,4S+Yi0diH5EwuCbtoo69JWS22GOQxr/x3uGNTSmJ7dA=,917.0
consensus_latency,67cZLOdJEvHpErfREucIvcNRLLS7Gwp+4t9DXb+DOcc=,917.0
consensus_latency,Pu4kt4F25Bys3en7s/0N54Dmq39SB64CTmlEcQHcvdk=,916.0
consensus_latency,Y2UTMkTQHLWp8CWK+jSfIB2lo3B7fBlc1CvPHybXfD8=,916.0
consensus_latency,eujNa04q/rMYN+YQ4xPlettoNJxi1xGnI8SDfKeOfAI=,916.0
consensus_latency,fWw7GlCBVe1H/eSOjYysr9RoRLLYXP1NNCQnHsTAIf0=,916.0
consensus_latency,pQAsVZp1SLz0GCvqLtxUTJGQepgCRJ2Dr5jEyhz+A7I=,916.0
consensus_latency,sq9jsCOx/GnUSq/cI8QCz/UQU9MHVgBmI+Fqni2AHhY=,916.0
consensus_latency,wgcyoSUpES7i+kZhk1CJBfdP2LkhGYI7x4gjbKAe/EM=,916.0
consensus_latency,xXKpjA4bq3wjy57HW+SdvW3CvxtmeToXx3H3loQV76E=,916.0
consensus_latency,x5L/ZmkY1Z1fLVnq68icaC8ALbpX+kahzM6YdyNjCmA=,916.0
consensus_latency,yS/7adVSW3NRxkgft3QoFQ9E6pmtn8dnHQPAftkTsQQ=,916.0
consensus_latency,35tGbiOVtOenY2LdXvWIBvlweNRL6RMXu/biFXrOOeo=,916.0
consensus_latency,7o0DEQVvMNYvy4LN/Vu1n62WF2VubeHaoFXkuADxHl8=,916.0
consensus_latency,+HUQ+cqGSqzS5wTDB2olBUI4RB4tJidxBN5N5BM+SDU=,916.0
consensus_latency,F/CpjYc+sn2CXQYk4Qj5X+6aEp1Bydy6cvzEWg1PW3M=,877.0
consensus_latency,Gf6Nq9MMPnhHQE090hoRGiBXyUd5OGeq8ZeMG1rLUB8=,877.0
consensus_latency,G+BWYzzTb0r8RT4mJnKYXKPU22SHn4anw3apQZFsyPc=,877.0
consensus_latency,IPDdL6a2sBHbVpCUvuEctLsbqrPug8iRQ/diGQvjzEY=,877.0
consensus_latency,Ks5jobrWqG7+kMm4zc++Vfw7uxxWpIVcgYhp5zKqP0Q=,877.0
consensus_latency,PoEYKK0Y6dabJ+ebM7Y1IRd5edZfiv5en3BUdlbBWi8=,877.0
consensus_latency,SXu8vRvJdt6/wqubOflwasDaSt59w7k36Ce5xquCWqk=,877.0
consensus_latency,ZBJp7MAYK+qoHNd+E3mhUdT+dKh3b3YkNwEdnij6vqU=,877.0
consensus_latency,cuyinweM0nnFCKUjXGeqARifY907MkObrGIj7z3R7m8=,877.0
consensus_latency,esbgJg42+Job5pYidlNStp36cescJbvagzYWUuR8gyA=,877.0
consensus_latency,t5sgHeEyktgEeb7nHg4jMPRvmcqtXtFqAPY/lTcqSNo=,877.0
consensus_latency,3MJuaWrUR0V9ZqfzBsTaV/+goNA1ezK40G4zn8/xwFE=,877.0
consensus_latency,e5yAhYr4BPXiu5P0za4RvvrORCXIaVdAd6x6+xeSzm8=,877.0
consensus_latency,mB0334XBLgvxJduRumbpbKMoqj+vuyNfaYUvjATeyoE=,877.0
consensus_latency,AICHeneNlDvEb15lKes3cUZ/hDsHu0XJYvW4yUMt45s=,823.0
consensus_latency,Ax0nj86oKvFuuM0LAuQpEBuvLc1SD9P3DJ8hPm9WXc4=,823.0
consensus_latency,JOVhY5CNDym7zBPStWtmXa0z2OwPAcY9xu/paPrKVPM=,823.0
consensus_latency,PqB0vIo5pTj0f0w5BEXqdfPe3+UPUyfzLYl3kukW6Is=,823.0
consensus_latency,VNK5xWD1ALwJFKlCVaCFMbMN3Z3+NRBjJa4caAkG5sA=,823.0
consensus_latency,W6DE7Z91ze7Ajy+8tpl+KGci66vQu/cfqY9dy2CR8vE=,823.0
consensus_latency,aFyGg6BTO8SnBY7o+SK8//cMjGONKlN+py0y67odPmM=,823.0
consensus_latency,fT9AFiLktxtggfR9eANglzKnFvmbt1dkFi776W7DUl8=,823.0
consensus_latency,gd0pBErglRxymvXZHaYgK14LJJDM5CimjHyE9QaE7ZU=,823.0
consensus_latency,plzr1r/J62ho3bCqiTqKQu8KDDxHWcYWBdQvk4bP9Gg=,823.0
consensus_latency,wh3sq85UbgqPV5J11zEVTtTaga2I1EsJSofhN1NcQGg=,823.0
consensus_latency,Tg+8DURFakt3kJMlsnRSp6XGcC8ZasfNLWSA2DxzgaY=,824.0
consensus_latency,shXs44jWPM4dBxWyqtrRGn7jMJ4lfcDnGYeuM/GXJeM=,824.0
consensus_latency,9TYNnFd/i+qOL++STqfJ9CQpZtsgzjOWEmXlTcAcRCI=,2533.0
consensus_latency,GUrTzd5Xs1uOuGKENeVuJzKlqEUv+StwTgJuoaKpENE=,2534.0
consensus_latency,vNP1Gv0TcKqLDLXORQzZvcohVdmF/PxFqNe5CvqZVfM=,2534.0
consensus_latency,C2Z8jjXPKpKkOe+rVHpZ6Pkp+iOgRCOEjtbI7ueX8gA=,2534.0
consensus_latency,Jg4hLway4XOMTgC2rHCJ3ZO7uZro07zxR8z1YY3j9ZQ=,2534.0
consensus_latency,NoywJkmWbn+9hfGCKxeK2x2Doc0NgClsHpFrYLNdoro=,2534.0
consensus_latency,U+bZ+E6isDD2hQpxNA0sjUe0Z3XHeExoCG6pvu0DV/M=,2534.0
consensus_latency,YMUsWPpK6Ox9u3o9L60g7PQ7BUzPzAsyz5SlQuj5l4Q=,2534.0
consensus_latency,fca7iBInhoWv/2SySpYhiv6kWTff50HUsIkolZ9SRK8=,2534.0
consensus_latency,gdZ8ok6KCTTZN2sodwpLJT1U+1i0RjXRE4BLQ3utKvQ=,2534.0
consensus_latency,kPS8GGTufXSmzFLaN8pLdRIpAsQNKNez6nxOd/QLz5A=,2534.0
consensus_latency,1Ct1uZGBFJH+33I0dhYDWM+XJurj3o5TtdEn57rRv60=,2534.0
consensus_latency,8XsejE+eyjbn3IzJsu9DxzlcEPpyXQKolUjsZTqTEhQ=,2534.0
consensus_latency,/DVFSqgVeAZX4ErcNekDB4qWiKiPzW6QsC196+ipwdI=,2534.0
consensus_latency,KiYiRsbJB0KgE8141ht5XjwF9VjyTpAuDHRst/5nLwI=,2534.0
consensus_latency,O9zvXUbsjWZ0xIi63GTJklzzKS1N1tpqFq17oKlHh/8=,2534.0
consensus_latency,KCq4NgeKSfa88+BKodtGLi3qBlDMzEk62ZexSFUXrVg=,2535.0
consensus_latency,5JEdWuK4j+VKoXUYr6nzY4vURFwg9JoaZQX1+46Dyb4=,2535.0
consensus_latency,DjJZcGnl9PuKwGUT4GarjEz2N2UNYU3s4/zbw1LQ0ME=,2244.0
consensus_latency,MzYM5r/xA4SG/IwFkgYGhzlpI6Yu52oswMYjL2y7bWk=,2244.0
consensus_latency,WqM3tZj5y+OmweeGZAKUeNB1sIQq82S13wBDhYhpNAc=,2244.0
consensus_latency,bHuOfyfUj3NqHwcCW013PZyXyoaU4+Vz4oUVzcMlwNk=,2244.0
consensus_latency,hlhHo3ZjnckkANrMnc5lw31tTBe7WV4ZS6xlgY/f6Zs=,2244.0
consensus_latency,BiQdNTdGXiqiyyUa9UKLqIrFgw6cURV3NomKJQzHvlw=,2243.0
consensus_latency,FI7zSMpuXTBOPsLclkSoXuH2TO5XoFFghthEA22TONA=,2243.0
consensus_latency,HfCkRDgG2j++SwbicYwkKqzj7fVQ86JcrvbrBElC3VY=,2243.0
consensus_latency,PuOfzmKP/cZ/ujq58TW2HouHDMwBR/sHs2avKKXlZ4I=,2243.0
consensus_latency,SvWbtdpjDgPrtA2+JsvenQRbTGL1IGpDRLtKqJ85eQo=,2243.0
consensus_latency,s8P40BRy6v/6PnPNPnOpufC04Ql2gUFVKkSTb/WQT00=,2243.0
consensus_latency,HlC7tPwgnJZzklHjvXaDlzFsP+GQCEgcuEbRcnPvBWU=,2243.0
consensus_latency,KtUoCdV00BOp6ErpqVH/X2zqmzm7KTuYsYfvfKn0WQk=,2243.0
consensus_latency,ZD0SaULhixyjqHsKPJ7OXFcmZ/YfKOAxlCdE3PptMMM=,2243.0
consensus_latency,bMp6sRFJfypvEJDvwlWQxnR4VUp28TL+Oy8YFrxeVPU=,2243.0
consensus_latency,B70SIUP6gvxjLSRd7jL3u8347UOalelZRfOfSY133nM=,2242.0
consensus_latency,du4Oy6fBtuuQJX/+zcZtuuht3+F8nB1bHXXL7Vd/1c4=,2242.0
consensus_latency,hLkGutoZbhF52xitZnIJ1u+YbIHbtGUxI1EQPi+KneI=,2242.0
consensus_latency,t1RB7We8dEMuPUgUymkEIjBJgsHijB3aZwevU0PBecE=,2242.0
consensus_latency,CgjsxKCrQ6rbHvKGd6Ls6KSQ2n2zS/uh2T25bpIY3cw=,2244.0
consensus_latency,Px8unmI4a6c717vaAJ3Ax9tv5U0pjwSxrv3NB9HFZMM=,2244.0
consensus_latency,UoB6DUYqOvg7FB2D0mNIasGqZ7rZlWOvPGerSxuNVBY=,2244.0
consensus_latency,VS5WHYX3AJXOfI1r7JY50AOdS2ft9SK6JjtgeVD92QA=,2244.0
consensus_latency,WXifA03FQEzzELAazZ296uefucbyvCHPBKx0DEBs4mk=,2244.0
consensus_latency,XaNNv+dJnrtnOtgiiNB2bxapbOdAlprymOxusq1HoCM=,2244.0
consensus_latency,eXz38vCD/cNhSQjq8g6jgJGOy85T7M/eSpY/iAypxYM=,2244.0
consensus_latency,i3/20pNo2CvT1VVMgJ0n8cM8wxZhD3WKMgbVj4f0THk=,2244.0
consensus_latency,pTazDqQeOl/5g8hBIb4FbZbLTVJ1/mkBFO23SxTDIiI=,2244.0
consensus_latency,tIaDPi8+5kb1K9dupJbYM2orbVwgAbJfoAxTuo0Wbdc=,2244.0
consensus_latency,XwAMBkGiG9ZdG8KpkTvUxepJmogpIPN/4fSSg2b57HE=,2243.0
consensus_latency,fImbGJJavvjNs5BWFNRJoNBmHKkQvcKEWp+f3AKsRKY=,2243.0
consensus_latency,Ipia7MRx7R3jKgVoDHUwugICiltcSRrtDcPQRTkMsJg=,2134.0
consensus_latency,T8ogiNiUi8nbebAnIBKnODCP/RQI8uAOsO2qhA54Y14=,2134.0
consensus_latency,/8PBcUSoWM/1KJzREAw2UqyphPObBGSiEF3dRpjDzVE=,2134.0
consensus_latency,GK9USrEUwvthABEizqETzeJXt8/5SrAX5NCx+zEP55Y=,2081.0
consensus_latency,MCs7hvZarQIDdgaB8w5A4rAHo+/3/60RH0WOZ6gN/h8=,2081.0
consensus_latency,RelrRATF+to/bLUqbVB2kTgK2XK+WGEG6O79eYLNGQo=,2081.0
consensus_latency,Wqk1Jc2seKxLCTecNfDkiZm4rMRrdLtYOtwJPLI7Xxw=,2081.0
consensus_latency,cYkXH8rP5fB4c7QCpBn3ssoAyNjwjyBuhgWTWTrxs9I=,2081.0
consensus_latency,heD+lt6ZWZrsiD18/2sWoEeG+9/L9vRd6Y+bIsjs4VI=,2081.0
consensus_latency,lWhhj0Yn3V6QUF7WirzQHE2TzMO+VXXO2zfGUHt2HpA=,2081.0
consensus_latency,noggYOEiOfELbhGQJOhFkN3VQshtiBJ4ekWuwSo2Uuo=,2081.0
consensus_latency,tadTWyymyDpXofNLzAyNr+5332h0dMzdgGN2HfOkKSQ=,2081.0
consensus_latency,zWwztb2E0KV097c/5Zkl9frxqY0hyuk8mjaZM8RAC+8=,2081.0
consensus_latency,zpZZpvvmEghd7E8CYnuwd+vX8qmbMQ0dosQDl35pIqM=,2081.0
consensus_latency,zt/MbInOLP0pdHUhKDO1jDa6dvrcvxQfVBpbtBf4PXY=,2081.0
consensus_latency,68gitLxqsxeI6KnZgrlBBmNt6RhOdJd6H90IT4Aaf7c=,2081.0
consensus_latency,+02KvsKdXKHP5e60+jyUo9W3K4KRSTkZnjdN/KPjR+0=,2081.0
consensus_latency,MCcgmaYj1/uslgm+xkVOuKmYxgVEHeFXb0BNz+0YYmA=,2133.0
consensus_latency,PYhLknh6wfXbMgWmqBIDgFHEA5nTyXzOeEpvWmorst8=,2133.0
consensus_latency,gx6gfZ8qu2PpEduX6SINjF4wp1NuP+CDHPN2yRSOIig=,2133.0
consensus_latency,hEOYxlE40WsoUFBdKrNsepLxF49V8thgK5JqZ0MkvHY=,1656.0
consensus_latency,tkAMlbN/JtNyFFLIhUuK1YzAKYMXUuXkABrojL+r+Lw=,1656.0
consensus_latency,01LwZtqm1ZwVhTAW6urb1iKMHiHsov7MT7WDN7nU21o=,1656.0
consensus_latency,GDyyAIuEBJBZGtJbhLB9DJl/vAt2v3ppMx/+uAv4pak=,2081.0
consensus_latency,SMJ8zJ1STky19jhnL+X6KCNPmiXONZEe0bvDeILM3Ic=,2081.0
consensus_latency,Tqk/KpxKCGLRpzkF+uNwNoOq0PZW52HCGf81WcaQhGM=,2081.0
consensus_latency,UoV5LNQnTMk7mnmTpSl9hx3iloxx2AOTuyAI+59JU2I=,2081.0
consensus_latency,bqSaffxqvwAiogOAU9Nlne2yLm4twGcXMJnCWOvIaNE=,2081.0
consensus_latency,ezFGbqM9kEBPPz6S6d1hBLIRdAc9z020XCB0/05L1pU=,2081.0
consensus_latency,hIIa1Gyyo78JDzcZvCf4xWXarrPch0gct2sIhAsfmOc=,2082.0
consensus_latency,krtWWiUBNXC1g86rv8E1camJD7InQ9ea8T9yqj0knPs=,2082.0
consensus_latency,q1ca+8eDTe32/5fW7o9bz3v7xUJZLnR/XjXUE0pOmXw=,2082.0
consensus_latency,xzeanPhUuhnSoQq2GYX9C8MMdI12jZjWN/0GLcAUaEs=,2082.0
consensus_latency,yE1O39qjfOCCGzmnRAQGp2Sy7htY9Rb5l5XpUy+CHxk=,2082.0
consensus_latency,7OR6ezpppCE6/eHHV3FickSEmAUmkZ2YcxnR4sFotQ4=,2082.0
consensus_latency,9CX96EVLDMerWcHCNQXbqGPkBaLGjkwtLuQfpX98eVA=,2082.0
consensus_latency,/wgG07Ld9ngAQpwK6tTCy1WWEOhOFdshpOCarKEYZag=,2082.0
consensus_latency,XdQ9E41Fj0BDdL8lPqQe4RobFeLnOUy8lLZ17ZVBQyc=,1656.0
consensus_latency,cTl9biGg7pxX02EZqYQ9Ms+ed8RIB8tLbA0yVW9cJPE=,1656.0
consensus_latency,eUgNyteRhWw1ZZN8Pq1INxDBO/8OrH3rAqDBLfy/0YQ=,1655.0
consensus_latency,kELqlzHtMsXbJ0al5tdHVxV4UorHpH4vZPk2618CUMQ=,1655.0
consensus_latency,5skRg3WPUWyc3zs5ywRptgKi1v/uryvOs2YX5NkAVDs=,1655.0
consensus_latency,KSLqr0g8OqXDPBgFdJCPD9XnC+39O1qjraQj7nQbia8=,1658.0
consensus_latency,cz6iQXu9Tzp6IJ1CVl9ohy4f8Tv6/sQTxvoDINfK7hc=,1657.0
consensus_latency,GMj6SF13V7WhvKISiS9uhr8/pycwYmGKkq+FfhT/iOo=,1409.0
consensus_latency,KHWmRdPjLX/XFYZp2fNjADp0TQFrUzR/b8ANvMKDSCM=,1409.0
consensus_latency,cnAxs7P6vDkRcTMJWQZy5P4Q556GnaFsUmIG7Cy4K2o=,1409.0
consensus_latency,fCbpst+1vY/I7AJLJoxPv7J/VJfQuAY7/UzHJwhhhQc=,1409.0
consensus_latency,g7EGuRhZtzjUrowNkViBKKyFGUBmZnbBxk2imZ/vRoQ=,1409.0
consensus_latency,ttFDqwFdmNH5mv1l9oERETnS5wWtohPQoYHNBHjn6Ek=,1409.0
consensus_latency,utO7Y0VvA0HdBX54eZwlWHERfwYNL3kJRd1b43yaEoM=,1409.0
consensus_latency,wUji/p2KxPaske+iNnIYdYvgbRco2OmrvFrzaPTYZyQ=,1409.0
consensus_latency,+/wdpWHSp2ug0Y3NHkA3ZT0QF0G8cWgcUmQp24cj/F0=,1409.0
consensus_latency,/lxEXj+Td7XJYlNWekZwaguVZa3ajWT7S5PD/1B/qKI=,1409.0
consensus_latency,p+TXjRkaXRH8rhyxeKZbx4xVh7mfd6EbekR08hO3VmE=,1374.0
consensus_latency,SuYp720CCDrM2MMVKGYrIDapb1mwviEUypx3pTwgQXA=,1454.0
consensus_latency,dlO8CZWyZ8uVp4S8XMbzqQeSx7wJ+YdfmwIkQN+WNH4=,1454.0
consensus_latency,i4Eo+bGemst9kp0TBPBmguBfCXyosqIPBS5TXM35otU=,1454.0
consensus_latency,5kKyitr9m25hfDPqDOjG6LG7V1pMSnOjSIra4gjffI0=,1454.0
consensus_latency,/WCwBA6BIpRvnsYaC8hKnKr0Pb9IL5bwl6U7f2oifag=,1454.0
consensus_latency,YA6CYjALqF0DO58mUf0S71iKCKK7C3j0Jv7xL6C3y3Y=,1408.0
consensus_latency,nVzuNMWtrWcfdKGEPskcrO0VrW0YAthpFUEKvdoyEM8=,1408.0
consensus_latency,7hdkw57CfhgzH+Dd5Oow+ZzUXcfUkcm5k3GZKbx1gSE=,1408.0
consensus_latency,Azt2YoqOp8K/d/7K7RQPDPXYd+/+GsLcD2nyJfEl3LQ=,1409.0
consensus_latency,qNUoV3nDGlV7/Y3NASNDxF60pQraEz3SgsSDpI/v7H0=,1409.0
consensus_latency,wZCoO+Hw0gq5SfV/lIru8srcVaAg1muH0IgMgAMEcSI=,1409.0
consensus_latency,Lkhoj/Lq9qi1QFeDwhliwIfvgUQMlyjnj9wfPVAv7TE=,1408.0
consensus_latency,USWYIE4N/P+CUao4SV6pINva7MVZNxxjv8VqmT1K574=,1408.0
consensus_latency,WsdPQhmheHRxAM023Q4lmIg+8QeuKWwnFGNIA7QYo2g=,1408.0
consensus_latency,deRKBsJWWFdtiyJq3QW1/Zi1TTJYyHTrKkAzT+7B5+k=,1408.0
consensus_latency,rrgpEZrK8imnJOEDza8nrD09n0PMn8XDzyFbNjlCjyA=,1408.0
consensus_latency,2v3zrZP/siWFmWrLpeC7+BIQCuVdbS5KCPJ/HWTshpA=,1408.0
consensus_latency,7tHhc7N3oO4vm8/KTToehX4L57IIiIhQ1A6LlCCPUg4=,1408.0
consensus_latency,/Vv2QIH85Z3PqbemTy64kjaALqw5YT/MzaLsgQmLrz8=,1408.0
consensus_latency,CToS0vuGjb99YVZrgilzZmy4sPLEd6hcsOw15ezlKqs=,1411.0
consensus_latency,EFQX5SwOSeH2eenk3uN9Cer+t4+oRfNqyorzZlV27VE=,1411.0
consensus_latency,pluHsNU7mZYPmw7DUw7EBprsXiBSU0US8M9Bho6ZI+c=,1411.0
consensus_latency,7ENYIygX0931af8HxJ3pdImoSCj48OjLdqP34mVJCkw=,1411.0
consensus_latency,LZ3dFGhodUQ41TaEor4MiN3DEB8BUt5dDz/soJQ3bLc=,1409.0
consensus_latency,hxGRbdzobFiZ5rKhN6vxNiilksa2n85UbWKqZXeEjQU=,1409.0
consensus_latency,k1T609gsBSGkkhfUIUK/KyAO51mOc0Nmexsx35FbbHE=,1409.0
consensus_latency,qaC3J2l6jHAfwIFxAWnbLG+yITOgPPhihT1EqIynuOc=,1409.0
consensus_latency,szRS0vM/gZwf3WhFTLE1rZHVANhV57dHqBrSX6Dv1cQ=,1409.0
consensus_latency,E7kW1d4srqqID319jk6nzmNUHCziBMCvksUC99HlT7o=,1454.0
consensus_latency,Mnas8H2qSyfsU1AT17RaRgzAI/53H9rZl3/g9hz3ttQ=,1454.0
consensus_latency,T+ABlGUNPZmzDunqDnApnykikStCIZ45VwPw26Tv4ik=,1454.0
consensus_latency,Xde0l2UwQ6DvjUd/F4MkYeWTo31t7Um0elhxK3/IrdY=,1454.0
consensus_latency,g5GbdNqhIk1kdFaIHCKux6Up1wXW/PSoDe6D67XX+6Y=,1454.0
consensus_latency,jRx8vUQN+L5cDww9RvBZHgdPb4s4JSQMYLnET52RVNM=,1454.0
consensus_latency,jqClPtTbwtY8BS8UqhIGhTJ8FFkCxZhGfuxrEDEeFpI=,1454.0
consensus_latency,lXq5qlNEn6HtZMpTaVPLPqloECWTT3Xpes22765uYFI=,1454.0
consensus_latency,xHjs9HhqnkQtmzxcnqgCUmNntoqZz2fiLs0i4J4/PTs=,1454.0
consensus_latency,yxmsSDwoMDEfglGKEL08t2IQJjzHKU17ewnr9z79VY8=,1454.0
consensus_latency,0JVC04r2f17X18d9ab27p/UwZjl1TGbU9G6lLUG1ynw=,1309.0
consensus_latency,/jS1nJtLZY6FNd/o1BQ7DmG8YjEc8sbPzNGpi4xVWn8=,1309.0
consensus_latency,Tljsbmns/0lnPyqOhFTIelxAZ0A60/eWqhyRJ+mUv8o=,1308.0
consensus_latency,n9eX+FqesGa5PvX5fDons/0qzO2t2LYXHz1uVhRstaA=,1308.0
consensus_latency,DCEVyoAMR/knnaDzMkbehp9DG4aH4Pb3uasFFORxHM0=,1257.0
consensus_latency,gyhsRdgUcKoiJ9KN7Dkj63olcNt/DtPCWU5UQWScvMA=,1257.0
consensus_latency,nEHN7uHycpfN+9ZdH8covILu5WbDWeutGX6oA97XJ8A=,1257.0
consensus_latency,nij9JvIgc8EVNxrhcmbOt8EQOiJbIeKy7aetKtKoQ2M=,1257.0
consensus_latency,soU2OyGeCjgBrxzEB2y3VKEtsNzrYPrIaQDOTj2Hq8Q=,1257.0
consensus_latency,xkvnBmehnF0KEbDIRUnU/Mb5QOebIZN1nJkuiU/ypaA=,1257.0
consensus_latency,1M/yvd7xIYSonG5knmWxRdWqGkikzbu6/8BwJAZi6nY=,1257.0
consensus_latency,2+Mucb2HwdTpWVG6vitqn/3BBJQIFsvV0Obf/xR7/qg=,1257.0
consensus_latency,3I5K4qCqCM0WJDcq3zl4PJ+yIlrAg4MCJGgzZoCVnfk=,1257.0
consensus_latency,+3wmzZW92i/KOOKqez+pxGWPnL7l2At8MU8fdoFxIek=,1257.0
consensus_latency,ZBi9pvE3GJFoAX+QdRL9yrZq6npnrMT+PEq+SGgn33s=,840.0
consensus_latency,xR/eoMoJ6brHMfPm9GY+Q8SE40DM5TNZyWmPcK/LJlI=,840.0
consensus_latency,UWmk0R7jY1qvyQvDZD3zbnTcUrHELANGZd+BjSakONE=,2035.0
consensus_latency,qtSoVeojwp4S8XGuFDXP5h2nmoRXoRl0NpmNwZGp0ug=,2035.0
consensus_latency,r59Ao7/Z4SmBR7DwzWsbSBWfxRB1GeHxfZCtTEsoJgw=,2035.0
consensus_latency,0iQSew6ofmlJB5Xk7I58jC51yQmU471ElTicRe//bzg=,2035.0
consensus_latency,Jkx57y68qUPESF8tAD5zXCpX0swQAqo9rsgp8gI8+00=,1618.0
consensus_latency,hive7ta3FGLxPicy0p4jjiaLCv/vKbtfDBsjHQjFilg=,1618.0
consensus_latency,skncrdWhPQnzHOwpjCIX/bTFaHtVF18YyFIpTMHWu/o=,1618.0
consensus_latency,oEYuwSnEycsVh2WhiY6mePcItL5cvLGUnI+sVWhDJk8=,1615.0
consensus_latency,9Lq9Ax5NitKBLzhb+4kCGfKEJSG0v2Io/d6nYCUnZEE=,1615.0
consensus_latency,AktnxAIfSQc0SpM0jF4pEbkH0gvwTQinEBpintBxRV0=,1619.0
consensus_latency,DP26sHPZhSCNaRfibgu+vTdHflF6fKOjb9ENTevZBWg=,1619.0
consensus_latency,hWKiMAMzzmjRk9nObYDo9VqDNFRnt1e7a3h65uDpZJA=,1619.0
consensus_latency,BODP7LKFvmJpflHQMT1KUzfSxrig4uJGnt+p8AncM4g=,1339.0
consensus_latency,7wt6qlk4GdtEUbz/VfRxoRaSNU0dAoNd4XcEvfi2kRo=,1339.0
consensus_latency,OHw/BcAjhwdC6psGoacZJ2++LuoE8eISAUylr/4qQZ4=,1310.0
consensus_latency,blBd/E1oIktXjBdfjJ906CHz3SFPy2Iw75do5CWfiMs=,1310.0
consensus_latency,lqhj7BZdwErFIY2F6fuz94ch1W0NVY21TzPWH/4m6rg=,1310.0
consensus_latency,5gwc9Vpb/o3BpXDno5NLK0Kt+0ffGhisK0yo8UeOvSw=,1310.0
consensus_latency,ELjihPVQxVoLjp91xspt/uydKww0q7OpL5Xscxge3/4=,1342.0
consensus_latency,GSHZXoYYFsoiMO+iWWi+HiJP8CKQHiE2JFhkcH97ZHs=,1342.0
consensus_latency,chcoYCOlwEYF5sLJaAYKJvT+Jrsqz3GH8rkr5Mwd5Pk=,1341.0
consensus_latency,lsUKOCM8D8GSMNODhkFKmSXfXkCYzIcVnsfTM3tgNKM=,1341.0
consensus_latency,obI+C7a+EZ52Wv9ZKp/WN0YE/frYD7dwUq8PjPJJGmU=,1342.0
consensus_latency,y31HiQdTQ/t76+AeMIqBzg8uKoWTDBju9i4oRXYpq78=,1342.0
consensus_latency,Hzzat3AaXtsQFVZeiuSc9Ht1zkSiqFFo+oJg2dNTAao=,1178.0
consensus_latency,IS6bGfVjCMUMbWsEvLoyXRsnCpnbxtKnMUE1VJ5A8h4=,1178.0
consensus_latency,LTfbHNqBAkq/bF5XuRvdGIAfqBrPRFw1NgTLynzBmgc=,1178.0
consensus_latency,MlpT/rr2Wvn9X+5C8vwxt55Il4L7i74c+Lv70LOEPTg=,1178.0
consensus_latency,QvLFu5kpHbY860n24M6HKeqCx9U1/GhT90j69qqHRHU=,1178.0
consensus_latency,gNALmy54Xu2HorW/nTUgT2T+Spf9Tr1EUivELUmuE9s=,1178.0
consensus_latency,h6uJfVc7AkazavPyU1hLJ7Hcp8TBHiF9h1SWd5sZKBs=,1178.0
consensus_latency,i+oSBOuK9C3kYuQukMjej5Vz5uMuHzzHZ0EMi3R3H4I=,1178.0
consensus_latency,pgcvRX5oaD9xdJQoM4uswj1Pxq9fU6gg6k0hBUViUk4=,1178.0
consensus_latency,sDz38ijOZTXv8F1K1f+ow9UGeJj1/MJYfKa7w5cET9g=,1178.0
consensus_latency,uzqanMmLNN54LNErVI9D0fgVBgCbxlICP7ZOkZU2RUc=,1178.0
consensus_latency,2lk0E0xn2O/mfQMx9gRUpvWwhsp+GFc36zqMO9Z303A=,1178.0
consensus_latency,6Bcgb9hzWWixV1mKVfwh77sBHf65k5fPgQZNIS/rBVk=,1178.0
consensus_latency,6kdMM9x42KW1OBKYVfKStkfPsBKdRfn2RT+gThGn10k=,1178.0
consensus_latency,7MzFzbpFUwLgtC/dMiCBgp0wcTMOlox5GPaEkBu/WRQ=,1178.0
consensus_latency,8jUUwkt4tIx+MmV7CnZdoQzGP7EMqy6q5GEDeHjRCxI=,1178.0
consensus_latency,97Olf97fOLcQemadNQqgZbtlaaHJu4lGaDw2MQCqOdk=,1178.0
consensus_latency,EcDA3BEx3T310W/W6FRj+ufNWBC2YjLZA0Csvsp/8Es=,1178.0
consensus_latency,N6YpIGni3WkUJGNeihS8EksbMmsDvlIJEnXG7mu6o/o=,1178.0
consensus_latency,Ol4FOg+p/LqJF+EzKWV7Nl0av4+LvUclQzYM/1bWcYw=,1178.0
consensus_latency,Ooqcd5bpfvvEp40IdTAyejFOQ8mTdhQQsGt6jU686T8=,1178.0
consensus_latency,O6eezqWxsSd0TcBv64PLP//vH47b484nf+kJr2Ohg5s=,1178.0
consensus_latency,QsItrMv735bgwpEWAohNpn0HNISUmusSwvGQDgZd3Y4=,1178.0
consensus_latency,aQbGOMc91MFu1oRSim6XT/1UY9XpDM4cs6aa98n/E88=,1178.0
consensus_latency,n3Ev3zVSppW14ZnHZU4KnWzN9/xZBQFqf5hqYe+996o=,1178.0
consensus_latency,rgxg6j4ODfZLNM8Yhj5Lj8FwVYP8p5B0cw2cZcuBAIQ=,1178.0
consensus_latency,zslsYTNzekHwrwFBXkhMXNYhGCmnm46sAAo/omPFxF4=,1177.0
consensus_latency,0Kmz6LxRLEcEbkJiEK23O3v90XwwzGS/zwM7V7JsybQ=,1177.0
consensus_latency,CDzqlSSxcZb7yGDDasY4P8Ff7FFfZZN9WXN2GDyrWcw=,1125.0
consensus_latency,Ex3H6iF9L1cB/hGk4tnmIZdHIVq4Ywi/T09QyT02Igg=,1125.0
consensus_latency,GZmGgjkjOEpW1E4XWbAZBcWZYiparUYVCYGZyofLnY8=,1125.0
consensus_latency,NGLQUCWcNTIcOlhwJNLEyC+xXk8+0qVsNOK5rOU94XA=,1125.0
consensus_latency,a6GE2EAW4lAWEaThHGfScidZbBffkOwARP2B3L/9IO4=,1125.0
consensus_latency,bDMyrgntSUInpBw6KQLOU+JgLv7p1OoeDkq8INEgQu4=,1125.0
consensus_latency,bZ89WmdomPti91shCle8EdpWJfE7ARh5pf9tMxrYb3o=,1125.0
consensus_latency,fV5XbEuw0Ven9dc97qzxBzCikk0vYNhRfxpQUkwcHFo=,1125.0
consensus_latency,k5Q6bgVLeYpUrkUsC4hw681JNnid+016+fLO11fCL5M=,1125.0
consensus_latency,neCTdcCLu5VCYaYNcv3K8beZ9cXXiuO1XZKQCHyH+GA=,1125.0
consensus_latency,oUGn/TRClbCWmq/VFCZ+Af2uUH4kVKRjj6ITiCKcUZI=,1125.0
consensus_latency,uv2nB5PD872qjvmp7Rdp29coi5CcTz0MJTtGDc1DHI4=,1125.0
consensus_latency,wSZgGZLcTDviRW4K3vskD1C9Av0E2ZNWXauVdV0cBM8=,1125.0
consensus_latency,9uma+ZK6KhSu6cxx1oTYeup87sBgXfuUt3WLOEpn/Z4=,1125.0
consensus_latency,dj+Arqn+BZAL7gU/5reDF5cZ8Aglcux/Abui1t6eVkA=,601.0
consensus_latency,n3FZkGo5PXRLMlf/1aq8TE7cqMmfu+1KEyqHTufe2fU=,601.0
consensus_latency,5QGH/KyAnn0DGGx1Fca6IPmTwQ2QfG0jOgMTB/3690w=,601.0
consensus_latency,KBa2bfPIUioWcb/5tpnKBXwF0rHDtTu9haRtHSY41D0=,2232.0
consensus_latency,gQTsAmkAUR/96JmWN3DSf/PcSpLb1PYxAy6f3WjjgxU=,2232.0
consensus_latency,/5IRBT71KdiX0rZqEgm0IkSniUzfnGfH+vtWaU7Vi1o=,2232.0
consensus_latency,UbVyeqcxlo24CW2bdxTA3P2wNfSf/CZD+PKJJ9VC6lc=,2114.0
consensus_latency,AzweJcSvS4uahncIY0KW4FY44XG9YgEFUEB26nN4D/s=,1653.0
consensus_latency,gW7PA4I2T3Ql+HvzfTT0omh9IZ6MEvJSBWfaFn2HARc=,1653.0
consensus_latency,pyQ6TvQuSPjo6LUEAd8lmhxPx1f/Lavjy0sR2plWQY4=,1653.0
consensus_latency,qW6q0o8uJ5RIW9NZTt6hg0daN8rJ/wM8fdQuzpzhBpI=,1653.0
consensus_latency,tPo7RbE4MTPwsV13U6lBDWB82CK64GtPWV+fKt7ZBaI=,1686.0
consensus_latency,CW+/dcGcSidIFsdsux5loJV5Nj18Vf8pmEh5e3R6JVk=,1686.0
consensus_latency,DqQYiepNCPk+oWmFVSOirhoVQt1eZ7R1aye8AvfMsIY=,1686.0
consensus_latency,H8jJwMWT6DHKEQe+ZsqePAETxK1zVptiKw5LtwSbiJA=,1686.0
consensus_latency,bN7V38hYcOP5xE73Kdny1dS10LFoGIEPvRApG7GHNGI=,1686.0
consensus_latency,kh5ZBh5HVYxpc+PIsdPcXYnuPg3EO+HVa0ME+Mwr9uc=,1686.0
consensus_latency,lGc7A0o4dqJN9Tckt8KbWqNXbwKZGz+WJz1wA+T5jGM=,1686.0
consensus_latency,lil5NbQAOHhTo/ztDuE9gwmE+MAKvWDGIy7DwZpCNqc=,1686.0
consensus_latency,n2eV2sectcdkTwb1xZB/fDxLApvQtaJNi22dgiEzHtE=,1686.0
consensus_latency,oELYLzCb4epxElU/6YlXWm3xtpz2xRYH6wYXl4kNuoI=,1686.0
consensus_latency,pZbn3ePm7A2IleDymXwnyi/tsqiRUnlQsCivEv/MM7E=,1686.0
consensus_latency,piqtxH8uBeQF7k32e6B35P20AX6jdkb2G0b159EtGSE=,1686.0
consensus_latency,tUtv8Zv0Vx8Qdl1JYwa2k3S2QDXi684BCI1Xu4w1z2Y=,1686.0
consensus_latency,wh6Ey3FQQdmP20AwVmoUShCmL5NcJx8QmGdKzCChd4c=,1686.0
consensus_latency,xNWzMUD9vYSX6/mwwrrsDgLU1bC/YaWz+JklcZkliUs=,1686.0
consensus_latency,01rqxPdSdi1xOR3+jRHzE4NoDWQWb7TOiU9RDqGFhrY=,1686.0
consensus_latency,4REsEetS/JBQo8l6VUx51uzqESREfFMtVKJMdYj7tug=,1686.0
consensus_latency,/g1UaN7uLfCeWrJXEDs4cS/X367Xa5iEci5JX6i2QQc=,1686.0
consensus_latency,APnNTH4ndwU3HEcpAHO4ikiKv2mS+HH5CuGCs4MY4Pg=,1685.0
consensus_latency,BSYzFTZR3iZcTIM2ldIngRV7yGXz4GItwLIu5U3hL4o=,1685.0
consensus_latency,Ibslwyd/gudDBFcRJvT8Kmy7z3bV2qD0XFEA/6/b8Ms=,1685.0
consensus_latency,QtmX44EgcvY5TfuZ/qW8MKcZc3DdKH5ZWT1wFgwL9fE=,1685.0
consensus_latency,UIShqrLGsFtodHhvRAc+NiYsaiysTu/y/awh/V7L/tM=,1685.0
consensus_latency,UYxfcv67LhZV4ZZBMleHW2kHHALo0VtjaqYwrJYJe8E=,1685.0
consensus_latency,Y/w4j4C+MR6V68OJJ/z0XYVmnQmSJnVNCg7NRwrXEHY=,1685.0
consensus_latency,cDeOY6qilsl/U6qvv6K5cBQ3nZ+nb21EYkevNN+EsUo=,1685.0
consensus_latency,eUmpm7VNd72qsFjj+9N3Y2Ui4dwXX6RwKlXaQxD6VbM=,1685.0
consensus_latency,kX3Oh04sCe4KFP+uiVY5smiRGhIwHrsVe4FN5/ktZXc=,1685.0
consensus_latency,nNxoGNU/5opmzuvKSfg48qkKFGDbFHXrkqBKdeHq4E8=,1685.0
consensus_latency,oFsd5N2kYX53/dWpAhE0FYt6eXDY7tRxtqeleN1Hce0=,1685.0
consensus_latency,q5G0Kp53VYukdxP1GU58/R8focGvLuhrrKw+deRs2Ew=,1685.0
consensus_latency,tFurVYZBHyZArlBCTE1BRiaksaio/v3DZHcoO1Bfb40=,1685.0
consensus_latency,tQU9k0r4ZnoiSPpeWI9IyIAcKoVLIQNwRnp9ZTC/lfQ=,1685.0
consensus_latency,unX7t39klLhEcxGdzS4r/NLhZA7Dx06FhdSsrDQhF9E=,1685.0
consensus_latency,xbYkTdTjh7JkGZLg6k2Jz/QfiR/EvSEWogl9H/XYtM4=,1685.0
consensus_latency,2s+eFw3ePbcyrab5vyIrcxGRuD9L6GKxQq15PO36rpU=,1685.0
consensus_latency,+GrBLiYoUXQ88z0YjnPX1evBJ7HdrCVvo1pvndfUgWQ=,1685.0
consensus_latency,EY7kLK74wNj9ubOUQVqCUMyJ67wvljSlJVrGqzTfZ7o=,1685.0
consensus_latency,GiNTQfiNfiJHLhpYgllljvZ7/SWfj1c0AzyCXXkhfJc=,1685.0
consensus_latency,I2xkghufVtr3XP9RWp6AgOd9IXg75ZizfvrvDQopjEw=,1685.0
consensus_latency,Kc6BjyWTdGpSBAg6snr6Kdg5L35T2oXxYduBVJkgmTo=,1685.0
consensus_latency,KqWIywfZ+vbkELuVbcXK/bJzYEhXh3ZXWoNxIROd1M0=,1685.0
consensus_latency,MGv1+CfrtKERSjzh4V42S6Pn/aD88ZL/C0KDlRdu0dQ=,1685.0
consensus_latency,SCnWyEWCmsATbIVXp6VXlQURvkimg5a8kviaQ0ugXfA=,1685.0
consensus_latency,UkZ4ZF/P7Gy/hQhGjymC//hanInP0D3UtV/uw5EfJQU=,1685.0
consensus_latency,VdgzJPB0J2x3I7fs2Zho59PahO6iHq80jShXwrhVmUY=,1685.0
consensus_latency,f3RTnw9MG2SroGNOpBoskLMaoqneCSRzBUET/+yWMsw=,1685.0
consensus_latency,mOtm3Ju+PTt3Wh2pO+HNJPp9G8N0Q0O0Z1C645UoUAw=,1685.0
consensus_latency,mduH04hQEhuPs6CDNcvCzxqC0osAZbPIqLlM5revbuQ=,1685.0
consensus_latency,x/BiJ6GNge4UFdbGKK1J7Xj4BMC6cSbDOvcZObwtif0=,1685.0
consensus_latency,3rnchbjTCp24xsY+VDzPmgbo2JWZVUKEYbxEcqNVw/Y=,1685.0
consensus_latency,7cbjjgZBUdIZl84TlqIsvILFlSDwo+oFCFy9dCCRrYk=,1685.0
consensus_latency,b3H7IRsnDwgG98+Sczws3l6MfIIOWOH6RVoEPEvkQeY=,1567.0
consensus_latency,6/bPBja6a+Sy3FlQJtbg46viTwInSdKFBDJuHXjYYKk=,1567.0
consensus_latency,EiTkYrAWTn0D8/+LPWPkW4rHEryHaUOa4ZcmuhI8B2A=,1374.0
consensus_latency,EmLfMBypm2X78a18YWnx1mcy22tbTYE0b1nALWnkras=,1374.0
consensus_latency,Erqc0sXY2UCJr3j3gqNApi5IY7h6EJD61PV3dGtskc0=,1374.0
consensus_latency,JGa23LJVvu1Zv7rMn32K90Wt2EXqPWROeoB3PfERpi8=,1374.0
consensus_latency,KBkaAfiRYg0acv5g0QgRNHrm2k2OraHIh1gGg2wXrg8=,1374.0
consensus_latency,MXDCEPAs2v9LKTfwx8fvqccqPY8inOcmLskxxYiPTGM=,1374.0
consensus_latency,QFpI+6JOR3qmT7pf3EVvWa01576stlMbhXW/O1BdxnM=,1374.0
consensus_latency,TAzkhRBaqFo8N8scG/fPbHNmTqV+Qy6K2kG+TLYDvUs=,1374.0
consensus_latency,V1v9/j9EEg58muqgKfkKbzwQtFgJhXXwF+c3nwFq/eA=,1374.0
consensus_latency,fgyFevKd/mr679c3Gl93wqyIF1moc+WBvp+syqLdZMo=,1374.0
consensus_latency,x7KCRXURXHLx509DW26FBBAFnlX6RN2WMnSQdnc7VIA=,1374.0
consensus_latency,2AMruX+acR+NdeG3MpkOgyoCH9DUNh9ajMTV7fkks/8=,1374.0
consensus_latency,6JZaT32+O6w0RzYtTl1h7IFT98b1qIEBXD73NxmXPDY=,1374.0
consensus_latency,/aoAYcwMcz7njMzXM4PnWdDFicjofMq3H9eKcRxw1AI=,1374.0
consensus_latency,TTIBMmAQ43osVnPYG7srhJkmINPjcbKxc0u5KQQtejk=,1374.0
consensus_latency,aCS6eYR51cSTSNVSfHxvJJz0xJFMj1NY8kjwjt7NalY=,1374.0
consensus_latency,eBvWOIOIcjKDoZ4NHRm0itaXy1o2roTSlCWCXyLJmNs=,1375.0
consensus_latency,/vgwaFboo+RQCeW7NBRAojbFQTm7kaROrsxpGdQtbe8=,1375.0
consensus_latency,LUJ8647m9h49oPwZtNU0MgWF48lbheJ6Zk382oUfvGk=,1417.0
consensus_latency,Mds6faLvdrq8c3qItwKkdY1aeaMed1ylFqluY7JJbIo=,1417.0
consensus_latency,PnFmvWHLJ3J6rHDCDwTrmip/Ej5dV+B02qjj57zAGbQ=,1417.0
consensus_latency,ZJlRRKyOb6BDKIWFRjznRj21/Wyz+LOkmoYhHCn/0jM=,1417.0
consensus_latency,nPRamiRcm3/3DhAA3nW4LqklkRYW1yLv+DUtMdy17yY=,1417.0
consensus_latency,t7WHJe9uK/X8KRK9/HnvfyaOY0hqQZSeKCaA8XyzB0s=,1417.0
consensus_latency,ugO4VbDeykU9KSX5s7uYzflCUatSIJKbwYIR0GmsvoQ=,1417.0
consensus_latency,vUTd55YUD3HQsE9GqvKFpiiT9ZyxPWxoDcgLuWKMD9I=,1417.0
consensus_latency,vi+OVYLG1SMXT6g0Kug30pmyaP7xU/1Pixq+D/hxueA=,1417.0
consensus_latency,wMRvyudOX1bjYlHtjMbIqPG9CFgIXvlbA9n0Pm6OiEY=,1417.0
consensus_latency,zEeMmZLT7bp81HeMzzZCCs0QgemFA7R+rJJW/ri5CP4=,1417.0
consensus_latency,GzjR6rxebyonRzUSwmIasW+4gqX8cbKOF9VAuXqpJT0=,1376.0
consensus_latency,a0kpJEFa3P6L5HNXO/2TRl3iWhvbqyCXGd5bVE1dJQM=,1376.0
consensus_latency,moseuzMLHdxLjVyRO5RhYrXz/t8ik9W8mfQ40V7LSi0=,1376.0
consensus_latency,SC0Lbe03wEaY3KmkdB1CmyawRgJQj/WCvxCYsJHx+JI=,1415.0
consensus_latency,V+P35asWEvmettp10DRO0SLzN211OomGw3i40Kndsag=,1415.0
consensus_latency,aPT+QSM6C46+Fq0YNA8sl7NHALkbQezlMNEOMcSyrHM=,1416.0
consensus_latency,g68qOk6etQviTmU+H8h8rrI8zblG3Z2u8I8U4IYqVw8=,1416.0
consensus_latency,pAWZQFTK348ogAVK7OOf5Kuy/6LIsCWR/d35uwXGE0k=,1416.0
consensus_latency,vGRy7iT111RdxM+xgDh/aVaZ9sX6kjkvq8c2bqUY7O8=,1416.0
consensus_latency,wlSwTkmobKEDTlz52Y6Z4R6JNFy/Yer9KEhyIOJGnbM=,1416.0
consensus_latency,zmLqOz++Uzsp2Sd/YfzQWzldpShKQbIj0rUvTLl+PcE=,1416.0
consensus_latency,1t57CDBJJrsl2ruYwuprzG+c6sSpVkNmRtyZywCjLgc=,1416.0
consensus_latency,9ZEkI4ygQj6uGKqwsoghkvJLhgrgaHryUqyWDDBm53M=,1416.0
consensus_latency,BH4ruJ7/pQ1xdCot0k56yvYHEG75UzeQwCn8NSL61mY=,1145.0
consensus_latency,BJ8Sfed4zgWL8locK/+qHJZSVMJnH+FNkJXWoD1IgNI=,1145.0
consensus_latency,Br+Aj7lU5/ume1tBXNFcB7x1RU8cpYd1d+QnXjlsl0E=,1145.0
consensus_latency,Cmgucw75l/FlQzhmyEoIcgGZA9MpXu06tsOl0HXTbbw=,1145.0
consensus_latency,Cr3IqQyvdaqJvjAMizt53eW46g4W7ptqe9wKf9vsH/Y=,1145.0
consensus_latency,JE5dRuGEyJqFhK1UnYD7FUSEizLq0ATXf5EWRmctO/g=,1145.0
consensus_latency,UN+5toBMmBaEtBM+WsKMjIiXlg1CwRD0NL7F/4lasvI=,1145.0
consensus_latency,dU6SjxCAgnoRq1LhZbcKt2Y320Qeoj0CmXCGoqZKK/Q=,1145.0
consensus_latency,kXYkyis5w1g7YMdLe7xmiH6ToPObclVEyM5vPy7IPtw=,1145.0
consensus_latency,nHKA0Szbq6MvfuIj78tIMjUwLrPTs7Byti/F8M1mshE=,1145.0
consensus_latency,nNl0JNcYWDt6tO/5pi8p5MHDa4I+HhaYfYeCS95gLT8=,1145.0
consensus_latency,r83RZEFYfNzEZgiHQ1DhEMVpsBeTA7aGE/euyh88sX0=,1145.0
consensus_latency,wC1UlMF60h4hQt/cnPSZvFtQsywUWO0xr11kFq9SqLI=,1145.0
consensus_latency,3P/FJh9bRm7Vt4YEIgAE9KiJkVeNgN/649/UsPv2ovo=,1145.0
consensus_latency,F6mvUagaC+3C3lDyDArHUDYepXQjllmieLlnGPNLSN4=,1144.0
consensus_latency,lChtxoIbRY1jawLGVv+8ZUwXUoCPUw+ee5L5AS9XBWY=,1144.0
consensus_latency,JM1R/vA+wYq4QqQPFgwLLZUe6hpsSpb/BPAn5zatL6E=,2389.0
consensus_latency,Qs+NScwoaS8tsalQx9kI9MiUJqQeZp96JgKveGwCdgQ=,2389.0
consensus_latency,RjJ5ItnYJ7iN0RUeJ4JSHwc35Z+2WXbT5JPCJptK3y8=,2389.0
consensus_latency,iRMdlLS/IEbtkLem0KQk0pSHtVDJaKufvGuu6nCGALY=,2389.0
consensus_latency,iovfAlpvQBCAvkjNuf0RXBLNP6+mlbLAeChRynlo2yU=,2389.0
consensus_latency,lQfSNUK96qvqGD36QZWdoKN/l8nJy2HIa8kYjTh1FVM=,2389.0
consensus_latency,vXub29Y2WcaKTYFvm6yXOXehRdRtZIhCmADJJHfJBIE=,2389.0
consensus_latency,0NBO+x7PUlkPsoNrkeNQskhMZ5EqNKbYS992Av3l3yA=,2389.0
consensus_latency,3IoOST8anmytkT0s96SGUOeqQ9/IyCiZjLPJGRTkrMY=,2389.0
consensus_latency,4NinpjMgg8d6qI44anAGHmjb5YpRT8JhjmhpRzAXGy8=,2389.0
consensus_latency,5n28W1fmhkRm6R/AqAu8+gdWMzb0hKEJROBknar7rWQ=,2389.0
consensus_latency,+ablwY+1XEPm9mNgx08f8PCfp5HHYyLioZjxmQsIjV4=,2389.0
consensus_latency,PGhygzM979Y1INr9OseTg95ZxBSALZfaehiti2IC+9Y=,1917.0
consensus_latency,0LTr9cRjpKSIKJb6/YD09K473+JgvOSl4b5mEu50FEY=,1917.0
consensus_latency,PiAGKNgdCi1tF59O6ZhsBjcQ2tTD8ozSc1DL1Jx+h44=,1961.0
consensus_latency,e2qvMz6CFK0dBqwHpp/10XVVw+OZULA4BzxpWLrzuFE=,1961.0
consensus_latency,nlEwoeZlk/bv2W3GXfIA/NzWsg8ijb00GqCF816q3hk=,1961.0
consensus_latency,roUfTAF6kPBpiuY/MFhYu8Yk4sp9Dbbwhn+2SxITIzY=,1961.0
consensus_latency,HgcbKthg6OchLEu3rFdzThJTaMs0gbHJA1KQfCwZucU=,1919.0
consensus_latency,IFJjjAMSbBknqNx90PMEf+GQyMgdvwF1vqODLvYr0QI=,1919.0
consensus_latency,PQa/JGn8frl1pkD8xyVI/Fb0AWEXSlxKVeqjBlhH3gY=,1919.0
consensus_latency,XMiCj8mtDWBQU6OWgzPB4ovlTMUn5ulLClTyQaljyvM=,1919.0
consensus_latency,bZKdYkJq2B7RFIePSoW6v6O5pyK1pAyaf5YoLYHYvbg=,1919.0
consensus_latency,fH0Y0kFtrl6gJ7cxLdLqSTYEPiQ3mIZ+mb/AEFby3sA=,1919.0
consensus_latency,gPaHvrCL7T07w2vC48ql9oCKh+e8/PqG6oIF5z7Ta8Y=,1919.0
consensus_latency,lG5WJFuZDi5oT/FDp8qM4kWZ5/qnNAU/s4WpCLPdjro=,1919.0
consensus_latency,mGRMd2Dv7HjQbOm/grr4B7wmc6zrR058kPAusSFj34o=,1919.0
consensus_latency,pDUjWiXFLkVM6R3TSp8yaX0ymobZ0hybW+TcnDOYOSE=,1919.0
consensus_latency,/CkZqZEN2afQ4KsXeaSoR2YSIebppvuAeRDQPmllMts=,1919.0
consensus_latency,o8vo83nwyp5NJcS5Ha8S5bkxeZcxHFp1e8rd/CpBoaA=,1916.0
consensus_latency,oIqmp1//R81I2o2eRVU8z9X0VPfvFWcl3QzOuHCf12E=,1919.0
consensus_latency,pj/90j7nVsxcaaIjMkAYJAFD/k/Xr3Mifyt488JOzOI=,1919.0
consensus_latency,0h9k7s6Id3c+/AsU2itdu4uNpgCZcY/dssSjL+jz0l8=,1919.0
consensus_latency,0kU90uoIJ9CY5NvpmKNXOGn/26NIh3/880c9zg1eWpc=,1919.0
consensus_latency,AWQW9OUPnDseGUoU9bEFoeB84WXbapxg6A/pgGDXnnE=,1634.0
consensus_latency,Si6u3sHzFWHP7WUn2pzGngm/iLaJl4csfdN9WbuRJ7c=,1634.0
consensus_latency,sg4Isss0veu4uCEimFwwOuw21ubQMMPSrj6eStT7U6U=,1634.0
consensus_latency,3QbnW8ob7R83mZa6WmQIA2bde89YGO7Fv8nOen25VkA=,1634.0
consensus_latency,FX+khfGj9DvAOtKnP7wSuFrVWnb0cOmYeR1HuF/tE4A=,1687.0
consensus_latency,KKGBpE3Sw2+OlrEjnwmxMjZ8tAdiC//zMrdY8LNmNks=,1687.0
consensus_latency,MX31wr/XGkHWmwDX+gs8kraJa+C2yVKZFC/BzUMk6dM=,1687.0
consensus_latency,XU9j7fCq24uQyQi92+MEOnq4VNDBQwFRDoSD5wjkd/s=,1687.0
consensus_latency,mxlywFvdDJQIa9dKHZtW59Bl9EKyqFLcEcJM/zzxQ0g=,1687.0
consensus_latency,m3QfRwZwlsLFb3cVEOP83eh6dfcAJcibX7y3HOEBL/0=,1687.0
consensus_latency,oEke8Zsk37+06PtXErW3jsEK2oYj1n5bJm1gvMU01Vc=,1687.0
consensus_latency,pwv8PaYU/jEZ8IDYDrX7/SvAoT3PH4wmS4JgoT70pTQ=,1687.0
consensus_latency,sPOmwjS6EaLA7Oxek7XxC1DvefhVwcD6Lqp/EutR/FE=,1687.0
consensus_latency,zw6uFxSUAfTRs92bXAXGNfcM/FTuYcE8nDQKCp5GNVM=,1687.0
consensus_latency,1AuXsAKxsfN3opXuAzQIAIaHbjowpbPxY4WscNDf9jk=,1687.0
consensus_latency,LAFSY3f+WKi0ErwXhGSkT4UeoaGKvCvHq+g1FyWTXJI=,1637.0
consensus_latency,Pi3MlM9weufqCg/mC0q60FN7fI3y2RUehNNRO5MDElM=,1637.0
consensus_latency,RE7lM5th67/ef+pKw6XGp+p54Gdc3y453mdgXzdRtIE=,1637.0
consensus_latency,Sa/r6YGGvSHf3FGiEPZX5jpywPXYm8XadmOfIZasKAc=,1637.0
consensus_latency,mkI5ae1jkdcGwQwO/2UJbrC83yR1pAL9qKjoyelrN5k=,1637.0
consensus_latency,14ybK20BKjI2+i3j+B58D6C5WLV/p7lvbjcOIRZMF/E=,1637.0
consensus_latency,2jyqOzX43LHnPUoYr8vjizGYPNEzl9jVjMLdB8V5OR4=,1637.0
consensus_latency,2lyNFB7iDNycrKUwf3ugqElXM9sNyj8RxGESCHDp5eU=,1637.0
consensus_latency,3bWLzTLeLz7qBEka72ODShtcUTGx3h4uugQg8EFoG9k=,1637.0
consensus_latency,6glB4Ncf3ZOuivIAwWw5jm40fTQHEFUw2BCgbOjEcE4=,1637.0
consensus_latency,9nMWgz1mmVR5Y1sLBYdxHCUuvXk6cIg0XGYo7hSHdJM=,1637.0
consensus_latency,HK3e2ycl+BNnMzD0VDQq6NdZOzVIpeEMUSGblAhST8o=,1636.0
consensus_latency,J3Xfqo4MDpKUa6NoQgWVIHwG6oji2tqZPvr5pAXyLwo=,1635.0
consensus_latency,KOqfeKQ1oOb4ONF7PkuAYKY0/nlWgMgY4JTAHzIx30k=,1635.0
consensus_latency,SmJWG0iA1I0bQ6w7MGBGT3qVznRQo7yRmAp6g3otBHw=,1635.0
consensus_latency,XOAbtccynSF/EeNQf9fAmYK5nA+izOBnxCWjsdoZ5bQ=,1635.0
consensus_latency,hdBGYu6rvPE2bYL1pvfTcHaQAbQrGhPw1PX/TknjYCE=,1635.0
consensus_latency,lCVR5c88xq4ghAPFR5HSmlN/YMiPlHxSkJe+0v+Udwg=,1635.0
consensus_latency,l/x0Z/NU0TOWPWPX0vPUOZ9lh6+/ZccFYLWJahHGI0M=,1635.0
consensus_latency,qx4LxM5owj8Qbd/5aV8TR5hgwP3Hdt6CCUJdI5xSj7c=,1635.0
consensus_latency,6w8Izd90Q1/vrqYKqiigmVSlCH5ANg1JgBeR09HDTtY=,1635.0
consensus_latency,8pim8eWgH27FOskwW0C3Ev12GjKPpTj9GEMQwyI0XqQ=,1635.0
consensus_latency,8+ABz/qTEf1On0sRSQwMsh/UHgSPZhF4Kns3UOv411I=,1635.0
consensus_latency,Kx0FRaV/HSgLewRERLM1oWGMWGyukQdIlAenFX5YroM=,1687.0
consensus_latency,AQMfMTJdFsr7GSsAMrGQlhGLA/nIjq5UFjliYwmbwFU=,1688.0
consensus_latency,Cb1zSL6sNjw4/CbUkoZq2p0g4lUpqCt+0uQPXMUNQnU=,1688.0
consensus_latency,Eq4A1yB1uFjtblZMQtxAyJVoYjON0tFbL5EXuzCXB4o=,1688.0
consensus_latency,FbLxAdWWQyOzkuclJv+RowjtcGkG60Z39h7BOTwxvt0=,1688.0
consensus_latency,LmqYlwo4AEtGxlAn29QHbHfDF0CsQpdIC1Mz54X8rKc=,1688.0
consensus_latency,R92/f+3JF/c4zW2X6ceLoGFP9qNaVddWqVEQ2K/AxuE=,1688.0
consensus_latency,Txs5vBeH/W+kqpYLyBbH0xnJS/clJ1oIIQDuctTLvTE=,1688.0
consensus_latency,aENOZnsLrLlQDuhJN2BVdnf1e5nnXdTG4aaImN0WGsY=,1688.0
consensus_latency,afk0O0qtyzGHvtgriy7ILYB1zlHp7xmCx5AFXClalzo=,1688.0
consensus_latency,iCAPy8nDew8MJuWz2BL5hXNfJ+yJ30dccLpW4EzbbDU=,1688.0
consensus_latency,jXFbA7nS+rhpPTe0QBcnUUenaloFdsgatEM6Shumobw=,1688.0
consensus_latency,pyvHpXhwsiD3dWoF17CEAYOJOsX0YIm7B7yExLq+Dq8=,1688.0
consensus_latency,s2tP6OLnrSfRxk+w1SGR2ok3mSN8GV8UJpEN2+uvb2E=,1688.0
consensus_latency,xbMGEaoDZI1ZS19V/RK8EsdrBAjgDcuT99QdJZma82I=,1688.0
consensus_latency,46gBZsRa27F7AMEC0WKIgNnjfaCgvGZvceJg7xSX9Ss=,1688.0
consensus_latency,90Hy6gU6TeMZiw822r3UxmIAqPW7kMSFyKu9WUM9zks=,1688.0
consensus_latency,A2tgUXU0b7DirhnytbubdWyGuJWxfN/CREckLSqw3Rg=,1456.0
consensus_latency,LYnWkl3FK8Zs03bi22dfrtOnnSrbEzGXXlLbHcdtge4=,1456.0
consensus_latency,E6pmQnb2kYju68vYwvbC7+VFsH4iL67oL759dmaYouc=,1405.0
consensus_latency,YWpBdwdbkfi41xIP24zlIIqWDxOK36/EQ4UYHSAUi/A=,1405.0
consensus_latency,qtOzdZJ9H8OynfYCpLcbECpy4m18hKv266t50E+z+xQ=,1405.0
consensus_latency,RwGmX8pU8Idjr/3SHKjaJF0CK6mWuFfhuqwH2eB0jOo=,981.0
consensus_latency,ZKLv2vJOH6NyqixCXdtqWCP0zVmUqiUz+W/z9Cwb4Oo=,981.0
consensus_latency,7417VpUlcKclv3H52NpY8T+Hpw1C6GGjfFjKm7eD5DY=,981.0
consensus_latency,uZpJlTOEgH57Bv/R7FJzAlWF2qSa1rWyYpCWGXQtMcw=,1836.0
consensus_latency,ybAnBxErfnp1SLrlEMPzZ2Z6/trb2oKZpBxxO5QG0mE=,1836.0
consensus_latency,vjk9DvABPJ15usEIBYjzE1mFzB4f4qsERCZ4/dQjR9c=,1321.0
consensus_latency,FbWGAzOG61ch499hh4CywtV0JBPfFvJwKwyfvqak4FM=,1321.0
consensus_latency,MekzmCMLC7TavteXtyySmTm0qf1nKzlS9CmUcqmBYKA=,1321.0
consensus_latency,PMkO3LVdn1R4WMjjb4OCN8vpIF0WSF32v7ae3YVO4nA=,1321.0
consensus_latency,XQYkwghx4ID1LkUbhgkDP4UX3ULGsbLVGcCIZxLXyp0=,1321.0
consensus_latency,nis3sCKG5RtCrS8FT9zlg3dYmRDLZ6OIU+aHtJZP1uI=,1320.0
consensus_latency,sHSgdjB4JZe6rI7JXRHV8TJHF/HKri5mrIJUcOBBcuk=,1320.0
consensus_latency,uvhjK+3koJM/B9bCUkEBPP9AHVOKPyqu5/fbvylA+LM=,1320.0
consensus_latency,znNSrRvfnLotWL4q+u7Me2/IQeeeb0bpy9tl/9Z08ro=,1320.0
consensus_latency,OWDig/TsAj7Z2m7zn9ElZhfdafq9yMlHacMsIMD5r/w=,1320.0
consensus_latency,7jM7FGXUu3KjdBfSRBDBkkkHgNpupsx7MwhGy9l4uto=,1320.0
consensus_latency,R3+coDEbSLhZd7cA+4dDgs1NA429WsV7gTrjOtE07h8=,1286.0
consensus_latency,DHt6Q0JAs58Da2nVglZb/B5dSaLd6bo1FmsM19wHxLc=,1363.0
consensus_latency,NWjuQaRhqL2D/fzS0hlyO6XLjEUUyBPZQq3JSxqlJ9E=,1363.0
consensus_latency,WbSx/W6fzGQj3Lj3PRV2hkTj+sF41RWDN/whf4S0/WQ=,1363.0
consensus_latency,aeCRH6dNXDWLY0CG8juO9DoLXKCDcKWWcMAWIKCkOVk=,1363.0
consensus_latency,ib/0N3SHdnqVF0DRf5KkX6uMUAtG+1cSy/vDOaNmLx8=,1363.0
consensus_latency,jEapgCa946EXsVogpXMa5xYLyqGhYqrmHQqYxI6oJB0=,1363.0
consensus_latency,p/3Dk1AxycUzpjUeoOA/fB4rgUlfPUxjRAaB9XQ7JJk=,1363.0
consensus_latency,uQdATGLq6l+A2JBIpjNTmspdLiEuajVYoUG+0NL7wvw=,1363.0
consensus_latency,0x2TrXaxd/x1niMnlDmFHpUMAYHF1lK7jwvBa8MWEuU=,1363.0
consensus_latency,4qB7nHHNKh8Bk51yfgOnsWkhApVy5Z0v8E+gnU15WrA=,1363.0
consensus_latency,AmbzjNeIJw1sIkA0fLdjqCCXEfhj5I5bMOSTPP0XK0I=,1362.0
consensus_latency,Hg1tIaMk1UBbIZDauvvDlVtqmdurnjx9Tv3mGNXs98s=,1362.0
consensus_latency,LHjc08XtCsNerzyoWUyyN4Mf1BTKIpKWamNgbbtNICg=,1362.0
consensus_latency,TuJVBYln20D+WWBNaRIeMa+LG5vJjLo9kh8AAQ4SweM=,1362.0
consensus_latency,Tv8fnGKnBdbeVAfqgkcrtwuwk0TPueqofIV2lSl0HvM=,1362.0
consensus_latency,bAqOwmHanrV/xmh9U4482YAMNVuwn2GwPwiWC0j5460=,1362.0
consensus_latency,gx3kCzXa5Aemz3VOssAXX6lsbt+2zx0mHH/aeg4fZ5A=,1362.0
consensus_latency,i+jEwxtoFLTusAj3b9tx3kyjFYGCDpJAwHE2AQzigHE=,1362.0
consensus_latency,pVjlitQM9bMtDMdJHOaTX8TILkYRtIDmQiBG2JwGS4k=,1362.0
consensus_latency,snv1rhhMD0w7O0KhXknL3zi8d7Ou1+EwA4hEWYU1q0I=,1362.0
consensus_latency,vg0h9U1/4DnNmFgG0TBFSMQ3G6rYp2AK9ZVy+2XOVKo=,1362.0
consensus_latency,444o5RKKRvz97MGYa+U3BHw/2jl+KQkArPV91O+rr+Q=,1362.0
consensus_latency,5BYhlGGv2Yusw+GRW3s85rGKpinbz+5bQivCAFVnEBU=,1362.0
consensus_latency,C+HpIsKx9n/OJSrLOcI7YWPJQo+Z97g1cVssGLrQZvs=,2810.0
consensus_latency,HWf7Kud0kAC8PWrR+qXRKqcEXK81rsTnrHDa4LIzH3o=,2810.0
consensus_latency,SCIdP3nVhLpXi8zwMgLUYQ5wtNwTj7V24npJCaUlalg=,2810.0
consensus_latency,U0tEth40aMRdpPw4tN58T+EQIKf8OkaGtW+Ip7xWeM0=,2810.0
consensus_latency,dIgQ6RbaqjiQK30MAV9DtMu8Y5T5qgi5egDTGIm/Ysw=,2810.0
consensus_latency,lmSz1l72aapwJ2BhOXOg8yzd6yaTimMrtAcFZL5iK4I=,1972.0
consensus_latency,tRJURQurrHQ24wl5toxNIRmkltfK4XgWYyzoa2566wM=,1972.0
consensus_latency,+Hb8Yq84jWUSLOIzJs7Ln+O6kCjZk3U8LtHTMy5HZ5c=,1972.0
consensus_latency,KrXbX3AKAovUhsbyzFw1qItah7YSjm2wMDfj+wALUYI=,4663.0
consensus_latency,N/8dIP4ZwQWLdBMW0gXth9iHEBxsbVhMLJSzHFrABDM=,4663.0
consensus_latency,QGTykhpGRTj+OZcOyWu+LFTivS6ctGHlUES9eCwvcHA=,4663.0
consensus_latency,TMDbIAnKAO8tjMCRQHPTjo2TQLWm+8RGytbRNbytSS8=,4663.0
consensus_latency,TUeH9N3GvdgltraGTZYV4L1uwEJQJsC9uUiPfHnq6Ls=,4663.0
consensus_latency,TxM39eot81KHesczKH/2xO62W/bUxcBHx7OfVv9RopU=,4663.0
consensus_latency,i+pIyo3ijo9rLNX9IJjJLA1dbi1WGr9IkvzHAWsT3CU=,4663.0
consensus_latency,jePfNdWOaama/PeyLSP220PM6t/50b3mKJqUPcssjH4=,4663.0
consensus_latency,jwnd4aywLRIuyce/b4wVBXlGIT3rE7OJvJ1E2ayVKUs=,4663.0
consensus_latency,kk25F/DB9hE3ea/XYenq5/YHKxiUguta3ksB6zyNobU=,4663.0
consensus_latency,wO3dBpJ7/XL58LTxUPuYrX+u7i1DahvtG3N7jAmFvQ0=,4663.0
consensus_latency,xWQd+Ah7pcx1EjEfmLMObW8s8StoAsakOPwku57Noo0=,4663.0
consensus_latency,ywWrFF7T2BpcB1y8G1BPXhiElGC/wBZfdE/D5zmBh2I=,4663.0
consensus_latency,1UsuRwv+E/D4wu8ZmDSKmAE6ZeDn1xdvjEB3DQlQCTM=,4663.0
consensus_latency,8jVr9PO/xkpsUiIxwYNp6QAUR7kE7TmKnu2E+Nb5O70=,4663.0
consensus_latency,/g/Gmp9PnKW0QXhXhIuvxXvrom9A4S2S+aaaPPAVFkE=,4663.0
consensus_latency,DzPtyZ6iIYV3rTs6OZYUFXbwpg324ywuXh5f6OqSsSk=,4663.0
consensus_latency,GGSKKY/zuneYZP2rg9ZDZ4X3yU01ZLjVQRzTwnBkHh8=,4663.0
consensus_latency,GQO6zI1w+WXI9L6ylZM/AsPIRGQlCG1tsCwXUrDqJxY=,4663.0
consensus_latency,Ls2+QT2ztOAdDLgtTfzkx/N+6NvL+zW26EVUKuwKna4=,4663.0
consensus_latency,QqLwgC6RXr6pXf0SBzQivKbQjUbPVcK+1RoJVzt4ZPM=,4663.0
consensus_latency,RWGX42L9QM1r+IczY7C1mJSNz6e4y8driDbFn3dPCZc=,4663.0
consensus_latency,Rx3SQWTSc8dTicajZCr1gvZXcCB6FPwXx1agqupDyqU=,4663.0
consensus_latency,Ty6Agd+f3/RJMMSClWETUXO6LEBYhHT42KFFn3SN/M0=,4663.0
consensus_latency,UsSwBerRbHGaOY+B0HIHWocwYOYT6W6+Pdnr/1YyltQ=,4663.0
consensus_latency,U0HTuHOynK8Toipb4k0cCX+1//sE0g61O1UxbTDG4sg=,4663.0
consensus_latency,ZCYa3JLPArib/ZAA881Wvj7rctS+g+PJMQooMFjO6+0=,4663.0
consensus_latency,at13spwJgj+zID2LDrq8jW2T6eHKl7RbM7/id74nbts=,4663.0
consensus_latency,cn3LJKbty9sKumUnw1DwVQk7ZeDHLTVcnGydwhGSYXU=,4663.0
consensus_latency,d6WcRs3jgdyAjdFaJ6OWOShNN92qITdtVWJZ7rJ5ROw=,4663.0
consensus_latency,ePLX0e4QmxbwHPQb9JmYE8pqkM1prSXrcGq4mZf842Y=,4663.0
consensus_latency,f9JsBIBTUscqE3vx6LcQ0Afd5InNgoVd5164gYVN2xg=,4663.0
consensus_latency,iJykxvpTUjrklBjZkGSgXDIfg2ZaQDMolA8Rtj6Fs+0=,4663.0
consensus_latency,luVjyYy7Y0HhBZiVn2pzYfQ3P35h2wJ2/i462GZO40s=,4663.0
consensus_latency,mf9KboW3LM+wlIJjObzaudOBLRrXqEvjvXAeTsEGl0w=,4663.0
consensus_latency,nqjHOEf+Bds4XS49UKtk6g2Cs212dnrRXokYEoHQ6YY=,4663.0
consensus_latency,xcA6er7wItvqGM3H4rpqcZhY+0CiJTNoUqeSUyFZcM0=,4663.0
consensus_latency,yDE4wvGyg0gPiVXpk1vBtEui+tR5fzDV2L34JYmTksY=,4663.0
consensus_latency,1WNKkSqFLskQjEJsOw6LTQpJLiY6Tc+9H/OqNCaz9wA=,4663.0
consensus_latency,/JbA9HV5L+q23x2u793Z698KdTKpmuSk7KnpiauisiA=,4663.0
consensus_latency,A/VUggmG2ELVgRF1nBPDceMrPiovnCYmuJCm3YDqe2Q=,4663.0
consensus_latency,CKKakDEQfn4boz/BNH1sOkYHc8Pac7lAv5QB13EvYuM=,4663.0
consensus_latency,FFuFiGvBmy1vnVej+vnrQs+wsIUH9WEuPccsMp4J2yY=,4663.0
consensus_latency,FHiozLz+iVlRaxWgjyeXXUQ6X9BTytlg4pQA920Pjy4=,4663.0
consensus_latency,ILpRMR0U9YPNAdU9c2njfxV63OJq/wlz/trBAS9DP7Q=,4663.0
consensus_latency,JVecR4HpXoB4dUQHCzrTPFFEyLKTMxWFDLfFki2mM7Q=,4663.0
consensus_latency,VMPzlALFVCAM9oXeorfv3dAitRdNwFW1+lsC7D5HRjc=,4663.0
consensus_latency,WKSst86byH4o6h//1u7pA98zrtfNdXtgFXuCCo6kOHE=,4663.0
consensus_latency,dkuZA/fcjjqY8bzFLe+c0ZxJQP7lvelp1quQxCBQkOs=,4663.0
consensus_latency,kIuSQgRNzjlNiUNKOwzYqfEmWgPttYWmYyvEv5Y8mOQ=,4663.0
consensus_latency,k1WXYe0iFD1lVvl5y9HwdRUW3toDBzB1SqQYZoEaB+Q=,4663.0
consensus_latency,lv4ap2SHeL+83p5TlEnvRYlRpE8vDugktcDpVdUrfWQ=,4663.0
consensus_latency,m6ca6R52wW7CmP8fpbZSIrGDtqKssjN7lce264LDjtM=,4663.0
consensus_latency,qSs4qXVXTWe8N1InBJ8jwasjpBw/oinzL51Ux4/j/Qc=,4663.0
consensus_latency,qYJeyDzTqS+UGaLAYLYz4/M/HsMdMnaqLneTLN/dVSU=,4663.0
consensus_latency,r7n9MGO91yhK84mXitumQhRtRgx+uSv/eWdhObVnUpw=,4663.0
consensus_latency,ucEpkYuMZN0O+rt2fN+bzlS6ChKUPaYOyhdd7+CQkgM=,4663.0
consensus_latency,zlLIG1XxkyE9MJOixpipQRO8aeam4UOet+gN9i/0x1s=,4663.0
consensus_latency,3SMClTJ4wkDbFroLNy26cVqGXPQzRq9AzMiuiBIeNrM=,4663.0
consensus_latency,5/1zhhaJva0T/fdLLTQjWYVC9KTDF/HaSSZuQR1mzF4=,4663.0
consensus_latency,+juphtZsxMfGyzRUJhQ4q63khplrkIU5FyZ3EXgrUoU=,4663.0
consensus_latency,+5slbE4MKHjIBwkuUJDNZKrJM8K9LQBhijvC5k1JliA=,4663.0
consensus_latency,/h4pNuPSmCF2WdZOFiBjMvtoY1QL557wPr7LvxYKIUE=,4663.0
consensus_latency,DDr2g94LewkZtIHv1phMSu+8xuhqlK49Zr3i6ZlMuI8=,4688.0
consensus_latency,Fq40FkN225NjbGiHx04zSzduNcgPoYVShgS/6DZt9Zw=,4688.0
consensus_latency,JbhGmETTgYhKj/7jkY8krAY+28dbR7N2Rb4TnZHh39U=,4688.0
consensus_latency,KJaPj3yQfRaIqxpVOco3UIF6hSWMguuUFo6kfKbA7OY=,4688.0
consensus_latency,OHqa9eMQ6WbzvtP/ny78fuvPNKY6uu/XZyGfqdpB2yk=,4688.0
consensus_latency,TvvXD4ID0eRyM2WcajdEw0U6ZiQsI8j45YZ4HszNPUs=,4689.0
consensus_latency,aSo4qjdcGh1HlAIj+8Y9yBLKRTKcsEF27Yz49wd4yOQ=,4689.0
consensus_latency,j0unZ/6vC/p2QjIzPsJg5VEaquMsW+tFLETiSjpVs5o=,4689.0
consensus_latency,mFO8XClUMC4uGs8YhFAJkKfGF3I6Boo9ZVCYhQc6Z2g=,4689.0
consensus_latency,tnbMzxb77C76A3Apzjr0fLScZG5/UkGAIG6tE+NhqLE=,4689.0
consensus_latency,vGXjxLbltB56bFFlboiwMPKoYyLC3XRWVLo2x5DUADg=,4689.0
consensus_latency,yCc26HEfyBW8tiAtfKqZOL7o+h957ROimaIMh/vGDBc=,4689.0
consensus_latency,7uaJDtLzY2+OlrZVajtSGsgqa0QcIwyPgaJE3sTvWCc=,4689.0
consensus_latency,8vyyUf1s63AxGYNBRv3sdwKLYxwTEsMPlZy51NbLBDQ=,4689.0
consensus_latency,Oa6k6Pb9t9L9F//OdfgE6C3cKlMvz7Ua/kzYR4Cl1Vc=,4765.0
consensus_latency,FbQIz646eIBa0aoo8mCi+G66lOm78HR+vGhMlWxr+Xk=,4460.0
consensus_latency,GR6qOKO+zYznLwgeaniF7gaPWIixaGmPBi66vEc5SaI=,4460.0
consensus_latency,GkXnn5828S7gLtuLjUlJdKj0PZ8M+0s+DsiusoxBjZ8=,4460.0
consensus_latency,G36it7G6Ze3+BaIB7WtwxyE/b/YzKLA1vKyd2gWnPmo=,4460.0
consensus_latency,ILr71Uj8ps9k4srFR8GwXMjPLWOPYT6ab84buls5pMg=,4460.0
consensus_latency,VxnhonNb8MvGNui4eE2FATMhpXhf6zkPg/seBki3ZyY=,4460.0
consensus_latency,WMFA7n0WsE+oz5QLruaDadX1mkJVRlW/RodMB0j4ia0=,4460.0
consensus_latency,Xq9w8d2xd79uX502lRGRO+SRyPywcgl5ucoDMPJucSQ=,4460.0
consensus_latency,YHKdPO35IFMg4bF/TMbYncoqefDCHsrLfu/jwJdIXiY=,4460.0
consensus_latency,csFIbrXmN+pF5r9yURF+XASss9L7ggLq/eThHdcqpLM=,4460.0
consensus_latency,epxFXuOIQeVXZrSY1MTwP8HzusGTNf8NZF+7tFIm+Cs=,4460.0
consensus_latency,iA9UmMQLgTtxCXi4YMLUC1OdHxYk/127XxTD+UUfL+o=,4460.0
consensus_latency,uuuABTQ6c3VJWYs4vAKBWYc6iKuzd/k+WZgfJkUVrbc=,4460.0
consensus_latency,0TZAU3hLoX0ON3WgTT+2qQxPXa508YHY77Ese1PeLY8=,4460.0
consensus_latency,B8PpTvKTuZf+A+t0dtXxYIt13MzrkNXjZKUJIYlk2sk=,4460.0
consensus_latency,Ejd6zam34XigJsZOspXj/KQkk/qpYE4BIqG6eScMtCU=,4460.0
consensus_latency,Qsee9TreiLOkCIssgM3DmD0dmh5Syiy/VWGEY+gPBhM=,4459.0
consensus_latency,Qum8iLzLrDfSWMbA784Rn0zVxMGcv42PLYNZNKgyXLg=,4459.0
consensus_latency,RFUtqfeYG/PL5W2cFSjXxwFeUUW36hYYJpLyoUXPBPU=,4459.0
consensus_latency,la6msPdiOSQSofFF0NKOSQfd3Mk5QSCyaSE96qYzN/g=,4459.0
consensus_latency,rVbvLTNXWTL+AlKjWS7orXn4GOsrlRSMAWARUHjMupA=,4459.0
consensus_latency,tlAeITNeJPWkeODH/KV8zF0nwEoSo+S/dPn0qJnEIZo=,4459.0
consensus_latency,uym9V2dqt2I94tUBtLHZdFaCzuJj95uj4Prn7hi59j4=,4459.0
consensus_latency,w/APcy3c+X0voSnaFvbZejBTnND5pARL2h58IcfR6sY=,4459.0
consensus_latency,35I6jWXQnlzRvNmhPIEN7cr1soWXtEvxl2P6+vthGlg=,4459.0
consensus_latency,+s3mkXUJfrTESSfRXguyU4O8wuT5/PCIEKOyEi6NZNY=,4459.0
consensus_latency,BjWW4giY8sBt5zC9td+x/uF54Ht++SxQ1oon2pWaFo8=,4407.0
consensus_latency,GP48XSAxL22bKE7z9DMK6rbW1eULvpunwGwIbRTNdz8=,4407.0
consensus_latency,AphmcktTUG5LFhCt4vIPIV+k/wLY9/DaHT7LpzSMmjY=,4407.0
consensus_latency,BMm0agGwIz7HQbSGdG1xt/23FvFhViuAkdAveN2nfcI=,4407.0
consensus_latency,BqB90dY23XMQpHyUnMDghjGRq36ZD5X+/7yVKaKaJjc=,4407.0
consensus_latency,Cy4nFh5Pwp138HbnN7IeS4FDLeiF/6BS1bUDWuuOEn0=,4407.0
consensus_latency,DlEsoCsotGwM82LvAX6P45Xjy1g/a8jehR3BQnC4rlY=,4407.0
consensus_latency,Hmrdr0lZJtqyptruPVYkITTABAOWTvkr7U423Gn+PvA=,4407.0
consensus_latency,If1a1MH3Cwjzo1L8eHm4hX/wS0JXJhIkPYw5y75aQXI=,4407.0
consensus_latency,Ly2zEabqUgKxqzuejSi+m8sGxyhWBiSZiEV7S2mvYIA=,4407.0
consensus_latency,NZ73/7xOcor7qzL52XD29WlUGmbdjWbSLsHtWhXoBMU=,4407.0
consensus_latency,ZZyl25XjLNcFtL0lPftbUJroBr4DVYLbnhf8cLITsrU=,4407.0
consensus_latency,iE7KoDmsDsNpyCu+XmmzzQEQ0vpS8gKc1Wwov/jb/mw=,4407.0
consensus_latency,i9r1LwFCwWH1oyGc4+L7+BZ/QxVC9D7Ls6Ya4t52Q5o=,4407.0
consensus_latency,zcSDmvRl42QIASga+9kAXnTzbgS4BWBN66HQs53lUdM=,4407.0
consensus_latency,yd4PtCEkUehefspCpbwN1a4Y2rCbsLRrs0rl/qMT5ms=,4460.0
consensus_latency,eQO91j0CqXCesefRIGmEeMktNLDnzVNQ4FYGQFQKk8Y=,4462.0
consensus_latency,BzGfUvg2/gpKT3IdO0G8ElZKH/tOHcaQz+IiLJuOQvM=,4406.0
consensus_latency,HnDCrZbE+efCaI/Xh0RR4TdshGHW3yfkKXc0/tzu9bM=,4406.0
consensus_latency,H/Y8TKR60KpgrxrVcxj2hLO7EVQokH7gcDNwAMf+Hk0=,4406.0
consensus_latency,J0jZ/+OLxPz0DCJL1MutL/bLUCsrtcWzOuxQo6ZhVIg=,4406.0
consensus_latency,KIxMUJ0aNiNday6R1FUc2VdRxHxliMH7yFRCkDFn5c8=,4406.0
consensus_latency,NURxyS1TAn6hLlqToqW7XOyodSTAAyGXFe6X3iuFQAA=,4406.0
consensus_latency,O/nrDQpmfb4q2F0MUD4tQLwt6sOEHJUchLMmAO05LTE=,4406.0
consensus_latency,baaxEe/EJ68xw7eAz/EXoFnrn6Z8/DOI01BjCfIRY3w=,4406.0
consensus_latency,ggvBAfem7BbkTx1cFvICnCfGMkZK6MOZOUhTBp0KQEo=,4406.0
consensus_latency,qbl1kSXncOTr6nuwT54AaOW1bbZc4gmbHbjXpUyThOo=,4406.0
consensus_latency,uJ1l93iOOLGMLwxZgkqrydCN1bvid3lXBdbM+MOs5X8=,4405.0
consensus_latency,u0MOP4/H5r2vUSG3O/WKfRxpndoPq7cuLt3BU5oYjwY=,4405.0
consensus_latency,4LroeYV9ZGU5o6w8goVomxzHMQG8Ep84Fsdr/z+cR+A=,4405.0
consensus_latency,6Vjt7aURlIYoWauBuO35/KkAbrC3C7YDXtRZiJf1JSI=,4405.0
consensus_latency,7xeZSc2KDGpx8Vff0SUceiUlYog2353rbonHaLi+5KM=,4405.0
consensus_latency,72LIeGwq7nLlh3X+EGZ38NvrcCy00YEP3SJQt4mMxJU=,4405.0
consensus_latency,FRa9LF/vStuogQd+A+ftv6nxeGy+gsZhPKKRar9XAFo=,3930.0
consensus_latency,UFSXldcLqeAEL/HrMZimYxQ/Qm9OpBLu/50h0rO4cd4=,3930.0
consensus_latency,izTu3qjtJXFGN/45kKT5yvF1K0/vCmiFIeJ+vIPn/XY=,3930.0
consensus_latency,kIF0i3A8o7MUZ1muJ8pJKWpiF9so1mWhC9um8SxyB74=,3930.0
consensus_latency,lsGlvmvK1c0GStBfU08unFvuBggDlTxGWDl1g9NswEo=,3930.0
consensus_latency,mxvArZ/iFklWjalCy5YW1JeR4J3WDnVFygpPo71HMRE=,3930.0
consensus_latency,pcHCD61se/5mussg7AsNIjcvMaiqUGR7vIv/SzjuXIc=,3930.0
consensus_latency,rSQy/d6vH7tfy9uCTHCJpGxOg8MafT/TzJKryA+62L0=,3930.0
consensus_latency,sxwQKHLi7xgCUH14OrcE+8Pr/gFKQ01X/y9LHFYLSBI=,3930.0
consensus_latency,tmV5VUKLlPqu7lsq1qVakGULkPRSEjfQQF9b8vVUk2w=,3930.0
consensus_latency,tm5GRT98ayjJqdcWw80/0HuJg8BbaM6/2KK3DrsHV6I=,3930.0
consensus_latency,7TBsCv6cxrlI+exYpN10hJ0+RbBhGnbEwry4c3CB+Oc=,3930.0
consensus_latency,fB5dYxmMcPNmSbAazJl1Pu8c8C//yzEAmoA4Ux5mgnA=,3929.0
consensus_latency,1o8FS6q7Kf6yqvl/igAHLskklJx1N3F+q+/NM+oQo3U=,3929.0
consensus_latency,6ZPmQz3mOSupKk7fkFlQ7isMBv/lTCdBOkS0Di814mY=,3929.0
consensus_latency,MKWk7hnHomin6BuAQmi9zD0b+E/xOzIIqxCnysx1b+0=,3929.0
consensus_latency,OAhfqCzhPJGBCqGgyFa/iWESsiChQNpkDcbezDmdJYg=,3929.0
consensus_latency,WEXbyeAdr/chgkeXZf61gvWmkXQGXJF81vrcxfEGPqs=,3929.0
consensus_latency,/dIf8H6gcty0QEB+TgMLZPi6OV1Fnrug5np31E4AWlg=,3929.0
consensus_latency,FdLSywcdc0ZsGyq/xDn2XPMBgDXxhcq5ktJhFUhZjvc=,3877.0
consensus_latency,oRfsQBwuKwPUvpZuxsRcd6rzjNeydG2DbWsARzsCvKA=,3877.0
consensus_latency,ofvZTZYwF93uUl++ggX4mRfnYXtwoymhH5Yyi3+C0Zk=,3877.0
consensus_latency,5K9oP2cKjB9H15ObCgBrvxe5C6lVWEa8J+segq3e6DY=,3877.0
consensus_latency,ACoN1L+uj8qslODe+Pcp2oW126+I6ReM6fpZdx23ttk=,3930.0
consensus_latency,An7yCYamL0dc3a4pGe+UurQHLKeParLoZJWEsHVckq0=,3930.0
consensus_latency,AxP8Rz5PyYNxFP7+IMZ1IGrjfERe/egRLKIsNYAvUiw=,3930.0
consensus_latency,JB/eS27pDcyUOcyPRrBHbmyGVatdwEnKWBnowvRArbY=,3930.0
consensus_latency,MHsTyJQpeplsoAnUVP5vRUqbBG2yPYWqCAsDZgUAhHg=,3930.0
consensus_latency,Rc6Pz0zssFElPeZUomJWlpl4g0Qw+FKp+lHosEfSPPk=,3930.0
consensus_latency,R0mZhEaW4uXEJ0+PBsvyZtl4/JQk/RB8vMsQoZjqVmY=,3930.0
consensus_latency,TmlokYpgX1FDvJePYuc0sUCh9Prt7l5gURoMmC/Jpw4=,3930.0
consensus_latency,VkVwBQtOwnykWXzu23FXBiLg1YItfrtIlUTWZmRgZPo=,3930.0
consensus_latency,Wm6jT7qUpFFGHzl2uy4dyH7V4DGykNMSpMUNUaalGfM=,3930.0
consensus_latency,bSgvqyQ7W9obQgCjIsTDwhRL5WKm75dMWO8IxzzYn80=,3930.0
consensus_latency,tyPiTSNEkIYioFEgjUQ1jp7o5/A2dsc/tCKlp0ojX18=,3930.0
consensus_latency,xmgL4KQ58FcJOYWAvpYzPJebYWm2vuBqg5DmhxWbZMQ=,3930.0
consensus_latency,x7HMmV1vCHjgtVfmRmFJ4KNa82UDm+uHg9dCraG3soI=,3930.0
consensus_latency,80mOKlvj6HPqYw0y5mT9TUfGGr+ZmSTecMgUmLvyXBM=,3930.0
consensus_latency,+hI7feIFxENRCp4K0AyDOu8xh4Q1LA+ucqEVGyThTwI=,3930.0
consensus_latency,BwZQTzAGYnMlh8GaV5Trye81ebJiLoA+eWviTEFv7FY=,3932.0
consensus_latency,HVoihtNqRgxknOJLqF8ta+9wC8Umpfg48OKMfz2B0UY=,3932.0
consensus_latency,IG166G8n1fU5L0odomtAzUcp53EmXMbUAOpkbDQalyk=,3932.0
consensus_latency,NuLv7HtVdTpn3wmYsELGcwL9oHH3Y2yePnQ+qSEjZMQ=,3932.0
consensus_latency,N3LD4jwjO9Kwdq9ZHK/EEGojMZmiOVJ+3fXEfycnddI=,3932.0
consensus_latency,Q4EGQKJCCS2OhSzlNrQaAwUNEdqYD97f2Sx67iLiUMM=,3932.0
consensus_latency,SBMf8tc09L3AOoxihwitKd6zENXCve8Lh5Jh1oCZ7go=,3932.0
consensus_latency,UfbL5PhcrgJpS62BqivaH5MFeT+gpLCvMXnZNn7fj9E=,3932.0
consensus_latency,Ul84Pq5Rd6nNAT4KHLLnCp90HKdBs++M3CwqfqSTP9M=,3932.0
consensus_latency,bTej2Ud7fNMEEfBL0b1Ukxp29bYegOr675pLBVFcbOs=,3932.0
consensus_latency,tk5XPlsn+oTnUk94m7RmPHlHIn+TFWf1hBJEngoK4lc=,3932.0
consensus_latency,uEQ6rKDwznlzWHvS9Q1TXpaBMAq84DZG+5Um0go7/5c=,3931.0
consensus_latency,xhMHQ778P740D3LiM8J2UrP132GRyNkkbfY5GYAE5V8=,3931.0
consensus_latency,yuORHeTwX/2L5VwIwTVKirbLy5SdeGNOdSvgwHeBdjM=,3931.0
consensus_latency,7gtJYjmTMaHpNchFbAkyy91/YDVAonjpNnOpdHf55Ho=,3931.0
consensus_latency,8T39BvM+hDu2kIBHFzMJtp3esQNFJGrLwS6+I6sfskQ=,3931.0
consensus_latency,9JZpLh2K0+bwAGSpxCO0tA/GktNigo7A4s0/kBlTJig=,3931.0
consensus_latency,Ex1zLu9y7PlVyBcceInTBaGE5NqVLlL9eQZzdTV+6WA=,2970.0
consensus_latency,dML4dBuny/WxnNznK++w895TCKXiIkSqL/ypyZS/ZoU=,2970.0
consensus_latency,gymaJLQuqX2UBynhsAiitqHBoHm+nWLrFgaSQmcA6B4=,2970.0
consensus_latency,h8Ehwjj6wbeQieScS6VJI6uGny1dDTINrZGQqBygT8o=,2970.0
consensus_latency,igO/ek36XNSRFxIp4oj5WdRd9wyhtJYpQyOrCXHA2LY=,2970.0
consensus_latency,lPhS/YVb3AeBH9oA7RM69OimCJqHKOPzRGU1Y/UyEmg=,2970.0
consensus_latency,mbA1CQStD353eWe6ww9Awyz2KY/zEXoYy44KIKnDyDQ=,2970.0
consensus_latency,nOCFF1flwZ+4fX9gTEWwn5iXKKoISTQfUOPxeunwkJE=,2970.0
consensus_latency,vz/KtukBuR34mduGvx96nXAvXSP7ygos7C9NnwN4myQ=,2970.0
consensus_latency,DEOdehAsMbRzEK29xfFBwdz+w/JloJzpcjlvodp2pdI=,5841.0
consensus_latency,G3CLOZGgGH761pmWGQX2pxwq6S59MzpYKr8siRbu4wY=,5841.0
consensus_latency,Vzn3xjZJ+zHIlOELz9jgX4GExU9kTLMS2qKZFb4o8Sg=,5841.0
consensus_latency,eBw6LeEH6oe3UJcMCVdskhw4b90jufOCn05z5LYFk8s=,5841.0
consensus_latency,g0KhXi3P7yP4hc0OLwzTVyaeuNwIXhHe+1MuRcWMQ04=,5841.0
consensus_latency,l+RcOLr6T5Dc7Sk6zXlLIYareJEajNx4TBEnXpC1sd4=,5841.0
consensus_latency,nDzajhxNF1PZbwdUxbVopq5zSf31+ZVNMXyQw+gV6D8=,5841.0
consensus_latency,tkcAMfkYG/uIX8VGKz/lP8aJSjCwj8OENuGnJRa76XU=,5841.0
consensus_latency,tlKixoahpvIKgKGDozV/e19eADnUJ65f5ZnHCEnzkqI=,5841.0
consensus_latency,xvACCaMWj4yN1fzwrmAwy9m9BCV//vnrvAyePgNiWkY=,5841.0
consensus_latency,9U0isYtYGh04H2V8ba1bi5b5YEGq1pHInnkbsACBYCU=,5841.0
consensus_latency,MoJ5xQXQr9CwYOcDvhVEr6MDO5d+bDRjc2bcCNzEcgk=,5843.0
consensus_latency,c2khnLVWZj3GkAslv1XCQeUXyl4ggt9+vzzBKPsHho8=,5843.0
consensus_latency,wTHlBOffUmhM/3bqWKn86vmTQujCY90JhgQeXlAKWm4=,5843.0
consensus_latency,Xdzv6JirSoki74VS2f70BTlFFp1PoxsYUR25lK6dxMs=,5788.0
consensus_latency,xZLMvHIck9JBzvD2D0CrmN1VQdT00GtgGU+Fd7YwZFM=,5788.0
consensus_latency,8KIDa7lok46C8Ipu6me3WQHUaZm43uE7m9N3c3g1vFY=,5788.0
consensus_latency,+04Xua9FYqeGzzobq4v1mgVERKoDqKhB1L8LzdFaWS0=,5788.0
consensus_latency,DDVXUFFVFyV3lFMG6P4dHn6qYaZu9suwY8Kx2nDspGY=,5841.0
consensus_latency,Pj2qa4KWdiiBciKygbIzT0jUzU2N4wRA8VpGov9FVkg=,5841.0
consensus_latency,YTdY1jDe1c1er2+UDn3sQRT07lByk0kYwaaxAt7clM8=,5841.0
consensus_latency,Ybwm1YqKSB+rjL1rSN1qwUNJpdsXH24LAunrKdlGWHE=,5841.0
consensus_latency,ZianPN7nBzDZhZUNwxMalSIs222yNMcSFJLvirDjskM=,5841.0
consensus_latency,bl3qJKEoXIPupOVAhdb9Ch83p9C7SagUx67pS6Hd5Yo=,5841.0
consensus_latency,iXSR07inQ/XV0P6naagmX1WIn5Hqw7aLYBxJE5mlKiM=,5841.0
consensus_latency,nPuFHuJ/9gW73JcfiolLFQgIwmKVgfiz8ZqtGFPDIjo=,5841.0
consensus_latency,pSq3mo5xPkhQ1kmRlC9MaELUDU3o4TF9pGTP/Y91HVw=,5841.0
consensus_latency,wcz8Ufi72hMze+7tGK9D3vqO4sZ3ogBmGZH9Erh5Z04=,5841.0
consensus_latency,z+6gHLfV+2HlV/pKHmsvt1WRHP/NW8ebMgNidqm438g=,5841.0
consensus_latency,HHr/aMg4DYYRTdtlK7bzd9uXfTbztcJhsi3n3jrehrE=,5533.0
consensus_latency,JVX9lwRRgKaOamkPLaEDbiUGnlhj2Y3EM4O3P7MZeh4=,5533.0
consensus_latency,MlC1UiEwaKsMZ3yYEBHWpKQ55IbDNo9ixuoGlt8oBHk=,5533.0
consensus_latency,W5tCgKlbjqT4Gz5PY20Pk+4X3hmZWNttwYOAVov1H9g=,5533.0
consensus_latency,dw2fcjSHO+qDDxjajY/9IY9CG/qfnDp65S2oL/mXbPU=,5533.0
consensus_latency,hDcRyFD+bwh7uXGPvRo58grztpPeJwGXSpCXjf01s0Y=,5533.0
consensus_latency,p8oXx0QToh3IqFiR+32tAskNdWsXdQnbeYlRT9a9IVw=,5533.0
consensus_latency,tT8P5jhyKteueR/Us8TDOYxXgwwJpXgZcWNGpr7e9II=,5533.0
consensus_latency,0ZvxMCzjOvELZ2LXgj+A562mcthp5jUOSN+mUgVodGk=,5533.0
consensus_latency,AQu8gT5UY6+ou55WneGDzGr9oYC2q/vd3Pm6RFbyNjM=,5534.0
consensus_latency,Cvaro/uU05+ok+/VlzEJGvjIksuIiMZ3gDUFla1IjLc=,5534.0
consensus_latency,Ki7IDyKJhpPrcteujiUGCyEsxIW8RZS6iy4k2YsdGPM=,5534.0
consensus_latency,RTxmkCgV2AD3oWg4tvbBqPmmcFLxKNJ0kWhkQOtODO4=,5534.0
consensus_latency,TR1vcpP8jzPu0bpTRj2AxmlemneWZxtoeqMo/69DQRs=,5534.0
consensus_latency,WmdXyEH4PPx/penU1jT13nXkLxbgciycVFups8l6Q5w=,5534.0
consensus_latency,XAWjmED+wpkyig3HNCWgjCkwZ8PJaL0JtkYARJCFxV4=,5534.0
consensus_latency,cky8BynVyjqyb0009+z0xMK7nrtB8806x5nfeFL8TMg=,5534.0
consensus_latency,eEDqcd4ZfS5yloKrHEDEEL6oAXcwKakmMe0CcuZBbFQ=,5534.0
consensus_latency,e9rxQUgtp5mP2Z7FaYXHtKsXnywi5GvH5PxB3AdXxSc=,5534.0
consensus_latency,ug6Wwfe2IPVF9eEJc6HIVD5EUOT1lKXeD1LXLVqzzgA=,5534.0
consensus_latency,zZpkjdTV1RZRz6l3YUVT8DQCrBxNPJxxMh23BEHzHBU=,5534.0
consensus_latency,lRPiQ2HJKhZBYc8/Lb6YUC9aBO4Ph1GEWD5RDwypdd8=,5583.0
consensus_latency,ya9YJSBWEDOp+D9WyHJUsTNO2VQSuX8ibHNVaGhBQ2k=,5583.0
consensus_latency,3Y+8BXtFo741MWEnfMJKLRZwIAPoYl3LuVejLH/2Clc=,5583.0
consensus_latency,/TlDZAuU91U3OGvFa8jfW4Xq6gUJZWtbnznmokYRnTs=,5583.0
consensus_latency,/ze6Of87FtoBEsfiujXM+Jga78Uw7r5Mzp0AlXkuJ74=,5583.0
consensus_latency,YTmTodtMD8wGzpohIrbdYHFOdOdJtdJOEcvy8TfOcyo=,5533.0
consensus_latency,eTyBXgv74Rpd2B3Nlef0kKebSIcHCFCZ6uuKrXIT9c8=,5533.0
consensus_latency,j5oul2W14qXOI59aLLFNnDseS9062nko0JCmW/Qj53g=,5534.0
consensus_latency,ru0bIrWVaoAdr09B+WcictrR2IeBF4iLnuu2c//YLlo=,5534.0
consensus_latency,INxmoCQiWNpk+XWGZsB1hHr+9ZVZ1IgY0uE40/sULs0=,5533.0
consensus_latency,J92hulLnnd3ZilbHQR7H1w4UW5eePE6IlDFYnf2XMsM=,5533.0
consensus_latency,ZZBMIhlXXsihF6UJq49RkpXGvusyT+tJxR5npa17ZU0=,5533.0
consensus_latency,dxqJxL5UmiGwOgb2bDNayNZ2acvTsNVXEM6JBQz8Lrw=,5533.0
consensus_latency,HLFvXZ6Wu+B9ksj20nfUtwHtzKL+Pn7/t0hq0DCMzIw=,4329.0
consensus_latency,Jm1npaQz9CXhADWgjyOwL51teWJqOAmQ3jh+H5bDZ5E=,4329.0
consensus_latency,LHDAxnJNEJCyNZS2jYYzUAIDEhTqVWckyZtbkQ5XOxg=,4329.0
consensus_latency,NYOFxsBa+LvRHvNxZcjC2i6ktsleuamBPwIykw0BOYw=,4329.0
consensus_latency,Thv9d3D1xmL74hWrA5U/aU78ChTlv4EjemSVRBnAuFA=,4329.0
consensus_latency,Ws+i5dOc+2mhUuPNTk2lhlje1wQw9yBn7ETkXJURexs=,4329.0
consensus_latency,c2itDjG+wYU+tlNVhS1uyfIpJJAU6r/4XdfgnD8kDYI=,4329.0
consensus_latency,eimYLWiFDz9hhNxAUf4oS8sTodir51boRKQtMX3nDfY=,4329.0
consensus_latency,fSiAwrP4jMfl2mo0Wd9B2WjVIK5bobQ2OelthF4lwBI=,4329.0
consensus_latency,iAaBM4VxE/9qf9Y3vJRyPIdodPbZFT8XgJoH3U6Fano=,4329.0
consensus_latency,ktsXfHGA7qjylQItMoqhtTM1I8zs2OEDhEIwNpPQcEY=,4329.0
consensus_latency,mqlllkjIh6xHZom0w8vSYfP1vAuzDjUNauzAMNlJ4A8=,4329.0
consensus_latency,n4w+igLpTQDPcnyzAt/fTi4AELinSvQ5SgMaERoymDw=,4329.0
consensus_latency,wIsOLoOUTkxKG7Z5xLWw0Zdlyx1VTMjgGdf0GA1K0yQ=,4329.0
consensus_latency,x1Kkclde6W1AQ82Tp1Izn1OR9EV45TfKzjtA5Aaoenw=,4329.0
consensus_latency,y+fRP3OUA5wOaWr0XfscfxDh9gQd3XzM1mwgygUAB/s=,4329.0
consensus_latency,0V/dQK56DTKpXR7POpWizawwDA0pHJ4XO5XQmy11oL0=,4329.0
consensus_latency,0wkLKrm8/yEqH+QRXA0rtZywW+g/JZKQk0Q1t+9UJVI=,4329.0
consensus_latency,1pkYr0iHxACphdCTjI59j94hxXpUlz+Oz6yiE6dVtwI=,4329.0
consensus_latency,2EiYzeSsWjCHXR0CIpcBdVezKwsuH3fVw1cTEYZ382I=,4329.0
consensus_latency,3DtK8OcIZj8Y0SHeADU6dl0qpLFcegZgv/wXjoyG3nU=,4329.0
consensus_latency,3yGVAsBcIgwdF3XriEs+e3bn4rmZOKYdAdZdBSBeKuE=,4329.0
consensus_latency,6eaYIFQ3n7WGsM/JFdMq3snieL129EmSW8e3GouN7D8=,4329.0
consensus_latency,/EvV8mFUhoUhF9Z+1WRMfbsWyb1p49jgbLBzdpdalWM=,4329.0
consensus_latency,BcZxNpHD6PnGLpyZpazk30SmVlbi4Wdt5aOuPCy6WWE=,4381.0
consensus_latency,CmoL9mFogQUitUVdjTItMzjW+1pGOxalz/0iCU/Y7/A=,4381.0
consensus_latency,DqsQSxNtywmJtWfyiVwjHjCOx7GFHADwDvynG9lhj7g=,4381.0
consensus_latency,JKE/u8lHORBSDhnus5a6PtoGX3RnLoGQ032les/y/WY=,4381.0
consensus_latency,KrCgsaZ56D9lhTXzyLh6BK6xncS6yBwXq9e4/zk8L+A=,4381.0
consensus_latency,Lmxl0Wl7FrKmdh5j4eygr2dkXptAzsdaeVURm/zpuk8=,4381.0
consensus_latency,M9oBhnXNTZxxWRHhB+TlkHdofCgJ5JeJdXyXqeyFZqA=,4381.0
consensus_latency,Nwk9t91v1ARn62dOUhrxt5b2vr4JuH9WkK4g+A2ulxU=,4381.0
consensus_latency,OdWRhcIzyg+McaeOlwLCR7eP1jhHdKOyiHkp+3erknI=,4381.0
consensus_latency,WEWx/2nzebcimnmLQg3/rPD5VWGK7uYwjnEOkgXGBdo=,4381.0
consensus_latency,bTQkQgXGx1zIFqprhewpjq1lUrH6am/kpygeec3y0Vo=,4381.0
consensus_latency,buBTOnoXckmf/nly/cK3F9f9LjbCS8l6imAoP9XT2is=,4381.0
consensus_latency,cIXKRa1i6QjnZxfHla1JAR2BKafJAtzTORkeQzVnvn0=,4381.0
consensus_latency,dIQsfuHoNqn3xZvYirkFMZYrCiKyZLk5g6cosPPvlgE=,4381.0
consensus_latency,eP1gPijdlzyi2RlSHfBpwwcpA9z36h+w2oe3o58LI6w=,4381.0
consensus_latency,eluAMyX1xyR2vzy/3w+MKJSkYKQBF24rhGPsMjidLgo=,4381.0
consensus_latency,gvyIMrq/4uQw1FyV/H4g+X/Bk+0dcW7LAQW5iydXUJk=,4381.0
consensus_latency,ljik1S+bt4E1XxImOvxi8DwcmCJkPsvbzjhp6yFOmsY=,4381.0
consensus_latency,q4W3d7u8GRabVTRcS53CtfRbc/Vtdp6SJr/C75aNXBE=,4381.0
consensus_latency,rQfSe6j8khoBYz4kKLe+lDC8ns8F+KPXI9CIIOFT0kI=,4381.0
consensus_latency,3Vh6e46CljjkVD6jQp17qMPoqGhwcwJLzdh+FJQbaGI=,4381.0
consensus_latency,6H0SIAZpWHoahbcC6DJqpxfbH0M25DCbLh29OkCcTrY=,4381.0
consensus_latency,76NFfgmJD4Ne6THhLl6I8aVZYL3QWHmQ/EEMssnQQD0=,4381.0
consensus_latency,8xpN5VXpWVNV+4af2UwwrmY15Zvni4eQSlDPHU6w4Hk=,4381.0
consensus_latency,DKqt4NdICUMdxScZLL9u+STp5PE6kSeQt5tvVW0ArqQ=,4381.0
consensus_latency,DQC6FMzzT7hkrVB15zb5fvxbjgYtcqbYgv+IDSSWH/A=,4381.0
consensus_latency,DRKsAV2iM/eiPjCDVNfoPGYWBKJ5b7iDSmiQ7BOnrg0=,4381.0
consensus_latency,DcxzvZTXBnEsoaYWiVQ1AgAnzRIxd0mHGt1pZkxiY1w=,4381.0
consensus_latency,Ic713vQF0tycP94jdwo/VfafiEdI6XPiZrW75R9NS3Q=,4381.0
consensus_latency,NHUv8zUdntWB80rvR5Y4FISQdBCkqVI5lmOcHg4br38=,4381.0
consensus_latency,OoTBqAmu3kcUTmGcQH7+A8YonFWuAiitKknuFyPKFi8=,4381.0
consensus_latency,SDxRkL+uJp+UzOVkgxvObWWwaPsoIgUoQe1to0ZIrUQ=,4381.0
consensus_latency,TbJ8Q6c3pS6N1ytaTI+njyLcC3WZyGgNv6AdUGaMVpU=,4381.0
consensus_latency,fIanK80B2tVgoPZaQqxaa7BjSxfduDZyqcyeBtphwf4=,4381.0
consensus_latency,gG9wTXnPuJF8+gty8JbbHAc5gZhxmkiLvq8t4Yv0LFM=,4381.0
consensus_latency,nAkUdWCcs06wMJIdTcHjoofwq0m+xYOY3uUsnczha1o=,4381.0
consensus_latency,naVMfyUtRd1ubZEFGwUeAB5ftXArPujbk7SMHca20xg=,4381.0
consensus_latency,t7Mhf+Ziy29ip5630eVRazLjtVV8/yPD6wJkcx5r2yw=,4381.0
consensus_latency,u5qT7UVU8bfU3lDkQH4pXNKxZ7Ghqalh4MLu8xAQWx0=,4381.0
consensus_latency,v7kol8Pce3uN3s9u/wp4QwU+NtjxDXkV2YB2wSS0dMc=,4381.0
consensus_latency,xsLKeR0swik1OKVLpRoq88VVuLQUiidxvugQxlbeLH8=,4381.0
consensus_latency,xzNOtVQz72HfbNW3LfQ8PwCfHhvLkIbzsPd8lTIfcfA=,4381.0
consensus_latency,1DUBLC9axxpKNGf2tuhN9Z5RFKgulgSx+HtO810GW4U=,4381.0
consensus_latency,4OBxZa3RC+8aNdDP2Ym7PV1XUO7uhJQReMqmNl4PipI=,4381.0
consensus_latency,8c9l6P+L9b6MFc0/G2ETz7enNJboqA2C++CIPn0JS7M=,4381.0
consensus_latency,+nD/ehgVGRQ2yTl3Hi4Ocf/GBj8BYZa5Y/3w1kNFZRM=,4381.0
consensus_latency,/h2oOMjnjZgR2wqsmHzM7OvaP6UWkYsk0qebKOUFlJY=,4381.0
consensus_latency,DwTSp8oRk1SlYHQqNPnWEx8V6oAWq0vMagO+k6loZN4=,4329.0
consensus_latency,E4YpDget13oPYRDj9c8Nz6vy09s2slvZ/+DUNIUtZ9Q=,4329.0
consensus_latency,E4iEfUUVBD2Xyk/bO5RzCMaHVZQZG2Q57ivE8GmTbKg=,4329.0
consensus_latency,ecly5MZvQ7hkd7WahQ6cpnssWyqBwaa0bBBljJwnbxM=,4329.0
consensus_latency,emarvtk6DouSOcX/jItNPmVQzvygnslkaSoJLzmqbJ0=,4329.0
consensus_latency,jcgJzabFgL+H5e5yQ1nKAb1WNbtt8Du6fuYeTPJcWNY=,4329.0
consensus_latency,qxj9HPHddt2ZVZsF1rg2LjeUfAcnUMOlawy6SdhHROo=,4329.0
consensus_latency,xTKzFm5bCwzzOJdmiBdFXrjR/g/Y9TEw4y7KQBlRpYM=,4329.0
consensus_latency,Dpr16jOTff7e/JV2gQynm99uempPhKWeGpxRFOFbFk4=,4304.0
consensus_latency,QFbmea80kyOFh/G7N/61WGFMsdYnXfkaXgYcVuqT7Ic=,4304.0
consensus_latency,TO4eo+FcCD/vhRL6GncLYybAj2ko13AedLCP7YJWlEU=,4304.0
consensus_latency,gbEJiv7qc1TZsFhfl2/wswMmX/8B+HsrRXOm9ZFBoyA=,4304.0
consensus_latency,jVnWnlp7KiB7W7v+p+7objqMuyWYDI6hIUu5lR/olNo=,4304.0
consensus_latency,G34Jn201EGGk81wrOxVuLgUyRaxzgTyGwyOHR92J28o=,4380.0
consensus_latency,H9KwgKDyO+Q9N4TeiWN9BMwDcPXoDndQxczcTBZfSFQ=,4380.0
consensus_latency,Ihn8I6c1Dm6pQl/7eUqFtC05E/n9NIaHUM8MYayl5C8=,4380.0
consensus_latency,Kf2Ds+JHBog3c2Tm4fQNm5I2+dMoachZkfINXBQhRjM=,4380.0
consensus_latency,Kg685ZlFvR8UyfbwyFDH0tQZPz/RFZzko22z7r3GxSo=,4380.0
consensus_latency,LqCCS02TtRVXO/E0AxkgXmAtxaQSnXu8kLb6pKkgvdw=,4380.0
consensus_latency,NVwH9zJCUnH1VBW246ZgEweDbrx9wPObfClL9SkMlJQ=,4380.0
consensus_latency,Upgbw9M/JDRcBnQmpcZlqigS7g0EJdh+dOG6xoLCBmE=,4380.0
consensus_latency,U8m5TIoyD5m66dMQNyuNEz94oxGmjTSHRIni8RNv+4s=,4380.0
consensus_latency,YtkXGs2aSPq6NUJuD5AMdtu8QfZ2yWcYYX/OEPL2YWo=,4380.0
consensus_latency,ZRmIeZgll7JdTV5TSDy2yD/alugzjXrcdEuovhUM2Yk=,4380.0
consensus_latency,bONcTNBqePiwpBawjtmBufQDj6HzmGgTJF++IBEkabc=,4380.0
consensus_latency,bXdt407pb0K7sXQSxbqMcxRbeo7AlV7Eap0mRft5fBU=,4380.0
consensus_latency,eF73hmuP0HmGuFgzBtfQIKEtk8JRKrnrO0Mo/aTTh74=,4380.0
consensus_latency,nEo5iDz9soQvqh/dNjPMAjYfffV0JurHYXpNNY+yJoc=,4380.0
consensus_latency,oXlu80BYTROiGeDRJzBLa2vw2PRKz22bt3jSihgFX8g=,4380.0
consensus_latency,rCeJQfsXvbRZUMk6VWwQKCk3ZG/DPYcl0CV2NJoC9yU=,4380.0
consensus_latency,sMeuNYCpAkwFQSABnBsTZI/rsmO0e48H8Vpb4Bb62Po=,4380.0
consensus_latency,w6MmTsGp7caWuEaUtT1i81VQqgbEuLziBxax5riNBKM=,4380.0
consensus_latency,032eu5/y3imEx9a/kYB3/pqmTTaSMMKn795UP4NtDL4=,4380.0
consensus_latency,4Yp818X1pOOQvp8qoY1qTjNyQ/V8XD6fjYhP0c6Uq6M=,4380.0
consensus_latency,7wYso7O0rG6qtsg6sJY8cI9RgjSzZaU2Lbh3/BzQ6rw=,4380.0
consensus_latency,8SIxPhOVZZYRjqmRb4rzf0BcYBv44ugE40EBtzMLZdg=,4380.0
consensus_latency,AALLdzsNaU/ID7YRTa4B2pTHqYb+7mgdFPLv88OFwNQ=,4330.0
consensus_latency,FuxVLgPYKCfkxmgi5jtqWnx6eUVUzPPcYTUjQ/kEvKM=,4330.0
consensus_latency,PGnjZ1SfKad17EqIJl0g01WDKeV+SGvrxoT/DsIC3pg=,4330.0
consensus_latency,UXiiwWna5RSkBiB5jmW69COt4Kmhr7e5o0cf9dJczKM=,4330.0
consensus_latency,XoFnTaDLxcv8WuYDOmIaXJ2kSwXrFXv4RKW2Z9KzK/g=,4330.0
consensus_latency,kkh7ecUlji01HkO1ASTxA5xAWmsA6E4B04g0EeKMWq4=,4330.0
consensus_latency,lCc7ghIwq0NfzHAUA2+T6A87iH8JKkLbA0GKvY/Ko7Y=,4330.0
consensus_latency,rkeKm0c96p1ePmP4/LEcIqbruIEZ/UdQ+gEhBDi0ZX4=,4330.0
consensus_latency,yFwZtzGboupTP8odxsEHxRcN0hTtoFhozjKmNvpytz4=,4330.0
consensus_latency,0liGzFLhn1iRW+hKoJZz075mt5VH0My6/aJHRxKqRko=,4330.0
consensus_latency,3QkLhsMegabspytIfXEoHjn4qqYU3qJst/lI3DT4Tso=,4330.0
consensus_latency,4LIJlDe2UikOQ+R/uLuj+YaXHzGsyz97zjiojsPWGYY=,4330.0
consensus_latency,78hiY7gGdJnL2MtMk93QYQvv9yWOTW6cJBYtY3rTFhU=,4330.0
consensus_latency,9zTjb6X+QlqxwAVISWS57wVCQtNlCHgwPuFNqGVroBU=,4330.0
consensus_latency,/qWoMX2H3Dt+qMV34eYfocPxpe8vpj37QuYnJN+2EUg=,4330.0
consensus_latency,IwIr6GuYw4OlCPEMxTRGZaTqToQBf0X+l3hHYeyw8XA=,9295.0
consensus_latency,Jup83LA2ph5Xahgw3p6gsshc1Nvs4tJBiwn2jdogaVw=,9263.0
consensus_latency,Qw+tmTWaFV3nyIpXIzjKH13SyUDCSLm0D6RdgnSvUrU=,9263.0
consensus_latency,TeivwC4g2aeVvv4QSt4ioGaAMRdZxJjqjq/K1dJjCVU=,9263.0
consensus_latency,WNdflvCXfXIKjBWo9SFP0ByIDriT8HUzpjYeMN+xKgM=,9263.0
consensus_latency,bP97Qb3Cx5eRyPD4s6TnsaqgVchZBfxGZmKvHIob5sE=,9263.0
consensus_latency,bQVF+Yg7S1+TJTXbnsBV4rwqllhYIR9cAvPJkfE0QGo=,9263.0
consensus_latency,ezDQ4Tnf3VIXffaBPRhtWAG95msoyCuvpL8go6uhLYY=,9263.0
consensus_latency,lRs+WIiiBIPIgGPQ3Gor9v4ctddkcDEit0urLwyKD1Y=,9262.0
consensus_latency,rkCCayAGqnmji830wWnsr67ehQrUHPsyBnlvdHvIvo4=,9262.0
consensus_latency,yW0b9cOo4CI2TeFZk1GBIaFwcaxTy0B1u0V+cujy85c=,9262.0
consensus_latency,2/xYjvEOz1516WmSBmqYDo2goX8/sKidtXSMNkk/lDM=,9262.0
consensus_latency,890U1innj+rWVrh7QGgYHDsh4wwX4ai8bzrIGXrRwK4=,9262.0
consensus_latency,DXiZOP6VMuyjr+e52OPtl6bsEhVVHmsn3glu7HERj00=,9295.0
consensus_latency,dCJqt3QC1+nT6+nFxTV/JLW/2VpA8CeGPelqbxcYkrg=,9295.0
consensus_latency,dhfZCntwVDWr7+kxAXOjf5k9Kz/QDCJl3Sd/NMW6Wn8=,9295.0
consensus_latency,tjN2eE49OwGCBHK1OgijMHvOYqkwHQN3cWEq1IfzG4s=,9295.0
consensus_latency,f0Lm9OYq2S2NDeQ8FyrnddxdFgmdEFb4XIqzdZNNXVg=,9295.0
consensus_latency,p1leqFxZfu4v/pUudTlJJd8ZPIdUyxxaYq412H4iwLY=,9295.0
consensus_latency,IKVmq5uPEbNuXfnXvuhyaelHjdGRW8gfNWJA+vK5mNI=,9350.0
consensus_latency,I0PomCBXpr0gkCrpsZvdcMRQMlWSL9WOSKwRH2sZw3U=,9350.0
consensus_latency,g3Hlq75cO7CxLpvbQloqeE/EQ+Lq+5SsdA/9eciPfIk=,9350.0
consensus_latency,BgYtq3sKNPaFkmgLbRp13beVxsHO17JSafqwE4x8OE4=,9296.0
consensus_latency,KQn3BzO9Y2eFvS78qS5M2qrgvc2nMFM4B6M/dWRATQo=,9296.0
consensus_latency,MPyOwdfIAavwlnHJpMVbtggVW0FZ91sSkbhBaJIZ5/A=,9296.0
consensus_latency,QVG3rPMVABlTde5IWLs0bDtFroIpA/w9XcbN9OC7i3g=,9296.0
consensus_latency,jn5Co4w1JLNiyaB/DYZo4HXXqNx34RkmqXM2CZvx8DA=,9296.0
consensus_latency,q45MM51sas4czrqbNHAVftOWkxQvoXIfbbvhfDw5JgA=,9296.0
consensus_latency,u4FRKr5w1jIT/K5VyrQHOMq323VTb4F5mlyQ1EBOcBE=,9296.0
consensus_latency,xN5mVJoTEYhoPlrLwg79zRjJP6J9eFbjPgHQ90y49gQ=,9296.0
consensus_latency,0OzZ9xIiVeOVlFOJTmjH+fFvxafvUMqgB09B1/r/tHc=,9296.0
consensus_latency,/hFXi7H474xYzGUAptArqbCzda6YZKKFT/mv9Glhq+I=,9295.0
consensus_latency,E3xTikHWpiDW3pDfJF/OZSmwgmCw9hM6uB0ZO9BsiHo=,9295.0
consensus_latency,FTiAYkaKkr1kcAO8SxTT6OByLt/u6K/qCZz1WNO0vuw=,9295.0
consensus_latency,USMs2YqX09fr/DPqhEcTJ5lXEqCww4w9Wt+clAiIK7s=,9295.0
consensus_latency,UW9TLcNR+jJGRfzUMRLc7xSMzfbu2DTO0WPUPZUXnNQ=,9295.0
consensus_latency,j2rSSELYTtanbtbu3iTWSIcB1hK20K8TEiBU7Z9nPLs=,9295.0
consensus_latency,nfL3W9OAMmFVD9fzgt0zkteQ1CdsXvA8chQGHJo10zg=,9295.0
consensus_latency,niggGQK8FaB6BUKaRNuLzGLaiVPusrQ/UkmQx6b3/bk=,9295.0
consensus_latency,r9W4RpxCXTtcr3oH6abp3gm2vrHIHg6x+/+q8rzXOHM=,9295.0
consensus_latency,s1SCcUbiSIko83EuiHNsd9tEWed7wrCJ64CfugIRqyQ=,9295.0
consensus_latency,yDUKPW87d0gOAj5vN5qwLZmieYHuCFy6+3ZWCaJXuQU=,9295.0
consensus_latency,2bsf5NM3igX1vcLyJ0p7xXFiPnRxFDCWD7rFc0UCCX8=,9295.0
consensus_latency,9+fbgDCLt3NTSj2q8ClAqyuY4oeHYTK+FG6d7Sdr4rA=,9295.0
consensus_latency,Bn4NiROvq1XEid3/pMmeDp4jVhXFG35LSCEklG13c/g=,8916.0
consensus_latency,FwLihxMb2jHmPs4lSWRO3cETBPBaZRNVusYQ7fZAX/I=,8916.0
consensus_latency,HCPO/kpcFOmfh7CISbMo/itLPz9bY87jC2hIUNxy/sg=,8916.0
consensus_latency,JRfLmBkRvcMTnKu9D00+c6BYSa3LaxGOBGLw5gaLuq4=,8916.0
consensus_latency,KuNOgpqY3jP5JEr2gIujqkZzRsYPtN5woN+jMT/qmf8=,8916.0
consensus_latency,PEq44YwLj1nF9fhmvw4puxQf3m06LPBAvJKWrKmWHw0=,8916.0
consensus_latency,nDL+SOeGP29FVYt9ePkwSHhAdncDydI1nnT68kCRsf8=,8916.0
consensus_latency,n4N0+gpmabzxFhKZTdttY8h1liED9gxoN8Iguwx3GK0=,8916.0
consensus_latency,pkZdesfRjA+BBo5kfd112nxhJTUqnKznrUy5r77wjS0=,8916.0
consensus_latency,q2m+8UbM1+R6X0M1V6TTvF2ZRGviATQuxF/zplhoRSc=,8916.0
consensus_latency,s2leMhBr5MpmeWX0CAbc5VGKoooqDmwOUROa1RIQZZo=,8916.0
consensus_latency,xW1i/eGQS4XpGASzQ+F6W+XKoFJF2i/C3P+h3HS5/iY=,8916.0
consensus_latency,zRL2fJjSPizCYuxHzgO6IzEOsv9Iqb5l9ixzK1pELaI=,8916.0
consensus_latency,31ITpHTB5U+3uyxDURtYlUvxDisMOV5WIu6AZZbDEIw=,8916.0
consensus_latency,5yOfxHIlVe62G6/gOKEldYzWPkwLoa9cUpE84GmJNUk=,8916.0
consensus_latency,QqXozxviHBHa68iRCVOn6rPRd1UP98IH5uSp/fiy6zg=,8875.0
consensus_latency,2UPomAmFsYK2VEv8I1H+3aZc6nr+WV/xDppDCud3ajI=,8875.0
consensus_latency,AN19Df6JtozCUhorIxibjGAGQ+mQ1ZqhKZi/F/w2kKE=,8875.0
consensus_latency,Im0hpRzDVj11Cj3CAf8Ya0v01QIaiZwrtAtnaXW9mo8=,8875.0
consensus_latency,KwgujGx8M5fwOmFvR0MZ6tGYEE5Tcj0w9nJOrKGuLIw=,8875.0
consensus_latency,MnD5TxDqCoNU9EjpbbXLsPKc9h94SAMgrN9vY5v6y48=,8875.0
consensus_latency,TU1JJk7ievlCXpDXG7cm6grpLViqyh0YLlrPjv9jnsc=,8875.0
consensus_latency,X6WOlBJqLpcKj8lE5kY/zafOr/jNtJTXGdBlwVpJuqE=,8875.0
consensus_latency,Z1EOyCMseyE9aKkgiNL9L2HEwd/kbZCWKaH4NyyV45w=,8875.0
consensus_latency,ifWydKw8DUhXJaSM0CE5sb4gVdjxjeWMYdkp1voJy3M=,8875.0
consensus_latency,o4ep9mURh3VEHSijahceqgevuWq6lSYtcfIDYbMiPX4=,8875.0
consensus_latency,5z4dop9gIH2bLEUihLOBHZr3vawqSN7vOi+A+2gz7OU=,8875.0
consensus_latency,80JHM5V4shajIPJVcGgEk3c5cWTioj5/kRLcDA5Pwe0=,8875.0
consensus_latency,a6MDYMTyJ3rtnH2HvF6wnpMYUyB7cl9r8ZkSKb285Lc=,8875.0
consensus_latency,rONjSEp+eAX7WfSNdDYE3x25JW/ne6xQk0Yl7/UfcwM=,8875.0
consensus_latency,7dQNIR1IkECH3JC+FWcRgaOtexZApofa9fPoj37MjTg=,8875.0
consensus_latency,txQ7LYiAeqBDPU4FZHiiBjaesnF27fyAQAgAMjjGpBw=,8917.0
consensus_latency,R5ZPWDYDoJmhJNvovaF2dvR8oMY6jIlO8Tp5gT7YOLg=,8874.0
consensus_latency,A0JqGiBoVH2pmDxu0JcTJCGZBBK8JdpKhf6AEcdSztI=,6709.0
consensus_latency,A4rReXNFFIMU3Sx1+0VJiNkdMT1IXDYiciw/uVvsSz8=,6709.0
consensus_latency,C7iYLdVRKyDj0kIyLBrvQpJqYNZ+K6JSFxqdBSMXIM0=,6709.0
consensus_latency,Fd7ZOtlsTJOfGPN1ebGmfJFHTVrAJXuryCcBnWfTIU4=,6709.0
consensus_latency,FrztJ/8hpEQe4QkGSqDkKk7t3cCziFs4EGuTS+paPsY=,6709.0
consensus_latency,HM8/fCU0v/jxP2bUFexcceQn0yMYTbL2yzquWP54zgs=,6709.0
consensus_latency,HSBw6N1Q6G6qFjGE/OmmlA6r1JSd6IRqZ0p3yzi5tfY=,6709.0
consensus_latency,HegLq86WAK3W2EGS9VHAVgZzLK4Fe0gsrdgCglImTHY=,6709.0
consensus_latency,HfhSJxA2YOmPGsk/JrPaWvJq1+bUrQN348iP1K15gNA=,6709.0
consensus_latency,I5U/BM61NBCz0+uXXIEOKKntdaviIey82LACqQ9UPcg=,6709.0
consensus_latency,KQBHmQsAIWfJrmTN6U/sdAIFkTggucTnf4/wHpEMhyM=,6709.0
consensus_latency,Rkc/1bKyG5AMTjNKGjc43ef7Nq5dlWtP2iSzzD7LDMc=,6709.0
consensus_latency,Rn7tZ3Rpn9PozehJ0bu4/sEtEde0ZnH31RIGXHTP93A=,6709.0
consensus_latency,TcvQi44cZC8reMljQLF4y5aHSr5PwMKqmZyj/uK+4Cc=,6709.0
consensus_latency,V2dfG4ggOrXU0McMTYZCxGKBVRE7cR+mpxD9TjWLulA=,6709.0
consensus_latency,V83gyoGnNBkwhRDq/iLpH3kg7RVK20JyAZJMHnYQ8Jk=,6709.0
consensus_latency,XH4Ng0WWNH6GI4PwKteRAW74ApZFrVLicPQbWgH9IHg=,6709.0
consensus_latency,XWtNAIJ2m5cZ+S3cDflqdG55MuiL/TN8Ol5xlBQWqp8=,6710.0
consensus_latency,Z6pc73cZ+jswPI8NqmFNnXSZLKrTUi/HltWSTkXZpIo=,6710.0
consensus_latency,eMZF2tHPSazSjS2l5unhUXDj33Er7ho4d1IjJc3NbeU=,6710.0
consensus_latency,hI5O2srdSUet+9JQtF8f+x1pxmgSYxY9tlFEAC6n1HA=,6710.0
consensus_latency,iujn/sAnQiHyyTUe1jT42OGoZvGkBOil9d4pv59MtyA=,6710.0
consensus_latency,lTGb+S9VcL8UQUBMxVLLT9NaXnc3efs2dVJ5FCk7Ip4=,6710.0
consensus_latency,lVGH+0dr3OduAvCYGtMTorK1tE0BDDQXZE5xo4g0wSs=,6710.0
consensus_latency,mdFRh0mjTqvU8hUkw+pJPfrsT/rguAPTbhfqvIKfgIk=,6710.0
consensus_latency,nqE0pfZBKNwbAzzzu8MvUv8LIB51i53cGKqGC+7o9IA=,6710.0
consensus_latency,r/RTRMT2k7sHmopCdVgSlT+wgkEAM0o1F/y/X7V6Rcs=,6710.0
consensus_latency,uOyJUryhHDmIt67Ux4nIdxVzKmc7dz8rnFWH2bMfSeo=,6710.0
consensus_latency,ubRmNTXS3E5eDmTUnxoa0+nXdB5HBali4PA6BkVgU0M=,6710.0
consensus_latency,vVuEYVG6Q+KYnrxmAzwoatcLVpr74/5ErL022NNov20=,6710.0
consensus_latency,vz0jtUJyFV4+KdTmx0AKAmr+45OdSiNsfEEP+0SmXik=,6710.0
consensus_latency,xrnniwX0yZ2UKnZNhu67F3W/ouHVuzhHSMMN/CUcIgE=,6710.0
consensus_latency,4oARNTvacj6RhcLyr0LuCbubWhor+tIY3XEG1BQvXTk=,6710.0
consensus_latency,50gK+DwwJVBFGHZ4jvu/HVji9Ar9g3lxGiqy6Dt4P4o=,6710.0
consensus_latency,75g2H6+P9B+BjG9InTOcKXS+PdBQSnC8QAvYa8HjUAE=,6710.0
consensus_latency,+/NPbYTDNdEbyU1jNsibqMAWJE+dJaf97jTu+ACv4lE=,6710.0
consensus_latency,/M1/rhHcazVO6KvmBRkxSwB/9fmabM2dqpeM+YHESqo=,6710.0
consensus_latency,AJ68ks2BUX/eAe4Jk+jY8En2vOCRVe+FOoOGDv8lEVg=,6762.0
consensus_latency,BsB5OviF0juyQmcHFPOFAPHs2akp2oJ70ppX16tn5B0=,6762.0
consensus_latency,E4ndrHV3lEi3pTgRaOQjfLfqsxlUZEFsgEPmVd5FFZI=,6762.0
consensus_latency,E7I2R/qnmBwkWmRLQZUsg1dmoSoarf5wTndgui9Q0is=,6762.0
consensus_latency,FYfezJbELbSu1GDq6HJjLunRPw6h2zbSDLcGX5mu+EY=,6762.0
consensus_latency,GbCutx5SyBf9obNToCYlaGZ+U2pwzPYXhu53bIh/qgw=,6762.0
consensus_latency,GdpLN1wWHP9hkwT4ZmjCdnedkuLLlovLSCiQ/jbwDZE=,6762.0
consensus_latency,H3+YdL+QidGtGhOm/OXL4WgrDCETcC48WAmtXVTY66g=,6762.0
consensus_latency,OW/juIut26QRcMce+TpJn9KsNBm8pMI45APtnffMtq0=,6762.0
consensus_latency,PWvFcGfpfqXoXhg0BQtzXo1VT3uCFEdxTZEiE/8ujLE=,6762.0
consensus_latency,REa184Jx4VT+zWh2Q0bFs/B/O3qj49/uX+fK0f98DZo=,6762.0
consensus_latency,T2ehmXKQPEOt2IQTJqO71ej6Xv2PiiMPinpnIps9QnE=,6762.0
consensus_latency,W9+XVA6okwLBVYyPz5l2zjWTQ0bXaS2JGkle4DNdEsg=,6762.0
consensus_latency,XGq1NswrjausdfMBo3UVkzZvPx8HwaJEj+PfBIUz9zM=,6762.0
consensus_latency,XMd7CNvN2meMfjOsmeSDC+G64ZpQ9vXvs2YW61Y5o1o=,6762.0
consensus_latency,eoL5fGiHANL8wSRCfHy0k1E5c+eoeDCxj/tYa98uSgc=,6762.0
consensus_latency,hWmx+Y9hoPlsIjw+mCta3LeGwaW9SzYBPpTl6ESWz1A=,6762.0
consensus_latency,kmo+MawQfqOnJjxX2G2/UqD5aq5mSl4GLLKQepfz5Zk=,6762.0
consensus_latency,llAvRwLE5ZtPG1q140f+y7J2uoSLf2a/X6tUSSsrhx8=,6762.0
consensus_latency,rjjElLyf4Rd8Svsqg8iM8A3LPqdsfeERzSoFn7Wf8eY=,6762.0
consensus_latency,sk1/3//nxNwiSMvnuXM81dkfTvrhpIKwYhph1/2NSRs=,6762.0
consensus_latency,sv+R7pxZf43WVocwHx/cPCp1rgenre9GHMHmXNgtpWU=,6762.0
consensus_latency,tb++5qg0aGJjobwHT3HAz7hpIj7Xzv75cj7VeyDE6aY=,6762.0
consensus_latency,tiOheWw4wonB02N34HZw38EKiVOMCoKXpmzcigAThQY=,6762.0
consensus_latency,ty7XXAJNdYfmtk5WgptVAAxHAIDPNAdEV8eJApitTzM=,6762.0
consensus_latency,t7DBzuO89kW+N6D4jWqU9HCHDhEAmowy8aTGKTbYC0U=,6762.0
consensus_latency,vB7wPEAIPzusd3mfhhMr4G+cP3av+7pktpFQL7vSiL0=,6762.0
consensus_latency,wMeU3w6CiWOZ0TyOqQZXvwXKTvyQutHeNy5rT12F5EM=,6762.0
consensus_latency,wuPnMpNTm6mXW7a0Pw9zu9tqV3rJaqMSodMSvGZw4n0=,6762.0
consensus_latency,yweyLRvDM/FgzPo5ObwlPHonPzWtzy1+33gX7Ps8JIw=,6762.0
consensus_latency,0COlwN+pEaZHmzIbOVQL81D3+9owXLuQ9X7gvl/Smy4=,6762.0
consensus_latency,0u/PRM6qhpLkSkKEwfD1LVAH8zlQAPZ6qDkqW8WYR2g=,6762.0
consensus_latency,4RXA6KUvcjrC4Qfy/ZP5yxuxhdVWoDKjhAI/puip6PE=,6762.0
consensus_latency,6gE0+ugFbq41FTZD1Cv000U7E3P5mWkVZXcFImlQdp4=,6762.0
consensus_latency,7EYz5MrgVZ9LP9sMunYbHoUqu1WmYaTcxCkmKmpE6AA=,6762.0
consensus_latency,7ZLOIkwT/TUMs1d9eFoXGp+hbHJBtPutaY1j9jjSahA=,6762.0
consensus_latency,8dprehLk8U4cnr3oiZ5eI6/pn6X44qJhul/FmiX7ZDc=,6762.0
consensus_latency,FqCCAUzcuuvk/D4zp1ImcgU+YpxLYKjCA43LjC/DINw=,6713.0
consensus_latency,GMmKs9AOCADxlRt2lpFlXej1s7TrghbGBE/Sq4chYw0=,6713.0
consensus_latency,GU3ExNoLAU0ZAjH8UeBmVOJwjR5eTEi7xFP3wrJzwaA=,6713.0
consensus_latency,H8TDQTPgQsaFB6yVKFXBbOHfffnrx2XVboKmkqw1Y8c=,6713.0
consensus_latency,IyU0uV5F2JOOXjj22BiRsk3JkIFXl7OepRj3N01Tfx8=,6713.0
consensus_latency,K9C8hOmy28v9p496sZ3OScMRCrJHXLvCK6obR4+67CM=,6713.0
consensus_latency,L3BX4bljudADqJfyWm2+EW+tGAmBCcn/kicXpw5EZ8g=,6713.0
consensus_latency,MHuFXxyivTnej+Y4dfzTAhGJ9Jbc82gBaSzBTKFbZ5g=,6713.0
consensus_latency,PHU0Y87JBtHFkHCOzwB/HdWsw94BzCr+ultSBDShZnc=,6713.0
consensus_latency,QiKB87gLnNCv2Eqib1ryL4W3VNCb9f0/jAU91WA7rvk=,6713.0
consensus_latency,RJ1YutYqxH4shgIzYAFjQjkXBVjDevEqoTtRW4ul+qc=,6713.0
consensus_latency,SK4ieIkI4yJS/tayfAYbO+L8NewhMQs0oHvr68Bno/0=,6713.0
consensus_latency,TiEabBXDJUacaaiKd8P53sphIvJfqbguF4YG2J3GG+U=,6713.0
consensus_latency,TmfS/yqmINurskfzexWR4LAsdcInfNHx+6CfB/8EF3Y=,6713.0
consensus_latency,T7MaGRTi3jNEAM2bcgnwWPVP47kTA9YP3FOAcyJe8Do=,6713.0
consensus_latency,VQmD9zM6Oj44wyQXn5AkIDG26ribLgPHhUU32hDmUb0=,6713.0
consensus_latency,WC7wwveGzPCDFTApie4aOdW+tVc81UHzkeIwxnQiY5g=,6713.0
consensus_latency,WPlP6LrU4Maz5OrR2qcDiFoVFVYItFN3ibrR0SeHM00=,6713.0
consensus_latency,Xz4DvSj/TMYMKPEjuq5LvAwUC5mC8pzvI0viWGxBQiw=,6713.0
consensus_latency,aTtBue/YbQKFzF2akQDrK/mLibD96K6CQgUe+25lLxI=,6713.0
consensus_latency,adDdPcXf2la4t5FGCZ1saw0eNSPrnd0hKlvmW86RNCY=,6713.0
consensus_latency,bOz5U288sWvy0Wgjzii3sg8BSnMwycjRt4YU925wtd0=,6713.0
consensus_latency,bqimfjlGw/IaADmRDoQeD8DoWvMB7tvF8GGs21cMVV8=,6713.0
consensus_latency,b9UCvMP8Sdleqj+T6s4HIAJbpOa+9MkN9jCxMFe4uNM=,6713.0
consensus_latency,e9SR3LDoRrzGPkDq2DcT1STC5SToZytMJDD80uL3R68=,6713.0
consensus_latency,hibwxEcVuOKp+5Qce/Q3VdqC4nAQtBoTDMdlUA1FLKc=,6713.0
consensus_latency,i7iaLLsz+JpK7JW2bUcx8itxigodgQwWPiXHCGA1N1Q=,6713.0
consensus_latency,kKcNRE94UXhciIWtR0MQzsP41AwVeIIqGMrxWMGOg1s=,6713.0
consensus_latency,okwfw1E5SfiMAtxgN0KDpbGXnF79vkYAfvyhFQhW52I=,6713.0
consensus_latency,p7ljq/wJ23wckoQYvkSRRzpvQjv6lf95xyRwTTu0FOU=,6713.0
consensus_latency,r23lJl8OlkYMtnRbxBA1+TAwdId0tStsMA6AgXs4cIE=,6713.0
consensus_latency,srxJjBg742sPBQt+u0IJ2acmrj2a4YsZj74RDSkhcek=,6713.0
consensus_latency,syEPbCUY3R0exfgFD1aVaptrfz2/jGGjSZhhkUYfygA=,6713.0
consensus_latency,yUrx7ogxmfWc5Z6UHfILx27zARBqARRTEckVbBO1o3o=,6713.0
consensus_latency,06cWdk2DCOfuxa6nsmRtXv5DyqNa+hfegRZcivXjtcQ=,6713.0
consensus_latency,1ATRYnniY7PxQ0cpz9edca56kgYopw10zHAi6OtT9d0=,6713.0
consensus_latency,1f2SVoNqNClTpljbn8lEFFpIWyz1TjBN7o4vBkjUo8Y=,6713.0
consensus_latency,3cSre13FrFwq1zOFfZ+h33ee5eqi/elE00jm00wujA4=,6713.0
consensus_latency,46b2ZTLXtOeo5qFFilp/Zmt03DY+xrhQxd4zMWMw/R0=,6713.0
consensus_latency,5wdDsQnvSmPq4qNYg0rMOVZi9D4wg1ooUouHRYt/mVc=,6713.0
consensus_latency,54ALeeyeUnzgqcKkxapw9eDHDRjA5ok8pZpxz2hqVoE=,6713.0
consensus_latency,6cYiaFWDtEyUPQ6y8k7PMr0StRbkDgYH/Sb6ZKFTAPQ=,6713.0
consensus_latency,A9szgHvGn94DrpUgjzfzotxBNhimNwIZH66sQHhmnR4=,6763.0
consensus_latency,C5ypnGWYE/UN7J3FtGXA9Rhyr8fVPwoPcanaFA3BFUU=,6763.0
consensus_latency,EM8rPhvJggouXEv91F7rbMR/78sGrxA5R0UEmION/M0=,6763.0
consensus_latency,Errw5HBk/G9ICtMREGf5LVcR9OU198XFrS+d2WheiGE=,6763.0
consensus_latency,E406n4EkxjKikcCpXwPGluGI1wm9Oc0HWfR1W+Kq5Rc=,6763.0
consensus_latency,G6mu31BJ1FEkR0kSmzFwawmqIbvnN+eEEZ3YQ965gEw=,6763.0
consensus_latency,JITmOV7553MQF5PsgTxSV2iRiumJ5FjHZ8WbBYjoNvk=,6763.0
consensus_latency,Jn6LLLi6nMuy8uB1FEjJpKM6a7iBAEt5Mcy6rg8V9RE=,6763.0
consensus_latency,J4YO4X5eMFvHh3byyd7nsrN1zvYFKkb7wApj0p20JJs=,6763.0
consensus_latency,K/CCiC9kQ9cm8feF+nByhDjXUVPttDr7a7z1t2OfSlk=,6763.0
consensus_latency,LqLUUXfAGjcJrHTRXguLtUeVQ+sYUGfVUxOT/jlIIks=,6763.0
consensus_latency,PH+yA6NnhWw3T7s8aPWus2MgcdLy+048da5aIcFbawo=,6763.0
consensus_latency,QQL1ByQyTcjslmWDCbkgLfUmWgC0J/GxsOLWubT4aEE=,6763.0
consensus_latency,ShBTsYOtnoCgEYAUPv3G8HQ/SETAOWo/U8C4RWUZ8Ok=,6763.0
consensus_latency,TGghqYvupqh6fraUi0++sW+OFERy1/myiztg7U3e6aQ=,6763.0
consensus_latency,UV2G+lsFG17u/1KplplryjfmtkN8QOuzZRsFfKPQ9LU=,6763.0
consensus_latency,VPRZS9RgaakNH6TgBWcOrIuIJbSY2Ou6iHlToISFlFY=,6763.0
consensus_latency,XlQtFLH7loLYOn0bTCaAQtI8tv5wKk/OHn1HkH9FrqY=,6763.0
consensus_latency,YqQYzjV2dBlwUohKeiQWsOmDIizLO5coatfZSAyZX9Q=,6763.0
consensus_latency,ZgNICYS8r453LyC+/0a49lYPUtbHQPg0048J9KyjMVk=,6763.0
consensus_latency,cOxtuWBd2hWrS3te8fI2WmKhWHzbSEWjTVH3XgaCHl0=,6763.0
consensus_latency,dsrtg6vuO5DAVKcStyG94H+QmXfGVuTmxZzMvky5KF0=,6763.0
consensus_latency,jurA8Uq8VGwnsAfN73458XTQVtKgmdxDS8msmSHb7sA=,6763.0
consensus_latency,kddZMkarJZNyn2aGN/APLpcY0kqUF2zicWi3URZYBeA=,6763.0
consensus_latency,keWTrA1fTYeiYY1lxJVRQWbfpGAnZppWey/A+MEte/0=,6762.0
consensus_latency,lAXMoc0s3mLRfsszzOgNZQJtlqbX7mvego72WDJCeYM=,6762.0
consensus_latency,vQxyqrM8lD0r4oaZvcrO2C795XYXeU9FP8glHwQSsKc=,6762.0
consensus_latency,vXm94Y+Cx7gmCitWeHIhew+CCm2S+Tu/BhBJrEnaGNc=,6762.0
consensus_latency,xGsHavo8ke/vy7UPEBvLrLdVRQfqOGXf56mn9t7dxyI=,6762.0
consensus_latency,xhO5uGQwy/AQbBIvUUvfJJ8xCbzJxSRGvQ0puMTzHkw=,6762.0
consensus_latency,yt9d4q5XednXRLp32WUEvnaei8mWFo62jHidRuT+8aA=,6762.0
consensus_latency,zbLKy2E0QoO2Zon9uc3RFNbEkB1x+e0IaH+TQkG5xzU=,6762.0
consensus_latency,0bjHnyr/ALZ04w0zdS+LblX70up1mYFaGKM/9IBI+nI=,6762.0
consensus_latency,1A3Bs5FfM67DUQVAVyCdJ7qct95wSyRoCyy8GmcERGc=,6762.0
consensus_latency,1ErSR/BQnSVa2cJOWvUiGW533llS80UWTWIRumg+4uk=,6762.0
consensus_latency,1l6ykjSRdb51RRGNikBDK67EX3q9gwex8UUH2fsTs/8=,6762.0
consensus_latency,20EOEBPQcrVIylaUxwCCQ1yhk5tvUw27XFVgvie+3hk=,6762.0
consensus_latency,5fUyZ9Kr6F9lOR1GTfUYlqys5y+WCHEPuTVZ5YXbwuE=,6762.0
consensus_latency,5t+tFGg6UrMhkkhjrNPyIXQ3gt1VF+8Qpouj+F30yIY=,6762.0
consensus_latency,8u8oB8/hzYUUbBLsRlY8vmbuHuosk/OgEPs8xzBA14s=,6762.0
consensus_latency,+JZcy4TN2l9UXa0NDzwMUUzKXOQSugbvHoHn4caOvgQ=,6762.0
consensus_latency,A3vezX83V9tjkHbFSL9c/iSV3cO6pI8P8gdXdYmA+Ec=,6763.0
consensus_latency,GkKCW5CTl/yxrH2NjJF2FThire9rbtpOBUPXxBZEhbc=,6763.0
consensus_latency,IPfNJ5UZZXCcjIkuA8Xgp44YLMtBX5HWh9TSgIO4cnI=,6763.0
consensus_latency,IVEKgMOdHr5bjiJMWgDBvaHblDbLRHFoU1DvdDsX/zw=,6763.0
consensus_latency,LdgfhNTcrqIofmfJ+m5HNiJiVnn5qXJuBIMCrmaGhBQ=,6763.0
consensus_latency,MZtUom76XIPVc2NHG8S7Y5yhruWrURyoyaxKhXO3Ys8=,6763.0
consensus_latency,MiHmebcX8DmY2yrDKfbpi8JvSMnwE2H3VQw94fUHMyE=,6763.0
consensus_latency,P3WU3QQRe+JuLhbkZ02mq9R2srxtGVQVS2fsoyzK6us=,6763.0
consensus_latency,QI4bi3mCPSAndlqGP0UAHKJn8MASN6n3Lp8RsXZBRDE=,6763.0
consensus_latency,R/VeZ0Lr0q60UZft0z8w1fBQwXXoEZd7BbzFC2K4ToQ=,6763.0
consensus_latency,SUXGjQhrV/5fN3M9wmS+96O/6tRf8VNW7w4ZRd+ZVl8=,6763.0
consensus_latency,TbPrqZY7epWVemUDg3QvGL0cepwszVhOU0xM9BXs16M=,6763.0
consensus_latency,U2SZkcbXXgmBRl/kxD4SCenIlyC0w2sXKuQpeziR+9A=,6763.0
consensus_latency,V3JApnY4O9uhVpUZxkPKiX733Ji0idDW9Hm8ItNQWks=,6763.0
consensus_latency,W6wEJxPvRoVqH0vD4YrtL1oD+OxHIFDfPiJeINwsaCE=,6763.0
consensus_latency,W+S74jw5nF7nTCYXkY3dWiEmdr7lAlDAFilnivQEhKw=,6763.0
consensus_latency,XdqNH8Iljn5uo4dU3FJn9z7+e9z5WnbBCs1BrX2cNIc=,6763.0
consensus_latency,aJfNUlO0F3VY1uHa3gdt6wOpa5T3tAXlgPY6iLy41SI=,6763.0
consensus_latency,abd0Bq3ULI3ZiCeYJ1mPx9g0OUn+EgR05uL0GdHZ7O0=,6763.0
consensus_latency,az5E6iGunORXu5+XVJseyOsmFuufDeg+pob7oqsgGGM=,6763.0
consensus_latency,a1ETvKccCcaJdGLDbZVm4AEGoupTLXWrl2wsyCfs6PQ=,6763.0
consensus_latency,bRPEK4q/CqYLOWFFB+fVrcYy2ODgoI/eP/B6valnwDY=,6763.0
consensus_latency,bYL9z7zg/4ST0MLy1qRNNty9UuOnqM4waoDXXig/n9E=,6763.0
consensus_latency,bilrzib0Jan9ndlgglj0/Iae7SEr4egedFzKNBJcAIg=,6763.0
consensus_latency,cUvMzhs90KNSpQEZ64Aegez7cMXiGrT0zD/P74V+GKU=,6763.0
consensus_latency,e4b8pyOBUui7vnNxv6BpIPlGmwaWQKDVNG1ubCGyrD0=,6763.0
consensus_latency,fJJ+kXRDywszTolEV839zvksplPFGzI9c/nQcELEvPc=,6763.0
consensus_latency,fY/Z5mxRNDBdZpQh4UuTTHXUQQef5HbgcxkhWOjh+60=,6763.0
consensus_latency,hG98ddBJCpFax/t6cI3UWm3kWswuZOk5ANMBIUveSVI=,6763.0
consensus_latency,iQPfZ0Qb+ER9KFP6bYsAhfJFdsN37SHibXci3aXXsCg=,6763.0
consensus_latency,j1Ts7x5R+fUYlNVVnNxnWGCv5gYnAkInU0TxbqNFX4g=,6763.0
consensus_latency,nGx5uBB1XMvAXWC0z64krdEoH2edeI4XvpNF96l9L4Y=,6763.0
consensus_latency,pRwYwnHytzT9rK20pLcYDOKgxW+G+yEGfSQEQeHOboU=,6763.0
consensus_latency,po4tdMhu3QrdPfxMQ6TMqjehR6pqOkURV0VaIHB1pRI=,6763.0
consensus_latency,pwz5sdPJLEn2fYIRwdnRQPPmfJXnNyTM9ZeFKnd9RTM=,6763.0
consensus_latency,qMtXn/icaGXjm7urCK+geoCdgnifvQEGEhp08HhxX1Q=,6763.0
consensus_latency,rnkrE7MJwyb4VtOu73Q1QFnxx4+e+autUyP+NANBzy8=,6763.0
consensus_latency,tR5U7iYzKMe6QwVq7qNHc8Wkas8CQlt2a7NShegzjUs=,6763.0
consensus_latency,uYVtaDoYL+8fey+nahx6zjK6MNNg9gPCrmdXf1WZzmU=,6763.0
consensus_latency,vAtCPMTYOoxNEHOER6oZnRtx+RRYvukR1vW6IqXv488=,6763.0
consensus_latency,wL8cdq7ShnM6k5t55h+974jak3CH5hXsz4eGtFhNZmM=,6763.0
consensus_latency,wm12kuByZRG/yY9/NsWNgUUho9bV5TyVT5seguCbwVA=,6763.0
consensus_latency,yUip5yAQnLSJsDykTW6XxMxIJvErEZnxZaoaBXmpm+I=,6763.0
consensus_latency,z8fZvrXWe/hsQqDYc08dAQbyHG/dINeiPORJpeFVUv8=,6763.0
consensus_latency,0T59XVFlcnjzEN8/wjNs2Rlue3C/26Gt2vG2yWdPrbE=,6763.0
consensus_latency,1W51N+SAG/Z4VekOkXC04ERNOEgVv40/MRH5aVIhoCM=,6763.0
consensus_latency,6QOkFoIb0WPQuwNadhQUhnksZ8mE8MtR0NQBlqUtRz0=,6763.0
consensus_latency,6rJemqecKghhTPecSXTdj6VnhDiVS3cw1yQY65IBrmY=,6763.0
consensus_latency,7EqiYopLuzBHAWvzW7hrzbiVfoQjZKW7O2woMiUQZKQ=,6763.0
consensus_latency,7Pn2Me2EXF7467ccFYnfZDeygG65ebJonLBGqKJ6hwY=,6763.0
consensus_latency,9rZuSgOfjFecXn3KnfKspZvlYEFmavotAYpBrXUkI6Q=,6763.0
consensus_latency,9tQtNgLCmIQ5v2+jkpGIToUB6YyPnrAYSsUDokZZIyk=,6763.0
consensus_latency,9ydaXMwEq2uJmrKUzw8GhicwzVIVdZ88CSykEN4YOPo=,6763.0
consensus_latency,/Ej2Y5/77Ns+dsxOh9SP95kN0KBgQfvOFdqFKPG0KtE=,6763.0
consensus_latency,Hh2iFVAnvEUSe3KWhR5GFYRS6InGhKxceoEg/ZrtzPE=,6646.0
consensus_latency,KJfOm3PD2wX4nLQYxpkHEOVxKMGvNZ7yYriAbgFCJOg=,6646.0
consensus_latency,l/7TzlWrSPbdKj5D95ySZUyafZEq0hJttzQw8DdVpMY=,6646.0
consensus_latency,601QEyOf/5TeIqxwlwPS4O4ZJH0tINKvDnUswBm+e2Y=,6646.0
consensus_latency,Ba48Cu2TaVdOdRsa1AJWj/OeMr1Lzgi+CNsJM3aYw/w=,6765.0
consensus_latency,BcoO7E6rlXBwmw1aCjzxizRPbgADlHehgfip8zW2S1E=,6765.0
consensus_latency,CPJh37q12sJPZHpiFH/4r798c1ZtRwimwHUyRlYqhiQ=,6765.0
consensus_latency,F1we0wL1NPv3V+2B2WGeq6hn4tBO9eYyi1w1i6vjyA4=,6765.0
consensus_latency,Munrk5gqm53M33QgU9VvC3rv5RKmiwMoFtNe7ixUzFU=,6765.0
consensus_latency,OQu2Rxnjzu9cza07s39WVak9tyEZsrhNL1djc0AkLfI=,6765.0
consensus_latency,O7up7RFVvfVhO5KZHZnFf+wBbMVNfohiFq5VClM+qZk=,6765.0
consensus_latency,RpMNsx2tYIMOGMrSk2TenO6RQzK9pk0au4cxfK1pGEw=,6765.0
consensus_latency,U2gxwTePL8LfZH6v/Xy4EU1SWpL+3RnU+Ng1nOL4jos=,6765.0
consensus_latency,ZAPeHacbaRzhJZlEqH3+AyjyY0T4O0bwQ2iyMr5AtyY=,6765.0
consensus_latency,aIRBMU7nZozc1keBLsu6WewgIfxfhRIqwMWKh6DiLt0=,6765.0
consensus_latency,bBvtUCCdWr4og5zg5lMOWW1/+DTGdTibwUk1NgfB0hQ=,6765.0
consensus_latency,hrkesA9MT7JBauSYs+bw10/2veUt5WtObdZqxVwbHy0=,6765.0
consensus_latency,mc9aF61NwMt/EBrvkaMBw45u0cxhwvFS5FjMeBmjl1o=,6765.0
consensus_latency,nImybE4qrL+HYqKO85BsNRyVkDTNAoSruS3w2oZ/uRY=,6765.0
consensus_latency,n80sun6O5KNfWM0QC9LPwuvzgiazygDZwym0SkIQVu4=,6765.0
consensus_latency,olllO913tVgpoXSRXaUghtvWoEyNAEl8yoEZhJyqlGs=,6765.0
consensus_latency,qkqVGOBoe2CHxv9e8u+QROTmmgZRoqumN2SX/pKMenA=,6765.0
consensus_latency,sUgHnq3VKMHB6pa6+TkJiAUgNyQiwE3Uy5F/wYsC3zI=,6765.0
consensus_latency,wFUUskw9tPuoFNhoePUjNnTwOm9b865lKL5sPdFsXMY=,6765.0
consensus_latency,yiE6AEWmPZ4FK7uQTYTAw3maCaVuZoQVt61N8SMMR0Q=,6765.0
consensus_latency,1h9JFMXhMaOvHPSNBF1vHKEMZNlTX377V3ZOp1R/0qA=,6765.0
consensus_latency,38YbuyXlGvk6M9n0hJudIanP1XYIjPMjE9rmX0AJ3/4=,6765.0
consensus_latency,4xEf0zP6ZJuDz/mxPDtXot9bF/9/0ysvrUo0K5WoL0A=,6765.0
consensus_latency,8sL9LwCuIzlpIp6wM/6dvdc8lTP8nnD4K4M54XvGYME=,6765.0
consensus_latency,9Mdph5UpppuyXtcjzrfxGapYuuzqmzwmCNZWngmIAdA=,6765.0
consensus_latency,9ggZARPoP+jBg9XNWHswitqPRrLsAeHJohJ3d3tbE1E=,6765.0
consensus_latency,96bTlSxIYnESwCiBjZiRvHrY/MixcjfozGcDr0qQqJs=,6765.0
consensus_latency,+7W5VEWA2e7hicD3pZMt/zVZ6Z3NjojxWQaxueXDTXI=,6765.0
consensus_latency,L6hm2IFIvN5uedAxSN07jojy6k8v9MJnTSxICkrzZ1o=,4526.0
consensus_latency,eh0Bte+ELqDQ2YPwA5gnhexmcHNPUasTkIftoC90wbE=,4526.0
consensus_latency,izhxEoT8Hta6GDLLPPLtthP35cQo7+XNFJvYmFSpVM0=,4526.0
consensus_latency,CMVWJ0ZE1dtKzWLai6qrkTbmFtrK1mIGhG9vUCCAtfU=,8202.0
consensus_latency,DGNSP6De+ZeVjlPwniOLwfyxYNNFB/KL9MTV2ZGGgEc=,8202.0
consensus_latency,JmTSEX2McPm1UZ2y1ElrCKkV6SFOQdFStJxFHSfcZhU=,8202.0
consensus_latency,LTtKJjJhBEkuROskbnE2gAe3A5RDjv30oDXbd9UjD+4=,8202.0
consensus_latency,OJuNPiA/h8FT5tQrKz5Yfu88sldRm3Q1ciCn7NZBwzY=,8202.0
consensus_latency,YEP9Rm2GeeUY0DfdzzaZ0lvHeKekshIlKrQaaUd09ps=,8202.0
consensus_latency,gWtfvqVwwIRKxmhkhnb6ep7tYqdfRwPrx0vvU4VGsnQ=,8202.0
consensus_latency,hbfpcdPolItGfYfX3rEQajAJz4PewHybcWqr5mcWvoc=,8202.0
consensus_latency,iQUC+4wKlmFAmJX8U5Gc5KxkaZSTLNGqDDzMa5pNPKo=,8202.0
consensus_latency,iYS11RnVBKqmLIkY7zoqbcs728kKdUSL9W2haVpzDfc=,8202.0
consensus_latency,jYk3CWkXpcz9gLoSaZG3d2lNUIjh929ROvHeIfUw7G0=,8202.0
consensus_latency,lie8RZueuT3kbRsGuEYL3Zr9ApTy1En0lVars+FIwQ8=,8202.0
consensus_latency,tjuWDdpi6B+cVPlBaDGiJ+fVjoFG7BfMc3AVIZxwD4M=,8202.0
consensus_latency,x/1nU8FjGt+nKS+ulm8gIXF3+BTbxOnLmuuE1O4Z+L8=,8202.0
consensus_latency,3UyAtgDu2OHl9OSB/bgAejEdeA6csSmMuF5YQs6ZcCc=,8202.0
consensus_latency,3pvHb4sMKMnWNYIiGOjmB6uPhh6IKnp1twh7EMB0NrI=,8202.0
consensus_latency,4lVwPNfcIvyjYEu3/vxWHOySYMLCJJzpw/vrkiSajDg=,8202.0
consensus_latency,72eTzI67jV27U89/Oj4uJf2gpWHgIxRhjTe6UF46O2c=,8202.0
consensus_latency,76hvQjhQ7Lvo4gCTsPPepCMObVkkojU1j47c7Hji7JQ=,8202.0
consensus_latency,81hpi1+24S4fDdUjmy3Ctj984UkdRpDCgQzyKyoGqCo=,8202.0
consensus_latency,+E0lTNcMDTxVp4UULsRKtP/ptkU/hjDXncMK9QAVhnA=,8202.0
consensus_latency,MQcivjp9+PwC0pBGyxLQsz57KkWmQnkJuAIBOnNwKOY=,8201.0
consensus_latency,/n3Slk0k0gXDFl+18SIX8N0BVwV9ZWrNRMWwXs7XywY=,8201.0
consensus_latency,SnqPGgLKTtwRCnfh2h/OcrMpDYfCP3d8CuXuPmI9g4M=,8083.0
consensus_latency,bNHaRwh14fYrrHiAq23Wf2s5/5j2CmibpNQAOU/2a7g=,8083.0
consensus_latency,tz4xHdfeAbX99J55yqBujrNFioydOk3t1qvlqYCHpYw=,8083.0
consensus_latency,IbCnAJhCXqw9AMNrZbRo0zLTG8Z4O/qNt19ccyo3Dlk=,8202.0
consensus_latency,QQBLj7tgGCNb5VVRBIu5IetjdozFQifJdVfZuObnc3U=,8202.0
consensus_latency,U+B+r8n4NLs5Vww2sxMLsaKYPZIpi4rTYXbeyvohfek=,8202.0
consensus_latency,eXxW4Vk7rjrMfhVIkbNNkPtRZc4X+IZG+Sfq2/A2vsM=,8202.0
consensus_latency,fJUm6PzC2NQLPWxDT2IZh6WYxlAogkbFwahPf4LXGZY=,8202.0
consensus_latency,ytrqHHvWPypS5S5Ax/MdthmKBCznBfy/XzHcpcu1MH8=,8202.0
consensus_latency,z9BEszXjIMQLmiD+X+hFjIiQMrRlqwRCIHOobweCL6c=,8202.0
consensus_latency,2Q3bhPbVOM1zxaBPoMd7RveX53MHbPrR400AT7PlTzc=,8202.0
consensus_latency,8X8SImn4Bkbmlma7IpxzzQh50RDB96hsFB/NYwcJCq4=,8202.0
consensus_latency,H89ecDQWGwilZSbTAMrkdwdxIQYxUFFdH2pro+NJ3Y4=,8201.0
consensus_latency,Jf7PwFR5Q5BYuwNAza2bDACduqu5PIePnHcGiLVQmUc=,8201.0
consensus_latency,OK9b9rupPtEuAvR+ruRuZ74e//x2+E51MX5vc6HA9Rc=,8201.0
consensus_latency,QRTAn9CljJWegZwHRis2AP3nXVJoYZYfe20hOXufm5I=,8201.0
consensus_latency,QS0bzBNTznPVPRauIDPksUxNtzC4rdOssevf/p3CSZo=,8201.0
consensus_latency,S2Gnf3jzLo2mCNSjDfB/FL2A8ljnMwVpCAzheWzrWbo=,8201.0
consensus_latency,YSOYoDrLcvb9pIqojJIvMHHCL4tkmF39oJfyQLRGYWQ=,8201.0
consensus_latency,m8JPyP4yTzvOvq1yRGIG7DgMj7xVkKEzxtHeiK75aJU=,8201.0
consensus_latency,oDuSwztyQvyICYZJiDz7QNpU++Z1MY44MzjL1iz6Ilc=,8201.0
consensus_latency,qrFCGZJ/dz9qghpUD5yRc3ei1ekULI2S4l1mJ/8iI1E=,8201.0
consensus_latency,sZWoZLzg12Vqfi4koU5HPauHnm1r85Mz/LTcgN2+eQA=,8201.0
consensus_latency,v9VVUYJdWzgZnfHp62cT04WdZtV9xT4zRFCq2dtVQcY=,8200.0
consensus_latency,w5SiM9QfsH5EACR4pgrgRX/5R6uWq1r5JAfBnMPPstg=,8200.0
consensus_latency,3d/ScXxuazCUHuWtFMZBlHt8WL5vkaFEIBE/bl6qJgc=,8200.0
consensus_latency,5ieiQEFbiQjiTbBjxYqD46zT6l/CFzqnuODtM8OmrmU=,8200.0
consensus_latency,63shLk1w1VAr0vlbfUTpf5hkPoBxeVMKE10LeJsYBws=,8200.0
consensus_latency,7QhAW4LTKJR+Jt2DRLBGfBffhVVIUI/qi4HJDsEjuDY=,8200.0
consensus_latency,7qe0GkwN6JBYFIIC/KO+ayIiTQlFQfY3Wbs2Mid0s9Q=,8200.0
consensus_latency,E+9SwfFLYwXGirg7OlewhJVOQSZuEut1BU474EEh5pw=,8150.0
consensus_latency,FwLRPLmNrgJ5xbg+onc0DJs+LBXWomgkSfUnjzRkm4w=,8150.0
consensus_latency,GcyeaNmp94qFLo1a48YUMJy2gSsWE8Ye+W6arS+SQuA=,8150.0
consensus_latency,IzzdeiQYNY029TKPnZ6JDEIALkGacEJdUh+fabLkalk=,8150.0
consensus_latency,RLzXnD6qOsnWZBgBNAQ1wS9tVkb+0zrgcUQKOijFv2A=,8150.0
consensus_latency,UMA2ue/bfjkDagnMpjTRfjDbTHEmeD8eoat344/1uBE=,8150.0
consensus_latency,Ugd38mXMT3qmlTs2zwzFwBtQLKjoIUUaws99UgrSDgY=,8150.0
consensus_latency,WwhA/ElKfzqKoJ8LNKM+ueeDFjAfuS61VZNC4/5FcZ4=,8150.0
consensus_latency,iW3CQymdj/RNd/ybvFu+yDmt20aS1Fmt8mPjLVtC7Rk=,8150.0
consensus_latency,ke2wW8zUS6kA2AHjmauz4A5syupE8WKVNK2u4KKBW28=,8150.0
consensus_latency,oq8X5GztIdCw8mbYaVoQCOoeUo+E3PFRi1lBokodmqI=,8150.0
consensus_latency,rIGso7g2CiY9Czxask8GENapJaCBMbh3iEg4PqUiznc=,8150.0
consensus_latency,zZlHGVtnaYLDfKwvri3AdDv6Y0pKV+lqeU0BEXtF7vM=,8150.0
consensus_latency,6YOVmhRAkZffg2qeO1o2ZL49c23kBp+NrcuYT/1L9mI=,8150.0
consensus_latency,7KCtByPGrOA/nxW5H3xPYEBYzOdFcDTDsN0JBXqe5GQ=,8150.0
consensus_latency,7uE3BI2/szbRgl+kRO7aARozV4A2rYCQYZgzkz2HvUQ=,8150.0
consensus_latency,97ODlRBKraM3Vc7lZx7mH549a17Y1ElRnOq4HMWP6co=,8150.0
consensus_latency,/CHDG4SZcUxhCNBFMI2053jFyhV4SXduuTIYy2b/bhw=,8149.0
consensus_latency,taGS/6Llv4XUQba79GhloOe/o9I0UCmwsQYMe1Fii5U=,8201.0
consensus_latency,91T9iyKLFbA424Y29qNvBkz/gFfXSG7R4uQWWSCrPmA=,8201.0
consensus_latency,B09vgzIQLdW/nzOWVJ0/Dkq66oCr9a47mDemyJCYQSI=,7554.0
consensus_latency,E54nDt1D9zXbNyTY5o1G6KZSY+vznA6WPkKH2L0cmTM=,7554.0
consensus_latency,GgSl+WZ/5E5oppwudDomFmqwH5Cg/Uy+BK8w06FoNaE=,7554.0
consensus_latency,NEpHuRv/yM1iiIWyxiZkuSc467GhAquLC8hrzJ6usCw=,7554.0
consensus_latency,NO6rfPcRLrpiA76mmM9iQRmqInYbLt4YwjUGtJ50GDQ=,7554.0
consensus_latency,Oru+vJXIJe3D68vEK6tf2l9mveoGQkC/B5c7q12naUc=,7554.0
consensus_latency,O3e6eFlFgU7S1H/hW+lFoOAWCYtk+yLPjyUL81IJq/k=,7554.0
consensus_latency,PpUxfHvTAFafOWxvEFVNt2SmZXvyZ8hWG3L20VU6BNQ=,7554.0
consensus_latency,UGzblqrqEl8aX+yeiBpDQ0VwQ4dujaWZukIITPnZuOk=,7554.0
consensus_latency,VQsz0Wb+CGZRaC7Bluwt5cvqc1EEHdrOLvyeQ7Iiv0w=,7554.0
consensus_latency,YPypzLir1Ps+MAXSTF9UzqZyGmTzLnfCttvaibQnNEw=,7554.0
consensus_latency,ZFETDAnP/AuJ320ipQNdYGZp6FlFzc8gb8JBIDkajFY=,7554.0
consensus_latency,bQe/JloGtKDHUhQ6I8wMxb3poFMYaf5c6L1IAow7hI8=,7554.0
consensus_latency,dh9Ji0GrXAkaxohIMl9cBcmME0zj80YEqmqQEGoW9ZU=,7554.0
consensus_latency,iEIPndf9cL54sX1L8nK3yqLv7i0Id/vBT4N+wZrUv/4=,7554.0
consensus_latency,t6FkSUZeJcN0ime9q+XyllLKo2Tl1QAFLoZoWiqtPtk=,7554.0
consensus_latency,wxOM6YVQNyumZefSPwJwSeKrkch/6kvRLj4eNxtSqus=,7554.0
consensus_latency,xJI8+6mZ+ScOOBpVye1/TZBoHj9QbRMoLtMIVYK89AM=,7554.0
consensus_latency,x+YDFR3zW1EMdbsn6k0ihatTYxzaJGIopn+sW/vKhd8=,7554.0
consensus_latency,zh9+RYzUUBV53VR434q+kMeRZ/KL/jMCQTjWn2iJbAM=,7554.0
consensus_latency,0/WRr7DrsQs+anyQD5Vpz4UU00yeC/zs8OZXYBpNnj4=,7555.0
consensus_latency,3kBDc1GI+5DEetff5lpyXY8BkSih5/OGT44Mo60uMTo=,7555.0
consensus_latency,5n4Nf2ebC0h2jU6pDh7p/L2a/hK+ldYk6MLZtYfLlaE=,7555.0
consensus_latency,6LYfgaD7TuIGVNL7e128QSvS1NoRGibzSSeE6/8QHqI=,7555.0
consensus_latency,7JzV7UzARpmwQ+0GtqPwvFrgi0WgqVWXSYWjJ3rqBqc=,7555.0
consensus_latency,+Oo66KL4UVGK/TG30QqFSQrM1bERnWn0u53RpehymrA=,7555.0
consensus_latency,BCTXy7Nsfx1jl1M20SgIgjOEBi8mUl5Sg320dZcTGX0=,7555.0
consensus_latency,CZah8OJM/4GieCpr0AMX/J42rdUtYs2PfQVlT5gvBeg=,7555.0
consensus_latency,7H2JpEpFVdpC5fPS4+KeHMaHsOJyfIOO2KN/iZIb4cc=,7555.0
consensus_latency,BQdKUP9l8RGM8kyPUVXZDQ+1ArH1+hbWOAErmyZ6VOg=,7517.0
consensus_latency,YFJZH6Z5j+CyI2YfuCcTnWiYoIfwYZfbMAEGIdTo63E=,7517.0
consensus_latency,iuDTC41KwBtfFcs2IMSLKIGGZCcQd+rsaMQdDqtrfTQ=,7517.0
consensus_latency,qV2Xmg0ui5+Y1SxvymLaZjgkvqcVVugX+yrxnjpE8Kw=,7517.0
consensus_latency,wZIaiHJGzhWOrOebPc6rwBvnD9dt8wGOlsmuIxDQRKw=,7517.0
consensus_latency,Xi3kgyf20xB2NKsjl+MPFDShCnq6Um/m7/iRX9Id4Kw=,7518.0
consensus_latency,pBgsBJGs2aDFCe1kEeavM7230Bm7Yroq8mckAnt1JJA=,7518.0
consensus_latency,KqGAz3TYpbnfQMpawhpUEkQmxK+Gd3kKzQ1wC6oyGPc=,7515.0
consensus_latency,hQzqcvEgDVSa46/czaRgRa7FtNnADB+j19a3mgfq9kk=,7515.0
consensus_latency,o6d3bwC1rFtGmY3bWH6Iv0cmeg193bjxhvvGjxfzZCI=,7515.0
consensus_latency,AlaoXhUemFXiCzgRfxzb/zIXkZUEPfL8C+VU0ab1EoM=,7515.0
consensus_latency,CBOP+X3xdbYGTjteG9wfidTj99FotlTetk6GoPF/HQY=,7515.0
consensus_latency,HBJNl0WtlcnV5oYl22nF+9DSxy5ur5cjoKiQS28bKAs=,7515.0
consensus_latency,K9rrVqQCha2KPVnmglV3Up5nY3kIzr1RZWMBQaP3SoU=,7515.0
consensus_latency,MNzz8DU2j7g+SPleH0T01B7cyGVCbI9mQ0DXoFCbHn4=,7515.0
consensus_latency,M52AVULm/l7QqSX2nbVvROS0ICOFnDr8UdyRiyVF44o=,7515.0
consensus_latency,SAystUUKwLqn+JqxIm5TTaqPaZx1lJ6M5x/gvaiYxBw=,7515.0
consensus_latency,WfKaC0dXX+bDPURaIQAD2yD1Y78qS3JQ8wL1JavQpTo=,7515.0
consensus_latency,X6/9JEThiXUN6WIsDuTHU1AUlc6YIGx04SvR8w6bN6o=,7515.0
consensus_latency,ceuNOvDVO9el1ZjeJlKgKSsPdbrzIVuzluJteIkjors=,7515.0
consensus_latency,dTkSgQUoqhevzjBvSDsc0HUyF8gW7mAZL/jqY+e+r54=,7515.0
consensus_latency,gZEOkBe5VECDY1PB2fgRLRFToeT5NuymhYhvrsiVVxI=,7515.0
consensus_latency,sNSdyHb61LXDKlH8SK3HwkxxefruYIAdzr3YLFh12co=,7515.0
consensus_latency,tG1OA8bqR7My9Nr4oiw/dkX44HxaV/lD28iaX8/fX6E=,7515.0
consensus_latency,vNnXtVgrFCNcWPTrPHiOlU3IfQvGSAswAxEXw2Jj9S4=,7515.0
consensus_latency,wLqQX/Z2ec0TR94CdsRXgzZ+GlACdpMlaS0XJoZUL6Q=,7515.0
consensus_latency,21V9dkOTZpYQ+zfngEajM0dYfNTE+keEKMxhpH1OB8E=,7515.0
consensus_latency,3zbNC/ZQbbRfzsM9JNHkVg+otRs3RCGVZW+FRPcJZU0=,7515.0
consensus_latency,7ExpHPPmENykBN4ScsL6zZXD43hsKOiSA54eE3UEZDk=,7515.0
consensus_latency,7UEq1lc3OMFQUA5ptZcDzKEZlSHujSBUNrvjU8nuqGU=,7515.0
consensus_latency,76krvR/1yCA/5Kl2+GMHbR2nIP7Dj+CgMIJ3uaqE7e8=,7515.0
consensus_latency,ACiK1FFaZXhJ1xdS6gziolVTqjN8FJgtq6yn1Hbu9xs=,7516.0
consensus_latency,BG4EVz/XpPG8x7yYEZ9QaVJi0a+HQiuw70B65IwvbN4=,7516.0
consensus_latency,FCDEHjcz/nsiRd3vPZzwoFLy30u93jr8senfoxJR5Lk=,7516.0
consensus_latency,LWt9ZUmceRE/yRjHkVcfona/TLhztx7ZwCrGXWMOMgs=,7516.0
consensus_latency,NEGMPMxl763mtQNyH2rBjpKIDqA04dPXtLPmijQgPMI=,7516.0
consensus_latency,O/YGC71iFhEUM1FeQFb4PvVo/wkQ1spGpZb0yLtsT5w=,7516.0
consensus_latency,PTMNeOtLJCyYqVTvXeczlckYcIPoBVitK26sgHjynkY=,7516.0
consensus_latency,VMYYpQADx8joLIvYTPent15iKTgwUF/Cco+ttDsyHtU=,7516.0
consensus_latency,Y7wUNJFvkgo3mBGGKwOMADv7dvL35srRvZscHtAUCH4=,7516.0
consensus_latency,a42ee43KwijG6VGnmeWMLDLXPZyMaW6Ew9MQOdzpRJc=,7516.0
consensus_latency,b5zfodZ+XWQM5qqFdb4eem4OGglxp4kK+CZzCD5I77E=,7516.0
consensus_latency,doLjSCRs5vnjnFO+NxcfCGT2crFDl0ZnXrnJshfVsm4=,7516.0
consensus_latency,d8AVqGQx+ZCrlKTGcB91trT+qRHZeecYcyIsKnEWrZU=,7516.0
consensus_latency,e8yMrL2HLsfe1khy5SmyzUKZhuweFb8Py71+eUi3oTs=,7516.0
consensus_latency,jZ4m+kivqlflRlTUZVub6OHJDJw0BQifc4EIrpAVink=,7516.0
consensus_latency,kKpx1ouVw5dBsg7t2O1KnZyx4zKeVfwNnqkulu7kPsQ=,7516.0
consensus_latency,lWS/RS2+13Ls0BgZOZ53HTd9SwW+XeT0DZRrwOBcWAE=,7516.0
consensus_latency,mgOPPEW9KfQiz9hrqpWWwEgLc9WEtv5otHifB1Kp/Pg=,7516.0
consensus_latency,rD1sfmD6EhLjwp54LfBRnZ79OAZohKesvk2AV8noonM=,7516.0
consensus_latency,2VSGyl7Ip0/SjJ9BiwM776qTR1+aGDJogZQmvd9j38E=,7516.0
consensus_latency,+1hnuO1rIU6dkJSvLcY7m1Pe1XvJiZlJQ9ViZ7et2js=,7516.0
consensus_latency,ARd1OhHvXfn7MwtI4fCLhgBk7oiYiWNffEVFJanivnI=,7556.0
consensus_latency,BtOzkkm16u7FIHtvaRPsjpv6ZLHrkGHqM35DeNxI1KA=,7556.0
consensus_latency,FI078ktnGHBcEIC1cquKBczBuFY0M378aXwBjBsJqQk=,7556.0
consensus_latency,FJ7rHJuXkmp97h0/O2qafxBBpgXWouby71LQqM6NcAM=,7556.0
consensus_latency,IQmefTh7gqvBB4as4SKAvOn8BEJNRI5TxK7/287VzPo=,7556.0
consensus_latency,Jvsm/cjhfhJyIbz2OeYvkb/RIP0byz3fqaKW/UQH8Co=,7556.0
consensus_latency,PDDhO/mU+yB4Br9FyIBC0NbJrSJznDqfgy8msu6RYLk=,7556.0
consensus_latency,Vg3OHsJ7r777xE4lx93abAFchqtct0k1wzj5cuVFm1Q=,7556.0
consensus_latency,WWAmOIaC6SqFw7E3jUpqtKdMrq4OWb0gGSuo/7OJHUo=,7556.0
consensus_latency,WukklH8m/PC6tOyLl6whpQQCf1DHPCLx/ws7x1WmcaM=,7556.0
consensus_latency,er3pJx27+Q7lRbsh3BT2OIg9xQU0AV568ICqiZ0WR8k=,7556.0
consensus_latency,gFGID5E5u0RWJ5rxd1NW4klLHxZp4/xx/GWjIWAEWeU=,7556.0
consensus_latency,jF6XlDAfdNVnFlPKTFF1IhZXpCnZFMp6omhMRmTUd/c=,7556.0
consensus_latency,jZ3q/9s39GYj0S3YT1TTAKxRgUvhGhqKFP8Oi15sJzU=,7556.0
consensus_latency,mjizdhfrDBrJ4qMFpH60lsef+3buTr6GVtOB0QYSDmI=,7556.0
consensus_latency,m9E4Npv8IRyDpJBuWoXEFAaZ/7D5J2kuC7ho86oL814=,7556.0
consensus_latency,qh9JiJiixecgs2y73uzNmdd8L4rfzWgo+yImtvcInQQ=,7556.0
consensus_latency,rLj/tgTZWPl+kkQ/UQjMsqRvvOj4I4vBBt5yNVoPYZA=,7556.0
consensus_latency,tap1AJnZq7ZxwNuQMoDQRzmBDo9QNaWd5aOP6AAh+Lo=,7556.0
consensus_latency,unqcV2hL5sjriya3Z0Tkcajyf8yrpMPUkWaqYZ+jPfc=,7556.0
consensus_latency,wssDEt6DM3f55Lzy5XUZ+Kmx/3/0uGNWgnxeeaqB9uU=,7556.0
consensus_latency,y7El5rdEXXISs/G94jbPunpl0/bQJZt2VVaFDFZUcew=,7556.0
consensus_latency,7VoWdVjrOUxi4nVc1Zus+i+olmpgi3w7IEkpUZSq1tk=,7556.0
consensus_latency,+ncSYRlEnBO0xxGI2dMM9xwPKIxVj//3JZDSWvYuSq8=,7556.0
consensus_latency,AGboo8/nRTEJbFWNjsS+3GMwEKWVgC3U050FRB3slyw=,4675.0
consensus_latency,B0s2dMGVyK26jbkIzqFd6Qnyqr2aKrXVp4gUlfcR2BQ=,4675.0
consensus_latency,JgvM1T54dSIqwQ6ebeIiOGsRaofADFpYIhKgNv7OZOE=,4675.0
consensus_latency,J0Rg3S5FtTXnQVSc5FGPeZrzS2bYmBfGFEhPdcL8heg=,4675.0
consensus_latency,J3dYD2NyRrfFbPZSoSkUilI+vqHK+GCr8pid4zFunfM=,4675.0
consensus_latency,M5JOH9P9wsfjVME9raUhYWAnSURlhE69EOZppEM781w=,4675.0
consensus_latency,Nk4LW2NHv1yd7KC+f0bpPA3K5x7NVbBEV33yzK5Va/k=,4675.0
consensus_latency,NsIOOOedgSP8f8VEOfsCH0Te3jJe0CtlTlTnGWkEvlI=,4675.0
consensus_latency,OTe6mi6zX6JZ5iKc1PwPRbshketiUGj+JIc6alKxSQY=,4675.0
consensus_latency,TR7d4oJ7ns1Ub6UkcFdWNyuoec5gj+DD4VDiEdNNeZU=,4675.0
consensus_latency,UmcXzfvirdN3aFO4/fUNY/MZpnQ2bJjHyYRl2hJd+fw=,4675.0
consensus_latency,W15qp17rBEKGLbtk4iCwKhotSqvQN6TWZiP5JD53cgA=,4675.0
consensus_latency,YCByhaz2DtO9SnWsKX84eGnBLaM2gFDSTZZLukJuBuM=,4674.0
consensus_latency,Y0Ie2S4wJ4kj3BxendRhchriobeTf6lHWcf4idl7BAg=,4674.0
consensus_latency,Zyqczh/sCjocuaO1LtQrjeTmsJYCIlyRPllYsjNAI+M=,4674.0
consensus_latency,aKEc/bWrlWQ0peBYO6EFNA05ef21A6Q+DSdTnR+xnQA=,4674.0
consensus_latency,apw+iQTaa85zmNQP/zRnsAJlrWydQZDEL7Rd3X5Dxb8=,4674.0
consensus_latency,avbRrP91z//FJt9nI9qNtIGqAgfMZu8IpxvLR4i0HwI=,4674.0
consensus_latency,a7y6+TxZjW5uPjDREL0KnYFciClgo30B+2ClC1bt0cU=,4674.0
consensus_latency,cGl/ThFeFHze/z6LWevPvvPVlL+4o6QyO1XmGLwSKUM=,4674.0
consensus_latency,cs98K5ubAJHvL6aJedtbLWlqIjgpMNvd7MmyGdvBGKA=,4674.0
consensus_latency,d0c2zY9TdQOivO6J/SV1i70iGqIaFmTkfQZBUuywLSo=,4674.0
consensus_latency,e/IhaIXzwUBZsI10KxYbvoNaPhgUR40PeEK9f5Nii6M=,4674.0
consensus_latency,fWJiz2NaZ6QNkaG6Yt6tvazpzquZ72ByvVFNoJiOEJQ=,4674.0
consensus_latency,gMMtuQ8O/WgpLXel0E4UySzNfxE9P9cxiie9dqOZ3n0=,4674.0
consensus_latency,hxKZzh/T+pfk9ZVdSLTDeyZIcJLokp3W0P0+TsGiv/0=,4674.0
consensus_latency,iAUDBgacwURJhceMfULeiabofJNjETT06r+t0apmnDE=,4674.0
consensus_latency,j7pSnvlzZOfs8IRJAej2SeHFkRGcQ4P8sRQOmPMDToA=,4674.0
consensus_latency,kySX4Mu2Od/n3q/Fzn4EDfYa8Sqt3/r9qqOCQvGxtLo=,4674.0
consensus_latency,n3lvbcABfxyvBpJ75XMcg21k8QYwroZrioib5UjN9AE=,4674.0
consensus_latency,n8seyQQNUpKlkISwicWRifvZ3q+PAKkaD+GFZmvaAHI=,4674.0
consensus_latency,n/5qOQO0Cg13K8VTs9ojdcTQ9YM5beu0WcU0GHIKEsQ=,4674.0
consensus_latency,premUOsxZOESVGnPcX1AJF4gNZzuVCcY678evUMD9Us=,4674.0
consensus_latency,qsv6+cFvty3i47uR/ItuV9krXg0zcGge0wvxOVzIIr8=,4674.0
consensus_latency,t+IPU1o3Nwiqe74L3HPT+rAiTgfCRMAAaycJVm/Un84=,4674.0
consensus_latency,uSIPRE9AgrfnmnZQNeTj5OshH/7Ihv6zfIzCRYbA9E8=,4674.0
consensus_latency,ukJDrJk+RxlCUyXk2KhlMrh+gV4B+HI26DmebFuIumQ=,4674.0
consensus_latency,vp8uAEQpXPuaUnv4HCQFl9zmjBfODzJ9oMi1HULBLR0=,4674.0
consensus_latency,wdq8qZ/hMhPgGvDEBzSrULU9MNHSR5eIZQ2rpiLEQd8=,4674.0
consensus_latency,yaoTafULmlUostFGU9So02K2KAb2d5juFmrE1WrCkm0=,4674.0
consensus_latency,yiaxJlL0FpeMFD8LnUlFrbEXGFbt1gZZJtYBuQOrlRY=,4674.0
consensus_latency,1quE3T2jcKljV4a7ZjnSH5PfKp+XMzxiyr1cG22oyC8=,4674.0
consensus_latency,28qnm15vay5GqnqSVIZDeb4z4184iEJKd/1VDhad8ro=,4674.0
consensus_latency,8V4MlKXxjHBsX9rDUnpmARy1DW1NvgVmTr4TIrf3TX0=,4674.0
consensus_latency,9q3LGZmR9RvG4LahT+6DEddG/PvAzNkYUtmfLQ9SN2M=,4674.0
consensus_latency,+C/4kww11CMRcCmAUfbXx/UtxUSrVxLDXWBY5KP86Fw=,4674.0
consensus_latency,AEVTBOszhJhhfvF/92xbymjrYcJd56yAoMGcz54E8lA=,4726.0
consensus_latency,Ah2oi093o4KlrGKVr4CNRdhXQy5C0eH6iY2Fjkbe3G4=,4726.0
consensus_latency,Bo/7WCVjtKStLtHdo1Ksvv5ba00rHUF01HmIVxq66KY=,4726.0
consensus_latency,Eg2XKTMw6bM6zGbdiFnDX7b7jgR6wn2PSPHnNFbPnoo=,4726.0
consensus_latency,Hj5rHbEF1C0MZk1aQl7BJB/dRtPAWK/IwNDEndar1tU=,4726.0
consensus_latency,Ix0JggXSzk1Ck70hkM5NvpgKpB3fRBTcQYpYah1aQIw=,4726.0
consensus_latency,JTgvDp2t3WlTIMeeMY3wLwRcqEjI/0NYsS/QKqz10uY=,4726.0
consensus_latency,JzFnmXsUNcwXWJF80XuEfAiYZrc6lvEr4WlvVciofPE=,4726.0
consensus_latency,MEZxfJLfuGF6QoegkJ0h5vviA7ai9PE7UcwviAEVeSc=,4726.0
consensus_latency,OUUSk4oA7Ueoh1bmrtTpCht4txOz7aLwe39O8jILljI=,4726.0
consensus_latency,OcUf2WnNWOWcc+vLJ1Y1/dfp1FSXaP746PJvbfOq1XY=,4726.0
consensus_latency,Q2V7O/EEXpgW/9KVdFUiBgJP0nbXd9+YMkS4yNEy7rg=,4726.0
consensus_latency,UJt3NuYRPW5Ohox/Lkv3xqVXV65oIbx8x4YI7km/lds=,4726.0
consensus_latency,UO+rlTAzUUlc4JE6fpXhWziLNPh/DN6U15AdWEcGGfk=,4726.0
consensus_latency,VrN75E4KG9EJArEt7Kk9S+A5WU8t5umrGczxJpVsJgk=,4726.0
consensus_latency,VuRvGHq/ApCLl6t8v9x0lkwTM+Q6FR6W8xGU161n1XU=,4726.0
consensus_latency,XGvhPDC6kBiWR3Ri5bX3KRq/zPAJ1hC7uqYGcZ9XyQw=,4726.0
consensus_latency,XqzqU0PrmTbU8pGVPwAjl/jQ82S3lSgp+46wlRL7jYE=,4726.0
consensus_latency,a+sURevV0LUPLErmqmOlwYzQJEjDZn/UyMCr8DXYfmg=,4726.0
consensus_latency,cqC/ReLCrAe8rgBpuyZBFsCfUG5fdgDZo19QVSaLfMc=,4726.0
consensus_latency,ePEE9sm/Sjr4piu4utLheA0Hiv8/KwDH989yHAWbvQY=,4726.0
consensus_latency,eVNSx7J9DgQ6O90BA4E6Q2S0uxw3i4U2pK2SSQW4ynw=,4726.0
consensus_latency,fZEVzj58pEx67d4hpoTradwUI+NFQRqSMoqctuSbfOA=,4726.0
consensus_latency,gE0xgbqzrvk21hrr9z9Beh0uiJ97ysB8i3F+u1KQILw=,4726.0
consensus_latency,hejvzPKajVkYNzY2HtAXRYV73CosuzHSvtVQMhyZ9yI=,4726.0
consensus_latency,iAlGt4bvV8UXckQ34FalzX4HizyZ0mwB+AMNR2b1D6g=,4726.0
consensus_latency,icIxIcrbfCG+ALOdqZrKpsOcprPSFAsGB0ngg921jtM=,4726.0
consensus_latency,j1kX0HOQLeLvnct9XzTv0StKIWYDVqoyv8ezRKxjgRQ=,4726.0
consensus_latency,kvYbs0gDbYnTYQTP0TMHvxd7ZLkLeI+hjGYtwtu+rC4=,4726.0
consensus_latency,li+yhMbxYL+KJBzd87VGXkiW1gmso7XZ8HWHssWzj7M=,4726.0
consensus_latency,olkg0NtIeS5qAq07RDNehzCCrgZG2FFMgj4VtxhkM4M=,4726.0
consensus_latency,pECb9KNgcPpAHhfOYtR280GZqOAeB11XZuXJsAFbyUk=,4726.0
consensus_latency,rMDiJXk59GjZhxwaLwt24DOOWNFMZACKkZnihAROARY=,4726.0
consensus_latency,r2rYbdTReNzDPD98IDsWxBAy8jwyYCrF+UMKn2PPZA4=,4726.0
consensus_latency,txJ3SsJom2HRSqRPyE1DDDEezg5+oaSwmvrUJh6E5Bw=,4726.0
consensus_latency,uodIn/ohOvaZywEEUQ92WnLIrD+kMvNoGLmwHbmjECI=,4726.0
consensus_latency,urN7LLEH72zYbVqnWlGKXWR2FeJdqe5n/hslUcfEC0k=,4726.0
consensus_latency,wxJ75z2TPUpSkNeS6kIHpaiICOowpxmqp4ay0yP33f0=,4726.0
consensus_latency,xl+1wmRQE7iIi1vgt03rioXc7W470WCvdQ9zDwBYmb0=,4726.0
consensus_latency,yjdtgCf50Gatii1gO4+TGQFO0VeR5EdPaCKRMaQVVqk=,4726.0
consensus_latency,y7rGLtRX9EHva1n6FUWbBMB7/KmlVy0aStihRx8GKtc=,4726.0
consensus_latency,zcO3I6hVGqKYAfgMNDh5heSac9gzu/deS8H8aS9kP34=,4726.0
consensus_latency,0Yk24IFWCsKZ5a0xRgKzkOluixsRWCTNs8K9xMiYYWA=,4726.0
consensus_latency,249gXVILqJZXCJDCFX2RVD3tiprxM0SCSHi3/K+O/ag=,4726.0
consensus_latency,4pBjz5dUOtce5F4GbuGl1/dSC8ccGzsV8uQCeAfmAq8=,4726.0
consensus_latency,41e1eRR9tbEMd25m7eZ/1VJsHHoUyLz4XKQmYtP7B1g=,4726.0
consensus_latency,5y88OmVwJOXaMyNEAcmmGqDVDj4XpSagoqTi0NL3CKU=,4726.0
consensus_latency,69Pm2DFt4y4WCmdMCDMkw0TyytBW8VrcL59nXGaFKDg=,4726.0
consensus_latency,7ELx+n0U1dBeJrJTZm9bvZaawhB4rMTvdpugC7zQkcU=,4726.0
consensus_latency,9OI1IIqMIuowKdp4SggQeNzhn45lkp6gVzEFsaQMSwo=,4726.0
consensus_latency,9nG7tm8NU9/4PHEQZ+ArAA/1IBVTg4rspmpNjDGFJEQ=,4726.0
consensus_latency,9pk9Nj4EYuYZmDQKb9aHU0txcxmuhkk2e1mfaoWS7K0=,4726.0
consensus_latency,+0IjzXsBAuSyJ9sKydNj0l++iv98XAsbsQnTYdpk7Jk=,4726.0
consensus_latency,/B9svsCpwUaAn3VYjd9mCiOe1tYdmxPM6JVOzdLVR7k=,4726.0
consensus_latency,/krrDHLzYfLV8FMe8hUU50Scr24yFgGV8n+UBmxWk90=,4726.0
consensus_latency,IUIgy4PPUSNwyfWe6KaShrlYxwYGpTUjYKIgeZCkO4g=,4605.0
consensus_latency,KFp8J8OLEeL5DSiyNmyScfkvmxkiDNurbTBoTaQYf24=,4605.0
consensus_latency,PvHqQNlMMTRY0lqZ3QW9p1r0wyXX+wYJS146I0ohvX0=,4605.0
consensus_latency,P5SF2iVlbn9ZljBe/wdGqnXpZK5z+Lds6TFScQwPY5E=,4605.0
consensus_latency,UQmdwLDR2Xim8KoFrczSKseyZB17hYn58DoYdaA5umA=,4605.0
consensus_latency,U3SzM7pkvkK12MGaxdLbBF7br4Uoq00oUVkfh66pKFM=,4605.0
consensus_latency,Vk89zB++/3W2+a+CF979IgNiPBSyHPScclI1iPZVtZU=,4605.0
consensus_latency,aNj3QL2pQvsw13riK4/wS0tx5EK77I7sHu7hwAFsHiA=,4605.0
consensus_latency,l4GUcq81qheMzEDbC5RI/EFrpGyUgAt1AnvIeLwybdk=,4605.0
consensus_latency,pJNYJ+bRzlXqcQywoKW9Grs/dVN33PjY9TlThtxSlo4=,4605.0
consensus_latency,709njexKwrbBvE14W+FKV4Nr41rBLOZ5NcB6VeQVhNU=,4605.0
consensus_latency,8o8eAum7qrkuJCCCqGzUeXLNbWl9SIMQ+LBSt8TaIeY=,4605.0
consensus_latency,/vJpAQwvxwJJbpPGVdUq/yEBGf729ooHwc27nmHRbhU=,4605.0
consensus_latency,APtjHzSmWIGSZnlhS8dS1hfK50bU5wQAma9T1+5SGh0=,4674.0
consensus_latency,Aam4E1uR8LQvB7wb7s2CFXEugomKo/3MqXjgOotoF7A=,4674.0
consensus_latency,CaU/m922pcX4fovW/zXsNlWlGvLa2xH3dk8UvR3iyRs=,4674.0
consensus_latency,Fy8xIEr3J5JVsOZddVKZ+5LWuxxxpZLQ+9MXDiJCCwc=,4674.0
consensus_latency,F5aol+/ZI5H0jHmBuoYwWZ9Ftr5O3pKx2F3Z2TkaHmo=,4674.0
consensus_latency,IxaUtmF1I4RLRG+iUdIL5gjA1GG2oVaztPkEB2CurtE=,4674.0
consensus_latency,KR3e9tsx8tXl9vx7HPklsyCT1d72luIieg7clACHmqc=,4674.0
consensus_latency,KcpcYRgWYHGCAg7ijlGYbGXBTcd5xDE1N38+XrpdQ5Q=,4674.0
consensus_latency,Na2pjbMQb5WFoRwsiy5m41DAvohs3mGAhaat8RK4A0Y=,4674.0
consensus_latency,NzUE7OdbnSTC8lvsgq4Itw6+5Ifs6fXKzp/5JvbTWTw=,4674.0
consensus_latency,PRMVQjDkYkGzqhdRvwKKzS+YuAl/SnW6Njxm+ptq/So=,4675.0
consensus_latency,RNknpRJI0TW2sbSgGvY2qty6xWDqkALzdpxIRIYs2Zo=,4675.0
consensus_latency,RSqXDgf2MpaghSH+O771elzOLs2F1vUE7m3XYVaHYxQ=,4675.0
consensus_latency,RjBeU1jde2HZLn2LRhxMcdfJoxMJC1tBTadngwN2yto=,4675.0
consensus_latency,R6McdUJ5Fc8OxFZk3+3vnzZ/NN4kvIQnKdkSAEGZylY=,4675.0
consensus_latency,S3/z47fzkCuscroj6v6xF7pdITGOvTtSmZkd2XmAX6Q=,4675.0
consensus_latency,UWfVr+pfRtSes29WfEjZV7xTmNX/WNIKGW1ytbECkis=,4675.0
consensus_latency,U4pdzGEMOPq1oruaGcqRbuT3qim4O1BQzLZ3D86y+EQ=,4675.0
consensus_latency,U+gUMsDMJaDwGjvSOZA8SWjEdKAK/qs6JM084uLRltc=,4675.0
consensus_latency,Viu/XPiiC0Ihz2Lio0rx0c26FalgDaxgpxCwQowxVzA=,4675.0
consensus_latency,VnRzGljUcSrjIGzb6YHvFKqIsj3JR3fVjJlCxt+STLw=,4675.0
consensus_latency,ZDkONCfWQ4lC27Fwt3zUbxgpz78DA8BzGYDmpcjziLw=,4675.0
consensus_latency,aGaI+W6EmrK3EX0eIoEt2b7+OiT0/N+I1tjI67YxC2I=,4675.0
consensus_latency,apILDpgVrWEWOeow2O5hrPV9OEbdisnM1oZ3oUCcync=,4675.0
consensus_latency,cOdK1biyjYVTIqBtAgEZ0jLpLSR/dvI+UOtaS3BDEso=,4675.0
consensus_latency,dYdEBNjp+lLgMm4olvF9p2QrbY2t+t5U0pdFvIOpdKE=,4675.0
consensus_latency,hzLHgEl33VzKxvXXGB/q+dGrmZeUB0X5VYWLr2zpzhY=,4675.0
consensus_latency,ib5g9WAlEuWIuEWQKgqfNv9/Hl5p+oNbQi+NuREhX8U=,4675.0
consensus_latency,i4NNojfHpHVLO0Cp9gIXcp74mih4XEQOLMVWRd0faQY=,4675.0
consensus_latency,i/xFJtHvc2NELc9cx7GgFltwEKoDrdM7KmV5Yyf4wH4=,4675.0
consensus_latency,jmjmlctnultgTJzOL3W4k2RVrL9SMnvIlrZb9GotxmA=,4675.0
consensus_latency,mNPJKvK8Lg4q2FsdmfVFjC8D7vmFMLSwMN7r40ZGLRw=,4675.0
consensus_latency,nUt4HqEWzqUDYnwfZi86X91U+gM0ooKk3ILd+LHolzg=,4675.0
consensus_latency,n2JuiLCqpwZi9boAPWzq8R7EzOynJtFfRBoB+Xe5Dzk=,4675.0
consensus_latency,o5XVPLKGxu2mWd6gvTzmAYPc9BlL4puF4D/421zSBlw=,4675.0
consensus_latency,pZdczhO7GWNB5mbph91QejwfGr1d9e7XueytMcA5zT4=,4675.0
consensus_latency,r9RisFza379r3cin7SZTTFDgSSC16mKJ0qbB45Uoj1c=,4675.0
consensus_latency,sVvELtQUe1iedt3scR9pf5toZY1AX63R088226gNMq0=,4675.0
consensus_latency,wlQnzW+YMKMfAMOVRekk/bcaAjhpN6whK/rbh8mv8qM=,4675.0
consensus_latency,0ATCx2i0JoHT2FjQyc+ERxBz94LTvhh5TL1TD2Vmg2g=,4675.0
consensus_latency,0GR3gTVxmcPIFLvjb7px5C1dPBaGDoePCaPnUj89UlE=,4675.0
consensus_latency,0mT/mI4mRDVKouGaVY9IxN98LjxvnN1cknq0yutzJ3E=,4675.0
consensus_latency,2C8BVfolLaKFHy6jUoxKTSCyyu4JVCqJ045xH3yyEdo=,4675.0
consensus_latency,3NBmQJkXkrHwLH8QRXs0N5iDQuA+6+89bUS3YUdM9Do=,4675.0
consensus_latency,3pdho9Bf9wUXfjYrHFJNcI0SJfJz52uHF1jGxI+QDIE=,4675.0
consensus_latency,7Cqvz8aD1YtHrpDDtaG8I1Qkh+i8laRJpR5KCA84Uzo=,4675.0
consensus_latency,7aLK9ZEjVve50oxsZADir1xdN+k1st4C7VbeTqOk+1A=,4675.0
consensus_latency,8AcRWry2/F54d+Uoyn6gRCuGbQBJnai0qeLNBFEwu7g=,4675.0
consensus_latency,8gvgRPfcDz7osYjqpxOBVcKKAiLE9v+DjnfL/DDaDcU=,4675.0
consensus_latency,BZgkPicarsNGaH/YGKH7+tdhrIm04lUSQ6z8aL/7Kdg=,4675.0
consensus_latency,BpYD2TW2DIqkhE8G7DFQ8EBbhGg7w6zcEJ2Tr5FUwNs=,4675.0
consensus_latency,DS91VurpEPpBJkqmksXo0Gt8VTcIb4Sa1TFqKHchwvc=,4675.0
consensus_latency,Dh54coCug3hHhGlI2LKpSMPHs8xsQLRmdWJMSkKAldE=,4675.0
consensus_latency,EYI8RmtXKSFooTTRV2Lqf5XMYXTkEbzw73c40OCDEI4=,4675.0
consensus_latency,G8FqunGbsDbYVl38xc2mW9VzF01/V0Po24WS21hZ6T4=,4675.0
consensus_latency,JMJ4W4hhUvTMiY00x1ms0gCm8oLUutQE313hm4+ZV/w=,4675.0
consensus_latency,JPBzJaLfSzGyrjahxTtT3Fzt3vTnSEvV2cGSv28uoHs=,4675.0
consensus_latency,Kw3HQnxW9KQRLDI4aXYHuLrCbkr46VYJa3UOPgFUbUg=,4675.0
consensus_latency,LqeG9lUPl6j5/RqmQoJljEpglXZv3o6SFHB63eyn/8w=,4675.0
consensus_latency,L+wRGgV1dIEUR/KVolC5Pz6Q9mNEvHjyB5/UgX5YKo0=,4675.0
consensus_latency,M++axNBve4PCRJgbHHWJJK2K+y8CDHQ5ho0ACs9MEG0=,4675.0
consensus_latency,OZtJ4wYYV2W9sNsm8nOQsMpdYRFpDSDH3krjELKLe9g=,4675.0
consensus_latency,PTTGRFb40TW5IbUs89ocN/4hqJ0J8VG/KWZjvx5GUFU=,4675.0
consensus_latency,P+JpVGSxMIijS8mj57ICIVXQd7R/qfKdn5NVEEQGAQg=,4675.0
consensus_latency,R5UKuSVbwMA1WxtjiccI9Kfc9YvzaCruRr1zKR0bzT8=,4675.0
consensus_latency,UBRukas8JLdQhhWcNUhvnxaNivb/gsePvx9RWZhvWoo=,4675.0
consensus_latency,UYcP10aa13pt0aXknthwoLWS1LaiHE3+/IRvA3DWiJw=,4675.0
consensus_latency,aINcs6j00/F55KdLTKQ2skkgBbym/cUaujk4vskrKSc=,4675.0
consensus_latency,aQNQ8L9GD4JLqbCcn438bvH7REISCFsLtnx2fPmSDIg=,4675.0
consensus_latency,bk3HzUfSJv3phjgFZwlR1bcuTGeJBC6dSMxG2eTQC4w=,4675.0
consensus_latency,cIvlZrdPW09F/lz9OgGMnBXnuRlbNn1uyfYcMFnoPNk=,4675.0
consensus_latency,eGzPgO+BNAXvq9ESPqdHzhSRYgpFsvkyQualjSd4PkA=,4675.0
consensus_latency,eHchNKs09ti0QUvZsfxzD96ZMkJea/Sn9hnwLDRm1JU=,4675.0
consensus_latency,eIwMeaWJiYQtBgp72HsRfKw3Jm6NLLc1axcgJE/0Yp8=,4675.0
consensus_latency,eUgItxZ8Ruvbwlcn8Vi/PcHS7KWcBguK82GgbXtIE+4=,4675.0
consensus_latency,fZ1GZRxy8aJrHaDca7VF2/TtA19PYxNCv9PyeG1t/zY=,4675.0
consensus_latency,g6xDAOBUZ71NswWsBUyzmmXTAu2Oqc/D6ZKssYLmSkQ=,4675.0
consensus_latency,iuLhdarE7IQPXYfipDBRwVPU8eZXM9Rfq2SX2VPPXN8=,4675.0
consensus_latency,jJGCi/XdvSCHPHFf7aKJGzP/GOi/TGpJB4GyU10FxEs=,4675.0
consensus_latency,oVjVvLdyhvbmQGXGREtPTeC8F6wDDWy6qO9l9K4Isms=,4675.0
consensus_latency,pzwEXAUXxjMnN4WhQBulbZumuCHq8TLcb2u20q+K2xU=,4674.0
consensus_latency,rsP5jPfD5SLcbpzmf2e5PiXDr01j3+WdiwgmflylyRY=,4674.0
consensus_latency,sOE4m+JBaSBCH0mPG4ClL+aS8q6nqSiEhpAf+5l4J2c=,4674.0
consensus_latency,vJiK3zLjae8knQ9mXCbH2/ppouH1RGBULnVl/yore7c=,4674.0
consensus_latency,vdosFtAmiPa5n17d0K91Dx5v/VGwCt4o3n9oqDgyeEg=,4674.0
consensus_latency,vp1foV93jy0yt2N3APEoxJqefwEsewt//yKjnUo7U2Y=,4674.0
consensus_latency,zBpjkSeVS6DzV9dUy6O7tdHkWk+PojlEYt1WbWOkL1g=,4674.0
consensus_latency,0N8WZzIyd20To7S1G6/mdq5Gg41hF1d18onLpNs0ZC8=,4674.0
consensus_latency,176aEHoy1kLK/bmqwbGtlyzNuTvMzdPQjPzkA+EyWtI=,4674.0
consensus_latency,2ay85UcKgp4+YTRnOoXZr2vKp7xgcUtJadq9UU97nNQ=,4674.0
consensus_latency,2irLspE+uxWEBW007C/dm+lNjSMdXOWIvYUw8nE20vs=,4674.0
consensus_latency,3K2vyyGlEW1wG/FAzjkDY39G1g6vR0Voy56Y0LY2bpg=,4674.0
consensus_latency,4UoHlRnFuscB+5ByodaWa/ebKuQgbJidftk0tz9Q3j0=,4674.0
consensus_latency,5OGEG/dze8JCYjBnmsaidbL0Rrf/Ua1BMCDofn07MaE=,4674.0
consensus_latency,6dpjOuekwMmgTdvZYWVDUIJLLGLnJ78UrttGXf6H0NY=,4674.0
consensus_latency,8/sUYU5z8AOfl57yD7w4G+FphCIo7HZIUZism7TSQRc=,4674.0
consensus_latency,9kTuoAPxut616krlJ9LIWgj1nekHE9dbIUn2c9yPnr0=,4674.0
consensus_latency,9oI/l02+wQErOzNgmdidqteIlcjcIQKnJCxxVH50X00=,4674.0
consensus_latency,/qtIFxoesBdMy5AxGvyHPNYL4fdKg7nYTUx3CECZoNc=,4674.0
consensus_latency,APd9IP7ohmDbTPvK8xjCr2NyEkCZh9P5h19Ks3og49k=,4727.0
consensus_latency,BSdjuWCeYPfDTag1hhRK50bDyezTj5cgJox4JEFBhUI=,4727.0
consensus_latency,CxV4DTE/bFNg83mvCbR+Zx3MKLF3XlPSvfUk+hDtk3I=,4727.0
consensus_latency,D9zmE/bR95xFglzgVwSEX5Nj6a2Ev5ybQs4uvT7eeZ4=,4727.0
consensus_latency,E6ESf/bWTNAACYA45wZxJczAOdecMAlY25HT5hMx+Dk=,4727.0
consensus_latency,Iv/IfFAoKU5RGYbg59tEKqvY6xtDHc/FMfYRRYiA98I=,4727.0
consensus_latency,JPXjmJWtXdmb7cdprcprgcAhBtTIa0IlbtP3AlJ/FYw=,4727.0
consensus_latency,JasFeAt43kkaE4Tau1I9ZHzc8y0KkOGoK+HrvlHitCI=,4727.0
consensus_latency,Jes0MGRl1EqlQ/BcSAMMrQc8LU6ZxMs/C6a5oIv0RTg=,4727.0
consensus_latency,Jf6HYoADDFmS+cmwLlXRHdYnBBx/aFOjecm28uoj3s4=,4727.0
consensus_latency,KZEOr4hhtr44RnXRMgrbpssYoH2YvVPdx5d8CR6tBiw=,4727.0
consensus_latency,MOoynkgblju8nuxqfd6RR1dpihsUc8hyKEzXJ0aCh5s=,4727.0
consensus_latency,NVCba8cnDmtSdfsWCs5AgFItNn8BGZ1qrVvyFkIrYsE=,4727.0
consensus_latency,NfKwj839z608i/AS8BtOUsbqeJ6wM/BVtR11uVUpIBY=,4727.0
consensus_latency,N6VMh7Z6VF4r5EAFpvEjDJk/Oed5LaMPdC/3AxzdJog=,4727.0
consensus_latency,OCLVLp3Uu2lENP2UyL6TVYN63WKjOkvv/EPCF7ODTs0=,4727.0
consensus_latency,PHwnUTeF/IvwARJaU8zFqhUM+b8lkbAJyadrIVs0mC8=,4727.0
consensus_latency,QtQyLrCURue8cJMdXW3acHXJbOWjmldPylhc/2BOd60=,4727.0
consensus_latency,R0k2zgyajZCJZ9koLaCqiEF7cFiGAlBtDwl1NYrE5OU=,4727.0
consensus_latency,SheDC9iYMeM2VAS2kSm7Soz3GHV6zc/lGktmQXpip3o=,4727.0
consensus_latency,UxbsSKYDC+M4l53fmaeQd7iDkgx7STQq4GhFnNxIWZY=,4727.0
consensus_latency,VzEsepZfLDUS3IBmZ196n9Bu41LVvarqpaHw5F27958=,4727.0
consensus_latency,WShZGApk8VRzn5kDSUjT3Ss9uet5X1UUl++WOiji7Hg=,4727.0
consensus_latency,WeCqaCP8nH3UWWN9AkGK68YeexDrYs09v031cFj1foY=,4727.0
consensus_latency,X1owIvzDxd4i1CfiIvY1SMDY+OFufXprmCO4Qg5xC7M=,4727.0
consensus_latency,X54dZsY8vglAjRd1J/Dy9vVacYtK9hMijf3vR2EbYzg=,4727.0
consensus_latency,YjwZSd3D6PdQgbWxnU7a/kHON+oe1YuLKM7KHJCnL+k=,4727.0
consensus_latency,asCkeeYE6iOxFUwFYLQLyvfUEmlO8XH7TpMqZkeIM/U=,4727.0
consensus_latency,a+b44762QormdVlT14kDbITK+pXUZONFSsk91NzglA4=,4727.0
consensus_latency,bOO+P3wyEKx0ZCG2vnoN3UDRC74fiz/XxThSqkaSx8U=,4727.0
consensus_latency,calb+xS2WLHBGcEpBM6jS/3qlpSd3vgb/tp4CHigS2c=,4727.0
consensus_latency,c4f7OYlxh2tKqVc4EbilvpyE/s3yKTFTcwXAtUGC03U=,4727.0
consensus_latency,dYiXXmI5A07huK+QxSQDEXUugGsqIaZFZmnxucmyu7Q=,4727.0
consensus_latency,gBr2TtSRfUYusjHwkbpzx6jNc/PwGexPJS+es7iWP/I=,4727.0
consensus_latency,gbp98XhW1BhL4NFmiyGvW4j75bcahCF2kQKwpxre04E=,4727.0
consensus_latency,g9iEwkgKjdUMRNWpwPHTYV44LtyfaZsxrgIKWTCUHmk=,4727.0
consensus_latency,liK2eXqKfHeeAszzXLyv1Qnyl7FepnkKvdJ637K3RLQ=,4727.0
consensus_latency,mcdiIydw3SxeWxlu+EYZLqtnL62ldZUfmesJ2c8uLxQ=,4727.0
consensus_latency,mszcg0yAeEyxc02IqCFaTJrcqR0EX4ADwrc4sI3JJtg=,4727.0
consensus_latency,nqREWctuwOXnciwbiePY8x8//drmWM+cqw6/y6tubnw=,4726.0
consensus_latency,oYqme1C6AUAErePebygtkUJDj1oTio4MxwbQ89n2jVA=,4726.0
consensus_latency,ywNLPKDz2GuJvqlFMjo/a8ldHhuF6Yc7V1Ng9DWhJPU=,4726.0
consensus_latency,0xIf2T29cZ3pEXj2V3WAQnjCzAaronpNxwN5Wr/vEIE=,4726.0
consensus_latency,3hr13ZGiIfkCB+4WzJLrXeXA1PG+f7hPCUcu5tP90OA=,4726.0
consensus_latency,3xtbXOjiBZi+k216gpan1o3SM5/zxsQ1j3jjtDPJS04=,4726.0
consensus_latency,4EA+7UTebJz1uI9osc7ofTQ35+Ov/sITUUQ5XSTjZtw=,4726.0
consensus_latency,46O9oC8M21Gl6tJ1gEB00iLBdCzcJUGAuoROWiWTaiE=,4726.0
consensus_latency,5Atnpt3YX+ZzixqmRDIxwwkwz3hXUHqbV7Zha+9yVvE=,4726.0
consensus_latency,5IkxvMF7M72gdrTXhzBUmowCqwD+IDPkKEZQrvRTZkw=,4726.0
consensus_latency,5i3kT5kKgN/+o9juh/2XL3+C3DDV70iiFi1QZpVAtaw=,4726.0
consensus_latency,70/E/5HdrayG8X3YLosVpNK/9iO1HK90ahvwm2ZX+Po=,4726.0
consensus_latency,74EFSZBOV53ZK4zXuu858dRZi7lLonNCt1btfK2i+bg=,4726.0
consensus_latency,9ZyyXpz2Lxuc7zRyQAm5R424FhG+4LXFSPtFwQnMvNY=,4726.0
consensus_latency,/SdpXLKRZrv0p8hb0j3qOUnWYwC68Zth8YUovzoRS/A=,4726.0
consensus_latency,BP1IMStlyXI0BAc+bD+cJl056H1GUEc54+cW+68J0kw=,4727.0
consensus_latency,CdIjyj1FO/gL9Nze76fdwbjT26nEKS8cJ9ELCUFY5qQ=,4726.0
consensus_latency,EJ6j6eq/2Uxb/KsBYSfMdYvyVRZSAlB5rJKt2KSEUHk=,4726.0
consensus_latency,EWGePfhINLJSYuropK0W+bH2DX70TzIkt43nCOftepA=,4726.0
consensus_latency,FZrZ8y3MY2o/K4x98i8vhtsXxk+75nEpPtWlGeJ4V10=,4726.0
consensus_latency,F/35G2zj26ygCE2zfPXo1jo4vsq7SuCGXYnRCGUeLPw=,4726.0
consensus_latency,GVvPnyUI7aj2iTmLDEN2LP2Z70Gt798pEWM8n3MXXOY=,4726.0
consensus_latency,JgQ+p+CD7XsN8xQNMmZBaHtajY8+5NQ3p+d/nID8TG0=,4726.0
consensus_latency,KyMsXxKN1+oU2fbTkV4k2ut0RpKnjuDZa+dSuVRruDs=,4726.0
consensus_latency,LABse5YO+X1fhwKIM2tw48qT21wlKGxKq1i91KQVThg=,4726.0
consensus_latency,LNgjAiMLlL0J5lz1lAwShZll3NJnLdLB8DckbJcXx/w=,4726.0
consensus_latency,LZ8GiHvaZd+4rbMzvw2T54UQPLGSkjA2nRJtwXp5DbI=,4726.0
consensus_latency,LsaTs+nu5t2zC5tiG+5KzZ/cVG08mzHAB8v4NVck4ZE=,4726.0
consensus_latency,L4cAHibw0ZkrgisdSYYDjd4d9z702Kroe2fJeQfaJGU=,4726.0
consensus_latency,NKKp5PVaio4UE+spBDUbWoanlsiD7Nqk+5b3yw9l/90=,4726.0
consensus_latency,Nyqc8UK0z+K3yC+YUttlrO/Ih2n3MIxz0B7mV7pmaqs=,4726.0
consensus_latency,QitQ9Ejkwpc0ZdGyIZyFL5UHxcYB6J88sA+G6PynKO0=,4726.0
consensus_latency,UvfwJlwAvr5SNuMr7xq+2AA0Z12ip46AxLKFN4e6ARU=,4726.0
consensus_latency,U4GsdqCm/SdLxN7u2/Idmdr70MX6UXgexm/IZFGzpdE=,4726.0
consensus_latency,VCDXfV7sESDVwMUmaS+lzmg4J1KF/A+VxnCWbg7a6ns=,4726.0
consensus_latency,VLdQzhvnT9uuX/uOHF5/m3BIwzwPQgtZ19305PlBr8k=,4726.0
consensus_latency,WEV72UnYrnmNQ4vo1+jngibtzQWcl/ZVu3LlLrsVFSs=,4726.0
consensus_latency,WxPX7+Fzml2yrsPzLfCsnWSFdniOPIkFlJRCy2nm87o=,4726.0
consensus_latency,XmI4FXOIV5/XmGmkCVEWmPdZ6ehDe3oroF+6awyVYAw=,4726.0
consensus_latency,XpbeXnwQvOsAWZOz9wh3AWlWNdimeXj2qEELHmaFZLw=,4726.0
consensus_latency,aZfwjtwGRvraoAFAMF8xzErVDLwwEgCkqsS6otpRtM4=,4726.0
consensus_latency,cLsIBkndgjN8DdrEIpUfr1H2PDhAsjT5h01O+K0cfYg=,4726.0
consensus_latency,fQkCCeJEDiT9vOWi8/g7fXYlUyoKxD+XYLUTaFLXOOA=,4726.0
consensus_latency,gL1zk5uJOogvl/qcun5Ww7td68F2+7P180Ksl3tvmGI=,4726.0
consensus_latency,hVhNT0ZlDS9BoCsruPz4zDM7wQPDd0VOXTcg5nWuJJ0=,4726.0
consensus_latency,hXWNtGPRXT3LX2cd3FXH4bLd+tFLd88kkeWNxTxj3n4=,4726.0
consensus_latency,jRy7fMKkqZ82MiRo8KxX+H5ZM9Yj2jGAn4eNwP2c66Q=,4726.0
consensus_latency,lY71YL5A0nWjVvz0OZ167G3yVETgmflXtJ/cAB9v6lY=,4726.0
consensus_latency,lu9MGdIhyvIiCHyeLSkAW26xGMqVZPNZ+ks4aMeCwEM=,4726.0
consensus_latency,mNmhEk/8K1LyM1z7VF2nJSFhEBKt/JjFzn2t5Ji4LK8=,4726.0
consensus_latency,myMGlf+t2sgTCJCY88jCYO4mOzQDD6BXLzHa014cdzU=,4726.0
consensus_latency,oAHF9PGnG9+kYGC6G2FlJIdXy4JvSQd8Oh7fMD0K7M8=,4726.0
consensus_latency,olqw/w25Xuv1W2PPCXoH84gXqE3ViF+K/QHS3SE7EO8=,4726.0
consensus_latency,qVtjinMgANcoDRNZw5HMLfzBoXh6xyUDRBwC1Ah3MHA=,4726.0
consensus_latency,q4uVj41oEPx74D3bKRtpPzxCTk6wUNb+NQI1Fk++gRY=,4726.0
consensus_latency,suatcQ5D9EQMlQFsamlheRyzIl/2/QXFWOSZqlhbTT8=,4726.0
consensus_latency,u4qh9DV9oFF5sHvkDkZMmxwafacCyY5+JnD+6y2YweQ=,4726.0
consensus_latency,vkyjtnrRZ1n+G2tAZakEWUKMoEZYor+2kal/omyQUg0=,4726.0
consensus_latency,xj4yKCOAqT2ou5Ju7eibdw/UaGw4+J2lqikfTo/6LvU=,4726.0
consensus_latency,x3CNfCgKcUPz2hCCPupTKEigeQYBfIAqlVyMTNmJYW4=,4726.0
consensus_latency,yCWSPSvSGOjaHEyTeDnoYJGcdyG0YQNj2CP1rPWRxaU=,4726.0
consensus_latency,yJM45xMn5j50XW93TR5zgjN/K4kfpk516LvUluXYIhA=,4726.0
consensus_latency,zO78pwv4pXBZQwSN+00jpAGQCb3/HMiXOPdo+6hvWqc=,4726.0
consensus_latency,6c/wwiux8XNxTq1HA0XvARt8iCSDKQrgeD1v+ZGUlIk=,4726.0
consensus_latency,601it+m6WylwUIFqq0FSkKfM7k7PQrd6PcfbQX6Q1ws=,4726.0
consensus_latency,75mnGUaGmGamFsiPa9W0UZnS48NAQgys4sZ/bpmMumE=,4726.0
consensus_latency,9VJkcHtYxmzbfavVqImyMrXVy1BNAn7thzTnVV1OmX8=,4726.0
consensus_latency,/9UmwZl9Fuqq2YxNaiE37k4lGV0noxG+mv+4eHONKxc=,4726.0
consensus_latency,YSC24Yq0I8c07lsv+jtYvUAdPRpo9t6g4GbkFTAYeXg=,21747.0
consensus_latency,AosZ5JVCs8+IlrU/XoqGtZou3SXWCJB1Yeui1+BY4Wk=,21583.0
consensus_latency,C4Jx6PZxzrfKOAvnAVMr5WLLxWuIvULVRQ/sbG2RUY4=,21583.0
consensus_latency,DGhIejTulHQeWcFoLQgta8feoonRKbBICKw1cY2wDvA=,21583.0
consensus_latency,DqkJu99wqwDcF7QVPu4HYIv6E0ui9MT7OCiPjhkPZH0=,21583.0
consensus_latency,JKgbunvpu3M1s7nm4a8k7/aH6gi4y3mOe3mh+3A5grQ=,21583.0
consensus_latency,KMLY3EibSeuQxLmsE4r1CDBwGsBbgl2pKHb7hr25esU=,21583.0
consensus_latency,KVJlvtjyM9tsMUFZKUIcSH/222EXoEeF0CUDAXQ0S0U=,21583.0
consensus_latency,PiJP5onLaOttSeaK8tcMJZZpPdQyTc5i4uhG2WaJy4M=,21583.0
consensus_latency,RQkGBu8bgY4BGVKDl5FPgWm+//3M1Pfhnhcs/GR+MUg=,21583.0
consensus_latency,Ra+Gw5+V31rn3qZViFs1zDgJyp2TMA5XlM9VNH4rvJE=,21583.0
consensus_latency,TH6F8FOtKa9qpn6b0DoYPDVG0yYKmPgQqyut7uVuhOw=,21583.0
consensus_latency,WVKMwwkcVjPWJ57XOjSBr7hCaYuplvwUzWshz84k4Z8=,21583.0
consensus_latency,XxdiwYZ+gnQjB1JDIgQbacxbjVm/UFaDhfAzzBcQz/Q=,21583.0
consensus_latency,keBJyCjGN0iyekbCe87A1ma49p+Wt4WFOFN+OxM6JG4=,21583.0
consensus_latency,ktzEEK2ywp2sr2EWqX0DBZ7ewoRIurEP7K64zQ/UUOM=,21583.0
consensus_latency,1ukCU0hnFidZJZVl66GLAH6vkn4mhNciA+4otkFhfAs=,21583.0
consensus_latency,31VwBOkEFmErLwskrgTBee7KmTOw+RvF6riw+e/ALnQ=,21583.0
consensus_latency,/ybJZYdZO6engw0j1mxdGDV/y3Q3JOQq9Y4oDgS6bFQ=,21583.0
consensus_latency,CB/JhlxwxkXiv/JMHWpDqEaXwl+xKFThrwsuumOrSpA=,21530.0
consensus_latency,GD3a2TqSDfZHJv4HKQzR+jt4WrId0QUPRYQ5vhEwokw=,21530.0
consensus_latency,PVTu+YtrbGo5jnstRUDl0uW0oQJDV1ylx6+pgBYx2GA=,21530.0
consensus_latency,QlpXhN1S4PwrYgiYZetfx97ocRIO/3U1cxn2whH0Lnc=,21530.0
consensus_latency,Ynq/Q+T9BPypLJP77t9azq5zZmN9QFz64SRoVkAHrn0=,21530.0
consensus_latency,aS/564bPr6rKf/TJrVTD+QsxJjQDlW7rU3U3transX4=,21530.0
consensus_latency,aUmuo2P4DQq8yW+UbqgniTwT8trJ8y1ntVqigwtqEgo=,21530.0
consensus_latency,bcpgHS0Rkqsi5tWWpfQVOfJegaDUq70mzm5nWSb/6YY=,21530.0
consensus_latency,gNJi4onf0TrXj4iUmOqBuUWwUT1TfFvPiapE1t5Bzpg=,21530.0
consensus_latency,kd67tFmblUTWBYh3x91zGmTRk0Rus8VVG1Et3sIcjoc=,21530.0
consensus_latency,sYbHaC2devo3wh5dfsN7lH09NimGecmOIh5D4dFqwec=,21530.0
consensus_latency,ys91IgXgxURx9H7xRyydDDIofBFz7eWTc0Vms2XIMMg=,21530.0
consensus_latency,3Bw8ngl/Fh1eplfedN7xQQ11KaIw01UhQPXiawp1zSc=,21530.0
consensus_latency,4cX50U5GAv1A9J0KP1RaMHTV4IOJL2rxcBCVYIi1Oss=,21530.0
consensus_latency,6rx4UZd3rbOdEo3RIqXgYg4bh3eOzv4yCevFapBF9Ds=,21530.0
consensus_latency,7y6tdYbAEO226IlfSBEmNCKAxi9Vt7Zj09b9A+PcJ2k=,21530.0
consensus_latency,faYFg9gs2qGnisS44/6Llc6eZ9EXBCBScmdigBXm1zY=,21529.0
consensus_latency,2AzJwjCv/s8IgYv/RB02tJ1gOOFsWa7gAo+hOvmxJ8U=,21480.0
consensus_latency,GA3v2NEOtcbyCT7Se6uuxRznBwEIoEmevdrGfDdM20E=,21476.0
consensus_latency,Wb6bWd30oUCN7uEo23SfbVHojZ3u0I+i8RC4W7wP124=,21476.0
consensus_latency,sTcuWgPHQk1vO6dg7l8+CVaBn3rORhCiVjxLWYyFVro=,21476.0
consensus_latency,BjRUVxvjmi3XCWH0OfdFz74NZ3z0cMIgzwvK4AoJVu4=,21106.0
consensus_latency,Nd18J0SCONtkCJ+KX/s0ZyusrVutREMwmxrJek2MelY=,21106.0
consensus_latency,SmUkRAoQ0Ks1EI2iuMBas10Hw9jydAPHrh6ax/lf0cA=,21106.0
consensus_latency,Y+izY349KYWrjbZHRolT/lMyvxlwuRxlvjCUXSaXMHw=,21106.0
consensus_latency,c4wlym5ETT+nU/GxKIfKlMb4PjCRQw6EAoySYE1A1iU=,21106.0
consensus_latency,za/bBsKxVfDrXALVUjV7jjpxU9JfPmn1tZiR2D+6tu8=,21106.0
consensus_latency,AeeGdztL7PtUt2mKmfiAFAwj0CoOXFH+9cTOZczaJR4=,15360.0
consensus_latency,An1XS4NqLHnkDWsr1YRpmQfRr0pjiJdGVl0bsbh0PYQ=,15360.0
consensus_latency,A85S3WF/zpDQfwCjc81DKR1/AyOiPfGuum2Azv9gPtE=,15360.0
consensus_latency,A/WDoJFlCILWjddJF3nu6glZj3zxcECasSQAc238EDw=,15360.0
consensus_latency,BvDPv/WDXdc9qzMnu7BGw6gWSlcZ/mKyjQAAWLukyu4=,15360.0
consensus_latency,B8e1lmRkkr6YndmqMGrbATXgCEGDoy5pgPfbjXZRWCQ=,15360.0
consensus_latency,B9gjn94K3P30ni5fq6oVOrxvMJS5NTL22ilGhpXKM5E=,15360.0
consensus_latency,CWPM6BAX98kbbri0901DPumRvoiuANi3e28S2lwcOiI=,15360.0
consensus_latency,DZxADQr9CgDJbchhAeKp4EQvZFZY/sWFNq2aHCcZ1ZU=,15360.0
consensus_latency,DdF5v8f8t2ZjQbDzQtRdTdsE7pBT5N1cX+2QsQMj5mk=,15360.0
consensus_latency,Eokgp6EQhQMdA1lViJ2OojhnJ3B1wqtl4oXkvMzLCm4=,15360.0
consensus_latency,Er5TBqH+JJdzmtMNcfVg6YjtMP/Ska/srAqivHxjN58=,15360.0
consensus_latency,FBcJZaAzEBC4a6Pjaj62a6+56J4C5L8n1VbxW2TTHTk=,15360.0
consensus_latency,FWEoRjgSm/1NJzfAxf99G6quICxTdUrE+hbJeROx1Nc=,15360.0
consensus_latency,FnDWfjUv0b1iWE+jCtjba2OaCQXs5E+NNHQlqupAoJM=,15360.0
consensus_latency,GOOw0VLWPnF8SxKItO0BKYdX0cBbminGQebf7dU5ACM=,15360.0
consensus_latency,HLniBG+597A5jnU1v4u3bgCpEogasLywEZsW0Z77hz4=,15360.0
consensus_latency,IUWI/535s9kW6g495YbPBqvpjsHvv+9vEHTYIOynGMU=,15360.0
consensus_latency,IhrPTZ930lsFGG96wzzLdxgdqYoF76s0MksQU15IvR4=,15360.0
consensus_latency,JF3bRvBhlEpuF7ARiZxb7L5OC55mXTvMsdJc/PH5WgM=,15360.0
consensus_latency,JPiTPWW0NXvRs0KAKzRdQ7aVxDrQFnurO0fsvFDiwIQ=,15360.0
consensus_latency,JRXeSdmdZ41KbkrZkUeoatZrnDraoaJWHQ+pgX2Hl9A=,15360.0
consensus_latency,J2MAuXdLESSHI5u/s5xHHu+2sJQ2HTrFLmvcjKKSX9E=,15360.0
consensus_latency,J9VCQTo7FOxbwFNJ2S5OEiDOIAoaPTYp/gXBS6kFDZE=,15360.0
consensus_latency,K0MRxngqw8qEEBvqhjpGUXSGMBUQwIlL9Fl0YoI/icY=,15360.0
consensus_latency,LItf7y1sJGrXUXHGZaetScDRKlKXuio12xWh32zU0FU=,15360.0
consensus_latency,Mhs9i0AMuWv8yKJJ0ko+aP2LCd52iaJheaeP0OuqDjc=,15360.0
consensus_latency,ORnQu14NWzKqbneZNczYOm3DH7+xayR9ijHS2I5rfLA=,15360.0
consensus_latency,OiIvJsxCwMo08oRy6yEc+9fqn3IOwqko2j2wiO54gf0=,15360.0
consensus_latency,P0EbBem5QHdzVfdoIAGkRiVkBlmrnRuN9SCKgbVtkJk=,15360.0
consensus_latency,P17u02IWFhJYeMMUWtWAjphRFUn3J33qmUwfwPWli3I=,15360.0
consensus_latency,QaEboo1yIebF+ENi9hw7jrf4H2TVzAAAYr6dkw5BNsM=,15360.0
consensus_latency,QffrmgffYSLnBKJ1VZqbmwUaB6yqb/1DGK+wgpJEkNQ=,15360.0
consensus_latency,Qm/6X/ba5WTOQo7ddRbFNR9sO1sMjzwfN/NKE6HKsyA=,15360.0
consensus_latency,Q7QbR1MM9P9o8CS7cCymt9S6aVo0p4G/7Qtj/w/T8hQ=,15360.0
consensus_latency,TdHaUyG96d12JugB4ZY3E7/kse3C8YDA1GvvX4okGSQ=,15360.0
consensus_latency,Ti+E1v+lWPqX225uB4XL3t1i1xA4LIoUEnOyGBavcQc=,15360.0
consensus_latency,TlDS2NRK+4/zzJdyNSn88UP3b6lDiZnLmmvNjQEZKX8=,15360.0
consensus_latency,To/ecxWZoEI3ZrmRruCOzRoU/G3qSWapj6XPy+HsRos=,15360.0
consensus_latency,Tp/TX2oxsqQuRog0t/Eq5jRk93Yp1qExMISsoC5ApH0=,15360.0
consensus_latency,V/0AtCk4TyiJNseqmxDwzVQ7qApZ5ZqvfZmjOmzVOOc=,15360.0
consensus_latency,WCid877O8Ll/SCe1Jthx/8hDAsqxSepnikljXsWfCw8=,15360.0
consensus_latency,WxD3tRxeOYe7fUfZJ6tGHHULuLwfXYaR12LIChjMiuc=,15360.0
consensus_latency,W0d5wXATokUL7SUXry/Yn3GMb6fKRZFLyeH8lnnxeys=,15360.0
consensus_latency,W3gr7GWON8KPtbByERCN6Q8zZKmyXjUPbFiWPGBq25k=,15360.0
consensus_latency,XHQtCtWr4539mP24gleOE1rAfITlzi37d0m088wc6u0=,15360.0
consensus_latency,XNNHlaFKbvt4nadJKapC94woJH3LA2w0ySrhmN9OYOg=,15360.0
consensus_latency,YaMVEfowZgIALTcF1me6MVo1WBmBpfOoekrZaV6Jsxs=,15360.0
consensus_latency,Z+PvENC/8KeRwJeuszTRs8z6XPqc04f0Tw/2IcP6hxQ=,15360.0
consensus_latency,alBT+ziAMyEN2rNcjE3GEs3P7SV8KHA7b9O6KUq7ZEQ=,15360.0
consensus_latency,bUg0VyYzc+eXRvfKzguxkKgcuCI1Gpghwp4yfIDIIuQ=,15360.0
consensus_latency,cFblM9Z+o5TZ7Q1p7FkcTCS7jbfgIAKNPnue3xJKaks=,15360.0
consensus_latency,cX4kxj8CXRUcl0u7TNdK5xT9R3lglFlcIVoH5v0f7CE=,15360.0
consensus_latency,cz2DC/zF/vN5CT/v2ZodGOwz1LZ0smzS3szKTFWKWk8=,15360.0
consensus_latency,de3A6TOcfwfuWTfnWHya5BJS8NhIu3pyN11CeUwum7Y=,15360.0
consensus_latency,dkgf2A0HreZkAndObw8H9d9O91mULUwxuOk3/XwQ3/c=,15360.0
consensus_latency,d3YeTzox7vfMihfoKXDYfSjMHBiDeabAjGrX65RbBaw=,15360.0
consensus_latency,d/6oL4oZolHs2uhdsIiSVCI7Fo2g7LTlq7y7qmqa1ps=,15359.0
consensus_latency,fod/StBXz1yPOjLvFHpRA0Cgcr3crlZfyCpS2yUvMi4=,15359.0
consensus_latency,gDNt0DqsAXonnHeE71kFEclf9ldHpRTaVNA6OdV0h4Y=,15359.0
consensus_latency,gYGyUTiVwB2JwrcFiH7uowzGPVvBx6eBuTSIqQrVKzA=,15359.0
consensus_latency,gwsv4cPXQta/l/k7SKd4JTexzbdPir5WNrT+SX9uUVc=,15359.0
consensus_latency,hKzHKfrAwOPmm/qFZyafGD3xNITJletfSbVLaHvBWyo=,15359.0
consensus_latency,hi2skIuPkIi+xIiQmMexMo5O8xet3B1FlgYGAgsIOjk=,15359.0
consensus_latency,i16dOPP2TsH5/bjg+jmpRa5EZ1jmE7ov33HEr8Vexg0=,15359.0
consensus_latency,jDwsLtmaOpHUYiM6Yuw/3Qn1JdF/JoCbb9PTrkCW8wk=,15359.0
consensus_latency,jQRcTa3WpB4sif8GvolxztdF1ZE0W8WY9EMscp+57UQ=,15359.0
consensus_latency,j6qxfCms+tlOiYhP/G95gmS8SHxfS5V46gmZ+4VMdrM=,15359.0
consensus_latency,ksieYESo2lOL9aGwvf/kKVxaIUszuVzERgekOj2B15w=,15359.0
consensus_latency,lR/hl3T6ayA0kjaPmLwpsLtSeN15qRd0ZXkVi9p7NPY=,15359.0
consensus_latency,lVy+BtPiQxzLZmkbVtYHIlGgqyMOAm7v+CbCV3EhT2I=,15359.0
consensus_latency,lnGWJ7CawVBNbFIE3LSHJzzctYsucTtnSoWKnBSACkk=,15359.0
consensus_latency,mYPJUcrAT6qeMG31JrIHkiL5zNoEQFyAWHD+KOZsKeg=,15359.0
consensus_latency,mtTMwc2PpGtkHKzCj0fpwPT72zWl9mnhqeJFcTrnWbE=,15359.0
consensus_latency,m8jHBr/8xsCOh6jMxzIGjB39MlyqhHZL48hJfFhQceU=,15359.0
consensus_latency,oSNsGK+TpmF0PgUKdvFS+VWp5dyuEU1iA8nbnfNNNeY=,15359.0
consensus_latency,qCK1Q9yTrGYuAKsEavi1AmSwEYw4VYVm5tKvoiiABsE=,15359.0
consensus_latency,qMV2KM/bh+egBBuNySgpBGv3S5KmTKhx1Oh/m9AlVtc=,15359.0
consensus_latency,sOqw+4sAetxUEMmy9ZMaq3f4jPgjqh84JXM0Jy3uq2k=,15359.0
consensus_latency,u1Pe1YYYIJ5I3Yb7q1jQvhW/uCUDcWqEcTpqAFTHESg=,15359.0
consensus_latency,wkVdRpGK2R92hcHYp0eZZK4gg6PTIVrw082NXBmdNGc=,15359.0
consensus_latency,xWdjZeeDBuzl7VZ6XmK4MvFYQDozzzwZqjAKx5NcVi0=,15359.0
consensus_latency,xcosJ74flT3Wa+r7ld1rRrKQACPbHDUDdI9elMkEAXY=,15359.0
consensus_latency,xqlFCtfCJfeTsd0i7qd70+63Sw9hxITZ9EMoJhG29Qc=,15359.0
consensus_latency,zNmFm+SvEqVKi6ml1XLIjbRiwcsXm5HTjHv6d0Wg9VA=,15359.0
consensus_latency,z14gDsi0/zcnD/VJKOTI6IyJkzCiuY6f94s0SD9MDqs=,15359.0
consensus_latency,1BWfA1aAS7R8yEax3L/q/1UQOqvJZ1suCHodq0ANQzA=,15359.0
consensus_latency,1E7s591ueVcpoSgxBC/Ct7EesSCRqTX1792lewjk2mU=,15359.0
consensus_latency,1TTnMz9lFOw8V6vHafEOg/FapxXQZ1ueKgdR539kAcg=,15359.0
consensus_latency,1e4mdXNffpq+hNIwU+IcGTAs+GgSpjhmkwPkyOTTUp4=,15359.0
consensus_latency,2w+ir4FIwYbA+UXT3c3WPGlcbXnFpBfL7B0jWHEN3ZU=,15359.0
consensus_latency,3aKMwS1aMw22bAo9EslBqrMABI+7bhacMYhDVZTyDCA=,15359.0
consensus_latency,3dUhqnm6c+wYzYubxsn6AMGhImp0AwEqU1zIfr61O2k=,15359.0
consensus_latency,3gJIikSE2+tTZSw7nPv/z1FpC7vOLBaB0ZkZwGIhyPM=,15359.0
consensus_latency,32xWx8KJjUr4zXE8FjeJleHE+8RsEiJzNhN4sokgo4k=,15359.0
consensus_latency,4U02aV4NS2ieczJiNrCo3N4qgI1v+/y9TQt29XegWas=,15359.0
consensus_latency,4wHPZF2JGGJZl3+y+mH2LRw9yhfCoWNE+D6jOjaX2W4=,15359.0
consensus_latency,5HchoTAJ4z6Sh6WiozJ8gbuLjuGjZc79/X0aA4IdhRg=,15359.0
consensus_latency,6BIuv2rm5FhXpCefl0nLQXUk1x/DR/4eqZZS0rAcGKQ=,15359.0
consensus_latency,644edxzQ/hF60tlOMRJfQmPW1CcUS6bkibPqAHGwLGo=,15359.0
consensus_latency,8zjfGY5q8rFOX2NbIox+cMgRo/N/eghqDixEnpCsIzA=,15359.0
consensus_latency,9ebOINB5vEg2fOBfdUhYkYQa38trFj9FkFzuyrEnFb4=,15359.0
consensus_latency,9hrb7KmCWj18KibqMj2cldr4H3rLcZpY1oSQ+ThXw6M=,15359.0
consensus_latency,9kURdBuCa3SiTZV2YNzZL9l1K/1k8blBOowk+h2gw/A=,15359.0
consensus_latency,9t2UYIvHbHrpjxlTCPUoB18psobDKk3WB+R6Ber74zQ=,15359.0
consensus_latency,9vG4apGFAY/X6UHgWakymFW2BjdasNx3r1ON96FABnc=,15359.0
consensus_latency,+gb38kUfIl+DaoDasBCttaJF/yPT/3gyH6nLde7UUz0=,15359.0
consensus_latency,+5pbohejWC+6C0z6Ku98dgeGzj0wDR32xKLL8J5695w=,15359.0
consensus_latency,+8vdf6KBnopB8pfIoDQSIxLkmyAausl/KB+JlYR7/PA=,15359.0
consensus_latency,/9E7zBFymZNAfJb65g2wV6fEiuK1SPSbpXttSu3w+5s=,15359.0
consensus_latency,MONvIgMtChe7v/Oy4o746OwZWzHXuxtVVnKY12KEvEo=,45906.0
consensus_latency,abzStsVbrP6VtfZfMwFCcfZsviFi/xMFik9GiLjzSvE=,45906.0
consensus_latency,BC4NczY2bxJeEb3nUVg2k/1UMrSltKflrt/PdctcX4E=,39910.0
consensus_latency,Dn6XQDbjWRCRiEWQGE4WS4jumkY4z/25Bw+UnmFCT2c=,39910.0
consensus_latency,OaDU16Kwv4q04S4SWd1hK2Wk1AtoNg2KhLLaBfzCGFs=,39910.0
consensus_latency,TwRX3t8wFJxUVuR4jF6Jr34gy5CHAEm5m/QMFjTpyTQ=,39910.0
consensus_latency,Ye+TzvT17P+pK8GpVQG9m4UYTezmJTRgCEsNXKwthQc=,39910.0
consensus_latency,Zj7vukuTYrrO1G1IJCRaPEvEdO78wxZE2Bj3/vI1osk=,39910.0
consensus_latency,cVJKxjHw1tepVFA0QPKy8AjyaH6bsFgzbKXdzCyrGIk=,39910.0
consensus_latency,cYdQWjxeItbkSfDu3AxMRlpinS/xjDOSgaoVxUFEwvg=,39910.0
consensus_latency,dL1R6Gba7N77g2BBJro4oQBJM0VcWDKW7CrCucyukJA=,39910.0
consensus_latency,iR27KV/poOEeF6K3mkfdhdoRne2KYQJiz6GsRBKzaDI=,39910.0
consensus_latency,kmqOZuXcf1XqCH1zxaz5wQa92AWE66Ldg5NumuG4v3M=,39910.0
consensus_latency,n2mgLbaTLpnEMa4esU0dOON6F2eI4b/mmM/64RKWwp4=,39910.0
consensus_latency,v2UBaGVBnFQs5cUxM48RjRh7Rcay5GLbOL467dvr4Ms=,39910.0
consensus_latency,wdoS1ePyFL5JJEJIklkB0npmtZpkzqEPHGY1++V3bAw=,39910.0
consensus_latency,AiOLWKt4eHWnHUlGsuJS5+A/EDEoeC8ZSbRCo3RQkD4=,40032.0
consensus_latency,BCtRpz2fvNOVIGYXmKco9U1WYmklcuZHKGEeaavtkuo=,40032.0
consensus_latency,Bf6NN4KU6wNf0Bw8qC1FGxwHVe3TFIxx9pgfw+tJfrQ=,40032.0
consensus_latency,CqcUq5rZ5f5OxbmtmGKlGJHruMcbG/v2jeBKYqa4vk0=,40032.0
consensus_latency,ES3kgxhimM1d8Zv7LOqo5awY4zJkEPUNNXSEJJcPBAw=,40032.0
consensus_latency,Ep48XMGGG2bekXecv73NFalIlO+xFncV8Ex3nUmqT+A=,40032.0
consensus_latency,FH0G5kYiQH4OZJJ0eheCbMRWG6TvceI388L3OYK3uT0=,40032.0
consensus_latency,FpOEh3Thq7AU5/GFbLuMff2OLg3qSSjnELCtzHuX7/I=,40032.0
consensus_latency,GLnJscRav352rHtQdNYhQOSWrtr8ym+eiR7PZYCBcAs=,40032.0
consensus_latency,Hh3Th/O6/Mh/P8727uDQNRzsjrCCy1bsbI7RY+Cf+SY=,40032.0
consensus_latency,HlQ3wwnR7TfK7Q2yE/TzgXuRJ3VCRXQBxOXtfQj3FLE=,40032.0
consensus_latency,Hqm3/yM9+ur9cKHH22GsLStLUx/Bm4nqG0/aqUkD+xQ=,40032.0
consensus_latency,IGoBDqLc/plKcBFkayBic/fquFEjxc5WFSONSegcWV0=,40032.0
consensus_latency,IG6/ltGue7aYi5+GyOh6SoCkh4FzeDkDzlEGg/Nq9Xg=,40032.0
consensus_latency,IotaxE3gYT5nLvJiPbTICH62mE4kTrYWKWW7naa8oUM=,40032.0
consensus_latency,It6/+h9T20DNcolsW+qeaVjchBgLbdTbRG17DEYEpoo=,40032.0
consensus_latency,I3md4YJfqK1ARlTi/6NDk5dIaagr+8hOFIxcvw7Ip/s=,40032.0
consensus_latency,JnTwN6ExXVNIRKmlQAoii8K3GuX4dgmvewlrTnXio70=,40032.0
consensus_latency,Laivo/D/uz8/VMaicUPyo9nJs37TRIoqX3VMBSLosEM=,40032.0
consensus_latency,MBiUz6opedsHDtJc3AtLwjzFlDDnC37w2U2rptFBlS0=,40032.0
consensus_latency,MweZ1meXFQUqQuXyscRms2WB4z96pojQAAgNByIecFA=,40032.0
consensus_latency,NG5kKxvqc5MnJX6o+VRghVJhg+sT8hPE8QBu6534Qz0=,40032.0
consensus_latency,Ns7eYV2ORvDKctWaY6o+V+9NDDVsPiqGSJqAcM5tS38=,40032.0
consensus_latency,NydtKHM/N2i4duhlW7E9Son7feC9xEQed5qsgWkZqjU=,40032.0
consensus_latency,OFEk5he/ET4XzBSNeKuzK/6KYzo+Oxpvay2T3m25FRg=,40032.0
consensus_latency,PJplN0M1oD/9nUmv74pFl4CSvgqY8Xl/j7+yWCFMQKU=,40032.0
consensus_latency,PYNowxiMVWHTmHwHGTGL9niY2DUq6lEhSINDqxKbfrU=,40032.0
consensus_latency,PeVfAIhKn5qu7/sexJn9iYiKCLKf8+sKLlHn/RuCkoI=,40032.0
consensus_latency,PwKC05ORLjKDnRZOUIyI4PmRYc8HtMJ5H4lKJTV1Jjg=,40032.0
consensus_latency,QBQYy90Tb7rXWyjxlfXAsGgubhTSP47hftFvd1M1lwo=,40032.0
consensus_latency,TIsLt5C/N600JyiL3JRK5ExX4+8iqmQcRTfP5LTLmtE=,40032.0
consensus_latency,T6c5DsNtC4f2fiouW14xd7sn/hRJ1cY5OyxnVr2iXbs=,40032.0
consensus_latency,UGNS3J6/1EYtuzKdzGSd5fTah7SSRktm6K6m2Ni5akc=,40032.0
consensus_latency,VCpRKefnEucSSu+zeyavovvggdn2+syoDeaZNKDuTzE=,40032.0
consensus_latency,V2XYDccEi6cNq4WXGgII3HOd9AEzAESFczX+jz4JrMg=,40032.0
consensus_latency,WJffBCWlbL3sc501HTISKbJ7IcdEAEqtuvKTeyG5fKQ=,40032.0
consensus_latency,WK2y19zS09+vgK8nFcfuvEmEJ7FGkvTaNgYy8MPu1eM=,40032.0
consensus_latency,Y31FwCp/FLLPPj2Vg03FhvhbFH08jD+/5U0qmAQX4bE=,40032.0
consensus_latency,ZvYNAVQ17eeJM3eRoLpm/prCjQ8F6beaK99UnHFn8Sw=,40032.0
consensus_latency,Z4LU2+S370JkWihH2GzVDrK+rRgtFcHBoiBotOjRHO4=,40032.0
consensus_latency,aWXSuMC4+JrptlaeQinzZ5N6RiaTIN9t/uSMRucQ+mc=,40031.0
consensus_latency,axWQtjpYSIzabf4gyMxsFNJqSuY1X4WW3SF+yt15lAw=,40031.0
consensus_latency,b0LQn94vXTtTk0yULeN3iUNtbw4o89fp4SUpkVr4nXs=,40031.0
consensus_latency,cNe4rpIA3zQda9wUnNPEXtvjZ1ZYgJqaFMza7/I0QEs=,40031.0
consensus_latency,cynw0HoRl1kzxA3AikeulKRxmQPOw5Fjpq2CfhZLya0=,40031.0
consensus_latency,dI+wB8JL2XPovRKfaGJ+ZbZvMz0mYHVL/i1RCda4sKs=,40031.0
consensus_latency,dtzxpuVD9mQaEvA1lVjsU3aNp3k+09EKfemewjYgD4E=,40031.0
consensus_latency,d3dYAl6dnVYBiX/NukeYsD81/VrcgiysuQa9I1RjmIU=,40031.0
consensus_latency,eAkAbF1gLZMVMioGp2wsMT6fOePSn/jiPhY3EctHK4o=,40031.0
consensus_latency,ezwlhVZwtbKGXJREr7Gw4F3qrLjRXZHzovNL82cXvVQ=,40031.0
consensus_latency,fC4k6lfCIzdGvVGRiCXGuKXrBCDZEqiUFga+/ndY0SQ=,40031.0
consensus_latency,feGkyBxTsYN7EmGfaxk5QG7NzxpMBtPe9tevuSPkZ00=,40031.0
consensus_latency,ffPcGD+wvO599gvskPHPIOqYjYqMZX4FBPyUL+Fj1mY=,40031.0
consensus_latency,fg4ndIofc56PE+LGTFaSWc1eJrNGX5tuzR3g+qyz4jk=,40031.0
consensus_latency,hClYVwNKc6h77LCPiwBItbldDURhwHUeL38WZrNTTJI=,40031.0
consensus_latency,h9CbR6f4VMbJy2tOXXLG5C5JhVRek2DpQsqj9ndd3To=,40031.0
consensus_latency,izrrICyxfUoRArjNUIDgFiX1JphAw/EApX+kRHoh4d8=,40031.0
consensus_latency,kKJg8lhv3gWwsLfrFJ6wxx6sF34JE/iiY/3xA4gM2u8=,40031.0
consensus_latency,ks4FT8WMuVhDowruLdG3Z2LIce26QuavsxjgkozOGLg=,40031.0
consensus_latency,mgdQGf4knA3L+0rgr+MWN5Z79vdvMpU9Bq1wLd2mT2M=,40031.0
consensus_latency,nMzIvEzra/JVDxR23U7FHBtQJaP0cCt/lGbnqTH1ddM=,40031.0
consensus_latency,oxIIfVRrtvf1o1ft4NKdODufhmGiJepYGn9Z3I076Co=,40031.0
consensus_latency,pBuIR4fSq96/R9hzf3n3UArNjO1ocDRYlEJ8x+jVHJA=,40031.0
consensus_latency,sqU2oe2dHZ0JSFHa8XhF+llxCeRo8L2l51LoCYG8jw8=,40031.0
consensus_latency,s/Ch2/WFZRHlDZcVY4nZ9HkC8LNoLdMvqPTn5+bmqW4=,40031.0
consensus_latency,tUTpocWKy+yjT14HZbV7EGGzRfQMYlHeKx4qypb7po0=,40031.0
consensus_latency,t2cWjURy4fZh33YjwvT+l3tmAM00yfxU0aEUM33r9pg=,40031.0
consensus_latency,ujeVo9prHTXCGmsqVjEuBq9YKdi5ykegYPVFMvVn7Bw=,40031.0
consensus_latency,uqUmujf9yiRaqnRGyqI+O4M6/R2ezP9CKihf3T89UiI=,40031.0
consensus_latency,u0pcTD70fGuFnIN+Xi9q48SWbV7kvtIMkM+KiSIIP/8=,40031.0
consensus_latency,waezm0vUXFlLhMzFq8LHzbbsePs35Ty9FdmgHzNwfNE=,40031.0
consensus_latency,wl11yB34osawlVE0kDDOVUikCKqx+FlmzoQ3qm6zlTU=,40031.0
consensus_latency,w6T9zA57OQkdNhPDMAQ3A5FfJOMdJUKNmkDdA+fOzJo=,40031.0
consensus_latency,ykDcy4ZSqP06PUDUNFeGOWzGz5jjZ9ue1WAbDnJMHBI=,40031.0
consensus_latency,yslBd8oYyrqeQxgknOE3l+X9MxKQMB7bej3Oj1j+Rxc=,40031.0
consensus_latency,0Xq7xxdc1/8BIXUeRQA1+arx0u4Pb8oVL6vSQ4l0R/A=,40031.0
consensus_latency,0bIOcBGzfiHRId+j1FedRo3mg+RvIbEcInLX2xf1IWE=,40031.0
consensus_latency,1G2qVz3+9sLMmq6f8F5HT1w4XM7xA6fUlFwZJLVXOT0=,40031.0
consensus_latency,1gOi27y96MQFWbheGVel7t5b1tUgtOhaNzP1sqksnWk=,40031.0
consensus_latency,136Z/Qa5ZkKFvwGoZnvnRFsSf/BM9S9ftAjTytGwILM=,40031.0
consensus_latency,1907JVsP0PXtDtH6NoWFVHO71uqjc7dOzhDvfjKZpIk=,40031.0
consensus_latency,3LdKDbiOEQKbRDwirAEo8Tpby7WJ6hj5j81yk6Mc3Rg=,40031.0
consensus_latency,3iyCKKe5ghuEaDiCadtRtNS+XhveO42Jwm54Hxtq+84=,40031.0
consensus_latency,4ZfSsdcLvBerScHUUaYikLofsTDM1q8p/NI5O97kclU=,40031.0
consensus_latency,4gQUiN9fWVp3qbwMmJpWc3gE6NYoBxy/nyRial4KJTY=,40031.0
consensus_latency,4zJ9A0JTgH/Gm5NEP2fOo3MfkPwP7zDNMarcwH3ct9g=,40031.0
consensus_latency,5EznjQ6iYv10MM5VPFHGDuf0I0oy/VR7tOrPUL8BODI=,40031.0
consensus_latency,5fI7hrSUFk4PiHwzEDJWUy/nPiYxrgSxPuTlcOcjNeY=,40031.0
consensus_latency,6IBk0JbLKl3CEJTmsMEBr0YIKH1sZ7opsuUskXONnqo=,40031.0
consensus_latency,6caXV04qc+PH97RNBqzN55B2skizJkD8LfEp4DQp1TY=,40031.0
consensus_latency,67PDx0XxmyAik3i7TL5nMZkg+VvJJePQYvDTuyyra0U=,40031.0
consensus_latency,7RufX2yumEMRtDFJg3MuB6MlvYCPMqCKM5jUIZgbC4E=,40031.0
consensus_latency,7SCc48h4e4jVvSaeokG5h7XktGOPRjdrtEGHxMrJ3Yk=,40031.0
consensus_latency,7j5mXjRM9Wv/O8cVqEPA+rW9xFHTmL81tHES1+00kPQ=,40031.0
consensus_latency,8D/FuHwmOUmnj9wn5EG17RCXA2aVmu9X+Mjrb5Q4VaI=,40031.0
consensus_latency,8lcRJdwNZjx3dZrdPrYWzujKY5cIRoLyf9y1VWEBf3g=,40031.0
consensus_latency,86LlDH4V0byh6tjwqcvLuRSS5hTafR0Ntzh/Q5jjhsA=,40031.0
consensus_latency,9Vdk63dr5hZRXFNKqjhP4alhacgYhhvCC2Qb3kl7EBU=,40031.0
consensus_latency,9ag9w1r5KFctPOB/LGY5WZh+vJMg4nSGayD/IQkMeSE=,40031.0
consensus_latency,+EHqKP8F1Oygx109axlB6szSNY/IZ2O+XK787m/QUPU=,40031.0
consensus_latency,+jjc43eS+wf7pW++iiluOSygFGqYQrmBAfzp25aAkBo=,40031.0
consensus_latency,+xSYlx1QqzduCa0tM7KlEflWHG2fWU8i7FvnlXVtGcU=,40031.0
consensus_latency,+15QKzL9fmbXs+HlhP6HD4cmlMHNF4t7sMby6km9fpo=,40031.0
consensus_latency,/0fYWlDNeZHu/cGdFznJbfxtmu4RoB/en9NZu8K8hCc=,40031.0
consensus_latency,Abn1O5VKw6XAN3K3Eehtc0Yo1HhVNQXZpZ2+zT1EKNI=,40033.0
consensus_latency,BB/cazqjVkMZ9qrvrcDWJQV1DUtZaI+rZFx/M/SKG9A=,40033.0
consensus_latency,EAWX/BfffsYpXPV8A3x32sum/Kb4q34xTtJb5oIikZQ=,40033.0
consensus_latency,EMeC/P9qSAqHuWY1OwEHITkxj3McQ2rimcrusDWhAOE=,40033.0
consensus_latency,ENy8nJjWmPbliNfjCm5yMy7udZane1yWjRnOPqGkYTM=,40033.0
consensus_latency,FHkYxrmhm4HWVYxJoOENXQLau3nUeOld3NjDgIh2Qz0=,40033.0
consensus_latency,FHuyytcROtxCHp/FiHUH8X5PNcj2TlumIEkbvXn32Vw=,40033.0
consensus_latency,FleJ32GnRAHxaQPayC+V+hWPorTjerTMHM+c2IVWzMU=,40033.0
consensus_latency,Fo2Oo3X9p84vSn2CCF89QeoucKx0r+rrtSH3s9U4fEA=,40033.0
consensus_latency,F9/JHftZfL0Pqv4XzU8ShD51oBXMntaXH+ECsg7j+f8=,40033.0
consensus_latency,GuFOOjnAHxx6+pbVOPaA6TeCYvh7Y/QpPkFMwVU/WFE=,40033.0
consensus_latency,Guxqs9AVzOvKZAXNP2mbQYIj3BSi1NjpKQ/l3FVuDzI=,40033.0
consensus_latency,HXniDOgtBRBbNlwTVaDstneSV5JDrkqj5H/4OOjKBYs=,40033.0
consensus_latency,HkPB8XfN9eLYu2m9Ju1Aex9RRFk5npcgpPWHNP2Uvbc=,40033.0
consensus_latency,Hnv7AadwsA9KDSZ/iFfILwt8Q2aYZ4s+XN/ymipl1j8=,40033.0
consensus_latency,H2i2LbnF2P0TTojU0io6v1Tg31PgJi3bvrjTvJTga/c=,40033.0
consensus_latency,IVvYFyLku13NLwohqBd+8SE3AsOIRJkTnmtCQJFtwmo=,40033.0
consensus_latency,IaIF2E6s2TSlNE8BlBvbm9X8EvoFnTZXFhcP3KBXwNs=,40033.0
consensus_latency,IkGY4UBw/IvDZNlNivGkbjNpdBoZbWwMLIDo94lH8ck=,40033.0
consensus_latency,Jyr5+COs7SWGLALrLRw81O3lXO76m2KmD3koCoJiyGQ=,40033.0
consensus_latency,J0IqH/0qCEqhNcBphkdLaEySCu83zm9yyVfHLGJ3+jE=,40033.0
consensus_latency,LQ8NyxrXCna7Cno9mMV8Q6xEVHXRk4TG8XvD91C2jAM=,40033.0
consensus_latency,LVNbfz4Cwy9NCB6MqRxiz+OkKlWvXZA4x+Cw+S/2PTk=,40033.0
consensus_latency,MQsnzTeMbAljFhQ3yAOecCTezCv+W0hBGi7L6QoQi+I=,40033.0
consensus_latency,NFWTLdZwkYDdTiNtainBt0gMmjE13QhfcjS8pH9Kb/U=,40033.0
consensus_latency,OB5OmDAyYXwAMbIeLRbc+TIuEnokZoFZC2CuuDP7EiA=,40033.0
consensus_latency,Omx5BcCp3ZWauCFWu8xAe8VFTI74mgeXNkkutgdDN3A=,40033.0
consensus_latency,PNeIZVM8PVI9N+nbjklwzwPlUYuq5on4KySztoOlXB0=,40033.0
consensus_latency,P0sxzwqAzJvI2Qn68ilHmnwmdm/J/O81EV9w2Ff7wsY=,40033.0
consensus_latency,RuiTcbgHyInHYj3/zDZJy5E9IOeSxCSrWs5JduYX9vg=,40033.0
consensus_latency,SN7SJewtVl65a/miaTMQuPSN0uOXXMqY7AUQHUqvrj4=,40033.0
consensus_latency,SXMAn0YZDERoKhcgegli64SGHYGIrMMAeFuh8mqy7Ek=,40033.0
consensus_latency,UUn9J0nqh9DJR4+Dzt1ipTTIlAlqIfgfQlRLIEacV1o=,40033.0
consensus_latency,VIipy9Fu/VU/fP9DRFOUYEZUdH7ZEo4QCa1wIkbyK2A=,40033.0
consensus_latency,VKqE22pQZSnF1L9o4m+8HzBOm7b23aF2HaM2F/ZaqUE=,40033.0
consensus_latency,VMZgeFLwuQTmgQc5PURz2XMtxq7kZn8lNYG6eDPpY+c=,40033.0
consensus_latency,VowkZP45eaU0GZqTs4gLVoyOAi3Po+73ZK0ejalzorg=,40033.0
consensus_latency,V1Df5jcd8PELfMMTCDMf2A/VTS461pHkEzyFkcUQACA=,40033.0
consensus_latency,V7MdjSh/h7AGuDwtXiCsol46LyyhKe4mCcFn6Jg/zD8=,40033.0
consensus_latency,V8pcNM7/rXhYY2tB0nMShRFLv1NnZC1uWBWYuBweWf0=,40033.0
consensus_latency,WAqyRpm7uKo3RAtxWE4vSubcxXey+/9P1ZkbC2yJBI4=,40033.0
consensus_latency,Wf6yXLi51VrXMYA+hsDYZtSa4iLyql5PyCzCkfZNrqE=,40033.0
consensus_latency,W5MRsrBrO7sGSbzdd7NKF2yh94ewNzui5rna6KRva/4=,40033.0
consensus_latency,XQhMVTiD23SWLZ+z9hd0RiRHvh6Cv1ooCy/Z1E2aWnM=,40033.0
consensus_latency,Ymz/rJzNqtjnPy7qKz6alI0cucPa1IE8RV4XMLvEeU4=,40033.0
consensus_latency,ZMs/svVN9wGDrEg3s5ERiQbyAPf2OG4COLio0m7LhJY=,40033.0
consensus_latency,ZrsmKjqQuJktaQ5NGUBvadezor4wJPVg/Dnkl1Wf3MM=,40033.0
consensus_latency,afsUzx+sapRAYe473TUNxKcfjWbLGM+08T0YhMqQkDM=,40033.0
consensus_latency,cvo5uUKK1SscwemLUP7ISswRUW4Pl6D3E5GB3p7/seU=,40033.0
consensus_latency,cyZUuKJoPVIGFczgPVA8LZ8EdVQWUhNNr4bevnxwycM=,40033.0
consensus_latency,fAPi9EtKTq81JL5CPJUp0s/9Ik6VbddFJAGKiNE/Iqg=,40033.0
consensus_latency,fjqw8+6zEsfI9nrXVOEnrXAQ44OEM/hHEcGJg5A7NXE=,40033.0
consensus_latency,fjvffynizi5wOyobKlSIuUdlWYXmPt/yi20rFrtvqOQ=,40033.0
consensus_latency,hISAqojP6Iegs8aATuKxQwsd7ucIHcWv+VIYmjkW8m8=,40033.0
consensus_latency,iaI9ENk9nOEI4w84dUXTwFP9TEMeboyMeIdKZ6gCQeo=,40033.0
consensus_latency,i/VK/+Wr0YIG/dJVWIuzBYeQvNpWvkdi9umj9YIsyfs=,40033.0
consensus_latency,lvFbDXJGumt0GwFn3Ce/cR8XNNXY8sbDDqPWH+Lfjv8=,40033.0
consensus_latency,lv0gdrSykxdBrIjqU/6xAfUAorXMu/w9NIKyjWwViMM=,40033.0
consensus_latency,ngXb/06F3kjUZ+kz1XRJKFTe0hDtrkdSSOqZSKft92k=,40033.0
consensus_latency,pSjXqTYCRz97prrCkYYVX8yjJTRiIy9hwf1BNEjsR/k=,40033.0
consensus_latency,qqV079b2OxsZZAOPF4vEzW8gOLXuDipVx3fxrHr/epc=,40033.0
consensus_latency,r2XA36arKZe8kfqucme91MmZsmmUOr2DRXUg2PHA3eU=,40033.0
consensus_latency,r8JNFLCXCHUH1cT08fR6+04wy2Qpw4a/OVHAdj2ucjA=,40033.0
consensus_latency,sO7Y0Xkymb91litHcUnYeqk3QKuavI27ulPc7Mn4Nis=,40033.0
consensus_latency,siHJGyT32+6xO4BMfas3owcWYlegggI+6MJtjeFGZzs=,40033.0
consensus_latency,svEwC3wk8IdB/5JWyVTg5KOyJ2MSTtk+kPU+MhOoGho=,40033.0
consensus_latency,symWX0DBMlvXnb9YDFEvv3QOr3XYybPJ22N/IGyqbYQ=,40033.0
consensus_latency,tbe8kjSUkOK7vFOxH38dpEM0HPvaxyKM+dnVotUMgtc=,40033.0
consensus_latency,uFsTnAcZ8afiCaWeeFnctt9vO4sFkAr02zyA+0rhJsg=,40033.0
consensus_latency,uLmSN5ZZSUpx4On5TLtD6Ba0qlruahW4dPIPa8br38I=,40033.0
consensus_latency,ungO9eotwPdHio2O53WGe+c7UhhC4Du73Hpsf4F8iFM=,40033.0
consensus_latency,uqYiKsZNcVGCJjlpqyknAfJXTTsPyy8tNyDVpy0NH5s=,40033.0
consensus_latency,uv4Bm3N11ylAqs6rKQYvyhKwAqID9FkQ9iyYmOzMflE=,40033.0
consensus_latency,uw9ShnOi0IxEIh7CeP1AeB6voiOsP/B2gWzQSNbeA+0=,40033.0
consensus_latency,v3hZp4XFzJjjvMFUt/mUFgl5uTOHzR1lhx/ZioicVEs=,40033.0
consensus_latency,wKl6aHBJnNqSgBT87/jHhuLxDs5awam6qfIBE4gJesc=,40033.0
consensus_latency,wk3qN+d5KIGrZ48IDysMe7gV7HqYLoPNnQoS6xpOiP0=,40033.0
consensus_latency,wuemsQUjeNoqy+r+Jz8ATBAtL1VQ9sxl6W86Rp1Qamw=,40033.0
consensus_latency,xXqX7wMMWOFg8ZFhSn/DDvWKM7/uvitWUKi/4C5BP3g=,40033.0
consensus_latency,xmE2UXemQpuTO1f+snf+IJreH13RqlHhs/3C/CZ6eLk=,40033.0
consensus_latency,yef4rqV5vlaNWk18nKT5EOqkxZLAPj45eZ8xJ8O4l00=,40033.0
consensus_latency,y3YbQfGJ7xYQP1eZF3nZBWkkm/OW22hjg9Ibnwzzv68=,40033.0
consensus_latency,0NAMpGmXcFmpLiGtymE/+hzf4aUGbuJkBkL1DXM+caA=,40033.0
consensus_latency,1lT72YgLAQnnXNaUTkcvxWU2gPcK0BPqbAYdhV7LWf8=,40033.0
consensus_latency,2RTdvp2LLnNQcoC/LCj4gNWS9gV/i6dm9Mq5RaUeGFQ=,40033.0
consensus_latency,21dHJxe6rfFrgJQ7GW8tvbapgAiZFf5HUY7kSWoc88I=,40033.0
consensus_latency,2+aNOU3T112Gp5W2iRU7I7VjgeMMkPjFXHTPKcjrEPw=,40033.0
consensus_latency,37+3v+cEw9DjuI564uCCon0Tm0u9Us/rqHydGgvuvtg=,40033.0
consensus_latency,4CDCsaJsvXRdh82iJh0lWWgX71EOpb7S9EH29f59NBo=,40033.0
consensus_latency,4M9eDIBpkGzyQeKhC5nZp5WSQRwRCFOdRy57kEnwUoc=,40033.0
consensus_latency,4nEOb9u0H/Xbe2bD0FP/Guzerfkd6cMBKRhurZ6w/MY=,40033.0
consensus_latency,4zkqeqQIOEBxp4h6Py0HWM34sEVy3MPoF7zAf0b44QE=,40033.0
consensus_latency,5+0+pRubEffIsmzSZdQ9Ep3Ttr5QwmF0I97zpMLw3E4=,40033.0
consensus_latency,6/WfrgX06oprL0QO/BOXuvmeQ4Th/lodRMcIOF3Aw/E=,40033.0
consensus_latency,7UYtfWqthmWLpE7kle1VUaiwIcivgAxOYwLvDMa8vlY=,40033.0
consensus_latency,7Z37IzrjKZ8cyE4JLwu1ArpyNHKoAs7JcQFLP699j54=,40032.0
consensus_latency,7ssgWxAtphZJnAwNu/4hO4eCU5vJtzrc7WFrWwbFaY8=,40032.0
consensus_latency,8dqIv9HQgigOnAySx6FJD4LbguTy0ff75JB2ijelGrM=,40032.0
consensus_latency,8+FoScc9+GTNWohewbRUZnGu38supdQWO8jmwqzqdVQ=,40032.0
consensus_latency,9rSDsLjRZbHjUabXBPrf41I2GAFu5WxJgR8CApCkCO8=,40032.0
consensus_latency,9zrBzWOQemyAc2rjd3+GLQU0C9NpUj0ajXSxHTKMOyA=,40032.0
consensus_latency,+YhaYA897+wRnyWs9d40l56VixrzYD6NeExqR6+9aGU=,40032.0
consensus_latency,+6C/pKx7s2Cdk0CBZBhgaGXV/F+2CwZHFieobZLL/ic=,40032.0
consensus_latency,/D5Yo2w6NKi34HNE0CJF/+wWkWdrKgo9bsuauX0ijJs=,40032.0
consensus_latency,/Sr35kSOQAetYZdbnmoWloXt1iauaISxJJAX/anWpfM=,40032.0
consensus_latency,/yehkD+rDe3tVpHEMsKv9N7Zg0wndzumrX2o/9Xbd38=,40032.0
consensus_latency,Aq4CtMU1HC2201VYO97BzAhXS5Yzu6ZUUFKYuOTYBxU=,40033.0
consensus_latency,A2jY+5Yae1dBM0rd4Tqd22sdCFfy+dccyAPAzZS/2s8=,40032.0
consensus_latency,BHdul9jmOxhgRu/DYGpPQg3KVIIco9RK79qJDGo1C9Y=,40032.0
consensus_latency,Bf+QRn3D5SspGYxSvq/AyEDbKNIGm1mkMlzft1npXT0=,40032.0
consensus_latency,Bg7V1uBK//tZPUBNMPIjCRasQYK97QVbo26Hrm6JuII=,40032.0
consensus_latency,DEPkAXI4y6M756c9k7ezIp5YuR/4hGneGPzYvb6bW+o=,40032.0
consensus_latency,E2SNGCgzFvpGHvBz1qZdTLS8CoEr+AkNfRwqmcEaOSY=,40032.0
consensus_latency,Gfkpif8gmpVpztgWBx+RH2Vw890jrJ0CCpNILhnLfP8=,40033.0
consensus_latency,H9Ps6rr7UWPN/WJHaxiK/4pE64Z5f44oyReGLBoZysw=,40033.0
consensus_latency,IJ/p6DAiS/ZfDuppSrYb/pztTLPofxSypMf7PbOEyw0=,40033.0
consensus_latency,IbfCFE+Ze7+3Bpyt6PMfoQ5DV8+yPY9InfwtQ8vmpoo=,40033.0
consensus_latency,IvHU+lAV4MZ27YE6O0jeV5PZZsu1gzaFH09/wC4uzEk=,40033.0
consensus_latency,JT7jynYh/Xzvvt5jhlYdloosjxt4Vv/81g9EHhn/nZs=,40033.0
consensus_latency,JfVQhnNB0Oea6L73T4JCANXazJWEgmaByo9pYNDAQJ0=,40033.0
consensus_latency,Jjj1VYx9ORccMdbP6En7mQtRFgTmVuYyXh2y+xrbO6Q=,40033.0
consensus_latency,KqoTjbr7sRx5QKwH3LuyzESRKDROC4aR8L0gGB+x4gk=,40033.0
consensus_latency,LMV11i79W16OGETwsXAjCYC2dmYNI233GLS08D5WZ/s=,40033.0
consensus_latency,LOa/BurCl3vbWHDzxT/uCHZ2l1QTKz5hrNhNkrPLYlc=,40033.0
consensus_latency,LyGBXamint9cSGvCrtI5cv0ju/970CSYMgCxi+qHeo0=,40033.0
consensus_latency,MNUUzJyMVPJCRH1/4CGo5navUiSMGcjbf9DmzYwCFqQ=,40033.0
consensus_latency,MS9cI/1o31vCI9skvOwntfKKTHhkazpONBLs1F/v0M8=,40033.0
consensus_latency,NMQlFOCcHqMJrqDTZko8FLGdJoHnKJJhSdrHCoHCsE8=,40033.0
consensus_latency,N8dQxE5Xpi3LLFnBkkKh2K9yZPxxElyGpgur2fLXRLI=,40033.0
consensus_latency,PvJ8UfnFncuhiFOYWvNXj1QiH8m3p3Snj5XxXaMiX4k=,40033.0
consensus_latency,P89sRmGealWn9PuyK1Uqia4JSIF71PWN2oGbeoJZZik=,40033.0
consensus_latency,RhCgtuBHKm3ALPXHzoM7Xo2S3jLlxWgb18jQRoqKMps=,40033.0
consensus_latency,ST0cDOS14D90yiQ8Uo0Aau0kRWYijw20AK3uIYtEmao=,40033.0
consensus_latency,Uuhu+xXeDH9exsRuC138RTKwUOrxOWRd0fzfUmw5COs=,40033.0
consensus_latency,U6cwyE3JHKtoxclX0CezDUiGsNqz0nSmK8BFmjh5Vks=,40033.0
consensus_latency,VpjVi+jg89Y3M2uS28ce8XUDsiBOlU+oilgETCAz/ZQ=,40033.0
consensus_latency,VuUfTpxwWNzni1ux1FXMEeAba/f20LoqsjhaLYA62Xc=,40033.0
consensus_latency,V4iJXfULDFAlb2wPO/aQYc0X+WqrqlHSjHAURMzGhJk=,40033.0
consensus_latency,WExy0pwXtLaiXW5GTK4Gg/8wtPf/KFWxb+YLVYIPbg8=,40033.0
consensus_latency,YQNAUVyxPcLubBHTVNH34ZLPQSVd7kbdWIb8Z2JXTAM=,40033.0
consensus_latency,YQvMUa5XyXEZGdLWp2hWlrfpX+Ac93kbzwulfFpJMb0=,40033.0
consensus_latency,YxBucMz2hzDxYrFNIPt3rBgeMDC6am6o39urNeeFXC4=,40033.0
consensus_latency,Zx2mT0Pa9Rf0J3cSSKdOPefn1J08DDgqaduxmaDVpXM=,40033.0
consensus_latency,dylBCgfQK2Q9bkARN9bIqqyJdcDA9YjUAZ74814BRP8=,40033.0
consensus_latency,eTZx8lIAbbuvVGMoJgDspABNqe/y5dvFAySlQnRcIBg=,40033.0
consensus_latency,ep1Uu0e+0u8NGJpxwkkVvCBNI+a8MXgBOCWF7EBbFo8=,40033.0
consensus_latency,fEDpo1qOPbvo0wg7LhG1ObOFGm13CZxOt6eNTzCWyNg=,40033.0
consensus_latency,faicBeNCt2mOKHyIXR0fux7+apB/72ZtD775DU98LhU=,40033.0
consensus_latency,fySUnjfbg0kTvlvHr4InsyfqrGeHwwPJ7HVhlOdkGew=,40033.0
consensus_latency,iDTlnCvV4jcN5PrmdAVbtmiETwwO3jGee/q+GSSnKrk=,40033.0
consensus_latency,iegZcSY7c+7PlGGm6CtQF0cw9U9DBBfbL8fBCgI9piE=,40033.0
consensus_latency,i+PpZUlnsGqVPr0Q6/uKaILRlJHAZdghQ1hbn3O+cQI=,40033.0
consensus_latency,jZeo0IKWwU8+AxtWQGWhnYWfbm260QQoB+2bJ34jjbY=,40033.0
consensus_latency,j0u2+ShzLiPjrL8H4IycDQLCb9G/BFB0q6DC76udjH8=,40033.0
consensus_latency,j0zQlzKCEWnuxJHsaDzQJFnF18z06b3a7dRteq46eag=,40033.0
consensus_latency,k0o1H9yCoB43Tj82jFBu2F9/E6mqpLEg1krEwV0Xz3s=,40033.0
consensus_latency,lyvjMkfKUPwod5HSiqZVk0g4aXEsFss4HDzPKGZ4wxA=,40033.0
consensus_latency,m1iEK9dJ/rAoi/ocNx80WFWw4acGtj0TJEubsZHslDU=,40033.0
consensus_latency,nXNRKpbW4fgphZFuJRX5QRAjbGXsJb3/4tKcs1lMuY4=,40033.0
consensus_latency,n67HsZBeJUvZ7QNENAKZJat1lmuUai3ll6ahfuCaBXI=,40033.0
consensus_latency,oaKzfZHh2rXFWbambdnU52YoTJ4hHkxiyLZlUUTYRsY=,40033.0
consensus_latency,oy9plI/hDDsovHkYoDyYu0/C2UJFgSVZi60TxezpstA=,40033.0
consensus_latency,qOZJdWKRiynzXh1QUiLpvfrUuUqCABpb6ZIGG3eim1Y=,40033.0
consensus_latency,q553PZGlhfnIT85NHunS46K0fujDVbn2s8Zphb9dFgo=,40033.0
consensus_latency,rXrqERNpJdL07N1NOc9fmpzGmgXSF1yZp/9xuzMy2DY=,40033.0
consensus_latency,rfmDRjna+I3/NvQOrvEC+HGWwvlI82LSXcggn2swHbQ=,40033.0
consensus_latency,r+JuN4FzGx4jbOmpUDRCT2FfBxcIaZrkTt20Jh3OwT8=,40033.0
consensus_latency,sSo9uxVnn1dpDY4aocUm24ijPzeELfCx/xATIujtmIY=,40033.0
consensus_latency,sbheN4501ahP/Do8p7K84dFM73zp4UAktgZyXKkfM3c=,40033.0
consensus_latency,svHep4VlZ6qBWMrWyt9n4cnU7jgBSiBIH3ILLSCcYJ8=,40033.0
consensus_latency,tI15/D4dKYXzuwlU8sYm2djacDx+DY1ivOZkRTdXDNM=,40033.0
consensus_latency,tPfnVAyC2HXlzeJRzm4Jju1pYIyqBz+46iimxzq5sQo=,40033.0
consensus_latency,tRTqlnkL+HHX2csVy7Ig93OVM+Oj8weUNDZ4kk+OY9k=,40033.0
consensus_latency,t3C4rpgCinETySepOquum9OBhQ8DzWtkeUvcOvV677Y=,40033.0
consensus_latency,uk5D6iLcpnpKZjM0GKpJhmGuVxAd2m6CVs6uYIJ6V+A=,40033.0
consensus_latency,utGGSiE1pbMbp/R6Gl1cw8ir2RUd+/ywzoyPlLtFGcU=,40033.0
consensus_latency,vLmQs2FQV+gTWH6qMnNeaQXEnqRs5cTs1lO7VMe6z1k=,40033.0
consensus_latency,vQ6yoclFH0rciqvsVPpx8DSF/kz8xNBdL4N05tQVazI=,40033.0
consensus_latency,vcHiTpoV5o9H2594Va1yGrXUnrq2CnPU797EFCcsgqY=,40033.0
consensus_latency,wB1VFGkkoki+ETM7RlxHEWjljU0u9Knh9g5//zaqDxI=,40033.0
consensus_latency,wzyP1NJr1kgbNJojwRVt5ZmJFBTngum5t2YBBXcHYnA=,40033.0
consensus_latency,xfvw5PVbvKsMzu7A1gVmN1R8Bkgvd1iL/A4J6krNezA=,40033.0
consensus_latency,xvaSlH5lWI6k7uKwkXPqxKM0troUxUWe3upMBTqGPRw=,40033.0
consensus_latency,xwPDpPofVadQsgZVGUeXFFvs5h0Ljv2M8UzjPSIaZys=,40033.0
consensus_latency,yDKdwGq6PEUbkY1x3S/i6C2RzEEUMrQ1CkUZZSIMIlg=,40033.0
consensus_latency,yIazlnXsajiATjJNXNMLNCcxX0YkAf03Owh8pHx+YWA=,40033.0
consensus_latency,1SIS3IKEXNhLNkf7g9nL2WgdNMxzVKXJdV1aAR96shM=,40033.0
consensus_latency,1djbDFDZTnYNFZTxeRi/alMaqIdJwVbDVbh92D2/MbA=,40033.0
consensus_latency,24NVEbyWgXssZKq3CE8TFebH5/N9MlgNNdfPLOk9geE=,40033.0
consensus_latency,4HjScIjKE9j9VXwH2Ex8edA8OCEa10EyAj9wCKp7lU4=,40033.0
consensus_latency,4g4ACzvdZDYVWwA9Fyf16mVIkY0FnLgGbt8MpiUpZ68=,40033.0
consensus_latency,5gfFlkcdM0NPaFIYqoKRqFdF4RNEERNozdk8j2UtdJM=,40033.0
consensus_latency,6iCPT3cHp7qcKLrtgNmm+ceD0oaYP7xDAf3NKoiyi3M=,40033.0
consensus_latency,6i2YoUQHX+dtN5TOKImG+LAirUZLjk8it/IRpZtwEs8=,40033.0
consensus_latency,6lCGO8v/DCw9j+hht/OmZ+KbliiiDMU7j9zBrc2itNI=,40033.0
consensus_latency,7kXU/1n4NB7TnoiXA62vTm+panp75uQjXvjxSvb0XCY=,40033.0
consensus_latency,8x5P5RkY40/bsDxEwGNb3J+wcAHDaTYyUY0tdC0qjxM=,40033.0
consensus_latency,85pOihKGJCnnHSiBsSSLHkM9aPlwalk9EbjJ0v8q/Hw=,40033.0
consensus_latency,9bv2VAyTHGCAyRrqIfkkeF8OW6ao7F+ClhEbBXsBpHI=,40033.0
consensus_latency,+UEtoywIfvgIcLfDs3ksaFvBGn9eOp7nFYkfQr6dfWg=,40033.0
consensus_latency,+muKPCeecoRlRWqtMD8RYnNEmCjHLfm1bLXe/3z2CFM=,40033.0
consensus_latency,+rjERFIO8OMnqhTOQQBnCSKUBTApRnydKqglX9Rq0FU=,40033.0
consensus_latency,+7FTUaXAIj3rHCyNElxwiot2uWLcDFxy28yt7ZGxKe4=,40033.0
consensus_latency,/LXZF3EXtvfHbdAFMIOqedcDCKbA6SzxDyZcvYGlj10=,40033.0
consensus_latency,/uqua57vsV+JxSUO0z2jd7nwKxlzwPcYs2gxPbyWRmQ=,40033.0
consensus_latency,/0yafX5MluhZeF6A6PnFUzKW7hWWqSn/hotKOFOpvKE=,40033.0
consensus_latency,ByY4LJVc0kn10pEzy6J0lC4KiwXQXebd8KEzpTNzzTM=,40033.0
consensus_latency,B9k2nxI87tjlG9J94z0QSqBJwL5wVPWLaJTEjiw1YM0=,40033.0
consensus_latency,COMftzjh21ImF0kcFE2NF4FtNB/BkXG2RIqZS40M1oA=,40033.0
consensus_latency,CgpxEUrTUxU0udXWMjxqGbZcP1uiU6yoWy9N2kQ5Gcw=,40033.0
consensus_latency,C4TRDRd/BjYdZguy49cbPYfxkwSCbpltL4opuBHmh94=,40033.0
consensus_latency,DJZAkdItyqamBCNTvKqKxIWRNZYBsuTWrmwXuG+r+JU=,40033.0
consensus_latency,DYHFer4oGM3cJitd7B9kZIK3bgTq2N8ifWDVH5wL9Tc=,40033.0
consensus_latency,DaA4yVOtez2OzwMI2vyiM8oq8yYN0SzdAu5VCGc28hY=,40033.0
consensus_latency,E6NJDIDx+doC4kaBcVPnpi8ffu2HTbcoI/dRpv2i+cI=,40033.0
consensus_latency,F1O4qitqhX4DPxv0ahrXYNfZRGuM+WmgqE73e1WOdCQ=,40033.0
consensus_latency,GOsP7ew51i2k15F+Nl6FvwB+G21XLQjET6oP0CYm+EU=,40033.0
consensus_latency,GPBelQdNW70JdjUlO4CgRhqSAPU7GVIyiRA6Vv5Tluk=,40033.0
consensus_latency,IwO1tfat4Syn5PSqefbzUme3TBlY+tSVOgrJm2dRplE=,40033.0
consensus_latency,JqwbTQQsmwIpuKT5RcYRm1ZcvJ6dBmbzeUnGjsJBXuY=,40033.0
consensus_latency,KDuZkdnANuSr7La+1QbbB7KWuqR8NilAbTP6tCibaXc=,40033.0
consensus_latency,Km+2ZV64ug8lGlag4XIEi+RmWz3x4uN67W9tov94CL8=,40033.0
consensus_latency,LPgLUmi/DgjzTEhhE4npLcOOONa6mAuNgkwCek4lB50=,40033.0
consensus_latency,L0FBMULu1fAVUICvdlfTS8aDyCAwCnOHLxGBzbWDXko=,40033.0
consensus_latency,L/5fStxiIGdz7ZrovUwhjVlhAT92AYymBU4eVw0HBWY=,40033.0
consensus_latency,MMbcESiDy9XIBfKr2k9hVdVozTXArGdTDG9+Do42goE=,40033.0
consensus_latency,MZe3Cpe/xnFbwO5PenFGKDIrSLs35iImUVCKBG6rT7E=,40033.0
consensus_latency,MsVAFE+uiEH2p6NS5HE++952bpjM3Zh6xsII4JHDANU=,40033.0
consensus_latency,NOZsQE6Gv4rTHVW0sSpnX2ww5/L7UGUgAHfU0hzOXl8=,40033.0
consensus_latency,NcIJf53IkFDYjgJN0bA9+V8fzGFbp+tjNPhbLhZKVWY=,40033.0
consensus_latency,ORK3XvSt8xkDZq8AZ2TTpm6bugIQ7rE4KbJal5Lvz9g=,40033.0
consensus_latency,OR9DpbQ9C6KJIhx2/NtSDKuCjo1NhVUU0zZlvXptDFs=,40033.0
consensus_latency,O9aVGHUlJi+1xtNdDb/+YHwYww7QwDOXrp1BXRxlX9k=,40033.0
consensus_latency,O+wfWhJwbExue9TrsxKU0tHw8StY2gh/8TL7ehgq0Go=,40033.0
consensus_latency,PWB1kQmLYYUp2QPEDheR3vdQjBQAhvxWaQLw3SOeSmg=,40033.0
consensus_latency,PsKbvF8zX5q/MFSTbPWdaLoNy+UMcBYu/KGxu7ZBtg4=,40033.0
consensus_latency,QU5NIF8sCZED70RcLp2zSRZHH79yXQ234tckHb9qJIY=,40033.0
consensus_latency,RDpTiNVPLKCxAYTa8OUsDrYzw3DYu/ad7K3sJt+inoQ=,40033.0
consensus_latency,RhbOYhKDMMI0H4TmEPvJ6HnXVkLrBmoh8DABFLqNycI=,40033.0
consensus_latency,R2xc/eHMraA8vW1KFO7O1HiJeYuYnYywzkZ3Kuq6o1Y=,40033.0
consensus_latency,SIaZ4EO1pE1q+q8SO4zl5HmnwxajmJGTVP21YRe5ibA=,40033.0
consensus_latency,Sucb0kHB3bblzh6JPX04PhqPg8mRwkIsQ5rOlkJC9FI=,40033.0
consensus_latency,TzzRDf4elSe1fqugYO0X7tNYMLFC83+H8p1a3rE7lqc=,40033.0
consensus_latency,UMFa+rUvUngTcqOrqWYhwg3XY+bJyo9wnmsekZxJepk=,40033.0
consensus_latency,U/ejTC5NlCoMAYDZd13Ti9HluHUFyCc0Kw2Rt9n/G3c=,40033.0
consensus_latency,VB1lBajhLVFtdN/5r587h1RMewQIHvlgPkt2QL1TUwM=,40033.0
consensus_latency,VG1UDkj1mV1iXkeqQnEVGRSk1smse57jn3/uha9jnk4=,40033.0
consensus_latency,WBMg7/mL01auEYpoSRGZOq0387w/dVNZW6BdbgYlUxQ=,40033.0
consensus_latency,WUxM6g4eADM/SKAWNEX2hRgkppNOEwp6c4ycSh2jkNA=,40033.0
consensus_latency,WdW51avtYepJF+Ug7cAXJ7262jp73KCv/1hXW6ZyVuw=,40033.0
consensus_latency,Xq9Gc0bUHKKQvDk7WOIsuODaJDiJm6vw4zl5RKapu00=,40033.0
consensus_latency,Y9WAJgcAoC/HbDUes/aVLLFLfzauy5Rdwq9ZIK7mhQI=,40033.0
consensus_latency,ZLshRdY1hs7GoQT2ooBeuh+KzI2YUBhMuuXX0GlQpiI=,40033.0
consensus_latency,ZdvMywAYtp1AdR/CvVM0/9GXl8/h5+Ps937B82gWbxw=,40033.0
consensus_latency,ZtpeCHB3nu3gPUIOJgqKMkTeu580FqEmC5XjPpFBFh8=,40033.0
consensus_latency,aSr2wl3RD/PkocFKZkwYek8KtLNiEtmOAdSPP5q1IW4=,40033.0
consensus_latency,akrMlWDJiWB35doDIpACjU8he8xbCUWzE+/r0SK5Kr0=,40033.0
consensus_latency,bfVeCmB37zm7vKIG0tM2ouudjrVPR8jd34hqENcF+1c=,40033.0
consensus_latency,cjTt3o+CAL+oETs+rLHN4RgFJu3gHu0UVQzhRB3STQI=,40033.0
consensus_latency,cv0a1sdEDpP+PFNEGnyLSDmXpwjsQkhOBnvYz8H5/Nw=,40033.0
consensus_latency,eebnNi022zlzQJltWeTZJVRViE3linYfvNlEOJaq8Dg=,40033.0
consensus_latency,epWeadAxnuRPADFLDvqDptnblIVCF5UNrZU0Uf4v878=,40033.0
consensus_latency,e1Zo3tOmC8nNWzXqtQTxzfkvInolLuBfwHL2rqlacAo=,40033.0
consensus_latency,fDmohnVWlb9cshCSfVhHlVLpScybFq4Aq+dGxA0J/wU=,40033.0
consensus_latency,fLN9oAkRjtSsVYeIyDPTSbfSU75jA5pGzRB19zZrF3Y=,40033.0
consensus_latency,fOzT/UmePwqlZjPBNk3faDsdbKfjObKYsUoHU8YvVEM=,40033.0
consensus_latency,fXqt1FCiDkZjLE6rnckZdt5zUBPw7U42OQ7SuiZC2+Y=,40033.0
consensus_latency,fjb/IymP2eXDR2aKFF38G5nOcZ5FLP23xDSlq2G85Ds=,40033.0
consensus_latency,gILZL6/Df8kXY81AHlnWhisiPTW2imT+LJOoP1QERVY=,40033.0
consensus_latency,hKxscF2ZVvl+dwDp3vuXHodr5Qg74nL0IXSjrNPLFUg=,40033.0
consensus_latency,h3FM44QdXUEZsxpbNfE8J3kc2q/E+Jtghnj/nRs2aIs=,40033.0
consensus_latency,h+UMrlKq1ZMops4Ua3ce90nN5RGG6sDZtOoB67S6C1w=,40033.0
consensus_latency,iDhe0ByqQ2vOgepWAh0Cpsur4cxes7SOA7w+4HX+G7Q=,40033.0
consensus_latency,iTPH7/TBGGrAR6RooeSEHFCb3E+jImu3Mf/cg/Go2w4=,40033.0
consensus_latency,lEsz915b1rQn6vyjIdBLGs/O0/GwbL/sWKbeRfdFUeM=,40033.0
consensus_latency,mm4oLYQNC3sBeEdONw9UCuSoDJpE+Va9k7Mhe+n+J9M=,40033.0
consensus_latency,nTB5geN3HmOZXip7v3gGPolGbGYdOAH2gDMD4Ai4IcQ=,40033.0
consensus_latency,nt0FbdeGRokF8eqccG+zPaSl9SfHOdS+98Ssb5sSZw4=,40033.0
consensus_latency,n5FdSqzBUC/zWbDv8ycG5lNWWV9zeCU2/024wxosNcg=,40033.0
consensus_latency,oIBi7dgrzKi3D/wOAvx0nXNa9ezzQcDCx97a2FXPM4w=,40033.0
consensus_latency,oKReVcChuP4WxbgD3SzlR1GexwB25CFOhh5CqSiJvGM=,40033.0
consensus_latency,oVXZTJF3Ms3oijJKTA9oujpS/qscFwBuj038z8tl2OI=,40033.0
consensus_latency,o3YQAdgvEBr66gby1V7SmfK5H8LPE9dq2ig5duDO8EA=,40033.0
consensus_latency,pgLt9vOlQ48776iQV9AiTJZs/GvCxGvn8JVAGCdoFTg=,40033.0
consensus_latency,pivp/ZkMQ9fSslZVHsVNb89LYtGe8bMOTgiFIDeuaD4=,40033.0
consensus_latency,p91pm+zpCNL1Dz8lbjeHEbS0HfXJdFvxQf2tTPOPnJ4=,40033.0
consensus_latency,qOy5UoSfOyk99MYyQLUeKLsj0DtOglvdwoNt9sf9mwE=,40033.0
consensus_latency,q18p0nxiKHQfIJp9PXI7/PKAHFECLDp4nAEn39igd0A=,40033.0
consensus_latency,rhC2uAuObhI2NfeM2htWWiQ9iu9R7jySBrEGNQqdYeU=,40033.0
consensus_latency,sRYehmdD0r62tE33Wn+7GgsQo/IIzCD92SKuCP/SSK0=,40033.0
consensus_latency,tqe/CuBfrfm3BkMEWWBDMs5ASmvInjFJz/O7MN2rACY=,40033.0
consensus_latency,vbnd1eL3+SGDWyJ2NZyaSPHvEA5shHTpVTf+NltcApI=,40033.0
consensus_latency,yJ+W8o5XVB3SfUfwiL2+Qz/6LEZ67VVRpQiV4YUtll4=,40033.0
consensus_latency,yrCx1+WxMGHbZW/zi0Gc44FidcVVmlzE59TvnFE394E=,40033.0
consensus_latency,z88GerY9tzsU17DTGYlpB0c2fh/jEOUHSqrRXrD0vEU=,40033.0
consensus_latency,0VsF5Nj3iuhF9C+fDcYSz5Ze1PUupEDi+pYXpfEPAgY=,40033.0
consensus_latency,0yN5B3YQbjbYxkeDAKmRmSvkakcIXhRcDXPHb1I8jc4=,40033.0
consensus_latency,0/rGTd6BcMuGnf2XB+blsgJ8X1MQPFN3qYmEX7rx5/0=,40033.0
consensus_latency,1NRJkrCuh/p4BZ4qznidEBf7SVIpuiKWJeACUxzNhSQ=,40033.0
consensus_latency,1r/xFBcY5yf96DxXVOoSmN45/Gy5Zs+yPv/SqV0Oogc=,40033.0
consensus_latency,1yV3lriOcOEVqyvsqZcbMtnhJO0isylxN9e4CCJUzEM=,40033.0
consensus_latency,3XFcfOq+6ozW1d05eWioTr37lBvcvqIWBsrdCzJboCg=,40033.0
consensus_latency,3cVyWxNap1q+T+Z+uiIJzmyaCpdYs9ZQYLldv9+effc=,40033.0
consensus_latency,376+eut3667tvBF/NnZqIUB/cw5Yz4xPkVqjFrfwvog=,40033.0
consensus_latency,4IDOGG4q/eBi8HZh1dGUjzB5Xmg8C8rTCAyOC0BZ4Kg=,40033.0
consensus_latency,5S68YXKV8V3fEGsqnS5KSNERGy8q9YQ7rv+1Wg00URI=,40033.0
consensus_latency,6fDPKql1HoNRwH/czWG4KuVWMdBo1cL+0yMvMUQqryE=,40033.0
consensus_latency,9GsGV9mb4SDTtWU4EHhXQo8yqxTwVUgm2xVFmEObRbg=,40033.0
consensus_latency,+B6aOy8QeKcm2vq3CMrcLwLmDj8WviPj+j1n7rtutYE=,40033.0
consensus_latency,+FI6SuBLlcMzN20JVh5IpUeMd6RZ4bLbCNcuBvRlC/g=,40033.0
consensus_latency,+G+akAYHQXH9xKZI+YZiiYLzcWMhPnQFZUFx/cM6eHM=,40033.0
consensus_latency,+Mxw1iYDORT5BBghxks21bg3Jhy7t1VaGzZQLGiVUSo=,40033.0
consensus_latency,+khV/xuB/4eJWGxs7RL4ClL/i3fkAnTCTV7fbQFIQFk=,40033.0
consensus_latency,+tQHMJJeoJptGVjEEzYyZyKgTv3q/pTp0kZuTToIcKg=,40033.0
consensus_latency,+5hb9a9KaHgG6/RQX72N7PMNTkviGeradJ9JuobHGJc=,40033.0
consensus_latency,/aaKrJD94R79/cwVvPizqNKA+cIZEuUN6tcsQpJEwNg=,40033.0
consensus_latency,/n/HthaUYuBPrfrtoPwswkuS2dSa9Y9avs0Joe0LXAw=,40033.0
consensus_latency,CMDZVO1X/8/1+x81LIMwAETsmx2BW/yB501wWzlKsHM=,40085.0
consensus_latency,CdOU9Kf4JamTfOS+esG0VO1dOQDPMWFJ3gqrAwuQJ3U=,40085.0
consensus_latency,CyDYS3qLRIZ4Qg3hHJWoaFZM3MsZYN8vPNlq+4RgFWA=,40085.0
consensus_latency,Dc2u0msjJ2gQHlkp5BjB1PF4bxIoA2QumF67lRVXKHw=,40085.0
consensus_latency,Du6jAItkQb59mxqSgmIBETZcpEiDstGsTITWseOp3wA=,40085.0
consensus_latency,EeQ4KSULpyYToBRTsHbuecNL3vccyR4k+W4iULUbv18=,40085.0
consensus_latency,FRS3xrjH6i6G2XjqcVM3ux3nOgPErHGGFtoXYini8cA=,40085.0
consensus_latency,FzuGqGQpEQSojQWQKgZIS4ypXDUap4mzrFHym5JNX7s=,40085.0
consensus_latency,HVFNd6RXzxrZSeD8K9NhSbv4jaL8/tYD+YGB/QYZctw=,40085.0
consensus_latency,IU9OcoyRcNNokNz0/ERhJs5PJFFGfm+bA3skbKM6Dns=,40085.0
consensus_latency,JG22kmJ8OYmTmuvrJSl0YAbXoU0mltdiFB129XTz2Wo=,40085.0
consensus_latency,Kf0yE+EM8dkPAm5wa95HODity3D2BOP9pPxD6pQTV58=,40085.0
consensus_latency,MZ6novmP03HBcwOBEZ1ftJXJftzRYBFs8VL+KWTuNUM=,40085.0
consensus_latency,M+lk86oGaNpwlBU+bhmN6AU1ZGBlNm73hkS2MZaOLUE=,40085.0
consensus_latency,NPWVB7j9IfHlVMEaSCQwDjotJpv3XWpOizRFux7toqM=,40085.0
consensus_latency,NavVP8jw7g2fvTqN2DlXPzDWguUVl4SUPdnM11lBuiw=,40085.0
consensus_latency,OC2OutBJLxELJIzGaCLiyjAC0xsjX+QEryLQ4JnSN9E=,40085.0
consensus_latency,OM/uLZdZjIk+yWWcW3NtEvE9Di/2Z/5QLmnOl0ylmfo=,40085.0
consensus_latency,OQJQ0NFeaDfOKe48An1GxrXYev2IdPUh5Yr88OUwVdc=,40085.0
consensus_latency,QDzoyqDC/ge9LHOJXVWED6CX7BDcKTxNzgeeBqM/CSw=,40085.0
consensus_latency,QNhHr023VdL1/VbKVMIohwFzKpl1Zl0wXqRb0U8sFfo=,40085.0
consensus_latency,RRhWelg6zFxobXX+5MYOjX7exiWbUZyTshRYsvoSWCo=,40085.0
consensus_latency,RbgYQ7uXb7KHvZQWd/HfIy6E+qoFy8LapZWWNUPIPbo=,40085.0
consensus_latency,RwkYpwQt9U9xQafna8TflGFUmjmcfq1juppMXZ/f7LY=,40085.0
consensus_latency,Rwwqlqke9LGHdcZeheQkXTcIDxz/6iNnMdqLS98lpnc=,40085.0
consensus_latency,S6NLcRq23g3eWmRyigrCaRVj9ceaouPSRGCLhLlctvo=,40085.0
consensus_latency,S/FDHLcC9T951LT5C5DVzm0/7W5969x4k5IZwpqsYBo=,40085.0
consensus_latency,T77RmQvJIlS+ack0rNFdiG5q96SE8yGlbE+zb5Aq8BI=,40085.0
consensus_latency,UeFc8c+aDHAY/Ld64icEYBEdcZsGIdaS3s73G/63Lfo=,40085.0
consensus_latency,UqwPu8HiUL4GFqTeCOvFj8az0nSDzMiuhYqGvf3Lu9k=,40085.0
consensus_latency,UyNnt7OPlEdbR4NbgnaHYKz9OCX1VE/Lx7ZbBlDIbc4=,40085.0
consensus_latency,U7WB5xUZ1W2BcOHzPkSaluETtNcuwU6xGN5nuFh5pJQ=,40085.0
consensus_latency,U+WI+M0dBYrvRLfj2aQM++FPoK1JJMNFflYxNHnmHLA=,40085.0
consensus_latency,U/yx8ZhEEAv+h6II7qgbqFb3FfAralGzrb22vJpbCm8=,40085.0
consensus_latency,VdYhw5/9XoRzXBk/wgz1scmZdFHcX26iSB6w13mwbn8=,40085.0
consensus_latency,Vmoz2ap7uik7frRRTqESrMGbfNrN8mu/lhbTGjuV6Yw=,40085.0
consensus_latency,Vo+wC+0/fXWBxQz9pLQCKzVCSsRVFRHt0gcb+a89lIo=,40085.0
consensus_latency,V5VsdalwdQajgp0/fEPs+n8CyujGM4l8UrsGPEQK1gM=,40085.0
consensus_latency,WeMKx0clY7Xx7YzxNdLDywDEjRD/2+zp1cLJ9k49Gw4=,40085.0
consensus_latency,W+55i+uU89L05qrBSi+yb5O4kiw5z/hXM9853V4OqKA=,40085.0
consensus_latency,X+igMwg7GhzoZbj3yiBkc/mUg9b9AaZFepT8aayhjR8=,40085.0
consensus_latency,YSFxc7PMX66UaLzliwDjC1yqA810GR3GUAqTS0m8WaE=,40085.0
consensus_latency,Y3oARG1m3WJ6yZyP4D0hfWn4eLPMEVxuPCrLzEp3Xqg=,40085.0
consensus_latency,ZJyQwjchpz/AYG9zFY1u/Gg+Fw+43Pc6p2KSHH/iDcM=,40085.0
consensus_latency,ZL69gg0cthir6FUaSN0ymYZKLxJDn99YS6+DzHYP4ag=,40085.0
consensus_latency,ZgiF1rjtjPpDfI+wWD6DICyM7ileWRezJ9M2MpXq1xc=,40085.0
consensus_latency,ZnLuJgcSj+We/BwNukoOZo10/gg0VxLgCA0lcH+97KA=,40085.0
consensus_latency,aLFXTBFvsQ/4uhgQ3SDwEBFU9/R+6n3UoRjDehjEDd8=,40085.0
consensus_latency,adj5uCexTomsDbQeWVpBLMrF/DjBXbooYgQwUCn6eIs=,40085.0
consensus_latency,bp5ZNRYpkv1bWgGZKD4pELf5enBkoFTYsTIY82Ybq2Y=,40085.0
consensus_latency,cPD5lzgBFsoX3/y55+V7KCBcOgNmGW6UuR7tI/M9FOg=,40085.0
consensus_latency,cmBqhrBdmAUWno2BM+j1ZNgVmU5czJKPVzZ4RX4q+6A=,40085.0
consensus_latency,dYUU+XtAkz6B/ur1QAVdZ6qci9ohEH9dkkxK5YhipXY=,40085.0
consensus_latency,elnAT6mZxahiWXo51DjHl8DgohIOakc68W2DY78wpWM=,40085.0
consensus_latency,e0VK12wphK9Psyjpp/DcNAJVWHJCV5T6/Vh2TQvhUhU=,40085.0
consensus_latency,fSjY1wR1aTnmc9rD9BQzzAKvXEJ2mknJ1x3RRxZP6nQ=,40085.0
consensus_latency,fx3ryE9HVVrjRT3hJ9U55INCzkJZuSupK0WPD2Xew4Q=,40085.0
consensus_latency,gIHimmNlaQuTZHXLZ0ewXwGM1V0doDCTusArRmh42YY=,40085.0
consensus_latency,gu5TzKD+amvNEoaEJnNsM++/FnNGCM76HWrXsdLPXgw=,40086.0
consensus_latency,iK8LV6yjfanp4JMF9BeHqQihgAvtJ/TZutD7iGVOC1o=,40086.0
consensus_latency,iZyIg4/RxXznThRwcdkRSBPcwo075+zK/wVJqLTLBiQ=,40086.0
consensus_latency,jAnOVRvdZ7a3Mck3IEvyMt+wM/Ls4ch/z4HvsCEu/rg=,40086.0
consensus_latency,jUGdJugBzsRlIMLQB2OK5BzHso8EjQyet9crN+HZwlc=,40086.0
consensus_latency,jgdTgyvFV5rRVMQ6NcEsrYX7q/vKmVImgLADUl20k/U=,40086.0
consensus_latency,kivM2LTOJAwMgBdZkxV0nP0QfIFHmNgs6WswaemItng=,40086.0
consensus_latency,mMoAhGBms1EhOuRNgnVXfLY0XRhQXkqk0fQjgnFXUKs=,40086.0
consensus_latency,mR7ZBW44aqZf8mWC9OOuHXrtJkRch6CtoouMRHM7ghs=,40086.0
consensus_latency,nAIPXlA2QuK5SKj1Cwqh/iuMAorXbOFmPzwfIjfDtxQ=,40086.0
consensus_latency,nNhNzJXcGUOROIYD9HU3eAgwG2CZmNoqtqedHds+ZF8=,40086.0
consensus_latency,oxGfdLxQ1RVh3jiLia6aLUR+k31lqx3J5yNHonpsCVs=,40086.0
consensus_latency,pBWt4y7GMPYMzO/jpIDboajfa5Nxn6z9kPN2/6MmrlM=,40086.0
consensus_latency,pJ/ipCq4XDVUV2p+bcXcvULm0r/egYHh99OZe+OZoY8=,40086.0
consensus_latency,pK9GSQ1Po0aX8hktZD7lxUr/RP8yFD14ugAnIYG9NOs=,40086.0
consensus_latency,pj1hRpNSqt/Qr+eoT/yjZCmyO03TPkx5qQSrkxdd2wI=,40086.0
consensus_latency,qZarIe3+5AYMzk+1q6HzhPzKb2jGgG56S0o86+3WC4M=,40086.0
consensus_latency,qpnwlK9hYcdnSMzgVGLGUmbB5dgwH09t2whjTQ+ig78=,40086.0
consensus_latency,q20UKTj1Na4eFTF97nxOv0ZMeBrhxtBmQX1GqiKFC7M=,40086.0
consensus_latency,q7nB7GwKol3RoDmLZMxrKpkXW6diDDgR07W/GOELb8E=,40086.0
consensus_latency,sGZqxcJf2SdJ6pH97UtZ9/KPqnv613a9p9OPQFnO9lU=,40086.0
consensus_latency,tngqCjMkhayoWZpNj/pUol6RjSH3IvOWcPDHS2ld/yQ=,40086.0
consensus_latency,uRHjQn42UGr8rgWexqUiFpxwbnU+eGkB37RAjdEzP/0=,40086.0
consensus_latency,vxi/xkd3ciSDEcynY0ELEhOeQtJF/zO9BXEAyz72cms=,40086.0
consensus_latency,wtfY5tnGolNYZJ8cyCTNAxrZTE/dZihms+ZMtHeBx6s=,40086.0
consensus_latency,xozM+3VuoDRRyKWgAe0I98rgXw4N+au6rK+aJJPTj5E=,40086.0
consensus_latency,yF+zIDVt2Sf6+zbyJmYlg0pPIrlpsc7JcFteg9DlOUg=,40086.0
consensus_latency,yJbKOfuP3+k6sN2ldqbAhB4IiqhGRP1HInKwxSvK8y4=,40086.0
consensus_latency,yQEDmV+4kRbtw7rbwoYqkKtdo9zWTHelnrcGXpLzF3k=,40086.0
consensus_latency,ygPeZuymc+G4IPczTGlXD4tsy/RrLmA6QBeLJhmirik=,40086.0
consensus_latency,y402vyDiU5EOAAJ0dKkth7ABwvZ/+3JKOCLAcGFo2YE=,40086.0
consensus_latency,0UWyHmjO3syiJy8RQv03Ta+IWtyG1eqoiuKYMXkmZF8=,40086.0
consensus_latency,1FDLa5b1WEDxvkgBolGBXA5EVvm4BmfZwuTO4zCWdd0=,40086.0
consensus_latency,1FXQU+XDjwBfkAw87GXzCNeXXwrka2WuxVkC68Z2lwY=,40086.0
consensus_latency,1aH5MvG6CvX+zdqs4NnefngI8gwuynH9p+WsTlwilA4=,40086.0
consensus_latency,1gRZ0QTIeUjolomYMXD1Dj3Zp0/umF8gcZI1U1/Euc4=,40086.0
consensus_latency,1/5RlbS27gdW43GyxZf7ij6374YomKDpaCFaHSz2g2E=,40086.0
consensus_latency,2ai3R1yqrXPxAj+SNz7PEsd7Ie5kYVWejQvqshhwaM8=,40086.0
consensus_latency,29+VvobpiGT6TtQlDdQyEbLEleC9LaDEX404W2MP6lw=,40086.0
consensus_latency,3r2hXaaHdU3gFXkCj+f/dKKzccHmyAOR8KD6bmyOcr8=,40086.0
consensus_latency,49rvdA7TZKmP0pmcocYMb4VvhK9A5j+Tcc47sCKaoVk=,40086.0
consensus_latency,5D5jSQFXcGEXQanWo7VOoxmlzXtr5wGWKIwnCYotj90=,40086.0
consensus_latency,6Ym6rTB7Kpr5Ho8+WFBy3T305b7N43DzntGqOsO0tBU=,40086.0
consensus_latency,69FoJO2ccHE1/BzxfhNkIAUJi2NmI3PsEkw7Ltj1wiM=,40086.0
consensus_latency,69cZap30TBrpZ0P5Jc0T20/XxAUkDoDAWdZiW6C2iZ4=,40086.0
consensus_latency,7K7zkNLglR5db8t2mtgnM5QDGh48kqexH9kLyX6POUM=,40086.0
consensus_latency,7+HHZM9uE/tVmNc0vnGC9iVERZspQo4vpV+dWEI+5p0=,40086.0
consensus_latency,7+YON5l8E8JKIYbAMvfuocJce7g5eMzIe72PG13udMc=,40086.0
consensus_latency,8FltN5wKSDuxHYqRFz0cRgZ0Ygw6Id/9JvYwL8DB64U=,40086.0
consensus_latency,8HAkwrkPObkK+IkMTnGP1EdcwF73ilhmSBh7BPslNjA=,40086.0
consensus_latency,8iOh2s8KFpNxQbynJFBtYeHa0Nu5AlIpAv32aQf6YFA=,40086.0
consensus_latency,9TPgOvyB/aCV0OP6SUwbBZvmVjCbgQcfMOdU8nB/QOc=,40086.0
consensus_latency,/DYEjuhRkIfXurhWeyIRW6y5eRRG9ilVgYXUpAh0bW8=,40086.0
consensus_latency,/ygFL9972PHNVPaj/ATC5FCWEs5OZvgQ8Vp3ktSpKA8=,40086.0
consensus_latency,A5qkIVC3pDx5ue9A83Ag62xFB/Catqq295m5CSv4H6w=,40036.0
consensus_latency,BLcAeams347mF2/1/0D1SXRUTJ/+uq1wfCYLeTaOzOE=,40036.0
consensus_latency,BQx1U/PIEZ2OQJcBg1eUnGPRsAlxEf6zy5xLNkf5Rho=,40036.0
consensus_latency,BvN120DAthhUFVha0Ly+Z9HVRPaHwY4Ofe3ETODgAF0=,40036.0
consensus_latency,CUDxOeeyfIQ9CzcyilooZhUg1O8y9gUKV9LKFySoWzE=,40036.0
consensus_latency,CWkjGgcX3HrLEk1nUNdoWLtA0YqY5sXlL9Yxf7ufb2A=,40036.0
consensus_latency,D8SFoMjjhx+8B3sQ0yyxp49HylJ8BIZpiyvKNouzGXY=,40036.0
consensus_latency,EAckjIMO3goZ3g9mT7HNCCI3/jzeng+M/71u2VkJ6v0=,40036.0
consensus_latency,E1UQGzzd4Vd+CY/HdQ+Jf83PK5idhMhwaPgVOYcQq1o=,40036.0
consensus_latency,E54gYs/Eoq3RMWj7LlJ3HKWOYbGCOxXF++cR3W7ft0E=,40036.0
consensus_latency,FJmELnPURmSRdQuNT7Op+UGJgCKS0+zUk07JJuu3//I=,40036.0
consensus_latency,HEzRULrbGCus1uc3laou/1mwEGe+67pwEK7XyN/7slo=,40036.0
consensus_latency,HjgjNMSoKTHUWuWkQDCmiVl+ebBMg16dERkof0RMZlM=,40036.0
consensus_latency,H7nlF7chGuhLfXR+2WKYgoCTqsuwXtTieTP0m8fHiyk=,40036.0
consensus_latency,IYf36rXC0OfWcg9duYtuhqELhhCNcD/PuSTsiBRNVfU=,40036.0
consensus_latency,Kb1v1GxrcoXQVYZ8aMfeWVGVRtEEwKt/C5bePNA+1e8=,40036.0
consensus_latency,KjcF5yC51ycJ6AGZ0eYAI6x+JIBxuDNO5LTQzQbBsI0=,40036.0
consensus_latency,LU8DX9uXkavBLufRQntKJ9yjdt0vpDJ95l6v83Vx5Ww=,40036.0
consensus_latency,MC2scIIEWCG0+lqnnHO7Q9EZlbtp0DdvpmXSAJmPIeo=,40036.0
consensus_latency,MVOJe1PhQfXqeYEXs+6ISTWYECDsPTGKjAvrGwFBMCA=,40036.0
consensus_latency,NOW0Upo+phK8GDBEyVcytrfJLWprGOEFjI4bPEOcT3I=,40036.0
consensus_latency,NkXtJSJsnfrVnombKujaCnxM96cqkedFHkc8HaK4bm4=,40036.0
consensus_latency,OK1sA36NyUqKdROckoESt+nGaMNZ9Hi54ENIlxymjKk=,40036.0
consensus_latency,O3UgOhGFr5P0n9AIYO8dugkoH9zK1rF4n9sCd69qgqY=,40036.0
consensus_latency,PupVEUt1Xx4oZnrAAXa5soAjxQI1Jnc6+2hU0l4biFg=,40036.0
consensus_latency,P6JTCtNlknPjZV4xwSOgC3iiI8rH5ro3ZGhm0Es6Gi0=,40036.0
consensus_latency,RC+worJ3ED8lSKPG4M2Xc6ACWH+hZYy5mUx6Yz3umsk=,40036.0
consensus_latency,RdzNJrYLYP2oZHv8ZMs7Fz0UrJk1ynFr2bZ5j4C0Qww=,40036.0
consensus_latency,RkOAIc5FiIl3xeBjYROLYFLGhOysC5R7ApDSuN0RskI=,40036.0
consensus_latency,RlfiQCN0wnn4q0ZuIZyG+e/v+j/lThHz2qwT8GNxRgs=,40036.0
consensus_latency,SH0RZDMubcdij51T7I23cPIk5qR3rtJDlbA784FI4VA=,40036.0
consensus_latency,S2Fw/tlYsfPjTbdd4lIrLRd3vg5u9e7wFgnkLtIXMok=,40036.0
consensus_latency,Tjnte4VzmPmB4tHOOoVxxr/IPWuu2tUMaCUzFnebrSU=,40036.0
consensus_latency,Tr80OryXvBIEktMvLJCvfdrr+PGKdqHou/B8qxDwH+0=,40036.0
consensus_latency,UcBa7YYT8dMjaMBxuaIzK+CTFltiVWRoTcFkfJOOUFY=,40036.0
consensus_latency,VTXs/wl+288fLWs4MQiB7f5Mst8BH/jWMV6sOv8RTjI=,40036.0
consensus_latency,Vb1EVoud1/JCYYaVw0R8gTLS89QW8MQGzgMjPYHqvpc=,40036.0
consensus_latency,Vxv/KSQpgk08WhhBXJQf9T8zrgpJwyG805Yvo5QNzc4=,40035.0
consensus_latency,V3xPS37SFbbgg+K6iFjoGMj0wzspAJ8DnzoJDoO8Bbg=,40035.0
consensus_latency,WEndDQ3/r/2Gn1+1+GY9jTdJL8GRi8x+IC6M7CpbDHM=,40035.0
consensus_latency,YTELL5W2doSKyNtTgJgyXIQSh/1jp4VLsFsuoHNU/kM=,40035.0
consensus_latency,YnHN54DOSgVZjlFxiB4JnBqc8Yu0OLsCxYORpF3tZo4=,40035.0
consensus_latency,Y/tYn3etY6sBTwLFIZgbM7rOEZQxpJU+PRA14NS/NHo=,40035.0
consensus_latency,ZD4tPq2bg/mtxIPbeua/V/n49VLpPib4XSrPyGEAMsA=,40035.0
consensus_latency,ZVakPf7+C1T6iRGwSJOA6fw/V7aLYlXrne/UwEDaBoU=,40035.0
consensus_latency,ZuhhwH6zVHe4MA6ALcxFmq3t8Pm+IHw8YLakTUmIOsE=,40035.0
consensus_latency,bFSO46s7BCBr737lNyQ/jtaKLmjzGN4fEkjKja/iQwU=,40035.0
consensus_latency,dbRRnKzQc1UafFXnROM2dwzPG/NrUwZXRR/Ihsbm2mo=,40035.0
consensus_latency,dmXYuhOLTzpV1V3bSwDPVsd2WdjEL1Xd1oKu5s5s9OQ=,40035.0
consensus_latency,frOlOdjcUAPmat8MtCXOxnn1fHQdDwTbOl7U1hctT4Y=,40035.0
consensus_latency,fyagXNgzgUO87lZdAGIkWF5d2gU3UL3Xb2vNCaklWxM=,40035.0
consensus_latency,gOHsT2bmZ6anZduV6yWvTYbvrPdgGLQ4HZM8stVmHG8=,40035.0
consensus_latency,guXK6v/2jcszCKRNUrG5ZjMXdRDQwGbdRxaEZ+0lLbY=,40035.0
consensus_latency,h1pxzs3KK/Gak2tSpd8UwswqyiECEtKp0XY0cQiPtZE=,40035.0
consensus_latency,ikl9RE1jSHmMrrcsK4qZQcftkH47VWYd2L/gjWAfna0=,40035.0
consensus_latency,i2VXASPQ8Ogn64JFsdv0q/ZMUOI8uiH8ecoz52OcjwI=,40035.0
consensus_latency,jKdTYqClRu3DxkH/qpcKqQN6e2HvOZEOHgml8M6XIGM=,40035.0
consensus_latency,jZzeJTw4ZQoxXUd1JnFfZUOE6EVmDiVRgy5smI66FvY=,40035.0
consensus_latency,j+N6KZR9IQ1TCv3E5A7a9fDIW5nwX2bLDQP6tkSYl78=,40035.0
consensus_latency,kB/giOgVm7aequ5U7biref+6bJVhv2pWxNpIs917Wco=,40035.0
consensus_latency,kK0zhUHe0vrdU4OhR96ht5O8gfnXTEk/MrPByldlbeo=,40035.0
consensus_latency,kiqIkc0lBm+HgMmPphlFLf+KNI9Y1V/UeoLGyImsMtI=,40035.0
consensus_latency,lPwmMW/kik+vRihjDoKpyPj3Uk3kyEqcuBfbQrVupWs=,40035.0
consensus_latency,l7/ILZZFTJeG+NOZWOzuAUuvXc6PjI7XaCs06JIzxpE=,40035.0
consensus_latency,l+Dg9q184dbqa1BmOHYJg7/XIspF1oIhtfxdsjAJ/1I=,40035.0
consensus_latency,nO7BpdujsQpb0Mh/lfPbSDnVHUcE4Xow7atlRq4HujM=,40035.0
consensus_latency,ns3z50phksshDomZi/DGRv1rslFaj49XKekqJOW+G98=,40035.0
consensus_latency,oNcGpc7NSXJusYh+O1VfZFSNOJF6m4BXO8FihxbdF8M=,40035.0
consensus_latency,pmhHJ7JKIDjbK7u9WpWMypuoGCOj2Ra4JkR0nTWsQUU=,40035.0
consensus_latency,p/UC5C7ve2yKtlXuhMjwMf/3ouAqZR8JEadYCDaviSA=,40035.0
consensus_latency,qbwHNDD0jmfiFm5rQ81JisfCxAgHW5Wehj/20rrqn/o=,40035.0
consensus_latency,qnhg0nhctbCnDkmJbjX5QhpMSe7WxHhTvoL5rtrbZcU=,40035.0
consensus_latency,q8EEQpIBFUXORvOuw96+YGZsj3/KdLTY4JW9p+m4bvw=,40035.0
consensus_latency,rJhVdZeEuGvBYUK7qhqfIDjq7i+wEo0pkbXiWZ5301Y=,40035.0
consensus_latency,rseBXM/kaPlBEgHquwJpb42ZYClAlAYPtBH1rwSAT3Q=,40035.0
consensus_latency,sCvCpWaKQlxi2SPIwJueoYvaYCAd0ER+sNV8gFMOCYY=,40035.0
consensus_latency,spp4HMFunb122JwBlDAkJrp3XhhQ1p86TuooypihEpA=,40035.0
consensus_latency,szI4c7sIDxwmGwWAS0ikgsoLtC7QUTnZD6rgE/pbskg=,40035.0
consensus_latency,t/oTtQSnBA3mh95OI59+7JQh4B0BpFfiEaP2oZJCXIg=,40035.0
consensus_latency,uW4oT6p557Yqe9XBKoRmx8IIi3KF8/tlDfeOeJ8A2S8=,40035.0
consensus_latency,vSy9chb8JDZK/fBTFwfEPB/eznVDzspyiqhsTR0DtQ4=,40035.0
consensus_latency,vaJYxkOOsjqxOJheKemC+JIZUAewwahYCaLeWaPxiWo=,40035.0
consensus_latency,vc8hXIJlZDKzyTI+5rZofSa/UuQ2kB8/pLAgsq000Yg=,40035.0
consensus_latency,xhnfRZ87PcqgufF6tw0Gm0qKrK5uy2af61Jcl9cvKDs=,40035.0
consensus_latency,xnm1UpwyjcaM5pbr1K+YAW/TZg02wVUmUc/bg6cGpiI=,40035.0
consensus_latency,x8YJjn3NhHcFppFgqpEmmEEYbT+Yp+SL6B4jP3kB+Zc=,40035.0
consensus_latency,yC27QBY/D4Z01OYCr3ac//tMCQe3f8zvQ6Ce01zaCps=,40035.0
consensus_latency,zMM/OnHTZ+6AuSGy723Ze+YR0xVYaCxQh4SuR2hkVMY=,40035.0
consensus_latency,zSJtvcwLYbdeHZyqWKEcdn4+lOGgROGTMky4dsm+HBw=,40035.0
consensus_latency,znMlEVIqle/NjoKQa2BR1aTR0Kpb9gaISOGrFMvp4ck=,40035.0
consensus_latency,z06U66K4BFdyo24g23XfCd+CddoyzdA+0PYJ1tPK7Bw=,40035.0
consensus_latency,z7kKRHXogqgsZAM4+VBM+rgd9fHUy0Xh9RJqYs03+uA=,40035.0
consensus_latency,0lqyzciM/libqeaFhwA9QI0z14yycdNhNbrngoJLqzU=,40035.0
consensus_latency,4U5wnlSpPCDEScnanSnnBEQsBl7Szg2rukYwur65v+U=,40035.0
consensus_latency,4vUM/FGN4IwXz++E6uOCET/JCAEMt9vm+gj9z1kXy3Q=,40035.0
consensus_latency,4wosniKkrYcmtsOGhqK05lMJejugdMgpICs1SBmhuJ8=,40035.0
consensus_latency,5DtFW5J+dq65hMBG7HG7KXkU3gf5kqMNpbPlr00fpWk=,40035.0
consensus_latency,78L9QguiTUzpE1L3kxkW3AaJIWnzU7hwlgvTQyt8Nz0=,40035.0
consensus_latency,7+kCJ98XpPRfiD3Ab/Damc4qAP/01DUQ4PztmtXs3Gg=,40035.0
consensus_latency,8f2L7g6C5Zj8GazbXW7orTz5Q2FIPNQyOHQmR4y5zp8=,40035.0
consensus_latency,8i5R4ekVFQCxhzlqG6AzozaxXIAdMmtF7dyWPpSoNs4=,40035.0
consensus_latency,82+8tnY6w2yVpLv2M8CkAyO/gRvIUexOAhuq87NFMY8=,40035.0
consensus_latency,90aPCjncF0CrEbASMDZR5H4oONFS+6lp1Fyqcr8WrUw=,40035.0
consensus_latency,+j0JiTEJlRJaVncokSY+Zw7DSea/cvXEVQwvy08ANMs=,40035.0
consensus_latency,AvIZKM6ghM0A38CD35ioW1wUAZ6jZLwRI0mh44DZcoM=,40035.0
consensus_latency,BQB7+kB5+nP2xQKWUoRECpmjYvY98Gn0sYwdYZrGOGs=,40035.0
consensus_latency,BTt31YeDSgDVYSTupHj27QbyvVU+40HCdDfHV35v9xA=,40035.0
consensus_latency,C8LPYT6//BWgX1egrg0Qry7BmZt1z9eaNU9mlhebGTc=,40035.0
consensus_latency,DPK1HpXcdagOXTCoq4tg3BJ4nkU5M3fBePRkWHXqN64=,40035.0
consensus_latency,Dahngw7c2suwrOtEKFV5As5RjeiAvyPnG36BQE72Z0k=,40035.0
consensus_latency,Gj1SKt5pBMfjLTmUOPSEEN85M+2mOHVR555kjd+hIkw=,40035.0
consensus_latency,H7Uzxp54nzLfcyKcUXLXa08CGsHcjw8lEOKyON6HTMM=,40035.0
consensus_latency,H7x+adCgYWnTTHChFkoHOATJt0qmmsVOUrEKTjfwoQc=,40035.0
consensus_latency,IGyisQCwMQLnO/YSldoUjBKXjdRP9GRh5n5Eqhcq9OU=,40035.0
consensus_latency,I8KSzhBrx9mbFQzFfrKPqS985qS4o0bxZhvRWarVj2w=,40035.0
consensus_latency,JBHmpWSfUIw3hEZoBz4pmwLpy/vggRITle2zRge7vX4=,40035.0
consensus_latency,JsjN03bgk04DYRN+lvFaaNr+LQlPfyTJ+o5jR7X9I98=,40035.0
consensus_latency,J7k0RlTI4RFwNjoEE27bt3+BOJVReUBmdXt37nfLN88=,40035.0
consensus_latency,Kd5oGTmPE2uowxStgh3GVe6rNhB9r1+Z4lbQlhxoxNE=,40035.0
consensus_latency,LaOak8vDe14jJvq0GUKYJSUeuC3BnISPP9lHrfv9WVM=,40035.0
consensus_latency,L43OKv9dNJ5bz0Zq/z6i3qunSI841ZfAYQndLhlZ4uU=,40035.0
consensus_latency,MFjefaYxBVAyXyjXNdfTZUrm+aSAdzXc4DWnMLRxloQ=,40035.0
consensus_latency,MI3cYvws100xuBSCPUNZUWbRHE9qR3cU2kGXkMEf2Qo=,40035.0
consensus_latency,MvMlHDfVYfcScNT4OdGYFT8AJpTc0UFyDxg8Jysyl4w=,40035.0
consensus_latency,M8kjLvY/U474k7t/NWKciNiguploDLRmFR7YxtPz6MY=,40035.0
consensus_latency,Nd5yM2S5bmSoKOwfXfrf84tKJtcYCXIFzLcT9E6YHqU=,40035.0
consensus_latency,NsF/mhUbrNuqEeX1P1mGv2+HbyG5ex1pgdmVov2nKME=,40035.0
consensus_latency,OLjA9fzg+ZQa/VyxSsqN6dC1lLNJ5dVHQm7O+U5j4F0=,40035.0
consensus_latency,P3iA6c72ClbMxM0aGUfipxPuUluycr4zOVJqzERGrWs=,40035.0
consensus_latency,P4hSwkch1MxC4wZoo21pcH6LU7+H/Fn9IknrSP6bmXM=,40035.0
consensus_latency,QcPz95N/d4hv0hGdLPrpFIXdmI+SNFIT8AoEU08HsR8=,40035.0
consensus_latency,Qu2Z9D+hDuczTOFpFQeamfoA1b2K2N+B6K/Ii5skGiY=,40035.0
consensus_latency,Q7AwKfc8xvfLFlddtYbXzB9ntK5vf0/V8HBi1DvdTs8=,40035.0
consensus_latency,Q+Z9urIoWMK0RD053aR5sLx8Khiv2fR8iIGJ7cEuL7I=,40035.0
consensus_latency,SRtNQ7i4jSFr3pD2Eg6I+OXZliguX5QUeMkKNIh7jUg=,40035.0
consensus_latency,TyKU0lKWkV6olHcYBFp2Uo1eT0ebPpVqKpNcG7SBqB4=,40035.0
consensus_latency,VL++9afTu1aFqvm6KaKqwj+KihJotkL0VVlgMcJmBp0=,40035.0
consensus_latency,Wk4xOa3pS4MK3KOjeN1XwutBM7IhiTObPMqzBsrVoaQ=,40035.0
consensus_latency,Wq7ec/L/pbS1Y40j/GZGtuVJ+z3KDDkaPqw8B3GKUww=,40035.0
consensus_latency,YejhY+n/S1s7U20X823cjODaNdMz07tz5aDSCTua4hw=,40035.0
consensus_latency,Yj3flEBIA7FLmM2o0teM9oswKn0v7EHkwQO7ot7fzLA=,40035.0
consensus_latency,YxhEK1FXKLmY2hkKvF3Vm2pJasUd+ynFnhb8pKmc6k8=,40035.0
consensus_latency,Zb7rxMNpcG1FRM7WtuigHQflrODyNQ/qNWjc0HGKueo=,40035.0
consensus_latency,afsUDIiSbfjA1mpg+kLdjh426Vn5OIkd6iafzwTwNw4=,40035.0
consensus_latency,bbyTmYyd4jlvLeInESaG7jrKmrOobKFVlstJ/FshKEM=,40035.0
consensus_latency,cX8K/2gugX+NyMhbQ/X0sesgV5+m3zWstyYx4bo5zcE=,40035.0
consensus_latency,c9+R1ZeWYLVnQElzEeFKv/R0N79HlpTuzmas0+DTznM=,40035.0
consensus_latency,eyfcJgJRdkAjrRC6k2AAB485MuXxTL7hSaAv+PqXRZk=,40035.0
consensus_latency,e5f6ktvES+vAKwz25c5gAHLHJ5WHciex6+hBKmQYKXo=,40035.0
consensus_latency,gc4VQz9U54g09PIXxVoIkhaiEE3+GzGqRJGVwuo2sNw=,40035.0
consensus_latency,igjc4ljherGqv3okreFRNE8jOlhJNYxtdLJGrdfqVwc=,40035.0
consensus_latency,ilsh2IXAgnwpHROJ6jh7p9w5pSlMgmEZda5zvL6vjv0=,40035.0
consensus_latency,jxS0g9FIta6xK6zcpHcCTHOTYoR3/fDlVJV7jnHHxow=,40035.0
consensus_latency,jxcHbD18VAxcf+4qJhbU+HLK5U8qDkv5RLukEEqFi4E=,40035.0
consensus_latency,j6KMNj0y+bFV1S5+fam3yy/CJCQ8yA27RWrvcK3+qUE=,40035.0
consensus_latency,kNIQpwrfp94GSNtWSyS7/y2lAzVNeoMaK5B07zJXEo8=,40035.0
consensus_latency,kcsPMg9MIPxtqUdaIr7P+TpU06MGJ+E3eutBckKeO0k=,40035.0
consensus_latency,klIz05bfqTrtJ0WU41IzKwqlVhmQQ33dwVgc+l1Ww5k=,40035.0
consensus_latency,kmJcwTQaTXpq/PwPNf8KXORakdka58cEULzUeaR2qYY=,40035.0
consensus_latency,kuln52G8sYmfI2iKOiqZqrKSR0ho+ZzmdkuqKzAB9mQ=,40035.0
consensus_latency,lFVJVL33K27PrqJShNzJRSa1Clj6udrQR1UEg+tsRjE=,40035.0
consensus_latency,lSU/0Cte0ZHNanc62wMeD0uu3+s9qaL6NRGdYxOZVLA=,40035.0
consensus_latency,mkH5mEdr9sUcsktW6d0aVrInd/vgR6BtQ/Br1EdvVDU=,40035.0
consensus_latency,m4yHCFgB9DYuvr3UoMNUVca29avW9M2DpW9q/TPXL8c=,40035.0
consensus_latency,m+QA+JQdcDIptQIvmZGSIFweMgRth1isJV+ZxUgl9Ug=,40035.0
consensus_latency,nAp3whGqudObJI3V6gxalYZgOW5lh2V6oyM/YvSuvtA=,40035.0
consensus_latency,nHfDchh5vpAhXWABpjrVO4voQKVWm55SZChpTESzGBM=,40035.0
consensus_latency,obdtlYhMRazRtWjdfob0FsbvIi2ftm/+UpuYuHjWgxY=,40035.0
consensus_latency,od/ZJM2EKWfpP7+2ShjVKIpDeu8ye9McZhrJqzrkTSs=,40035.0
consensus_latency,pdJlp7P/sc4kJyOb5UeAbB1s2T0zLPyGKMC5Sc6AGqs=,40035.0
consensus_latency,pg4655jfICHF1bTBAGhJlukFESxBqahmrSnSIPG84sU=,40035.0
consensus_latency,ppzRHzf7FLM9CUoPK0Wqb9QHhm08fJ7uQdWLhaRArys=,40035.0
consensus_latency,psriGDZSy0E58J9QAk3+XGSZDUThDpO/6yIJ56Smywc=,40035.0
consensus_latency,qwT8XNP9qa4tTRkSEcKxPDbWA6NzFVHBmd+exfOw8EQ=,40035.0
consensus_latency,rR+qRF3fNkH0JhcKd36X9wZESEl0tI37CqXh0HqV4fo=,40035.0
consensus_latency,t4ojs5B0Y8zVe3qp0XM5mqKZwguMxVkayN8PLrwRraY=,40035.0
consensus_latency,uHA9BqAGw3fs65yHnXHefBBWyAZvrwM5bSm+oGv5faY=,40035.0
consensus_latency,ucFS8fF7PNQCPuO3dtsT3M2V8FDmyfJmukYIHftYxSE=,40035.0
consensus_latency,vk9Vjy3xmetO9CTETIJnyMUo/LTp5M0JFVGfGWrTE4o=,40035.0
consensus_latency,wDBZZ5NUigTaMCZb1R3UNJPl2nG8/2CWHqKAA8jnUDs=,40035.0
consensus_latency,wFUixiD06A/CSW139mlTaZ9NlCAbJYu7MWp3eR264Q8=,40035.0
consensus_latency,wvV5ApsOOgre+I/hax0tJ4eJlwBpj6B4otaai3N3xmM=,40035.0
consensus_latency,w/JpvM4HOgcQKThdI/35goQtIsFS3tDouoG2dt9ekIQ=,40035.0
consensus_latency,x4b5f4uc4D9QdTCrxTHEIPp6W14ThrDR4VJBSBnTUPM=,40035.0
consensus_latency,y5NSZLKWlmYrYKzkNUtrCZgLElNhlpbLAskEAXvhQLg=,40035.0
consensus_latency,y/mmFnpzEn6WyeQKVRB36J7Alx1xOAIZp2q1eW/mf4M=,40035.0
consensus_latency,1OhFe3Q23tuF01H4/8YT4FOw83mjm1CaKL8JHnHr5Nc=,40035.0
consensus_latency,1x9wj8V3VoL5upRggJQyi6T/GXf59HSK242cAZZa2mo=,40035.0
consensus_latency,19ooyPQ/kPUCZRwW/J/Wd9lqB0EGbrLFMEi5vlaeoB0=,40035.0
consensus_latency,2M0lvjhsTGAVPTW0JTHfmyBTIYmB+oESl8TfVP5evm0=,40035.0
consensus_latency,3QcB+ZwL15QIUT2WWhxigWwTAE1wb6aCFvIsKrWBnfs=,40035.0
consensus_latency,38B0ljnZNe5fCiM9TgCiYqIxcfqRm8DByRLeBKnmeIc=,40035.0
consensus_latency,4nJo8TWSfJ9m9LL/WbsQ6NLPyqJ/605WWfb3ufVbVPE=,40035.0
consensus_latency,5OzCVd3eliQAltlQbpJb1DkUHxi3rEtHXkYJS/2IUas=,40035.0
consensus_latency,5YPukHZDljg4v8YYvbZ8iQ+9b1uvBE6Fmmm9Ezx+AI8=,40035.0
consensus_latency,5l9kKRqkaE3mTtgqMlWFdGATdab9upcZyz3j0XIKYuk=,40035.0
consensus_latency,5q1zgQl0b9byaf7xdgO3cIbtSFOQqsMCXTSj5YWgcqo=,40035.0
consensus_latency,6RbqpRsMM3AM2sNOB5RK/ocMwPEJmH039wI8TE7ysUU=,40035.0
consensus_latency,7cdvkmVG8X33a1VFytZWkEPY64dJUUgdz/Do2K/bCiI=,40035.0
consensus_latency,8JFbj6Smx8WBCH3arMcP6Tj9M77w6y1a8S3Bvr8sEQI=,40035.0
consensus_latency,8otSIwVLOCQdyCeQDy29YyVNghHK3gmCPDhKAV3mC1Q=,40034.0
consensus_latency,9FzZ69xlt4Yx5RgbrDYRZCzdKgioK9lfSuaKEAhCxtQ=,40034.0
consensus_latency,9HV9KjLd68xo3IWztpslfNK4tEIRCRVLQw5rSsgZ8Fc=,40034.0
consensus_latency,9xITytkArcy+FFZ6r05t39Fecyr81dAELd09h8ZC4/U=,40034.0
consensus_latency,+NoBxV+w/oahrz9xXmeQZ8EvAut/5XVsRkd98nSq4zk=,40034.0
consensus_latency,/LR3XuAs/ISc1pRTlsD45qQEwKwTSUMRDtJ4Lnc7WM0=,40034.0
consensus_latency,Ar2JMoCVl8QK5g4kRfMnySjuDXXp2PbuwwcGAsiHzWM=,40087.0
consensus_latency,BbRngJkQGh5awVfMpmatoeBMPJUBE2Jc763MyMxtA2o=,40087.0
consensus_latency,ByaspSSWarENb+K40/XoaxgQXXEBAFdgn1JGqg84a74=,40087.0
consensus_latency,CAMhJscAK1Kygq9XXVWp5hc0C+Muf3EAi0PR4e8k9fM=,40087.0
consensus_latency,Cy8VXcJwhvnJWKm7Hd+wSa6Vtu/vi60NuEe7fcWHB54=,40087.0
consensus_latency,DcZaBhdYYScnrJmK0V2OBvjqGJeKhxKRTfDcrma0ocM=,40087.0
consensus_latency,DeFnQbiryuDQsN4Rf8kluB5xNPbdsqeXBp+vNDkbmEk=,40087.0
consensus_latency,Dk9FfTfjrwhPAwfXlc6sC2zzTAkq+hhK7YgvQwwUqBw=,40087.0
consensus_latency,EtN1bqsiBsocSRL4oxQmxYsur9NStaPOlPE9TzsbFKY=,40087.0
consensus_latency,E11UpkdoJ7LK6Kym+iXQ7pEGcSRIu34rDgU27611ZYQ=,40088.0
consensus_latency,E3In1FNzboZZO0WtgoixrYX6n4cg+uk6nCL24cm6NtU=,40088.0
consensus_latency,E4a62oMMiZ4S4O3R/PfXbmR1R+RiML6HF6PjORNOtk0=,40088.0
consensus_latency,E8rRbU8D4zL+2f7HWnDyPqc98NlcGbICX+CM+jbNoRs=,40088.0
consensus_latency,FUaCkH7Y2rCtz21VZNEcoKAIuXEwNxZD1NcdiHlZSz0=,40088.0
consensus_latency,F+FsVGeCq4rcfB0dJdzaA4aAHF8+X4Zb9dxfhBnyFpQ=,40088.0
consensus_latency,GWHPvN4Tfvj1bL4rzxh66wWX0MxZfhE+/nCzd1wbSJA=,40088.0
consensus_latency,GeHC7clMn14RAFD2QSgwlWkiyD+YatXqdBy038sfq0k=,40088.0
consensus_latency,GhLy82+WwtxgpxsVJGehzKL+JXhZ/p03aAB4fBjoDds=,40088.0
consensus_latency,Hdh9JlyIbjix2vMNOYsh9rr24qlXNjbyT9jKP6Ga0h4=,40088.0
consensus_latency,IsLVV5oyrCefXRrv+bmRueu/3XjttWDMONnX3dqEc9A=,40088.0
consensus_latency,JBbYP/IakN4lJ61rC0FQpMo2uTxdyOO4oFcIc8+QRjo=,40088.0
consensus_latency,JLyOSsAcAGUgM2W6Qigk6/K70Q1bZCB4wcGgFeprahw=,40088.0
consensus_latency,Jg++PbmxgEkNVLsX/m6syXcSTLRANsJeapv42idv3UU=,40088.0
consensus_latency,Kr4K1WanSUpqKC4lH5L3VvqtQ520BVEzQxYdfMSnS08=,40088.0
consensus_latency,K32AFmtqEc6iDG+lgqrvlhCEMaNNtm5d2MUJ3oqjxEA=,40088.0
consensus_latency,Ltgf6yVyqQM89V8Qf3Qsxdd6oh6DSkQbueScaYYGMaE=,40088.0
consensus_latency,MT/WqEPps/IVlWX3DjCzLZjMxXKSxxN/A+s/BAGIoXI=,40088.0
consensus_latency,Ma0Zx1Kb+bfDHCBrNPvAYd744tLQakV4Ymlgme9mC3k=,40088.0
consensus_latency,M0zKAYnacavqPcqmKpwNxUrUV6b5uDqXR6cJsdlOvEE=,40088.0
consensus_latency,M7y0ticPYkD21ijRUAteFrv6XGs0X1NAgKn0kOa7ii8=,40088.0
consensus_latency,NP9tnR0LcBZtrhdakzfoN8Ukk9+/nDB5PNUhQv+OgXg=,40088.0
consensus_latency,Oa6JJrRTN/rc1eO3U7WJsIECld8ZQMXiijjo73brsUQ=,40088.0
consensus_latency,Q4T3/lrQAfXBY2cG0HTxDTTqHDL6S3VNmuN+ZLMjCkI=,40088.0
consensus_latency,RczLPFII5erRO32ewEUWB0axjFyy1v/qH0Fp8ldIIrY=,40088.0
consensus_latency,R8UdWchQlI/P99O+D1mpWf/63oI0mGXy0kfGAEmGspw=,40088.0
consensus_latency,THe9vstwi2X0bTlFMSX+njHn+JF08mQDSq2N0lh8vjk=,40088.0
consensus_latency,TOagZw+ZyJIzK0KdZ/nET6/DoY7L8VV/hCKtU5ry93E=,40088.0
consensus_latency,TU80WSO2PqdA3d+13gx7WzWpZaDNS0MLTiFwQFM/EJc=,40088.0
consensus_latency,TvUsIcjjmvgcv0DNq+RVlCgmRJPeS+SD1XSwsftzcHE=,40088.0
consensus_latency,Ujs+pQLkboK7Kja77ppAX/Z1f8j/2Ak9NzHXSoaW3VA=,40088.0
consensus_latency,U1Hekmqq+A7zL9aWpzgucb5SAxe2NL/+xx3NfIlTxFM=,40088.0
consensus_latency,U3D55iQTlnFzUNsG+78H3VDeEpvlAVVrQNP2xRtoH7A=,40088.0
consensus_latency,U/CfsKxZyg9lz+cOuGF53e26KaUgmdqvQjJmJSMQm0M=,40088.0
consensus_latency,VOY5x7X/ekWaxsOIpJZF4dbP2fx4xRjPcs6V6ViiYs8=,40088.0
consensus_latency,VUaqbbluOWXoy3CWefnavqKeJCVJcafqPGILhuQS8P0=,40088.0
consensus_latency,Vxe0tTO/Yvn/StOnUDvRFApZQE9IFpdtfnPdcYJ9bko=,40088.0
consensus_latency,WBkFVsui6e9Gfn4GF9H0dnTjlN4w8rLJQS3R0wDOg4E=,40088.0
consensus_latency,WwELTvNOcwWbHsjPj/WvdXbj/BZjnvBtHWEtHLFTX1Y=,40088.0
consensus_latency,XfmDV52HR4zSniUoJo6apoQRW8ndtkK1tqqN9m1uLc0=,40088.0
consensus_latency,XmVMw66R8GZqmCB10EwP/xCFvcbsPRcLA6pZmGUOuaM=,40088.0
consensus_latency,X6NEVFN1HHOHVpae673pguVGR2fzdDpMCM8jmwo5LN4=,40088.0
consensus_latency,YIPZJ/tzThIFQeqSa52aPCcL62CER8qWaXMpes0upK8=,40088.0
consensus_latency,YZ3UaqBuqDOVNkpZDaYdcdaw3Awunmwr2+7Haqf8A0Y=,40088.0
consensus_latency,YriNvfXc8sLinNQ97Kzk48zEQpZ+prGJiLFByj/VblA=,40088.0
consensus_latency,ZpmAAXO0gXmzt/iRzSX+CD2glhfpQ5KxK2umSLy1Px0=,40088.0
consensus_latency,Zp3vWu1F0xxwsWVhHmR2EEUXj2ym/FFd9QCXPVNDx8k=,40088.0
consensus_latency,aEa11xFhzTHWa+GV3EfeOUenSOtxSofhAWSvtu8O8xY=,40088.0
consensus_latency,a2KiwJ2KOyT4a7T4tM90mH3k0Y7Tz6M8KGg21IfC6E0=,40088.0
consensus_latency,a6O2EMfiZMsh6m1iOQeoCahp4jjtfMe7K/5PO1LGNzc=,40088.0
consensus_latency,cuy5BgP+sCWIWFsmAb2sGVk3slBq97LEQd+9Lwoa1EA=,40088.0
consensus_latency,eIF/liljc2e6J+8Mn2fOx/ekcuDokUKCMdeZdan01So=,40088.0
consensus_latency,emNZCrVeidbuaqCXULiQrMG8/8MaIi4Q7ISwxgsbE+o=,40088.0
consensus_latency,e2VWZ/+NvofBKISR5ij0iiBd+s0b6fN3z9TU0cOk2+M=,40088.0
consensus_latency,gG228DnI5CsN8/scOVSlogiBdFQdMrGwNNizHVQRP0w=,40088.0
consensus_latency,gh6gFa/mWaKc0g/ZpqroRCHqfw3MASRbyJK5vEqflkc=,40088.0
consensus_latency,gwH01aGAcHxvuyYAyUbGe0UxHGVWl9Q7f9mwcE8IDYo=,40087.0
consensus_latency,g1Oxal/cQSfAtM2MMB0u0bYKaDwZkilsT4gWUAw28FQ=,40087.0
consensus_latency,hOrMu9MF8EYBVDusmyfNzNDM51oIciZsJJb73alq9VY=,40087.0
consensus_latency,iN92tvvY6TeSUeZRF4DrQ9I7WMdQJGzuKRDZ2heJngA=,40087.0
consensus_latency,jDhwZ++P8fgujV1gsL5RSvO1ewsa7Hi31hxLvm0fP7Y=,40087.0
consensus_latency,khF8p+/ZLhaPR77DUG5Aztdf8L3ShRKzL3STbToEHYI=,40087.0
consensus_latency,k+h8qMz0s7FXMcOFYw7Hn94aHNetZ2meNs495YxIcBM=,40087.0
consensus_latency,l9I4FIaRVQPblpQ5YvBsXfd8196Rdln+zLgoSBvOV8A=,40087.0
consensus_latency,l/2ozGaqJVoS3+jKPUh7YWamVLyhkY1jMNHCiFqKd54=,40087.0
consensus_latency,mhtBhv7qEwa4xh1ei3M5no/P9PC2V33f6+AsDiK1YHI=,40087.0
consensus_latency,oL9k0zhwb2ZFDCiFH3NFHIEhFt065DrXqYLF1YW7qsU=,40087.0
consensus_latency,pR+9nioz5uVfNeVQR2TTzWwH3Ch++2v5wYMmykcomKY=,40087.0
consensus_latency,rnZwNYjnViahvk9O4Tf45rQ/PdJNCbF6xYK2V5HsVZ0=,40087.0
consensus_latency,ruqelZCWaoHwn+errsDWslzi0fg8xg5fXHU5CaktjNk=,40087.0
consensus_latency,sIh+8QOePAOV/02eOYQSregMWBO528Rw2ZdfUQpJB9M=,40087.0
consensus_latency,ssROlpcxM5jxZoe/6bAiRjNiHpSwVcEXq+lMTkUCmFg=,40087.0
consensus_latency,s34gr/iulyQtfwUHeGVQblpnyE+OYaJ0kheGnPfHLg8=,40087.0
consensus_latency,tObEgqBkjajNFMjACy4HdSfqwlYeqqeaV/ANLv/qYTA=,40087.0
consensus_latency,t6a8ZAXxPyNPFeVN3XkiL9xkYakBET/ZiLzhBTqCzhQ=,40087.0
consensus_latency,t/KP4UL5eSmd0hHQ8PC6ZwSczY2Qi4vj6IOJILxvH0w=,40087.0
consensus_latency,u0FxGr9k2LYkXpJ9bVUPPYbNsL2KswWyw14YQfWQqJ0=,40087.0
consensus_latency,yopLjZ4o4yrjmzkKeCr2Dff2lG7SpM8pIZHg5iuf3Eg=,40087.0
consensus_latency,y+A7VF9D+hj+TE435iWfcOKzIZBZHtE711587qNE5YQ=,40087.0
consensus_latency,zPSBVYvh6J6GuwUAsqvIltCTRu+yO47oXLVde32nVI4=,40087.0
consensus_latency,0C9z3ZxkNIFpKE2UvwTlPakJCo1Aj2EkeQVBYYmqXdc=,40087.0
consensus_latency,0Hwy1xjmM0gSezLgt1BsrMG4dq3iAFNnTfPZ5S8cxYw=,40087.0
consensus_latency,0YsV18cyapBGd5xqo9TOTtmQpCydGpGtcI9OMOoqzwM=,40087.0
consensus_latency,0biz3ha31c/awZlPq0QPUKUVjKb6LL5AMkRT5jickkM=,40087.0
consensus_latency,0cpkjrEXHwg3YOI7lu7pd4bsPKSeY5cdFO9ElzUh7OE=,40087.0
consensus_latency,03aYveMhRWFV2NBXxrNCLElrYEBAbUAAGiuLbTnNZ9U=,40087.0
consensus_latency,0/ueEmBrr0Z6cJhzM0H351GTmia6aKicJFM11oTKyGw=,40087.0
consensus_latency,3IAxZh68ngVRiSawb3rgd0w5pc5xmAKRk2haW7xmxXE=,40087.0
consensus_latency,3mXU88c7xMIxdUSl/4ft9i6cjk24x2x3CLsFHxAK6vs=,40087.0
consensus_latency,3mq7UGdWKZDvymK//Zb3gmOE1SZNBrhTyNaFxoSGQYw=,40087.0
consensus_latency,3uQ0opEks5WkRdRxJfWSkkbqUhCJhw438ZNOJIJtTg8=,40087.0
consensus_latency,5AR2+JQs0PSr4uhuLCHDdVjDuPHgvY9epeI5LEPkXVo=,40087.0
consensus_latency,7ITgFPG5gBU6EQQkrdH1MD692VdnOWTdN+8MUKaa8i4=,40087.0
consensus_latency,7TXOOPWmbALXT95rHJMpC820WuTSBtEnvu3XF4Zof/8=,40087.0
consensus_latency,7934OPeSrJF6YjNaaHhOhugHu9nwM+GGw4ql5zrYxw0=,40087.0
consensus_latency,8BGxZ/PaNaE9STFRvwMO7EL2FAHlAvyGcTUTYn2Yq7M=,40087.0
consensus_latency,8OY++ux1cehTh0BXQbl/zmX9xVVXYi2K3/3dD8A0Wes=,40087.0
consensus_latency,8dQk66pexb0F0C7Eq6zfMadpeQUwe/LKWo1IT57FEQg=,40087.0
consensus_latency,83LaPk6RGQbNZHLGk5yF15kzvjMzPXtLS10rwbIAtMM=,40087.0
consensus_latency,9PjN+NoCgvWzsOV6AD3NHloZyQuKdTa6Kz4FLG2mffY=,40087.0
consensus_latency,+SSZbkcAVzBy6IT00F1gIPqHLvuOKygI2d9XdDtspkU=,40087.0
consensus_latency,+XprABha161nZ32QhNA2QOHRDOA5VM0pDm/zpDA3p6k=,40087.0
consensus_latency,+jWB4Pf2tmLai7/h3fPUg2/KBIlN7KuQEYhKlyrMpkE=,40087.0
consensus_latency,//5CGuvaYY9WhGuttAAANXpLNFfLaF7tMWLSlsfYdjk=,40087.0
consensus_latency,AIWO3xBo/4uJYIG9eAlSvSM582dZBRxEfvcIntRCxzw=,31999.0
consensus_latency,A+4kjGh4uja99rKwsG/036//uIg7O5CgcWiMhx0sO8Y=,31999.0
consensus_latency,Bd7N9C89Scmg6rK2/kUfgo7JiTgSa/iK+I1ZBa6Yp7c=,31999.0
consensus_latency,BiaXvKsuDEt6VYtpIk4PU4WJYgVeWmN8sZzbaf2pdM8=,31999.0
consensus_latency,DQfKf0029ZGEcoAiukWySx9OpjAl8GO2+eGWmOKSIvo=,31999.0
consensus_latency,E4IPy8yLexjMcPn53boZus9FRl5emzVu+KM7TlHmxI8=,31999.0
consensus_latency,E9toG9EPrAs5CYuI2N987fYbyxBxB9vvFBd7fSbrL2M=,31999.0
consensus_latency,F8stNCjfcODhhC8AAvMWsW45PZQJQ1kfwFw0H1rwpIk=,31999.0
consensus_latency,I8MvfUeFzQSRWWHtXZp4B//5CIIYjPuBWjJE71cmWUA=,31999.0
consensus_latency,JFVbUUDnqvUtpjM2lhNK9/3PDtQzsB9mpjPoKJVFNLc=,31999.0
consensus_latency,JNoEAcTOmckmO60nqg8H4h9zxJKpvDslvzpgzY1HgYU=,31999.0
consensus_latency,NlPhPVaQGDsaHodzDXrRefy+uHdKTG5mOf/Ab9IkbpI=,31999.0
consensus_latency,PcJ/1P4gS13vmcXORaHf7sRumOCj1OXzM0MRCiPGC3Q=,31999.0
consensus_latency,PcnIA8TTqT6qt0EYQOulYasJptOPlBSBFA2+t4JBiVI=,31999.0
consensus_latency,QmmE2pQnSUXGXSjfHB8II3yOO85htxbN3tpAEGy2idQ=,31999.0
consensus_latency,SkpBYVm+saoyAvNk7IPylrdY+f3fscjZ2bOC/Euc+wE=,31999.0
consensus_latency,S5aZvbzTceludp6WfyNN4oR4hRDTXnWVN4/HquCUkDU=,31999.0
consensus_latency,TBEhubYPWAjiOOEDHPY2JPfactfT4j5zml7BUHOKmr4=,31999.0
consensus_latency,Z4wyd4L0tG9yX9Fuk3zt61tqRvy+gvmTYQ739TdLWZc=,31999.0
consensus_latency,aX/n5Yf4mehNoxheAE7AFILdlpVu6YGzPcQadLeTnSs=,31999.0
consensus_latency,hZznT147GTMnJU/dRTOJlvLKMZcF7e/LATFlMGLMobE=,31999.0
consensus_latency,oS0aPexfk9Hnl+fuD5yEZxgBi6jJjHRzOCXTITZJvkQ=,31999.0
consensus_latency,pvLL8cHpXItsg7AcCq5AKbMABO4ZBC0tJMx/n9rEIfA=,31999.0
consensus_latency,qDKJ6xh0x6aYNYVQInD7GPL+QIGjMp4FHEaBHqBzDjc=,31999.0
consensus_latency,rzZilOCUgnKSZQROgjI/7+ulvzis53P+m0yIDuIrVfk=,31999.0
consensus_latency,tG5JofmEELG1ZTMf93xrKq8v4GUSJGzQfVwvgsXMS1k=,31999.0
consensus_latency,us2k1VZVlsjXMZBk9XykPAz+RCLOm4RIVjXnxi+CN7s=,31999.0
consensus_latency,xzsFBY4JR4afFZEBVzY5sPOiKEwSEEov7l31ReMofnQ=,31999.0
consensus_latency,zzxPm4tClWU59tJPt8Klv8HkFc6dRB5fDI+Nkmmbehk=,31999.0
consensus_latency,0GQDTRHMVuYqXRZbectednMNDox8UyL78LtrnY2njCs=,31999.0
consensus_latency,05KYlB5siSuB2YRPXiDyitmlGv8mborXuG/UbumUU9c=,31999.0
consensus_latency,08OCK1qX/mTi1r+Azej6tZwumAdfpfg71GaDHeVQfss=,31999.0
consensus_latency,3x2n9jf+oKFHItIJbqP/DbbNhbat6/gdPBXryamUN5k=,31999.0
consensus_latency,7P/ysofEztTpSA5H8QEN671WhkyruRoMXx93gEH4X90=,31999.0
consensus_latency,7kCouTqUq41MAlxRY2B6wO12uf04qfqHniUqc82DyGE=,31999.0
consensus_latency,ADT2RltJGuddkEV/3JtWD5hTuWcTpOBOta8mf0HIx0k=,32024.0
consensus_latency,AInsHCVmeFEkiISp2QmFL9brZOh6qHsOT73hGTwWgfY=,32024.0
consensus_latency,AVtQeEoGHVNBXbBtv+4eqHIO0nAtLCtxNBwJPdqbMng=,32024.0
consensus_latency,A4cHQcLu81T1AkZABAu1ubjcgY5f8jzCeCITnZW0Xv0=,32024.0
consensus_latency,BYG4KRoyzgsltwP2CM83wgsEtmZxJh35WnJoKrNxTYQ=,32024.0
consensus_latency,Bh8K7uWxDyxwBbMI+j9y4KRsTPEDzd0ec9cRwfTh49s=,32024.0
consensus_latency,CdOFpVfa2rjMbDMGrPMU0Jf6KSB6ERIB9glogpovjRo=,32024.0
consensus_latency,EjOiMp+E5vaqsfvNX1WKGeehoCdXUvPWvMm+PBmx+OI=,32024.0
consensus_latency,EyCVD5tTDsKpywRMepb54liu4r0aO2KbxxnHc5965Ho=,32024.0
consensus_latency,FdZhIMF5eLPLb2g64s80wcva62LJC4t4lfZPPqtxLaY=,32024.0
consensus_latency,GYsLGtzdAJ28iNW1hlTU4Z6RPHBY69v/o2tRD/4PRu4=,32024.0
consensus_latency,IBLz8iO3dIOmk/ao98H18NrU79v0sAEYoymwZv0pnEk=,32024.0
consensus_latency,IBV51lWxp7N5MHXIzkY3VcFlLN3UQsTKZRRWBYZcjRE=,32024.0
consensus_latency,IMkXZR2fsV6e+parsKXdeb8C8uoafWA3MDkEV8Zo4qo=,32024.0
consensus_latency,Iex14h7qUvz3aND11uWnYxMc8mhSIf/WB9BwiVUow1Q=,32024.0
consensus_latency,JK6u/4lqNQozzT68pS9j431gvG5hSz5z6cF1uun5u5E=,32024.0
consensus_latency,JTaZsyLVnNPU6+51X2jsbcDlOwlLNhNxGxcbzcy9NfQ=,32024.0
consensus_latency,JZu6E67B10ZrBK97CSRkvhLWYYRzSRyMRa5WLbDJo6o=,32024.0
consensus_latency,J6ZDUE3MdoYetTx9bVPI0oMkxhtqT2ftUs9G2DwvlWY=,32024.0
consensus_latency,KHdEZfFM94x8dGWYiq70suE5R1kz6F8rgTw1RH/OP/0=,32024.0
consensus_latency,LA+lKd6gjQjugPrdO1K3U4hSXAuU+V/9tA0eRvTxLC4=,32024.0
consensus_latency,MQyKfYU4qQZq8s9UgEyyaqFG1WhXM4AdvB9tnkt6/sU=,32024.0
consensus_latency,NoiR4TL7lTIJUDdC2c+S15BjDcSeaK9r3s02Ki7NaU0=,32024.0
consensus_latency,OZQ6ReDL8ApahbqzQFFUTzbmrOIdP1fJoE+/HVw7gwI=,32024.0
consensus_latency,P/HzIP7iMnHKqXSFa1P9w5B/DIn4sjHfNkkP8hXf/tM=,32024.0
consensus_latency,QKFJG/oft/8iYnJ6IoRsNIdROsmHLJJgSyrEb9sETH8=,32024.0
consensus_latency,QZx+n7wZR9TF4/cLU6epPEbcqpLiD8/HqJA/9JpIFrE=,32024.0
consensus_latency,QvvloC+Tucg/OK4y7oGCKubsjGIPLSghHD2mGzF4GY4=,32024.0
consensus_latency,Q5DGmWAvPA9lNODJPECb0n4KM2bRBh9aF9bNo0cz2wE=,32024.0
consensus_latency,R8exePCZ46TSnHyPO3Ko62aLbJ9pPDjfddfYqB2aX24=,32024.0
consensus_latency,SK8ASWYOvRBKKoJtQ0IBEFwAozQ3UnH/3ECilad7eQ4=,32024.0
consensus_latency,S8X7xYiajxx5PWhvsri24sPo03YbTxI5tvTrjyyNnaE=,32024.0
consensus_latency,TRDRHxj+lRzr4ZVFZ/6FPqu2MGgyEhrxNmg1aa2miy4=,32024.0
consensus_latency,TnEi8NYINEA6NFVCOXG6qusdV8eGIW9ZoqGXfX0fXjg=,32024.0
consensus_latency,UnfLIOZYPVMkRPoUEnZJLi8jYvweLg5TvSzKEYqxOMA=,32024.0
consensus_latency,WAi9jSg7IceblNus/PQ82tCXrZQQkfVe0vMICJcf5T0=,32024.0
consensus_latency,WUkJLhr9F4de//arrLkmzXEdaJ0IBeBBVMNnnmfGJyU=,32024.0
consensus_latency,Y2qeFrPK8vqd7nvQpG/0hPaUTu9t8RZWLu8Lgnexbwk=,32024.0
consensus_latency,azekTuF/vDmp3OEZzDcEXS5JCvE/li3XSkQVHU360CI=,32024.0
consensus_latency,btTlnz48Is4GOvFfKMYe7Nxt6UNoByJaoeVBGgExS8M=,32024.0
consensus_latency,cLcH2aOYH9WP+sFEQ4YSbQU3FLQo+3mkrfsgCjN6Wu4=,32024.0
consensus_latency,c6jX3eylLWqVpI6RXZTeFkBUyC1PjzxyaWa/0cWcUlU=,32024.0
consensus_latency,dE79MpOIRoYYlH/3ZvvM8dtx0t5pvdDl5RMPJwCoReY=,32024.0
consensus_latency,drFeTJ72TPU6Xi+G2FRiqsNgrNXIHEh4dzeEmpukJz8=,32024.0
consensus_latency,e0aIU6F49jZp2vox4ixo96FHwGsDoV9Eysgt0+C+BiM=,32024.0
consensus_latency,fE026gxEo6wlofx06bGW5LGAWaAUuvo4I6hqvZkQQPY=,32024.0
consensus_latency,gcAlTPvPRJOdvBfu1jqE9OLlA0xQbrGEwAIHKe3fDio=,32024.0
consensus_latency,gfK7NgQzjtSr3ml3Y2Tb7aztmyiXTfLiFgazoP/nSKk=,32024.0
consensus_latency,g7HfBZDrCqwC9kB9FYNklOrRGjyV3xNpN8GL0YxT1nw=,32024.0
consensus_latency,kNp7OvHS9GFsSdHvR7HGIgDa86Y/OKP0AmBk824ZLwA=,32024.0
consensus_latency,kauNNlMco8pXT2ykbwKYB1EwKDYEtYlAuwD5mnyl34c=,32024.0
consensus_latency,l8NdwIg213/L6F+eiOonP73rasul5pFPRHYbAo/RWes=,32024.0
consensus_latency,mG+0Z+oamETFQFXju18otAMg0tD3c/L6DEos8BZIfYw=,32024.0
consensus_latency,mI3vlmxi1nngsbiIOFQZ2uAfEY9XBjZEU37whV0dC0A=,32024.0
consensus_latency,nCkfudhSfcHHfAiAT5Ab6chHCDOFO464LeeKXLLMcbQ=,32024.0
consensus_latency,nQR22dUhrzAqn6L9ahFlv4dc1OjfSBl+uua6TVTlc9A=,32024.0
consensus_latency,npqavMR2jGyIbt/jR7NJTfXziAQM6jTxnvcLwk+DtHg=,32024.0
consensus_latency,nqM5FgWx9j5Zwk/IQgRFBh1RLhNPv1unjggS4khTd3Q=,32024.0
consensus_latency,oAf0fn5QGIlc6gWotJwtbPMUWBYc6regXd9d1Mq0Lts=,32024.0
consensus_latency,oUk7q/1DyZ4aMxH4V5bJAZI488HUjyo8EKT9TgHXeOQ=,32024.0
consensus_latency,o2jf5r9rqOl2jxCLcUrKuVvsq9I/gI26MG/1CxjwZwA=,32024.0
consensus_latency,prElpfwkqjTF2OXVKXhC2nzFEySXwgaaCxdn7jJToyY=,32024.0
consensus_latency,qM5JyTsd/jAewzA1PPXhQxfLvccq6Sj5nqB1pISMSkI=,32024.0
consensus_latency,rvDLdt39qoJ0xDn9/EHA5aePwBOrXcQkDLu2jJgIISE=,32024.0
consensus_latency,r6NRG1aSRnQmzrZp4ekQnIMjnVGXaSorUuT1YwTAn74=,32024.0
consensus_latency,s5yAnOH0g/JEFRbjViJl442v2kxBxyZ7vSA7roV7IMg=,32024.0
consensus_latency,vKwJ0RRS+imfj3qwsUJXEScqK9tkp4+l8ALPiRtkTyw=,32024.0
consensus_latency,vRne3iniQgUFB59P0f2fLoSRw/VQUN+k7D1VlCtjV+8=,32024.0
consensus_latency,wQYRE6jtImo7NdJDnALbIoomeD1m3lz8/H0TGw42pNU=,32024.0
consensus_latency,wUNKhaJt2EiDJ0wCvv3WjsLljzFqqowlNkAFwMqH/hA=,32024.0
consensus_latency,wftpJU6WDOGDq2OueNTKQJhYpTk5h194kO+CXMQJm4Q=,32024.0
consensus_latency,wnRr7hULK17+FUeYdEfOxVpapvD9zbVXTC4dRVjd0T8=,32024.0
consensus_latency,wpPcrMnheEHKqb9RohDjgiiYP/pNvtrU0z35FUvPF3I=,32024.0
consensus_latency,xOMTg2czTqP/mEZJem32pR7aZOe70cDxuy5kiZsK5rc=,32024.0
consensus_latency,xX/JriqipSvyZjvzvSS2yMcb25pjYkMGY9V1/aFJ96Q=,32024.0
consensus_latency,yM1mhZHWp44gn3A/jTrMOYzHENAwB3/PF5R5wS/99pQ=,32024.0
consensus_latency,yeDNxA0QrlAejwEqtuQ0YkSo8AKqBSqvyrELxEVIjXE=,32024.0
consensus_latency,yqA0PY93+6bFtx4/HvexbW7bR+bGOp5Jm/wlrmeCUkk=,32024.0
consensus_latency,yrPuxFYNb88xEUSkzkIjeHMMyfWMrib/ilulgbu9f2A=,32024.0
consensus_latency,zWu5S/q3ORR8cCtrmIJ7t4PNpLdcXMDlA/EKej3n1b0=,32024.0
consensus_latency,zl15puxfd+6AJ+E5lYAX4UZM9Zi+Uu/5a+9ZBI2E8OY=,32024.0
consensus_latency,z1vSYKUQIJQKVV3fV43rY3xMOSzdm1STwOxNEEC0h/g=,32024.0
consensus_latency,z66RlBMRbUOTm1AW/lHSbaccYBEqi7ZMuVxcIINUsOE=,32024.0
consensus_latency,0ba8GdV5q3gQ71as4MUR2KMqvVwrV/H33QbXOpj5x8o=,32024.0
consensus_latency,1Djrku23SpYrjqTiiCe3wl1FgnSZddrKZ8+XDgyRO9k=,32024.0
consensus_latency,2Xq0pRzeoy6DEdLlHmOH2/1F3yhbJwJcEpwd3jRqYzY=,32024.0
consensus_latency,3iGlC1R+srCy2ABapleMVxZyzrV0NhNOyMDWhwJn49s=,32024.0
consensus_latency,3mDjK8VtC5+sL3CWHq9s+5kmLdNHmALtcGmiwyAzLX8=,32024.0
consensus_latency,5ubOSN9XaE/G4RclSZT/bj3RRMYntoS2NgdRnQ0HYus=,32024.0
consensus_latency,54JQ+iEkqZFz6TvxwF/ZoIqMMfc0A/AuOL5SsDAmn7I=,32024.0
consensus_latency,6f2xXbkNbIJt6kgjvOD8c4bZsKyP/6fQZOFEYbP7S28=,32024.0
consensus_latency,7UyTI4mJfjZ+b+Kk3xQsBALZK2kZV3mSbaEY/gls72U=,32024.0
consensus_latency,7mPSc47P/Z+DKwCjsvk4ftgCVEgkOQ/HFwtdLuFlb2w=,32024.0
consensus_latency,9TZvOM+Z23MCUqNCb4jfV027gURpJRdvEgtEVBvNM1I=,32024.0
consensus_latency,96aLRWp/X6YYC+YSgXCw1B/GxGQh0gbtAv+QzBXXhCI=,32024.0
consensus_latency,+Q2OpRWSwLBAbpQnXnA4/s9yl3NlFiKQz1vTcBjdJ5U=,32024.0
consensus_latency,+cw28x9pRiggJKr4xY5fENAd4xhoTrFRJkl3N3RJYz4=,32024.0
consensus_latency,+hYbdWqLxty+wKFXxiQmVnGYspiFkANBjzyCd98gWcE=,32024.0
consensus_latency,/MVx/EtzkB4JT5gWQUa7vCOP1Ei1bNSsx350SsV5N08=,32024.0
consensus_latency,/WuQOOLLhmNmsSxqBg9wqDnMbBidD4olcRktlTAh5RE=,32024.0
consensus_latency,AQevIIgNAey/cGMAcBWf/n4HCGSE1eruHoS55PdYwWw=,32026.0
consensus_latency,As269UhNX+XFUtmVWwXAfE/QCKgr34ORuonrz2/xkIE=,32026.0
consensus_latency,Axgz992NA/UcH9Tyr2jjIrLmtA8FIO48RPmG+1hmE78=,32026.0
consensus_latency,A5EF797X1jnN2rPfQshQBBHuUC7RCfBBL92Pfq7EVB8=,32026.0
consensus_latency,BK6Hpcrf/Ys6dPwSsNMhe44wtH4QeIBlkcmB36894Zs=,32026.0
consensus_latency,BS9G1C3+ahmPHoutSWV9pgUrgnllzLi2vm2GBCTT/+I=,32026.0
consensus_latency,Baqm70E9Z10gk67ptT0/8pbmd9ns//Au1/bKWdMkRWA=,32026.0
consensus_latency,Bc8Wekp14gWhB77OeIcwZCXvLhRL9/53kdtLzLOXWr4=,32026.0
consensus_latency,BwPSxtE0gdpnd/VOj8fzJwUxvtP7qUb2y1ElQkThe70=,32026.0
consensus_latency,CbDZCp2eyrgkByiJz6i6DUWLfdghYIsf5PENfaizUtA=,32026.0
consensus_latency,Eqb8w+u8iBDWXuB/6S4N52HxMB0uJO3o90zYVO+2mWk=,32026.0
consensus_latency,Gnvq3w4pXiEZxSNyMilazhqZujcesnSMlzZ5XRnK/Nw=,32026.0
consensus_latency,G6xDeMsBH0YL1nDtxqzTMWObgVUHBT7scZlv/9+bzxI=,32026.0
consensus_latency,HgL2Tb+R8HRo8GAi0jF5PVdAKJRJh4m/7I1mlVRn8rE=,32026.0
consensus_latency,Hihir62ZdXCoPnWsx2wYff73BvbOec/WnD/sgRO0Gps=,32026.0
consensus_latency,ImsImta1IbDb1Dw/2p3ojo0CGhhStpPM/TTJzsa/zQs=,32026.0
consensus_latency,IokqUpWLwFp6dKh82yoA1gS8X5RGdvVwPSGPtTWC2AI=,32026.0
consensus_latency,K6z6ykNLCka0QMw+fzODcKuVcUIvUrjP6SPN38tbWDs=,32026.0
consensus_latency,LSq2ZCFGCauCTDti3HpOaQzl1P0NlwhO67uB+mzpITc=,32026.0
consensus_latency,MEnK9CF6RkOHZkjZ18EUnqFUw/RRQTqO7RsvNv6/Kkk=,32026.0
consensus_latency,PVCzDvjCd8yGY8rtTay57eAT4UcceSMG/f2QgGOgu7M=,32026.0
consensus_latency,RI/MW1iKBhgO/9IK3ALl6Bhd2eqzwcl2CijBIQ1bDks=,32026.0
consensus_latency,Rhr+odUTX6Wcz0rUvis1CqHcxL0BpIJU0EkvhwXWutw=,32026.0
consensus_latency,SbHSu0QV0tBYycFHw7zMwry4nJF+6Qpj5F6dzPo+58c=,32026.0
consensus_latency,SdYkc+Wj+AM/b6RtEeD72qoG/Z2cbuKwDtw8PIDu+cs=,32026.0
consensus_latency,Sdd5plSlEOwfCyV6DlYbiF/6mAcQf2mePyAdgDlSKrU=,32026.0
consensus_latency,S1jK4u8kRwOrEdAzBkDokXT8hBwTQOcbAIdw2PqUo8A=,32026.0
consensus_latency,TSVRsT/hZWnExLDRJVNy+lyZSH3PbXKmNkbxwfjqRt0=,32026.0
consensus_latency,UCWNFd+2TAWSizCsYNOlf3riEaLNdMUw4T3pNdzms9U=,32026.0
consensus_latency,UoUhsGvzQrD17ApOqIdxlnldcsy0Th6bP48q2juY6ho=,32026.0
consensus_latency,U0NHHhksGxEu3Vo+/l+mEiYWQ+PJpqpDAu+yxWB8ZN8=,32026.0
consensus_latency,U1YB8Lk4/fPDiVXDnfZlSJXrXbpVhYvzxD/qiJsgUKU=,32026.0
consensus_latency,WFu1AiZQ94arbo/7WpeTIsdFBGNlZDiFi0g6tBeQI60=,32026.0
consensus_latency,WNJax/rI/6JWv2+xNCeEnxACNt9ZhV6CjCJvzDgOFIo=,32026.0
consensus_latency,WP2qKMASQM7amPzTeTMzKBn72s7IO24lFagWSjdxY4o=,32026.0
consensus_latency,WTdJIGEIQM3he63TGG8fqGWN5J7RzPTRyg3YOTC4abY=,32026.0
consensus_latency,XIW0NXydt0IKSRg20WdcxB3IScStOzIrM9zmJ89Pu1M=,32026.0
consensus_latency,XS1JNzVwv/+v2xzBznLwe1xucbhd5YuJbjjLTFU4GY8=,32026.0
consensus_latency,XYnD20mTNCf9ak6BayYZN3Ni+EfZsSkl3QcixWXaLeA=,32026.0
consensus_latency,YsIu3iHwGAzWqlDKJ/83o4LRgNV3S3APQxgxu90ZWo4=,32026.0
consensus_latency,ZhTCUmd2PWlOzf7oZeJzMqzlg/oA60JQJduczBjbEm8=,32026.0
consensus_latency,ZiJeG3uVWQa2YH1PCXAv1sDQWi8xc/hxxfgNK7Rh+J4=,32026.0
consensus_latency,a4bNmk1DSHS6wtRiIP5bMmyua65ZkU94+1UUYK89h0s=,32026.0
consensus_latency,biB0nZHykCgp7MoaqQa/zL3F9uBcH/Mb1Dv0XQGB7Yo=,32026.0
consensus_latency,buFPcstS8GIHciFfWR31QjtuD2OxVVHGoOxweHtruEc=,32026.0
consensus_latency,clzkjJ5XN3lIDWcNIAsrIaeHs/Nd1+KKtxmQBfT5I5A=,32026.0
consensus_latency,dWLs5IFB/zpBl1CAJfFtGAOphlAJCeN4oOWxQKGFIEU=,32026.0
consensus_latency,delHOlqPbJUin8TMVArmZe0yMOpn7Q7pN8TpgIDFduk=,32026.0
consensus_latency,eX6GH4+4LEB4m2CVIKGLV3902WWK21r5jB94TDp5KrY=,32026.0
consensus_latency,fzPb5QzAN6a055fEc8qx8itTkCpC1bin/5tk7Eui/RA=,32026.0
consensus_latency,g2o4yysd6lsQA4yzeXFac7fL+3YTt1DbLfWrTtDHEFs=,32026.0
consensus_latency,g8z0n1dOjkrPjPDiZf7qHCrSuFb5WBLg0p9L2alYUmg=,32026.0
consensus_latency,hyrqMF/4fG4xVyYTGI/hDS7QV8+8y5xGhGextqv8N2g=,32026.0
consensus_latency,ibcR1/wt+YhaATtvLAnt+OJOxt73hZjyhMZ0KClGZ2c=,32026.0
consensus_latency,ie4/80bYN312KSoUbpI6dXs0Fzq9ZwmbBCxlj54hjzY=,32026.0
consensus_latency,iyEWo29Cxn6Sg822TO6D69SYoPaU0sMTHM7HTpzZH30=,32026.0
consensus_latency,i3QYDoJ0tZsenMRjsvm4MU/JUDhKjyYxhQavsH5RKB8=,32026.0
consensus_latency,jGJlyVw01iFPyGCaHg5BDjShBEDyUfkV93ChNjEc92o=,32026.0
consensus_latency,jiiAEsoypJ39oY5xuuM/kotGU0gIp4agdmDI1zoq3Xc=,32026.0
consensus_latency,kVSbK0c1K+n7rTikOHuQf7KmrGVXmEBIXh93Typhvr4=,32026.0
consensus_latency,kV27scB6jXfF+MF5Wkv9916ocyzqZMUlan7hA4KM09w=,32026.0
consensus_latency,lFg6tjHLh65hKV1xcS12OAigAt+5iSH8lh6oj+MJZpY=,32026.0
consensus_latency,mdIMVD4X+03sBjUwB3zSh1ebHSlPar9jqq/2Z1PrAmg=,32026.0
consensus_latency,menvN5P9QLdbKj6XurfAl+shPm0yeodSqDwOeGX7of4=,32026.0
consensus_latency,nLwVsYjF4F37W8VuJt0m1/JYa1rirM6fZZzhEEiyxVY=,32026.0
consensus_latency,nNHfF9DxAwBWEihC0PfrUPUuvDObh5R0xlG7IdvQQwI=,32026.0
consensus_latency,nl4q0qbM1cDMUyDAr3weIGniq2QHgjRKGfw+SSJ29II=,32026.0
consensus_latency,odjChhxAbmAqMHXAhUI8Hmppjfmc5LZxp5NNqrIYT0k=,32026.0
consensus_latency,ohspbmWTzJRZ+0hqpnZOhzoEXVWwk9J4FZ1z2YF2x4Y=,32026.0
consensus_latency,owRuH9iZw2gKV2EdbHHzJH45J4X2p73yPpB1riyYFLI=,32026.0
consensus_latency,pCGdNYj6iWcwZAsCWFmz+dwSvkpir5pQJwgLTMOX9wM=,32026.0
consensus_latency,pR6QxF1b3ywI0U8H6ssO7jL040UDTkvb93BxxnqSX0Q=,32026.0
consensus_latency,pWCWoWeFjHmUj9vwphpQ4VpSvYUoVST6xPy/NYXWGA8=,32026.0
consensus_latency,pZQOfqy4g22k51p8Q8SuMupyZlSSciZba6AZTL1blMw=,32026.0
consensus_latency,p1/YzQuZt40KtxvJLQy3onZZs6Q4M4yCzRkVA70/a6A=,32026.0
consensus_latency,qY1zSgteqvzw1IyQu0fffvpmS35dFwXS6J9Suhf0OH4=,32026.0
consensus_latency,qwsVgKkKQ20F4+rQ4hQVOhVcpXe5HqPBQOUVDpnEF4A=,32026.0
consensus_latency,r4luPph1ERZQlB+GQ2THp9mFGnqq5jc3GP3rEgDSW90=,32026.0
consensus_latency,sdzXgbahItTeZhrHi7n16QU2GrEMk0fJnHi3/bydSDY=,32026.0
consensus_latency,tPfLDkBQK94/RxjtLpWxqzkcp+O4OVZT77xdhJaNLNo=,32026.0
consensus_latency,uB1mRWAAkKg6lQ7zxSOtKt3x/6YUvXe1ykn/EWd0w8k=,32026.0
consensus_latency,uVvD0GGaB0Os/8ekpyzOQ54WWWy/mClDFuWETTPCUms=,32026.0
consensus_latency,u4iPr92p64/8QdstLD2cdCajkPno3qnRgG1wyeeVxTM=,32026.0
consensus_latency,vsjhSPuqUFcUC6s91negzazkjGWv+FF15AxZvi/JKik=,32026.0
consensus_latency,wLsICevFla+c6AaUanB+Up9QR6GSfGjmR/T2ZA4Fttk=,32026.0
consensus_latency,wVxNFXAsN8PlsH77ynGAU43eIF9NpX4knxDZ2aMVY2I=,32026.0
consensus_latency,w5KJH+SrmUqcktspj3oA6iAVtSnSKnqqh+J+/UV2IJg=,32026.0
consensus_latency,w747LhFmQlJNu4VHqQF4LYLmZ2fPniXmIJdL36iML7w=,32026.0
consensus_latency,xn3jSSBrbrOP+TZVn5W1y/rgstq6ZqLfCot2h5ty9xw=,32026.0
consensus_latency,yASexUSLd6GZfek6fc4ma1OHuSIB+t3S0ZFdAsDWIcM=,32026.0
consensus_latency,yN6PcmknIGNUtTuAGQyHXjeIstftVubyhYh7Wx4ehOw=,32026.0
consensus_latency,yu1c762hNYmdTynJZGVfOmqf1J3f4KqowI9e8fFm9fQ=,32026.0
consensus_latency,zDCdVJhupqQEpf/H1fBjbDpTOYk5tAZ5Ma5+3KpqMug=,32026.0
consensus_latency,0Yo3zA6udKQ1s1KSVVFcdEL+TCRmOQnwhtpX89AxRao=,32026.0
consensus_latency,0abco4dQMmisW0ikD9gIaWsiopFeCNLaGCaWaHWmXlg=,32026.0
consensus_latency,0lsrV0rNmlyIXHS/sE0Eo9roodCLsLX7hE6tDRgxcJ0=,32026.0
consensus_latency,4PhneC4myc/Rtz+gq1XVZX1wp2Q4Kdhb/7zTSrPHcEk=,32026.0
consensus_latency,4/G/SA3lUwP5lb8cWJp5SGZye6BrOXH7ZUgc485vTcs=,32026.0
consensus_latency,6YSasdQ5ad9ZzbtinC+rYpinBL7Z79aEMsexDzBXbF8=,32026.0
consensus_latency,64fsJ69AZb4zCcNJaS3Zs8YSdtZsrtjkuw+VVAc85fM=,32026.0
consensus_latency,7qkX6go7068bG+DQy1TUpDRrSJ/CsYJN0DyPZ32vi1A=,32026.0
consensus_latency,9UEY9ihajjr75D2incYp3cg/oFTayXE81bMejUc2h8Q=,32026.0
consensus_latency,9i2AQEn3BelXxLQbgSwNTm4VvwOnj8zHxjFGLNktFYM=,32026.0
consensus_latency,+7XZz260jqmLjpX01rNJFk4fjGA76fAu5FBk5mwMo98=,32026.0
consensus_latency,+9WmspJl2mUjOvvuLbqriMK3bqaVdUW1E9+BAynEoz4=,32026.0
consensus_latency,/GQA4GmqzCydh3zaXNV7n4O/pXZ7rut2SuXFY/AXAfM=,32026.0
consensus_latency,/IbImQyz8OkkdupkasNIdjgftn6aHKcHbq7qRXZqO3M=,32026.0
consensus_latency,/T6tUfQh4xw6i/V+jFVZ9uRRENyckBD3caIxvXxPIA4=,32026.0
consensus_latency,/wFY5DndsDC1K39Do66ifcZYaJu1gCmJAdkEkJ+UkRA=,32026.0
consensus_latency,AALduNbh1Fq2rQhyKZgpx2QhspMP10bqjw9gsxzH47A=,32078.0
consensus_latency,A80yIV5fZ6KgoT6Zd8kDTS0Em6J5V0q6t3fXFR5EKk0=,32078.0
consensus_latency,BjeUWOtEyopZpiO2xga3Aj1zRrJLHjzo73tFbIP1FBc=,32078.0
consensus_latency,DLawa84eZ1ulffgFM95H7xIBUcTJ3u5EvTTi8eGVXIs=,32078.0
consensus_latency,FQUtTy9v2q62pzRJGd+9epE39k9mGfo4BleY0YHX8yA=,32078.0
consensus_latency,Fgtl2CMEDygVF2NoxKjS59Pkb3Jj+SNfE9JepQO8Bww=,32078.0
consensus_latency,GS4YAeyYvko3XRWMUgnaqSSRHqB6g4QpNGSu1Ma5JlE=,32078.0
consensus_latency,G+ePdaNYoSbr6+W3Zjb2w3weMZaSxkpYkM/3yLQZFyE=,32078.0
consensus_latency,HbXyCKI3PIVvuIL93p8sAmOT+BC0EL2GqCILgQyqOhk=,32078.0
consensus_latency,Hj7UxedmFUIF8N8aCYHOLd/7eyvSvbsgWamviUSSquY=,32078.0
consensus_latency,IYeflYqsYiKMagl3DWSWOpxCH312ymR4Ip8abTJroMA=,32078.0
consensus_latency,IxTS1jwrkzggoUe735d55XH8y/hfM/WIr5tWaAGmqTY=,32078.0
consensus_latency,KgxN/57yygcNh6Hw8dTFSMbiirJnGTAQoAaylTbY8jM=,32078.0
consensus_latency,KuG3XgxKY+zNjvOGM+HwAkTMoHL+tSBlABcw3/53Ovc=,32078.0
consensus_latency,MFK43Ba2/9wgoZyOPxgSKi/2UQL2hmoTCV+UODMTUw8=,32078.0
consensus_latency,NtfWJa/fQombMt8oe/zgVWyuJVVAulrGxTevdDbWzhA=,32078.0
consensus_latency,Oc7C7wcrGwlLW8kDZ5A3evRGaoD91BsDaEbMhd7FtaE=,32078.0
consensus_latency,Oqcd/Uo1Nz+4ryj/FDVykI7setrJntIPJvjRAFAKbz4=,32078.0
consensus_latency,PYG6HDrE23Wgy0FGK695CDbIok/CkWYmAXlFSf+qOi8=,32078.0
consensus_latency,RmUCIgQR1QjahJhdGmz+uwf2i5t59A0mdHdQay24m94=,32078.0
consensus_latency,TSUZQEvOtRhGeNSrEZvigFPWMfVgjGugPR9su1mvkf0=,32078.0
consensus_latency,T5CFwqmF2vnZQvZRhnqVmGp80RJVjfqZMe+1kP/nLl4=,32078.0
consensus_latency,UxD/kj8A+S+ghBrXS2sxjVgzquNrFHLZ3Ap0uZTdR9Y=,32078.0
consensus_latency,UyHK2Dmk7NinQzjBbknRqxARakbh5/FApAAbA3dubfI=,32078.0
consensus_latency,VmG98G0hX+IEbdP2D3uByzIvvMPR0pGT52MXSVu/wYU=,32078.0
consensus_latency,Vr7y4SLflmsGOkq9TvGOfpvMXlYFEBPK70vkZN7x1XA=,32078.0
consensus_latency,aUWeEn6GPowk5p4jSswynqZ/maFhhCN+HRhAtxycMhk=,32078.0
consensus_latency,alZ70pSMKJvhnqPcp3Gmc3M2hZZwz7o4eoFWpw78GME=,32078.0
consensus_latency,avyf2gVJ/vkzo7MvVlh9iGymDcbytReHVMLcTqtntjY=,32078.0
consensus_latency,ceQGej+QY0WHI5sFbHAcH4T9lprGc+f1grzCQ5zUvok=,32078.0
consensus_latency,ei7v0LIBiFlLBGUdS1DdrvpvHXKfhHhoHEDWpAPWsOE=,32078.0
consensus_latency,exfRpKQ1iggQahgym8H69mAAmQKzeqoRNCoFuZYIpdQ=,32078.0
consensus_latency,fg5+jA+Lq4sJSANSFc0WbdkhApUg2FWmMB+kHm7jgPc=,32078.0
consensus_latency,gY0alepU3GQjx6HSOg5MNc7byn4JkRS+Kb2F4MyYqzc=,32078.0
consensus_latency,haarNFLom0dReBvUApNWJyFx2j0eIn6/r1BM1brMjEA=,32078.0
consensus_latency,hm/7IvqZvUzJwLN9TXDntjSdFajRWalrLdrgn14Gqyg=,32078.0
consensus_latency,iwkclE1UC2DgbbPRSDHfNClkCr6LhRO74aEBw6t7a/g=,32078.0
consensus_latency,lL5yhYiAVLt1z53VoMiAgjoIcIjggwrPqQIcnyj5FJ8=,32078.0
consensus_latency,lV2p1nx0Y5+lrmLwVhHpm7q64t8Uif5JY1u+LYVyY4M=,32078.0
consensus_latency,l8Eb+SFhs4y/7KlUQxrPSnvT8soSmPG2Dz/o0dVPUi0=,32078.0
consensus_latency,l+OcKt7A5zokv2wmaNq6Gafz7JlcIp6MsYdBQ+ijfV8=,32078.0
consensus_latency,mOSXE2BzD0gzonqAKy2sYiqP4gNYVgvPI1xJVWx5jx8=,32078.0
consensus_latency,nASelZv1jQpujYCvTguHW86cPbszka4N2TZ7W4jf0DQ=,32078.0
consensus_latency,nIUbYAJVTOCbX7yd7Yobhz/MARIQszQ4y3jI72xQui8=,32078.0
consensus_latency,nuc19bjmDeNJdoPMt8LkXwXNywO7f6gZHwNEwQ8P5Vk=,32078.0
consensus_latency,n/vmYMEzCbVk2H8SldmDSQd+ei7TK2swzT+SZWIVhgY=,32078.0
consensus_latency,oDAivAsHGqPjW4nxYaXmKXqzUv9Y2MNDZ7aFpyAahOo=,32078.0
consensus_latency,oEFD04ouRb2wkZH4YC5kBjK76ZnZB7qKA0pDmLPVOsM=,32078.0
consensus_latency,pAju0CfeOsuC8NJIlNOTFty6FaQLNk4YIsBxSK66hxc=,32078.0
consensus_latency,qFb0uAoHau/ta7FdgkKDjC/jplpxtCAvOi7A07I+3fs=,32078.0
consensus_latency,qWD1In8caU4huKrekmAuzGefvLVDIogZvs71mFTNbnQ=,32078.0
consensus_latency,q0A+ECCteohp33yJ9OgCh0W0AOci24yEK0/NwqqyvPQ=,32078.0
consensus_latency,rOVnh65k59GdGmnJ93xAczHXx9Low7onkYeP/+luCzg=,32078.0
consensus_latency,vBPHgIMhcCsHsaVwnfNIxMnmcRYnRl02wh4of/wX0O4=,32078.0
consensus_latency,vgqey03ELOE1kBgU8puUFcbzrvu5ObNWe1Opa+HS74A=,32078.0
consensus_latency,wozDYDwhoC8EyNBaPvTpqx0fFIA17RW42yzdDGcC2yc=,32078.0
consensus_latency,ysIrr3AM3xuaMPQ0I8G1zM+KrK5MywxzFKrz9F9jvhY=,32078.0
consensus_latency,zFaDrACs5WU/Esb4JC6/QObSsyVqZjVPlOLe6dwqWfo=,32078.0
consensus_latency,zJPC3rXrwERb8cymsuB3HyS7apjvUZo18j43gOrRaiQ=,32078.0
consensus_latency,0F1GVA+dK3210htPhDvG8la1yZO2yOhoE5gHznpZ5pc=,32078.0
consensus_latency,2Nyh+ovvEiwwy3TFZpSDXRYvA7IeENENeOBiHPrdd7A=,32078.0
consensus_latency,2V+UTyPAikC44ujdue5xe1h2fCmFvq5kQKHoyd96ca8=,32078.0
consensus_latency,21AggQP/Ju5DeMqvqHTaYQt0vYPKM4D1iA2zk7mCBvU=,32078.0
consensus_latency,3jf493otAE5HUxfFTyCvLQlS6DGq6e4q+iuAgH7G78k=,32078.0
consensus_latency,38512KrFc2f/DXD2lEyrD5wvUgoP6HYhO8ejAo8l96k=,32078.0
consensus_latency,4gypVQ6DUoQex1dS6zmD4+f2Dibj/S1b1xz2YD+rP/M=,32078.0
consensus_latency,4908sLfSBi7GGxZs/yng5xRagpKjqjig5AmXn3/A00s=,32078.0
consensus_latency,5JIBzFRN1+H65uF7TrCziTrmOc9OWzGBAATFth9zarE=,32078.0
consensus_latency,5JXLDrlgORJoW0Dh2XEpTFeZVF35i6IjCU2Gbzt5p8E=,32078.0
consensus_latency,5x+WgnV4IHkvYYYFBbD4tSpk390iH0fO4hzPhhN7GAk=,32078.0
consensus_latency,53HvV+3q+XbJcjKclbqPuG3htGI655tqzf/5wzWba3g=,32078.0
consensus_latency,6GI5b6HeR6qtASMDlUe278YPRTSnlrFs5Itzd6mPL8E=,32078.0
consensus_latency,6PQ5X8LuJ26sBj2RGL+92xG9qmiibMUxpPS6YDuhe3Y=,32078.0
consensus_latency,6k0qa6HFLRE+tFEnYyBr+py1q5ti9QYS88gbWGWGIGA=,32078.0
consensus_latency,8dCsOehv1ewNLa3xJIDamPSl7AvKyPoK2tFq9knmDOc=,32078.0
consensus_latency,84SchHyQCfyuvh06P2tZalYle6sSo5tu6XPQPvidtAI=,32078.0
consensus_latency,9Onbm3LDndRCTNKAcP+uH5ycYQNSQyPrjP4hquZ92ko=,32078.0
consensus_latency,/OoKosF+/PzWrKqr9dt6GS3+KKL5EWHHlHBpk9Db5Jg=,32078.0
consensus_latency,/++Bj7HbWQhX96Ee/co3+pz18iq5JgFxskxXGubVpow=,32078.0
consensus_latency,ASDB38gJK8cy+fQFZhTxuzgPd24GmXglp6UZpdSLS6I=,32027.0
consensus_latency,AXqc8GZNj3P/9Kns/SJ/xOQX4lYJIHAndNV1+XH8ic0=,32027.0
consensus_latency,Ai89Enq2O3H0FEXbIX1HJWl15tZSA1DbNdG7+gh0PzM=,32027.0
consensus_latency,A9f3M9UEZrfY+yCuKHiFCbkD6gFjLOL3abdJQJ3aiag=,32027.0
consensus_latency,BzdgkmJG+fu+L9jAumr+gikSMzRwmPZejmLh+aNaDN8=,32027.0
consensus_latency,CcQkN2NgEE8iVPB+8n0v5k4epqfuo84Mgv+qmAmBfEY=,32027.0
consensus_latency,ChMNLSr0cwCCpAOW4zEx6L18kaZa2LumP5tkkMBrt5A=,32027.0
consensus_latency,CiienYwVwQcgZUVeeO1khqJcWn5KB05YzbBffUiJyfE=,32027.0
consensus_latency,DyUm9YRKDDr5PhGiqZeUMmTAPfixqUzOC9Sk/EEhBX4=,32027.0
consensus_latency,D9vNktkRiSwIQMkUZhj2DTkmjU++YmMGTVgoYjIZ2A8=,32028.0
consensus_latency,ElTv5+U56hgBgPHeUH5k6aXMXxPIZck/5U5ie4FUapQ=,32028.0
consensus_latency,Fg+QHinT1QNkSjSo3jATPtqATyZdPyqoKB+/S66MjKk=,32028.0
consensus_latency,FjvWGkJi7nEjURZK3Uv9vj/gPBbFXykfNuuP2+yLtBg=,32028.0
consensus_latency,GDWANixAQ2KwKera51CSvQMatG6qkiIaaeuiD+QynhE=,32028.0
consensus_latency,GXCwHr/uZg1Qan7LejAY8SZhMXotX3XJNTTj5UpGY3A=,32028.0
consensus_latency,HIbPo7VomOokuct5DaIowzwe9lGOdQ4xJyNjHlEJcMQ=,32028.0
consensus_latency,IVKoHc6msNg9f+o1yoJk9avdu3iHLlGaSFDTubHT6U8=,32028.0
consensus_latency,IaGO3DQuraKb/gVLXEfNh8CsYAvQ2DHsm6U8ftSbLII=,32028.0
consensus_latency,In3x75ewfeWZZq2aZgQzoNrRtvKu0c4SmyCvvtUFUXo=,32028.0
consensus_latency,I9E0ms1eaSU3six62Ci6PGpSTq76ogRa2rMHhs0MaiA=,32028.0
consensus_latency,JHm/DwuFIteMZKmqys6TKQseRQxV22OGDptjH+scHUY=,32028.0
consensus_latency,JYjcc6TnwHEKx0OaRQzrXEyFgdWGk9thV5B/ixLPfgU=,32028.0
consensus_latency,J0cjtU+FK3L4/pvJ3bWuOdDmUIfbpLAEtR8hk9M6z9U=,32028.0
consensus_latency,KqOu0uoS8IA4bw6eVlby1A50unkBFjtTH5KiWip2nYs=,32028.0
consensus_latency,KtFWXqKvFfjafNi0noAzKyPeqlPuCyqcQTcb9BYahJY=,32028.0
consensus_latency,LBSw/QBHdKrauGSpulv/QSClUUZP+3cJ5bhJJSIr9SQ=,32028.0
consensus_latency,L5bOKKUx6kdv8CVLwkV9tQkUwVk0iVyop/JDG2RgI5g=,32028.0
consensus_latency,MJ2PbW68odwaxtTuNCAkiCUITPlNtYdHASCZbQnKS4A=,32028.0
consensus_latency,MMdK0JETKqvNJImyO43oV2Aue7fpmMKXug6kqxr7TXA=,32028.0
consensus_latency,NnnUQ58P3AnIuk9GhjW6HGbXK3O25JEYvZFKECqEk/w=,32028.0
consensus_latency,N14Hexc6QEZpEXHUTjyyNMl6yhuZ9xzC3CVDPRX7T0g=,32028.0
consensus_latency,N9Zu4LzeBvGh1N6W+v5wfvWyV1rfXJodBgjUS8cVDAs=,32028.0
consensus_latency,PoLaV6BXvXQAcr0F8OhTSiuohlmM8yCPw68761cW5cA=,32028.0
consensus_latency,QITK0CKRXi2urAdbZqZSqwbTQ14bz71+HtdIlPzCV9I=,32028.0
consensus_latency,QgMlhz5wU8GfnPfxDz68GXqd6d7eTmLSwC8RBnwNotI=,32028.0
consensus_latency,Qgl714Mxuol4+FPvTe/vDldjoHID9xZFszcPWqblf5g=,32028.0
consensus_latency,QtmVNYzu3IVCy++7v+wOace3JQoGn50JmYdWnMgwoRQ=,32028.0
consensus_latency,RH2Zoxye2jZAVPJ6rNpeig6XInTeMsyjDOIgG3jg5P8=,32028.0
consensus_latency,RjANoXkt17ulQdp1OIc/97OtmReDyJXg8RtjeIGzkyU=,32028.0
consensus_latency,SYPHsb3Xsg+uPMKMbSz2tiiLYJF2OCNb6wXVKZ2v+qE=,32028.0
consensus_latency,SgftoHYPk88NZn39YTf5rxtrqGKDFvc+OOcb9NODkWU=,32028.0
consensus_latency,TfTsi5hrsT71BWQJmuWMCuSkvGkjBiNiOfMSTEfsddk=,32028.0
consensus_latency,TytIsvPMydaFJfxvyE9SMUqwIFDTAjxX499Yrtm34P0=,32028.0
consensus_latency,ULbrNOQbiiPZUFD/kNVzrAdJ5wQMPvTCFMg/C6AY1Yk=,32028.0
consensus_latency,UROcnSiz02qcE/806a6JPbE8duF+xA9Lq0HerawLLoQ=,32028.0
consensus_latency,VKT/jREAxCZmIdKxqGt5XhsoW7qnGnMkI+863MVb+Fg=,32028.0
consensus_latency,VakPk/7lmAmmOB9X7wkCglt3kqwFGmAWxgYg9b1lzuA=,32028.0
consensus_latency,VppA7doOoAGwcgpOL4yQ4mtsIRMazE5ofBMu9US7Uw0=,32028.0
consensus_latency,VxfgnzUmHlrqASeIPtomoKGs097rUcIfPJB7ZFSh1Q0=,32028.0
consensus_latency,V7R2Mi+c0TwxvEPXpqZOVbDbKlXzJzSQf1DjkuJ+fBs=,32028.0
consensus_latency,WEKSTXVYaBzHLVGVgbOCZj6suQeXQqMJMc91laQwryg=,32028.0
consensus_latency,WPExe3H8vAJRErlhm6WcFJoPCRWNgKXXUJP5M1AoelE=,32028.0
consensus_latency,WVmRktXNU4IB6ZQL1wgPiZpdM4n4gRWrf7pQk67Q48s=,32028.0
consensus_latency,Wb3cEJV8BRN/FP7YL3ByBahW7cwkGglGk73+ZWTNKMQ=,32028.0
consensus_latency,WphhKIYAa11DpAvd1TkMDxfSEIfX/DCBTj/4kh3/fhM=,32028.0
consensus_latency,WzKhFSViHNdTK6ZfX9AJO6Okjk1EKot1j2UHhUDwhqw=,32028.0
consensus_latency,XHjCJTGUF5WSXiTwsXH9t0z5/EDVvRGfQ7lR9GW9TDo=,32028.0
consensus_latency,XHmqXs85WaOYf7wEeh6GoWTxlYfDUKc3BNG+J9JRJDg=,32028.0
consensus_latency,Xzoir3dQWwfXG1AmjDhzWfirbi3NAuTFgwry+2SiWfo=,32028.0
consensus_latency,YNyzyyrhY5bkKwXEPrZ2/Nr/szP5wc5Lxjm+mLAbrhU=,32028.0
consensus_latency,Y+P+0eJvFFlxcSys+B9qDKMZqFpHz2KI9Ao+CLRqTDk=,32028.0
consensus_latency,ZG49kLxcElWW5cfMDhkkO9KUpYtlZU+1bQseTtMWTUE=,32028.0
consensus_latency,axLQEFy5srh74JW6duqM7SOGl2VZqjDfHOLsTAz7o5I=,32028.0
consensus_latency,azFboT0aRq1SBRuomXgqdPcNsVTlDhcGoHBJ8cC4ceQ=,32028.0
consensus_latency,bm/eOfj5K/CP2UjJkKcCvVBR8HBaGgFXn5J86+DQX68=,32028.0
consensus_latency,bq3qb9wngeuIfq7w543MpAZG80B0aY4MnMnEfu2HlCM=,32028.0
consensus_latency,cQJh6yMK0YgohdcX0iJEeB0WZT0m8C7YXHQueHepvvo=,32028.0
consensus_latency,cUaGWjXwHHarpzH1j3ZKgTwcriDwDd+oFbgHyB0RTm4=,32028.0
consensus_latency,cskdjGycEW7FGIkCWa1DGDG802189o8rm5aOBOa+rmA=,32028.0
consensus_latency,ctwu3oT0r5YA0UJh5n/2LWWt/tsNN3zgBVRI7WWrIAg=,32028.0
consensus_latency,dP7Q3lZMx1GJCDjyFRSkLqxKVtWx403lUXVKTMdxIrw=,32028.0
consensus_latency,eNKveZf8k5ZB5IZJ6yLoOcisy9g9wxsxeOPPsdKmFvI=,32028.0
consensus_latency,ewn2UJhRfD/1LQFjPQUM333g1nIg6jQnWBvCXcpgf1E=,32028.0
consensus_latency,gbkRFW+qrlI+BsMyihYkV2rcX7PXduKL+f+hAgOEB/4=,32028.0
consensus_latency,g3uiMSFtnZTnLB71rxgzkcnTpBdtS/PHTR6jZ8HVuNY=,32028.0
consensus_latency,iF3yVc8jTUvzf7LZLbZN47NFGtOI5c6N3i38A1SPoj8=,32028.0
consensus_latency,iPSEcC+6AvHWkD51djmiyYYNLa8EZLIV6CfKZkN+5V4=,32028.0
consensus_latency,ixU7JTt+H5wNhglkpzMyVmzWx2yU54UPD4xtdIxxmn4=,32028.0
consensus_latency,kDTk7VELXNq9RKwPWpvyu7g8Y/8dRVIkAl749EyC8xY=,32028.0
consensus_latency,k/3X61ZKOL49DSk6ZqkR/ylXs2j5l+Pybqtm/GEa7KY=,32028.0
consensus_latency,lC6ziEWs14bjIOQx5bWUx/C26u5LmkpegvD6bBbnML4=,32028.0
consensus_latency,lPTUt5rrU8PdPPmwfHAl48BogAuXyYHHq4CCf4f1OCc=,32028.0
consensus_latency,lS31sD4QLYWaIDFN3qbYIlgnCu5zbP5bxkaylNW2oL8=,32028.0
consensus_latency,nFlwPhRirGj1do1bbFv5s5XM1T4d8eKpeoLp/YkMfOg=,32028.0
consensus_latency,nR3VqSCjK70SrAvEIPMY+qLkwii1EmEaYMuUqOAE4tI=,32028.0
consensus_latency,oeuxteFHA/e8PxujgrJMyiaQ1fDcQXqIYH8gPdCbos0=,32028.0
consensus_latency,osD9RuKVXb4GpoNfcwLHHDBiDul1PDrKNWVgCzakTe0=,32028.0
consensus_latency,pwcXxtmtDRdUBXUHj1fqTj1izvBaXmS3+B9zGmMyie4=,32028.0
consensus_latency,rF16BhBDrw+gTUeE612iVE9+qkh+vYlRAj6y+25cs94=,32028.0
consensus_latency,rjSCO09lq5N/Ik/XzYxUpxf0WyYT0i6zFXanJhH8H24=,32028.0
consensus_latency,rzupxrbK1/Hamq0uw6j2e3VXaj2XeccmrJ4UZ8PB5v0=,32028.0
consensus_latency,r/Dd1n8CubQ8j2dhlL2nE6JbPbtJEC+nyGo+D56LNxc=,32028.0
consensus_latency,sOIR6sBvGuG1Sv1tUgTQtZHzdFAUB4j5GWC5PqezGG4=,32028.0
consensus_latency,smfL4LzpTbsOZIVLRmhy4RyK1JRiWaWjQhTWbz5RlXU=,32028.0
consensus_latency,tJLmnNMXR+iO90PcGb/cxTnHEx1R63GwOwexEbJoBNE=,32028.0
consensus_latency,vN4QdczyW8MjGSIei0UU+p7cExAXZswoUlbxG3xo99M=,32028.0
consensus_latency,vdQunle4OMIp1Xif+BBIawhUMxUrPPqnaBHxwZXW5CY=,32028.0
consensus_latency,vk7Lov55t3Fvt/8Ve5MdbSDG3kwMrx7iH3B88ZmrRnk=,32028.0
consensus_latency,wWvkef5CWR6Iu+cWytt+PYqtS7x04WXw43cvzxLs0gE=,32028.0
consensus_latency,wxyUT2evaWk9kNyw6yi/JLMFWSfF1WyxqNc+3Fv5vbo=,32028.0
consensus_latency,w8x+czLr2iGcsGfnqitWEO+MKiwg26z9hUxCOvxE5sA=,32028.0
consensus_latency,x0aJDuI76tQ5foXNEh34XIisdmFoqjVEOlZJBrxKUYw=,32028.0
consensus_latency,yfDpZ3Of8+/UF8wkctdG6puy69BK/sGqxVftWkUQyNs=,32028.0
consensus_latency,y1Xu79JjQ2PabmtP1oKA6sJQVgJp11XE/KfNBhGst5M=,32028.0
consensus_latency,y5rJWYuD0HHPJwGZjAX0I/pfpwojOGrEpzbi+N5A3fs=,32028.0
consensus_latency,y/RSDamLE7YLQNhmVLO1nJFiUrJS7YDmP0GAT8zCo0c=,32028.0
consensus_latency,zOj38GQF7LzOjv2MgLBtps1d4LHY05mIRm9QDc51PAk=,32028.0
consensus_latency,z+sa9LS1dNfRSToN491HmJ1mMMDEDaA/4GxIyWh1wZg=,32028.0
consensus_latency,1tD8hhZJ/nmF7Q7foJkMHIBwSWoXRNwwjmDC80Ckf/A=,32028.0
consensus_latency,2iRamBeS81PbMvLuSh5GIpG+2+vo7SFtQWV00TBxLZw=,32028.0
consensus_latency,24TG8ynhiekNly+eDDootngoUQZLyjwlCnLVUgYDOAM=,32028.0
consensus_latency,3AyvRLuXKJ3+EM7ux+V2MYi7faNR1XMu6DOed4bUVY0=,32028.0
consensus_latency,3NvhyPR9Ik4zEZFzlZACfIZe2p/+/IB9XhY4xDtE9DQ=,32028.0
consensus_latency,3PNFKcbpWeIzjsKcQRXDavHzu7mSsgroVR1rOP/laBs=,32028.0
consensus_latency,3RsAvCLs36DYlOhU04vuHKRyQ0gGogr/B6x3ci9eKkI=,32028.0
consensus_latency,3rmE16oBIAEBnTtsmzqz3F5uuohRrYMQW4BgQ3gQuls=,32028.0
consensus_latency,4XZl7OO8deTYZCMxDvTUZvuG6LlFz1UXxn4eW+kdgiE=,32028.0
consensus_latency,4ngV/r3Tw1uucpMM5va+Bt3UeHEip5UGWLLURg+Lruo=,32028.0
consensus_latency,4xJ4splupnGF9qTB1eK/vE9CNRDTBLsvknCFHj89ick=,32028.0
consensus_latency,5loR5civGnMbhWp8tfYooTTQ9uLbdfuYCR/dB+F31fQ=,32028.0
consensus_latency,57vJ8RUoe66LNUkSYylkYifmBwm+TtNA4Gh3dtb3TAs=,32028.0
consensus_latency,6y+nFk+N/B8lP8SJQlG04zwvq2DYy2EiSgL6uj52cxY=,32028.0
consensus_latency,7AmPvsin0O4UCAripx0QHx96rQXsgJO4hT/rwyslp7E=,32028.0
consensus_latency,72V6Ljlwz+SSVXXoFqw0kgN6Whpbsk6BKhD2tLU+L0E=,32028.0
consensus_latency,8D+4VENlREaeq6nCCchYGUScgspyhN7iPBzY9C5dS9s=,32028.0
consensus_latency,8I3mcb6qu6MEV0F0Wq7DpT4wfavvzO6yDsU6k3pY4W0=,32028.0
consensus_latency,87+OMXhTAAouuhZlSdryi/ouQh7KcklNksmM7HyiBhg=,32028.0
consensus_latency,9a/wugJMArgQ4SIZpnBNeBzFolV8aWjE8iu91NUlhwc=,32028.0
consensus_latency,+p9Ee7XrAgMnThopTCC5M6pBz1e6k7kSElRofMlYK0E=,32028.0
consensus_latency,+4Z7Pyt/fSlZfiFw8aOO6IVyzqLcybk8TztYnHlZnyw=,32028.0
consensus_latency,/yh7fPUO1JOG5P0zp/yeVI5EMchEUhiCjVFNQQA65X8=,32028.0
consensus_latency,/2Ejp6uKhWD5dw5OwVtImYLI9nzzYKKYPfVEF8ViRhU=,32028.0
consensus_latency,AFSyOdbpNnm5Bds2uLv9nYxm/AFEXiz5rR3mJ3AvMms=,32027.0
consensus_latency,Ao36o2cwqeEzj5vmtNEp/pKbBz9tLdGspyjwS9XfyDM=,32027.0
consensus_latency,BvgPFbacWal14KDOMOMjeSIXLfiEulT/yurvCkHaTMI=,32027.0
consensus_latency,D02IgUPyG1EErZoUzqxoMJ7qtR2Q7+N82LPGLpUMzzs=,32027.0
consensus_latency,E2Qdwy6sxt/geF4se19foYxqQxUCWgImvMRxz0VHtQU=,32027.0
consensus_latency,FhQKe95Thn34BguqX/PvB/D3Nx3NGhNcU+lxrKUy8WU=,32027.0
consensus_latency,F3nCGgJu+GXMx7q7PJ/vHltLtGqHcCKwAsKXJydGqWA=,32027.0
consensus_latency,F+TqvYASUTd9h8MUuA3LgQrAvgWJdXqnGRfn/1e/rNg=,32027.0
consensus_latency,H4fmJMnZQ/YYUoVPJ417co+ywui63aCuPRr1TrElJAY=,32027.0
consensus_latency,IONjVrlg1XviQms6V9y7Ub/aWbvt765DZo0LJTC8YLU=,32027.0
consensus_latency,ITyb+7Do9AcntmkyKhTiy6vqiL/0fDJMPBp6dHLexWQ=,32027.0
consensus_latency,IZHqGjPRdFntnrjCBbc+V/XZY7U2bA0E2PKayE+iVJE=,32027.0
consensus_latency,ItciuGtf3+JAKUdTBJ5+NbQfwTqmNpZ7Rm9yFfUMOOc=,32027.0
consensus_latency,I4QOyZJG+KuUx4iB+J7IEJA5gMTfs26UN0sysqwy4tc=,32027.0
consensus_latency,KBFvKZ4stTg+YAnioduAYt6yFcPLP2enkAJCQrSPey4=,32027.0
consensus_latency,KJswMfDpCdI6Brh5lX1UzmQQFDhV6kRY8RhIwWkOJWw=,32027.0
consensus_latency,KqDbK4Cfvsc0VZcQnunhpra/bpaHCX/d9C3hGnVrVqc=,32027.0
consensus_latency,K62lz+lsgM49wU63me0bf60kEiHtKVJleOidb5RYvCU=,32027.0
consensus_latency,LS6a6rrl31pEenLCqR+7steT5cx94qkKG3wV62oSueI=,32027.0
consensus_latency,LjFlAvRpjvsV+df0ZJoQzSqGRYreONmMMPMzy8H600M=,32027.0
consensus_latency,L1Ka+hXEGUNAtokxvxktVAwAJxToErBnR2jnNmOLp3Q=,32027.0
consensus_latency,Mqf6OsGrbsqvqB0AgyOdRNQlF/Je1Q/Z+gn6LEoAWGg=,32027.0
consensus_latency,N5bKgURWW4TunzTNLoL6RprIIiC3twvrKiIYa6Ca8dA=,32027.0
consensus_latency,O5bB8LaRH1crk73aupL31zlb7UlgE8ANXo1csPMtiLE=,32027.0
consensus_latency,Q3cOQRXPJev2yC5xIWtFYdlXiPAVXdWWCRJJ2llvL/g=,32027.0
consensus_latency,RuMV0ht5pksTqBiWMr2bgp/ZE6OpYf8UGrCNSuWIpCY=,32027.0
consensus_latency,S6MOSx9NHTrkOum0IogJBuWnJy5VhKurqNw9Yot57ec=,32027.0
consensus_latency,TBgqZfW+rIHc62PVNljmEV7Oo1SYtQtflsHvywEGqg0=,32027.0
consensus_latency,T8/al4aYV+sKsGwRncsznF356hSRbkZJr7567z5FHZs=,32027.0
consensus_latency,Vb3I/SDDX18hg8MIAjtdzQlEY9OBj+mtZ84j6PtAwQE=,32027.0
consensus_latency,Vm0R+jFhY08dScKbHT3whqyYMFGZqwwAyhUxvPyFr5o=,32027.0
consensus_latency,V+bvaiUN7o2tEiP34kfwIC1OgKALB7wd40Q72QuUX1E=,32027.0
consensus_latency,WeviajI19Vvd7KrqpSVr/5wrrPLNQttr/vGl42+eTSc=,32027.0
consensus_latency,W0tztpS9CypJMubFGPbNcgqqz6B5crWeKWhjsjdgV2A=,32027.0
consensus_latency,XEbRl7p1Kt9BpipQGS4A9wPNu3I+mgXCxsRZH/yEM4w=,32027.0
consensus_latency,XuZfi8dOSm3Oz3EPM5tvJLuIqXX1gIl8Rte65XXzVXU=,32027.0
consensus_latency,X2oPBQEG64Or1kp6az1Zvk0tQMbJrR91PH+f7Pm/iqw=,32027.0
consensus_latency,ZAyAZ0hOol19t0KnG7Kr7DX5jLjNGor+zaBp1gg7+FY=,32027.0
consensus_latency,ZEmRI0NqrLpXx96SQaZGrAHsQUtbH1/jd05efbgDEuY=,32027.0
consensus_latency,Znp4wIEtKQ6w1/siNZBtZBANjCn0W23Q25Sc9U9+3IM=,32027.0
consensus_latency,ZqLXPHY38FWp5iSq1Y0sW/PoAsBvECt2qzhzqul1x20=,32027.0
consensus_latency,aqgCPKiD2Pl0+8QzkIabON3SDnBtU0rp9ZPRS7pg9Jg=,32027.0
consensus_latency,a3RsVcFaTZPazCPaAb7vmtCfbtZJnUxjrpB9ICiLLHk=,32027.0
consensus_latency,a3vFSV7U8Sr2PflZdCzmid49YxCmPBOgQ3pFAGw+1/o=,32027.0
consensus_latency,bE6kZfjn1XI2Yy/iX8U3ZqMy7f4bqDj8mkXGhYQosxE=,32027.0
consensus_latency,cBh3dPJJFQrt6+xtDJJ9lFY2l0L/AfU29+II4P1MpEk=,32027.0
consensus_latency,cO6tBne6zxpFFj1/Dvq0qI8KxQYIcE5cnDWq5bm9NWM=,32027.0
consensus_latency,c2Nh3Z+IUt05dMDhLukVyPAXCmz9zcavZSA7z1asqEQ=,32027.0
consensus_latency,dLpayE7E6RIqkf4MeNiE38+Qj7RsU7to2WACVIKYeE4=,32026.0
consensus_latency,du2ecie03tyPs5Dg0gwQ2rCGuJMXhfJJzrXpsq99J1w=,32026.0
consensus_latency,d4nSoZft5rfNP801WZP9KUvkTVkoJIFBTOQ0LKM7nr4=,32026.0
consensus_latency,eFotV3ftW/hCuhpHnwZPxkT502DUBJTe7Z2n5eqL/bQ=,32026.0
consensus_latency,eG025xPXgo+VFfaoe2ExT1vpbVK94AJGSQTElz/x1tU=,32026.0
consensus_latency,exv1vtUUtolDjEcKPh9ZmFgayMdQopJ3nBz/THMddYM=,32026.0
consensus_latency,gtvYDqcEiXCSQd4bMKdsLlrSx0fddqqceTasLPHmQIw=,32026.0
consensus_latency,hCI+t++jFpju9bGHzJla3bS2IP03th2TyqK21JHDyms=,32026.0
consensus_latency,iSX1xQ78CS4SM3+jYKnpMbhQam3UoLMCdy8FiGUCYOg=,32026.0
consensus_latency,iVxDYxQMb/AV4ek/UFuZ92d8BxP/X8bnzyQPzfDGdMA=,32026.0
consensus_latency,il5F5WIOLeCQs3R3rJJ5khlgVU5b6pfoPHTn7HB1RgY=,32026.0
consensus_latency,itIlF/YbCFc9VTDkSvDSktinKSEecw7cKdQi/Zpn52s=,32026.0
consensus_latency,i2dUsGItmfWOGXJn92v2CTYmC6Vafg8yWrbb46F5uxw=,32026.0
consensus_latency,jxzSTY6t3opi91QMx5l6DVwBX0xOhkljJPjrza+YYUY=,32026.0
consensus_latency,j/tiKWOLE9aqhJwOchgtG6vMDYE21DlbiytLrmUP9Do=,32026.0
consensus_latency,kGXIHvZepto2mpsr2nbN6hHPIaodN49DV3BnSgds8yg=,32026.0
consensus_latency,kc9GLPPqK4yFfNiSDT42rlTmhhg/DY0w8v/Y5gK2bGQ=,32026.0
consensus_latency,kzY/z3Dgqwsg9qt7EiVRJMDv7DsU9KuYfPHXKxOCwJs=,32026.0
consensus_latency,lgoP6eg/ii9DSAOMvpdnRgrGpFdjAd+w3lXHxdX7N3U=,32026.0
consensus_latency,l4XbgnSObDREdvPcfB1w0dTZN1hf0BKqPMZjeB4qxo4=,32026.0
consensus_latency,nCLuG/vz6+IbpbTNqN4n4OTuOUyAWfSUnbDgZCQwsUY=,32026.0
consensus_latency,nWk3kBWneUypYUi0Oa8BjK1LhnkvPsAg2TfYmOTLK3I=,32026.0
consensus_latency,pQbZaxJ79i4LneyzibOWisoQFvRJn2KJ3eCO6peOCZo=,32026.0
consensus_latency,pTUGIW8xDbXYyQFWUolnZjNtTvqTH+TA5+l47rlX2l4=,32026.0
consensus_latency,pwixX+zLp5LV7W6Uu+Rpu3KL9JlH7JAKU+Ovt099bdM=,32026.0
consensus_latency,rECKs+ugM4Vu3XiuvRfuv0OtKY6D3qtbniS4Uu9+fIE=,32026.0
consensus_latency,rnGHUluV1121YgawDLVXvz1epTCQ+H8eDKtqD/U+/+s=,32026.0
consensus_latency,tRDZan2dbyQmWkqHAeRWMkzXyopK5fGl5EbOfC11JIw=,32026.0
consensus_latency,t2/M0M753uJ8/I3JnfHjCpCAxxx9qD3FPz5WrzvTAF8=,32026.0
consensus_latency,us4QJGV0l8FgJs5mzH/DQnWd1ubU1h09hlt9U3J7chU=,32026.0
consensus_latency,vNiiX3FLGV1E4uEAuNxn5Z1mK8D/HFFNk5nuzGMJq5g=,32026.0
consensus_latency,vcU3qMwvSPFCbaWvFfobQOn9mEjFDbvjupFDVFcoH5w=,32026.0
consensus_latency,vj/G6yXDD7HK5RhDoK4LOSWiX5PCsYavk/NW3ImjYhc=,32026.0
consensus_latency,vxnUXIdW47xnaR4GLn3yVRoHz+KqwrxpBi/hWdlPaWU=,32026.0
consensus_latency,vyBj3Al7IxFL9RP+MXianPzmoCU1Ox0YSfGrWIHp2AY=,32026.0
consensus_latency,v/Z2lA1GCEuyXLcfaD4cFWKRMvH7+GkBXQrwzCzYCSk=,32026.0
consensus_latency,w18p/Ji3Q1uAUHylN7W2Jo3fvusestxwjZhpo9lV2yQ=,32026.0
consensus_latency,yMc88hA7ydN7h9btd23cweKC8B23hboV9h2ya1JhkqY=,32026.0
consensus_latency,yq6P9OxLktafGgva1zn7q7l0qWcuZ5asQEkZg2Ef220=,32026.0
consensus_latency,zGLn3STKcvTEnThM1qV2ShrS0y0FxwSQv688P6ZhrVw=,32026.0
consensus_latency,zLXJviOpOnn4nmgpq4LgQBfibuPrpV7Is6ZFLgxt8zs=,32027.0
consensus_latency,0CfKHHmldFFaR9N4LQ3qPUdKdY0ldHrbawqxlkKp6LQ=,32027.0
consensus_latency,1qBF+Ss5ww9hv+LYAWFV8so8gOM+0fhaIdcXo55gEdA=,32027.0
consensus_latency,1qqNylZ8mybZdNtEvLsDD7KJniXi1jm3Ncx+TnQskgc=,32027.0
consensus_latency,2HuJGclN48Cb80JBV3Iuu6JlarfIiGY3rb1zladauKg=,32027.0
consensus_latency,2hCuF4JUwHD4n/u0/P+jEpttxtUzzKLqW7+RsS/mSRM=,32027.0
consensus_latency,3EG1BQfpJRB2adBIt32enoGf8vSdWiSUVeuP8ISH9RU=,32027.0
consensus_latency,3rBaBC4t6WtajR+swPeR08PkwsS3cj+nEZHVgIafCDE=,32027.0
consensus_latency,4C2/0FFHkRSDguqe6w9S+7QOLxheGk9MHjYDNIAhWzc=,32027.0
consensus_latency,40C5yDwFfFOsOn5eNI6FM2M2tWWUxfLMdFBtF9TpDnw=,32027.0
consensus_latency,5pOly9ENpqs/4DMfT0SywnVuU6qsJfGbiPdqO7n0YH4=,32027.0
consensus_latency,6KTrATu7SJwQurFXXvAiOoOXJkklXyTW4w4ozRK4iMs=,32027.0
consensus_latency,6mrmAndC10a7AqI3BKOE2btt1abvMgu8xnHl6XRBfBg=,32027.0
consensus_latency,76B2MeMB9CGpK/EtZGqD1V/F8pPNdETrdiAsJDognSA=,32027.0
consensus_latency,8ZKx2kWgmh1vhnQjrZT72lHZbPPiImKc04z0atmMTXU=,32027.0
consensus_latency,9KOnu9sZ5qi2CgPVCeLlcrBCIxrtcNniACvJSprhne8=,32027.0
consensus_latency,9f1+COebdmWdjKNNUo/3jauZpl9Ff+yU4XxcpbtmQbo=,32027.0
consensus_latency,+W4FMDkkRUoKu+t68RsMZvKvwGN+b5HqhOS6nxA/p3A=,32027.0
consensus_latency,/u/Po3akYpqsDFvlQ7h9pn8W42+y/vylWXGQc7jsrMc=,32027.0
consensus_latency,A4HhcyXv7wT2jZfyRmOs1NaVuAhWi9IkWjhRBLstVNk=,32028.0
consensus_latency,A6che7LWvnb/qJrQfbM/9OA+9Yi+2HZaMBP+GBafGjU=,32028.0
consensus_latency,BCynmneuutZep/TryuSIDhZovi9nT2JSZUpyOQkcEck=,32028.0
consensus_latency,BvAnBnAQKjwJo3qie4y3GL5dEQ1ZK+xoyC/avU3+QfA=,32028.0
consensus_latency,CIS2z9rV/lwKlNoMELGV0hbVSbak/rBWRxURTwwoTWs=,32028.0
consensus_latency,CtqFmA0FgtTdpv1e/b1xu/PhQaipSOLmWFxzlgiuK00=,32028.0
consensus_latency,DBQsK9p0wqBa8jhjA5cbAf/EsaB4SBd8osSrD7ylNMg=,32028.0
consensus_latency,D6r11zCR/R0vHMjfOFA8isE7ubt2uLkJ6InJcZCuGEI=,32028.0
consensus_latency,FKOlcKxT9SmKqN9dWbZP6e5fROAXjDczKyG8WGx0Q8w=,32028.0
consensus_latency,FLEZxjmK32ccglJC5+uuxTTzHKeOIPPhmBW+QhomlOs=,32028.0
consensus_latency,GoZtP02wtYa3TUPRV5xt81exKWRIqwpWq5bBvE85FI0=,32028.0
consensus_latency,HrFWg0rLW2j75bOMHUZv+t4EPT7lQQC73KAv10RZcNk=,32028.0
consensus_latency,IuD6WGewMziWuBw8XexYpA0v8k0dV5Uvyidp4tJ+xFc=,32028.0
consensus_latency,JXqERrz7rKeziFX83rN8gWm5TEtwm9xrSIj2tki7lwI=,32028.0
consensus_latency,JxdtXxl8TB0zPwQQjcf0RBCtkQoNe51e3K7/+FtrYQA=,32028.0
consensus_latency,K/L+0vt1RRo8V2FjICH+vUMnbI5VLmRRL3Y2DqRBBtM=,32028.0
consensus_latency,MoMI6DZrq0Y/8JMIIg1rItnzhNpbCjMZG6RyE4otc4I=,32028.0
consensus_latency,NKVjLp2vNL+6ueh1DEDu5L4VBOy4hPCH4ZobxyLOL7I=,32028.0
consensus_latency,NWsgYGjJou4jusbql1rH7qgNJ4Pg6zFPlOABhblS7hI=,32028.0
consensus_latency,NsA4b/RK1ICS1Fxtic1k7jxIrQFP/jnPEvUQzuq2mPE=,32028.0
consensus_latency,PpghckNybKAb4ulT3ZwVeSxEgwm3wMRVNKdsLuXOBrM=,32028.0
consensus_latency,PuvXMGxclB9nACX/g7UrW4mSTYEx2aet2Rvk/pLBei8=,32028.0
consensus_latency,P9XXNhjFyo2cPnfsfiH3ixrTzGSKe1b2KuvOf8DkcdQ=,32028.0
consensus_latency,RD0e4DNlnxynni//PQo0E4/v7U+YKARXtfXP/lKMOoE=,32028.0
consensus_latency,SwgHhK2s1le7c2ttXrwPuFqj8Sg5BgkrUEpgcE9gaCs=,32028.0
consensus_latency,TJ2SdR8vLsSQR415PHOrziszTe4LEQTMGC+BaDuIXBs=,32028.0
consensus_latency,TWzFxsqZZ5bExUJSv+Vf82tvIJ8YuoWaVK1Rvh/6iCs=,32028.0
consensus_latency,ULoj/aZHQgvgz/quCapX9hTFaN9FJGaYZ+wsAFy5OjM=,32028.0
consensus_latency,USfWUGSmzbKOawaepDG5neAXF8UC8DgUkzOTcmJiHiI=,32028.0
consensus_latency,UUQG7j01PrlugIAYjwst/u4H6hkNL0kpxZ1PhaXOo9M=,32028.0
consensus_latency,U2f3Zj0MGCBjLsW3UNNl2mKZmRMXI8eA+TWxLXlteKk=,32028.0
consensus_latency,VFXnB6Mpiz605HFG5vkg0Mmsf4gegtfoFPGJ6nlKmTw=,32028.0
consensus_latency,Wf0NnqYsYlQT4m4PxjMZ47WEawp7FyF5H5TWYeSpVRE=,32028.0
consensus_latency,Wpg1kWOAJzpMyQ6+M4rJ7IkWIGDkjZl5vPWntrzQqq8=,32028.0
consensus_latency,XM1A4nI4HzrbgvE0u1JMuYq0RlzH+FpZNVfRKV2zOhs=,32028.0
consensus_latency,aO4JvYRxcVWu+lDpBm64PjvRbaGoVgwxnKJu0LucyAA=,32028.0
consensus_latency,aXhSSKSLT1QoV0LxL2EyVdWH0qBBF4DowBthifTYGLk=,32028.0
consensus_latency,bGyrc+WYhAOEHSto+kYISWI6PEzvx2jQBUfXPkjAtPc=,32028.0
consensus_latency,cHySmb/HJWLSnX0/+lgeiKZTKr4iA38q1pijEU17vVA=,32028.0
consensus_latency,cKwJ1oxg+kbrXq88xon8qoQgDx5MVaJquVgbd8r+bVY=,32028.0
consensus_latency,cWcNWSGTkeUlJaTSZDN0blevZPhV4vABo6Ewsw9zY94=,32028.0
consensus_latency,d2qXf5dtCwd+ZiSrM/Bz7VPwR8801X+OPsAZI4MtzSQ=,32028.0
consensus_latency,eG18ga/ZOLM3J9AeRzgn+K/KMwSEsZowyfaliYUUlJk=,32028.0
consensus_latency,fCAZTbItuQ8LoYQEDn6OgYRtmvx33eTvB58tS9/VB3k=,32028.0
consensus_latency,fq0y7jAMsyDkvJ9KYvZ1cQn16zJ0mj4yqedbhMw5yho=,32028.0
consensus_latency,hGTwxd10c9UBDUjLl4cR6pdR2v238NQ7zIhamDwVDBw=,32028.0
consensus_latency,iHCoeAlgIpv7juMatXZ0BI3ZEsde2+QazWK7MZeWb8I=,32028.0
consensus_latency,iWumqioD2a2N1uFTuhWJiuns+pq5SgkFnoUcuZlUJ8k=,32028.0
consensus_latency,iwg9Zd4jKpw2iF7gdub7VizGJUPPxk8TWVsTzjMPuO4=,32028.0
consensus_latency,jeJWduGhCVGImCSyZfuWEAsx+ijSmQUgYHYkBtYCxIE=,32028.0
consensus_latency,jsEj9i4knd2wRebNXcUj799532dVSn7sjD6K1PR9o9Y=,32028.0
consensus_latency,kaBvuMUPXZwcIEdLFsA8PX6iL2uLz7AhVojFlbekcoU=,32028.0
consensus_latency,kpyrJURh3z7VkUoQKYjY1FefZSW8PCF/Ua23bYVWZYg=,32028.0
consensus_latency,k0r9pNgAi1pcN3cskXSEgE0ttTG6LgtDzF4szxaOhw0=,32028.0
consensus_latency,k/mlJr29E/hpt6636zCULKJH/2ErSmKUU1emM6J/UWY=,32028.0
consensus_latency,lBAOqoDyt2yTnccriFED/51tPS0P4bhQt5AUriJlk3U=,32028.0
consensus_latency,lFC1siyhnP+xOKQ71f2r51Wm+iiJiHV65e8n2fpK8qQ=,32028.0
consensus_latency,lZxmG6kQmMFjJvAb8nF+v7dTP3XcOlAHq4ZmCKNdcEw=,32028.0
consensus_latency,lmsQvCbltlbWv67cCTwPKgUp9f+sPige/8Kg3t4G6yc=,32028.0
consensus_latency,lvjRhwxn1DzxwjY0GgyGXdguXVHqR/TrzZUf5h0L2xY=,32028.0
consensus_latency,l/NTfHKIB5dFAOYzk6BPlOrkld0gHQ4MCXUufCeUBlA=,32028.0
consensus_latency,mv2Fj2vBCkL9ARBhBkXO+w7m9MVM9u+8alq3iF61G2I=,32028.0
consensus_latency,n7E6Be+9DnMhfyeH918s/mkj8npW4Uax4+QdEAkYKzU=,32028.0
consensus_latency,oTZ6sm2qVyfiZY7v+m5ggB5WVdA8pIbI1KLizmanKVc=,32028.0
consensus_latency,pLvTGnseEq3IYaW7iuVyuf3j6BMddGmst+l0rXr5vXM=,32028.0
consensus_latency,pzFMLxepXyQ4q27HnnwupKC0Oo3kyVraNunnC4kOEFE=,32028.0
consensus_latency,rYg5LmWZFb+K7Ug+IqQ7RVSV9AQBzA/FeVbezNHcsIo=,32028.0
consensus_latency,r6bPbdvHIVHfDL2HJlX0d/P537ZXlMeYwRTQvLox0w4=,32028.0
consensus_latency,sFyVcMqxUosVzcBG04U90oGdUrGP3CHjtkPAxedbzAM=,32028.0
consensus_latency,sy6dyMZgIjr/vCi2flO0mS/D1rzg7soEJLN8s6tLbz8=,32028.0
consensus_latency,txlH8Hdez+pjks/Wcxi8buSgA/gOZi7lE11OOARKH/8=,32028.0
consensus_latency,uw31LG5+NfDRv+I1psS0rQ73hs3VfY1A6JOavIfklnA=,32028.0
consensus_latency,veziPJuWfRPfEo5Xf9q1OAmXk3DmvPsfkGyaKKdF2Nw=,32028.0
consensus_latency,v8/cAFHH/h7FFtn+vmvz9N6E3a2la1HRdVCaCYLEMUg=,32028.0
consensus_latency,xftjj6U0nr0uV9ZgHDqJ3Fku3XSXGnzKZ6q8uwKGLPc=,32028.0
consensus_latency,yFB+ySFN3P05Rt/EhE97c4i2OF+KXDlLLLtS5FDhTbo=,32028.0
consensus_latency,yVUD9xjTkD6yFvOlv61UBephm/WkdYCZNqGbaiMhh+U=,32028.0
consensus_latency,ybGb/DJvVzmxAIRXVkvZxwEXwZySiZUvtPkxqWne66M=,32028.0
consensus_latency,ycRdzy7wYNb+9ciNCR3HvRZp5CYkP1zzDbEsFuBDBOw=,32028.0
consensus_latency,yyYsrKlfEq3/DTptpM5a/X8SaxHfJRwFYFHILUPAAjY=,32028.0
consensus_latency,y1tnCHgk06Cq0V6a1/h4EkqSr2k02ZrRivDtibvfOvQ=,32028.0
consensus_latency,zp/v/0MG5Opj5dQGFipV9c2gIF07zzWZtBbd2WB0KxA=,32028.0
consensus_latency,0v4qBMuiqnzqDV2xKy3GIjpaRcCBxGBDb+K2jZh0WGw=,32028.0
consensus_latency,1WAk5yp9XfYUwECyFek4lsj6AhKNCKkdx2zsZpMVRw0=,32028.0
consensus_latency,1izGauZYxXF+E/NLuHgGzUK6OmWhPxjjtjBwE4qhHOU=,32028.0
consensus_latency,1rlopJsV1vWjj3hiwxc/g4n6hq0AlpcqNKo5fG6G4kI=,32028.0
consensus_latency,2BSVAdtKhaSI5V9hRkEfjDy82cJCBvsHeNRhJdBMmPc=,32028.0
consensus_latency,2zA3Kmw+e0zo8nsOGzuykIwqhtw8hLlLAXhuDhc70JA=,32028.0
consensus_latency,222MHz9NSBVgfUvEZ4Vtn2ss53LT89Rrax/JWLyqLUQ=,32028.0
consensus_latency,28NIPxCRn7biWJE7t/Nefi96WyqfJj91OTlSlK/Bnts=,32028.0
consensus_latency,4LxM7l8f2lAP0Rw2MQPwLHjorS0R7i5sZ++7g+Na95Y=,32028.0
consensus_latency,4MnZTbYTzscUVl02G3Alnf6xWrjU8gRWNAATUmoBVOw=,32028.0
consensus_latency,4R9V7OTV3LgG8uWQA5k8xGepxXM9tPW2qCO4LX9Q1aI=,32028.0
consensus_latency,4Xfe9rfeW9rppbg0a4LoZ66kPFRrZ8djLWVuhE4v6M4=,32028.0
consensus_latency,60fHOT4XPY6d2vYGxIUJdOKhHALE92xzbZYSBLnJgpQ=,32028.0
consensus_latency,7fGdi54nmxLm22vOqvbs2GMXkMTIsnOuZrQc6MlqQo4=,32028.0
consensus_latency,8HFFPihMjlo0s/05gkwF5hRjlFgg3VY+iz4BEEBy1Qc=,32028.0
consensus_latency,8d1sPtze4OnVg7NjejVZOwCt28dBoJfurRjIsMyMUrY=,32028.0
consensus_latency,8w+ZEitlAdca5sobkNEq3H91ls5s2TDHQK24AA97uyE=,32028.0
consensus_latency,84r91yCmUo1pHHgFr/JXqFLPIVykC8VWxoEBY6GUXEk=,32028.0
consensus_latency,9D9gN7rTe7qrxIAKTmFxS8mJoi/wNoFkz1fyqZtYFr4=,32028.0
consensus_latency,9L2SNZgLmOMQ4qa5gIViw5JxYxsL0ang9CNkVH5cI+A=,32028.0
consensus_latency,9QxWH/2Xe0k0Bqfo7Th1xnz8TbxNp95MhRG0vI8btu8=,32028.0
consensus_latency,+gvplozC+y8N4uYo8EHq2HNfZSPmyGTSaC2AcatVYIk=,32028.0
consensus_latency,+izmryrRZybwrnHQCiqXz2KLneY3KxwBPf5eHc4HbEQ=,32028.0
consensus_latency,/BBayh6raJfnaxY/iSfoQ7QrhGoS2jfMDbjG2/SYRCs=,32028.0
consensus_latency,/wbE0qJN8gPWQ9/MQdcmPmo8MRE3stIERJ/7cp0ET+Q=,32028.0
consensus_latency,CF1jKm728Qn/y6zhbvrBQr2Z39qh/2SeoXEVZoav+uE=,32080.0
consensus_latency,CqVIejF9ScC0rNRyVXcQVPQ6qpYJOs44wCHdw1eHvs8=,32080.0
consensus_latency,DpYfFHL5NuP3+dg5yE2MFR+Qz19A1JD3fEmkMa6kRco=,32080.0
consensus_latency,EeFc0/Kdjlxz4AlqjV9CeT/dYUDN9N8uwoFoh3f4X/Q=,32080.0
consensus_latency,EwZ71AIb2TYDMyPPDDRyDvq6ku8CdfEjm3en7k5I2AU=,32080.0
consensus_latency,E7BNhMNROzSevoBbxhOPAcuxr7bXZB2LkmDWvPCs4ak=,32080.0
consensus_latency,F74Hp0isCh0F4YmZgEtx7/SH3aSof0vZ09Oyd//4Nzw=,32080.0
consensus_latency,GFMi8lqmUT9njdv5ZdfipVly1sf8XiLJi+9d9Dug7ok=,32080.0
consensus_latency,GyGfXzujJD1EFtARbWlbG9P6jSqVr4zIZhRXRb1r35k=,32080.0
consensus_latency,IdwIZKy9HR0EBzLYBc61AdEUVCXQpeDy1vd2P7ghmgU=,32080.0
consensus_latency,Iiw6j1Vb7iRq4dx0zaJquCkE8TzZT7gpjgOoxODztKs=,32080.0
consensus_latency,JQra2kImiswDMcu58p/7Clswv3s3aWBjSwW+Su9ECYU=,32080.0
consensus_latency,JV+IeRVaOeyYoSAUGt9spCBWmqjhj1IfFxnx38dmPn4=,32080.0
consensus_latency,JoP3SKhlK4c+ncUJkGNbH2zbyYLyti9JOu0qP8Ex86M=,32080.0
consensus_latency,LSxsGiFb+p2OCxReDxvFFoKP5+XpK3uHViUdP1h0Qys=,32080.0
consensus_latency,L9jT1AfzLXvQobof5vtDQcjUrRd9TK+H0scHOvjAGn4=,32080.0
consensus_latency,MJ1Ji6IbSq9iLq4z9aCrjDPVtb2PSNBFNL3BRVI4tcw=,32080.0
consensus_latency,MS/Uy1P0AHkT3lFLmsPxiMUG8W7UgHnioCofdx8BvyQ=,32080.0
consensus_latency,NiKmEwla1YmyMySVkmXK8OMEiP5Yu9RkJEPI7Dl6XcA=,32080.0
consensus_latency,OJRFsuPpwL1e5H5wAR56XvJsnyEPwaYFdfjNbH6BCY4=,32080.0
consensus_latency,OvsmDcXI79lQzZy+AVNCVl0jE176aOUieYZHsyXS6RU=,32080.0
consensus_latency,Pyr7KXIH2JlW5AQBWcr5/u6k0NRoXwdH0b9atLBFTI8=,32080.0
consensus_latency,Q04UgRz+gbTMzZk27/U+rRVg+Arn32QBR669zUAcY8A=,32080.0
consensus_latency,RyCszsJo5AwuXsZM1Y6rU8shcEkmN5CBua0GSedrPto=,32080.0
consensus_latency,R3uUmOKJ0enDfTD5F+NcGGba2oAraFRL/kUoByaJS6c=,32080.0
consensus_latency,SQpj+3quwiqqwEa2713vlxlohst9ToAgZejkWOpWv8M=,32080.0
consensus_latency,SfaY+cwpx1oQJms7wl1itjD7EsLMVa6A8lW+pSgUoPI=,32080.0
consensus_latency,S4K/PN19jnwPw4Tsr6xZTj64sAC4iJ3Yhy2Nwssf/oA=,32080.0
consensus_latency,TH5CpvnWiJs8ubD2wEqqEg17h9nwgssNDTFPiX8McEM=,32080.0
consensus_latency,UIuycMKJdC+R6ZAjTwyOQviDeAeFMBEvy4bdec6TYU4=,32080.0
consensus_latency,UR/UhBhn1EAqEoebrJXxcWMtg5WvMpDXPA9ZmLk+tRs=,32080.0
consensus_latency,UqRhnBfWnTtFy9uUH/K7itlcccRfAcBNHHWxJKwh/e4=,32080.0
consensus_latency,U8Ecc3Izp3vDYqLT1dRrmJT/8qKcIljIgUGbLy61czg=,32080.0
consensus_latency,VhsisvBZSjMbJtuBAqDRgOwujN6O9x/CArHuCXwrbJ4=,32080.0
consensus_latency,Wf9ClD3UkaOk3WRdVbWvek9AvbKhKiDnQTJ/0KcoW/s=,32080.0
consensus_latency,XGczW1UQP3jJRedDe08gSLPaHVq8iWbgnn2VornBBVQ=,32080.0
consensus_latency,XwBNUOX8O5yJk4KsZnKJzMbILMpQiN90lNKdU0wXJuM=,32080.0
consensus_latency,X1iUHYg6oF5vRMLk46Pe94n3RPTpPmkr30XCo4G16Yc=,32080.0
consensus_latency,YZ7JtcZfWSNgEKcnhqyZOcrz/cilTMDxUOiQtAc2sN4=,32080.0
consensus_latency,Zl8P9klh7lcLZzZLZzUBk4mOMfuLg/BTTGb8om41DqY=,32080.0
consensus_latency,aC3IGidcmpNbQByfUHcc6M8VfSkR2rXhBKgAkAGrens=,32080.0
consensus_latency,aKNzkHfVexCNtip5pNSDd9MZIEyqLzZq+mJuspAVKV8=,32080.0
consensus_latency,aLh+ZYyZhEjy41N5+7bGJ5bZ+96OugotIDlgTWd10xY=,32080.0
consensus_latency,by6zeoxwcg7S2mrkYiCLwCAm7CsdGUfMJLFQ82HfKC4=,32080.0
consensus_latency,b9S7XC2s6vSAbPRPWJRTjZXVPR2bmSAillo6qEAWjw8=,32080.0
consensus_latency,cEHikPZ8JMJB/D2C3L2OhXv9U6vGDHKaIj67/PeYdUE=,32080.0
consensus_latency,c5Gohpk6NMiU3g2P0MhOnbnJU5Av7cwfvDb22nJu9go=,32080.0
consensus_latency,dJHYQZJSwq3YZdntpTyTW0Q2nnYWcwaTWnpQE6BCGfE=,32080.0
consensus_latency,hxkluzYcCnGs/9TA6hH10THcC5mZo3XapumLKEnMbvE=,32080.0
consensus_latency,h3hfL1VOtl+LpMv4ziQD/1+aEV5rDUnyj2CNwlwKJuY=,32080.0
consensus_latency,i+j3HMkkhIl3axq2lG5K2X/UDj+bEE2NuJFqalsFzXY=,32080.0
consensus_latency,j5ElljBQl+X9d9whhFixl2xCHmCKI1h0DAEUThbORcM=,32080.0
consensus_latency,kTxVa4y/PwN4cZIi767d0l4WT0gpk213o1g3z1kaU5A=,32080.0
consensus_latency,mBCrzzSgTZ3hrjsfN8fYrbllNuzHJQvo6CqQUdEh1pk=,32080.0
consensus_latency,mjLscYAhSe7eWBhc2/JthIRZaT97eF6KU3qCh9IZBkE=,32080.0
consensus_latency,mwbchIMrkYPjSq9uoPY07ITN/82huo+EY9vPY3CvkTs=,32080.0
consensus_latency,m7+9qGqN7xPvPgUUQNVQBFWqlFJevf21A+rj3hmn8/8=,32080.0
consensus_latency,nrIH13U85s9aDeq/LGxffZ12owIDqWJP/+K1YKcpnV8=,32080.0
consensus_latency,oLDZYgUI2sr0QrjnqdrK4NuZ3yI/Xqq1/BHRpM5Kf0g=,32080.0
consensus_latency,o6mRHNAFLoU75dXNPSSk/AdjtR+a/rG0ATGLmUFnfTo=,32080.0
consensus_latency,peqaiuD9G3jgIM3zmr5OWVyfD1sv+0+RG4QYtqXWX08=,32080.0
consensus_latency,qAD2SojkVtat80y4y9VV03Sx1yasuUZnFOqrpkdeOQs=,32080.0
consensus_latency,rm38oH3JiOxr9evFeDwkzqo+ws+Qi50wNPnT2ANfT1c=,32080.0
consensus_latency,uVUBFQK/M7o+7i0QboJZAic+yg0Tr8oTYUPfuyoWm7Q=,32080.0
consensus_latency,vIeEfSnnY8gGQPKD5bGZ3xhAL2FYxauTRehtkyO+968=,32080.0
consensus_latency,v0fSOsfSJfNdGDWvm4owlIt3xdB9oCGHKwr/zJqNyko=,32080.0
consensus_latency,v08jXHfBT/0RJEqiQjy4ppAeXt9F6+J/emP5NtHSQoA=,32080.0
consensus_latency,wV6ng4DeE5R1SpkTuy/jlHgbHqP+2vdWDGoSObtudTI=,32080.0
consensus_latency,wZQEMGAqjuZXKBnXipxCHiww8qcAQEPbKW8c1KNuh4k=,32080.0
consensus_latency,xHJuAwVVy6L5JWpVkg3iLRS2Wy9YJY+kY8nziJlkwKQ=,32080.0
consensus_latency,xx68Vbk05dMK8TQ4B3vA3jwxLBY5PzV5ZBFYt8NRUro=,32080.0
consensus_latency,x4+RZxXZnJQZbhnRFlxrkLDNuHbMXQ3s8+NAAskzybA=,32080.0
consensus_latency,yYQroAS8NBKzyLCiRjNXsd3rw/79Vd/Ydz5POEdWhHA=,32080.0
consensus_latency,ycX4QmFA01kPmP1uZeEYVtDbUcYzqHJRi8a2TVKWTfA=,32080.0
consensus_latency,zR7xK+aXUv+5fgUtX/s3wJkHjsdIq2lyqltmqtziRJY=,32080.0
consensus_latency,0T9O/q9Sy28irl/KTQ5PuzRzU/4tDbSoYP5Vfi/OyHA=,32080.0
consensus_latency,0hQM1JcrRdAxU33ZYu0kEHsi5V8QcGrhpg8un2HLyWo=,32080.0
consensus_latency,1VuK1zoYjsI/T+X9EV341DQWHhOXXkD9z27MRD0W2EA=,32080.0
consensus_latency,2a1j0MXQ0haANfHWkvt85Ljvk6/iNeRTxul7Ay7yVZE=,32080.0
consensus_latency,2y00CC7Q9AwA4xy0Du4ocDG+3YDZQHGPRPlsiufTWEQ=,32080.0
consensus_latency,28DlojsfPL/rPvLVDzMzeUrKTytxCuMMHGaqfVtbYVY=,32080.0
consensus_latency,3LWx3p1X6HfqyozezdahvXEDLtslz+u2wj8Vu+k+PNU=,32080.0
consensus_latency,3N/J6oekqRjqd+iwWUrXC8KsKbyEbgbtTsMUKdySYWQ=,32080.0
consensus_latency,3OvEGTgevfcc+m9/XnGYNjVNp5fKgpZzqLlksFmKh+I=,32080.0
consensus_latency,3t/X04aAxekWiEfXoTaKkokbK2GGundvYUdci12NYPI=,32080.0
consensus_latency,4L+kbyxeefA8J7DoVA+j4NKWJnuoCfCrOVsgUHJ1QbQ=,32080.0
consensus_latency,4/sMASszuZRaC1uaKMR5m2c2roOA0d+yt9j+dj5mJWI=,32080.0
consensus_latency,5Wb3/bJSYa+r6iTsck1FoYGI9uDa4Ukw7WLQsuBjVtc=,32080.0
consensus_latency,5gruqKjpdOsWKX8NOAIsKO3torcH/vVdo7RYbA7pQfk=,32080.0
consensus_latency,6BStwJIwCVneYuNNeHlC77DaeUGMizsZENQcGUjyn9g=,32080.0
consensus_latency,6gdrlyyQ3CPaEHVIqh8q8SDfetiVwLOtJFpd8chHLfM=,32080.0
consensus_latency,68led2pX0le+GTGHhng5VpBtLoR9+iL0ZekrUV1rVx0=,32080.0
consensus_latency,7GjSqr/rgx4hVWkTFxSF+j7Ob8rF6K1NWWEtATik36U=,32080.0
consensus_latency,7MU0rrwIWfocdH0TQUbEv80O5WUgcfRuQvxBI/ENWDQ=,32080.0
consensus_latency,7S/5v2yTkvZDVLaWReK9hvATK7FBVqYohNC0P1pMv/k=,32080.0
consensus_latency,7uB3ayOcj/lnlfMWcQF/NfqyyKtKGDaS26swE+cbIbI=,32080.0
consensus_latency,8E/vuI76NtumOpbpOT5imh9+QGshr34T0kfsRpvJSi0=,32080.0
consensus_latency,8qSVX7VGA7tDaFbgkvJDza3ttZ17UJrpz80j6JpHdvc=,32080.0
consensus_latency,80yhXKHiQoQAzwmM9cQaO/5lZDwxqslhQa/n9v9nVI8=,32080.0
consensus_latency,9kVXo8ujWnTyYtw0MDZ7LcK6g9UGPJRyX6pbPYm9Fjc=,32080.0
consensus_latency,+h1r/gvbRu3MJVXnkhcV02DBcuZGbUPJb5MTHh27tw4=,32080.0
consensus_latency,/e4Uw3utz6tofj+C8iw3Mh9aosPNdOjNCvCbfnrX8uA=,32080.0
consensus_latency,/iJy+32nax7XhmoqCk281zDrgh6eGYd6ITbOjMRWTiw=,32081.0
consensus_latency,/l3pEG14hci/raUy28GyB/1mQIlpt1YOKccZehk6Lcc=,32081.0
consensus_latency,/2DDGCspnkUziJnW1CuHreFmLAz7mBUchSM6wFv28m4=,32081.0
consensus_latency,AzQ+4OILupd2+tjYmOh1xuuSJE+qSGM3l3Ka7tkYHbI=,32029.0
consensus_latency,BduG2ZcWUzVLDOht4Plw+TgVmdOVEMXlWq8mkLZEEGE=,32029.0
consensus_latency,Cgre0bFJE+o8yluXa+ul2zAi9RWOdUAhX7jNlO+A3gE=,32029.0
consensus_latency,CreRfbpJRTsMvnH//gk1AJ/pKr6c0roJFHDlyl3TvdU=,32029.0
consensus_latency,C90LPE+RaZrPr60WVjZAlO8Hqjgq5OhapdgqwJtV4BY=,32029.0
consensus_latency,DITQLz1UPhPRnW/d4E0chbDmfm/APClinY6X4MN7KGQ=,32029.0
consensus_latency,EiylPAbfjz7d9Oc6QKGxplNt75kEIf5OXJv6+ZZEXkA=,32029.0
consensus_latency,EuNUt+X+/z3d9x2KofaNOp4wby+aJ+nwwJfVT8ig1eY=,32029.0
consensus_latency,FJB5rXrbx52t1x62XhR3/gPDojkfoESuNPU94BPkNCQ=,32029.0
consensus_latency,FhENe7PceZcKoxALfU7RpGvGWzWEUo2wqye1rl5DWa8=,32029.0
consensus_latency,GkrBwe8Cqv6oXkLEEvVH96VuX+cul5cHc83McOcapQA=,32029.0
consensus_latency,GteNAuhim5l3ZQ+VQovcY6gvvvqE3qTvXRRYYkO+z/8=,32029.0
consensus_latency,HTgU4OnJNjJtCEKoYp8tOVQfn5k/UmNWRuzXqLmXaGY=,32029.0
consensus_latency,JpxDr6MdwuDGccLHVTBnYyPjk6NPrR52YL1uzbl0MZc=,32029.0
consensus_latency,KGvU/PASOA8clidBEBSZ8pa+ZDMRQnBwfRWckxnLcaI=,32029.0
consensus_latency,KWpB2zmiHck/2VBl09p/tcf2if7Lj8CYt5VKmTIk2M0=,32029.0
consensus_latency,LUFntkXB1Id7yNTs+BbwARAbXhyYbeW6isy6myyCfYQ=,32029.0
consensus_latency,LkJTFnvY/5xBTlEaLVeLl29NvIDtPKlK3Mr9ansvZ7k=,32029.0
consensus_latency,MP9Nre4PNdKfr8osmzIXtLjVGI4UzvNjAGCp6Nyg5JU=,32029.0
consensus_latency,NoMYiVUxXpV7EckfA+nOQiLj9fE3KH5nEd1dJudk2Vs=,32029.0
consensus_latency,OIfCKokkbjPcaR1qa6YWojBWsyPsO7APYay0XltUWcs=,32029.0
consensus_latency,OeJj3VIRa3wTNiJlQiZZuM3sbFztJoifSo1OIC4D/Qs=,32029.0
consensus_latency,Q50qDqiv3RI8ZLJXYavPOB5DcLeSOLDPq+gj/oqwmDs=,32029.0
consensus_latency,SAR80QVXCHzUCnolz60CLq5AKPbphA3Oq7zWvf6byWk=,32029.0
consensus_latency,UKtPBdflFHsNs55b82oIiVmRr6kzO/C2o8A9uEHSbTk=,32029.0
consensus_latency,UL4OJLKHmtEbYtzIdXaF0vCFoBOvGiJgma7hAXh9iRA=,32029.0
consensus_latency,UTOwYYZ8W/JCAmCShv0+nhMZRtgprK6p5cqYWMK21h8=,32029.0
consensus_latency,UpG78o7XmnPlmw/eOGZuaTyh5hMo46mEM1+kNS7XWRA=,32029.0
consensus_latency,UquVg4Vue6JMy6ERQ4H+AwMdSnT7XmvWaHhk7vhByiQ=,32029.0
consensus_latency,UuYDZ4aj6ESLP4Uz0D3dH52PR52WIOvO9b+rOpvXO/U=,32029.0
consensus_latency,UvK9iXlA36lQ2xSit+bv4NmjHn7G0yQLZOEH4G4Fc4M=,32029.0
consensus_latency,VbO67qwhclKJfGlBlYBYPBpXaQEygRAuJICN9dNGn6g=,32029.0
consensus_latency,VcgE2pSixCJAjAS1Lx2okUwiyBAYUMRtLk8kI7DfQbQ=,32029.0
consensus_latency,WaYUyE0aKOeZUMv4IOZQNf8n/j3qPxXVTWD+1+3hTI8=,32029.0
consensus_latency,Wql/GPWa+x+xzjHwfqbXIemgvutf37VpTbVJf0FZjyo=,32029.0
consensus_latency,X+G4WLCYsApCEHKrFDHHW30Ujuaztw1KsvQ6gJDcFb0=,32029.0
consensus_latency,Y5gzSc5MMZEtfjqrs3dhGWH763V04Ke3DDBhWaDq8NI=,32029.0
consensus_latency,ZsRM+6STN98XWNKbBBrrZZyg7fL0v/MOJ27gwhTxNF8=,32029.0
consensus_latency,Z2N/f3GoSpHS2uXqHRDjpJtlKLsCLicVz4zj6WYQaUA=,32029.0
consensus_latency,aqukYF1cznSQecjL/VKa1xIyJgNzMtgr93AOz754AaA=,32029.0
consensus_latency,ayztf2EfXAM0LuETETeeveFZNyDr2gncWKR4qzVLfgE=,32029.0
consensus_latency,bqKuFYZDdNYVAhxZ+J6lXEtruGRWZp+p+bJRtTV3M20=,32029.0
consensus_latency,cQpj/qMe6I8q8u5e/JKn1JUdww0mi61HSx4lZ8LvfD8=,32029.0
consensus_latency,cW38ezDGSKWFHNngigANEjyr/7g+6lWsK2W9suufoB0=,32029.0
consensus_latency,cp0pANleDnwxMmBoqcALChw3F/43dgkbc9hiiHm7SOc=,32029.0
consensus_latency,cxUiKqABGO+qHlGyo+TjEqvgcersq9eo4TxnX8PoofY=,32029.0
consensus_latency,dFOKoVKlfcs24QzhNKvfh9ggdfugBcOuOQgluBicCJg=,32029.0
consensus_latency,dF2Y9GCtfvVhbd+jmgwx3cUv0YU6N02Z8glvHfnhxz4=,32029.0
consensus_latency,eQFKlx3frGv3/PfdZN5JcuUeyuZtf7JhDghyZk6ttxk=,32029.0
consensus_latency,eTLUTNJLW61OERZmNwbwuZ+B5ND5NWOgmOzYUZ4OuMQ=,32029.0
consensus_latency,ekPDs4QNtbfy7JkWRmJ/eEehmFh4FxoE67sPyvFqVS4=,32029.0
consensus_latency,gxvqNoM6qohSTEcrzL202qcvuDHMNXJJXkE+lrT2GD8=,32029.0
consensus_latency,i5FVUDRJ5a8C4AZkIOJH1V5sCreF12Sbb9u5yh1VQiw=,32029.0
consensus_latency,jysbWdg+lzqEXOxYqRDWScIhYH6scI8zwptrlaQXoeE=,32029.0
consensus_latency,kbYjiNSlRc1DOtjC5L/6klFCcpr5apm/FMExSP4LBc4=,32029.0
consensus_latency,k/neVjiXr4sEhOKcy7jT7eMIhIHSdHPMVSsbEUOX5EM=,32029.0
consensus_latency,lt7fgqz7gtbzHFWi3bupAN4K582Hzov4BDb/tz8NpkM=,32029.0
consensus_latency,m0w2PVx+UZECXG0MtPq0Mhk/KdfHyjl4lirBp34eqYg=,32029.0
consensus_latency,m+H2PIO82tIVZ38K/iwKVaQuV2m6vD+uqHVTFZOyVdM=,32029.0
consensus_latency,nR1Q4xVgdh3MgcpanGDGFl0ytAXhJjm7ytHDuWqqELg=,32029.0
consensus_latency,noEqXyGlUyY5TtSJXuCeHw6P57kNHfhHfhhBqOQdEWs=,32029.0
consensus_latency,nwUAC1f1Mu8DaNeyTMtlQ/duZaPOQHiqZzCUrJPchqM=,32029.0
consensus_latency,oiEGgjPwV1HPlBsChzw9oIVu49Ugf4wiACUvTNA7F7M=,32029.0
consensus_latency,pBbvZwiu/quv3UnIMDL+mN0jwJLZS8m2cCzb9ofK7fk=,32029.0
consensus_latency,poFyilDRNwRsNbIWYx1PlAO/zzUxNCUeNMxSLOcTjZI=,32029.0
consensus_latency,qFcLM0/sv6GMWl4sMSNmFHG18ZnBFYDr/0x6sjhZ7bw=,32029.0
consensus_latency,qp7IIYkD1+y2BJWXEw7EQt2pCm1jpUkomeNUKmPvLD0=,32029.0
consensus_latency,q/MEUDB2PbSNLTmiIKNnCjdzxp2LRU+p1h1ONf2vWtw=,32029.0
consensus_latency,sneb9WEL/f/2lZA2EpwIS6nNPmUu7hFKamraQA2mcog=,32029.0
consensus_latency,tDzxm3eooi3deOCcGX8cfV/JrINSvOUjwDqPa5OhnRk=,32029.0
consensus_latency,tH9wZnjWs++j+GJ5To4XqmrgIRfpQo/tJ38mhk8a8yI=,32029.0
consensus_latency,t2zi47o3o/9+OyvJV3d5ZCgh8YyCuggsvq9HOgxMCKA=,32029.0
consensus_latency,uj7Qcx4il6hjJtd4G0JTxiPDaIKraWijx6SYor9195o=,32029.0
consensus_latency,vdkTTwSFksaxUY18aSHaoB1Ru+ELXq+1VPTDH/6/bGc=,32029.0
consensus_latency,v/zAe5E0peB/USC1ReCNgZq5BPmOlcs8CSoH8ysaOkQ=,32029.0
consensus_latency,wZlU5c+G4DpaRDy0nVT/yxpNVvhCuvZjk2sXbaXNwFk=,32029.0
consensus_latency,weMKcauf8xTH5QLCsSHSIMx6EpTCmhRoztWYdAZB2AQ=,32029.0
consensus_latency,wgvfu52gTfdqhHZZ+0fZ5lz3wSWC0vWBV/wEpyHSjJ4=,32029.0
consensus_latency,wiV4K0lkZMd05KM1/qR0uAxYa23651NTo/URplGC6/k=,32029.0
consensus_latency,w/4VKEhoIZLj81eqqF97r1ukTCCSL6UAM0slJmfnt9g=,32029.0
consensus_latency,xe3sm3ra5N53VjeILyiHBoeX93/ue0cOU3T0o00Y2BU=,32029.0
consensus_latency,xhuSpFZmTawDnd4/TlMh11VJsmvC8amA09ZgFabB6Lw=,32029.0
consensus_latency,yEn1AbCU7F3u2d8nZ9RHFOi7fFBB0uPNi4BNDF0KtDY=,32029.0
consensus_latency,yMSAMQLixd5QXWyhiTpiMTNk7OKPcVVaMomosblIXZI=,32029.0
consensus_latency,yN5xg64xdm9/CJEVEpW8oIyNcC9rbn2EcwWqynmlnO4=,32029.0
consensus_latency,yxxb73z5aC5VXwWO1VzHfF+jFvlZewQql/TRIA5BetM=,32029.0
consensus_latency,zDwCdyXvRUPfUltHUf2Ghufg0ZR5PdDuF+vzVqdQUxo=,32029.0
consensus_latency,zTNDEc6Xy2BfHR888lqo5GVHcfhYJaYM3ACzFPq0ktw=,32029.0
consensus_latency,z7SIXi7DTAOepkxNU05it1ydkRD7p45oJAip0FR2vYI=,32029.0
consensus_latency,0VNGPVKGUW3gZzhydMm2UDl8li7L4EbLqBNljsQjaoA=,32029.0
consensus_latency,02/vvD5L+fFO3qH449leA61HUnVEY6SoKDrlmGrslEY=,32029.0
consensus_latency,19hTBm0VOTpxiW3EHS6Q3CGqf/J0cfqIWusNkKqu1DQ=,32029.0
consensus_latency,22+94Onwwops0WP9sjr3fimHgEuU8F0IODmy5i+I3zg=,32029.0
consensus_latency,3IcVWLG0AL82Mn7V1kJma3axK1NQBuNEK019qSxhUIk=,32029.0
consensus_latency,3unbU2D1llms+T4xbHTS3iczDuUGNndLJCyH7Lf/3ZI=,32029.0
consensus_latency,31ZlffjBy2a9BLxBSOkP24SxCd5PrxigGfezxy9Ojog=,32029.0
consensus_latency,35Kfkq0Q3/ryg5+JB3QDxDtcgUDYSm9PY4TVvPFN36A=,32029.0
consensus_latency,55QRTkdTD/MdZlU14I1uQRt+4Wl5pSbqtIaciHe6eFY=,32029.0
consensus_latency,56PPHg6eRdmGzudVtnGkc4/IbxBYvskO6aPXY9o/6z0=,32029.0
consensus_latency,58+jNEdjNd4gKwgmM0IrkWURujkWP4Ghd9cWOtTMTj0=,32029.0
consensus_latency,7j+3oA07lKvdawUvMx+cbNH4zwFTX5UAfK4594m7rlc=,32029.0
consensus_latency,8kcSc5huLW/VTaTjEfJXdwZKF1hQdvcn2vBFLCd/5B8=,32029.0
consensus_latency,9cA7FOukkrMWutylRQhm2eDaJFZb7n5OSFuiLTa8nIw=,32029.0
consensus_latency,9cpEfVNjP2+8xk0HRZ6zIqk+LtFiSHw1zJ62LwD7duc=,32029.0
consensus_latency,9rDaiYhNuEEaWdcQ08OgaWDRxCXtefR4tf3dNJ1wfsI=,32029.0
consensus_latency,9zOZOq3p0xfLsxA4W0j+w7nQeIqX4ZxEcyCI4bv9DoM=,32029.0
consensus_latency,9+YU28vO9JrOuPcl4k3wj2nT4HBu0NRiZvn1Sp4Y9m4=,32029.0
consensus_latency,/9uDeZzv3DDCvcUkiPVwstKMFQiSnNMOzrIJJ1ioL8c=,32029.0
consensus_latency,//gUBsaRAukPxr38VPqyG7AkihVrMaw63vGBEyQVaO8=,32029.0
consensus_latency,BAE75ZBRh7xhSyl6YaUUWanGC9Ksm+u7RmTEAPeiXho=,32082.0
consensus_latency,BgeZSSZSzGx0FDIyLud9p7dJmvZPIV+oTQ0gfVY2NPs=,32082.0
consensus_latency,CyKe9aHasqAbiDztRilA1NNT2TS++8ydcHw+SIYSnlo=,32082.0
consensus_latency,DSQsxmWyN8o3L2F6OGaxhtR6x1MOhxhb4jSDxefStp4=,32082.0
consensus_latency,DVfWq0/LovIYDEOZH21+DL861CFykO32+audtxcZcg0=,32082.0
consensus_latency,EWVD9EYBnPojKoGRKarYAcmwB5yfoyhtYORymt8vZ7c=,32082.0
consensus_latency,EXbpPMrb5a3FJK2WkubH8/SotOo54DvTKG/Ze0b7GeI=,32082.0
consensus_latency,GqETRiUAZjC/n1aMFO9YRcw+Ot39ihcv8H2PZbVphfQ=,32082.0
consensus_latency,I2QiAMRV/6JNzH51FoF3HvqQTAsJpdHFZHjJ2fJo69U=,32082.0
consensus_latency,KNYFLG3IozUdB/J86ramZSUnojpVNHGdHwOlFPGwRck=,32082.0
consensus_latency,Lg3KBFQmWMOSVOybKSUtnYZjJ5PytdmFMZ4ETk+j8h4=,32082.0
consensus_latency,Ll5B6JrJK4FAM2nZjbcHC/N4VpW5QH5I1Ehr1x41R78=,32082.0
consensus_latency,NwA12NGdmdDqgsVCc+RbSO8/acpB8h9EcXE+Oe5s9VE=,32082.0
consensus_latency,O1Yxi1V5ZLnCXuK/b1Uh4TH1V3EbXntMIIUMsHFOQv8=,32082.0
consensus_latency,PtQ8lvCHDFuT5BMZuT8xSz/xMlWY5RuNMRRXPLTkkWg=,32082.0
consensus_latency,QA8dJCZGxUzj9hDyB4n/Ivmo4oY91+LCcS4W6Hj8dI8=,32082.0
consensus_latency,Qm7RhDKuBAk06hshCmHUyWHH8uYeedZcXO6P2qozvo4=,32082.0
consensus_latency,Q++xtrYSUU9TpmSdJrCle8IHWa/Yt5ab+jyEBQCLbNU=,32082.0
consensus_latency,Slgp65c0WafqN3xsSMk+7CwPnK/51o/mayeNxKHEAV8=,32082.0
consensus_latency,S2dPCTE79mfa6MGUIQh9fMR3VV+v2r+GG2ajIoEWC+I=,32082.0
consensus_latency,S5EA9CbmN7JoJLSpGjth0oDPHwRh3a1TxpXw8RRu5Fs=,32082.0
consensus_latency,S8zQThmGz90NWEPGdrn3Zd+f9jxjuDqAXm7wyrOzIrs=,32082.0
consensus_latency,TbbAxj4weJm2JVgKWAafE0kBYkIZfHx3SUR7lLQkx4Y=,32082.0
consensus_latency,TzayFK8KrxSE035T3uaPEZsCw/swB00Q9wrUUM5Xoeo=,32082.0
consensus_latency,T8kTFJMdRxYKgzCM0JCodp2jkJKB2iJK0aVrJ3qOqOs=,32082.0
consensus_latency,T/rzxYQ2E79/CHwvGHKbhnJd/kmSnhyNdlhaR0Zm7aE=,32082.0
consensus_latency,Ul92eEOEAM6L248vcepJgcQ30Uby2oX8gBEAVc8XZCA=,32082.0
consensus_latency,VHczx8juifqZYtTooVKqWSws7oXSLsQsQ3zC6WBiPi4=,32082.0
consensus_latency,VjsxRgQJa1bBJgLDZjJId63Lcz3D2UpuiBCqV6X8DVk=,32082.0
consensus_latency,V/4R5OlSAakNvPksGYJ5jGUARbfYuNz/V87zZjxfD/A=,32082.0
consensus_latency,Wh1nfYrJZoCvxhmIewnC0qxyHsN3cBh91RBCKVX+ey4=,32082.0
consensus_latency,WlQSTJDe9vf94eYhokBB6WDbAVstabCnltZHNF2sX5w=,32082.0
consensus_latency,XKguWXPYaSZHsGwDNXWr5RdAlKccqyKBFMZldE6b0Tw=,32081.0
consensus_latency,XWB5lrOUXZQ6RyyHMgud0HNLE4IMEDsZWpUgL2oDZfY=,32081.0
consensus_latency,XblF3CORIsYUinAnwq2x3aOFun3wbXokQj9mWRCsvfE=,32081.0
consensus_latency,YNbEe1rcMkyBSGlu9RJ5iuseMeAYngD0omyQE6rB00M=,32081.0
consensus_latency,ZDqxHhIQL3qvh3lmob1Tj/HWkRt0kMv2IyOr26NObp8=,32081.0
consensus_latency,aLWRKPSUCAR/KP/VhjyiyZYJoeco1vaWdP2Bxp50M50=,32081.0
consensus_latency,aNQ5aEHwm6vf+wlI0c/0iw/DHST8TQrhrfHSYEfm7pA=,32081.0
consensus_latency,aktFKvGX1zlWJhSnFxoDEM+oWKcjZSLz2Czl9ywvRU4=,32081.0
consensus_latency,bx0m+evmc3XzmAFV5L9ke1oN6bDZsO3fxnK1uRedZyE=,32081.0
consensus_latency,cHKeoAadvU89iOfFG9zhMongu/2ZMvrLMhW6nuit8r4=,32081.0
consensus_latency,dB++wncMFXge74mJ8S9wi/V0MqTu3HLIjCt1FhljUhc=,32081.0
consensus_latency,efVGaP+hn7UEpgwxhUmQr5LvyeblKxIiA4y7FHD5HLU=,32081.0
consensus_latency,fS7IEqGcnfwOZYJgAjGtBkX66E999j62gNXDsX1YkSw=,32081.0
consensus_latency,fadm+F/b5Sexhnq/QilmgwSUQtJRv3FXL8F/HVAPTwA=,32081.0
consensus_latency,fa6DFbuIcdMFDw8ZTkRY0EiUl+m8EAVZvSvMRltPcfg=,32081.0
consensus_latency,f70G5OTCxueY1dlmC4bVyY54uBAbKFEB/B+xw+2eu5Q=,32081.0
consensus_latency,gt/vC192/pAr03HOGcR0roegAiVWVEyKs+UzrC2MuMs=,32081.0
consensus_latency,iOfturo4DJ+9v4y8CSr7OjITcBCKz0rtT1VViA1wYlw=,32081.0
consensus_latency,iz9Qop5YToggM/PweXs337OfuoG0goYmVTmnUyqtp1k=,32081.0
consensus_latency,kd0IhcJMKZO8592MeCspzVv+2Wy96peKnNpcyGZkRnI=,32081.0
consensus_latency,kfYlYvSRxqw4BgBWF7oFfQUCQd65hVqHWb5VzLUBw1E=,32081.0
consensus_latency,oEmwvGXAhkEE1MZgVzYWzP+oa3wEe1ttgnh8udkMR9Y=,32081.0
consensus_latency,ooJTnkVUvdoZHTAA4cko9soNvW2+N5Pln21pwik2iP8=,32081.0
consensus_latency,pOgDVkuMXysdl7NzzLUjmjWgeg2jHPAMry5OhYwloSE=,32081.0
consensus_latency,rANxQ+zzwfqLD/rExEF9wDMj8wURywFLWsyvzRAmlyg=,32081.0
consensus_latency,rKP4mkRSq2e2XKlzJQlHL8aDHrWXCwOqMmFj5hzDX9Q=,32081.0
consensus_latency,rcc/UcIx/hbivLukWfRZ//2vfNoZ2nB3p0IjtTLojmI=,32081.0
consensus_latency,rrdB9HFs+3WZfudUa26zX2znyImkhNAz0eRpl4P1j7M=,32081.0
consensus_latency,t6dPmmcbfH5l/EK2Yv1ZMx9jwW7cGuR5gRqCOxbUQyg=,32081.0
consensus_latency,w1LGSjMtdON3qMy4QbRDnhtTxn6KVphfL8AnZJlp6Ys=,32081.0
consensus_latency,w3nWncB2A5siRV8xOYv7BKSAcHNK4RiLImDSc32CrAg=,32081.0
consensus_latency,xMZXUBJ8zphYocoqhfDLzO3QDsZwpPpO397+rHbREYk=,32081.0
consensus_latency,xnqfAiT4c7aCvloYMpVSwzuu2kxqCucaT306L5VoLUw=,32081.0
consensus_latency,xr3H1SMr+fV7t4ia9CaHFWwKzNI2iSM9a0bJhiNdCvI=,32081.0
consensus_latency,ymUkXvMJL35C3VvpuFbFsdWgU1WEntrcFC2skjIBQsQ=,32081.0
consensus_latency,1MKj71D8x6bvrIPTjxxDeSiKhsqC7ZDtJkLiCM/ELnc=,32081.0
consensus_latency,1YVrgHoq4GcQpFjPs2uRjCtgUDuCUB33XWmHw5FZKcw=,32081.0
consensus_latency,1jF3cGdSuR9rtFPYgePQiRKB2LEfFgeJVksfBQpj/Tg=,32081.0
consensus_latency,1mnJC1cKX8aZGu8d8Y97mhjA3hUaOjLXathWmWX+jDo=,32081.0
consensus_latency,2G3xiVEbCzz0H4tPDZUUiXQ1t7VhwSCmoLC7RORD9BQ=,32081.0
consensus_latency,4K/cl+pu9BPLDRpA+6KM9oEiXlUa+felPP/szATkiMM=,32081.0
consensus_latency,4QejCWxz/B1NHKL0mgeVNyGZxMgAd7Oy9Vd4bhQSWTE=,32081.0
consensus_latency,4o6V8zIazA/f1DYM4BURKg7ABEi3wDJWhlVq10CITkM=,32081.0
consensus_latency,4241f8Rv0vhJsztvuHbytXCBP1uz1w6cDKcu333VxuE=,32081.0
consensus_latency,44OITqIYZJb2hlOxZ5BjFtmsTWxv2gHyUA05Bt0Qe4Y=,32081.0
consensus_latency,5cUfvW9e8wbS2wk/KkyjH37Sb6fFhSNDgOD/ggvob/w=,32081.0
consensus_latency,5owylovrId3R0KoMrf53IfqNvMq1A9KmrnThywBNrjE=,32081.0
consensus_latency,5vwTBtCwTmyixjFWrqoo3y6GOcBLmjEhgeXC/DVuD3Q=,32081.0
consensus_latency,527mUVbmFBpTVGcQrz/agcLTY3xUpgVLlulQQIwG82A=,32081.0
consensus_latency,6LGVAjDjbbuHCFn4cVYJ07pNKiflj+6aS//GQkBkTIw=,32081.0
consensus_latency,6RrP5o5cRQmIUjvy+FsDxo3OF4WMQSejXV0DWEWUPE0=,32081.0
consensus_latency,7S5qOiTO2wQDTeC4kPFpmXUN5JZunt4+rdiYGMVSRQU=,32081.0
consensus_latency,7fd7FNOyW57JsZ9gU+VCMdDYEJe7fqOAn4ijS67dTPU=,32081.0
consensus_latency,8hXaQMrWpcJm52bCoT9PmwwXqQuECAgRNVMICFWuRoY=,32081.0
consensus_latency,8wvoZeYwjG23CNJea7X93eMbCwuBuBTBw6ZPAm+Gg8Q=,32081.0
consensus_latency,9w1PPrdfnd3VbZ3LgVKTtaMBhF1hsYgdLOtUJlAf3jY=,32081.0
consensus_latency,/0rB3uF143CO8g+B6yMBzhJ0uUDE8I9rM9MDv0R62HQ=,32081.0
consensus_latency,Bhat0SItxg75Hd3OntvLRFz/lz7Ex62Bfp6pPcpTQhE=,31250.0
consensus_latency,D2UuOgGyDG/2vua43LvTvCkifw7EBmh5Pct7XHPzRM4=,31250.0
consensus_latency,K+HyX753FGuiTMXdeks57THSGlOXKJViPym6OPB6KLE=,31250.0
consensus_latency,S/NOxyOYzJrwZFPiXBVxPRh/uIiwiGpnNMCeI4/34NM=,31250.0
consensus_latency,TJSxF8Cf/ExH2ZKgVrn2gc6/+U7Ymfo2UTcYtGwmjoA=,31250.0
consensus_latency,YOKCcmdGTx6FBruXqSLO9/kwU7njpXiMQtO22wTqrqg=,31250.0
consensus_latency,Yss+EMYl8FxRXKh2CiTGkxl1SrPTlCWQzr6wXDBrWso=,31250.0
consensus_latency,Z2lXqur40qA9aK0noVQOXXQPr0bRPsn8w5tfcvxFuSU=,31250.0
consensus_latency,abFV6BQEit+sO2aYZiWefAgP2MW0DtX3p0pgdthDog0=,31250.0
consensus_latency,dCFWVjQEqdwpUycXjUauTUSPRmYhltOSMJSNf4ddv7M=,31250.0
consensus_latency,dDGL4T/FagfGBN30RFgaSBf7fBaM07UYqPBv9Ydo0ao=,31250.0
consensus_latency,iuu6gLL4Eu/PbX7h3S5C6aNeH0Nvgq2ctG+PBBE+lkc=,31250.0
consensus_latency,sbRRY6xTgxWHob9cyK+KSfMlXZ7SAmZwtcAK9Czn60g=,31250.0
consensus_latency,tueizrvqakMN+Sc+gk7vWjuLUfHERb2Dpw9sKUzuJFk=,31250.0
consensus_latency,uPCsBrzuVM4u1X5fUsAbuv9ipKllm2j6OwuYgPHepKw=,31250.0
consensus_latency,4Y3Va05fdMfaic/Nr4xUfuZfJsrew291u8Kmoa7W68c=,31250.0
consensus_latency,9Tp0dWLM3IU9ye3ipX2NzGp337tFAnopSvEpHlQZGQg=,31250.0
consensus_latency,CC9n9PEiZOIFiNeeOItJq2hag65z9tf6+Ixb8uD0DIE=,31215.0
consensus_latency,ECG8Jb6j3kF9ubFajC2eOh0s9NCKS3mVcUgkJ0GTurA=,31215.0
consensus_latency,GW2sFAwxdX3wvtNZFb/gbbvHNsGYIBG+Ie/PCb3MtZ0=,31215.0
consensus_latency,H949vmp5Dm9qEbgIKpgn/GUbTGH+aoSOcIRFRoBcA6U=,31215.0
consensus_latency,IZTMzwevUONEH87w9Q77LhP2HENbJCTkC9AYkLCNbkc=,31215.0
consensus_latency,P1veLX+wvYBw5LhzxutX2XYGqe9lGo14qEsfByyeDuk=,31215.0
consensus_latency,W/chMbMW6gs/Mb77Z063wfGd0vCeNnvHWaeANxGx/+o=,31215.0
consensus_latency,Xn2TGUr4v3AweOqwtM1yJDNkaWjMHcdR92dZtVUMjv4=,31215.0
consensus_latency,hBEfVSj5nke+c13lKK8JnD/o1Jtbcamg9KOANmxHMx8=,31215.0
consensus_latency,sHTbROiBTstupZtUhHkWIGDTZmnR3aCWkAZc+fS0lh0=,31215.0
consensus_latency,tZT9lCpKPiS++WcUfy5cIy1nGSq5ZtGQO6eDXaC6y24=,31215.0
consensus_latency,yo58vWG3RdDvAuP4fIibZtWghksH9a+v9YvtDQaYdt0=,31215.0
consensus_latency,1sn3G3P+0/aygNlCs81R5eHU84RxamQGZpu3mEUI1wY=,31215.0
consensus_latency,2c2PKOwmXNvhEr8GyYHg86u0ClirSvrnYIDiXKGVe1g=,31215.0
consensus_latency,+EE3RYWjZeRruVMk7opLe+QGZtmMBsUNoqZYmpELFuM=,31215.0
consensus_latency,MQL9jhmTvAdwhiZrk+IfHPhuhKe6kpq8ut8O1BTD+B8=,31251.0
consensus_latency,NXFXX4OLNLWnIBxCOkMQxmv0+ivMp0O7uxdJObm1DQc=,31251.0
consensus_latency,SC/enhqA895vhPJIiaodEbXC1cPRn9k/jylPsUdOlBQ=,31251.0
consensus_latency,TMGbywmDxATmg04zQu163Ra46c784aXGF9a/z/qMWtE=,31251.0
consensus_latency,Tn748KcDqDTTcoiHVtxqvm9QL+sf1lbqdUF6qxQCsEk=,31251.0
consensus_latency,T7TweW2y9n4mdGc34SkivG88+CAu73ctFbDTdSBHzHw=,31251.0
consensus_latency,VHGBFBmXnvy2mm44REL0zerT/sdltKW53+hwUx2G1ks=,31251.0
consensus_latency,XnIiWi9G2biVnWuC+3TE3aC+1/ILUZuTwKWqVzN055Y=,31251.0
consensus_latency,cvR0wWr6I2VKVBQ1DFPGnUR1Z3uuJUH9BqzVZbKqWtA=,31251.0
consensus_latency,d41Nm4/WEoTG7aeYrWrdgJD+ghc7q26symrMbp0EfWk=,31251.0
consensus_latency,emY8fk6ZE+T+a3PY3ytHZkNBScq208B1nT2LFeSt0ro=,31251.0
consensus_latency,8ddB/fMeJrZF0uM2r+IDOx3ajoilbXIR+8zLq7sWbL0=,31251.0
consensus_latency,8fOgHiZ3nmzq7CiNKfHGtPsWLVx0aRjiRDSPr7r5qjg=,31251.0
consensus_latency,+ZoonEbWHC3+r/VSYkHobgW36wvHSPSSEfdqSyy9uUs=,31251.0
consensus_latency,/ddtHx9M8WZ/g+iey9FjfvlAkCQRlDASXSE6tph5kS8=,31250.0
consensus_latency,IxI0E5G5YUazsAxGw4Wzgy8Z7J2MxCZg7swcjU5Drro=,31301.0
consensus_latency,2LQGm+ien7mR07zR7ERm2/BMftu+d3DuNmi3CLcuPDQ=,31301.0
consensus_latency,eLFW1TvcIa5oHsuRETYDVQGV3vn0knm6LSrqg0UGVf4=,31302.0
consensus_latency,K4g8ps4uRU6pIn0lf1Hvi0CyXYMkR0F0Bk2N1ufqxTw=,31184.0
consensus_latency,NdbE/+GDQMCbEuEtwAfP8j7Mv13PoL2/fY3tStzgdvw=,23399.0
consensus_latency,N6EfokCfo0qzsCdyXenTFqQV6z02M3bbTzspMoz83fY=,23399.0
consensus_latency,SSIq04UFmeVkvLVNCzw0m0cxIkg2vxEHEDqJZymxCMU=,23399.0
consensus_latency,XLr/hO6HvlbD6cfn6KgYKU46RL/u3OVY/mqjQ/p+YfQ=,23399.0
consensus_latency,b6HfN6WHY5j/6oq5nI3K4am29ElKvKQ71TINRGvz2fo=,23399.0
consensus_latency,hoqqCMDDTbiapqO9u72mdtH53rj9q3Y+26r5Gei2MVs=,23399.0
consensus_latency,j+SATuc9FSXB8wo0SPB1pOFx785HOl5dxOEq3auSZBE=,23398.0
consensus_latency,pvkEvG9/R5/RmHTnzn1gFW/v282MyTcGBS1mhlbHzRg=,23398.0
consensus_latency,pzGiyYfWk+0hUykvStIev4rLgRnUrl2kjYxNVJE8quQ=,23398.0
consensus_latency,ubgLfmWNgkLmDo1p19NFpqGeUQE1avEadDfn7zfCNwQ=,23398.0
consensus_latency,vjHwanzcBCoY7kPsjF8dxYitrV9F8Fsjkjc33cxYFqY=,23398.0
consensus_latency,w+XJ0NXk1KmHQ6RZ87a3ljefaH0D9FCWKRSCIQBLwLI=,23398.0
consensus_latency,yMpHiBq6/9qRhEqv4hs8/UAAwKCvegfnUrUdRroFC3k=,23398.0
consensus_latency,8mlAFNI/r3x3xlDA93EEc4jZC2g3Pli2aiVz/w2Crho=,23398.0
consensus_latency,/LK70qgRbX11/1biCckCXuK1zncpga6IF0uc1VeJ6EU=,23398.0
consensus_latency,/6nrLhDKbPBbTsm8myLtePxLVGnESnPk5DIDsHAzcLE=,23398.0
consensus_latency,AgV6DnfIlnfrL2nj72YogeyAx3L4ecYRzDEaNSfgPf0=,23452.0
consensus_latency,A/qLXuaovjEwTwyjbOGSvEfcegI51XRP+RjG/l/dhAs=,23452.0
consensus_latency,CzRw56D9cdkZBgfv0mKy9yn6cjGXKdX8Uubl+yNt9L0=,23452.0
consensus_latency,EJPjyoaNs831qZXirezaKTaCC1OZR8ZupIs6Guvajrg=,23452.0
consensus_latency,EMVlK2txx5tyYtQ41NHdrJWa5if+77qZn2X+tWyG2us=,23452.0
consensus_latency,FUAC/R/xKlXUVoGGEUW6cVHXgoIjSdLwG518bbd4fHk=,23452.0
consensus_latency,HO+vCRAK2Fpldhf3ubIJe4ZsGHTW3SnhNUNVYeP+alo=,23452.0
consensus_latency,MLjtD6e2zgAsX7SZ40GFOYh5/QZ54aFwgr4wND9fmOs=,23452.0
consensus_latency,N5F7yD03yWL/YOeXlonEfkRpd4EjKhK4NZ5l/l+P80E=,23452.0
consensus_latency,P6EjVj9LMvfqlvHH0p9AC9Xg6nSzLZiK9Uuly7kvc8s=,23452.0
consensus_latency,P/zb6t0I3a5LlWVuayxJW42F51jI4MPGkb10Cxo3oo8=,23452.0
consensus_latency,Ttoj2YNpcEEgRU7RnHDJYk9lWgL/yYtTxl2ArvZ/8vM=,23452.0
consensus_latency,UZSuKJ2yaYy0MWfa6db5LhAQTZI8ja/xW5BMkMKh2dc=,23452.0
consensus_latency,VPRyJUq8NdeuYPWyibtrzinKtFOE0u8bwSpYMejlYTE=,23452.0
consensus_latency,WuBQtYdLQQOxoqvZvlkV+7vAIdcPwrS8ML8ocJRaZYY=,23452.0
consensus_latency,gWkk353Hlp5m0MQaKOKEyHpMwTnYF4Rj+fKdDiFq5nI=,23452.0
consensus_latency,l4TFMMdRCc7SP9+LeuViOPYgPZTfN0noM9angmAgw+4=,23452.0
consensus_latency,mzlNkIzxOkQ2NdZID4TQfpRmXeW0+iQGHaZx2Gvp0Io=,23452.0
consensus_latency,ojRtP/UtNFDfCPQqfFyaP0BPAV/GmaNjod5+zSc3pmE=,23452.0
consensus_latency,u2UaQrS/XRaEkmHwCoQIlW7P8a3xnTQuIzyoE/IXHtM=,23452.0
consensus_latency,wL3tdOhAkaWLT3uZIopeu88GtsVeijOXaaXMLdxdunI=,23452.0
consensus_latency,zh/4Da3AIMbv77AYrl6xfca7IknP0pfBgKo93ZBLo3w=,23452.0
consensus_latency,4AizCKwNrMmYO2uNtcZjvhpPjf62rFnObdTSyL5f3GQ=,23452.0
consensus_latency,4pjt76zTjo24B/rndYdQ4exAG26yftNk1lBjejJsBSQ=,23452.0
consensus_latency,54+lJPPaucKEM0AeBxOQgnyoWEwZgCkjNjQ85eivc2U=,23452.0
consensus_latency,uqmDIUq+GbcRhEGtPFmUP3mZGuKkZowOfgiRQ1aeSQA=,23328.0
consensus_latency,yIa/mkjWpOkc5oIosK/SfvtmoekD0TbG03Z+s2KwxfM=,23328.0
consensus_latency,/SxOidf7K/2d51mu/QV0uOc8c9av0+5RUqgd9NHEi/U=,23328.0
consensus_latency,G1J6eMGRfY2zQMUCuH2LEMedjjimehVs38EuEkzH9wA=,23451.0
consensus_latency,R16lZWE2NYHZ+IFysM09T8CzXoJmf7VYCGsiVTN5nF8=,23451.0
consensus_latency,kY7oZGEueQsF2rrllja9aGQL9Sf9Okw27zOCnfS0XNc=,23451.0
consensus_latency,pRvZj3Jh/nPs+uULOM5ZssLUqz8UeosnRi2c0IMn8Fo=,23451.0
consensus_latency,uLAKBn06Z7hfUyCzA6eXEhPovT+CnyyaDdvmy/BYVqQ=,23451.0
consensus_latency,vJQqMr8m/yxmVrtbFT/D5Kp3qHOErLiV8VkvpiOSDeU=,23451.0
consensus_latency,wMPmAGeu/PmaHyex98/kkIw6Nhm4b1Cuc8QxaHiu970=,23451.0
consensus_latency,yaJlYPTM/7xyKwX9b+OR1RfTaI4Qfn67VQo3R2aTq1Q=,23451.0
consensus_latency,0UxgJNeAXzF99KWwye5kTW5eEmWxOnTHpp6ArEtI9bI=,23451.0
consensus_latency,AgkAniz0HP8zgFc3UWiwJFEk0Kw/0G80fCX7Y/tUwf8=,23399.0
consensus_latency,FsQ/sXVEaKbIyKcyXPgOkAPS4w/NzS/ajN37BjZq6i0=,23399.0
consensus_latency,JgQtxFdp8qeJ+uyhpe/Mp5Uv4Ycy170nNKFwGU/11Ak=,23399.0
consensus_latency,cuU8rBl/5yGs+V1LFoijMn7mQhitFCFvsZdXU6Jpgeg=,23399.0
consensus_latency,gq1Zc0jaP4iGBYwxc2SWXgQTA7cRMnYqwH2P3J9+vAY=,23399.0
consensus_latency,w6BJKMZQWMVpESjO0gTulp8/ynHNpZC77cR8373COG8=,23399.0
consensus_latency,1wngBEWI0ATIfQUbkXvb9FxCrxoCbHqIO2imopHPULw=,23399.0
consensus_latency,33kwITu0uKwZheQ+Pg/fnDWxe+N9hoQFmMkJuXe4LhQ=,23399.0
consensus_latency,510LOumnBD2D073Pmv07bK3XLFRDTeKUOoiyThgssQ8=,23399.0
consensus_latency,9px+EoY/sK/bgBSJegW2MCIu+kjhqzOtFWHWFr3RlAM=,23399.0
consensus_latency,+OpaDAsIJMVgEwkZwvkBq5EaQ0l0Uk0LAdsUcivY7CQ=,23399.0
consensus_latency,Agd83mUf8Es3FO7iswHAeVha2zjTNb7DFRuWtQolWLU=,23451.0
consensus_latency,Bay4lv9Xz3+bhy3kK+P3+I8OQuZUWGls2ZE5RHoeGMk=,23451.0
consensus_latency,BewldpPNH9OAex3aaMY6b85kYsk0RT3r/U6gxgEOJU8=,23451.0
consensus_latency,IeikHtCWseFuL9cBWKagnufuLn8z42mODA4EUMmEgkE=,23451.0
consensus_latency,mAVLJb1xg6VOQiUaxiq+3Vc0PBSjl+P0AOnKaBBGMMw=,23451.0
consensus_latency,tDmYVWMb5ux3e9ZfVg5ke6/LjTWc6xHKYDDjWxwGv+Q=,23451.0
consensus_latency,xhhEKw4btAv2CA++kXeFOsgcvOo27NaZ+jys7D3xFu8=,23451.0
consensus_latency,yGROpllVJqoK4WXtnTodBSPKb7VOd+lRBiGm09GwIAM=,23451.0
consensus_latency,3w42h8NNZ6UIlzmtDh2KnL2hqzja5J9KJVf9012qyVg=,23451.0
consensus_latency,D1hAqew/wuziE7ECvWrCC7zALtbB7SWtd9ON+ESgdqA=,23450.0
consensus_latency,nYqgY2+3GVTfI9wrqVYAaYNHUbrovYBiqXGwepGJXp8=,23450.0
consensus_latency,CHu7PwpwHncnK6mMD7C1pJjAIsYAsgvBDZt/OMCvOXc=,19169.0
consensus_latency,Cmm6DdqwLvIlBDLkxxGjuOb149su5AfWQCTecq/8izc=,19169.0
consensus_latency,FHLjOQSWZlIlJgrXhOMqE1wcrXoclCcAxesBqeVNUTk=,19169.0
consensus_latency,FTWB8uR880jPOJ95tvwGPG0Pz6cjp0RuNSocSD68HRg=,19169.0
consensus_latency,Fy3xEySK6eG4+kdGxC5ntIGA3vYz/HY04LeC8X/Jcwg=,19169.0
consensus_latency,Hu9sx1MzpCgjc/9OpOhanjaXp2x4NHUYRZCVYg6bhNA=,19169.0
consensus_latency,IbMPFZ54x/+nxRiqnAvwFVbYwWPm5W7hhlJYzGdcFZ0=,19169.0
consensus_latency,IzeL76gT+3ovffKBCI9Hve6EJzOdCE9oZ13CqDcKZKY=,19170.0
consensus_latency,JBL/DFqFWMRQMBTzti9+lUT/vby4qrbcU6/3AfkGdF0=,19170.0
consensus_latency,MAMegriQFKaNeqefvi9ZUGY2cLrKVCy/naXobcTm27M=,19170.0
consensus_latency,MrbkWVVPkPDE6lkAIa3v4xwiKmyXew6CBfs6y4LkdSk=,19170.0
consensus_latency,M+dVjBjGNy/PtGpZOxC1YPvO5BVP9qDPn8c2XK5ZDp4=,19170.0
consensus_latency,NV/azYQ31P219UAughXQeKiMc4RXBvHyhuMYCuggSdM=,19170.0
consensus_latency,Nm7yYkp0pZ2DYe86h0n14j23/ija1MSdL3ygPD4loxw=,19170.0
consensus_latency,NtFSrQW38Nh7FbymWYgFcYF/DJ2/tJoQxw4tK6ulF6E=,19170.0
consensus_latency,OSfd/qKVlsBKyRNjWifIefgHIxJ4uju8VljGRbWbYXE=,19170.0
consensus_latency,OZ2dTa+7VmsICTnTMqoPI2l0kge4DiUqVGCG9Uifs70=,19170.0
consensus_latency,Qbl8VIrDpgWVZBy6Wx6DYk9rCpEjOyuH9dzoiqxzH8E=,19170.0
consensus_latency,Q4Uprg6iIEhMGpgPE7v+mHjf4nJK5r7frK+gcIaivFM=,19170.0
consensus_latency,RvA/ayeZk7XvCzRH7IhxPGItGGh5m6tMiy3VdQb6GVc=,19170.0
consensus_latency,TixC8nnmuOLG1j1w7hoQ8uXZ7NJhv/UR7SEbD3zlp90=,19170.0
consensus_latency,UQf2v+14SYpK+jKEYjJyRNLtOlwrnQuKEX68HVf6Vko=,19170.0
consensus_latency,U+75M1170TvJjszZChYgz43EiFS2R/ZLRmlQtbkbycw=,19170.0
consensus_latency,VF9KMCrtFGcklwdXKyx9QcGbxqe9BimGvmTL3W5pBEs=,19170.0
consensus_latency,VoQG3zhU6j+l8ZZfkOmQXIbhOEjEdm7k1Nu1VPTvlDA=,19170.0
consensus_latency,VzqWtnN2dyDpPZLyDKxmLIKodX/aiUAcjfI+BncvO7o=,19170.0
consensus_latency,WOLiQ29AXfHE0Sur2Sx7gGOYmXdD32vHxJnfYhA34dA=,19170.0
consensus_latency,Y+ZQdZ1j2gyS0wjPXYKZsUn297+AmG71LlQ0WSHV5g0=,19170.0
consensus_latency,Zl3T8ZUjfwhyX8jjutioU+tfzFxbSYS9OKBqjAiWwmw=,19170.0
consensus_latency,bGqWBrG7uoKv599wyHBh/6+P/xdKo7UIaaBKPcOYGjQ=,19170.0
consensus_latency,bbuGgHeI+C9VY8BWrYI+WDfJ3t6qubRWHdJjPHjyZW0=,19170.0
consensus_latency,dXq7nydM3GWkDaXYziTjPTOZnr9+AkF1147iO10+6MM=,19170.0
consensus_latency,dZ7f8tfJGsz/FGqtlt5WU1Ch5j8X7lQ614jI0nlLcxw=,19170.0
consensus_latency,eU+hHEitKvJo8B8Rkpw5Z8i7iV8oOU4iYUKgU8Vwf2A=,19170.0
consensus_latency,fENXvy+uj7erPF5mDcD8SXVXJWH7JlDjgaobNmWPYaU=,19170.0
consensus_latency,gEg+RqavKJVoxkyhx8uwKbsG6DIwqRivor8i9OR76Bc=,19170.0
consensus_latency,gTYmUFuaUGXqtX/TL/OAl7+9R79Pw6tq/rFjYMjjPAo=,19170.0
consensus_latency,goJ3vKQmCaNb2N+lYNMwkRs69Z0ooL4naNbKp/WcRGo=,19170.0
consensus_latency,hRr+hjRXK3Ld1Kib6S8xu1F8JnxnWTuTiP0wkG1yDTw=,19170.0
consensus_latency,jR+DPbiW2rmv8m8iT+niVX42N7NEKjUvqyk/PF+f0QY=,19170.0
consensus_latency,jjjiytD8oQ6gUiImEoP3VpOq5BCCd8uwSofYdB99eBQ=,19170.0
consensus_latency,kR0+pOu8yhH07FjmONjJ4zVifETDvFrDGmUqniUb3Vc=,19170.0
consensus_latency,lZDG5FdwpChOZJB0lYsCF1ToR1w/IxU4QQ/Siqty/GE=,19170.0
consensus_latency,morD5Rseg7TBSHcuny5mzKrrqO4cGrOkD7s/KTQMIqA=,19170.0
consensus_latency,n69TNqH00T0xzT+IAYNdXVuP806pluH+7cDmB2Atjlo=,19170.0
consensus_latency,oZfMRrwrSUgVt0cbvodRdLVBiP/QzKCAcu3mgRVkYxQ=,19170.0
consensus_latency,pfOdMvDXifMNApudN6lFEf9KfHZEg787ZHrDlaZMxqA=,19170.0
consensus_latency,ptJHxyFuJc9351XErHOhnhAtVq6UXXFshM3qeaCitFY=,19170.0
consensus_latency,pxzhvDSC3Iwz60ivGMgyXCnQSTbu3Cgm9SeLgMvvkgI=,19170.0
consensus_latency,p/1VYQQjIBvpcWwc8pOT0TpDm5I/w+e1bj1UqAnU20k=,19170.0
consensus_latency,qPciLelUSljQQ1jlQRYPUyy763ySZklYEhZoo53S4To=,19170.0
consensus_latency,sTWVKpLWE8NYZSBxvaMNudOqi42I6ewQuAilPGuupfY=,19170.0
consensus_latency,tXQsP+L136gpINfCL06BO6jzoAvS36kwUTUYGWTQowo=,19170.0
consensus_latency,uODCCRzGMFvPvdHry8/j5ZKJJIcLJSjmVN7ww0+Dru8=,19170.0
consensus_latency,vn5jgP0p7vXKmGkmgvcYYYUaxuLfKd+umvaLltB3J5k=,19170.0
consensus_latency,wUyfckUidZJfaKhQ0DWtzuWF58Ybv138jZLJqokLI+Q=,19170.0
consensus_latency,xKtPI4GdWrnSc5BXDCG7+yWVRTaBxcHlM1uzc7mbbzw=,19170.0
consensus_latency,xgjlJr8tChR8UtihDSRJjSdfPqjrzGqtQ8c7NefqDlE=,19170.0
consensus_latency,yhKW2sEeyGU1ecnENO7whW15d3zWGWlDqXaeYrhHPck=,19170.0
consensus_latency,ywH+/sG6YgdtI+t/5zK8BQdsdbor7YloY4FHKcZpQrc=,19170.0
consensus_latency,1LvAPWJPJT9zBkCHVDT0xLSCu9glLG9uX+tU5H6UWP8=,19170.0
consensus_latency,44yfgDEYZUJmW956LZ5oK1+UqZDCss3rjrImHzLtAMA=,19170.0
consensus_latency,5EiRyYXu6bowErtZI96xaXBjqjNxR/DH83K3Ue6z59A=,19170.0
consensus_latency,5hDglDmiLNDYjv74p3tBW36hRcBq10MlkSOHGunbEBI=,19170.0
consensus_latency,5le0VmvcvcgCM3r9SFs+X7Eo2apqtq6W8+rIT5Cyid0=,19169.0
consensus_latency,6dJZp3mNWQ2e4Nj/Fxfwoest35+SOSWitcyf3Xe11rM=,19169.0
consensus_latency,6qWiL/zxQ5hSErt68dOTqhr9z7KqEgCp9acyhJCj6NE=,19169.0
consensus_latency,6vMoMezWXzdU36bLtpBgl34B/N2OaWvqi/MJ8SbQhB4=,19169.0
consensus_latency,7BJ87UW5zEw3H73FTvK2wGVfAJ4ryk0of7fgglPOvcs=,19169.0
consensus_latency,7XcCgoX3/7VPer0XKGywbFk03a2cPHeyIpPlidu/sQg=,19169.0
consensus_latency,8NDtzfIF3oTa1nVUpjiSRKYjYkTxaksci4n4jwIpbF8=,19169.0
consensus_latency,8rVUp5W1foYDjKbhR+tikIO6EXXPZeIJf0aHoCF3AuM=,19169.0
consensus_latency,+Zwv+1R6kYx3qYojINWk+IDpWk6nKXQ4QR7+uV3P/R8=,19169.0
consensus_latency,/smeV1WLmjn5XX6ALe1RMGT8cGB3+mkRyGeYuph4Rks=,19169.0
consensus_latency,KlZ7/KfOKZ3DS1Z4NMuynKW6vkHs7VaaxD4upLhyjJU=,19245.0
consensus_latency,PepTrlaXTN+zr7y/OFucpDOD6w0FFcrkX7eOmTyaIh0=,19245.0
consensus_latency,W5XwTPbm38klmyCr0nkuueJO2AT6Y9YjXiCgbyBi/go=,19245.0
consensus_latency,mixCTHjZLOrHoj04g8Nxl5dqk/IzBDbJrGxSN69N/JI=,19245.0
consensus_latency,mz4FPs5pUWaDU5eoFh+PO07vBE/ouOP1C3xnuqlDMGo=,19245.0
consensus_latency,n+htNUQgKlH67siz718mhBhFrjxSt4/QuDetDaI21n8=,19245.0
consensus_latency,yM2cUCPI0A4/BvX2oUNhIE83vl2RDVi3TJPVrdvrkXw=,19245.0
consensus_latency,2oVgpaR8gfQryvwo0We2D3zEszTOWv4l5SauAZQwczI=,19245.0
consensus_latency,/HlBnppruv4DQ2V6hHqCUBqRclMoVeatZeIcyZfBXGo=,19245.0
consensus_latency,A21BKuC3eJPKHhfHhYWkgnqzQIyQSCHNmm/1ePuNrwE=,19128.0
consensus_latency,BlGP0MTE/G/H8RRZzD2t/+KSbKNtW+wp/S1KLpJ77nM=,19128.0
consensus_latency,D4Zu5MLMyzKJ03ZppT7yF8GfZH4vRU2bf1AJOW8Q26w=,19128.0
consensus_latency,FnOhXWn/Yws+6OJi+QPQfyfDYoHhBOrh9b5WE3+9lq8=,19128.0
consensus_latency,GEbXA/NfBlg9vvXNPLAlzJIjAh+FYt93k2yTPAsqaDU=,19128.0
consensus_latency,G1uq/G9DQu5GduHS0S8XpwsS8pKB03CtaiIEm/zbQfU=,19128.0
consensus_latency,JPFPLTBCt7NvU1iY5BRg1KKg+aCx6laRKbSYal21l/E=,19128.0
consensus_latency,JPzHQxVPVCd4S5lZB4Riyuz5ZWT7hlZmAHj0MVGzQdM=,19128.0
consensus_latency,Kc3n0wJBI3yWiCYbrTv6NfTcHj5/zPzeqicc5MgDFFU=,19128.0
consensus_latency,LD76q4JLd09FCIgejdHv8eZsxrmggw3u5hDYIV8UgFI=,19128.0
consensus_latency,NDCgHpF99FCUDbicqh5nuFkOGzqo1gIbKBq0uicj8CE=,19128.0
consensus_latency,Nsz0uI7BmyQETJR0VaQaEoSUfcNwvXM5LuztXXkqM1I=,19128.0
consensus_latency,OGCmPgRtUSvC+jF/DNp9qcvpGnFwZjCLHWGdHw3a9VM=,19128.0
consensus_latency,O0Tqbhp4khHt2sxSyMKbmjW1eAxCj6U1ZxRqnp4W7vU=,19128.0
consensus_latency,QmaWoIDDniKsElc8k/eGSq3KAEMuFRoBvZYpnAisfDE=,19128.0
consensus_latency,RYW6MSO+b3LlDChILm91sW/S0lgnwi31i8NMv1XiYjk=,19128.0
consensus_latency,SV1hmISqU3kUd5M6SNBf7Rl3JpgUhS2CK31ore/McgQ=,19128.0
consensus_latency,U1W67LvQ5R+zPtJvhHkjJp2PXFldEZB9Z3LTDoT62g8=,19128.0
consensus_latency,WTRo4LSmo0rA7eJKnDVcYhfltOMBceJj2RVnFTJ2HHc=,19128.0
consensus_latency,aOmm1G0O7QrOFlLA5zNI7/cwyWtnZfeMyAGblykn57A=,19128.0
consensus_latency,dWyhkuIBCgYDYdc/zp5v7Mkk01Q8DkPypvMV7Dpde0E=,19128.0
consensus_latency,eRhcs//e586pE+YJ7/UEPGVb3HkiBTPq12aUn4XFrBg=,19128.0
consensus_latency,gFolI4v2gwig32un8wn8ST2/XjjnP6V70PB4a+nQlCo=,19128.0
consensus_latency,gh1N0tvNGuA6RhsjQjGIjxi2+hIihLAufENm1SNwLm8=,19128.0
consensus_latency,hD56dmQ8jcFqh0b49vJFEtt/ucx13+b5H4MiXb9+kFI=,19128.0
consensus_latency,imbiHvaafvmP/SmPb9+sMSXN0QfW+pz6SMzOI2Pyf1w=,19128.0
consensus_latency,jln1vBxRKVZaAnyHlUR65ZgVnzu4CBWUQLN8ZrtMp4c=,19128.0
consensus_latency,k41xeW9NHi8KvChQgGvtJNS3+5CNTQcpzd5RTt7O1Z4=,19128.0
consensus_latency,k/wlx9HiIESgHf59SyfAyUJc3BPNlqYFuGDG1d30N34=,19128.0
consensus_latency,l3tTZb7ABhMeN0reRevnWiibFprXTAO3jVKzSWyhDcE=,19128.0
consensus_latency,mMgh+FfQ8cDHa1RS3HUnse6QfhTLjJT3rwmE2Tw5NQw=,19128.0
consensus_latency,n0e/IWFvNKNYQreBesbDU5JcKN+vWIxZdCY1Xs7gcb0=,19128.0
consensus_latency,n9yZCitKF1r3XLaW3zpfnifQGyDxqB5nHKrQJB4xl4U=,19128.0
consensus_latency,paN89RUeye1gB3yDJrclcXXLF/lmZKpuItCdvloVHs0=,19128.0
consensus_latency,qlOwR5C9JDbZ2wDMA8S7cKkWbPqWvxj+tADffux+b+8=,19128.0
consensus_latency,reyNCerBpvD3lEU7Z0IjzIW6agn6aFreYZdhffynV/4=,19128.0
consensus_latency,t7I6e/me9bbEPI8e5S6hnHHoaopax7k5x/KEr7Alt1w=,19128.0
consensus_latency,ub9N/0FsIPVQypn+d7AaRTg0T8ne+SqBNvas+3h2Q2A=,19128.0
consensus_latency,vFU6w0sdjvLDDlb5khCmAFtEAbS+Lvn97L0x9LDz3zE=,19128.0
consensus_latency,v1OJEULJDxkuRHtkS+kKg3Y6keud7cvhNPf6vz2v8g8=,19128.0
consensus_latency,y3hDVz6wlkrryWtj5DIFxBOYyuyFYaCa6U6zB9fpMOg=,19128.0
consensus_latency,2SgTiXIySBybEwJj2D2yits2Hz50TiaDerg/IZ98hE8=,19128.0
consensus_latency,3xrGDgHy4efS9mZbQUIYe382aRlYise7yJcjimV8G2A=,19128.0
consensus_latency,4kaEVzOPMzWX9Nu7pWjnGjplLj4qH5riroGPXBv+G70=,19128.0
consensus_latency,4vbeD1324av0eSy4OUCmH64k4AK2cW2njBkig0mGOf8=,19128.0
consensus_latency,5BbhsQbn1IkcRWZo/iBf+Y2P49GRO1MIP/ZvMgnfWZg=,19128.0
consensus_latency,6OVCOTtcgJRUA9GyYLdzpycbV1A5vKiHl1OEVVNlsCM=,19128.0
consensus_latency,7cU4F4/himh/r8QPjWf96zbXYw1DffDrVVi+rdxqOqk=,19128.0
consensus_latency,7j7PSutQOO/6GexWKNC1aeydldfUwrKJnN4wMgAUbSU=,19128.0
consensus_latency,8VQK/14iye4D40wMjICJrZx0VtR69UKWRMfnKz2uZgA=,19128.0
consensus_latency,8jD+24ooabmyS7tgXqbGmLJHO3M7eJa6GSSx4BzmmCU=,19128.0
consensus_latency,9k7YThl7UwhgDn2OjwS8MvQMYXCThovJk7nsySwz4iQ=,19128.0
consensus_latency,963vLxJM04MSro3XEALFOTWUsG2BXUgy3f/dGyLfpJs=,19128.0
consensus_latency,+sS4OeE19qcmkXtsmomkwOzS6qFR4nywUIRJCEibDGE=,19128.0
consensus_latency,+3P3w2YaJXtCYMWw+OdMAHz+FhTlLr/npXYv7nbcFdA=,19128.0
consensus_latency,/iGaWh1HjnPx3CPf7TklPNd297GhTqgYggHpgPMLk/w=,19128.0
consensus_latency,/+xUjYo4wULgrM5nv1VDDjnedQxpXsBiHoX8G1PQbIo=,19128.0
consensus_latency,GtbnAhNaqZVszmc3bI5XROjzOO3cKbBYKHjaqmq1TKY=,19128.0
consensus_latency,JGyQqXBuCN3Q39Y4irGpb3sXx5y3GokloulgrdvAUtk=,19128.0
consensus_latency,JutSPNJANZTuw7riIYg5P+urpvMvRFpvnFjmcES3axM=,19128.0
consensus_latency,J3CU7Ruv0AbKspjNZI9kvWavI4G1czP6PidOhZY/2Bs=,19128.0
consensus_latency,KfEqR4X0xfNkO8lZtxBcBH9FK1np9XGKxvfivKMKX7Q=,19128.0
consensus_latency,OUFZu0mWKOsciI65+2S2yYZ+2b0VlakB0cDSB5PBM0c=,19128.0
consensus_latency,PeRec4ZSosc47eZ2UGaWhpPc5vZCjq73nnal6Cm8E4c=,19128.0
consensus_latency,SrkVAwT77g8a16AzeL5FALzaIuCP/s7CBsSQzX32vvk=,19128.0
consensus_latency,TJjCwFTAFT72RB9ydQ0Kfc1fC1cX+ziHLWGXJK2+N68=,19128.0
consensus_latency,VmcvaBWuKpP1FGKJoYhumPK7hL1ro4TE6u0npVh1kgQ=,19128.0
consensus_latency,WtUGxuVcmdjd2RZwnFLSy/cSFLwMUiJdbfsxh9I0lLg=,19128.0
consensus_latency,X2+T78d5n8x2Tf/uZkUsed0JUg85tXddV2mViBTFqKQ=,19128.0
consensus_latency,YqW7f9b34OCuaevq5uf+vy8GT4E6g/Qv7iazwMRw6dc=,19128.0
consensus_latency,dK6r1CN8pSc3TaI/pKZS9OgYxNq5fr1EC95fMbxzlhk=,19128.0
consensus_latency,hGh1R8Jq0q/kIWgIScgBlZreB2Gkq6iV2tFbAyc11v4=,19128.0
consensus_latency,jb2bnMQ73y3aDXnCakXetXq+7u0uVyKXqz+2yNGd0C0=,19128.0
consensus_latency,k/37q86d6YLY/VTwFWni67PB4AT3oMGDZ9V8UKKJgcQ=,19128.0
consensus_latency,lRs8AzSSGkjC5KQp71vHi6fFhQEMvpCEd58TEywlSYo=,19128.0
consensus_latency,llMKgLqxx3xxj9OeMSZ2GPXwrrv31pLBEKomUtK+oio=,19128.0
consensus_latency,mGKW/c7Vjvz+pgyzLmjOKRWz9NBhK+j+653/JILmviY=,19128.0
consensus_latency,oAU4LwgGsOrTKjJo8CDxbE12f7gTcvqUkY5H5Zhhy6M=,19128.0
consensus_latency,owpQBc2MLOmNzuIze99jEXwy2KttQTB7lBzF15D0SE0=,19128.0
consensus_latency,pZv8BI0izwoJdLYWtCcT886bxpMqgjZPOphoS0iKtAU=,19128.0
consensus_latency,qdCG7+FZPIdMBOJeBSBcr8hOcslu54tI9KWrXejnTvY=,19128.0
consensus_latency,rCZsQJ+CPoHp4lZbhEuiWGNTIuILpIMJ2UJ/e7PJ4iI=,19128.0
consensus_latency,rYhafBe8Y1jJlV1D6k4b200HgaomwydOiLaAR9ee33A=,19128.0
consensus_latency,s6sZVjS9MVtgiBwIEHfguhHUfhr1rVQ0YefHYhK5Lkw=,19128.0
consensus_latency,um2cPkUM5+WZbvT9ErDMVpSWzzt3ifYnn/sKh5JeZAs=,19128.0
consensus_latency,v/lKGcb1dmWSlReCa7aXZlJ30lBgPGyWxO6XGcNkpyk=,19128.0
consensus_latency,w0aMXN5mB1O22sRb4DHfEF0W6SZcha4umwfB/Uguc8o=,19128.0
consensus_latency,y6LvbU0yuFmEjHaNYn9nP3ySCoUTbbPBjfIJAd4VXiA=,19128.0
consensus_latency,zEo++Ox62BAzfqAml/EiaA2HFaZUncTNKa3y1VBxGgE=,19128.0
consensus_latency,1Yttnnz6Wi6vcs3EPFjRGB4OIFe7i25LGPXDPlyr2Co=,19128.0
consensus_latency,1dlv7esoD1SPU75UBitg2ItCH0J5fimH96Jg0h+azeU=,19128.0
consensus_latency,3E2irx4UKJGtO6HPmksysBgWbwy2RTkc7YrOevgwVhg=,19128.0
consensus_latency,7i92qvml5VmXMWR3Stmo/Cw7krZJSxfrq3pP7vzl3zU=,19128.0
consensus_latency,740ManfsP32HqSt/qDACK6FsDoi3UGpgBtpERR3svFI=,19128.0
consensus_latency,8v1Ldh51LuK+YC2TCieFG9xhDQYPSA7oYgUqrYF00m0=,19128.0
consensus_latency,9K2BIJ+RTIIjy1/46E+F2Ae9WD5E+ql92pL68hDoeq8=,19128.0
consensus_latency,BnllQ6LqRgrJe0sI/EOItIPBEua79lmtYFXtqNf59ig=,19130.0
consensus_latency,CnoE50/oa6KVBhWptKqPuxlSxdUUWc7ihWBezQmHnn4=,19130.0
consensus_latency,EpcR5b1BtETESYdr+A6/gzzvsCsHDW0bCKN0yOGnmtM=,19130.0
consensus_latency,I9zbSp5wuOue0qZNpHUpum9GHKbvyzHk0GYIhG/GRdA=,19130.0
consensus_latency,KG+IjXYmUn5VyylySj+IULL5+4Uax1e6jZLIN9RRHLY=,19130.0
consensus_latency,Nb0kbTJpTC4qXEF8rLDS1R1ZHo6VnGKpHG3OPDqtn4o=,19130.0
consensus_latency,N5ijgHRgPCReiofHTIvh3XiUeLKSaAtZ3D1bMXBjPeg=,19130.0
consensus_latency,O6Ik/Ruqi/12RNlNca9k6E+kSQpITlrLpamutTvE4n8=,19130.0
consensus_latency,P/QfOJ/39cMzKnABnI2s7GtH1Midp6fo4SqqRGzUFyY=,19130.0
consensus_latency,QBcl5NjP+QSVRWF+KocDyvA/fEujtRwiQ3nywLP+bzs=,19130.0
consensus_latency,Q3kPUbTXgEca4ool1gts9NqlMt9eE58N+FrOTdL/keo=,19130.0
consensus_latency,RP17JaymYAoZpXszVInmUEco2aDYBDYdm7eCxxxYYkA=,19130.0
consensus_latency,RqwEwj3PpuYYDSfAZrEXT4Oyn7hX45i1eu2g/wJncwk=,19130.0
consensus_latency,SMr7WZyiDL9KUvR7aoGL1qg1958LYEaile/4SCfxfkc=,19130.0
consensus_latency,S77IuAlsjhQSEZYsOLMtD0Zd+EWy00WwBNJ6J6aXL+g=,19130.0
consensus_latency,Uld3hHEk0RVGLF+/0imoquYko1ZdzMCaIE5+rRgxfXc=,19130.0
consensus_latency,V1pl7YjlrF51jSXyIAC/LLJn/g+E906JNt4mCfk7sAw=,19130.0
consensus_latency,WTar4zqSa1SJR/DlQOFScUt2RSC8ySVtnnRrHXTpMKE=,19130.0
consensus_latency,Y5H+ERysAxQFsmwo21UIzJckLgdNO3lh+cZizIGPSOc=,19130.0
consensus_latency,Zz1Yt4fHEQ775FtOmTaChe5CibkaYfKk77Yyq8d21kQ=,19130.0
consensus_latency,arvxAE++BttrIWWmHjjA3TFjfF2SWQAh6XPnDMzrQT8=,19130.0
consensus_latency,bRm+ArTosXeh49lYCTY8kBay0g+oJCvrTwweJfp2VP8=,19130.0
consensus_latency,cgy6cVm+xdUE1d86wn/zIw5epich0yu1LwZQR3n5uxg=,19130.0
consensus_latency,crD8hFWMVFgeiiD6kI+SQBT0MIz4D6q1lFmebArahas=,19130.0
consensus_latency,c6U0wFuSkyT+XXPGReuvhqoNaFmUYiSToTDPCyRWd+4=,19130.0
consensus_latency,dAw8sMmuO7k1PKS+oaZKbKCs7o2L1g+3OtB5RjRldu8=,19130.0
consensus_latency,eoSEbK8CDCnfhAcHec+9ouUrAdJblCEGZECzuG3+ZKM=,19130.0
consensus_latency,ep05ZXp4gTb02TGHktThv+7x3wgZM+TMbgY2U3lfO6Q=,19130.0
consensus_latency,faC/nClJ+ypepzly2JoOhnA+Q1filpDZLhWsWDIPvYo=,19130.0
consensus_latency,hAzU794v4HdxDRF8GqS2l8UEUKATSqY/jS+G9lE4h/U=,19130.0
consensus_latency,hJFGLhrQ9Fzg1faQSUVOiaUzlGahYesWv6pBRiFpkUg=,19130.0
consensus_latency,hc6GAhSCMqu9zzFaGPgyEIOKFNcMFXPVM8uvmviUJw0=,19130.0
consensus_latency,ihaAC7r204pKLlqppgZ1MVyk34HEpbGazOq4akdoOYE=,19130.0
consensus_latency,j0IB2b63ffvG+G1fvdxg6nnVl/Ckul0nksAvYpTF3Pw=,19129.0
consensus_latency,l0PwEWlYSdoHDikzTzJ7bpJrewMbg2SjC0t+naFMVbQ=,19129.0
consensus_latency,mcaUsW4BCeB9T3woW8u5Cha9Rh6J87SMBaxLpqKU2d8=,19129.0
consensus_latency,mlM+umWp0Om9nYydpn9GfPrLB1qpVbyyzBVLMBiPi1s=,19129.0
consensus_latency,m13i9fUD4AFs1F5erfOqfQwVAD5B3dL0D85yOHH1mm8=,19129.0
consensus_latency,m35gkUMLXhiYhamAvq2Q7RFd4D4MKQlCDtejbkbPfuA=,19129.0
consensus_latency,oPXusykt0shHdt4Ng6wGGjFOg/3QXRe7fZFzZ40N1o4=,19129.0
consensus_latency,szjT4yuXsuCik4KyhVaTZwnyqz1+sjY4KXySyv7Vs54=,19130.0
consensus_latency,tOMf/i1+AgLsn4ZODQgisxaTQfWknSA9dfRAKy1XZtg=,19130.0
consensus_latency,tii85yzASKS+DzX7iXbBYv4W4lVHO2SNOKNteqjh3go=,19130.0
consensus_latency,uW3+vLhx0XI1RYj1WraIZjyKbOwAlWJElj3EOCnqST4=,19130.0
consensus_latency,vJHA8MIIC2MKGCo1/fn4Vp2Ur7R+jl4WCxrub7claAY=,19130.0
consensus_latency,wKS+j567WVI0pLw7PU3epF15ZhnK1VG6J8p8+7D+WSg=,19130.0
consensus_latency,xE9gupuFBFvPFmPTDCKeckMynngV6DJoL3ea+1j3mNM=,19130.0
consensus_latency,xO/M3FPOv6V9eauO8IsNe0Gp6cEwL3j0ckTQVdlU1tU=,19130.0
consensus_latency,0dO3lbNo4Rm9FY+Sgi0JaKPLuYEuv4awcGUIGzipeJ8=,19130.0
consensus_latency,28TIvkUYatsRkmEEvIs14xbcv3x5v70kcd+B37MEHrM=,19130.0
consensus_latency,3N0CJD01nTjH9KAPZdpi/s54erubHCH+ZapK943fDLw=,19130.0
consensus_latency,30TrEux/bvmPJNg9XlMjRaMz7exKNEoJm4Jxg3jECTs=,19130.0
consensus_latency,69R/XCpp4Vmreqjvs/Q6flGx0+ZBIoNiEX/FIzk7TaU=,19130.0
consensus_latency,7cPX3kh+aVqcDXdG6YRA9d3IEfFsYl4VK6vmiA1pPLY=,19130.0
consensus_latency,8quq4qX44m8lDrDtpcweEU2u3uzWNw22nr5fTaIsz5w=,19130.0
consensus_latency,88vTuU8xYd4C7b2pY9EEZqaf7aEVIgsGtSiuapitf+8=,19130.0
consensus_latency,9+o4LyRKqhXSbLjbeJDTny+NVW9rOT2R+Mll6B7OgGw=,19130.0
consensus_latency,DLfeF6kejnDSAaE4e2vpPnaOs5/ZxnqJaKQGGufJIZo=,19129.0
consensus_latency,EUc/8cu7zF6Ob7IyNllPboBXDy4nQy8SejWrPnnAvms=,19129.0
consensus_latency,FtbIaQVccTxwhRSirInifF099Dme2ylfl3Ww+X0C2HY=,19129.0
consensus_latency,HlmQy8ObGpVb9D59cssCm0D/iok2y1p987N4jKhdBEQ=,19129.0
consensus_latency,KjnN9qXSLHbBeP+pYk7cyxU+kmuRXYjyjKxmAzStW+M=,19129.0
consensus_latency,K3u9IAzrkzrjEXlFgN6bYgGI/qvJ2+paf1/TgmN0maU=,19129.0
consensus_latency,LFgK4rmJJYMMjEjtEp5bSbwusTL6OdxXaGI2LzdmWko=,19129.0
consensus_latency,M0eCOR8GtjsA7H0Y/wwzR2dCWLseNAumK0RpWiFFkkA=,19129.0
consensus_latency,Owporjzz7wIbPSSDylkFIespuKn8bt3BOlLy5OGE9dg=,19129.0
consensus_latency,PQyKH9hTu2JexZXjRFtgh5slE8dLMse0DT02Up4iIKg=,19129.0
consensus_latency,PgB+ODBODWMbDyH2Vv3pLvVqlqjFqEZelB0wOaOdXkw=,19129.0
consensus_latency,QqyQvVdO7+Vtn+vOJ9gur/UiBZpvhS3h5L4CG5WbR4c=,19129.0
consensus_latency,RxSWWKd8YPtPyk2JlnK4GBA2CuTF5Wr7dZU3by7MC/g=,19129.0
consensus_latency,SdiuE8MtXHmyLPL6KMuoesDKTdBoZtRiqqDXaA/TTvI=,19129.0
consensus_latency,TA7cbJK6PD8mHoE9LksFlrTFN1kvx/+6uPxVBoo+qHA=,19129.0
consensus_latency,TUdIrHTH78ozvXxSKQgwkbynvLZMThWWPjjwOcUjks4=,19129.0
consensus_latency,XBBN940qLyshHUJgbQF1eU898N5vvxSWfLsQRZbKiXs=,19129.0
consensus_latency,XHgFpkGoMf/4PIIBprpjtuwVK3opzFiO8rVn9Zt+yjw=,19129.0
consensus_latency,YTvWinrqSXMZQmwpzPai/eubEIqZfRdc1O76gs6DWYA=,19129.0
consensus_latency,cvDwUWsun/pMyBGTBkM2DbOF3yOkAA9W72lZtq0D8yk=,19129.0
consensus_latency,cvc9Z48H5x/u867bwKbwXHAdFuzBoWtZlydAzG7lLDk=,19129.0
consensus_latency,dmRzQTGVtHDtToUtAVplrjvo17o7qphbTlGGvNNP80k=,19129.0
consensus_latency,gUHsMqZKeveGVwqB3+ZDqi3No1+qG8QaFxTPS0RmCW0=,19129.0
consensus_latency,hjKNtyphlTG/xs0ryQCNSBFzgQR1NR0s+fHj6p8RIuY=,19129.0
consensus_latency,h04l3R5NBxVlzNF6BMfo0a3VBF7N2/cmsS2tWbB3PIQ=,19129.0
consensus_latency,msDiptPJL9yvvqrOuVI0OR5qv02XLACnYhIp59tl3x4=,19129.0
consensus_latency,mvOlcDU76Q+NwPmVJr3wYKUxF0zswc9pOaL5PSPCwFE=,19129.0
consensus_latency,ov+AvJKrVsWnQwtn4v1f0Po2idQzBW7pu6AIPHg7PpQ=,19129.0
consensus_latency,pKwxdHgLsmHb1bvlhgmluPcmZDhGR+RHk7DWZLZEqCw=,19129.0
consensus_latency,p4L5Une0vn1DeWGzUFHMYsGxS/w2suWQJ30jGME21K0=,19129.0
consensus_latency,p5QoI2ILCJTUYqOVFvGHb+Z2ZyrJiB2KgK6a9wtD/SM=,19129.0
consensus_latency,qO+Qdnil2ofd24Q2aKafkkbNpTru0neKDaYJ8+xYPus=,19129.0
consensus_latency,qaDHbZXnPHsLN/UDcUfyZExzzTlQaE4do+yhGFRNMHA=,19129.0
consensus_latency,rQKydqti0vCrXNKlsUxurwBRe8OgdaQQYVAQw7GQGjo=,19129.0
consensus_latency,sF6LstR4TdwabKCZ6h7F7NB/uOcj5x7WUExT9OsZvaU=,19129.0
consensus_latency,s6eJNfNaQGyQgiDEGQ7mWVi2XsXZno0oxEdcZHuA0HE=,19129.0
consensus_latency,tu22JHTagZyh8npkCcMxSbggdeCWvhrf/wXQYF7vQ9g=,19129.0
consensus_latency,uw4R33fOcC2aaUiSMSSCstwkrOdV8DB0aQIOsfIZzBk=,19129.0
consensus_latency,wswmhJp15JODkhCqeqSPhth1wCNQ8jSJqtCpiY8sjh8=,19129.0
consensus_latency,yPjID6K15uJBi2y0uLwp9QCBcHHRGCwcvKigTl+USyw=,19129.0
consensus_latency,yzlR3/uhkBdZpTTpyUN69EffBL1Kew3nwXBzKv+klzQ=,19128.0
consensus_latency,zy8E6vcQOM0dYUAm6/O7+SClkfJF6WFQaxoJKUhltn0=,19128.0
consensus_latency,1CsJwaN/pJgX6UCnm589XmXQQgX2u8Ap96/72c1gcvs=,19128.0
consensus_latency,2J585YKkT2JTiy3VZGEqpIpzhk0XLd75LGmKe7ZSbUQ=,19128.0
consensus_latency,2S+3706xfD7wD8cXIc9JqmLESscsupnj83Cfk0uoLQg=,19128.0
consensus_latency,2sTGzRa9nRNTgPGzdrL5swlkqlb9daPykXllLmu9Bxg=,19128.0
consensus_latency,3f5X/O54ZrXVkOmQj39CDMPLnxKk4m9Bt/QlcZfeC4M=,19128.0
consensus_latency,3nb4kKKdQrLtqVbf29maXhuSDJH1Juz4sHzlz+Ij9lA=,19128.0
consensus_latency,4lHm4S5Y750eJu4NiunEUbovX+RBJ8/UfJXzvf7ZkI0=,19128.0
consensus_latency,5fQ0KYtyEDsHdMF+6JfkSp1DKvXn0xnMpQ61KbXA1R4=,19128.0
consensus_latency,5mf22f/8amJ60oTGhANIVNWsNzbs8gKYnbd6FvmVSx8=,19128.0
consensus_latency,5pVC3W3GGlCxaZLv/OQD5kg4qCqPB9RPgJj7op0p/6k=,19128.0
consensus_latency,8qXluC7T0FwNOYDxmyQ0CFvePO3zv8mkOKIgOFM8m1w=,19128.0
consensus_latency,95B3QQYmnmOamjgGqZ7acqDeMSpJDDu+vArSbz9V1Bw=,19128.0
consensus_latency,+YsB59mCfheDswnQDMibMyrx/5BnnabmThcjujNyWb4=,19128.0
consensus_latency,/OcIUQLHoxGsp06e8Ac+ChmTa2P9eI5hFs9cdc4iuTQ=,19128.0
consensus_latency,/wXXX9DupFdlB2DTBE47RNQOE9DdaeNAvid2DxZY31w=,19128.0
consensus_latency,AGWQbBdaSoFyiVe60uriLYli/cQENs21mKrQ7ewakaY=,19131.0
consensus_latency,Aqy8cB0DXAh1JzTBaOgx18b+w4lRSOOysssB7tDeaPc=,19131.0
consensus_latency,DlR7j6ZqUc9bM6O4finCYieq4k0Hveh7QcFDk2ENbXI=,19131.0
consensus_latency,GHigcC1DqL/JK10jAYaeGgeVDWJBoI80PT9rX0U7MME=,19131.0
consensus_latency,HcSnssKG/g3g/EqA392CupUsjL+DXk5JfhBDkGqtz1k=,19131.0
consensus_latency,IVB55HNaBzJEUkvNMQ4RKlmyuCg1y7e73Sc6R9z5MfQ=,19131.0
consensus_latency,JQCtheHhWbmbGdObZ3556WmYT5ML8bJhPhTVRKE8DgA=,19131.0
consensus_latency,MteDn4UmvM+e1VKsuKsbOBWzBL/mlKB+v0C89LnVFlA=,19131.0
consensus_latency,PYzMiv6h0bELFkVy+Qa955HyerxoNjBZ3qmHFCI5Ek8=,19131.0
consensus_latency,Pmrufg5VqGJVm1JWM1ifc1fvKBFBgEZAkNoxtlc8/LM=,19131.0
consensus_latency,QuNMeCcHL+K068EfQbhAlE5aGsGqTqHIMGkhR1ayhE0=,19131.0
consensus_latency,Snwi4MUWwxztBU6kTzqMIYapUxX55u87GipUACphFUo=,19131.0
consensus_latency,TMH8Ev3yJQkBjR2WrlkYaQG4dp2Emhza2L2siFsYtoo=,19131.0
consensus_latency,Vkemxr2yTaOgE4aKcGfdWPsa2XOJzMM3Phv8xTcMnfE=,19131.0
consensus_latency,XXM+7mpkFJf6+f2v8RJPQbkOmIF57Fi9JxDcuydyIks=,19131.0
consensus_latency,XsOx+dxkkPCYak0jk2aq0hHm6hj/JCmilMKtuSL9Akw=,19131.0
consensus_latency,X5hInHSCrX5o/0FD6kB5vWj6GUoB7LuSYQYFUkvOruk=,19131.0
consensus_latency,YZeGBFZtROYBnllg0VNwjG8T0pNsPlOsnvmulDM6Fj4=,19131.0
consensus_latency,ZIyO9u65hgQRfDXvDj4wJIXf8/nyPd/0AXImmuS7oA4=,19131.0
consensus_latency,bHKW1FT+dzpLIlKhOBy1EfWXZFluFWmwCA5lQjk7LQ8=,19131.0
consensus_latency,ezQTI5OzsWyTuhwr4fvCv/TGKZtiwMpcoAi7ULqnRF0=,19131.0
consensus_latency,g5Onz/S2iF/1RI9IaMgdJ7FUwvnbWVId6hsqj3qdrio=,19131.0
consensus_latency,icfmwoTRoOM2uDF7hKwBcfOY/DGkR4rR80erGrvKjqo=,19131.0
consensus_latency,ipcTQPtv0+7EESk7CgefE/Kwih1rbkakd2/bb3EAuXw=,19131.0
consensus_latency,kWUohruvpMJSkHKnHpLIopujXxp8e6VioceP01Ob/1o=,19131.0
consensus_latency,kjtKMk2I251n5AcFUCiJxq1hMwhxkqVRq0pCeeJdYrM=,19131.0
consensus_latency,nj8DuOycm0YaUu+s1AHy0lQA2YXS6BK7dLe74Xrdj34=,19131.0
consensus_latency,n3IFv7+b6Z7ayQMF5QRpiYEph9xN/76O7lwvb1mDIzg=,19131.0
consensus_latency,oLZ+u5F7+xqXrFji0ibPMoS/jrI1j8ZQ5FsRKgICSsM=,19131.0
consensus_latency,rIMDwrQZ4apeXwpjQVCXfVY0aNxDUY7Ti6b5E5L69Og=,19131.0
consensus_latency,s8qm7rbbnqNhBrOPKldma3Qr9Hf1VhZREIxCr0KztZA=,19131.0
consensus_latency,uXmyAtM/lEDLaHnHdoagHK7KbLoUUOVZnxJaMJZeFZg=,19131.0
consensus_latency,u0s6QzNXvUuD2TUmDamy7A8q6M4k6tRhK/NY5dwqI3M=,19131.0
consensus_latency,xRVBZ+9lpWdAWnZlJwtoRy/NjlQ3/3qaywa5agsgUkg=,19131.0
consensus_latency,yzC8nthK/u6kG3CnMXvv5/moqokehuxJsylf9KmifBI=,19131.0
consensus_latency,1F3uE1Es+GJVlcdWEWOoSYjx4eOrmWRt/VQ844PmPww=,19131.0
consensus_latency,3qBFZShGNk/CRLmVUaWRShLWIP61t2GZGtvAhAtxud8=,19131.0
consensus_latency,6MR8GipbbPaozG7a5SsdnPXii/C6EWoW6TPdSanQScI=,19131.0
consensus_latency,7mrw4C1jX0AJwDmYWgZ5eRq4aD4EaJOQTwuCcjGhuOk=,19131.0
consensus_latency,8Le5X4KwShynFwl+cksup2KJdy+yrTiQ13kdYbKVplA=,19131.0
consensus_latency,9lw+rjwayxnzrleeUAwAEZbziHflHFnZufHiV3bcYiU=,19131.0
consensus_latency,9s1RvVf1kbTFyMKwSp7uYbOc0KkUqqOwN5kjonfFJhM=,19131.0
consensus_latency,9+Lzdes4pvb+Nu+VZ5Q4SdKTk9t21d1Bm9I7LF4NCh4=,19131.0
consensus_latency,+MRYlDcO6VKcWxcKknXDmS40jlFmeSRHDwquGnw1tbY=,19131.0
consensus_latency,+dzbWAcdrmeKxvlkOkKzs6IPCB3XJ2axXjjEEsttLzU=,19131.0
consensus_latency,+4q5qF5+ce5Mmv1wOtd2SnUM9wxFYmEGhC/cUni1Kvc=,19131.0
consensus_latency,/ho96UH7CIEf1nY65ePQsHTxSJq2gX3C0vYBm+JMn64=,19131.0
consensus_latency,/phdZHlunp1Cj2CNSV9sxb3vaEOeZklOj1BzXtGLRug=,19131.0
consensus_latency,BegFXRFfUlxosVkYBbthTBxqNBq4TGg/8ctL6XfFEDU=,19131.0
consensus_latency,B9YYtFnuGRZsOIu1o2ul6jWutj1TniBFMs92nEaqES4=,19131.0
consensus_latency,C7ws4O4QQN0mjOcK3i06CZp/jXGxc6x4tD5Kp0edXu4=,19131.0
consensus_latency,DwGMBjg3roQxMBHs1R3GyO9W5dQDN8KD1ihEBEJq1HM=,19131.0
consensus_latency,El4SswFBEykqSkF3N7mTb255at1GQMWpeuU2F8f+sgc=,19131.0
consensus_latency,E2AnjQsMoHUZXBMy1XkOLE/aPeHni7/SRMW9jy4z/pk=,19131.0
consensus_latency,F0Gln+lnhsKkiwS1LJyz3neW2Aq++zEfAcdQU6mq364=,19131.0
consensus_latency,F2Xmpoa2wTvohvWEnwinZmPXXVB+keU6iY0chSALT6g=,19131.0
consensus_latency,HtKpHYZzTMAuIsGmsUjU4+RLSDmOV8l+zYNq+VLA8N4=,19131.0
consensus_latency,H3ODv0KG4d+5s/qIboTnqMQEtuM8bu2EIs+TJ+P+j0U=,19131.0
consensus_latency,JtrQH0ZYhlocN8AgRfOOnYgFZBstVZrjrZ/jAu6fR+M=,19131.0
consensus_latency,PAiGscQWSyBvWOEQj2nFbtUt7zZ9mJHmQ6xnQsU/efA=,19131.0
consensus_latency,PM+7fGmOefmSwp5fwZb22wXgJfF2BcMoU2i+pL05i6o=,19131.0
consensus_latency,RFnHXNTxPx1hDiZmcw3m61PCb1OA+m+w88vzbOr4E8w=,19131.0
consensus_latency,SZl1oobSefJX3ClmPBistH8LzV1mq5ZpIR76LnMfKR0=,19131.0
consensus_latency,TaoKKLNunGsBM+58WDs+9A4xdYqbSdlYKISx6YCWjVI=,19131.0
consensus_latency,T2ooHQ2GYMBZvA6qW3IeUEQOSTf0tSpcMdWY0lfkvF8=,19131.0
consensus_latency,U7sUvUYzWtxvkrFqCV00DssT+PMynGQ/qe2j0Nw9l64=,19131.0
consensus_latency,VfLXoIsGVLn0JWtnuR0lLdqYlSXNSGGlqPgS1ztDCvc=,19131.0
consensus_latency,XHhB6f44wybjxxyr+00bxgKQXM3UvJkbZag4givVENk=,19131.0
consensus_latency,XP7kCZgL8Ol+b1y2GVaSBRLeGqUEYL9yZhzRrpiEMxk=,19131.0
consensus_latency,YP3YCf3+hwoWR7X9TquH+01xKCNhJjc4SgOQQLgRh4U=,19131.0
consensus_latency,ZQmVTCkWBh/+kCsV/jCYFO+uVOl4Jgwyct3YBM7YAcs=,19131.0
consensus_latency,ZiBvUDA+iIa/9zxt3TbXyFuTfR5XOUrY2d2+JQ4swis=,19131.0
consensus_latency,cxo6qwtKNXgxtbQM9aw3HDGkBVi78Ru2R6v95z2du20=,19131.0
consensus_latency,eWY4T3J4GjiRjMnDgSjG9Ws5yjosvJDkEsxkGt/5U1U=,19131.0
consensus_latency,ffWhKRMVeEweg8Lb31AAchMUuIptxogOafxNtU+njJQ=,19131.0
consensus_latency,gAvXkzlMW004JNUVfLJZJYr94o1YVfcehPXydkTV1HI=,19131.0
consensus_latency,h/hQx9tX1MXP/yztoP8HHODTVxFXKDJH39cvz+oreGo=,19131.0
consensus_latency,ikeoDRh2WYyzajPSukAwaUpTZyApiytpLCM+qIx4fpc=,19131.0
consensus_latency,izm05xb93maHS3kmHs7sTQ8ZwGAU9R2KWsh+jWtXZfc=,19131.0
consensus_latency,lhZ62OWtUcTbY0YBv1AxtUmTXo9MVRhaMgLG9pArv0E=,19131.0
consensus_latency,mA5D5E6vHAcpjnSCvp0oAJrYuSOkPDoNStfC6icwdp4=,19131.0
consensus_latency,pRxNuieF2+vzs4n65lUcpy3e3rSDnjvDvmg6Q7JBUm0=,19131.0
consensus_latency,pa0pFiMUcKS+atczwYCFiyaCLca2p8+ggMetbytyaQc=,19131.0
consensus_latency,p3kIwuD6sWbMlt/u6FCqgZPv49s5s2pcvRFDFyI0Iz0=,19131.0
consensus_latency,rrl73sA2vXICakcRAg2RLCQKXBgzwcApQ9u9sxQHokg=,19131.0
consensus_latency,r1BT6CAiFHpSNFWJTu6iqxYuQ4VWaXTfXGKl/UW/dXg=,19131.0
consensus_latency,s8TlfedTdU3OaLV3wuZdyg9qYJj7YS8UJ0Iw5Niuapg=,19131.0
consensus_latency,txYAOCZZxj6AD8gMj44b5goKHL2Urgbr/LAN+cK0hGI=,19131.0
consensus_latency,t67QlPNRofEyaym6cFCwF7grq/+0OxQ8j8EV+lfTDig=,19131.0
consensus_latency,vV+asjTDPZDdIiy9p3vwFzXtU30y5xDFKH7mnP6ayUo=,19131.0
consensus_latency,vu1dKPXixJcjSH+IJzkjimdFdUZaAMyPuAAMTXsvmwQ=,19131.0
consensus_latency,vylP3XpKXZpe0qBss7QyWl97C7gjKe19Kz1wN5ZA4DY=,19130.0
consensus_latency,w/flzW90rvghHz7at+lNDaVCSLZ3EWjagnORY9TI/VE=,19130.0
consensus_latency,yold2MXTKTGf4p2djdeLVoN42oxwYy4VLRLpNBnVPNA=,19130.0
consensus_latency,y1loXOuM/jPzWP7S9o7EXeaqk2tULqLSJ4ANwhPeuXo=,19130.0
consensus_latency,zFNkDjBPhelN/YYNvUy/mE3gypgB0yqDgzPM7PgBTIQ=,19130.0
consensus_latency,zrlNHPcufUDWseIc/fK2UwfHtldzDtBIR1IjAx1zlaA=,19130.0
consensus_latency,0PKcCNghWNtXE6kx+NYSGH8OJuw02MX2DQsnBSGp9aM=,19130.0
consensus_latency,0fYemNUyXo6NvbrNffaN97fJQyDTxYnZ5dC3xI34n3Q=,19130.0
consensus_latency,0gTMnOAqNPvCVGMUUu+VgzjrIyDuVRUB9H2cWFx250k=,19130.0
consensus_latency,03aQNsQyFHJZ64qumd37SU6UQ2zDDM3EttICD900MRU=,19130.0
consensus_latency,265zktCtmGeTugmtCjUPG+vFL7DaE0Wk7ruufnhPToc=,19130.0
consensus_latency,311wpDGSIa+0L33/e6jvKHjoTHSt9FMsQvthcFpKb2c=,19130.0
consensus_latency,4cBF9vrjxnMRPbI2SN7cQ8d7ap2wlkicTuLg+/kQKCI=,19130.0
consensus_latency,5WVxsUy7DGSUYBp4U2l/OAkXKDe45p9u5FcfefzC9+U=,19130.0
consensus_latency,6IBAEisLEt1ZaJxjx+qZ4gWH5bWjL1V9gcNoD4EhW2M=,19130.0
consensus_latency,6kbUoy3x+bkYvcU0Zk39XJh04oRTJDj24AAdFHjac+k=,19130.0
consensus_latency,7Ev+cNp42/qwNYjTNBO4W1DtnBh0U/qXhy9n4udfn6E=,19130.0
consensus_latency,7UFPxacQBQC6INurB6HEp7i1dZkhE/NpNP61/zyEOpM=,19130.0
consensus_latency,7uw3uFLdTW6nrn2a3C8U54lG7gxUUdGGCjbFBUlmUOM=,19130.0
consensus_latency,78JXh27zPlyeZS1EFO1aWRiVXSdeVTWJaqf6HQ8lnWI=,19130.0
consensus_latency,9SKfgctPznh5GAUvAXAdEWq0OpkVi4pNbhjn2TgWgQ4=,19130.0
consensus_latency,9pINfmjRbV53OHn7YhuUP6IP70hvNuIWVz4+Va5SiLo=,19130.0
consensus_latency,+RCrF0nedfS510jeT65ZemKoB5uJ1DzgnqKLRJKxa+g=,19130.0
consensus_latency,+TQRRQN+wBlzl4IAYEicyvekTZRJ0XbFM+N0DnHEzkY=,19130.0
consensus_latency,/ma1G7A5HZpSsnUPFgjUVHFwM0BdJE8nnsEcmw1nhDo=,19130.0
consensus_latency,BcxsMOaFn5XTORIua4VZlKLn4z4QubGVqicSFypu7YI=,19170.0
consensus_latency,CqlMwZXzN1JEB2Vn7KsAWrgJ7RYSkthLhWfXW09Apxg=,19170.0
consensus_latency,GOnI+x3S1L4L3Wiv7pVpHCWrfqhJcZ3QWFHsYLutEV4=,19170.0
consensus_latency,G5ojqLGNVwBhfmCtIlo1/xkrFHeCBeaYInZFirHm9V8=,19170.0
consensus_latency,He1vCrNoL3gcKQwCbDufxOIFnqlx6CpVKOrnH/UsEb0=,19170.0
consensus_latency,K5DJFNYvl/g4OLkY94zhyr7lEvIpASPczinbG6NCDBg=,19170.0
consensus_latency,MJ9dXpefcHxC05sbcEF54XbNkeW2lJVoekA/PkuqAJs=,19170.0
consensus_latency,Nv5KNPUg0g8YRvLjhpFAKl3DKwAkJITC6qAjm3psUcE=,19170.0
consensus_latency,PS4RTV5PSFUEkiC1KiUbkIdfO5LDEW39LYx0MrM6BIA=,19170.0
consensus_latency,QUNZH510AV+3s9Ds6b4/BPSRm6heMag1ikNyemsKIhg=,19170.0
consensus_latency,Qowd5aqC7lpbURHahyXXmgaP9M8u32oKrl7BSOELKdI=,19170.0
consensus_latency,R6gkTdpL/f+D+Fi/0XEiIWNzExW96XHGZUnp9IECY9g=,19170.0
consensus_latency,S5WK31KaW9M68XgQFR4ITO0RgC8DGJPl4WwewqxWGQA=,19170.0
consensus_latency,UnTc45TQIVrh61V3dxeaGSzRoCDd9xYW/6+6kJwa/M0=,19170.0
consensus_latency,U3cUKiRod4dXRWL2pnJdrp1aOtm8uFBEMY+2vah0J5w=,19170.0
consensus_latency,VY1tnxHZo0tIddxaF7Aykmr9GApf5NtR7Kqp/yOndRk=,19170.0
consensus_latency,XzhC+3FN9PX70NQGJTo6Asc0chLIWpX1xRdJ1reKus8=,19170.0
consensus_latency,Z+UDNBIoRJYZ0c+xPanCl6JCSVjwJdCXo5vPEYwxxHY=,19170.0
consensus_latency,afSt8rBQHXRJPvBDEtl0KQ4I3W+9XBkyzlj5TcIG5+U=,19170.0
consensus_latency,ew2HCiwFa8QIuNERMf086RZkhhjbL0P5BCHkkV+7LZ0=,19170.0
consensus_latency,gkB8C+Ato8B7xGYUoCqck5edmpnOQ+BmlBMorvUQdc0=,19170.0
consensus_latency,haQi1cIVlYbs2gF3s3t1z3AKSN+n8r7KX1/RBdielys=,19170.0
consensus_latency,oEmwljJ1B5eAQqqNgUjfUKGCXW2/xs7+dXetNJ1mc9E=,19170.0
consensus_latency,oNSf3nS2TsJz/wPA3USolz6NJFydbt41uv12HrnZ6zA=,19170.0
consensus_latency,o75z5StzKWwh0mCtILLhszDgm82vfWmcR9qapFL7yPI=,19170.0
consensus_latency,pzVEv92dpnXssvGLXzDvWvMXpH3FriNPAr9Iwa/Gggw=,19170.0
consensus_latency,qYuqlIxuONL1jyg8fHNQQUC5bPTcqzA+4uOCPAmi0E0=,19170.0
consensus_latency,rGzscPGnTUgGYjcXc3lhne/w7l+F1kj203SC8plWSjs=,19170.0
consensus_latency,r/5+3kOfzWcilaVN7QtpKePzF8VANxMKnUZcmIPGNFo=,19170.0
consensus_latency,sPVFXmu7gy+2kS3Zp1mR1O+xpT3gFtioHMJKfwpsseQ=,19170.0
consensus_latency,vVveUZ5MmMKdlOfxq4xRDVCD9L5JNjCkPEyUwSlyMS0=,19170.0
consensus_latency,vglzAsbZXK7Cw4j1VUPU85zQVjGhGLPoGnoZjzgDr/I=,19170.0
consensus_latency,ws61xFBO3WzwX9X4to/FBeNhMB+rwE9XVpi/nzaiU0c=,19170.0
consensus_latency,xGt7csJcNqCsW8YpXxBVVCDjV92jTWIMzf9s8w49ECc=,19170.0
consensus_latency,x0JZWVj3a6auJcf9A/FW870J2okLLzsYOTnA4K5DAJI=,19170.0
consensus_latency,x6PdhHKu15oiYvQa2o1T3jmkqYcfBlwVvRDvNH5EZX0=,19170.0
consensus_latency,1LHQ/5b1WlqW1Vc0rNj6ppTHnaJQxia/nvNEFHXVWPA=,19170.0
consensus_latency,44DY2jBygt8bOFMcB+bUi8C8PuNHQMoAvY7Cu8cVFbU=,19170.0
consensus_latency,6FVPgUqOvNItJWYfsr8V7/TPUVM4+RUoCuJmOwAgHdU=,19170.0
consensus_latency,6Xc9soojY97Vq0xOlNvGcwVm5vhs0OgL6+9y+QJ/ctE=,19170.0
consensus_latency,6kh48wrZFRhIjZ9ueVTVeJcClZuoUxn5w2k22tVbdmI=,19170.0
consensus_latency,7neSGHBD/GeZ+frv3oPO93p9qM33KokSEDsedOyw4FM=,19170.0
consensus_latency,71BjkSv+yz9O9F3y+RtpcOc28DHRTbmHwz0eiIxrT0Y=,19170.0
consensus_latency,74m+7GuOdoL+FUIj6N9q22Bv50c+Ri4FEzYLJ22nVg8=,19170.0
consensus_latency,8scYHlc5IBTmxwzOo+DQ6GEqLZO+jfyn/6YFPIioPGI=,19170.0
consensus_latency,9hsIPF7F4/oHq2y3fA0Wvou7E7CsyOlB1/b9v0lOtUo=,19170.0
consensus_latency,+fB7KzEkG3LDbnTweij5RznHFUvQsfWB/3uDvpOkg9I=,19170.0
consensus_latency,+/htnF0VljHwJgza+LZOrMqyEc/ewhJAkphckmO/Jh4=,19170.0
consensus_latency,/cAHk6TLLs+AQ8SiZ/8iZCSl2H4TY60M1DHUDOHFLHw=,19170.0
consensus_latency,AGYq4bWsw3SbtmOKbTdWN0A9o2b8+bIttble2rT+yA4=,19172.0
consensus_latency,BUUDtR0CRRlJmD7/D9XDldwDTMXD07/9XL5TqeYmg/A=,19172.0
consensus_latency,BV0yYGlJ8uPa9D01Uw8/VzYsrAYyq1a/phO5CBP08Rk=,19172.0
consensus_latency,Dv2xdZsNtC5LeIVU7EBcahI3pjHX9fiiqlkSrqn6y98=,19172.0
consensus_latency,Hhlbcjpac1wVoU+naGucYtcdc4GvuwCRWNOgRdWWNcY=,19172.0
consensus_latency,IW1x8IrPv2kz7AeSp+6NriCh+aFrcONJeB08JOO3O1A=,19172.0
consensus_latency,JLbnfZnOSY5csv4zUK0SfpNQ4gNFAA14RNN0BjaqwKI=,19172.0
consensus_latency,JRuKJvr26NDqB8/Iu5G+ijDLzWGt91+bxfZ6mr7NKhU=,19172.0
consensus_latency,JUqhmp3Syrv2J4OnuvT7++OTIrBdfp7L1ympYsnkHcY=,19172.0
consensus_latency,LWDU7AnVpPdT6OCNyAnWz4fQVILkWNUa0KvOqkzeQ28=,19172.0
consensus_latency,NWIlRenZL6JlFUELL0BQfsU+6YwTdSj/y5MGNkiviw0=,19172.0
consensus_latency,NgH+EoYPYmx/ySA4LvLE/aczuEmomhEzi18B7l0tNIk=,19172.0
consensus_latency,OAEOfcLxmjlhqydioJpfuVzozxi3yPNOuLesxhLiXO8=,19172.0
consensus_latency,PxED3rMoZjkVAF00iJuLGQf0mb975n7fEvLrDDYazmM=,19172.0
consensus_latency,Rfo8Avpts43PjQEbVp1l462Ah8OynvHoe1zTj1cWXDQ=,19172.0
consensus_latency,SH8o3c/GyeTtm4SLqd9lqS0J1fQVBTmgLKNqL1Vxn+s=,19172.0
consensus_latency,Vg1dsGBwAKfFM1+5Xwz4R00g2FbN1pm/NtBz3wVDL/A=,19172.0
consensus_latency,WoUXu/WOnoJS8Zbqrbg8kWsCZm89kkoPveoHvS5bUHY=,19172.0
consensus_latency,YnQeAkbAmQUiRUG1noe8mfrH3COQjeC8Vh42xqSqRuY=,19172.0
consensus_latency,aGoVjaOmJURIm9Ufr38IiHUjdgxmyMax5Ro8toxnG5M=,19172.0
consensus_latency,cSv3DwhsBwl7hywwG+MDumFnXpBe/AwtNgFSnVLxstg=,19172.0
consensus_latency,c00bo0gvCr0/frIqSXNWr0C9zohO6Xqvb3AUwc8BnoA=,19172.0
consensus_latency,e53ohdPhwBjEQF2ZwAQWv40GZ8fM1AcGoXRfDnkSrVY=,19172.0
consensus_latency,fPcqL8nJFZFmPfFPKdsyE3bKuYeMbUfsrwRQ53sPtOs=,19172.0
consensus_latency,fqWDYMmE+zCwiyJUSI99Ewe+DUWoE9P1h24jnX78ELE=,19172.0
consensus_latency,gX7Hdi2/gnPu1ZzIDCG4ug5zXEh1rkN7Fx8PkZTJhag=,19171.0
consensus_latency,iKPu6nx56Bbif+8U2wnZbFHtLb9mcT/J3PLKmevG9AM=,19171.0
consensus_latency,jS4fa/jok3SMT5S/hSKNs1b/eZYuWHN56liOuXfKDNA=,19171.0
consensus_latency,jYB9ZBMHeaXPc/F85zrNtgmk3PeB9ke+cL3iJ/qlzEg=,19171.0
consensus_latency,kkRiQjBBFZK7RnaK8XF6XEwPcqvngWBnGS1+2uTu1M8=,19171.0
consensus_latency,n+LS8kJYKL7aka4gD3opdzZoYu4XCvlFVUDgeslKQK0=,19171.0
consensus_latency,o3Q1rZ9Vs6COvz5JKuhKVyCJz6KzDjzqF6V5lzMIGp8=,19171.0
consensus_latency,qEZxYzV3WEOggq7MraSKSgJMXM/e1JiK82R0PbM7ABA=,19171.0
consensus_latency,qelnCnWp2yWS/Qu5tf06Je4L3DIwCzs9fi+KqeWTSXA=,19171.0
consensus_latency,s5ykPuBLn+0tYgOLxBd+ZsftEorfmQ+6lkjVI40vzeY=,19171.0
consensus_latency,umxjCIDu2p5OkdFAe75jRSWXlVNID5P67OMYAky69z8=,19171.0
consensus_latency,w7CUghDOGRse9DtjHq39tOWUQVaAK2/JGnwZLn/REdg=,19171.0
consensus_latency,y/rO74kKj/VKjNSy1p6s90JF8+1EMNEkRH8hHrsV6qU=,19171.0
consensus_latency,zmBtlGUjvyBCL0uhViS3QToJeSxrfKkVBeIHTaur8jk=,19171.0
consensus_latency,3S+K9uUNBIWjJKw1W73YofeNPLS+vdie02kSeeBTMaE=,19171.0
consensus_latency,4V3mNkp1Zjr1Hru4EGTkGiU8Uz0luDJCySA74km2fmc=,19171.0
consensus_latency,67JBUopJmtK9UQWliF5uY8IbROtQKJQYKiUquDtGM/I=,19171.0
consensus_latency,+tM8VWK/5fLc1GBLHwtwGNYAThz8lAT2BwVm6piVDek=,19171.0
consensus_latency,/wkQ/CXF/lSHAywLZapXiGIuwIvOzSH5kd/Uzh5Pd8s=,19171.0
consensus_latency,/x+8Ay89jf+1WhTndalSjij02wAsaIcNBdpGWsBIXjA=,19171.0
consensus_latency,FtgSQymcmVOcFFtlt8LmovXppjTJaRsb41PYAMutKj8=,15855.0
consensus_latency,HdSLRjW0rbNw9CbyI7nOaVdKNnVdugv7P2nEZS4yebM=,15855.0
consensus_latency,I8qgunSQw51yrIRUZqJeLTx/CBoGEevgC509lWcbdJg=,15855.0
consensus_latency,JWp0pSMJ+uPgP729QXf9OZvIXPXZ+7ax0QglirdndsU=,15855.0
consensus_latency,L0KoRI2Ffvgk+lfInQcORwpLWRovW1PyrpUlV5tb3oU=,15855.0
consensus_latency,L/NB3sYPJClWE8Nw1xr1pjzvd9pj9hz2uNIF6+4U/fI=,15855.0
consensus_latency,MGB26ggOq1l/XtF8SneBePY5oYhtsYH0KUnXmH7q6Xc=,15855.0
consensus_latency,MlRUyc1InWKjYByfNXk0mGJYJoBX9UkyTCjVK3yFyTQ=,15855.0
consensus_latency,ONuZi5q7TVfnZYCwpltgERKKiMCdHQwbOfbENhgr8AA=,15854.0
consensus_latency,PLU8qmGAZ49vV2NNtB3Z2XvspXhzt2VZlip1LiIhFgE=,15854.0
consensus_latency,R7yUlBKIMS+qS41tLgCBiwFuJbqbVg6kgMFy/YkAu0g=,15854.0
consensus_latency,WvWFLp6+I3HKy3AT3uO2mnLcqzk0ifHHvK/PevbZhUU=,15854.0
consensus_latency,Z74v2YUrpM+ct4PqYghCniJXRPyIL9oNuFKIGND62yE=,15854.0
consensus_latency,aoRwPzVLs6VCucFApgxtT1to3tPEz2H+jWQ+jbtRXC4=,15854.0
consensus_latency,dila5upeglwncqNWe/gOFg93vcj30wHV21mLABjvPYs=,15854.0
consensus_latency,doDpQcIS73Z+hbCL/Z0EdrsVszyiIKERb/vAs90iSKU=,15854.0
consensus_latency,duivBx9gWUaOzOqvCzCMn8ejvTLpxUqq1u90FELyE5k=,15854.0
consensus_latency,dwHCl3KZ+GG2zLMJ4cAj4wrLYv6J5N0xcnRCxkQUfQ4=,15854.0
consensus_latency,dy0y2+FLXZ5WV80NiIn4gn/8zPZ1K2sIsN4wjnWWPaQ=,15854.0
consensus_latency,eBuoYDIKo31rqsvy86vRWO3FrY9Z2hxesbV9HCDRTN0=,15854.0
consensus_latency,evRJOEGgjAuB3lFods8piecq/K78MQPZbDIwRKOY9vg=,15854.0
consensus_latency,frlCehyqiCnEkdsqklIVA5WqpNKfTWnu14a2hnk+GOQ=,15854.0
consensus_latency,iZSU9EqzOO0UTfCE6EIroQYwWHNjbYFGn/OZUHfut/o=,15854.0
consensus_latency,iotT323cKgKGJ9GJ1CTEjQOz4ZLbAIElrFNbW+1kYGI=,15854.0
consensus_latency,kf0GT3H7hXLVez9WQ4bEQMA9n74U1DJf7wV+A6c/wq0=,15854.0
consensus_latency,kvRlfytQ8GghDiHFXG4Z8CU7P8dFqp9v78U9YTig7p8=,15854.0
consensus_latency,mGd3XdCWKhGcG34NJBrUEhgtlEuCtOzlP+0D5gq6rqg=,15854.0
consensus_latency,pRF/+2tT7UkOylM8AQl0z6aba7mbG6F1khcMtV5u3XA=,15854.0
consensus_latency,qwcp6UZwbjAHUkukmJOdVS6bfCZEowSj63uXWt7a+7o=,15854.0
consensus_latency,sECthhZWBgIgSU3PQWzg2kNppsFD8s9XjRa8yT6Cuq0=,15854.0
consensus_latency,sPHqKvvnzs60960R3KWwg6rPSaB/06oQYucow1LRdeM=,15854.0
consensus_latency,vEBYfg4U6r2k6CKQBYg6lHbWGiQBMvKzyZWIWTygnpk=,15854.0
consensus_latency,vJmyRy7ecQCZ8E7IZJ/sSFe3w90bEojKOhQOhURDHHo=,15854.0
consensus_latency,w6kcVPAnIH/fTYvzNVk763Koi3lt4YWVofr5RdA5/os=,15854.0
consensus_latency,xt+vZ5EfOXXeq7zWXy98vue3NmA4czYnBk9d6oUSgYc=,15854.0
consensus_latency,0X9JqBlnGFfjesPcbWhgGTueblsXfaLBo5i1qazmwLE=,15854.0
consensus_latency,0w9tazqP/hpJZXZmD9uyRaNQgPyKpLh8VWRS+5u0kWI=,15854.0
consensus_latency,4e1yzxV2pjhwDb7LftOZYHtzRO7CbJfrm2OMKeH4/qA=,15854.0
consensus_latency,9tQfopMsMTv+gWVzySfxkJIso42tL7yJAd9bJQ+OcBU=,15854.0
consensus_latency,912USb2tr2e23/2biWcZ4LrOlLmsaaU7iWaWtZy8/3I=,15854.0
consensus_latency,+c+eacV2UI6VCqC2KsMihmss+ru3kaaYoj2PE+WGTTM=,15854.0
consensus_latency,b+3Tw92A/eeoUoj61NBRHfUgv54SuihabPU4hoTuPNk=,15787.0
consensus_latency,vREYsmPBiXLKKTIIVVkMJ38QL6C2bsI1uu3LhkINRlY=,15786.0
consensus_latency,ByqiNfuAJ+OQIjBfVj4pxRp/lhjHyKAafsSFZ8ae49I=,15905.0
consensus_latency,Er1vHAa0eBwS4R7JAntg0p4Xi8xy6C3fAdTHVUVTSBg=,15905.0
consensus_latency,EwZU6Y/5AdxB9GpLTl0ZFeLAAwmHQzvrlMpdAoQ3nOw=,15905.0
consensus_latency,HfHXX8wZs1YOqGAS5/fAJhJs+khsGWr1OVoiz2rY+Ts=,15905.0
consensus_latency,Hy6+MOSL6DrB+p2gWsgPo9moKeoR0qxLMCPJaKQhfPo=,15905.0
consensus_latency,KkJ+r/+L6tF9dIXzIA1KjJk9GnIKfnvU1RsghZuTD+c=,15905.0
consensus_latency,LF2dpF74sE8Vsvlabe7s7OnE3fsylOORIIHszYJZQZk=,15905.0
consensus_latency,MSPbxZb2uN+5G9dur5NEDhWdqEsAZwI4zzBJXVdEsyM=,15905.0
consensus_latency,N2m+H0ZXDfs4saVJis21awOFNck7Zq7bRhHIjXhZ8sQ=,15905.0
consensus_latency,RZBf3apEgI7ncPoLlyQBsQVWSKrdU/K24duUzLjoPmI=,15905.0
consensus_latency,RytqFftIqQWqlUOLgYvtlpCY8btRPoRMRjFHJgQq7Nk=,15905.0
consensus_latency,YJ3cWpmY6f44na05vxlrUrsCgPJ5wXJgZ3k1aEl14T4=,15905.0
consensus_latency,aE0B9UXAVx9OKwDpE5slDsx39mvQ7tICHHdAy742za8=,15905.0
consensus_latency,aF0OFvfeMwaHYx+V9n4EEpkikqVYLw3nA9sIgpnLAY4=,15905.0
consensus_latency,cxgKIF4VmLESPPTsz8k7y7UWAcd8CC+Zm9uXsokefLo=,15905.0
consensus_latency,eazvtdPXSZkTsIET/Bw9nsH1y0pw/jVX4i4e4uJUcC0=,15905.0
consensus_latency,fR8iTI1N9BMyoT7blG1+rFmfEeIuwS0P8YwyXErvbOY=,15905.0
consensus_latency,ffIUQMb+pVOjwgJ7IAq9xSnAswHMA0qSBgZaK5NLe0E=,15905.0
consensus_latency,iQrzbmPd2AQOMAM2lm2aEfTbkV9tMl2U6Bgrg/kypcE=,15905.0
consensus_latency,iUD/UDiAJO4/ac9qdIW8XXA7gzEwaTOtD+1CInf9xXI=,15905.0
consensus_latency,iWZAlTj38CzfqkRNOvZJgdYsX3pjmjiAkigMb2h/gxY=,15905.0
consensus_latency,jV+TemfaXxmDVIzzp5+mLdOb3QdN6qP4SAJxx/Lfask=,15905.0
consensus_latency,j/8jepj2WQkphpQKKJ4a+cffzfeeo1OzNvpTDOmz4ZE=,15905.0
consensus_latency,kzAMzGFeur46VvWlIS+P0ck9o9+0VokDkbPxNxoMSaQ=,15905.0
consensus_latency,k+eEr4jC4wVoSzwvznktYbw5b/xBEoM6SW12Lu+d7+I=,15905.0
consensus_latency,nbCVqi5upB5Gt16s48SosMyl2J8zB617yaQUFqTu4Yc=,15905.0
consensus_latency,qHW11rzV33cCCWbJLn1yZIp09KX8+GcCZ7wC4jum9oY=,15905.0
consensus_latency,rI0aHbYzxk35UW2xjMsgC+fUt0cZMvURvQeWrzj0l9g=,15905.0
consensus_latency,tsfzHtulxf6q4Eyfmamf99RrnwoWvJZz95qHZOr1ano=,15905.0
consensus_latency,v9GeuvOBqqCAkPZ2+lbh5f6M0rl6i2VlfFOxAqlDcM4=,15905.0
consensus_latency,wvB46ewOtNIwPmuPm55W6X/JI+sXGWQl+MHRmNP0Cw0=,15905.0
consensus_latency,zlzqCaVOQjaEFJKh/w8HBhQa02/2QVXYcW+Y0HgEyVI=,15905.0
consensus_latency,1iTLnEEhLZVM/3LG6XFyHi1tR5JM9cWhG3iJOKD6dUo=,15905.0
consensus_latency,1n4UuJLctVD3wVNrS2p40ER8qctZy2Klr94AGW8aqlw=,15905.0
consensus_latency,2OGpQ/klM04liKn0M68C4qgQ/xwpH78Ieuw5L4MupIc=,15905.0
consensus_latency,2tiNXfilzDFHNBZwWClbUDCWMizEzY/UPjUFkVxnur0=,15905.0
consensus_latency,3t/YwnQGKds897X11NhshukxUKl4pqQ5LlxqsT6u8DE=,15905.0
consensus_latency,6B2rUQSnUWxfzrnYgd3yCF3pRbP5ZYE0tqaIPu/yvao=,15905.0
consensus_latency,77L7JCkrlQ2lRaPjbOzC4Ltdt/1M1kKuiRd552UNmTo=,15905.0
consensus_latency,78KxUzd4OU1vza2wGQdc9HGeM58iUgVIyIdsZHT1+QE=,15905.0
consensus_latency,8hnbNXi+BlrX3jZwhfGWPlrFvqXsL91utl+WFxVb9z8=,15905.0
consensus_latency,ABtu4rpAdrav2Lu/CQcryQvBvT9H4gOo2Yjn6gaQYU0=,15767.0
consensus_latency,AcEKvSWGPXrt8qs2iQmsLGUmd/foNqGOwQtMvNWCOVo=,15767.0
consensus_latency,BD5YPYzuh9ZtWm11PfIETXLrdJqgeKyGSThIbvLFuGU=,15767.0
consensus_latency,D1Fhk3+9eJ2vLF7GdxKC0ws09kzB2w5tHGJu70MHk5w=,15767.0
consensus_latency,GdyalyLKqqrQYiLQq33YonHWs6HTWUk1nYgWAnas1ms=,15767.0
consensus_latency,G5Z8pSHql1aBwf9IzAfqqI3z0uUSe5wr1vMjubrEixo=,15767.0
consensus_latency,Hl7YQLN4XCWpJT5xTlFVFuGslXgUzW95mxDZo/qUGGw=,15767.0
consensus_latency,NMiezvuDN5sc1qD99ID3FQHO5WV6dSVjv6/Gnzp8yGo=,15767.0
consensus_latency,NTngfJAlIL1bvsK7jKGZvAzxPYoiaUtueCBlMdo5ONY=,15767.0
consensus_latency,O/eoPkAFWcVTzKH/K/vlqbL1+rNUyBx0jKLYHIKPRfs=,15767.0
consensus_latency,PZgCOBLDVD05JOPgisBznicJfk7r3J0+Law7GIjkuL4=,15767.0
consensus_latency,P0FakKpfo7GtA5EWtPW8BXfSMdRjVHw1ivVUJ8D/qw4=,15767.0
consensus_latency,QrnIbkBv17LFIbi8wz527QyhP6JsAGqF8iFHvv55tNE=,15767.0
consensus_latency,Rl3lmuT5ZgDzaO5IU/PECLBWXW26WQ9QEiuXRkjDV1A=,15767.0
consensus_latency,SOTFARvLcSae+Y44t8QN1BDo8sxt1C5zhubssapqBxk=,15767.0
consensus_latency,S6h3eAvDB6DQZtmVAAJHafDSqFaWCYIX6SLDRZ9c8Dg=,15767.0
consensus_latency,YCgw7IghBb8xvUVhUWbhsJNtRP8xZtEW1noXmZ6UugA=,15767.0
consensus_latency,YvPTl08W44kV5zXGb7p5jDQLvJ8XSY2/xZpD0R+vlhw=,15767.0
consensus_latency,YzXwGlYveselFZ8SHPeEpxvJPloyEivIQWOXFSIVI/k=,15767.0
consensus_latency,ZiNAXOY6vZi90k0FUq3t+63mTFUHngfWjjmpA+GrVbU=,15767.0
consensus_latency,b7jM3YmdDCoE20RzPU7jZ3vUu9Us/dMmOZ/lRi0ysv8=,15767.0
consensus_latency,eCfZnGRB9nlu2f/owcFmMlm0lHc770Uitb5pXMRqj0E=,15767.0
consensus_latency,gSJVleHxH5kJdN/VLMatl79NSDQ7yA69rTg/BIoPBjY=,15767.0
consensus_latency,gz/HBrrqjW5hmivf4u10X0Ql5dzGn8atZkqwZK+Tnus=,15767.0
consensus_latency,lrkVSRJ+gsYqaJ0G1vZL5BMPahORPMf7F8uL/x+yoYM=,15767.0
consensus_latency,mHm5PdxdGRZEJGJTAkGZ74ZIIoAs5tJ0LssG6WaQAPI=,15767.0
consensus_latency,ouUiaJjnb3AktAyx8uK4wg3ir0me7St1oBLGFwehSFM=,15767.0
consensus_latency,qMUpbMVoShAKCNA7XkqHXjsoX4l+qmZDRXG684rm3iU=,15767.0
consensus_latency,w98Zuz/l44stPec5Z3ieInQ1X6NiJZJCpYsLWN9ilTk=,15767.0
consensus_latency,yYW9sr/b4inj80PJ45r7UOB/89sgGj1y9+SnfUMfE50=,15767.0
consensus_latency,yhelwqE8l/VJvglr2jXbvz62mkJOmko2AaEihhhCNaw=,15767.0
consensus_latency,yqlBpEFqJEHrBVEScsVyaYThprrJV2BU4M5cH3OQGhQ=,15767.0
consensus_latency,0Dy5UAIlvAOaXm+Eo1Q4ak/AwFnouY5SXAmWJVfG3d0=,15767.0
consensus_latency,0jDuH+CKYxJxYFejscOu5eRWWB59I09EtUL5a+Aj7aw=,15767.0
consensus_latency,0sNoLYpvOwKvXkwnyCyCnIMFbAonMctQWyFilQ4/ZqY=,15767.0
consensus_latency,0sOCxN37cxWvJMlmyxuGAGEZF+VU1I3QftdtUhePBQg=,15767.0
consensus_latency,3rcaTFVdEzMPl1IGMMYvpsEQInztf9g/AZh2cdp5zSM=,15767.0
consensus_latency,3vXjntBJa957tkvIifOibWGjpwp7D+zvNPi1iU8beoU=,15767.0
consensus_latency,45MZAwTY0wzYuOU726RXo56iR4l11dEDdG81LGjCRqg=,15767.0
consensus_latency,5ay9peMRUxwbEeYPHRl0a6ildjs/q31Q77Gvr5NFxlg=,15767.0
consensus_latency,6EeOd62UJBnwVrmRSj8KSkx3coEMq8w/VIo8xSAd7Gg=,15767.0
consensus_latency,6WCI5KieoEZV8CxdSrtEqe0W0vzYGB5qcnl5uHXH1Sk=,15767.0
consensus_latency,6k+tAD41YsFhML4wqfZyWJx8X0dWfsjHZgB21z0WVv4=,15767.0
consensus_latency,7d+126wMwwlHHXWO0992tvKHLaKPoqs66n5r0MHl5So=,15767.0
consensus_latency,7/FIvF8VNIWkIw3DqhNR/KCUjat6vMTGmyijwYr/T+k=,15767.0
consensus_latency,9bdIyexlo4Ul503a8Z6FoTIvBVlSoWuy7S0g7Zb3Xvc=,15767.0
consensus_latency,+07htS5qkp77lksZQ7h5chQVbOeDOy+7tSoawF+yIgM=,15767.0
consensus_latency,/F+6QlmAZ9X1mUBIawHLzP2VDK4g/zxzTZF+3tQn6k0=,15767.0
consensus_latency,/dsGPoEbQMzgaK0mqvSNL5Sum0FLVuzLEc7py37GlXo=,15766.0
consensus_latency,ANpytUMqg850yX2T0nnfKWuH6Eqs6QRdOipQDcW0mEw=,15854.0
consensus_latency,A0zZI3SX1+WLHHjkyV2Lk3px5vaGSTBL7WvvVDYpL88=,15854.0
consensus_latency,BDeI3NJwyvmYA7BgvYJj2oPiJqp1/WX+BjMYdZ5dmoc=,15854.0
consensus_latency,CeT+KZZspIIMB4qTLeIfBPAxFNMMtgBgHWyunDqXxZE=,15854.0
consensus_latency,CpxNFPNYNc4u4NYzUikJbfPa2hDqMlQ8wa7jS9B8mT0=,15854.0
consensus_latency,EEe44fkFlo4QAvFpHcaIUZ7x0JSR6j6lrTvNa0RkKU4=,15854.0
consensus_latency,Gyuzmq1B4vy3KrjFzov9XjX11VuZW5WwBiZBgkTsExQ=,15854.0
consensus_latency,HWzd281zwwnxQDizkcST4Xyecn+Wh3eewDe+IGk+LQA=,15854.0
consensus_latency,HkeO0Jckm1jk15v2K24kV01ruemnFReGME7lzyBT8jE=,15854.0
consensus_latency,IhVEoO6WoYVJFjxXM31oWkxfWABvxqHPKu8sqgBMwNk=,15854.0
consensus_latency,Iws4lV5OEMACOj2KYTCjErmqjdk/59h44mN7Lk0ZJmc=,15854.0
consensus_latency,Jdn8uSgeRmWNNviQN2KtSBUmLfMUV/kG37cvQZOqguo=,15854.0
consensus_latency,Mkc9LZnU4IPim8ytZUzsEAV+MsetO9lZvxRaWjjEMwU=,15854.0
consensus_latency,NNXiZkYD6w+pXhsg3dXAgtU8L8dSkhEtSGmYjVyuVRE=,15854.0
consensus_latency,NP6jgkJ7jtzVzyJMi20TKg641Atya0cjSntm5oy1Yew=,15854.0
consensus_latency,NRD3XscKQcu8uataJW+eqfKrpCMS01frB9WGsHqdMJY=,15854.0
consensus_latency,O5EuNcoo+cmEqoByNnUTPfFDBmGxC7L6xm/bqkIPlIo=,15854.0
consensus_latency,QJz8fYMUCmnDeKrj1FsnFurs/HnYFQd2XX7Jhyqyh5Q=,15854.0
consensus_latency,QbKCGHBxuyPW4Ai2rN6hzg4iJx5xX2GUQ38ppQ6jFaM=,15854.0
consensus_latency,Q7+YRot4vhE6u8hUnBtHMDEVEy4C1ErV4/uhi34yNLs=,15854.0
consensus_latency,SXuVXtJSDdSXX99XG3WZK0nhcr1PSfIkInRZUrurgVE=,15854.0
consensus_latency,S6LYLfL2jntubkoJ3X1ShE1L+MvAY1VSsjj+0n7a/SQ=,15854.0
consensus_latency,UGcUHby05ThyCDniUEuCm8fOjhWX2qnl4YLR71YDIHU=,15854.0
consensus_latency,VzW/mwo76m5yP8OGLMuL8EAc00b5m+sXPCktAMiJNkg=,15854.0
consensus_latency,WzocBeggrm+kvt89MbXE0h2hEVTgBtQ/4ixkTjtPwtw=,15854.0
consensus_latency,YOA4SewFu1GS4okWFSEujiqiq2qMfnPyt0EqAACCvp4=,15854.0
consensus_latency,cWQZor6LRI535S9FzFQuncj0Tk3aaxjuY0Lluac5RWE=,15854.0
consensus_latency,dR9+p/w6mA6ju7q0NLHKru5V266eFK4XS9a8pdx7E/8=,15854.0
consensus_latency,d/gQ4K2gfYiwWJ8s8gm6UlTO64GUfy/PiVxpI2sKT9k=,15854.0
consensus_latency,falQXdCu1n7cl+YGv1xlyHYjv07tIzACaHlWSXlzQDs=,15854.0
consensus_latency,gGp2EMkQt5+jTz7uJogYIJgZHAmgvqUeOBZqmDyrU3o=,15854.0
consensus_latency,iYsDC3AolcRm7633aMqbYQWpxpowD2zR0Vi3MDwEpqY=,15854.0
consensus_latency,jK74FQFEhQ3vpEEmzHqsU2WomNciGkKC/tudp6zNL/w=,15854.0
consensus_latency,jx/Gkw/MpIqPae+2z/G5YZ7BhgUmBIE3YH/CZiY2JjM=,15854.0
consensus_latency,j4n1IFEihpEMi8M+cG4FRLiGsbEN22d59AryenfXtNw=,15855.0
consensus_latency,knQlgP5fxOhP777lEKps6AuNW7oKJ8uV+jN712aKC2o=,15855.0
consensus_latency,k4r1TESKwX/EJfBll+zmppRHqvWEUnYZRCjcQInOTOM=,15855.0
consensus_latency,mVrXY1Cd5Os85Vl8FkqsCBL4Ni73mYla07GDHU7b/ls=,15855.0
consensus_latency,mug3Tqkb85wnyUrl9JoNKVIC9OfLtNJvZUw3oDwcEQQ=,15855.0
consensus_latency,mu//awCmQ4meBIG7VChp7vVgr0kE80kM8xFcX2ZhxSo=,15855.0
consensus_latency,q7KN2q2yL0vp/wTYY1K5WFpnlWfyRzFzxvtkCDDgkyk=,15855.0
consensus_latency,q9a4NXbYbrcjtMmh92gO6UduMmyL9pobki3L2mzRT/I=,15855.0
consensus_latency,q/wmAQEyfLczrtzHQytuQrzwX0vY8aeIaffX6NHaMHs=,15855.0
consensus_latency,s2QiWlwBmqQ3opSpxyAq7lnzuI9F7XZCvGQkw1+HEIc=,15855.0
consensus_latency,uDP1hnF6wnVAQUh5Fhz6n0A0eqaMaAcqEnK6MLxjjS4=,15855.0
consensus_latency,uUR244Jvo0r/ur2dzRV8CfQ46APukP4bU5PmJJD0sNM=,15855.0
consensus_latency,u8O/kAY6szH4MVBHWgtGJ3Ok9FVHgDUWpPTBpxHbUDs=,15855.0
consensus_latency,xlXCXfzICxvA+R4X4X/qARDQbL6PnmyJg0RoIEXYjGw=,15855.0
consensus_latency,x6vChceA0/aVUYCUtXOpHU77eACPt2AKfEU3a3Eq1eE=,15855.0
consensus_latency,x7jHyeTLIKzCPJWSTfvvArrhVlcPF1QM1rXABHFYvbE=,15855.0
consensus_latency,z0TMEG993AsVOcYWpeEE7o8zwRAz83kmO3mBir82KN8=,15855.0
consensus_latency,z1P9gF4D3BFQMPpvrHq+TeF3QZXwM4HV2pFaGqqlQqA=,15855.0
consensus_latency,2MOcdZGlAr1q8DqpCIqGcdT70AqXF9YggkTVpC/IMPk=,15855.0
consensus_latency,3cTJswO31N1CDX3BExWdhLIcdXdZ8ohTFHn2hTQBzuU=,15855.0
consensus_latency,4cGDOO1Ft4+2xgveC67ZH64tYzeVDJhGyvHS/cJQwMo=,15855.0
consensus_latency,5zs3WBromytvQEXAGzieE8xW3r2yCTVbBPxIxwcwQag=,15855.0
consensus_latency,8MX9Ah0O2fqI901Sq1dFnIcPi6MXX81wpcpX9dZpQkQ=,15855.0
consensus_latency,92eXnO3IZEFK1EoHfgk9AZY16/8r9fxjJ3A5sROCCa8=,15855.0
consensus_latency,/kazlIMKtjMb94wU8pzBK5EYUnVqq6J6uzo3B9EBksU=,15855.0
consensus_latency,AqKU9uEpY4x29WonvVTTz3xzkdy54C/L3EfO42Xmgbc=,15908.0
consensus_latency,DAXHevDKThstZLUO7NLD1F8pljsaq4Mr4kC23KyjXHk=,15908.0
consensus_latency,D0jCxksX7RK4AxQdO7gbi6Z8rw27phL6jrW3UhSGEEI=,15908.0
consensus_latency,EUeeAU2wZGXb4SUan6yp3TRvI4O49U2FY0QhrVAk0Zo=,15908.0
consensus_latency,EahByUFe3Ma2LHnbc3f8GRGgksRwvyAdonMguegeem0=,15908.0
consensus_latency,Goe0WI7TgeUB1naEpi1QwSNTs2AIlR2nGFnIi+orz+g=,15908.0
consensus_latency,IkFxKB86khNoQ2/IDcbLUKk+a/wV6RWaFaZXXgDqHpk=,15908.0
consensus_latency,KPWh2hwn2Jutu4nDU/cgERK07fFyNbQUTm+HCX4toEc=,15908.0
consensus_latency,LPs2ImaFvSOt889++wjAMA0MdOtIL31dkvpaVU8lZuQ=,15908.0
consensus_latency,M+RE6Cy9ndbQA5hSav4x5cYL0y+h8o2lU6n80XdRhps=,15908.0
consensus_latency,Nk7siEhQ1r8AbAXEgPBW5pGrZCYYgRxyAtLFlcg3YbU=,15908.0
consensus_latency,PHkx4Q6sNncXepe0MynGx+0vJ8OQl8Op+Oavk2mEdhU=,15908.0
consensus_latency,TvdK+9hcth6tPcGnDtUBTw3+tqoZNsE0EX7Ljt7NM3c=,15908.0
consensus_latency,cJsY7ImvKphf62glllcVZbUjwST/mtMJWplTu1WYp4U=,15908.0
consensus_latency,cPmZjzVmuzu8ml6544RKsWf2jzm1kUbLBUu9ts99QDY=,15908.0
consensus_latency,hoCwY906YL3M0pCAEpUCB7Sf4prhhf8gd9rqTkND4IQ=,15908.0
consensus_latency,h9SEcs+AGMVD8V3dnpiTmLrYnr+bRVHC0DeThr5hBT0=,15908.0
consensus_latency,lWs1R1dwj6gwBCxV8kzpFzfpM9QnBsPEWdDNWAMnHa0=,15908.0
consensus_latency,lclqTKunFf9tH0FxM0tNiAfbnlXHR1n/Qvvn9awO7cw=,15908.0
consensus_latency,oAp9CwC0IMKMp0TOd1I7only3NuCq7Cirk4+ZyAY4zM=,15908.0
consensus_latency,pdZguihlbS+jFPkJ1Y58wp4c5of/i1GrquHw/oXys18=,15908.0
consensus_latency,p9sxgyzg6T8A0/BFuOzQDBI4HnlBenw/nJqV4m5sON8=,15908.0
consensus_latency,rdkPkt36xrgfgkrmSHrTGkF4igeyxUZnt/16aTb4CDI=,15908.0
consensus_latency,ujC3+o048gqxkK9Ui9StRNIk/MAA8wFXe4Eo9gT2efk=,15908.0
consensus_latency,vcCIV83ZWpaJBlm5uUrA4tidRYXcNVKP3TI7/TMu3OU=,15908.0
consensus_latency,wxzJrNV1hLvzUthnz3jE1BwxC3XAm3wuZeikaDXGKzo=,15908.0
consensus_latency,xljPi1uOyQP+9zDA51miQPulO+QSYjSnQcfFyuIhc3Q=,15908.0
consensus_latency,xrCiTh8YMjlSKRb5tN8vXbsPx64gUwe9dlb1lziQwzA=,15908.0
consensus_latency,x5s19KG9Pwsrp6sfHw5cRPbBGimcDHdkppmCie6R2a4=,15908.0
consensus_latency,0P7NPcCJXJRoscDJEz4wbrODhCVfyFVAhQ7JsRgXMPQ=,15908.0
consensus_latency,1N1+j27kK1M5AZyYIbWSpL/KxHFc+vvCgMnRn1JN4XU=,15908.0
consensus_latency,2qEUfvID8/9XipKh4SwGv+oipcfih+dSa+BTrBlQz0E=,15908.0
consensus_latency,4cPBXMSHOh5DFuKu0Xxz2fvU5py6JZyuQUfR3uq+164=,15908.0
consensus_latency,8x05wXcArl+0Oxhjz8oYqDGM5qCrn5Prn5ky4bEdQYA=,15908.0
consensus_latency,9GnhMJgztThljuctuEAdC9vy/ZKsoaQsIlr/23EsOpc=,15908.0
consensus_latency,9tX+yE7/1nVBp4yKCYsraRLWon21lIYwiqwyzHZ4j00=,15908.0
consensus_latency,CZmEWZs7drmEJMMtjR/07vEKafzVjlbXpVuSC9U2OIA=,15906.0
consensus_latency,DhWg8zcPoDjh0K90RXjX/RECdS5B1L8iw5t0BALU08w=,15906.0
consensus_latency,FkzKFX4ZKFO84kY9itnGNwfjjjaGi6DAaDmempMYnHM=,15906.0
consensus_latency,G5cOa3dHzL/He3JOGN1QgL9tVW6+yXzUWs9OiGTNg0U=,15906.0
consensus_latency,Hs87nUtkHTjCTpQkm+UOMHajuecFJ5ydvP+sPIowkwE=,15906.0
consensus_latency,Iwl2Q/kbWEoKzv833QysfvWoLgXzl5DVR182m2SN2V4=,15906.0
consensus_latency,JGVEbjB2pmgP69hS0XRMZJKVMMlu/UY3qVMglSd8F8M=,15906.0
consensus_latency,JoXvjCFmW6TcLEAxb+d1iZVo2EFaNVgRbwmYwB+HH2E=,15906.0
consensus_latency,MrzDNq4dWscFowpUQebLrvQU3K6nxamOE64ku4NIJNA=,15906.0
consensus_latency,M/hFqFaTlg+wQwB/a/W6hNin/dQIbHyQ6vygWqUKnzI=,15906.0
consensus_latency,N2PYN00kcHoV6zISgDPSBHKalFtalqkKh0MwFVLtDR8=,15906.0
consensus_latency,R1GgwBlRvVO1bY0JlZrBz4P+N7yyb9PjnkyGFmBJjuE=,15906.0
consensus_latency,SVvF7G19XDG0SYbusxy7ghtsBx6fmUMkiMdQzVNBP+E=,15906.0
consensus_latency,TkjYT3XqKodVi+zjT651H6w5LcVGXrZTDK1ErUhI6Go=,15906.0
consensus_latency,VxC8PgoGA8Ch1jySp+JXa1Qx45Y7d9C6mZsmpXaBB7s=,15906.0
consensus_latency,XLCXn+MbewrzmPWaCGPEdZAFdzHX/R/OycYcSqMPwtw=,15906.0
consensus_latency,ZYeMKT3tuZFKHjyuVVvVigWN0+ll9JDLEYOjNNE0Nnw=,15906.0
consensus_latency,akYhzLBRgAKork7gy5uNEmvl/dyTo75N+btYQn5ICis=,15906.0
consensus_latency,bKhY4boVz8pZTXzvv8oyQ0efu5TCfynWrisLvjaJb2s=,15906.0
consensus_latency,ciXm99CLSbFoFCuGsyg7U7Fh7hIqfWXNiwhofsUqTc4=,15906.0
consensus_latency,eQPnxA+txNxsfh40Ei2sVrYKUYQyzfglGrpfORGp+tE=,15906.0
consensus_latency,fcQ+R9Ner0ZHOAh8qioOM5qLvjNZ7ywYrNdBg/nJhGc=,15906.0
consensus_latency,gLYPFiu/aF42IAScRvfdO6ppVQYxSEkqwPt11CvTNLU=,15906.0
consensus_latency,ko0XItQsbOtOsrKC6YKJyPggcOmK2vK/TnSjan6lIfU=,15906.0
consensus_latency,k6+EVKgS+vWn4WiNUgg326j/ROJEaJ7yWiYBwxp7Dd4=,15906.0
consensus_latency,m+4st+YxCNpsTm5DGyXzD4qNPShsy5cHROmJIfGR0IA=,15906.0
consensus_latency,nKhaXQw6NFp2DK01TZqItJw6aj67IbOGpVC4hMt9RHA=,15906.0
consensus_latency,oo4qa7j1QYinY2cO1uAneuY6BVTa7LAPdj45dv1X96Q=,15906.0
consensus_latency,rKei9hhdWcYG1+PSs6F6VSII1x+mwAFdRvZthvVwPSk=,15906.0
consensus_latency,rRYNj44on53q4M0QX3CofGQFfhWb09GHGAaESt0L+0M=,15906.0
consensus_latency,seKWHUQjZV9qn3Be4XgxSwABfwhw6FsODKNIoyZpZ5A=,15906.0
consensus_latency,srwwXz9W12N2D0HB09BaLMrjSYrWANPw/ttuwvAD4og=,15906.0
consensus_latency,tV3mTZvoSsElR+KJTv5XLTWxrNn4XbIbZBefZ6aTaYU=,15906.0
consensus_latency,wRWy0Ofqzf3ArfZTZcn0/YLozPTeeJ/6HZveCzvif3k=,15906.0
consensus_latency,wXDFGvBACdT4fXOQJuD8gcSQJFCfg8W4QmAWpkjhsqc=,15906.0
consensus_latency,w+gbBVKc8ldv1zRnmzbKZM514VyAqdBqVGagkaRk3vk=,15906.0
consensus_latency,xKlB4Laz/sC76LtvzV+6DJFZNQ0TdcWPcmBLgsSx5sM=,15906.0
consensus_latency,1HZVcTp7MnmM4pAFylvYzTD01I0HoWYLCQitKrxLYdE=,15906.0
consensus_latency,23Vw5I5yeNa4qPc/YV2k6YyRsgan4rCRdkYmEocwJXo=,15906.0
consensus_latency,7yo00mrBJ1rW5rcNywHbBX5LWSMBKJhesrvh3+PkziI=,15906.0
consensus_latency,8Yn9iOV+M/w9npXu29UeRgdgsrXtuDzxS+s02UjXgfc=,15906.0
consensus_latency,8r/li4NLzykOKYm0Dog7rTm+Nci7IkAPuZOZaH2Ezxw=,15906.0
consensus_latency,82MaVcaEhQLEkVruoOFKfvP/nRzghhz4er9mylDlmKA=,15906.0
consensus_latency,FIfTOOmMtzdLVw/0kFtwtnwxCZcqpJkaCoxoMMHu9nc=,7702.0
consensus_latency,S0yPxH1RO2lbwPG15qeTuNWKgNbotK2z3xq9mKRTglg=,7702.0
consensus_latency,2W6e1m5CxHR4khKj0QEvRUdCvD3DkvZ3EWsjILSRML4=,7702.0
consensus_latency,5nczz8mFM2pSICoeXO5sVlNcAswOjeNRxQ/F+fhQjuA=,7702.0
consensus_latency,/CBk03MDkxei1Vtzg9bHFi8sotGsGEXvjQtYqoXxyGk=,7702.0
consensus_latency,/eU8wJZorAaB901jmmQK7lqh0U2DUNlKwoYRWaPIR7g=,7702.0
consensus_latency,QjVvef38kVC/HVd8P+rDpTlBUMBC7Dd4aK3E5KbIkZg=,7996.0
consensus_latency,aAnCICJ8Qe15SVUdko0Cjebi8mzAUQ3POKppFhUzTs8=,7996.0
consensus_latency,e9i87dWcFAs83Sd0ZW7dqNo0T2LYsz7uYOBTVRJAv28=,7996.0
consensus_latency,kVcsQiZIHtzKKPeivkKWW5dlSqgdtQnOgRPO+5ZBhi0=,7996.0
consensus_latency,lAh9njXXVorQpQIPwwCgCiVRV2EUgnQzhhBdibFR+to=,7996.0
consensus_latency,2/kAaRkZxyBgy0s+QmLyaSEFle8XjQKVhQqnnvVvklQ=,7996.0
consensus_latency,Gq8ESpykJErjoiEmJ0A2pzpgEVBOdzslxy9hN43s5rQ=,7995.0
consensus_latency,HWyewluily/UC5hcsm3K24cNe0KooOx7Ily2qroap9c=,7995.0
consensus_latency,JdjLmASyhs+/WiY6ovxtSB4TVe5xwaVNHTwV1AMexEI=,7995.0
consensus_latency,MYsOFX0qonIIyN0e/cEMrbELWbcv0WKbO7K2eUfbGQ0=,7995.0
consensus_latency,SB1Q//LCe2o24PoI479zjs581Nt1ASK0aWTTCXz00Pk=,7995.0
consensus_latency,dM0SdkOjbK6VPfCGpaNX7sAV3+WkUdkJmILnGs4BZhI=,7995.0
consensus_latency,eIEfaovFX/1fIww2YefQekBhwX7+6U4ueWn6KoTo0ww=,7995.0
consensus_latency,iV6m1KT0nySZsOtKSMGK3GkGKGtVQVtrDgpyxcuuxbM=,7995.0
consensus_latency,k0uYjeF6BApLVzVdcBDGrlbc5nyQppTGZzZs05ZVY/k=,7996.0
consensus_latency,r8fHiA0Sn7nP0vdJmbzU1B8JJVT/NOVkBoEs9r67wAE=,7996.0
consensus_latency,0xCo0YiHAB6ZO45j9Vs3WXzdxGjyw8AtpU48lXD8ldE=,7996.0
consensus_latency,2Os8lZPKAfsFANZPPgk8ad0JWs85rVtSDHH7IWmtIVE=,7996.0
consensus_latency,7Z1Isos//Aa0DtgCCR7BLU7FUXiMyw1KuFWQAfK4/Go=,7996.0
consensus_latency,EvyPLNcbBnfeQl41WtPz/a0t1hUOyyFrgIJRZSmwbKk=,7996.0
consensus_latency,GlP+aEYL6I+kPHuKf4TqQeYpfRbQ4Qvb/hXL/4w/zwk=,7996.0
consensus_latency,M5Ke0Xxdo1c4S9Y2Czed17uuL7OsaVPPHA6ngK7nd4o=,7996.0
consensus_latency,N2FVGOyY+f27/h9fPHyKYUL9rQVogRO1Sg4x5bwCOsQ=,7996.0
consensus_latency,YOtph4I2t2baLRs4byp5jx59D1djXVip9QFTcWpBrww=,7996.0
consensus_latency,jTmJaxHE9wmApHvy6LENHEamXuukPtri+ST8uYQYLFw=,7996.0
consensus_latency,kH7oCdCJoPpvtog7cUueIQ8i6krZi/fLBv2k8yrxpF8=,7996.0
consensus_latency,sSjb3SP9g1QFYIG0dvBNSGs6rBNFxI7kKTzH5jPNBhU=,7996.0
consensus_latency,8q8oAYVv77FgIT7a013rcuwuoEAUmDZ7KOnyn0Ny/bs=,7996.0
consensus_latency,+NEs/oKh7303supTxd6mckdnIjQbleVCOA0SJ7t4r2s=,7996.0
consensus_latency,/JkTJbaTeD+Vwlte0vS6LY1DpLcTZJDN3vexh+x6m6o=,7996.0
consensus_latency,BIaOIdxtzgieAHVwJTIQezcMwtLqIOtraPcg1V2RuWI=,8048.0
consensus_latency,CQQj6v4mvS9PSDyIBCf3EE5b7IaNXdmxJzSGpsrqvao=,8048.0
consensus_latency,C2Pv8zR9E7UWbXlVDOmpK6Hk9fEm++3GJnnzMeFhh0E=,8048.0
consensus_latency,QDwk5zz4gEFDqpy8eXZ7W9qWwtU0L0rbpcJisK1BGjU=,8048.0
consensus_latency,ROC8cv3FNxpBuBXtfEnYnnRVuFfQ5e9w93V+hOKqJTs=,8048.0
consensus_latency,YaYI0jv/sV4lgAU5Yifk6Bs2OMlHsXEqmnm4L9VH65Q=,8048.0
consensus_latency,Zj0LLUE0fIVWF3L1uwdsrr2c1qx6zS5JKs2vDGUIxJc=,8048.0
consensus_latency,eQFyKQhslXgiZC1PwP0VkULS8a0cJcrOVZ1twnGKiCM=,8048.0
consensus_latency,kZ6YeNathft4o6o8F6ljZcc0CNt8k4beJDvSdLCwwYI=,8048.0
consensus_latency,kdifpZss9C60BwArXkbNLm6bx02SsD/7U4lPR3PFauk=,8047.0
consensus_latency,l7KPTGzM82sHMPZrwGCrFmpRpuPwZRqXNg+99ziefPE=,8047.0
consensus_latency,vsUfMhxFIA5dP9ePsRc7NxhionK2QkuHbC9Hoqste80=,8047.0
consensus_latency,7cSt1Q8wqq+8BbO5D+3r3uSweYF6OcTzQ/N+b6vSCEo=,8047.0
consensus_latency,C7J9RP1cATNieKXe084Zu4Z/3ueFs0TtC+sVQ+EdClc=,7995.0
consensus_latency,DLLERdFrLxwqwgcbn8tNxNpkemHes7T/wedp0Jmi8I4=,7995.0
consensus_latency,KgzfwT801BudAtdLlflg8NWvWWgeEeFNKrZ6+SwjESE=,7995.0
consensus_latency,UWOqYK8V9aT6O20qLB8dsbPMljbVM6zem4LmApBUZvA=,7995.0
consensus_latency,aq70DyFDDekTu8FXx1g2iuKTN3ScZYZPlhlTT3/JaDM=,7995.0
consensus_latency,bBrnxKO3ecA9sdnIa8IpxU9TAuuHxeapr2PKX1kIZmo=,7995.0
consensus_latency,dJVKOUTMryfW8ROYmMBejUOKNb7UGzYi28c/d2DUKhg=,7995.0
consensus_latency,dOTGPNndoYKYukk4hYrR4E0WDbRrKwAgN0o9nfduQTU=,7995.0
consensus_latency,eZwSLWI7mA1XfF2euc698W6yckDhRMrEzMlOwS1vPVE=,7995.0
consensus_latency,f7CW71WQJe1hCMmZW+DTdQmZ10dxwIpcVkZUTVe5f8U=,7995.0
consensus_latency,pYqpaHJQbm9lV2kxmg4U5YK6y29zg5NCvqrnUfs9COA=,7995.0
consensus_latency,qOuZlOLR9jgGvMugk+ncfjaDv/eBDQOECecq3aszZd0=,7995.0
consensus_latency,rPVzAzwlQau3IdKdFVMyqSxnbGppKuAdrMzvxYwW8iA=,7995.0
consensus_latency,tztv3+2E3RsaAaE2z0BVl7cUYPlmvcCChkZkOvKDDO4=,7995.0
consensus_latency,vQ2jvBObGenQcLLlLu9xXmQzT4x9lc8+hDjkWWpOZ8Q=,7995.0
consensus_latency,4mqoGqI1Ott3+L4BWSxZJb8frh95JftILpzUa93xp2E=,7995.0
consensus_latency,5ytKHGq2QGpQvFxrmsOUrD0XwFjLkoXFdC74nkC80y0=,7995.0
consensus_latency,8wMiLr0rMfhOhixziCpA+4rngLrdMOh9qzjeeaFiolo=,7995.0
consensus_latency,JBKwYMeUiJ7Hsntzy6lZA+/7spwxzyyTOG9T/uHzSLw=,7997.0
consensus_latency,TO+6c89IYTKuVEKwUFDXbYw1VUTRjkSt0EQ4fjkg6cg=,7997.0
consensus_latency,ZQ7ETxIeyik/A5yx3XYmrzEKzV0bv/o6RcDp7BrTbyg=,7997.0
consensus_latency,3PtrtJzhjmK+So+0SdNCxRFwWyFswQsQi1/8gCJIiA8=,7997.0
consensus_latency,/vvS/Xe7F0NONXPL/k/MWJoAw6FG2IOjDrdxqVisyLs=,7997.0
end_to_end_latency,0,1770.0
end_to_end_latency,4,1810.0
end_to_end_latency,5,1759.0
end_to_end_latency,6,1710.0
end_to_end_latency,7,1660.0
end_to_end_latency,8,1611.0
end_to_end_latency,9,1561.0
end_to_end_latency,10,1511.0
end_to_end_latency,11,1461.0
end_to_end_latency,12,1411.0
end_to_end_latency,13,1361.0
end_to_end_latency,14,1311.0
end_to_end_latency,15,1261.0
end_to_end_latency,16,1210.0
end_to_end_latency,17,1161.0
end_to_end_latency,18,1111.0
end_to_end_latency,19,1061.0
end_to_end_latency,20,1011.0
end_to_end_latency,21,960.0
end_to_end_latency,22,910.0
end_to_end_latency,23,861.0
end_to_end_latency,27,1366.0
end_to_end_latency,28,1316.0
end_to_end_latency,29,1266.0
end_to_end_latency,30,1216.0
end_to_end_latency,31,1166.0
end_to_end_latency,32,1116.0
end_to_end_latency,33,1066.0
end_to_end_latency,39,1281.0
end_to_end_latency,40,1232.0
end_to_end_latency,41,1181.0
end_to_end_latency,42,1132.0
end_to_end_latency,43,1604.0
end_to_end_latency,49,1305.0
end_to_end_latency,50,1255.0
end_to_end_latency,51,1205.0
end_to_end_latency,52,1155.0
end_to_end_latency,53,1105.0
end_to_end_latency,54,1623.0
end_to_end_latency,55,1573.0
end_to_end_latency,59,1373.0
end_to_end_latency,60,1323.0
end_to_end_latency,61,1273.0
end_to_end_latency,62,1223.0
end_to_end_latency,63,1173.0
end_to_end_latency,64,1124.0
end_to_end_latency,65,1074.0
end_to_end_latency,68,1301.0
end_to_end_latency,69,1251.0
end_to_end_latency,70,1201.0
end_to_end_latency,71,1150.0
end_to_end_latency,72,1101.0
end_to_end_latency,73,1051.0
end_to_end_latency,74,1001.0
end_to_end_latency,75,951.0
end_to_end_latency,76,900.0
end_to_end_latency,80,1223.0
end_to_end_latency,81,1173.0
end_to_end_latency,90,1747.0
end_to_end_latency,91,1696.0
end_to_end_latency,92,1647.0
end_to_end_latency,93,1596.0
end_to_end_latency,94,1547.0
end_to_end_latency,95,2165.0
end_to_end_latency,96,2115.0
end_to_end_latency,97,2064.0
end_to_end_latency,98,2015.0
end_to_end_latency,99,1965.0
end_to_end_latency,100,1914.0
end_to_end_latency,101,1864.0
end_to_end_latency,102,1814.0
end_to_end_latency,103,1765.0
end_to_end_latency,104,1714.0
end_to_end_latency,105,1665.0
end_to_end_latency,106,1614.0
end_to_end_latency,107,1564.0
end_to_end_latency,108,1514.0
end_to_end_latency,109,1466.0
end_to_end_latency,110,1415.0
end_to_end_latency,111,1710.0
end_to_end_latency,112,1660.0
end_to_end_latency,113,1610.0
end_to_end_latency,114,1559.0
end_to_end_latency,115,1509.0
end_to_end_latency,116,1460.0
end_to_end_latency,117,1409.0
end_to_end_latency,118,1360.0
end_to_end_latency,119,1309.0
end_to_end_latency,120,1259.0
end_to_end_latency,121,1210.0
end_to_end_latency,122,1160.0
end_to_end_latency,123,1109.0
end_to_end_latency,126,2932.0
end_to_end_latency,127,2882.0
end_to_end_latency,128,2832.0
end_to_end_latency,129,2782.0
end_to_end_latency,130,2731.0
end_to_end_latency,131,2682.0
end_to_end_latency,132,2631.0
end_to_end_latency,133,2582.0
end_to_end_latency,134,2531.0
end_to_end_latency,135,2482.0
end_to_end_latency,136,2431.0
end_to_end_latency,142,2133.0
end_to_end_latency,143,2082.0
end_to_end_latency,144,2032.0
end_to_end_latency,145,1982.0
end_to_end_latency,146,1932.0
end_to_end_latency,147,1882.0
end_to_end_latency,148,1832.0
end_to_end_latency,149,1783.0
end_to_end_latency,150,1733.0
end_to_end_latency,151,1682.0
end_to_end_latency,152,1633.0
end_to_end_latency,153,1583.0
end_to_end_latency,155,2261.0
end_to_end_latency,156,2212.0
end_to_end_latency,157,2162.0
end_to_end_latency,158,2112.0
end_to_end_latency,159,2061.0
end_to_end_latency,160,2011.0
end_to_end_latency,161,1962.0
end_to_end_latency,162,1912.0
end_to_end_latency,163,1862.0
end_to_end_latency,164,1812.0
end_to_end_latency,165,1761.0
end_to_end_latency,166,1711.0
end_to_end_latency,167,1662.0
end_to_end_latency,168,1612.0
end_to_end_latency,169,1561.0
end_to_end_latency,170,1512.0
end_to_end_latency,171,1461.0
end_to_end_latency,172,1412.0
end_to_end_latency,176,2267.0
end_to_end_latency,177,2217.0
end_to_end_latency,178,2167.0
end_to_end_latency,179,2116.0
end_to_end_latency,180,2067.0
end_to_end_latency,181,2017.0
end_to_end_latency,182,1966.0
end_to_end_latency,183,1916.0
end_to_end_latency,184,1867.0
end_to_end_latency,185,1815.0
end_to_end_latency,186,1767.0
end_to_end_latency,187,1716.0
end_to_end_latency,188,1667.0
end_to_end_latency,189,1616.0
end_to_end_latency,190,1567.0
end_to_end_latency,191,2710.0
end_to_end_latency,192,2660.0
end_to_end_latency,193,2610.0
end_to_end_latency,194,2559.0
end_to_end_latency,195,2509.0
end_to_end_latency,196,2460.0
end_to_end_latency,197,2409.0
end_to_end_latency,198,2359.0
end_to_end_latency,199,2310.0
end_to_end_latency,200,2259.0
end_to_end_latency,201,2209.0
end_to_end_latency,202,2159.0
end_to_end_latency,203,2109.0
end_to_end_latency,204,2060.0
end_to_end_latency,205,2010.0
end_to_end_latency,206,1959.0
end_to_end_latency,217,1789.0
end_to_end_latency,218,1739.0
end_to_end_latency,242,5633.0
end_to_end_latency,243,5582.0
end_to_end_latency,244,5533.0
end_to_end_latency,245,5482.0
end_to_end_latency,246,5433.0
end_to_end_latency,247,5383.0
end_to_end_latency,248,5333.0
end_to_end_latency,249,5282.0
end_to_end_latency,250,5233.0
end_to_end_latency,251,5182.0
end_to_end_latency,252,5132.0
end_to_end_latency,253,5082.0
end_to_end_latency,254,5032.0
end_to_end_latency,255,4982.0
end_to_end_latency,256,4933.0
end_to_end_latency,257,4882.0
end_to_end_latency,258,4834.0
end_to_end_latency,288,6154.0
end_to_end_latency,289,6104.0
end_to_end_latency,290,6054.0
end_to_end_latency,291,6005.0
end_to_end_latency,292,5954.0
end_to_end_latency,293,5904.0
end_to_end_latency,294,5854.0
end_to_end_latency,295,5805.0
end_to_end_latency,296,5755.0
end_to_end_latency,297,5705.0
end_to_end_latency,298,5655.0
end_to_end_latency,299,5604.0
end_to_end_latency,300,5555.0
end_to_end_latency,301,5505.0
end_to_end_latency,302,5455.0
end_to_end_latency,303,5404.0
end_to_end_latency,304,5355.0
end_to_end_latency,305,5304.0
end_to_end_latency,306,5254.0
end_to_end_latency,307,5205.0
end_to_end_latency,308,5154.0
end_to_end_latency,309,5104.0
end_to_end_latency,310,5054.0
end_to_end_latency,311,5004.0
end_to_end_latency,312,4954.0
end_to_end_latency,344,9758.0
end_to_end_latency,345,9708.0
end_to_end_latency,346,9657.0
end_to_end_latency,347,9608.0
end_to_end_latency,348,9557.0
end_to_end_latency,349,9507.0
end_to_end_latency,350,9457.0
end_to_end_latency,351,9407.0
end_to_end_latency,352,9357.0
end_to_end_latency,353,9307.0
end_to_end_latency,354,9257.0
end_to_end_latency,355,9207.0
end_to_end_latency,356,9156.0
end_to_end_latency,357,9107.0
end_to_end_latency,358,9056.0
end_to_end_latency,359,9007.0
end_to_end_latency,360,8957.0
end_to_end_latency,361,8906.0
end_to_end_latency,362,8857.0
end_to_end_latency,363,8808.0
end_to_end_latency,364,8757.0
end_to_end_latency,365,8708.0
end_to_end_latency,366,8658.0
end_to_end_latency,367,8608.0
end_to_end_latency,368,8557.0
end_to_end_latency,369,8507.0
end_to_end_latency,370,8457.0
end_to_end_latency,371,8407.0
end_to_end_latency,372,8358.0
end_to_end_latency,373,8308.0
end_to_end_latency,374,8257.0
end_to_end_latency,375,8207.0
end_to_end_latency,376,8157.0
end_to_end_latency,377,8108.0
end_to_end_latency,378,8057.0
end_to_end_latency,379,8008.0
end_to_end_latency,380,7957.0
end_to_end_latency,381,7908.0
end_to_end_latency,382,7857.0
end_to_end_latency,383,7808.0
end_to_end_latency,384,7757.0
end_to_end_latency,385,7707.0
end_to_end_latency,386,7658.0
end_to_end_latency,387,7608.0
end_to_end_latency,388,7557.0
end_to_end_latency,389,7507.0
end_to_end_latency,390,7457.0
end_to_end_latency,391,7408.0
end_to_end_latency,392,7357.0
end_to_end_latency,393,7307.0
end_to_end_latency,394,7257.0
end_to_end_latency,395,7207.0
end_to_end_latency,396,7158.0
end_to_end_latency,397,7107.0
end_to_end_latency,398,7058.0
end_to_end_latency,399,7007.0
end_to_end_latency,432,9496.0
end_to_end_latency,433,9446.0
end_to_end_latency,434,9396.0
end_to_end_latency,435,9347.0
end_to_end_latency,436,9296.0
end_to_end_latency,437,9247.0
end_to_end_latency,438,9196.0
end_to_end_latency,439,9147.0
end_to_end_latency,440,9096.0
end_to_end_latency,441,9046.0
end_to_end_latency,442,8996.0
end_to_end_latency,443,8946.0
end_to_end_latency,444,8896.0
end_to_end_latency,445,8846.0
end_to_end_latency,446,8797.0
end_to_end_latency,447,8746.0
end_to_end_latency,448,8697.0
end_to_end_latency,449,8646.0
end_to_end_latency,450,8596.0
end_to_end_latency,451,8547.0
end_to_end_latency,452,8496.0
end_to_end_latency,453,8446.0
end_to_end_latency,454,8396.0
end_to_end_latency,455,8347.0
end_to_end_latency,456,8297.0
end_to_end_latency,457,8249.0
end_to_end_latency,458,8198.0
end_to_end_latency,459,8148.0
end_to_end_latency,460,8099.0
end_to_end_latency,461,8048.0
end_to_end_latency,462,7999.0
end_to_end_latency,463,7948.0
end_to_end_latency,464,7897.0
end_to_end_latency,465,7847.0
end_to_end_latency,466,7797.0
end_to_end_latency,467,7748.0
end_to_end_latency,468,7696.0
end_to_end_latency,469,7647.0
end_to_end_latency,470,7598.0
end_to_end_latency,471,7547.0
end_to_end_latency,472,7498.0
end_to_end_latency,473,7447.0
end_to_end_latency,474,7398.0
end_to_end_latency,475,7347.0
end_to_end_latency,476,7298.0
end_to_end_latency,477,7248.0
end_to_end_latency,478,7198.0
end_to_end_latency,479,7149.0
end_to_end_latency,480,7098.0
end_to_end_latency,481,7046.0
end_to_end_latency,482,6997.0
end_to_end_latency,483,6947.0
end_to_end_latency,484,6896.0
end_to_end_latency,485,6847.0
end_to_end_latency,486,6797.0
end_to_end_latency,487,6746.0
end_to_end_latency,488,6696.0
end_to_end_latency,489,6647.0
end_to_end_latency,490,6597.0
end_to_end_latency,491,6548.0
end_to_end_latency,492,6498.0
end_to_end_latency,493,6448.0
end_to_end_latency,494,6398.0
end_to_end_latency,495,6347.0
end_to_end_latency,496,6298.0
end_to_end_latency,497,6246.0
end_to_end_latency,498,6198.0
end_to_end_latency,499,6148.0
end_to_end_latency,500,6096.0
end_to_end_latency,501,6047.0
end_to_end_latency,502,5997.0
end_to_end_latency,503,5947.0
end_to_end_latency,504,5898.0
end_to_end_latency,505,5847.0
end_to_end_latency,506,5798.0
end_to_end_latency,507,5749.0
end_to_end_latency,508,5698.0
end_to_end_latency,509,5649.0
end_to_end_latency,510,5598.0
end_to_end_latency,511,5549.0
end_to_end_latency,512,5498.0
end_to_end_latency,622,46416.0
end_to_end_latency,623,46366.0
end_to_end_latency,624,46316.0
end_to_end_latency,625,46265.0
end_to_end_latency,626,46216.0
end_to_end_latency,627,46166.0
end_to_end_latency,628,46117.0
end_to_end_latency,629,46066.0
end_to_end_latency,630,46015.0
end_to_end_latency,631,45966.0
end_to_end_latency,632,45916.0
end_to_end_latency,633,45866.0
end_to_end_latency,634,45817.0
end_to_end_latency,635,45766.0
end_to_end_latency,636,45716.0
end_to_end_latency,637,45666.0
end_to_end_latency,638,45616.0
end_to_end_latency,639,45566.0
end_to_end_latency,640,45516.0
end_to_end_latency,641,45464.0
end_to_end_latency,642,45413.0
end_to_end_latency,643,45365.0
end_to_end_latency,644,45315.0
end_to_end_latency,645,45265.0
end_to_end_latency,646,45216.0
end_to_end_latency,647,45166.0
end_to_end_latency,648,45116.0
end_to_end_latency,649,45065.0
end_to_end_latency,650,45016.0
end_to_end_latency,651,44966.0
end_to_end_latency,652,44915.0
end_to_end_latency,653,44866.0
end_to_end_latency,654,44813.0
end_to_end_latency,655,44765.0
end_to_end_latency,656,44714.0
end_to_end_latency,657,44665.0
end_to_end_latency,658,44614.0
end_to_end_latency,659,44565.0
end_to_end_latency,660,44515.0
end_to_end_latency,661,44466.0
end_to_end_latency,662,44415.0
end_to_end_latency,663,44365.0
end_to_end_latency,664,44316.0
end_to_end_latency,665,44266.0
end_to_end_latency,666,44215.0
end_to_end_latency,667,44165.0
end_to_end_latency,668,44116.0
end_to_end_latency,669,44066.0
end_to_end_latency,670,44016.0
end_to_end_latency,671,43966.0
end_to_end_latency,672,43915.0
end_to_end_latency,673,43865.0
end_to_end_latency,674,43816.0
end_to_end_latency,675,43766.0
end_to_end_latency,676,43716.0
end_to_end_latency,677,43665.0
end_to_end_latency,678,43615.0
end_to_end_latency,679,43566.0
end_to_end_latency,680,43516.0
end_to_end_latency,681,43466.0
end_to_end_latency,682,43416.0
end_to_end_latency,683,43365.0
end_to_end_latency,684,43315.0
end_to_end_latency,685,43267.0
end_to_end_latency,686,43215.0
end_to_end_latency,687,43166.0
end_to_end_latency,688,43116.0
end_to_end_latency,689,43066.0
end_to_end_latency,690,43016.0
end_to_end_latency,691,42967.0
end_to_end_latency,692,42916.0
end_to_end_latency,693,42866.0
end_to_end_latency,694,42816.0
end_to_end_latency,695,42766.0
end_to_end_latency,696,42716.0
end_to_end_latency,697,42666.0
end_to_end_latency,698,42616.0
end_to_end_latency,699,42566.0
end_to_end_latency,700,42516.0
end_to_end_latency,701,42466.0
end_to_end_latency,702,42416.0
end_to_end_latency,703,42365.0
end_to_end_latency,704,42316.0
end_to_end_latency,705,42266.0
end_to_end_latency,706,42216.0
end_to_end_latency,707,42165.0
end_to_end_latency,708,42115.0
end_to_end_latency,709,42065.0
end_to_end_latency,710,42016.0
end_to_end_latency,711,41966.0
end_to_end_latency,712,41916.0
end_to_end_latency,713,41865.0
end_to_end_latency,714,41815.0
end_to_end_latency,715,41765.0
end_to_end_latency,716,41716.0
end_to_end_latency,717,41666.0
end_to_end_latency,718,41616.0
end_to_end_latency,719,41566.0
end_to_end_latency,720,41516.0
end_to_end_latency,721,41466.0
end_to_end_latency,722,41417.0
end_to_end_latency,723,41366.0
end_to_end_latency,724,41315.0
end_to_end_latency,725,41265.0
end_to_end_latency,726,41215.0
end_to_end_latency,727,41166.0
end_to_end_latency,728,41116.0
end_to_end_latency,729,41066.0
end_to_end_latency,730,41021.0
end_to_end_latency,731,40971.0
end_to_end_latency,732,40920.0
end_to_end_latency,733,40871.0
end_to_end_latency,734,40819.0
end_to_end_latency,735,40769.0
end_to_end_latency,736,40719.0
end_to_end_latency,737,40669.0
end_to_end_latency,738,40619.0
end_to_end_latency,739,40570.0
end_to_end_latency,740,40519.0
end_to_end_latency,741,40470.0
end_to_end_latency,742,40420.0
end_to_end_latency,743,40370.0
end_to_end_latency,744,40320.0
end_to_end_latency,745,40271.0
end_to_end_latency,746,40221.0
end_to_end_latency,747,40170.0
end_to_end_latency,748,40120.0
end_to_end_latency,749,40070.0
end_to_end_latency,750,40021.0
end_to_end_latency,751,39971.0
end_to_end_latency,752,39920.0
end_to_end_latency,753,39870.0
end_to_end_latency,754,39820.0
end_to_end_latency,755,39771.0
end_to_end_latency,756,39721.0
end_to_end_latency,757,39671.0
end_to_end_latency,758,39621.0
end_to_end_latency,759,39571.0
end_to_end_latency,760,39520.0
end_to_end_latency,761,39470.0
end_to_end_latency,762,39420.0
end_to_end_latency,763,39370.0
end_to_end_latency,764,39320.0
end_to_end_latency,765,39271.0
end_to_end_latency,766,39221.0
end_to_end_latency,767,39171.0
end_to_end_latency,768,39121.0
end_to_end_latency,769,39070.0
end_to_end_latency,770,39019.0
end_to_end_latency,771,38970.0
end_to_end_latency,772,38921.0
end_to_end_latency,773,38871.0
end_to_end_latency,774,38821.0
end_to_end_latency,775,38769.0
end_to_end_latency,776,38719.0
end_to_end_latency,777,38670.0
end_to_end_latency,778,38621.0
end_to_end_latency,779,38571.0
end_to_end_latency,780,38520.0
end_to_end_latency,781,38470.0
end_to_end_latency,782,38420.0
end_to_end_latency,783,38371.0
end_to_end_latency,784,38321.0
end_to_end_latency,785,38271.0
end_to_end_latency,786,38221.0
end_to_end_latency,787,38170.0
end_to_end_latency,788,38121.0
end_to_end_latency,789,38071.0
end_to_end_latency,790,38021.0
end_to_end_latency,791,37971.0
end_to_end_latency,792,37921.0
end_to_end_latency,793,37871.0
end_to_end_latency,794,37820.0
end_to_end_latency,795,37771.0
end_to_end_latency,796,37721.0
end_to_end_latency,797,37671.0
end_to_end_latency,798,37621.0
end_to_end_latency,799,37571.0
end_to_end_latency,800,37521.0
end_to_end_latency,801,37469.0
end_to_end_latency,802,37419.0
end_to_end_latency,803,37369.0
end_to_end_latency,804,37319.0
end_to_end_latency,805,37269.0
end_to_end_latency,806,37220.0
end_to_end_latency,807,37171.0
end_to_end_latency,808,37121.0
end_to_end_latency,809,37070.0
end_to_end_latency,810,37021.0
end_to_end_latency,811,36970.0
end_to_end_latency,812,36921.0
end_to_end_latency,813,36871.0
end_to_end_latency,814,36821.0
end_to_end_latency,815,36770.0
end_to_end_latency,816,36720.0
end_to_end_latency,817,36671.0
end_to_end_latency,818,36621.0
end_to_end_latency,819,36571.0
end_to_end_latency,820,36521.0
end_to_end_latency,821,36471.0
end_to_end_latency,822,36421.0
end_to_end_latency,823,36371.0
end_to_end_latency,824,36321.0
end_to_end_latency,825,36271.0
end_to_end_latency,826,36221.0
end_to_end_latency,827,36170.0
end_to_end_latency,828,36120.0
end_to_end_latency,829,36070.0
end_to_end_latency,830,36021.0
end_to_end_latency,831,35971.0
end_to_end_latency,832,35920.0
end_to_end_latency,833,35871.0
end_to_end_latency,834,35821.0
end_to_end_latency,835,35771.0
end_to_end_latency,836,35721.0
end_to_end_latency,837,35671.0
end_to_end_latency,838,35621.0
end_to_end_latency,839,35571.0
end_to_end_latency,840,35520.0
end_to_end_latency,841,35470.0
end_to_end_latency,842,35420.0
end_to_end_latency,968,29123.0
end_to_end_latency,969,29073.0
end_to_end_latency,970,29023.0
end_to_end_latency,971,28973.0
end_to_end_latency,972,28923.0
end_to_end_latency,973,28873.0
end_to_end_latency,974,28822.0
end_to_end_latency,975,28773.0
end_to_end_latency,976,28723.0
end_to_end_latency,977,28674.0
end_to_end_latency,978,28625.0
end_to_end_latency,979,28575.0
end_to_end_latency,980,28525.0
end_to_end_latency,981,28475.0
end_to_end_latency,982,28424.0
end_to_end_latency,983,28375.0
end_to_end_latency,984,28325.0
end_to_end_latency,985,28275.0
end_to_end_latency,986,28225.0
end_to_end_latency,987,28175.0
end_to_end_latency,988,28125.0
end_to_end_latency,989,28075.0
end_to_end_latency,990,28025.0
end_to_end_latency,991,27975.0
end_to_end_latency,992,27924.0
end_to_end_latency,993,27875.0
end_to_end_latency,994,27825.0
end_to_end_latency,995,27775.0
end_to_end_latency,996,27725.0
end_to_end_latency,997,27675.0
end_to_end_latency,998,27625.0
end_to_end_latency,999,27575.0
end_to_end_latency,1000,27524.0
end_to_end_latency,1001,27475.0
end_to_end_latency,1002,27425.0
end_to_end_latency,1003,27375.0
end_to_end_latency,1004,27324.0
end_to_end_latency,1005,27274.0
end_to_end_latency,1006,27225.0
end_to_end_latency,1007,27175.0
end_to_end_latency,1008,27125.0
end_to_end_latency,1009,27075.0
end_to_end_latency,1010,27025.0
end_to_end_latency,1011,26975.0
end_to_end_latency,1012,26924.0
end_to_end_latency,1013,26875.0
end_to_end_latency,1014,26824.0
end_to_end_latency,1015,26775.0
end_to_end_latency,1016,26725.0
end_to_end_latency,1017,26675.0
end_to_end_latency,1018,26625.0
end_to_end_latency,1019,26575.0
end_to_end_latency,1020,26524.0
end_to_end_latency,1021,26475.0
end_to_end_latency,1022,26424.0
end_to_end_latency,1023,26375.0
end_to_end_latency,1024,26324.0
end_to_end_latency,1025,26274.0
end_to_end_latency,1026,26225.0
end_to_end_latency,1027,26174.0
end_to_end_latency,1028,26125.0
end_to_end_latency,1029,26074.0
end_to_end_latency,1030,26025.0
end_to_end_latency,1031,25974.0
end_to_end_latency,1032,25924.0
end_to_end_latency,1033,25875.0
end_to_end_latency,1034,25825.0
end_to_end_latency,1035,25775.0
end_to_end_latency,1174,19173.0
end_to_end_latency,1175,19123.0
end_to_end_latency,1176,19073.0
end_to_end_latency,1177,19023.0
end_to_end_latency,1178,18973.0
end_to_end_latency,1179,18922.0
end_to_end_latency,1180,18873.0
end_to_end_latency,1181,18823.0
end_to_end_latency,1182,18773.0
end_to_end_latency,1183,18724.0
end_to_end_latency,1184,18674.0
end_to_end_latency,1185,18624.0
end_to_end_latency,0,1754.0
end_to_end_latency,3,1845.0
end_to_end_latency,4,1795.0
end_to_end_latency,5,1745.0
end_to_end_latency,6,1695.0
end_to_end_latency,7,1645.0
end_to_end_latency,8,1595.0
end_to_end_latency,9,1546.0
end_to_end_latency,10,1495.0
end_to_end_latency,11,1445.0
end_to_end_latency,12,1395.0
end_to_end_latency,13,1345.0
end_to_end_latency,14,1296.0
end_to_end_latency,15,1245.0
end_to_end_latency,16,1196.0
end_to_end_latency,17,1145.0
end_to_end_latency,18,1095.0
end_to_end_latency,19,1045.0
end_to_end_latency,20,995.0
end_to_end_latency,21,945.0
end_to_end_latency,22,896.0
end_to_end_latency,23,845.0
end_to_end_latency,27,1349.0
end_to_end_latency,28,1299.0
end_to_end_latency,29,1249.0
end_to_end_latency,30,1200.0
end_to_end_latency,31,1150.0
end_to_end_latency,32,1100.0
end_to_end_latency,33,1050.0
end_to_end_latency,38,800.0
end_to_end_latency,39,750.0
end_to_end_latency,40,1216.0
end_to_end_latency,41,1166.0
end_to_end_latency,47,1389.0
end_to_end_latency,48,1339.0
end_to_end_latency,49,1289.0
end_to_end_latency,50,1239.0
end_to_end_latency,51,1189.0
end_to_end_latency,52,1138.0
end_to_end_latency,53,1089.0
end_to_end_latency,58,1407.0
end_to_end_latency,59,1357.0
end_to_end_latency,60,1307.0
end_to_end_latency,61,1257.0
end_to_end_latency,62,1585.0
end_to_end_latency,63,1534.0
end_to_end_latency,68,1285.0
end_to_end_latency,69,1235.0
end_to_end_latency,70,1185.0
end_to_end_latency,71,1135.0
end_to_end_latency,72,1085.0
end_to_end_latency,79,1258.0
end_to_end_latency,80,1208.0
end_to_end_latency,81,1158.0
end_to_end_latency,82,1109.0
end_to_end_latency,83,1058.0
end_to_end_latency,84,1008.0
end_to_end_latency,85,959.0
end_to_end_latency,86,909.0
end_to_end_latency,87,1881.0
end_to_end_latency,88,1831.0
end_to_end_latency,89,1781.0
end_to_end_latency,90,1730.0
end_to_end_latency,91,1681.0
end_to_end_latency,92,1631.0
end_to_end_latency,93,1580.0
end_to_end_latency,94,1531.0
end_to_end_latency,116,1443.0
end_to_end_latency,118,3316.0
end_to_end_latency,119,3266.0
end_to_end_latency,120,3217.0
end_to_end_latency,121,3166.0
end_to_end_latency,122,3116.0
end_to_end_latency,123,3066.0
end_to_end_latency,124,3016.0
end_to_end_latency,125,2966.0
end_to_end_latency,126,2916.0
end_to_end_latency,127,2866.0
end_to_end_latency,128,2816.0
end_to_end_latency,129,2765.0
end_to_end_latency,130,2716.0
end_to_end_latency,131,2665.0
end_to_end_latency,132,2616.0
end_to_end_latency,133,2566.0
end_to_end_latency,145,1967.0
end_to_end_latency,146,1917.0
end_to_end_latency,147,1867.0
end_to_end_latency,148,1817.0
end_to_end_latency,149,1767.0
end_to_end_latency,150,1717.0
end_to_end_latency,160,1217.0
end_to_end_latency,161,1167.0
end_to_end_latency,162,1117.0
end_to_end_latency,163,1846.0
end_to_end_latency,164,1796.0
end_to_end_latency,165,2801.0
end_to_end_latency,166,2751.0
end_to_end_latency,167,2701.0
end_to_end_latency,168,2651.0
end_to_end_latency,169,2601.0
end_to_end_latency,170,2551.0
end_to_end_latency,171,2501.0
end_to_end_latency,172,2451.0
end_to_end_latency,173,2401.0
end_to_end_latency,174,2351.0
end_to_end_latency,175,2300.0
end_to_end_latency,176,2251.0
end_to_end_latency,177,2201.0
end_to_end_latency,178,2151.0
end_to_end_latency,179,2100.0
end_to_end_latency,180,2051.0
end_to_end_latency,181,2000.0
end_to_end_latency,182,1951.0
end_to_end_latency,183,1901.0
end_to_end_latency,184,1851.0
end_to_end_latency,197,2393.0
end_to_end_latency,249,2574.0
end_to_end_latency,250,2523.0
end_to_end_latency,251,2474.0
end_to_end_latency,252,5119.0
end_to_end_latency,253,5068.0
end_to_end_latency,254,5019.0
end_to_end_latency,255,4969.0
end_to_end_latency,256,4919.0
end_to_end_latency,257,4869.0
end_to_end_latency,258,4819.0
end_to_end_latency,259,4768.0
end_to_end_latency,260,4718.0
end_to_end_latency,261,4667.0
end_to_end_latency,262,4618.0
end_to_end_latency,263,4568.0
end_to_end_latency,264,4518.0
end_to_end_latency,265,4468.0
end_to_end_latency,266,4418.0
end_to_end_latency,267,4369.0
end_to_end_latency,268,4319.0
end_to_end_latency,284,6338.0
end_to_end_latency,285,6288.0
end_to_end_latency,286,6238.0
end_to_end_latency,287,6188.0
end_to_end_latency,288,6137.0
end_to_end_latency,289,6088.0
end_to_end_latency,290,6038.0
end_to_end_latency,291,5987.0
end_to_end_latency,292,5937.0
end_to_end_latency,293,5887.0
end_to_end_latency,294,5837.0
end_to_end_latency,295,5787.0
end_to_end_latency,296,5737.0
end_to_end_latency,336,10141.0
end_to_end_latency,337,10090.0
end_to_end_latency,338,10041.0
end_to_end_latency,339,9991.0
end_to_end_latency,340,9940.0
end_to_end_latency,341,9891.0
end_to_end_latency,342,9841.0
end_to_end_latency,343,9790.0
end_to_end_latency,344,9740.0
end_to_end_latency,345,9691.0
end_to_end_latency,346,9640.0
end_to_end_latency,347,9590.0
end_to_end_latency,348,9540.0
end_to_end_latency,349,9490.0
end_to_end_latency,350,9441.0
end_to_end_latency,351,9391.0
end_to_end_latency,352,9342.0
end_to_end_latency,353,9291.0
end_to_end_latency,354,9241.0
end_to_end_latency,355,9192.0
end_to_end_latency,356,9141.0
end_to_end_latency,357,9092.0
end_to_end_latency,358,9042.0
end_to_end_latency,359,8992.0
end_to_end_latency,360,8942.0
end_to_end_latency,361,8891.0
end_to_end_latency,362,8841.0
end_to_end_latency,363,8792.0
end_to_end_latency,364,8742.0
end_to_end_latency,365,8692.0
end_to_end_latency,366,8642.0
end_to_end_latency,367,8592.0
end_to_end_latency,368,8541.0
end_to_end_latency,369,8492.0
end_to_end_latency,370,8441.0
end_to_end_latency,371,8392.0
end_to_end_latency,372,8341.0
end_to_end_latency,373,8292.0
end_to_end_latency,374,8241.0
end_to_end_latency,375,8192.0
end_to_end_latency,376,8141.0
end_to_end_latency,377,8092.0
end_to_end_latency,378,8041.0
end_to_end_latency,379,7992.0
end_to_end_latency,380,7942.0
end_to_end_latency,381,7892.0
end_to_end_latency,382,7842.0
end_to_end_latency,383,7792.0
end_to_end_latency,384,7742.0
end_to_end_latency,385,7691.0
end_to_end_latency,386,7642.0
end_to_end_latency,387,7591.0
end_to_end_latency,388,7541.0
end_to_end_latency,435,9331.0
end_to_end_latency,436,9280.0
end_to_end_latency,437,9231.0
end_to_end_latency,438,9180.0
end_to_end_latency,439,9131.0
end_to_end_latency,440,9081.0
end_to_end_latency,441,9031.0
end_to_end_latency,442,8981.0
end_to_end_latency,443,8930.0
end_to_end_latency,444,8881.0
end_to_end_latency,445,8830.0
end_to_end_latency,446,8781.0
end_to_end_latency,447,8730.0
end_to_end_latency,448,8681.0
end_to_end_latency,449,8631.0
end_to_end_latency,450,8580.0
end_to_end_latency,451,8531.0
end_to_end_latency,452,8480.0
end_to_end_latency,453,8431.0
end_to_end_latency,454,8381.0
end_to_end_latency,455,8332.0
end_to_end_latency,456,8281.0
end_to_end_latency,457,8232.0
end_to_end_latency,458,8181.0
end_to_end_latency,459,8131.0
end_to_end_latency,460,8081.0
end_to_end_latency,461,8030.0
end_to_end_latency,462,7980.0
end_to_end_latency,463,7931.0
end_to_end_latency,464,7881.0
end_to_end_latency,465,7830.0
end_to_end_latency,466,7781.0
end_to_end_latency,467,7731.0
end_to_end_latency,468,7681.0
end_to_end_latency,469,7630.0
end_to_end_latency,470,7581.0
end_to_end_latency,471,7530.0
end_to_end_latency,472,7480.0
end_to_end_latency,473,7431.0
end_to_end_latency,474,7381.0
end_to_end_latency,475,7331.0
end_to_end_latency,476,7282.0
end_to_end_latency,477,7231.0
end_to_end_latency,478,7182.0
end_to_end_latency,479,7131.0
end_to_end_latency,480,7082.0
end_to_end_latency,481,7031.0
end_to_end_latency,482,6982.0
end_to_end_latency,483,6931.0
end_to_end_latency,484,6882.0
end_to_end_latency,485,6831.0
end_to_end_latency,486,6782.0
end_to_end_latency,487,6731.0
end_to_end_latency,488,6682.0
end_to_end_latency,489,6630.0
end_to_end_latency,490,6581.0
end_to_end_latency,491,6530.0
end_to_end_latency,492,6482.0
end_to_end_latency,493,6431.0
end_to_end_latency,494,6382.0
end_to_end_latency,495,6330.0
end_to_end_latency,496,6282.0
end_to_end_latency,497,6231.0
end_to_end_latency,498,6181.0
end_to_end_latency,499,6131.0
end_to_end_latency,500,6081.0
end_to_end_latency,501,6032.0
end_to_end_latency,502,5980.0
end_to_end_latency,503,5931.0
end_to_end_latency,504,5881.0
end_to_end_latency,505,5830.0
end_to_end_latency,506,5781.0
end_to_end_latency,507,5730.0
end_to_end_latency,508,5681.0
end_to_end_latency,509,5630.0
end_to_end_latency,510,5581.0
end_to_end_latency,511,5531.0
end_to_end_latency,615,46749.0
end_to_end_latency,616,46699.0
end_to_end_latency,617,46649.0
end_to_end_latency,618,46600.0
end_to_end_latency,619,46549.0
end_to_end_latency,620,46500.0
end_to_end_latency,621,46449.0
end_to_end_latency,622,46400.0
end_to_end_latency,623,46350.0
end_to_end_latency,624,46300.0
end_to_end_latency,625,46249.0
end_to_end_latency,626,46199.0
end_to_end_latency,627,46150.0
end_to_end_latency,628,46099.0
end_to_end_latency,629,46049.0
end_to_end_latency,630,45999.0
end_to_end_latency,631,45949.0
end_to_end_latency,632,45900.0
end_to_end_latency,633,45849.0
end_to_end_latency,634,45800.0
end_to_end_latency,635,45748.0
end_to_end_latency,636,45698.0
end_to_end_latency,637,45648.0
end_to_end_latency,638,45597.0
end_to_end_latency,639,45549.0
end_to_end_latency,640,45499.0
end_to_end_latency,641,45450.0
end_to_end_latency,642,45399.0
end_to_end_latency,643,45350.0
end_to_end_latency,644,45297.0
end_to_end_latency,645,45249.0
end_to_end_latency,646,45199.0
end_to_end_latency,647,45149.0
end_to_end_latency,648,45098.0
end_to_end_latency,649,45049.0
end_to_end_latency,650,44999.0
end_to_end_latency,651,44950.0
end_to_end_latency,652,44899.0
end_to_end_latency,653,44849.0
end_to_end_latency,654,44799.0
end_to_end_latency,655,44749.0
end_to_end_latency,656,44699.0
end_to_end_latency,657,44650.0
end_to_end_latency,658,44599.0
end_to_end_latency,659,44549.0
end_to_end_latency,660,44499.0
end_to_end_latency,661,44449.0
end_to_end_latency,662,44398.0
end_to_end_latency,663,44350.0
end_to_end_latency,664,44298.0
end_to_end_latency,665,44249.0
end_to_end_latency,666,44199.0
end_to_end_latency,667,44149.0
end_to_end_latency,668,44099.0
end_to_end_latency,669,44050.0
end_to_end_latency,670,43999.0
end_to_end_latency,671,43950.0
end_to_end_latency,672,43899.0
end_to_end_latency,673,43850.0
end_to_end_latency,674,43799.0
end_to_end_latency,675,43750.0
end_to_end_latency,676,43699.0
end_to_end_latency,677,43649.0
end_to_end_latency,678,43599.0
end_to_end_latency,679,43548.0
end_to_end_latency,680,43499.0
end_to_end_latency,681,43449.0
end_to_end_latency,682,43399.0
end_to_end_latency,683,43349.0
end_to_end_latency,684,43299.0
end_to_end_latency,685,43249.0
end_to_end_latency,686,43199.0
end_to_end_latency,687,43149.0
end_to_end_latency,688,43099.0
end_to_end_latency,689,43049.0
end_to_end_latency,690,42999.0
end_to_end_latency,691,42949.0
end_to_end_latency,692,42899.0
end_to_end_latency,693,42850.0
end_to_end_latency,694,42799.0
end_to_end_latency,695,42750.0
end_to_end_latency,696,42699.0
end_to_end_latency,697,42649.0
end_to_end_latency,698,42599.0
end_to_end_latency,699,42549.0
end_to_end_latency,700,42499.0
end_to_end_latency,701,42449.0
end_to_end_latency,702,42399.0
end_to_end_latency,703,42349.0
end_to_end_latency,704,42299.0
end_to_end_latency,705,42249.0
end_to_end_latency,706,42198.0
end_to_end_latency,707,42148.0
end_to_end_latency,708,42099.0
end_to_end_latency,709,42049.0
end_to_end_latency,710,41999.0
end_to_end_latency,711,41949.0
end_to_end_latency,712,41899.0
end_to_end_latency,713,41849.0
end_to_end_latency,714,41798.0
end_to_end_latency,715,41750.0
end_to_end_latency,716,41699.0
end_to_end_latency,717,41649.0
end_to_end_latency,718,41599.0
end_to_end_latency,719,41549.0
end_to_end_latency,720,41499.0
end_to_end_latency,721,41449.0
end_to_end_latency,722,41399.0
end_to_end_latency,723,41350.0
end_to_end_latency,724,41299.0
end_to_end_latency,725,41250.0
end_to_end_latency,726,41199.0
end_to_end_latency,727,41150.0
end_to_end_latency,728,41099.0
end_to_end_latency,729,41049.0
end_to_end_latency,730,41003.0
end_to_end_latency,731,40951.0
end_to_end_latency,732,40902.0
end_to_end_latency,733,40851.0
end_to_end_latency,734,40802.0
end_to_end_latency,735,40753.0
end_to_end_latency,736,40703.0
end_to_end_latency,737,40653.0
end_to_end_latency,738,40604.0
end_to_end_latency,739,40553.0
end_to_end_latency,740,40503.0
end_to_end_latency,741,40452.0
end_to_end_latency,742,40402.0
end_to_end_latency,743,40352.0
end_to_end_latency,744,40301.0
end_to_end_latency,745,40251.0
end_to_end_latency,746,40203.0
end_to_end_latency,747,40151.0
end_to_end_latency,748,40100.0
end_to_end_latency,749,40051.0
end_to_end_latency,750,40002.0
end_to_end_latency,751,39953.0
end_to_end_latency,752,39902.0
end_to_end_latency,753,39853.0
end_to_end_latency,754,39802.0
end_to_end_latency,755,39752.0
end_to_end_latency,756,39703.0
end_to_end_latency,757,39654.0
end_to_end_latency,758,39604.0
end_to_end_latency,759,39554.0
end_to_end_latency,760,39504.0
end_to_end_latency,761,39453.0
end_to_end_latency,762,39403.0
end_to_end_latency,763,39354.0
end_to_end_latency,764,39303.0
end_to_end_latency,765,39253.0
end_to_end_latency,766,39203.0
end_to_end_latency,767,39153.0
end_to_end_latency,768,39104.0
end_to_end_latency,769,39053.0
end_to_end_latency,770,39003.0
end_to_end_latency,771,38953.0
end_to_end_latency,772,38904.0
end_to_end_latency,773,38853.0
end_to_end_latency,774,38804.0
end_to_end_latency,775,38753.0
end_to_end_latency,776,38703.0
end_to_end_latency,777,38652.0
end_to_end_latency,778,38602.0
end_to_end_latency,779,38550.0
end_to_end_latency,780,38501.0
end_to_end_latency,781,38453.0
end_to_end_latency,782,38400.0
end_to_end_latency,783,38352.0
end_to_end_latency,784,38301.0
end_to_end_latency,785,38252.0
end_to_end_latency,786,38202.0
end_to_end_latency,787,38151.0
end_to_end_latency,788,38103.0
end_to_end_latency,789,38053.0
end_to_end_latency,790,38003.0
end_to_end_latency,791,37953.0
end_to_end_latency,792,37903.0
end_to_end_latency,793,37853.0
end_to_end_latency,794,37802.0
end_to_end_latency,795,37753.0
end_to_end_latency,796,37704.0
end_to_end_latency,797,37653.0
end_to_end_latency,798,37603.0
end_to_end_latency,799,37552.0
end_to_end_latency,800,37502.0
end_to_end_latency,801,37452.0
end_to_end_latency,802,37404.0
end_to_end_latency,803,37354.0
end_to_end_latency,804,37303.0
end_to_end_latency,805,37253.0
end_to_end_latency,806,37203.0
end_to_end_latency,807,37153.0
end_to_end_latency,808,37103.0
end_to_end_latency,809,37053.0
end_to_end_latency,810,37002.0
end_to_end_latency,811,36954.0
end_to_end_latency,812,36904.0
end_to_end_latency,813,36851.0
end_to_end_latency,814,36803.0
end_to_end_latency,815,36753.0
end_to_end_latency,816,36700.0
end_to_end_latency,817,36650.0
end_to_end_latency,818,36602.0
end_to_end_latency,819,36552.0
end_to_end_latency,820,36500.0
end_to_end_latency,821,36452.0
end_to_end_latency,822,36401.0
end_to_end_latency,823,36352.0
end_to_end_latency,824,36301.0
end_to_end_latency,825,36252.0
end_to_end_latency,826,36201.0
end_to_end_latency,827,36152.0
end_to_end_latency,828,36101.0
end_to_end_latency,829,36053.0
end_to_end_latency,830,36003.0
end_to_end_latency,831,35952.0
end_to_end_latency,832,35903.0
end_to_end_latency,833,35853.0
end_to_end_latency,834,35803.0
end_to_end_latency,835,35753.0
end_to_end_latency,836,35703.0
end_to_end_latency,837,35654.0
end_to_end_latency,838,35603.0
end_to_end_latency,839,35553.0
end_to_end_latency,840,35504.0
end_to_end_latency,841,35453.0
end_to_end_latency,971,28958.0
end_to_end_latency,972,28908.0
end_to_end_latency,973,28858.0
end_to_end_latency,974,28808.0
end_to_end_latency,975,28759.0
end_to_end_latency,976,28708.0
end_to_end_latency,977,28658.0
end_to_end_latency,978,28609.0
end_to_end_latency,979,28558.0
end_to_end_latency,980,28509.0
end_to_end_latency,981,28459.0
end_to_end_latency,982,28408.0
end_to_end_latency,983,28358.0
end_to_end_latency,984,28308.0
end_to_end_latency,985,28258.0
end_to_end_latency,986,28208.0
end_to_end_latency,987,28158.0
end_to_end_latency,988,28109.0
end_to_end_latency,989,28058.0
end_to_end_latency,990,28009.0
end_to_end_latency,991,27958.0
end_to_end_latency,992,27909.0
end_to_end_latency,993,27858.0
end_to_end_latency,994,27808.0
end_to_end_latency,995,27759.0
end_to_end_latency,996,27708.0
end_to_end_latency,997,27658.0
end_to_end_latency,998,27608.0
end_to_end_latency,999,27559.0
end_to_end_latency,1000,27509.0
end_to_end_latency,1001,27459.0
end_to_end_latency,1002,27409.0
end_to_end_latency,1003,27358.0
end_to_end_latency,1004,27309.0
end_to_end_latency,1005,27259.0
end_to_end_latency,1006,27208.0
end_to_end_latency,1007,27158.0
end_to_end_latency,1008,27108.0
end_to_end_latency,1009,27058.0
end_to_end_latency,1010,27009.0
end_to_end_latency,1011,26958.0
end_to_end_latency,1012,26908.0
end_to_end_latency,1013,26858.0
end_to_end_latency,1014,26808.0
end_to_end_latency,1015,26759.0
end_to_end_latency,1016,26708.0
end_to_end_latency,1017,26659.0
end_to_end_latency,1018,26609.0
end_to_end_latency,1019,26558.0
end_to_end_latency,1020,26509.0
end_to_end_latency,1021,26458.0
end_to_end_latency,1022,26408.0
end_to_end_latency,1023,26358.0
end_to_end_latency,1024,26308.0
end_to_end_latency,1025,26259.0
end_to_end_latency,1026,26208.0
end_to_end_latency,1027,26158.0
end_to_end_latency,1028,26109.0
end_to_end_latency,1029,26059.0
end_to_end_latency,1030,26008.0
end_to_end_latency,0,1767.0
end_to_end_latency,4,1806.0
end_to_end_latency,5,1756.0
end_to_end_latency,6,1707.0
end_to_end_latency,7,1656.0
end_to_end_latency,8,1606.0
end_to_end_latency,9,1558.0
end_to_end_latency,10,1507.0
end_to_end_latency,11,1457.0
end_to_end_latency,12,1407.0
end_to_end_latency,13,1357.0
end_to_end_latency,14,1307.0
end_to_end_latency,15,1257.0
end_to_end_latency,16,1207.0
end_to_end_latency,17,1157.0
end_to_end_latency,18,1107.0
end_to_end_latency,19,1057.0
end_to_end_latency,20,1008.0
end_to_end_latency,21,957.0
end_to_end_latency,22,907.0
end_to_end_latency,23,857.0
end_to_end_latency,24,807.0
end_to_end_latency,28,1312.0
end_to_end_latency,29,1262.0
end_to_end_latency,30,1212.0
end_to_end_latency,31,1162.0
end_to_end_latency,32,1112.0
end_to_end_latency,33,1062.0
end_to_end_latency,37,1378.0
end_to_end_latency,38,1328.0
end_to_end_latency,39,1278.0
end_to_end_latency,40,1228.0
end_to_end_latency,41,1178.0
end_to_end_latency,42,1128.0
end_to_end_latency,43,1078.0
end_to_end_latency,44,1551.0
end_to_end_latency,49,1301.0
end_to_end_latency,50,1251.0
end_to_end_latency,51,1201.0
end_to_end_latency,52,1151.0
end_to_end_latency,53,1101.0
end_to_end_latency,54,1051.0
end_to_end_latency,59,1369.0
end_to_end_latency,60,1319.0
end_to_end_latency,61,1269.0
end_to_end_latency,62,1219.0
end_to_end_latency,63,1169.0
end_to_end_latency,64,1120.0
end_to_end_latency,65,1070.0
end_to_end_latency,68,1297.0
end_to_end_latency,69,1247.0
end_to_end_latency,70,1197.0
end_to_end_latency,71,1147.0
end_to_end_latency,72,1097.0
end_to_end_latency,73,1047.0
end_to_end_latency,74,997.0
end_to_end_latency,75,948.0
end_to_end_latency,76,897.0
end_to_end_latency,79,1270.0
end_to_end_latency,80,1220.0
end_to_end_latency,81,1170.0
end_to_end_latency,82,1120.0
end_to_end_latency,83,1070.0
end_to_end_latency,84,1020.0
end_to_end_latency,85,971.0
end_to_end_latency,86,921.0
end_to_end_latency,92,1643.0
end_to_end_latency,93,1594.0
end_to_end_latency,94,1543.0
end_to_end_latency,95,1493.0
end_to_end_latency,100,1911.0
end_to_end_latency,101,1861.0
end_to_end_latency,102,1811.0
end_to_end_latency,103,1761.0
end_to_end_latency,104,1711.0
end_to_end_latency,105,1661.0
end_to_end_latency,106,1611.0
end_to_end_latency,107,1561.0
end_to_end_latency,108,1512.0
end_to_end_latency,109,1462.0
end_to_end_latency,128,2827.0
end_to_end_latency,129,2778.0
end_to_end_latency,130,2727.0
end_to_end_latency,131,2678.0
end_to_end_latency,132,2628.0
end_to_end_latency,133,2577.0
end_to_end_latency,134,2527.0
end_to_end_latency,135,2478.0
end_to_end_latency,136,2427.0
end_to_end_latency,137,2378.0
end_to_end_latency,138,2328.0
end_to_end_latency,145,1979.0
end_to_end_latency,146,1929.0
end_to_end_latency,147,1879.0
end_to_end_latency,148,1829.0
end_to_end_latency,149,1779.0
end_to_end_latency,150,1729.0
end_to_end_latency,151,1678.0
end_to_end_latency,152,1628.0
end_to_end_latency,153,1579.0
end_to_end_latency,154,1528.0
end_to_end_latency,159,2058.0
end_to_end_latency,160,2008.0
end_to_end_latency,161,1958.0
end_to_end_latency,162,1908.0
end_to_end_latency,163,1858.0
end_to_end_latency,164,1808.0
end_to_end_latency,165,1757.0
end_to_end_latency,166,1708.0
end_to_end_latency,167,1658.0
end_to_end_latency,168,1608.0
end_to_end_latency,169,1558.0
end_to_end_latency,170,1507.0
end_to_end_latency,176,2263.0
end_to_end_latency,177,2213.0
end_to_end_latency,178,2163.0
end_to_end_latency,195,2506.0
end_to_end_latency,196,2456.0
end_to_end_latency,197,2406.0
end_to_end_latency,198,2355.0
end_to_end_latency,199,2306.0
end_to_end_latency,200,2256.0
end_to_end_latency,201,2206.0
end_to_end_latency,202,2156.0
end_to_end_latency,203,2105.0
end_to_end_latency,204,2056.0
end_to_end_latency,205,2005.0
end_to_end_latency,206,1956.0
end_to_end_latency,207,1906.0
end_to_end_latency,208,1856.0
end_to_end_latency,209,1806.0
end_to_end_latency,247,5380.0
end_to_end_latency,248,5330.0
end_to_end_latency,249,5280.0
end_to_end_latency,250,5229.0
end_to_end_latency,251,5179.0
end_to_end_latency,252,5129.0
end_to_end_latency,253,5079.0
end_to_end_latency,254,5030.0
end_to_end_latency,255,4979.0
end_to_end_latency,256,4929.0
end_to_end_latency,257,4879.0
end_to_end_latency,258,4829.0
end_to_end_latency,259,4779.0
end_to_end_latency,260,4729.0
end_to_end_latency,261,4679.0
end_to_end_latency,262,4630.0
end_to_end_latency,263,4581.0
end_to_end_latency,264,4530.0
end_to_end_latency,279,6600.0
end_to_end_latency,280,6550.0
end_to_end_latency,281,6500.0
end_to_end_latency,282,6450.0
end_to_end_latency,283,6400.0
end_to_end_latency,284,6350.0
end_to_end_latency,285,6300.0
end_to_end_latency,286,6249.0
end_to_end_latency,287,6199.0
end_to_end_latency,288,6149.0
end_to_end_latency,289,6100.0
end_to_end_latency,290,6050.0
end_to_end_latency,291,6000.0
end_to_end_latency,292,5950.0
end_to_end_latency,293,5900.0
end_to_end_latency,336,10153.0
end_to_end_latency,337,10103.0
end_to_end_latency,338,10053.0
end_to_end_latency,339,10002.0
end_to_end_latency,340,9952.0
end_to_end_latency,341,9902.0
end_to_end_latency,342,9852.0
end_to_end_latency,343,9803.0
end_to_end_latency,344,9753.0
end_to_end_latency,345,9703.0
end_to_end_latency,346,9653.0
end_to_end_latency,347,9603.0
end_to_end_latency,348,9553.0
end_to_end_latency,349,9502.0
end_to_end_latency,350,9453.0
end_to_end_latency,351,9404.0
end_to_end_latency,352,9354.0
end_to_end_latency,353,9304.0
end_to_end_latency,354,9253.0
end_to_end_latency,355,9203.0
end_to_end_latency,356,9153.0
end_to_end_latency,357,9103.0
end_to_end_latency,358,9053.0
end_to_end_latency,359,9003.0
end_to_end_latency,360,8953.0
end_to_end_latency,361,8903.0
end_to_end_latency,362,8853.0
end_to_end_latency,363,8803.0
end_to_end_latency,364,8754.0
end_to_end_latency,365,8704.0
end_to_end_latency,366,8653.0
end_to_end_latency,367,8604.0
end_to_end_latency,368,8553.0
end_to_end_latency,369,8504.0
end_to_end_latency,370,8454.0
end_to_end_latency,371,8404.0
end_to_end_latency,372,8354.0
end_to_end_latency,373,8303.0
end_to_end_latency,374,8254.0
end_to_end_latency,375,8204.0
end_to_end_latency,376,8153.0
end_to_end_latency,377,8104.0
end_to_end_latency,378,8054.0
end_to_end_latency,379,8004.0
end_to_end_latency,380,7954.0
end_to_end_latency,381,7903.0
end_to_end_latency,382,7854.0
end_to_end_latency,383,7803.0
end_to_end_latency,384,7754.0
end_to_end_latency,385,7704.0
end_to_end_latency,386,7654.0
end_to_end_latency,387,7604.0
end_to_end_latency,388,7553.0
end_to_end_latency,389,7504.0
end_to_end_latency,390,7454.0
end_to_end_latency,439,9144.0
end_to_end_latency,440,9094.0
end_to_end_latency,441,9044.0
end_to_end_latency,442,8994.0
end_to_end_latency,443,8943.0
end_to_end_latency,444,8894.0
end_to_end_latency,445,8843.0
end_to_end_latency,446,8794.0
end_to_end_latency,447,8744.0
end_to_end_latency,448,8694.0
end_to_end_latency,449,8644.0
end_to_end_latency,450,8593.0
end_to_end_latency,451,8544.0
end_to_end_latency,452,8493.0
end_to_end_latency,453,8444.0
end_to_end_latency,454,8394.0
end_to_end_latency,455,8344.0
end_to_end_latency,456,8293.0
end_to_end_latency,457,8244.0
end_to_end_latency,458,8193.0
end_to_end_latency,459,8143.0
end_to_end_latency,460,8093.0
end_to_end_latency,461,8045.0
end_to_end_latency,462,7994.0
end_to_end_latency,463,7945.0
end_to_end_latency,464,7894.0
end_to_end_latency,465,7844.0
end_to_end_latency,466,7795.0
end_to_end_latency,467,7744.0
end_to_end_latency,468,7695.0
end_to_end_latency,469,7644.0
end_to_end_latency,470,7595.0
end_to_end_latency,471,7544.0
end_to_end_latency,472,7494.0
end_to_end_latency,473,7443.0
end_to_end_latency,474,7394.0
end_to_end_latency,475,7344.0
end_to_end_latency,476,7294.0
end_to_end_latency,477,7245.0
end_to_end_latency,478,7194.0
end_to_end_latency,479,7145.0
end_to_end_latency,480,7094.0
end_to_end_latency,481,7045.0
end_to_end_latency,482,6994.0
end_to_end_latency,483,6944.0
end_to_end_latency,484,6894.0
end_to_end_latency,485,6845.0
end_to_end_latency,486,6794.0
end_to_end_latency,487,6745.0
end_to_end_latency,488,6694.0
end_to_end_latency,489,6645.0
end_to_end_latency,490,6594.0
end_to_end_latency,491,6545.0
end_to_end_latency,492,6494.0
end_to_end_latency,493,6445.0
end_to_end_latency,494,6394.0
end_to_end_latency,495,6345.0
end_to_end_latency,496,6295.0
end_to_end_latency,497,6245.0
end_to_end_latency,498,6195.0
end_to_end_latency,499,6144.0
end_to_end_latency,500,6095.0
end_to_end_latency,501,6044.0
end_to_end_latency,502,5994.0
end_to_end_latency,503,5945.0
end_to_end_latency,504,5894.0
end_to_end_latency,505,5845.0
end_to_end_latency,506,5795.0
end_to_end_latency,507,5744.0
end_to_end_latency,508,5694.0
end_to_end_latency,509,5644.0
end_to_end_latency,510,5595.0
end_to_end_latency,511,5545.0
end_to_end_latency,512,5494.0
end_to_end_latency,513,5444.0
end_to_end_latency,514,5394.0
end_to_end_latency,622,46409.0
end_to_end_latency,623,46360.0
end_to_end_latency,624,46311.0
end_to_end_latency,625,46260.0
end_to_end_latency,626,46211.0
end_to_end_latency,627,46160.0
end_to_end_latency,628,46111.0
end_to_end_latency,629,46060.0
end_to_end_latency,630,46011.0
end_to_end_latency,631,45960.0
end_to_end_latency,632,45911.0
end_to_end_latency,633,45859.0
end_to_end_latency,634,45810.0
end_to_end_latency,635,45760.0
end_to_end_latency,636,45710.0
end_to_end_latency,637,45660.0
end_to_end_latency,638,45609.0
end_to_end_latency,639,45560.0
end_to_end_latency,640,45511.0
end_to_end_latency,641,45460.0
end_to_end_latency,642,45411.0
end_to_end_latency,643,45360.0
end_to_end_latency,644,45310.0
end_to_end_latency,645,45260.0
end_to_end_latency,646,45210.0
end_to_end_latency,647,45160.0
end_to_end_latency,648,45110.0
end_to_end_latency,649,45059.0
end_to_end_latency,650,45009.0
end_to_end_latency,651,44960.0
end_to_end_latency,652,44909.0
end_to_end_latency,653,44859.0
end_to_end_latency,654,44809.0
end_to_end_latency,655,44759.0
end_to_end_latency,656,44709.0
end_to_end_latency,657,44660.0
end_to_end_latency,658,44610.0
end_to_end_latency,659,44560.0
end_to_end_latency,660,44510.0
end_to_end_latency,661,44460.0
end_to_end_latency,662,44411.0
end_to_end_latency,663,44360.0
end_to_end_latency,664,44309.0
end_to_end_latency,665,44259.0
end_to_end_latency,666,44210.0
end_to_end_latency,667,44160.0
end_to_end_latency,668,44110.0
end_to_end_latency,669,44060.0
end_to_end_latency,670,44010.0
end_to_end_latency,671,43961.0
end_to_end_latency,672,43910.0
end_to_end_latency,673,43861.0
end_to_end_latency,674,43810.0
end_to_end_latency,675,43761.0
end_to_end_latency,676,43710.0
end_to_end_latency,677,43661.0
end_to_end_latency,678,43610.0
end_to_end_latency,679,43560.0
end_to_end_latency,680,43510.0
end_to_end_latency,681,43460.0
end_to_end_latency,682,43410.0
end_to_end_latency,683,43360.0
end_to_end_latency,684,43310.0
end_to_end_latency,685,43260.0
end_to_end_latency,686,43210.0
end_to_end_latency,687,43160.0
end_to_end_latency,688,43111.0
end_to_end_latency,689,43060.0
end_to_end_latency,690,43011.0
end_to_end_latency,691,42960.0
end_to_end_latency,692,42911.0
end_to_end_latency,693,42860.0
end_to_end_latency,694,42811.0
end_to_end_latency,695,42760.0
end_to_end_latency,696,42710.0
end_to_end_latency,697,42660.0
end_to_end_latency,698,42611.0
end_to_end_latency,699,42560.0
end_to_end_latency,700,42510.0
end_to_end_latency,701,42461.0
end_to_end_latency,702,42410.0
end_to_end_latency,703,42360.0
end_to_end_latency,704,42310.0
end_to_end_latency,705,42260.0
end_to_end_latency,706,42210.0
end_to_end_latency,707,42159.0
end_to_end_latency,708,42110.0
end_to_end_latency,709,42060.0
end_to_end_latency,710,42010.0
end_to_end_latency,711,41960.0
end_to_end_latency,712,41910.0
end_to_end_latency,713,41860.0
end_to_end_latency,714,41810.0
end_to_end_latency,715,41760.0
end_to_end_latency,716,41710.0
end_to_end_latency,717,41661.0
end_to_end_latency,718,41610.0
end_to_end_latency,719,41561.0
end_to_end_latency,720,41510.0
end_to_end_latency,721,41461.0
end_to_end_latency,722,41410.0
end_to_end_latency,723,41360.0
end_to_end_latency,724,41310.0
end_to_end_latency,725,41260.0
end_to_end_latency,726,41209.0
end_to_end_latency,727,41160.0
end_to_end_latency,728,41107.0
end_to_end_latency,729,41063.0
end_to_end_latency,730,41011.0
end_to_end_latency,731,40963.0
end_to_end_latency,732,40913.0
end_to_end_latency,733,40863.0
end_to_end_latency,734,40813.0
end_to_end_latency,735,40763.0
end_to_end_latency,736,40713.0
end_to_end_latency,737,40663.0
end_to_end_latency,738,40613.0
end_to_end_latency,739,40563.0
end_to_end_latency,740,40513.0
end_to_end_latency,741,40463.0
end_to_end_latency,742,40413.0
end_to_end_latency,743,40362.0
end_to_end_latency,744,40313.0
end_to_end_latency,745,40263.0
end_to_end_latency,746,40213.0
end_to_end_latency,747,40163.0
end_to_end_latency,748,40113.0
end_to_end_latency,749,40062.0
end_to_end_latency,750,40013.0
end_to_end_latency,751,39963.0
end_to_end_latency,752,39912.0
end_to_end_latency,753,39863.0
end_to_end_latency,754,39813.0
end_to_end_latency,755,39760.0
end_to_end_latency,756,39712.0
end_to_end_latency,757,39661.0
end_to_end_latency,758,39611.0
end_to_end_latency,759,39563.0
end_to_end_latency,760,39513.0
end_to_end_latency,761,39463.0
end_to_end_latency,762,39412.0
end_to_end_latency,763,39362.0
end_to_end_latency,764,39312.0
end_to_end_latency,765,39263.0
end_to_end_latency,766,39212.0
end_to_end_latency,767,39162.0
end_to_end_latency,768,39113.0
end_to_end_latency,769,39063.0
end_to_end_latency,770,39013.0
end_to_end_latency,771,38963.0
end_to_end_latency,772,38914.0
end_to_end_latency,773,38863.0
end_to_end_latency,774,38812.0
end_to_end_latency,775,38762.0
end_to_end_latency,776,38713.0
end_to_end_latency,777,38662.0
end_to_end_latency,778,38613.0
end_to_end_latency,779,38563.0
end_to_end_latency,780,38512.0
end_to_end_latency,781,38463.0
end_to_end_latency,782,38412.0
end_to_end_latency,783,38362.0
end_to_end_latency,784,38313.0
end_to_end_latency,785,38263.0
end_to_end_latency,786,38212.0
end_to_end_latency,787,38162.0
end_to_end_latency,788,38113.0
end_to_end_latency,789,38063.0
end_to_end_latency,790,38013.0
end_to_end_latency,791,37962.0
end_to_end_latency,792,37912.0
end_to_end_latency,793,37862.0
end_to_end_latency,794,37813.0
end_to_end_latency,795,37763.0
end_to_end_latency,796,37713.0
end_to_end_latency,797,37662.0
end_to_end_latency,798,37613.0
end_to_end_latency,799,37563.0
end_to_end_latency,800,37512.0
end_to_end_latency,801,37463.0
end_to_end_latency,802,37412.0
end_to_end_latency,803,37364.0
end_to_end_latency,804,37313.0
end_to_end_latency,805,37263.0
end_to_end_latency,806,37213.0
end_to_end_latency,807,37163.0
end_to_end_latency,808,37113.0
end_to_end_latency,809,37063.0
end_to_end_latency,810,37012.0
end_to_end_latency,811,36963.0
end_to_end_latency,812,36913.0
end_to_end_latency,813,36864.0
end_to_end_latency,814,36813.0
end_to_end_latency,815,36764.0
end_to_end_latency,816,36713.0
end_to_end_latency,817,36663.0
end_to_end_latency,818,36613.0
end_to_end_latency,819,36563.0
end_to_end_latency,820,36513.0
end_to_end_latency,821,36463.0
end_to_end_latency,822,36413.0
end_to_end_latency,823,36363.0
end_to_end_latency,824,36313.0
end_to_end_latency,825,36263.0
end_to_end_latency,826,36213.0
end_to_end_latency,827,36163.0
end_to_end_latency,828,36113.0
end_to_end_latency,829,36063.0
end_to_end_latency,830,36014.0
end_to_end_latency,831,35963.0
end_to_end_latency,832,35913.0
end_to_end_latency,833,35863.0
end_to_end_latency,834,35818.0
end_to_end_latency,938,30619.0
end_to_end_latency,939,30569.0
end_to_end_latency,940,30520.0
end_to_end_latency,941,30470.0
end_to_end_latency,942,30420.0
end_to_end_latency,943,30370.0
end_to_end_latency,944,30321.0
end_to_end_latency,945,30270.0
end_to_end_latency,946,30221.0
end_to_end_latency,947,30170.0
end_to_end_latency,948,30120.0
end_to_end_latency,949,30070.0
end_to_end_latency,950,30020.0
end_to_end_latency,951,29970.0
end_to_end_latency,952,29921.0
end_to_end_latency,953,29870.0
end_to_end_latency,954,29820.0
end_to_end_latency,955,29770.0
end_to_end_latency,956,29720.0
end_to_end_latency,957,29670.0
end_to_end_latency,958,29620.0
end_to_end_latency,959,29570.0
end_to_end_latency,960,29520.0
end_to_end_latency,961,29470.0
end_to_end_latency,962,29420.0
end_to_end_latency,963,29370.0
end_to_end_latency,964,29320.0
end_to_end_latency,965,29270.0
end_to_end_latency,966,29220.0
end_to_end_latency,967,29169.0
end_to_end_latency,968,29120.0
end_to_end_latency,969,29070.0
end_to_end_latency,970,29020.0
end_to_end_latency,971,28970.0
end_to_end_latency,972,28920.0
end_to_end_latency,973,28870.0
end_to_end_latency,974,28820.0
end_to_end_latency,975,28770.0
end_to_end_latency,976,28720.0
end_to_end_latency,977,28670.0
end_to_end_latency,978,28621.0
end_to_end_latency,979,28570.0
end_to_end_latency,980,28520.0
end_to_end_latency,981,28470.0
end_to_end_latency,982,28420.0
end_to_end_latency,983,28370.0
end_to_end_latency,984,28320.0
end_to_end_latency,985,28270.0
end_to_end_latency,986,28220.0
end_to_end_latency,987,28170.0
end_to_end_latency,988,28120.0
end_to_end_latency,989,28070.0
end_to_end_latency,990,28020.0
end_to_end_latency,991,27971.0
end_to_end_latency,992,27920.0
end_to_end_latency,993,27870.0
end_to_end_latency,994,27820.0
end_to_end_latency,995,27770.0
end_to_end_latency,996,27721.0
end_to_end_latency,997,27670.0
end_to_end_latency,998,27620.0
end_to_end_latency,999,27570.0
end_to_end_latency,1000,27523.0
end_to_end_latency,1001,27472.0
end_to_end_latency,1002,27423.0
end_to_end_latency,1003,27372.0
end_to_end_latency,1004,27322.0
end_to_end_latency,1005,27272.0
end_to_end_latency,1006,27222.0
end_to_end_latency,1007,27172.0
end_to_end_latency,1008,27122.0
end_to_end_latency,1009,27072.0
end_to_end_latency,1010,27022.0
end_to_end_latency,1011,26972.0
end_to_end_latency,1012,26922.0
end_to_end_latency,1013,26871.0
end_to_end_latency,1014,26822.0
end_to_end_latency,1015,26772.0
end_to_end_latency,1016,26722.0
end_to_end_latency,1017,26672.0
end_to_end_latency,1018,26622.0
end_to_end_latency,1019,26572.0
end_to_end_latency,1020,26521.0
end_to_end_latency,1021,26472.0
end_to_end_latency,1022,26422.0
end_to_end_latency,1023,26371.0
end_to_end_latency,1024,26322.0
end_to_end_latency,1025,26272.0
end_to_end_latency,1026,26222.0
end_to_end_latency,1027,26172.0
end_to_end_latency,1028,26122.0
end_to_end_latency,1029,26072.0
end_to_end_latency,1030,26022.0
end_to_end_latency,1031,25972.0
end_to_end_latency,1032,25922.0
end_to_end_latency,1033,25872.0
end_to_end_latency,1034,25822.0
end_to_end_latency,1035,25772.0
end_to_end_latency,1036,25722.0
end_to_end_latency,1037,25672.0
end_to_end_latency,1038,25621.0
end_to_end_latency,1039,25572.0
end_to_end_latency,1040,25522.0
end_to_end_latency,1041,25472.0
end_to_end_latency,1135,21119.0
end_to_end_latency,1136,21070.0
end_to_end_latency,1137,21019.0
end_to_end_latency,1138,20970.0
end_to_end_latency,1139,20920.0
end_to_end_latency,1140,20870.0
end_to_end_latency,1141,20820.0
end_to_end_latency,1142,20770.0
end_to_end_latency,1143,20720.0
end_to_end_latency,1144,20669.0
end_to_end_latency,1145,20619.0
end_to_end_latency,1146,20569.0
end_to_end_latency,1147,20519.0
end_to_end_latency,1148,20469.0
end_to_end_latency,1149,20419.0
end_to_end_latency,1150,20369.0
end_to_end_latency,1151,20319.0
end_to_end_latency,1152,20268.0
end_to_end_latency,1153,20220.0
end_to_end_latency,0,1708.0
end_to_end_latency,4,1749.0
end_to_end_latency,5,1699.0
end_to_end_latency,6,1649.0
end_to_end_latency,7,1600.0
end_to_end_latency,8,1549.0
end_to_end_latency,9,1499.0
end_to_end_latency,10,1449.0
end_to_end_latency,11,1399.0
end_to_end_latency,12,1349.0
end_to_end_latency,13,1299.0
end_to_end_latency,14,1249.0
end_to_end_latency,15,1200.0
end_to_end_latency,16,1149.0
end_to_end_latency,17,1099.0
end_to_end_latency,25,699.0
end_to_end_latency,26,650.0
end_to_end_latency,27,1304.0
end_to_end_latency,28,1254.0
end_to_end_latency,29,1203.0
end_to_end_latency,30,1154.0
end_to_end_latency,31,1104.0
end_to_end_latency,32,1054.0
end_to_end_latency,33,2043.0
end_to_end_latency,34,1993.0
end_to_end_latency,35,1943.0
end_to_end_latency,36,1893.0
end_to_end_latency,37,1843.0
end_to_end_latency,42,2539.0
end_to_end_latency,43,2489.0
end_to_end_latency,44,2439.0
end_to_end_latency,45,2389.0
end_to_end_latency,46,2339.0
end_to_end_latency,47,2289.0
end_to_end_latency,48,2239.0
end_to_end_latency,49,2189.0
end_to_end_latency,50,2139.0
end_to_end_latency,51,2089.0
end_to_end_latency,52,2039.0
end_to_end_latency,53,1989.0
end_to_end_latency,54,1388.0
end_to_end_latency,55,1385.0
end_to_end_latency,56,1383.0
end_to_end_latency,57,1372.0
end_to_end_latency,58,1368.0
end_to_end_latency,59,1364.0
end_to_end_latency,60,1331.0
end_to_end_latency,61,1329.0
end_to_end_latency,62,1291.0
end_to_end_latency,63,1289.0
end_to_end_latency,64,1261.0
end_to_end_latency,65,1258.0
end_to_end_latency,66,1256.0
end_to_end_latency,67,1221.0
end_to_end_latency,68,1219.0
end_to_end_latency,77,789.0
end_to_end_latency,78,739.0
end_to_end_latency,79,689.0
end_to_end_latency,80,1162.0
end_to_end_latency,81,1112.0
end_to_end_latency,82,1062.0
end_to_end_latency,83,1012.0
end_to_end_latency,84,962.0
end_to_end_latency,85,912.0
end_to_end_latency,90,1684.0
end_to_end_latency,91,1635.0
end_to_end_latency,92,1585.0
end_to_end_latency,93,1535.0
end_to_end_latency,94,1485.0
end_to_end_latency,95,1436.0
end_to_end_latency,96,1386.0
end_to_end_latency,103,1704.0
end_to_end_latency,104,1653.0
end_to_end_latency,105,1604.0
end_to_end_latency,106,1553.0
end_to_end_latency,107,1503.0
end_to_end_latency,108,1453.0
end_to_end_latency,114,1497.0
end_to_end_latency,115,1447.0
end_to_end_latency,116,1398.0
end_to_end_latency,117,1348.0
end_to_end_latency,127,2820.0
end_to_end_latency,128,2770.0
end_to_end_latency,129,2720.0
end_to_end_latency,130,2669.0
end_to_end_latency,131,2620.0
end_to_end_latency,132,2570.0
end_to_end_latency,133,2520.0
end_to_end_latency,144,1970.0
end_to_end_latency,145,1920.0
end_to_end_latency,146,1870.0
end_to_end_latency,147,1821.0
end_to_end_latency,148,1771.0
end_to_end_latency,149,1721.0
end_to_end_latency,160,1948.0
end_to_end_latency,161,1899.0
end_to_end_latency,162,1848.0
end_to_end_latency,163,1800.0
end_to_end_latency,164,1750.0
end_to_end_latency,165,2755.0
end_to_end_latency,166,2705.0
end_to_end_latency,167,2655.0
end_to_end_latency,168,2605.0
end_to_end_latency,169,2555.0
end_to_end_latency,170,2505.0
end_to_end_latency,171,2455.0
end_to_end_latency,172,2405.0
end_to_end_latency,173,2355.0
end_to_end_latency,174,2305.0
end_to_end_latency,175,2255.0
end_to_end_latency,176,2204.0
end_to_end_latency,177,2154.0
end_to_end_latency,178,2104.0
end_to_end_latency,179,2054.0
end_to_end_latency,180,2005.0
end_to_end_latency,181,1954.0
end_to_end_latency,182,1905.0
end_to_end_latency,196,2398.0
end_to_end_latency,197,2347.0
end_to_end_latency,198,2297.0
end_to_end_latency,199,2247.0
end_to_end_latency,217,1727.0
end_to_end_latency,232,6071.0
end_to_end_latency,233,6021.0
end_to_end_latency,234,5971.0
end_to_end_latency,235,5921.0
end_to_end_latency,236,5871.0
end_to_end_latency,237,5821.0
end_to_end_latency,238,5771.0
end_to_end_latency,239,5720.0
end_to_end_latency,240,5671.0
end_to_end_latency,241,5621.0
end_to_end_latency,242,5571.0
end_to_end_latency,243,5520.0
end_to_end_latency,244,5471.0
end_to_end_latency,245,5420.0
end_to_end_latency,246,5370.0
end_to_end_latency,247,5320.0
end_to_end_latency,248,5270.0
end_to_end_latency,249,5221.0
end_to_end_latency,250,5171.0
end_to_end_latency,251,5120.0
end_to_end_latency,252,5071.0
end_to_end_latency,253,5020.0
end_to_end_latency,254,4969.0
end_to_end_latency,255,4921.0
end_to_end_latency,256,4871.0
end_to_end_latency,257,4822.0
end_to_end_latency,258,4771.0
end_to_end_latency,259,4722.0
end_to_end_latency,260,4671.0
end_to_end_latency,261,4621.0
end_to_end_latency,262,4572.0
end_to_end_latency,263,4521.0
end_to_end_latency,264,4472.0
end_to_end_latency,265,4421.0
end_to_end_latency,266,4372.0
end_to_end_latency,267,4321.0
end_to_end_latency,268,4271.0
end_to_end_latency,269,4221.0
end_to_end_latency,284,6292.0
end_to_end_latency,285,6242.0
end_to_end_latency,286,6192.0
end_to_end_latency,287,6142.0
end_to_end_latency,288,6092.0
end_to_end_latency,289,6042.0
end_to_end_latency,290,5991.0
end_to_end_latency,291,5942.0
end_to_end_latency,292,5891.0
end_to_end_latency,293,5841.0
end_to_end_latency,294,5792.0
end_to_end_latency,295,5743.0
end_to_end_latency,296,5692.0
end_to_end_latency,297,5643.0
end_to_end_latency,298,5592.0
end_to_end_latency,299,5543.0
end_to_end_latency,300,5492.0
end_to_end_latency,301,5443.0
end_to_end_latency,342,9794.0
end_to_end_latency,343,9744.0
end_to_end_latency,344,9694.0
end_to_end_latency,345,9644.0
end_to_end_latency,346,9594.0
end_to_end_latency,347,9544.0
end_to_end_latency,348,9494.0
end_to_end_latency,349,9445.0
end_to_end_latency,350,9394.0
end_to_end_latency,351,9344.0
end_to_end_latency,352,9294.0
end_to_end_latency,353,9244.0
end_to_end_latency,354,9193.0
end_to_end_latency,355,9144.0
end_to_end_latency,442,8934.0
end_to_end_latency,443,8884.0
end_to_end_latency,625,46203.0
end_to_end_latency,626,46153.0
end_to_end_latency,627,46103.0
end_to_end_latency,628,46053.0
end_to_end_latency,629,46004.0
end_to_end_latency,630,45953.0
end_to_end_latency,631,45903.0
end_to_end_latency,632,45854.0
end_to_end_latency,633,45803.0
end_to_end_latency,634,45753.0
end_to_end_latency,635,45703.0
end_to_end_latency,636,45653.0
end_to_end_latency,637,45603.0
end_to_end_latency,638,45553.0
end_to_end_latency,639,45503.0
end_to_end_latency,640,45453.0
end_to_end_latency,641,45403.0
end_to_end_latency,642,45354.0
end_to_end_latency,643,45303.0
end_to_end_latency,644,45251.0
end_to_end_latency,645,45201.0
end_to_end_latency,646,45151.0
end_to_end_latency,647,45102.0
end_to_end_latency,648,45054.0
end_to_end_latency,649,45003.0
end_to_end_latency,650,44954.0
end_to_end_latency,651,44903.0
end_to_end_latency,652,44854.0
end_to_end_latency,653,44803.0
end_to_end_latency,654,44753.0
end_to_end_latency,655,44703.0
end_to_end_latency,656,44653.0
end_to_end_latency,657,44602.0
end_to_end_latency,658,44552.0
end_to_end_latency,659,44502.0
end_to_end_latency,660,44453.0
end_to_end_latency,661,44403.0
end_to_end_latency,662,44353.0
end_to_end_latency,663,44301.0
end_to_end_latency,664,44254.0
end_to_end_latency,665,44203.0
end_to_end_latency,666,44153.0
end_to_end_latency,667,44103.0
end_to_end_latency,668,44053.0
end_to_end_latency,669,44003.0
end_to_end_latency,670,43953.0
end_to_end_latency,671,43903.0
end_to_end_latency,672,43853.0
end_to_end_latency,673,43803.0
end_to_end_latency,674,43753.0
end_to_end_latency,675,43704.0
end_to_end_latency,676,43653.0
end_to_end_latency,677,43603.0
end_to_end_latency,678,43553.0
end_to_end_latency,679,43502.0
end_to_end_latency,680,43453.0
end_to_end_latency,681,43403.0
end_to_end_latency,682,43352.0
end_to_end_latency,683,43303.0
end_to_end_latency,684,43253.0
end_to_end_latency,685,43201.0
end_to_end_latency,686,43154.0
end_to_end_latency,687,43103.0
end_to_end_latency,688,43053.0
end_to_end_latency,689,43003.0
end_to_end_latency,690,42953.0
end_to_end_latency,691,42903.0
end_to_end_latency,692,42853.0
end_to_end_latency,693,42802.0
end_to_end_latency,694,42753.0
end_to_end_latency,695,42703.0
end_to_end_latency,696,42652.0
end_to_end_latency,697,42603.0
end_to_end_latency,698,42553.0
end_to_end_latency,699,42502.0
end_to_end_latency,700,42451.0
end_to_end_latency,701,42402.0
end_to_end_latency,702,42351.0
end_to_end_latency,703,42304.0
end_to_end_latency,704,42253.0
end_to_end_latency,705,42203.0
end_to_end_latency,706,42153.0
end_to_end_latency,707,42103.0
end_to_end_latency,708,42054.0
end_to_end_latency,709,42002.0
end_to_end_latency,710,41952.0
end_to_end_latency,711,41903.0
end_to_end_latency,712,41852.0
end_to_end_latency,713,41803.0
end_to_end_latency,714,41753.0
end_to_end_latency,715,41703.0
end_to_end_latency,716,41653.0
end_to_end_latency,717,41603.0
end_to_end_latency,718,41552.0
end_to_end_latency,719,41503.0
end_to_end_latency,720,41453.0
end_to_end_latency,721,41402.0
end_to_end_latency,722,41353.0
end_to_end_latency,723,41303.0
end_to_end_latency,724,41254.0
end_to_end_latency,725,41203.0
end_to_end_latency,726,41153.0
end_to_end_latency,727,41102.0
end_to_end_latency,728,41053.0
end_to_end_latency,729,41008.0
end_to_end_latency,730,40958.0
end_to_end_latency,731,40908.0
end_to_end_latency,732,40858.0
end_to_end_latency,733,40808.0
end_to_end_latency,734,40758.0
end_to_end_latency,735,40707.0
end_to_end_latency,736,40657.0
end_to_end_latency,737,40608.0
end_to_end_latency,738,40558.0
end_to_end_latency,739,40508.0
end_to_end_latency,740,40455.0
end_to_end_latency,741,40407.0
end_to_end_latency,742,40357.0
end_to_end_latency,743,40308.0
end_to_end_latency,744,40259.0
end_to_end_latency,745,40208.0
end_to_end_latency,746,40158.0
end_to_end_latency,747,40108.0
end_to_end_latency,748,40058.0
end_to_end_latency,749,40008.0
end_to_end_latency,750,39958.0
end_to_end_latency,751,39908.0
end_to_end_latency,752,39858.0
end_to_end_latency,753,39808.0
end_to_end_latency,754,39759.0
end_to_end_latency,755,39706.0
end_to_end_latency,756,39657.0
end_to_end_latency,757,39607.0
end_to_end_latency,758,39558.0
end_to_end_latency,759,39508.0
end_to_end_latency,760,39458.0
end_to_end_latency,761,39408.0
end_to_end_latency,762,39358.0
end_to_end_latency,763,39308.0
end_to_end_latency,764,39258.0
end_to_end_latency,765,39208.0
end_to_end_latency,766,39158.0
end_to_end_latency,767,39108.0
end_to_end_latency,768,39058.0
end_to_end_latency,769,39009.0
end_to_end_latency,770,38957.0
end_to_end_latency,771,38908.0
end_to_end_latency,772,38858.0
end_to_end_latency,773,38808.0
end_to_end_latency,774,38758.0
end_to_end_latency,775,38708.0
end_to_end_latency,776,38658.0
end_to_end_latency,777,38608.0
end_to_end_latency,778,38558.0
end_to_end_latency,779,38508.0
end_to_end_latency,780,38459.0
end_to_end_latency,781,38407.0
end_to_end_latency,782,38357.0
end_to_end_latency,783,38306.0
end_to_end_latency,784,38258.0
end_to_end_latency,785,38208.0
end_to_end_latency,786,38157.0
end_to_end_latency,787,38107.0
end_to_end_latency,788,38058.0
end_to_end_latency,789,38008.0
end_to_end_latency,790,37958.0
end_to_end_latency,791,37908.0
end_to_end_latency,792,37859.0
end_to_end_latency,793,37808.0
end_to_end_latency,794,37759.0
end_to_end_latency,795,37708.0
end_to_end_latency,796,37658.0
end_to_end_latency,797,37608.0
end_to_end_latency,798,37558.0
end_to_end_latency,799,37508.0
end_to_end_latency,800,37458.0
end_to_end_latency,801,37408.0
end_to_end_latency,802,37358.0
end_to_end_latency,803,37308.0
end_to_end_latency,804,37259.0
end_to_end_latency,805,37208.0
end_to_end_latency,806,37158.0
end_to_end_latency,807,37108.0
end_to_end_latency,808,37058.0
end_to_end_latency,809,37008.0
end_to_end_latency,810,36958.0
end_to_end_latency,811,36908.0
end_to_end_latency,812,36858.0
end_to_end_latency,813,36807.0
end_to_end_latency,814,36757.0
end_to_end_latency,815,36708.0
end_to_end_latency,816,36658.0
end_to_end_latency,817,36608.0
end_to_end_latency,818,36558.0
end_to_end_latency,819,36507.0
end_to_end_latency,820,36457.0
end_to_end_latency,821,36407.0
end_to_end_latency,822,36358.0
end_to_end_latency,823,36307.0
end_to_end_latency,824,36257.0
end_to_end_latency,825,36208.0
end_to_end_latency,826,36158.0
end_to_end_latency,827,36108.0
end_to_end_latency,828,36057.0
end_to_end_latency,829,36008.0
end_to_end_latency,830,35958.0
end_to_end_latency,831,35908.0
end_to_end_latency,832,35858.0
end_to_end_latency,833,35807.0
end_to_end_latency,834,35758.0
end_to_end_latency,835,35708.0
end_to_end_latency,836,35656.0
end_to_end_latency,837,35606.0
end_to_end_latency,838,35556.0
end_to_end_latency,839,35507.0
end_to_end_latency,957,29611.0
end_to_end_latency,958,29561.0
end_to_end_latency,959,29511.0
end_to_end_latency,960,29461.0
end_to_end_latency,961,29411.0
end_to_end_latency,962,29361.0
end_to_end_latency,963,29311.0
end_to_end_latency,964,29261.0
end_to_end_latency,965,29212.0
end_to_end_latency,966,29163.0
end_to_end_latency,967,29113.0
end_to_end_latency,968,29063.0
end_to_end_latency,969,29013.0
end_to_end_latency,970,28963.0
end_to_end_latency,971,28913.0
end_to_end_latency,972,28863.0
end_to_end_latency,973,28813.0
end_to_end_latency,974,28763.0
end_to_end_latency,975,28713.0
end_to_end_latency,976,28663.0
end_to_end_latency,977,28613.0
end_to_end_latency,978,28563.0
end_to_end_latency,979,28513.0
end_to_end_latency,980,28463.0
end_to_end_latency,981,28414.0
end_to_end_latency,982,28363.0
end_to_end_latency,983,28313.0
end_to_end_latency,984,28263.0
end_to_end_latency,985,28213.0
end_to_end_latency,986,28163.0
end_to_end_latency,987,28113.0
end_to_end_latency,988,28063.0
end_to_end_latency,989,28013.0
end_to_end_latency,990,27963.0
end_to_end_latency,991,27913.0
end_to_end_latency,992,27863.0
end_to_end_latency,993,27813.0
end_to_end_latency,994,27763.0
end_to_end_latency,995,27713.0
end_to_end_latency,996,27663.0
end_to_end_latency,997,27613.0
end_to_end_latency,998,27563.0
end_to_end_latency,999,27513.0
end_to_end_latency,1000,27463.0
end_to_end_latency,1001,27413.0
end_to_end_latency,1002,27363.0
end_to_end_latency,1003,27313.0
end_to_end_latency,1004,27263.0
end_to_end_latency,1005,27213.0
end_to_end_latency,1006,27163.0
end_to_end_latency,1007,27113.0
end_to_end_latency,1008,27063.0
end_to_end_latency,1009,27013.0
end_to_end_latency,1010,26963.0
end_to_end_latency,1011,26913.0
end_to_end_latency,1012,26863.0
end_to_end_latency,1013,26813.0
end_to_end_latency,1014,26763.0
end_to_end_latency,1015,26713.0
end_to_end_latency,1016,26665.0
end_to_end_latency,1017,26615.0
end_to_end_latency,1018,26565.0
end_to_end_latency,1019,26515.0
end_to_end_latency,1020,26465.0
end_to_end_latency,1021,26415.0
end_to_end_latency,1022,26365.0
end_to_end_latency,1023,26315.0
end_to_end_latency,1024,26265.0
end_to_end_latency,1025,26215.0
end_to_end_latency,1026,26165.0
end_to_end_latency,1027,26115.0
end_to_end_latency,1028,26065.0
end_to_end_latency,1029,26015.0
end_to_end_latency,1030,25965.0
end_to_end_latency,1031,25915.0
end_to_end_latency,1032,25865.0
end_to_end_latency,1033,25815.0
end_to_end_latency,1034,25765.0
end_to_end_latency,1035,25715.0
end_to_end_latency,1036,25665.0
end_to_end_latency,1037,25615.0
end_to_end_latency,1038,25565.0
end_to_end_latency,1039,25515.0
end_to_end_latency,1040,25465.0
end_to_end_latency,1041,25415.0
end_to_end_latency,1042,25365.0
end_to_end_latency,1043,25315.0
end_to_end_latency,1044,25265.0
end_to_end_latency,1045,25215.0
end_to_end_latency,1046,25165.0
end_to_end_latency,1047,25115.0
end_to_end_latency,1048,25065.0
end_to_end_latency,1049,25015.0
end_to_end_latency,1050,24965.0
end_to_end_latency,1051,24915.0
end_to_end_latency,1052,24865.0
end_to_end_latency,1053,24815.0
end_to_end_latency,1155,20061.0
end_to_end_latency,1156,20011.0
end_to_end_latency,1157,19961.0
end_to_end_latency,1158,19910.0
end_to_end_latency,1159,19862.0
end_to_end_latency,1160,19811.0
end_to_end_latency,1161,19761.0
end_to_end_latency,1162,19711.0
end_to_end_latency,1163,19662.0
end_to_end_latency,1164,19611.0
end_to_end_latency,1165,19562.0
end_to_end_latency,1166,19511.0
end_to_end_latency,1167,19462.0
end_to_end_latency,2,1835.0
end_to_end_latency,3,1785.0
end_to_end_latency,4,1736.0
end_to_end_latency,5,1685.0
end_to_end_latency,6,1636.0
end_to_end_latency,7,1586.0
end_to_end_latency,8,1535.0
end_to_end_latency,9,1486.0
end_to_end_latency,10,1436.0
end_to_end_latency,11,1385.0
end_to_end_latency,12,1336.0
end_to_end_latency,13,1285.0
end_to_end_latency,14,1236.0
end_to_end_latency,15,1185.0
end_to_end_latency,16,1136.0
end_to_end_latency,17,1085.0
end_to_end_latency,18,1035.0
end_to_end_latency,19,986.0
end_to_end_latency,24,1440.0
end_to_end_latency,25,1391.0
end_to_end_latency,26,1340.0
end_to_end_latency,27,1291.0
end_to_end_latency,28,1240.0
end_to_end_latency,29,1190.0
end_to_end_latency,30,1140.0
end_to_end_latency,31,1091.0
end_to_end_latency,32,1041.0
end_to_end_latency,37,1306.0
end_to_end_latency,38,1256.0
end_to_end_latency,39,1207.0
end_to_end_latency,40,1157.0
end_to_end_latency,41,1107.0
end_to_end_latency,42,1056.0
end_to_end_latency,47,1330.0
end_to_end_latency,48,1279.0
end_to_end_latency,49,1230.0
end_to_end_latency,50,1180.0
end_to_end_latency,51,1129.0
end_to_end_latency,52,1079.0
end_to_end_latency,53,1029.0
end_to_end_latency,58,1348.0
end_to_end_latency,59,1298.0
end_to_end_latency,60,1249.0
end_to_end_latency,61,1199.0
end_to_end_latency,62,1149.0
end_to_end_latency,63,1098.0
end_to_end_latency,68,1226.0
end_to_end_latency,69,1176.0
end_to_end_latency,79,1198.0
end_to_end_latency,80,1149.0
end_to_end_latency,81,1098.0
end_to_end_latency,82,1049.0
end_to_end_latency,83,998.0
end_to_end_latency,84,948.0
end_to_end_latency,87,1821.0
end_to_end_latency,88,1771.0
end_to_end_latency,89,1720.0
end_to_end_latency,90,1671.0
end_to_end_latency,91,1621.0
end_to_end_latency,92,1571.0
end_to_end_latency,93,1521.0
end_to_end_latency,94,1472.0
end_to_end_latency,115,1433.0
end_to_end_latency,116,1383.0
end_to_end_latency,126,2856.0
end_to_end_latency,127,2806.0
end_to_end_latency,128,2756.0
end_to_end_latency,129,2707.0
end_to_end_latency,130,2657.0
end_to_end_latency,143,2007.0
end_to_end_latency,144,1957.0
end_to_end_latency,145,1907.0
end_to_end_latency,146,1857.0
end_to_end_latency,147,1808.0
end_to_end_latency,160,1935.0
end_to_end_latency,161,1885.0
end_to_end_latency,162,1837.0
end_to_end_latency,163,1786.0
end_to_end_latency,164,2792.0
end_to_end_latency,165,2741.0
end_to_end_latency,166,2691.0
end_to_end_latency,167,2641.0
end_to_end_latency,168,2592.0
end_to_end_latency,169,2542.0
end_to_end_latency,170,2491.0
end_to_end_latency,171,2442.0
end_to_end_latency,172,2391.0
end_to_end_latency,173,2342.0
end_to_end_latency,174,2291.0
end_to_end_latency,175,2241.0
end_to_end_latency,176,2191.0
end_to_end_latency,177,2140.0
end_to_end_latency,178,2091.0
end_to_end_latency,179,2041.0
end_to_end_latency,180,1991.0
end_to_end_latency,181,1940.0
end_to_end_latency,182,1891.0
end_to_end_latency,183,1841.0
end_to_end_latency,184,1791.0
end_to_end_latency,196,2384.0
end_to_end_latency,197,2334.0
end_to_end_latency,229,6207.0
end_to_end_latency,230,6157.0
end_to_end_latency,231,6107.0
end_to_end_latency,232,6057.0
end_to_end_latency,233,6007.0
end_to_end_latency,234,5957.0
end_to_end_latency,235,5907.0
end_to_end_latency,236,5857.0
end_to_end_latency,237,5808.0
end_to_end_latency,238,5757.0
end_to_end_latency,239,5707.0
end_to_end_latency,240,5657.0
end_to_end_latency,241,5608.0
end_to_end_latency,242,5557.0
end_to_end_latency,243,5507.0
end_to_end_latency,244,5457.0
end_to_end_latency,245,5407.0
end_to_end_latency,246,5357.0
end_to_end_latency,247,5306.0
end_to_end_latency,248,5256.0
end_to_end_latency,249,5206.0
end_to_end_latency,250,5157.0
end_to_end_latency,251,5107.0
end_to_end_latency,252,5057.0
end_to_end_latency,253,5007.0
end_to_end_latency,254,4959.0
end_to_end_latency,255,4909.0
end_to_end_latency,256,4859.0
end_to_end_latency,257,4809.0
end_to_end_latency,258,4759.0
end_to_end_latency,259,4709.0
end_to_end_latency,260,4659.0
end_to_end_latency,261,4609.0
end_to_end_latency,262,4560.0
end_to_end_latency,263,4509.0
end_to_end_latency,264,4459.0
end_to_end_latency,265,4409.0
end_to_end_latency,266,4359.0
end_to_end_latency,267,4309.0
end_to_end_latency,268,4258.0
end_to_end_latency,269,4209.0
end_to_end_latency,270,4159.0
end_to_end_latency,287,6128.0
end_to_end_latency,288,6078.0
end_to_end_latency,289,6028.0
end_to_end_latency,290,5979.0
end_to_end_latency,291,5929.0
end_to_end_latency,292,5879.0
end_to_end_latency,293,5829.0
end_to_end_latency,294,5779.0
end_to_end_latency,295,5729.0
end_to_end_latency,296,5680.0
end_to_end_latency,297,5628.0
end_to_end_latency,298,5579.0
end_to_end_latency,299,5528.0
end_to_end_latency,300,5477.0
end_to_end_latency,301,5429.0
end_to_end_latency,302,5379.0
end_to_end_latency,303,5329.0
end_to_end_latency,341,9831.0
end_to_end_latency,342,9781.0
end_to_end_latency,343,9731.0
end_to_end_latency,344,9681.0
end_to_end_latency,345,9631.0
end_to_end_latency,346,9581.0
end_to_end_latency,347,9532.0
end_to_end_latency,348,9482.0
end_to_end_latency,349,9432.0
end_to_end_latency,350,9382.0
end_to_end_latency,351,9331.0
end_to_end_latency,352,9282.0
end_to_end_latency,353,9231.0
end_to_end_latency,354,9181.0
end_to_end_latency,355,9132.0
end_to_end_latency,356,9082.0
end_to_end_latency,357,9033.0
end_to_end_latency,358,8982.0
end_to_end_latency,359,8932.0
end_to_end_latency,360,8882.0
end_to_end_latency,361,8832.0
end_to_end_latency,362,8782.0
end_to_end_latency,363,8732.0
end_to_end_latency,364,8682.0
end_to_end_latency,365,8632.0
end_to_end_latency,366,8581.0
end_to_end_latency,367,8531.0
end_to_end_latency,368,8482.0
end_to_end_latency,369,8432.0
end_to_end_latency,370,8382.0
end_to_end_latency,371,8332.0
end_to_end_latency,372,8281.0
end_to_end_latency,373,8232.0
end_to_end_latency,374,8182.0
end_to_end_latency,375,8132.0
end_to_end_latency,442,8921.0
end_to_end_latency,443,8871.0
end_to_end_latency,444,8820.0
end_to_end_latency,445,8771.0
end_to_end_latency,446,8721.0
end_to_end_latency,447,8671.0
end_to_end_latency,448,8620.0
end_to_end_latency,449,8571.0
end_to_end_latency,450,8521.0
end_to_end_latency,451,8472.0
end_to_end_latency,452,8422.0
end_to_end_latency,453,8371.0
end_to_end_latency,454,8321.0
end_to_end_latency,455,8272.0
end_to_end_latency,601,22663.0
end_to_end_latency,602,22614.0
end_to_end_latency,603,22564.0
end_to_end_latency,604,22513.0
end_to_end_latency,605,22463.0
end_to_end_latency,606,22414.0
end_to_end_latency,607,22363.0
end_to_end_latency,608,22314.0
end_to_end_latency,609,22263.0
end_to_end_latency,610,22214.0
end_to_end_latency,611,22163.0
end_to_end_latency,612,22113.0
end_to_end_latency,613,22062.0
end_to_end_latency,614,22013.0
end_to_end_latency,615,21962.0
end_to_end_latency,616,21911.0
end_to_end_latency,617,21863.0
end_to_end_latency,618,21812.0
end_to_end_latency,619,21762.0
end_to_end_latency,620,21712.0
end_to_end_latency,621,21664.0
end_to_end_latency,622,46341.0
end_to_end_latency,623,46290.0
end_to_end_latency,624,46240.0
end_to_end_latency,625,46190.0
end_to_end_latency,626,46140.0
end_to_end_latency,627,46091.0
end_to_end_latency,628,46040.0
end_to_end_latency,629,45991.0
end_to_end_latency,630,45940.0
end_to_end_latency,631,45890.0
end_to_end_latency,632,45841.0
end_to_end_latency,633,45791.0
end_to_end_latency,634,45740.0
end_to_end_latency,635,45690.0
end_to_end_latency,636,45640.0
end_to_end_latency,637,45590.0
end_to_end_latency,638,45541.0
end_to_end_latency,639,45490.0
end_to_end_latency,640,45441.0
end_to_end_latency,641,45390.0
end_to_end_latency,642,45341.0
end_to_end_latency,643,45290.0
end_to_end_latency,644,45241.0
end_to_end_latency,645,45191.0
end_to_end_latency,646,45141.0
end_to_end_latency,647,45090.0
end_to_end_latency,648,45040.0
end_to_end_latency,649,44990.0
end_to_end_latency,650,44940.0
end_to_end_latency,651,44890.0
end_to_end_latency,652,44841.0
end_to_end_latency,653,44790.0
end_to_end_latency,654,44741.0
end_to_end_latency,655,44691.0
end_to_end_latency,656,44641.0
end_to_end_latency,657,44590.0
end_to_end_latency,658,44541.0
end_to_end_latency,659,44491.0
end_to_end_latency,660,44440.0
end_to_end_latency,661,44391.0
end_to_end_latency,662,44341.0
end_to_end_latency,663,44290.0
end_to_end_latency,664,44241.0
end_to_end_latency,665,44190.0
end_to_end_latency,666,44141.0
end_to_end_latency,667,44090.0
end_to_end_latency,668,44041.0
end_to_end_latency,669,43990.0
end_to_end_latency,670,43940.0
end_to_end_latency,671,43890.0
end_to_end_latency,672,43839.0
end_to_end_latency,673,43790.0
end_to_end_latency,674,43740.0
end_to_end_latency,675,43690.0
end_to_end_latency,676,43641.0
end_to_end_latency,677,43590.0
end_to_end_latency,678,43540.0
end_to_end_latency,679,43491.0
end_to_end_latency,680,43440.0
end_to_end_latency,681,43390.0
end_to_end_latency,682,43341.0
end_to_end_latency,683,43290.0
end_to_end_latency,684,43240.0
end_to_end_latency,685,43191.0
end_to_end_latency,686,43141.0
end_to_end_latency,687,43090.0
end_to_end_latency,688,43041.0
end_to_end_latency,689,42990.0
end_to_end_latency,690,42940.0
end_to_end_latency,691,42891.0
end_to_end_latency,692,42841.0
end_to_end_latency,693,42790.0
end_to_end_latency,694,42741.0
end_to_end_latency,695,42690.0
end_to_end_latency,696,42641.0
end_to_end_latency,697,42590.0
end_to_end_latency,698,42541.0
end_to_end_latency,699,42490.0
end_to_end_latency,700,42441.0
end_to_end_latency,701,42391.0
end_to_end_latency,702,42341.0
end_to_end_latency,703,42289.0
end_to_end_latency,704,42241.0
end_to_end_latency,705,42190.0
end_to_end_latency,706,42141.0
end_to_end_latency,707,42090.0
end_to_end_latency,708,42040.0
end_to_end_latency,709,41990.0
end_to_end_latency,710,41940.0
end_to_end_latency,711,41891.0
end_to_end_latency,712,41840.0
end_to_end_latency,713,41791.0
end_to_end_latency,714,41739.0
end_to_end_latency,715,41691.0
end_to_end_latency,716,41640.0
end_to_end_latency,717,41590.0
end_to_end_latency,718,41540.0
end_to_end_latency,719,41489.0
end_to_end_latency,720,41441.0
end_to_end_latency,721,41390.0
end_to_end_latency,722,41340.0
end_to_end_latency,723,41291.0
end_to_end_latency,724,41240.0
end_to_end_latency,725,41190.0
end_to_end_latency,726,41144.0
end_to_end_latency,727,41093.0
end_to_end_latency,728,41043.0
end_to_end_latency,729,40994.0
end_to_end_latency,730,40943.0
end_to_end_latency,731,40894.0
end_to_end_latency,732,40843.0
end_to_end_latency,733,40793.0
end_to_end_latency,734,40743.0
end_to_end_latency,735,40693.0
end_to_end_latency,736,40644.0
end_to_end_latency,737,40593.0
end_to_end_latency,738,40543.0
end_to_end_latency,739,40493.0
end_to_end_latency,740,40442.0
end_to_end_latency,741,40394.0
end_to_end_latency,742,40343.0
end_to_end_latency,743,40292.0
end_to_end_latency,744,40244.0
end_to_end_latency,745,40193.0
end_to_end_latency,746,40144.0
end_to_end_latency,747,40093.0
end_to_end_latency,748,40043.0
end_to_end_latency,749,39993.0
end_to_end_latency,750,39942.0
end_to_end_latency,751,39892.0
end_to_end_latency,752,39843.0
end_to_end_latency,753,39794.0
end_to_end_latency,754,39741.0
end_to_end_latency,755,39693.0
end_to_end_latency,756,39642.0
end_to_end_latency,757,39593.0
end_to_end_latency,758,39539.0
end_to_end_latency,759,39494.0
end_to_end_latency,760,39444.0
end_to_end_latency,761,39393.0
end_to_end_latency,762,39344.0
end_to_end_latency,763,39293.0
end_to_end_latency,764,39244.0
end_to_end_latency,765,39192.0
end_to_end_latency,766,39144.0
end_to_end_latency,767,39093.0
end_to_end_latency,768,39043.0
end_to_end_latency,769,38994.0
end_to_end_latency,770,38942.0
end_to_end_latency,771,38893.0
end_to_end_latency,772,38843.0
end_to_end_latency,773,38793.0
end_to_end_latency,774,38743.0
end_to_end_latency,775,38693.0
end_to_end_latency,776,38643.0
end_to_end_latency,777,38593.0
end_to_end_latency,778,38543.0
end_to_end_latency,779,38494.0
end_to_end_latency,780,38443.0
end_to_end_latency,781,38394.0
end_to_end_latency,782,38343.0
end_to_end_latency,783,38293.0
end_to_end_latency,784,38243.0
end_to_end_latency,785,38193.0
end_to_end_latency,786,38144.0
end_to_end_latency,787,38093.0
end_to_end_latency,788,38043.0
end_to_end_latency,789,37993.0
end_to_end_latency,790,37942.0
end_to_end_latency,791,37893.0
end_to_end_latency,792,37843.0
end_to_end_latency,793,37793.0
end_to_end_latency,794,37743.0
end_to_end_latency,795,37692.0
end_to_end_latency,796,37643.0
end_to_end_latency,797,37592.0
end_to_end_latency,798,37543.0
end_to_end_latency,799,37493.0
end_to_end_latency,800,37443.0
end_to_end_latency,801,37392.0
end_to_end_latency,802,37343.0
end_to_end_latency,803,37293.0
end_to_end_latency,804,37243.0
end_to_end_latency,805,37192.0
end_to_end_latency,806,37143.0
end_to_end_latency,807,37093.0
end_to_end_latency,808,37043.0
end_to_end_latency,809,36993.0
end_to_end_latency,810,36942.0
end_to_end_latency,811,36893.0
end_to_end_latency,812,36844.0
end_to_end_latency,813,36793.0
end_to_end_latency,814,36743.0
end_to_end_latency,815,36693.0
end_to_end_latency,816,36643.0
end_to_end_latency,817,36594.0
end_to_end_latency,818,36543.0
end_to_end_latency,819,36494.0
end_to_end_latency,820,36442.0
end_to_end_latency,821,36392.0
end_to_end_latency,822,36342.0
end_to_end_latency,823,36169.0
end_to_end_latency,824,36168.0
end_to_end_latency,825,36166.0
end_to_end_latency,826,36143.0
end_to_end_latency,827,36092.0
end_to_end_latency,828,36042.0
end_to_end_latency,829,35993.0
end_to_end_latency,830,35943.0
end_to_end_latency,831,35893.0
end_to_end_latency,832,35843.0
end_to_end_latency,833,35793.0
end_to_end_latency,834,35743.0
end_to_end_latency,835,35693.0
end_to_end_latency,836,35643.0
end_to_end_latency,837,35593.0
end_to_end_latency,838,35543.0
end_to_end_latency,839,35494.0
end_to_end_latency,840,35443.0
end_to_end_latency,841,35393.0
end_to_end_latency,842,35343.0
end_to_end_latency,843,35292.0
end_to_end_latency,844,35243.0
end_to_end_latency,845,35193.0
end_to_end_latency,846,35142.0
end_to_end_latency,847,35093.0
end_to_end_latency,848,35043.0
end_to_end_latency,849,34993.0
end_to_end_latency,850,34943.0
end_to_end_latency,851,34893.0
end_to_end_latency,852,34842.0
end_to_end_latency,853,34793.0
end_to_end_latency,854,34743.0
end_to_end_latency,855,34692.0
end_to_end_latency,856,34642.0
end_to_end_latency,857,34593.0
end_to_end_latency,858,34542.0
end_to_end_latency,859,34491.0
end_to_end_latency,860,34443.0
end_to_end_latency,861,34393.0
end_to_end_latency,862,34343.0
end_to_end_latency,863,34295.0
end_to_end_latency,864,34245.0
end_to_end_latency,961,29398.0
end_to_end_latency,962,29347.0
end_to_end_latency,963,29298.0
end_to_end_latency,964,29247.0
end_to_end_latency,965,29198.0
end_to_end_latency,966,29147.0
end_to_end_latency,967,29098.0
end_to_end_latency,968,29047.0
end_to_end_latency,969,28997.0
end_to_end_latency,970,28947.0
end_to_end_latency,971,28897.0
end_to_end_latency,972,28847.0
end_to_end_latency,973,28798.0
end_to_end_latency,974,28747.0
end_to_end_latency,975,28697.0
end_to_end_latency,976,28648.0
end_to_end_latency,977,28597.0
end_to_end_latency,978,28548.0
end_to_end_latency,979,28497.0
end_to_end_latency,980,28448.0
end_to_end_latency,981,28397.0
end_to_end_latency,982,28348.0
end_to_end_latency,983,28297.0
end_to_end_latency,984,28247.0
end_to_end_latency,985,28197.0
end_to_end_latency,986,28147.0
end_to_end_latency,987,28098.0
end_to_end_latency,988,28048.0
end_to_end_latency,989,27998.0
end_to_end_latency,990,27948.0
end_to_end_latency,991,27899.0
end_to_end_latency,992,27848.0
end_to_end_latency,993,27798.0
end_to_end_latency,994,27748.0
end_to_end_latency,995,27698.0
end_to_end_latency,996,27649.0
end_to_end_latency,997,27599.0
end_to_end_latency,998,27548.0
end_to_end_latency,999,27498.0
end_to_end_latency,1000,27448.0
end_to_end_latency,1001,27399.0
end_to_end_latency,1002,27348.0
end_to_end_latency,1003,27298.0
end_to_end_latency,1004,27248.0
end_to_end_latency,1005,27198.0
end_to_end_latency,1006,27148.0
end_to_end_latency,1007,27098.0
end_to_end_latency,1008,27048.0
end_to_end_latency,1009,26998.0
end_to_end_latency,1010,26948.0
end_to_end_latency,1011,26898.0
end_to_end_latency,1012,26848.0
end_to_end_latency,1013,26798.0
end_to_end_latency,1014,26748.0
end_to_end_latency,1015,26698.0
end_to_end_latency,1016,26649.0
end_to_end_latency,1017,26598.0
end_to_end_latency,1018,26548.0
end_to_end_latency,1019,26498.0
end_to_end_latency,1020,26449.0
end_to_end_latency,1021,26399.0
end_to_end_latency,1022,26348.0
end_to_end_latency,1023,26299.0
end_to_end_latency,1024,26248.0
end_to_end_latency,1025,26198.0
end_to_end_latency,1026,26148.0
end_to_end_latency,1027,26098.0
end_to_end_latency,1179,18849.0
end_to_end_latency,1180,18798.0
end_to_end_latency,1181,18748.0
end_to_end_latency,1182,18698.0
end_to_end_latency,1183,18648.0
end_to_end_latency,1184,18598.0
end_to_end_latency,0,1681.0
end_to_end_latency,1,1872.0
end_to_end_latency,2,1822.0
end_to_end_latency,3,1772.0
end_to_end_latency,4,1721.0
end_to_end_latency,5,1672.0
end_to_end_latency,6,1622.0
end_to_end_latency,7,1572.0
end_to_end_latency,8,1522.0
end_to_end_latency,9,1472.0
end_to_end_latency,10,1421.0
end_to_end_latency,11,1372.0
end_to_end_latency,12,1322.0
end_to_end_latency,13,1272.0
end_to_end_latency,14,1222.0
end_to_end_latency,15,1172.0
end_to_end_latency,16,1122.0
end_to_end_latency,17,1071.0
end_to_end_latency,18,1022.0
end_to_end_latency,19,972.0
end_to_end_latency,25,1377.0
end_to_end_latency,26,1327.0
end_to_end_latency,27,1277.0
end_to_end_latency,28,1227.0
end_to_end_latency,29,1177.0
end_to_end_latency,30,1127.0
end_to_end_latency,31,1077.0
end_to_end_latency,35,1392.0
end_to_end_latency,36,1341.0
end_to_end_latency,37,1292.0
end_to_end_latency,38,1243.0
end_to_end_latency,39,1193.0
end_to_end_latency,40,1143.0
end_to_end_latency,41,1093.0
end_to_end_latency,42,1043.0
end_to_end_latency,47,1316.0
end_to_end_latency,48,1266.0
end_to_end_latency,49,1216.0
end_to_end_latency,50,1166.0
end_to_end_latency,51,1116.0
end_to_end_latency,52,1065.0
end_to_end_latency,56,1434.0
end_to_end_latency,57,1383.0
end_to_end_latency,58,1333.0
end_to_end_latency,59,1284.0
end_to_end_latency,60,1233.0
end_to_end_latency,61,1184.0
end_to_end_latency,62,1134.0
end_to_end_latency,63,1085.0
end_to_end_latency,67,1261.0
end_to_end_latency,68,1212.0
end_to_end_latency,69,1162.0
end_to_end_latency,70,1112.0
end_to_end_latency,71,1061.0
end_to_end_latency,72,1012.0
end_to_end_latency,73,961.0
end_to_end_latency,74,912.0
end_to_end_latency,78,1235.0
end_to_end_latency,79,1185.0
end_to_end_latency,80,1135.0
end_to_end_latency,81,1085.0
end_to_end_latency,82,1034.0
end_to_end_latency,83,985.0
end_to_end_latency,84,934.0
end_to_end_latency,89,1707.0
end_to_end_latency,90,1658.0
end_to_end_latency,91,1607.0
end_to_end_latency,92,1557.0
end_to_end_latency,93,1508.0
end_to_end_latency,94,1458.0
end_to_end_latency,95,1409.0
end_to_end_latency,96,1358.0
end_to_end_latency,102,1726.0
end_to_end_latency,103,1675.0
end_to_end_latency,104,1626.0
end_to_end_latency,105,1576.0
end_to_end_latency,106,1525.0
end_to_end_latency,107,1475.0
end_to_end_latency,114,1471.0
end_to_end_latency,115,1421.0
end_to_end_latency,116,1370.0
end_to_end_latency,127,2793.0
end_to_end_latency,128,2743.0
end_to_end_latency,129,2693.0
end_to_end_latency,130,2643.0
end_to_end_latency,131,2593.0
end_to_end_latency,132,2543.0
end_to_end_latency,133,2493.0
end_to_end_latency,134,2443.0
end_to_end_latency,135,2392.0
end_to_end_latency,143,1994.0
end_to_end_latency,144,1944.0
end_to_end_latency,145,1894.0
end_to_end_latency,146,1844.0
end_to_end_latency,147,1793.0
end_to_end_latency,148,1744.0
end_to_end_latency,149,1694.0
end_to_end_latency,150,1643.0
end_to_end_latency,159,1973.0
end_to_end_latency,160,1923.0
end_to_end_latency,161,1873.0
end_to_end_latency,162,1823.0
end_to_end_latency,163,1773.0
end_to_end_latency,164,2778.0
end_to_end_latency,165,2728.0
end_to_end_latency,166,2678.0
end_to_end_latency,167,2627.0
end_to_end_latency,178,2078.0
end_to_end_latency,179,3221.0
end_to_end_latency,180,3171.0
end_to_end_latency,181,3120.0
end_to_end_latency,182,3071.0
end_to_end_latency,183,3021.0
end_to_end_latency,184,2971.0
end_to_end_latency,185,2921.0
end_to_end_latency,186,2870.0
end_to_end_latency,187,2820.0
end_to_end_latency,188,2771.0
end_to_end_latency,189,2720.0
end_to_end_latency,190,2670.0
end_to_end_latency,191,2620.0
end_to_end_latency,196,2370.0
end_to_end_latency,197,2321.0
end_to_end_latency,198,2270.0
end_to_end_latency,199,2221.0
end_to_end_latency,200,2170.0
end_to_end_latency,201,2120.0
end_to_end_latency,202,2070.0
end_to_end_latency,203,2020.0
end_to_end_latency,204,1970.0
end_to_end_latency,205,1920.0
end_to_end_latency,206,1871.0
end_to_end_latency,207,2200.0
end_to_end_latency,208,2150.0
end_to_end_latency,209,2101.0
end_to_end_latency,212,1951.0
end_to_end_latency,213,1901.0
end_to_end_latency,214,1850.0
end_to_end_latency,215,1800.0
end_to_end_latency,216,1750.0
end_to_end_latency,217,1701.0
end_to_end_latency,218,1650.0
end_to_end_latency,219,1601.0
end_to_end_latency,247,5294.0
end_to_end_latency,248,5245.0
end_to_end_latency,249,5194.0
end_to_end_latency,250,5144.0
end_to_end_latency,251,5094.0
end_to_end_latency,252,5045.0
end_to_end_latency,253,4994.0
end_to_end_latency,254,4944.0
end_to_end_latency,255,4894.0
end_to_end_latency,256,4845.0
end_to_end_latency,257,4794.0
end_to_end_latency,258,4745.0
end_to_end_latency,259,4694.0
end_to_end_latency,260,4645.0
end_to_end_latency,261,4595.0
end_to_end_latency,262,4546.0
end_to_end_latency,263,4495.0
end_to_end_latency,278,6564.0
end_to_end_latency,279,6515.0
end_to_end_latency,280,6465.0
end_to_end_latency,281,6414.0
end_to_end_latency,282,6364.0
end_to_end_latency,283,6314.0
end_to_end_latency,284,6263.0
end_to_end_latency,285,6213.0
end_to_end_latency,286,6164.0
end_to_end_latency,287,6114.0
end_to_end_latency,288,6063.0
end_to_end_latency,289,6015.0
end_to_end_latency,290,5964.0
end_to_end_latency,291,5915.0
end_to_end_latency,292,5864.0
end_to_end_latency,293,5815.0
end_to_end_latency,337,10017.0
end_to_end_latency,338,9968.0
end_to_end_latency,339,9917.0
end_to_end_latency,340,9867.0
end_to_end_latency,341,9817.0
end_to_end_latency,342,9767.0
end_to_end_latency,343,9718.0
end_to_end_latency,344,9667.0
end_to_end_latency,345,9618.0
end_to_end_latency,346,9568.0
end_to_end_latency,347,9517.0
end_to_end_latency,348,9467.0
end_to_end_latency,349,9418.0
end_to_end_latency,443,8858.0
end_to_end_latency,444,8807.0
end_to_end_latency,445,8758.0
end_to_end_latency,446,8708.0
end_to_end_latency,447,8658.0
end_to_end_latency,448,8608.0
end_to_end_latency,449,8558.0
end_to_end_latency,450,8509.0
end_to_end_latency,451,8459.0
end_to_end_latency,452,8409.0
end_to_end_latency,453,8358.0
end_to_end_latency,454,8309.0
end_to_end_latency,455,8258.0
end_to_end_latency,456,8208.0
end_to_end_latency,457,8157.0
end_to_end_latency,458,8108.0
end_to_end_latency,459,8058.0
end_to_end_latency,460,8008.0
end_to_end_latency,461,7958.0
end_to_end_latency,462,7908.0
end_to_end_latency,463,7858.0
end_to_end_latency,464,7809.0
end_to_end_latency,465,7758.0
end_to_end_latency,466,7708.0
end_to_end_latency,618,46524.0
end_to_end_latency,619,46474.0
end_to_end_latency,620,46425.0
end_to_end_latency,621,46375.0
end_to_end_latency,622,46325.0
end_to_end_latency,623,46275.0
end_to_end_latency,624,46225.0
end_to_end_latency,625,46175.0
end_to_end_latency,626,46125.0
end_to_end_latency,627,46074.0
end_to_end_latency,628,46025.0
end_to_end_latency,629,45975.0
end_to_end_latency,630,45925.0
end_to_end_latency,631,45875.0
end_to_end_latency,632,45825.0
end_to_end_latency,633,45775.0
end_to_end_latency,634,45725.0
end_to_end_latency,635,45675.0
end_to_end_latency,636,45624.0
end_to_end_latency,637,45575.0
end_to_end_latency,638,45525.0
end_to_end_latency,639,45475.0
end_to_end_latency,640,45425.0
end_to_end_latency,641,45375.0
end_to_end_latency,642,45325.0
end_to_end_latency,643,45275.0
end_to_end_latency,644,45225.0
end_to_end_latency,645,45175.0
end_to_end_latency,646,45125.0
end_to_end_latency,647,45075.0
end_to_end_latency,648,45025.0
end_to_end_latency,649,44975.0
end_to_end_latency,650,44925.0
end_to_end_latency,651,44875.0
end_to_end_latency,652,44825.0
end_to_end_latency,653,44775.0
end_to_end_latency,654,44725.0
end_to_end_latency,655,44674.0
end_to_end_latency,656,44625.0
end_to_end_latency,657,44575.0
end_to_end_latency,658,44525.0
end_to_end_latency,659,44475.0
end_to_end_latency,660,44425.0
end_to_end_latency,661,44375.0
end_to_end_latency,662,44325.0
end_to_end_latency,663,44275.0
end_to_end_latency,664,44225.0
end_to_end_latency,665,44175.0
end_to_end_latency,666,44125.0
end_to_end_latency,667,44075.0
end_to_end_latency,668,44025.0
end_to_end_latency,669,43974.0
end_to_end_latency,670,43926.0
end_to_end_latency,671,43875.0
end_to_end_latency,672,43825.0
end_to_end_latency,673,43775.0
end_to_end_latency,674,43725.0
end_to_end_latency,675,43675.0
end_to_end_latency,676,43624.0
end_to_end_latency,677,43575.0
end_to_end_latency,678,43525.0
end_to_end_latency,679,43475.0
end_to_end_latency,680,43425.0
end_to_end_latency,681,43375.0
end_to_end_latency,682,43325.0
end_to_end_latency,683,43275.0
end_to_end_latency,684,43225.0
end_to_end_latency,685,43175.0
end_to_end_latency,686,43125.0
end_to_end_latency,687,43075.0
end_to_end_latency,688,43025.0
end_to_end_latency,689,42975.0
end_to_end_latency,690,42925.0
end_to_end_latency,691,42874.0
end_to_end_latency,692,42825.0
end_to_end_latency,693,42775.0
end_to_end_latency,694,42725.0
end_to_end_latency,695,42675.0
end_to_end_latency,696,42624.0
end_to_end_latency,697,42574.0
end_to_end_latency,698,42525.0
end_to_end_latency,699,42475.0
end_to_end_latency,700,42424.0
end_to_end_latency,701,42375.0
end_to_end_latency,702,42325.0
end_to_end_latency,703,42275.0
end_to_end_latency,704,42224.0
end_to_end_latency,705,42175.0
end_to_end_latency,706,42125.0
end_to_end_latency,707,42075.0
end_to_end_latency,708,42025.0
end_to_end_latency,709,41974.0
end_to_end_latency,710,41924.0
end_to_end_latency,711,41875.0
end_to_end_latency,712,41824.0
end_to_end_latency,713,41775.0
end_to_end_latency,714,41725.0
end_to_end_latency,715,41675.0
end_to_end_latency,716,41625.0
end_to_end_latency,717,41575.0
end_to_end_latency,718,41525.0
end_to_end_latency,719,41474.0
end_to_end_latency,720,41425.0
end_to_end_latency,721,41375.0
end_to_end_latency,722,41325.0
end_to_end_latency,723,41275.0
end_to_end_latency,724,41224.0
end_to_end_latency,725,41175.0
end_to_end_latency,726,41125.0
end_to_end_latency,727,41075.0
end_to_end_latency,728,41028.0
end_to_end_latency,729,40979.0
end_to_end_latency,730,40929.0
end_to_end_latency,731,40879.0
end_to_end_latency,732,40828.0
end_to_end_latency,733,40779.0
end_to_end_latency,734,40728.0
end_to_end_latency,735,40678.0
end_to_end_latency,736,40629.0
end_to_end_latency,737,40579.0
end_to_end_latency,738,40529.0
end_to_end_latency,739,40479.0
end_to_end_latency,740,40429.0
end_to_end_latency,741,40379.0
end_to_end_latency,742,40329.0
end_to_end_latency,743,40278.0
end_to_end_latency,744,40229.0
end_to_end_latency,745,40179.0
end_to_end_latency,746,40126.0
end_to_end_latency,747,40078.0
end_to_end_latency,748,40029.0
end_to_end_latency,749,39979.0
end_to_end_latency,750,39929.0
end_to_end_latency,751,39878.0
end_to_end_latency,752,39828.0
end_to_end_latency,753,39779.0
end_to_end_latency,754,39729.0
end_to_end_latency,755,39679.0
end_to_end_latency,756,39629.0
end_to_end_latency,757,39579.0
end_to_end_latency,758,39528.0
end_to_end_latency,759,39479.0
end_to_end_latency,760,39429.0
end_to_end_latency,761,39378.0
end_to_end_latency,762,39327.0
end_to_end_latency,763,39279.0
end_to_end_latency,764,39228.0
end_to_end_latency,765,39178.0
end_to_end_latency,766,39128.0
end_to_end_latency,767,39079.0
end_to_end_latency,768,39029.0
end_to_end_latency,769,38979.0
end_to_end_latency,770,38929.0
end_to_end_latency,771,38879.0
end_to_end_latency,772,38828.0
end_to_end_latency,773,38779.0
end_to_end_latency,774,38729.0
end_to_end_latency,775,38679.0
end_to_end_latency,776,38629.0
end_to_end_latency,777,38578.0
end_to_end_latency,778,38529.0
end_to_end_latency,779,38478.0
end_to_end_latency,780,38427.0
end_to_end_latency,781,38378.0
end_to_end_latency,782,38328.0
end_to_end_latency,783,38278.0
end_to_end_latency,784,38229.0
end_to_end_latency,785,38179.0
end_to_end_latency,786,38129.0
end_to_end_latency,787,38079.0
end_to_end_latency,788,38028.0
end_to_end_latency,789,37978.0
end_to_end_latency,790,37929.0
end_to_end_latency,791,37879.0
end_to_end_latency,792,37829.0
end_to_end_latency,793,37779.0
end_to_end_latency,794,37728.0
end_to_end_latency,795,37678.0
end_to_end_latency,796,37628.0
end_to_end_latency,797,37579.0
end_to_end_latency,798,37529.0
end_to_end_latency,799,37479.0
end_to_end_latency,800,37428.0
end_to_end_latency,801,37378.0
end_to_end_latency,802,37329.0
end_to_end_latency,803,37279.0
end_to_end_latency,804,37229.0
end_to_end_latency,805,37178.0
end_to_end_latency,806,37129.0
end_to_end_latency,807,37078.0
end_to_end_latency,808,37028.0
end_to_end_latency,809,36978.0
end_to_end_latency,810,36929.0
end_to_end_latency,811,36878.0
end_to_end_latency,812,36828.0
end_to_end_latency,813,36779.0
end_to_end_latency,814,36728.0
end_to_end_latency,815,36679.0
end_to_end_latency,816,36628.0
end_to_end_latency,817,36579.0
end_to_end_latency,818,36529.0
end_to_end_latency,819,36478.0
end_to_end_latency,820,36428.0
end_to_end_latency,821,36378.0
end_to_end_latency,822,36328.0
end_to_end_latency,823,36279.0
end_to_end_latency,824,36229.0
end_to_end_latency,825,36178.0
end_to_end_latency,826,36128.0
end_to_end_latency,827,36079.0
end_to_end_latency,828,36029.0
end_to_end_latency,829,35979.0
end_to_end_latency,830,35929.0
end_to_end_latency,831,35879.0
end_to_end_latency,832,35829.0
end_to_end_latency,833,35778.0
end_to_end_latency,834,35729.0
end_to_end_latency,835,35678.0
end_to_end_latency,836,35629.0
end_to_end_latency,837,35579.0
end_to_end_latency,838,35529.0
end_to_end_latency,839,35479.0
end_to_end_latency,946,30135.0
end_to_end_latency,947,30086.0
end_to_end_latency,948,30035.0
end_to_end_latency,949,29986.0
end_to_end_latency,950,29936.0
end_to_end_latency,951,29886.0
end_to_end_latency,952,29836.0
end_to_end_latency,953,29786.0
end_to_end_latency,954,29735.0
end_to_end_latency,955,29686.0
end_to_end_latency,956,29636.0
end_to_end_latency,957,29586.0
end_to_end_latency,958,29536.0
end_to_end_latency,959,29486.0
end_to_end_latency,960,29436.0
end_to_end_latency,961,29386.0
end_to_end_latency,962,29336.0
end_to_end_latency,963,29286.0
end_to_end_latency,964,29236.0
end_to_end_latency,965,29186.0
end_to_end_latency,966,29136.0
end_to_end_latency,967,29086.0
end_to_end_latency,968,29036.0
end_to_end_latency,969,28986.0
end_to_end_latency,970,28936.0
end_to_end_latency,971,28886.0
end_to_end_latency,972,28835.0
end_to_end_latency,973,28785.0
end_to_end_latency,974,28736.0
end_to_end_latency,975,28686.0
end_to_end_latency,976,28635.0
end_to_end_latency,977,28586.0
end_to_end_latency,978,28536.0
end_to_end_latency,979,28486.0
end_to_end_latency,980,28436.0
end_to_end_latency,981,28386.0
end_to_end_latency,982,28336.0
end_to_end_latency,983,28286.0
end_to_end_latency,984,28236.0
end_to_end_latency,985,28186.0
end_to_end_latency,986,28135.0
end_to_end_latency,987,28086.0
end_to_end_latency,988,28036.0
end_to_end_latency,989,27986.0
end_to_end_latency,990,27936.0
end_to_end_latency,991,27886.0
end_to_end_latency,992,27836.0
end_to_end_latency,993,27786.0
end_to_end_latency,994,27736.0
end_to_end_latency,995,27686.0
end_to_end_latency,996,27636.0
end_to_end_latency,997,27586.0
end_to_end_latency,998,27536.0
end_to_end_latency,999,27486.0
end_to_end_latency,1000,27436.0
end_to_end_latency,1001,27386.0
end_to_end_latency,1002,27336.0
end_to_end_latency,1003,27285.0
end_to_end_latency,1004,27236.0
end_to_end_latency,1005,27186.0
end_to_end_latency,1006,27135.0
end_to_end_latency,1007,27085.0
end_to_end_latency,1008,27036.0
end_to_end_latency,1009,26986.0
end_to_end_latency,1010,26936.0
end_to_end_latency,1011,26885.0
end_to_end_latency,1012,26835.0
end_to_end_latency,1013,26785.0
end_to_end_latency,1014,26735.0
end_to_end_latency,1015,26686.0
end_to_end_latency,1016,26638.0
end_to_end_latency,1017,26588.0
end_to_end_latency,1018,26537.0
end_to_end_latency,1019,26488.0
end_to_end_latency,1020,26438.0
end_to_end_latency,1021,26388.0
end_to_end_latency,1022,26338.0
end_to_end_latency,1023,26288.0
end_to_end_latency,1024,26238.0
end_to_end_latency,1025,26188.0
end_to_end_latency,1026,26138.0
end_to_end_latency,1027,26088.0
end_to_end_latency,1028,26037.0
end_to_end_latency,1029,25988.0
end_to_end_latency,1030,25937.0
end_to_end_latency,1031,25888.0
end_to_end_latency,1032,25838.0
end_to_end_latency,1033,25788.0
end_to_end_latency,1034,25737.0
end_to_end_latency,1035,25687.0
end_to_end_latency,1036,25638.0
end_to_end_latency,1037,25587.0
end_to_end_latency,1038,25538.0
end_to_end_latency,1039,25488.0
end_to_end_latency,1040,25438.0
end_to_end_latency,1041,25388.0
end_to_end_latency,1042,25338.0
end_to_end_latency,1043,25288.0
end_to_end_latency,1044,25238.0
end_to_end_latency,1045,25188.0
end_to_end_latency,1046,25138.0
end_to_end_latency,1047,25088.0
end_to_end_latency,1048,25037.0
end_to_end_latency,1049,24987.0
end_to_end_latency,1050,24938.0
end_to_end_latency,1051,24888.0
end_to_end_latency,1052,24837.0
end_to_end_latency,1053,24787.0
end_to_end_latency,1054,24737.0
end_to_end_latency,1055,24688.0
end_to_end_latency,1056,24638.0
end_to_end_latency,1057,24587.0
end_to_end_latency,1058,24537.0
end_to_end_latency,1059,24487.0
end_to_end_latency,1159,19833.0
end_to_end_latency,1160,19783.0
end_to_end_latency,1161,19734.0
end_to_end_latency,1162,19683.0
end_to_end_latency,1163,19633.0
end_to_end_latency,1164,19583.0
end_to_end_latency,0,1298.0
end_to_end_latency,1,1857.0
end_to_end_latency,2,1806.0
end_to_end_latency,3,1756.0
end_to_end_latency,14,1206.0
end_to_end_latency,15,1157.0
end_to_end_latency,16,1106.0
end_to_end_latency,17,1057.0
end_to_end_latency,18,1007.0
end_to_end_latency,19,956.0
end_to_end_latency,20,906.0
end_to_end_latency,21,1802.0
end_to_end_latency,22,1752.0
end_to_end_latency,23,1701.0
end_to_end_latency,24,1651.0
end_to_end_latency,25,1602.0
end_to_end_latency,30,1352.0
end_to_end_latency,31,1302.0
end_to_end_latency,32,1252.0
end_to_end_latency,33,1202.0
end_to_end_latency,34,1153.0
end_to_end_latency,35,1103.0
end_to_end_latency,36,1052.0
end_to_end_latency,37,1002.0
end_to_end_latency,40,1369.0
end_to_end_latency,41,1318.0
end_to_end_latency,42,1269.0
end_to_end_latency,43,1218.0
end_to_end_latency,44,1169.0
end_to_end_latency,45,1118.0
end_to_end_latency,46,1068.0
end_to_end_latency,47,1019.0
end_to_end_latency,52,1291.0
end_to_end_latency,53,1242.0
end_to_end_latency,54,1192.0
end_to_end_latency,63,1310.0
end_to_end_latency,64,1260.0
end_to_end_latency,65,1211.0
end_to_end_latency,66,1161.0
end_to_end_latency,67,1110.0
end_to_end_latency,69,1011.0
end_to_end_latency,70,961.0
end_to_end_latency,71,911.0
end_to_end_latency,72,861.0
end_to_end_latency,73,810.0
end_to_end_latency,74,1137.0
end_to_end_latency,75,1087.0
end_to_end_latency,76,1038.0
end_to_end_latency,77,987.0
end_to_end_latency,78,1461.0
end_to_end_latency,81,1311.0
end_to_end_latency,82,1261.0
end_to_end_latency,83,1210.0
end_to_end_latency,84,1160.0
end_to_end_latency,85,1110.0
end_to_end_latency,86,1060.0
end_to_end_latency,87,2033.0
end_to_end_latency,88,1983.0
end_to_end_latency,89,1933.0
end_to_end_latency,94,1683.0
end_to_end_latency,95,1633.0
end_to_end_latency,96,2251.0
end_to_end_latency,97,2201.0
end_to_end_latency,98,2151.0
end_to_end_latency,99,2101.0
end_to_end_latency,100,2051.0
end_to_end_latency,101,2001.0
end_to_end_latency,102,1952.0
end_to_end_latency,103,1902.0
end_to_end_latency,104,1851.0
end_to_end_latency,105,1801.0
end_to_end_latency,106,1751.0
end_to_end_latency,107,1702.0
end_to_end_latency,108,1651.0
end_to_end_latency,109,1601.0
end_to_end_latency,110,1552.0
end_to_end_latency,111,1846.0
end_to_end_latency,112,1796.0
end_to_end_latency,113,1747.0
end_to_end_latency,114,1697.0
end_to_end_latency,115,1646.0
end_to_end_latency,116,1597.0
end_to_end_latency,117,1547.0
end_to_end_latency,118,1496.0
end_to_end_latency,119,1447.0
end_to_end_latency,120,1396.0
end_to_end_latency,121,1346.0
end_to_end_latency,122,1296.0
end_to_end_latency,123,1246.0
end_to_end_latency,124,1196.0
end_to_end_latency,125,1146.0
end_to_end_latency,126,3068.0
end_to_end_latency,127,3018.0
end_to_end_latency,128,2969.0
end_to_end_latency,129,2918.0
end_to_end_latency,130,2869.0
end_to_end_latency,131,2818.0
end_to_end_latency,132,2769.0
end_to_end_latency,133,2718.0
end_to_end_latency,134,2668.0
end_to_end_latency,135,2618.0
end_to_end_latency,136,2569.0
end_to_end_latency,137,2518.0
end_to_end_latency,138,2468.0
end_to_end_latency,139,2418.0
end_to_end_latency,140,2368.0
end_to_end_latency,143,2219.0
end_to_end_latency,144,2169.0
end_to_end_latency,145,2119.0
end_to_end_latency,146,2069.0
end_to_end_latency,147,2019.0
end_to_end_latency,148,1970.0
end_to_end_latency,149,1919.0
end_to_end_latency,150,1869.0
end_to_end_latency,151,1819.0
end_to_end_latency,152,1769.0
end_to_end_latency,153,1719.0
end_to_end_latency,154,2447.0
end_to_end_latency,155,2397.0
end_to_end_latency,156,2347.0
end_to_end_latency,157,2297.0
end_to_end_latency,158,2248.0
end_to_end_latency,159,2198.0
end_to_end_latency,160,2148.0
end_to_end_latency,161,2099.0
end_to_end_latency,162,2048.0
end_to_end_latency,163,1998.0
end_to_end_latency,164,1948.0
end_to_end_latency,165,1898.0
end_to_end_latency,166,1849.0
end_to_end_latency,167,1798.0
end_to_end_latency,168,1748.0
end_to_end_latency,169,1698.0
end_to_end_latency,170,1648.0
end_to_end_latency,171,1598.0
end_to_end_latency,172,1548.0
end_to_end_latency,173,1498.0
end_to_end_latency,174,1448.0
end_to_end_latency,175,1398.0
end_to_end_latency,176,1347.0
end_to_end_latency,177,2354.0
end_to_end_latency,178,2303.0
end_to_end_latency,179,2253.0
end_to_end_latency,180,2203.0
end_to_end_latency,181,2154.0
end_to_end_latency,182,2103.0
end_to_end_latency,183,2054.0
end_to_end_latency,184,2005.0
end_to_end_latency,185,1954.0
end_to_end_latency,186,1904.0
end_to_end_latency,187,1854.0
end_to_end_latency,188,1803.0
end_to_end_latency,189,1755.0
end_to_end_latency,190,1704.0
end_to_end_latency,201,2346.0
end_to_end_latency,202,2296.0
end_to_end_latency,203,2246.0
end_to_end_latency,204,2196.0
end_to_end_latency,205,2146.0
end_to_end_latency,219,1447.0
end_to_end_latency,220,1397.0
end_to_end_latency,221,1346.0
end_to_end_latency,245,5620.0
end_to_end_latency,246,5570.0
end_to_end_latency,247,5519.0
end_to_end_latency,248,5470.0
end_to_end_latency,249,5419.0
end_to_end_latency,250,5369.0
end_to_end_latency,251,5320.0
end_to_end_latency,252,5269.0
end_to_end_latency,253,5219.0
end_to_end_latency,254,5169.0
end_to_end_latency,255,5120.0
end_to_end_latency,256,5069.0
end_to_end_latency,257,5020.0
end_to_end_latency,258,4970.0
end_to_end_latency,259,4920.0
end_to_end_latency,260,4870.0
end_to_end_latency,289,6241.0
end_to_end_latency,290,6192.0
end_to_end_latency,291,6141.0
end_to_end_latency,292,6091.0
end_to_end_latency,293,6042.0
end_to_end_latency,294,5991.0
end_to_end_latency,295,5942.0
end_to_end_latency,296,5891.0
end_to_end_latency,297,5841.0
end_to_end_latency,298,5791.0
end_to_end_latency,299,5740.0
end_to_end_latency,300,5691.0
end_to_end_latency,301,5640.0
end_to_end_latency,302,5590.0
end_to_end_latency,303,5541.0
end_to_end_latency,304,5491.0
end_to_end_latency,305,5441.0
end_to_end_latency,306,5391.0
end_to_end_latency,307,5341.0
end_to_end_latency,308,5291.0
end_to_end_latency,309,5241.0
end_to_end_latency,310,5191.0
end_to_end_latency,311,5141.0
end_to_end_latency,341,10043.0
end_to_end_latency,342,9993.0
end_to_end_latency,343,9942.0
end_to_end_latency,344,9893.0
end_to_end_latency,345,9843.0
end_to_end_latency,346,9793.0
end_to_end_latency,347,9743.0
end_to_end_latency,348,9693.0
end_to_end_latency,349,9643.0
end_to_end_latency,350,9593.0
end_to_end_latency,351,9543.0
end_to_end_latency,352,9492.0
end_to_end_latency,353,9443.0
end_to_end_latency,354,9393.0
end_to_end_latency,355,9342.0
end_to_end_latency,356,9294.0
end_to_end_latency,357,9244.0
end_to_end_latency,358,9193.0
end_to_end_latency,359,9144.0
end_to_end_latency,360,9093.0
end_to_end_latency,361,9043.0
end_to_end_latency,362,8994.0
end_to_end_latency,363,8944.0
end_to_end_latency,364,8893.0
end_to_end_latency,365,8844.0
end_to_end_latency,366,8793.0
end_to_end_latency,367,8743.0
end_to_end_latency,368,8695.0
end_to_end_latency,369,8643.0
end_to_end_latency,370,8594.0
end_to_end_latency,371,8544.0
end_to_end_latency,372,8494.0
end_to_end_latency,373,8444.0
end_to_end_latency,374,8395.0
end_to_end_latency,375,8343.0
end_to_end_latency,376,8292.0
end_to_end_latency,377,8244.0
end_to_end_latency,378,8194.0
end_to_end_latency,379,8142.0
end_to_end_latency,380,8094.0
end_to_end_latency,381,8043.0
end_to_end_latency,382,7993.0
end_to_end_latency,383,7943.0
end_to_end_latency,384,7893.0
end_to_end_latency,385,7842.0
end_to_end_latency,386,7793.0
end_to_end_latency,387,7743.0
end_to_end_latency,388,7693.0
end_to_end_latency,389,7642.0
end_to_end_latency,390,7593.0
end_to_end_latency,391,7544.0
end_to_end_latency,392,7494.0
end_to_end_latency,393,7444.0
end_to_end_latency,394,7393.0
end_to_end_latency,446,8934.0
end_to_end_latency,447,8884.0
end_to_end_latency,448,8834.0
end_to_end_latency,449,8784.0
end_to_end_latency,450,8734.0
end_to_end_latency,451,8684.0
end_to_end_latency,452,8634.0
end_to_end_latency,453,8584.0
end_to_end_latency,454,8534.0
end_to_end_latency,455,8483.0
end_to_end_latency,456,8434.0
end_to_end_latency,457,8384.0
end_to_end_latency,458,8334.0
end_to_end_latency,459,8283.0
end_to_end_latency,460,8234.0
end_to_end_latency,461,8183.0
end_to_end_latency,462,8134.0
end_to_end_latency,463,8083.0
end_to_end_latency,464,8034.0
end_to_end_latency,465,7983.0
end_to_end_latency,466,7934.0
end_to_end_latency,467,7884.0
end_to_end_latency,468,7834.0
end_to_end_latency,469,7783.0
end_to_end_latency,470,7733.0
end_to_end_latency,471,7684.0
end_to_end_latency,472,7634.0
end_to_end_latency,473,7584.0
end_to_end_latency,474,7534.0
end_to_end_latency,475,7484.0
end_to_end_latency,476,7433.0
end_to_end_latency,477,7383.0
end_to_end_latency,478,7334.0
end_to_end_latency,479,7284.0
end_to_end_latency,480,7234.0
end_to_end_latency,481,7183.0
end_to_end_latency,482,7134.0
end_to_end_latency,483,7083.0
end_to_end_latency,484,7033.0
end_to_end_latency,485,6983.0
end_to_end_latency,486,6933.0
end_to_end_latency,487,6883.0
end_to_end_latency,488,6834.0
end_to_end_latency,489,6784.0
end_to_end_latency,490,6734.0
end_to_end_latency,491,6683.0
end_to_end_latency,492,6634.0
end_to_end_latency,493,6584.0
end_to_end_latency,494,6534.0
end_to_end_latency,495,6483.0
end_to_end_latency,496,6434.0
end_to_end_latency,497,6384.0
end_to_end_latency,498,6334.0
end_to_end_latency,499,6284.0
end_to_end_latency,500,6234.0
end_to_end_latency,501,6184.0
end_to_end_latency,502,6134.0
end_to_end_latency,503,6084.0
end_to_end_latency,504,6033.0
end_to_end_latency,505,5984.0
end_to_end_latency,506,5934.0
end_to_end_latency,507,5884.0
end_to_end_latency,508,5834.0
end_to_end_latency,509,5784.0
end_to_end_latency,510,5734.0
end_to_end_latency,511,5684.0
end_to_end_latency,512,5634.0
end_to_end_latency,513,5583.0
end_to_end_latency,514,5534.0
end_to_end_latency,515,5484.0
end_to_end_latency,516,5434.0
end_to_end_latency,630,46150.0
end_to_end_latency,631,46101.0
end_to_end_latency,632,46052.0
end_to_end_latency,633,46002.0
end_to_end_latency,634,45953.0
end_to_end_latency,635,45903.0
end_to_end_latency,636,45852.0
end_to_end_latency,637,45802.0
end_to_end_latency,638,45751.0
end_to_end_latency,639,45702.0
end_to_end_latency,640,45652.0
end_to_end_latency,641,45603.0
end_to_end_latency,642,45552.0
end_to_end_latency,643,45501.0
end_to_end_latency,644,45451.0
end_to_end_latency,645,45402.0
end_to_end_latency,646,45351.0
end_to_end_latency,647,45303.0
end_to_end_latency,648,45252.0
end_to_end_latency,649,45201.0
end_to_end_latency,650,45153.0
end_to_end_latency,651,45101.0
end_to_end_latency,652,45053.0
end_to_end_latency,653,45002.0
end_to_end_latency,654,44952.0
end_to_end_latency,655,44902.0
end_to_end_latency,656,44852.0
end_to_end_latency,657,44802.0
end_to_end_latency,658,44753.0
end_to_end_latency,659,44702.0
end_to_end_latency,660,44651.0
end_to_end_latency,661,44601.0
end_to_end_latency,662,44553.0
end_to_end_latency,663,44502.0
end_to_end_latency,664,44452.0
end_to_end_latency,665,44401.0
end_to_end_latency,666,44352.0
end_to_end_latency,667,44302.0
end_to_end_latency,668,44251.0
end_to_end_latency,669,44202.0
end_to_end_latency,670,44152.0
end_to_end_latency,671,44101.0
end_to_end_latency,672,44051.0
end_to_end_latency,673,44003.0
end_to_end_latency,674,43951.0
end_to_end_latency,675,43903.0
end_to_end_latency,676,43852.0
end_to_end_latency,677,43802.0
end_to_end_latency,678,43752.0
end_to_end_latency,679,43702.0
end_to_end_latency,680,43651.0
end_to_end_latency,681,43603.0
end_to_end_latency,682,43552.0
end_to_end_latency,683,43502.0
end_to_end_latency,684,43452.0
end_to_end_latency,685,43401.0
end_to_end_latency,686,43351.0
end_to_end_latency,687,43302.0
end_to_end_latency,688,43252.0
end_to_end_latency,689,43201.0
end_to_end_latency,690,43152.0
end_to_end_latency,691,43101.0
end_to_end_latency,692,43051.0
end_to_end_latency,693,43001.0
end_to_end_latency,694,42952.0
end_to_end_latency,695,42901.0
end_to_end_latency,696,42852.0
end_to_end_latency,697,42801.0
end_to_end_latency,698,42751.0
end_to_end_latency,699,42702.0
end_to_end_latency,700,42651.0
end_to_end_latency,701,42603.0
end_to_end_latency,702,42551.0
end_to_end_latency,703,42503.0
end_to_end_latency,704,42452.0
end_to_end_latency,705,42403.0
end_to_end_latency,706,42352.0
end_to_end_latency,707,42303.0
end_to_end_latency,708,42251.0
end_to_end_latency,709,42202.0
end_to_end_latency,710,42152.0
end_to_end_latency,711,42102.0
end_to_end_latency,712,42052.0
end_to_end_latency,713,42003.0
end_to_end_latency,714,41952.0
end_to_end_latency,715,41902.0
end_to_end_latency,716,41852.0
end_to_end_latency,717,41802.0
end_to_end_latency,718,41751.0
end_to_end_latency,719,41701.0
end_to_end_latency,720,41651.0
end_to_end_latency,721,41602.0
end_to_end_latency,722,41552.0
end_to_end_latency,723,41501.0
end_to_end_latency,724,41452.0
end_to_end_latency,725,41401.0
end_to_end_latency,726,41351.0
end_to_end_latency,727,41303.0
end_to_end_latency,728,41252.0
end_to_end_latency,729,41202.0
end_to_end_latency,730,41152.0
end_to_end_latency,731,41101.0
end_to_end_latency,732,41051.0
end_to_end_latency,733,41002.0
end_to_end_latency,734,40952.0
end_to_end_latency,735,40902.0
end_to_end_latency,736,40850.0
end_to_end_latency,737,40802.0
end_to_end_latency,738,40751.0
end_to_end_latency,739,40703.0
end_to_end_latency,740,40652.0
end_to_end_latency,741,40602.0
end_to_end_latency,742,40552.0
end_to_end_latency,743,40503.0
end_to_end_latency,744,40452.0
end_to_end_latency,745,40403.0
end_to_end_latency,746,40354.0
end_to_end_latency,747,40305.0
end_to_end_latency,748,40253.0
end_to_end_latency,749,40204.0
end_to_end_latency,750,40154.0
end_to_end_latency,751,40105.0
end_to_end_latency,752,40054.0
end_to_end_latency,753,40004.0
end_to_end_latency,754,39954.0
end_to_end_latency,755,39904.0
end_to_end_latency,756,39855.0
end_to_end_latency,757,39804.0
end_to_end_latency,758,39754.0
end_to_end_latency,759,39703.0
end_to_end_latency,760,39655.0
end_to_end_latency,761,39604.0
end_to_end_latency,762,39555.0
end_to_end_latency,763,39503.0
end_to_end_latency,764,39455.0
end_to_end_latency,765,39405.0
end_to_end_latency,766,39354.0
end_to_end_latency,767,39304.0
end_to_end_latency,768,39253.0
end_to_end_latency,769,39204.0
end_to_end_latency,770,39155.0
end_to_end_latency,771,39105.0
end_to_end_latency,772,39054.0
end_to_end_latency,773,39004.0
end_to_end_latency,774,38955.0
end_to_end_latency,775,38904.0
end_to_end_latency,776,38855.0
end_to_end_latency,777,38804.0
end_to_end_latency,778,38754.0
end_to_end_latency,779,38704.0
end_to_end_latency,780,38654.0
end_to_end_latency,781,38605.0
end_to_end_latency,782,38553.0
end_to_end_latency,783,38505.0
end_to_end_latency,784,38454.0
end_to_end_latency,785,38404.0
end_to_end_latency,786,38354.0
end_to_end_latency,787,38304.0
end_to_end_latency,788,38255.0
end_to_end_latency,789,38204.0
end_to_end_latency,790,38154.0
end_to_end_latency,791,38104.0
end_to_end_latency,792,38054.0
end_to_end_latency,793,38004.0
end_to_end_latency,794,37955.0
end_to_end_latency,795,37904.0
end_to_end_latency,796,37854.0
end_to_end_latency,797,37805.0
end_to_end_latency,798,37754.0
end_to_end_latency,799,37705.0
end_to_end_latency,800,37654.0
end_to_end_latency,801,37605.0
end_to_end_latency,802,37554.0
end_to_end_latency,803,37505.0
end_to_end_latency,804,37454.0
end_to_end_latency,805,37405.0
end_to_end_latency,806,37354.0
end_to_end_latency,807,37304.0
end_to_end_latency,808,37254.0
end_to_end_latency,809,37204.0
end_to_end_latency,810,37154.0
end_to_end_latency,811,37104.0
end_to_end_latency,812,37055.0
end_to_end_latency,813,37004.0
end_to_end_latency,814,36954.0
end_to_end_latency,815,36904.0
end_to_end_latency,816,36855.0
end_to_end_latency,817,36804.0
end_to_end_latency,818,36755.0
end_to_end_latency,819,36704.0
end_to_end_latency,820,36655.0
end_to_end_latency,821,36604.0
end_to_end_latency,822,36553.0
end_to_end_latency,823,36504.0
end_to_end_latency,824,36454.0
end_to_end_latency,825,36404.0
end_to_end_latency,826,36354.0
end_to_end_latency,827,36309.0
end_to_end_latency,828,36258.0
end_to_end_latency,829,36208.0
end_to_end_latency,830,36158.0
end_to_end_latency,831,36107.0
end_to_end_latency,832,36058.0
end_to_end_latency,833,36009.0
end_to_end_latency,834,35958.0
end_to_end_latency,835,35908.0
end_to_end_latency,836,35859.0
end_to_end_latency,837,35808.0
end_to_end_latency,838,35758.0
end_to_end_latency,839,35708.0
end_to_end_latency,840,35658.0
end_to_end_latency,841,35608.0
end_to_end_latency,842,35558.0
end_to_end_latency,843,35508.0
end_to_end_latency,844,35459.0
end_to_end_latency,962,29562.0
end_to_end_latency,963,29512.0
end_to_end_latency,964,29461.0
end_to_end_latency,965,29411.0
end_to_end_latency,966,29361.0
end_to_end_latency,967,29312.0
end_to_end_latency,968,29261.0
end_to_end_latency,969,29212.0
end_to_end_latency,970,29161.0
end_to_end_latency,971,29112.0
end_to_end_latency,972,29062.0
end_to_end_latency,973,29011.0
end_to_end_latency,974,28961.0
end_to_end_latency,975,28911.0
end_to_end_latency,976,28862.0
end_to_end_latency,977,28812.0
end_to_end_latency,978,28761.0
end_to_end_latency,979,28712.0
end_to_end_latency,980,28662.0
end_to_end_latency,981,28612.0
end_to_end_latency,982,28562.0
end_to_end_latency,983,28511.0
end_to_end_latency,984,28461.0
end_to_end_latency,985,28411.0
end_to_end_latency,986,28361.0
end_to_end_latency,987,28311.0
end_to_end_latency,988,28262.0
end_to_end_latency,989,28211.0
end_to_end_latency,990,28162.0
end_to_end_latency,991,28111.0
end_to_end_latency,992,28062.0
end_to_end_latency,993,28011.0
end_to_end_latency,994,27961.0
end_to_end_latency,995,27911.0
end_to_end_latency,996,27861.0
end_to_end_latency,997,27811.0
end_to_end_latency,998,27761.0
end_to_end_latency,999,27712.0
end_to_end_latency,1000,27662.0
end_to_end_latency,1001,27611.0
end_to_end_latency,1002,27562.0
end_to_end_latency,1003,27511.0
end_to_end_latency,1004,27462.0
end_to_end_latency,1005,27411.0
end_to_end_latency,1006,27361.0
end_to_end_latency,1007,27311.0
end_to_end_latency,1008,27261.0
end_to_end_latency,1009,27211.0
end_to_end_latency,1010,27161.0
end_to_end_latency,1011,27113.0
end_to_end_latency,1012,27063.0
end_to_end_latency,1013,27012.0
end_to_end_latency,1014,26963.0
end_to_end_latency,1015,26913.0
end_to_end_latency,1016,26863.0
end_to_end_latency,1017,26813.0
end_to_end_latency,1018,26763.0
end_to_end_latency,1019,26713.0
end_to_end_latency,1020,26663.0
end_to_end_latency,1021,26612.0
end_to_end_latency,1022,26563.0
end_to_end_latency,1023,26513.0
end_to_end_latency,1024,26463.0
end_to_end_latency,1025,26413.0
end_to_end_latency,1026,26363.0
end_to_end_latency,1027,26312.0
end_to_end_latency,1028,26263.0
end_to_end_latency,1029,26212.0
end_to_end_latency,1030,26162.0
end_to_end_latency,1031,26112.0
end_to_end_latency,1032,26063.0
end_to_end_latency,1033,26013.0
end_to_end_latency,1034,25962.0
end_to_end_latency,1035,25913.0
end_to_end_latency,1036,25862.0
end_to_end_latency,1037,25813.0
end_to_end_latency,1038,25763.0
end_to_end_latency,1039,25713.0
end_to_end_latency,1040,25663.0
end_to_end_latency,1041,25612.0
end_to_end_latency,1042,25562.0
end_to_end_latency,1043,25512.0
end_to_end_latency,1044,25462.0
end_to_end_latency,1045,25412.0
end_to_end_latency,1046,25362.0
end_to_end_latency,1047,25312.0
end_to_end_latency,1048,25263.0
end_to_end_latency,1049,25212.0
end_to_end_latency,1050,25163.0
end_to_end_latency,1051,25113.0
end_to_end_latency,1052,25063.0
end_to_end_latency,1053,25014.0
end_to_end_latency,1054,24963.0
end_to_end_latency,1055,24914.0
end_to_end_latency,1056,24862.0
end_to_end_latency,1057,24813.0
end_to_end_latency,1058,24762.0
end_to_end_latency,1059,24713.0
end_to_end_latency,1060,24663.0
end_to_end_latency,1061,24612.0
end_to_end_latency,1062,24563.0
end_to_end_latency,1063,24512.0
end_to_end_latency,1064,24463.0
end_to_end_latency,1065,24413.0
end_to_end_latency,1066,24362.0
end_to_end_latency,1067,24313.0
end_to_end_latency,1068,24262.0
end_to_end_latency,1069,24212.0
end_to_end_latency,1070,24164.0
end_to_end_latency,1071,24114.0
end_to_end_latency,1165,19413.0
end_to_end_latency,1166,19363.0
end_to_end_latency,1167,19313.0
end_to_end_latency,1168,19263.0
end_to_end_latency,1169,19213.0
end_to_end_latency,1170,19163.0
end_to_end_latency,0,1752.0
end_to_end_latency,5,1743.0
end_to_end_latency,6,1693.0
end_to_end_latency,7,1643.0
end_to_end_latency,8,1593.0
end_to_end_latency,9,1543.0
end_to_end_latency,10,1492.0
end_to_end_latency,11,1443.0
end_to_end_latency,12,1392.0
end_to_end_latency,13,1342.0
end_to_end_latency,14,1293.0
end_to_end_latency,15,1243.0
end_to_end_latency,16,1193.0
end_to_end_latency,17,1143.0
end_to_end_latency,18,1092.0
end_to_end_latency,28,1298.0
end_to_end_latency,29,1247.0
end_to_end_latency,30,1198.0
end_to_end_latency,31,1148.0
end_to_end_latency,32,1613.0
end_to_end_latency,33,1562.0
end_to_end_latency,34,1513.0
end_to_end_latency,37,1364.0
end_to_end_latency,38,1314.0
end_to_end_latency,39,1264.0
end_to_end_latency,40,1213.0
end_to_end_latency,41,1164.0
end_to_end_latency,42,1113.0
end_to_end_latency,43,1064.0
end_to_end_latency,44,1013.0
end_to_end_latency,47,1387.0
end_to_end_latency,48,1336.0
end_to_end_latency,49,1287.0
end_to_end_latency,50,1237.0
end_to_end_latency,51,1187.0
end_to_end_latency,58,837.0
end_to_end_latency,59,787.0
end_to_end_latency,60,1304.0
end_to_end_latency,61,1255.0
end_to_end_latency,62,1204.0
end_to_end_latency,63,1155.0
end_to_end_latency,66,1383.0
end_to_end_latency,67,1333.0
end_to_end_latency,68,1283.0
end_to_end_latency,69,1233.0
end_to_end_latency,70,1183.0
end_to_end_latency,71,1132.0
end_to_end_latency,72,1083.0
end_to_end_latency,73,1032.0
end_to_end_latency,74,983.0
end_to_end_latency,75,933.0
end_to_end_latency,92,1629.0
end_to_end_latency,93,1579.0
end_to_end_latency,94,2198.0
end_to_end_latency,95,2148.0
end_to_end_latency,96,2097.0
end_to_end_latency,97,2048.0
end_to_end_latency,98,1997.0
end_to_end_latency,99,1948.0
end_to_end_latency,100,1897.0
end_to_end_latency,101,1847.0
end_to_end_latency,102,1797.0
end_to_end_latency,103,1748.0
end_to_end_latency,104,1697.0
end_to_end_latency,105,1647.0
end_to_end_latency,106,1597.0
end_to_end_latency,107,1546.0
end_to_end_latency,108,1497.0
end_to_end_latency,109,1447.0
end_to_end_latency,110,1398.0
end_to_end_latency,111,1692.0
end_to_end_latency,112,1642.0
end_to_end_latency,113,1592.0
end_to_end_latency,114,1542.0
end_to_end_latency,115,1492.0
end_to_end_latency,116,1441.0
end_to_end_latency,117,1392.0
end_to_end_latency,118,1342.0
end_to_end_latency,119,1291.0
end_to_end_latency,120,1242.0
end_to_end_latency,121,1191.0
end_to_end_latency,122,1142.0
end_to_end_latency,125,2965.0
end_to_end_latency,126,2915.0
end_to_end_latency,127,2864.0
end_to_end_latency,128,2813.0
end_to_end_latency,129,2765.0
end_to_end_latency,130,2714.0
end_to_end_latency,131,2664.0
end_to_end_latency,132,2614.0
end_to_end_latency,133,2563.0
end_to_end_latency,134,2514.0
end_to_end_latency,135,2464.0
end_to_end_latency,136,2414.0
end_to_end_latency,137,2364.0
end_to_end_latency,138,2314.0
end_to_end_latency,139,2265.0
end_to_end_latency,140,2214.0
end_to_end_latency,141,2165.0
end_to_end_latency,142,2115.0
end_to_end_latency,143,2064.0
end_to_end_latency,144,2014.0
end_to_end_latency,145,1964.0
end_to_end_latency,146,1915.0
end_to_end_latency,147,1864.0
end_to_end_latency,148,1815.0
end_to_end_latency,149,1764.0
end_to_end_latency,150,1714.0
end_to_end_latency,151,1664.0
end_to_end_latency,152,1614.0
end_to_end_latency,153,1565.0
end_to_end_latency,154,1514.0
end_to_end_latency,177,2199.0
end_to_end_latency,178,2148.0
end_to_end_latency,179,2099.0
end_to_end_latency,180,2049.0
end_to_end_latency,181,1999.0
end_to_end_latency,182,1949.0
end_to_end_latency,183,1899.0
end_to_end_latency,184,1848.0
end_to_end_latency,185,1798.0
end_to_end_latency,186,1749.0
end_to_end_latency,187,1698.0
end_to_end_latency,188,1650.0
end_to_end_latency,189,1599.0
end_to_end_latency,190,2741.0
end_to_end_latency,191,2692.0
end_to_end_latency,192,2641.0
end_to_end_latency,193,2592.0
end_to_end_latency,194,2541.0
end_to_end_latency,195,2491.0
end_to_end_latency,196,2441.0
end_to_end_latency,197,2391.0
end_to_end_latency,198,2341.0
end_to_end_latency,199,2291.0
end_to_end_latency,200,2241.0
end_to_end_latency,201,2192.0
end_to_end_latency,202,2141.0
end_to_end_latency,203,2091.0
end_to_end_latency,204,2041.0
end_to_end_latency,205,1992.0
end_to_end_latency,206,1942.0
end_to_end_latency,207,2272.0
end_to_end_latency,208,2221.0
end_to_end_latency,209,2172.0
end_to_end_latency,210,2121.0
end_to_end_latency,211,2071.0
end_to_end_latency,212,2021.0
end_to_end_latency,213,1971.0
end_to_end_latency,214,1921.0
end_to_end_latency,215,1872.0
end_to_end_latency,216,1821.0
end_to_end_latency,217,1771.0
end_to_end_latency,218,1721.0
end_to_end_latency,219,1671.0
end_to_end_latency,220,1621.0
end_to_end_latency,221,3970.0
end_to_end_latency,222,3921.0
end_to_end_latency,223,3870.0
end_to_end_latency,224,3820.0
end_to_end_latency,225,3770.0
end_to_end_latency,244,5515.0
end_to_end_latency,245,5466.0
end_to_end_latency,246,5415.0
end_to_end_latency,247,5366.0
end_to_end_latency,248,5315.0
end_to_end_latency,249,5265.0
end_to_end_latency,250,5215.0
end_to_end_latency,251,5166.0
end_to_end_latency,252,5115.0
end_to_end_latency,253,5065.0
end_to_end_latency,254,5016.0
end_to_end_latency,255,4965.0
end_to_end_latency,256,4915.0
end_to_end_latency,257,4865.0
end_to_end_latency,258,4815.0
end_to_end_latency,259,4764.0
end_to_end_latency,260,4715.0
end_to_end_latency,287,6185.0
end_to_end_latency,288,6135.0
end_to_end_latency,289,6085.0
end_to_end_latency,290,6036.0
end_to_end_latency,291,5986.0
end_to_end_latency,292,5937.0
end_to_end_latency,293,5886.0
end_to_end_latency,294,5836.0
end_to_end_latency,295,5786.0
end_to_end_latency,296,5735.0
end_to_end_latency,297,5685.0
end_to_end_latency,298,5636.0
end_to_end_latency,299,5586.0
end_to_end_latency,300,5535.0
end_to_end_latency,301,5486.0
end_to_end_latency,302,5435.0
end_to_end_latency,303,5387.0
end_to_end_latency,304,5337.0
end_to_end_latency,305,5286.0
end_to_end_latency,306,5236.0
end_to_end_latency,307,5187.0
end_to_end_latency,308,5137.0
end_to_end_latency,309,5052.0
end_to_end_latency,310,5037.0
end_to_end_latency,311,4986.0
end_to_end_latency,312,4936.0
end_to_end_latency,313,4887.0
end_to_end_latency,314,4836.0
end_to_end_latency,315,4786.0
end_to_end_latency,434,9378.0
end_to_end_latency,435,9328.0
end_to_end_latency,436,9278.0
end_to_end_latency,437,9228.0
end_to_end_latency,438,9178.0
end_to_end_latency,439,9128.0
end_to_end_latency,440,9078.0
end_to_end_latency,441,9029.0
end_to_end_latency,442,8978.0
end_to_end_latency,443,8928.0
end_to_end_latency,444,8878.0
end_to_end_latency,445,8828.0
end_to_end_latency,446,8778.0
end_to_end_latency,447,8728.0
end_to_end_latency,448,8678.0
end_to_end_latency,449,8628.0
end_to_end_latency,450,8577.0
end_to_end_latency,451,8528.0
end_to_end_latency,452,8478.0
end_to_end_latency,453,8430.0
end_to_end_latency,454,8379.0
end_to_end_latency,455,8330.0
end_to_end_latency,456,8280.0
end_to_end_latency,457,8230.0
end_to_end_latency,458,8179.0
end_to_end_latency,459,8130.0
end_to_end_latency,460,8080.0
end_to_end_latency,461,8030.0
end_to_end_latency,462,7978.0
end_to_end_latency,463,7930.0
end_to_end_latency,464,7880.0
end_to_end_latency,465,7828.0
end_to_end_latency,466,7781.0
end_to_end_latency,467,7730.0
end_to_end_latency,468,7680.0
end_to_end_latency,469,7631.0
end_to_end_latency,470,7580.0
end_to_end_latency,471,7530.0
end_to_end_latency,472,7479.0
end_to_end_latency,473,7430.0
end_to_end_latency,474,7380.0
end_to_end_latency,475,7330.0
end_to_end_latency,476,7279.0
end_to_end_latency,477,7229.0
end_to_end_latency,478,7181.0
end_to_end_latency,479,7130.0
end_to_end_latency,480,7078.0
end_to_end_latency,481,7030.0
end_to_end_latency,482,6979.0
end_to_end_latency,483,6930.0
end_to_end_latency,484,6880.0
end_to_end_latency,485,6830.0
end_to_end_latency,486,6781.0
end_to_end_latency,487,6730.0
end_to_end_latency,488,6680.0
end_to_end_latency,489,6630.0
end_to_end_latency,490,6580.0
end_to_end_latency,491,6530.0
end_to_end_latency,492,6480.0
end_to_end_latency,493,6430.0
end_to_end_latency,494,6380.0
end_to_end_latency,495,6331.0
end_to_end_latency,496,6280.0
end_to_end_latency,497,6230.0
end_to_end_latency,498,6180.0
end_to_end_latency,499,6130.0
end_to_end_latency,500,6080.0
end_to_end_latency,501,6029.0
end_to_end_latency,502,5980.0
end_to_end_latency,503,5930.0
end_to_end_latency,504,5880.0
end_to_end_latency,505,5830.0
end_to_end_latency,603,22621.0
end_to_end_latency,604,22570.0
end_to_end_latency,605,22521.0
end_to_end_latency,606,22471.0
end_to_end_latency,607,22421.0
end_to_end_latency,608,22371.0
end_to_end_latency,609,22321.0
end_to_end_latency,610,22270.0
end_to_end_latency,611,22221.0
end_to_end_latency,612,22170.0
end_to_end_latency,613,22118.0
end_to_end_latency,614,22071.0
end_to_end_latency,615,22021.0
end_to_end_latency,616,21970.0
end_to_end_latency,617,21920.0
end_to_end_latency,618,21870.0
end_to_end_latency,619,21820.0
end_to_end_latency,620,46495.0
end_to_end_latency,621,46445.0
end_to_end_latency,622,46395.0
end_to_end_latency,623,46348.0
end_to_end_latency,624,46299.0
end_to_end_latency,625,46249.0
end_to_end_latency,626,46199.0
end_to_end_latency,627,46149.0
end_to_end_latency,628,46098.0
end_to_end_latency,629,46048.0
end_to_end_latency,630,45999.0
end_to_end_latency,631,45949.0
end_to_end_latency,632,45897.0
end_to_end_latency,633,45849.0
end_to_end_latency,634,45799.0
end_to_end_latency,635,45749.0
end_to_end_latency,636,45697.0
end_to_end_latency,637,45648.0
end_to_end_latency,638,45597.0
end_to_end_latency,639,45548.0
end_to_end_latency,640,45498.0
end_to_end_latency,641,45449.0
end_to_end_latency,642,45399.0
end_to_end_latency,643,45349.0
end_to_end_latency,644,45299.0
end_to_end_latency,645,45249.0
end_to_end_latency,646,45199.0
end_to_end_latency,647,45148.0
end_to_end_latency,648,45099.0
end_to_end_latency,649,45048.0
end_to_end_latency,650,44999.0
end_to_end_latency,651,44949.0
end_to_end_latency,652,44899.0
end_to_end_latency,653,44849.0
end_to_end_latency,654,44799.0
end_to_end_latency,655,44749.0
end_to_end_latency,656,44699.0
end_to_end_latency,657,44649.0
end_to_end_latency,658,44599.0
end_to_end_latency,659,44549.0
end_to_end_latency,660,44499.0
end_to_end_latency,661,44449.0
end_to_end_latency,662,44399.0
end_to_end_latency,663,44349.0
end_to_end_latency,664,44299.0
end_to_end_latency,665,44248.0
end_to_end_latency,666,44199.0
end_to_end_latency,667,44149.0
end_to_end_latency,668,44099.0
end_to_end_latency,669,44049.0
end_to_end_latency,670,43999.0
end_to_end_latency,671,43949.0
end_to_end_latency,672,43898.0
end_to_end_latency,673,43848.0
end_to_end_latency,674,43799.0
end_to_end_latency,675,43748.0
end_to_end_latency,676,43698.0
end_to_end_latency,677,43649.0
end_to_end_latency,678,43599.0
end_to_end_latency,679,43548.0
end_to_end_latency,680,43498.0
end_to_end_latency,681,43447.0
end_to_end_latency,682,43398.0
end_to_end_latency,683,43346.0
end_to_end_latency,684,43299.0
end_to_end_latency,685,43249.0
end_to_end_latency,686,43199.0
end_to_end_latency,687,43149.0
end_to_end_latency,688,43099.0
end_to_end_latency,689,43049.0
end_to_end_latency,690,43000.0
end_to_end_latency,691,42949.0
end_to_end_latency,692,42899.0
end_to_end_latency,693,42849.0
end_to_end_latency,694,42799.0
end_to_end_latency,695,42749.0
end_to_end_latency,696,42699.0
end_to_end_latency,697,42649.0
end_to_end_latency,698,42599.0
end_to_end_latency,699,42549.0
end_to_end_latency,700,42498.0
end_to_end_latency,701,42449.0
end_to_end_latency,702,42399.0
end_to_end_latency,703,42349.0
end_to_end_latency,704,42299.0
end_to_end_latency,705,42249.0
end_to_end_latency,706,42199.0
end_to_end_latency,707,42149.0
end_to_end_latency,708,42099.0
end_to_end_latency,709,42048.0
end_to_end_latency,710,41999.0
end_to_end_latency,711,41949.0
end_to_end_latency,712,41897.0
end_to_end_latency,713,41849.0
end_to_end_latency,714,41798.0
end_to_end_latency,715,41748.0
end_to_end_latency,716,41699.0
end_to_end_latency,717,41649.0
end_to_end_latency,718,41599.0
end_to_end_latency,719,41547.0
end_to_end_latency,720,41497.0
end_to_end_latency,721,41446.0
end_to_end_latency,722,41398.0
end_to_end_latency,723,41347.0
end_to_end_latency,724,41298.0
end_to_end_latency,725,41249.0
end_to_end_latency,726,41199.0
end_to_end_latency,727,41149.0
end_to_end_latency,728,41099.0
end_to_end_latency,729,41048.0
end_to_end_latency,730,40998.0
end_to_end_latency,731,40949.0
end_to_end_latency,732,40899.0
end_to_end_latency,733,40849.0
end_to_end_latency,734,40798.0
end_to_end_latency,735,40749.0
end_to_end_latency,736,40698.0
end_to_end_latency,737,40649.0
end_to_end_latency,738,40599.0
end_to_end_latency,739,40547.0
end_to_end_latency,740,40503.0
end_to_end_latency,741,40453.0
end_to_end_latency,742,40403.0
end_to_end_latency,743,40352.0
end_to_end_latency,744,40303.0
end_to_end_latency,745,40253.0
end_to_end_latency,746,40202.0
end_to_end_latency,747,40152.0
end_to_end_latency,748,40103.0
end_to_end_latency,749,40052.0
end_to_end_latency,750,40003.0
end_to_end_latency,751,39953.0
end_to_end_latency,752,39902.0
end_to_end_latency,753,39853.0
end_to_end_latency,754,39802.0
end_to_end_latency,755,39753.0
end_to_end_latency,756,39703.0
end_to_end_latency,757,39653.0
end_to_end_latency,758,39603.0
end_to_end_latency,759,39552.0
end_to_end_latency,760,39503.0
end_to_end_latency,761,39452.0
end_to_end_latency,762,39403.0
end_to_end_latency,763,39353.0
end_to_end_latency,764,39302.0
end_to_end_latency,765,39252.0
end_to_end_latency,766,39202.0
end_to_end_latency,767,39152.0
end_to_end_latency,768,39102.0
end_to_end_latency,769,39053.0
end_to_end_latency,770,39003.0
end_to_end_latency,771,38952.0
end_to_end_latency,772,38901.0
end_to_end_latency,773,38851.0
end_to_end_latency,774,38802.0
end_to_end_latency,775,38752.0
end_to_end_latency,776,38703.0
end_to_end_latency,777,38653.0
end_to_end_latency,778,38602.0
end_to_end_latency,779,38553.0
end_to_end_latency,780,38502.0
end_to_end_latency,781,38453.0
end_to_end_latency,782,38402.0
end_to_end_latency,783,38353.0
end_to_end_latency,784,38303.0
end_to_end_latency,785,38253.0
end_to_end_latency,786,38203.0
end_to_end_latency,787,38153.0
end_to_end_latency,788,38103.0
end_to_end_latency,789,38053.0
end_to_end_latency,790,38002.0
end_to_end_latency,791,37953.0
end_to_end_latency,792,37902.0
end_to_end_latency,793,37851.0
end_to_end_latency,794,37803.0
end_to_end_latency,795,37752.0
end_to_end_latency,796,37703.0
end_to_end_latency,797,37653.0
end_to_end_latency,798,37603.0
end_to_end_latency,799,37552.0
end_to_end_latency,800,37502.0
end_to_end_latency,801,37453.0
end_to_end_latency,802,37403.0
end_to_end_latency,803,37351.0
end_to_end_latency,804,37303.0
end_to_end_latency,805,37253.0
end_to_end_latency,806,37203.0
end_to_end_latency,807,37153.0
end_to_end_latency,808,37102.0
end_to_end_latency,809,37053.0
end_to_end_latency,810,37003.0
end_to_end_latency,811,36952.0
end_to_end_latency,812,36902.0
end_to_end_latency,813,36852.0
end_to_end_latency,814,36803.0
end_to_end_latency,815,36752.0
end_to_end_latency,816,36703.0
end_to_end_latency,817,36652.0
end_to_end_latency,818,36603.0
end_to_end_latency,819,36550.0
end_to_end_latency,820,36502.0
end_to_end_latency,821,36453.0
end_to_end_latency,822,36403.0
end_to_end_latency,823,36353.0
end_to_end_latency,824,36303.0
end_to_end_latency,825,36253.0
end_to_end_latency,826,36201.0
end_to_end_latency,827,36151.0
end_to_end_latency,828,36100.0
end_to_end_latency,829,36051.0
end_to_end_latency,830,36002.0
end_to_end_latency,831,35953.0
end_to_end_latency,832,35904.0
end_to_end_latency,833,35853.0
end_to_end_latency,834,35804.0
end_to_end_latency,835,35753.0
end_to_end_latency,836,35702.0
end_to_end_latency,837,35651.0
end_to_end_latency,838,35602.0
end_to_end_latency,839,35551.0
end_to_end_latency,840,35503.0
end_to_end_latency,841,35454.0
end_to_end_latency,842,35404.0
end_to_end_latency,843,35354.0
end_to_end_latency,844,35304.0
end_to_end_latency,845,35254.0
end_to_end_latency,846,35204.0
end_to_end_latency,847,35154.0
end_to_end_latency,957,29655.0
end_to_end_latency,958,29604.0
end_to_end_latency,959,29555.0
end_to_end_latency,960,29504.0
end_to_end_latency,961,29455.0
end_to_end_latency,962,29405.0
end_to_end_latency,963,29355.0
end_to_end_latency,964,29304.0
end_to_end_latency,965,29255.0
end_to_end_latency,966,29204.0
end_to_end_latency,967,29155.0
end_to_end_latency,968,29104.0
end_to_end_latency,969,29055.0
end_to_end_latency,970,29004.0
end_to_end_latency,971,28955.0
end_to_end_latency,972,28904.0
end_to_end_latency,973,28855.0
end_to_end_latency,974,28808.0
end_to_end_latency,975,28758.0
end_to_end_latency,976,28708.0
end_to_end_latency,977,28658.0
end_to_end_latency,978,28608.0
end_to_end_latency,979,28558.0
end_to_end_latency,980,28508.0
end_to_end_latency,981,28458.0
end_to_end_latency,982,28408.0
end_to_end_latency,983,28358.0
end_to_end_latency,984,28307.0
end_to_end_latency,985,28258.0
end_to_end_latency,986,28207.0
end_to_end_latency,987,28158.0
end_to_end_latency,988,28108.0
end_to_end_latency,989,28058.0
end_to_end_latency,990,28008.0
end_to_end_latency,991,27957.0
end_to_end_latency,992,27908.0
end_to_end_latency,993,27858.0
end_to_end_latency,994,27807.0
end_to_end_latency,995,27758.0
end_to_end_latency,996,27708.0
end_to_end_latency,997,27658.0
end_to_end_latency,998,27608.0
end_to_end_latency,999,27558.0
end_to_end_latency,1000,27508.0
end_to_end_latency,1001,27458.0
end_to_end_latency,1002,27408.0
end_to_end_latency,1003,27358.0
end_to_end_latency,1004,27308.0
end_to_end_latency,1005,27258.0
end_to_end_latency,1006,27207.0
end_to_end_latency,1007,27158.0
end_to_end_latency,1008,27108.0
end_to_end_latency,1009,27058.0
end_to_end_latency,1010,27008.0
end_to_end_latency,1011,26958.0
end_to_end_latency,1012,26908.0
end_to_end_latency,1013,26858.0
end_to_end_latency,1014,26808.0
end_to_end_latency,1015,26757.0
end_to_end_latency,1016,26708.0
end_to_end_latency,1017,26657.0
end_to_end_latency,1018,26608.0
end_to_end_latency,1019,26557.0
end_to_end_latency,1020,26508.0
end_to_end_latency,1021,26458.0
end_to_end_latency,1022,26408.0
end_to_end_latency,1023,26358.0
end_to_end_latency,1024,26308.0
end_to_end_latency,1025,26257.0
end_to_end_latency,1026,26208.0
end_to_end_latency,1027,26157.0
end_to_end_latency,1028,26108.0
end_to_end_latency,1029,26058.0
end_to_end_latency,1030,26007.0
end_to_end_latency,1031,25958.0
end_to_end_latency,1032,25907.0
end_to_end_latency,1033,25858.0
end_to_end_latency,1034,25807.0
end_to_end_latency,1035,25758.0
end_to_end_latency,1036,25707.0
end_to_end_latency,1037,25658.0
end_to_end_latency,1038,25608.0
end_to_end_latency,1039,25558.0
end_to_end_latency,1040,25508.0
end_to_end_latency,1041,25457.0
end_to_end_latency,1042,25408.0
end_to_end_latency,1043,25357.0
end_to_end_latency,1044,25308.0
end_to_end_latency,1045,25257.0
end_to_end_latency,1046,25208.0
end_to_end_latency,1047,25158.0
end_to_end_latency,1048,25108.0
end_to_end_latency,1049,25058.0
end_to_end_latency,1050,25007.0
end_to_end_latency,1051,24958.0
end_to_end_latency,1052,24907.0
end_to_end_latency,1053,24858.0
end_to_end_latency,1054,24807.0
end_to_end_latency,1055,24758.0
end_to_end_latency,1056,24707.0
end_to_end_latency,1057,24657.0
end_to_end_latency,1058,24608.0
end_to_end_latency,1059,24558.0
end_to_end_latency,1060,24508.0
end_to_end_latency,1061,24458.0
end_to_end_latency,1062,24408.0
end_to_end_latency,1063,24358.0
end_to_end_latency,1064,24308.0
end_to_end_latency,1065,24258.0
end_to_end_latency,1066,24207.0
end_to_end_latency,1067,24158.0
end_to_end_latency,1068,24107.0
end_to_end_latency,1069,24058.0
end_to_end_latency,1070,24007.0
end_to_end_latency,1171,19305.0
end_to_end_latency,1172,19256.0
end_to_end_latency,1173,19205.0
end_to_end_latency,1174,19155.0
end_to_end_latency,1175,19106.0
end_to_end_latency,1176,19056.0
end_to_end_latency,1177,19005.0
end_to_end_latency,1178,18956.0
end_to_end_latency,1179,18906.0
end_to_end_latency,1180,18855.0
end_to_end_latency,1181,18806.0
end_to_end_latency,1182,18755.0
end_to_end_latency,1183,18706.0
end_to_end_latency,1184,18655.0
end_to_end_latency,1,1856.0
end_to_end_latency,2,1807.0
end_to_end_latency,14,1446.0
end_to_end_latency,15,1398.0
end_to_end_latency,16,1347.0
end_to_end_latency,17,1297.0
end_to_end_latency,18,1246.0
end_to_end_latency,19,1197.0
end_to_end_latency,20,1147.0
end_to_end_latency,21,1098.0
end_to_end_latency,22,1047.0
end_to_end_latency,23,998.0
end_to_end_latency,24,948.0
end_to_end_latency,25,898.0
end_to_end_latency,26,848.0
end_to_end_latency,31,1302.0
end_to_end_latency,32,1253.0
end_to_end_latency,33,1202.0
end_to_end_latency,34,1153.0
end_to_end_latency,35,1103.0
end_to_end_latency,36,1053.0
end_to_end_latency,37,1517.0
end_to_end_latency,40,1368.0
end_to_end_latency,41,1319.0
end_to_end_latency,42,1268.0
end_to_end_latency,43,1218.0
end_to_end_latency,44,1168.0
end_to_end_latency,45,1119.0
end_to_end_latency,46,1069.0
end_to_end_latency,52,1291.0
end_to_end_latency,53,1242.0
end_to_end_latency,54,1191.0
end_to_end_latency,57,1610.0
end_to_end_latency,58,1559.0
end_to_end_latency,59,1510.0
end_to_end_latency,60,1459.0
end_to_end_latency,61,1410.0
end_to_end_latency,62,1359.0
end_to_end_latency,63,1310.0
end_to_end_latency,64,1259.0
end_to_end_latency,65,1209.0
end_to_end_latency,66,1159.0
end_to_end_latency,67,1111.0
end_to_end_latency,68,1060.0
end_to_end_latency,70,1338.0
end_to_end_latency,71,1288.0
end_to_end_latency,72,1238.0
end_to_end_latency,73,1187.0
end_to_end_latency,74,1137.0
end_to_end_latency,75,1087.0
end_to_end_latency,76,1038.0
end_to_end_latency,77,1510.0
end_to_end_latency,78,1461.0
end_to_end_latency,94,1683.0
end_to_end_latency,95,1633.0
end_to_end_latency,96,1583.0
end_to_end_latency,97,2202.0
end_to_end_latency,98,2152.0
end_to_end_latency,99,2101.0
end_to_end_latency,100,2052.0
end_to_end_latency,101,2001.0
end_to_end_latency,102,1952.0
end_to_end_latency,103,1901.0
end_to_end_latency,104,1852.0
end_to_end_latency,105,1802.0
end_to_end_latency,106,1751.0
end_to_end_latency,107,1702.0
end_to_end_latency,108,1651.0
end_to_end_latency,109,1601.0
end_to_end_latency,110,1551.0
end_to_end_latency,111,1501.0
end_to_end_latency,112,1452.0
end_to_end_latency,113,1402.0
end_to_end_latency,116,1596.0
end_to_end_latency,117,1547.0
end_to_end_latency,118,1496.0
end_to_end_latency,119,1447.0
end_to_end_latency,120,1396.0
end_to_end_latency,121,1347.0
end_to_end_latency,122,1296.0
end_to_end_latency,123,1247.0
end_to_end_latency,124,1196.0
end_to_end_latency,125,1146.0
end_to_end_latency,126,1096.0
end_to_end_latency,179,1198.0
end_to_end_latency,180,1148.0
end_to_end_latency,181,1098.0
end_to_end_latency,182,2104.0
end_to_end_latency,183,2054.0
end_to_end_latency,184,2004.0
end_to_end_latency,185,1954.0
end_to_end_latency,186,1905.0
end_to_end_latency,187,1854.0
end_to_end_latency,188,1804.0
end_to_end_latency,189,1754.0
end_to_end_latency,190,1704.0
end_to_end_latency,191,1654.0
end_to_end_latency,192,1604.0
end_to_end_latency,193,1554.0
end_to_end_latency,194,1504.0
end_to_end_latency,195,1441.0
end_to_end_latency,196,1404.0
end_to_end_latency,199,2446.0
end_to_end_latency,200,2396.0
end_to_end_latency,201,2347.0
end_to_end_latency,202,2296.0
end_to_end_latency,203,2246.0
end_to_end_latency,204,2196.0
end_to_end_latency,205,2147.0
end_to_end_latency,206,2096.0
end_to_end_latency,207,2045.0
end_to_end_latency,208,1996.0
end_to_end_latency,209,1946.0
end_to_end_latency,210,1897.0
end_to_end_latency,211,1847.0
end_to_end_latency,212,1798.0
end_to_end_latency,213,2126.0
end_to_end_latency,214,2077.0
end_to_end_latency,215,2026.0
end_to_end_latency,216,1976.0
end_to_end_latency,217,1926.0
end_to_end_latency,218,1876.0
end_to_end_latency,219,1826.0
end_to_end_latency,220,1776.0
end_to_end_latency,221,1726.0
end_to_end_latency,222,1677.0
end_to_end_latency,223,1626.0
end_to_end_latency,251,5320.0
end_to_end_latency,252,5270.0
end_to_end_latency,253,5221.0
end_to_end_latency,254,5170.0
end_to_end_latency,255,5120.0
end_to_end_latency,256,5070.0
end_to_end_latency,257,5019.0
end_to_end_latency,258,4970.0
end_to_end_latency,259,4919.0
end_to_end_latency,260,4870.0
end_to_end_latency,261,4820.0
end_to_end_latency,262,4771.0
end_to_end_latency,263,4719.0
end_to_end_latency,264,4669.0
end_to_end_latency,265,4621.0
end_to_end_latency,266,4570.0
end_to_end_latency,267,4521.0
end_to_end_latency,268,4471.0
end_to_end_latency,283,3721.0
end_to_end_latency,284,3671.0
end_to_end_latency,285,3621.0
end_to_end_latency,286,3572.0
end_to_end_latency,287,3521.0
end_to_end_latency,288,3471.0
end_to_end_latency,289,3421.0
end_to_end_latency,290,3371.0
end_to_end_latency,291,3321.0
end_to_end_latency,292,3271.0
end_to_end_latency,293,6041.0
end_to_end_latency,294,5990.0
end_to_end_latency,295,5940.0
end_to_end_latency,296,5889.0
end_to_end_latency,297,5840.0
end_to_end_latency,298,5791.0
end_to_end_latency,299,5741.0
end_to_end_latency,300,5691.0
end_to_end_latency,301,5641.0
end_to_end_latency,302,5591.0
end_to_end_latency,303,5541.0
end_to_end_latency,304,5492.0
end_to_end_latency,305,5441.0
end_to_end_latency,306,5392.0
end_to_end_latency,307,5341.0
end_to_end_latency,308,5292.0
end_to_end_latency,309,5241.0
end_to_end_latency,310,5191.0
end_to_end_latency,311,5141.0
end_to_end_latency,312,5091.0
end_to_end_latency,313,5041.0
end_to_end_latency,314,4992.0
end_to_end_latency,315,4941.0
end_to_end_latency,316,4891.0
end_to_end_latency,317,4841.0
end_to_end_latency,318,4791.0
end_to_end_latency,347,9743.0
end_to_end_latency,348,9693.0
end_to_end_latency,349,9643.0
end_to_end_latency,350,9594.0
end_to_end_latency,351,9544.0
end_to_end_latency,352,9494.0
end_to_end_latency,353,9444.0
end_to_end_latency,354,9394.0
end_to_end_latency,355,9344.0
end_to_end_latency,356,9294.0
end_to_end_latency,357,9244.0
end_to_end_latency,358,9194.0
end_to_end_latency,359,9144.0
end_to_end_latency,360,9094.0
end_to_end_latency,361,9044.0
end_to_end_latency,362,8994.0
end_to_end_latency,363,8944.0
end_to_end_latency,364,8894.0
end_to_end_latency,365,8843.0
end_to_end_latency,366,8794.0
end_to_end_latency,367,8743.0
end_to_end_latency,368,8694.0
end_to_end_latency,369,8644.0
end_to_end_latency,370,8595.0
end_to_end_latency,371,8544.0
end_to_end_latency,372,8495.0
end_to_end_latency,373,8444.0
end_to_end_latency,374,8394.0
end_to_end_latency,375,8344.0
end_to_end_latency,376,8294.0
end_to_end_latency,377,8244.0
end_to_end_latency,378,8194.0
end_to_end_latency,379,8144.0
end_to_end_latency,380,8094.0
end_to_end_latency,381,8044.0
end_to_end_latency,382,7995.0
end_to_end_latency,383,7944.0
end_to_end_latency,384,7894.0
end_to_end_latency,385,7844.0
end_to_end_latency,386,7794.0
end_to_end_latency,387,7744.0
end_to_end_latency,388,7694.0
end_to_end_latency,389,7644.0
end_to_end_latency,390,7594.0
end_to_end_latency,391,7543.0
end_to_end_latency,392,7494.0
end_to_end_latency,393,7444.0
end_to_end_latency,394,7394.0
end_to_end_latency,441,9185.0
end_to_end_latency,442,9133.0
end_to_end_latency,443,9083.0
end_to_end_latency,444,9033.0
end_to_end_latency,445,8984.0
end_to_end_latency,446,8933.0
end_to_end_latency,447,8883.0
end_to_end_latency,448,8833.0
end_to_end_latency,449,8783.0
end_to_end_latency,450,8734.0
end_to_end_latency,451,8684.0
end_to_end_latency,452,8633.0
end_to_end_latency,453,8583.0
end_to_end_latency,454,8533.0
end_to_end_latency,455,8483.0
end_to_end_latency,456,8433.0
end_to_end_latency,457,8383.0
end_to_end_latency,458,8333.0
end_to_end_latency,459,8283.0
end_to_end_latency,460,8233.0
end_to_end_latency,461,8182.0
end_to_end_latency,462,8132.0
end_to_end_latency,463,8083.0
end_to_end_latency,464,8032.0
end_to_end_latency,465,7983.0
end_to_end_latency,466,7934.0
end_to_end_latency,467,7883.0
end_to_end_latency,468,7833.0
end_to_end_latency,469,7785.0
end_to_end_latency,470,7734.0
end_to_end_latency,471,7685.0
end_to_end_latency,472,7635.0
end_to_end_latency,473,7585.0
end_to_end_latency,474,7535.0
end_to_end_latency,475,7484.0
end_to_end_latency,476,7434.0
end_to_end_latency,477,7384.0
end_to_end_latency,478,7335.0
end_to_end_latency,479,7285.0
end_to_end_latency,480,7235.0
end_to_end_latency,481,7185.0
end_to_end_latency,482,7135.0
end_to_end_latency,483,7085.0
end_to_end_latency,484,7035.0
end_to_end_latency,485,6985.0
end_to_end_latency,486,6935.0
end_to_end_latency,487,6885.0
end_to_end_latency,488,6835.0
end_to_end_latency,489,6786.0
end_to_end_latency,490,6735.0
end_to_end_latency,491,6685.0
end_to_end_latency,492,6635.0
end_to_end_latency,493,6585.0
end_to_end_latency,494,6535.0
end_to_end_latency,495,6485.0
end_to_end_latency,496,6435.0
end_to_end_latency,497,6385.0
end_to_end_latency,498,6335.0
end_to_end_latency,499,6285.0
end_to_end_latency,500,6235.0
end_to_end_latency,501,6185.0
end_to_end_latency,502,6135.0
end_to_end_latency,503,6085.0
end_to_end_latency,504,6035.0
end_to_end_latency,505,5985.0
end_to_end_latency,506,5934.0
end_to_end_latency,507,5885.0
end_to_end_latency,508,5835.0
end_to_end_latency,509,5785.0
end_to_end_latency,510,5735.0
end_to_end_latency,511,5685.0
end_to_end_latency,512,5635.0
end_to_end_latency,513,5585.0
end_to_end_latency,514,5535.0
end_to_end_latency,515,5485.0
end_to_end_latency,516,5435.0
end_to_end_latency,517,5384.0
end_to_end_latency,518,5335.0
end_to_end_latency,519,5285.0
end_to_end_latency,618,22025.0
end_to_end_latency,619,21973.0
end_to_end_latency,620,21925.0
end_to_end_latency,621,21875.0
end_to_end_latency,622,21826.0
end_to_end_latency,623,21775.0
end_to_end_latency,624,21725.0
end_to_end_latency,625,21676.0
end_to_end_latency,626,21626.0
end_to_end_latency,627,21575.0
end_to_end_latency,628,21525.0
end_to_end_latency,629,21475.0
end_to_end_latency,630,21423.0
end_to_end_latency,631,21375.0
end_to_end_latency,632,21326.0
end_to_end_latency,633,21276.0
end_to_end_latency,634,21223.0
end_to_end_latency,635,21174.0
end_to_end_latency,636,21124.0
end_to_end_latency,637,21073.0
end_to_end_latency,638,21025.0
end_to_end_latency,639,20976.0
end_to_end_latency,640,20926.0
end_to_end_latency,641,20876.0
end_to_end_latency,642,20825.0
end_to_end_latency,643,20776.0
end_to_end_latency,644,20726.0
end_to_end_latency,645,20676.0
end_to_end_latency,646,20626.0
end_to_end_latency,647,20576.0
end_to_end_latency,648,20526.0
end_to_end_latency,649,20476.0
end_to_end_latency,650,20426.0
end_to_end_latency,651,20376.0
end_to_end_latency,652,20326.0
end_to_end_latency,653,20276.0
end_to_end_latency,654,20226.0
end_to_end_latency,655,20176.0
end_to_end_latency,656,20126.0
end_to_end_latency,657,20076.0
end_to_end_latency,658,20025.0
end_to_end_latency,659,19976.0
end_to_end_latency,660,19925.0
end_to_end_latency,661,19876.0
end_to_end_latency,662,19825.0
end_to_end_latency,663,19775.0
end_to_end_latency,664,19726.0
end_to_end_latency,665,19676.0
end_to_end_latency,666,19624.0
end_to_end_latency,667,19576.0
end_to_end_latency,668,19526.0
end_to_end_latency,669,19475.0
end_to_end_latency,670,19424.0
end_to_end_latency,671,19374.0
end_to_end_latency,672,19325.0
end_to_end_latency,673,19276.0
end_to_end_latency,674,19225.0
end_to_end_latency,675,19176.0
end_to_end_latency,676,19125.0
end_to_end_latency,677,19076.0
end_to_end_latency,678,19025.0
end_to_end_latency,679,18976.0
end_to_end_latency,680,18925.0
end_to_end_latency,681,18876.0
end_to_end_latency,682,18825.0
end_to_end_latency,683,18776.0
end_to_end_latency,684,18725.0
end_to_end_latency,685,18676.0
end_to_end_latency,686,18625.0
end_to_end_latency,687,18576.0
end_to_end_latency,688,18525.0
end_to_end_latency,689,18476.0
end_to_end_latency,690,18425.0
end_to_end_latency,691,18376.0
end_to_end_latency,692,18325.0
end_to_end_latency,693,18274.0
end_to_end_latency,694,18225.0
end_to_end_latency,695,18176.0
end_to_end_latency,696,18125.0
end_to_end_latency,697,18075.0
end_to_end_latency,698,18026.0
end_to_end_latency,699,17975.0
end_to_end_latency,700,17926.0
end_to_end_latency,701,17874.0
end_to_end_latency,702,17825.0
end_to_end_latency,703,17775.0
end_to_end_latency,704,17726.0
end_to_end_latency,705,17676.0
end_to_end_latency,706,17625.0
end_to_end_latency,707,17576.0
end_to_end_latency,708,17526.0
end_to_end_latency,709,17475.0
end_to_end_latency,710,17426.0
end_to_end_latency,711,17375.0
end_to_end_latency,712,17326.0
end_to_end_latency,713,17276.0
end_to_end_latency,714,17226.0
end_to_end_latency,715,17175.0
end_to_end_latency,716,17126.0
end_to_end_latency,717,17075.0
end_to_end_latency,718,17026.0
end_to_end_latency,719,16975.0
end_to_end_latency,720,16926.0
end_to_end_latency,721,16876.0
end_to_end_latency,722,16826.0
end_to_end_latency,723,16776.0
end_to_end_latency,724,16724.0
end_to_end_latency,725,16676.0
end_to_end_latency,726,16625.0
end_to_end_latency,727,16576.0
end_to_end_latency,728,16525.0
end_to_end_latency,729,16476.0
end_to_end_latency,730,16425.0
end_to_end_latency,731,16374.0
end_to_end_latency,732,16325.0
end_to_end_latency,733,41005.0
end_to_end_latency,734,40955.0
end_to_end_latency,735,40904.0
end_to_end_latency,736,40853.0
end_to_end_latency,737,40805.0
end_to_end_latency,738,40755.0
end_to_end_latency,739,40705.0
end_to_end_latency,740,40655.0
end_to_end_latency,741,40606.0
end_to_end_latency,742,40557.0
end_to_end_latency,743,40507.0
end_to_end_latency,744,40456.0
end_to_end_latency,745,40406.0
end_to_end_latency,746,40356.0
end_to_end_latency,747,40307.0
end_to_end_latency,748,40256.0
end_to_end_latency,749,40207.0
end_to_end_latency,750,40157.0
end_to_end_latency,751,40105.0
end_to_end_latency,752,40055.0
end_to_end_latency,753,40005.0
end_to_end_latency,754,39956.0
end_to_end_latency,755,39907.0
end_to_end_latency,756,39857.0
end_to_end_latency,757,39807.0
end_to_end_latency,758,39756.0
end_to_end_latency,759,39706.0
end_to_end_latency,760,39656.0
end_to_end_latency,761,39607.0
end_to_end_latency,762,39556.0
end_to_end_latency,763,39505.0
end_to_end_latency,764,39455.0
end_to_end_latency,765,39405.0
end_to_end_latency,766,39356.0
end_to_end_latency,767,39305.0
end_to_end_latency,768,39255.0
end_to_end_latency,769,39205.0
end_to_end_latency,770,39155.0
end_to_end_latency,771,39105.0
end_to_end_latency,772,39055.0
end_to_end_latency,773,39005.0
end_to_end_latency,774,38955.0
end_to_end_latency,775,38905.0
end_to_end_latency,776,38855.0
end_to_end_latency,777,38807.0
end_to_end_latency,778,38757.0
end_to_end_latency,779,38706.0
end_to_end_latency,780,38654.0
end_to_end_latency,781,38605.0
end_to_end_latency,782,38556.0
end_to_end_latency,783,38506.0
end_to_end_latency,784,38457.0
end_to_end_latency,785,38406.0
end_to_end_latency,786,38357.0
end_to_end_latency,787,38306.0
end_to_end_latency,788,38256.0
end_to_end_latency,789,38206.0
end_to_end_latency,790,38157.0
end_to_end_latency,791,38106.0
end_to_end_latency,792,38056.0
end_to_end_latency,793,38006.0
end_to_end_latency,794,37956.0
end_to_end_latency,795,37907.0
end_to_end_latency,796,37856.0
end_to_end_latency,797,37806.0
end_to_end_latency,798,37756.0
end_to_end_latency,799,37706.0
end_to_end_latency,800,37658.0
end_to_end_latency,801,37606.0
end_to_end_latency,802,37557.0
end_to_end_latency,803,37506.0
end_to_end_latency,804,37454.0
end_to_end_latency,805,37403.0
end_to_end_latency,806,37355.0
end_to_end_latency,807,37305.0
end_to_end_latency,808,37255.0
end_to_end_latency,809,37205.0
end_to_end_latency,810,37155.0
end_to_end_latency,811,37105.0
end_to_end_latency,812,37055.0
end_to_end_latency,813,37005.0
end_to_end_latency,814,36955.0
end_to_end_latency,815,36905.0
end_to_end_latency,816,36855.0
end_to_end_latency,817,36805.0
end_to_end_latency,818,36755.0
end_to_end_latency,819,36706.0
end_to_end_latency,820,36657.0
end_to_end_latency,821,36608.0
end_to_end_latency,822,36556.0
end_to_end_latency,823,36507.0
end_to_end_latency,824,36456.0
end_to_end_latency,825,36406.0
end_to_end_latency,826,36356.0
end_to_end_latency,827,36307.0
end_to_end_latency,828,36256.0
end_to_end_latency,829,36207.0
end_to_end_latency,830,36156.0
end_to_end_latency,831,36107.0
end_to_end_latency,832,36056.0
end_to_end_latency,833,36007.0
end_to_end_latency,834,35956.0
end_to_end_latency,835,35907.0
end_to_end_latency,836,35856.0
end_to_end_latency,837,35806.0
end_to_end_latency,838,35756.0
end_to_end_latency,839,35707.0
end_to_end_latency,840,35656.0
end_to_end_latency,841,35606.0
end_to_end_latency,842,35557.0
end_to_end_latency,843,35508.0
end_to_end_latency,844,35458.0
end_to_end_latency,845,35407.0
end_to_end_latency,846,35359.0
end_to_end_latency,847,35308.0
end_to_end_latency,848,35258.0
end_to_end_latency,849,35209.0
end_to_end_latency,850,35158.0
end_to_end_latency,851,35107.0
end_to_end_latency,852,35058.0
end_to_end_latency,853,35008.0
end_to_end_latency,854,34959.0
end_to_end_latency,855,34907.0
end_to_end_latency,856,34858.0
end_to_end_latency,857,34805.0
end_to_end_latency,858,34755.0
end_to_end_latency,945,30410.0
end_to_end_latency,946,30360.0
end_to_end_latency,947,30309.0
end_to_end_latency,948,30260.0
end_to_end_latency,949,30209.0
end_to_end_latency,950,30160.0
end_to_end_latency,951,30110.0
end_to_end_latency,952,30060.0
end_to_end_latency,953,30010.0
end_to_end_latency,954,29960.0
end_to_end_latency,955,29910.0
end_to_end_latency,956,29859.0
end_to_end_latency,957,29811.0
end_to_end_latency,958,29760.0
end_to_end_latency,959,29711.0
end_to_end_latency,960,29660.0
end_to_end_latency,961,29611.0
end_to_end_latency,962,29560.0
end_to_end_latency,963,29511.0
end_to_end_latency,964,29461.0
end_to_end_latency,965,29410.0
end_to_end_latency,966,29361.0
end_to_end_latency,967,29311.0
end_to_end_latency,968,29261.0
end_to_end_latency,969,29211.0
end_to_end_latency,970,29161.0
end_to_end_latency,971,29111.0
end_to_end_latency,972,29060.0
end_to_end_latency,973,29011.0
end_to_end_latency,974,28961.0
end_to_end_latency,975,28911.0
end_to_end_latency,976,28860.0
end_to_end_latency,977,28810.0
end_to_end_latency,978,28761.0
end_to_end_latency,979,28710.0
end_to_end_latency,980,28660.0
end_to_end_latency,981,28610.0
end_to_end_latency,982,28561.0
end_to_end_latency,983,28510.0
end_to_end_latency,984,28461.0
end_to_end_latency,985,28410.0
end_to_end_latency,986,28361.0
end_to_end_latency,987,28310.0
end_to_end_latency,988,28261.0
end_to_end_latency,989,28210.0
end_to_end_latency,990,28161.0
end_to_end_latency,991,28109.0
end_to_end_latency,992,28061.0
end_to_end_latency,993,28010.0
end_to_end_latency,994,27961.0
end_to_end_latency,995,27909.0
end_to_end_latency,996,27861.0
end_to_end_latency,997,27811.0
end_to_end_latency,998,27761.0
end_to_end_latency,999,27710.0
end_to_end_latency,1000,27661.0
end_to_end_latency,1001,27610.0
end_to_end_latency,1002,27561.0
end_to_end_latency,1003,27510.0
end_to_end_latency,1004,27461.0
end_to_end_latency,1005,27410.0
end_to_end_latency,1006,27361.0
end_to_end_latency,1007,27311.0
end_to_end_latency,1008,27261.0
end_to_end_latency,1009,27210.0
end_to_end_latency,1010,27161.0
end_to_end_latency,1011,27110.0
end_to_end_latency,1012,27061.0
end_to_end_latency,1013,27010.0
end_to_end_latency,1014,26960.0
end_to_end_latency,1015,26909.0
end_to_end_latency,1016,26861.0
end_to_end_latency,1017,26810.0
end_to_end_latency,1018,26761.0
end_to_end_latency,1019,26710.0
end_to_end_latency,1020,26661.0
end_to_end_latency,1021,26610.0
end_to_end_latency,1022,26561.0
end_to_end_latency,1023,26510.0
end_to_end_latency,1024,26460.0
end_to_end_latency,1025,26410.0
end_to_end_latency,1026,26361.0
end_to_end_latency,1027,26310.0
end_to_end_latency,1028,26261.0
end_to_end_latency,1029,26210.0
end_to_end_latency,1030,26160.0
end_to_end_latency,1031,26110.0
end_to_end_latency,1032,26060.0
end_to_end_latency,1033,26010.0
end_to_end_latency,1034,25962.0
end_to_end_latency,1035,25913.0
end_to_end_latency,1036,25862.0
end_to_end_latency,1037,25813.0
end_to_end_latency,1038,25762.0
end_to_end_latency,1039,25712.0
end_to_end_latency,1040,25662.0
end_to_end_latency,1041,25612.0
end_to_end_latency,1042,25562.0
end_to_end_latency,1043,25512.0
end_to_end_latency,1044,25462.0
end_to_end_latency,1045,25413.0
end_to_end_latency,1046,25362.0
end_to_end_latency,1047,25313.0
end_to_end_latency,1048,25262.0
end_to_end_latency,1049,25213.0
end_to_end_latency,1050,25162.0
end_to_end_latency,1051,25113.0
end_to_end_latency,1052,25062.0
end_to_end_latency,1053,25013.0
end_to_end_latency,1054,24962.0
end_to_end_latency,1055,24913.0
end_to_end_latency,1056,24862.0
end_to_end_latency,1057,24813.0
end_to_end_latency,1058,24762.0
end_to_end_latency,1059,24713.0
end_to_end_latency,1060,24662.0
end_to_end_latency,1061,24613.0
end_to_end_latency,1062,24562.0
end_to_end_latency,1063,24513.0
end_to_end_latency,1064,24462.0
end_to_end_latency,1065,24412.0
end_to_end_latency,1066,24362.0
end_to_end_latency,1067,24313.0
end_to_end_latency,1068,24262.0
end_to_end_latency,1069,24213.0
end_to_end_latency,1070,24162.0
end_to_end_latency,1071,24113.0
end_to_end_latency,1072,24062.0
end_to_end_latency,1073,24012.0
end_to_end_latency,1074,23962.0
end_to_end_latency,1075,23913.0
end_to_end_latency,0,3446.0
end_to_end_latency,3,6311.0
end_to_end_latency,4,6261.0
end_to_end_latency,9,8997.0
end_to_end_latency,10,10782.0
end_to_end_latency,11,10732.0
end_to_end_latency,12,10681.0
end_to_end_latency,14,12155.0
end_to_end_latency,19,16998.0
end_to_end_latency,22,19669.0
end_to_end_latency,23,19619.0
end_to_end_latency,24,19570.0
end_to_end_latency,25,19519.0
end_to_end_latency,26,19470.0
end_to_end_latency,27,19419.0
end_to_end_latency,32,25573.0
end_to_end_latency,33,25523.0
end_to_end_latency,34,25473.0
end_to_end_latency,35,25422.0
end_to_end_latency,36,25372.0
end_to_end_latency,37,25322.0
end_to_end_latency,38,25272.0
end_to_end_latency,39,29361.0
end_to_end_latency,40,29312.0
end_to_end_latency,41,29261.0
end_to_end_latency,42,29212.0
end_to_end_latency,43,29162.0
end_to_end_latency,44,29112.0
end_to_end_latency,45,29062.0
end_to_end_latency,46,29012.0
end_to_end_latency,47,28963.0
end_to_end_latency,48,28912.0
end_to_end_latency,49,28863.0
end_to_end_latency,50,28812.0
end_to_end_latency,51,28762.0
end_to_end_latency,52,28712.0
end_to_end_latency,53,28662.0
end_to_end_latency,54,28612.0
end_to_end_latency,68,49604.0
end_to_end_latency,69,49554.0
end_to_end_latency,70,49504.0
end_to_end_latency,71,49454.0
end_to_end_latency,72,49404.0
end_to_end_latency,73,49354.0
end_to_end_latency,74,74029.0
end_to_end_latency,75,73979.0
end_to_end_latency,76,73929.0
end_to_end_latency,77,73879.0
end_to_end_latency,78,73829.0
end_to_end_latency,79,73779.0
end_to_end_latency,80,73730.0
end_to_end_latency,81,73679.0
end_to_end_latency,82,73629.0
end_to_end_latency,83,73579.0
end_to_end_latency,84,73530.0
end_to_end_latency,85,73479.0
end_to_end_latency,86,73429.0
end_to_end_latency,87,73379.0
end_to_end_latency,88,73329.0
end_to_end_latency,89,73282.0
end_to_end_latency,90,73232.0
end_to_end_latency,91,73182.0
end_to_end_latency,92,73132.0
end_to_end_latency,93,73082.0
end_to_end_latency,94,73032.0
end_to_end_latency,95,72982.0
end_to_end_latency,96,72932.0
end_to_end_latency,97,72882.0
end_to_end_latency,98,72832.0
end_to_end_latency,99,72782.0
end_to_end_latency,100,72733.0
end_to_end_latency,101,72682.0
end_to_end_latency,102,72632.0
end_to_end_latency,103,72582.0
end_to_end_latency,104,72532.0
end_to_end_latency,105,72482.0
end_to_end_latency,106,72432.0
end_to_end_latency,107,72382.0
end_to_end_latency,108,72331.0
end_to_end_latency,109,72282.0
end_to_end_latency,110,72232.0
end_to_end_latency,111,72183.0
end_to_end_latency,112,72132.0
end_to_end_latency,113,72083.0
end_to_end_latency,114,72032.0
end_to_end_latency,115,71982.0
end_to_end_latency,116,71932.0
end_to_end_latency,117,71882.0
end_to_end_latency,118,71832.0
end_to_end_latency,119,71782.0
end_to_end_latency,120,71732.0
end_to_end_latency,121,71682.0
end_to_end_latency,122,71632.0
end_to_end_latency,123,71582.0
end_to_end_latency,124,71532.0
end_to_end_latency,125,71487.0
end_to_end_latency,158,69837.0
end_to_end_latency,159,69787.0
end_to_end_latency,160,69737.0
end_to_end_latency,161,69688.0
end_to_end_latency,162,69638.0
end_to_end_latency,163,69588.0
end_to_end_latency,164,69538.0
end_to_end_latency,165,69487.0
end_to_end_latency,166,69438.0
end_to_end_latency,167,69387.0
end_to_end_latency,168,69338.0
end_to_end_latency,169,69288.0
end_to_end_latency,170,69239.0
end_to_end_latency,171,69190.0
